priceid,tarikh_harga,systemdate,negeri,daerah,lokasi,peringkat,sublevel,kategori,kumpulan,jenis,varieti,gred,unit,harga,average14,supply
30854150,2026-08-17,2026-08-17 05:54:09.869615,PULAU PINANG,SEBERANG PERAI TENGAH,PASAR BORONG BUKIT MERTAJAM,Borong,20,Ternakan,02,003,DAGING LEMBU PEJAL,F.A.Q,Kilogram,30,30.46,
30854151,2026-08-17,2026-08-17 05:54:09.869615,PULAU PINANG,SEBERANG PERAI TENGAH,PASAR BORONG BUKIT MERTAJAM,Borong,20,Ternakan,02,003,DAGING LEMBU PEJAL,F.A.Q,Kilogram,27,30.46,
30854152,2026-08-17,2026-08-17 05:54:33.897652,PULAU PINANG,SEBERANG PERAI TENGAH,PASAR BORONG BUKIT MERTAJAM,Borong,20,Ternakan,03,002,AYAM PROSES STANDARD,F.A.Q,Kilogram,9.6,9.55,
30854153,2026-08-17,2026-08-17 05:54:33.897652,PULAU PINANG,SEBERANG PERAI TENGAH,PASAR BORONG BUKIT MERTAJAM,Borong,20,Ternakan,11,001,TELUR AYAM,B,Biji,0.45,0.444,
30854154,2026-08-17,2026-08-17 05:55:09.824375,PULAU PINANG,SEBERANG PERAI TENGAH,PASAR BORONG BUKIT MERTAJAM,Borong,20,Buah-Buahan,02,023,NANAS JOSAPINE (AC5),F.A.Q,Kilogram,3,2.5,
30854155,2026-08-17,2026-08-17 05:55:09.824375,PULAU PINANG,SEBERANG PERAI TENGAH,PASAR BORONG BUKIT MERTAJAM,Borong,20,Buah-Buahan,02,023,NANAS JOSAPINE (AC5),F.A.Q,Kilogram,2,2.5,
30854156,2026-08-17,2026-08-17 05:55:09.824375,PULAU PINANG,SEBERANG PERAI TENGAH,PASAR BORONG BUKIT MERTAJAM,Borong,20,Buah-Buahan,02,028,PISANG BERANGAN,F.A.Q,Kilogram,5.5,5,
30854157,2026-08-17,2026-08-17 05:55:09.824375,PULAU PINANG,SEBERANG PERAI TENGAH,PASAR BORONG BUKIT MERTAJAM,Borong,20,Buah-Buahan,02,028,PISANG BERANGAN,F.A.Q,Kilogram,4.5,5,
30854158,2026-08-17,2026-08-17 05:55:09.824375,PULAU PINANG,SEBERANG PERAI TENGAH,PASAR BORONG BUKIT MERTAJAM,Borong,20,Buah-Buahan,02,034,TEMBIKAI MERAH TANPA BIJI,F.A.Q,Kilogram,2.2,2.23,
30854159,2026-08-17,2026-08-17 05:55:09.824375,PULAU PINANG,SEBERANG PERAI TENGAH,PASAR BORONG BUKIT MERTAJAM,Borong,20,Buah-Buahan,02,034,TEMBIKAI MERAH TANPA BIJI,F.A.Q,Kilogram,1.2,2.23,
30854160,2026-08-17,2026-08-17 05:55:26.040895,PULAU PINANG,SEBERANG PERAI TENGAH,PASAR BORONG BUKIT MERTAJAM,Borong,20,Ternakan,03,002,AYAM PROSES STANDARD,F.A.Q,Kilogram,9.5,9.55,
30854161,2026-08-17,2026-08-17 05:55:50.909233,PULAU PINANG,SEBERANG PERAI TENGAH,PASAR BORONG BUKIT MERTAJAM,Borong,20,Sayur-Sayuran,05,001,BAWANG BESAR MERAH (INDIA),F.A.Q,Kilogram,1.89,1.8744445,
30854162,2026-08-17,2026-08-17 05:55:50.909233,PULAU PINANG,SEBERANG PERAI TENGAH,PASAR BORONG BUKIT MERTAJAM,Borong,20,Sayur-Sayuran,05,001,BAWANG PUTIH (CHINA),F.A.Q,Kilogram,6.5,5.75,
30854163,2026-08-17,2026-08-17 05:55:50.909233,PULAU PINANG,SEBERANG PERAI TENGAH,PASAR BORONG BUKIT MERTAJAM,Borong,20,Sayur-Sayuran,05,001,BAWANG PUTIH (CHINA),F.A.Q,Kilogram,5,5.75,
30854164,2026-08-17,2026-08-17 05:56:05.977091,PULAU PINANG,SEBERANG PERAI TENGAH,PASAR AWAM SEBERANG JAYA,Runcit,26,Lain-Lain Makanan Proses,15,001,SANTAN PEKAT,F.A.Q,Kilogram,15,11.7,
30854165,2026-08-17,2026-08-17 05:56:16.854995,PULAU PINANG,SEBERANG PERAI TENGAH,PASAR AWAM SEBERANG JAYA,Runcit,26,Tanaman Kontan,05,001,KELAPA DIKUPAS,SEDANG,Biji,2.2,3.43,
30854166,2026-08-17,2026-08-17 05:59:26.615705,PULAU PINANG,SEBERANG PERAI TENGAH,PASAR BORONG BUKIT MERTAJAM,Borong,20,Buah-Buahan,02,036,ANGGUR HIJAU TANPA BIJI,F.A.Q,Kilogram,24,24,
30854167,2026-08-17,2026-08-17 05:59:26.615705,PULAU PINANG,SEBERANG PERAI TENGAH,PASAR BORONG BUKIT MERTAJAM,Borong,20,Buah-Buahan,02,036,ANGGUR HITAM TANPA BIJI,F.A.Q,Kilogram,26,19.09,
30854168,2026-08-17,2026-08-17 05:59:26.615705,PULAU PINANG,SEBERANG PERAI TENGAH,PASAR BORONG BUKIT MERTAJAM,Borong,20,Buah-Buahan,02,036,ANGGUR MERAH TANPA BIJI,F.A.Q,Kilogram,15,19.41,
30854169,2026-08-17,2026-08-17 05:59:26.615705,PULAU PINANG,SEBERANG PERAI TENGAH,PASAR BORONG BUKIT MERTAJAM,Borong,20,Buah-Buahan,02,036,ANGGUR MERAH TANPA BIJI,F.A.Q,Kilogram,13,19.41,
30854170,2026-08-17,2026-08-17 05:59:26.615705,PULAU PINANG,SEBERANG PERAI TENGAH,PASAR BORONG BUKIT MERTAJAM,Borong,20,Buah-Buahan,02,044,BUAH NAGA/PITAYA ISI MERAH,F.A.Q,Kilogram,6.5,8.69,
30854171,2026-08-17,2026-08-17 05:59:26.615705,PULAU PINANG,SEBERANG PERAI TENGAH,PASAR BORONG BUKIT MERTAJAM,Borong,20,Buah-Buahan,02,044,BUAH NAGA/PITAYA ISI MERAH,F.A.Q,Kilogram,5.6,8.69,
30854172,2026-08-17,2026-08-17 05:59:26.615705,PULAU PINANG,SEBERANG PERAI TENGAH,PASAR BORONG BUKIT MERTAJAM,Borong,20,Buah-Buahan,02,037,EPAL HIJAU,SEDANG,Biji,0.8,0.87,
30854173,2026-08-17,2026-08-17 05:59:26.615705,PULAU PINANG,SEBERANG PERAI TENGAH,PASAR BORONG BUKIT MERTAJAM,Borong,20,Buah-Buahan,02,037,EPAL MERAH (FUJI),SEDANG,Biji,0.8,1.01,
30854174,2026-08-17,2026-08-17 05:59:26.615705,PULAU PINANG,SEBERANG PERAI TENGAH,PASAR BORONG BUKIT MERTAJAM,Borong,20,Buah-Buahan,02,012,JAMBU AIR  MADU / LOCENG,F.A.Q,Kilogram,10,8,
30854175,2026-08-17,2026-08-17 05:59:26.615705,PULAU PINANG,SEBERANG PERAI TENGAH,PASAR BORONG BUKIT MERTAJAM,Borong,20,Buah-Buahan,02,012,JAMBU AIR  MADU / LOCENG,F.A.Q,Kilogram,6,8,
30854176,2026-08-17,2026-08-17 05:59:26.615705,PULAU PINANG,SEBERANG PERAI TENGAH,PASAR BORONG BUKIT MERTAJAM,Borong,20,Buah-Buahan,02,012,JAMBU BATU,F.A.Q,Kilogram,6,3.92,
30854177,2026-08-17,2026-08-17 05:59:26.615705,PULAU PINANG,SEBERANG PERAI TENGAH,PASAR BORONG BUKIT MERTAJAM,Borong,20,Buah-Buahan,02,012,JAMBU BATU,F.A.Q,Kilogram,4.5,3.92,
30854178,2026-08-17,2026-08-17 05:59:26.615705,PULAU PINANG,SEBERANG PERAI TENGAH,PASAR BORONG BUKIT MERTAJAM,Borong,20,Buah-Buahan,02,012,JAMBU BATU TANPA BIJI,F.A.Q,Kilogram,7,6,
30854179,2026-08-17,2026-08-17 05:59:26.615705,PULAU PINANG,SEBERANG PERAI TENGAH,PASAR BORONG BUKIT MERTAJAM,Borong,20,Buah-Buahan,02,012,JAMBU BATU TANPA BIJI,F.A.Q,Kilogram,5,6,
30854180,2026-08-17,2026-08-17 05:59:26.615705,PULAU PINANG,SEBERANG PERAI TENGAH,PASAR BORONG BUKIT MERTAJAM,Borong,20,Buah-Buahan,02,041,LAI KUNING,F.A.Q,Biji,2,1.5,
30854181,2026-08-17,2026-08-17 05:59:26.615705,PULAU PINANG,SEBERANG PERAI TENGAH,PASAR BORONG BUKIT MERTAJAM,Borong,20,Buah-Buahan,02,041,LAI KUNING,F.A.Q,Biji,1,1.5,
30854182,2026-08-17,2026-08-17 05:59:26.615705,PULAU PINANG,SEBERANG PERAI TENGAH,PASAR BORONG BUKIT MERTAJAM,Borong,20,Buah-Buahan,02,015,LIMAU BALI / PAMELO,F.A.Q,Kilogram,7,8,
30854183,2026-08-17,2026-08-17 05:59:26.615705,PULAU PINANG,SEBERANG PERAI TENGAH,PASAR BORONG BUKIT MERTAJAM,Borong,20,Buah-Buahan,02,015,LIMAU BALI / PAMELO,F.A.Q,Kilogram,4,8,
30854184,2026-08-17,2026-08-17 05:59:26.615705,PULAU PINANG,SEBERANG PERAI TENGAH,PASAR BORONG BUKIT MERTAJAM,Borong,20,Buah-Buahan,02,016,LIMAU MANIS,F.A.Q,Kilogram,5,5,
30854185,2026-08-17,2026-08-17 05:59:26.615705,PULAU PINANG,SEBERANG PERAI TENGAH,PASAR BORONG BUKIT MERTAJAM,Borong,20,Buah-Buahan,02,016,LIMAU MANIS (THAILAND),F.A.Q,Kilogram,4,4,
30854186,2026-08-17,2026-08-17 05:59:26.615705,PULAU PINANG,SEBERANG PERAI TENGAH,PASAR BORONG BUKIT MERTAJAM,Borong,20,Buah-Buahan,02,045,LIMAU OREN VALENCIA,SEDANG,Biji,0.8,0.95,
30854187,2026-08-17,2026-08-17 05:59:26.615705,PULAU PINANG,SEBERANG PERAI TENGAH,PASAR BORONG BUKIT MERTAJAM,Borong,20,Buah-Buahan,01,020,MATA KUCING / LONGAN,F.A.Q,Kilogram,10,10,
30854188,2026-08-17,2026-08-17 05:59:26.615705,PULAU PINANG,SEBERANG PERAI TENGAH,PASAR BORONG BUKIT MERTAJAM,Borong,20,Buah-Buahan,01,020,MATA KUCING / LONGAN,F.A.Q,Kilogram,7,10,
30854189,2026-08-17,2026-08-17 05:59:26.615705,PULAU PINANG,SEBERANG PERAI TENGAH,PASAR BORONG BUKIT MERTAJAM,Borong,20,Buah-Buahan,02,023,NANAS MD2 (AC9),F.A.Q,Kilogram,5,4,
30854190,2026-08-17,2026-08-17 05:59:26.615705,PULAU PINANG,SEBERANG PERAI TENGAH,PASAR BORONG BUKIT MERTAJAM,Borong,20,Buah-Buahan,02,023,NANAS MD2 (AC9),F.A.Q,Kilogram,3,4,
30854191,2026-08-17,2026-08-17 05:59:26.615705,PULAU PINANG,SEBERANG PERAI TENGAH,PASAR BORONG BUKIT MERTAJAM,Borong,20,Buah-Buahan,02,023,NANAS MORIS (AC1),SEDANG,Kilogram,3.5,3.5,
30854192,2026-08-17,2026-08-17 05:59:26.615705,PULAU PINANG,SEBERANG PERAI TENGAH,PASAR BORONG BUKIT MERTAJAM,Borong,20,Buah-Buahan,02,024,NANGKA KLON / KAHWIN,F.A.Q,Kilogram,4,4,
30854193,2026-08-17,2026-08-17 05:59:26.615705,PULAU PINANG,SEBERANG PERAI TENGAH,PASAR BORONG BUKIT MERTAJAM,Borong,20,Buah-Buahan,02,028,PISANG AWAK (MP1),F.A.Q,Kilogram,4,4,
30854194,2026-08-17,2026-08-17 05:59:26.615705,PULAU PINANG,SEBERANG PERAI TENGAH,PASAR BORONG BUKIT MERTAJAM,Borong,20,Buah-Buahan,02,028,PISANG CAVENDISH (MP14),F.A.Q,Kilogram,4.5,4.5,
30854195,2026-08-17,2026-08-17 05:59:26.615705,PULAU PINANG,SEBERANG PERAI TENGAH,PASAR BORONG BUKIT MERTAJAM,Borong,20,Buah-Buahan,02,034,ROCK MELON,F.A.Q,Kilogram,7,6,
30854196,2026-08-17,2026-08-17 05:59:26.615705,PULAU PINANG,SEBERANG PERAI TENGAH,PASAR BORONG BUKIT MERTAJAM,Borong,20,Buah-Buahan,02,034,ROCK MELON,F.A.Q,Kilogram,5,6,
30854197,2026-08-17,2026-08-17 05:59:26.615705,PULAU PINANG,SEBERANG PERAI TENGAH,PASAR BORONG BUKIT MERTAJAM,Borong,20,Buah-Buahan,02,034,TEMBIKAI KUNING,F.A.Q,Kilogram,2.5,2,
30854198,2026-08-17,2026-08-17 05:59:26.615705,PULAU PINANG,SEBERANG PERAI TENGAH,PASAR BORONG BUKIT MERTAJAM,Borong,20,Buah-Buahan,02,034,TEMBIKAI KUNING,F.A.Q,Kilogram,1.5,2,
30854199,2026-08-17,2026-08-17 05:59:26.615705,PULAU PINANG,SEBERANG PERAI TENGAH,PASAR BORONG BUKIT MERTAJAM,Borong,20,Buah-Buahan,02,034,TEMBIKAI WANGI / HONEY DEW,F.A.Q,Kilogram,6,4.5,
30854200,2026-08-17,2026-08-17 05:59:26.615705,PULAU PINANG,SEBERANG PERAI TENGAH,PASAR BORONG BUKIT MERTAJAM,Borong,20,Buah-Buahan,02,034,TEMBIKAI WANGI / HONEY DEW,F.A.Q,Kilogram,3,4.5,
30854201,2026-08-17,2026-08-17 06:03:59.087561,PULAU PINANG,SEBERANG PERAI TENGAH,PASAR BORONG BUKIT MERTAJAM,Borong,20,Sayur-Sayuran,03,001,BAYAM,F.A.Q,Kilogram,1.6,3.0631578,
30854202,2026-08-17,2026-08-17 06:03:59.087561,PULAU PINANG,SEBERANG PERAI TENGAH,PASAR BORONG BUKIT MERTAJAM,Borong,20,Sayur-Sayuran,02,002,CILI MERAH KULAI / KULAI HIBRID,F.A.Q,Kilogram,11.5,12.6470585,
30854203,2026-08-17,2026-08-17 06:03:59.087561,PULAU PINANG,SEBERANG PERAI TENGAH,PASAR BORONG BUKIT MERTAJAM,Borong,20,Sayur-Sayuran,02,002,CILI MERAH KULAI / KULAI HIBRID,F.A.Q,Kilogram,6,12.6470585,
30854204,2026-08-17,2026-08-17 06:03:59.087561,PULAU PINANG,SEBERANG PERAI TENGAH,PASAR BORONG BUKIT MERTAJAM,Borong,20,Sayur-Sayuran,02,002,CILI MERAH MINYAK,F.A.Q,Kilogram,9,10.47,
30854205,2026-08-17,2026-08-17 06:03:59.087561,PULAU PINANG,SEBERANG PERAI TENGAH,PASAR BORONG BUKIT MERTAJAM,Borong,20,Sayur-Sayuran,02,002,CILI MERAH MINYAK,F.A.Q,Kilogram,6,10.47,
30854206,2026-08-17,2026-08-17 06:03:59.087561,PULAU PINANG,SEBERANG PERAI TENGAH,PASAR BORONG BUKIT MERTAJAM,Borong,20,Sayur-Sayuran,04,002,KACANG BENDI,F.A.Q,Kilogram,6.3,6.95,
30854207,2026-08-17,2026-08-17 06:03:59.087561,PULAU PINANG,SEBERANG PERAI TENGAH,PASAR BORONG BUKIT MERTAJAM,Borong,20,Sayur-Sayuran,04,007,KACANG PANJANG HIJAU,F.A.Q,Kilogram,4.3,6.13,
30854208,2026-08-17,2026-08-17 06:03:59.087561,PULAU PINANG,SEBERANG PERAI TENGAH,PASAR BORONG BUKIT MERTAJAM,Borong,20,Sayur-Sayuran,03,006,KUBIS BULAT (TANAH TINGGI),F.A.Q,Kilogram,2.6,2.7894738,
30854209,2026-08-17,2026-08-17 06:03:59.087561,PULAU PINANG,SEBERANG PERAI TENGAH,PASAR BORONG BUKIT MERTAJAM,Borong,20,Sayur-Sayuran,03,007,SAWI HIJAU,F.A.Q,Kilogram,1.8,2.865,
30854210,2026-08-17,2026-08-17 06:03:59.087561,PULAU PINANG,SEBERANG PERAI TENGAH,PASAR BORONG BUKIT MERTAJAM,Borong,20,Sayur-Sayuran,03,007,SAWI HIJAU TANAH TINGGI,F.A.Q,Kilogram,3,3.8705883,
30854211,2026-08-17,2026-08-17 06:03:59.087561,PULAU PINANG,SEBERANG PERAI TENGAH,PASAR BORONG BUKIT MERTAJAM,Borong,20,Sayur-Sayuran,02,010,TERUNG PANJANG / PEPARU (TANAH RENDAH),F.A.Q,Kilogram,6.7,6.743243,
30854212,2026-08-17,2026-08-17 06:03:59.087561,PULAU PINANG,SEBERANG PERAI TENGAH,PASAR BORONG BUKIT MERTAJAM,Borong,20,Sayur-Sayuran,02,010,TERUNG PANJANG / PEPARU (TANAH RENDAH),F.A.Q,Kilogram,4.7,6.743243,
30854213,2026-08-17,2026-08-17 06:03:59.087561,PULAU PINANG,SEBERANG PERAI TENGAH,PASAR BORONG BUKIT MERTAJAM,Borong,20,Sayur-Sayuran,02,011,TIMUN HIJAU,F.A.Q,Kilogram,1.2,2.011111,
30854214,2026-08-17,2026-08-17 06:03:59.087561,PULAU PINANG,SEBERANG PERAI TENGAH,PASAR BORONG BUKIT MERTAJAM,Borong,20,Sayur-Sayuran,02,011,TIMUN HIJAU,F.A.Q,Kilogram,0.5,2.011111,
30854215,2026-08-17,2026-08-17 06:03:59.087561,PULAU PINANG,SEBERANG PERAI TENGAH,PASAR BORONG BUKIT MERTAJAM,Borong,20,Sayur-Sayuran,02,012,TOMATO (TANAH TINGGI),F.A.Q,Kilogram,7.5,7.4925,
30854216,2026-08-17,2026-08-17 06:03:59.087561,PULAU PINANG,SEBERANG PERAI TENGAH,PASAR BORONG BUKIT MERTAJAM,Borong,20,Sayur-Sayuran,02,012,TOMATO (TANAH TINGGI),F.A.Q,Kilogram,5.5,7.4925,
30854217,2026-08-17,2026-08-17 07:18:07.778763,SARAWAK,SIBU,LADANG/KEBUN SUNGAI BIDUT,Ladang,,Buah-Buahan,02,028,PISANG BERANGAN,F.A.Q,Kilogram,3,3,
30854218,2026-08-17,2026-08-17 07:18:07.778763,SARAWAK,SIBU,LADANG/KEBUN SUNGAI BIDUT,Ladang,,Buah-Buahan,02,034,TEMBIKAI MERAH TANPA BIJI,F.A.Q,Kilogram,2.9,2.9,
30854219,2026-08-17,2026-08-17 07:20:47.578182,SARAWAK,SIBU,LADANG/KEBUN EMPAWAH,Ladang,,Sayur-Sayuran,03,001,BAYAM,F.A.Q,Kilogram,2.1,2.1,
30854220,2026-08-17,2026-08-17 07:20:47.578182,SARAWAK,SIBU,LADANG/KEBUN EMPAWAH,Ladang,,Sayur-Sayuran,02,002,CILI MERAH MINYAK,F.A.Q,Kilogram,4.5,4.5,
30854221,2026-08-17,2026-08-17 07:20:47.578182,SARAWAK,SIBU,LADANG/KEBUN EMPAWAH,Ladang,,Sayur-Sayuran,04,002,KACANG BENDI,F.A.Q,Kilogram,3.9,3.9,
30854222,2026-08-17,2026-08-17 07:20:47.578182,SARAWAK,SIBU,LADANG/KEBUN EMPAWAH,Ladang,,Sayur-Sayuran,04,007,KACANG PANJANG HIJAU,F.A.Q,Kilogram,3,3,
30854223,2026-08-17,2026-08-17 07:20:47.578182,SARAWAK,SIBU,LADANG/KEBUN EMPAWAH,Ladang,,Sayur-Sayuran,03,007,SAWI HIJAU,F.A.Q,Kilogram,4.9,4.9,
30854224,2026-08-17,2026-08-17 07:20:47.578182,SARAWAK,SIBU,LADANG/KEBUN EMPAWAH,Ladang,,Sayur-Sayuran,02,010,TERUNG PANJANG / PEPARU (TANAH RENDAH),F.A.Q,Kilogram,4.5,4.5,
30854225,2026-08-17,2026-08-17 07:20:47.578182,SARAWAK,SIBU,LADANG/KEBUN EMPAWAH,Ladang,,Sayur-Sayuran,02,011,TIMUN HIJAU,F.A.Q,Kilogram,2.1,2.1,
30854226,2026-08-17,2026-08-17 07:21:22.599674,SARAWAK,SIBU,LADANG/KEBUN SUNGAI BIDUT,Ladang,,Tanaman Kontan,05,001,KELAPA DIKUPAS,SEDANG,Biji,1,1,
30854227,2026-08-17,2026-08-17 07:22:15.474481,SARAWAK,SIBU,LADANG/KEBUN EMPAWAH,Ladang,,Ternakan,11,001,TELUR AYAM,B,Biji,0.48,0.48,
30854228,2026-08-17,2026-08-17 07:23:13.437762,SARAWAK,SIBU,PASAR CENTRAL SIBU,Borong,20,Buah-Buahan,02,028,PISANG BERANGAN,F.A.Q,Kilogram,5,5,
30854229,2026-08-17,2026-08-17 07:23:13.437762,SARAWAK,SIBU,PASAR CENTRAL SIBU,Borong,20,Buah-Buahan,02,034,TEMBIKAI MERAH TANPA BIJI,F.A.Q,Kilogram,3.9,3.9,
30854230,2026-08-17,2026-08-17 07:23:43.278465,SARAWAK,SIBU,PASAR CENTRAL SIBU,Borong,20,Tanaman Kontan,05,001,KELAPA DIKUPAS,SEDANG,Biji,2,2,
30854231,2026-08-17,2026-08-17 07:28:07.213089,SARAWAK,SIBU,PASAR CENTRAL SIBU,Borong,20,Sayur-Sayuran,05,001,BAWANG BESAR MERAH (INDIA),F.A.Q,Kilogram,4,4,
30854232,2026-08-17,2026-08-17 07:28:07.213089,SARAWAK,SIBU,PASAR CENTRAL SIBU,Borong,20,Sayur-Sayuran,05,001,BAWANG PUTIH (CHINA),F.A.Q,Kilogram,7,7,
30854233,2026-08-17,2026-08-17 07:28:07.213089,SARAWAK,SIBU,PASAR CENTRAL SIBU,Borong,20,Sayur-Sayuran,03,001,BAYAM,F.A.Q,Kilogram,2.9,2.9,
30854234,2026-08-17,2026-08-17 07:28:07.213089,SARAWAK,SIBU,PASAR CENTRAL SIBU,Borong,20,Sayur-Sayuran,02,002,CILI MERAH MINYAK,F.A.Q,Kilogram,6.5,6.5,
30854235,2026-08-17,2026-08-17 07:28:07.213089,SARAWAK,SIBU,PASAR CENTRAL SIBU,Borong,20,Sayur-Sayuran,04,002,KACANG BENDI,F.A.Q,Kilogram,4.5,4.5,
30854236,2026-08-17,2026-08-17 07:28:07.213089,SARAWAK,SIBU,PASAR CENTRAL SIBU,Borong,20,Sayur-Sayuran,04,007,KACANG PANJANG HIJAU,F.A.Q,Kilogram,4,4,
30854237,2026-08-17,2026-08-17 07:28:07.213089,SARAWAK,SIBU,PASAR CENTRAL SIBU,Borong,20,Sayur-Sayuran,03,007,SAWI HIJAU,F.A.Q,Kilogram,6.9,6.9,
30854238,2026-08-17,2026-08-17 07:28:07.213089,SARAWAK,SIBU,PASAR CENTRAL SIBU,Borong,20,Sayur-Sayuran,02,010,TERUNG PANJANG / PEPARU (TANAH RENDAH),F.A.Q,Kilogram,6.5,6.5,
30854239,2026-08-17,2026-08-17 07:28:07.213089,SARAWAK,SIBU,PASAR CENTRAL SIBU,Borong,20,Sayur-Sayuran,02,011,TIMUN HIJAU,F.A.Q,Kilogram,3.5,3.5,
30854240,2026-08-17,2026-08-17 07:28:07.213089,SARAWAK,SIBU,PASAR CENTRAL SIBU,Borong,20,Sayur-Sayuran,02,012,TOMATO (TANAH TINGGI),F.A.Q,Kilogram,7,7,
30854241,2026-08-17,2026-08-17 07:29:19.849437,SARAWAK,SIBU,PASAR CENTRAL SIBU,Borong,20,Ternakan,03,002,AYAM PROSES STANDARD,F.A.Q,Kilogram,9.5,9.5,
30854242,2026-08-17,2026-08-17 07:29:19.849437,SARAWAK,SIBU,PASAR CENTRAL SIBU,Borong,20,Ternakan,02,003,DAGING LEMBU PEJAL,F.A.Q,Kilogram,45,45,
30854243,2026-08-17,2026-08-17 07:29:19.849437,SARAWAK,SIBU,PASAR CENTRAL SIBU,Borong,20,Ternakan,11,001,TELUR AYAM,B,Biji,0.5,0.5,
30854244,2026-08-17,2026-08-17 07:30:10.743481,SARAWAK,SIBU,PASAR CENTRAL SIBU,Runcit,,Buah-Buahan,02,028,PISANG BERANGAN,F.A.Q,Kilogram,6,6,
30854245,2026-08-17,2026-08-17 07:30:10.743481,SARAWAK,SIBU,PASAR CENTRAL SIBU,Runcit,,Buah-Buahan,02,034,TEMBIKAI MERAH TANPA BIJI,F.A.Q,Kilogram,4.9,4.9,
30854246,2026-08-17,2026-08-17 07:30:34.162587,SARAWAK,SIBU,PASAR CENTRAL SIBU,Runcit,,Lain-Lain Makanan Proses,15,001,SANTAN PEKAT,F.A.Q,Kilogram,12.5,12.5,
30854247,2026-08-17,2026-08-17 07:30:49.46359,SARAWAK,SIBU,PASAR CENTRAL SIBU,Runcit,,Tanaman Kontan,05,001,KELAPA DIKUPAS,SEDANG,Biji,3,3,
30854248,2026-08-17,2026-08-17 07:35:08.24334,SARAWAK,SIBU,PASAR CENTRAL SIBU,Runcit,,Sayur-Sayuran,05,001,BAWANG BESAR MERAH (INDIA),F.A.Q,Kilogram,5,5,
30854249,2026-08-17,2026-08-17 07:35:08.24334,SARAWAK,SIBU,PASAR CENTRAL SIBU,Runcit,,Sayur-Sayuran,05,001,BAWANG PUTIH (CHINA),F.A.Q,Kilogram,8,8,
30854250,2026-08-17,2026-08-17 07:35:08.24334,SARAWAK,SIBU,PASAR CENTRAL SIBU,Runcit,,Sayur-Sayuran,03,001,BAYAM,F.A.Q,Kilogram,6.9,6.9,
30854251,2026-08-17,2026-08-17 07:35:08.24334,SARAWAK,SIBU,PASAR CENTRAL SIBU,Runcit,,Sayur-Sayuran,02,002,CILI MERAH MINYAK,F.A.Q,Kilogram,19,19,
30854252,2026-08-17,2026-08-17 07:35:08.24334,SARAWAK,SIBU,PASAR CENTRAL SIBU,Runcit,,Sayur-Sayuran,04,002,KACANG BENDI,F.A.Q,Kilogram,7.5,7.5,
30854253,2026-08-17,2026-08-17 07:35:08.24334,SARAWAK,SIBU,PASAR CENTRAL SIBU,Runcit,,Sayur-Sayuran,04,007,KACANG PANJANG HIJAU,F.A.Q,Kilogram,7,7,
30854254,2026-08-17,2026-08-17 07:35:08.24334,SARAWAK,SIBU,PASAR CENTRAL SIBU,Runcit,,Sayur-Sayuran,03,007,SAWI HIJAU,F.A.Q,Kilogram,9.9,9.9,
30854255,2026-08-17,2026-08-17 07:35:08.24334,SARAWAK,SIBU,PASAR CENTRAL SIBU,Runcit,,Sayur-Sayuran,02,010,TERUNG PANJANG / PEPARU (TANAH RENDAH),F.A.Q,Kilogram,8.5,8.5,
30854256,2026-08-17,2026-08-17 07:35:08.24334,SARAWAK,SIBU,PASAR CENTRAL SIBU,Runcit,,Sayur-Sayuran,02,011,TIMUN HIJAU,F.A.Q,Kilogram,4.5,4.5,
30854257,2026-08-17,2026-08-17 07:35:08.24334,SARAWAK,SIBU,PASAR CENTRAL SIBU,Runcit,,Sayur-Sayuran,02,012,TOMATO (TANAH TINGGI),F.A.Q,Kilogram,8,8,
30854258,2026-08-17,2026-08-17 07:37:29.890301,SARAWAK,SIBU,PASAR CENTRAL SIBU,Runcit,26,Ternakan,03,002,AYAM PROSES SUPER,F.A.Q,Kilogram,10.8,10.8,
30854259,2026-08-17,2026-08-17 07:37:29.890301,SARAWAK,SIBU,PASAR CENTRAL SIBU,Runcit,26,Ternakan,02,003,DAGING LEMBU PEJAL,F.A.Q,Kilogram,48,48,
30854260,2026-08-17,2026-08-17 07:37:29.890301,SARAWAK,SIBU,PASAR CENTRAL SIBU,Runcit,26,Ternakan,11,001,TELUR AYAM,B,Biji,0.52,0.52,
30854261,2026-08-17,2026-08-17 07:41:34.961368,MELAKA,MELAKA TENGAH,PASAR BESAR MBMB,Runcit,26,Ternakan,03,002,AYAM PROSES STANDARD,F.A.Q,Kilogram,10,10,
30854262,2026-08-17,2026-08-17 07:41:34.961368,MELAKA,MELAKA TENGAH,PASAR BESAR MBMB,Runcit,26,Ternakan,03,002,AYAM PROSES STANDARD,F.A.Q,Kilogram,10,10,
30854263,2026-08-17,2026-08-17 07:41:34.961368,MELAKA,MELAKA TENGAH,PASAR BESAR MBMB,Runcit,26,Ternakan,02,003,DAGING LEMBU PEJAL,F.A.Q,Kilogram,40,38.636364,
30854264,2026-08-17,2026-08-17 07:41:34.961368,MELAKA,MELAKA TENGAH,PASAR BESAR MBMB,Runcit,26,Ternakan,02,003,DAGING LEMBU PEJAL,F.A.Q,Kilogram,40,38.636364,
30854265,2026-08-17,2026-08-17 07:41:34.961368,MELAKA,MELAKA TENGAH,PASAR BESAR MBMB,Runcit,26,Ternakan,11,001,TELUR AYAM,B,Biji,0.49,0.446,
30854266,2026-08-17,2026-08-17 07:41:34.961368,MELAKA,MELAKA TENGAH,PASAR BESAR MBMB,Runcit,26,Ternakan,11,001,TELUR AYAM,B,Biji,0.49,0.446,
30854267,2026-08-17,2026-08-17 07:56:07.518725,PERLIS,PERLIS,LADANG/KEBUN KAMPUNG BATU BERTANGKUP,Ladang,,Buah-Buahan,02,028,PISANG BERANGAN,F.A.Q,Kilogram,2.5,2.5,
30854268,2026-08-17,2026-08-17 07:56:07.518725,PERLIS,PERLIS,LADANG/KEBUN KAMPUNG BATU BERTANGKUP,Ladang,,Buah-Buahan,02,028,PISANG BERANGAN,F.A.Q,Kilogram,2.5,2.5,
30854269,2026-08-17,2026-08-17 08:02:08.412421,PERLIS,PERLIS,LADANG/KEBUN KAMPUNG BATU BERTANGKUP,Ladang,,Sayur-Sayuran,03,001,BAYAM,F.A.Q,Kilogram,2.2,2.2,
30854270,2026-08-17,2026-08-17 08:02:08.412421,PERLIS,PERLIS,LADANG/KEBUN KAMPUNG BATU BERTANGKUP,Ladang,,Sayur-Sayuran,02,002,CILI MERAH KULAI / KULAI HIBRID,F.A.Q,Kilogram,10,9.125,
30854271,2026-08-17,2026-08-17 08:02:08.412421,PERLIS,PERLIS,LADANG/KEBUN KAMPUNG BATU BERTANGKUP,Ladang,,Sayur-Sayuran,04,002,KACANG BENDI,F.A.Q,Kilogram,3.5,3.5285714,
30854272,2026-08-17,2026-08-17 08:02:08.412421,PERLIS,PERLIS,LADANG/KEBUN KAMPUNG BATU BERTANGKUP,Ladang,,Sayur-Sayuran,04,007,KACANG PANJANG HIJAU,F.A.Q,Kilogram,3,3.0708334,
30854273,2026-08-17,2026-08-17 08:02:08.412421,PERLIS,PERLIS,LADANG/KEBUN KAMPUNG BATU BERTANGKUP,Ladang,,Sayur-Sayuran,03,007,SAWI HIJAU,F.A.Q,Kilogram,2,2.0625,
30854274,2026-08-17,2026-08-17 08:02:08.412421,PERLIS,PERLIS,LADANG/KEBUN KAMPUNG BATU BERTANGKUP,Ladang,,Sayur-Sayuran,02,010,TERUNG PANJANG / PEPARU (TANAH RENDAH),F.A.Q,Kilogram,3,3.2208333,
30854275,2026-08-17,2026-08-17 08:02:08.412421,PERLIS,PERLIS,LADANG/KEBUN KAMPUNG BATU BERTANGKUP,Ladang,,Sayur-Sayuran,02,011,TIMUN HIJAU,F.A.Q,Kilogram,1.5,1.4666667,
30854276,2026-08-17,2026-08-17 08:04:27.091376,PERLIS,PERLIS,[LOKASI KUTIPAN HARGA LADANG] LADANG/KEBUN KUALA PERLIS,Ladang,,Sayur-Sayuran,03,001,BAYAM,F.A.Q,Kilogram,2.1,2.2,
30854277,2026-08-17,2026-08-17 08:04:27.091376,PERLIS,PERLIS,[LOKASI KUTIPAN HARGA LADANG] LADANG/KEBUN KUALA PERLIS,Ladang,,Sayur-Sayuran,02,002,CILI MERAH KULAI / KULAI HIBRID,F.A.Q,Kilogram,10,9.125,
30854278,2026-08-17,2026-08-17 08:04:27.091376,PERLIS,PERLIS,[LOKASI KUTIPAN HARGA LADANG] LADANG/KEBUN KUALA PERLIS,Ladang,,Sayur-Sayuran,04,002,KACANG BENDI,F.A.Q,Kilogram,3.5,3.5285714,
30854279,2026-08-17,2026-08-17 08:04:27.091376,PERLIS,PERLIS,[LOKASI KUTIPAN HARGA LADANG] LADANG/KEBUN KUALA PERLIS,Ladang,,Sayur-Sayuran,04,007,KACANG PANJANG HIJAU,F.A.Q,Kilogram,3,3.0708334,
30854280,2026-08-17,2026-08-17 08:04:27.091376,PERLIS,PERLIS,[LOKASI KUTIPAN HARGA LADANG] LADANG/KEBUN KUALA PERLIS,Ladang,,Sayur-Sayuran,03,007,SAWI HIJAU,F.A.Q,Kilogram,2,2.0625,
30854281,2026-08-17,2026-08-17 08:04:27.091376,PERLIS,PERLIS,[LOKASI KUTIPAN HARGA LADANG] LADANG/KEBUN KUALA PERLIS,Ladang,,Sayur-Sayuran,02,010,TERUNG PANJANG / PEPARU (TANAH RENDAH),F.A.Q,Kilogram,3,3.2208333,
30854282,2026-08-17,2026-08-17 08:04:27.091376,PERLIS,PERLIS,[LOKASI KUTIPAN HARGA LADANG] LADANG/KEBUN KUALA PERLIS,Ladang,,Sayur-Sayuran,02,011,TIMUN HIJAU,F.A.Q,Kilogram,1.6,1.4666667,
30854283,2026-08-17,2026-08-17 08:04:43.540825,SARAWAK,MIRI,PASAR TAMU MUHIBBAH MIRI,Runcit,26,Ternakan,03,002,AYAM PROSES STANDARD,F.A.Q,Kilogram,10.9,10.409091,
30854284,2026-08-17,2026-08-17 08:04:43.540825,SARAWAK,MIRI,PASAR TAMU MUHIBBAH MIRI,Runcit,26,Ternakan,02,003,DAGING LEMBU PEJAL,F.A.Q,Kilogram,42.5,42.090908,
30854285,2026-08-17,2026-08-17 08:04:43.540825,SARAWAK,MIRI,PASAR TAMU MUHIBBAH MIRI,Runcit,26,Ternakan,11,001,TELUR AYAM,B,Biji,0.48,0.48,
30854286,2026-08-17,2026-08-17 08:04:55.826113,PERLIS,PERLIS,PASAR BORONG KAMPUNG BAKAU,Borong,20,Ternakan,11,001,TELUR AYAM,B,Biji,0.41,0.39,
30854287,2026-08-17,2026-08-17 08:05:21.610071,PERLIS,PERLIS,PASAR BORONG KAMPUNG BAKAU,Borong,20,Ternakan,02,003,DAGING LEMBU PEJAL,F.A.Q,Kilogram,25,25,
30854288,2026-08-17,2026-08-17 08:05:21.610071,PERLIS,PERLIS,PASAR BORONG KAMPUNG BAKAU,Borong,20,Ternakan,02,003,DAGING LEMBU PEJAL,F.A.Q,Kilogram,25,25,
30854289,2026-08-17,2026-08-17 08:05:55.467024,PERLIS,PERLIS,PASAR BORONG KAMPUNG BAKAU,Borong,20,Sayur-Sayuran,05,001,BAWANG BESAR MERAH (INDIA),F.A.Q,Kilogram,2.9,2.8,
30854290,2026-08-17,2026-08-17 08:05:55.467024,PERLIS,PERLIS,PASAR BORONG KAMPUNG BAKAU,Borong,20,Sayur-Sayuran,05,001,BAWANG PUTIH (CHINA),F.A.Q,Kilogram,6.9,6.4166665,
30854291,2026-08-17,2026-08-17 08:08:18.349421,SARAWAK,MIRI,PASAR TAMU MUHIBBAH MIRI,Runcit,26,Sayur-Sayuran,05,001,BAWANG BESAR MERAH (INDIA),F.A.Q,Kilogram,4,4,
30854292,2026-08-17,2026-08-17 08:08:18.349421,SARAWAK,MIRI,PASAR TAMU MUHIBBAH MIRI,Runcit,26,Sayur-Sayuran,05,001,BAWANG PUTIH (CHINA),F.A.Q,Kilogram,7,7,
30854293,2026-08-17,2026-08-17 08:08:18.349421,SARAWAK,MIRI,PASAR TAMU MUHIBBAH MIRI,Runcit,26,Sayur-Sayuran,03,001,BAYAM,F.A.Q,Kilogram,7,6.3636365,
30854294,2026-08-17,2026-08-17 08:08:18.349421,SARAWAK,MIRI,PASAR TAMU MUHIBBAH MIRI,Runcit,26,Sayur-Sayuran,02,002,CILI MERAH KULAI / KULAI HIBRID,F.A.Q,Kilogram,18,18,
30854295,2026-08-17,2026-08-17 08:08:18.349421,SARAWAK,MIRI,PASAR TAMU MUHIBBAH MIRI,Runcit,26,Sayur-Sayuran,02,002,CILI MERAH MINYAK,F.A.Q,Kilogram,16,16,
30854296,2026-08-17,2026-08-17 08:08:18.349421,SARAWAK,MIRI,PASAR TAMU MUHIBBAH MIRI,Runcit,26,Sayur-Sayuran,04,002,KACANG BENDI,F.A.Q,Kilogram,8,7.5454545,
30854297,2026-08-17,2026-08-17 08:08:18.349421,SARAWAK,MIRI,PASAR TAMU MUHIBBAH MIRI,Runcit,26,Sayur-Sayuran,04,007,KACANG PANJANG HIJAU,F.A.Q,Kilogram,8,7.5454545,
30854298,2026-08-17,2026-08-17 08:08:18.349421,SARAWAK,MIRI,PASAR TAMU MUHIBBAH MIRI,Runcit,26,Sayur-Sayuran,03,006,KUBIS BULAT (TANAH TINGGI),F.A.Q,Kilogram,6,6,
30854299,2026-08-17,2026-08-17 08:08:18.349421,SARAWAK,MIRI,PASAR TAMU MUHIBBAH MIRI,Runcit,26,Sayur-Sayuran,03,007,SAWI HIJAU,F.A.Q,Kilogram,10,10.545455,
30854300,2026-08-17,2026-08-17 08:08:18.349421,SARAWAK,MIRI,PASAR TAMU MUHIBBAH MIRI,Runcit,26,Sayur-Sayuran,02,010,TERUNG PANJANG / PEPARU (TANAH RENDAH),F.A.Q,Kilogram,8,7.5454545,
30854301,2026-08-17,2026-08-17 08:08:18.349421,SARAWAK,MIRI,PASAR TAMU MUHIBBAH MIRI,Runcit,26,Sayur-Sayuran,02,011,TIMUN HIJAU,F.A.Q,Kilogram,6,6,
30854302,2026-08-17,2026-08-17 08:08:18.349421,SARAWAK,MIRI,PASAR TAMU MUHIBBAH MIRI,Runcit,26,Sayur-Sayuran,02,012,TOMATO (TANAH TINGGI),F.A.Q,Kilogram,9,9,
30854303,2026-08-17,2026-08-17 08:08:33.885519,SARAWAK,MIRI,PASAR TAMU MUHIBBAH MIRI,Runcit,26,Tanaman Kontan,05,001,KELAPA DIKUPAS,SEDANG,Biji,3,3,
30854304,2026-08-17,2026-08-17 08:09:19.338482,SARAWAK,MIRI,PASAR TAMU MUHIBBAH MIRI,Borong,20,Ternakan,03,002,AYAM PROSES STANDARD,F.A.Q,Kilogram,9.9,9.43,
30854305,2026-08-17,2026-08-17 08:09:19.338482,SARAWAK,MIRI,PASAR TAMU MUHIBBAH MIRI,Borong,20,Ternakan,02,003,DAGING LEMBU PEJAL,F.A.Q,Kilogram,40,40,
30854306,2026-08-17,2026-08-17 08:09:19.338482,SARAWAK,MIRI,PASAR TAMU MUHIBBAH MIRI,Borong,20,Ternakan,11,001,TELUR AYAM,B,Biji,0.46,0.46,
30854309,2026-08-17,2026-08-17 08:09:38.979429,PERLIS,PERLIS,PASAR BORONG KAMPUNG BAKAU,Borong,20,Ternakan,03,002,AYAM PROSES STANDARD,F.A.Q,Kilogram,8.2,8.204166,
30854310,2026-08-17,2026-08-17 08:09:38.979429,PERLIS,PERLIS,PASAR BORONG KAMPUNG BAKAU,Borong,20,Ternakan,03,002,AYAM PROSES STANDARD,F.A.Q,Kilogram,8.2,8.204166,
30854311,2026-08-17,2026-08-17 08:11:20.087094,SARAWAK,MIRI,PASAR TAMU MUHIBBAH MIRI,Borong,20,Sayur-Sayuran,05,001,BAWANG BESAR MERAH (INDIA),F.A.Q,Kilogram,3,3,
30854312,2026-08-17,2026-08-17 08:11:20.087094,SARAWAK,MIRI,PASAR TAMU MUHIBBAH MIRI,Borong,20,Sayur-Sayuran,05,001,BAWANG PUTIH (CHINA),F.A.Q,Kilogram,6,6,
30854313,2026-08-17,2026-08-17 08:11:20.087094,SARAWAK,MIRI,PASAR TAMU MUHIBBAH MIRI,Borong,20,Sayur-Sayuran,03,001,BAYAM,F.A.Q,Kilogram,6,5.3636365,
30854314,2026-08-17,2026-08-17 08:11:20.087094,SARAWAK,MIRI,PASAR TAMU MUHIBBAH MIRI,Borong,20,Sayur-Sayuran,02,002,CILI MERAH KULAI / KULAI HIBRID,F.A.Q,Kilogram,16,16,
30854315,2026-08-17,2026-08-17 08:11:20.087094,SARAWAK,MIRI,PASAR TAMU MUHIBBAH MIRI,Borong,20,Sayur-Sayuran,02,002,CILI MERAH MINYAK,F.A.Q,Kilogram,14,14,
30854316,2026-08-17,2026-08-17 08:11:20.087094,SARAWAK,MIRI,PASAR TAMU MUHIBBAH MIRI,Borong,20,Sayur-Sayuran,04,002,KACANG BENDI,F.A.Q,Kilogram,7,6.6,
30854317,2026-08-17,2026-08-17 08:11:20.087094,SARAWAK,MIRI,PASAR TAMU MUHIBBAH MIRI,Borong,20,Sayur-Sayuran,04,007,KACANG PANJANG HIJAU,F.A.Q,Kilogram,7,6.5454545,
30854318,2026-08-17,2026-08-17 08:11:20.087094,SARAWAK,MIRI,PASAR TAMU MUHIBBAH MIRI,Borong,20,Sayur-Sayuran,03,006,KUBIS BULAT (TANAH TINGGI),F.A.Q,Kilogram,5,5,
30854319,2026-08-17,2026-08-17 08:11:20.087094,SARAWAK,MIRI,PASAR TAMU MUHIBBAH MIRI,Borong,20,Sayur-Sayuran,03,007,SAWI HIJAU,F.A.Q,Kilogram,9,9.272727,
30854320,2026-08-17,2026-08-17 08:11:20.087094,SARAWAK,MIRI,PASAR TAMU MUHIBBAH MIRI,Borong,20,Sayur-Sayuran,02,010,TERUNG PANJANG / PEPARU (TANAH RENDAH),F.A.Q,Kilogram,7,6.5454545,
30854321,2026-08-17,2026-08-17 08:11:20.087094,SARAWAK,MIRI,PASAR TAMU MUHIBBAH MIRI,Borong,20,Sayur-Sayuran,02,011,TIMUN HIJAU,F.A.Q,Kilogram,5,5.090909,
30854322,2026-08-17,2026-08-17 08:11:20.087094,SARAWAK,MIRI,PASAR TAMU MUHIBBAH MIRI,Borong,20,Sayur-Sayuran,02,012,TOMATO (TANAH TINGGI),F.A.Q,Kilogram,8,8,
30854323,2026-08-17,2026-08-17 08:11:34.365072,SARAWAK,MIRI,PASAR TAMU MUHIBBAH MIRI,Borong,20,Tanaman Kontan,05,001,KELAPA DIKUPAS,SEDANG,Biji,2.5,2.5,
30854324,2026-08-17,2026-08-17 08:11:54.912121,SARAWAK,MIRI,[LOKASI KUTIPAN HARGA LADANG] BEKENU,Ladang,,Ternakan,11,001,TELUR AYAM,B,Biji,0.44,0.44,
30854325,2026-08-17,2026-08-17 08:12:49.36295,SARAWAK,MIRI,[LOKASI KUTIPAN HARGA LADANG] BEKENU,Ladang,,Sayur-Sayuran,03,001,BAYAM,F.A.Q,Kilogram,5,4.3636365,
30854326,2026-08-17,2026-08-17 08:12:49.36295,SARAWAK,MIRI,[LOKASI KUTIPAN HARGA LADANG] BEKENU,Ladang,,Sayur-Sayuran,02,002,CILI MERAH KULAI / KULAI HIBRID,F.A.Q,Kilogram,14,14,
30854327,2026-08-17,2026-08-17 08:12:49.36295,SARAWAK,MIRI,[LOKASI KUTIPAN HARGA LADANG] BEKENU,Ladang,,Sayur-Sayuran,02,002,CILI MERAH MINYAK,F.A.Q,Kilogram,12,12,
30854328,2026-08-17,2026-08-17 08:12:49.36295,SARAWAK,MIRI,[LOKASI KUTIPAN HARGA LADANG] BEKENU,Ladang,,Sayur-Sayuran,04,002,KACANG BENDI,F.A.Q,Kilogram,6,5.5454545,
30854329,2026-08-17,2026-08-17 08:12:49.36295,SARAWAK,MIRI,[LOKASI KUTIPAN HARGA LADANG] BEKENU,Ladang,,Sayur-Sayuran,04,007,KACANG PANJANG HIJAU,F.A.Q,Kilogram,6,5.5454545,
30854330,2026-08-17,2026-08-17 08:12:49.36295,SARAWAK,MIRI,[LOKASI KUTIPAN HARGA LADANG] BEKENU,Ladang,,Sayur-Sayuran,03,007,SAWI HIJAU,F.A.Q,Kilogram,8,8.090909,
30854331,2026-08-17,2026-08-17 08:12:49.36295,SARAWAK,MIRI,[LOKASI KUTIPAN HARGA LADANG] BEKENU,Ladang,,Sayur-Sayuran,02,010,TERUNG PANJANG / PEPARU (TANAH RENDAH),F.A.Q,Kilogram,6,5.5454545,
30854332,2026-08-17,2026-08-17 08:12:49.36295,SARAWAK,MIRI,[LOKASI KUTIPAN HARGA LADANG] BEKENU,Ladang,,Sayur-Sayuran,02,011,TIMUN HIJAU,F.A.Q,Kilogram,4,4.090909,
30854333,2026-08-17,2026-08-17 08:13:13.939117,SARAWAK,MIRI,[LOKASI KUTIPAN HARGA LADANG] BEKENU,Ladang,,Buah-Buahan,02,023,NANAS JOSAPINE (AC5),F.A.Q,Kilogram,3,3,
30854334,2026-08-17,2026-08-17 08:13:13.939117,SARAWAK,MIRI,[LOKASI KUTIPAN HARGA LADANG] BEKENU,Ladang,,Buah-Buahan,02,028,PISANG BERANGAN,F.A.Q,Kilogram,5,5,
30854335,2026-08-17,2026-08-17 08:13:13.939117,SARAWAK,MIRI,[LOKASI KUTIPAN HARGA LADANG] BEKENU,Ladang,,Buah-Buahan,02,034,TEMBIKAI MERAH TANPA BIJI,F.A.Q,Kilogram,3,3,
30854336,2026-08-17,2026-08-17 08:13:24.786933,SARAWAK,MIRI,[LOKASI KUTIPAN HARGA LADANG] BEKENU,Ladang,,Tanaman Kontan,05,001,KELAPA DIKUPAS,SEDANG,Biji,2,2,
30854337,2026-08-17,2026-08-17 08:14:00.52876,SARAWAK,MIRI,PASAR TAMU MUHIBBAH MIRI,Runcit,26,Buah-Buahan,02,023,NANAS JOSAPINE (AC5),F.A.Q,Kilogram,5,5,
30854338,2026-08-17,2026-08-17 08:14:00.52876,SARAWAK,MIRI,PASAR TAMU MUHIBBAH MIRI,Runcit,26,Buah-Buahan,02,028,PISANG BERANGAN,F.A.Q,Kilogram,7,7,
30854339,2026-08-17,2026-08-17 08:14:00.52876,SARAWAK,MIRI,PASAR TAMU MUHIBBAH MIRI,Runcit,26,Buah-Buahan,02,034,TEMBIKAI MERAH TANPA BIJI,F.A.Q,Kilogram,5,5,
30854340,2026-08-17,2026-08-17 08:14:14.301584,PERLIS,PERLIS,PASAR BORONG KAMPUNG BAKAU,Borong,20,Buah-Buahan,02,028,PISANG BERANGAN,F.A.Q,Kilogram,4,4,
30854341,2026-08-17,2026-08-17 08:14:14.301584,PERLIS,PERLIS,PASAR BORONG KAMPUNG BAKAU,Borong,20,Buah-Buahan,02,028,PISANG BERANGAN,F.A.Q,Kilogram,4,4,
30854342,2026-08-17,2026-08-17 08:14:14.301584,PERLIS,PERLIS,PASAR BORONG KAMPUNG BAKAU,Borong,20,Buah-Buahan,02,028,PISANG BERANGAN,F.A.Q,Kilogram,4,4,
30854343,2026-08-17,2026-08-17 08:14:14.301584,PERLIS,PERLIS,PASAR BORONG KAMPUNG BAKAU,Borong,20,Buah-Buahan,02,034,TEMBIKAI MERAH TANPA BIJI,F.A.Q,Kilogram,3,2.988889,
30854344,2026-08-17,2026-08-17 08:14:14.301584,PERLIS,PERLIS,PASAR BORONG KAMPUNG BAKAU,Borong,20,Buah-Buahan,02,034,TEMBIKAI MERAH TANPA BIJI,F.A.Q,Kilogram,3,2.988889,
30854345,2026-08-17,2026-08-17 08:14:14.301584,PERLIS,PERLIS,PASAR BORONG KAMPUNG BAKAU,Borong,20,Buah-Buahan,02,034,TEMBIKAI MERAH TANPA BIJI,F.A.Q,Kilogram,3,2.988889,
30854346,2026-08-17,2026-08-17 08:14:27.202951,SARAWAK,MIRI,PASAR TAMU MUHIBBAH MIRI,Borong,20,Buah-Buahan,02,023,NANAS JOSAPINE (AC5),F.A.Q,Kilogram,4,4,
30854347,2026-08-17,2026-08-17 08:14:27.202951,SARAWAK,MIRI,PASAR TAMU MUHIBBAH MIRI,Borong,20,Buah-Buahan,02,028,PISANG BERANGAN,F.A.Q,Kilogram,6,6,
30854348,2026-08-17,2026-08-17 08:14:27.202951,SARAWAK,MIRI,PASAR TAMU MUHIBBAH MIRI,Borong,20,Buah-Buahan,02,034,TEMBIKAI MERAH TANPA BIJI,F.A.Q,Kilogram,4,4,
30854349,2026-08-17,2026-08-17 08:15:01.452699,PERLIS,PERLIS,,Borong,20,Tanaman Kontan,05,001,KELAPA DIKUPAS,SEDANG,Biji,1.8,1.8,
30854350,2026-08-17,2026-08-17 08:15:01.452699,PERLIS,PERLIS,,Borong,20,Tanaman Kontan,05,001,KELAPA DIKUPAS,SEDANG,Biji,1.8,1.8,
30854351,2026-08-17,2026-08-17 08:15:01.452699,PERLIS,PERLIS,,Borong,20,Tanaman Kontan,05,001,KELAPA DIKUPAS,SEDANG,Biji,1.8,1.8,
30854352,2026-08-17,2026-08-17 08:15:01.452699,PERLIS,PERLIS,,Borong,20,Tanaman Kontan,05,001,KELAPA DIKUPAS,SEDANG,Biji,1.8,1.8,
30854353,2026-08-17,2026-08-17 08:23:23.650951,SARAWAK,KUCHING,MEDAN NIAGA SATOK,Runcit,26,Sayur-Sayuran,05,001,BAWANG BESAR MERAH (INDIA),F.A.Q,Kilogram,5,5,
30854354,2026-08-17,2026-08-17 08:23:23.650951,SARAWAK,KUCHING,MEDAN NIAGA SATOK,Runcit,26,Sayur-Sayuran,05,001,BAWANG PUTIH (CHINA),F.A.Q,Kilogram,8,8,
30854355,2026-08-17,2026-08-17 08:23:23.650951,SARAWAK,KUCHING,MEDAN NIAGA SATOK,Runcit,26,Sayur-Sayuran,03,001,BAYAM,F.A.Q,Kilogram,8,7.8333335,
30854356,2026-08-17,2026-08-17 08:23:23.650951,SARAWAK,KUCHING,MEDAN NIAGA SATOK,Runcit,26,Sayur-Sayuran,02,002,CILI MERAH KULAI / KULAI HIBRID,F.A.Q,Kilogram,20,18.416666,
30854357,2026-08-17,2026-08-17 08:23:23.650951,SARAWAK,KUCHING,MEDAN NIAGA SATOK,Runcit,26,Sayur-Sayuran,02,002,CILI MERAH MINYAK,F.A.Q,Kilogram,20,18.416666,
30854358,2026-08-17,2026-08-17 08:23:23.650951,SARAWAK,KUCHING,MEDAN NIAGA SATOK,Runcit,26,Sayur-Sayuran,04,002,KACANG BENDI,F.A.Q,Kilogram,12,11.333333,
30854359,2026-08-17,2026-08-17 08:23:23.650951,SARAWAK,KUCHING,MEDAN NIAGA SATOK,Runcit,26,Sayur-Sayuran,04,007,KACANG PANJANG HIJAU,F.A.Q,Kilogram,10,10,
30854360,2026-08-17,2026-08-17 08:23:23.650951,SARAWAK,KUCHING,MEDAN NIAGA SATOK,Runcit,26,Sayur-Sayuran,03,007,SAWI HIJAU,F.A.Q,Kilogram,10,9.583333,
30854361,2026-08-17,2026-08-17 08:23:23.650951,SARAWAK,KUCHING,MEDAN NIAGA SATOK,Runcit,26,Sayur-Sayuran,02,010,TERUNG PANJANG / PEPARU (TANAH RENDAH),F.A.Q,Kilogram,9,8.166667,
30854362,2026-08-17,2026-08-17 08:23:23.650951,SARAWAK,KUCHING,MEDAN NIAGA SATOK,Runcit,26,Sayur-Sayuran,02,011,TIMUN HIJAU,F.A.Q,Kilogram,6,6.2916665,
30854363,2026-08-17,2026-08-17 08:23:23.650951,SARAWAK,KUCHING,MEDAN NIAGA SATOK,Runcit,26,Sayur-Sayuran,02,012,TOMATO (TANAH TINGGI),F.A.Q,Kilogram,12,12.25,
30854364,2026-08-17,2026-08-17 08:25:13.762367,SARAWAK,KUCHING,MEDAN NIAGA SATOK,Runcit,26,Buah-Buahan,02,028,PISANG BERANGAN,F.A.Q,Kilogram,6,6.5,
30854365,2026-08-17,2026-08-17 08:25:13.762367,SARAWAK,KUCHING,MEDAN NIAGA SATOK,Runcit,26,Buah-Buahan,02,034,TEMBIKAI MERAH TANPA BIJI,F.A.Q,Kilogram,3.9,3.9,
30854366,2026-08-17,2026-08-17 08:26:06.2844,SARAWAK,KUCHING,MEDAN NIAGA SATOK,Runcit,26,Tanaman Kontan,05,001,KELAPA DIKUPAS,SEDANG,Biji,2,2,
30854367,2026-08-17,2026-08-17 08:26:06.2844,SARAWAK,KUCHING,MEDAN NIAGA SATOK,Runcit,26,Lain-Lain Makanan Proses,15,001,SANTAN PEKAT,F.A.Q,Kilogram,12,12,
30854368,2026-08-17,2026-08-17 08:28:19.186204,SARAWAK,KUCHING,MEDAN NIAGA SATOK,Runcit,26,Ternakan,03,002,AYAM PROSES STANDARD,F.A.Q,Kilogram,12,12,
30854369,2026-08-17,2026-08-17 08:28:19.186204,SARAWAK,KUCHING,MEDAN NIAGA SATOK,Runcit,26,Ternakan,02,003,DAGING LEMBU PEJAL,F.A.Q,Kilogram,70,70,
30854370,2026-08-17,2026-08-17 08:28:19.186204,SARAWAK,KUCHING,MEDAN NIAGA SATOK,Runcit,26,Ternakan,11,001,TELUR AYAM,B,Biji,0.53,0.53,
30854371,2026-08-17,2026-08-17 08:30:13.455932,MELAKA,MELAKA TENGAH,PASAR BESAR MBMB,Runcit,26,Sayur-Sayuran,05,001,BAWANG BESAR MERAH (INDIA),F.A.Q,Kilogram,3.5,3.16,
30854372,2026-08-17,2026-08-17 08:30:13.455932,MELAKA,MELAKA TENGAH,PASAR BESAR MBMB,Runcit,26,Sayur-Sayuran,05,001,BAWANG BESAR MERAH (INDIA),F.A.Q,Kilogram,2.8,3.16,
30854373,2026-08-17,2026-08-17 08:30:13.455932,MELAKA,MELAKA TENGAH,PASAR BESAR MBMB,Runcit,26,Sayur-Sayuran,05,001,BAWANG PUTIH (CHINA),F.A.Q,Kilogram,11,10,
30854374,2026-08-17,2026-08-17 08:30:13.455932,MELAKA,MELAKA TENGAH,PASAR BESAR MBMB,Runcit,26,Sayur-Sayuran,05,001,BAWANG PUTIH (CHINA),F.A.Q,Kilogram,10,10,
30854375,2026-08-17,2026-08-17 08:30:13.455932,MELAKA,MELAKA TENGAH,PASAR BESAR MBMB,Runcit,26,Sayur-Sayuran,05,001,BAWANG PUTIH (CHINA),F.A.Q,Kilogram,11,10,
30854376,2026-08-17,2026-08-17 08:30:13.455932,MELAKA,MELAKA TENGAH,PASAR BESAR MBMB,Runcit,26,Sayur-Sayuran,03,001,BAYAM,F.A.Q,Kilogram,3.5,4,
30854377,2026-08-17,2026-08-17 08:30:13.455932,MELAKA,MELAKA TENGAH,PASAR BESAR MBMB,Runcit,26,Sayur-Sayuran,03,001,BAYAM,F.A.Q,Kilogram,3,4,
30854378,2026-08-17,2026-08-17 08:30:13.455932,MELAKA,MELAKA TENGAH,PASAR BESAR MBMB,Runcit,26,Sayur-Sayuran,02,002,CILI MERAH KULAI / KULAI HIBRID,F.A.Q,Kilogram,16,15.2,
30854379,2026-08-17,2026-08-17 08:30:13.455932,MELAKA,MELAKA TENGAH,PASAR BESAR MBMB,Runcit,26,Sayur-Sayuran,02,002,CILI MERAH KULAI / KULAI HIBRID,F.A.Q,Kilogram,15,15.2,
30854380,2026-08-17,2026-08-17 08:30:13.455932,MELAKA,MELAKA TENGAH,PASAR BESAR MBMB,Runcit,26,Sayur-Sayuran,02,002,CILI MERAH MINYAK,F.A.Q,Kilogram,15,14.25,
30854381,2026-08-17,2026-08-17 08:30:13.455932,MELAKA,MELAKA TENGAH,PASAR BESAR MBMB,Runcit,26,Sayur-Sayuran,04,002,KACANG BENDI,F.A.Q,Kilogram,8,7,
30854382,2026-08-17,2026-08-17 08:30:13.455932,MELAKA,MELAKA TENGAH,PASAR BESAR MBMB,Runcit,26,Sayur-Sayuran,04,002,KACANG BENDI,F.A.Q,Kilogram,7.5,7,
30854383,2026-08-17,2026-08-17 08:30:13.455932,MELAKA,MELAKA TENGAH,PASAR BESAR MBMB,Runcit,26,Sayur-Sayuran,04,007,KACANG PANJANG HIJAU,F.A.Q,Kilogram,5.5,5.7,
30854384,2026-08-17,2026-08-17 08:30:13.455932,MELAKA,MELAKA TENGAH,PASAR BESAR MBMB,Runcit,26,Sayur-Sayuran,04,007,KACANG PANJANG HIJAU,F.A.Q,Kilogram,5,5.7,
30854385,2026-08-17,2026-08-17 08:30:13.455932,MELAKA,MELAKA TENGAH,PASAR BESAR MBMB,Runcit,26,Sayur-Sayuran,03,006,KUBIS BULAT (TANAH TINGGI),F.A.Q,Kilogram,3.5,3.8555555,
30854386,2026-08-17,2026-08-17 08:30:13.455932,MELAKA,MELAKA TENGAH,PASAR BESAR MBMB,Runcit,26,Sayur-Sayuran,03,006,KUBIS BULAT (TANAH TINGGI),F.A.Q,Kilogram,4,3.8555555,
30854387,2026-08-17,2026-08-17 08:30:13.455932,MELAKA,MELAKA TENGAH,PASAR BESAR MBMB,Runcit,26,Sayur-Sayuran,03,007,SAWI HIJAU,F.A.Q,Kilogram,4,4.111111,
30854388,2026-08-17,2026-08-17 08:30:13.455932,MELAKA,MELAKA TENGAH,PASAR BESAR MBMB,Runcit,26,Sayur-Sayuran,03,007,SAWI HIJAU,F.A.Q,Kilogram,4.5,4.111111,
30854389,2026-08-17,2026-08-17 08:30:13.455932,MELAKA,MELAKA TENGAH,PASAR BESAR MBMB,Runcit,26,Sayur-Sayuran,02,010,TERUNG PANJANG / PEPARU (TANAH RENDAH),F.A.Q,Kilogram,10,7.2,
30854390,2026-08-17,2026-08-17 08:30:13.455932,MELAKA,MELAKA TENGAH,PASAR BESAR MBMB,Runcit,26,Sayur-Sayuran,02,010,TERUNG PANJANG / PEPARU (TANAH RENDAH),F.A.Q,Kilogram,9,7.2,
30854391,2026-08-17,2026-08-17 08:30:13.455932,MELAKA,MELAKA TENGAH,PASAR BESAR MBMB,Runcit,26,Sayur-Sayuran,02,011,TIMUN HIJAU,F.A.Q,Kilogram,3,3.3,
30854392,2026-08-17,2026-08-17 08:30:13.455932,MELAKA,MELAKA TENGAH,PASAR BESAR MBMB,Runcit,26,Sayur-Sayuran,02,011,TIMUN HIJAU,F.A.Q,Kilogram,3,3.3,
30854393,2026-08-17,2026-08-17 08:30:13.455932,MELAKA,MELAKA TENGAH,PASAR BESAR MBMB,Runcit,26,Sayur-Sayuran,02,012,TOMATO (TANAH TINGGI),F.A.Q,Kilogram,8,8.4,
30854394,2026-08-17,2026-08-17 08:30:13.455932,MELAKA,MELAKA TENGAH,PASAR BESAR MBMB,Runcit,26,Sayur-Sayuran,02,012,TOMATO (TANAH TINGGI),F.A.Q,Kilogram,7.5,8.4,
30854395,2026-08-17,2026-08-17 08:30:18.20036,PERLIS,PERLIS,PASAR BORONG KAMPUNG BAKAU,Borong,20,Sayur-Sayuran,03,001,BAYAM,F.A.Q,Kilogram,4,4.21875,
30854396,2026-08-17,2026-08-17 08:30:18.20036,PERLIS,PERLIS,PASAR BORONG KAMPUNG BAKAU,Borong,20,Sayur-Sayuran,03,001,BAYAM,F.A.Q,Kilogram,4,4.21875,
30854397,2026-08-17,2026-08-17 08:30:18.20036,PERLIS,PERLIS,PASAR BORONG KAMPUNG BAKAU,Borong,20,Sayur-Sayuran,03,001,BAYAM,F.A.Q,Kilogram,4,4.21875,
30854398,2026-08-17,2026-08-17 08:30:18.20036,PERLIS,PERLIS,PASAR BORONG KAMPUNG BAKAU,Borong,20,Sayur-Sayuran,03,001,BAYAM,F.A.Q,Kilogram,4,4.21875,
30854399,2026-08-17,2026-08-17 08:30:18.20036,PERLIS,PERLIS,PASAR BORONG KAMPUNG BAKAU,Borong,20,Sayur-Sayuran,02,002,CILI MERAH KULAI / KULAI HIBRID,F.A.Q,Kilogram,14,13.166667,
30854400,2026-08-17,2026-08-17 08:30:18.20036,PERLIS,PERLIS,PASAR BORONG KAMPUNG BAKAU,Borong,20,Sayur-Sayuran,02,002,CILI MERAH KULAI / KULAI HIBRID,F.A.Q,Kilogram,14,13.166667,
30854401,2026-08-17,2026-08-17 08:30:18.20036,PERLIS,PERLIS,PASAR BORONG KAMPUNG BAKAU,Borong,20,Sayur-Sayuran,02,002,CILI MERAH KULAI / KULAI HIBRID,F.A.Q,Kilogram,14,13.166667,
30854402,2026-08-17,2026-08-17 08:30:18.20036,PERLIS,PERLIS,PASAR BORONG KAMPUNG BAKAU,Borong,20,Sayur-Sayuran,02,002,CILI MERAH KULAI / KULAI HIBRID,F.A.Q,Kilogram,14,13.166667,
30854403,2026-08-17,2026-08-17 08:30:18.20036,PERLIS,PERLIS,PASAR BORONG KAMPUNG BAKAU,Borong,20,Sayur-Sayuran,02,002,CILI MERAH MINYAK,F.A.Q,Kilogram,9,9,
30854404,2026-08-17,2026-08-17 08:30:18.20036,PERLIS,PERLIS,PASAR BORONG KAMPUNG BAKAU,Borong,20,Sayur-Sayuran,02,002,CILI MERAH MINYAK,F.A.Q,Kilogram,9,9,
30854405,2026-08-17,2026-08-17 08:30:18.20036,PERLIS,PERLIS,PASAR BORONG KAMPUNG BAKAU,Borong,20,Sayur-Sayuran,02,002,CILI MERAH MINYAK,F.A.Q,Kilogram,9,9,
30854406,2026-08-17,2026-08-17 08:30:18.20036,PERLIS,PERLIS,PASAR BORONG KAMPUNG BAKAU,Borong,20,Sayur-Sayuran,02,002,CILI MERAH MINYAK,F.A.Q,Kilogram,9,9,
30854407,2026-08-17,2026-08-17 08:30:18.20036,PERLIS,PERLIS,PASAR BORONG KAMPUNG BAKAU,Borong,20,Sayur-Sayuran,04,002,KACANG BENDI,F.A.Q,Kilogram,5.5,5,
30854408,2026-08-17,2026-08-17 08:30:18.20036,PERLIS,PERLIS,PASAR BORONG KAMPUNG BAKAU,Borong,20,Sayur-Sayuran,04,002,KACANG BENDI,F.A.Q,Kilogram,5.5,5,
30854409,2026-08-17,2026-08-17 08:30:18.20036,PERLIS,PERLIS,PASAR BORONG KAMPUNG BAKAU,Borong,20,Sayur-Sayuran,04,002,KACANG BENDI,F.A.Q,Kilogram,5.5,5,
30854410,2026-08-17,2026-08-17 08:30:18.20036,PERLIS,PERLIS,PASAR BORONG KAMPUNG BAKAU,Borong,20,Sayur-Sayuran,04,002,KACANG BENDI,F.A.Q,Kilogram,5.5,5,
30854411,2026-08-17,2026-08-17 08:30:18.20036,PERLIS,PERLIS,PASAR BORONG KAMPUNG BAKAU,Borong,20,Sayur-Sayuran,04,007,KACANG PANJANG HIJAU,F.A.Q,Kilogram,5,5,
30854412,2026-08-17,2026-08-17 08:30:18.20036,PERLIS,PERLIS,PASAR BORONG KAMPUNG BAKAU,Borong,20,Sayur-Sayuran,04,007,KACANG PANJANG HIJAU,F.A.Q,Kilogram,5,5,
30854413,2026-08-17,2026-08-17 08:30:18.20036,PERLIS,PERLIS,PASAR BORONG KAMPUNG BAKAU,Borong,20,Sayur-Sayuran,04,007,KACANG PANJANG HIJAU,F.A.Q,Kilogram,5,5,
30854414,2026-08-17,2026-08-17 08:30:18.20036,PERLIS,PERLIS,PASAR BORONG KAMPUNG BAKAU,Borong,20,Sayur-Sayuran,04,007,KACANG PANJANG HIJAU,F.A.Q,Kilogram,5,5,
30854415,2026-08-17,2026-08-17 08:30:18.20036,PERLIS,PERLIS,PASAR BORONG KAMPUNG BAKAU,Borong,20,Sayur-Sayuran,03,007,SAWI HIJAU,F.A.Q,Kilogram,4,4,
30854416,2026-08-17,2026-08-17 08:30:18.20036,PERLIS,PERLIS,PASAR BORONG KAMPUNG BAKAU,Borong,20,Sayur-Sayuran,03,007,SAWI HIJAU,F.A.Q,Kilogram,4,4,
30854417,2026-08-17,2026-08-17 08:30:18.20036,PERLIS,PERLIS,PASAR BORONG KAMPUNG BAKAU,Borong,20,Sayur-Sayuran,03,007,SAWI HIJAU,F.A.Q,Kilogram,4,4,
30854418,2026-08-17,2026-08-17 08:30:18.20036,PERLIS,PERLIS,PASAR BORONG KAMPUNG BAKAU,Borong,20,Sayur-Sayuran,03,007,SAWI HIJAU,F.A.Q,Kilogram,4,4,
30854419,2026-08-17,2026-08-17 08:30:18.20036,PERLIS,PERLIS,PASAR BORONG KAMPUNG BAKAU,Borong,20,Sayur-Sayuran,02,010,TERUNG PANJANG / PEPARU (TANAH RENDAH),F.A.Q,Kilogram,5,5,
30854420,2026-08-17,2026-08-17 08:30:18.20036,PERLIS,PERLIS,PASAR BORONG KAMPUNG BAKAU,Borong,20,Sayur-Sayuran,02,010,TERUNG PANJANG / PEPARU (TANAH RENDAH),F.A.Q,Kilogram,5,5,
30854421,2026-08-17,2026-08-17 08:30:18.20036,PERLIS,PERLIS,PASAR BORONG KAMPUNG BAKAU,Borong,20,Sayur-Sayuran,02,010,TERUNG PANJANG / PEPARU (TANAH RENDAH),F.A.Q,Kilogram,5,5,
30854422,2026-08-17,2026-08-17 08:30:18.20036,PERLIS,PERLIS,PASAR BORONG KAMPUNG BAKAU,Borong,20,Sayur-Sayuran,02,010,TERUNG PANJANG / PEPARU (TANAH RENDAH),F.A.Q,Kilogram,5,5,
30854423,2026-08-17,2026-08-17 08:30:18.20036,PERLIS,PERLIS,PASAR BORONG KAMPUNG BAKAU,Borong,20,Sayur-Sayuran,02,011,TIMUN HIJAU,F.A.Q,Kilogram,2.5,2.4833333,
30854424,2026-08-17,2026-08-17 08:30:18.20036,PERLIS,PERLIS,PASAR BORONG KAMPUNG BAKAU,Borong,20,Sayur-Sayuran,02,011,TIMUN HIJAU,F.A.Q,Kilogram,2.5,2.4833333,
30854425,2026-08-17,2026-08-17 08:30:18.20036,PERLIS,PERLIS,PASAR BORONG KAMPUNG BAKAU,Borong,20,Sayur-Sayuran,02,011,TIMUN HIJAU,F.A.Q,Kilogram,2.8,2.4833333,
30854426,2026-08-17,2026-08-17 08:30:18.20036,PERLIS,PERLIS,PASAR BORONG KAMPUNG BAKAU,Borong,20,Sayur-Sayuran,02,011,TIMUN HIJAU,F.A.Q,Kilogram,2.8,2.4833333,
30854427,2026-08-17,2026-08-17 08:30:18.20036,PERLIS,PERLIS,PASAR BORONG KAMPUNG BAKAU,Borong,20,Sayur-Sayuran,02,012,TOMATO (TANAH TINGGI),F.A.Q,Kilogram,5.5,5.1354165,
30854428,2026-08-17,2026-08-17 08:30:18.20036,PERLIS,PERLIS,PASAR BORONG KAMPUNG BAKAU,Borong,20,Sayur-Sayuran,02,012,TOMATO (TANAH TINGGI),F.A.Q,Kilogram,5.5,5.1354165,
30854429,2026-08-17,2026-08-17 08:30:18.20036,PERLIS,PERLIS,PASAR BORONG KAMPUNG BAKAU,Borong,20,Sayur-Sayuran,02,012,TOMATO (TANAH TINGGI),F.A.Q,Kilogram,5.5,5.1354165,
30854430,2026-08-17,2026-08-17 08:30:18.20036,PERLIS,PERLIS,PASAR BORONG KAMPUNG BAKAU,Borong,20,Sayur-Sayuran,02,012,TOMATO (TANAH TINGGI),F.A.Q,Kilogram,5.5,5.1354165,
30854431,2026-08-17,2026-08-17 08:32:10.097271,PERLIS,PERLIS,PASAR AWAM SENA,Runcit,26,Tanaman Kontan,05,001,KELAPA DIKUPAS,SEDANG,Biji,2.5,2.5,
30854432,2026-08-17,2026-08-17 08:32:10.097271,PERLIS,PERLIS,PASAR AWAM SENA,Runcit,26,Tanaman Kontan,05,001,KELAPA DIKUPAS,SEDANG,Biji,2.5,2.5,
30854433,2026-08-17,2026-08-17 08:32:10.097271,PERLIS,PERLIS,PASAR AWAM SENA,Runcit,26,Tanaman Kontan,05,001,KELAPA DIKUPAS,SEDANG,Biji,2.5,2.5,
30854434,2026-08-17,2026-08-17 08:32:10.097271,PERLIS,PERLIS,PASAR AWAM SENA,Runcit,26,Tanaman Kontan,05,001,KELAPA DIKUPAS,SEDANG,Biji,2.5,2.5,
30854435,2026-08-17,2026-08-17 08:34:24.289388,PERLIS,PERLIS,PASAR AWAM SENA,Runcit,26,Lain-Lain Makanan Proses,15,001,SANTAN PEKAT,F.A.Q,Kilogram,15,15.416667,
30854436,2026-08-17,2026-08-17 08:34:24.289388,PERLIS,PERLIS,PASAR AWAM SENA,Runcit,26,Lain-Lain Makanan Proses,15,001,SANTAN PEKAT,F.A.Q,Kilogram,15.5,15.416667,
30854437,2026-08-17,2026-08-17 08:34:24.289388,PERLIS,PERLIS,PASAR AWAM SENA,Runcit,26,Lain-Lain Makanan Proses,15,001,SANTAN PEKAT,F.A.Q,Kilogram,15,15.416667,
30854438,2026-08-17,2026-08-17 08:34:24.289388,PERLIS,PERLIS,PASAR AWAM SENA,Runcit,26,Lain-Lain Makanan Proses,15,001,SANTAN PEKAT,F.A.Q,Kilogram,15,15.416667,
30854439,2026-08-17,2026-08-17 08:35:56.387422,PERLIS,PERLIS,PASAR AWAM SENA,Runcit,26,Ternakan,11,001,TELUR AYAM,B,Biji,0.44,0.42,
30854440,2026-08-17,2026-08-17 08:35:56.387422,PERLIS,PERLIS,PASAR AWAM SENA,Runcit,26,Ternakan,11,001,TELUR AYAM,B,Biji,0.44,0.42,
30854441,2026-08-17,2026-08-17 08:35:56.387422,PERLIS,PERLIS,PASAR AWAM SENA,Runcit,26,Ternakan,11,001,TELUR AYAM,B,Biji,0.44,0.42,
30854442,2026-08-17,2026-08-17 08:36:17.452994,SABAH,PENAMPANG,PASAR BORONG PENAMPANG,Borong,20,Sayur-Sayuran,05,001,BAWANG BESAR MERAH (INDIA),F.A.Q,Kilogram,4.5,4.5,
30854443,2026-08-17,2026-08-17 08:36:17.452994,SABAH,PENAMPANG,PASAR BORONG PENAMPANG,Borong,20,Sayur-Sayuran,05,001,BAWANG PUTIH (CHINA),F.A.Q,Kilogram,7.5,8,
30854444,2026-08-17,2026-08-17 08:36:17.452994,SABAH,PENAMPANG,PASAR BORONG PENAMPANG,Borong,20,Sayur-Sayuran,03,001,BAYAM,F.A.Q,Kilogram,3.5,3.5,
30854445,2026-08-17,2026-08-17 08:36:17.452994,SABAH,PENAMPANG,PASAR BORONG PENAMPANG,Borong,20,Sayur-Sayuran,02,002,CILI MERAH KULAI / KULAI HIBRID,F.A.Q,Kilogram,12,15.29,
30854446,2026-08-17,2026-08-17 08:36:17.452994,SABAH,PENAMPANG,PASAR BORONG PENAMPANG,Borong,20,Sayur-Sayuran,02,002,CILI MERAH MINYAK,F.A.Q,Kilogram,10,12,
30854447,2026-08-17,2026-08-17 08:36:17.452994,SABAH,PENAMPANG,PASAR BORONG PENAMPANG,Borong,20,Sayur-Sayuran,04,002,KACANG BENDI,F.A.Q,Kilogram,6,6.56,
30854448,2026-08-17,2026-08-17 08:36:17.452994,SABAH,PENAMPANG,PASAR BORONG PENAMPANG,Borong,20,Sayur-Sayuran,04,007,KACANG PANJANG HIJAU,F.A.Q,Kilogram,4,3.75,
30854449,2026-08-17,2026-08-17 08:36:17.452994,SABAH,PENAMPANG,PASAR BORONG PENAMPANG,Borong,20,Sayur-Sayuran,03,006,KUBIS BULAT (TANAH TINGGI),F.A.Q,Kilogram,4,3.5,
30854450,2026-08-17,2026-08-17 08:36:17.452994,SABAH,PENAMPANG,PASAR BORONG PENAMPANG,Borong,20,Sayur-Sayuran,03,007,SAWI HIJAU,F.A.Q,Kilogram,3.5,4,
30854451,2026-08-17,2026-08-17 08:36:17.452994,SABAH,PENAMPANG,PASAR BORONG PENAMPANG,Borong,20,Sayur-Sayuran,02,010,TERUNG PANJANG / PEPARU (TANAH RENDAH),F.A.Q,Kilogram,4.5,7.33,
30854452,2026-08-17,2026-08-17 08:36:17.452994,SABAH,PENAMPANG,PASAR BORONG PENAMPANG,Borong,20,Sayur-Sayuran,02,011,TIMUN HIJAU,F.A.Q,Kilogram,2.5,2.5,
30854453,2026-08-17,2026-08-17 08:36:17.452994,SABAH,PENAMPANG,PASAR BORONG PENAMPANG,Borong,20,Sayur-Sayuran,02,012,TOMATO (TANAH TINGGI),F.A.Q,Kilogram,8,6.94,
30854454,2026-08-17,2026-08-17 08:36:32.761532,PERLIS,PERLIS,PASAR AWAM SENA,Runcit,26,Sayur-Sayuran,05,001,BAWANG BESAR MERAH (INDIA),F.A.Q,Kilogram,4,4.625,
30854455,2026-08-17,2026-08-17 08:36:32.761532,PERLIS,PERLIS,PASAR AWAM SENA,Runcit,26,Sayur-Sayuran,05,001,BAWANG BESAR MERAH (INDIA),F.A.Q,Kilogram,4,4.625,
30854456,2026-08-17,2026-08-17 08:36:32.761532,PERLIS,PERLIS,PASAR AWAM SENA,Runcit,26,Sayur-Sayuran,05,001,BAWANG BESAR MERAH (INDIA),F.A.Q,Kilogram,4,4.625,
30854457,2026-08-17,2026-08-17 08:36:32.761532,PERLIS,PERLIS,PASAR AWAM SENA,Runcit,26,Sayur-Sayuran,05,001,BAWANG PUTIH (CHINA),F.A.Q,Kilogram,8,9.173077,
30854458,2026-08-17,2026-08-17 08:36:32.761532,PERLIS,PERLIS,PASAR AWAM SENA,Runcit,26,Sayur-Sayuran,05,001,BAWANG PUTIH (CHINA),F.A.Q,Kilogram,8,9.173077,
30854459,2026-08-17,2026-08-17 08:36:32.761532,PERLIS,PERLIS,PASAR AWAM SENA,Runcit,26,Sayur-Sayuran,05,001,BAWANG PUTIH (CHINA),F.A.Q,Kilogram,8,9.173077,
30854460,2026-08-17,2026-08-17 08:38:10.548378,PERLIS,PERLIS,PASAR AWAM SENA,Runcit,26,Ternakan,02,003,DAGING LEMBU PEJAL,F.A.Q,Kilogram,30,30,
30854461,2026-08-17,2026-08-17 08:38:10.548378,PERLIS,PERLIS,PASAR AWAM SENA,Runcit,26,Ternakan,02,003,DAGING LEMBU PEJAL,F.A.Q,Kilogram,30,30,
30854462,2026-08-17,2026-08-17 08:40:18.183951,MELAKA,MELAKA TENGAH,PASAR BESAR MBMB,Runcit,26,Buah-Buahan,02,023,NANAS JOSAPINE (AC5),F.A.Q,Kilogram,5,5,
30854463,2026-08-17,2026-08-17 08:40:18.183951,MELAKA,MELAKA TENGAH,PASAR BESAR MBMB,Runcit,26,Buah-Buahan,02,028,PISANG BERANGAN,F.A.Q,Kilogram,5.5,5.2222223,
30854464,2026-08-17,2026-08-17 08:40:18.183951,MELAKA,MELAKA TENGAH,PASAR BESAR MBMB,Runcit,26,Buah-Buahan,02,028,PISANG BERANGAN,F.A.Q,Kilogram,6,5.2222223,
30854465,2026-08-17,2026-08-17 08:40:18.183951,MELAKA,MELAKA TENGAH,PASAR BESAR MBMB,Runcit,26,Buah-Buahan,02,034,TEMBIKAI MERAH TANPA BIJI,F.A.Q,Kilogram,4,3.9545455,
30854466,2026-08-17,2026-08-17 08:40:18.183951,MELAKA,MELAKA TENGAH,PASAR BESAR MBMB,Runcit,26,Buah-Buahan,02,034,TEMBIKAI MERAH TANPA BIJI,F.A.Q,Kilogram,5,3.9545455,
30854467,2026-08-17,2026-08-17 08:40:36.720662,MELAKA,MELAKA TENGAH,PASAR BESAR MBMB,Runcit,26,Tanaman Kontan,05,001,KELAPA DIKUPAS,SEDANG,Biji,2.5,2.5,
30854468,2026-08-17,2026-08-17 08:40:36.720662,MELAKA,MELAKA TENGAH,PASAR BESAR MBMB,Runcit,26,Tanaman Kontan,05,001,KELAPA DIKUPAS,SEDANG,Biji,2.5,2.5,
30854469,2026-08-17,2026-08-17 08:41:13.961215,MELAKA,MELAKA TENGAH,PASAR BESAR MBMB,Runcit,26,Lain-Lain Makanan Proses,15,001,SANTAN PEKAT,F.A.Q,Kilogram,15,14.6,
30854470,2026-08-17,2026-08-17 08:41:13.961215,MELAKA,MELAKA TENGAH,PASAR BESAR MBMB,Runcit,26,Lain-Lain Makanan Proses,15,001,SANTAN PEKAT,F.A.Q,Kilogram,14,14.6,
30854471,2026-08-17,2026-08-17 08:42:37.376253,MELAKA,MELAKA TENGAH,PASAR BORONG MPHTJ BATU BERENDAM - BAHAGIAN BORONG,Borong,20,Ternakan,03,002,AYAM PROSES STANDARD,F.A.Q,Kilogram,8.5,8.457143,
30854472,2026-08-17,2026-08-17 08:42:37.376253,MELAKA,MELAKA TENGAH,PASAR BORONG MPHTJ BATU BERENDAM - BAHAGIAN BORONG,Borong,20,Ternakan,02,003,DAGING LEMBU PEJAL,F.A.Q,Kilogram,35,34,
30854473,2026-08-17,2026-08-17 08:42:37.376253,MELAKA,MELAKA TENGAH,PASAR BORONG MPHTJ BATU BERENDAM - BAHAGIAN BORONG,Borong,20,Ternakan,11,001,TELUR AYAM,B,Biji,0.46,0.41166666,
30854474,2026-08-17,2026-08-17 08:43:48.719179,SARAWAK,KUCHING,MEDAN NIAGA SATOK,Borong,20,Sayur-Sayuran,05,001,BAWANG BESAR MERAH (INDIA),F.A.Q,Kilogram,4,4,
30854475,2026-08-17,2026-08-17 08:43:48.719179,SARAWAK,KUCHING,MEDAN NIAGA SATOK,Borong,20,Sayur-Sayuran,05,001,BAWANG PUTIH (CHINA),F.A.Q,Kilogram,7,7,
30854476,2026-08-17,2026-08-17 08:43:48.719179,SARAWAK,KUCHING,MEDAN NIAGA SATOK,Borong,20,Sayur-Sayuran,03,001,BAYAM,F.A.Q,Kilogram,4,3.8333333,
30854477,2026-08-17,2026-08-17 08:43:48.719179,SARAWAK,KUCHING,MEDAN NIAGA SATOK,Borong,20,Sayur-Sayuran,02,002,CILI MERAH KULAI / KULAI HIBRID,F.A.Q,Kilogram,16,14.416667,
30854478,2026-08-17,2026-08-17 08:43:48.719179,SARAWAK,KUCHING,MEDAN NIAGA SATOK,Borong,20,Sayur-Sayuran,02,002,CILI MERAH MINYAK,F.A.Q,Kilogram,16,14.416667,
30854479,2026-08-17,2026-08-17 08:43:48.719179,SARAWAK,KUCHING,MEDAN NIAGA SATOK,Borong,20,Sayur-Sayuran,04,002,KACANG BENDI,F.A.Q,Kilogram,6,6,
30854480,2026-08-17,2026-08-17 08:43:48.719179,SARAWAK,KUCHING,MEDAN NIAGA SATOK,Borong,20,Sayur-Sayuran,04,007,KACANG PANJANG HIJAU,F.A.Q,Kilogram,6,6,
30854481,2026-08-17,2026-08-17 08:43:48.719179,SARAWAK,KUCHING,MEDAN NIAGA SATOK,Borong,20,Sayur-Sayuran,03,007,SAWI HIJAU,F.A.Q,Kilogram,6,7.3333335,
30854482,2026-08-17,2026-08-17 08:43:48.719179,SARAWAK,KUCHING,MEDAN NIAGA SATOK,Borong,20,Sayur-Sayuran,02,010,TERUNG PANJANG / PEPARU (TANAH RENDAH),F.A.Q,Kilogram,5,4.1666665,
30854483,2026-08-17,2026-08-17 08:43:48.719179,SARAWAK,KUCHING,MEDAN NIAGA SATOK,Borong,20,Sayur-Sayuran,02,011,TIMUN HIJAU,F.A.Q,Kilogram,4.5,4.9583335,
30854484,2026-08-17,2026-08-17 08:43:48.719179,SARAWAK,KUCHING,MEDAN NIAGA SATOK,Borong,20,Sayur-Sayuran,02,012,TOMATO (TANAH TINGGI),F.A.Q,Kilogram,10,10.25,
30854485,2026-08-17,2026-08-17 08:44:31.568365,JOHOR,BATU PAHAT,PASAR AWAM BATU PAHAT,Runcit,26,Buah-Buahan,01,003,CEMPEDAK KING,F.A.Q,Kilogram,7,8,
30854486,2026-08-17,2026-08-17 08:44:31.568365,JOHOR,BATU PAHAT,PASAR AWAM BATU PAHAT,Runcit,26,Buah-Buahan,01,004,DUKU,F.A.Q,Kilogram,5,15,
30854487,2026-08-17,2026-08-17 08:44:31.568365,JOHOR,BATU PAHAT,PASAR AWAM BATU PAHAT,Runcit,26,Buah-Buahan,01,012,PULASAN,F.A.Q,Kilogram,6,5,
30854488,2026-08-17,2026-08-17 08:44:47.794947,SARAWAK,KUCHING,MEDAN NIAGA SATOK,Borong,20,Buah-Buahan,02,028,PISANG BERANGAN,F.A.Q,Kilogram,3.5,4,
30854489,2026-08-17,2026-08-17 08:44:47.794947,SARAWAK,KUCHING,MEDAN NIAGA SATOK,Borong,20,Buah-Buahan,02,034,TEMBIKAI MERAH TANPA BIJI,F.A.Q,Kilogram,2.3,2.3,
30854490,2026-08-17,2026-08-17 08:45:25.302343,SARAWAK,KUCHING,MEDAN NIAGA SATOK,Borong,20,Tanaman Kontan,05,001,KELAPA DIKUPAS,SEDANG,Biji,1.6,1.6,
30854491,2026-08-17,2026-08-17 08:45:57.214561,SABAH,PENAMPANG,LADANG/KEBUN DONGGONGON,Ladang,,Sayur-Sayuran,03,001,BAYAM,F.A.Q,Kilogram,1.5,3.05,
30854492,2026-08-17,2026-08-17 08:45:57.214561,SABAH,PENAMPANG,LADANG/KEBUN DONGGONGON,Ladang,,Sayur-Sayuran,04,002,KACANG BENDI,F.A.Q,Kilogram,2.8,4.27,
30854493,2026-08-17,2026-08-17 08:45:57.214561,SABAH,PENAMPANG,LADANG/KEBUN DONGGONGON,Ladang,,Sayur-Sayuran,04,007,KACANG PANJANG HIJAU,F.A.Q,Kilogram,1.8,3.12,
30854494,2026-08-17,2026-08-17 08:45:57.214561,SABAH,PENAMPANG,LADANG/KEBUN DONGGONGON,Ladang,,Sayur-Sayuran,03,007,SAWI HIJAU,F.A.Q,Kilogram,1.6,2.2,
30854495,2026-08-17,2026-08-17 08:45:57.214561,SABAH,PENAMPANG,LADANG/KEBUN DONGGONGON,Ladang,,Sayur-Sayuran,02,010,TERUNG PANJANG / PEPARU (TANAH RENDAH),F.A.Q,Kilogram,2.3,3.99,
30854496,2026-08-17,2026-08-17 08:45:57.214561,SABAH,PENAMPANG,LADANG/KEBUN DONGGONGON,Ladang,,Sayur-Sayuran,02,011,TIMUN HIJAU,F.A.Q,Kilogram,1.5,1.5,
30854497,2026-08-17,2026-08-17 08:46:27.84245,PERAK,MANJUNG (DINDING),[LOKASI KUTIPAN HARGA LADANG] LEKIR,Ladang,,Buah-Buahan,01,003,CEMPEDAK KLON,F.A.Q,Kilogram,3,3.2,
30854498,2026-08-17,2026-08-17 08:46:27.84245,PERAK,MANJUNG (DINDING),[LOKASI KUTIPAN HARGA LADANG] LEKIR,Ladang,,Buah-Buahan,02,018,MANGGA CHOKANAN (MA224),F.A.Q,Kilogram,3.5,3.5,
30854499,2026-08-17,2026-08-17 08:46:27.84245,PERAK,MANJUNG (DINDING),[LOKASI KUTIPAN HARGA LADANG] LEKIR,Ladang,,Buah-Buahan,02,024,NANGKA TEKAM YELLOW (J33),F.A.Q,Kilogram,2.3,2.3,
30854500,2026-08-17,2026-08-17 08:46:37.058058,MELAKA,MELAKA TENGAH,PASAR BORONG MPHTJ BATU BERENDAM - BAHAGIAN BORONG,Borong,20,Sayur-Sayuran,05,001,BAWANG BESAR MERAH (INDIA),F.A.Q,Kilogram,1.8,2.1666667,
30854501,2026-08-17,2026-08-17 08:46:37.058058,MELAKA,MELAKA TENGAH,PASAR BORONG MPHTJ BATU BERENDAM - BAHAGIAN BORONG,Borong,20,Sayur-Sayuran,05,001,BAWANG PUTIH (CHINA),F.A.Q,Kilogram,7,7,
30854502,2026-08-17,2026-08-17 08:46:37.058058,MELAKA,MELAKA TENGAH,PASAR BORONG MPHTJ BATU BERENDAM - BAHAGIAN BORONG,Borong,20,Sayur-Sayuran,03,001,BAYAM,F.A.Q,Kilogram,2,2.6125,
30854503,2026-08-17,2026-08-17 08:46:37.058058,MELAKA,MELAKA TENGAH,PASAR BORONG MPHTJ BATU BERENDAM - BAHAGIAN BORONG,Borong,20,Sayur-Sayuran,03,001,BAYAM,F.A.Q,Kilogram,2,2.6125,
30854504,2026-08-17,2026-08-17 08:46:37.058058,MELAKA,MELAKA TENGAH,PASAR BORONG MPHTJ BATU BERENDAM - BAHAGIAN BORONG,Borong,20,Sayur-Sayuran,02,002,CILI MERAH KULAI / KULAI HIBRID,F.A.Q,Kilogram,12.5,12.111111,
30854505,2026-08-17,2026-08-17 08:46:37.058058,MELAKA,MELAKA TENGAH,PASAR BORONG MPHTJ BATU BERENDAM - BAHAGIAN BORONG,Borong,20,Sayur-Sayuran,02,002,CILI MERAH KULAI / KULAI HIBRID,F.A.Q,Kilogram,13,12.111111,
30854506,2026-08-17,2026-08-17 08:46:37.058058,MELAKA,MELAKA TENGAH,PASAR BORONG MPHTJ BATU BERENDAM - BAHAGIAN BORONG,Borong,20,Sayur-Sayuran,02,002,CILI MERAH MINYAK,F.A.Q,Kilogram,11.5,11.111111,
30854507,2026-08-17,2026-08-17 08:46:37.058058,MELAKA,MELAKA TENGAH,PASAR BORONG MPHTJ BATU BERENDAM - BAHAGIAN BORONG,Borong,20,Sayur-Sayuran,02,002,CILI MERAH MINYAK,F.A.Q,Kilogram,11,11.111111,
30854508,2026-08-17,2026-08-17 08:46:37.058058,MELAKA,MELAKA TENGAH,PASAR BORONG MPHTJ BATU BERENDAM - BAHAGIAN BORONG,Borong,20,Sayur-Sayuran,04,002,KACANG BENDI,F.A.Q,Kilogram,5,4.4,
30854509,2026-08-17,2026-08-17 08:46:37.058058,MELAKA,MELAKA TENGAH,PASAR BORONG MPHTJ BATU BERENDAM - BAHAGIAN BORONG,Borong,20,Sayur-Sayuran,04,002,KACANG BENDI,F.A.Q,Kilogram,5.5,4.4,
30854510,2026-08-17,2026-08-17 08:46:37.058058,MELAKA,MELAKA TENGAH,PASAR BORONG MPHTJ BATU BERENDAM - BAHAGIAN BORONG,Borong,20,Sayur-Sayuran,04,007,KACANG PANJANG HIJAU,F.A.Q,Kilogram,3.8,4.2777777,
30854511,2026-08-17,2026-08-17 08:46:37.058058,MELAKA,MELAKA TENGAH,PASAR BORONG MPHTJ BATU BERENDAM - BAHAGIAN BORONG,Borong,20,Sayur-Sayuran,04,007,KACANG PANJANG HIJAU,F.A.Q,Kilogram,4,4.2777777,
30854512,2026-08-17,2026-08-17 08:46:37.058058,MELAKA,MELAKA TENGAH,PASAR BORONG MPHTJ BATU BERENDAM - BAHAGIAN BORONG,Borong,20,Sayur-Sayuran,03,006,KUBIS BULAT (TANAH TINGGI),F.A.Q,Kilogram,2.3,2.6142857,
30854513,2026-08-17,2026-08-17 08:46:37.058058,MELAKA,MELAKA TENGAH,PASAR BORONG MPHTJ BATU BERENDAM - BAHAGIAN BORONG,Borong,20,Sayur-Sayuran,03,006,KUBIS BULAT (TANAH TINGGI),F.A.Q,Kilogram,2.5,2.6142857,
30854514,2026-08-17,2026-08-17 08:46:37.058058,MELAKA,MELAKA TENGAH,PASAR BORONG MPHTJ BATU BERENDAM - BAHAGIAN BORONG,Borong,20,Sayur-Sayuran,03,007,SAWI HIJAU,F.A.Q,Kilogram,2.8,3,
30854515,2026-08-17,2026-08-17 08:46:37.058058,MELAKA,MELAKA TENGAH,PASAR BORONG MPHTJ BATU BERENDAM - BAHAGIAN BORONG,Borong,20,Sayur-Sayuran,03,007,SAWI HIJAU,F.A.Q,Kilogram,2.6,3,
30854516,2026-08-17,2026-08-17 08:46:37.058058,MELAKA,MELAKA TENGAH,PASAR BORONG MPHTJ BATU BERENDAM - BAHAGIAN BORONG,Borong,20,Sayur-Sayuran,02,010,TERUNG PANJANG / PEPARU (TANAH RENDAH),F.A.Q,Kilogram,6,5.322222,
30854517,2026-08-17,2026-08-17 08:46:37.058058,MELAKA,MELAKA TENGAH,PASAR BORONG MPHTJ BATU BERENDAM - BAHAGIAN BORONG,Borong,20,Sayur-Sayuran,02,010,TERUNG PANJANG / PEPARU (TANAH RENDAH),F.A.Q,Kilogram,6.5,5.322222,
30854518,2026-08-17,2026-08-17 08:46:37.058058,MELAKA,MELAKA TENGAH,PASAR BORONG MPHTJ BATU BERENDAM - BAHAGIAN BORONG,Borong,20,Sayur-Sayuran,02,011,TIMUN HIJAU,F.A.Q,Kilogram,2.5,2.4555554,
30854519,2026-08-17,2026-08-17 08:46:37.058058,MELAKA,MELAKA TENGAH,PASAR BORONG MPHTJ BATU BERENDAM - BAHAGIAN BORONG,Borong,20,Sayur-Sayuran,02,011,TIMUN HIJAU,F.A.Q,Kilogram,2.3,2.4555554,
30854520,2026-08-17,2026-08-17 08:46:37.058058,MELAKA,MELAKA TENGAH,PASAR BORONG MPHTJ BATU BERENDAM - BAHAGIAN BORONG,Borong,20,Sayur-Sayuran,02,012,TOMATO (TANAH TINGGI),F.A.Q,Kilogram,6,6.911111,
30854521,2026-08-17,2026-08-17 08:46:37.058058,MELAKA,MELAKA TENGAH,PASAR BORONG MPHTJ BATU BERENDAM - BAHAGIAN BORONG,Borong,20,Sayur-Sayuran,02,012,TOMATO (TANAH TINGGI),F.A.Q,Kilogram,6,6.911111,
30854522,2026-08-17,2026-08-17 08:47:44.86104,MELAKA,MELAKA TENGAH,PASAR BORONG MPHTJ BATU BERENDAM - BAHAGIAN BORONG,Borong,20,Buah-Buahan,02,023,NANAS JOSAPINE (AC5),F.A.Q,Kilogram,3.5,3.5,
30854523,2026-08-17,2026-08-17 08:47:44.86104,MELAKA,MELAKA TENGAH,PASAR BORONG MPHTJ BATU BERENDAM - BAHAGIAN BORONG,Borong,20,Buah-Buahan,02,028,PISANG BERANGAN,F.A.Q,Kilogram,4.5,3.7666667,
30854524,2026-08-17,2026-08-17 08:47:44.86104,MELAKA,MELAKA TENGAH,PASAR BORONG MPHTJ BATU BERENDAM - BAHAGIAN BORONG,Borong,20,Buah-Buahan,02,034,TEMBIKAI MERAH TANPA BIJI,F.A.Q,Kilogram,3.5,2.875,
30854525,2026-08-17,2026-08-17 08:48:14.259136,SABAH,RANAU,[LOKASI KUTIPAN HARGA LADANG] BUNDU TUHAN,Ladang,,Sayur-Sayuran,02,002,CILI MERAH KULAI / KULAI HIBRID,F.A.Q,Kilogram,5.5,10.49,
30854526,2026-08-17,2026-08-17 08:48:14.259136,SABAH,RANAU,[LOKASI KUTIPAN HARGA LADANG] BUNDU TUHAN,Ladang,,Sayur-Sayuran,02,002,CILI MERAH MINYAK,F.A.Q,Kilogram,5,9.03,
30854527,2026-08-17,2026-08-17 08:48:14.259136,SABAH,RANAU,[LOKASI KUTIPAN HARGA LADANG] BUNDU TUHAN,Ladang,,Sayur-Sayuran,03,006,KUBIS BULAT (TANAH TINGGI),F.A.Q,Kilogram,2,1.9,
30854528,2026-08-17,2026-08-17 08:48:14.259136,SABAH,RANAU,[LOKASI KUTIPAN HARGA LADANG] BUNDU TUHAN,Ladang,,Sayur-Sayuran,02,012,TOMATO (TANAH TINGGI),F.A.Q,Kilogram,4,4.5,
30854529,2026-08-17,2026-08-17 08:48:38.143049,MELAKA,MELAKA TENGAH,PASAR BORONG MPHTJ BATU BERENDAM - BAHAGIAN BORONG,Borong,20,Tanaman Kontan,05,001,KELAPA DIKUPAS,SEDANG,Biji,1.75,1.66,
30854530,2026-08-17,2026-08-17 08:48:44.958832,SARAWAK,KUCHING,MEDAN NIAGA SATOK,Borong,20,Ternakan,03,002,AYAM PROSES STANDARD,F.A.Q,Kilogram,11.5,11.5,
30854531,2026-08-17,2026-08-17 08:48:44.958832,SARAWAK,KUCHING,MEDAN NIAGA SATOK,Borong,20,Ternakan,02,003,DAGING LEMBU PEJAL,F.A.Q,Kilogram,65,65,
30854532,2026-08-17,2026-08-17 08:48:44.958832,SARAWAK,KUCHING,MEDAN NIAGA SATOK,Borong,20,Ternakan,11,001,TELUR AYAM,B,Biji,0.52,0.52,
30854533,2026-08-17,2026-08-17 08:49:13.740149,SABAH,PENAMPANG,PASAR BORONG PENAMPANG,Borong,20,Buah-Buahan,02,023,NANAS JOSAPINE (AC5),F.A.Q,Kilogram,3.8,4.28,
30854534,2026-08-17,2026-08-17 08:49:13.740149,SABAH,PENAMPANG,PASAR BORONG PENAMPANG,Borong,20,Buah-Buahan,02,028,PISANG BERANGAN,F.A.Q,Kilogram,4,4,
30854535,2026-08-17,2026-08-17 08:49:13.740149,SABAH,PENAMPANG,PASAR BORONG PENAMPANG,Borong,20,Buah-Buahan,02,034,TEMBIKAI MERAH TANPA BIJI,F.A.Q,Kilogram,3.5,3.5,
30854536,2026-08-17,2026-08-17 08:49:25.271218,PULAU PINANG,SEBERANG PERAI TENGAH,PASAR BORONG BUKIT MERTAJAM,Borong,20,Sayur-Sayuran,03,001,BAYAM,F.A.Q,Kilogram,2.3,3.0631578,
30854537,2026-08-17,2026-08-17 08:49:25.271218,PULAU PINANG,SEBERANG PERAI TENGAH,PASAR BORONG BUKIT MERTAJAM,Borong,20,Sayur-Sayuran,02,002,CILI MERAH KULAI / KULAI HIBRID,F.A.Q,Kilogram,12.5,12.6470585,
30854538,2026-08-17,2026-08-17 08:49:25.271218,PULAU PINANG,SEBERANG PERAI TENGAH,PASAR BORONG BUKIT MERTAJAM,Borong,20,Sayur-Sayuran,02,002,CILI MERAH KULAI / KULAI HIBRID,F.A.Q,Kilogram,7,12.6470585,
30854539,2026-08-17,2026-08-17 08:49:25.271218,PULAU PINANG,SEBERANG PERAI TENGAH,PASAR BORONG BUKIT MERTAJAM,Borong,20,Sayur-Sayuran,02,002,CILI MERAH MINYAK,F.A.Q,Kilogram,9,10.47,
30854540,2026-08-17,2026-08-17 08:49:25.271218,PULAU PINANG,SEBERANG PERAI TENGAH,PASAR BORONG BUKIT MERTAJAM,Borong,20,Sayur-Sayuran,02,002,CILI MERAH MINYAK,F.A.Q,Kilogram,6,10.47,
30854541,2026-08-17,2026-08-17 08:49:25.271218,PULAU PINANG,SEBERANG PERAI TENGAH,PASAR BORONG BUKIT MERTAJAM,Borong,20,Sayur-Sayuran,04,002,KACANG BENDI,F.A.Q,Kilogram,6.8,6.95,
30854542,2026-08-17,2026-08-17 08:49:25.271218,PULAU PINANG,SEBERANG PERAI TENGAH,PASAR BORONG BUKIT MERTAJAM,Borong,20,Sayur-Sayuran,04,007,KACANG PANJANG HIJAU,F.A.Q,Kilogram,4.8,6.13,
30854543,2026-08-17,2026-08-17 08:49:25.271218,PULAU PINANG,SEBERANG PERAI TENGAH,PASAR BORONG BUKIT MERTAJAM,Borong,20,Sayur-Sayuran,03,006,KUBIS BULAT (TANAH TINGGI),F.A.Q,Kilogram,3,2.7894738,
30854544,2026-08-17,2026-08-17 08:49:25.271218,PULAU PINANG,SEBERANG PERAI TENGAH,PASAR BORONG BUKIT MERTAJAM,Borong,20,Sayur-Sayuran,03,007,SAWI HIJAU,F.A.Q,Kilogram,2.2,2.865,
30854545,2026-08-17,2026-08-17 08:49:25.271218,PULAU PINANG,SEBERANG PERAI TENGAH,PASAR BORONG BUKIT MERTAJAM,Borong,20,Sayur-Sayuran,03,007,SAWI HIJAU TANAH TINGGI,F.A.Q,Kilogram,3.6,3.8705883,
30854546,2026-08-17,2026-08-17 08:49:25.271218,PULAU PINANG,SEBERANG PERAI TENGAH,PASAR BORONG BUKIT MERTAJAM,Borong,20,Sayur-Sayuran,02,010,TERUNG PANJANG / PEPARU (TANAH RENDAH),F.A.Q,Kilogram,7.2,6.743243,
30854547,2026-08-17,2026-08-17 08:49:25.271218,PULAU PINANG,SEBERANG PERAI TENGAH,PASAR BORONG BUKIT MERTAJAM,Borong,20,Sayur-Sayuran,02,010,TERUNG PANJANG / PEPARU (TANAH RENDAH),F.A.Q,Kilogram,5.2,6.743243,
30854548,2026-08-17,2026-08-17 08:49:25.271218,PULAU PINANG,SEBERANG PERAI TENGAH,PASAR BORONG BUKIT MERTAJAM,Borong,20,Sayur-Sayuran,02,011,TIMUN HIJAU,F.A.Q,Kilogram,1.7,2.011111,
30854549,2026-08-17,2026-08-17 08:49:25.271218,PULAU PINANG,SEBERANG PERAI TENGAH,PASAR BORONG BUKIT MERTAJAM,Borong,20,Sayur-Sayuran,02,011,TIMUN HIJAU,F.A.Q,Kilogram,0.7,2.011111,
30854550,2026-08-17,2026-08-17 08:49:25.271218,PULAU PINANG,SEBERANG PERAI TENGAH,PASAR BORONG BUKIT MERTAJAM,Borong,20,Sayur-Sayuran,02,012,TOMATO (TANAH TINGGI),F.A.Q,Kilogram,7.5,7.4925,
30854551,2026-08-17,2026-08-17 08:49:25.271218,PULAU PINANG,SEBERANG PERAI TENGAH,PASAR BORONG BUKIT MERTAJAM,Borong,20,Sayur-Sayuran,02,012,TOMATO (TANAH TINGGI),F.A.Q,Kilogram,5,7.4925,
30854552,2026-08-17,2026-08-17 08:50:01.284742,PULAU PINANG,SEBERANG PERAI TENGAH,PASAR AWAM SEBERANG JAYA,Runcit,26,Buah-Buahan,02,023,NANAS JOSAPINE (AC5),F.A.Q,Kilogram,6,5,
30854553,2026-08-17,2026-08-17 08:50:01.284742,PULAU PINANG,SEBERANG PERAI TENGAH,PASAR AWAM SEBERANG JAYA,Runcit,26,Buah-Buahan,02,023,NANAS JOSAPINE (AC5),F.A.Q,Kilogram,5,5,
30854554,2026-08-17,2026-08-17 08:50:01.284742,PULAU PINANG,SEBERANG PERAI TENGAH,PASAR AWAM SEBERANG JAYA,Runcit,26,Buah-Buahan,02,028,PISANG BERANGAN,F.A.Q,Kilogram,7.5,7.263158,
30854555,2026-08-17,2026-08-17 08:50:01.284742,PULAU PINANG,SEBERANG PERAI TENGAH,PASAR AWAM SEBERANG JAYA,Runcit,26,Buah-Buahan,02,034,TEMBIKAI MERAH TANPA BIJI,F.A.Q,Kilogram,5,4.125,
30854556,2026-08-17,2026-08-17 08:50:01.284742,PULAU PINANG,SEBERANG PERAI TENGAH,PASAR AWAM SEBERANG JAYA,Runcit,26,Buah-Buahan,02,034,TEMBIKAI MERAH TANPA BIJI,F.A.Q,Kilogram,4,4.125,
30854557,2026-08-17,2026-08-17 08:50:29.702894,PERAK,MANJUNG (DINDING),PASAR AWAM MANJUNG,Runcit,26,Buah-Buahan,01,003,CEMPEDAK KLON,F.A.Q,Kilogram,6,6,
30854558,2026-08-17,2026-08-17 08:50:29.702894,PERAK,MANJUNG (DINDING),PASAR AWAM MANJUNG,Runcit,26,Buah-Buahan,01,004,DOKONG,F.A.Q,Kilogram,5,6,
30854559,2026-08-17,2026-08-17 08:50:29.702894,PERAK,MANJUNG (DINDING),PASAR AWAM MANJUNG,Runcit,26,Buah-Buahan,02,012,JAMBU BATU,F.A.Q,Kilogram,6,6,
30854560,2026-08-17,2026-08-17 08:50:29.702894,PERAK,MANJUNG (DINDING),PASAR AWAM MANJUNG,Runcit,26,Buah-Buahan,02,015,LIMAU BALI / PAMELO,F.A.Q,Kilogram,8,7.84,
30854561,2026-08-17,2026-08-17 08:50:29.702894,PERAK,MANJUNG (DINDING),PASAR AWAM MANJUNG,Runcit,26,Buah-Buahan,02,018,MANGGA CHOKANAN (MA224),F.A.Q,Kilogram,5,5,
30854562,2026-08-17,2026-08-17 08:50:29.702894,PERAK,MANJUNG (DINDING),PASAR AWAM MANJUNG,Runcit,26,Buah-Buahan,01,014,RAMBUTAN MERAH,F.A.Q,Kilogram,4,5,
30854563,2026-08-17,2026-08-17 08:50:47.151987,PULAU PINANG,SEBERANG PERAI TENGAH,PASAR AWAM SEBERANG JAYA,Runcit,26,Sayur-Sayuran,05,001,BAWANG BESAR MERAH (INDIA),F.A.Q,Kilogram,3,4,
30854564,2026-08-17,2026-08-17 08:50:47.151987,PULAU PINANG,SEBERANG PERAI TENGAH,PASAR AWAM SEBERANG JAYA,Runcit,26,Sayur-Sayuran,05,001,BAWANG PUTIH (CHINA),F.A.Q,Kilogram,10,9,
30854565,2026-08-17,2026-08-17 08:50:47.151987,PULAU PINANG,SEBERANG PERAI TENGAH,PASAR AWAM SEBERANG JAYA,Runcit,26,Sayur-Sayuran,05,001,BAWANG PUTIH (CHINA),F.A.Q,Kilogram,8,9,
30854566,2026-08-17,2026-08-17 08:51:02.858677,MELAKA,MELAKA TENGAH,,Ladang,27,Sayur-Sayuran,03,001,BAYAM,F.A.Q,Kilogram,1.5,1.675,
30854567,2026-08-17,2026-08-17 08:51:02.858677,MELAKA,MELAKA TENGAH,,Ladang,27,Sayur-Sayuran,02,002,CILI MERAH KULAI / KULAI HIBRID,F.A.Q,Kilogram,11,10.125,
30854568,2026-08-17,2026-08-17 08:51:02.858677,MELAKA,MELAKA TENGAH,,Ladang,27,Sayur-Sayuran,02,002,CILI MERAH MINYAK,F.A.Q,Kilogram,9,9,
30854569,2026-08-17,2026-08-17 08:51:02.858677,MELAKA,MELAKA TENGAH,,Ladang,27,Sayur-Sayuran,04,002,KACANG BENDI,F.A.Q,Kilogram,3.8,3.625,
30854570,2026-08-17,2026-08-17 08:51:02.858677,MELAKA,MELAKA TENGAH,,Ladang,27,Sayur-Sayuran,04,007,KACANG PANJANG HIJAU,F.A.Q,Kilogram,3,3,
30854571,2026-08-17,2026-08-17 08:51:02.858677,MELAKA,MELAKA TENGAH,,Ladang,27,Sayur-Sayuran,03,007,SAWI HIJAU,F.A.Q,Kilogram,1.7,2,
30854572,2026-08-17,2026-08-17 08:51:02.858677,MELAKA,MELAKA TENGAH,,Ladang,27,Sayur-Sayuran,02,010,TERUNG PANJANG / PEPARU (TANAH RENDAH),F.A.Q,Kilogram,4.6,3.75,
30854573,2026-08-17,2026-08-17 08:51:02.858677,MELAKA,MELAKA TENGAH,,Ladang,27,Sayur-Sayuran,02,011,TIMUN HIJAU,F.A.Q,Kilogram,1.5,1.55,
30854574,2026-08-17,2026-08-17 08:51:09.519111,PULAU PINANG,SEBERANG PERAI TENGAH,PASAR AWAM SEBERANG JAYA,Runcit,26,Buah-Buahan,02,023,NANAS JOSAPINE (AC5),F.A.Q,Kilogram,5,5,
30854575,2026-08-17,2026-08-17 08:51:09.519111,PULAU PINANG,SEBERANG PERAI TENGAH,PASAR AWAM SEBERANG JAYA,Runcit,26,Buah-Buahan,02,023,NANAS JOSAPINE (AC5),F.A.Q,Kilogram,4,5,
30854576,2026-08-17,2026-08-17 08:51:09.519111,PULAU PINANG,SEBERANG PERAI TENGAH,PASAR AWAM SEBERANG JAYA,Runcit,26,Buah-Buahan,02,028,PISANG BERANGAN,F.A.Q,Kilogram,7,7.263158,
30854577,2026-08-17,2026-08-17 08:51:09.519111,PULAU PINANG,SEBERANG PERAI TENGAH,PASAR AWAM SEBERANG JAYA,Runcit,26,Buah-Buahan,02,034,TEMBIKAI MERAH TANPA BIJI,F.A.Q,Kilogram,4,4.125,
30854578,2026-08-17,2026-08-17 08:51:09.519111,PULAU PINANG,SEBERANG PERAI TENGAH,PASAR AWAM SEBERANG JAYA,Runcit,26,Buah-Buahan,02,034,TEMBIKAI MERAH TANPA BIJI,F.A.Q,Kilogram,3.5,4.125,
30854579,2026-08-17,2026-08-17 08:51:33.924162,PULAU PINANG,SEBERANG PERAI SELATAN,LADANG/KEBUN KAMPUNG VALDOR,Ladang,,Ternakan,11,001,TELUR AYAM,B,Biji,0.46,0.41285715,
30854580,2026-08-17,2026-08-17 08:51:49.673058,MELAKA,JASIN,LADANG/KEBUN SERKAM,Ladang,,Ternakan,01,003,AYAM HIDUP,F.A.Q,Kilogram,6.9,6.9,
30854581,2026-08-17,2026-08-17 08:51:49.673058,MELAKA,JASIN,LADANG/KEBUN SERKAM,Ladang,,Ternakan,11,001,TELUR AYAM,B,Biji,0.43,0.39166668,
30854582,2026-08-17,2026-08-17 08:52:17.616091,MELAKA,JASIN,LADANG/KEBUN MERLIMAU,Ladang,,Tanaman Kontan,05,001,KELAPA DIKUPAS,SEDANG,Biji,1.5,1.4333333,
30854583,2026-08-17,2026-08-17 08:53:14.985773,MELAKA,MELAKA TENGAH,LADANG/KEBUN BUKIT KATIL,Ladang,27,Buah-Buahan,02,028,PISANG BERANGAN,F.A.Q,Kilogram,2.8,2.6,
30854584,2026-08-17,2026-08-17 08:53:14.985773,MELAKA,MELAKA TENGAH,LADANG/KEBUN BUKIT KATIL,Ladang,27,Buah-Buahan,02,034,TEMBIKAI MERAH TANPA BIJI,F.A.Q,Kilogram,2.5,2.175,
30854585,2026-08-17,2026-08-17 08:53:30.650209,SABAH,PENAMPANG,PASAR BORONG PENAMPANG,Borong,20,Tanaman Kontan,05,001,KELAPA DIKUPAS,SEDANG,Biji,2.8,2.34,
30854586,2026-08-17,2026-08-17 08:53:40.720977,PERLIS,PERLIS,PASAR AWAM SENA,Runcit,26,Sayur-Sayuran,03,001,BAYAM,F.A.Q,Kilogram,6,6.15625,
30854587,2026-08-17,2026-08-17 08:53:40.720977,PERLIS,PERLIS,PASAR AWAM SENA,Runcit,26,Sayur-Sayuran,03,001,BAYAM,F.A.Q,Kilogram,6,6.15625,
30854588,2026-08-17,2026-08-17 08:53:40.720977,PERLIS,PERLIS,PASAR AWAM SENA,Runcit,26,Sayur-Sayuran,03,001,BAYAM,F.A.Q,Kilogram,6,6.15625,
30854589,2026-08-17,2026-08-17 08:53:40.720977,PERLIS,PERLIS,PASAR AWAM SENA,Runcit,26,Sayur-Sayuran,03,001,BAYAM,F.A.Q,Kilogram,6,6.15625,
30854590,2026-08-17,2026-08-17 08:53:40.720977,PERLIS,PERLIS,PASAR AWAM SENA,Runcit,26,Sayur-Sayuran,03,001,BAYAM,F.A.Q,Kilogram,6,6.15625,
30854591,2026-08-17,2026-08-17 08:53:40.720977,PERLIS,PERLIS,PASAR AWAM SENA,Runcit,26,Sayur-Sayuran,02,002,CILI MERAH KULAI / KULAI HIBRID,F.A.Q,Kilogram,18,17.394737,
30854592,2026-08-17,2026-08-17 08:53:40.720977,PERLIS,PERLIS,PASAR AWAM SENA,Runcit,26,Sayur-Sayuran,02,002,CILI MERAH KULAI / KULAI HIBRID,F.A.Q,Kilogram,18,17.394737,
30854593,2026-08-17,2026-08-17 08:53:40.720977,PERLIS,PERLIS,PASAR AWAM SENA,Runcit,26,Sayur-Sayuran,02,002,CILI MERAH KULAI / KULAI HIBRID,F.A.Q,Kilogram,18,17.394737,
30854594,2026-08-17,2026-08-17 08:53:40.720977,PERLIS,PERLIS,PASAR AWAM SENA,Runcit,26,Sayur-Sayuran,02,002,CILI MERAH KULAI / KULAI HIBRID,F.A.Q,Kilogram,18,17.394737,
30854595,2026-08-17,2026-08-17 08:53:40.720977,PERLIS,PERLIS,PASAR AWAM SENA,Runcit,26,Sayur-Sayuran,02,002,CILI MERAH KULAI / KULAI HIBRID,F.A.Q,Kilogram,18,17.394737,
30854596,2026-08-17,2026-08-17 08:53:40.720977,PERLIS,PERLIS,PASAR AWAM SENA,Runcit,26,Sayur-Sayuran,02,002,CILI MERAH MINYAK,F.A.Q,Kilogram,14,14.073529,
30854597,2026-08-17,2026-08-17 08:53:40.720977,PERLIS,PERLIS,PASAR AWAM SENA,Runcit,26,Sayur-Sayuran,02,002,CILI MERAH MINYAK,F.A.Q,Kilogram,14,14.073529,
30854598,2026-08-17,2026-08-17 08:53:40.720977,PERLIS,PERLIS,PASAR AWAM SENA,Runcit,26,Sayur-Sayuran,02,002,CILI MERAH MINYAK,F.A.Q,Kilogram,14,14.073529,
30854599,2026-08-17,2026-08-17 08:53:40.720977,PERLIS,PERLIS,PASAR AWAM SENA,Runcit,26,Sayur-Sayuran,02,002,CILI MERAH MINYAK,F.A.Q,Kilogram,14,14.073529,
30854600,2026-08-17,2026-08-17 08:53:40.720977,PERLIS,PERLIS,PASAR AWAM SENA,Runcit,26,Sayur-Sayuran,02,002,CILI MERAH MINYAK,F.A.Q,Kilogram,14,14.073529,
30854601,2026-08-17,2026-08-17 08:53:40.720977,PERLIS,PERLIS,PASAR AWAM SENA,Runcit,26,Sayur-Sayuran,04,002,KACANG BENDI,F.A.Q,Kilogram,9,8.7625,
30854602,2026-08-17,2026-08-17 08:53:40.720977,PERLIS,PERLIS,PASAR AWAM SENA,Runcit,26,Sayur-Sayuran,04,002,KACANG BENDI,F.A.Q,Kilogram,9,8.7625,
30854603,2026-08-17,2026-08-17 08:53:40.720977,PERLIS,PERLIS,PASAR AWAM SENA,Runcit,26,Sayur-Sayuran,04,002,KACANG BENDI,F.A.Q,Kilogram,9,8.7625,
30854604,2026-08-17,2026-08-17 08:53:40.720977,PERLIS,PERLIS,PASAR AWAM SENA,Runcit,26,Sayur-Sayuran,04,002,KACANG BENDI,F.A.Q,Kilogram,9,8.7625,
30854605,2026-08-17,2026-08-17 08:53:40.720977,PERLIS,PERLIS,PASAR AWAM SENA,Runcit,26,Sayur-Sayuran,04,002,KACANG BENDI,F.A.Q,Kilogram,9,8.7625,
30854606,2026-08-17,2026-08-17 08:53:40.720977,PERLIS,PERLIS,PASAR AWAM SENA,Runcit,26,Sayur-Sayuran,04,007,KACANG PANJANG HIJAU,F.A.Q,Kilogram,8,7.525,
30854607,2026-08-17,2026-08-17 08:53:40.720977,PERLIS,PERLIS,PASAR AWAM SENA,Runcit,26,Sayur-Sayuran,04,007,KACANG PANJANG HIJAU,F.A.Q,Kilogram,8,7.525,
30854608,2026-08-17,2026-08-17 08:53:40.720977,PERLIS,PERLIS,PASAR AWAM SENA,Runcit,26,Sayur-Sayuran,04,007,KACANG PANJANG HIJAU,F.A.Q,Kilogram,8,7.525,
30854609,2026-08-17,2026-08-17 08:53:40.720977,PERLIS,PERLIS,PASAR AWAM SENA,Runcit,26,Sayur-Sayuran,04,007,KACANG PANJANG HIJAU,F.A.Q,Kilogram,8,7.525,
30854610,2026-08-17,2026-08-17 08:53:40.720977,PERLIS,PERLIS,PASAR AWAM SENA,Runcit,26,Sayur-Sayuran,04,007,KACANG PANJANG HIJAU,F.A.Q,Kilogram,8,7.525,
30854611,2026-08-17,2026-08-17 08:53:40.720977,PERLIS,PERLIS,PASAR AWAM SENA,Runcit,26,Sayur-Sayuran,03,007,SAWI HIJAU,F.A.Q,Kilogram,6,6.7647057,
30854612,2026-08-17,2026-08-17 08:53:40.720977,PERLIS,PERLIS,PASAR AWAM SENA,Runcit,26,Sayur-Sayuran,03,007,SAWI HIJAU,F.A.Q,Kilogram,6,6.7647057,
30854613,2026-08-17,2026-08-17 08:53:40.720977,PERLIS,PERLIS,PASAR AWAM SENA,Runcit,26,Sayur-Sayuran,03,007,SAWI HIJAU,F.A.Q,Kilogram,6,6.7647057,
30854614,2026-08-17,2026-08-17 08:53:40.720977,PERLIS,PERLIS,PASAR AWAM SENA,Runcit,26,Sayur-Sayuran,03,007,SAWI HIJAU,F.A.Q,Kilogram,6,6.7647057,
30854615,2026-08-17,2026-08-17 08:53:40.720977,PERLIS,PERLIS,PASAR AWAM SENA,Runcit,26,Sayur-Sayuran,03,007,SAWI HIJAU,F.A.Q,Kilogram,6,6.7647057,
30854616,2026-08-17,2026-08-17 08:53:40.720977,PERLIS,PERLIS,PASAR AWAM SENA,Runcit,26,Sayur-Sayuran,02,010,TERUNG PANJANG / PEPARU (TANAH RENDAH),F.A.Q,Kilogram,8,7.051948,
30854617,2026-08-17,2026-08-17 08:53:40.720977,PERLIS,PERLIS,PASAR AWAM SENA,Runcit,26,Sayur-Sayuran,02,010,TERUNG PANJANG / PEPARU (TANAH RENDAH),F.A.Q,Kilogram,8,7.051948,
30854618,2026-08-17,2026-08-17 08:53:40.720977,PERLIS,PERLIS,PASAR AWAM SENA,Runcit,26,Sayur-Sayuran,02,010,TERUNG PANJANG / PEPARU (TANAH RENDAH),F.A.Q,Kilogram,8,7.051948,
30854619,2026-08-17,2026-08-17 08:53:40.720977,PERLIS,PERLIS,PASAR AWAM SENA,Runcit,26,Sayur-Sayuran,02,010,TERUNG PANJANG / PEPARU (TANAH RENDAH),F.A.Q,Kilogram,8,7.051948,
30854620,2026-08-17,2026-08-17 08:53:40.720977,PERLIS,PERLIS,PASAR AWAM SENA,Runcit,26,Sayur-Sayuran,02,010,TERUNG PANJANG / PEPARU (TANAH RENDAH),F.A.Q,Kilogram,8,7.051948,
30854621,2026-08-17,2026-08-17 08:53:40.720977,PERLIS,PERLIS,PASAR AWAM SENA,Runcit,26,Sayur-Sayuran,02,011,TIMUN HIJAU,F.A.Q,Kilogram,4,4.0460525,
30854622,2026-08-17,2026-08-17 08:53:40.720977,PERLIS,PERLIS,PASAR AWAM SENA,Runcit,26,Sayur-Sayuran,02,011,TIMUN HIJAU,F.A.Q,Kilogram,4,4.0460525,
30854623,2026-08-17,2026-08-17 08:53:40.720977,PERLIS,PERLIS,PASAR AWAM SENA,Runcit,26,Sayur-Sayuran,02,011,TIMUN HIJAU,F.A.Q,Kilogram,4,4.0460525,
30854624,2026-08-17,2026-08-17 08:53:40.720977,PERLIS,PERLIS,PASAR AWAM SENA,Runcit,26,Sayur-Sayuran,02,011,TIMUN HIJAU,F.A.Q,Kilogram,4,4.0460525,
30854625,2026-08-17,2026-08-17 08:53:40.720977,PERLIS,PERLIS,PASAR AWAM SENA,Runcit,26,Sayur-Sayuran,02,011,TIMUN HIJAU,F.A.Q,Kilogram,4,4.0460525,
30854626,2026-08-17,2026-08-17 08:53:40.720977,PERLIS,PERLIS,PASAR AWAM SENA,Runcit,26,Sayur-Sayuran,02,012,TOMATO (TANAH TINGGI),F.A.Q,Kilogram,10,9.3875,
30854627,2026-08-17,2026-08-17 08:53:40.720977,PERLIS,PERLIS,PASAR AWAM SENA,Runcit,26,Sayur-Sayuran,02,012,TOMATO (TANAH TINGGI),F.A.Q,Kilogram,10,9.3875,
30854628,2026-08-17,2026-08-17 08:53:40.720977,PERLIS,PERLIS,PASAR AWAM SENA,Runcit,26,Sayur-Sayuran,02,012,TOMATO (TANAH TINGGI),F.A.Q,Kilogram,10,9.3875,
30854629,2026-08-17,2026-08-17 08:53:40.720977,PERLIS,PERLIS,PASAR AWAM SENA,Runcit,26,Sayur-Sayuran,02,012,TOMATO (TANAH TINGGI),F.A.Q,Kilogram,10,9.3875,
30854630,2026-08-17,2026-08-17 08:53:40.720977,PERLIS,PERLIS,PASAR AWAM SENA,Runcit,26,Sayur-Sayuran,02,012,TOMATO (TANAH TINGGI),F.A.Q,Kilogram,10,9.3875,
30854631,2026-08-17,2026-08-17 08:54:05.061362,SABAH,PENAMPANG,PASAR BORONG PENAMPANG,Borong,20,Ternakan,11,001,TELUR AYAM,B,Biji,0.53,0.52,
30854693,2026-08-17,2026-08-17 08:54:11.758562,PULAU PINANG,SEBERANG PERAI TENGAH,PASAR AWAM SEBERANG JAYA,Runcit,26,Ternakan,03,002,AYAM PROSES STANDARD,F.A.Q,Kilogram,11.2,11.2,
30854694,2026-08-17,2026-08-17 08:54:11.758562,PULAU PINANG,SEBERANG PERAI TENGAH,PASAR AWAM SEBERANG JAYA,Runcit,26,Ternakan,02,003,DAGING LEMBU PEJAL,F.A.Q,Kilogram,39,38,
30854695,2026-08-17,2026-08-17 08:54:11.758562,PULAU PINANG,SEBERANG PERAI TENGAH,PASAR AWAM SEBERANG JAYA,Runcit,26,Ternakan,02,003,DAGING LEMBU PEJAL,F.A.Q,Kilogram,37,38,
30854696,2026-08-17,2026-08-17 08:54:11.758562,PULAU PINANG,SEBERANG PERAI TENGAH,PASAR AWAM SEBERANG JAYA,Runcit,26,Ternakan,11,001,TELUR AYAM,B,Biji,0.5,0.47,
30854697,2026-08-17,2026-08-17 08:56:24.259215,PERLIS,PERLIS,PASAR AWAM SENA,Runcit,26,Buah-Buahan,02,028,PISANG BERANGAN,F.A.Q,Kilogram,6.5,6,
30854698,2026-08-17,2026-08-17 08:56:24.259215,PERLIS,PERLIS,PASAR AWAM SENA,Runcit,26,Buah-Buahan,02,028,PISANG BERANGAN,F.A.Q,Kilogram,6.5,6,
30854699,2026-08-17,2026-08-17 08:56:24.259215,PERLIS,PERLIS,PASAR AWAM SENA,Runcit,26,Buah-Buahan,02,028,PISANG BERANGAN,F.A.Q,Kilogram,6.5,6,
30854700,2026-08-17,2026-08-17 08:56:24.259215,PERLIS,PERLIS,PASAR AWAM SENA,Runcit,26,Buah-Buahan,02,034,TEMBIKAI MERAH TANPA BIJI,F.A.Q,Kilogram,4,4,
30854701,2026-08-17,2026-08-17 08:56:24.259215,PERLIS,PERLIS,PASAR AWAM SENA,Runcit,26,Buah-Buahan,02,034,TEMBIKAI MERAH TANPA BIJI,F.A.Q,Kilogram,4,4,
30854702,2026-08-17,2026-08-17 08:56:24.259215,PERLIS,PERLIS,PASAR AWAM SENA,Runcit,26,Buah-Buahan,02,034,TEMBIKAI MERAH TANPA BIJI,F.A.Q,Kilogram,4,4,
30854703,2026-08-17,2026-08-17 08:57:01.01926,SABAH,KOTA KINABALU,PASAR AWAM KOTA KINABALU - BAHAGIAN RUNCIT,Runcit,26,Buah-Buahan,02,023,NANAS JOSAPINE (AC5),F.A.Q,Kilogram,5.5,5.2,
30854704,2026-08-17,2026-08-17 08:57:01.01926,SABAH,KOTA KINABALU,PASAR AWAM KOTA KINABALU - BAHAGIAN RUNCIT,Runcit,26,Buah-Buahan,02,028,PISANG BERANGAN,F.A.Q,Kilogram,5,5.88,
30854705,2026-08-17,2026-08-17 08:57:01.01926,SABAH,KOTA KINABALU,PASAR AWAM KOTA KINABALU - BAHAGIAN RUNCIT,Runcit,26,Buah-Buahan,02,034,TEMBIKAI MERAH TANPA BIJI,F.A.Q,Kilogram,4.5,4.5,
30854706,2026-08-17,2026-08-17 08:57:11.880976,PERLIS,PERLIS,PASAR AWAM SENA,Runcit,26,Ternakan,03,002,AYAM PROSES STANDARD,F.A.Q,Kilogram,10.5,10.579246,
30854707,2026-08-17,2026-08-17 08:57:11.880976,PERLIS,PERLIS,PASAR AWAM SENA,Runcit,26,Ternakan,03,002,AYAM PROSES STANDARD,F.A.Q,Kilogram,10.5,10.579246,
30854708,2026-08-17,2026-08-17 08:57:11.880976,PERLIS,PERLIS,PASAR AWAM SENA,Runcit,26,Ternakan,03,002,AYAM PROSES STANDARD,F.A.Q,Kilogram,10.5,10.579246,
30854709,2026-08-17,2026-08-17 09:00:34.104763,SABAH,PENAMPANG,LADANG/KEBUN DONGGONGON,Ladang,,Buah-Buahan,02,023,NANAS JOSAPINE (AC5),F.A.Q,Kilogram,1.8,2.2,
30854710,2026-08-17,2026-08-17 09:00:34.104763,SABAH,PENAMPANG,LADANG/KEBUN DONGGONGON,Ladang,,Buah-Buahan,02,028,PISANG BERANGAN,F.A.Q,Kilogram,2.5,2.5,
30854711,2026-08-17,2026-08-17 09:00:34.104763,SABAH,PENAMPANG,LADANG/KEBUN DONGGONGON,Ladang,,Buah-Buahan,02,034,TEMBIKAI MERAH TANPA BIJI,F.A.Q,Kilogram,1.6,1.8,
30854712,2026-08-17,2026-08-17 09:00:59.035564,SABAH,PENAMPANG,LADANG/KEBUN DONGGONGON,Ladang,,Tanaman Kontan,05,001,KELAPA DIKUPAS,SEDANG,Biji,1.6,1.7,
30854713,2026-08-17,2026-08-17 09:01:11.15508,PULAU PINANG,SEBERANG PERAI TENGAH,PASAR AWAM SEBERANG JAYA,Runcit,26,Sayur-Sayuran,03,001,BAYAM,F.A.Q,Kilogram,5,5.3,
30854714,2026-08-17,2026-08-17 09:01:11.15508,PULAU PINANG,SEBERANG PERAI TENGAH,PASAR AWAM SEBERANG JAYA,Runcit,26,Sayur-Sayuran,02,002,CILI MERAH KULAI / KULAI HIBRID,F.A.Q,Kilogram,25,19.235294,
30854715,2026-08-17,2026-08-17 09:01:11.15508,PULAU PINANG,SEBERANG PERAI TENGAH,PASAR AWAM SEBERANG JAYA,Runcit,26,Sayur-Sayuran,02,002,CILI MERAH MINYAK,F.A.Q,Kilogram,15,15.05,
30854716,2026-08-17,2026-08-17 09:01:11.15508,PULAU PINANG,SEBERANG PERAI TENGAH,PASAR AWAM SEBERANG JAYA,Runcit,26,Sayur-Sayuran,04,002,KACANG BENDI,F.A.Q,Kilogram,12,10.090909,
30854717,2026-08-17,2026-08-17 09:01:11.15508,PULAU PINANG,SEBERANG PERAI TENGAH,PASAR AWAM SEBERANG JAYA,Runcit,26,Sayur-Sayuran,04,007,KACANG PANJANG HIJAU,F.A.Q,Kilogram,8,8.125,
30854718,2026-08-17,2026-08-17 09:01:11.15508,PULAU PINANG,SEBERANG PERAI TENGAH,PASAR AWAM SEBERANG JAYA,Runcit,26,Sayur-Sayuran,03,006,KUBIS BULAT (TANAH TINGGI),F.A.Q,Kilogram,7,6.525,
30854719,2026-08-17,2026-08-17 09:01:11.15508,PULAU PINANG,SEBERANG PERAI TENGAH,PASAR AWAM SEBERANG JAYA,Runcit,26,Sayur-Sayuran,03,007,SAWI HIJAU,F.A.Q,Kilogram,5,5,
30854720,2026-08-17,2026-08-17 09:01:11.15508,PULAU PINANG,SEBERANG PERAI TENGAH,PASAR AWAM SEBERANG JAYA,Runcit,26,Sayur-Sayuran,03,007,SAWI HIJAU TANAH TINGGI,F.A.Q,Kilogram,8,7.681818,
30854721,2026-08-17,2026-08-17 09:01:11.15508,PULAU PINANG,SEBERANG PERAI TENGAH,PASAR AWAM SEBERANG JAYA,Runcit,26,Sayur-Sayuran,02,010,TERUNG PANJANG / PEPARU (TANAH RENDAH),F.A.Q,Kilogram,12,11.076923,
30854722,2026-08-17,2026-08-17 09:01:11.15508,PULAU PINANG,SEBERANG PERAI TENGAH,PASAR AWAM SEBERANG JAYA,Runcit,26,Sayur-Sayuran,02,011,TIMUN HIJAU,F.A.Q,Kilogram,5,5.0416665,
30854723,2026-08-17,2026-08-17 09:01:11.15508,PULAU PINANG,SEBERANG PERAI TENGAH,PASAR AWAM SEBERANG JAYA,Runcit,26,Sayur-Sayuran,02,011,TIMUN HIJAU,F.A.Q,Kilogram,4,5.0416665,
30854724,2026-08-17,2026-08-17 09:01:11.15508,PULAU PINANG,SEBERANG PERAI TENGAH,PASAR AWAM SEBERANG JAYA,Runcit,26,Sayur-Sayuran,02,012,TOMATO (TANAH TINGGI),F.A.Q,Kilogram,12,5.71,
30854725,2026-08-17,2026-08-17 09:02:35.001158,SABAH,KOTA KINABALU,PASAR AWAM KOTA KINABALU - BAHAGIAN RUNCIT,Runcit,26,Lain-Lain Makanan Proses,15,001,SANTAN PEKAT,F.A.Q,Kilogram,14,13.77,
30854726,2026-08-17,2026-08-17 09:03:02.640906,SELANGOR,KLANG,[LOKASI KUTIPAN HARGA LADANG] JOHAN SETIA,Ladang,,Sayur-Sayuran,03,001,BAYAM,F.A.Q,Kilogram,2,2.64,
30854727,2026-08-17,2026-08-17 09:03:02.68304,SELANGOR,KLANG,[LOKASI KUTIPAN HARGA LADANG] JOHAN SETIA,Ladang,,Sayur-Sayuran,04,002,KACANG BENDI,F.A.Q,Kilogram,5,5.34,
30854728,2026-08-17,2026-08-17 09:03:02.724164,SELANGOR,KLANG,[LOKASI KUTIPAN HARGA LADANG] JOHAN SETIA,Ladang,,Sayur-Sayuran,04,007,KACANG PANJANG HIJAU,F.A.Q,Kilogram,4,4.02,
30854730,2026-08-17,2026-08-17 09:03:02.807901,SELANGOR,KLANG,[LOKASI KUTIPAN HARGA LADANG] JOHAN SETIA,Ladang,,Sayur-Sayuran,03,007,SAWI HIJAU,F.A.Q,Kilogram,3,3.39,
30854731,2026-08-17,2026-08-17 09:03:02.848998,SELANGOR,KLANG,[LOKASI KUTIPAN HARGA LADANG] JOHAN SETIA,Ladang,,Sayur-Sayuran,02,010,TERUNG PANJANG / PEPARU (TANAH RENDAH),F.A.Q,Kilogram,4,5.38,
30854732,2026-08-17,2026-08-17 09:03:02.889127,SELANGOR,KLANG,[LOKASI KUTIPAN HARGA LADANG] JOHAN SETIA,Ladang,,Sayur-Sayuran,02,011,TIMUN HIJAU,F.A.Q,Kilogram,1.5,1.67,
30854733,2026-08-17,2026-08-17 09:03:17.951134,SABAH,KOTA KINABALU,PASAR AWAM KOTA KINABALU - BAHAGIAN RUNCIT,Runcit,26,Tanaman Kontan,05,001,KELAPA DIKUPAS,SEDANG,Biji,3.5,3.43,
30854734,2026-08-17,2026-08-17 09:03:18.871698,SARAWAK,KUCHING,LADANG/KEBUN SIBURAN,Ladang,,Sayur-Sayuran,03,001,BAYAM,F.A.Q,Kilogram,2.5,2.4166667,
30854735,2026-08-17,2026-08-17 09:03:18.871698,SARAWAK,KUCHING,LADANG/KEBUN SIBURAN,Ladang,,Sayur-Sayuran,02,002,CILI MERAH KULAI / KULAI HIBRID,F.A.Q,Kilogram,10,8.416667,
30854736,2026-08-17,2026-08-17 09:03:18.871698,SARAWAK,KUCHING,LADANG/KEBUN SIBURAN,Ladang,,Sayur-Sayuran,02,002,CILI MERAH MINYAK,F.A.Q,Kilogram,10,8.416667,
30854737,2026-08-17,2026-08-17 09:03:18.871698,SARAWAK,KUCHING,LADANG/KEBUN SIBURAN,Ladang,,Sayur-Sayuran,04,002,KACANG BENDI,F.A.Q,Kilogram,3,3.0166667,
30854738,2026-08-17,2026-08-17 09:03:18.871698,SARAWAK,KUCHING,LADANG/KEBUN SIBURAN,Ladang,,Sayur-Sayuran,04,007,KACANG PANJANG HIJAU,F.A.Q,Kilogram,4,4,
30854739,2026-08-17,2026-08-17 09:03:18.871698,SARAWAK,KUCHING,LADANG/KEBUN SIBURAN,Ladang,,Sayur-Sayuran,03,007,SAWI HIJAU,F.A.Q,Kilogram,3,4.3333335,
30854740,2026-08-17,2026-08-17 09:03:18.871698,SARAWAK,KUCHING,LADANG/KEBUN SIBURAN,Ladang,,Sayur-Sayuran,02,010,TERUNG PANJANG / PEPARU (TANAH RENDAH),F.A.Q,Kilogram,3.5,2.85,
30854741,2026-08-17,2026-08-17 09:03:18.871698,SARAWAK,KUCHING,LADANG/KEBUN SIBURAN,Ladang,,Sayur-Sayuran,02,011,TIMUN HIJAU,F.A.Q,Kilogram,2.5,2.9166667,
30854742,2026-08-17,2026-08-17 09:03:30.967769,SELANGOR,KLANG,[LOKASI KUTIPAN HARGA LADANG] JOHAN SETIA,Ladang,,Sayur-Sayuran,03,001,BAYAM,F.A.Q,Kilogram,2,2.64,
30854743,2026-08-17,2026-08-17 09:03:31.011038,SELANGOR,KLANG,[LOKASI KUTIPAN HARGA LADANG] JOHAN SETIA,Ladang,,Sayur-Sayuran,04,002,KACANG BENDI,F.A.Q,Kilogram,4,5.34,
30854744,2026-08-17,2026-08-17 09:03:31.053107,SELANGOR,KLANG,[LOKASI KUTIPAN HARGA LADANG] JOHAN SETIA,Ladang,,Sayur-Sayuran,04,007,KACANG PANJANG HIJAU,F.A.Q,Kilogram,4,4.02,
30854745,2026-08-17,2026-08-17 09:03:31.093786,SELANGOR,KLANG,[LOKASI KUTIPAN HARGA LADANG] JOHAN SETIA,Ladang,,Sayur-Sayuran,03,007,SAWI HIJAU,F.A.Q,Kilogram,3,3.39,
30854746,2026-08-17,2026-08-17 09:03:31.137019,SELANGOR,KLANG,[LOKASI KUTIPAN HARGA LADANG] JOHAN SETIA,Ladang,,Sayur-Sayuran,02,010,TERUNG PANJANG / PEPARU (TANAH RENDAH),F.A.Q,Kilogram,4,5.38,
30854747,2026-08-17,2026-08-17 09:03:31.177918,SELANGOR,KLANG,[LOKASI KUTIPAN HARGA LADANG] JOHAN SETIA,Ladang,,Sayur-Sayuran,02,011,TIMUN HIJAU,F.A.Q,Kilogram,2,1.67,
30854748,2026-08-17,2026-08-17 09:04:42.22427,SABAH,KOTA KINABALU,PASAR AWAM KOTA KINABALU - BAHAGIAN RUNCIT,Runcit,26,Ternakan,02,003,DAGING LEMBU PEJAL,F.A.Q,Kilogram,28,28,
30854749,2026-08-17,2026-08-17 09:04:42.22427,SABAH,KOTA KINABALU,PASAR AWAM KOTA KINABALU - BAHAGIAN RUNCIT,Runcit,26,Ternakan,11,001,TELUR AYAM,B,Biji,0.55,0.54,
30854750,2026-08-17,2026-08-17 09:04:44.681488,PERAK,HILIR PERAK,PASAR AWAM TELUK INTAN,Runcit,26,Buah-Buahan,01,003,CEMPEDAK KAMPUNG,F.A.Q,Kilogram,8,8.58,
30854751,2026-08-17,2026-08-17 09:04:44.681488,PERAK,HILIR PERAK,PASAR AWAM TELUK INTAN,Runcit,26,Buah-Buahan,01,004,DOKONG,F.A.Q,Kilogram,8,14.17,
30854752,2026-08-17,2026-08-17 09:04:44.681488,PERAK,HILIR PERAK,PASAR AWAM TELUK INTAN,Runcit,26,Buah-Buahan,01,011,MANGGIS (IMPORT),F.A.Q,Kilogram,8,8.5,
30854753,2026-08-17,2026-08-17 09:04:44.681488,PERAK,HILIR PERAK,PASAR AWAM TELUK INTAN,Runcit,26,Buah-Buahan,01,012,PULASAN,F.A.Q,Kilogram,7,7.55,
30854754,2026-08-17,2026-08-17 09:05:21.379479,PULAU PINANG,SEBERANG PERAI TENGAH,PASAR AWAM SEBERANG JAYA,Runcit,26,Sayur-Sayuran,03,001,BAYAM,F.A.Q,Kilogram,5,5.3,
30854755,2026-08-17,2026-08-17 09:05:21.379479,PULAU PINANG,SEBERANG PERAI TENGAH,PASAR AWAM SEBERANG JAYA,Runcit,26,Sayur-Sayuran,02,002,CILI MERAH KULAI / KULAI HIBRID,F.A.Q,Kilogram,20,19.235294,
30854756,2026-08-17,2026-08-17 09:05:21.379479,PULAU PINANG,SEBERANG PERAI TENGAH,PASAR AWAM SEBERANG JAYA,Runcit,26,Sayur-Sayuran,02,002,CILI MERAH MINYAK,F.A.Q,Kilogram,15,15.05,
30854757,2026-08-17,2026-08-17 09:05:21.379479,PULAU PINANG,SEBERANG PERAI TENGAH,PASAR AWAM SEBERANG JAYA,Runcit,26,Sayur-Sayuran,04,002,KACANG BENDI,F.A.Q,Kilogram,12,10.090909,
30854758,2026-08-17,2026-08-17 09:05:21.379479,PULAU PINANG,SEBERANG PERAI TENGAH,PASAR AWAM SEBERANG JAYA,Runcit,26,Sayur-Sayuran,04,007,KACANG PANJANG HIJAU,F.A.Q,Kilogram,8,8.125,
30854759,2026-08-17,2026-08-17 09:05:21.379479,PULAU PINANG,SEBERANG PERAI TENGAH,PASAR AWAM SEBERANG JAYA,Runcit,26,Sayur-Sayuran,03,006,KUBIS BULAT (TANAH TINGGI),F.A.Q,Kilogram,6,6.525,
30854760,2026-08-17,2026-08-17 09:05:21.379479,PULAU PINANG,SEBERANG PERAI TENGAH,PASAR AWAM SEBERANG JAYA,Runcit,26,Sayur-Sayuran,03,007,SAWI HIJAU,F.A.Q,Kilogram,5,5,
30854761,2026-08-17,2026-08-17 09:05:21.379479,PULAU PINANG,SEBERANG PERAI TENGAH,PASAR AWAM SEBERANG JAYA,Runcit,26,Sayur-Sayuran,03,007,SAWI HIJAU TANAH TINGGI,F.A.Q,Kilogram,8,7.681818,
30854762,2026-08-17,2026-08-17 09:05:21.379479,PULAU PINANG,SEBERANG PERAI TENGAH,PASAR AWAM SEBERANG JAYA,Runcit,26,Sayur-Sayuran,02,010,TERUNG PANJANG / PEPARU (TANAH RENDAH),F.A.Q,Kilogram,12,11.076923,
30854763,2026-08-17,2026-08-17 09:05:21.379479,PULAU PINANG,SEBERANG PERAI TENGAH,PASAR AWAM SEBERANG JAYA,Runcit,26,Sayur-Sayuran,02,011,TIMUN HIJAU,F.A.Q,Kilogram,5,5.0416665,
30854764,2026-08-17,2026-08-17 09:05:21.379479,PULAU PINANG,SEBERANG PERAI TENGAH,PASAR AWAM SEBERANG JAYA,Runcit,26,Sayur-Sayuran,02,012,TOMATO (TANAH TINGGI),F.A.Q,Kilogram,12,5.71,
30854765,2026-08-17,2026-08-17 09:05:21.379479,PULAU PINANG,SEBERANG PERAI TENGAH,PASAR AWAM SEBERANG JAYA,Runcit,26,Sayur-Sayuran,05,009,UBI KENTANG (IMPORT),F.A.Q,Kilogram,5,4,
30854766,2026-08-17,2026-08-17 09:05:28.151045,SARAWAK,KUCHING,LADANG/KEBUN SIBURAN,Ladang,,Buah-Buahan,02,028,PISANG BERANGAN,F.A.Q,Kilogram,2.5,3,
30854767,2026-08-17,2026-08-17 09:05:28.151045,SARAWAK,KUCHING,LADANG/KEBUN SIBURAN,Ladang,,Buah-Buahan,02,034,TEMBIKAI MERAH TANPA BIJI,F.A.Q,Kilogram,1.8,1.775,
30854768,2026-08-17,2026-08-17 09:06:19.518686,TERENGGANU,KUALA TERENGGANU,PASAR BESAR KEDAI PAYANG,Runcit,,Sayur-Sayuran,05,001,BAWANG BESAR MERAH (INDIA),F.A.Q,Kilogram,5,4.44,
30854769,2026-08-17,2026-08-17 09:06:19.58352,TERENGGANU,KUALA TERENGGANU,PASAR BESAR KEDAI PAYANG,Runcit,,Sayur-Sayuran,05,001,BAWANG PUTIH (CHINA),F.A.Q,Kilogram,10,8.52,
30854770,2026-08-17,2026-08-17 09:06:32.517843,SARAWAK,KUCHING,LADANG/KEBUN SIBURAN,Ladang,,Tanaman Kontan,05,001,KELAPA DIKUPAS,SEDANG,Biji,1.2,1.2,
30854771,2026-08-17,2026-08-17 09:07:23.26253,SARAWAK,KUCHING,LADANG/KEBUN SIBURAN,Ladang,,Ternakan,11,001,TELUR AYAM,B,Biji,0.49,0.49,
30854772,2026-08-17,2026-08-17 09:07:51.179389,PULAU PINANG,SEBERANG PERAI TENGAH,PASAR AWAM SEBERANG JAYA,Runcit,26,Sayur-Sayuran,03,001,BAYAM,F.A.Q,Kilogram,5,5.3,
30854773,2026-08-17,2026-08-17 09:07:51.179389,PULAU PINANG,SEBERANG PERAI TENGAH,PASAR AWAM SEBERANG JAYA,Runcit,26,Sayur-Sayuran,02,002,CILI MERAH KULAI / KULAI HIBRID,F.A.Q,Kilogram,17,19.235294,
30854774,2026-08-17,2026-08-17 09:07:51.179389,PULAU PINANG,SEBERANG PERAI TENGAH,PASAR AWAM SEBERANG JAYA,Runcit,26,Sayur-Sayuran,02,002,CILI MERAH MINYAK,F.A.Q,Kilogram,15,15.05,
30854775,2026-08-17,2026-08-17 09:07:51.179389,PULAU PINANG,SEBERANG PERAI TENGAH,PASAR AWAM SEBERANG JAYA,Runcit,26,Sayur-Sayuran,04,002,KACANG BENDI,F.A.Q,Kilogram,12,10.090909,
30854776,2026-08-17,2026-08-17 09:07:51.179389,PULAU PINANG,SEBERANG PERAI TENGAH,PASAR AWAM SEBERANG JAYA,Runcit,26,Sayur-Sayuran,04,007,KACANG PANJANG HIJAU,F.A.Q,Kilogram,8,8.125,
30854777,2026-08-17,2026-08-17 09:07:51.179389,PULAU PINANG,SEBERANG PERAI TENGAH,PASAR AWAM SEBERANG JAYA,Runcit,26,Sayur-Sayuran,03,006,KUBIS BULAT (TANAH TINGGI),F.A.Q,Kilogram,6,6.525,
30854778,2026-08-17,2026-08-17 09:07:51.179389,PULAU PINANG,SEBERANG PERAI TENGAH,PASAR AWAM SEBERANG JAYA,Runcit,26,Sayur-Sayuran,03,007,SAWI HIJAU,F.A.Q,Kilogram,5,5,
30854779,2026-08-17,2026-08-17 09:07:51.179389,PULAU PINANG,SEBERANG PERAI TENGAH,PASAR AWAM SEBERANG JAYA,Runcit,26,Sayur-Sayuran,03,007,SAWI HIJAU TANAH TINGGI,F.A.Q,Kilogram,8,7.681818,
30854780,2026-08-17,2026-08-17 09:07:51.179389,PULAU PINANG,SEBERANG PERAI TENGAH,PASAR AWAM SEBERANG JAYA,Runcit,26,Sayur-Sayuran,02,010,TERUNG PANJANG / PEPARU (TANAH RENDAH),F.A.Q,Kilogram,12,11.076923,
30854781,2026-08-17,2026-08-17 09:07:51.179389,PULAU PINANG,SEBERANG PERAI TENGAH,PASAR AWAM SEBERANG JAYA,Runcit,26,Sayur-Sayuran,02,011,TIMUN HIJAU,F.A.Q,Kilogram,5,5.0416665,
30854782,2026-08-17,2026-08-17 09:07:51.179389,PULAU PINANG,SEBERANG PERAI TENGAH,PASAR AWAM SEBERANG JAYA,Runcit,26,Sayur-Sayuran,02,012,TOMATO (TANAH TINGGI),F.A.Q,Kilogram,12,5.71,
30854783,2026-08-17,2026-08-17 09:07:51.179389,PULAU PINANG,SEBERANG PERAI TENGAH,PASAR AWAM SEBERANG JAYA,Runcit,26,Sayur-Sayuran,05,009,UBI KENTANG (IMPORT),F.A.Q,Kilogram,4,4,
30854784,2026-08-17,2026-08-17 09:11:48.066978,TERENGGANU,KUALA TERENGGANU,PASAR BESAR KEDAI PAYANG,Runcit,,Buah-Buahan,02,023,NANAS JOSAPINE (AC5),F.A.Q,Kilogram,5,4,
30854785,2026-08-17,2026-08-17 09:11:48.128642,TERENGGANU,KUALA TERENGGANU,PASAR BESAR KEDAI PAYANG,Runcit,,Buah-Buahan,02,028,PISANG BERANGAN,F.A.Q,Kilogram,7,5.62,
30854786,2026-08-17,2026-08-17 09:11:48.188164,TERENGGANU,KUALA TERENGGANU,PASAR BESAR KEDAI PAYANG,Runcit,,Buah-Buahan,02,034,TEMBIKAI MERAH TANPA BIJI,F.A.Q,Kilogram,4,4.75,
30854787,2026-08-17,2026-08-17 09:12:03.019685,PAHANG,ROMPIN,LADANG/KEBUN KAMPUNG JAWA,Ladang,,Tanaman Kontan,05,001,KELAPA DIKUPAS,SEDANG,Biji,1.1,1.1,
30854788,2026-08-17,2026-08-17 09:12:03.019685,PAHANG,ROMPIN,LADANG/KEBUN KAMPUNG JAWA,Ladang,,Tanaman Kontan,05,001,KELAPA DIKUPAS,SEDANG,Biji,1.1,1.1,
30854789,2026-08-17,2026-08-17 09:12:31.993578,TERENGGANU,KUALA TERENGGANU,PASAR BESAR KEDAI PAYANG,Runcit,,Lain-Lain Makanan Proses,15,001,SANTAN PEKAT,F.A.Q,Kilogram,16,11.7,
30854790,2026-08-17,2026-08-17 09:12:32.065943,TERENGGANU,KUALA TERENGGANU,PASAR BESAR KEDAI PAYANG,Runcit,,Tanaman Kontan,05,001,KELAPA DIKUPAS,SEDANG,Biji,3,2.33,
30854791,2026-08-17,2026-08-17 09:13:05.428357,TERENGGANU,KUALA TERENGGANU,PASAR BESAR KEDAI PAYANG,Runcit,,Ternakan,11,001,TELUR AYAM,B,Biji,0.42,0.45,
30854792,2026-08-17,2026-08-17 09:14:16.600361,TERENGGANU,KUALA TERENGGANU,PASAR BESAR KEDAI PAYANG,Runcit,,Ternakan,03,002,AYAM PROSES STANDARD,F.A.Q,Kilogram,10.5,9.99,
30854793,2026-08-17,2026-08-17 09:15:45.224819,TERENGGANU,KUALA TERENGGANU,PASAR BESAR KEDAI PAYANG,Runcit,,Ternakan,03,002,AYAM PROSES STANDARD,F.A.Q,Kilogram,10.5,9.99,
30854794,2026-08-17,2026-08-17 09:15:45.293628,TERENGGANU,KUALA TERENGGANU,PASAR BESAR KEDAI PAYANG,Runcit,,Ternakan,02,003,DAGING LEMBU PEJAL,F.A.Q,Kilogram,29,39.05,
30854795,2026-08-17,2026-08-17 09:15:45.361109,TERENGGANU,KUALA TERENGGANU,PASAR BESAR KEDAI PAYANG,Runcit,,Ternakan,11,001,TELUR AYAM,B,Biji,0.41,0.45,
30854796,2026-08-17,2026-08-17 09:16:36.369655,PAHANG,JERANTUT,TKPM ULU CHEKA,Ladang,,Buah-Buahan,02,023,NANAS JOSAPINE (AC5),F.A.Q,Kilogram,3,3,
30854797,2026-08-17,2026-08-17 09:16:36.369655,PAHANG,JERANTUT,TKPM ULU CHEKA,Ladang,,Buah-Buahan,02,023,NANAS JOSAPINE (AC5),F.A.Q,Kilogram,3,3,
30854798,2026-08-17,2026-08-17 09:16:36.369655,PAHANG,JERANTUT,TKPM ULU CHEKA,Ladang,,Buah-Buahan,02,028,PISANG BERANGAN,F.A.Q,Kilogram,2.5,2.5916667,
30854799,2026-08-17,2026-08-17 09:16:36.369655,PAHANG,JERANTUT,TKPM ULU CHEKA,Ladang,,Buah-Buahan,02,028,PISANG BERANGAN,F.A.Q,Kilogram,2.5,2.5916667,
30854800,2026-08-17,2026-08-17 09:17:53.960025,PAHANG,KUANTAN,LADANG/KEBUN GAMBANG,Ladang,,Buah-Buahan,02,034,TEMBIKAI MERAH TANPA BIJI,F.A.Q,Kilogram,1.8,1.6,
30854801,2026-08-17,2026-08-17 09:17:53.960025,PAHANG,KUANTAN,LADANG/KEBUN GAMBANG,Ladang,,Buah-Buahan,02,034,TEMBIKAI MERAH TANPA BIJI,F.A.Q,Kilogram,1.8,1.6,
30854802,2026-08-17,2026-08-17 09:19:30.548839,PAHANG,KUANTAN,LADANG TUNAS AGRO,Ladang,,Ternakan,11,001,TELUR AYAM,B,Biji,0.39,0.395,
30854803,2026-08-17,2026-08-17 09:20:21.109236,PAHANG,KUANTAN,PASAR BORONG KEMUNTING,Borong,20,Ternakan,02,003,DAGING LEMBU PEJAL,F.A.Q,Kilogram,35,35,
30854804,2026-08-17,2026-08-17 09:20:21.109236,PAHANG,KUANTAN,PASAR BORONG KEMUNTING,Borong,20,Ternakan,02,003,DAGING LEMBU PEJAL,F.A.Q,Kilogram,35,35,
30854805,2026-08-17,2026-08-17 09:20:21.109236,PAHANG,KUANTAN,PASAR BORONG KEMUNTING,Borong,20,Ternakan,02,003,DAGING LEMBU PEJAL,F.A.Q,Kilogram,35,35,
30854806,2026-08-17,2026-08-17 09:20:36.012392,PAHANG,KUANTAN,PASAR BORONG KEMUNTING,Borong,20,Tanaman Kontan,05,001,KELAPA DIKUPAS,SEDANG,Biji,2,2,
30854807,2026-08-17,2026-08-17 09:20:36.012392,PAHANG,KUANTAN,PASAR BORONG KEMUNTING,Borong,20,Tanaman Kontan,05,001,KELAPA DIKUPAS,SEDANG,Biji,2,2,
30854808,2026-08-17,2026-08-17 09:21:12.541929,PAHANG,KUANTAN,PASAR BORONG KEMUNTING,Borong,20,Buah-Buahan,02,023,NANAS JOSAPINE (AC5),F.A.Q,Kilogram,4.5,4.5,
30854809,2026-08-17,2026-08-17 09:21:12.541929,PAHANG,KUANTAN,PASAR BORONG KEMUNTING,Borong,20,Buah-Buahan,02,023,NANAS JOSAPINE (AC5),F.A.Q,Kilogram,4.5,4.5,
30854810,2026-08-17,2026-08-17 09:21:12.541929,PAHANG,KUANTAN,PASAR BORONG KEMUNTING,Borong,20,Buah-Buahan,02,028,PISANG BERANGAN,F.A.Q,Kilogram,4.2,4.1666665,
30854811,2026-08-17,2026-08-17 09:21:12.541929,PAHANG,KUANTAN,PASAR BORONG KEMUNTING,Borong,20,Buah-Buahan,02,028,PISANG BERANGAN,F.A.Q,Kilogram,4.2,4.1666665,
30854812,2026-08-17,2026-08-17 09:21:12.541929,PAHANG,KUANTAN,PASAR BORONG KEMUNTING,Borong,20,Buah-Buahan,02,034,TEMBIKAI MERAH TANPA BIJI,F.A.Q,Kilogram,2.8,2.6,
30854813,2026-08-17,2026-08-17 09:21:12.541929,PAHANG,KUANTAN,PASAR BORONG KEMUNTING,Borong,20,Buah-Buahan,02,034,TEMBIKAI MERAH TANPA BIJI,F.A.Q,Kilogram,2.8,2.6,
30854814,2026-08-17,2026-08-17 09:21:26.553009,PAHANG,KUANTAN,PASAR BORONG KEMUNTING,Borong,20,Ternakan,11,001,TELUR AYAM,B,Biji,0.41,0.4175,
30854815,2026-08-17,2026-08-17 09:21:57.83588,TERENGGANU,KUALA TERENGGANU,PASAR BESAR KEDAI PAYANG,Runcit,,Sayur-Sayuran,03,001,BAYAM,F.A.Q,Kilogram,8,5.81,
30854816,2026-08-17,2026-08-17 09:21:57.890751,TERENGGANU,KUALA TERENGGANU,PASAR BESAR KEDAI PAYANG,Runcit,,Sayur-Sayuran,02,002,CILI MERAH KULAI / KULAI HIBRID,F.A.Q,Kilogram,16,16.31,
30854817,2026-08-17,2026-08-17 09:21:57.943035,TERENGGANU,KUALA TERENGGANU,PASAR BESAR KEDAI PAYANG,Runcit,,Sayur-Sayuran,02,002,CILI MERAH MINYAK,F.A.Q,Kilogram,12,14.1,
30854818,2026-08-17,2026-08-17 09:21:57.99397,TERENGGANU,KUALA TERENGGANU,PASAR BESAR KEDAI PAYANG,Runcit,,Sayur-Sayuran,04,002,KACANG BENDI,F.A.Q,Kilogram,8,10.44,
30854819,2026-08-17,2026-08-17 09:21:58.049546,TERENGGANU,KUALA TERENGGANU,PASAR BESAR KEDAI PAYANG,Runcit,,Sayur-Sayuran,04,007,KACANG PANJANG HIJAU,F.A.Q,Kilogram,8,7.99,
30854820,2026-08-17,2026-08-17 09:21:58.101696,TERENGGANU,KUALA TERENGGANU,PASAR BESAR KEDAI PAYANG,Runcit,,Sayur-Sayuran,03,006,KUBIS BULAT (TANAH TINGGI),F.A.Q,Kilogram,4.5,4.58,
30854821,2026-08-17,2026-08-17 09:21:58.15937,TERENGGANU,KUALA TERENGGANU,PASAR BESAR KEDAI PAYANG,Runcit,,Sayur-Sayuran,03,007,SAWI HIJAU,F.A.Q,Kilogram,6,6.22,
30854822,2026-08-17,2026-08-17 09:21:58.217099,TERENGGANU,KUALA TERENGGANU,PASAR BESAR KEDAI PAYANG,Runcit,,Sayur-Sayuran,02,010,TERUNG PANJANG / PEPARU (TANAH RENDAH),F.A.Q,Kilogram,7,9.47,
30854823,2026-08-17,2026-08-17 09:21:58.270585,TERENGGANU,KUALA TERENGGANU,PASAR BESAR KEDAI PAYANG,Runcit,,Sayur-Sayuran,02,011,TIMUN HIJAU,F.A.Q,Kilogram,4,4.08,
30854824,2026-08-17,2026-08-17 09:21:58.333038,TERENGGANU,KUALA TERENGGANU,PASAR BESAR KEDAI PAYANG,Runcit,,Sayur-Sayuran,02,012,TOMATO (TANAH TINGGI),F.A.Q,Kilogram,10,8.71,
30854825,2026-08-17,2026-08-17 09:22:15.460376,PAHANG,KUANTAN,PASAR BORONG KEMUNTING,Borong,20,Ternakan,03,002,AYAM PROSES STANDARD,F.A.Q,Kilogram,9.7,9.7,
30854826,2026-08-17,2026-08-17 09:22:15.460376,PAHANG,KUANTAN,PASAR BORONG KEMUNTING,Borong,20,Ternakan,03,002,AYAM PROSES STANDARD,F.A.Q,Kilogram,9.7,9.7,
30854827,2026-08-17,2026-08-17 09:22:15.460376,PAHANG,KUANTAN,PASAR BORONG KEMUNTING,Borong,20,Ternakan,03,002,AYAM PROSES STANDARD,F.A.Q,Kilogram,9.7,9.7,
30854828,2026-08-17,2026-08-17 09:22:39.214897,PAHANG,KUANTAN,PASAR BORONG KEMUNTING,Borong,20,Sayur-Sayuran,05,001,BAWANG BESAR MERAH (INDIA),F.A.Q,Kilogram,2,2,
30854829,2026-08-17,2026-08-17 09:22:39.214897,PAHANG,KUANTAN,PASAR BORONG KEMUNTING,Borong,20,Sayur-Sayuran,05,001,BAWANG BESAR MERAH (INDIA),F.A.Q,Kilogram,2,2,
30854830,2026-08-17,2026-08-17 09:22:39.214897,PAHANG,KUANTAN,PASAR BORONG KEMUNTING,Borong,20,Sayur-Sayuran,05,001,BAWANG PUTIH (CHINA),F.A.Q,Kilogram,7,7,
30854831,2026-08-17,2026-08-17 09:22:39.214897,PAHANG,KUANTAN,PASAR BORONG KEMUNTING,Borong,20,Sayur-Sayuran,05,001,BAWANG PUTIH (CHINA),F.A.Q,Kilogram,7,7,
30854832,2026-08-17,2026-08-17 09:23:12.344662,PAHANG,KUANTAN,PASAR BESAR KUANTAN,Runcit,26,Ternakan,11,001,TELUR AYAM,B,Biji,0.43,0.4375,
30854833,2026-08-17,2026-08-17 09:23:35.056227,PAHANG,KUANTAN,PASAR BESAR KUANTAN,Runcit,26,Ternakan,02,003,DAGING LEMBU PEJAL,F.A.Q,Kilogram,38,38,
30854834,2026-08-17,2026-08-17 09:23:35.056227,PAHANG,KUANTAN,PASAR BESAR KUANTAN,Runcit,26,Ternakan,02,003,DAGING LEMBU PEJAL,F.A.Q,Kilogram,38,38,
30854835,2026-08-17,2026-08-17 09:23:35.056227,PAHANG,KUANTAN,PASAR BESAR KUANTAN,Runcit,26,Ternakan,02,003,DAGING LEMBU PEJAL,F.A.Q,Kilogram,38,38,
30854836,2026-08-17,2026-08-17 09:23:44.026556,PAHANG,KUANTAN,PASAR BESAR KUANTAN,Runcit,26,Lain-Lain Makanan Proses,15,001,SANTAN PEKAT,F.A.Q,Kilogram,20,20,
30854837,2026-08-17,2026-08-17 09:24:02.049989,PAHANG,KUANTAN,PASAR BESAR KUANTAN,Runcit,26,Tanaman Kontan,05,001,KELAPA DIKUPAS,SEDANG,Biji,2.9,2.9333334,
30854838,2026-08-17,2026-08-17 09:24:02.049989,PAHANG,KUANTAN,PASAR BESAR KUANTAN,Runcit,26,Tanaman Kontan,05,001,KELAPA DIKUPAS,SEDANG,Biji,2.9,2.9333334,
30854839,2026-08-17,2026-08-17 09:24:56.805039,PAHANG,KUANTAN,PASAR BESAR KUANTAN,Runcit,26,Buah-Buahan,02,023,NANAS JOSAPINE (AC5),F.A.Q,Kilogram,6,6,
30854840,2026-08-17,2026-08-17 09:24:56.805039,PAHANG,KUANTAN,PASAR BESAR KUANTAN,Runcit,26,Buah-Buahan,02,023,NANAS JOSAPINE (AC5),F.A.Q,Kilogram,6,6,
30854841,2026-08-17,2026-08-17 09:24:56.805039,PAHANG,KUANTAN,PASAR BESAR KUANTAN,Runcit,26,Buah-Buahan,02,028,PISANG BERANGAN,F.A.Q,Kilogram,5.2,5.3333335,
30854842,2026-08-17,2026-08-17 09:24:56.805039,PAHANG,KUANTAN,PASAR BESAR KUANTAN,Runcit,26,Buah-Buahan,02,028,PISANG BERANGAN,F.A.Q,Kilogram,5.2,5.3333335,
30854843,2026-08-17,2026-08-17 09:24:56.805039,PAHANG,KUANTAN,PASAR BESAR KUANTAN,Runcit,26,Buah-Buahan,02,034,TEMBIKAI MERAH TANPA BIJI,F.A.Q,Kilogram,3.8,3.6,
30854844,2026-08-17,2026-08-17 09:24:56.805039,PAHANG,KUANTAN,PASAR BESAR KUANTAN,Runcit,26,Buah-Buahan,02,034,TEMBIKAI MERAH TANPA BIJI,F.A.Q,Kilogram,3.8,3.6,
30854867,2026-08-17,2026-08-17 09:27:01.00523,SABAH,KENINGAU,,Ladang,06,Sayur-Sayuran,03,001,BAYAM,F.A.Q,Kilogram,2.5,2.5,
30854868,2026-08-17,2026-08-17 09:27:01.00523,SABAH,KENINGAU,,Ladang,06,Sayur-Sayuran,02,002,CILI MERAH KULAI / KULAI HIBRID,F.A.Q,Kilogram,10,11.35,
30854869,2026-08-17,2026-08-17 09:27:01.00523,SABAH,KENINGAU,,Ladang,06,Sayur-Sayuran,02,002,CILI MERAH MINYAK,F.A.Q,Kilogram,8,10.2,
30854870,2026-08-17,2026-08-17 09:27:01.00523,SABAH,KENINGAU,,Ladang,06,Sayur-Sayuran,04,002,KACANG BENDI,F.A.Q,Kilogram,2.6,4.27,
30854871,2026-08-17,2026-08-17 09:27:01.00523,SABAH,KENINGAU,,Ladang,06,Sayur-Sayuran,04,007,KACANG PANJANG HIJAU,F.A.Q,Kilogram,2,3,
30854872,2026-08-17,2026-08-17 09:27:01.00523,SABAH,KENINGAU,,Ladang,06,Sayur-Sayuran,03,006,KUBIS BULAT (TANAH TINGGI),F.A.Q,Kilogram,3,1.8,
30854873,2026-08-17,2026-08-17 09:27:01.00523,SABAH,KENINGAU,,Ladang,06,Sayur-Sayuran,03,007,SAWI HIJAU,F.A.Q,Kilogram,2.7,2.6,
30854874,2026-08-17,2026-08-17 09:27:01.00523,SABAH,KENINGAU,,Ladang,06,Sayur-Sayuran,02,010,TERUNG PANJANG / PEPARU (TANAH RENDAH),F.A.Q,Kilogram,2.6,3.99,
30854875,2026-08-17,2026-08-17 09:27:01.00523,SABAH,KENINGAU,,Ladang,06,Sayur-Sayuran,02,011,TIMUN HIJAU,F.A.Q,Kilogram,1.6,1.3,
30854876,2026-08-17,2026-08-17 09:27:01.00523,SABAH,KENINGAU,,Ladang,06,Sayur-Sayuran,02,012,TOMATO (TANAH TINGGI),F.A.Q,Kilogram,4,4,
30854877,2026-08-17,2026-08-17 09:28:07.700943,PAHANG,KUANTAN,PASAR BESAR KUANTAN,Runcit,26,Ternakan,03,002,AYAM PROSES STANDARD,F.A.Q,Kilogram,11.7,11.7,
30854878,2026-08-17,2026-08-17 09:28:07.700943,PAHANG,KUANTAN,PASAR BESAR KUANTAN,Runcit,26,Ternakan,03,002,AYAM PROSES STANDARD,F.A.Q,Kilogram,11.7,11.7,
30854879,2026-08-17,2026-08-17 09:28:07.700943,PAHANG,KUANTAN,PASAR BESAR KUANTAN,Runcit,26,Ternakan,03,002,AYAM PROSES STANDARD,F.A.Q,Kilogram,11.7,11.7,
30854880,2026-08-17,2026-08-17 09:28:39.4779,PAHANG,KUANTAN,PASAR BESAR KUANTAN,Runcit,26,Sayur-Sayuran,05,001,BAWANG BESAR MERAH (INDIA),F.A.Q,Kilogram,3,3,
30854881,2026-08-17,2026-08-17 09:28:39.4779,PAHANG,KUANTAN,PASAR BESAR KUANTAN,Runcit,26,Sayur-Sayuran,05,001,BAWANG BESAR MERAH (INDIA),F.A.Q,Kilogram,3,3,
30854882,2026-08-17,2026-08-17 09:28:39.4779,PAHANG,KUANTAN,PASAR BESAR KUANTAN,Runcit,26,Sayur-Sayuran,05,001,BAWANG BESAR MERAH (INDIA),F.A.Q,Kilogram,3,3,
30854883,2026-08-17,2026-08-17 09:28:39.4779,PAHANG,KUANTAN,PASAR BESAR KUANTAN,Runcit,26,Sayur-Sayuran,05,001,BAWANG PUTIH (CHINA),F.A.Q,Kilogram,8,8,
30854884,2026-08-17,2026-08-17 09:28:39.4779,PAHANG,KUANTAN,PASAR BESAR KUANTAN,Runcit,26,Sayur-Sayuran,05,001,BAWANG PUTIH (CHINA),F.A.Q,Kilogram,8,8,
30854885,2026-08-17,2026-08-17 09:28:39.4779,PAHANG,KUANTAN,PASAR BESAR KUANTAN,Runcit,26,Sayur-Sayuran,05,001,BAWANG PUTIH (CHINA),F.A.Q,Kilogram,8,8,
30854886,2026-08-17,2026-08-17 09:28:59.713332,W.P. LABUAN,LABUAN,PASAR SENTRAL LABUAN,Borong,20,Sayur-Sayuran,05,001,BAWANG BESAR MERAH (INDIA),F.A.Q,Kilogram,4,3.46,
30854887,2026-08-17,2026-08-17 09:28:59.713332,W.P. LABUAN,LABUAN,PASAR SENTRAL LABUAN,Borong,20,Sayur-Sayuran,05,001,BAWANG PUTIH (CHINA),F.A.Q,Kilogram,6.5,6.5,
30854888,2026-08-17,2026-08-17 09:28:59.713332,W.P. LABUAN,LABUAN,PASAR SENTRAL LABUAN,Borong,20,Sayur-Sayuran,03,001,BAYAM,F.A.Q,Kilogram,3.5,3.5,
30854889,2026-08-17,2026-08-17 09:28:59.713332,W.P. LABUAN,LABUAN,PASAR SENTRAL LABUAN,Borong,20,Sayur-Sayuran,02,002,CILI MERAH KULAI / KULAI HIBRID,F.A.Q,Kilogram,18,18,
30854890,2026-08-17,2026-08-17 09:28:59.713332,W.P. LABUAN,LABUAN,PASAR SENTRAL LABUAN,Borong,20,Sayur-Sayuran,02,002,CILI MERAH MINYAK,F.A.Q,Kilogram,17,17,
30854891,2026-08-17,2026-08-17 09:28:59.713332,W.P. LABUAN,LABUAN,PASAR SENTRAL LABUAN,Borong,20,Sayur-Sayuran,04,002,KACANG BENDI,F.A.Q,Kilogram,5,6.56,
30854892,2026-08-17,2026-08-17 09:28:59.713332,W.P. LABUAN,LABUAN,PASAR SENTRAL LABUAN,Borong,20,Sayur-Sayuran,04,007,KACANG PANJANG HIJAU,F.A.Q,Kilogram,5,6.13,
30854893,2026-08-17,2026-08-17 09:28:59.713332,W.P. LABUAN,LABUAN,PASAR SENTRAL LABUAN,Borong,20,Sayur-Sayuran,03,006,KUBIS BULAT (TANAH TINGGI),F.A.Q,Kilogram,3.5,3.5,
30854894,2026-08-17,2026-08-17 09:28:59.713332,W.P. LABUAN,LABUAN,PASAR SENTRAL LABUAN,Borong,20,Buah-Buahan,02,023,NANAS JOSAPINE (AC5),F.A.Q,Kilogram,5,5,
30854895,2026-08-17,2026-08-17 09:28:59.713332,W.P. LABUAN,LABUAN,PASAR SENTRAL LABUAN,Borong,20,Buah-Buahan,02,028,PISANG BERANGAN,F.A.Q,Kilogram,4,4,
30854896,2026-08-17,2026-08-17 09:28:59.713332,W.P. LABUAN,LABUAN,PASAR SENTRAL LABUAN,Borong,20,Sayur-Sayuran,03,007,SAWI HIJAU,F.A.Q,Kilogram,5,4.21,
30854897,2026-08-17,2026-08-17 09:28:59.713332,W.P. LABUAN,LABUAN,PASAR SENTRAL LABUAN,Borong,20,Buah-Buahan,02,034,TEMBIKAI MERAH TANPA BIJI,F.A.Q,Kilogram,3.5,3.5,
30854898,2026-08-17,2026-08-17 09:28:59.713332,W.P. LABUAN,LABUAN,PASAR SENTRAL LABUAN,Borong,20,Sayur-Sayuran,02,010,TERUNG PANJANG / PEPARU (TANAH RENDAH),F.A.Q,Kilogram,8,7.33,
30854899,2026-08-17,2026-08-17 09:28:59.713332,W.P. LABUAN,LABUAN,PASAR SENTRAL LABUAN,Borong,20,Sayur-Sayuran,02,011,TIMUN HIJAU,F.A.Q,Kilogram,3,3,
30854900,2026-08-17,2026-08-17 09:28:59.713332,W.P. LABUAN,LABUAN,PASAR SENTRAL LABUAN,Borong,20,Sayur-Sayuran,02,012,TOMATO (TANAH TINGGI),F.A.Q,Kilogram,6,7.1,
30854901,2026-08-17,2026-08-17 09:28:59.713332,W.P. LABUAN,LABUAN,PASAR SENTRAL LABUAN,Borong,20,Sayur-Sayuran,05,009,UBI KENTANG HOLLAND,F.A.Q,Kilogram,3,2.62,
30854902,2026-08-17,2026-08-17 09:29:21.852984,W.P. LABUAN,LABUAN,PELADANG OUTLET,Borong,20,Tanaman Kontan,05,001,KELAPA DIKUPAS,SEDANG,Biji,1.8,1.78,
30854903,2026-08-17,2026-08-17 09:29:37.276363,W.P. LABUAN,LABUAN,[LOKASI KUTIPAN HARGA PASAR BORONG / PUSAT PEMBORONGAN] KAMPUNG LAYANG-LAYANG,Borong,20,Ternakan,03,002,AYAM PROSES STANDARD,F.A.Q,Kilogram,11.3,11.3,
30854904,2026-08-17,2026-08-17 09:30:20.59592,W.P. LABUAN,LABUAN,PASAR SENTRAL LABUAN,Borong,20,Ternakan,11,001,TELUR AYAM,A,Biji,0.49,0.45,
30854905,2026-08-17,2026-08-17 09:30:20.59592,W.P. LABUAN,LABUAN,PASAR SENTRAL LABUAN,Borong,20,Ternakan,11,001,TELUR AYAM,B,Biji,0.47,0.47,
30854906,2026-08-17,2026-08-17 09:30:20.59592,W.P. LABUAN,LABUAN,PASAR SENTRAL LABUAN,Borong,20,Ternakan,11,001,TELUR AYAM,C,Biji,0.45,0.41,
30854919,2026-08-17,2026-08-17 09:33:50.969063,W.P. LABUAN,LABUAN,PASAR SENTRAL LABUAN,Runcit,26,Sayur-Sayuran,05,001,BAWANG BESAR MERAH (INDIA),F.A.Q,Kilogram,6,6,
30854920,2026-08-17,2026-08-17 09:33:50.969063,W.P. LABUAN,LABUAN,PASAR SENTRAL LABUAN,Runcit,26,Sayur-Sayuran,05,001,BAWANG PUTIH (CHINA),F.A.Q,Kilogram,10,9,
30854921,2026-08-17,2026-08-17 09:33:50.969063,W.P. LABUAN,LABUAN,PASAR SENTRAL LABUAN,Runcit,26,Sayur-Sayuran,03,001,BAYAM,F.A.Q,Kilogram,5,5,
30854922,2026-08-17,2026-08-17 09:33:50.969063,W.P. LABUAN,LABUAN,PASAR SENTRAL LABUAN,Runcit,26,Sayur-Sayuran,02,002,CILI MERAH KULAI / KULAI HIBRID,F.A.Q,Kilogram,28,22.05,
30854923,2026-08-17,2026-08-17 09:33:50.969063,W.P. LABUAN,LABUAN,PASAR SENTRAL LABUAN,Runcit,26,Sayur-Sayuran,02,002,CILI MERAH MINYAK,F.A.Q,Kilogram,26,21.9,
30854924,2026-08-17,2026-08-17 09:33:50.969063,W.P. LABUAN,LABUAN,PASAR SENTRAL LABUAN,Runcit,26,Sayur-Sayuran,04,002,KACANG BENDI,F.A.Q,Kilogram,8,8,
30854925,2026-08-17,2026-08-17 09:33:50.969063,W.P. LABUAN,LABUAN,PASAR SENTRAL LABUAN,Runcit,26,Sayur-Sayuran,04,007,KACANG PANJANG HIJAU,F.A.Q,Kilogram,7,8.57,
30854926,2026-08-17,2026-08-17 09:33:50.969063,W.P. LABUAN,LABUAN,PASAR SENTRAL LABUAN,Runcit,26,Sayur-Sayuran,03,006,KUBIS BULAT (TANAH TINGGI),F.A.Q,Kilogram,6.5,6.5,
30854927,2026-08-17,2026-08-17 09:33:50.969063,W.P. LABUAN,LABUAN,PASAR SENTRAL LABUAN,Runcit,26,Sayur-Sayuran,03,007,SAWI HIJAU,F.A.Q,Kilogram,7,6.96,
30854928,2026-08-17,2026-08-17 09:33:50.969063,W.P. LABUAN,LABUAN,PASAR SENTRAL LABUAN,Runcit,26,Sayur-Sayuran,02,010,TERUNG PANJANG / PEPARU (TANAH RENDAH),F.A.Q,Kilogram,8,8,
30854929,2026-08-17,2026-08-17 09:33:50.969063,W.P. LABUAN,LABUAN,PASAR SENTRAL LABUAN,Runcit,26,Sayur-Sayuran,02,011,TIMUN HIJAU,F.A.Q,Kilogram,4,4,
30854930,2026-08-17,2026-08-17 09:33:50.969063,W.P. LABUAN,LABUAN,PASAR SENTRAL LABUAN,Runcit,26,Sayur-Sayuran,02,012,TOMATO (TANAH TINGGI),F.A.Q,Kilogram,10,9.5,
30854931,2026-08-17,2026-08-17 09:33:50.969063,W.P. LABUAN,LABUAN,PASAR SENTRAL LABUAN,Runcit,26,Sayur-Sayuran,05,009,UBI KENTANG HOLLAND,F.A.Q,Kilogram,5,4.09,
30854932,2026-08-17,2026-08-17 09:34:21.962739,W.P. LABUAN,LABUAN,PASAR SENTRAL LABUAN,Runcit,26,Buah-Buahan,02,005,BETIK SEKAKI,F.A.Q,Kilogram,5,4.98,
30854933,2026-08-17,2026-08-17 09:34:21.962739,W.P. LABUAN,LABUAN,PASAR SENTRAL LABUAN,Runcit,26,Buah-Buahan,02,023,NANAS JOSAPINE (AC5),F.A.Q,Kilogram,8.5,8.94,
30854934,2026-08-17,2026-08-17 09:34:21.962739,W.P. LABUAN,LABUAN,PASAR SENTRAL LABUAN,Runcit,26,Buah-Buahan,02,028,PISANG BERANGAN,F.A.Q,Kilogram,5.5,5.5,
30854935,2026-08-17,2026-08-17 09:34:21.962739,W.P. LABUAN,LABUAN,PASAR SENTRAL LABUAN,Runcit,26,Buah-Buahan,02,028,PISANG MAS,F.A.Q,Kilogram,6,5.43,
30854936,2026-08-17,2026-08-17 09:34:21.962739,W.P. LABUAN,LABUAN,PASAR SENTRAL LABUAN,Runcit,26,Buah-Buahan,02,034,TEMBIKAI MERAH TANPA BIJI,F.A.Q,Kilogram,5,4.5,
30854942,2026-08-17,2026-08-17 09:34:55.817187,W.P. LABUAN,LABUAN,PASAR SENTRAL LABUAN,Runcit,26,Ternakan,03,002,AYAM PROSES STANDARD,F.A.Q,Kilogram,12.5,12.5,
30854943,2026-08-17,2026-08-17 09:34:55.817187,W.P. LABUAN,LABUAN,PASAR SENTRAL LABUAN,Runcit,26,Ternakan,03,002,AYAM PROSES SUPER,F.A.Q,Kilogram,13.5,13.5,
30854944,2026-08-17,2026-08-17 09:34:55.817187,W.P. LABUAN,LABUAN,PASAR SENTRAL LABUAN,Runcit,26,Lain-Lain Makanan Proses,15,001,SANTAN PEKAT,F.A.Q,Kilogram,18,18,
30854945,2026-08-17,2026-08-17 09:35:26.496372,W.P. LABUAN,LABUAN,PASAR SENTRAL LABUAN,Runcit,26,Ternakan,11,001,TELUR AYAM,A,Biji,0.63,0.47,
30854946,2026-08-17,2026-08-17 09:35:26.496372,W.P. LABUAN,LABUAN,PASAR SENTRAL LABUAN,Runcit,26,Ternakan,11,001,TELUR AYAM,B,Biji,0.6,0.45,
30854947,2026-08-17,2026-08-17 09:35:26.496372,W.P. LABUAN,LABUAN,PASAR SENTRAL LABUAN,Runcit,26,Ternakan,11,001,TELUR AYAM,C,Biji,0.57,0.43,
30854948,2026-08-17,2026-08-17 09:35:42.538556,W.P. LABUAN,LABUAN,PASAR SENTRAL LABUAN,Runcit,26,Ternakan,02,003,DAGING LEMBU PEJAL,F.A.Q,Kilogram,46,46,
30854949,2026-08-17,2026-08-17 09:35:59.637915,PAHANG,KUANTAN,PASAR BESAR KUANTAN,Runcit,26,Sayur-Sayuran,03,001,BAYAM,F.A.Q,Kilogram,6,5.775,
30854950,2026-08-17,2026-08-17 09:35:59.637915,PAHANG,KUANTAN,PASAR BESAR KUANTAN,Runcit,26,Sayur-Sayuran,03,001,BAYAM,F.A.Q,Kilogram,6,5.775,
30854951,2026-08-17,2026-08-17 09:35:59.637915,PAHANG,KUANTAN,PASAR BESAR KUANTAN,Runcit,26,Sayur-Sayuran,03,001,BAYAM,F.A.Q,Kilogram,6,5.775,
30854952,2026-08-17,2026-08-17 09:35:59.637915,PAHANG,KUANTAN,PASAR BESAR KUANTAN,Runcit,26,Sayur-Sayuran,03,001,BAYAM,F.A.Q,Kilogram,6,5.775,
30854953,2026-08-17,2026-08-17 09:35:59.637915,PAHANG,KUANTAN,PASAR BESAR KUANTAN,Runcit,26,Sayur-Sayuran,03,001,BAYAM,F.A.Q,Kilogram,6,5.775,
30854954,2026-08-17,2026-08-17 09:35:59.637915,PAHANG,KUANTAN,PASAR BESAR KUANTAN,Runcit,26,Sayur-Sayuran,02,002,CILI MERAH KULAI / KULAI HIBRID,F.A.Q,Kilogram,18,17.31,
30854955,2026-08-17,2026-08-17 09:35:59.637915,PAHANG,KUANTAN,PASAR BESAR KUANTAN,Runcit,26,Sayur-Sayuran,02,002,CILI MERAH KULAI / KULAI HIBRID,F.A.Q,Kilogram,18,17.31,
30854956,2026-08-17,2026-08-17 09:35:59.637915,PAHANG,KUANTAN,PASAR BESAR KUANTAN,Runcit,26,Sayur-Sayuran,02,002,CILI MERAH KULAI / KULAI HIBRID,F.A.Q,Kilogram,17.5,17.31,
30854957,2026-08-17,2026-08-17 09:35:59.637915,PAHANG,KUANTAN,PASAR BESAR KUANTAN,Runcit,26,Sayur-Sayuran,02,002,CILI MERAH KULAI / KULAI HIBRID,F.A.Q,Kilogram,17.8,17.31,
30854958,2026-08-17,2026-08-17 09:35:59.637915,PAHANG,KUANTAN,PASAR BESAR KUANTAN,Runcit,26,Sayur-Sayuran,02,002,CILI MERAH KULAI / KULAI HIBRID,F.A.Q,Kilogram,17.5,17.31,
30854959,2026-08-17,2026-08-17 09:35:59.637915,PAHANG,KUANTAN,PASAR BESAR KUANTAN,Runcit,26,Sayur-Sayuran,02,002,CILI MERAH MINYAK,F.A.Q,Kilogram,12,13.168333,
30854960,2026-08-17,2026-08-17 09:35:59.637915,PAHANG,KUANTAN,PASAR BESAR KUANTAN,Runcit,26,Sayur-Sayuran,02,002,CILI MERAH MINYAK,F.A.Q,Kilogram,12,13.168333,
30854961,2026-08-17,2026-08-17 09:35:59.637915,PAHANG,KUANTAN,PASAR BESAR KUANTAN,Runcit,26,Sayur-Sayuran,02,002,CILI MERAH MINYAK,F.A.Q,Kilogram,12.5,13.168333,
30854962,2026-08-17,2026-08-17 09:35:59.637915,PAHANG,KUANTAN,PASAR BESAR KUANTAN,Runcit,26,Sayur-Sayuran,02,002,CILI MERAH MINYAK,F.A.Q,Kilogram,12.3,13.168333,
30854963,2026-08-17,2026-08-17 09:35:59.637915,PAHANG,KUANTAN,PASAR BESAR KUANTAN,Runcit,26,Sayur-Sayuran,02,002,CILI MERAH MINYAK,F.A.Q,Kilogram,12.2,13.168333,
30854964,2026-08-17,2026-08-17 09:35:59.637915,PAHANG,KUANTAN,PASAR BESAR KUANTAN,Runcit,26,Sayur-Sayuran,04,002,KACANG BENDI,F.A.Q,Kilogram,7.8,7.48,
30854965,2026-08-17,2026-08-17 09:35:59.637915,PAHANG,KUANTAN,PASAR BESAR KUANTAN,Runcit,26,Sayur-Sayuran,04,002,KACANG BENDI,F.A.Q,Kilogram,8,7.48,
30854966,2026-08-17,2026-08-17 09:35:59.637915,PAHANG,KUANTAN,PASAR BESAR KUANTAN,Runcit,26,Sayur-Sayuran,04,002,KACANG BENDI,F.A.Q,Kilogram,8,7.48,
30854967,2026-08-17,2026-08-17 09:35:59.637915,PAHANG,KUANTAN,PASAR BESAR KUANTAN,Runcit,26,Sayur-Sayuran,04,002,KACANG BENDI,F.A.Q,Kilogram,7.8,7.48,
30854968,2026-08-17,2026-08-17 09:35:59.637915,PAHANG,KUANTAN,PASAR BESAR KUANTAN,Runcit,26,Sayur-Sayuran,04,002,KACANG BENDI,F.A.Q,Kilogram,8,7.48,
30854969,2026-08-17,2026-08-17 09:35:59.637915,PAHANG,KUANTAN,PASAR BESAR KUANTAN,Runcit,26,Sayur-Sayuran,04,003,KACANG BUNCIS,F.A.Q,Kilogram,15,13.79,
30854970,2026-08-17,2026-08-17 09:35:59.637915,PAHANG,KUANTAN,PASAR BESAR KUANTAN,Runcit,26,Sayur-Sayuran,04,003,KACANG BUNCIS,F.A.Q,Kilogram,15,13.79,
30854971,2026-08-17,2026-08-17 09:35:59.637915,PAHANG,KUANTAN,PASAR BESAR KUANTAN,Runcit,26,Sayur-Sayuran,04,003,KACANG BUNCIS,F.A.Q,Kilogram,14.5,13.79,
30854972,2026-08-17,2026-08-17 09:35:59.637915,PAHANG,KUANTAN,PASAR BESAR KUANTAN,Runcit,26,Sayur-Sayuran,04,003,KACANG BUNCIS,F.A.Q,Kilogram,14.8,13.79,
30854973,2026-08-17,2026-08-17 09:35:59.637915,PAHANG,KUANTAN,PASAR BESAR KUANTAN,Runcit,26,Sayur-Sayuran,04,003,KACANG BUNCIS,F.A.Q,Kilogram,14.8,13.79,
30854974,2026-08-17,2026-08-17 09:35:59.637915,PAHANG,KUANTAN,PASAR BESAR KUANTAN,Runcit,26,Sayur-Sayuran,04,007,KACANG PANJANG HIJAU,F.A.Q,Kilogram,8,7.391667,
30854975,2026-08-17,2026-08-17 09:35:59.637915,PAHANG,KUANTAN,PASAR BESAR KUANTAN,Runcit,26,Sayur-Sayuran,04,007,KACANG PANJANG HIJAU,F.A.Q,Kilogram,8,7.391667,
30854976,2026-08-17,2026-08-17 09:35:59.637915,PAHANG,KUANTAN,PASAR BESAR KUANTAN,Runcit,26,Sayur-Sayuran,04,007,KACANG PANJANG HIJAU,F.A.Q,Kilogram,7.8,7.391667,
30854977,2026-08-17,2026-08-17 09:35:59.637915,PAHANG,KUANTAN,PASAR BESAR KUANTAN,Runcit,26,Sayur-Sayuran,04,007,KACANG PANJANG HIJAU,F.A.Q,Kilogram,7.8,7.391667,
30854978,2026-08-17,2026-08-17 09:35:59.637915,PAHANG,KUANTAN,PASAR BESAR KUANTAN,Runcit,26,Sayur-Sayuran,04,007,KACANG PANJANG HIJAU,F.A.Q,Kilogram,8,7.391667,
30854979,2026-08-17,2026-08-17 09:35:59.637915,PAHANG,KUANTAN,PASAR BESAR KUANTAN,Runcit,26,Sayur-Sayuran,03,006,KUBIS BULAT (TANAH TINGGI),F.A.Q,Kilogram,5.5,5.5416665,
30854980,2026-08-17,2026-08-17 09:35:59.637915,PAHANG,KUANTAN,PASAR BESAR KUANTAN,Runcit,26,Sayur-Sayuran,03,007,SAWI HIJAU,F.A.Q,Kilogram,6,5.9066668,
30854981,2026-08-17,2026-08-17 09:35:59.637915,PAHANG,KUANTAN,PASAR BESAR KUANTAN,Runcit,26,Sayur-Sayuran,03,007,SAWI HIJAU,F.A.Q,Kilogram,6,5.9066668,
30854982,2026-08-17,2026-08-17 09:35:59.637915,PAHANG,KUANTAN,PASAR BESAR KUANTAN,Runcit,26,Sayur-Sayuran,03,007,SAWI HIJAU,F.A.Q,Kilogram,6,5.9066668,
30854983,2026-08-17,2026-08-17 09:35:59.637915,PAHANG,KUANTAN,PASAR BESAR KUANTAN,Runcit,26,Sayur-Sayuran,03,007,SAWI HIJAU,F.A.Q,Kilogram,6,5.9066668,
30854984,2026-08-17,2026-08-17 09:35:59.637915,PAHANG,KUANTAN,PASAR BESAR KUANTAN,Runcit,26,Sayur-Sayuran,03,007,SAWI HIJAU,F.A.Q,Kilogram,6,5.9066668,
30854985,2026-08-17,2026-08-17 09:35:59.637915,PAHANG,KUANTAN,PASAR BESAR KUANTAN,Runcit,26,Sayur-Sayuran,02,010,TERUNG PANJANG / PEPARU (TANAH RENDAH),F.A.Q,Kilogram,9.5,9.428333,
30854986,2026-08-17,2026-08-17 09:35:59.637915,PAHANG,KUANTAN,PASAR BESAR KUANTAN,Runcit,26,Sayur-Sayuran,02,010,TERUNG PANJANG / PEPARU (TANAH RENDAH),F.A.Q,Kilogram,9.5,9.428333,
30854987,2026-08-17,2026-08-17 09:35:59.637915,PAHANG,KUANTAN,PASAR BESAR KUANTAN,Runcit,26,Sayur-Sayuran,02,010,TERUNG PANJANG / PEPARU (TANAH RENDAH),F.A.Q,Kilogram,9.3,9.428333,
30854988,2026-08-17,2026-08-17 09:35:59.637915,PAHANG,KUANTAN,PASAR BESAR KUANTAN,Runcit,26,Sayur-Sayuran,02,010,TERUNG PANJANG / PEPARU (TANAH RENDAH),F.A.Q,Kilogram,9.3,9.428333,
30854989,2026-08-17,2026-08-17 09:35:59.637915,PAHANG,KUANTAN,PASAR BESAR KUANTAN,Runcit,26,Sayur-Sayuran,02,010,TERUNG PANJANG / PEPARU (TANAH RENDAH),F.A.Q,Kilogram,9.5,9.428333,
30854990,2026-08-17,2026-08-17 09:35:59.637915,PAHANG,KUANTAN,PASAR BESAR KUANTAN,Runcit,26,Sayur-Sayuran,02,011,TIMUN HIJAU,F.A.Q,Kilogram,4,3.6583333,
30854991,2026-08-17,2026-08-17 09:35:59.637915,PAHANG,KUANTAN,PASAR BESAR KUANTAN,Runcit,26,Sayur-Sayuran,02,011,TIMUN HIJAU,F.A.Q,Kilogram,3.8,3.6583333,
30854992,2026-08-17,2026-08-17 09:35:59.637915,PAHANG,KUANTAN,PASAR BESAR KUANTAN,Runcit,26,Sayur-Sayuran,02,011,TIMUN HIJAU,F.A.Q,Kilogram,3.7,3.6583333,
30854993,2026-08-17,2026-08-17 09:35:59.637915,PAHANG,KUANTAN,PASAR BESAR KUANTAN,Runcit,26,Sayur-Sayuran,02,011,TIMUN HIJAU,F.A.Q,Kilogram,3.8,3.6583333,
30854994,2026-08-17,2026-08-17 09:35:59.637915,PAHANG,KUANTAN,PASAR BESAR KUANTAN,Runcit,26,Sayur-Sayuran,02,011,TIMUN HIJAU,F.A.Q,Kilogram,4,3.6583333,
30854995,2026-08-17,2026-08-17 09:35:59.637915,PAHANG,KUANTAN,PASAR BESAR KUANTAN,Runcit,26,Sayur-Sayuran,02,012,TOMATO (TANAH TINGGI),F.A.Q,Kilogram,9.5,10.366667,
30854996,2026-08-17,2026-08-17 09:35:59.637915,PAHANG,KUANTAN,PASAR BESAR KUANTAN,Runcit,26,Sayur-Sayuran,02,012,TOMATO (TANAH TINGGI),F.A.Q,Kilogram,9.5,10.366667,
30854997,2026-08-17,2026-08-17 09:35:59.637915,PAHANG,KUANTAN,PASAR BESAR KUANTAN,Runcit,26,Sayur-Sayuran,02,012,TOMATO (TANAH TINGGI),F.A.Q,Kilogram,9.5,10.366667,
30854998,2026-08-17,2026-08-17 09:35:59.637915,PAHANG,KUANTAN,PASAR BESAR KUANTAN,Runcit,26,Sayur-Sayuran,02,012,TOMATO (TANAH TINGGI),F.A.Q,Kilogram,9.6,10.366667,
30854999,2026-08-17,2026-08-17 09:35:59.637915,PAHANG,KUANTAN,PASAR BESAR KUANTAN,Runcit,26,Sayur-Sayuran,02,012,TOMATO (TANAH TINGGI),F.A.Q,Kilogram,9.7,10.366667,
30855000,2026-08-17,2026-08-17 09:36:00.251244,SABAH,KENINGAU,PASAR TANI KEKAL (PTK) KENINGAU,Borong,20,Sayur-Sayuran,05,001,BAWANG BESAR MERAH (INDIA),F.A.Q,Kilogram,5,6,
30855001,2026-08-17,2026-08-17 09:36:00.251244,SABAH,KENINGAU,PASAR TANI KEKAL (PTK) KENINGAU,Borong,20,Sayur-Sayuran,05,001,BAWANG PUTIH (CHINA),F.A.Q,Kilogram,8,8,
30855002,2026-08-17,2026-08-17 09:36:00.251244,SABAH,KENINGAU,PASAR TANI KEKAL (PTK) KENINGAU,Borong,20,Sayur-Sayuran,03,001,BAYAM,F.A.Q,Kilogram,4,4.7,
30855003,2026-08-17,2026-08-17 09:36:00.251244,SABAH,KENINGAU,PASAR TANI KEKAL (PTK) KENINGAU,Borong,20,Sayur-Sayuran,02,002,CILI MERAH KULAI / KULAI HIBRID,F.A.Q,Kilogram,14,14.7,
30855004,2026-08-17,2026-08-17 09:36:00.251244,SABAH,KENINGAU,PASAR TANI KEKAL (PTK) KENINGAU,Borong,20,Sayur-Sayuran,02,002,CILI MERAH MINYAK,F.A.Q,Kilogram,13,15,
30855005,2026-08-17,2026-08-17 09:36:00.251244,SABAH,KENINGAU,PASAR TANI KEKAL (PTK) KENINGAU,Borong,20,Sayur-Sayuran,04,002,KACANG BENDI,F.A.Q,Kilogram,4,5.8,
30855006,2026-08-17,2026-08-17 09:36:00.251244,SABAH,KENINGAU,PASAR TANI KEKAL (PTK) KENINGAU,Borong,20,Sayur-Sayuran,04,007,KACANG PANJANG HIJAU,F.A.Q,Kilogram,4,4,
30855007,2026-08-17,2026-08-17 09:36:00.251244,SABAH,KENINGAU,PASAR TANI KEKAL (PTK) KENINGAU,Borong,20,Sayur-Sayuran,03,006,KUBIS BULAT (TANAH TINGGI),F.A.Q,Kilogram,4,2.6,
30855008,2026-08-17,2026-08-17 09:36:00.251244,SABAH,KENINGAU,PASAR TANI KEKAL (PTK) KENINGAU,Borong,20,Sayur-Sayuran,03,007,SAWI HIJAU,F.A.Q,Kilogram,4,4,
30855009,2026-08-17,2026-08-17 09:36:00.251244,SABAH,KENINGAU,PASAR TANI KEKAL (PTK) KENINGAU,Borong,20,Sayur-Sayuran,02,010,TERUNG PANJANG / PEPARU (TANAH RENDAH),F.A.Q,Kilogram,4.6,7.33,
30855010,2026-08-17,2026-08-17 09:36:00.251244,SABAH,KENINGAU,PASAR TANI KEKAL (PTK) KENINGAU,Borong,20,Sayur-Sayuran,02,011,TIMUN HIJAU,F.A.Q,Kilogram,2.5,2.45,
30855011,2026-08-17,2026-08-17 09:36:00.251244,SABAH,KENINGAU,PASAR TANI KEKAL (PTK) KENINGAU,Borong,20,Sayur-Sayuran,02,012,TOMATO (TANAH TINGGI),F.A.Q,Kilogram,6,6,
30855012,2026-08-17,2026-08-17 09:37:42.588638,SELANGOR,PETALING,"KOMPLEKS PASAR BORONG SELANGOR, SERI KEMBANGAN",Runcit,26,Buah-Buahan,02,023,NANAS JOSAPINE (AC5),F.A.Q,Kilogram,4,4.52,
30855013,2026-08-17,2026-08-17 09:37:42.588638,SELANGOR,PETALING,"KOMPLEKS PASAR BORONG SELANGOR, SERI KEMBANGAN",Runcit,26,Buah-Buahan,02,028,PISANG BERANGAN,F.A.Q,Kilogram,5.5,5.88,
30855014,2026-08-17,2026-08-17 09:37:42.588638,SELANGOR,PETALING,"KOMPLEKS PASAR BORONG SELANGOR, SERI KEMBANGAN",Runcit,26,Buah-Buahan,02,034,TEMBIKAI MERAH TANPA BIJI,F.A.Q,Kilogram,3.5,3.49,
30855015,2026-08-17,2026-08-17 09:38:05.595716,SELANGOR,PETALING,"KOMPLEKS PASAR BORONG SELANGOR, SERI KEMBANGAN",Borong,20,Buah-Buahan,02,023,NANAS JOSAPINE (AC5),F.A.Q,Kilogram,3,3.19,
30855016,2026-08-17,2026-08-17 09:38:05.595716,SELANGOR,PETALING,"KOMPLEKS PASAR BORONG SELANGOR, SERI KEMBANGAN",Borong,20,Buah-Buahan,02,028,PISANG BERANGAN,F.A.Q,Kilogram,4.5,3.99,
30855017,2026-08-17,2026-08-17 09:38:05.595716,SELANGOR,PETALING,"KOMPLEKS PASAR BORONG SELANGOR, SERI KEMBANGAN",Borong,20,Buah-Buahan,02,034,TEMBIKAI MERAH TANPA BIJI,F.A.Q,Kilogram,2.5,2.23,
30855018,2026-08-17,2026-08-17 09:38:30.247675,SELANGOR,PETALING,"KOMPLEKS PASAR BORONG SELANGOR, SERI KEMBANGAN",Runcit,26,Buah-Buahan,02,023,NANAS JOSAPINE (AC5),F.A.Q,Kilogram,4,4.52,
30855019,2026-08-17,2026-08-17 09:38:30.247675,SELANGOR,PETALING,"KOMPLEKS PASAR BORONG SELANGOR, SERI KEMBANGAN",Runcit,26,Buah-Buahan,02,028,PISANG BERANGAN,F.A.Q,Kilogram,5.5,5.88,
30855020,2026-08-17,2026-08-17 09:38:30.247675,SELANGOR,PETALING,"KOMPLEKS PASAR BORONG SELANGOR, SERI KEMBANGAN",Runcit,26,Buah-Buahan,02,034,TEMBIKAI MERAH TANPA BIJI,F.A.Q,Kilogram,3.5,3.49,
30855021,2026-08-17,2026-08-17 09:39:06.449051,SELANGOR,PETALING,"KOMPLEKS PASAR BORONG SELANGOR, SERI KEMBANGAN",Borong,20,Buah-Buahan,02,023,NANAS JOSAPINE (AC5),F.A.Q,Kilogram,3,3.19,
30855022,2026-08-17,2026-08-17 09:39:06.449051,SELANGOR,PETALING,"KOMPLEKS PASAR BORONG SELANGOR, SERI KEMBANGAN",Borong,20,Buah-Buahan,02,028,PISANG BERANGAN,F.A.Q,Kilogram,4.5,3.99,
30855023,2026-08-17,2026-08-17 09:39:06.449051,SELANGOR,PETALING,"KOMPLEKS PASAR BORONG SELANGOR, SERI KEMBANGAN",Borong,20,Buah-Buahan,02,034,TEMBIKAI MERAH TANPA BIJI,F.A.Q,Kilogram,2.5,2.23,
30855024,2026-08-17,2026-08-17 09:39:18.816553,SELANGOR,PETALING,"KOMPLEKS PASAR BORONG SELANGOR, SERI KEMBANGAN",Runcit,26,Ternakan,03,002,AYAM PROSES STANDARD,F.A.Q,Kilogram,10.5,10.09,
30855025,2026-08-17,2026-08-17 09:39:32.214363,SELANGOR,PETALING,"KOMPLEKS PASAR BORONG SELANGOR, SERI KEMBANGAN",Borong,20,Ternakan,03,002,AYAM PROSES STANDARD,F.A.Q,Kilogram,9.1,8.42,
30855026,2026-08-17,2026-08-17 09:39:47.174915,SELANGOR,PETALING,"KOMPLEKS PASAR BORONG SELANGOR, SERI KEMBANGAN",Runcit,26,Ternakan,11,001,TELUR AYAM,B,Biji,0.42,0.45,
30855027,2026-08-17,2026-08-17 09:40:00.535781,SELANGOR,PETALING,"KOMPLEKS PASAR BORONG SELANGOR, SERI KEMBANGAN",Borong,20,Ternakan,11,001,TELUR AYAM,B,Biji,0.4,0.43,
30855028,2026-08-17,2026-08-17 09:40:41.804992,SELANGOR,PETALING,"KOMPLEKS PASAR BORONG SELANGOR, SERI KEMBANGAN",Runcit,26,Tanaman Kontan,05,001,KELAPA DIKUPAS,SEDANG,Biji,3,2.33,
30855029,2026-08-17,2026-08-17 09:40:41.804992,SELANGOR,PETALING,"KOMPLEKS PASAR BORONG SELANGOR, SERI KEMBANGAN",Runcit,26,Lain-Lain Makanan Proses,15,001,SANTAN PEKAT,F.A.Q,Kilogram,12,11.7,
30855030,2026-08-17,2026-08-17 09:42:49.409036,SELANGOR,PETALING,"KOMPLEKS PASAR BORONG SELANGOR, SERI KEMBANGAN",Borong,20,Tanaman Kontan,05,001,KELAPA DIKUPAS,SEDANG,Biji,2.5,2.34,
30855031,2026-08-17,2026-08-17 09:43:14.370783,PAHANG,KUANTAN,PASAR BORONG KEMUNTING,Borong,20,Sayur-Sayuran,03,001,BAYAM,F.A.Q,Kilogram,3.8,3.615,
30855032,2026-08-17,2026-08-17 09:43:14.370783,PAHANG,KUANTAN,PASAR BORONG KEMUNTING,Borong,20,Sayur-Sayuran,03,001,BAYAM,F.A.Q,Kilogram,3.8,3.615,
30855033,2026-08-17,2026-08-17 09:43:14.370783,PAHANG,KUANTAN,PASAR BORONG KEMUNTING,Borong,20,Sayur-Sayuran,03,001,BAYAM,F.A.Q,Kilogram,3.9,3.615,
30855034,2026-08-17,2026-08-17 09:43:14.370783,PAHANG,KUANTAN,PASAR BORONG KEMUNTING,Borong,20,Sayur-Sayuran,03,001,BAYAM,F.A.Q,Kilogram,3.9,3.615,
30855035,2026-08-17,2026-08-17 09:43:14.370783,PAHANG,KUANTAN,PASAR BORONG KEMUNTING,Borong,20,Sayur-Sayuran,03,001,BAYAM,F.A.Q,Kilogram,3.8,3.615,
30855036,2026-08-17,2026-08-17 09:43:14.370783,PAHANG,KUANTAN,PASAR BORONG KEMUNTING,Borong,20,Sayur-Sayuran,02,002,CILI MERAH KULAI / KULAI HIBRID,F.A.Q,Kilogram,13.5,14.095,
30855037,2026-08-17,2026-08-17 09:43:14.370783,PAHANG,KUANTAN,PASAR BORONG KEMUNTING,Borong,20,Sayur-Sayuran,02,002,CILI MERAH KULAI / KULAI HIBRID,F.A.Q,Kilogram,13.5,14.095,
30855038,2026-08-17,2026-08-17 09:43:14.370783,PAHANG,KUANTAN,PASAR BORONG KEMUNTING,Borong,20,Sayur-Sayuran,02,002,CILI MERAH KULAI / KULAI HIBRID,F.A.Q,Kilogram,14,14.095,
30855039,2026-08-17,2026-08-17 09:43:14.370783,PAHANG,KUANTAN,PASAR BORONG KEMUNTING,Borong,20,Sayur-Sayuran,02,002,CILI MERAH KULAI / KULAI HIBRID,F.A.Q,Kilogram,13.3,14.095,
30855040,2026-08-17,2026-08-17 09:43:14.370783,PAHANG,KUANTAN,PASAR BORONG KEMUNTING,Borong,20,Sayur-Sayuran,02,002,CILI MERAH KULAI / KULAI HIBRID,F.A.Q,Kilogram,13.8,14.095,
30855041,2026-08-17,2026-08-17 09:43:14.370783,PAHANG,KUANTAN,PASAR BORONG KEMUNTING,Borong,20,Sayur-Sayuran,02,002,CILI MERAH MINYAK,F.A.Q,Kilogram,10,11.003333,
30855042,2026-08-17,2026-08-17 09:43:14.370783,PAHANG,KUANTAN,PASAR BORONG KEMUNTING,Borong,20,Sayur-Sayuran,02,002,CILI MERAH MINYAK,F.A.Q,Kilogram,10,11.003333,
30855043,2026-08-17,2026-08-17 09:43:14.370783,PAHANG,KUANTAN,PASAR BORONG KEMUNTING,Borong,20,Sayur-Sayuran,02,002,CILI MERAH MINYAK,F.A.Q,Kilogram,10.5,11.003333,
30855044,2026-08-17,2026-08-17 09:43:14.370783,PAHANG,KUANTAN,PASAR BORONG KEMUNTING,Borong,20,Sayur-Sayuran,02,002,CILI MERAH MINYAK,F.A.Q,Kilogram,10.5,11.003333,
30855045,2026-08-17,2026-08-17 09:43:14.370783,PAHANG,KUANTAN,PASAR BORONG KEMUNTING,Borong,20,Sayur-Sayuran,02,002,CILI MERAH MINYAK,F.A.Q,Kilogram,10.3,11.003333,
30855046,2026-08-17,2026-08-17 09:43:14.370783,PAHANG,KUANTAN,PASAR BORONG KEMUNTING,Borong,20,Sayur-Sayuran,04,002,KACANG BENDI,F.A.Q,Kilogram,5.7,5.3566666,
30855047,2026-08-17,2026-08-17 09:43:14.370783,PAHANG,KUANTAN,PASAR BORONG KEMUNTING,Borong,20,Sayur-Sayuran,04,002,KACANG BENDI,F.A.Q,Kilogram,5.8,5.3566666,
30855048,2026-08-17,2026-08-17 09:43:14.370783,PAHANG,KUANTAN,PASAR BORONG KEMUNTING,Borong,20,Sayur-Sayuran,04,002,KACANG BENDI,F.A.Q,Kilogram,6,5.3566666,
30855049,2026-08-17,2026-08-17 09:43:14.370783,PAHANG,KUANTAN,PASAR BORONG KEMUNTING,Borong,20,Sayur-Sayuran,04,002,KACANG BENDI,F.A.Q,Kilogram,6,5.3566666,
30855050,2026-08-17,2026-08-17 09:43:14.370783,PAHANG,KUANTAN,PASAR BORONG KEMUNTING,Borong,20,Sayur-Sayuran,04,002,KACANG BENDI,F.A.Q,Kilogram,5.7,5.3566666,
30855051,2026-08-17,2026-08-17 09:43:14.370783,PAHANG,KUANTAN,PASAR BORONG KEMUNTING,Borong,20,Sayur-Sayuran,04,003,KACANG BUNCIS,F.A.Q,Kilogram,10,10.6866665,
30855052,2026-08-17,2026-08-17 09:43:14.370783,PAHANG,KUANTAN,PASAR BORONG KEMUNTING,Borong,20,Sayur-Sayuran,04,003,KACANG BUNCIS,F.A.Q,Kilogram,10,10.6866665,
30855053,2026-08-17,2026-08-17 09:43:14.370783,PAHANG,KUANTAN,PASAR BORONG KEMUNTING,Borong,20,Sayur-Sayuran,04,003,KACANG BUNCIS,F.A.Q,Kilogram,9.8,10.6866665,
30855054,2026-08-17,2026-08-17 09:43:14.370783,PAHANG,KUANTAN,PASAR BORONG KEMUNTING,Borong,20,Sayur-Sayuran,04,003,KACANG BUNCIS,F.A.Q,Kilogram,9.8,10.6866665,
30855055,2026-08-17,2026-08-17 09:43:14.370783,PAHANG,KUANTAN,PASAR BORONG KEMUNTING,Borong,20,Sayur-Sayuran,04,003,KACANG BUNCIS,F.A.Q,Kilogram,10,10.6866665,
30855056,2026-08-17,2026-08-17 09:43:14.370783,PAHANG,KUANTAN,PASAR BORONG KEMUNTING,Borong,20,Sayur-Sayuran,04,007,KACANG PANJANG HIJAU,F.A.Q,Kilogram,5.5,4.9966664,
30855057,2026-08-17,2026-08-17 09:43:14.370783,PAHANG,KUANTAN,PASAR BORONG KEMUNTING,Borong,20,Sayur-Sayuran,04,007,KACANG PANJANG HIJAU,F.A.Q,Kilogram,5.3,4.9966664,
30855058,2026-08-17,2026-08-17 09:43:14.370783,PAHANG,KUANTAN,PASAR BORONG KEMUNTING,Borong,20,Sayur-Sayuran,04,007,KACANG PANJANG HIJAU,F.A.Q,Kilogram,5.5,4.9966664,
30855059,2026-08-17,2026-08-17 09:43:14.370783,PAHANG,KUANTAN,PASAR BORONG KEMUNTING,Borong,20,Sayur-Sayuran,04,007,KACANG PANJANG HIJAU,F.A.Q,Kilogram,5.3,4.9966664,
30855060,2026-08-17,2026-08-17 09:43:14.370783,PAHANG,KUANTAN,PASAR BORONG KEMUNTING,Borong,20,Sayur-Sayuran,04,007,KACANG PANJANG HIJAU,F.A.Q,Kilogram,5.5,4.9966664,
30855061,2026-08-17,2026-08-17 09:43:14.370783,PAHANG,KUANTAN,PASAR BORONG KEMUNTING,Borong,20,Sayur-Sayuran,03,006,KUBIS BULAT (TANAH TINGGI),F.A.Q,Kilogram,4,4.0416665,
30855062,2026-08-17,2026-08-17 09:43:14.370783,PAHANG,KUANTAN,PASAR BORONG KEMUNTING,Borong,20,Sayur-Sayuran,03,007,SAWI HIJAU,F.A.Q,Kilogram,4,3.855,
30855063,2026-08-17,2026-08-17 09:43:14.370783,PAHANG,KUANTAN,PASAR BORONG KEMUNTING,Borong,20,Sayur-Sayuran,03,007,SAWI HIJAU,F.A.Q,Kilogram,4,3.855,
30855064,2026-08-17,2026-08-17 09:43:14.370783,PAHANG,KUANTAN,PASAR BORONG KEMUNTING,Borong,20,Sayur-Sayuran,03,007,SAWI HIJAU,F.A.Q,Kilogram,3.8,3.855,
30855065,2026-08-17,2026-08-17 09:43:14.370783,PAHANG,KUANTAN,PASAR BORONG KEMUNTING,Borong,20,Sayur-Sayuran,03,007,SAWI HIJAU,F.A.Q,Kilogram,4,3.855,
30855066,2026-08-17,2026-08-17 09:43:14.370783,PAHANG,KUANTAN,PASAR BORONG KEMUNTING,Borong,20,Sayur-Sayuran,03,007,SAWI HIJAU,F.A.Q,Kilogram,3.9,3.855,
30855067,2026-08-17,2026-08-17 09:43:14.370783,PAHANG,KUANTAN,PASAR BORONG KEMUNTING,Borong,20,Sayur-Sayuran,02,010,TERUNG PANJANG / PEPARU (TANAH RENDAH),F.A.Q,Kilogram,7.5,7.3616667,
30855068,2026-08-17,2026-08-17 09:43:14.370783,PAHANG,KUANTAN,PASAR BORONG KEMUNTING,Borong,20,Sayur-Sayuran,02,010,TERUNG PANJANG / PEPARU (TANAH RENDAH),F.A.Q,Kilogram,7.5,7.3616667,
30855069,2026-08-17,2026-08-17 09:43:14.370783,PAHANG,KUANTAN,PASAR BORONG KEMUNTING,Borong,20,Sayur-Sayuran,02,010,TERUNG PANJANG / PEPARU (TANAH RENDAH),F.A.Q,Kilogram,7.3,7.3616667,
30855070,2026-08-17,2026-08-17 09:43:14.370783,PAHANG,KUANTAN,PASAR BORONG KEMUNTING,Borong,20,Sayur-Sayuran,02,010,TERUNG PANJANG / PEPARU (TANAH RENDAH),F.A.Q,Kilogram,7.3,7.3616667,
30855071,2026-08-17,2026-08-17 09:43:14.370783,PAHANG,KUANTAN,PASAR BORONG KEMUNTING,Borong,20,Sayur-Sayuran,02,010,TERUNG PANJANG / PEPARU (TANAH RENDAH),F.A.Q,Kilogram,7.5,7.3616667,
30855072,2026-08-17,2026-08-17 09:43:14.370783,PAHANG,KUANTAN,PASAR BORONG KEMUNTING,Borong,20,Sayur-Sayuran,02,011,TIMUN HIJAU,F.A.Q,Kilogram,2.5,2.5366666,
30855073,2026-08-17,2026-08-17 09:43:14.370783,PAHANG,KUANTAN,PASAR BORONG KEMUNTING,Borong,20,Sayur-Sayuran,02,011,TIMUN HIJAU,F.A.Q,Kilogram,2.5,2.5366666,
30855074,2026-08-17,2026-08-17 09:43:14.370783,PAHANG,KUANTAN,PASAR BORONG KEMUNTING,Borong,20,Sayur-Sayuran,02,011,TIMUN HIJAU,F.A.Q,Kilogram,2.3,2.5366666,
30855075,2026-08-17,2026-08-17 09:43:14.370783,PAHANG,KUANTAN,PASAR BORONG KEMUNTING,Borong,20,Sayur-Sayuran,02,011,TIMUN HIJAU,F.A.Q,Kilogram,2.4,2.5366666,
30855076,2026-08-17,2026-08-17 09:43:14.370783,PAHANG,KUANTAN,PASAR BORONG KEMUNTING,Borong,20,Sayur-Sayuran,02,011,TIMUN HIJAU,F.A.Q,Kilogram,2.4,2.5366666,
30855077,2026-08-17,2026-08-17 09:43:14.370783,PAHANG,KUANTAN,PASAR BORONG KEMUNTING,Borong,20,Sayur-Sayuran,02,012,TOMATO (TANAH TINGGI),F.A.Q,Kilogram,8.5,9.11,
30855078,2026-08-17,2026-08-17 09:43:14.370783,PAHANG,KUANTAN,PASAR BORONG KEMUNTING,Borong,20,Sayur-Sayuran,02,012,TOMATO (TANAH TINGGI),F.A.Q,Kilogram,8.7,9.11,
30855079,2026-08-17,2026-08-17 09:43:14.370783,PAHANG,KUANTAN,PASAR BORONG KEMUNTING,Borong,20,Sayur-Sayuran,02,012,TOMATO (TANAH TINGGI),F.A.Q,Kilogram,8.3,9.11,
30855080,2026-08-17,2026-08-17 09:43:14.370783,PAHANG,KUANTAN,PASAR BORONG KEMUNTING,Borong,20,Sayur-Sayuran,02,012,TOMATO (TANAH TINGGI),F.A.Q,Kilogram,8.5,9.11,
30855081,2026-08-17,2026-08-17 09:43:14.370783,PAHANG,KUANTAN,PASAR BORONG KEMUNTING,Borong,20,Sayur-Sayuran,02,012,TOMATO (TANAH TINGGI),F.A.Q,Kilogram,8.4,9.11,
30855082,2026-08-17,2026-08-17 09:43:28.448989,SELANGOR,PETALING,"KOMPLEKS PASAR BORONG SELANGOR, SERI KEMBANGAN",Runcit,26,Tanaman Kontan,05,001,KELAPA DIKUPAS,SEDANG,Biji,3,3.43,
30855083,2026-08-17,2026-08-17 09:43:28.448989,SELANGOR,PETALING,"KOMPLEKS PASAR BORONG SELANGOR, SERI KEMBANGAN",Runcit,26,Lain-Lain Makanan Proses,15,001,SANTAN PEKAT,F.A.Q,Kilogram,12,15.22,
30855084,2026-08-17,2026-08-17 09:43:50.824764,SELANGOR,PETALING,"KOMPLEKS PASAR BORONG SELANGOR, SERI KEMBANGAN",Borong,20,Tanaman Kontan,05,001,KELAPA DIKUPAS,SEDANG,Biji,2.5,2.34,
30855085,2026-08-17,2026-08-17 09:44:10.367936,SELANGOR,PETALING,"KOMPLEKS PASAR BORONG SELANGOR, SERI KEMBANGAN",Runcit,26,Ternakan,02,003,DAGING LEMBU PEJAL,F.A.Q,Kilogram,39,35.01,
30855086,2026-08-17,2026-08-17 09:44:23.787161,PAHANG,KUANTAN,LADANG/KEBUN KAMPUNG SUNGAI SOI,Ladang,,Sayur-Sayuran,04,002,KACANG BENDI,F.A.Q,Kilogram,4,3.6020834,
30855087,2026-08-17,2026-08-17 09:44:23.787161,PAHANG,KUANTAN,LADANG/KEBUN KAMPUNG SUNGAI SOI,Ladang,,Sayur-Sayuran,04,007,KACANG PANJANG HIJAU,F.A.Q,Kilogram,4,3.515,
30855088,2026-08-17,2026-08-17 09:44:23.787161,PAHANG,KUANTAN,LADANG/KEBUN KAMPUNG SUNGAI SOI,Ladang,,Sayur-Sayuran,02,010,TERUNG PANJANG / PEPARU (TANAH RENDAH),F.A.Q,Kilogram,5.5,4.9416666,
30855089,2026-08-17,2026-08-17 09:44:23.787161,PAHANG,KUANTAN,LADANG/KEBUN KAMPUNG SUNGAI SOI,Ladang,,Sayur-Sayuran,02,011,TIMUN HIJAU,F.A.Q,Kilogram,1.6,1.36,
30855090,2026-08-17,2026-08-17 09:44:23.971172,SELANGOR,PETALING,"KOMPLEKS PASAR BORONG SELANGOR, SERI KEMBANGAN",Runcit,26,Ternakan,03,002,AYAM PROSES STANDARD,F.A.Q,Kilogram,10.5,10.09,
30855091,2026-08-17,2026-08-17 09:44:27.506061,SABAH,KENINGAU,[PASAR AWAM] KENINGAU,Runcit,26,Sayur-Sayuran,05,001,BAWANG BESAR MERAH (INDIA),F.A.Q,Kilogram,6,6.82,
30855092,2026-08-17,2026-08-17 09:44:27.506061,SABAH,KENINGAU,[PASAR AWAM] KENINGAU,Runcit,26,Sayur-Sayuran,05,001,BAWANG PUTIH (CHINA),F.A.Q,Kilogram,9,8.52,
30855093,2026-08-17,2026-08-17 09:44:27.506061,SABAH,KENINGAU,[PASAR AWAM] KENINGAU,Runcit,26,Sayur-Sayuran,03,001,BAYAM,F.A.Q,Kilogram,6,6.02,
30855094,2026-08-17,2026-08-17 09:44:27.506061,SABAH,KENINGAU,[PASAR AWAM] KENINGAU,Runcit,26,Sayur-Sayuran,02,002,CILI MERAH KULAI / KULAI HIBRID,F.A.Q,Kilogram,18,20.26,
30855095,2026-08-17,2026-08-17 09:44:27.506061,SABAH,KENINGAU,[PASAR AWAM] KENINGAU,Runcit,26,Sayur-Sayuran,02,002,CILI MERAH MINYAK,F.A.Q,Kilogram,17,19.23,
30855096,2026-08-17,2026-08-17 09:44:27.506061,SABAH,KENINGAU,[PASAR AWAM] KENINGAU,Runcit,26,Sayur-Sayuran,04,002,KACANG BENDI,F.A.Q,Kilogram,6,9.12,
30855097,2026-08-17,2026-08-17 09:44:27.506061,SABAH,KENINGAU,[PASAR AWAM] KENINGAU,Runcit,26,Sayur-Sayuran,04,007,KACANG PANJANG HIJAU,F.A.Q,Kilogram,6,8.57,
30855098,2026-08-17,2026-08-17 09:44:27.506061,SABAH,KENINGAU,[PASAR AWAM] KENINGAU,Runcit,26,Sayur-Sayuran,03,006,KUBIS BULAT (TANAH TINGGI),F.A.Q,Kilogram,6,5.33,
30855099,2026-08-17,2026-08-17 09:44:27.506061,SABAH,KENINGAU,[PASAR AWAM] KENINGAU,Runcit,26,Sayur-Sayuran,03,007,SAWI HIJAU,F.A.Q,Kilogram,6,5.99,
30855100,2026-08-17,2026-08-17 09:44:27.506061,SABAH,KENINGAU,[PASAR AWAM] KENINGAU,Runcit,26,Sayur-Sayuran,02,010,TERUNG PANJANG / PEPARU (TANAH RENDAH),F.A.Q,Kilogram,6,6.95,
30855101,2026-08-17,2026-08-17 09:44:27.506061,SABAH,KENINGAU,[PASAR AWAM] KENINGAU,Runcit,26,Sayur-Sayuran,02,011,TIMUN HIJAU,F.A.Q,Kilogram,3.1,4.27,
30855102,2026-08-17,2026-08-17 09:44:27.506061,SABAH,KENINGAU,[PASAR AWAM] KENINGAU,Runcit,26,Sayur-Sayuran,02,012,TOMATO (TANAH TINGGI),F.A.Q,Kilogram,8,8.63,
30855103,2026-08-17,2026-08-17 09:44:34.383449,SELANGOR,PETALING,"KOMPLEKS PASAR BORONG SELANGOR, SERI KEMBANGAN",Borong,20,Ternakan,03,002,AYAM PROSES STANDARD,F.A.Q,Kilogram,9.1,8.42,
30855104,2026-08-17,2026-08-17 09:45:08.065845,SELANGOR,PETALING,"KOMPLEKS PASAR BORONG SELANGOR, SERI KEMBANGAN",Runcit,26,Sayur-Sayuran,05,001,BAWANG BESAR MERAH (INDIA),F.A.Q,Kilogram,4,4.23,
30855105,2026-08-17,2026-08-17 09:45:08.065845,SELANGOR,PETALING,"KOMPLEKS PASAR BORONG SELANGOR, SERI KEMBANGAN",Runcit,26,Sayur-Sayuran,05,001,BAWANG PUTIH (CHINA),F.A.Q,Kilogram,8,8.52,
30855106,2026-08-17,2026-08-17 09:45:15.475996,PAHANG,KUANTAN,LADANG/KEBUN KAMPUNG SUNGAI SOI,Ladang,,Sayur-Sayuran,03,001,BAYAM,F.A.Q,Kilogram,2.4,2.1166666,
30855107,2026-08-17,2026-08-17 09:45:15.475996,PAHANG,KUANTAN,LADANG/KEBUN KAMPUNG SUNGAI SOI,Ladang,,Sayur-Sayuran,02,002,CILI MERAH MINYAK,F.A.Q,Kilogram,7.8,8.335417,
30855108,2026-08-17,2026-08-17 09:45:15.475996,PAHANG,KUANTAN,LADANG/KEBUN KAMPUNG SUNGAI SOI,Ladang,,Sayur-Sayuran,04,007,KACANG PANJANG HIJAU,F.A.Q,Kilogram,4,3.515,
30855109,2026-08-17,2026-08-17 09:45:15.475996,PAHANG,KUANTAN,LADANG/KEBUN KAMPUNG SUNGAI SOI,Ladang,,Sayur-Sayuran,03,007,SAWI HIJAU,F.A.Q,Kilogram,2.5,2.2604167,
30855110,2026-08-17,2026-08-17 09:45:15.475996,PAHANG,KUANTAN,LADANG/KEBUN KAMPUNG SUNGAI SOI,Ladang,,Sayur-Sayuran,02,010,TERUNG PANJANG / PEPARU (TANAH RENDAH),F.A.Q,Kilogram,5.3,4.9416666,
30855111,2026-08-17,2026-08-17 09:45:15.475996,PAHANG,KUANTAN,LADANG/KEBUN KAMPUNG SUNGAI SOI,Ladang,,Sayur-Sayuran,02,011,TIMUN HIJAU,F.A.Q,Kilogram,1.7,1.36,
30855112,2026-08-17,2026-08-17 09:45:43.638513,SELANGOR,PETALING,"KOMPLEKS PASAR BORONG SELANGOR, SERI KEMBANGAN",Borong,20,Sayur-Sayuran,05,001,BAWANG BESAR MERAH (INDIA),F.A.Q,Kilogram,1.9,2.37,
30855113,2026-08-17,2026-08-17 09:45:43.638513,SELANGOR,PETALING,"KOMPLEKS PASAR BORONG SELANGOR, SERI KEMBANGAN",Borong,20,Sayur-Sayuran,05,001,BAWANG PUTIH (CHINA),F.A.Q,Kilogram,6.9,7.62,
30855114,2026-08-17,2026-08-17 09:45:54.775285,PAHANG,KUANTAN,LADANG/KEBUN JABOR,Ladang,,Sayur-Sayuran,03,001,BAYAM,F.A.Q,Kilogram,2.4,2.1166666,
30855115,2026-08-17,2026-08-17 09:45:54.775285,PAHANG,KUANTAN,LADANG/KEBUN JABOR,Ladang,,Sayur-Sayuran,02,002,CILI MERAH KULAI / KULAI HIBRID,F.A.Q,Kilogram,10.5,10.65,
30855116,2026-08-17,2026-08-17 09:45:54.775285,PAHANG,KUANTAN,LADANG/KEBUN JABOR,Ladang,,Sayur-Sayuran,02,002,CILI MERAH MINYAK,F.A.Q,Kilogram,8,8.335417,
30855117,2026-08-17,2026-08-17 09:45:54.775285,PAHANG,KUANTAN,LADANG/KEBUN JABOR,Ladang,,Sayur-Sayuran,04,002,KACANG BENDI,F.A.Q,Kilogram,4,3.6020834,
30855118,2026-08-17,2026-08-17 09:45:54.775285,PAHANG,KUANTAN,LADANG/KEBUN JABOR,Ladang,,Sayur-Sayuran,04,007,KACANG PANJANG HIJAU,F.A.Q,Kilogram,4,3.515,
30855119,2026-08-17,2026-08-17 09:45:54.775285,PAHANG,KUANTAN,LADANG/KEBUN JABOR,Ladang,,Sayur-Sayuran,03,007,SAWI HIJAU,F.A.Q,Kilogram,2.4,2.2604167,
30855120,2026-08-17,2026-08-17 09:45:54.775285,PAHANG,KUANTAN,LADANG/KEBUN JABOR,Ladang,,Sayur-Sayuran,02,010,TERUNG PANJANG / PEPARU (TANAH RENDAH),F.A.Q,Kilogram,5.2,4.9416666,
30855121,2026-08-17,2026-08-17 09:45:54.775285,PAHANG,KUANTAN,LADANG/KEBUN JABOR,Ladang,,Sayur-Sayuran,02,011,TIMUN HIJAU,F.A.Q,Kilogram,1.6,1.36,
30855122,2026-08-17,2026-08-17 09:46:40.881438,PAHANG,KUANTAN,LADANG/KEBUN GAMBANG,Ladang,,Sayur-Sayuran,03,001,BAYAM,F.A.Q,Kilogram,2.4,2.1166666,
30855123,2026-08-17,2026-08-17 09:46:40.881438,PAHANG,KUANTAN,LADANG/KEBUN GAMBANG,Ladang,,Sayur-Sayuran,02,002,CILI MERAH MINYAK,F.A.Q,Kilogram,8,8.335417,
30855124,2026-08-17,2026-08-17 09:46:40.881438,PAHANG,KUANTAN,LADANG/KEBUN GAMBANG,Ladang,,Sayur-Sayuran,04,002,KACANG BENDI,F.A.Q,Kilogram,4.2,3.6020834,
30855125,2026-08-17,2026-08-17 09:46:40.881438,PAHANG,KUANTAN,LADANG/KEBUN GAMBANG,Ladang,,Sayur-Sayuran,04,007,KACANG PANJANG HIJAU,F.A.Q,Kilogram,4.2,3.515,
30855126,2026-08-17,2026-08-17 09:46:40.881438,PAHANG,KUANTAN,LADANG/KEBUN GAMBANG,Ladang,,Sayur-Sayuran,03,007,SAWI HIJAU,F.A.Q,Kilogram,2.4,2.2604167,
30855127,2026-08-17,2026-08-17 09:46:40.881438,PAHANG,KUANTAN,LADANG/KEBUN GAMBANG,Ladang,,Sayur-Sayuran,02,010,TERUNG PANJANG / PEPARU (TANAH RENDAH),F.A.Q,Kilogram,5.5,4.9416666,
30855128,2026-08-17,2026-08-17 09:46:40.881438,PAHANG,KUANTAN,LADANG/KEBUN GAMBANG,Ladang,,Sayur-Sayuran,02,011,TIMUN HIJAU,F.A.Q,Kilogram,1.5,1.36,
30855129,2026-08-17,2026-08-17 09:47:13.592289,PAHANG,KUANTAN,[PROJEK] TKPM PULAU MANIS,Ladang,,Sayur-Sayuran,03,001,BAYAM,F.A.Q,Kilogram,2.5,2.1166666,
30855130,2026-08-17,2026-08-17 09:47:13.592289,PAHANG,KUANTAN,[PROJEK] TKPM PULAU MANIS,Ladang,,Sayur-Sayuran,02,002,CILI MERAH MINYAK,F.A.Q,Kilogram,7.9,8.335417,
30855131,2026-08-17,2026-08-17 09:47:13.592289,PAHANG,KUANTAN,[PROJEK] TKPM PULAU MANIS,Ladang,,Sayur-Sayuran,04,002,KACANG BENDI,F.A.Q,Kilogram,4,3.6020834,
30855132,2026-08-17,2026-08-17 09:47:13.592289,PAHANG,KUANTAN,[PROJEK] TKPM PULAU MANIS,Ladang,,Sayur-Sayuran,04,007,KACANG PANJANG HIJAU,F.A.Q,Kilogram,4,3.515,
30855133,2026-08-17,2026-08-17 09:47:13.592289,PAHANG,KUANTAN,[PROJEK] TKPM PULAU MANIS,Ladang,,Sayur-Sayuran,03,007,SAWI HIJAU,F.A.Q,Kilogram,2.5,2.2604167,
30855134,2026-08-17,2026-08-17 09:47:13.592289,PAHANG,KUANTAN,[PROJEK] TKPM PULAU MANIS,Ladang,,Sayur-Sayuran,02,010,TERUNG PANJANG / PEPARU (TANAH RENDAH),F.A.Q,Kilogram,5.3,4.9416666,
30855135,2026-08-17,2026-08-17 09:47:13.592289,PAHANG,KUANTAN,[PROJEK] TKPM PULAU MANIS,Ladang,,Sayur-Sayuran,02,011,TIMUN HIJAU,F.A.Q,Kilogram,1.6,1.36,
30855136,2026-08-17,2026-08-17 09:48:48.500686,SABAH,TAWAU,PASAR BESAR TAWAU,Runcit,26,Buah-Buahan,02,050,AVOCADO,SEDANG,Kilogram,15,18,
30855137,2026-08-17,2026-08-17 09:48:48.500686,SABAH,TAWAU,PASAR BESAR TAWAU,Runcit,26,Buah-Buahan,02,044,BUAH NAGA/PITAYA ISI MERAH,F.A.Q,Kilogram,10,11.82,
30855138,2026-08-17,2026-08-17 09:48:48.500686,SABAH,TAWAU,PASAR BESAR TAWAU,Runcit,26,Buah-Buahan,01,003,CEMPEDAK KAMPUNG,F.A.Q,Kilogram,7,8.58,
30855139,2026-08-17,2026-08-17 09:48:48.500686,SABAH,TAWAU,PASAR BESAR TAWAU,Runcit,26,Buah-Buahan,01,004,DOKONG,F.A.Q,Kilogram,15,14.17,
30855140,2026-08-17,2026-08-17 09:48:48.500686,SABAH,TAWAU,PASAR BESAR TAWAU,Runcit,26,Buah-Buahan,01,004,DUKU,F.A.Q,Kilogram,15,15,
30855141,2026-08-17,2026-08-17 09:48:48.500686,SABAH,TAWAU,PASAR BESAR TAWAU,Runcit,26,Buah-Buahan,02,009,DURIAN BELANDA,F.A.Q,Kilogram,8,11.63,
30855142,2026-08-17,2026-08-17 09:48:48.500686,SABAH,TAWAU,PASAR BESAR TAWAU,Runcit,26,Buah-Buahan,01,005,DURIAN DURI HITAM / OCHII (D200),F.A.Q,Kilogram,75,80,
30855143,2026-08-17,2026-08-17 09:48:48.500686,SABAH,TAWAU,PASAR BESAR TAWAU,Runcit,26,Buah-Buahan,01,005,DURIAN KAMPUNG,F.A.Q,Kilogram,10,11.13,
30855144,2026-08-17,2026-08-17 09:48:48.500686,SABAH,TAWAU,PASAR BESAR TAWAU,Runcit,26,Buah-Buahan,01,005,DURIAN KLON / KAHWIN,F.A.Q,Kilogram,15,20,
30855145,2026-08-17,2026-08-17 09:48:48.500686,SABAH,TAWAU,PASAR BESAR TAWAU,Runcit,26,Buah-Buahan,01,005,DURIAN MUSANG KING / RAJA KUNYIT (D197),F.A.Q,Kilogram,65,41.67,
30855146,2026-08-17,2026-08-17 09:48:48.500686,SABAH,TAWAU,PASAR BESAR TAWAU,Runcit,26,Buah-Buahan,02,012,JAMBU AIR  MADU / LOCENG,F.A.Q,Kilogram,10,12.93,
30855147,2026-08-17,2026-08-17 09:48:48.500686,SABAH,TAWAU,PASAR BESAR TAWAU,Runcit,26,Buah-Buahan,02,012,JAMBU BATU,F.A.Q,Kilogram,6,6,
30855148,2026-08-17,2026-08-17 09:48:48.500686,SABAH,TAWAU,PASAR BESAR TAWAU,Runcit,26,Buah-Buahan,02,012,JAMBU BATU TANPA BIJI,F.A.Q,Kilogram,7,8.53,
30855149,2026-08-17,2026-08-17 09:48:48.500686,SABAH,TAWAU,PASAR BESAR TAWAU,Runcit,26,Buah-Buahan,01,010,LANGSAT,F.A.Q,Kilogram,12,14.17,
30855150,2026-08-17,2026-08-17 09:48:48.500686,SABAH,TAWAU,PASAR BESAR TAWAU,Runcit,26,Buah-Buahan,02,016,LIMAU MANIS,F.A.Q,Kilogram,10,9.14,
30855151,2026-08-17,2026-08-17 09:48:48.500686,SABAH,TAWAU,PASAR BESAR TAWAU,Runcit,26,Buah-Buahan,02,018,MANGGA HARUMANIS (INDONESIA),F.A.Q,Kilogram,10,13.67,
30855152,2026-08-17,2026-08-17 09:48:48.500686,SABAH,TAWAU,PASAR BESAR TAWAU,Runcit,26,Buah-Buahan,01,011,MANGGIS,F.A.Q,Kilogram,17,12.25,
30855153,2026-08-17,2026-08-17 09:48:48.500686,SABAH,TAWAU,PASAR BESAR TAWAU,Runcit,26,Buah-Buahan,01,014,RAMBUTAN ANAK SEKOLAH (R191),F.A.Q,Kilogram,15,9.33,
30855154,2026-08-17,2026-08-17 09:48:48.500686,SABAH,TAWAU,PASAR BESAR TAWAU,Runcit,26,Buah-Buahan,02,034,TEMBIKAI KUNING,F.A.Q,Kilogram,5,4,
30855155,2026-08-17,2026-08-17 09:48:48.500686,SABAH,TAWAU,PASAR BESAR TAWAU,Runcit,26,Buah-Buahan,02,034,TEMBIKAI MERAH,F.A.Q,Kilogram,4,4,
30855156,2026-08-17,2026-08-17 09:48:48.500686,SABAH,TAWAU,PASAR BESAR TAWAU,Runcit,26,Buah-Buahan,02,034,TEMBIKAI WANGI / HONEY DEW,F.A.Q,Kilogram,5,6.14,
30855157,2026-08-17,2026-08-17 09:49:04.684179,SELANGOR,PETALING,"KOMPLEKS PASAR BORONG SELANGOR, SERI KEMBANGAN",Runcit,26,Sayur-Sayuran,03,001,BAYAM,F.A.Q,Kilogram,4,6.02,
30855158,2026-08-17,2026-08-17 09:49:04.684179,SELANGOR,PETALING,"KOMPLEKS PASAR BORONG SELANGOR, SERI KEMBANGAN",Runcit,26,Sayur-Sayuran,02,002,CILI MERAH KULAI / KULAI HIBRID,F.A.Q,Kilogram,15,16.01,
30855159,2026-08-17,2026-08-17 09:49:04.684179,SELANGOR,PETALING,"KOMPLEKS PASAR BORONG SELANGOR, SERI KEMBANGAN",Runcit,26,Sayur-Sayuran,02,002,CILI MERAH MINYAK,F.A.Q,Kilogram,12,13.59,
30855160,2026-08-17,2026-08-17 09:49:04.684179,SELANGOR,PETALING,"KOMPLEKS PASAR BORONG SELANGOR, SERI KEMBANGAN",Runcit,26,Sayur-Sayuran,04,002,KACANG BENDI,F.A.Q,Kilogram,8,9.12,
30855161,2026-08-17,2026-08-17 09:49:04.684179,SELANGOR,PETALING,"KOMPLEKS PASAR BORONG SELANGOR, SERI KEMBANGAN",Runcit,26,Sayur-Sayuran,04,007,KACANG PANJANG HIJAU,F.A.Q,Kilogram,7,8.57,
30855162,2026-08-17,2026-08-17 09:49:04.684179,SELANGOR,PETALING,"KOMPLEKS PASAR BORONG SELANGOR, SERI KEMBANGAN",Runcit,26,Sayur-Sayuran,03,006,KUBIS BULAT (TANAH TINGGI),F.A.Q,Kilogram,3.5,4.94,
30855163,2026-08-17,2026-08-17 09:49:04.684179,SELANGOR,PETALING,"KOMPLEKS PASAR BORONG SELANGOR, SERI KEMBANGAN",Runcit,26,Sayur-Sayuran,03,007,SAWI HIJAU,F.A.Q,Kilogram,5.4,5.99,
30855164,2026-08-17,2026-08-17 09:49:04.684179,SELANGOR,PETALING,"KOMPLEKS PASAR BORONG SELANGOR, SERI KEMBANGAN",Runcit,26,Sayur-Sayuran,02,010,TERUNG PANJANG / PEPARU (TANAH RENDAH),F.A.Q,Kilogram,9.5,8.08,
30855165,2026-08-17,2026-08-17 09:49:04.684179,SELANGOR,PETALING,"KOMPLEKS PASAR BORONG SELANGOR, SERI KEMBANGAN",Runcit,26,Sayur-Sayuran,02,011,TIMUN HIJAU,F.A.Q,Kilogram,2.4,4.27,
30855166,2026-08-17,2026-08-17 09:49:04.684179,SELANGOR,PETALING,"KOMPLEKS PASAR BORONG SELANGOR, SERI KEMBANGAN",Runcit,26,Sayur-Sayuran,02,012,TOMATO (TANAH TINGGI),F.A.Q,Kilogram,8,5.71,
30855167,2026-08-17,2026-08-17 09:52:12.089119,SELANGOR,PETALING,"KOMPLEKS PASAR BORONG SELANGOR, SERI KEMBANGAN",Borong,20,Sayur-Sayuran,03,001,BAYAM,F.A.Q,Kilogram,3,4.08,
30855168,2026-08-17,2026-08-17 09:52:12.089119,SELANGOR,PETALING,"KOMPLEKS PASAR BORONG SELANGOR, SERI KEMBANGAN",Borong,20,Sayur-Sayuran,02,002,CILI MERAH KULAI / KULAI HIBRID,F.A.Q,Kilogram,14,12.47,
30855169,2026-08-17,2026-08-17 09:52:12.089119,SELANGOR,PETALING,"KOMPLEKS PASAR BORONG SELANGOR, SERI KEMBANGAN",Borong,20,Sayur-Sayuran,02,002,CILI MERAH MINYAK,F.A.Q,Kilogram,11,10.47,
30855170,2026-08-17,2026-08-17 09:52:12.089119,SELANGOR,PETALING,"KOMPLEKS PASAR BORONG SELANGOR, SERI KEMBANGAN",Borong,20,Sayur-Sayuran,04,002,KACANG BENDI,F.A.Q,Kilogram,7,6.56,
30855171,2026-08-17,2026-08-17 09:52:12.089119,SELANGOR,PETALING,"KOMPLEKS PASAR BORONG SELANGOR, SERI KEMBANGAN",Borong,20,Sayur-Sayuran,04,007,KACANG PANJANG HIJAU,F.A.Q,Kilogram,6,6.13,
30855172,2026-08-17,2026-08-17 09:52:12.089119,SELANGOR,PETALING,"KOMPLEKS PASAR BORONG SELANGOR, SERI KEMBANGAN",Borong,20,Sayur-Sayuran,03,006,KUBIS BULAT (TANAH TINGGI),F.A.Q,Kilogram,2.5,3.08,
30855173,2026-08-17,2026-08-17 09:52:12.089119,SELANGOR,PETALING,"KOMPLEKS PASAR BORONG SELANGOR, SERI KEMBANGAN",Borong,20,Sayur-Sayuran,03,007,SAWI HIJAU,F.A.Q,Kilogram,4.4,4.21,
30855174,2026-08-17,2026-08-17 09:52:12.089119,SELANGOR,PETALING,"KOMPLEKS PASAR BORONG SELANGOR, SERI KEMBANGAN",Borong,20,Sayur-Sayuran,02,010,TERUNG PANJANG / PEPARU (TANAH RENDAH),F.A.Q,Kilogram,8.5,7.33,
30855175,2026-08-17,2026-08-17 09:52:12.089119,SELANGOR,PETALING,"KOMPLEKS PASAR BORONG SELANGOR, SERI KEMBANGAN",Borong,20,Sayur-Sayuran,02,011,TIMUN HIJAU,F.A.Q,Kilogram,1.4,2.74,
30855176,2026-08-17,2026-08-17 09:52:12.089119,SELANGOR,PETALING,"KOMPLEKS PASAR BORONG SELANGOR, SERI KEMBANGAN",Borong,20,Sayur-Sayuran,02,012,TOMATO (TANAH TINGGI),F.A.Q,Kilogram,7,3.76,
30855177,2026-08-17,2026-08-17 09:55:17.693697,SARAWAK,KUCHING,MEDAN NIAGA SATOK,Runcit,26,Buah-Buahan,02,036,ANGGUR HIJAU TANPA BIJI,F.A.Q,Kilogram,26.8,26.8,
30855178,2026-08-17,2026-08-17 09:55:17.693697,SARAWAK,KUCHING,MEDAN NIAGA SATOK,Runcit,26,Buah-Buahan,02,036,ANGGUR HITAM TANPA BIJI,F.A.Q,Kilogram,26.8,26.8,
30855179,2026-08-17,2026-08-17 09:55:17.693697,SARAWAK,KUCHING,MEDAN NIAGA SATOK,Runcit,26,Buah-Buahan,02,036,ANGGUR MERAH TANPA BIJI,F.A.Q,Kilogram,26.8,26.8,
30855180,2026-08-17,2026-08-17 09:55:17.693697,SARAWAK,KUCHING,MEDAN NIAGA SATOK,Runcit,26,Buah-Buahan,02,003,BELIMBING (B10),F.A.Q,Kilogram,8,8,
30855181,2026-08-17,2026-08-17 09:55:17.693697,SARAWAK,KUCHING,MEDAN NIAGA SATOK,Runcit,26,Buah-Buahan,02,044,BUAH NAGA/PITAYA ISI MERAH,F.A.Q,Kilogram,10,9,
30855182,2026-08-17,2026-08-17 09:55:17.693697,SARAWAK,KUCHING,MEDAN NIAGA SATOK,Runcit,26,Buah-Buahan,02,008,CIKU,F.A.Q,Kilogram,13,13,
30855183,2026-08-17,2026-08-17 09:55:17.693697,SARAWAK,KUCHING,MEDAN NIAGA SATOK,Runcit,26,Buah-Buahan,01,021,DABAI,F.A.Q,Kilogram,40,40,
30855184,2026-08-17,2026-08-17 09:55:17.693697,SARAWAK,KUCHING,MEDAN NIAGA SATOK,Runcit,26,Buah-Buahan,02,009,DURIAN BELANDA,F.A.Q,Kilogram,8,8,
30855185,2026-08-17,2026-08-17 09:55:17.693697,SARAWAK,KUCHING,MEDAN NIAGA SATOK,Runcit,26,Buah-Buahan,02,037,EPAL HIJAU,SEDANG,Biji,1.8,1.8,
30855186,2026-08-17,2026-08-17 09:55:17.693697,SARAWAK,KUCHING,MEDAN NIAGA SATOK,Runcit,26,Buah-Buahan,02,037,EPAL MERAH (FUJI),SEDANG,Biji,2.5,2.5,
30855187,2026-08-17,2026-08-17 09:55:17.693697,SARAWAK,KUCHING,MEDAN NIAGA SATOK,Runcit,26,Buah-Buahan,02,012,JAMBU AIR  MADU / LOCENG,F.A.Q,Kilogram,12,13,
30855188,2026-08-17,2026-08-17 09:55:17.693697,SARAWAK,KUCHING,MEDAN NIAGA SATOK,Runcit,26,Buah-Buahan,02,012,JAMBU BATU,F.A.Q,Kilogram,8,8,
30855189,2026-08-17,2026-08-17 09:55:17.693697,SARAWAK,KUCHING,MEDAN NIAGA SATOK,Runcit,26,Buah-Buahan,02,012,JAMBU BATU TANPA BIJI,F.A.Q,Kilogram,10,10,
30855190,2026-08-17,2026-08-17 09:55:17.693697,SARAWAK,KUCHING,MEDAN NIAGA SATOK,Runcit,26,Buah-Buahan,02,041,LAI KUNING,F.A.Q,Biji,2,2,
30855191,2026-08-17,2026-08-17 09:55:17.693697,SARAWAK,KUCHING,MEDAN NIAGA SATOK,Runcit,26,Buah-Buahan,02,015,LIMAU BALI / PAMELO,F.A.Q,Kilogram,6,6,
30855192,2026-08-17,2026-08-17 09:55:17.693697,SARAWAK,KUCHING,MEDAN NIAGA SATOK,Runcit,26,Buah-Buahan,02,045,LIMAU MANDARIN,SEDANG,Biji,2,2,
30855193,2026-08-17,2026-08-17 09:55:17.693697,SARAWAK,KUCHING,MEDAN NIAGA SATOK,Runcit,26,Buah-Buahan,02,016,LIMAU MANIS,F.A.Q,Kilogram,6,6,
30855194,2026-08-17,2026-08-17 09:55:17.693697,SARAWAK,KUCHING,MEDAN NIAGA SATOK,Runcit,26,Buah-Buahan,02,045,LIMAU OREN VALENCIA,SEDANG,Biji,2,2,
30855195,2026-08-17,2026-08-17 09:55:17.693697,SARAWAK,KUCHING,MEDAN NIAGA SATOK,Runcit,26,Buah-Buahan,02,018,MANGGA SUSU (THAILAND),F.A.Q,Kilogram,9.8,9.8,
30855196,2026-08-17,2026-08-17 09:55:17.693697,SARAWAK,KUCHING,MEDAN NIAGA SATOK,Runcit,26,Buah-Buahan,01,020,MATA KUCING / LONGAN,F.A.Q,Kilogram,11,12,
30855197,2026-08-17,2026-08-17 09:55:17.693697,SARAWAK,KUCHING,MEDAN NIAGA SATOK,Runcit,26,Buah-Buahan,02,023,NANAS MD2 (AC9),F.A.Q,Kilogram,7,7,
30855198,2026-08-17,2026-08-17 09:55:17.693697,SARAWAK,KUCHING,MEDAN NIAGA SATOK,Runcit,26,Buah-Buahan,02,023,NANAS MORIS (AC1),SEDANG,Kilogram,6,6,
30855199,2026-08-17,2026-08-17 09:55:17.693697,SARAWAK,KUCHING,MEDAN NIAGA SATOK,Runcit,26,Buah-Buahan,02,023,NANAS SARAWAK (AC2),F.A.Q,Kilogram,6,6,
30855200,2026-08-17,2026-08-17 09:55:17.693697,SARAWAK,KUCHING,MEDAN NIAGA SATOK,Runcit,26,Buah-Buahan,02,028,PISANG AWAK (MP1),F.A.Q,Kilogram,4,4,
30855201,2026-08-17,2026-08-17 09:55:17.693697,SARAWAK,KUCHING,MEDAN NIAGA SATOK,Runcit,26,Buah-Buahan,02,028,PISANG EMBUN (MP7),F.A.Q,Kilogram,3,3.75,
30855202,2026-08-17,2026-08-17 09:55:17.693697,SARAWAK,KUCHING,MEDAN NIAGA SATOK,Runcit,26,Buah-Buahan,02,028,PISANG NIPAH (MP5) / ABU (MP6) / SABAH / KAPOK,F.A.Q,Kilogram,3,3,
30855203,2026-08-17,2026-08-17 09:55:17.693697,SARAWAK,KUCHING,MEDAN NIAGA SATOK,Runcit,26,Buah-Buahan,02,028,PISANG RASTALI (MP9),F.A.Q,Kilogram,6,6,
30855204,2026-08-17,2026-08-17 09:55:17.693697,SARAWAK,KUCHING,MEDAN NIAGA SATOK,Runcit,26,Buah-Buahan,02,028,PISANG TANDUK,F.A.Q,Kilogram,6,6,
30855205,2026-08-17,2026-08-17 09:55:17.693697,SARAWAK,KUCHING,MEDAN NIAGA SATOK,Runcit,26,Buah-Buahan,02,034,ROCK MELON,F.A.Q,Kilogram,10,10,
30855206,2026-08-17,2026-08-17 09:55:17.693697,SARAWAK,KUCHING,MEDAN NIAGA SATOK,Runcit,26,Buah-Buahan,02,034,TEMBIKAI KUNING,F.A.Q,Kilogram,3.5,3.5,
30855207,2026-08-17,2026-08-17 09:55:17.693697,SARAWAK,KUCHING,MEDAN NIAGA SATOK,Runcit,26,Buah-Buahan,02,034,TEMBIKAI MERAH,F.A.Q,Kilogram,3.5,3.5,
30855208,2026-08-17,2026-08-17 09:55:17.693697,SARAWAK,KUCHING,MEDAN NIAGA SATOK,Runcit,26,Buah-Buahan,02,034,TEMBIKAI WANGI / HONEY DEW,F.A.Q,Kilogram,8.9,8.9,
30855209,2026-08-17,2026-08-17 09:57:07.721783,SELANGOR,PETALING,"KOMPLEKS PASAR BORONG SELANGOR, SERI KEMBANGAN",Runcit,26,Sayur-Sayuran,03,001,BAYAM,F.A.Q,Kilogram,4,6.02,
30855210,2026-08-17,2026-08-17 09:57:07.721783,SELANGOR,PETALING,"KOMPLEKS PASAR BORONG SELANGOR, SERI KEMBANGAN",Runcit,26,Sayur-Sayuran,02,002,CILI MERAH KULAI / KULAI HIBRID,F.A.Q,Kilogram,15,16.01,
30855211,2026-08-17,2026-08-17 09:57:07.721783,SELANGOR,PETALING,"KOMPLEKS PASAR BORONG SELANGOR, SERI KEMBANGAN",Runcit,26,Sayur-Sayuran,02,002,CILI MERAH MINYAK,F.A.Q,Kilogram,13,13.59,
30855212,2026-08-17,2026-08-17 09:57:07.721783,SELANGOR,PETALING,"KOMPLEKS PASAR BORONG SELANGOR, SERI KEMBANGAN",Runcit,26,Sayur-Sayuran,04,002,KACANG BENDI,F.A.Q,Kilogram,8,9.12,
30855213,2026-08-17,2026-08-17 09:57:07.721783,SELANGOR,PETALING,"KOMPLEKS PASAR BORONG SELANGOR, SERI KEMBANGAN",Runcit,26,Sayur-Sayuran,04,007,KACANG PANJANG HIJAU,F.A.Q,Kilogram,7,8.57,
30855214,2026-08-17,2026-08-17 09:57:07.721783,SELANGOR,PETALING,"KOMPLEKS PASAR BORONG SELANGOR, SERI KEMBANGAN",Runcit,26,Sayur-Sayuran,03,006,KUBIS BULAT (TANAH TINGGI),F.A.Q,Kilogram,3.5,4.94,
30855215,2026-08-17,2026-08-17 09:57:07.721783,SELANGOR,PETALING,"KOMPLEKS PASAR BORONG SELANGOR, SERI KEMBANGAN",Runcit,26,Sayur-Sayuran,03,007,SAWI HIJAU,F.A.Q,Kilogram,5,5.99,
30855216,2026-08-17,2026-08-17 09:57:07.721783,SELANGOR,PETALING,"KOMPLEKS PASAR BORONG SELANGOR, SERI KEMBANGAN",Runcit,26,Sayur-Sayuran,02,010,TERUNG PANJANG / PEPARU (TANAH RENDAH),F.A.Q,Kilogram,9,8.08,
30855217,2026-08-17,2026-08-17 09:57:07.721783,SELANGOR,PETALING,"KOMPLEKS PASAR BORONG SELANGOR, SERI KEMBANGAN",Runcit,26,Sayur-Sayuran,02,011,TIMUN HIJAU,F.A.Q,Kilogram,2.5,4.27,
30855218,2026-08-17,2026-08-17 09:57:07.721783,SELANGOR,PETALING,"KOMPLEKS PASAR BORONG SELANGOR, SERI KEMBANGAN",Runcit,26,Sayur-Sayuran,02,012,TOMATO (TANAH TINGGI),F.A.Q,Kilogram,8,5.71,
30855219,2026-08-17,2026-08-17 09:59:01.494722,SELANGOR,PETALING,"KOMPLEKS PASAR BORONG SELANGOR, SERI KEMBANGAN",Borong,20,Sayur-Sayuran,03,001,BAYAM,F.A.Q,Kilogram,3,4.11,
30855220,2026-08-17,2026-08-17 09:59:01.494722,SELANGOR,PETALING,"KOMPLEKS PASAR BORONG SELANGOR, SERI KEMBANGAN",Borong,20,Sayur-Sayuran,02,002,CILI MERAH KULAI / KULAI HIBRID,F.A.Q,Kilogram,14,13.69,
30855221,2026-08-17,2026-08-17 09:59:01.494722,SELANGOR,PETALING,"KOMPLEKS PASAR BORONG SELANGOR, SERI KEMBANGAN",Borong,20,Sayur-Sayuran,02,002,CILI MERAH MINYAK,F.A.Q,Kilogram,12,11.76,
30855222,2026-08-17,2026-08-17 09:59:01.494722,SELANGOR,PETALING,"KOMPLEKS PASAR BORONG SELANGOR, SERI KEMBANGAN",Borong,20,Sayur-Sayuran,04,002,KACANG BENDI,F.A.Q,Kilogram,7,8.23,
30855223,2026-08-17,2026-08-17 09:59:01.494722,SELANGOR,PETALING,"KOMPLEKS PASAR BORONG SELANGOR, SERI KEMBANGAN",Borong,20,Sayur-Sayuran,04,007,KACANG PANJANG HIJAU,F.A.Q,Kilogram,6,5.88,
30855224,2026-08-17,2026-08-17 09:59:01.494722,SELANGOR,PETALING,"KOMPLEKS PASAR BORONG SELANGOR, SERI KEMBANGAN",Borong,20,Sayur-Sayuran,03,006,KUBIS BULAT (TANAH TINGGI),F.A.Q,Kilogram,2.5,3.18,
30855225,2026-08-17,2026-08-17 09:59:01.494722,SELANGOR,PETALING,"KOMPLEKS PASAR BORONG SELANGOR, SERI KEMBANGAN",Borong,20,Sayur-Sayuran,03,007,SAWI HIJAU,F.A.Q,Kilogram,4,4.43,
30855226,2026-08-17,2026-08-17 09:59:01.494722,SELANGOR,PETALING,"KOMPLEKS PASAR BORONG SELANGOR, SERI KEMBANGAN",Borong,20,Sayur-Sayuran,02,010,TERUNG PANJANG / PEPARU (TANAH RENDAH),F.A.Q,Kilogram,8,7.33,
30855227,2026-08-17,2026-08-17 09:59:01.494722,SELANGOR,PETALING,"KOMPLEKS PASAR BORONG SELANGOR, SERI KEMBANGAN",Borong,20,Sayur-Sayuran,02,011,TIMUN HIJAU,F.A.Q,Kilogram,1.5,2.57,
30855228,2026-08-17,2026-08-17 09:59:01.494722,SELANGOR,PETALING,"KOMPLEKS PASAR BORONG SELANGOR, SERI KEMBANGAN",Borong,20,Sayur-Sayuran,02,012,TOMATO (TANAH TINGGI),F.A.Q,Kilogram,7,7,
30855229,2026-08-17,2026-08-17 10:04:41.545954,SELANGOR,KLANG,"[LOKASI KUTIPAN HARGA LADANG] KLANG, JALAN NENAS",Ladang,,Sayur-Sayuran,02,002,CILI MERAH KULAI / KULAI HIBRID,F.A.Q,Kilogram,10,10.44,
30855230,2026-08-17,2026-08-17 10:05:48.700821,SELANGOR,KLANG,PASAR BESAR KLANG - BAHAGIAN BORONG,Borong,,Ternakan,03,002,AYAM PROSES STANDARD,F.A.Q,Kilogram,8,8.75,
30855231,2026-08-17,2026-08-17 10:06:19.549549,SELANGOR,KLANG,PASAR BESAR KLANG - BAHAGIAN BORONG,Borong,,Sayur-Sayuran,05,001,BAWANG BESAR MERAH (INDIA),F.A.Q,Kilogram,1.6,2.73,
30855232,2026-08-17,2026-08-17 10:06:19.592357,SELANGOR,KLANG,PASAR BESAR KLANG - BAHAGIAN BORONG,Borong,,Sayur-Sayuran,05,001,BAWANG PUTIH (CHINA),F.A.Q,Kilogram,7.5,5.98,
30855233,2026-08-17,2026-08-17 10:06:19.636652,SELANGOR,KLANG,PASAR BESAR KLANG - BAHAGIAN BORONG,Borong,,Sayur-Sayuran,05,009,UBI KENTANG HOLLAND,F.A.Q,Kilogram,2.5,2.62,
30855234,2026-08-17,2026-08-17 10:07:28.863611,SELANGOR,KLANG,PASAR BESAR KLANG - BAHAGIAN BORONG,Borong,,Sayur-Sayuran,03,001,BAYAM,F.A.Q,Kilogram,2.5,4.11,
30855235,2026-08-17,2026-08-17 10:07:28.911909,SELANGOR,KLANG,PASAR BESAR KLANG - BAHAGIAN BORONG,Borong,,Sayur-Sayuran,02,002,CILI MERAH KULAI / KULAI HIBRID,F.A.Q,Kilogram,12,13.69,
30855236,2026-08-17,2026-08-17 10:07:28.953379,SELANGOR,KLANG,PASAR BESAR KLANG - BAHAGIAN BORONG,Borong,,Sayur-Sayuran,02,002,CILI MERAH MINYAK,F.A.Q,Kilogram,10,11.76,
30855237,2026-08-17,2026-08-17 10:07:28.994597,SELANGOR,KLANG,PASAR BESAR KLANG - BAHAGIAN BORONG,Borong,,Sayur-Sayuran,04,002,KACANG BENDI,F.A.Q,Kilogram,6,8.23,
30855238,2026-08-17,2026-08-17 10:07:29.038782,SELANGOR,KLANG,PASAR BESAR KLANG - BAHAGIAN BORONG,Borong,,Sayur-Sayuran,04,007,KACANG PANJANG HIJAU,F.A.Q,Kilogram,6,5.88,
30855239,2026-08-17,2026-08-17 10:07:29.086643,SELANGOR,KLANG,PASAR BESAR KLANG - BAHAGIAN BORONG,Borong,,Sayur-Sayuran,03,006,KUBIS BULAT (TANAH TINGGI),F.A.Q,Kilogram,3,3.18,
30855240,2026-08-17,2026-08-17 10:07:29.135152,SELANGOR,KLANG,PASAR BESAR KLANG - BAHAGIAN BORONG,Borong,,Sayur-Sayuran,03,007,SAWI HIJAU,F.A.Q,Kilogram,5,4.43,
30855241,2026-08-17,2026-08-17 10:07:29.177886,SELANGOR,KLANG,PASAR BESAR KLANG - BAHAGIAN BORONG,Borong,,Sayur-Sayuran,02,010,TERUNG PANJANG / PEPARU (TANAH RENDAH),F.A.Q,Kilogram,6,7.33,
30855242,2026-08-17,2026-08-17 10:07:29.220225,SELANGOR,KLANG,PASAR BESAR KLANG - BAHAGIAN BORONG,Borong,,Sayur-Sayuran,02,011,TIMUN HIJAU,F.A.Q,Kilogram,2.5,2.57,
30855243,2026-08-17,2026-08-17 10:07:29.259732,SELANGOR,KLANG,PASAR BESAR KLANG - BAHAGIAN BORONG,Borong,,Sayur-Sayuran,02,012,TOMATO (TANAH TINGGI),F.A.Q,Kilogram,8,7,
30855244,2026-08-17,2026-08-17 10:07:49.545012,SELANGOR,KLANG,PASAR BESAR KLANG - BAHAGIAN BORONG,Borong,,Buah-Buahan,02,023,NANAS JOSAPINE (AC5),F.A.Q,Kilogram,3,3.5,
30855245,2026-08-17,2026-08-17 10:07:49.586167,SELANGOR,KLANG,PASAR BESAR KLANG - BAHAGIAN BORONG,Borong,,Buah-Buahan,02,028,PISANG BERANGAN,F.A.Q,Kilogram,3,3.93,
30855246,2026-08-17,2026-08-17 10:07:49.62833,SELANGOR,KLANG,PASAR BESAR KLANG - BAHAGIAN BORONG,Borong,,Buah-Buahan,02,034,TEMBIKAI MERAH TANPA BIJI,F.A.Q,Kilogram,2.5,3.55,
30855247,2026-08-17,2026-08-17 10:07:58.984793,TERENGGANU,KUALA TERENGGANU,KELOMPOK PERTANIAN KAMPUNG CHE LONG,Ladang,,Sayur-Sayuran,02,002,CILI MERAH KULAI / KULAI HIBRID,F.A.Q,Kilogram,6.2,10.44,
30855248,2026-08-17,2026-08-17 10:07:59.06317,TERENGGANU,KUALA TERENGGANU,KELOMPOK PERTANIAN KAMPUNG CHE LONG,Ladang,,Sayur-Sayuran,04,002,KACANG BENDI,F.A.Q,Kilogram,3,5.34,
30855249,2026-08-17,2026-08-17 10:07:59.132352,TERENGGANU,KUALA TERENGGANU,KELOMPOK PERTANIAN KAMPUNG CHE LONG,Ladang,,Sayur-Sayuran,04,007,KACANG PANJANG HIJAU,F.A.Q,Kilogram,3,4.02,
30855250,2026-08-17,2026-08-17 10:07:59.212267,TERENGGANU,KUALA TERENGGANU,KELOMPOK PERTANIAN KAMPUNG CHE LONG,Ladang,,Sayur-Sayuran,03,019,KANGKUNG,F.A.Q,Kilogram,2,2.32,
30855251,2026-08-17,2026-08-17 10:07:59.283958,TERENGGANU,KUALA TERENGGANU,KELOMPOK PERTANIAN KAMPUNG CHE LONG,Ladang,,Sayur-Sayuran,02,010,TERUNG PANJANG / PEPARU (TANAH RENDAH),F.A.Q,Kilogram,3,5.38,
30855252,2026-08-17,2026-08-17 10:07:59.352085,TERENGGANU,KUALA TERENGGANU,KELOMPOK PERTANIAN KAMPUNG CHE LONG,Ladang,,Sayur-Sayuran,02,011,TIMUN HIJAU,F.A.Q,Kilogram,1,1.67,
30855253,2026-08-17,2026-08-17 10:08:05.274339,SELANGOR,KLANG,PASAR BESAR KLANG - BAHAGIAN RUNCIT,Runcit,,Ternakan,03,002,AYAM PROSES STANDARD,F.A.Q,Kilogram,10.5,9.99,
30855254,2026-08-17,2026-08-17 10:08:17.235066,TERENGGANU,KEMAMAN,LADANG/KEBUN KEMASIK,Ladang,,Ternakan,01,003,AYAM HIDUP,F.A.Q,Kilogram,6.2,6.51,
30855255,2026-08-17,2026-08-17 10:08:27.124996,TERENGGANU,MARANG,[LOKASI KUTIPAN HARGA LADANG] PULAU KERENGGA,Ladang,,Buah-Buahan,02,034,TEMBIKAI MERAH TANPA BIJI,F.A.Q,Kilogram,2,2.46,
30855256,2026-08-17,2026-08-17 10:08:29.119926,SELANGOR,KLANG,PASAR BESAR KLANG - BAHAGIAN RUNCIT,Runcit,,Buah-Buahan,02,023,NANAS JOSAPINE (AC5),F.A.Q,Kilogram,4,4,
30855257,2026-08-17,2026-08-17 10:08:29.168738,SELANGOR,KLANG,PASAR BESAR KLANG - BAHAGIAN RUNCIT,Runcit,,Buah-Buahan,02,028,PISANG BERANGAN,F.A.Q,Kilogram,5,5.62,
30855258,2026-08-17,2026-08-17 10:08:29.210184,SELANGOR,KLANG,PASAR BESAR KLANG - BAHAGIAN RUNCIT,Runcit,,Buah-Buahan,02,034,TEMBIKAI MERAH TANPA BIJI,F.A.Q,Kilogram,3,4.75,
30855259,2026-08-17,2026-08-17 10:08:36.621846,TERENGGANU,MARANG,[LOKASI KUTIPAN HARGA LADANG] PULAU KERENGGA,Ladang,,Buah-Buahan,02,034,TEMBIKAI MERAH TANPA BIJI,F.A.Q,Kilogram,2,2.46,
30855260,2026-08-17,2026-08-17 10:08:50.53457,TERENGGANU,KUALA TERENGGANU,PASAR BORONG GONG PAUH,Borong,,Ternakan,03,002,AYAM PROSES STANDARD,F.A.Q,Kilogram,9.3,8.75,
30855261,2026-08-17,2026-08-17 10:08:57.370421,SELANGOR,KLANG,PASAR BESAR KLANG - BAHAGIAN RUNCIT,Runcit,,Sayur-Sayuran,05,001,BAWANG BESAR MERAH (INDIA),F.A.Q,Kilogram,3.5,4.44,
30855262,2026-08-17,2026-08-17 10:08:57.413649,SELANGOR,KLANG,PASAR BESAR KLANG - BAHAGIAN RUNCIT,Runcit,,Sayur-Sayuran,05,001,BAWANG PUTIH (CHINA),F.A.Q,Kilogram,9.9,8.52,
30855263,2026-08-17,2026-08-17 10:08:57.453505,SELANGOR,KLANG,PASAR BESAR KLANG - BAHAGIAN RUNCIT,Runcit,,Sayur-Sayuran,05,009,UBI KENTANG HOLLAND,F.A.Q,Kilogram,3.5,4.09,
30855264,2026-08-17,2026-08-17 10:08:57.501333,SELANGOR,KLANG,PASAR BESAR KLANG - BAHAGIAN RUNCIT,Runcit,,Ternakan,11,001,TELUR AYAM,A,Biji,0.5,0.47,
30855265,2026-08-17,2026-08-17 10:09:03.255425,TERENGGANU,KUALA TERENGGANU,PASAR BORONG GONG PAUH,Borong,,Ternakan,03,002,AYAM PROSES STANDARD,F.A.Q,Kilogram,10,8.75,
30855266,2026-08-17,2026-08-17 10:09:15.342381,SELANGOR,KLANG,PASAR BESAR KLANG - BAHAGIAN RUNCIT,Runcit,,Ternakan,02,003,DAGING LEMBU PEJAL,F.A.Q,Kilogram,42,39.05,
30855267,2026-08-17,2026-08-17 10:09:18.176371,TERENGGANU,KUALA TERENGGANU,PASAR BORONG GONG PAUH,Borong,,Tanaman Kontan,05,001,KELAPA DIKUPAS,SEDANG,Biji,2.8,1.79,
30855268,2026-08-17,2026-08-17 10:09:37.98875,SELANGOR,KLANG,PASAR BESAR KLANG - BAHAGIAN RUNCIT,Runcit,,Lain-Lain Makanan Proses,15,001,SANTAN PEKAT,F.A.Q,Kilogram,12,11.7,
30855269,2026-08-17,2026-08-17 10:09:38.04891,SELANGOR,KLANG,PASAR BESAR KLANG - BAHAGIAN RUNCIT,Runcit,,Tanaman Kontan,05,001,KELAPA DIKUPAS,SEDANG,Biji,3,2.33,
30855270,2026-08-17,2026-08-17 10:10:38.062653,SELANGOR,KLANG,PASAR BESAR KLANG - BAHAGIAN RUNCIT,Runcit,,Sayur-Sayuran,03,001,BAYAM,F.A.Q,Kilogram,3,5.81,
30855271,2026-08-17,2026-08-17 10:10:38.111884,SELANGOR,KLANG,PASAR BESAR KLANG - BAHAGIAN RUNCIT,Runcit,,Sayur-Sayuran,02,002,CILI MERAH KULAI / KULAI HIBRID,F.A.Q,Kilogram,15,16.31,
30855272,2026-08-17,2026-08-17 10:10:38.156065,SELANGOR,KLANG,PASAR BESAR KLANG - BAHAGIAN RUNCIT,Runcit,,Sayur-Sayuran,02,002,CILI MERAH MINYAK,F.A.Q,Kilogram,12,14.1,
30855273,2026-08-17,2026-08-17 10:10:38.200593,SELANGOR,KLANG,PASAR BESAR KLANG - BAHAGIAN RUNCIT,Runcit,,Sayur-Sayuran,04,002,KACANG BENDI,F.A.Q,Kilogram,7,10.44,
30855274,2026-08-17,2026-08-17 10:10:38.246179,SELANGOR,KLANG,PASAR BESAR KLANG - BAHAGIAN RUNCIT,Runcit,,Sayur-Sayuran,04,007,KACANG PANJANG HIJAU,F.A.Q,Kilogram,8,7.99,
30855275,2026-08-17,2026-08-17 10:10:38.295987,SELANGOR,KLANG,PASAR BESAR KLANG - BAHAGIAN RUNCIT,Runcit,,Sayur-Sayuran,03,006,KUBIS BULAT (TANAH TINGGI),F.A.Q,Kilogram,4,4.58,
30855276,2026-08-17,2026-08-17 10:10:38.347792,SELANGOR,KLANG,PASAR BESAR KLANG - BAHAGIAN RUNCIT,Runcit,,Sayur-Sayuran,03,007,SAWI HIJAU,F.A.Q,Kilogram,6,6.22,
30855277,2026-08-17,2026-08-17 10:10:38.389035,SELANGOR,KLANG,PASAR BESAR KLANG - BAHAGIAN RUNCIT,Runcit,,Sayur-Sayuran,02,010,TERUNG PANJANG / PEPARU (TANAH RENDAH),F.A.Q,Kilogram,8,9.47,
30855278,2026-08-17,2026-08-17 10:10:38.429598,SELANGOR,KLANG,PASAR BESAR KLANG - BAHAGIAN RUNCIT,Runcit,,Sayur-Sayuran,02,011,TIMUN HIJAU,F.A.Q,Kilogram,3,4.08,
30855279,2026-08-17,2026-08-17 10:10:38.467238,SELANGOR,KLANG,PASAR BESAR KLANG - BAHAGIAN RUNCIT,Runcit,,Sayur-Sayuran,02,012,TOMATO (TANAH TINGGI),F.A.Q,Kilogram,9,8.71,
30855280,2026-08-17,2026-08-17 10:10:50.984715,TERENGGANU,KUALA TERENGGANU,PASAR BORONG GONG PAUH,Borong,,Buah-Buahan,02,005,BETIK SEKAKI,F.A.Q,Kilogram,5.5,3.33,
30855281,2026-08-17,2026-08-17 10:10:51.048799,TERENGGANU,KUALA TERENGGANU,PASAR BORONG GONG PAUH,Borong,,Buah-Buahan,02,023,NANAS JOSAPINE (AC5),F.A.Q,Kilogram,3.5,3.5,
30855282,2026-08-17,2026-08-17 10:10:51.108741,TERENGGANU,KUALA TERENGGANU,PASAR BORONG GONG PAUH,Borong,,Buah-Buahan,02,028,PISANG BERANGAN,F.A.Q,Kilogram,6,3.93,
30855283,2026-08-17,2026-08-17 10:10:51.168298,TERENGGANU,KUALA TERENGGANU,PASAR BORONG GONG PAUH,Borong,,Buah-Buahan,02,034,TEMBIKAI MERAH TANPA BIJI,F.A.Q,Kilogram,2.8,3.55,
30855284,2026-08-17,2026-08-17 10:10:51.230056,TERENGGANU,KUALA TERENGGANU,PASAR BORONG GONG PAUH,Borong,,Sayur-Sayuran,05,001,BAWANG BESAR MERAH (INDIA),F.A.Q,Kilogram,2.2,2.73,
30855285,2026-08-17,2026-08-17 10:10:51.298035,TERENGGANU,KUALA TERENGGANU,PASAR BORONG GONG PAUH,Borong,,Sayur-Sayuran,05,001,BAWANG MERAH / KECIL (INDIA),F.A.Q,Kilogram,2.5,4.61,
30855286,2026-08-17,2026-08-17 10:10:51.35899,TERENGGANU,KUALA TERENGGANU,PASAR BORONG GONG PAUH,Borong,,Sayur-Sayuran,05,001,BAWANG PUTIH (CHINA),F.A.Q,Kilogram,6,5.98,
30855287,2026-08-17,2026-08-17 10:10:51.419533,TERENGGANU,KUALA TERENGGANU,PASAR BORONG GONG PAUH,Borong,,Ternakan,11,001,TELUR AYAM,B,Biji,0.36,0.43,
30855288,2026-08-17,2026-08-17 10:12:28.957888,SARAWAK,KUCHING,MEDAN NIAGA SATOK,Borong,20,Buah-Buahan,02,036,ANGGUR HIJAU TANPA BIJI,F.A.Q,Kilogram,20.8,20.8,
30855289,2026-08-17,2026-08-17 10:12:28.957888,SARAWAK,KUCHING,MEDAN NIAGA SATOK,Borong,20,Buah-Buahan,02,036,ANGGUR HITAM TANPA BIJI,F.A.Q,Kilogram,20.8,20.8,
30855290,2026-08-17,2026-08-17 10:12:28.957888,SARAWAK,KUCHING,MEDAN NIAGA SATOK,Borong,20,Buah-Buahan,02,036,ANGGUR MERAH TANPA BIJI,F.A.Q,Kilogram,20.8,20.8,
30855291,2026-08-17,2026-08-17 10:12:28.957888,SARAWAK,KUCHING,MEDAN NIAGA SATOK,Borong,20,Buah-Buahan,02,003,BELIMBING (B10),F.A.Q,Kilogram,5,5,
30855292,2026-08-17,2026-08-17 10:12:28.957888,SARAWAK,KUCHING,MEDAN NIAGA SATOK,Borong,20,Buah-Buahan,02,044,BUAH NAGA/PITAYA ISI MERAH,F.A.Q,Kilogram,8,7,
30855293,2026-08-17,2026-08-17 10:12:28.957888,SARAWAK,KUCHING,MEDAN NIAGA SATOK,Borong,20,Buah-Buahan,02,008,CIKU,F.A.Q,Kilogram,11,11,
30855294,2026-08-17,2026-08-17 10:12:28.957888,SARAWAK,KUCHING,MEDAN NIAGA SATOK,Borong,20,Buah-Buahan,01,021,DABAI,F.A.Q,Kilogram,28,28,
30855295,2026-08-17,2026-08-17 10:12:28.957888,SARAWAK,KUCHING,MEDAN NIAGA SATOK,Borong,20,Buah-Buahan,02,009,DURIAN BELANDA,F.A.Q,Kilogram,4,4,
30855296,2026-08-17,2026-08-17 10:12:28.957888,SARAWAK,KUCHING,MEDAN NIAGA SATOK,Borong,20,Buah-Buahan,02,037,EPAL HIJAU,SEDANG,Biji,1.6,1.6,
30855297,2026-08-17,2026-08-17 10:12:28.957888,SARAWAK,KUCHING,MEDAN NIAGA SATOK,Borong,20,Buah-Buahan,02,037,EPAL MERAH (FUJI),SEDANG,Biji,1.8,1.8,
30855298,2026-08-17,2026-08-17 10:12:28.957888,SARAWAK,KUCHING,MEDAN NIAGA SATOK,Borong,20,Buah-Buahan,02,012,JAMBU AIR  MADU / LOCENG,F.A.Q,Kilogram,9,10,
30855299,2026-08-17,2026-08-17 10:12:28.957888,SARAWAK,KUCHING,MEDAN NIAGA SATOK,Borong,20,Buah-Buahan,02,012,JAMBU BATU,F.A.Q,Kilogram,6,6,
30855300,2026-08-17,2026-08-17 10:12:28.957888,SARAWAK,KUCHING,MEDAN NIAGA SATOK,Borong,20,Buah-Buahan,02,012,JAMBU BATU TANPA BIJI,F.A.Q,Kilogram,8,8,
30855301,2026-08-17,2026-08-17 10:12:28.957888,SARAWAK,KUCHING,MEDAN NIAGA SATOK,Borong,20,Buah-Buahan,02,041,LAI KUNING,F.A.Q,Biji,1.5,1.5,
30855302,2026-08-17,2026-08-17 10:12:28.957888,SARAWAK,KUCHING,MEDAN NIAGA SATOK,Borong,20,Buah-Buahan,02,015,LIMAU BALI / PAMELO,F.A.Q,Kilogram,4,4,
30855303,2026-08-17,2026-08-17 10:12:28.957888,SARAWAK,KUCHING,MEDAN NIAGA SATOK,Borong,20,Buah-Buahan,02,045,LIMAU MANDARIN,SEDANG,Biji,1.5,1.5,
30855304,2026-08-17,2026-08-17 10:12:28.957888,SARAWAK,KUCHING,MEDAN NIAGA SATOK,Borong,20,Buah-Buahan,02,016,LIMAU MANIS,F.A.Q,Kilogram,5,5,
30855305,2026-08-17,2026-08-17 10:12:28.957888,SARAWAK,KUCHING,MEDAN NIAGA SATOK,Borong,20,Buah-Buahan,02,045,LIMAU OREN VALENCIA,SEDANG,Biji,1.5,1.5,
30855306,2026-08-17,2026-08-17 10:12:28.957888,SARAWAK,KUCHING,MEDAN NIAGA SATOK,Borong,20,Buah-Buahan,02,043,LONGAN KRISTAL,F.A.Q,Kilogram,8,15,
30855307,2026-08-17,2026-08-17 10:12:48.019544,TERENGGANU,KUALA TERENGGANU,PASAR BORONG GONG PAUH,Borong,,Sayur-Sayuran,03,001,BAYAM,F.A.Q,Kilogram,5.5,4.11,
30855308,2026-08-17,2026-08-17 10:12:48.137938,TERENGGANU,KUALA TERENGGANU,PASAR BORONG GONG PAUH,Borong,,Sayur-Sayuran,02,002,CILI MERAH KULAI / KULAI HIBRID,F.A.Q,Kilogram,9,13.69,
30855309,2026-08-17,2026-08-17 10:12:48.199693,TERENGGANU,KUALA TERENGGANU,PASAR BORONG GONG PAUH,Borong,,Sayur-Sayuran,02,002,CILI MERAH MINYAK,F.A.Q,Kilogram,9,11.76,
30855310,2026-08-17,2026-08-17 10:12:48.266388,TERENGGANU,KUALA TERENGGANU,PASAR BORONG GONG PAUH,Borong,,Sayur-Sayuran,04,002,KACANG BENDI,F.A.Q,Kilogram,7,8.23,
30855311,2026-08-17,2026-08-17 10:12:48.319698,TERENGGANU,KUALA TERENGGANU,PASAR BORONG GONG PAUH,Borong,,Sayur-Sayuran,04,003,KACANG BUNCIS,F.A.Q,Kilogram,11,10.25,
30855312,2026-08-17,2026-08-17 10:12:48.37954,TERENGGANU,KUALA TERENGGANU,PASAR BORONG GONG PAUH,Borong,,Sayur-Sayuran,04,007,KACANG PANJANG HIJAU,F.A.Q,Kilogram,7,5.88,
30855313,2026-08-17,2026-08-17 10:12:48.439414,TERENGGANU,KUALA TERENGGANU,PASAR BORONG GONG PAUH,Borong,,Sayur-Sayuran,03,019,KANGKUNG,F.A.Q,Kilogram,4,3.5,
30855314,2026-08-17,2026-08-17 10:12:48.499598,TERENGGANU,KUALA TERENGGANU,PASAR BORONG GONG PAUH,Borong,,Sayur-Sayuran,03,006,KUBIS BULAT (TANAH TINGGI),F.A.Q,Kilogram,3.5,3.18,
30855315,2026-08-17,2026-08-17 10:12:48.569216,TERENGGANU,KUALA TERENGGANU,PASAR BORONG GONG PAUH,Borong,,Sayur-Sayuran,03,007,SAWI HIJAU TANAH TINGGI,F.A.Q,Kilogram,6,25,
30855316,2026-08-17,2026-08-17 10:12:48.631877,TERENGGANU,KUALA TERENGGANU,PASAR BORONG GONG PAUH,Borong,,Sayur-Sayuran,02,010,TERUNG PANJANG / PEPARU (TANAH RENDAH),F.A.Q,Kilogram,5.5,7.33,
30855317,2026-08-17,2026-08-17 10:12:48.68934,TERENGGANU,KUALA TERENGGANU,PASAR BORONG GONG PAUH,Borong,,Sayur-Sayuran,02,011,TIMUN HIJAU,F.A.Q,Kilogram,2,2.57,
30855318,2026-08-17,2026-08-17 10:12:48.759415,TERENGGANU,KUALA TERENGGANU,PASAR BORONG GONG PAUH,Borong,,Sayur-Sayuran,02,012,TOMATO (TANAH TINGGI),F.A.Q,Kilogram,9,7,
30855319,2026-08-17,2026-08-17 10:13:10.588628,TERENGGANU,KUALA TERENGGANU,PASAR BORONG GONG PAUH,Borong,,Ternakan,02,003,DAGING LEMBU PEJAL,F.A.Q,Kilogram,26,40,
30855320,2026-08-17,2026-08-17 10:13:22.711342,TERENGGANU,KUALA TERENGGANU,PASAR BORONG GONG PAUH,Borong,,Ternakan,02,003,DAGING LEMBU PEJAL,F.A.Q,Kilogram,26,40,
30855321,2026-08-17,2026-08-17 10:13:47.130265,TERENGGANU,KUALA TERENGGANU,PASAR BORONG GONG PAUH,Borong,,Buah-Buahan,02,023,NANAS JOSAPINE (AC5),F.A.Q,Kilogram,3.5,3.5,
30855322,2026-08-17,2026-08-17 10:13:47.909333,TERENGGANU,KUALA TERENGGANU,PASAR BORONG GONG PAUH,Borong,,Buah-Buahan,02,028,PISANG BERANGAN,F.A.Q,Kilogram,5,3.93,
30855323,2026-08-17,2026-08-17 10:15:37.195131,TERENGGANU,KUALA TERENGGANU,PASAR BORONG GONG PAUH,Borong,,Buah-Buahan,02,023,NANAS JOSAPINE (AC5),F.A.Q,Kilogram,3.5,3.5,
30855324,2026-08-17,2026-08-17 10:15:40.313579,TERENGGANU,KUALA TERENGGANU,PASAR BORONG GONG PAUH,Borong,,Buah-Buahan,02,028,PISANG BERANGAN,F.A.Q,Kilogram,5,3.93,
30855325,2026-08-17,2026-08-17 10:15:41.176914,TERENGGANU,KUALA TERENGGANU,PASAR BORONG GONG PAUH,Borong,,Buah-Buahan,02,034,TEMBIKAI MERAH TANPA BIJI,F.A.Q,Kilogram,2.5,3.55,
30855326,2026-08-17,2026-08-17 10:18:52.788821,SARAWAK,KUCHING,MEDAN NIAGA SATOK,Borong,20,Buah-Buahan,02,018,MANGGA SUSU (THAILAND),F.A.Q,Kilogram,7,7,
30855327,2026-08-17,2026-08-17 10:18:52.788821,SARAWAK,KUCHING,MEDAN NIAGA SATOK,Borong,20,Buah-Buahan,01,020,MATA KUCING / LONGAN,F.A.Q,Kilogram,10,11,
30855328,2026-08-17,2026-08-17 10:18:52.788821,SARAWAK,KUCHING,MEDAN NIAGA SATOK,Borong,20,Buah-Buahan,02,023,NANAS MD2 (AC9),F.A.Q,Kilogram,5,5,
30855329,2026-08-17,2026-08-17 10:18:52.788821,SARAWAK,KUCHING,MEDAN NIAGA SATOK,Borong,20,Buah-Buahan,02,023,NANAS MORIS (AC1),SEDANG,Kilogram,4,4,
30855330,2026-08-17,2026-08-17 10:18:52.788821,SARAWAK,KUCHING,MEDAN NIAGA SATOK,Borong,20,Buah-Buahan,02,023,NANAS SARAWAK (AC2),F.A.Q,Kilogram,5,5,
30855331,2026-08-17,2026-08-17 10:18:52.788821,SARAWAK,KUCHING,MEDAN NIAGA SATOK,Borong,20,Buah-Buahan,02,028,PISANG AWAK (MP1),F.A.Q,Kilogram,3,3,
30855332,2026-08-17,2026-08-17 10:18:52.788821,SARAWAK,KUCHING,MEDAN NIAGA SATOK,Borong,20,Buah-Buahan,02,028,PISANG EMBUN (MP7),F.A.Q,Kilogram,1.5,1.9,
30855333,2026-08-17,2026-08-17 10:18:52.788821,SARAWAK,KUCHING,MEDAN NIAGA SATOK,Borong,20,Buah-Buahan,02,028,PISANG NIPAH (MP5) / ABU (MP6) / SABAH / KAPOK,F.A.Q,Kilogram,2.5,2.5,
30855334,2026-08-17,2026-08-17 10:18:52.788821,SARAWAK,KUCHING,MEDAN NIAGA SATOK,Borong,20,Buah-Buahan,02,028,PISANG RASTALI (MP9),F.A.Q,Kilogram,4.5,4.5,
30855335,2026-08-17,2026-08-17 10:18:52.788821,SARAWAK,KUCHING,MEDAN NIAGA SATOK,Borong,20,Buah-Buahan,02,028,PISANG TANDUK,F.A.Q,Kilogram,4.5,4.5,
30855336,2026-08-17,2026-08-17 10:18:52.788821,SARAWAK,KUCHING,MEDAN NIAGA SATOK,Borong,20,Buah-Buahan,02,034,ROCK MELON,F.A.Q,Kilogram,8,8,
30855337,2026-08-17,2026-08-17 10:18:52.788821,SARAWAK,KUCHING,MEDAN NIAGA SATOK,Borong,20,Buah-Buahan,02,034,TEMBIKAI KUNING,F.A.Q,Kilogram,2.5,2.5,
30855338,2026-08-17,2026-08-17 10:18:52.788821,SARAWAK,KUCHING,MEDAN NIAGA SATOK,Borong,20,Buah-Buahan,02,034,TEMBIKAI MERAH,F.A.Q,Kilogram,2.5,2.5,
30855339,2026-08-17,2026-08-17 10:18:52.788821,SARAWAK,KUCHING,MEDAN NIAGA SATOK,Borong,20,Buah-Buahan,02,034,TEMBIKAI WANGI / HONEY DEW,F.A.Q,Kilogram,5,5,
30855340,2026-08-17,2026-08-17 10:23:10.837055,KELANTAN,KOTA BHARU,[PROJEK] PROJEK SAYUR KG. WAKAF STAN,Ladang,,Sayur-Sayuran,02,002,CILI MERAH KULAI / KULAI HIBRID,F.A.Q,Kilogram,10,8.5,
30855341,2026-08-17,2026-08-17 10:23:10.837055,KELANTAN,KOTA BHARU,[PROJEK] PROJEK SAYUR KG. WAKAF STAN,Ladang,,Sayur-Sayuran,02,002,CILI MERAH KULAI / KULAI HIBRID,F.A.Q,Kilogram,10,8.5,
30855342,2026-08-17,2026-08-17 10:23:10.837055,KELANTAN,KOTA BHARU,[PROJEK] PROJEK SAYUR KG. WAKAF STAN,Ladang,,Sayur-Sayuran,02,002,CILI MERAH KULAI / KULAI HIBRID,F.A.Q,Kilogram,10,8.5,
30855343,2026-08-17,2026-08-17 10:23:10.837055,KELANTAN,KOTA BHARU,[PROJEK] PROJEK SAYUR KG. WAKAF STAN,Ladang,,Sayur-Sayuran,04,002,KACANG BENDI,F.A.Q,Kilogram,4,4,
30855344,2026-08-17,2026-08-17 10:23:10.837055,KELANTAN,KOTA BHARU,[PROJEK] PROJEK SAYUR KG. WAKAF STAN,Ladang,,Sayur-Sayuran,04,002,KACANG BENDI,F.A.Q,Kilogram,4,4,
30855345,2026-08-17,2026-08-17 10:23:10.837055,KELANTAN,KOTA BHARU,[PROJEK] PROJEK SAYUR KG. WAKAF STAN,Ladang,,Sayur-Sayuran,04,002,KACANG BENDI,F.A.Q,Kilogram,4,4,
30855346,2026-08-17,2026-08-17 10:23:10.837055,KELANTAN,KOTA BHARU,[PROJEK] PROJEK SAYUR KG. WAKAF STAN,Ladang,,Sayur-Sayuran,04,007,KACANG PANJANG HIJAU,F.A.Q,Kilogram,5,4.9166665,
30855347,2026-08-17,2026-08-17 10:23:10.837055,KELANTAN,KOTA BHARU,[PROJEK] PROJEK SAYUR KG. WAKAF STAN,Ladang,,Sayur-Sayuran,04,007,KACANG PANJANG HIJAU,F.A.Q,Kilogram,5,4.9166665,
30855348,2026-08-17,2026-08-17 10:23:10.837055,KELANTAN,KOTA BHARU,[PROJEK] PROJEK SAYUR KG. WAKAF STAN,Ladang,,Sayur-Sayuran,04,007,KACANG PANJANG HIJAU,F.A.Q,Kilogram,5,4.9166665,
30855349,2026-08-17,2026-08-17 10:23:10.837055,KELANTAN,KOTA BHARU,[PROJEK] PROJEK SAYUR KG. WAKAF STAN,Ladang,,Sayur-Sayuran,02,010,TERUNG PANJANG / PEPARU (TANAH RENDAH),F.A.Q,Kilogram,3,3.090909,
30855350,2026-08-17,2026-08-17 10:23:10.837055,KELANTAN,KOTA BHARU,[PROJEK] PROJEK SAYUR KG. WAKAF STAN,Ladang,,Sayur-Sayuran,02,010,TERUNG PANJANG / PEPARU (TANAH RENDAH),F.A.Q,Kilogram,3,3.090909,
30855351,2026-08-17,2026-08-17 10:23:10.837055,KELANTAN,KOTA BHARU,[PROJEK] PROJEK SAYUR KG. WAKAF STAN,Ladang,,Sayur-Sayuran,02,010,TERUNG PANJANG / PEPARU (TANAH RENDAH),F.A.Q,Kilogram,3,3.090909,
30855352,2026-08-17,2026-08-17 10:23:10.837055,KELANTAN,KOTA BHARU,[PROJEK] PROJEK SAYUR KG. WAKAF STAN,Ladang,,Sayur-Sayuran,02,011,TIMUN HIJAU,F.A.Q,Kilogram,1.5,1.9090909,
30855353,2026-08-17,2026-08-17 10:23:10.837055,KELANTAN,KOTA BHARU,[PROJEK] PROJEK SAYUR KG. WAKAF STAN,Ladang,,Sayur-Sayuran,02,011,TIMUN HIJAU,F.A.Q,Kilogram,1.5,1.9090909,
30855354,2026-08-17,2026-08-17 10:23:10.837055,KELANTAN,KOTA BHARU,[PROJEK] PROJEK SAYUR KG. WAKAF STAN,Ladang,,Sayur-Sayuran,02,011,TIMUN HIJAU,F.A.Q,Kilogram,1.5,1.9090909,
30855355,2026-08-17,2026-08-17 10:23:31.459973,KELANTAN,BACHOK,"LADANG/KEBUN TEPUS, GUNONG",Ladang,,Ternakan,01,003,AYAM HIDUP,F.A.Q,Kilogram,7,7,
30855356,2026-08-17,2026-08-17 10:24:32.460768,KELANTAN,TUMPAT,"[PROJEK] PROJEK PERTANIAN BERKELOMPOK KG KELABORAN, TUMPAT",Ladang,,Sayur-Sayuran,03,001,BAYAM,F.A.Q,Kilogram,3.5,3.5,
30855357,2026-08-17,2026-08-17 10:24:32.460768,KELANTAN,TUMPAT,"[PROJEK] PROJEK PERTANIAN BERKELOMPOK KG KELABORAN, TUMPAT",Ladang,,Sayur-Sayuran,03,001,BAYAM,F.A.Q,Kilogram,3.5,3.5,
30855358,2026-08-17,2026-08-17 10:24:32.460768,KELANTAN,TUMPAT,"[PROJEK] PROJEK PERTANIAN BERKELOMPOK KG KELABORAN, TUMPAT",Ladang,,Sayur-Sayuran,03,001,BAYAM,F.A.Q,Kilogram,3.5,3.5,
30855359,2026-08-17,2026-08-17 10:24:32.460768,KELANTAN,TUMPAT,"[PROJEK] PROJEK PERTANIAN BERKELOMPOK KG KELABORAN, TUMPAT",Ladang,,Sayur-Sayuran,03,007,SAWI HIJAU,F.A.Q,Kilogram,3.5,3.5,
30855360,2026-08-17,2026-08-17 10:24:32.460768,KELANTAN,TUMPAT,"[PROJEK] PROJEK PERTANIAN BERKELOMPOK KG KELABORAN, TUMPAT",Ladang,,Sayur-Sayuran,03,007,SAWI HIJAU,F.A.Q,Kilogram,3.5,3.5,
30855361,2026-08-17,2026-08-17 10:24:32.460768,KELANTAN,TUMPAT,"[PROJEK] PROJEK PERTANIAN BERKELOMPOK KG KELABORAN, TUMPAT",Ladang,,Sayur-Sayuran,03,007,SAWI HIJAU,F.A.Q,Kilogram,3.5,3.5,
30855362,2026-08-17,2026-08-17 10:25:35.831644,KELANTAN,KOTA BHARU,PASAR BORONG RTC KOTA BHARU,Borong,20,Sayur-Sayuran,05,001,BAWANG BESAR MERAH (INDIA),F.A.Q,Kilogram,2.5,2.5,
30855363,2026-08-17,2026-08-17 10:25:35.831644,KELANTAN,KOTA BHARU,PASAR BORONG RTC KOTA BHARU,Borong,20,Sayur-Sayuran,05,001,BAWANG BESAR MERAH (INDIA),F.A.Q,Kilogram,2.5,2.5,
30855364,2026-08-17,2026-08-17 10:25:35.831644,KELANTAN,KOTA BHARU,PASAR BORONG RTC KOTA BHARU,Borong,20,Sayur-Sayuran,05,001,BAWANG BESAR MERAH (INDIA),F.A.Q,Kilogram,2.5,2.5,
30855365,2026-08-17,2026-08-17 10:25:35.831644,KELANTAN,KOTA BHARU,PASAR BORONG RTC KOTA BHARU,Borong,20,Sayur-Sayuran,05,001,BAWANG PUTIH (CHINA),F.A.Q,Kilogram,7,7,
30855366,2026-08-17,2026-08-17 10:25:35.831644,KELANTAN,KOTA BHARU,PASAR BORONG RTC KOTA BHARU,Borong,20,Sayur-Sayuran,05,001,BAWANG PUTIH (CHINA),F.A.Q,Kilogram,7,7,
30855367,2026-08-17,2026-08-17 10:25:35.831644,KELANTAN,KOTA BHARU,PASAR BORONG RTC KOTA BHARU,Borong,20,Sayur-Sayuran,05,001,BAWANG PUTIH (CHINA),F.A.Q,Kilogram,7,7,
30855368,2026-08-17,2026-08-17 10:37:00.494187,SARAWAK,KUCHING,LADANG/KEBUN SIBURAN,Ladang,,Buah-Buahan,02,003,BELIMBING (B10),F.A.Q,Kilogram,2,2,
30855369,2026-08-17,2026-08-17 10:37:00.494187,SARAWAK,KUCHING,LADANG/KEBUN SIBURAN,Ladang,,Buah-Buahan,02,044,BUAH NAGA/PITAYA ISI MERAH,F.A.Q,Kilogram,5,4,
30855370,2026-08-17,2026-08-17 10:37:00.494187,SARAWAK,KUCHING,LADANG/KEBUN SIBURAN,Ladang,,Buah-Buahan,02,008,CIKU,F.A.Q,Kilogram,9,9,
30855371,2026-08-17,2026-08-17 10:37:00.494187,SARAWAK,KUCHING,LADANG/KEBUN SIBURAN,Ladang,,Buah-Buahan,01,021,DABAI,F.A.Q,Kilogram,20,20,
30855372,2026-08-17,2026-08-17 10:37:00.494187,SARAWAK,KUCHING,LADANG/KEBUN SIBURAN,Ladang,,Buah-Buahan,02,009,DURIAN BELANDA,F.A.Q,Kilogram,3,3,
30855373,2026-08-17,2026-08-17 10:37:00.494187,SARAWAK,KUCHING,LADANG/KEBUN SIBURAN,Ladang,,Buah-Buahan,02,012,JAMBU AIR  MADU / LOCENG,F.A.Q,Kilogram,7,8,
30855374,2026-08-17,2026-08-17 10:37:00.494187,SARAWAK,KUCHING,LADANG/KEBUN SIBURAN,Ladang,,Buah-Buahan,02,012,JAMBU BATU,F.A.Q,Kilogram,4,4,
30855375,2026-08-17,2026-08-17 10:37:00.494187,SARAWAK,KUCHING,LADANG/KEBUN SIBURAN,Ladang,,Buah-Buahan,02,012,JAMBU BATU TANPA BIJI,F.A.Q,Kilogram,5,5,
30855376,2026-08-17,2026-08-17 10:37:00.494187,SARAWAK,KUCHING,LADANG/KEBUN SIBURAN,Ladang,,Buah-Buahan,02,015,LIMAU BALI / PAMELO,F.A.Q,Kilogram,2.5,2.5,
30855377,2026-08-17,2026-08-17 10:37:00.494187,SARAWAK,KUCHING,LADANG/KEBUN SIBURAN,Ladang,,Buah-Buahan,02,016,LIMAU MANIS,F.A.Q,Kilogram,3.8,3.8,
30855378,2026-08-17,2026-08-17 10:37:00.494187,SARAWAK,KUCHING,LADANG/KEBUN SIBURAN,Ladang,,Buah-Buahan,02,023,NANAS MD2 (AC9),F.A.Q,Kilogram,2.5,2.5,
30855379,2026-08-17,2026-08-17 10:37:00.494187,SARAWAK,KUCHING,LADANG/KEBUN SIBURAN,Ladang,,Buah-Buahan,02,023,NANAS MORIS (AC1),SEDANG,Kilogram,2.5,2.5,
30855380,2026-08-17,2026-08-17 10:37:00.494187,SARAWAK,KUCHING,LADANG/KEBUN SIBURAN,Ladang,,Buah-Buahan,02,023,NANAS SARAWAK (AC2),F.A.Q,Kilogram,4,4,
30855381,2026-08-17,2026-08-17 10:37:00.494187,SARAWAK,KUCHING,LADANG/KEBUN SIBURAN,Ladang,,Buah-Buahan,02,028,PISANG AWAK (MP1),F.A.Q,Kilogram,2,2,
30855382,2026-08-17,2026-08-17 10:37:00.494187,SARAWAK,KUCHING,LADANG/KEBUN SIBURAN,Ladang,,Buah-Buahan,02,028,PISANG EMBUN (MP7),F.A.Q,Kilogram,0.8,0.9,
30855383,2026-08-17,2026-08-17 10:37:00.494187,SARAWAK,KUCHING,LADANG/KEBUN SIBURAN,Ladang,,Buah-Buahan,02,028,PISANG NIPAH (MP5) / ABU (MP6) / SABAH / KAPOK,F.A.Q,Kilogram,1.8,1.8,
30855384,2026-08-17,2026-08-17 10:37:00.494187,SARAWAK,KUCHING,LADANG/KEBUN SIBURAN,Ladang,,Buah-Buahan,02,028,PISANG RASTALI (MP9),F.A.Q,Kilogram,3.5,3.5,
30855385,2026-08-17,2026-08-17 10:37:00.494187,SARAWAK,KUCHING,LADANG/KEBUN SIBURAN,Ladang,,Buah-Buahan,02,028,PISANG TANDUK,F.A.Q,Kilogram,2.5,2.5,
30855386,2026-08-17,2026-08-17 10:37:00.494187,SARAWAK,KUCHING,LADANG/KEBUN SIBURAN,Ladang,,Buah-Buahan,02,034,TEMBIKAI KUNING,F.A.Q,Kilogram,1.5,1.5,
30855387,2026-08-17,2026-08-17 10:37:00.494187,SARAWAK,KUCHING,LADANG/KEBUN SIBURAN,Ladang,,Buah-Buahan,02,034,TEMBIKAI MERAH,F.A.Q,Kilogram,1.5,1.5,
30855388,2026-08-17,2026-08-17 10:37:00.494187,SARAWAK,KUCHING,LADANG/KEBUN SIBURAN,Ladang,,Buah-Buahan,02,034,TEMBIKAI WANGI / HONEY DEW,F.A.Q,Kilogram,3,3,
30855389,2026-08-17,2026-08-17 10:38:47.554111,PERAK,KINTA,PASAR BORONG KUALA PARI,Borong,20,Ternakan,03,002,AYAM PROSES STANDARD,F.A.Q,Kilogram,9,9,
30855390,2026-08-17,2026-08-17 10:39:19.535291,PERAK,KINTA,[PASAR BORONG] JALAN LAXAMANA,Borong,20,Ternakan,02,003,DAGING LEMBU PEJAL,F.A.Q,Kilogram,30,29,
30855391,2026-08-17,2026-08-17 10:39:19.535291,PERAK,KINTA,[PASAR BORONG] JALAN LAXAMANA,Borong,20,Ternakan,02,003,DAGING LEMBU PEJAL,F.A.Q,Kilogram,28,29,
30855392,2026-08-17,2026-08-17 10:39:31.771299,KELANTAN,KOTA BHARU,PASAR BORONG RTC KOTA BHARU,Borong,20,Ternakan,03,002,AYAM PROSES STANDARD,F.A.Q,Kilogram,8.5,8.5,
30855393,2026-08-17,2026-08-17 10:39:31.771299,KELANTAN,KOTA BHARU,PASAR BORONG RTC KOTA BHARU,Borong,20,Ternakan,03,002,AYAM PROSES STANDARD,F.A.Q,Kilogram,8.5,8.5,
30855394,2026-08-17,2026-08-17 10:39:31.771299,KELANTAN,KOTA BHARU,PASAR BORONG RTC KOTA BHARU,Borong,20,Ternakan,03,002,AYAM PROSES STANDARD,F.A.Q,Kilogram,8.5,8.5,
30855395,2026-08-17,2026-08-17 10:39:47.657283,PERAK,KINTA,LADANG/KEBUN IPOH,Ladang,,Ternakan,01,003,AYAM HIDUP,F.A.Q,Kilogram,6.2,6.2,
30855396,2026-08-17,2026-08-17 10:40:51.551619,PERAK,KINTA,PASAR BESAR IPOH,Runcit,26,Ternakan,03,002,AYAM PROSES STANDARD,F.A.Q,Kilogram,11,11,
30855397,2026-08-17,2026-08-17 10:40:51.551619,PERAK,KINTA,PASAR BESAR IPOH,Runcit,26,Ternakan,02,003,DAGING LEMBU PEJAL,F.A.Q,Kilogram,38,38,
30855398,2026-08-17,2026-08-17 10:43:32.662923,KELANTAN,KOTA BHARU,PASAR BORONG RTC KOTA BHARU,Borong,20,Sayur-Sayuran,03,001,BAYAM,F.A.Q,Kilogram,4.5,4.7,
30855399,2026-08-17,2026-08-17 10:43:32.662923,KELANTAN,KOTA BHARU,PASAR BORONG RTC KOTA BHARU,Borong,20,Sayur-Sayuran,03,001,BAYAM,F.A.Q,Kilogram,4.5,4.7,
30855400,2026-08-17,2026-08-17 10:43:32.662923,KELANTAN,KOTA BHARU,PASAR BORONG RTC KOTA BHARU,Borong,20,Sayur-Sayuran,03,001,BAYAM,F.A.Q,Kilogram,4.5,4.7,
30855401,2026-08-17,2026-08-17 10:43:32.662923,KELANTAN,KOTA BHARU,PASAR BORONG RTC KOTA BHARU,Borong,20,Sayur-Sayuran,03,001,BAYAM,F.A.Q,Kilogram,5,4.7,
30855402,2026-08-17,2026-08-17 10:43:32.662923,KELANTAN,KOTA BHARU,PASAR BORONG RTC KOTA BHARU,Borong,20,Sayur-Sayuran,03,001,BAYAM,F.A.Q,Kilogram,5,4.7,
30855403,2026-08-17,2026-08-17 10:43:32.662923,KELANTAN,KOTA BHARU,PASAR BORONG RTC KOTA BHARU,Borong,20,Sayur-Sayuran,02,002,CILI MERAH KULAI / KULAI HIBRID,F.A.Q,Kilogram,12,10.7,
30855404,2026-08-17,2026-08-17 10:43:32.662923,KELANTAN,KOTA BHARU,PASAR BORONG RTC KOTA BHARU,Borong,20,Sayur-Sayuran,02,002,CILI MERAH KULAI / KULAI HIBRID,F.A.Q,Kilogram,12,10.7,
30855405,2026-08-17,2026-08-17 10:43:32.662923,KELANTAN,KOTA BHARU,PASAR BORONG RTC KOTA BHARU,Borong,20,Sayur-Sayuran,02,002,CILI MERAH KULAI / KULAI HIBRID,F.A.Q,Kilogram,12,10.7,
30855406,2026-08-17,2026-08-17 10:43:32.662923,KELANTAN,KOTA BHARU,PASAR BORONG RTC KOTA BHARU,Borong,20,Sayur-Sayuran,02,002,CILI MERAH KULAI / KULAI HIBRID,F.A.Q,Kilogram,11,10.7,
30855407,2026-08-17,2026-08-17 10:43:32.662923,KELANTAN,KOTA BHARU,PASAR BORONG RTC KOTA BHARU,Borong,20,Sayur-Sayuran,02,002,CILI MERAH KULAI / KULAI HIBRID,F.A.Q,Kilogram,11,10.7,
30855408,2026-08-17,2026-08-17 10:43:32.662923,KELANTAN,KOTA BHARU,PASAR BORONG RTC KOTA BHARU,Borong,20,Sayur-Sayuran,02,002,CILI MERAH MINYAK,F.A.Q,Kilogram,10,8.763637,
30855409,2026-08-17,2026-08-17 10:43:32.662923,KELANTAN,KOTA BHARU,PASAR BORONG RTC KOTA BHARU,Borong,20,Sayur-Sayuran,02,002,CILI MERAH MINYAK,F.A.Q,Kilogram,10,8.763637,
30855410,2026-08-17,2026-08-17 10:43:32.662923,KELANTAN,KOTA BHARU,PASAR BORONG RTC KOTA BHARU,Borong,20,Sayur-Sayuran,02,002,CILI MERAH MINYAK,F.A.Q,Kilogram,10,8.763637,
30855411,2026-08-17,2026-08-17 10:43:32.662923,KELANTAN,KOTA BHARU,PASAR BORONG RTC KOTA BHARU,Borong,20,Sayur-Sayuran,02,002,CILI MERAH MINYAK,F.A.Q,Kilogram,11,8.763637,
30855412,2026-08-17,2026-08-17 10:43:32.662923,KELANTAN,KOTA BHARU,PASAR BORONG RTC KOTA BHARU,Borong,20,Sayur-Sayuran,02,002,CILI MERAH MINYAK,F.A.Q,Kilogram,11,8.763637,
30855413,2026-08-17,2026-08-17 10:43:32.662923,KELANTAN,KOTA BHARU,PASAR BORONG RTC KOTA BHARU,Borong,20,Sayur-Sayuran,04,002,KACANG BENDI,F.A.Q,Kilogram,5,4.8,
30855414,2026-08-17,2026-08-17 10:43:32.662923,KELANTAN,KOTA BHARU,PASAR BORONG RTC KOTA BHARU,Borong,20,Sayur-Sayuran,04,002,KACANG BENDI,F.A.Q,Kilogram,5,4.8,
30855415,2026-08-17,2026-08-17 10:43:32.662923,KELANTAN,KOTA BHARU,PASAR BORONG RTC KOTA BHARU,Borong,20,Sayur-Sayuran,04,002,KACANG BENDI,F.A.Q,Kilogram,5,4.8,
30855416,2026-08-17,2026-08-17 10:43:32.662923,KELANTAN,KOTA BHARU,PASAR BORONG RTC KOTA BHARU,Borong,20,Sayur-Sayuran,04,002,KACANG BENDI,F.A.Q,Kilogram,4.5,4.8,
30855417,2026-08-17,2026-08-17 10:43:32.662923,KELANTAN,KOTA BHARU,PASAR BORONG RTC KOTA BHARU,Borong,20,Sayur-Sayuran,04,002,KACANG BENDI,F.A.Q,Kilogram,4.5,4.8,
30855418,2026-08-17,2026-08-17 10:43:32.662923,KELANTAN,KOTA BHARU,PASAR BORONG RTC KOTA BHARU,Borong,20,Sayur-Sayuran,04,007,KACANG PANJANG HIJAU,F.A.Q,Kilogram,6,5.5333333,
30855419,2026-08-17,2026-08-17 10:43:32.662923,KELANTAN,KOTA BHARU,PASAR BORONG RTC KOTA BHARU,Borong,20,Sayur-Sayuran,04,007,KACANG PANJANG HIJAU,F.A.Q,Kilogram,6,5.5333333,
30855420,2026-08-17,2026-08-17 10:43:32.662923,KELANTAN,KOTA BHARU,PASAR BORONG RTC KOTA BHARU,Borong,20,Sayur-Sayuran,04,007,KACANG PANJANG HIJAU,F.A.Q,Kilogram,6,5.5333333,
30855421,2026-08-17,2026-08-17 10:43:32.662923,KELANTAN,KOTA BHARU,PASAR BORONG RTC KOTA BHARU,Borong,20,Sayur-Sayuran,04,007,KACANG PANJANG HIJAU,F.A.Q,Kilogram,5,5.5333333,
30855422,2026-08-17,2026-08-17 10:43:32.662923,KELANTAN,KOTA BHARU,PASAR BORONG RTC KOTA BHARU,Borong,20,Sayur-Sayuran,04,007,KACANG PANJANG HIJAU,F.A.Q,Kilogram,5,5.5333333,
30855423,2026-08-17,2026-08-17 10:43:32.662923,KELANTAN,KOTA BHARU,PASAR BORONG RTC KOTA BHARU,Borong,20,Sayur-Sayuran,03,006,KUBIS BULAT (TANAH TINGGI),F.A.Q,Kilogram,3,2.8,
30855424,2026-08-17,2026-08-17 10:43:32.662923,KELANTAN,KOTA BHARU,PASAR BORONG RTC KOTA BHARU,Borong,20,Sayur-Sayuran,03,006,KUBIS BULAT (TANAH TINGGI),F.A.Q,Kilogram,3,2.8,
30855425,2026-08-17,2026-08-17 10:43:32.662923,KELANTAN,KOTA BHARU,PASAR BORONG RTC KOTA BHARU,Borong,20,Sayur-Sayuran,03,006,KUBIS BULAT (TANAH TINGGI),F.A.Q,Kilogram,3,2.8,
30855426,2026-08-17,2026-08-17 10:43:32.662923,KELANTAN,KOTA BHARU,PASAR BORONG RTC KOTA BHARU,Borong,20,Sayur-Sayuran,03,006,KUBIS BULAT (TANAH TINGGI),F.A.Q,Kilogram,2.5,2.8,
30855427,2026-08-17,2026-08-17 10:43:32.662923,KELANTAN,KOTA BHARU,PASAR BORONG RTC KOTA BHARU,Borong,20,Sayur-Sayuran,03,006,KUBIS BULAT (TANAH TINGGI),F.A.Q,Kilogram,2.5,2.8,
30855428,2026-08-17,2026-08-17 10:43:32.662923,KELANTAN,KOTA BHARU,PASAR BORONG RTC KOTA BHARU,Borong,20,Sayur-Sayuran,03,007,SAWI HIJAU,F.A.Q,Kilogram,4.5,4.3,
30855429,2026-08-17,2026-08-17 10:43:32.662923,KELANTAN,KOTA BHARU,PASAR BORONG RTC KOTA BHARU,Borong,20,Sayur-Sayuran,03,007,SAWI HIJAU,F.A.Q,Kilogram,4.5,4.3,
30855430,2026-08-17,2026-08-17 10:43:32.662923,KELANTAN,KOTA BHARU,PASAR BORONG RTC KOTA BHARU,Borong,20,Sayur-Sayuran,03,007,SAWI HIJAU,F.A.Q,Kilogram,4.5,4.3,
30855431,2026-08-17,2026-08-17 10:43:32.662923,KELANTAN,KOTA BHARU,PASAR BORONG RTC KOTA BHARU,Borong,20,Sayur-Sayuran,03,007,SAWI HIJAU,F.A.Q,Kilogram,4,4.3,
30855432,2026-08-17,2026-08-17 10:43:32.662923,KELANTAN,KOTA BHARU,PASAR BORONG RTC KOTA BHARU,Borong,20,Sayur-Sayuran,03,007,SAWI HIJAU,F.A.Q,Kilogram,4,4.3,
30855433,2026-08-17,2026-08-17 10:43:32.662923,KELANTAN,KOTA BHARU,PASAR BORONG RTC KOTA BHARU,Borong,20,Sayur-Sayuran,02,010,TERUNG PANJANG / PEPARU (TANAH RENDAH),F.A.Q,Kilogram,4,3.8833334,
30855434,2026-08-17,2026-08-17 10:43:32.662923,KELANTAN,KOTA BHARU,PASAR BORONG RTC KOTA BHARU,Borong,20,Sayur-Sayuran,02,010,TERUNG PANJANG / PEPARU (TANAH RENDAH),F.A.Q,Kilogram,4,3.8833334,
30855435,2026-08-17,2026-08-17 10:43:32.662923,KELANTAN,KOTA BHARU,PASAR BORONG RTC KOTA BHARU,Borong,20,Sayur-Sayuran,02,010,TERUNG PANJANG / PEPARU (TANAH RENDAH),F.A.Q,Kilogram,4,3.8833334,
30855436,2026-08-17,2026-08-17 10:43:32.662923,KELANTAN,KOTA BHARU,PASAR BORONG RTC KOTA BHARU,Borong,20,Sayur-Sayuran,02,010,TERUNG PANJANG / PEPARU (TANAH RENDAH),F.A.Q,Kilogram,3.5,3.8833334,
30855437,2026-08-17,2026-08-17 10:43:32.662923,KELANTAN,KOTA BHARU,PASAR BORONG RTC KOTA BHARU,Borong,20,Sayur-Sayuran,02,010,TERUNG PANJANG / PEPARU (TANAH RENDAH),F.A.Q,Kilogram,3.5,3.8833334,
30855438,2026-08-17,2026-08-17 10:43:32.662923,KELANTAN,KOTA BHARU,PASAR BORONG RTC KOTA BHARU,Borong,20,Sayur-Sayuran,02,011,TIMUN HIJAU,F.A.Q,Kilogram,2,2.6327274,
30855439,2026-08-17,2026-08-17 10:43:32.662923,KELANTAN,KOTA BHARU,PASAR BORONG RTC KOTA BHARU,Borong,20,Sayur-Sayuran,02,011,TIMUN HIJAU,F.A.Q,Kilogram,2,2.6327274,
30855440,2026-08-17,2026-08-17 10:43:32.662923,KELANTAN,KOTA BHARU,PASAR BORONG RTC KOTA BHARU,Borong,20,Sayur-Sayuran,02,011,TIMUN HIJAU,F.A.Q,Kilogram,2,2.6327274,
30855441,2026-08-17,2026-08-17 10:43:32.662923,KELANTAN,KOTA BHARU,PASAR BORONG RTC KOTA BHARU,Borong,20,Sayur-Sayuran,02,011,TIMUN HIJAU,F.A.Q,Kilogram,1.7,2.6327274,
30855442,2026-08-17,2026-08-17 10:43:32.662923,KELANTAN,KOTA BHARU,PASAR BORONG RTC KOTA BHARU,Borong,20,Sayur-Sayuran,02,011,TIMUN HIJAU,F.A.Q,Kilogram,1.7,2.6327274,
30855443,2026-08-17,2026-08-17 10:43:32.662923,KELANTAN,KOTA BHARU,PASAR BORONG RTC KOTA BHARU,Borong,20,Sayur-Sayuran,02,012,TOMATO (TANAH TINGGI),F.A.Q,Kilogram,7,6.4727273,
30855444,2026-08-17,2026-08-17 10:43:32.662923,KELANTAN,KOTA BHARU,PASAR BORONG RTC KOTA BHARU,Borong,20,Sayur-Sayuran,02,012,TOMATO (TANAH TINGGI),F.A.Q,Kilogram,7,6.4727273,
30855445,2026-08-17,2026-08-17 10:43:32.662923,KELANTAN,KOTA BHARU,PASAR BORONG RTC KOTA BHARU,Borong,20,Sayur-Sayuran,02,012,TOMATO (TANAH TINGGI),F.A.Q,Kilogram,7,6.4727273,
30855446,2026-08-17,2026-08-17 10:43:32.662923,KELANTAN,KOTA BHARU,PASAR BORONG RTC KOTA BHARU,Borong,20,Sayur-Sayuran,02,012,TOMATO (TANAH TINGGI),F.A.Q,Kilogram,6,6.4727273,
30855447,2026-08-17,2026-08-17 10:43:32.662923,KELANTAN,KOTA BHARU,PASAR BORONG RTC KOTA BHARU,Borong,20,Sayur-Sayuran,02,012,TOMATO (TANAH TINGGI),F.A.Q,Kilogram,6,6.4727273,
30855448,2026-08-17,2026-08-17 10:44:38.0556,KELANTAN,KOTA BHARU,PASAR BORONG RTC KOTA BHARU,Borong,20,Ternakan,11,001,TELUR AYAM,B,Biji,0.48,0.42,
30855449,2026-08-17,2026-08-17 10:44:38.0556,KELANTAN,KOTA BHARU,PASAR BORONG RTC KOTA BHARU,Borong,20,Ternakan,11,001,TELUR AYAM,B,Biji,0.48,0.42,
30855450,2026-08-17,2026-08-17 10:44:38.0556,KELANTAN,KOTA BHARU,PASAR BORONG RTC KOTA BHARU,Borong,20,Ternakan,11,001,TELUR AYAM,B,Biji,0.48,0.42,
30855451,2026-08-17,2026-08-17 10:50:07.51708,KELANTAN,KOTA BHARU,PASAR BORONG RTC KOTA BHARU,Borong,20,Buah-Buahan,02,028,PISANG BERANGAN,F.A.Q,Kilogram,3.5,3.58,
30855452,2026-08-17,2026-08-17 10:50:07.51708,KELANTAN,KOTA BHARU,PASAR BORONG RTC KOTA BHARU,Borong,20,Buah-Buahan,02,028,PISANG BERANGAN,F.A.Q,Kilogram,3.5,3.58,
30855453,2026-08-17,2026-08-17 10:50:07.51708,KELANTAN,KOTA BHARU,PASAR BORONG RTC KOTA BHARU,Borong,20,Buah-Buahan,02,028,PISANG BERANGAN,F.A.Q,Kilogram,3.5,3.58,
30855454,2026-08-17,2026-08-17 10:50:07.51708,KELANTAN,KOTA BHARU,PASAR BORONG RTC KOTA BHARU,Borong,20,Buah-Buahan,02,028,PISANG BERANGAN,F.A.Q,Kilogram,3.7,3.58,
30855455,2026-08-17,2026-08-17 10:50:07.51708,KELANTAN,KOTA BHARU,PASAR BORONG RTC KOTA BHARU,Borong,20,Buah-Buahan,02,028,PISANG BERANGAN,F.A.Q,Kilogram,3.7,3.58,
30855456,2026-08-17,2026-08-17 10:50:07.51708,KELANTAN,KOTA BHARU,PASAR BORONG RTC KOTA BHARU,Borong,20,Buah-Buahan,02,034,TEMBIKAI MERAH TANPA BIJI,F.A.Q,Kilogram,2.5,2.58,
30855457,2026-08-17,2026-08-17 10:50:07.51708,KELANTAN,KOTA BHARU,PASAR BORONG RTC KOTA BHARU,Borong,20,Buah-Buahan,02,034,TEMBIKAI MERAH TANPA BIJI,F.A.Q,Kilogram,2.5,2.58,
30855458,2026-08-17,2026-08-17 10:50:07.51708,KELANTAN,KOTA BHARU,PASAR BORONG RTC KOTA BHARU,Borong,20,Buah-Buahan,02,034,TEMBIKAI MERAH TANPA BIJI,F.A.Q,Kilogram,2.5,2.58,
30855459,2026-08-17,2026-08-17 10:50:07.51708,KELANTAN,KOTA BHARU,PASAR BORONG RTC KOTA BHARU,Borong,20,Buah-Buahan,02,034,TEMBIKAI MERAH TANPA BIJI,F.A.Q,Kilogram,2.7,2.58,
30855460,2026-08-17,2026-08-17 10:50:07.51708,KELANTAN,KOTA BHARU,PASAR BORONG RTC KOTA BHARU,Borong,20,Buah-Buahan,02,034,TEMBIKAI MERAH TANPA BIJI,F.A.Q,Kilogram,2.7,2.58,
30855461,2026-08-17,2026-08-17 10:50:39.777142,KELANTAN,KOTA BHARU,PASAR BORONG RTC KOTA BHARU,Borong,20,Ternakan,02,003,DAGING LEMBU PEJAL,F.A.Q,Kilogram,25,25,
30855462,2026-08-17,2026-08-17 10:50:39.777142,KELANTAN,KOTA BHARU,PASAR BORONG RTC KOTA BHARU,Borong,20,Ternakan,02,003,DAGING LEMBU PEJAL,F.A.Q,Kilogram,25,25,
30855463,2026-08-17,2026-08-17 10:51:45.591027,KELANTAN,KOTA BHARU,PASAR BESAR SITI KHADIJAH,Runcit,26,Sayur-Sayuran,05,001,BAWANG BESAR MERAH (INDIA),F.A.Q,Kilogram,4,4,
30855464,2026-08-17,2026-08-17 10:51:45.591027,KELANTAN,KOTA BHARU,PASAR BESAR SITI KHADIJAH,Runcit,26,Sayur-Sayuran,05,001,BAWANG BESAR MERAH (INDIA),F.A.Q,Kilogram,4,4,
30855465,2026-08-17,2026-08-17 10:51:45.591027,KELANTAN,KOTA BHARU,PASAR BESAR SITI KHADIJAH,Runcit,26,Sayur-Sayuran,05,001,BAWANG BESAR MERAH (INDIA),F.A.Q,Kilogram,4,4,
30855466,2026-08-17,2026-08-17 10:51:45.591027,KELANTAN,KOTA BHARU,PASAR BESAR SITI KHADIJAH,Runcit,26,Sayur-Sayuran,05,001,BAWANG PUTIH (CHINA),F.A.Q,Kilogram,8,8,
30855467,2026-08-17,2026-08-17 10:51:45.591027,KELANTAN,KOTA BHARU,PASAR BESAR SITI KHADIJAH,Runcit,26,Sayur-Sayuran,05,001,BAWANG PUTIH (CHINA),F.A.Q,Kilogram,8,8,
30855468,2026-08-17,2026-08-17 10:51:45.591027,KELANTAN,KOTA BHARU,PASAR BESAR SITI KHADIJAH,Runcit,26,Sayur-Sayuran,05,001,BAWANG PUTIH (CHINA),F.A.Q,Kilogram,8,8,
30855469,2026-08-17,2026-08-17 10:51:47.032369,PERAK,KINTA,[PASAR BORONG] JALAN LAXAMANA,Borong,20,Tanaman Kontan,05,001,KELAPA DIKUPAS,SEDANG,Biji,2.2,2.1909091,
30855470,2026-08-17,2026-08-17 10:52:09.432402,KELANTAN,KOTA BHARU,PASAR BESAR SITI KHADIJAH,Runcit,26,Ternakan,11,001,TELUR AYAM,B,Biji,0.52,0.47,
30855471,2026-08-17,2026-08-17 10:52:09.432402,KELANTAN,KOTA BHARU,PASAR BESAR SITI KHADIJAH,Runcit,26,Ternakan,11,001,TELUR AYAM,B,Biji,0.52,0.47,
30855472,2026-08-17,2026-08-17 10:52:09.432402,KELANTAN,KOTA BHARU,PASAR BESAR SITI KHADIJAH,Runcit,26,Ternakan,11,001,TELUR AYAM,B,Biji,0.52,0.47,
30855473,2026-08-17,2026-08-17 10:52:31.793547,PERAK,KINTA,PASAR BESAR IPOH,Runcit,26,Lain-Lain Makanan Proses,15,001,SANTAN PEKAT,F.A.Q,Kilogram,15,15,
30855474,2026-08-17,2026-08-17 10:52:41.372944,PERAK,KINTA,PASAR BESAR IPOH,Runcit,26,Tanaman Kontan,05,001,KELAPA DIKUPAS,SEDANG,Biji,3,3,
30855475,2026-08-17,2026-08-17 10:54:36.831921,PERAK,KINTA,LADANG/KEBUN IPOH,Ladang,,Tanaman Kontan,05,001,KELAPA DIKUPAS,SEDANG,Biji,1.5,1.5,
30855476,2026-08-17,2026-08-17 10:57:00.338907,PERAK,KINTA,[PASAR BORONG] JALAN LAXAMANA,Borong,20,Buah-Buahan,02,023,NANAS JOSAPINE (AC5),F.A.Q,Kilogram,3,2.75,
30855477,2026-08-17,2026-08-17 10:57:00.338907,PERAK,KINTA,[PASAR BORONG] JALAN LAXAMANA,Borong,20,Buah-Buahan,02,023,NANAS JOSAPINE (AC5),F.A.Q,Kilogram,2.5,2.75,
30855478,2026-08-17,2026-08-17 10:57:00.338907,PERAK,KINTA,[PASAR BORONG] JALAN LAXAMANA,Borong,20,Buah-Buahan,02,028,PISANG BERANGAN,F.A.Q,Kilogram,4.5,4.25,
30855479,2026-08-17,2026-08-17 10:57:00.338907,PERAK,KINTA,[PASAR BORONG] JALAN LAXAMANA,Borong,20,Buah-Buahan,02,028,PISANG BERANGAN,F.A.Q,Kilogram,4,4.25,
30855480,2026-08-17,2026-08-17 10:57:00.338907,PERAK,KINTA,[PASAR BORONG] JALAN LAXAMANA,Borong,20,Buah-Buahan,02,034,TEMBIKAI MERAH TANPA BIJI,F.A.Q,Kilogram,2.5,2.2863636,
30855481,2026-08-17,2026-08-17 10:57:00.338907,PERAK,KINTA,[PASAR BORONG] JALAN LAXAMANA,Borong,20,Buah-Buahan,02,034,TEMBIKAI MERAH TANPA BIJI,F.A.Q,Kilogram,2.1,2.2863636,
30855482,2026-08-17,2026-08-17 10:57:40.158206,PERAK,KINTA,PASAR BESAR IPOH,Runcit,26,Buah-Buahan,02,023,NANAS JOSAPINE (AC5),F.A.Q,Kilogram,3.8,3.65,
30855483,2026-08-17,2026-08-17 10:57:40.158206,PERAK,KINTA,PASAR BESAR IPOH,Runcit,26,Buah-Buahan,02,023,NANAS JOSAPINE (AC5),F.A.Q,Kilogram,3.5,3.65,
30855484,2026-08-17,2026-08-17 10:57:40.158206,PERAK,KINTA,PASAR BESAR IPOH,Runcit,26,Buah-Buahan,02,034,TEMBIKAI MERAH TANPA BIJI,F.A.Q,Kilogram,4,3.7704546,
30855485,2026-08-17,2026-08-17 10:57:40.158206,PERAK,KINTA,PASAR BESAR IPOH,Runcit,26,Buah-Buahan,02,034,TEMBIKAI MERAH TANPA BIJI,F.A.Q,Kilogram,3.6,3.7704546,
30855486,2026-08-17,2026-08-17 10:59:05.256102,PERAK,KINTA,PASAR BESAR IPOH,Runcit,26,Buah-Buahan,02,028,PISANG BERANGAN,F.A.Q,Kilogram,7.5,7.25,
30855487,2026-08-17,2026-08-17 10:59:05.256102,PERAK,KINTA,PASAR BESAR IPOH,Runcit,26,Buah-Buahan,02,028,PISANG BERANGAN,F.A.Q,Kilogram,7,7.25,
30855488,2026-08-17,2026-08-17 11:00:20.8876,PERAK,KINTA,LADANG/KEBUN IPOH,Ladang,,Buah-Buahan,02,028,PISANG BERANGAN,F.A.Q,Kilogram,2.5,2.4,
30855489,2026-08-17,2026-08-17 11:00:20.8876,PERAK,KINTA,LADANG/KEBUN IPOH,Ladang,,Buah-Buahan,02,028,PISANG BERANGAN,F.A.Q,Kilogram,2.3,2.4,
30855490,2026-08-17,2026-08-17 11:01:24.573579,PERAK,KINTA,,Borong,20,Ternakan,11,001,TELUR AYAM,B,Biji,0.44,0.42363638,
30855491,2026-08-17,2026-08-17 11:02:22.960667,PERAK,KINTA,PASAR BESAR IPOH,Runcit,26,Ternakan,11,001,TELUR AYAM,B,Biji,0.46,0.44363636,
30855492,2026-08-17,2026-08-17 11:03:11.739084,PERAK,KINTA,LADANG/KEBUN IPOH,Ladang,,Ternakan,11,001,TELUR AYAM,B,Biji,0.42,0.40363637,
30855493,2026-08-17,2026-08-17 11:05:37.445073,PERAK,KINTA,PASAR BORONG KUALA PARI,Borong,20,Sayur-Sayuran,05,001,BAWANG BESAR MERAH (INDIA),F.A.Q,Kilogram,1.8,1.7545455,
30855494,2026-08-17,2026-08-17 11:05:37.445073,PERAK,KINTA,PASAR BORONG KUALA PARI,Borong,20,Sayur-Sayuran,05,001,BAWANG BESAR MERAH (INDIA),F.A.Q,Kilogram,1.8,1.7545455,
30855495,2026-08-17,2026-08-17 11:05:37.445073,PERAK,KINTA,PASAR BORONG KUALA PARI,Borong,20,Sayur-Sayuran,05,001,BAWANG PUTIH (CHINA),F.A.Q,Kilogram,6.2,6.0045457,
30855496,2026-08-17,2026-08-17 11:05:37.445073,PERAK,KINTA,PASAR BORONG KUALA PARI,Borong,20,Sayur-Sayuran,05,001,BAWANG PUTIH (CHINA),F.A.Q,Kilogram,6,6.0045457,
30855505,2026-08-17,2026-08-17 11:06:50.028154,PERAK,KINTA,PASAR BESAR IPOH,Runcit,26,Sayur-Sayuran,05,001,BAWANG BESAR MERAH (INDIA),F.A.Q,Kilogram,4,3.6363637,
30855506,2026-08-17,2026-08-17 11:06:50.028154,PERAK,KINTA,PASAR BESAR IPOH,Runcit,26,Sayur-Sayuran,05,001,BAWANG BESAR MERAH (INDIA),F.A.Q,Kilogram,3.5,3.6363637,
30855507,2026-08-17,2026-08-17 11:06:50.028154,PERAK,KINTA,PASAR BESAR IPOH,Runcit,26,Sayur-Sayuran,05,001,BAWANG PUTIH (CHINA),F.A.Q,Kilogram,10,10,
30855508,2026-08-17,2026-08-17 11:06:50.028154,PERAK,KINTA,PASAR BESAR IPOH,Runcit,26,Sayur-Sayuran,05,001,BAWANG PUTIH (CHINA),F.A.Q,Kilogram,10,10,
30855509,2026-08-17,2026-08-17 11:07:19.382285,KELANTAN,KOTA BHARU,PASAR BESAR SITI KHADIJAH,Runcit,26,Sayur-Sayuran,03,001,BAYAM,F.A.Q,Kilogram,5.5,5.55,
30855510,2026-08-17,2026-08-17 11:07:19.382285,KELANTAN,KOTA BHARU,PASAR BESAR SITI KHADIJAH,Runcit,26,Sayur-Sayuran,03,001,BAYAM,F.A.Q,Kilogram,5.5,5.55,
30855511,2026-08-17,2026-08-17 11:07:19.382285,KELANTAN,KOTA BHARU,PASAR BESAR SITI KHADIJAH,Runcit,26,Sayur-Sayuran,03,001,BAYAM,F.A.Q,Kilogram,5.5,5.55,
30855512,2026-08-17,2026-08-17 11:07:19.382285,KELANTAN,KOTA BHARU,PASAR BESAR SITI KHADIJAH,Runcit,26,Sayur-Sayuran,03,001,BAYAM,F.A.Q,Kilogram,6,5.55,
30855513,2026-08-17,2026-08-17 11:07:19.382285,KELANTAN,KOTA BHARU,PASAR BESAR SITI KHADIJAH,Runcit,26,Sayur-Sayuran,03,001,BAYAM,F.A.Q,Kilogram,6,5.55,
30855514,2026-08-17,2026-08-17 11:07:19.382285,KELANTAN,KOTA BHARU,PASAR BESAR SITI KHADIJAH,Runcit,26,Sayur-Sayuran,02,002,CILI MERAH KULAI / KULAI HIBRID,F.A.Q,Kilogram,14,12.1,
30855515,2026-08-17,2026-08-17 11:07:19.382285,KELANTAN,KOTA BHARU,PASAR BESAR SITI KHADIJAH,Runcit,26,Sayur-Sayuran,02,002,CILI MERAH KULAI / KULAI HIBRID,F.A.Q,Kilogram,14,12.1,
30855516,2026-08-17,2026-08-17 11:07:19.382285,KELANTAN,KOTA BHARU,PASAR BESAR SITI KHADIJAH,Runcit,26,Sayur-Sayuran,02,002,CILI MERAH KULAI / KULAI HIBRID,F.A.Q,Kilogram,14,12.1,
30855517,2026-08-17,2026-08-17 11:07:19.382285,KELANTAN,KOTA BHARU,PASAR BESAR SITI KHADIJAH,Runcit,26,Sayur-Sayuran,02,002,CILI MERAH KULAI / KULAI HIBRID,F.A.Q,Kilogram,13,12.1,
30855518,2026-08-17,2026-08-17 11:07:19.382285,KELANTAN,KOTA BHARU,PASAR BESAR SITI KHADIJAH,Runcit,26,Sayur-Sayuran,02,002,CILI MERAH KULAI / KULAI HIBRID,F.A.Q,Kilogram,13,12.1,
30855519,2026-08-17,2026-08-17 11:07:19.382285,KELANTAN,KOTA BHARU,PASAR BESAR SITI KHADIJAH,Runcit,26,Sayur-Sayuran,04,002,KACANG BENDI,F.A.Q,Kilogram,6,5.8,
30855520,2026-08-17,2026-08-17 11:07:19.382285,KELANTAN,KOTA BHARU,PASAR BESAR SITI KHADIJAH,Runcit,26,Sayur-Sayuran,04,002,KACANG BENDI,F.A.Q,Kilogram,6,5.8,
30855521,2026-08-17,2026-08-17 11:07:19.382285,KELANTAN,KOTA BHARU,PASAR BESAR SITI KHADIJAH,Runcit,26,Sayur-Sayuran,04,002,KACANG BENDI,F.A.Q,Kilogram,6,5.8,
30855522,2026-08-17,2026-08-17 11:07:19.382285,KELANTAN,KOTA BHARU,PASAR BESAR SITI KHADIJAH,Runcit,26,Sayur-Sayuran,04,002,KACANG BENDI,F.A.Q,Kilogram,5.5,5.8,
30855523,2026-08-17,2026-08-17 11:07:19.382285,KELANTAN,KOTA BHARU,PASAR BESAR SITI KHADIJAH,Runcit,26,Sayur-Sayuran,04,002,KACANG BENDI,F.A.Q,Kilogram,5.5,5.8,
30855524,2026-08-17,2026-08-17 11:07:19.382285,KELANTAN,KOTA BHARU,PASAR BESAR SITI KHADIJAH,Runcit,26,Sayur-Sayuran,04,007,KACANG PANJANG HIJAU,F.A.Q,Kilogram,7,6.5333333,
30855525,2026-08-17,2026-08-17 11:07:19.382285,KELANTAN,KOTA BHARU,PASAR BESAR SITI KHADIJAH,Runcit,26,Sayur-Sayuran,04,007,KACANG PANJANG HIJAU,F.A.Q,Kilogram,7,6.5333333,
30855526,2026-08-17,2026-08-17 11:07:19.382285,KELANTAN,KOTA BHARU,PASAR BESAR SITI KHADIJAH,Runcit,26,Sayur-Sayuran,04,007,KACANG PANJANG HIJAU,F.A.Q,Kilogram,7,6.5333333,
30855527,2026-08-17,2026-08-17 11:07:19.382285,KELANTAN,KOTA BHARU,PASAR BESAR SITI KHADIJAH,Runcit,26,Sayur-Sayuran,04,007,KACANG PANJANG HIJAU,F.A.Q,Kilogram,6,6.5333333,
30855528,2026-08-17,2026-08-17 11:07:19.382285,KELANTAN,KOTA BHARU,PASAR BESAR SITI KHADIJAH,Runcit,26,Sayur-Sayuran,04,007,KACANG PANJANG HIJAU,F.A.Q,Kilogram,6,6.5333333,
30855529,2026-08-17,2026-08-17 11:07:19.382285,KELANTAN,KOTA BHARU,PASAR BESAR SITI KHADIJAH,Runcit,26,Sayur-Sayuran,03,006,KUBIS BULAT (TANAH TINGGI),F.A.Q,Kilogram,4,3.8,
30855530,2026-08-17,2026-08-17 11:07:19.382285,KELANTAN,KOTA BHARU,PASAR BESAR SITI KHADIJAH,Runcit,26,Sayur-Sayuran,03,006,KUBIS BULAT (TANAH TINGGI),F.A.Q,Kilogram,4,3.8,
30855531,2026-08-17,2026-08-17 11:07:19.382285,KELANTAN,KOTA BHARU,PASAR BESAR SITI KHADIJAH,Runcit,26,Sayur-Sayuran,03,006,KUBIS BULAT (TANAH TINGGI),F.A.Q,Kilogram,4,3.8,
30855532,2026-08-17,2026-08-17 11:07:19.382285,KELANTAN,KOTA BHARU,PASAR BESAR SITI KHADIJAH,Runcit,26,Sayur-Sayuran,03,006,KUBIS BULAT (TANAH TINGGI),F.A.Q,Kilogram,3.5,3.8,
30855533,2026-08-17,2026-08-17 11:07:19.382285,KELANTAN,KOTA BHARU,PASAR BESAR SITI KHADIJAH,Runcit,26,Sayur-Sayuran,03,006,KUBIS BULAT (TANAH TINGGI),F.A.Q,Kilogram,3.5,3.8,
30855534,2026-08-17,2026-08-17 11:07:19.382285,KELANTAN,KOTA BHARU,PASAR BESAR SITI KHADIJAH,Runcit,26,Sayur-Sayuran,03,007,SAWI HIJAU,F.A.Q,Kilogram,5.5,5.3,
30855535,2026-08-17,2026-08-17 11:07:19.382285,KELANTAN,KOTA BHARU,PASAR BESAR SITI KHADIJAH,Runcit,26,Sayur-Sayuran,03,007,SAWI HIJAU,F.A.Q,Kilogram,5.5,5.3,
30855536,2026-08-17,2026-08-17 11:07:19.382285,KELANTAN,KOTA BHARU,PASAR BESAR SITI KHADIJAH,Runcit,26,Sayur-Sayuran,03,007,SAWI HIJAU,F.A.Q,Kilogram,5.5,5.3,
30855537,2026-08-17,2026-08-17 11:07:19.382285,KELANTAN,KOTA BHARU,PASAR BESAR SITI KHADIJAH,Runcit,26,Sayur-Sayuran,03,007,SAWI HIJAU,F.A.Q,Kilogram,5,5.3,
30855538,2026-08-17,2026-08-17 11:07:19.382285,KELANTAN,KOTA BHARU,PASAR BESAR SITI KHADIJAH,Runcit,26,Sayur-Sayuran,03,007,SAWI HIJAU,F.A.Q,Kilogram,5,5.3,
30855539,2026-08-17,2026-08-17 11:07:19.382285,KELANTAN,KOTA BHARU,PASAR BESAR SITI KHADIJAH,Runcit,26,Sayur-Sayuran,02,010,TERUNG PANJANG / PEPARU (TANAH RENDAH),F.A.Q,Kilogram,5,4.866667,
30855540,2026-08-17,2026-08-17 11:07:19.382285,KELANTAN,KOTA BHARU,PASAR BESAR SITI KHADIJAH,Runcit,26,Sayur-Sayuran,02,010,TERUNG PANJANG / PEPARU (TANAH RENDAH),F.A.Q,Kilogram,5,4.866667,
30855541,2026-08-17,2026-08-17 11:07:19.382285,KELANTAN,KOTA BHARU,PASAR BESAR SITI KHADIJAH,Runcit,26,Sayur-Sayuran,02,010,TERUNG PANJANG / PEPARU (TANAH RENDAH),F.A.Q,Kilogram,5,4.866667,
30855542,2026-08-17,2026-08-17 11:07:19.382285,KELANTAN,KOTA BHARU,PASAR BESAR SITI KHADIJAH,Runcit,26,Sayur-Sayuran,02,010,TERUNG PANJANG / PEPARU (TANAH RENDAH),F.A.Q,Kilogram,4.5,4.866667,
30855543,2026-08-17,2026-08-17 11:07:19.382285,KELANTAN,KOTA BHARU,PASAR BESAR SITI KHADIJAH,Runcit,26,Sayur-Sayuran,02,010,TERUNG PANJANG / PEPARU (TANAH RENDAH),F.A.Q,Kilogram,4.5,4.866667,
30855544,2026-08-17,2026-08-17 11:07:19.382285,KELANTAN,KOTA BHARU,PASAR BESAR SITI KHADIJAH,Runcit,26,Sayur-Sayuran,02,011,TIMUN HIJAU,F.A.Q,Kilogram,2.5,3.525,
30855545,2026-08-17,2026-08-17 11:07:19.382285,KELANTAN,KOTA BHARU,PASAR BESAR SITI KHADIJAH,Runcit,26,Sayur-Sayuran,02,011,TIMUN HIJAU,F.A.Q,Kilogram,2.5,3.525,
30855546,2026-08-17,2026-08-17 11:07:19.382285,KELANTAN,KOTA BHARU,PASAR BESAR SITI KHADIJAH,Runcit,26,Sayur-Sayuran,02,011,TIMUN HIJAU,F.A.Q,Kilogram,2.5,3.525,
30855547,2026-08-17,2026-08-17 11:07:19.382285,KELANTAN,KOTA BHARU,PASAR BESAR SITI KHADIJAH,Runcit,26,Sayur-Sayuran,02,011,TIMUN HIJAU,F.A.Q,Kilogram,3,3.525,
30855548,2026-08-17,2026-08-17 11:07:19.382285,KELANTAN,KOTA BHARU,PASAR BESAR SITI KHADIJAH,Runcit,26,Sayur-Sayuran,02,011,TIMUN HIJAU,F.A.Q,Kilogram,3,3.525,
30855549,2026-08-17,2026-08-17 11:07:19.382285,KELANTAN,KOTA BHARU,PASAR BESAR SITI KHADIJAH,Runcit,26,Sayur-Sayuran,02,012,TOMATO (TANAH TINGGI),F.A.Q,Kilogram,9,8.433333,
30855550,2026-08-17,2026-08-17 11:07:19.382285,KELANTAN,KOTA BHARU,PASAR BESAR SITI KHADIJAH,Runcit,26,Sayur-Sayuran,02,012,TOMATO (TANAH TINGGI),F.A.Q,Kilogram,9,8.433333,
30855551,2026-08-17,2026-08-17 11:07:19.382285,KELANTAN,KOTA BHARU,PASAR BESAR SITI KHADIJAH,Runcit,26,Sayur-Sayuran,02,012,TOMATO (TANAH TINGGI),F.A.Q,Kilogram,9,8.433333,
30855552,2026-08-17,2026-08-17 11:07:19.382285,KELANTAN,KOTA BHARU,PASAR BESAR SITI KHADIJAH,Runcit,26,Sayur-Sayuran,02,012,TOMATO (TANAH TINGGI),F.A.Q,Kilogram,8,8.433333,
30855553,2026-08-17,2026-08-17 11:07:19.382285,KELANTAN,KOTA BHARU,PASAR BESAR SITI KHADIJAH,Runcit,26,Sayur-Sayuran,02,012,TOMATO (TANAH TINGGI),F.A.Q,Kilogram,8,8.433333,
30855554,2026-08-17,2026-08-17 11:10:41.88067,PULAU PINANG,SEBERANG PERAI UTARA,[PROJEK] TKPM ARA KUDA,Ladang,,Buah-Buahan,02,028,PISANG BERANGAN,F.A.Q,Kilogram,3.8,2.48,
30855555,2026-08-17,2026-08-17 11:10:41.88067,PULAU PINANG,SEBERANG PERAI UTARA,[PROJEK] TKPM ARA KUDA,Ladang,,Buah-Buahan,02,028,PISANG BERANGAN,F.A.Q,Kilogram,2.7,2.48,
30855556,2026-08-17,2026-08-17 11:11:57.9476,KELANTAN,KOTA BHARU,PASAR BESAR SITI KHADIJAH,Runcit,26,Buah-Buahan,02,028,PISANG BERANGAN,F.A.Q,Kilogram,5,5.2,
30855557,2026-08-17,2026-08-17 11:11:57.9476,KELANTAN,KOTA BHARU,PASAR BESAR SITI KHADIJAH,Runcit,26,Buah-Buahan,02,028,PISANG BERANGAN,F.A.Q,Kilogram,5,5.2,
30855558,2026-08-17,2026-08-17 11:11:57.9476,KELANTAN,KOTA BHARU,PASAR BESAR SITI KHADIJAH,Runcit,26,Buah-Buahan,02,028,PISANG BERANGAN,F.A.Q,Kilogram,5,5.2,
30855559,2026-08-17,2026-08-17 11:11:57.9476,KELANTAN,KOTA BHARU,PASAR BESAR SITI KHADIJAH,Runcit,26,Buah-Buahan,02,028,PISANG BERANGAN,F.A.Q,Kilogram,5.5,5.2,
30855560,2026-08-17,2026-08-17 11:11:57.9476,KELANTAN,KOTA BHARU,PASAR BESAR SITI KHADIJAH,Runcit,26,Buah-Buahan,02,028,PISANG BERANGAN,F.A.Q,Kilogram,5.5,5.2,
30855561,2026-08-17,2026-08-17 11:11:57.9476,KELANTAN,KOTA BHARU,PASAR BESAR SITI KHADIJAH,Runcit,26,Buah-Buahan,02,034,TEMBIKAI MERAH TANPA BIJI,F.A.Q,Kilogram,3,3.08,
30855562,2026-08-17,2026-08-17 11:11:57.9476,KELANTAN,KOTA BHARU,PASAR BESAR SITI KHADIJAH,Runcit,26,Buah-Buahan,02,034,TEMBIKAI MERAH TANPA BIJI,F.A.Q,Kilogram,3,3.08,
30855563,2026-08-17,2026-08-17 11:11:57.9476,KELANTAN,KOTA BHARU,PASAR BESAR SITI KHADIJAH,Runcit,26,Buah-Buahan,02,034,TEMBIKAI MERAH TANPA BIJI,F.A.Q,Kilogram,3,3.08,
30855564,2026-08-17,2026-08-17 11:11:57.9476,KELANTAN,KOTA BHARU,PASAR BESAR SITI KHADIJAH,Runcit,26,Buah-Buahan,02,034,TEMBIKAI MERAH TANPA BIJI,F.A.Q,Kilogram,3.2,3.08,
30855565,2026-08-17,2026-08-17 11:11:57.9476,KELANTAN,KOTA BHARU,PASAR BESAR SITI KHADIJAH,Runcit,26,Buah-Buahan,02,034,TEMBIKAI MERAH TANPA BIJI,F.A.Q,Kilogram,3.2,3.08,
30855566,2026-08-17,2026-08-17 11:12:18.503667,PULAU PINANG,SEBERANG PERAI UTARA,[PROJEK] TKPM ARA KUDA,Ladang,,Sayur-Sayuran,03,001,BAYAM,F.A.Q,Kilogram,1.1,1.9,
30855567,2026-08-17,2026-08-17 11:12:18.503667,PULAU PINANG,SEBERANG PERAI UTARA,[PROJEK] TKPM ARA KUDA,Ladang,,Sayur-Sayuran,02,002,CILI MERAH KULAI / KULAI HIBRID,F.A.Q,Kilogram,8.5,9.392858,
30855568,2026-08-17,2026-08-17 11:12:18.503667,PULAU PINANG,SEBERANG PERAI UTARA,[PROJEK] TKPM ARA KUDA,Ladang,,Sayur-Sayuran,02,002,CILI MERAH KULAI / KULAI HIBRID,F.A.Q,Kilogram,4,9.392858,
30855569,2026-08-17,2026-08-17 11:12:18.503667,PULAU PINANG,SEBERANG PERAI UTARA,[PROJEK] TKPM ARA KUDA,Ladang,,Sayur-Sayuran,04,002,KACANG BENDI,F.A.Q,Kilogram,4.3,4.02,
30855570,2026-08-17,2026-08-17 11:12:18.503667,PULAU PINANG,SEBERANG PERAI UTARA,[PROJEK] TKPM ARA KUDA,Ladang,,Sayur-Sayuran,04,007,KACANG PANJANG HIJAU,F.A.Q,Kilogram,2,4.06,
30855571,2026-08-17,2026-08-17 11:12:18.503667,PULAU PINANG,SEBERANG PERAI UTARA,[PROJEK] TKPM ARA KUDA,Ladang,,Sayur-Sayuran,03,007,SAWI HIJAU,F.A.Q,Kilogram,1.3,2.78,
30855572,2026-08-17,2026-08-17 11:12:18.503667,PULAU PINANG,SEBERANG PERAI UTARA,[PROJEK] TKPM ARA KUDA,Ladang,,Sayur-Sayuran,02,010,TERUNG PANJANG / PEPARU (TANAH RENDAH),F.A.Q,Kilogram,4.8,4.88,
30855573,2026-08-17,2026-08-17 11:12:18.503667,PULAU PINANG,SEBERANG PERAI UTARA,[PROJEK] TKPM ARA KUDA,Ladang,,Sayur-Sayuran,02,011,TIMUN HIJAU,F.A.Q,Kilogram,0.6,1.4428571,
30855574,2026-08-17,2026-08-17 11:13:03.227429,KELANTAN,KOTA BHARU,PASAR BESAR SITI KHADIJAH,Runcit,26,Ternakan,03,002,AYAM PROSES STANDARD,F.A.Q,Kilogram,9.5,9.5,
30855575,2026-08-17,2026-08-17 11:13:03.227429,KELANTAN,KOTA BHARU,PASAR BESAR SITI KHADIJAH,Runcit,26,Ternakan,03,002,AYAM PROSES STANDARD,F.A.Q,Kilogram,9.5,9.5,
30855576,2026-08-17,2026-08-17 11:13:55.908914,PERAK,KINTA,PASAR BORONG KUALA PARI,Borong,20,Sayur-Sayuran,03,001,BAYAM,F.A.Q,Kilogram,1.5,2.38,
30855577,2026-08-17,2026-08-17 11:13:55.908914,PERAK,KINTA,PASAR BORONG KUALA PARI,Borong,20,Sayur-Sayuran,03,001,BAYAM,F.A.Q,Kilogram,1,2.38,
30855578,2026-08-17,2026-08-17 11:13:55.908914,PERAK,KINTA,PASAR BORONG KUALA PARI,Borong,20,Sayur-Sayuran,02,002,CILI MERAH KULAI / KULAI HIBRID,F.A.Q,Kilogram,13,13.136364,
30855579,2026-08-17,2026-08-17 11:13:55.908914,PERAK,KINTA,PASAR BORONG KUALA PARI,Borong,20,Sayur-Sayuran,02,002,CILI MERAH KULAI / KULAI HIBRID,F.A.Q,Kilogram,12,13.136364,
30855580,2026-08-17,2026-08-17 11:13:55.908914,PERAK,KINTA,PASAR BORONG KUALA PARI,Borong,20,Sayur-Sayuran,02,002,CILI MERAH MINYAK,F.A.Q,Kilogram,9,9,
30855581,2026-08-17,2026-08-17 11:13:55.908914,PERAK,KINTA,PASAR BORONG KUALA PARI,Borong,20,Sayur-Sayuran,02,002,CILI MERAH MINYAK,F.A.Q,Kilogram,8,9,
30855582,2026-08-17,2026-08-17 11:13:55.908914,PERAK,KINTA,PASAR BORONG KUALA PARI,Borong,20,Sayur-Sayuran,04,002,KACANG BENDI,F.A.Q,Kilogram,5,5.090909,
30855583,2026-08-17,2026-08-17 11:13:55.908914,PERAK,KINTA,PASAR BORONG KUALA PARI,Borong,20,Sayur-Sayuran,04,002,KACANG BENDI,F.A.Q,Kilogram,5,5.090909,
30855584,2026-08-17,2026-08-17 11:13:55.908914,PERAK,KINTA,PASAR BORONG KUALA PARI,Borong,20,Sayur-Sayuran,04,007,KACANG PANJANG HIJAU,F.A.Q,Kilogram,4,3.857143,
30855585,2026-08-17,2026-08-17 11:13:55.908914,PERAK,KINTA,PASAR BORONG KUALA PARI,Borong,20,Sayur-Sayuran,04,007,KACANG PANJANG HIJAU,F.A.Q,Kilogram,3.5,3.857143,
30855586,2026-08-17,2026-08-17 11:13:55.908914,PERAK,KINTA,PASAR BORONG KUALA PARI,Borong,20,Sayur-Sayuran,03,006,KUBIS BULAT (TANAH TINGGI),F.A.Q,Kilogram,2.5,2.3,
30855587,2026-08-17,2026-08-17 11:13:55.908914,PERAK,KINTA,PASAR BORONG KUALA PARI,Borong,20,Sayur-Sayuran,03,006,KUBIS BULAT (TANAH TINGGI),F.A.Q,Kilogram,2.3,2.3,
30855588,2026-08-17,2026-08-17 11:13:55.908914,PERAK,KINTA,PASAR BORONG KUALA PARI,Borong,20,Sayur-Sayuran,02,010,TERUNG PANJANG / PEPARU (TANAH RENDAH),F.A.Q,Kilogram,6.5,5.909091,
30855589,2026-08-17,2026-08-17 11:13:55.908914,PERAK,KINTA,PASAR BORONG KUALA PARI,Borong,20,Sayur-Sayuran,02,010,TERUNG PANJANG / PEPARU (TANAH RENDAH),F.A.Q,Kilogram,5.5,5.909091,
30855590,2026-08-17,2026-08-17 11:13:55.908914,PERAK,KINTA,PASAR BORONG KUALA PARI,Borong,20,Sayur-Sayuran,02,011,TIMUN HIJAU,F.A.Q,Kilogram,1.8,2.1636364,
30855591,2026-08-17,2026-08-17 11:13:55.908914,PERAK,KINTA,PASAR BORONG KUALA PARI,Borong,20,Sayur-Sayuran,02,011,TIMUN HIJAU,F.A.Q,Kilogram,1.4,2.1636364,
30855592,2026-08-17,2026-08-17 11:13:55.908914,PERAK,KINTA,PASAR BORONG KUALA PARI,Borong,20,Sayur-Sayuran,02,012,TOMATO (TANAH TINGGI),F.A.Q,Kilogram,7,7.2045455,
30855593,2026-08-17,2026-08-17 11:13:55.908914,PERAK,KINTA,PASAR BORONG KUALA PARI,Borong,20,Sayur-Sayuran,02,012,TOMATO (TANAH TINGGI),F.A.Q,Kilogram,6,7.2045455,
30855633,2026-08-17,2026-08-17 11:16:04.872958,PERAK,KINTA,PASAR BESAR IPOH,Runcit,26,Sayur-Sayuran,03,001,BAYAM,F.A.Q,Kilogram,5,5.285714,
30855634,2026-08-17,2026-08-17 11:16:04.872958,PERAK,KINTA,PASAR BESAR IPOH,Runcit,26,Sayur-Sayuran,03,001,BAYAM,F.A.Q,Kilogram,5,5.285714,
30855635,2026-08-17,2026-08-17 11:16:04.872958,PERAK,KINTA,PASAR BESAR IPOH,Runcit,26,Sayur-Sayuran,02,002,CILI MERAH KULAI / KULAI HIBRID,F.A.Q,Kilogram,18,17.045454,
30855636,2026-08-17,2026-08-17 11:16:04.872958,PERAK,KINTA,PASAR BESAR IPOH,Runcit,26,Sayur-Sayuran,02,002,CILI MERAH KULAI / KULAI HIBRID,F.A.Q,Kilogram,16,17.045454,
30855637,2026-08-17,2026-08-17 11:16:04.872958,PERAK,KINTA,PASAR BESAR IPOH,Runcit,26,Sayur-Sayuran,02,002,CILI MERAH MINYAK,F.A.Q,Kilogram,15,14.636364,
30855638,2026-08-17,2026-08-17 11:16:04.872958,PERAK,KINTA,PASAR BESAR IPOH,Runcit,26,Sayur-Sayuran,02,002,CILI MERAH MINYAK,F.A.Q,Kilogram,15,14.636364,
30855639,2026-08-17,2026-08-17 11:16:04.872958,PERAK,KINTA,PASAR BESAR IPOH,Runcit,26,Sayur-Sayuran,04,002,KACANG BENDI,F.A.Q,Kilogram,8.5,8.25,
30855640,2026-08-17,2026-08-17 11:16:04.872958,PERAK,KINTA,PASAR BESAR IPOH,Runcit,26,Sayur-Sayuran,04,002,KACANG BENDI,F.A.Q,Kilogram,8,8.25,
30855641,2026-08-17,2026-08-17 11:16:04.872958,PERAK,KINTA,PASAR BESAR IPOH,Runcit,26,Sayur-Sayuran,04,007,KACANG PANJANG HIJAU,F.A.Q,Kilogram,7,7.2954545,
30855642,2026-08-17,2026-08-17 11:16:04.872958,PERAK,KINTA,PASAR BESAR IPOH,Runcit,26,Sayur-Sayuran,04,007,KACANG PANJANG HIJAU,F.A.Q,Kilogram,7,7.2954545,
30855643,2026-08-17,2026-08-17 11:16:04.872958,PERAK,KINTA,PASAR BESAR IPOH,Runcit,26,Sayur-Sayuran,03,006,KUBIS BULAT (TANAH TINGGI),F.A.Q,Kilogram,4,3.8227272,
30855644,2026-08-17,2026-08-17 11:16:04.872958,PERAK,KINTA,PASAR BESAR IPOH,Runcit,26,Sayur-Sayuran,03,006,KUBIS BULAT (TANAH TINGGI),F.A.Q,Kilogram,4,3.8227272,
30855645,2026-08-17,2026-08-17 11:16:04.872958,PERAK,KINTA,PASAR BESAR IPOH,Runcit,26,Sayur-Sayuran,02,010,TERUNG PANJANG / PEPARU (TANAH RENDAH),F.A.Q,Kilogram,10,9.045455,
30855646,2026-08-17,2026-08-17 11:16:04.872958,PERAK,KINTA,PASAR BESAR IPOH,Runcit,26,Sayur-Sayuran,02,010,TERUNG PANJANG / PEPARU (TANAH RENDAH),F.A.Q,Kilogram,8.5,9.045455,
30855647,2026-08-17,2026-08-17 11:16:04.872958,PERAK,KINTA,PASAR BESAR IPOH,Runcit,26,Sayur-Sayuran,02,011,TIMUN HIJAU,F.A.Q,Kilogram,4,4.1045456,
30855648,2026-08-17,2026-08-17 11:16:04.872958,PERAK,KINTA,PASAR BESAR IPOH,Runcit,26,Sayur-Sayuran,02,011,TIMUN HIJAU,F.A.Q,Kilogram,3.5,4.1045456,
30855649,2026-08-17,2026-08-17 11:16:04.872958,PERAK,KINTA,PASAR BESAR IPOH,Runcit,26,Sayur-Sayuran,02,012,TOMATO (TANAH TINGGI),F.A.Q,Kilogram,9.5,9.5,
30855650,2026-08-17,2026-08-17 11:16:04.872958,PERAK,KINTA,PASAR BESAR IPOH,Runcit,26,Sayur-Sayuran,02,012,TOMATO (TANAH TINGGI),F.A.Q,Kilogram,9,9.5,
30855651,2026-08-17,2026-08-17 11:16:29.642264,KELANTAN,KOTA BHARU,PASAR BESAR SITI KHADIJAH,Runcit,26,Ternakan,02,003,DAGING LEMBU PEJAL,F.A.Q,Kilogram,26,26,
30855652,2026-08-17,2026-08-17 11:16:29.642264,KELANTAN,KOTA BHARU,PASAR BESAR SITI KHADIJAH,Runcit,26,Ternakan,02,003,DAGING LEMBU PEJAL,F.A.Q,Kilogram,26,26,
30855653,2026-08-17,2026-08-17 11:16:29.642264,KELANTAN,KOTA BHARU,PASAR BESAR SITI KHADIJAH,Runcit,26,Ternakan,02,003,DAGING LEMBU PEJAL,F.A.Q,Kilogram,26,26,
30855654,2026-08-17,2026-08-17 11:16:29.642264,KELANTAN,KOTA BHARU,PASAR BESAR SITI KHADIJAH,Runcit,26,Ternakan,02,003,DAGING LEMBU PEJAL,F.A.Q,Kilogram,26,26,
30855655,2026-08-17,2026-08-17 11:17:54.202061,PERAK,KINTA,LADANG/KEBUN KANTHAN,Ladang,,Sayur-Sayuran,03,001,BAYAM,F.A.Q,Kilogram,0.6,1.65,
30855656,2026-08-17,2026-08-17 11:17:54.202061,PERAK,KINTA,LADANG/KEBUN KANTHAN,Ladang,,Sayur-Sayuran,03,001,BAYAM,F.A.Q,Kilogram,0.4,1.65,
30855657,2026-08-17,2026-08-17 11:17:54.202061,PERAK,KINTA,LADANG/KEBUN KANTHAN,Ladang,,Sayur-Sayuran,02,002,CILI MERAH KULAI / KULAI HIBRID,F.A.Q,Kilogram,9,8.340909,
30855658,2026-08-17,2026-08-17 11:17:54.202061,PERAK,KINTA,LADANG/KEBUN KANTHAN,Ladang,,Sayur-Sayuran,02,002,CILI MERAH KULAI / KULAI HIBRID,F.A.Q,Kilogram,8,8.340909,
30855659,2026-08-17,2026-08-17 11:17:54.202061,PERAK,KINTA,LADANG/KEBUN KANTHAN,Ladang,,Sayur-Sayuran,04,002,KACANG BENDI,F.A.Q,Kilogram,3,2.9727273,
30855660,2026-08-17,2026-08-17 11:17:54.202061,PERAK,KINTA,LADANG/KEBUN KANTHAN,Ladang,,Sayur-Sayuran,04,002,KACANG BENDI,F.A.Q,Kilogram,3,2.9727273,
30855661,2026-08-17,2026-08-17 11:17:54.202061,PERAK,KINTA,LADANG/KEBUN KANTHAN,Ladang,,Sayur-Sayuran,04,007,KACANG PANJANG HIJAU,F.A.Q,Kilogram,2.5,2.418182,
30855662,2026-08-17,2026-08-17 11:17:54.202061,PERAK,KINTA,LADANG/KEBUN KANTHAN,Ladang,,Sayur-Sayuran,04,007,KACANG PANJANG HIJAU,F.A.Q,Kilogram,2.3,2.418182,
30855663,2026-08-17,2026-08-17 11:17:54.202061,PERAK,KINTA,LADANG/KEBUN KANTHAN,Ladang,,Sayur-Sayuran,02,011,TIMUN HIJAU,F.A.Q,Kilogram,1.35,1.2613636,
30855664,2026-08-17,2026-08-17 11:17:54.202061,PERAK,KINTA,LADANG/KEBUN KANTHAN,Ladang,,Sayur-Sayuran,02,011,TIMUN HIJAU,F.A.Q,Kilogram,1.15,1.2613636,
30855665,2026-08-17,2026-08-17 11:18:22.044678,KELANTAN,KOTA BHARU,PASAR BESAR SITI KHADIJAH,Runcit,26,Lain-Lain Makanan Proses,15,001,SANTAN PEKAT,F.A.Q,Kilogram,17,17,
30855666,2026-08-17,2026-08-17 11:21:05.301789,SABAH,KENINGAU,,Runcit,26,Buah-Buahan,02,050,AVOCADO,SEDANG,Kilogram,15,18,
30855667,2026-08-17,2026-08-17 11:21:05.301789,SABAH,KENINGAU,,Runcit,26,Buah-Buahan,02,044,BUAH NAGA/PITAYA ISI MERAH,F.A.Q,Kilogram,10,11.82,
30855668,2026-08-17,2026-08-17 11:21:05.301789,SABAH,KENINGAU,,Runcit,26,Buah-Buahan,01,005,DURIAN KAMPUNG,F.A.Q,Kilogram,10,11.13,
30855669,2026-08-17,2026-08-17 11:21:05.301789,SABAH,KENINGAU,,Runcit,26,Buah-Buahan,02,012,JAMBU BATU,F.A.Q,Kilogram,6,6,
30855670,2026-08-17,2026-08-17 11:21:05.301789,SABAH,KENINGAU,,Runcit,26,Buah-Buahan,02,015,LIMAU BALI / PAMELO,F.A.Q,Kilogram,5,7.84,
30855671,2026-08-17,2026-08-17 11:21:05.301789,SABAH,KENINGAU,,Runcit,26,Buah-Buahan,02,023,NANAS MD2 (AC9),F.A.Q,Kilogram,5,5.17,
30855672,2026-08-17,2026-08-17 11:21:05.301789,SABAH,KENINGAU,,Runcit,26,Buah-Buahan,02,023,NANAS MORIS (AC1),SEDANG,Kilogram,4.5,3.95,
30855673,2026-08-17,2026-08-17 11:21:05.301789,SABAH,KENINGAU,,Runcit,26,Buah-Buahan,02,024,NANGKA KLON / KAHWIN (ULAS / PULP),F.A.Q,Kilogram,4.7,8,
30855674,2026-08-17,2026-08-17 11:21:05.301789,SABAH,KENINGAU,,Runcit,26,Buah-Buahan,02,028,PISANG AWAK (MP1),F.A.Q,Kilogram,3.5,4.4,
30855675,2026-08-17,2026-08-17 11:21:05.301789,SABAH,KENINGAU,,Runcit,26,Buah-Buahan,02,028,PISANG EMBUN (MP7),F.A.Q,Kilogram,5,4.31,
30855676,2026-08-17,2026-08-17 11:21:05.301789,SABAH,KENINGAU,,Runcit,26,Buah-Buahan,02,028,PISANG NIPAH (IMPORT),F.A.Q,Kilogram,4,4,
30855677,2026-08-17,2026-08-17 11:21:05.301789,SABAH,KENINGAU,,Runcit,26,Buah-Buahan,02,028,PISANG NIPAH (MP5) / ABU (MP6) / SABAH / KAPOK,F.A.Q,Kilogram,3.5,4.6,
30855678,2026-08-17,2026-08-17 11:21:05.301789,SABAH,KENINGAU,,Runcit,26,Buah-Buahan,02,028,PISANG RASTALI (MP9),F.A.Q,Kilogram,4,4.92,
30855679,2026-08-17,2026-08-17 11:21:05.301789,SABAH,KENINGAU,,Runcit,26,Buah-Buahan,01,014,RAMBUTAN ANAK SEKOLAH (R191),F.A.Q,Kilogram,8,9.33,
30855680,2026-08-17,2026-08-17 11:21:05.301789,SABAH,KENINGAU,,Runcit,26,Buah-Buahan,02,034,TEMBIKAI KUNING,F.A.Q,Kilogram,4,4,
30855681,2026-08-17,2026-08-17 11:21:05.301789,SABAH,KENINGAU,,Runcit,26,Buah-Buahan,02,034,TEMBIKAI MERAH,F.A.Q,Kilogram,3.5,4,
30855682,2026-08-17,2026-08-17 11:21:05.301789,SABAH,KENINGAU,,Runcit,26,Buah-Buahan,02,034,TEMBIKAI WANGI / HONEY DEW,F.A.Q,Kilogram,4,6.14,
30855683,2026-08-17,2026-08-17 11:22:21.142248,NEGERI SEMBILAN,SEREMBAN,PASAR BESAR SEREMBAN - BAHAGIAN RUNCIT,Runcit,26,Ternakan,03,002,AYAM PROSES STANDARD,F.A.Q,Kilogram,11,11.833333,
30855684,2026-08-17,2026-08-17 11:22:21.142248,NEGERI SEMBILAN,SEREMBAN,PASAR BESAR SEREMBAN - BAHAGIAN RUNCIT,Runcit,26,Ternakan,03,002,AYAM PROSES STANDARD,F.A.Q,Kilogram,12,11.833333,
30855685,2026-08-17,2026-08-17 11:22:21.142248,NEGERI SEMBILAN,SEREMBAN,PASAR BESAR SEREMBAN - BAHAGIAN RUNCIT,Runcit,26,Ternakan,03,002,AYAM PROSES STANDARD,F.A.Q,Kilogram,12.5,11.833333,
30855686,2026-08-17,2026-08-17 11:22:21.142248,NEGERI SEMBILAN,SEREMBAN,PASAR BESAR SEREMBAN - BAHAGIAN RUNCIT,Runcit,26,Ternakan,02,003,DAGING LEMBU PEJAL,F.A.Q,Kilogram,40,39.5,
30855687,2026-08-17,2026-08-17 11:22:21.142248,NEGERI SEMBILAN,SEREMBAN,PASAR BESAR SEREMBAN - BAHAGIAN RUNCIT,Runcit,26,Ternakan,02,003,DAGING LEMBU PEJAL,F.A.Q,Kilogram,39,39.5,
30855688,2026-08-17,2026-08-17 11:23:08.928834,NEGERI SEMBILAN,SEREMBAN,PASAR BESAR SEREMBAN - BAHAGIAN BORONG,Borong,20,Ternakan,03,002,AYAM PROSES STANDARD,F.A.Q,Kilogram,8.5,8.75,
30855689,2026-08-17,2026-08-17 11:23:08.928834,NEGERI SEMBILAN,SEREMBAN,PASAR BESAR SEREMBAN - BAHAGIAN BORONG,Borong,20,Ternakan,03,002,AYAM PROSES STANDARD,F.A.Q,Kilogram,9,8.75,
30855690,2026-08-17,2026-08-17 11:23:08.928834,NEGERI SEMBILAN,SEREMBAN,PASAR BESAR SEREMBAN - BAHAGIAN BORONG,Borong,20,Ternakan,02,003,DAGING LEMBU PEJAL,F.A.Q,Kilogram,35,35,
30855691,2026-08-17,2026-08-17 11:23:08.928834,NEGERI SEMBILAN,SEREMBAN,PASAR BESAR SEREMBAN - BAHAGIAN BORONG,Borong,20,Ternakan,02,003,DAGING LEMBU PEJAL,F.A.Q,Kilogram,35,35,
30855692,2026-08-17,2026-08-17 11:24:21.226364,KELANTAN,KOTA BHARU,PASAR BESAR SITI KHADIJAH,Runcit,26,Sayur-Sayuran,02,002,CILI MERAH MINYAK,F.A.Q,Kilogram,12,10.1,
30855693,2026-08-17,2026-08-17 11:24:21.226364,KELANTAN,KOTA BHARU,PASAR BESAR SITI KHADIJAH,Runcit,26,Sayur-Sayuran,02,002,CILI MERAH MINYAK,F.A.Q,Kilogram,12,10.1,
30855694,2026-08-17,2026-08-17 11:24:21.226364,KELANTAN,KOTA BHARU,PASAR BESAR SITI KHADIJAH,Runcit,26,Sayur-Sayuran,02,002,CILI MERAH MINYAK,F.A.Q,Kilogram,12,10.1,
30855695,2026-08-17,2026-08-17 11:24:21.226364,KELANTAN,KOTA BHARU,PASAR BESAR SITI KHADIJAH,Runcit,26,Sayur-Sayuran,02,002,CILI MERAH MINYAK,F.A.Q,Kilogram,11,10.1,
30855696,2026-08-17,2026-08-17 11:24:21.226364,KELANTAN,KOTA BHARU,PASAR BESAR SITI KHADIJAH,Runcit,26,Sayur-Sayuran,02,002,CILI MERAH MINYAK,F.A.Q,Kilogram,11,10.1,
30855697,2026-08-17,2026-08-17 11:25:31.909128,NEGERI SEMBILAN,SEREMBAN,PASAR BESAR SEREMBAN - BAHAGIAN RUNCIT,Runcit,26,Tanaman Kontan,05,001,KELAPA DIKUPAS,SEDANG,Biji,2.9,2.95,
30855698,2026-08-17,2026-08-17 11:25:31.909128,NEGERI SEMBILAN,SEREMBAN,PASAR BESAR SEREMBAN - BAHAGIAN RUNCIT,Runcit,26,Tanaman Kontan,05,001,KELAPA DIKUPAS,SEDANG,Biji,3,2.95,
30855699,2026-08-17,2026-08-17 11:25:31.909128,NEGERI SEMBILAN,SEREMBAN,PASAR BESAR SEREMBAN - BAHAGIAN RUNCIT,Runcit,26,Buah-Buahan,02,023,NANAS JOSAPINE (AC5),F.A.Q,Kilogram,4,4.2074075,
30855700,2026-08-17,2026-08-17 11:25:31.909128,NEGERI SEMBILAN,SEREMBAN,PASAR BESAR SEREMBAN - BAHAGIAN RUNCIT,Runcit,26,Buah-Buahan,02,023,NANAS JOSAPINE (AC5),F.A.Q,Kilogram,4.5,4.2074075,
30855701,2026-08-17,2026-08-17 11:25:31.909128,NEGERI SEMBILAN,SEREMBAN,PASAR BESAR SEREMBAN - BAHAGIAN RUNCIT,Runcit,26,Buah-Buahan,02,023,NANAS JOSAPINE (AC5),F.A.Q,Kilogram,4.2,4.2074075,
30855702,2026-08-17,2026-08-17 11:25:31.909128,NEGERI SEMBILAN,SEREMBAN,PASAR BESAR SEREMBAN - BAHAGIAN RUNCIT,Runcit,26,Buah-Buahan,02,028,PISANG BERANGAN,F.A.Q,Kilogram,5.9,6.0185184,
30855703,2026-08-17,2026-08-17 11:25:31.909128,NEGERI SEMBILAN,SEREMBAN,PASAR BESAR SEREMBAN - BAHAGIAN RUNCIT,Runcit,26,Buah-Buahan,02,028,PISANG BERANGAN,F.A.Q,Kilogram,6,6.0185184,
30855704,2026-08-17,2026-08-17 11:25:31.909128,NEGERI SEMBILAN,SEREMBAN,PASAR BESAR SEREMBAN - BAHAGIAN RUNCIT,Runcit,26,Buah-Buahan,02,028,PISANG BERANGAN,F.A.Q,Kilogram,5.7,6.0185184,
30855705,2026-08-17,2026-08-17 11:25:31.909128,NEGERI SEMBILAN,SEREMBAN,PASAR BESAR SEREMBAN - BAHAGIAN RUNCIT,Runcit,26,Buah-Buahan,02,034,TEMBIKAI MERAH TANPA BIJI,F.A.Q,Kilogram,4.2,3.8666666,
30855706,2026-08-17,2026-08-17 11:25:31.909128,NEGERI SEMBILAN,SEREMBAN,PASAR BESAR SEREMBAN - BAHAGIAN RUNCIT,Runcit,26,Buah-Buahan,02,034,TEMBIKAI MERAH TANPA BIJI,F.A.Q,Kilogram,4.4,3.8666666,
30855707,2026-08-17,2026-08-17 11:25:31.909128,NEGERI SEMBILAN,SEREMBAN,PASAR BESAR SEREMBAN - BAHAGIAN RUNCIT,Runcit,26,Buah-Buahan,02,034,TEMBIKAI MERAH TANPA BIJI,F.A.Q,Kilogram,4,3.8666666,
30855708,2026-08-17,2026-08-17 11:27:15.686181,NEGERI SEMBILAN,SEREMBAN,PASAR BESAR SEREMBAN - BAHAGIAN BORONG,Borong,20,Tanaman Kontan,05,001,KELAPA DIKUPAS,SEDANG,Biji,2.6,2.6,
30855709,2026-08-17,2026-08-17 11:27:15.686181,NEGERI SEMBILAN,SEREMBAN,PASAR BESAR SEREMBAN - BAHAGIAN BORONG,Borong,20,Buah-Buahan,02,023,NANAS JOSAPINE (AC5),F.A.Q,Kilogram,3.4,3.1925926,
30855710,2026-08-17,2026-08-17 11:27:15.686181,NEGERI SEMBILAN,SEREMBAN,PASAR BESAR SEREMBAN - BAHAGIAN BORONG,Borong,20,Buah-Buahan,02,023,NANAS JOSAPINE (AC5),F.A.Q,Kilogram,3,3.1925926,
30855711,2026-08-17,2026-08-17 11:27:15.686181,NEGERI SEMBILAN,SEREMBAN,PASAR BESAR SEREMBAN - BAHAGIAN BORONG,Borong,20,Buah-Buahan,02,023,NANAS JOSAPINE (AC5),F.A.Q,Kilogram,3.2,3.1925926,
30855712,2026-08-17,2026-08-17 11:27:15.686181,NEGERI SEMBILAN,SEREMBAN,PASAR BESAR SEREMBAN - BAHAGIAN BORONG,Borong,20,Buah-Buahan,02,028,PISANG BERANGAN,F.A.Q,Kilogram,4,3.9925926,
30855713,2026-08-17,2026-08-17 11:27:15.686181,NEGERI SEMBILAN,SEREMBAN,PASAR BESAR SEREMBAN - BAHAGIAN BORONG,Borong,20,Buah-Buahan,02,028,PISANG BERANGAN,F.A.Q,Kilogram,3.9,3.9925926,
30855714,2026-08-17,2026-08-17 11:27:15.686181,NEGERI SEMBILAN,SEREMBAN,PASAR BESAR SEREMBAN - BAHAGIAN BORONG,Borong,20,Buah-Buahan,02,028,PISANG BERANGAN,F.A.Q,Kilogram,3.6,3.9925926,
30855715,2026-08-17,2026-08-17 11:27:15.686181,NEGERI SEMBILAN,SEREMBAN,PASAR BESAR SEREMBAN - BAHAGIAN BORONG,Borong,20,Buah-Buahan,02,034,TEMBIKAI MERAH TANPA BIJI,F.A.Q,Kilogram,2.8,2.511111,
30855716,2026-08-17,2026-08-17 11:27:15.686181,NEGERI SEMBILAN,SEREMBAN,PASAR BESAR SEREMBAN - BAHAGIAN BORONG,Borong,20,Buah-Buahan,02,034,TEMBIKAI MERAH TANPA BIJI,F.A.Q,Kilogram,2.3,2.511111,
30855717,2026-08-17,2026-08-17 11:27:15.686181,NEGERI SEMBILAN,SEREMBAN,PASAR BESAR SEREMBAN - BAHAGIAN BORONG,Borong,20,Buah-Buahan,02,034,TEMBIKAI MERAH TANPA BIJI,F.A.Q,Kilogram,2.5,2.511111,
30855718,2026-08-17,2026-08-17 11:27:54.204159,NEGERI SEMBILAN,SEREMBAN,LADANG/KEBUN RANTAU,Ladang,,Ternakan,01,003,AYAM HIDUP,F.A.Q,Kilogram,7,6.75,
30855719,2026-08-17,2026-08-17 11:27:54.204159,NEGERI SEMBILAN,SEREMBAN,LADANG/KEBUN RANTAU,Ladang,,Ternakan,01,003,AYAM HIDUP,F.A.Q,Kilogram,6.9,6.75,
30855720,2026-08-17,2026-08-17 11:29:16.373282,NEGERI SEMBILAN,SEREMBAN,PASAR BESAR SEREMBAN - BAHAGIAN RUNCIT,Runcit,26,Sayur-Sayuran,05,001,BAWANG BESAR KUNING / HOLLAND,F.A.Q,Kilogram,4.2,4.233333,
30855721,2026-08-17,2026-08-17 11:29:16.373282,NEGERI SEMBILAN,SEREMBAN,PASAR BESAR SEREMBAN - BAHAGIAN RUNCIT,Runcit,26,Sayur-Sayuran,05,001,BAWANG BESAR KUNING / HOLLAND,F.A.Q,Kilogram,4,4.233333,
30855722,2026-08-17,2026-08-17 11:29:16.373282,NEGERI SEMBILAN,SEREMBAN,PASAR BESAR SEREMBAN - BAHAGIAN RUNCIT,Runcit,26,Sayur-Sayuran,05,001,BAWANG BESAR KUNING / HOLLAND,F.A.Q,Kilogram,4.5,4.233333,
30855723,2026-08-17,2026-08-17 11:29:16.373282,NEGERI SEMBILAN,SEREMBAN,PASAR BESAR SEREMBAN - BAHAGIAN RUNCIT,Runcit,26,Sayur-Sayuran,05,001,BAWANG PUTIH (CHINA),F.A.Q,Kilogram,10.5,10,
30855724,2026-08-17,2026-08-17 11:29:16.373282,NEGERI SEMBILAN,SEREMBAN,PASAR BESAR SEREMBAN - BAHAGIAN RUNCIT,Runcit,26,Sayur-Sayuran,05,001,BAWANG PUTIH (CHINA),F.A.Q,Kilogram,9.9,10,
30855725,2026-08-17,2026-08-17 11:29:16.373282,NEGERI SEMBILAN,SEREMBAN,PASAR BESAR SEREMBAN - BAHAGIAN RUNCIT,Runcit,26,Sayur-Sayuran,05,001,BAWANG PUTIH (CHINA),F.A.Q,Kilogram,10.8,10,
30855726,2026-08-17,2026-08-17 11:30:12.52736,NEGERI SEMBILAN,SEREMBAN,PASAR BESAR SEREMBAN - BAHAGIAN BORONG,Borong,20,Sayur-Sayuran,05,001,BAWANG BESAR MERAH (INDIA),F.A.Q,Kilogram,2.7,2.8333333,
30855727,2026-08-17,2026-08-17 11:30:12.52736,NEGERI SEMBILAN,SEREMBAN,PASAR BESAR SEREMBAN - BAHAGIAN BORONG,Borong,20,Sayur-Sayuran,05,001,BAWANG BESAR MERAH (INDIA),F.A.Q,Kilogram,3.4,2.8333333,
30855728,2026-08-17,2026-08-17 11:30:12.52736,NEGERI SEMBILAN,SEREMBAN,PASAR BESAR SEREMBAN - BAHAGIAN BORONG,Borong,20,Sayur-Sayuran,05,001,BAWANG BESAR MERAH (INDIA),F.A.Q,Kilogram,2.9,2.8333333,
30855729,2026-08-17,2026-08-17 11:30:12.52736,NEGERI SEMBILAN,SEREMBAN,PASAR BESAR SEREMBAN - BAHAGIAN BORONG,Borong,20,Sayur-Sayuran,05,001,BAWANG PUTIH (CHINA),F.A.Q,Kilogram,8.7,8.866667,
30855730,2026-08-17,2026-08-17 11:30:12.52736,NEGERI SEMBILAN,SEREMBAN,PASAR BESAR SEREMBAN - BAHAGIAN BORONG,Borong,20,Sayur-Sayuran,05,001,BAWANG PUTIH (CHINA),F.A.Q,Kilogram,9.5,8.866667,
30855731,2026-08-17,2026-08-17 11:30:12.52736,NEGERI SEMBILAN,SEREMBAN,PASAR BESAR SEREMBAN - BAHAGIAN BORONG,Borong,20,Sayur-Sayuran,05,001,BAWANG PUTIH (CHINA),F.A.Q,Kilogram,8.9,8.866667,
30855732,2026-08-17,2026-08-17 11:36:15.986402,NEGERI SEMBILAN,PORT DICKSON,[LOKASI KUTIPAN HARGA LADANG] LUKUT,Ladang,,Ternakan,11,001,TELUR AYAM,B,Biji,0.46,0.40333334,
30855733,2026-08-17,2026-08-17 11:36:51.426517,NEGERI SEMBILAN,TAMPIN,[LOKASI KUTIPAN HARGA LADANG] GEMENCHEH,Ladang,,Ternakan,11,001,TELUR AYAM,B,Biji,0.46,0.40333334,
30855734,2026-08-17,2026-08-17 11:38:12.470876,NEGERI SEMBILAN,SEREMBAN,PASAR BESAR SEREMBAN - BAHAGIAN BORONG,Borong,20,Ternakan,11,001,TELUR AYAM,B,Biji,0.44,0.42333335,
30855735,2026-08-17,2026-08-17 11:38:12.470876,NEGERI SEMBILAN,SEREMBAN,PASAR BESAR SEREMBAN - BAHAGIAN BORONG,Borong,20,Ternakan,11,001,TELUR AYAM,B,Biji,0.44,0.42333335,
30855736,2026-08-17,2026-08-17 11:38:12.470876,NEGERI SEMBILAN,SEREMBAN,PASAR BESAR SEREMBAN - BAHAGIAN BORONG,Borong,20,Ternakan,11,001,TELUR AYAM,B,Biji,0.44,0.42333335,
30855737,2026-08-17,2026-08-17 11:39:45.312642,NEGERI SEMBILAN,SEREMBAN,PASAR BESAR SEREMBAN - BAHAGIAN RUNCIT,Runcit,26,Ternakan,11,001,TELUR AYAM,B,Biji,0.48,0.46333334,
30855738,2026-08-17,2026-08-17 11:39:45.312642,NEGERI SEMBILAN,SEREMBAN,PASAR BESAR SEREMBAN - BAHAGIAN RUNCIT,Runcit,26,Ternakan,11,001,TELUR AYAM,B,Biji,0.48,0.46333334,
30855739,2026-08-17,2026-08-17 11:39:45.312642,NEGERI SEMBILAN,SEREMBAN,PASAR BESAR SEREMBAN - BAHAGIAN RUNCIT,Runcit,26,Ternakan,11,001,TELUR AYAM,B,Biji,0.48,0.46333334,
30855740,2026-08-17,2026-08-17 11:40:07.103607,NEGERI SEMBILAN,JELEBU,[LOKASI KUTIPAN HARGA LADANG] PERTANG,Ladang,,Tanaman Kontan,05,001,KELAPA DIKUPAS,SEDANG,Biji,2.1,2.1,
30855741,2026-08-17,2026-08-17 11:41:14.084153,NEGERI SEMBILAN,KUALA PILAH,[LOKASI KUTIPAN HARGA LADANG] JOHOL,Ladang,,Sayur-Sayuran,03,001,BAYAM,F.A.Q,Kilogram,2.1,2.3055556,
30855742,2026-08-17,2026-08-17 11:41:14.084153,NEGERI SEMBILAN,KUALA PILAH,[LOKASI KUTIPAN HARGA LADANG] JOHOL,Ladang,,Sayur-Sayuran,03,001,BAYAM,F.A.Q,Kilogram,2,2.3055556,
30855743,2026-08-17,2026-08-17 11:41:14.084153,NEGERI SEMBILAN,KUALA PILAH,[LOKASI KUTIPAN HARGA LADANG] JOHOL,Ladang,,Sayur-Sayuran,02,002,CILI MERAH KULAI / KULAI HIBRID,F.A.Q,Kilogram,10.5,10.5,
30855744,2026-08-17,2026-08-17 11:41:14.084153,NEGERI SEMBILAN,KUALA PILAH,[LOKASI KUTIPAN HARGA LADANG] JOHOL,Ladang,,Sayur-Sayuran,04,002,KACANG BENDI,F.A.Q,Kilogram,4.4,4.0833335,
30855745,2026-08-17,2026-08-17 11:41:14.084153,NEGERI SEMBILAN,KUALA PILAH,[LOKASI KUTIPAN HARGA LADANG] JOHOL,Ladang,,Sayur-Sayuran,04,007,KACANG PANJANG HIJAU,F.A.Q,Kilogram,4.3,4.3533335,
30855746,2026-08-17,2026-08-17 11:41:14.084153,NEGERI SEMBILAN,KUALA PILAH,[LOKASI KUTIPAN HARGA LADANG] JOHOL,Ladang,,Sayur-Sayuran,03,007,SAWI HIJAU,F.A.Q,Kilogram,3.5,3.625,
30855747,2026-08-17,2026-08-17 11:41:14.084153,NEGERI SEMBILAN,KUALA PILAH,[LOKASI KUTIPAN HARGA LADANG] JOHOL,Ladang,,Sayur-Sayuran,02,010,TERUNG PANJANG / PEPARU (TANAH RENDAH),F.A.Q,Kilogram,4.7,5.070833,
30855748,2026-08-17,2026-08-17 11:41:14.084153,NEGERI SEMBILAN,KUALA PILAH,[LOKASI KUTIPAN HARGA LADANG] JOHOL,Ladang,,Sayur-Sayuran,02,010,TERUNG PANJANG / PEPARU (TANAH RENDAH),F.A.Q,Kilogram,4.3,5.070833,
30855749,2026-08-17,2026-08-17 11:42:45.40322,NEGERI SEMBILAN,SEREMBAN,[LOKASI KUTIPAN HARGA LADANG] GADONG,Ladang,,Sayur-Sayuran,03,001,BAYAM,F.A.Q,Kilogram,1.8,2.0666666,
30855750,2026-08-17,2026-08-17 11:42:45.40322,NEGERI SEMBILAN,SEREMBAN,[LOKASI KUTIPAN HARGA LADANG] GADONG,Ladang,,Sayur-Sayuran,02,002,CILI MERAH KULAI / KULAI HIBRID,F.A.Q,Kilogram,8,8.5,
30855751,2026-08-17,2026-08-17 11:42:45.40322,NEGERI SEMBILAN,SEREMBAN,[LOKASI KUTIPAN HARGA LADANG] GADONG,Ladang,,Sayur-Sayuran,02,002,CILI MERAH KULAI / KULAI HIBRID,F.A.Q,Kilogram,9,8.5,
30855752,2026-08-17,2026-08-17 11:42:45.40322,NEGERI SEMBILAN,SEREMBAN,[LOKASI KUTIPAN HARGA LADANG] GADONG,Ladang,,Sayur-Sayuran,04,002,KACANG BENDI,F.A.Q,Kilogram,3.6,3.3555555,
30855753,2026-08-17,2026-08-17 11:42:45.40322,NEGERI SEMBILAN,SEREMBAN,[LOKASI KUTIPAN HARGA LADANG] GADONG,Ladang,,Sayur-Sayuran,04,007,KACANG PANJANG HIJAU,F.A.Q,Kilogram,4,4.24,
30855754,2026-08-17,2026-08-17 11:42:45.40322,NEGERI SEMBILAN,SEREMBAN,[LOKASI KUTIPAN HARGA LADANG] GADONG,Ladang,,Sayur-Sayuran,03,007,SAWI HIJAU,F.A.Q,Kilogram,3.5,3.5,
30855755,2026-08-17,2026-08-17 11:42:45.40322,NEGERI SEMBILAN,SEREMBAN,[LOKASI KUTIPAN HARGA LADANG] GADONG,Ladang,,Sayur-Sayuran,02,011,TIMUN HIJAU,F.A.Q,Kilogram,1.3,2.09,
30855756,2026-08-17,2026-08-17 11:42:45.40322,NEGERI SEMBILAN,SEREMBAN,[LOKASI KUTIPAN HARGA LADANG] GADONG,Ladang,,Sayur-Sayuran,02,011,TIMUN HIJAU,F.A.Q,Kilogram,1.3,2.09,
30855757,2026-08-17,2026-08-17 11:44:03.306963,NEGERI SEMBILAN,SEREMBAN,PASAR BESAR SEREMBAN - BAHAGIAN BORONG,Borong,20,Sayur-Sayuran,03,001,BAYAM,F.A.Q,Kilogram,3.1,3.7444444,
30855758,2026-08-17,2026-08-17 11:44:03.306963,NEGERI SEMBILAN,SEREMBAN,PASAR BESAR SEREMBAN - BAHAGIAN BORONG,Borong,20,Sayur-Sayuran,03,001,BAYAM,F.A.Q,Kilogram,3.7,3.7444444,
30855759,2026-08-17,2026-08-17 11:44:03.306963,NEGERI SEMBILAN,SEREMBAN,PASAR BESAR SEREMBAN - BAHAGIAN BORONG,Borong,20,Sayur-Sayuran,03,001,BAYAM,F.A.Q,Kilogram,3.4,3.7444444,
30855760,2026-08-17,2026-08-17 11:44:03.306963,NEGERI SEMBILAN,SEREMBAN,PASAR BESAR SEREMBAN - BAHAGIAN BORONG,Borong,20,Sayur-Sayuran,02,002,CILI MERAH KULAI / KULAI HIBRID,F.A.Q,Kilogram,14,14.862963,
30855761,2026-08-17,2026-08-17 11:44:03.306963,NEGERI SEMBILAN,SEREMBAN,PASAR BESAR SEREMBAN - BAHAGIAN BORONG,Borong,20,Sayur-Sayuran,02,002,CILI MERAH KULAI / KULAI HIBRID,F.A.Q,Kilogram,14.9,14.862963,
30855762,2026-08-17,2026-08-17 11:44:03.306963,NEGERI SEMBILAN,SEREMBAN,PASAR BESAR SEREMBAN - BAHAGIAN BORONG,Borong,20,Sayur-Sayuran,02,002,CILI MERAH KULAI / KULAI HIBRID,F.A.Q,Kilogram,14.5,14.862963,
30855763,2026-08-17,2026-08-17 11:45:00.62239,NEGERI SEMBILAN,SEREMBAN,PASAR BESAR SEREMBAN - BAHAGIAN RUNCIT,Runcit,26,Sayur-Sayuran,03,001,BAYAM,F.A.Q,Kilogram,4.1,4.8925924,
30855764,2026-08-17,2026-08-17 11:45:00.62239,NEGERI SEMBILAN,SEREMBAN,PASAR BESAR SEREMBAN - BAHAGIAN RUNCIT,Runcit,26,Sayur-Sayuran,03,001,BAYAM,F.A.Q,Kilogram,4.4,4.8925924,
30855765,2026-08-17,2026-08-17 11:45:00.62239,NEGERI SEMBILAN,SEREMBAN,PASAR BESAR SEREMBAN - BAHAGIAN RUNCIT,Runcit,26,Sayur-Sayuran,03,001,BAYAM,F.A.Q,Kilogram,4.6,4.8925924,
30855766,2026-08-17,2026-08-17 11:45:00.62239,NEGERI SEMBILAN,SEREMBAN,PASAR BESAR SEREMBAN - BAHAGIAN RUNCIT,Runcit,26,Sayur-Sayuran,02,002,CILI MERAH KULAI / KULAI HIBRID,F.A.Q,Kilogram,16.8,18.648148,
30855767,2026-08-17,2026-08-17 11:45:00.62239,NEGERI SEMBILAN,SEREMBAN,PASAR BESAR SEREMBAN - BAHAGIAN RUNCIT,Runcit,26,Sayur-Sayuran,02,002,CILI MERAH KULAI / KULAI HIBRID,F.A.Q,Kilogram,17.9,18.648148,
30855768,2026-08-17,2026-08-17 11:45:00.62239,NEGERI SEMBILAN,SEREMBAN,PASAR BESAR SEREMBAN - BAHAGIAN RUNCIT,Runcit,26,Sayur-Sayuran,02,002,CILI MERAH KULAI / KULAI HIBRID,F.A.Q,Kilogram,20.7,18.648148,
30855769,2026-08-17,2026-08-17 11:56:54.81743,KEDAH,PENDANG,LADANG/KEBUN KAMPUNG PAYA LIPAI,Ladang,,Sayur-Sayuran,03,001,BAYAM,F.A.Q,Kilogram,2,2,
30855770,2026-08-17,2026-08-17 11:56:54.81743,KEDAH,PENDANG,LADANG/KEBUN KAMPUNG PAYA LIPAI,Ladang,,Sayur-Sayuran,02,002,CILI MERAH KULAI / KULAI HIBRID,F.A.Q,Kilogram,12,11.5,
30855771,2026-08-17,2026-08-17 11:56:54.81743,KEDAH,PENDANG,LADANG/KEBUN KAMPUNG PAYA LIPAI,Ladang,,Sayur-Sayuran,04,002,KACANG BENDI,F.A.Q,Kilogram,2.5,2.5625,
30855772,2026-08-17,2026-08-17 11:56:54.81743,KEDAH,PENDANG,LADANG/KEBUN KAMPUNG PAYA LIPAI,Ladang,,Sayur-Sayuran,04,007,KACANG PANJANG HIJAU,F.A.Q,Kilogram,1.8,2.56875,
30855773,2026-08-17,2026-08-17 11:56:54.81743,KEDAH,PENDANG,LADANG/KEBUN KAMPUNG PAYA LIPAI,Ladang,,Sayur-Sayuran,03,007,SAWI HIJAU,F.A.Q,Kilogram,2,2.125,
30855774,2026-08-17,2026-08-17 11:56:54.81743,KEDAH,PENDANG,LADANG/KEBUN KAMPUNG PAYA LIPAI,Ladang,,Sayur-Sayuran,02,010,TERUNG PANJANG / PEPARU (TANAH RENDAH),F.A.Q,Kilogram,3,3.18125,
30855775,2026-08-17,2026-08-17 11:56:54.81743,KEDAH,PENDANG,LADANG/KEBUN KAMPUNG PAYA LIPAI,Ladang,,Sayur-Sayuran,02,011,TIMUN HIJAU,F.A.Q,Kilogram,1,1.225,
30855792,2026-08-17,2026-08-17 13:16:32.053089,TERENGGANU,KUALA TERENGGANU,PASAR BORONG GONG PAUH,Borong,,Buah-Buahan,02,044,BUAH NAGA/PITAYA ISI MERAH,F.A.Q,Kilogram,9,8.69,
30855793,2026-08-17,2026-08-17 13:16:32.121154,TERENGGANU,KUALA TERENGGANU,PASAR BORONG GONG PAUH,Borong,,Buah-Buahan,02,012,JAMBU BATU,F.A.Q,Kilogram,4.5,3.92,
30855794,2026-08-17,2026-08-17 13:16:32.219899,TERENGGANU,KUALA TERENGGANU,PASAR BORONG GONG PAUH,Borong,,Buah-Buahan,02,012,JAMBU BATU TANPA BIJI,F.A.Q,Kilogram,6,5.64,
30855795,2026-08-17,2026-08-17 13:16:32.309226,TERENGGANU,KUALA TERENGGANU,PASAR BORONG GONG PAUH,Borong,,Buah-Buahan,02,023,NANAS MD2 (AC9),F.A.Q,Kilogram,3,3.35,
30855796,2026-08-17,2026-08-17 13:16:32.39717,TERENGGANU,KUALA TERENGGANU,PASAR BORONG GONG PAUH,Borong,,Buah-Buahan,02,023,NANAS MORIS (AC1),SEDANG,Kilogram,3.5,2.84,
30855797,2026-08-17,2026-08-17 13:19:25.991329,TERENGGANU,KUALA TERENGGANU,PASAR BORONG GONG PAUH,Borong,,Buah-Buahan,02,036,ANGGUR HIJAU TANPA BIJI,F.A.Q,Kilogram,18,19.62,
30855798,2026-08-17,2026-08-17 13:19:26.078666,TERENGGANU,KUALA TERENGGANU,PASAR BORONG GONG PAUH,Borong,,Buah-Buahan,02,036,ANGGUR HITAM TANPA BIJI,F.A.Q,Kilogram,20,19.09,
30855799,2026-08-17,2026-08-17 13:19:26.163237,TERENGGANU,KUALA TERENGGANU,PASAR BORONG GONG PAUH,Borong,,Buah-Buahan,02,036,ANGGUR MERAH TANPA BIJI,F.A.Q,Kilogram,18,19.41,
30855800,2026-08-17,2026-08-17 13:19:26.261325,TERENGGANU,KUALA TERENGGANU,PASAR BORONG GONG PAUH,Borong,,Buah-Buahan,02,044,BUAH NAGA/PITAYA ISI MERAH,F.A.Q,Kilogram,10,8.69,
30855801,2026-08-17,2026-08-17 13:19:26.335454,TERENGGANU,KUALA TERENGGANU,PASAR BORONG GONG PAUH,Borong,,Buah-Buahan,02,037,EPAL MERAH (FUJI),SEDANG,Biji,1.2,1.01,
30855802,2026-08-17,2026-08-17 13:19:26.429803,TERENGGANU,KUALA TERENGGANU,PASAR BORONG GONG PAUH,Borong,,Buah-Buahan,02,012,JAMBU AIR  MADU / LOCENG,F.A.Q,Kilogram,6,9.44,
30855803,2026-08-17,2026-08-17 13:19:26.515403,TERENGGANU,KUALA TERENGGANU,PASAR BORONG GONG PAUH,Borong,,Buah-Buahan,02,012,JAMBU BATU,F.A.Q,Kilogram,4.5,3.92,
30855804,2026-08-17,2026-08-17 13:19:26.592301,TERENGGANU,KUALA TERENGGANU,PASAR BORONG GONG PAUH,Borong,,Buah-Buahan,02,012,JAMBU BATU TANPA BIJI,F.A.Q,Kilogram,6,5.64,
30855805,2026-08-17,2026-08-17 13:19:26.669552,TERENGGANU,KUALA TERENGGANU,PASAR BORONG GONG PAUH,Borong,,Buah-Buahan,02,041,LAI KUNING,F.A.Q,Biji,1.2,1.33,
30855806,2026-08-17,2026-08-17 13:19:26.752004,TERENGGANU,KUALA TERENGGANU,PASAR BORONG GONG PAUH,Borong,,Buah-Buahan,02,045,LIMAU MANDARIN,SEDANG,Biji,1.2,0.9,
30855807,2026-08-17,2026-08-17 13:19:26.863824,TERENGGANU,KUALA TERENGGANU,PASAR BORONG GONG PAUH,Borong,,Buah-Buahan,02,016,LIMAU MANIS,F.A.Q,Kilogram,7,5.25,
30855808,2026-08-17,2026-08-17 13:19:26.940249,TERENGGANU,KUALA TERENGGANU,PASAR BORONG GONG PAUH,Borong,,Buah-Buahan,02,016,LIMAU MANIS (THAILAND),F.A.Q,Kilogram,7,5.52,
30855809,2026-08-17,2026-08-17 13:19:27.01636,TERENGGANU,KUALA TERENGGANU,PASAR BORONG GONG PAUH,Borong,,Buah-Buahan,02,045,LIMAU OREN VALENCIA,SEDANG,Biji,1.5,0.95,
30855810,2026-08-17,2026-08-17 13:19:27.092424,TERENGGANU,KUALA TERENGGANU,PASAR BORONG GONG PAUH,Borong,,Buah-Buahan,02,018,MANGGA LEMAK MANIS (THAILAND),F.A.Q,Kilogram,4,4.71,
30855811,2026-08-17,2026-08-17 13:19:27.198872,TERENGGANU,KUALA TERENGGANU,PASAR BORONG GONG PAUH,Borong,,Buah-Buahan,01,020,MATA KUCING / LONGAN,F.A.Q,Kilogram,10,8.27,
30855812,2026-08-17,2026-08-17 13:19:27.270075,TERENGGANU,KUALA TERENGGANU,PASAR BORONG GONG PAUH,Borong,,Buah-Buahan,02,023,NANAS MD2 (AC9),F.A.Q,Kilogram,4,3.35,
30855813,2026-08-17,2026-08-17 13:19:27.35495,TERENGGANU,KUALA TERENGGANU,PASAR BORONG GONG PAUH,Borong,,Buah-Buahan,02,023,NANAS MORIS (AC1),SEDANG,Kilogram,2.5,2.84,
30855814,2026-08-17,2026-08-17 13:19:27.432731,TERENGGANU,KUALA TERENGGANU,PASAR BORONG GONG PAUH,Borong,,Buah-Buahan,02,024,NANGKA KLON / KAHWIN,F.A.Q,Kilogram,3,3.63,
30855815,2026-08-17,2026-08-17 13:19:27.521257,TERENGGANU,KUALA TERENGGANU,PASAR BORONG GONG PAUH,Borong,,Buah-Buahan,02,024,NANGKA TEKAM YELLOW (J33),F.A.Q,Kilogram,3,3.56,
30855816,2026-08-17,2026-08-17 13:19:27.593151,TERENGGANU,KUALA TERENGGANU,PASAR BORONG GONG PAUH,Borong,,Buah-Buahan,02,034,TEMBIKAI KUNING,F.A.Q,Kilogram,2.8,3.06,
30855817,2026-08-17,2026-08-17 13:19:27.673756,TERENGGANU,KUALA TERENGGANU,PASAR BORONG GONG PAUH,Borong,,Buah-Buahan,02,034,TEMBIKAI WANGI / HONEY DEW,F.A.Q,Kilogram,5,4.14,
30855818,2026-08-17,2026-08-17 13:26:06.57627,NEGERI SEMBILAN,SEREMBAN,PASAR BESAR SEREMBAN - BAHAGIAN BORONG,Borong,20,Sayur-Sayuran,02,002,CILI MERAH MINYAK,F.A.Q,Kilogram,11.7,10.974074,
30855819,2026-08-17,2026-08-17 13:26:06.57627,NEGERI SEMBILAN,SEREMBAN,PASAR BESAR SEREMBAN - BAHAGIAN BORONG,Borong,20,Sayur-Sayuran,02,002,CILI MERAH MINYAK,F.A.Q,Kilogram,12.5,10.974074,
30855820,2026-08-17,2026-08-17 13:26:06.57627,NEGERI SEMBILAN,SEREMBAN,PASAR BESAR SEREMBAN - BAHAGIAN BORONG,Borong,20,Sayur-Sayuran,02,002,CILI MERAH MINYAK,F.A.Q,Kilogram,12.3,10.974074,
30855821,2026-08-17,2026-08-17 13:26:06.57627,NEGERI SEMBILAN,SEREMBAN,PASAR BESAR SEREMBAN - BAHAGIAN BORONG,Borong,20,Sayur-Sayuran,04,002,KACANG BENDI,F.A.Q,Kilogram,6,5.8296294,
30855822,2026-08-17,2026-08-17 13:26:06.57627,NEGERI SEMBILAN,SEREMBAN,PASAR BESAR SEREMBAN - BAHAGIAN BORONG,Borong,20,Sayur-Sayuran,04,002,KACANG BENDI,F.A.Q,Kilogram,6.5,5.8296294,
30855823,2026-08-17,2026-08-17 13:26:06.57627,NEGERI SEMBILAN,SEREMBAN,PASAR BESAR SEREMBAN - BAHAGIAN BORONG,Borong,20,Sayur-Sayuran,04,002,KACANG BENDI,F.A.Q,Kilogram,6.2,5.8296294,
30855824,2026-08-17,2026-08-17 13:26:06.57627,NEGERI SEMBILAN,SEREMBAN,PASAR BESAR SEREMBAN - BAHAGIAN BORONG,Borong,20,Sayur-Sayuran,04,007,KACANG PANJANG HIJAU,F.A.Q,Kilogram,5.5,6.0814815,
30855825,2026-08-17,2026-08-17 13:26:06.57627,NEGERI SEMBILAN,SEREMBAN,PASAR BESAR SEREMBAN - BAHAGIAN BORONG,Borong,20,Sayur-Sayuran,04,007,KACANG PANJANG HIJAU,F.A.Q,Kilogram,6.3,6.0814815,
30855826,2026-08-17,2026-08-17 13:26:06.57627,NEGERI SEMBILAN,SEREMBAN,PASAR BESAR SEREMBAN - BAHAGIAN BORONG,Borong,20,Sayur-Sayuran,04,007,KACANG PANJANG HIJAU,F.A.Q,Kilogram,6,6.0814815,
30855827,2026-08-17,2026-08-17 13:26:06.57627,NEGERI SEMBILAN,SEREMBAN,PASAR BESAR SEREMBAN - BAHAGIAN BORONG,Borong,20,Sayur-Sayuran,03,006,KUBIS BULAT (TANAH TINGGI),F.A.Q,Kilogram,3.6,3.8666666,
30855828,2026-08-17,2026-08-17 13:26:06.57627,NEGERI SEMBILAN,SEREMBAN,PASAR BESAR SEREMBAN - BAHAGIAN BORONG,Borong,20,Sayur-Sayuran,03,006,KUBIS BULAT (TANAH TINGGI),F.A.Q,Kilogram,4.2,3.8666666,
30855829,2026-08-17,2026-08-17 13:26:06.57627,NEGERI SEMBILAN,SEREMBAN,PASAR BESAR SEREMBAN - BAHAGIAN BORONG,Borong,20,Sayur-Sayuran,03,006,KUBIS BULAT (TANAH TINGGI),F.A.Q,Kilogram,3.8,3.8666666,
30855833,2026-08-17,2026-08-17 13:26:06.57627,NEGERI SEMBILAN,SEREMBAN,PASAR BESAR SEREMBAN - BAHAGIAN BORONG,Borong,20,Sayur-Sayuran,02,010,TERUNG PANJANG / PEPARU (TANAH RENDAH),F.A.Q,Kilogram,8.9,8.244445,
30855834,2026-08-17,2026-08-17 13:26:06.57627,NEGERI SEMBILAN,SEREMBAN,PASAR BESAR SEREMBAN - BAHAGIAN BORONG,Borong,20,Sayur-Sayuran,02,010,TERUNG PANJANG / PEPARU (TANAH RENDAH),F.A.Q,Kilogram,9.3,8.244445,
30855835,2026-08-17,2026-08-17 13:26:06.57627,NEGERI SEMBILAN,SEREMBAN,PASAR BESAR SEREMBAN - BAHAGIAN BORONG,Borong,20,Sayur-Sayuran,02,010,TERUNG PANJANG / PEPARU (TANAH RENDAH),F.A.Q,Kilogram,9,8.244445,
30855836,2026-08-17,2026-08-17 13:26:06.57627,NEGERI SEMBILAN,SEREMBAN,PASAR BESAR SEREMBAN - BAHAGIAN BORONG,Borong,20,Sayur-Sayuran,02,011,TIMUN HIJAU,F.A.Q,Kilogram,2.3,2.9851851,
30855837,2026-08-17,2026-08-17 13:26:06.57627,NEGERI SEMBILAN,SEREMBAN,PASAR BESAR SEREMBAN - BAHAGIAN BORONG,Borong,20,Sayur-Sayuran,02,011,TIMUN HIJAU,F.A.Q,Kilogram,2.7,2.9851851,
30855838,2026-08-17,2026-08-17 13:26:06.57627,NEGERI SEMBILAN,SEREMBAN,PASAR BESAR SEREMBAN - BAHAGIAN BORONG,Borong,20,Sayur-Sayuran,02,011,TIMUN HIJAU,F.A.Q,Kilogram,2.4,2.9851851,
30855839,2026-08-17,2026-08-17 13:26:06.57627,NEGERI SEMBILAN,SEREMBAN,PASAR BESAR SEREMBAN - BAHAGIAN BORONG,Borong,20,Sayur-Sayuran,02,012,TOMATO (TANAH TINGGI),F.A.Q,Kilogram,7.8,8.5,
30855840,2026-08-17,2026-08-17 13:26:06.57627,NEGERI SEMBILAN,SEREMBAN,PASAR BESAR SEREMBAN - BAHAGIAN BORONG,Borong,20,Sayur-Sayuran,02,012,TOMATO (TANAH TINGGI),F.A.Q,Kilogram,8.5,8.5,
30855841,2026-08-17,2026-08-17 13:26:06.57627,NEGERI SEMBILAN,SEREMBAN,PASAR BESAR SEREMBAN - BAHAGIAN BORONG,Borong,20,Sayur-Sayuran,02,012,TOMATO (TANAH TINGGI),F.A.Q,Kilogram,8.1,8.5,
30855842,2026-08-17,2026-08-17 13:26:20.244913,NEGERI SEMBILAN,SEREMBAN,PASAR BESAR SEREMBAN - BAHAGIAN RUNCIT,Runcit,26,Sayur-Sayuran,02,002,CILI MERAH MINYAK,F.A.Q,Kilogram,13.6,12.788889,
30855843,2026-08-17,2026-08-17 13:26:20.244913,NEGERI SEMBILAN,SEREMBAN,PASAR BESAR SEREMBAN - BAHAGIAN RUNCIT,Runcit,26,Sayur-Sayuran,02,002,CILI MERAH MINYAK,F.A.Q,Kilogram,14,12.788889,
30855844,2026-08-17,2026-08-17 13:26:20.244913,NEGERI SEMBILAN,SEREMBAN,PASAR BESAR SEREMBAN - BAHAGIAN RUNCIT,Runcit,26,Sayur-Sayuran,02,002,CILI MERAH MINYAK,F.A.Q,Kilogram,14.5,12.788889,
30855845,2026-08-17,2026-08-17 13:26:20.244913,NEGERI SEMBILAN,SEREMBAN,PASAR BESAR SEREMBAN - BAHAGIAN RUNCIT,Runcit,26,Sayur-Sayuran,04,002,KACANG BENDI,F.A.Q,Kilogram,7.5,7.4444447,
30855846,2026-08-17,2026-08-17 13:26:20.244913,NEGERI SEMBILAN,SEREMBAN,PASAR BESAR SEREMBAN - BAHAGIAN RUNCIT,Runcit,26,Sayur-Sayuran,04,002,KACANG BENDI,F.A.Q,Kilogram,8,7.4444447,
30855847,2026-08-17,2026-08-17 13:26:20.244913,NEGERI SEMBILAN,SEREMBAN,PASAR BESAR SEREMBAN - BAHAGIAN RUNCIT,Runcit,26,Sayur-Sayuran,04,002,KACANG BENDI,F.A.Q,Kilogram,8.5,7.4444447,
30855848,2026-08-17,2026-08-17 13:26:20.244913,NEGERI SEMBILAN,SEREMBAN,PASAR BESAR SEREMBAN - BAHAGIAN RUNCIT,Runcit,26,Sayur-Sayuran,04,007,KACANG PANJANG HIJAU,F.A.Q,Kilogram,7.5,7.914815,
30855849,2026-08-17,2026-08-17 13:26:20.244913,NEGERI SEMBILAN,SEREMBAN,PASAR BESAR SEREMBAN - BAHAGIAN RUNCIT,Runcit,26,Sayur-Sayuran,04,007,KACANG PANJANG HIJAU,F.A.Q,Kilogram,7,7.914815,
30855850,2026-08-17,2026-08-17 13:26:20.244913,NEGERI SEMBILAN,SEREMBAN,PASAR BESAR SEREMBAN - BAHAGIAN RUNCIT,Runcit,26,Sayur-Sayuran,04,007,KACANG PANJANG HIJAU,F.A.Q,Kilogram,8,7.914815,
30855851,2026-08-17,2026-08-17 13:26:20.244913,NEGERI SEMBILAN,SEREMBAN,PASAR BESAR SEREMBAN - BAHAGIAN RUNCIT,Runcit,26,Sayur-Sayuran,03,006,KUBIS BULAT (TANAH TINGGI),F.A.Q,Kilogram,5.5,5.4333334,
30855852,2026-08-17,2026-08-17 13:26:20.244913,NEGERI SEMBILAN,SEREMBAN,PASAR BESAR SEREMBAN - BAHAGIAN RUNCIT,Runcit,26,Sayur-Sayuran,03,006,KUBIS BULAT (TANAH TINGGI),F.A.Q,Kilogram,5.2,5.4333334,
30855853,2026-08-17,2026-08-17 13:26:20.244913,NEGERI SEMBILAN,SEREMBAN,PASAR BESAR SEREMBAN - BAHAGIAN RUNCIT,Runcit,26,Sayur-Sayuran,03,006,KUBIS BULAT (TANAH TINGGI),F.A.Q,Kilogram,5.8,5.4333334,
30855857,2026-08-17,2026-08-17 13:26:20.244913,NEGERI SEMBILAN,SEREMBAN,PASAR BESAR SEREMBAN - BAHAGIAN RUNCIT,Runcit,26,Sayur-Sayuran,02,010,TERUNG PANJANG / PEPARU (TANAH RENDAH),F.A.Q,Kilogram,10.5,9.933333,
30855858,2026-08-17,2026-08-17 13:26:20.244913,NEGERI SEMBILAN,SEREMBAN,PASAR BESAR SEREMBAN - BAHAGIAN RUNCIT,Runcit,26,Sayur-Sayuran,02,010,TERUNG PANJANG / PEPARU (TANAH RENDAH),F.A.Q,Kilogram,10.8,9.933333,
30855859,2026-08-17,2026-08-17 13:26:20.244913,NEGERI SEMBILAN,SEREMBAN,PASAR BESAR SEREMBAN - BAHAGIAN RUNCIT,Runcit,26,Sayur-Sayuran,02,010,TERUNG PANJANG / PEPARU (TANAH RENDAH),F.A.Q,Kilogram,11.3,9.933333,
30855860,2026-08-17,2026-08-17 13:26:20.244913,NEGERI SEMBILAN,SEREMBAN,PASAR BESAR SEREMBAN - BAHAGIAN RUNCIT,Runcit,26,Sayur-Sayuran,02,011,TIMUN HIJAU,F.A.Q,Kilogram,3,3.9333334,
30855861,2026-08-17,2026-08-17 13:26:20.244913,NEGERI SEMBILAN,SEREMBAN,PASAR BESAR SEREMBAN - BAHAGIAN RUNCIT,Runcit,26,Sayur-Sayuran,02,011,TIMUN HIJAU,F.A.Q,Kilogram,3.3,3.9333334,
30855862,2026-08-17,2026-08-17 13:26:20.244913,NEGERI SEMBILAN,SEREMBAN,PASAR BESAR SEREMBAN - BAHAGIAN RUNCIT,Runcit,26,Sayur-Sayuran,02,011,TIMUN HIJAU,F.A.Q,Kilogram,3.7,3.9333334,
30855863,2026-08-17,2026-08-17 13:26:20.244913,NEGERI SEMBILAN,SEREMBAN,PASAR BESAR SEREMBAN - BAHAGIAN RUNCIT,Runcit,26,Sayur-Sayuran,02,012,TOMATO (TANAH TINGGI),F.A.Q,Kilogram,9.3,10.3962965,
30855864,2026-08-17,2026-08-17 13:26:20.244913,NEGERI SEMBILAN,SEREMBAN,PASAR BESAR SEREMBAN - BAHAGIAN RUNCIT,Runcit,26,Sayur-Sayuran,02,012,TOMATO (TANAH TINGGI),F.A.Q,Kilogram,10,10.3962965,
30855865,2026-08-17,2026-08-17 13:26:20.244913,NEGERI SEMBILAN,SEREMBAN,PASAR BESAR SEREMBAN - BAHAGIAN RUNCIT,Runcit,26,Sayur-Sayuran,02,012,TOMATO (TANAH TINGGI),F.A.Q,Kilogram,10.5,10.3962965,
30855872,2026-08-17,2026-08-17 14:10:06.05905,SELANGOR,GOMBAK,[LOKASI KUTIPAN HARGA RUNCIT - OUTLET BUAH BERMUSIM] GREENWOOD,Runcit,41,Buah-Buahan,01,005,DURIAN DURI HITAM / OCHII (D200),F.A.Q,Kilogram,55,54,
30855873,2026-08-17,2026-08-17 14:10:06.05905,SELANGOR,GOMBAK,[LOKASI KUTIPAN HARGA RUNCIT - OUTLET BUAH BERMUSIM] GREENWOOD,Runcit,41,Buah-Buahan,01,005,DURIAN DURI HITAM / OCHII (D200),F.A.Q,Kilogram,45,54,
30855874,2026-08-17,2026-08-17 14:10:06.05905,SELANGOR,GOMBAK,[LOKASI KUTIPAN HARGA RUNCIT - OUTLET BUAH BERMUSIM] GREENWOOD,Runcit,41,Buah-Buahan,01,005,DURIAN KAMPUNG,F.A.Q,Kilogram,15,15,
30855875,2026-08-17,2026-08-17 14:10:06.05905,SELANGOR,GOMBAK,[LOKASI KUTIPAN HARGA RUNCIT - OUTLET BUAH BERMUSIM] GREENWOOD,Runcit,41,Buah-Buahan,01,005,DURIAN KLON / KAHWIN,F.A.Q,Kilogram,15,15,
30855876,2026-08-17,2026-08-17 14:10:06.05905,SELANGOR,GOMBAK,[LOKASI KUTIPAN HARGA RUNCIT - OUTLET BUAH BERMUSIM] GREENWOOD,Runcit,41,Buah-Buahan,01,005,DURIAN MUSANG KING / RAJA KUNYIT (D197),F.A.Q,Kilogram,55,50,
30855877,2026-08-17,2026-08-17 14:10:06.05905,SELANGOR,GOMBAK,[LOKASI KUTIPAN HARGA RUNCIT - OUTLET BUAH BERMUSIM] GREENWOOD,Runcit,41,Buah-Buahan,01,005,DURIAN MUSANG KING / RAJA KUNYIT (D197),F.A.Q,Kilogram,45,50,
30855878,2026-08-17,2026-08-17 14:10:06.05905,SELANGOR,GOMBAK,[LOKASI KUTIPAN HARGA RUNCIT - OUTLET BUAH BERMUSIM] GREENWOOD,Runcit,41,Buah-Buahan,01,005,DURIAN UDANG MERAH (D175),F.A.Q,Kilogram,38,35.5,
30855928,2026-08-17,2026-08-17 15:34:18.962157,NEGERI SEMBILAN,SEREMBAN,PASAR BESAR SEREMBAN - BAHAGIAN BORONG,Borong,20,Buah-Buahan,02,036,ANGGUR HIJAU TANPA BIJI,F.A.Q,Kilogram,26.5,26.4,
30855929,2026-08-17,2026-08-17 15:34:18.962157,NEGERI SEMBILAN,SEREMBAN,PASAR BESAR SEREMBAN - BAHAGIAN BORONG,Borong,20,Buah-Buahan,02,036,ANGGUR HIJAU TANPA BIJI,F.A.Q,Kilogram,25.8,26.4,
30855930,2026-08-17,2026-08-17 15:34:18.962157,NEGERI SEMBILAN,SEREMBAN,PASAR BESAR SEREMBAN - BAHAGIAN BORONG,Borong,20,Buah-Buahan,02,036,ANGGUR HIJAU TANPA BIJI,F.A.Q,Kilogram,26.2,26.4,
30855931,2026-08-17,2026-08-17 15:34:18.962157,NEGERI SEMBILAN,SEREMBAN,PASAR BESAR SEREMBAN - BAHAGIAN BORONG,Borong,20,Buah-Buahan,02,036,ANGGUR HITAM TANPA BIJI,F.A.Q,Kilogram,26.7,25.633333,
30855932,2026-08-17,2026-08-17 15:34:18.962157,NEGERI SEMBILAN,SEREMBAN,PASAR BESAR SEREMBAN - BAHAGIAN BORONG,Borong,20,Buah-Buahan,02,036,ANGGUR HITAM TANPA BIJI,F.A.Q,Kilogram,25.3,25.633333,
30855933,2026-08-17,2026-08-17 15:34:18.962157,NEGERI SEMBILAN,SEREMBAN,PASAR BESAR SEREMBAN - BAHAGIAN BORONG,Borong,20,Buah-Buahan,02,036,ANGGUR HITAM TANPA BIJI,F.A.Q,Kilogram,25.6,25.633333,
30855934,2026-08-17,2026-08-17 15:34:18.962157,NEGERI SEMBILAN,SEREMBAN,PASAR BESAR SEREMBAN - BAHAGIAN BORONG,Borong,20,Buah-Buahan,02,036,ANGGUR MERAH TANPA BIJI,F.A.Q,Kilogram,26.5,25.583334,
30855935,2026-08-17,2026-08-17 15:34:18.962157,NEGERI SEMBILAN,SEREMBAN,PASAR BESAR SEREMBAN - BAHAGIAN BORONG,Borong,20,Buah-Buahan,02,036,ANGGUR MERAH TANPA BIJI,F.A.Q,Kilogram,25,25.583334,
30855936,2026-08-17,2026-08-17 15:34:18.962157,NEGERI SEMBILAN,SEREMBAN,PASAR BESAR SEREMBAN - BAHAGIAN BORONG,Borong,20,Buah-Buahan,02,036,ANGGUR MERAH TANPA BIJI,F.A.Q,Kilogram,25.8,25.583334,
30855937,2026-08-17,2026-08-17 15:34:18.962157,NEGERI SEMBILAN,SEREMBAN,PASAR BESAR SEREMBAN - BAHAGIAN BORONG,Borong,20,Buah-Buahan,02,003,BELIMBING (B10),F.A.Q,Kilogram,5.3,4.866667,
30855938,2026-08-17,2026-08-17 15:34:18.962157,NEGERI SEMBILAN,SEREMBAN,PASAR BESAR SEREMBAN - BAHAGIAN BORONG,Borong,20,Buah-Buahan,02,003,BELIMBING (B10),F.A.Q,Kilogram,4.5,4.866667,
30855939,2026-08-17,2026-08-17 15:34:18.962157,NEGERI SEMBILAN,SEREMBAN,PASAR BESAR SEREMBAN - BAHAGIAN BORONG,Borong,20,Buah-Buahan,02,003,BELIMBING (B10),F.A.Q,Kilogram,4.8,4.866667,
30855940,2026-08-17,2026-08-17 15:34:18.962157,NEGERI SEMBILAN,SEREMBAN,PASAR BESAR SEREMBAN - BAHAGIAN BORONG,Borong,20,Buah-Buahan,02,044,BUAH NAGA/PITAYA ISI MERAH,F.A.Q,Kilogram,6.5,6.233333,
30855941,2026-08-17,2026-08-17 15:34:18.962157,NEGERI SEMBILAN,SEREMBAN,PASAR BESAR SEREMBAN - BAHAGIAN BORONG,Borong,20,Buah-Buahan,02,044,BUAH NAGA/PITAYA ISI MERAH,F.A.Q,Kilogram,5.7,6.233333,
30855942,2026-08-17,2026-08-17 15:34:18.962157,NEGERI SEMBILAN,SEREMBAN,PASAR BESAR SEREMBAN - BAHAGIAN BORONG,Borong,20,Buah-Buahan,02,044,BUAH NAGA/PITAYA ISI MERAH,F.A.Q,Kilogram,6,6.233333,
30855943,2026-08-17,2026-08-17 15:34:18.962157,NEGERI SEMBILAN,SEREMBAN,PASAR BESAR SEREMBAN - BAHAGIAN BORONG,Borong,20,Buah-Buahan,01,003,CEMPEDAK KLON,F.A.Q,Kilogram,4.3,4.375,
30855944,2026-08-17,2026-08-17 15:34:18.962157,NEGERI SEMBILAN,SEREMBAN,PASAR BESAR SEREMBAN - BAHAGIAN BORONG,Borong,20,Buah-Buahan,01,003,CEMPEDAK KLON,F.A.Q,Kilogram,4.6,4.375,
30855945,2026-08-17,2026-08-17 15:34:18.962157,NEGERI SEMBILAN,SEREMBAN,PASAR BESAR SEREMBAN - BAHAGIAN BORONG,Borong,20,Buah-Buahan,02,034,TEMBIKAI KUNING,F.A.Q,Kilogram,2.2,2.0333333,
30855946,2026-08-17,2026-08-17 15:34:18.962157,NEGERI SEMBILAN,SEREMBAN,PASAR BESAR SEREMBAN - BAHAGIAN BORONG,Borong,20,Buah-Buahan,02,034,TEMBIKAI KUNING,F.A.Q,Kilogram,1.9,2.0333333,
30855947,2026-08-17,2026-08-17 15:34:18.962157,NEGERI SEMBILAN,SEREMBAN,PASAR BESAR SEREMBAN - BAHAGIAN BORONG,Borong,20,Buah-Buahan,02,034,TEMBIKAI KUNING,F.A.Q,Kilogram,2,2.0333333,
30855948,2026-08-17,2026-08-17 15:34:18.962157,NEGERI SEMBILAN,SEREMBAN,PASAR BESAR SEREMBAN - BAHAGIAN BORONG,Borong,20,Buah-Buahan,02,034,TEMBIKAI MERAH,F.A.Q,Kilogram,2.9,2.5333333,
30855949,2026-08-17,2026-08-17 15:34:18.962157,NEGERI SEMBILAN,SEREMBAN,PASAR BESAR SEREMBAN - BAHAGIAN BORONG,Borong,20,Buah-Buahan,02,034,TEMBIKAI MERAH,F.A.Q,Kilogram,2.3,2.5333333,
30855950,2026-08-17,2026-08-17 15:34:18.962157,NEGERI SEMBILAN,SEREMBAN,PASAR BESAR SEREMBAN - BAHAGIAN BORONG,Borong,20,Buah-Buahan,02,034,TEMBIKAI MERAH,F.A.Q,Kilogram,2.5,2.5333333,
30855951,2026-08-17,2026-08-17 15:34:18.962157,NEGERI SEMBILAN,SEREMBAN,PASAR BESAR SEREMBAN - BAHAGIAN BORONG,Borong,20,Buah-Buahan,02,034,TEMBIKAI WANGI / HONEY DEW,F.A.Q,Kilogram,4.7,4.4333334,
30855952,2026-08-17,2026-08-17 15:34:18.962157,NEGERI SEMBILAN,SEREMBAN,PASAR BESAR SEREMBAN - BAHAGIAN BORONG,Borong,20,Buah-Buahan,02,034,TEMBIKAI WANGI / HONEY DEW,F.A.Q,Kilogram,4.2,4.4333334,
30855953,2026-08-17,2026-08-17 15:34:18.962157,NEGERI SEMBILAN,SEREMBAN,PASAR BESAR SEREMBAN - BAHAGIAN BORONG,Borong,20,Buah-Buahan,02,034,TEMBIKAI WANGI / HONEY DEW,F.A.Q,Kilogram,4.5,4.4333334,
30855954,2026-08-17,2026-08-17 15:34:22.174418,NEGERI SEMBILAN,SEREMBAN,PASAR BESAR SEREMBAN - BAHAGIAN RUNCIT,Runcit,26,Buah-Buahan,02,036,ANGGUR HIJAU TANPA BIJI,F.A.Q,Kilogram,29.4,29.316668,
30855955,2026-08-17,2026-08-17 15:34:22.174418,NEGERI SEMBILAN,SEREMBAN,PASAR BESAR SEREMBAN - BAHAGIAN RUNCIT,Runcit,26,Buah-Buahan,02,036,ANGGUR HIJAU TANPA BIJI,F.A.Q,Kilogram,30,29.316668,
30855956,2026-08-17,2026-08-17 15:34:22.174418,NEGERI SEMBILAN,SEREMBAN,PASAR BESAR SEREMBAN - BAHAGIAN RUNCIT,Runcit,26,Buah-Buahan,02,036,ANGGUR HIJAU TANPA BIJI,F.A.Q,Kilogram,28.6,29.316668,
30855957,2026-08-17,2026-08-17 15:34:22.174418,NEGERI SEMBILAN,SEREMBAN,PASAR BESAR SEREMBAN - BAHAGIAN RUNCIT,Runcit,26,Buah-Buahan,02,036,ANGGUR HITAM TANPA BIJI,F.A.Q,Kilogram,28,28.416666,
30855958,2026-08-17,2026-08-17 15:34:22.174418,NEGERI SEMBILAN,SEREMBAN,PASAR BESAR SEREMBAN - BAHAGIAN RUNCIT,Runcit,26,Buah-Buahan,02,036,ANGGUR HITAM TANPA BIJI,F.A.Q,Kilogram,29.6,28.416666,
30855959,2026-08-17,2026-08-17 15:34:22.174418,NEGERI SEMBILAN,SEREMBAN,PASAR BESAR SEREMBAN - BAHAGIAN RUNCIT,Runcit,26,Buah-Buahan,02,036,ANGGUR HITAM TANPA BIJI,F.A.Q,Kilogram,28.4,28.416666,
30855960,2026-08-17,2026-08-17 15:34:22.174418,NEGERI SEMBILAN,SEREMBAN,PASAR BESAR SEREMBAN - BAHAGIAN RUNCIT,Runcit,26,Buah-Buahan,02,036,ANGGUR MERAH TANPA BIJI,F.A.Q,Kilogram,28.3,28.05,
30855961,2026-08-17,2026-08-17 15:34:22.174418,NEGERI SEMBILAN,SEREMBAN,PASAR BESAR SEREMBAN - BAHAGIAN RUNCIT,Runcit,26,Buah-Buahan,02,036,ANGGUR MERAH TANPA BIJI,F.A.Q,Kilogram,29,28.05,
30855962,2026-08-17,2026-08-17 15:34:22.174418,NEGERI SEMBILAN,SEREMBAN,PASAR BESAR SEREMBAN - BAHAGIAN RUNCIT,Runcit,26,Buah-Buahan,02,036,ANGGUR MERAH TANPA BIJI,F.A.Q,Kilogram,27.7,28.05,
30855963,2026-08-17,2026-08-17 15:34:22.174418,NEGERI SEMBILAN,SEREMBAN,PASAR BESAR SEREMBAN - BAHAGIAN RUNCIT,Runcit,26,Buah-Buahan,02,003,BELIMBING (B10),F.A.Q,Kilogram,6,6.5,
30855964,2026-08-17,2026-08-17 15:34:22.174418,NEGERI SEMBILAN,SEREMBAN,PASAR BESAR SEREMBAN - BAHAGIAN RUNCIT,Runcit,26,Buah-Buahan,02,003,BELIMBING (B10),F.A.Q,Kilogram,7,6.5,
30855965,2026-08-17,2026-08-17 15:34:22.174418,NEGERI SEMBILAN,SEREMBAN,PASAR BESAR SEREMBAN - BAHAGIAN RUNCIT,Runcit,26,Buah-Buahan,02,003,BELIMBING (B10),F.A.Q,Kilogram,6.5,6.5,
30855966,2026-08-17,2026-08-17 15:34:22.174418,NEGERI SEMBILAN,SEREMBAN,PASAR BESAR SEREMBAN - BAHAGIAN RUNCIT,Runcit,26,Buah-Buahan,02,044,BUAH NAGA/PITAYA ISI MERAH,F.A.Q,Kilogram,7,7.5,
30855967,2026-08-17,2026-08-17 15:34:22.174418,NEGERI SEMBILAN,SEREMBAN,PASAR BESAR SEREMBAN - BAHAGIAN RUNCIT,Runcit,26,Buah-Buahan,02,044,BUAH NAGA/PITAYA ISI MERAH,F.A.Q,Kilogram,8,7.5,
30855968,2026-08-17,2026-08-17 15:34:22.174418,NEGERI SEMBILAN,SEREMBAN,PASAR BESAR SEREMBAN - BAHAGIAN RUNCIT,Runcit,26,Buah-Buahan,02,044,BUAH NAGA/PITAYA ISI MERAH,F.A.Q,Kilogram,7.5,7.5,
30855969,2026-08-17,2026-08-17 15:34:22.174418,NEGERI SEMBILAN,SEREMBAN,PASAR BESAR SEREMBAN - BAHAGIAN RUNCIT,Runcit,26,Buah-Buahan,01,003,CEMPEDAK KLON,F.A.Q,Kilogram,6.4,5.9,
30855970,2026-08-17,2026-08-17 15:34:22.174418,NEGERI SEMBILAN,SEREMBAN,PASAR BESAR SEREMBAN - BAHAGIAN RUNCIT,Runcit,26,Buah-Buahan,01,003,CEMPEDAK KLON,F.A.Q,Kilogram,5.6,5.9,
30855971,2026-08-17,2026-08-17 15:34:22.174418,NEGERI SEMBILAN,SEREMBAN,PASAR BESAR SEREMBAN - BAHAGIAN RUNCIT,Runcit,26,Buah-Buahan,02,034,TEMBIKAI KUNING,F.A.Q,Kilogram,2.9,2.9,
30855972,2026-08-17,2026-08-17 15:34:22.174418,NEGERI SEMBILAN,SEREMBAN,PASAR BESAR SEREMBAN - BAHAGIAN RUNCIT,Runcit,26,Buah-Buahan,02,034,TEMBIKAI KUNING,F.A.Q,Kilogram,3.2,2.9,
30855973,2026-08-17,2026-08-17 15:34:22.174418,NEGERI SEMBILAN,SEREMBAN,PASAR BESAR SEREMBAN - BAHAGIAN RUNCIT,Runcit,26,Buah-Buahan,02,034,TEMBIKAI KUNING,F.A.Q,Kilogram,3,2.9,
30855974,2026-08-17,2026-08-17 15:34:22.174418,NEGERI SEMBILAN,SEREMBAN,PASAR BESAR SEREMBAN - BAHAGIAN RUNCIT,Runcit,26,Buah-Buahan,02,034,TEMBIKAI MERAH,F.A.Q,Kilogram,4,4,
30855975,2026-08-17,2026-08-17 15:34:22.174418,NEGERI SEMBILAN,SEREMBAN,PASAR BESAR SEREMBAN - BAHAGIAN RUNCIT,Runcit,26,Buah-Buahan,02,034,TEMBIKAI MERAH,F.A.Q,Kilogram,4.4,4,
30855976,2026-08-17,2026-08-17 15:34:22.174418,NEGERI SEMBILAN,SEREMBAN,PASAR BESAR SEREMBAN - BAHAGIAN RUNCIT,Runcit,26,Buah-Buahan,02,034,TEMBIKAI MERAH,F.A.Q,Kilogram,4.2,4,
30855977,2026-08-17,2026-08-17 15:34:22.174418,NEGERI SEMBILAN,SEREMBAN,PASAR BESAR SEREMBAN - BAHAGIAN RUNCIT,Runcit,26,Buah-Buahan,02,034,TEMBIKAI WANGI / HONEY DEW,F.A.Q,Kilogram,6,6.266667,
30855978,2026-08-17,2026-08-17 15:34:22.174418,NEGERI SEMBILAN,SEREMBAN,PASAR BESAR SEREMBAN - BAHAGIAN RUNCIT,Runcit,26,Buah-Buahan,02,034,TEMBIKAI WANGI / HONEY DEW,F.A.Q,Kilogram,6.7,6.266667,
30855979,2026-08-17,2026-08-17 15:34:22.174418,NEGERI SEMBILAN,SEREMBAN,PASAR BESAR SEREMBAN - BAHAGIAN RUNCIT,Runcit,26,Buah-Buahan,02,034,TEMBIKAI WANGI / HONEY DEW,F.A.Q,Kilogram,6.4,6.266667,
30855980,2026-08-17,2026-08-17 15:46:26.415882,SABAH,KOTA MARUDU,[LOKASI KUTIPAN HARGA LADANG] ONGKILAN,Ladang,,Buah-Buahan,02,023,NANAS MD2 (AC9),F.A.Q,Kilogram,3,2.64,
30855981,2026-08-17,2026-08-17 15:46:26.415882,SABAH,KOTA MARUDU,[LOKASI KUTIPAN HARGA LADANG] ONGKILAN,Ladang,,Buah-Buahan,02,034,TEMBIKAI MERAH,F.A.Q,Kilogram,2.5,1,
30855982,2026-08-17,2026-08-17 15:50:13.46257,NEGERI SEMBILAN,SEREMBAN,PASAR BESAR SEREMBAN - BAHAGIAN RUNCIT,Runcit,26,Buah-Buahan,02,037,EPAL HIJAU,SEDANG,Biji,1.2,1.3833333,
30855983,2026-08-17,2026-08-17 15:50:13.46257,NEGERI SEMBILAN,SEREMBAN,PASAR BESAR SEREMBAN - BAHAGIAN RUNCIT,Runcit,26,Buah-Buahan,02,037,EPAL HIJAU,SEDANG,Biji,1.5,1.3833333,
30855984,2026-08-17,2026-08-17 15:50:13.46257,NEGERI SEMBILAN,SEREMBAN,PASAR BESAR SEREMBAN - BAHAGIAN RUNCIT,Runcit,26,Buah-Buahan,02,037,EPAL HIJAU,SEDANG,Biji,1.3,1.3833333,
30855985,2026-08-17,2026-08-17 15:50:13.46257,NEGERI SEMBILAN,SEREMBAN,PASAR BESAR SEREMBAN - BAHAGIAN RUNCIT,Runcit,26,Buah-Buahan,02,037,EPAL MERAH (FUJI),SEDANG,Biji,1.7,1.9,
30855986,2026-08-17,2026-08-17 15:50:13.46257,NEGERI SEMBILAN,SEREMBAN,PASAR BESAR SEREMBAN - BAHAGIAN RUNCIT,Runcit,26,Buah-Buahan,02,037,EPAL MERAH (FUJI),SEDANG,Biji,2,1.9,
30855987,2026-08-17,2026-08-17 15:50:13.46257,NEGERI SEMBILAN,SEREMBAN,PASAR BESAR SEREMBAN - BAHAGIAN RUNCIT,Runcit,26,Buah-Buahan,02,037,EPAL MERAH (FUJI),SEDANG,Biji,1.8,1.9,
30855988,2026-08-17,2026-08-17 15:50:13.46257,NEGERI SEMBILAN,SEREMBAN,PASAR BESAR SEREMBAN - BAHAGIAN RUNCIT,Runcit,26,Buah-Buahan,02,012,JAMBU BATU,F.A.Q,Kilogram,4.5,5.05,
30855989,2026-08-17,2026-08-17 15:50:13.46257,NEGERI SEMBILAN,SEREMBAN,PASAR BESAR SEREMBAN - BAHAGIAN RUNCIT,Runcit,26,Buah-Buahan,02,012,JAMBU BATU,F.A.Q,Kilogram,5.5,5.05,
30855990,2026-08-17,2026-08-17 15:50:13.46257,NEGERI SEMBILAN,SEREMBAN,PASAR BESAR SEREMBAN - BAHAGIAN RUNCIT,Runcit,26,Buah-Buahan,02,012,JAMBU BATU,F.A.Q,Kilogram,5,5.05,
30855991,2026-08-17,2026-08-17 15:50:13.46257,NEGERI SEMBILAN,SEREMBAN,PASAR BESAR SEREMBAN - BAHAGIAN RUNCIT,Runcit,26,Buah-Buahan,02,012,JAMBU BATU TANPA BIJI,F.A.Q,Kilogram,7,7.2166667,
30855992,2026-08-17,2026-08-17 15:50:13.46257,NEGERI SEMBILAN,SEREMBAN,PASAR BESAR SEREMBAN - BAHAGIAN RUNCIT,Runcit,26,Buah-Buahan,02,012,JAMBU BATU TANPA BIJI,F.A.Q,Kilogram,7.7,7.2166667,
30855993,2026-08-17,2026-08-17 15:50:13.46257,NEGERI SEMBILAN,SEREMBAN,PASAR BESAR SEREMBAN - BAHAGIAN RUNCIT,Runcit,26,Buah-Buahan,02,012,JAMBU BATU TANPA BIJI,F.A.Q,Kilogram,7.3,7.2166667,
30855994,2026-08-17,2026-08-17 15:50:13.46257,NEGERI SEMBILAN,SEREMBAN,PASAR BESAR SEREMBAN - BAHAGIAN RUNCIT,Runcit,26,Buah-Buahan,02,041,LAI KUNING,F.A.Q,Biji,1.8,1.9666667,
30855995,2026-08-17,2026-08-17 15:50:13.46257,NEGERI SEMBILAN,SEREMBAN,PASAR BESAR SEREMBAN - BAHAGIAN RUNCIT,Runcit,26,Buah-Buahan,02,041,LAI KUNING,F.A.Q,Biji,2.2,1.9666667,
30855996,2026-08-17,2026-08-17 15:50:13.46257,NEGERI SEMBILAN,SEREMBAN,PASAR BESAR SEREMBAN - BAHAGIAN RUNCIT,Runcit,26,Buah-Buahan,02,041,LAI KUNING,F.A.Q,Biji,2,1.9666667,
30855997,2026-08-17,2026-08-17 15:50:13.46257,NEGERI SEMBILAN,SEREMBAN,PASAR BESAR SEREMBAN - BAHAGIAN RUNCIT,Runcit,26,Buah-Buahan,02,045,LIMAU OREN VALENCIA,SEDANG,Biji,1.7,1.8833333,
30855998,2026-08-17,2026-08-17 15:50:13.46257,NEGERI SEMBILAN,SEREMBAN,PASAR BESAR SEREMBAN - BAHAGIAN RUNCIT,Runcit,26,Buah-Buahan,02,045,LIMAU OREN VALENCIA,SEDANG,Biji,2.1,1.8833333,
30855999,2026-08-17,2026-08-17 15:50:13.46257,NEGERI SEMBILAN,SEREMBAN,PASAR BESAR SEREMBAN - BAHAGIAN RUNCIT,Runcit,26,Buah-Buahan,02,045,LIMAU OREN VALENCIA,SEDANG,Biji,1.9,1.8833333,
30856000,2026-08-17,2026-08-17 15:50:13.46257,NEGERI SEMBILAN,SEREMBAN,PASAR BESAR SEREMBAN - BAHAGIAN RUNCIT,Runcit,26,Buah-Buahan,02,018,MANGGA CHOKANAN (THAILAND),F.A.Q,Kilogram,5.8,6,
30856001,2026-08-17,2026-08-17 15:50:13.46257,NEGERI SEMBILAN,SEREMBAN,PASAR BESAR SEREMBAN - BAHAGIAN RUNCIT,Runcit,26,Buah-Buahan,02,018,MANGGA CHOKANAN (THAILAND),F.A.Q,Kilogram,6.7,6,
30856002,2026-08-17,2026-08-17 15:50:13.46257,NEGERI SEMBILAN,SEREMBAN,PASAR BESAR SEREMBAN - BAHAGIAN RUNCIT,Runcit,26,Buah-Buahan,02,018,MANGGA CHOKANAN (THAILAND),F.A.Q,Kilogram,6,6,
30856003,2026-08-17,2026-08-17 15:50:22.255843,NEGERI SEMBILAN,SEREMBAN,PASAR BESAR SEREMBAN - BAHAGIAN BORONG,Borong,20,Buah-Buahan,02,037,EPAL HIJAU,SEDANG,Biji,1.2,1.1333333,
30856004,2026-08-17,2026-08-17 15:50:22.255843,NEGERI SEMBILAN,SEREMBAN,PASAR BESAR SEREMBAN - BAHAGIAN BORONG,Borong,20,Buah-Buahan,02,037,EPAL HIJAU,SEDANG,Biji,1,1.1333333,
30856005,2026-08-17,2026-08-17 15:50:22.255843,NEGERI SEMBILAN,SEREMBAN,PASAR BESAR SEREMBAN - BAHAGIAN BORONG,Borong,20,Buah-Buahan,02,037,EPAL HIJAU,SEDANG,Biji,1,1.1333333,
30856006,2026-08-17,2026-08-17 15:50:22.255843,NEGERI SEMBILAN,SEREMBAN,PASAR BESAR SEREMBAN - BAHAGIAN BORONG,Borong,20,Buah-Buahan,02,037,EPAL MERAH (FUJI),SEDANG,Biji,1.5,1.45,
30856007,2026-08-17,2026-08-17 15:50:22.255843,NEGERI SEMBILAN,SEREMBAN,PASAR BESAR SEREMBAN - BAHAGIAN BORONG,Borong,20,Buah-Buahan,02,037,EPAL MERAH (FUJI),SEDANG,Biji,1.3,1.45,
30856008,2026-08-17,2026-08-17 15:50:22.255843,NEGERI SEMBILAN,SEREMBAN,PASAR BESAR SEREMBAN - BAHAGIAN BORONG,Borong,20,Buah-Buahan,02,037,EPAL MERAH (FUJI),SEDANG,Biji,1.4,1.45,
30856009,2026-08-17,2026-08-17 15:50:22.255843,NEGERI SEMBILAN,SEREMBAN,PASAR BESAR SEREMBAN - BAHAGIAN BORONG,Borong,20,Buah-Buahan,02,012,JAMBU BATU,F.A.Q,Kilogram,4.1,3.95,
30856010,2026-08-17,2026-08-17 15:50:22.255843,NEGERI SEMBILAN,SEREMBAN,PASAR BESAR SEREMBAN - BAHAGIAN BORONG,Borong,20,Buah-Buahan,02,012,JAMBU BATU,F.A.Q,Kilogram,3.7,3.95,
30856011,2026-08-17,2026-08-17 15:50:22.255843,NEGERI SEMBILAN,SEREMBAN,PASAR BESAR SEREMBAN - BAHAGIAN BORONG,Borong,20,Buah-Buahan,02,012,JAMBU BATU,F.A.Q,Kilogram,4,3.95,
30856012,2026-08-17,2026-08-17 15:50:22.255843,NEGERI SEMBILAN,SEREMBAN,PASAR BESAR SEREMBAN - BAHAGIAN BORONG,Borong,20,Buah-Buahan,02,012,JAMBU BATU TANPA BIJI,F.A.Q,Kilogram,6,5.5333333,
30856013,2026-08-17,2026-08-17 15:50:22.255843,NEGERI SEMBILAN,SEREMBAN,PASAR BESAR SEREMBAN - BAHAGIAN BORONG,Borong,20,Buah-Buahan,02,012,JAMBU BATU TANPA BIJI,F.A.Q,Kilogram,4.8,5.5333333,
30856014,2026-08-17,2026-08-17 15:50:22.255843,NEGERI SEMBILAN,SEREMBAN,PASAR BESAR SEREMBAN - BAHAGIAN BORONG,Borong,20,Buah-Buahan,02,012,JAMBU BATU TANPA BIJI,F.A.Q,Kilogram,5.5,5.5333333,
30856015,2026-08-17,2026-08-17 15:50:22.255843,NEGERI SEMBILAN,SEREMBAN,PASAR BESAR SEREMBAN - BAHAGIAN BORONG,Borong,20,Buah-Buahan,02,041,LAI KUNING,F.A.Q,Biji,1.7,1.6333333,
30856016,2026-08-17,2026-08-17 15:50:22.255843,NEGERI SEMBILAN,SEREMBAN,PASAR BESAR SEREMBAN - BAHAGIAN BORONG,Borong,20,Buah-Buahan,02,041,LAI KUNING,F.A.Q,Biji,1.5,1.6333333,
30856017,2026-08-17,2026-08-17 15:50:22.255843,NEGERI SEMBILAN,SEREMBAN,PASAR BESAR SEREMBAN - BAHAGIAN BORONG,Borong,20,Buah-Buahan,02,041,LAI KUNING,F.A.Q,Biji,1.6,1.6333333,
30856018,2026-08-17,2026-08-17 15:50:22.255843,NEGERI SEMBILAN,SEREMBAN,PASAR BESAR SEREMBAN - BAHAGIAN BORONG,Borong,20,Buah-Buahan,02,045,LIMAU OREN VALENCIA,SEDANG,Biji,1.5,1.4,
30856019,2026-08-17,2026-08-17 15:50:22.255843,NEGERI SEMBILAN,SEREMBAN,PASAR BESAR SEREMBAN - BAHAGIAN BORONG,Borong,20,Buah-Buahan,02,045,LIMAU OREN VALENCIA,SEDANG,Biji,1.2,1.4,
30856020,2026-08-17,2026-08-17 15:50:22.255843,NEGERI SEMBILAN,SEREMBAN,PASAR BESAR SEREMBAN - BAHAGIAN BORONG,Borong,20,Buah-Buahan,02,045,LIMAU OREN VALENCIA,SEDANG,Biji,1.4,1.4,
30856021,2026-08-17,2026-08-17 15:50:22.255843,NEGERI SEMBILAN,SEREMBAN,PASAR BESAR SEREMBAN - BAHAGIAN BORONG,Borong,20,Buah-Buahan,02,018,MANGGA CHOKANAN (THAILAND),F.A.Q,Kilogram,4.4,3.8,
30856022,2026-08-17,2026-08-17 15:50:22.255843,NEGERI SEMBILAN,SEREMBAN,PASAR BESAR SEREMBAN - BAHAGIAN BORONG,Borong,20,Buah-Buahan,02,018,MANGGA CHOKANAN (THAILAND),F.A.Q,Kilogram,3.9,3.8,
30856023,2026-08-17,2026-08-17 15:50:22.255843,NEGERI SEMBILAN,SEREMBAN,PASAR BESAR SEREMBAN - BAHAGIAN BORONG,Borong,20,Buah-Buahan,02,018,MANGGA CHOKANAN (THAILAND),F.A.Q,Kilogram,4.1,3.8,
30856024,2026-08-17,2026-08-17 16:26:29.226268,SABAH,PENAMPANG,PASAR BORONG PENAMPANG,Borong,20,Buah-Buahan,02,036,ANGGUR HIJAU TANPA BIJI,F.A.Q,Kilogram,22,19.62,
30856025,2026-08-17,2026-08-17 16:26:29.226268,SABAH,PENAMPANG,PASAR BORONG PENAMPANG,Borong,20,Buah-Buahan,02,036,ANGGUR HITAM TANPA BIJI,F.A.Q,Kilogram,25,19.09,
30856026,2026-08-17,2026-08-17 16:26:29.226268,SABAH,PENAMPANG,PASAR BORONG PENAMPANG,Borong,20,Buah-Buahan,02,036,ANGGUR MERAH TANPA BIJI,F.A.Q,Kilogram,23,19.41,
30856027,2026-08-17,2026-08-17 16:26:29.226268,SABAH,PENAMPANG,PASAR BORONG PENAMPANG,Borong,20,Buah-Buahan,02,050,AVOCADO,SEDANG,Kilogram,10,14,
30856028,2026-08-17,2026-08-17 16:26:29.226268,SABAH,PENAMPANG,PASAR BORONG PENAMPANG,Borong,20,Buah-Buahan,02,044,BUAH NAGA/PITAYA ISI MERAH,F.A.Q,Kilogram,10,8.69,
30856029,2026-08-17,2026-08-17 16:26:29.226268,SABAH,PENAMPANG,PASAR BORONG PENAMPANG,Borong,20,Buah-Buahan,01,003,CEMPEDAK KAMPUNG,F.A.Q,Kilogram,4.7,6.22,
30856030,2026-08-17,2026-08-17 16:26:29.226268,SABAH,PENAMPANG,PASAR BORONG PENAMPANG,Borong,20,Buah-Buahan,02,009,DURIAN BELANDA,F.A.Q,Kilogram,7,9.82,
30856031,2026-08-17,2026-08-17 16:26:29.226268,SABAH,PENAMPANG,PASAR BORONG PENAMPANG,Borong,20,Buah-Buahan,01,005,DURIAN D24 (D24),F.A.Q,Kilogram,15,15.67,
30856032,2026-08-17,2026-08-17 16:26:29.226268,SABAH,PENAMPANG,PASAR BORONG PENAMPANG,Borong,20,Buah-Buahan,01,005,DURIAN KAMPUNG,F.A.Q,Kilogram,10,7,
30856033,2026-08-17,2026-08-17 16:26:29.226268,SABAH,PENAMPANG,PASAR BORONG PENAMPANG,Borong,20,Buah-Buahan,01,005,DURIAN KLON / KAHWIN,F.A.Q,Kilogram,25,15,
30856034,2026-08-17,2026-08-17 16:26:29.226268,SABAH,PENAMPANG,PASAR BORONG PENAMPANG,Borong,20,Buah-Buahan,01,005,DURIAN MUSANG QUEEN / TEKKA (D160),F.A.Q,Kilogram,25,29.25,
30856035,2026-08-17,2026-08-17 16:26:29.226268,SABAH,PENAMPANG,PASAR BORONG PENAMPANG,Borong,20,Buah-Buahan,02,037,EPAL HIJAU,SEDANG,Biji,1.2,0.87,
30856036,2026-08-17,2026-08-17 16:26:29.226268,SABAH,PENAMPANG,PASAR BORONG PENAMPANG,Borong,20,Buah-Buahan,02,037,EPAL MERAH (FUJI),SEDANG,Biji,1.2,1.01,
30856037,2026-08-17,2026-08-17 16:26:29.226268,SABAH,PENAMPANG,PASAR BORONG PENAMPANG,Borong,20,Buah-Buahan,02,041,LAI KUNING,F.A.Q,Biji,2,1.33,
30856038,2026-08-17,2026-08-17 16:26:29.226268,SABAH,PENAMPANG,PASAR BORONG PENAMPANG,Borong,20,Buah-Buahan,02,015,LIMAU BALI / PAMELO,F.A.Q,Kilogram,5,8.09,
30856039,2026-08-17,2026-08-17 16:26:29.226268,SABAH,PENAMPANG,PASAR BORONG PENAMPANG,Borong,20,Buah-Buahan,02,018,MANGGA LEMAK MANIS (THAILAND),F.A.Q,Kilogram,10,4.71,
30856040,2026-08-17,2026-08-17 16:26:29.226268,SABAH,PENAMPANG,PASAR BORONG PENAMPANG,Borong,20,Buah-Buahan,02,018,MANGGA SUSU (THAILAND),F.A.Q,Kilogram,10,4.78,
30856041,2026-08-17,2026-08-17 16:26:29.226268,SABAH,PENAMPANG,PASAR BORONG PENAMPANG,Borong,20,Buah-Buahan,01,011,MANGGIS,F.A.Q,Kilogram,10,9,
30856042,2026-08-17,2026-08-17 16:26:29.226268,SABAH,PENAMPANG,PASAR BORONG PENAMPANG,Borong,20,Buah-Buahan,01,020,MATA KUCING / LONGAN,F.A.Q,Kilogram,10,8.27,
30856043,2026-08-17,2026-08-17 16:26:29.226268,SABAH,PENAMPANG,PASAR BORONG PENAMPANG,Borong,20,Buah-Buahan,02,023,NANAS MD2 (AC9),F.A.Q,Kilogram,4,3.35,
30856044,2026-08-17,2026-08-17 16:26:29.226268,SABAH,PENAMPANG,PASAR BORONG PENAMPANG,Borong,20,Buah-Buahan,02,023,NANAS MORIS (AC1),SEDANG,Kilogram,3.5,2.84,
30856045,2026-08-17,2026-08-17 16:26:29.226268,SABAH,PENAMPANG,PASAR BORONG PENAMPANG,Borong,20,Buah-Buahan,02,024,NANGKA KLON / KAHWIN,F.A.Q,Kilogram,5,3.63,
30856046,2026-08-17,2026-08-17 16:26:29.226268,SABAH,PENAMPANG,PASAR BORONG PENAMPANG,Borong,20,Buah-Buahan,02,028,PISANG AWAK (MP1),F.A.Q,Kilogram,3,3.15,
30856047,2026-08-17,2026-08-17 16:26:29.226268,SABAH,PENAMPANG,PASAR BORONG PENAMPANG,Borong,20,Buah-Buahan,02,028,PISANG CAVENDISH (MP14),F.A.Q,Kilogram,4,3.73,
30856048,2026-08-17,2026-08-17 16:26:29.226268,SABAH,PENAMPANG,PASAR BORONG PENAMPANG,Borong,20,Buah-Buahan,02,028,PISANG EMBUN (MP7),F.A.Q,Kilogram,3.5,3.25,
30856049,2026-08-17,2026-08-17 16:26:29.226268,SABAH,PENAMPANG,PASAR BORONG PENAMPANG,Borong,20,Buah-Buahan,02,028,PISANG NIPAH (MP5) / ABU (MP6) / SABAH / KAPOK,F.A.Q,Kilogram,2.5,2.94,
30856050,2026-08-17,2026-08-17 16:26:29.226268,SABAH,PENAMPANG,PASAR BORONG PENAMPANG,Borong,20,Buah-Buahan,02,028,PISANG RASTALI (MP9),F.A.Q,Kilogram,3,3.58,
30856051,2026-08-17,2026-08-17 16:26:29.226268,SABAH,PENAMPANG,PASAR BORONG PENAMPANG,Borong,20,Buah-Buahan,01,014,RAMBUTAN MERAH,F.A.Q,Kilogram,10,10,
30856052,2026-08-17,2026-08-17 16:26:29.226268,SABAH,PENAMPANG,PASAR BORONG PENAMPANG,Borong,20,Buah-Buahan,02,034,TEMBIKAI KUNING,F.A.Q,Kilogram,3.5,3.06,
30856053,2026-08-17,2026-08-17 16:26:29.226268,SABAH,PENAMPANG,PASAR BORONG PENAMPANG,Borong,20,Buah-Buahan,02,034,TEMBIKAI MERAH,F.A.Q,Kilogram,3.5,2,
30856054,2026-08-17,2026-08-17 16:26:29.226268,SABAH,PENAMPANG,PASAR BORONG PENAMPANG,Borong,20,Buah-Buahan,02,034,TEMBIKAI WANGI / HONEY DEW,F.A.Q,Kilogram,4,4.14,
30856058,2026-08-17,2026-08-17 16:34:47.30704,NEGERI SEMBILAN,SEREMBAN,PASAR BESAR SEREMBAN - BAHAGIAN BORONG,Borong,20,Buah-Buahan,01,011,MANGGIS,F.A.Q,Kilogram,5.5,6.125,
30856059,2026-08-17,2026-08-17 16:34:47.30704,NEGERI SEMBILAN,SEREMBAN,PASAR BESAR SEREMBAN - BAHAGIAN BORONG,Borong,20,Buah-Buahan,01,011,MANGGIS,F.A.Q,Kilogram,6.5,6.125,
30856060,2026-08-17,2026-08-17 16:34:47.30704,NEGERI SEMBILAN,SEREMBAN,PASAR BESAR SEREMBAN - BAHAGIAN BORONG,Borong,20,Buah-Buahan,02,023,NANAS MORIS (AC1),SEDANG,Kilogram,3.4,3.1833334,
30856061,2026-08-17,2026-08-17 16:34:47.30704,NEGERI SEMBILAN,SEREMBAN,PASAR BESAR SEREMBAN - BAHAGIAN BORONG,Borong,20,Buah-Buahan,02,023,NANAS MORIS (AC1),SEDANG,Kilogram,2.9,3.1833334,
30856062,2026-08-17,2026-08-17 16:34:47.30704,NEGERI SEMBILAN,SEREMBAN,PASAR BESAR SEREMBAN - BAHAGIAN BORONG,Borong,20,Buah-Buahan,02,023,NANAS MORIS (AC1),SEDANG,Kilogram,3.2,3.1833334,
30856063,2026-08-17,2026-08-17 16:34:47.30704,NEGERI SEMBILAN,SEREMBAN,PASAR BESAR SEREMBAN - BAHAGIAN BORONG,Borong,20,Buah-Buahan,02,024,NANGKA TEKAM YELLOW (J33),F.A.Q,Kilogram,3.3,3.4,
30856064,2026-08-17,2026-08-17 16:34:47.30704,NEGERI SEMBILAN,SEREMBAN,PASAR BESAR SEREMBAN - BAHAGIAN BORONG,Borong,20,Buah-Buahan,02,024,NANGKA TEKAM YELLOW (J33),F.A.Q,Kilogram,3.5,3.4,
30856065,2026-08-17,2026-08-17 16:34:47.30704,NEGERI SEMBILAN,SEREMBAN,PASAR BESAR SEREMBAN - BAHAGIAN BORONG,Borong,20,Buah-Buahan,02,028,PISANG CAVENDISH (MP14),F.A.Q,Kilogram,4.5,4.3,
30856066,2026-08-17,2026-08-17 16:34:47.30704,NEGERI SEMBILAN,SEREMBAN,PASAR BESAR SEREMBAN - BAHAGIAN BORONG,Borong,20,Buah-Buahan,02,028,PISANG CAVENDISH (MP14),F.A.Q,Kilogram,4,4.3,
30856067,2026-08-17,2026-08-17 16:34:47.30704,NEGERI SEMBILAN,SEREMBAN,PASAR BESAR SEREMBAN - BAHAGIAN BORONG,Borong,20,Buah-Buahan,02,028,PISANG CAVENDISH (MP14),F.A.Q,Kilogram,4.2,4.3,
30856068,2026-08-17,2026-08-17 16:34:47.30704,NEGERI SEMBILAN,SEREMBAN,PASAR BESAR SEREMBAN - BAHAGIAN BORONG,Borong,20,Buah-Buahan,02,028,PISANG NANGKA (MP2),F.A.Q,Kilogram,3.4,3.2333333,
30856069,2026-08-17,2026-08-17 16:34:47.30704,NEGERI SEMBILAN,SEREMBAN,PASAR BESAR SEREMBAN - BAHAGIAN BORONG,Borong,20,Buah-Buahan,02,028,PISANG NANGKA (MP2),F.A.Q,Kilogram,3,3.2333333,
30856070,2026-08-17,2026-08-17 16:34:47.30704,NEGERI SEMBILAN,SEREMBAN,PASAR BESAR SEREMBAN - BAHAGIAN BORONG,Borong,20,Buah-Buahan,02,028,PISANG NANGKA (MP2),F.A.Q,Kilogram,3.3,3.2333333,
30856071,2026-08-17,2026-08-17 16:34:47.30704,NEGERI SEMBILAN,SEREMBAN,PASAR BESAR SEREMBAN - BAHAGIAN BORONG,Borong,20,Buah-Buahan,02,028,PISANG NIPAH (MP5) / ABU (MP6) / SABAH / KAPOK,F.A.Q,Kilogram,3.5,3.5,
30856072,2026-08-17,2026-08-17 16:34:47.30704,NEGERI SEMBILAN,SEREMBAN,PASAR BESAR SEREMBAN - BAHAGIAN BORONG,Borong,20,Buah-Buahan,02,028,PISANG RASTALI (MP9),F.A.Q,Kilogram,4.3,4.016667,
30856073,2026-08-17,2026-08-17 16:34:47.30704,NEGERI SEMBILAN,SEREMBAN,PASAR BESAR SEREMBAN - BAHAGIAN BORONG,Borong,20,Buah-Buahan,02,028,PISANG RASTALI (MP9),F.A.Q,Kilogram,3.7,4.016667,
30856074,2026-08-17,2026-08-17 16:34:47.30704,NEGERI SEMBILAN,SEREMBAN,PASAR BESAR SEREMBAN - BAHAGIAN BORONG,Borong,20,Buah-Buahan,02,028,PISANG RASTALI (MP9),F.A.Q,Kilogram,4,4.016667,
30856075,2026-08-17,2026-08-17 16:34:47.30704,NEGERI SEMBILAN,SEREMBAN,PASAR BESAR SEREMBAN - BAHAGIAN BORONG,Borong,20,Buah-Buahan,02,028,PISANG TANDUK,F.A.Q,Kilogram,5.3,4.95,
30856076,2026-08-17,2026-08-17 16:34:47.30704,NEGERI SEMBILAN,SEREMBAN,PASAR BESAR SEREMBAN - BAHAGIAN BORONG,Borong,20,Buah-Buahan,02,028,PISANG TANDUK,F.A.Q,Kilogram,4.5,4.95,
30856077,2026-08-17,2026-08-17 16:34:47.30704,NEGERI SEMBILAN,SEREMBAN,PASAR BESAR SEREMBAN - BAHAGIAN BORONG,Borong,20,Buah-Buahan,02,028,PISANG TANDUK,F.A.Q,Kilogram,5,4.95,
30856078,2026-08-17,2026-08-17 16:34:47.30704,NEGERI SEMBILAN,SEREMBAN,PASAR BESAR SEREMBAN - BAHAGIAN BORONG,Borong,20,Buah-Buahan,01,012,PULASAN,F.A.Q,Kilogram,4.6,4.95,
30856079,2026-08-17,2026-08-17 16:34:47.30704,NEGERI SEMBILAN,SEREMBAN,PASAR BESAR SEREMBAN - BAHAGIAN BORONG,Borong,20,Buah-Buahan,01,012,PULASAN,F.A.Q,Kilogram,5.3,4.95,
30856080,2026-08-17,2026-08-17 16:34:51.606728,NEGERI SEMBILAN,SEREMBAN,PASAR BESAR SEREMBAN - BAHAGIAN RUNCIT,Runcit,26,Buah-Buahan,01,011,MANGGIS,F.A.Q,Kilogram,7.5,8.25,
30856081,2026-08-17,2026-08-17 16:34:51.606728,NEGERI SEMBILAN,SEREMBAN,PASAR BESAR SEREMBAN - BAHAGIAN RUNCIT,Runcit,26,Buah-Buahan,01,011,MANGGIS,F.A.Q,Kilogram,8.5,8.25,
30856082,2026-08-17,2026-08-17 16:34:51.606728,NEGERI SEMBILAN,SEREMBAN,PASAR BESAR SEREMBAN - BAHAGIAN RUNCIT,Runcit,26,Buah-Buahan,02,023,NANAS MORIS (AC1),SEDANG,Kilogram,4.1,4.45,
30856083,2026-08-17,2026-08-17 16:34:51.606728,NEGERI SEMBILAN,SEREMBAN,PASAR BESAR SEREMBAN - BAHAGIAN RUNCIT,Runcit,26,Buah-Buahan,02,023,NANAS MORIS (AC1),SEDANG,Kilogram,4.7,4.45,
30856084,2026-08-17,2026-08-17 16:34:51.606728,NEGERI SEMBILAN,SEREMBAN,PASAR BESAR SEREMBAN - BAHAGIAN RUNCIT,Runcit,26,Buah-Buahan,02,023,NANAS MORIS (AC1),SEDANG,Kilogram,4.4,4.45,
30856085,2026-08-17,2026-08-17 16:34:51.606728,NEGERI SEMBILAN,SEREMBAN,PASAR BESAR SEREMBAN - BAHAGIAN RUNCIT,Runcit,26,Buah-Buahan,02,024,NANGKA TEKAM YELLOW (J33),F.A.Q,Kilogram,4.7,4.733333,
30856086,2026-08-17,2026-08-17 16:34:51.606728,NEGERI SEMBILAN,SEREMBAN,PASAR BESAR SEREMBAN - BAHAGIAN RUNCIT,Runcit,26,Buah-Buahan,02,024,NANGKA TEKAM YELLOW (J33),F.A.Q,Kilogram,5,4.733333,
30856087,2026-08-17,2026-08-17 16:34:51.606728,NEGERI SEMBILAN,SEREMBAN,PASAR BESAR SEREMBAN - BAHAGIAN RUNCIT,Runcit,26,Buah-Buahan,02,024,NANGKA TEKAM YELLOW (J33),F.A.Q,Kilogram,4.5,4.733333,
30856088,2026-08-17,2026-08-17 16:34:51.606728,NEGERI SEMBILAN,SEREMBAN,PASAR BESAR SEREMBAN - BAHAGIAN RUNCIT,Runcit,26,Buah-Buahan,02,028,PISANG CAVENDISH (MP14),F.A.Q,Kilogram,5.8,6.1,
30856089,2026-08-17,2026-08-17 16:34:51.606728,NEGERI SEMBILAN,SEREMBAN,PASAR BESAR SEREMBAN - BAHAGIAN RUNCIT,Runcit,26,Buah-Buahan,02,028,PISANG CAVENDISH (MP14),F.A.Q,Kilogram,6,6.1,
30856090,2026-08-17,2026-08-17 16:34:51.606728,NEGERI SEMBILAN,SEREMBAN,PASAR BESAR SEREMBAN - BAHAGIAN RUNCIT,Runcit,26,Buah-Buahan,02,028,PISANG CAVENDISH (MP14),F.A.Q,Kilogram,5.7,6.1,
30856091,2026-08-17,2026-08-17 16:34:51.606728,NEGERI SEMBILAN,SEREMBAN,PASAR BESAR SEREMBAN - BAHAGIAN RUNCIT,Runcit,26,Buah-Buahan,02,028,PISANG NANGKA (MP2),F.A.Q,Kilogram,4.2,4.4666667,
30856092,2026-08-17,2026-08-17 16:34:51.606728,NEGERI SEMBILAN,SEREMBAN,PASAR BESAR SEREMBAN - BAHAGIAN RUNCIT,Runcit,26,Buah-Buahan,02,028,PISANG NANGKA (MP2),F.A.Q,Kilogram,4.8,4.4666667,
30856093,2026-08-17,2026-08-17 16:34:51.606728,NEGERI SEMBILAN,SEREMBAN,PASAR BESAR SEREMBAN - BAHAGIAN RUNCIT,Runcit,26,Buah-Buahan,02,028,PISANG NANGKA (MP2),F.A.Q,Kilogram,4.4,4.4666667,
30856094,2026-08-17,2026-08-17 16:34:51.606728,NEGERI SEMBILAN,SEREMBAN,PASAR BESAR SEREMBAN - BAHAGIAN RUNCIT,Runcit,26,Buah-Buahan,02,028,PISANG NIPAH (MP5) / ABU (MP6) / SABAH / KAPOK,F.A.Q,Kilogram,5,5,
30856095,2026-08-17,2026-08-17 16:34:51.606728,NEGERI SEMBILAN,SEREMBAN,PASAR BESAR SEREMBAN - BAHAGIAN RUNCIT,Runcit,26,Buah-Buahan,02,028,PISANG RASTALI (MP9),F.A.Q,Kilogram,6.3,6.233333,
30856096,2026-08-17,2026-08-17 16:34:51.606728,NEGERI SEMBILAN,SEREMBAN,PASAR BESAR SEREMBAN - BAHAGIAN RUNCIT,Runcit,26,Buah-Buahan,02,028,PISANG RASTALI (MP9),F.A.Q,Kilogram,5.8,6.233333,
30856097,2026-08-17,2026-08-17 16:34:51.606728,NEGERI SEMBILAN,SEREMBAN,PASAR BESAR SEREMBAN - BAHAGIAN RUNCIT,Runcit,26,Buah-Buahan,02,028,PISANG RASTALI (MP9),F.A.Q,Kilogram,6,6.233333,
30856098,2026-08-17,2026-08-17 16:34:51.606728,NEGERI SEMBILAN,SEREMBAN,PASAR BESAR SEREMBAN - BAHAGIAN RUNCIT,Runcit,26,Buah-Buahan,02,028,PISANG TANDUK,F.A.Q,Kilogram,6.8,6.9166665,
30856099,2026-08-17,2026-08-17 16:34:51.606728,NEGERI SEMBILAN,SEREMBAN,PASAR BESAR SEREMBAN - BAHAGIAN RUNCIT,Runcit,26,Buah-Buahan,02,028,PISANG TANDUK,F.A.Q,Kilogram,7,6.9166665,
30856100,2026-08-17,2026-08-17 16:34:51.606728,NEGERI SEMBILAN,SEREMBAN,PASAR BESAR SEREMBAN - BAHAGIAN RUNCIT,Runcit,26,Buah-Buahan,02,028,PISANG TANDUK,F.A.Q,Kilogram,6.4,6.9166665,
30856101,2026-08-17,2026-08-17 16:34:51.606728,NEGERI SEMBILAN,SEREMBAN,PASAR BESAR SEREMBAN - BAHAGIAN RUNCIT,Runcit,26,Buah-Buahan,01,012,PULASAN,F.A.Q,Kilogram,7,7.5,
30856102,2026-08-17,2026-08-17 16:34:51.606728,NEGERI SEMBILAN,SEREMBAN,PASAR BESAR SEREMBAN - BAHAGIAN RUNCIT,Runcit,26,Buah-Buahan,01,012,PULASAN,F.A.Q,Kilogram,8,7.5,
30856112,2026-08-17,2026-08-17 16:41:11.039052,SABAH,KOTA KINABALU,PASAR AWAM KOTA KINABALU - BAHAGIAN RUNCIT,Runcit,26,Buah-Buahan,02,036,ANGGUR HIJAU TANPA BIJI,F.A.Q,Kilogram,27,24,
30856113,2026-08-17,2026-08-17 16:41:11.039052,SABAH,KOTA KINABALU,PASAR AWAM KOTA KINABALU - BAHAGIAN RUNCIT,Runcit,26,Buah-Buahan,02,036,ANGGUR HITAM TANPA BIJI,F.A.Q,Kilogram,30,24.48,
30856114,2026-08-17,2026-08-17 16:41:11.039052,SABAH,KOTA KINABALU,PASAR AWAM KOTA KINABALU - BAHAGIAN RUNCIT,Runcit,26,Buah-Buahan,02,036,ANGGUR MERAH TANPA BIJI,F.A.Q,Kilogram,28,22.93,
30856115,2026-08-17,2026-08-17 16:41:11.039052,SABAH,KOTA KINABALU,PASAR AWAM KOTA KINABALU - BAHAGIAN RUNCIT,Runcit,26,Buah-Buahan,02,050,AVOCADO,SEDANG,Kilogram,15,18,
30856116,2026-08-17,2026-08-17 16:41:11.039052,SABAH,KOTA KINABALU,PASAR AWAM KOTA KINABALU - BAHAGIAN RUNCIT,Runcit,26,Buah-Buahan,02,044,BUAH NAGA/PITAYA ISI MERAH,F.A.Q,Kilogram,14,11.82,
30856117,2026-08-17,2026-08-17 16:41:11.039052,SABAH,KOTA KINABALU,PASAR AWAM KOTA KINABALU - BAHAGIAN RUNCIT,Runcit,26,Buah-Buahan,01,003,CEMPEDAK KAMPUNG,F.A.Q,Kilogram,6,8.58,
30856118,2026-08-17,2026-08-17 16:41:11.039052,SABAH,KOTA KINABALU,PASAR AWAM KOTA KINABALU - BAHAGIAN RUNCIT,Runcit,26,Buah-Buahan,02,009,DURIAN BELANDA,F.A.Q,Kilogram,9,11.63,
30856119,2026-08-17,2026-08-17 16:41:11.039052,SABAH,KOTA KINABALU,PASAR AWAM KOTA KINABALU - BAHAGIAN RUNCIT,Runcit,26,Buah-Buahan,01,005,DURIAN D24 (D24),F.A.Q,Kilogram,18,21.67,
30856120,2026-08-17,2026-08-17 16:41:11.039052,SABAH,KOTA KINABALU,PASAR AWAM KOTA KINABALU - BAHAGIAN RUNCIT,Runcit,26,Buah-Buahan,01,005,DURIAN KAMPUNG,F.A.Q,Kilogram,15,11.13,
30856121,2026-08-17,2026-08-17 16:41:11.039052,SABAH,KOTA KINABALU,PASAR AWAM KOTA KINABALU - BAHAGIAN RUNCIT,Runcit,26,Buah-Buahan,01,005,DURIAN MUSANG QUEEN / TEKKA (D160),F.A.Q,Kilogram,35,39.4,
30856122,2026-08-17,2026-08-17 16:41:11.039052,SABAH,KOTA KINABALU,PASAR AWAM KOTA KINABALU - BAHAGIAN RUNCIT,Runcit,26,Buah-Buahan,02,037,EPAL HIJAU,SEDANG,Biji,1.8,1.36,
30856123,2026-08-17,2026-08-17 16:41:11.039052,SABAH,KOTA KINABALU,PASAR AWAM KOTA KINABALU - BAHAGIAN RUNCIT,Runcit,26,Buah-Buahan,02,037,EPAL MERAH (FUJI),SEDANG,Biji,1.8,1.82,
30856124,2026-08-17,2026-08-17 16:41:11.039052,SABAH,KOTA KINABALU,PASAR AWAM KOTA KINABALU - BAHAGIAN RUNCIT,Runcit,26,Buah-Buahan,02,012,JAMBU BATU,F.A.Q,Kilogram,8,6,
30856125,2026-08-17,2026-08-17 16:41:11.039052,SABAH,KOTA KINABALU,PASAR AWAM KOTA KINABALU - BAHAGIAN RUNCIT,Runcit,26,Buah-Buahan,02,041,LAI KUNING,F.A.Q,Biji,3,1.86,
30856126,2026-08-17,2026-08-17 16:41:11.039052,SABAH,KOTA KINABALU,PASAR AWAM KOTA KINABALU - BAHAGIAN RUNCIT,Runcit,26,Buah-Buahan,02,015,LIMAU BALI / PAMELO,F.A.Q,Kilogram,6,7.84,
30856127,2026-08-17,2026-08-17 16:41:11.039052,SABAH,KOTA KINABALU,PASAR AWAM KOTA KINABALU - BAHAGIAN RUNCIT,Runcit,26,Buah-Buahan,02,018,MANGGA LEMAK MANIS (THAILAND),F.A.Q,Kilogram,15,7.63,
30856128,2026-08-17,2026-08-17 16:41:11.039052,SABAH,KOTA KINABALU,PASAR AWAM KOTA KINABALU - BAHAGIAN RUNCIT,Runcit,26,Buah-Buahan,02,018,MANGGA SUSU (THAILAND),F.A.Q,Kilogram,15,8.39,
30856129,2026-08-17,2026-08-17 16:41:11.039052,SABAH,KOTA KINABALU,PASAR AWAM KOTA KINABALU - BAHAGIAN RUNCIT,Runcit,26,Buah-Buahan,01,011,MANGGIS,F.A.Q,Kilogram,14,12.25,
30856130,2026-08-17,2026-08-17 16:41:11.039052,SABAH,KOTA KINABALU,PASAR AWAM KOTA KINABALU - BAHAGIAN RUNCIT,Runcit,26,Buah-Buahan,01,020,MATA KUCING / LONGAN,F.A.Q,Kilogram,16,11.52,
30856131,2026-08-17,2026-08-17 16:41:11.039052,SABAH,KOTA KINABALU,PASAR AWAM KOTA KINABALU - BAHAGIAN RUNCIT,Runcit,26,Buah-Buahan,02,023,NANAS MD2 (AC9),F.A.Q,Kilogram,6,5.17,
30856132,2026-08-17,2026-08-17 16:41:11.039052,SABAH,KOTA KINABALU,PASAR AWAM KOTA KINABALU - BAHAGIAN RUNCIT,Runcit,26,Buah-Buahan,02,023,NANAS MORIS (AC1),SEDANG,Kilogram,5,3.95,
30856133,2026-08-17,2026-08-17 16:41:11.039052,SABAH,KOTA KINABALU,PASAR AWAM KOTA KINABALU - BAHAGIAN RUNCIT,Runcit,26,Buah-Buahan,02,024,NANGKA KLON / KAHWIN,F.A.Q,Kilogram,6,5.33,
30856134,2026-08-17,2026-08-17 16:41:11.039052,SABAH,KOTA KINABALU,PASAR AWAM KOTA KINABALU - BAHAGIAN RUNCIT,Runcit,26,Buah-Buahan,02,028,PISANG AWAK (MP1),F.A.Q,Kilogram,4.5,4.4,
30856135,2026-08-17,2026-08-17 16:41:11.039052,SABAH,KOTA KINABALU,PASAR AWAM KOTA KINABALU - BAHAGIAN RUNCIT,Runcit,26,Buah-Buahan,02,028,PISANG CAVENDISH (MP14),F.A.Q,Kilogram,6,5.18,
30856136,2026-08-17,2026-08-17 16:41:11.039052,SABAH,KOTA KINABALU,PASAR AWAM KOTA KINABALU - BAHAGIAN RUNCIT,Runcit,26,Buah-Buahan,02,028,PISANG EMBUN (MP7),F.A.Q,Kilogram,4.5,4.31,
30856137,2026-08-17,2026-08-17 16:41:11.039052,SABAH,KOTA KINABALU,PASAR AWAM KOTA KINABALU - BAHAGIAN RUNCIT,Runcit,26,Buah-Buahan,02,028,PISANG NIPAH (MP5) / ABU (MP6) / SABAH / KAPOK,F.A.Q,Kilogram,3.5,4.6,
30856138,2026-08-17,2026-08-17 16:41:11.039052,SABAH,KOTA KINABALU,PASAR AWAM KOTA KINABALU - BAHAGIAN RUNCIT,Runcit,26,Buah-Buahan,02,028,PISANG RASTALI (MP9),F.A.Q,Kilogram,5,4.92,
30856139,2026-08-17,2026-08-17 16:41:11.039052,SABAH,KOTA KINABALU,PASAR AWAM KOTA KINABALU - BAHAGIAN RUNCIT,Runcit,26,Buah-Buahan,01,014,RAMBUTAN MERAH,F.A.Q,Kilogram,14,10,
30856140,2026-08-17,2026-08-17 16:41:11.039052,SABAH,KOTA KINABALU,PASAR AWAM KOTA KINABALU - BAHAGIAN RUNCIT,Runcit,26,Buah-Buahan,02,034,TEMBIKAI KUNING,F.A.Q,Kilogram,4.5,4,
30856141,2026-08-17,2026-08-17 16:41:11.039052,SABAH,KOTA KINABALU,PASAR AWAM KOTA KINABALU - BAHAGIAN RUNCIT,Runcit,26,Buah-Buahan,02,034,TEMBIKAI MERAH,F.A.Q,Kilogram,4.5,4,
30856142,2026-08-17,2026-08-17 16:41:11.039052,SABAH,KOTA KINABALU,PASAR AWAM KOTA KINABALU - BAHAGIAN RUNCIT,Runcit,26,Buah-Buahan,02,034,TEMBIKAI WANGI / HONEY DEW,F.A.Q,Kilogram,6,6.14,
30856143,2026-08-17,2026-08-17 16:44:10.990719,SABAH,PENAMPANG,PASAR BORONG PENAMPANG,Borong,20,Buah-Buahan,02,012,JAMBU BATU,F.A.Q,Kilogram,6,3.92,
30856144,2026-08-17,2026-08-17 16:45:35.317505,SABAH,KOTA KINABALU,PASAR AWAM KOTA KINABALU - BAHAGIAN RUNCIT,Runcit,26,Buah-Buahan,01,005,DURIAN KLON / KAHWIN,F.A.Q,Kilogram,35,20,
30856145,2026-08-17,2026-08-17 16:47:22.278386,NEGERI SEMBILAN,SEREMBAN,PASAR BESAR SEREMBAN - BAHAGIAN RUNCIT,Runcit,26,Sayur-Sayuran,05,001,BAWANG BESAR MERAH (INDIA),F.A.Q,Kilogram,4.3,4.0333333,
30856146,2026-08-17,2026-08-17 16:47:22.278386,NEGERI SEMBILAN,SEREMBAN,PASAR BESAR SEREMBAN - BAHAGIAN RUNCIT,Runcit,26,Sayur-Sayuran,05,001,BAWANG BESAR MERAH (INDIA),F.A.Q,Kilogram,3.9,4.0333333,
30856147,2026-08-17,2026-08-17 16:47:22.278386,NEGERI SEMBILAN,SEREMBAN,PASAR BESAR SEREMBAN - BAHAGIAN RUNCIT,Runcit,26,Sayur-Sayuran,05,001,BAWANG BESAR MERAH (INDIA),F.A.Q,Kilogram,4.5,4.0333333,
30856148,2026-08-17,2026-08-17 16:52:07.481049,NEGERI SEMBILAN,SEREMBAN,PASAR BESAR SEREMBAN - BAHAGIAN RUNCIT,Runcit,26,Sayur-Sayuran,03,007,SAWI HIJAU,F.A.Q,Kilogram,7.7,7.696296,
30856149,2026-08-17,2026-08-17 16:52:07.481049,NEGERI SEMBILAN,SEREMBAN,PASAR BESAR SEREMBAN - BAHAGIAN RUNCIT,Runcit,26,Sayur-Sayuran,03,007,SAWI HIJAU,F.A.Q,Kilogram,7.4,7.696296,
30856150,2026-08-17,2026-08-17 16:52:07.481049,NEGERI SEMBILAN,SEREMBAN,PASAR BESAR SEREMBAN - BAHAGIAN RUNCIT,Runcit,26,Sayur-Sayuran,03,007,SAWI HIJAU,F.A.Q,Kilogram,8,7.696296,
30856151,2026-08-17,2026-08-17 16:53:12.453527,NEGERI SEMBILAN,SEREMBAN,PASAR BESAR SEREMBAN - BAHAGIAN BORONG,Borong,20,Sayur-Sayuran,03,007,SAWI HIJAU,F.A.Q,Kilogram,5.8,5.8444443,
30856152,2026-08-17,2026-08-17 16:53:12.453527,NEGERI SEMBILAN,SEREMBAN,PASAR BESAR SEREMBAN - BAHAGIAN BORONG,Borong,20,Sayur-Sayuran,03,007,SAWI HIJAU,F.A.Q,Kilogram,6.1,5.8444443,
30856153,2026-08-17,2026-08-17 16:53:12.453527,NEGERI SEMBILAN,SEREMBAN,PASAR BESAR SEREMBAN - BAHAGIAN BORONG,Borong,20,Sayur-Sayuran,03,007,SAWI HIJAU,F.A.Q,Kilogram,5.6,5.8444443,
30856154,2026-08-17,2026-08-17 16:55:09.909905,SABAH,PENAMPANG,LADANG/KEBUN DONGGONGON,Ladang,,Buah-Buahan,02,050,AVOCADO,SEDANG,Kilogram,7,7.5,
30856155,2026-08-17,2026-08-17 16:55:09.909905,SABAH,PENAMPANG,LADANG/KEBUN DONGGONGON,Ladang,,Buah-Buahan,02,044,BUAH NAGA/PITAYA ISI MERAH,F.A.Q,Kilogram,6,4.63,
30856156,2026-08-17,2026-08-17 16:55:09.909905,SABAH,PENAMPANG,LADANG/KEBUN DONGGONGON,Ladang,,Buah-Buahan,01,003,CEMPEDAK KAMPUNG,F.A.Q,Kilogram,2.5,5.17,
30856157,2026-08-17,2026-08-17 16:55:09.909905,SABAH,PENAMPANG,LADANG/KEBUN DONGGONGON,Ladang,,Buah-Buahan,02,009,DURIAN BELANDA,F.A.Q,Kilogram,3,5.17,
30856158,2026-08-17,2026-08-17 16:55:09.909905,SABAH,PENAMPANG,LADANG/KEBUN DONGGONGON,Ladang,,Buah-Buahan,01,005,DURIAN D24 (D24),F.A.Q,Kilogram,8,14.15,
30856159,2026-08-17,2026-08-17 16:55:09.909905,SABAH,PENAMPANG,LADANG/KEBUN DONGGONGON,Ladang,,Buah-Buahan,01,005,DURIAN KAMPUNG,F.A.Q,Kilogram,4.5,5.7,
30856160,2026-08-17,2026-08-17 16:55:09.909905,SABAH,PENAMPANG,LADANG/KEBUN DONGGONGON,Ladang,,Buah-Buahan,01,005,DURIAN MUSANG QUEEN / TEKKA (D160),F.A.Q,Kilogram,15,24.35,
30856161,2026-08-17,2026-08-17 16:55:09.909905,SABAH,PENAMPANG,LADANG/KEBUN DONGGONGON,Ladang,,Buah-Buahan,02,012,JAMBU BATU,F.A.Q,Kilogram,3,3.16,
30856162,2026-08-17,2026-08-17 16:55:09.909905,SABAH,PENAMPANG,LADANG/KEBUN DONGGONGON,Ladang,,Buah-Buahan,02,015,LIMAU BALI / PAMELO,F.A.Q,Kilogram,3.5,3,
30856163,2026-08-17,2026-08-17 16:55:09.909905,SABAH,PENAMPANG,LADANG/KEBUN DONGGONGON,Ladang,,Buah-Buahan,01,011,MANGGIS,F.A.Q,Kilogram,4.5,7,
30856164,2026-08-17,2026-08-17 16:55:09.909905,SABAH,PENAMPANG,LADANG/KEBUN DONGGONGON,Ladang,,Buah-Buahan,01,020,MATA KUCING / LONGAN,F.A.Q,Kilogram,5,3,
30856165,2026-08-17,2026-08-17 16:55:09.909905,SABAH,PENAMPANG,LADANG/KEBUN DONGGONGON,Ladang,,Buah-Buahan,02,023,NANAS MD2 (AC9),F.A.Q,Kilogram,2,2.64,
30856166,2026-08-17,2026-08-17 16:55:09.909905,SABAH,PENAMPANG,LADANG/KEBUN DONGGONGON,Ladang,,Buah-Buahan,02,023,NANAS MORIS (AC1),SEDANG,Kilogram,2,2.47,
30856167,2026-08-17,2026-08-17 16:55:09.909905,SABAH,PENAMPANG,LADANG/KEBUN DONGGONGON,Ladang,,Buah-Buahan,02,024,NANGKA KLON / KAHWIN,F.A.Q,Kilogram,2.5,1.8,
30856168,2026-08-17,2026-08-17 16:55:09.909905,SABAH,PENAMPANG,LADANG/KEBUN DONGGONGON,Ladang,,Buah-Buahan,02,028,PISANG AWAK (MP1),F.A.Q,Kilogram,1.5,1.6,
30856169,2026-08-17,2026-08-17 16:55:09.909905,SABAH,PENAMPANG,LADANG/KEBUN DONGGONGON,Ladang,,Buah-Buahan,02,028,PISANG CAVENDISH (MP14),F.A.Q,Kilogram,2.5,2.5,
30856170,2026-08-17,2026-08-17 16:55:09.909905,SABAH,PENAMPANG,LADANG/KEBUN DONGGONGON,Ladang,,Buah-Buahan,02,028,PISANG EMBUN (MP7),F.A.Q,Kilogram,1.5,1.35,
30856171,2026-08-17,2026-08-17 16:55:09.909905,SABAH,PENAMPANG,LADANG/KEBUN DONGGONGON,Ladang,,Buah-Buahan,02,028,PISANG NIPAH (MP5) / ABU (MP6) / SABAH / KAPOK,F.A.Q,Kilogram,1.8,1.64,
30856172,2026-08-17,2026-08-17 16:55:09.909905,SABAH,PENAMPANG,LADANG/KEBUN DONGGONGON,Ladang,,Buah-Buahan,02,028,PISANG RASTALI (MP9),F.A.Q,Kilogram,1.6,2.51,
30856173,2026-08-17,2026-08-17 16:55:09.909905,SABAH,PENAMPANG,LADANG/KEBUN DONGGONGON,Ladang,,Buah-Buahan,02,034,TEMBIKAI KUNING,F.A.Q,Kilogram,1.7,2.23,
30856174,2026-08-17,2026-08-17 16:55:09.909905,SABAH,PENAMPANG,LADANG/KEBUN DONGGONGON,Ladang,,Buah-Buahan,02,034,TEMBIKAI MERAH,F.A.Q,Kilogram,1.6,1,
30856175,2026-08-17,2026-08-17 16:55:09.909905,SABAH,PENAMPANG,LADANG/KEBUN DONGGONGON,Ladang,,Buah-Buahan,02,034,TEMBIKAI WANGI / HONEY DEW,F.A.Q,Kilogram,2,3.5,
30856176,2026-08-17,2026-08-17 17:32:44.791423,KEDAH,POKOK SENA,LADANG/KEBUN KAMPUNG PANCUR,Ladang,,Buah-Buahan,02,028,PISANG BERANGAN,F.A.Q,Kilogram,2.5,2.5,
30856177,2026-08-17,2026-08-17 17:32:53.815652,KEDAH,POKOK SENA,LADANG/KEBUN KAMPUNG JABI,Ladang,,Buah-Buahan,02,034,TEMBIKAI MERAH TANPA BIJI,F.A.Q,Kilogram,1.2,1.2,
30856178,2026-08-17,2026-08-17 17:33:11.963363,KEDAH,KOTA SETAR,[LOKASI KUTIPAN HARGA LADANG] BUKIT PINANG,Ladang,,Ternakan,01,003,AYAM HIDUP,F.A.Q,Kilogram,6,6,
30856179,2026-08-17,2026-08-17 17:33:27.99267,KEDAH,KOTA SETAR,PASAR BORONG ALOR SETAR,Borong,20,Ternakan,01,003,AYAM HIDUP,F.A.Q,Kilogram,6.8,6.8,
30856180,2026-08-17,2026-08-17 17:33:27.99267,KEDAH,KOTA SETAR,PASAR BORONG ALOR SETAR,Borong,20,Ternakan,03,002,AYAM PROSES STANDARD,F.A.Q,Kilogram,8.2,8.2,
30856181,2026-08-17,2026-08-17 17:33:48.689943,KEDAH,KOTA SETAR,PASAR BORONG ALOR SETAR,Borong,20,Buah-Buahan,02,028,PISANG BERANGAN,F.A.Q,Kilogram,3.5,3.5,
30856182,2026-08-17,2026-08-17 17:33:48.689943,KEDAH,KOTA SETAR,PASAR BORONG ALOR SETAR,Borong,20,Buah-Buahan,02,034,TEMBIKAI MERAH TANPA BIJI,F.A.Q,Kilogram,2.5,2.5,
30856183,2026-08-17,2026-08-17 17:34:00.678268,KEDAH,KOTA SETAR,PASAR BORONG ALOR SETAR,Borong,20,Ternakan,11,001,TELUR AYAM,B,Biji,0.41,0.405,
30856184,2026-08-17,2026-08-17 17:35:22.441888,KEDAH,KOTA SETAR,PASAR BORONG ALOR SETAR,Borong,20,Sayur-Sayuran,05,001,BAWANG BESAR MERAH (INDIA),F.A.Q,Kilogram,3.5,3.5,
30856185,2026-08-17,2026-08-17 17:35:22.441888,KEDAH,KOTA SETAR,PASAR BORONG ALOR SETAR,Borong,20,Sayur-Sayuran,05,001,BAWANG PUTIH (CHINA),F.A.Q,Kilogram,8,7.4166665,
30856186,2026-08-17,2026-08-17 17:35:22.441888,KEDAH,KOTA SETAR,PASAR BORONG ALOR SETAR,Borong,20,Sayur-Sayuran,03,001,BAYAM,F.A.Q,Kilogram,3.5,3.5,
30856187,2026-08-17,2026-08-17 17:35:22.441888,KEDAH,KOTA SETAR,PASAR BORONG ALOR SETAR,Borong,20,Sayur-Sayuran,02,002,CILI MERAH KULAI / KULAI HIBRID,F.A.Q,Kilogram,15,15,
30856188,2026-08-17,2026-08-17 17:35:22.441888,KEDAH,KOTA SETAR,PASAR BORONG ALOR SETAR,Borong,20,Sayur-Sayuran,02,002,CILI MERAH MINYAK,F.A.Q,Kilogram,13,13,
30856189,2026-08-17,2026-08-17 17:35:22.441888,KEDAH,KOTA SETAR,PASAR BORONG ALOR SETAR,Borong,20,Sayur-Sayuran,04,002,KACANG BENDI,F.A.Q,Kilogram,6,6,
30856190,2026-08-17,2026-08-17 17:35:22.441888,KEDAH,KOTA SETAR,PASAR BORONG ALOR SETAR,Borong,20,Sayur-Sayuran,04,007,KACANG PANJANG HIJAU,F.A.Q,Kilogram,5,5,
30856191,2026-08-17,2026-08-17 17:35:22.441888,KEDAH,KOTA SETAR,PASAR BORONG ALOR SETAR,Borong,20,Sayur-Sayuran,03,006,KUBIS BULAT (TANAH TINGGI),F.A.Q,Kilogram,2.5,2.5,
30856192,2026-08-17,2026-08-17 17:35:22.441888,KEDAH,KOTA SETAR,PASAR BORONG ALOR SETAR,Borong,20,Sayur-Sayuran,03,007,SAWI HIJAU,F.A.Q,Kilogram,4,3.7083333,
30856193,2026-08-17,2026-08-17 17:35:22.441888,KEDAH,KOTA SETAR,PASAR BORONG ALOR SETAR,Borong,20,Sayur-Sayuran,02,010,TERUNG PANJANG / PEPARU (TANAH RENDAH),F.A.Q,Kilogram,6,6,
30856194,2026-08-17,2026-08-17 17:35:22.441888,KEDAH,KOTA SETAR,PASAR BORONG ALOR SETAR,Borong,20,Sayur-Sayuran,02,011,TIMUN HIJAU,F.A.Q,Kilogram,2.5,2.5,
30856195,2026-08-17,2026-08-17 17:35:22.441888,KEDAH,KOTA SETAR,PASAR BORONG ALOR SETAR,Borong,20,Sayur-Sayuran,02,012,TOMATO (TANAH TINGGI),F.A.Q,Kilogram,6,5.9166665,
30856196,2026-08-17,2026-08-17 17:35:45.821411,KEDAH,KOTA SETAR,PASAR BORONG ALOR SETAR,Borong,20,Ternakan,02,003,DAGING LEMBU PEJAL,F.A.Q,Kilogram,28,29.833334,
30856197,2026-08-17,2026-08-17 17:35:55.503531,KEDAH,KOTA SETAR,PASAR BORONG ALOR SETAR,Borong,20,Tanaman Kontan,05,001,KELAPA DIKUPAS,SEDANG,Biji,2.1,2.1,
30856198,2026-08-17,2026-08-17 17:36:09.861638,KEDAH,KOTA SETAR,PASAR BESAR ALOR SETAR,Runcit,26,Buah-Buahan,02,028,PISANG BERANGAN,F.A.Q,Kilogram,6,6,
30856199,2026-08-17,2026-08-17 17:36:09.861638,KEDAH,KOTA SETAR,PASAR BESAR ALOR SETAR,Runcit,26,Buah-Buahan,02,034,TEMBIKAI MERAH TANPA BIJI,F.A.Q,Kilogram,3.5,3.5,
30856200,2026-08-17,2026-08-17 17:36:22.633361,KEDAH,KOTA SETAR,PASAR BESAR ALOR SETAR,Runcit,26,Sayur-Sayuran,05,001,BAWANG BESAR MERAH (INDIA),F.A.Q,Kilogram,6,6,
30856201,2026-08-17,2026-08-17 17:36:33.271821,KEDAH,KOTA SETAR,PASAR BESAR ALOR SETAR,Runcit,26,Sayur-Sayuran,05,001,BAWANG PUTIH (CHINA),F.A.Q,Kilogram,10,8.52,
30856202,2026-08-17,2026-08-17 17:36:41.233015,KEDAH,KOTA SETAR,PASAR BESAR ALOR SETAR,Runcit,26,Ternakan,11,001,TELUR AYAM,B,Biji,0.43,0.43,
30856203,2026-08-17,2026-08-17 17:36:53.014864,KEDAH,KOTA SETAR,PASAR BESAR ALOR SETAR,Runcit,26,Ternakan,03,002,AYAM PROSES STANDARD,F.A.Q,Kilogram,9.5,9.5,
30856204,2026-08-17,2026-08-17 17:36:53.014864,KEDAH,KOTA SETAR,PASAR BESAR ALOR SETAR,Runcit,26,Ternakan,03,002,AYAM PROSES SUPER,F.A.Q,Kilogram,11,10.916667,
30856205,2026-08-17,2026-08-17 17:37:42.803941,KEDAH,KOTA SETAR,PASAR BESAR ALOR SETAR,Runcit,26,Sayur-Sayuran,03,001,BAYAM,F.A.Q,Kilogram,5,5,
30856206,2026-08-17,2026-08-17 17:37:42.803941,KEDAH,KOTA SETAR,PASAR BESAR ALOR SETAR,Runcit,26,Sayur-Sayuran,02,002,CILI MERAH KULAI / KULAI HIBRID,F.A.Q,Kilogram,17,17,
30856207,2026-08-17,2026-08-17 17:37:42.803941,KEDAH,KOTA SETAR,PASAR BESAR ALOR SETAR,Runcit,26,Sayur-Sayuran,04,002,KACANG BENDI,F.A.Q,Kilogram,8,8,
30856208,2026-08-17,2026-08-17 17:37:42.803941,KEDAH,KOTA SETAR,PASAR BESAR ALOR SETAR,Runcit,26,Sayur-Sayuran,04,007,KACANG PANJANG HIJAU,F.A.Q,Kilogram,7,7,
30856209,2026-08-17,2026-08-17 17:37:42.803941,KEDAH,KOTA SETAR,PASAR BESAR ALOR SETAR,Runcit,26,Sayur-Sayuran,03,006,KUBIS BULAT (TANAH TINGGI),F.A.Q,Kilogram,5,5,
30856210,2026-08-17,2026-08-17 17:37:42.803941,KEDAH,KOTA SETAR,PASAR BESAR ALOR SETAR,Runcit,26,Sayur-Sayuran,03,007,SAWI HIJAU,F.A.Q,Kilogram,6,6,
30856211,2026-08-17,2026-08-17 17:37:42.803941,KEDAH,KOTA SETAR,PASAR BESAR ALOR SETAR,Runcit,26,Sayur-Sayuran,02,010,TERUNG PANJANG / PEPARU (TANAH RENDAH),F.A.Q,Kilogram,8,8,
30856212,2026-08-17,2026-08-17 17:37:42.803941,KEDAH,KOTA SETAR,PASAR BESAR ALOR SETAR,Runcit,26,Sayur-Sayuran,02,011,TIMUN HIJAU,F.A.Q,Kilogram,3.5,3.5,
30856213,2026-08-17,2026-08-17 17:37:42.803941,KEDAH,KOTA SETAR,PASAR BESAR ALOR SETAR,Runcit,26,Sayur-Sayuran,02,012,TOMATO (TANAH TINGGI),F.A.Q,Kilogram,8,7.9166665,
30856214,2026-08-17,2026-08-17 17:37:51.814714,KEDAH,KOTA SETAR,PASAR BESAR ALOR SETAR,Runcit,26,Tanaman Kontan,05,001,KELAPA DIKUPAS,SEDANG,Biji,3,3,
30856215,2026-08-17,2026-08-17 17:38:07.249706,KEDAH,KOTA SETAR,PASAR BESAR ALOR SETAR,Runcit,26,Ternakan,02,003,DAGING LEMBU PEJAL,F.A.Q,Kilogram,32,36.416668,
30856216,2026-08-17,2026-08-17 17:38:16.092325,KEDAH,KOTA SETAR,PASAR BESAR ALOR SETAR,Runcit,26,Lain-Lain Makanan Proses,15,001,SANTAN PEKAT,F.A.Q,Kilogram,15,15,
30856217,2026-08-17,2026-08-17 17:38:27.890138,KEDAH,KOTA SETAR,PASAR BESAR ALOR SETAR,Runcit,26,Sayur-Sayuran,02,002,CILI MERAH MINYAK,F.A.Q,Kilogram,15,15,
30856218,2026-08-17,2026-08-17 18:18:39.925471,W.P. KUALA LUMPUR,KUALA LUMPUR,OUTLET BUAH BERMUSIM SRI RAMPAI - SETAPAK,Runcit,41,Buah-Buahan,01,003,CEMPEDAK KLON,F.A.Q,Kilogram,8,8,
30856219,2026-08-17,2026-08-17 18:18:39.925471,W.P. KUALA LUMPUR,KUALA LUMPUR,OUTLET BUAH BERMUSIM SRI RAMPAI - SETAPAK,Runcit,41,Buah-Buahan,01,004,DOKONG,F.A.Q,Kilogram,10,8.333333,
30856220,2026-08-17,2026-08-17 18:18:39.925471,W.P. KUALA LUMPUR,KUALA LUMPUR,OUTLET BUAH BERMUSIM SRI RAMPAI - SETAPAK,Runcit,41,Buah-Buahan,01,004,DOKONG,F.A.Q,Kilogram,8,8.333333,
30856221,2026-08-17,2026-08-17 18:18:39.925471,W.P. KUALA LUMPUR,KUALA LUMPUR,OUTLET BUAH BERMUSIM SRI RAMPAI - SETAPAK,Runcit,41,Buah-Buahan,01,004,DUKU,F.A.Q,Kilogram,8,7.5,
30856222,2026-08-17,2026-08-17 18:18:39.925471,W.P. KUALA LUMPUR,KUALA LUMPUR,OUTLET BUAH BERMUSIM SRI RAMPAI - SETAPAK,Runcit,41,Buah-Buahan,01,005,DURIAN D24 (D24),F.A.Q,Kilogram,19,21.75,
30856223,2026-08-17,2026-08-17 18:18:39.925471,W.P. KUALA LUMPUR,KUALA LUMPUR,OUTLET BUAH BERMUSIM SRI RAMPAI - SETAPAK,Runcit,41,Buah-Buahan,01,005,DURIAN DURI HITAM / OCHII (D200),F.A.Q,Kilogram,35,51.6,
30856224,2026-08-17,2026-08-17 18:18:39.925471,W.P. KUALA LUMPUR,KUALA LUMPUR,OUTLET BUAH BERMUSIM SRI RAMPAI - SETAPAK,Runcit,41,Buah-Buahan,01,005,DURIAN IOI (D168),F.A.Q,Kilogram,19,36.5,
30856225,2026-08-17,2026-08-17 18:18:39.925471,W.P. KUALA LUMPUR,KUALA LUMPUR,OUTLET BUAH BERMUSIM SRI RAMPAI - SETAPAK,Runcit,41,Buah-Buahan,01,005,DURIAN KLON / KAHWIN,F.A.Q,Kilogram,25,28.75,
30856226,2026-08-17,2026-08-17 18:18:39.925471,W.P. KUALA LUMPUR,KUALA LUMPUR,OUTLET BUAH BERMUSIM SRI RAMPAI - SETAPAK,Runcit,41,Buah-Buahan,01,005,DURIAN KLON / KAHWIN,F.A.Q,Kilogram,15,28.75,
30856227,2026-08-17,2026-08-17 18:18:39.925471,W.P. KUALA LUMPUR,KUALA LUMPUR,OUTLET BUAH BERMUSIM SRI RAMPAI - SETAPAK,Runcit,41,Buah-Buahan,01,005,DURIAN MUSANG KING / RAJA KUNYIT (D197),F.A.Q,Kilogram,35,56,
30856228,2026-08-17,2026-08-17 18:18:39.925471,W.P. KUALA LUMPUR,KUALA LUMPUR,OUTLET BUAH BERMUSIM SRI RAMPAI - SETAPAK,Runcit,41,Buah-Buahan,01,005,DURIAN MUSANG KING / RAJA KUNYIT (D197),F.A.Q,Kilogram,25,56,
30856229,2026-08-17,2026-08-17 18:18:39.925471,W.P. KUALA LUMPUR,KUALA LUMPUR,OUTLET BUAH BERMUSIM SRI RAMPAI - SETAPAK,Runcit,41,Buah-Buahan,01,005,DURIAN MUSANG KING / RAJA KUNYIT (D197),F.A.Q,Kilogram,45,56,
30856230,2026-08-17,2026-08-17 18:18:39.925471,W.P. KUALA LUMPUR,KUALA LUMPUR,OUTLET BUAH BERMUSIM SRI RAMPAI - SETAPAK,Runcit,41,Buah-Buahan,01,005,DURIAN MUSANG KING / RAJA KUNYIT (D197),F.A.Q,Kilogram,30,56,
30856231,2026-08-17,2026-08-17 18:18:39.925471,W.P. KUALA LUMPUR,KUALA LUMPUR,OUTLET BUAH BERMUSIM SRI RAMPAI - SETAPAK,Runcit,41,Buah-Buahan,01,011,MANGGIS (IMPORT),F.A.Q,Kilogram,10,8.5,
30856232,2026-08-17,2026-08-17 18:18:39.925471,W.P. KUALA LUMPUR,KUALA LUMPUR,OUTLET BUAH BERMUSIM SRI RAMPAI - SETAPAK,Runcit,41,Buah-Buahan,01,012,PULASAN,F.A.Q,Kilogram,8,10,
30856233,2026-08-17,2026-08-17 18:18:39.925471,W.P. KUALA LUMPUR,KUALA LUMPUR,OUTLET BUAH BERMUSIM SRI RAMPAI - SETAPAK,Runcit,41,Buah-Buahan,01,014,RAMBUTAN ANAK SEKOLAH (R191),F.A.Q,Kilogram,8,7.5,
30856234,2026-08-17,2026-08-17 18:18:39.925471,W.P. KUALA LUMPUR,KUALA LUMPUR,OUTLET BUAH BERMUSIM SRI RAMPAI - SETAPAK,Runcit,41,Buah-Buahan,01,014,RAMBUTAN MERAH,F.A.Q,Kilogram,7,7,
30856235,2026-08-17,2026-08-17 23:08:29.996829,TERENGGANU,KUALA TERENGGANU,PASAR AWAM CHABANG TIGA,Runcit,,Buah-Buahan,02,036,ANGGUR HITAM TANPA BIJI,F.A.Q,Kilogram,24,24.48,
30856236,2026-08-17,2026-08-17 23:08:30.088061,TERENGGANU,KUALA TERENGGANU,PASAR AWAM CHABANG TIGA,Runcit,,Buah-Buahan,02,036,ANGGUR MERAH TANPA BIJI,F.A.Q,Kilogram,25,22.93,
30856237,2026-08-17,2026-08-17 23:08:30.167943,TERENGGANU,KUALA TERENGGANU,PASAR AWAM CHABANG TIGA,Runcit,,Buah-Buahan,02,044,BUAH NAGA/PITAYA ISI MERAH,F.A.Q,Kilogram,12,11.82,
30856238,2026-08-17,2026-08-17 23:08:30.22834,TERENGGANU,KUALA TERENGGANU,PASAR AWAM CHABANG TIGA,Runcit,,Buah-Buahan,01,003,CEMPEDAK KAMPUNG,F.A.Q,Kilogram,8,8.58,
30856239,2026-08-17,2026-08-17 23:08:30.308375,TERENGGANU,KUALA TERENGGANU,PASAR AWAM CHABANG TIGA,Runcit,,Buah-Buahan,02,008,CIKU,F.A.Q,Kilogram,11,10.67,
30856240,2026-08-17,2026-08-17 23:08:30.408671,TERENGGANU,KUALA TERENGGANU,PASAR AWAM CHABANG TIGA,Runcit,,Buah-Buahan,02,009,DURIAN BELANDA,F.A.Q,Kilogram,15,11.63,
30856241,2026-08-17,2026-08-17 23:08:30.500424,TERENGGANU,KUALA TERENGGANU,PASAR AWAM CHABANG TIGA,Runcit,,Buah-Buahan,02,037,EPAL HIJAU,SEDANG,Biji,1.5,1.36,
30856242,2026-08-17,2026-08-17 23:08:30.578889,TERENGGANU,KUALA TERENGGANU,PASAR AWAM CHABANG TIGA,Runcit,,Buah-Buahan,02,037,EPAL MERAH (FUJI),SEDANG,Biji,1.5,1.82,
30856243,2026-08-17,2026-08-17 23:08:30.639968,TERENGGANU,KUALA TERENGGANU,PASAR AWAM CHABANG TIGA,Runcit,,Buah-Buahan,02,012,JAMBU AIR  MADU / LOCENG,F.A.Q,Kilogram,14,12.93,
30856244,2026-08-17,2026-08-17 23:08:30.700377,TERENGGANU,KUALA TERENGGANU,PASAR AWAM CHABANG TIGA,Runcit,,Buah-Buahan,02,012,JAMBU BATU,F.A.Q,Kilogram,8,6,
30856245,2026-08-17,2026-08-17 23:08:30.767664,TERENGGANU,KUALA TERENGGANU,PASAR AWAM CHABANG TIGA,Runcit,,Buah-Buahan,02,012,JAMBU BATU TANPA BIJI,F.A.Q,Kilogram,10,8.53,
30856246,2026-08-17,2026-08-17 23:08:30.847337,TERENGGANU,KUALA TERENGGANU,PASAR AWAM CHABANG TIGA,Runcit,,Buah-Buahan,02,041,LAI KUNING,F.A.Q,Biji,1.5,1.86,
30856247,2026-08-17,2026-08-17 23:08:30.927726,TERENGGANU,KUALA TERENGGANU,PASAR AWAM CHABANG TIGA,Runcit,,Buah-Buahan,02,015,LIMAU BALI / PAMELO,F.A.Q,Kilogram,8,7.84,
30856248,2026-08-17,2026-08-17 23:08:31.001894,TERENGGANU,KUALA TERENGGANU,PASAR AWAM CHABANG TIGA,Runcit,,Buah-Buahan,02,045,LIMAU MANDARIN,SEDANG,Biji,2.5,3.6,
30856249,2026-08-17,2026-08-17 23:08:31.105446,TERENGGANU,KUALA TERENGGANU,PASAR AWAM CHABANG TIGA,Runcit,,Buah-Buahan,02,016,LIMAU MANIS,F.A.Q,Kilogram,12,9.14,
30856250,2026-08-17,2026-08-17 23:08:31.175203,TERENGGANU,KUALA TERENGGANU,PASAR AWAM CHABANG TIGA,Runcit,,Buah-Buahan,02,016,LIMAU MANIS (THAILAND),F.A.Q,Kilogram,12,7.8,
30856251,2026-08-17,2026-08-17 23:08:31.260372,TERENGGANU,KUALA TERENGGANU,PASAR AWAM CHABANG TIGA,Runcit,,Buah-Buahan,02,045,LIMAU OREN VALENCIA,SEDANG,Biji,2,1.87,
30856252,2026-08-17,2026-08-17 23:08:31.342542,TERENGGANU,KUALA TERENGGANU,PASAR AWAM CHABANG TIGA,Runcit,,Buah-Buahan,02,018,MANGGA CHOKANAN (MA224),F.A.Q,Kilogram,8,11,
30856253,2026-08-17,2026-08-17 23:08:31.420396,TERENGGANU,KUALA TERENGGANU,PASAR AWAM CHABANG TIGA,Runcit,,Buah-Buahan,02,018,MANGGA CHOKANAN (THAILAND),F.A.Q,Kilogram,7,7.78,
30856254,2026-08-17,2026-08-17 23:08:31.495451,TERENGGANU,KUALA TERENGGANU,PASAR AWAM CHABANG TIGA,Runcit,,Buah-Buahan,02,018,MANGGA HARUMANIS (THAILAND),F.A.Q,Kilogram,8,12,
30856255,2026-08-17,2026-08-17 23:08:31.60305,TERENGGANU,KUALA TERENGGANU,PASAR AWAM CHABANG TIGA,Runcit,,Buah-Buahan,02,018,MANGGA LEMAK MANIS (THAILAND),F.A.Q,Kilogram,8,7.63,
30856256,2026-08-17,2026-08-17 23:08:31.688149,TERENGGANU,KUALA TERENGGANU,PASAR AWAM CHABANG TIGA,Runcit,,Buah-Buahan,02,018,MANGGA MAS HITAM/THONG DAM (THAILAND),F.A.Q,Kilogram,8,8.8,
30856257,2026-08-17,2026-08-17 23:08:31.775003,TERENGGANU,KUALA TERENGGANU,PASAR AWAM CHABANG TIGA,Runcit,,Buah-Buahan,02,018,MANGGA SUSU (THAILAND),F.A.Q,Kilogram,8,8.39,
30856258,2026-08-17,2026-08-17 23:08:31.848197,TERENGGANU,KUALA TERENGGANU,PASAR AWAM CHABANG TIGA,Runcit,,Buah-Buahan,01,011,MANGGIS,F.A.Q,Kilogram,8,12.25,
30856259,2026-08-17,2026-08-17 23:08:31.93543,TERENGGANU,KUALA TERENGGANU,PASAR AWAM CHABANG TIGA,Runcit,,Buah-Buahan,01,020,MATA KUCING / LONGAN,F.A.Q,Kilogram,14,11.52,
30856260,2026-08-17,2026-08-17 23:08:32.014583,TERENGGANU,KUALA TERENGGANU,PASAR AWAM CHABANG TIGA,Runcit,,Buah-Buahan,02,023,NANAS MD2 (AC9),F.A.Q,Kilogram,6,5.17,
30856261,2026-08-17,2026-08-17 23:08:32.087739,TERENGGANU,KUALA TERENGGANU,PASAR AWAM CHABANG TIGA,Runcit,,Buah-Buahan,02,023,NANAS MORIS (AC1),SEDANG,Kilogram,5,3.95,
30856262,2026-08-17,2026-08-17 23:08:32.16517,TERENGGANU,KUALA TERENGGANU,PASAR AWAM CHABANG TIGA,Runcit,,Buah-Buahan,02,028,PISANG EMBUN (MP7),F.A.Q,Kilogram,7,4.31,
30856263,2026-08-17,2026-08-17 23:08:32.225125,TERENGGANU,KUALA TERENGGANU,PASAR AWAM CHABANG TIGA,Runcit,,Buah-Buahan,02,028,PISANG NANGKA (MP2),F.A.Q,Kilogram,7,4.75,
30856264,2026-08-17,2026-08-17 23:08:32.285028,TERENGGANU,KUALA TERENGGANU,PASAR AWAM CHABANG TIGA,Runcit,,Buah-Buahan,02,028,PISANG NIPAH (MP5) / ABU (MP6) / SABAH / KAPOK,F.A.Q,Kilogram,8,4.6,
30856265,2026-08-17,2026-08-17 23:08:32.357066,TERENGGANU,KUALA TERENGGANU,PASAR AWAM CHABANG TIGA,Runcit,,Buah-Buahan,02,028,PISANG RASTALI (MP9),F.A.Q,Kilogram,8,4.92,
30856266,2026-08-17,2026-08-17 23:08:32.43716,TERENGGANU,KUALA TERENGGANU,PASAR AWAM CHABANG TIGA,Runcit,,Buah-Buahan,02,028,PISANG TANDUK,F.A.Q,Kilogram,8,6.32,
30856267,2026-08-17,2026-08-17 23:08:32.521554,TERENGGANU,KUALA TERENGGANU,PASAR AWAM CHABANG TIGA,Runcit,,Buah-Buahan,01,014,RAMBUTAN ANAK SEKOLAH (R191),F.A.Q,Kilogram,7,9.33,
30856268,2026-08-17,2026-08-17 23:08:32.604797,TERENGGANU,KUALA TERENGGANU,PASAR AWAM CHABANG TIGA,Runcit,,Buah-Buahan,01,014,RAMBUTAN MERAH (IMPORT),F.A.Q,Kilogram,7,9,
30856269,2026-08-17,2026-08-17 23:08:32.711633,TERENGGANU,KUALA TERENGGANU,PASAR AWAM CHABANG TIGA,Runcit,,Buah-Buahan,02,034,ROCK MELON,F.A.Q,Kilogram,7,8.37,
30856270,2026-08-17,2026-08-17 23:08:32.855149,TERENGGANU,KUALA TERENGGANU,PASAR AWAM CHABANG TIGA,Runcit,,Buah-Buahan,02,034,TEMBIKAI KUNING,F.A.Q,Kilogram,4,4,
30856271,2026-08-17,2026-08-17 23:08:32.934501,TERENGGANU,KUALA TERENGGANU,PASAR AWAM CHABANG TIGA,Runcit,,Buah-Buahan,02,034,TEMBIKAI WANGI / HONEY DEW,F.A.Q,Kilogram,6,6.14,
30856272,2026-08-17,2026-08-17 23:16:03.501043,TERENGGANU,KUALA TERENGGANU,PASAR BESAR KEDAI PAYANG,Runcit,,Buah-Buahan,02,036,ANGGUR HIJAU TANPA BIJI,F.A.Q,Kilogram,25,24,
30856273,2026-08-17,2026-08-17 23:16:03.579582,TERENGGANU,KUALA TERENGGANU,PASAR BESAR KEDAI PAYANG,Runcit,,Buah-Buahan,02,036,ANGGUR HITAM TANPA BIJI,F.A.Q,Kilogram,24,24.48,
30856274,2026-08-17,2026-08-17 23:16:03.656425,TERENGGANU,KUALA TERENGGANU,PASAR BESAR KEDAI PAYANG,Runcit,,Buah-Buahan,02,036,ANGGUR MERAH TANPA BIJI,F.A.Q,Kilogram,25,22.93,
30856275,2026-08-17,2026-08-17 23:16:03.717578,TERENGGANU,KUALA TERENGGANU,PASAR BESAR KEDAI PAYANG,Runcit,,Buah-Buahan,02,044,BUAH NAGA/PITAYA ISI MERAH,F.A.Q,Kilogram,14,11.82,
30856276,2026-08-17,2026-08-17 23:16:03.780085,TERENGGANU,KUALA TERENGGANU,PASAR BESAR KEDAI PAYANG,Runcit,,Buah-Buahan,02,008,CIKU,F.A.Q,Kilogram,9,10.67,
30856277,2026-08-17,2026-08-17 23:16:03.853127,TERENGGANU,KUALA TERENGGANU,PASAR BESAR KEDAI PAYANG,Runcit,,Buah-Buahan,02,037,EPAL HIJAU,SEDANG,Biji,1.5,1.36,
30856278,2026-08-17,2026-08-17 23:16:03.90841,TERENGGANU,KUALA TERENGGANU,PASAR BESAR KEDAI PAYANG,Runcit,,Buah-Buahan,02,037,EPAL MERAH (FUJI),SEDANG,Biji,1.5,1.82,
30856279,2026-08-17,2026-08-17 23:16:03.967742,TERENGGANU,KUALA TERENGGANU,PASAR BESAR KEDAI PAYANG,Runcit,,Buah-Buahan,02,012,JAMBU AIR  MADU / LOCENG,F.A.Q,Kilogram,10,12.93,
30856280,2026-08-17,2026-08-17 23:16:04.041004,TERENGGANU,KUALA TERENGGANU,PASAR BESAR KEDAI PAYANG,Runcit,,Buah-Buahan,02,012,JAMBU BATU,F.A.Q,Kilogram,8,6,
30856281,2026-08-17,2026-08-17 23:16:04.099697,TERENGGANU,KUALA TERENGGANU,PASAR BESAR KEDAI PAYANG,Runcit,,Buah-Buahan,02,012,JAMBU BATU TANPA BIJI,F.A.Q,Kilogram,10,8.53,
30856282,2026-08-17,2026-08-17 23:16:04.179566,TERENGGANU,KUALA TERENGGANU,PASAR BESAR KEDAI PAYANG,Runcit,,Buah-Buahan,02,041,LAI KUNING,F.A.Q,Biji,1.5,1.86,
30856283,2026-08-17,2026-08-17 23:16:04.259433,TERENGGANU,KUALA TERENGGANU,PASAR BESAR KEDAI PAYANG,Runcit,,Buah-Buahan,02,045,LIMAU MANDARIN,SEDANG,Biji,2,3.6,
30856284,2026-08-17,2026-08-17 23:16:04.33286,TERENGGANU,KUALA TERENGGANU,PASAR BESAR KEDAI PAYANG,Runcit,,Buah-Buahan,02,016,LIMAU MANIS,F.A.Q,Kilogram,12,9.14,
30856285,2026-08-17,2026-08-17 23:16:04.412868,TERENGGANU,KUALA TERENGGANU,PASAR BESAR KEDAI PAYANG,Runcit,,Buah-Buahan,02,016,LIMAU MANIS (THAILAND),F.A.Q,Kilogram,10,7.8,
30856286,2026-08-17,2026-08-17 23:16:04.499853,TERENGGANU,KUALA TERENGGANU,PASAR BESAR KEDAI PAYANG,Runcit,,Buah-Buahan,02,045,LIMAU OREN VALENCIA,SEDANG,Biji,3,1.87,
30856287,2026-08-17,2026-08-17 23:16:04.580165,TERENGGANU,KUALA TERENGGANU,PASAR BESAR KEDAI PAYANG,Runcit,,Buah-Buahan,02,018,MANGGA CHOKANAN (THAILAND),F.A.Q,Kilogram,8,7.78,
30856288,2026-08-17,2026-08-17 23:16:04.660865,TERENGGANU,KUALA TERENGGANU,PASAR BESAR KEDAI PAYANG,Runcit,,Buah-Buahan,02,018,MANGGA HARUMANIS (THAILAND),F.A.Q,Kilogram,7,12,
30856289,2026-08-17,2026-08-17 23:16:04.747505,TERENGGANU,KUALA TERENGGANU,PASAR BESAR KEDAI PAYANG,Runcit,,Buah-Buahan,02,018,MANGGA LEMAK MANIS (THAILAND),F.A.Q,Kilogram,8,7.63,
30856290,2026-08-17,2026-08-17 23:16:04.812569,TERENGGANU,KUALA TERENGGANU,PASAR BESAR KEDAI PAYANG,Runcit,,Buah-Buahan,02,018,MANGGA MAS HITAM/THONG DAM (THAILAND),F.A.Q,Kilogram,10,8.8,
30856291,2026-08-17,2026-08-17 23:16:04.892798,TERENGGANU,KUALA TERENGGANU,PASAR BESAR KEDAI PAYANG,Runcit,,Buah-Buahan,02,018,MANGGA SUSU (THAILAND),F.A.Q,Kilogram,8,8.39,
30856292,2026-08-17,2026-08-17 23:16:04.972066,TERENGGANU,KUALA TERENGGANU,PASAR BESAR KEDAI PAYANG,Runcit,,Buah-Buahan,01,011,MANGGIS,F.A.Q,Kilogram,8,12.25,
30856293,2026-08-17,2026-08-17 23:16:05.053542,TERENGGANU,KUALA TERENGGANU,PASAR BESAR KEDAI PAYANG,Runcit,,Buah-Buahan,01,020,MATA KUCING / LONGAN,F.A.Q,Kilogram,14,11.52,
30856294,2026-08-17,2026-08-17 23:16:05.141733,TERENGGANU,KUALA TERENGGANU,PASAR BESAR KEDAI PAYANG,Runcit,,Buah-Buahan,02,023,NANAS MD2 (AC9),F.A.Q,Kilogram,6,5.17,
30856295,2026-08-17,2026-08-17 23:16:05.208231,TERENGGANU,KUALA TERENGGANU,PASAR BESAR KEDAI PAYANG,Runcit,,Buah-Buahan,02,023,NANAS MORIS (AC1),SEDANG,Kilogram,5,3.95,
30856296,2026-08-17,2026-08-17 23:16:05.280668,TERENGGANU,KUALA TERENGGANU,PASAR BESAR KEDAI PAYANG,Runcit,,Buah-Buahan,02,028,PISANG NANGKA (MP2),F.A.Q,Kilogram,7,4.75,
30856297,2026-08-17,2026-08-17 23:16:05.32909,TERENGGANU,KUALA TERENGGANU,PASAR BESAR KEDAI PAYANG,Runcit,,Buah-Buahan,02,028,PISANG RASTALI (MP9),F.A.Q,Kilogram,8,4.92,
30856298,2026-08-17,2026-08-17 23:16:05.369928,TERENGGANU,KUALA TERENGGANU,PASAR BESAR KEDAI PAYANG,Runcit,,Buah-Buahan,02,028,PISANG TANDUK,F.A.Q,Kilogram,6,6.32,
30856299,2026-08-17,2026-08-17 23:16:05.420647,TERENGGANU,KUALA TERENGGANU,PASAR BESAR KEDAI PAYANG,Runcit,,Buah-Buahan,01,014,RAMBUTAN ANAK SEKOLAH (R191),F.A.Q,Kilogram,8,9.33,
30856300,2026-08-17,2026-08-17 23:16:05.500086,TERENGGANU,KUALA TERENGGANU,PASAR BESAR KEDAI PAYANG,Runcit,,Buah-Buahan,01,014,RAMBUTAN MERAH (IMPORT),F.A.Q,Kilogram,8,9,
30856301,2026-08-17,2026-08-17 23:16:05.579194,TERENGGANU,KUALA TERENGGANU,PASAR BESAR KEDAI PAYANG,Runcit,,Buah-Buahan,02,034,ROCK MELON,F.A.Q,Kilogram,6,8.37,
30856302,2026-08-17,2026-08-17 23:16:05.6489,TERENGGANU,KUALA TERENGGANU,PASAR BESAR KEDAI PAYANG,Runcit,,Buah-Buahan,02,034,TEMBIKAI KUNING,F.A.Q,Kilogram,4,4,
30856303,2026-08-17,2026-08-17 23:16:05.735142,TERENGGANU,KUALA TERENGGANU,PASAR BESAR KEDAI PAYANG,Runcit,,Buah-Buahan,02,034,TEMBIKAI WANGI / HONEY DEW,F.A.Q,Kilogram,7,6.14,
30856304,2026-08-17,2026-08-18 02:34:09.553112,KELANTAN,BACHOK,[LOKASI KUTIPAN HARGA LADANG] KAMPUNG CHANGGONG,Ladang,,Tanaman Kontan,05,001,KELAPA DIKUPAS,SEDANG,Biji,1.3,1.3,
30856306,2026-08-17,2026-08-18 02:34:54.965529,KELANTAN,KOTA BHARU,PASAR BORONG RTC KOTA BHARU,Borong,20,Tanaman Kontan,05,001,KELAPA DIKUPAS,SEDANG,Biji,1.7,1.7,
30856310,2026-08-17,2026-08-18 02:36:13.826133,KELANTAN,KOTA BHARU,PASAR BESAR SITI KHADIJAH,Runcit,26,Tanaman Kontan,05,001,KELAPA DIKUPAS,SEDANG,Biji,2.2,2.2,
30856311,2026-08-17,2026-08-18 02:36:13.826133,KELANTAN,KOTA BHARU,PASAR BESAR SITI KHADIJAH,Runcit,26,Tanaman Kontan,05,001,KELAPA DIKUPAS,SEDANG,Biji,2.2,2.2,
30856312,2026-08-17,2026-08-18 02:37:05.025861,KELANTAN,KOTA BHARU,PASAR BORONG RTC KOTA BHARU,Borong,20,Buah-Buahan,02,023,NANAS JOSAPINE (AC5),F.A.Q,Kilogram,3,3,
30856313,2026-08-17,2026-08-18 02:37:05.025861,KELANTAN,KOTA BHARU,PASAR BORONG RTC KOTA BHARU,Borong,20,Buah-Buahan,02,023,NANAS JOSAPINE (AC5),F.A.Q,Kilogram,3,3,
30856317,2026-08-17,2026-08-18 02:38:52.68824,KELANTAN,KOTA BHARU,PASAR BESAR SITI KHADIJAH,Runcit,26,Buah-Buahan,02,023,NANAS JOSAPINE (AC5),F.A.Q,Kilogram,4,4,
30856318,2026-08-17,2026-08-18 02:38:52.68824,KELANTAN,KOTA BHARU,PASAR BESAR SITI KHADIJAH,Runcit,26,Buah-Buahan,02,023,NANAS JOSAPINE (AC5),F.A.Q,Kilogram,4,4,
30856319,2026-08-17,2026-08-18 02:38:52.68824,KELANTAN,KOTA BHARU,PASAR BESAR SITI KHADIJAH,Runcit,26,Buah-Buahan,02,023,NANAS JOSAPINE (AC5),F.A.Q,Kilogram,4,4,
30856477,2026-08-17,2026-08-18 07:47:26.082033,W.P. KUALA LUMPUR,KUALA LUMPUR,[LOKASI KUTIPAN HARGA RUNCIT - OUTLET BUAH BERMUSIM] KAMPUNG BARU,Runcit,41,Buah-Buahan,01,005,DURIAN DURI HITAM / OCHII (D200),F.A.Q,Kilogram,50,51.6,
30856478,2026-08-17,2026-08-18 07:47:26.082033,W.P. KUALA LUMPUR,KUALA LUMPUR,[LOKASI KUTIPAN HARGA RUNCIT - OUTLET BUAH BERMUSIM] KAMPUNG BARU,Runcit,41,Buah-Buahan,01,005,DURIAN IOI (D168),F.A.Q,Kilogram,30,36.5,
30856479,2026-08-17,2026-08-18 07:47:26.082033,W.P. KUALA LUMPUR,KUALA LUMPUR,[LOKASI KUTIPAN HARGA RUNCIT - OUTLET BUAH BERMUSIM] KAMPUNG BARU,Runcit,41,Buah-Buahan,01,005,DURIAN KAMPUNG,F.A.Q,Kilogram,15,14,
30856480,2026-08-17,2026-08-18 07:47:26.082033,W.P. KUALA LUMPUR,KUALA LUMPUR,[LOKASI KUTIPAN HARGA RUNCIT - OUTLET BUAH BERMUSIM] KAMPUNG BARU,Runcit,41,Buah-Buahan,01,005,DURIAN MUSANG KING / RAJA KUNYIT (D197),F.A.Q,Kilogram,50,56,
30856481,2026-08-17,2026-08-18 07:47:26.082033,W.P. KUALA LUMPUR,KUALA LUMPUR,[LOKASI KUTIPAN HARGA RUNCIT - OUTLET BUAH BERMUSIM] KAMPUNG BARU,Runcit,41,Buah-Buahan,01,012,PULASAN,F.A.Q,Kilogram,10,10,
30856482,2026-08-17,2026-08-18 07:47:26.082033,W.P. KUALA LUMPUR,KUALA LUMPUR,[LOKASI KUTIPAN HARGA RUNCIT - OUTLET BUAH BERMUSIM] KAMPUNG BARU,Runcit,41,Buah-Buahan,01,014,RAMBUTAN ANAK SEKOLAH (R191),F.A.Q,Kilogram,10,7.5,
30856486,2026-08-17,2026-08-18 07:50:49.282509,W.P. KUALA LUMPUR,KUALA LUMPUR,[LOKASI KUTIPAN HARGA RUNCIT - OUTLET BUAH BERMUSIM] KERAMAT,Runcit,41,Buah-Buahan,01,005,DURIAN MUSANG KING / RAJA KUNYIT (D197),F.A.Q,Kilogram,50,56,
30856487,2026-08-17,2026-08-18 07:50:49.282509,W.P. KUALA LUMPUR,KUALA LUMPUR,[LOKASI KUTIPAN HARGA RUNCIT - OUTLET BUAH BERMUSIM] KERAMAT,Runcit,41,Buah-Buahan,01,014,RAMBUTAN ANAK SEKOLAH (R191),F.A.Q,Kilogram,9,7.5,
30858494,2026-08-17,2026-08-18 09:39:15.628075,PERAK,KAMPAR,[PASAR AWAM] GOPENG,Ladang,26,Buah-Buahan,01,004,DOKONG,F.A.Q,Kilogram,3,3.5,
30858495,2026-08-17,2026-08-18 09:39:15.628075,PERAK,KAMPAR,[PASAR AWAM] GOPENG,Ladang,26,Buah-Buahan,01,005,DURIAN KAMPUNG,F.A.Q,Kilogram,3,5.7,
30858496,2026-08-17,2026-08-18 09:39:15.628075,PERAK,KAMPAR,[PASAR AWAM] GOPENG,Ladang,26,Buah-Buahan,01,011,MANGGIS,F.A.Q,Kilogram,3,7,
30858497,2026-08-17,2026-08-18 09:39:15.628075,PERAK,KAMPAR,[PASAR AWAM] GOPENG,Ladang,26,Buah-Buahan,01,014,RAMBUTAN ANAK SEKOLAH (R191),F.A.Q,Kilogram,3,3.5,
30859284,2026-08-17,2026-08-18 10:10:46.494499,KELANTAN,KOTA BHARU,PASAR BORONG RTC KOTA BHARU,Borong,20,Buah-Buahan,02,036,ANGGUR HIJAU TANPA BIJI,F.A.Q,Kilogram,20,20,
30859285,2026-08-17,2026-08-18 10:10:46.494499,KELANTAN,KOTA BHARU,PASAR BORONG RTC KOTA BHARU,Borong,20,Buah-Buahan,02,036,ANGGUR HIJAU TANPA BIJI,F.A.Q,Kilogram,20,20,
30859286,2026-08-17,2026-08-18 10:10:46.494499,KELANTAN,KOTA BHARU,PASAR BORONG RTC KOTA BHARU,Borong,20,Buah-Buahan,02,036,ANGGUR HIJAU TANPA BIJI,F.A.Q,Kilogram,20,20,
30859287,2026-08-17,2026-08-18 10:10:46.494499,KELANTAN,KOTA BHARU,PASAR BORONG RTC KOTA BHARU,Borong,20,Buah-Buahan,02,036,ANGGUR HITAM TANPA BIJI,F.A.Q,Kilogram,20,19.09,
30859288,2026-08-17,2026-08-18 10:10:46.494499,KELANTAN,KOTA BHARU,PASAR BORONG RTC KOTA BHARU,Borong,20,Buah-Buahan,02,036,ANGGUR HITAM TANPA BIJI,F.A.Q,Kilogram,20,19.09,
30859289,2026-08-17,2026-08-18 10:10:46.494499,KELANTAN,KOTA BHARU,PASAR BORONG RTC KOTA BHARU,Borong,20,Buah-Buahan,02,036,ANGGUR MERAH TANPA BIJI,F.A.Q,Kilogram,20,20,
30859290,2026-08-17,2026-08-18 10:10:46.494499,KELANTAN,KOTA BHARU,PASAR BORONG RTC KOTA BHARU,Borong,20,Buah-Buahan,02,036,ANGGUR MERAH TANPA BIJI,F.A.Q,Kilogram,20,20,
30859291,2026-08-17,2026-08-18 10:10:46.494499,KELANTAN,KOTA BHARU,PASAR BORONG RTC KOTA BHARU,Borong,20,Buah-Buahan,02,036,ANGGUR MERAH TANPA BIJI,F.A.Q,Kilogram,20,20,
30859292,2026-08-17,2026-08-18 10:10:46.494499,KELANTAN,KOTA BHARU,PASAR BORONG RTC KOTA BHARU,Borong,20,Buah-Buahan,02,044,BUAH NAGA/PITAYA ISI MERAH,F.A.Q,Kilogram,8,8.69,
30859293,2026-08-17,2026-08-18 10:10:46.494499,KELANTAN,KOTA BHARU,PASAR BORONG RTC KOTA BHARU,Borong,20,Buah-Buahan,02,044,BUAH NAGA/PITAYA ISI MERAH,F.A.Q,Kilogram,8,8.69,
30859294,2026-08-17,2026-08-18 10:10:46.494499,KELANTAN,KOTA BHARU,PASAR BORONG RTC KOTA BHARU,Borong,20,Buah-Buahan,02,044,BUAH NAGA/PITAYA ISI MERAH,F.A.Q,Kilogram,8,8.69,
30859295,2026-08-17,2026-08-18 10:10:46.494499,KELANTAN,KOTA BHARU,PASAR BORONG RTC KOTA BHARU,Borong,20,Buah-Buahan,02,037,EPAL HIJAU,SEDANG,Biji,1.25,0.87,
30859296,2026-08-17,2026-08-18 10:10:46.494499,KELANTAN,KOTA BHARU,PASAR BORONG RTC KOTA BHARU,Borong,20,Buah-Buahan,02,037,EPAL HIJAU,SEDANG,Biji,1.2,0.87,
30859297,2026-08-17,2026-08-18 10:10:46.494499,KELANTAN,KOTA BHARU,PASAR BORONG RTC KOTA BHARU,Borong,20,Buah-Buahan,02,037,EPAL MERAH (FUJI),SEDANG,Biji,1.25,1.01,
30859298,2026-08-17,2026-08-18 10:10:46.494499,KELANTAN,KOTA BHARU,PASAR BORONG RTC KOTA BHARU,Borong,20,Buah-Buahan,02,037,EPAL MERAH (FUJI),SEDANG,Biji,1.25,1.01,
30859299,2026-08-17,2026-08-18 10:10:46.494499,KELANTAN,KOTA BHARU,PASAR BORONG RTC KOTA BHARU,Borong,20,Buah-Buahan,02,012,JAMBU AIR  MADU / LOCENG,F.A.Q,Kilogram,11,10,
30859300,2026-08-17,2026-08-18 10:10:46.494499,KELANTAN,KOTA BHARU,PASAR BORONG RTC KOTA BHARU,Borong,20,Buah-Buahan,02,012,JAMBU AIR  MADU / LOCENG,F.A.Q,Kilogram,11.5,10,
30859301,2026-08-17,2026-08-18 10:10:46.494499,KELANTAN,KOTA BHARU,PASAR BORONG RTC KOTA BHARU,Borong,20,Buah-Buahan,02,012,JAMBU AIR  MADU / LOCENG,F.A.Q,Kilogram,11.5,10,
30859302,2026-08-17,2026-08-18 10:10:46.494499,KELANTAN,KOTA BHARU,PASAR BORONG RTC KOTA BHARU,Borong,20,Buah-Buahan,02,012,JAMBU BATU,F.A.Q,Kilogram,4,4,
30859303,2026-08-17,2026-08-18 10:10:46.494499,KELANTAN,KOTA BHARU,PASAR BORONG RTC KOTA BHARU,Borong,20,Buah-Buahan,02,012,JAMBU BATU,F.A.Q,Kilogram,4,4,
30859304,2026-08-17,2026-08-18 10:10:46.494499,KELANTAN,KOTA BHARU,PASAR BORONG RTC KOTA BHARU,Borong,20,Buah-Buahan,02,012,JAMBU BATU,F.A.Q,Kilogram,4,4,
30859305,2026-08-17,2026-08-18 10:10:46.494499,KELANTAN,KOTA BHARU,PASAR BORONG RTC KOTA BHARU,Borong,20,Buah-Buahan,02,012,JAMBU BATU TANPA BIJI,F.A.Q,Kilogram,5,5,
30859306,2026-08-17,2026-08-18 10:10:46.494499,KELANTAN,KOTA BHARU,PASAR BORONG RTC KOTA BHARU,Borong,20,Buah-Buahan,02,012,JAMBU BATU TANPA BIJI,F.A.Q,Kilogram,5,5,
30859307,2026-08-17,2026-08-18 10:10:46.494499,KELANTAN,KOTA BHARU,PASAR BORONG RTC KOTA BHARU,Borong,20,Buah-Buahan,02,012,JAMBU BATU TANPA BIJI,F.A.Q,Kilogram,5,5,
30859308,2026-08-17,2026-08-18 10:10:46.494499,KELANTAN,KOTA BHARU,PASAR BORONG RTC KOTA BHARU,Borong,20,Buah-Buahan,02,041,LAI KUNING,F.A.Q,Biji,1.5,1.45,
30859309,2026-08-17,2026-08-18 10:10:46.494499,KELANTAN,KOTA BHARU,PASAR BORONG RTC KOTA BHARU,Borong,20,Buah-Buahan,02,041,LAI KUNING,F.A.Q,Biji,1.5,1.45,
30859310,2026-08-17,2026-08-18 10:10:46.494499,KELANTAN,KOTA BHARU,PASAR BORONG RTC KOTA BHARU,Borong,20,Buah-Buahan,02,041,LAI KUNING,F.A.Q,Biji,1.5,1.45,
30859311,2026-08-17,2026-08-18 10:10:46.494499,KELANTAN,KOTA BHARU,PASAR BORONG RTC KOTA BHARU,Borong,20,Buah-Buahan,02,015,LIMAU BALI / PAMELO,F.A.Q,Kilogram,8,8,
30859312,2026-08-17,2026-08-18 10:10:46.494499,KELANTAN,KOTA BHARU,PASAR BORONG RTC KOTA BHARU,Borong,20,Buah-Buahan,02,015,LIMAU BALI / PAMELO,F.A.Q,Kilogram,8.5,8,
30859313,2026-08-17,2026-08-18 10:10:46.494499,KELANTAN,KOTA BHARU,PASAR BORONG RTC KOTA BHARU,Borong,20,Buah-Buahan,02,015,LIMAU BALI / PAMELO,F.A.Q,Kilogram,8.5,8,
30859314,2026-08-17,2026-08-18 10:10:46.494499,KELANTAN,KOTA BHARU,PASAR BORONG RTC KOTA BHARU,Borong,20,Buah-Buahan,02,016,LIMAU MANIS,F.A.Q,Kilogram,6.5,6.5,
30859315,2026-08-17,2026-08-18 10:10:46.494499,KELANTAN,KOTA BHARU,PASAR BORONG RTC KOTA BHARU,Borong,20,Buah-Buahan,02,016,LIMAU MANIS,F.A.Q,Kilogram,6.5,6.5,
30859316,2026-08-17,2026-08-18 10:10:46.494499,KELANTAN,KOTA BHARU,PASAR BORONG RTC KOTA BHARU,Borong,20,Buah-Buahan,02,016,LIMAU MANIS,F.A.Q,Kilogram,6.5,6.5,
30859317,2026-08-17,2026-08-18 10:10:46.494499,KELANTAN,KOTA BHARU,PASAR BORONG RTC KOTA BHARU,Borong,20,Buah-Buahan,02,045,LIMAU OREN VALENCIA,SEDANG,Biji,1.3,0.95,
30859318,2026-08-17,2026-08-18 10:10:46.494499,KELANTAN,KOTA BHARU,PASAR BORONG RTC KOTA BHARU,Borong,20,Buah-Buahan,02,045,LIMAU OREN VALENCIA,SEDANG,Biji,1.3,0.95,
30859319,2026-08-17,2026-08-18 10:10:46.494499,KELANTAN,KOTA BHARU,PASAR BORONG RTC KOTA BHARU,Borong,20,Buah-Buahan,01,020,MATA KUCING / LONGAN,F.A.Q,Kilogram,7,8.27,
30859320,2026-08-17,2026-08-18 10:10:46.494499,KELANTAN,KOTA BHARU,PASAR BORONG RTC KOTA BHARU,Borong,20,Buah-Buahan,01,020,MATA KUCING / LONGAN,F.A.Q,Kilogram,7,8.27,
30859321,2026-08-17,2026-08-18 10:10:46.494499,KELANTAN,KOTA BHARU,PASAR BORONG RTC KOTA BHARU,Borong,20,Buah-Buahan,02,023,NANAS MD2 (AC9),F.A.Q,Kilogram,3.5,3.35,
30859322,2026-08-17,2026-08-18 10:10:46.494499,KELANTAN,KOTA BHARU,PASAR BORONG RTC KOTA BHARU,Borong,20,Buah-Buahan,02,023,NANAS MD2 (AC9),F.A.Q,Kilogram,3.5,3.35,
30859323,2026-08-17,2026-08-18 10:10:46.494499,KELANTAN,KOTA BHARU,PASAR BORONG RTC KOTA BHARU,Borong,20,Buah-Buahan,02,023,NANAS MD2 (AC9),F.A.Q,Kilogram,3.5,3.35,
30859324,2026-08-17,2026-08-18 10:10:46.494499,KELANTAN,KOTA BHARU,PASAR BORONG RTC KOTA BHARU,Borong,20,Buah-Buahan,02,028,PISANG NANGKA (MP2),F.A.Q,Kilogram,3.5,3.5,
30859325,2026-08-17,2026-08-18 10:10:46.494499,KELANTAN,KOTA BHARU,PASAR BORONG RTC KOTA BHARU,Borong,20,Buah-Buahan,02,028,PISANG NANGKA (MP2),F.A.Q,Kilogram,3.5,3.5,
30859326,2026-08-17,2026-08-18 10:10:46.494499,KELANTAN,KOTA BHARU,PASAR BORONG RTC KOTA BHARU,Borong,20,Buah-Buahan,02,028,PISANG NANGKA (MP2),F.A.Q,Kilogram,3.5,3.5,
30859327,2026-08-17,2026-08-18 10:10:46.494499,KELANTAN,KOTA BHARU,PASAR BORONG RTC KOTA BHARU,Borong,20,Buah-Buahan,02,028,PISANG NIPAH (MP5) / ABU (MP6) / SABAH / KAPOK,F.A.Q,Kilogram,3,2.94,
30859328,2026-08-17,2026-08-18 10:10:46.494499,KELANTAN,KOTA BHARU,PASAR BORONG RTC KOTA BHARU,Borong,20,Buah-Buahan,02,028,PISANG NIPAH (MP5) / ABU (MP6) / SABAH / KAPOK,F.A.Q,Kilogram,3.2,2.94,
30859529,2026-08-17,2026-08-18 10:17:37.300164,NEGERI SEMBILAN,SEREMBAN,,Ladang,,Buah-Buahan,02,028,PISANG NANGKA (MP2),F.A.Q,Kilogram,4,1.68,
30859530,2026-08-17,2026-08-18 10:17:37.300164,NEGERI SEMBILAN,SEREMBAN,,Ladang,,Buah-Buahan,02,028,PISANG TANDUK,F.A.Q,Kilogram,4.5,2.33,
30859654,2026-08-17,2026-08-18 10:22:28.606427,KELANTAN,KOTA BHARU,PASAR BESAR SITI KHADIJAH,Runcit,26,Buah-Buahan,02,036,ANGGUR HIJAU TANPA BIJI,F.A.Q,Kilogram,22,22,
30859655,2026-08-17,2026-08-18 10:22:28.606427,KELANTAN,KOTA BHARU,PASAR BESAR SITI KHADIJAH,Runcit,26,Buah-Buahan,02,036,ANGGUR HIJAU TANPA BIJI,F.A.Q,Kilogram,22,22,
30859656,2026-08-17,2026-08-18 10:22:28.606427,KELANTAN,KOTA BHARU,PASAR BESAR SITI KHADIJAH,Runcit,26,Buah-Buahan,02,036,ANGGUR HIJAU TANPA BIJI,F.A.Q,Kilogram,22,22,
30859657,2026-08-17,2026-08-18 10:22:28.606427,KELANTAN,KOTA BHARU,PASAR BESAR SITI KHADIJAH,Runcit,26,Buah-Buahan,02,036,ANGGUR HITAM TANPA BIJI,F.A.Q,Kilogram,23,24.48,
30859658,2026-08-17,2026-08-18 10:22:28.606427,KELANTAN,KOTA BHARU,PASAR BESAR SITI KHADIJAH,Runcit,26,Buah-Buahan,02,036,ANGGUR HITAM TANPA BIJI,F.A.Q,Kilogram,23,24.48,
30859659,2026-08-17,2026-08-18 10:22:28.606427,KELANTAN,KOTA BHARU,PASAR BESAR SITI KHADIJAH,Runcit,26,Buah-Buahan,02,036,ANGGUR MERAH TANPA BIJI,F.A.Q,Kilogram,22,22.5,
30859660,2026-08-17,2026-08-18 10:22:28.606427,KELANTAN,KOTA BHARU,PASAR BESAR SITI KHADIJAH,Runcit,26,Buah-Buahan,02,036,ANGGUR MERAH TANPA BIJI,F.A.Q,Kilogram,22,22.5,
30859661,2026-08-17,2026-08-18 10:22:28.606427,KELANTAN,KOTA BHARU,PASAR BESAR SITI KHADIJAH,Runcit,26,Buah-Buahan,02,044,BUAH NAGA/PITAYA ISI MERAH,F.A.Q,Kilogram,11,11.82,
30859662,2026-08-17,2026-08-18 10:22:28.606427,KELANTAN,KOTA BHARU,PASAR BESAR SITI KHADIJAH,Runcit,26,Buah-Buahan,02,044,BUAH NAGA/PITAYA ISI MERAH,F.A.Q,Kilogram,11,11.82,
30859663,2026-08-17,2026-08-18 10:22:28.606427,KELANTAN,KOTA BHARU,PASAR BESAR SITI KHADIJAH,Runcit,26,Buah-Buahan,02,044,BUAH NAGA/PITAYA ISI MERAH,F.A.Q,Kilogram,11,11.82,
30859664,2026-08-17,2026-08-18 10:22:28.606427,KELANTAN,KOTA BHARU,PASAR BESAR SITI KHADIJAH,Runcit,26,Buah-Buahan,02,037,EPAL HIJAU,SEDANG,Biji,2,1.36,
30859665,2026-08-17,2026-08-18 10:22:28.606427,KELANTAN,KOTA BHARU,PASAR BESAR SITI KHADIJAH,Runcit,26,Buah-Buahan,02,037,EPAL HIJAU,SEDANG,Biji,2,1.36,
30859666,2026-08-17,2026-08-18 10:22:28.606427,KELANTAN,KOTA BHARU,PASAR BESAR SITI KHADIJAH,Runcit,26,Buah-Buahan,02,037,EPAL MERAH (FUJI),SEDANG,Biji,2,1.82,
30859667,2026-08-17,2026-08-18 10:22:28.606427,KELANTAN,KOTA BHARU,PASAR BESAR SITI KHADIJAH,Runcit,26,Buah-Buahan,02,037,EPAL MERAH (FUJI),SEDANG,Biji,2,1.82,
30859668,2026-08-17,2026-08-18 10:22:28.606427,KELANTAN,KOTA BHARU,PASAR BESAR SITI KHADIJAH,Runcit,26,Buah-Buahan,02,012,JAMBU AIR  MADU / LOCENG,F.A.Q,Kilogram,13,13,
30859669,2026-08-17,2026-08-18 10:22:28.606427,KELANTAN,KOTA BHARU,PASAR BESAR SITI KHADIJAH,Runcit,26,Buah-Buahan,02,012,JAMBU AIR  MADU / LOCENG,F.A.Q,Kilogram,14,13,
30859670,2026-08-17,2026-08-18 10:22:28.606427,KELANTAN,KOTA BHARU,PASAR BESAR SITI KHADIJAH,Runcit,26,Buah-Buahan,02,012,JAMBU AIR  MADU / LOCENG,F.A.Q,Kilogram,14,13,
30859671,2026-08-17,2026-08-18 10:22:28.606427,KELANTAN,KOTA BHARU,PASAR BESAR SITI KHADIJAH,Runcit,26,Buah-Buahan,02,012,JAMBU BATU,F.A.Q,Kilogram,5,5,
30859672,2026-08-17,2026-08-18 10:22:28.606427,KELANTAN,KOTA BHARU,PASAR BESAR SITI KHADIJAH,Runcit,26,Buah-Buahan,02,012,JAMBU BATU,F.A.Q,Kilogram,5,5,
30859673,2026-08-17,2026-08-18 10:22:28.606427,KELANTAN,KOTA BHARU,PASAR BESAR SITI KHADIJAH,Runcit,26,Buah-Buahan,02,012,JAMBU BATU,F.A.Q,Kilogram,5,5,
30859674,2026-08-17,2026-08-18 10:22:28.606427,KELANTAN,KOTA BHARU,PASAR BESAR SITI KHADIJAH,Runcit,26,Buah-Buahan,02,012,JAMBU BATU TANPA BIJI,F.A.Q,Kilogram,7,7,
30859675,2026-08-17,2026-08-18 10:22:28.606427,KELANTAN,KOTA BHARU,PASAR BESAR SITI KHADIJAH,Runcit,26,Buah-Buahan,02,012,JAMBU BATU TANPA BIJI,F.A.Q,Kilogram,7,7,
30859676,2026-08-17,2026-08-18 10:22:28.606427,KELANTAN,KOTA BHARU,PASAR BESAR SITI KHADIJAH,Runcit,26,Buah-Buahan,02,012,JAMBU BATU TANPA BIJI,F.A.Q,Kilogram,7,7,
30859677,2026-08-17,2026-08-18 10:22:28.606427,KELANTAN,KOTA BHARU,PASAR BESAR SITI KHADIJAH,Runcit,26,Buah-Buahan,02,041,LAI KUNING,F.A.Q,Biji,2.5,2.5,
30859678,2026-08-17,2026-08-18 10:22:28.606427,KELANTAN,KOTA BHARU,PASAR BESAR SITI KHADIJAH,Runcit,26,Buah-Buahan,02,041,LAI KUNING,F.A.Q,Biji,2.5,2.5,
30859679,2026-08-17,2026-08-18 10:22:28.606427,KELANTAN,KOTA BHARU,PASAR BESAR SITI KHADIJAH,Runcit,26,Buah-Buahan,02,041,LAI KUNING,F.A.Q,Biji,2.5,2.5,
30859680,2026-08-17,2026-08-18 10:22:28.606427,KELANTAN,KOTA BHARU,PASAR BESAR SITI KHADIJAH,Runcit,26,Buah-Buahan,02,015,LIMAU BALI / PAMELO,F.A.Q,Kilogram,10,10.5,
30859681,2026-08-17,2026-08-18 10:22:28.606427,KELANTAN,KOTA BHARU,PASAR BESAR SITI KHADIJAH,Runcit,26,Buah-Buahan,02,015,LIMAU BALI / PAMELO,F.A.Q,Kilogram,10,10.5,
30859682,2026-08-17,2026-08-18 10:22:28.606427,KELANTAN,KOTA BHARU,PASAR BESAR SITI KHADIJAH,Runcit,26,Buah-Buahan,02,015,LIMAU BALI / PAMELO,F.A.Q,Kilogram,10,10.5,
30859683,2026-08-17,2026-08-18 10:22:28.606427,KELANTAN,KOTA BHARU,PASAR BESAR SITI KHADIJAH,Runcit,26,Buah-Buahan,02,016,LIMAU MANIS,F.A.Q,Kilogram,9,9,
30859684,2026-08-17,2026-08-18 10:22:28.606427,KELANTAN,KOTA BHARU,PASAR BESAR SITI KHADIJAH,Runcit,26,Buah-Buahan,02,016,LIMAU MANIS,F.A.Q,Kilogram,9,9,
30859685,2026-08-17,2026-08-18 10:22:28.606427,KELANTAN,KOTA BHARU,PASAR BESAR SITI KHADIJAH,Runcit,26,Buah-Buahan,02,016,LIMAU MANIS,F.A.Q,Kilogram,9,9,
30859686,2026-08-17,2026-08-18 10:22:28.606427,KELANTAN,KOTA BHARU,PASAR BESAR SITI KHADIJAH,Runcit,26,Buah-Buahan,02,016,LIMAU MANIS (THAILAND),F.A.Q,Kilogram,6,7.8,
30859687,2026-08-17,2026-08-18 10:22:28.606427,KELANTAN,KOTA BHARU,PASAR BESAR SITI KHADIJAH,Runcit,26,Buah-Buahan,02,016,LIMAU MANIS (THAILAND),F.A.Q,Kilogram,6,7.8,
30859688,2026-08-17,2026-08-18 10:22:28.606427,KELANTAN,KOTA BHARU,PASAR BESAR SITI KHADIJAH,Runcit,26,Buah-Buahan,02,016,LIMAU MANIS (THAILAND),F.A.Q,Kilogram,6,7.8,
30859689,2026-08-17,2026-08-18 10:22:28.606427,KELANTAN,KOTA BHARU,PASAR BESAR SITI KHADIJAH,Runcit,26,Buah-Buahan,02,045,LIMAU OREN VALENCIA,SEDANG,Biji,2,1.87,
30859690,2026-08-17,2026-08-18 10:22:28.606427,KELANTAN,KOTA BHARU,PASAR BESAR SITI KHADIJAH,Runcit,26,Buah-Buahan,02,045,LIMAU OREN VALENCIA,SEDANG,Biji,2,1.87,
30859691,2026-08-17,2026-08-18 10:22:28.606427,KELANTAN,KOTA BHARU,PASAR BESAR SITI KHADIJAH,Runcit,26,Buah-Buahan,02,045,LIMAU OREN VALENCIA,SEDANG,Biji,2,1.87,
30859692,2026-08-17,2026-08-18 10:22:28.606427,KELANTAN,KOTA BHARU,PASAR BESAR SITI KHADIJAH,Runcit,26,Buah-Buahan,01,020,MATA KUCING / LONGAN,F.A.Q,Kilogram,11,11.52,
30859693,2026-08-17,2026-08-18 10:22:28.606427,KELANTAN,KOTA BHARU,PASAR BESAR SITI KHADIJAH,Runcit,26,Buah-Buahan,01,020,MATA KUCING / LONGAN,F.A.Q,Kilogram,11,11.52,
30859694,2026-08-17,2026-08-18 10:22:28.606427,KELANTAN,KOTA BHARU,PASAR BESAR SITI KHADIJAH,Runcit,26,Buah-Buahan,01,020,MATA KUCING / LONGAN,F.A.Q,Kilogram,11,11.52,
30859695,2026-08-17,2026-08-18 10:22:28.606427,KELANTAN,KOTA BHARU,PASAR BESAR SITI KHADIJAH,Runcit,26,Buah-Buahan,02,023,NANAS MD2 (AC9),F.A.Q,Kilogram,5,5.17,
30859696,2026-08-17,2026-08-18 10:22:28.606427,KELANTAN,KOTA BHARU,PASAR BESAR SITI KHADIJAH,Runcit,26,Buah-Buahan,02,023,NANAS MD2 (AC9),F.A.Q,Kilogram,5,5.17,
30859697,2026-08-17,2026-08-18 10:22:28.606427,KELANTAN,KOTA BHARU,PASAR BESAR SITI KHADIJAH,Runcit,26,Buah-Buahan,02,023,NANAS MD2 (AC9),F.A.Q,Kilogram,5,5.17,
30859698,2026-08-17,2026-08-18 10:22:28.606427,KELANTAN,KOTA BHARU,PASAR BESAR SITI KHADIJAH,Runcit,26,Buah-Buahan,02,028,PISANG NANGKA (MP2),F.A.Q,Kilogram,5,4.8333335,
30859699,2026-08-17,2026-08-18 10:22:28.606427,KELANTAN,KOTA BHARU,PASAR BESAR SITI KHADIJAH,Runcit,26,Buah-Buahan,02,028,PISANG NANGKA (MP2),F.A.Q,Kilogram,5,4.8333335,
30859700,2026-08-17,2026-08-18 10:22:28.606427,KELANTAN,KOTA BHARU,PASAR BESAR SITI KHADIJAH,Runcit,26,Buah-Buahan,02,028,PISANG NANGKA (MP2),F.A.Q,Kilogram,5,4.8333335,
30859701,2026-08-17,2026-08-18 10:22:28.606427,KELANTAN,KOTA BHARU,PASAR BESAR SITI KHADIJAH,Runcit,26,Buah-Buahan,02,028,PISANG NIPAH (MP5) / ABU (MP6) / SABAH / KAPOK,F.A.Q,Kilogram,4.2,4.6,
30859702,2026-08-17,2026-08-18 10:22:28.606427,KELANTAN,KOTA BHARU,PASAR BESAR SITI KHADIJAH,Runcit,26,Buah-Buahan,02,028,PISANG NIPAH (MP5) / ABU (MP6) / SABAH / KAPOK,F.A.Q,Kilogram,4.2,4.6,
30860628,2026-08-17,2026-08-18 10:55:31.789477,KEDAH,BALING,[LOKASI KUTIPAN HARGA LADANG] SIONG,Ladang,,Sayur-Sayuran,04,002,KACANG BENDI,F.A.Q,Kilogram,2.2,2.65,
30860629,2026-08-17,2026-08-18 10:55:31.789477,KEDAH,BALING,[LOKASI KUTIPAN HARGA LADANG] SIONG,Ladang,,Sayur-Sayuran,02,011,TIMUN HIJAU,F.A.Q,Kilogram,0.9,1.4,
30860631,2026-08-17,2026-08-18 10:56:32.650862,KEDAH,BALING,[LOKASI KUTIPAN HARGA LADANG] PULAI,Ladang,,Sayur-Sayuran,02,002,CILI MERAH KULAI / KULAI HIBRID,F.A.Q,Kilogram,9,11,
30860632,2026-08-17,2026-08-18 10:56:32.650862,KEDAH,BALING,[LOKASI KUTIPAN HARGA LADANG] PULAI,Ladang,,Sayur-Sayuran,02,010,TERUNG PANJANG / PEPARU (TANAH RENDAH),F.A.Q,Kilogram,2.7,2.7,
30860662,2026-08-17,2026-08-18 10:56:55.907059,KEDAH,BALING,[LOKASI KUTIPAN HARGA LADANG] PULAI,Ladang,,Buah-Buahan,02,005,BETIK SEKAKI,F.A.Q,Kilogram,2.5,2.5,
30860669,2026-08-17,2026-08-18 10:57:39.056398,KEDAH,BALING,[LOKASI KUTIPAN HARGA LADANG] PULAI,Ladang,,Sayur-Sayuran,03,001,BAYAM,F.A.Q,Kilogram,2,2,
30860670,2026-08-17,2026-08-18 10:57:39.056398,KEDAH,BALING,[LOKASI KUTIPAN HARGA LADANG] PULAI,Ladang,,Sayur-Sayuran,03,019,KANGKUNG,F.A.Q,Kilogram,2,2,
30860671,2026-08-17,2026-08-18 10:57:39.056398,KEDAH,BALING,[LOKASI KUTIPAN HARGA LADANG] PULAI,Ladang,,Sayur-Sayuran,03,007,SAWI HIJAU,F.A.Q,Kilogram,2,2,
30860674,2026-08-17,2026-08-18 10:58:08.435813,KEDAH,BALING,[LOKASI KUTIPAN HARGA LADANG] SIONG,Ladang,,Sayur-Sayuran,02,010,TERUNG PANJANG / PEPARU (TANAH RENDAH),F.A.Q,Kilogram,2.7,2.7,
30860680,2026-08-17,2026-08-18 10:58:28.35736,KEDAH,BALING,[LOKASI KUTIPAN HARGA LADANG] SIONG,Ladang,,Buah-Buahan,02,028,PISANG BERANGAN,F.A.Q,Kilogram,2.6,2.7333333,
30860683,2026-08-17,2026-08-18 10:59:03.76522,KEDAH,BALING,[LOKASI KUTIPAN HARGA LADANG] PULAI,Ladang,,Sayur-Sayuran,04,002,KACANG BENDI,F.A.Q,Kilogram,2.6,2.65,
30860684,2026-08-17,2026-08-18 10:59:03.76522,KEDAH,BALING,[LOKASI KUTIPAN HARGA LADANG] PULAI,Ladang,,Sayur-Sayuran,04,007,KACANG PANJANG HIJAU,F.A.Q,Kilogram,1.8,2.7333333,
30860753,2026-08-17,2026-08-18 10:59:52.004692,KEDAH,BALING,[LOKASI KUTIPAN HARGA LADANG] PULAI,Ladang,,Sayur-Sayuran,02,002,CILI MERAH KULAI / KULAI HIBRID,F.A.Q,Kilogram,9.5,11,
30860754,2026-08-17,2026-08-18 10:59:52.004692,KEDAH,BALING,[LOKASI KUTIPAN HARGA LADANG] PULAI,Ladang,,Sayur-Sayuran,02,011,TIMUN HIJAU,F.A.Q,Kilogram,0.9,1.4,
30861559,2026-08-17,2026-08-18 12:21:57.717883,NEGERI SEMBILAN,REMBAU,,Ladang,27,Buah-Buahan,02,012,JAMBU BATU TANPA BIJI,F.A.Q,Kilogram,4.5,4.5,
30861761,2026-08-17,2026-08-18 14:33:24.237039,W.P. KUALA LUMPUR,KUALA LUMPUR,[LOKASI KUTIPAN HARGA RUNCIT - OUTLET BUAH BERMUSIM] TAMAN KOPERASI POLIS,Runcit,41,Buah-Buahan,01,005,DURIAN D24 (D24),F.A.Q,Kilogram,18,21.67,
30861762,2026-08-17,2026-08-18 14:33:24.237039,W.P. KUALA LUMPUR,KUALA LUMPUR,[LOKASI KUTIPAN HARGA RUNCIT - OUTLET BUAH BERMUSIM] TAMAN KOPERASI POLIS,Runcit,41,Buah-Buahan,01,005,DURIAN DURI HITAM / OCHII (D200),F.A.Q,Kilogram,25,80,
30861763,2026-08-17,2026-08-18 14:33:24.237039,W.P. KUALA LUMPUR,KUALA LUMPUR,[LOKASI KUTIPAN HARGA RUNCIT - OUTLET BUAH BERMUSIM] TAMAN KOPERASI POLIS,Runcit,41,Buah-Buahan,01,005,DURIAN MUSANG KING / RAJA KUNYIT (D197),F.A.Q,Kilogram,30,41.67,
30861798,2026-08-17,2026-08-18 14:51:07.060998,W.P. PUTRAJAYA,PUTRAJAYA,[LOKASI KUTIPAN HARGA RUNCIT - OUTLET BUAH BERMUSIM] PUTRAJAYA,Runcit,41,Buah-Buahan,01,004,DOKONG,F.A.Q,Kilogram,10,14.17,
30861799,2026-08-17,2026-08-18 14:51:07.060998,W.P. PUTRAJAYA,PUTRAJAYA,[LOKASI KUTIPAN HARGA RUNCIT - OUTLET BUAH BERMUSIM] PUTRAJAYA,Runcit,41,Buah-Buahan,01,004,DUKU DEWAN,F.A.Q,Kilogram,10,5,
30861800,2026-08-17,2026-08-18 14:51:07.060998,W.P. PUTRAJAYA,PUTRAJAYA,[LOKASI KUTIPAN HARGA RUNCIT - OUTLET BUAH BERMUSIM] PUTRAJAYA,Runcit,41,Buah-Buahan,01,005,DURIAN IOI (D168),F.A.Q,Kilogram,20,21.67,
30861801,2026-08-17,2026-08-18 14:51:07.060998,W.P. PUTRAJAYA,PUTRAJAYA,[LOKASI KUTIPAN HARGA RUNCIT - OUTLET BUAH BERMUSIM] PUTRAJAYA,Runcit,41,Buah-Buahan,01,005,DURIAN MUSANG KING / RAJA KUNYIT (D197),F.A.Q,Kilogram,25,30,
30861802,2026-08-17,2026-08-18 14:51:07.060998,W.P. PUTRAJAYA,PUTRAJAYA,[LOKASI KUTIPAN HARGA RUNCIT - OUTLET BUAH BERMUSIM] PUTRAJAYA,Runcit,41,Buah-Buahan,01,005,DURIAN UDANG MERAH (D175),F.A.Q,Kilogram,20,25,
30861803,2026-08-17,2026-08-18 14:51:07.060998,W.P. PUTRAJAYA,PUTRAJAYA,[LOKASI KUTIPAN HARGA RUNCIT - OUTLET BUAH BERMUSIM] PUTRAJAYA,Runcit,41,Buah-Buahan,01,011,MANGGIS,F.A.Q,Kilogram,10,10,
30861804,2026-08-17,2026-08-18 14:51:07.060998,W.P. PUTRAJAYA,PUTRAJAYA,[LOKASI KUTIPAN HARGA RUNCIT - OUTLET BUAH BERMUSIM] PUTRAJAYA,Runcit,41,Buah-Buahan,01,014,RAMBUTAN ANAK SEKOLAH (R191),F.A.Q,Kilogram,10,9.33,
30861823,2026-08-17,2026-08-18 14:53:04.080735,PAHANG,CAMERON HIGHLANDS,LADANG/KEBUN BLUE VALLEY,Ladang,,Sayur-Sayuran,02,002,CILI MERAH MINYAK,F.A.Q,Kilogram,8.5,8.454545,
30861824,2026-08-17,2026-08-18 14:53:04.080735,PAHANG,CAMERON HIGHLANDS,LADANG/KEBUN BLUE VALLEY,Ladang,,Sayur-Sayuran,03,006,KUBIS BULAT (TANAH TINGGI),F.A.Q,Kilogram,1.5,1.3833333,
30861825,2026-08-17,2026-08-18 14:53:04.080735,PAHANG,CAMERON HIGHLANDS,LADANG/KEBUN BLUE VALLEY,Ladang,,Sayur-Sayuran,02,012,TOMATO (TANAH TINGGI),F.A.Q,Kilogram,5.9,7.4,
30861829,2026-08-17,2026-08-18 14:55:58.926895,W.P. KUALA LUMPUR,KUALA LUMPUR,PASAR BORONG KUALA LUMPUR,Borong,20,Buah-Buahan,02,036,ANGGUR HIJAU TANPA BIJI,F.A.Q,Kilogram,12,19.62,
30861830,2026-08-17,2026-08-18 14:55:58.926895,W.P. KUALA LUMPUR,KUALA LUMPUR,PASAR BORONG KUALA LUMPUR,Borong,20,Buah-Buahan,02,036,ANGGUR HIJAU TANPA BIJI,F.A.Q,Kilogram,11,19.62,
30861831,2026-08-17,2026-08-18 14:55:58.926895,W.P. KUALA LUMPUR,KUALA LUMPUR,PASAR BORONG KUALA LUMPUR,Borong,20,Buah-Buahan,02,036,ANGGUR HITAM TANPA BIJI,F.A.Q,Kilogram,12,19.09,
30861832,2026-08-17,2026-08-18 14:55:58.926895,W.P. KUALA LUMPUR,KUALA LUMPUR,PASAR BORONG KUALA LUMPUR,Borong,20,Buah-Buahan,02,036,ANGGUR HITAM TANPA BIJI,F.A.Q,Kilogram,11,19.09,
30861833,2026-08-17,2026-08-18 14:55:58.926895,W.P. KUALA LUMPUR,KUALA LUMPUR,PASAR BORONG KUALA LUMPUR,Borong,20,Buah-Buahan,02,036,ANGGUR MERAH TANPA BIJI,F.A.Q,Kilogram,13,19.41,
30861834,2026-08-17,2026-08-18 14:55:58.926895,W.P. KUALA LUMPUR,KUALA LUMPUR,PASAR BORONG KUALA LUMPUR,Borong,20,Buah-Buahan,02,036,ANGGUR MERAH TANPA BIJI,F.A.Q,Kilogram,12,19.41,
30861835,2026-08-17,2026-08-18 14:55:58.926895,W.P. KUALA LUMPUR,KUALA LUMPUR,PASAR BORONG KUALA LUMPUR,Borong,20,Buah-Buahan,02,003,BELIMBING (B10),F.A.Q,Kilogram,4.5,3.5,
30861836,2026-08-17,2026-08-18 14:55:58.926895,W.P. KUALA LUMPUR,KUALA LUMPUR,PASAR BORONG KUALA LUMPUR,Borong,20,Buah-Buahan,02,003,BELIMBING (B10),F.A.Q,Kilogram,3.5,3.5,
30861837,2026-08-17,2026-08-18 14:55:58.926895,W.P. KUALA LUMPUR,KUALA LUMPUR,PASAR BORONG KUALA LUMPUR,Borong,20,Buah-Buahan,02,044,BUAH NAGA/PITAYA ISI MERAH,F.A.Q,Kilogram,5.33,8.69,
30861838,2026-08-17,2026-08-18 14:55:58.926895,W.P. KUALA LUMPUR,KUALA LUMPUR,PASAR BORONG KUALA LUMPUR,Borong,20,Buah-Buahan,02,044,BUAH NAGA/PITAYA ISI MERAH,F.A.Q,Kilogram,4.67,8.69,
30861839,2026-08-17,2026-08-18 14:55:58.926895,W.P. KUALA LUMPUR,KUALA LUMPUR,PASAR BORONG KUALA LUMPUR,Borong,20,Buah-Buahan,01,003,CEMPEDAK KAMPUNG,F.A.Q,Kilogram,3.5,6.22,
30861840,2026-08-17,2026-08-18 14:55:58.926895,W.P. KUALA LUMPUR,KUALA LUMPUR,PASAR BORONG KUALA LUMPUR,Borong,20,Buah-Buahan,01,003,CEMPEDAK KAMPUNG,F.A.Q,Kilogram,2.5,6.22,
30861841,2026-08-17,2026-08-18 14:55:58.926895,W.P. KUALA LUMPUR,KUALA LUMPUR,PASAR BORONG KUALA LUMPUR,Borong,20,Buah-Buahan,01,003,CEMPEDAK KLON,F.A.Q,Kilogram,5,3,
30861842,2026-08-17,2026-08-18 14:55:58.926895,W.P. KUALA LUMPUR,KUALA LUMPUR,PASAR BORONG KUALA LUMPUR,Borong,20,Buah-Buahan,01,003,CEMPEDAK KLON,F.A.Q,Kilogram,4,3,
30861843,2026-08-17,2026-08-18 14:55:58.926895,W.P. KUALA LUMPUR,KUALA LUMPUR,PASAR BORONG KUALA LUMPUR,Borong,20,Buah-Buahan,02,008,CIKU,F.A.Q,Kilogram,10,7.71,
30861844,2026-08-17,2026-08-18 14:55:58.926895,W.P. KUALA LUMPUR,KUALA LUMPUR,PASAR BORONG KUALA LUMPUR,Borong,20,Buah-Buahan,02,008,CIKU,F.A.Q,Kilogram,6,7.71,
30861845,2026-08-17,2026-08-18 14:55:58.926895,W.P. KUALA LUMPUR,KUALA LUMPUR,PASAR BORONG KUALA LUMPUR,Borong,20,Buah-Buahan,01,004,DOKONG,F.A.Q,Kilogram,3.75,4.35,
30861846,2026-08-17,2026-08-18 14:55:58.926895,W.P. KUALA LUMPUR,KUALA LUMPUR,PASAR BORONG KUALA LUMPUR,Borong,20,Buah-Buahan,01,004,DOKONG,F.A.Q,Kilogram,3.44,4.35,
30861847,2026-08-17,2026-08-18 14:55:58.926895,W.P. KUALA LUMPUR,KUALA LUMPUR,PASAR BORONG KUALA LUMPUR,Borong,20,Buah-Buahan,01,004,DOKONG (THAILAND),F.A.Q,Kilogram,4.69,6.3,
30861848,2026-08-17,2026-08-18 14:55:58.926895,W.P. KUALA LUMPUR,KUALA LUMPUR,PASAR BORONG KUALA LUMPUR,Borong,20,Buah-Buahan,01,004,DOKONG (THAILAND),F.A.Q,Kilogram,4.37,6.3,
30861849,2026-08-17,2026-08-18 14:55:58.926895,W.P. KUALA LUMPUR,KUALA LUMPUR,PASAR BORONG KUALA LUMPUR,Borong,20,Buah-Buahan,02,009,DURIAN BELANDA,F.A.Q,Kilogram,10,9.82,
30861850,2026-08-17,2026-08-18 14:55:58.926895,W.P. KUALA LUMPUR,KUALA LUMPUR,PASAR BORONG KUALA LUMPUR,Borong,20,Buah-Buahan,02,009,DURIAN BELANDA,F.A.Q,Kilogram,6,9.82,
30861851,2026-08-17,2026-08-18 14:55:58.926895,W.P. KUALA LUMPUR,KUALA LUMPUR,PASAR BORONG KUALA LUMPUR,Borong,20,Buah-Buahan,02,037,EPAL HIJAU,SEDANG,Biji,0.68,0.87,
30861852,2026-08-17,2026-08-18 14:55:58.926895,W.P. KUALA LUMPUR,KUALA LUMPUR,PASAR BORONG KUALA LUMPUR,Borong,20,Buah-Buahan,02,037,EPAL HIJAU,SEDANG,Biji,0.67,0.87,
30861853,2026-08-17,2026-08-18 14:55:58.926895,W.P. KUALA LUMPUR,KUALA LUMPUR,PASAR BORONG KUALA LUMPUR,Borong,20,Buah-Buahan,02,037,EPAL MERAH (FUJI),SEDANG,Biji,0.63,1.01,
30861854,2026-08-17,2026-08-18 14:55:58.926895,W.P. KUALA LUMPUR,KUALA LUMPUR,PASAR BORONG KUALA LUMPUR,Borong,20,Buah-Buahan,02,037,EPAL MERAH (FUJI),SEDANG,Biji,0.6,1.01,
30861855,2026-08-17,2026-08-18 14:55:58.926895,W.P. KUALA LUMPUR,KUALA LUMPUR,PASAR BORONG KUALA LUMPUR,Borong,20,Buah-Buahan,02,012,JAMBU AIR  MADU / LOCENG,F.A.Q,Kilogram,13,9.44,
30861856,2026-08-17,2026-08-18 14:55:58.926895,W.P. KUALA LUMPUR,KUALA LUMPUR,PASAR BORONG KUALA LUMPUR,Borong,20,Buah-Buahan,02,012,JAMBU AIR  MADU / LOCENG,F.A.Q,Kilogram,13,9.44,
30861857,2026-08-17,2026-08-18 14:55:58.926895,W.P. KUALA LUMPUR,KUALA LUMPUR,PASAR BORONG KUALA LUMPUR,Borong,20,Buah-Buahan,02,012,JAMBU BATU,F.A.Q,Kilogram,3,3.92,
30861858,2026-08-17,2026-08-18 14:55:58.926895,W.P. KUALA LUMPUR,KUALA LUMPUR,PASAR BORONG KUALA LUMPUR,Borong,20,Buah-Buahan,02,012,JAMBU BATU,F.A.Q,Kilogram,3,3.92,
30861859,2026-08-17,2026-08-18 14:55:58.926895,W.P. KUALA LUMPUR,KUALA LUMPUR,PASAR BORONG KUALA LUMPUR,Borong,20,Buah-Buahan,02,012,JAMBU BATU TANPA BIJI,F.A.Q,Kilogram,7.06,5.64,
30861860,2026-08-17,2026-08-18 14:55:58.926895,W.P. KUALA LUMPUR,KUALA LUMPUR,PASAR BORONG KUALA LUMPUR,Borong,20,Buah-Buahan,02,012,JAMBU BATU TANPA BIJI,F.A.Q,Kilogram,6.76,5.64,
30861861,2026-08-17,2026-08-18 14:55:58.926895,W.P. KUALA LUMPUR,KUALA LUMPUR,PASAR BORONG KUALA LUMPUR,Borong,20,Buah-Buahan,02,041,LAI KUNING,F.A.Q,Biji,0.75,1.33,
30861862,2026-08-17,2026-08-18 14:55:58.926895,W.P. KUALA LUMPUR,KUALA LUMPUR,PASAR BORONG KUALA LUMPUR,Borong,20,Buah-Buahan,02,041,LAI KUNING,F.A.Q,Biji,0.69,1.33,
30861863,2026-08-17,2026-08-18 14:55:58.926895,W.P. KUALA LUMPUR,KUALA LUMPUR,PASAR BORONG KUALA LUMPUR,Borong,20,Buah-Buahan,02,015,LIMAU BALI / PAMELO,F.A.Q,Kilogram,5,8.09,
30861864,2026-08-17,2026-08-18 14:55:58.926895,W.P. KUALA LUMPUR,KUALA LUMPUR,PASAR BORONG KUALA LUMPUR,Borong,20,Buah-Buahan,02,015,LIMAU BALI / PAMELO,F.A.Q,Kilogram,4,8.09,
30861865,2026-08-17,2026-08-18 14:55:58.926895,W.P. KUALA LUMPUR,KUALA LUMPUR,PASAR BORONG KUALA LUMPUR,Borong,20,Buah-Buahan,02,016,LIMAU MANIS (THAILAND),F.A.Q,Kilogram,6.25,5.52,
30861866,2026-08-17,2026-08-18 14:55:58.926895,W.P. KUALA LUMPUR,KUALA LUMPUR,PASAR BORONG KUALA LUMPUR,Borong,20,Buah-Buahan,02,016,LIMAU MANIS (THAILAND),F.A.Q,Kilogram,6,5.52,
30861867,2026-08-17,2026-08-18 14:55:58.926895,W.P. KUALA LUMPUR,KUALA LUMPUR,PASAR BORONG KUALA LUMPUR,Borong,20,Buah-Buahan,02,045,LIMAU OREN VALENCIA,SEDANG,Biji,0.85,0.95,
30861868,2026-08-17,2026-08-18 14:55:58.926895,W.P. KUALA LUMPUR,KUALA LUMPUR,PASAR BORONG KUALA LUMPUR,Borong,20,Buah-Buahan,02,045,LIMAU OREN VALENCIA,SEDANG,Biji,0.74,0.95,
30861869,2026-08-17,2026-08-18 14:55:58.926895,W.P. KUALA LUMPUR,KUALA LUMPUR,PASAR BORONG KUALA LUMPUR,Borong,20,Buah-Buahan,02,018,MANGGA CHOKANAN (THAILAND),F.A.Q,Kilogram,4,3.43,
30861870,2026-08-17,2026-08-18 14:55:58.926895,W.P. KUALA LUMPUR,KUALA LUMPUR,PASAR BORONG KUALA LUMPUR,Borong,20,Buah-Buahan,02,018,MANGGA CHOKANAN (THAILAND),F.A.Q,Kilogram,3.75,3.43,
30861871,2026-08-17,2026-08-18 14:55:58.926895,W.P. KUALA LUMPUR,KUALA LUMPUR,PASAR BORONG KUALA LUMPUR,Borong,20,Buah-Buahan,02,018,MANGGA LEMAK MANIS (THAILAND),F.A.Q,Kilogram,6.25,4.71,
30861872,2026-08-17,2026-08-18 14:55:58.926895,W.P. KUALA LUMPUR,KUALA LUMPUR,PASAR BORONG KUALA LUMPUR,Borong,20,Buah-Buahan,02,018,MANGGA LEMAK MANIS (THAILAND),F.A.Q,Kilogram,6,4.71,
30861873,2026-08-17,2026-08-18 14:55:58.926895,W.P. KUALA LUMPUR,KUALA LUMPUR,PASAR BORONG KUALA LUMPUR,Borong,20,Buah-Buahan,02,018,MANGGA SUSU (THAILAND),F.A.Q,Kilogram,7.22,4.78,
30861874,2026-08-17,2026-08-18 14:55:58.926895,W.P. KUALA LUMPUR,KUALA LUMPUR,PASAR BORONG KUALA LUMPUR,Borong,20,Buah-Buahan,02,018,MANGGA SUSU (THAILAND),F.A.Q,Kilogram,6.39,4.78,
30861875,2026-08-17,2026-08-18 14:55:58.926895,W.P. KUALA LUMPUR,KUALA LUMPUR,PASAR BORONG KUALA LUMPUR,Borong,20,Buah-Buahan,01,011,MANGGIS (IMPORT),F.A.Q,Kilogram,5.5,425,
30861876,2026-08-17,2026-08-18 14:55:58.926895,W.P. KUALA LUMPUR,KUALA LUMPUR,PASAR BORONG KUALA LUMPUR,Borong,20,Buah-Buahan,01,011,MANGGIS (IMPORT),F.A.Q,Kilogram,4.5,425,
30861877,2026-08-17,2026-08-18 14:55:58.926895,W.P. KUALA LUMPUR,KUALA LUMPUR,PASAR BORONG KUALA LUMPUR,Borong,20,Buah-Buahan,01,020,MATA KUCING / LONGAN,F.A.Q,Kilogram,7.22,8.27,
30861878,2026-08-17,2026-08-18 14:55:58.926895,W.P. KUALA LUMPUR,KUALA LUMPUR,PASAR BORONG KUALA LUMPUR,Borong,20,Buah-Buahan,01,020,MATA KUCING / LONGAN,F.A.Q,Kilogram,6.67,8.27,
30861879,2026-08-17,2026-08-18 14:55:58.926895,W.P. KUALA LUMPUR,KUALA LUMPUR,PASAR BORONG KUALA LUMPUR,Borong,20,Buah-Buahan,02,023,NANAS MD2 (AC9),F.A.Q,Kilogram,4,3.35,
30861880,2026-08-17,2026-08-18 14:55:58.926895,W.P. KUALA LUMPUR,KUALA LUMPUR,PASAR BORONG KUALA LUMPUR,Borong,20,Buah-Buahan,02,023,NANAS MD2 (AC9),F.A.Q,Kilogram,3.5,3.35,
30861881,2026-08-17,2026-08-18 14:55:58.926895,W.P. KUALA LUMPUR,KUALA LUMPUR,PASAR BORONG KUALA LUMPUR,Borong,20,Buah-Buahan,02,023,NANAS MORIS (AC1),SEDANG,Kilogram,3.5,2.84,
30861882,2026-08-17,2026-08-18 14:55:58.926895,W.P. KUALA LUMPUR,KUALA LUMPUR,PASAR BORONG KUALA LUMPUR,Borong,20,Buah-Buahan,02,023,NANAS MORIS (AC1),SEDANG,Kilogram,3.3,2.84,
30861883,2026-08-17,2026-08-18 14:55:58.926895,W.P. KUALA LUMPUR,KUALA LUMPUR,PASAR BORONG KUALA LUMPUR,Borong,20,Buah-Buahan,02,024,NANGKA KLON / KAHWIN,F.A.Q,Kilogram,2.8,3.63,
30861884,2026-08-17,2026-08-18 14:55:58.926895,W.P. KUALA LUMPUR,KUALA LUMPUR,PASAR BORONG KUALA LUMPUR,Borong,20,Buah-Buahan,02,024,NANGKA KLON / KAHWIN,F.A.Q,Kilogram,2,3.63,
30861885,2026-08-17,2026-08-18 14:55:58.926895,W.P. KUALA LUMPUR,KUALA LUMPUR,PASAR BORONG KUALA LUMPUR,Borong,20,Buah-Buahan,02,024,NANGKA TEKAM YELLOW (J33),F.A.Q,Kilogram,3,3.56,
30861886,2026-08-17,2026-08-18 14:55:58.926895,W.P. KUALA LUMPUR,KUALA LUMPUR,PASAR BORONG KUALA LUMPUR,Borong,20,Buah-Buahan,02,024,NANGKA TEKAM YELLOW (J33),F.A.Q,Kilogram,2.5,3.56,
30861887,2026-08-17,2026-08-18 14:55:58.926895,W.P. KUALA LUMPUR,KUALA LUMPUR,PASAR BORONG KUALA LUMPUR,Borong,20,Buah-Buahan,02,028,PISANG AWAK (MP1),F.A.Q,Kilogram,3.5,3.15,
30861888,2026-08-17,2026-08-18 14:55:58.926895,W.P. KUALA LUMPUR,KUALA LUMPUR,PASAR BORONG KUALA LUMPUR,Borong,20,Buah-Buahan,02,028,PISANG AWAK (MP1),F.A.Q,Kilogram,3.3,3.15,
30861889,2026-08-17,2026-08-18 14:55:58.926895,W.P. KUALA LUMPUR,KUALA LUMPUR,PASAR BORONG KUALA LUMPUR,Borong,20,Buah-Buahan,02,028,PISANG CAVENDISH (MP14),F.A.Q,Kilogram,3.23,3.73,
30861890,2026-08-17,2026-08-18 14:55:58.926895,W.P. KUALA LUMPUR,KUALA LUMPUR,PASAR BORONG KUALA LUMPUR,Borong,20,Buah-Buahan,02,028,PISANG CAVENDISH (MP14),F.A.Q,Kilogram,3.08,3.73,
30861891,2026-08-17,2026-08-18 14:55:58.926895,W.P. KUALA LUMPUR,KUALA LUMPUR,PASAR BORONG KUALA LUMPUR,Borong,20,Buah-Buahan,02,028,PISANG NANGKA (MP2),F.A.Q,Kilogram,3.5,3.46,
30861892,2026-08-17,2026-08-18 14:55:58.926895,W.P. KUALA LUMPUR,KUALA LUMPUR,PASAR BORONG KUALA LUMPUR,Borong,20,Buah-Buahan,02,028,PISANG NANGKA (MP2),F.A.Q,Kilogram,3.3,3.46,
30861893,2026-08-17,2026-08-18 14:55:58.926895,W.P. KUALA LUMPUR,KUALA LUMPUR,PASAR BORONG KUALA LUMPUR,Borong,20,Buah-Buahan,02,028,PISANG NIPAH (IMPORT),F.A.Q,Kilogram,3.5,2.5,
30861894,2026-08-17,2026-08-18 14:55:58.926895,W.P. KUALA LUMPUR,KUALA LUMPUR,PASAR BORONG KUALA LUMPUR,Borong,20,Buah-Buahan,02,028,PISANG NIPAH (IMPORT),F.A.Q,Kilogram,3.3,2.5,
30861895,2026-08-17,2026-08-18 14:55:58.926895,W.P. KUALA LUMPUR,KUALA LUMPUR,PASAR BORONG KUALA LUMPUR,Borong,20,Buah-Buahan,02,028,PISANG NIPAH (MP5) / ABU (MP6) / SABAH / KAPOK,F.A.Q,Kilogram,3.5,2.94,
30861896,2026-08-17,2026-08-18 14:55:58.926895,W.P. KUALA LUMPUR,KUALA LUMPUR,PASAR BORONG KUALA LUMPUR,Borong,20,Buah-Buahan,02,028,PISANG NIPAH (MP5) / ABU (MP6) / SABAH / KAPOK,F.A.Q,Kilogram,3.3,2.94,
30861897,2026-08-17,2026-08-18 14:55:58.926895,W.P. KUALA LUMPUR,KUALA LUMPUR,PASAR BORONG KUALA LUMPUR,Borong,20,Buah-Buahan,02,028,PISANG RASTALI (MP9),F.A.Q,Kilogram,5,3.58,
30861898,2026-08-17,2026-08-18 14:55:58.926895,W.P. KUALA LUMPUR,KUALA LUMPUR,PASAR BORONG KUALA LUMPUR,Borong,20,Buah-Buahan,02,028,PISANG RASTALI (MP9),F.A.Q,Kilogram,4.5,3.58,
30861899,2026-08-17,2026-08-18 14:55:59.156211,W.P. KUALA LUMPUR,KUALA LUMPUR,PASAR BORONG KUALA LUMPUR,Borong,20,Buah-Buahan,02,028,PISANG TANDUK,F.A.Q,Kilogram,5,4.94,
30861900,2026-08-17,2026-08-18 14:55:59.156211,W.P. KUALA LUMPUR,KUALA LUMPUR,PASAR BORONG KUALA LUMPUR,Borong,20,Buah-Buahan,02,028,PISANG TANDUK,F.A.Q,Kilogram,5,4.94,
30861901,2026-08-17,2026-08-18 14:55:59.156211,W.P. KUALA LUMPUR,KUALA LUMPUR,PASAR BORONG KUALA LUMPUR,Borong,20,Buah-Buahan,01,012,PULASAN,F.A.Q,Kilogram,4,4.35,
30861902,2026-08-17,2026-08-18 14:55:59.156211,W.P. KUALA LUMPUR,KUALA LUMPUR,PASAR BORONG KUALA LUMPUR,Borong,20,Buah-Buahan,01,012,PULASAN,F.A.Q,Kilogram,4,4.35,
30861903,2026-08-17,2026-08-18 14:55:59.156211,W.P. KUALA LUMPUR,KUALA LUMPUR,PASAR BORONG KUALA LUMPUR,Borong,20,Buah-Buahan,01,014,RAMBUTAN ANAK SEKOLAH (R191),F.A.Q,Kilogram,5.5,6.17,
30861904,2026-08-17,2026-08-18 14:55:59.156211,W.P. KUALA LUMPUR,KUALA LUMPUR,PASAR BORONG KUALA LUMPUR,Borong,20,Buah-Buahan,01,014,RAMBUTAN ANAK SEKOLAH (R191),F.A.Q,Kilogram,4.5,6.17,
30861905,2026-08-17,2026-08-18 14:55:59.156211,W.P. KUALA LUMPUR,KUALA LUMPUR,PASAR BORONG KUALA LUMPUR,Borong,20,Buah-Buahan,01,014,RAMBUTAN GADING,F.A.Q,Kilogram,4,3.5,
30861906,2026-08-17,2026-08-18 14:55:59.156211,W.P. KUALA LUMPUR,KUALA LUMPUR,PASAR BORONG KUALA LUMPUR,Borong,20,Buah-Buahan,01,014,RAMBUTAN GADING,F.A.Q,Kilogram,4,3.5,
30861907,2026-08-17,2026-08-18 14:55:59.156211,W.P. KUALA LUMPUR,KUALA LUMPUR,PASAR BORONG KUALA LUMPUR,Borong,20,Buah-Buahan,01,014,RAMBUTAN MERAH,F.A.Q,Kilogram,4,10,
30861908,2026-08-17,2026-08-18 14:55:59.156211,W.P. KUALA LUMPUR,KUALA LUMPUR,PASAR BORONG KUALA LUMPUR,Borong,20,Buah-Buahan,01,014,RAMBUTAN MERAH,F.A.Q,Kilogram,4,10,
30861909,2026-08-17,2026-08-18 14:55:59.156211,W.P. KUALA LUMPUR,KUALA LUMPUR,PASAR BORONG KUALA LUMPUR,Borong,20,Buah-Buahan,01,014,RAMBUTAN MERAH (IMPORT),F.A.Q,Kilogram,4.69,6.05,
30861910,2026-08-17,2026-08-18 14:55:59.156211,W.P. KUALA LUMPUR,KUALA LUMPUR,PASAR BORONG KUALA LUMPUR,Borong,20,Buah-Buahan,02,034,ROCK MELON,F.A.Q,Kilogram,4.5,5.5,
30861911,2026-08-17,2026-08-18 14:55:59.156211,W.P. KUALA LUMPUR,KUALA LUMPUR,PASAR BORONG KUALA LUMPUR,Borong,20,Buah-Buahan,02,034,ROCK MELON,F.A.Q,Kilogram,4,5.5,
30861912,2026-08-17,2026-08-18 14:55:59.156211,W.P. KUALA LUMPUR,KUALA LUMPUR,PASAR BORONG KUALA LUMPUR,Borong,20,Buah-Buahan,02,034,TEMBIKAI KUNING,F.A.Q,Kilogram,2.9,3.06,
30861913,2026-08-17,2026-08-18 14:55:59.156211,W.P. KUALA LUMPUR,KUALA LUMPUR,PASAR BORONG KUALA LUMPUR,Borong,20,Buah-Buahan,02,034,TEMBIKAI KUNING,F.A.Q,Kilogram,2.9,3.06,
30861914,2026-08-17,2026-08-18 14:55:59.156211,W.P. KUALA LUMPUR,KUALA LUMPUR,PASAR BORONG KUALA LUMPUR,Borong,20,Buah-Buahan,02,034,TEMBIKAI MERAH,F.A.Q,Kilogram,2.8,2,
30861915,2026-08-17,2026-08-18 14:55:59.156211,W.P. KUALA LUMPUR,KUALA LUMPUR,PASAR BORONG KUALA LUMPUR,Borong,20,Buah-Buahan,02,034,TEMBIKAI MERAH,F.A.Q,Kilogram,2.8,2,
30861916,2026-08-17,2026-08-18 14:55:59.156211,W.P. KUALA LUMPUR,KUALA LUMPUR,PASAR BORONG KUALA LUMPUR,Borong,20,Buah-Buahan,02,034,TEMBIKAI WANGI / HONEY DEW,F.A.Q,Kilogram,5.5,4.14,
30861917,2026-08-17,2026-08-18 14:55:59.156211,W.P. KUALA LUMPUR,KUALA LUMPUR,PASAR BORONG KUALA LUMPUR,Borong,20,Buah-Buahan,02,034,TEMBIKAI WANGI / HONEY DEW,F.A.Q,Kilogram,4.5,4.14,
30861918,2026-08-17,2026-08-18 15:16:25.941498,W.P. KUALA LUMPUR,KUALA LUMPUR,PASAR AWAM CHOW KIT,Runcit,26,Buah-Buahan,02,036,ANGGUR HIJAU TANPA BIJI,F.A.Q,Kilogram,15,24,
30861919,2026-08-17,2026-08-18 15:16:25.941498,W.P. KUALA LUMPUR,KUALA LUMPUR,PASAR AWAM CHOW KIT,Runcit,26,Buah-Buahan,02,036,ANGGUR HIJAU TANPA BIJI,F.A.Q,Kilogram,15,24,
30861920,2026-08-17,2026-08-18 15:16:25.941498,W.P. KUALA LUMPUR,KUALA LUMPUR,PASAR AWAM CHOW KIT,Runcit,26,Buah-Buahan,02,036,ANGGUR HITAM TANPA BIJI,F.A.Q,Kilogram,18,24.48,
30861921,2026-08-17,2026-08-18 15:16:25.941498,W.P. KUALA LUMPUR,KUALA LUMPUR,PASAR AWAM CHOW KIT,Runcit,26,Buah-Buahan,02,036,ANGGUR HITAM TANPA BIJI,F.A.Q,Kilogram,15,24.48,
30861922,2026-08-17,2026-08-18 15:16:25.941498,W.P. KUALA LUMPUR,KUALA LUMPUR,PASAR AWAM CHOW KIT,Runcit,26,Buah-Buahan,02,036,ANGGUR MERAH TANPA BIJI,F.A.Q,Kilogram,18,22.93,
30861923,2026-08-17,2026-08-18 15:16:25.941498,W.P. KUALA LUMPUR,KUALA LUMPUR,PASAR AWAM CHOW KIT,Runcit,26,Buah-Buahan,02,036,ANGGUR MERAH TANPA BIJI,F.A.Q,Kilogram,15,22.93,
30861924,2026-08-17,2026-08-18 15:16:25.941498,W.P. KUALA LUMPUR,KUALA LUMPUR,PASAR AWAM CHOW KIT,Runcit,26,Buah-Buahan,02,003,BELIMBING (B10),F.A.Q,Kilogram,6,5,
30861925,2026-08-17,2026-08-18 15:16:25.941498,W.P. KUALA LUMPUR,KUALA LUMPUR,PASAR AWAM CHOW KIT,Runcit,26,Buah-Buahan,02,003,BELIMBING (B10),F.A.Q,Kilogram,5,5,
30861926,2026-08-17,2026-08-18 15:16:25.941498,W.P. KUALA LUMPUR,KUALA LUMPUR,PASAR AWAM CHOW KIT,Runcit,26,Buah-Buahan,02,044,BUAH NAGA/PITAYA ISI MERAH,F.A.Q,Kilogram,10,11.82,
30861927,2026-08-17,2026-08-18 15:16:25.941498,W.P. KUALA LUMPUR,KUALA LUMPUR,PASAR AWAM CHOW KIT,Runcit,26,Buah-Buahan,02,044,BUAH NAGA/PITAYA ISI MERAH,F.A.Q,Kilogram,8,11.82,
30861928,2026-08-17,2026-08-18 15:16:25.941498,W.P. KUALA LUMPUR,KUALA LUMPUR,PASAR AWAM CHOW KIT,Runcit,26,Buah-Buahan,01,003,CEMPEDAK KAMPUNG,F.A.Q,Kilogram,5,8.58,
30861929,2026-08-17,2026-08-18 15:16:25.941498,W.P. KUALA LUMPUR,KUALA LUMPUR,PASAR AWAM CHOW KIT,Runcit,26,Buah-Buahan,01,003,CEMPEDAK KAMPUNG,F.A.Q,Kilogram,5,8.58,
30861930,2026-08-17,2026-08-18 15:16:25.941498,W.P. KUALA LUMPUR,KUALA LUMPUR,PASAR AWAM CHOW KIT,Runcit,26,Buah-Buahan,01,003,CEMPEDAK KLON,F.A.Q,Kilogram,8,8,
30861931,2026-08-17,2026-08-18 15:16:25.941498,W.P. KUALA LUMPUR,KUALA LUMPUR,PASAR AWAM CHOW KIT,Runcit,26,Buah-Buahan,01,003,CEMPEDAK KLON,F.A.Q,Kilogram,8,8,
30861932,2026-08-17,2026-08-18 15:16:25.941498,W.P. KUALA LUMPUR,KUALA LUMPUR,PASAR AWAM CHOW KIT,Runcit,26,Buah-Buahan,02,008,CIKU,F.A.Q,Kilogram,18,10.67,
30861933,2026-08-17,2026-08-18 15:16:25.941498,W.P. KUALA LUMPUR,KUALA LUMPUR,PASAR AWAM CHOW KIT,Runcit,26,Buah-Buahan,02,008,CIKU,F.A.Q,Kilogram,12,10.67,
30861934,2026-08-17,2026-08-18 15:16:25.941498,W.P. KUALA LUMPUR,KUALA LUMPUR,PASAR AWAM CHOW KIT,Runcit,26,Buah-Buahan,01,004,DOKONG,F.A.Q,Kilogram,7,14.17,
30861935,2026-08-17,2026-08-18 15:16:25.941498,W.P. KUALA LUMPUR,KUALA LUMPUR,PASAR AWAM CHOW KIT,Runcit,26,Buah-Buahan,01,004,DOKONG,F.A.Q,Kilogram,6,14.17,
30861936,2026-08-17,2026-08-18 15:16:25.941498,W.P. KUALA LUMPUR,KUALA LUMPUR,PASAR AWAM CHOW KIT,Runcit,26,Buah-Buahan,01,004,DOKONG (THAILAND),F.A.Q,Kilogram,7,10.4,
30861937,2026-08-17,2026-08-18 15:16:25.941498,W.P. KUALA LUMPUR,KUALA LUMPUR,PASAR AWAM CHOW KIT,Runcit,26,Buah-Buahan,01,004,DOKONG (THAILAND),F.A.Q,Kilogram,5,10.4,
30861938,2026-08-17,2026-08-18 15:16:25.941498,W.P. KUALA LUMPUR,KUALA LUMPUR,PASAR AWAM CHOW KIT,Runcit,26,Buah-Buahan,01,004,DUKU,F.A.Q,Kilogram,10,15,
30861939,2026-08-17,2026-08-18 15:16:25.941498,W.P. KUALA LUMPUR,KUALA LUMPUR,PASAR AWAM CHOW KIT,Runcit,26,Buah-Buahan,01,004,DUKU,F.A.Q,Kilogram,8,15,
30861940,2026-08-17,2026-08-18 15:16:25.941498,W.P. KUALA LUMPUR,KUALA LUMPUR,PASAR AWAM CHOW KIT,Runcit,26,Buah-Buahan,01,004,DUKU DEWAN,F.A.Q,Kilogram,5,5,
30861941,2026-08-17,2026-08-18 15:16:25.941498,W.P. KUALA LUMPUR,KUALA LUMPUR,PASAR AWAM CHOW KIT,Runcit,26,Buah-Buahan,01,004,DUKU DEWAN,F.A.Q,Kilogram,5,5,
30861942,2026-08-17,2026-08-18 15:16:25.941498,W.P. KUALA LUMPUR,KUALA LUMPUR,PASAR AWAM CHOW KIT,Runcit,26,Buah-Buahan,02,009,DURIAN BELANDA,F.A.Q,Kilogram,12,11.63,
30861943,2026-08-17,2026-08-18 15:16:25.941498,W.P. KUALA LUMPUR,KUALA LUMPUR,PASAR AWAM CHOW KIT,Runcit,26,Buah-Buahan,02,009,DURIAN BELANDA,F.A.Q,Kilogram,10,11.63,
30861944,2026-08-17,2026-08-18 15:16:25.941498,W.P. KUALA LUMPUR,KUALA LUMPUR,PASAR AWAM CHOW KIT,Runcit,26,Buah-Buahan,01,005,DURIAN MUSANG KING / RAJA KUNYIT (D197),F.A.Q,Kilogram,40,41.67,
30861945,2026-08-17,2026-08-18 15:16:25.941498,W.P. KUALA LUMPUR,KUALA LUMPUR,PASAR AWAM CHOW KIT,Runcit,26,Buah-Buahan,01,005,DURIAN MUSANG KING / RAJA KUNYIT (D197),F.A.Q,Kilogram,30,41.67,
30861946,2026-08-17,2026-08-18 15:16:25.941498,W.P. KUALA LUMPUR,KUALA LUMPUR,PASAR AWAM CHOW KIT,Runcit,26,Buah-Buahan,01,005,DURIAN TANGKAI PANJANG / KAN YAU (D158),F.A.Q,Kilogram,30,20,
30861947,2026-08-17,2026-08-18 15:16:25.941498,W.P. KUALA LUMPUR,KUALA LUMPUR,PASAR AWAM CHOW KIT,Runcit,26,Buah-Buahan,01,005,DURIAN TANGKAI PANJANG / KAN YAU (D158),F.A.Q,Kilogram,25,20,
30861948,2026-08-17,2026-08-18 15:16:25.941498,W.P. KUALA LUMPUR,KUALA LUMPUR,PASAR AWAM CHOW KIT,Runcit,26,Buah-Buahan,02,037,EPAL HIJAU,SEDANG,Biji,1.3,1.36,
30861949,2026-08-17,2026-08-18 15:16:25.941498,W.P. KUALA LUMPUR,KUALA LUMPUR,PASAR AWAM CHOW KIT,Runcit,26,Buah-Buahan,02,037,EPAL MERAH (FUJI),SEDANG,Biji,1.3,1.82,
30861950,2026-08-17,2026-08-18 15:16:25.941498,W.P. KUALA LUMPUR,KUALA LUMPUR,PASAR AWAM CHOW KIT,Runcit,26,Buah-Buahan,02,012,JAMBU AIR  MADU / LOCENG,F.A.Q,Kilogram,20,12.93,
30861951,2026-08-17,2026-08-18 15:16:25.941498,W.P. KUALA LUMPUR,KUALA LUMPUR,PASAR AWAM CHOW KIT,Runcit,26,Buah-Buahan,02,012,JAMBU AIR  MADU / LOCENG,F.A.Q,Kilogram,16,12.93,
30861952,2026-08-17,2026-08-18 15:16:25.941498,W.P. KUALA LUMPUR,KUALA LUMPUR,PASAR AWAM CHOW KIT,Runcit,26,Buah-Buahan,02,012,JAMBU BATU,F.A.Q,Kilogram,5,6,
30861953,2026-08-17,2026-08-18 15:16:25.941498,W.P. KUALA LUMPUR,KUALA LUMPUR,PASAR AWAM CHOW KIT,Runcit,26,Buah-Buahan,02,012,JAMBU BATU,F.A.Q,Kilogram,5,6,
30861954,2026-08-17,2026-08-18 15:16:25.941498,W.P. KUALA LUMPUR,KUALA LUMPUR,PASAR AWAM CHOW KIT,Runcit,26,Buah-Buahan,02,012,JAMBU BATU TANPA BIJI,F.A.Q,Kilogram,10,8.53,
30861955,2026-08-17,2026-08-18 15:16:25.941498,W.P. KUALA LUMPUR,KUALA LUMPUR,PASAR AWAM CHOW KIT,Runcit,26,Buah-Buahan,02,012,JAMBU BATU TANPA BIJI,F.A.Q,Kilogram,9,8.53,
30861956,2026-08-17,2026-08-18 15:16:25.941498,W.P. KUALA LUMPUR,KUALA LUMPUR,PASAR AWAM CHOW KIT,Runcit,26,Buah-Buahan,02,041,LAI KUNING,F.A.Q,Biji,1.67,1.86,
30861957,2026-08-17,2026-08-18 15:16:25.941498,W.P. KUALA LUMPUR,KUALA LUMPUR,PASAR AWAM CHOW KIT,Runcit,26,Buah-Buahan,02,041,LAI KUNING,F.A.Q,Biji,1.67,1.86,
30861958,2026-08-17,2026-08-18 15:16:25.941498,W.P. KUALA LUMPUR,KUALA LUMPUR,PASAR AWAM CHOW KIT,Runcit,26,Buah-Buahan,01,010,LANGSAT,F.A.Q,Kilogram,8,14.17,
30861959,2026-08-17,2026-08-18 15:16:25.941498,W.P. KUALA LUMPUR,KUALA LUMPUR,PASAR AWAM CHOW KIT,Runcit,26,Buah-Buahan,01,010,LANGSAT,F.A.Q,Kilogram,8,14.17,
30861960,2026-08-17,2026-08-18 15:16:25.941498,W.P. KUALA LUMPUR,KUALA LUMPUR,PASAR AWAM CHOW KIT,Runcit,26,Buah-Buahan,02,015,LIMAU BALI / PAMELO,F.A.Q,Kilogram,6,7.84,
30861961,2026-08-17,2026-08-18 15:16:25.941498,W.P. KUALA LUMPUR,KUALA LUMPUR,PASAR AWAM CHOW KIT,Runcit,26,Buah-Buahan,02,015,LIMAU BALI / PAMELO,F.A.Q,Kilogram,5,7.84,
30861962,2026-08-17,2026-08-18 15:16:25.941498,W.P. KUALA LUMPUR,KUALA LUMPUR,PASAR AWAM CHOW KIT,Runcit,26,Buah-Buahan,02,016,LIMAU MANIS,F.A.Q,Kilogram,8,9.14,
30861963,2026-08-17,2026-08-18 15:16:25.941498,W.P. KUALA LUMPUR,KUALA LUMPUR,PASAR AWAM CHOW KIT,Runcit,26,Buah-Buahan,02,016,LIMAU MANIS,F.A.Q,Kilogram,8,9.14,
30861964,2026-08-17,2026-08-18 15:16:25.941498,W.P. KUALA LUMPUR,KUALA LUMPUR,PASAR AWAM CHOW KIT,Runcit,26,Buah-Buahan,02,016,LIMAU MANIS (THAILAND),F.A.Q,Kilogram,8,7.8,
30861965,2026-08-17,2026-08-18 15:16:25.941498,W.P. KUALA LUMPUR,KUALA LUMPUR,PASAR AWAM CHOW KIT,Runcit,26,Buah-Buahan,02,016,LIMAU MANIS (THAILAND),F.A.Q,Kilogram,8,7.8,
30861966,2026-08-17,2026-08-18 15:16:25.941498,W.P. KUALA LUMPUR,KUALA LUMPUR,PASAR AWAM CHOW KIT,Runcit,26,Buah-Buahan,02,045,LIMAU OREN VALENCIA,SEDANG,Biji,1.35,1.87,
30861967,2026-08-17,2026-08-18 15:16:25.941498,W.P. KUALA LUMPUR,KUALA LUMPUR,PASAR AWAM CHOW KIT,Runcit,26,Buah-Buahan,02,045,LIMAU OREN VALENCIA,SEDANG,Biji,1.35,1.87,
30861968,2026-08-17,2026-08-18 15:16:25.941498,W.P. KUALA LUMPUR,KUALA LUMPUR,PASAR AWAM CHOW KIT,Runcit,26,Buah-Buahan,02,018,MANGGA CHOKANAN (THAILAND),F.A.Q,Kilogram,7,7.78,
30861969,2026-08-17,2026-08-18 15:16:25.941498,W.P. KUALA LUMPUR,KUALA LUMPUR,PASAR AWAM CHOW KIT,Runcit,26,Buah-Buahan,02,018,MANGGA CHOKANAN (THAILAND),F.A.Q,Kilogram,5,7.78,
30861970,2026-08-17,2026-08-18 15:16:25.941498,W.P. KUALA LUMPUR,KUALA LUMPUR,PASAR AWAM CHOW KIT,Runcit,26,Buah-Buahan,02,018,MANGGA LEMAK MANIS (THAILAND),F.A.Q,Kilogram,10,7.63,
30861971,2026-08-17,2026-08-18 15:16:25.941498,W.P. KUALA LUMPUR,KUALA LUMPUR,PASAR AWAM CHOW KIT,Runcit,26,Buah-Buahan,02,018,MANGGA LEMAK MANIS (THAILAND),F.A.Q,Kilogram,7,7.63,
30861972,2026-08-17,2026-08-18 15:16:25.941498,W.P. KUALA LUMPUR,KUALA LUMPUR,PASAR AWAM CHOW KIT,Runcit,26,Buah-Buahan,02,018,MANGGA SUSU (THAILAND),F.A.Q,Kilogram,15,8.39,
30861973,2026-08-17,2026-08-18 15:16:25.941498,W.P. KUALA LUMPUR,KUALA LUMPUR,PASAR AWAM CHOW KIT,Runcit,26,Buah-Buahan,02,018,MANGGA SUSU (THAILAND),F.A.Q,Kilogram,10,8.39,
30861974,2026-08-17,2026-08-18 15:16:25.941498,W.P. KUALA LUMPUR,KUALA LUMPUR,PASAR AWAM CHOW KIT,Runcit,26,Buah-Buahan,01,011,MANGGIS (IMPORT),F.A.Q,Kilogram,10,8.5,
30861975,2026-08-17,2026-08-18 15:16:25.941498,W.P. KUALA LUMPUR,KUALA LUMPUR,PASAR AWAM CHOW KIT,Runcit,26,Buah-Buahan,01,011,MANGGIS (IMPORT),F.A.Q,Kilogram,7,8.5,
30861976,2026-08-17,2026-08-18 15:16:25.941498,W.P. KUALA LUMPUR,KUALA LUMPUR,PASAR AWAM CHOW KIT,Runcit,26,Buah-Buahan,01,020,MATA KUCING / LONGAN,F.A.Q,Kilogram,10,11.52,
30861977,2026-08-17,2026-08-18 15:16:25.941498,W.P. KUALA LUMPUR,KUALA LUMPUR,PASAR AWAM CHOW KIT,Runcit,26,Buah-Buahan,01,020,MATA KUCING / LONGAN,F.A.Q,Kilogram,8,11.52,
30861978,2026-08-17,2026-08-18 15:16:25.941498,W.P. KUALA LUMPUR,KUALA LUMPUR,PASAR AWAM CHOW KIT,Runcit,26,Buah-Buahan,02,023,NANAS MD2 (AC9),F.A.Q,Kilogram,7,5.17,
30861979,2026-08-17,2026-08-18 15:16:25.941498,W.P. KUALA LUMPUR,KUALA LUMPUR,PASAR AWAM CHOW KIT,Runcit,26,Buah-Buahan,02,023,NANAS MD2 (AC9),F.A.Q,Kilogram,7,5.17,
30861980,2026-08-17,2026-08-18 15:16:25.941498,W.P. KUALA LUMPUR,KUALA LUMPUR,PASAR AWAM CHOW KIT,Runcit,26,Buah-Buahan,02,023,NANAS MORIS (AC1),SEDANG,Kilogram,4,3.95,
30861981,2026-08-17,2026-08-18 15:16:25.941498,W.P. KUALA LUMPUR,KUALA LUMPUR,PASAR AWAM CHOW KIT,Runcit,26,Buah-Buahan,02,023,NANAS MORIS (AC1),SEDANG,Kilogram,4,3.95,
30861982,2026-08-17,2026-08-18 15:16:25.941498,W.P. KUALA LUMPUR,KUALA LUMPUR,PASAR AWAM CHOW KIT,Runcit,26,Buah-Buahan,02,024,NANGKA KLON / KAHWIN,F.A.Q,Kilogram,5,5.33,
30861983,2026-08-17,2026-08-18 15:16:25.941498,W.P. KUALA LUMPUR,KUALA LUMPUR,PASAR AWAM CHOW KIT,Runcit,26,Buah-Buahan,02,024,NANGKA KLON / KAHWIN,F.A.Q,Kilogram,5,5.33,
30861984,2026-08-17,2026-08-18 15:16:25.941498,W.P. KUALA LUMPUR,KUALA LUMPUR,PASAR AWAM CHOW KIT,Runcit,26,Buah-Buahan,02,024,NANGKA KLON / KAHWIN (ULAS / PULP),F.A.Q,Kilogram,10,8,
30861985,2026-08-17,2026-08-18 15:16:25.941498,W.P. KUALA LUMPUR,KUALA LUMPUR,PASAR AWAM CHOW KIT,Runcit,26,Buah-Buahan,02,024,NANGKA KLON / KAHWIN (ULAS / PULP),F.A.Q,Kilogram,10,8,
30861986,2026-08-17,2026-08-18 15:16:25.941498,W.P. KUALA LUMPUR,KUALA LUMPUR,PASAR AWAM CHOW KIT,Runcit,26,Buah-Buahan,02,024,NANGKA TEKAM YELLOW (J33),F.A.Q,Kilogram,7,7.16,
30861987,2026-08-17,2026-08-18 15:16:25.941498,W.P. KUALA LUMPUR,KUALA LUMPUR,PASAR AWAM CHOW KIT,Runcit,26,Buah-Buahan,02,024,NANGKA TEKAM YELLOW (J33),F.A.Q,Kilogram,7,7.16,
30861988,2026-08-17,2026-08-18 15:16:26.192827,W.P. KUALA LUMPUR,KUALA LUMPUR,PASAR AWAM CHOW KIT,Runcit,26,Buah-Buahan,02,024,NANGKA TEKAM YELLOW (J33) (ULAS / PULP),F.A.Q,Kilogram,12.5,11.93,
30861989,2026-08-17,2026-08-18 15:16:26.192827,W.P. KUALA LUMPUR,KUALA LUMPUR,PASAR AWAM CHOW KIT,Runcit,26,Buah-Buahan,02,024,NANGKA TEKAM YELLOW (J33) (ULAS / PULP),F.A.Q,Kilogram,12.5,11.93,
30861990,2026-08-17,2026-08-18 15:16:26.192827,W.P. KUALA LUMPUR,KUALA LUMPUR,PASAR AWAM CHOW KIT,Runcit,26,Buah-Buahan,02,028,PISANG AWAK (MP1),F.A.Q,Kilogram,4.5,4.4,
30861991,2026-08-17,2026-08-18 15:16:26.192827,W.P. KUALA LUMPUR,KUALA LUMPUR,PASAR AWAM CHOW KIT,Runcit,26,Buah-Buahan,02,028,PISANG AWAK (MP1),F.A.Q,Kilogram,4.5,4.4,
30861992,2026-08-17,2026-08-18 15:16:26.192827,W.P. KUALA LUMPUR,KUALA LUMPUR,PASAR AWAM CHOW KIT,Runcit,26,Buah-Buahan,02,028,PISANG CAVENDISH (MP14),F.A.Q,Kilogram,6,5.18,
30861993,2026-08-17,2026-08-18 15:16:26.192827,W.P. KUALA LUMPUR,KUALA LUMPUR,PASAR AWAM CHOW KIT,Runcit,26,Buah-Buahan,02,028,PISANG CAVENDISH (MP14),F.A.Q,Kilogram,6,5.18,
30861994,2026-08-17,2026-08-18 15:16:26.192827,W.P. KUALA LUMPUR,KUALA LUMPUR,PASAR AWAM CHOW KIT,Runcit,26,Buah-Buahan,02,028,PISANG NANGKA (MP2),F.A.Q,Kilogram,4.5,4.75,
30861995,2026-08-17,2026-08-18 15:16:26.192827,W.P. KUALA LUMPUR,KUALA LUMPUR,PASAR AWAM CHOW KIT,Runcit,26,Buah-Buahan,02,028,PISANG NANGKA (MP2),F.A.Q,Kilogram,4.5,4.75,
30861996,2026-08-17,2026-08-18 15:16:26.192827,W.P. KUALA LUMPUR,KUALA LUMPUR,PASAR AWAM CHOW KIT,Runcit,26,Buah-Buahan,02,028,PISANG NIPAH (IMPORT),F.A.Q,Kilogram,4.5,4,
30861997,2026-08-17,2026-08-18 15:16:26.192827,W.P. KUALA LUMPUR,KUALA LUMPUR,PASAR AWAM CHOW KIT,Runcit,26,Buah-Buahan,02,028,PISANG NIPAH (IMPORT),F.A.Q,Kilogram,4.5,4,
30861998,2026-08-17,2026-08-18 15:16:26.192827,W.P. KUALA LUMPUR,KUALA LUMPUR,PASAR AWAM CHOW KIT,Runcit,26,Buah-Buahan,02,028,PISANG NIPAH (MP5) / ABU (MP6) / SABAH / KAPOK,F.A.Q,Kilogram,4.5,4.6,
30861999,2026-08-17,2026-08-18 15:16:26.192827,W.P. KUALA LUMPUR,KUALA LUMPUR,PASAR AWAM CHOW KIT,Runcit,26,Buah-Buahan,02,028,PISANG NIPAH (MP5) / ABU (MP6) / SABAH / KAPOK,F.A.Q,Kilogram,4.5,4.6,
30862000,2026-08-17,2026-08-18 15:16:26.192827,W.P. KUALA LUMPUR,KUALA LUMPUR,PASAR AWAM CHOW KIT,Runcit,26,Buah-Buahan,02,028,PISANG RASTALI (MP9),F.A.Q,Kilogram,7,4.92,
30862001,2026-08-17,2026-08-18 15:16:26.192827,W.P. KUALA LUMPUR,KUALA LUMPUR,PASAR AWAM CHOW KIT,Runcit,26,Buah-Buahan,02,028,PISANG RASTALI (MP9),F.A.Q,Kilogram,7,4.92,
30862002,2026-08-17,2026-08-18 15:16:26.192827,W.P. KUALA LUMPUR,KUALA LUMPUR,PASAR AWAM CHOW KIT,Runcit,26,Buah-Buahan,02,028,PISANG TANDUK,F.A.Q,Kilogram,7,6.32,
30862003,2026-08-17,2026-08-18 15:16:26.192827,W.P. KUALA LUMPUR,KUALA LUMPUR,PASAR AWAM CHOW KIT,Runcit,26,Buah-Buahan,02,028,PISANG TANDUK,F.A.Q,Kilogram,7,6.32,
30862004,2026-08-17,2026-08-18 15:16:26.192827,W.P. KUALA LUMPUR,KUALA LUMPUR,PASAR AWAM CHOW KIT,Runcit,26,Buah-Buahan,01,012,PULASAN,F.A.Q,Kilogram,8,7.55,
30862005,2026-08-17,2026-08-18 15:16:26.192827,W.P. KUALA LUMPUR,KUALA LUMPUR,PASAR AWAM CHOW KIT,Runcit,26,Buah-Buahan,01,012,PULASAN,F.A.Q,Kilogram,8,7.55,
30862006,2026-08-17,2026-08-18 15:16:26.192827,W.P. KUALA LUMPUR,KUALA LUMPUR,PASAR AWAM CHOW KIT,Runcit,26,Buah-Buahan,01,014,RAMBUTAN ANAK SEKOLAH (R191),F.A.Q,Kilogram,8,9.33,
30862007,2026-08-17,2026-08-18 15:16:26.192827,W.P. KUALA LUMPUR,KUALA LUMPUR,PASAR AWAM CHOW KIT,Runcit,26,Buah-Buahan,01,014,RAMBUTAN ANAK SEKOLAH (R191),F.A.Q,Kilogram,7,9.33,
30862008,2026-08-17,2026-08-18 15:16:26.192827,W.P. KUALA LUMPUR,KUALA LUMPUR,PASAR AWAM CHOW KIT,Runcit,26,Buah-Buahan,01,014,RAMBUTAN MERAH,F.A.Q,Kilogram,7,10,
30862009,2026-08-17,2026-08-18 15:16:26.192827,W.P. KUALA LUMPUR,KUALA LUMPUR,PASAR AWAM CHOW KIT,Runcit,26,Buah-Buahan,01,014,RAMBUTAN MERAH,F.A.Q,Kilogram,7,10,
30862010,2026-08-17,2026-08-18 15:16:26.192827,W.P. KUALA LUMPUR,KUALA LUMPUR,PASAR AWAM CHOW KIT,Runcit,26,Buah-Buahan,01,014,RAMBUTAN MERAH (IMPORT),F.A.Q,Kilogram,6,9,
30862011,2026-08-17,2026-08-18 15:16:26.192827,W.P. KUALA LUMPUR,KUALA LUMPUR,PASAR AWAM CHOW KIT,Runcit,26,Buah-Buahan,01,014,RAMBUTAN MERAH (IMPORT),F.A.Q,Kilogram,5,9,
30862012,2026-08-17,2026-08-18 15:16:26.192827,W.P. KUALA LUMPUR,KUALA LUMPUR,PASAR AWAM CHOW KIT,Runcit,26,Buah-Buahan,02,034,ROCK MELON,F.A.Q,Kilogram,7,8.37,
30862013,2026-08-17,2026-08-18 15:16:26.192827,W.P. KUALA LUMPUR,KUALA LUMPUR,PASAR AWAM CHOW KIT,Runcit,26,Buah-Buahan,02,034,ROCK MELON,F.A.Q,Kilogram,6,8.37,
30862014,2026-08-17,2026-08-18 15:16:26.192827,W.P. KUALA LUMPUR,KUALA LUMPUR,PASAR AWAM CHOW KIT,Runcit,26,Buah-Buahan,02,034,TEMBIKAI KUNING,F.A.Q,Kilogram,4,4,
30862015,2026-08-17,2026-08-18 15:16:26.192827,W.P. KUALA LUMPUR,KUALA LUMPUR,PASAR AWAM CHOW KIT,Runcit,26,Buah-Buahan,02,034,TEMBIKAI KUNING,F.A.Q,Kilogram,4,4,
30862016,2026-08-17,2026-08-18 15:16:26.192827,W.P. KUALA LUMPUR,KUALA LUMPUR,PASAR AWAM CHOW KIT,Runcit,26,Buah-Buahan,02,034,TEMBIKAI MERAH,F.A.Q,Kilogram,4,4,
30862017,2026-08-17,2026-08-18 15:16:26.192827,W.P. KUALA LUMPUR,KUALA LUMPUR,PASAR AWAM CHOW KIT,Runcit,26,Buah-Buahan,02,034,TEMBIKAI MERAH,F.A.Q,Kilogram,4,4,
30862018,2026-08-17,2026-08-18 15:16:26.192827,W.P. KUALA LUMPUR,KUALA LUMPUR,PASAR AWAM CHOW KIT,Runcit,26,Buah-Buahan,02,034,TEMBIKAI WANGI / HONEY DEW,F.A.Q,Kilogram,8,6.14,
30862019,2026-08-17,2026-08-18 15:16:26.192827,W.P. KUALA LUMPUR,KUALA LUMPUR,PASAR AWAM CHOW KIT,Runcit,26,Buah-Buahan,02,034,TEMBIKAI WANGI / HONEY DEW,F.A.Q,Kilogram,7,6.14,
30862020,2026-08-17,2026-08-18 15:16:40.303979,SELANGOR,KLANG,[LOKASI KUTIPAN HARGA RUNCIT - OUTLET BUAH BERMUSIM] PANDAMARAN,Runcit,41,Buah-Buahan,01,003,CEMPEDAK KAMPUNG,F.A.Q,Kilogram,8,8,
30862021,2026-08-17,2026-08-18 15:16:40.303979,SELANGOR,KLANG,[LOKASI KUTIPAN HARGA RUNCIT - OUTLET BUAH BERMUSIM] PANDAMARAN,Runcit,41,Buah-Buahan,01,004,DOKONG,F.A.Q,Kilogram,8,14.17,
30862022,2026-08-17,2026-08-18 15:16:40.303979,SELANGOR,KLANG,[LOKASI KUTIPAN HARGA RUNCIT - OUTLET BUAH BERMUSIM] PANDAMARAN,Runcit,41,Buah-Buahan,01,005,DURIAN MUSANG KING / RAJA KUNYIT (D197),F.A.Q,Kilogram,48,48,
30862023,2026-08-17,2026-08-18 15:16:40.303979,SELANGOR,KLANG,[LOKASI KUTIPAN HARGA RUNCIT - OUTLET BUAH BERMUSIM] PANDAMARAN,Runcit,41,Buah-Buahan,01,011,MANGGIS (IMPORT),F.A.Q,Kilogram,8,8.5,
30862308,2026-08-17,2026-08-18 16:53:40.948771,JOHOR,JOHOR BAHRU,PASAR AWAM LARKIN,Runcit,26,Buah-Buahan,02,036,ANGGUR HIJAU TANPA BIJI,F.A.Q,Kilogram,26,24,
30862309,2026-08-17,2026-08-18 16:53:40.948771,JOHOR,JOHOR BAHRU,PASAR AWAM LARKIN,Runcit,26,Buah-Buahan,02,036,ANGGUR HITAM TANPA BIJI,F.A.Q,Kilogram,24,24.48,
30862310,2026-08-17,2026-08-18 16:53:40.948771,JOHOR,JOHOR BAHRU,PASAR AWAM LARKIN,Runcit,26,Buah-Buahan,02,036,ANGGUR MERAH TANPA BIJI,F.A.Q,Kilogram,24,22.93,
30862311,2026-08-17,2026-08-18 16:53:40.948771,JOHOR,JOHOR BAHRU,PASAR AWAM LARKIN,Runcit,26,Buah-Buahan,02,044,BUAH NAGA/PITAYA ISI MERAH,F.A.Q,Kilogram,8,11.82,
30862312,2026-08-17,2026-08-18 16:53:40.948771,JOHOR,JOHOR BAHRU,PASAR AWAM LARKIN,Runcit,26,Buah-Buahan,01,003,CEMPEDAK KAMPUNG,F.A.Q,Kilogram,7,8.58,
30862313,2026-08-17,2026-08-18 16:53:40.948771,JOHOR,JOHOR BAHRU,PASAR AWAM LARKIN,Runcit,26,Buah-Buahan,01,003,CEMPEDAK KLON,F.A.Q,Kilogram,6.8,8,
30862314,2026-08-17,2026-08-18 16:53:40.948771,JOHOR,JOHOR BAHRU,PASAR AWAM LARKIN,Runcit,26,Buah-Buahan,02,009,DURIAN BELANDA,F.A.Q,Kilogram,15,11.63,
30862315,2026-08-17,2026-08-18 16:53:40.948771,JOHOR,JOHOR BAHRU,PASAR AWAM LARKIN,Runcit,26,Buah-Buahan,02,037,EPAL HIJAU,SEDANG,Biji,1.5,1.36,
30862316,2026-08-17,2026-08-18 16:53:40.948771,JOHOR,JOHOR BAHRU,PASAR AWAM LARKIN,Runcit,26,Buah-Buahan,02,037,EPAL MERAH (FUJI),SEDANG,Biji,2,1.82,
30862317,2026-08-17,2026-08-18 16:53:40.948771,JOHOR,JOHOR BAHRU,PASAR AWAM LARKIN,Runcit,26,Buah-Buahan,02,012,JAMBU BATU,F.A.Q,Kilogram,5,6,
30862318,2026-08-17,2026-08-18 16:53:40.948771,JOHOR,JOHOR BAHRU,PASAR AWAM LARKIN,Runcit,26,Buah-Buahan,02,012,JAMBU BATU TANPA BIJI,F.A.Q,Kilogram,8,8.53,
30862319,2026-08-17,2026-08-18 16:53:40.948771,JOHOR,JOHOR BAHRU,PASAR AWAM LARKIN,Runcit,26,Buah-Buahan,02,041,LAI KUNING,F.A.Q,Biji,2,1.86,
30862320,2026-08-17,2026-08-18 16:53:40.948771,JOHOR,JOHOR BAHRU,PASAR AWAM LARKIN,Runcit,26,Buah-Buahan,02,015,LIMAU BALI / PAMELO,F.A.Q,Kilogram,18,7.84,
30862321,2026-08-17,2026-08-18 16:53:40.948771,JOHOR,JOHOR BAHRU,PASAR AWAM LARKIN,Runcit,26,Buah-Buahan,02,045,LIMAU MANDARIN,SEDANG,Biji,1.9,3.6,
30862322,2026-08-17,2026-08-18 16:53:40.948771,JOHOR,JOHOR BAHRU,PASAR AWAM LARKIN,Runcit,26,Buah-Buahan,02,016,LIMAU MANIS (THAILAND),F.A.Q,Kilogram,10,7.8,
30862323,2026-08-17,2026-08-18 16:53:40.948771,JOHOR,JOHOR BAHRU,PASAR AWAM LARKIN,Runcit,26,Buah-Buahan,02,045,LIMAU OREN VALENCIA,SEDANG,Biji,1.2,1.87,
30862324,2026-08-17,2026-08-18 16:53:40.948771,JOHOR,JOHOR BAHRU,PASAR AWAM LARKIN,Runcit,26,Buah-Buahan,02,018,MANGGA LEMAK MANIS (THAILAND),F.A.Q,Kilogram,10,7.63,
30862325,2026-08-17,2026-08-18 16:53:40.948771,JOHOR,JOHOR BAHRU,PASAR AWAM LARKIN,Runcit,26,Buah-Buahan,02,018,MANGGA SUSU (THAILAND),F.A.Q,Kilogram,10,8.39,
30862326,2026-08-17,2026-08-18 16:53:40.948771,JOHOR,JOHOR BAHRU,PASAR AWAM LARKIN,Runcit,26,Buah-Buahan,01,011,MANGGIS,F.A.Q,Kilogram,10,12.25,
30862327,2026-08-17,2026-08-18 16:53:40.948771,JOHOR,JOHOR BAHRU,PASAR AWAM LARKIN,Runcit,26,Buah-Buahan,01,020,MATA KUCING / LONGAN,F.A.Q,Kilogram,10,11.52,
30862328,2026-08-17,2026-08-18 16:53:40.948771,JOHOR,JOHOR BAHRU,PASAR AWAM LARKIN,Runcit,26,Buah-Buahan,02,023,NANAS MD2 (AC9),F.A.Q,Kilogram,6,5.17,
30862329,2026-08-17,2026-08-18 16:53:40.948771,JOHOR,JOHOR BAHRU,PASAR AWAM LARKIN,Runcit,26,Buah-Buahan,02,023,NANAS MORIS (AC1),SEDANG,Kilogram,5,3.95,
30862330,2026-08-17,2026-08-18 16:53:40.948771,JOHOR,JOHOR BAHRU,PASAR AWAM LARKIN,Runcit,26,Buah-Buahan,02,024,NANGKA KLON / KAHWIN,F.A.Q,Kilogram,5,5.33,
30862331,2026-08-17,2026-08-18 16:53:40.948771,JOHOR,JOHOR BAHRU,PASAR AWAM LARKIN,Runcit,26,Buah-Buahan,02,024,NANGKA KLON / KAHWIN (ULAS / PULP),F.A.Q,Kilogram,8,8,
30862332,2026-08-17,2026-08-18 16:53:40.948771,JOHOR,JOHOR BAHRU,PASAR AWAM LARKIN,Runcit,26,Buah-Buahan,02,024,NANGKA TEKAM YELLOW (J33),F.A.Q,Kilogram,6.8,7.16,
30862333,2026-08-17,2026-08-18 16:53:40.948771,JOHOR,JOHOR BAHRU,PASAR AWAM LARKIN,Runcit,26,Buah-Buahan,02,024,NANGKA TEKAM YELLOW (J33) (ULAS / PULP),F.A.Q,Kilogram,9,11.93,
30862334,2026-08-17,2026-08-18 16:53:40.948771,JOHOR,JOHOR BAHRU,PASAR AWAM LARKIN,Runcit,26,Buah-Buahan,02,028,PISANG AWAK (MP1),F.A.Q,Kilogram,5,4.4,
30862335,2026-08-17,2026-08-18 16:53:40.948771,JOHOR,JOHOR BAHRU,PASAR AWAM LARKIN,Runcit,26,Buah-Buahan,02,028,PISANG CAVENDISH (MP14),F.A.Q,Kilogram,5.5,5.18,
30862336,2026-08-17,2026-08-18 16:53:40.948771,JOHOR,JOHOR BAHRU,PASAR AWAM LARKIN,Runcit,26,Buah-Buahan,02,028,PISANG EMBUN (MP7),F.A.Q,Kilogram,5,4.31,
30862337,2026-08-17,2026-08-18 16:53:40.948771,JOHOR,JOHOR BAHRU,PASAR AWAM LARKIN,Runcit,26,Buah-Buahan,02,028,PISANG NANGKA (MP2),F.A.Q,Kilogram,7,4.75,
30862338,2026-08-17,2026-08-18 16:53:40.948771,JOHOR,JOHOR BAHRU,PASAR AWAM LARKIN,Runcit,26,Buah-Buahan,02,028,PISANG NIPAH (MP5) / ABU (MP6) / SABAH / KAPOK,F.A.Q,Kilogram,5.5,4.6,
30862339,2026-08-17,2026-08-18 16:53:40.948771,JOHOR,JOHOR BAHRU,PASAR AWAM LARKIN,Runcit,26,Buah-Buahan,02,028,PISANG RASTALI (MP9),F.A.Q,Kilogram,6,4.92,
30862340,2026-08-17,2026-08-18 16:53:40.948771,JOHOR,JOHOR BAHRU,PASAR AWAM LARKIN,Runcit,26,Buah-Buahan,02,028,PISANG TANDUK,F.A.Q,Kilogram,7,6.32,
30862341,2026-08-17,2026-08-18 16:53:40.948771,JOHOR,JOHOR BAHRU,PASAR AWAM LARKIN,Runcit,26,Buah-Buahan,01,012,PULASAN,F.A.Q,Kilogram,10,7.55,
30862342,2026-08-17,2026-08-18 16:53:40.948771,JOHOR,JOHOR BAHRU,PASAR AWAM LARKIN,Runcit,26,Buah-Buahan,02,034,ROCK MELON,F.A.Q,Kilogram,10,8.37,
30862343,2026-08-17,2026-08-18 16:53:40.948771,JOHOR,JOHOR BAHRU,PASAR AWAM LARKIN,Runcit,26,Buah-Buahan,02,034,TEMBIKAI KUNING,F.A.Q,Kilogram,2.8,4,
30862344,2026-08-17,2026-08-18 16:53:40.948771,JOHOR,JOHOR BAHRU,PASAR AWAM LARKIN,Runcit,26,Buah-Buahan,02,034,TEMBIKAI MERAH,F.A.Q,Kilogram,3.8,4,
30862345,2026-08-17,2026-08-18 16:53:40.948771,JOHOR,JOHOR BAHRU,PASAR AWAM LARKIN,Runcit,26,Buah-Buahan,02,034,TEMBIKAI WANGI / HONEY DEW,F.A.Q,Kilogram,6,6.14,
30862381,2026-08-17,2026-08-18 16:57:16.355768,JOHOR,JOHOR BAHRU,PASAR BORONG PANDAN,Borong,20,Buah-Buahan,02,036,ANGGUR HIJAU TANPA BIJI,F.A.Q,Kilogram,20,19.62,
30862382,2026-08-17,2026-08-18 16:57:16.355768,JOHOR,JOHOR BAHRU,PASAR BORONG PANDAN,Borong,20,Buah-Buahan,02,036,ANGGUR HITAM TANPA BIJI,F.A.Q,Kilogram,19,19.09,
30862383,2026-08-17,2026-08-18 16:57:16.355768,JOHOR,JOHOR BAHRU,PASAR BORONG PANDAN,Borong,20,Buah-Buahan,02,036,ANGGUR MERAH TANPA BIJI,F.A.Q,Kilogram,19,19.41,
30862384,2026-08-17,2026-08-18 16:57:16.355768,JOHOR,JOHOR BAHRU,PASAR BORONG PANDAN,Borong,20,Buah-Buahan,02,044,BUAH NAGA/PITAYA ISI MERAH,F.A.Q,Kilogram,6,8.69,
30862385,2026-08-17,2026-08-18 16:57:16.355768,JOHOR,JOHOR BAHRU,PASAR BORONG PANDAN,Borong,20,Buah-Buahan,01,003,CEMPEDAK KAMPUNG,F.A.Q,Kilogram,5.5,6.22,
30862386,2026-08-17,2026-08-18 16:57:16.355768,JOHOR,JOHOR BAHRU,PASAR BORONG PANDAN,Borong,20,Buah-Buahan,01,003,CEMPEDAK KLON,F.A.Q,Kilogram,4.3,3,
30862387,2026-08-17,2026-08-18 16:57:16.355768,JOHOR,JOHOR BAHRU,PASAR BORONG PANDAN,Borong,20,Buah-Buahan,02,009,DURIAN BELANDA,F.A.Q,Kilogram,13,9.82,
30862388,2026-08-17,2026-08-18 16:57:16.355768,JOHOR,JOHOR BAHRU,PASAR BORONG PANDAN,Borong,20,Buah-Buahan,02,037,EPAL HIJAU,SEDANG,Biji,0.9,0.87,
30862389,2026-08-17,2026-08-18 16:57:16.355768,JOHOR,JOHOR BAHRU,PASAR BORONG PANDAN,Borong,20,Buah-Buahan,02,037,EPAL MERAH (FUJI),SEDANG,Biji,1.2,1.01,
30862390,2026-08-17,2026-08-18 16:57:16.355768,JOHOR,JOHOR BAHRU,PASAR BORONG PANDAN,Borong,20,Buah-Buahan,02,012,JAMBU BATU,F.A.Q,Kilogram,3.5,3.92,
30862391,2026-08-17,2026-08-18 16:57:16.355768,JOHOR,JOHOR BAHRU,PASAR BORONG PANDAN,Borong,20,Buah-Buahan,02,012,JAMBU BATU TANPA BIJI,F.A.Q,Kilogram,6.5,5.64,
30862392,2026-08-17,2026-08-18 16:57:16.355768,JOHOR,JOHOR BAHRU,PASAR BORONG PANDAN,Borong,20,Buah-Buahan,02,041,LAI KUNING,F.A.Q,Biji,1.5,1.33,
30862393,2026-08-17,2026-08-18 16:57:16.355768,JOHOR,JOHOR BAHRU,PASAR BORONG PANDAN,Borong,20,Buah-Buahan,02,015,LIMAU BALI / PAMELO,F.A.Q,Kilogram,15,8.09,
30862394,2026-08-17,2026-08-18 16:57:16.355768,JOHOR,JOHOR BAHRU,PASAR BORONG PANDAN,Borong,20,Buah-Buahan,02,045,LIMAU MANDARIN,SEDANG,Biji,1.1,0.9,
30862395,2026-08-17,2026-08-18 16:57:16.355768,JOHOR,JOHOR BAHRU,PASAR BORONG PANDAN,Borong,20,Buah-Buahan,02,016,LIMAU MANIS (THAILAND),F.A.Q,Kilogram,8,5.52,
30862396,2026-08-17,2026-08-18 16:57:16.355768,JOHOR,JOHOR BAHRU,PASAR BORONG PANDAN,Borong,20,Buah-Buahan,02,045,LIMAU OREN VALENCIA,SEDANG,Biji,0.9,0.95,
30862397,2026-08-17,2026-08-18 16:57:16.355768,JOHOR,JOHOR BAHRU,PASAR BORONG PANDAN,Borong,20,Buah-Buahan,02,018,MANGGA LEMAK MANIS (THAILAND),F.A.Q,Kilogram,6,4.71,
30862398,2026-08-17,2026-08-18 16:57:16.355768,JOHOR,JOHOR BAHRU,PASAR BORONG PANDAN,Borong,20,Buah-Buahan,02,018,MANGGA SUSU (THAILAND),F.A.Q,Kilogram,6.5,4.78,
30862399,2026-08-17,2026-08-18 16:57:16.355768,JOHOR,JOHOR BAHRU,PASAR BORONG PANDAN,Borong,20,Buah-Buahan,01,011,MANGGIS,F.A.Q,Kilogram,6.5,9,
30862400,2026-08-17,2026-08-18 16:57:16.355768,JOHOR,JOHOR BAHRU,PASAR BORONG PANDAN,Borong,20,Buah-Buahan,01,020,MATA KUCING / LONGAN,F.A.Q,Kilogram,8,8.27,
30862401,2026-08-17,2026-08-18 16:57:16.355768,JOHOR,JOHOR BAHRU,PASAR BORONG PANDAN,Borong,20,Buah-Buahan,02,023,NANAS MD2 (AC9),F.A.Q,Kilogram,4.5,3.35,
30862402,2026-08-17,2026-08-18 16:57:16.355768,JOHOR,JOHOR BAHRU,PASAR BORONG PANDAN,Borong,20,Buah-Buahan,02,023,NANAS MORIS (AC1),SEDANG,Kilogram,2.8,2.84,
30862403,2026-08-17,2026-08-18 16:57:16.355768,JOHOR,JOHOR BAHRU,PASAR BORONG PANDAN,Borong,20,Buah-Buahan,02,024,NANGKA KLON / KAHWIN,F.A.Q,Kilogram,3,3.63,
30862404,2026-08-17,2026-08-18 16:57:16.355768,JOHOR,JOHOR BAHRU,PASAR BORONG PANDAN,Borong,20,Buah-Buahan,02,024,NANGKA TEKAM YELLOW (J33),F.A.Q,Kilogram,3.8,3.56,
30862405,2026-08-17,2026-08-18 16:57:16.355768,JOHOR,JOHOR BAHRU,PASAR BORONG PANDAN,Borong,20,Buah-Buahan,02,028,PISANG AWAK (MP1),F.A.Q,Kilogram,3.5,3.15,
30862406,2026-08-17,2026-08-18 16:57:16.355768,JOHOR,JOHOR BAHRU,PASAR BORONG PANDAN,Borong,20,Buah-Buahan,02,028,PISANG CAVENDISH (MP14),F.A.Q,Kilogram,3,3.73,
30862407,2026-08-17,2026-08-18 16:57:16.355768,JOHOR,JOHOR BAHRU,PASAR BORONG PANDAN,Borong,20,Buah-Buahan,02,028,PISANG EMBUN (MP7),F.A.Q,Kilogram,3,3.25,
30862408,2026-08-17,2026-08-18 16:57:16.355768,JOHOR,JOHOR BAHRU,PASAR BORONG PANDAN,Borong,20,Buah-Buahan,02,028,PISANG NANGKA (MP2),F.A.Q,Kilogram,3.5,3.46,
30862409,2026-08-17,2026-08-18 16:57:16.355768,JOHOR,JOHOR BAHRU,PASAR BORONG PANDAN,Borong,20,Buah-Buahan,02,028,PISANG NIPAH (MP5) / ABU (MP6) / SABAH / KAPOK,F.A.Q,Kilogram,4,2.94,
30862410,2026-08-17,2026-08-18 16:57:16.355768,JOHOR,JOHOR BAHRU,PASAR BORONG PANDAN,Borong,20,Buah-Buahan,02,028,PISANG RASTALI (MP9),F.A.Q,Kilogram,4.5,3.58,
30862411,2026-08-17,2026-08-18 16:57:16.355768,JOHOR,JOHOR BAHRU,PASAR BORONG PANDAN,Borong,20,Buah-Buahan,02,028,PISANG TANDUK,F.A.Q,Kilogram,4,4.94,
30862412,2026-08-17,2026-08-18 16:57:16.355768,JOHOR,JOHOR BAHRU,PASAR BORONG PANDAN,Borong,20,Buah-Buahan,01,012,PULASAN,F.A.Q,Kilogram,5.5,4.35,
30862413,2026-08-17,2026-08-18 16:57:16.355768,JOHOR,JOHOR BAHRU,PASAR BORONG PANDAN,Borong,20,Buah-Buahan,02,034,ROCK MELON,F.A.Q,Kilogram,8,5.5,
30862414,2026-08-17,2026-08-18 16:57:16.355768,JOHOR,JOHOR BAHRU,PASAR BORONG PANDAN,Borong,20,Buah-Buahan,02,034,TEMBIKAI KUNING,F.A.Q,Kilogram,2.3,3.06,
30862415,2026-08-17,2026-08-18 16:57:16.355768,JOHOR,JOHOR BAHRU,PASAR BORONG PANDAN,Borong,20,Buah-Buahan,02,034,TEMBIKAI MERAH,F.A.Q,Kilogram,2.8,2,
30862416,2026-08-17,2026-08-18 16:57:16.355768,JOHOR,JOHOR BAHRU,PASAR BORONG PANDAN,Borong,20,Buah-Buahan,02,034,TEMBIKAI WANGI / HONEY DEW,F.A.Q,Kilogram,4.5,4.14,
30862420,2026-08-17,2026-08-18 16:59:50.155834,JOHOR,TANGKAK,LADANG/KEBUN BUKIT GAMBIR,Ladang,,Buah-Buahan,01,003,CEMPEDAK KAMPUNG,F.A.Q,Kilogram,3.8,5.17,
30862421,2026-08-17,2026-08-18 16:59:50.155834,JOHOR,TANGKAK,LADANG/KEBUN BUKIT GAMBIR,Ladang,,Buah-Buahan,02,009,DURIAN BELANDA,F.A.Q,Kilogram,8,5.17,
30862422,2026-08-17,2026-08-18 16:59:50.155834,JOHOR,TANGKAK,LADANG/KEBUN BUKIT GAMBIR,Ladang,,Buah-Buahan,02,012,JAMBU BATU,F.A.Q,Kilogram,1.8,3.16,
30862423,2026-08-17,2026-08-18 16:59:50.155834,JOHOR,TANGKAK,LADANG/KEBUN BUKIT GAMBIR,Ladang,,Buah-Buahan,02,015,LIMAU BALI / PAMELO,F.A.Q,Kilogram,7,3,
30862424,2026-08-17,2026-08-18 16:59:50.155834,JOHOR,TANGKAK,LADANG/KEBUN BUKIT GAMBIR,Ladang,,Buah-Buahan,01,020,MATA KUCING / LONGAN,F.A.Q,Kilogram,5,3,
30862425,2026-08-17,2026-08-18 16:59:50.155834,JOHOR,TANGKAK,LADANG/KEBUN BUKIT GAMBIR,Ladang,,Buah-Buahan,02,023,NANAS MD2 (AC9),F.A.Q,Kilogram,2.5,2.64,
30862426,2026-08-17,2026-08-18 16:59:50.155834,JOHOR,TANGKAK,LADANG/KEBUN BUKIT GAMBIR,Ladang,,Buah-Buahan,02,023,NANAS MORIS (AC1),SEDANG,Kilogram,2.2,2.47,
30862427,2026-08-17,2026-08-18 16:59:50.155834,JOHOR,TANGKAK,LADANG/KEBUN BUKIT GAMBIR,Ladang,,Buah-Buahan,02,024,NANGKA KLON / KAHWIN,F.A.Q,Kilogram,2,1.8,
30862428,2026-08-17,2026-08-18 16:59:50.155834,JOHOR,TANGKAK,LADANG/KEBUN BUKIT GAMBIR,Ladang,,Buah-Buahan,02,024,NANGKA TEKAM YELLOW (J33),F.A.Q,Kilogram,2.5,2.33,
30862429,2026-08-17,2026-08-18 16:59:50.155834,JOHOR,TANGKAK,LADANG/KEBUN BUKIT GAMBIR,Ladang,,Buah-Buahan,02,028,PISANG AWAK (MP1),F.A.Q,Kilogram,1.5,1.6,
30862430,2026-08-17,2026-08-18 16:59:50.155834,JOHOR,TANGKAK,LADANG/KEBUN BUKIT GAMBIR,Ladang,,Buah-Buahan,02,028,PISANG CAVENDISH (MP14),F.A.Q,Kilogram,2,2.5,
30862431,2026-08-17,2026-08-18 16:59:50.155834,JOHOR,TANGKAK,LADANG/KEBUN BUKIT GAMBIR,Ladang,,Buah-Buahan,02,028,PISANG EMBUN (MP7),F.A.Q,Kilogram,1.2,1.35,
30862432,2026-08-17,2026-08-18 16:59:50.155834,JOHOR,TANGKAK,LADANG/KEBUN BUKIT GAMBIR,Ladang,,Buah-Buahan,02,028,PISANG NANGKA (MP2),F.A.Q,Kilogram,1.2,1.68,
30862433,2026-08-17,2026-08-18 16:59:50.155834,JOHOR,TANGKAK,LADANG/KEBUN BUKIT GAMBIR,Ladang,,Buah-Buahan,02,028,PISANG NIPAH (MP5) / ABU (MP6) / SABAH / KAPOK,F.A.Q,Kilogram,1.7,1.64,
30862434,2026-08-17,2026-08-18 16:59:50.155834,JOHOR,TANGKAK,LADANG/KEBUN BUKIT GAMBIR,Ladang,,Buah-Buahan,02,028,PISANG RASTALI (MP9),F.A.Q,Kilogram,2.3,2.51,
30862435,2026-08-17,2026-08-18 16:59:50.155834,JOHOR,TANGKAK,LADANG/KEBUN BUKIT GAMBIR,Ladang,,Buah-Buahan,02,028,PISANG TANDUK,F.A.Q,Kilogram,3,2.33,
30862436,2026-08-17,2026-08-18 16:59:50.155834,JOHOR,TANGKAK,LADANG/KEBUN BUKIT GAMBIR,Ladang,,Buah-Buahan,02,034,ROCK MELON,F.A.Q,Kilogram,5,3.25,
30862437,2026-08-17,2026-08-18 16:59:50.155834,JOHOR,TANGKAK,LADANG/KEBUN BUKIT GAMBIR,Ladang,,Buah-Buahan,02,034,TEMBIKAI KUNING,F.A.Q,Kilogram,1.5,2.23,
30862438,2026-08-17,2026-08-18 16:59:50.155834,JOHOR,TANGKAK,LADANG/KEBUN BUKIT GAMBIR,Ladang,,Buah-Buahan,02,034,TEMBIKAI MERAH,F.A.Q,Kilogram,1.9,1,
30862439,2026-08-17,2026-08-18 16:59:50.155834,JOHOR,TANGKAK,LADANG/KEBUN BUKIT GAMBIR,Ladang,,Buah-Buahan,02,034,TEMBIKAI WANGI / HONEY DEW,F.A.Q,Kilogram,3.5,3.5,
30862639,2026-08-17,2026-08-18 19:43:52.985455,SELANGOR,PETALING,[LOKASI KUTIPAN HARGA RUNCIT - OUTLET BUAH BERMUSIM] SUNGAI BULOH,Runcit,41,Buah-Buahan,01,005,DURIAN D24 (D24),F.A.Q,Kilogram,18,27,
30862640,2026-08-17,2026-08-18 19:43:52.985455,SELANGOR,PETALING,[LOKASI KUTIPAN HARGA RUNCIT - OUTLET BUAH BERMUSIM] SUNGAI BULOH,Runcit,41,Buah-Buahan,01,005,DURIAN D24 (D24),F.A.Q,Kilogram,15,27,
30862641,2026-08-17,2026-08-18 19:43:52.985455,SELANGOR,PETALING,[LOKASI KUTIPAN HARGA RUNCIT - OUTLET BUAH BERMUSIM] SUNGAI BULOH,Runcit,41,Buah-Buahan,01,005,DURIAN KAMPUNG,F.A.Q,Kilogram,10,11.13,
30862642,2026-08-17,2026-08-18 19:43:52.985455,SELANGOR,PETALING,[LOKASI KUTIPAN HARGA RUNCIT - OUTLET BUAH BERMUSIM] SUNGAI BULOH,Runcit,41,Buah-Buahan,01,005,DURIAN KAMPUNG,F.A.Q,Kilogram,8,11.13,
30862643,2026-08-17,2026-08-18 19:43:52.985455,SELANGOR,PETALING,[LOKASI KUTIPAN HARGA RUNCIT - OUTLET BUAH BERMUSIM] SUNGAI BULOH,Runcit,41,Buah-Buahan,01,005,DURIAN KLON / KAHWIN,F.A.Q,Kilogram,12,20,
30862644,2026-08-17,2026-08-18 19:43:52.985455,SELANGOR,PETALING,[LOKASI KUTIPAN HARGA RUNCIT - OUTLET BUAH BERMUSIM] SUNGAI BULOH,Runcit,41,Buah-Buahan,01,005,DURIAN MUSANG KING / RAJA KUNYIT (D197),F.A.Q,Kilogram,35,76.3125,
30862645,2026-08-17,2026-08-18 19:43:52.985455,SELANGOR,PETALING,[LOKASI KUTIPAN HARGA RUNCIT - OUTLET BUAH BERMUSIM] SUNGAI BULOH,Runcit,41,Buah-Buahan,01,005,DURIAN MUSANG KING / RAJA KUNYIT (D197),F.A.Q,Kilogram,28,76.3125,
30862646,2026-08-17,2026-08-18 19:43:52.985455,SELANGOR,PETALING,[LOKASI KUTIPAN HARGA RUNCIT - OUTLET BUAH BERMUSIM] SUNGAI BULOH,Runcit,41,Buah-Buahan,01,005,DURIAN MUSANG KING / RAJA KUNYIT (D197),F.A.Q,Kilogram,20,76.3125,
30862647,2026-08-17,2026-08-18 19:46:02.226368,SELANGOR,PETALING,[LOKASI KUTIPAN HARGA RUNCIT - OUTLET BUAH BERMUSIM] SUNGAI BULOH,Runcit,41,Buah-Buahan,01,005,DURIAN D24 (D24),F.A.Q,Kilogram,18,27,
30862648,2026-08-17,2026-08-18 19:46:02.226368,SELANGOR,PETALING,[LOKASI KUTIPAN HARGA RUNCIT - OUTLET BUAH BERMUSIM] SUNGAI BULOH,Runcit,41,Buah-Buahan,01,005,DURIAN DURI HITAM / OCHII (D200),F.A.Q,Kilogram,35,86,
30862649,2026-08-17,2026-08-18 19:46:02.226368,SELANGOR,PETALING,[LOKASI KUTIPAN HARGA RUNCIT - OUTLET BUAH BERMUSIM] SUNGAI BULOH,Runcit,41,Buah-Buahan,01,005,DURIAN DURI HITAM / OCHII (D200),F.A.Q,Kilogram,28,86,
30862650,2026-08-17,2026-08-18 19:46:02.226368,SELANGOR,PETALING,[LOKASI KUTIPAN HARGA RUNCIT - OUTLET BUAH BERMUSIM] SUNGAI BULOH,Runcit,41,Buah-Buahan,01,005,DURIAN KAMPUNG,F.A.Q,Kilogram,9,11.13,
30862651,2026-08-17,2026-08-18 19:46:02.226368,SELANGOR,PETALING,[LOKASI KUTIPAN HARGA RUNCIT - OUTLET BUAH BERMUSIM] SUNGAI BULOH,Runcit,41,Buah-Buahan,01,005,DURIAN KLON / KAHWIN,F.A.Q,Kilogram,12,20,
30862652,2026-08-17,2026-08-18 19:46:02.226368,SELANGOR,PETALING,[LOKASI KUTIPAN HARGA RUNCIT - OUTLET BUAH BERMUSIM] SUNGAI BULOH,Runcit,41,Buah-Buahan,01,005,DURIAN MUSANG KING / RAJA KUNYIT (D197),F.A.Q,Kilogram,35,76.3125,
30862653,2026-08-17,2026-08-18 19:46:02.226368,SELANGOR,PETALING,[LOKASI KUTIPAN HARGA RUNCIT - OUTLET BUAH BERMUSIM] SUNGAI BULOH,Runcit,41,Buah-Buahan,01,005,DURIAN MUSANG KING / RAJA KUNYIT (D197),F.A.Q,Kilogram,28,76.3125,
30862654,2026-08-17,2026-08-18 19:46:02.226368,SELANGOR,PETALING,[LOKASI KUTIPAN HARGA RUNCIT - OUTLET BUAH BERMUSIM] SUNGAI BULOH,Runcit,41,Buah-Buahan,01,005,DURIAN MUSANG KING / RAJA KUNYIT (D197),F.A.Q,Kilogram,20,76.3125,
30864233,2026-08-17,2026-08-19 10:24:49.99584,KEDAH,PADANG TERAP,,Ladang,06,Buah-Buahan,01,004,DOKONG,F.A.Q,Kilogram,2,2,
30864234,2026-08-17,2026-08-19 10:24:49.99584,KEDAH,PADANG TERAP,,Ladang,06,Buah-Buahan,02,023,NANAS MD2 (AC9),F.A.Q,Kilogram,3.1,3.1,
30864235,2026-08-17,2026-08-19 10:24:49.99584,KEDAH,PADANG TERAP,,Ladang,06,Buah-Buahan,02,023,NANAS MORIS (AC1),SEDANG,Kilogram,2.2,2.1,
30864236,2026-08-17,2026-08-19 10:24:49.99584,KEDAH,PADANG TERAP,,Ladang,06,Buah-Buahan,02,028,PISANG AWAK (MP1),F.A.Q,Kilogram,2,2,
30864237,2026-08-17,2026-08-19 10:24:49.99584,KEDAH,PADANG TERAP,,Ladang,06,Buah-Buahan,02,028,PISANG TANDUK,F.A.Q,Kilogram,3.3,3.3,
30864238,2026-08-17,2026-08-19 10:24:49.99584,KEDAH,PADANG TERAP,,Ladang,06,Buah-Buahan,02,034,TEMBIKAI KUNING,F.A.Q,Kilogram,1.2,1.2,
30864239,2026-08-17,2026-08-19 10:24:49.99584,KEDAH,PADANG TERAP,,Ladang,06,Buah-Buahan,02,034,TEMBIKAI MERAH,F.A.Q,Kilogram,1.2,1.2,
30864240,2026-08-17,2026-08-19 10:24:49.99584,KEDAH,PADANG TERAP,,Ladang,06,Buah-Buahan,02,034,TEMBIKAI WANGI / HONEY DEW,F.A.Q,Kilogram,1,1,
30864356,2026-08-17,2026-08-19 10:35:18.036233,KEDAH,KOTA SETAR,PEKAN BUAH ALOR SETAR,Borong,20,Buah-Buahan,02,036,ANGGUR HIJAU TANPA BIJI,F.A.Q,Kilogram,16,16,
30864357,2026-08-17,2026-08-19 10:35:18.036233,KEDAH,KOTA SETAR,PEKAN BUAH ALOR SETAR,Borong,20,Buah-Buahan,02,036,ANGGUR HITAM TANPA BIJI,F.A.Q,Kilogram,16,16,
30864358,2026-08-17,2026-08-19 10:35:18.036233,KEDAH,KOTA SETAR,PEKAN BUAH ALOR SETAR,Borong,20,Buah-Buahan,02,036,ANGGUR MERAH TANPA BIJI,F.A.Q,Kilogram,16,16,
30864359,2026-08-17,2026-08-19 10:35:18.036233,KEDAH,KOTA SETAR,PEKAN BUAH ALOR SETAR,Borong,20,Buah-Buahan,02,003,BELIMBING (B10),F.A.Q,Kilogram,3.5,4,
30864360,2026-08-17,2026-08-19 10:35:18.036233,KEDAH,KOTA SETAR,PEKAN BUAH ALOR SETAR,Borong,20,Buah-Buahan,02,044,BUAH NAGA/PITAYA ISI MERAH,F.A.Q,Kilogram,9,9,
30864361,2026-08-17,2026-08-19 10:35:18.036233,KEDAH,KOTA SETAR,PEKAN BUAH ALOR SETAR,Borong,20,Buah-Buahan,01,003,CEMPEDAK KAMPUNG,F.A.Q,Kilogram,2.5,2.5,
30864362,2026-08-17,2026-08-19 10:35:18.036233,KEDAH,KOTA SETAR,PEKAN BUAH ALOR SETAR,Borong,20,Buah-Buahan,01,003,CEMPEDAK KING,F.A.Q,Kilogram,4,4,
30864363,2026-08-17,2026-08-19 10:35:18.036233,KEDAH,KOTA SETAR,PEKAN BUAH ALOR SETAR,Borong,20,Buah-Buahan,01,004,DOKONG,F.A.Q,Kilogram,3.5,3.5,
30864364,2026-08-17,2026-08-19 10:35:18.036233,KEDAH,KOTA SETAR,PEKAN BUAH ALOR SETAR,Borong,20,Buah-Buahan,01,005,DURIAN D24 (D24),F.A.Q,Kilogram,12,12,
30864365,2026-08-17,2026-08-19 10:35:18.036233,KEDAH,KOTA SETAR,PEKAN BUAH ALOR SETAR,Borong,20,Buah-Buahan,01,005,DURIAN DURI HITAM / OCHII (D200),F.A.Q,Kilogram,25,25,
30864366,2026-08-17,2026-08-19 10:35:18.036233,KEDAH,KOTA SETAR,PEKAN BUAH ALOR SETAR,Borong,20,Buah-Buahan,01,005,DURIAN IOI (D168),F.A.Q,Kilogram,15,15,
30864367,2026-08-17,2026-08-19 10:35:18.036233,KEDAH,KOTA SETAR,PEKAN BUAH ALOR SETAR,Borong,20,Buah-Buahan,01,005,DURIAN KAMPUNG,F.A.Q,Kilogram,5,7,
30864368,2026-08-17,2026-08-19 10:35:18.036233,KEDAH,KOTA SETAR,PEKAN BUAH ALOR SETAR,Borong,20,Buah-Buahan,01,005,DURIAN KLON / KAHWIN,F.A.Q,Kilogram,10,10,
30864369,2026-08-17,2026-08-19 10:35:18.036233,KEDAH,KOTA SETAR,PEKAN BUAH ALOR SETAR,Borong,20,Buah-Buahan,01,005,DURIAN MUSANG KING / RAJA KUNYIT (D197),F.A.Q,Kilogram,20,20,
30864370,2026-08-17,2026-08-19 10:35:18.036233,KEDAH,KOTA SETAR,PEKAN BUAH ALOR SETAR,Borong,20,Buah-Buahan,01,005,DURIAN UDANG MERAH (D175),F.A.Q,Kilogram,15,15,
30864371,2026-08-17,2026-08-19 10:35:18.036233,KEDAH,KOTA SETAR,PEKAN BUAH ALOR SETAR,Borong,20,Buah-Buahan,01,005,DURIAN UDANG MERAH (THAILAND),F.A.Q,Kilogram,15,15,
30864372,2026-08-17,2026-08-19 10:35:18.036233,KEDAH,KOTA SETAR,PEKAN BUAH ALOR SETAR,Borong,20,Buah-Buahan,02,037,EPAL HIJAU,SEDANG,Biji,0.8,0.8,
30864373,2026-08-17,2026-08-19 10:35:18.036233,KEDAH,KOTA SETAR,PEKAN BUAH ALOR SETAR,Borong,20,Buah-Buahan,02,037,EPAL MERAH (FUJI),SEDANG,Biji,0.9,0.9,
30864374,2026-08-17,2026-08-19 10:35:18.036233,KEDAH,KOTA SETAR,PEKAN BUAH ALOR SETAR,Borong,20,Buah-Buahan,02,012,JAMBU BATU,F.A.Q,Kilogram,4.5,4.5,
30864375,2026-08-17,2026-08-19 10:35:18.036233,KEDAH,KOTA SETAR,PEKAN BUAH ALOR SETAR,Borong,20,Buah-Buahan,02,012,JAMBU BATU TANPA BIJI,F.A.Q,Kilogram,5,5,
30864376,2026-08-17,2026-08-19 10:35:18.036233,KEDAH,KOTA SETAR,PEKAN BUAH ALOR SETAR,Borong,20,Buah-Buahan,02,041,LAI KUNING,F.A.Q,Biji,1,1,
30864377,2026-08-17,2026-08-19 10:35:18.036233,KEDAH,KOTA SETAR,PEKAN BUAH ALOR SETAR,Borong,20,Buah-Buahan,02,016,LIMAU MANIS,F.A.Q,Kilogram,4,4,
30864378,2026-08-17,2026-08-19 10:35:18.036233,KEDAH,KOTA SETAR,PEKAN BUAH ALOR SETAR,Borong,20,Buah-Buahan,02,016,LIMAU MANIS (THAILAND),F.A.Q,Kilogram,3,3,
30864379,2026-08-17,2026-08-19 10:35:18.036233,KEDAH,KOTA SETAR,PEKAN BUAH ALOR SETAR,Borong,20,Buah-Buahan,02,045,LIMAU OREN VALENCIA,SEDANG,Biji,0.85,0.85,
30864380,2026-08-17,2026-08-19 10:35:18.036233,KEDAH,KOTA SETAR,PEKAN BUAH ALOR SETAR,Borong,20,Buah-Buahan,02,018,MANGGA CHOKANAN (THAILAND),F.A.Q,Kilogram,4.5,4.5,
30864381,2026-08-17,2026-08-19 10:35:18.036233,KEDAH,KOTA SETAR,PEKAN BUAH ALOR SETAR,Borong,20,Buah-Buahan,02,018,MANGGA HARUMANIS (INDONESIA),F.A.Q,Kilogram,5,5,
30864382,2026-08-17,2026-08-19 10:35:18.036233,KEDAH,KOTA SETAR,PEKAN BUAH ALOR SETAR,Borong,20,Buah-Buahan,02,018,MANGGA LEMAK MANIS (THAILAND),F.A.Q,Kilogram,6,6,
30864383,2026-08-17,2026-08-19 10:35:18.036233,KEDAH,KOTA SETAR,PEKAN BUAH ALOR SETAR,Borong,20,Buah-Buahan,02,018,MANGGA MAS HITAM/THONG DAM (THAILAND),F.A.Q,Kilogram,5,5,
30864384,2026-08-17,2026-08-19 10:35:18.036233,KEDAH,KOTA SETAR,PEKAN BUAH ALOR SETAR,Borong,20,Buah-Buahan,02,018,MANGGA SUSU (THAILAND),F.A.Q,Kilogram,5,5,
30864385,2026-08-17,2026-08-19 10:35:18.036233,KEDAH,KOTA SETAR,PEKAN BUAH ALOR SETAR,Borong,20,Buah-Buahan,02,018,MANGGA WATERLILY (THAILAND),F.A.Q,Kilogram,5,5,
30864386,2026-08-17,2026-08-19 10:35:18.036233,KEDAH,KOTA SETAR,PEKAN BUAH ALOR SETAR,Borong,20,Buah-Buahan,02,018,MANGGA WATERLILY GOLD/GOLDEN LILY (THAILAND),F.A.Q,Kilogram,5,5,
30864387,2026-08-17,2026-08-19 10:35:18.036233,KEDAH,KOTA SETAR,PEKAN BUAH ALOR SETAR,Borong,20,Buah-Buahan,01,020,MATA KUCING / LONGAN,F.A.Q,Kilogram,8,8,
30864388,2026-08-17,2026-08-19 10:35:18.036233,KEDAH,KOTA SETAR,PEKAN BUAH ALOR SETAR,Borong,20,Buah-Buahan,02,023,NANAS MD2 (AC9),F.A.Q,Kilogram,5,5,
30864389,2026-08-17,2026-08-19 10:35:18.036233,KEDAH,KOTA SETAR,PEKAN BUAH ALOR SETAR,Borong,20,Buah-Buahan,02,023,NANAS MORIS (AC1),SEDANG,Kilogram,3,3,
30864390,2026-08-17,2026-08-19 10:35:18.036233,KEDAH,KOTA SETAR,PEKAN BUAH ALOR SETAR,Borong,20,Buah-Buahan,02,024,NANGKA KLON / KAHWIN,F.A.Q,Kilogram,5,5,
30864391,2026-08-17,2026-08-19 10:35:18.036233,KEDAH,KOTA SETAR,PEKAN BUAH ALOR SETAR,Borong,20,Buah-Buahan,02,024,NANGKA TEKAM YELLOW (J33),F.A.Q,Kilogram,3.5,3.5,
30864392,2026-08-17,2026-08-19 10:35:18.036233,KEDAH,KOTA SETAR,PEKAN BUAH ALOR SETAR,Borong,20,Buah-Buahan,02,028,PISANG AWAK (MP1),F.A.Q,Kilogram,3.5,3.5,
30864393,2026-08-17,2026-08-19 10:35:18.036233,KEDAH,KOTA SETAR,PEKAN BUAH ALOR SETAR,Borong,20,Buah-Buahan,02,028,PISANG RASTALI (MP9),F.A.Q,Kilogram,3.5,3.5,
30864394,2026-08-17,2026-08-19 10:35:18.036233,KEDAH,KOTA SETAR,PEKAN BUAH ALOR SETAR,Borong,20,Buah-Buahan,02,028,PISANG TANDUK,F.A.Q,Kilogram,5,5,
30864395,2026-08-17,2026-08-19 10:35:18.036233,KEDAH,KOTA SETAR,PEKAN BUAH ALOR SETAR,Borong,20,Buah-Buahan,01,014,RAMBUTAN ANAK SEKOLAH (R191),F.A.Q,Kilogram,3.5,3.5,
30864396,2026-08-17,2026-08-19 10:35:18.036233,KEDAH,KOTA SETAR,PEKAN BUAH ALOR SETAR,Borong,20,Buah-Buahan,01,014,RAMBUTAN GADING,F.A.Q,Kilogram,3.5,3.5,
30864397,2026-08-17,2026-08-19 10:35:18.036233,KEDAH,KOTA SETAR,PEKAN BUAH ALOR SETAR,Borong,20,Buah-Buahan,01,014,RAMBUTAN MERAH,F.A.Q,Kilogram,3,3,
30864398,2026-08-17,2026-08-19 10:35:18.036233,KEDAH,KOTA SETAR,PEKAN BUAH ALOR SETAR,Borong,20,Buah-Buahan,02,034,TEMBIKAI KUNING,F.A.Q,Kilogram,2.5,2.5,
30864399,2026-08-17,2026-08-19 10:35:18.036233,KEDAH,KOTA SETAR,PEKAN BUAH ALOR SETAR,Borong,20,Buah-Buahan,02,034,TEMBIKAI MERAH,F.A.Q,Kilogram,2.5,2.5,
30864400,2026-08-17,2026-08-19 10:35:18.036233,KEDAH,KOTA SETAR,PEKAN BUAH ALOR SETAR,Borong,20,Buah-Buahan,02,034,TEMBIKAI WANGI / HONEY DEW,F.A.Q,Kilogram,1.5,1.5,
30864404,2026-08-17,2026-08-19 10:42:26.33882,KEDAH,KOTA SETAR,PASAR BESAR ALOR SETAR,Runcit,26,Buah-Buahan,02,036,ANGGUR HIJAU TANPA BIJI,F.A.Q,Kilogram,20,20,
30864405,2026-08-17,2026-08-19 10:42:26.33882,KEDAH,KOTA SETAR,PASAR BESAR ALOR SETAR,Runcit,26,Buah-Buahan,02,036,ANGGUR HITAM TANPA BIJI,F.A.Q,Kilogram,20,20,
30864406,2026-08-17,2026-08-19 10:42:26.33882,KEDAH,KOTA SETAR,PASAR BESAR ALOR SETAR,Runcit,26,Buah-Buahan,02,036,ANGGUR MERAH TANPA BIJI,F.A.Q,Kilogram,20,20,
30864407,2026-08-17,2026-08-19 10:42:26.33882,KEDAH,KOTA SETAR,PASAR BESAR ALOR SETAR,Runcit,26,Buah-Buahan,02,003,BELIMBING (B10),F.A.Q,Kilogram,6,6,
30864408,2026-08-17,2026-08-19 10:42:26.33882,KEDAH,KOTA SETAR,PASAR BESAR ALOR SETAR,Runcit,26,Buah-Buahan,02,044,BUAH NAGA/PITAYA ISI MERAH,F.A.Q,Kilogram,11,11,
30864409,2026-08-17,2026-08-19 10:42:26.33882,KEDAH,KOTA SETAR,PASAR BESAR ALOR SETAR,Runcit,26,Buah-Buahan,01,003,CEMPEDAK KAMPUNG,F.A.Q,Kilogram,5,5,
30864410,2026-08-17,2026-08-19 10:42:26.33882,KEDAH,KOTA SETAR,PASAR BESAR ALOR SETAR,Runcit,26,Buah-Buahan,01,003,CEMPEDAK KING,F.A.Q,Kilogram,6,6,
30864411,2026-08-17,2026-08-19 10:42:26.33882,KEDAH,KOTA SETAR,PASAR BESAR ALOR SETAR,Runcit,26,Buah-Buahan,01,004,DOKONG,F.A.Q,Kilogram,4,4,
30864412,2026-08-17,2026-08-19 10:42:26.33882,KEDAH,KOTA SETAR,PASAR BESAR ALOR SETAR,Runcit,26,Buah-Buahan,01,005,DURIAN D24 (D24),F.A.Q,Kilogram,18,18,
30864413,2026-08-17,2026-08-19 10:42:26.33882,KEDAH,KOTA SETAR,PASAR BESAR ALOR SETAR,Runcit,26,Buah-Buahan,01,005,DURIAN DURI HITAM / OCHII (D200),F.A.Q,Kilogram,30,30,
30864414,2026-08-17,2026-08-19 10:42:26.33882,KEDAH,KOTA SETAR,PASAR BESAR ALOR SETAR,Runcit,26,Buah-Buahan,01,005,DURIAN IOI (D168),F.A.Q,Kilogram,18,18,
30864415,2026-08-17,2026-08-19 10:42:26.33882,KEDAH,KOTA SETAR,PASAR BESAR ALOR SETAR,Runcit,26,Buah-Buahan,01,005,DURIAN KLON / KAHWIN,F.A.Q,Kilogram,13,13,
30864416,2026-08-17,2026-08-19 10:42:26.33882,KEDAH,KOTA SETAR,PASAR BESAR ALOR SETAR,Runcit,26,Buah-Buahan,01,005,DURIAN MUSANG KING / RAJA KUNYIT (D197),F.A.Q,Kilogram,25,25,
30864417,2026-08-17,2026-08-19 10:42:26.33882,KEDAH,KOTA SETAR,PASAR BESAR ALOR SETAR,Runcit,26,Buah-Buahan,01,005,DURIAN UDANG MERAH (D175),F.A.Q,Kilogram,20,20,
30864418,2026-08-17,2026-08-19 10:42:26.33882,KEDAH,KOTA SETAR,PASAR BESAR ALOR SETAR,Runcit,26,Buah-Buahan,01,005,DURIAN UDANG MERAH (THAILAND),F.A.Q,Kilogram,20,20,
30864419,2026-08-17,2026-08-19 10:42:26.33882,KEDAH,KOTA SETAR,PASAR BESAR ALOR SETAR,Runcit,26,Buah-Buahan,02,037,EPAL HIJAU,SEDANG,Biji,1.5,1.5,
30864420,2026-08-17,2026-08-19 10:42:26.33882,KEDAH,KOTA SETAR,PASAR BESAR ALOR SETAR,Runcit,26,Buah-Buahan,02,037,EPAL MERAH (FUJI),SEDANG,Biji,1.5,1.5,
30864421,2026-08-17,2026-08-19 10:42:26.33882,KEDAH,KOTA SETAR,PASAR BESAR ALOR SETAR,Runcit,26,Buah-Buahan,02,012,JAMBU BATU,F.A.Q,Kilogram,6,6,
30864422,2026-08-17,2026-08-19 10:42:26.33882,KEDAH,KOTA SETAR,PASAR BESAR ALOR SETAR,Runcit,26,Buah-Buahan,02,012,JAMBU BATU TANPA BIJI,F.A.Q,Kilogram,7,7,
30864423,2026-08-17,2026-08-19 10:42:26.33882,KEDAH,KOTA SETAR,PASAR BESAR ALOR SETAR,Runcit,26,Buah-Buahan,02,041,LAI KUNING,F.A.Q,Biji,1.5,1.5,
30864424,2026-08-17,2026-08-19 10:42:26.33882,KEDAH,KOTA SETAR,PASAR BESAR ALOR SETAR,Runcit,26,Buah-Buahan,02,016,LIMAU MANIS,F.A.Q,Kilogram,8,8,
30864425,2026-08-17,2026-08-19 10:42:26.33882,KEDAH,KOTA SETAR,PASAR BESAR ALOR SETAR,Runcit,26,Buah-Buahan,02,016,LIMAU MANIS (THAILAND),F.A.Q,Kilogram,6.5,5.5,
30864426,2026-08-17,2026-08-19 10:42:26.33882,KEDAH,KOTA SETAR,PASAR BESAR ALOR SETAR,Runcit,26,Buah-Buahan,02,045,LIMAU OREN VALENCIA,SEDANG,Biji,1.5,1.5,
30864427,2026-08-17,2026-08-19 10:42:26.33882,KEDAH,KOTA SETAR,PASAR BESAR ALOR SETAR,Runcit,26,Buah-Buahan,02,018,MANGGA CHOKANAN (THAILAND),F.A.Q,Kilogram,8,8,
30864428,2026-08-17,2026-08-19 10:42:26.33882,KEDAH,KOTA SETAR,PASAR BESAR ALOR SETAR,Runcit,26,Buah-Buahan,02,018,MANGGA HARUMANIS (INDONESIA),F.A.Q,Kilogram,7,7,
30864429,2026-08-17,2026-08-19 10:42:26.33882,KEDAH,KOTA SETAR,PASAR BESAR ALOR SETAR,Runcit,26,Buah-Buahan,02,018,MANGGA LEMAK MANIS (THAILAND),F.A.Q,Kilogram,10,10,
30864430,2026-08-17,2026-08-19 10:42:26.33882,KEDAH,KOTA SETAR,PASAR BESAR ALOR SETAR,Runcit,26,Buah-Buahan,02,018,MANGGA MAS HITAM/THONG DAM (THAILAND),F.A.Q,Kilogram,10,10,
30864431,2026-08-17,2026-08-19 10:42:26.33882,KEDAH,KOTA SETAR,PASAR BESAR ALOR SETAR,Runcit,26,Buah-Buahan,02,018,MANGGA SUSU (THAILAND),F.A.Q,Kilogram,8,8,
30864432,2026-08-17,2026-08-19 10:42:26.33882,KEDAH,KOTA SETAR,PASAR BESAR ALOR SETAR,Runcit,26,Buah-Buahan,02,018,MANGGA WATERLILY (THAILAND),F.A.Q,Kilogram,11,11,
30864433,2026-08-17,2026-08-19 10:42:26.33882,KEDAH,KOTA SETAR,PASAR BESAR ALOR SETAR,Runcit,26,Buah-Buahan,02,018,MANGGA WATERLILY GOLD/GOLDEN LILY (THAILAND),F.A.Q,Kilogram,11,11,
30864434,2026-08-17,2026-08-19 10:42:26.33882,KEDAH,KOTA SETAR,PASAR BESAR ALOR SETAR,Runcit,26,Buah-Buahan,01,020,MATA KUCING / LONGAN,F.A.Q,Kilogram,10,10,
30864435,2026-08-17,2026-08-19 10:42:26.33882,KEDAH,KOTA SETAR,PASAR BESAR ALOR SETAR,Runcit,26,Buah-Buahan,02,023,NANAS MD2 (AC9),F.A.Q,Kilogram,7,7,
30864436,2026-08-17,2026-08-19 10:42:26.33882,KEDAH,KOTA SETAR,PASAR BESAR ALOR SETAR,Runcit,26,Buah-Buahan,02,023,NANAS MORIS (AC1),SEDANG,Kilogram,4.5,4.5,
30864437,2026-08-17,2026-08-19 10:42:26.33882,KEDAH,KOTA SETAR,PASAR BESAR ALOR SETAR,Runcit,26,Buah-Buahan,02,024,NANGKA KLON / KAHWIN,F.A.Q,Kilogram,7,7,
30864438,2026-08-17,2026-08-19 10:42:26.33882,KEDAH,KOTA SETAR,PASAR BESAR ALOR SETAR,Runcit,26,Buah-Buahan,02,024,NANGKA KLON / KAHWIN (ULAS / PULP),F.A.Q,Kilogram,7,7,
30864439,2026-08-17,2026-08-19 10:42:26.33882,KEDAH,KOTA SETAR,PASAR BESAR ALOR SETAR,Runcit,26,Buah-Buahan,02,024,NANGKA TEKAM YELLOW (J33),F.A.Q,Kilogram,6,6,
30864440,2026-08-17,2026-08-19 10:42:26.33882,KEDAH,KOTA SETAR,PASAR BESAR ALOR SETAR,Runcit,26,Buah-Buahan,02,028,PISANG AWAK (MP1),F.A.Q,Kilogram,5,5,
30864441,2026-08-17,2026-08-19 10:42:26.33882,KEDAH,KOTA SETAR,PASAR BESAR ALOR SETAR,Runcit,26,Buah-Buahan,02,028,PISANG RASTALI (MP9),F.A.Q,Kilogram,5.5,5.5,
30864442,2026-08-17,2026-08-19 10:42:26.33882,KEDAH,KOTA SETAR,PASAR BESAR ALOR SETAR,Runcit,26,Buah-Buahan,02,028,PISANG TANDUK,F.A.Q,Kilogram,7,7,
30864443,2026-08-17,2026-08-19 10:42:26.33882,KEDAH,KOTA SETAR,PASAR BESAR ALOR SETAR,Runcit,26,Buah-Buahan,01,014,RAMBUTAN ANAK SEKOLAH (R191),F.A.Q,Kilogram,4,4,
30864444,2026-08-17,2026-08-19 10:42:26.33882,KEDAH,KOTA SETAR,PASAR BESAR ALOR SETAR,Runcit,26,Buah-Buahan,01,014,RAMBUTAN GADING,F.A.Q,Kilogram,5,5,
30864445,2026-08-17,2026-08-19 10:42:26.33882,KEDAH,KOTA SETAR,PASAR BESAR ALOR SETAR,Runcit,26,Buah-Buahan,01,014,RAMBUTAN MERAH,F.A.Q,Kilogram,5,5,
30864446,2026-08-17,2026-08-19 10:42:26.33882,KEDAH,KOTA SETAR,PASAR BESAR ALOR SETAR,Runcit,26,Buah-Buahan,02,034,TEMBIKAI KUNING,F.A.Q,Kilogram,3.5,3.5,
30864447,2026-08-17,2026-08-19 10:42:26.33882,KEDAH,KOTA SETAR,PASAR BESAR ALOR SETAR,Runcit,26,Buah-Buahan,02,034,TEMBIKAI MERAH,F.A.Q,Kilogram,3.5,3.5,
30864448,2026-08-17,2026-08-19 10:42:26.33882,KEDAH,KOTA SETAR,PASAR BESAR ALOR SETAR,Runcit,26,Buah-Buahan,02,034,TEMBIKAI WANGI / HONEY DEW,F.A.Q,Kilogram,2.8,2.8,
30866150,2026-08-17,2026-08-20 06:12:17.880136,PULAU PINANG,SEBERANG PERAI TENGAH,PASAR AWAM SEBERANG JAYA,Runcit,26,Buah-Buahan,02,036,ANGGUR HIJAU TANPA BIJI,F.A.Q,Kilogram,30,30,
30866151,2026-08-17,2026-08-20 06:12:17.880136,PULAU PINANG,SEBERANG PERAI TENGAH,PASAR AWAM SEBERANG JAYA,Runcit,26,Buah-Buahan,02,036,ANGGUR HITAM TANPA BIJI,F.A.Q,Kilogram,18,24.48,
30866152,2026-08-17,2026-08-20 06:12:17.880136,PULAU PINANG,SEBERANG PERAI TENGAH,PASAR AWAM SEBERANG JAYA,Runcit,26,Buah-Buahan,02,036,ANGGUR MERAH TANPA BIJI,F.A.Q,Kilogram,18,22.93,
30866153,2026-08-17,2026-08-20 06:12:17.880136,PULAU PINANG,SEBERANG PERAI TENGAH,PASAR AWAM SEBERANG JAYA,Runcit,26,Buah-Buahan,02,036,ANGGUR MERAH TANPA BIJI,F.A.Q,Kilogram,18,22.93,
30866154,2026-08-17,2026-08-20 06:12:17.880136,PULAU PINANG,SEBERANG PERAI TENGAH,PASAR AWAM SEBERANG JAYA,Runcit,26,Buah-Buahan,02,044,BUAH NAGA/PITAYA ISI MERAH,F.A.Q,Kilogram,10,11.82,
30866155,2026-08-17,2026-08-20 06:12:17.880136,PULAU PINANG,SEBERANG PERAI TENGAH,PASAR AWAM SEBERANG JAYA,Runcit,26,Buah-Buahan,02,044,BUAH NAGA/PITAYA ISI MERAH,F.A.Q,Kilogram,7,11.82,
30866156,2026-08-17,2026-08-20 06:12:17.880136,PULAU PINANG,SEBERANG PERAI TENGAH,PASAR AWAM SEBERANG JAYA,Runcit,26,Buah-Buahan,02,037,EPAL HIJAU,SEDANG,Biji,1.5,1.36,
30866157,2026-08-17,2026-08-20 06:12:17.880136,PULAU PINANG,SEBERANG PERAI TENGAH,PASAR AWAM SEBERANG JAYA,Runcit,26,Buah-Buahan,02,037,EPAL MERAH (FUJI),SEDANG,Biji,1.5,1.82,
30866158,2026-08-17,2026-08-20 06:12:17.880136,PULAU PINANG,SEBERANG PERAI TENGAH,PASAR AWAM SEBERANG JAYA,Runcit,26,Buah-Buahan,02,012,JAMBU AIR  MADU / LOCENG,F.A.Q,Kilogram,15,12.5,
30866159,2026-08-17,2026-08-20 06:12:17.880136,PULAU PINANG,SEBERANG PERAI TENGAH,PASAR AWAM SEBERANG JAYA,Runcit,26,Buah-Buahan,02,012,JAMBU AIR  MADU / LOCENG,F.A.Q,Kilogram,10,12.5,
30866160,2026-08-17,2026-08-20 06:12:17.880136,PULAU PINANG,SEBERANG PERAI TENGAH,PASAR AWAM SEBERANG JAYA,Runcit,26,Buah-Buahan,02,012,JAMBU BATU,F.A.Q,Kilogram,8,7,
30866161,2026-08-17,2026-08-20 06:12:17.880136,PULAU PINANG,SEBERANG PERAI TENGAH,PASAR AWAM SEBERANG JAYA,Runcit,26,Buah-Buahan,02,012,JAMBU BATU,F.A.Q,Kilogram,5,7,
30866162,2026-08-17,2026-08-20 06:12:17.880136,PULAU PINANG,SEBERANG PERAI TENGAH,PASAR AWAM SEBERANG JAYA,Runcit,26,Buah-Buahan,02,012,JAMBU BATU TANPA BIJI,F.A.Q,Kilogram,12,10,
30866163,2026-08-17,2026-08-20 06:12:17.880136,PULAU PINANG,SEBERANG PERAI TENGAH,PASAR AWAM SEBERANG JAYA,Runcit,26,Buah-Buahan,02,012,JAMBU BATU TANPA BIJI,F.A.Q,Kilogram,8,10,
30866164,2026-08-17,2026-08-20 06:12:17.880136,PULAU PINANG,SEBERANG PERAI TENGAH,PASAR AWAM SEBERANG JAYA,Runcit,26,Buah-Buahan,02,041,LAI KUNING,F.A.Q,Biji,2.5,2,
30866165,2026-08-17,2026-08-20 06:12:17.880136,PULAU PINANG,SEBERANG PERAI TENGAH,PASAR AWAM SEBERANG JAYA,Runcit,26,Buah-Buahan,02,041,LAI KUNING,F.A.Q,Biji,1.5,2,
30866166,2026-08-17,2026-08-20 06:12:17.880136,PULAU PINANG,SEBERANG PERAI TENGAH,PASAR AWAM SEBERANG JAYA,Runcit,26,Buah-Buahan,02,015,LIMAU BALI / PAMELO,F.A.Q,Kilogram,10,12.5,
30866167,2026-08-17,2026-08-20 06:12:17.880136,PULAU PINANG,SEBERANG PERAI TENGAH,PASAR AWAM SEBERANG JAYA,Runcit,26,Buah-Buahan,02,015,LIMAU BALI / PAMELO,F.A.Q,Kilogram,6,12.5,
30866168,2026-08-17,2026-08-20 06:12:17.880136,PULAU PINANG,SEBERANG PERAI TENGAH,PASAR AWAM SEBERANG JAYA,Runcit,26,Buah-Buahan,02,016,LIMAU MANIS,F.A.Q,Kilogram,7,9.14,
30866169,2026-08-17,2026-08-20 06:12:17.880136,PULAU PINANG,SEBERANG PERAI TENGAH,PASAR AWAM SEBERANG JAYA,Runcit,26,Buah-Buahan,02,016,LIMAU MANIS (THAILAND),F.A.Q,Kilogram,5,7.8,
30866170,2026-08-17,2026-08-20 06:12:17.880136,PULAU PINANG,SEBERANG PERAI TENGAH,PASAR AWAM SEBERANG JAYA,Runcit,26,Buah-Buahan,02,045,LIMAU OREN VALENCIA,SEDANG,Biji,1.5,1.87,
30866171,2026-08-17,2026-08-20 06:12:17.880136,PULAU PINANG,SEBERANG PERAI TENGAH,PASAR AWAM SEBERANG JAYA,Runcit,26,Buah-Buahan,01,020,MATA KUCING / LONGAN,F.A.Q,Kilogram,15,12.5,
30866172,2026-08-17,2026-08-20 06:12:17.880136,PULAU PINANG,SEBERANG PERAI TENGAH,PASAR AWAM SEBERANG JAYA,Runcit,26,Buah-Buahan,01,020,MATA KUCING / LONGAN,F.A.Q,Kilogram,10,12.5,
30866173,2026-08-17,2026-08-20 06:12:17.880136,PULAU PINANG,SEBERANG PERAI TENGAH,PASAR AWAM SEBERANG JAYA,Runcit,26,Buah-Buahan,02,023,NANAS MD2 (AC9),F.A.Q,Kilogram,8,6.5,
30866174,2026-08-17,2026-08-20 06:12:17.880136,PULAU PINANG,SEBERANG PERAI TENGAH,PASAR AWAM SEBERANG JAYA,Runcit,26,Buah-Buahan,02,023,NANAS MD2 (AC9),F.A.Q,Kilogram,5,6.5,
30866175,2026-08-17,2026-08-20 06:12:17.880136,PULAU PINANG,SEBERANG PERAI TENGAH,PASAR AWAM SEBERANG JAYA,Runcit,26,Buah-Buahan,02,023,NANAS MORIS (AC1),SEDANG,Kilogram,6,6,
30866176,2026-08-17,2026-08-20 06:12:17.880136,PULAU PINANG,SEBERANG PERAI TENGAH,PASAR AWAM SEBERANG JAYA,Runcit,26,Buah-Buahan,02,024,NANGKA KLON / KAHWIN,F.A.Q,Kilogram,6,5.33,
30866177,2026-08-17,2026-08-20 06:12:17.880136,PULAU PINANG,SEBERANG PERAI TENGAH,PASAR AWAM SEBERANG JAYA,Runcit,26,Buah-Buahan,02,024,NANGKA KLON / KAHWIN (ULAS / PULP),F.A.Q,Kilogram,16,8,
30866178,2026-08-17,2026-08-20 06:12:17.880136,PULAU PINANG,SEBERANG PERAI TENGAH,PASAR AWAM SEBERANG JAYA,Runcit,26,Buah-Buahan,02,028,PISANG AWAK (MP1),F.A.Q,Kilogram,7,6.3333335,
30866179,2026-08-17,2026-08-20 06:12:17.880136,PULAU PINANG,SEBERANG PERAI TENGAH,PASAR AWAM SEBERANG JAYA,Runcit,26,Buah-Buahan,02,028,PISANG CAVENDISH (MP14),F.A.Q,Kilogram,7,5.18,
30866180,2026-08-17,2026-08-20 06:12:17.880136,PULAU PINANG,SEBERANG PERAI TENGAH,PASAR AWAM SEBERANG JAYA,Runcit,26,Buah-Buahan,02,034,ROCK MELON,F.A.Q,Kilogram,12,10,
30866181,2026-08-17,2026-08-20 06:12:17.880136,PULAU PINANG,SEBERANG PERAI TENGAH,PASAR AWAM SEBERANG JAYA,Runcit,26,Buah-Buahan,02,034,ROCK MELON,F.A.Q,Kilogram,8,10,
30866182,2026-08-17,2026-08-20 06:12:17.880136,PULAU PINANG,SEBERANG PERAI TENGAH,PASAR AWAM SEBERANG JAYA,Runcit,26,Buah-Buahan,02,034,TEMBIKAI KUNING,F.A.Q,Kilogram,5,4.5,
30866183,2026-08-17,2026-08-20 06:12:17.880136,PULAU PINANG,SEBERANG PERAI TENGAH,PASAR AWAM SEBERANG JAYA,Runcit,26,Buah-Buahan,02,034,TEMBIKAI KUNING,F.A.Q,Kilogram,4,4.5,
30866184,2026-08-17,2026-08-20 06:12:17.880136,PULAU PINANG,SEBERANG PERAI TENGAH,PASAR AWAM SEBERANG JAYA,Runcit,26,Buah-Buahan,02,034,TEMBIKAI WANGI / HONEY DEW,F.A.Q,Kilogram,7,5.5,
30866185,2026-08-17,2026-08-20 06:12:17.880136,PULAU PINANG,SEBERANG PERAI TENGAH,PASAR AWAM SEBERANG JAYA,Runcit,26,Buah-Buahan,02,034,TEMBIKAI WANGI / HONEY DEW,F.A.Q,Kilogram,4,5.5,
30869884,2026-08-17,2026-08-20 10:46:36.205953,MELAKA,MELAKA TENGAH,PASAR BORONG MPHTJ BATU BERENDAM - BAHAGIAN BORONG,Borong,20,Buah-Buahan,02,036,ANGGUR HIJAU TANPA BIJI,F.A.Q,Kilogram,14,19.62,
30869885,2026-08-17,2026-08-20 10:46:36.205953,MELAKA,MELAKA TENGAH,PASAR BORONG MPHTJ BATU BERENDAM - BAHAGIAN BORONG,Borong,20,Buah-Buahan,02,036,ANGGUR HIJAU TANPA BIJI,F.A.Q,Kilogram,14,19.62,
30869886,2026-08-17,2026-08-20 10:46:36.205953,MELAKA,MELAKA TENGAH,PASAR BORONG MPHTJ BATU BERENDAM - BAHAGIAN BORONG,Borong,20,Buah-Buahan,02,036,ANGGUR HITAM TANPA BIJI,F.A.Q,Kilogram,13,19.09,
30869887,2026-08-17,2026-08-20 10:46:36.205953,MELAKA,MELAKA TENGAH,PASAR BORONG MPHTJ BATU BERENDAM - BAHAGIAN BORONG,Borong,20,Buah-Buahan,02,036,ANGGUR HITAM TANPA BIJI,F.A.Q,Kilogram,13,19.09,
30869888,2026-08-17,2026-08-20 10:46:36.205953,MELAKA,MELAKA TENGAH,PASAR BORONG MPHTJ BATU BERENDAM - BAHAGIAN BORONG,Borong,20,Buah-Buahan,02,036,ANGGUR MERAH TANPA BIJI,F.A.Q,Kilogram,14,19.41,
30869889,2026-08-17,2026-08-20 10:46:36.205953,MELAKA,MELAKA TENGAH,PASAR BORONG MPHTJ BATU BERENDAM - BAHAGIAN BORONG,Borong,20,Buah-Buahan,02,036,ANGGUR MERAH TANPA BIJI,F.A.Q,Kilogram,13,19.41,
30869890,2026-08-17,2026-08-20 10:46:36.205953,MELAKA,MELAKA TENGAH,PASAR BORONG MPHTJ BATU BERENDAM - BAHAGIAN BORONG,Borong,20,Buah-Buahan,02,003,BELIMBING (B10),F.A.Q,Kilogram,6,3.5,
30869891,2026-08-17,2026-08-20 10:46:36.205953,MELAKA,MELAKA TENGAH,PASAR BORONG MPHTJ BATU BERENDAM - BAHAGIAN BORONG,Borong,20,Buah-Buahan,02,044,BUAH NAGA/PITAYA ISI MERAH,F.A.Q,Kilogram,5.52,8.69,
30869892,2026-08-17,2026-08-20 10:46:36.205953,MELAKA,MELAKA TENGAH,PASAR BORONG MPHTJ BATU BERENDAM - BAHAGIAN BORONG,Borong,20,Buah-Buahan,02,044,BUAH NAGA/PITAYA ISI MERAH,F.A.Q,Kilogram,6,8.69,
30869893,2026-08-17,2026-08-20 10:46:36.205953,MELAKA,MELAKA TENGAH,PASAR BORONG MPHTJ BATU BERENDAM - BAHAGIAN BORONG,Borong,20,Buah-Buahan,01,003,CEMPEDAK KAMPUNG,F.A.Q,Kilogram,4,6.22,
30869894,2026-08-17,2026-08-20 10:46:36.205953,MELAKA,MELAKA TENGAH,PASAR BORONG MPHTJ BATU BERENDAM - BAHAGIAN BORONG,Borong,20,Buah-Buahan,01,003,CEMPEDAK KLON,F.A.Q,Kilogram,5,3,
30869895,2026-08-17,2026-08-20 10:46:36.205953,MELAKA,MELAKA TENGAH,PASAR BORONG MPHTJ BATU BERENDAM - BAHAGIAN BORONG,Borong,20,Buah-Buahan,02,037,EPAL HIJAU,SEDANG,Biji,1,0.87,
30869896,2026-08-17,2026-08-20 10:46:36.205953,MELAKA,MELAKA TENGAH,PASAR BORONG MPHTJ BATU BERENDAM - BAHAGIAN BORONG,Borong,20,Buah-Buahan,02,037,EPAL HIJAU,SEDANG,Biji,0.9,0.87,
30869897,2026-08-17,2026-08-20 10:46:36.205953,MELAKA,MELAKA TENGAH,PASAR BORONG MPHTJ BATU BERENDAM - BAHAGIAN BORONG,Borong,20,Buah-Buahan,02,037,EPAL MERAH (FUJI),SEDANG,Biji,1.2,1.01,
30869898,2026-08-17,2026-08-20 10:46:36.205953,MELAKA,MELAKA TENGAH,PASAR BORONG MPHTJ BATU BERENDAM - BAHAGIAN BORONG,Borong,20,Buah-Buahan,02,037,EPAL MERAH (FUJI),SEDANG,Biji,1.4,1.01,
30869899,2026-08-17,2026-08-20 10:46:36.205953,MELAKA,MELAKA TENGAH,PASAR BORONG MPHTJ BATU BERENDAM - BAHAGIAN BORONG,Borong,20,Buah-Buahan,02,012,JAMBU BATU,F.A.Q,Kilogram,4.8,3.92,
30869900,2026-08-17,2026-08-20 10:46:36.205953,MELAKA,MELAKA TENGAH,PASAR BORONG MPHTJ BATU BERENDAM - BAHAGIAN BORONG,Borong,20,Buah-Buahan,02,041,LAI KUNING,F.A.Q,Biji,1.4,1.33,
30869901,2026-08-17,2026-08-20 10:46:36.205953,MELAKA,MELAKA TENGAH,PASAR BORONG MPHTJ BATU BERENDAM - BAHAGIAN BORONG,Borong,20,Buah-Buahan,02,041,LAI KUNING,F.A.Q,Biji,1.5,1.33,
30869902,2026-08-17,2026-08-20 10:46:36.205953,MELAKA,MELAKA TENGAH,PASAR BORONG MPHTJ BATU BERENDAM - BAHAGIAN BORONG,Borong,20,Buah-Buahan,02,018,MANGGA SUSU (THAILAND),F.A.Q,Kilogram,6.5,4.78,
30869903,2026-08-17,2026-08-20 10:46:36.205953,MELAKA,MELAKA TENGAH,PASAR BORONG MPHTJ BATU BERENDAM - BAHAGIAN BORONG,Borong,20,Buah-Buahan,02,018,MANGGA SUSU (THAILAND),F.A.Q,Kilogram,7,4.78,
30869904,2026-08-17,2026-08-20 10:46:36.205953,MELAKA,MELAKA TENGAH,PASAR BORONG MPHTJ BATU BERENDAM - BAHAGIAN BORONG,Borong,20,Buah-Buahan,01,020,MATA KUCING / LONGAN,F.A.Q,Kilogram,7,8.27,
30869905,2026-08-17,2026-08-20 10:46:36.205953,MELAKA,MELAKA TENGAH,PASAR BORONG MPHTJ BATU BERENDAM - BAHAGIAN BORONG,Borong,20,Buah-Buahan,01,020,MATA KUCING / LONGAN,F.A.Q,Kilogram,7,8.27,
30869906,2026-08-17,2026-08-20 10:46:36.205953,MELAKA,MELAKA TENGAH,PASAR BORONG MPHTJ BATU BERENDAM - BAHAGIAN BORONG,Borong,20,Buah-Buahan,02,023,NANAS MD2 (AC9),F.A.Q,Kilogram,5,3.35,
30869907,2026-08-17,2026-08-20 10:46:36.205953,MELAKA,MELAKA TENGAH,PASAR BORONG MPHTJ BATU BERENDAM - BAHAGIAN BORONG,Borong,20,Buah-Buahan,02,023,NANAS MORIS (AC1),SEDANG,Kilogram,1.8,2.84,
30869908,2026-08-17,2026-08-20 10:46:36.205953,MELAKA,MELAKA TENGAH,PASAR BORONG MPHTJ BATU BERENDAM - BAHAGIAN BORONG,Borong,20,Buah-Buahan,02,028,PISANG CAVENDISH (MP14),F.A.Q,Kilogram,4.5,3.73,
30869909,2026-08-17,2026-08-20 10:46:36.205953,MELAKA,MELAKA TENGAH,PASAR BORONG MPHTJ BATU BERENDAM - BAHAGIAN BORONG,Borong,20,Buah-Buahan,02,028,PISANG NANGKA (MP2),F.A.Q,Kilogram,3.5,3.46,
30869910,2026-08-17,2026-08-20 10:46:36.205953,MELAKA,MELAKA TENGAH,PASAR BORONG MPHTJ BATU BERENDAM - BAHAGIAN BORONG,Borong,20,Buah-Buahan,02,028,PISANG NIPAH (MP5) / ABU (MP6) / SABAH / KAPOK,F.A.Q,Kilogram,3.5,2.94,
30869911,2026-08-17,2026-08-20 10:46:36.205953,MELAKA,MELAKA TENGAH,PASAR BORONG MPHTJ BATU BERENDAM - BAHAGIAN BORONG,Borong,20,Buah-Buahan,02,028,PISANG RASTALI (MP9),F.A.Q,Kilogram,3.8,3.58,
30869912,2026-08-17,2026-08-20 10:46:36.205953,MELAKA,MELAKA TENGAH,PASAR BORONG MPHTJ BATU BERENDAM - BAHAGIAN BORONG,Borong,20,Buah-Buahan,02,028,PISANG TANDUK,F.A.Q,Kilogram,4,4.94,
30869913,2026-08-17,2026-08-20 10:46:36.205953,MELAKA,MELAKA TENGAH,PASAR BORONG MPHTJ BATU BERENDAM - BAHAGIAN BORONG,Borong,20,Buah-Buahan,02,034,TEMBIKAI MERAH,F.A.Q,Kilogram,3.5,2,
30869914,2026-08-17,2026-08-20 10:46:36.205953,MELAKA,MELAKA TENGAH,PASAR BORONG MPHTJ BATU BERENDAM - BAHAGIAN BORONG,Borong,20,Buah-Buahan,02,034,TEMBIKAI WANGI / HONEY DEW,F.A.Q,Kilogram,4.5,4.14,
30869995,2026-08-17,2026-08-20 10:50:21.521442,MELAKA,MELAKA TENGAH,LADANG/KEBUN BUKIT KATIL,Ladang,27,Buah-Buahan,02,012,JAMBU BATU,F.A.Q,Kilogram,3.8,3.16,
30869996,2026-08-17,2026-08-20 10:50:21.521442,MELAKA,MELAKA TENGAH,LADANG/KEBUN BUKIT KATIL,Ladang,27,Buah-Buahan,02,028,PISANG CAVENDISH (MP14),F.A.Q,Kilogram,3,2.5,
30869997,2026-08-17,2026-08-20 10:50:21.521442,MELAKA,MELAKA TENGAH,LADANG/KEBUN BUKIT KATIL,Ladang,27,Buah-Buahan,02,028,PISANG NANGKA (MP2),F.A.Q,Kilogram,2.5,1.68,
30869998,2026-08-17,2026-08-20 10:50:21.521442,MELAKA,MELAKA TENGAH,LADANG/KEBUN BUKIT KATIL,Ladang,27,Buah-Buahan,02,028,PISANG NIPAH (MP5) / ABU (MP6) / SABAH / KAPOK,F.A.Q,Kilogram,2.5,1.64,
30869999,2026-08-17,2026-08-20 10:50:21.521442,MELAKA,MELAKA TENGAH,LADANG/KEBUN BUKIT KATIL,Ladang,27,Buah-Buahan,02,028,PISANG RASTALI (MP9),F.A.Q,Kilogram,2.5,2.51,
30870000,2026-08-17,2026-08-20 10:50:21.521442,MELAKA,MELAKA TENGAH,LADANG/KEBUN BUKIT KATIL,Ladang,27,Buah-Buahan,02,028,PISANG TANDUK,F.A.Q,Kilogram,3,2.33,
30870001,2026-08-17,2026-08-20 10:50:21.521442,MELAKA,MELAKA TENGAH,LADANG/KEBUN BUKIT KATIL,Ladang,27,Buah-Buahan,02,034,TEMBIKAI MERAH,F.A.Q,Kilogram,2.5,1,
