priceid,tarikh_harga,systemdate,negeri,daerah,lokasi,peringkat,sublevel,kategori,kumpulan,jenis,varieti,gred,unit,harga,average14,supply
30722553,2026-07-11,2026-07-11 06:13:19.531163,PULAU PINANG,SEBERANG PERAI TENGAH,PASAR BORONG BUKIT MERTAJAM,Borong,20,Ternakan,02,003,DAGING LEMBU PEJAL,F.A.Q,Kilogram,30,28.5,
30722554,2026-07-11,2026-07-11 06:13:19.531163,PULAU PINANG,SEBERANG PERAI TENGAH,PASAR BORONG BUKIT MERTAJAM,Borong,20,Ternakan,02,003,DAGING LEMBU PEJAL,F.A.Q,Kilogram,27,28.5,
30722555,2026-07-11,2026-07-11 06:15:13.766454,PULAU PINANG,SEBERANG PERAI TENGAH,PASAR BORONG BUKIT MERTAJAM,Borong,20,Buah-Buahan,02,005,BETIK SEKAKI,F.A.Q,Kilogram,4.5,4,
30722556,2026-07-11,2026-07-11 06:15:13.766454,PULAU PINANG,SEBERANG PERAI TENGAH,PASAR BORONG BUKIT MERTAJAM,Borong,20,Buah-Buahan,02,005,BETIK SEKAKI,F.A.Q,Kilogram,3.5,4,
30722557,2026-07-11,2026-07-11 06:15:13.766454,PULAU PINANG,SEBERANG PERAI TENGAH,PASAR BORONG BUKIT MERTAJAM,Borong,20,Buah-Buahan,02,023,NANAS JOSAPINE (AC5),F.A.Q,Kilogram,3,2.5,
30722558,2026-07-11,2026-07-11 06:15:13.766454,PULAU PINANG,SEBERANG PERAI TENGAH,PASAR BORONG BUKIT MERTAJAM,Borong,20,Buah-Buahan,02,023,NANAS JOSAPINE (AC5),F.A.Q,Kilogram,2,2.5,
30722559,2026-07-11,2026-07-11 06:15:13.766454,PULAU PINANG,SEBERANG PERAI TENGAH,PASAR BORONG BUKIT MERTAJAM,Borong,20,Buah-Buahan,02,028,PISANG BERANGAN,F.A.Q,Kilogram,5,4.75,
30722560,2026-07-11,2026-07-11 06:15:13.766454,PULAU PINANG,SEBERANG PERAI TENGAH,PASAR BORONG BUKIT MERTAJAM,Borong,20,Buah-Buahan,02,028,PISANG BERANGAN,F.A.Q,Kilogram,4.5,4.75,
30722561,2026-07-11,2026-07-11 06:15:13.766454,PULAU PINANG,SEBERANG PERAI TENGAH,PASAR BORONG BUKIT MERTAJAM,Borong,20,Buah-Buahan,02,028,PISANG MAS,F.A.Q,Kilogram,4.5,4.5,
30722562,2026-07-11,2026-07-11 06:15:13.766454,PULAU PINANG,SEBERANG PERAI TENGAH,PASAR BORONG BUKIT MERTAJAM,Borong,20,Buah-Buahan,02,034,TEMBIKAI MERAH TANPA BIJI,F.A.Q,Kilogram,2.5,2.8,
30722563,2026-07-11,2026-07-11 06:15:13.766454,PULAU PINANG,SEBERANG PERAI TENGAH,PASAR BORONG BUKIT MERTAJAM,Borong,20,Buah-Buahan,02,034,TEMBIKAI MERAH TANPA BIJI,F.A.Q,Kilogram,1.5,2.8,
30722564,2026-07-11,2026-07-11 06:20:38.919112,PULAU PINANG,SEBERANG PERAI TENGAH,PASAR BORONG BUKIT MERTAJAM,Borong,20,Sayur-Sayuran,03,001,BAYAM,F.A.Q,Kilogram,3.6,4.11,
30722565,2026-07-11,2026-07-11 06:20:38.919112,PULAU PINANG,SEBERANG PERAI TENGAH,PASAR BORONG BUKIT MERTAJAM,Borong,20,Sayur-Sayuran,02,002,CILI HIJAU,F.A.Q,Kilogram,9,10.63,
30722566,2026-07-11,2026-07-11 06:20:38.919112,PULAU PINANG,SEBERANG PERAI TENGAH,PASAR BORONG BUKIT MERTAJAM,Borong,20,Sayur-Sayuran,02,002,CILI MERAH KULAI / KULAI HIBRID,F.A.Q,Kilogram,15,13.69,
30722567,2026-07-11,2026-07-11 06:20:38.919112,PULAU PINANG,SEBERANG PERAI TENGAH,PASAR BORONG BUKIT MERTAJAM,Borong,20,Sayur-Sayuran,02,002,CILI MERAH KULAI / KULAI HIBRID,F.A.Q,Kilogram,10,13.69,
30722568,2026-07-11,2026-07-11 06:20:38.919112,PULAU PINANG,SEBERANG PERAI TENGAH,PASAR BORONG BUKIT MERTAJAM,Borong,20,Sayur-Sayuran,02,002,CILI MERAH MINYAK,F.A.Q,Kilogram,12.5,11.76,
30722569,2026-07-11,2026-07-11 06:20:38.919112,PULAU PINANG,SEBERANG PERAI TENGAH,PASAR BORONG BUKIT MERTAJAM,Borong,20,Sayur-Sayuran,04,002,KACANG BENDI,F.A.Q,Kilogram,3.2,8.23,
30722570,2026-07-11,2026-07-11 06:20:38.919112,PULAU PINANG,SEBERANG PERAI TENGAH,PASAR BORONG BUKIT MERTAJAM,Borong,20,Sayur-Sayuran,04,007,KACANG PANJANG HIJAU,F.A.Q,Kilogram,5.2,5.88,
30722571,2026-07-11,2026-07-11 06:20:38.919112,PULAU PINANG,SEBERANG PERAI TENGAH,PASAR BORONG BUKIT MERTAJAM,Borong,20,Sayur-Sayuran,03,019,KANGKUNG,F.A.Q,Kilogram,3.3,3.5,
30722572,2026-07-11,2026-07-11 06:20:38.919112,PULAU PINANG,SEBERANG PERAI TENGAH,PASAR BORONG BUKIT MERTAJAM,Borong,20,Sayur-Sayuran,03,006,KUBIS BULAT (CHINA),F.A.Q,Kilogram,1.2,2.09,
30722573,2026-07-11,2026-07-11 06:20:38.919112,PULAU PINANG,SEBERANG PERAI TENGAH,PASAR BORONG BUKIT MERTAJAM,Borong,20,Sayur-Sayuran,03,006,KUBIS BULAT (INDONESIA),F.A.Q,Kilogram,1.4,1.77,
30722575,2026-07-11,2026-07-11 06:20:38.919112,PULAU PINANG,SEBERANG PERAI TENGAH,PASAR BORONG BUKIT MERTAJAM,Borong,20,Sayur-Sayuran,02,010,TERUNG PANJANG / PEPARU (TANAH RENDAH),F.A.Q,Kilogram,4.5,7.33,
30722576,2026-07-11,2026-07-11 06:20:38.919112,PULAU PINANG,SEBERANG PERAI TENGAH,PASAR BORONG BUKIT MERTAJAM,Borong,20,Sayur-Sayuran,02,011,TIMUN HIJAU,F.A.Q,Kilogram,1.7,2.57,
30722577,2026-07-11,2026-07-11 06:20:38.919112,PULAU PINANG,SEBERANG PERAI TENGAH,PASAR BORONG BUKIT MERTAJAM,Borong,20,Sayur-Sayuran,02,011,TIMUN HIJAU,F.A.Q,Kilogram,1,2.57,
30722578,2026-07-11,2026-07-11 06:40:01.138399,PULAU PINANG,SEBERANG PERAI TENGAH,PASAR BORONG BUKIT MERTAJAM,Borong,20,Ternakan,03,002,AYAM PROSES STANDARD,F.A.Q,Kilogram,9.6,9.55,
30722579,2026-07-11,2026-07-11 06:40:01.138399,PULAU PINANG,SEBERANG PERAI TENGAH,PASAR BORONG BUKIT MERTAJAM,Borong,20,Ternakan,11,001,TELUR AYAM,A,Biji,0.45,0.445,
30722580,2026-07-11,2026-07-11 06:40:01.138399,PULAU PINANG,SEBERANG PERAI TENGAH,PASAR BORONG BUKIT MERTAJAM,Borong,20,Ternakan,11,001,TELUR AYAM,B,Biji,0.4,0.39,
30722581,2026-07-11,2026-07-11 06:40:01.138399,PULAU PINANG,SEBERANG PERAI TENGAH,PASAR BORONG BUKIT MERTAJAM,Borong,20,Ternakan,11,001,TELUR AYAM,C,Biji,0.34,0.36,
30722582,2026-07-11,2026-07-11 06:44:27.957119,PULAU PINANG,SEBERANG PERAI TENGAH,PASAR BORONG BUKIT MERTAJAM,Borong,20,Tanaman Kontan,05,001,KELAPA DIKUPAS,SEDANG,Biji,1.8,1.79,
30722583,2026-07-11,2026-07-11 06:46:59.361088,PULAU PINANG,SEBERANG PERAI TENGAH,PASAR BORONG BUKIT MERTAJAM,Borong,20,Sayur-Sayuran,03,009,DAUN BAWANG,F.A.Q,Kilogram,3.5,9.7,
30722584,2026-07-11,2026-07-11 06:46:59.361088,PULAU PINANG,SEBERANG PERAI TENGAH,PASAR BORONG BUKIT MERTAJAM,Borong,20,Sayur-Sayuran,03,015,DAUN SUP (TANAH TINGGI),F.A.Q,Kilogram,14,10.25,
30722585,2026-07-11,2026-07-11 06:46:59.361088,PULAU PINANG,SEBERANG PERAI TENGAH,PASAR BORONG BUKIT MERTAJAM,Borong,20,Sayur-Sayuran,04,003,KACANG BUNCIS,F.A.Q,Kilogram,8.5,10.25,
30722586,2026-07-11,2026-07-11 06:46:59.361088,PULAU PINANG,SEBERANG PERAI TENGAH,PASAR BORONG BUKIT MERTAJAM,Borong,20,Sayur-Sayuran,03,006,KUBIS BULAT (TANAH TINGGI),F.A.Q,Kilogram,2.6,3.18,
30722587,2026-07-11,2026-07-11 06:46:59.361088,PULAU PINANG,SEBERANG PERAI TENGAH,PASAR BORONG BUKIT MERTAJAM,Borong,20,Sayur-Sayuran,03,007,SAWI HIJAU (TANAH RENDAH),F.A.Q,Kilogram,3.5,4.43,
30722588,2026-07-11,2026-07-11 06:46:59.361088,PULAU PINANG,SEBERANG PERAI TENGAH,PASAR BORONG BUKIT MERTAJAM,Borong,20,Sayur-Sayuran,02,012,TOMATO (TANAH TINGGI),F.A.Q,Kilogram,6.8,7,
30722589,2026-07-11,2026-07-11 06:46:59.361088,PULAU PINANG,SEBERANG PERAI TENGAH,PASAR BORONG BUKIT MERTAJAM,Borong,20,Sayur-Sayuran,02,012,TOMATO (TANAH TINGGI),F.A.Q,Kilogram,5,7,
30722590,2026-07-11,2026-07-11 06:47:47.037108,PULAU PINANG,SEBERANG PERAI TENGAH,PASAR BORONG BUKIT MERTAJAM,Borong,20,Sayur-Sayuran,03,007,SAWI HIJAU TANAH TINGGI,F.A.Q,Kilogram,3,3.2,
30722591,2026-07-11,2026-07-11 06:52:28.161156,PULAU PINANG,SEBERANG PERAI TENGAH,PASAR BORONG BUKIT MERTAJAM,Borong,20,Sayur-Sayuran,05,001,BAWANG BESAR KUNING / HOLLAND,F.A.Q,Kilogram,2.85,2.3,
30722592,2026-07-11,2026-07-11 06:52:28.161156,PULAU PINANG,SEBERANG PERAI TENGAH,PASAR BORONG BUKIT MERTAJAM,Borong,20,Sayur-Sayuran,05,001,BAWANG BESAR KUNING / HOLLAND,F.A.Q,Kilogram,1.75,2.3,
30722593,2026-07-11,2026-07-11 06:52:28.161156,PULAU PINANG,SEBERANG PERAI TENGAH,PASAR BORONG BUKIT MERTAJAM,Borong,20,Sayur-Sayuran,05,001,BAWANG BESAR MERAH (INDIA),F.A.Q,Kilogram,1.78,1.725,
30722594,2026-07-11,2026-07-11 06:52:28.161156,PULAU PINANG,SEBERANG PERAI TENGAH,PASAR BORONG BUKIT MERTAJAM,Borong,20,Sayur-Sayuran,05,001,BAWANG BESAR MERAH (PAKISTAN),F.A.Q,Kilogram,1.6,1.57,
30722595,2026-07-11,2026-07-11 06:52:28.161156,PULAU PINANG,SEBERANG PERAI TENGAH,PASAR BORONG BUKIT MERTAJAM,Borong,20,Sayur-Sayuran,05,001,BAWANG MERAH / KECIL (INDIA),F.A.Q,Kilogram,5,4,
30722596,2026-07-11,2026-07-11 06:52:28.161156,PULAU PINANG,SEBERANG PERAI TENGAH,PASAR BORONG BUKIT MERTAJAM,Borong,20,Sayur-Sayuran,05,001,BAWANG MERAH / KECIL (THAI),F.A.Q,Kilogram,12,9.62,
30722597,2026-07-11,2026-07-11 06:52:28.161156,PULAU PINANG,SEBERANG PERAI TENGAH,PASAR BORONG BUKIT MERTAJAM,Borong,20,Sayur-Sayuran,05,001,BAWANG MERAH ROSE,F.A.Q,Kilogram,2.5,2.5,
30722598,2026-07-11,2026-07-11 06:52:28.161156,PULAU PINANG,SEBERANG PERAI TENGAH,PASAR BORONG BUKIT MERTAJAM,Borong,20,Sayur-Sayuran,05,001,BAWANG PUTIH (CHINA),F.A.Q,Kilogram,6.5,5.65,
30722599,2026-07-11,2026-07-11 06:52:28.161156,PULAU PINANG,SEBERANG PERAI TENGAH,PASAR BORONG BUKIT MERTAJAM,Borong,20,Sayur-Sayuran,05,001,BAWANG PUTIH (CHINA),F.A.Q,Kilogram,5,5.65,
30722600,2026-07-11,2026-07-11 06:52:28.161156,PULAU PINANG,SEBERANG PERAI TENGAH,PASAR BORONG BUKIT MERTAJAM,Borong,20,Sayur-Sayuran,05,009,UBI KENTANG HOLLAND,F.A.Q,Kilogram,1.55,1.55,
30722601,2026-07-11,2026-07-11 07:18:12.640122,PULAU PINANG,SEBERANG PERAI TENGAH,PASAR BORONG BUKIT MERTAJAM,Borong,20,Ternakan,03,002,AYAM PROSES STANDARD,F.A.Q,Kilogram,9.5,9.55,
30722602,2026-07-11,2026-07-11 07:29:01.413189,SARAWAK,SIBU,LADANG/KEBUN SUNGAI BIDUT,Ladang,,Buah-Buahan,02,005,BETIK SEKAKI,F.A.Q,Kilogram,3,2.8666666,
30722603,2026-07-11,2026-07-11 07:29:01.413189,SARAWAK,SIBU,LADANG/KEBUN SUNGAI BIDUT,Ladang,,Buah-Buahan,02,023,NANAS JOSAPINE (AC5),F.A.Q,Kilogram,2,2,
30722604,2026-07-11,2026-07-11 07:29:01.413189,SARAWAK,SIBU,LADANG/KEBUN SUNGAI BIDUT,Ladang,,Buah-Buahan,02,028,PISANG BERANGAN,F.A.Q,Kilogram,3,3.1090908,
30722605,2026-07-11,2026-07-11 07:29:01.413189,SARAWAK,SIBU,LADANG/KEBUN SUNGAI BIDUT,Ladang,,Buah-Buahan,02,028,PISANG MAS,F.A.Q,Kilogram,3,2.8666666,
30722606,2026-07-11,2026-07-11 07:29:01.413189,SARAWAK,SIBU,LADANG/KEBUN SUNGAI BIDUT,Ladang,,Buah-Buahan,02,034,TEMBIKAI MERAH TANPA BIJI,F.A.Q,Kilogram,2.9,2.9,
30722607,2026-07-11,2026-07-11 07:30:26.862195,SARAWAK,SIBU,LADANG/KEBUN SUNGAI BIDUT,Ladang,,Sayur-Sayuran,03,001,BAYAM,F.A.Q,Kilogram,2.5,2.590909,
30722608,2026-07-11,2026-07-11 07:30:26.862195,SARAWAK,SIBU,LADANG/KEBUN SUNGAI BIDUT,Ladang,,Sayur-Sayuran,02,002,CILI HIJAU,F.A.Q,Kilogram,3.9,4.116667,
30722609,2026-07-11,2026-07-11 07:30:26.862195,SARAWAK,SIBU,LADANG/KEBUN SUNGAI BIDUT,Ladang,,Sayur-Sayuran,02,002,CILI MERAH MINYAK,F.A.Q,Kilogram,5,5.3545456,
30722610,2026-07-11,2026-07-11 07:30:26.862195,SARAWAK,SIBU,LADANG/KEBUN SUNGAI BIDUT,Ladang,,Sayur-Sayuran,04,002,KACANG BENDI,F.A.Q,Kilogram,3.9,4.318182,
30722611,2026-07-11,2026-07-11 07:30:26.862195,SARAWAK,SIBU,LADANG/KEBUN SUNGAI BIDUT,Ladang,,Sayur-Sayuran,04,003,KACANG BUNCIS,F.A.Q,Kilogram,4,5.866667,
30722612,2026-07-11,2026-07-11 07:30:26.862195,SARAWAK,SIBU,LADANG/KEBUN SUNGAI BIDUT,Ladang,,Sayur-Sayuran,04,007,KACANG PANJANG HIJAU,F.A.Q,Kilogram,2.5,2.5363636,
30722613,2026-07-11,2026-07-11 07:30:26.862195,SARAWAK,SIBU,LADANG/KEBUN SUNGAI BIDUT,Ladang,,Sayur-Sayuran,03,019,KANGKUNG,F.A.Q,Kilogram,3,3.0333333,
30722614,2026-07-11,2026-07-11 07:30:26.862195,SARAWAK,SIBU,LADANG/KEBUN SUNGAI BIDUT,Ladang,,Sayur-Sayuran,03,007,SAWI HIJAU (TANAH RENDAH),F.A.Q,Kilogram,4.9,4.681818,
30722615,2026-07-11,2026-07-11 07:30:26.862195,SARAWAK,SIBU,LADANG/KEBUN SUNGAI BIDUT,Ladang,,Sayur-Sayuran,02,010,TERUNG PANJANG / PEPARU (TANAH RENDAH),F.A.Q,Kilogram,3,3.6818182,
30722616,2026-07-11,2026-07-11 07:30:26.862195,SARAWAK,SIBU,LADANG/KEBUN SUNGAI BIDUT,Ladang,,Sayur-Sayuran,02,011,TIMUN HIJAU,F.A.Q,Kilogram,2,2.3181818,
30722617,2026-07-11,2026-07-11 07:30:46.426956,SARAWAK,SIBU,LADANG/KEBUN SUNGAI BIDUT,Ladang,,Tanaman Kontan,05,001,KELAPA DIKUPAS,SEDANG,Biji,1,1,
30722618,2026-07-11,2026-07-11 07:31:16.78694,SARAWAK,SIBU,LADANG/KEBUN SUNGAI BIDUT,Ladang,,Ternakan,01,003,AYAM HIDUP,F.A.Q,Kilogram,8,8,
30722619,2026-07-11,2026-07-11 07:31:16.78694,SARAWAK,SIBU,LADANG/KEBUN SUNGAI BIDUT,Ladang,,Ternakan,11,001,TELUR AYAM,A,Biji,0.51,0.47666666,
30722620,2026-07-11,2026-07-11 07:31:16.78694,SARAWAK,SIBU,LADANG/KEBUN SUNGAI BIDUT,Ladang,,Ternakan,11,001,TELUR AYAM,C,Biji,0.46,0.43333334,
30722621,2026-07-11,2026-07-11 07:31:16.78694,SARAWAK,SIBU,LADANG/KEBUN SUNGAI BIDUT,Ladang,,Ternakan,11,001,TELUR AYAM,B,Biji,0.48,0.45454547,
30722622,2026-07-11,2026-07-11 07:32:10.980111,SARAWAK,SIBU,PASAR CENTRAL SIBU,Borong,20,Buah-Buahan,02,005,BETIK SEKAKI,F.A.Q,Kilogram,4,3.8666666,
30722623,2026-07-11,2026-07-11 07:32:10.980111,SARAWAK,SIBU,PASAR CENTRAL SIBU,Borong,20,Buah-Buahan,02,028,PISANG BERANGAN,F.A.Q,Kilogram,5,5.109091,
30722624,2026-07-11,2026-07-11 07:32:10.980111,SARAWAK,SIBU,PASAR CENTRAL SIBU,Borong,20,Buah-Buahan,02,028,PISANG MAS,F.A.Q,Kilogram,4.5,4.257143,
30722625,2026-07-11,2026-07-11 07:32:10.980111,SARAWAK,SIBU,PASAR CENTRAL SIBU,Borong,20,Buah-Buahan,02,034,TEMBIKAI MERAH TANPA BIJI,F.A.Q,Kilogram,3.9,3.9,
30722626,2026-07-11,2026-07-11 07:35:33.09039,SARAWAK,SIBU,PASAR CENTRAL SIBU,Borong,20,Sayur-Sayuran,05,001,BAWANG BESAR KUNING / HOLLAND,F.A.Q,Kilogram,3,3,
30722627,2026-07-11,2026-07-11 07:35:33.09039,SARAWAK,SIBU,PASAR CENTRAL SIBU,Borong,20,Sayur-Sayuran,05,001,BAWANG BESAR MERAH (INDIA),F.A.Q,Kilogram,4,4,
30722628,2026-07-11,2026-07-11 07:35:33.09039,SARAWAK,SIBU,PASAR CENTRAL SIBU,Borong,20,Sayur-Sayuran,05,001,BAWANG MERAH / KECIL (IMPORT),F.A.Q,Kilogram,6.9,6.9,
30722629,2026-07-11,2026-07-11 07:35:33.09039,SARAWAK,SIBU,PASAR CENTRAL SIBU,Borong,20,Sayur-Sayuran,05,001,BAWANG MERAH / KECIL (INDIA),F.A.Q,Kilogram,5,6,
30722630,2026-07-11,2026-07-11 07:35:33.09039,SARAWAK,SIBU,PASAR CENTRAL SIBU,Borong,20,Sayur-Sayuran,05,001,BAWANG PUTIH (CHINA),F.A.Q,Kilogram,7,7,
30722631,2026-07-11,2026-07-11 07:35:33.09039,SARAWAK,SIBU,PASAR CENTRAL SIBU,Borong,20,Sayur-Sayuran,03,001,BAYAM,F.A.Q,Kilogram,3,3.3636363,
30722632,2026-07-11,2026-07-11 07:35:33.09039,SARAWAK,SIBU,PASAR CENTRAL SIBU,Borong,20,Sayur-Sayuran,02,002,CILI HIJAU,F.A.Q,Kilogram,5,5.8166666,
30722633,2026-07-11,2026-07-11 07:35:33.09039,SARAWAK,SIBU,PASAR CENTRAL SIBU,Borong,20,Sayur-Sayuran,02,002,CILI MERAH MINYAK,F.A.Q,Kilogram,7.5,7.2636366,
30722634,2026-07-11,2026-07-11 07:35:33.09039,SARAWAK,SIBU,PASAR CENTRAL SIBU,Borong,20,Sayur-Sayuran,03,009,DAUN BAWANG,F.A.Q,Kilogram,27,28.4,
30722635,2026-07-11,2026-07-11 07:35:33.09039,SARAWAK,SIBU,PASAR CENTRAL SIBU,Borong,20,Sayur-Sayuran,03,015,DAUN SUP (TANAH TINGGI),F.A.Q,Kilogram,27.9,29.133333,
30722636,2026-07-11,2026-07-11 07:35:33.09039,SARAWAK,SIBU,PASAR CENTRAL SIBU,Borong,20,Sayur-Sayuran,04,002,KACANG BENDI,F.A.Q,Kilogram,4.5,5.172727,
30722637,2026-07-11,2026-07-11 07:35:33.09039,SARAWAK,SIBU,PASAR CENTRAL SIBU,Borong,20,Sayur-Sayuran,04,003,KACANG BUNCIS,F.A.Q,Kilogram,8.5,9.366667,
30722638,2026-07-11,2026-07-11 07:35:33.09039,SARAWAK,SIBU,PASAR CENTRAL SIBU,Borong,20,Sayur-Sayuran,04,007,KACANG PANJANG HIJAU,F.A.Q,Kilogram,3,3.6818182,
30722639,2026-07-11,2026-07-11 07:35:33.09039,SARAWAK,SIBU,PASAR CENTRAL SIBU,Borong,20,Sayur-Sayuran,03,019,KANGKUNG,F.A.Q,Kilogram,3.9,3.95,
30722640,2026-07-11,2026-07-11 07:35:33.09039,SARAWAK,SIBU,PASAR CENTRAL SIBU,Borong,20,Sayur-Sayuran,03,006,KUBIS BULAT (CHINA),F.A.Q,Kilogram,3,3,
30722641,2026-07-11,2026-07-11 07:35:33.09039,SARAWAK,SIBU,PASAR CENTRAL SIBU,Borong,20,Sayur-Sayuran,03,007,SAWI HIJAU (TANAH RENDAH),F.A.Q,Kilogram,6.9,6.681818,
30722642,2026-07-11,2026-07-11 07:35:33.09039,SARAWAK,SIBU,PASAR CENTRAL SIBU,Borong,20,Sayur-Sayuran,02,010,TERUNG PANJANG / PEPARU (TANAH RENDAH),F.A.Q,Kilogram,5,5.681818,
30722643,2026-07-11,2026-07-11 07:35:33.09039,SARAWAK,SIBU,PASAR CENTRAL SIBU,Borong,20,Sayur-Sayuran,02,011,TIMUN HIJAU,F.A.Q,Kilogram,2.9,2.97,
30722644,2026-07-11,2026-07-11 07:35:33.09039,SARAWAK,SIBU,PASAR CENTRAL SIBU,Borong,20,Sayur-Sayuran,02,012,TOMATO (TANAH TINGGI),F.A.Q,Kilogram,7,6.9363637,
30722645,2026-07-11,2026-07-11 07:35:33.09039,SARAWAK,SIBU,PASAR CENTRAL SIBU,Borong,20,Sayur-Sayuran,05,009,UBI KENTANG HOLLAND,F.A.Q,Kilogram,2,2.0333333,
30722646,2026-07-11,2026-07-11 07:36:12.777244,SARAWAK,SIBU,PASAR CENTRAL SIBU,Borong,20,Tanaman Kontan,05,001,KELAPA DIKUPAS,SEDANG,Biji,2,2,
30722647,2026-07-11,2026-07-11 07:37:13.51798,SARAWAK,SIBU,PASAR CENTRAL SIBU,Borong,20,Ternakan,01,003,AYAM HIDUP,F.A.Q,Kilogram,9,9,
30722648,2026-07-11,2026-07-11 07:37:13.51798,SARAWAK,SIBU,PASAR CENTRAL SIBU,Borong,20,Ternakan,03,002,AYAM PROSES STANDARD,F.A.Q,Kilogram,9.5,9.5,
30722649,2026-07-11,2026-07-11 07:37:13.51798,SARAWAK,SIBU,PASAR CENTRAL SIBU,Borong,20,Ternakan,02,003,DAGING LEMBU PEJAL,F.A.Q,Kilogram,45,45,
30722650,2026-07-11,2026-07-11 07:37:13.51798,SARAWAK,SIBU,PASAR CENTRAL SIBU,Borong,20,Ternakan,11,001,TELUR AYAM,A,Biji,0.53,0.51,
30722651,2026-07-11,2026-07-11 07:37:13.51798,SARAWAK,SIBU,PASAR CENTRAL SIBU,Borong,20,Ternakan,11,001,TELUR AYAM,B,Biji,0.5,0.48727274,
30722652,2026-07-11,2026-07-11 07:37:13.51798,SARAWAK,SIBU,PASAR CENTRAL SIBU,Borong,20,Ternakan,11,001,TELUR AYAM,C,Biji,0.48,0.46,
30722653,2026-07-11,2026-07-11 07:38:30.632338,SARAWAK,SIBU,PASAR CENTRAL SIBU,Runcit,,Buah-Buahan,02,005,BETIK SEKAKI,F.A.Q,Kilogram,6,5.866667,
30722654,2026-07-11,2026-07-11 07:38:30.632338,SARAWAK,SIBU,PASAR CENTRAL SIBU,Runcit,,Buah-Buahan,02,028,PISANG BERANGAN,F.A.Q,Kilogram,6,6.109091,
30722655,2026-07-11,2026-07-11 07:38:30.632338,SARAWAK,SIBU,PASAR CENTRAL SIBU,Runcit,,Buah-Buahan,02,028,PISANG MAS,F.A.Q,Kilogram,5.5,5.114286,
30722656,2026-07-11,2026-07-11 07:38:30.632338,SARAWAK,SIBU,PASAR CENTRAL SIBU,Runcit,,Buah-Buahan,02,034,TEMBIKAI MERAH TANPA BIJI,F.A.Q,Kilogram,4.9,4.9,
30722657,2026-07-11,2026-07-11 07:38:50.01106,SARAWAK,SIBU,PASAR CENTRAL SIBU,Runcit,,Lain-Lain Makanan Proses,15,001,SANTAN PEKAT,F.A.Q,Kilogram,12.5,12.5,
30722658,2026-07-11,2026-07-11 07:45:17.953715,SARAWAK,SIBU,PASAR CENTRAL SIBU,Runcit,,Sayur-Sayuran,05,001,BAWANG BESAR KUNING / HOLLAND,F.A.Q,Kilogram,4,4,
30722659,2026-07-11,2026-07-11 07:45:17.953715,SARAWAK,SIBU,PASAR CENTRAL SIBU,Runcit,,Sayur-Sayuran,05,001,BAWANG BESAR MERAH (INDIA),F.A.Q,Kilogram,5,5,
30722660,2026-07-11,2026-07-11 07:45:17.953715,SARAWAK,SIBU,PASAR CENTRAL SIBU,Runcit,,Sayur-Sayuran,05,001,BAWANG MERAH / KECIL (INDIA),F.A.Q,Kilogram,6,6.9166665,
30722661,2026-07-11,2026-07-11 07:45:17.953715,SARAWAK,SIBU,PASAR CENTRAL SIBU,Runcit,,Sayur-Sayuran,05,001,BAWANG PUTIH (CHINA),F.A.Q,Kilogram,8,8,
30722662,2026-07-11,2026-07-11 07:45:17.953715,SARAWAK,SIBU,PASAR CENTRAL SIBU,Runcit,,Sayur-Sayuran,03,001,BAYAM,F.A.Q,Kilogram,6.9,7.0545454,
30722663,2026-07-11,2026-07-11 07:45:17.953715,SARAWAK,SIBU,PASAR CENTRAL SIBU,Runcit,,Sayur-Sayuran,02,002,CILI HIJAU,F.A.Q,Kilogram,17,16.666666,
30722664,2026-07-11,2026-07-11 07:45:17.953715,SARAWAK,SIBU,PASAR CENTRAL SIBU,Runcit,,Sayur-Sayuran,02,002,CILI MERAH MINYAK,F.A.Q,Kilogram,21,20.454546,
30722665,2026-07-11,2026-07-11 07:45:17.953715,SARAWAK,SIBU,PASAR CENTRAL SIBU,Runcit,,Sayur-Sayuran,03,009,DAUN BAWANG,F.A.Q,Kilogram,29,30.166666,
30722666,2026-07-11,2026-07-11 07:45:17.953715,SARAWAK,SIBU,PASAR CENTRAL SIBU,Runcit,,Sayur-Sayuran,03,015,DAUN SUP (TANAH TINGGI),F.A.Q,Kilogram,29.9,31.133333,
30722667,2026-07-11,2026-07-11 07:45:17.953715,SARAWAK,SIBU,PASAR CENTRAL SIBU,Runcit,,Sayur-Sayuran,04,002,KACANG BENDI,F.A.Q,Kilogram,7.9,8.318182,
30722668,2026-07-11,2026-07-11 07:45:17.953715,SARAWAK,SIBU,PASAR CENTRAL SIBU,Runcit,,Sayur-Sayuran,04,003,KACANG BUNCIS,F.A.Q,Kilogram,13.5,13.75,
30722669,2026-07-11,2026-07-11 07:45:17.953715,SARAWAK,SIBU,PASAR CENTRAL SIBU,Runcit,,Sayur-Sayuran,04,007,KACANG PANJANG HIJAU,F.A.Q,Kilogram,6,7.318182,
30722670,2026-07-11,2026-07-11 07:45:17.953715,SARAWAK,SIBU,PASAR CENTRAL SIBU,Runcit,,Sayur-Sayuran,03,019,KANGKUNG,F.A.Q,Kilogram,5.9,5.95,
30722671,2026-07-11,2026-07-11 07:45:17.953715,SARAWAK,SIBU,PASAR CENTRAL SIBU,Runcit,,Sayur-Sayuran,03,006,KUBIS BULAT (CHINA),F.A.Q,Kilogram,4,4,
30722672,2026-07-11,2026-07-11 07:45:17.953715,SARAWAK,SIBU,PASAR CENTRAL SIBU,Runcit,,Sayur-Sayuran,03,007,SAWI HIJAU (TANAH RENDAH),F.A.Q,Kilogram,9.9,9.681818,
30722673,2026-07-11,2026-07-11 07:45:17.953715,SARAWAK,SIBU,PASAR CENTRAL SIBU,Runcit,,Sayur-Sayuran,02,010,TERUNG PANJANG / PEPARU (TANAH RENDAH),F.A.Q,Kilogram,7,7.681818,
30722674,2026-07-11,2026-07-11 07:45:17.953715,SARAWAK,SIBU,PASAR CENTRAL SIBU,Runcit,,Sayur-Sayuran,02,011,TIMUN HIJAU,F.A.Q,Kilogram,3.9,3.9636364,
30722675,2026-07-11,2026-07-11 07:45:17.953715,SARAWAK,SIBU,PASAR CENTRAL SIBU,Runcit,,Sayur-Sayuran,02,012,TOMATO (TANAH TINGGI),F.A.Q,Kilogram,8,7.9363637,
30722676,2026-07-11,2026-07-11 07:45:17.953715,SARAWAK,SIBU,PASAR CENTRAL SIBU,Runcit,,Sayur-Sayuran,05,009,UBI KENTANG HOLLAND,F.A.Q,Kilogram,3,3.0333333,
30722677,2026-07-11,2026-07-11 07:47:03.601801,SARAWAK,SIBU,PASAR CENTRAL SIBU,Runcit,,Ternakan,01,003,AYAM HIDUP,F.A.Q,Kilogram,10,10,
30722678,2026-07-11,2026-07-11 07:47:03.601801,SARAWAK,SIBU,PASAR CENTRAL SIBU,Runcit,,Ternakan,03,002,AYAM PROSES STANDARD,F.A.Q,Kilogram,10.5,10.5,
30722679,2026-07-11,2026-07-11 07:47:03.601801,SARAWAK,SIBU,PASAR CENTRAL SIBU,Runcit,,Ternakan,03,002,AYAM PROSES SUPER,F.A.Q,Kilogram,11.5,11.5,
30722680,2026-07-11,2026-07-11 07:47:03.601801,SARAWAK,SIBU,PASAR CENTRAL SIBU,Runcit,,Ternakan,02,003,DAGING LEMBU PEJAL,F.A.Q,Kilogram,48,48,
30722681,2026-07-11,2026-07-11 07:47:03.601801,SARAWAK,SIBU,PASAR CENTRAL SIBU,Runcit,,Ternakan,11,001,TELUR AYAM,A,Biji,0.55,0.53,
30722682,2026-07-11,2026-07-11 07:47:03.601801,SARAWAK,SIBU,PASAR CENTRAL SIBU,Runcit,,Ternakan,11,001,TELUR AYAM,B,Biji,0.52,0.5072727,
30722683,2026-07-11,2026-07-11 07:47:03.601801,SARAWAK,SIBU,PASAR CENTRAL SIBU,Runcit,,Ternakan,11,001,TELUR AYAM,C,Biji,0.5,0.48666668,
30722684,2026-07-11,2026-07-11 07:48:01.502439,JOHOR,KLUANG,LADANG/KEBUN JALAN BATU PAHAT,Ladang,,Ternakan,11,001,TELUR AYAM,A,Biji,0.42,0.42,
30722685,2026-07-11,2026-07-11 07:48:01.502439,JOHOR,KLUANG,LADANG/KEBUN JALAN BATU PAHAT,Ladang,,Ternakan,11,001,TELUR AYAM,C,Biji,0.37,0.37,
30722686,2026-07-11,2026-07-11 07:48:01.502439,JOHOR,KLUANG,LADANG/KEBUN JALAN BATU PAHAT,Ladang,,Ternakan,11,001,TELUR AYAM,B,Biji,0.38,0.38333333,
30722687,2026-07-11,2026-07-11 07:48:52.935001,JOHOR,BATU PAHAT,LADANG/KEBUN YONG PENG,Ladang,,Buah-Buahan,02,034,TEMBIKAI MERAH TANPA BIJI,F.A.Q,Kilogram,1.5,1.5,
30722688,2026-07-11,2026-07-11 07:49:35.618003,JOHOR,BATU PAHAT,LADANG/KEBUN TANJUNG LABOH,Ladang,,Buah-Buahan,02,005,BETIK SEKAKI,F.A.Q,Kilogram,1.5,1.5,
30722689,2026-07-11,2026-07-11 07:49:35.618003,JOHOR,BATU PAHAT,LADANG/KEBUN TANJUNG LABOH,Ladang,,Buah-Buahan,02,023,NANAS JOSAPINE (AC5),F.A.Q,Kilogram,2.5,2.5,
30722690,2026-07-11,2026-07-11 07:49:35.618003,JOHOR,BATU PAHAT,LADANG/KEBUN TANJUNG LABOH,Ladang,,Buah-Buahan,02,028,PISANG BERANGAN,F.A.Q,Kilogram,2.5,2.5,
30722691,2026-07-11,2026-07-11 07:49:35.618003,JOHOR,BATU PAHAT,LADANG/KEBUN TANJUNG LABOH,Ladang,,Buah-Buahan,02,028,PISANG MAS,F.A.Q,Kilogram,3,3,
30722692,2026-07-11,2026-07-11 07:50:17.930932,JOHOR,BATU PAHAT,LADANG/KEBUN SENGGARANG,Ladang,,Buah-Buahan,02,005,BETIK SEKAKI,F.A.Q,Kilogram,1.5,1.5,
30722693,2026-07-11,2026-07-11 07:50:17.930932,JOHOR,BATU PAHAT,LADANG/KEBUN SENGGARANG,Ladang,,Buah-Buahan,02,023,NANAS JOSAPINE (AC5),F.A.Q,Kilogram,2.5,2.5,
30722694,2026-07-11,2026-07-11 07:50:17.930932,JOHOR,BATU PAHAT,LADANG/KEBUN SENGGARANG,Ladang,,Buah-Buahan,02,028,PISANG BERANGAN,F.A.Q,Kilogram,2.5,2.5,
30722695,2026-07-11,2026-07-11 07:50:17.930932,JOHOR,BATU PAHAT,LADANG/KEBUN SENGGARANG,Ladang,,Buah-Buahan,02,028,PISANG MAS,F.A.Q,Kilogram,3,3,
30722696,2026-07-11,2026-07-11 07:50:39.481103,JOHOR,KLUANG,LADANG/KEBUN JALAN AYER HITAM,Ladang,,Ternakan,01,003,AYAM HIDUP,F.A.Q,Kilogram,6,6.25,
30722697,2026-07-11,2026-07-11 07:51:04.340936,JOHOR,JOHOR BAHRU,,Ladang,,Tanaman Kontan,05,001,KELAPA DIKUPAS,SEDANG,Biji,1.9,1.9,
30722698,2026-07-11,2026-07-11 07:52:34.561136,JOHOR,JOHOR BAHRU,,Ladang,,Sayur-Sayuran,03,001,BAYAM,F.A.Q,Kilogram,3,2.5,
30722699,2026-07-11,2026-07-11 07:52:34.561136,JOHOR,JOHOR BAHRU,,Ladang,,Sayur-Sayuran,02,002,CILI HIJAU,F.A.Q,Kilogram,7,7,
30722700,2026-07-11,2026-07-11 07:52:34.561136,JOHOR,JOHOR BAHRU,,Ladang,,Sayur-Sayuran,02,002,CILI MERAH KULAI / KULAI HIBRID,F.A.Q,Kilogram,10,10,
30722701,2026-07-11,2026-07-11 07:52:34.561136,JOHOR,JOHOR BAHRU,,Ladang,,Sayur-Sayuran,04,002,KACANG BENDI,F.A.Q,Kilogram,5,5,
30722702,2026-07-11,2026-07-11 07:52:34.561136,JOHOR,JOHOR BAHRU,,Ladang,,Sayur-Sayuran,04,003,KACANG BUNCIS,F.A.Q,Kilogram,7,5,
30722703,2026-07-11,2026-07-11 07:52:34.561136,JOHOR,JOHOR BAHRU,,Ladang,,Sayur-Sayuran,04,007,KACANG PANJANG HIJAU,F.A.Q,Kilogram,5,4.06,
30722704,2026-07-11,2026-07-11 07:52:34.561136,JOHOR,JOHOR BAHRU,,Ladang,,Sayur-Sayuran,03,019,KANGKUNG,F.A.Q,Kilogram,3,2.5,
30722705,2026-07-11,2026-07-11 07:52:34.561136,JOHOR,JOHOR BAHRU,,Ladang,,Sayur-Sayuran,02,010,TERUNG PANJANG / PEPARU (TANAH RENDAH),F.A.Q,Kilogram,4,4,
30722706,2026-07-11,2026-07-11 07:52:34.561136,JOHOR,JOHOR BAHRU,,Ladang,,Sayur-Sayuran,02,011,TIMUN HIJAU,F.A.Q,Kilogram,1.8,1.8,
30722707,2026-07-11,2026-07-11 07:53:08.146004,JOHOR,JOHOR BAHRU,[PUSAT KUTIPAN HARGA BORONG] SKUDAI,Borong,20,Ternakan,03,002,AYAM PROSES STANDARD,F.A.Q,Kilogram,7.5,7.5,
30722708,2026-07-11,2026-07-11 07:53:53.211764,MELAKA,MELAKA TENGAH,PASAR BESAR MBMB,Runcit,26,Sayur-Sayuran,03,001,BAYAM,F.A.Q,Kilogram,3.5,4,
30722709,2026-07-11,2026-07-11 07:53:53.211764,MELAKA,MELAKA TENGAH,PASAR BESAR MBMB,Runcit,26,Sayur-Sayuran,03,001,BAYAM,F.A.Q,Kilogram,4,4,
30722710,2026-07-11,2026-07-11 07:53:53.211764,MELAKA,MELAKA TENGAH,PASAR BESAR MBMB,Runcit,26,Sayur-Sayuran,02,002,CILI HIJAU,F.A.Q,Kilogram,8,10,
30722711,2026-07-11,2026-07-11 07:53:53.211764,MELAKA,MELAKA TENGAH,PASAR BESAR MBMB,Runcit,26,Sayur-Sayuran,02,002,CILI HIJAU,F.A.Q,Kilogram,9,10,
30722712,2026-07-11,2026-07-11 07:53:53.211764,MELAKA,MELAKA TENGAH,PASAR BESAR MBMB,Runcit,26,Sayur-Sayuran,02,002,CILI MERAH (VIETNAM),F.A.Q,Kilogram,12,9,
30722713,2026-07-11,2026-07-11 07:53:53.211764,MELAKA,MELAKA TENGAH,PASAR BESAR MBMB,Runcit,26,Sayur-Sayuran,02,002,CILI MERAH (VIETNAM),F.A.Q,Kilogram,10,9,
30722714,2026-07-11,2026-07-11 07:53:53.211764,MELAKA,MELAKA TENGAH,PASAR BESAR MBMB,Runcit,26,Sayur-Sayuran,02,002,CILI MERAH KULAI / KULAI HIBRID,F.A.Q,Kilogram,15,12,
30722715,2026-07-11,2026-07-11 07:53:53.211764,MELAKA,MELAKA TENGAH,PASAR BESAR MBMB,Runcit,26,Sayur-Sayuran,02,002,CILI MERAH MINYAK,F.A.Q,Kilogram,14,13,
30722716,2026-07-11,2026-07-11 07:53:53.211764,MELAKA,MELAKA TENGAH,PASAR BESAR MBMB,Runcit,26,Sayur-Sayuran,02,002,CILI MERAH MINYAK,F.A.Q,Kilogram,14,13,
30722717,2026-07-11,2026-07-11 07:53:53.211764,MELAKA,MELAKA TENGAH,PASAR BESAR MBMB,Runcit,26,Sayur-Sayuran,03,009,DAUN BAWANG,F.A.Q,Kilogram,4.5,9,
30722718,2026-07-11,2026-07-11 07:53:53.211764,MELAKA,MELAKA TENGAH,PASAR BESAR MBMB,Runcit,26,Sayur-Sayuran,03,009,DAUN BAWANG,F.A.Q,Kilogram,4,9,
30722719,2026-07-11,2026-07-11 07:53:53.211764,MELAKA,MELAKA TENGAH,PASAR BESAR MBMB,Runcit,26,Sayur-Sayuran,03,015,DAUN SUP (TANAH TINGGI),F.A.Q,Kilogram,16,10,
30722720,2026-07-11,2026-07-11 07:53:53.211764,MELAKA,MELAKA TENGAH,PASAR BESAR MBMB,Runcit,26,Sayur-Sayuran,03,015,DAUN SUP (TANAH TINGGI),F.A.Q,Kilogram,17,10,
30722721,2026-07-11,2026-07-11 07:53:53.211764,MELAKA,MELAKA TENGAH,PASAR BESAR MBMB,Runcit,26,Sayur-Sayuran,04,002,KACANG BENDI,F.A.Q,Kilogram,6,5.25,
30722722,2026-07-11,2026-07-11 07:53:53.211764,MELAKA,MELAKA TENGAH,PASAR BESAR MBMB,Runcit,26,Sayur-Sayuran,04,002,KACANG BENDI,F.A.Q,Kilogram,5,5.25,
30722723,2026-07-11,2026-07-11 07:53:53.211764,MELAKA,MELAKA TENGAH,PASAR BESAR MBMB,Runcit,26,Sayur-Sayuran,04,003,KACANG BUNCIS,F.A.Q,Kilogram,12,8,
30722724,2026-07-11,2026-07-11 07:53:53.211764,MELAKA,MELAKA TENGAH,PASAR BESAR MBMB,Runcit,26,Sayur-Sayuran,04,003,KACANG BUNCIS,F.A.Q,Kilogram,12,8,
30722725,2026-07-11,2026-07-11 07:53:53.211764,MELAKA,MELAKA TENGAH,PASAR BESAR MBMB,Runcit,26,Sayur-Sayuran,04,007,KACANG PANJANG HIJAU,F.A.Q,Kilogram,5,6,
30722726,2026-07-11,2026-07-11 07:53:53.211764,MELAKA,MELAKA TENGAH,PASAR BESAR MBMB,Runcit,26,Sayur-Sayuran,04,007,KACANG PANJANG HIJAU,F.A.Q,Kilogram,5,6,
30722727,2026-07-11,2026-07-11 07:53:53.211764,MELAKA,MELAKA TENGAH,PASAR BESAR MBMB,Runcit,26,Sayur-Sayuran,03,019,KANGKUNG,F.A.Q,Kilogram,3,3,
30722728,2026-07-11,2026-07-11 07:53:53.211764,MELAKA,MELAKA TENGAH,PASAR BESAR MBMB,Runcit,26,Sayur-Sayuran,03,019,KANGKUNG,F.A.Q,Kilogram,3.5,3,
30722729,2026-07-11,2026-07-11 07:53:53.211764,MELAKA,MELAKA TENGAH,PASAR BESAR MBMB,Runcit,26,Sayur-Sayuran,03,006,KUBIS BULAT (CHINA),F.A.Q,Kilogram,3,4,
30722730,2026-07-11,2026-07-11 07:53:53.211764,MELAKA,MELAKA TENGAH,PASAR BESAR MBMB,Runcit,26,Sayur-Sayuran,03,006,KUBIS BULAT (CHINA),F.A.Q,Kilogram,3,4,
30722731,2026-07-11,2026-07-11 07:53:53.211764,MELAKA,MELAKA TENGAH,PASAR BESAR MBMB,Runcit,26,Sayur-Sayuran,03,006,KUBIS BULAT (TANAH TINGGI),F.A.Q,Kilogram,3.5,4.5,
30722732,2026-07-11,2026-07-11 07:53:53.211764,MELAKA,MELAKA TENGAH,PASAR BESAR MBMB,Runcit,26,Sayur-Sayuran,03,006,KUBIS BULAT (TANAH TINGGI),F.A.Q,Kilogram,3.5,4.5,
30722733,2026-07-11,2026-07-11 07:53:53.211764,MELAKA,MELAKA TENGAH,PASAR BESAR MBMB,Runcit,26,Sayur-Sayuran,03,007,SAWI HIJAU (TANAH RENDAH),F.A.Q,Kilogram,3,3,
30722734,2026-07-11,2026-07-11 07:53:53.211764,MELAKA,MELAKA TENGAH,PASAR BESAR MBMB,Runcit,26,Sayur-Sayuran,03,007,SAWI HIJAU (TANAH RENDAH),F.A.Q,Kilogram,3,3,
30722735,2026-07-11,2026-07-11 07:53:53.211764,MELAKA,MELAKA TENGAH,PASAR BESAR MBMB,Runcit,26,Sayur-Sayuran,02,010,TERUNG PANJANG / PEPARU (TANAH RENDAH),F.A.Q,Kilogram,8,8,
30722736,2026-07-11,2026-07-11 07:53:53.211764,MELAKA,MELAKA TENGAH,PASAR BESAR MBMB,Runcit,26,Sayur-Sayuran,02,010,TERUNG PANJANG / PEPARU (TANAH RENDAH),F.A.Q,Kilogram,6,8,
30722737,2026-07-11,2026-07-11 07:53:53.211764,MELAKA,MELAKA TENGAH,PASAR BESAR MBMB,Runcit,26,Sayur-Sayuran,02,011,TIMUN HIJAU,F.A.Q,Kilogram,2.5,3.5,
30722738,2026-07-11,2026-07-11 07:53:53.211764,MELAKA,MELAKA TENGAH,PASAR BESAR MBMB,Runcit,26,Sayur-Sayuran,02,011,TIMUN HIJAU,F.A.Q,Kilogram,2.5,3.5,
30722739,2026-07-11,2026-07-11 07:53:53.211764,MELAKA,MELAKA TENGAH,PASAR BESAR MBMB,Runcit,26,Sayur-Sayuran,02,012,TOMATO (TANAH TINGGI),F.A.Q,Kilogram,6,9,
30722740,2026-07-11,2026-07-11 07:53:53.211764,MELAKA,MELAKA TENGAH,PASAR BESAR MBMB,Runcit,26,Sayur-Sayuran,02,012,TOMATO (TANAH TINGGI),F.A.Q,Kilogram,6,9,
30722741,2026-07-11,2026-07-11 07:53:53.894598,PULAU PINANG,SEBERANG PERAI TENGAH,PASAR AWAM SEBERANG JAYA,Runcit,26,Sayur-Sayuran,03,001,BAYAM,F.A.Q,Kilogram,6,5.3333335,
30722742,2026-07-11,2026-07-11 07:53:53.894598,PULAU PINANG,SEBERANG PERAI TENGAH,PASAR AWAM SEBERANG JAYA,Runcit,26,Sayur-Sayuran,02,002,CILI HIJAU,F.A.Q,Kilogram,14,13.625,
30722743,2026-07-11,2026-07-11 07:53:53.894598,PULAU PINANG,SEBERANG PERAI TENGAH,PASAR AWAM SEBERANG JAYA,Runcit,26,Sayur-Sayuran,02,002,CILI MERAH KULAI / KULAI HIBRID,F.A.Q,Kilogram,22,19.23077,
30722744,2026-07-11,2026-07-11 07:53:53.894598,PULAU PINANG,SEBERANG PERAI TENGAH,PASAR AWAM SEBERANG JAYA,Runcit,26,Sayur-Sayuran,02,002,CILI MERAH MINYAK,F.A.Q,Kilogram,16,16,
30722745,2026-07-11,2026-07-11 07:53:53.894598,PULAU PINANG,SEBERANG PERAI TENGAH,PASAR AWAM SEBERANG JAYA,Runcit,26,Sayur-Sayuran,03,009,DAUN BAWANG,F.A.Q,Kilogram,8,8,
30722746,2026-07-11,2026-07-11 07:53:53.894598,PULAU PINANG,SEBERANG PERAI TENGAH,PASAR AWAM SEBERANG JAYA,Runcit,26,Sayur-Sayuran,03,015,DAUN SUP (TANAH TINGGI),F.A.Q,Kilogram,23,20,
30722747,2026-07-11,2026-07-11 07:53:53.894598,PULAU PINANG,SEBERANG PERAI TENGAH,PASAR AWAM SEBERANG JAYA,Runcit,26,Sayur-Sayuran,04,002,KACANG BENDI,F.A.Q,Kilogram,10,9.666667,
30722748,2026-07-11,2026-07-11 07:53:53.894598,PULAU PINANG,SEBERANG PERAI TENGAH,PASAR AWAM SEBERANG JAYA,Runcit,26,Sayur-Sayuran,04,003,KACANG BUNCIS,F.A.Q,Kilogram,14,11,
30722749,2026-07-11,2026-07-11 07:53:53.894598,PULAU PINANG,SEBERANG PERAI TENGAH,PASAR AWAM SEBERANG JAYA,Runcit,26,Sayur-Sayuran,04,007,KACANG PANJANG HIJAU,F.A.Q,Kilogram,10,10,
30722750,2026-07-11,2026-07-11 07:53:53.894598,PULAU PINANG,SEBERANG PERAI TENGAH,PASAR AWAM SEBERANG JAYA,Runcit,26,Sayur-Sayuran,03,019,KANGKUNG,F.A.Q,Kilogram,6,5,
30722751,2026-07-11,2026-07-11 07:53:53.894598,PULAU PINANG,SEBERANG PERAI TENGAH,PASAR AWAM SEBERANG JAYA,Runcit,26,Sayur-Sayuran,03,006,KUBIS BULAT (CHINA),F.A.Q,Kilogram,4,4,
30722752,2026-07-11,2026-07-11 07:53:53.894598,PULAU PINANG,SEBERANG PERAI TENGAH,PASAR AWAM SEBERANG JAYA,Runcit,26,Sayur-Sayuran,03,006,KUBIS BULAT (INDONESIA),F.A.Q,Kilogram,4.5,4.5,
30722753,2026-07-11,2026-07-11 07:53:53.894598,PULAU PINANG,SEBERANG PERAI TENGAH,PASAR AWAM SEBERANG JAYA,Runcit,26,Sayur-Sayuran,03,006,KUBIS BULAT (TANAH TINGGI),F.A.Q,Kilogram,6,6.142857,
30722754,2026-07-11,2026-07-11 07:53:53.894598,PULAU PINANG,SEBERANG PERAI TENGAH,PASAR AWAM SEBERANG JAYA,Runcit,26,Sayur-Sayuran,03,007,SAWI HIJAU (TANAH RENDAH),F.A.Q,Kilogram,6,5.7777777,
30722755,2026-07-11,2026-07-11 07:53:53.894598,PULAU PINANG,SEBERANG PERAI TENGAH,PASAR AWAM SEBERANG JAYA,Runcit,26,Sayur-Sayuran,03,007,SAWI HIJAU TANAH TINGGI,F.A.Q,Kilogram,7,6.55,
30722756,2026-07-11,2026-07-11 07:53:53.894598,PULAU PINANG,SEBERANG PERAI TENGAH,PASAR AWAM SEBERANG JAYA,Runcit,26,Sayur-Sayuran,02,010,TERUNG PANJANG / PEPARU (TANAH RENDAH),F.A.Q,Kilogram,12,10,
30722757,2026-07-11,2026-07-11 07:53:53.894598,PULAU PINANG,SEBERANG PERAI TENGAH,PASAR AWAM SEBERANG JAYA,Runcit,26,Sayur-Sayuran,02,011,TIMUN HIJAU,F.A.Q,Kilogram,5,4.5625,
30722758,2026-07-11,2026-07-11 07:53:53.894598,PULAU PINANG,SEBERANG PERAI TENGAH,PASAR AWAM SEBERANG JAYA,Runcit,26,Sayur-Sayuran,02,012,TOMATO (TANAH TINGGI),F.A.Q,Kilogram,10,5.71,
30722759,2026-07-11,2026-07-11 07:53:53.894598,PULAU PINANG,SEBERANG PERAI TENGAH,PASAR AWAM SEBERANG JAYA,Runcit,26,Sayur-Sayuran,05,009,UBI KENTANG (IMPORT),F.A.Q,Kilogram,4.5,3.84,
30722760,2026-07-11,2026-07-11 07:54:38.768863,JOHOR,JOHOR BAHRU,[PUSAT KUTIPAN HARGA BORONG] SKUDAI,Borong,20,Buah-Buahan,02,005,BETIK SEKAKI,F.A.Q,Kilogram,3,3,
30722761,2026-07-11,2026-07-11 07:54:38.768863,JOHOR,JOHOR BAHRU,[PUSAT KUTIPAN HARGA BORONG] SKUDAI,Borong,20,Buah-Buahan,02,005,BETIK SEKAKI,F.A.Q,Kilogram,3,3,
30722762,2026-07-11,2026-07-11 07:54:38.768863,JOHOR,JOHOR BAHRU,[PUSAT KUTIPAN HARGA BORONG] SKUDAI,Borong,20,Buah-Buahan,02,023,NANAS JOSAPINE (AC5),F.A.Q,Kilogram,4,3.19,
30722763,2026-07-11,2026-07-11 07:54:38.768863,JOHOR,JOHOR BAHRU,[PUSAT KUTIPAN HARGA BORONG] SKUDAI,Borong,20,Buah-Buahan,02,023,NANAS JOSAPINE (AC5),F.A.Q,Kilogram,4,3.19,
30722764,2026-07-11,2026-07-11 07:54:38.768863,JOHOR,JOHOR BAHRU,[PUSAT KUTIPAN HARGA BORONG] SKUDAI,Borong,20,Buah-Buahan,02,028,PISANG BERANGAN,F.A.Q,Kilogram,4.5,4.5,
30722765,2026-07-11,2026-07-11 07:54:38.768863,JOHOR,JOHOR BAHRU,[PUSAT KUTIPAN HARGA BORONG] SKUDAI,Borong,20,Buah-Buahan,02,028,PISANG BERANGAN,F.A.Q,Kilogram,4.5,4.5,
30722766,2026-07-11,2026-07-11 07:54:38.768863,JOHOR,JOHOR BAHRU,[PUSAT KUTIPAN HARGA BORONG] SKUDAI,Borong,20,Buah-Buahan,02,028,PISANG MAS,F.A.Q,Kilogram,4.5,4.5,
30722767,2026-07-11,2026-07-11 07:54:38.768863,JOHOR,JOHOR BAHRU,[PUSAT KUTIPAN HARGA BORONG] SKUDAI,Borong,20,Buah-Buahan,02,028,PISANG MAS,F.A.Q,Kilogram,4.5,4.5,
30722768,2026-07-11,2026-07-11 07:54:38.768863,JOHOR,JOHOR BAHRU,[PUSAT KUTIPAN HARGA BORONG] SKUDAI,Borong,20,Buah-Buahan,02,034,TEMBIKAI MERAH TANPA BIJI,F.A.Q,Kilogram,2.5,2.5,
30722769,2026-07-11,2026-07-11 07:54:38.768863,JOHOR,JOHOR BAHRU,[PUSAT KUTIPAN HARGA BORONG] SKUDAI,Borong,20,Buah-Buahan,02,034,TEMBIKAI MERAH TANPA BIJI,F.A.Q,Kilogram,2.5,2.5,
30722770,2026-07-11,2026-07-11 07:56:11.492355,JOHOR,JOHOR BAHRU,[PUSAT KUTIPAN HARGA BORONG] KEMPAS BARU,Borong,20,Ternakan,11,001,TELUR AYAM,A,Biji,0.44,0.44,
30722771,2026-07-11,2026-07-11 07:56:11.492355,JOHOR,JOHOR BAHRU,[PUSAT KUTIPAN HARGA BORONG] KEMPAS BARU,Borong,20,Ternakan,11,001,TELUR AYAM,B,Biji,0.42,0.42,
30722772,2026-07-11,2026-07-11 07:56:11.492355,JOHOR,JOHOR BAHRU,[PUSAT KUTIPAN HARGA BORONG] KEMPAS BARU,Borong,20,Ternakan,11,001,TELUR AYAM,C,Biji,0.41,0.41,
30722773,2026-07-11,2026-07-11 07:57:46.062672,JOHOR,JOHOR BAHRU,[PUSAT KUTIPAN HARGA BORONG] SKUDAI,Borong,20,Sayur-Sayuran,05,001,BAWANG BESAR KUNING / HOLLAND,F.A.Q,Kilogram,5,3.5,
30722774,2026-07-11,2026-07-11 07:57:46.062672,JOHOR,JOHOR BAHRU,[PUSAT KUTIPAN HARGA BORONG] SKUDAI,Borong,20,Sayur-Sayuran,05,001,BAWANG BESAR MERAH (INDIA),F.A.Q,Kilogram,4,4,
30722775,2026-07-11,2026-07-11 07:57:46.062672,JOHOR,JOHOR BAHRU,[PUSAT KUTIPAN HARGA BORONG] SKUDAI,Borong,20,Sayur-Sayuran,05,001,BAWANG MERAH / KECIL (THAI),F.A.Q,Kilogram,15.2,9.62,
30722776,2026-07-11,2026-07-11 07:57:46.062672,JOHOR,JOHOR BAHRU,[PUSAT KUTIPAN HARGA BORONG] SKUDAI,Borong,20,Sayur-Sayuran,05,001,BAWANG MERAH ROSE,F.A.Q,Kilogram,11.5,11.5,
30722777,2026-07-11,2026-07-11 07:57:46.062672,JOHOR,JOHOR BAHRU,[PUSAT KUTIPAN HARGA BORONG] SKUDAI,Borong,20,Sayur-Sayuran,05,001,BAWANG PUTIH (CHINA),F.A.Q,Kilogram,12.5,7.62,
30722778,2026-07-11,2026-07-11 07:57:46.062672,JOHOR,JOHOR BAHRU,[PUSAT KUTIPAN HARGA BORONG] SKUDAI,Borong,20,Sayur-Sayuran,05,009,UBI KENTANG HOLLAND,F.A.Q,Kilogram,2.5,2.5,
30722779,2026-07-11,2026-07-11 07:58:11.889332,JOHOR,JOHOR BAHRU,[PUSAT KUTIPAN HARGA BORONG] BANDAR BARU PERMAS JAYA,Borong,20,Ternakan,02,003,DAGING LEMBU PEJAL,F.A.Q,Kilogram,38,38,
30722780,2026-07-11,2026-07-11 08:01:09.283045,PULAU PINANG,SEBERANG PERAI TENGAH,PASAR AWAM SEBERANG JAYA,Runcit,26,Sayur-Sayuran,03,001,BAYAM,F.A.Q,Kilogram,6,5.3333335,
30722781,2026-07-11,2026-07-11 08:01:09.283045,PULAU PINANG,SEBERANG PERAI TENGAH,PASAR AWAM SEBERANG JAYA,Runcit,26,Sayur-Sayuran,02,002,CILI HIJAU,F.A.Q,Kilogram,13,13.625,
30722782,2026-07-11,2026-07-11 08:01:09.283045,PULAU PINANG,SEBERANG PERAI TENGAH,PASAR AWAM SEBERANG JAYA,Runcit,26,Sayur-Sayuran,02,002,CILI MERAH KULAI / KULAI HIBRID,F.A.Q,Kilogram,20,19.23077,
30722783,2026-07-11,2026-07-11 08:01:09.283045,PULAU PINANG,SEBERANG PERAI TENGAH,PASAR AWAM SEBERANG JAYA,Runcit,26,Sayur-Sayuran,02,002,CILI MERAH KULAI / KULAI HIBRID,F.A.Q,Kilogram,16,19.23077,
30722784,2026-07-11,2026-07-11 08:01:09.283045,PULAU PINANG,SEBERANG PERAI TENGAH,PASAR AWAM SEBERANG JAYA,Runcit,26,Sayur-Sayuran,02,002,CILI MERAH MINYAK,F.A.Q,Kilogram,16,16,
30722785,2026-07-11,2026-07-11 08:01:09.283045,PULAU PINANG,SEBERANG PERAI TENGAH,PASAR AWAM SEBERANG JAYA,Runcit,26,Sayur-Sayuran,03,009,DAUN BAWANG,F.A.Q,Kilogram,8,8,
30722786,2026-07-11,2026-07-11 08:01:09.283045,PULAU PINANG,SEBERANG PERAI TENGAH,PASAR AWAM SEBERANG JAYA,Runcit,26,Sayur-Sayuran,03,015,DAUN SUP (TANAH TINGGI),F.A.Q,Kilogram,23,20,
30722787,2026-07-11,2026-07-11 08:01:09.283045,PULAU PINANG,SEBERANG PERAI TENGAH,PASAR AWAM SEBERANG JAYA,Runcit,26,Sayur-Sayuran,04,002,KACANG BENDI,F.A.Q,Kilogram,8,9.666667,
30722788,2026-07-11,2026-07-11 08:01:09.283045,PULAU PINANG,SEBERANG PERAI TENGAH,PASAR AWAM SEBERANG JAYA,Runcit,26,Sayur-Sayuran,04,003,KACANG BUNCIS,F.A.Q,Kilogram,14,11,
30722789,2026-07-11,2026-07-11 08:01:09.283045,PULAU PINANG,SEBERANG PERAI TENGAH,PASAR AWAM SEBERANG JAYA,Runcit,26,Sayur-Sayuran,04,003,KACANG BUNCIS (IMPORT),F.A.Q,Kilogram,13,10,
30722790,2026-07-11,2026-07-11 08:01:09.283045,PULAU PINANG,SEBERANG PERAI TENGAH,PASAR AWAM SEBERANG JAYA,Runcit,26,Sayur-Sayuran,04,007,KACANG PANJANG HIJAU,F.A.Q,Kilogram,10,10,
30722791,2026-07-11,2026-07-11 08:01:09.283045,PULAU PINANG,SEBERANG PERAI TENGAH,PASAR AWAM SEBERANG JAYA,Runcit,26,Sayur-Sayuran,03,019,KANGKUNG,F.A.Q,Kilogram,6,5,
30722792,2026-07-11,2026-07-11 08:01:09.283045,PULAU PINANG,SEBERANG PERAI TENGAH,PASAR AWAM SEBERANG JAYA,Runcit,26,Sayur-Sayuran,03,006,KUBIS BULAT (CHINA),F.A.Q,Kilogram,4,4,
30722793,2026-07-11,2026-07-11 08:01:09.283045,PULAU PINANG,SEBERANG PERAI TENGAH,PASAR AWAM SEBERANG JAYA,Runcit,26,Sayur-Sayuran,03,006,KUBIS BULAT (INDONESIA),F.A.Q,Kilogram,4,4.5,
30722794,2026-07-11,2026-07-11 08:01:09.283045,PULAU PINANG,SEBERANG PERAI TENGAH,PASAR AWAM SEBERANG JAYA,Runcit,26,Sayur-Sayuran,03,006,KUBIS BULAT (TANAH TINGGI),F.A.Q,Kilogram,6,6.142857,
30722795,2026-07-11,2026-07-11 08:01:09.283045,PULAU PINANG,SEBERANG PERAI TENGAH,PASAR AWAM SEBERANG JAYA,Runcit,26,Sayur-Sayuran,03,007,SAWI HIJAU (TANAH RENDAH),F.A.Q,Kilogram,6,5.7777777,
30722796,2026-07-11,2026-07-11 08:01:09.283045,PULAU PINANG,SEBERANG PERAI TENGAH,PASAR AWAM SEBERANG JAYA,Runcit,26,Sayur-Sayuran,03,007,SAWI HIJAU TANAH TINGGI,F.A.Q,Kilogram,6,6.55,
30722797,2026-07-11,2026-07-11 08:01:09.283045,PULAU PINANG,SEBERANG PERAI TENGAH,PASAR AWAM SEBERANG JAYA,Runcit,26,Sayur-Sayuran,02,010,TERUNG PANJANG / PEPARU (TANAH RENDAH),F.A.Q,Kilogram,10,10,
30722798,2026-07-11,2026-07-11 08:01:09.283045,PULAU PINANG,SEBERANG PERAI TENGAH,PASAR AWAM SEBERANG JAYA,Runcit,26,Sayur-Sayuran,02,011,TIMUN HIJAU,F.A.Q,Kilogram,5,4.5625,
30722799,2026-07-11,2026-07-11 08:01:09.283045,PULAU PINANG,SEBERANG PERAI TENGAH,PASAR AWAM SEBERANG JAYA,Runcit,26,Sayur-Sayuran,02,011,TIMUN HIJAU (IMPORT),F.A.Q,Kilogram,4,3.5,
30722800,2026-07-11,2026-07-11 08:01:09.283045,PULAU PINANG,SEBERANG PERAI TENGAH,PASAR AWAM SEBERANG JAYA,Runcit,26,Sayur-Sayuran,02,012,TOMATO (TANAH TINGGI),F.A.Q,Kilogram,8,5.71,
30722801,2026-07-11,2026-07-11 08:01:09.283045,PULAU PINANG,SEBERANG PERAI TENGAH,PASAR AWAM SEBERANG JAYA,Runcit,26,Sayur-Sayuran,05,009,UBI KENTANG (IMPORT),F.A.Q,Kilogram,4,3.84,
30722802,2026-07-11,2026-07-11 08:01:44.845076,PULAU PINANG,SEBERANG PERAI TENGAH,PASAR AWAM SEBERANG JAYA,Runcit,26,Buah-Buahan,02,005,BETIK SEKAKI,F.A.Q,Kilogram,7.5,6.25,
30722803,2026-07-11,2026-07-11 08:01:44.845076,PULAU PINANG,SEBERANG PERAI TENGAH,PASAR AWAM SEBERANG JAYA,Runcit,26,Buah-Buahan,02,005,BETIK SEKAKI,F.A.Q,Kilogram,5.5,6.25,
30722804,2026-07-11,2026-07-11 08:01:44.845076,PULAU PINANG,SEBERANG PERAI TENGAH,PASAR AWAM SEBERANG JAYA,Runcit,26,Buah-Buahan,02,023,NANAS JOSAPINE (AC5),F.A.Q,Kilogram,6,5,
30722805,2026-07-11,2026-07-11 08:01:44.845076,PULAU PINANG,SEBERANG PERAI TENGAH,PASAR AWAM SEBERANG JAYA,Runcit,26,Buah-Buahan,02,023,NANAS JOSAPINE (AC5),F.A.Q,Kilogram,5,5,
30722806,2026-07-11,2026-07-11 08:01:44.845076,PULAU PINANG,SEBERANG PERAI TENGAH,PASAR AWAM SEBERANG JAYA,Runcit,26,Buah-Buahan,02,028,PISANG BERANGAN,F.A.Q,Kilogram,7.5,7.1,
30722807,2026-07-11,2026-07-11 08:01:44.845076,PULAU PINANG,SEBERANG PERAI TENGAH,PASAR AWAM SEBERANG JAYA,Runcit,26,Buah-Buahan,02,028,PISANG MAS,F.A.Q,Kilogram,7.5,7.1,
30722808,2026-07-11,2026-07-11 08:01:44.845076,PULAU PINANG,SEBERANG PERAI TENGAH,PASAR AWAM SEBERANG JAYA,Runcit,26,Buah-Buahan,02,034,TEMBIKAI MERAH TANPA BIJI,F.A.Q,Kilogram,5,4.321429,
30722809,2026-07-11,2026-07-11 08:01:44.845076,PULAU PINANG,SEBERANG PERAI TENGAH,PASAR AWAM SEBERANG JAYA,Runcit,26,Buah-Buahan,02,034,TEMBIKAI MERAH TANPA BIJI,F.A.Q,Kilogram,4,4.321429,
30722810,2026-07-11,2026-07-11 08:04:34.746038,PULAU PINANG,SEBERANG PERAI TENGAH,PASAR AWAM SEBERANG JAYA,Runcit,26,Sayur-Sayuran,05,001,BAWANG BESAR KUNING / HOLLAND,F.A.Q,Kilogram,5,4.090909,
30722811,2026-07-11,2026-07-11 08:04:34.746038,PULAU PINANG,SEBERANG PERAI TENGAH,PASAR AWAM SEBERANG JAYA,Runcit,26,Sayur-Sayuran,05,001,BAWANG BESAR KUNING / HOLLAND,F.A.Q,Kilogram,3,4.090909,
30722812,2026-07-11,2026-07-11 08:04:34.746038,PULAU PINANG,SEBERANG PERAI TENGAH,PASAR AWAM SEBERANG JAYA,Runcit,26,Sayur-Sayuran,05,001,BAWANG BESAR MERAH (INDIA),F.A.Q,Kilogram,3,3.6666667,
30722813,2026-07-11,2026-07-11 08:04:34.746038,PULAU PINANG,SEBERANG PERAI TENGAH,PASAR AWAM SEBERANG JAYA,Runcit,26,Sayur-Sayuran,05,001,BAWANG BESAR MERAH (PAKISTAN),F.A.Q,Kilogram,2.5,2.5,
30722814,2026-07-11,2026-07-11 08:04:34.746038,PULAU PINANG,SEBERANG PERAI TENGAH,PASAR AWAM SEBERANG JAYA,Runcit,26,Sayur-Sayuran,05,001,BAWANG MERAH / KECIL (INDIA),F.A.Q,Kilogram,5,5,
30722815,2026-07-11,2026-07-11 08:04:34.746038,PULAU PINANG,SEBERANG PERAI TENGAH,PASAR AWAM SEBERANG JAYA,Runcit,26,Sayur-Sayuran,05,001,BAWANG MERAH / KECIL (THAI),F.A.Q,Kilogram,15,11.75,
30722816,2026-07-11,2026-07-11 08:04:34.746038,PULAU PINANG,SEBERANG PERAI TENGAH,PASAR AWAM SEBERANG JAYA,Runcit,26,Sayur-Sayuran,05,001,BAWANG MERAH / KECIL (THAI),F.A.Q,Kilogram,12,11.75,
30722817,2026-07-11,2026-07-11 08:04:34.746038,PULAU PINANG,SEBERANG PERAI TENGAH,PASAR AWAM SEBERANG JAYA,Runcit,26,Sayur-Sayuran,05,001,BAWANG MERAH ROSE,F.A.Q,Kilogram,6,6,
30722818,2026-07-11,2026-07-11 08:04:34.746038,PULAU PINANG,SEBERANG PERAI TENGAH,PASAR AWAM SEBERANG JAYA,Runcit,26,Sayur-Sayuran,05,001,BAWANG PUTIH (CHINA),F.A.Q,Kilogram,10,9,
30722819,2026-07-11,2026-07-11 08:04:34.746038,PULAU PINANG,SEBERANG PERAI TENGAH,PASAR AWAM SEBERANG JAYA,Runcit,26,Sayur-Sayuran,05,001,BAWANG PUTIH (CHINA),F.A.Q,Kilogram,8,9,
30722820,2026-07-11,2026-07-11 08:04:34.746038,PULAU PINANG,SEBERANG PERAI TENGAH,PASAR AWAM SEBERANG JAYA,Runcit,26,Sayur-Sayuran,05,009,UBI KENTANG HOLLAND,F.A.Q,Kilogram,3.5,3.5,
30722821,2026-07-11,2026-07-11 08:04:43.42005,PULAU PINANG,SEBERANG PERAI TENGAH,PASAR AWAM SEBERANG JAYA,Runcit,26,Tanaman Kontan,05,001,KELAPA DIKUPAS,SEDANG,Biji,2.5,2.33,
30722822,2026-07-11,2026-07-11 08:04:50.993256,PULAU PINANG,SEBERANG PERAI TENGAH,PASAR AWAM SEBERANG JAYA,Runcit,26,Lain-Lain Makanan Proses,15,001,SANTAN PEKAT,F.A.Q,Kilogram,15,15,
30722823,2026-07-11,2026-07-11 08:05:23.572019,SELANGOR,PETALING,"KOMPLEKS PASAR BORONG SELANGOR, SERI KEMBANGAN",Runcit,26,Buah-Buahan,02,005,BETIK SEKAKI,F.A.Q,Kilogram,5,4.98,
30722824,2026-07-11,2026-07-11 08:05:23.572019,SELANGOR,PETALING,"KOMPLEKS PASAR BORONG SELANGOR, SERI KEMBANGAN",Runcit,26,Buah-Buahan,02,023,NANAS JOSAPINE (AC5),F.A.Q,Kilogram,3.5,4.52,
30722825,2026-07-11,2026-07-11 08:05:23.572019,SELANGOR,PETALING,"KOMPLEKS PASAR BORONG SELANGOR, SERI KEMBANGAN",Runcit,26,Buah-Buahan,02,028,PISANG BERANGAN,F.A.Q,Kilogram,5,5.88,
30722826,2026-07-11,2026-07-11 08:05:23.572019,SELANGOR,PETALING,"KOMPLEKS PASAR BORONG SELANGOR, SERI KEMBANGAN",Runcit,26,Buah-Buahan,02,028,PISANG MAS,F.A.Q,Kilogram,5,5.43,
30722827,2026-07-11,2026-07-11 08:05:23.572019,SELANGOR,PETALING,"KOMPLEKS PASAR BORONG SELANGOR, SERI KEMBANGAN",Runcit,26,Buah-Buahan,02,034,TEMBIKAI MERAH TANPA BIJI,F.A.Q,Kilogram,3.5,3.49,
30722828,2026-07-11,2026-07-11 08:05:39.58529,PULAU PINANG,SEBERANG PERAI TENGAH,PASAR AWAM SEBERANG JAYA,Runcit,26,Buah-Buahan,02,005,BETIK SEKAKI,F.A.Q,Kilogram,7,6.25,
30722829,2026-07-11,2026-07-11 08:05:39.58529,PULAU PINANG,SEBERANG PERAI TENGAH,PASAR AWAM SEBERANG JAYA,Runcit,26,Buah-Buahan,02,005,BETIK SEKAKI,F.A.Q,Kilogram,5,6.25,
30722830,2026-07-11,2026-07-11 08:05:39.58529,PULAU PINANG,SEBERANG PERAI TENGAH,PASAR AWAM SEBERANG JAYA,Runcit,26,Buah-Buahan,02,023,NANAS JOSAPINE (AC5),F.A.Q,Kilogram,5,5,
30722831,2026-07-11,2026-07-11 08:05:39.58529,PULAU PINANG,SEBERANG PERAI TENGAH,PASAR AWAM SEBERANG JAYA,Runcit,26,Buah-Buahan,02,023,NANAS JOSAPINE (AC5),F.A.Q,Kilogram,4,5,
30722832,2026-07-11,2026-07-11 08:05:39.58529,PULAU PINANG,SEBERANG PERAI TENGAH,PASAR AWAM SEBERANG JAYA,Runcit,26,Buah-Buahan,02,028,PISANG BERANGAN,F.A.Q,Kilogram,7,7.1,
30722833,2026-07-11,2026-07-11 08:05:39.58529,PULAU PINANG,SEBERANG PERAI TENGAH,PASAR AWAM SEBERANG JAYA,Runcit,26,Buah-Buahan,02,028,PISANG MAS,F.A.Q,Kilogram,7,7.1,
30722834,2026-07-11,2026-07-11 08:05:39.58529,PULAU PINANG,SEBERANG PERAI TENGAH,PASAR AWAM SEBERANG JAYA,Runcit,26,Buah-Buahan,02,034,TEMBIKAI MERAH TANPA BIJI,F.A.Q,Kilogram,4,4.321429,
30722835,2026-07-11,2026-07-11 08:05:39.58529,PULAU PINANG,SEBERANG PERAI TENGAH,PASAR AWAM SEBERANG JAYA,Runcit,26,Buah-Buahan,02,034,TEMBIKAI MERAH TANPA BIJI,F.A.Q,Kilogram,3.5,4.321429,
30722836,2026-07-11,2026-07-11 08:06:32.664977,SELANGOR,PETALING,"KOMPLEKS PASAR BORONG SELANGOR, SERI KEMBANGAN",Borong,20,Buah-Buahan,02,005,BETIK SEKAKI,F.A.Q,Kilogram,4,3.33,
30722837,2026-07-11,2026-07-11 08:06:32.664977,SELANGOR,PETALING,"KOMPLEKS PASAR BORONG SELANGOR, SERI KEMBANGAN",Borong,20,Buah-Buahan,02,023,NANAS JOSAPINE (AC5),F.A.Q,Kilogram,2.5,3.19,
30722838,2026-07-11,2026-07-11 08:06:32.664977,SELANGOR,PETALING,"KOMPLEKS PASAR BORONG SELANGOR, SERI KEMBANGAN",Borong,20,Buah-Buahan,02,028,PISANG BERANGAN,F.A.Q,Kilogram,4,3.99,
30722839,2026-07-11,2026-07-11 08:06:32.664977,SELANGOR,PETALING,"KOMPLEKS PASAR BORONG SELANGOR, SERI KEMBANGAN",Borong,20,Buah-Buahan,02,028,PISANG MAS,F.A.Q,Kilogram,4,3.81,
30722840,2026-07-11,2026-07-11 08:06:32.664977,SELANGOR,PETALING,"KOMPLEKS PASAR BORONG SELANGOR, SERI KEMBANGAN",Borong,20,Buah-Buahan,02,034,TEMBIKAI MERAH TANPA BIJI,F.A.Q,Kilogram,2.5,2.23,
30722841,2026-07-11,2026-07-11 08:07:26.752551,SELANGOR,PETALING,"KOMPLEKS PASAR BORONG SELANGOR, SERI KEMBANGAN",Runcit,26,Buah-Buahan,02,005,BETIK SEKAKI,F.A.Q,Kilogram,5,4.98,
30722842,2026-07-11,2026-07-11 08:07:26.752551,SELANGOR,PETALING,"KOMPLEKS PASAR BORONG SELANGOR, SERI KEMBANGAN",Runcit,26,Buah-Buahan,02,023,NANAS JOSAPINE (AC5),F.A.Q,Kilogram,3.5,4.52,
30722843,2026-07-11,2026-07-11 08:07:26.752551,SELANGOR,PETALING,"KOMPLEKS PASAR BORONG SELANGOR, SERI KEMBANGAN",Runcit,26,Buah-Buahan,02,028,PISANG BERANGAN,F.A.Q,Kilogram,5,5.88,
30722844,2026-07-11,2026-07-11 08:07:26.752551,SELANGOR,PETALING,"KOMPLEKS PASAR BORONG SELANGOR, SERI KEMBANGAN",Runcit,26,Buah-Buahan,02,028,PISANG MAS,F.A.Q,Kilogram,5,5.43,
30722845,2026-07-11,2026-07-11 08:07:26.752551,SELANGOR,PETALING,"KOMPLEKS PASAR BORONG SELANGOR, SERI KEMBANGAN",Runcit,26,Buah-Buahan,02,034,TEMBIKAI MERAH TANPA BIJI,F.A.Q,Kilogram,3.5,3.49,
30722846,2026-07-11,2026-07-11 08:08:05.648989,JOHOR,JOHOR BAHRU,[PUSAT KUTIPAN HARGA BORONG] SKUDAI,Borong,20,Sayur-Sayuran,03,001,BAYAM,F.A.Q,Kilogram,4,3.7857144,
30722847,2026-07-11,2026-07-11 08:08:05.648989,JOHOR,JOHOR BAHRU,[PUSAT KUTIPAN HARGA BORONG] SKUDAI,Borong,20,Sayur-Sayuran,02,002,CILI HIJAU,F.A.Q,Kilogram,9,9,
30722848,2026-07-11,2026-07-11 08:08:05.648989,JOHOR,JOHOR BAHRU,[PUSAT KUTIPAN HARGA BORONG] SKUDAI,Borong,20,Sayur-Sayuran,02,002,CILI MERAH KULAI / KULAI HIBRID,F.A.Q,Kilogram,13,13,
30722849,2026-07-11,2026-07-11 08:08:05.648989,JOHOR,JOHOR BAHRU,[PUSAT KUTIPAN HARGA BORONG] SKUDAI,Borong,20,Sayur-Sayuran,03,009,DAUN BAWANG,F.A.Q,Kilogram,5,5,
30722850,2026-07-11,2026-07-11 08:08:05.648989,JOHOR,JOHOR BAHRU,[PUSAT KUTIPAN HARGA BORONG] SKUDAI,Borong,20,Sayur-Sayuran,04,002,KACANG BENDI,F.A.Q,Kilogram,7,7,
30722851,2026-07-11,2026-07-11 08:08:05.648989,JOHOR,JOHOR BAHRU,[PUSAT KUTIPAN HARGA BORONG] SKUDAI,Borong,20,Sayur-Sayuran,04,003,KACANG BUNCIS,F.A.Q,Kilogram,9,7.5,
30722852,2026-07-11,2026-07-11 08:08:05.648989,JOHOR,JOHOR BAHRU,[PUSAT KUTIPAN HARGA BORONG] SKUDAI,Borong,20,Sayur-Sayuran,04,007,KACANG PANJANG HIJAU,F.A.Q,Kilogram,7,8,
30722853,2026-07-11,2026-07-11 08:08:05.648989,JOHOR,JOHOR BAHRU,[PUSAT KUTIPAN HARGA BORONG] SKUDAI,Borong,20,Sayur-Sayuran,03,019,KANGKUNG,F.A.Q,Kilogram,4,3.875,
30722854,2026-07-11,2026-07-11 08:08:05.648989,JOHOR,JOHOR BAHRU,[PUSAT KUTIPAN HARGA BORONG] SKUDAI,Borong,20,Sayur-Sayuran,03,006,KUBIS BULAT (CHINA),F.A.Q,Kilogram,2.5,2.5,
30722855,2026-07-11,2026-07-11 08:08:05.648989,JOHOR,JOHOR BAHRU,[PUSAT KUTIPAN HARGA BORONG] SKUDAI,Borong,20,Sayur-Sayuran,03,006,KUBIS BULAT (INDONESIA),F.A.Q,Kilogram,3.5,1.77,
30722856,2026-07-11,2026-07-11 08:08:05.648989,JOHOR,JOHOR BAHRU,[PUSAT KUTIPAN HARGA BORONG] SKUDAI,Borong,20,Sayur-Sayuran,03,006,KUBIS BULAT (TANAH TINGGI),F.A.Q,Kilogram,4.5,4.5,
30722857,2026-07-11,2026-07-11 08:08:05.648989,JOHOR,JOHOR BAHRU,[PUSAT KUTIPAN HARGA BORONG] SKUDAI,Borong,20,Sayur-Sayuran,03,007,SAWI HIJAU (TANAH RENDAH),F.A.Q,Kilogram,4,3.5714285,
30722858,2026-07-11,2026-07-11 08:08:05.648989,JOHOR,JOHOR BAHRU,[PUSAT KUTIPAN HARGA BORONG] SKUDAI,Borong,20,Sayur-Sayuran,03,007,SAWI HIJAU TANAH TINGGI,F.A.Q,Kilogram,5,5,
30722859,2026-07-11,2026-07-11 08:08:05.648989,JOHOR,JOHOR BAHRU,[PUSAT KUTIPAN HARGA BORONG] SKUDAI,Borong,20,Sayur-Sayuran,02,010,TERUNG PANJANG / PEPARU (TANAH RENDAH),F.A.Q,Kilogram,5.8,5,
30722860,2026-07-11,2026-07-11 08:08:05.648989,JOHOR,JOHOR BAHRU,[PUSAT KUTIPAN HARGA BORONG] SKUDAI,Borong,20,Sayur-Sayuran,02,011,TIMUN HIJAU,F.A.Q,Kilogram,2.6,2.6,
30722861,2026-07-11,2026-07-11 08:08:05.648989,JOHOR,JOHOR BAHRU,[PUSAT KUTIPAN HARGA BORONG] SKUDAI,Borong,20,Sayur-Sayuran,02,012,TOMATO (TANAH TINGGI),F.A.Q,Kilogram,6,3.76,
30722862,2026-07-11,2026-07-11 08:08:14.58208,SELANGOR,PETALING,"KOMPLEKS PASAR BORONG SELANGOR, SERI KEMBANGAN",Borong,20,Buah-Buahan,02,005,BETIK SEKAKI,F.A.Q,Kilogram,4,3.33,
30722863,2026-07-11,2026-07-11 08:08:14.58208,SELANGOR,PETALING,"KOMPLEKS PASAR BORONG SELANGOR, SERI KEMBANGAN",Borong,20,Buah-Buahan,02,023,NANAS JOSAPINE (AC5),F.A.Q,Kilogram,2.5,3.19,
30722864,2026-07-11,2026-07-11 08:08:14.58208,SELANGOR,PETALING,"KOMPLEKS PASAR BORONG SELANGOR, SERI KEMBANGAN",Borong,20,Buah-Buahan,02,028,PISANG BERANGAN,F.A.Q,Kilogram,4,3.99,
30722865,2026-07-11,2026-07-11 08:08:14.58208,SELANGOR,PETALING,"KOMPLEKS PASAR BORONG SELANGOR, SERI KEMBANGAN",Borong,20,Buah-Buahan,02,028,PISANG MAS,F.A.Q,Kilogram,4,3.81,
30722866,2026-07-11,2026-07-11 08:08:14.58208,SELANGOR,PETALING,"KOMPLEKS PASAR BORONG SELANGOR, SERI KEMBANGAN",Borong,20,Buah-Buahan,02,034,TEMBIKAI MERAH TANPA BIJI,F.A.Q,Kilogram,2.5,2.23,
30722867,2026-07-11,2026-07-11 08:08:29.892587,SELANGOR,PETALING,"KOMPLEKS PASAR BORONG SELANGOR, SERI KEMBANGAN",Runcit,26,Ternakan,03,002,AYAM PROSES STANDARD,F.A.Q,Kilogram,10.5,10.09,
30722868,2026-07-11,2026-07-11 08:08:42.752814,SELANGOR,PETALING,"KOMPLEKS PASAR BORONG SELANGOR, SERI KEMBANGAN",Borong,20,Ternakan,03,002,AYAM PROSES STANDARD,F.A.Q,Kilogram,9,8.42,
30722869,2026-07-11,2026-07-11 08:09:11.116586,SELANGOR,PETALING,"KOMPLEKS PASAR BORONG SELANGOR, SERI KEMBANGAN",Runcit,26,Ternakan,11,001,TELUR AYAM,A,Biji,0.44,0.47,
30722870,2026-07-11,2026-07-11 08:09:11.116586,SELANGOR,PETALING,"KOMPLEKS PASAR BORONG SELANGOR, SERI KEMBANGAN",Runcit,26,Ternakan,11,001,TELUR AYAM,B,Biji,0.42,0.45,
30722871,2026-07-11,2026-07-11 08:09:11.116586,SELANGOR,PETALING,"KOMPLEKS PASAR BORONG SELANGOR, SERI KEMBANGAN",Runcit,26,Ternakan,11,001,TELUR AYAM,C,Biji,0.4,0.43,
30722872,2026-07-11,2026-07-11 08:09:40.001271,SELANGOR,PETALING,"KOMPLEKS PASAR BORONG SELANGOR, SERI KEMBANGAN",Borong,20,Ternakan,11,001,TELUR AYAM,A,Biji,0.42,0.45,
30722873,2026-07-11,2026-07-11 08:09:40.001271,SELANGOR,PETALING,"KOMPLEKS PASAR BORONG SELANGOR, SERI KEMBANGAN",Borong,20,Ternakan,11,001,TELUR AYAM,B,Biji,0.4,0.43,
30722874,2026-07-11,2026-07-11 08:09:40.001271,SELANGOR,PETALING,"KOMPLEKS PASAR BORONG SELANGOR, SERI KEMBANGAN",Borong,20,Ternakan,11,001,TELUR AYAM,C,Biji,0.38,0.41,
30722875,2026-07-11,2026-07-11 08:10:48.103661,SELANGOR,PETALING,"KOMPLEKS PASAR BORONG SELANGOR, SERI KEMBANGAN",Runcit,26,Tanaman Kontan,05,001,KELAPA DIKUPAS,SEDANG,Biji,3,3.43,
30722876,2026-07-11,2026-07-11 08:10:48.103661,SELANGOR,PETALING,"KOMPLEKS PASAR BORONG SELANGOR, SERI KEMBANGAN",Runcit,26,Lain-Lain Makanan Proses,15,001,SANTAN PEKAT,F.A.Q,Kilogram,12,15.22,
30722877,2026-07-11,2026-07-11 08:10:49.943901,JOHOR,JOHOR BAHRU,PASAR AWAM LARKIN,Runcit,26,Ternakan,11,001,TELUR AYAM,A,Biji,0.46,0.46,
30722878,2026-07-11,2026-07-11 08:10:49.943901,JOHOR,JOHOR BAHRU,PASAR AWAM LARKIN,Runcit,26,Ternakan,11,001,TELUR AYAM,B,Biji,0.45,0.45,
30722879,2026-07-11,2026-07-11 08:10:49.943901,JOHOR,JOHOR BAHRU,PASAR AWAM LARKIN,Runcit,26,Ternakan,11,001,TELUR AYAM,C,Biji,0.43,0.43,
30722880,2026-07-11,2026-07-11 08:11:45.658214,SELANGOR,PETALING,"KOMPLEKS PASAR BORONG SELANGOR, SERI KEMBANGAN",Runcit,26,Tanaman Kontan,05,001,KELAPA PARUT,F.A.Q,Kilogram,12,11,
30722881,2026-07-11,2026-07-11 08:11:45.658214,SELANGOR,PETALING,"KOMPLEKS PASAR BORONG SELANGOR, SERI KEMBANGAN",Runcit,26,Lain-Lain Makanan Proses,15,001,SANTAN BIASA,F.A.Q,Kilogram,4,4,
30722882,2026-07-11,2026-07-11 08:11:58.947494,SELANGOR,PETALING,"KOMPLEKS PASAR BORONG SELANGOR, SERI KEMBANGAN",Borong,20,Tanaman Kontan,05,001,KELAPA DIKUPAS,SEDANG,Biji,2.5,1.79,
30722883,2026-07-11,2026-07-11 08:13:11.928011,JOHOR,JOHOR BAHRU,PASAR AWAM LARKIN,Runcit,26,Buah-Buahan,02,005,BETIK SEKAKI,F.A.Q,Kilogram,6.5,4.98,
30722884,2026-07-11,2026-07-11 08:13:11.928011,JOHOR,JOHOR BAHRU,PASAR AWAM LARKIN,Runcit,26,Buah-Buahan,02,005,BETIK SEKAKI,F.A.Q,Kilogram,6.5,4.98,
30722885,2026-07-11,2026-07-11 08:13:11.928011,JOHOR,JOHOR BAHRU,PASAR AWAM LARKIN,Runcit,26,Buah-Buahan,02,023,NANAS JOSAPINE (AC5),F.A.Q,Kilogram,6.5,6.5,
30722886,2026-07-11,2026-07-11 08:13:11.928011,JOHOR,JOHOR BAHRU,PASAR AWAM LARKIN,Runcit,26,Buah-Buahan,02,023,NANAS JOSAPINE (AC5),F.A.Q,Kilogram,6.5,6.5,
30722887,2026-07-11,2026-07-11 08:13:11.928011,JOHOR,JOHOR BAHRU,PASAR AWAM LARKIN,Runcit,26,Buah-Buahan,02,028,PISANG BERANGAN,F.A.Q,Kilogram,7,5.88,
30722888,2026-07-11,2026-07-11 08:13:11.928011,JOHOR,JOHOR BAHRU,PASAR AWAM LARKIN,Runcit,26,Buah-Buahan,02,028,PISANG BERANGAN,F.A.Q,Kilogram,7,5.88,
30722889,2026-07-11,2026-07-11 08:13:11.928011,JOHOR,JOHOR BAHRU,PASAR AWAM LARKIN,Runcit,26,Buah-Buahan,02,028,PISANG MAS,F.A.Q,Kilogram,7,5.43,
30722890,2026-07-11,2026-07-11 08:13:11.928011,JOHOR,JOHOR BAHRU,PASAR AWAM LARKIN,Runcit,26,Buah-Buahan,02,028,PISANG MAS,F.A.Q,Kilogram,7,5.43,
30722891,2026-07-11,2026-07-11 08:13:11.928011,JOHOR,JOHOR BAHRU,PASAR AWAM LARKIN,Runcit,26,Buah-Buahan,02,034,TEMBIKAI MERAH TANPA BIJI,F.A.Q,Kilogram,3,3,
30722892,2026-07-11,2026-07-11 08:13:11.928011,JOHOR,JOHOR BAHRU,PASAR AWAM LARKIN,Runcit,26,Buah-Buahan,02,034,TEMBIKAI MERAH TANPA BIJI,F.A.Q,Kilogram,3,3,
30722893,2026-07-11,2026-07-11 08:13:19.120533,SELANGOR,PETALING,"KOMPLEKS PASAR BORONG SELANGOR, SERI KEMBANGAN",Runcit,26,Tanaman Kontan,05,001,KELAPA DIKUPAS,SEDANG,Biji,3,2.33,
30722894,2026-07-11,2026-07-11 08:13:19.120533,SELANGOR,PETALING,"KOMPLEKS PASAR BORONG SELANGOR, SERI KEMBANGAN",Runcit,26,Lain-Lain Makanan Proses,15,001,SANTAN PEKAT,F.A.Q,Kilogram,12,11.7,
30722895,2026-07-11,2026-07-11 08:14:06.712576,JOHOR,JOHOR BAHRU,PASAR AWAM LARKIN,Runcit,26,Sayur-Sayuran,05,001,BAWANG BESAR KUNING / HOLLAND,F.A.Q,Kilogram,7,7,
30722896,2026-07-11,2026-07-11 08:14:06.712576,JOHOR,JOHOR BAHRU,PASAR AWAM LARKIN,Runcit,26,Sayur-Sayuran,05,001,BAWANG BESAR MERAH (INDIA),F.A.Q,Kilogram,6,6,
30722897,2026-07-11,2026-07-11 08:14:06.712576,JOHOR,JOHOR BAHRU,PASAR AWAM LARKIN,Runcit,26,Sayur-Sayuran,05,001,BAWANG MERAH / KECIL (THAI),F.A.Q,Kilogram,18,18,
30722898,2026-07-11,2026-07-11 08:14:06.712576,JOHOR,JOHOR BAHRU,PASAR AWAM LARKIN,Runcit,26,Sayur-Sayuran,05,001,BAWANG MERAH ROSE,F.A.Q,Kilogram,14,14,
30722899,2026-07-11,2026-07-11 08:14:06.712576,JOHOR,JOHOR BAHRU,PASAR AWAM LARKIN,Runcit,26,Sayur-Sayuran,05,001,BAWANG PUTIH (CHINA),F.A.Q,Kilogram,15,15,
30722900,2026-07-11,2026-07-11 08:14:06.712576,JOHOR,JOHOR BAHRU,PASAR AWAM LARKIN,Runcit,26,Sayur-Sayuran,05,009,UBI KENTANG HOLLAND,F.A.Q,Kilogram,5,5,
30722901,2026-07-11,2026-07-11 08:14:19.688067,SELANGOR,PETALING,"KOMPLEKS PASAR BORONG SELANGOR, SERI KEMBANGAN",Runcit,26,Tanaman Kontan,05,001,KELAPA PARUT,F.A.Q,Kilogram,10,11,
30722902,2026-07-11,2026-07-11 08:14:19.688067,SELANGOR,PETALING,"KOMPLEKS PASAR BORONG SELANGOR, SERI KEMBANGAN",Runcit,26,Lain-Lain Makanan Proses,15,001,SANTAN BIASA,F.A.Q,Kilogram,4,4,
30722903,2026-07-11,2026-07-11 08:14:40.939131,JOHOR,JOHOR BAHRU,PASAR AWAM LARKIN,Runcit,26,Ternakan,03,002,AYAM PROSES STANDARD,F.A.Q,Kilogram,10,10.142858,
30722904,2026-07-11,2026-07-11 08:14:40.939131,JOHOR,JOHOR BAHRU,PASAR AWAM LARKIN,Runcit,26,Ternakan,03,002,AYAM PROSES STANDARD,F.A.Q,Kilogram,11,10.142858,
30722905,2026-07-11,2026-07-11 08:14:40.939131,JOHOR,JOHOR BAHRU,PASAR AWAM LARKIN,Runcit,26,Ternakan,03,002,AYAM PROSES STANDARD,F.A.Q,Kilogram,10,10.142858,
30722906,2026-07-11,2026-07-11 08:14:59.179484,SELANGOR,PETALING,"KOMPLEKS PASAR BORONG SELANGOR, SERI KEMBANGAN",Runcit,26,Ternakan,02,003,DAGING LEMBU PEJAL,F.A.Q,Kilogram,39,35.01,
30722907,2026-07-11,2026-07-11 08:15:06.851484,JOHOR,JOHOR BAHRU,PASAR AWAM LARKIN,Runcit,26,Ternakan,01,003,AYAM HIDUP,F.A.Q,Kilogram,6.5,6.5,
30722908,2026-07-11,2026-07-11 08:15:37.141525,SELANGOR,PETALING,"KOMPLEKS PASAR BORONG SELANGOR, SERI KEMBANGAN",Runcit,26,Ternakan,03,002,AYAM PROSES STANDARD,F.A.Q,Kilogram,10.5,10.09,
30722909,2026-07-11,2026-07-11 08:15:44.478937,JOHOR,JOHOR BAHRU,PASAR AWAM LARKIN,Runcit,26,Tanaman Kontan,05,001,KELAPA DIKUPAS,SEDANG,Biji,4,3.43,
30722910,2026-07-11,2026-07-11 08:15:44.478937,JOHOR,JOHOR BAHRU,PASAR AWAM LARKIN,Runcit,26,Tanaman Kontan,05,001,KELAPA DIKUPAS,SEDANG,Biji,4,3.43,
30722911,2026-07-11,2026-07-11 08:15:48.067536,SELANGOR,PETALING,"KOMPLEKS PASAR BORONG SELANGOR, SERI KEMBANGAN",Borong,20,Ternakan,03,002,AYAM PROSES STANDARD,F.A.Q,Kilogram,9,8.75,
30722912,2026-07-11,2026-07-11 08:15:55.027473,JOHOR,JOHOR BAHRU,PASAR AWAM LARKIN,Runcit,26,Lain-Lain Makanan Proses,15,001,SANTAN PEKAT,F.A.Q,Kilogram,16,16,
30722913,2026-07-11,2026-07-11 08:15:55.027473,JOHOR,JOHOR BAHRU,PASAR AWAM LARKIN,Runcit,26,Lain-Lain Makanan Proses,15,001,SANTAN PEKAT,F.A.Q,Kilogram,16,16,
30722914,2026-07-11,2026-07-11 08:16:13.146583,JOHOR,JOHOR BAHRU,PASAR AWAM LARKIN,Runcit,26,Ternakan,02,003,DAGING LEMBU PEJAL,F.A.Q,Kilogram,46,46,
30722915,2026-07-11,2026-07-11 08:17:31.045593,SARAWAK,KUCHING,MEDAN NIAGA SATOK,Runcit,26,Sayur-Sayuran,05,001,BAWANG BESAR KUNING / HOLLAND,F.A.Q,Kilogram,4,4,
30722916,2026-07-11,2026-07-11 08:17:31.045593,SARAWAK,KUCHING,MEDAN NIAGA SATOK,Runcit,26,Sayur-Sayuran,05,001,BAWANG BESAR MERAH (CHINA),F.A.Q,Kilogram,4,4,
30722917,2026-07-11,2026-07-11 08:17:31.045593,SARAWAK,KUCHING,MEDAN NIAGA SATOK,Runcit,26,Sayur-Sayuran,05,001,BAWANG BESAR MERAH (INDIA),F.A.Q,Kilogram,4.5,4.1363635,
30722918,2026-07-11,2026-07-11 08:17:31.045593,SARAWAK,KUCHING,MEDAN NIAGA SATOK,Runcit,26,Sayur-Sayuran,05,001,BAWANG MERAH / KECIL (INDIA),F.A.Q,Kilogram,5,5,
30722919,2026-07-11,2026-07-11 08:17:31.045593,SARAWAK,KUCHING,MEDAN NIAGA SATOK,Runcit,26,Sayur-Sayuran,05,001,BAWANG MERAH ROSE,F.A.Q,Kilogram,5,5,
30722920,2026-07-11,2026-07-11 08:17:31.045593,SARAWAK,KUCHING,MEDAN NIAGA SATOK,Runcit,26,Sayur-Sayuran,05,001,BAWANG PUTIH (CHINA),F.A.Q,Kilogram,8,8,
30722921,2026-07-11,2026-07-11 08:17:40.312193,SELANGOR,PETALING,"KOMPLEKS PASAR BORONG SELANGOR, SERI KEMBANGAN",Runcit,26,Sayur-Sayuran,05,001,BAWANG BESAR KUNING / HOLLAND,F.A.Q,Kilogram,4,5.07,
30722922,2026-07-11,2026-07-11 08:17:40.312193,SELANGOR,PETALING,"KOMPLEKS PASAR BORONG SELANGOR, SERI KEMBANGAN",Runcit,26,Sayur-Sayuran,05,001,BAWANG BESAR MERAH (INDIA),F.A.Q,Kilogram,4,4.44,
30722923,2026-07-11,2026-07-11 08:17:40.312193,SELANGOR,PETALING,"KOMPLEKS PASAR BORONG SELANGOR, SERI KEMBANGAN",Runcit,26,Sayur-Sayuran,05,001,BAWANG MERAH / KECIL (INDIA),F.A.Q,Kilogram,4,7.04,
30722924,2026-07-11,2026-07-11 08:17:40.312193,SELANGOR,PETALING,"KOMPLEKS PASAR BORONG SELANGOR, SERI KEMBANGAN",Runcit,26,Sayur-Sayuran,05,001,BAWANG MERAH / KECIL (THAI),F.A.Q,Kilogram,10,13.54,
30722925,2026-07-11,2026-07-11 08:17:40.312193,SELANGOR,PETALING,"KOMPLEKS PASAR BORONG SELANGOR, SERI KEMBANGAN",Runcit,26,Sayur-Sayuran,05,001,BAWANG MERAH ROSE,F.A.Q,Kilogram,7,12.98,
30722926,2026-07-11,2026-07-11 08:17:40.312193,SELANGOR,PETALING,"KOMPLEKS PASAR BORONG SELANGOR, SERI KEMBANGAN",Runcit,26,Sayur-Sayuran,05,001,BAWANG PUTIH (CHINA),F.A.Q,Kilogram,8,8.52,
30722927,2026-07-11,2026-07-11 08:17:40.312193,SELANGOR,PETALING,"KOMPLEKS PASAR BORONG SELANGOR, SERI KEMBANGAN",Runcit,26,Sayur-Sayuran,05,009,UBI KENTANG (IMPORT),F.A.Q,Kilogram,3,25,
30722928,2026-07-11,2026-07-11 08:17:40.312193,SELANGOR,PETALING,"KOMPLEKS PASAR BORONG SELANGOR, SERI KEMBANGAN",Runcit,26,Sayur-Sayuran,05,009,UBI KENTANG HOLLAND,F.A.Q,Kilogram,4,4.09,
30722929,2026-07-11,2026-07-11 08:19:47.880776,SELANGOR,PETALING,"KOMPLEKS PASAR BORONG SELANGOR, SERI KEMBANGAN",Borong,20,Sayur-Sayuran,05,001,BAWANG BESAR KUNING / HOLLAND,F.A.Q,Kilogram,2.5,3.5,
30722930,2026-07-11,2026-07-11 08:19:47.880776,SELANGOR,PETALING,"KOMPLEKS PASAR BORONG SELANGOR, SERI KEMBANGAN",Borong,20,Sayur-Sayuran,05,001,BAWANG BESAR MERAH (INDIA),F.A.Q,Kilogram,1.7,2.73,
30722931,2026-07-11,2026-07-11 08:19:47.880776,SELANGOR,PETALING,"KOMPLEKS PASAR BORONG SELANGOR, SERI KEMBANGAN",Borong,20,Sayur-Sayuran,05,001,BAWANG MERAH / KECIL (INDIA),F.A.Q,Kilogram,1.7,4.61,
30722932,2026-07-11,2026-07-11 08:19:47.880776,SELANGOR,PETALING,"KOMPLEKS PASAR BORONG SELANGOR, SERI KEMBANGAN",Borong,20,Sayur-Sayuran,05,001,BAWANG MERAH / KECIL (THAI),F.A.Q,Kilogram,5.3,9.62,
30722933,2026-07-11,2026-07-11 08:19:47.880776,SELANGOR,PETALING,"KOMPLEKS PASAR BORONG SELANGOR, SERI KEMBANGAN",Borong,20,Sayur-Sayuran,05,001,BAWANG MERAH ROSE,F.A.Q,Kilogram,2.4,9.14,
30722934,2026-07-11,2026-07-11 08:19:47.880776,SELANGOR,PETALING,"KOMPLEKS PASAR BORONG SELANGOR, SERI KEMBANGAN",Borong,20,Sayur-Sayuran,05,001,BAWANG PUTIH (CHINA),F.A.Q,Kilogram,5.7,5.98,
30722935,2026-07-11,2026-07-11 08:19:47.880776,SELANGOR,PETALING,"KOMPLEKS PASAR BORONG SELANGOR, SERI KEMBANGAN",Borong,20,Sayur-Sayuran,05,009,UBI KENTANG (IMPORT),F.A.Q,Kilogram,2,1.5,
30722936,2026-07-11,2026-07-11 08:19:47.880776,SELANGOR,PETALING,"KOMPLEKS PASAR BORONG SELANGOR, SERI KEMBANGAN",Borong,20,Sayur-Sayuran,05,009,UBI KENTANG HOLLAND,F.A.Q,Kilogram,2.3,2.62,
30722937,2026-07-11,2026-07-11 08:19:54.890131,SARAWAK,KUCHING,MEDAN NIAGA SATOK,Runcit,26,Sayur-Sayuran,03,001,BAYAM,F.A.Q,Kilogram,8,7.818182,
30722938,2026-07-11,2026-07-11 08:19:54.890131,SARAWAK,KUCHING,MEDAN NIAGA SATOK,Runcit,26,Sayur-Sayuran,02,002,CILI HIJAU,F.A.Q,Kilogram,17,18.333334,
30722939,2026-07-11,2026-07-11 08:19:54.890131,SARAWAK,KUCHING,MEDAN NIAGA SATOK,Runcit,26,Sayur-Sayuran,02,002,CILI MERAH KULAI / KULAI HIBRID,F.A.Q,Kilogram,18,19.363636,
30722940,2026-07-11,2026-07-11 08:19:54.890131,SARAWAK,KUCHING,MEDAN NIAGA SATOK,Runcit,26,Sayur-Sayuran,02,002,CILI MERAH MINYAK,F.A.Q,Kilogram,18,19.363636,
30722941,2026-07-11,2026-07-11 08:19:54.890131,SARAWAK,KUCHING,MEDAN NIAGA SATOK,Runcit,26,Sayur-Sayuran,02,012,TOMATO (TANAH TINGGI),F.A.Q,Kilogram,14,13.636364,
30722942,2026-07-11,2026-07-11 08:19:54.890131,SARAWAK,KUCHING,MEDAN NIAGA SATOK,Runcit,26,Sayur-Sayuran,02,012,TOMATO IMPORT,F.A.Q,Kilogram,14,13.666667,
30722943,2026-07-11,2026-07-11 08:19:54.890131,SARAWAK,KUCHING,MEDAN NIAGA SATOK,Runcit,26,Sayur-Sayuran,05,009,UBI KENTANG HOLLAND,F.A.Q,Kilogram,3,3,
30722944,2026-07-11,2026-07-11 08:20:55.262322,JOHOR,MERSING,,Ladang,,Sayur-Sayuran,04,002,KACANG BENDI,F.A.Q,Kilogram,4,4,
30722945,2026-07-11,2026-07-11 08:20:55.262322,JOHOR,MERSING,,Ladang,,Sayur-Sayuran,04,007,KACANG PANJANG HIJAU,F.A.Q,Kilogram,5,4.8,
30722946,2026-07-11,2026-07-11 08:21:36.087513,JOHOR,MERSING,,Ladang,,Sayur-Sayuran,04,007,KACANG PANJANG HIJAU,F.A.Q,Kilogram,4.5,4.8,
30722947,2026-07-11,2026-07-11 08:22:33.769228,SARAWAK,KUCHING,MEDAN NIAGA SATOK,Runcit,26,Buah-Buahan,02,005,BETIK SEKAKI,F.A.Q,Kilogram,5,5,
30722948,2026-07-11,2026-07-11 08:22:33.769228,SARAWAK,KUCHING,MEDAN NIAGA SATOK,Runcit,26,Buah-Buahan,02,028,PISANG BERANGAN,F.A.Q,Kilogram,7,7,
30722949,2026-07-11,2026-07-11 08:22:33.769228,SARAWAK,KUCHING,MEDAN NIAGA SATOK,Runcit,26,Buah-Buahan,02,028,PISANG MAS,F.A.Q,Kilogram,4,4,
30722950,2026-07-11,2026-07-11 08:22:33.769228,SARAWAK,KUCHING,MEDAN NIAGA SATOK,Runcit,26,Buah-Buahan,02,034,TEMBIKAI MERAH TANPA BIJI,F.A.Q,Kilogram,3.9,3.9,
30722951,2026-07-11,2026-07-11 08:23:13.682559,SARAWAK,KUCHING,MEDAN NIAGA SATOK,Runcit,26,Tanaman Kontan,05,001,KELAPA DIKUPAS,SEDANG,Biji,2,2,
30722952,2026-07-11,2026-07-11 08:23:13.682559,SARAWAK,KUCHING,MEDAN NIAGA SATOK,Runcit,26,Lain-Lain Makanan Proses,15,001,SANTAN PEKAT,F.A.Q,Kilogram,12,12,
30722953,2026-07-11,2026-07-11 08:23:16.507867,JOHOR,MERSING,PASAR AWAM MERSING,Runcit,26,Ternakan,03,002,AYAM PROSES STANDARD,F.A.Q,Kilogram,10.9,10.9,
30722954,2026-07-11,2026-07-11 08:23:50.104993,JOHOR,JOHOR BAHRU,PASAR AWAM LARKIN,Runcit,26,Sayur-Sayuran,03,001,BAYAM,F.A.Q,Kilogram,7,6.25,
30722955,2026-07-11,2026-07-11 08:23:50.104993,JOHOR,JOHOR BAHRU,PASAR AWAM LARKIN,Runcit,26,Sayur-Sayuran,03,001,BAYAM,F.A.Q,Kilogram,7,6.25,
30722956,2026-07-11,2026-07-11 08:23:50.104993,JOHOR,JOHOR BAHRU,PASAR AWAM LARKIN,Runcit,26,Sayur-Sayuran,03,001,BAYAM,F.A.Q,Kilogram,7,6.25,
30722957,2026-07-11,2026-07-11 08:23:50.104993,JOHOR,JOHOR BAHRU,PASAR AWAM LARKIN,Runcit,26,Sayur-Sayuran,02,002,CILI HIJAU,F.A.Q,Kilogram,14,12.8,
30722958,2026-07-11,2026-07-11 08:23:50.104993,JOHOR,JOHOR BAHRU,PASAR AWAM LARKIN,Runcit,26,Sayur-Sayuran,02,002,CILI HIJAU,F.A.Q,Kilogram,13,12.8,
30722959,2026-07-11,2026-07-11 08:23:50.104993,JOHOR,JOHOR BAHRU,PASAR AWAM LARKIN,Runcit,26,Sayur-Sayuran,02,002,CILI HIJAU,F.A.Q,Kilogram,13,12.8,
30722960,2026-07-11,2026-07-11 08:23:50.104993,JOHOR,JOHOR BAHRU,PASAR AWAM LARKIN,Runcit,26,Sayur-Sayuran,02,002,CILI MERAH KULAI / KULAI HIBRID,F.A.Q,Kilogram,15,14,
30722961,2026-07-11,2026-07-11 08:23:50.104993,JOHOR,JOHOR BAHRU,PASAR AWAM LARKIN,Runcit,26,Sayur-Sayuran,02,002,CILI MERAH KULAI / KULAI HIBRID,F.A.Q,Kilogram,15,14,
30722962,2026-07-11,2026-07-11 08:23:50.104993,JOHOR,JOHOR BAHRU,PASAR AWAM LARKIN,Runcit,26,Sayur-Sayuran,02,002,CILI MERAH KULAI / KULAI HIBRID,F.A.Q,Kilogram,15,14,
30722963,2026-07-11,2026-07-11 08:23:50.104993,JOHOR,JOHOR BAHRU,PASAR AWAM LARKIN,Runcit,26,Sayur-Sayuran,03,009,DAUN BAWANG,F.A.Q,Kilogram,8,7.6,
30722964,2026-07-11,2026-07-11 08:23:50.104993,JOHOR,JOHOR BAHRU,PASAR AWAM LARKIN,Runcit,26,Sayur-Sayuran,03,009,DAUN BAWANG,F.A.Q,Kilogram,8,7.6,
30722965,2026-07-11,2026-07-11 08:23:50.104993,JOHOR,JOHOR BAHRU,PASAR AWAM LARKIN,Runcit,26,Sayur-Sayuran,03,009,DAUN BAWANG,F.A.Q,Kilogram,8,7.6,
30722966,2026-07-11,2026-07-11 08:23:50.104993,JOHOR,JOHOR BAHRU,PASAR AWAM LARKIN,Runcit,26,Sayur-Sayuran,03,015,DAUN SUP (TANAH TINGGI),F.A.Q,Kilogram,22,13.35,
30722967,2026-07-11,2026-07-11 08:23:50.104993,JOHOR,JOHOR BAHRU,PASAR AWAM LARKIN,Runcit,26,Sayur-Sayuran,03,015,DAUN SUP (TANAH TINGGI),F.A.Q,Kilogram,22,13.35,
30722968,2026-07-11,2026-07-11 08:23:50.104993,JOHOR,JOHOR BAHRU,PASAR AWAM LARKIN,Runcit,26,Sayur-Sayuran,03,015,DAUN SUP (TANAH TINGGI),F.A.Q,Kilogram,22,13.35,
30722969,2026-07-11,2026-07-11 08:23:50.104993,JOHOR,JOHOR BAHRU,PASAR AWAM LARKIN,Runcit,26,Sayur-Sayuran,04,002,KACANG BENDI,F.A.Q,Kilogram,8,8,
30722970,2026-07-11,2026-07-11 08:23:50.104993,JOHOR,JOHOR BAHRU,PASAR AWAM LARKIN,Runcit,26,Sayur-Sayuran,04,002,KACANG BENDI,F.A.Q,Kilogram,8,8,
30722971,2026-07-11,2026-07-11 08:23:50.104993,JOHOR,JOHOR BAHRU,PASAR AWAM LARKIN,Runcit,26,Sayur-Sayuran,04,002,KACANG BENDI,F.A.Q,Kilogram,8,8,
30722972,2026-07-11,2026-07-11 08:23:50.104993,JOHOR,JOHOR BAHRU,PASAR AWAM LARKIN,Runcit,26,Sayur-Sayuran,04,003,KACANG BUNCIS,F.A.Q,Kilogram,14,10.208333,
30722973,2026-07-11,2026-07-11 08:23:50.104993,JOHOR,JOHOR BAHRU,PASAR AWAM LARKIN,Runcit,26,Sayur-Sayuran,04,003,KACANG BUNCIS,F.A.Q,Kilogram,14,10.208333,
30722974,2026-07-11,2026-07-11 08:23:50.104993,JOHOR,JOHOR BAHRU,PASAR AWAM LARKIN,Runcit,26,Sayur-Sayuran,04,003,KACANG BUNCIS,F.A.Q,Kilogram,14,10.208333,
30722975,2026-07-11,2026-07-11 08:23:50.104993,JOHOR,JOHOR BAHRU,PASAR AWAM LARKIN,Runcit,26,Sayur-Sayuran,04,007,KACANG PANJANG HIJAU,F.A.Q,Kilogram,12,10,
30722976,2026-07-11,2026-07-11 08:23:50.104993,JOHOR,JOHOR BAHRU,PASAR AWAM LARKIN,Runcit,26,Sayur-Sayuran,04,007,KACANG PANJANG HIJAU,F.A.Q,Kilogram,12,10,
30722977,2026-07-11,2026-07-11 08:23:50.104993,JOHOR,JOHOR BAHRU,PASAR AWAM LARKIN,Runcit,26,Sayur-Sayuran,04,007,KACANG PANJANG HIJAU,F.A.Q,Kilogram,12,10,
30722978,2026-07-11,2026-07-11 08:23:50.104993,JOHOR,JOHOR BAHRU,PASAR AWAM LARKIN,Runcit,26,Sayur-Sayuran,03,019,KANGKUNG,F.A.Q,Kilogram,7,6.25,
30722979,2026-07-11,2026-07-11 08:23:50.104993,JOHOR,JOHOR BAHRU,PASAR AWAM LARKIN,Runcit,26,Sayur-Sayuran,03,019,KANGKUNG,F.A.Q,Kilogram,7,6.25,
30722980,2026-07-11,2026-07-11 08:23:50.104993,JOHOR,JOHOR BAHRU,PASAR AWAM LARKIN,Runcit,26,Sayur-Sayuran,03,019,KANGKUNG,F.A.Q,Kilogram,7,6.25,
30722981,2026-07-11,2026-07-11 08:23:50.104993,JOHOR,JOHOR BAHRU,PASAR AWAM LARKIN,Runcit,26,Sayur-Sayuran,03,006,KUBIS BULAT (CHINA),F.A.Q,Kilogram,4,4,
30722982,2026-07-11,2026-07-11 08:23:50.104993,JOHOR,JOHOR BAHRU,PASAR AWAM LARKIN,Runcit,26,Sayur-Sayuran,03,006,KUBIS BULAT (CHINA),F.A.Q,Kilogram,4,4,
30722983,2026-07-11,2026-07-11 08:23:50.104993,JOHOR,JOHOR BAHRU,PASAR AWAM LARKIN,Runcit,26,Sayur-Sayuran,03,006,KUBIS BULAT (CHINA),F.A.Q,Kilogram,4,4,
30722984,2026-07-11,2026-07-11 08:23:50.104993,JOHOR,JOHOR BAHRU,PASAR AWAM LARKIN,Runcit,26,Sayur-Sayuran,03,006,KUBIS BULAT (INDONESIA),F.A.Q,Kilogram,4,4,
30722985,2026-07-11,2026-07-11 08:23:50.104993,JOHOR,JOHOR BAHRU,PASAR AWAM LARKIN,Runcit,26,Sayur-Sayuran,03,006,KUBIS BULAT (INDONESIA),F.A.Q,Kilogram,4,4,
30722986,2026-07-11,2026-07-11 08:23:50.104993,JOHOR,JOHOR BAHRU,PASAR AWAM LARKIN,Runcit,26,Sayur-Sayuran,03,006,KUBIS BULAT (INDONESIA),F.A.Q,Kilogram,4,4,
30722987,2026-07-11,2026-07-11 08:23:50.104993,JOHOR,JOHOR BAHRU,PASAR AWAM LARKIN,Runcit,26,Sayur-Sayuran,03,006,KUBIS BULAT (TANAH TINGGI),F.A.Q,Kilogram,6,6,
30722988,2026-07-11,2026-07-11 08:23:50.104993,JOHOR,JOHOR BAHRU,PASAR AWAM LARKIN,Runcit,26,Sayur-Sayuran,03,006,KUBIS BULAT (TANAH TINGGI),F.A.Q,Kilogram,6,6,
30722989,2026-07-11,2026-07-11 08:23:50.104993,JOHOR,JOHOR BAHRU,PASAR AWAM LARKIN,Runcit,26,Sayur-Sayuran,03,006,KUBIS BULAT (TANAH TINGGI),F.A.Q,Kilogram,6,6,
30722990,2026-07-11,2026-07-11 08:23:50.104993,JOHOR,JOHOR BAHRU,PASAR AWAM LARKIN,Runcit,26,Sayur-Sayuran,03,007,SAWI HIJAU (TANAH RENDAH),F.A.Q,Kilogram,7,5.5,
30722991,2026-07-11,2026-07-11 08:23:50.104993,JOHOR,JOHOR BAHRU,PASAR AWAM LARKIN,Runcit,26,Sayur-Sayuran,03,007,SAWI HIJAU (TANAH RENDAH),F.A.Q,Kilogram,7,5.5,
30722992,2026-07-11,2026-07-11 08:23:50.104993,JOHOR,JOHOR BAHRU,PASAR AWAM LARKIN,Runcit,26,Sayur-Sayuran,03,007,SAWI HIJAU (TANAH RENDAH),F.A.Q,Kilogram,7,5.5,
30722993,2026-07-11,2026-07-11 08:23:50.104993,JOHOR,JOHOR BAHRU,PASAR AWAM LARKIN,Runcit,26,Sayur-Sayuran,03,007,SAWI HIJAU TANAH TINGGI,F.A.Q,Kilogram,5,5,
30722994,2026-07-11,2026-07-11 08:23:50.104993,JOHOR,JOHOR BAHRU,PASAR AWAM LARKIN,Runcit,26,Sayur-Sayuran,03,007,SAWI HIJAU TANAH TINGGI,F.A.Q,Kilogram,5,5,
30722995,2026-07-11,2026-07-11 08:23:50.104993,JOHOR,JOHOR BAHRU,PASAR AWAM LARKIN,Runcit,26,Sayur-Sayuran,03,007,SAWI HIJAU TANAH TINGGI,F.A.Q,Kilogram,5,5,
30722996,2026-07-11,2026-07-11 08:23:50.104993,JOHOR,JOHOR BAHRU,PASAR AWAM LARKIN,Runcit,26,Sayur-Sayuran,02,010,TERUNG PANJANG / PEPARU (TANAH RENDAH),F.A.Q,Kilogram,8,7,
30722997,2026-07-11,2026-07-11 08:23:50.104993,JOHOR,JOHOR BAHRU,PASAR AWAM LARKIN,Runcit,26,Sayur-Sayuran,02,010,TERUNG PANJANG / PEPARU (TANAH RENDAH),F.A.Q,Kilogram,8,7,
30722998,2026-07-11,2026-07-11 08:23:50.104993,JOHOR,JOHOR BAHRU,PASAR AWAM LARKIN,Runcit,26,Sayur-Sayuran,02,010,TERUNG PANJANG / PEPARU (TANAH RENDAH),F.A.Q,Kilogram,8,7,
30722999,2026-07-11,2026-07-11 08:23:50.104993,JOHOR,JOHOR BAHRU,PASAR AWAM LARKIN,Runcit,26,Sayur-Sayuran,02,011,TIMUN HIJAU,F.A.Q,Kilogram,4,4,
30723000,2026-07-11,2026-07-11 08:23:50.104993,JOHOR,JOHOR BAHRU,PASAR AWAM LARKIN,Runcit,26,Sayur-Sayuran,02,011,TIMUN HIJAU,F.A.Q,Kilogram,4,4,
30723001,2026-07-11,2026-07-11 08:23:50.104993,JOHOR,JOHOR BAHRU,PASAR AWAM LARKIN,Runcit,26,Sayur-Sayuran,02,011,TIMUN HIJAU,F.A.Q,Kilogram,4,4,
30723002,2026-07-11,2026-07-11 08:23:50.104993,JOHOR,JOHOR BAHRU,PASAR AWAM LARKIN,Runcit,26,Sayur-Sayuran,02,012,TOMATO (TANAH TINGGI),F.A.Q,Kilogram,8,5.71,
30723003,2026-07-11,2026-07-11 08:23:50.104993,JOHOR,JOHOR BAHRU,PASAR AWAM LARKIN,Runcit,26,Sayur-Sayuran,02,012,TOMATO (TANAH TINGGI),F.A.Q,Kilogram,8,5.71,
30723004,2026-07-11,2026-07-11 08:23:50.104993,JOHOR,JOHOR BAHRU,PASAR AWAM LARKIN,Runcit,26,Sayur-Sayuran,02,012,TOMATO (TANAH TINGGI),F.A.Q,Kilogram,8,5.71,
30723005,2026-07-11,2026-07-11 08:25:28.90742,SARAWAK,KUCHING,MEDAN NIAGA SATOK,Runcit,26,Ternakan,03,002,AYAM PROSES STANDARD,F.A.Q,Kilogram,12,12,
30723006,2026-07-11,2026-07-11 08:25:28.90742,SARAWAK,KUCHING,MEDAN NIAGA SATOK,Runcit,26,Ternakan,02,003,DAGING LEMBU PEJAL,F.A.Q,Kilogram,70,70,
30723007,2026-07-11,2026-07-11 08:25:28.90742,SARAWAK,KUCHING,MEDAN NIAGA SATOK,Runcit,26,Ternakan,11,001,TELUR AYAM,A,Biji,0.56,0.56,
30723008,2026-07-11,2026-07-11 08:25:28.90742,SARAWAK,KUCHING,MEDAN NIAGA SATOK,Runcit,26,Ternakan,11,001,TELUR AYAM,B,Biji,0.53,0.53,
30723009,2026-07-11,2026-07-11 08:25:28.90742,SARAWAK,KUCHING,MEDAN NIAGA SATOK,Runcit,26,Ternakan,11,001,TELUR AYAM,C,Biji,0.5,0.5,
30723010,2026-07-11,2026-07-11 08:28:46.936151,SARAWAK,KUCHING,MEDAN NIAGA SATOK,Runcit,26,Sayur-Sayuran,03,009,DAUN BAWANG,F.A.Q,Kilogram,40,40,
30723011,2026-07-11,2026-07-11 08:28:46.936151,SARAWAK,KUCHING,MEDAN NIAGA SATOK,Runcit,26,Sayur-Sayuran,03,015,DAUN SUP (TANAH TINGGI),F.A.Q,Kilogram,42,40.333332,
30723012,2026-07-11,2026-07-11 08:28:46.936151,SARAWAK,KUCHING,MEDAN NIAGA SATOK,Runcit,26,Sayur-Sayuran,04,002,KACANG BENDI,F.A.Q,Kilogram,12,11.454545,
30723013,2026-07-11,2026-07-11 08:28:46.936151,SARAWAK,KUCHING,MEDAN NIAGA SATOK,Runcit,26,Sayur-Sayuran,04,003,KACANG BUNCIS,F.A.Q,Kilogram,12,13.5,
30723014,2026-07-11,2026-07-11 08:28:46.936151,SARAWAK,KUCHING,MEDAN NIAGA SATOK,Runcit,26,Sayur-Sayuran,04,007,KACANG PANJANG HIJAU,F.A.Q,Kilogram,8,7,
30723015,2026-07-11,2026-07-11 08:28:46.936151,SARAWAK,KUCHING,MEDAN NIAGA SATOK,Runcit,26,Sayur-Sayuran,03,019,KANGKUNG,F.A.Q,Kilogram,6,6.1666665,
30723016,2026-07-11,2026-07-11 08:28:46.936151,SARAWAK,KUCHING,MEDAN NIAGA SATOK,Runcit,26,Sayur-Sayuran,03,006,KUBIS BULAT (CHINA),F.A.Q,Kilogram,4,4,
30723017,2026-07-11,2026-07-11 08:28:46.936151,SARAWAK,KUCHING,MEDAN NIAGA SATOK,Runcit,26,Sayur-Sayuran,03,007,SAWI HIJAU (TANAH RENDAH),F.A.Q,Kilogram,10,9.818182,
30723018,2026-07-11,2026-07-11 08:28:46.936151,SARAWAK,KUCHING,MEDAN NIAGA SATOK,Runcit,26,Sayur-Sayuran,02,010,TERUNG PANJANG / PEPARU (TANAH RENDAH),F.A.Q,Kilogram,9,9.3,
30723019,2026-07-11,2026-07-11 08:28:46.936151,SARAWAK,KUCHING,MEDAN NIAGA SATOK,Runcit,26,Sayur-Sayuran,02,011,TIMUN HIJAU,F.A.Q,Kilogram,4.5,4.3636365,
30723020,2026-07-11,2026-07-11 08:40:29.366343,PAHANG,ROMPIN,LADANG/KEBUN KAMPUNG JAWA,Ladang,,Tanaman Kontan,05,001,KELAPA DIKUPAS,SEDANG,Biji,1.1,1.1416667,
30723021,2026-07-11,2026-07-11 08:40:29.366343,PAHANG,ROMPIN,LADANG/KEBUN KAMPUNG JAWA,Ladang,,Tanaman Kontan,05,001,KELAPA DIKUPAS,SEDANG,Biji,1.1,1.1416667,
30723022,2026-07-11,2026-07-11 08:41:33.091127,PAHANG,JERANTUT,TKPM ULU CHEKA,Ladang,,Buah-Buahan,02,023,NANAS JOSAPINE (AC5),F.A.Q,Kilogram,3,3,
30723023,2026-07-11,2026-07-11 08:41:33.091127,PAHANG,JERANTUT,TKPM ULU CHEKA,Ladang,,Buah-Buahan,02,023,NANAS JOSAPINE (AC5),F.A.Q,Kilogram,3,3,
30723024,2026-07-11,2026-07-11 08:41:33.091127,PAHANG,JERANTUT,TKPM ULU CHEKA,Ladang,,Buah-Buahan,02,028,PISANG BERANGAN,F.A.Q,Kilogram,2.7,2.8166666,
30723025,2026-07-11,2026-07-11 08:41:33.091127,PAHANG,JERANTUT,TKPM ULU CHEKA,Ladang,,Buah-Buahan,02,028,PISANG BERANGAN,F.A.Q,Kilogram,2.7,2.8166666,
30723026,2026-07-11,2026-07-11 08:41:33.091127,PAHANG,JERANTUT,TKPM ULU CHEKA,Ladang,,Buah-Buahan,02,028,PISANG MAS,F.A.Q,Kilogram,2.8,2.8,
30723027,2026-07-11,2026-07-11 08:41:33.091127,PAHANG,JERANTUT,TKPM ULU CHEKA,Ladang,,Buah-Buahan,02,028,PISANG MAS,F.A.Q,Kilogram,2.8,2.8,
30723028,2026-07-11,2026-07-11 08:42:28.653817,PAHANG,KUANTAN,LADANG/KEBUN GAMBANG,Ladang,,Buah-Buahan,02,005,BETIK SEKAKI,F.A.Q,Kilogram,1.5,1.6,
30723029,2026-07-11,2026-07-11 08:42:28.653817,PAHANG,KUANTAN,LADANG/KEBUN GAMBANG,Ladang,,Buah-Buahan,02,005,BETIK SEKAKI,F.A.Q,Kilogram,1.5,1.6,
30723030,2026-07-11,2026-07-11 08:42:28.653817,PAHANG,KUANTAN,LADANG/KEBUN GAMBANG,Ladang,,Buah-Buahan,02,034,TEMBIKAI MERAH TANPA BIJI,F.A.Q,Kilogram,1.5,1.5,
30723031,2026-07-11,2026-07-11 08:42:28.653817,PAHANG,KUANTAN,LADANG/KEBUN GAMBANG,Ladang,,Buah-Buahan,02,034,TEMBIKAI MERAH TANPA BIJI,F.A.Q,Kilogram,1.5,1.5,
30723032,2026-07-11,2026-07-11 08:42:54.296411,SARAWAK,KUCHING,MEDAN NIAGA SATOK,Borong,20,Sayur-Sayuran,05,001,BAWANG BESAR KUNING / HOLLAND,F.A.Q,Kilogram,3,3,
30723033,2026-07-11,2026-07-11 08:42:54.296411,SARAWAK,KUCHING,MEDAN NIAGA SATOK,Borong,20,Sayur-Sayuran,05,001,BAWANG BESAR MERAH (CHINA),F.A.Q,Kilogram,3,3,
30723034,2026-07-11,2026-07-11 08:42:54.296411,SARAWAK,KUCHING,MEDAN NIAGA SATOK,Borong,20,Sayur-Sayuran,05,001,BAWANG BESAR MERAH (INDIA),F.A.Q,Kilogram,3.5,3.1363637,
30723035,2026-07-11,2026-07-11 08:42:54.296411,SARAWAK,KUCHING,MEDAN NIAGA SATOK,Borong,20,Sayur-Sayuran,05,001,BAWANG MERAH / KECIL (INDIA),F.A.Q,Kilogram,3,3,
30723036,2026-07-11,2026-07-11 08:42:54.296411,SARAWAK,KUCHING,MEDAN NIAGA SATOK,Borong,20,Sayur-Sayuran,05,001,BAWANG MERAH ROSE,F.A.Q,Kilogram,3,3,
30723037,2026-07-11,2026-07-11 08:42:54.296411,SARAWAK,KUCHING,MEDAN NIAGA SATOK,Borong,20,Sayur-Sayuran,05,001,BAWANG PUTIH (CHINA),F.A.Q,Kilogram,7,7,
30723038,2026-07-11,2026-07-11 08:42:54.296411,SARAWAK,KUCHING,MEDAN NIAGA SATOK,Borong,20,Sayur-Sayuran,03,001,BAYAM,F.A.Q,Kilogram,5,3.9545455,
30723039,2026-07-11,2026-07-11 08:42:54.296411,SARAWAK,KUCHING,MEDAN NIAGA SATOK,Borong,20,Sayur-Sayuran,02,002,CILI HIJAU,F.A.Q,Kilogram,11,12.333333,
30723040,2026-07-11,2026-07-11 08:42:54.296411,SARAWAK,KUCHING,MEDAN NIAGA SATOK,Borong,20,Sayur-Sayuran,02,002,CILI MERAH KULAI / KULAI HIBRID,F.A.Q,Kilogram,14,14.3,
30723041,2026-07-11,2026-07-11 08:42:54.296411,SARAWAK,KUCHING,MEDAN NIAGA SATOK,Borong,20,Sayur-Sayuran,02,002,CILI MERAH MINYAK,F.A.Q,Kilogram,14,14.181818,
30723042,2026-07-11,2026-07-11 08:42:54.296411,SARAWAK,KUCHING,MEDAN NIAGA SATOK,Borong,20,Sayur-Sayuran,03,009,DAUN BAWANG,F.A.Q,Kilogram,30,30,
30723043,2026-07-11,2026-07-11 08:42:54.296411,SARAWAK,KUCHING,MEDAN NIAGA SATOK,Borong,20,Sayur-Sayuran,03,015,DAUN SUP (TANAH TINGGI),F.A.Q,Kilogram,30,28.333334,
30723044,2026-07-11,2026-07-11 08:42:54.296411,SARAWAK,KUCHING,MEDAN NIAGA SATOK,Borong,20,Sayur-Sayuran,04,002,KACANG BENDI,F.A.Q,Kilogram,7,6.4545455,
30723045,2026-07-11,2026-07-11 08:42:54.296411,SARAWAK,KUCHING,MEDAN NIAGA SATOK,Borong,20,Sayur-Sayuran,04,003,KACANG BUNCIS,F.A.Q,Kilogram,9,10.5,
30723046,2026-07-11,2026-07-11 08:42:54.296411,SARAWAK,KUCHING,MEDAN NIAGA SATOK,Borong,20,Sayur-Sayuran,04,007,KACANG PANJANG HIJAU,F.A.Q,Kilogram,4,3.7272727,
30723047,2026-07-11,2026-07-11 08:42:54.296411,SARAWAK,KUCHING,MEDAN NIAGA SATOK,Borong,20,Sayur-Sayuran,03,019,KANGKUNG,F.A.Q,Kilogram,3,3.3333333,
30723048,2026-07-11,2026-07-11 08:42:54.296411,SARAWAK,KUCHING,MEDAN NIAGA SATOK,Borong,20,Sayur-Sayuran,03,006,KUBIS BULAT (CHINA),F.A.Q,Kilogram,3,3,
30723049,2026-07-11,2026-07-11 08:42:54.296411,SARAWAK,KUCHING,MEDAN NIAGA SATOK,Borong,20,Sayur-Sayuran,03,007,SAWI HIJAU (TANAH RENDAH),F.A.Q,Kilogram,7,6.818182,
30723050,2026-07-11,2026-07-11 08:42:54.296411,SARAWAK,KUCHING,MEDAN NIAGA SATOK,Borong,20,Sayur-Sayuran,02,010,TERUNG PANJANG / PEPARU (TANAH RENDAH),F.A.Q,Kilogram,5,5.5454545,
30723051,2026-07-11,2026-07-11 08:42:54.296411,SARAWAK,KUCHING,MEDAN NIAGA SATOK,Borong,20,Sayur-Sayuran,02,011,TIMUN HIJAU,F.A.Q,Kilogram,2.5,2.3636363,
30723052,2026-07-11,2026-07-11 08:42:54.296411,SARAWAK,KUCHING,MEDAN NIAGA SATOK,Borong,20,Sayur-Sayuran,02,012,TOMATO (TANAH TINGGI),F.A.Q,Kilogram,12,11.454545,
30723053,2026-07-11,2026-07-11 08:42:54.296411,SARAWAK,KUCHING,MEDAN NIAGA SATOK,Borong,20,Sayur-Sayuran,02,012,TOMATO IMPORT,F.A.Q,Kilogram,12,11.5,
30723054,2026-07-11,2026-07-11 08:42:54.296411,SARAWAK,KUCHING,MEDAN NIAGA SATOK,Borong,20,Sayur-Sayuran,05,009,UBI KENTANG HOLLAND,F.A.Q,Kilogram,2,2,
30723055,2026-07-11,2026-07-11 08:43:04.999038,PAHANG,KUANTAN,LADANG TUNAS AGRO,Ladang,,Ternakan,11,001,TELUR AYAM,A,Biji,0.42,0.41166666,
30723056,2026-07-11,2026-07-11 08:43:04.999038,PAHANG,KUANTAN,LADANG TUNAS AGRO,Ladang,,Ternakan,11,001,TELUR AYAM,C,Biji,0.29,0.29166666,
30723057,2026-07-11,2026-07-11 08:43:04.999038,PAHANG,KUANTAN,LADANG TUNAS AGRO,Ladang,,Ternakan,11,001,TELUR AYAM,B,Biji,0.37,0.35583332,
30723058,2026-07-11,2026-07-11 08:43:26.425591,PAHANG,KUANTAN,LADANG/KEBUN JABOR,Ladang,,Ternakan,01,003,AYAM HIDUP,F.A.Q,Kilogram,5.7,5.6,
30723059,2026-07-11,2026-07-11 08:43:28.239777,PULAU PINANG,SEBERANG PERAI TENGAH,PASAR AWAM SEBERANG JAYA,Runcit,26,Ternakan,03,002,AYAM PROSES STANDARD,F.A.Q,Kilogram,11.2,11.2,
30723060,2026-07-11,2026-07-11 08:43:28.239777,PULAU PINANG,SEBERANG PERAI TENGAH,PASAR AWAM SEBERANG JAYA,Runcit,26,Ternakan,02,003,DAGING LEMBU PEJAL,F.A.Q,Kilogram,39,38,
30723061,2026-07-11,2026-07-11 08:43:28.239777,PULAU PINANG,SEBERANG PERAI TENGAH,PASAR AWAM SEBERANG JAYA,Runcit,26,Ternakan,02,003,DAGING LEMBU PEJAL,F.A.Q,Kilogram,37,38,
30723062,2026-07-11,2026-07-11 08:43:28.239777,PULAU PINANG,SEBERANG PERAI TENGAH,PASAR AWAM SEBERANG JAYA,Runcit,26,Ternakan,11,001,TELUR AYAM,A,Biji,0.5,0.47,
30723063,2026-07-11,2026-07-11 08:43:28.239777,PULAU PINANG,SEBERANG PERAI TENGAH,PASAR AWAM SEBERANG JAYA,Runcit,26,Ternakan,11,001,TELUR AYAM,B,Biji,0.46,0.45,
30723064,2026-07-11,2026-07-11 08:43:28.239777,PULAU PINANG,SEBERANG PERAI TENGAH,PASAR AWAM SEBERANG JAYA,Runcit,26,Ternakan,11,001,TELUR AYAM,C,Biji,0.44,0.424,
30723065,2026-07-11,2026-07-11 08:43:44.467231,SELANGOR,PETALING,"KOMPLEKS PASAR BORONG SELANGOR, SERI KEMBANGAN",Runcit,26,Sayur-Sayuran,03,001,BAYAM,F.A.Q,Kilogram,5,6.02,
30723066,2026-07-11,2026-07-11 08:43:44.467231,SELANGOR,PETALING,"KOMPLEKS PASAR BORONG SELANGOR, SERI KEMBANGAN",Runcit,26,Sayur-Sayuran,02,002,CILI HIJAU,F.A.Q,Kilogram,10,13.18,
30723067,2026-07-11,2026-07-11 08:43:44.467231,SELANGOR,PETALING,"KOMPLEKS PASAR BORONG SELANGOR, SERI KEMBANGAN",Runcit,26,Sayur-Sayuran,02,002,CILI MERAH KULAI / KULAI HIBRID,F.A.Q,Kilogram,15,16.01,
30723068,2026-07-11,2026-07-11 08:43:44.467231,SELANGOR,PETALING,"KOMPLEKS PASAR BORONG SELANGOR, SERI KEMBANGAN",Runcit,26,Sayur-Sayuran,02,002,CILI MERAH MINYAK,F.A.Q,Kilogram,10,13.59,
30723069,2026-07-11,2026-07-11 08:43:44.467231,SELANGOR,PETALING,"KOMPLEKS PASAR BORONG SELANGOR, SERI KEMBANGAN",Runcit,26,Sayur-Sayuran,03,009,DAUN BAWANG,F.A.Q,Kilogram,6,12.95,
30723070,2026-07-11,2026-07-11 08:43:44.467231,SELANGOR,PETALING,"KOMPLEKS PASAR BORONG SELANGOR, SERI KEMBANGAN",Runcit,26,Sayur-Sayuran,03,015,DAUN SUP (TANAH TINGGI),F.A.Q,Kilogram,13,13.35,
30723071,2026-07-11,2026-07-11 08:43:44.467231,SELANGOR,PETALING,"KOMPLEKS PASAR BORONG SELANGOR, SERI KEMBANGAN",Runcit,26,Sayur-Sayuran,04,002,KACANG BENDI,F.A.Q,Kilogram,7,9.12,
30723072,2026-07-11,2026-07-11 08:43:44.467231,SELANGOR,PETALING,"KOMPLEKS PASAR BORONG SELANGOR, SERI KEMBANGAN",Runcit,26,Sayur-Sayuran,04,003,KACANG BUNCIS,F.A.Q,Kilogram,11,13.06,
30723073,2026-07-11,2026-07-11 08:43:44.467231,SELANGOR,PETALING,"KOMPLEKS PASAR BORONG SELANGOR, SERI KEMBANGAN",Runcit,26,Sayur-Sayuran,04,007,KACANG PANJANG HIJAU,F.A.Q,Kilogram,8,8.57,
30723074,2026-07-11,2026-07-11 08:43:44.467231,SELANGOR,PETALING,"KOMPLEKS PASAR BORONG SELANGOR, SERI KEMBANGAN",Runcit,26,Sayur-Sayuran,03,019,KANGKUNG,F.A.Q,Kilogram,5,5.03,
30723075,2026-07-11,2026-07-11 08:43:44.467231,SELANGOR,PETALING,"KOMPLEKS PASAR BORONG SELANGOR, SERI KEMBANGAN",Runcit,26,Sayur-Sayuran,03,006,KUBIS BULAT (CHINA),F.A.Q,Kilogram,2,3.29,
30723076,2026-07-11,2026-07-11 08:43:44.467231,SELANGOR,PETALING,"KOMPLEKS PASAR BORONG SELANGOR, SERI KEMBANGAN",Runcit,26,Sayur-Sayuran,03,006,KUBIS BULAT (TANAH TINGGI),F.A.Q,Kilogram,3.5,4.94,
30723077,2026-07-11,2026-07-11 08:43:44.467231,SELANGOR,PETALING,"KOMPLEKS PASAR BORONG SELANGOR, SERI KEMBANGAN",Runcit,26,Sayur-Sayuran,03,007,SAWI HIJAU (TANAH RENDAH),F.A.Q,Kilogram,5.5,5.99,
30723078,2026-07-11,2026-07-11 08:43:44.467231,SELANGOR,PETALING,"KOMPLEKS PASAR BORONG SELANGOR, SERI KEMBANGAN",Runcit,26,Sayur-Sayuran,03,007,SAWI HIJAU TANAH TINGGI,F.A.Q,Kilogram,4.5,4,
30723079,2026-07-11,2026-07-11 08:43:44.467231,SELANGOR,PETALING,"KOMPLEKS PASAR BORONG SELANGOR, SERI KEMBANGAN",Runcit,26,Sayur-Sayuran,02,010,TERUNG PANJANG / PEPARU (TANAH RENDAH),F.A.Q,Kilogram,7,8.08,
30723080,2026-07-11,2026-07-11 08:43:44.467231,SELANGOR,PETALING,"KOMPLEKS PASAR BORONG SELANGOR, SERI KEMBANGAN",Runcit,26,Sayur-Sayuran,02,011,TIMUN HIJAU,F.A.Q,Kilogram,3,4.27,
30723081,2026-07-11,2026-07-11 08:43:44.467231,SELANGOR,PETALING,"KOMPLEKS PASAR BORONG SELANGOR, SERI KEMBANGAN",Runcit,26,Sayur-Sayuran,02,012,TOMATO (TANAH TINGGI),F.A.Q,Kilogram,7.5,5.71,
30723082,2026-07-11,2026-07-11 08:43:54.75526,PAHANG,KUANTAN,PASAR BORONG KEMUNTING,Borong,20,Ternakan,02,003,DAGING LEMBU PEJAL,F.A.Q,Kilogram,35,35,
30723083,2026-07-11,2026-07-11 08:43:54.75526,PAHANG,KUANTAN,PASAR BORONG KEMUNTING,Borong,20,Ternakan,02,003,DAGING LEMBU PEJAL,F.A.Q,Kilogram,35,35,
30723084,2026-07-11,2026-07-11 08:43:54.75526,PAHANG,KUANTAN,PASAR BORONG KEMUNTING,Borong,20,Ternakan,02,003,DAGING LEMBU PEJAL,F.A.Q,Kilogram,35,35,
30723085,2026-07-11,2026-07-11 08:44:15.773141,PAHANG,KUANTAN,PASAR BORONG KEMUNTING,Borong,20,Tanaman Kontan,05,001,KELAPA DIKUPAS,SEDANG,Biji,2.1,2.1416667,
30723086,2026-07-11,2026-07-11 08:44:15.773141,PAHANG,KUANTAN,PASAR BORONG KEMUNTING,Borong,20,Tanaman Kontan,05,001,KELAPA DIKUPAS,SEDANG,Biji,2.1,2.1416667,
30723087,2026-07-11,2026-07-11 08:44:44.604096,SARAWAK,KUCHING,MEDAN NIAGA SATOK,Borong,20,Buah-Buahan,02,005,BETIK SEKAKI,F.A.Q,Kilogram,3,3,
30723088,2026-07-11,2026-07-11 08:44:44.604096,SARAWAK,KUCHING,MEDAN NIAGA SATOK,Borong,20,Buah-Buahan,02,028,PISANG BERANGAN,F.A.Q,Kilogram,4.5,4.5,
30723089,2026-07-11,2026-07-11 08:44:44.604096,SARAWAK,KUCHING,MEDAN NIAGA SATOK,Borong,20,Buah-Buahan,02,028,PISANG MAS,F.A.Q,Kilogram,3,3,
30723090,2026-07-11,2026-07-11 08:44:44.604096,SARAWAK,KUCHING,MEDAN NIAGA SATOK,Borong,20,Buah-Buahan,02,034,TEMBIKAI MERAH TANPA BIJI,F.A.Q,Kilogram,2.3,2.3636363,
30723091,2026-07-11,2026-07-11 08:44:57.108463,PAHANG,KUANTAN,PASAR BORONG KEMUNTING,Borong,20,Buah-Buahan,02,005,BETIK SEKAKI,F.A.Q,Kilogram,3,3.0666666,
30723092,2026-07-11,2026-07-11 08:44:57.108463,PAHANG,KUANTAN,PASAR BORONG KEMUNTING,Borong,20,Buah-Buahan,02,005,BETIK SEKAKI,F.A.Q,Kilogram,3,3.0666666,
30723093,2026-07-11,2026-07-11 08:44:57.108463,PAHANG,KUANTAN,PASAR BORONG KEMUNTING,Borong,20,Buah-Buahan,02,023,NANAS JOSAPINE (AC5),F.A.Q,Kilogram,4.5,4.5,
30723094,2026-07-11,2026-07-11 08:44:57.108463,PAHANG,KUANTAN,PASAR BORONG KEMUNTING,Borong,20,Buah-Buahan,02,023,NANAS JOSAPINE (AC5),F.A.Q,Kilogram,4.5,4.5,
30723095,2026-07-11,2026-07-11 08:44:57.108463,PAHANG,KUANTAN,PASAR BORONG KEMUNTING,Borong,20,Buah-Buahan,02,028,PISANG BERANGAN,F.A.Q,Kilogram,4.7,4.5666666,
30723096,2026-07-11,2026-07-11 08:44:57.108463,PAHANG,KUANTAN,PASAR BORONG KEMUNTING,Borong,20,Buah-Buahan,02,028,PISANG BERANGAN,F.A.Q,Kilogram,4.7,4.5666666,
30723097,2026-07-11,2026-07-11 08:44:57.108463,PAHANG,KUANTAN,PASAR BORONG KEMUNTING,Borong,20,Buah-Buahan,02,028,PISANG MAS,F.A.Q,Kilogram,4.8,4.616667,
30723098,2026-07-11,2026-07-11 08:44:57.108463,PAHANG,KUANTAN,PASAR BORONG KEMUNTING,Borong,20,Buah-Buahan,02,028,PISANG MAS,F.A.Q,Kilogram,4.8,4.616667,
30723099,2026-07-11,2026-07-11 08:44:57.108463,PAHANG,KUANTAN,PASAR BORONG KEMUNTING,Borong,20,Buah-Buahan,02,034,TEMBIKAI MERAH TANPA BIJI,F.A.Q,Kilogram,2.5,2.5666666,
30723100,2026-07-11,2026-07-11 08:44:57.108463,PAHANG,KUANTAN,PASAR BORONG KEMUNTING,Borong,20,Buah-Buahan,02,034,TEMBIKAI MERAH TANPA BIJI,F.A.Q,Kilogram,2.5,2.5666666,
30723101,2026-07-11,2026-07-11 08:45:13.79212,SARAWAK,KUCHING,MEDAN NIAGA SATOK,Borong,20,Tanaman Kontan,05,001,KELAPA DIKUPAS,SEDANG,Biji,1.6,1.6,
30723102,2026-07-11,2026-07-11 08:45:31.705178,PAHANG,KUANTAN,PASAR BORONG KEMUNTING,Borong,20,Ternakan,11,001,TELUR AYAM,A,Biji,0.44,0.43166667,
30723103,2026-07-11,2026-07-11 08:45:31.705178,PAHANG,KUANTAN,PASAR BORONG KEMUNTING,Borong,20,Ternakan,11,001,TELUR AYAM,B,Biji,0.39,0.37583333,
30723104,2026-07-11,2026-07-11 08:45:31.705178,PAHANG,KUANTAN,PASAR BORONG KEMUNTING,Borong,20,Ternakan,11,001,TELUR AYAM,C,Biji,0.31,0.31166667,
30723105,2026-07-11,2026-07-11 08:46:03.717019,PAHANG,KUANTAN,PASAR BORONG KEMUNTING,Borong,20,Ternakan,03,002,AYAM PROSES STANDARD,F.A.Q,Kilogram,9.7,9.7,
30723106,2026-07-11,2026-07-11 08:46:03.717019,PAHANG,KUANTAN,PASAR BORONG KEMUNTING,Borong,20,Ternakan,03,002,AYAM PROSES STANDARD,F.A.Q,Kilogram,9.7,9.7,
30723107,2026-07-11,2026-07-11 08:46:03.717019,PAHANG,KUANTAN,PASAR BORONG KEMUNTING,Borong,20,Ternakan,03,002,AYAM PROSES STANDARD,F.A.Q,Kilogram,9.7,9.7,
30723108,2026-07-11,2026-07-11 08:47:10.389551,SARAWAK,KUCHING,MEDAN NIAGA SATOK,Borong,20,Ternakan,03,002,AYAM PROSES STANDARD,F.A.Q,Kilogram,11.5,11.5,
30723109,2026-07-11,2026-07-11 08:47:10.389551,SARAWAK,KUCHING,MEDAN NIAGA SATOK,Borong,20,Ternakan,02,003,DAGING LEMBU PEJAL,F.A.Q,Kilogram,65,65,
30723110,2026-07-11,2026-07-11 08:47:10.389551,SARAWAK,KUCHING,MEDAN NIAGA SATOK,Borong,20,Ternakan,11,001,TELUR AYAM,A,Biji,0.54,0.54,
30723111,2026-07-11,2026-07-11 08:47:10.389551,SARAWAK,KUCHING,MEDAN NIAGA SATOK,Borong,20,Ternakan,11,001,TELUR AYAM,B,Biji,0.52,0.52,
30723112,2026-07-11,2026-07-11 08:47:10.389551,SARAWAK,KUCHING,MEDAN NIAGA SATOK,Borong,20,Ternakan,11,001,TELUR AYAM,C,Biji,0.48,0.48,
30723113,2026-07-11,2026-07-11 08:47:47.007178,PAHANG,KUANTAN,PASAR BORONG KEMUNTING,Borong,20,Sayur-Sayuran,05,001,BAWANG BESAR KUNING / HOLLAND,F.A.Q,Kilogram,2,2,
30723114,2026-07-11,2026-07-11 08:47:47.007178,PAHANG,KUANTAN,PASAR BORONG KEMUNTING,Borong,20,Sayur-Sayuran,05,001,BAWANG BESAR KUNING / HOLLAND,F.A.Q,Kilogram,2,2,
30723115,2026-07-11,2026-07-11 08:47:47.007178,PAHANG,KUANTAN,PASAR BORONG KEMUNTING,Borong,20,Sayur-Sayuran,05,001,BAWANG BESAR MERAH (INDIA),F.A.Q,Kilogram,2,2,
30723116,2026-07-11,2026-07-11 08:47:47.007178,PAHANG,KUANTAN,PASAR BORONG KEMUNTING,Borong,20,Sayur-Sayuran,05,001,BAWANG BESAR MERAH (INDIA),F.A.Q,Kilogram,2,2,
30723117,2026-07-11,2026-07-11 08:47:47.007178,PAHANG,KUANTAN,PASAR BORONG KEMUNTING,Borong,20,Sayur-Sayuran,05,001,BAWANG MERAH / KECIL (INDIA),F.A.Q,Kilogram,2,2,
30723118,2026-07-11,2026-07-11 08:47:47.007178,PAHANG,KUANTAN,PASAR BORONG KEMUNTING,Borong,20,Sayur-Sayuran,05,001,BAWANG MERAH / KECIL (INDIA),F.A.Q,Kilogram,2,2,
30723119,2026-07-11,2026-07-11 08:47:47.007178,PAHANG,KUANTAN,PASAR BORONG KEMUNTING,Borong,20,Sayur-Sayuran,05,001,BAWANG MERAH ROSE,F.A.Q,Kilogram,4,4,
30723120,2026-07-11,2026-07-11 08:47:47.007178,PAHANG,KUANTAN,PASAR BORONG KEMUNTING,Borong,20,Sayur-Sayuran,05,001,BAWANG MERAH ROSE,F.A.Q,Kilogram,4,4,
30723121,2026-07-11,2026-07-11 08:47:47.007178,PAHANG,KUANTAN,PASAR BORONG KEMUNTING,Borong,20,Sayur-Sayuran,05,001,BAWANG PUTIH (CHINA),F.A.Q,Kilogram,7,7,
30723122,2026-07-11,2026-07-11 08:47:47.007178,PAHANG,KUANTAN,PASAR BORONG KEMUNTING,Borong,20,Sayur-Sayuran,05,001,BAWANG PUTIH (CHINA),F.A.Q,Kilogram,7,7,
30723123,2026-07-11,2026-07-11 08:47:47.007178,PAHANG,KUANTAN,PASAR BORONG KEMUNTING,Borong,20,Sayur-Sayuran,05,009,UBI KENTANG HOLLAND,F.A.Q,Kilogram,2,2,
30723124,2026-07-11,2026-07-11 08:47:47.007178,PAHANG,KUANTAN,PASAR BORONG KEMUNTING,Borong,20,Sayur-Sayuran,05,009,UBI KENTANG HOLLAND,F.A.Q,Kilogram,2,2,
30723125,2026-07-11,2026-07-11 08:48:14.307404,SELANGOR,PETALING,"KOMPLEKS PASAR BORONG SELANGOR, SERI KEMBANGAN",Borong,20,Sayur-Sayuran,03,001,BAYAM,F.A.Q,Kilogram,4,4.11,
30723126,2026-07-11,2026-07-11 08:48:14.307404,SELANGOR,PETALING,"KOMPLEKS PASAR BORONG SELANGOR, SERI KEMBANGAN",Borong,20,Sayur-Sayuran,02,002,CILI HIJAU,F.A.Q,Kilogram,9,10.63,
30723127,2026-07-11,2026-07-11 08:48:14.307404,SELANGOR,PETALING,"KOMPLEKS PASAR BORONG SELANGOR, SERI KEMBANGAN",Borong,20,Sayur-Sayuran,02,002,CILI MERAH KULAI / KULAI HIBRID,F.A.Q,Kilogram,14,13.69,
30723128,2026-07-11,2026-07-11 08:48:14.307404,SELANGOR,PETALING,"KOMPLEKS PASAR BORONG SELANGOR, SERI KEMBANGAN",Borong,20,Sayur-Sayuran,02,002,CILI MERAH MINYAK,F.A.Q,Kilogram,9,11.76,
30723129,2026-07-11,2026-07-11 08:48:14.307404,SELANGOR,PETALING,"KOMPLEKS PASAR BORONG SELANGOR, SERI KEMBANGAN",Borong,20,Sayur-Sayuran,03,009,DAUN BAWANG,F.A.Q,Kilogram,5,9.7,
30723130,2026-07-11,2026-07-11 08:48:14.307404,SELANGOR,PETALING,"KOMPLEKS PASAR BORONG SELANGOR, SERI KEMBANGAN",Borong,20,Sayur-Sayuran,03,015,DAUN SUP (TANAH TINGGI),F.A.Q,Kilogram,12,10.25,
30723131,2026-07-11,2026-07-11 08:48:14.307404,SELANGOR,PETALING,"KOMPLEKS PASAR BORONG SELANGOR, SERI KEMBANGAN",Borong,20,Sayur-Sayuran,04,002,KACANG BENDI,F.A.Q,Kilogram,6,8.23,
30723132,2026-07-11,2026-07-11 08:48:14.307404,SELANGOR,PETALING,"KOMPLEKS PASAR BORONG SELANGOR, SERI KEMBANGAN",Borong,20,Sayur-Sayuran,04,003,KACANG BUNCIS,F.A.Q,Kilogram,10,10.25,
30723133,2026-07-11,2026-07-11 08:48:14.307404,SELANGOR,PETALING,"KOMPLEKS PASAR BORONG SELANGOR, SERI KEMBANGAN",Borong,20,Sayur-Sayuran,04,007,KACANG PANJANG HIJAU,F.A.Q,Kilogram,7,5.88,
30723134,2026-07-11,2026-07-11 08:48:14.307404,SELANGOR,PETALING,"KOMPLEKS PASAR BORONG SELANGOR, SERI KEMBANGAN",Borong,20,Sayur-Sayuran,03,019,KANGKUNG,F.A.Q,Kilogram,4,3.5,
30723135,2026-07-11,2026-07-11 08:48:14.307404,SELANGOR,PETALING,"KOMPLEKS PASAR BORONG SELANGOR, SERI KEMBANGAN",Borong,20,Sayur-Sayuran,03,006,KUBIS BULAT (CHINA),F.A.Q,Kilogram,1.5,2.09,
30723136,2026-07-11,2026-07-11 08:48:14.307404,SELANGOR,PETALING,"KOMPLEKS PASAR BORONG SELANGOR, SERI KEMBANGAN",Borong,20,Sayur-Sayuran,03,006,KUBIS BULAT (TANAH TINGGI),F.A.Q,Kilogram,2.5,3.18,
30723137,2026-07-11,2026-07-11 08:48:14.307404,SELANGOR,PETALING,"KOMPLEKS PASAR BORONG SELANGOR, SERI KEMBANGAN",Borong,20,Sayur-Sayuran,03,007,SAWI HIJAU (TANAH RENDAH),F.A.Q,Kilogram,4.5,4.43,
30723138,2026-07-11,2026-07-11 08:48:14.307404,SELANGOR,PETALING,"KOMPLEKS PASAR BORONG SELANGOR, SERI KEMBANGAN",Borong,20,Sayur-Sayuran,03,007,SAWI HIJAU TANAH TINGGI,F.A.Q,Kilogram,3.5,25,
30723139,2026-07-11,2026-07-11 08:48:14.307404,SELANGOR,PETALING,"KOMPLEKS PASAR BORONG SELANGOR, SERI KEMBANGAN",Borong,20,Sayur-Sayuran,02,010,TERUNG PANJANG / PEPARU (TANAH RENDAH),F.A.Q,Kilogram,6,7.33,
30723140,2026-07-11,2026-07-11 08:48:14.307404,SELANGOR,PETALING,"KOMPLEKS PASAR BORONG SELANGOR, SERI KEMBANGAN",Borong,20,Sayur-Sayuran,02,011,TIMUN HIJAU,F.A.Q,Kilogram,2,2.57,
30723141,2026-07-11,2026-07-11 08:48:14.307404,SELANGOR,PETALING,"KOMPLEKS PASAR BORONG SELANGOR, SERI KEMBANGAN",Borong,20,Sayur-Sayuran,02,012,TOMATO (TANAH TINGGI),F.A.Q,Kilogram,6.5,7,
30723142,2026-07-11,2026-07-11 08:48:20.160524,PAHANG,KUANTAN,PASAR BESAR KUANTAN,Runcit,26,Ternakan,11,001,TELUR AYAM,A,Biji,0.46,0.45166665,
30723143,2026-07-11,2026-07-11 08:48:20.160524,PAHANG,KUANTAN,PASAR BESAR KUANTAN,Runcit,26,Ternakan,11,001,TELUR AYAM,B,Biji,0.41,0.39583334,
30723144,2026-07-11,2026-07-11 08:48:20.160524,PAHANG,KUANTAN,PASAR BESAR KUANTAN,Runcit,26,Ternakan,11,001,TELUR AYAM,C,Biji,0.33,0.33166668,
30723145,2026-07-11,2026-07-11 08:48:38.699136,PAHANG,KUANTAN,PASAR BESAR KUANTAN,Runcit,26,Lain-Lain Makanan Proses,15,001,SANTAN PEKAT,F.A.Q,Kilogram,20,20,
30723146,2026-07-11,2026-07-11 08:49:00.595076,PAHANG,KUANTAN,PASAR BESAR KUANTAN,Runcit,26,Ternakan,02,003,DAGING LEMBU PEJAL,F.A.Q,Kilogram,38,38,
30723147,2026-07-11,2026-07-11 08:49:00.595076,PAHANG,KUANTAN,PASAR BESAR KUANTAN,Runcit,26,Ternakan,02,003,DAGING LEMBU PEJAL,F.A.Q,Kilogram,38,38,
30723148,2026-07-11,2026-07-11 08:49:00.595076,PAHANG,KUANTAN,PASAR BESAR KUANTAN,Runcit,26,Ternakan,02,003,DAGING LEMBU PEJAL,F.A.Q,Kilogram,38,38,
30723149,2026-07-11,2026-07-11 08:49:31.159043,PAHANG,KUANTAN,PASAR BESAR KUANTAN,Runcit,26,Tanaman Kontan,05,001,KELAPA DIKUPAS,SEDANG,Biji,3.1,3.1416667,
30723150,2026-07-11,2026-07-11 08:49:31.159043,PAHANG,KUANTAN,PASAR BESAR KUANTAN,Runcit,26,Tanaman Kontan,05,001,KELAPA DIKUPAS,SEDANG,Biji,3.1,3.1416667,
30723151,2026-07-11,2026-07-11 08:50:24.42102,PAHANG,KUANTAN,PASAR BESAR KUANTAN,Runcit,26,Buah-Buahan,02,005,BETIK SEKAKI,F.A.Q,Kilogram,4.5,4.6666665,
30723152,2026-07-11,2026-07-11 08:50:24.42102,PAHANG,KUANTAN,PASAR BESAR KUANTAN,Runcit,26,Buah-Buahan,02,005,BETIK SEKAKI,F.A.Q,Kilogram,4.5,4.6666665,
30723153,2026-07-11,2026-07-11 08:50:24.42102,PAHANG,KUANTAN,PASAR BESAR KUANTAN,Runcit,26,Buah-Buahan,02,023,NANAS JOSAPINE (AC5),F.A.Q,Kilogram,6,6,
30723154,2026-07-11,2026-07-11 08:50:24.42102,PAHANG,KUANTAN,PASAR BESAR KUANTAN,Runcit,26,Buah-Buahan,02,023,NANAS JOSAPINE (AC5),F.A.Q,Kilogram,6,6,
30723155,2026-07-11,2026-07-11 08:50:24.42102,PAHANG,KUANTAN,PASAR BESAR KUANTAN,Runcit,26,Buah-Buahan,02,028,PISANG BERANGAN,F.A.Q,Kilogram,5.7,5.7166667,
30723156,2026-07-11,2026-07-11 08:50:24.42102,PAHANG,KUANTAN,PASAR BESAR KUANTAN,Runcit,26,Buah-Buahan,02,028,PISANG BERANGAN,F.A.Q,Kilogram,5.7,5.7166667,
30723157,2026-07-11,2026-07-11 08:50:24.42102,PAHANG,KUANTAN,PASAR BESAR KUANTAN,Runcit,26,Buah-Buahan,02,028,PISANG MAS,F.A.Q,Kilogram,5.8,5.733333,
30723158,2026-07-11,2026-07-11 08:50:24.42102,PAHANG,KUANTAN,PASAR BESAR KUANTAN,Runcit,26,Buah-Buahan,02,028,PISANG MAS,F.A.Q,Kilogram,5.8,5.733333,
30723159,2026-07-11,2026-07-11 08:50:24.42102,PAHANG,KUANTAN,PASAR BESAR KUANTAN,Runcit,26,Buah-Buahan,02,034,TEMBIKAI MERAH TANPA BIJI,F.A.Q,Kilogram,3.5,3.4583333,
30723160,2026-07-11,2026-07-11 08:50:24.42102,PAHANG,KUANTAN,PASAR BESAR KUANTAN,Runcit,26,Buah-Buahan,02,034,TEMBIKAI MERAH TANPA BIJI,F.A.Q,Kilogram,3.5,3.4583333,
30723161,2026-07-11,2026-07-11 08:50:56.137553,PAHANG,KUANTAN,PASAR BESAR KUANTAN,Runcit,26,Ternakan,03,002,AYAM PROSES STANDARD,F.A.Q,Kilogram,11.7,11.7,
30723162,2026-07-11,2026-07-11 08:50:56.137553,PAHANG,KUANTAN,PASAR BESAR KUANTAN,Runcit,26,Ternakan,03,002,AYAM PROSES STANDARD,F.A.Q,Kilogram,11.7,11.7,
30723163,2026-07-11,2026-07-11 08:50:56.137553,PAHANG,KUANTAN,PASAR BESAR KUANTAN,Runcit,26,Ternakan,03,002,AYAM PROSES STANDARD,F.A.Q,Kilogram,11.7,11.7,
30723164,2026-07-11,2026-07-11 08:51:37.17234,SELANGOR,PETALING,"KOMPLEKS PASAR BORONG SELANGOR, SERI KEMBANGAN",Runcit,26,Sayur-Sayuran,03,001,BAYAM,F.A.Q,Kilogram,5,6.02,
30723165,2026-07-11,2026-07-11 08:51:37.17234,SELANGOR,PETALING,"KOMPLEKS PASAR BORONG SELANGOR, SERI KEMBANGAN",Runcit,26,Sayur-Sayuran,02,002,CILI HIJAU,F.A.Q,Kilogram,10,13.18,
30723166,2026-07-11,2026-07-11 08:51:37.17234,SELANGOR,PETALING,"KOMPLEKS PASAR BORONG SELANGOR, SERI KEMBANGAN",Runcit,26,Sayur-Sayuran,02,002,CILI MERAH KULAI / KULAI HIBRID,F.A.Q,Kilogram,15,16.01,
30723167,2026-07-11,2026-07-11 08:51:37.17234,SELANGOR,PETALING,"KOMPLEKS PASAR BORONG SELANGOR, SERI KEMBANGAN",Runcit,26,Sayur-Sayuran,02,002,CILI MERAH MINYAK,F.A.Q,Kilogram,12,13.59,
30723168,2026-07-11,2026-07-11 08:51:37.17234,SELANGOR,PETALING,"KOMPLEKS PASAR BORONG SELANGOR, SERI KEMBANGAN",Runcit,26,Sayur-Sayuran,03,009,DAUN BAWANG,F.A.Q,Kilogram,6,12.95,
30723169,2026-07-11,2026-07-11 08:51:37.17234,SELANGOR,PETALING,"KOMPLEKS PASAR BORONG SELANGOR, SERI KEMBANGAN",Runcit,26,Sayur-Sayuran,03,015,DAUN SUP (TANAH TINGGI),F.A.Q,Kilogram,12,13.35,
30723170,2026-07-11,2026-07-11 08:51:37.17234,SELANGOR,PETALING,"KOMPLEKS PASAR BORONG SELANGOR, SERI KEMBANGAN",Runcit,26,Sayur-Sayuran,04,002,KACANG BENDI,F.A.Q,Kilogram,7,9.12,
30723171,2026-07-11,2026-07-11 08:51:37.17234,SELANGOR,PETALING,"KOMPLEKS PASAR BORONG SELANGOR, SERI KEMBANGAN",Runcit,26,Sayur-Sayuran,04,003,KACANG BUNCIS,F.A.Q,Kilogram,10,13.06,
30723172,2026-07-11,2026-07-11 08:51:37.17234,SELANGOR,PETALING,"KOMPLEKS PASAR BORONG SELANGOR, SERI KEMBANGAN",Runcit,26,Sayur-Sayuran,04,007,KACANG PANJANG HIJAU,F.A.Q,Kilogram,8,8.57,
30723173,2026-07-11,2026-07-11 08:51:37.17234,SELANGOR,PETALING,"KOMPLEKS PASAR BORONG SELANGOR, SERI KEMBANGAN",Runcit,26,Sayur-Sayuran,03,019,KANGKUNG,F.A.Q,Kilogram,5,5.03,
30723174,2026-07-11,2026-07-11 08:51:37.17234,SELANGOR,PETALING,"KOMPLEKS PASAR BORONG SELANGOR, SERI KEMBANGAN",Runcit,26,Sayur-Sayuran,03,006,KUBIS BULAT (CHINA),F.A.Q,Kilogram,2,3.29,
30723175,2026-07-11,2026-07-11 08:51:37.17234,SELANGOR,PETALING,"KOMPLEKS PASAR BORONG SELANGOR, SERI KEMBANGAN",Runcit,26,Sayur-Sayuran,03,006,KUBIS BULAT (TANAH TINGGI),F.A.Q,Kilogram,3.5,4.94,
30723176,2026-07-11,2026-07-11 08:51:37.17234,SELANGOR,PETALING,"KOMPLEKS PASAR BORONG SELANGOR, SERI KEMBANGAN",Runcit,26,Sayur-Sayuran,03,007,SAWI HIJAU (TANAH RENDAH),F.A.Q,Kilogram,5.5,5.99,
30723177,2026-07-11,2026-07-11 08:51:37.17234,SELANGOR,PETALING,"KOMPLEKS PASAR BORONG SELANGOR, SERI KEMBANGAN",Runcit,26,Sayur-Sayuran,03,007,SAWI HIJAU TANAH TINGGI,F.A.Q,Kilogram,5,4,
30723178,2026-07-11,2026-07-11 08:51:37.17234,SELANGOR,PETALING,"KOMPLEKS PASAR BORONG SELANGOR, SERI KEMBANGAN",Runcit,26,Sayur-Sayuran,02,010,TERUNG PANJANG / PEPARU (TANAH RENDAH),F.A.Q,Kilogram,8,8.08,
30723179,2026-07-11,2026-07-11 08:51:37.17234,SELANGOR,PETALING,"KOMPLEKS PASAR BORONG SELANGOR, SERI KEMBANGAN",Runcit,26,Sayur-Sayuran,02,011,TIMUN HIJAU,F.A.Q,Kilogram,3,4.27,
30723180,2026-07-11,2026-07-11 08:51:37.17234,SELANGOR,PETALING,"KOMPLEKS PASAR BORONG SELANGOR, SERI KEMBANGAN",Runcit,26,Sayur-Sayuran,02,012,TOMATO (TANAH TINGGI),F.A.Q,Kilogram,7.5,5.71,
30723181,2026-07-11,2026-07-11 08:54:24.213715,SELANGOR,PETALING,"KOMPLEKS PASAR BORONG SELANGOR, SERI KEMBANGAN",Borong,20,Sayur-Sayuran,03,001,BAYAM,F.A.Q,Kilogram,4,4.08,
30723182,2026-07-11,2026-07-11 08:54:24.213715,SELANGOR,PETALING,"KOMPLEKS PASAR BORONG SELANGOR, SERI KEMBANGAN",Borong,20,Sayur-Sayuran,02,002,CILI HIJAU,F.A.Q,Kilogram,9,10.63,
30723183,2026-07-11,2026-07-11 08:54:24.213715,SELANGOR,PETALING,"KOMPLEKS PASAR BORONG SELANGOR, SERI KEMBANGAN",Borong,20,Sayur-Sayuran,02,002,CILI MERAH KULAI / KULAI HIBRID,F.A.Q,Kilogram,14,12.47,
30723184,2026-07-11,2026-07-11 08:54:24.213715,SELANGOR,PETALING,"KOMPLEKS PASAR BORONG SELANGOR, SERI KEMBANGAN",Borong,20,Sayur-Sayuran,02,002,CILI MERAH MINYAK,F.A.Q,Kilogram,11,10.47,
30723185,2026-07-11,2026-07-11 08:54:24.213715,SELANGOR,PETALING,"KOMPLEKS PASAR BORONG SELANGOR, SERI KEMBANGAN",Borong,20,Sayur-Sayuran,03,009,DAUN BAWANG,F.A.Q,Kilogram,5,9.7,
30723186,2026-07-11,2026-07-11 08:54:24.213715,SELANGOR,PETALING,"KOMPLEKS PASAR BORONG SELANGOR, SERI KEMBANGAN",Borong,20,Sayur-Sayuran,03,015,DAUN SUP (TANAH TINGGI),F.A.Q,Kilogram,11,10.25,
30723187,2026-07-11,2026-07-11 08:54:24.213715,SELANGOR,PETALING,"KOMPLEKS PASAR BORONG SELANGOR, SERI KEMBANGAN",Borong,20,Sayur-Sayuran,04,002,KACANG BENDI,F.A.Q,Kilogram,6,6.56,
30723188,2026-07-11,2026-07-11 08:54:24.213715,SELANGOR,PETALING,"KOMPLEKS PASAR BORONG SELANGOR, SERI KEMBANGAN",Borong,20,Sayur-Sayuran,04,003,KACANG BUNCIS,F.A.Q,Kilogram,9,10.25,
30723189,2026-07-11,2026-07-11 08:54:24.213715,SELANGOR,PETALING,"KOMPLEKS PASAR BORONG SELANGOR, SERI KEMBANGAN",Borong,20,Sayur-Sayuran,04,007,KACANG PANJANG HIJAU,F.A.Q,Kilogram,7,6.13,
30723190,2026-07-11,2026-07-11 08:54:24.213715,SELANGOR,PETALING,"KOMPLEKS PASAR BORONG SELANGOR, SERI KEMBANGAN",Borong,20,Sayur-Sayuran,03,019,KANGKUNG,F.A.Q,Kilogram,4,3.5,
30723191,2026-07-11,2026-07-11 08:54:24.213715,SELANGOR,PETALING,"KOMPLEKS PASAR BORONG SELANGOR, SERI KEMBANGAN",Borong,20,Sayur-Sayuran,03,006,KUBIS BULAT (CHINA),F.A.Q,Kilogram,1.5,2.09,
30723192,2026-07-11,2026-07-11 08:54:24.213715,SELANGOR,PETALING,"KOMPLEKS PASAR BORONG SELANGOR, SERI KEMBANGAN",Borong,20,Sayur-Sayuran,03,006,KUBIS BULAT (TANAH TINGGI),F.A.Q,Kilogram,2.5,3.08,
30723193,2026-07-11,2026-07-11 08:54:24.213715,SELANGOR,PETALING,"KOMPLEKS PASAR BORONG SELANGOR, SERI KEMBANGAN",Borong,20,Sayur-Sayuran,03,007,SAWI HIJAU (TANAH RENDAH),F.A.Q,Kilogram,4.5,4.21,
30723194,2026-07-11,2026-07-11 08:54:24.213715,SELANGOR,PETALING,"KOMPLEKS PASAR BORONG SELANGOR, SERI KEMBANGAN",Borong,20,Sayur-Sayuran,03,007,SAWI HIJAU TANAH TINGGI,F.A.Q,Kilogram,4,25,
30723195,2026-07-11,2026-07-11 08:54:24.213715,SELANGOR,PETALING,"KOMPLEKS PASAR BORONG SELANGOR, SERI KEMBANGAN",Borong,20,Sayur-Sayuran,02,010,TERUNG PANJANG / PEPARU (TANAH RENDAH),F.A.Q,Kilogram,7,7.33,
30723196,2026-07-11,2026-07-11 08:54:24.213715,SELANGOR,PETALING,"KOMPLEKS PASAR BORONG SELANGOR, SERI KEMBANGAN",Borong,20,Sayur-Sayuran,02,011,TIMUN HIJAU,F.A.Q,Kilogram,2,2.74,
30723197,2026-07-11,2026-07-11 08:54:24.213715,SELANGOR,PETALING,"KOMPLEKS PASAR BORONG SELANGOR, SERI KEMBANGAN",Borong,20,Sayur-Sayuran,02,012,TOMATO (TANAH TINGGI),F.A.Q,Kilogram,6.5,3.76,
30723198,2026-07-11,2026-07-11 08:56:51.194732,PAHANG,KUANTAN,PASAR BESAR KUANTAN,Runcit,26,Sayur-Sayuran,05,001,BAWANG BESAR KUNING / HOLLAND,F.A.Q,Kilogram,3.5,3.0833333,
30723199,2026-07-11,2026-07-11 08:56:51.194732,PAHANG,KUANTAN,PASAR BESAR KUANTAN,Runcit,26,Sayur-Sayuran,05,001,BAWANG BESAR KUNING / HOLLAND,F.A.Q,Kilogram,3.5,3.0833333,
30723200,2026-07-11,2026-07-11 08:56:51.194732,PAHANG,KUANTAN,PASAR BESAR KUANTAN,Runcit,26,Sayur-Sayuran,05,001,BAWANG BESAR KUNING / HOLLAND,F.A.Q,Kilogram,3.5,3.0833333,
30723201,2026-07-11,2026-07-11 08:56:51.194732,PAHANG,KUANTAN,PASAR BESAR KUANTAN,Runcit,26,Sayur-Sayuran,05,001,BAWANG BESAR MERAH (INDIA),F.A.Q,Kilogram,3,3,
30723202,2026-07-11,2026-07-11 08:56:51.194732,PAHANG,KUANTAN,PASAR BESAR KUANTAN,Runcit,26,Sayur-Sayuran,05,001,BAWANG BESAR MERAH (INDIA),F.A.Q,Kilogram,3,3,
30723203,2026-07-11,2026-07-11 08:56:51.194732,PAHANG,KUANTAN,PASAR BESAR KUANTAN,Runcit,26,Sayur-Sayuran,05,001,BAWANG BESAR MERAH (INDIA),F.A.Q,Kilogram,3,3,
30723204,2026-07-11,2026-07-11 08:56:51.194732,PAHANG,KUANTAN,PASAR BESAR KUANTAN,Runcit,26,Sayur-Sayuran,05,001,BAWANG MERAH / KECIL (INDIA),F.A.Q,Kilogram,3,3,
30723205,2026-07-11,2026-07-11 08:56:51.194732,PAHANG,KUANTAN,PASAR BESAR KUANTAN,Runcit,26,Sayur-Sayuran,05,001,BAWANG MERAH / KECIL (INDIA),F.A.Q,Kilogram,3,3,
30723206,2026-07-11,2026-07-11 08:56:51.194732,PAHANG,KUANTAN,PASAR BESAR KUANTAN,Runcit,26,Sayur-Sayuran,05,001,BAWANG MERAH / KECIL (INDIA),F.A.Q,Kilogram,3,3,
30723207,2026-07-11,2026-07-11 08:56:51.194732,PAHANG,KUANTAN,PASAR BESAR KUANTAN,Runcit,26,Sayur-Sayuran,05,001,BAWANG MERAH ROSE,F.A.Q,Kilogram,5.5,5.1666665,
30723208,2026-07-11,2026-07-11 08:56:51.194732,PAHANG,KUANTAN,PASAR BESAR KUANTAN,Runcit,26,Sayur-Sayuran,05,001,BAWANG MERAH ROSE,F.A.Q,Kilogram,5.5,5.1666665,
30723209,2026-07-11,2026-07-11 08:56:51.194732,PAHANG,KUANTAN,PASAR BESAR KUANTAN,Runcit,26,Sayur-Sayuran,05,001,BAWANG MERAH ROSE,F.A.Q,Kilogram,5.5,5.1666665,
30723210,2026-07-11,2026-07-11 08:56:51.194732,PAHANG,KUANTAN,PASAR BESAR KUANTAN,Runcit,26,Sayur-Sayuran,05,001,BAWANG PUTIH (CHINA),F.A.Q,Kilogram,8,8,
30723211,2026-07-11,2026-07-11 08:56:51.194732,PAHANG,KUANTAN,PASAR BESAR KUANTAN,Runcit,26,Sayur-Sayuran,05,001,BAWANG PUTIH (CHINA),F.A.Q,Kilogram,8,8,
30723212,2026-07-11,2026-07-11 08:56:51.194732,PAHANG,KUANTAN,PASAR BESAR KUANTAN,Runcit,26,Sayur-Sayuran,05,001,BAWANG PUTIH (CHINA),F.A.Q,Kilogram,8,8,
30723213,2026-07-11,2026-07-11 08:56:51.194732,PAHANG,KUANTAN,PASAR BESAR KUANTAN,Runcit,26,Sayur-Sayuran,05,009,UBI KENTANG HOLLAND,F.A.Q,Kilogram,3,3,
30723214,2026-07-11,2026-07-11 08:56:51.194732,PAHANG,KUANTAN,PASAR BESAR KUANTAN,Runcit,26,Sayur-Sayuran,05,009,UBI KENTANG HOLLAND,F.A.Q,Kilogram,3,3,
30723215,2026-07-11,2026-07-11 08:56:51.194732,PAHANG,KUANTAN,PASAR BESAR KUANTAN,Runcit,26,Sayur-Sayuran,05,009,UBI KENTANG HOLLAND,F.A.Q,Kilogram,3,3,
30723216,2026-07-11,2026-07-11 09:00:20.876449,SARAWAK,KUCHING,LADANG/KEBUN SIBURAN,Ladang,,Sayur-Sayuran,03,001,BAYAM,F.A.Q,Kilogram,2.8,1.9909091,
30723217,2026-07-11,2026-07-11 09:00:20.876449,SARAWAK,KUCHING,LADANG/KEBUN SIBURAN,Ladang,,Sayur-Sayuran,02,002,CILI HIJAU,F.A.Q,Kilogram,7,8,
30723218,2026-07-11,2026-07-11 09:00:20.876449,SARAWAK,KUCHING,LADANG/KEBUN SIBURAN,Ladang,,Sayur-Sayuran,02,002,CILI MERAH KULAI / KULAI HIBRID,F.A.Q,Kilogram,8,7.7272725,
30723219,2026-07-11,2026-07-11 09:00:20.876449,SARAWAK,KUCHING,LADANG/KEBUN SIBURAN,Ladang,,Sayur-Sayuran,02,002,CILI MERAH MINYAK,F.A.Q,Kilogram,8,7.7272725,
30723220,2026-07-11,2026-07-11 09:00:20.876449,SARAWAK,KUCHING,LADANG/KEBUN SIBURAN,Ladang,,Sayur-Sayuran,03,009,DAUN BAWANG,F.A.Q,Kilogram,20,20,
30723221,2026-07-11,2026-07-11 09:00:20.876449,SARAWAK,KUCHING,LADANG/KEBUN SIBURAN,Ladang,,Sayur-Sayuran,04,002,KACANG BENDI,F.A.Q,Kilogram,3,2.7818182,
30723222,2026-07-11,2026-07-11 09:00:20.876449,SARAWAK,KUCHING,LADANG/KEBUN SIBURAN,Ladang,,Sayur-Sayuran,04,003,KACANG BUNCIS,F.A.Q,Kilogram,4.5,6,
30723223,2026-07-11,2026-07-11 09:00:20.876449,SARAWAK,KUCHING,LADANG/KEBUN SIBURAN,Ladang,,Sayur-Sayuran,04,007,KACANG PANJANG HIJAU,F.A.Q,Kilogram,2,1.8272728,
30723224,2026-07-11,2026-07-11 09:00:20.876449,SARAWAK,KUCHING,LADANG/KEBUN SIBURAN,Ladang,,Sayur-Sayuran,03,019,KANGKUNG,F.A.Q,Kilogram,2,2.1333334,
30723225,2026-07-11,2026-07-11 09:00:20.876449,SARAWAK,KUCHING,LADANG/KEBUN SIBURAN,Ladang,,Sayur-Sayuran,03,007,SAWI HIJAU (TANAH RENDAH),F.A.Q,Kilogram,4,3.909091,
30723226,2026-07-11,2026-07-11 09:00:20.876449,SARAWAK,KUCHING,LADANG/KEBUN SIBURAN,Ladang,,Sayur-Sayuran,02,010,TERUNG PANJANG / PEPARU (TANAH RENDAH),F.A.Q,Kilogram,3.5,3.6818182,
30723227,2026-07-11,2026-07-11 09:00:20.876449,SARAWAK,KUCHING,LADANG/KEBUN SIBURAN,Ladang,,Sayur-Sayuran,02,011,TIMUN HIJAU,F.A.Q,Kilogram,1.5,1.4454546,
30723228,2026-07-11,2026-07-11 09:02:14.859884,SARAWAK,KUCHING,LADANG/KEBUN SIBURAN,Ladang,,Buah-Buahan,02,005,BETIK SEKAKI,F.A.Q,Kilogram,2,2,
30723229,2026-07-11,2026-07-11 09:02:14.859884,SARAWAK,KUCHING,LADANG/KEBUN SIBURAN,Ladang,,Buah-Buahan,02,028,PISANG BERANGAN,F.A.Q,Kilogram,3.5,3.5,
30723230,2026-07-11,2026-07-11 09:02:14.859884,SARAWAK,KUCHING,LADANG/KEBUN SIBURAN,Ladang,,Buah-Buahan,02,028,PISANG MAS,F.A.Q,Kilogram,1.5,1.5,
30723231,2026-07-11,2026-07-11 09:02:14.859884,SARAWAK,KUCHING,LADANG/KEBUN SIBURAN,Ladang,,Buah-Buahan,02,034,TEMBIKAI MERAH TANPA BIJI,F.A.Q,Kilogram,1.8,1.8,
30723232,2026-07-11,2026-07-11 09:02:43.964114,SARAWAK,KUCHING,LADANG/KEBUN SIBURAN,Ladang,,Tanaman Kontan,05,001,KELAPA DIKUPAS,SEDANG,Biji,1.4,1.4,
30723233,2026-07-11,2026-07-11 09:03:43.91768,SARAWAK,KUCHING,LADANG/KEBUN SIBURAN,Ladang,,Ternakan,11,001,TELUR AYAM,A,Biji,0.52,0.52,
30723234,2026-07-11,2026-07-11 09:03:43.91768,SARAWAK,KUCHING,LADANG/KEBUN SIBURAN,Ladang,,Ternakan,11,001,TELUR AYAM,C,Biji,0.46,0.46,
30723235,2026-07-11,2026-07-11 09:03:43.91768,SARAWAK,KUCHING,LADANG/KEBUN SIBURAN,Ladang,,Ternakan,11,001,TELUR AYAM,B,Biji,0.49,0.49,
30723236,2026-07-11,2026-07-11 09:04:00.431231,JOHOR,MERSING,PASAR AWAM MERSING,Runcit,26,Sayur-Sayuran,05,001,BAWANG BESAR KUNING / HOLLAND,F.A.Q,Kilogram,4,4.75,
30723237,2026-07-11,2026-07-11 09:04:00.431231,JOHOR,MERSING,PASAR AWAM MERSING,Runcit,26,Sayur-Sayuran,05,001,BAWANG BESAR MERAH (IMPORT),F.A.Q,Kilogram,4,4.8,
30723238,2026-07-11,2026-07-11 09:04:00.431231,JOHOR,MERSING,PASAR AWAM MERSING,Runcit,26,Sayur-Sayuran,05,001,BAWANG MERAH ROSE,F.A.Q,Kilogram,10,10,
30723239,2026-07-11,2026-07-11 09:04:00.431231,JOHOR,MERSING,PASAR AWAM MERSING,Runcit,26,Sayur-Sayuran,05,001,BAWANG PUTIH (CHINA),F.A.Q,Kilogram,12,12,
30723240,2026-07-11,2026-07-11 09:04:00.431231,JOHOR,MERSING,PASAR AWAM MERSING,Runcit,26,Sayur-Sayuran,03,001,BAYAM,F.A.Q,Kilogram,6,6.75,
30723241,2026-07-11,2026-07-11 09:04:00.431231,JOHOR,MERSING,PASAR AWAM MERSING,Runcit,26,Sayur-Sayuran,02,002,CILI HIJAU,F.A.Q,Kilogram,15,14.222222,
30723242,2026-07-11,2026-07-11 09:04:00.431231,JOHOR,MERSING,PASAR AWAM MERSING,Runcit,26,Sayur-Sayuran,02,002,CILI HIJAU,F.A.Q,Kilogram,13,14.222222,
30723243,2026-07-11,2026-07-11 09:04:00.431231,JOHOR,MERSING,PASAR AWAM MERSING,Runcit,26,Sayur-Sayuran,02,002,CILI MERAH MINYAK,F.A.Q,Kilogram,15,13.59,
30723244,2026-07-11,2026-07-11 09:04:00.431231,JOHOR,MERSING,PASAR AWAM MERSING,Runcit,26,Sayur-Sayuran,03,009,DAUN BAWANG,F.A.Q,Kilogram,10,10.3,
30723245,2026-07-11,2026-07-11 09:04:00.431231,JOHOR,MERSING,PASAR AWAM MERSING,Runcit,26,Sayur-Sayuran,03,009,DAUN BAWANG,F.A.Q,Kilogram,12,10.3,
30723246,2026-07-11,2026-07-11 09:04:00.431231,JOHOR,MERSING,PASAR AWAM MERSING,Runcit,26,Sayur-Sayuran,03,015,DAUN SUP (TANAH TINGGI),F.A.Q,Kilogram,20,13.35,
30723247,2026-07-11,2026-07-11 09:04:00.431231,JOHOR,MERSING,PASAR AWAM MERSING,Runcit,26,Sayur-Sayuran,03,015,DAUN SUP (TANAH TINGGI),F.A.Q,Kilogram,20,13.35,
30723248,2026-07-11,2026-07-11 09:04:00.431231,JOHOR,MERSING,PASAR AWAM MERSING,Runcit,26,Sayur-Sayuran,04,002,KACANG BENDI,F.A.Q,Kilogram,8,8.25,
30723249,2026-07-11,2026-07-11 09:04:00.431231,JOHOR,MERSING,PASAR AWAM MERSING,Runcit,26,Sayur-Sayuran,04,002,KACANG BENDI,F.A.Q,Kilogram,8,8.25,
30723250,2026-07-11,2026-07-11 09:04:00.431231,JOHOR,MERSING,PASAR AWAM MERSING,Runcit,26,Sayur-Sayuran,04,003,KACANG BUNCIS,F.A.Q,Kilogram,18,12.875,
30723251,2026-07-11,2026-07-11 09:04:00.431231,JOHOR,MERSING,PASAR AWAM MERSING,Runcit,26,Sayur-Sayuran,04,003,KACANG BUNCIS,F.A.Q,Kilogram,16,12.875,
30723252,2026-07-11,2026-07-11 09:04:00.431231,JOHOR,MERSING,PASAR AWAM MERSING,Runcit,26,Sayur-Sayuran,04,007,KACANG PANJANG HIJAU,F.A.Q,Kilogram,8,10,
30723253,2026-07-11,2026-07-11 09:04:00.431231,JOHOR,MERSING,PASAR AWAM MERSING,Runcit,26,Sayur-Sayuran,04,007,KACANG PANJANG HIJAU,F.A.Q,Kilogram,10,10,
30723254,2026-07-11,2026-07-11 09:04:00.431231,JOHOR,MERSING,PASAR AWAM MERSING,Runcit,26,Sayur-Sayuran,03,019,KANGKUNG,F.A.Q,Kilogram,6,6.6,
30723255,2026-07-11,2026-07-11 09:04:00.431231,JOHOR,MERSING,PASAR AWAM MERSING,Runcit,26,Sayur-Sayuran,03,006,KUBIS BULAT (CHINA),F.A.Q,Kilogram,6,6,
30723256,2026-07-11,2026-07-11 09:04:00.431231,JOHOR,MERSING,PASAR AWAM MERSING,Runcit,26,Sayur-Sayuran,03,006,KUBIS BULAT (CHINA),F.A.Q,Kilogram,6,6,
30723257,2026-07-11,2026-07-11 09:04:00.431231,JOHOR,MERSING,PASAR AWAM MERSING,Runcit,26,Sayur-Sayuran,03,007,SAWI HIJAU (TANAH RENDAH),F.A.Q,Kilogram,6,6.571429,
30723258,2026-07-11,2026-07-11 09:04:00.431231,JOHOR,MERSING,PASAR AWAM MERSING,Runcit,26,Sayur-Sayuran,02,010,TERUNG PANJANG / PEPARU (TANAH RENDAH),F.A.Q,Kilogram,9,8.08,
30723259,2026-07-11,2026-07-11 09:04:00.431231,JOHOR,MERSING,PASAR AWAM MERSING,Runcit,26,Sayur-Sayuran,02,011,TIMUN HIJAU,F.A.Q,Kilogram,5,4.27,
30723260,2026-07-11,2026-07-11 09:04:00.431231,JOHOR,MERSING,PASAR AWAM MERSING,Runcit,26,Sayur-Sayuran,02,011,TIMUN HIJAU,F.A.Q,Kilogram,5,4.27,
30723261,2026-07-11,2026-07-11 09:04:00.431231,JOHOR,MERSING,PASAR AWAM MERSING,Runcit,26,Sayur-Sayuran,02,012,TOMATO (TANAH TINGGI),F.A.Q,Kilogram,14,8,
30723262,2026-07-11,2026-07-11 09:04:00.431231,JOHOR,MERSING,PASAR AWAM MERSING,Runcit,26,Sayur-Sayuran,02,012,TOMATO (TANAH TINGGI),F.A.Q,Kilogram,10,8,
30723263,2026-07-11,2026-07-11 09:04:00.431231,JOHOR,MERSING,PASAR AWAM MERSING,Runcit,26,Sayur-Sayuran,05,009,UBI KENTANG HOLLAND,F.A.Q,Kilogram,4,4.75,
30723264,2026-07-11,2026-07-11 09:13:33.819628,PAHANG,KUANTAN,PASAR BESAR KUANTAN,Runcit,26,Sayur-Sayuran,03,001,BAYAM,F.A.Q,Kilogram,5.5,5.4933333,
30723265,2026-07-11,2026-07-11 09:13:33.819628,PAHANG,KUANTAN,PASAR BESAR KUANTAN,Runcit,26,Sayur-Sayuran,03,001,BAYAM,F.A.Q,Kilogram,5.6,5.4933333,
30723266,2026-07-11,2026-07-11 09:13:33.819628,PAHANG,KUANTAN,PASAR BESAR KUANTAN,Runcit,26,Sayur-Sayuran,03,001,BAYAM,F.A.Q,Kilogram,5.5,5.4933333,
30723267,2026-07-11,2026-07-11 09:13:33.819628,PAHANG,KUANTAN,PASAR BESAR KUANTAN,Runcit,26,Sayur-Sayuran,03,001,BAYAM,F.A.Q,Kilogram,5.3,5.4933333,
30723268,2026-07-11,2026-07-11 09:13:33.819628,PAHANG,KUANTAN,PASAR BESAR KUANTAN,Runcit,26,Sayur-Sayuran,03,001,BAYAM,F.A.Q,Kilogram,5.3,5.4933333,
30723269,2026-07-11,2026-07-11 09:13:33.819628,PAHANG,KUANTAN,PASAR BESAR KUANTAN,Runcit,26,Sayur-Sayuran,02,002,CILI HIJAU,F.A.Q,Kilogram,11,11.54,
30723270,2026-07-11,2026-07-11 09:13:33.819628,PAHANG,KUANTAN,PASAR BESAR KUANTAN,Runcit,26,Sayur-Sayuran,02,002,CILI HIJAU,F.A.Q,Kilogram,11.5,11.54,
30723271,2026-07-11,2026-07-11 09:13:33.819628,PAHANG,KUANTAN,PASAR BESAR KUANTAN,Runcit,26,Sayur-Sayuran,02,002,CILI HIJAU,F.A.Q,Kilogram,11.3,11.54,
30723272,2026-07-11,2026-07-11 09:13:33.819628,PAHANG,KUANTAN,PASAR BESAR KUANTAN,Runcit,26,Sayur-Sayuran,02,002,CILI HIJAU,F.A.Q,Kilogram,11.5,11.54,
30723273,2026-07-11,2026-07-11 09:13:33.819628,PAHANG,KUANTAN,PASAR BESAR KUANTAN,Runcit,26,Sayur-Sayuran,02,002,CILI HIJAU,F.A.Q,Kilogram,11.2,11.54,
30723274,2026-07-11,2026-07-11 09:13:33.819628,PAHANG,KUANTAN,PASAR BESAR KUANTAN,Runcit,26,Sayur-Sayuran,02,002,CILI MERAH KULAI / KULAI HIBRID,F.A.Q,Kilogram,16,16.418333,
30723275,2026-07-11,2026-07-11 09:13:33.819628,PAHANG,KUANTAN,PASAR BESAR KUANTAN,Runcit,26,Sayur-Sayuran,02,002,CILI MERAH KULAI / KULAI HIBRID,F.A.Q,Kilogram,15.5,16.418333,
30723276,2026-07-11,2026-07-11 09:13:33.819628,PAHANG,KUANTAN,PASAR BESAR KUANTAN,Runcit,26,Sayur-Sayuran,02,002,CILI MERAH KULAI / KULAI HIBRID,F.A.Q,Kilogram,16,16.418333,
30723277,2026-07-11,2026-07-11 09:13:33.819628,PAHANG,KUANTAN,PASAR BESAR KUANTAN,Runcit,26,Sayur-Sayuran,02,002,CILI MERAH KULAI / KULAI HIBRID,F.A.Q,Kilogram,15.8,16.418333,
30723278,2026-07-11,2026-07-11 09:13:33.819628,PAHANG,KUANTAN,PASAR BESAR KUANTAN,Runcit,26,Sayur-Sayuran,02,002,CILI MERAH KULAI / KULAI HIBRID,F.A.Q,Kilogram,16,16.418333,
30723279,2026-07-11,2026-07-11 09:13:33.819628,PAHANG,KUANTAN,PASAR BESAR KUANTAN,Runcit,26,Sayur-Sayuran,02,002,CILI MERAH MINYAK,F.A.Q,Kilogram,12.3,12.441667,
30723280,2026-07-11,2026-07-11 09:13:33.819628,PAHANG,KUANTAN,PASAR BESAR KUANTAN,Runcit,26,Sayur-Sayuran,02,002,CILI MERAH MINYAK,F.A.Q,Kilogram,12.5,12.441667,
30723281,2026-07-11,2026-07-11 09:13:33.819628,PAHANG,KUANTAN,PASAR BESAR KUANTAN,Runcit,26,Sayur-Sayuran,02,002,CILI MERAH MINYAK,F.A.Q,Kilogram,12.5,12.441667,
30723282,2026-07-11,2026-07-11 09:13:33.819628,PAHANG,KUANTAN,PASAR BESAR KUANTAN,Runcit,26,Sayur-Sayuran,02,002,CILI MERAH MINYAK,F.A.Q,Kilogram,12.2,12.441667,
30723283,2026-07-11,2026-07-11 09:13:33.819628,PAHANG,KUANTAN,PASAR BESAR KUANTAN,Runcit,26,Sayur-Sayuran,02,002,CILI MERAH MINYAK,F.A.Q,Kilogram,12.5,12.441667,
30723284,2026-07-11,2026-07-11 09:13:33.819628,PAHANG,KUANTAN,PASAR BESAR KUANTAN,Runcit,26,Sayur-Sayuran,03,009,DAUN BAWANG,F.A.Q,Kilogram,10,9.663333,
30723285,2026-07-11,2026-07-11 09:13:33.819628,PAHANG,KUANTAN,PASAR BESAR KUANTAN,Runcit,26,Sayur-Sayuran,03,009,DAUN BAWANG,F.A.Q,Kilogram,10,9.663333,
30723286,2026-07-11,2026-07-11 09:13:33.819628,PAHANG,KUANTAN,PASAR BESAR KUANTAN,Runcit,26,Sayur-Sayuran,03,009,DAUN BAWANG,F.A.Q,Kilogram,10,9.663333,
30723287,2026-07-11,2026-07-11 09:13:33.819628,PAHANG,KUANTAN,PASAR BESAR KUANTAN,Runcit,26,Sayur-Sayuran,03,009,DAUN BAWANG,F.A.Q,Kilogram,10,9.663333,
30723288,2026-07-11,2026-07-11 09:13:33.819628,PAHANG,KUANTAN,PASAR BESAR KUANTAN,Runcit,26,Sayur-Sayuran,03,009,DAUN BAWANG,F.A.Q,Kilogram,10.5,9.663333,
30723289,2026-07-11,2026-07-11 09:13:33.819628,PAHANG,KUANTAN,PASAR BESAR KUANTAN,Runcit,26,Sayur-Sayuran,04,002,KACANG BENDI,F.A.Q,Kilogram,5.8,6.201667,
30723290,2026-07-11,2026-07-11 09:13:33.819628,PAHANG,KUANTAN,PASAR BESAR KUANTAN,Runcit,26,Sayur-Sayuran,04,002,KACANG BENDI,F.A.Q,Kilogram,5.8,6.201667,
30723291,2026-07-11,2026-07-11 09:13:33.819628,PAHANG,KUANTAN,PASAR BESAR KUANTAN,Runcit,26,Sayur-Sayuran,04,002,KACANG BENDI,F.A.Q,Kilogram,6,6.201667,
30723292,2026-07-11,2026-07-11 09:13:33.819628,PAHANG,KUANTAN,PASAR BESAR KUANTAN,Runcit,26,Sayur-Sayuran,04,002,KACANG BENDI,F.A.Q,Kilogram,5.8,6.201667,
30723293,2026-07-11,2026-07-11 09:13:33.819628,PAHANG,KUANTAN,PASAR BESAR KUANTAN,Runcit,26,Sayur-Sayuran,04,002,KACANG BENDI,F.A.Q,Kilogram,6,6.201667,
30723294,2026-07-11,2026-07-11 09:13:33.819628,PAHANG,KUANTAN,PASAR BESAR KUANTAN,Runcit,26,Sayur-Sayuran,04,003,KACANG BUNCIS,F.A.Q,Kilogram,12,10.923333,
30723295,2026-07-11,2026-07-11 09:13:33.819628,PAHANG,KUANTAN,PASAR BESAR KUANTAN,Runcit,26,Sayur-Sayuran,04,003,KACANG BUNCIS,F.A.Q,Kilogram,12.5,10.923333,
30723296,2026-07-11,2026-07-11 09:13:33.819628,PAHANG,KUANTAN,PASAR BESAR KUANTAN,Runcit,26,Sayur-Sayuran,04,003,KACANG BUNCIS,F.A.Q,Kilogram,12,10.923333,
30723297,2026-07-11,2026-07-11 09:13:33.819628,PAHANG,KUANTAN,PASAR BESAR KUANTAN,Runcit,26,Sayur-Sayuran,04,003,KACANG BUNCIS,F.A.Q,Kilogram,12.3,10.923333,
30723298,2026-07-11,2026-07-11 09:13:33.819628,PAHANG,KUANTAN,PASAR BESAR KUANTAN,Runcit,26,Sayur-Sayuran,04,003,KACANG BUNCIS,F.A.Q,Kilogram,12,10.923333,
30723299,2026-07-11,2026-07-11 09:13:33.819628,PAHANG,KUANTAN,PASAR BESAR KUANTAN,Runcit,26,Sayur-Sayuran,04,007,KACANG PANJANG HIJAU,F.A.Q,Kilogram,7.5,7.5916667,
30723300,2026-07-11,2026-07-11 09:13:33.819628,PAHANG,KUANTAN,PASAR BESAR KUANTAN,Runcit,26,Sayur-Sayuran,04,007,KACANG PANJANG HIJAU,F.A.Q,Kilogram,7.6,7.5916667,
30723301,2026-07-11,2026-07-11 09:13:33.819628,PAHANG,KUANTAN,PASAR BESAR KUANTAN,Runcit,26,Sayur-Sayuran,04,007,KACANG PANJANG HIJAU,F.A.Q,Kilogram,7.5,7.5916667,
30723302,2026-07-11,2026-07-11 09:13:33.819628,PAHANG,KUANTAN,PASAR BESAR KUANTAN,Runcit,26,Sayur-Sayuran,04,007,KACANG PANJANG HIJAU,F.A.Q,Kilogram,7.7,7.5916667,
30723303,2026-07-11,2026-07-11 09:13:33.819628,PAHANG,KUANTAN,PASAR BESAR KUANTAN,Runcit,26,Sayur-Sayuran,04,007,KACANG PANJANG HIJAU,F.A.Q,Kilogram,7.8,7.5916667,
30723304,2026-07-11,2026-07-11 09:13:33.819628,PAHANG,KUANTAN,PASAR BESAR KUANTAN,Runcit,26,Sayur-Sayuran,03,019,KANGKUNG,F.A.Q,Kilogram,5.5,5.2433333,
30723305,2026-07-11,2026-07-11 09:13:33.819628,PAHANG,KUANTAN,PASAR BESAR KUANTAN,Runcit,26,Sayur-Sayuran,03,019,KANGKUNG,F.A.Q,Kilogram,5.3,5.2433333,
30723306,2026-07-11,2026-07-11 09:13:33.819628,PAHANG,KUANTAN,PASAR BESAR KUANTAN,Runcit,26,Sayur-Sayuran,03,019,KANGKUNG,F.A.Q,Kilogram,5.5,5.2433333,
30723307,2026-07-11,2026-07-11 09:13:33.819628,PAHANG,KUANTAN,PASAR BESAR KUANTAN,Runcit,26,Sayur-Sayuran,03,019,KANGKUNG,F.A.Q,Kilogram,5.3,5.2433333,
30723308,2026-07-11,2026-07-11 09:13:33.819628,PAHANG,KUANTAN,PASAR BESAR KUANTAN,Runcit,26,Sayur-Sayuran,03,019,KANGKUNG,F.A.Q,Kilogram,5.5,5.2433333,
30723309,2026-07-11,2026-07-11 09:13:33.819628,PAHANG,KUANTAN,PASAR BESAR KUANTAN,Runcit,26,Sayur-Sayuran,03,006,KUBIS BULAT (CHINA),F.A.Q,Kilogram,3.5,3.68,
30723310,2026-07-11,2026-07-11 09:13:33.819628,PAHANG,KUANTAN,PASAR BESAR KUANTAN,Runcit,26,Sayur-Sayuran,03,006,KUBIS BULAT (CHINA),F.A.Q,Kilogram,3.7,3.68,
30723311,2026-07-11,2026-07-11 09:13:33.819628,PAHANG,KUANTAN,PASAR BESAR KUANTAN,Runcit,26,Sayur-Sayuran,03,006,KUBIS BULAT (CHINA),F.A.Q,Kilogram,3.6,3.68,
30723312,2026-07-11,2026-07-11 09:13:33.819628,PAHANG,KUANTAN,PASAR BESAR KUANTAN,Runcit,26,Sayur-Sayuran,03,006,KUBIS BULAT (CHINA),F.A.Q,Kilogram,3.5,3.68,
30723313,2026-07-11,2026-07-11 09:13:33.819628,PAHANG,KUANTAN,PASAR BESAR KUANTAN,Runcit,26,Sayur-Sayuran,03,006,KUBIS BULAT (CHINA),F.A.Q,Kilogram,3.6,3.68,
30723314,2026-07-11,2026-07-11 09:13:33.819628,PAHANG,KUANTAN,PASAR BESAR KUANTAN,Runcit,26,Sayur-Sayuran,03,006,KUBIS BULAT (TANAH TINGGI),F.A.Q,Kilogram,5.5,5.625,
30723315,2026-07-11,2026-07-11 09:13:33.819628,PAHANG,KUANTAN,PASAR BESAR KUANTAN,Runcit,26,Sayur-Sayuran,03,007,SAWI HIJAU (TANAH RENDAH),F.A.Q,Kilogram,5.5,5.6766667,
30723316,2026-07-11,2026-07-11 09:13:34.141664,PAHANG,KUANTAN,PASAR BESAR KUANTAN,Runcit,26,Sayur-Sayuran,03,007,SAWI HIJAU (TANAH RENDAH),F.A.Q,Kilogram,5.8,5.6766667,
30723317,2026-07-11,2026-07-11 09:13:34.141664,PAHANG,KUANTAN,PASAR BESAR KUANTAN,Runcit,26,Sayur-Sayuran,03,007,SAWI HIJAU (TANAH RENDAH),F.A.Q,Kilogram,5.6,5.6766667,
30723318,2026-07-11,2026-07-11 09:13:34.141664,PAHANG,KUANTAN,PASAR BESAR KUANTAN,Runcit,26,Sayur-Sayuran,03,007,SAWI HIJAU (TANAH RENDAH),F.A.Q,Kilogram,5.6,5.6766667,
30723319,2026-07-11,2026-07-11 09:13:34.141664,PAHANG,KUANTAN,PASAR BESAR KUANTAN,Runcit,26,Sayur-Sayuran,03,007,SAWI HIJAU (TANAH RENDAH),F.A.Q,Kilogram,5.7,5.6766667,
30723320,2026-07-11,2026-07-11 09:13:34.141664,PAHANG,KUANTAN,PASAR BESAR KUANTAN,Runcit,26,Sayur-Sayuran,02,010,TERUNG PANJANG / PEPARU (TANAH RENDAH),F.A.Q,Kilogram,8.5,8.905,
30723321,2026-07-11,2026-07-11 09:13:34.141664,PAHANG,KUANTAN,PASAR BESAR KUANTAN,Runcit,26,Sayur-Sayuran,02,010,TERUNG PANJANG / PEPARU (TANAH RENDAH),F.A.Q,Kilogram,8.3,8.905,
30723322,2026-07-11,2026-07-11 09:13:34.141664,PAHANG,KUANTAN,PASAR BESAR KUANTAN,Runcit,26,Sayur-Sayuran,02,010,TERUNG PANJANG / PEPARU (TANAH RENDAH),F.A.Q,Kilogram,8.5,8.905,
30723323,2026-07-11,2026-07-11 09:13:34.141664,PAHANG,KUANTAN,PASAR BESAR KUANTAN,Runcit,26,Sayur-Sayuran,02,010,TERUNG PANJANG / PEPARU (TANAH RENDAH),F.A.Q,Kilogram,8.4,8.905,
30723324,2026-07-11,2026-07-11 09:13:34.141664,PAHANG,KUANTAN,PASAR BESAR KUANTAN,Runcit,26,Sayur-Sayuran,02,010,TERUNG PANJANG / PEPARU (TANAH RENDAH),F.A.Q,Kilogram,8.5,8.905,
30723325,2026-07-11,2026-07-11 09:13:34.141664,PAHANG,KUANTAN,PASAR BESAR KUANTAN,Runcit,26,Sayur-Sayuran,02,011,TIMUN HIJAU,F.A.Q,Kilogram,3,3.8133333,
30723326,2026-07-11,2026-07-11 09:13:34.141664,PAHANG,KUANTAN,PASAR BESAR KUANTAN,Runcit,26,Sayur-Sayuran,02,011,TIMUN HIJAU,F.A.Q,Kilogram,3.3,3.8133333,
30723327,2026-07-11,2026-07-11 09:13:34.141664,PAHANG,KUANTAN,PASAR BESAR KUANTAN,Runcit,26,Sayur-Sayuran,02,011,TIMUN HIJAU,F.A.Q,Kilogram,3.2,3.8133333,
30723328,2026-07-11,2026-07-11 09:13:34.141664,PAHANG,KUANTAN,PASAR BESAR KUANTAN,Runcit,26,Sayur-Sayuran,02,011,TIMUN HIJAU,F.A.Q,Kilogram,3.3,3.8133333,
30723329,2026-07-11,2026-07-11 09:13:34.141664,PAHANG,KUANTAN,PASAR BESAR KUANTAN,Runcit,26,Sayur-Sayuran,02,011,TIMUN HIJAU,F.A.Q,Kilogram,3.1,3.8133333,
30723330,2026-07-11,2026-07-11 09:13:34.141664,PAHANG,KUANTAN,PASAR BESAR KUANTAN,Runcit,26,Sayur-Sayuran,02,012,TOMATO (TANAH TINGGI),F.A.Q,Kilogram,8.8,9.88,
30723331,2026-07-11,2026-07-11 09:13:34.141664,PAHANG,KUANTAN,PASAR BESAR KUANTAN,Runcit,26,Sayur-Sayuran,02,012,TOMATO (TANAH TINGGI),F.A.Q,Kilogram,9,9.88,
30723332,2026-07-11,2026-07-11 09:13:34.141664,PAHANG,KUANTAN,PASAR BESAR KUANTAN,Runcit,26,Sayur-Sayuran,02,012,TOMATO (TANAH TINGGI),F.A.Q,Kilogram,9,9.88,
30723333,2026-07-11,2026-07-11 09:13:34.141664,PAHANG,KUANTAN,PASAR BESAR KUANTAN,Runcit,26,Sayur-Sayuran,02,012,TOMATO (TANAH TINGGI),F.A.Q,Kilogram,8.7,9.88,
30723334,2026-07-11,2026-07-11 09:13:34.141664,PAHANG,KUANTAN,PASAR BESAR KUANTAN,Runcit,26,Sayur-Sayuran,02,012,TOMATO (TANAH TINGGI),F.A.Q,Kilogram,8.8,9.88,
30723335,2026-07-11,2026-07-11 09:15:29.504807,PAHANG,KUANTAN,PASAR BESAR KUANTAN,Runcit,26,Sayur-Sayuran,03,015,DAUN SUP (TANAH TINGGI),F.A.Q,Kilogram,22.5,19.576666,
30723336,2026-07-11,2026-07-11 09:15:29.504807,PAHANG,KUANTAN,PASAR BESAR KUANTAN,Runcit,26,Sayur-Sayuran,03,015,DAUN SUP (TANAH TINGGI),F.A.Q,Kilogram,22.5,19.576666,
30723337,2026-07-11,2026-07-11 09:15:29.504807,PAHANG,KUANTAN,PASAR BESAR KUANTAN,Runcit,26,Sayur-Sayuran,03,015,DAUN SUP (TANAH TINGGI),F.A.Q,Kilogram,22,19.576666,
30723338,2026-07-11,2026-07-11 09:15:29.504807,PAHANG,KUANTAN,PASAR BESAR KUANTAN,Runcit,26,Sayur-Sayuran,03,015,DAUN SUP (TANAH TINGGI),F.A.Q,Kilogram,22.5,19.576666,
30723339,2026-07-11,2026-07-11 09:15:29.504807,PAHANG,KUANTAN,PASAR BESAR KUANTAN,Runcit,26,Sayur-Sayuran,03,015,DAUN SUP (TANAH TINGGI),F.A.Q,Kilogram,22,19.576666,
30723340,2026-07-11,2026-07-11 09:17:55.075194,W.P. KUALA LUMPUR,BATU,PASAR HARIAN SELAYANG,Runcit,26,Ternakan,03,002,AYAM PROSES STANDARD,F.A.Q,Kilogram,10.2,10.25,
30723341,2026-07-11,2026-07-11 09:17:55.075194,W.P. KUALA LUMPUR,BATU,PASAR HARIAN SELAYANG,Runcit,26,Ternakan,03,002,AYAM PROSES STANDARD,F.A.Q,Kilogram,10.3,10.25,
30723342,2026-07-11,2026-07-11 09:17:55.075194,W.P. KUALA LUMPUR,BATU,PASAR HARIAN SELAYANG,Runcit,26,Sayur-Sayuran,05,001,BAWANG BESAR KUNING / HOLLAND,F.A.Q,Kilogram,4,4.3333335,
30723343,2026-07-11,2026-07-11 09:17:55.075194,W.P. KUALA LUMPUR,BATU,PASAR HARIAN SELAYANG,Runcit,26,Sayur-Sayuran,05,001,BAWANG BESAR KUNING / HOLLAND,F.A.Q,Kilogram,4.5,4.3333335,
30723344,2026-07-11,2026-07-11 09:17:55.075194,W.P. KUALA LUMPUR,BATU,PASAR HARIAN SELAYANG,Runcit,26,Sayur-Sayuran,05,001,BAWANG BESAR MERAH (INDIA),F.A.Q,Kilogram,3.5,3.3666666,
30723345,2026-07-11,2026-07-11 09:17:55.075194,W.P. KUALA LUMPUR,BATU,PASAR HARIAN SELAYANG,Runcit,26,Sayur-Sayuran,05,001,BAWANG BESAR MERAH (INDIA),F.A.Q,Kilogram,3.2,3.3666666,
30723346,2026-07-11,2026-07-11 09:17:55.075194,W.P. KUALA LUMPUR,BATU,PASAR HARIAN SELAYANG,Runcit,26,Sayur-Sayuran,05,001,BAWANG MERAH / KECIL (IMPORT),F.A.Q,Kilogram,5,5,
30723347,2026-07-11,2026-07-11 09:17:55.075194,W.P. KUALA LUMPUR,BATU,PASAR HARIAN SELAYANG,Runcit,26,Sayur-Sayuran,05,001,BAWANG MERAH / KECIL (INDIA),F.A.Q,Kilogram,5,5,
30723348,2026-07-11,2026-07-11 09:17:55.075194,W.P. KUALA LUMPUR,BATU,PASAR HARIAN SELAYANG,Runcit,26,Sayur-Sayuran,05,001,BAWANG MERAH / KECIL (INDIA),F.A.Q,Kilogram,5,5,
30723349,2026-07-11,2026-07-11 09:17:55.075194,W.P. KUALA LUMPUR,BATU,PASAR HARIAN SELAYANG,Runcit,26,Sayur-Sayuran,05,001,BAWANG MERAH / KECIL (THAI),F.A.Q,Kilogram,9.8,10.933333,
30723350,2026-07-11,2026-07-11 09:17:55.075194,W.P. KUALA LUMPUR,BATU,PASAR HARIAN SELAYANG,Runcit,26,Sayur-Sayuran,05,001,BAWANG MERAH / KECIL (THAI),F.A.Q,Kilogram,11,10.933333,
30723351,2026-07-11,2026-07-11 09:17:55.075194,W.P. KUALA LUMPUR,BATU,PASAR HARIAN SELAYANG,Runcit,26,Sayur-Sayuran,05,001,BAWANG MERAH ROSE,F.A.Q,Kilogram,8.8,6.9333334,
30723352,2026-07-11,2026-07-11 09:17:55.075194,W.P. KUALA LUMPUR,BATU,PASAR HARIAN SELAYANG,Runcit,26,Sayur-Sayuran,05,001,BAWANG MERAH ROSE,F.A.Q,Kilogram,5,6.9333334,
30723353,2026-07-11,2026-07-11 09:17:55.075194,W.P. KUALA LUMPUR,BATU,PASAR HARIAN SELAYANG,Runcit,26,Sayur-Sayuran,05,001,BAWANG PUTIH (CHINA),F.A.Q,Kilogram,11,10.888889,
30723354,2026-07-11,2026-07-11 09:17:55.075194,W.P. KUALA LUMPUR,BATU,PASAR HARIAN SELAYANG,Runcit,26,Sayur-Sayuran,05,001,BAWANG PUTIH (CHINA),F.A.Q,Kilogram,11,10.888889,
30723355,2026-07-11,2026-07-11 09:17:55.075194,W.P. KUALA LUMPUR,BATU,PASAR HARIAN SELAYANG,Runcit,26,Sayur-Sayuran,03,001,BAYAM,F.A.Q,Kilogram,5,5.35,
30723356,2026-07-11,2026-07-11 09:17:55.075194,W.P. KUALA LUMPUR,BATU,PASAR HARIAN SELAYANG,Runcit,26,Sayur-Sayuran,03,001,BAYAM,F.A.Q,Kilogram,5,5.35,
30723357,2026-07-11,2026-07-11 09:17:55.075194,W.P. KUALA LUMPUR,BATU,PASAR HARIAN SELAYANG,Runcit,26,Buah-Buahan,02,005,BETIK SEKAKI,F.A.Q,Kilogram,7,6.5,
30723358,2026-07-11,2026-07-11 09:17:55.075194,W.P. KUALA LUMPUR,BATU,PASAR HARIAN SELAYANG,Runcit,26,Sayur-Sayuran,02,002,CILI HIJAU,F.A.Q,Kilogram,10,10.5,
30723359,2026-07-11,2026-07-11 09:17:55.075194,W.P. KUALA LUMPUR,BATU,PASAR HARIAN SELAYANG,Runcit,26,Sayur-Sayuran,02,002,CILI HIJAU,F.A.Q,Kilogram,10,10.5,
30723360,2026-07-11,2026-07-11 09:17:55.075194,W.P. KUALA LUMPUR,BATU,PASAR HARIAN SELAYANG,Runcit,26,Sayur-Sayuran,02,002,CILI HIJAU (IMPORT),F.A.Q,Kilogram,9,10,
30723361,2026-07-11,2026-07-11 09:17:55.075194,W.P. KUALA LUMPUR,BATU,PASAR HARIAN SELAYANG,Runcit,26,Sayur-Sayuran,02,002,CILI MERAH (CHINA),F.A.Q,Kilogram,9,11.333333,
30723362,2026-07-11,2026-07-11 09:17:55.075194,W.P. KUALA LUMPUR,BATU,PASAR HARIAN SELAYANG,Runcit,26,Sayur-Sayuran,02,002,CILI MERAH (THAILAND),F.A.Q,Kilogram,9,11.5,
30723363,2026-07-11,2026-07-11 09:17:55.075194,W.P. KUALA LUMPUR,BATU,PASAR HARIAN SELAYANG,Runcit,26,Sayur-Sayuran,02,002,CILI MERAH (VIETNAM),F.A.Q,Kilogram,9,11.5,
30723364,2026-07-11,2026-07-11 09:17:55.075194,W.P. KUALA LUMPUR,BATU,PASAR HARIAN SELAYANG,Runcit,26,Sayur-Sayuran,02,002,CILI MERAH KULAI / KULAI HIBRID,F.A.Q,Kilogram,18,16.1,
30723365,2026-07-11,2026-07-11 09:17:55.075194,W.P. KUALA LUMPUR,BATU,PASAR HARIAN SELAYANG,Runcit,26,Sayur-Sayuran,02,002,CILI MERAH KULAI / KULAI HIBRID,F.A.Q,Kilogram,16,16.1,
30723366,2026-07-11,2026-07-11 09:17:55.075194,W.P. KUALA LUMPUR,BATU,PASAR HARIAN SELAYANG,Runcit,26,Sayur-Sayuran,02,002,CILI MERAH MINYAK,F.A.Q,Kilogram,13,12.4,
30723367,2026-07-11,2026-07-11 09:17:55.075194,W.P. KUALA LUMPUR,BATU,PASAR HARIAN SELAYANG,Runcit,26,Sayur-Sayuran,02,002,CILI MERAH MINYAK,F.A.Q,Kilogram,12,12.4,
30723368,2026-07-11,2026-07-11 09:17:55.075194,W.P. KUALA LUMPUR,BATU,PASAR HARIAN SELAYANG,Runcit,26,Sayur-Sayuran,03,009,DAUN BAWANG,F.A.Q,Kilogram,5,6.125,
30723369,2026-07-11,2026-07-11 09:17:55.075194,W.P. KUALA LUMPUR,BATU,PASAR HARIAN SELAYANG,Runcit,26,Sayur-Sayuran,03,009,DAUN BAWANG,F.A.Q,Kilogram,5,6.125,
30723370,2026-07-11,2026-07-11 09:17:55.075194,W.P. KUALA LUMPUR,BATU,PASAR HARIAN SELAYANG,Runcit,26,Sayur-Sayuran,03,015,DAUN SUP (TANAH TINGGI),F.A.Q,Kilogram,15,17.75,
30723371,2026-07-11,2026-07-11 09:17:55.075194,W.P. KUALA LUMPUR,BATU,PASAR HARIAN SELAYANG,Runcit,26,Sayur-Sayuran,03,015,DAUN SUP (TANAH TINGGI),F.A.Q,Kilogram,18,17.75,
30723372,2026-07-11,2026-07-11 09:17:55.075194,W.P. KUALA LUMPUR,BATU,PASAR HARIAN SELAYANG,Runcit,26,Sayur-Sayuran,04,002,KACANG BENDI,F.A.Q,Kilogram,5,5.6,
30723373,2026-07-11,2026-07-11 09:17:55.075194,W.P. KUALA LUMPUR,BATU,PASAR HARIAN SELAYANG,Runcit,26,Sayur-Sayuran,04,002,KACANG BENDI,F.A.Q,Kilogram,6.5,5.6,
30723374,2026-07-11,2026-07-11 09:17:55.075194,W.P. KUALA LUMPUR,BATU,PASAR HARIAN SELAYANG,Runcit,26,Sayur-Sayuran,04,003,KACANG BUNCIS,F.A.Q,Kilogram,12,12.25,
30723375,2026-07-11,2026-07-11 09:17:55.075194,W.P. KUALA LUMPUR,BATU,PASAR HARIAN SELAYANG,Runcit,26,Sayur-Sayuran,04,003,KACANG BUNCIS,F.A.Q,Kilogram,13.5,12.25,
30723376,2026-07-11,2026-07-11 09:17:55.075194,W.P. KUALA LUMPUR,BATU,PASAR HARIAN SELAYANG,Runcit,26,Sayur-Sayuran,04,007,KACANG PANJANG HIJAU,F.A.Q,Kilogram,7,5.6,
30723377,2026-07-11,2026-07-11 09:17:55.075194,W.P. KUALA LUMPUR,BATU,PASAR HARIAN SELAYANG,Runcit,26,Sayur-Sayuran,04,007,KACANG PANJANG HIJAU,F.A.Q,Kilogram,8,5.6,
30723378,2026-07-11,2026-07-11 09:17:55.075194,W.P. KUALA LUMPUR,BATU,PASAR HARIAN SELAYANG,Runcit,26,Sayur-Sayuran,03,019,KANGKUNG,F.A.Q,Kilogram,4.5,5.125,
30723379,2026-07-11,2026-07-11 09:17:55.075194,W.P. KUALA LUMPUR,BATU,PASAR HARIAN SELAYANG,Runcit,26,Sayur-Sayuran,03,019,KANGKUNG,F.A.Q,Kilogram,4.5,5.125,
30723380,2026-07-11,2026-07-11 09:17:55.075194,W.P. KUALA LUMPUR,BATU,PASAR HARIAN SELAYANG,Runcit,26,Tanaman Kontan,05,001,KELAPA DIKUPAS,SEDANG,Biji,3.5,3.5,
30723381,2026-07-11,2026-07-11 09:17:55.075194,W.P. KUALA LUMPUR,BATU,PASAR HARIAN SELAYANG,Runcit,26,Sayur-Sayuran,03,006,KUBIS BULAT (CHINA),F.A.Q,Kilogram,2.5,2.575,
30723382,2026-07-11,2026-07-11 09:17:55.075194,W.P. KUALA LUMPUR,BATU,PASAR HARIAN SELAYANG,Runcit,26,Sayur-Sayuran,03,006,KUBIS BULAT (CHINA),F.A.Q,Kilogram,2.3,2.575,
30723383,2026-07-11,2026-07-11 09:17:55.075194,W.P. KUALA LUMPUR,BATU,PASAR HARIAN SELAYANG,Runcit,26,Sayur-Sayuran,03,006,KUBIS BULAT (TANAH TINGGI),F.A.Q,Kilogram,4.5,4.4166665,
30723384,2026-07-11,2026-07-11 09:17:55.075194,W.P. KUALA LUMPUR,BATU,PASAR HARIAN SELAYANG,Runcit,26,Buah-Buahan,02,023,NANAS JOSAPINE (AC5),F.A.Q,Kilogram,4,4,
30723385,2026-07-11,2026-07-11 09:17:55.075194,W.P. KUALA LUMPUR,BATU,PASAR HARIAN SELAYANG,Runcit,26,Buah-Buahan,02,028,PISANG BERANGAN,F.A.Q,Kilogram,6.5,6.5,
30723386,2026-07-11,2026-07-11 09:17:55.075194,W.P. KUALA LUMPUR,BATU,PASAR HARIAN SELAYANG,Runcit,26,Buah-Buahan,02,028,PISANG MAS,F.A.Q,Kilogram,6.5,6.5,
30723387,2026-07-11,2026-07-11 09:17:55.075194,W.P. KUALA LUMPUR,BATU,PASAR HARIAN SELAYANG,Runcit,26,Lain-Lain Makanan Proses,15,001,SANTAN PEKAT,F.A.Q,Kilogram,14,14,
30723388,2026-07-11,2026-07-11 09:17:55.075194,W.P. KUALA LUMPUR,BATU,PASAR HARIAN SELAYANG,Runcit,26,Sayur-Sayuran,03,007,SAWI HIJAU (TANAH RENDAH),F.A.Q,Kilogram,4.5,5.0555553,
30723389,2026-07-11,2026-07-11 09:17:55.075194,W.P. KUALA LUMPUR,BATU,PASAR HARIAN SELAYANG,Runcit,26,Sayur-Sayuran,03,007,SAWI HIJAU (TANAH RENDAH),F.A.Q,Kilogram,5.5,5.0555553,
30723390,2026-07-11,2026-07-11 09:17:55.075194,W.P. KUALA LUMPUR,BATU,PASAR HARIAN SELAYANG,Runcit,26,Ternakan,11,001,TELUR AYAM,A,Biji,0.47,0.45,
30723391,2026-07-11,2026-07-11 09:17:55.075194,W.P. KUALA LUMPUR,BATU,PASAR HARIAN SELAYANG,Runcit,26,Ternakan,11,001,TELUR AYAM,B,Biji,0.41,0.39,
30723392,2026-07-11,2026-07-11 09:17:55.075194,W.P. KUALA LUMPUR,BATU,PASAR HARIAN SELAYANG,Runcit,26,Ternakan,11,001,TELUR AYAM,C,Biji,0.34,0.34,
30723393,2026-07-11,2026-07-11 09:17:55.075194,W.P. KUALA LUMPUR,BATU,PASAR HARIAN SELAYANG,Runcit,26,Buah-Buahan,02,034,TEMBIKAI MERAH TANPA BIJI,F.A.Q,Kilogram,4.5,4.625,
30723394,2026-07-11,2026-07-11 09:17:55.075194,W.P. KUALA LUMPUR,BATU,PASAR HARIAN SELAYANG,Runcit,26,Sayur-Sayuran,02,010,TERUNG PANJANG / PEPARU (TANAH RENDAH),F.A.Q,Kilogram,8,7.3,
30723395,2026-07-11,2026-07-11 09:17:55.075194,W.P. KUALA LUMPUR,BATU,PASAR HARIAN SELAYANG,Runcit,26,Sayur-Sayuran,02,010,TERUNG PANJANG / PEPARU (TANAH RENDAH),F.A.Q,Kilogram,7,7.3,
30723396,2026-07-11,2026-07-11 09:17:55.075194,W.P. KUALA LUMPUR,BATU,PASAR HARIAN SELAYANG,Runcit,26,Sayur-Sayuran,02,011,TIMUN HIJAU,F.A.Q,Kilogram,3,2.52,
30723397,2026-07-11,2026-07-11 09:17:55.075194,W.P. KUALA LUMPUR,BATU,PASAR HARIAN SELAYANG,Runcit,26,Sayur-Sayuran,02,011,TIMUN HIJAU,F.A.Q,Kilogram,3,2.52,
30723398,2026-07-11,2026-07-11 09:17:55.075194,W.P. KUALA LUMPUR,BATU,PASAR HARIAN SELAYANG,Runcit,26,Sayur-Sayuran,02,012,TOMATO (TANAH TINGGI),F.A.Q,Kilogram,7.5,7.83,
30723399,2026-07-11,2026-07-11 09:17:55.075194,W.P. KUALA LUMPUR,BATU,PASAR HARIAN SELAYANG,Runcit,26,Sayur-Sayuran,02,012,TOMATO (TANAH TINGGI),F.A.Q,Kilogram,7.5,7.83,
30723400,2026-07-11,2026-07-11 09:17:55.075194,W.P. KUALA LUMPUR,BATU,PASAR HARIAN SELAYANG,Runcit,26,Sayur-Sayuran,05,009,UBI KENTANG (IMPORT),F.A.Q,Kilogram,3.5,3.5,
30723401,2026-07-11,2026-07-11 09:17:55.075194,W.P. KUALA LUMPUR,BATU,PASAR HARIAN SELAYANG,Runcit,26,Sayur-Sayuran,05,009,UBI KENTANG HOLLAND,F.A.Q,Kilogram,3.5,3.8333333,
30723402,2026-07-11,2026-07-11 09:17:55.075194,W.P. KUALA LUMPUR,BATU,PASAR HARIAN SELAYANG,Runcit,26,Sayur-Sayuran,05,009,UBI KENTANG HOLLAND,F.A.Q,Kilogram,4,3.8333333,
30723403,2026-07-11,2026-07-11 09:23:37.448385,MELAKA,MELAKA TENGAH,PASAR BESAR MBMB,Runcit,26,Buah-Buahan,02,005,BETIK SEKAKI,F.A.Q,Kilogram,6,5.5,
30723404,2026-07-11,2026-07-11 09:23:37.448385,MELAKA,MELAKA TENGAH,PASAR BESAR MBMB,Runcit,26,Buah-Buahan,02,005,BETIK SEKAKI,F.A.Q,Kilogram,6,5.5,
30723405,2026-07-11,2026-07-11 09:23:37.448385,MELAKA,MELAKA TENGAH,PASAR BESAR MBMB,Runcit,26,Buah-Buahan,02,023,NANAS JOSAPINE (AC5),F.A.Q,Kilogram,5,3.25,
30723406,2026-07-11,2026-07-11 09:23:37.448385,MELAKA,MELAKA TENGAH,PASAR BESAR MBMB,Runcit,26,Buah-Buahan,02,028,PISANG BERANGAN,F.A.Q,Kilogram,5,5.5,
30723407,2026-07-11,2026-07-11 09:23:37.448385,MELAKA,MELAKA TENGAH,PASAR BESAR MBMB,Runcit,26,Buah-Buahan,02,028,PISANG BERANGAN,F.A.Q,Kilogram,5,5.5,
30723408,2026-07-11,2026-07-11 09:23:37.448385,MELAKA,MELAKA TENGAH,PASAR BESAR MBMB,Runcit,26,Buah-Buahan,02,028,PISANG MAS,F.A.Q,Kilogram,4,4.75,
30723409,2026-07-11,2026-07-11 09:23:37.448385,MELAKA,MELAKA TENGAH,PASAR BESAR MBMB,Runcit,26,Buah-Buahan,02,034,TEMBIKAI MERAH TANPA BIJI,F.A.Q,Kilogram,3.5,4,
30723410,2026-07-11,2026-07-11 09:23:37.448385,MELAKA,MELAKA TENGAH,PASAR BESAR MBMB,Runcit,26,Buah-Buahan,02,034,TEMBIKAI MERAH TANPA BIJI,F.A.Q,Kilogram,4,4,
30723411,2026-07-11,2026-07-11 09:23:47.945773,MELAKA,MELAKA TENGAH,PASAR BESAR MBMB,Runcit,26,Tanaman Kontan,05,001,KELAPA DIKUPAS,SEDANG,Biji,2.5,2.5,
30723412,2026-07-11,2026-07-11 09:24:00.191185,MELAKA,MELAKA TENGAH,PASAR BESAR MBMB,Runcit,26,Lain-Lain Makanan Proses,15,001,SANTAN PEKAT,F.A.Q,Kilogram,14,15,
30723413,2026-07-11,2026-07-11 09:24:00.191185,MELAKA,MELAKA TENGAH,PASAR BESAR MBMB,Runcit,26,Lain-Lain Makanan Proses,15,001,SANTAN PEKAT,F.A.Q,Kilogram,15,15,
30723414,2026-07-11,2026-07-11 09:27:02.211839,MELAKA,MELAKA TENGAH,PASAR BESAR MBMB,Runcit,26,Ternakan,03,002,AYAM PROSES STANDARD,F.A.Q,Kilogram,10,10,
30723415,2026-07-11,2026-07-11 09:27:02.211839,MELAKA,MELAKA TENGAH,PASAR BESAR MBMB,Runcit,26,Ternakan,03,002,AYAM PROSES STANDARD,F.A.Q,Kilogram,10,10,
30723416,2026-07-11,2026-07-11 09:27:02.211839,MELAKA,MELAKA TENGAH,PASAR BESAR MBMB,Runcit,26,Ternakan,03,002,AYAM PROSES STANDARD,F.A.Q,Kilogram,10,10,
30723417,2026-07-11,2026-07-11 09:27:02.211839,MELAKA,MELAKA TENGAH,PASAR BESAR MBMB,Runcit,26,Ternakan,03,002,AYAM PROSES STANDARD,F.A.Q,Kilogram,10,10,
30723418,2026-07-11,2026-07-11 09:27:02.211839,MELAKA,MELAKA TENGAH,PASAR BESAR MBMB,Runcit,26,Ternakan,02,003,DAGING LEMBU PEJAL,F.A.Q,Kilogram,38,38,
30723419,2026-07-11,2026-07-11 09:27:02.211839,MELAKA,MELAKA TENGAH,PASAR BESAR MBMB,Runcit,26,Ternakan,02,003,DAGING LEMBU PEJAL,F.A.Q,Kilogram,40,38,
30723420,2026-07-11,2026-07-11 09:27:02.211839,MELAKA,MELAKA TENGAH,PASAR BESAR MBMB,Runcit,26,Ternakan,11,001,TELUR AYAM,A,Biji,0.48,0.45,
30723421,2026-07-11,2026-07-11 09:27:02.211839,MELAKA,MELAKA TENGAH,PASAR BESAR MBMB,Runcit,26,Ternakan,11,001,TELUR AYAM,A,Biji,0.48,0.45,
30723422,2026-07-11,2026-07-11 09:27:02.211839,MELAKA,MELAKA TENGAH,PASAR BESAR MBMB,Runcit,26,Ternakan,11,001,TELUR AYAM,B,Biji,0.45,0.4,
30723423,2026-07-11,2026-07-11 09:27:02.211839,MELAKA,MELAKA TENGAH,PASAR BESAR MBMB,Runcit,26,Ternakan,11,001,TELUR AYAM,B,Biji,0.43,0.4,
30723424,2026-07-11,2026-07-11 09:27:02.211839,MELAKA,MELAKA TENGAH,PASAR BESAR MBMB,Runcit,26,Ternakan,11,001,TELUR AYAM,C,Biji,0.39,0.36,
30723425,2026-07-11,2026-07-11 09:27:02.211839,MELAKA,MELAKA TENGAH,PASAR BESAR MBMB,Runcit,26,Ternakan,11,001,TELUR AYAM,C,Biji,0.39,0.36,
30723426,2026-07-11,2026-07-11 09:29:42.829485,MELAKA,MELAKA TENGAH,PASAR BESAR MBMB,Runcit,26,Sayur-Sayuran,05,001,BAWANG BESAR KUNING / HOLLAND,F.A.Q,Kilogram,4,3.9,
30723427,2026-07-11,2026-07-11 09:29:42.829485,MELAKA,MELAKA TENGAH,PASAR BESAR MBMB,Runcit,26,Sayur-Sayuran,05,001,BAWANG BESAR KUNING / HOLLAND,F.A.Q,Kilogram,3.8,3.9,
30723428,2026-07-11,2026-07-11 09:29:42.829485,MELAKA,MELAKA TENGAH,PASAR BESAR MBMB,Runcit,26,Sayur-Sayuran,05,001,BAWANG BESAR MERAH (INDIA),F.A.Q,Kilogram,2.6,3.8,
30723429,2026-07-11,2026-07-11 09:29:42.829485,MELAKA,MELAKA TENGAH,PASAR BESAR MBMB,Runcit,26,Sayur-Sayuran,05,001,BAWANG BESAR MERAH (INDIA),F.A.Q,Kilogram,3.5,3.8,
30723430,2026-07-11,2026-07-11 09:29:42.829485,MELAKA,MELAKA TENGAH,PASAR BESAR MBMB,Runcit,26,Sayur-Sayuran,05,001,BAWANG MERAH / KECIL (INDIA),F.A.Q,Kilogram,5,4.7,
30723431,2026-07-11,2026-07-11 09:29:42.829485,MELAKA,MELAKA TENGAH,PASAR BESAR MBMB,Runcit,26,Sayur-Sayuran,05,001,BAWANG MERAH / KECIL (THAI),F.A.Q,Kilogram,14,13,
30723432,2026-07-11,2026-07-11 09:29:42.829485,MELAKA,MELAKA TENGAH,PASAR BESAR MBMB,Runcit,26,Sayur-Sayuran,05,001,BAWANG MERAH / KECIL (THAI),F.A.Q,Kilogram,12,13,
30723433,2026-07-11,2026-07-11 09:29:42.829485,MELAKA,MELAKA TENGAH,PASAR BESAR MBMB,Runcit,26,Sayur-Sayuran,05,001,BAWANG MERAH ROSE,F.A.Q,Kilogram,6.5,6,
30723434,2026-07-11,2026-07-11 09:29:42.829485,MELAKA,MELAKA TENGAH,PASAR BESAR MBMB,Runcit,26,Sayur-Sayuran,05,001,BAWANG PUTIH (CHINA),F.A.Q,Kilogram,9,10,
30723435,2026-07-11,2026-07-11 09:29:42.829485,MELAKA,MELAKA TENGAH,PASAR BESAR MBMB,Runcit,26,Sayur-Sayuran,05,001,BAWANG PUTIH (CHINA),F.A.Q,Kilogram,11,10,
30723436,2026-07-11,2026-07-11 09:29:42.829485,MELAKA,MELAKA TENGAH,PASAR BESAR MBMB,Runcit,26,Sayur-Sayuran,05,009,UBI KENTANG (IMPORT),F.A.Q,Kilogram,3,3.5,
30723437,2026-07-11,2026-07-11 09:29:42.829485,MELAKA,MELAKA TENGAH,PASAR BESAR MBMB,Runcit,26,Sayur-Sayuran,05,009,UBI KENTANG (IMPORT),F.A.Q,Kilogram,3,3.5,
30723438,2026-07-11,2026-07-11 09:29:42.829485,MELAKA,MELAKA TENGAH,PASAR BESAR MBMB,Runcit,26,Sayur-Sayuran,05,009,UBI KENTANG HOLLAND,F.A.Q,Kilogram,4,3.5,
30723439,2026-07-11,2026-07-11 09:31:06.41834,MELAKA,MELAKA TENGAH,PASAR BORONG MPHTJ BATU BERENDAM - BAHAGIAN BORONG,Borong,20,Ternakan,03,002,AYAM PROSES STANDARD,F.A.Q,Kilogram,8.5,8.65,
30723440,2026-07-11,2026-07-11 09:31:06.41834,MELAKA,MELAKA TENGAH,PASAR BORONG MPHTJ BATU BERENDAM - BAHAGIAN BORONG,Borong,20,Ternakan,02,003,DAGING LEMBU PEJAL,F.A.Q,Kilogram,35,35,
30723441,2026-07-11,2026-07-11 09:31:06.41834,MELAKA,MELAKA TENGAH,PASAR BORONG MPHTJ BATU BERENDAM - BAHAGIAN BORONG,Borong,20,Ternakan,11,001,TELUR AYAM,A,Biji,0.45,0.43,
30723442,2026-07-11,2026-07-11 09:31:06.41834,MELAKA,MELAKA TENGAH,PASAR BORONG MPHTJ BATU BERENDAM - BAHAGIAN BORONG,Borong,20,Ternakan,11,001,TELUR AYAM,B,Biji,0.42,0.37,
30723443,2026-07-11,2026-07-11 09:31:06.41834,MELAKA,MELAKA TENGAH,PASAR BORONG MPHTJ BATU BERENDAM - BAHAGIAN BORONG,Borong,20,Ternakan,11,001,TELUR AYAM,C,Biji,0.36,0.34,
30723444,2026-07-11,2026-07-11 09:32:12.320474,MELAKA,MELAKA TENGAH,PASAR BORONG MPHTJ BATU BERENDAM - BAHAGIAN BORONG,Borong,20,Sayur-Sayuran,05,001,BAWANG BESAR KUNING / HOLLAND,F.A.Q,Kilogram,2.5,3,
30723445,2026-07-11,2026-07-11 09:32:12.320474,MELAKA,MELAKA TENGAH,PASAR BORONG MPHTJ BATU BERENDAM - BAHAGIAN BORONG,Borong,20,Sayur-Sayuran,05,001,BAWANG BESAR MERAH (INDIA),F.A.Q,Kilogram,1.8,3.4,
30723446,2026-07-11,2026-07-11 09:32:12.320474,MELAKA,MELAKA TENGAH,PASAR BORONG MPHTJ BATU BERENDAM - BAHAGIAN BORONG,Borong,20,Sayur-Sayuran,05,001,BAWANG MERAH / KECIL (INDIA),F.A.Q,Kilogram,3,4.61,
30723447,2026-07-11,2026-07-11 09:32:12.320474,MELAKA,MELAKA TENGAH,PASAR BORONG MPHTJ BATU BERENDAM - BAHAGIAN BORONG,Borong,20,Sayur-Sayuran,05,001,BAWANG MERAH / KECIL (THAI),F.A.Q,Kilogram,8,9.62,
30723448,2026-07-11,2026-07-11 09:32:12.320474,MELAKA,MELAKA TENGAH,PASAR BORONG MPHTJ BATU BERENDAM - BAHAGIAN BORONG,Borong,20,Sayur-Sayuran,05,001,BAWANG MERAH ROSE,F.A.Q,Kilogram,4,4,
30723449,2026-07-11,2026-07-11 09:32:12.320474,MELAKA,MELAKA TENGAH,PASAR BORONG MPHTJ BATU BERENDAM - BAHAGIAN BORONG,Borong,20,Sayur-Sayuran,05,001,BAWANG PUTIH (CHINA),F.A.Q,Kilogram,7,7,
30723450,2026-07-11,2026-07-11 09:32:29.723013,MELAKA,MELAKA TENGAH,PASAR BORONG MPHTJ BATU BERENDAM - BAHAGIAN BORONG,Borong,20,Sayur-Sayuran,05,009,UBI KENTANG (IMPORT),F.A.Q,Kilogram,1.9,2.5,
30723451,2026-07-11,2026-07-11 09:32:29.723013,MELAKA,MELAKA TENGAH,PASAR BORONG MPHTJ BATU BERENDAM - BAHAGIAN BORONG,Borong,20,Sayur-Sayuran,05,009,UBI KENTANG HOLLAND,F.A.Q,Kilogram,2.3,2.3,
30723452,2026-07-11,2026-07-11 09:33:22.720172,MELAKA,MELAKA TENGAH,PASAR BORONG MPHTJ BATU BERENDAM - BAHAGIAN BORONG,Borong,20,Buah-Buahan,02,005,BETIK SEKAKI,F.A.Q,Kilogram,4.5,3.5,
30723453,2026-07-11,2026-07-11 09:33:22.720172,MELAKA,MELAKA TENGAH,PASAR BORONG MPHTJ BATU BERENDAM - BAHAGIAN BORONG,Borong,20,Buah-Buahan,02,023,NANAS JOSAPINE (AC5),F.A.Q,Kilogram,3.5,2.45,
30723454,2026-07-11,2026-07-11 09:33:22.720172,MELAKA,MELAKA TENGAH,PASAR BORONG MPHTJ BATU BERENDAM - BAHAGIAN BORONG,Borong,20,Buah-Buahan,02,028,PISANG BERANGAN,F.A.Q,Kilogram,3.5,3.8,
30723455,2026-07-11,2026-07-11 09:33:22.720172,MELAKA,MELAKA TENGAH,PASAR BORONG MPHTJ BATU BERENDAM - BAHAGIAN BORONG,Borong,20,Buah-Buahan,02,028,PISANG MAS,F.A.Q,Kilogram,3,3,
30723456,2026-07-11,2026-07-11 09:33:22.720172,MELAKA,MELAKA TENGAH,PASAR BORONG MPHTJ BATU BERENDAM - BAHAGIAN BORONG,Borong,20,Buah-Buahan,02,034,TEMBIKAI MERAH TANPA BIJI,F.A.Q,Kilogram,2.8,2.65,
30723457,2026-07-11,2026-07-11 09:34:12.335276,MELAKA,MELAKA TENGAH,PASAR BORONG MPHTJ BATU BERENDAM - BAHAGIAN BORONG,Borong,20,Tanaman Kontan,05,001,KELAPA DIKUPAS,SEDANG,Biji,2,2.34,
30723458,2026-07-11,2026-07-11 09:34:14.17594,PAHANG,KUANTAN,PASAR BORONG KEMUNTING,Borong,20,Sayur-Sayuran,03,001,BAYAM,F.A.Q,Kilogram,3.5,3.455,
30723459,2026-07-11,2026-07-11 09:34:14.17594,PAHANG,KUANTAN,PASAR BORONG KEMUNTING,Borong,20,Sayur-Sayuran,03,001,BAYAM,F.A.Q,Kilogram,3.6,3.455,
30723460,2026-07-11,2026-07-11 09:34:14.17594,PAHANG,KUANTAN,PASAR BORONG KEMUNTING,Borong,20,Sayur-Sayuran,03,001,BAYAM,F.A.Q,Kilogram,3.6,3.455,
30723461,2026-07-11,2026-07-11 09:34:14.17594,PAHANG,KUANTAN,PASAR BORONG KEMUNTING,Borong,20,Sayur-Sayuran,03,001,BAYAM,F.A.Q,Kilogram,3.5,3.455,
30723462,2026-07-11,2026-07-11 09:34:14.17594,PAHANG,KUANTAN,PASAR BORONG KEMUNTING,Borong,20,Sayur-Sayuran,03,001,BAYAM,F.A.Q,Kilogram,3.5,3.455,
30723463,2026-07-11,2026-07-11 09:34:14.17594,PAHANG,KUANTAN,PASAR BORONG KEMUNTING,Borong,20,Sayur-Sayuran,02,002,CILI HIJAU,F.A.Q,Kilogram,9.5,9.36,
30723464,2026-07-11,2026-07-11 09:34:14.17594,PAHANG,KUANTAN,PASAR BORONG KEMUNTING,Borong,20,Sayur-Sayuran,02,002,CILI HIJAU,F.A.Q,Kilogram,9.8,9.36,
30723465,2026-07-11,2026-07-11 09:34:14.17594,PAHANG,KUANTAN,PASAR BORONG KEMUNTING,Borong,20,Sayur-Sayuran,02,002,CILI HIJAU,F.A.Q,Kilogram,9.5,9.36,
30723466,2026-07-11,2026-07-11 09:34:14.17594,PAHANG,KUANTAN,PASAR BORONG KEMUNTING,Borong,20,Sayur-Sayuran,02,002,CILI HIJAU,F.A.Q,Kilogram,9.6,9.36,
30723467,2026-07-11,2026-07-11 09:34:14.17594,PAHANG,KUANTAN,PASAR BORONG KEMUNTING,Borong,20,Sayur-Sayuran,02,002,CILI HIJAU,F.A.Q,Kilogram,9.5,9.36,
30723468,2026-07-11,2026-07-11 09:34:14.17594,PAHANG,KUANTAN,PASAR BORONG KEMUNTING,Borong,20,Sayur-Sayuran,02,002,CILI MERAH KULAI / KULAI HIBRID,F.A.Q,Kilogram,12.5,13.165,
30723469,2026-07-11,2026-07-11 09:34:14.17594,PAHANG,KUANTAN,PASAR BORONG KEMUNTING,Borong,20,Sayur-Sayuran,02,002,CILI MERAH KULAI / KULAI HIBRID,F.A.Q,Kilogram,12.3,13.165,
30723470,2026-07-11,2026-07-11 09:34:14.17594,PAHANG,KUANTAN,PASAR BORONG KEMUNTING,Borong,20,Sayur-Sayuran,02,002,CILI MERAH KULAI / KULAI HIBRID,F.A.Q,Kilogram,13,13.165,
30723471,2026-07-11,2026-07-11 09:34:14.17594,PAHANG,KUANTAN,PASAR BORONG KEMUNTING,Borong,20,Sayur-Sayuran,02,002,CILI MERAH KULAI / KULAI HIBRID,F.A.Q,Kilogram,12.5,13.165,
30723472,2026-07-11,2026-07-11 09:34:14.17594,PAHANG,KUANTAN,PASAR BORONG KEMUNTING,Borong,20,Sayur-Sayuran,02,002,CILI MERAH KULAI / KULAI HIBRID,F.A.Q,Kilogram,12.5,13.165,
30723473,2026-07-11,2026-07-11 09:34:14.17594,PAHANG,KUANTAN,PASAR BORONG KEMUNTING,Borong,20,Sayur-Sayuran,02,002,CILI MERAH MINYAK,F.A.Q,Kilogram,10.5,10.595,
30723474,2026-07-11,2026-07-11 09:34:14.17594,PAHANG,KUANTAN,PASAR BORONG KEMUNTING,Borong,20,Sayur-Sayuran,02,002,CILI MERAH MINYAK,F.A.Q,Kilogram,10.3,10.595,
30723475,2026-07-11,2026-07-11 09:34:14.17594,PAHANG,KUANTAN,PASAR BORONG KEMUNTING,Borong,20,Sayur-Sayuran,02,002,CILI MERAH MINYAK,F.A.Q,Kilogram,10.2,10.595,
30723476,2026-07-11,2026-07-11 09:34:14.17594,PAHANG,KUANTAN,PASAR BORONG KEMUNTING,Borong,20,Sayur-Sayuran,02,002,CILI MERAH MINYAK,F.A.Q,Kilogram,10.3,10.595,
30723477,2026-07-11,2026-07-11 09:34:14.17594,PAHANG,KUANTAN,PASAR BORONG KEMUNTING,Borong,20,Sayur-Sayuran,02,002,CILI MERAH MINYAK,F.A.Q,Kilogram,10.5,10.595,
30723478,2026-07-11,2026-07-11 09:34:14.17594,PAHANG,KUANTAN,PASAR BORONG KEMUNTING,Borong,20,Sayur-Sayuran,03,009,DAUN BAWANG,F.A.Q,Kilogram,5,4.35,
30723479,2026-07-11,2026-07-11 09:34:14.17594,PAHANG,KUANTAN,PASAR BORONG KEMUNTING,Borong,20,Sayur-Sayuran,03,009,DAUN BAWANG,F.A.Q,Kilogram,4.5,4.35,
30723480,2026-07-11,2026-07-11 09:34:14.17594,PAHANG,KUANTAN,PASAR BORONG KEMUNTING,Borong,20,Sayur-Sayuran,03,009,DAUN BAWANG,F.A.Q,Kilogram,4.5,4.35,
30723481,2026-07-11,2026-07-11 09:34:14.17594,PAHANG,KUANTAN,PASAR BORONG KEMUNTING,Borong,20,Sayur-Sayuran,03,009,DAUN BAWANG,F.A.Q,Kilogram,5,4.35,
30723482,2026-07-11,2026-07-11 09:34:14.17594,PAHANG,KUANTAN,PASAR BORONG KEMUNTING,Borong,20,Sayur-Sayuran,03,009,DAUN BAWANG,F.A.Q,Kilogram,4.5,4.35,
30723483,2026-07-11,2026-07-11 09:34:14.17594,PAHANG,KUANTAN,PASAR BORONG KEMUNTING,Borong,20,Sayur-Sayuran,03,015,DAUN SUP (TANAH TINGGI),F.A.Q,Kilogram,18,16.286667,
30723484,2026-07-11,2026-07-11 09:34:14.17594,PAHANG,KUANTAN,PASAR BORONG KEMUNTING,Borong,20,Sayur-Sayuran,03,015,DAUN SUP (TANAH TINGGI),F.A.Q,Kilogram,18.5,16.286667,
30723485,2026-07-11,2026-07-11 09:34:14.17594,PAHANG,KUANTAN,PASAR BORONG KEMUNTING,Borong,20,Sayur-Sayuran,03,015,DAUN SUP (TANAH TINGGI),F.A.Q,Kilogram,19,16.286667,
30723486,2026-07-11,2026-07-11 09:34:14.17594,PAHANG,KUANTAN,PASAR BORONG KEMUNTING,Borong,20,Sayur-Sayuran,03,015,DAUN SUP (TANAH TINGGI),F.A.Q,Kilogram,18.8,16.286667,
30723487,2026-07-11,2026-07-11 09:34:14.17594,PAHANG,KUANTAN,PASAR BORONG KEMUNTING,Borong,20,Sayur-Sayuran,03,015,DAUN SUP (TANAH TINGGI),F.A.Q,Kilogram,18.5,16.286667,
30723488,2026-07-11,2026-07-11 09:34:14.17594,PAHANG,KUANTAN,PASAR BORONG KEMUNTING,Borong,20,Sayur-Sayuran,04,002,KACANG BENDI,F.A.Q,Kilogram,4.2,4.535,
30723489,2026-07-11,2026-07-11 09:34:14.17594,PAHANG,KUANTAN,PASAR BORONG KEMUNTING,Borong,20,Sayur-Sayuran,04,002,KACANG BENDI,F.A.Q,Kilogram,4.3,4.535,
30723490,2026-07-11,2026-07-11 09:34:14.17594,PAHANG,KUANTAN,PASAR BORONG KEMUNTING,Borong,20,Sayur-Sayuran,04,002,KACANG BENDI,F.A.Q,Kilogram,4.4,4.535,
30723491,2026-07-11,2026-07-11 09:34:14.17594,PAHANG,KUANTAN,PASAR BORONG KEMUNTING,Borong,20,Sayur-Sayuran,04,002,KACANG BENDI,F.A.Q,Kilogram,4.3,4.535,
30723492,2026-07-11,2026-07-11 09:34:14.17594,PAHANG,KUANTAN,PASAR BORONG KEMUNTING,Borong,20,Sayur-Sayuran,04,002,KACANG BENDI,F.A.Q,Kilogram,4.5,4.535,
30723493,2026-07-11,2026-07-11 09:34:14.17594,PAHANG,KUANTAN,PASAR BORONG KEMUNTING,Borong,20,Sayur-Sayuran,04,003,KACANG BUNCIS,F.A.Q,Kilogram,10,8.053333,
30723494,2026-07-11,2026-07-11 09:34:14.17594,PAHANG,KUANTAN,PASAR BORONG KEMUNTING,Borong,20,Sayur-Sayuran,04,003,KACANG BUNCIS,F.A.Q,Kilogram,9.5,8.053333,
30723495,2026-07-11,2026-07-11 09:34:14.17594,PAHANG,KUANTAN,PASAR BORONG KEMUNTING,Borong,20,Sayur-Sayuran,04,003,KACANG BUNCIS,F.A.Q,Kilogram,9,8.053333,
30723496,2026-07-11,2026-07-11 09:34:14.17594,PAHANG,KUANTAN,PASAR BORONG KEMUNTING,Borong,20,Sayur-Sayuran,04,003,KACANG BUNCIS,F.A.Q,Kilogram,9.5,8.053333,
30723497,2026-07-11,2026-07-11 09:34:14.17594,PAHANG,KUANTAN,PASAR BORONG KEMUNTING,Borong,20,Sayur-Sayuran,04,003,KACANG BUNCIS,F.A.Q,Kilogram,9,8.053333,
30723498,2026-07-11,2026-07-11 09:34:14.17594,PAHANG,KUANTAN,PASAR BORONG KEMUNTING,Borong,20,Sayur-Sayuran,04,007,KACANG PANJANG HIJAU,F.A.Q,Kilogram,6,5.735,
30723499,2026-07-11,2026-07-11 09:34:14.17594,PAHANG,KUANTAN,PASAR BORONG KEMUNTING,Borong,20,Sayur-Sayuran,04,007,KACANG PANJANG HIJAU,F.A.Q,Kilogram,5.8,5.735,
30723500,2026-07-11,2026-07-11 09:34:14.17594,PAHANG,KUANTAN,PASAR BORONG KEMUNTING,Borong,20,Sayur-Sayuran,04,007,KACANG PANJANG HIJAU,F.A.Q,Kilogram,5.8,5.735,
30723501,2026-07-11,2026-07-11 09:34:14.17594,PAHANG,KUANTAN,PASAR BORONG KEMUNTING,Borong,20,Sayur-Sayuran,04,007,KACANG PANJANG HIJAU,F.A.Q,Kilogram,6,5.735,
30723502,2026-07-11,2026-07-11 09:34:14.17594,PAHANG,KUANTAN,PASAR BORONG KEMUNTING,Borong,20,Sayur-Sayuran,04,007,KACANG PANJANG HIJAU,F.A.Q,Kilogram,5.8,5.735,
30723503,2026-07-11,2026-07-11 09:34:14.17594,PAHANG,KUANTAN,PASAR BORONG KEMUNTING,Borong,20,Sayur-Sayuran,03,019,KANGKUNG,F.A.Q,Kilogram,3.5,3.2766666,
30723504,2026-07-11,2026-07-11 09:34:14.17594,PAHANG,KUANTAN,PASAR BORONG KEMUNTING,Borong,20,Sayur-Sayuran,03,019,KANGKUNG,F.A.Q,Kilogram,3.6,3.2766666,
30723505,2026-07-11,2026-07-11 09:34:14.17594,PAHANG,KUANTAN,PASAR BORONG KEMUNTING,Borong,20,Sayur-Sayuran,03,019,KANGKUNG,F.A.Q,Kilogram,3.4,3.2766666,
30723506,2026-07-11,2026-07-11 09:34:14.17594,PAHANG,KUANTAN,PASAR BORONG KEMUNTING,Borong,20,Sayur-Sayuran,03,019,KANGKUNG,F.A.Q,Kilogram,3.5,3.2766666,
30723507,2026-07-11,2026-07-11 09:34:14.17594,PAHANG,KUANTAN,PASAR BORONG KEMUNTING,Borong,20,Sayur-Sayuran,03,019,KANGKUNG,F.A.Q,Kilogram,3.6,3.2766666,
30723508,2026-07-11,2026-07-11 09:34:14.17594,PAHANG,KUANTAN,PASAR BORONG KEMUNTING,Borong,20,Sayur-Sayuran,03,006,KUBIS BULAT (CHINA),F.A.Q,Kilogram,2.5,2.67,
30723509,2026-07-11,2026-07-11 09:34:14.17594,PAHANG,KUANTAN,PASAR BORONG KEMUNTING,Borong,20,Sayur-Sayuran,03,006,KUBIS BULAT (CHINA),F.A.Q,Kilogram,2.6,2.67,
30723510,2026-07-11,2026-07-11 09:34:14.17594,PAHANG,KUANTAN,PASAR BORONG KEMUNTING,Borong,20,Sayur-Sayuran,03,006,KUBIS BULAT (CHINA),F.A.Q,Kilogram,2.5,2.67,
30723511,2026-07-11,2026-07-11 09:34:14.17594,PAHANG,KUANTAN,PASAR BORONG KEMUNTING,Borong,20,Sayur-Sayuran,03,006,KUBIS BULAT (CHINA),F.A.Q,Kilogram,2.7,2.67,
30723512,2026-07-11,2026-07-11 09:34:14.17594,PAHANG,KUANTAN,PASAR BORONG KEMUNTING,Borong,20,Sayur-Sayuran,03,006,KUBIS BULAT (CHINA),F.A.Q,Kilogram,2.5,2.67,
30723513,2026-07-11,2026-07-11 09:34:14.17594,PAHANG,KUANTAN,PASAR BORONG KEMUNTING,Borong,20,Sayur-Sayuran,03,006,KUBIS BULAT (TANAH TINGGI),F.A.Q,Kilogram,4.5,4.4583335,
30723514,2026-07-11,2026-07-11 09:34:14.17594,PAHANG,KUANTAN,PASAR BORONG KEMUNTING,Borong,20,Sayur-Sayuran,03,007,SAWI HIJAU (TANAH RENDAH),F.A.Q,Kilogram,3.8,3.61,
30723515,2026-07-11,2026-07-11 09:34:14.473341,PAHANG,KUANTAN,PASAR BORONG KEMUNTING,Borong,20,Sayur-Sayuran,03,007,SAWI HIJAU (TANAH RENDAH),F.A.Q,Kilogram,3.9,3.61,
30723516,2026-07-11,2026-07-11 09:34:14.473341,PAHANG,KUANTAN,PASAR BORONG KEMUNTING,Borong,20,Sayur-Sayuran,03,007,SAWI HIJAU (TANAH RENDAH),F.A.Q,Kilogram,3.8,3.61,
30723517,2026-07-11,2026-07-11 09:34:14.473341,PAHANG,KUANTAN,PASAR BORONG KEMUNTING,Borong,20,Sayur-Sayuran,03,007,SAWI HIJAU (TANAH RENDAH),F.A.Q,Kilogram,3.7,3.61,
30723518,2026-07-11,2026-07-11 09:34:14.473341,PAHANG,KUANTAN,PASAR BORONG KEMUNTING,Borong,20,Sayur-Sayuran,03,007,SAWI HIJAU (TANAH RENDAH),F.A.Q,Kilogram,3.8,3.61,
30723519,2026-07-11,2026-07-11 09:34:14.473341,PAHANG,KUANTAN,PASAR BORONG KEMUNTING,Borong,20,Sayur-Sayuran,02,010,TERUNG PANJANG / PEPARU (TANAH RENDAH),F.A.Q,Kilogram,6,6.545,
30723520,2026-07-11,2026-07-11 09:34:14.473341,PAHANG,KUANTAN,PASAR BORONG KEMUNTING,Borong,20,Sayur-Sayuran,02,010,TERUNG PANJANG / PEPARU (TANAH RENDAH),F.A.Q,Kilogram,6,6.545,
30723521,2026-07-11,2026-07-11 09:34:14.473341,PAHANG,KUANTAN,PASAR BORONG KEMUNTING,Borong,20,Sayur-Sayuran,02,010,TERUNG PANJANG / PEPARU (TANAH RENDAH),F.A.Q,Kilogram,6.2,6.545,
30723522,2026-07-11,2026-07-11 09:34:14.473341,PAHANG,KUANTAN,PASAR BORONG KEMUNTING,Borong,20,Sayur-Sayuran,02,010,TERUNG PANJANG / PEPARU (TANAH RENDAH),F.A.Q,Kilogram,6.3,6.545,
30723523,2026-07-11,2026-07-11 09:34:14.473341,PAHANG,KUANTAN,PASAR BORONG KEMUNTING,Borong,20,Sayur-Sayuran,02,010,TERUNG PANJANG / PEPARU (TANAH RENDAH),F.A.Q,Kilogram,6,6.545,
30723524,2026-07-11,2026-07-11 09:34:14.473341,PAHANG,KUANTAN,PASAR BORONG KEMUNTING,Borong,20,Sayur-Sayuran,02,011,TIMUN HIJAU,F.A.Q,Kilogram,2,2.66,
30723525,2026-07-11,2026-07-11 09:34:14.473341,PAHANG,KUANTAN,PASAR BORONG KEMUNTING,Borong,20,Sayur-Sayuran,02,011,TIMUN HIJAU,F.A.Q,Kilogram,2,2.66,
30723526,2026-07-11,2026-07-11 09:34:14.473341,PAHANG,KUANTAN,PASAR BORONG KEMUNTING,Borong,20,Sayur-Sayuran,02,011,TIMUN HIJAU,F.A.Q,Kilogram,2.1,2.66,
30723527,2026-07-11,2026-07-11 09:34:14.473341,PAHANG,KUANTAN,PASAR BORONG KEMUNTING,Borong,20,Sayur-Sayuran,02,011,TIMUN HIJAU,F.A.Q,Kilogram,2,2.66,
30723528,2026-07-11,2026-07-11 09:34:14.473341,PAHANG,KUANTAN,PASAR BORONG KEMUNTING,Borong,20,Sayur-Sayuran,02,011,TIMUN HIJAU,F.A.Q,Kilogram,2.1,2.66,
30723529,2026-07-11,2026-07-11 09:34:14.473341,PAHANG,KUANTAN,PASAR BORONG KEMUNTING,Borong,20,Sayur-Sayuran,02,012,TOMATO (TANAH TINGGI),F.A.Q,Kilogram,7.5,8.616667,
30723530,2026-07-11,2026-07-11 09:34:14.473341,PAHANG,KUANTAN,PASAR BORONG KEMUNTING,Borong,20,Sayur-Sayuran,02,012,TOMATO (TANAH TINGGI),F.A.Q,Kilogram,7.4,8.616667,
30723531,2026-07-11,2026-07-11 09:34:14.473341,PAHANG,KUANTAN,PASAR BORONG KEMUNTING,Borong,20,Sayur-Sayuran,02,012,TOMATO (TANAH TINGGI),F.A.Q,Kilogram,7.7,8.616667,
30723532,2026-07-11,2026-07-11 09:34:14.473341,PAHANG,KUANTAN,PASAR BORONG KEMUNTING,Borong,20,Sayur-Sayuran,02,012,TOMATO (TANAH TINGGI),F.A.Q,Kilogram,7.6,8.616667,
30723533,2026-07-11,2026-07-11 09:34:14.473341,PAHANG,KUANTAN,PASAR BORONG KEMUNTING,Borong,20,Sayur-Sayuran,02,012,TOMATO (TANAH TINGGI),F.A.Q,Kilogram,7.6,8.616667,
30723534,2026-07-11,2026-07-11 09:34:36.306845,W.P. KUALA LUMPUR,BATU,PASAR HARIAN SELAYANG,Runcit,26,Sayur-Sayuran,05,001,BAWANG BESAR KUNING / HOLLAND,F.A.Q,Kilogram,5,4.3333335,
30723535,2026-07-11,2026-07-11 09:34:36.306845,W.P. KUALA LUMPUR,BATU,PASAR HARIAN SELAYANG,Runcit,26,Sayur-Sayuran,05,001,BAWANG BESAR MERAH (INDIA),F.A.Q,Kilogram,3.5,3.3666666,
30723536,2026-07-11,2026-07-11 09:34:36.306845,W.P. KUALA LUMPUR,BATU,PASAR HARIAN SELAYANG,Runcit,26,Sayur-Sayuran,05,001,BAWANG MERAH / KECIL (INDIA),F.A.Q,Kilogram,5,5,
30723537,2026-07-11,2026-07-11 09:34:36.306845,W.P. KUALA LUMPUR,BATU,PASAR HARIAN SELAYANG,Runcit,26,Sayur-Sayuran,05,001,BAWANG MERAH / KECIL (THAI),F.A.Q,Kilogram,13,10.933333,
30723538,2026-07-11,2026-07-11 09:34:36.306845,W.P. KUALA LUMPUR,BATU,PASAR HARIAN SELAYANG,Runcit,26,Sayur-Sayuran,05,001,BAWANG MERAH ROSE,F.A.Q,Kilogram,7,6.9333334,
30723539,2026-07-11,2026-07-11 09:34:36.306845,W.P. KUALA LUMPUR,BATU,PASAR HARIAN SELAYANG,Runcit,26,Sayur-Sayuran,05,001,BAWANG PUTIH (CHINA),F.A.Q,Kilogram,10,10.888889,
30723540,2026-07-11,2026-07-11 09:34:36.306845,W.P. KUALA LUMPUR,BATU,PASAR HARIAN SELAYANG,Runcit,26,Sayur-Sayuran,03,001,BAYAM,F.A.Q,Kilogram,5,5.35,
30723541,2026-07-11,2026-07-11 09:34:36.306845,W.P. KUALA LUMPUR,BATU,PASAR HARIAN SELAYANG,Runcit,26,Sayur-Sayuran,03,001,BAYAM,F.A.Q,Kilogram,5.5,5.35,
30723542,2026-07-11,2026-07-11 09:34:36.306845,W.P. KUALA LUMPUR,BATU,PASAR HARIAN SELAYANG,Runcit,26,Sayur-Sayuran,02,002,CILI HIJAU,F.A.Q,Kilogram,10,10.5,
30723543,2026-07-11,2026-07-11 09:34:36.306845,W.P. KUALA LUMPUR,BATU,PASAR HARIAN SELAYANG,Runcit,26,Sayur-Sayuran,02,002,CILI HIJAU,F.A.Q,Kilogram,10,10.5,
30723544,2026-07-11,2026-07-11 09:34:36.306845,W.P. KUALA LUMPUR,BATU,PASAR HARIAN SELAYANG,Runcit,26,Sayur-Sayuran,02,002,CILI MERAH (CHINA),F.A.Q,Kilogram,11,11.333333,
30723545,2026-07-11,2026-07-11 09:34:36.306845,W.P. KUALA LUMPUR,BATU,PASAR HARIAN SELAYANG,Runcit,26,Sayur-Sayuran,02,002,CILI MERAH (THAILAND),F.A.Q,Kilogram,11,11.5,
30723546,2026-07-11,2026-07-11 09:34:36.306845,W.P. KUALA LUMPUR,BATU,PASAR HARIAN SELAYANG,Runcit,26,Sayur-Sayuran,02,002,CILI MERAH (VIETNAM),F.A.Q,Kilogram,11,11.5,
30723547,2026-07-11,2026-07-11 09:34:36.306845,W.P. KUALA LUMPUR,BATU,PASAR HARIAN SELAYANG,Runcit,26,Sayur-Sayuran,02,002,CILI MERAH KULAI / KULAI HIBRID,F.A.Q,Kilogram,18,16.1,
30723548,2026-07-11,2026-07-11 09:34:36.306845,W.P. KUALA LUMPUR,BATU,PASAR HARIAN SELAYANG,Runcit,26,Sayur-Sayuran,02,002,CILI MERAH KULAI / KULAI HIBRID,F.A.Q,Kilogram,16,16.1,
30723549,2026-07-11,2026-07-11 09:34:36.306845,W.P. KUALA LUMPUR,BATU,PASAR HARIAN SELAYANG,Runcit,26,Sayur-Sayuran,02,002,CILI MERAH MINYAK,F.A.Q,Kilogram,12,12.4,
30723550,2026-07-11,2026-07-11 09:34:36.306845,W.P. KUALA LUMPUR,BATU,PASAR HARIAN SELAYANG,Runcit,26,Sayur-Sayuran,02,002,CILI MERAH MINYAK,F.A.Q,Kilogram,12,12.4,
30723551,2026-07-11,2026-07-11 09:34:36.306845,W.P. KUALA LUMPUR,BATU,PASAR HARIAN SELAYANG,Runcit,26,Sayur-Sayuran,03,009,DAUN BAWANG,F.A.Q,Kilogram,6,6.125,
30723552,2026-07-11,2026-07-11 09:34:36.306845,W.P. KUALA LUMPUR,BATU,PASAR HARIAN SELAYANG,Runcit,26,Sayur-Sayuran,03,009,DAUN BAWANG,F.A.Q,Kilogram,8,6.125,
30723553,2026-07-11,2026-07-11 09:34:36.306845,W.P. KUALA LUMPUR,BATU,PASAR HARIAN SELAYANG,Runcit,26,Sayur-Sayuran,03,015,DAUN SUP (TANAH TINGGI),F.A.Q,Kilogram,18,17.75,
30723554,2026-07-11,2026-07-11 09:34:36.306845,W.P. KUALA LUMPUR,BATU,PASAR HARIAN SELAYANG,Runcit,26,Sayur-Sayuran,03,015,DAUN SUP (TANAH TINGGI),F.A.Q,Kilogram,20,17.75,
30723555,2026-07-11,2026-07-11 09:34:36.306845,W.P. KUALA LUMPUR,BATU,PASAR HARIAN SELAYANG,Runcit,26,Sayur-Sayuran,04,002,KACANG BENDI,F.A.Q,Kilogram,7,5.6,
30723556,2026-07-11,2026-07-11 09:34:36.306845,W.P. KUALA LUMPUR,BATU,PASAR HARIAN SELAYANG,Runcit,26,Sayur-Sayuran,04,002,KACANG BENDI,F.A.Q,Kilogram,6,5.6,
30723557,2026-07-11,2026-07-11 09:34:36.306845,W.P. KUALA LUMPUR,BATU,PASAR HARIAN SELAYANG,Runcit,26,Sayur-Sayuran,04,003,KACANG BUNCIS,F.A.Q,Kilogram,13,12.25,
30723558,2026-07-11,2026-07-11 09:34:36.306845,W.P. KUALA LUMPUR,BATU,PASAR HARIAN SELAYANG,Runcit,26,Sayur-Sayuran,04,003,KACANG BUNCIS,F.A.Q,Kilogram,14,12.25,
30723559,2026-07-11,2026-07-11 09:34:36.306845,W.P. KUALA LUMPUR,BATU,PASAR HARIAN SELAYANG,Runcit,26,Sayur-Sayuran,04,007,KACANG PANJANG HIJAU,F.A.Q,Kilogram,8,5.6,
30723560,2026-07-11,2026-07-11 09:34:36.306845,W.P. KUALA LUMPUR,BATU,PASAR HARIAN SELAYANG,Runcit,26,Sayur-Sayuran,04,007,KACANG PANJANG HIJAU,F.A.Q,Kilogram,7,5.6,
30723561,2026-07-11,2026-07-11 09:34:36.306845,W.P. KUALA LUMPUR,BATU,PASAR HARIAN SELAYANG,Runcit,26,Sayur-Sayuran,03,019,KANGKUNG,F.A.Q,Kilogram,5,5.125,
30723562,2026-07-11,2026-07-11 09:34:36.306845,W.P. KUALA LUMPUR,BATU,PASAR HARIAN SELAYANG,Runcit,26,Sayur-Sayuran,03,019,KANGKUNG,F.A.Q,Kilogram,5,5.125,
30723563,2026-07-11,2026-07-11 09:34:36.407771,W.P. KUALA LUMPUR,BATU,PASAR HARIAN SELAYANG,Runcit,26,Sayur-Sayuran,03,006,KUBIS BULAT (CHINA),F.A.Q,Kilogram,2.5,2.575,
30723564,2026-07-11,2026-07-11 09:34:36.407771,W.P. KUALA LUMPUR,BATU,PASAR HARIAN SELAYANG,Runcit,26,Sayur-Sayuran,03,006,KUBIS BULAT (CHINA),F.A.Q,Kilogram,3,2.575,
30723565,2026-07-11,2026-07-11 09:34:36.407771,W.P. KUALA LUMPUR,BATU,PASAR HARIAN SELAYANG,Runcit,26,Sayur-Sayuran,03,006,KUBIS BULAT (TANAH TINGGI),F.A.Q,Kilogram,5,4.4166665,
30723566,2026-07-11,2026-07-11 09:34:36.407771,W.P. KUALA LUMPUR,BATU,PASAR HARIAN SELAYANG,Runcit,26,Sayur-Sayuran,03,006,KUBIS BULAT (TANAH TINGGI),F.A.Q,Kilogram,4,4.4166665,
30723567,2026-07-11,2026-07-11 09:34:36.407771,W.P. KUALA LUMPUR,BATU,PASAR HARIAN SELAYANG,Runcit,26,Sayur-Sayuran,03,007,SAWI HIJAU (TANAH RENDAH),F.A.Q,Kilogram,6,5.0555553,
30723568,2026-07-11,2026-07-11 09:34:36.407771,W.P. KUALA LUMPUR,BATU,PASAR HARIAN SELAYANG,Runcit,26,Sayur-Sayuran,03,007,SAWI HIJAU TANAH TINGGI,F.A.Q,Kilogram,6,5,
30723569,2026-07-11,2026-07-11 09:34:36.407771,W.P. KUALA LUMPUR,BATU,PASAR HARIAN SELAYANG,Runcit,26,Sayur-Sayuran,02,010,TERUNG PANJANG / PEPARU (TANAH RENDAH),F.A.Q,Kilogram,8,7.3,
30723570,2026-07-11,2026-07-11 09:34:36.407771,W.P. KUALA LUMPUR,BATU,PASAR HARIAN SELAYANG,Runcit,26,Sayur-Sayuran,02,010,TERUNG PANJANG / PEPARU (TANAH RENDAH),F.A.Q,Kilogram,8,7.3,
30723571,2026-07-11,2026-07-11 09:34:36.407771,W.P. KUALA LUMPUR,BATU,PASAR HARIAN SELAYANG,Runcit,26,Sayur-Sayuran,02,011,TIMUN HIJAU,F.A.Q,Kilogram,2.5,2.52,
30723572,2026-07-11,2026-07-11 09:34:36.407771,W.P. KUALA LUMPUR,BATU,PASAR HARIAN SELAYANG,Runcit,26,Sayur-Sayuran,02,011,TIMUN HIJAU,F.A.Q,Kilogram,2.8,2.52,
30723573,2026-07-11,2026-07-11 09:34:36.407771,W.P. KUALA LUMPUR,BATU,PASAR HARIAN SELAYANG,Runcit,26,Sayur-Sayuran,02,012,TOMATO (TANAH TINGGI),F.A.Q,Kilogram,7,7.83,
30723574,2026-07-11,2026-07-11 09:34:36.407771,W.P. KUALA LUMPUR,BATU,PASAR HARIAN SELAYANG,Runcit,26,Sayur-Sayuran,02,012,TOMATO (TANAH TINGGI),F.A.Q,Kilogram,7,7.83,
30723575,2026-07-11,2026-07-11 09:34:36.407771,W.P. KUALA LUMPUR,BATU,PASAR HARIAN SELAYANG,Runcit,26,Sayur-Sayuran,05,009,UBI KENTANG (IMPORT),F.A.Q,Kilogram,4,3.5,
30723576,2026-07-11,2026-07-11 09:34:36.407771,W.P. KUALA LUMPUR,BATU,PASAR HARIAN SELAYANG,Runcit,26,Sayur-Sayuran,05,009,UBI KENTANG HOLLAND,F.A.Q,Kilogram,4,3.8333333,
30723578,2026-07-11,2026-07-11 09:35:53.183154,PAHANG,KUANTAN,LADANG/KEBUN KAMPUNG SUNGAI SOI,Ladang,,Sayur-Sayuran,04,007,KACANG PANJANG HIJAU,F.A.Q,Kilogram,4.2,4.1716666,
30723579,2026-07-11,2026-07-11 09:35:53.183154,PAHANG,KUANTAN,LADANG/KEBUN KAMPUNG SUNGAI SOI,Ladang,,Sayur-Sayuran,02,010,TERUNG PANJANG / PEPARU (TANAH RENDAH),F.A.Q,Kilogram,4,4.3816667,
30723580,2026-07-11,2026-07-11 09:35:53.183154,PAHANG,KUANTAN,LADANG/KEBUN KAMPUNG SUNGAI SOI,Ladang,,Sayur-Sayuran,02,011,TIMUN HIJAU,F.A.Q,Kilogram,1.1,1.4,
30723581,2026-07-11,2026-07-11 09:37:19.813725,SELANGOR,KLANG,"[LOKASI KUTIPAN HARGA LADANG] KLANG, JALAN NENAS",Ladang,,Sayur-Sayuran,02,002,CILI MERAH KULAI / KULAI HIBRID,F.A.Q,Kilogram,10,10.44,
30723588,2026-07-11,2026-07-11 09:38:22.090012,PAHANG,KUANTAN,LADANG/KEBUN KAMPUNG SUNGAI SOI,Ladang,,Sayur-Sayuran,03,001,BAYAM,F.A.Q,Kilogram,1.7,1.79375,
30723589,2026-07-11,2026-07-11 09:38:22.090012,PAHANG,KUANTAN,LADANG/KEBUN KAMPUNG SUNGAI SOI,Ladang,,Sayur-Sayuran,02,002,CILI HIJAU,F.A.Q,Kilogram,7.8,7.327778,
30723590,2026-07-11,2026-07-11 09:38:22.090012,PAHANG,KUANTAN,LADANG/KEBUN KAMPUNG SUNGAI SOI,Ladang,,Sayur-Sayuran,02,002,CILI MERAH MINYAK,F.A.Q,Kilogram,8,8.344444,
30723591,2026-07-11,2026-07-11 09:38:22.090012,PAHANG,KUANTAN,LADANG/KEBUN KAMPUNG SUNGAI SOI,Ladang,,Sayur-Sayuran,04,007,KACANG PANJANG HIJAU,F.A.Q,Kilogram,4.3,4.1716666,
30723592,2026-07-11,2026-07-11 09:38:22.090012,PAHANG,KUANTAN,LADANG/KEBUN KAMPUNG SUNGAI SOI,Ladang,,Sayur-Sayuran,03,019,KANGKUNG,F.A.Q,Kilogram,1.8,1.7222222,
30723593,2026-07-11,2026-07-11 09:38:22.090012,PAHANG,KUANTAN,LADANG/KEBUN KAMPUNG SUNGAI SOI,Ladang,,Sayur-Sayuran,03,007,SAWI HIJAU (TANAH RENDAH),F.A.Q,Kilogram,2.2,2.2104166,
30723594,2026-07-11,2026-07-11 09:38:22.090012,PAHANG,KUANTAN,LADANG/KEBUN KAMPUNG SUNGAI SOI,Ladang,,Sayur-Sayuran,02,010,TERUNG PANJANG / PEPARU (TANAH RENDAH),F.A.Q,Kilogram,4,4.3816667,
30723595,2026-07-11,2026-07-11 09:38:22.090012,PAHANG,KUANTAN,LADANG/KEBUN KAMPUNG SUNGAI SOI,Ladang,,Sayur-Sayuran,02,011,TIMUN HIJAU,F.A.Q,Kilogram,1.1,1.4,
30723596,2026-07-11,2026-07-11 09:40:56.440046,PAHANG,KUANTAN,LADANG/KEBUN JABOR,Ladang,,Sayur-Sayuran,03,001,BAYAM,F.A.Q,Kilogram,1.9,1.79375,
30723597,2026-07-11,2026-07-11 09:40:56.440046,PAHANG,KUANTAN,LADANG/KEBUN JABOR,Ladang,,Sayur-Sayuran,02,002,CILI HIJAU,F.A.Q,Kilogram,7.7,7.327778,
30723598,2026-07-11,2026-07-11 09:40:56.440046,PAHANG,KUANTAN,LADANG/KEBUN JABOR,Ladang,,Sayur-Sayuran,02,002,CILI MERAH KULAI / KULAI HIBRID,F.A.Q,Kilogram,10.5,10.308333,
30723599,2026-07-11,2026-07-11 09:40:56.440046,PAHANG,KUANTAN,LADANG/KEBUN JABOR,Ladang,,Sayur-Sayuran,02,002,CILI MERAH MINYAK,F.A.Q,Kilogram,8,8.344444,
30723601,2026-07-11,2026-07-11 09:40:56.440046,PAHANG,KUANTAN,LADANG/KEBUN JABOR,Ladang,,Sayur-Sayuran,04,007,KACANG PANJANG HIJAU,F.A.Q,Kilogram,4.5,4.1716666,
30723602,2026-07-11,2026-07-11 09:40:56.440046,PAHANG,KUANTAN,LADANG/KEBUN JABOR,Ladang,,Sayur-Sayuran,03,019,KANGKUNG,F.A.Q,Kilogram,1.7,1.7222222,
30723603,2026-07-11,2026-07-11 09:40:56.440046,PAHANG,KUANTAN,LADANG/KEBUN JABOR,Ladang,,Sayur-Sayuran,03,007,SAWI HIJAU (TANAH RENDAH),F.A.Q,Kilogram,2.3,2.2104166,
30723604,2026-07-11,2026-07-11 09:40:56.440046,PAHANG,KUANTAN,LADANG/KEBUN JABOR,Ladang,,Sayur-Sayuran,02,010,TERUNG PANJANG / PEPARU (TANAH RENDAH),F.A.Q,Kilogram,4.3,4.3816667,
30723605,2026-07-11,2026-07-11 09:40:56.440046,PAHANG,KUANTAN,LADANG/KEBUN JABOR,Ladang,,Sayur-Sayuran,02,011,TIMUN HIJAU,F.A.Q,Kilogram,1.1,1.4,
30723606,2026-07-11,2026-07-11 09:43:52.197782,MELAKA,MELAKA TENGAH,PASAR BORONG MPHTJ BATU BERENDAM - BAHAGIAN BORONG,Borong,20,Sayur-Sayuran,03,001,BAYAM,F.A.Q,Kilogram,2.2,2.5,
30723607,2026-07-11,2026-07-11 09:43:52.197782,MELAKA,MELAKA TENGAH,PASAR BORONG MPHTJ BATU BERENDAM - BAHAGIAN BORONG,Borong,20,Sayur-Sayuran,03,001,BAYAM,F.A.Q,Kilogram,2,2.5,
30723608,2026-07-11,2026-07-11 09:43:52.197782,MELAKA,MELAKA TENGAH,PASAR BORONG MPHTJ BATU BERENDAM - BAHAGIAN BORONG,Borong,20,Sayur-Sayuran,02,002,CILI HIJAU,F.A.Q,Kilogram,7.5,7,
30723609,2026-07-11,2026-07-11 09:43:52.197782,MELAKA,MELAKA TENGAH,PASAR BORONG MPHTJ BATU BERENDAM - BAHAGIAN BORONG,Borong,20,Sayur-Sayuran,02,002,CILI HIJAU,F.A.Q,Kilogram,7,7,
30723610,2026-07-11,2026-07-11 09:43:52.197782,MELAKA,MELAKA TENGAH,PASAR BORONG MPHTJ BATU BERENDAM - BAHAGIAN BORONG,Borong,20,Sayur-Sayuran,02,002,CILI MERAH (VIETNAM),F.A.Q,Kilogram,10,6,
30723611,2026-07-11,2026-07-11 09:43:52.197782,MELAKA,MELAKA TENGAH,PASAR BORONG MPHTJ BATU BERENDAM - BAHAGIAN BORONG,Borong,20,Sayur-Sayuran,02,002,CILI MERAH (VIETNAM),F.A.Q,Kilogram,10,6,
30723612,2026-07-11,2026-07-11 09:43:52.197782,MELAKA,MELAKA TENGAH,PASAR BORONG MPHTJ BATU BERENDAM - BAHAGIAN BORONG,Borong,20,Sayur-Sayuran,02,002,CILI MERAH KULAI / KULAI HIBRID,F.A.Q,Kilogram,12,9,
30723613,2026-07-11,2026-07-11 09:43:52.197782,MELAKA,MELAKA TENGAH,PASAR BORONG MPHTJ BATU BERENDAM - BAHAGIAN BORONG,Borong,20,Sayur-Sayuran,02,002,CILI MERAH KULAI / KULAI HIBRID,F.A.Q,Kilogram,11,9,
30723614,2026-07-11,2026-07-11 09:43:52.197782,MELAKA,MELAKA TENGAH,PASAR BORONG MPHTJ BATU BERENDAM - BAHAGIAN BORONG,Borong,20,Sayur-Sayuran,02,002,CILI MERAH MINYAK,F.A.Q,Kilogram,11,8,
30723615,2026-07-11,2026-07-11 09:43:52.197782,MELAKA,MELAKA TENGAH,PASAR BORONG MPHTJ BATU BERENDAM - BAHAGIAN BORONG,Borong,20,Sayur-Sayuran,03,009,DAUN BAWANG,F.A.Q,Kilogram,3,5,
30723616,2026-07-11,2026-07-11 09:43:52.197782,MELAKA,MELAKA TENGAH,PASAR BORONG MPHTJ BATU BERENDAM - BAHAGIAN BORONG,Borong,20,Sayur-Sayuran,03,009,DAUN BAWANG,F.A.Q,Kilogram,8,5,
30723617,2026-07-11,2026-07-11 09:43:52.197782,MELAKA,MELAKA TENGAH,PASAR BORONG MPHTJ BATU BERENDAM - BAHAGIAN BORONG,Borong,20,Sayur-Sayuran,03,015,DAUN SUP (TANAH TINGGI),F.A.Q,Kilogram,15,5,
30723618,2026-07-11,2026-07-11 09:43:52.197782,MELAKA,MELAKA TENGAH,PASAR BORONG MPHTJ BATU BERENDAM - BAHAGIAN BORONG,Borong,20,Sayur-Sayuran,03,015,DAUN SUP (TANAH TINGGI),F.A.Q,Kilogram,14,5,
30723619,2026-07-11,2026-07-11 09:43:52.197782,MELAKA,MELAKA TENGAH,PASAR BORONG MPHTJ BATU BERENDAM - BAHAGIAN BORONG,Borong,20,Sayur-Sayuran,04,002,KACANG BENDI,F.A.Q,Kilogram,4,2.8,
30723620,2026-07-11,2026-07-11 09:43:52.197782,MELAKA,MELAKA TENGAH,PASAR BORONG MPHTJ BATU BERENDAM - BAHAGIAN BORONG,Borong,20,Sayur-Sayuran,04,002,KACANG BENDI,F.A.Q,Kilogram,3,2.8,
30723621,2026-07-11,2026-07-11 09:43:52.197782,MELAKA,MELAKA TENGAH,PASAR BORONG MPHTJ BATU BERENDAM - BAHAGIAN BORONG,Borong,20,Sayur-Sayuran,04,003,KACANG BUNCIS,F.A.Q,Kilogram,8,5.5,
30723622,2026-07-11,2026-07-11 09:43:52.197782,MELAKA,MELAKA TENGAH,PASAR BORONG MPHTJ BATU BERENDAM - BAHAGIAN BORONG,Borong,20,Sayur-Sayuran,04,003,KACANG BUNCIS,F.A.Q,Kilogram,8,5.5,
30723623,2026-07-11,2026-07-11 09:43:52.197782,MELAKA,MELAKA TENGAH,PASAR BORONG MPHTJ BATU BERENDAM - BAHAGIAN BORONG,Borong,20,Sayur-Sayuran,04,007,KACANG PANJANG HIJAU,F.A.Q,Kilogram,4,4.5,
30723624,2026-07-11,2026-07-11 09:43:52.197782,MELAKA,MELAKA TENGAH,PASAR BORONG MPHTJ BATU BERENDAM - BAHAGIAN BORONG,Borong,20,Sayur-Sayuran,04,007,KACANG PANJANG HIJAU,F.A.Q,Kilogram,4,4.5,
30723625,2026-07-11,2026-07-11 09:43:52.197782,MELAKA,MELAKA TENGAH,PASAR BORONG MPHTJ BATU BERENDAM - BAHAGIAN BORONG,Borong,20,Sayur-Sayuran,03,019,KANGKUNG,F.A.Q,Kilogram,2.2,2,
30723626,2026-07-11,2026-07-11 09:43:52.197782,MELAKA,MELAKA TENGAH,PASAR BORONG MPHTJ BATU BERENDAM - BAHAGIAN BORONG,Borong,20,Sayur-Sayuran,03,019,KANGKUNG,F.A.Q,Kilogram,2,2,
30723627,2026-07-11,2026-07-11 09:43:52.197782,MELAKA,MELAKA TENGAH,PASAR BORONG MPHTJ BATU BERENDAM - BAHAGIAN BORONG,Borong,20,Sayur-Sayuran,03,006,KUBIS BULAT (CHINA),F.A.Q,Kilogram,2.2,2.5,
30723628,2026-07-11,2026-07-11 09:43:52.197782,MELAKA,MELAKA TENGAH,PASAR BORONG MPHTJ BATU BERENDAM - BAHAGIAN BORONG,Borong,20,Sayur-Sayuran,03,006,KUBIS BULAT (CHINA),F.A.Q,Kilogram,2,2.5,
30723629,2026-07-11,2026-07-11 09:43:52.197782,MELAKA,MELAKA TENGAH,PASAR BORONG MPHTJ BATU BERENDAM - BAHAGIAN BORONG,Borong,20,Sayur-Sayuran,03,006,KUBIS BULAT (TANAH TINGGI),F.A.Q,Kilogram,2,2.7,
30723630,2026-07-11,2026-07-11 09:43:52.197782,MELAKA,MELAKA TENGAH,PASAR BORONG MPHTJ BATU BERENDAM - BAHAGIAN BORONG,Borong,20,Sayur-Sayuran,03,006,KUBIS BULAT (TANAH TINGGI),F.A.Q,Kilogram,2.2,2.7,
30723631,2026-07-11,2026-07-11 09:43:52.197782,MELAKA,MELAKA TENGAH,PASAR BORONG MPHTJ BATU BERENDAM - BAHAGIAN BORONG,Borong,20,Sayur-Sayuran,03,007,SAWI HIJAU (TANAH RENDAH),F.A.Q,Kilogram,2.5,2.4,
30723632,2026-07-11,2026-07-11 09:43:52.197782,MELAKA,MELAKA TENGAH,PASAR BORONG MPHTJ BATU BERENDAM - BAHAGIAN BORONG,Borong,20,Sayur-Sayuran,03,007,SAWI HIJAU (TANAH RENDAH),F.A.Q,Kilogram,3.8,2.4,
30723633,2026-07-11,2026-07-11 09:43:52.197782,MELAKA,MELAKA TENGAH,PASAR BORONG MPHTJ BATU BERENDAM - BAHAGIAN BORONG,Borong,20,Sayur-Sayuran,03,007,SAWI HIJAU TANAH TINGGI,F.A.Q,Kilogram,3,2.7,
30723634,2026-07-11,2026-07-11 09:43:52.197782,MELAKA,MELAKA TENGAH,PASAR BORONG MPHTJ BATU BERENDAM - BAHAGIAN BORONG,Borong,20,Sayur-Sayuran,03,007,SAWI HIJAU TANAH TINGGI,F.A.Q,Kilogram,4,2.7,
30723635,2026-07-11,2026-07-11 09:43:52.197782,MELAKA,MELAKA TENGAH,PASAR BORONG MPHTJ BATU BERENDAM - BAHAGIAN BORONG,Borong,20,Sayur-Sayuran,02,010,TERUNG PANJANG / PEPARU (TANAH RENDAH),F.A.Q,Kilogram,5.5,5,
30723636,2026-07-11,2026-07-11 09:43:52.197782,MELAKA,MELAKA TENGAH,PASAR BORONG MPHTJ BATU BERENDAM - BAHAGIAN BORONG,Borong,20,Sayur-Sayuran,02,010,TERUNG PANJANG / PEPARU (TANAH RENDAH),F.A.Q,Kilogram,5,5,
30723637,2026-07-11,2026-07-11 09:43:52.197782,MELAKA,MELAKA TENGAH,PASAR BORONG MPHTJ BATU BERENDAM - BAHAGIAN BORONG,Borong,20,Sayur-Sayuran,02,011,TIMUN HIJAU,F.A.Q,Kilogram,2,2.6,
30723638,2026-07-11,2026-07-11 09:43:52.197782,MELAKA,MELAKA TENGAH,PASAR BORONG MPHTJ BATU BERENDAM - BAHAGIAN BORONG,Borong,20,Sayur-Sayuran,02,011,TIMUN HIJAU,F.A.Q,Kilogram,1.8,2.6,
30723639,2026-07-11,2026-07-11 09:43:52.197782,MELAKA,MELAKA TENGAH,PASAR BORONG MPHTJ BATU BERENDAM - BAHAGIAN BORONG,Borong,20,Sayur-Sayuran,02,012,TOMATO (TANAH TINGGI),F.A.Q,Kilogram,4.8,6,
30723640,2026-07-11,2026-07-11 09:43:52.197782,MELAKA,MELAKA TENGAH,PASAR BORONG MPHTJ BATU BERENDAM - BAHAGIAN BORONG,Borong,20,Sayur-Sayuran,02,012,TOMATO (TANAH TINGGI),F.A.Q,Kilogram,5,6,
30723641,2026-07-11,2026-07-11 09:43:56.499125,PAHANG,KUANTAN,LADANG/KEBUN GAMBANG,Ladang,,Sayur-Sayuran,03,001,BAYAM,F.A.Q,Kilogram,1.8,1.79375,
30723642,2026-07-11,2026-07-11 09:43:56.499125,PAHANG,KUANTAN,LADANG/KEBUN GAMBANG,Ladang,,Sayur-Sayuran,02,002,CILI HIJAU,F.A.Q,Kilogram,7.5,7.327778,
30723643,2026-07-11,2026-07-11 09:43:56.499125,PAHANG,KUANTAN,LADANG/KEBUN GAMBANG,Ladang,,Sayur-Sayuran,02,002,CILI MERAH MINYAK,F.A.Q,Kilogram,8.2,8.344444,
30723644,2026-07-11,2026-07-11 09:43:56.499125,PAHANG,KUANTAN,LADANG/KEBUN GAMBANG,Ladang,,Sayur-Sayuran,04,002,KACANG BENDI,F.A.Q,Kilogram,2.8,3.29375,
30723645,2026-07-11,2026-07-11 09:43:56.499125,PAHANG,KUANTAN,LADANG/KEBUN GAMBANG,Ladang,,Sayur-Sayuran,04,007,KACANG PANJANG HIJAU,F.A.Q,Kilogram,4.3,4.1716666,
30723646,2026-07-11,2026-07-11 09:43:56.499125,PAHANG,KUANTAN,LADANG/KEBUN GAMBANG,Ladang,,Sayur-Sayuran,03,019,KANGKUNG,F.A.Q,Kilogram,1.8,1.7222222,
30723647,2026-07-11,2026-07-11 09:43:56.499125,PAHANG,KUANTAN,LADANG/KEBUN GAMBANG,Ladang,,Sayur-Sayuran,03,007,SAWI HIJAU (TANAH RENDAH),F.A.Q,Kilogram,2.3,2.2104166,
30723648,2026-07-11,2026-07-11 09:43:56.499125,PAHANG,KUANTAN,LADANG/KEBUN GAMBANG,Ladang,,Sayur-Sayuran,02,010,TERUNG PANJANG / PEPARU (TANAH RENDAH),F.A.Q,Kilogram,4,4.3816667,
30723649,2026-07-11,2026-07-11 09:43:56.499125,PAHANG,KUANTAN,LADANG/KEBUN GAMBANG,Ladang,,Sayur-Sayuran,02,011,TIMUN HIJAU,F.A.Q,Kilogram,1.1,1.4,
30723650,2026-07-11,2026-07-11 09:45:30.711544,PAHANG,KUANTAN,[PROJEK] TKPM PULAU MANIS,Ladang,,Sayur-Sayuran,03,001,BAYAM,F.A.Q,Kilogram,1.8,1.79375,
30723651,2026-07-11,2026-07-11 09:45:30.711544,PAHANG,KUANTAN,[PROJEK] TKPM PULAU MANIS,Ladang,,Sayur-Sayuran,04,002,KACANG BENDI,F.A.Q,Kilogram,2.7,3.29375,
30723652,2026-07-11,2026-07-11 09:45:30.711544,PAHANG,KUANTAN,[PROJEK] TKPM PULAU MANIS,Ladang,,Sayur-Sayuran,04,007,KACANG PANJANG HIJAU,F.A.Q,Kilogram,4.4,4.1716666,
30723653,2026-07-11,2026-07-11 09:45:30.711544,PAHANG,KUANTAN,[PROJEK] TKPM PULAU MANIS,Ladang,,Sayur-Sayuran,03,007,SAWI HIJAU (TANAH RENDAH),F.A.Q,Kilogram,2.4,2.2104166,
30723654,2026-07-11,2026-07-11 09:45:30.711544,PAHANG,KUANTAN,[PROJEK] TKPM PULAU MANIS,Ladang,,Sayur-Sayuran,02,010,TERUNG PANJANG / PEPARU (TANAH RENDAH),F.A.Q,Kilogram,4.2,4.3816667,
30723655,2026-07-11,2026-07-11 09:45:30.711544,PAHANG,KUANTAN,[PROJEK] TKPM PULAU MANIS,Ladang,,Sayur-Sayuran,02,011,TIMUN HIJAU,F.A.Q,Kilogram,1.1,1.4,
30723656,2026-07-11,2026-07-11 09:48:31.291382,PAHANG,KUANTAN,LADANG/KEBUN KAMPUNG SUNGAI SOI,Ladang,,Sayur-Sayuran,04,002,KACANG BENDI,F.A.Q,Kilogram,2.9,3.29375,
30723657,2026-07-11,2026-07-11 09:48:32.694241,SELANGOR,KLANG,[PROJEK] TKPM JALAN KEBUN,Ladang,,Sayur-Sayuran,03,001,BAYAM,F.A.Q,Kilogram,2,2.64,
30723658,2026-07-11,2026-07-11 09:48:32.742911,SELANGOR,KLANG,[PROJEK] TKPM JALAN KEBUN,Ladang,,Sayur-Sayuran,04,002,KACANG BENDI,F.A.Q,Kilogram,3,5.34,
30723659,2026-07-11,2026-07-11 09:48:32.783874,SELANGOR,KLANG,[PROJEK] TKPM JALAN KEBUN,Ladang,,Sayur-Sayuran,04,007,KACANG PANJANG HIJAU,F.A.Q,Kilogram,3,4.02,
30723660,2026-07-11,2026-07-11 09:48:32.823622,SELANGOR,KLANG,[PROJEK] TKPM JALAN KEBUN,Ladang,,Sayur-Sayuran,03,019,KANGKUNG,F.A.Q,Kilogram,2,2.32,
30723661,2026-07-11,2026-07-11 09:48:32.865983,SELANGOR,KLANG,[PROJEK] TKPM JALAN KEBUN,Ladang,,Sayur-Sayuran,03,007,SAWI HIJAU (TANAH RENDAH),F.A.Q,Kilogram,3,3.39,
30723662,2026-07-11,2026-07-11 09:48:32.908987,SELANGOR,KLANG,[PROJEK] TKPM JALAN KEBUN,Ladang,,Sayur-Sayuran,02,011,TIMUN HIJAU,F.A.Q,Kilogram,2,1.67,
30723663,2026-07-11,2026-07-11 09:49:01.119838,SELANGOR,KLANG,[PROJEK] TKPM JALAN KEBUN,Ladang,,Sayur-Sayuran,03,001,BAYAM,F.A.Q,Kilogram,3,2.64,
30723664,2026-07-11,2026-07-11 09:49:01.163905,SELANGOR,KLANG,[PROJEK] TKPM JALAN KEBUN,Ladang,,Sayur-Sayuran,04,002,KACANG BENDI,F.A.Q,Kilogram,4,5.34,
30723665,2026-07-11,2026-07-11 09:49:01.208076,SELANGOR,KLANG,[PROJEK] TKPM JALAN KEBUN,Ladang,,Sayur-Sayuran,04,007,KACANG PANJANG HIJAU,F.A.Q,Kilogram,4,4.02,
30723666,2026-07-11,2026-07-11 09:49:01.245875,SELANGOR,KLANG,[PROJEK] TKPM JALAN KEBUN,Ladang,,Sayur-Sayuran,03,019,KANGKUNG,F.A.Q,Kilogram,2,2.32,
30723667,2026-07-11,2026-07-11 09:49:01.283464,SELANGOR,KLANG,[PROJEK] TKPM JALAN KEBUN,Ladang,,Sayur-Sayuran,03,007,SAWI HIJAU (TANAH RENDAH),F.A.Q,Kilogram,3,3.39,
30723668,2026-07-11,2026-07-11 09:49:01.340934,SELANGOR,KLANG,[PROJEK] TKPM JALAN KEBUN,Ladang,,Sayur-Sayuran,02,011,TIMUN HIJAU,F.A.Q,Kilogram,2,1.67,
30723669,2026-07-11,2026-07-11 09:49:06.009893,PAHANG,KUANTAN,LADANG/KEBUN JABOR,Ladang,,Sayur-Sayuran,04,002,KACANG BENDI,F.A.Q,Kilogram,2.8,3.29375,
30723670,2026-07-11,2026-07-11 09:49:27.595374,MELAKA,MELAKA TENGAH,,Ladang,27,Sayur-Sayuran,03,001,BAYAM,F.A.Q,Kilogram,1.2,2,
30723671,2026-07-11,2026-07-11 09:49:27.595374,MELAKA,MELAKA TENGAH,,Ladang,27,Sayur-Sayuran,02,002,CILI HIJAU,F.A.Q,Kilogram,5,5,
30723672,2026-07-11,2026-07-11 09:49:27.595374,MELAKA,MELAKA TENGAH,,Ladang,27,Sayur-Sayuran,02,002,CILI MERAH KULAI / KULAI HIBRID,F.A.Q,Kilogram,9.5,7.5,
30723673,2026-07-11,2026-07-11 09:49:27.595374,MELAKA,MELAKA TENGAH,,Ladang,27,Sayur-Sayuran,02,002,CILI MERAH MINYAK,F.A.Q,Kilogram,9,6,
30723674,2026-07-11,2026-07-11 09:49:27.595374,MELAKA,MELAKA TENGAH,,Ladang,27,Sayur-Sayuran,04,002,KACANG BENDI,F.A.Q,Kilogram,2.8,2,
30723675,2026-07-11,2026-07-11 09:49:27.595374,MELAKA,MELAKA TENGAH,,Ladang,27,Sayur-Sayuran,04,007,KACANG PANJANG HIJAU,F.A.Q,Kilogram,3,4,
30723676,2026-07-11,2026-07-11 09:49:27.595374,MELAKA,MELAKA TENGAH,,Ladang,27,Sayur-Sayuran,03,019,KANGKUNG,F.A.Q,Kilogram,1.2,1.7,
30723677,2026-07-11,2026-07-11 09:49:27.595374,MELAKA,MELAKA TENGAH,,Ladang,27,Sayur-Sayuran,03,007,SAWI HIJAU (TANAH RENDAH),F.A.Q,Kilogram,2.5,1.85,
30723678,2026-07-11,2026-07-11 09:49:27.595374,MELAKA,MELAKA TENGAH,,Ladang,27,Sayur-Sayuran,02,010,TERUNG PANJANG / PEPARU (TANAH RENDAH),F.A.Q,Kilogram,3.5,4,
30723679,2026-07-11,2026-07-11 09:49:27.595374,MELAKA,MELAKA TENGAH,,Ladang,27,Sayur-Sayuran,02,011,TIMUN HIJAU,F.A.Q,Kilogram,1,2,
30723680,2026-07-11,2026-07-11 09:49:58.071816,MELAKA,MELAKA TENGAH,,Ladang,27,Buah-Buahan,02,028,PISANG BERANGAN,F.A.Q,Kilogram,2.6,2.8,
30723681,2026-07-11,2026-07-11 09:49:58.071816,MELAKA,MELAKA TENGAH,,Ladang,27,Buah-Buahan,02,028,PISANG MAS,F.A.Q,Kilogram,2,2.5,
30723682,2026-07-11,2026-07-11 09:49:58.071816,MELAKA,MELAKA TENGAH,,Ladang,27,Buah-Buahan,02,034,TEMBIKAI MERAH TANPA BIJI,F.A.Q,Kilogram,2.3,2,
30723683,2026-07-11,2026-07-11 09:50:19.111948,MELAKA,JASIN,LADANG/KEBUN MERLIMAU,Ladang,,Tanaman Kontan,05,001,KELAPA DIKUPAS,SEDANG,Biji,1.7,1.3,
30723684,2026-07-11,2026-07-11 09:50:27.085278,SELANGOR,KLANG,PASAR BESAR KLANG - BAHAGIAN BORONG,Borong,,Ternakan,03,002,AYAM PROSES STANDARD,F.A.Q,Kilogram,8,8.75,
30723685,2026-07-11,2026-07-11 09:51:15.48058,MELAKA,JASIN,LADANG/KEBUN SERKAM,Ladang,,Ternakan,01,003,AYAM HIDUP,F.A.Q,Kilogram,6.9,6.8,
30723686,2026-07-11,2026-07-11 09:51:15.48058,MELAKA,JASIN,LADANG/KEBUN SERKAM,Ladang,,Ternakan,11,001,TELUR AYAM,A,Biji,0.42,0.35,
30723687,2026-07-11,2026-07-11 09:51:15.48058,MELAKA,JASIN,LADANG/KEBUN SERKAM,Ladang,,Ternakan,11,001,TELUR AYAM,C,Biji,0.33,0.31,
30723688,2026-07-11,2026-07-11 09:51:15.48058,MELAKA,JASIN,LADANG/KEBUN SERKAM,Ladang,,Ternakan,11,001,TELUR AYAM,B,Biji,0.39,0.33,
30723689,2026-07-11,2026-07-11 09:52:53.57009,SELANGOR,KLANG,PASAR BESAR KLANG - BAHAGIAN BORONG,Borong,,Sayur-Sayuran,05,001,BAWANG BESAR KUNING / HOLLAND,F.A.Q,Kilogram,2,3.5,
30723690,2026-07-11,2026-07-11 09:52:53.628777,SELANGOR,KLANG,PASAR BESAR KLANG - BAHAGIAN BORONG,Borong,,Sayur-Sayuran,05,001,BAWANG BESAR MERAH (INDIA),F.A.Q,Kilogram,1.6,2.73,
30723691,2026-07-11,2026-07-11 09:52:53.673877,SELANGOR,KLANG,PASAR BESAR KLANG - BAHAGIAN BORONG,Borong,,Sayur-Sayuran,05,001,BAWANG MERAH / KECIL (INDIA),F.A.Q,Kilogram,1.5,4.61,
30723692,2026-07-11,2026-07-11 09:52:53.713575,SELANGOR,KLANG,PASAR BESAR KLANG - BAHAGIAN BORONG,Borong,,Sayur-Sayuran,05,001,BAWANG MERAH / KECIL (THAI),F.A.Q,Kilogram,7,9.62,
30723693,2026-07-11,2026-07-11 09:52:53.752495,SELANGOR,KLANG,PASAR BESAR KLANG - BAHAGIAN BORONG,Borong,,Sayur-Sayuran,05,001,BAWANG MERAH ROSE,F.A.Q,Kilogram,2.8,9.14,
30723694,2026-07-11,2026-07-11 09:52:53.790525,SELANGOR,KLANG,PASAR BESAR KLANG - BAHAGIAN BORONG,Borong,,Sayur-Sayuran,05,001,BAWANG PUTIH (CHINA),F.A.Q,Kilogram,7.5,5.98,
30723695,2026-07-11,2026-07-11 09:52:53.830002,SELANGOR,KLANG,PASAR BESAR KLANG - BAHAGIAN BORONG,Borong,,Sayur-Sayuran,05,009,UBI KENTANG HOLLAND,F.A.Q,Kilogram,2.5,2.62,
30723696,2026-07-11,2026-07-11 09:55:44.105239,SELANGOR,KLANG,PASAR BESAR KLANG - BAHAGIAN BORONG,Borong,,Sayur-Sayuran,03,001,BAYAM,F.A.Q,Kilogram,2.5,4.11,
30723697,2026-07-11,2026-07-11 09:55:44.16398,SELANGOR,KLANG,PASAR BESAR KLANG - BAHAGIAN BORONG,Borong,,Sayur-Sayuran,02,002,CILI HIJAU,F.A.Q,Kilogram,8,10.63,
30723698,2026-07-11,2026-07-11 09:55:44.204676,SELANGOR,KLANG,PASAR BESAR KLANG - BAHAGIAN BORONG,Borong,,Sayur-Sayuran,02,002,CILI MERAH KULAI / KULAI HIBRID,F.A.Q,Kilogram,12,13.69,
30723699,2026-07-11,2026-07-11 09:55:44.244637,SELANGOR,KLANG,PASAR BESAR KLANG - BAHAGIAN BORONG,Borong,,Sayur-Sayuran,02,002,CILI MERAH MINYAK,F.A.Q,Kilogram,8,11.76,
30723700,2026-07-11,2026-07-11 09:55:44.285725,SELANGOR,KLANG,PASAR BESAR KLANG - BAHAGIAN BORONG,Borong,,Sayur-Sayuran,03,009,DAUN BAWANG,F.A.Q,Kilogram,6,9.7,
30723701,2026-07-11,2026-07-11 09:55:44.333109,SELANGOR,KLANG,PASAR BESAR KLANG - BAHAGIAN BORONG,Borong,,Sayur-Sayuran,03,015,DAUN SUP (TANAH TINGGI),F.A.Q,Kilogram,18,10.25,
30723702,2026-07-11,2026-07-11 09:55:44.380077,SELANGOR,KLANG,PASAR BESAR KLANG - BAHAGIAN BORONG,Borong,,Sayur-Sayuran,04,002,KACANG BENDI,F.A.Q,Kilogram,4,8.23,
30723703,2026-07-11,2026-07-11 09:55:44.419584,SELANGOR,KLANG,PASAR BESAR KLANG - BAHAGIAN BORONG,Borong,,Sayur-Sayuran,04,003,KACANG BUNCIS,F.A.Q,Kilogram,8,10.25,
30723704,2026-07-11,2026-07-11 09:55:44.456791,SELANGOR,KLANG,PASAR BESAR KLANG - BAHAGIAN BORONG,Borong,,Sayur-Sayuran,04,007,KACANG PANJANG HIJAU,F.A.Q,Kilogram,5,5.88,
30723705,2026-07-11,2026-07-11 09:55:44.495892,SELANGOR,KLANG,PASAR BESAR KLANG - BAHAGIAN BORONG,Borong,,Sayur-Sayuran,03,019,KANGKUNG,F.A.Q,Kilogram,2.5,3.5,
30723706,2026-07-11,2026-07-11 09:55:44.533269,SELANGOR,KLANG,PASAR BESAR KLANG - BAHAGIAN BORONG,Borong,,Sayur-Sayuran,03,006,KUBIS BULAT (CHINA),F.A.Q,Kilogram,2,2.09,
30723707,2026-07-11,2026-07-11 09:55:44.56948,SELANGOR,KLANG,PASAR BESAR KLANG - BAHAGIAN BORONG,Borong,,Sayur-Sayuran,03,006,KUBIS BULAT (TANAH TINGGI),F.A.Q,Kilogram,3,3.18,
30723708,2026-07-11,2026-07-11 09:55:44.605714,SELANGOR,KLANG,PASAR BESAR KLANG - BAHAGIAN BORONG,Borong,,Sayur-Sayuran,03,007,SAWI HIJAU (TANAH RENDAH),F.A.Q,Kilogram,4,4.43,
30723709,2026-07-11,2026-07-11 09:55:44.644877,SELANGOR,KLANG,PASAR BESAR KLANG - BAHAGIAN BORONG,Borong,,Sayur-Sayuran,02,010,TERUNG PANJANG / PEPARU (TANAH RENDAH),F.A.Q,Kilogram,6,7.33,
30723710,2026-07-11,2026-07-11 09:55:44.686127,SELANGOR,KLANG,PASAR BESAR KLANG - BAHAGIAN BORONG,Borong,,Sayur-Sayuran,02,011,TIMUN HIJAU,F.A.Q,Kilogram,2.5,2.57,
30723711,2026-07-11,2026-07-11 09:55:44.724566,SELANGOR,KLANG,PASAR BESAR KLANG - BAHAGIAN BORONG,Borong,,Sayur-Sayuran,02,012,TOMATO (TANAH TINGGI),F.A.Q,Kilogram,5.5,7,
30723712,2026-07-11,2026-07-11 09:56:59.401432,SELANGOR,KLANG,PASAR BESAR KLANG - BAHAGIAN BORONG,Borong,,Sayur-Sayuran,03,001,BAYAM,F.A.Q,Kilogram,4,4.11,
30723713,2026-07-11,2026-07-11 09:56:59.445844,SELANGOR,KLANG,PASAR BESAR KLANG - BAHAGIAN BORONG,Borong,,Sayur-Sayuran,02,002,CILI HIJAU,F.A.Q,Kilogram,9,10.63,
30723714,2026-07-11,2026-07-11 09:56:59.48714,SELANGOR,KLANG,PASAR BESAR KLANG - BAHAGIAN BORONG,Borong,,Sayur-Sayuran,02,002,CILI MERAH KULAI / KULAI HIBRID,F.A.Q,Kilogram,13,13.69,
30723715,2026-07-11,2026-07-11 09:56:59.528044,SELANGOR,KLANG,PASAR BESAR KLANG - BAHAGIAN BORONG,Borong,,Sayur-Sayuran,02,002,CILI MERAH MINYAK,F.A.Q,Kilogram,9,11.76,
30723716,2026-07-11,2026-07-11 09:56:59.567663,SELANGOR,KLANG,PASAR BESAR KLANG - BAHAGIAN BORONG,Borong,,Sayur-Sayuran,03,009,DAUN BAWANG,F.A.Q,Kilogram,6,9.7,
30723717,2026-07-11,2026-07-11 09:56:59.607765,SELANGOR,KLANG,PASAR BESAR KLANG - BAHAGIAN BORONG,Borong,,Sayur-Sayuran,03,015,DAUN SUP (TANAH TINGGI),F.A.Q,Kilogram,19,10.25,
30723718,2026-07-11,2026-07-11 09:56:59.648639,SELANGOR,KLANG,PASAR BESAR KLANG - BAHAGIAN BORONG,Borong,,Sayur-Sayuran,04,002,KACANG BENDI,F.A.Q,Kilogram,5,8.23,
30723719,2026-07-11,2026-07-11 09:56:59.691209,SELANGOR,KLANG,PASAR BESAR KLANG - BAHAGIAN BORONG,Borong,,Sayur-Sayuran,04,003,KACANG BUNCIS,F.A.Q,Kilogram,8,10.25,
30723720,2026-07-11,2026-07-11 09:56:59.729689,SELANGOR,KLANG,PASAR BESAR KLANG - BAHAGIAN BORONG,Borong,,Sayur-Sayuran,04,007,KACANG PANJANG HIJAU,F.A.Q,Kilogram,6,5.88,
30723721,2026-07-11,2026-07-11 09:56:59.768361,SELANGOR,KLANG,PASAR BESAR KLANG - BAHAGIAN BORONG,Borong,,Sayur-Sayuran,03,019,KANGKUNG,F.A.Q,Kilogram,2.5,3.5,
30723722,2026-07-11,2026-07-11 09:56:59.811188,SELANGOR,KLANG,PASAR BESAR KLANG - BAHAGIAN BORONG,Borong,,Sayur-Sayuran,03,007,SAWI HIJAU (TANAH RENDAH),F.A.Q,Kilogram,4,4.43,
30723723,2026-07-11,2026-07-11 09:56:59.851744,SELANGOR,KLANG,PASAR BESAR KLANG - BAHAGIAN BORONG,Borong,,Sayur-Sayuran,02,010,TERUNG PANJANG / PEPARU (TANAH RENDAH),F.A.Q,Kilogram,7,7.33,
30723724,2026-07-11,2026-07-11 09:56:59.888521,SELANGOR,KLANG,PASAR BESAR KLANG - BAHAGIAN BORONG,Borong,,Sayur-Sayuran,02,011,TIMUN HIJAU,F.A.Q,Kilogram,2.5,2.57,
30723725,2026-07-11,2026-07-11 09:56:59.9258,SELANGOR,KLANG,PASAR BESAR KLANG - BAHAGIAN BORONG,Borong,,Sayur-Sayuran,02,012,TOMATO (TANAH TINGGI),F.A.Q,Kilogram,6,7,
30723726,2026-07-11,2026-07-11 09:57:25.82756,SELANGOR,KLANG,PASAR BESAR KLANG - BAHAGIAN BORONG,Borong,,Buah-Buahan,02,005,BETIK SEKAKI,F.A.Q,Kilogram,3,3.33,
30723727,2026-07-11,2026-07-11 09:57:25.870225,SELANGOR,KLANG,PASAR BESAR KLANG - BAHAGIAN BORONG,Borong,,Buah-Buahan,02,023,NANAS JOSAPINE (AC5),F.A.Q,Kilogram,3,3.5,
30723728,2026-07-11,2026-07-11 09:57:25.91384,SELANGOR,KLANG,PASAR BESAR KLANG - BAHAGIAN BORONG,Borong,,Buah-Buahan,02,028,PISANG BERANGAN,F.A.Q,Kilogram,3,3.93,
30723729,2026-07-11,2026-07-11 09:57:25.964353,SELANGOR,KLANG,PASAR BESAR KLANG - BAHAGIAN BORONG,Borong,,Buah-Buahan,02,028,PISANG MAS,F.A.Q,Kilogram,3,3.81,
30723730,2026-07-11,2026-07-11 09:57:26.01584,SELANGOR,KLANG,PASAR BESAR KLANG - BAHAGIAN BORONG,Borong,,Buah-Buahan,02,034,TEMBIKAI MERAH TANPA BIJI,F.A.Q,Kilogram,2.5,3.55,
30723731,2026-07-11,2026-07-11 09:57:46.497641,SELANGOR,KLANG,PASAR BESAR KLANG - BAHAGIAN RUNCIT,Runcit,,Ternakan,03,002,AYAM PROSES STANDARD,F.A.Q,Kilogram,10,9.99,
30723732,2026-07-11,2026-07-11 09:58:11.834015,TERENGGANU,KUALA TERENGGANU,PASAR BORONG GONG PAUH,Borong,,Ternakan,03,002,AYAM PROSES STANDARD,F.A.Q,Kilogram,9.3,8.75,
30723733,2026-07-11,2026-07-11 09:59:26.34166,TERENGGANU,KUALA TERENGGANU,PASAR BESAR KEDAI PAYANG,Runcit,,Tanaman Kontan,05,001,KELAPA DIKUPAS,SEDANG,Biji,3,2.33,
30723734,2026-07-11,2026-07-11 09:59:34.3597,W.P. KUALA LUMPUR,KUALA LUMPUR,PASAR AWAM CHOW KIT,Runcit,26,Sayur-Sayuran,05,001,BAWANG BESAR KUNING / HOLLAND,F.A.Q,Kilogram,4,5.07,
30723735,2026-07-11,2026-07-11 09:59:34.3597,W.P. KUALA LUMPUR,KUALA LUMPUR,PASAR AWAM CHOW KIT,Runcit,26,Sayur-Sayuran,05,001,BAWANG BESAR MERAH (IMPORT),F.A.Q,Kilogram,5,4.28,
30723736,2026-07-11,2026-07-11 09:59:34.3597,W.P. KUALA LUMPUR,KUALA LUMPUR,PASAR AWAM CHOW KIT,Runcit,26,Sayur-Sayuran,05,001,BAWANG BESAR MERAH (INDIA),F.A.Q,Kilogram,4,4.44,
30723737,2026-07-11,2026-07-11 09:59:34.3597,W.P. KUALA LUMPUR,KUALA LUMPUR,PASAR AWAM CHOW KIT,Runcit,26,Sayur-Sayuran,05,001,BAWANG MERAH / KECIL (INDIA),F.A.Q,Kilogram,5,7.04,
30723738,2026-07-11,2026-07-11 09:59:34.3597,W.P. KUALA LUMPUR,KUALA LUMPUR,PASAR AWAM CHOW KIT,Runcit,26,Sayur-Sayuran,05,001,BAWANG MERAH / KECIL (THAI),F.A.Q,Kilogram,10,13.54,
30723739,2026-07-11,2026-07-11 09:59:34.3597,W.P. KUALA LUMPUR,KUALA LUMPUR,PASAR AWAM CHOW KIT,Runcit,26,Sayur-Sayuran,05,001,BAWANG MERAH ROSE,F.A.Q,Kilogram,5,12.98,
30723740,2026-07-11,2026-07-11 09:59:34.3597,W.P. KUALA LUMPUR,KUALA LUMPUR,PASAR AWAM CHOW KIT,Runcit,26,Sayur-Sayuran,05,001,BAWANG PUTIH (CHINA),F.A.Q,Kilogram,10,8.52,
30723741,2026-07-11,2026-07-11 09:59:34.3597,W.P. KUALA LUMPUR,KUALA LUMPUR,PASAR AWAM CHOW KIT,Runcit,26,Sayur-Sayuran,05,009,UBI KENTANG HOLLAND,F.A.Q,Kilogram,4,4.09,
30723742,2026-07-11,2026-07-11 09:59:39.929069,NEGERI SEMBILAN,PORT DICKSON,[LOKASI KUTIPAN HARGA LADANG] LUKUT,Ladang,,Ternakan,11,001,TELUR AYAM,A,Biji,0.42,0.4,
30723743,2026-07-11,2026-07-11 09:59:39.929069,NEGERI SEMBILAN,PORT DICKSON,[LOKASI KUTIPAN HARGA LADANG] LUKUT,Ladang,,Ternakan,11,001,TELUR AYAM,C,Biji,0.3,0.3,
30723744,2026-07-11,2026-07-11 09:59:39.929069,NEGERI SEMBILAN,PORT DICKSON,[LOKASI KUTIPAN HARGA LADANG] LUKUT,Ladang,,Ternakan,11,001,TELUR AYAM,B,Biji,0.37,0.34,
30723745,2026-07-11,2026-07-11 09:59:53.320654,W.P. KUALA LUMPUR,KUALA LUMPUR,PASAR AWAM CHOW KIT,Runcit,26,Tanaman Kontan,05,001,KELAPA DIKUPAS,SEDANG,Biji,3.5,3.5,
30723746,2026-07-11,2026-07-11 10:00:09.823747,W.P. KUALA LUMPUR,KUALA LUMPUR,PASAR AWAM CHOW KIT,Runcit,26,Ternakan,01,003,AYAM HIDUP,F.A.Q,Kilogram,9,9,
30723747,2026-07-11,2026-07-11 10:00:09.823747,W.P. KUALA LUMPUR,KUALA LUMPUR,PASAR AWAM CHOW KIT,Runcit,26,Ternakan,03,002,AYAM PROSES STANDARD,F.A.Q,Kilogram,10,10.2,
30723748,2026-07-11,2026-07-11 10:00:18.461378,NEGERI SEMBILAN,TAMPIN,[LOKASI KUTIPAN HARGA LADANG] GEMENCHEH,Ladang,,Ternakan,11,001,TELUR AYAM,A,Biji,0.42,0.4,
30723749,2026-07-11,2026-07-11 10:00:18.461378,NEGERI SEMBILAN,TAMPIN,[LOKASI KUTIPAN HARGA LADANG] GEMENCHEH,Ladang,,Ternakan,11,001,TELUR AYAM,C,Biji,0.3,0.3,
30723750,2026-07-11,2026-07-11 10:00:18.461378,NEGERI SEMBILAN,TAMPIN,[LOKASI KUTIPAN HARGA LADANG] GEMENCHEH,Ladang,,Ternakan,11,001,TELUR AYAM,B,Biji,0.37,0.34,
30723751,2026-07-11,2026-07-11 10:00:32.582666,NEGERI SEMBILAN,SEREMBAN,LADANG/KEBUN RANTAU,Ladang,,Ternakan,01,003,AYAM HIDUP,F.A.Q,Kilogram,6.8,6.75,
30723752,2026-07-11,2026-07-11 10:00:32.582666,NEGERI SEMBILAN,SEREMBAN,LADANG/KEBUN RANTAU,Ladang,,Ternakan,01,003,AYAM HIDUP,F.A.Q,Kilogram,6.7,6.75,
30723753,2026-07-11,2026-07-11 10:00:37.535058,SELANGOR,KLANG,PASAR BESAR KLANG - BAHAGIAN RUNCIT,Runcit,,Sayur-Sayuran,05,001,BAWANG BESAR KUNING / HOLLAND,F.A.Q,Kilogram,3.8,5.07,
30723754,2026-07-11,2026-07-11 10:00:37.620703,SELANGOR,KLANG,PASAR BESAR KLANG - BAHAGIAN RUNCIT,Runcit,,Sayur-Sayuran,05,001,BAWANG BESAR MERAH (INDIA),F.A.Q,Kilogram,3,4.44,
30723755,2026-07-11,2026-07-11 10:00:37.661925,SELANGOR,KLANG,PASAR BESAR KLANG - BAHAGIAN RUNCIT,Runcit,,Sayur-Sayuran,05,001,BAWANG MERAH / KECIL (INDIA),F.A.Q,Kilogram,3.5,7.04,
30723756,2026-07-11,2026-07-11 10:00:37.705216,SELANGOR,KLANG,PASAR BESAR KLANG - BAHAGIAN RUNCIT,Runcit,,Sayur-Sayuran,05,001,BAWANG MERAH / KECIL (THAI),F.A.Q,Kilogram,8.9,13.54,
30723757,2026-07-11,2026-07-11 10:00:37.747947,SELANGOR,KLANG,PASAR BESAR KLANG - BAHAGIAN RUNCIT,Runcit,,Sayur-Sayuran,05,001,BAWANG MERAH ROSE,F.A.Q,Kilogram,4.8,12.98,
30723758,2026-07-11,2026-07-11 10:00:37.791834,SELANGOR,KLANG,PASAR BESAR KLANG - BAHAGIAN RUNCIT,Runcit,,Sayur-Sayuran,05,001,BAWANG PUTIH (CHINA),F.A.Q,Kilogram,9.9,8.52,
30723759,2026-07-11,2026-07-11 10:00:37.837344,SELANGOR,KLANG,PASAR BESAR KLANG - BAHAGIAN RUNCIT,Runcit,,Sayur-Sayuran,05,009,UBI KENTANG HOLLAND,F.A.Q,Kilogram,3.5,4.09,
30723760,2026-07-11,2026-07-11 10:00:37.877822,SELANGOR,KLANG,PASAR BESAR KLANG - BAHAGIAN RUNCIT,Runcit,,Ternakan,11,001,TELUR AYAM,A,Biji,0.45,0.47,
30723761,2026-07-11,2026-07-11 10:00:37.923557,SELANGOR,KLANG,PASAR BESAR KLANG - BAHAGIAN RUNCIT,Runcit,,Ternakan,11,001,TELUR AYAM,B,Biji,0.4,0.45,
30723762,2026-07-11,2026-07-11 10:00:37.962721,SELANGOR,KLANG,PASAR BESAR KLANG - BAHAGIAN RUNCIT,Runcit,,Ternakan,11,001,TELUR AYAM,C,Biji,0.38,0.43,
30723763,2026-07-11,2026-07-11 10:00:53.551931,NEGERI SEMBILAN,JEMPOL,[LOKASI KUTIPAN HARGA LADANG] KAMPUNG SERAMPANG INDAH,Ladang,,Buah-Buahan,02,005,BETIK SEKAKI,F.A.Q,Kilogram,2.5,2.4,
30723764,2026-07-11,2026-07-11 10:00:53.723026,W.P. KUALA LUMPUR,KUALA LUMPUR,PASAR AWAM CHOW KIT,Runcit,26,Ternakan,11,001,TELUR AYAM,A,Biji,0.46,0.42090908,
30723765,2026-07-11,2026-07-11 10:00:53.723026,W.P. KUALA LUMPUR,KUALA LUMPUR,PASAR AWAM CHOW KIT,Runcit,26,Ternakan,11,001,TELUR AYAM,B,Biji,0.43,0.394,
30723766,2026-07-11,2026-07-11 10:00:53.723026,W.P. KUALA LUMPUR,KUALA LUMPUR,PASAR AWAM CHOW KIT,Runcit,26,Ternakan,11,001,TELUR AYAM,C,Biji,0.36,0.36545455,
30723767,2026-07-11,2026-07-11 10:01:20.474585,PERLIS,PERLIS,LADANG AYAM KUBANG PERUN,Ladang,,Ternakan,01,003,AYAM HIDUP,F.A.Q,Kilogram,6.5,6.483333,
30723768,2026-07-11,2026-07-11 10:01:22.773546,W.P. KUALA LUMPUR,KUALA LUMPUR,PASAR AWAM CHOW KIT,Runcit,26,Ternakan,02,003,DAGING LEMBU PEJAL,F.A.Q,Kilogram,45,39.05,
30723769,2026-07-11,2026-07-11 10:01:22.773546,W.P. KUALA LUMPUR,KUALA LUMPUR,PASAR AWAM CHOW KIT,Runcit,26,Ternakan,02,003,DAGING LEMBU PEJAL,F.A.Q,Kilogram,40,39.05,
30723770,2026-07-11,2026-07-11 10:01:30.758364,NEGERI SEMBILAN,JELEBU,[LOKASI KUTIPAN HARGA LADANG] PERTANG,Ladang,,Tanaman Kontan,05,001,KELAPA DIKUPAS,SEDANG,Biji,2.1,2.1,
30723771,2026-07-11,2026-07-11 10:01:31.674427,TERENGGANU,KUALA TERENGGANU,PASAR BESAR KEDAI PAYANG,Runcit,,Ternakan,11,001,TELUR AYAM,A,Biji,0.44,0.47,
30723772,2026-07-11,2026-07-11 10:01:31.739577,TERENGGANU,KUALA TERENGGANU,PASAR BESAR KEDAI PAYANG,Runcit,,Ternakan,11,001,TELUR AYAM,B,Biji,0.42,0.45,
30723773,2026-07-11,2026-07-11 10:01:31.792702,TERENGGANU,KUALA TERENGGANU,PASAR BESAR KEDAI PAYANG,Runcit,,Ternakan,11,001,TELUR AYAM,C,Biji,0.35,0.43,
30723774,2026-07-11,2026-07-11 10:02:18.842041,TERENGGANU,KUALA TERENGGANU,PASAR BESAR KEDAI PAYANG,Runcit,,Lain-Lain Makanan Proses,15,001,SANTAN PEKAT,F.A.Q,Kilogram,16,11.7,
30723775,2026-07-11,2026-07-11 10:03:06.280572,NEGERI SEMBILAN,SEREMBAN,PASAR BESAR SEREMBAN - BAHAGIAN RUNCIT,Runcit,26,Ternakan,03,002,AYAM PROSES STANDARD,F.A.Q,Kilogram,12,12.166667,
30723776,2026-07-11,2026-07-11 10:03:06.280572,NEGERI SEMBILAN,SEREMBAN,PASAR BESAR SEREMBAN - BAHAGIAN RUNCIT,Runcit,26,Ternakan,03,002,AYAM PROSES STANDARD,F.A.Q,Kilogram,12,12.166667,
30723777,2026-07-11,2026-07-11 10:03:06.280572,NEGERI SEMBILAN,SEREMBAN,PASAR BESAR SEREMBAN - BAHAGIAN RUNCIT,Runcit,26,Ternakan,02,003,DAGING LEMBU PEJAL,F.A.Q,Kilogram,40,39.5,
30723778,2026-07-11,2026-07-11 10:03:06.280572,NEGERI SEMBILAN,SEREMBAN,PASAR BESAR SEREMBAN - BAHAGIAN RUNCIT,Runcit,26,Ternakan,02,003,DAGING LEMBU PEJAL,F.A.Q,Kilogram,39,39.5,
30723779,2026-07-11,2026-07-11 10:03:06.280572,NEGERI SEMBILAN,SEREMBAN,PASAR BESAR SEREMBAN - BAHAGIAN RUNCIT,Runcit,26,Ternakan,11,001,TELUR AYAM,A,Biji,0.49,0.5,
30723780,2026-07-11,2026-07-11 10:03:06.280572,NEGERI SEMBILAN,SEREMBAN,PASAR BESAR SEREMBAN - BAHAGIAN RUNCIT,Runcit,26,Ternakan,11,001,TELUR AYAM,A,Biji,0.49,0.5,
30723781,2026-07-11,2026-07-11 10:03:06.280572,NEGERI SEMBILAN,SEREMBAN,PASAR BESAR SEREMBAN - BAHAGIAN RUNCIT,Runcit,26,Ternakan,11,001,TELUR AYAM,A,Biji,0.5,0.5,
30723782,2026-07-11,2026-07-11 10:03:06.280572,NEGERI SEMBILAN,SEREMBAN,PASAR BESAR SEREMBAN - BAHAGIAN RUNCIT,Runcit,26,Ternakan,11,001,TELUR AYAM,B,Biji,0.44,0.44666666,
30723783,2026-07-11,2026-07-11 10:03:06.280572,NEGERI SEMBILAN,SEREMBAN,PASAR BESAR SEREMBAN - BAHAGIAN RUNCIT,Runcit,26,Ternakan,11,001,TELUR AYAM,B,Biji,0.44,0.44666666,
30723784,2026-07-11,2026-07-11 10:03:06.280572,NEGERI SEMBILAN,SEREMBAN,PASAR BESAR SEREMBAN - BAHAGIAN RUNCIT,Runcit,26,Ternakan,11,001,TELUR AYAM,B,Biji,0.45,0.44666666,
30723785,2026-07-11,2026-07-11 10:03:06.280572,NEGERI SEMBILAN,SEREMBAN,PASAR BESAR SEREMBAN - BAHAGIAN RUNCIT,Runcit,26,Ternakan,11,001,TELUR AYAM,C,Biji,0.37,0.42,
30723786,2026-07-11,2026-07-11 10:03:06.280572,NEGERI SEMBILAN,SEREMBAN,PASAR BESAR SEREMBAN - BAHAGIAN RUNCIT,Runcit,26,Ternakan,11,001,TELUR AYAM,C,Biji,0.37,0.42,
30723787,2026-07-11,2026-07-11 10:03:06.280572,NEGERI SEMBILAN,SEREMBAN,PASAR BESAR SEREMBAN - BAHAGIAN RUNCIT,Runcit,26,Ternakan,11,001,TELUR AYAM,C,Biji,0.38,0.42,
30723788,2026-07-11,2026-07-11 10:04:20.099484,TERENGGANU,KUALA TERENGGANU,PASAR BESAR KEDAI PAYANG,Runcit,,Sayur-Sayuran,05,001,BAWANG BESAR KUNING / HOLLAND,F.A.Q,Kilogram,5,5.07,
30723789,2026-07-11,2026-07-11 10:04:20.167654,TERENGGANU,KUALA TERENGGANU,PASAR BESAR KEDAI PAYANG,Runcit,,Sayur-Sayuran,05,001,BAWANG BESAR MERAH (CHINA),F.A.Q,Kilogram,5,4,
30723790,2026-07-11,2026-07-11 10:04:20.219622,TERENGGANU,KUALA TERENGGANU,PASAR BESAR KEDAI PAYANG,Runcit,,Sayur-Sayuran,05,001,BAWANG BESAR MERAH (IMPORT),F.A.Q,Kilogram,5,4.28,
30723791,2026-07-11,2026-07-11 10:04:20.266576,TERENGGANU,KUALA TERENGGANU,PASAR BESAR KEDAI PAYANG,Runcit,,Sayur-Sayuran,05,001,BAWANG BESAR MERAH (INDIA),F.A.Q,Kilogram,5,4.44,
30723792,2026-07-11,2026-07-11 10:04:20.325184,TERENGGANU,KUALA TERENGGANU,PASAR BESAR KEDAI PAYANG,Runcit,,Sayur-Sayuran,05,001,BAWANG BESAR MERAH (PAKISTAN),F.A.Q,Kilogram,5,3.5,
30723793,2026-07-11,2026-07-11 10:04:20.372481,TERENGGANU,KUALA TERENGGANU,PASAR BESAR KEDAI PAYANG,Runcit,,Sayur-Sayuran,05,001,BAWANG MERAH / KECIL (IMPORT),F.A.Q,Kilogram,5,6.56,
30723794,2026-07-11,2026-07-11 10:04:20.431237,TERENGGANU,KUALA TERENGGANU,PASAR BESAR KEDAI PAYANG,Runcit,,Sayur-Sayuran,05,001,BAWANG MERAH / KECIL (INDIA),F.A.Q,Kilogram,5,7.04,
30723795,2026-07-11,2026-07-11 10:04:20.48681,TERENGGANU,KUALA TERENGGANU,PASAR BESAR KEDAI PAYANG,Runcit,,Sayur-Sayuran,05,001,BAWANG MERAH ROSE,F.A.Q,Kilogram,7,12.98,
30723796,2026-07-11,2026-07-11 10:04:20.536969,TERENGGANU,KUALA TERENGGANU,PASAR BESAR KEDAI PAYANG,Runcit,,Sayur-Sayuran,05,001,BAWANG PUTIH (CHINA),F.A.Q,Kilogram,10,8.52,
30723797,2026-07-11,2026-07-11 10:04:20.590843,TERENGGANU,KUALA TERENGGANU,PASAR BESAR KEDAI PAYANG,Runcit,,Sayur-Sayuran,05,009,UBI KENTANG HOLLAND,F.A.Q,Kilogram,3.5,4.09,
30723798,2026-07-11,2026-07-11 10:04:23.657344,NEGERI SEMBILAN,SEREMBAN,PASAR BESAR SEREMBAN - BAHAGIAN BORONG,Borong,20,Ternakan,03,002,AYAM PROSES STANDARD,F.A.Q,Kilogram,9,9.25,
30723799,2026-07-11,2026-07-11 10:04:23.657344,NEGERI SEMBILAN,SEREMBAN,PASAR BESAR SEREMBAN - BAHAGIAN BORONG,Borong,20,Ternakan,03,002,AYAM PROSES STANDARD,F.A.Q,Kilogram,9.5,9.25,
30723800,2026-07-11,2026-07-11 10:04:23.657344,NEGERI SEMBILAN,SEREMBAN,PASAR BESAR SEREMBAN - BAHAGIAN BORONG,Borong,20,Ternakan,02,003,DAGING LEMBU PEJAL,F.A.Q,Kilogram,35,35,
30723801,2026-07-11,2026-07-11 10:04:23.657344,NEGERI SEMBILAN,SEREMBAN,PASAR BESAR SEREMBAN - BAHAGIAN BORONG,Borong,20,Ternakan,02,003,DAGING LEMBU PEJAL,F.A.Q,Kilogram,35,35,
30723802,2026-07-11,2026-07-11 10:04:23.657344,NEGERI SEMBILAN,SEREMBAN,PASAR BESAR SEREMBAN - BAHAGIAN BORONG,Borong,20,Ternakan,11,001,TELUR AYAM,A,Biji,0.45,0.42333335,
30723803,2026-07-11,2026-07-11 10:04:23.657344,NEGERI SEMBILAN,SEREMBAN,PASAR BESAR SEREMBAN - BAHAGIAN BORONG,Borong,20,Ternakan,11,001,TELUR AYAM,A,Biji,0.45,0.42333335,
30723804,2026-07-11,2026-07-11 10:04:23.657344,NEGERI SEMBILAN,SEREMBAN,PASAR BESAR SEREMBAN - BAHAGIAN BORONG,Borong,20,Ternakan,11,001,TELUR AYAM,A,Biji,0.45,0.42333335,
30723805,2026-07-11,2026-07-11 10:04:23.657344,NEGERI SEMBILAN,SEREMBAN,PASAR BESAR SEREMBAN - BAHAGIAN BORONG,Borong,20,Ternakan,11,001,TELUR AYAM,B,Biji,0.4,0.36,
30723806,2026-07-11,2026-07-11 10:04:23.657344,NEGERI SEMBILAN,SEREMBAN,PASAR BESAR SEREMBAN - BAHAGIAN BORONG,Borong,20,Ternakan,11,001,TELUR AYAM,B,Biji,0.4,0.36,
30723807,2026-07-11,2026-07-11 10:04:23.657344,NEGERI SEMBILAN,SEREMBAN,PASAR BESAR SEREMBAN - BAHAGIAN BORONG,Borong,20,Ternakan,11,001,TELUR AYAM,B,Biji,0.4,0.36,
30723808,2026-07-11,2026-07-11 10:04:23.657344,NEGERI SEMBILAN,SEREMBAN,PASAR BESAR SEREMBAN - BAHAGIAN BORONG,Borong,20,Ternakan,11,001,TELUR AYAM,C,Biji,0.33,0.34333333,
30723809,2026-07-11,2026-07-11 10:04:23.657344,NEGERI SEMBILAN,SEREMBAN,PASAR BESAR SEREMBAN - BAHAGIAN BORONG,Borong,20,Ternakan,11,001,TELUR AYAM,C,Biji,0.33,0.34333333,
30723810,2026-07-11,2026-07-11 10:04:23.657344,NEGERI SEMBILAN,SEREMBAN,PASAR BESAR SEREMBAN - BAHAGIAN BORONG,Borong,20,Ternakan,11,001,TELUR AYAM,C,Biji,0.33,0.34333333,
30723811,2026-07-11,2026-07-11 10:04:25.939224,PERLIS,PERLIS,LADANG/KEBUN KAMPUNG BATU BERTANGKUP,Ladang,,Buah-Buahan,02,028,PISANG BERANGAN,F.A.Q,Kilogram,3,2.7583334,
30723812,2026-07-11,2026-07-11 10:04:25.939224,PERLIS,PERLIS,LADANG/KEBUN KAMPUNG BATU BERTANGKUP,Ladang,,Buah-Buahan,02,028,PISANG BERANGAN,F.A.Q,Kilogram,3,2.7583334,
30723813,2026-07-11,2026-07-11 10:04:47.369007,PERLIS,PERLIS,[LOKASI KUTIPAN HARGA LADANG] LADANG/KEBUN KUALA PERLIS,Ladang,,Ternakan,01,003,AYAM HIDUP,F.A.Q,Kilogram,6.3,6.483333,
30723814,2026-07-11,2026-07-11 10:05:23.397426,W.P. KUALA LUMPUR,KUALA LUMPUR,PASAR AWAM CHOW KIT,Runcit,26,Buah-Buahan,02,005,BETIK SEKAKI,F.A.Q,Kilogram,7,4.98,
30723815,2026-07-11,2026-07-11 10:05:23.397426,W.P. KUALA LUMPUR,KUALA LUMPUR,PASAR AWAM CHOW KIT,Runcit,26,Buah-Buahan,02,023,NANAS JOSAPINE (AC5),F.A.Q,Kilogram,4.5,4,
30723816,2026-07-11,2026-07-11 10:05:23.397426,W.P. KUALA LUMPUR,KUALA LUMPUR,PASAR AWAM CHOW KIT,Runcit,26,Buah-Buahan,02,028,PISANG BERANGAN,F.A.Q,Kilogram,6,5.62,
30723817,2026-07-11,2026-07-11 10:05:23.397426,W.P. KUALA LUMPUR,KUALA LUMPUR,PASAR AWAM CHOW KIT,Runcit,26,Buah-Buahan,02,028,PISANG MAS,F.A.Q,Kilogram,6,5.43,
30723818,2026-07-11,2026-07-11 10:05:23.397426,W.P. KUALA LUMPUR,KUALA LUMPUR,PASAR AWAM CHOW KIT,Runcit,26,Buah-Buahan,02,034,TEMBIKAI MERAH TANPA BIJI,F.A.Q,Kilogram,4,4.75,
30723819,2026-07-11,2026-07-11 10:06:08.878602,SELANGOR,KLANG,PASAR BESAR KLANG - BAHAGIAN RUNCIT,Runcit,,Ternakan,02,003,DAGING LEMBU PEJAL,F.A.Q,Kilogram,42,39.05,
30723820,2026-07-11,2026-07-11 10:06:44.571347,PERLIS,PERLIS,LADANG/KEBUN KAMPUNG BATU BERTANGKUP,Ladang,,Sayur-Sayuran,03,001,BAYAM,F.A.Q,Kilogram,2.2,2.2208333,
30723821,2026-07-11,2026-07-11 10:06:44.571347,PERLIS,PERLIS,LADANG/KEBUN KAMPUNG BATU BERTANGKUP,Ladang,,Sayur-Sayuran,02,002,CILI MERAH KULAI / KULAI HIBRID,F.A.Q,Kilogram,9,9.833333,
30723822,2026-07-11,2026-07-11 10:06:44.571347,PERLIS,PERLIS,LADANG/KEBUN KAMPUNG BATU BERTANGKUP,Ladang,,Sayur-Sayuran,04,002,KACANG BENDI,F.A.Q,Kilogram,3,3.0428572,
30723823,2026-07-11,2026-07-11 10:06:44.571347,PERLIS,PERLIS,LADANG/KEBUN KAMPUNG BATU BERTANGKUP,Ladang,,Sayur-Sayuran,04,007,KACANG PANJANG HIJAU,F.A.Q,Kilogram,3,3.0375,
30723824,2026-07-11,2026-07-11 10:06:44.571347,PERLIS,PERLIS,LADANG/KEBUN KAMPUNG BATU BERTANGKUP,Ladang,,Sayur-Sayuran,03,019,KANGKUNG,F.A.Q,Kilogram,2.2,2.1272728,
30723825,2026-07-11,2026-07-11 10:06:44.571347,PERLIS,PERLIS,LADANG/KEBUN KAMPUNG BATU BERTANGKUP,Ladang,,Sayur-Sayuran,03,007,SAWI HIJAU (TANAH RENDAH),F.A.Q,Kilogram,2,2.0208333,
30723826,2026-07-11,2026-07-11 10:06:44.571347,PERLIS,PERLIS,LADANG/KEBUN KAMPUNG BATU BERTANGKUP,Ladang,,Sayur-Sayuran,02,010,TERUNG PANJANG / PEPARU (TANAH RENDAH),F.A.Q,Kilogram,3.3,3.0333333,
30723827,2026-07-11,2026-07-11 10:06:44.571347,PERLIS,PERLIS,LADANG/KEBUN KAMPUNG BATU BERTANGKUP,Ladang,,Sayur-Sayuran,02,011,TIMUN HIJAU,F.A.Q,Kilogram,1.5,1.5291667,
30723828,2026-07-11,2026-07-11 10:07:11.448505,SELANGOR,KLANG,PASAR BESAR KLANG - BAHAGIAN RUNCIT,Runcit,,Lain-Lain Makanan Proses,15,001,SANTAN PEKAT,F.A.Q,Kilogram,12,11.7,
30723829,2026-07-11,2026-07-11 10:07:11.494547,SELANGOR,KLANG,PASAR BESAR KLANG - BAHAGIAN RUNCIT,Runcit,,Tanaman Kontan,05,001,KELAPA DIKUPAS,SEDANG,Biji,3,2.33,
30723830,2026-07-11,2026-07-11 10:07:37.215898,SELANGOR,KLANG,PASAR BESAR KLANG - BAHAGIAN RUNCIT,Runcit,,Buah-Buahan,02,005,BETIK SEKAKI,F.A.Q,Kilogram,5.5,4.98,
30723831,2026-07-11,2026-07-11 10:07:37.26954,SELANGOR,KLANG,PASAR BESAR KLANG - BAHAGIAN RUNCIT,Runcit,,Buah-Buahan,02,023,NANAS JOSAPINE (AC5),F.A.Q,Kilogram,4,4,
30723832,2026-07-11,2026-07-11 10:07:37.324351,SELANGOR,KLANG,PASAR BESAR KLANG - BAHAGIAN RUNCIT,Runcit,,Buah-Buahan,02,028,PISANG BERANGAN,F.A.Q,Kilogram,5,5.62,
30723833,2026-07-11,2026-07-11 10:07:37.375845,SELANGOR,KLANG,PASAR BESAR KLANG - BAHAGIAN RUNCIT,Runcit,,Buah-Buahan,02,028,PISANG MAS,F.A.Q,Kilogram,5,5.43,
30723834,2026-07-11,2026-07-11 10:07:37.43016,SELANGOR,KLANG,PASAR BESAR KLANG - BAHAGIAN RUNCIT,Runcit,,Buah-Buahan,02,034,TEMBIKAI MERAH TANPA BIJI,F.A.Q,Kilogram,3,4.75,
30723835,2026-07-11,2026-07-11 10:08:01.754671,PERLIS,PERLIS,[LOKASI KUTIPAN HARGA LADANG] LADANG/KEBUN KUALA PERLIS,Ladang,,Sayur-Sayuran,03,001,BAYAM,F.A.Q,Kilogram,2.1,2.2208333,
30723836,2026-07-11,2026-07-11 10:08:01.754671,PERLIS,PERLIS,[LOKASI KUTIPAN HARGA LADANG] LADANG/KEBUN KUALA PERLIS,Ladang,,Sayur-Sayuran,02,002,CILI MERAH KULAI / KULAI HIBRID,F.A.Q,Kilogram,9,9.833333,
30723837,2026-07-11,2026-07-11 10:08:01.754671,PERLIS,PERLIS,[LOKASI KUTIPAN HARGA LADANG] LADANG/KEBUN KUALA PERLIS,Ladang,,Sayur-Sayuran,04,002,KACANG BENDI,F.A.Q,Kilogram,3,3.0428572,
30723838,2026-07-11,2026-07-11 10:08:01.754671,PERLIS,PERLIS,[LOKASI KUTIPAN HARGA LADANG] LADANG/KEBUN KUALA PERLIS,Ladang,,Sayur-Sayuran,04,007,KACANG PANJANG HIJAU,F.A.Q,Kilogram,3,3.0375,
30723839,2026-07-11,2026-07-11 10:08:01.754671,PERLIS,PERLIS,[LOKASI KUTIPAN HARGA LADANG] LADANG/KEBUN KUALA PERLIS,Ladang,,Sayur-Sayuran,03,019,KANGKUNG,F.A.Q,Kilogram,2.2,2.1272728,
30723840,2026-07-11,2026-07-11 10:08:01.754671,PERLIS,PERLIS,[LOKASI KUTIPAN HARGA LADANG] LADANG/KEBUN KUALA PERLIS,Ladang,,Sayur-Sayuran,03,007,SAWI HIJAU (TANAH RENDAH),F.A.Q,Kilogram,2,2.0208333,
30723841,2026-07-11,2026-07-11 10:08:01.754671,PERLIS,PERLIS,[LOKASI KUTIPAN HARGA LADANG] LADANG/KEBUN KUALA PERLIS,Ladang,,Sayur-Sayuran,02,010,TERUNG PANJANG / PEPARU (TANAH RENDAH),F.A.Q,Kilogram,3,3.0333333,
30723842,2026-07-11,2026-07-11 10:08:01.754671,PERLIS,PERLIS,[LOKASI KUTIPAN HARGA LADANG] LADANG/KEBUN KUALA PERLIS,Ladang,,Sayur-Sayuran,02,011,TIMUN HIJAU,F.A.Q,Kilogram,1.7,1.5291667,
30723843,2026-07-11,2026-07-11 10:08:07.51478,TERENGGANU,KUALA TERENGGANU,PASAR BORONG GONG PAUH,Borong,,Ternakan,03,002,AYAM PROSES STANDARD,F.A.Q,Kilogram,10,8.75,
30723844,2026-07-11,2026-07-11 10:08:07.631846,TERENGGANU,KUALA TERENGGANU,PASAR BORONG GONG PAUH,Borong,,Ternakan,02,003,DAGING LEMBU PEJAL,F.A.Q,Kilogram,26,40,
30723845,2026-07-11,2026-07-11 10:08:53.892572,TERENGGANU,KUALA TERENGGANU,PASAR BESAR KEDAI PAYANG,Runcit,,Sayur-Sayuran,03,001,BAYAM,F.A.Q,Kilogram,8,5.81,
30723846,2026-07-11,2026-07-11 10:08:53.940591,TERENGGANU,KUALA TERENGGANU,PASAR BESAR KEDAI PAYANG,Runcit,,Sayur-Sayuran,02,002,CILI HIJAU,F.A.Q,Kilogram,10,13.18,
30723847,2026-07-11,2026-07-11 10:08:53.992363,TERENGGANU,KUALA TERENGGANU,PASAR BESAR KEDAI PAYANG,Runcit,,Sayur-Sayuran,02,002,CILI MERAH (VIETNAM),F.A.Q,Kilogram,12,8.1,
30723848,2026-07-11,2026-07-11 10:08:54.044048,TERENGGANU,KUALA TERENGGANU,PASAR BESAR KEDAI PAYANG,Runcit,,Sayur-Sayuran,02,002,CILI MERAH KULAI / KULAI HIBRID,F.A.Q,Kilogram,13,16.31,
30723849,2026-07-11,2026-07-11 10:08:54.099606,TERENGGANU,KUALA TERENGGANU,PASAR BESAR KEDAI PAYANG,Runcit,,Sayur-Sayuran,02,002,CILI MERAH MINYAK,F.A.Q,Kilogram,12,14.1,
30723850,2026-07-11,2026-07-11 10:08:54.140068,TERENGGANU,KUALA TERENGGANU,PASAR BESAR KEDAI PAYANG,Runcit,,Sayur-Sayuran,03,009,DAUN BAWANG,F.A.Q,Kilogram,8,12.95,
30723851,2026-07-11,2026-07-11 10:08:54.203767,TERENGGANU,KUALA TERENGGANU,PASAR BESAR KEDAI PAYANG,Runcit,,Sayur-Sayuran,03,015,DAUN SUP (TANAH TINGGI),F.A.Q,Kilogram,18,13.35,
30723852,2026-07-11,2026-07-11 10:08:54.259569,TERENGGANU,KUALA TERENGGANU,PASAR BESAR KEDAI PAYANG,Runcit,,Sayur-Sayuran,04,002,KACANG BENDI,F.A.Q,Kilogram,8,10.44,
30723853,2026-07-11,2026-07-11 10:08:54.304972,TERENGGANU,KUALA TERENGGANU,PASAR BESAR KEDAI PAYANG,Runcit,,Sayur-Sayuran,04,003,KACANG BUNCIS,F.A.Q,Kilogram,12,13.06,
30723854,2026-07-11,2026-07-11 10:08:54.351786,TERENGGANU,KUALA TERENGGANU,PASAR BESAR KEDAI PAYANG,Runcit,,Sayur-Sayuran,04,007,KACANG PANJANG HIJAU,F.A.Q,Kilogram,8,7.99,
30723855,2026-07-11,2026-07-11 10:08:54.407862,TERENGGANU,KUALA TERENGGANU,PASAR BESAR KEDAI PAYANG,Runcit,,Sayur-Sayuran,03,019,KANGKUNG,F.A.Q,Kilogram,6.5,5.03,
30723856,2026-07-11,2026-07-11 10:08:54.479469,TERENGGANU,KUALA TERENGGANU,PASAR BESAR KEDAI PAYANG,Runcit,,Sayur-Sayuran,03,006,KUBIS BULAT (CHINA),F.A.Q,Kilogram,4,3.29,
30723857,2026-07-11,2026-07-11 10:08:54.519667,TERENGGANU,KUALA TERENGGANU,PASAR BESAR KEDAI PAYANG,Runcit,,Sayur-Sayuran,03,006,KUBIS BULAT (TANAH TINGGI),F.A.Q,Kilogram,4.5,4.58,
30723858,2026-07-11,2026-07-11 10:08:54.579516,TERENGGANU,KUALA TERENGGANU,PASAR BESAR KEDAI PAYANG,Runcit,,Sayur-Sayuran,03,007,SAWI HIJAU (TANAH RENDAH),F.A.Q,Kilogram,6.5,6.22,
30723859,2026-07-11,2026-07-11 10:08:54.647213,TERENGGANU,KUALA TERENGGANU,PASAR BESAR KEDAI PAYANG,Runcit,,Sayur-Sayuran,03,007,SAWI HIJAU TANAH TINGGI,F.A.Q,Kilogram,6.5,4,
30723860,2026-07-11,2026-07-11 10:08:54.719854,TERENGGANU,KUALA TERENGGANU,PASAR BESAR KEDAI PAYANG,Runcit,,Sayur-Sayuran,02,010,TERUNG PANJANG / PEPARU (TANAH RENDAH),F.A.Q,Kilogram,7,9.47,
30723861,2026-07-11,2026-07-11 10:08:54.759771,TERENGGANU,KUALA TERENGGANU,PASAR BESAR KEDAI PAYANG,Runcit,,Sayur-Sayuran,02,011,TIMUN HIJAU,F.A.Q,Kilogram,4,4.08,
30723862,2026-07-11,2026-07-11 10:08:54.82034,TERENGGANU,KUALA TERENGGANU,PASAR BESAR KEDAI PAYANG,Runcit,,Sayur-Sayuran,02,012,TOMATO (TANAH TINGGI),F.A.Q,Kilogram,9,8.71,
30723863,2026-07-11,2026-07-11 10:09:14.119413,PERLIS,PERLIS,PASAR BORONG KAMPUNG BAKAU,Borong,20,Ternakan,02,003,DAGING LEMBU PEJAL,F.A.Q,Kilogram,25,24.545454,
30723864,2026-07-11,2026-07-11 10:09:14.119413,PERLIS,PERLIS,PASAR BORONG KAMPUNG BAKAU,Borong,20,Ternakan,02,003,DAGING LEMBU PEJAL,F.A.Q,Kilogram,25,24.545454,
30723865,2026-07-11,2026-07-11 10:09:56.561738,PERLIS,PERLIS,PASAR BORONG KAMPUNG BAKAU,Borong,20,Ternakan,01,003,AYAM HIDUP,F.A.Q,Kilogram,7,7.266667,
30723866,2026-07-11,2026-07-11 10:09:56.561738,PERLIS,PERLIS,PASAR BORONG KAMPUNG BAKAU,Borong,20,Ternakan,01,003,AYAM HIDUP,F.A.Q,Kilogram,7.2,7.266667,
30723867,2026-07-11,2026-07-11 10:10:07.664416,PERLIS,PERLIS,PASAR BORONG KAMPUNG BAKAU,Borong,20,Ternakan,03,002,AYAM PROSES STANDARD,F.A.Q,Kilogram,8.2,8.158334,
30723868,2026-07-11,2026-07-11 10:10:07.664416,PERLIS,PERLIS,PASAR BORONG KAMPUNG BAKAU,Borong,20,Ternakan,03,002,AYAM PROSES STANDARD,F.A.Q,Kilogram,8.2,8.158334,
30723869,2026-07-11,2026-07-11 10:10:36.61706,TERENGGANU,KUALA TERENGGANU,PASAR BESAR KEDAI PAYANG,Runcit,,Sayur-Sayuran,03,001,BAYAM,F.A.Q,Kilogram,8,5.81,
30723870,2026-07-11,2026-07-11 10:10:36.677924,TERENGGANU,KUALA TERENGGANU,PASAR BESAR KEDAI PAYANG,Runcit,,Sayur-Sayuran,02,002,CILI HIJAU,F.A.Q,Kilogram,11,13.18,
30723871,2026-07-11,2026-07-11 10:10:36.737445,TERENGGANU,KUALA TERENGGANU,PASAR BESAR KEDAI PAYANG,Runcit,,Sayur-Sayuran,02,002,CILI MERAH (VIETNAM),F.A.Q,Kilogram,11,8.1,
30723872,2026-07-11,2026-07-11 10:10:36.803598,TERENGGANU,KUALA TERENGGANU,PASAR BESAR KEDAI PAYANG,Runcit,,Sayur-Sayuran,02,002,CILI MERAH KULAI / KULAI HIBRID,F.A.Q,Kilogram,13,16.31,
30723873,2026-07-11,2026-07-11 10:10:36.861758,TERENGGANU,KUALA TERENGGANU,PASAR BESAR KEDAI PAYANG,Runcit,,Sayur-Sayuran,02,002,CILI MERAH MINYAK,F.A.Q,Kilogram,12,14.1,
30723874,2026-07-11,2026-07-11 10:10:36.937776,TERENGGANU,KUALA TERENGGANU,PASAR BESAR KEDAI PAYANG,Runcit,,Sayur-Sayuran,03,009,DAUN BAWANG,F.A.Q,Kilogram,9,12.95,
30723875,2026-07-11,2026-07-11 10:10:36.991921,TERENGGANU,KUALA TERENGGANU,PASAR BESAR KEDAI PAYANG,Runcit,,Sayur-Sayuran,03,015,DAUN SUP (TANAH TINGGI),F.A.Q,Kilogram,19,13.35,
30723876,2026-07-11,2026-07-11 10:10:37.05813,TERENGGANU,KUALA TERENGGANU,PASAR BESAR KEDAI PAYANG,Runcit,,Sayur-Sayuran,04,002,KACANG BENDI,F.A.Q,Kilogram,8,10.44,
30723877,2026-07-11,2026-07-11 10:10:37.111203,TERENGGANU,KUALA TERENGGANU,PASAR BESAR KEDAI PAYANG,Runcit,,Sayur-Sayuran,04,003,KACANG BUNCIS,F.A.Q,Kilogram,12,13.06,
30723878,2026-07-11,2026-07-11 10:10:37.162342,TERENGGANU,KUALA TERENGGANU,PASAR BESAR KEDAI PAYANG,Runcit,,Sayur-Sayuran,04,007,KACANG PANJANG HIJAU,F.A.Q,Kilogram,8.5,7.99,
30723879,2026-07-11,2026-07-11 10:10:37.222225,TERENGGANU,KUALA TERENGGANU,PASAR BESAR KEDAI PAYANG,Runcit,,Sayur-Sayuran,03,019,KANGKUNG,F.A.Q,Kilogram,6,5.03,
30723880,2026-07-11,2026-07-11 10:10:37.277962,TERENGGANU,KUALA TERENGGANU,PASAR BESAR KEDAI PAYANG,Runcit,,Sayur-Sayuran,03,006,KUBIS BULAT (CHINA),F.A.Q,Kilogram,4,3.29,
30723881,2026-07-11,2026-07-11 10:10:37.329693,TERENGGANU,KUALA TERENGGANU,PASAR BESAR KEDAI PAYANG,Runcit,,Sayur-Sayuran,03,006,KUBIS BULAT (INDONESIA),F.A.Q,Kilogram,4.5,2.97,
30723882,2026-07-11,2026-07-11 10:10:37.393838,TERENGGANU,KUALA TERENGGANU,PASAR BESAR KEDAI PAYANG,Runcit,,Sayur-Sayuran,03,006,KUBIS BULAT (TANAH TINGGI),F.A.Q,Kilogram,5,4.58,
30723883,2026-07-11,2026-07-11 10:10:37.450027,TERENGGANU,KUALA TERENGGANU,PASAR BESAR KEDAI PAYANG,Runcit,,Sayur-Sayuran,03,007,SAWI HIJAU (TANAH RENDAH),F.A.Q,Kilogram,6.5,6.22,
30723884,2026-07-11,2026-07-11 10:10:37.510356,TERENGGANU,KUALA TERENGGANU,PASAR BESAR KEDAI PAYANG,Runcit,,Sayur-Sayuran,03,007,SAWI HIJAU TANAH TINGGI,F.A.Q,Kilogram,6.5,4,
30723885,2026-07-11,2026-07-11 10:10:37.581948,TERENGGANU,KUALA TERENGGANU,PASAR BESAR KEDAI PAYANG,Runcit,,Sayur-Sayuran,02,010,TERUNG PANJANG / PEPARU (TANAH RENDAH),F.A.Q,Kilogram,7,9.47,
30723886,2026-07-11,2026-07-11 10:10:37.642765,TERENGGANU,KUALA TERENGGANU,PASAR BESAR KEDAI PAYANG,Runcit,,Sayur-Sayuran,02,011,TIMUN HIJAU,F.A.Q,Kilogram,4,4.08,
30723887,2026-07-11,2026-07-11 10:10:37.689544,TERENGGANU,KUALA TERENGGANU,PASAR BESAR KEDAI PAYANG,Runcit,,Sayur-Sayuran,02,012,TOMATO (TANAH TINGGI),F.A.Q,Kilogram,8.5,8.71,
30723888,2026-07-11,2026-07-11 10:11:10.704123,SELANGOR,KLANG,PASAR BESAR KLANG - BAHAGIAN RUNCIT,Runcit,,Sayur-Sayuran,03,001,BAYAM,F.A.Q,Kilogram,3,5.81,
30723889,2026-07-11,2026-07-11 10:11:10.747114,SELANGOR,KLANG,PASAR BESAR KLANG - BAHAGIAN RUNCIT,Runcit,,Sayur-Sayuran,02,002,CILI HIJAU,F.A.Q,Kilogram,10,13.18,
30723890,2026-07-11,2026-07-11 10:11:10.788858,SELANGOR,KLANG,PASAR BESAR KLANG - BAHAGIAN RUNCIT,Runcit,,Sayur-Sayuran,02,002,CILI MERAH KULAI / KULAI HIBRID,F.A.Q,Kilogram,15,16.31,
30723891,2026-07-11,2026-07-11 10:11:10.829459,SELANGOR,KLANG,PASAR BESAR KLANG - BAHAGIAN RUNCIT,Runcit,,Sayur-Sayuran,02,002,CILI MERAH MINYAK,F.A.Q,Kilogram,11,14.1,
30723892,2026-07-11,2026-07-11 10:11:10.868406,SELANGOR,KLANG,PASAR BESAR KLANG - BAHAGIAN RUNCIT,Runcit,,Sayur-Sayuran,03,009,DAUN BAWANG,F.A.Q,Kilogram,7,12.95,
30723893,2026-07-11,2026-07-11 10:11:10.907222,SELANGOR,KLANG,PASAR BESAR KLANG - BAHAGIAN RUNCIT,Runcit,,Sayur-Sayuran,03,015,DAUN SUP (TANAH TINGGI),F.A.Q,Kilogram,21,13.35,
30723894,2026-07-11,2026-07-11 10:11:10.950521,SELANGOR,KLANG,PASAR BESAR KLANG - BAHAGIAN RUNCIT,Runcit,,Sayur-Sayuran,04,002,KACANG BENDI,F.A.Q,Kilogram,7,10.44,
30723895,2026-07-11,2026-07-11 10:11:10.994782,SELANGOR,KLANG,PASAR BESAR KLANG - BAHAGIAN RUNCIT,Runcit,,Sayur-Sayuran,04,003,KACANG BUNCIS,F.A.Q,Kilogram,11,13.06,
30723896,2026-07-11,2026-07-11 10:11:11.042137,SELANGOR,KLANG,PASAR BESAR KLANG - BAHAGIAN RUNCIT,Runcit,,Sayur-Sayuran,04,007,KACANG PANJANG HIJAU,F.A.Q,Kilogram,7.5,7.99,
30723897,2026-07-11,2026-07-11 10:11:11.082178,SELANGOR,KLANG,PASAR BESAR KLANG - BAHAGIAN RUNCIT,Runcit,,Sayur-Sayuran,03,019,KANGKUNG,F.A.Q,Kilogram,3,5.03,
30723898,2026-07-11,2026-07-11 10:11:11.123363,SELANGOR,KLANG,PASAR BESAR KLANG - BAHAGIAN RUNCIT,Runcit,,Sayur-Sayuran,03,006,KUBIS BULAT (CHINA),F.A.Q,Kilogram,2.5,3.29,
30723899,2026-07-11,2026-07-11 10:11:11.161868,SELANGOR,KLANG,PASAR BESAR KLANG - BAHAGIAN RUNCIT,Runcit,,Sayur-Sayuran,03,006,KUBIS BULAT (TANAH TINGGI),F.A.Q,Kilogram,3.3,4.58,
30723900,2026-07-11,2026-07-11 10:11:11.200142,SELANGOR,KLANG,PASAR BESAR KLANG - BAHAGIAN RUNCIT,Runcit,,Sayur-Sayuran,03,007,SAWI HIJAU (TANAH RENDAH),F.A.Q,Kilogram,6,6.22,
30723901,2026-07-11,2026-07-11 10:11:11.237202,SELANGOR,KLANG,PASAR BESAR KLANG - BAHAGIAN RUNCIT,Runcit,,Sayur-Sayuran,02,010,TERUNG PANJANG / PEPARU (TANAH RENDAH),F.A.Q,Kilogram,8,9.47,
30723902,2026-07-11,2026-07-11 10:11:11.273933,SELANGOR,KLANG,PASAR BESAR KLANG - BAHAGIAN RUNCIT,Runcit,,Sayur-Sayuran,02,011,TIMUN HIJAU,F.A.Q,Kilogram,3,4.08,
30723903,2026-07-11,2026-07-11 10:11:11.313576,SELANGOR,KLANG,PASAR BESAR KLANG - BAHAGIAN RUNCIT,Runcit,,Sayur-Sayuran,02,012,TOMATO (TANAH TINGGI),F.A.Q,Kilogram,7,8.71,
30723904,2026-07-11,2026-07-11 10:11:28.42038,TERENGGANU,KUALA TERENGGANU,PASAR BORONG GONG PAUH,Borong,,Buah-Buahan,02,005,BETIK SEKAKI,F.A.Q,Kilogram,5.5,3.33,
30723905,2026-07-11,2026-07-11 10:11:28.487759,TERENGGANU,KUALA TERENGGANU,PASAR BORONG GONG PAUH,Borong,,Buah-Buahan,02,028,PISANG BERANGAN,F.A.Q,Kilogram,6,3.93,
30723906,2026-07-11,2026-07-11 10:11:28.553714,TERENGGANU,KUALA TERENGGANU,PASAR BORONG GONG PAUH,Borong,,Buah-Buahan,02,028,PISANG MAS,F.A.Q,Kilogram,5,3.81,
30723907,2026-07-11,2026-07-11 10:11:28.623793,TERENGGANU,KUALA TERENGGANU,PASAR BORONG GONG PAUH,Borong,,Buah-Buahan,02,034,TEMBIKAI MERAH TANPA BIJI,F.A.Q,Kilogram,3,3.55,
30723908,2026-07-11,2026-07-11 10:11:28.683344,TERENGGANU,KUALA TERENGGANU,PASAR BORONG GONG PAUH,Borong,,Sayur-Sayuran,05,001,BAWANG BESAR KUNING / HOLLAND,F.A.Q,Kilogram,2.5,3.5,
30723909,2026-07-11,2026-07-11 10:11:28.748888,TERENGGANU,KUALA TERENGGANU,PASAR BORONG GONG PAUH,Borong,,Sayur-Sayuran,05,001,BAWANG BESAR MERAH (IMPORT),F.A.Q,Kilogram,2.5,2.96,
30723910,2026-07-11,2026-07-11 10:11:28.822763,TERENGGANU,KUALA TERENGGANU,PASAR BORONG GONG PAUH,Borong,,Sayur-Sayuran,05,001,BAWANG BESAR MERAH (INDIA),F.A.Q,Kilogram,2.2,2.73,
30723911,2026-07-11,2026-07-11 10:11:28.890941,TERENGGANU,KUALA TERENGGANU,PASAR BORONG GONG PAUH,Borong,,Sayur-Sayuran,05,001,BAWANG MERAH / KECIL (IMPORT),F.A.Q,Kilogram,2.2,3.88,
30723912,2026-07-11,2026-07-11 10:11:28.958742,TERENGGANU,KUALA TERENGGANU,PASAR BORONG GONG PAUH,Borong,,Sayur-Sayuran,05,001,BAWANG MERAH / KECIL (INDIA),F.A.Q,Kilogram,2.5,4.61,
30723913,2026-07-11,2026-07-11 10:11:29.016632,TERENGGANU,KUALA TERENGGANU,PASAR BORONG GONG PAUH,Borong,,Sayur-Sayuran,05,001,BAWANG MERAH ROSE,F.A.Q,Kilogram,5,9.14,
30723914,2026-07-11,2026-07-11 10:11:29.091549,TERENGGANU,KUALA TERENGGANU,PASAR BORONG GONG PAUH,Borong,,Sayur-Sayuran,05,001,BAWANG PUTIH (CHINA),F.A.Q,Kilogram,5,5.98,
30723915,2026-07-11,2026-07-11 10:11:29.171324,TERENGGANU,KUALA TERENGGANU,PASAR BORONG GONG PAUH,Borong,,Sayur-Sayuran,05,009,UBI KENTANG HOLLAND,F.A.Q,Kilogram,2.5,2.62,
30723916,2026-07-11,2026-07-11 10:11:29.236614,TERENGGANU,KUALA TERENGGANU,PASAR BORONG GONG PAUH,Borong,,Ternakan,11,001,TELUR AYAM,A,Biji,0.42,0.45,
30723917,2026-07-11,2026-07-11 10:11:29.302407,TERENGGANU,KUALA TERENGGANU,PASAR BORONG GONG PAUH,Borong,,Ternakan,11,001,TELUR AYAM,B,Biji,0.36,0.43,
30723918,2026-07-11,2026-07-11 10:11:29.383093,TERENGGANU,KUALA TERENGGANU,PASAR BORONG GONG PAUH,Borong,,Ternakan,11,001,TELUR AYAM,C,Biji,0.32,0.41,
30723919,2026-07-11,2026-07-11 10:12:11.315831,TERENGGANU,KUALA TERENGGANU,PASAR BESAR KEDAI PAYANG,Runcit,,Sayur-Sayuran,03,001,BAYAM,F.A.Q,Kilogram,8,5.81,
30723920,2026-07-11,2026-07-11 10:12:11.377592,TERENGGANU,KUALA TERENGGANU,PASAR BESAR KEDAI PAYANG,Runcit,,Sayur-Sayuran,02,002,CILI HIJAU,F.A.Q,Kilogram,12,13.18,
30723921,2026-07-11,2026-07-11 10:12:11.422035,TERENGGANU,KUALA TERENGGANU,PASAR BESAR KEDAI PAYANG,Runcit,,Sayur-Sayuran,02,002,CILI HIJAU (IMPORT),F.A.Q,Kilogram,12,10,
30723922,2026-07-11,2026-07-11 10:12:11.480107,TERENGGANU,KUALA TERENGGANU,PASAR BESAR KEDAI PAYANG,Runcit,,Sayur-Sayuran,02,002,CILI MERAH (VIETNAM),F.A.Q,Kilogram,12,8.1,
30723923,2026-07-11,2026-07-11 10:12:11.532117,TERENGGANU,KUALA TERENGGANU,PASAR BESAR KEDAI PAYANG,Runcit,,Sayur-Sayuran,02,002,CILI MERAH KULAI / KULAI HIBRID,F.A.Q,Kilogram,14,16.31,
30723924,2026-07-11,2026-07-11 10:12:11.59046,TERENGGANU,KUALA TERENGGANU,PASAR BESAR KEDAI PAYANG,Runcit,,Sayur-Sayuran,02,002,CILI MERAH MINYAK,F.A.Q,Kilogram,12,14.1,
30723925,2026-07-11,2026-07-11 10:12:11.640075,TERENGGANU,KUALA TERENGGANU,PASAR BESAR KEDAI PAYANG,Runcit,,Sayur-Sayuran,03,009,DAUN BAWANG,F.A.Q,Kilogram,9,12.95,
30723926,2026-07-11,2026-07-11 10:12:11.691415,TERENGGANU,KUALA TERENGGANU,PASAR BESAR KEDAI PAYANG,Runcit,,Sayur-Sayuran,03,015,DAUN SUP (TANAH TINGGI),F.A.Q,Kilogram,14,13.35,
30723927,2026-07-11,2026-07-11 10:12:11.748057,TERENGGANU,KUALA TERENGGANU,PASAR BESAR KEDAI PAYANG,Runcit,,Sayur-Sayuran,04,002,KACANG BENDI,F.A.Q,Kilogram,10,10.44,
30723928,2026-07-11,2026-07-11 10:12:11.791956,TERENGGANU,KUALA TERENGGANU,PASAR BESAR KEDAI PAYANG,Runcit,,Sayur-Sayuran,04,003,KACANG BUNCIS,F.A.Q,Kilogram,16,13.06,
30723929,2026-07-11,2026-07-11 10:12:11.844094,TERENGGANU,KUALA TERENGGANU,PASAR BESAR KEDAI PAYANG,Runcit,,Sayur-Sayuran,04,007,KACANG PANJANG HIJAU,F.A.Q,Kilogram,8,7.99,
30723930,2026-07-11,2026-07-11 10:12:11.910122,TERENGGANU,KUALA TERENGGANU,PASAR BESAR KEDAI PAYANG,Runcit,,Sayur-Sayuran,03,019,KANGKUNG,F.A.Q,Kilogram,6,5.03,
30723931,2026-07-11,2026-07-11 10:12:11.974887,TERENGGANU,KUALA TERENGGANU,PASAR BESAR KEDAI PAYANG,Runcit,,Sayur-Sayuran,03,006,KUBIS BULAT (CHINA),F.A.Q,Kilogram,4,3.29,
30723932,2026-07-11,2026-07-11 10:12:12.032093,TERENGGANU,KUALA TERENGGANU,PASAR BESAR KEDAI PAYANG,Runcit,,Sayur-Sayuran,03,006,KUBIS BULAT (TANAH TINGGI),F.A.Q,Kilogram,4.5,4.58,
30723933,2026-07-11,2026-07-11 10:12:12.09817,TERENGGANU,KUALA TERENGGANU,PASAR BESAR KEDAI PAYANG,Runcit,,Sayur-Sayuran,03,007,SAWI HIJAU (TANAH RENDAH),F.A.Q,Kilogram,6,6.22,
30723934,2026-07-11,2026-07-11 10:12:12.1561,TERENGGANU,KUALA TERENGGANU,PASAR BESAR KEDAI PAYANG,Runcit,,Sayur-Sayuran,02,010,TERUNG PANJANG / PEPARU (TANAH RENDAH),F.A.Q,Kilogram,7,9.47,
30723935,2026-07-11,2026-07-11 10:12:12.219244,TERENGGANU,KUALA TERENGGANU,PASAR BESAR KEDAI PAYANG,Runcit,,Sayur-Sayuran,02,011,TIMUN HIJAU,F.A.Q,Kilogram,4,4.08,
30723936,2026-07-11,2026-07-11 10:12:12.27544,TERENGGANU,KUALA TERENGGANU,PASAR BESAR KEDAI PAYANG,Runcit,,Sayur-Sayuran,02,012,TOMATO (TANAH TINGGI),F.A.Q,Kilogram,8.5,8.71,
30723937,2026-07-11,2026-07-11 10:12:40.443011,TERENGGANU,KUALA TERENGGANU,PASAR BESAR KEDAI PAYANG,Runcit,,Buah-Buahan,02,005,BETIK SEKAKI,F.A.Q,Kilogram,7,4.98,
30723938,2026-07-11,2026-07-11 10:12:40.491731,TERENGGANU,KUALA TERENGGANU,PASAR BESAR KEDAI PAYANG,Runcit,,Buah-Buahan,02,023,NANAS JOSAPINE (AC5),F.A.Q,Kilogram,5,4,
30723939,2026-07-11,2026-07-11 10:12:40.551925,TERENGGANU,KUALA TERENGGANU,PASAR BESAR KEDAI PAYANG,Runcit,,Buah-Buahan,02,028,PISANG BERANGAN,F.A.Q,Kilogram,7,5.62,
30723940,2026-07-11,2026-07-11 10:12:40.60981,TERENGGANU,KUALA TERENGGANU,PASAR BESAR KEDAI PAYANG,Runcit,,Buah-Buahan,02,028,PISANG MAS,F.A.Q,Kilogram,7,5.43,
30723941,2026-07-11,2026-07-11 10:12:40.679972,TERENGGANU,KUALA TERENGGANU,PASAR BESAR KEDAI PAYANG,Runcit,,Buah-Buahan,02,034,TEMBIKAI MERAH TANPA BIJI,F.A.Q,Kilogram,3.5,4.75,
30723942,2026-07-11,2026-07-11 10:13:04.455171,TERENGGANU,KUALA TERENGGANU,PASAR BESAR KEDAI PAYANG,Runcit,,Ternakan,03,002,AYAM PROSES STANDARD,F.A.Q,Kilogram,10.5,9.99,
30723943,2026-07-11,2026-07-11 10:13:04.520412,TERENGGANU,KUALA TERENGGANU,PASAR BESAR KEDAI PAYANG,Runcit,,Ternakan,03,002,AYAM PROSES SUPER,F.A.Q,Kilogram,11,11.14,
30723944,2026-07-11,2026-07-11 10:13:04.592571,TERENGGANU,KUALA TERENGGANU,PASAR BESAR KEDAI PAYANG,Runcit,,Ternakan,02,003,DAGING LEMBU PEJAL,F.A.Q,Kilogram,29,39.05,
30723945,2026-07-11,2026-07-11 10:13:14.862497,TERENGGANU,KUALA TERENGGANU,PASAR BESAR KEDAI PAYANG,Runcit,,Lain-Lain Makanan Proses,15,001,SANTAN PEKAT,F.A.Q,Kilogram,16,11.7,
30723946,2026-07-11,2026-07-11 10:15:09.701158,TERENGGANU,KUALA TERENGGANU,PASAR BESAR KEDAI PAYANG,Runcit,,Lain-Lain Makanan Proses,15,001,SANTAN PEKAT,F.A.Q,Kilogram,16,11.7,
30723947,2026-07-11,2026-07-11 10:16:00.167635,TERENGGANU,KUALA TERENGGANU,PASAR BORONG GONG PAUH,Borong,,Buah-Buahan,02,005,BETIK SEKAKI,F.A.Q,Kilogram,5.5,3.33,
30723948,2026-07-11,2026-07-11 10:16:00.217855,TERENGGANU,KUALA TERENGGANU,PASAR BORONG GONG PAUH,Borong,,Buah-Buahan,02,023,NANAS JOSAPINE (AC5),F.A.Q,Kilogram,3.5,3.5,
30723949,2026-07-11,2026-07-11 10:16:00.270613,TERENGGANU,KUALA TERENGGANU,PASAR BORONG GONG PAUH,Borong,,Buah-Buahan,02,028,PISANG BERANGAN,F.A.Q,Kilogram,5.5,3.93,
30723950,2026-07-11,2026-07-11 10:16:00.327482,TERENGGANU,KUALA TERENGGANU,PASAR BORONG GONG PAUH,Borong,,Buah-Buahan,02,028,PISANG MAS,F.A.Q,Kilogram,5.5,3.81,
30723951,2026-07-11,2026-07-11 10:16:00.384653,TERENGGANU,KUALA TERENGGANU,PASAR BORONG GONG PAUH,Borong,,Buah-Buahan,02,034,TEMBIKAI MERAH TANPA BIJI,F.A.Q,Kilogram,3,3.55,
30723952,2026-07-11,2026-07-11 10:16:53.772464,TERENGGANU,KUALA TERENGGANU,PASAR BESAR KEDAI PAYANG,Runcit,,Ternakan,03,002,AYAM PROSES STANDARD,F.A.Q,Kilogram,10.5,9.99,
30723953,2026-07-11,2026-07-11 10:16:53.890419,TERENGGANU,KUALA TERENGGANU,PASAR BESAR KEDAI PAYANG,Runcit,,Ternakan,03,002,AYAM PROSES SUPER,F.A.Q,Kilogram,11,11.14,
30723954,2026-07-11,2026-07-11 10:16:53.980456,TERENGGANU,KUALA TERENGGANU,PASAR BESAR KEDAI PAYANG,Runcit,,Ternakan,02,003,DAGING LEMBU PEJAL,F.A.Q,Kilogram,28,39.05,
30723955,2026-07-11,2026-07-11 10:17:48.19428,TERENGGANU,KUALA TERENGGANU,PASAR AWAM CHABANG TIGA,Runcit,,Ternakan,11,001,TELUR AYAM,A,Biji,0.42,0.47,
30723956,2026-07-11,2026-07-11 10:17:48.319717,TERENGGANU,KUALA TERENGGANU,PASAR AWAM CHABANG TIGA,Runcit,,Ternakan,11,001,TELUR AYAM,B,Biji,0.4,0.45,
30723957,2026-07-11,2026-07-11 10:17:48.430896,TERENGGANU,KUALA TERENGGANU,PASAR AWAM CHABANG TIGA,Runcit,,Ternakan,11,001,TELUR AYAM,C,Biji,0.35,0.43,
30723958,2026-07-11,2026-07-11 10:18:19.273964,TERENGGANU,KUALA TERENGGANU,PASAR BORONG GONG PAUH,Borong,,Sayur-Sayuran,03,001,BAYAM,F.A.Q,Kilogram,5,4.11,
30723959,2026-07-11,2026-07-11 10:18:19.331244,TERENGGANU,KUALA TERENGGANU,PASAR BORONG GONG PAUH,Borong,,Sayur-Sayuran,02,002,CILI HIJAU,F.A.Q,Kilogram,9,10.63,
30723960,2026-07-11,2026-07-11 10:18:19.387383,TERENGGANU,KUALA TERENGGANU,PASAR BORONG GONG PAUH,Borong,,Sayur-Sayuran,02,002,CILI MERAH (VIETNAM),F.A.Q,Kilogram,11,6.98,
30723961,2026-07-11,2026-07-11 10:18:19.452929,TERENGGANU,KUALA TERENGGANU,PASAR BORONG GONG PAUH,Borong,,Sayur-Sayuran,02,002,CILI MERAH KULAI / KULAI HIBRID,F.A.Q,Kilogram,11,13.69,
30723962,2026-07-11,2026-07-11 10:18:19.525923,TERENGGANU,KUALA TERENGGANU,PASAR BORONG GONG PAUH,Borong,,Sayur-Sayuran,02,002,CILI MERAH MINYAK,F.A.Q,Kilogram,9,11.76,
30723963,2026-07-11,2026-07-11 10:18:19.597153,TERENGGANU,KUALA TERENGGANU,PASAR BORONG GONG PAUH,Borong,,Sayur-Sayuran,03,009,DAUN BAWANG,F.A.Q,Kilogram,7,9.7,
30723964,2026-07-11,2026-07-11 10:18:19.662732,TERENGGANU,KUALA TERENGGANU,PASAR BORONG GONG PAUH,Borong,,Sayur-Sayuran,03,015,DAUN SUP (TANAH TINGGI),F.A.Q,Kilogram,14,10.25,
30723965,2026-07-11,2026-07-11 10:18:19.735695,TERENGGANU,KUALA TERENGGANU,PASAR BORONG GONG PAUH,Borong,,Sayur-Sayuran,04,002,KACANG BENDI,F.A.Q,Kilogram,7,8.23,
30723966,2026-07-11,2026-07-11 10:18:19.809658,TERENGGANU,KUALA TERENGGANU,PASAR BORONG GONG PAUH,Borong,,Sayur-Sayuran,04,003,KACANG BUNCIS,F.A.Q,Kilogram,10,10.25,
30723967,2026-07-11,2026-07-11 10:18:19.868425,TERENGGANU,KUALA TERENGGANU,PASAR BORONG GONG PAUH,Borong,,Sayur-Sayuran,04,007,KACANG PANJANG HIJAU,F.A.Q,Kilogram,7,5.88,
30723968,2026-07-11,2026-07-11 10:18:19.932973,TERENGGANU,KUALA TERENGGANU,PASAR BORONG GONG PAUH,Borong,,Sayur-Sayuran,03,019,KANGKUNG,F.A.Q,Kilogram,4,3.5,
30723969,2026-07-11,2026-07-11 10:18:19.990418,TERENGGANU,KUALA TERENGGANU,PASAR BORONG GONG PAUH,Borong,,Sayur-Sayuran,03,006,KUBIS BULAT (CHINA),F.A.Q,Kilogram,3,2.09,
30723970,2026-07-11,2026-07-11 10:18:20.048095,TERENGGANU,KUALA TERENGGANU,PASAR BORONG GONG PAUH,Borong,,Sayur-Sayuran,03,006,KUBIS BULAT (TANAH TINGGI),F.A.Q,Kilogram,3.5,3.18,
30723971,2026-07-11,2026-07-11 10:18:20.110289,TERENGGANU,KUALA TERENGGANU,PASAR BORONG GONG PAUH,Borong,,Sayur-Sayuran,03,007,SAWI HIJAU (TANAH RENDAH),F.A.Q,Kilogram,5.5,4.43,
30723972,2026-07-11,2026-07-11 10:18:20.179751,TERENGGANU,KUALA TERENGGANU,PASAR BORONG GONG PAUH,Borong,,Sayur-Sayuran,02,010,TERUNG PANJANG / PEPARU (TANAH RENDAH),F.A.Q,Kilogram,6,7.33,
30723973,2026-07-11,2026-07-11 10:18:20.232074,TERENGGANU,KUALA TERENGGANU,PASAR BORONG GONG PAUH,Borong,,Sayur-Sayuran,02,011,TIMUN HIJAU,F.A.Q,Kilogram,2.5,2.57,
30723974,2026-07-11,2026-07-11 10:18:20.287948,TERENGGANU,KUALA TERENGGANU,PASAR BORONG GONG PAUH,Borong,,Sayur-Sayuran,02,012,TOMATO (TANAH TINGGI),F.A.Q,Kilogram,7,7,
30723975,2026-07-11,2026-07-11 10:18:33.225448,TERENGGANU,KUALA TERENGGANU,PASAR AWAM CHABANG TIGA,Runcit,,Ternakan,03,002,AYAM PROSES STANDARD,F.A.Q,Kilogram,10.5,9.99,
30723976,2026-07-11,2026-07-11 10:18:46.253182,TERENGGANU,KUALA TERENGGANU,PASAR BORONG GONG PAUH,Borong,,Tanaman Kontan,05,001,KELAPA DIKUPAS,SEDANG,Biji,2.9,1.79,
30723977,2026-07-11,2026-07-11 10:20:23.902806,TERENGGANU,KUALA TERENGGANU,PASAR BORONG GONG PAUH,Borong,,Sayur-Sayuran,03,001,BAYAM,F.A.Q,Kilogram,5,4.11,
30723978,2026-07-11,2026-07-11 10:20:23.972507,TERENGGANU,KUALA TERENGGANU,PASAR BORONG GONG PAUH,Borong,,Sayur-Sayuran,02,002,CILI HIJAU,F.A.Q,Kilogram,10,10.63,
30723979,2026-07-11,2026-07-11 10:20:24.045999,TERENGGANU,KUALA TERENGGANU,PASAR BORONG GONG PAUH,Borong,,Sayur-Sayuran,02,002,CILI MERAH (VIETNAM),F.A.Q,Kilogram,12,6.98,
30723980,2026-07-11,2026-07-11 10:20:24.11773,TERENGGANU,KUALA TERENGGANU,PASAR BORONG GONG PAUH,Borong,,Sayur-Sayuran,02,002,CILI MERAH KULAI / KULAI HIBRID,F.A.Q,Kilogram,11,13.69,
30723981,2026-07-11,2026-07-11 10:20:24.246221,TERENGGANU,KUALA TERENGGANU,PASAR BORONG GONG PAUH,Borong,,Sayur-Sayuran,02,002,CILI MERAH MINYAK,F.A.Q,Kilogram,9,11.76,
30723982,2026-07-11,2026-07-11 10:20:24.31136,TERENGGANU,KUALA TERENGGANU,PASAR BORONG GONG PAUH,Borong,,Sayur-Sayuran,03,009,DAUN BAWANG,F.A.Q,Kilogram,8,9.7,
30723983,2026-07-11,2026-07-11 10:20:24.379114,TERENGGANU,KUALA TERENGGANU,PASAR BORONG GONG PAUH,Borong,,Sayur-Sayuran,03,015,DAUN SUP (TANAH TINGGI),F.A.Q,Kilogram,16,10.25,
30723984,2026-07-11,2026-07-11 10:20:24.762629,TERENGGANU,KUALA TERENGGANU,PASAR BORONG GONG PAUH,Borong,,Sayur-Sayuran,04,002,KACANG BENDI,F.A.Q,Kilogram,7,8.23,
30723985,2026-07-11,2026-07-11 10:20:24.833257,TERENGGANU,KUALA TERENGGANU,PASAR BORONG GONG PAUH,Borong,,Sayur-Sayuran,04,003,KACANG BUNCIS,F.A.Q,Kilogram,11,10.25,
30723986,2026-07-11,2026-07-11 10:20:24.902772,TERENGGANU,KUALA TERENGGANU,PASAR BORONG GONG PAUH,Borong,,Sayur-Sayuran,04,007,KACANG PANJANG HIJAU,F.A.Q,Kilogram,7,5.88,
30723987,2026-07-11,2026-07-11 10:20:24.981024,TERENGGANU,KUALA TERENGGANU,PASAR BORONG GONG PAUH,Borong,,Sayur-Sayuran,03,019,KANGKUNG,F.A.Q,Kilogram,4,3.5,
30723988,2026-07-11,2026-07-11 10:20:25.050476,TERENGGANU,KUALA TERENGGANU,PASAR BORONG GONG PAUH,Borong,,Sayur-Sayuran,03,006,KUBIS BULAT (CHINA),F.A.Q,Kilogram,3,2.09,
30723989,2026-07-11,2026-07-11 10:20:25.119152,TERENGGANU,KUALA TERENGGANU,PASAR BORONG GONG PAUH,Borong,,Sayur-Sayuran,03,006,KUBIS BULAT (TANAH TINGGI),F.A.Q,Kilogram,3.5,3.18,
30723990,2026-07-11,2026-07-11 10:20:25.180951,TERENGGANU,KUALA TERENGGANU,PASAR BORONG GONG PAUH,Borong,,Sayur-Sayuran,03,007,SAWI HIJAU (TANAH RENDAH),F.A.Q,Kilogram,5,4.43,
30723991,2026-07-11,2026-07-11 10:20:25.251066,TERENGGANU,KUALA TERENGGANU,PASAR BORONG GONG PAUH,Borong,,Sayur-Sayuran,02,010,TERUNG PANJANG / PEPARU (TANAH RENDAH),F.A.Q,Kilogram,6,7.33,
30723992,2026-07-11,2026-07-11 10:20:25.321833,TERENGGANU,KUALA TERENGGANU,PASAR BORONG GONG PAUH,Borong,,Sayur-Sayuran,02,011,TIMUN HIJAU,F.A.Q,Kilogram,3,2.57,
30723993,2026-07-11,2026-07-11 10:20:25.397857,TERENGGANU,KUALA TERENGGANU,PASAR BORONG GONG PAUH,Borong,,Sayur-Sayuran,02,012,TOMATO (TANAH TINGGI),F.A.Q,Kilogram,8,7,
30723994,2026-07-11,2026-07-11 10:20:45.197157,TERENGGANU,KUALA TERENGGANU,PASAR AWAM CHABANG TIGA,Runcit,,Buah-Buahan,02,005,BETIK SEKAKI,F.A.Q,Kilogram,7,4.98,
30723995,2026-07-11,2026-07-11 10:20:45.251748,TERENGGANU,KUALA TERENGGANU,PASAR AWAM CHABANG TIGA,Runcit,,Buah-Buahan,02,028,PISANG BERANGAN,F.A.Q,Kilogram,7,5.62,
30723996,2026-07-11,2026-07-11 10:20:45.291683,TERENGGANU,KUALA TERENGGANU,PASAR AWAM CHABANG TIGA,Runcit,,Buah-Buahan,02,028,PISANG MAS,F.A.Q,Kilogram,7,5.43,
30723997,2026-07-11,2026-07-11 10:20:45.341899,TERENGGANU,KUALA TERENGGANU,PASAR AWAM CHABANG TIGA,Runcit,,Buah-Buahan,02,034,TEMBIKAI MERAH TANPA BIJI,F.A.Q,Kilogram,3.5,4.75,
30723998,2026-07-11,2026-07-11 10:22:03.263105,TERENGGANU,KUALA TERENGGANU,PASAR AWAM CHABANG TIGA,Runcit,,Ternakan,03,002,AYAM PROSES STANDARD,F.A.Q,Kilogram,10.5,9.99,
30723999,2026-07-11,2026-07-11 10:22:05.360852,TERENGGANU,KUALA TERENGGANU,PASAR BORONG GONG PAUH,Borong,,Ternakan,02,003,DAGING LEMBU PEJAL,F.A.Q,Kilogram,26,40,
30724000,2026-07-11,2026-07-11 10:22:20.932567,PULAU PINANG,SEBERANG PERAI TENGAH,PASAR AWAM SEBERANG JAYA,Runcit,26,Ternakan,03,002,AYAM PROSES STANDARD,F.A.Q,Kilogram,11.2,11.2,
30724001,2026-07-11,2026-07-11 10:22:43.547354,TERENGGANU,KUALA TERENGGANU,PASAR AWAM CHABANG TIGA,Runcit,,Sayur-Sayuran,05,001,BAWANG BESAR KUNING / HOLLAND,F.A.Q,Kilogram,5,5.07,
30724002,2026-07-11,2026-07-11 10:22:43.699108,TERENGGANU,KUALA TERENGGANU,PASAR AWAM CHABANG TIGA,Runcit,,Sayur-Sayuran,05,001,BAWANG BESAR MERAH (IMPORT),F.A.Q,Kilogram,5,4.28,
30724003,2026-07-11,2026-07-11 10:22:43.741928,TERENGGANU,KUALA TERENGGANU,PASAR AWAM CHABANG TIGA,Runcit,,Sayur-Sayuran,05,001,BAWANG BESAR MERAH (INDIA),F.A.Q,Kilogram,5,4.44,
30724004,2026-07-11,2026-07-11 10:22:43.792356,TERENGGANU,KUALA TERENGGANU,PASAR AWAM CHABANG TIGA,Runcit,,Sayur-Sayuran,05,001,BAWANG MERAH / KECIL (IMPORT),F.A.Q,Kilogram,5,6.56,
30724005,2026-07-11,2026-07-11 10:22:43.84187,TERENGGANU,KUALA TERENGGANU,PASAR AWAM CHABANG TIGA,Runcit,,Sayur-Sayuran,05,001,BAWANG MERAH / KECIL (INDIA),F.A.Q,Kilogram,6,7.04,
30724006,2026-07-11,2026-07-11 10:22:43.899389,TERENGGANU,KUALA TERENGGANU,PASAR AWAM CHABANG TIGA,Runcit,,Sayur-Sayuran,05,001,BAWANG MERAH ROSE,F.A.Q,Kilogram,8,12.98,
30724007,2026-07-11,2026-07-11 10:22:43.951691,TERENGGANU,KUALA TERENGGANU,PASAR AWAM CHABANG TIGA,Runcit,,Sayur-Sayuran,05,001,BAWANG PUTIH (CHINA),F.A.Q,Kilogram,10,8.52,
30724008,2026-07-11,2026-07-11 10:22:44.118133,TERENGGANU,KUALA TERENGGANU,PASAR AWAM CHABANG TIGA,Runcit,,Sayur-Sayuran,05,009,UBI KENTANG (IMPORT),F.A.Q,Kilogram,3.5,25,
30724009,2026-07-11,2026-07-11 10:22:44.169542,TERENGGANU,KUALA TERENGGANU,PASAR AWAM CHABANG TIGA,Runcit,,Sayur-Sayuran,05,009,UBI KENTANG HOLLAND,F.A.Q,Kilogram,4,4.09,
30724010,2026-07-11,2026-07-11 10:22:46.040098,NEGERI SEMBILAN,SEREMBAN,PASAR BESAR SEREMBAN - BAHAGIAN BORONG,Borong,20,Buah-Buahan,02,005,BETIK SEKAKI,F.A.Q,Kilogram,3.5,3.325,
30724011,2026-07-11,2026-07-11 10:22:46.040098,NEGERI SEMBILAN,SEREMBAN,PASAR BESAR SEREMBAN - BAHAGIAN BORONG,Borong,20,Buah-Buahan,02,005,BETIK SEKAKI,F.A.Q,Kilogram,3.1,3.325,
30724012,2026-07-11,2026-07-11 10:22:46.040098,NEGERI SEMBILAN,SEREMBAN,PASAR BESAR SEREMBAN - BAHAGIAN BORONG,Borong,20,Buah-Buahan,02,005,BETIK SEKAKI,F.A.Q,Kilogram,3.2,3.325,
30724013,2026-07-11,2026-07-11 10:22:46.040098,NEGERI SEMBILAN,SEREMBAN,PASAR BESAR SEREMBAN - BAHAGIAN BORONG,Borong,20,Tanaman Kontan,05,001,KELAPA DIKUPAS,SEDANG,Biji,2.7,2.7,
30724014,2026-07-11,2026-07-11 10:22:46.040098,NEGERI SEMBILAN,SEREMBAN,PASAR BESAR SEREMBAN - BAHAGIAN BORONG,Borong,20,Buah-Buahan,02,023,NANAS JOSAPINE (AC5),F.A.Q,Kilogram,3.5,3.2333333,
30724015,2026-07-11,2026-07-11 10:22:46.040098,NEGERI SEMBILAN,SEREMBAN,PASAR BESAR SEREMBAN - BAHAGIAN BORONG,Borong,20,Buah-Buahan,02,023,NANAS JOSAPINE (AC5),F.A.Q,Kilogram,3,3.2333333,
30724016,2026-07-11,2026-07-11 10:22:46.040098,NEGERI SEMBILAN,SEREMBAN,PASAR BESAR SEREMBAN - BAHAGIAN BORONG,Borong,20,Buah-Buahan,02,023,NANAS JOSAPINE (AC5),F.A.Q,Kilogram,3.2,3.2333333,
30724017,2026-07-11,2026-07-11 10:22:46.040098,NEGERI SEMBILAN,SEREMBAN,PASAR BESAR SEREMBAN - BAHAGIAN BORONG,Borong,20,Buah-Buahan,02,028,PISANG BERANGAN,F.A.Q,Kilogram,4.4,4.170833,
30724018,2026-07-11,2026-07-11 10:22:46.040098,NEGERI SEMBILAN,SEREMBAN,PASAR BESAR SEREMBAN - BAHAGIAN BORONG,Borong,20,Buah-Buahan,02,028,PISANG BERANGAN,F.A.Q,Kilogram,4,4.170833,
30724019,2026-07-11,2026-07-11 10:22:46.040098,NEGERI SEMBILAN,SEREMBAN,PASAR BESAR SEREMBAN - BAHAGIAN BORONG,Borong,20,Buah-Buahan,02,028,PISANG BERANGAN,F.A.Q,Kilogram,3.8,4.170833,
30724020,2026-07-11,2026-07-11 10:22:46.040098,NEGERI SEMBILAN,SEREMBAN,PASAR BESAR SEREMBAN - BAHAGIAN BORONG,Borong,20,Buah-Buahan,02,028,PISANG MAS,F.A.Q,Kilogram,3.5,3.2666667,
30724021,2026-07-11,2026-07-11 10:22:46.040098,NEGERI SEMBILAN,SEREMBAN,PASAR BESAR SEREMBAN - BAHAGIAN BORONG,Borong,20,Buah-Buahan,02,028,PISANG MAS,F.A.Q,Kilogram,3.3,3.2666667,
30724022,2026-07-11,2026-07-11 10:22:46.040098,NEGERI SEMBILAN,SEREMBAN,PASAR BESAR SEREMBAN - BAHAGIAN BORONG,Borong,20,Buah-Buahan,02,028,PISANG MAS,F.A.Q,Kilogram,3.1,3.2666667,
30724023,2026-07-11,2026-07-11 10:22:46.040098,NEGERI SEMBILAN,SEREMBAN,PASAR BESAR SEREMBAN - BAHAGIAN BORONG,Borong,20,Buah-Buahan,02,034,TEMBIKAI MERAH TANPA BIJI,F.A.Q,Kilogram,2.7,2.2666667,
30724024,2026-07-11,2026-07-11 10:22:46.040098,NEGERI SEMBILAN,SEREMBAN,PASAR BESAR SEREMBAN - BAHAGIAN BORONG,Borong,20,Buah-Buahan,02,034,TEMBIKAI MERAH TANPA BIJI,F.A.Q,Kilogram,2.3,2.2666667,
30724025,2026-07-11,2026-07-11 10:22:46.040098,NEGERI SEMBILAN,SEREMBAN,PASAR BESAR SEREMBAN - BAHAGIAN BORONG,Borong,20,Buah-Buahan,02,034,TEMBIKAI MERAH TANPA BIJI,F.A.Q,Kilogram,2.5,2.2666667,
30724026,2026-07-11,2026-07-11 10:22:51.532083,NEGERI SEMBILAN,SEREMBAN,PASAR BESAR SEREMBAN - BAHAGIAN RUNCIT,Runcit,26,Buah-Buahan,02,005,BETIK SEKAKI,F.A.Q,Kilogram,5,5.2833333,
30724027,2026-07-11,2026-07-11 10:22:51.532083,NEGERI SEMBILAN,SEREMBAN,PASAR BESAR SEREMBAN - BAHAGIAN RUNCIT,Runcit,26,Buah-Buahan,02,005,BETIK SEKAKI,F.A.Q,Kilogram,5.5,5.2833333,
30724028,2026-07-11,2026-07-11 10:22:51.532083,NEGERI SEMBILAN,SEREMBAN,PASAR BESAR SEREMBAN - BAHAGIAN RUNCIT,Runcit,26,Buah-Buahan,02,005,BETIK SEKAKI,F.A.Q,Kilogram,5.2,5.2833333,
30724029,2026-07-11,2026-07-11 10:22:51.532083,NEGERI SEMBILAN,SEREMBAN,PASAR BESAR SEREMBAN - BAHAGIAN RUNCIT,Runcit,26,Tanaman Kontan,05,001,KELAPA DIKUPAS,SEDANG,Biji,2.9,2.95,
30724030,2026-07-11,2026-07-11 10:22:51.532083,NEGERI SEMBILAN,SEREMBAN,PASAR BESAR SEREMBAN - BAHAGIAN RUNCIT,Runcit,26,Tanaman Kontan,05,001,KELAPA DIKUPAS,SEDANG,Biji,3,2.95,
30724031,2026-07-11,2026-07-11 10:22:51.532083,NEGERI SEMBILAN,SEREMBAN,PASAR BESAR SEREMBAN - BAHAGIAN RUNCIT,Runcit,26,Buah-Buahan,02,023,NANAS JOSAPINE (AC5),F.A.Q,Kilogram,4,4.295833,
30724032,2026-07-11,2026-07-11 10:22:51.532083,NEGERI SEMBILAN,SEREMBAN,PASAR BESAR SEREMBAN - BAHAGIAN RUNCIT,Runcit,26,Buah-Buahan,02,023,NANAS JOSAPINE (AC5),F.A.Q,Kilogram,4.6,4.295833,
30724033,2026-07-11,2026-07-11 10:22:51.532083,NEGERI SEMBILAN,SEREMBAN,PASAR BESAR SEREMBAN - BAHAGIAN RUNCIT,Runcit,26,Buah-Buahan,02,023,NANAS JOSAPINE (AC5),F.A.Q,Kilogram,4.1,4.295833,
30724034,2026-07-11,2026-07-11 10:22:51.532083,NEGERI SEMBILAN,SEREMBAN,PASAR BESAR SEREMBAN - BAHAGIAN RUNCIT,Runcit,26,Buah-Buahan,02,028,PISANG BERANGAN,F.A.Q,Kilogram,6,6.2208333,
30724035,2026-07-11,2026-07-11 10:22:51.532083,NEGERI SEMBILAN,SEREMBAN,PASAR BESAR SEREMBAN - BAHAGIAN RUNCIT,Runcit,26,Buah-Buahan,02,028,PISANG BERANGAN,F.A.Q,Kilogram,6.5,6.2208333,
30724036,2026-07-11,2026-07-11 10:22:51.532083,NEGERI SEMBILAN,SEREMBAN,PASAR BESAR SEREMBAN - BAHAGIAN RUNCIT,Runcit,26,Buah-Buahan,02,028,PISANG BERANGAN,F.A.Q,Kilogram,5.8,6.2208333,
30724037,2026-07-11,2026-07-11 10:22:51.532083,NEGERI SEMBILAN,SEREMBAN,PASAR BESAR SEREMBAN - BAHAGIAN RUNCIT,Runcit,26,Buah-Buahan,02,028,PISANG MAS,F.A.Q,Kilogram,5.2,5.1,
30724038,2026-07-11,2026-07-11 10:22:51.532083,NEGERI SEMBILAN,SEREMBAN,PASAR BESAR SEREMBAN - BAHAGIAN RUNCIT,Runcit,26,Buah-Buahan,02,028,PISANG MAS,F.A.Q,Kilogram,5.7,5.1,
30724039,2026-07-11,2026-07-11 10:22:51.532083,NEGERI SEMBILAN,SEREMBAN,PASAR BESAR SEREMBAN - BAHAGIAN RUNCIT,Runcit,26,Buah-Buahan,02,028,PISANG MAS,F.A.Q,Kilogram,5,5.1,
30724040,2026-07-11,2026-07-11 10:22:51.532083,NEGERI SEMBILAN,SEREMBAN,PASAR BESAR SEREMBAN - BAHAGIAN RUNCIT,Runcit,26,Buah-Buahan,02,034,TEMBIKAI MERAH TANPA BIJI,F.A.Q,Kilogram,3.4,3.375,
30724041,2026-07-11,2026-07-11 10:22:51.532083,NEGERI SEMBILAN,SEREMBAN,PASAR BESAR SEREMBAN - BAHAGIAN RUNCIT,Runcit,26,Buah-Buahan,02,034,TEMBIKAI MERAH TANPA BIJI,F.A.Q,Kilogram,4.2,3.375,
30724042,2026-07-11,2026-07-11 10:22:51.532083,NEGERI SEMBILAN,SEREMBAN,PASAR BESAR SEREMBAN - BAHAGIAN RUNCIT,Runcit,26,Buah-Buahan,02,034,TEMBIKAI MERAH TANPA BIJI,F.A.Q,Kilogram,3.9,3.375,
30724043,2026-07-11,2026-07-11 10:23:24.200992,TERENGGANU,KUALA TERENGGANU,PASAR AWAM CHABANG TIGA,Runcit,,Ternakan,11,001,TELUR AYAM,A,Biji,0.43,0.47,
30724044,2026-07-11,2026-07-11 10:23:24.330413,TERENGGANU,KUALA TERENGGANU,PASAR AWAM CHABANG TIGA,Runcit,,Ternakan,11,001,TELUR AYAM,B,Biji,0.41,0.45,
30724045,2026-07-11,2026-07-11 10:23:24.441015,TERENGGANU,KUALA TERENGGANU,PASAR AWAM CHABANG TIGA,Runcit,,Ternakan,11,001,TELUR AYAM,C,Biji,0.36,0.43,
30724046,2026-07-11,2026-07-11 10:23:54.425563,TERENGGANU,KUALA TERENGGANU,PASAR BORONG GONG PAUH,Borong,,Sayur-Sayuran,03,001,BAYAM,F.A.Q,Kilogram,5,4.11,
30724047,2026-07-11,2026-07-11 10:23:54.494055,TERENGGANU,KUALA TERENGGANU,PASAR BORONG GONG PAUH,Borong,,Sayur-Sayuran,02,002,CILI HIJAU,F.A.Q,Kilogram,9,10.63,
30724048,2026-07-11,2026-07-11 10:23:54.569008,TERENGGANU,KUALA TERENGGANU,PASAR BORONG GONG PAUH,Borong,,Sayur-Sayuran,02,002,CILI MERAH (VIETNAM),F.A.Q,Kilogram,13,6.98,
30724049,2026-07-11,2026-07-11 10:23:54.622421,TERENGGANU,KUALA TERENGGANU,PASAR BORONG GONG PAUH,Borong,,Sayur-Sayuran,02,002,CILI MERAH KULAI / KULAI HIBRID,F.A.Q,Kilogram,11,13.69,
30724050,2026-07-11,2026-07-11 10:23:54.69326,TERENGGANU,KUALA TERENGGANU,PASAR BORONG GONG PAUH,Borong,,Sayur-Sayuran,02,002,CILI MERAH MINYAK,F.A.Q,Kilogram,9,11.76,
30724051,2026-07-11,2026-07-11 10:23:54.767273,TERENGGANU,KUALA TERENGGANU,PASAR BORONG GONG PAUH,Borong,,Sayur-Sayuran,03,009,DAUN BAWANG,F.A.Q,Kilogram,7,9.7,
30724052,2026-07-11,2026-07-11 10:23:54.828839,TERENGGANU,KUALA TERENGGANU,PASAR BORONG GONG PAUH,Borong,,Sayur-Sayuran,03,015,DAUN SUP (TANAH TINGGI),F.A.Q,Kilogram,15,10.25,
30724053,2026-07-11,2026-07-11 10:23:54.90477,TERENGGANU,KUALA TERENGGANU,PASAR BORONG GONG PAUH,Borong,,Sayur-Sayuran,04,002,KACANG BENDI,F.A.Q,Kilogram,7,8.23,
30724054,2026-07-11,2026-07-11 10:23:54.97603,TERENGGANU,KUALA TERENGGANU,PASAR BORONG GONG PAUH,Borong,,Sayur-Sayuran,04,003,KACANG BUNCIS,F.A.Q,Kilogram,11,10.25,
30724055,2026-07-11,2026-07-11 10:23:55.039585,TERENGGANU,KUALA TERENGGANU,PASAR BORONG GONG PAUH,Borong,,Sayur-Sayuran,04,007,KACANG PANJANG HIJAU,F.A.Q,Kilogram,7,5.88,
30724056,2026-07-11,2026-07-11 10:23:55.11366,TERENGGANU,KUALA TERENGGANU,PASAR BORONG GONG PAUH,Borong,,Sayur-Sayuran,03,019,KANGKUNG,F.A.Q,Kilogram,4,3.5,
30724057,2026-07-11,2026-07-11 10:23:55.187672,TERENGGANU,KUALA TERENGGANU,PASAR BORONG GONG PAUH,Borong,,Sayur-Sayuran,03,006,KUBIS BULAT (CHINA),F.A.Q,Kilogram,3.5,2.09,
30724058,2026-07-11,2026-07-11 10:23:55.251755,TERENGGANU,KUALA TERENGGANU,PASAR BORONG GONG PAUH,Borong,,Sayur-Sayuran,03,006,KUBIS BULAT (TANAH TINGGI),F.A.Q,Kilogram,3.5,3.18,
30724059,2026-07-11,2026-07-11 10:23:55.318904,TERENGGANU,KUALA TERENGGANU,PASAR BORONG GONG PAUH,Borong,,Sayur-Sayuran,03,007,SAWI HIJAU (TANAH RENDAH),F.A.Q,Kilogram,5,4.43,
30724060,2026-07-11,2026-07-11 10:23:55.381807,TERENGGANU,KUALA TERENGGANU,PASAR BORONG GONG PAUH,Borong,,Sayur-Sayuran,02,010,TERUNG PANJANG / PEPARU (TANAH RENDAH),F.A.Q,Kilogram,6,7.33,
30724061,2026-07-11,2026-07-11 10:23:55.444363,TERENGGANU,KUALA TERENGGANU,PASAR BORONG GONG PAUH,Borong,,Sayur-Sayuran,02,011,TIMUN HIJAU,F.A.Q,Kilogram,2.5,2.57,
30724062,2026-07-11,2026-07-11 10:23:55.519016,TERENGGANU,KUALA TERENGGANU,PASAR BORONG GONG PAUH,Borong,,Sayur-Sayuran,02,012,TOMATO (TANAH TINGGI),F.A.Q,Kilogram,8,7,
30724063,2026-07-11,2026-07-11 10:24:48.827653,PULAU PINANG,SEBERANG PERAI TENGAH,PASAR AWAM SEBERANG JAYA,Runcit,26,Sayur-Sayuran,03,001,BAYAM,F.A.Q,Kilogram,6,5.3333335,
30724064,2026-07-11,2026-07-11 10:24:48.827653,PULAU PINANG,SEBERANG PERAI TENGAH,PASAR AWAM SEBERANG JAYA,Runcit,26,Sayur-Sayuran,02,002,CILI HIJAU,F.A.Q,Kilogram,14,13.625,
30724065,2026-07-11,2026-07-11 10:24:48.827653,PULAU PINANG,SEBERANG PERAI TENGAH,PASAR AWAM SEBERANG JAYA,Runcit,26,Sayur-Sayuran,02,002,CILI MERAH KULAI / KULAI HIBRID,F.A.Q,Kilogram,20,19.23077,
30724066,2026-07-11,2026-07-11 10:24:48.827653,PULAU PINANG,SEBERANG PERAI TENGAH,PASAR AWAM SEBERANG JAYA,Runcit,26,Sayur-Sayuran,02,002,CILI MERAH KULAI / KULAI HIBRID,F.A.Q,Kilogram,17,19.23077,
30724067,2026-07-11,2026-07-11 10:24:48.827653,PULAU PINANG,SEBERANG PERAI TENGAH,PASAR AWAM SEBERANG JAYA,Runcit,26,Sayur-Sayuran,02,002,CILI MERAH MINYAK,F.A.Q,Kilogram,16,16,
30724068,2026-07-11,2026-07-11 10:24:48.827653,PULAU PINANG,SEBERANG PERAI TENGAH,PASAR AWAM SEBERANG JAYA,Runcit,26,Sayur-Sayuran,03,009,DAUN BAWANG,F.A.Q,Kilogram,8,8,
30724069,2026-07-11,2026-07-11 10:24:48.827653,PULAU PINANG,SEBERANG PERAI TENGAH,PASAR AWAM SEBERANG JAYA,Runcit,26,Sayur-Sayuran,03,015,DAUN SUP (TANAH TINGGI),F.A.Q,Kilogram,20,20,
30724070,2026-07-11,2026-07-11 10:24:48.827653,PULAU PINANG,SEBERANG PERAI TENGAH,PASAR AWAM SEBERANG JAYA,Runcit,26,Sayur-Sayuran,04,002,KACANG BENDI,F.A.Q,Kilogram,8,9.666667,
30724071,2026-07-11,2026-07-11 10:24:48.827653,PULAU PINANG,SEBERANG PERAI TENGAH,PASAR AWAM SEBERANG JAYA,Runcit,26,Sayur-Sayuran,04,003,KACANG BUNCIS,F.A.Q,Kilogram,13,11,
30724072,2026-07-11,2026-07-11 10:24:48.827653,PULAU PINANG,SEBERANG PERAI TENGAH,PASAR AWAM SEBERANG JAYA,Runcit,26,Sayur-Sayuran,04,007,KACANG PANJANG HIJAU,F.A.Q,Kilogram,10,10,
30724073,2026-07-11,2026-07-11 10:24:48.827653,PULAU PINANG,SEBERANG PERAI TENGAH,PASAR AWAM SEBERANG JAYA,Runcit,26,Sayur-Sayuran,03,019,KANGKUNG,F.A.Q,Kilogram,6,5,
30724074,2026-07-11,2026-07-11 10:24:48.827653,PULAU PINANG,SEBERANG PERAI TENGAH,PASAR AWAM SEBERANG JAYA,Runcit,26,Sayur-Sayuran,03,006,KUBIS BULAT (CHINA),F.A.Q,Kilogram,4,4,
30724075,2026-07-11,2026-07-11 10:24:48.827653,PULAU PINANG,SEBERANG PERAI TENGAH,PASAR AWAM SEBERANG JAYA,Runcit,26,Sayur-Sayuran,03,006,KUBIS BULAT (INDONESIA),F.A.Q,Kilogram,4.5,4.5,
30724076,2026-07-11,2026-07-11 10:24:48.827653,PULAU PINANG,SEBERANG PERAI TENGAH,PASAR AWAM SEBERANG JAYA,Runcit,26,Sayur-Sayuran,03,006,KUBIS BULAT (TANAH TINGGI),F.A.Q,Kilogram,6,6.142857,
30724077,2026-07-11,2026-07-11 10:24:48.827653,PULAU PINANG,SEBERANG PERAI TENGAH,PASAR AWAM SEBERANG JAYA,Runcit,26,Sayur-Sayuran,03,007,SAWI HIJAU (TANAH RENDAH),F.A.Q,Kilogram,6,5.7777777,
30724078,2026-07-11,2026-07-11 10:24:48.827653,PULAU PINANG,SEBERANG PERAI TENGAH,PASAR AWAM SEBERANG JAYA,Runcit,26,Sayur-Sayuran,03,007,SAWI HIJAU TANAH TINGGI,F.A.Q,Kilogram,6,6.55,
30724079,2026-07-11,2026-07-11 10:24:48.827653,PULAU PINANG,SEBERANG PERAI TENGAH,PASAR AWAM SEBERANG JAYA,Runcit,26,Sayur-Sayuran,02,010,TERUNG PANJANG / PEPARU (TANAH RENDAH),F.A.Q,Kilogram,10,10,
30724080,2026-07-11,2026-07-11 10:24:48.827653,PULAU PINANG,SEBERANG PERAI TENGAH,PASAR AWAM SEBERANG JAYA,Runcit,26,Sayur-Sayuran,02,011,TIMUN HIJAU,F.A.Q,Kilogram,5,4.5625,
30724081,2026-07-11,2026-07-11 10:24:48.827653,PULAU PINANG,SEBERANG PERAI TENGAH,PASAR AWAM SEBERANG JAYA,Runcit,26,Sayur-Sayuran,02,011,TIMUN HIJAU,F.A.Q,Kilogram,4,4.5625,
30724082,2026-07-11,2026-07-11 10:24:48.827653,PULAU PINANG,SEBERANG PERAI TENGAH,PASAR AWAM SEBERANG JAYA,Runcit,26,Sayur-Sayuran,02,012,TOMATO (TANAH TINGGI),F.A.Q,Kilogram,10,5.71,
30724083,2026-07-11,2026-07-11 10:24:48.827653,PULAU PINANG,SEBERANG PERAI TENGAH,PASAR AWAM SEBERANG JAYA,Runcit,26,Sayur-Sayuran,05,009,UBI KENTANG (IMPORT),F.A.Q,Kilogram,4,3.84,
30724084,2026-07-11,2026-07-11 10:25:10.830255,W.P. KUALA LUMPUR,KUALA LUMPUR,PASAR AWAM CHOW KIT,Runcit,26,Sayur-Sayuran,03,001,BAYAM,F.A.Q,Kilogram,5,6.1363635,
30724085,2026-07-11,2026-07-11 10:25:10.830255,W.P. KUALA LUMPUR,KUALA LUMPUR,PASAR AWAM CHOW KIT,Runcit,26,Sayur-Sayuran,03,009,DAUN BAWANG,F.A.Q,Kilogram,7,7.1666665,
30724086,2026-07-11,2026-07-11 10:25:10.830255,W.P. KUALA LUMPUR,KUALA LUMPUR,PASAR AWAM CHOW KIT,Runcit,26,Sayur-Sayuran,03,015,DAUN SUP (TANAH TINGGI),F.A.Q,Kilogram,20,19.944445,
30724087,2026-07-11,2026-07-11 10:25:10.830255,W.P. KUALA LUMPUR,KUALA LUMPUR,PASAR AWAM CHOW KIT,Runcit,26,Sayur-Sayuran,04,002,KACANG BENDI,F.A.Q,Kilogram,7,7.5454545,
30724088,2026-07-11,2026-07-11 10:25:10.830255,W.P. KUALA LUMPUR,KUALA LUMPUR,PASAR AWAM CHOW KIT,Runcit,26,Sayur-Sayuran,04,003,KACANG BUNCIS,F.A.Q,Kilogram,12,14.125,
30724089,2026-07-11,2026-07-11 10:25:10.830255,W.P. KUALA LUMPUR,KUALA LUMPUR,PASAR AWAM CHOW KIT,Runcit,26,Sayur-Sayuran,04,007,KACANG PANJANG HIJAU,F.A.Q,Kilogram,8,7.2916665,
30724090,2026-07-11,2026-07-11 10:25:10.830255,W.P. KUALA LUMPUR,KUALA LUMPUR,PASAR AWAM CHOW KIT,Runcit,26,Sayur-Sayuran,03,019,KANGKUNG,F.A.Q,Kilogram,5,5.8333335,
30724091,2026-07-11,2026-07-11 10:25:10.830255,W.P. KUALA LUMPUR,KUALA LUMPUR,PASAR AWAM CHOW KIT,Runcit,26,Sayur-Sayuran,03,006,KUBIS BULAT (CHINA),F.A.Q,Kilogram,3,3.4117646,
30724092,2026-07-11,2026-07-11 10:25:10.830255,W.P. KUALA LUMPUR,KUALA LUMPUR,PASAR AWAM CHOW KIT,Runcit,26,Sayur-Sayuran,03,006,KUBIS BULAT (TANAH TINGGI),F.A.Q,Kilogram,5,5.4444447,
30724093,2026-07-11,2026-07-11 10:25:10.830255,W.P. KUALA LUMPUR,KUALA LUMPUR,PASAR AWAM CHOW KIT,Runcit,26,Sayur-Sayuran,03,007,SAWI HIJAU (TANAH RENDAH),F.A.Q,Kilogram,5,5.7272725,
30724094,2026-07-11,2026-07-11 10:25:10.830255,W.P. KUALA LUMPUR,KUALA LUMPUR,PASAR AWAM CHOW KIT,Runcit,26,Sayur-Sayuran,03,007,SAWI HIJAU TANAH TINGGI,F.A.Q,Kilogram,6,5.875,
30724095,2026-07-11,2026-07-11 10:25:10.830255,W.P. KUALA LUMPUR,KUALA LUMPUR,PASAR AWAM CHOW KIT,Runcit,26,Sayur-Sayuran,02,010,TERUNG PANJANG / PEPARU (TANAH RENDAH),F.A.Q,Kilogram,6,6.9583335,
30724096,2026-07-11,2026-07-11 10:25:10.830255,W.P. KUALA LUMPUR,KUALA LUMPUR,PASAR AWAM CHOW KIT,Runcit,26,Sayur-Sayuran,02,011,TIMUN HIJAU,F.A.Q,Kilogram,4,4.2291665,
30724097,2026-07-11,2026-07-11 10:25:10.830255,W.P. KUALA LUMPUR,KUALA LUMPUR,PASAR AWAM CHOW KIT,Runcit,26,Sayur-Sayuran,02,012,TOMATO (TANAH TINGGI),F.A.Q,Kilogram,8,8.604167,
30724098,2026-07-11,2026-07-11 10:25:15.805105,PULAU PINANG,SEBERANG PERAI SELATAN,LADANG/KEBUN KAMPUNG VALDOR,Ladang,,Ternakan,01,003,AYAM HIDUP,F.A.Q,Kilogram,7.1,7.1,
30724099,2026-07-11,2026-07-11 10:25:15.805105,PULAU PINANG,SEBERANG PERAI SELATAN,LADANG/KEBUN KAMPUNG VALDOR,Ladang,,Ternakan,11,001,TELUR AYAM,A,Biji,0.4,0.40166667,
30724100,2026-07-11,2026-07-11 10:25:15.805105,PULAU PINANG,SEBERANG PERAI SELATAN,LADANG/KEBUN KAMPUNG VALDOR,Ladang,,Ternakan,11,001,TELUR AYAM,C,Biji,0.3,0.34,
30724101,2026-07-11,2026-07-11 10:25:15.805105,PULAU PINANG,SEBERANG PERAI SELATAN,LADANG/KEBUN KAMPUNG VALDOR,Ladang,,Ternakan,11,001,TELUR AYAM,B,Biji,0.36,0.3422222,
30724102,2026-07-11,2026-07-11 10:25:29.424888,TERENGGANU,KUALA TERENGGANU,KELOMPOK PERTANIAN KAMPUNG CHE LONG,Ladang,,Sayur-Sayuran,02,002,CILI MERAH KULAI / KULAI HIBRID,F.A.Q,Kilogram,6,10.44,
30724103,2026-07-11,2026-07-11 10:25:29.479382,TERENGGANU,KUALA TERENGGANU,KELOMPOK PERTANIAN KAMPUNG CHE LONG,Ladang,,Sayur-Sayuran,04,002,KACANG BENDI,F.A.Q,Kilogram,3,5.34,
30724104,2026-07-11,2026-07-11 10:25:29.552879,TERENGGANU,KUALA TERENGGANU,KELOMPOK PERTANIAN KAMPUNG CHE LONG,Ladang,,Sayur-Sayuran,04,007,KACANG PANJANG HIJAU,F.A.Q,Kilogram,3,4.02,
30724105,2026-07-11,2026-07-11 10:25:29.607284,TERENGGANU,KUALA TERENGGANU,KELOMPOK PERTANIAN KAMPUNG CHE LONG,Ladang,,Sayur-Sayuran,03,019,KANGKUNG,F.A.Q,Kilogram,2,2.32,
30724106,2026-07-11,2026-07-11 10:25:29.66502,TERENGGANU,KUALA TERENGGANU,KELOMPOK PERTANIAN KAMPUNG CHE LONG,Ladang,,Sayur-Sayuran,03,007,SAWI HIJAU (TANAH RENDAH),F.A.Q,Kilogram,2.5,3.39,
30724107,2026-07-11,2026-07-11 10:25:29.710083,TERENGGANU,KUALA TERENGGANU,KELOMPOK PERTANIAN KAMPUNG CHE LONG,Ladang,,Sayur-Sayuran,02,010,TERUNG PANJANG / PEPARU (TANAH RENDAH),F.A.Q,Kilogram,3,5.38,
30724108,2026-07-11,2026-07-11 10:25:29.764686,TERENGGANU,KUALA TERENGGANU,KELOMPOK PERTANIAN KAMPUNG CHE LONG,Ladang,,Sayur-Sayuran,02,011,TIMUN HIJAU,F.A.Q,Kilogram,1.2,1.67,
30724109,2026-07-11,2026-07-11 10:25:39.144688,TERENGGANU,KEMAMAN,[LOKASI KUTIPAN HARGA LADANG] KERTEH,Ladang,,Ternakan,01,003,AYAM HIDUP,F.A.Q,Kilogram,7,6.51,
30724110,2026-07-11,2026-07-11 10:25:46.190581,PULAU PINANG,SEBERANG PERAI UTARA,[PROJEK] TKPM ARA KUDA,Ladang,,Buah-Buahan,02,005,BETIK SEKAKI,F.A.Q,Kilogram,3,2.34,
30724111,2026-07-11,2026-07-11 10:25:46.190581,PULAU PINANG,SEBERANG PERAI UTARA,[PROJEK] TKPM ARA KUDA,Ladang,,Buah-Buahan,02,005,BETIK SEKAKI,F.A.Q,Kilogram,2,2.34,
30724112,2026-07-11,2026-07-11 10:25:46.190581,PULAU PINANG,SEBERANG PERAI UTARA,[PROJEK] TKPM ARA KUDA,Ladang,,Buah-Buahan,02,028,PISANG BERANGAN,F.A.Q,Kilogram,3.8,2.48,
30724113,2026-07-11,2026-07-11 10:25:46.190581,PULAU PINANG,SEBERANG PERAI UTARA,[PROJEK] TKPM ARA KUDA,Ladang,,Buah-Buahan,02,028,PISANG BERANGAN,F.A.Q,Kilogram,2.7,2.48,
30724114,2026-07-11,2026-07-11 10:25:46.190581,PULAU PINANG,SEBERANG PERAI UTARA,[PROJEK] TKPM ARA KUDA,Ladang,,Buah-Buahan,02,028,PISANG MAS,F.A.Q,Kilogram,3.2,2.27,
30724115,2026-07-11,2026-07-11 10:26:07.900205,TERENGGANU,MARANG,LADANG/KEBUN SERATING,Ladang,,Buah-Buahan,02,034,TEMBIKAI MERAH TANPA BIJI,F.A.Q,Kilogram,1.5,2.46,
30724116,2026-07-11,2026-07-11 10:26:23.572484,TERENGGANU,KUALA TERENGGANU,PASAR AWAM CHABANG TIGA,Runcit,,Ternakan,03,002,AYAM PROSES STANDARD,F.A.Q,Kilogram,10.5,9.99,
30724117,2026-07-11,2026-07-11 10:26:23.613232,TERENGGANU,KUALA TERENGGANU,PASAR AWAM CHABANG TIGA,Runcit,,Ternakan,03,002,AYAM PROSES SUPER,F.A.Q,Kilogram,11,11.14,
30724118,2026-07-11,2026-07-11 10:27:23.597507,PULAU PINANG,SEBERANG PERAI UTARA,[PROJEK] TKPM ARA KUDA,Ladang,,Sayur-Sayuran,03,001,BAYAM,F.A.Q,Kilogram,2.2,1.7,
30724119,2026-07-11,2026-07-11 10:27:23.597507,PULAU PINANG,SEBERANG PERAI UTARA,[PROJEK] TKPM ARA KUDA,Ladang,,Sayur-Sayuran,02,002,CILI MERAH KULAI / KULAI HIBRID,F.A.Q,Kilogram,10.5,8.888889,
30724120,2026-07-11,2026-07-11 10:27:23.597507,PULAU PINANG,SEBERANG PERAI UTARA,[PROJEK] TKPM ARA KUDA,Ladang,,Sayur-Sayuran,04,002,KACANG BENDI,F.A.Q,Kilogram,1.9,2.1,
30724121,2026-07-11,2026-07-11 10:27:23.597507,PULAU PINANG,SEBERANG PERAI UTARA,[PROJEK] TKPM ARA KUDA,Ladang,,Sayur-Sayuran,04,007,KACANG PANJANG HIJAU,F.A.Q,Kilogram,3.1,2.4,
30724122,2026-07-11,2026-07-11 10:27:23.597507,PULAU PINANG,SEBERANG PERAI UTARA,[PROJEK] TKPM ARA KUDA,Ladang,,Sayur-Sayuran,03,019,KANGKUNG,F.A.Q,Kilogram,1.8,1.2,
30724123,2026-07-11,2026-07-11 10:27:23.597507,PULAU PINANG,SEBERANG PERAI UTARA,[PROJEK] TKPM ARA KUDA,Ladang,,Sayur-Sayuran,03,007,SAWI HIJAU (TANAH RENDAH),F.A.Q,Kilogram,2,1.6,
30724124,2026-07-11,2026-07-11 10:27:23.597507,PULAU PINANG,SEBERANG PERAI UTARA,[PROJEK] TKPM ARA KUDA,Ladang,,Sayur-Sayuran,02,010,TERUNG PANJANG / PEPARU (TANAH RENDAH),F.A.Q,Kilogram,3.3,2.3,
30724125,2026-07-11,2026-07-11 10:27:23.597507,PULAU PINANG,SEBERANG PERAI UTARA,[PROJEK] TKPM ARA KUDA,Ladang,,Sayur-Sayuran,02,011,TIMUN HIJAU,F.A.Q,Kilogram,0.9,1.3,
30724126,2026-07-11,2026-07-11 10:27:39.818392,W.P. KUALA LUMPUR,KUALA LUMPUR,PASAR AWAM CHOW KIT,Runcit,26,Sayur-Sayuran,03,001,BAYAM,F.A.Q,Kilogram,4,6.1363635,
30724127,2026-07-11,2026-07-11 10:27:39.818392,W.P. KUALA LUMPUR,KUALA LUMPUR,PASAR AWAM CHOW KIT,Runcit,26,Sayur-Sayuran,02,002,CILI HIJAU,F.A.Q,Kilogram,8,9.466666,
30724128,2026-07-11,2026-07-11 10:27:39.818392,W.P. KUALA LUMPUR,KUALA LUMPUR,PASAR AWAM CHOW KIT,Runcit,26,Sayur-Sayuran,02,002,CILI MERAH (THAILAND),F.A.Q,Kilogram,8,10.666667,
30724129,2026-07-11,2026-07-11 10:27:39.818392,W.P. KUALA LUMPUR,KUALA LUMPUR,PASAR AWAM CHOW KIT,Runcit,26,Sayur-Sayuran,02,002,CILI MERAH KULAI / KULAI HIBRID,F.A.Q,Kilogram,11,13.625,
30724130,2026-07-11,2026-07-11 10:27:39.818392,W.P. KUALA LUMPUR,KUALA LUMPUR,PASAR AWAM CHOW KIT,Runcit,26,Sayur-Sayuran,02,002,CILI MERAH MINYAK,F.A.Q,Kilogram,9,11.388889,
30724131,2026-07-11,2026-07-11 10:27:39.818392,W.P. KUALA LUMPUR,KUALA LUMPUR,PASAR AWAM CHOW KIT,Runcit,26,Sayur-Sayuran,03,009,DAUN BAWANG,F.A.Q,Kilogram,6,7.1666665,
30724132,2026-07-11,2026-07-11 10:27:39.818392,W.P. KUALA LUMPUR,KUALA LUMPUR,PASAR AWAM CHOW KIT,Runcit,26,Sayur-Sayuran,03,015,DAUN SUP (TANAH TINGGI),F.A.Q,Kilogram,20,19.944445,
30724133,2026-07-11,2026-07-11 10:27:39.818392,W.P. KUALA LUMPUR,KUALA LUMPUR,PASAR AWAM CHOW KIT,Runcit,26,Sayur-Sayuran,04,002,KACANG BENDI,F.A.Q,Kilogram,7,7.5454545,
30724134,2026-07-11,2026-07-11 10:27:39.818392,W.P. KUALA LUMPUR,KUALA LUMPUR,PASAR AWAM CHOW KIT,Runcit,26,Sayur-Sayuran,04,003,KACANG BUNCIS,F.A.Q,Kilogram,12,14.125,
30724135,2026-07-11,2026-07-11 10:27:39.818392,W.P. KUALA LUMPUR,KUALA LUMPUR,PASAR AWAM CHOW KIT,Runcit,26,Sayur-Sayuran,04,007,KACANG PANJANG HIJAU,F.A.Q,Kilogram,8,7.2916665,
30724136,2026-07-11,2026-07-11 10:27:39.818392,W.P. KUALA LUMPUR,KUALA LUMPUR,PASAR AWAM CHOW KIT,Runcit,26,Sayur-Sayuran,03,019,KANGKUNG,F.A.Q,Kilogram,4,5.8333335,
30724137,2026-07-11,2026-07-11 10:27:39.818392,W.P. KUALA LUMPUR,KUALA LUMPUR,PASAR AWAM CHOW KIT,Runcit,26,Sayur-Sayuran,03,006,KUBIS BULAT (CHINA),F.A.Q,Kilogram,2.5,3.4117646,
30724138,2026-07-11,2026-07-11 10:27:39.818392,W.P. KUALA LUMPUR,KUALA LUMPUR,PASAR AWAM CHOW KIT,Runcit,26,Sayur-Sayuran,03,006,KUBIS BULAT (TANAH TINGGI),F.A.Q,Kilogram,5,5.4444447,
30724139,2026-07-11,2026-07-11 10:27:39.818392,W.P. KUALA LUMPUR,KUALA LUMPUR,PASAR AWAM CHOW KIT,Runcit,26,Sayur-Sayuran,03,007,SAWI HIJAU (TANAH RENDAH),F.A.Q,Kilogram,5,5.7272725,
30724140,2026-07-11,2026-07-11 10:27:39.818392,W.P. KUALA LUMPUR,KUALA LUMPUR,PASAR AWAM CHOW KIT,Runcit,26,Sayur-Sayuran,03,007,SAWI HIJAU TANAH TINGGI,F.A.Q,Kilogram,6,5.875,
30724141,2026-07-11,2026-07-11 10:27:39.818392,W.P. KUALA LUMPUR,KUALA LUMPUR,PASAR AWAM CHOW KIT,Runcit,26,Sayur-Sayuran,02,010,TERUNG PANJANG / PEPARU (TANAH RENDAH),F.A.Q,Kilogram,6,6.9583335,
30724142,2026-07-11,2026-07-11 10:27:39.818392,W.P. KUALA LUMPUR,KUALA LUMPUR,PASAR AWAM CHOW KIT,Runcit,26,Sayur-Sayuran,02,011,TIMUN HIJAU,F.A.Q,Kilogram,3.5,4.2291665,
30724143,2026-07-11,2026-07-11 10:27:39.818392,W.P. KUALA LUMPUR,KUALA LUMPUR,PASAR AWAM CHOW KIT,Runcit,26,Sayur-Sayuran,02,012,TOMATO (TANAH TINGGI),F.A.Q,Kilogram,8,8.604167,
30724144,2026-07-11,2026-07-11 10:28:45.725278,TERENGGANU,KUALA TERENGGANU,PASAR AWAM CHABANG TIGA,Runcit,,Sayur-Sayuran,03,001,BAYAM,F.A.Q,Kilogram,8,5.81,
30724145,2026-07-11,2026-07-11 10:28:45.769411,TERENGGANU,KUALA TERENGGANU,PASAR AWAM CHABANG TIGA,Runcit,,Sayur-Sayuran,02,002,CILI HIJAU,F.A.Q,Kilogram,12,13.18,
30724146,2026-07-11,2026-07-11 10:28:45.817838,TERENGGANU,KUALA TERENGGANU,PASAR AWAM CHABANG TIGA,Runcit,,Sayur-Sayuran,02,002,CILI MERAH (VIETNAM),F.A.Q,Kilogram,13,8.1,
30724147,2026-07-11,2026-07-11 10:28:45.86116,TERENGGANU,KUALA TERENGGANU,PASAR AWAM CHABANG TIGA,Runcit,,Sayur-Sayuran,02,002,CILI MERAH KULAI / KULAI HIBRID,F.A.Q,Kilogram,13,16.31,
30724148,2026-07-11,2026-07-11 10:28:45.909092,TERENGGANU,KUALA TERENGGANU,PASAR AWAM CHABANG TIGA,Runcit,,Sayur-Sayuran,02,002,CILI MERAH MINYAK,F.A.Q,Kilogram,11,14.1,
30724149,2026-07-11,2026-07-11 10:28:45.97948,TERENGGANU,KUALA TERENGGANU,PASAR AWAM CHABANG TIGA,Runcit,,Sayur-Sayuran,03,009,DAUN BAWANG,F.A.Q,Kilogram,8,12.95,
30724150,2026-07-11,2026-07-11 10:28:46.021126,TERENGGANU,KUALA TERENGGANU,PASAR AWAM CHABANG TIGA,Runcit,,Sayur-Sayuran,03,015,DAUN SUP (TANAH TINGGI),F.A.Q,Kilogram,18,13.35,
30724151,2026-07-11,2026-07-11 10:28:46.077014,TERENGGANU,KUALA TERENGGANU,PASAR AWAM CHABANG TIGA,Runcit,,Sayur-Sayuran,04,002,KACANG BENDI,F.A.Q,Kilogram,8.5,10.44,
30724152,2026-07-11,2026-07-11 10:28:46.136675,TERENGGANU,KUALA TERENGGANU,PASAR AWAM CHABANG TIGA,Runcit,,Sayur-Sayuran,04,003,KACANG BUNCIS,F.A.Q,Kilogram,12,13.06,
30724153,2026-07-11,2026-07-11 10:28:46.189434,TERENGGANU,KUALA TERENGGANU,PASAR AWAM CHABANG TIGA,Runcit,,Sayur-Sayuran,04,007,KACANG PANJANG HIJAU,F.A.Q,Kilogram,8,7.99,
30724154,2026-07-11,2026-07-11 10:28:46.229044,TERENGGANU,KUALA TERENGGANU,PASAR AWAM CHABANG TIGA,Runcit,,Sayur-Sayuran,03,019,KANGKUNG,F.A.Q,Kilogram,6.5,5.03,
30724155,2026-07-11,2026-07-11 10:28:46.297072,TERENGGANU,KUALA TERENGGANU,PASAR AWAM CHABANG TIGA,Runcit,,Sayur-Sayuran,03,006,KUBIS BULAT (CHINA),F.A.Q,Kilogram,4,3.29,
30724156,2026-07-11,2026-07-11 10:28:46.341412,TERENGGANU,KUALA TERENGGANU,PASAR AWAM CHABANG TIGA,Runcit,,Sayur-Sayuran,03,006,KUBIS BULAT (TANAH TINGGI),F.A.Q,Kilogram,4.5,4.58,
30724157,2026-07-11,2026-07-11 10:28:46.388722,TERENGGANU,KUALA TERENGGANU,PASAR AWAM CHABANG TIGA,Runcit,,Sayur-Sayuran,03,007,SAWI HIJAU (IMPORT),F.A.Q,Kilogram,5,4,
30724158,2026-07-11,2026-07-11 10:28:46.457119,TERENGGANU,KUALA TERENGGANU,PASAR AWAM CHABANG TIGA,Runcit,,Sayur-Sayuran,03,007,SAWI HIJAU (TANAH RENDAH),F.A.Q,Kilogram,6.5,6.22,
30724159,2026-07-11,2026-07-11 10:28:46.500877,TERENGGANU,KUALA TERENGGANU,PASAR AWAM CHABANG TIGA,Runcit,,Sayur-Sayuran,03,007,SAWI HIJAU TANAH TINGGI,F.A.Q,Kilogram,6.5,4,
30724160,2026-07-11,2026-07-11 10:28:46.549219,TERENGGANU,KUALA TERENGGANU,PASAR AWAM CHABANG TIGA,Runcit,,Sayur-Sayuran,02,010,TERUNG PANJANG / PEPARU (IMPORT),F.A.Q,Kilogram,7,9,
30724161,2026-07-11,2026-07-11 10:28:46.617061,TERENGGANU,KUALA TERENGGANU,PASAR AWAM CHABANG TIGA,Runcit,,Sayur-Sayuran,02,010,TERUNG PANJANG / PEPARU (TANAH RENDAH),F.A.Q,Kilogram,7,9.47,
30724162,2026-07-11,2026-07-11 10:28:46.720761,TERENGGANU,KUALA TERENGGANU,PASAR AWAM CHABANG TIGA,Runcit,,Sayur-Sayuran,02,011,TIMUN HIJAU,F.A.Q,Kilogram,4,4.08,
30724163,2026-07-11,2026-07-11 10:28:46.776386,TERENGGANU,KUALA TERENGGANU,PASAR AWAM CHABANG TIGA,Runcit,,Sayur-Sayuran,02,012,TOMATO (TANAH TINGGI),F.A.Q,Kilogram,9,8.71,
30724164,2026-07-11,2026-07-11 10:28:46.828953,TERENGGANU,KUALA TERENGGANU,PASAR AWAM CHABANG TIGA,Runcit,,Sayur-Sayuran,02,012,TOMATO IMPORT,F.A.Q,Kilogram,6,6.17,
30724165,2026-07-11,2026-07-11 10:29:48.261812,W.P. KUALA LUMPUR,KUALA LUMPUR,PASAR AWAM CHOW KIT,Runcit,26,Sayur-Sayuran,03,001,BAYAM,F.A.Q,Kilogram,4,6.1363635,
30724166,2026-07-11,2026-07-11 10:29:48.261812,W.P. KUALA LUMPUR,KUALA LUMPUR,PASAR AWAM CHOW KIT,Runcit,26,Sayur-Sayuran,02,002,CILI HIJAU,F.A.Q,Kilogram,10,9.466666,
30724167,2026-07-11,2026-07-11 10:29:48.261812,W.P. KUALA LUMPUR,KUALA LUMPUR,PASAR AWAM CHOW KIT,Runcit,26,Sayur-Sayuran,02,002,CILI MERAH (CHINA),F.A.Q,Kilogram,8,10.8,
30724168,2026-07-11,2026-07-11 10:29:48.261812,W.P. KUALA LUMPUR,KUALA LUMPUR,PASAR AWAM CHOW KIT,Runcit,26,Sayur-Sayuran,02,002,CILI MERAH (THAILAND),F.A.Q,Kilogram,10,10.666667,
30724169,2026-07-11,2026-07-11 10:29:48.261812,W.P. KUALA LUMPUR,KUALA LUMPUR,PASAR AWAM CHOW KIT,Runcit,26,Sayur-Sayuran,02,002,CILI MERAH KULAI / KULAI HIBRID,F.A.Q,Kilogram,13,13.625,
30724170,2026-07-11,2026-07-11 10:29:48.261812,W.P. KUALA LUMPUR,KUALA LUMPUR,PASAR AWAM CHOW KIT,Runcit,26,Sayur-Sayuran,02,002,CILI MERAH MINYAK,F.A.Q,Kilogram,10,11.388889,
30724171,2026-07-11,2026-07-11 10:29:48.261812,W.P. KUALA LUMPUR,KUALA LUMPUR,PASAR AWAM CHOW KIT,Runcit,26,Sayur-Sayuran,03,009,DAUN BAWANG,F.A.Q,Kilogram,7,7.1666665,
30724172,2026-07-11,2026-07-11 10:29:48.261812,W.P. KUALA LUMPUR,KUALA LUMPUR,PASAR AWAM CHOW KIT,Runcit,26,Sayur-Sayuran,03,015,DAUN SUP (TANAH TINGGI),F.A.Q,Kilogram,20,19.944445,
30724173,2026-07-11,2026-07-11 10:29:48.261812,W.P. KUALA LUMPUR,KUALA LUMPUR,PASAR AWAM CHOW KIT,Runcit,26,Sayur-Sayuran,04,002,KACANG BENDI,F.A.Q,Kilogram,7,7.5454545,
30724174,2026-07-11,2026-07-11 10:29:48.261812,W.P. KUALA LUMPUR,KUALA LUMPUR,PASAR AWAM CHOW KIT,Runcit,26,Sayur-Sayuran,04,003,KACANG BUNCIS,F.A.Q,Kilogram,12,14.125,
30724175,2026-07-11,2026-07-11 10:29:48.261812,W.P. KUALA LUMPUR,KUALA LUMPUR,PASAR AWAM CHOW KIT,Runcit,26,Sayur-Sayuran,04,007,KACANG PANJANG HIJAU,F.A.Q,Kilogram,8,7.2916665,
30724176,2026-07-11,2026-07-11 10:29:48.261812,W.P. KUALA LUMPUR,KUALA LUMPUR,PASAR AWAM CHOW KIT,Runcit,26,Sayur-Sayuran,03,019,KANGKUNG,F.A.Q,Kilogram,4,5.8333335,
30724177,2026-07-11,2026-07-11 10:29:48.261812,W.P. KUALA LUMPUR,KUALA LUMPUR,PASAR AWAM CHOW KIT,Runcit,26,Sayur-Sayuran,03,006,KUBIS BULAT (CHINA),F.A.Q,Kilogram,3,3.4117646,
30724178,2026-07-11,2026-07-11 10:29:48.261812,W.P. KUALA LUMPUR,KUALA LUMPUR,PASAR AWAM CHOW KIT,Runcit,26,Sayur-Sayuran,03,006,KUBIS BULAT (TANAH TINGGI),F.A.Q,Kilogram,5,5.4444447,
30724179,2026-07-11,2026-07-11 10:29:48.261812,W.P. KUALA LUMPUR,KUALA LUMPUR,PASAR AWAM CHOW KIT,Runcit,26,Sayur-Sayuran,03,007,SAWI HIJAU (TANAH RENDAH),F.A.Q,Kilogram,5,5.7272725,
30724180,2026-07-11,2026-07-11 10:29:48.261812,W.P. KUALA LUMPUR,KUALA LUMPUR,PASAR AWAM CHOW KIT,Runcit,26,Sayur-Sayuran,03,007,SAWI HIJAU TANAH TINGGI,F.A.Q,Kilogram,5,5.875,
30724181,2026-07-11,2026-07-11 10:29:48.261812,W.P. KUALA LUMPUR,KUALA LUMPUR,PASAR AWAM CHOW KIT,Runcit,26,Sayur-Sayuran,02,010,TERUNG PANJANG / PEPARU (TANAH RENDAH),F.A.Q,Kilogram,6,6.9583335,
30724182,2026-07-11,2026-07-11 10:29:48.261812,W.P. KUALA LUMPUR,KUALA LUMPUR,PASAR AWAM CHOW KIT,Runcit,26,Sayur-Sayuran,02,011,TIMUN HIJAU,F.A.Q,Kilogram,4,4.2291665,
30724183,2026-07-11,2026-07-11 10:29:48.261812,W.P. KUALA LUMPUR,KUALA LUMPUR,PASAR AWAM CHOW KIT,Runcit,26,Sayur-Sayuran,02,012,TOMATO (TANAH TINGGI),F.A.Q,Kilogram,8,8.604167,
30724184,2026-07-11,2026-07-11 10:32:17.509004,PULAU PINANG,SEBERANG PERAI TENGAH,PASAR BORONG BUKIT MERTAJAM,Borong,20,Sayur-Sayuran,03,001,BAYAM,F.A.Q,Kilogram,4,2.7,
30724185,2026-07-11,2026-07-11 10:32:17.509004,PULAU PINANG,SEBERANG PERAI TENGAH,PASAR BORONG BUKIT MERTAJAM,Borong,20,Sayur-Sayuran,02,002,CILI HIJAU,F.A.Q,Kilogram,9,8.454545,
30724186,2026-07-11,2026-07-11 10:32:17.509004,PULAU PINANG,SEBERANG PERAI TENGAH,PASAR BORONG BUKIT MERTAJAM,Borong,20,Sayur-Sayuran,02,002,CILI MERAH KULAI / KULAI HIBRID,F.A.Q,Kilogram,16,12.9,
30724187,2026-07-11,2026-07-11 10:32:17.509004,PULAU PINANG,SEBERANG PERAI TENGAH,PASAR BORONG BUKIT MERTAJAM,Borong,20,Sayur-Sayuran,02,002,CILI MERAH KULAI / KULAI HIBRID,F.A.Q,Kilogram,11,12.9,
30724188,2026-07-11,2026-07-11 10:32:17.509004,PULAU PINANG,SEBERANG PERAI TENGAH,PASAR BORONG BUKIT MERTAJAM,Borong,20,Sayur-Sayuran,02,002,CILI MERAH MINYAK,F.A.Q,Kilogram,12,10.181818,
30724189,2026-07-11,2026-07-11 10:32:17.509004,PULAU PINANG,SEBERANG PERAI TENGAH,PASAR BORONG BUKIT MERTAJAM,Borong,20,Sayur-Sayuran,03,009,DAUN BAWANG,F.A.Q,Kilogram,3,9.7,
30724190,2026-07-11,2026-07-11 10:32:17.509004,PULAU PINANG,SEBERANG PERAI TENGAH,PASAR BORONG BUKIT MERTAJAM,Borong,20,Sayur-Sayuran,03,015,DAUN SUP (TANAH TINGGI),F.A.Q,Kilogram,14.5,12.5,
30724191,2026-07-11,2026-07-11 10:32:17.509004,PULAU PINANG,SEBERANG PERAI TENGAH,PASAR BORONG BUKIT MERTAJAM,Borong,20,Sayur-Sayuran,04,002,KACANG BENDI,F.A.Q,Kilogram,3.7,3.9,
30724192,2026-07-11,2026-07-11 10:32:17.509004,PULAU PINANG,SEBERANG PERAI TENGAH,PASAR BORONG BUKIT MERTAJAM,Borong,20,Sayur-Sayuran,04,003,KACANG BUNCIS,F.A.Q,Kilogram,9,7.5833335,
30724193,2026-07-11,2026-07-11 10:32:17.509004,PULAU PINANG,SEBERANG PERAI TENGAH,PASAR BORONG BUKIT MERTAJAM,Borong,20,Sayur-Sayuran,04,003,KACANG BUNCIS,F.A.Q,Kilogram,5,7.5833335,
30724194,2026-07-11,2026-07-11 10:32:17.509004,PULAU PINANG,SEBERANG PERAI TENGAH,PASAR BORONG BUKIT MERTAJAM,Borong,20,Sayur-Sayuran,04,007,KACANG PANJANG HIJAU,F.A.Q,Kilogram,5.7,4.575,
30724195,2026-07-11,2026-07-11 10:32:17.509004,PULAU PINANG,SEBERANG PERAI TENGAH,PASAR BORONG BUKIT MERTAJAM,Borong,20,Sayur-Sayuran,03,019,KANGKUNG,F.A.Q,Kilogram,3.7,1.75,
30724196,2026-07-11,2026-07-11 10:32:17.509004,PULAU PINANG,SEBERANG PERAI TENGAH,PASAR BORONG BUKIT MERTAJAM,Borong,20,Sayur-Sayuran,03,006,KUBIS BULAT (CHINA),F.A.Q,Kilogram,1.4,1.3666667,
30724197,2026-07-11,2026-07-11 10:32:17.509004,PULAU PINANG,SEBERANG PERAI TENGAH,PASAR BORONG BUKIT MERTAJAM,Borong,20,Sayur-Sayuran,03,006,KUBIS BULAT (INDONESIA),F.A.Q,Kilogram,1.5,1.4428571,
30724198,2026-07-11,2026-07-11 10:32:17.509004,PULAU PINANG,SEBERANG PERAI TENGAH,PASAR BORONG BUKIT MERTAJAM,Borong,20,Sayur-Sayuran,03,006,KUBIS BULAT (TANAH TINGGI),F.A.Q,Kilogram,3,2.8,
30724199,2026-07-11,2026-07-11 10:32:17.509004,PULAU PINANG,SEBERANG PERAI TENGAH,PASAR BORONG BUKIT MERTAJAM,Borong,20,Sayur-Sayuran,03,007,SAWI HIJAU (TANAH RENDAH),F.A.Q,Kilogram,3.5,2.7,
30724200,2026-07-11,2026-07-11 10:32:17.509004,PULAU PINANG,SEBERANG PERAI TENGAH,PASAR BORONG BUKIT MERTAJAM,Borong,20,Sayur-Sayuran,03,007,SAWI HIJAU TANAH TINGGI,F.A.Q,Kilogram,3.5,3.2,
30724201,2026-07-11,2026-07-11 10:32:17.509004,PULAU PINANG,SEBERANG PERAI TENGAH,PASAR BORONG BUKIT MERTAJAM,Borong,20,Sayur-Sayuran,02,010,TERUNG PANJANG / PEPARU (TANAH RENDAH),F.A.Q,Kilogram,5,4.0333333,
30724202,2026-07-11,2026-07-11 10:32:17.509004,PULAU PINANG,SEBERANG PERAI TENGAH,PASAR BORONG BUKIT MERTAJAM,Borong,20,Sayur-Sayuran,02,010,TERUNG PANJANG / PEPARU (TANAH RENDAH),F.A.Q,Kilogram,3.5,4.0333333,
30724203,2026-07-11,2026-07-11 10:32:17.509004,PULAU PINANG,SEBERANG PERAI TENGAH,PASAR BORONG BUKIT MERTAJAM,Borong,20,Sayur-Sayuran,02,011,TIMUN HIJAU,F.A.Q,Kilogram,2.2,1.9545455,
30724204,2026-07-11,2026-07-11 10:32:17.509004,PULAU PINANG,SEBERANG PERAI TENGAH,PASAR BORONG BUKIT MERTAJAM,Borong,20,Sayur-Sayuran,02,011,TIMUN HIJAU,F.A.Q,Kilogram,1.2,1.9545455,
30724205,2026-07-11,2026-07-11 10:32:17.509004,PULAU PINANG,SEBERANG PERAI TENGAH,PASAR BORONG BUKIT MERTAJAM,Borong,20,Sayur-Sayuran,02,012,TOMATO (TANAH TINGGI),F.A.Q,Kilogram,7,5.428571,
30724206,2026-07-11,2026-07-11 10:32:17.509004,PULAU PINANG,SEBERANG PERAI TENGAH,PASAR BORONG BUKIT MERTAJAM,Borong,20,Sayur-Sayuran,02,012,TOMATO (TANAH TINGGI),F.A.Q,Kilogram,5.5,5.428571,
30724207,2026-07-11,2026-07-11 10:35:29.288545,TERENGGANU,KUALA TERENGGANU,PASAR AWAM CHABANG TIGA,Runcit,,Lain-Lain Makanan Proses,15,001,SANTAN PEKAT,F.A.Q,Kilogram,16,11.7,
30724208,2026-07-11,2026-07-11 10:35:29.351677,TERENGGANU,KUALA TERENGGANU,PASAR AWAM CHABANG TIGA,Runcit,,Tanaman Kontan,05,001,KELAPA DIKUPAS,SEDANG,Biji,3,2.33,
30724209,2026-07-11,2026-07-11 10:35:58.376845,TERENGGANU,KUALA TERENGGANU,PASAR AWAM CHABANG TIGA,Runcit,,Ternakan,02,003,DAGING LEMBU PEJAL,F.A.Q,Kilogram,28,39.05,
30724210,2026-07-11,2026-07-11 10:36:36.758645,TERENGGANU,KUALA TERENGGANU,PASAR AWAM CHABANG TIGA,Runcit,,Ternakan,02,003,DAGING LEMBU PEJAL,F.A.Q,Kilogram,28,39.05,
30724211,2026-07-11,2026-07-11 10:36:47.13741,TERENGGANU,KUALA TERENGGANU,PASAR AWAM CHABANG TIGA,Runcit,,Lain-Lain Makanan Proses,15,001,SANTAN PEKAT,F.A.Q,Kilogram,16,11.7,
30724212,2026-07-11,2026-07-11 10:37:09.474799,TERENGGANU,KUALA TERENGGANU,PASAR AWAM CHABANG TIGA,Runcit,,Buah-Buahan,02,005,BETIK SEKAKI,F.A.Q,Kilogram,7,4.98,
30724213,2026-07-11,2026-07-11 10:37:09.59992,TERENGGANU,KUALA TERENGGANU,PASAR AWAM CHABANG TIGA,Runcit,,Buah-Buahan,02,023,NANAS JOSAPINE (AC5),F.A.Q,Kilogram,5,4,
30724214,2026-07-11,2026-07-11 10:37:09.711885,TERENGGANU,KUALA TERENGGANU,PASAR AWAM CHABANG TIGA,Runcit,,Buah-Buahan,02,028,PISANG BERANGAN,F.A.Q,Kilogram,7,5.62,
30724215,2026-07-11,2026-07-11 10:37:09.873302,TERENGGANU,KUALA TERENGGANU,PASAR AWAM CHABANG TIGA,Runcit,,Buah-Buahan,02,028,PISANG MAS,F.A.Q,Kilogram,7,5.43,
30724216,2026-07-11,2026-07-11 10:37:10.01606,TERENGGANU,KUALA TERENGGANU,PASAR AWAM CHABANG TIGA,Runcit,,Buah-Buahan,02,034,TEMBIKAI MERAH TANPA BIJI,F.A.Q,Kilogram,3.5,4.75,
30724217,2026-07-11,2026-07-11 10:43:29.36117,NEGERI SEMBILAN,SEREMBAN,PASAR BESAR SEREMBAN - BAHAGIAN RUNCIT,Runcit,26,Sayur-Sayuran,05,001,BAWANG BESAR KUNING / HOLLAND,F.A.Q,Kilogram,4,4.133333,
30724218,2026-07-11,2026-07-11 10:43:29.36117,NEGERI SEMBILAN,SEREMBAN,PASAR BESAR SEREMBAN - BAHAGIAN RUNCIT,Runcit,26,Sayur-Sayuran,05,001,BAWANG BESAR KUNING / HOLLAND,F.A.Q,Kilogram,3.8,4.133333,
30724219,2026-07-11,2026-07-11 10:43:29.36117,NEGERI SEMBILAN,SEREMBAN,PASAR BESAR SEREMBAN - BAHAGIAN RUNCIT,Runcit,26,Sayur-Sayuran,05,001,BAWANG BESAR KUNING / HOLLAND,F.A.Q,Kilogram,4.5,4.133333,
30724220,2026-07-11,2026-07-11 10:43:29.36117,NEGERI SEMBILAN,SEREMBAN,PASAR BESAR SEREMBAN - BAHAGIAN RUNCIT,Runcit,26,Sayur-Sayuran,05,001,BAWANG BESAR MERAH (INDIA),F.A.Q,Kilogram,3.9,3.7541666,
30724221,2026-07-11,2026-07-11 10:43:29.36117,NEGERI SEMBILAN,SEREMBAN,PASAR BESAR SEREMBAN - BAHAGIAN RUNCIT,Runcit,26,Sayur-Sayuran,05,001,BAWANG BESAR MERAH (INDIA),F.A.Q,Kilogram,3.6,3.7541666,
30724222,2026-07-11,2026-07-11 10:43:29.36117,NEGERI SEMBILAN,SEREMBAN,PASAR BESAR SEREMBAN - BAHAGIAN RUNCIT,Runcit,26,Sayur-Sayuran,05,001,BAWANG BESAR MERAH (INDIA),F.A.Q,Kilogram,4.3,3.7541666,
30724223,2026-07-11,2026-07-11 10:43:29.36117,NEGERI SEMBILAN,SEREMBAN,PASAR BESAR SEREMBAN - BAHAGIAN RUNCIT,Runcit,26,Sayur-Sayuran,05,001,BAWANG MERAH / KECIL (INDIA),F.A.Q,Kilogram,7,6.75,
30724224,2026-07-11,2026-07-11 10:43:29.36117,NEGERI SEMBILAN,SEREMBAN,PASAR BESAR SEREMBAN - BAHAGIAN RUNCIT,Runcit,26,Sayur-Sayuran,05,001,BAWANG MERAH / KECIL (INDIA),F.A.Q,Kilogram,6,6.75,
30724225,2026-07-11,2026-07-11 10:43:29.36117,NEGERI SEMBILAN,SEREMBAN,PASAR BESAR SEREMBAN - BAHAGIAN RUNCIT,Runcit,26,Sayur-Sayuran,05,001,BAWANG MERAH / KECIL (INDIA),F.A.Q,Kilogram,8,6.75,
30724226,2026-07-11,2026-07-11 10:43:29.36117,NEGERI SEMBILAN,SEREMBAN,PASAR BESAR SEREMBAN - BAHAGIAN RUNCIT,Runcit,26,Sayur-Sayuran,05,001,BAWANG MERAH / KECIL (THAI),F.A.Q,Kilogram,13,12.833333,
30724227,2026-07-11,2026-07-11 10:43:29.36117,NEGERI SEMBILAN,SEREMBAN,PASAR BESAR SEREMBAN - BAHAGIAN RUNCIT,Runcit,26,Sayur-Sayuran,05,001,BAWANG MERAH / KECIL (THAI),F.A.Q,Kilogram,12.4,12.833333,
30724228,2026-07-11,2026-07-11 10:43:29.36117,NEGERI SEMBILAN,SEREMBAN,PASAR BESAR SEREMBAN - BAHAGIAN RUNCIT,Runcit,26,Sayur-Sayuran,05,001,BAWANG MERAH / KECIL (THAI),F.A.Q,Kilogram,14,12.833333,
30724229,2026-07-11,2026-07-11 10:43:29.36117,NEGERI SEMBILAN,SEREMBAN,PASAR BESAR SEREMBAN - BAHAGIAN RUNCIT,Runcit,26,Sayur-Sayuran,05,001,BAWANG MERAH ROSE,F.A.Q,Kilogram,7.5,8,
30724230,2026-07-11,2026-07-11 10:43:29.36117,NEGERI SEMBILAN,SEREMBAN,PASAR BESAR SEREMBAN - BAHAGIAN RUNCIT,Runcit,26,Sayur-Sayuran,05,001,BAWANG MERAH ROSE,F.A.Q,Kilogram,7,8,
30724231,2026-07-11,2026-07-11 10:43:29.36117,NEGERI SEMBILAN,SEREMBAN,PASAR BESAR SEREMBAN - BAHAGIAN RUNCIT,Runcit,26,Sayur-Sayuran,05,001,BAWANG MERAH ROSE,F.A.Q,Kilogram,8,8,
30724232,2026-07-11,2026-07-11 10:43:29.36117,NEGERI SEMBILAN,SEREMBAN,PASAR BESAR SEREMBAN - BAHAGIAN RUNCIT,Runcit,26,Sayur-Sayuran,05,001,BAWANG PUTIH (CHINA),F.A.Q,Kilogram,9.8,10.566667,
30724233,2026-07-11,2026-07-11 10:43:29.36117,NEGERI SEMBILAN,SEREMBAN,PASAR BESAR SEREMBAN - BAHAGIAN RUNCIT,Runcit,26,Sayur-Sayuran,05,001,BAWANG PUTIH (CHINA),F.A.Q,Kilogram,9.4,10.566667,
30724234,2026-07-11,2026-07-11 10:43:29.36117,NEGERI SEMBILAN,SEREMBAN,PASAR BESAR SEREMBAN - BAHAGIAN RUNCIT,Runcit,26,Sayur-Sayuran,05,001,BAWANG PUTIH (CHINA),F.A.Q,Kilogram,10.3,10.566667,
30724235,2026-07-11,2026-07-11 10:43:29.36117,NEGERI SEMBILAN,SEREMBAN,PASAR BESAR SEREMBAN - BAHAGIAN RUNCIT,Runcit,26,Sayur-Sayuran,05,009,UBI KENTANG (IMPORT),F.A.Q,Kilogram,3.4,3.4833333,
30724236,2026-07-11,2026-07-11 10:43:29.36117,NEGERI SEMBILAN,SEREMBAN,PASAR BESAR SEREMBAN - BAHAGIAN RUNCIT,Runcit,26,Sayur-Sayuran,05,009,UBI KENTANG (IMPORT),F.A.Q,Kilogram,3.3,3.4833333,
30724237,2026-07-11,2026-07-11 10:43:29.36117,NEGERI SEMBILAN,SEREMBAN,PASAR BESAR SEREMBAN - BAHAGIAN RUNCIT,Runcit,26,Sayur-Sayuran,05,009,UBI KENTANG (IMPORT),F.A.Q,Kilogram,3.6,3.4833333,
30724238,2026-07-11,2026-07-11 10:43:29.36117,NEGERI SEMBILAN,SEREMBAN,PASAR BESAR SEREMBAN - BAHAGIAN RUNCIT,Runcit,26,Sayur-Sayuran,05,009,UBI KENTANG HOLLAND,F.A.Q,Kilogram,4.5,4.4333334,
30724239,2026-07-11,2026-07-11 10:43:29.36117,NEGERI SEMBILAN,SEREMBAN,PASAR BESAR SEREMBAN - BAHAGIAN RUNCIT,Runcit,26,Sayur-Sayuran,05,009,UBI KENTANG HOLLAND,F.A.Q,Kilogram,4,4.4333334,
30724240,2026-07-11,2026-07-11 10:43:29.36117,NEGERI SEMBILAN,SEREMBAN,PASAR BESAR SEREMBAN - BAHAGIAN RUNCIT,Runcit,26,Sayur-Sayuran,05,009,UBI KENTANG HOLLAND,F.A.Q,Kilogram,4.6,4.4333334,
30724241,2026-07-11,2026-07-11 10:59:32.245819,PERAK,KINTA,PASAR BORONG KUALA PARI,Borong,20,Ternakan,03,002,AYAM PROSES STANDARD,F.A.Q,Kilogram,9.1,9.15,
30724242,2026-07-11,2026-07-11 11:00:19.040075,PERAK,KINTA,[PASAR BORONG] JALAN LAXAMANA,Borong,20,Ternakan,02,003,DAGING LEMBU PEJAL,F.A.Q,Kilogram,30,29.4375,
30724243,2026-07-11,2026-07-11 11:00:19.040075,PERAK,KINTA,[PASAR BORONG] JALAN LAXAMANA,Borong,20,Ternakan,02,003,DAGING LEMBU PEJAL,F.A.Q,Kilogram,28,29.4375,
30724244,2026-07-11,2026-07-11 11:00:56.136916,PERAK,KINTA,PASAR BESAR IPOH,Runcit,26,Ternakan,03,002,AYAM PROSES STANDARD,F.A.Q,Kilogram,10.8,10.933333,
30724245,2026-07-11,2026-07-11 11:00:56.136916,PERAK,KINTA,PASAR BESAR IPOH,Runcit,26,Ternakan,02,003,DAGING LEMBU PEJAL,F.A.Q,Kilogram,38,38,
30724246,2026-07-11,2026-07-11 11:01:34.141891,PERAK,KINTA,LADANG/KEBUN IPOH,Ladang,,Ternakan,01,003,AYAM HIDUP,F.A.Q,Kilogram,6.5,6.1363635,
30724247,2026-07-11,2026-07-11 11:02:07.619177,PERAK,KINTA,[PASAR BORONG] JALAN LAXAMANA,Borong,20,Tanaman Kontan,05,001,KELAPA DIKUPAS,SEDANG,Biji,2.1,2.1116667,
30724248,2026-07-11,2026-07-11 11:02:40.753407,PERAK,KINTA,PASAR BESAR IPOH,Runcit,26,Lain-Lain Makanan Proses,15,001,SANTAN PEKAT,F.A.Q,Kilogram,15,15,
30724249,2026-07-11,2026-07-11 11:02:50.549008,PERAK,KINTA,PASAR BESAR IPOH,Runcit,26,Tanaman Kontan,05,001,KELAPA DIKUPAS,SEDANG,Biji,3,3,
30724250,2026-07-11,2026-07-11 11:03:14.651385,PERAK,KINTA,LADANG/KEBUN IPOH,Ladang,,Tanaman Kontan,05,001,KELAPA DIKUPAS,SEDANG,Biji,1.5,1.5,
30724251,2026-07-11,2026-07-11 11:06:52.923085,PERAK,KINTA,PASAR BORONG KUALA PARI,Borong,20,Sayur-Sayuran,05,001,BAWANG BESAR KUNING / HOLLAND,F.A.Q,Kilogram,1.8,1.7416667,
30724252,2026-07-11,2026-07-11 11:06:52.923085,PERAK,KINTA,PASAR BORONG KUALA PARI,Borong,20,Sayur-Sayuran,05,001,BAWANG BESAR KUNING / HOLLAND,F.A.Q,Kilogram,1.8,1.7416667,
30724253,2026-07-11,2026-07-11 11:06:52.923085,PERAK,KINTA,PASAR BORONG KUALA PARI,Borong,20,Sayur-Sayuran,05,001,BAWANG BESAR MERAH (INDIA),F.A.Q,Kilogram,1.8,1.7166667,
30724254,2026-07-11,2026-07-11 11:06:52.923085,PERAK,KINTA,PASAR BORONG KUALA PARI,Borong,20,Sayur-Sayuran,05,001,BAWANG BESAR MERAH (INDIA),F.A.Q,Kilogram,1.8,1.7166667,
30724255,2026-07-11,2026-07-11 11:06:52.923085,PERAK,KINTA,PASAR BORONG KUALA PARI,Borong,20,Sayur-Sayuran,05,001,BAWANG MERAH / KECIL (THAI),F.A.Q,Kilogram,9.5,9,
30724256,2026-07-11,2026-07-11 11:06:52.923085,PERAK,KINTA,PASAR BORONG KUALA PARI,Borong,20,Sayur-Sayuran,05,001,BAWANG MERAH / KECIL (THAI),F.A.Q,Kilogram,9.5,9,
30724257,2026-07-11,2026-07-11 11:06:52.923085,PERAK,KINTA,PASAR BORONG KUALA PARI,Borong,20,Sayur-Sayuran,05,001,BAWANG PUTIH (CHINA),F.A.Q,Kilogram,6,5.8625,
30724258,2026-07-11,2026-07-11 11:06:52.923085,PERAK,KINTA,PASAR BORONG KUALA PARI,Borong,20,Sayur-Sayuran,05,001,BAWANG PUTIH (CHINA),F.A.Q,Kilogram,5.8,5.8625,
30724259,2026-07-11,2026-07-11 11:06:52.923085,PERAK,KINTA,PASAR BORONG KUALA PARI,Borong,20,Sayur-Sayuran,05,009,UBI KENTANG HOLLAND,F.A.Q,Kilogram,1.6,1.6,
30724260,2026-07-11,2026-07-11 11:06:52.923085,PERAK,KINTA,PASAR BORONG KUALA PARI,Borong,20,Sayur-Sayuran,05,009,UBI KENTANG HOLLAND,F.A.Q,Kilogram,1.6,1.6,
30724261,2026-07-11,2026-07-11 11:08:16.287516,PERAK,KINTA,PASAR BESAR IPOH,Runcit,26,Sayur-Sayuran,05,001,BAWANG BESAR KUNING / HOLLAND,F.A.Q,Kilogram,5,4.125,
30724262,2026-07-11,2026-07-11 11:08:16.287516,PERAK,KINTA,PASAR BESAR IPOH,Runcit,26,Sayur-Sayuran,05,001,BAWANG BESAR KUNING / HOLLAND,F.A.Q,Kilogram,4,4.125,
30724263,2026-07-11,2026-07-11 11:08:16.287516,PERAK,KINTA,PASAR BESAR IPOH,Runcit,26,Sayur-Sayuran,05,001,BAWANG BESAR MERAH (INDIA),F.A.Q,Kilogram,4,3.375,
30724264,2026-07-11,2026-07-11 11:08:16.287516,PERAK,KINTA,PASAR BESAR IPOH,Runcit,26,Sayur-Sayuran,05,001,BAWANG BESAR MERAH (INDIA),F.A.Q,Kilogram,3.5,3.375,
30724265,2026-07-11,2026-07-11 11:08:16.287516,PERAK,KINTA,PASAR BESAR IPOH,Runcit,26,Sayur-Sayuran,05,001,BAWANG MERAH / KECIL (THAI),F.A.Q,Kilogram,12,12.083333,
30724266,2026-07-11,2026-07-11 11:08:16.287516,PERAK,KINTA,PASAR BESAR IPOH,Runcit,26,Sayur-Sayuran,05,001,BAWANG MERAH / KECIL (THAI),F.A.Q,Kilogram,12,12.083333,
30724267,2026-07-11,2026-07-11 11:08:16.287516,PERAK,KINTA,PASAR BESAR IPOH,Runcit,26,Sayur-Sayuran,05,001,BAWANG PUTIH (CHINA),F.A.Q,Kilogram,10,9.791667,
30724268,2026-07-11,2026-07-11 11:08:16.287516,PERAK,KINTA,PASAR BESAR IPOH,Runcit,26,Sayur-Sayuran,05,001,BAWANG PUTIH (CHINA),F.A.Q,Kilogram,9.5,9.791667,
30724269,2026-07-11,2026-07-11 11:08:16.287516,PERAK,KINTA,PASAR BESAR IPOH,Runcit,26,Sayur-Sayuran,05,009,UBI KENTANG HOLLAND,F.A.Q,Kilogram,3.5,3.5,
30724270,2026-07-11,2026-07-11 11:08:16.287516,PERAK,KINTA,PASAR BESAR IPOH,Runcit,26,Sayur-Sayuran,05,009,UBI KENTANG HOLLAND,F.A.Q,Kilogram,3.5,3.5,
30724271,2026-07-11,2026-07-11 11:10:02.348546,PERAK,KINTA,[PASAR BORONG] JALAN LAXAMANA,Borong,20,Buah-Buahan,02,005,BETIK SEKAKI,F.A.Q,Kilogram,4,3.6833334,
30724272,2026-07-11,2026-07-11 11:10:02.348546,PERAK,KINTA,[PASAR BORONG] JALAN LAXAMANA,Borong,20,Buah-Buahan,02,005,BETIK SEKAKI,F.A.Q,Kilogram,3.5,3.6833334,
30724273,2026-07-11,2026-07-11 11:10:02.348546,PERAK,KINTA,[PASAR BORONG] JALAN LAXAMANA,Borong,20,Buah-Buahan,02,023,NANAS JOSAPINE (AC5),F.A.Q,Kilogram,3,2.75,
30724274,2026-07-11,2026-07-11 11:10:02.348546,PERAK,KINTA,[PASAR BORONG] JALAN LAXAMANA,Borong,20,Buah-Buahan,02,023,NANAS JOSAPINE (AC5),F.A.Q,Kilogram,2.5,2.75,
30724275,2026-07-11,2026-07-11 11:10:02.348546,PERAK,KINTA,[PASAR BORONG] JALAN LAXAMANA,Borong,20,Buah-Buahan,02,028,PISANG BERANGAN,F.A.Q,Kilogram,4.5,4.2166667,
30724276,2026-07-11,2026-07-11 11:10:02.348546,PERAK,KINTA,[PASAR BORONG] JALAN LAXAMANA,Borong,20,Buah-Buahan,02,028,PISANG BERANGAN,F.A.Q,Kilogram,4,4.2166667,
30724277,2026-07-11,2026-07-11 11:10:02.348546,PERAK,KINTA,[PASAR BORONG] JALAN LAXAMANA,Borong,20,Buah-Buahan,02,028,PISANG MAS,F.A.Q,Kilogram,4.2,4.05,
30724278,2026-07-11,2026-07-11 11:10:02.348546,PERAK,KINTA,[PASAR BORONG] JALAN LAXAMANA,Borong,20,Buah-Buahan,02,028,PISANG MAS,F.A.Q,Kilogram,4,4.05,
30724279,2026-07-11,2026-07-11 11:10:02.348546,PERAK,KINTA,[PASAR BORONG] JALAN LAXAMANA,Borong,20,Buah-Buahan,02,034,TEMBIKAI MERAH TANPA BIJI,F.A.Q,Kilogram,2.4,2.3041666,
30724280,2026-07-11,2026-07-11 11:10:02.348546,PERAK,KINTA,[PASAR BORONG] JALAN LAXAMANA,Borong,20,Buah-Buahan,02,034,TEMBIKAI MERAH TANPA BIJI,F.A.Q,Kilogram,2.15,2.3041666,
30724281,2026-07-11,2026-07-11 11:10:54.840195,PERAK,KINTA,PASAR BESAR IPOH,Runcit,26,Buah-Buahan,02,005,BETIK SEKAKI,F.A.Q,Kilogram,6,5.9166665,
30724282,2026-07-11,2026-07-11 11:10:54.840195,PERAK,KINTA,PASAR BESAR IPOH,Runcit,26,Buah-Buahan,02,005,BETIK SEKAKI,F.A.Q,Kilogram,5.5,5.9166665,
30724283,2026-07-11,2026-07-11 11:10:54.840195,PERAK,KINTA,PASAR BESAR IPOH,Runcit,26,Buah-Buahan,02,023,NANAS JOSAPINE (AC5),F.A.Q,Kilogram,3,3.65,
30724284,2026-07-11,2026-07-11 11:10:54.840195,PERAK,KINTA,PASAR BESAR IPOH,Runcit,26,Buah-Buahan,02,023,NANAS JOSAPINE (AC5),F.A.Q,Kilogram,3.5,3.65,
30724285,2026-07-11,2026-07-11 11:10:54.840195,PERAK,KINTA,PASAR BESAR IPOH,Runcit,26,Buah-Buahan,02,034,TEMBIKAI MERAH TANPA BIJI,F.A.Q,Kilogram,3.8,3.6666667,
30724286,2026-07-11,2026-07-11 11:10:54.840195,PERAK,KINTA,PASAR BESAR IPOH,Runcit,26,Buah-Buahan,02,034,TEMBIKAI MERAH TANPA BIJI,F.A.Q,Kilogram,3.5,3.6666667,
30724287,2026-07-11,2026-07-11 11:11:26.508126,PERAK,KINTA,PASAR BESAR IPOH,Runcit,26,Buah-Buahan,02,028,PISANG BERANGAN,F.A.Q,Kilogram,7.5,7.25,
30724288,2026-07-11,2026-07-11 11:11:26.508126,PERAK,KINTA,PASAR BESAR IPOH,Runcit,26,Buah-Buahan,02,028,PISANG BERANGAN,F.A.Q,Kilogram,7,7.25,
30724289,2026-07-11,2026-07-11 11:11:26.508126,PERAK,KINTA,PASAR BESAR IPOH,Runcit,26,Buah-Buahan,02,028,PISANG MAS,F.A.Q,Kilogram,7,6.75,
30724290,2026-07-11,2026-07-11 11:11:26.508126,PERAK,KINTA,PASAR BESAR IPOH,Runcit,26,Buah-Buahan,02,028,PISANG MAS,F.A.Q,Kilogram,6.5,6.75,
30724291,2026-07-11,2026-07-11 11:12:20.105688,NEGERI SEMBILAN,SEREMBAN,PASAR BESAR SEREMBAN - BAHAGIAN BORONG,Borong,20,Sayur-Sayuran,05,001,BAWANG BESAR KUNING / HOLLAND,F.A.Q,Kilogram,3.2,2.825,
30724292,2026-07-11,2026-07-11 11:12:20.105688,NEGERI SEMBILAN,SEREMBAN,PASAR BESAR SEREMBAN - BAHAGIAN BORONG,Borong,20,Sayur-Sayuran,05,001,BAWANG BESAR KUNING / HOLLAND,F.A.Q,Kilogram,3.5,2.825,
30724293,2026-07-11,2026-07-11 11:12:20.105688,NEGERI SEMBILAN,SEREMBAN,PASAR BESAR SEREMBAN - BAHAGIAN BORONG,Borong,20,Sayur-Sayuran,05,001,BAWANG BESAR KUNING / HOLLAND,F.A.Q,Kilogram,3.1,2.825,
30724294,2026-07-11,2026-07-11 11:12:20.105688,NEGERI SEMBILAN,SEREMBAN,PASAR BESAR SEREMBAN - BAHAGIAN BORONG,Borong,20,Sayur-Sayuran,05,001,BAWANG BESAR MERAH (INDIA),F.A.Q,Kilogram,2.5,2.4958334,
30724295,2026-07-11,2026-07-11 11:12:20.105688,NEGERI SEMBILAN,SEREMBAN,PASAR BESAR SEREMBAN - BAHAGIAN BORONG,Borong,20,Sayur-Sayuran,05,001,BAWANG BESAR MERAH (INDIA),F.A.Q,Kilogram,2.9,2.4958334,
30724296,2026-07-11,2026-07-11 11:12:20.105688,NEGERI SEMBILAN,SEREMBAN,PASAR BESAR SEREMBAN - BAHAGIAN BORONG,Borong,20,Sayur-Sayuran,05,001,BAWANG BESAR MERAH (INDIA),F.A.Q,Kilogram,2.8,2.4958334,
30724297,2026-07-11,2026-07-11 11:12:20.105688,NEGERI SEMBILAN,SEREMBAN,PASAR BESAR SEREMBAN - BAHAGIAN BORONG,Borong,20,Sayur-Sayuran,05,001,BAWANG MERAH / KECIL (INDIA),F.A.Q,Kilogram,4,4.2166667,
30724298,2026-07-11,2026-07-11 11:12:20.105688,NEGERI SEMBILAN,SEREMBAN,PASAR BESAR SEREMBAN - BAHAGIAN BORONG,Borong,20,Sayur-Sayuran,05,001,BAWANG MERAH / KECIL (INDIA),F.A.Q,Kilogram,4.7,4.2166667,
30724299,2026-07-11,2026-07-11 11:12:20.105688,NEGERI SEMBILAN,SEREMBAN,PASAR BESAR SEREMBAN - BAHAGIAN BORONG,Borong,20,Sayur-Sayuran,05,001,BAWANG MERAH / KECIL (INDIA),F.A.Q,Kilogram,4.5,4.2166667,
30724300,2026-07-11,2026-07-11 11:12:20.105688,NEGERI SEMBILAN,SEREMBAN,PASAR BESAR SEREMBAN - BAHAGIAN BORONG,Borong,20,Sayur-Sayuran,05,001,BAWANG MERAH / KECIL (THAI),F.A.Q,Kilogram,9,10.033334,
30724301,2026-07-11,2026-07-11 11:12:20.105688,NEGERI SEMBILAN,SEREMBAN,PASAR BESAR SEREMBAN - BAHAGIAN BORONG,Borong,20,Sayur-Sayuran,05,001,BAWANG MERAH / KECIL (THAI),F.A.Q,Kilogram,10.4,10.033334,
30724302,2026-07-11,2026-07-11 11:12:20.105688,NEGERI SEMBILAN,SEREMBAN,PASAR BESAR SEREMBAN - BAHAGIAN BORONG,Borong,20,Sayur-Sayuran,05,001,BAWANG MERAH / KECIL (THAI),F.A.Q,Kilogram,9.5,10.033334,
30724303,2026-07-11,2026-07-11 11:12:20.105688,NEGERI SEMBILAN,SEREMBAN,PASAR BESAR SEREMBAN - BAHAGIAN BORONG,Borong,20,Sayur-Sayuran,05,001,BAWANG MERAH ROSE,F.A.Q,Kilogram,5.5,6.05,
30724304,2026-07-11,2026-07-11 11:12:20.105688,NEGERI SEMBILAN,SEREMBAN,PASAR BESAR SEREMBAN - BAHAGIAN BORONG,Borong,20,Sayur-Sayuran,05,001,BAWANG MERAH ROSE,F.A.Q,Kilogram,6.3,6.05,
30724305,2026-07-11,2026-07-11 11:12:20.105688,NEGERI SEMBILAN,SEREMBAN,PASAR BESAR SEREMBAN - BAHAGIAN BORONG,Borong,20,Sayur-Sayuran,05,001,BAWANG MERAH ROSE,F.A.Q,Kilogram,5.7,6.05,
30724306,2026-07-11,2026-07-11 11:12:20.105688,NEGERI SEMBILAN,SEREMBAN,PASAR BESAR SEREMBAN - BAHAGIAN BORONG,Borong,20,Sayur-Sayuran,05,001,BAWANG PUTIH (CHINA),F.A.Q,Kilogram,8.5,9.091666,
30724307,2026-07-11,2026-07-11 11:12:20.105688,NEGERI SEMBILAN,SEREMBAN,PASAR BESAR SEREMBAN - BAHAGIAN BORONG,Borong,20,Sayur-Sayuran,05,001,BAWANG PUTIH (CHINA),F.A.Q,Kilogram,9,9.091666,
30724308,2026-07-11,2026-07-11 11:12:20.105688,NEGERI SEMBILAN,SEREMBAN,PASAR BESAR SEREMBAN - BAHAGIAN BORONG,Borong,20,Sayur-Sayuran,05,001,BAWANG PUTIH (CHINA),F.A.Q,Kilogram,8.8,9.091666,
30724309,2026-07-11,2026-07-11 11:12:20.105688,NEGERI SEMBILAN,SEREMBAN,PASAR BESAR SEREMBAN - BAHAGIAN BORONG,Borong,20,Sayur-Sayuran,05,009,UBI KENTANG (IMPORT),F.A.Q,Kilogram,2.4,2.4,
30724310,2026-07-11,2026-07-11 11:12:20.105688,NEGERI SEMBILAN,SEREMBAN,PASAR BESAR SEREMBAN - BAHAGIAN BORONG,Borong,20,Sayur-Sayuran,05,009,UBI KENTANG (IMPORT),F.A.Q,Kilogram,2.5,2.4,
30724311,2026-07-11,2026-07-11 11:12:20.105688,NEGERI SEMBILAN,SEREMBAN,PASAR BESAR SEREMBAN - BAHAGIAN BORONG,Borong,20,Sayur-Sayuran,05,009,UBI KENTANG (IMPORT),F.A.Q,Kilogram,2.3,2.4,
30724312,2026-07-11,2026-07-11 11:12:20.105688,NEGERI SEMBILAN,SEREMBAN,PASAR BESAR SEREMBAN - BAHAGIAN BORONG,Borong,20,Sayur-Sayuran,05,009,UBI KENTANG HOLLAND,F.A.Q,Kilogram,2.8,3.0666666,
30724313,2026-07-11,2026-07-11 11:12:20.105688,NEGERI SEMBILAN,SEREMBAN,PASAR BESAR SEREMBAN - BAHAGIAN BORONG,Borong,20,Sayur-Sayuran,05,009,UBI KENTANG HOLLAND,F.A.Q,Kilogram,3.3,3.0666666,
30724314,2026-07-11,2026-07-11 11:12:20.105688,NEGERI SEMBILAN,SEREMBAN,PASAR BESAR SEREMBAN - BAHAGIAN BORONG,Borong,20,Sayur-Sayuran,05,009,UBI KENTANG HOLLAND,F.A.Q,Kilogram,3,3.0666666,
30724315,2026-07-11,2026-07-11 11:12:40.78097,PERAK,KINTA,LADANG/KEBUN IPOH,Ladang,,Buah-Buahan,02,005,BETIK SEKAKI,F.A.Q,Kilogram,2.1,1.9916667,
30724316,2026-07-11,2026-07-11 11:12:40.78097,PERAK,KINTA,LADANG/KEBUN IPOH,Ladang,,Buah-Buahan,02,005,BETIK SEKAKI,F.A.Q,Kilogram,1.9,1.9916667,
30724317,2026-07-11,2026-07-11 11:12:40.78097,PERAK,KINTA,LADANG/KEBUN IPOH,Ladang,,Buah-Buahan,02,028,PISANG BERANGAN,F.A.Q,Kilogram,2.5,2.4,
30724318,2026-07-11,2026-07-11 11:12:40.78097,PERAK,KINTA,LADANG/KEBUN IPOH,Ladang,,Buah-Buahan,02,028,PISANG BERANGAN,F.A.Q,Kilogram,2.2,2.4,
30724319,2026-07-11,2026-07-11 11:12:40.78097,PERAK,KINTA,LADANG/KEBUN IPOH,Ladang,,Buah-Buahan,02,028,PISANG MAS,F.A.Q,Kilogram,2.4,2.325,
30724320,2026-07-11,2026-07-11 11:12:40.78097,PERAK,KINTA,LADANG/KEBUN IPOH,Ladang,,Buah-Buahan,02,028,PISANG MAS,F.A.Q,Kilogram,2.2,2.325,
30724321,2026-07-11,2026-07-11 11:13:45.564529,PERAK,KINTA,,Borong,20,Ternakan,11,001,TELUR AYAM,A,Biji,0.43,0.41166666,
30724322,2026-07-11,2026-07-11 11:13:45.564529,PERAK,KINTA,,Borong,20,Ternakan,11,001,TELUR AYAM,B,Biji,0.4,0.3625,
30724323,2026-07-11,2026-07-11 11:13:45.564529,PERAK,KINTA,,Borong,20,Ternakan,11,001,TELUR AYAM,C,Biji,0.32,0.32333332,
30724324,2026-07-11,2026-07-11 11:14:37.100504,PERAK,KINTA,PASAR BESAR IPOH,Runcit,26,Ternakan,11,001,TELUR AYAM,A,Biji,0.45,0.44166666,
30724325,2026-07-11,2026-07-11 11:14:37.100504,PERAK,KINTA,PASAR BESAR IPOH,Runcit,26,Ternakan,11,001,TELUR AYAM,B,Biji,0.42,0.38666666,
30724326,2026-07-11,2026-07-11 11:14:37.100504,PERAK,KINTA,PASAR BESAR IPOH,Runcit,26,Ternakan,11,001,TELUR AYAM,C,Biji,0.36,0.36833334,
30724327,2026-07-11,2026-07-11 11:15:39.760123,PERAK,KINTA,LADANG/KEBUN IPOH,Ladang,,Ternakan,11,001,TELUR AYAM,A,Biji,0.4,0.37833333,
30724328,2026-07-11,2026-07-11 11:15:39.760123,PERAK,KINTA,LADANG/KEBUN IPOH,Ladang,,Ternakan,11,001,TELUR AYAM,C,Biji,0.29,0.29666665,
30724329,2026-07-11,2026-07-11 11:15:39.760123,PERAK,KINTA,LADANG/KEBUN IPOH,Ladang,,Ternakan,11,001,TELUR AYAM,B,Biji,0.37,0.33076924,
30724330,2026-07-11,2026-07-11 11:28:18.521552,NEGERI SEMBILAN,SEREMBAN,PASAR BESAR SEREMBAN - BAHAGIAN BORONG,Borong,20,Sayur-Sayuran,03,001,BAYAM,F.A.Q,Kilogram,4,4.0666666,
30724331,2026-07-11,2026-07-11 11:28:18.521552,NEGERI SEMBILAN,SEREMBAN,PASAR BESAR SEREMBAN - BAHAGIAN BORONG,Borong,20,Sayur-Sayuran,03,001,BAYAM,F.A.Q,Kilogram,4.7,4.0666666,
30724332,2026-07-11,2026-07-11 11:28:18.521552,NEGERI SEMBILAN,SEREMBAN,PASAR BESAR SEREMBAN - BAHAGIAN BORONG,Borong,20,Sayur-Sayuran,03,001,BAYAM,F.A.Q,Kilogram,4.5,4.0666666,
30724333,2026-07-11,2026-07-11 11:28:18.521552,NEGERI SEMBILAN,SEREMBAN,PASAR BESAR SEREMBAN - BAHAGIAN BORONG,Borong,20,Sayur-Sayuran,02,002,CILI HIJAU,F.A.Q,Kilogram,8.5,9.533334,
30724334,2026-07-11,2026-07-11 11:28:18.521552,NEGERI SEMBILAN,SEREMBAN,PASAR BESAR SEREMBAN - BAHAGIAN BORONG,Borong,20,Sayur-Sayuran,02,002,CILI HIJAU,F.A.Q,Kilogram,9.5,9.533334,
30724335,2026-07-11,2026-07-11 11:28:18.521552,NEGERI SEMBILAN,SEREMBAN,PASAR BESAR SEREMBAN - BAHAGIAN BORONG,Borong,20,Sayur-Sayuran,02,002,CILI HIJAU,F.A.Q,Kilogram,9.3,9.533334,
30724336,2026-07-11,2026-07-11 11:28:18.521552,NEGERI SEMBILAN,SEREMBAN,PASAR BESAR SEREMBAN - BAHAGIAN BORONG,Borong,20,Sayur-Sayuran,02,002,CILI MERAH (THAILAND),F.A.Q,Kilogram,9.7,10.3,
30724337,2026-07-11,2026-07-11 11:28:18.521552,NEGERI SEMBILAN,SEREMBAN,PASAR BESAR SEREMBAN - BAHAGIAN BORONG,Borong,20,Sayur-Sayuran,02,002,CILI MERAH (THAILAND),F.A.Q,Kilogram,10.6,10.3,
30724338,2026-07-11,2026-07-11 11:28:18.521552,NEGERI SEMBILAN,SEREMBAN,PASAR BESAR SEREMBAN - BAHAGIAN BORONG,Borong,20,Sayur-Sayuran,02,002,CILI MERAH (THAILAND),F.A.Q,Kilogram,10.3,10.3,
30724339,2026-07-11,2026-07-11 11:28:18.521552,NEGERI SEMBILAN,SEREMBAN,PASAR BESAR SEREMBAN - BAHAGIAN BORONG,Borong,20,Sayur-Sayuran,02,002,CILI MERAH KULAI / KULAI HIBRID,F.A.Q,Kilogram,14.8,15.066667,
30724340,2026-07-11,2026-07-11 11:28:18.521552,NEGERI SEMBILAN,SEREMBAN,PASAR BESAR SEREMBAN - BAHAGIAN BORONG,Borong,20,Sayur-Sayuran,02,002,CILI MERAH KULAI / KULAI HIBRID,F.A.Q,Kilogram,15.3,15.066667,
30724341,2026-07-11,2026-07-11 11:28:18.521552,NEGERI SEMBILAN,SEREMBAN,PASAR BESAR SEREMBAN - BAHAGIAN BORONG,Borong,20,Sayur-Sayuran,02,002,CILI MERAH KULAI / KULAI HIBRID,F.A.Q,Kilogram,14.2,15.066667,
30724342,2026-07-11,2026-07-11 11:28:18.521552,NEGERI SEMBILAN,SEREMBAN,PASAR BESAR SEREMBAN - BAHAGIAN BORONG,Borong,20,Sayur-Sayuran,02,002,CILI MERAH MINYAK,F.A.Q,Kilogram,12.3,12.845834,
30724343,2026-07-11,2026-07-11 11:28:18.521552,NEGERI SEMBILAN,SEREMBAN,PASAR BESAR SEREMBAN - BAHAGIAN BORONG,Borong,20,Sayur-Sayuran,02,002,CILI MERAH MINYAK,F.A.Q,Kilogram,13.3,12.845834,
30724344,2026-07-11,2026-07-11 11:28:18.521552,NEGERI SEMBILAN,SEREMBAN,PASAR BESAR SEREMBAN - BAHAGIAN BORONG,Borong,20,Sayur-Sayuran,02,002,CILI MERAH MINYAK,F.A.Q,Kilogram,13,12.845834,
30724345,2026-07-11,2026-07-11 11:28:18.521552,NEGERI SEMBILAN,SEREMBAN,PASAR BESAR SEREMBAN - BAHAGIAN BORONG,Borong,20,Sayur-Sayuran,03,009,DAUN BAWANG,F.A.Q,Kilogram,6.2,5.766667,
30724346,2026-07-11,2026-07-11 11:28:18.521552,NEGERI SEMBILAN,SEREMBAN,PASAR BESAR SEREMBAN - BAHAGIAN BORONG,Borong,20,Sayur-Sayuran,03,009,DAUN BAWANG,F.A.Q,Kilogram,7.5,5.766667,
30724347,2026-07-11,2026-07-11 11:28:18.521552,NEGERI SEMBILAN,SEREMBAN,PASAR BESAR SEREMBAN - BAHAGIAN BORONG,Borong,20,Sayur-Sayuran,03,009,DAUN BAWANG,F.A.Q,Kilogram,6.9,5.766667,
30724348,2026-07-11,2026-07-11 11:28:18.521552,NEGERI SEMBILAN,SEREMBAN,PASAR BESAR SEREMBAN - BAHAGIAN BORONG,Borong,20,Sayur-Sayuran,03,015,DAUN SUP (TANAH TINGGI),F.A.Q,Kilogram,15.3,15.5,
30724349,2026-07-11,2026-07-11 11:28:18.521552,NEGERI SEMBILAN,SEREMBAN,PASAR BESAR SEREMBAN - BAHAGIAN BORONG,Borong,20,Sayur-Sayuran,03,015,DAUN SUP (TANAH TINGGI),F.A.Q,Kilogram,16.7,15.5,
30724350,2026-07-11,2026-07-11 11:28:18.521552,NEGERI SEMBILAN,SEREMBAN,PASAR BESAR SEREMBAN - BAHAGIAN BORONG,Borong,20,Sayur-Sayuran,03,015,DAUN SUP (TANAH TINGGI),F.A.Q,Kilogram,15,15.5,
30724351,2026-07-11,2026-07-11 11:28:18.521552,NEGERI SEMBILAN,SEREMBAN,PASAR BESAR SEREMBAN - BAHAGIAN BORONG,Borong,20,Sayur-Sayuran,04,002,KACANG BENDI,F.A.Q,Kilogram,5.2,5.695833,
30724352,2026-07-11,2026-07-11 11:28:18.521552,NEGERI SEMBILAN,SEREMBAN,PASAR BESAR SEREMBAN - BAHAGIAN BORONG,Borong,20,Sayur-Sayuran,04,002,KACANG BENDI,F.A.Q,Kilogram,6,5.695833,
30724353,2026-07-11,2026-07-11 11:28:18.521552,NEGERI SEMBILAN,SEREMBAN,PASAR BESAR SEREMBAN - BAHAGIAN BORONG,Borong,20,Sayur-Sayuran,04,002,KACANG BENDI,F.A.Q,Kilogram,5.6,5.695833,
30724354,2026-07-11,2026-07-11 11:28:18.521552,NEGERI SEMBILAN,SEREMBAN,PASAR BESAR SEREMBAN - BAHAGIAN BORONG,Borong,20,Sayur-Sayuran,04,003,KACANG BUNCIS,F.A.Q,Kilogram,12,10.15,
30724355,2026-07-11,2026-07-11 11:28:18.521552,NEGERI SEMBILAN,SEREMBAN,PASAR BESAR SEREMBAN - BAHAGIAN BORONG,Borong,20,Sayur-Sayuran,04,003,KACANG BUNCIS,F.A.Q,Kilogram,12.8,10.15,
30724356,2026-07-11,2026-07-11 11:28:18.521552,NEGERI SEMBILAN,SEREMBAN,PASAR BESAR SEREMBAN - BAHAGIAN BORONG,Borong,20,Sayur-Sayuran,04,003,KACANG BUNCIS,F.A.Q,Kilogram,12.3,10.15,
30724357,2026-07-11,2026-07-11 11:28:18.521552,NEGERI SEMBILAN,SEREMBAN,PASAR BESAR SEREMBAN - BAHAGIAN BORONG,Borong,20,Sayur-Sayuran,04,007,KACANG PANJANG HIJAU,F.A.Q,Kilogram,5.8,6.65,
30724358,2026-07-11,2026-07-11 11:28:18.521552,NEGERI SEMBILAN,SEREMBAN,PASAR BESAR SEREMBAN - BAHAGIAN BORONG,Borong,20,Sayur-Sayuran,04,007,KACANG PANJANG HIJAU,F.A.Q,Kilogram,6.6,6.65,
30724359,2026-07-11,2026-07-11 11:28:18.521552,NEGERI SEMBILAN,SEREMBAN,PASAR BESAR SEREMBAN - BAHAGIAN BORONG,Borong,20,Sayur-Sayuran,04,007,KACANG PANJANG HIJAU,F.A.Q,Kilogram,6.3,6.65,
30724360,2026-07-11,2026-07-11 11:28:18.521552,NEGERI SEMBILAN,SEREMBAN,PASAR BESAR SEREMBAN - BAHAGIAN BORONG,Borong,20,Sayur-Sayuran,03,019,KANGKUNG,F.A.Q,Kilogram,3.7,3.6166666,
30724361,2026-07-11,2026-07-11 11:28:18.521552,NEGERI SEMBILAN,SEREMBAN,PASAR BESAR SEREMBAN - BAHAGIAN BORONG,Borong,20,Sayur-Sayuran,03,019,KANGKUNG,F.A.Q,Kilogram,4.4,3.6166666,
30724362,2026-07-11,2026-07-11 11:28:18.521552,NEGERI SEMBILAN,SEREMBAN,PASAR BESAR SEREMBAN - BAHAGIAN BORONG,Borong,20,Sayur-Sayuran,03,019,KANGKUNG,F.A.Q,Kilogram,4.1,3.6166666,
30724363,2026-07-11,2026-07-11 11:28:18.521552,NEGERI SEMBILAN,SEREMBAN,PASAR BESAR SEREMBAN - BAHAGIAN BORONG,Borong,20,Sayur-Sayuran,03,006,KUBIS BULAT (CHINA),F.A.Q,Kilogram,2.6,2.9666667,
30724364,2026-07-11,2026-07-11 11:28:18.521552,NEGERI SEMBILAN,SEREMBAN,PASAR BESAR SEREMBAN - BAHAGIAN BORONG,Borong,20,Sayur-Sayuran,03,006,KUBIS BULAT (CHINA),F.A.Q,Kilogram,3.2,2.9666667,
30724365,2026-07-11,2026-07-11 11:28:18.521552,NEGERI SEMBILAN,SEREMBAN,PASAR BESAR SEREMBAN - BAHAGIAN BORONG,Borong,20,Sayur-Sayuran,03,006,KUBIS BULAT (CHINA),F.A.Q,Kilogram,2.9,2.9666667,
30724366,2026-07-11,2026-07-11 11:28:18.521552,NEGERI SEMBILAN,SEREMBAN,PASAR BESAR SEREMBAN - BAHAGIAN BORONG,Borong,20,Sayur-Sayuran,03,006,KUBIS BULAT (INDONESIA),F.A.Q,Kilogram,2.4,2.5333333,
30724367,2026-07-11,2026-07-11 11:28:18.521552,NEGERI SEMBILAN,SEREMBAN,PASAR BESAR SEREMBAN - BAHAGIAN BORONG,Borong,20,Sayur-Sayuran,03,006,KUBIS BULAT (INDONESIA),F.A.Q,Kilogram,2.6,2.5333333,
30724368,2026-07-11,2026-07-11 11:28:18.521552,NEGERI SEMBILAN,SEREMBAN,PASAR BESAR SEREMBAN - BAHAGIAN BORONG,Borong,20,Sayur-Sayuran,03,006,KUBIS BULAT (INDONESIA),F.A.Q,Kilogram,2.6,2.5333333,
30724369,2026-07-11,2026-07-11 11:28:18.521552,NEGERI SEMBILAN,SEREMBAN,PASAR BESAR SEREMBAN - BAHAGIAN BORONG,Borong,20,Sayur-Sayuran,03,006,KUBIS BULAT (TANAH TINGGI),F.A.Q,Kilogram,3.5,3.7875,
30724370,2026-07-11,2026-07-11 11:28:18.521552,NEGERI SEMBILAN,SEREMBAN,PASAR BESAR SEREMBAN - BAHAGIAN BORONG,Borong,20,Sayur-Sayuran,03,006,KUBIS BULAT (TANAH TINGGI),F.A.Q,Kilogram,4.3,3.7875,
30724371,2026-07-11,2026-07-11 11:28:18.521552,NEGERI SEMBILAN,SEREMBAN,PASAR BESAR SEREMBAN - BAHAGIAN BORONG,Borong,20,Sayur-Sayuran,03,006,KUBIS BULAT (TANAH TINGGI),F.A.Q,Kilogram,3.8,3.7875,
30724372,2026-07-11,2026-07-11 11:28:18.521552,NEGERI SEMBILAN,SEREMBAN,PASAR BESAR SEREMBAN - BAHAGIAN BORONG,Borong,20,Sayur-Sayuran,03,007,SAWI HIJAU (TANAH RENDAH),F.A.Q,Kilogram,5.4,5.2625,
30724373,2026-07-11,2026-07-11 11:28:18.521552,NEGERI SEMBILAN,SEREMBAN,PASAR BESAR SEREMBAN - BAHAGIAN BORONG,Borong,20,Sayur-Sayuran,03,007,SAWI HIJAU (TANAH RENDAH),F.A.Q,Kilogram,5.8,5.2625,
30724374,2026-07-11,2026-07-11 11:28:18.521552,NEGERI SEMBILAN,SEREMBAN,PASAR BESAR SEREMBAN - BAHAGIAN BORONG,Borong,20,Sayur-Sayuran,03,007,SAWI HIJAU (TANAH RENDAH),F.A.Q,Kilogram,6.1,5.2625,
30724375,2026-07-11,2026-07-11 11:28:18.521552,NEGERI SEMBILAN,SEREMBAN,PASAR BESAR SEREMBAN - BAHAGIAN BORONG,Borong,20,Sayur-Sayuran,03,007,SAWI HIJAU TANAH TINGGI,F.A.Q,Kilogram,5.2,5.2166667,
30724376,2026-07-11,2026-07-11 11:28:18.521552,NEGERI SEMBILAN,SEREMBAN,PASAR BESAR SEREMBAN - BAHAGIAN BORONG,Borong,20,Sayur-Sayuran,03,007,SAWI HIJAU TANAH TINGGI,F.A.Q,Kilogram,5.8,5.2166667,
30724377,2026-07-11,2026-07-11 11:28:18.521552,NEGERI SEMBILAN,SEREMBAN,PASAR BESAR SEREMBAN - BAHAGIAN BORONG,Borong,20,Sayur-Sayuran,03,007,SAWI HIJAU TANAH TINGGI,F.A.Q,Kilogram,5.5,5.2166667,
30724378,2026-07-11,2026-07-11 11:28:18.521552,NEGERI SEMBILAN,SEREMBAN,PASAR BESAR SEREMBAN - BAHAGIAN BORONG,Borong,20,Sayur-Sayuran,02,010,TERUNG PANJANG / PEPARU (TANAH RENDAH),F.A.Q,Kilogram,6.5,6.8,
30724379,2026-07-11,2026-07-11 11:28:18.521552,NEGERI SEMBILAN,SEREMBAN,PASAR BESAR SEREMBAN - BAHAGIAN BORONG,Borong,20,Sayur-Sayuran,02,010,TERUNG PANJANG / PEPARU (TANAH RENDAH),F.A.Q,Kilogram,7.3,6.8,
30724380,2026-07-11,2026-07-11 11:28:18.521552,NEGERI SEMBILAN,SEREMBAN,PASAR BESAR SEREMBAN - BAHAGIAN BORONG,Borong,20,Sayur-Sayuran,02,011,TIMUN HIJAU,F.A.Q,Kilogram,3,2.8166666,
30724381,2026-07-11,2026-07-11 11:28:18.521552,NEGERI SEMBILAN,SEREMBAN,PASAR BESAR SEREMBAN - BAHAGIAN BORONG,Borong,20,Sayur-Sayuran,02,011,TIMUN HIJAU,F.A.Q,Kilogram,3.3,2.8166666,
30724382,2026-07-11,2026-07-11 11:28:18.521552,NEGERI SEMBILAN,SEREMBAN,PASAR BESAR SEREMBAN - BAHAGIAN BORONG,Borong,20,Sayur-Sayuran,02,011,TIMUN HIJAU,F.A.Q,Kilogram,2.8,2.8166666,
30724383,2026-07-11,2026-07-11 11:28:18.521552,NEGERI SEMBILAN,SEREMBAN,PASAR BESAR SEREMBAN - BAHAGIAN BORONG,Borong,20,Sayur-Sayuran,02,012,TOMATO (TANAH TINGGI),F.A.Q,Kilogram,7.5,8.3125,
30724384,2026-07-11,2026-07-11 11:28:18.521552,NEGERI SEMBILAN,SEREMBAN,PASAR BESAR SEREMBAN - BAHAGIAN BORONG,Borong,20,Sayur-Sayuran,02,012,TOMATO (TANAH TINGGI),F.A.Q,Kilogram,8.1,8.3125,
30724385,2026-07-11,2026-07-11 11:28:18.521552,NEGERI SEMBILAN,SEREMBAN,PASAR BESAR SEREMBAN - BAHAGIAN BORONG,Borong,20,Sayur-Sayuran,02,012,TOMATO (TANAH TINGGI),F.A.Q,Kilogram,7.8,8.3125,
30724386,2026-07-11,2026-07-11 11:28:21.918392,NEGERI SEMBILAN,SEREMBAN,PASAR BESAR SEREMBAN - BAHAGIAN RUNCIT,Runcit,26,Sayur-Sayuran,03,001,BAYAM,F.A.Q,Kilogram,5.5,5.4791665,
30724387,2026-07-11,2026-07-11 11:28:21.918392,NEGERI SEMBILAN,SEREMBAN,PASAR BESAR SEREMBAN - BAHAGIAN RUNCIT,Runcit,26,Sayur-Sayuran,03,001,BAYAM,F.A.Q,Kilogram,5.3,5.4791665,
30724388,2026-07-11,2026-07-11 11:28:21.918392,NEGERI SEMBILAN,SEREMBAN,PASAR BESAR SEREMBAN - BAHAGIAN RUNCIT,Runcit,26,Sayur-Sayuran,03,001,BAYAM,F.A.Q,Kilogram,6,5.4791665,
30724389,2026-07-11,2026-07-11 11:28:21.918392,NEGERI SEMBILAN,SEREMBAN,PASAR BESAR SEREMBAN - BAHAGIAN RUNCIT,Runcit,26,Sayur-Sayuran,02,002,CILI HIJAU,F.A.Q,Kilogram,11,11.583333,
30724390,2026-07-11,2026-07-11 11:28:21.918392,NEGERI SEMBILAN,SEREMBAN,PASAR BESAR SEREMBAN - BAHAGIAN RUNCIT,Runcit,26,Sayur-Sayuran,02,002,CILI HIJAU,F.A.Q,Kilogram,10.6,11.583333,
30724391,2026-07-11,2026-07-11 11:28:21.918392,NEGERI SEMBILAN,SEREMBAN,PASAR BESAR SEREMBAN - BAHAGIAN RUNCIT,Runcit,26,Sayur-Sayuran,02,002,CILI HIJAU,F.A.Q,Kilogram,12,11.583333,
30724392,2026-07-11,2026-07-11 11:28:21.918392,NEGERI SEMBILAN,SEREMBAN,PASAR BESAR SEREMBAN - BAHAGIAN RUNCIT,Runcit,26,Sayur-Sayuran,02,002,CILI MERAH (THAILAND),F.A.Q,Kilogram,12.4,12.5,
30724393,2026-07-11,2026-07-11 11:28:21.918392,NEGERI SEMBILAN,SEREMBAN,PASAR BESAR SEREMBAN - BAHAGIAN RUNCIT,Runcit,26,Sayur-Sayuran,02,002,CILI MERAH (THAILAND),F.A.Q,Kilogram,11.6,12.5,
30724394,2026-07-11,2026-07-11 11:28:21.918392,NEGERI SEMBILAN,SEREMBAN,PASAR BESAR SEREMBAN - BAHAGIAN RUNCIT,Runcit,26,Sayur-Sayuran,02,002,CILI MERAH (THAILAND),F.A.Q,Kilogram,13,12.5,
30724395,2026-07-11,2026-07-11 11:28:21.918392,NEGERI SEMBILAN,SEREMBAN,PASAR BESAR SEREMBAN - BAHAGIAN RUNCIT,Runcit,26,Sayur-Sayuran,02,002,CILI MERAH KULAI / KULAI HIBRID,F.A.Q,Kilogram,17,18.333334,
30724396,2026-07-11,2026-07-11 11:28:21.918392,NEGERI SEMBILAN,SEREMBAN,PASAR BESAR SEREMBAN - BAHAGIAN RUNCIT,Runcit,26,Sayur-Sayuran,02,002,CILI MERAH KULAI / KULAI HIBRID,F.A.Q,Kilogram,18,18.333334,
30724397,2026-07-11,2026-07-11 11:28:21.918392,NEGERI SEMBILAN,SEREMBAN,PASAR BESAR SEREMBAN - BAHAGIAN RUNCIT,Runcit,26,Sayur-Sayuran,02,002,CILI MERAH KULAI / KULAI HIBRID,F.A.Q,Kilogram,19.5,18.333334,
30724398,2026-07-11,2026-07-11 11:28:21.918392,NEGERI SEMBILAN,SEREMBAN,PASAR BESAR SEREMBAN - BAHAGIAN RUNCIT,Runcit,26,Sayur-Sayuran,02,002,CILI MERAH MINYAK,F.A.Q,Kilogram,14,14.245833,
30724399,2026-07-11,2026-07-11 11:28:21.918392,NEGERI SEMBILAN,SEREMBAN,PASAR BESAR SEREMBAN - BAHAGIAN RUNCIT,Runcit,26,Sayur-Sayuran,02,002,CILI MERAH MINYAK,F.A.Q,Kilogram,13.8,14.245833,
30724400,2026-07-11,2026-07-11 11:28:21.918392,NEGERI SEMBILAN,SEREMBAN,PASAR BESAR SEREMBAN - BAHAGIAN RUNCIT,Runcit,26,Sayur-Sayuran,02,002,CILI MERAH MINYAK,F.A.Q,Kilogram,15,14.245833,
30724401,2026-07-11,2026-07-11 11:28:21.918392,NEGERI SEMBILAN,SEREMBAN,PASAR BESAR SEREMBAN - BAHAGIAN RUNCIT,Runcit,26,Sayur-Sayuran,03,009,DAUN BAWANG,F.A.Q,Kilogram,7.8,7.516667,
30724402,2026-07-11,2026-07-11 11:28:21.918392,NEGERI SEMBILAN,SEREMBAN,PASAR BESAR SEREMBAN - BAHAGIAN RUNCIT,Runcit,26,Sayur-Sayuran,03,009,DAUN BAWANG,F.A.Q,Kilogram,8.5,7.516667,
30724403,2026-07-11,2026-07-11 11:28:21.918392,NEGERI SEMBILAN,SEREMBAN,PASAR BESAR SEREMBAN - BAHAGIAN RUNCIT,Runcit,26,Sayur-Sayuran,03,009,DAUN BAWANG,F.A.Q,Kilogram,9,7.516667,
30724404,2026-07-11,2026-07-11 11:28:21.918392,NEGERI SEMBILAN,SEREMBAN,PASAR BESAR SEREMBAN - BAHAGIAN RUNCIT,Runcit,26,Sayur-Sayuran,03,015,DAUN SUP (TANAH TINGGI),F.A.Q,Kilogram,18.3,17.8,
30724405,2026-07-11,2026-07-11 11:28:21.918392,NEGERI SEMBILAN,SEREMBAN,PASAR BESAR SEREMBAN - BAHAGIAN RUNCIT,Runcit,26,Sayur-Sayuran,03,015,DAUN SUP (TANAH TINGGI),F.A.Q,Kilogram,17.8,17.8,
30724406,2026-07-11,2026-07-11 11:28:21.918392,NEGERI SEMBILAN,SEREMBAN,PASAR BESAR SEREMBAN - BAHAGIAN RUNCIT,Runcit,26,Sayur-Sayuran,03,015,DAUN SUP (TANAH TINGGI),F.A.Q,Kilogram,18.8,17.8,
30724407,2026-07-11,2026-07-11 11:28:21.918392,NEGERI SEMBILAN,SEREMBAN,PASAR BESAR SEREMBAN - BAHAGIAN RUNCIT,Runcit,26,Sayur-Sayuran,04,002,KACANG BENDI,F.A.Q,Kilogram,6.5,7.1833334,
30724408,2026-07-11,2026-07-11 11:28:21.918392,NEGERI SEMBILAN,SEREMBAN,PASAR BESAR SEREMBAN - BAHAGIAN RUNCIT,Runcit,26,Sayur-Sayuran,04,002,KACANG BENDI,F.A.Q,Kilogram,7,7.1833334,
30724409,2026-07-11,2026-07-11 11:28:21.918392,NEGERI SEMBILAN,SEREMBAN,PASAR BESAR SEREMBAN - BAHAGIAN RUNCIT,Runcit,26,Sayur-Sayuran,04,002,KACANG BENDI,F.A.Q,Kilogram,7.5,7.1833334,
30724410,2026-07-11,2026-07-11 11:28:21.918392,NEGERI SEMBILAN,SEREMBAN,PASAR BESAR SEREMBAN - BAHAGIAN RUNCIT,Runcit,26,Sayur-Sayuran,04,003,KACANG BUNCIS,F.A.Q,Kilogram,14.5,12.9,
30724411,2026-07-11,2026-07-11 11:28:21.918392,NEGERI SEMBILAN,SEREMBAN,PASAR BESAR SEREMBAN - BAHAGIAN RUNCIT,Runcit,26,Sayur-Sayuran,04,003,KACANG BUNCIS,F.A.Q,Kilogram,15,12.9,
30724412,2026-07-11,2026-07-11 11:28:21.918392,NEGERI SEMBILAN,SEREMBAN,PASAR BESAR SEREMBAN - BAHAGIAN RUNCIT,Runcit,26,Sayur-Sayuran,04,003,KACANG BUNCIS,F.A.Q,Kilogram,15.4,12.9,
30724413,2026-07-11,2026-07-11 11:28:21.918392,NEGERI SEMBILAN,SEREMBAN,PASAR BESAR SEREMBAN - BAHAGIAN RUNCIT,Runcit,26,Sayur-Sayuran,04,007,KACANG PANJANG HIJAU,F.A.Q,Kilogram,7.4,8.1,
30724414,2026-07-11,2026-07-11 11:28:21.918392,NEGERI SEMBILAN,SEREMBAN,PASAR BESAR SEREMBAN - BAHAGIAN RUNCIT,Runcit,26,Sayur-Sayuran,04,007,KACANG PANJANG HIJAU,F.A.Q,Kilogram,7.8,8.1,
30724415,2026-07-11,2026-07-11 11:28:21.918392,NEGERI SEMBILAN,SEREMBAN,PASAR BESAR SEREMBAN - BAHAGIAN RUNCIT,Runcit,26,Sayur-Sayuran,04,007,KACANG PANJANG HIJAU,F.A.Q,Kilogram,8,8.1,
30724416,2026-07-11,2026-07-11 11:28:21.918392,NEGERI SEMBILAN,SEREMBAN,PASAR BESAR SEREMBAN - BAHAGIAN RUNCIT,Runcit,26,Sayur-Sayuran,03,019,KANGKUNG,F.A.Q,Kilogram,5.3,4.6833334,
30724417,2026-07-11,2026-07-11 11:28:21.918392,NEGERI SEMBILAN,SEREMBAN,PASAR BESAR SEREMBAN - BAHAGIAN RUNCIT,Runcit,26,Sayur-Sayuran,03,019,KANGKUNG,F.A.Q,Kilogram,5,4.6833334,
30724418,2026-07-11,2026-07-11 11:28:21.918392,NEGERI SEMBILAN,SEREMBAN,PASAR BESAR SEREMBAN - BAHAGIAN RUNCIT,Runcit,26,Sayur-Sayuran,03,019,KANGKUNG,F.A.Q,Kilogram,5.7,4.6833334,
30724419,2026-07-11,2026-07-11 11:28:21.918392,NEGERI SEMBILAN,SEREMBAN,PASAR BESAR SEREMBAN - BAHAGIAN RUNCIT,Runcit,26,Sayur-Sayuran,03,006,KUBIS BULAT (CHINA),F.A.Q,Kilogram,3.4,3.5666666,
30724420,2026-07-11,2026-07-11 11:28:21.918392,NEGERI SEMBILAN,SEREMBAN,PASAR BESAR SEREMBAN - BAHAGIAN RUNCIT,Runcit,26,Sayur-Sayuran,03,006,KUBIS BULAT (CHINA),F.A.Q,Kilogram,3.3,3.5666666,
30724421,2026-07-11,2026-07-11 11:28:21.918392,NEGERI SEMBILAN,SEREMBAN,PASAR BESAR SEREMBAN - BAHAGIAN RUNCIT,Runcit,26,Sayur-Sayuran,03,006,KUBIS BULAT (CHINA),F.A.Q,Kilogram,3.7,3.5666666,
30724422,2026-07-11,2026-07-11 11:28:21.918392,NEGERI SEMBILAN,SEREMBAN,PASAR BESAR SEREMBAN - BAHAGIAN RUNCIT,Runcit,26,Sayur-Sayuran,03,006,KUBIS BULAT (INDONESIA),F.A.Q,Kilogram,3.5,3.4666667,
30724423,2026-07-11,2026-07-11 11:28:21.918392,NEGERI SEMBILAN,SEREMBAN,PASAR BESAR SEREMBAN - BAHAGIAN RUNCIT,Runcit,26,Sayur-Sayuran,03,006,KUBIS BULAT (INDONESIA),F.A.Q,Kilogram,3.2,3.4666667,
30724424,2026-07-11,2026-07-11 11:28:21.918392,NEGERI SEMBILAN,SEREMBAN,PASAR BESAR SEREMBAN - BAHAGIAN RUNCIT,Runcit,26,Sayur-Sayuran,03,006,KUBIS BULAT (INDONESIA),F.A.Q,Kilogram,3,3.4666667,
30724425,2026-07-11,2026-07-11 11:28:21.918392,NEGERI SEMBILAN,SEREMBAN,PASAR BESAR SEREMBAN - BAHAGIAN RUNCIT,Runcit,26,Sayur-Sayuran,03,006,KUBIS BULAT (TANAH TINGGI),F.A.Q,Kilogram,5.5,5.3708334,
30724426,2026-07-11,2026-07-11 11:28:21.918392,NEGERI SEMBILAN,SEREMBAN,PASAR BESAR SEREMBAN - BAHAGIAN RUNCIT,Runcit,26,Sayur-Sayuran,03,006,KUBIS BULAT (TANAH TINGGI),F.A.Q,Kilogram,5,5.3708334,
30724427,2026-07-11,2026-07-11 11:28:21.918392,NEGERI SEMBILAN,SEREMBAN,PASAR BESAR SEREMBAN - BAHAGIAN RUNCIT,Runcit,26,Sayur-Sayuran,03,006,KUBIS BULAT (TANAH TINGGI),F.A.Q,Kilogram,5.8,5.3708334,
30724428,2026-07-11,2026-07-11 11:28:21.918392,NEGERI SEMBILAN,SEREMBAN,PASAR BESAR SEREMBAN - BAHAGIAN RUNCIT,Runcit,26,Sayur-Sayuran,03,007,SAWI HIJAU (TANAH RENDAH),F.A.Q,Kilogram,7.5,7.275,
30724429,2026-07-11,2026-07-11 11:28:21.918392,NEGERI SEMBILAN,SEREMBAN,PASAR BESAR SEREMBAN - BAHAGIAN RUNCIT,Runcit,26,Sayur-Sayuran,03,007,SAWI HIJAU (TANAH RENDAH),F.A.Q,Kilogram,7.3,7.275,
30724430,2026-07-11,2026-07-11 11:28:21.918392,NEGERI SEMBILAN,SEREMBAN,PASAR BESAR SEREMBAN - BAHAGIAN RUNCIT,Runcit,26,Sayur-Sayuran,03,007,SAWI HIJAU (TANAH RENDAH),F.A.Q,Kilogram,8,7.275,
30724431,2026-07-11,2026-07-11 11:28:21.918392,NEGERI SEMBILAN,SEREMBAN,PASAR BESAR SEREMBAN - BAHAGIAN RUNCIT,Runcit,26,Sayur-Sayuran,03,007,SAWI HIJAU TANAH TINGGI,F.A.Q,Kilogram,7.3,7.1,
30724432,2026-07-11,2026-07-11 11:28:21.918392,NEGERI SEMBILAN,SEREMBAN,PASAR BESAR SEREMBAN - BAHAGIAN RUNCIT,Runcit,26,Sayur-Sayuran,03,007,SAWI HIJAU TANAH TINGGI,F.A.Q,Kilogram,7.5,7.1,
30724433,2026-07-11,2026-07-11 11:28:21.918392,NEGERI SEMBILAN,SEREMBAN,PASAR BESAR SEREMBAN - BAHAGIAN RUNCIT,Runcit,26,Sayur-Sayuran,03,007,SAWI HIJAU TANAH TINGGI,F.A.Q,Kilogram,7.8,7.1,
30724434,2026-07-11,2026-07-11 11:28:21.918392,NEGERI SEMBILAN,SEREMBAN,PASAR BESAR SEREMBAN - BAHAGIAN RUNCIT,Runcit,26,Sayur-Sayuran,02,010,TERUNG PANJANG / PEPARU (TANAH RENDAH),F.A.Q,Kilogram,9,8.354167,
30724435,2026-07-11,2026-07-11 11:28:21.918392,NEGERI SEMBILAN,SEREMBAN,PASAR BESAR SEREMBAN - BAHAGIAN RUNCIT,Runcit,26,Sayur-Sayuran,02,010,TERUNG PANJANG / PEPARU (TANAH RENDAH),F.A.Q,Kilogram,8.6,8.354167,
30724436,2026-07-11,2026-07-11 11:28:21.918392,NEGERI SEMBILAN,SEREMBAN,PASAR BESAR SEREMBAN - BAHAGIAN RUNCIT,Runcit,26,Sayur-Sayuran,02,010,TERUNG PANJANG / PEPARU (TANAH RENDAH),F.A.Q,Kilogram,9.5,8.354167,
30724437,2026-07-11,2026-07-11 11:28:21.918392,NEGERI SEMBILAN,SEREMBAN,PASAR BESAR SEREMBAN - BAHAGIAN RUNCIT,Runcit,26,Sayur-Sayuran,02,011,TIMUN HIJAU,F.A.Q,Kilogram,4.1,4.1,
30724438,2026-07-11,2026-07-11 11:28:21.918392,NEGERI SEMBILAN,SEREMBAN,PASAR BESAR SEREMBAN - BAHAGIAN RUNCIT,Runcit,26,Sayur-Sayuran,02,011,TIMUN HIJAU,F.A.Q,Kilogram,3.7,4.1,
30724439,2026-07-11,2026-07-11 11:28:21.918392,NEGERI SEMBILAN,SEREMBAN,PASAR BESAR SEREMBAN - BAHAGIAN RUNCIT,Runcit,26,Sayur-Sayuran,02,011,TIMUN HIJAU,F.A.Q,Kilogram,4.5,4.1,
30724440,2026-07-11,2026-07-11 11:28:21.918392,NEGERI SEMBILAN,SEREMBAN,PASAR BESAR SEREMBAN - BAHAGIAN RUNCIT,Runcit,26,Sayur-Sayuran,02,012,TOMATO (TANAH TINGGI),F.A.Q,Kilogram,8.8,9.804167,
30724441,2026-07-11,2026-07-11 11:28:21.918392,NEGERI SEMBILAN,SEREMBAN,PASAR BESAR SEREMBAN - BAHAGIAN RUNCIT,Runcit,26,Sayur-Sayuran,02,012,TOMATO (TANAH TINGGI),F.A.Q,Kilogram,8.5,9.804167,
30724442,2026-07-11,2026-07-11 11:28:21.918392,NEGERI SEMBILAN,SEREMBAN,PASAR BESAR SEREMBAN - BAHAGIAN RUNCIT,Runcit,26,Sayur-Sayuran,02,012,TOMATO (TANAH TINGGI),F.A.Q,Kilogram,9.2,9.804167,
30724443,2026-07-11,2026-07-11 11:29:49.678546,PERAK,KINTA,PASAR BORONG KUALA PARI,Borong,20,Sayur-Sayuran,03,001,BAYAM,F.A.Q,Kilogram,2.5,2.5454545,
30724444,2026-07-11,2026-07-11 11:29:49.678546,PERAK,KINTA,PASAR BORONG KUALA PARI,Borong,20,Sayur-Sayuran,03,001,BAYAM,F.A.Q,Kilogram,2.5,2.5454545,
30724445,2026-07-11,2026-07-11 11:29:49.678546,PERAK,KINTA,PASAR BORONG KUALA PARI,Borong,20,Sayur-Sayuran,02,002,CILI HIJAU,F.A.Q,Kilogram,8,8.083333,
30724446,2026-07-11,2026-07-11 11:29:49.678546,PERAK,KINTA,PASAR BORONG KUALA PARI,Borong,20,Sayur-Sayuran,02,002,CILI HIJAU,F.A.Q,Kilogram,8,8.083333,
30724447,2026-07-11,2026-07-11 11:29:49.678546,PERAK,KINTA,PASAR BORONG KUALA PARI,Borong,20,Sayur-Sayuran,02,002,CILI MERAH KULAI / KULAI HIBRID,F.A.Q,Kilogram,13,12.5,
30724448,2026-07-11,2026-07-11 11:29:49.678546,PERAK,KINTA,PASAR BORONG KUALA PARI,Borong,20,Sayur-Sayuran,02,002,CILI MERAH KULAI / KULAI HIBRID,F.A.Q,Kilogram,11,12.5,
30724449,2026-07-11,2026-07-11 11:29:49.678546,PERAK,KINTA,PASAR BORONG KUALA PARI,Borong,20,Sayur-Sayuran,02,002,CILI MERAH MINYAK,F.A.Q,Kilogram,10,9.75,
30724450,2026-07-11,2026-07-11 11:29:49.678546,PERAK,KINTA,PASAR BORONG KUALA PARI,Borong,20,Sayur-Sayuran,02,002,CILI MERAH MINYAK,F.A.Q,Kilogram,10,9.75,
30724451,2026-07-11,2026-07-11 11:29:49.678546,PERAK,KINTA,PASAR BORONG KUALA PARI,Borong,20,Sayur-Sayuran,03,009,DAUN BAWANG,F.A.Q,Kilogram,3.5,2.8636363,
30724452,2026-07-11,2026-07-11 11:29:49.678546,PERAK,KINTA,PASAR BORONG KUALA PARI,Borong,20,Sayur-Sayuran,03,009,DAUN BAWANG,F.A.Q,Kilogram,3,2.8636363,
30724453,2026-07-11,2026-07-11 11:29:49.678546,PERAK,KINTA,PASAR BORONG KUALA PARI,Borong,20,Sayur-Sayuran,03,015,DAUN SUP (TANAH TINGGI),F.A.Q,Kilogram,16,13,
30724454,2026-07-11,2026-07-11 11:29:49.678546,PERAK,KINTA,PASAR BORONG KUALA PARI,Borong,20,Sayur-Sayuran,03,015,DAUN SUP (TANAH TINGGI),F.A.Q,Kilogram,16,13,
30724455,2026-07-11,2026-07-11 11:29:49.678546,PERAK,KINTA,PASAR BORONG KUALA PARI,Borong,20,Sayur-Sayuran,04,002,KACANG BENDI,F.A.Q,Kilogram,4,3.625,
30724456,2026-07-11,2026-07-11 11:29:49.678546,PERAK,KINTA,PASAR BORONG KUALA PARI,Borong,20,Sayur-Sayuran,04,002,KACANG BENDI,F.A.Q,Kilogram,3.5,3.625,
30724457,2026-07-11,2026-07-11 11:29:49.678546,PERAK,KINTA,PASAR BORONG KUALA PARI,Borong,20,Sayur-Sayuran,04,003,KACANG BUNCIS,F.A.Q,Kilogram,8,8.416667,
30724458,2026-07-11,2026-07-11 11:29:49.678546,PERAK,KINTA,PASAR BORONG KUALA PARI,Borong,20,Sayur-Sayuran,04,003,KACANG BUNCIS,F.A.Q,Kilogram,8,8.416667,
30724459,2026-07-11,2026-07-11 11:29:49.678546,PERAK,KINTA,PASAR BORONG KUALA PARI,Borong,20,Sayur-Sayuran,04,007,KACANG PANJANG HIJAU,F.A.Q,Kilogram,4,3.826087,
30724460,2026-07-11,2026-07-11 11:29:49.678546,PERAK,KINTA,PASAR BORONG KUALA PARI,Borong,20,Sayur-Sayuran,04,007,KACANG PANJANG HIJAU,F.A.Q,Kilogram,3.5,3.826087,
30724461,2026-07-11,2026-07-11 11:29:49.678546,PERAK,KINTA,PASAR BORONG KUALA PARI,Borong,20,Sayur-Sayuran,03,019,KANGKUNG,F.A.Q,Kilogram,2,2.2083333,
30724462,2026-07-11,2026-07-11 11:29:49.678546,PERAK,KINTA,PASAR BORONG KUALA PARI,Borong,20,Sayur-Sayuran,03,019,KANGKUNG,F.A.Q,Kilogram,2,2.2083333,
30724463,2026-07-11,2026-07-11 11:29:49.678546,PERAK,KINTA,PASAR BORONG KUALA PARI,Borong,20,Sayur-Sayuran,03,006,KUBIS BULAT (CHINA),F.A.Q,Kilogram,1.3,1.4666667,
30724464,2026-07-11,2026-07-11 11:29:49.678546,PERAK,KINTA,PASAR BORONG KUALA PARI,Borong,20,Sayur-Sayuran,03,006,KUBIS BULAT (CHINA),F.A.Q,Kilogram,1.2,1.4666667,
30724465,2026-07-11,2026-07-11 11:29:49.678546,PERAK,KINTA,PASAR BORONG KUALA PARI,Borong,20,Sayur-Sayuran,03,006,KUBIS BULAT (TANAH TINGGI),F.A.Q,Kilogram,2.5,2.3666666,
30724466,2026-07-11,2026-07-11 11:29:49.678546,PERAK,KINTA,PASAR BORONG KUALA PARI,Borong,20,Sayur-Sayuran,03,006,KUBIS BULAT (TANAH TINGGI),F.A.Q,Kilogram,2.5,2.3666666,
30724467,2026-07-11,2026-07-11 11:29:49.678546,PERAK,KINTA,PASAR BORONG KUALA PARI,Borong,20,Sayur-Sayuran,03,007,SAWI HIJAU TANAH TINGGI,F.A.Q,Kilogram,3,2.909091,
30724468,2026-07-11,2026-07-11 11:29:49.678546,PERAK,KINTA,PASAR BORONG KUALA PARI,Borong,20,Sayur-Sayuran,03,007,SAWI HIJAU TANAH TINGGI,F.A.Q,Kilogram,3,2.909091,
30724469,2026-07-11,2026-07-11 11:29:49.678546,PERAK,KINTA,PASAR BORONG KUALA PARI,Borong,20,Sayur-Sayuran,02,010,TERUNG PANJANG / PEPARU (TANAH RENDAH),F.A.Q,Kilogram,4.5,4.1875,
30724470,2026-07-11,2026-07-11 11:29:49.678546,PERAK,KINTA,PASAR BORONG KUALA PARI,Borong,20,Sayur-Sayuran,02,010,TERUNG PANJANG / PEPARU (TANAH RENDAH),F.A.Q,Kilogram,4,4.1875,
30724471,2026-07-11,2026-07-11 11:29:49.678546,PERAK,KINTA,PASAR BORONG KUALA PARI,Borong,20,Sayur-Sayuran,02,011,TIMUN HIJAU,F.A.Q,Kilogram,1.8,1.7583333,
30724472,2026-07-11,2026-07-11 11:29:49.678546,PERAK,KINTA,PASAR BORONG KUALA PARI,Borong,20,Sayur-Sayuran,02,011,TIMUN HIJAU,F.A.Q,Kilogram,1.4,1.7583333,
30724473,2026-07-11,2026-07-11 11:29:49.678546,PERAK,KINTA,PASAR BORONG KUALA PARI,Borong,20,Sayur-Sayuran,02,012,TOMATO (TANAH TINGGI),F.A.Q,Kilogram,6,6.175,
30724474,2026-07-11,2026-07-11 11:29:49.678546,PERAK,KINTA,PASAR BORONG KUALA PARI,Borong,20,Sayur-Sayuran,02,012,TOMATO (TANAH TINGGI),F.A.Q,Kilogram,5,6.175,
30724475,2026-07-11,2026-07-11 11:33:22.00053,NEGERI SEMBILAN,SEREMBAN,[LOKASI KUTIPAN HARGA LADANG] GADONG,Ladang,,Sayur-Sayuran,03,001,BAYAM,F.A.Q,Kilogram,2.9,2.5142858,
30724476,2026-07-11,2026-07-11 11:33:22.00053,NEGERI SEMBILAN,SEREMBAN,[LOKASI KUTIPAN HARGA LADANG] GADONG,Ladang,,Sayur-Sayuran,02,002,CILI MERAH KULAI / KULAI HIBRID,F.A.Q,Kilogram,7,7.5,
30724477,2026-07-11,2026-07-11 11:33:22.00053,NEGERI SEMBILAN,SEREMBAN,[LOKASI KUTIPAN HARGA LADANG] GADONG,Ladang,,Sayur-Sayuran,02,002,CILI MERAH KULAI / KULAI HIBRID,F.A.Q,Kilogram,8,7.5,
30724478,2026-07-11,2026-07-11 11:33:22.00053,NEGERI SEMBILAN,SEREMBAN,[LOKASI KUTIPAN HARGA LADANG] GADONG,Ladang,,Sayur-Sayuran,04,002,KACANG BENDI,F.A.Q,Kilogram,3,2.6642857,
30724479,2026-07-11,2026-07-11 11:33:22.00053,NEGERI SEMBILAN,SEREMBAN,[LOKASI KUTIPAN HARGA LADANG] GADONG,Ladang,,Sayur-Sayuran,04,007,KACANG PANJANG HIJAU,F.A.Q,Kilogram,4.4,4.4666667,
30724480,2026-07-11,2026-07-11 11:33:22.00053,NEGERI SEMBILAN,SEREMBAN,[LOKASI KUTIPAN HARGA LADANG] GADONG,Ladang,,Sayur-Sayuran,03,019,KANGKUNG,F.A.Q,Kilogram,2.5,1.975,
30724481,2026-07-11,2026-07-11 11:33:22.00053,NEGERI SEMBILAN,SEREMBAN,[LOKASI KUTIPAN HARGA LADANG] GADONG,Ladang,,Sayur-Sayuran,03,007,SAWI HIJAU (TANAH RENDAH),F.A.Q,Kilogram,3,3,
30724482,2026-07-11,2026-07-11 11:33:22.00053,NEGERI SEMBILAN,SEREMBAN,[LOKASI KUTIPAN HARGA LADANG] GADONG,Ladang,,Sayur-Sayuran,02,011,TIMUN HIJAU,F.A.Q,Kilogram,2,2.05,
30724483,2026-07-11,2026-07-11 11:33:22.00053,NEGERI SEMBILAN,SEREMBAN,[LOKASI KUTIPAN HARGA LADANG] GADONG,Ladang,,Sayur-Sayuran,02,011,TIMUN HIJAU,F.A.Q,Kilogram,2.2,2.05,
30724484,2026-07-11,2026-07-11 11:33:24.593107,NEGERI SEMBILAN,KUALA PILAH,[LOKASI KUTIPAN HARGA LADANG] JOHOL,Ladang,,Sayur-Sayuran,03,001,BAYAM,F.A.Q,Kilogram,3.3,2.79375,
30724485,2026-07-11,2026-07-11 11:33:24.593107,NEGERI SEMBILAN,KUALA PILAH,[LOKASI KUTIPAN HARGA LADANG] JOHOL,Ladang,,Sayur-Sayuran,03,001,BAYAM,F.A.Q,Kilogram,3,2.79375,
30724486,2026-07-11,2026-07-11 11:33:24.593107,NEGERI SEMBILAN,KUALA PILAH,[LOKASI KUTIPAN HARGA LADANG] JOHOL,Ladang,,Sayur-Sayuran,02,002,CILI HIJAU,F.A.Q,Kilogram,5.5,5.6,
30724487,2026-07-11,2026-07-11 11:33:24.593107,NEGERI SEMBILAN,KUALA PILAH,[LOKASI KUTIPAN HARGA LADANG] JOHOL,Ladang,,Sayur-Sayuran,02,002,CILI HIJAU,F.A.Q,Kilogram,5.8,5.6,
30724488,2026-07-11,2026-07-11 11:33:24.593107,NEGERI SEMBILAN,KUALA PILAH,[LOKASI KUTIPAN HARGA LADANG] JOHOL,Ladang,,Sayur-Sayuran,02,002,CILI MERAH KULAI / KULAI HIBRID,F.A.Q,Kilogram,10.3,10.3,
30724489,2026-07-11,2026-07-11 11:33:24.593107,NEGERI SEMBILAN,KUALA PILAH,[LOKASI KUTIPAN HARGA LADANG] JOHOL,Ladang,,Sayur-Sayuran,04,002,KACANG BENDI,F.A.Q,Kilogram,4,3.9625,
30724490,2026-07-11,2026-07-11 11:33:24.593107,NEGERI SEMBILAN,KUALA PILAH,[LOKASI KUTIPAN HARGA LADANG] JOHOL,Ladang,,Sayur-Sayuran,04,007,KACANG PANJANG HIJAU,F.A.Q,Kilogram,4.4,4.5375,
30724491,2026-07-11,2026-07-11 11:33:24.593107,NEGERI SEMBILAN,KUALA PILAH,[LOKASI KUTIPAN HARGA LADANG] JOHOL,Ladang,,Sayur-Sayuran,04,007,KACANG PANJANG HIJAU,F.A.Q,Kilogram,4.2,4.5375,
30724492,2026-07-11,2026-07-11 11:33:24.593107,NEGERI SEMBILAN,KUALA PILAH,[LOKASI KUTIPAN HARGA LADANG] JOHOL,Ladang,,Sayur-Sayuran,03,019,KANGKUNG,F.A.Q,Kilogram,2.8,2.25,
30724493,2026-07-11,2026-07-11 11:33:24.593107,NEGERI SEMBILAN,KUALA PILAH,[LOKASI KUTIPAN HARGA LADANG] JOHOL,Ladang,,Sayur-Sayuran,03,019,KANGKUNG,F.A.Q,Kilogram,2.6,2.25,
30724494,2026-07-11,2026-07-11 11:33:24.593107,NEGERI SEMBILAN,KUALA PILAH,[LOKASI KUTIPAN HARGA LADANG] JOHOL,Ladang,,Sayur-Sayuran,03,007,SAWI HIJAU (TANAH RENDAH),F.A.Q,Kilogram,3.5,3.5071428,
30724495,2026-07-11,2026-07-11 11:33:24.593107,NEGERI SEMBILAN,KUALA PILAH,[LOKASI KUTIPAN HARGA LADANG] JOHOL,Ladang,,Sayur-Sayuran,03,007,SAWI HIJAU (TANAH RENDAH),F.A.Q,Kilogram,3.3,3.5071428,
30724496,2026-07-11,2026-07-11 11:33:24.593107,NEGERI SEMBILAN,KUALA PILAH,[LOKASI KUTIPAN HARGA LADANG] JOHOL,Ladang,,Sayur-Sayuran,02,010,TERUNG PANJANG / PEPARU (TANAH RENDAH),F.A.Q,Kilogram,4.6,4.426316,
30724497,2026-07-11,2026-07-11 11:33:24.593107,NEGERI SEMBILAN,KUALA PILAH,[LOKASI KUTIPAN HARGA LADANG] JOHOL,Ladang,,Sayur-Sayuran,02,010,TERUNG PANJANG / PEPARU (TANAH RENDAH),F.A.Q,Kilogram,4.3,4.426316,
30724498,2026-07-11,2026-07-11 11:36:19.290779,PERLIS,PERLIS,PASAR BORONG KAMPUNG BAKAU,Borong,20,Buah-Buahan,02,005,BETIK SEKAKI,F.A.Q,Kilogram,4,3.85,
30724499,2026-07-11,2026-07-11 11:36:19.290779,PERLIS,PERLIS,PASAR BORONG KAMPUNG BAKAU,Borong,20,Buah-Buahan,02,005,BETIK SEKAKI,F.A.Q,Kilogram,4,3.85,
30724500,2026-07-11,2026-07-11 11:36:19.290779,PERLIS,PERLIS,PASAR BORONG KAMPUNG BAKAU,Borong,20,Buah-Buahan,02,005,BETIK SEKAKI,F.A.Q,Kilogram,4,3.85,
30724501,2026-07-11,2026-07-11 11:36:19.290779,PERLIS,PERLIS,PASAR BORONG KAMPUNG BAKAU,Borong,20,Buah-Buahan,02,028,PISANG BERANGAN,F.A.Q,Kilogram,4,4.1666665,
30724502,2026-07-11,2026-07-11 11:36:19.290779,PERLIS,PERLIS,PASAR BORONG KAMPUNG BAKAU,Borong,20,Buah-Buahan,02,028,PISANG BERANGAN,F.A.Q,Kilogram,4,4.1666665,
30724503,2026-07-11,2026-07-11 11:36:19.290779,PERLIS,PERLIS,PASAR BORONG KAMPUNG BAKAU,Borong,20,Buah-Buahan,02,028,PISANG BERANGAN,F.A.Q,Kilogram,4,4.1666665,
30724504,2026-07-11,2026-07-11 11:36:19.290779,PERLIS,PERLIS,PASAR BORONG KAMPUNG BAKAU,Borong,20,Buah-Buahan,02,028,PISANG MAS,F.A.Q,Kilogram,4,3.9833333,
30724505,2026-07-11,2026-07-11 11:36:19.290779,PERLIS,PERLIS,PASAR BORONG KAMPUNG BAKAU,Borong,20,Buah-Buahan,02,028,PISANG MAS,F.A.Q,Kilogram,4,3.9833333,
30724506,2026-07-11,2026-07-11 11:36:19.290779,PERLIS,PERLIS,PASAR BORONG KAMPUNG BAKAU,Borong,20,Buah-Buahan,02,028,PISANG MAS,F.A.Q,Kilogram,4,3.9833333,
30724507,2026-07-11,2026-07-11 11:36:19.290779,PERLIS,PERLIS,PASAR BORONG KAMPUNG BAKAU,Borong,20,Buah-Buahan,02,034,TEMBIKAI MERAH TANPA BIJI,F.A.Q,Kilogram,2.5,2.7666667,
30724508,2026-07-11,2026-07-11 11:36:19.290779,PERLIS,PERLIS,PASAR BORONG KAMPUNG BAKAU,Borong,20,Buah-Buahan,02,034,TEMBIKAI MERAH TANPA BIJI,F.A.Q,Kilogram,2.5,2.7666667,
30724509,2026-07-11,2026-07-11 11:36:19.290779,PERLIS,PERLIS,PASAR BORONG KAMPUNG BAKAU,Borong,20,Buah-Buahan,02,034,TEMBIKAI MERAH TANPA BIJI,F.A.Q,Kilogram,2.5,2.7666667,
30724510,2026-07-11,2026-07-11 11:37:28.525208,PERAK,KINTA,PASAR BESAR IPOH,Runcit,26,Sayur-Sayuran,03,001,BAYAM,F.A.Q,Kilogram,6,5.625,
30724511,2026-07-11,2026-07-11 11:37:28.525208,PERAK,KINTA,PASAR BESAR IPOH,Runcit,26,Sayur-Sayuran,03,001,BAYAM,F.A.Q,Kilogram,5,5.625,
30724512,2026-07-11,2026-07-11 11:37:28.525208,PERAK,KINTA,PASAR BESAR IPOH,Runcit,26,Sayur-Sayuran,02,002,CILI HIJAU,F.A.Q,Kilogram,12,11.909091,
30724513,2026-07-11,2026-07-11 11:37:28.525208,PERAK,KINTA,PASAR BESAR IPOH,Runcit,26,Sayur-Sayuran,02,002,CILI HIJAU,F.A.Q,Kilogram,12,11.909091,
30724514,2026-07-11,2026-07-11 11:37:28.525208,PERAK,KINTA,PASAR BESAR IPOH,Runcit,26,Sayur-Sayuran,02,002,CILI MERAH KULAI / KULAI HIBRID,F.A.Q,Kilogram,17,16.5,
30724515,2026-07-11,2026-07-11 11:37:28.525208,PERAK,KINTA,PASAR BESAR IPOH,Runcit,26,Sayur-Sayuran,02,002,CILI MERAH KULAI / KULAI HIBRID,F.A.Q,Kilogram,16,16.5,
30724516,2026-07-11,2026-07-11 11:37:28.525208,PERAK,KINTA,PASAR BESAR IPOH,Runcit,26,Sayur-Sayuran,02,002,CILI MERAH MINYAK,F.A.Q,Kilogram,15,14.291667,
30724517,2026-07-11,2026-07-11 11:37:28.525208,PERAK,KINTA,PASAR BESAR IPOH,Runcit,26,Sayur-Sayuran,02,002,CILI MERAH MINYAK,F.A.Q,Kilogram,14,14.291667,
30724518,2026-07-11,2026-07-11 11:37:28.525208,PERAK,KINTA,PASAR BESAR IPOH,Runcit,26,Sayur-Sayuran,03,009,DAUN BAWANG,F.A.Q,Kilogram,7,6.25,
30724519,2026-07-11,2026-07-11 11:37:28.525208,PERAK,KINTA,PASAR BESAR IPOH,Runcit,26,Sayur-Sayuran,03,009,DAUN BAWANG,F.A.Q,Kilogram,7,6.25,
30724520,2026-07-11,2026-07-11 11:37:28.525208,PERAK,KINTA,PASAR BESAR IPOH,Runcit,26,Sayur-Sayuran,03,015,DAUN SUP (TANAH TINGGI),F.A.Q,Kilogram,20,18.083334,
30724521,2026-07-11,2026-07-11 11:37:28.525208,PERAK,KINTA,PASAR BESAR IPOH,Runcit,26,Sayur-Sayuran,03,015,DAUN SUP (TANAH TINGGI),F.A.Q,Kilogram,19,18.083334,
30724522,2026-07-11,2026-07-11 11:37:28.525208,PERAK,KINTA,PASAR BESAR IPOH,Runcit,26,Sayur-Sayuran,04,002,KACANG BENDI,F.A.Q,Kilogram,7,6.8958335,
30724523,2026-07-11,2026-07-11 11:37:28.525208,PERAK,KINTA,PASAR BESAR IPOH,Runcit,26,Sayur-Sayuran,04,002,KACANG BENDI,F.A.Q,Kilogram,6.5,6.8958335,
30724524,2026-07-11,2026-07-11 11:37:28.525208,PERAK,KINTA,PASAR BESAR IPOH,Runcit,26,Sayur-Sayuran,04,003,KACANG BUNCIS,F.A.Q,Kilogram,13,12.916667,
30724525,2026-07-11,2026-07-11 11:37:28.525208,PERAK,KINTA,PASAR BESAR IPOH,Runcit,26,Sayur-Sayuran,04,003,KACANG BUNCIS,F.A.Q,Kilogram,13,12.916667,
30724526,2026-07-11,2026-07-11 11:37:28.525208,PERAK,KINTA,PASAR BESAR IPOH,Runcit,26,Sayur-Sayuran,04,007,KACANG PANJANG HIJAU,F.A.Q,Kilogram,7,7.3541665,
30724527,2026-07-11,2026-07-11 11:37:28.525208,PERAK,KINTA,PASAR BESAR IPOH,Runcit,26,Sayur-Sayuran,04,007,KACANG PANJANG HIJAU,F.A.Q,Kilogram,6.5,7.3541665,
30724528,2026-07-11,2026-07-11 11:37:28.525208,PERAK,KINTA,PASAR BESAR IPOH,Runcit,26,Sayur-Sayuran,03,019,KANGKUNG,F.A.Q,Kilogram,5,5.181818,
30724529,2026-07-11,2026-07-11 11:37:28.525208,PERAK,KINTA,PASAR BESAR IPOH,Runcit,26,Sayur-Sayuran,03,019,KANGKUNG,F.A.Q,Kilogram,5,5.181818,
30724530,2026-07-11,2026-07-11 11:37:28.525208,PERAK,KINTA,PASAR BESAR IPOH,Runcit,26,Sayur-Sayuran,03,006,KUBIS BULAT (CHINA),F.A.Q,Kilogram,3.8,3.6833334,
30724531,2026-07-11,2026-07-11 11:37:28.525208,PERAK,KINTA,PASAR BESAR IPOH,Runcit,26,Sayur-Sayuran,03,006,KUBIS BULAT (CHINA),F.A.Q,Kilogram,3.5,3.6833334,
30724532,2026-07-11,2026-07-11 11:37:28.525208,PERAK,KINTA,PASAR BESAR IPOH,Runcit,26,Sayur-Sayuran,03,006,KUBIS BULAT (TANAH TINGGI),F.A.Q,Kilogram,5,4.4395833,
30724533,2026-07-11,2026-07-11 11:37:28.525208,PERAK,KINTA,PASAR BESAR IPOH,Runcit,26,Sayur-Sayuran,03,006,KUBIS BULAT (TANAH TINGGI),F.A.Q,Kilogram,4,4.4395833,
30724534,2026-07-11,2026-07-11 11:37:28.525208,PERAK,KINTA,PASAR BESAR IPOH,Runcit,26,Sayur-Sayuran,03,007,SAWI HIJAU TANAH TINGGI,F.A.Q,Kilogram,6,5.8333335,
30724535,2026-07-11,2026-07-11 11:37:28.525208,PERAK,KINTA,PASAR BESAR IPOH,Runcit,26,Sayur-Sayuran,03,007,SAWI HIJAU TANAH TINGGI,F.A.Q,Kilogram,6,5.8333335,
30724536,2026-07-11,2026-07-11 11:37:28.525208,PERAK,KINTA,PASAR BESAR IPOH,Runcit,26,Sayur-Sayuran,02,010,TERUNG PANJANG / PEPARU (TANAH RENDAH),F.A.Q,Kilogram,7.5,7.2916665,
30724537,2026-07-11,2026-07-11 11:37:28.525208,PERAK,KINTA,PASAR BESAR IPOH,Runcit,26,Sayur-Sayuran,02,010,TERUNG PANJANG / PEPARU (TANAH RENDAH),F.A.Q,Kilogram,7,7.2916665,
30724538,2026-07-11,2026-07-11 11:37:28.525208,PERAK,KINTA,PASAR BESAR IPOH,Runcit,26,Sayur-Sayuran,02,011,TIMUN HIJAU,F.A.Q,Kilogram,4,3.8583333,
30724539,2026-07-11,2026-07-11 11:37:28.525208,PERAK,KINTA,PASAR BESAR IPOH,Runcit,26,Sayur-Sayuran,02,011,TIMUN HIJAU,F.A.Q,Kilogram,3.5,3.8583333,
30724540,2026-07-11,2026-07-11 11:37:28.525208,PERAK,KINTA,PASAR BESAR IPOH,Runcit,26,Sayur-Sayuran,02,012,TOMATO (TANAH TINGGI),F.A.Q,Kilogram,8.5,8.854167,
30724541,2026-07-11,2026-07-11 11:37:28.525208,PERAK,KINTA,PASAR BESAR IPOH,Runcit,26,Sayur-Sayuran,02,012,TOMATO (TANAH TINGGI),F.A.Q,Kilogram,8,8.854167,
30724542,2026-07-11,2026-07-11 11:38:36.04651,PERLIS,PERLIS,PASAR BORONG KAMPUNG BAKAU,Borong,20,Ternakan,11,001,TELUR AYAM,A,Biji,0.4,0.39666668,
30724543,2026-07-11,2026-07-11 11:38:36.04651,PERLIS,PERLIS,PASAR BORONG KAMPUNG BAKAU,Borong,20,Ternakan,11,001,TELUR AYAM,B,Biji,0.36,0.37166667,
30724544,2026-07-11,2026-07-11 11:38:36.04651,PERLIS,PERLIS,PASAR BORONG KAMPUNG BAKAU,Borong,20,Ternakan,11,001,TELUR AYAM,C,Biji,0.33,0.32666665,
30724545,2026-07-11,2026-07-11 11:40:07.996725,PERLIS,PERLIS,PASAR BORONG KAMPUNG BAKAU,Borong,20,Sayur-Sayuran,05,001,BAWANG BESAR KUNING / HOLLAND,F.A.Q,Kilogram,2.8,2.4571428,
30724546,2026-07-11,2026-07-11 11:40:07.996725,PERLIS,PERLIS,PASAR BORONG KAMPUNG BAKAU,Borong,20,Sayur-Sayuran,05,001,BAWANG BESAR MERAH (CHINA),F.A.Q,Kilogram,3.5,3.357143,
30724547,2026-07-11,2026-07-11 11:40:07.996725,PERLIS,PERLIS,PASAR BORONG KAMPUNG BAKAU,Borong,20,Sayur-Sayuran,05,001,BAWANG BESAR MERAH (IMPORT),F.A.Q,Kilogram,2.8,2.7,
30724548,2026-07-11,2026-07-11 11:40:07.996725,PERLIS,PERLIS,PASAR BORONG KAMPUNG BAKAU,Borong,20,Sayur-Sayuran,05,001,BAWANG BESAR MERAH (INDIA),F.A.Q,Kilogram,2.8,2.8333333,
30724549,2026-07-11,2026-07-11 11:40:07.996725,PERLIS,PERLIS,PASAR BORONG KAMPUNG BAKAU,Borong,20,Sayur-Sayuran,05,001,BAWANG BESAR MERAH (PAKISTAN),F.A.Q,Kilogram,3.3,3.2,
30724550,2026-07-11,2026-07-11 11:40:07.996725,PERLIS,PERLIS,PASAR BORONG KAMPUNG BAKAU,Borong,20,Sayur-Sayuran,05,001,BAWANG MERAH / KECIL (IMPORT),F.A.Q,Kilogram,4.5,4.357143,
30724551,2026-07-11,2026-07-11 11:40:07.996725,PERLIS,PERLIS,PASAR BORONG KAMPUNG BAKAU,Borong,20,Sayur-Sayuran,05,001,BAWANG MERAH / KECIL (INDIA),F.A.Q,Kilogram,5,4.785714,
30724552,2026-07-11,2026-07-11 11:40:07.996725,PERLIS,PERLIS,PASAR BORONG KAMPUNG BAKAU,Borong,20,Sayur-Sayuran,05,001,BAWANG MERAH / KECIL (PAKISTAN),F.A.Q,Kilogram,8,7.928571,
30724553,2026-07-11,2026-07-11 11:40:07.996725,PERLIS,PERLIS,PASAR BORONG KAMPUNG BAKAU,Borong,20,Sayur-Sayuran,05,001,BAWANG MERAH / KECIL (THAI),F.A.Q,Kilogram,7,8,
30724554,2026-07-11,2026-07-11 11:40:07.996725,PERLIS,PERLIS,PASAR BORONG KAMPUNG BAKAU,Borong,20,Sayur-Sayuran,05,001,BAWANG MERAH ROSE,F.A.Q,Kilogram,8,8.285714,
30724555,2026-07-11,2026-07-11 11:40:07.996725,PERLIS,PERLIS,PASAR BORONG KAMPUNG BAKAU,Borong,20,Sayur-Sayuran,05,001,BAWANG PUTIH (CHINA),F.A.Q,Kilogram,6,6.6666665,
30724556,2026-07-11,2026-07-11 11:40:07.996725,PERLIS,PERLIS,PASAR BORONG KAMPUNG BAKAU,Borong,20,Sayur-Sayuran,05,009,UBI KENTANG (IMPORT),F.A.Q,Kilogram,2,1.9428571,
30724557,2026-07-11,2026-07-11 11:40:07.996725,PERLIS,PERLIS,PASAR BORONG KAMPUNG BAKAU,Borong,20,Sayur-Sayuran,05,009,UBI KENTANG HOLLAND,F.A.Q,Kilogram,2,1.9714285,
30724558,2026-07-11,2026-07-11 11:40:40.875511,PERAK,KINTA,LADANG/KEBUN KANTHAN,Ladang,,Sayur-Sayuran,03,001,BAYAM,F.A.Q,Kilogram,1.7,1.5666667,
30724559,2026-07-11,2026-07-11 11:40:40.875511,PERAK,KINTA,LADANG/KEBUN KANTHAN,Ladang,,Sayur-Sayuran,03,001,BAYAM,F.A.Q,Kilogram,1.5,1.5666667,
30724560,2026-07-11,2026-07-11 11:40:40.875511,PERAK,KINTA,LADANG/KEBUN KANTHAN,Ladang,,Sayur-Sayuran,02,002,CILI HIJAU,F.A.Q,Kilogram,6,5.4583335,
30724561,2026-07-11,2026-07-11 11:40:40.875511,PERAK,KINTA,LADANG/KEBUN KANTHAN,Ladang,,Sayur-Sayuran,02,002,CILI HIJAU,F.A.Q,Kilogram,5,5.4583335,
30724562,2026-07-11,2026-07-11 11:40:40.875511,PERAK,KINTA,LADANG/KEBUN KANTHAN,Ladang,,Sayur-Sayuran,02,002,CILI MERAH KULAI / KULAI HIBRID,F.A.Q,Kilogram,8.5,8.458333,
30724563,2026-07-11,2026-07-11 11:40:40.875511,PERAK,KINTA,LADANG/KEBUN KANTHAN,Ladang,,Sayur-Sayuran,02,002,CILI MERAH KULAI / KULAI HIBRID,F.A.Q,Kilogram,8,8.458333,
30724564,2026-07-11,2026-07-11 11:40:40.875511,PERAK,KINTA,LADANG/KEBUN KANTHAN,Ladang,,Sayur-Sayuran,04,002,KACANG BENDI,F.A.Q,Kilogram,2.5,2.3833334,
30724565,2026-07-11,2026-07-11 11:40:40.875511,PERAK,KINTA,LADANG/KEBUN KANTHAN,Ladang,,Sayur-Sayuran,04,002,KACANG BENDI,F.A.Q,Kilogram,2.5,2.3833334,
30724566,2026-07-11,2026-07-11 11:40:40.875511,PERAK,KINTA,LADANG/KEBUN KANTHAN,Ladang,,Sayur-Sayuran,04,007,KACANG PANJANG HIJAU,F.A.Q,Kilogram,2.5,2.6208334,
30724567,2026-07-11,2026-07-11 11:40:40.875511,PERAK,KINTA,LADANG/KEBUN KANTHAN,Ladang,,Sayur-Sayuran,04,007,KACANG PANJANG HIJAU,F.A.Q,Kilogram,2.5,2.6208334,
30724568,2026-07-11,2026-07-11 11:40:40.875511,PERAK,KINTA,LADANG/KEBUN KANTHAN,Ladang,,Sayur-Sayuran,03,019,KANGKUNG,F.A.Q,Kilogram,1.5,1.4083333,
30724569,2026-07-11,2026-07-11 11:40:40.875511,PERAK,KINTA,LADANG/KEBUN KANTHAN,Ladang,,Sayur-Sayuran,03,019,KANGKUNG,F.A.Q,Kilogram,1.4,1.4083333,
30724570,2026-07-11,2026-07-11 11:40:40.875511,PERAK,KINTA,LADANG/KEBUN KANTHAN,Ladang,,Sayur-Sayuran,02,011,TIMUN HIJAU,F.A.Q,Kilogram,1.1,1.1083333,
30724571,2026-07-11,2026-07-11 11:40:40.875511,PERAK,KINTA,LADANG/KEBUN KANTHAN,Ladang,,Sayur-Sayuran,02,011,TIMUN HIJAU,F.A.Q,Kilogram,0.85,1.1083333,
30724572,2026-07-11,2026-07-11 11:41:25.194559,PERLIS,PERLIS,,Borong,20,Tanaman Kontan,05,001,KELAPA DIKUPAS,SEDANG,Biji,1.8,1.8,
30724573,2026-07-11,2026-07-11 11:41:25.194559,PERLIS,PERLIS,,Borong,20,Tanaman Kontan,05,001,KELAPA DIKUPAS,SEDANG,Biji,1.8,1.8,
30724574,2026-07-11,2026-07-11 11:41:25.194559,PERLIS,PERLIS,,Borong,20,Tanaman Kontan,05,001,KELAPA DIKUPAS,SEDANG,Biji,1.8,1.8,
30724575,2026-07-11,2026-07-11 11:41:25.194559,PERLIS,PERLIS,,Borong,20,Tanaman Kontan,05,001,KELAPA DIKUPAS,SEDANG,Biji,1.8,1.8,
30724585,2026-07-11,2026-07-11 11:50:18.258855,PERLIS,PERLIS,PASAR BORONG KAMPUNG BAKAU,Borong,20,Sayur-Sayuran,03,001,BAYAM,F.A.Q,Kilogram,4,4.016667,
30724586,2026-07-11,2026-07-11 11:50:18.258855,PERLIS,PERLIS,PASAR BORONG KAMPUNG BAKAU,Borong,20,Sayur-Sayuran,03,001,BAYAM,F.A.Q,Kilogram,4,4.016667,
30724587,2026-07-11,2026-07-11 11:50:18.258855,PERLIS,PERLIS,PASAR BORONG KAMPUNG BAKAU,Borong,20,Sayur-Sayuran,03,001,BAYAM,F.A.Q,Kilogram,4,4.016667,
30724588,2026-07-11,2026-07-11 11:50:18.258855,PERLIS,PERLIS,PASAR BORONG KAMPUNG BAKAU,Borong,20,Sayur-Sayuran,03,001,BAYAM,F.A.Q,Kilogram,4,4.016667,
30724589,2026-07-11,2026-07-11 11:50:18.258855,PERLIS,PERLIS,PASAR BORONG KAMPUNG BAKAU,Borong,20,Sayur-Sayuran,02,002,CILI MERAH (THAILAND),F.A.Q,Kilogram,9,8.5,
30724590,2026-07-11,2026-07-11 11:50:18.258855,PERLIS,PERLIS,PASAR BORONG KAMPUNG BAKAU,Borong,20,Sayur-Sayuran,02,002,CILI MERAH (THAILAND),F.A.Q,Kilogram,9,8.5,
30724591,2026-07-11,2026-07-11 11:50:18.258855,PERLIS,PERLIS,PASAR BORONG KAMPUNG BAKAU,Borong,20,Sayur-Sayuran,02,002,CILI MERAH (THAILAND),F.A.Q,Kilogram,9,8.5,
30724592,2026-07-11,2026-07-11 11:50:18.258855,PERLIS,PERLIS,PASAR BORONG KAMPUNG BAKAU,Borong,20,Sayur-Sayuran,02,002,CILI MERAH (THAILAND),F.A.Q,Kilogram,9,8.5,
30724593,2026-07-11,2026-07-11 11:50:18.258855,PERLIS,PERLIS,PASAR BORONG KAMPUNG BAKAU,Borong,20,Sayur-Sayuran,02,002,CILI MERAH (VIETNAM),F.A.Q,Kilogram,8,6.5625,
30724594,2026-07-11,2026-07-11 11:50:18.258855,PERLIS,PERLIS,PASAR BORONG KAMPUNG BAKAU,Borong,20,Sayur-Sayuran,02,002,CILI MERAH (VIETNAM),F.A.Q,Kilogram,8,6.5625,
30724595,2026-07-11,2026-07-11 11:50:18.258855,PERLIS,PERLIS,PASAR BORONG KAMPUNG BAKAU,Borong,20,Sayur-Sayuran,02,002,CILI MERAH (VIETNAM),F.A.Q,Kilogram,8,6.5625,
30724596,2026-07-11,2026-07-11 11:50:18.258855,PERLIS,PERLIS,PASAR BORONG KAMPUNG BAKAU,Borong,20,Sayur-Sayuran,02,002,CILI MERAH (VIETNAM),F.A.Q,Kilogram,8,6.5625,
30724597,2026-07-11,2026-07-11 11:50:18.258855,PERLIS,PERLIS,PASAR BORONG KAMPUNG BAKAU,Borong,20,Sayur-Sayuran,02,002,CILI MERAH KULAI / KULAI HIBRID,F.A.Q,Kilogram,13,13.6595745,
30724598,2026-07-11,2026-07-11 11:50:18.258855,PERLIS,PERLIS,PASAR BORONG KAMPUNG BAKAU,Borong,20,Sayur-Sayuran,02,002,CILI MERAH KULAI / KULAI HIBRID,F.A.Q,Kilogram,13,13.6595745,
30724599,2026-07-11,2026-07-11 11:50:18.258855,PERLIS,PERLIS,PASAR BORONG KAMPUNG BAKAU,Borong,20,Sayur-Sayuran,02,002,CILI MERAH KULAI / KULAI HIBRID,F.A.Q,Kilogram,13,13.6595745,
30724600,2026-07-11,2026-07-11 11:50:18.258855,PERLIS,PERLIS,PASAR BORONG KAMPUNG BAKAU,Borong,20,Sayur-Sayuran,02,002,CILI MERAH KULAI / KULAI HIBRID,F.A.Q,Kilogram,13,13.6595745,
30724601,2026-07-11,2026-07-11 11:50:18.258855,PERLIS,PERLIS,PASAR BORONG KAMPUNG BAKAU,Borong,20,Sayur-Sayuran,02,002,CILI MERAH MINYAK,F.A.Q,Kilogram,9,9.09375,
30724602,2026-07-11,2026-07-11 11:50:18.258855,PERLIS,PERLIS,PASAR BORONG KAMPUNG BAKAU,Borong,20,Sayur-Sayuran,02,002,CILI MERAH MINYAK,F.A.Q,Kilogram,9,9.09375,
30724603,2026-07-11,2026-07-11 11:50:18.258855,PERLIS,PERLIS,PASAR BORONG KAMPUNG BAKAU,Borong,20,Sayur-Sayuran,02,002,CILI MERAH MINYAK,F.A.Q,Kilogram,9,9.09375,
30724604,2026-07-11,2026-07-11 11:50:18.258855,PERLIS,PERLIS,PASAR BORONG KAMPUNG BAKAU,Borong,20,Sayur-Sayuran,02,002,CILI MERAH MINYAK,F.A.Q,Kilogram,9,9.09375,
30724605,2026-07-11,2026-07-11 11:50:18.258855,PERLIS,PERLIS,PASAR BORONG KAMPUNG BAKAU,Borong,20,Sayur-Sayuran,03,009,DAUN BAWANG,F.A.Q,Kilogram,6,5.3333335,
30724606,2026-07-11,2026-07-11 11:50:18.258855,PERLIS,PERLIS,PASAR BORONG KAMPUNG BAKAU,Borong,20,Sayur-Sayuran,03,009,DAUN BAWANG,F.A.Q,Kilogram,6,5.3333335,
30724607,2026-07-11,2026-07-11 11:50:18.258855,PERLIS,PERLIS,PASAR BORONG KAMPUNG BAKAU,Borong,20,Sayur-Sayuran,03,009,DAUN BAWANG,F.A.Q,Kilogram,6,5.3333335,
30724608,2026-07-11,2026-07-11 11:50:18.258855,PERLIS,PERLIS,PASAR BORONG KAMPUNG BAKAU,Borong,20,Sayur-Sayuran,03,009,DAUN BAWANG,F.A.Q,Kilogram,6,5.3333335,
30724609,2026-07-11,2026-07-11 11:50:18.258855,PERLIS,PERLIS,PASAR BORONG KAMPUNG BAKAU,Borong,20,Sayur-Sayuran,03,009,DAUN BAWANG (IMPORT),F.A.Q,Kilogram,7,6.3333335,
30724610,2026-07-11,2026-07-11 11:50:18.258855,PERLIS,PERLIS,PASAR BORONG KAMPUNG BAKAU,Borong,20,Sayur-Sayuran,03,009,DAUN BAWANG (IMPORT),F.A.Q,Kilogram,7,6.3333335,
30724611,2026-07-11,2026-07-11 11:50:18.258855,PERLIS,PERLIS,PASAR BORONG KAMPUNG BAKAU,Borong,20,Sayur-Sayuran,03,009,DAUN BAWANG (IMPORT),F.A.Q,Kilogram,7,6.3333335,
30724612,2026-07-11,2026-07-11 11:50:18.258855,PERLIS,PERLIS,PASAR BORONG KAMPUNG BAKAU,Borong,20,Sayur-Sayuran,03,009,DAUN BAWANG (IMPORT),F.A.Q,Kilogram,7,6.3333335,
30724613,2026-07-11,2026-07-11 11:50:18.258855,PERLIS,PERLIS,PASAR BORONG KAMPUNG BAKAU,Borong,20,Sayur-Sayuran,03,015,DAUN SUP (IMPORT),F.A.Q,Kilogram,9,9.666667,
30724614,2026-07-11,2026-07-11 11:50:18.258855,PERLIS,PERLIS,PASAR BORONG KAMPUNG BAKAU,Borong,20,Sayur-Sayuran,03,015,DAUN SUP (IMPORT),F.A.Q,Kilogram,9,9.666667,
30724615,2026-07-11,2026-07-11 11:50:18.258855,PERLIS,PERLIS,PASAR BORONG KAMPUNG BAKAU,Borong,20,Sayur-Sayuran,03,015,DAUN SUP (IMPORT),F.A.Q,Kilogram,9,9.666667,
30724616,2026-07-11,2026-07-11 11:50:18.258855,PERLIS,PERLIS,PASAR BORONG KAMPUNG BAKAU,Borong,20,Sayur-Sayuran,03,015,DAUN SUP (IMPORT),F.A.Q,Kilogram,9,9.666667,
30724617,2026-07-11,2026-07-11 11:50:18.258855,PERLIS,PERLIS,PASAR BORONG KAMPUNG BAKAU,Borong,20,Sayur-Sayuran,03,015,DAUN SUP (TANAH TINGGI),F.A.Q,Kilogram,12,11.666667,
30724618,2026-07-11,2026-07-11 11:50:18.258855,PERLIS,PERLIS,PASAR BORONG KAMPUNG BAKAU,Borong,20,Sayur-Sayuran,03,015,DAUN SUP (TANAH TINGGI),F.A.Q,Kilogram,12,11.666667,
30724619,2026-07-11,2026-07-11 11:50:18.258855,PERLIS,PERLIS,PASAR BORONG KAMPUNG BAKAU,Borong,20,Sayur-Sayuran,03,015,DAUN SUP (TANAH TINGGI),F.A.Q,Kilogram,12,11.666667,
30724620,2026-07-11,2026-07-11 11:50:18.258855,PERLIS,PERLIS,PASAR BORONG KAMPUNG BAKAU,Borong,20,Sayur-Sayuran,03,015,DAUN SUP (TANAH TINGGI),F.A.Q,Kilogram,12,11.666667,
30724621,2026-07-11,2026-07-11 11:50:18.258855,PERLIS,PERLIS,PASAR BORONG KAMPUNG BAKAU,Borong,20,Sayur-Sayuran,04,002,KACANG BENDI,F.A.Q,Kilogram,6,5.37234,
30724622,2026-07-11,2026-07-11 11:50:18.258855,PERLIS,PERLIS,PASAR BORONG KAMPUNG BAKAU,Borong,20,Sayur-Sayuran,04,002,KACANG BENDI,F.A.Q,Kilogram,6,5.37234,
30724623,2026-07-11,2026-07-11 11:50:18.258855,PERLIS,PERLIS,PASAR BORONG KAMPUNG BAKAU,Borong,20,Sayur-Sayuran,04,002,KACANG BENDI,F.A.Q,Kilogram,6,5.37234,
30724624,2026-07-11,2026-07-11 11:50:18.258855,PERLIS,PERLIS,PASAR BORONG KAMPUNG BAKAU,Borong,20,Sayur-Sayuran,04,002,KACANG BENDI,F.A.Q,Kilogram,6,5.37234,
30724625,2026-07-11,2026-07-11 11:50:18.258855,PERLIS,PERLIS,PASAR BORONG KAMPUNG BAKAU,Borong,20,Sayur-Sayuran,04,003,KACANG BUNCIS,F.A.Q,Kilogram,11,9.166667,
30724626,2026-07-11,2026-07-11 11:50:18.258855,PERLIS,PERLIS,PASAR BORONG KAMPUNG BAKAU,Borong,20,Sayur-Sayuran,04,003,KACANG BUNCIS,F.A.Q,Kilogram,11,9.166667,
30724627,2026-07-11,2026-07-11 11:50:18.258855,PERLIS,PERLIS,PASAR BORONG KAMPUNG BAKAU,Borong,20,Sayur-Sayuran,04,003,KACANG BUNCIS,F.A.Q,Kilogram,11,9.166667,
30724628,2026-07-11,2026-07-11 11:50:18.258855,PERLIS,PERLIS,PASAR BORONG KAMPUNG BAKAU,Borong,20,Sayur-Sayuran,04,003,KACANG BUNCIS,F.A.Q,Kilogram,11,9.166667,
30724629,2026-07-11,2026-07-11 11:50:18.258855,PERLIS,PERLIS,PASAR BORONG KAMPUNG BAKAU,Borong,20,Sayur-Sayuran,04,003,KACANG BUNCIS (IMPORT),F.A.Q,Kilogram,9,8.5,
30724630,2026-07-11,2026-07-11 11:50:18.258855,PERLIS,PERLIS,PASAR BORONG KAMPUNG BAKAU,Borong,20,Sayur-Sayuran,04,003,KACANG BUNCIS (IMPORT),F.A.Q,Kilogram,9,8.5,
30724631,2026-07-11,2026-07-11 11:50:18.258855,PERLIS,PERLIS,PASAR BORONG KAMPUNG BAKAU,Borong,20,Sayur-Sayuran,04,003,KACANG BUNCIS (IMPORT),F.A.Q,Kilogram,9,8.5,
30724632,2026-07-11,2026-07-11 11:50:18.258855,PERLIS,PERLIS,PASAR BORONG KAMPUNG BAKAU,Borong,20,Sayur-Sayuran,04,003,KACANG BUNCIS (IMPORT),F.A.Q,Kilogram,9,8.5,
30724633,2026-07-11,2026-07-11 11:50:18.258855,PERLIS,PERLIS,PASAR BORONG KAMPUNG BAKAU,Borong,20,Sayur-Sayuran,04,007,KACANG PANJANG HIJAU,F.A.Q,Kilogram,5,5,
30724634,2026-07-11,2026-07-11 11:50:18.258855,PERLIS,PERLIS,PASAR BORONG KAMPUNG BAKAU,Borong,20,Sayur-Sayuran,04,007,KACANG PANJANG HIJAU,F.A.Q,Kilogram,5,5,
30724635,2026-07-11,2026-07-11 11:50:18.258855,PERLIS,PERLIS,PASAR BORONG KAMPUNG BAKAU,Borong,20,Sayur-Sayuran,04,007,KACANG PANJANG HIJAU,F.A.Q,Kilogram,5,5,
30724636,2026-07-11,2026-07-11 11:50:18.258855,PERLIS,PERLIS,PASAR BORONG KAMPUNG BAKAU,Borong,20,Sayur-Sayuran,04,007,KACANG PANJANG HIJAU,F.A.Q,Kilogram,5,5,
30724637,2026-07-11,2026-07-11 11:50:18.258855,PERLIS,PERLIS,PASAR BORONG KAMPUNG BAKAU,Borong,20,Sayur-Sayuran,04,007,KACANG PANJANG HIJAU (IMPORT),F.A.Q,Kilogram,6,5.455,
30724638,2026-07-11,2026-07-11 11:50:18.258855,PERLIS,PERLIS,PASAR BORONG KAMPUNG BAKAU,Borong,20,Sayur-Sayuran,04,007,KACANG PANJANG HIJAU (IMPORT),F.A.Q,Kilogram,6,5.455,
30724639,2026-07-11,2026-07-11 11:50:18.258855,PERLIS,PERLIS,PASAR BORONG KAMPUNG BAKAU,Borong,20,Sayur-Sayuran,04,007,KACANG PANJANG HIJAU (IMPORT),F.A.Q,Kilogram,6,5.455,
30724640,2026-07-11,2026-07-11 11:50:18.258855,PERLIS,PERLIS,PASAR BORONG KAMPUNG BAKAU,Borong,20,Sayur-Sayuran,04,007,KACANG PANJANG HIJAU (IMPORT),F.A.Q,Kilogram,6,5.455,
30724641,2026-07-11,2026-07-11 11:50:18.258855,PERLIS,PERLIS,PASAR BORONG KAMPUNG BAKAU,Borong,20,Sayur-Sayuran,03,019,KANGKUNG,F.A.Q,Kilogram,4,4,
30724642,2026-07-11,2026-07-11 11:50:18.258855,PERLIS,PERLIS,PASAR BORONG KAMPUNG BAKAU,Borong,20,Sayur-Sayuran,03,019,KANGKUNG,F.A.Q,Kilogram,4,4,
30724643,2026-07-11,2026-07-11 11:50:18.258855,PERLIS,PERLIS,PASAR BORONG KAMPUNG BAKAU,Borong,20,Sayur-Sayuran,03,019,KANGKUNG,F.A.Q,Kilogram,4,4,
30724644,2026-07-11,2026-07-11 11:50:18.258855,PERLIS,PERLIS,PASAR BORONG KAMPUNG BAKAU,Borong,20,Sayur-Sayuran,03,019,KANGKUNG,F.A.Q,Kilogram,4,4,
30724645,2026-07-11,2026-07-11 11:50:18.258855,PERLIS,PERLIS,PASAR BORONG KAMPUNG BAKAU,Borong,20,Sayur-Sayuran,03,006,KUBIS BULAT (CHINA),F.A.Q,Kilogram,2,2.1666667,
30724646,2026-07-11,2026-07-11 11:50:18.258855,PERLIS,PERLIS,PASAR BORONG KAMPUNG BAKAU,Borong,20,Sayur-Sayuran,03,006,KUBIS BULAT (CHINA),F.A.Q,Kilogram,2,2.1666667,
30724647,2026-07-11,2026-07-11 11:50:18.258855,PERLIS,PERLIS,PASAR BORONG KAMPUNG BAKAU,Borong,20,Sayur-Sayuran,03,006,KUBIS BULAT (CHINA),F.A.Q,Kilogram,2,2.1666667,
30724648,2026-07-11,2026-07-11 11:50:18.258855,PERLIS,PERLIS,PASAR BORONG KAMPUNG BAKAU,Borong,20,Sayur-Sayuran,03,006,KUBIS BULAT (CHINA),F.A.Q,Kilogram,2,2.1666667,
30724649,2026-07-11,2026-07-11 11:50:18.258855,PERLIS,PERLIS,PASAR BORONG KAMPUNG BAKAU,Borong,20,Sayur-Sayuran,03,007,SAWI HIJAU (IMPORT),F.A.Q,Kilogram,3,3.425,
30724650,2026-07-11,2026-07-11 11:50:18.258855,PERLIS,PERLIS,PASAR BORONG KAMPUNG BAKAU,Borong,20,Sayur-Sayuran,03,007,SAWI HIJAU (IMPORT),F.A.Q,Kilogram,3,3.425,
30724651,2026-07-11,2026-07-11 11:50:18.258855,PERLIS,PERLIS,PASAR BORONG KAMPUNG BAKAU,Borong,20,Sayur-Sayuran,03,007,SAWI HIJAU (IMPORT),F.A.Q,Kilogram,3,3.425,
30724652,2026-07-11,2026-07-11 11:50:18.258855,PERLIS,PERLIS,PASAR BORONG KAMPUNG BAKAU,Borong,20,Sayur-Sayuran,03,007,SAWI HIJAU (IMPORT),F.A.Q,Kilogram,3,3.425,
30724653,2026-07-11,2026-07-11 11:50:18.258855,PERLIS,PERLIS,PASAR BORONG KAMPUNG BAKAU,Borong,20,Sayur-Sayuran,03,007,SAWI HIJAU (TANAH RENDAH),F.A.Q,Kilogram,4,4.047917,
30724654,2026-07-11,2026-07-11 11:50:18.258855,PERLIS,PERLIS,PASAR BORONG KAMPUNG BAKAU,Borong,20,Sayur-Sayuran,03,007,SAWI HIJAU (TANAH RENDAH),F.A.Q,Kilogram,4,4.047917,
30724655,2026-07-11,2026-07-11 11:50:18.389598,PERLIS,PERLIS,PASAR BORONG KAMPUNG BAKAU,Borong,20,Sayur-Sayuran,03,007,SAWI HIJAU (TANAH RENDAH),F.A.Q,Kilogram,4,4.047917,
30724656,2026-07-11,2026-07-11 11:50:18.389598,PERLIS,PERLIS,PASAR BORONG KAMPUNG BAKAU,Borong,20,Sayur-Sayuran,03,007,SAWI HIJAU (TANAH RENDAH),F.A.Q,Kilogram,4,4.047917,
30724657,2026-07-11,2026-07-11 11:50:18.389598,PERLIS,PERLIS,PASAR BORONG KAMPUNG BAKAU,Borong,20,Sayur-Sayuran,03,007,SAWI HIJAU TANAH TINGGI,F.A.Q,Kilogram,3,2.9166667,
30724658,2026-07-11,2026-07-11 11:50:18.389598,PERLIS,PERLIS,PASAR BORONG KAMPUNG BAKAU,Borong,20,Sayur-Sayuran,03,007,SAWI HIJAU TANAH TINGGI,F.A.Q,Kilogram,3,2.9166667,
30724659,2026-07-11,2026-07-11 11:50:18.389598,PERLIS,PERLIS,PASAR BORONG KAMPUNG BAKAU,Borong,20,Sayur-Sayuran,03,007,SAWI HIJAU TANAH TINGGI,F.A.Q,Kilogram,3,2.9166667,
30724660,2026-07-11,2026-07-11 11:50:18.389598,PERLIS,PERLIS,PASAR BORONG KAMPUNG BAKAU,Borong,20,Sayur-Sayuran,03,007,SAWI HIJAU TANAH TINGGI,F.A.Q,Kilogram,3,2.9166667,
30724661,2026-07-11,2026-07-11 11:50:18.389598,PERLIS,PERLIS,PASAR BORONG KAMPUNG BAKAU,Borong,20,Sayur-Sayuran,02,010,TERUNG PANJANG / PEPARU (IMPORT),F.A.Q,Kilogram,5,5,
30724662,2026-07-11,2026-07-11 11:50:18.389598,PERLIS,PERLIS,PASAR BORONG KAMPUNG BAKAU,Borong,20,Sayur-Sayuran,02,010,TERUNG PANJANG / PEPARU (IMPORT),F.A.Q,Kilogram,5,5,
30724663,2026-07-11,2026-07-11 11:50:18.389598,PERLIS,PERLIS,PASAR BORONG KAMPUNG BAKAU,Borong,20,Sayur-Sayuran,02,010,TERUNG PANJANG / PEPARU (IMPORT),F.A.Q,Kilogram,5,5,
30724664,2026-07-11,2026-07-11 11:50:18.389598,PERLIS,PERLIS,PASAR BORONG KAMPUNG BAKAU,Borong,20,Sayur-Sayuran,02,010,TERUNG PANJANG / PEPARU (IMPORT),F.A.Q,Kilogram,5,5,
30724665,2026-07-11,2026-07-11 11:50:18.389598,PERLIS,PERLIS,PASAR BORONG KAMPUNG BAKAU,Borong,20,Sayur-Sayuran,02,010,TERUNG PANJANG / PEPARU (TANAH RENDAH),F.A.Q,Kilogram,5,5.3020835,
30724666,2026-07-11,2026-07-11 11:50:18.389598,PERLIS,PERLIS,PASAR BORONG KAMPUNG BAKAU,Borong,20,Sayur-Sayuran,02,010,TERUNG PANJANG / PEPARU (TANAH RENDAH),F.A.Q,Kilogram,5,5.3020835,
30724667,2026-07-11,2026-07-11 11:50:18.389598,PERLIS,PERLIS,PASAR BORONG KAMPUNG BAKAU,Borong,20,Sayur-Sayuran,02,010,TERUNG PANJANG / PEPARU (TANAH RENDAH),F.A.Q,Kilogram,5,5.3020835,
30724668,2026-07-11,2026-07-11 11:50:18.389598,PERLIS,PERLIS,PASAR BORONG KAMPUNG BAKAU,Borong,20,Sayur-Sayuran,02,010,TERUNG PANJANG / PEPARU (TANAH RENDAH),F.A.Q,Kilogram,5,5.3020835,
30724669,2026-07-11,2026-07-11 11:50:18.389598,PERLIS,PERLIS,PASAR BORONG KAMPUNG BAKAU,Borong,20,Sayur-Sayuran,02,011,TIMUN HIJAU,F.A.Q,Kilogram,2.5,2.8708334,
30724670,2026-07-11,2026-07-11 11:50:18.389598,PERLIS,PERLIS,PASAR BORONG KAMPUNG BAKAU,Borong,20,Sayur-Sayuran,02,011,TIMUN HIJAU,F.A.Q,Kilogram,2.5,2.8708334,
30724671,2026-07-11,2026-07-11 11:50:18.389598,PERLIS,PERLIS,PASAR BORONG KAMPUNG BAKAU,Borong,20,Sayur-Sayuran,02,011,TIMUN HIJAU,F.A.Q,Kilogram,2.5,2.8708334,
30724672,2026-07-11,2026-07-11 11:50:18.389598,PERLIS,PERLIS,PASAR BORONG KAMPUNG BAKAU,Borong,20,Sayur-Sayuran,02,011,TIMUN HIJAU,F.A.Q,Kilogram,2.5,2.8708334,
30724673,2026-07-11,2026-07-11 11:50:18.389598,PERLIS,PERLIS,PASAR BORONG KAMPUNG BAKAU,Borong,20,Sayur-Sayuran,02,011,TIMUN HIJAU (IMPORT),F.A.Q,Kilogram,3,3,
30724674,2026-07-11,2026-07-11 11:50:18.389598,PERLIS,PERLIS,PASAR BORONG KAMPUNG BAKAU,Borong,20,Sayur-Sayuran,02,011,TIMUN HIJAU (IMPORT),F.A.Q,Kilogram,3,3,
30724675,2026-07-11,2026-07-11 11:50:18.389598,PERLIS,PERLIS,PASAR BORONG KAMPUNG BAKAU,Borong,20,Sayur-Sayuran,02,011,TIMUN HIJAU (IMPORT),F.A.Q,Kilogram,3,3,
30724676,2026-07-11,2026-07-11 11:50:18.389598,PERLIS,PERLIS,PASAR BORONG KAMPUNG BAKAU,Borong,20,Sayur-Sayuran,02,011,TIMUN HIJAU (IMPORT),F.A.Q,Kilogram,3,3,
30724677,2026-07-11,2026-07-11 11:50:18.389598,PERLIS,PERLIS,PASAR BORONG KAMPUNG BAKAU,Borong,20,Sayur-Sayuran,02,012,TOMATO (TANAH TINGGI),F.A.Q,Kilogram,6,7.4791665,
30724678,2026-07-11,2026-07-11 11:50:18.389598,PERLIS,PERLIS,PASAR BORONG KAMPUNG BAKAU,Borong,20,Sayur-Sayuran,02,012,TOMATO (TANAH TINGGI),F.A.Q,Kilogram,6,7.4791665,
30724679,2026-07-11,2026-07-11 11:50:18.389598,PERLIS,PERLIS,PASAR BORONG KAMPUNG BAKAU,Borong,20,Sayur-Sayuran,02,012,TOMATO (TANAH TINGGI),F.A.Q,Kilogram,6,7.4791665,
30724680,2026-07-11,2026-07-11 11:50:18.389598,PERLIS,PERLIS,PASAR BORONG KAMPUNG BAKAU,Borong,20,Sayur-Sayuran,02,012,TOMATO (TANAH TINGGI),F.A.Q,Kilogram,6,7.4791665,
30724681,2026-07-11,2026-07-11 11:50:18.389598,PERLIS,PERLIS,PASAR BORONG KAMPUNG BAKAU,Borong,20,Sayur-Sayuran,02,012,TOMATO IMPORT,F.A.Q,Kilogram,5.5,7,
30724682,2026-07-11,2026-07-11 11:50:18.389598,PERLIS,PERLIS,PASAR BORONG KAMPUNG BAKAU,Borong,20,Sayur-Sayuran,02,012,TOMATO IMPORT,F.A.Q,Kilogram,5.5,7,
30724683,2026-07-11,2026-07-11 11:50:18.389598,PERLIS,PERLIS,PASAR BORONG KAMPUNG BAKAU,Borong,20,Sayur-Sayuran,02,012,TOMATO IMPORT,F.A.Q,Kilogram,5.5,7,
30724684,2026-07-11,2026-07-11 11:50:18.389598,PERLIS,PERLIS,PASAR BORONG KAMPUNG BAKAU,Borong,20,Sayur-Sayuran,02,012,TOMATO IMPORT,F.A.Q,Kilogram,5.5,7,
30724685,2026-07-11,2026-07-11 11:51:26.45337,PERLIS,PERLIS,PASAR AWAM SENA,Runcit,26,Lain-Lain Makanan Proses,15,001,SANTAN PEKAT,F.A.Q,Kilogram,16,16,
30724686,2026-07-11,2026-07-11 11:51:26.45337,PERLIS,PERLIS,PASAR AWAM SENA,Runcit,26,Lain-Lain Makanan Proses,15,001,SANTAN PEKAT,F.A.Q,Kilogram,16,16,
30724687,2026-07-11,2026-07-11 11:51:26.45337,PERLIS,PERLIS,PASAR AWAM SENA,Runcit,26,Lain-Lain Makanan Proses,15,001,SANTAN PEKAT,F.A.Q,Kilogram,16,16,
30724688,2026-07-11,2026-07-11 11:51:26.45337,PERLIS,PERLIS,PASAR AWAM SENA,Runcit,26,Lain-Lain Makanan Proses,15,001,SANTAN PEKAT,F.A.Q,Kilogram,16,16,
30724689,2026-07-11,2026-07-11 11:51:55.980486,PERLIS,PERLIS,PASAR AWAM SENA,Runcit,26,Tanaman Kontan,05,001,KELAPA DIKUPAS,SEDANG,Biji,2.5,2.5,
30724690,2026-07-11,2026-07-11 11:51:55.980486,PERLIS,PERLIS,PASAR AWAM SENA,Runcit,26,Tanaman Kontan,05,001,KELAPA DIKUPAS,SEDANG,Biji,2.5,2.5,
30724691,2026-07-11,2026-07-11 11:51:55.980486,PERLIS,PERLIS,PASAR AWAM SENA,Runcit,26,Tanaman Kontan,05,001,KELAPA DIKUPAS,SEDANG,Biji,2.5,2.5,
30724692,2026-07-11,2026-07-11 11:51:55.980486,PERLIS,PERLIS,PASAR AWAM SENA,Runcit,26,Tanaman Kontan,05,001,KELAPA DIKUPAS,SEDANG,Biji,2.5,2.5,
30724693,2026-07-11,2026-07-11 11:52:55.531832,PERLIS,PERLIS,PASAR AWAM SENA,Runcit,26,Ternakan,03,002,AYAM PROSES STANDARD,F.A.Q,Kilogram,10.5,10.564285,
30724694,2026-07-11,2026-07-11 11:52:55.531832,PERLIS,PERLIS,PASAR AWAM SENA,Runcit,26,Ternakan,03,002,AYAM PROSES STANDARD,F.A.Q,Kilogram,10.5,10.564285,
30724695,2026-07-11,2026-07-11 11:52:55.531832,PERLIS,PERLIS,PASAR AWAM SENA,Runcit,26,Ternakan,03,002,AYAM PROSES STANDARD,F.A.Q,Kilogram,10.5,10.564285,
30724696,2026-07-11,2026-07-11 11:52:55.531832,PERLIS,PERLIS,PASAR AWAM SENA,Runcit,26,Ternakan,03,002,AYAM PROSES SUPER,F.A.Q,Kilogram,13,13,
30724697,2026-07-11,2026-07-11 11:52:55.531832,PERLIS,PERLIS,PASAR AWAM SENA,Runcit,26,Ternakan,03,002,AYAM PROSES SUPER,F.A.Q,Kilogram,13,13,
30724698,2026-07-11,2026-07-11 11:52:55.531832,PERLIS,PERLIS,PASAR AWAM SENA,Runcit,26,Ternakan,03,002,AYAM PROSES SUPER,F.A.Q,Kilogram,13,13,
30724699,2026-07-11,2026-07-11 11:54:07.04927,PERLIS,PERLIS,PASAR AWAM SENA,Runcit,26,Buah-Buahan,02,005,BETIK SEKAKI,F.A.Q,Kilogram,6,5.8,
30724700,2026-07-11,2026-07-11 11:54:07.04927,PERLIS,PERLIS,PASAR AWAM SENA,Runcit,26,Buah-Buahan,02,005,BETIK SEKAKI,F.A.Q,Kilogram,6,5.8,
30724701,2026-07-11,2026-07-11 11:54:07.04927,PERLIS,PERLIS,PASAR AWAM SENA,Runcit,26,Buah-Buahan,02,005,BETIK SEKAKI,F.A.Q,Kilogram,6,5.8,
30724702,2026-07-11,2026-07-11 11:54:07.04927,PERLIS,PERLIS,PASAR AWAM SENA,Runcit,26,Buah-Buahan,02,028,PISANG BERANGAN,F.A.Q,Kilogram,7,6.5944443,
30724703,2026-07-11,2026-07-11 11:54:07.04927,PERLIS,PERLIS,PASAR AWAM SENA,Runcit,26,Buah-Buahan,02,028,PISANG BERANGAN,F.A.Q,Kilogram,7,6.5944443,
30724704,2026-07-11,2026-07-11 11:54:07.04927,PERLIS,PERLIS,PASAR AWAM SENA,Runcit,26,Buah-Buahan,02,028,PISANG BERANGAN,F.A.Q,Kilogram,7,6.5944443,
30724705,2026-07-11,2026-07-11 11:54:07.04927,PERLIS,PERLIS,PASAR AWAM SENA,Runcit,26,Buah-Buahan,02,028,PISANG MAS,F.A.Q,Kilogram,6,6,
30724706,2026-07-11,2026-07-11 11:54:07.04927,PERLIS,PERLIS,PASAR AWAM SENA,Runcit,26,Buah-Buahan,02,028,PISANG MAS,F.A.Q,Kilogram,6,6,
30724707,2026-07-11,2026-07-11 11:54:07.04927,PERLIS,PERLIS,PASAR AWAM SENA,Runcit,26,Buah-Buahan,02,028,PISANG MAS,F.A.Q,Kilogram,6,6,
30724708,2026-07-11,2026-07-11 11:54:07.04927,PERLIS,PERLIS,PASAR AWAM SENA,Runcit,26,Buah-Buahan,02,034,TEMBIKAI MERAH TANPA BIJI,F.A.Q,Kilogram,4,3.9055555,
30724709,2026-07-11,2026-07-11 11:54:07.04927,PERLIS,PERLIS,PASAR AWAM SENA,Runcit,26,Buah-Buahan,02,034,TEMBIKAI MERAH TANPA BIJI,F.A.Q,Kilogram,4,3.9055555,
30724710,2026-07-11,2026-07-11 11:54:07.04927,PERLIS,PERLIS,PASAR AWAM SENA,Runcit,26,Buah-Buahan,02,034,TEMBIKAI MERAH TANPA BIJI,F.A.Q,Kilogram,4,3.9055555,
30724711,2026-07-11,2026-07-11 11:55:46.943401,PERLIS,PERLIS,PASAR AWAM SENA,Runcit,26,Ternakan,02,003,DAGING LEMBU PEJAL,F.A.Q,Kilogram,30,30,
30724712,2026-07-11,2026-07-11 11:55:46.943401,PERLIS,PERLIS,PASAR AWAM SENA,Runcit,26,Ternakan,02,003,DAGING LEMBU PEJAL,F.A.Q,Kilogram,30,30,
30724713,2026-07-11,2026-07-11 11:55:46.943401,PERLIS,PERLIS,PASAR AWAM SENA,Runcit,26,Ternakan,11,001,TELUR AYAM,A,Biji,0.44,0.44,
30724714,2026-07-11,2026-07-11 11:58:30.389993,PERLIS,PERLIS,PASAR AWAM SENA,Runcit,26,Ternakan,11,001,TELUR AYAM,A,Biji,0.44,0.44,
30724715,2026-07-11,2026-07-11 11:58:30.389993,PERLIS,PERLIS,PASAR AWAM SENA,Runcit,26,Ternakan,11,001,TELUR AYAM,A,Biji,0.44,0.44,
30724716,2026-07-11,2026-07-11 11:58:30.389993,PERLIS,PERLIS,PASAR AWAM SENA,Runcit,26,Ternakan,11,001,TELUR AYAM,B,Biji,0.39,0.39416668,
30724717,2026-07-11,2026-07-11 11:58:30.389993,PERLIS,PERLIS,PASAR AWAM SENA,Runcit,26,Ternakan,11,001,TELUR AYAM,B,Biji,0.39,0.39416668,
30724718,2026-07-11,2026-07-11 11:58:30.389993,PERLIS,PERLIS,PASAR AWAM SENA,Runcit,26,Ternakan,11,001,TELUR AYAM,B,Biji,0.39,0.39416668,
30724719,2026-07-11,2026-07-11 11:58:30.389993,PERLIS,PERLIS,PASAR AWAM SENA,Runcit,26,Ternakan,11,001,TELUR AYAM,C,Biji,0.37,0.34833333,
30724720,2026-07-11,2026-07-11 11:58:30.389993,PERLIS,PERLIS,PASAR AWAM SENA,Runcit,26,Ternakan,11,001,TELUR AYAM,C,Biji,0.37,0.34833333,
30724721,2026-07-11,2026-07-11 11:58:30.389993,PERLIS,PERLIS,PASAR AWAM SENA,Runcit,26,Ternakan,11,001,TELUR AYAM,C,Biji,0.37,0.34833333,
30724722,2026-07-11,2026-07-11 12:01:46.544043,PERLIS,PERLIS,PASAR AWAM SENA,Runcit,26,Sayur-Sayuran,05,001,BAWANG BESAR KUNING / HOLLAND,F.A.Q,Kilogram,5,4.4166665,
30724723,2026-07-11,2026-07-11 12:01:46.544043,PERLIS,PERLIS,PASAR AWAM SENA,Runcit,26,Sayur-Sayuran,05,001,BAWANG BESAR KUNING / HOLLAND,F.A.Q,Kilogram,5,4.4166665,
30724724,2026-07-11,2026-07-11 12:01:46.544043,PERLIS,PERLIS,PASAR AWAM SENA,Runcit,26,Sayur-Sayuran,05,001,BAWANG BESAR KUNING / HOLLAND,F.A.Q,Kilogram,5,4.4166665,
30724725,2026-07-11,2026-07-11 12:01:46.544043,PERLIS,PERLIS,PASAR AWAM SENA,Runcit,26,Sayur-Sayuran,05,001,BAWANG BESAR MERAH (CHINA),F.A.Q,Kilogram,6,5.7733335,
30724726,2026-07-11,2026-07-11 12:01:46.544043,PERLIS,PERLIS,PASAR AWAM SENA,Runcit,26,Sayur-Sayuran,05,001,BAWANG BESAR MERAH (CHINA),F.A.Q,Kilogram,6,5.7733335,
30724727,2026-07-11,2026-07-11 12:01:46.544043,PERLIS,PERLIS,PASAR AWAM SENA,Runcit,26,Sayur-Sayuran,05,001,BAWANG BESAR MERAH (CHINA),F.A.Q,Kilogram,6,5.7733335,
30724728,2026-07-11,2026-07-11 12:01:46.544043,PERLIS,PERLIS,PASAR AWAM SENA,Runcit,26,Sayur-Sayuran,05,001,BAWANG BESAR MERAH (IMPORT),F.A.Q,Kilogram,5,4.8333335,
30724729,2026-07-11,2026-07-11 12:01:46.544043,PERLIS,PERLIS,PASAR AWAM SENA,Runcit,26,Sayur-Sayuran,05,001,BAWANG BESAR MERAH (IMPORT),F.A.Q,Kilogram,5,4.8333335,
30724730,2026-07-11,2026-07-11 12:01:46.544043,PERLIS,PERLIS,PASAR AWAM SENA,Runcit,26,Sayur-Sayuran,05,001,BAWANG BESAR MERAH (INDIA),F.A.Q,Kilogram,4,4.9875,
30724731,2026-07-11,2026-07-11 12:01:46.544043,PERLIS,PERLIS,PASAR AWAM SENA,Runcit,26,Sayur-Sayuran,05,001,BAWANG BESAR MERAH (INDIA),F.A.Q,Kilogram,4,4.9875,
30724732,2026-07-11,2026-07-11 12:01:46.544043,PERLIS,PERLIS,PASAR AWAM SENA,Runcit,26,Sayur-Sayuran,05,001,BAWANG BESAR MERAH (INDIA),F.A.Q,Kilogram,4,4.9875,
30724733,2026-07-11,2026-07-11 12:01:46.544043,PERLIS,PERLIS,PASAR AWAM SENA,Runcit,26,Sayur-Sayuran,05,001,BAWANG BESAR MERAH (PAKISTAN),F.A.Q,Kilogram,5,5.6060605,
30724734,2026-07-11,2026-07-11 12:01:46.544043,PERLIS,PERLIS,PASAR AWAM SENA,Runcit,26,Sayur-Sayuran,05,001,BAWANG BESAR MERAH (PAKISTAN),F.A.Q,Kilogram,5,5.6060605,
30724735,2026-07-11,2026-07-11 12:01:46.544043,PERLIS,PERLIS,PASAR AWAM SENA,Runcit,26,Sayur-Sayuran,05,001,BAWANG BESAR MERAH (PAKISTAN),F.A.Q,Kilogram,5,5.6060605,
30724736,2026-07-11,2026-07-11 12:01:46.544043,PERLIS,PERLIS,PASAR AWAM SENA,Runcit,26,Sayur-Sayuran,05,001,BAWANG MERAH / KECIL (IMPORT),F.A.Q,Kilogram,11,10.15,
30724737,2026-07-11,2026-07-11 12:01:46.544043,PERLIS,PERLIS,PASAR AWAM SENA,Runcit,26,Sayur-Sayuran,05,001,BAWANG MERAH / KECIL (IMPORT),F.A.Q,Kilogram,11,10.15,
30724738,2026-07-11,2026-07-11 12:01:46.544043,PERLIS,PERLIS,PASAR AWAM SENA,Runcit,26,Sayur-Sayuran,05,001,BAWANG MERAH / KECIL (IMPORT),F.A.Q,Kilogram,11,10.15,
30724739,2026-07-11,2026-07-11 12:01:46.544043,PERLIS,PERLIS,PASAR AWAM SENA,Runcit,26,Sayur-Sayuran,05,001,BAWANG MERAH / KECIL (INDIA),F.A.Q,Kilogram,8,7.56,
30724740,2026-07-11,2026-07-11 12:01:46.544043,PERLIS,PERLIS,PASAR AWAM SENA,Runcit,26,Sayur-Sayuran,05,001,BAWANG MERAH / KECIL (INDIA),F.A.Q,Kilogram,8,7.56,
30724741,2026-07-11,2026-07-11 12:01:46.544043,PERLIS,PERLIS,PASAR AWAM SENA,Runcit,26,Sayur-Sayuran,05,001,BAWANG MERAH / KECIL (INDIA),F.A.Q,Kilogram,8,7.56,
30724742,2026-07-11,2026-07-11 12:01:46.544043,PERLIS,PERLIS,PASAR AWAM SENA,Runcit,26,Sayur-Sayuran,05,001,BAWANG MERAH / KECIL (PAKISTAN),F.A.Q,Kilogram,11,9.448276,
30724743,2026-07-11,2026-07-11 12:01:46.544043,PERLIS,PERLIS,PASAR AWAM SENA,Runcit,26,Sayur-Sayuran,05,001,BAWANG MERAH / KECIL (PAKISTAN),F.A.Q,Kilogram,11,9.448276,
30724744,2026-07-11,2026-07-11 12:01:46.544043,PERLIS,PERLIS,PASAR AWAM SENA,Runcit,26,Sayur-Sayuran,05,001,BAWANG MERAH / KECIL (PAKISTAN),F.A.Q,Kilogram,11,9.448276,
30724745,2026-07-11,2026-07-11 12:01:46.544043,PERLIS,PERLIS,PASAR AWAM SENA,Runcit,26,Sayur-Sayuran,05,001,BAWANG MERAH / KECIL (THAI),F.A.Q,Kilogram,14,14.166667,
30724746,2026-07-11,2026-07-11 12:01:46.544043,PERLIS,PERLIS,PASAR AWAM SENA,Runcit,26,Sayur-Sayuran,05,001,BAWANG MERAH / KECIL (THAI),F.A.Q,Kilogram,14,14.166667,
30724747,2026-07-11,2026-07-11 12:01:46.544043,PERLIS,PERLIS,PASAR AWAM SENA,Runcit,26,Sayur-Sayuran,05,001,BAWANG MERAH ROSE,F.A.Q,Kilogram,12,11.788462,
30724748,2026-07-11,2026-07-11 12:01:46.544043,PERLIS,PERLIS,PASAR AWAM SENA,Runcit,26,Sayur-Sayuran,05,001,BAWANG MERAH ROSE,F.A.Q,Kilogram,12,11.788462,
30724749,2026-07-11,2026-07-11 12:01:46.544043,PERLIS,PERLIS,PASAR AWAM SENA,Runcit,26,Sayur-Sayuran,05,001,BAWANG MERAH ROSE,F.A.Q,Kilogram,12,11.788462,
30724750,2026-07-11,2026-07-11 12:01:46.544043,PERLIS,PERLIS,PASAR AWAM SENA,Runcit,26,Sayur-Sayuran,05,001,BAWANG PUTIH (CHINA),F.A.Q,Kilogram,9,9.480769,
30724751,2026-07-11,2026-07-11 12:01:46.544043,PERLIS,PERLIS,PASAR AWAM SENA,Runcit,26,Sayur-Sayuran,05,001,BAWANG PUTIH (CHINA),F.A.Q,Kilogram,9,9.480769,
30724752,2026-07-11,2026-07-11 12:01:46.544043,PERLIS,PERLIS,PASAR AWAM SENA,Runcit,26,Sayur-Sayuran,05,001,BAWANG PUTIH (CHINA),F.A.Q,Kilogram,9,9.480769,
30724753,2026-07-11,2026-07-11 12:01:46.544043,PERLIS,PERLIS,PASAR AWAM SENA,Runcit,26,Sayur-Sayuran,05,009,UBI KENTANG (IMPORT),F.A.Q,Kilogram,4,4,
30724754,2026-07-11,2026-07-11 12:01:46.544043,PERLIS,PERLIS,PASAR AWAM SENA,Runcit,26,Sayur-Sayuran,05,009,UBI KENTANG (IMPORT),F.A.Q,Kilogram,4,4,
30724755,2026-07-11,2026-07-11 12:01:46.544043,PERLIS,PERLIS,PASAR AWAM SENA,Runcit,26,Sayur-Sayuran,05,009,UBI KENTANG (IMPORT),F.A.Q,Kilogram,4,4,
30724756,2026-07-11,2026-07-11 12:01:46.544043,PERLIS,PERLIS,PASAR AWAM SENA,Runcit,26,Sayur-Sayuran,05,009,UBI KENTANG HOLLAND,F.A.Q,Kilogram,4,3.759091,
30724757,2026-07-11,2026-07-11 12:01:46.544043,PERLIS,PERLIS,PASAR AWAM SENA,Runcit,26,Sayur-Sayuran,05,009,UBI KENTANG HOLLAND,F.A.Q,Kilogram,4,3.759091,
30724758,2026-07-11,2026-07-11 12:01:46.544043,PERLIS,PERLIS,PASAR AWAM SENA,Runcit,26,Sayur-Sayuran,05,009,UBI KENTANG HOLLAND,F.A.Q,Kilogram,4,3.759091,
30724759,2026-07-11,2026-07-11 12:15:44.894376,PERLIS,PERLIS,PASAR AWAM SENA,Runcit,26,Sayur-Sayuran,03,001,BAYAM,F.A.Q,Kilogram,7,6.291139,
30724760,2026-07-11,2026-07-11 12:15:44.894376,PERLIS,PERLIS,PASAR AWAM SENA,Runcit,26,Sayur-Sayuran,03,001,BAYAM,F.A.Q,Kilogram,7,6.291139,
30724761,2026-07-11,2026-07-11 12:15:44.894376,PERLIS,PERLIS,PASAR AWAM SENA,Runcit,26,Sayur-Sayuran,03,001,BAYAM,F.A.Q,Kilogram,6,6.291139,
30724762,2026-07-11,2026-07-11 12:15:44.894376,PERLIS,PERLIS,PASAR AWAM SENA,Runcit,26,Sayur-Sayuran,03,001,BAYAM,F.A.Q,Kilogram,6,6.291139,
30724763,2026-07-11,2026-07-11 12:15:44.894376,PERLIS,PERLIS,PASAR AWAM SENA,Runcit,26,Sayur-Sayuran,03,001,BAYAM,F.A.Q,Kilogram,6,6.291139,
30724764,2026-07-11,2026-07-11 12:15:44.894376,PERLIS,PERLIS,PASAR AWAM SENA,Runcit,26,Sayur-Sayuran,02,002,CILI MERAH (THAILAND),F.A.Q,Kilogram,14,14.72973,
30724765,2026-07-11,2026-07-11 12:15:44.894376,PERLIS,PERLIS,PASAR AWAM SENA,Runcit,26,Sayur-Sayuran,02,002,CILI MERAH (THAILAND),F.A.Q,Kilogram,14,14.72973,
30724766,2026-07-11,2026-07-11 12:15:44.894376,PERLIS,PERLIS,PASAR AWAM SENA,Runcit,26,Sayur-Sayuran,02,002,CILI MERAH (THAILAND),F.A.Q,Kilogram,14,14.72973,
30724767,2026-07-11,2026-07-11 12:15:44.894376,PERLIS,PERLIS,PASAR AWAM SENA,Runcit,26,Sayur-Sayuran,02,002,CILI MERAH (THAILAND),F.A.Q,Kilogram,14,14.72973,
30724768,2026-07-11,2026-07-11 12:15:44.894376,PERLIS,PERLIS,PASAR AWAM SENA,Runcit,26,Sayur-Sayuran,02,002,CILI MERAH (THAILAND),F.A.Q,Kilogram,14,14.72973,
30724769,2026-07-11,2026-07-11 12:15:44.894376,PERLIS,PERLIS,PASAR AWAM SENA,Runcit,26,Sayur-Sayuran,02,002,CILI MERAH (VIETNAM),F.A.Q,Kilogram,12,12.75,
30724770,2026-07-11,2026-07-11 12:15:44.894376,PERLIS,PERLIS,PASAR AWAM SENA,Runcit,26,Sayur-Sayuran,02,002,CILI MERAH (VIETNAM),F.A.Q,Kilogram,12,12.75,
30724771,2026-07-11,2026-07-11 12:15:44.894376,PERLIS,PERLIS,PASAR AWAM SENA,Runcit,26,Sayur-Sayuran,02,002,CILI MERAH (VIETNAM),F.A.Q,Kilogram,12,12.75,
30724772,2026-07-11,2026-07-11 12:15:44.894376,PERLIS,PERLIS,PASAR AWAM SENA,Runcit,26,Sayur-Sayuran,02,002,CILI MERAH (VIETNAM),F.A.Q,Kilogram,12,12.75,
30724773,2026-07-11,2026-07-11 12:15:44.894376,PERLIS,PERLIS,PASAR AWAM SENA,Runcit,26,Sayur-Sayuran,02,002,CILI MERAH (VIETNAM),F.A.Q,Kilogram,12,12.75,
30724774,2026-07-11,2026-07-11 12:15:44.894376,PERLIS,PERLIS,PASAR AWAM SENA,Runcit,26,Sayur-Sayuran,02,002,CILI MERAH KULAI / KULAI HIBRID,F.A.Q,Kilogram,18,17.735294,
30724775,2026-07-11,2026-07-11 12:15:44.894376,PERLIS,PERLIS,PASAR AWAM SENA,Runcit,26,Sayur-Sayuran,02,002,CILI MERAH KULAI / KULAI HIBRID,F.A.Q,Kilogram,18,17.735294,
30724776,2026-07-11,2026-07-11 12:15:44.894376,PERLIS,PERLIS,PASAR AWAM SENA,Runcit,26,Sayur-Sayuran,02,002,CILI MERAH KULAI / KULAI HIBRID,F.A.Q,Kilogram,18,17.735294,
30724777,2026-07-11,2026-07-11 12:15:44.894376,PERLIS,PERLIS,PASAR AWAM SENA,Runcit,26,Sayur-Sayuran,02,002,CILI MERAH KULAI / KULAI HIBRID,F.A.Q,Kilogram,18,17.735294,
30724778,2026-07-11,2026-07-11 12:15:44.894376,PERLIS,PERLIS,PASAR AWAM SENA,Runcit,26,Sayur-Sayuran,02,002,CILI MERAH KULAI / KULAI HIBRID,F.A.Q,Kilogram,18,17.735294,
30724779,2026-07-11,2026-07-11 12:15:44.894376,PERLIS,PERLIS,PASAR AWAM SENA,Runcit,26,Sayur-Sayuran,02,002,CILI MERAH MINYAK,F.A.Q,Kilogram,14,14.66,
30724780,2026-07-11,2026-07-11 12:15:44.894376,PERLIS,PERLIS,PASAR AWAM SENA,Runcit,26,Sayur-Sayuran,02,002,CILI MERAH MINYAK,F.A.Q,Kilogram,14,14.66,
30724781,2026-07-11,2026-07-11 12:15:44.894376,PERLIS,PERLIS,PASAR AWAM SENA,Runcit,26,Sayur-Sayuran,02,002,CILI MERAH MINYAK,F.A.Q,Kilogram,14,14.66,
30724782,2026-07-11,2026-07-11 12:15:44.894376,PERLIS,PERLIS,PASAR AWAM SENA,Runcit,26,Sayur-Sayuran,02,002,CILI MERAH MINYAK,F.A.Q,Kilogram,14,14.66,
30724783,2026-07-11,2026-07-11 12:15:44.894376,PERLIS,PERLIS,PASAR AWAM SENA,Runcit,26,Sayur-Sayuran,02,002,CILI MERAH MINYAK,F.A.Q,Kilogram,14,14.66,
30724784,2026-07-11,2026-07-11 12:15:44.894376,PERLIS,PERLIS,PASAR AWAM SENA,Runcit,26,Sayur-Sayuran,03,009,DAUN BAWANG,F.A.Q,Kilogram,9,8.78,
30724785,2026-07-11,2026-07-11 12:15:44.894376,PERLIS,PERLIS,PASAR AWAM SENA,Runcit,26,Sayur-Sayuran,03,009,DAUN BAWANG,F.A.Q,Kilogram,9,8.78,
30724786,2026-07-11,2026-07-11 12:15:44.894376,PERLIS,PERLIS,PASAR AWAM SENA,Runcit,26,Sayur-Sayuran,03,009,DAUN BAWANG,F.A.Q,Kilogram,9,8.78,
30724787,2026-07-11,2026-07-11 12:15:44.894376,PERLIS,PERLIS,PASAR AWAM SENA,Runcit,26,Sayur-Sayuran,03,009,DAUN BAWANG,F.A.Q,Kilogram,9,8.78,
30724788,2026-07-11,2026-07-11 12:15:44.894376,PERLIS,PERLIS,PASAR AWAM SENA,Runcit,26,Sayur-Sayuran,03,009,DAUN BAWANG,F.A.Q,Kilogram,9,8.78,
30724789,2026-07-11,2026-07-11 12:15:44.894376,PERLIS,PERLIS,PASAR AWAM SENA,Runcit,26,Sayur-Sayuran,03,009,DAUN BAWANG (IMPORT),F.A.Q,Kilogram,11,10.083333,
30724790,2026-07-11,2026-07-11 12:15:44.894376,PERLIS,PERLIS,PASAR AWAM SENA,Runcit,26,Sayur-Sayuran,03,009,DAUN BAWANG (IMPORT),F.A.Q,Kilogram,11,10.083333,
30724791,2026-07-11,2026-07-11 12:15:44.894376,PERLIS,PERLIS,PASAR AWAM SENA,Runcit,26,Sayur-Sayuran,03,009,DAUN BAWANG (IMPORT),F.A.Q,Kilogram,11,10.083333,
30724792,2026-07-11,2026-07-11 12:15:44.894376,PERLIS,PERLIS,PASAR AWAM SENA,Runcit,26,Sayur-Sayuran,03,009,DAUN BAWANG (IMPORT),F.A.Q,Kilogram,11,10.083333,
30724793,2026-07-11,2026-07-11 12:15:44.894376,PERLIS,PERLIS,PASAR AWAM SENA,Runcit,26,Sayur-Sayuran,03,009,DAUN BAWANG (IMPORT),F.A.Q,Kilogram,11,10.083333,
30724794,2026-07-11,2026-07-11 12:15:44.894376,PERLIS,PERLIS,PASAR AWAM SENA,Runcit,26,Sayur-Sayuran,03,015,DAUN SUP (IMPORT),F.A.Q,Kilogram,18,16.333334,
30724795,2026-07-11,2026-07-11 12:15:44.894376,PERLIS,PERLIS,PASAR AWAM SENA,Runcit,26,Sayur-Sayuran,03,015,DAUN SUP (IMPORT),F.A.Q,Kilogram,18,16.333334,
30724796,2026-07-11,2026-07-11 12:15:44.894376,PERLIS,PERLIS,PASAR AWAM SENA,Runcit,26,Sayur-Sayuran,03,015,DAUN SUP (IMPORT),F.A.Q,Kilogram,18,16.333334,
30724797,2026-07-11,2026-07-11 12:15:44.894376,PERLIS,PERLIS,PASAR AWAM SENA,Runcit,26,Sayur-Sayuran,03,015,DAUN SUP (IMPORT),F.A.Q,Kilogram,18,16.333334,
30724798,2026-07-11,2026-07-11 12:15:44.894376,PERLIS,PERLIS,PASAR AWAM SENA,Runcit,26,Sayur-Sayuran,03,015,DAUN SUP (IMPORT),F.A.Q,Kilogram,18,16.333334,
30724799,2026-07-11,2026-07-11 12:15:44.894376,PERLIS,PERLIS,PASAR AWAM SENA,Runcit,26,Sayur-Sayuran,03,015,DAUN SUP (TANAH TINGGI),F.A.Q,Kilogram,18,17.06,
30724800,2026-07-11,2026-07-11 12:15:44.894376,PERLIS,PERLIS,PASAR AWAM SENA,Runcit,26,Sayur-Sayuran,03,015,DAUN SUP (TANAH TINGGI),F.A.Q,Kilogram,18,17.06,
30724801,2026-07-11,2026-07-11 12:15:44.894376,PERLIS,PERLIS,PASAR AWAM SENA,Runcit,26,Sayur-Sayuran,03,015,DAUN SUP (TANAH TINGGI),F.A.Q,Kilogram,18,17.06,
30724802,2026-07-11,2026-07-11 12:15:44.894376,PERLIS,PERLIS,PASAR AWAM SENA,Runcit,26,Sayur-Sayuran,03,015,DAUN SUP (TANAH TINGGI),F.A.Q,Kilogram,18,17.06,
30724803,2026-07-11,2026-07-11 12:15:44.894376,PERLIS,PERLIS,PASAR AWAM SENA,Runcit,26,Sayur-Sayuran,03,015,DAUN SUP (TANAH TINGGI),F.A.Q,Kilogram,18,17.06,
30724804,2026-07-11,2026-07-11 12:15:44.894376,PERLIS,PERLIS,PASAR AWAM SENA,Runcit,26,Sayur-Sayuran,04,002,KACANG BENDI,F.A.Q,Kilogram,9,8.5625,
30724805,2026-07-11,2026-07-11 12:15:44.894376,PERLIS,PERLIS,PASAR AWAM SENA,Runcit,26,Sayur-Sayuran,04,002,KACANG BENDI,F.A.Q,Kilogram,9,8.5625,
30724806,2026-07-11,2026-07-11 12:15:44.894376,PERLIS,PERLIS,PASAR AWAM SENA,Runcit,26,Sayur-Sayuran,04,002,KACANG BENDI,F.A.Q,Kilogram,9,8.5625,
30724807,2026-07-11,2026-07-11 12:15:44.894376,PERLIS,PERLIS,PASAR AWAM SENA,Runcit,26,Sayur-Sayuran,04,002,KACANG BENDI,F.A.Q,Kilogram,9,8.5625,
30724808,2026-07-11,2026-07-11 12:15:44.894376,PERLIS,PERLIS,PASAR AWAM SENA,Runcit,26,Sayur-Sayuran,04,002,KACANG BENDI,F.A.Q,Kilogram,9,8.5625,
30724809,2026-07-11,2026-07-11 12:15:44.894376,PERLIS,PERLIS,PASAR AWAM SENA,Runcit,26,Sayur-Sayuran,04,003,KACANG BUNCIS,F.A.Q,Kilogram,15,12.45,
30724810,2026-07-11,2026-07-11 12:15:44.894376,PERLIS,PERLIS,PASAR AWAM SENA,Runcit,26,Sayur-Sayuran,04,003,KACANG BUNCIS,F.A.Q,Kilogram,15,12.45,
30724811,2026-07-11,2026-07-11 12:15:44.894376,PERLIS,PERLIS,PASAR AWAM SENA,Runcit,26,Sayur-Sayuran,04,003,KACANG BUNCIS,F.A.Q,Kilogram,15,12.45,
30724812,2026-07-11,2026-07-11 12:15:44.894376,PERLIS,PERLIS,PASAR AWAM SENA,Runcit,26,Sayur-Sayuran,04,003,KACANG BUNCIS,F.A.Q,Kilogram,15,12.45,
30724813,2026-07-11,2026-07-11 12:15:44.894376,PERLIS,PERLIS,PASAR AWAM SENA,Runcit,26,Sayur-Sayuran,04,003,KACANG BUNCIS (IMPORT),F.A.Q,Kilogram,14,12.802631,
30724814,2026-07-11,2026-07-11 12:15:44.894376,PERLIS,PERLIS,PASAR AWAM SENA,Runcit,26,Sayur-Sayuran,04,003,KACANG BUNCIS (IMPORT),F.A.Q,Kilogram,14,12.802631,
30724815,2026-07-11,2026-07-11 12:15:44.894376,PERLIS,PERLIS,PASAR AWAM SENA,Runcit,26,Sayur-Sayuran,04,003,KACANG BUNCIS (IMPORT),F.A.Q,Kilogram,14,12.802631,
30724816,2026-07-11,2026-07-11 12:15:44.894376,PERLIS,PERLIS,PASAR AWAM SENA,Runcit,26,Sayur-Sayuran,04,003,KACANG BUNCIS (IMPORT),F.A.Q,Kilogram,14,12.802631,
30724817,2026-07-11,2026-07-11 12:15:44.894376,PERLIS,PERLIS,PASAR AWAM SENA,Runcit,26,Sayur-Sayuran,04,003,KACANG BUNCIS (IMPORT),F.A.Q,Kilogram,14,12.802631,
30724818,2026-07-11,2026-07-11 12:15:44.894376,PERLIS,PERLIS,PASAR AWAM SENA,Runcit,26,Sayur-Sayuran,04,007,KACANG PANJANG HIJAU,F.A.Q,Kilogram,8,7.65625,
30724819,2026-07-11,2026-07-11 12:15:44.894376,PERLIS,PERLIS,PASAR AWAM SENA,Runcit,26,Sayur-Sayuran,04,007,KACANG PANJANG HIJAU,F.A.Q,Kilogram,8,7.65625,
30724820,2026-07-11,2026-07-11 12:15:44.894376,PERLIS,PERLIS,PASAR AWAM SENA,Runcit,26,Sayur-Sayuran,04,007,KACANG PANJANG HIJAU,F.A.Q,Kilogram,8,7.65625,
30724821,2026-07-11,2026-07-11 12:15:44.894376,PERLIS,PERLIS,PASAR AWAM SENA,Runcit,26,Sayur-Sayuran,04,007,KACANG PANJANG HIJAU,F.A.Q,Kilogram,8,7.65625,
30724822,2026-07-11,2026-07-11 12:15:44.894376,PERLIS,PERLIS,PASAR AWAM SENA,Runcit,26,Sayur-Sayuran,04,007,KACANG PANJANG HIJAU,F.A.Q,Kilogram,8,7.65625,
30724823,2026-07-11,2026-07-11 12:15:44.894376,PERLIS,PERLIS,PASAR AWAM SENA,Runcit,26,Sayur-Sayuran,04,007,KACANG PANJANG HIJAU (IMPORT),F.A.Q,Kilogram,9,8.959459,
30724824,2026-07-11,2026-07-11 12:15:44.894376,PERLIS,PERLIS,PASAR AWAM SENA,Runcit,26,Sayur-Sayuran,04,007,KACANG PANJANG HIJAU (IMPORT),F.A.Q,Kilogram,9,8.959459,
30724825,2026-07-11,2026-07-11 12:15:44.894376,PERLIS,PERLIS,PASAR AWAM SENA,Runcit,26,Sayur-Sayuran,04,007,KACANG PANJANG HIJAU (IMPORT),F.A.Q,Kilogram,9,8.959459,
30724826,2026-07-11,2026-07-11 12:15:44.894376,PERLIS,PERLIS,PASAR AWAM SENA,Runcit,26,Sayur-Sayuran,04,007,KACANG PANJANG HIJAU (IMPORT),F.A.Q,Kilogram,9,8.959459,
30724827,2026-07-11,2026-07-11 12:15:44.894376,PERLIS,PERLIS,PASAR AWAM SENA,Runcit,26,Sayur-Sayuran,04,007,KACANG PANJANG HIJAU (IMPORT),F.A.Q,Kilogram,9,8.959459,
30724828,2026-07-11,2026-07-11 12:15:44.894376,PERLIS,PERLIS,PASAR AWAM SENA,Runcit,26,Sayur-Sayuran,03,019,KANGKUNG,F.A.Q,Kilogram,6,6.09,
30724829,2026-07-11,2026-07-11 12:15:45.02391,PERLIS,PERLIS,PASAR AWAM SENA,Runcit,26,Sayur-Sayuran,03,019,KANGKUNG,F.A.Q,Kilogram,6.5,6.09,
30724830,2026-07-11,2026-07-11 12:15:45.02391,PERLIS,PERLIS,PASAR AWAM SENA,Runcit,26,Sayur-Sayuran,03,019,KANGKUNG,F.A.Q,Kilogram,7,6.09,
30724831,2026-07-11,2026-07-11 12:15:45.02391,PERLIS,PERLIS,PASAR AWAM SENA,Runcit,26,Sayur-Sayuran,03,019,KANGKUNG,F.A.Q,Kilogram,7,6.09,
30724832,2026-07-11,2026-07-11 12:15:45.02391,PERLIS,PERLIS,PASAR AWAM SENA,Runcit,26,Sayur-Sayuran,03,019,KANGKUNG,F.A.Q,Kilogram,6,6.09,
30724833,2026-07-11,2026-07-11 12:15:45.02391,PERLIS,PERLIS,PASAR AWAM SENA,Runcit,26,Sayur-Sayuran,03,006,KUBIS BULAT (CHINA),F.A.Q,Kilogram,4,4.46,
30724834,2026-07-11,2026-07-11 12:15:45.02391,PERLIS,PERLIS,PASAR AWAM SENA,Runcit,26,Sayur-Sayuran,03,006,KUBIS BULAT (CHINA),F.A.Q,Kilogram,4,4.46,
30724835,2026-07-11,2026-07-11 12:15:45.02391,PERLIS,PERLIS,PASAR AWAM SENA,Runcit,26,Sayur-Sayuran,03,006,KUBIS BULAT (CHINA),F.A.Q,Kilogram,4,4.46,
30724836,2026-07-11,2026-07-11 12:15:45.02391,PERLIS,PERLIS,PASAR AWAM SENA,Runcit,26,Sayur-Sayuran,03,006,KUBIS BULAT (CHINA),F.A.Q,Kilogram,4,4.46,
30724837,2026-07-11,2026-07-11 12:15:45.02391,PERLIS,PERLIS,PASAR AWAM SENA,Runcit,26,Sayur-Sayuran,03,006,KUBIS BULAT (CHINA),F.A.Q,Kilogram,4,4.46,
30724838,2026-07-11,2026-07-11 12:15:45.02391,PERLIS,PERLIS,PASAR AWAM SENA,Runcit,26,Sayur-Sayuran,03,007,SAWI HIJAU (IMPORT),F.A.Q,Kilogram,5,5.811905,
30724839,2026-07-11,2026-07-11 12:15:45.02391,PERLIS,PERLIS,PASAR AWAM SENA,Runcit,26,Sayur-Sayuran,03,007,SAWI HIJAU (IMPORT),F.A.Q,Kilogram,5,5.811905,
30724840,2026-07-11,2026-07-11 12:15:45.02391,PERLIS,PERLIS,PASAR AWAM SENA,Runcit,26,Sayur-Sayuran,03,007,SAWI HIJAU (IMPORT),F.A.Q,Kilogram,5,5.811905,
30724841,2026-07-11,2026-07-11 12:15:45.02391,PERLIS,PERLIS,PASAR AWAM SENA,Runcit,26,Sayur-Sayuran,03,007,SAWI HIJAU (IMPORT),F.A.Q,Kilogram,5,5.811905,
30724842,2026-07-11,2026-07-11 12:15:45.02391,PERLIS,PERLIS,PASAR AWAM SENA,Runcit,26,Sayur-Sayuran,03,007,SAWI HIJAU (IMPORT),F.A.Q,Kilogram,5,5.811905,
30724843,2026-07-11,2026-07-11 12:15:45.02391,PERLIS,PERLIS,PASAR AWAM SENA,Runcit,26,Sayur-Sayuran,03,007,SAWI HIJAU (TANAH RENDAH),F.A.Q,Kilogram,7,6.3308825,
30724844,2026-07-11,2026-07-11 12:15:45.02391,PERLIS,PERLIS,PASAR AWAM SENA,Runcit,26,Sayur-Sayuran,03,007,SAWI HIJAU (TANAH RENDAH),F.A.Q,Kilogram,7,6.3308825,
30724845,2026-07-11,2026-07-11 12:15:45.02391,PERLIS,PERLIS,PASAR AWAM SENA,Runcit,26,Sayur-Sayuran,03,007,SAWI HIJAU (TANAH RENDAH),F.A.Q,Kilogram,7,6.3308825,
30724846,2026-07-11,2026-07-11 12:15:45.02391,PERLIS,PERLIS,PASAR AWAM SENA,Runcit,26,Sayur-Sayuran,03,007,SAWI HIJAU (TANAH RENDAH),F.A.Q,Kilogram,7,6.3308825,
30724847,2026-07-11,2026-07-11 12:15:45.02391,PERLIS,PERLIS,PASAR AWAM SENA,Runcit,26,Sayur-Sayuran,03,007,SAWI HIJAU (TANAH RENDAH),F.A.Q,Kilogram,7,6.3308825,
30724848,2026-07-11,2026-07-11 12:15:45.02391,PERLIS,PERLIS,PASAR AWAM SENA,Runcit,26,Sayur-Sayuran,03,007,SAWI HIJAU TANAH TINGGI,F.A.Q,Kilogram,4,4.521739,
30724849,2026-07-11,2026-07-11 12:15:45.02391,PERLIS,PERLIS,PASAR AWAM SENA,Runcit,26,Sayur-Sayuran,03,007,SAWI HIJAU TANAH TINGGI,F.A.Q,Kilogram,4,4.521739,
30724850,2026-07-11,2026-07-11 12:15:45.02391,PERLIS,PERLIS,PASAR AWAM SENA,Runcit,26,Sayur-Sayuran,03,007,SAWI HIJAU TANAH TINGGI,F.A.Q,Kilogram,4,4.521739,
30724851,2026-07-11,2026-07-11 12:15:45.02391,PERLIS,PERLIS,PASAR AWAM SENA,Runcit,26,Sayur-Sayuran,03,007,SAWI HIJAU TANAH TINGGI,F.A.Q,Kilogram,4,4.521739,
30724852,2026-07-11,2026-07-11 12:15:45.02391,PERLIS,PERLIS,PASAR AWAM SENA,Runcit,26,Sayur-Sayuran,03,007,SAWI HIJAU TANAH TINGGI,F.A.Q,Kilogram,4,4.521739,
30724853,2026-07-11,2026-07-11 12:15:45.02391,PERLIS,PERLIS,PASAR AWAM SENA,Runcit,26,Sayur-Sayuran,02,010,TERUNG PANJANG / PEPARU (IMPORT),F.A.Q,Kilogram,8,7.631579,
30724854,2026-07-11,2026-07-11 12:15:45.02391,PERLIS,PERLIS,PASAR AWAM SENA,Runcit,26,Sayur-Sayuran,02,010,TERUNG PANJANG / PEPARU (IMPORT),F.A.Q,Kilogram,8,7.631579,
30724855,2026-07-11,2026-07-11 12:15:45.02391,PERLIS,PERLIS,PASAR AWAM SENA,Runcit,26,Sayur-Sayuran,02,010,TERUNG PANJANG / PEPARU (IMPORT),F.A.Q,Kilogram,8,7.631579,
30724856,2026-07-11,2026-07-11 12:15:45.02391,PERLIS,PERLIS,PASAR AWAM SENA,Runcit,26,Sayur-Sayuran,02,010,TERUNG PANJANG / PEPARU (IMPORT),F.A.Q,Kilogram,8,7.631579,
30724857,2026-07-11,2026-07-11 12:15:45.02391,PERLIS,PERLIS,PASAR AWAM SENA,Runcit,26,Sayur-Sayuran,02,010,TERUNG PANJANG / PEPARU (IMPORT),F.A.Q,Kilogram,8,7.631579,
30724858,2026-07-11,2026-07-11 12:15:45.02391,PERLIS,PERLIS,PASAR AWAM SENA,Runcit,26,Sayur-Sayuran,02,010,TERUNG PANJANG / PEPARU (TANAH RENDAH),F.A.Q,Kilogram,8,7.475,
30724859,2026-07-11,2026-07-11 12:15:45.02391,PERLIS,PERLIS,PASAR AWAM SENA,Runcit,26,Sayur-Sayuran,02,010,TERUNG PANJANG / PEPARU (TANAH RENDAH),F.A.Q,Kilogram,8,7.475,
30724860,2026-07-11,2026-07-11 12:15:45.02391,PERLIS,PERLIS,PASAR AWAM SENA,Runcit,26,Sayur-Sayuran,02,010,TERUNG PANJANG / PEPARU (TANAH RENDAH),F.A.Q,Kilogram,8,7.475,
30724861,2026-07-11,2026-07-11 12:15:45.02391,PERLIS,PERLIS,PASAR AWAM SENA,Runcit,26,Sayur-Sayuran,02,010,TERUNG PANJANG / PEPARU (TANAH RENDAH),F.A.Q,Kilogram,8,7.475,
30724862,2026-07-11,2026-07-11 12:15:45.02391,PERLIS,PERLIS,PASAR AWAM SENA,Runcit,26,Sayur-Sayuran,02,010,TERUNG PANJANG / PEPARU (TANAH RENDAH),F.A.Q,Kilogram,8,7.475,
30724863,2026-07-11,2026-07-11 12:15:45.02391,PERLIS,PERLIS,PASAR AWAM SENA,Runcit,26,Sayur-Sayuran,02,011,TIMUN HIJAU,F.A.Q,Kilogram,5,4.493421,
30724864,2026-07-11,2026-07-11 12:15:45.02391,PERLIS,PERLIS,PASAR AWAM SENA,Runcit,26,Sayur-Sayuran,02,011,TIMUN HIJAU,F.A.Q,Kilogram,5,4.493421,
30724865,2026-07-11,2026-07-11 12:15:45.02391,PERLIS,PERLIS,PASAR AWAM SENA,Runcit,26,Sayur-Sayuran,02,011,TIMUN HIJAU,F.A.Q,Kilogram,5,4.493421,
30724866,2026-07-11,2026-07-11 12:15:45.02391,PERLIS,PERLIS,PASAR AWAM SENA,Runcit,26,Sayur-Sayuran,02,011,TIMUN HIJAU,F.A.Q,Kilogram,5,4.493421,
30724867,2026-07-11,2026-07-11 12:15:45.02391,PERLIS,PERLIS,PASAR AWAM SENA,Runcit,26,Sayur-Sayuran,02,011,TIMUN HIJAU,F.A.Q,Kilogram,5,4.493421,
30724868,2026-07-11,2026-07-11 12:15:45.02391,PERLIS,PERLIS,PASAR AWAM SENA,Runcit,26,Sayur-Sayuran,02,011,TIMUN HIJAU (IMPORT),F.A.Q,Kilogram,5,4.928571,
30724869,2026-07-11,2026-07-11 12:15:45.02391,PERLIS,PERLIS,PASAR AWAM SENA,Runcit,26,Sayur-Sayuran,02,011,TIMUN HIJAU (IMPORT),F.A.Q,Kilogram,5,4.928571,
30724870,2026-07-11,2026-07-11 12:15:45.02391,PERLIS,PERLIS,PASAR AWAM SENA,Runcit,26,Sayur-Sayuran,02,011,TIMUN HIJAU (IMPORT),F.A.Q,Kilogram,5,4.928571,
30724871,2026-07-11,2026-07-11 12:15:45.02391,PERLIS,PERLIS,PASAR AWAM SENA,Runcit,26,Sayur-Sayuran,02,011,TIMUN HIJAU (IMPORT),F.A.Q,Kilogram,5,4.928571,
30724872,2026-07-11,2026-07-11 12:15:45.02391,PERLIS,PERLIS,PASAR AWAM SENA,Runcit,26,Sayur-Sayuran,02,011,TIMUN HIJAU (IMPORT),F.A.Q,Kilogram,5,4.928571,
30724873,2026-07-11,2026-07-11 12:15:45.02391,PERLIS,PERLIS,PASAR AWAM SENA,Runcit,26,Sayur-Sayuran,02,012,TOMATO (TANAH TINGGI),F.A.Q,Kilogram,9,10.0625,
30724874,2026-07-11,2026-07-11 12:15:45.02391,PERLIS,PERLIS,PASAR AWAM SENA,Runcit,26,Sayur-Sayuran,02,012,TOMATO (TANAH TINGGI),F.A.Q,Kilogram,9,10.0625,
30724875,2026-07-11,2026-07-11 12:15:45.02391,PERLIS,PERLIS,PASAR AWAM SENA,Runcit,26,Sayur-Sayuran,02,012,TOMATO (TANAH TINGGI),F.A.Q,Kilogram,9,10.0625,
30724876,2026-07-11,2026-07-11 12:15:45.02391,PERLIS,PERLIS,PASAR AWAM SENA,Runcit,26,Sayur-Sayuran,02,012,TOMATO (TANAH TINGGI),F.A.Q,Kilogram,9,10.0625,
30724877,2026-07-11,2026-07-11 12:15:45.02391,PERLIS,PERLIS,PASAR AWAM SENA,Runcit,26,Sayur-Sayuran,02,012,TOMATO (TANAH TINGGI),F.A.Q,Kilogram,9,10.0625,
30724878,2026-07-11,2026-07-11 12:15:45.02391,PERLIS,PERLIS,PASAR AWAM SENA,Runcit,26,Sayur-Sayuran,02,012,TOMATO IMPORT,F.A.Q,Kilogram,8,8.908158,
30724879,2026-07-11,2026-07-11 12:15:45.02391,PERLIS,PERLIS,PASAR AWAM SENA,Runcit,26,Sayur-Sayuran,02,012,TOMATO IMPORT,F.A.Q,Kilogram,8,8.908158,
30724880,2026-07-11,2026-07-11 12:15:45.02391,PERLIS,PERLIS,PASAR AWAM SENA,Runcit,26,Sayur-Sayuran,02,012,TOMATO IMPORT,F.A.Q,Kilogram,8,8.908158,
30724881,2026-07-11,2026-07-11 12:15:45.02391,PERLIS,PERLIS,PASAR AWAM SENA,Runcit,26,Sayur-Sayuran,02,012,TOMATO IMPORT,F.A.Q,Kilogram,8,8.908158,
30724882,2026-07-11,2026-07-11 12:15:45.02391,PERLIS,PERLIS,PASAR AWAM SENA,Runcit,26,Sayur-Sayuran,02,012,TOMATO IMPORT,F.A.Q,Kilogram,8,8.908158,
30724883,2026-07-11,2026-07-11 12:20:14.936581,KELANTAN,KOTA BHARU,[PROJEK] PROJEK SAYUR KG. WAKAF STAN,Ladang,,Sayur-Sayuran,02,002,CILI MERAH KULAI / KULAI HIBRID,F.A.Q,Kilogram,8,8,
30724884,2026-07-11,2026-07-11 12:20:14.936581,KELANTAN,KOTA BHARU,[PROJEK] PROJEK SAYUR KG. WAKAF STAN,Ladang,,Sayur-Sayuran,02,002,CILI MERAH KULAI / KULAI HIBRID,F.A.Q,Kilogram,8,8,
30724885,2026-07-11,2026-07-11 12:20:14.936581,KELANTAN,KOTA BHARU,[PROJEK] PROJEK SAYUR KG. WAKAF STAN,Ladang,,Sayur-Sayuran,02,002,CILI MERAH KULAI / KULAI HIBRID,F.A.Q,Kilogram,8,8,
30724886,2026-07-11,2026-07-11 12:20:14.936581,KELANTAN,KOTA BHARU,[PROJEK] PROJEK SAYUR KG. WAKAF STAN,Ladang,,Sayur-Sayuran,04,002,KACANG BENDI,F.A.Q,Kilogram,5,4.2,
30724887,2026-07-11,2026-07-11 12:20:14.936581,KELANTAN,KOTA BHARU,[PROJEK] PROJEK SAYUR KG. WAKAF STAN,Ladang,,Sayur-Sayuran,04,002,KACANG BENDI,F.A.Q,Kilogram,5,4.2,
30724888,2026-07-11,2026-07-11 12:20:14.936581,KELANTAN,KOTA BHARU,[PROJEK] PROJEK SAYUR KG. WAKAF STAN,Ladang,,Sayur-Sayuran,04,002,KACANG BENDI,F.A.Q,Kilogram,5,4.2,
30724889,2026-07-11,2026-07-11 12:20:14.936581,KELANTAN,KOTA BHARU,[PROJEK] PROJEK SAYUR KG. WAKAF STAN,Ladang,,Sayur-Sayuran,04,007,KACANG PANJANG HIJAU,F.A.Q,Kilogram,4,4.2,
30724890,2026-07-11,2026-07-11 12:20:14.936581,KELANTAN,KOTA BHARU,[PROJEK] PROJEK SAYUR KG. WAKAF STAN,Ladang,,Sayur-Sayuran,04,007,KACANG PANJANG HIJAU,F.A.Q,Kilogram,4,4.2,
30724891,2026-07-11,2026-07-11 12:20:14.936581,KELANTAN,KOTA BHARU,[PROJEK] PROJEK SAYUR KG. WAKAF STAN,Ladang,,Sayur-Sayuran,04,007,KACANG PANJANG HIJAU,F.A.Q,Kilogram,4,4.2,
30724892,2026-07-11,2026-07-11 12:20:14.936581,KELANTAN,KOTA BHARU,[PROJEK] PROJEK SAYUR KG. WAKAF STAN,Ladang,,Sayur-Sayuran,02,010,TERUNG PANJANG / PEPARU (TANAH RENDAH),F.A.Q,Kilogram,2,2.8,
30724893,2026-07-11,2026-07-11 12:20:14.936581,KELANTAN,KOTA BHARU,[PROJEK] PROJEK SAYUR KG. WAKAF STAN,Ladang,,Sayur-Sayuran,02,010,TERUNG PANJANG / PEPARU (TANAH RENDAH),F.A.Q,Kilogram,2,2.8,
30724894,2026-07-11,2026-07-11 12:20:14.936581,KELANTAN,KOTA BHARU,[PROJEK] PROJEK SAYUR KG. WAKAF STAN,Ladang,,Sayur-Sayuran,02,010,TERUNG PANJANG / PEPARU (TANAH RENDAH),F.A.Q,Kilogram,2,2.8,
30724895,2026-07-11,2026-07-11 12:20:14.936581,KELANTAN,KOTA BHARU,[PROJEK] PROJEK SAYUR KG. WAKAF STAN,Ladang,,Sayur-Sayuran,02,011,TIMUN HIJAU,F.A.Q,Kilogram,2,1.95,
30724896,2026-07-11,2026-07-11 12:20:14.936581,KELANTAN,KOTA BHARU,[PROJEK] PROJEK SAYUR KG. WAKAF STAN,Ladang,,Sayur-Sayuran,02,011,TIMUN HIJAU,F.A.Q,Kilogram,2,1.95,
30724897,2026-07-11,2026-07-11 12:20:14.936581,KELANTAN,KOTA BHARU,[PROJEK] PROJEK SAYUR KG. WAKAF STAN,Ladang,,Sayur-Sayuran,02,011,TIMUN HIJAU,F.A.Q,Kilogram,2,1.95,
30724898,2026-07-11,2026-07-11 12:20:36.214079,KELANTAN,BACHOK,"LADANG/KEBUN TEPUS, GUNONG",Ladang,,Ternakan,01,003,AYAM HIDUP,F.A.Q,Kilogram,7,7,
30724899,2026-07-11,2026-07-11 12:21:12.482564,KELANTAN,KOTA BHARU,[PROJEK] PROJEK SAYUR KG. WAKAF STAN,Ladang,,Sayur-Sayuran,02,002,CILI / LADA SOLOK,F.A.Q,Kilogram,15,14,
30724900,2026-07-11,2026-07-11 12:21:12.482564,KELANTAN,KOTA BHARU,[PROJEK] PROJEK SAYUR KG. WAKAF STAN,Ladang,,Sayur-Sayuran,02,002,CILI / LADA SOLOK,F.A.Q,Kilogram,15,14,
30724901,2026-07-11,2026-07-11 12:21:12.482564,KELANTAN,KOTA BHARU,[PROJEK] PROJEK SAYUR KG. WAKAF STAN,Ladang,,Sayur-Sayuran,02,002,CILI / LADA SOLOK,F.A.Q,Kilogram,15,14,
30724902,2026-07-11,2026-07-11 12:21:56.99222,KELANTAN,PASIR PUTEH,[LOKASI KUTIPAN HARGA LADANG] KAMPUNG BERANGAN,Ladang,,Buah-Buahan,02,005,BETIK SEKAKI,F.A.Q,Kilogram,2.2,2.2,
30724903,2026-07-11,2026-07-11 12:24:07.963283,KELANTAN,TUMPAT,"[PROJEK] PROJEK PERTANIAN BERKELOMPOK KG KELABORAN, TUMPAT",Ladang,,Sayur-Sayuran,03,001,BAYAM,F.A.Q,Kilogram,3.5,3.4833333,
30724904,2026-07-11,2026-07-11 12:24:07.963283,KELANTAN,TUMPAT,"[PROJEK] PROJEK PERTANIAN BERKELOMPOK KG KELABORAN, TUMPAT",Ladang,,Sayur-Sayuran,03,001,BAYAM,F.A.Q,Kilogram,3.5,3.4833333,
30724905,2026-07-11,2026-07-11 12:24:07.963283,KELANTAN,TUMPAT,"[PROJEK] PROJEK PERTANIAN BERKELOMPOK KG KELABORAN, TUMPAT",Ladang,,Sayur-Sayuran,03,001,BAYAM,F.A.Q,Kilogram,3.5,3.4833333,
30724906,2026-07-11,2026-07-11 12:24:07.963283,KELANTAN,TUMPAT,"[PROJEK] PROJEK PERTANIAN BERKELOMPOK KG KELABORAN, TUMPAT",Ladang,,Sayur-Sayuran,03,019,KANGKUNG,F.A.Q,Kilogram,2,2,
30724907,2026-07-11,2026-07-11 12:24:07.963283,KELANTAN,TUMPAT,"[PROJEK] PROJEK PERTANIAN BERKELOMPOK KG KELABORAN, TUMPAT",Ladang,,Sayur-Sayuran,03,019,KANGKUNG,F.A.Q,Kilogram,2,2,
30724908,2026-07-11,2026-07-11 12:24:07.963283,KELANTAN,TUMPAT,"[PROJEK] PROJEK PERTANIAN BERKELOMPOK KG KELABORAN, TUMPAT",Ladang,,Sayur-Sayuran,03,019,KANGKUNG,F.A.Q,Kilogram,2,2,
30724909,2026-07-11,2026-07-11 12:24:07.963283,KELANTAN,TUMPAT,"[PROJEK] PROJEK PERTANIAN BERKELOMPOK KG KELABORAN, TUMPAT",Ladang,,Sayur-Sayuran,03,007,SAWI HIJAU (TANAH RENDAH),F.A.Q,Kilogram,3.5,3.1,
30724910,2026-07-11,2026-07-11 12:24:07.963283,KELANTAN,TUMPAT,"[PROJEK] PROJEK PERTANIAN BERKELOMPOK KG KELABORAN, TUMPAT",Ladang,,Sayur-Sayuran,03,007,SAWI HIJAU (TANAH RENDAH),F.A.Q,Kilogram,3.5,3.1,
30724911,2026-07-11,2026-07-11 12:24:07.963283,KELANTAN,TUMPAT,"[PROJEK] PROJEK PERTANIAN BERKELOMPOK KG KELABORAN, TUMPAT",Ladang,,Sayur-Sayuran,03,007,SAWI HIJAU (TANAH RENDAH),F.A.Q,Kilogram,3.5,3.1,
30724912,2026-07-11,2026-07-11 12:25:48.634622,KELANTAN,KOTA BHARU,PASAR BORONG RTC KOTA BHARU,Borong,20,Sayur-Sayuran,05,001,BAWANG BESAR KUNING / HOLLAND,F.A.Q,Kilogram,2.5,2.5,
30724913,2026-07-11,2026-07-11 12:25:48.634622,KELANTAN,KOTA BHARU,PASAR BORONG RTC KOTA BHARU,Borong,20,Sayur-Sayuran,05,001,BAWANG BESAR KUNING / HOLLAND,F.A.Q,Kilogram,2.5,2.5,
30724914,2026-07-11,2026-07-11 12:25:48.634622,KELANTAN,KOTA BHARU,PASAR BORONG RTC KOTA BHARU,Borong,20,Sayur-Sayuran,05,001,BAWANG BESAR KUNING / HOLLAND,F.A.Q,Kilogram,2.5,2.5,
30724915,2026-07-11,2026-07-11 12:25:48.634622,KELANTAN,KOTA BHARU,PASAR BORONG RTC KOTA BHARU,Borong,20,Sayur-Sayuran,05,001,BAWANG BESAR MERAH (INDIA),F.A.Q,Kilogram,2.5,2.5,
30724916,2026-07-11,2026-07-11 12:25:48.634622,KELANTAN,KOTA BHARU,PASAR BORONG RTC KOTA BHARU,Borong,20,Sayur-Sayuran,05,001,BAWANG BESAR MERAH (INDIA),F.A.Q,Kilogram,2.5,2.5,
30724917,2026-07-11,2026-07-11 12:25:48.634622,KELANTAN,KOTA BHARU,PASAR BORONG RTC KOTA BHARU,Borong,20,Sayur-Sayuran,05,001,BAWANG BESAR MERAH (INDIA),F.A.Q,Kilogram,2.5,2.5,
30724918,2026-07-11,2026-07-11 12:25:48.634622,KELANTAN,KOTA BHARU,PASAR BORONG RTC KOTA BHARU,Borong,20,Sayur-Sayuran,05,001,BAWANG MERAH / KECIL (INDIA),F.A.Q,Kilogram,1.4,1.4,
30724919,2026-07-11,2026-07-11 12:25:48.634622,KELANTAN,KOTA BHARU,PASAR BORONG RTC KOTA BHARU,Borong,20,Sayur-Sayuran,05,001,BAWANG MERAH / KECIL (INDIA),F.A.Q,Kilogram,1.4,1.4,
30724920,2026-07-11,2026-07-11 12:25:48.634622,KELANTAN,KOTA BHARU,PASAR BORONG RTC KOTA BHARU,Borong,20,Sayur-Sayuran,05,001,BAWANG MERAH / KECIL (INDIA),F.A.Q,Kilogram,1.4,1.4,
30724921,2026-07-11,2026-07-11 12:25:48.634622,KELANTAN,KOTA BHARU,PASAR BORONG RTC KOTA BHARU,Borong,20,Sayur-Sayuran,05,001,BAWANG MERAH / KECIL (THAI),F.A.Q,Kilogram,9,9,
30724922,2026-07-11,2026-07-11 12:25:48.634622,KELANTAN,KOTA BHARU,PASAR BORONG RTC KOTA BHARU,Borong,20,Sayur-Sayuran,05,001,BAWANG MERAH / KECIL (THAI),F.A.Q,Kilogram,9,9,
30724923,2026-07-11,2026-07-11 12:25:48.634622,KELANTAN,KOTA BHARU,PASAR BORONG RTC KOTA BHARU,Borong,20,Sayur-Sayuran,05,001,BAWANG MERAH / KECIL (THAI),F.A.Q,Kilogram,9,9,
30724924,2026-07-11,2026-07-11 12:25:48.634622,KELANTAN,KOTA BHARU,PASAR BORONG RTC KOTA BHARU,Borong,20,Sayur-Sayuran,05,001,BAWANG PUTIH (CHINA),F.A.Q,Kilogram,7,7,
30724925,2026-07-11,2026-07-11 12:25:48.634622,KELANTAN,KOTA BHARU,PASAR BORONG RTC KOTA BHARU,Borong,20,Sayur-Sayuran,05,001,BAWANG PUTIH (CHINA),F.A.Q,Kilogram,7,7,
30724926,2026-07-11,2026-07-11 12:25:48.634622,KELANTAN,KOTA BHARU,PASAR BORONG RTC KOTA BHARU,Borong,20,Sayur-Sayuran,05,001,BAWANG PUTIH (CHINA),F.A.Q,Kilogram,7,7,
30724927,2026-07-11,2026-07-11 12:26:19.299181,KELANTAN,KOTA BHARU,PASAR BORONG RTC KOTA BHARU,Borong,20,Ternakan,03,002,AYAM PROSES STANDARD,F.A.Q,Kilogram,8.5,8.5,
30724928,2026-07-11,2026-07-11 12:26:19.299181,KELANTAN,KOTA BHARU,PASAR BORONG RTC KOTA BHARU,Borong,20,Ternakan,03,002,AYAM PROSES STANDARD,F.A.Q,Kilogram,8.5,8.5,
30724929,2026-07-11,2026-07-11 12:26:19.299181,KELANTAN,KOTA BHARU,PASAR BORONG RTC KOTA BHARU,Borong,20,Ternakan,03,002,AYAM PROSES STANDARD,F.A.Q,Kilogram,8.5,8.5,
30724930,2026-07-11,2026-07-11 12:37:37.76649,KELANTAN,KOTA BHARU,PASAR BORONG RTC KOTA BHARU,Borong,20,Sayur-Sayuran,03,001,BAYAM,F.A.Q,Kilogram,4.5,4.3,
30724931,2026-07-11,2026-07-11 12:37:37.76649,KELANTAN,KOTA BHARU,PASAR BORONG RTC KOTA BHARU,Borong,20,Sayur-Sayuran,03,001,BAYAM,F.A.Q,Kilogram,4.5,4.3,
30724932,2026-07-11,2026-07-11 12:37:37.76649,KELANTAN,KOTA BHARU,PASAR BORONG RTC KOTA BHARU,Borong,20,Sayur-Sayuran,03,001,BAYAM,F.A.Q,Kilogram,4.5,4.3,
30724933,2026-07-11,2026-07-11 12:37:37.76649,KELANTAN,KOTA BHARU,PASAR BORONG RTC KOTA BHARU,Borong,20,Sayur-Sayuran,03,001,BAYAM,F.A.Q,Kilogram,4,4.3,
30724934,2026-07-11,2026-07-11 12:37:37.76649,KELANTAN,KOTA BHARU,PASAR BORONG RTC KOTA BHARU,Borong,20,Sayur-Sayuran,03,001,BAYAM,F.A.Q,Kilogram,4,4.3,
30724935,2026-07-11,2026-07-11 12:37:37.76649,KELANTAN,KOTA BHARU,PASAR BORONG RTC KOTA BHARU,Borong,20,Sayur-Sayuran,02,002,CILI / LADA SOLOK,F.A.Q,Kilogram,17,15.6,
30724936,2026-07-11,2026-07-11 12:37:37.76649,KELANTAN,KOTA BHARU,PASAR BORONG RTC KOTA BHARU,Borong,20,Sayur-Sayuran,02,002,CILI / LADA SOLOK,F.A.Q,Kilogram,17,15.6,
30724937,2026-07-11,2026-07-11 12:37:37.76649,KELANTAN,KOTA BHARU,PASAR BORONG RTC KOTA BHARU,Borong,20,Sayur-Sayuran,02,002,CILI / LADA SOLOK,F.A.Q,Kilogram,17,15.6,
30724938,2026-07-11,2026-07-11 12:37:37.76649,KELANTAN,KOTA BHARU,PASAR BORONG RTC KOTA BHARU,Borong,20,Sayur-Sayuran,02,002,CILI / LADA SOLOK,F.A.Q,Kilogram,16,15.6,
30724939,2026-07-11,2026-07-11 12:37:37.76649,KELANTAN,KOTA BHARU,PASAR BORONG RTC KOTA BHARU,Borong,20,Sayur-Sayuran,02,002,CILI / LADA SOLOK,F.A.Q,Kilogram,16,15.6,
30724940,2026-07-11,2026-07-11 12:37:37.76649,KELANTAN,KOTA BHARU,PASAR BORONG RTC KOTA BHARU,Borong,20,Sayur-Sayuran,02,002,CILI MERAH (THAILAND),F.A.Q,Kilogram,11,8.28,
30724941,2026-07-11,2026-07-11 12:37:37.76649,KELANTAN,KOTA BHARU,PASAR BORONG RTC KOTA BHARU,Borong,20,Sayur-Sayuran,02,002,CILI MERAH (THAILAND),F.A.Q,Kilogram,11,8.28,
30724942,2026-07-11,2026-07-11 12:37:37.76649,KELANTAN,KOTA BHARU,PASAR BORONG RTC KOTA BHARU,Borong,20,Sayur-Sayuran,02,002,CILI MERAH (THAILAND),F.A.Q,Kilogram,11,8.28,
30724943,2026-07-11,2026-07-11 12:37:37.76649,KELANTAN,KOTA BHARU,PASAR BORONG RTC KOTA BHARU,Borong,20,Sayur-Sayuran,02,002,CILI MERAH (THAILAND),F.A.Q,Kilogram,10,8.28,
30724944,2026-07-11,2026-07-11 12:37:37.76649,KELANTAN,KOTA BHARU,PASAR BORONG RTC KOTA BHARU,Borong,20,Sayur-Sayuran,02,002,CILI MERAH (THAILAND),F.A.Q,Kilogram,10,8.28,
30724945,2026-07-11,2026-07-11 12:37:37.76649,KELANTAN,KOTA BHARU,PASAR BORONG RTC KOTA BHARU,Borong,20,Sayur-Sayuran,02,002,CILI MERAH (VIETNAM),F.A.Q,Kilogram,11,8.28,
30724946,2026-07-11,2026-07-11 12:37:37.76649,KELANTAN,KOTA BHARU,PASAR BORONG RTC KOTA BHARU,Borong,20,Sayur-Sayuran,02,002,CILI MERAH (VIETNAM),F.A.Q,Kilogram,11,8.28,
30724947,2026-07-11,2026-07-11 12:37:37.76649,KELANTAN,KOTA BHARU,PASAR BORONG RTC KOTA BHARU,Borong,20,Sayur-Sayuran,02,002,CILI MERAH (VIETNAM),F.A.Q,Kilogram,11,8.28,
30724948,2026-07-11,2026-07-11 12:37:37.76649,KELANTAN,KOTA BHARU,PASAR BORONG RTC KOTA BHARU,Borong,20,Sayur-Sayuran,02,002,CILI MERAH (VIETNAM),F.A.Q,Kilogram,10,8.28,
30724949,2026-07-11,2026-07-11 12:37:37.76649,KELANTAN,KOTA BHARU,PASAR BORONG RTC KOTA BHARU,Borong,20,Sayur-Sayuran,02,002,CILI MERAH (VIETNAM),F.A.Q,Kilogram,10,8.28,
30724950,2026-07-11,2026-07-11 12:37:37.76649,KELANTAN,KOTA BHARU,PASAR BORONG RTC KOTA BHARU,Borong,20,Sayur-Sayuran,02,002,CILI MERAH KULAI / KULAI HIBRID,F.A.Q,Kilogram,10,10.4,
30724951,2026-07-11,2026-07-11 12:37:37.76649,KELANTAN,KOTA BHARU,PASAR BORONG RTC KOTA BHARU,Borong,20,Sayur-Sayuran,02,002,CILI MERAH KULAI / KULAI HIBRID,F.A.Q,Kilogram,10,10.4,
30724952,2026-07-11,2026-07-11 12:37:37.76649,KELANTAN,KOTA BHARU,PASAR BORONG RTC KOTA BHARU,Borong,20,Sayur-Sayuran,02,002,CILI MERAH KULAI / KULAI HIBRID,F.A.Q,Kilogram,10,10.4,
30724953,2026-07-11,2026-07-11 12:37:37.76649,KELANTAN,KOTA BHARU,PASAR BORONG RTC KOTA BHARU,Borong,20,Sayur-Sayuran,02,002,CILI MERAH KULAI / KULAI HIBRID,F.A.Q,Kilogram,11,10.4,
30724954,2026-07-11,2026-07-11 12:37:37.76649,KELANTAN,KOTA BHARU,PASAR BORONG RTC KOTA BHARU,Borong,20,Sayur-Sayuran,02,002,CILI MERAH KULAI / KULAI HIBRID,F.A.Q,Kilogram,11,10.4,
30724955,2026-07-11,2026-07-11 12:37:37.76649,KELANTAN,KOTA BHARU,PASAR BORONG RTC KOTA BHARU,Borong,20,Sayur-Sayuran,02,002,CILI MERAH MINYAK,F.A.Q,Kilogram,8,8.42,
30724956,2026-07-11,2026-07-11 12:37:37.76649,KELANTAN,KOTA BHARU,PASAR BORONG RTC KOTA BHARU,Borong,20,Sayur-Sayuran,02,002,CILI MERAH MINYAK,F.A.Q,Kilogram,8,8.42,
30724957,2026-07-11,2026-07-11 12:37:37.76649,KELANTAN,KOTA BHARU,PASAR BORONG RTC KOTA BHARU,Borong,20,Sayur-Sayuran,02,002,CILI MERAH MINYAK,F.A.Q,Kilogram,8,8.42,
30724958,2026-07-11,2026-07-11 12:37:37.76649,KELANTAN,KOTA BHARU,PASAR BORONG RTC KOTA BHARU,Borong,20,Sayur-Sayuran,02,002,CILI MERAH MINYAK,F.A.Q,Kilogram,9,8.42,
30724959,2026-07-11,2026-07-11 12:37:37.76649,KELANTAN,KOTA BHARU,PASAR BORONG RTC KOTA BHARU,Borong,20,Sayur-Sayuran,02,002,CILI MERAH MINYAK,F.A.Q,Kilogram,9,8.42,
30724960,2026-07-11,2026-07-11 12:37:37.76649,KELANTAN,KOTA BHARU,PASAR BORONG RTC KOTA BHARU,Borong,20,Sayur-Sayuran,03,009,DAUN BAWANG,F.A.Q,Kilogram,7,6.6,
30724961,2026-07-11,2026-07-11 12:37:37.76649,KELANTAN,KOTA BHARU,PASAR BORONG RTC KOTA BHARU,Borong,20,Sayur-Sayuran,03,009,DAUN BAWANG,F.A.Q,Kilogram,7,6.6,
30724962,2026-07-11,2026-07-11 12:37:37.76649,KELANTAN,KOTA BHARU,PASAR BORONG RTC KOTA BHARU,Borong,20,Sayur-Sayuran,03,009,DAUN BAWANG,F.A.Q,Kilogram,7,6.6,
30724963,2026-07-11,2026-07-11 12:37:37.76649,KELANTAN,KOTA BHARU,PASAR BORONG RTC KOTA BHARU,Borong,20,Sayur-Sayuran,03,009,DAUN BAWANG,F.A.Q,Kilogram,6,6.6,
30724964,2026-07-11,2026-07-11 12:37:37.76649,KELANTAN,KOTA BHARU,PASAR BORONG RTC KOTA BHARU,Borong,20,Sayur-Sayuran,03,009,DAUN BAWANG,F.A.Q,Kilogram,6,6.6,
30724965,2026-07-11,2026-07-11 12:37:37.76649,KELANTAN,KOTA BHARU,PASAR BORONG RTC KOTA BHARU,Borong,20,Sayur-Sayuran,03,009,DAUN BAWANG (IMPORT),F.A.Q,Kilogram,7,6.6,
30724966,2026-07-11,2026-07-11 12:37:37.76649,KELANTAN,KOTA BHARU,PASAR BORONG RTC KOTA BHARU,Borong,20,Sayur-Sayuran,03,009,DAUN BAWANG (IMPORT),F.A.Q,Kilogram,7,6.6,
30724967,2026-07-11,2026-07-11 12:37:37.76649,KELANTAN,KOTA BHARU,PASAR BORONG RTC KOTA BHARU,Borong,20,Sayur-Sayuran,03,009,DAUN BAWANG (IMPORT),F.A.Q,Kilogram,7,6.6,
30724968,2026-07-11,2026-07-11 12:37:37.76649,KELANTAN,KOTA BHARU,PASAR BORONG RTC KOTA BHARU,Borong,20,Sayur-Sayuran,03,009,DAUN BAWANG (IMPORT),F.A.Q,Kilogram,6,6.6,
30724969,2026-07-11,2026-07-11 12:37:37.76649,KELANTAN,KOTA BHARU,PASAR BORONG RTC KOTA BHARU,Borong,20,Sayur-Sayuran,03,009,DAUN BAWANG (IMPORT),F.A.Q,Kilogram,6,6.6,
30724970,2026-07-11,2026-07-11 12:37:37.76649,KELANTAN,KOTA BHARU,PASAR BORONG RTC KOTA BHARU,Borong,20,Sayur-Sayuran,03,015,DAUN SUP (TANAH TINGGI),F.A.Q,Kilogram,18,14.6,
30724971,2026-07-11,2026-07-11 12:37:37.76649,KELANTAN,KOTA BHARU,PASAR BORONG RTC KOTA BHARU,Borong,20,Sayur-Sayuran,03,015,DAUN SUP (TANAH TINGGI),F.A.Q,Kilogram,18,14.6,
30724972,2026-07-11,2026-07-11 12:37:37.76649,KELANTAN,KOTA BHARU,PASAR BORONG RTC KOTA BHARU,Borong,20,Sayur-Sayuran,03,015,DAUN SUP (TANAH TINGGI),F.A.Q,Kilogram,18,14.6,
30724973,2026-07-11,2026-07-11 12:37:37.76649,KELANTAN,KOTA BHARU,PASAR BORONG RTC KOTA BHARU,Borong,20,Sayur-Sayuran,03,015,DAUN SUP (TANAH TINGGI),F.A.Q,Kilogram,19,14.6,
30724974,2026-07-11,2026-07-11 12:37:37.76649,KELANTAN,KOTA BHARU,PASAR BORONG RTC KOTA BHARU,Borong,20,Sayur-Sayuran,03,015,DAUN SUP (TANAH TINGGI),F.A.Q,Kilogram,19,14.6,
30724975,2026-07-11,2026-07-11 12:37:37.76649,KELANTAN,KOTA BHARU,PASAR BORONG RTC KOTA BHARU,Borong,20,Sayur-Sayuran,04,002,KACANG BENDI,F.A.Q,Kilogram,6,5.36,
30724976,2026-07-11,2026-07-11 12:37:37.76649,KELANTAN,KOTA BHARU,PASAR BORONG RTC KOTA BHARU,Borong,20,Sayur-Sayuran,04,002,KACANG BENDI,F.A.Q,Kilogram,6,5.36,
30724977,2026-07-11,2026-07-11 12:37:37.76649,KELANTAN,KOTA BHARU,PASAR BORONG RTC KOTA BHARU,Borong,20,Sayur-Sayuran,04,002,KACANG BENDI,F.A.Q,Kilogram,6,5.36,
30724978,2026-07-11,2026-07-11 12:37:37.76649,KELANTAN,KOTA BHARU,PASAR BORONG RTC KOTA BHARU,Borong,20,Sayur-Sayuran,04,002,KACANG BENDI,F.A.Q,Kilogram,5.5,5.36,
30724979,2026-07-11,2026-07-11 12:37:37.76649,KELANTAN,KOTA BHARU,PASAR BORONG RTC KOTA BHARU,Borong,20,Sayur-Sayuran,04,002,KACANG BENDI,F.A.Q,Kilogram,5.5,5.36,
30724980,2026-07-11,2026-07-11 12:37:37.76649,KELANTAN,KOTA BHARU,PASAR BORONG RTC KOTA BHARU,Borong,20,Sayur-Sayuran,04,003,KACANG BUNCIS,F.A.Q,Kilogram,9,8.6,
30724981,2026-07-11,2026-07-11 12:37:37.76649,KELANTAN,KOTA BHARU,PASAR BORONG RTC KOTA BHARU,Borong,20,Sayur-Sayuran,04,003,KACANG BUNCIS,F.A.Q,Kilogram,9,8.6,
30724982,2026-07-11,2026-07-11 12:37:37.76649,KELANTAN,KOTA BHARU,PASAR BORONG RTC KOTA BHARU,Borong,20,Sayur-Sayuran,04,003,KACANG BUNCIS,F.A.Q,Kilogram,9,8.6,
30724983,2026-07-11,2026-07-11 12:37:37.76649,KELANTAN,KOTA BHARU,PASAR BORONG RTC KOTA BHARU,Borong,20,Sayur-Sayuran,04,003,KACANG BUNCIS,F.A.Q,Kilogram,8,8.6,
30724984,2026-07-11,2026-07-11 12:37:37.76649,KELANTAN,KOTA BHARU,PASAR BORONG RTC KOTA BHARU,Borong,20,Sayur-Sayuran,04,003,KACANG BUNCIS,F.A.Q,Kilogram,8,8.6,
30724985,2026-07-11,2026-07-11 12:37:37.76649,KELANTAN,KOTA BHARU,PASAR BORONG RTC KOTA BHARU,Borong,20,Sayur-Sayuran,04,007,KACANG PANJANG HIJAU,F.A.Q,Kilogram,5,5.08,
30724986,2026-07-11,2026-07-11 12:37:37.76649,KELANTAN,KOTA BHARU,PASAR BORONG RTC KOTA BHARU,Borong,20,Sayur-Sayuran,04,007,KACANG PANJANG HIJAU,F.A.Q,Kilogram,5,5.08,
30724987,2026-07-11,2026-07-11 12:37:37.76649,KELANTAN,KOTA BHARU,PASAR BORONG RTC KOTA BHARU,Borong,20,Sayur-Sayuran,04,007,KACANG PANJANG HIJAU,F.A.Q,Kilogram,5,5.08,
30724988,2026-07-11,2026-07-11 12:37:37.76649,KELANTAN,KOTA BHARU,PASAR BORONG RTC KOTA BHARU,Borong,20,Sayur-Sayuran,04,007,KACANG PANJANG HIJAU,F.A.Q,Kilogram,4.5,5.08,
30724989,2026-07-11,2026-07-11 12:37:37.76649,KELANTAN,KOTA BHARU,PASAR BORONG RTC KOTA BHARU,Borong,20,Sayur-Sayuran,04,007,KACANG PANJANG HIJAU,F.A.Q,Kilogram,4.5,5.08,
30724990,2026-07-11,2026-07-11 12:42:16.586349,W.P. KUALA LUMPUR,KUALA LUMPUR,PASAR BORONG KUALA LUMPUR,Borong,,Ternakan,02,003,DAGING LEMBU PEJAL,F.A.Q,Kilogram,30,40,
30724991,2026-07-11,2026-07-11 12:42:43.921372,W.P. KUALA LUMPUR,KUALA LUMPUR,PASAR BORONG KUALA LUMPUR,Borong,,Ternakan,11,001,TELUR AYAM,A,Biji,0.43,0.45,
30724992,2026-07-11,2026-07-11 12:42:44.37986,W.P. KUALA LUMPUR,KUALA LUMPUR,PASAR BORONG KUALA LUMPUR,Borong,,Ternakan,11,001,TELUR AYAM,B,Biji,0.36,0.43,
30724993,2026-07-11,2026-07-11 12:42:44.43601,W.P. KUALA LUMPUR,KUALA LUMPUR,PASAR BORONG KUALA LUMPUR,Borong,,Ternakan,11,001,TELUR AYAM,C,Biji,0.3,0.41,
30724994,2026-07-11,2026-07-11 12:44:53.051687,W.P. KUALA LUMPUR,KUALA LUMPUR,PASAR BORONG KUALA LUMPUR,Borong,,Sayur-Sayuran,02,002,CILI MERAH MINYAK,F.A.Q,Kilogram,8,11.76,
30724995,2026-07-11,2026-07-11 12:44:53.122421,W.P. KUALA LUMPUR,KUALA LUMPUR,PASAR BORONG KUALA LUMPUR,Borong,,Sayur-Sayuran,03,009,DAUN BAWANG,F.A.Q,Kilogram,3,9.7,
30724996,2026-07-11,2026-07-11 12:44:53.172456,W.P. KUALA LUMPUR,KUALA LUMPUR,PASAR BORONG KUALA LUMPUR,Borong,,Sayur-Sayuran,03,015,DAUN SUP (TANAH TINGGI),F.A.Q,Kilogram,12,10.25,
30724997,2026-07-11,2026-07-11 12:44:53.230091,W.P. KUALA LUMPUR,KUALA LUMPUR,PASAR BORONG KUALA LUMPUR,Borong,,Sayur-Sayuran,04,003,KACANG BUNCIS,F.A.Q,Kilogram,8,10.25,
30724998,2026-07-11,2026-07-11 12:44:53.278583,W.P. KUALA LUMPUR,KUALA LUMPUR,PASAR BORONG KUALA LUMPUR,Borong,,Sayur-Sayuran,03,006,KUBIS BULAT (TANAH TINGGI),F.A.Q,Kilogram,1.5,3.18,
30724999,2026-07-11,2026-07-11 12:44:53.336525,W.P. KUALA LUMPUR,KUALA LUMPUR,PASAR BORONG KUALA LUMPUR,Borong,,Sayur-Sayuran,02,012,TOMATO (TANAH TINGGI),F.A.Q,Kilogram,4,7,
30725000,2026-07-11,2026-07-11 12:47:10.650741,W.P. KUALA LUMPUR,KUALA LUMPUR,PASAR BORONG KUALA LUMPUR,Borong,,Sayur-Sayuran,03,001,BAYAM,F.A.Q,Kilogram,3.5,4.11,
30725001,2026-07-11,2026-07-11 12:47:10.752344,W.P. KUALA LUMPUR,KUALA LUMPUR,PASAR BORONG KUALA LUMPUR,Borong,,Sayur-Sayuran,02,002,CILI HIJAU,F.A.Q,Kilogram,8,10.63,
30725002,2026-07-11,2026-07-11 12:47:10.803007,W.P. KUALA LUMPUR,KUALA LUMPUR,PASAR BORONG KUALA LUMPUR,Borong,,Sayur-Sayuran,02,002,CILI MERAH KULAI / KULAI HIBRID,F.A.Q,Kilogram,10,13.69,
30725003,2026-07-11,2026-07-11 12:47:10.876102,W.P. KUALA LUMPUR,KUALA LUMPUR,PASAR BORONG KUALA LUMPUR,Borong,,Sayur-Sayuran,02,002,CILI MERAH MINYAK,F.A.Q,Kilogram,9,11.76,
30725004,2026-07-11,2026-07-11 12:47:10.944492,W.P. KUALA LUMPUR,KUALA LUMPUR,PASAR BORONG KUALA LUMPUR,Borong,,Sayur-Sayuran,03,009,DAUN BAWANG,F.A.Q,Kilogram,3,9.7,
30725005,2026-07-11,2026-07-11 12:47:11.032667,W.P. KUALA LUMPUR,KUALA LUMPUR,PASAR BORONG KUALA LUMPUR,Borong,,Sayur-Sayuran,03,015,DAUN SUP (TANAH TINGGI),F.A.Q,Kilogram,16,10.25,
30725006,2026-07-11,2026-07-11 12:47:11.081402,W.P. KUALA LUMPUR,KUALA LUMPUR,PASAR BORONG KUALA LUMPUR,Borong,,Sayur-Sayuran,04,002,KACANG BENDI,F.A.Q,Kilogram,4,8.23,
30725007,2026-07-11,2026-07-11 12:47:11.131029,W.P. KUALA LUMPUR,KUALA LUMPUR,PASAR BORONG KUALA LUMPUR,Borong,,Sayur-Sayuran,04,003,KACANG BUNCIS,F.A.Q,Kilogram,12,10.25,
30725008,2026-07-11,2026-07-11 12:47:11.180533,W.P. KUALA LUMPUR,KUALA LUMPUR,PASAR BORONG KUALA LUMPUR,Borong,,Sayur-Sayuran,04,007,KACANG PANJANG HIJAU,F.A.Q,Kilogram,6,5.88,
30725009,2026-07-11,2026-07-11 12:47:11.237896,W.P. KUALA LUMPUR,KUALA LUMPUR,PASAR BORONG KUALA LUMPUR,Borong,,Sayur-Sayuran,03,019,KANGKUNG,F.A.Q,Kilogram,3,3.5,
30725010,2026-07-11,2026-07-11 12:47:11.295645,W.P. KUALA LUMPUR,KUALA LUMPUR,PASAR BORONG KUALA LUMPUR,Borong,,Sayur-Sayuran,03,006,KUBIS BULAT (CHINA),F.A.Q,Kilogram,1.8,2.09,
30725011,2026-07-11,2026-07-11 12:47:11.35049,W.P. KUALA LUMPUR,KUALA LUMPUR,PASAR BORONG KUALA LUMPUR,Borong,,Sayur-Sayuran,03,006,KUBIS BULAT (TANAH TINGGI),F.A.Q,Kilogram,1.5,3.18,
30725012,2026-07-11,2026-07-11 12:47:11.41426,W.P. KUALA LUMPUR,KUALA LUMPUR,PASAR BORONG KUALA LUMPUR,Borong,,Sayur-Sayuran,03,007,SAWI HIJAU (TANAH RENDAH),F.A.Q,Kilogram,4,4.43,
30725013,2026-07-11,2026-07-11 12:47:11.475209,W.P. KUALA LUMPUR,KUALA LUMPUR,PASAR BORONG KUALA LUMPUR,Borong,,Sayur-Sayuran,02,010,TERUNG PANJANG / PEPARU (TANAH RENDAH),F.A.Q,Kilogram,6,7.33,
30725014,2026-07-11,2026-07-11 12:47:11.547241,W.P. KUALA LUMPUR,KUALA LUMPUR,PASAR BORONG KUALA LUMPUR,Borong,,Sayur-Sayuran,02,011,TIMUN HIJAU,F.A.Q,Kilogram,2,2.57,
30725015,2026-07-11,2026-07-11 12:47:11.613734,W.P. KUALA LUMPUR,KUALA LUMPUR,PASAR BORONG KUALA LUMPUR,Borong,,Sayur-Sayuran,02,012,TOMATO (TANAH TINGGI),F.A.Q,Kilogram,6,7,
30725016,2026-07-11,2026-07-11 13:10:18.640795,W.P. KUALA LUMPUR,KUALA LUMPUR,PASAR BORONG KUALA LUMPUR,Borong,,Buah-Buahan,02,005,BETIK SEKAKI,F.A.Q,Kilogram,4.5,3.33,
30725017,2026-07-11,2026-07-11 13:10:18.734506,W.P. KUALA LUMPUR,KUALA LUMPUR,PASAR BORONG KUALA LUMPUR,Borong,,Buah-Buahan,02,023,NANAS JOSAPINE (AC5),F.A.Q,Kilogram,3.5,3.5,
30725018,2026-07-11,2026-07-11 13:10:18.800843,W.P. KUALA LUMPUR,KUALA LUMPUR,PASAR BORONG KUALA LUMPUR,Borong,,Buah-Buahan,02,028,PISANG BERANGAN,F.A.Q,Kilogram,3.5,3.93,
30725019,2026-07-11,2026-07-11 13:10:18.864671,W.P. KUALA LUMPUR,KUALA LUMPUR,PASAR BORONG KUALA LUMPUR,Borong,,Buah-Buahan,02,028,PISANG MAS,F.A.Q,Kilogram,4.5,3.81,
30725020,2026-07-11,2026-07-11 13:10:18.916009,W.P. KUALA LUMPUR,KUALA LUMPUR,PASAR BORONG KUALA LUMPUR,Borong,,Buah-Buahan,02,034,TEMBIKAI MERAH TANPA BIJI,F.A.Q,Kilogram,3.2,3.55,
30725021,2026-07-11,2026-07-11 13:10:18.964352,W.P. KUALA LUMPUR,KUALA LUMPUR,PASAR BORONG KUALA LUMPUR,Borong,,Sayur-Sayuran,05,001,BAWANG BESAR KUNING / HOLLAND,F.A.Q,Kilogram,1.2,3.5,
30725022,2026-07-11,2026-07-11 13:10:19.040554,W.P. KUALA LUMPUR,KUALA LUMPUR,PASAR BORONG KUALA LUMPUR,Borong,,Sayur-Sayuran,05,001,BAWANG BESAR MERAH (IMPORT),F.A.Q,Kilogram,2.5,2.96,
30725023,2026-07-11,2026-07-11 13:10:19.10156,W.P. KUALA LUMPUR,KUALA LUMPUR,PASAR BORONG KUALA LUMPUR,Borong,,Sayur-Sayuran,05,001,BAWANG BESAR MERAH (INDIA),F.A.Q,Kilogram,1.8,2.73,
30725024,2026-07-11,2026-07-11 13:10:19.151172,W.P. KUALA LUMPUR,KUALA LUMPUR,PASAR BORONG KUALA LUMPUR,Borong,,Sayur-Sayuran,05,001,BAWANG MERAH / KECIL (IMPORT),F.A.Q,Kilogram,4,3.88,
30725025,2026-07-11,2026-07-11 13:10:19.201532,W.P. KUALA LUMPUR,KUALA LUMPUR,PASAR BORONG KUALA LUMPUR,Borong,,Sayur-Sayuran,05,001,BAWANG MERAH / KECIL (INDIA),F.A.Q,Kilogram,1.5,4.61,
30725026,2026-07-11,2026-07-11 13:10:19.256329,W.P. KUALA LUMPUR,KUALA LUMPUR,PASAR BORONG KUALA LUMPUR,Borong,,Sayur-Sayuran,05,001,BAWANG MERAH / KECIL (THAI),F.A.Q,Kilogram,5.5,9.62,
30725027,2026-07-11,2026-07-11 13:10:19.316013,W.P. KUALA LUMPUR,KUALA LUMPUR,PASAR BORONG KUALA LUMPUR,Borong,,Sayur-Sayuran,05,001,BAWANG MERAH ROSE,F.A.Q,Kilogram,2.2,9.14,
30725028,2026-07-11,2026-07-11 13:10:19.397716,W.P. KUALA LUMPUR,KUALA LUMPUR,PASAR BORONG KUALA LUMPUR,Borong,,Sayur-Sayuran,05,001,BAWANG PUTIH (CHINA),F.A.Q,Kilogram,5.5,5.98,
30725029,2026-07-11,2026-07-11 13:10:19.455903,W.P. KUALA LUMPUR,KUALA LUMPUR,PASAR BORONG KUALA LUMPUR,Borong,,Sayur-Sayuran,05,009,UBI KENTANG HOLLAND,F.A.Q,Kilogram,2,2.62,
30725030,2026-07-11,2026-07-11 13:10:19.514765,W.P. KUALA LUMPUR,KUALA LUMPUR,PASAR BORONG KUALA LUMPUR,Borong,,Tanaman Kontan,05,001,KELAPA DIKUPAS,SEDANG,Biji,2.3,1.79,
30725031,2026-07-11,2026-07-11 13:10:42.53757,W.P. KUALA LUMPUR,KUALA LUMPUR,PASAR BORONG KUALA LUMPUR,Borong,,Ternakan,01,003,AYAM HIDUP,F.A.Q,Kilogram,7,6.93,
30725032,2026-07-11,2026-07-11 13:10:42.674955,W.P. KUALA LUMPUR,KUALA LUMPUR,PASAR BORONG KUALA LUMPUR,Borong,,Ternakan,03,002,AYAM PROSES STANDARD,F.A.Q,Kilogram,8.5,8.75,
30725033,2026-07-11,2026-07-11 13:20:02.890444,KELANTAN,BACHOK,[LOKASI KUTIPAN HARGA LADANG] KAMPUNG CHANGGONG,Ladang,,Tanaman Kontan,05,001,KELAPA DIKUPAS,SEDANG,Biji,1.2,1.2,
30725034,2026-07-11,2026-07-11 13:20:58.965526,KELANTAN,KOTA BHARU,PASAR BORONG RTC KOTA BHARU,Borong,20,Buah-Buahan,02,023,NANAS JOSAPINE (AC5),F.A.Q,Kilogram,3,3,
30725035,2026-07-11,2026-07-11 13:20:58.965526,KELANTAN,KOTA BHARU,PASAR BORONG RTC KOTA BHARU,Borong,20,Buah-Buahan,02,023,NANAS JOSAPINE (AC5),F.A.Q,Kilogram,3,3,
30725036,2026-07-11,2026-07-11 13:20:58.965526,KELANTAN,KOTA BHARU,PASAR BORONG RTC KOTA BHARU,Borong,20,Buah-Buahan,02,023,NANAS JOSAPINE (AC5),F.A.Q,Kilogram,3,3,
30725037,2026-07-11,2026-07-11 13:21:33.655958,KELANTAN,KOTA BHARU,PASAR BORONG RTC KOTA BHARU,Borong,20,Tanaman Kontan,05,001,KELAPA DIKUPAS,SEDANG,Biji,1.7,1.73,
30725038,2026-07-11,2026-07-11 13:22:15.937065,KELANTAN,KOTA BHARU,PASAR BESAR SITI KHADIJAH,Runcit,26,Buah-Buahan,02,023,NANAS JOSAPINE (AC5),F.A.Q,Kilogram,4,4,
30725039,2026-07-11,2026-07-11 13:22:15.937065,KELANTAN,KOTA BHARU,PASAR BESAR SITI KHADIJAH,Runcit,26,Buah-Buahan,02,023,NANAS JOSAPINE (AC5),F.A.Q,Kilogram,4,4,
30725040,2026-07-11,2026-07-11 13:22:15.937065,KELANTAN,KOTA BHARU,PASAR BESAR SITI KHADIJAH,Runcit,26,Buah-Buahan,02,023,NANAS JOSAPINE (AC5),F.A.Q,Kilogram,4.5,4,
30725041,2026-07-11,2026-07-11 13:23:07.30323,KELANTAN,KOTA BHARU,PASAR BESAR SITI KHADIJAH,Runcit,26,Tanaman Kontan,05,001,KELAPA DIKUPAS,SEDANG,Biji,2.2,2.195,
30725042,2026-07-11,2026-07-11 13:23:07.30323,KELANTAN,KOTA BHARU,PASAR BESAR SITI KHADIJAH,Runcit,26,Tanaman Kontan,05,001,KELAPA DIKUPAS,SEDANG,Biji,2.2,2.195,
30725046,2026-07-11,2026-07-11 14:52:43.37769,KEDAH,PENDANG,LADANG/KEBUN KAMPUNG PAYA LIPAI,Ladang,,Sayur-Sayuran,03,001,BAYAM,F.A.Q,Kilogram,2,2,
30725047,2026-07-11,2026-07-11 14:52:43.37769,KEDAH,PENDANG,LADANG/KEBUN KAMPUNG PAYA LIPAI,Ladang,,Sayur-Sayuran,02,002,CILI MERAH KULAI / KULAI HIBRID,F.A.Q,Kilogram,12,10.5,
30725048,2026-07-11,2026-07-11 14:52:43.37769,KEDAH,PENDANG,LADANG/KEBUN KAMPUNG PAYA LIPAI,Ladang,,Sayur-Sayuran,04,002,KACANG BENDI,F.A.Q,Kilogram,3,3.0833333,
30725049,2026-07-11,2026-07-11 14:52:43.37769,KEDAH,PENDANG,LADANG/KEBUN KAMPUNG PAYA LIPAI,Ladang,,Sayur-Sayuran,04,003,KACANG BUNCIS,F.A.Q,Kilogram,5,5,
30725050,2026-07-11,2026-07-11 14:52:43.37769,KEDAH,PENDANG,LADANG/KEBUN KAMPUNG PAYA LIPAI,Ladang,,Sayur-Sayuran,04,007,KACANG PANJANG HIJAU,F.A.Q,Kilogram,1.8,1.9666667,
30725051,2026-07-11,2026-07-11 14:52:43.37769,KEDAH,PENDANG,LADANG/KEBUN KAMPUNG PAYA LIPAI,Ladang,,Sayur-Sayuran,03,019,KANGKUNG,F.A.Q,Kilogram,2,2,
30725052,2026-07-11,2026-07-11 14:52:43.37769,KEDAH,PENDANG,LADANG/KEBUN KAMPUNG PAYA LIPAI,Ladang,,Sayur-Sayuran,03,007,SAWI HIJAU (TANAH RENDAH),F.A.Q,Kilogram,2,2,
30725053,2026-07-11,2026-07-11 14:52:43.37769,KEDAH,PENDANG,LADANG/KEBUN KAMPUNG PAYA LIPAI,Ladang,,Sayur-Sayuran,02,010,TERUNG PANJANG / PEPARU (TANAH RENDAH),F.A.Q,Kilogram,4,3.3,
30725054,2026-07-11,2026-07-11 14:52:43.37769,KEDAH,PENDANG,LADANG/KEBUN KAMPUNG PAYA LIPAI,Ladang,,Sayur-Sayuran,02,011,TIMUN HIJAU,F.A.Q,Kilogram,1,1.2666667,
30725055,2026-07-11,2026-07-11 14:54:05.135992,KEDAH,POKOK SENA,LADANG/KEBUN KAMPUNG PANCUR,Ladang,,Buah-Buahan,02,005,BETIK SEKAKI,F.A.Q,Kilogram,2,2,
30725056,2026-07-11,2026-07-11 14:54:05.135992,KEDAH,POKOK SENA,LADANG/KEBUN KAMPUNG PANCUR,Ladang,,Buah-Buahan,02,028,PISANG BERANGAN,F.A.Q,Kilogram,2.5,2.56,
30725057,2026-07-11,2026-07-11 14:54:05.135992,KEDAH,POKOK SENA,LADANG/KEBUN KAMPUNG PANCUR,Ladang,,Buah-Buahan,02,028,PISANG MAS,F.A.Q,Kilogram,2.5,2.4,
30725058,2026-07-11,2026-07-11 14:54:21.173508,KEDAH,POKOK SENA,LADANG/KEBUN KAMPUNG JABI,Ladang,,Buah-Buahan,02,034,TEMBIKAI MERAH TANPA BIJI,F.A.Q,Kilogram,1.2,1.2,
30725059,2026-07-11,2026-07-11 14:54:40.251406,KEDAH,KOTA SETAR,[LOKASI KUTIPAN HARGA LADANG] BUKIT PINANG,Ladang,,Ternakan,01,003,AYAM HIDUP,F.A.Q,Kilogram,5.8,5.58,
30725060,2026-07-11,2026-07-11 15:27:01.088129,KELANTAN,KOTA BHARU,PASAR BORONG RTC KOTA BHARU,Borong,20,Sayur-Sayuran,03,019,KANGKUNG,F.A.Q,Kilogram,3,2.8,
30725061,2026-07-11,2026-07-11 15:27:01.088129,KELANTAN,KOTA BHARU,PASAR BORONG RTC KOTA BHARU,Borong,20,Sayur-Sayuran,03,019,KANGKUNG,F.A.Q,Kilogram,3,2.8,
30725062,2026-07-11,2026-07-11 15:27:01.088129,KELANTAN,KOTA BHARU,PASAR BORONG RTC KOTA BHARU,Borong,20,Sayur-Sayuran,03,019,KANGKUNG,F.A.Q,Kilogram,3,2.8,
30725063,2026-07-11,2026-07-11 15:27:01.088129,KELANTAN,KOTA BHARU,PASAR BORONG RTC KOTA BHARU,Borong,20,Sayur-Sayuran,03,019,KANGKUNG,F.A.Q,Kilogram,2.5,2.8,
30725064,2026-07-11,2026-07-11 15:27:01.088129,KELANTAN,KOTA BHARU,PASAR BORONG RTC KOTA BHARU,Borong,20,Sayur-Sayuran,03,019,KANGKUNG,F.A.Q,Kilogram,2.5,2.8,
30725065,2026-07-11,2026-07-11 15:27:01.088129,KELANTAN,KOTA BHARU,PASAR BORONG RTC KOTA BHARU,Borong,20,Sayur-Sayuran,03,019,KANGKUNG (IMPORT),F.A.Q,Kilogram,4,4.2,
30725066,2026-07-11,2026-07-11 15:27:01.088129,KELANTAN,KOTA BHARU,PASAR BORONG RTC KOTA BHARU,Borong,20,Sayur-Sayuran,03,019,KANGKUNG (IMPORT),F.A.Q,Kilogram,4,4.2,
30725067,2026-07-11,2026-07-11 15:27:01.088129,KELANTAN,KOTA BHARU,PASAR BORONG RTC KOTA BHARU,Borong,20,Sayur-Sayuran,03,019,KANGKUNG (IMPORT),F.A.Q,Kilogram,4,4.2,
30725068,2026-07-11,2026-07-11 15:27:01.088129,KELANTAN,KOTA BHARU,PASAR BORONG RTC KOTA BHARU,Borong,20,Sayur-Sayuran,03,019,KANGKUNG (IMPORT),F.A.Q,Kilogram,4.5,4.2,
30725069,2026-07-11,2026-07-11 15:27:01.088129,KELANTAN,KOTA BHARU,PASAR BORONG RTC KOTA BHARU,Borong,20,Sayur-Sayuran,03,019,KANGKUNG (IMPORT),F.A.Q,Kilogram,4.5,4.2,
30725070,2026-07-11,2026-07-11 15:27:01.311989,KELANTAN,KOTA BHARU,PASAR BORONG RTC KOTA BHARU,Borong,20,Sayur-Sayuran,03,006,KUBIS BULAT (CHINA),F.A.Q,Kilogram,2,1.92,
30725071,2026-07-11,2026-07-11 15:27:01.311989,KELANTAN,KOTA BHARU,PASAR BORONG RTC KOTA BHARU,Borong,20,Sayur-Sayuran,03,006,KUBIS BULAT (CHINA),F.A.Q,Kilogram,2,1.92,
30725072,2026-07-11,2026-07-11 15:27:01.311989,KELANTAN,KOTA BHARU,PASAR BORONG RTC KOTA BHARU,Borong,20,Sayur-Sayuran,03,006,KUBIS BULAT (CHINA),F.A.Q,Kilogram,2,1.92,
30725073,2026-07-11,2026-07-11 15:27:01.311989,KELANTAN,KOTA BHARU,PASAR BORONG RTC KOTA BHARU,Borong,20,Sayur-Sayuran,03,006,KUBIS BULAT (CHINA),F.A.Q,Kilogram,1.8,1.92,
30725074,2026-07-11,2026-07-11 15:27:01.311989,KELANTAN,KOTA BHARU,PASAR BORONG RTC KOTA BHARU,Borong,20,Sayur-Sayuran,03,006,KUBIS BULAT (CHINA),F.A.Q,Kilogram,1.8,1.92,
30725075,2026-07-11,2026-07-11 15:27:01.311989,KELANTAN,KOTA BHARU,PASAR BORONG RTC KOTA BHARU,Borong,20,Sayur-Sayuran,03,006,KUBIS BULAT (TANAH TINGGI),F.A.Q,Kilogram,3,2.762,
30725076,2026-07-11,2026-07-11 15:27:01.311989,KELANTAN,KOTA BHARU,PASAR BORONG RTC KOTA BHARU,Borong,20,Sayur-Sayuran,03,006,KUBIS BULAT (TANAH TINGGI),F.A.Q,Kilogram,3,2.762,
30725077,2026-07-11,2026-07-11 15:27:01.311989,KELANTAN,KOTA BHARU,PASAR BORONG RTC KOTA BHARU,Borong,20,Sayur-Sayuran,03,006,KUBIS BULAT (TANAH TINGGI),F.A.Q,Kilogram,3,2.762,
30725078,2026-07-11,2026-07-11 15:27:01.311989,KELANTAN,KOTA BHARU,PASAR BORONG RTC KOTA BHARU,Borong,20,Sayur-Sayuran,03,006,KUBIS BULAT (TANAH TINGGI),F.A.Q,Kilogram,2.5,2.762,
30725079,2026-07-11,2026-07-11 15:27:01.311989,KELANTAN,KOTA BHARU,PASAR BORONG RTC KOTA BHARU,Borong,20,Sayur-Sayuran,03,006,KUBIS BULAT (TANAH TINGGI),F.A.Q,Kilogram,2.5,2.762,
30725080,2026-07-11,2026-07-11 15:27:01.311989,KELANTAN,KOTA BHARU,PASAR BORONG RTC KOTA BHARU,Borong,20,Sayur-Sayuran,03,007,SAWI HIJAU (IMPORT),F.A.Q,Kilogram,4.5,3.9,
30725081,2026-07-11,2026-07-11 15:27:01.311989,KELANTAN,KOTA BHARU,PASAR BORONG RTC KOTA BHARU,Borong,20,Sayur-Sayuran,03,007,SAWI HIJAU (IMPORT),F.A.Q,Kilogram,4.5,3.9,
30725082,2026-07-11,2026-07-11 15:27:01.311989,KELANTAN,KOTA BHARU,PASAR BORONG RTC KOTA BHARU,Borong,20,Sayur-Sayuran,03,007,SAWI HIJAU (IMPORT),F.A.Q,Kilogram,4.5,3.9,
30725083,2026-07-11,2026-07-11 15:27:01.311989,KELANTAN,KOTA BHARU,PASAR BORONG RTC KOTA BHARU,Borong,20,Sayur-Sayuran,03,007,SAWI HIJAU (IMPORT),F.A.Q,Kilogram,4,3.9,
30725084,2026-07-11,2026-07-11 15:27:01.311989,KELANTAN,KOTA BHARU,PASAR BORONG RTC KOTA BHARU,Borong,20,Sayur-Sayuran,03,007,SAWI HIJAU (IMPORT),F.A.Q,Kilogram,4,3.9,
30725085,2026-07-11,2026-07-11 15:27:01.311989,KELANTAN,KOTA BHARU,PASAR BORONG RTC KOTA BHARU,Borong,20,Sayur-Sayuran,03,007,SAWI HIJAU (TANAH RENDAH),F.A.Q,Kilogram,4.5,3.9,
30725086,2026-07-11,2026-07-11 15:27:01.311989,KELANTAN,KOTA BHARU,PASAR BORONG RTC KOTA BHARU,Borong,20,Sayur-Sayuran,03,007,SAWI HIJAU (TANAH RENDAH),F.A.Q,Kilogram,4.5,3.9,
30725087,2026-07-11,2026-07-11 15:27:01.311989,KELANTAN,KOTA BHARU,PASAR BORONG RTC KOTA BHARU,Borong,20,Sayur-Sayuran,03,007,SAWI HIJAU (TANAH RENDAH),F.A.Q,Kilogram,4.5,3.9,
30725088,2026-07-11,2026-07-11 15:27:01.311989,KELANTAN,KOTA BHARU,PASAR BORONG RTC KOTA BHARU,Borong,20,Sayur-Sayuran,03,007,SAWI HIJAU (TANAH RENDAH),F.A.Q,Kilogram,4,3.9,
30725089,2026-07-11,2026-07-11 15:27:01.311989,KELANTAN,KOTA BHARU,PASAR BORONG RTC KOTA BHARU,Borong,20,Sayur-Sayuran,03,007,SAWI HIJAU (TANAH RENDAH),F.A.Q,Kilogram,4,3.9,
30725090,2026-07-11,2026-07-11 15:27:01.311989,KELANTAN,KOTA BHARU,PASAR BORONG RTC KOTA BHARU,Borong,20,Sayur-Sayuran,02,010,TERUNG PANJANG / PEPARU (TANAH RENDAH),F.A.Q,Kilogram,3,3.68,
30725091,2026-07-11,2026-07-11 15:27:01.311989,KELANTAN,KOTA BHARU,PASAR BORONG RTC KOTA BHARU,Borong,20,Sayur-Sayuran,02,010,TERUNG PANJANG / PEPARU (TANAH RENDAH),F.A.Q,Kilogram,3,3.68,
30725092,2026-07-11,2026-07-11 15:27:01.311989,KELANTAN,KOTA BHARU,PASAR BORONG RTC KOTA BHARU,Borong,20,Sayur-Sayuran,02,010,TERUNG PANJANG / PEPARU (TANAH RENDAH),F.A.Q,Kilogram,3,3.68,
30725093,2026-07-11,2026-07-11 15:27:01.311989,KELANTAN,KOTA BHARU,PASAR BORONG RTC KOTA BHARU,Borong,20,Sayur-Sayuran,02,010,TERUNG PANJANG / PEPARU (TANAH RENDAH),F.A.Q,Kilogram,3.5,3.68,
30725094,2026-07-11,2026-07-11 15:27:01.311989,KELANTAN,KOTA BHARU,PASAR BORONG RTC KOTA BHARU,Borong,20,Sayur-Sayuran,02,010,TERUNG PANJANG / PEPARU (TANAH RENDAH),F.A.Q,Kilogram,3.5,3.68,
30725095,2026-07-11,2026-07-11 15:27:01.311989,KELANTAN,KOTA BHARU,PASAR BORONG RTC KOTA BHARU,Borong,20,Sayur-Sayuran,02,011,TIMUN HIJAU,F.A.Q,Kilogram,3,2.74,
30725096,2026-07-11,2026-07-11 15:27:01.311989,KELANTAN,KOTA BHARU,PASAR BORONG RTC KOTA BHARU,Borong,20,Sayur-Sayuran,02,011,TIMUN HIJAU,F.A.Q,Kilogram,3,2.74,
30725097,2026-07-11,2026-07-11 15:27:01.311989,KELANTAN,KOTA BHARU,PASAR BORONG RTC KOTA BHARU,Borong,20,Sayur-Sayuran,02,011,TIMUN HIJAU,F.A.Q,Kilogram,3,2.74,
30725098,2026-07-11,2026-07-11 15:27:01.311989,KELANTAN,KOTA BHARU,PASAR BORONG RTC KOTA BHARU,Borong,20,Sayur-Sayuran,02,011,TIMUN HIJAU,F.A.Q,Kilogram,2.5,2.74,
30725099,2026-07-11,2026-07-11 15:27:01.311989,KELANTAN,KOTA BHARU,PASAR BORONG RTC KOTA BHARU,Borong,20,Sayur-Sayuran,02,011,TIMUN HIJAU,F.A.Q,Kilogram,2.5,2.74,
30725100,2026-07-11,2026-07-11 15:27:01.311989,KELANTAN,KOTA BHARU,PASAR BORONG RTC KOTA BHARU,Borong,20,Sayur-Sayuran,02,011,TIMUN HIJAU (IMPORT),F.A.Q,Kilogram,2,2.2,
30725101,2026-07-11,2026-07-11 15:27:01.311989,KELANTAN,KOTA BHARU,PASAR BORONG RTC KOTA BHARU,Borong,20,Sayur-Sayuran,02,011,TIMUN HIJAU (IMPORT),F.A.Q,Kilogram,2,2.2,
30725102,2026-07-11,2026-07-11 15:27:01.311989,KELANTAN,KOTA BHARU,PASAR BORONG RTC KOTA BHARU,Borong,20,Sayur-Sayuran,02,011,TIMUN HIJAU (IMPORT),F.A.Q,Kilogram,2,2.2,
30725103,2026-07-11,2026-07-11 15:27:01.311989,KELANTAN,KOTA BHARU,PASAR BORONG RTC KOTA BHARU,Borong,20,Sayur-Sayuran,02,011,TIMUN HIJAU (IMPORT),F.A.Q,Kilogram,2.5,2.2,
30725104,2026-07-11,2026-07-11 15:27:01.311989,KELANTAN,KOTA BHARU,PASAR BORONG RTC KOTA BHARU,Borong,20,Sayur-Sayuran,02,011,TIMUN HIJAU (IMPORT),F.A.Q,Kilogram,2.5,2.2,
30725105,2026-07-11,2026-07-11 15:27:01.311989,KELANTAN,KOTA BHARU,PASAR BORONG RTC KOTA BHARU,Borong,20,Sayur-Sayuran,02,012,TOMATO (TANAH TINGGI),F.A.Q,Kilogram,7,7.322222,
30725106,2026-07-11,2026-07-11 15:27:01.311989,KELANTAN,KOTA BHARU,PASAR BORONG RTC KOTA BHARU,Borong,20,Sayur-Sayuran,02,012,TOMATO (TANAH TINGGI),F.A.Q,Kilogram,7,7.322222,
30725107,2026-07-11,2026-07-11 15:27:01.311989,KELANTAN,KOTA BHARU,PASAR BORONG RTC KOTA BHARU,Borong,20,Sayur-Sayuran,02,012,TOMATO (TANAH TINGGI),F.A.Q,Kilogram,7,7.322222,
30725108,2026-07-11,2026-07-11 15:27:01.311989,KELANTAN,KOTA BHARU,PASAR BORONG RTC KOTA BHARU,Borong,20,Sayur-Sayuran,02,012,TOMATO (TANAH TINGGI),F.A.Q,Kilogram,6.5,7.322222,
30725109,2026-07-11,2026-07-11 15:27:01.311989,KELANTAN,KOTA BHARU,PASAR BORONG RTC KOTA BHARU,Borong,20,Sayur-Sayuran,02,012,TOMATO (TANAH TINGGI),F.A.Q,Kilogram,6.5,7.322222,
30725110,2026-07-11,2026-07-11 15:27:01.311989,KELANTAN,KOTA BHARU,PASAR BORONG RTC KOTA BHARU,Borong,20,Sayur-Sayuran,02,012,TOMATO IMPORT,F.A.Q,Kilogram,6,4.7,
30725111,2026-07-11,2026-07-11 15:27:01.311989,KELANTAN,KOTA BHARU,PASAR BORONG RTC KOTA BHARU,Borong,20,Sayur-Sayuran,02,012,TOMATO IMPORT,F.A.Q,Kilogram,6,4.7,
30725112,2026-07-11,2026-07-11 15:27:01.311989,KELANTAN,KOTA BHARU,PASAR BORONG RTC KOTA BHARU,Borong,20,Sayur-Sayuran,02,012,TOMATO IMPORT,F.A.Q,Kilogram,6,4.7,
30725113,2026-07-11,2026-07-11 15:27:01.311989,KELANTAN,KOTA BHARU,PASAR BORONG RTC KOTA BHARU,Borong,20,Sayur-Sayuran,02,012,TOMATO IMPORT,F.A.Q,Kilogram,5,4.7,
30725114,2026-07-11,2026-07-11 15:27:01.311989,KELANTAN,KOTA BHARU,PASAR BORONG RTC KOTA BHARU,Borong,20,Sayur-Sayuran,02,012,TOMATO IMPORT,F.A.Q,Kilogram,5,4.7,
30725115,2026-07-11,2026-07-11 15:27:01.311989,KELANTAN,KOTA BHARU,PASAR BORONG RTC KOTA BHARU,Borong,20,Sayur-Sayuran,05,009,UBI KENTANG (IMPORT),F.A.Q,Kilogram,2,2.2,
30725116,2026-07-11,2026-07-11 15:27:01.311989,KELANTAN,KOTA BHARU,PASAR BORONG RTC KOTA BHARU,Borong,20,Sayur-Sayuran,05,009,UBI KENTANG (IMPORT),F.A.Q,Kilogram,2,2.2,
30725117,2026-07-11,2026-07-11 15:27:01.311989,KELANTAN,KOTA BHARU,PASAR BORONG RTC KOTA BHARU,Borong,20,Sayur-Sayuran,05,009,UBI KENTANG (IMPORT),F.A.Q,Kilogram,2,2.2,
30725118,2026-07-11,2026-07-11 15:27:01.311989,KELANTAN,KOTA BHARU,PASAR BORONG RTC KOTA BHARU,Borong,20,Sayur-Sayuran,05,009,UBI KENTANG (IMPORT),F.A.Q,Kilogram,2.5,2.2,
30725119,2026-07-11,2026-07-11 15:27:01.311989,KELANTAN,KOTA BHARU,PASAR BORONG RTC KOTA BHARU,Borong,20,Sayur-Sayuran,05,009,UBI KENTANG (IMPORT),F.A.Q,Kilogram,2.5,2.2,
30725120,2026-07-11,2026-07-11 15:30:38.105713,KELANTAN,KOTA BHARU,PASAR BORONG RTC KOTA BHARU,Borong,20,Ternakan,11,001,TELUR AYAM,A,Biji,0.43,0.43,
30725121,2026-07-11,2026-07-11 15:30:38.105713,KELANTAN,KOTA BHARU,PASAR BORONG RTC KOTA BHARU,Borong,20,Ternakan,11,001,TELUR AYAM,A,Biji,0.43,0.43,
30725122,2026-07-11,2026-07-11 15:30:38.105713,KELANTAN,KOTA BHARU,PASAR BORONG RTC KOTA BHARU,Borong,20,Ternakan,11,001,TELUR AYAM,A,Biji,0.43,0.43,
30725123,2026-07-11,2026-07-11 15:30:38.105713,KELANTAN,KOTA BHARU,PASAR BORONG RTC KOTA BHARU,Borong,20,Ternakan,11,001,TELUR AYAM,B,Biji,0.38,0.38,
30725124,2026-07-11,2026-07-11 15:30:38.105713,KELANTAN,KOTA BHARU,PASAR BORONG RTC KOTA BHARU,Borong,20,Ternakan,11,001,TELUR AYAM,B,Biji,0.38,0.38,
30725125,2026-07-11,2026-07-11 15:30:38.105713,KELANTAN,KOTA BHARU,PASAR BORONG RTC KOTA BHARU,Borong,20,Ternakan,11,001,TELUR AYAM,B,Biji,0.38,0.38,
30725126,2026-07-11,2026-07-11 15:30:38.105713,KELANTAN,KOTA BHARU,PASAR BORONG RTC KOTA BHARU,Borong,20,Ternakan,11,001,TELUR AYAM,C,Biji,0.36,0.36,
30725127,2026-07-11,2026-07-11 15:30:38.105713,KELANTAN,KOTA BHARU,PASAR BORONG RTC KOTA BHARU,Borong,20,Ternakan,11,001,TELUR AYAM,C,Biji,0.36,0.36,
30725128,2026-07-11,2026-07-11 15:30:38.105713,KELANTAN,KOTA BHARU,PASAR BORONG RTC KOTA BHARU,Borong,20,Ternakan,11,001,TELUR AYAM,C,Biji,0.36,0.36,
30725129,2026-07-11,2026-07-11 15:32:57.687844,KELANTAN,KOTA BHARU,PASAR BORONG RTC KOTA BHARU,Borong,20,Buah-Buahan,02,005,BETIK SEKAKI,F.A.Q,Kilogram,3.5,3.58,
30725130,2026-07-11,2026-07-11 15:32:57.687844,KELANTAN,KOTA BHARU,PASAR BORONG RTC KOTA BHARU,Borong,20,Buah-Buahan,02,005,BETIK SEKAKI,F.A.Q,Kilogram,3.5,3.58,
30725131,2026-07-11,2026-07-11 15:32:57.687844,KELANTAN,KOTA BHARU,PASAR BORONG RTC KOTA BHARU,Borong,20,Buah-Buahan,02,005,BETIK SEKAKI,F.A.Q,Kilogram,3.5,3.58,
30725132,2026-07-11,2026-07-11 15:32:57.687844,KELANTAN,KOTA BHARU,PASAR BORONG RTC KOTA BHARU,Borong,20,Buah-Buahan,02,005,BETIK SEKAKI,F.A.Q,Kilogram,3.7,3.58,
30725133,2026-07-11,2026-07-11 15:32:57.687844,KELANTAN,KOTA BHARU,PASAR BORONG RTC KOTA BHARU,Borong,20,Buah-Buahan,02,005,BETIK SEKAKI,F.A.Q,Kilogram,3.7,3.58,
30725134,2026-07-11,2026-07-11 15:32:57.687844,KELANTAN,KOTA BHARU,PASAR BORONG RTC KOTA BHARU,Borong,20,Buah-Buahan,02,028,PISANG BERANGAN,F.A.Q,Kilogram,3.5,3.58,
30725135,2026-07-11,2026-07-11 15:32:57.687844,KELANTAN,KOTA BHARU,PASAR BORONG RTC KOTA BHARU,Borong,20,Buah-Buahan,02,028,PISANG BERANGAN,F.A.Q,Kilogram,3.5,3.58,
30725136,2026-07-11,2026-07-11 15:32:57.687844,KELANTAN,KOTA BHARU,PASAR BORONG RTC KOTA BHARU,Borong,20,Buah-Buahan,02,028,PISANG BERANGAN,F.A.Q,Kilogram,3.5,3.58,
30725137,2026-07-11,2026-07-11 15:32:57.687844,KELANTAN,KOTA BHARU,PASAR BORONG RTC KOTA BHARU,Borong,20,Buah-Buahan,02,028,PISANG BERANGAN,F.A.Q,Kilogram,3.7,3.58,
30725138,2026-07-11,2026-07-11 15:32:57.687844,KELANTAN,KOTA BHARU,PASAR BORONG RTC KOTA BHARU,Borong,20,Buah-Buahan,02,028,PISANG BERANGAN,F.A.Q,Kilogram,3.7,3.58,
30725139,2026-07-11,2026-07-11 15:32:57.687844,KELANTAN,KOTA BHARU,PASAR BORONG RTC KOTA BHARU,Borong,20,Buah-Buahan,02,028,PISANG MAS,F.A.Q,Kilogram,2.5,2.42,
30725140,2026-07-11,2026-07-11 15:32:57.687844,KELANTAN,KOTA BHARU,PASAR BORONG RTC KOTA BHARU,Borong,20,Buah-Buahan,02,028,PISANG MAS,F.A.Q,Kilogram,2.5,2.42,
30725141,2026-07-11,2026-07-11 15:32:57.687844,KELANTAN,KOTA BHARU,PASAR BORONG RTC KOTA BHARU,Borong,20,Buah-Buahan,02,028,PISANG MAS,F.A.Q,Kilogram,2.5,2.42,
30725142,2026-07-11,2026-07-11 15:32:57.687844,KELANTAN,KOTA BHARU,PASAR BORONG RTC KOTA BHARU,Borong,20,Buah-Buahan,02,028,PISANG MAS,F.A.Q,Kilogram,2.3,2.42,
30725143,2026-07-11,2026-07-11 15:32:57.687844,KELANTAN,KOTA BHARU,PASAR BORONG RTC KOTA BHARU,Borong,20,Buah-Buahan,02,028,PISANG MAS,F.A.Q,Kilogram,2.3,2.42,
30725144,2026-07-11,2026-07-11 15:32:57.687844,KELANTAN,KOTA BHARU,PASAR BORONG RTC KOTA BHARU,Borong,20,Buah-Buahan,02,034,TEMBIKAI MERAH TANPA BIJI,F.A.Q,Kilogram,2.3,2.186,
30725145,2026-07-11,2026-07-11 15:32:57.687844,KELANTAN,KOTA BHARU,PASAR BORONG RTC KOTA BHARU,Borong,20,Buah-Buahan,02,034,TEMBIKAI MERAH TANPA BIJI,F.A.Q,Kilogram,2.3,2.186,
30725146,2026-07-11,2026-07-11 15:32:57.687844,KELANTAN,KOTA BHARU,PASAR BORONG RTC KOTA BHARU,Borong,20,Buah-Buahan,02,034,TEMBIKAI MERAH TANPA BIJI,F.A.Q,Kilogram,2.3,2.186,
30725147,2026-07-11,2026-07-11 15:32:57.687844,KELANTAN,KOTA BHARU,PASAR BORONG RTC KOTA BHARU,Borong,20,Buah-Buahan,02,034,TEMBIKAI MERAH TANPA BIJI,F.A.Q,Kilogram,2,2.186,
30725148,2026-07-11,2026-07-11 15:32:57.687844,KELANTAN,KOTA BHARU,PASAR BORONG RTC KOTA BHARU,Borong,20,Buah-Buahan,02,034,TEMBIKAI MERAH TANPA BIJI,F.A.Q,Kilogram,2,2.186,
30725149,2026-07-11,2026-07-11 15:34:16.488109,KELANTAN,KOTA BHARU,PASAR BORONG RTC KOTA BHARU,Borong,20,Ternakan,02,003,DAGING LEMBU PEJAL,F.A.Q,Kilogram,25,25,
30725150,2026-07-11,2026-07-11 15:34:16.488109,KELANTAN,KOTA BHARU,PASAR BORONG RTC KOTA BHARU,Borong,20,Ternakan,02,003,DAGING LEMBU PEJAL,F.A.Q,Kilogram,25,25,
30725151,2026-07-11,2026-07-11 15:36:19.798596,KELANTAN,KOTA BHARU,PASAR BESAR SITI KHADIJAH,Runcit,26,Sayur-Sayuran,05,001,BAWANG BESAR KUNING / HOLLAND,F.A.Q,Kilogram,4,4,
30725152,2026-07-11,2026-07-11 15:36:19.798596,KELANTAN,KOTA BHARU,PASAR BESAR SITI KHADIJAH,Runcit,26,Sayur-Sayuran,05,001,BAWANG BESAR KUNING / HOLLAND,F.A.Q,Kilogram,4,4,
30725153,2026-07-11,2026-07-11 15:36:19.798596,KELANTAN,KOTA BHARU,PASAR BESAR SITI KHADIJAH,Runcit,26,Sayur-Sayuran,05,001,BAWANG BESAR KUNING / HOLLAND,F.A.Q,Kilogram,4,4,
30725154,2026-07-11,2026-07-11 15:36:19.798596,KELANTAN,KOTA BHARU,PASAR BESAR SITI KHADIJAH,Runcit,26,Sayur-Sayuran,05,001,BAWANG BESAR MERAH (INDIA),F.A.Q,Kilogram,4,4,
30725155,2026-07-11,2026-07-11 15:36:19.798596,KELANTAN,KOTA BHARU,PASAR BESAR SITI KHADIJAH,Runcit,26,Sayur-Sayuran,05,001,BAWANG BESAR MERAH (INDIA),F.A.Q,Kilogram,4,4,
30725156,2026-07-11,2026-07-11 15:36:19.798596,KELANTAN,KOTA BHARU,PASAR BESAR SITI KHADIJAH,Runcit,26,Sayur-Sayuran,05,001,BAWANG BESAR MERAH (INDIA),F.A.Q,Kilogram,4,4,
30725157,2026-07-11,2026-07-11 15:36:19.798596,KELANTAN,KOTA BHARU,PASAR BESAR SITI KHADIJAH,Runcit,26,Sayur-Sayuran,05,001,BAWANG MERAH / KECIL (THAI),F.A.Q,Kilogram,11,11.0625,
30725158,2026-07-11,2026-07-11 15:36:19.798596,KELANTAN,KOTA BHARU,PASAR BESAR SITI KHADIJAH,Runcit,26,Sayur-Sayuran,05,001,BAWANG MERAH / KECIL (THAI),F.A.Q,Kilogram,11,11.0625,
30725159,2026-07-11,2026-07-11 15:36:19.798596,KELANTAN,KOTA BHARU,PASAR BESAR SITI KHADIJAH,Runcit,26,Sayur-Sayuran,05,001,BAWANG MERAH / KECIL (THAI),F.A.Q,Kilogram,11,11.0625,
30725160,2026-07-11,2026-07-11 15:36:19.798596,KELANTAN,KOTA BHARU,PASAR BESAR SITI KHADIJAH,Runcit,26,Sayur-Sayuran,05,001,BAWANG PUTIH (CHINA),F.A.Q,Kilogram,8,8,
30725161,2026-07-11,2026-07-11 15:36:19.798596,KELANTAN,KOTA BHARU,PASAR BESAR SITI KHADIJAH,Runcit,26,Sayur-Sayuran,05,001,BAWANG PUTIH (CHINA),F.A.Q,Kilogram,8,8,
30725162,2026-07-11,2026-07-11 15:36:19.798596,KELANTAN,KOTA BHARU,PASAR BESAR SITI KHADIJAH,Runcit,26,Sayur-Sayuran,05,001,BAWANG PUTIH (CHINA),F.A.Q,Kilogram,8,8,
30725163,2026-07-11,2026-07-11 15:42:42.181001,KELANTAN,KOTA BHARU,PASAR BESAR SITI KHADIJAH,Runcit,26,Sayur-Sayuran,03,001,BAYAM,F.A.Q,Kilogram,6,5.4,
30725164,2026-07-11,2026-07-11 15:42:42.181001,KELANTAN,KOTA BHARU,PASAR BESAR SITI KHADIJAH,Runcit,26,Sayur-Sayuran,03,001,BAYAM,F.A.Q,Kilogram,6,5.4,
30725165,2026-07-11,2026-07-11 15:42:42.181001,KELANTAN,KOTA BHARU,PASAR BESAR SITI KHADIJAH,Runcit,26,Sayur-Sayuran,03,001,BAYAM,F.A.Q,Kilogram,6,5.4,
30725166,2026-07-11,2026-07-11 15:42:42.181001,KELANTAN,KOTA BHARU,PASAR BESAR SITI KHADIJAH,Runcit,26,Sayur-Sayuran,03,001,BAYAM,F.A.Q,Kilogram,5.5,5.4,
30725167,2026-07-11,2026-07-11 15:42:42.181001,KELANTAN,KOTA BHARU,PASAR BESAR SITI KHADIJAH,Runcit,26,Sayur-Sayuran,03,001,BAYAM,F.A.Q,Kilogram,5.5,5.4,
30725168,2026-07-11,2026-07-11 15:42:42.181001,KELANTAN,KOTA BHARU,PASAR BESAR SITI KHADIJAH,Runcit,26,Sayur-Sayuran,02,002,CILI / LADA SOLOK,F.A.Q,Kilogram,19,17.6,
30725169,2026-07-11,2026-07-11 15:42:42.181001,KELANTAN,KOTA BHARU,PASAR BESAR SITI KHADIJAH,Runcit,26,Sayur-Sayuran,02,002,CILI / LADA SOLOK,F.A.Q,Kilogram,19,17.6,
30725170,2026-07-11,2026-07-11 15:42:42.181001,KELANTAN,KOTA BHARU,PASAR BESAR SITI KHADIJAH,Runcit,26,Sayur-Sayuran,02,002,CILI / LADA SOLOK,F.A.Q,Kilogram,19,17.6,
30725171,2026-07-11,2026-07-11 15:42:42.181001,KELANTAN,KOTA BHARU,PASAR BESAR SITI KHADIJAH,Runcit,26,Sayur-Sayuran,02,002,CILI / LADA SOLOK,F.A.Q,Kilogram,18,17.6,
30725172,2026-07-11,2026-07-11 15:42:42.181001,KELANTAN,KOTA BHARU,PASAR BESAR SITI KHADIJAH,Runcit,26,Sayur-Sayuran,02,002,CILI / LADA SOLOK,F.A.Q,Kilogram,18,17.6,
30725173,2026-07-11,2026-07-11 15:42:42.181001,KELANTAN,KOTA BHARU,PASAR BESAR SITI KHADIJAH,Runcit,26,Sayur-Sayuran,02,002,CILI MERAH (THAILAND),F.A.Q,Kilogram,13,9.8,
30725174,2026-07-11,2026-07-11 15:42:42.181001,KELANTAN,KOTA BHARU,PASAR BESAR SITI KHADIJAH,Runcit,26,Sayur-Sayuran,02,002,CILI MERAH (THAILAND),F.A.Q,Kilogram,13,9.8,
30725175,2026-07-11,2026-07-11 15:42:42.181001,KELANTAN,KOTA BHARU,PASAR BESAR SITI KHADIJAH,Runcit,26,Sayur-Sayuran,02,002,CILI MERAH (THAILAND),F.A.Q,Kilogram,13,9.8,
30725176,2026-07-11,2026-07-11 15:42:42.181001,KELANTAN,KOTA BHARU,PASAR BESAR SITI KHADIJAH,Runcit,26,Sayur-Sayuran,02,002,CILI MERAH (THAILAND),F.A.Q,Kilogram,12,9.8,
30725177,2026-07-11,2026-07-11 15:42:42.181001,KELANTAN,KOTA BHARU,PASAR BESAR SITI KHADIJAH,Runcit,26,Sayur-Sayuran,02,002,CILI MERAH (THAILAND),F.A.Q,Kilogram,12,9.8,
30725178,2026-07-11,2026-07-11 15:42:42.181001,KELANTAN,KOTA BHARU,PASAR BESAR SITI KHADIJAH,Runcit,26,Sayur-Sayuran,02,002,CILI MERAH (VIETNAM),F.A.Q,Kilogram,13,9.8,
30725179,2026-07-11,2026-07-11 15:42:42.181001,KELANTAN,KOTA BHARU,PASAR BESAR SITI KHADIJAH,Runcit,26,Sayur-Sayuran,02,002,CILI MERAH (VIETNAM),F.A.Q,Kilogram,13,9.8,
30725180,2026-07-11,2026-07-11 15:42:42.181001,KELANTAN,KOTA BHARU,PASAR BESAR SITI KHADIJAH,Runcit,26,Sayur-Sayuran,02,002,CILI MERAH (VIETNAM),F.A.Q,Kilogram,13,9.8,
30725181,2026-07-11,2026-07-11 15:42:42.181001,KELANTAN,KOTA BHARU,PASAR BESAR SITI KHADIJAH,Runcit,26,Sayur-Sayuran,02,002,CILI MERAH (VIETNAM),F.A.Q,Kilogram,12,9.8,
30725182,2026-07-11,2026-07-11 15:42:42.181001,KELANTAN,KOTA BHARU,PASAR BESAR SITI KHADIJAH,Runcit,26,Sayur-Sayuran,02,002,CILI MERAH (VIETNAM),F.A.Q,Kilogram,12,9.8,
30725183,2026-07-11,2026-07-11 15:42:42.181001,KELANTAN,KOTA BHARU,PASAR BESAR SITI KHADIJAH,Runcit,26,Sayur-Sayuran,02,002,CILI MERAH KULAI / KULAI HIBRID,F.A.Q,Kilogram,12,11.6,
30725184,2026-07-11,2026-07-11 15:42:42.181001,KELANTAN,KOTA BHARU,PASAR BESAR SITI KHADIJAH,Runcit,26,Sayur-Sayuran,02,002,CILI MERAH KULAI / KULAI HIBRID,F.A.Q,Kilogram,12,11.6,
30725185,2026-07-11,2026-07-11 15:42:42.181001,KELANTAN,KOTA BHARU,PASAR BESAR SITI KHADIJAH,Runcit,26,Sayur-Sayuran,02,002,CILI MERAH KULAI / KULAI HIBRID,F.A.Q,Kilogram,12,11.6,
30725186,2026-07-11,2026-07-11 15:42:42.181001,KELANTAN,KOTA BHARU,PASAR BESAR SITI KHADIJAH,Runcit,26,Sayur-Sayuran,02,002,CILI MERAH KULAI / KULAI HIBRID,F.A.Q,Kilogram,11,11.6,
30725187,2026-07-11,2026-07-11 15:42:42.181001,KELANTAN,KOTA BHARU,PASAR BESAR SITI KHADIJAH,Runcit,26,Sayur-Sayuran,02,002,CILI MERAH KULAI / KULAI HIBRID,F.A.Q,Kilogram,11,11.6,
30725188,2026-07-11,2026-07-11 15:42:42.181001,KELANTAN,KOTA BHARU,PASAR BESAR SITI KHADIJAH,Runcit,26,Sayur-Sayuran,02,002,CILI MERAH MINYAK,F.A.Q,Kilogram,10,9.8,
30725189,2026-07-11,2026-07-11 15:42:42.181001,KELANTAN,KOTA BHARU,PASAR BESAR SITI KHADIJAH,Runcit,26,Sayur-Sayuran,02,002,CILI MERAH MINYAK,F.A.Q,Kilogram,10,9.8,
30725190,2026-07-11,2026-07-11 15:42:42.181001,KELANTAN,KOTA BHARU,PASAR BESAR SITI KHADIJAH,Runcit,26,Sayur-Sayuran,02,002,CILI MERAH MINYAK,F.A.Q,Kilogram,10,9.8,
30725191,2026-07-11,2026-07-11 15:42:42.181001,KELANTAN,KOTA BHARU,PASAR BESAR SITI KHADIJAH,Runcit,26,Sayur-Sayuran,02,002,CILI MERAH MINYAK,F.A.Q,Kilogram,9,9.8,
30725192,2026-07-11,2026-07-11 15:42:42.181001,KELANTAN,KOTA BHARU,PASAR BESAR SITI KHADIJAH,Runcit,26,Sayur-Sayuran,02,002,CILI MERAH MINYAK,F.A.Q,Kilogram,9,9.8,
30725193,2026-07-11,2026-07-11 15:42:42.181001,KELANTAN,KOTA BHARU,PASAR BESAR SITI KHADIJAH,Runcit,26,Sayur-Sayuran,03,009,DAUN BAWANG,F.A.Q,Kilogram,9,8.76,
30725194,2026-07-11,2026-07-11 15:42:42.181001,KELANTAN,KOTA BHARU,PASAR BESAR SITI KHADIJAH,Runcit,26,Sayur-Sayuran,03,009,DAUN BAWANG,F.A.Q,Kilogram,9,8.76,
30725195,2026-07-11,2026-07-11 15:42:42.181001,KELANTAN,KOTA BHARU,PASAR BESAR SITI KHADIJAH,Runcit,26,Sayur-Sayuran,03,009,DAUN BAWANG,F.A.Q,Kilogram,9,8.76,
30725196,2026-07-11,2026-07-11 15:42:42.181001,KELANTAN,KOTA BHARU,PASAR BESAR SITI KHADIJAH,Runcit,26,Sayur-Sayuran,03,009,DAUN BAWANG,F.A.Q,Kilogram,8,8.76,
30725197,2026-07-11,2026-07-11 15:42:42.181001,KELANTAN,KOTA BHARU,PASAR BESAR SITI KHADIJAH,Runcit,26,Sayur-Sayuran,03,009,DAUN BAWANG,F.A.Q,Kilogram,8,8.76,
30725198,2026-07-11,2026-07-11 15:42:42.181001,KELANTAN,KOTA BHARU,PASAR BESAR SITI KHADIJAH,Runcit,26,Sayur-Sayuran,03,009,DAUN BAWANG (IMPORT),F.A.Q,Kilogram,9,8.6,
30725199,2026-07-11,2026-07-11 15:42:42.181001,KELANTAN,KOTA BHARU,PASAR BESAR SITI KHADIJAH,Runcit,26,Sayur-Sayuran,03,009,DAUN BAWANG (IMPORT),F.A.Q,Kilogram,9,8.6,
30725200,2026-07-11,2026-07-11 15:42:42.181001,KELANTAN,KOTA BHARU,PASAR BESAR SITI KHADIJAH,Runcit,26,Sayur-Sayuran,03,009,DAUN BAWANG (IMPORT),F.A.Q,Kilogram,9,8.6,
30725201,2026-07-11,2026-07-11 15:42:42.181001,KELANTAN,KOTA BHARU,PASAR BESAR SITI KHADIJAH,Runcit,26,Sayur-Sayuran,03,009,DAUN BAWANG (IMPORT),F.A.Q,Kilogram,8,8.6,
30725202,2026-07-11,2026-07-11 15:42:42.181001,KELANTAN,KOTA BHARU,PASAR BESAR SITI KHADIJAH,Runcit,26,Sayur-Sayuran,03,009,DAUN BAWANG (IMPORT),F.A.Q,Kilogram,8,8.6,
30725203,2026-07-11,2026-07-11 15:42:42.181001,KELANTAN,KOTA BHARU,PASAR BESAR SITI KHADIJAH,Runcit,26,Sayur-Sayuran,03,015,DAUN SUP (TANAH TINGGI),F.A.Q,Kilogram,20,16.6,
30725204,2026-07-11,2026-07-11 15:42:42.181001,KELANTAN,KOTA BHARU,PASAR BESAR SITI KHADIJAH,Runcit,26,Sayur-Sayuran,03,015,DAUN SUP (TANAH TINGGI),F.A.Q,Kilogram,20,16.6,
30725205,2026-07-11,2026-07-11 15:42:42.181001,KELANTAN,KOTA BHARU,PASAR BESAR SITI KHADIJAH,Runcit,26,Sayur-Sayuran,03,015,DAUN SUP (TANAH TINGGI),F.A.Q,Kilogram,20,16.6,
30725206,2026-07-11,2026-07-11 15:42:42.181001,KELANTAN,KOTA BHARU,PASAR BESAR SITI KHADIJAH,Runcit,26,Sayur-Sayuran,03,015,DAUN SUP (TANAH TINGGI),F.A.Q,Kilogram,21,16.6,
30725207,2026-07-11,2026-07-11 15:42:42.181001,KELANTAN,KOTA BHARU,PASAR BESAR SITI KHADIJAH,Runcit,26,Sayur-Sayuran,03,015,DAUN SUP (TANAH TINGGI),F.A.Q,Kilogram,21,16.6,
30725208,2026-07-11,2026-07-11 15:42:42.181001,KELANTAN,KOTA BHARU,PASAR BESAR SITI KHADIJAH,Runcit,26,Sayur-Sayuran,04,002,KACANG BENDI,F.A.Q,Kilogram,7,6.56,
30725209,2026-07-11,2026-07-11 15:42:42.181001,KELANTAN,KOTA BHARU,PASAR BESAR SITI KHADIJAH,Runcit,26,Sayur-Sayuran,04,002,KACANG BENDI,F.A.Q,Kilogram,7,6.56,
30725210,2026-07-11,2026-07-11 15:42:42.181001,KELANTAN,KOTA BHARU,PASAR BESAR SITI KHADIJAH,Runcit,26,Sayur-Sayuran,04,002,KACANG BENDI,F.A.Q,Kilogram,7,6.56,
30725211,2026-07-11,2026-07-11 15:42:42.181001,KELANTAN,KOTA BHARU,PASAR BESAR SITI KHADIJAH,Runcit,26,Sayur-Sayuran,04,002,KACANG BENDI,F.A.Q,Kilogram,6,6.56,
30725212,2026-07-11,2026-07-11 15:42:42.181001,KELANTAN,KOTA BHARU,PASAR BESAR SITI KHADIJAH,Runcit,26,Sayur-Sayuran,04,002,KACANG BENDI,F.A.Q,Kilogram,6,6.56,
30725213,2026-07-11,2026-07-11 15:42:42.181001,KELANTAN,KOTA BHARU,PASAR BESAR SITI KHADIJAH,Runcit,26,Sayur-Sayuran,04,003,KACANG BUNCIS,F.A.Q,Kilogram,11,10.6,
30725214,2026-07-11,2026-07-11 15:42:42.181001,KELANTAN,KOTA BHARU,PASAR BESAR SITI KHADIJAH,Runcit,26,Sayur-Sayuran,04,003,KACANG BUNCIS,F.A.Q,Kilogram,11,10.6,
30725215,2026-07-11,2026-07-11 15:42:42.181001,KELANTAN,KOTA BHARU,PASAR BESAR SITI KHADIJAH,Runcit,26,Sayur-Sayuran,04,003,KACANG BUNCIS,F.A.Q,Kilogram,11,10.6,
30725216,2026-07-11,2026-07-11 15:42:42.181001,KELANTAN,KOTA BHARU,PASAR BESAR SITI KHADIJAH,Runcit,26,Sayur-Sayuran,04,003,KACANG BUNCIS,F.A.Q,Kilogram,10,10.6,
30725217,2026-07-11,2026-07-11 15:42:42.181001,KELANTAN,KOTA BHARU,PASAR BESAR SITI KHADIJAH,Runcit,26,Sayur-Sayuran,04,003,KACANG BUNCIS,F.A.Q,Kilogram,10,10.6,
30725218,2026-07-11,2026-07-11 15:42:42.181001,KELANTAN,KOTA BHARU,PASAR BESAR SITI KHADIJAH,Runcit,26,Sayur-Sayuran,04,007,KACANG PANJANG HIJAU,F.A.Q,Kilogram,6,6.18,
30725219,2026-07-11,2026-07-11 15:42:42.181001,KELANTAN,KOTA BHARU,PASAR BESAR SITI KHADIJAH,Runcit,26,Sayur-Sayuran,04,007,KACANG PANJANG HIJAU,F.A.Q,Kilogram,6,6.18,
30725220,2026-07-11,2026-07-11 15:42:42.181001,KELANTAN,KOTA BHARU,PASAR BESAR SITI KHADIJAH,Runcit,26,Sayur-Sayuran,04,007,KACANG PANJANG HIJAU,F.A.Q,Kilogram,6,6.18,
30725221,2026-07-11,2026-07-11 15:42:42.181001,KELANTAN,KOTA BHARU,PASAR BESAR SITI KHADIJAH,Runcit,26,Sayur-Sayuran,04,007,KACANG PANJANG HIJAU,F.A.Q,Kilogram,5.5,6.18,
30725222,2026-07-11,2026-07-11 15:42:42.181001,KELANTAN,KOTA BHARU,PASAR BESAR SITI KHADIJAH,Runcit,26,Sayur-Sayuran,04,007,KACANG PANJANG HIJAU,F.A.Q,Kilogram,5.5,6.18,
30725223,2026-07-11,2026-07-11 16:42:38.280392,KELANTAN,KOTA BHARU,PASAR BESAR SITI KHADIJAH,Runcit,26,Sayur-Sayuran,03,019,KANGKUNG,F.A.Q,Kilogram,4,3.8,
30725224,2026-07-11,2026-07-11 16:42:38.280392,KELANTAN,KOTA BHARU,PASAR BESAR SITI KHADIJAH,Runcit,26,Sayur-Sayuran,03,019,KANGKUNG,F.A.Q,Kilogram,4,3.8,
30725225,2026-07-11,2026-07-11 16:42:38.280392,KELANTAN,KOTA BHARU,PASAR BESAR SITI KHADIJAH,Runcit,26,Sayur-Sayuran,03,019,KANGKUNG,F.A.Q,Kilogram,4,3.8,
30725226,2026-07-11,2026-07-11 16:42:38.280392,KELANTAN,KOTA BHARU,PASAR BESAR SITI KHADIJAH,Runcit,26,Sayur-Sayuran,03,019,KANGKUNG,F.A.Q,Kilogram,3.5,3.8,
30725227,2026-07-11,2026-07-11 16:42:38.280392,KELANTAN,KOTA BHARU,PASAR BESAR SITI KHADIJAH,Runcit,26,Sayur-Sayuran,03,019,KANGKUNG,F.A.Q,Kilogram,3.5,3.8,
30725228,2026-07-11,2026-07-11 16:42:38.280392,KELANTAN,KOTA BHARU,PASAR BESAR SITI KHADIJAH,Runcit,26,Sayur-Sayuran,03,019,KANGKUNG (IMPORT),F.A.Q,Kilogram,5,4.8,
30725229,2026-07-11,2026-07-11 16:42:38.280392,KELANTAN,KOTA BHARU,PASAR BESAR SITI KHADIJAH,Runcit,26,Sayur-Sayuran,03,019,KANGKUNG (IMPORT),F.A.Q,Kilogram,5,4.8,
30725230,2026-07-11,2026-07-11 16:42:38.280392,KELANTAN,KOTA BHARU,PASAR BESAR SITI KHADIJAH,Runcit,26,Sayur-Sayuran,03,019,KANGKUNG (IMPORT),F.A.Q,Kilogram,5,4.8,
30725231,2026-07-11,2026-07-11 16:42:38.280392,KELANTAN,KOTA BHARU,PASAR BESAR SITI KHADIJAH,Runcit,26,Sayur-Sayuran,03,019,KANGKUNG (IMPORT),F.A.Q,Kilogram,4.5,4.8,
30725232,2026-07-11,2026-07-11 16:42:38.280392,KELANTAN,KOTA BHARU,PASAR BESAR SITI KHADIJAH,Runcit,26,Sayur-Sayuran,03,019,KANGKUNG (IMPORT),F.A.Q,Kilogram,4.5,4.8,
30725233,2026-07-11,2026-07-11 16:42:38.409951,KELANTAN,KOTA BHARU,PASAR BESAR SITI KHADIJAH,Runcit,26,Sayur-Sayuran,03,006,KUBIS BULAT (CHINA),F.A.Q,Kilogram,3,3,
30725234,2026-07-11,2026-07-11 16:42:38.409951,KELANTAN,KOTA BHARU,PASAR BESAR SITI KHADIJAH,Runcit,26,Sayur-Sayuran,03,006,KUBIS BULAT (CHINA),F.A.Q,Kilogram,3,3,
30725235,2026-07-11,2026-07-11 16:42:38.409951,KELANTAN,KOTA BHARU,PASAR BESAR SITI KHADIJAH,Runcit,26,Sayur-Sayuran,03,006,KUBIS BULAT (CHINA),F.A.Q,Kilogram,3,3,
30725236,2026-07-11,2026-07-11 16:42:38.409951,KELANTAN,KOTA BHARU,PASAR BESAR SITI KHADIJAH,Runcit,26,Sayur-Sayuran,03,006,KUBIS BULAT (CHINA),F.A.Q,Kilogram,3,3,
30725237,2026-07-11,2026-07-11 16:42:38.409951,KELANTAN,KOTA BHARU,PASAR BESAR SITI KHADIJAH,Runcit,26,Sayur-Sayuran,03,006,KUBIS BULAT (CHINA),F.A.Q,Kilogram,3,3,
30725238,2026-07-11,2026-07-11 16:42:38.409951,KELANTAN,KOTA BHARU,PASAR BESAR SITI KHADIJAH,Runcit,26,Sayur-Sayuran,03,006,KUBIS BULAT (TANAH TINGGI),F.A.Q,Kilogram,4,3.75,
30725239,2026-07-11,2026-07-11 16:42:38.409951,KELANTAN,KOTA BHARU,PASAR BESAR SITI KHADIJAH,Runcit,26,Sayur-Sayuran,03,006,KUBIS BULAT (TANAH TINGGI),F.A.Q,Kilogram,4,3.75,
30725240,2026-07-11,2026-07-11 16:42:38.409951,KELANTAN,KOTA BHARU,PASAR BESAR SITI KHADIJAH,Runcit,26,Sayur-Sayuran,03,006,KUBIS BULAT (TANAH TINGGI),F.A.Q,Kilogram,4,3.75,
30725241,2026-07-11,2026-07-11 16:42:38.409951,KELANTAN,KOTA BHARU,PASAR BESAR SITI KHADIJAH,Runcit,26,Sayur-Sayuran,03,006,KUBIS BULAT (TANAH TINGGI),F.A.Q,Kilogram,3.5,3.75,
30725242,2026-07-11,2026-07-11 16:42:38.409951,KELANTAN,KOTA BHARU,PASAR BESAR SITI KHADIJAH,Runcit,26,Sayur-Sayuran,03,006,KUBIS BULAT (TANAH TINGGI),F.A.Q,Kilogram,3.5,3.75,
30725243,2026-07-11,2026-07-11 16:42:38.409951,KELANTAN,KOTA BHARU,PASAR BESAR SITI KHADIJAH,Runcit,26,Sayur-Sayuran,03,007,SAWI HIJAU (IMPORT),F.A.Q,Kilogram,5.5,4.9,
30725244,2026-07-11,2026-07-11 16:42:38.409951,KELANTAN,KOTA BHARU,PASAR BESAR SITI KHADIJAH,Runcit,26,Sayur-Sayuran,03,007,SAWI HIJAU (IMPORT),F.A.Q,Kilogram,5.5,4.9,
30725245,2026-07-11,2026-07-11 16:42:38.409951,KELANTAN,KOTA BHARU,PASAR BESAR SITI KHADIJAH,Runcit,26,Sayur-Sayuran,03,007,SAWI HIJAU (IMPORT),F.A.Q,Kilogram,5.5,4.9,
30725246,2026-07-11,2026-07-11 16:42:38.409951,KELANTAN,KOTA BHARU,PASAR BESAR SITI KHADIJAH,Runcit,26,Sayur-Sayuran,03,007,SAWI HIJAU (IMPORT),F.A.Q,Kilogram,5,4.9,
30725247,2026-07-11,2026-07-11 16:42:38.409951,KELANTAN,KOTA BHARU,PASAR BESAR SITI KHADIJAH,Runcit,26,Sayur-Sayuran,03,007,SAWI HIJAU (IMPORT),F.A.Q,Kilogram,5,4.9,
30725248,2026-07-11,2026-07-11 16:42:38.409951,KELANTAN,KOTA BHARU,PASAR BESAR SITI KHADIJAH,Runcit,26,Sayur-Sayuran,03,007,SAWI HIJAU (TANAH RENDAH),F.A.Q,Kilogram,5.5,4.911111,
30725249,2026-07-11,2026-07-11 16:42:38.409951,KELANTAN,KOTA BHARU,PASAR BESAR SITI KHADIJAH,Runcit,26,Sayur-Sayuran,03,007,SAWI HIJAU (TANAH RENDAH),F.A.Q,Kilogram,5.5,4.911111,
30725250,2026-07-11,2026-07-11 16:42:38.409951,KELANTAN,KOTA BHARU,PASAR BESAR SITI KHADIJAH,Runcit,26,Sayur-Sayuran,03,007,SAWI HIJAU (TANAH RENDAH),F.A.Q,Kilogram,5.5,4.911111,
30725251,2026-07-11,2026-07-11 16:42:38.409951,KELANTAN,KOTA BHARU,PASAR BESAR SITI KHADIJAH,Runcit,26,Sayur-Sayuran,03,007,SAWI HIJAU (TANAH RENDAH),F.A.Q,Kilogram,5,4.911111,
30725252,2026-07-11,2026-07-11 16:42:38.409951,KELANTAN,KOTA BHARU,PASAR BESAR SITI KHADIJAH,Runcit,26,Sayur-Sayuran,03,007,SAWI HIJAU (TANAH RENDAH),F.A.Q,Kilogram,5,4.911111,
30725253,2026-07-11,2026-07-11 16:42:38.409951,KELANTAN,KOTA BHARU,PASAR BESAR SITI KHADIJAH,Runcit,26,Sayur-Sayuran,02,010,TERUNG PANJANG / PEPARU (TANAH RENDAH),F.A.Q,Kilogram,5,4.8,
30725254,2026-07-11,2026-07-11 16:42:38.409951,KELANTAN,KOTA BHARU,PASAR BESAR SITI KHADIJAH,Runcit,26,Sayur-Sayuran,02,010,TERUNG PANJANG / PEPARU (TANAH RENDAH),F.A.Q,Kilogram,5,4.8,
30725255,2026-07-11,2026-07-11 16:42:38.409951,KELANTAN,KOTA BHARU,PASAR BESAR SITI KHADIJAH,Runcit,26,Sayur-Sayuran,02,010,TERUNG PANJANG / PEPARU (TANAH RENDAH),F.A.Q,Kilogram,5,4.8,
30725256,2026-07-11,2026-07-11 16:42:38.409951,KELANTAN,KOTA BHARU,PASAR BESAR SITI KHADIJAH,Runcit,26,Sayur-Sayuran,02,010,TERUNG PANJANG / PEPARU (TANAH RENDAH),F.A.Q,Kilogram,4.5,4.8,
30725257,2026-07-11,2026-07-11 16:42:38.409951,KELANTAN,KOTA BHARU,PASAR BESAR SITI KHADIJAH,Runcit,26,Sayur-Sayuran,02,010,TERUNG PANJANG / PEPARU (TANAH RENDAH),F.A.Q,Kilogram,4.5,4.8,
30725258,2026-07-11,2026-07-11 16:42:38.409951,KELANTAN,KOTA BHARU,PASAR BESAR SITI KHADIJAH,Runcit,26,Sayur-Sayuran,02,011,TIMUN HIJAU,F.A.Q,Kilogram,4,3.7333333,
30725259,2026-07-11,2026-07-11 16:42:38.409951,KELANTAN,KOTA BHARU,PASAR BESAR SITI KHADIJAH,Runcit,26,Sayur-Sayuran,02,011,TIMUN HIJAU,F.A.Q,Kilogram,4,3.7333333,
30725260,2026-07-11,2026-07-11 16:42:38.409951,KELANTAN,KOTA BHARU,PASAR BESAR SITI KHADIJAH,Runcit,26,Sayur-Sayuran,02,011,TIMUN HIJAU,F.A.Q,Kilogram,4,3.7333333,
30725261,2026-07-11,2026-07-11 16:42:38.409951,KELANTAN,KOTA BHARU,PASAR BESAR SITI KHADIJAH,Runcit,26,Sayur-Sayuran,02,011,TIMUN HIJAU,F.A.Q,Kilogram,3.5,3.7333333,
30725262,2026-07-11,2026-07-11 16:42:38.409951,KELANTAN,KOTA BHARU,PASAR BESAR SITI KHADIJAH,Runcit,26,Sayur-Sayuran,02,011,TIMUN HIJAU,F.A.Q,Kilogram,3.5,3.7333333,
30725263,2026-07-11,2026-07-11 16:42:38.409951,KELANTAN,KOTA BHARU,PASAR BESAR SITI KHADIJAH,Runcit,26,Sayur-Sayuran,02,011,TIMUN HIJAU (IMPORT),F.A.Q,Kilogram,3,3.2,
30725264,2026-07-11,2026-07-11 16:42:38.409951,KELANTAN,KOTA BHARU,PASAR BESAR SITI KHADIJAH,Runcit,26,Sayur-Sayuran,02,011,TIMUN HIJAU (IMPORT),F.A.Q,Kilogram,3,3.2,
30725265,2026-07-11,2026-07-11 16:42:38.409951,KELANTAN,KOTA BHARU,PASAR BESAR SITI KHADIJAH,Runcit,26,Sayur-Sayuran,02,011,TIMUN HIJAU (IMPORT),F.A.Q,Kilogram,3,3.2,
30725266,2026-07-11,2026-07-11 16:42:38.409951,KELANTAN,KOTA BHARU,PASAR BESAR SITI KHADIJAH,Runcit,26,Sayur-Sayuran,02,011,TIMUN HIJAU (IMPORT),F.A.Q,Kilogram,3.5,3.2,
30725267,2026-07-11,2026-07-11 16:42:38.409951,KELANTAN,KOTA BHARU,PASAR BESAR SITI KHADIJAH,Runcit,26,Sayur-Sayuran,02,011,TIMUN HIJAU (IMPORT),F.A.Q,Kilogram,3.5,3.2,
30725268,2026-07-11,2026-07-11 16:42:38.409951,KELANTAN,KOTA BHARU,PASAR BESAR SITI KHADIJAH,Runcit,26,Sayur-Sayuran,02,012,TOMATO (TANAH TINGGI),F.A.Q,Kilogram,8,8.988889,
30725269,2026-07-11,2026-07-11 16:42:38.409951,KELANTAN,KOTA BHARU,PASAR BESAR SITI KHADIJAH,Runcit,26,Sayur-Sayuran,02,012,TOMATO (TANAH TINGGI),F.A.Q,Kilogram,8,8.988889,
30725270,2026-07-11,2026-07-11 16:42:38.409951,KELANTAN,KOTA BHARU,PASAR BESAR SITI KHADIJAH,Runcit,26,Sayur-Sayuran,02,012,TOMATO (TANAH TINGGI),F.A.Q,Kilogram,8,8.988889,
30725271,2026-07-11,2026-07-11 16:42:38.409951,KELANTAN,KOTA BHARU,PASAR BESAR SITI KHADIJAH,Runcit,26,Sayur-Sayuran,02,012,TOMATO (TANAH TINGGI),F.A.Q,Kilogram,9,8.988889,
30725272,2026-07-11,2026-07-11 16:42:38.409951,KELANTAN,KOTA BHARU,PASAR BESAR SITI KHADIJAH,Runcit,26,Sayur-Sayuran,02,012,TOMATO (TANAH TINGGI),F.A.Q,Kilogram,9,8.988889,
30725273,2026-07-11,2026-07-11 16:42:38.409951,KELANTAN,KOTA BHARU,PASAR BESAR SITI KHADIJAH,Runcit,26,Sayur-Sayuran,02,012,TOMATO IMPORT,F.A.Q,Kilogram,7,6.45,
30725274,2026-07-11,2026-07-11 16:42:38.409951,KELANTAN,KOTA BHARU,PASAR BESAR SITI KHADIJAH,Runcit,26,Sayur-Sayuran,02,012,TOMATO IMPORT,F.A.Q,Kilogram,7,6.45,
30725275,2026-07-11,2026-07-11 16:42:38.409951,KELANTAN,KOTA BHARU,PASAR BESAR SITI KHADIJAH,Runcit,26,Sayur-Sayuran,02,012,TOMATO IMPORT,F.A.Q,Kilogram,7,6.45,
30725276,2026-07-11,2026-07-11 16:42:38.409951,KELANTAN,KOTA BHARU,PASAR BESAR SITI KHADIJAH,Runcit,26,Sayur-Sayuran,02,012,TOMATO IMPORT,F.A.Q,Kilogram,6,6.45,
30725277,2026-07-11,2026-07-11 16:42:38.409951,KELANTAN,KOTA BHARU,PASAR BESAR SITI KHADIJAH,Runcit,26,Sayur-Sayuran,02,012,TOMATO IMPORT,F.A.Q,Kilogram,6,6.45,
30725278,2026-07-11,2026-07-11 16:42:38.409951,KELANTAN,KOTA BHARU,PASAR BESAR SITI KHADIJAH,Runcit,26,Sayur-Sayuran,05,009,UBI KENTANG (IMPORT),F.A.Q,Kilogram,3,3.2,
30725279,2026-07-11,2026-07-11 16:42:38.409951,KELANTAN,KOTA BHARU,PASAR BESAR SITI KHADIJAH,Runcit,26,Sayur-Sayuran,05,009,UBI KENTANG (IMPORT),F.A.Q,Kilogram,3,3.2,
30725280,2026-07-11,2026-07-11 16:42:38.409951,KELANTAN,KOTA BHARU,PASAR BESAR SITI KHADIJAH,Runcit,26,Sayur-Sayuran,05,009,UBI KENTANG (IMPORT),F.A.Q,Kilogram,3,3.2,
30725281,2026-07-11,2026-07-11 16:42:38.409951,KELANTAN,KOTA BHARU,PASAR BESAR SITI KHADIJAH,Runcit,26,Sayur-Sayuran,05,009,UBI KENTANG (IMPORT),F.A.Q,Kilogram,3.5,3.2,
30725282,2026-07-11,2026-07-11 16:42:38.409951,KELANTAN,KOTA BHARU,PASAR BESAR SITI KHADIJAH,Runcit,26,Sayur-Sayuran,05,009,UBI KENTANG (IMPORT),F.A.Q,Kilogram,3.5,3.2,
30725283,2026-07-11,2026-07-11 16:44:49.808651,KELANTAN,KOTA BHARU,PASAR BESAR SITI KHADIJAH,Runcit,26,Buah-Buahan,02,005,BETIK SEKAKI,F.A.Q,Kilogram,4,4.2,
30725284,2026-07-11,2026-07-11 16:44:49.808651,KELANTAN,KOTA BHARU,PASAR BESAR SITI KHADIJAH,Runcit,26,Buah-Buahan,02,005,BETIK SEKAKI,F.A.Q,Kilogram,4,4.2,
30725285,2026-07-11,2026-07-11 16:44:49.808651,KELANTAN,KOTA BHARU,PASAR BESAR SITI KHADIJAH,Runcit,26,Buah-Buahan,02,005,BETIK SEKAKI,F.A.Q,Kilogram,4,4.2,
30725286,2026-07-11,2026-07-11 16:44:49.808651,KELANTAN,KOTA BHARU,PASAR BESAR SITI KHADIJAH,Runcit,26,Buah-Buahan,02,005,BETIK SEKAKI,F.A.Q,Kilogram,4.5,4.2,
30725287,2026-07-11,2026-07-11 16:44:49.808651,KELANTAN,KOTA BHARU,PASAR BESAR SITI KHADIJAH,Runcit,26,Buah-Buahan,02,005,BETIK SEKAKI,F.A.Q,Kilogram,4.5,4.2,
30725288,2026-07-11,2026-07-11 16:44:49.808651,KELANTAN,KOTA BHARU,PASAR BESAR SITI KHADIJAH,Runcit,26,Buah-Buahan,02,028,PISANG BERANGAN,F.A.Q,Kilogram,5,5.2,
30725289,2026-07-11,2026-07-11 16:44:49.808651,KELANTAN,KOTA BHARU,PASAR BESAR SITI KHADIJAH,Runcit,26,Buah-Buahan,02,028,PISANG BERANGAN,F.A.Q,Kilogram,5,5.2,
30725290,2026-07-11,2026-07-11 16:44:49.808651,KELANTAN,KOTA BHARU,PASAR BESAR SITI KHADIJAH,Runcit,26,Buah-Buahan,02,028,PISANG BERANGAN,F.A.Q,Kilogram,5,5.2,
30725291,2026-07-11,2026-07-11 16:44:49.808651,KELANTAN,KOTA BHARU,PASAR BESAR SITI KHADIJAH,Runcit,26,Buah-Buahan,02,028,PISANG BERANGAN,F.A.Q,Kilogram,5.5,5.2,
30725292,2026-07-11,2026-07-11 16:44:49.808651,KELANTAN,KOTA BHARU,PASAR BESAR SITI KHADIJAH,Runcit,26,Buah-Buahan,02,028,PISANG BERANGAN,F.A.Q,Kilogram,5.5,5.2,
30725293,2026-07-11,2026-07-11 16:44:49.808651,KELANTAN,KOTA BHARU,PASAR BESAR SITI KHADIJAH,Runcit,26,Buah-Buahan,02,028,PISANG MAS,F.A.Q,Kilogram,4,3.92,
30725294,2026-07-11,2026-07-11 16:44:49.808651,KELANTAN,KOTA BHARU,PASAR BESAR SITI KHADIJAH,Runcit,26,Buah-Buahan,02,028,PISANG MAS,F.A.Q,Kilogram,4,3.92,
30725295,2026-07-11,2026-07-11 16:44:49.808651,KELANTAN,KOTA BHARU,PASAR BESAR SITI KHADIJAH,Runcit,26,Buah-Buahan,02,028,PISANG MAS,F.A.Q,Kilogram,4,3.92,
30725296,2026-07-11,2026-07-11 16:44:49.808651,KELANTAN,KOTA BHARU,PASAR BESAR SITI KHADIJAH,Runcit,26,Buah-Buahan,02,028,PISANG MAS,F.A.Q,Kilogram,3.8,3.92,
30725297,2026-07-11,2026-07-11 16:44:49.808651,KELANTAN,KOTA BHARU,PASAR BESAR SITI KHADIJAH,Runcit,26,Buah-Buahan,02,028,PISANG MAS,F.A.Q,Kilogram,3.8,3.92,
30725298,2026-07-11,2026-07-11 16:44:49.808651,KELANTAN,KOTA BHARU,PASAR BESAR SITI KHADIJAH,Runcit,26,Buah-Buahan,02,034,TEMBIKAI MERAH TANPA BIJI,F.A.Q,Kilogram,2.8,2.68,
30725299,2026-07-11,2026-07-11 16:44:49.808651,KELANTAN,KOTA BHARU,PASAR BESAR SITI KHADIJAH,Runcit,26,Buah-Buahan,02,034,TEMBIKAI MERAH TANPA BIJI,F.A.Q,Kilogram,2.8,2.68,
30725300,2026-07-11,2026-07-11 16:44:49.808651,KELANTAN,KOTA BHARU,PASAR BESAR SITI KHADIJAH,Runcit,26,Buah-Buahan,02,034,TEMBIKAI MERAH TANPA BIJI,F.A.Q,Kilogram,2.8,2.68,
30725301,2026-07-11,2026-07-11 16:44:49.808651,KELANTAN,KOTA BHARU,PASAR BESAR SITI KHADIJAH,Runcit,26,Buah-Buahan,02,034,TEMBIKAI MERAH TANPA BIJI,F.A.Q,Kilogram,2.5,2.68,
30725302,2026-07-11,2026-07-11 16:44:49.808651,KELANTAN,KOTA BHARU,PASAR BESAR SITI KHADIJAH,Runcit,26,Buah-Buahan,02,034,TEMBIKAI MERAH TANPA BIJI,F.A.Q,Kilogram,2.5,2.68,
30725303,2026-07-11,2026-07-11 16:45:32.52107,KELANTAN,KOTA BHARU,PASAR BESAR SITI KHADIJAH,Runcit,26,Ternakan,03,002,AYAM PROSES STANDARD,F.A.Q,Kilogram,9.5,9.5,
30725304,2026-07-11,2026-07-11 16:45:32.52107,KELANTAN,KOTA BHARU,PASAR BESAR SITI KHADIJAH,Runcit,26,Ternakan,03,002,AYAM PROSES STANDARD,F.A.Q,Kilogram,9.5,9.5,
30725305,2026-07-11,2026-07-11 16:45:32.52107,KELANTAN,KOTA BHARU,PASAR BESAR SITI KHADIJAH,Runcit,26,Ternakan,03,002,AYAM PROSES SUPER,F.A.Q,Kilogram,9.8,9.8,
30725306,2026-07-11,2026-07-11 16:45:32.52107,KELANTAN,KOTA BHARU,PASAR BESAR SITI KHADIJAH,Runcit,26,Ternakan,03,002,AYAM PROSES SUPER,F.A.Q,Kilogram,9.8,9.8,
30725307,2026-07-11,2026-07-11 16:46:40.757585,KELANTAN,KOTA BHARU,PASAR BESAR SITI KHADIJAH,Runcit,26,Ternakan,02,003,DAGING LEMBU PEJAL,F.A.Q,Kilogram,26,26,
30725308,2026-07-11,2026-07-11 16:46:40.757585,KELANTAN,KOTA BHARU,PASAR BESAR SITI KHADIJAH,Runcit,26,Ternakan,02,003,DAGING LEMBU PEJAL,F.A.Q,Kilogram,26,26,
30725309,2026-07-11,2026-07-11 16:46:40.757585,KELANTAN,KOTA BHARU,PASAR BESAR SITI KHADIJAH,Runcit,26,Ternakan,02,003,DAGING LEMBU PEJAL,F.A.Q,Kilogram,26,26,
30725310,2026-07-11,2026-07-11 16:46:40.757585,KELANTAN,KOTA BHARU,PASAR BESAR SITI KHADIJAH,Runcit,26,Ternakan,02,003,DAGING LEMBU PEJAL,F.A.Q,Kilogram,26,26,
30725311,2026-07-11,2026-07-11 16:47:20.41919,KELANTAN,KOTA BHARU,PASAR BESAR SITI KHADIJAH,Runcit,26,Lain-Lain Makanan Proses,15,001,SANTAN PEKAT,F.A.Q,Kilogram,17,17,
30725312,2026-07-11,2026-07-11 19:49:39.22407,SARAWAK,MIRI,PASAR TAMU MUHIBBAH MIRI,Runcit,26,Ternakan,03,002,AYAM PROSES SUPER,F.A.Q,Kilogram,11.9,11.9,
30725313,2026-07-11,2026-07-11 19:49:39.22407,SARAWAK,MIRI,PASAR TAMU MUHIBBAH MIRI,Runcit,26,Ternakan,02,003,DAGING LEMBU PEJAL,F.A.Q,Kilogram,42.5,42.333332,
30725314,2026-07-11,2026-07-11 19:49:39.22407,SARAWAK,MIRI,PASAR TAMU MUHIBBAH MIRI,Runcit,26,Ternakan,11,001,TELUR AYAM,A,Biji,0.5,0.5,
30725315,2026-07-11,2026-07-11 19:49:39.22407,SARAWAK,MIRI,PASAR TAMU MUHIBBAH MIRI,Runcit,26,Ternakan,11,001,TELUR AYAM,B,Biji,0.48,0.48,
30725316,2026-07-11,2026-07-11 19:49:39.22407,SARAWAK,MIRI,PASAR TAMU MUHIBBAH MIRI,Runcit,26,Ternakan,11,001,TELUR AYAM,C,Biji,0.46,0.46,
30725317,2026-07-11,2026-07-11 19:50:06.779428,SARAWAK,MIRI,PASAR TAMU MUHIBBAH MIRI,Runcit,26,Ternakan,03,002,AYAM PROSES STANDARD,F.A.Q,Kilogram,9.8,10.345454,
30725318,2026-07-11,2026-07-11 19:56:35.683092,SARAWAK,MIRI,PASAR TAMU MUHIBBAH MIRI,Runcit,26,Sayur-Sayuran,05,001,BAWANG BESAR KUNING / HOLLAND,F.A.Q,Kilogram,5,5,
30725319,2026-07-11,2026-07-11 19:56:35.683092,SARAWAK,MIRI,PASAR TAMU MUHIBBAH MIRI,Runcit,26,Sayur-Sayuran,05,001,BAWANG BESAR MERAH (INDIA),F.A.Q,Kilogram,4,4,
30725320,2026-07-11,2026-07-11 19:56:35.683092,SARAWAK,MIRI,PASAR TAMU MUHIBBAH MIRI,Runcit,26,Sayur-Sayuran,05,001,BAWANG MERAH / KECIL (INDIA),F.A.Q,Kilogram,8,8,
30725321,2026-07-11,2026-07-11 19:56:35.683092,SARAWAK,MIRI,PASAR TAMU MUHIBBAH MIRI,Runcit,26,Sayur-Sayuran,05,001,BAWANG PUTIH (CHINA),F.A.Q,Kilogram,7,7,
30725322,2026-07-11,2026-07-11 19:56:35.683092,SARAWAK,MIRI,PASAR TAMU MUHIBBAH MIRI,Runcit,26,Sayur-Sayuran,03,001,BAYAM,F.A.Q,Kilogram,5,5.6666665,
30725323,2026-07-11,2026-07-11 19:56:35.683092,SARAWAK,MIRI,PASAR TAMU MUHIBBAH MIRI,Runcit,26,Sayur-Sayuran,02,002,CILI HIJAU,F.A.Q,Kilogram,13,13,
30725324,2026-07-11,2026-07-11 19:56:35.683092,SARAWAK,MIRI,PASAR TAMU MUHIBBAH MIRI,Runcit,26,Sayur-Sayuran,02,002,CILI MERAH KULAI / KULAI HIBRID,F.A.Q,Kilogram,18,18,
30725325,2026-07-11,2026-07-11 19:56:35.683092,SARAWAK,MIRI,PASAR TAMU MUHIBBAH MIRI,Runcit,26,Sayur-Sayuran,02,002,CILI MERAH MINYAK,F.A.Q,Kilogram,16,16,
30725326,2026-07-11,2026-07-11 19:56:35.683092,SARAWAK,MIRI,PASAR TAMU MUHIBBAH MIRI,Runcit,26,Sayur-Sayuran,03,009,DAUN BAWANG,F.A.Q,Kilogram,18,18,
30725327,2026-07-11,2026-07-11 19:56:35.683092,SARAWAK,MIRI,PASAR TAMU MUHIBBAH MIRI,Runcit,26,Sayur-Sayuran,03,015,DAUN SUP (TANAH TINGGI),F.A.Q,Kilogram,13,13,
30725328,2026-07-11,2026-07-11 19:56:35.683092,SARAWAK,MIRI,PASAR TAMU MUHIBBAH MIRI,Runcit,26,Sayur-Sayuran,04,002,KACANG BENDI,F.A.Q,Kilogram,7,7,
30725329,2026-07-11,2026-07-11 19:56:35.683092,SARAWAK,MIRI,PASAR TAMU MUHIBBAH MIRI,Runcit,26,Sayur-Sayuran,04,003,KACANG BUNCIS,F.A.Q,Kilogram,10,10,
30725330,2026-07-11,2026-07-11 19:56:35.683092,SARAWAK,MIRI,PASAR TAMU MUHIBBAH MIRI,Runcit,26,Sayur-Sayuran,04,007,KACANG PANJANG HIJAU,F.A.Q,Kilogram,7,7,
30725331,2026-07-11,2026-07-11 19:56:35.683092,SARAWAK,MIRI,PASAR TAMU MUHIBBAH MIRI,Runcit,26,Sayur-Sayuran,03,019,KANGKUNG,F.A.Q,Kilogram,5,5,
30725332,2026-07-11,2026-07-11 19:56:35.683092,SARAWAK,MIRI,PASAR TAMU MUHIBBAH MIRI,Runcit,26,Sayur-Sayuran,03,006,KUBIS BULAT (CHINA),F.A.Q,Kilogram,6,6,
30725333,2026-07-11,2026-07-11 19:56:35.683092,SARAWAK,MIRI,PASAR TAMU MUHIBBAH MIRI,Runcit,26,Sayur-Sayuran,03,006,KUBIS BULAT (TANAH TINGGI),F.A.Q,Kilogram,6,6,
30725334,2026-07-11,2026-07-11 19:56:35.683092,SARAWAK,MIRI,PASAR TAMU MUHIBBAH MIRI,Runcit,26,Sayur-Sayuran,03,007,SAWI HIJAU (TANAH RENDAH),F.A.Q,Kilogram,10,10,
30725335,2026-07-11,2026-07-11 19:56:35.683092,SARAWAK,MIRI,PASAR TAMU MUHIBBAH MIRI,Runcit,26,Sayur-Sayuran,02,010,TERUNG PANJANG / PEPARU (TANAH RENDAH),F.A.Q,Kilogram,7,7,
30725336,2026-07-11,2026-07-11 19:56:35.683092,SARAWAK,MIRI,PASAR TAMU MUHIBBAH MIRI,Runcit,26,Sayur-Sayuran,02,011,TIMUN HIJAU,F.A.Q,Kilogram,5,5.8,
30725337,2026-07-11,2026-07-11 19:56:35.683092,SARAWAK,MIRI,PASAR TAMU MUHIBBAH MIRI,Runcit,26,Sayur-Sayuran,02,012,TOMATO (TANAH TINGGI),F.A.Q,Kilogram,9,9,
30725338,2026-07-11,2026-07-11 19:56:35.683092,SARAWAK,MIRI,PASAR TAMU MUHIBBAH MIRI,Runcit,26,Sayur-Sayuran,05,009,UBI KENTANG HOLLAND,F.A.Q,Kilogram,4,4,
30725339,2026-07-11,2026-07-11 19:57:14.153208,SARAWAK,MIRI,PASAR TAMU MUHIBBAH MIRI,Runcit,26,Tanaman Kontan,05,001,KELAPA DIKUPAS,SEDANG,Biji,3,3,
30725340,2026-07-11,2026-07-11 19:58:11.205278,SARAWAK,MIRI,PASAR TAMU MUHIBBAH MIRI,Borong,20,Ternakan,03,002,AYAM PROSES STANDARD,F.A.Q,Kilogram,8.9,9.445455,
30725341,2026-07-11,2026-07-11 19:58:11.205278,SARAWAK,MIRI,PASAR TAMU MUHIBBAH MIRI,Borong,20,Ternakan,02,003,DAGING LEMBU PEJAL,F.A.Q,Kilogram,40,40,
30725342,2026-07-11,2026-07-11 19:58:11.205278,SARAWAK,MIRI,PASAR TAMU MUHIBBAH MIRI,Borong,20,Ternakan,11,001,TELUR AYAM,A,Biji,0.48,0.48,
30725343,2026-07-11,2026-07-11 19:58:11.205278,SARAWAK,MIRI,PASAR TAMU MUHIBBAH MIRI,Borong,20,Ternakan,11,001,TELUR AYAM,B,Biji,0.46,0.46,
30725344,2026-07-11,2026-07-11 19:58:11.205278,SARAWAK,MIRI,PASAR TAMU MUHIBBAH MIRI,Borong,20,Ternakan,11,001,TELUR AYAM,C,Biji,0.44,0.44,
30725345,2026-07-11,2026-07-11 20:01:52.205223,SARAWAK,MIRI,PASAR TAMU MUHIBBAH MIRI,Borong,20,Sayur-Sayuran,05,001,BAWANG BESAR KUNING / HOLLAND,F.A.Q,Kilogram,4,4,
30725346,2026-07-11,2026-07-11 20:01:52.205223,SARAWAK,MIRI,PASAR TAMU MUHIBBAH MIRI,Borong,20,Sayur-Sayuran,05,001,BAWANG BESAR MERAH (INDIA),F.A.Q,Kilogram,3,3,
30725347,2026-07-11,2026-07-11 20:01:52.205223,SARAWAK,MIRI,PASAR TAMU MUHIBBAH MIRI,Borong,20,Sayur-Sayuran,05,001,BAWANG MERAH / KECIL (INDIA),F.A.Q,Kilogram,7,7,
30725348,2026-07-11,2026-07-11 20:01:52.205223,SARAWAK,MIRI,PASAR TAMU MUHIBBAH MIRI,Borong,20,Sayur-Sayuran,05,001,BAWANG PUTIH (CHINA),F.A.Q,Kilogram,6,6,
30725349,2026-07-11,2026-07-11 20:01:52.205223,SARAWAK,MIRI,PASAR TAMU MUHIBBAH MIRI,Borong,20,Sayur-Sayuran,03,001,BAYAM,F.A.Q,Kilogram,4,4.6666665,
30725350,2026-07-11,2026-07-11 20:01:52.205223,SARAWAK,MIRI,PASAR TAMU MUHIBBAH MIRI,Borong,20,Sayur-Sayuran,02,002,CILI HIJAU,F.A.Q,Kilogram,11,11,
30725351,2026-07-11,2026-07-11 20:01:52.205223,SARAWAK,MIRI,PASAR TAMU MUHIBBAH MIRI,Borong,20,Sayur-Sayuran,02,002,CILI MERAH KULAI / KULAI HIBRID,F.A.Q,Kilogram,16,16,
30725352,2026-07-11,2026-07-11 20:01:52.205223,SARAWAK,MIRI,PASAR TAMU MUHIBBAH MIRI,Borong,20,Sayur-Sayuran,02,002,CILI MERAH MINYAK,F.A.Q,Kilogram,14,14,
30725353,2026-07-11,2026-07-11 20:01:52.205223,SARAWAK,MIRI,PASAR TAMU MUHIBBAH MIRI,Borong,20,Sayur-Sayuran,03,009,DAUN BAWANG,F.A.Q,Kilogram,17,17,
30725354,2026-07-11,2026-07-11 20:01:52.205223,SARAWAK,MIRI,PASAR TAMU MUHIBBAH MIRI,Borong,20,Sayur-Sayuran,03,015,DAUN SUP (TANAH TINGGI),F.A.Q,Kilogram,11,11,
30725355,2026-07-11,2026-07-11 20:01:52.205223,SARAWAK,MIRI,PASAR TAMU MUHIBBAH MIRI,Borong,20,Sayur-Sayuran,04,002,KACANG BENDI,F.A.Q,Kilogram,6,6,
30725356,2026-07-11,2026-07-11 20:01:52.205223,SARAWAK,MIRI,PASAR TAMU MUHIBBAH MIRI,Borong,20,Sayur-Sayuran,04,003,KACANG BUNCIS,F.A.Q,Kilogram,9,9,
30725357,2026-07-11,2026-07-11 20:01:52.205223,SARAWAK,MIRI,PASAR TAMU MUHIBBAH MIRI,Borong,20,Sayur-Sayuran,04,007,KACANG PANJANG HIJAU,F.A.Q,Kilogram,6,6,
30725358,2026-07-11,2026-07-11 20:01:52.205223,SARAWAK,MIRI,PASAR TAMU MUHIBBAH MIRI,Borong,20,Sayur-Sayuran,03,019,KANGKUNG,F.A.Q,Kilogram,4,4,
30725359,2026-07-11,2026-07-11 20:01:52.205223,SARAWAK,MIRI,PASAR TAMU MUHIBBAH MIRI,Borong,20,Sayur-Sayuran,03,006,KUBIS BULAT (CHINA),F.A.Q,Kilogram,5,5,
30725360,2026-07-11,2026-07-11 20:01:52.205223,SARAWAK,MIRI,PASAR TAMU MUHIBBAH MIRI,Borong,20,Sayur-Sayuran,03,006,KUBIS BULAT (TANAH TINGGI),F.A.Q,Kilogram,5,5,
30725361,2026-07-11,2026-07-11 20:01:52.205223,SARAWAK,MIRI,PASAR TAMU MUHIBBAH MIRI,Borong,20,Sayur-Sayuran,03,007,SAWI HIJAU (TANAH RENDAH),F.A.Q,Kilogram,9,9,
30725362,2026-07-11,2026-07-11 20:01:52.205223,SARAWAK,MIRI,PASAR TAMU MUHIBBAH MIRI,Borong,20,Sayur-Sayuran,02,010,TERUNG PANJANG / PEPARU (TANAH RENDAH),F.A.Q,Kilogram,6,6,
30725363,2026-07-11,2026-07-11 20:01:52.205223,SARAWAK,MIRI,PASAR TAMU MUHIBBAH MIRI,Borong,20,Sayur-Sayuran,02,011,TIMUN HIJAU,F.A.Q,Kilogram,4,4.6363635,
30725364,2026-07-11,2026-07-11 20:01:52.205223,SARAWAK,MIRI,PASAR TAMU MUHIBBAH MIRI,Borong,20,Sayur-Sayuran,02,012,TOMATO (TANAH TINGGI),F.A.Q,Kilogram,8,8,
30725365,2026-07-11,2026-07-11 20:01:52.205223,SARAWAK,MIRI,PASAR TAMU MUHIBBAH MIRI,Borong,20,Sayur-Sayuran,05,009,UBI KENTANG HOLLAND,F.A.Q,Kilogram,3,3,
30725366,2026-07-11,2026-07-11 20:02:09.291326,SARAWAK,MIRI,PASAR TAMU MUHIBBAH MIRI,Borong,20,Tanaman Kontan,05,001,KELAPA DIKUPAS,SEDANG,Biji,2.5,2.5,
30725367,2026-07-11,2026-07-11 20:02:44.991208,SARAWAK,MIRI,[LOKASI KUTIPAN HARGA LADANG] BEKENU,Ladang,,Ternakan,11,001,TELUR AYAM,A,Biji,0.46,0.46,
30725368,2026-07-11,2026-07-11 20:02:44.991208,SARAWAK,MIRI,[LOKASI KUTIPAN HARGA LADANG] BEKENU,Ladang,,Ternakan,11,001,TELUR AYAM,C,Biji,0.4,0.4,
30725369,2026-07-11,2026-07-11 20:02:44.991208,SARAWAK,MIRI,[LOKASI KUTIPAN HARGA LADANG] BEKENU,Ladang,,Ternakan,11,001,TELUR AYAM,B,Biji,0.44,0.44,
30725370,2026-07-11,2026-07-11 20:04:19.003232,SARAWAK,MIRI,[LOKASI KUTIPAN HARGA LADANG] BEKENU,Ladang,,Sayur-Sayuran,03,001,BAYAM,F.A.Q,Kilogram,3,3.6666667,
30725371,2026-07-11,2026-07-11 20:04:19.003232,SARAWAK,MIRI,[LOKASI KUTIPAN HARGA LADANG] BEKENU,Ladang,,Sayur-Sayuran,02,002,CILI HIJAU,F.A.Q,Kilogram,10,10,
30725372,2026-07-11,2026-07-11 20:04:19.003232,SARAWAK,MIRI,[LOKASI KUTIPAN HARGA LADANG] BEKENU,Ladang,,Sayur-Sayuran,02,002,CILI MERAH KULAI / KULAI HIBRID,F.A.Q,Kilogram,14,14,
30725373,2026-07-11,2026-07-11 20:04:19.003232,SARAWAK,MIRI,[LOKASI KUTIPAN HARGA LADANG] BEKENU,Ladang,,Sayur-Sayuran,02,002,CILI MERAH MINYAK,F.A.Q,Kilogram,12,12,
30725374,2026-07-11,2026-07-11 20:04:19.003232,SARAWAK,MIRI,[LOKASI KUTIPAN HARGA LADANG] BEKENU,Ladang,,Sayur-Sayuran,04,002,KACANG BENDI,F.A.Q,Kilogram,5,5,
30725375,2026-07-11,2026-07-11 20:04:19.003232,SARAWAK,MIRI,[LOKASI KUTIPAN HARGA LADANG] BEKENU,Ladang,,Sayur-Sayuran,04,003,KACANG BUNCIS,F.A.Q,Kilogram,8,8,
30725376,2026-07-11,2026-07-11 20:04:19.003232,SARAWAK,MIRI,[LOKASI KUTIPAN HARGA LADANG] BEKENU,Ladang,,Sayur-Sayuran,04,007,KACANG PANJANG HIJAU,F.A.Q,Kilogram,5,5,
30725377,2026-07-11,2026-07-11 20:04:19.003232,SARAWAK,MIRI,[LOKASI KUTIPAN HARGA LADANG] BEKENU,Ladang,,Sayur-Sayuran,03,019,KANGKUNG,F.A.Q,Kilogram,3,3,
30725378,2026-07-11,2026-07-11 20:04:19.003232,SARAWAK,MIRI,[LOKASI KUTIPAN HARGA LADANG] BEKENU,Ladang,,Sayur-Sayuran,03,007,SAWI HIJAU (TANAH RENDAH),F.A.Q,Kilogram,8,8,
30725379,2026-07-11,2026-07-11 20:04:19.003232,SARAWAK,MIRI,[LOKASI KUTIPAN HARGA LADANG] BEKENU,Ladang,,Sayur-Sayuran,02,010,TERUNG PANJANG / PEPARU (TANAH RENDAH),F.A.Q,Kilogram,5,5,
30725380,2026-07-11,2026-07-11 20:04:19.003232,SARAWAK,MIRI,[LOKASI KUTIPAN HARGA LADANG] BEKENU,Ladang,,Sayur-Sayuran,02,011,TIMUN HIJAU,F.A.Q,Kilogram,3,3.6363637,
30725381,2026-07-11,2026-07-11 20:04:57.467209,SARAWAK,MIRI,[LOKASI KUTIPAN HARGA LADANG] BEKENU,Ladang,,Buah-Buahan,02,005,BETIK SEKAKI,F.A.Q,Kilogram,3,3,
30725382,2026-07-11,2026-07-11 20:04:57.467209,SARAWAK,MIRI,[LOKASI KUTIPAN HARGA LADANG] BEKENU,Ladang,,Buah-Buahan,02,023,NANAS JOSAPINE (AC5),F.A.Q,Kilogram,3,3,
30725383,2026-07-11,2026-07-11 20:04:57.467209,SARAWAK,MIRI,[LOKASI KUTIPAN HARGA LADANG] BEKENU,Ladang,,Buah-Buahan,02,028,PISANG BERANGAN,F.A.Q,Kilogram,5,5,
30725384,2026-07-11,2026-07-11 20:04:57.467209,SARAWAK,MIRI,[LOKASI KUTIPAN HARGA LADANG] BEKENU,Ladang,,Buah-Buahan,02,028,PISANG MAS,F.A.Q,Kilogram,5,5,
30725385,2026-07-11,2026-07-11 20:04:57.467209,SARAWAK,MIRI,[LOKASI KUTIPAN HARGA LADANG] BEKENU,Ladang,,Buah-Buahan,02,034,TEMBIKAI MERAH TANPA BIJI,F.A.Q,Kilogram,3,3,
30725386,2026-07-11,2026-07-11 20:05:08.508065,SARAWAK,MIRI,[LOKASI KUTIPAN HARGA LADANG] BEKENU,Ladang,,Tanaman Kontan,05,001,KELAPA DIKUPAS,SEDANG,Biji,2,2,
30725387,2026-07-11,2026-07-11 20:06:06.974509,SARAWAK,MIRI,PASAR TAMU MUHIBBAH MIRI,Runcit,26,Buah-Buahan,02,005,BETIK SEKAKI,F.A.Q,Kilogram,5,5,
30725388,2026-07-11,2026-07-11 20:06:06.974509,SARAWAK,MIRI,PASAR TAMU MUHIBBAH MIRI,Runcit,26,Buah-Buahan,02,023,NANAS JOSAPINE (AC5),F.A.Q,Kilogram,5,5,
30725389,2026-07-11,2026-07-11 20:06:06.974509,SARAWAK,MIRI,PASAR TAMU MUHIBBAH MIRI,Runcit,26,Buah-Buahan,02,028,PISANG BERANGAN,F.A.Q,Kilogram,7,7,
30725390,2026-07-11,2026-07-11 20:06:06.974509,SARAWAK,MIRI,PASAR TAMU MUHIBBAH MIRI,Runcit,26,Buah-Buahan,02,028,PISANG MAS,F.A.Q,Kilogram,7,7,
30725391,2026-07-11,2026-07-11 20:06:06.974509,SARAWAK,MIRI,PASAR TAMU MUHIBBAH MIRI,Runcit,26,Buah-Buahan,02,034,TEMBIKAI MERAH TANPA BIJI,F.A.Q,Kilogram,5,5,
30725392,2026-07-11,2026-07-11 20:07:12.004069,SARAWAK,MIRI,PASAR TAMU MUHIBBAH MIRI,Borong,20,Buah-Buahan,02,005,BETIK SEKAKI,F.A.Q,Kilogram,4,4,
30725393,2026-07-11,2026-07-11 20:07:12.004069,SARAWAK,MIRI,PASAR TAMU MUHIBBAH MIRI,Borong,20,Buah-Buahan,02,023,NANAS JOSAPINE (AC5),F.A.Q,Kilogram,4,4,
30725394,2026-07-11,2026-07-11 20:07:12.004069,SARAWAK,MIRI,PASAR TAMU MUHIBBAH MIRI,Borong,20,Buah-Buahan,02,028,PISANG BERANGAN,F.A.Q,Kilogram,6,6,
30725395,2026-07-11,2026-07-11 20:07:12.004069,SARAWAK,MIRI,PASAR TAMU MUHIBBAH MIRI,Borong,20,Buah-Buahan,02,028,PISANG MAS,F.A.Q,Kilogram,6,6,
30725396,2026-07-11,2026-07-11 20:07:12.004069,SARAWAK,MIRI,PASAR TAMU MUHIBBAH MIRI,Borong,20,Buah-Buahan,02,034,TEMBIKAI MERAH TANPA BIJI,F.A.Q,Kilogram,4,4.0833335,
30725443,2026-07-11,2026-07-11 22:40:06.062706,SABAH,PENAMPANG,PASAR BORONG PENAMPANG,Borong,20,Sayur-Sayuran,05,001,BAWANG BESAR KUNING / HOLLAND,F.A.Q,Kilogram,4.5,3.5,
30725444,2026-07-11,2026-07-11 22:40:06.062706,SABAH,PENAMPANG,PASAR BORONG PENAMPANG,Borong,20,Sayur-Sayuran,05,001,BAWANG BESAR MERAH (CHINA),F.A.Q,Kilogram,4,2,
30725445,2026-07-11,2026-07-11 22:40:06.062706,SABAH,PENAMPANG,PASAR BORONG PENAMPANG,Borong,20,Sayur-Sayuran,05,001,BAWANG BESAR MERAH (INDIA),F.A.Q,Kilogram,4.5,4.5,
30725446,2026-07-11,2026-07-11 22:40:06.062706,SABAH,PENAMPANG,PASAR BORONG PENAMPANG,Borong,20,Sayur-Sayuran,05,001,BAWANG MERAH / KECIL (INDIA),F.A.Q,Kilogram,7,4.61,
30725447,2026-07-11,2026-07-11 22:40:06.062706,SABAH,PENAMPANG,PASAR BORONG PENAMPANG,Borong,20,Sayur-Sayuran,05,001,BAWANG MERAH ROSE,F.A.Q,Kilogram,8,9.14,
30725448,2026-07-11,2026-07-11 22:40:06.062706,SABAH,PENAMPANG,PASAR BORONG PENAMPANG,Borong,20,Sayur-Sayuran,05,001,BAWANG PUTIH (CHINA),F.A.Q,Kilogram,8,7.5,
30725449,2026-07-11,2026-07-11 22:40:06.062706,SABAH,PENAMPANG,PASAR BORONG PENAMPANG,Borong,20,Sayur-Sayuran,03,001,BAYAM,F.A.Q,Kilogram,3.5,3.1,
30725450,2026-07-11,2026-07-11 22:40:06.062706,SABAH,PENAMPANG,PASAR BORONG PENAMPANG,Borong,20,Sayur-Sayuran,02,002,CILI HIJAU,F.A.Q,Kilogram,12,10.63,
30725451,2026-07-11,2026-07-11 22:40:06.062706,SABAH,PENAMPANG,PASAR BORONG PENAMPANG,Borong,20,Sayur-Sayuran,02,002,CILI MERAH KULAI / KULAI HIBRID,F.A.Q,Kilogram,15,16.5,
30725452,2026-07-11,2026-07-11 22:40:06.062706,SABAH,PENAMPANG,PASAR BORONG PENAMPANG,Borong,20,Sayur-Sayuran,02,002,CILI MERAH MINYAK,F.A.Q,Kilogram,12,14,
30725453,2026-07-11,2026-07-11 22:40:06.062706,SABAH,PENAMPANG,PASAR BORONG PENAMPANG,Borong,20,Sayur-Sayuran,03,015,DAUN SUP (TANAH TINGGI),F.A.Q,Kilogram,12,10.25,
30725454,2026-07-11,2026-07-11 22:40:06.062706,SABAH,PENAMPANG,PASAR BORONG PENAMPANG,Borong,20,Sayur-Sayuran,04,002,KACANG BENDI,F.A.Q,Kilogram,3.5,6.56,
30725455,2026-07-11,2026-07-11 22:40:06.062706,SABAH,PENAMPANG,PASAR BORONG PENAMPANG,Borong,20,Sayur-Sayuran,04,003,KACANG BUNCIS,F.A.Q,Kilogram,4,10.25,
30725456,2026-07-11,2026-07-11 22:40:06.062706,SABAH,PENAMPANG,PASAR BORONG PENAMPANG,Borong,20,Sayur-Sayuran,04,007,KACANG PANJANG HIJAU,F.A.Q,Kilogram,4,3.6,
30725457,2026-07-11,2026-07-11 22:40:06.062706,SABAH,PENAMPANG,PASAR BORONG PENAMPANG,Borong,20,Sayur-Sayuran,03,019,KANGKUNG,F.A.Q,Kilogram,3,3.5,
30725458,2026-07-11,2026-07-11 22:40:06.062706,SABAH,PENAMPANG,PASAR BORONG PENAMPANG,Borong,20,Sayur-Sayuran,03,006,KUBIS BULAT (TANAH TINGGI),F.A.Q,Kilogram,3.5,3,
30725459,2026-07-11,2026-07-11 22:40:06.062706,SABAH,PENAMPANG,PASAR BORONG PENAMPANG,Borong,20,Sayur-Sayuran,03,007,SAWI HIJAU (TANAH RENDAH),F.A.Q,Kilogram,4,4.21,
30725460,2026-07-11,2026-07-11 22:40:06.062706,SABAH,PENAMPANG,PASAR BORONG PENAMPANG,Borong,20,Sayur-Sayuran,03,007,SAWI HIJAU TANAH TINGGI,F.A.Q,Kilogram,5,25,
30725461,2026-07-11,2026-07-11 22:40:06.062706,SABAH,PENAMPANG,PASAR BORONG PENAMPANG,Borong,20,Sayur-Sayuran,02,010,TERUNG PANJANG / PEPARU (TANAH RENDAH),F.A.Q,Kilogram,3,4,
30725462,2026-07-11,2026-07-11 22:40:06.062706,SABAH,PENAMPANG,PASAR BORONG PENAMPANG,Borong,20,Sayur-Sayuran,02,011,TIMUN HIJAU,F.A.Q,Kilogram,2.5,2.8,
30725463,2026-07-11,2026-07-11 22:40:06.062706,SABAH,PENAMPANG,PASAR BORONG PENAMPANG,Borong,20,Sayur-Sayuran,02,012,TOMATO (TANAH TINGGI),F.A.Q,Kilogram,6.5,6.94,
30725464,2026-07-11,2026-07-11 22:40:06.062706,SABAH,PENAMPANG,PASAR BORONG PENAMPANG,Borong,20,Sayur-Sayuran,02,012,TOMATO PLUM (TANAH TINGGI),F.A.Q,Kilogram,3.5,4,
30725465,2026-07-11,2026-07-11 22:40:06.062706,SABAH,PENAMPANG,PASAR BORONG PENAMPANG,Borong,20,Sayur-Sayuran,05,009,UBI KENTANG HOLLAND,F.A.Q,Kilogram,3,2.62,
30725466,2026-07-11,2026-07-11 22:51:08.72127,SABAH,KOTA KINABALU,PASAR AWAM KOTA KINABALU - BAHAGIAN RUNCIT,Runcit,26,Sayur-Sayuran,05,001,BAWANG BESAR KUNING / HOLLAND,F.A.Q,Kilogram,5.5,7,
30725467,2026-07-11,2026-07-11 22:51:08.72127,SABAH,KOTA KINABALU,PASAR AWAM KOTA KINABALU - BAHAGIAN RUNCIT,Runcit,26,Sayur-Sayuran,05,001,BAWANG BESAR MERAH (CHINA),F.A.Q,Kilogram,5.5,6,
30725468,2026-07-11,2026-07-11 22:51:08.72127,SABAH,KOTA KINABALU,PASAR AWAM KOTA KINABALU - BAHAGIAN RUNCIT,Runcit,26,Sayur-Sayuran,05,001,BAWANG BESAR MERAH (INDIA),F.A.Q,Kilogram,5.5,7,
30725469,2026-07-11,2026-07-11 22:51:08.72127,SABAH,KOTA KINABALU,PASAR AWAM KOTA KINABALU - BAHAGIAN RUNCIT,Runcit,26,Sayur-Sayuran,05,001,BAWANG MERAH / KECIL (INDIA),F.A.Q,Kilogram,9,10,
30725470,2026-07-11,2026-07-11 22:51:08.72127,SABAH,KOTA KINABALU,PASAR AWAM KOTA KINABALU - BAHAGIAN RUNCIT,Runcit,26,Sayur-Sayuran,05,001,BAWANG MERAH ROSE,F.A.Q,Kilogram,12,12,
30725471,2026-07-11,2026-07-11 22:51:08.72127,SABAH,KOTA KINABALU,PASAR AWAM KOTA KINABALU - BAHAGIAN RUNCIT,Runcit,26,Sayur-Sayuran,05,001,BAWANG PUTIH (CHINA),F.A.Q,Kilogram,10,9,
30725472,2026-07-11,2026-07-11 22:51:08.72127,SABAH,KOTA KINABALU,PASAR AWAM KOTA KINABALU - BAHAGIAN RUNCIT,Runcit,26,Sayur-Sayuran,03,001,BAYAM,F.A.Q,Kilogram,5,5.5,
30725473,2026-07-11,2026-07-11 22:51:08.72127,SABAH,KOTA KINABALU,PASAR AWAM KOTA KINABALU - BAHAGIAN RUNCIT,Runcit,26,Sayur-Sayuran,02,002,CILI MERAH KULAI / KULAI HIBRID,F.A.Q,Kilogram,18,20,
30725474,2026-07-11,2026-07-11 22:51:08.72127,SABAH,KOTA KINABALU,PASAR AWAM KOTA KINABALU - BAHAGIAN RUNCIT,Runcit,26,Sayur-Sayuran,02,002,CILI MERAH MINYAK,F.A.Q,Kilogram,15.5,16.5,
30725475,2026-07-11,2026-07-11 22:51:08.72127,SABAH,KOTA KINABALU,PASAR AWAM KOTA KINABALU - BAHAGIAN RUNCIT,Runcit,26,Sayur-Sayuran,03,015,DAUN SUP (TANAH TINGGI),F.A.Q,Kilogram,15,15,
30725476,2026-07-11,2026-07-11 22:51:08.72127,SABAH,KOTA KINABALU,PASAR AWAM KOTA KINABALU - BAHAGIAN RUNCIT,Runcit,26,Sayur-Sayuran,04,002,KACANG BENDI,F.A.Q,Kilogram,6,9.12,
30725477,2026-07-11,2026-07-11 22:51:08.72127,SABAH,KOTA KINABALU,PASAR AWAM KOTA KINABALU - BAHAGIAN RUNCIT,Runcit,26,Sayur-Sayuran,04,003,KACANG BUNCIS,F.A.Q,Kilogram,7.5,13.06,
30725478,2026-07-11,2026-07-11 22:51:08.72127,SABAH,KOTA KINABALU,PASAR AWAM KOTA KINABALU - BAHAGIAN RUNCIT,Runcit,26,Sayur-Sayuran,04,007,KACANG PANJANG HIJAU,F.A.Q,Kilogram,5.5,8.57,
30725479,2026-07-11,2026-07-11 22:51:08.72127,SABAH,KOTA KINABALU,PASAR AWAM KOTA KINABALU - BAHAGIAN RUNCIT,Runcit,26,Sayur-Sayuran,03,019,KANGKUNG,F.A.Q,Kilogram,5,5,
30725480,2026-07-11,2026-07-11 22:51:08.72127,SABAH,KOTA KINABALU,PASAR AWAM KOTA KINABALU - BAHAGIAN RUNCIT,Runcit,26,Sayur-Sayuran,03,006,KUBIS BULAT (TANAH TINGGI),F.A.Q,Kilogram,5,5.5,
30725481,2026-07-11,2026-07-11 22:51:08.72127,SABAH,KOTA KINABALU,PASAR AWAM KOTA KINABALU - BAHAGIAN RUNCIT,Runcit,26,Sayur-Sayuran,03,007,SAWI HIJAU (TANAH RENDAH),F.A.Q,Kilogram,7,6,
30725482,2026-07-11,2026-07-11 22:51:08.72127,SABAH,KOTA KINABALU,PASAR AWAM KOTA KINABALU - BAHAGIAN RUNCIT,Runcit,26,Sayur-Sayuran,03,007,SAWI HIJAU TANAH TINGGI,F.A.Q,Kilogram,7.5,7,
30725483,2026-07-11,2026-07-11 22:51:08.72127,SABAH,KOTA KINABALU,PASAR AWAM KOTA KINABALU - BAHAGIAN RUNCIT,Runcit,26,Sayur-Sayuran,02,010,TERUNG PANJANG / PEPARU (TANAH RENDAH),F.A.Q,Kilogram,6.5,6,
30725484,2026-07-11,2026-07-11 22:51:08.72127,SABAH,KOTA KINABALU,PASAR AWAM KOTA KINABALU - BAHAGIAN RUNCIT,Runcit,26,Sayur-Sayuran,02,011,TIMUN HIJAU,F.A.Q,Kilogram,3.5,4,
30725485,2026-07-11,2026-07-11 22:51:08.72127,SABAH,KOTA KINABALU,PASAR AWAM KOTA KINABALU - BAHAGIAN RUNCIT,Runcit,26,Sayur-Sayuran,02,012,TOMATO (TANAH TINGGI),F.A.Q,Kilogram,8.5,8,
30725486,2026-07-11,2026-07-11 22:51:08.72127,SABAH,KOTA KINABALU,PASAR AWAM KOTA KINABALU - BAHAGIAN RUNCIT,Runcit,26,Sayur-Sayuran,02,012,TOMATO PLUM (TANAH TINGGI),F.A.Q,Kilogram,5.5,7,
30725487,2026-07-11,2026-07-11 22:51:08.72127,SABAH,KOTA KINABALU,PASAR AWAM KOTA KINABALU - BAHAGIAN RUNCIT,Runcit,26,Sayur-Sayuran,05,009,UBI KENTANG HOLLAND,F.A.Q,Kilogram,5,5,
30725820,2026-07-11,2026-07-12 11:00:33.71439,KEDAH,KOTA SETAR,PASAR BORONG ALOR SETAR,Borong,20,Ternakan,01,003,AYAM HIDUP,F.A.Q,Kilogram,6.5,6.5,
30725821,2026-07-11,2026-07-12 11:00:33.71439,KEDAH,KOTA SETAR,PASAR BORONG ALOR SETAR,Borong,20,Ternakan,03,002,AYAM PROSES STANDARD,F.A.Q,Kilogram,8,8,
30725822,2026-07-11,2026-07-12 11:01:25.370125,KEDAH,KOTA SETAR,PASAR BORONG ALOR SETAR,Borong,20,Buah-Buahan,02,005,BETIK SEKAKI,F.A.Q,Kilogram,3,3.4333334,
30725823,2026-07-11,2026-07-12 11:01:25.370125,KEDAH,KOTA SETAR,PASAR BORONG ALOR SETAR,Borong,20,Buah-Buahan,02,028,PISANG BERANGAN,F.A.Q,Kilogram,3.5,3.38,
30725824,2026-07-11,2026-07-12 11:01:25.370125,KEDAH,KOTA SETAR,PASAR BORONG ALOR SETAR,Borong,20,Buah-Buahan,02,028,PISANG MAS,F.A.Q,Kilogram,3.2,3.275,
30725825,2026-07-11,2026-07-12 11:01:25.370125,KEDAH,KOTA SETAR,PASAR BORONG ALOR SETAR,Borong,20,Buah-Buahan,02,034,TEMBIKAI MERAH TANPA BIJI,F.A.Q,Kilogram,2.5,2.5,
30725826,2026-07-11,2026-07-12 11:01:59.461192,KEDAH,KOTA SETAR,PASAR BORONG ALOR SETAR,Borong,20,Ternakan,11,001,TELUR AYAM,A,Biji,0.42,0.42,
30725827,2026-07-11,2026-07-12 11:01:59.461192,KEDAH,KOTA SETAR,PASAR BORONG ALOR SETAR,Borong,20,Ternakan,11,001,TELUR AYAM,B,Biji,0.4,0.4,
30725828,2026-07-11,2026-07-12 11:01:59.461192,KEDAH,KOTA SETAR,PASAR BORONG ALOR SETAR,Borong,20,Ternakan,11,001,TELUR AYAM,C,Biji,0.38,0.38,
30725829,2026-07-11,2026-07-12 11:04:12.150726,KEDAH,KOTA SETAR,PASAR BORONG ALOR SETAR,Borong,20,Sayur-Sayuran,05,001,BAWANG BESAR KUNING / HOLLAND,F.A.Q,Kilogram,3.5,3.5,
30725830,2026-07-11,2026-07-12 11:04:12.150726,KEDAH,KOTA SETAR,PASAR BORONG ALOR SETAR,Borong,20,Sayur-Sayuran,05,001,BAWANG BESAR MERAH (IMPORT),F.A.Q,Kilogram,2.2,2.1333334,
30725831,2026-07-11,2026-07-12 11:04:12.150726,KEDAH,KOTA SETAR,PASAR BORONG ALOR SETAR,Borong,20,Sayur-Sayuran,05,001,BAWANG BESAR MERAH (INDIA),F.A.Q,Kilogram,2.8,2.74,
30725832,2026-07-11,2026-07-12 11:04:12.150726,KEDAH,KOTA SETAR,PASAR BORONG ALOR SETAR,Borong,20,Sayur-Sayuran,05,001,BAWANG MERAH / KECIL (IMPORT),F.A.Q,Kilogram,3,3,
30725833,2026-07-11,2026-07-12 11:04:12.150726,KEDAH,KOTA SETAR,PASAR BORONG ALOR SETAR,Borong,20,Sayur-Sayuran,05,001,BAWANG MERAH / KECIL (INDIA),F.A.Q,Kilogram,4,4,
30725834,2026-07-11,2026-07-12 11:04:12.150726,KEDAH,KOTA SETAR,PASAR BORONG ALOR SETAR,Borong,20,Sayur-Sayuran,05,001,BAWANG MERAH / KECIL (THAI),F.A.Q,Kilogram,10,10.333333,
30725835,2026-07-11,2026-07-12 11:04:12.150726,KEDAH,KOTA SETAR,PASAR BORONG ALOR SETAR,Borong,20,Sayur-Sayuran,05,001,BAWANG MERAH ROSE,F.A.Q,Kilogram,6,6,
30725836,2026-07-11,2026-07-12 11:04:12.150726,KEDAH,KOTA SETAR,PASAR BORONG ALOR SETAR,Borong,20,Sayur-Sayuran,05,001,BAWANG PUTIH (CHINA),F.A.Q,Kilogram,7,7.2,
30725837,2026-07-11,2026-07-12 11:04:12.150726,KEDAH,KOTA SETAR,PASAR BORONG ALOR SETAR,Borong,20,Sayur-Sayuran,03,001,BAYAM,F.A.Q,Kilogram,3.5,3.5,
30725838,2026-07-11,2026-07-12 11:04:12.150726,KEDAH,KOTA SETAR,PASAR BORONG ALOR SETAR,Borong,20,Sayur-Sayuran,02,002,CILI HIJAU (IMPORT),F.A.Q,Kilogram,10,10.333333,
30725839,2026-07-11,2026-07-12 11:04:12.150726,KEDAH,KOTA SETAR,PASAR BORONG ALOR SETAR,Borong,20,Sayur-Sayuran,02,002,CILI MERAH KULAI / KULAI HIBRID,F.A.Q,Kilogram,15,13.4,
30725840,2026-07-11,2026-07-12 11:04:12.150726,KEDAH,KOTA SETAR,PASAR BORONG ALOR SETAR,Borong,20,Sayur-Sayuran,02,002,CILI MERAH MINYAK,F.A.Q,Kilogram,13,12.2,
30725841,2026-07-11,2026-07-12 11:04:12.150726,KEDAH,KOTA SETAR,PASAR BORONG ALOR SETAR,Borong,20,Sayur-Sayuran,03,009,DAUN BAWANG,F.A.Q,Kilogram,6,5.3333335,
30725842,2026-07-11,2026-07-12 11:04:12.150726,KEDAH,KOTA SETAR,PASAR BORONG ALOR SETAR,Borong,20,Sayur-Sayuran,03,015,DAUN SUP (TANAH TINGGI),F.A.Q,Kilogram,14,12.333333,
30725843,2026-07-11,2026-07-12 11:04:12.150726,KEDAH,KOTA SETAR,PASAR BORONG ALOR SETAR,Borong,20,Sayur-Sayuran,04,002,KACANG BENDI,F.A.Q,Kilogram,5,5,
30725844,2026-07-11,2026-07-12 11:04:12.150726,KEDAH,KOTA SETAR,PASAR BORONG ALOR SETAR,Borong,20,Sayur-Sayuran,04,003,KACANG BUNCIS,F.A.Q,Kilogram,8,8,
30725845,2026-07-11,2026-07-12 11:04:12.150726,KEDAH,KOTA SETAR,PASAR BORONG ALOR SETAR,Borong,20,Sayur-Sayuran,04,007,KACANG PANJANG HIJAU,F.A.Q,Kilogram,3.5,3.9,
30725846,2026-07-11,2026-07-12 11:04:12.150726,KEDAH,KOTA SETAR,PASAR BORONG ALOR SETAR,Borong,20,Sayur-Sayuran,03,019,KANGKUNG,F.A.Q,Kilogram,3,3,
30725847,2026-07-11,2026-07-12 11:04:12.150726,KEDAH,KOTA SETAR,PASAR BORONG ALOR SETAR,Borong,20,Sayur-Sayuran,03,006,KUBIS BULAT (CHINA),F.A.Q,Kilogram,2,2,
30725848,2026-07-11,2026-07-12 11:04:12.150726,KEDAH,KOTA SETAR,PASAR BORONG ALOR SETAR,Borong,20,Sayur-Sayuran,03,006,KUBIS BULAT (INDONESIA),F.A.Q,Kilogram,2,2,
30725849,2026-07-11,2026-07-12 11:04:12.150726,KEDAH,KOTA SETAR,PASAR BORONG ALOR SETAR,Borong,20,Sayur-Sayuran,03,006,KUBIS BULAT (TANAH TINGGI),F.A.Q,Kilogram,2.5,2.74,
30725850,2026-07-11,2026-07-12 11:04:12.150726,KEDAH,KOTA SETAR,PASAR BORONG ALOR SETAR,Borong,20,Sayur-Sayuran,03,007,SAWI HIJAU (TANAH RENDAH),F.A.Q,Kilogram,3.5,3.5,
30725851,2026-07-11,2026-07-12 11:04:12.150726,KEDAH,KOTA SETAR,PASAR BORONG ALOR SETAR,Borong,20,Sayur-Sayuran,02,010,TERUNG PANJANG / PEPARU (TANAH RENDAH),F.A.Q,Kilogram,5.5,5.4,
30725852,2026-07-11,2026-07-12 11:04:12.150726,KEDAH,KOTA SETAR,PASAR BORONG ALOR SETAR,Borong,20,Sayur-Sayuran,02,011,TIMUN HIJAU,F.A.Q,Kilogram,1.8,2.5,
30725853,2026-07-11,2026-07-12 11:04:12.150726,KEDAH,KOTA SETAR,PASAR BORONG ALOR SETAR,Borong,20,Sayur-Sayuran,02,012,TOMATO (TANAH TINGGI),F.A.Q,Kilogram,5,4.6,
30725854,2026-07-11,2026-07-12 11:04:12.150726,KEDAH,KOTA SETAR,PASAR BORONG ALOR SETAR,Borong,20,Sayur-Sayuran,05,009,UBI KENTANG HOLLAND,F.A.Q,Kilogram,2.3,2.5,
30725855,2026-07-11,2026-07-12 11:04:36.173861,KEDAH,KOTA SETAR,PASAR BORONG ALOR SETAR,Borong,20,Ternakan,02,003,DAGING LEMBU PEJAL,F.A.Q,Kilogram,28,25.6,
30725857,2026-07-11,2026-07-12 11:05:36.576918,KEDAH,KOTA SETAR,PASAR BESAR ALOR SETAR,Runcit,26,Buah-Buahan,02,005,BETIK SEKAKI,F.A.Q,Kilogram,5,4.6666665,
30725858,2026-07-11,2026-07-12 11:05:36.576918,KEDAH,KOTA SETAR,PASAR BESAR ALOR SETAR,Runcit,26,Buah-Buahan,02,028,PISANG BERANGAN,F.A.Q,Kilogram,5.5,5.4,
30725859,2026-07-11,2026-07-12 11:05:36.576918,KEDAH,KOTA SETAR,PASAR BESAR ALOR SETAR,Runcit,26,Buah-Buahan,02,028,PISANG MAS,F.A.Q,Kilogram,5.5,5.1666665,
30725860,2026-07-11,2026-07-12 11:05:36.576918,KEDAH,KOTA SETAR,PASAR BESAR ALOR SETAR,Runcit,26,Buah-Buahan,02,034,TEMBIKAI MERAH TANPA BIJI,F.A.Q,Kilogram,3.5,3.5,
30725861,2026-07-11,2026-07-12 11:05:58.388035,KEDAH,KOTA SETAR,PASAR BESAR ALOR SETAR,Runcit,26,Sayur-Sayuran,05,001,BAWANG BESAR MERAH (INDIA),F.A.Q,Kilogram,5,4.9,
30725862,2026-07-11,2026-07-12 11:05:58.388035,KEDAH,KOTA SETAR,PASAR BESAR ALOR SETAR,Runcit,26,Sayur-Sayuran,05,001,BAWANG MERAH / KECIL (INDIA),F.A.Q,Kilogram,6,6,
30725863,2026-07-11,2026-07-12 11:06:14.080066,KEDAH,KOTA SETAR,PASAR BORONG ALOR SETAR,Borong,20,Tanaman Kontan,05,001,KELAPA DIKUPAS,SEDANG,Biji,2.1,2.4,
30725864,2026-07-11,2026-07-12 11:06:54.280944,KEDAH,KOTA SETAR,PASAR BESAR ALOR SETAR,Runcit,26,Sayur-Sayuran,05,001,BAWANG BESAR KUNING / HOLLAND,F.A.Q,Kilogram,4.5,5.07,
30725865,2026-07-11,2026-07-12 11:06:54.280944,KEDAH,KOTA SETAR,PASAR BESAR ALOR SETAR,Runcit,26,Sayur-Sayuran,05,001,BAWANG BESAR MERAH (IMPORT),F.A.Q,Kilogram,4,4.28,
30725866,2026-07-11,2026-07-12 11:06:54.280944,KEDAH,KOTA SETAR,PASAR BESAR ALOR SETAR,Runcit,26,Sayur-Sayuran,05,001,BAWANG MERAH / KECIL (IMPORT),F.A.Q,Kilogram,5,6.56,
30725867,2026-07-11,2026-07-12 11:06:54.280944,KEDAH,KOTA SETAR,PASAR BESAR ALOR SETAR,Runcit,26,Sayur-Sayuran,05,001,BAWANG MERAH / KECIL (THAI),F.A.Q,Kilogram,13,13.54,
30725868,2026-07-11,2026-07-12 11:06:54.280944,KEDAH,KOTA SETAR,PASAR BESAR ALOR SETAR,Runcit,26,Sayur-Sayuran,05,001,BAWANG PUTIH (CHINA),F.A.Q,Kilogram,9,8.52,
30725869,2026-07-11,2026-07-12 11:07:09.95543,KEDAH,KOTA SETAR,PASAR BESAR ALOR SETAR,Runcit,26,Ternakan,11,001,TELUR AYAM,A,Biji,0.45,0.45,
30725870,2026-07-11,2026-07-12 11:07:09.95543,KEDAH,KOTA SETAR,PASAR BESAR ALOR SETAR,Runcit,26,Ternakan,11,001,TELUR AYAM,B,Biji,0.43,0.43,
30725871,2026-07-11,2026-07-12 11:07:09.95543,KEDAH,KOTA SETAR,PASAR BESAR ALOR SETAR,Runcit,26,Ternakan,11,001,TELUR AYAM,C,Biji,0.41,0.40666667,
30725872,2026-07-11,2026-07-12 11:07:32.32937,KEDAH,KOTA SETAR,PASAR BESAR ALOR SETAR,Runcit,26,Ternakan,03,002,AYAM PROSES STANDARD,F.A.Q,Kilogram,9,9,
30725873,2026-07-11,2026-07-12 11:07:32.32937,KEDAH,KOTA SETAR,PASAR BESAR ALOR SETAR,Runcit,26,Ternakan,03,002,AYAM PROSES SUPER,F.A.Q,Kilogram,10,9.7,
30725874,2026-07-11,2026-07-12 11:09:06.553653,KEDAH,KOTA SETAR,PASAR BESAR ALOR SETAR,Runcit,26,Sayur-Sayuran,03,001,BAYAM,F.A.Q,Kilogram,4.5,4.5,
30725875,2026-07-11,2026-07-12 11:09:06.553653,KEDAH,KOTA SETAR,PASAR BESAR ALOR SETAR,Runcit,26,Sayur-Sayuran,02,002,CILI HIJAU (IMPORT),F.A.Q,Kilogram,12,12.333333,
30725876,2026-07-11,2026-07-12 11:09:06.553653,KEDAH,KOTA SETAR,PASAR BESAR ALOR SETAR,Runcit,26,Sayur-Sayuran,02,002,CILI MERAH KULAI / KULAI HIBRID,F.A.Q,Kilogram,16,16.4,
30725877,2026-07-11,2026-07-12 11:09:06.553653,KEDAH,KOTA SETAR,PASAR BESAR ALOR SETAR,Runcit,26,Sayur-Sayuran,03,009,DAUN BAWANG,F.A.Q,Kilogram,8,7.3333335,
30725878,2026-07-11,2026-07-12 11:09:06.553653,KEDAH,KOTA SETAR,PASAR BESAR ALOR SETAR,Runcit,26,Sayur-Sayuran,03,015,DAUN SUP (TANAH TINGGI),F.A.Q,Kilogram,16,14.333333,
30725879,2026-07-11,2026-07-12 11:09:06.553653,KEDAH,KOTA SETAR,PASAR BESAR ALOR SETAR,Runcit,26,Sayur-Sayuran,04,002,KACANG BENDI,F.A.Q,Kilogram,7,7,
30725880,2026-07-11,2026-07-12 11:09:06.553653,KEDAH,KOTA SETAR,PASAR BESAR ALOR SETAR,Runcit,26,Sayur-Sayuran,04,003,KACANG BUNCIS,F.A.Q,Kilogram,10,10,
30725881,2026-07-11,2026-07-12 11:09:06.553653,KEDAH,KOTA SETAR,PASAR BESAR ALOR SETAR,Runcit,26,Sayur-Sayuran,04,007,KACANG PANJANG HIJAU,F.A.Q,Kilogram,4.5,5.2,
30725882,2026-07-11,2026-07-12 11:09:06.553653,KEDAH,KOTA SETAR,PASAR BESAR ALOR SETAR,Runcit,26,Sayur-Sayuran,03,019,KANGKUNG,F.A.Q,Kilogram,4.5,4.5,
30725883,2026-07-11,2026-07-12 11:09:06.553653,KEDAH,KOTA SETAR,PASAR BESAR ALOR SETAR,Runcit,26,Sayur-Sayuran,03,006,KUBIS BULAT (CHINA),F.A.Q,Kilogram,3,3,
30725884,2026-07-11,2026-07-12 11:09:06.553653,KEDAH,KOTA SETAR,PASAR BESAR ALOR SETAR,Runcit,26,Sayur-Sayuran,03,006,KUBIS BULAT (TANAH TINGGI),F.A.Q,Kilogram,5,4.9,
30725885,2026-07-11,2026-07-12 11:09:06.553653,KEDAH,KOTA SETAR,PASAR BESAR ALOR SETAR,Runcit,26,Sayur-Sayuran,03,007,SAWI HIJAU (TANAH RENDAH),F.A.Q,Kilogram,5,5,
30725886,2026-07-11,2026-07-12 11:09:06.553653,KEDAH,KOTA SETAR,PASAR BESAR ALOR SETAR,Runcit,26,Sayur-Sayuran,02,010,TERUNG PANJANG / PEPARU (TANAH RENDAH),F.A.Q,Kilogram,8,7.8,
30725887,2026-07-11,2026-07-12 11:09:06.553653,KEDAH,KOTA SETAR,PASAR BESAR ALOR SETAR,Runcit,26,Sayur-Sayuran,02,011,TIMUN HIJAU,F.A.Q,Kilogram,3,3.5,
30725888,2026-07-11,2026-07-12 11:09:06.553653,KEDAH,KOTA SETAR,PASAR BESAR ALOR SETAR,Runcit,26,Sayur-Sayuran,02,012,TOMATO (TANAH TINGGI),F.A.Q,Kilogram,7,6.2,
30725889,2026-07-11,2026-07-12 11:09:06.553653,KEDAH,KOTA SETAR,PASAR BESAR ALOR SETAR,Runcit,26,Sayur-Sayuran,05,009,UBI KENTANG HOLLAND,F.A.Q,Kilogram,3,3.5,
30725890,2026-07-11,2026-07-12 11:09:21.482165,KEDAH,KOTA SETAR,PASAR BESAR ALOR SETAR,Runcit,26,Tanaman Kontan,05,001,KELAPA DIKUPAS,SEDANG,Biji,3,3,
30725891,2026-07-11,2026-07-12 11:09:39.369944,KEDAH,KOTA SETAR,PASAR BESAR ALOR SETAR,Runcit,26,Ternakan,02,003,DAGING LEMBU PEJAL,F.A.Q,Kilogram,32,31.6,
30725892,2026-07-11,2026-07-12 11:10:02.948087,KEDAH,KOTA SETAR,PASAR BESAR ALOR SETAR,Runcit,26,Lain-Lain Makanan Proses,15,001,SANTAN PEKAT,F.A.Q,Kilogram,15,15.4,
30725893,2026-07-11,2026-07-12 11:10:20.916356,KEDAH,KOTA SETAR,PASAR BESAR ALOR SETAR,Runcit,26,Sayur-Sayuran,05,001,BAWANG MERAH ROSE,F.A.Q,Kilogram,8,8,
30725894,2026-07-11,2026-07-12 11:10:48.129621,KEDAH,KOTA SETAR,PASAR BESAR ALOR SETAR,Runcit,26,Sayur-Sayuran,02,002,CILI MERAH MINYAK,F.A.Q,Kilogram,15,13.4,
30725895,2026-07-11,2026-07-12 11:10:48.129621,KEDAH,KOTA SETAR,PASAR BESAR ALOR SETAR,Runcit,26,Sayur-Sayuran,03,006,KUBIS BULAT (INDONESIA),F.A.Q,Kilogram,3,3,
30725948,2026-07-11,2026-07-12 14:59:04.708697,W.P. LABUAN,LABUAN,PASAR SENTRAL LABUAN,Borong,20,Sayur-Sayuran,05,001,BAWANG BESAR KUNING / HOLLAND,F.A.Q,Kilogram,3.5,3.5,
30725949,2026-07-11,2026-07-12 14:59:04.708697,W.P. LABUAN,LABUAN,PASAR SENTRAL LABUAN,Borong,20,Sayur-Sayuran,05,001,BAWANG BESAR MERAH (CHINA),F.A.Q,Kilogram,3,2,
30725950,2026-07-11,2026-07-12 14:59:04.708697,W.P. LABUAN,LABUAN,PASAR SENTRAL LABUAN,Borong,20,Sayur-Sayuran,05,001,BAWANG BESAR MERAH (INDIA),F.A.Q,Kilogram,4,4,
30725951,2026-07-11,2026-07-12 14:59:04.708697,W.P. LABUAN,LABUAN,PASAR SENTRAL LABUAN,Borong,20,Sayur-Sayuran,05,001,BAWANG MERAH / KECIL (INDIA),F.A.Q,Kilogram,6,6,
30725952,2026-07-11,2026-07-12 14:59:04.708697,W.P. LABUAN,LABUAN,PASAR SENTRAL LABUAN,Borong,20,Sayur-Sayuran,05,001,BAWANG MERAH ROSE,F.A.Q,Kilogram,8,8,
30725953,2026-07-11,2026-07-12 14:59:04.708697,W.P. LABUAN,LABUAN,PASAR SENTRAL LABUAN,Borong,20,Sayur-Sayuran,05,001,BAWANG PUTIH (CHINA),F.A.Q,Kilogram,5,7.62,
30725954,2026-07-11,2026-07-12 14:59:04.708697,W.P. LABUAN,LABUAN,PASAR SENTRAL LABUAN,Borong,20,Sayur-Sayuran,03,001,BAYAM,F.A.Q,Kilogram,3.5,3.5,
30725955,2026-07-11,2026-07-12 14:59:04.708697,W.P. LABUAN,LABUAN,PASAR SENTRAL LABUAN,Borong,20,Sayur-Sayuran,02,002,CILI HIJAU,F.A.Q,Kilogram,12,12,
30725956,2026-07-11,2026-07-12 14:59:04.708697,W.P. LABUAN,LABUAN,PASAR SENTRAL LABUAN,Borong,20,Sayur-Sayuran,02,002,CILI MERAH KULAI / KULAI HIBRID,F.A.Q,Kilogram,20,16.42,
30725957,2026-07-11,2026-07-12 14:59:04.708697,W.P. LABUAN,LABUAN,PASAR SENTRAL LABUAN,Borong,20,Sayur-Sayuran,02,002,CILI MERAH MINYAK,F.A.Q,Kilogram,18,17,
30725958,2026-07-11,2026-07-12 14:59:04.708697,W.P. LABUAN,LABUAN,PASAR SENTRAL LABUAN,Borong,20,Sayur-Sayuran,03,009,DAUN BAWANG,F.A.Q,Kilogram,11,9.7,
30725959,2026-07-11,2026-07-12 14:59:04.708697,W.P. LABUAN,LABUAN,PASAR SENTRAL LABUAN,Borong,20,Sayur-Sayuran,03,015,DAUN SUP (TANAH TINGGI),F.A.Q,Kilogram,12,12,
30725960,2026-07-11,2026-07-12 14:59:04.708697,W.P. LABUAN,LABUAN,PASAR SENTRAL LABUAN,Borong,20,Sayur-Sayuran,04,002,KACANG BENDI,F.A.Q,Kilogram,5,6.56,
30725961,2026-07-11,2026-07-12 14:59:04.708697,W.P. LABUAN,LABUAN,PASAR SENTRAL LABUAN,Borong,20,Sayur-Sayuran,04,003,KACANG BUNCIS,F.A.Q,Kilogram,6,10.25,
30725962,2026-07-11,2026-07-12 14:59:04.708697,W.P. LABUAN,LABUAN,PASAR SENTRAL LABUAN,Borong,20,Sayur-Sayuran,04,007,KACANG PANJANG HIJAU,F.A.Q,Kilogram,5,6.13,
30725963,2026-07-11,2026-07-12 14:59:04.708697,W.P. LABUAN,LABUAN,PASAR SENTRAL LABUAN,Borong,20,Sayur-Sayuran,03,019,KANGKUNG,F.A.Q,Kilogram,3.5,3.5,
30725964,2026-07-11,2026-07-12 14:59:04.708697,W.P. LABUAN,LABUAN,PASAR SENTRAL LABUAN,Borong,20,Sayur-Sayuran,03,006,KUBIS BULAT (TANAH TINGGI),F.A.Q,Kilogram,3.5,3.5,
30725965,2026-07-11,2026-07-12 14:59:04.708697,W.P. LABUAN,LABUAN,PASAR SENTRAL LABUAN,Borong,20,Sayur-Sayuran,03,007,SAWI HIJAU (TANAH RENDAH),F.A.Q,Kilogram,5,5,
30725966,2026-07-11,2026-07-12 14:59:04.708697,W.P. LABUAN,LABUAN,PASAR SENTRAL LABUAN,Borong,20,Sayur-Sayuran,02,010,TERUNG PANJANG / PEPARU (TANAH RENDAH),F.A.Q,Kilogram,5,7.33,
30725967,2026-07-11,2026-07-12 14:59:04.708697,W.P. LABUAN,LABUAN,PASAR SENTRAL LABUAN,Borong,20,Sayur-Sayuran,02,011,TIMUN HIJAU,F.A.Q,Kilogram,3,3,
30725968,2026-07-11,2026-07-12 14:59:04.708697,W.P. LABUAN,LABUAN,PASAR SENTRAL LABUAN,Borong,20,Sayur-Sayuran,02,012,TOMATO (TANAH TINGGI),F.A.Q,Kilogram,6,7.1,
30725969,2026-07-11,2026-07-12 14:59:04.708697,W.P. LABUAN,LABUAN,PASAR SENTRAL LABUAN,Borong,20,Sayur-Sayuran,05,009,UBI KENTANG HOLLAND,F.A.Q,Kilogram,3,3,
30725970,2026-07-11,2026-07-12 14:59:28.397684,W.P. LABUAN,LABUAN,PASAR SENTRAL LABUAN,Borong,20,Buah-Buahan,02,005,BETIK SEKAKI,F.A.Q,Kilogram,3,3,
30725971,2026-07-11,2026-07-12 14:59:28.397684,W.P. LABUAN,LABUAN,PASAR SENTRAL LABUAN,Borong,20,Buah-Buahan,02,023,NANAS JOSAPINE (AC5),F.A.Q,Kilogram,5,5,
30725972,2026-07-11,2026-07-12 14:59:28.397684,W.P. LABUAN,LABUAN,PASAR SENTRAL LABUAN,Borong,20,Buah-Buahan,02,028,PISANG BERANGAN,F.A.Q,Kilogram,4,4,
30725973,2026-07-11,2026-07-12 14:59:28.397684,W.P. LABUAN,LABUAN,PASAR SENTRAL LABUAN,Borong,20,Buah-Buahan,02,028,PISANG MAS,F.A.Q,Kilogram,4.5,4.5,
30725974,2026-07-11,2026-07-12 14:59:28.397684,W.P. LABUAN,LABUAN,PASAR SENTRAL LABUAN,Borong,20,Buah-Buahan,02,034,TEMBIKAI MERAH TANPA BIJI,F.A.Q,Kilogram,3.5,3.5,
30725975,2026-07-11,2026-07-12 14:59:51.312112,W.P. LABUAN,LABUAN,PELADANG OUTLET,Borong,20,Tanaman Kontan,05,001,KELAPA DIKUPAS,SEDANG,Biji,1.8,1.78,
30725976,2026-07-11,2026-07-12 15:00:11.6062,W.P. LABUAN,LABUAN,[LOKASI KUTIPAN HARGA PASAR BORONG / PUSAT PEMBORONGAN] KAMPUNG LAYANG-LAYANG,Borong,20,Ternakan,03,002,AYAM PROSES STANDARD,F.A.Q,Kilogram,11.3,11.3,
30725977,2026-07-11,2026-07-12 15:00:55.410616,W.P. LABUAN,LABUAN,PASAR SENTRAL LABUAN,Borong,20,Ternakan,11,001,TELUR AYAM,A,Biji,0.49,0.49,
30725978,2026-07-11,2026-07-12 15:00:55.410616,W.P. LABUAN,LABUAN,PASAR SENTRAL LABUAN,Borong,20,Ternakan,11,001,TELUR AYAM,B,Biji,0.48,0.48,
30725979,2026-07-11,2026-07-12 15:00:55.410616,W.P. LABUAN,LABUAN,PASAR SENTRAL LABUAN,Borong,20,Ternakan,11,001,TELUR AYAM,C,Biji,0.47,0.41,
30725980,2026-07-11,2026-07-12 15:04:18.004445,W.P. LABUAN,LABUAN,PASAR SENTRAL LABUAN,Runcit,26,Sayur-Sayuran,05,001,BAWANG BESAR KUNING / HOLLAND,F.A.Q,Kilogram,7,6.36,
30725981,2026-07-11,2026-07-12 15:04:18.004445,W.P. LABUAN,LABUAN,PASAR SENTRAL LABUAN,Runcit,26,Sayur-Sayuran,05,001,BAWANG BESAR MERAH (CHINA),F.A.Q,Kilogram,5,4,
30725982,2026-07-11,2026-07-12 15:04:18.004445,W.P. LABUAN,LABUAN,PASAR SENTRAL LABUAN,Runcit,26,Sayur-Sayuran,05,001,BAWANG BESAR MERAH (INDIA),F.A.Q,Kilogram,7,6.18,
30725983,2026-07-11,2026-07-12 15:04:18.004445,W.P. LABUAN,LABUAN,PASAR SENTRAL LABUAN,Runcit,26,Sayur-Sayuran,05,001,BAWANG MERAH / KECIL (INDIA),F.A.Q,Kilogram,10,12.19,
30725984,2026-07-11,2026-07-12 15:04:18.004445,W.P. LABUAN,LABUAN,PASAR SENTRAL LABUAN,Runcit,26,Sayur-Sayuran,05,001,BAWANG MERAH ROSE,F.A.Q,Kilogram,12,12.98,
30725985,2026-07-11,2026-07-12 15:04:18.004445,W.P. LABUAN,LABUAN,PASAR SENTRAL LABUAN,Runcit,26,Sayur-Sayuran,05,001,BAWANG PUTIH (CHINA),F.A.Q,Kilogram,8,8.52,
30725986,2026-07-11,2026-07-12 15:04:18.004445,W.P. LABUAN,LABUAN,PASAR SENTRAL LABUAN,Runcit,26,Sayur-Sayuran,03,001,BAYAM,F.A.Q,Kilogram,5,6.02,
30725987,2026-07-11,2026-07-12 15:04:18.004445,W.P. LABUAN,LABUAN,PASAR SENTRAL LABUAN,Runcit,26,Buah-Buahan,02,005,BETIK SEKAKI,F.A.Q,Kilogram,5,4.98,
30725988,2026-07-11,2026-07-12 15:04:18.004445,W.P. LABUAN,LABUAN,PASAR SENTRAL LABUAN,Runcit,26,Sayur-Sayuran,02,002,CILI HIJAU,F.A.Q,Kilogram,16,13.18,
30725989,2026-07-11,2026-07-12 15:04:18.004445,W.P. LABUAN,LABUAN,PASAR SENTRAL LABUAN,Runcit,26,Sayur-Sayuran,02,002,CILI MERAH KULAI / KULAI HIBRID,F.A.Q,Kilogram,28,22.05,
30725990,2026-07-11,2026-07-12 15:04:18.004445,W.P. LABUAN,LABUAN,PASAR SENTRAL LABUAN,Runcit,26,Sayur-Sayuran,02,002,CILI MERAH MINYAK,F.A.Q,Kilogram,25,21.9,
30725991,2026-07-11,2026-07-12 15:04:18.004445,W.P. LABUAN,LABUAN,PASAR SENTRAL LABUAN,Runcit,26,Sayur-Sayuran,03,009,DAUN BAWANG,F.A.Q,Kilogram,18,12.95,
30725992,2026-07-11,2026-07-12 15:04:18.004445,W.P. LABUAN,LABUAN,PASAR SENTRAL LABUAN,Runcit,26,Sayur-Sayuran,03,015,DAUN SUP (TANAH TINGGI),F.A.Q,Kilogram,18,13.35,
30725993,2026-07-11,2026-07-12 15:04:18.004445,W.P. LABUAN,LABUAN,PASAR SENTRAL LABUAN,Runcit,26,Sayur-Sayuran,04,002,KACANG BENDI,F.A.Q,Kilogram,8,8,
30725994,2026-07-11,2026-07-12 15:04:18.004445,W.P. LABUAN,LABUAN,PASAR SENTRAL LABUAN,Runcit,26,Sayur-Sayuran,04,003,KACANG BUNCIS,F.A.Q,Kilogram,8,13.06,
30725995,2026-07-11,2026-07-12 15:04:18.004445,W.P. LABUAN,LABUAN,PASAR SENTRAL LABUAN,Runcit,26,Sayur-Sayuran,04,007,KACANG PANJANG HIJAU,F.A.Q,Kilogram,7,8.57,
30725996,2026-07-11,2026-07-12 15:04:18.004445,W.P. LABUAN,LABUAN,PASAR SENTRAL LABUAN,Runcit,26,Sayur-Sayuran,03,019,KANGKUNG,F.A.Q,Kilogram,6,5.03,
30725997,2026-07-11,2026-07-12 15:04:18.004445,W.P. LABUAN,LABUAN,PASAR SENTRAL LABUAN,Runcit,26,Sayur-Sayuran,03,006,KUBIS BULAT (TANAH TINGGI),F.A.Q,Kilogram,6,6,
30725998,2026-07-11,2026-07-12 15:04:18.004445,W.P. LABUAN,LABUAN,PASAR SENTRAL LABUAN,Runcit,26,Buah-Buahan,02,023,NANAS JOSAPINE (AC5),F.A.Q,Kilogram,8,8.94,
30725999,2026-07-11,2026-07-12 15:04:18.004445,W.P. LABUAN,LABUAN,PASAR SENTRAL LABUAN,Runcit,26,Buah-Buahan,02,028,PISANG BERANGAN,F.A.Q,Kilogram,5.5,5.5,
30726000,2026-07-11,2026-07-12 15:04:18.004445,W.P. LABUAN,LABUAN,PASAR SENTRAL LABUAN,Runcit,26,Buah-Buahan,02,028,PISANG MAS,F.A.Q,Kilogram,6,5.43,
30726001,2026-07-11,2026-07-12 15:04:18.004445,W.P. LABUAN,LABUAN,PASAR SENTRAL LABUAN,Runcit,26,Lain-Lain Makanan Proses,15,001,SANTAN PEKAT,F.A.Q,Kilogram,18,18,
30726002,2026-07-11,2026-07-12 15:04:18.004445,W.P. LABUAN,LABUAN,PASAR SENTRAL LABUAN,Runcit,26,Sayur-Sayuran,03,007,SAWI HIJAU (TANAH RENDAH),F.A.Q,Kilogram,7,6.96,
30726003,2026-07-11,2026-07-12 15:04:18.004445,W.P. LABUAN,LABUAN,PASAR SENTRAL LABUAN,Runcit,26,Sayur-Sayuran,03,007,SAWI HIJAU TANAH TINGGI,F.A.Q,Kilogram,7,4,
30726004,2026-07-11,2026-07-12 15:04:18.004445,W.P. LABUAN,LABUAN,PASAR SENTRAL LABUAN,Runcit,26,Buah-Buahan,02,034,TEMBIKAI MERAH TANPA BIJI,F.A.Q,Kilogram,5,5.42,
30726005,2026-07-11,2026-07-12 15:04:18.004445,W.P. LABUAN,LABUAN,PASAR SENTRAL LABUAN,Runcit,26,Sayur-Sayuran,02,010,TERUNG PANJANG / PEPARU (TANAH RENDAH),F.A.Q,Kilogram,8,7.44,
30726006,2026-07-11,2026-07-12 15:04:18.004445,W.P. LABUAN,LABUAN,PASAR SENTRAL LABUAN,Runcit,26,Sayur-Sayuran,02,011,TIMUN HIJAU,F.A.Q,Kilogram,4,4.27,
30726007,2026-07-11,2026-07-12 15:04:18.004445,W.P. LABUAN,LABUAN,PASAR SENTRAL LABUAN,Runcit,26,Sayur-Sayuran,02,012,TOMATO (TANAH TINGGI),F.A.Q,Kilogram,9,10.69,
30726008,2026-07-11,2026-07-12 15:04:18.004445,W.P. LABUAN,LABUAN,PASAR SENTRAL LABUAN,Runcit,26,Sayur-Sayuran,05,009,UBI KENTANG HOLLAND,F.A.Q,Kilogram,5,4.09,
30726009,2026-07-11,2026-07-12 15:04:44.155867,W.P. LABUAN,LABUAN,PASAR SENTRAL LABUAN,Runcit,26,Ternakan,03,002,AYAM PROSES STANDARD,F.A.Q,Kilogram,12.5,12.5,
30726010,2026-07-11,2026-07-12 15:04:44.155867,W.P. LABUAN,LABUAN,PASAR SENTRAL LABUAN,Runcit,26,Ternakan,03,002,AYAM PROSES SUPER,F.A.Q,Kilogram,13.5,13.5,
30726011,2026-07-11,2026-07-12 15:05:17.089189,W.P. LABUAN,LABUAN,PASAR SENTRAL LABUAN,Runcit,26,Ternakan,02,003,DAGING LEMBU PEJAL,F.A.Q,Kilogram,45,46,
30726012,2026-07-11,2026-07-12 15:05:17.089189,W.P. LABUAN,LABUAN,PASAR SENTRAL LABUAN,Runcit,26,Ternakan,11,001,TELUR AYAM,A,Biji,0.63,0.47,
30726013,2026-07-11,2026-07-12 15:05:17.089189,W.P. LABUAN,LABUAN,PASAR SENTRAL LABUAN,Runcit,26,Ternakan,11,001,TELUR AYAM,B,Biji,0.6,0.45,
30726014,2026-07-11,2026-07-12 15:05:17.089189,W.P. LABUAN,LABUAN,PASAR SENTRAL LABUAN,Runcit,26,Ternakan,11,001,TELUR AYAM,C,Biji,0.57,0.57,
30726015,2026-07-11,2026-07-12 21:49:31.015212,W.P. KUALA LUMPUR,KUALA LUMPUR,PASAR AWAM CHOW KIT,Runcit,26,Lain-Lain Makanan Proses,15,001,SANTAN PEKAT,F.A.Q,Kilogram,18,17.777779,
30726255,2026-07-11,2026-07-13 07:12:11.233279,SABAH,RANAU,[LOKASI KUTIPAN HARGA LADANG] BUNDU TUHAN,Ladang,,Sayur-Sayuran,02,002,CILI MERAH KULAI / KULAI HIBRID,F.A.Q,Kilogram,9,10.49,
30726256,2026-07-11,2026-07-13 07:12:11.233279,SABAH,RANAU,[LOKASI KUTIPAN HARGA LADANG] BUNDU TUHAN,Ladang,,Sayur-Sayuran,02,002,CILI MERAH MINYAK,F.A.Q,Kilogram,8,7,
30726257,2026-07-11,2026-07-13 07:12:11.233279,SABAH,RANAU,[LOKASI KUTIPAN HARGA LADANG] BUNDU TUHAN,Ladang,,Sayur-Sayuran,03,006,KUBIS BULAT (TANAH TINGGI),F.A.Q,Kilogram,1.5,1.81,
30726258,2026-07-11,2026-07-13 07:12:11.233279,SABAH,RANAU,[LOKASI KUTIPAN HARGA LADANG] BUNDU TUHAN,Ladang,,Sayur-Sayuran,02,012,TOMATO (TANAH TINGGI),F.A.Q,Kilogram,4,4.62,
30726282,2026-07-11,2026-07-13 07:23:24.24485,SABAH,PENAMPANG,LADANG/KEBUN DONGGONGON,Ladang,,Sayur-Sayuran,03,001,BAYAM,F.A.Q,Kilogram,1.8,3.05,
30726283,2026-07-11,2026-07-13 07:23:24.24485,SABAH,PENAMPANG,LADANG/KEBUN DONGGONGON,Ladang,,Sayur-Sayuran,02,002,CILI HIJAU,F.A.Q,Kilogram,5,7.89,
30726284,2026-07-11,2026-07-13 07:23:24.24485,SABAH,PENAMPANG,LADANG/KEBUN DONGGONGON,Ladang,,Sayur-Sayuran,03,009,DAUN BAWANG,F.A.Q,Kilogram,4.5,9.69,
30726285,2026-07-11,2026-07-13 07:23:24.24485,SABAH,PENAMPANG,LADANG/KEBUN DONGGONGON,Ladang,,Sayur-Sayuran,03,015,DAUN SUP (TANAH TINGGI),F.A.Q,Kilogram,6,5.87,
30726286,2026-07-11,2026-07-13 07:23:24.24485,SABAH,PENAMPANG,LADANG/KEBUN DONGGONGON,Ladang,,Sayur-Sayuran,04,002,KACANG BENDI,F.A.Q,Kilogram,2.5,4.27,
30726287,2026-07-11,2026-07-13 07:23:24.24485,SABAH,PENAMPANG,LADANG/KEBUN DONGGONGON,Ladang,,Sayur-Sayuran,04,003,KACANG BUNCIS,F.A.Q,Kilogram,3,7.54,
30726288,2026-07-11,2026-07-13 07:23:24.24485,SABAH,PENAMPANG,LADANG/KEBUN DONGGONGON,Ladang,,Sayur-Sayuran,04,007,KACANG PANJANG HIJAU,F.A.Q,Kilogram,2,3.12,
30726289,2026-07-11,2026-07-13 07:23:24.24485,SABAH,PENAMPANG,LADANG/KEBUN DONGGONGON,Ladang,,Sayur-Sayuran,03,019,KANGKUNG,F.A.Q,Kilogram,1.8,2.32,
30726290,2026-07-11,2026-07-13 07:23:24.24485,SABAH,PENAMPANG,LADANG/KEBUN DONGGONGON,Ladang,,Sayur-Sayuran,03,007,SAWI HIJAU (TANAH RENDAH),F.A.Q,Kilogram,2.6,2.78,
30726291,2026-07-11,2026-07-13 07:23:24.24485,SABAH,PENAMPANG,LADANG/KEBUN DONGGONGON,Ladang,,Sayur-Sayuran,03,007,SAWI HIJAU TANAH TINGGI,F.A.Q,Kilogram,3,2.86,
30726292,2026-07-11,2026-07-13 07:23:24.24485,SABAH,PENAMPANG,LADANG/KEBUN DONGGONGON,Ladang,,Sayur-Sayuran,02,010,TERUNG PANJANG / PEPARU (TANAH RENDAH),F.A.Q,Kilogram,2.3,3.99,
30726293,2026-07-11,2026-07-13 07:23:24.24485,SABAH,PENAMPANG,LADANG/KEBUN DONGGONGON,Ladang,,Sayur-Sayuran,02,011,TIMUN HIJAU,F.A.Q,Kilogram,1.8,1.8,
30726294,2026-07-11,2026-07-13 07:23:24.24485,SABAH,PENAMPANG,LADANG/KEBUN DONGGONGON,Ladang,,Sayur-Sayuran,02,012,TOMATO PLUM (TANAH TINGGI),F.A.Q,Kilogram,2,2,
30726308,2026-07-11,2026-07-13 07:27:38.160776,SABAH,PENAMPANG,PASAR BORONG PENAMPANG,Borong,20,Ternakan,11,001,TELUR AYAM,B,Biji,0.53,0.52,
30726312,2026-07-11,2026-07-13 07:29:03.790516,SABAH,KOTA KINABALU,PASAR AWAM KOTA KINABALU - BAHAGIAN RUNCIT,Runcit,26,Ternakan,03,002,AYAM JAGUNG / KUNING,F.A.Q,Kilogram,16,16,
30726313,2026-07-11,2026-07-13 07:29:03.790516,SABAH,KOTA KINABALU,PASAR AWAM KOTA KINABALU - BAHAGIAN RUNCIT,Runcit,26,Ternakan,03,002,AYAM PROSES SUPER,F.A.Q,Kilogram,12.5,12.25,
30726314,2026-07-11,2026-07-13 07:29:03.790516,SABAH,KOTA KINABALU,PASAR AWAM KOTA KINABALU - BAHAGIAN RUNCIT,Runcit,26,Ternakan,02,003,DAGING LEMBU PEJAL,F.A.Q,Kilogram,30,29,
30726315,2026-07-11,2026-07-13 07:29:03.790516,SABAH,KOTA KINABALU,PASAR AWAM KOTA KINABALU - BAHAGIAN RUNCIT,Runcit,26,Ternakan,11,001,TELUR AYAM,A,Biji,0.56,0.6,
30726316,2026-07-11,2026-07-13 07:29:03.790516,SABAH,KOTA KINABALU,PASAR AWAM KOTA KINABALU - BAHAGIAN RUNCIT,Runcit,26,Ternakan,11,001,TELUR AYAM,B,Biji,0.54,0.55,
30726317,2026-07-11,2026-07-13 07:29:03.790516,SABAH,KOTA KINABALU,PASAR AWAM KOTA KINABALU - BAHAGIAN RUNCIT,Runcit,26,Ternakan,11,001,TELUR AYAM,C,Biji,0.52,0.53,
30726320,2026-07-11,2026-07-13 07:30:02.310967,SABAH,PENAMPANG,PASAR BORONG PENAMPANG,Borong,20,Ternakan,11,001,TELUR AYAM,A,Biji,0.54,0.45,
30726321,2026-07-11,2026-07-13 07:30:02.310967,SABAH,PENAMPANG,PASAR BORONG PENAMPANG,Borong,20,Ternakan,11,001,TELUR AYAM,C,Biji,0.5,0.41,
30726338,2026-07-11,2026-07-13 07:33:12.375541,SABAH,PENAMPANG,PASAR BORONG PENAMPANG,Borong,20,Buah-Buahan,02,005,BETIK SEKAKI,F.A.Q,Kilogram,3.5,3.33,
30726339,2026-07-11,2026-07-13 07:33:12.375541,SABAH,PENAMPANG,PASAR BORONG PENAMPANG,Borong,20,Buah-Buahan,02,023,NANAS JOSAPINE (AC5),F.A.Q,Kilogram,4,4.28,
30726340,2026-07-11,2026-07-13 07:33:12.375541,SABAH,PENAMPANG,PASAR BORONG PENAMPANG,Borong,20,Buah-Buahan,02,028,PISANG BERANGAN,F.A.Q,Kilogram,5,4.5,
30726341,2026-07-11,2026-07-13 07:33:12.375541,SABAH,PENAMPANG,PASAR BORONG PENAMPANG,Borong,20,Buah-Buahan,02,028,PISANG MAS,F.A.Q,Kilogram,3.5,3.81,
30726342,2026-07-11,2026-07-13 07:33:12.375541,SABAH,PENAMPANG,PASAR BORONG PENAMPANG,Borong,20,Buah-Buahan,02,034,TEMBIKAI MERAH TANPA BIJI,F.A.Q,Kilogram,3.5,3.57,
30726346,2026-07-11,2026-07-13 07:35:29.411763,SABAH,PENAMPANG,LADANG/KEBUN DONGGONGON,Ladang,,Buah-Buahan,02,005,BETIK SEKAKI,F.A.Q,Kilogram,1.8,2.34,
30726347,2026-07-11,2026-07-13 07:35:29.411763,SABAH,PENAMPANG,LADANG/KEBUN DONGGONGON,Ladang,,Buah-Buahan,02,023,NANAS JOSAPINE (AC5),F.A.Q,Kilogram,2.5,2.5,
30726348,2026-07-11,2026-07-13 07:35:29.411763,SABAH,PENAMPANG,LADANG/KEBUN DONGGONGON,Ladang,,Buah-Buahan,02,028,PISANG BERANGAN,F.A.Q,Kilogram,2.5,2.72,
30726349,2026-07-11,2026-07-13 07:35:29.411763,SABAH,PENAMPANG,LADANG/KEBUN DONGGONGON,Ladang,,Buah-Buahan,02,028,PISANG MAS,F.A.Q,Kilogram,1.8,2.27,
30726350,2026-07-11,2026-07-13 07:35:29.411763,SABAH,PENAMPANG,LADANG/KEBUN DONGGONGON,Ladang,,Buah-Buahan,02,034,TEMBIKAI MERAH TANPA BIJI,F.A.Q,Kilogram,1.7,2.37,
30727058,2026-07-11,2026-07-13 09:58:29.939828,SELANGOR,KLANG,PASAR BESAR KLANG - BAHAGIAN RUNCIT,Runcit,26,Sayur-Sayuran,03,001,BAYAM,F.A.Q,Kilogram,4,6.02,
30727059,2026-07-11,2026-07-13 09:58:29.939828,SELANGOR,KLANG,PASAR BESAR KLANG - BAHAGIAN RUNCIT,Runcit,26,Sayur-Sayuran,02,002,CILI HIJAU,F.A.Q,Kilogram,10,13.18,
30727060,2026-07-11,2026-07-13 09:58:29.939828,SELANGOR,KLANG,PASAR BESAR KLANG - BAHAGIAN RUNCIT,Runcit,26,Sayur-Sayuran,02,002,CILI MERAH KULAI / KULAI HIBRID,F.A.Q,Kilogram,15,16.01,
30727061,2026-07-11,2026-07-13 09:58:29.939828,SELANGOR,KLANG,PASAR BESAR KLANG - BAHAGIAN RUNCIT,Runcit,26,Sayur-Sayuran,02,002,CILI MERAH MINYAK,F.A.Q,Kilogram,10,13.59,
30727062,2026-07-11,2026-07-13 09:58:29.939828,SELANGOR,KLANG,PASAR BESAR KLANG - BAHAGIAN RUNCIT,Runcit,26,Sayur-Sayuran,03,009,DAUN BAWANG,F.A.Q,Kilogram,6,12.95,
30727063,2026-07-11,2026-07-13 09:58:29.939828,SELANGOR,KLANG,PASAR BESAR KLANG - BAHAGIAN RUNCIT,Runcit,26,Sayur-Sayuran,03,015,DAUN SUP (TANAH TINGGI),F.A.Q,Kilogram,20,13.35,
30727064,2026-07-11,2026-07-13 09:58:29.939828,SELANGOR,KLANG,PASAR BESAR KLANG - BAHAGIAN RUNCIT,Runcit,26,Sayur-Sayuran,04,002,KACANG BENDI,F.A.Q,Kilogram,6,9.12,
30727065,2026-07-11,2026-07-13 09:58:29.939828,SELANGOR,KLANG,PASAR BESAR KLANG - BAHAGIAN RUNCIT,Runcit,26,Sayur-Sayuran,04,003,KACANG BUNCIS,F.A.Q,Kilogram,11,13.06,
30727066,2026-07-11,2026-07-13 09:58:29.939828,SELANGOR,KLANG,PASAR BESAR KLANG - BAHAGIAN RUNCIT,Runcit,26,Sayur-Sayuran,04,007,KACANG PANJANG HIJAU,F.A.Q,Kilogram,7,8.57,
30727067,2026-07-11,2026-07-13 09:58:29.939828,SELANGOR,KLANG,PASAR BESAR KLANG - BAHAGIAN RUNCIT,Runcit,26,Sayur-Sayuran,03,019,KANGKUNG,F.A.Q,Kilogram,3,5.03,
30727068,2026-07-11,2026-07-13 09:58:29.939828,SELANGOR,KLANG,PASAR BESAR KLANG - BAHAGIAN RUNCIT,Runcit,26,Sayur-Sayuran,03,006,KUBIS BULAT (CHINA),F.A.Q,Kilogram,2.5,3.29,
30727069,2026-07-11,2026-07-13 09:58:29.939828,SELANGOR,KLANG,PASAR BESAR KLANG - BAHAGIAN RUNCIT,Runcit,26,Sayur-Sayuran,03,006,KUBIS BULAT (TANAH TINGGI),F.A.Q,Kilogram,3.5,4.94,
30727070,2026-07-11,2026-07-13 09:58:29.939828,SELANGOR,KLANG,PASAR BESAR KLANG - BAHAGIAN RUNCIT,Runcit,26,Sayur-Sayuran,03,007,SAWI HIJAU (TANAH RENDAH),F.A.Q,Kilogram,6,5.99,
30727071,2026-07-11,2026-07-13 09:58:29.939828,SELANGOR,KLANG,PASAR BESAR KLANG - BAHAGIAN RUNCIT,Runcit,26,Sayur-Sayuran,02,010,TERUNG PANJANG / PEPARU (TANAH RENDAH),F.A.Q,Kilogram,8,8.08,
30727072,2026-07-11,2026-07-13 09:58:29.939828,SELANGOR,KLANG,PASAR BESAR KLANG - BAHAGIAN RUNCIT,Runcit,26,Sayur-Sayuran,02,011,TIMUN HIJAU,F.A.Q,Kilogram,2.8,4.27,
30727073,2026-07-11,2026-07-13 09:58:29.939828,SELANGOR,KLANG,PASAR BESAR KLANG - BAHAGIAN RUNCIT,Runcit,26,Sayur-Sayuran,02,012,TOMATO (TANAH TINGGI),F.A.Q,Kilogram,7,5.71,
30728057,2026-07-11,2026-07-13 11:25:05.61062,SABAH,KOTA KINABALU,PASAR AWAM KOTA KINABALU - BAHAGIAN RUNCIT,Runcit,26,Sayur-Sayuran,05,001,BAWANG BESAR KUNING / HOLLAND,F.A.Q,Kilogram,7,7,
30728058,2026-07-11,2026-07-13 11:25:05.61062,SABAH,KOTA KINABALU,PASAR AWAM KOTA KINABALU - BAHAGIAN RUNCIT,Runcit,26,Sayur-Sayuran,05,001,BAWANG BESAR MERAH (CHINA),F.A.Q,Kilogram,6,6,
30728059,2026-07-11,2026-07-13 11:25:05.61062,SABAH,KOTA KINABALU,PASAR AWAM KOTA KINABALU - BAHAGIAN RUNCIT,Runcit,26,Sayur-Sayuran,05,001,BAWANG BESAR MERAH (INDIA),F.A.Q,Kilogram,7,7,
30728060,2026-07-11,2026-07-13 11:25:05.61062,SABAH,KOTA KINABALU,PASAR AWAM KOTA KINABALU - BAHAGIAN RUNCIT,Runcit,26,Sayur-Sayuran,05,001,BAWANG MERAH / KECIL (INDIA),F.A.Q,Kilogram,10,10,
30728061,2026-07-11,2026-07-13 11:25:05.61062,SABAH,KOTA KINABALU,PASAR AWAM KOTA KINABALU - BAHAGIAN RUNCIT,Runcit,26,Sayur-Sayuran,05,001,BAWANG MERAH ROSE,F.A.Q,Kilogram,10,12,
30728062,2026-07-11,2026-07-13 11:25:05.61062,SABAH,KOTA KINABALU,PASAR AWAM KOTA KINABALU - BAHAGIAN RUNCIT,Runcit,26,Sayur-Sayuran,05,001,BAWANG PUTIH (CHINA),F.A.Q,Kilogram,10,9,
30728063,2026-07-11,2026-07-13 11:25:05.61062,SABAH,KOTA KINABALU,PASAR AWAM KOTA KINABALU - BAHAGIAN RUNCIT,Runcit,26,Sayur-Sayuran,03,001,BAYAM,F.A.Q,Kilogram,6,5.5,
30728064,2026-07-11,2026-07-13 11:25:05.61062,SABAH,KOTA KINABALU,PASAR AWAM KOTA KINABALU - BAHAGIAN RUNCIT,Runcit,26,Sayur-Sayuran,02,002,CILI HIJAU,F.A.Q,Kilogram,16,16,
30728065,2026-07-11,2026-07-13 11:25:05.61062,SABAH,KOTA KINABALU,PASAR AWAM KOTA KINABALU - BAHAGIAN RUNCIT,Runcit,26,Sayur-Sayuran,02,002,CILI MERAH KULAI / KULAI HIBRID,F.A.Q,Kilogram,20,20,
30728066,2026-07-11,2026-07-13 11:25:05.61062,SABAH,KOTA KINABALU,PASAR AWAM KOTA KINABALU - BAHAGIAN RUNCIT,Runcit,26,Sayur-Sayuran,02,002,CILI MERAH MINYAK,F.A.Q,Kilogram,18,16.5,
30728067,2026-07-11,2026-07-13 11:25:05.61062,SABAH,KOTA KINABALU,PASAR AWAM KOTA KINABALU - BAHAGIAN RUNCIT,Runcit,26,Sayur-Sayuran,03,009,DAUN BAWANG,F.A.Q,Kilogram,12,12,
30728068,2026-07-11,2026-07-13 11:25:05.61062,SABAH,KOTA KINABALU,PASAR AWAM KOTA KINABALU - BAHAGIAN RUNCIT,Runcit,26,Sayur-Sayuran,03,015,DAUN SUP (TANAH TINGGI),F.A.Q,Kilogram,15,15,
30728069,2026-07-11,2026-07-13 11:25:05.61062,SABAH,KOTA KINABALU,PASAR AWAM KOTA KINABALU - BAHAGIAN RUNCIT,Runcit,26,Sayur-Sayuran,04,002,KACANG BENDI,F.A.Q,Kilogram,8,9.12,
30728070,2026-07-11,2026-07-13 11:25:05.61062,SABAH,KOTA KINABALU,PASAR AWAM KOTA KINABALU - BAHAGIAN RUNCIT,Runcit,26,Sayur-Sayuran,04,003,KACANG BUNCIS,F.A.Q,Kilogram,8,13.06,
30728071,2026-07-11,2026-07-13 11:25:05.61062,SABAH,KOTA KINABALU,PASAR AWAM KOTA KINABALU - BAHAGIAN RUNCIT,Runcit,26,Sayur-Sayuran,04,007,KACANG PANJANG HIJAU,F.A.Q,Kilogram,6,8.57,
30728072,2026-07-11,2026-07-13 11:25:05.61062,SABAH,KOTA KINABALU,PASAR AWAM KOTA KINABALU - BAHAGIAN RUNCIT,Runcit,26,Sayur-Sayuran,03,019,KANGKUNG,F.A.Q,Kilogram,5,5,
30728073,2026-07-11,2026-07-13 11:25:05.61062,SABAH,KOTA KINABALU,PASAR AWAM KOTA KINABALU - BAHAGIAN RUNCIT,Runcit,26,Sayur-Sayuran,03,006,KUBIS BULAT (TANAH TINGGI),F.A.Q,Kilogram,6,5.5,
30728074,2026-07-11,2026-07-13 11:25:05.61062,SABAH,KOTA KINABALU,PASAR AWAM KOTA KINABALU - BAHAGIAN RUNCIT,Runcit,26,Sayur-Sayuran,03,007,SAWI HIJAU (TANAH RENDAH),F.A.Q,Kilogram,6,6,
30728075,2026-07-11,2026-07-13 11:25:05.61062,SABAH,KOTA KINABALU,PASAR AWAM KOTA KINABALU - BAHAGIAN RUNCIT,Runcit,26,Sayur-Sayuran,03,007,SAWI HIJAU TANAH TINGGI,F.A.Q,Kilogram,6,7,
30728076,2026-07-11,2026-07-13 11:25:05.61062,SABAH,KOTA KINABALU,PASAR AWAM KOTA KINABALU - BAHAGIAN RUNCIT,Runcit,26,Sayur-Sayuran,02,010,TERUNG PANJANG / PEPARU (TANAH RENDAH),F.A.Q,Kilogram,7,6,
30728077,2026-07-11,2026-07-13 11:25:05.61062,SABAH,KOTA KINABALU,PASAR AWAM KOTA KINABALU - BAHAGIAN RUNCIT,Runcit,26,Sayur-Sayuran,02,011,TIMUN HIJAU,F.A.Q,Kilogram,3,4,
30728078,2026-07-11,2026-07-13 11:25:05.61062,SABAH,KOTA KINABALU,PASAR AWAM KOTA KINABALU - BAHAGIAN RUNCIT,Runcit,26,Sayur-Sayuran,02,012,TOMATO (TANAH TINGGI),F.A.Q,Kilogram,10,8,
30728079,2026-07-11,2026-07-13 11:25:05.61062,SABAH,KOTA KINABALU,PASAR AWAM KOTA KINABALU - BAHAGIAN RUNCIT,Runcit,26,Sayur-Sayuran,02,012,TOMATO PLUM (TANAH TINGGI),F.A.Q,Kilogram,7,7,
30728080,2026-07-11,2026-07-13 11:25:05.61062,SABAH,KOTA KINABALU,PASAR AWAM KOTA KINABALU - BAHAGIAN RUNCIT,Runcit,26,Sayur-Sayuran,05,009,UBI KENTANG HOLLAND,F.A.Q,Kilogram,5,5,
30728148,2026-07-11,2026-07-13 11:40:02.301927,SABAH,KOTA KINABALU,PASAR AWAM KOTA KINABALU - BAHAGIAN RUNCIT,Runcit,26,Ternakan,03,002,AYAM JAGUNG / KUNING,F.A.Q,Kilogram,16,16,
30728149,2026-07-11,2026-07-13 11:40:02.301927,SABAH,KOTA KINABALU,PASAR AWAM KOTA KINABALU - BAHAGIAN RUNCIT,Runcit,26,Ternakan,03,002,AYAM PROSES SUPER,F.A.Q,Kilogram,12.5,12.25,
30728150,2026-07-11,2026-07-13 11:40:02.301927,SABAH,KOTA KINABALU,PASAR AWAM KOTA KINABALU - BAHAGIAN RUNCIT,Runcit,26,Ternakan,02,003,DAGING LEMBU PEJAL,F.A.Q,Kilogram,28,29,
30728151,2026-07-11,2026-07-13 11:40:02.301927,SABAH,KOTA KINABALU,PASAR AWAM KOTA KINABALU - BAHAGIAN RUNCIT,Runcit,26,Ternakan,11,001,TELUR AYAM,A,Biji,0.6,0.6,
30728152,2026-07-11,2026-07-13 11:40:02.301927,SABAH,KOTA KINABALU,PASAR AWAM KOTA KINABALU - BAHAGIAN RUNCIT,Runcit,26,Ternakan,11,001,TELUR AYAM,B,Biji,0.56,0.55,
30728153,2026-07-11,2026-07-13 11:40:02.301927,SABAH,KOTA KINABALU,PASAR AWAM KOTA KINABALU - BAHAGIAN RUNCIT,Runcit,26,Ternakan,11,001,TELUR AYAM,C,Biji,0.53,0.53,
30728207,2026-07-11,2026-07-13 11:41:52.875524,SABAH,KOTA KINABALU,PASAR AWAM KOTA KINABALU - BAHAGIAN RUNCIT,Runcit,26,Buah-Buahan,02,005,BETIK SEKAKI,F.A.Q,Kilogram,5,5,
30728208,2026-07-11,2026-07-13 11:41:52.875524,SABAH,KOTA KINABALU,PASAR AWAM KOTA KINABALU - BAHAGIAN RUNCIT,Runcit,26,Buah-Buahan,02,005,BETIK SEKAKI,F.A.Q,Kilogram,5,5,
30728209,2026-07-11,2026-07-13 11:41:52.875524,SABAH,KOTA KINABALU,PASAR AWAM KOTA KINABALU - BAHAGIAN RUNCIT,Runcit,26,Buah-Buahan,02,023,NANAS JOSAPINE (AC5),F.A.Q,Kilogram,6,5.75,
30728210,2026-07-11,2026-07-13 11:41:52.875524,SABAH,KOTA KINABALU,PASAR AWAM KOTA KINABALU - BAHAGIAN RUNCIT,Runcit,26,Buah-Buahan,02,023,NANAS JOSAPINE (AC5),F.A.Q,Kilogram,6,5.75,
30728211,2026-07-11,2026-07-13 11:41:52.875524,SABAH,KOTA KINABALU,PASAR AWAM KOTA KINABALU - BAHAGIAN RUNCIT,Runcit,26,Buah-Buahan,02,028,PISANG BERANGAN,F.A.Q,Kilogram,6,6,
30728212,2026-07-11,2026-07-13 11:41:52.875524,SABAH,KOTA KINABALU,PASAR AWAM KOTA KINABALU - BAHAGIAN RUNCIT,Runcit,26,Buah-Buahan,02,028,PISANG BERANGAN,F.A.Q,Kilogram,6.5,6,
30728213,2026-07-11,2026-07-13 11:41:52.875524,SABAH,KOTA KINABALU,PASAR AWAM KOTA KINABALU - BAHAGIAN RUNCIT,Runcit,26,Buah-Buahan,02,028,PISANG MAS,F.A.Q,Kilogram,5,5,
30728214,2026-07-11,2026-07-13 11:41:52.875524,SABAH,KOTA KINABALU,PASAR AWAM KOTA KINABALU - BAHAGIAN RUNCIT,Runcit,26,Buah-Buahan,02,028,PISANG MAS,F.A.Q,Kilogram,5,5,
30728215,2026-07-11,2026-07-13 11:41:52.875524,SABAH,KOTA KINABALU,PASAR AWAM KOTA KINABALU - BAHAGIAN RUNCIT,Runcit,26,Buah-Buahan,02,034,TEMBIKAI MERAH TANPA BIJI,F.A.Q,Kilogram,5,5,
30728216,2026-07-11,2026-07-13 11:41:52.875524,SABAH,KOTA KINABALU,PASAR AWAM KOTA KINABALU - BAHAGIAN RUNCIT,Runcit,26,Buah-Buahan,02,034,TEMBIKAI MERAH TANPA BIJI,F.A.Q,Kilogram,5,5,
30728425,2026-07-11,2026-07-13 12:10:04.096496,KELANTAN,KOTA BHARU,PASAR BESAR SITI KHADIJAH,Runcit,26,Sayur-Sayuran,05,001,BAWANG MERAH / KECIL (INDIA),F.A.Q,Kilogram,3,3.090909,
30728426,2026-07-11,2026-07-13 12:10:04.096496,KELANTAN,KOTA BHARU,PASAR BESAR SITI KHADIJAH,Runcit,26,Sayur-Sayuran,05,001,BAWANG MERAH / KECIL (INDIA),F.A.Q,Kilogram,3,3.090909,
30728427,2026-07-11,2026-07-13 12:10:04.096496,KELANTAN,KOTA BHARU,PASAR BESAR SITI KHADIJAH,Runcit,26,Sayur-Sayuran,05,001,BAWANG MERAH / KECIL (INDIA),F.A.Q,Kilogram,3,3.090909,
30728428,2026-07-11,2026-07-13 12:11:27.282009,KELANTAN,KOTA BHARU,PASAR BESAR SITI KHADIJAH,Runcit,26,Ternakan,11,001,TELUR AYAM,A,Biji,0.45,0.45,
30728429,2026-07-11,2026-07-13 12:11:27.282009,KELANTAN,KOTA BHARU,PASAR BESAR SITI KHADIJAH,Runcit,26,Ternakan,11,001,TELUR AYAM,A,Biji,0.45,0.45,
30728430,2026-07-11,2026-07-13 12:11:27.282009,KELANTAN,KOTA BHARU,PASAR BESAR SITI KHADIJAH,Runcit,26,Ternakan,11,001,TELUR AYAM,A,Biji,0.45,0.45,
30728431,2026-07-11,2026-07-13 12:11:27.282009,KELANTAN,KOTA BHARU,PASAR BESAR SITI KHADIJAH,Runcit,26,Ternakan,11,001,TELUR AYAM,B,Biji,0.4,0.4,
30728432,2026-07-11,2026-07-13 12:11:27.282009,KELANTAN,KOTA BHARU,PASAR BESAR SITI KHADIJAH,Runcit,26,Ternakan,11,001,TELUR AYAM,B,Biji,0.4,0.4,
30728433,2026-07-11,2026-07-13 12:11:27.282009,KELANTAN,KOTA BHARU,PASAR BESAR SITI KHADIJAH,Runcit,26,Ternakan,11,001,TELUR AYAM,B,Biji,0.4,0.4,
30728434,2026-07-11,2026-07-13 12:11:27.282009,KELANTAN,KOTA BHARU,PASAR BESAR SITI KHADIJAH,Runcit,26,Ternakan,11,001,TELUR AYAM,C,Biji,0.38,0.38,
30728435,2026-07-11,2026-07-13 12:11:27.282009,KELANTAN,KOTA BHARU,PASAR BESAR SITI KHADIJAH,Runcit,26,Ternakan,11,001,TELUR AYAM,C,Biji,0.38,0.38,
30728436,2026-07-11,2026-07-13 12:11:27.282009,KELANTAN,KOTA BHARU,PASAR BESAR SITI KHADIJAH,Runcit,26,Ternakan,11,001,TELUR AYAM,C,Biji,0.38,0.38,
30731939,2026-07-11,2026-07-14 10:24:27.912905,JOHOR,TANGKAK,,Ladang,,Sayur-Sayuran,03,001,BAYAM,F.A.Q,Kilogram,2.2,1.65,
30731940,2026-07-11,2026-07-14 10:24:27.912905,JOHOR,TANGKAK,,Ladang,,Buah-Buahan,02,005,BETIK SEKAKI,F.A.Q,Kilogram,2.5,2.5,
30731941,2026-07-11,2026-07-14 10:24:27.912905,JOHOR,TANGKAK,,Ladang,,Sayur-Sayuran,04,002,KACANG BENDI,F.A.Q,Kilogram,5.5,4.27,
30731942,2026-07-11,2026-07-14 10:24:27.912905,JOHOR,TANGKAK,,Ladang,,Sayur-Sayuran,04,007,KACANG PANJANG HIJAU,F.A.Q,Kilogram,5,5,
30731943,2026-07-11,2026-07-14 10:24:27.912905,JOHOR,TANGKAK,,Ladang,,Sayur-Sayuran,03,019,KANGKUNG,F.A.Q,Kilogram,2.2,1.65,
30731944,2026-07-11,2026-07-14 10:24:27.912905,JOHOR,TANGKAK,,Ladang,,Buah-Buahan,02,028,PISANG BERANGAN,F.A.Q,Kilogram,3.5,3.2,
30731945,2026-07-11,2026-07-14 10:24:27.912905,JOHOR,TANGKAK,,Ladang,,Sayur-Sayuran,03,007,SAWI HIJAU (TANAH RENDAH),F.A.Q,Kilogram,2.5,2.78,
30731946,2026-07-11,2026-07-14 10:24:27.912905,JOHOR,TANGKAK,,Ladang,,Sayur-Sayuran,02,011,TIMUN HIJAU,F.A.Q,Kilogram,1.5,1.6,
30732228,2026-07-11,2026-07-14 10:33:46.875257,JOHOR,TANGKAK,PASAR AWAM TANGKAK,Runcit,26,Ternakan,03,002,AYAM PROSES STANDARD,F.A.Q,Kilogram,10,9.75,
30732229,2026-07-11,2026-07-14 10:33:46.875257,JOHOR,TANGKAK,PASAR AWAM TANGKAK,Runcit,26,Ternakan,03,002,AYAM PROSES STANDARD,F.A.Q,Kilogram,10,9.75,
30732230,2026-07-11,2026-07-14 10:33:46.875257,JOHOR,TANGKAK,PASAR AWAM TANGKAK,Runcit,26,Sayur-Sayuran,05,001,BAWANG BESAR KUNING / HOLLAND,F.A.Q,Kilogram,6,6,
30732231,2026-07-11,2026-07-14 10:33:46.875257,JOHOR,TANGKAK,PASAR AWAM TANGKAK,Runcit,26,Sayur-Sayuran,05,001,BAWANG BESAR MERAH (IMPORT),F.A.Q,Kilogram,4.5,4.5,
30732232,2026-07-11,2026-07-14 10:33:46.875257,JOHOR,TANGKAK,PASAR AWAM TANGKAK,Runcit,26,Sayur-Sayuran,05,001,BAWANG BESAR MERAH (INDIA),F.A.Q,Kilogram,4.5,4.5,
30732233,2026-07-11,2026-07-14 10:33:46.875257,JOHOR,TANGKAK,PASAR AWAM TANGKAK,Runcit,26,Sayur-Sayuran,05,001,BAWANG MERAH / KECIL (THAI),F.A.Q,Kilogram,16,16,
30732234,2026-07-11,2026-07-14 10:33:46.875257,JOHOR,TANGKAK,PASAR AWAM TANGKAK,Runcit,26,Sayur-Sayuran,05,001,BAWANG PUTIH (CHINA),F.A.Q,Kilogram,13,13,
30732235,2026-07-11,2026-07-14 10:33:46.875257,JOHOR,TANGKAK,PASAR AWAM TANGKAK,Runcit,26,Sayur-Sayuran,03,001,BAYAM,F.A.Q,Kilogram,5.2,6.02,
30732236,2026-07-11,2026-07-14 10:33:46.875257,JOHOR,TANGKAK,PASAR AWAM TANGKAK,Runcit,26,Sayur-Sayuran,03,001,BAYAM,F.A.Q,Kilogram,5.2,6.02,
30732237,2026-07-11,2026-07-14 10:33:46.875257,JOHOR,TANGKAK,PASAR AWAM TANGKAK,Runcit,26,Sayur-Sayuran,02,002,CILI HIJAU,F.A.Q,Kilogram,10,13.18,
30732238,2026-07-11,2026-07-14 10:33:46.875257,JOHOR,TANGKAK,PASAR AWAM TANGKAK,Runcit,26,Sayur-Sayuran,02,002,CILI HIJAU,F.A.Q,Kilogram,10,13.18,
30732239,2026-07-11,2026-07-14 10:33:46.875257,JOHOR,TANGKAK,PASAR AWAM TANGKAK,Runcit,26,Sayur-Sayuran,02,002,CILI MERAH KULAI / KULAI HIBRID,F.A.Q,Kilogram,16,17.333334,
30732240,2026-07-11,2026-07-14 10:33:46.875257,JOHOR,TANGKAK,PASAR AWAM TANGKAK,Runcit,26,Sayur-Sayuran,02,002,CILI MERAH KULAI / KULAI HIBRID,F.A.Q,Kilogram,16,17.333334,
30732241,2026-07-11,2026-07-14 10:33:46.875257,JOHOR,TANGKAK,PASAR AWAM TANGKAK,Runcit,26,Sayur-Sayuran,03,009,DAUN BAWANG,F.A.Q,Kilogram,9,10,
30732242,2026-07-11,2026-07-14 10:33:46.875257,JOHOR,TANGKAK,PASAR AWAM TANGKAK,Runcit,26,Sayur-Sayuran,03,009,DAUN BAWANG,F.A.Q,Kilogram,10,10,
30732243,2026-07-11,2026-07-14 10:33:46.875257,JOHOR,TANGKAK,PASAR AWAM TANGKAK,Runcit,26,Sayur-Sayuran,03,015,DAUN SUP (TANAH TINGGI),F.A.Q,Kilogram,15,13.35,
30732244,2026-07-11,2026-07-14 10:33:46.875257,JOHOR,TANGKAK,PASAR AWAM TANGKAK,Runcit,26,Sayur-Sayuran,03,015,DAUN SUP (TANAH TINGGI),F.A.Q,Kilogram,15,13.35,
30732245,2026-07-11,2026-07-14 10:33:46.875257,JOHOR,TANGKAK,PASAR AWAM TANGKAK,Runcit,26,Sayur-Sayuran,04,002,KACANG BENDI,F.A.Q,Kilogram,9.5,9.5,
30732246,2026-07-11,2026-07-14 10:33:46.875257,JOHOR,TANGKAK,PASAR AWAM TANGKAK,Runcit,26,Sayur-Sayuran,04,002,KACANG BENDI,F.A.Q,Kilogram,9.5,9.5,
30732247,2026-07-11,2026-07-14 10:33:46.875257,JOHOR,TANGKAK,PASAR AWAM TANGKAK,Runcit,26,Sayur-Sayuran,04,003,KACANG BUNCIS,F.A.Q,Kilogram,15,13.06,
30732248,2026-07-11,2026-07-14 10:33:46.875257,JOHOR,TANGKAK,PASAR AWAM TANGKAK,Runcit,26,Sayur-Sayuran,04,003,KACANG BUNCIS,F.A.Q,Kilogram,15,13.06,
30732249,2026-07-11,2026-07-14 10:33:46.875257,JOHOR,TANGKAK,PASAR AWAM TANGKAK,Runcit,26,Sayur-Sayuran,04,007,KACANG PANJANG HIJAU,F.A.Q,Kilogram,8.5,8.5,
30732250,2026-07-11,2026-07-14 10:33:46.875257,JOHOR,TANGKAK,PASAR AWAM TANGKAK,Runcit,26,Sayur-Sayuran,04,007,KACANG PANJANG HIJAU,F.A.Q,Kilogram,8.5,8.5,
30732251,2026-07-11,2026-07-14 10:33:46.875257,JOHOR,TANGKAK,PASAR AWAM TANGKAK,Runcit,26,Sayur-Sayuran,03,019,KANGKUNG,F.A.Q,Kilogram,5.2,5.03,
30732252,2026-07-11,2026-07-14 10:33:46.875257,JOHOR,TANGKAK,PASAR AWAM TANGKAK,Runcit,26,Sayur-Sayuran,03,019,KANGKUNG,F.A.Q,Kilogram,5.2,5.03,
30732253,2026-07-11,2026-07-14 10:33:46.875257,JOHOR,TANGKAK,PASAR AWAM TANGKAK,Runcit,26,Sayur-Sayuran,03,006,KUBIS BULAT (CHINA),F.A.Q,Kilogram,5,5,
30732254,2026-07-11,2026-07-14 10:33:46.875257,JOHOR,TANGKAK,PASAR AWAM TANGKAK,Runcit,26,Sayur-Sayuran,03,006,KUBIS BULAT (CHINA),F.A.Q,Kilogram,5,5,
30732255,2026-07-11,2026-07-14 10:33:46.875257,JOHOR,TANGKAK,PASAR AWAM TANGKAK,Runcit,26,Sayur-Sayuran,03,006,KUBIS BULAT (TANAH TINGGI),F.A.Q,Kilogram,7,7,
30732256,2026-07-11,2026-07-14 10:33:46.875257,JOHOR,TANGKAK,PASAR AWAM TANGKAK,Runcit,26,Sayur-Sayuran,03,006,KUBIS BULAT (TANAH TINGGI),F.A.Q,Kilogram,7,7,
30732257,2026-07-11,2026-07-14 10:33:46.875257,JOHOR,TANGKAK,PASAR AWAM TANGKAK,Runcit,26,Sayur-Sayuran,03,007,SAWI HIJAU (TANAH RENDAH),F.A.Q,Kilogram,5.5,5.99,
30732258,2026-07-11,2026-07-14 10:33:46.875257,JOHOR,TANGKAK,PASAR AWAM TANGKAK,Runcit,26,Sayur-Sayuran,03,007,SAWI HIJAU (TANAH RENDAH),F.A.Q,Kilogram,5.5,5.99,
30732259,2026-07-11,2026-07-14 10:33:46.875257,JOHOR,TANGKAK,PASAR AWAM TANGKAK,Runcit,26,Ternakan,11,001,TELUR AYAM,B,Biji,0.42,0.42,
30732260,2026-07-11,2026-07-14 10:33:46.875257,JOHOR,TANGKAK,PASAR AWAM TANGKAK,Runcit,26,Sayur-Sayuran,02,010,TERUNG PANJANG / PEPARU (TANAH RENDAH),F.A.Q,Kilogram,10,10,
30732261,2026-07-11,2026-07-14 10:33:46.875257,JOHOR,TANGKAK,PASAR AWAM TANGKAK,Runcit,26,Sayur-Sayuran,02,010,TERUNG PANJANG / PEPARU (TANAH RENDAH),F.A.Q,Kilogram,10,10,
30732262,2026-07-11,2026-07-14 10:33:46.875257,JOHOR,TANGKAK,PASAR AWAM TANGKAK,Runcit,26,Sayur-Sayuran,02,011,TIMUN HIJAU,F.A.Q,Kilogram,4.5,4.6,
30732263,2026-07-11,2026-07-14 10:33:46.875257,JOHOR,TANGKAK,PASAR AWAM TANGKAK,Runcit,26,Sayur-Sayuran,02,011,TIMUN HIJAU,F.A.Q,Kilogram,4.5,4.6,
30732264,2026-07-11,2026-07-14 10:33:46.875257,JOHOR,TANGKAK,PASAR AWAM TANGKAK,Runcit,26,Sayur-Sayuran,02,012,TOMATO (TANAH TINGGI),F.A.Q,Kilogram,7.5,5.71,
30732265,2026-07-11,2026-07-14 10:33:46.875257,JOHOR,TANGKAK,PASAR AWAM TANGKAK,Runcit,26,Sayur-Sayuran,02,012,TOMATO (TANAH TINGGI),F.A.Q,Kilogram,7.5,5.71,
30732266,2026-07-11,2026-07-14 10:33:46.875257,JOHOR,TANGKAK,PASAR AWAM TANGKAK,Runcit,26,Sayur-Sayuran,05,009,UBI KENTANG HOLLAND,F.A.Q,Kilogram,5,5,
30733875,2026-07-11,2026-07-14 11:52:57.670997,PAHANG,CAMERON HIGHLANDS,LADANG/KEBUN BLUE VALLEY,Ladang,,Sayur-Sayuran,02,002,CILI MERAH MINYAK,F.A.Q,Kilogram,6.5,6.633333,
30733876,2026-07-11,2026-07-14 11:52:57.670997,PAHANG,CAMERON HIGHLANDS,LADANG/KEBUN BLUE VALLEY,Ladang,,Sayur-Sayuran,03,009,DAUN BAWANG,F.A.Q,Kilogram,1.2,1.1666666,
30733877,2026-07-11,2026-07-14 11:52:57.670997,PAHANG,CAMERON HIGHLANDS,LADANG/KEBUN BLUE VALLEY,Ladang,,Sayur-Sayuran,03,015,DAUN SUP (TANAH TINGGI),F.A.Q,Kilogram,10.5,14.444445,
30733878,2026-07-11,2026-07-14 11:52:57.670997,PAHANG,CAMERON HIGHLANDS,LADANG/KEBUN BLUE VALLEY,Ladang,,Sayur-Sayuran,04,003,KACANG BUNCIS,F.A.Q,Kilogram,6.5,7.7555556,
30733879,2026-07-11,2026-07-14 11:52:57.670997,PAHANG,CAMERON HIGHLANDS,LADANG/KEBUN BLUE VALLEY,Ladang,,Sayur-Sayuran,03,006,KUBIS BULAT (TANAH TINGGI),F.A.Q,Kilogram,1.6,2.34,
30733880,2026-07-11,2026-07-14 11:52:57.670997,PAHANG,CAMERON HIGHLANDS,LADANG/KEBUN BLUE VALLEY,Ladang,,Sayur-Sayuran,03,007,SAWI HIJAU TANAH TINGGI,F.A.Q,Kilogram,2.3,2.3666666,
30733881,2026-07-11,2026-07-14 11:52:57.670997,PAHANG,CAMERON HIGHLANDS,LADANG/KEBUN BLUE VALLEY,Ladang,,Sayur-Sayuran,02,010,TERUNG PEPARU PANJANG TANAH TINGGI,F.A.Q,Kilogram,4.5,2.9833333,
30733882,2026-07-11,2026-07-14 11:52:57.670997,PAHANG,CAMERON HIGHLANDS,LADANG/KEBUN BLUE VALLEY,Ladang,,Sayur-Sayuran,02,012,TOMATO (TANAH TINGGI),F.A.Q,Kilogram,6,6.1466665,
30733956,2026-07-11,2026-07-14 11:58:15.475381,PAHANG,CAMERON HIGHLANDS,LADANG/KEBUN BLUE VALLEY,Ladang,,Sayur-Sayuran,03,005,KUBIS PANJANG / CINA,F.A.Q,Kilogram,1.8,2.0333333,
30733957,2026-07-11,2026-07-14 11:58:15.475381,PAHANG,CAMERON HIGHLANDS,LADANG/KEBUN BLUE VALLEY,Ladang,,Sayur-Sayuran,02,003,LADA BENGGALA / CAPSICUM HIJAU,F.A.Q,Kilogram,3.8,3.9,
30733958,2026-07-11,2026-07-14 11:58:15.475381,PAHANG,CAMERON HIGHLANDS,LADANG/KEBUN BLUE VALLEY,Ladang,,Sayur-Sayuran,02,003,LADA BENGGALA / CAPSICUM KUNING,F.A.Q,Kilogram,8,7.4666667,
30733959,2026-07-11,2026-07-14 11:58:15.475381,PAHANG,CAMERON HIGHLANDS,LADANG/KEBUN BLUE VALLEY,Ladang,,Sayur-Sayuran,02,003,LADA BENGGALA / CAPSICUM MERAH,F.A.Q,Kilogram,3,3.6,
30733960,2026-07-11,2026-07-14 11:58:15.475381,PAHANG,CAMERON HIGHLANDS,LADANG/KEBUN BLUE VALLEY,Ladang,,Sayur-Sayuran,01,003,LIK,F.A.Q,Kilogram,5,5.1833334,
30733961,2026-07-11,2026-07-14 11:58:15.475381,PAHANG,CAMERON HIGHLANDS,LADANG/KEBUN BLUE VALLEY,Ladang,,Sayur-Sayuran,05,006,LOBAK PUTIH TANAH TINGGI,F.A.Q,Kilogram,1.5,1.4333333,
30733962,2026-07-11,2026-07-14 11:58:15.475381,PAHANG,CAMERON HIGHLANDS,LADANG/KEBUN BLUE VALLEY,Ladang,,Sayur-Sayuran,03,027,SALAD BULAT TANAH TINGGI,F.A.Q,Kilogram,7,4.175,
30733963,2026-07-11,2026-07-14 11:58:15.475381,PAHANG,CAMERON HIGHLANDS,LADANG/KEBUN BLUE VALLEY,Ladang,,Sayur-Sayuran,03,007,SAWI BUNGA,F.A.Q,Kilogram,5.5,5.25,
30733964,2026-07-11,2026-07-14 11:58:15.475381,PAHANG,CAMERON HIGHLANDS,LADANG/KEBUN BLUE VALLEY,Ladang,,Sayur-Sayuran,03,007,SAWI JEPUN,F.A.Q,Kilogram,3,2.55,
30733965,2026-07-11,2026-07-14 11:58:15.475381,PAHANG,CAMERON HIGHLANDS,LADANG/KEBUN BLUE VALLEY,Ladang,,Sayur-Sayuran,03,007,SAWI PAHIT,F.A.Q,Kilogram,2,1.65,
30733966,2026-07-11,2026-07-14 11:58:15.475381,PAHANG,CAMERON HIGHLANDS,LADANG/KEBUN BLUE VALLEY,Ladang,,Sayur-Sayuran,03,007,SAWI PUTIH PAK CHOY,F.A.Q,Kilogram,3,2.45,
30733967,2026-07-11,2026-07-14 11:58:15.475381,PAHANG,CAMERON HIGHLANDS,LADANG/KEBUN BLUE VALLEY,Ladang,,Sayur-Sayuran,03,033,SELADA AIR/WATER CRESS,F.A.Q,Kilogram,4,3.95,
30733968,2026-07-11,2026-07-14 11:58:15.475381,PAHANG,CAMERON HIGHLANDS,LADANG/KEBUN BLUE VALLEY,Ladang,,Sayur-Sayuran,02,011,TIMUN JEPUN,F.A.Q,Kilogram,2.5,1.9,
30737642,2026-07-11,2026-07-15 14:00:48.3862,JOHOR,KULAI,PASAR AWAM KULAI,Runcit,26,Sayur-Sayuran,05,001,BAWANG BESAR KUNING / HOLLAND,F.A.Q,Kilogram,4,4,
30737643,2026-07-11,2026-07-15 14:00:48.3862,JOHOR,KULAI,PASAR AWAM KULAI,Runcit,26,Sayur-Sayuran,05,001,BAWANG BESAR KUNING / HOLLAND,F.A.Q,Kilogram,4,4,
30737644,2026-07-11,2026-07-15 14:00:48.3862,JOHOR,KULAI,PASAR AWAM KULAI,Runcit,26,Sayur-Sayuran,05,001,BAWANG BESAR MERAH (INDIA),F.A.Q,Kilogram,4,4,
30737645,2026-07-11,2026-07-15 14:00:48.3862,JOHOR,KULAI,PASAR AWAM KULAI,Runcit,26,Sayur-Sayuran,05,001,BAWANG BESAR MERAH (INDIA),F.A.Q,Kilogram,4,4,
30737646,2026-07-11,2026-07-15 14:00:48.3862,JOHOR,KULAI,PASAR AWAM KULAI,Runcit,26,Sayur-Sayuran,05,001,BAWANG MERAH / KECIL (THAI),F.A.Q,Kilogram,15,13.3,
30737647,2026-07-11,2026-07-15 14:00:48.3862,JOHOR,KULAI,PASAR AWAM KULAI,Runcit,26,Sayur-Sayuran,05,001,BAWANG MERAH / KECIL (THAI),F.A.Q,Kilogram,12,13.3,
30737648,2026-07-11,2026-07-15 14:00:48.3862,JOHOR,KULAI,PASAR AWAM KULAI,Runcit,26,Sayur-Sayuran,05,001,BAWANG MERAH ROSE,F.A.Q,Kilogram,5,5.5,
30737649,2026-07-11,2026-07-15 14:00:48.3862,JOHOR,KULAI,PASAR AWAM KULAI,Runcit,26,Sayur-Sayuran,05,001,BAWANG MERAH ROSE,F.A.Q,Kilogram,6,5.5,
30737650,2026-07-11,2026-07-15 14:00:48.3862,JOHOR,KULAI,PASAR AWAM KULAI,Runcit,26,Sayur-Sayuran,05,001,BAWANG PUTIH (CHINA),F.A.Q,Kilogram,12,11.6,
30737651,2026-07-11,2026-07-15 14:00:48.3862,JOHOR,KULAI,PASAR AWAM KULAI,Runcit,26,Sayur-Sayuran,05,001,BAWANG PUTIH (CHINA),F.A.Q,Kilogram,12,11.6,
30737652,2026-07-11,2026-07-15 14:00:48.3862,JOHOR,KULAI,PASAR AWAM KULAI,Runcit,26,Sayur-Sayuran,03,001,BAYAM,F.A.Q,Kilogram,6,6,
30737653,2026-07-11,2026-07-15 14:00:48.3862,JOHOR,KULAI,PASAR AWAM KULAI,Runcit,26,Sayur-Sayuran,02,002,CILI HIJAU,F.A.Q,Kilogram,11,11.4,
30737654,2026-07-11,2026-07-15 14:00:48.3862,JOHOR,KULAI,PASAR AWAM KULAI,Runcit,26,Sayur-Sayuran,02,002,CILI MERAH KULAI / KULAI HIBRID,F.A.Q,Kilogram,11,11.4,
30737655,2026-07-11,2026-07-15 14:00:48.3862,JOHOR,KULAI,PASAR AWAM KULAI,Runcit,26,Sayur-Sayuran,03,009,DAUN BAWANG,F.A.Q,Kilogram,7,7,
30737656,2026-07-11,2026-07-15 14:00:48.3862,JOHOR,KULAI,PASAR AWAM KULAI,Runcit,26,Sayur-Sayuran,03,015,DAUN SUP (TANAH TINGGI),F.A.Q,Kilogram,19,18.4,
30737657,2026-07-11,2026-07-15 14:00:48.3862,JOHOR,KULAI,PASAR AWAM KULAI,Runcit,26,Sayur-Sayuran,04,002,KACANG BENDI,F.A.Q,Kilogram,8,8,
30737658,2026-07-11,2026-07-15 14:00:48.3862,JOHOR,KULAI,PASAR AWAM KULAI,Runcit,26,Sayur-Sayuran,04,003,KACANG BUNCIS,F.A.Q,Kilogram,15,13.2,
30737659,2026-07-11,2026-07-15 14:00:48.3862,JOHOR,KULAI,PASAR AWAM KULAI,Runcit,26,Sayur-Sayuran,04,007,KACANG PANJANG HIJAU,F.A.Q,Kilogram,11,10.4,
30737660,2026-07-11,2026-07-15 14:00:48.3862,JOHOR,KULAI,PASAR AWAM KULAI,Runcit,26,Sayur-Sayuran,03,019,KANGKUNG,F.A.Q,Kilogram,6,5.9,
30737661,2026-07-11,2026-07-15 14:00:48.3862,JOHOR,KULAI,PASAR AWAM KULAI,Runcit,26,Sayur-Sayuran,03,006,KUBIS BULAT (CHINA),F.A.Q,Kilogram,3,3,
30737662,2026-07-11,2026-07-15 14:00:48.3862,JOHOR,KULAI,PASAR AWAM KULAI,Runcit,26,Sayur-Sayuran,03,006,KUBIS BULAT (TANAH TINGGI),F.A.Q,Kilogram,7,7.6,
30737663,2026-07-11,2026-07-15 14:00:48.3862,JOHOR,KULAI,PASAR AWAM KULAI,Runcit,26,Sayur-Sayuran,03,007,SAWI HIJAU TANAH TINGGI,F.A.Q,Kilogram,7,7,
30737664,2026-07-11,2026-07-15 14:00:48.3862,JOHOR,KULAI,PASAR AWAM KULAI,Runcit,26,Sayur-Sayuran,02,010,TERUNG PANJANG / PEPARU (TANAH RENDAH),F.A.Q,Kilogram,7,6.6,
30737665,2026-07-11,2026-07-15 14:00:48.3862,JOHOR,KULAI,PASAR AWAM KULAI,Runcit,26,Sayur-Sayuran,02,011,TIMUN HIJAU,F.A.Q,Kilogram,4,4.3,
30737666,2026-07-11,2026-07-15 14:00:48.3862,JOHOR,KULAI,PASAR AWAM KULAI,Runcit,26,Sayur-Sayuran,02,012,TOMATO (TANAH TINGGI),F.A.Q,Kilogram,7.5,9.3,
30737667,2026-07-11,2026-07-15 14:00:48.3862,JOHOR,KULAI,PASAR AWAM KULAI,Runcit,26,Sayur-Sayuran,05,009,UBI KENTANG (IMPORT),F.A.Q,Kilogram,4,4,
30737668,2026-07-11,2026-07-15 14:00:48.3862,JOHOR,KULAI,PASAR AWAM KULAI,Runcit,26,Sayur-Sayuran,05,009,UBI KENTANG (IMPORT),F.A.Q,Kilogram,4,4,
30737669,2026-07-11,2026-07-15 14:01:51.792204,JOHOR,KULAI,PASAR AWAM KULAI,Runcit,26,Ternakan,03,002,AYAM PROSES STANDARD,F.A.Q,Kilogram,10.5,10.5,
30737670,2026-07-11,2026-07-15 14:01:51.792204,JOHOR,KULAI,PASAR AWAM KULAI,Runcit,26,Ternakan,11,001,TELUR AYAM,A,Biji,0.46,0.452,
30737671,2026-07-11,2026-07-15 14:01:51.792204,JOHOR,KULAI,PASAR AWAM KULAI,Runcit,26,Ternakan,11,001,TELUR AYAM,B,Biji,0.41,0.398,
30737672,2026-07-11,2026-07-15 14:01:51.792204,JOHOR,KULAI,PASAR AWAM KULAI,Runcit,26,Ternakan,11,001,TELUR AYAM,C,Biji,0.33,0.33,
30737673,2026-07-11,2026-07-15 14:02:22.206724,JOHOR,KULAI,[PUSAT KUTIPAN HARGA BORONG] SENAI,Borong,20,Ternakan,03,002,AYAM PROSES STANDARD,F.A.Q,Kilogram,8.2,8.5,
30738344,2026-07-11,2026-07-15 15:54:14.433053,JOHOR,KULAI,[PUSAT KUTIPAN HARGA BORONG] SENAI,Borong,20,Sayur-Sayuran,03,001,BAYAM,F.A.Q,Kilogram,4,4,
30738345,2026-07-11,2026-07-15 15:54:14.433053,JOHOR,KULAI,[PUSAT KUTIPAN HARGA BORONG] SENAI,Borong,20,Sayur-Sayuran,02,002,CILI HIJAU,F.A.Q,Kilogram,9,9.4,
30738346,2026-07-11,2026-07-15 15:54:14.433053,JOHOR,KULAI,[PUSAT KUTIPAN HARGA BORONG] SENAI,Borong,20,Sayur-Sayuran,03,009,DAUN BAWANG,F.A.Q,Kilogram,5,5,
30738347,2026-07-11,2026-07-15 15:54:14.433053,JOHOR,KULAI,[PUSAT KUTIPAN HARGA BORONG] SENAI,Borong,20,Sayur-Sayuran,03,015,DAUN SUP (TANAH TINGGI),F.A.Q,Kilogram,17,16.4,
30738348,2026-07-11,2026-07-15 15:54:14.433053,JOHOR,KULAI,[PUSAT KUTIPAN HARGA BORONG] SENAI,Borong,20,Sayur-Sayuran,04,002,KACANG BENDI,F.A.Q,Kilogram,6,6,
30738349,2026-07-11,2026-07-15 15:54:14.433053,JOHOR,KULAI,[PUSAT KUTIPAN HARGA BORONG] SENAI,Borong,20,Sayur-Sayuran,04,003,KACANG BUNCIS,F.A.Q,Kilogram,13,11.2,
30738350,2026-07-11,2026-07-15 15:54:14.433053,JOHOR,KULAI,[PUSAT KUTIPAN HARGA BORONG] SENAI,Borong,20,Sayur-Sayuran,04,007,KACANG PANJANG HIJAU,F.A.Q,Kilogram,9,8.4,
30738351,2026-07-11,2026-07-15 15:54:14.433053,JOHOR,KULAI,[PUSAT KUTIPAN HARGA BORONG] SENAI,Borong,20,Sayur-Sayuran,03,019,KANGKUNG,F.A.Q,Kilogram,4,3.9,
30738352,2026-07-11,2026-07-15 15:54:14.433053,JOHOR,KULAI,[PUSAT KUTIPAN HARGA BORONG] SENAI,Borong,20,Sayur-Sayuran,03,006,KUBIS BULAT (CHINA),F.A.Q,Kilogram,2,2,
30738353,2026-07-11,2026-07-15 15:54:14.433053,JOHOR,KULAI,[PUSAT KUTIPAN HARGA BORONG] SENAI,Borong,20,Sayur-Sayuran,03,006,KUBIS BULAT (TANAH TINGGI),F.A.Q,Kilogram,5,6.2,
30738354,2026-07-11,2026-07-15 15:54:14.433053,JOHOR,KULAI,[PUSAT KUTIPAN HARGA BORONG] SENAI,Borong,20,Sayur-Sayuran,03,007,SAWI HIJAU TANAH TINGGI,F.A.Q,Kilogram,5,5,
30738355,2026-07-11,2026-07-15 15:54:14.433053,JOHOR,KULAI,[PUSAT KUTIPAN HARGA BORONG] SENAI,Borong,20,Sayur-Sayuran,02,010,TERUNG PANJANG / PEPARU (TANAH RENDAH),F.A.Q,Kilogram,5,4.6,
30738356,2026-07-11,2026-07-15 15:54:14.433053,JOHOR,KULAI,[PUSAT KUTIPAN HARGA BORONG] SENAI,Borong,20,Sayur-Sayuran,02,011,TIMUN HIJAU,F.A.Q,Kilogram,2,2.18,
30738357,2026-07-11,2026-07-15 15:54:14.433053,JOHOR,KULAI,[PUSAT KUTIPAN HARGA BORONG] SENAI,Borong,20,Sayur-Sayuran,02,012,TOMATO (TANAH TINGGI),F.A.Q,Kilogram,5.5,7.3,
30738358,2026-07-11,2026-07-15 15:54:14.433053,JOHOR,KULAI,[PUSAT KUTIPAN HARGA BORONG] SENAI,Borong,20,Sayur-Sayuran,05,009,UBI KENTANG (IMPORT),F.A.Q,Kilogram,2.5,2.5,
30779098,2026-07-11,2026-07-27 10:26:05.407743,SABAH,RANAU,LADANG/KEBUN KUNDASANG,Ladang,,Sayur-Sayuran,03,001,BAYAM,F.A.Q,Kilogram,3,3.05,
30779099,2026-07-11,2026-07-27 10:26:05.407743,SABAH,RANAU,LADANG/KEBUN KUNDASANG,Ladang,,Sayur-Sayuran,02,002,CILI HIJAU,F.A.Q,Kilogram,8,7.89,
30779100,2026-07-11,2026-07-27 10:26:05.407743,SABAH,RANAU,LADANG/KEBUN KUNDASANG,Ladang,,Sayur-Sayuran,02,002,CILI MERAH KULAI / KULAI HIBRID,F.A.Q,Kilogram,12,10.49,
30779101,2026-07-11,2026-07-27 10:26:05.407743,SABAH,RANAU,LADANG/KEBUN KUNDASANG,Ladang,,Sayur-Sayuran,02,002,CILI MERAH MINYAK,F.A.Q,Kilogram,9,7,
30779102,2026-07-11,2026-07-27 10:26:05.407743,SABAH,RANAU,LADANG/KEBUN KUNDASANG,Ladang,,Sayur-Sayuran,03,009,DAUN BAWANG,F.A.Q,Kilogram,6,9.69,
30779103,2026-07-11,2026-07-27 10:26:05.407743,SABAH,RANAU,LADANG/KEBUN KUNDASANG,Ladang,,Sayur-Sayuran,03,015,DAUN SUP (TANAH TINGGI),F.A.Q,Kilogram,8,5.87,
30779104,2026-07-11,2026-07-27 10:26:05.407743,SABAH,RANAU,LADANG/KEBUN KUNDASANG,Ladang,,Sayur-Sayuran,04,002,KACANG BENDI,F.A.Q,Kilogram,3,4.27,
30779105,2026-07-11,2026-07-27 10:26:05.407743,SABAH,RANAU,LADANG/KEBUN KUNDASANG,Ladang,,Sayur-Sayuran,04,003,KACANG BUNCIS,F.A.Q,Kilogram,3,7.54,
30779106,2026-07-11,2026-07-27 10:26:05.407743,SABAH,RANAU,LADANG/KEBUN KUNDASANG,Ladang,,Sayur-Sayuran,04,007,KACANG PANJANG HIJAU,F.A.Q,Kilogram,3,3.12,
30779107,2026-07-11,2026-07-27 10:26:05.407743,SABAH,RANAU,LADANG/KEBUN KUNDASANG,Ladang,,Sayur-Sayuran,03,019,KANGKUNG,F.A.Q,Kilogram,1,2.32,
30779108,2026-07-11,2026-07-27 10:26:05.407743,SABAH,RANAU,LADANG/KEBUN KUNDASANG,Ladang,,Sayur-Sayuran,03,006,KUBIS BULAT (TANAH TINGGI),F.A.Q,Kilogram,1.2,1.81,
30779109,2026-07-11,2026-07-27 10:26:05.407743,SABAH,RANAU,LADANG/KEBUN KUNDASANG,Ladang,,Sayur-Sayuran,03,007,SAWI HIJAU (TANAH RENDAH),F.A.Q,Kilogram,2,2.78,
30779110,2026-07-11,2026-07-27 10:26:05.407743,SABAH,RANAU,LADANG/KEBUN KUNDASANG,Ladang,,Sayur-Sayuran,03,007,SAWI HIJAU TANAH TINGGI,F.A.Q,Kilogram,2,2.86,
30779111,2026-07-11,2026-07-27 10:26:05.407743,SABAH,RANAU,LADANG/KEBUN KUNDASANG,Ladang,,Sayur-Sayuran,02,010,TERUNG PANJANG / PEPARU (TANAH RENDAH),F.A.Q,Kilogram,2,3.99,
30779112,2026-07-11,2026-07-27 10:26:05.407743,SABAH,RANAU,LADANG/KEBUN KUNDASANG,Ladang,,Sayur-Sayuran,02,011,TIMUN HIJAU,F.A.Q,Kilogram,1,1.86,
30779113,2026-07-11,2026-07-27 10:26:05.407743,SABAH,RANAU,LADANG/KEBUN KUNDASANG,Ladang,,Sayur-Sayuran,02,012,TOMATO (TANAH TINGGI),F.A.Q,Kilogram,4,4.62,
30779114,2026-07-11,2026-07-27 10:26:05.407743,SABAH,RANAU,LADANG/KEBUN KUNDASANG,Ladang,,Sayur-Sayuran,02,012,TOMATO PLUM (TANAH TINGGI),F.A.Q,Kilogram,2,2,
30779438,2026-07-11,2026-07-27 10:48:38.021852,SABAH,PAPAR,[LOKASI KUTIPAN HARGA LADANG] KINARUT,Ladang,,Ternakan,01,003,AYAM HIDUP,F.A.Q,Kilogram,6.8,6.51,
30779439,2026-07-11,2026-07-27 10:48:38.021852,SABAH,PAPAR,[LOKASI KUTIPAN HARGA LADANG] KINARUT,Ladang,,Ternakan,11,001,TELUR AYAM,A,Biji,0.46,0.41,
30779440,2026-07-11,2026-07-27 10:48:38.021852,SABAH,PAPAR,[LOKASI KUTIPAN HARGA LADANG] KINARUT,Ladang,,Ternakan,11,001,TELUR AYAM,C,Biji,0.4,0.37,
30779441,2026-07-11,2026-07-27 10:48:38.021852,SABAH,PAPAR,[LOKASI KUTIPAN HARGA LADANG] KINARUT,Ladang,,Ternakan,11,001,TELUR AYAM,B,Biji,0.43,0.39,
30779473,2026-07-11,2026-07-27 10:51:35.470159,SABAH,TUARAN,[LOKASI KUTIPAN HARGA LADANG] TAMPARULI,Ladang,,Buah-Buahan,02,005,BETIK SEKAKI,F.A.Q,Kilogram,2.5,2.34,
30779474,2026-07-11,2026-07-27 10:51:35.470159,SABAH,TUARAN,[LOKASI KUTIPAN HARGA LADANG] TAMPARULI,Ladang,,Buah-Buahan,02,023,NANAS JOSAPINE (AC5),F.A.Q,Kilogram,2.5,2.41,
30779475,2026-07-11,2026-07-27 10:51:35.470159,SABAH,TUARAN,[LOKASI KUTIPAN HARGA LADANG] TAMPARULI,Ladang,,Buah-Buahan,02,028,PISANG BERANGAN,F.A.Q,Kilogram,3,2.72,
30779476,2026-07-11,2026-07-27 10:51:35.470159,SABAH,TUARAN,[LOKASI KUTIPAN HARGA LADANG] TAMPARULI,Ladang,,Buah-Buahan,02,028,PISANG MAS,F.A.Q,Kilogram,2.5,2.27,
30779477,2026-07-11,2026-07-27 10:51:35.470159,SABAH,TUARAN,[LOKASI KUTIPAN HARGA LADANG] TAMPARULI,Ladang,,Buah-Buahan,02,034,TEMBIKAI MERAH TANPA BIJI,F.A.Q,Kilogram,2.5,2.37,
30779811,2026-07-11,2026-07-27 11:11:35.350251,SABAH,PENAMPANG,PASAR BORONG PENAMPANG,Borong,20,Buah-Buahan,02,005,BETIK SEKAKI,F.A.Q,Kilogram,3,3.33,
30779812,2026-07-11,2026-07-27 11:11:35.350251,SABAH,PENAMPANG,PASAR BORONG PENAMPANG,Borong,20,Buah-Buahan,02,023,NANAS JOSAPINE (AC5),F.A.Q,Kilogram,4,4.28,
30779813,2026-07-11,2026-07-27 11:11:35.350251,SABAH,PENAMPANG,PASAR BORONG PENAMPANG,Borong,20,Buah-Buahan,02,028,PISANG BERANGAN,F.A.Q,Kilogram,4,4.5,
30779814,2026-07-11,2026-07-27 11:11:35.350251,SABAH,PENAMPANG,PASAR BORONG PENAMPANG,Borong,20,Buah-Buahan,02,028,PISANG MAS,F.A.Q,Kilogram,3.5,3.81,
30779815,2026-07-11,2026-07-27 11:11:35.350251,SABAH,PENAMPANG,PASAR BORONG PENAMPANG,Borong,20,Buah-Buahan,02,034,TEMBIKAI MERAH TANPA BIJI,F.A.Q,Kilogram,3.2,3.57,
30779860,2026-07-11,2026-07-27 11:15:45.611264,PULAU PINANG,SEBERANG PERAI UTARA,,Ladang,27,Sayur-Sayuran,03,001,BAYAM,F.A.Q,Kilogram,2.5,2.38,
30779861,2026-07-11,2026-07-27 11:15:45.611264,PULAU PINANG,SEBERANG PERAI UTARA,,Ladang,27,Sayur-Sayuran,02,002,CILI MERAH KULAI / KULAI HIBRID,F.A.Q,Kilogram,10,9.6,
30779862,2026-07-11,2026-07-27 11:15:45.611264,PULAU PINANG,SEBERANG PERAI UTARA,,Ladang,27,Sayur-Sayuran,04,002,KACANG BENDI,F.A.Q,Kilogram,2.9,4.27,
30779863,2026-07-11,2026-07-27 11:15:45.611264,PULAU PINANG,SEBERANG PERAI UTARA,,Ladang,27,Sayur-Sayuran,04,007,KACANG PANJANG HIJAU,F.A.Q,Kilogram,3.5,4.06,
30779864,2026-07-11,2026-07-27 11:15:45.611264,PULAU PINANG,SEBERANG PERAI UTARA,,Ladang,27,Sayur-Sayuran,03,019,KANGKUNG,F.A.Q,Kilogram,2.2,2.05,
30779865,2026-07-11,2026-07-27 11:15:45.611264,PULAU PINANG,SEBERANG PERAI UTARA,,Ladang,27,Sayur-Sayuran,03,007,SAWI HIJAU (TANAH RENDAH),F.A.Q,Kilogram,1.95,2.78,
30779866,2026-07-11,2026-07-27 11:15:45.611264,PULAU PINANG,SEBERANG PERAI UTARA,,Ladang,27,Sayur-Sayuran,02,011,TIMUN HIJAU,F.A.Q,Kilogram,1.2,1.65,
