priceid,tarikh_harga,systemdate,negeri,daerah,lokasi,peringkat,sublevel,kategori,kumpulan,jenis,varieti,gred,unit,harga,average14,supply
30960617,2026-09-16,2026-09-16 05:07:13.963633,SARAWAK,KUCHING,MEDAN NIAGA SATOK,Runcit,26,Sayur-Sayuran,05,001,BAWANG BESAR MERAH (INDIA),F.A.Q,Kilogram,7,4.6,
30960618,2026-09-16,2026-09-16 05:07:13.963633,SARAWAK,KUCHING,MEDAN NIAGA SATOK,Runcit,26,Sayur-Sayuran,05,001,BAWANG PUTIH (CHINA),F.A.Q,Kilogram,9,8.222222,
30960619,2026-09-16,2026-09-16 05:07:13.963633,SARAWAK,KUCHING,MEDAN NIAGA SATOK,Runcit,26,Sayur-Sayuran,03,001,BAYAM,F.A.Q,Kilogram,8,8,
30960620,2026-09-16,2026-09-16 05:07:13.963633,SARAWAK,KUCHING,MEDAN NIAGA SATOK,Runcit,26,Sayur-Sayuran,02,002,CILI MERAH KULAI / KULAI HIBRID,F.A.Q,Kilogram,20,18.2,
30960621,2026-09-16,2026-09-16 05:07:13.963633,SARAWAK,KUCHING,MEDAN NIAGA SATOK,Runcit,26,Sayur-Sayuran,02,002,CILI MERAH MINYAK,F.A.Q,Kilogram,20,18.2,
30960622,2026-09-16,2026-09-16 05:07:13.963633,SARAWAK,KUCHING,MEDAN NIAGA SATOK,Runcit,26,Sayur-Sayuran,04,002,KACANG BENDI,F.A.Q,Kilogram,12,11.45,
30960623,2026-09-16,2026-09-16 05:07:13.963633,SARAWAK,KUCHING,MEDAN NIAGA SATOK,Runcit,26,Sayur-Sayuran,04,007,KACANG PANJANG HIJAU,F.A.Q,Kilogram,10,8.6,
30960624,2026-09-16,2026-09-16 05:07:13.963633,SARAWAK,KUCHING,MEDAN NIAGA SATOK,Runcit,26,Sayur-Sayuran,03,007,SAWI HIJAU,F.A.Q,Kilogram,12,9.7,
30960625,2026-09-16,2026-09-16 05:07:13.963633,SARAWAK,KUCHING,MEDAN NIAGA SATOK,Runcit,26,Sayur-Sayuran,02,010,TERUNG PANJANG / PEPARU (TANAH RENDAH),F.A.Q,Kilogram,8,8,
30960626,2026-09-16,2026-09-16 05:07:13.963633,SARAWAK,KUCHING,MEDAN NIAGA SATOK,Runcit,26,Sayur-Sayuran,02,011,TIMUN HIJAU,F.A.Q,Kilogram,6,5.75,
30960627,2026-09-16,2026-09-16 05:07:13.963633,SARAWAK,KUCHING,MEDAN NIAGA SATOK,Runcit,26,Sayur-Sayuran,02,012,TOMATO (TANAH TINGGI),F.A.Q,Kilogram,11,11.6,
30960628,2026-09-16,2026-09-16 05:08:14.239419,SARAWAK,KUCHING,MEDAN NIAGA SATOK,Runcit,26,Buah-Buahan,02,028,PISANG BERANGAN,F.A.Q,Kilogram,8,8,
30960629,2026-09-16,2026-09-16 05:08:14.239419,SARAWAK,KUCHING,MEDAN NIAGA SATOK,Runcit,26,Buah-Buahan,02,034,TEMBIKAI MERAH TANPA BIJI,F.A.Q,Kilogram,5.5,4.06,
30960630,2026-09-16,2026-09-16 05:09:09.856148,SARAWAK,KUCHING,MEDAN NIAGA SATOK,Runcit,26,Tanaman Kontan,05,001,KELAPA DIKUPAS,SEDANG,Biji,2,2,
30960631,2026-09-16,2026-09-16 05:09:09.856148,SARAWAK,KUCHING,MEDAN NIAGA SATOK,Runcit,26,Lain-Lain Makanan Proses,15,001,SANTAN PEKAT,F.A.Q,Kilogram,12,12,
30960632,2026-09-16,2026-09-16 05:12:33.201845,SARAWAK,KUCHING,MEDAN NIAGA SATOK,Runcit,26,Ternakan,03,002,AYAM PROSES STANDARD,F.A.Q,Kilogram,12,12,
30960633,2026-09-16,2026-09-16 05:12:33.201845,SARAWAK,KUCHING,MEDAN NIAGA SATOK,Runcit,26,Ternakan,02,003,DAGING LEMBU PEJAL,F.A.Q,Kilogram,70,70,
30960634,2026-09-16,2026-09-16 05:12:33.201845,SARAWAK,KUCHING,MEDAN NIAGA SATOK,Runcit,26,Ternakan,11,001,TELUR AYAM,B,Biji,0.55,0.55,
30960635,2026-09-16,2026-09-16 05:17:14.005191,SARAWAK,KUCHING,MEDAN NIAGA SATOK,Borong,20,Sayur-Sayuran,05,001,BAWANG BESAR MERAH (INDIA),F.A.Q,Kilogram,6,3.6666667,
30960636,2026-09-16,2026-09-16 05:17:14.005191,SARAWAK,KUCHING,MEDAN NIAGA SATOK,Borong,20,Sayur-Sayuran,05,001,BAWANG PUTIH (CHINA),F.A.Q,Kilogram,8,7.2,
30960637,2026-09-16,2026-09-16 05:17:14.005191,SARAWAK,KUCHING,MEDAN NIAGA SATOK,Borong,20,Sayur-Sayuran,03,001,BAYAM,F.A.Q,Kilogram,4,4,
30960638,2026-09-16,2026-09-16 05:17:14.005191,SARAWAK,KUCHING,MEDAN NIAGA SATOK,Borong,20,Sayur-Sayuran,02,002,CILI MERAH KULAI / KULAI HIBRID,F.A.Q,Kilogram,16,14.1,
30960639,2026-09-16,2026-09-16 05:17:14.005191,SARAWAK,KUCHING,MEDAN NIAGA SATOK,Borong,20,Sayur-Sayuran,02,002,CILI MERAH MINYAK,F.A.Q,Kilogram,16,14.1,
30960640,2026-09-16,2026-09-16 05:17:14.005191,SARAWAK,KUCHING,MEDAN NIAGA SATOK,Borong,20,Sayur-Sayuran,04,002,KACANG BENDI,F.A.Q,Kilogram,6,5.65,
30960641,2026-09-16,2026-09-16 05:17:14.005191,SARAWAK,KUCHING,MEDAN NIAGA SATOK,Borong,20,Sayur-Sayuran,04,007,KACANG PANJANG HIJAU,F.A.Q,Kilogram,6.5,4.909091,
30960642,2026-09-16,2026-09-16 05:17:14.005191,SARAWAK,KUCHING,MEDAN NIAGA SATOK,Borong,20,Sayur-Sayuran,03,007,SAWI HIJAU,F.A.Q,Kilogram,9,6.7,
30960643,2026-09-16,2026-09-16 05:17:14.005191,SARAWAK,KUCHING,MEDAN NIAGA SATOK,Borong,20,Sayur-Sayuran,02,010,TERUNG PANJANG / PEPARU (TANAH RENDAH),F.A.Q,Kilogram,4,4,
30960644,2026-09-16,2026-09-16 05:17:14.005191,SARAWAK,KUCHING,MEDAN NIAGA SATOK,Borong,20,Sayur-Sayuran,02,011,TIMUN HIJAU,F.A.Q,Kilogram,4.5,4.25,
30960645,2026-09-16,2026-09-16 05:17:14.005191,SARAWAK,KUCHING,MEDAN NIAGA SATOK,Borong,20,Sayur-Sayuran,02,012,TOMATO (TANAH TINGGI),F.A.Q,Kilogram,9,9.6,
30960646,2026-09-16,2026-09-16 05:18:14.945117,SARAWAK,KUCHING,MEDAN NIAGA SATOK,Borong,20,Buah-Buahan,02,028,PISANG BERANGAN,F.A.Q,Kilogram,5.5,5.5,
30960647,2026-09-16,2026-09-16 05:18:14.945117,SARAWAK,KUCHING,MEDAN NIAGA SATOK,Borong,20,Buah-Buahan,02,034,TEMBIKAI MERAH TANPA BIJI,F.A.Q,Kilogram,4.3,2.3,
30960648,2026-09-16,2026-09-16 05:18:57.896581,SARAWAK,KUCHING,MEDAN NIAGA SATOK,Borong,20,Tanaman Kontan,05,001,KELAPA DIKUPAS,SEDANG,Biji,1.6,1.6,
30960649,2026-09-16,2026-09-16 05:21:11.048246,SARAWAK,KUCHING,MEDAN NIAGA SATOK,Borong,20,Ternakan,03,002,AYAM PROSES STANDARD,F.A.Q,Kilogram,11.5,11.5,
30960650,2026-09-16,2026-09-16 05:21:11.048246,SARAWAK,KUCHING,MEDAN NIAGA SATOK,Borong,20,Ternakan,02,003,DAGING LEMBU PEJAL,F.A.Q,Kilogram,65,65,
30960651,2026-09-16,2026-09-16 05:21:11.048246,SARAWAK,KUCHING,MEDAN NIAGA SATOK,Borong,20,Ternakan,11,001,TELUR AYAM,B,Biji,0.53,0.53,
30960652,2026-09-16,2026-09-16 05:24:22.190763,SARAWAK,KUCHING,LADANG/KEBUN SIBURAN,Ladang,,Sayur-Sayuran,03,001,BAYAM,F.A.Q,Kilogram,2.5,2.5,
30960653,2026-09-16,2026-09-16 05:24:22.190763,SARAWAK,KUCHING,LADANG/KEBUN SIBURAN,Ladang,,Sayur-Sayuran,02,002,CILI MERAH KULAI / KULAI HIBRID,F.A.Q,Kilogram,10,8.111111,
30960654,2026-09-16,2026-09-16 05:24:22.190763,SARAWAK,KUCHING,LADANG/KEBUN SIBURAN,Ladang,,Sayur-Sayuran,02,002,CILI MERAH MINYAK,F.A.Q,Kilogram,10,9.222222,
30960655,2026-09-16,2026-09-16 05:24:22.190763,SARAWAK,KUCHING,LADANG/KEBUN SIBURAN,Ladang,,Sayur-Sayuran,04,002,KACANG BENDI,F.A.Q,Kilogram,4,3.6111112,
30960656,2026-09-16,2026-09-16 05:24:22.190763,SARAWAK,KUCHING,LADANG/KEBUN SIBURAN,Ladang,,Sayur-Sayuran,04,007,KACANG PANJANG HIJAU,F.A.Q,Kilogram,4.5,2.7222223,
30960657,2026-09-16,2026-09-16 05:24:22.190763,SARAWAK,KUCHING,LADANG/KEBUN SIBURAN,Ladang,,Sayur-Sayuran,03,007,SAWI HIJAU,F.A.Q,Kilogram,6,3.6666667,
30960658,2026-09-16,2026-09-16 05:24:22.190763,SARAWAK,KUCHING,LADANG/KEBUN SIBURAN,Ladang,,Sayur-Sayuran,02,010,TERUNG PANJANG / PEPARU (TANAH RENDAH),F.A.Q,Kilogram,2.5,2.5,
30960659,2026-09-16,2026-09-16 05:24:22.190763,SARAWAK,KUCHING,LADANG/KEBUN SIBURAN,Ladang,,Sayur-Sayuran,02,011,TIMUN HIJAU,F.A.Q,Kilogram,2.5,2.2222223,
30960660,2026-09-16,2026-09-16 05:25:06.747387,SARAWAK,KUCHING,LADANG/KEBUN SIBURAN,Ladang,,Buah-Buahan,02,028,PISANG BERANGAN,F.A.Q,Kilogram,4.5,4.5,
30960661,2026-09-16,2026-09-16 05:25:06.747387,SARAWAK,KUCHING,LADANG/KEBUN SIBURAN,Ladang,,Buah-Buahan,02,034,TEMBIKAI MERAH TANPA BIJI,F.A.Q,Kilogram,3.8,1.8,
30960662,2026-09-16,2026-09-16 05:25:39.510617,SARAWAK,KUCHING,LADANG/KEBUN SIBURAN,Ladang,,Tanaman Kontan,05,001,KELAPA DIKUPAS,SEDANG,Biji,1.2,1.2,
30960663,2026-09-16,2026-09-16 05:26:19.787012,SARAWAK,KUCHING,LADANG/KEBUN SIBURAN,Ladang,,Ternakan,11,001,TELUR AYAM,B,Biji,0.51,0.51,
30960664,2026-09-16,2026-09-16 05:48:09.044411,SARAWAK,KUCHING,MEDAN NIAGA SATOK,Runcit,26,Sayur-Sayuran,02,014,BELIMBING BULUH,F.A.Q,Kilogram,8,8,
30960665,2026-09-16,2026-09-16 05:48:09.044411,SARAWAK,KUCHING,MEDAN NIAGA SATOK,Runcit,26,Sayur-Sayuran,03,003,BROKOLI (IMPORT),F.A.Q,Kilogram,13,13,
30960666,2026-09-16,2026-09-16 05:48:09.044411,SARAWAK,KUCHING,MEDAN NIAGA SATOK,Runcit,26,Sayur-Sayuran,03,035,BUNGA KANTAN,F.A.Q,Tangkai,2,2,
30960667,2026-09-16,2026-09-16 05:48:09.044411,SARAWAK,KUCHING,MEDAN NIAGA SATOK,Runcit,26,Sayur-Sayuran,06,001,CENDAWAN TIRAM KELABU,F.A.Q,Kilogram,27,27,
30960668,2026-09-16,2026-09-16 05:48:09.044411,SARAWAK,KUCHING,MEDAN NIAGA SATOK,Runcit,26,Sayur-Sayuran,02,002,CILI PADI,F.A.Q,Kilogram,30,30,
30960669,2026-09-16,2026-09-16 05:48:09.044411,SARAWAK,KUCHING,MEDAN NIAGA SATOK,Runcit,26,Sayur-Sayuran,03,011,DAUN KESUM,F.A.Q,Kilogram,10,10,
30960670,2026-09-16,2026-09-16 05:48:09.044411,SARAWAK,KUCHING,MEDAN NIAGA SATOK,Runcit,26,Sayur-Sayuran,03,021,DAUN KETUMBAR (IMPORT),F.A.Q,Kilogram,45,45,
30960671,2026-09-16,2026-09-16 05:48:09.044411,SARAWAK,KUCHING,MEDAN NIAGA SATOK,Runcit,26,Sayur-Sayuran,07,002,DAUN SELOM,F.A.Q,Kilogram,8,8,
30960672,2026-09-16,2026-09-16 05:48:09.044411,SARAWAK,KUCHING,MEDAN NIAGA SATOK,Runcit,26,Sayur-Sayuran,05,002,HALIA MUDA,F.A.Q,Kilogram,18,18,
30960673,2026-09-16,2026-09-16 05:48:09.044411,SARAWAK,KUCHING,MEDAN NIAGA SATOK,Runcit,26,Sayur-Sayuran,05,002,HALIA TUA,F.A.Q,Kilogram,14,14,
30960674,2026-09-16,2026-09-16 05:48:09.044411,SARAWAK,KUCHING,MEDAN NIAGA SATOK,Runcit,26,Sayur-Sayuran,05,002,HALIA TUA (IMPORT),F.A.Q,Kilogram,8,9,
30960675,2026-09-16,2026-09-16 05:48:09.044411,SARAWAK,KUCHING,MEDAN NIAGA SATOK,Runcit,26,Sayur-Sayuran,02,001,JAGUNG SAYUR / BABY CORN,F.A.Q,Kilogram,15,15,
30960676,2026-09-16,2026-09-16 05:48:09.044411,SARAWAK,KUCHING,MEDAN NIAGA SATOK,Runcit,26,Sayur-Sayuran,07,003,JERING,F.A.Q,Kilogram,15,15,
30960677,2026-09-16,2026-09-16 05:48:09.044411,SARAWAK,KUCHING,MEDAN NIAGA SATOK,Runcit,26,Sayur-Sayuran,04,005,KACANG BOTOR,F.A.Q,Kilogram,18,18,
30960678,2026-09-16,2026-09-16 05:48:09.044411,SARAWAK,KUCHING,MEDAN NIAGA SATOK,Runcit,26,Sayur-Sayuran,03,018,KAILAN,F.A.Q,Kilogram,15,15,
30960679,2026-09-16,2026-09-16 05:48:09.044411,SARAWAK,KUCHING,MEDAN NIAGA SATOK,Runcit,26,Sayur-Sayuran,05,003,KELADI,F.A.Q,Kilogram,7,7,
30960680,2026-09-16,2026-09-16 05:48:09.044411,SARAWAK,KUCHING,MEDAN NIAGA SATOK,Runcit,26,Sayur-Sayuran,02,004,KETOLA / PETOLA SEGI,F.A.Q,Kilogram,8,8,
30960681,2026-09-16,2026-09-16 05:48:09.044411,SARAWAK,KUCHING,MEDAN NIAGA SATOK,Runcit,26,Sayur-Sayuran,03,006,KUBIS BULAT BEIJING (IMPORT),F.A.Q,Kilogram,5.5,5.5,
30960682,2026-09-16,2026-09-16 05:48:09.044411,SARAWAK,KUCHING,MEDAN NIAGA SATOK,Runcit,26,Sayur-Sayuran,03,004,KUBIS BUNGA (IMPORT),F.A.Q,Kilogram,11,11,
30960683,2026-09-16,2026-09-16 05:48:09.044411,SARAWAK,KUCHING,MEDAN NIAGA SATOK,Runcit,26,Sayur-Sayuran,03,005,KUBIS PANJANG / CINA (IMPORT),F.A.Q,Kilogram,6,6,
30960684,2026-09-16,2026-09-16 05:48:09.044411,SARAWAK,KUCHING,MEDAN NIAGA SATOK,Runcit,26,Sayur-Sayuran,02,005,KUNDUR BULAT,F.A.Q,Kilogram,5,5,
30960685,2026-09-16,2026-09-16 05:48:09.044411,SARAWAK,KUCHING,MEDAN NIAGA SATOK,Runcit,26,Sayur-Sayuran,05,004,KUNYIT,F.A.Q,Kilogram,12,12,
30960686,2026-09-16,2026-09-16 05:48:09.044411,SARAWAK,KUCHING,MEDAN NIAGA SATOK,Runcit,26,Sayur-Sayuran,02,006,LABU AIR,F.A.Q,Kilogram,7,7,
30960687,2026-09-16,2026-09-16 05:48:09.044411,SARAWAK,KUCHING,MEDAN NIAGA SATOK,Runcit,26,Sayur-Sayuran,02,006,LABU MANIS,F.A.Q,Kilogram,5,5,
30960688,2026-09-16,2026-09-16 05:48:09.044411,SARAWAK,KUCHING,MEDAN NIAGA SATOK,Runcit,26,Sayur-Sayuran,02,003,LADA BENGGALA / CAPSICUM HIJAU (IMPORT),F.A.Q,Kilogram,28,28,
30960689,2026-09-16,2026-09-16 05:48:09.044411,SARAWAK,KUCHING,MEDAN NIAGA SATOK,Runcit,26,Sayur-Sayuran,02,003,LADA BENGGALA / CAPSICUM KUNING (IMPORT),F.A.Q,Kilogram,28,28,
30960690,2026-09-16,2026-09-16 05:48:09.044411,SARAWAK,KUCHING,MEDAN NIAGA SATOK,Runcit,26,Sayur-Sayuran,02,003,LADA BENGGALA / CAPSICUM MERAH (IMPORT),F.A.Q,Kilogram,28,28,
30960691,2026-09-16,2026-09-16 05:48:09.044411,SARAWAK,KUCHING,MEDAN NIAGA SATOK,Runcit,26,Sayur-Sayuran,05,005,LENGKUAS,F.A.Q,Kilogram,10,10,
30960692,2026-09-16,2026-09-16 05:48:09.044411,SARAWAK,KUCHING,MEDAN NIAGA SATOK,Runcit,26,Sayur-Sayuran,01,003,LIK (IMPORT),F.A.Q,Kilogram,24,24,
30960693,2026-09-16,2026-09-16 05:48:09.044411,SARAWAK,KUCHING,MEDAN NIAGA SATOK,Runcit,26,Sayur-Sayuran,02,007,LIMAU KASTURI,F.A.Q,Kilogram,6,6,
30960694,2026-09-16,2026-09-16 05:48:09.044411,SARAWAK,KUCHING,MEDAN NIAGA SATOK,Runcit,26,Sayur-Sayuran,02,007,LIMAU NIPIS,F.A.Q,Kilogram,12,12,
30960695,2026-09-16,2026-09-16 05:48:09.044411,SARAWAK,KUCHING,MEDAN NIAGA SATOK,Runcit,26,Sayur-Sayuran,05,006,LOBAK MERAH (CHINA),F.A.Q,Kilogram,5,5,
30960696,2026-09-16,2026-09-16 05:48:09.044411,SARAWAK,KUCHING,MEDAN NIAGA SATOK,Runcit,26,Sayur-Sayuran,05,006,LOBAK PUTIH TANAH TINGGI,F.A.Q,Kilogram,6,6.5,
30960697,2026-09-16,2026-09-16 05:48:09.044411,SARAWAK,KUCHING,MEDAN NIAGA SATOK,Runcit,26,Sayur-Sayuran,07,002,PEGAGA,F.A.Q,Kilogram,18,18,
30960698,2026-09-16,2026-09-16 05:48:09.044411,SARAWAK,KUCHING,MEDAN NIAGA SATOK,Runcit,26,Sayur-Sayuran,02,009,PERIA,F.A.Q,Kilogram,12,12,
30960699,2026-09-16,2026-09-16 05:48:09.044411,SARAWAK,KUCHING,MEDAN NIAGA SATOK,Runcit,26,Sayur-Sayuran,02,009,PERIA KATAK,F.A.Q,Kilogram,14,14,
30960700,2026-09-16,2026-09-16 05:48:09.044411,SARAWAK,KUCHING,MEDAN NIAGA SATOK,Runcit,26,Sayur-Sayuran,07,003,PETAI,F.A.Q,RM/5 Keping,10,10,
30960701,2026-09-16,2026-09-16 05:48:09.044411,SARAWAK,KUCHING,MEDAN NIAGA SATOK,Runcit,26,Sayur-Sayuran,07,002,PUCUK GAJUS,F.A.Q,Kilogram,18,18,
30960702,2026-09-16,2026-09-16 05:48:09.044411,SARAWAK,KUCHING,MEDAN NIAGA SATOK,Runcit,26,Sayur-Sayuran,03,026,PUCUK PAKU,F.A.Q,Kilogram,6,5.5,
30960703,2026-09-16,2026-09-16 05:48:09.044411,SARAWAK,KUCHING,MEDAN NIAGA SATOK,Runcit,26,Sayur-Sayuran,01,002,REBUNG,F.A.Q,Kilogram,7,7,
30960704,2026-09-16,2026-09-16 05:48:09.044411,SARAWAK,KUCHING,MEDAN NIAGA SATOK,Runcit,26,Sayur-Sayuran,03,027,SALAD BULAT TANAH TINGGI,F.A.Q,Kilogram,20,20,
30960705,2026-09-16,2026-09-16 05:48:09.044411,SARAWAK,KUCHING,MEDAN NIAGA SATOK,Runcit,26,Sayur-Sayuran,03,007,SAWI BUNGA,F.A.Q,Kilogram,12,10,
30960706,2026-09-16,2026-09-16 05:48:09.044411,SARAWAK,KUCHING,MEDAN NIAGA SATOK,Runcit,26,Sayur-Sayuran,03,007,SAWI JEPUN,F.A.Q,Kilogram,12,10,
30960707,2026-09-16,2026-09-16 05:48:09.044411,SARAWAK,KUCHING,MEDAN NIAGA SATOK,Runcit,26,Sayur-Sayuran,03,007,SAWI PAHIT,F.A.Q,Kilogram,12,10,
30960708,2026-09-16,2026-09-16 05:48:09.044411,SARAWAK,KUCHING,MEDAN NIAGA SATOK,Runcit,26,Sayur-Sayuran,03,007,SAWI PUTIH PAK CHOY,F.A.Q,Kilogram,12,10,
30960709,2026-09-16,2026-09-16 05:48:09.044411,SARAWAK,KUCHING,MEDAN NIAGA SATOK,Runcit,26,Sayur-Sayuran,07,004,SELASIH,F.A.Q,Kilogram,20,20,
30960710,2026-09-16,2026-09-16 05:48:09.044411,SARAWAK,KUCHING,MEDAN NIAGA SATOK,Runcit,26,Sayur-Sayuran,05,007,SENGKUANG,F.A.Q,Kilogram,8,8,
30960711,2026-09-16,2026-09-16 05:48:09.044411,SARAWAK,KUCHING,MEDAN NIAGA SATOK,Runcit,26,Sayur-Sayuran,05,008,SERAI,F.A.Q,Kilogram,6,6,
30960712,2026-09-16,2026-09-16 05:48:09.044411,SARAWAK,KUCHING,MEDAN NIAGA SATOK,Runcit,26,Sayur-Sayuran,03,002,TAUGE,F.A.Q,Kilogram,3,3,
30960713,2026-09-16,2026-09-16 05:48:09.044411,SARAWAK,KUCHING,MEDAN NIAGA SATOK,Runcit,26,Sayur-Sayuran,02,010,TERUNG ASAM,F.A.Q,Kilogram,14,14,
30960714,2026-09-16,2026-09-16 05:48:09.044411,SARAWAK,KUCHING,MEDAN NIAGA SATOK,Runcit,26,Sayur-Sayuran,07,002,ULAM RAJA,F.A.Q,Kilogram,10,10,
30960715,2026-09-16,2026-09-16 06:00:20.476022,PULAU PINANG,SEBERANG PERAI TENGAH,PASAR BORONG BUKIT MERTAJAM,Borong,20,Ternakan,02,003,DAGING LEMBU PEJAL,F.A.Q,Kilogram,30,30.46,
30960716,2026-09-16,2026-09-16 06:00:20.476022,PULAU PINANG,SEBERANG PERAI TENGAH,PASAR BORONG BUKIT MERTAJAM,Borong,20,Ternakan,02,003,DAGING LEMBU PEJAL,F.A.Q,Kilogram,27,30.46,
30960717,2026-09-16,2026-09-16 06:02:55.210296,PULAU PINANG,SEBERANG PERAI TENGAH,PASAR BORONG BUKIT MERTAJAM,Borong,20,Sayur-Sayuran,03,001,BAYAM,F.A.Q,Kilogram,1.8,2.2,
30960718,2026-09-16,2026-09-16 06:02:55.210296,PULAU PINANG,SEBERANG PERAI TENGAH,PASAR BORONG BUKIT MERTAJAM,Borong,20,Sayur-Sayuran,02,002,CILI MERAH KULAI / KULAI HIBRID,F.A.Q,Kilogram,17.5,14,
30960719,2026-09-16,2026-09-16 06:02:55.210296,PULAU PINANG,SEBERANG PERAI TENGAH,PASAR BORONG BUKIT MERTAJAM,Borong,20,Sayur-Sayuran,02,002,CILI MERAH KULAI / KULAI HIBRID,F.A.Q,Kilogram,12.5,14,
30960720,2026-09-16,2026-09-16 06:02:55.210296,PULAU PINANG,SEBERANG PERAI TENGAH,PASAR BORONG BUKIT MERTAJAM,Borong,20,Sayur-Sayuran,02,002,CILI MERAH MINYAK,F.A.Q,Kilogram,12,10.47,
30960721,2026-09-16,2026-09-16 06:02:55.210296,PULAU PINANG,SEBERANG PERAI TENGAH,PASAR BORONG BUKIT MERTAJAM,Borong,20,Sayur-Sayuran,02,002,CILI MERAH MINYAK,F.A.Q,Kilogram,9,10.47,
30960722,2026-09-16,2026-09-16 06:02:55.210296,PULAU PINANG,SEBERANG PERAI TENGAH,PASAR BORONG BUKIT MERTAJAM,Borong,20,Sayur-Sayuran,04,002,KACANG BENDI,F.A.Q,Kilogram,4.3,5.5,
30960723,2026-09-16,2026-09-16 06:02:55.210296,PULAU PINANG,SEBERANG PERAI TENGAH,PASAR BORONG BUKIT MERTAJAM,Borong,20,Sayur-Sayuran,04,007,KACANG PANJANG HIJAU,F.A.Q,Kilogram,4,6.13,
30960724,2026-09-16,2026-09-16 06:02:55.210296,PULAU PINANG,SEBERANG PERAI TENGAH,PASAR BORONG BUKIT MERTAJAM,Borong,20,Sayur-Sayuran,03,006,KUBIS BULAT (TANAH TINGGI),F.A.Q,Kilogram,2,2.8181818,
30960725,2026-09-16,2026-09-16 06:02:55.210296,PULAU PINANG,SEBERANG PERAI TENGAH,PASAR BORONG BUKIT MERTAJAM,Borong,20,Sayur-Sayuran,03,007,SAWI HIJAU,F.A.Q,Kilogram,2,2.1,
30960726,2026-09-16,2026-09-16 06:02:55.210296,PULAU PINANG,SEBERANG PERAI TENGAH,PASAR BORONG BUKIT MERTAJAM,Borong,20,Sayur-Sayuran,03,007,SAWI HIJAU TANAH TINGGI,F.A.Q,Kilogram,1.8,2.3142858,
30960727,2026-09-16,2026-09-16 06:02:55.210296,PULAU PINANG,SEBERANG PERAI TENGAH,PASAR BORONG BUKIT MERTAJAM,Borong,20,Sayur-Sayuran,02,010,TERUNG PANJANG / PEPARU (TANAH RENDAH),F.A.Q,Kilogram,5.5,6,
30960728,2026-09-16,2026-09-16 06:02:55.210296,PULAU PINANG,SEBERANG PERAI TENGAH,PASAR BORONG BUKIT MERTAJAM,Borong,20,Sayur-Sayuran,02,010,TERUNG PANJANG / PEPARU (TANAH RENDAH),F.A.Q,Kilogram,3.5,6,
30960729,2026-09-16,2026-09-16 06:02:55.210296,PULAU PINANG,SEBERANG PERAI TENGAH,PASAR BORONG BUKIT MERTAJAM,Borong,20,Sayur-Sayuran,02,011,TIMUN HIJAU,F.A.Q,Kilogram,1.4,2.1125,
30960730,2026-09-16,2026-09-16 06:02:55.210296,PULAU PINANG,SEBERANG PERAI TENGAH,PASAR BORONG BUKIT MERTAJAM,Borong,20,Sayur-Sayuran,02,011,TIMUN HIJAU,F.A.Q,Kilogram,0.6,2.1125,
30960731,2026-09-16,2026-09-16 06:02:55.210296,PULAU PINANG,SEBERANG PERAI TENGAH,PASAR BORONG BUKIT MERTAJAM,Borong,20,Sayur-Sayuran,02,012,TOMATO (TANAH TINGGI),F.A.Q,Kilogram,4,6,
30960732,2026-09-16,2026-09-16 06:02:55.210296,PULAU PINANG,SEBERANG PERAI TENGAH,PASAR BORONG BUKIT MERTAJAM,Borong,20,Sayur-Sayuran,02,012,TOMATO (TANAH TINGGI),F.A.Q,Kilogram,3,6,
30960733,2026-09-16,2026-09-16 06:03:13.176354,PULAU PINANG,SEBERANG PERAI TENGAH,PASAR BORONG BUKIT MERTAJAM,Borong,20,Ternakan,03,002,AYAM PROSES STANDARD,F.A.Q,Kilogram,9.5,9.35,
30960734,2026-09-16,2026-09-16 06:03:13.176354,PULAU PINANG,SEBERANG PERAI TENGAH,PASAR BORONG BUKIT MERTAJAM,Borong,20,Ternakan,11,001,TELUR AYAM,B,Biji,0.49,0.48,
30960735,2026-09-16,2026-09-16 06:03:43.361597,PULAU PINANG,SEBERANG PERAI TENGAH,PASAR BORONG BUKIT MERTAJAM,Borong,20,Buah-Buahan,02,023,NANAS JOSAPINE (AC5),F.A.Q,Kilogram,3,2.5,
30960736,2026-09-16,2026-09-16 06:03:43.361597,PULAU PINANG,SEBERANG PERAI TENGAH,PASAR BORONG BUKIT MERTAJAM,Borong,20,Buah-Buahan,02,023,NANAS JOSAPINE (AC5),F.A.Q,Kilogram,2,2.5,
30960737,2026-09-16,2026-09-16 06:03:43.361597,PULAU PINANG,SEBERANG PERAI TENGAH,PASAR BORONG BUKIT MERTAJAM,Borong,20,Buah-Buahan,02,028,PISANG BERANGAN,F.A.Q,Kilogram,5.5,5,
30960738,2026-09-16,2026-09-16 06:03:43.361597,PULAU PINANG,SEBERANG PERAI TENGAH,PASAR BORONG BUKIT MERTAJAM,Borong,20,Buah-Buahan,02,028,PISANG BERANGAN,F.A.Q,Kilogram,4.5,5,
30960739,2026-09-16,2026-09-16 06:03:43.361597,PULAU PINANG,SEBERANG PERAI TENGAH,PASAR BORONG BUKIT MERTAJAM,Borong,20,Buah-Buahan,02,034,TEMBIKAI MERAH TANPA BIJI,F.A.Q,Kilogram,2.2,2.1333334,
30960740,2026-09-16,2026-09-16 06:03:43.361597,PULAU PINANG,SEBERANG PERAI TENGAH,PASAR BORONG BUKIT MERTAJAM,Borong,20,Buah-Buahan,02,034,TEMBIKAI MERAH TANPA BIJI,F.A.Q,Kilogram,1.2,2.1333334,
30960741,2026-09-16,2026-09-16 06:03:55.612584,PULAU PINANG,SEBERANG PERAI TENGAH,PASAR BORONG BUKIT MERTAJAM,Borong,20,Ternakan,03,002,AYAM PROSES STANDARD,F.A.Q,Kilogram,9.2,9.35,
30960742,2026-09-16,2026-09-16 06:04:24.908617,PULAU PINANG,SEBERANG PERAI TENGAH,PASAR BORONG BUKIT MERTAJAM,Borong,20,Sayur-Sayuran,05,001,BAWANG BESAR MERAH (INDIA),F.A.Q,Kilogram,2.89,2.73,
30960743,2026-09-16,2026-09-16 06:04:24.908617,PULAU PINANG,SEBERANG PERAI TENGAH,PASAR BORONG BUKIT MERTAJAM,Borong,20,Sayur-Sayuran,05,001,BAWANG PUTIH (CHINA),F.A.Q,Kilogram,6.8,5.98,
30960744,2026-09-16,2026-09-16 06:04:24.908617,PULAU PINANG,SEBERANG PERAI TENGAH,PASAR BORONG BUKIT MERTAJAM,Borong,20,Sayur-Sayuran,05,001,BAWANG PUTIH (CHINA),F.A.Q,Kilogram,5.3,5.98,
30960745,2026-09-16,2026-09-16 06:04:38.761821,PULAU PINANG,SEBERANG PERAI TENGAH,PASAR BORONG BUKIT MERTAJAM,Borong,20,Tanaman Kontan,05,001,KELAPA DIKUPAS,SEDANG,Biji,1.6,2.34,
30960746,2026-09-16,2026-09-16 06:14:23.385693,SARAWAK,KUCHING,MEDAN NIAGA SATOK,Borong,20,Sayur-Sayuran,02,014,BELIMBING BULUH,F.A.Q,Kilogram,7,7,
30960747,2026-09-16,2026-09-16 06:14:23.385693,SARAWAK,KUCHING,MEDAN NIAGA SATOK,Borong,20,Sayur-Sayuran,03,003,BROKOLI (IMPORT),F.A.Q,Kilogram,9,9,
30960748,2026-09-16,2026-09-16 06:14:23.385693,SARAWAK,KUCHING,MEDAN NIAGA SATOK,Borong,20,Sayur-Sayuran,03,035,BUNGA KANTAN,F.A.Q,Tangkai,1.5,1.5,
30960749,2026-09-16,2026-09-16 06:14:23.385693,SARAWAK,KUCHING,MEDAN NIAGA SATOK,Borong,20,Sayur-Sayuran,06,001,CENDAWAN TIRAM KELABU,F.A.Q,Kilogram,22,22,
30960750,2026-09-16,2026-09-16 06:14:23.385693,SARAWAK,KUCHING,MEDAN NIAGA SATOK,Borong,20,Sayur-Sayuran,02,002,CILI PADI,F.A.Q,Kilogram,22,22,
30960751,2026-09-16,2026-09-16 06:14:23.385693,SARAWAK,KUCHING,MEDAN NIAGA SATOK,Borong,20,Sayur-Sayuran,03,011,DAUN KESUM,F.A.Q,Kilogram,8,8,
30960752,2026-09-16,2026-09-16 06:14:23.385693,SARAWAK,KUCHING,MEDAN NIAGA SATOK,Borong,20,Sayur-Sayuran,03,021,DAUN KETUMBAR (IMPORT),F.A.Q,Kilogram,38,38,
30960753,2026-09-16,2026-09-16 06:14:23.385693,SARAWAK,KUCHING,MEDAN NIAGA SATOK,Borong,20,Sayur-Sayuran,07,002,DAUN SELOM,F.A.Q,Kilogram,6,6,
30960754,2026-09-16,2026-09-16 06:14:23.385693,SARAWAK,KUCHING,MEDAN NIAGA SATOK,Borong,20,Sayur-Sayuran,05,002,HALIA MUDA,F.A.Q,Kilogram,13,13,
30960755,2026-09-16,2026-09-16 06:14:23.385693,SARAWAK,KUCHING,MEDAN NIAGA SATOK,Borong,20,Sayur-Sayuran,05,002,HALIA TUA,F.A.Q,Kilogram,12,12,
30960756,2026-09-16,2026-09-16 06:14:23.385693,SARAWAK,KUCHING,MEDAN NIAGA SATOK,Borong,20,Sayur-Sayuran,05,002,HALIA TUA (IMPORT),F.A.Q,Kilogram,7,8,
30960757,2026-09-16,2026-09-16 06:14:23.385693,SARAWAK,KUCHING,MEDAN NIAGA SATOK,Borong,20,Sayur-Sayuran,02,001,JAGUNG SAYUR / BABY CORN,F.A.Q,Kilogram,10,10,
30960758,2026-09-16,2026-09-16 06:14:23.385693,SARAWAK,KUCHING,MEDAN NIAGA SATOK,Borong,20,Sayur-Sayuran,07,003,JERING,F.A.Q,Kilogram,10,10,
30960759,2026-09-16,2026-09-16 06:14:23.385693,SARAWAK,KUCHING,MEDAN NIAGA SATOK,Borong,20,Sayur-Sayuran,04,005,KACANG BOTOR,F.A.Q,Kilogram,13,13,
30960760,2026-09-16,2026-09-16 06:14:23.385693,SARAWAK,KUCHING,MEDAN NIAGA SATOK,Borong,20,Sayur-Sayuran,03,018,KAILAN,F.A.Q,Kilogram,11,11,
30960761,2026-09-16,2026-09-16 06:14:23.385693,SARAWAK,KUCHING,MEDAN NIAGA SATOK,Borong,20,Sayur-Sayuran,05,003,KELADI,F.A.Q,Kilogram,5,5,
30960762,2026-09-16,2026-09-16 06:14:23.385693,SARAWAK,KUCHING,MEDAN NIAGA SATOK,Borong,20,Sayur-Sayuran,02,004,KETOLA / PETOLA SEGI,F.A.Q,Kilogram,4,4,
30960763,2026-09-16,2026-09-16 06:14:23.385693,SARAWAK,KUCHING,MEDAN NIAGA SATOK,Borong,20,Sayur-Sayuran,03,006,KUBIS BULAT BEIJING (IMPORT),F.A.Q,Kilogram,4.5,4.5,
30960764,2026-09-16,2026-09-16 06:14:23.385693,SARAWAK,KUCHING,MEDAN NIAGA SATOK,Borong,20,Sayur-Sayuran,03,004,KUBIS BUNGA (IMPORT),F.A.Q,Kilogram,7,7,
30960765,2026-09-16,2026-09-16 06:14:23.385693,SARAWAK,KUCHING,MEDAN NIAGA SATOK,Borong,20,Sayur-Sayuran,03,005,KUBIS PANJANG / CINA (IMPORT),F.A.Q,Kilogram,5,5,
30960766,2026-09-16,2026-09-16 06:14:23.385693,SARAWAK,KUCHING,MEDAN NIAGA SATOK,Borong,20,Sayur-Sayuran,02,005,KUNDUR BULAT,F.A.Q,Kilogram,3,3,
30960767,2026-09-16,2026-09-16 06:14:23.385693,SARAWAK,KUCHING,MEDAN NIAGA SATOK,Borong,20,Sayur-Sayuran,05,004,KUNYIT,F.A.Q,Kilogram,7,7,
30960768,2026-09-16,2026-09-16 06:14:23.385693,SARAWAK,KUCHING,MEDAN NIAGA SATOK,Borong,20,Sayur-Sayuran,02,006,LABU AIR,F.A.Q,Kilogram,4,4,
30960769,2026-09-16,2026-09-16 06:14:23.385693,SARAWAK,KUCHING,MEDAN NIAGA SATOK,Borong,20,Sayur-Sayuran,02,006,LABU MANIS,F.A.Q,Kilogram,3,3,
30960770,2026-09-16,2026-09-16 06:14:23.385693,SARAWAK,KUCHING,MEDAN NIAGA SATOK,Borong,20,Sayur-Sayuran,02,003,LADA BENGGALA / CAPSICUM HIJAU (IMPORT),F.A.Q,Kilogram,25,25,
30960771,2026-09-16,2026-09-16 06:14:23.385693,SARAWAK,KUCHING,MEDAN NIAGA SATOK,Borong,20,Sayur-Sayuran,02,003,LADA BENGGALA / CAPSICUM KUNING (IMPORT),F.A.Q,Kilogram,25,25,
30960772,2026-09-16,2026-09-16 06:14:23.385693,SARAWAK,KUCHING,MEDAN NIAGA SATOK,Borong,20,Sayur-Sayuran,02,003,LADA BENGGALA / CAPSICUM MERAH (IMPORT),F.A.Q,Kilogram,25,25,
30960773,2026-09-16,2026-09-16 06:14:23.385693,SARAWAK,KUCHING,MEDAN NIAGA SATOK,Borong,20,Sayur-Sayuran,05,005,LENGKUAS,F.A.Q,Kilogram,8,8,
30960774,2026-09-16,2026-09-16 06:14:23.385693,SARAWAK,KUCHING,MEDAN NIAGA SATOK,Borong,20,Sayur-Sayuran,01,003,LIK (IMPORT),F.A.Q,Kilogram,19,19,
30960775,2026-09-16,2026-09-16 06:14:23.385693,SARAWAK,KUCHING,MEDAN NIAGA SATOK,Borong,20,Sayur-Sayuran,02,007,LIMAU KASTURI,F.A.Q,Kilogram,4,4,
30960776,2026-09-16,2026-09-16 06:14:23.385693,SARAWAK,KUCHING,MEDAN NIAGA SATOK,Borong,20,Sayur-Sayuran,02,007,LIMAU NIPIS,F.A.Q,Kilogram,8,8,
30960777,2026-09-16,2026-09-16 06:14:23.385693,SARAWAK,KUCHING,MEDAN NIAGA SATOK,Borong,20,Sayur-Sayuran,05,006,LOBAK MERAH (CHINA),F.A.Q,Kilogram,4,4,
30960778,2026-09-16,2026-09-16 06:14:23.385693,SARAWAK,KUCHING,MEDAN NIAGA SATOK,Borong,20,Sayur-Sayuran,05,006,LOBAK PUTIH TANAH TINGGI,F.A.Q,Kilogram,3,4,
30960779,2026-09-16,2026-09-16 06:14:23.385693,SARAWAK,KUCHING,MEDAN NIAGA SATOK,Borong,20,Sayur-Sayuran,07,002,PEGAGA,F.A.Q,Kilogram,15,15,
30960780,2026-09-16,2026-09-16 06:14:23.385693,SARAWAK,KUCHING,MEDAN NIAGA SATOK,Borong,20,Sayur-Sayuran,02,009,PERIA,F.A.Q,Kilogram,7,7,
30960781,2026-09-16,2026-09-16 06:14:23.385693,SARAWAK,KUCHING,MEDAN NIAGA SATOK,Borong,20,Sayur-Sayuran,02,009,PERIA KATAK,F.A.Q,Kilogram,10,10,
30960782,2026-09-16,2026-09-16 06:14:23.385693,SARAWAK,KUCHING,MEDAN NIAGA SATOK,Borong,20,Sayur-Sayuran,07,003,PETAI,F.A.Q,RM/5 Keping,6,6,
30960783,2026-09-16,2026-09-16 06:14:23.385693,SARAWAK,KUCHING,MEDAN NIAGA SATOK,Borong,20,Sayur-Sayuran,07,002,PUCUK GAJUS,F.A.Q,Kilogram,14,14,
30960784,2026-09-16,2026-09-16 06:14:23.385693,SARAWAK,KUCHING,MEDAN NIAGA SATOK,Borong,20,Sayur-Sayuran,03,026,PUCUK PAKU,F.A.Q,Kilogram,5,4,
30960785,2026-09-16,2026-09-16 06:14:23.385693,SARAWAK,KUCHING,MEDAN NIAGA SATOK,Borong,20,Sayur-Sayuran,01,002,REBUNG,F.A.Q,Kilogram,5,5,
30960786,2026-09-16,2026-09-16 06:14:23.385693,SARAWAK,KUCHING,MEDAN NIAGA SATOK,Borong,20,Sayur-Sayuran,03,027,SALAD BULAT TANAH TINGGI,F.A.Q,Kilogram,16,16,
30960787,2026-09-16,2026-09-16 06:14:23.385693,SARAWAK,KUCHING,MEDAN NIAGA SATOK,Borong,20,Sayur-Sayuran,03,007,SAWI BUNGA,F.A.Q,Kilogram,9,7,
30960788,2026-09-16,2026-09-16 06:14:23.385693,SARAWAK,KUCHING,MEDAN NIAGA SATOK,Borong,20,Sayur-Sayuran,03,007,SAWI JEPUN,F.A.Q,Kilogram,9,7,
30960789,2026-09-16,2026-09-16 06:14:23.385693,SARAWAK,KUCHING,MEDAN NIAGA SATOK,Borong,20,Sayur-Sayuran,03,007,SAWI PAHIT,F.A.Q,Kilogram,9,7,
30960790,2026-09-16,2026-09-16 06:14:23.385693,SARAWAK,KUCHING,MEDAN NIAGA SATOK,Borong,20,Sayur-Sayuran,03,007,SAWI PUTIH PAK CHOY,F.A.Q,Kilogram,9,7,
30960791,2026-09-16,2026-09-16 06:14:23.385693,SARAWAK,KUCHING,MEDAN NIAGA SATOK,Borong,20,Sayur-Sayuran,07,004,SELASIH,F.A.Q,Kilogram,18,18,
30960792,2026-09-16,2026-09-16 06:14:23.385693,SARAWAK,KUCHING,MEDAN NIAGA SATOK,Borong,20,Sayur-Sayuran,05,007,SENGKUANG,F.A.Q,Kilogram,6,6,
30960793,2026-09-16,2026-09-16 06:14:23.385693,SARAWAK,KUCHING,MEDAN NIAGA SATOK,Borong,20,Sayur-Sayuran,05,008,SERAI,F.A.Q,Kilogram,4,4,
30960794,2026-09-16,2026-09-16 06:14:23.385693,SARAWAK,KUCHING,MEDAN NIAGA SATOK,Borong,20,Sayur-Sayuran,03,002,TAUGE,F.A.Q,Kilogram,2.5,2.5,
30960795,2026-09-16,2026-09-16 06:14:23.385693,SARAWAK,KUCHING,MEDAN NIAGA SATOK,Borong,20,Sayur-Sayuran,02,010,TERUNG ASAM,F.A.Q,Kilogram,11,11,
30960796,2026-09-16,2026-09-16 06:14:23.385693,SARAWAK,KUCHING,MEDAN NIAGA SATOK,Borong,20,Sayur-Sayuran,07,002,ULAM RAJA,F.A.Q,Kilogram,7,7,
30960797,2026-09-16,2026-09-16 06:23:58.601086,SARAWAK,KUCHING,LADANG/KEBUN SIBURAN,Ladang,,Sayur-Sayuran,02,014,BELIMBING BULUH,F.A.Q,Kilogram,5,5,
30960798,2026-09-16,2026-09-16 06:23:58.601086,SARAWAK,KUCHING,LADANG/KEBUN SIBURAN,Ladang,,Sayur-Sayuran,03,035,BUNGA KANTAN,F.A.Q,Tangkai,1,1,
30960799,2026-09-16,2026-09-16 06:23:58.601086,SARAWAK,KUCHING,LADANG/KEBUN SIBURAN,Ladang,,Sayur-Sayuran,06,001,CENDAWAN TIRAM KELABU,F.A.Q,Kilogram,17,17,
30960800,2026-09-16,2026-09-16 06:23:58.601086,SARAWAK,KUCHING,LADANG/KEBUN SIBURAN,Ladang,,Sayur-Sayuran,02,002,CILI PADI,F.A.Q,Kilogram,16,16,
30960801,2026-09-16,2026-09-16 06:23:58.601086,SARAWAK,KUCHING,LADANG/KEBUN SIBURAN,Ladang,,Sayur-Sayuran,03,011,DAUN KESUM,F.A.Q,Kilogram,6,6,
30960802,2026-09-16,2026-09-16 06:23:58.601086,SARAWAK,KUCHING,LADANG/KEBUN SIBURAN,Ladang,,Sayur-Sayuran,07,002,DAUN SELOM,F.A.Q,Kilogram,4,4,
30960803,2026-09-16,2026-09-16 06:23:58.601086,SARAWAK,KUCHING,LADANG/KEBUN SIBURAN,Ladang,,Sayur-Sayuran,05,002,HALIA MUDA,F.A.Q,Kilogram,8,8,
30960804,2026-09-16,2026-09-16 06:23:58.601086,SARAWAK,KUCHING,LADANG/KEBUN SIBURAN,Ladang,,Sayur-Sayuran,05,002,HALIA TUA,F.A.Q,Kilogram,9,9,
30960805,2026-09-16,2026-09-16 06:23:58.601086,SARAWAK,KUCHING,LADANG/KEBUN SIBURAN,Ladang,,Sayur-Sayuran,02,001,JAGUNG SAYUR / BABY CORN,F.A.Q,Kilogram,7,7,
30960806,2026-09-16,2026-09-16 06:23:58.601086,SARAWAK,KUCHING,LADANG/KEBUN SIBURAN,Ladang,,Sayur-Sayuran,07,003,JERING,F.A.Q,Kilogram,7,7,
30960807,2026-09-16,2026-09-16 06:23:58.601086,SARAWAK,KUCHING,LADANG/KEBUN SIBURAN,Ladang,,Sayur-Sayuran,04,005,KACANG BOTOR,F.A.Q,Kilogram,7,7,
30960808,2026-09-16,2026-09-16 06:23:58.601086,SARAWAK,KUCHING,LADANG/KEBUN SIBURAN,Ladang,,Sayur-Sayuran,03,018,KAILAN,F.A.Q,Kilogram,8,8,
30960809,2026-09-16,2026-09-16 06:23:58.601086,SARAWAK,KUCHING,LADANG/KEBUN SIBURAN,Ladang,,Sayur-Sayuran,05,003,KELADI,F.A.Q,Kilogram,3.8,3.8,
30960810,2026-09-16,2026-09-16 06:23:58.601086,SARAWAK,KUCHING,LADANG/KEBUN SIBURAN,Ladang,,Sayur-Sayuran,02,004,KETOLA / PETOLA SEGI,F.A.Q,Kilogram,2.5,2.5,
30960811,2026-09-16,2026-09-16 06:23:58.601086,SARAWAK,KUCHING,LADANG/KEBUN SIBURAN,Ladang,,Sayur-Sayuran,02,005,KUNDUR BULAT,F.A.Q,Kilogram,2,2,
30960812,2026-09-16,2026-09-16 06:23:58.601086,SARAWAK,KUCHING,LADANG/KEBUN SIBURAN,Ladang,,Sayur-Sayuran,05,004,KUNYIT,F.A.Q,Kilogram,5,5,
30960813,2026-09-16,2026-09-16 06:23:58.601086,SARAWAK,KUCHING,LADANG/KEBUN SIBURAN,Ladang,,Sayur-Sayuran,02,006,LABU AIR,F.A.Q,Kilogram,2,2,
30960814,2026-09-16,2026-09-16 06:23:58.601086,SARAWAK,KUCHING,LADANG/KEBUN SIBURAN,Ladang,,Sayur-Sayuran,02,006,LABU MANIS,F.A.Q,Kilogram,2,2,
30960815,2026-09-16,2026-09-16 06:23:58.601086,SARAWAK,KUCHING,LADANG/KEBUN SIBURAN,Ladang,,Sayur-Sayuran,05,005,LENGKUAS,F.A.Q,Kilogram,5,5,
30960816,2026-09-16,2026-09-16 06:23:58.601086,SARAWAK,KUCHING,LADANG/KEBUN SIBURAN,Ladang,,Sayur-Sayuran,02,007,LIMAU KASTURI,F.A.Q,Kilogram,2,2,
30960817,2026-09-16,2026-09-16 06:23:58.601086,SARAWAK,KUCHING,LADANG/KEBUN SIBURAN,Ladang,,Sayur-Sayuran,02,007,LIMAU NIPIS,F.A.Q,Kilogram,4,4,
30960818,2026-09-16,2026-09-16 06:23:58.601086,SARAWAK,KUCHING,LADANG/KEBUN SIBURAN,Ladang,,Sayur-Sayuran,07,002,PEGAGA,F.A.Q,Kilogram,12,12,
30960819,2026-09-16,2026-09-16 06:23:58.601086,SARAWAK,KUCHING,LADANG/KEBUN SIBURAN,Ladang,,Sayur-Sayuran,02,009,PERIA,F.A.Q,Kilogram,4,4,
30960820,2026-09-16,2026-09-16 06:23:58.601086,SARAWAK,KUCHING,LADANG/KEBUN SIBURAN,Ladang,,Sayur-Sayuran,02,009,PERIA KATAK,F.A.Q,Kilogram,6,6,
30960821,2026-09-16,2026-09-16 06:23:58.601086,SARAWAK,KUCHING,LADANG/KEBUN SIBURAN,Ladang,,Sayur-Sayuran,07,003,PETAI,F.A.Q,RM/5 Keping,4,4,
30960822,2026-09-16,2026-09-16 06:23:58.601086,SARAWAK,KUCHING,LADANG/KEBUN SIBURAN,Ladang,,Sayur-Sayuran,07,002,PUCUK GAJUS,F.A.Q,Kilogram,10,10,
30960823,2026-09-16,2026-09-16 06:23:58.601086,SARAWAK,KUCHING,LADANG/KEBUN SIBURAN,Ladang,,Sayur-Sayuran,03,026,PUCUK PAKU,F.A.Q,Kilogram,4,3,
30960824,2026-09-16,2026-09-16 06:23:58.601086,SARAWAK,KUCHING,LADANG/KEBUN SIBURAN,Ladang,,Sayur-Sayuran,01,002,REBUNG,F.A.Q,Kilogram,3,3,
30960825,2026-09-16,2026-09-16 06:23:58.601086,SARAWAK,KUCHING,LADANG/KEBUN SIBURAN,Ladang,,Sayur-Sayuran,03,007,SAWI BUNGA,F.A.Q,Kilogram,6,4,
30960826,2026-09-16,2026-09-16 06:23:58.601086,SARAWAK,KUCHING,LADANG/KEBUN SIBURAN,Ladang,,Sayur-Sayuran,03,007,SAWI JEPUN,F.A.Q,Kilogram,6,4,
30960827,2026-09-16,2026-09-16 06:23:58.601086,SARAWAK,KUCHING,LADANG/KEBUN SIBURAN,Ladang,,Sayur-Sayuran,03,007,SAWI PAHIT,F.A.Q,Kilogram,6,4,
30960828,2026-09-16,2026-09-16 06:23:58.601086,SARAWAK,KUCHING,LADANG/KEBUN SIBURAN,Ladang,,Sayur-Sayuran,03,007,SAWI PUTIH PAK CHOY,F.A.Q,Kilogram,6,4,
30960829,2026-09-16,2026-09-16 06:23:58.601086,SARAWAK,KUCHING,LADANG/KEBUN SIBURAN,Ladang,,Sayur-Sayuran,07,004,SELASIH,F.A.Q,Kilogram,10,10,
30960830,2026-09-16,2026-09-16 06:23:58.601086,SARAWAK,KUCHING,LADANG/KEBUN SIBURAN,Ladang,,Sayur-Sayuran,05,007,SENGKUANG,F.A.Q,Kilogram,3.5,3.5,
30960831,2026-09-16,2026-09-16 06:23:58.601086,SARAWAK,KUCHING,LADANG/KEBUN SIBURAN,Ladang,,Sayur-Sayuran,05,008,SERAI,F.A.Q,Kilogram,2.5,2.5,
30960832,2026-09-16,2026-09-16 06:23:58.601086,SARAWAK,KUCHING,LADANG/KEBUN SIBURAN,Ladang,,Sayur-Sayuran,02,010,TERUNG ASAM,F.A.Q,Kilogram,7,7,
30960833,2026-09-16,2026-09-16 06:23:58.601086,SARAWAK,KUCHING,LADANG/KEBUN SIBURAN,Ladang,,Sayur-Sayuran,07,002,ULAM RAJA,F.A.Q,Kilogram,2,2,
30960834,2026-09-16,2026-09-16 08:12:41.65186,PULAU PINANG,SEBERANG PERAI TENGAH,PASAR AWAM SEBERANG JAYA,Runcit,26,Buah-Buahan,02,023,NANAS JOSAPINE (AC5),F.A.Q,Kilogram,6,5,
30960835,2026-09-16,2026-09-16 08:12:41.65186,PULAU PINANG,SEBERANG PERAI TENGAH,PASAR AWAM SEBERANG JAYA,Runcit,26,Buah-Buahan,02,023,NANAS JOSAPINE (AC5),F.A.Q,Kilogram,5,5,
30960836,2026-09-16,2026-09-16 08:12:41.65186,PULAU PINANG,SEBERANG PERAI TENGAH,PASAR AWAM SEBERANG JAYA,Runcit,26,Buah-Buahan,02,028,PISANG BERANGAN,F.A.Q,Kilogram,7.6,7.25,
30960837,2026-09-16,2026-09-16 08:12:41.65186,PULAU PINANG,SEBERANG PERAI TENGAH,PASAR AWAM SEBERANG JAYA,Runcit,26,Buah-Buahan,02,034,TEMBIKAI MERAH TANPA BIJI,F.A.Q,Kilogram,5,4.25,
30960838,2026-09-16,2026-09-16 08:12:41.65186,PULAU PINANG,SEBERANG PERAI TENGAH,PASAR AWAM SEBERANG JAYA,Runcit,26,Buah-Buahan,02,034,TEMBIKAI MERAH TANPA BIJI,F.A.Q,Kilogram,4,4.25,
30960839,2026-09-16,2026-09-16 08:13:19.541075,PULAU PINANG,SEBERANG PERAI TENGAH,PASAR AWAM SEBERANG JAYA,Runcit,26,Sayur-Sayuran,05,001,BAWANG BESAR MERAH (INDIA),F.A.Q,Kilogram,4,3.5769231,
30960840,2026-09-16,2026-09-16 08:13:19.541075,PULAU PINANG,SEBERANG PERAI TENGAH,PASAR AWAM SEBERANG JAYA,Runcit,26,Sayur-Sayuran,05,001,BAWANG BESAR MERAH (INDIA),F.A.Q,Kilogram,3.5,3.5769231,
30960841,2026-09-16,2026-09-16 08:13:19.541075,PULAU PINANG,SEBERANG PERAI TENGAH,PASAR AWAM SEBERANG JAYA,Runcit,26,Sayur-Sayuran,05,001,BAWANG PUTIH (CHINA),F.A.Q,Kilogram,10,9.083333,
30960842,2026-09-16,2026-09-16 08:13:19.541075,PULAU PINANG,SEBERANG PERAI TENGAH,PASAR AWAM SEBERANG JAYA,Runcit,26,Sayur-Sayuran,05,001,BAWANG PUTIH (CHINA),F.A.Q,Kilogram,9,9.083333,
30960843,2026-09-16,2026-09-16 08:19:01.664775,PULAU PINANG,SEBERANG PERAI TENGAH,PASAR AWAM SEBERANG JAYA,Runcit,26,Lain-Lain Makanan Proses,15,001,SANTAN PEKAT,F.A.Q,Kilogram,15,11.7,
30960844,2026-09-16,2026-09-16 08:19:13.237033,PULAU PINANG,SEBERANG PERAI TENGAH,PASAR AWAM SEBERANG JAYA,Runcit,26,Tanaman Kontan,05,001,KELAPA DIKUPAS,SEDANG,Biji,2.2,3.43,
30960845,2026-09-16,2026-09-16 08:19:38.791336,PULAU PINANG,SEBERANG PERAI TENGAH,PASAR AWAM SEBERANG JAYA,Runcit,26,Buah-Buahan,02,023,NANAS JOSAPINE (AC5),F.A.Q,Kilogram,5,5,
30960846,2026-09-16,2026-09-16 08:19:38.791336,PULAU PINANG,SEBERANG PERAI TENGAH,PASAR AWAM SEBERANG JAYA,Runcit,26,Buah-Buahan,02,023,NANAS JOSAPINE (AC5),F.A.Q,Kilogram,4,5,
30960847,2026-09-16,2026-09-16 08:19:38.791336,PULAU PINANG,SEBERANG PERAI TENGAH,PASAR AWAM SEBERANG JAYA,Runcit,26,Buah-Buahan,02,028,PISANG BERANGAN,F.A.Q,Kilogram,7,7.25,
30960848,2026-09-16,2026-09-16 08:19:38.791336,PULAU PINANG,SEBERANG PERAI TENGAH,PASAR AWAM SEBERANG JAYA,Runcit,26,Buah-Buahan,02,034,TEMBIKAI MERAH TANPA BIJI,F.A.Q,Kilogram,4,4.25,
30960849,2026-09-16,2026-09-16 08:19:38.791336,PULAU PINANG,SEBERANG PERAI TENGAH,PASAR AWAM SEBERANG JAYA,Runcit,26,Buah-Buahan,02,034,TEMBIKAI MERAH TANPA BIJI,F.A.Q,Kilogram,3.5,4.25,
30960850,2026-09-16,2026-09-16 08:20:12.589135,PULAU PINANG,SEBERANG PERAI TENGAH,PASAR AWAM SEBERANG JAYA,Runcit,26,Ternakan,03,002,AYAM PROSES STANDARD,F.A.Q,Kilogram,11.2,11.2,
30960851,2026-09-16,2026-09-16 08:20:12.589135,PULAU PINANG,SEBERANG PERAI TENGAH,PASAR AWAM SEBERANG JAYA,Runcit,26,Ternakan,02,003,DAGING LEMBU PEJAL,F.A.Q,Kilogram,39,38,
30960852,2026-09-16,2026-09-16 08:20:12.589135,PULAU PINANG,SEBERANG PERAI TENGAH,PASAR AWAM SEBERANG JAYA,Runcit,26,Ternakan,02,003,DAGING LEMBU PEJAL,F.A.Q,Kilogram,37,38,
30960853,2026-09-16,2026-09-16 08:20:12.589135,PULAU PINANG,SEBERANG PERAI TENGAH,PASAR AWAM SEBERANG JAYA,Runcit,26,Ternakan,11,001,TELUR AYAM,B,Biji,0.54,0.54,
30960854,2026-09-16,2026-09-16 08:20:29.468983,PULAU PINANG,SEBERANG PERAI TENGAH,PASAR AWAM SEBERANG JAYA,Runcit,26,Ternakan,03,002,AYAM PROSES STANDARD,F.A.Q,Kilogram,11.2,11.2,
30960855,2026-09-16,2026-09-16 08:22:15.530774,PULAU PINANG,SEBERANG PERAI TENGAH,PASAR AWAM SEBERANG JAYA,Runcit,26,Sayur-Sayuran,03,001,BAYAM,F.A.Q,Kilogram,4,5,
30960856,2026-09-16,2026-09-16 08:22:15.530774,PULAU PINANG,SEBERANG PERAI TENGAH,PASAR AWAM SEBERANG JAYA,Runcit,26,Sayur-Sayuran,02,002,CILI MERAH KULAI / KULAI HIBRID,F.A.Q,Kilogram,18,18.9375,
30960857,2026-09-16,2026-09-16 08:22:15.530774,PULAU PINANG,SEBERANG PERAI TENGAH,PASAR AWAM SEBERANG JAYA,Runcit,26,Sayur-Sayuran,02,002,CILI MERAH MINYAK,F.A.Q,Kilogram,16,15.166667,
30960858,2026-09-16,2026-09-16 08:22:15.530774,PULAU PINANG,SEBERANG PERAI TENGAH,PASAR AWAM SEBERANG JAYA,Runcit,26,Sayur-Sayuran,04,002,KACANG BENDI,F.A.Q,Kilogram,8,10,
30960859,2026-09-16,2026-09-16 08:22:15.530774,PULAU PINANG,SEBERANG PERAI TENGAH,PASAR AWAM SEBERANG JAYA,Runcit,26,Sayur-Sayuran,04,007,KACANG PANJANG HIJAU,F.A.Q,Kilogram,8,8.2,
30960860,2026-09-16,2026-09-16 08:22:15.530774,PULAU PINANG,SEBERANG PERAI TENGAH,PASAR AWAM SEBERANG JAYA,Runcit,26,Sayur-Sayuran,03,006,KUBIS BULAT (TANAH TINGGI),F.A.Q,Kilogram,5,6,
30960861,2026-09-16,2026-09-16 08:22:15.530774,PULAU PINANG,SEBERANG PERAI TENGAH,PASAR AWAM SEBERANG JAYA,Runcit,26,Sayur-Sayuran,03,007,SAWI HIJAU,F.A.Q,Kilogram,4,5,
30960862,2026-09-16,2026-09-16 08:22:15.530774,PULAU PINANG,SEBERANG PERAI TENGAH,PASAR AWAM SEBERANG JAYA,Runcit,26,Sayur-Sayuran,03,007,SAWI HIJAU TANAH TINGGI,F.A.Q,Kilogram,4,6,
30960863,2026-09-16,2026-09-16 08:22:15.530774,PULAU PINANG,SEBERANG PERAI TENGAH,PASAR AWAM SEBERANG JAYA,Runcit,26,Sayur-Sayuran,02,010,TERUNG PANJANG / PEPARU (TANAH RENDAH),F.A.Q,Kilogram,10,10.933333,
30960864,2026-09-16,2026-09-16 08:22:15.530774,PULAU PINANG,SEBERANG PERAI TENGAH,PASAR AWAM SEBERANG JAYA,Runcit,26,Sayur-Sayuran,02,010,TERUNG PANJANG / PEPARU (TANAH RENDAH),F.A.Q,Kilogram,6,10.933333,
30960865,2026-09-16,2026-09-16 08:22:15.530774,PULAU PINANG,SEBERANG PERAI TENGAH,PASAR AWAM SEBERANG JAYA,Runcit,26,Sayur-Sayuran,02,011,TIMUN HIJAU,F.A.Q,Kilogram,3.5,4.625,
30960866,2026-09-16,2026-09-16 08:22:15.530774,PULAU PINANG,SEBERANG PERAI TENGAH,PASAR AWAM SEBERANG JAYA,Runcit,26,Sayur-Sayuran,02,012,TOMATO (TANAH TINGGI),F.A.Q,Kilogram,6,7,
30960867,2026-09-16,2026-09-16 08:25:30.437724,PULAU PINANG,SEBERANG PERAI TENGAH,PASAR BORONG BUKIT MERTAJAM,Borong,20,Sayur-Sayuran,03,001,BAYAM,F.A.Q,Kilogram,2.2,2.2,
30960868,2026-09-16,2026-09-16 08:25:30.437724,PULAU PINANG,SEBERANG PERAI TENGAH,PASAR BORONG BUKIT MERTAJAM,Borong,20,Sayur-Sayuran,02,002,CILI MERAH KULAI / KULAI HIBRID,F.A.Q,Kilogram,18.5,14,
30960869,2026-09-16,2026-09-16 08:25:30.437724,PULAU PINANG,SEBERANG PERAI TENGAH,PASAR BORONG BUKIT MERTAJAM,Borong,20,Sayur-Sayuran,02,002,CILI MERAH KULAI / KULAI HIBRID,F.A.Q,Kilogram,13.5,14,
30960870,2026-09-16,2026-09-16 08:25:30.437724,PULAU PINANG,SEBERANG PERAI TENGAH,PASAR BORONG BUKIT MERTAJAM,Borong,20,Sayur-Sayuran,02,002,CILI MERAH MINYAK,F.A.Q,Kilogram,12,10.47,
30960871,2026-09-16,2026-09-16 08:25:30.437724,PULAU PINANG,SEBERANG PERAI TENGAH,PASAR BORONG BUKIT MERTAJAM,Borong,20,Sayur-Sayuran,02,002,CILI MERAH MINYAK,F.A.Q,Kilogram,8,10.47,
30960872,2026-09-16,2026-09-16 08:25:30.437724,PULAU PINANG,SEBERANG PERAI TENGAH,PASAR BORONG BUKIT MERTAJAM,Borong,20,Sayur-Sayuran,04,002,KACANG BENDI,F.A.Q,Kilogram,4.8,5.5,
30960873,2026-09-16,2026-09-16 08:25:30.437724,PULAU PINANG,SEBERANG PERAI TENGAH,PASAR BORONG BUKIT MERTAJAM,Borong,20,Sayur-Sayuran,04,007,KACANG PANJANG HIJAU,F.A.Q,Kilogram,4.8,6.13,
30960874,2026-09-16,2026-09-16 08:25:30.437724,PULAU PINANG,SEBERANG PERAI TENGAH,PASAR BORONG BUKIT MERTAJAM,Borong,20,Sayur-Sayuran,03,006,KUBIS BULAT (TANAH TINGGI),F.A.Q,Kilogram,2.5,2.8181818,
30960875,2026-09-16,2026-09-16 08:25:30.437724,PULAU PINANG,SEBERANG PERAI TENGAH,PASAR BORONG BUKIT MERTAJAM,Borong,20,Sayur-Sayuran,03,007,SAWI HIJAU,F.A.Q,Kilogram,2.2,2.1,
30960876,2026-09-16,2026-09-16 08:25:30.437724,PULAU PINANG,SEBERANG PERAI TENGAH,PASAR BORONG BUKIT MERTAJAM,Borong,20,Sayur-Sayuran,03,007,SAWI HIJAU TANAH TINGGI,F.A.Q,Kilogram,2.3,2.3142858,
30960877,2026-09-16,2026-09-16 08:25:30.437724,PULAU PINANG,SEBERANG PERAI TENGAH,PASAR BORONG BUKIT MERTAJAM,Borong,20,Sayur-Sayuran,02,010,TERUNG PANJANG / PEPARU (TANAH RENDAH),F.A.Q,Kilogram,6,6,
30960878,2026-09-16,2026-09-16 08:25:30.437724,PULAU PINANG,SEBERANG PERAI TENGAH,PASAR BORONG BUKIT MERTAJAM,Borong,20,Sayur-Sayuran,02,011,TIMUN HIJAU,F.A.Q,Kilogram,1.9,2.1125,
30960879,2026-09-16,2026-09-16 08:25:30.437724,PULAU PINANG,SEBERANG PERAI TENGAH,PASAR BORONG BUKIT MERTAJAM,Borong,20,Sayur-Sayuran,02,011,TIMUN HIJAU,F.A.Q,Kilogram,0.9,2.1125,
30960880,2026-09-16,2026-09-16 08:25:30.437724,PULAU PINANG,SEBERANG PERAI TENGAH,PASAR BORONG BUKIT MERTAJAM,Borong,20,Sayur-Sayuran,02,012,TOMATO (TANAH TINGGI),F.A.Q,Kilogram,4.8,6,
30960881,2026-09-16,2026-09-16 08:25:30.437724,PULAU PINANG,SEBERANG PERAI TENGAH,PASAR BORONG BUKIT MERTAJAM,Borong,20,Sayur-Sayuran,02,012,TOMATO (TANAH TINGGI),F.A.Q,Kilogram,3.6,6,
30960882,2026-09-16,2026-09-16 08:27:52.496363,PULAU PINANG,SEBERANG PERAI TENGAH,PASAR BORONG BUKIT MERTAJAM,Borong,20,Sayur-Sayuran,02,014,BELIMBING BULUH,F.A.Q,Kilogram,3.5,4.85,
30960883,2026-09-16,2026-09-16 08:27:52.496363,PULAU PINANG,SEBERANG PERAI TENGAH,PASAR BORONG BUKIT MERTAJAM,Borong,20,Sayur-Sayuran,03,003,BROKOLI (IMPORT),F.A.Q,Kilogram,7.15,9.9,
30960884,2026-09-16,2026-09-16 08:27:52.496363,PULAU PINANG,SEBERANG PERAI TENGAH,PASAR BORONG BUKIT MERTAJAM,Borong,20,Sayur-Sayuran,03,035,BUNGA KANTAN,F.A.Q,Tangkai,2.5,1,
30960885,2026-09-16,2026-09-16 08:27:52.496363,PULAU PINANG,SEBERANG PERAI TENGAH,PASAR BORONG BUKIT MERTAJAM,Borong,20,Sayur-Sayuran,03,035,BUNGA KANTAN,F.A.Q,Tangkai,1.6,1,
30960886,2026-09-16,2026-09-16 08:27:52.496363,PULAU PINANG,SEBERANG PERAI TENGAH,PASAR BORONG BUKIT MERTAJAM,Borong,20,Sayur-Sayuran,06,001,CENDAWAN TIRAM KELABU,F.A.Q,Kilogram,11,11.36,
30960887,2026-09-16,2026-09-16 08:27:52.496363,PULAU PINANG,SEBERANG PERAI TENGAH,PASAR BORONG BUKIT MERTAJAM,Borong,20,Sayur-Sayuran,02,002,CILI PADI AKAR (THAILAND),F.A.Q,Kilogram,7.5,10.96,
30960888,2026-09-16,2026-09-16 08:27:52.496363,PULAU PINANG,SEBERANG PERAI TENGAH,PASAR BORONG BUKIT MERTAJAM,Borong,20,Sayur-Sayuran,02,002,CILI PADI AKAR (THAILAND),F.A.Q,Kilogram,7,10.96,
30960889,2026-09-16,2026-09-16 08:27:52.496363,PULAU PINANG,SEBERANG PERAI TENGAH,PASAR BORONG BUKIT MERTAJAM,Borong,20,Sayur-Sayuran,03,011,DAUN KESUM,F.A.Q,Kilogram,6,5.98,
30960891,2026-09-16,2026-09-16 08:27:52.496363,PULAU PINANG,SEBERANG PERAI TENGAH,PASAR BORONG BUKIT MERTAJAM,Borong,20,Sayur-Sayuran,07,002,DAUN SELOM,F.A.Q,Kilogram,6,6.99,
30960892,2026-09-16,2026-09-16 08:27:52.496363,PULAU PINANG,SEBERANG PERAI TENGAH,PASAR BORONG BUKIT MERTAJAM,Borong,20,Sayur-Sayuran,05,002,HALIA MUDA,F.A.Q,Kilogram,10,8.69,
30960893,2026-09-16,2026-09-16 08:27:52.496363,PULAU PINANG,SEBERANG PERAI TENGAH,PASAR BORONG BUKIT MERTAJAM,Borong,20,Sayur-Sayuran,05,002,HALIA TUA (IMPORT),F.A.Q,Kilogram,6.7,6.09,
30960894,2026-09-16,2026-09-16 08:27:52.496363,PULAU PINANG,SEBERANG PERAI TENGAH,PASAR BORONG BUKIT MERTAJAM,Borong,20,Sayur-Sayuran,07,003,JERING,F.A.Q,Kilogram,5,6.74,
30960895,2026-09-16,2026-09-16 08:27:52.496363,PULAU PINANG,SEBERANG PERAI TENGAH,PASAR BORONG BUKIT MERTAJAM,Borong,20,Sayur-Sayuran,04,005,KACANG BOTOR,F.A.Q,Kilogram,12,11.39,
30960896,2026-09-16,2026-09-16 08:27:52.496363,PULAU PINANG,SEBERANG PERAI TENGAH,PASAR BORONG BUKIT MERTAJAM,Borong,20,Sayur-Sayuran,03,018,KAILAN,F.A.Q,Kilogram,5,6.82,
30960897,2026-09-16,2026-09-16 08:27:52.496363,PULAU PINANG,SEBERANG PERAI TENGAH,PASAR BORONG BUKIT MERTAJAM,Borong,20,Sayur-Sayuran,05,003,KELADI,F.A.Q,Kilogram,4.5,8.4,
30960898,2026-09-16,2026-09-16 08:27:52.496363,PULAU PINANG,SEBERANG PERAI TENGAH,PASAR BORONG BUKIT MERTAJAM,Borong,20,Sayur-Sayuran,02,004,KETOLA / PETOLA SEGI,F.A.Q,Kilogram,2.8,3,
30960899,2026-09-16,2026-09-16 08:27:52.496363,PULAU PINANG,SEBERANG PERAI TENGAH,PASAR BORONG BUKIT MERTAJAM,Borong,20,Sayur-Sayuran,03,006,KUBIS BULAT BEIJING (IMPORT),F.A.Q,Kilogram,3,3.21,
30960900,2026-09-16,2026-09-16 08:27:52.496363,PULAU PINANG,SEBERANG PERAI TENGAH,PASAR BORONG BUKIT MERTAJAM,Borong,20,Sayur-Sayuran,03,004,KUBIS BUNGA (IMPORT),F.A.Q,Kilogram,4.5,6.69,
30960901,2026-09-16,2026-09-16 08:37:12.325366,SARAWAK,MIRI,PASAR TAMU MUHIBBAH MIRI,Runcit,26,Ternakan,03,002,AYAM PROSES STANDARD,F.A.Q,Kilogram,10.99,10.91,
30960902,2026-09-16,2026-09-16 08:37:12.325366,SARAWAK,MIRI,PASAR TAMU MUHIBBAH MIRI,Runcit,26,Ternakan,02,003,DAGING LEMBU PEJAL,F.A.Q,Kilogram,42.5,42.5,
30960903,2026-09-16,2026-09-16 08:37:12.325366,SARAWAK,MIRI,PASAR TAMU MUHIBBAH MIRI,Runcit,26,Ternakan,11,001,TELUR AYAM,B,Biji,0.48,0.48,
30960904,2026-09-16,2026-09-16 08:41:00.670733,SARAWAK,MIRI,PASAR TAMU MUHIBBAH MIRI,Runcit,26,Sayur-Sayuran,05,001,BAWANG BESAR MERAH (INDIA),F.A.Q,Kilogram,4,4,
30960905,2026-09-16,2026-09-16 08:41:00.670733,SARAWAK,MIRI,PASAR TAMU MUHIBBAH MIRI,Runcit,26,Sayur-Sayuran,05,001,BAWANG PUTIH (CHINA),F.A.Q,Kilogram,7,7,
30960906,2026-09-16,2026-09-16 08:41:00.670733,SARAWAK,MIRI,PASAR TAMU MUHIBBAH MIRI,Runcit,26,Sayur-Sayuran,03,001,BAYAM,F.A.Q,Kilogram,6,6.7777777,
30960907,2026-09-16,2026-09-16 08:41:00.670733,SARAWAK,MIRI,PASAR TAMU MUHIBBAH MIRI,Runcit,26,Sayur-Sayuran,02,002,CILI MERAH KULAI / KULAI HIBRID,F.A.Q,Kilogram,18,18,
30960908,2026-09-16,2026-09-16 08:41:00.670733,SARAWAK,MIRI,PASAR TAMU MUHIBBAH MIRI,Runcit,26,Sayur-Sayuran,02,002,CILI MERAH MINYAK,F.A.Q,Kilogram,16,16,
30960909,2026-09-16,2026-09-16 08:41:00.670733,SARAWAK,MIRI,PASAR TAMU MUHIBBAH MIRI,Runcit,26,Sayur-Sayuran,04,002,KACANG BENDI,F.A.Q,Kilogram,7,7.5555553,
30960910,2026-09-16,2026-09-16 08:41:00.670733,SARAWAK,MIRI,PASAR TAMU MUHIBBAH MIRI,Runcit,26,Sayur-Sayuran,04,007,KACANG PANJANG HIJAU,F.A.Q,Kilogram,7,7.5555553,
30960911,2026-09-16,2026-09-16 08:41:00.670733,SARAWAK,MIRI,PASAR TAMU MUHIBBAH MIRI,Runcit,26,Sayur-Sayuran,03,006,KUBIS BULAT (TANAH TINGGI),F.A.Q,Kilogram,6,6,
30960912,2026-09-16,2026-09-16 08:41:00.670733,SARAWAK,MIRI,PASAR TAMU MUHIBBAH MIRI,Runcit,26,Sayur-Sayuran,03,007,SAWI HIJAU,F.A.Q,Kilogram,10,10,
30960913,2026-09-16,2026-09-16 08:41:00.670733,SARAWAK,MIRI,PASAR TAMU MUHIBBAH MIRI,Runcit,26,Sayur-Sayuran,02,010,TERUNG PANJANG / PEPARU (TANAH RENDAH),F.A.Q,Kilogram,7,7.5555553,
30960914,2026-09-16,2026-09-16 08:41:00.670733,SARAWAK,MIRI,PASAR TAMU MUHIBBAH MIRI,Runcit,26,Sayur-Sayuran,02,011,TIMUN HIJAU,F.A.Q,Kilogram,6,5.7777777,
30960915,2026-09-16,2026-09-16 08:41:00.670733,SARAWAK,MIRI,PASAR TAMU MUHIBBAH MIRI,Runcit,26,Sayur-Sayuran,02,012,TOMATO (TANAH TINGGI),F.A.Q,Kilogram,9,9,
30960916,2026-09-16,2026-09-16 08:41:34.723081,SARAWAK,MIRI,PASAR TAMU MUHIBBAH MIRI,Runcit,26,Tanaman Kontan,05,001,KELAPA DIKUPAS,SEDANG,Biji,3,3,
30960917,2026-09-16,2026-09-16 08:42:23.220634,SARAWAK,MIRI,PASAR TAMU MUHIBBAH MIRI,Borong,20,Ternakan,03,002,AYAM PROSES STANDARD,F.A.Q,Kilogram,9.9,9.9,
30960918,2026-09-16,2026-09-16 08:42:23.220634,SARAWAK,MIRI,PASAR TAMU MUHIBBAH MIRI,Borong,20,Ternakan,02,003,DAGING LEMBU PEJAL,F.A.Q,Kilogram,40,40,
30960919,2026-09-16,2026-09-16 08:42:23.220634,SARAWAK,MIRI,PASAR TAMU MUHIBBAH MIRI,Borong,20,Ternakan,11,001,TELUR AYAM,B,Biji,0.46,0.46,
30960920,2026-09-16,2026-09-16 08:44:50.214189,SARAWAK,MIRI,PASAR TAMU MUHIBBAH MIRI,Borong,20,Sayur-Sayuran,05,001,BAWANG BESAR MERAH (INDIA),F.A.Q,Kilogram,3,3,
30960921,2026-09-16,2026-09-16 08:44:50.214189,SARAWAK,MIRI,PASAR TAMU MUHIBBAH MIRI,Borong,20,Sayur-Sayuran,05,001,BAWANG PUTIH (CHINA),F.A.Q,Kilogram,6,6,
30960922,2026-09-16,2026-09-16 08:44:50.214189,SARAWAK,MIRI,PASAR TAMU MUHIBBAH MIRI,Borong,20,Sayur-Sayuran,03,001,BAYAM,F.A.Q,Kilogram,5,5.7777777,
30960923,2026-09-16,2026-09-16 08:44:50.214189,SARAWAK,MIRI,PASAR TAMU MUHIBBAH MIRI,Borong,20,Sayur-Sayuran,02,002,CILI MERAH KULAI / KULAI HIBRID,F.A.Q,Kilogram,16,16,
30960924,2026-09-16,2026-09-16 08:44:50.214189,SARAWAK,MIRI,PASAR TAMU MUHIBBAH MIRI,Borong,20,Sayur-Sayuran,02,002,CILI MERAH MINYAK,F.A.Q,Kilogram,14,14,
30960925,2026-09-16,2026-09-16 08:44:50.214189,SARAWAK,MIRI,PASAR TAMU MUHIBBAH MIRI,Borong,20,Sayur-Sayuran,04,002,KACANG BENDI,F.A.Q,Kilogram,6,6.5555553,
30960926,2026-09-16,2026-09-16 08:44:50.214189,SARAWAK,MIRI,PASAR TAMU MUHIBBAH MIRI,Borong,20,Sayur-Sayuran,04,007,KACANG PANJANG HIJAU,F.A.Q,Kilogram,6,6.5555553,
30960927,2026-09-16,2026-09-16 08:44:50.214189,SARAWAK,MIRI,PASAR TAMU MUHIBBAH MIRI,Borong,20,Sayur-Sayuran,03,006,KUBIS BULAT (TANAH TINGGI),F.A.Q,Kilogram,5,5,
30960928,2026-09-16,2026-09-16 08:44:50.214189,SARAWAK,MIRI,PASAR TAMU MUHIBBAH MIRI,Borong,20,Sayur-Sayuran,03,007,SAWI HIJAU,F.A.Q,Kilogram,9,9,
30960929,2026-09-16,2026-09-16 08:44:50.214189,SARAWAK,MIRI,PASAR TAMU MUHIBBAH MIRI,Borong,20,Sayur-Sayuran,02,010,TERUNG PANJANG / PEPARU (TANAH RENDAH),F.A.Q,Kilogram,6,6.5555553,
30960930,2026-09-16,2026-09-16 08:44:50.214189,SARAWAK,MIRI,PASAR TAMU MUHIBBAH MIRI,Borong,20,Sayur-Sayuran,02,011,TIMUN HIJAU,F.A.Q,Kilogram,5,4.7777777,
30960931,2026-09-16,2026-09-16 08:44:50.214189,SARAWAK,MIRI,PASAR TAMU MUHIBBAH MIRI,Borong,20,Sayur-Sayuran,02,012,TOMATO (TANAH TINGGI),F.A.Q,Kilogram,8,8,
30960932,2026-09-16,2026-09-16 08:45:18.706236,SARAWAK,MIRI,PASAR TAMU MUHIBBAH MIRI,Borong,20,Tanaman Kontan,05,001,KELAPA DIKUPAS,SEDANG,Biji,2.5,2.5,
30960933,2026-09-16,2026-09-16 08:45:42.201889,W.P. KUALA LUMPUR,BATU,PASAR HARIAN SELAYANG,Runcit,26,Ternakan,03,002,AYAM PROSES STANDARD,F.A.Q,Kilogram,10,9.957143,
30960934,2026-09-16,2026-09-16 08:45:42.201889,W.P. KUALA LUMPUR,BATU,PASAR HARIAN SELAYANG,Runcit,26,Ternakan,03,002,AYAM PROSES STANDARD,F.A.Q,Kilogram,9.8,9.957143,
30960935,2026-09-16,2026-09-16 08:45:42.201889,W.P. KUALA LUMPUR,BATU,PASAR HARIAN SELAYANG,Runcit,26,Sayur-Sayuran,05,001,BAWANG BESAR MERAH (INDIA),F.A.Q,Kilogram,3.5,3.78125,
30960936,2026-09-16,2026-09-16 08:45:42.201889,W.P. KUALA LUMPUR,BATU,PASAR HARIAN SELAYANG,Runcit,26,Sayur-Sayuran,05,001,BAWANG BESAR MERAH (INDIA),F.A.Q,Kilogram,4,3.78125,
30960937,2026-09-16,2026-09-16 08:45:42.201889,W.P. KUALA LUMPUR,BATU,PASAR HARIAN SELAYANG,Runcit,26,Sayur-Sayuran,05,001,BAWANG PUTIH (CHINA),F.A.Q,Kilogram,11,11.4,
30960938,2026-09-16,2026-09-16 08:45:42.201889,W.P. KUALA LUMPUR,BATU,PASAR HARIAN SELAYANG,Runcit,26,Sayur-Sayuran,05,001,BAWANG PUTIH (CHINA),F.A.Q,Kilogram,12,11.4,
30960939,2026-09-16,2026-09-16 08:45:42.201889,W.P. KUALA LUMPUR,BATU,PASAR HARIAN SELAYANG,Runcit,26,Sayur-Sayuran,03,001,BAYAM,F.A.Q,Kilogram,3,3.5625,
30960940,2026-09-16,2026-09-16 08:45:42.201889,W.P. KUALA LUMPUR,BATU,PASAR HARIAN SELAYANG,Runcit,26,Sayur-Sayuran,03,001,BAYAM,F.A.Q,Kilogram,4,3.5625,
30960941,2026-09-16,2026-09-16 08:45:42.201889,W.P. KUALA LUMPUR,BATU,PASAR HARIAN SELAYANG,Runcit,26,Sayur-Sayuran,02,002,CILI MERAH KULAI / KULAI HIBRID,F.A.Q,Kilogram,16,16.5625,
30960942,2026-09-16,2026-09-16 08:45:42.201889,W.P. KUALA LUMPUR,BATU,PASAR HARIAN SELAYANG,Runcit,26,Sayur-Sayuran,02,002,CILI MERAH KULAI / KULAI HIBRID,F.A.Q,Kilogram,16,16.5625,
30960943,2026-09-16,2026-09-16 08:45:42.201889,W.P. KUALA LUMPUR,BATU,PASAR HARIAN SELAYANG,Runcit,26,Sayur-Sayuran,02,002,CILI MERAH MINYAK,F.A.Q,Kilogram,12,12.125,
30960944,2026-09-16,2026-09-16 08:45:42.201889,W.P. KUALA LUMPUR,BATU,PASAR HARIAN SELAYANG,Runcit,26,Sayur-Sayuran,02,002,CILI MERAH MINYAK,F.A.Q,Kilogram,13,12.125,
30960945,2026-09-16,2026-09-16 08:45:42.201889,W.P. KUALA LUMPUR,BATU,PASAR HARIAN SELAYANG,Runcit,26,Sayur-Sayuran,04,002,KACANG BENDI,F.A.Q,Kilogram,6,6.34375,
30960946,2026-09-16,2026-09-16 08:45:42.201889,W.P. KUALA LUMPUR,BATU,PASAR HARIAN SELAYANG,Runcit,26,Sayur-Sayuran,04,002,KACANG BENDI,F.A.Q,Kilogram,6,6.34375,
30960947,2026-09-16,2026-09-16 08:45:42.201889,W.P. KUALA LUMPUR,BATU,PASAR HARIAN SELAYANG,Runcit,26,Sayur-Sayuran,04,007,KACANG PANJANG HIJAU,F.A.Q,Kilogram,7,5.34375,
30960948,2026-09-16,2026-09-16 08:45:42.201889,W.P. KUALA LUMPUR,BATU,PASAR HARIAN SELAYANG,Runcit,26,Sayur-Sayuran,04,007,KACANG PANJANG HIJAU,F.A.Q,Kilogram,7,5.34375,
30960949,2026-09-16,2026-09-16 08:45:42.201889,W.P. KUALA LUMPUR,BATU,PASAR HARIAN SELAYANG,Runcit,26,Tanaman Kontan,05,001,KELAPA DIKUPAS,SEDANG,Biji,3.5,3.5,
30960950,2026-09-16,2026-09-16 08:45:42.201889,W.P. KUALA LUMPUR,BATU,PASAR HARIAN SELAYANG,Runcit,26,Sayur-Sayuran,03,006,KUBIS BULAT (TANAH TINGGI),F.A.Q,Kilogram,4.5,4.3333335,
30960951,2026-09-16,2026-09-16 08:45:42.201889,W.P. KUALA LUMPUR,BATU,PASAR HARIAN SELAYANG,Runcit,26,Buah-Buahan,02,023,NANAS JOSAPINE (AC5),F.A.Q,Kilogram,4,3.9285715,
30960952,2026-09-16,2026-09-16 08:45:42.201889,W.P. KUALA LUMPUR,BATU,PASAR HARIAN SELAYANG,Runcit,26,Buah-Buahan,02,028,PISANG BERANGAN,F.A.Q,Kilogram,6.5,6.5,
30960953,2026-09-16,2026-09-16 08:45:42.201889,W.P. KUALA LUMPUR,BATU,PASAR HARIAN SELAYANG,Runcit,26,Lain-Lain Makanan Proses,15,001,SANTAN PEKAT,F.A.Q,Kilogram,14,14,
30960954,2026-09-16,2026-09-16 08:45:42.201889,W.P. KUALA LUMPUR,BATU,PASAR HARIAN SELAYANG,Runcit,26,Sayur-Sayuran,03,007,SAWI HIJAU,F.A.Q,Kilogram,4.5,4.3,
30960955,2026-09-16,2026-09-16 08:45:42.201889,W.P. KUALA LUMPUR,BATU,PASAR HARIAN SELAYANG,Runcit,26,Sayur-Sayuran,03,007,SAWI HIJAU,F.A.Q,Kilogram,5,4.3,
30960956,2026-09-16,2026-09-16 08:45:42.201889,W.P. KUALA LUMPUR,BATU,PASAR HARIAN SELAYANG,Runcit,26,Ternakan,11,001,TELUR AYAM,B,Biji,0.5,0.5,
30960957,2026-09-16,2026-09-16 08:45:42.201889,W.P. KUALA LUMPUR,BATU,PASAR HARIAN SELAYANG,Runcit,26,Buah-Buahan,02,034,TEMBIKAI MERAH TANPA BIJI,F.A.Q,Kilogram,3.8,3.8,
30960958,2026-09-16,2026-09-16 08:45:42.201889,W.P. KUALA LUMPUR,BATU,PASAR HARIAN SELAYANG,Runcit,26,Sayur-Sayuran,02,010,TERUNG PANJANG / PEPARU (TANAH RENDAH),F.A.Q,Kilogram,8,8.28125,
30960959,2026-09-16,2026-09-16 08:45:42.201889,W.P. KUALA LUMPUR,BATU,PASAR HARIAN SELAYANG,Runcit,26,Sayur-Sayuran,02,010,TERUNG PANJANG / PEPARU (TANAH RENDAH),F.A.Q,Kilogram,7.5,8.28125,
30960960,2026-09-16,2026-09-16 08:45:42.201889,W.P. KUALA LUMPUR,BATU,PASAR HARIAN SELAYANG,Runcit,26,Sayur-Sayuran,02,011,TIMUN HIJAU,F.A.Q,Kilogram,2.5,2.95625,
30960961,2026-09-16,2026-09-16 08:45:42.201889,W.P. KUALA LUMPUR,BATU,PASAR HARIAN SELAYANG,Runcit,26,Sayur-Sayuran,02,011,TIMUN HIJAU,F.A.Q,Kilogram,2.3,2.95625,
30960962,2026-09-16,2026-09-16 08:45:42.201889,W.P. KUALA LUMPUR,BATU,PASAR HARIAN SELAYANG,Runcit,26,Sayur-Sayuran,02,012,TOMATO (TANAH TINGGI),F.A.Q,Kilogram,6,8.15625,
30960963,2026-09-16,2026-09-16 08:45:42.201889,W.P. KUALA LUMPUR,BATU,PASAR HARIAN SELAYANG,Runcit,26,Sayur-Sayuran,02,012,TOMATO (TANAH TINGGI),F.A.Q,Kilogram,5.5,8.15625,
30960964,2026-09-16,2026-09-16 08:46:06.814161,SARAWAK,MIRI,[LOKASI KUTIPAN HARGA LADANG] BEKENU,Ladang,,Ternakan,11,001,TELUR AYAM,B,Biji,0.44,0.44,
30960965,2026-09-16,2026-09-16 08:47:39.006144,SARAWAK,MIRI,[LOKASI KUTIPAN HARGA LADANG] BEKENU,Ladang,,Sayur-Sayuran,03,001,BAYAM,F.A.Q,Kilogram,4,4.7777777,
30960966,2026-09-16,2026-09-16 08:47:39.006144,SARAWAK,MIRI,[LOKASI KUTIPAN HARGA LADANG] BEKENU,Ladang,,Sayur-Sayuran,02,002,CILI MERAH KULAI / KULAI HIBRID,F.A.Q,Kilogram,14,14,
30960967,2026-09-16,2026-09-16 08:47:39.006144,SARAWAK,MIRI,[LOKASI KUTIPAN HARGA LADANG] BEKENU,Ladang,,Sayur-Sayuran,02,002,CILI MERAH MINYAK,F.A.Q,Kilogram,12,12,
30960968,2026-09-16,2026-09-16 08:47:39.006144,SARAWAK,MIRI,[LOKASI KUTIPAN HARGA LADANG] BEKENU,Ladang,,Sayur-Sayuran,04,002,KACANG BENDI,F.A.Q,Kilogram,5,5.5555553,
30960969,2026-09-16,2026-09-16 08:47:39.006144,SARAWAK,MIRI,[LOKASI KUTIPAN HARGA LADANG] BEKENU,Ladang,,Sayur-Sayuran,04,007,KACANG PANJANG HIJAU,F.A.Q,Kilogram,5,5.5555553,
30960970,2026-09-16,2026-09-16 08:47:39.006144,SARAWAK,MIRI,[LOKASI KUTIPAN HARGA LADANG] BEKENU,Ladang,,Sayur-Sayuran,03,007,SAWI HIJAU,F.A.Q,Kilogram,8,8,
30960971,2026-09-16,2026-09-16 08:47:39.006144,SARAWAK,MIRI,[LOKASI KUTIPAN HARGA LADANG] BEKENU,Ladang,,Sayur-Sayuran,02,010,TERUNG PANJANG / PEPARU (TANAH RENDAH),F.A.Q,Kilogram,5,5.5555553,
30960972,2026-09-16,2026-09-16 08:47:39.006144,SARAWAK,MIRI,[LOKASI KUTIPAN HARGA LADANG] BEKENU,Ladang,,Sayur-Sayuran,02,011,TIMUN HIJAU,F.A.Q,Kilogram,4,3.8888888,
30960973,2026-09-16,2026-09-16 08:48:00.55416,SARAWAK,MIRI,[LOKASI KUTIPAN HARGA LADANG] BEKENU,Ladang,,Tanaman Kontan,05,001,KELAPA DIKUPAS,SEDANG,Biji,2,2,
30960974,2026-09-16,2026-09-16 08:48:54.858638,SARAWAK,MIRI,[LOKASI KUTIPAN HARGA LADANG] BEKENU,Ladang,,Buah-Buahan,02,023,NANAS JOSAPINE (AC5),F.A.Q,Kilogram,3,3,
30960975,2026-09-16,2026-09-16 08:48:54.858638,SARAWAK,MIRI,[LOKASI KUTIPAN HARGA LADANG] BEKENU,Ladang,,Buah-Buahan,02,028,PISANG BERANGAN,F.A.Q,Kilogram,5,5,
30960976,2026-09-16,2026-09-16 08:48:54.858638,SARAWAK,MIRI,[LOKASI KUTIPAN HARGA LADANG] BEKENU,Ladang,,Buah-Buahan,02,034,TEMBIKAI MERAH TANPA BIJI,F.A.Q,Kilogram,3,3,
30960977,2026-09-16,2026-09-16 08:50:10.867034,PULAU PINANG,SEBERANG PERAI SELATAN,LADANG/KEBUN KAMPUNG VALDOR,Ladang,,Ternakan,11,001,TELUR AYAM,B,Biji,0.46,0.46,
30960978,2026-09-16,2026-09-16 08:50:11.320777,SARAWAK,MIRI,PASAR TAMU MUHIBBAH MIRI,Runcit,26,Buah-Buahan,02,023,NANAS JOSAPINE (AC5),F.A.Q,Kilogram,5,5,
30960979,2026-09-16,2026-09-16 08:50:11.320777,SARAWAK,MIRI,PASAR TAMU MUHIBBAH MIRI,Runcit,26,Buah-Buahan,02,028,PISANG BERANGAN,F.A.Q,Kilogram,7,7,
30960980,2026-09-16,2026-09-16 08:50:11.320777,SARAWAK,MIRI,PASAR TAMU MUHIBBAH MIRI,Runcit,26,Buah-Buahan,02,034,TEMBIKAI MERAH TANPA BIJI,F.A.Q,Kilogram,5,5,
30960981,2026-09-16,2026-09-16 08:50:28.517119,PULAU PINANG,SEBERANG PERAI UTARA,[PROJEK] TKPM ARA KUDA,Ladang,,Buah-Buahan,02,028,PISANG BERANGAN,F.A.Q,Kilogram,3.8,2.48,
30960982,2026-09-16,2026-09-16 08:50:28.517119,PULAU PINANG,SEBERANG PERAI UTARA,[PROJEK] TKPM ARA KUDA,Ladang,,Buah-Buahan,02,028,PISANG BERANGAN,F.A.Q,Kilogram,2.7,2.48,
30960983,2026-09-16,2026-09-16 08:51:03.292706,SARAWAK,MIRI,PASAR TAMU MUHIBBAH MIRI,Borong,20,Buah-Buahan,02,023,NANAS JOSAPINE (AC5),F.A.Q,Kilogram,4,4,
30960984,2026-09-16,2026-09-16 08:51:03.292706,SARAWAK,MIRI,PASAR TAMU MUHIBBAH MIRI,Borong,20,Buah-Buahan,02,028,PISANG BERANGAN,F.A.Q,Kilogram,6,6,
30960985,2026-09-16,2026-09-16 08:51:03.292706,SARAWAK,MIRI,PASAR TAMU MUHIBBAH MIRI,Borong,20,Buah-Buahan,02,034,TEMBIKAI MERAH TANPA BIJI,F.A.Q,Kilogram,4,4,
30960986,2026-09-16,2026-09-16 08:52:10.047392,PULAU PINANG,SEBERANG PERAI UTARA,[PROJEK] TKPM ARA KUDA,Ladang,,Sayur-Sayuran,03,001,BAYAM,F.A.Q,Kilogram,1.3,2.26,
30960987,2026-09-16,2026-09-16 08:52:10.047392,PULAU PINANG,SEBERANG PERAI UTARA,[PROJEK] TKPM ARA KUDA,Ladang,,Sayur-Sayuran,02,002,CILI MERAH KULAI / KULAI HIBRID,F.A.Q,Kilogram,14.5,10.3,
30960988,2026-09-16,2026-09-16 08:52:10.047392,PULAU PINANG,SEBERANG PERAI UTARA,[PROJEK] TKPM ARA KUDA,Ladang,,Sayur-Sayuran,02,002,CILI MERAH KULAI / KULAI HIBRID,F.A.Q,Kilogram,9,10.3,
30960989,2026-09-16,2026-09-16 08:52:10.047392,PULAU PINANG,SEBERANG PERAI UTARA,[PROJEK] TKPM ARA KUDA,Ladang,,Sayur-Sayuran,04,002,KACANG BENDI,F.A.Q,Kilogram,2.8,3.55,
30960990,2026-09-16,2026-09-16 08:52:10.047392,PULAU PINANG,SEBERANG PERAI UTARA,[PROJEK] TKPM ARA KUDA,Ladang,,Sayur-Sayuran,04,007,KACANG PANJANG HIJAU,F.A.Q,Kilogram,2.7,4.06,
30960991,2026-09-16,2026-09-16 08:52:10.047392,PULAU PINANG,SEBERANG PERAI UTARA,[PROJEK] TKPM ARA KUDA,Ladang,,Sayur-Sayuran,03,007,SAWI HIJAU,F.A.Q,Kilogram,1.3,2.78,
30960992,2026-09-16,2026-09-16 08:52:10.047392,PULAU PINANG,SEBERANG PERAI UTARA,[PROJEK] TKPM ARA KUDA,Ladang,,Sayur-Sayuran,02,010,TERUNG PANJANG / PEPARU (TANAH RENDAH),F.A.Q,Kilogram,3.5,4.6,
30960993,2026-09-16,2026-09-16 08:52:10.047392,PULAU PINANG,SEBERANG PERAI UTARA,[PROJEK] TKPM ARA KUDA,Ladang,,Sayur-Sayuran,02,011,TIMUN HIJAU,F.A.Q,Kilogram,0.6,1.3333334,
30960994,2026-09-16,2026-09-16 08:56:16.479995,TERENGGANU,KUALA TERENGGANU,PASAR BORONG GONG PAUH,Borong,,Ternakan,03,002,AYAM PROSES STANDARD,F.A.Q,Kilogram,9.3,8.75,
30960995,2026-09-16,2026-09-16 08:56:16.559945,TERENGGANU,KUALA TERENGGANU,PASAR BORONG GONG PAUH,Borong,,Ternakan,02,003,DAGING LEMBU PEJAL,F.A.Q,Kilogram,26,40,
30960996,2026-09-16,2026-09-16 08:56:57.449859,TERENGGANU,KUALA TERENGGANU,PASAR BORONG GONG PAUH,Borong,,Ternakan,03,002,AYAM PROSES STANDARD,F.A.Q,Kilogram,10,8.75,
30960997,2026-09-16,2026-09-16 08:56:57.502658,TERENGGANU,KUALA TERENGGANU,PASAR BORONG GONG PAUH,Borong,,Ternakan,02,003,DAGING LEMBU PEJAL,F.A.Q,Kilogram,26,40,
30960998,2026-09-16,2026-09-16 08:58:28.074804,TERENGGANU,KUALA TERENGGANU,PASAR BORONG GONG PAUH,Borong,,Buah-Buahan,02,028,PISANG BERANGAN,F.A.Q,Kilogram,5,3.93,
30960999,2026-09-16,2026-09-16 08:58:28.138434,TERENGGANU,KUALA TERENGGANU,PASAR BORONG GONG PAUH,Borong,,Buah-Buahan,02,034,TEMBIKAI MERAH TANPA BIJI,F.A.Q,Kilogram,2.5,3.55,
30961000,2026-09-16,2026-09-16 08:58:28.208086,TERENGGANU,KUALA TERENGGANU,PASAR BORONG GONG PAUH,Borong,,Sayur-Sayuran,05,001,BAWANG BESAR MERAH (INDIA),F.A.Q,Kilogram,2.2,2.73,
30961001,2026-09-16,2026-09-16 08:58:28.274103,TERENGGANU,KUALA TERENGGANU,PASAR BORONG GONG PAUH,Borong,,Sayur-Sayuran,05,001,BAWANG PUTIH (CHINA),F.A.Q,Kilogram,6,5.98,
30961002,2026-09-16,2026-09-16 08:58:28.34332,TERENGGANU,KUALA TERENGGANU,PASAR BORONG GONG PAUH,Borong,,Ternakan,11,001,TELUR AYAM,B,Biji,0.48,0.43,
30961003,2026-09-16,2026-09-16 08:59:03.17693,TERENGGANU,KUALA TERENGGANU,PASAR BORONG GONG PAUH,Borong,,Buah-Buahan,02,023,NANAS JOSAPINE (AC5),F.A.Q,Kilogram,3.5,3.5,
30961004,2026-09-16,2026-09-16 08:59:03.237465,TERENGGANU,KUALA TERENGGANU,PASAR BORONG GONG PAUH,Borong,,Buah-Buahan,02,028,PISANG BERANGAN,F.A.Q,Kilogram,5,3.93,
30961005,2026-09-16,2026-09-16 08:59:03.306277,TERENGGANU,KUALA TERENGGANU,PASAR BORONG GONG PAUH,Borong,,Buah-Buahan,02,034,TEMBIKAI MERAH TANPA BIJI,F.A.Q,Kilogram,2.5,3.55,
30961006,2026-09-16,2026-09-16 08:59:33.331443,TERENGGANU,KUALA TERENGGANU,PASAR BORONG GONG PAUH,Borong,,Tanaman Kontan,05,001,KELAPA DIKUPAS,SEDANG,Biji,2.8,1.79,
30961007,2026-09-16,2026-09-16 09:00:30.417662,KELANTAN,KOTA BHARU,[PROJEK] PROJEK SAYUR KG. WAKAF STAN,Ladang,,Sayur-Sayuran,02,002,CILI MERAH KULAI / KULAI HIBRID,F.A.Q,Kilogram,10,10.909091,
30961008,2026-09-16,2026-09-16 09:00:30.417662,KELANTAN,KOTA BHARU,[PROJEK] PROJEK SAYUR KG. WAKAF STAN,Ladang,,Sayur-Sayuran,02,002,CILI MERAH KULAI / KULAI HIBRID,F.A.Q,Kilogram,10,10.909091,
30961009,2026-09-16,2026-09-16 09:00:30.417662,KELANTAN,KOTA BHARU,[PROJEK] PROJEK SAYUR KG. WAKAF STAN,Ladang,,Sayur-Sayuran,02,002,CILI MERAH KULAI / KULAI HIBRID,F.A.Q,Kilogram,10,10.909091,
30961010,2026-09-16,2026-09-16 09:00:30.417662,KELANTAN,KOTA BHARU,[PROJEK] PROJEK SAYUR KG. WAKAF STAN,Ladang,,Sayur-Sayuran,04,002,KACANG BENDI,F.A.Q,Kilogram,4,4.4545455,
30961011,2026-09-16,2026-09-16 09:00:30.417662,KELANTAN,KOTA BHARU,[PROJEK] PROJEK SAYUR KG. WAKAF STAN,Ladang,,Sayur-Sayuran,04,002,KACANG BENDI,F.A.Q,Kilogram,4,4.4545455,
30961012,2026-09-16,2026-09-16 09:00:30.417662,KELANTAN,KOTA BHARU,[PROJEK] PROJEK SAYUR KG. WAKAF STAN,Ladang,,Sayur-Sayuran,04,002,KACANG BENDI,F.A.Q,Kilogram,4,4.4545455,
30961013,2026-09-16,2026-09-16 09:00:30.417662,KELANTAN,KOTA BHARU,[PROJEK] PROJEK SAYUR KG. WAKAF STAN,Ladang,,Sayur-Sayuran,04,007,KACANG PANJANG HIJAU,F.A.Q,Kilogram,4,4.4545455,
30961014,2026-09-16,2026-09-16 09:00:30.417662,KELANTAN,KOTA BHARU,[PROJEK] PROJEK SAYUR KG. WAKAF STAN,Ladang,,Sayur-Sayuran,04,007,KACANG PANJANG HIJAU,F.A.Q,Kilogram,4,4.4545455,
30961015,2026-09-16,2026-09-16 09:00:30.417662,KELANTAN,KOTA BHARU,[PROJEK] PROJEK SAYUR KG. WAKAF STAN,Ladang,,Sayur-Sayuran,04,007,KACANG PANJANG HIJAU,F.A.Q,Kilogram,4,4.4545455,
30961016,2026-09-16,2026-09-16 09:00:30.417662,KELANTAN,KOTA BHARU,[PROJEK] PROJEK SAYUR KG. WAKAF STAN,Ladang,,Sayur-Sayuran,02,010,TERUNG PANJANG / PEPARU (TANAH RENDAH),F.A.Q,Kilogram,3,3,
30961017,2026-09-16,2026-09-16 09:00:30.417662,KELANTAN,KOTA BHARU,[PROJEK] PROJEK SAYUR KG. WAKAF STAN,Ladang,,Sayur-Sayuran,02,010,TERUNG PANJANG / PEPARU (TANAH RENDAH),F.A.Q,Kilogram,3,3,
30961018,2026-09-16,2026-09-16 09:00:30.417662,KELANTAN,KOTA BHARU,[PROJEK] PROJEK SAYUR KG. WAKAF STAN,Ladang,,Sayur-Sayuran,02,010,TERUNG PANJANG / PEPARU (TANAH RENDAH),F.A.Q,Kilogram,3,3,
30961019,2026-09-16,2026-09-16 09:00:30.417662,KELANTAN,KOTA BHARU,[PROJEK] PROJEK SAYUR KG. WAKAF STAN,Ladang,,Sayur-Sayuran,02,011,TIMUN HIJAU,F.A.Q,Kilogram,1.5,1.5,
30961020,2026-09-16,2026-09-16 09:00:30.417662,KELANTAN,KOTA BHARU,[PROJEK] PROJEK SAYUR KG. WAKAF STAN,Ladang,,Sayur-Sayuran,02,011,TIMUN HIJAU,F.A.Q,Kilogram,1.5,1.5,
30961021,2026-09-16,2026-09-16 09:00:30.417662,KELANTAN,KOTA BHARU,[PROJEK] PROJEK SAYUR KG. WAKAF STAN,Ladang,,Sayur-Sayuran,02,011,TIMUN HIJAU,F.A.Q,Kilogram,1.5,1.5,
30961022,2026-09-16,2026-09-16 09:00:43.512647,KELANTAN,BACHOK,"LADANG/KEBUN TEPUS, GUNONG",Ladang,,Ternakan,01,003,AYAM HIDUP,F.A.Q,Kilogram,7,7,
30961023,2026-09-16,2026-09-16 09:01:36.167891,KELANTAN,TUMPAT,"[PROJEK] PROJEK PERTANIAN BERKELOMPOK KG KELABORAN, TUMPAT",Ladang,,Sayur-Sayuran,03,001,BAYAM,F.A.Q,Kilogram,3.5,3.5,
30961024,2026-09-16,2026-09-16 09:01:36.167891,KELANTAN,TUMPAT,"[PROJEK] PROJEK PERTANIAN BERKELOMPOK KG KELABORAN, TUMPAT",Ladang,,Sayur-Sayuran,03,001,BAYAM,F.A.Q,Kilogram,3.5,3.5,
30961025,2026-09-16,2026-09-16 09:01:36.167891,KELANTAN,TUMPAT,"[PROJEK] PROJEK PERTANIAN BERKELOMPOK KG KELABORAN, TUMPAT",Ladang,,Sayur-Sayuran,03,001,BAYAM,F.A.Q,Kilogram,3.5,3.5,
30961026,2026-09-16,2026-09-16 09:01:36.167891,KELANTAN,TUMPAT,"[PROJEK] PROJEK PERTANIAN BERKELOMPOK KG KELABORAN, TUMPAT",Ladang,,Sayur-Sayuran,03,007,SAWI HIJAU,F.A.Q,Kilogram,3.5,3.4848485,
30961027,2026-09-16,2026-09-16 09:01:36.167891,KELANTAN,TUMPAT,"[PROJEK] PROJEK PERTANIAN BERKELOMPOK KG KELABORAN, TUMPAT",Ladang,,Sayur-Sayuran,03,007,SAWI HIJAU,F.A.Q,Kilogram,3.5,3.4848485,
30961028,2026-09-16,2026-09-16 09:01:36.167891,KELANTAN,TUMPAT,"[PROJEK] PROJEK PERTANIAN BERKELOMPOK KG KELABORAN, TUMPAT",Ladang,,Sayur-Sayuran,03,007,SAWI HIJAU,F.A.Q,Kilogram,3.5,3.4848485,
30961029,2026-09-16,2026-09-16 09:02:30.273081,PULAU PINANG,SEBERANG PERAI TENGAH,PASAR AWAM SEBERANG JAYA,Runcit,26,Sayur-Sayuran,03,001,BAYAM,F.A.Q,Kilogram,5,5,
30961030,2026-09-16,2026-09-16 09:02:30.273081,PULAU PINANG,SEBERANG PERAI TENGAH,PASAR AWAM SEBERANG JAYA,Runcit,26,Sayur-Sayuran,02,002,CILI MERAH KULAI / KULAI HIBRID,F.A.Q,Kilogram,25,18.9375,
30961031,2026-09-16,2026-09-16 09:02:30.273081,PULAU PINANG,SEBERANG PERAI TENGAH,PASAR AWAM SEBERANG JAYA,Runcit,26,Sayur-Sayuran,02,002,CILI MERAH KULAI / KULAI HIBRID,F.A.Q,Kilogram,20,18.9375,
30961032,2026-09-16,2026-09-16 09:02:30.273081,PULAU PINANG,SEBERANG PERAI TENGAH,PASAR AWAM SEBERANG JAYA,Runcit,26,Sayur-Sayuran,02,002,CILI MERAH MINYAK,F.A.Q,Kilogram,18,15.166667,
30961033,2026-09-16,2026-09-16 09:02:30.273081,PULAU PINANG,SEBERANG PERAI TENGAH,PASAR AWAM SEBERANG JAYA,Runcit,26,Sayur-Sayuran,04,002,KACANG BENDI,F.A.Q,Kilogram,10,10,
30961034,2026-09-16,2026-09-16 09:02:30.273081,PULAU PINANG,SEBERANG PERAI TENGAH,PASAR AWAM SEBERANG JAYA,Runcit,26,Sayur-Sayuran,04,007,KACANG PANJANG HIJAU,F.A.Q,Kilogram,8,8.2,
30961035,2026-09-16,2026-09-16 09:02:30.273081,PULAU PINANG,SEBERANG PERAI TENGAH,PASAR AWAM SEBERANG JAYA,Runcit,26,Sayur-Sayuran,03,006,KUBIS BULAT (TANAH TINGGI),F.A.Q,Kilogram,5,6,
30961036,2026-09-16,2026-09-16 09:02:30.273081,PULAU PINANG,SEBERANG PERAI TENGAH,PASAR AWAM SEBERANG JAYA,Runcit,26,Sayur-Sayuran,03,007,SAWI HIJAU,F.A.Q,Kilogram,5,5,
30961037,2026-09-16,2026-09-16 09:02:30.273081,PULAU PINANG,SEBERANG PERAI TENGAH,PASAR AWAM SEBERANG JAYA,Runcit,26,Sayur-Sayuran,03,007,SAWI HIJAU TANAH TINGGI,F.A.Q,Kilogram,6,6,
30961038,2026-09-16,2026-09-16 09:02:30.273081,PULAU PINANG,SEBERANG PERAI TENGAH,PASAR AWAM SEBERANG JAYA,Runcit,26,Sayur-Sayuran,02,010,TERUNG PANJANG / PEPARU (TANAH RENDAH),F.A.Q,Kilogram,10,10.933333,
30961039,2026-09-16,2026-09-16 09:02:30.273081,PULAU PINANG,SEBERANG PERAI TENGAH,PASAR AWAM SEBERANG JAYA,Runcit,26,Sayur-Sayuran,02,011,TIMUN HIJAU,F.A.Q,Kilogram,4,4.625,
30961040,2026-09-16,2026-09-16 09:02:30.273081,PULAU PINANG,SEBERANG PERAI TENGAH,PASAR AWAM SEBERANG JAYA,Runcit,26,Sayur-Sayuran,02,012,TOMATO (TANAH TINGGI),F.A.Q,Kilogram,8,7,
30961041,2026-09-16,2026-09-16 09:02:44.342257,KELANTAN,KOTA BHARU,PASAR BORONG RTC KOTA BHARU,Borong,20,Sayur-Sayuran,05,001,BAWANG BESAR MERAH (INDIA),F.A.Q,Kilogram,2.5,2.5,
30961042,2026-09-16,2026-09-16 09:02:44.342257,KELANTAN,KOTA BHARU,PASAR BORONG RTC KOTA BHARU,Borong,20,Sayur-Sayuran,05,001,BAWANG BESAR MERAH (INDIA),F.A.Q,Kilogram,2.5,2.5,
30961043,2026-09-16,2026-09-16 09:02:44.342257,KELANTAN,KOTA BHARU,PASAR BORONG RTC KOTA BHARU,Borong,20,Sayur-Sayuran,05,001,BAWANG BESAR MERAH (INDIA),F.A.Q,Kilogram,2.5,2.5,
30961044,2026-09-16,2026-09-16 09:02:44.342257,KELANTAN,KOTA BHARU,PASAR BORONG RTC KOTA BHARU,Borong,20,Sayur-Sayuran,05,001,BAWANG PUTIH (CHINA),F.A.Q,Kilogram,7,7,
30961045,2026-09-16,2026-09-16 09:02:44.342257,KELANTAN,KOTA BHARU,PASAR BORONG RTC KOTA BHARU,Borong,20,Sayur-Sayuran,05,001,BAWANG PUTIH (CHINA),F.A.Q,Kilogram,7,7,
30961046,2026-09-16,2026-09-16 09:02:44.342257,KELANTAN,KOTA BHARU,PASAR BORONG RTC KOTA BHARU,Borong,20,Sayur-Sayuran,05,001,BAWANG PUTIH (CHINA),F.A.Q,Kilogram,7,7,
30961047,2026-09-16,2026-09-16 09:03:17.393691,KELANTAN,KOTA BHARU,PASAR BORONG RTC KOTA BHARU,Borong,20,Ternakan,03,002,AYAM PROSES STANDARD,F.A.Q,Kilogram,8.5,8.442857,
30961048,2026-09-16,2026-09-16 09:03:17.393691,KELANTAN,KOTA BHARU,PASAR BORONG RTC KOTA BHARU,Borong,20,Ternakan,03,002,AYAM PROSES STANDARD,F.A.Q,Kilogram,8.5,8.442857,
30961049,2026-09-16,2026-09-16 09:03:17.393691,KELANTAN,KOTA BHARU,PASAR BORONG RTC KOTA BHARU,Borong,20,Ternakan,03,002,AYAM PROSES STANDARD,F.A.Q,Kilogram,8.5,8.442857,
30961050,2026-09-16,2026-09-16 09:05:06.862242,SARAWAK,SIBU,LADANG/KEBUN SUNGAI BIDUT,Ladang,,Buah-Buahan,02,028,PISANG BERANGAN,F.A.Q,Kilogram,3.5,3.5,
30961051,2026-09-16,2026-09-16 09:05:06.862242,SARAWAK,SIBU,LADANG/KEBUN SUNGAI BIDUT,Ladang,,Buah-Buahan,02,034,TEMBIKAI MERAH TANPA BIJI,F.A.Q,Kilogram,3,3,
30961052,2026-09-16,2026-09-16 09:08:02.594518,SARAWAK,SIBU,LADANG/KEBUN EMPAWAH,Ladang,,Sayur-Sayuran,03,001,BAYAM,F.A.Q,Kilogram,2.5,2.5,
30961053,2026-09-16,2026-09-16 09:08:02.594518,SARAWAK,SIBU,LADANG/KEBUN EMPAWAH,Ladang,,Sayur-Sayuran,02,002,CILI MERAH MINYAK,F.A.Q,Kilogram,4.9,4.9,
30961054,2026-09-16,2026-09-16 09:08:02.594518,SARAWAK,SIBU,LADANG/KEBUN EMPAWAH,Ladang,,Sayur-Sayuran,04,002,KACANG BENDI,F.A.Q,Kilogram,4,4,
30961055,2026-09-16,2026-09-16 09:08:02.594518,SARAWAK,SIBU,LADANG/KEBUN EMPAWAH,Ladang,,Sayur-Sayuran,04,007,KACANG PANJANG HIJAU,F.A.Q,Kilogram,3.1,3.1,
30961056,2026-09-16,2026-09-16 09:08:02.594518,SARAWAK,SIBU,LADANG/KEBUN EMPAWAH,Ladang,,Sayur-Sayuran,03,007,SAWI HIJAU,F.A.Q,Kilogram,5,5,
30961057,2026-09-16,2026-09-16 09:08:02.594518,SARAWAK,SIBU,LADANG/KEBUN EMPAWAH,Ladang,,Sayur-Sayuran,02,010,TERUNG PANJANG / PEPARU (TANAH RENDAH),F.A.Q,Kilogram,4.9,4.9,
30961058,2026-09-16,2026-09-16 09:08:02.594518,SARAWAK,SIBU,LADANG/KEBUN EMPAWAH,Ladang,,Sayur-Sayuran,02,011,TIMUN HIJAU,F.A.Q,Kilogram,2.5,2.5,
30961059,2026-09-16,2026-09-16 09:09:07.561528,SARAWAK,SIBU,LADANG/KEBUN EMPAWAH,Ladang,,Ternakan,11,001,TELUR AYAM,B,Biji,0.48,0.48,
30961060,2026-09-16,2026-09-16 09:09:56.558842,SARAWAK,SIBU,LADANG/KEBUN EMPAWAH,Ladang,,Ternakan,11,001,TELUR AYAM,B,Biji,0.48,0.48,
30961061,2026-09-16,2026-09-16 09:10:23.793076,SARAWAK,SIBU,LADANG/KEBUN SUNGAI BIDUT,Ladang,,Tanaman Kontan,05,001,KELAPA DIKUPAS,SEDANG,Biji,1,1,
30961062,2026-09-16,2026-09-16 09:11:10.106588,SARAWAK,SIBU,PASAR CENTRAL SIBU,Borong,20,Buah-Buahan,02,028,PISANG BERANGAN,F.A.Q,Kilogram,5.5,5.5,
30961063,2026-09-16,2026-09-16 09:11:10.106588,SARAWAK,SIBU,PASAR CENTRAL SIBU,Borong,20,Buah-Buahan,02,034,TEMBIKAI MERAH TANPA BIJI,F.A.Q,Kilogram,4,4,
30961064,2026-09-16,2026-09-16 09:11:25.842235,SARAWAK,SIBU,PASAR CENTRAL SIBU,Borong,20,Tanaman Kontan,05,001,KELAPA DIKUPAS,SEDANG,Biji,2,2,
30961065,2026-09-16,2026-09-16 09:12:01.689328,TERENGGANU,KUALA TERENGGANU,PASAR BORONG GONG PAUH,Borong,,Sayur-Sayuran,03,001,BAYAM,F.A.Q,Kilogram,6,4.11,
30961066,2026-09-16,2026-09-16 09:12:01.750478,TERENGGANU,KUALA TERENGGANU,PASAR BORONG GONG PAUH,Borong,,Sayur-Sayuran,02,002,CILI MERAH KULAI / KULAI HIBRID,F.A.Q,Kilogram,13,13.69,
30961067,2026-09-16,2026-09-16 09:12:01.833948,TERENGGANU,KUALA TERENGGANU,PASAR BORONG GONG PAUH,Borong,,Sayur-Sayuran,02,002,CILI MERAH MINYAK,F.A.Q,Kilogram,10,11.76,
30961068,2026-09-16,2026-09-16 09:12:01.908913,TERENGGANU,KUALA TERENGGANU,PASAR BORONG GONG PAUH,Borong,,Sayur-Sayuran,04,002,KACANG BENDI,F.A.Q,Kilogram,7,8.23,
30961069,2026-09-16,2026-09-16 09:12:01.977987,TERENGGANU,KUALA TERENGGANU,PASAR BORONG GONG PAUH,Borong,,Sayur-Sayuran,04,007,KACANG PANJANG HIJAU,F.A.Q,Kilogram,8,5.88,
30961070,2026-09-16,2026-09-16 09:12:02.042611,TERENGGANU,KUALA TERENGGANU,PASAR BORONG GONG PAUH,Borong,,Sayur-Sayuran,03,006,KUBIS BULAT (TANAH TINGGI),F.A.Q,Kilogram,3.5,3.18,
30961071,2026-09-16,2026-09-16 09:12:02.120039,TERENGGANU,KUALA TERENGGANU,PASAR BORONG GONG PAUH,Borong,,Sayur-Sayuran,03,007,SAWI HIJAU,F.A.Q,Kilogram,5,4.43,
30961072,2026-09-16,2026-09-16 09:12:02.197219,TERENGGANU,KUALA TERENGGANU,PASAR BORONG GONG PAUH,Borong,,Sayur-Sayuran,02,010,TERUNG PANJANG / PEPARU (TANAH RENDAH),F.A.Q,Kilogram,5,7.33,
30961073,2026-09-16,2026-09-16 09:12:02.284518,TERENGGANU,KUALA TERENGGANU,PASAR BORONG GONG PAUH,Borong,,Sayur-Sayuran,02,011,TIMUN HIJAU,F.A.Q,Kilogram,2,2.57,
30961074,2026-09-16,2026-09-16 09:12:02.372229,TERENGGANU,KUALA TERENGGANU,PASAR BORONG GONG PAUH,Borong,,Sayur-Sayuran,02,012,TOMATO (TANAH TINGGI),F.A.Q,Kilogram,8,7,
30961075,2026-09-16,2026-09-16 09:13:29.12967,TERENGGANU,KUALA TERENGGANU,KELOMPOK PERTANIAN KAMPUNG CHE LONG,Ladang,,Sayur-Sayuran,02,002,CILI MERAH KULAI / KULAI HIBRID,F.A.Q,Kilogram,9,10.44,
30961076,2026-09-16,2026-09-16 09:13:29.19368,TERENGGANU,KUALA TERENGGANU,KELOMPOK PERTANIAN KAMPUNG CHE LONG,Ladang,,Sayur-Sayuran,04,002,KACANG BENDI,F.A.Q,Kilogram,3,5.34,
30961077,2026-09-16,2026-09-16 09:13:29.248181,TERENGGANU,KUALA TERENGGANU,KELOMPOK PERTANIAN KAMPUNG CHE LONG,Ladang,,Sayur-Sayuran,04,007,KACANG PANJANG HIJAU,F.A.Q,Kilogram,4,4.02,
30961078,2026-09-16,2026-09-16 09:13:29.312506,TERENGGANU,KUALA TERENGGANU,KELOMPOK PERTANIAN KAMPUNG CHE LONG,Ladang,,Sayur-Sayuran,03,007,SAWI HIJAU,F.A.Q,Kilogram,2.5,3.39,
30961079,2026-09-16,2026-09-16 09:13:29.363398,TERENGGANU,KUALA TERENGGANU,KELOMPOK PERTANIAN KAMPUNG CHE LONG,Ladang,,Sayur-Sayuran,02,010,TERUNG PANJANG / PEPARU (TANAH RENDAH),F.A.Q,Kilogram,3.5,5.38,
30961080,2026-09-16,2026-09-16 09:13:29.414987,TERENGGANU,KUALA TERENGGANU,KELOMPOK PERTANIAN KAMPUNG CHE LONG,Ladang,,Sayur-Sayuran,02,011,TIMUN HIJAU,F.A.Q,Kilogram,1.2,1.67,
30961081,2026-09-16,2026-09-16 09:13:57.411448,TERENGGANU,KEMAMAN,[LOKASI KUTIPAN HARGA LADANG] KERTEH,Ladang,,Ternakan,01,003,AYAM HIDUP,F.A.Q,Kilogram,6.8,6.51,
30961082,2026-09-16,2026-09-16 09:14:32.702242,TERENGGANU,MARANG,LADANG/KEBUN SERATING,Ladang,,Buah-Buahan,02,034,TEMBIKAI MERAH TANPA BIJI,F.A.Q,Kilogram,2,2.46,
30961083,2026-09-16,2026-09-16 09:14:44.970181,KELANTAN,KOTA BHARU,PASAR BORONG RTC KOTA BHARU,Borong,20,Sayur-Sayuran,03,001,BAYAM,F.A.Q,Kilogram,4.5,4.7,
30961084,2026-09-16,2026-09-16 09:14:44.970181,KELANTAN,KOTA BHARU,PASAR BORONG RTC KOTA BHARU,Borong,20,Sayur-Sayuran,03,001,BAYAM,F.A.Q,Kilogram,4.5,4.7,
30961085,2026-09-16,2026-09-16 09:14:44.970181,KELANTAN,KOTA BHARU,PASAR BORONG RTC KOTA BHARU,Borong,20,Sayur-Sayuran,03,001,BAYAM,F.A.Q,Kilogram,4.5,4.7,
30961086,2026-09-16,2026-09-16 09:14:44.970181,KELANTAN,KOTA BHARU,PASAR BORONG RTC KOTA BHARU,Borong,20,Sayur-Sayuran,03,001,BAYAM,F.A.Q,Kilogram,5,4.7,
30961087,2026-09-16,2026-09-16 09:14:44.970181,KELANTAN,KOTA BHARU,PASAR BORONG RTC KOTA BHARU,Borong,20,Sayur-Sayuran,03,001,BAYAM,F.A.Q,Kilogram,5,4.7,
30961088,2026-09-16,2026-09-16 09:14:44.970181,KELANTAN,KOTA BHARU,PASAR BORONG RTC KOTA BHARU,Borong,20,Sayur-Sayuran,02,002,CILI MERAH KULAI / KULAI HIBRID,F.A.Q,Kilogram,13,12.517858,
30961089,2026-09-16,2026-09-16 09:14:44.970181,KELANTAN,KOTA BHARU,PASAR BORONG RTC KOTA BHARU,Borong,20,Sayur-Sayuran,02,002,CILI MERAH KULAI / KULAI HIBRID,F.A.Q,Kilogram,13,12.517858,
30961090,2026-09-16,2026-09-16 09:14:44.970181,KELANTAN,KOTA BHARU,PASAR BORONG RTC KOTA BHARU,Borong,20,Sayur-Sayuran,02,002,CILI MERAH KULAI / KULAI HIBRID,F.A.Q,Kilogram,13,12.517858,
30961091,2026-09-16,2026-09-16 09:14:44.970181,KELANTAN,KOTA BHARU,PASAR BORONG RTC KOTA BHARU,Borong,20,Sayur-Sayuran,02,002,CILI MERAH KULAI / KULAI HIBRID,F.A.Q,Kilogram,12,12.517858,
30961092,2026-09-16,2026-09-16 09:14:44.970181,KELANTAN,KOTA BHARU,PASAR BORONG RTC KOTA BHARU,Borong,20,Sayur-Sayuran,02,002,CILI MERAH KULAI / KULAI HIBRID,F.A.Q,Kilogram,12,12.517858,
30961093,2026-09-16,2026-09-16 09:14:44.970181,KELANTAN,KOTA BHARU,PASAR BORONG RTC KOTA BHARU,Borong,20,Sayur-Sayuran,02,002,CILI MERAH MINYAK,F.A.Q,Kilogram,10,10.345454,
30961094,2026-09-16,2026-09-16 09:14:44.970181,KELANTAN,KOTA BHARU,PASAR BORONG RTC KOTA BHARU,Borong,20,Sayur-Sayuran,02,002,CILI MERAH MINYAK,F.A.Q,Kilogram,10,10.345454,
30961095,2026-09-16,2026-09-16 09:14:44.970181,KELANTAN,KOTA BHARU,PASAR BORONG RTC KOTA BHARU,Borong,20,Sayur-Sayuran,02,002,CILI MERAH MINYAK,F.A.Q,Kilogram,10,10.345454,
30961096,2026-09-16,2026-09-16 09:14:44.970181,KELANTAN,KOTA BHARU,PASAR BORONG RTC KOTA BHARU,Borong,20,Sayur-Sayuran,02,002,CILI MERAH MINYAK,F.A.Q,Kilogram,11,10.345454,
30961097,2026-09-16,2026-09-16 09:14:44.970181,KELANTAN,KOTA BHARU,PASAR BORONG RTC KOTA BHARU,Borong,20,Sayur-Sayuran,02,002,CILI MERAH MINYAK,F.A.Q,Kilogram,11,10.345454,
30961098,2026-09-16,2026-09-16 09:14:44.970181,KELANTAN,KOTA BHARU,PASAR BORONG RTC KOTA BHARU,Borong,20,Sayur-Sayuran,04,002,KACANG BENDI,F.A.Q,Kilogram,5,5.9454546,
30961099,2026-09-16,2026-09-16 09:14:44.970181,KELANTAN,KOTA BHARU,PASAR BORONG RTC KOTA BHARU,Borong,20,Sayur-Sayuran,04,002,KACANG BENDI,F.A.Q,Kilogram,5,5.9454546,
30961100,2026-09-16,2026-09-16 09:14:44.970181,KELANTAN,KOTA BHARU,PASAR BORONG RTC KOTA BHARU,Borong,20,Sayur-Sayuran,04,002,KACANG BENDI,F.A.Q,Kilogram,5,5.9454546,
30961101,2026-09-16,2026-09-16 09:14:44.970181,KELANTAN,KOTA BHARU,PASAR BORONG RTC KOTA BHARU,Borong,20,Sayur-Sayuran,04,002,KACANG BENDI,F.A.Q,Kilogram,6,5.9454546,
30961102,2026-09-16,2026-09-16 09:14:44.970181,KELANTAN,KOTA BHARU,PASAR BORONG RTC KOTA BHARU,Borong,20,Sayur-Sayuran,04,002,KACANG BENDI,F.A.Q,Kilogram,6,5.9454546,
30961103,2026-09-16,2026-09-16 09:14:44.970181,KELANTAN,KOTA BHARU,PASAR BORONG RTC KOTA BHARU,Borong,20,Sayur-Sayuran,04,007,KACANG PANJANG HIJAU,F.A.Q,Kilogram,5,5.509091,
30961104,2026-09-16,2026-09-16 09:14:44.970181,KELANTAN,KOTA BHARU,PASAR BORONG RTC KOTA BHARU,Borong,20,Sayur-Sayuran,04,007,KACANG PANJANG HIJAU,F.A.Q,Kilogram,5,5.509091,
30961105,2026-09-16,2026-09-16 09:14:44.970181,KELANTAN,KOTA BHARU,PASAR BORONG RTC KOTA BHARU,Borong,20,Sayur-Sayuran,04,007,KACANG PANJANG HIJAU,F.A.Q,Kilogram,5,5.509091,
30961106,2026-09-16,2026-09-16 09:14:44.970181,KELANTAN,KOTA BHARU,PASAR BORONG RTC KOTA BHARU,Borong,20,Sayur-Sayuran,04,007,KACANG PANJANG HIJAU,F.A.Q,Kilogram,6,5.509091,
30961107,2026-09-16,2026-09-16 09:14:44.970181,KELANTAN,KOTA BHARU,PASAR BORONG RTC KOTA BHARU,Borong,20,Sayur-Sayuran,04,007,KACANG PANJANG HIJAU,F.A.Q,Kilogram,6,5.509091,
30961108,2026-09-16,2026-09-16 09:14:44.970181,KELANTAN,KOTA BHARU,PASAR BORONG RTC KOTA BHARU,Borong,20,Sayur-Sayuran,03,006,KUBIS BULAT (TANAH TINGGI),F.A.Q,Kilogram,3,2.8,
30961109,2026-09-16,2026-09-16 09:14:44.970181,KELANTAN,KOTA BHARU,PASAR BORONG RTC KOTA BHARU,Borong,20,Sayur-Sayuran,03,006,KUBIS BULAT (TANAH TINGGI),F.A.Q,Kilogram,3,2.8,
30961110,2026-09-16,2026-09-16 09:14:44.970181,KELANTAN,KOTA BHARU,PASAR BORONG RTC KOTA BHARU,Borong,20,Sayur-Sayuran,03,006,KUBIS BULAT (TANAH TINGGI),F.A.Q,Kilogram,3,2.8,
30961111,2026-09-16,2026-09-16 09:14:44.970181,KELANTAN,KOTA BHARU,PASAR BORONG RTC KOTA BHARU,Borong,20,Sayur-Sayuran,03,006,KUBIS BULAT (TANAH TINGGI),F.A.Q,Kilogram,2.5,2.8,
30961112,2026-09-16,2026-09-16 09:14:44.970181,KELANTAN,KOTA BHARU,PASAR BORONG RTC KOTA BHARU,Borong,20,Sayur-Sayuran,03,006,KUBIS BULAT (TANAH TINGGI),F.A.Q,Kilogram,2.5,2.8,
30961113,2026-09-16,2026-09-16 09:14:44.970181,KELANTAN,KOTA BHARU,PASAR BORONG RTC KOTA BHARU,Borong,20,Sayur-Sayuran,03,007,SAWI HIJAU,F.A.Q,Kilogram,4.5,4.3,
30961114,2026-09-16,2026-09-16 09:14:44.970181,KELANTAN,KOTA BHARU,PASAR BORONG RTC KOTA BHARU,Borong,20,Sayur-Sayuran,03,007,SAWI HIJAU,F.A.Q,Kilogram,4.5,4.3,
30961115,2026-09-16,2026-09-16 09:14:44.970181,KELANTAN,KOTA BHARU,PASAR BORONG RTC KOTA BHARU,Borong,20,Sayur-Sayuran,03,007,SAWI HIJAU,F.A.Q,Kilogram,4.5,4.3,
30961116,2026-09-16,2026-09-16 09:14:44.970181,KELANTAN,KOTA BHARU,PASAR BORONG RTC KOTA BHARU,Borong,20,Sayur-Sayuran,03,007,SAWI HIJAU,F.A.Q,Kilogram,4,4.3,
30961117,2026-09-16,2026-09-16 09:14:44.970181,KELANTAN,KOTA BHARU,PASAR BORONG RTC KOTA BHARU,Borong,20,Sayur-Sayuran,03,007,SAWI HIJAU,F.A.Q,Kilogram,4,4.3,
30961118,2026-09-16,2026-09-16 09:14:44.970181,KELANTAN,KOTA BHARU,PASAR BORONG RTC KOTA BHARU,Borong,20,Sayur-Sayuran,02,010,TERUNG PANJANG / PEPARU (TANAH RENDAH),F.A.Q,Kilogram,4,3.8,
30961119,2026-09-16,2026-09-16 09:14:44.970181,KELANTAN,KOTA BHARU,PASAR BORONG RTC KOTA BHARU,Borong,20,Sayur-Sayuran,02,010,TERUNG PANJANG / PEPARU (TANAH RENDAH),F.A.Q,Kilogram,4,3.8,
30961120,2026-09-16,2026-09-16 09:14:44.970181,KELANTAN,KOTA BHARU,PASAR BORONG RTC KOTA BHARU,Borong,20,Sayur-Sayuran,02,010,TERUNG PANJANG / PEPARU (TANAH RENDAH),F.A.Q,Kilogram,4,3.8,
30961121,2026-09-16,2026-09-16 09:14:44.970181,KELANTAN,KOTA BHARU,PASAR BORONG RTC KOTA BHARU,Borong,20,Sayur-Sayuran,02,010,TERUNG PANJANG / PEPARU (TANAH RENDAH),F.A.Q,Kilogram,3.5,3.8,
30961122,2026-09-16,2026-09-16 09:14:44.970181,KELANTAN,KOTA BHARU,PASAR BORONG RTC KOTA BHARU,Borong,20,Sayur-Sayuran,02,010,TERUNG PANJANG / PEPARU (TANAH RENDAH),F.A.Q,Kilogram,3.5,3.8,
30961123,2026-09-16,2026-09-16 09:14:44.970181,KELANTAN,KOTA BHARU,PASAR BORONG RTC KOTA BHARU,Borong,20,Sayur-Sayuran,02,011,TIMUN HIJAU,F.A.Q,Kilogram,2,1.88,
30961124,2026-09-16,2026-09-16 09:14:44.970181,KELANTAN,KOTA BHARU,PASAR BORONG RTC KOTA BHARU,Borong,20,Sayur-Sayuran,02,011,TIMUN HIJAU,F.A.Q,Kilogram,2,1.88,
30961125,2026-09-16,2026-09-16 09:14:44.970181,KELANTAN,KOTA BHARU,PASAR BORONG RTC KOTA BHARU,Borong,20,Sayur-Sayuran,02,011,TIMUN HIJAU,F.A.Q,Kilogram,2,1.88,
30961126,2026-09-16,2026-09-16 09:14:44.970181,KELANTAN,KOTA BHARU,PASAR BORONG RTC KOTA BHARU,Borong,20,Sayur-Sayuran,02,011,TIMUN HIJAU,F.A.Q,Kilogram,1.7,1.88,
30961127,2026-09-16,2026-09-16 09:14:44.970181,KELANTAN,KOTA BHARU,PASAR BORONG RTC KOTA BHARU,Borong,20,Sayur-Sayuran,02,011,TIMUN HIJAU,F.A.Q,Kilogram,1.7,1.88,
30961128,2026-09-16,2026-09-16 09:14:44.970181,KELANTAN,KOTA BHARU,PASAR BORONG RTC KOTA BHARU,Borong,20,Sayur-Sayuran,02,012,TOMATO (TANAH TINGGI),F.A.Q,Kilogram,7,7.4,
30961129,2026-09-16,2026-09-16 09:14:44.970181,KELANTAN,KOTA BHARU,PASAR BORONG RTC KOTA BHARU,Borong,20,Sayur-Sayuran,02,012,TOMATO (TANAH TINGGI),F.A.Q,Kilogram,7,7.4,
30961130,2026-09-16,2026-09-16 09:14:44.970181,KELANTAN,KOTA BHARU,PASAR BORONG RTC KOTA BHARU,Borong,20,Sayur-Sayuran,02,012,TOMATO (TANAH TINGGI),F.A.Q,Kilogram,7,7.4,
30961131,2026-09-16,2026-09-16 09:14:44.970181,KELANTAN,KOTA BHARU,PASAR BORONG RTC KOTA BHARU,Borong,20,Sayur-Sayuran,02,012,TOMATO (TANAH TINGGI),F.A.Q,Kilogram,8,7.4,
30961132,2026-09-16,2026-09-16 09:14:44.970181,KELANTAN,KOTA BHARU,PASAR BORONG RTC KOTA BHARU,Borong,20,Sayur-Sayuran,02,012,TOMATO (TANAH TINGGI),F.A.Q,Kilogram,8,7.4,
30961133,2026-09-16,2026-09-16 09:15:03.952578,SARAWAK,SIBU,PASAR CENTRAL SIBU,Borong,20,Sayur-Sayuran,05,001,BAWANG BESAR MERAH (INDIA),F.A.Q,Kilogram,4,4,
30961134,2026-09-16,2026-09-16 09:15:03.952578,SARAWAK,SIBU,PASAR CENTRAL SIBU,Borong,20,Sayur-Sayuran,05,001,BAWANG PUTIH (CHINA),F.A.Q,Kilogram,7,7,
30961135,2026-09-16,2026-09-16 09:15:03.952578,SARAWAK,SIBU,PASAR CENTRAL SIBU,Borong,20,Sayur-Sayuran,03,001,BAYAM,F.A.Q,Kilogram,3,3,
30961136,2026-09-16,2026-09-16 09:15:03.952578,SARAWAK,SIBU,PASAR CENTRAL SIBU,Borong,20,Sayur-Sayuran,02,002,CILI MERAH MINYAK,F.A.Q,Kilogram,6.9,6.9,
30961137,2026-09-16,2026-09-16 09:15:03.952578,SARAWAK,SIBU,PASAR CENTRAL SIBU,Borong,20,Sayur-Sayuran,04,002,KACANG BENDI,F.A.Q,Kilogram,4.9,4.9,
30961138,2026-09-16,2026-09-16 09:15:03.952578,SARAWAK,SIBU,PASAR CENTRAL SIBU,Borong,20,Sayur-Sayuran,04,007,KACANG PANJANG HIJAU,F.A.Q,Kilogram,7.5,6,
30961139,2026-09-16,2026-09-16 09:15:03.952578,SARAWAK,SIBU,PASAR CENTRAL SIBU,Borong,20,Sayur-Sayuran,03,007,SAWI HIJAU,F.A.Q,Kilogram,7,7,
30961140,2026-09-16,2026-09-16 09:15:03.952578,SARAWAK,SIBU,PASAR CENTRAL SIBU,Borong,20,Sayur-Sayuran,02,010,TERUNG PANJANG / PEPARU (TANAH RENDAH),F.A.Q,Kilogram,6.9,6.9,
30961141,2026-09-16,2026-09-16 09:15:03.952578,SARAWAK,SIBU,PASAR CENTRAL SIBU,Borong,20,Sayur-Sayuran,02,011,TIMUN HIJAU,F.A.Q,Kilogram,3.9,3.9,
30961142,2026-09-16,2026-09-16 09:15:03.952578,SARAWAK,SIBU,PASAR CENTRAL SIBU,Borong,20,Sayur-Sayuran,02,012,TOMATO (TANAH TINGGI),F.A.Q,Kilogram,8,8,
30961143,2026-09-16,2026-09-16 09:15:56.833256,KELANTAN,KOTA BHARU,PASAR BORONG RTC KOTA BHARU,Borong,20,Ternakan,11,001,TELUR AYAM,B,Biji,0.48,0.48,
30961144,2026-09-16,2026-09-16 09:15:56.833256,KELANTAN,KOTA BHARU,PASAR BORONG RTC KOTA BHARU,Borong,20,Ternakan,11,001,TELUR AYAM,B,Biji,0.48,0.48,
30961145,2026-09-16,2026-09-16 09:15:56.833256,KELANTAN,KOTA BHARU,PASAR BORONG RTC KOTA BHARU,Borong,20,Ternakan,11,001,TELUR AYAM,B,Biji,0.48,0.48,
30961146,2026-09-16,2026-09-16 09:17:14.03623,KELANTAN,KOTA BHARU,PASAR BORONG RTC KOTA BHARU,Borong,20,Buah-Buahan,02,028,PISANG BERANGAN,F.A.Q,Kilogram,3.5,3.58,
30961147,2026-09-16,2026-09-16 09:17:14.03623,KELANTAN,KOTA BHARU,PASAR BORONG RTC KOTA BHARU,Borong,20,Buah-Buahan,02,028,PISANG BERANGAN,F.A.Q,Kilogram,3.5,3.58,
30961148,2026-09-16,2026-09-16 09:17:14.03623,KELANTAN,KOTA BHARU,PASAR BORONG RTC KOTA BHARU,Borong,20,Buah-Buahan,02,028,PISANG BERANGAN,F.A.Q,Kilogram,3.5,3.58,
30961149,2026-09-16,2026-09-16 09:17:14.03623,KELANTAN,KOTA BHARU,PASAR BORONG RTC KOTA BHARU,Borong,20,Buah-Buahan,02,028,PISANG BERANGAN,F.A.Q,Kilogram,3.7,3.58,
30961150,2026-09-16,2026-09-16 09:17:14.03623,KELANTAN,KOTA BHARU,PASAR BORONG RTC KOTA BHARU,Borong,20,Buah-Buahan,02,028,PISANG BERANGAN,F.A.Q,Kilogram,3.7,3.58,
30961151,2026-09-16,2026-09-16 09:17:14.03623,KELANTAN,KOTA BHARU,PASAR BORONG RTC KOTA BHARU,Borong,20,Buah-Buahan,02,034,TEMBIKAI MERAH TANPA BIJI,F.A.Q,Kilogram,2.2,2.24,
30961152,2026-09-16,2026-09-16 09:17:14.03623,KELANTAN,KOTA BHARU,PASAR BORONG RTC KOTA BHARU,Borong,20,Buah-Buahan,02,034,TEMBIKAI MERAH TANPA BIJI,F.A.Q,Kilogram,2.2,2.24,
30961153,2026-09-16,2026-09-16 09:17:14.03623,KELANTAN,KOTA BHARU,PASAR BORONG RTC KOTA BHARU,Borong,20,Buah-Buahan,02,034,TEMBIKAI MERAH TANPA BIJI,F.A.Q,Kilogram,2.2,2.24,
30961154,2026-09-16,2026-09-16 09:17:14.03623,KELANTAN,KOTA BHARU,PASAR BORONG RTC KOTA BHARU,Borong,20,Buah-Buahan,02,034,TEMBIKAI MERAH TANPA BIJI,F.A.Q,Kilogram,2,2.24,
30961155,2026-09-16,2026-09-16 09:17:14.03623,KELANTAN,KOTA BHARU,PASAR BORONG RTC KOTA BHARU,Borong,20,Buah-Buahan,02,034,TEMBIKAI MERAH TANPA BIJI,F.A.Q,Kilogram,2,2.24,
30961156,2026-09-16,2026-09-16 09:18:12.080243,KELANTAN,KOTA BHARU,PASAR BORONG RTC KOTA BHARU,Borong,20,Ternakan,02,003,DAGING LEMBU PEJAL,F.A.Q,Kilogram,25,25,
30961157,2026-09-16,2026-09-16 09:18:12.080243,KELANTAN,KOTA BHARU,PASAR BORONG RTC KOTA BHARU,Borong,20,Ternakan,02,003,DAGING LEMBU PEJAL,F.A.Q,Kilogram,25,25,
30961158,2026-09-16,2026-09-16 09:18:43.562863,MELAKA,MELAKA TENGAH,PASAR BESAR MBMB,Runcit,26,Ternakan,03,002,AYAM PROSES STANDARD,F.A.Q,Kilogram,10,10,
30961159,2026-09-16,2026-09-16 09:18:43.562863,MELAKA,MELAKA TENGAH,PASAR BESAR MBMB,Runcit,26,Ternakan,03,002,AYAM PROSES STANDARD,F.A.Q,Kilogram,10,10,
30961160,2026-09-16,2026-09-16 09:18:43.562863,MELAKA,MELAKA TENGAH,PASAR BESAR MBMB,Runcit,26,Ternakan,03,002,AYAM PROSES STANDARD,F.A.Q,Kilogram,10,10,
30961161,2026-09-16,2026-09-16 09:18:43.562863,MELAKA,MELAKA TENGAH,PASAR BESAR MBMB,Runcit,26,Ternakan,03,002,AYAM PROSES STANDARD,F.A.Q,Kilogram,10,10,
30961162,2026-09-16,2026-09-16 09:18:43.562863,MELAKA,MELAKA TENGAH,PASAR BESAR MBMB,Runcit,26,Ternakan,02,003,DAGING LEMBU PEJAL,F.A.Q,Kilogram,40,40,
30961163,2026-09-16,2026-09-16 09:18:43.562863,MELAKA,MELAKA TENGAH,PASAR BESAR MBMB,Runcit,26,Ternakan,02,003,DAGING LEMBU PEJAL,F.A.Q,Kilogram,40,40,
30961164,2026-09-16,2026-09-16 09:18:43.562863,MELAKA,MELAKA TENGAH,PASAR BESAR MBMB,Runcit,26,Ternakan,11,001,TELUR AYAM,B,Biji,0.51,0.5108333,
30961165,2026-09-16,2026-09-16 09:18:43.562863,MELAKA,MELAKA TENGAH,PASAR BESAR MBMB,Runcit,26,Ternakan,11,001,TELUR AYAM,B,Biji,0.51,0.5108333,
30961166,2026-09-16,2026-09-16 09:19:24.966932,KELANTAN,KOTA BHARU,PASAR BESAR SITI KHADIJAH,Runcit,26,Ternakan,11,001,TELUR AYAM,B,Biji,0.52,0.52,
30961167,2026-09-16,2026-09-16 09:19:24.966932,KELANTAN,KOTA BHARU,PASAR BESAR SITI KHADIJAH,Runcit,26,Ternakan,11,001,TELUR AYAM,B,Biji,0.52,0.52,
30961168,2026-09-16,2026-09-16 09:19:24.966932,KELANTAN,KOTA BHARU,PASAR BESAR SITI KHADIJAH,Runcit,26,Ternakan,11,001,TELUR AYAM,B,Biji,0.52,0.52,
30961169,2026-09-16,2026-09-16 09:20:02.736522,KELANTAN,KOTA BHARU,PASAR BESAR SITI KHADIJAH,Runcit,26,Sayur-Sayuran,05,001,BAWANG BESAR MERAH (INDIA),F.A.Q,Kilogram,4,4,
30961170,2026-09-16,2026-09-16 09:20:02.736522,KELANTAN,KOTA BHARU,PASAR BESAR SITI KHADIJAH,Runcit,26,Sayur-Sayuran,05,001,BAWANG BESAR MERAH (INDIA),F.A.Q,Kilogram,4,4,
30961171,2026-09-16,2026-09-16 09:20:02.736522,KELANTAN,KOTA BHARU,PASAR BESAR SITI KHADIJAH,Runcit,26,Sayur-Sayuran,05,001,BAWANG BESAR MERAH (INDIA),F.A.Q,Kilogram,4,4,
30961172,2026-09-16,2026-09-16 09:20:02.736522,KELANTAN,KOTA BHARU,PASAR BESAR SITI KHADIJAH,Runcit,26,Sayur-Sayuran,05,001,BAWANG PUTIH (CHINA),F.A.Q,Kilogram,8,8,
30961173,2026-09-16,2026-09-16 09:20:02.736522,KELANTAN,KOTA BHARU,PASAR BESAR SITI KHADIJAH,Runcit,26,Sayur-Sayuran,05,001,BAWANG PUTIH (CHINA),F.A.Q,Kilogram,8,8,
30961174,2026-09-16,2026-09-16 09:20:02.736522,KELANTAN,KOTA BHARU,PASAR BESAR SITI KHADIJAH,Runcit,26,Sayur-Sayuran,05,001,BAWANG PUTIH (CHINA),F.A.Q,Kilogram,8,8,
30961175,2026-09-16,2026-09-16 09:20:32.379828,SARAWAK,SIBU,PASAR CENTRAL SIBU,Borong,20,Ternakan,03,002,AYAM PROSES STANDARD,F.A.Q,Kilogram,9.5,9.5,
30961176,2026-09-16,2026-09-16 09:20:32.379828,SARAWAK,SIBU,PASAR CENTRAL SIBU,Borong,20,Ternakan,02,003,DAGING LEMBU PEJAL,F.A.Q,Kilogram,45,45,
30961177,2026-09-16,2026-09-16 09:20:32.379828,SARAWAK,SIBU,PASAR CENTRAL SIBU,Borong,20,Ternakan,11,001,TELUR AYAM,B,Biji,0.5,0.5,
30961178,2026-09-16,2026-09-16 09:21:11.372518,SARAWAK,SIBU,PASAR CENTRAL SIBU,Runcit,,Buah-Buahan,02,028,PISANG BERANGAN,F.A.Q,Kilogram,6.5,6.5,
30961179,2026-09-16,2026-09-16 09:21:11.372518,SARAWAK,SIBU,PASAR CENTRAL SIBU,Runcit,,Buah-Buahan,02,034,TEMBIKAI MERAH TANPA BIJI,F.A.Q,Kilogram,5,5,
30961180,2026-09-16,2026-09-16 09:21:32.00743,SARAWAK,SIBU,PASAR CENTRAL SIBU,Runcit,,Lain-Lain Makanan Proses,15,001,SANTAN PEKAT,F.A.Q,Kilogram,12.5,12.5,
30961181,2026-09-16,2026-09-16 09:21:52.037728,SARAWAK,SIBU,PASAR CENTRAL SIBU,Runcit,,Tanaman Kontan,05,001,KELAPA DIKUPAS,SEDANG,Biji,3,3,
30961182,2026-09-16,2026-09-16 09:23:17.2974,MELAKA,MELAKA TENGAH,PASAR BESAR MBMB,Runcit,26,Sayur-Sayuran,05,001,BAWANG BESAR MERAH (INDIA),F.A.Q,Kilogram,3.5,3.6,
30961183,2026-09-16,2026-09-16 09:23:17.2974,MELAKA,MELAKA TENGAH,PASAR BESAR MBMB,Runcit,26,Sayur-Sayuran,05,001,BAWANG BESAR MERAH (INDIA),F.A.Q,Kilogram,3.5,3.6,
30961184,2026-09-16,2026-09-16 09:23:17.2974,MELAKA,MELAKA TENGAH,PASAR BESAR MBMB,Runcit,26,Sayur-Sayuran,05,001,BAWANG PUTIH (CHINA),F.A.Q,Kilogram,10,10.5,
30961185,2026-09-16,2026-09-16 09:23:17.2974,MELAKA,MELAKA TENGAH,PASAR BESAR MBMB,Runcit,26,Sayur-Sayuran,05,001,BAWANG PUTIH (CHINA),F.A.Q,Kilogram,11,10.5,
30961186,2026-09-16,2026-09-16 09:23:17.2974,MELAKA,MELAKA TENGAH,PASAR BESAR MBMB,Runcit,26,Sayur-Sayuran,03,001,BAYAM,F.A.Q,Kilogram,3,3.3,
30961187,2026-09-16,2026-09-16 09:23:17.2974,MELAKA,MELAKA TENGAH,PASAR BESAR MBMB,Runcit,26,Sayur-Sayuran,03,001,BAYAM,F.A.Q,Kilogram,3.5,3.3,
30961188,2026-09-16,2026-09-16 09:23:17.2974,MELAKA,MELAKA TENGAH,PASAR BESAR MBMB,Runcit,26,Sayur-Sayuran,02,002,CILI MERAH KULAI / KULAI HIBRID,F.A.Q,Kilogram,16,16.4,
30961189,2026-09-16,2026-09-16 09:23:17.2974,MELAKA,MELAKA TENGAH,PASAR BESAR MBMB,Runcit,26,Sayur-Sayuran,02,002,CILI MERAH MINYAK,F.A.Q,Kilogram,15,15.111111,
30961190,2026-09-16,2026-09-16 09:23:17.2974,MELAKA,MELAKA TENGAH,PASAR BESAR MBMB,Runcit,26,Sayur-Sayuran,04,002,KACANG BENDI,F.A.Q,Kilogram,5,6.8333335,
30961191,2026-09-16,2026-09-16 09:23:17.2974,MELAKA,MELAKA TENGAH,PASAR BESAR MBMB,Runcit,26,Sayur-Sayuran,04,002,KACANG BENDI,F.A.Q,Kilogram,5.5,6.8333335,
30961192,2026-09-16,2026-09-16 09:23:17.2974,MELAKA,MELAKA TENGAH,PASAR BESAR MBMB,Runcit,26,Sayur-Sayuran,04,007,KACANG PANJANG HIJAU,F.A.Q,Kilogram,5.5,5.181818,
30961193,2026-09-16,2026-09-16 09:23:17.2974,MELAKA,MELAKA TENGAH,PASAR BESAR MBMB,Runcit,26,Sayur-Sayuran,04,007,KACANG PANJANG HIJAU,F.A.Q,Kilogram,5,5.181818,
30961194,2026-09-16,2026-09-16 09:23:17.2974,MELAKA,MELAKA TENGAH,PASAR BESAR MBMB,Runcit,26,Sayur-Sayuran,03,006,KUBIS BULAT (TANAH TINGGI),F.A.Q,Kilogram,3.5,3.642857,
30961195,2026-09-16,2026-09-16 09:23:17.2974,MELAKA,MELAKA TENGAH,PASAR BESAR MBMB,Runcit,26,Sayur-Sayuran,03,007,SAWI HIJAU,F.A.Q,Kilogram,3.5,3.9444444,
30961196,2026-09-16,2026-09-16 09:23:17.2974,MELAKA,MELAKA TENGAH,PASAR BESAR MBMB,Runcit,26,Sayur-Sayuran,03,007,SAWI HIJAU,F.A.Q,Kilogram,3,3.9444444,
30961197,2026-09-16,2026-09-16 09:23:17.2974,MELAKA,MELAKA TENGAH,PASAR BESAR MBMB,Runcit,26,Sayur-Sayuran,02,010,TERUNG PANJANG / PEPARU (TANAH RENDAH),F.A.Q,Kilogram,6,7.6363635,
30961198,2026-09-16,2026-09-16 09:23:17.2974,MELAKA,MELAKA TENGAH,PASAR BESAR MBMB,Runcit,26,Sayur-Sayuran,02,010,TERUNG PANJANG / PEPARU (TANAH RENDAH),F.A.Q,Kilogram,6,7.6363635,
30961199,2026-09-16,2026-09-16 09:23:17.2974,MELAKA,MELAKA TENGAH,PASAR BESAR MBMB,Runcit,26,Sayur-Sayuran,02,011,TIMUN HIJAU,F.A.Q,Kilogram,2.5,2.9166667,
30961200,2026-09-16,2026-09-16 09:23:17.2974,MELAKA,MELAKA TENGAH,PASAR BESAR MBMB,Runcit,26,Sayur-Sayuran,02,011,TIMUN HIJAU,F.A.Q,Kilogram,2.5,2.9166667,
30961201,2026-09-16,2026-09-16 09:23:17.2974,MELAKA,MELAKA TENGAH,PASAR BESAR MBMB,Runcit,26,Sayur-Sayuran,02,012,TOMATO (TANAH TINGGI),F.A.Q,Kilogram,6,8.75,
30961202,2026-09-16,2026-09-16 09:23:17.2974,MELAKA,MELAKA TENGAH,PASAR BESAR MBMB,Runcit,26,Sayur-Sayuran,02,012,TOMATO (TANAH TINGGI),F.A.Q,Kilogram,6,8.75,
30961203,2026-09-16,2026-09-16 09:24:11.163407,MELAKA,MELAKA TENGAH,PASAR BESAR MBMB,Runcit,26,Buah-Buahan,02,023,NANAS JOSAPINE (AC5),F.A.Q,Kilogram,4.3,5,
30961204,2026-09-16,2026-09-16 09:24:11.163407,MELAKA,MELAKA TENGAH,PASAR BESAR MBMB,Runcit,26,Buah-Buahan,02,028,PISANG BERANGAN,F.A.Q,Kilogram,5.5,5.3333335,
30961205,2026-09-16,2026-09-16 09:24:11.163407,MELAKA,MELAKA TENGAH,PASAR BESAR MBMB,Runcit,26,Buah-Buahan,02,034,TEMBIKAI MERAH TANPA BIJI,F.A.Q,Kilogram,2,3.4166667,
30961206,2026-09-16,2026-09-16 09:24:11.163407,MELAKA,MELAKA TENGAH,PASAR BESAR MBMB,Runcit,26,Buah-Buahan,02,034,TEMBIKAI MERAH TANPA BIJI,F.A.Q,Kilogram,2.5,3.4166667,
30961207,2026-09-16,2026-09-16 09:24:12.45937,KELANTAN,KOTA BHARU,PASAR BESAR SITI KHADIJAH,Runcit,26,Sayur-Sayuran,03,001,BAYAM,F.A.Q,Kilogram,5.5,5.7,
30961208,2026-09-16,2026-09-16 09:24:12.45937,KELANTAN,KOTA BHARU,PASAR BESAR SITI KHADIJAH,Runcit,26,Sayur-Sayuran,03,001,BAYAM,F.A.Q,Kilogram,5.5,5.7,
30961209,2026-09-16,2026-09-16 09:24:12.45937,KELANTAN,KOTA BHARU,PASAR BESAR SITI KHADIJAH,Runcit,26,Sayur-Sayuran,03,001,BAYAM,F.A.Q,Kilogram,5.5,5.7,
30961210,2026-09-16,2026-09-16 09:24:12.45937,KELANTAN,KOTA BHARU,PASAR BESAR SITI KHADIJAH,Runcit,26,Sayur-Sayuran,03,001,BAYAM,F.A.Q,Kilogram,6,5.7,
30961211,2026-09-16,2026-09-16 09:24:12.45937,KELANTAN,KOTA BHARU,PASAR BESAR SITI KHADIJAH,Runcit,26,Sayur-Sayuran,03,001,BAYAM,F.A.Q,Kilogram,6,5.7,
30961212,2026-09-16,2026-09-16 09:24:12.45937,KELANTAN,KOTA BHARU,PASAR BESAR SITI KHADIJAH,Runcit,26,Sayur-Sayuran,02,002,CILI MERAH KULAI / KULAI HIBRID,F.A.Q,Kilogram,14,14.454545,
30961213,2026-09-16,2026-09-16 09:24:12.45937,KELANTAN,KOTA BHARU,PASAR BESAR SITI KHADIJAH,Runcit,26,Sayur-Sayuran,02,002,CILI MERAH KULAI / KULAI HIBRID,F.A.Q,Kilogram,14,14.454545,
30961214,2026-09-16,2026-09-16 09:24:12.45937,KELANTAN,KOTA BHARU,PASAR BESAR SITI KHADIJAH,Runcit,26,Sayur-Sayuran,02,002,CILI MERAH KULAI / KULAI HIBRID,F.A.Q,Kilogram,14,14.454545,
30961215,2026-09-16,2026-09-16 09:24:12.45937,KELANTAN,KOTA BHARU,PASAR BESAR SITI KHADIJAH,Runcit,26,Sayur-Sayuran,02,002,CILI MERAH KULAI / KULAI HIBRID,F.A.Q,Kilogram,13,14.454545,
30961216,2026-09-16,2026-09-16 09:24:12.45937,KELANTAN,KOTA BHARU,PASAR BESAR SITI KHADIJAH,Runcit,26,Sayur-Sayuran,02,002,CILI MERAH KULAI / KULAI HIBRID,F.A.Q,Kilogram,13,14.454545,
30961217,2026-09-16,2026-09-16 09:24:12.45937,KELANTAN,KOTA BHARU,PASAR BESAR SITI KHADIJAH,Runcit,26,Sayur-Sayuran,02,002,CILI MERAH MINYAK,F.A.Q,Kilogram,12,11.6,
30961218,2026-09-16,2026-09-16 09:24:12.45937,KELANTAN,KOTA BHARU,PASAR BESAR SITI KHADIJAH,Runcit,26,Sayur-Sayuran,02,002,CILI MERAH MINYAK,F.A.Q,Kilogram,12,11.6,
30961219,2026-09-16,2026-09-16 09:24:12.45937,KELANTAN,KOTA BHARU,PASAR BESAR SITI KHADIJAH,Runcit,26,Sayur-Sayuran,02,002,CILI MERAH MINYAK,F.A.Q,Kilogram,12,11.6,
30961220,2026-09-16,2026-09-16 09:24:12.45937,KELANTAN,KOTA BHARU,PASAR BESAR SITI KHADIJAH,Runcit,26,Sayur-Sayuran,02,002,CILI MERAH MINYAK,F.A.Q,Kilogram,11,11.6,
30961221,2026-09-16,2026-09-16 09:24:12.45937,KELANTAN,KOTA BHARU,PASAR BESAR SITI KHADIJAH,Runcit,26,Sayur-Sayuran,02,002,CILI MERAH MINYAK,F.A.Q,Kilogram,11,11.6,
30961222,2026-09-16,2026-09-16 09:24:12.45937,KELANTAN,KOTA BHARU,PASAR BESAR SITI KHADIJAH,Runcit,26,Sayur-Sayuran,04,002,KACANG BENDI,F.A.Q,Kilogram,6,7.4,
30961223,2026-09-16,2026-09-16 09:24:12.45937,KELANTAN,KOTA BHARU,PASAR BESAR SITI KHADIJAH,Runcit,26,Sayur-Sayuran,04,002,KACANG BENDI,F.A.Q,Kilogram,6,7.4,
30961224,2026-09-16,2026-09-16 09:24:12.45937,KELANTAN,KOTA BHARU,PASAR BESAR SITI KHADIJAH,Runcit,26,Sayur-Sayuran,04,002,KACANG BENDI,F.A.Q,Kilogram,6,7.4,
30961225,2026-09-16,2026-09-16 09:24:12.45937,KELANTAN,KOTA BHARU,PASAR BESAR SITI KHADIJAH,Runcit,26,Sayur-Sayuran,04,002,KACANG BENDI,F.A.Q,Kilogram,7,7.4,
30961226,2026-09-16,2026-09-16 09:24:12.45937,KELANTAN,KOTA BHARU,PASAR BESAR SITI KHADIJAH,Runcit,26,Sayur-Sayuran,04,002,KACANG BENDI,F.A.Q,Kilogram,7,7.4,
30961227,2026-09-16,2026-09-16 09:24:12.45937,KELANTAN,KOTA BHARU,PASAR BESAR SITI KHADIJAH,Runcit,26,Sayur-Sayuran,04,007,KACANG PANJANG HIJAU,F.A.Q,Kilogram,6,6.490909,
30961228,2026-09-16,2026-09-16 09:24:12.45937,KELANTAN,KOTA BHARU,PASAR BESAR SITI KHADIJAH,Runcit,26,Sayur-Sayuran,04,007,KACANG PANJANG HIJAU,F.A.Q,Kilogram,6,6.490909,
30961229,2026-09-16,2026-09-16 09:24:12.45937,KELANTAN,KOTA BHARU,PASAR BESAR SITI KHADIJAH,Runcit,26,Sayur-Sayuran,04,007,KACANG PANJANG HIJAU,F.A.Q,Kilogram,6,6.490909,
30961230,2026-09-16,2026-09-16 09:24:12.45937,KELANTAN,KOTA BHARU,PASAR BESAR SITI KHADIJAH,Runcit,26,Sayur-Sayuran,04,007,KACANG PANJANG HIJAU,F.A.Q,Kilogram,7,6.490909,
30961231,2026-09-16,2026-09-16 09:24:12.45937,KELANTAN,KOTA BHARU,PASAR BESAR SITI KHADIJAH,Runcit,26,Sayur-Sayuran,04,007,KACANG PANJANG HIJAU,F.A.Q,Kilogram,7,6.490909,
30961232,2026-09-16,2026-09-16 09:24:12.45937,KELANTAN,KOTA BHARU,PASAR BESAR SITI KHADIJAH,Runcit,26,Sayur-Sayuran,03,006,KUBIS BULAT (TANAH TINGGI),F.A.Q,Kilogram,4,3.8,
30961233,2026-09-16,2026-09-16 09:24:12.45937,KELANTAN,KOTA BHARU,PASAR BESAR SITI KHADIJAH,Runcit,26,Sayur-Sayuran,03,006,KUBIS BULAT (TANAH TINGGI),F.A.Q,Kilogram,4,3.8,
30961234,2026-09-16,2026-09-16 09:24:12.45937,KELANTAN,KOTA BHARU,PASAR BESAR SITI KHADIJAH,Runcit,26,Sayur-Sayuran,03,006,KUBIS BULAT (TANAH TINGGI),F.A.Q,Kilogram,4,3.8,
30961235,2026-09-16,2026-09-16 09:24:12.45937,KELANTAN,KOTA BHARU,PASAR BESAR SITI KHADIJAH,Runcit,26,Sayur-Sayuran,03,006,KUBIS BULAT (TANAH TINGGI),F.A.Q,Kilogram,3.5,3.8,
30961236,2026-09-16,2026-09-16 09:24:12.45937,KELANTAN,KOTA BHARU,PASAR BESAR SITI KHADIJAH,Runcit,26,Sayur-Sayuran,03,006,KUBIS BULAT (TANAH TINGGI),F.A.Q,Kilogram,3.5,3.8,
30961237,2026-09-16,2026-09-16 09:24:12.45937,KELANTAN,KOTA BHARU,PASAR BESAR SITI KHADIJAH,Runcit,26,Sayur-Sayuran,03,007,SAWI HIJAU,F.A.Q,Kilogram,5.5,5.3,
30961238,2026-09-16,2026-09-16 09:24:12.45937,KELANTAN,KOTA BHARU,PASAR BESAR SITI KHADIJAH,Runcit,26,Sayur-Sayuran,03,007,SAWI HIJAU,F.A.Q,Kilogram,5.5,5.3,
30961239,2026-09-16,2026-09-16 09:24:12.45937,KELANTAN,KOTA BHARU,PASAR BESAR SITI KHADIJAH,Runcit,26,Sayur-Sayuran,03,007,SAWI HIJAU,F.A.Q,Kilogram,5.5,5.3,
30961240,2026-09-16,2026-09-16 09:24:12.45937,KELANTAN,KOTA BHARU,PASAR BESAR SITI KHADIJAH,Runcit,26,Sayur-Sayuran,03,007,SAWI HIJAU,F.A.Q,Kilogram,5,5.3,
30961241,2026-09-16,2026-09-16 09:24:12.45937,KELANTAN,KOTA BHARU,PASAR BESAR SITI KHADIJAH,Runcit,26,Sayur-Sayuran,03,007,SAWI HIJAU,F.A.Q,Kilogram,5,5.3,
30961242,2026-09-16,2026-09-16 09:24:12.45937,KELANTAN,KOTA BHARU,PASAR BESAR SITI KHADIJAH,Runcit,26,Sayur-Sayuran,02,010,TERUNG PANJANG / PEPARU (TANAH RENDAH),F.A.Q,Kilogram,5,4.8,
30961243,2026-09-16,2026-09-16 09:24:12.45937,KELANTAN,KOTA BHARU,PASAR BESAR SITI KHADIJAH,Runcit,26,Sayur-Sayuran,02,010,TERUNG PANJANG / PEPARU (TANAH RENDAH),F.A.Q,Kilogram,5,4.8,
30961244,2026-09-16,2026-09-16 09:24:12.45937,KELANTAN,KOTA BHARU,PASAR BESAR SITI KHADIJAH,Runcit,26,Sayur-Sayuran,02,010,TERUNG PANJANG / PEPARU (TANAH RENDAH),F.A.Q,Kilogram,5,4.8,
30961245,2026-09-16,2026-09-16 09:24:12.45937,KELANTAN,KOTA BHARU,PASAR BESAR SITI KHADIJAH,Runcit,26,Sayur-Sayuran,02,010,TERUNG PANJANG / PEPARU (TANAH RENDAH),F.A.Q,Kilogram,4.5,4.8,
30961246,2026-09-16,2026-09-16 09:24:12.45937,KELANTAN,KOTA BHARU,PASAR BESAR SITI KHADIJAH,Runcit,26,Sayur-Sayuran,02,010,TERUNG PANJANG / PEPARU (TANAH RENDAH),F.A.Q,Kilogram,4.5,4.8,
30961247,2026-09-16,2026-09-16 09:24:12.45937,KELANTAN,KOTA BHARU,PASAR BESAR SITI KHADIJAH,Runcit,26,Sayur-Sayuran,02,011,TIMUN HIJAU,F.A.Q,Kilogram,2.5,2.6851852,
30961248,2026-09-16,2026-09-16 09:24:12.45937,KELANTAN,KOTA BHARU,PASAR BESAR SITI KHADIJAH,Runcit,26,Sayur-Sayuran,02,011,TIMUN HIJAU,F.A.Q,Kilogram,2.5,2.6851852,
30961249,2026-09-16,2026-09-16 09:24:12.45937,KELANTAN,KOTA BHARU,PASAR BESAR SITI KHADIJAH,Runcit,26,Sayur-Sayuran,02,011,TIMUN HIJAU,F.A.Q,Kilogram,2.5,2.6851852,
30961250,2026-09-16,2026-09-16 09:24:12.45937,KELANTAN,KOTA BHARU,PASAR BESAR SITI KHADIJAH,Runcit,26,Sayur-Sayuran,02,011,TIMUN HIJAU,F.A.Q,Kilogram,3,2.6851852,
30961251,2026-09-16,2026-09-16 09:24:12.45937,KELANTAN,KOTA BHARU,PASAR BESAR SITI KHADIJAH,Runcit,26,Sayur-Sayuran,02,011,TIMUN HIJAU,F.A.Q,Kilogram,3,2.6851852,
30961252,2026-09-16,2026-09-16 09:24:12.45937,KELANTAN,KOTA BHARU,PASAR BESAR SITI KHADIJAH,Runcit,26,Sayur-Sayuran,02,012,TOMATO (TANAH TINGGI),F.A.Q,Kilogram,9,9.4,
30961253,2026-09-16,2026-09-16 09:24:12.45937,KELANTAN,KOTA BHARU,PASAR BESAR SITI KHADIJAH,Runcit,26,Sayur-Sayuran,02,012,TOMATO (TANAH TINGGI),F.A.Q,Kilogram,9,9.4,
30961254,2026-09-16,2026-09-16 09:24:12.45937,KELANTAN,KOTA BHARU,PASAR BESAR SITI KHADIJAH,Runcit,26,Sayur-Sayuran,02,012,TOMATO (TANAH TINGGI),F.A.Q,Kilogram,9,9.4,
30961255,2026-09-16,2026-09-16 09:24:12.45937,KELANTAN,KOTA BHARU,PASAR BESAR SITI KHADIJAH,Runcit,26,Sayur-Sayuran,02,012,TOMATO (TANAH TINGGI),F.A.Q,Kilogram,10,9.4,
30961256,2026-09-16,2026-09-16 09:24:12.45937,KELANTAN,KOTA BHARU,PASAR BESAR SITI KHADIJAH,Runcit,26,Sayur-Sayuran,02,012,TOMATO (TANAH TINGGI),F.A.Q,Kilogram,10,9.4,
30961257,2026-09-16,2026-09-16 09:24:29.861713,MELAKA,MELAKA TENGAH,PASAR BESAR MBMB,Runcit,26,Tanaman Kontan,05,001,KELAPA DIKUPAS,SEDANG,Biji,2.5,2.5,
30961258,2026-09-16,2026-09-16 09:24:29.861713,MELAKA,MELAKA TENGAH,PASAR BESAR MBMB,Runcit,26,Tanaman Kontan,05,001,KELAPA DIKUPAS,SEDANG,Biji,2.5,2.5,
30961259,2026-09-16,2026-09-16 09:24:33.128225,SARAWAK,SIBU,PASAR CENTRAL SIBU,Runcit,,Sayur-Sayuran,05,001,BAWANG BESAR MERAH (INDIA),F.A.Q,Kilogram,5,5,
30961260,2026-09-16,2026-09-16 09:24:33.128225,SARAWAK,SIBU,PASAR CENTRAL SIBU,Runcit,,Sayur-Sayuran,05,001,BAWANG PUTIH (CHINA),F.A.Q,Kilogram,8,8,
30961261,2026-09-16,2026-09-16 09:24:33.128225,SARAWAK,SIBU,PASAR CENTRAL SIBU,Runcit,,Sayur-Sayuran,03,001,BAYAM,F.A.Q,Kilogram,7,7,
30961262,2026-09-16,2026-09-16 09:24:33.128225,SARAWAK,SIBU,PASAR CENTRAL SIBU,Runcit,,Sayur-Sayuran,02,002,CILI MERAH MINYAK,F.A.Q,Kilogram,19.5,19.5,
30961263,2026-09-16,2026-09-16 09:24:33.128225,SARAWAK,SIBU,PASAR CENTRAL SIBU,Runcit,,Sayur-Sayuran,04,002,KACANG BENDI,F.A.Q,Kilogram,7.9,7.9,
30961264,2026-09-16,2026-09-16 09:24:33.128225,SARAWAK,SIBU,PASAR CENTRAL SIBU,Runcit,,Sayur-Sayuran,04,007,KACANG PANJANG HIJAU,F.A.Q,Kilogram,7.5,7.5,
30961265,2026-09-16,2026-09-16 09:24:33.128225,SARAWAK,SIBU,PASAR CENTRAL SIBU,Runcit,,Sayur-Sayuran,03,007,SAWI HIJAU,F.A.Q,Kilogram,10,10,
30961266,2026-09-16,2026-09-16 09:24:33.128225,SARAWAK,SIBU,PASAR CENTRAL SIBU,Runcit,,Sayur-Sayuran,02,010,TERUNG PANJANG / PEPARU (TANAH RENDAH),F.A.Q,Kilogram,8.9,8.9,
30961267,2026-09-16,2026-09-16 09:24:33.128225,SARAWAK,SIBU,PASAR CENTRAL SIBU,Runcit,,Sayur-Sayuran,02,011,TIMUN HIJAU,F.A.Q,Kilogram,4.9,4.9,
30961268,2026-09-16,2026-09-16 09:24:33.128225,SARAWAK,SIBU,PASAR CENTRAL SIBU,Runcit,,Sayur-Sayuran,02,012,TOMATO (TANAH TINGGI),F.A.Q,Kilogram,9,9,
30961269,2026-09-16,2026-09-16 09:24:48.171287,MELAKA,MELAKA TENGAH,PASAR BESAR MBMB,Runcit,26,Lain-Lain Makanan Proses,15,001,SANTAN PEKAT,F.A.Q,Kilogram,14,14.5,
30961270,2026-09-16,2026-09-16 09:24:48.171287,MELAKA,MELAKA TENGAH,PASAR BESAR MBMB,Runcit,26,Lain-Lain Makanan Proses,15,001,SANTAN PEKAT,F.A.Q,Kilogram,15,14.5,
30961271,2026-09-16,2026-09-16 09:24:59.010212,KELANTAN,KOTA BHARU,PASAR BESAR SITI KHADIJAH,Runcit,26,Buah-Buahan,02,028,PISANG BERANGAN,F.A.Q,Kilogram,5,5.2,
30961272,2026-09-16,2026-09-16 09:24:59.010212,KELANTAN,KOTA BHARU,PASAR BESAR SITI KHADIJAH,Runcit,26,Buah-Buahan,02,028,PISANG BERANGAN,F.A.Q,Kilogram,5,5.2,
30961273,2026-09-16,2026-09-16 09:24:59.010212,KELANTAN,KOTA BHARU,PASAR BESAR SITI KHADIJAH,Runcit,26,Buah-Buahan,02,028,PISANG BERANGAN,F.A.Q,Kilogram,5,5.2,
30961274,2026-09-16,2026-09-16 09:24:59.010212,KELANTAN,KOTA BHARU,PASAR BESAR SITI KHADIJAH,Runcit,26,Buah-Buahan,02,028,PISANG BERANGAN,F.A.Q,Kilogram,5.5,5.2,
30961275,2026-09-16,2026-09-16 09:24:59.010212,KELANTAN,KOTA BHARU,PASAR BESAR SITI KHADIJAH,Runcit,26,Buah-Buahan,02,028,PISANG BERANGAN,F.A.Q,Kilogram,5.5,5.2,
30961276,2026-09-16,2026-09-16 09:24:59.010212,KELANTAN,KOTA BHARU,PASAR BESAR SITI KHADIJAH,Runcit,26,Buah-Buahan,02,034,TEMBIKAI MERAH TANPA BIJI,F.A.Q,Kilogram,3,2.92,
30961277,2026-09-16,2026-09-16 09:24:59.010212,KELANTAN,KOTA BHARU,PASAR BESAR SITI KHADIJAH,Runcit,26,Buah-Buahan,02,034,TEMBIKAI MERAH TANPA BIJI,F.A.Q,Kilogram,3,2.92,
30961278,2026-09-16,2026-09-16 09:24:59.010212,KELANTAN,KOTA BHARU,PASAR BESAR SITI KHADIJAH,Runcit,26,Buah-Buahan,02,034,TEMBIKAI MERAH TANPA BIJI,F.A.Q,Kilogram,3,2.92,
30961279,2026-09-16,2026-09-16 09:24:59.010212,KELANTAN,KOTA BHARU,PASAR BESAR SITI KHADIJAH,Runcit,26,Buah-Buahan,02,034,TEMBIKAI MERAH TANPA BIJI,F.A.Q,Kilogram,2.8,2.92,
30961280,2026-09-16,2026-09-16 09:24:59.010212,KELANTAN,KOTA BHARU,PASAR BESAR SITI KHADIJAH,Runcit,26,Buah-Buahan,02,034,TEMBIKAI MERAH TANPA BIJI,F.A.Q,Kilogram,2.8,2.92,
30961281,2026-09-16,2026-09-16 09:25:29.265931,SARAWAK,SIBU,PASAR CENTRAL SIBU,Runcit,26,Ternakan,03,002,AYAM PROSES STANDARD,F.A.Q,Kilogram,10.5,10.5,
30961282,2026-09-16,2026-09-16 09:25:29.265931,SARAWAK,SIBU,PASAR CENTRAL SIBU,Runcit,26,Ternakan,02,003,DAGING LEMBU PEJAL,F.A.Q,Kilogram,48,48,
30961283,2026-09-16,2026-09-16 09:25:29.265931,SARAWAK,SIBU,PASAR CENTRAL SIBU,Runcit,26,Ternakan,11,001,TELUR AYAM,B,Biji,0.52,0.52,
30961284,2026-09-16,2026-09-16 09:25:36.492603,KELANTAN,KOTA BHARU,PASAR BESAR SITI KHADIJAH,Runcit,26,Ternakan,03,002,AYAM PROSES STANDARD,F.A.Q,Kilogram,9.5,9.5,
30961285,2026-09-16,2026-09-16 09:25:36.492603,KELANTAN,KOTA BHARU,PASAR BESAR SITI KHADIJAH,Runcit,26,Ternakan,03,002,AYAM PROSES STANDARD,F.A.Q,Kilogram,9.5,9.5,
30961288,2026-09-16,2026-09-16 09:27:18.28904,KELANTAN,KOTA BHARU,PASAR BESAR SITI KHADIJAH,Runcit,26,Ternakan,02,003,DAGING LEMBU PEJAL,F.A.Q,Kilogram,26,26.25,
30961289,2026-09-16,2026-09-16 09:27:18.28904,KELANTAN,KOTA BHARU,PASAR BESAR SITI KHADIJAH,Runcit,26,Ternakan,02,003,DAGING LEMBU PEJAL,F.A.Q,Kilogram,26,26.25,
30961290,2026-09-16,2026-09-16 09:27:18.28904,KELANTAN,KOTA BHARU,PASAR BESAR SITI KHADIJAH,Runcit,26,Ternakan,02,003,DAGING LEMBU PEJAL,F.A.Q,Kilogram,26,26.25,
30961291,2026-09-16,2026-09-16 09:27:18.28904,KELANTAN,KOTA BHARU,PASAR BESAR SITI KHADIJAH,Runcit,26,Ternakan,02,003,DAGING LEMBU PEJAL,F.A.Q,Kilogram,27,26.25,
30961292,2026-09-16,2026-09-16 09:27:19.540812,MELAKA,MELAKA TENGAH,PASAR BORONG MPHTJ BATU BERENDAM - BAHAGIAN BORONG,Borong,20,Ternakan,03,002,AYAM PROSES STANDARD,F.A.Q,Kilogram,8.5,8.5,
30961293,2026-09-16,2026-09-16 09:27:19.540812,MELAKA,MELAKA TENGAH,PASAR BORONG MPHTJ BATU BERENDAM - BAHAGIAN BORONG,Borong,20,Ternakan,02,003,DAGING LEMBU PEJAL,F.A.Q,Kilogram,35,35,
30961294,2026-09-16,2026-09-16 09:27:19.540812,MELAKA,MELAKA TENGAH,PASAR BORONG MPHTJ BATU BERENDAM - BAHAGIAN BORONG,Borong,20,Ternakan,11,001,TELUR AYAM,B,Biji,0.48,0.48,
30961295,2026-09-16,2026-09-16 09:27:47.542829,KELANTAN,KOTA BHARU,PASAR BESAR SITI KHADIJAH,Runcit,26,Lain-Lain Makanan Proses,15,001,SANTAN PEKAT,F.A.Q,Kilogram,17,17,
30961297,2026-09-16,2026-09-16 09:31:15.522193,MELAKA,MELAKA TENGAH,PASAR BORONG MPHTJ BATU BERENDAM - BAHAGIAN BORONG,Borong,20,Sayur-Sayuran,05,001,BAWANG BESAR MERAH (INDIA),F.A.Q,Kilogram,2.2,2.2,
30961298,2026-09-16,2026-09-16 09:31:15.522193,MELAKA,MELAKA TENGAH,PASAR BORONG MPHTJ BATU BERENDAM - BAHAGIAN BORONG,Borong,20,Sayur-Sayuran,05,001,BAWANG PUTIH (CHINA),F.A.Q,Kilogram,7,7,
30961299,2026-09-16,2026-09-16 09:31:15.522193,MELAKA,MELAKA TENGAH,PASAR BORONG MPHTJ BATU BERENDAM - BAHAGIAN BORONG,Borong,20,Sayur-Sayuran,03,001,BAYAM,F.A.Q,Kilogram,1.7,1.7666667,
30961300,2026-09-16,2026-09-16 09:31:15.522193,MELAKA,MELAKA TENGAH,PASAR BORONG MPHTJ BATU BERENDAM - BAHAGIAN BORONG,Borong,20,Sayur-Sayuran,03,001,BAYAM,F.A.Q,Kilogram,1.6,1.7666667,
30961301,2026-09-16,2026-09-16 09:31:15.522193,MELAKA,MELAKA TENGAH,PASAR BORONG MPHTJ BATU BERENDAM - BAHAGIAN BORONG,Borong,20,Sayur-Sayuran,02,002,CILI MERAH KULAI / KULAI HIBRID,F.A.Q,Kilogram,14,14.333333,
30961302,2026-09-16,2026-09-16 09:31:15.522193,MELAKA,MELAKA TENGAH,PASAR BORONG MPHTJ BATU BERENDAM - BAHAGIAN BORONG,Borong,20,Sayur-Sayuran,02,002,CILI MERAH KULAI / KULAI HIBRID,F.A.Q,Kilogram,14.5,14.333333,
30961303,2026-09-16,2026-09-16 09:31:15.522193,MELAKA,MELAKA TENGAH,PASAR BORONG MPHTJ BATU BERENDAM - BAHAGIAN BORONG,Borong,20,Sayur-Sayuran,02,002,CILI MERAH MINYAK,F.A.Q,Kilogram,13,13,
30961304,2026-09-16,2026-09-16 09:31:15.522193,MELAKA,MELAKA TENGAH,PASAR BORONG MPHTJ BATU BERENDAM - BAHAGIAN BORONG,Borong,20,Sayur-Sayuran,04,002,KACANG BENDI,F.A.Q,Kilogram,3.8,6,
30961305,2026-09-16,2026-09-16 09:31:15.522193,MELAKA,MELAKA TENGAH,PASAR BORONG MPHTJ BATU BERENDAM - BAHAGIAN BORONG,Borong,20,Sayur-Sayuran,04,002,KACANG BENDI,F.A.Q,Kilogram,4,6,
30961306,2026-09-16,2026-09-16 09:31:15.522193,MELAKA,MELAKA TENGAH,PASAR BORONG MPHTJ BATU BERENDAM - BAHAGIAN BORONG,Borong,20,Sayur-Sayuran,04,007,KACANG PANJANG HIJAU,F.A.Q,Kilogram,3.8,3.92,
30961307,2026-09-16,2026-09-16 09:31:15.522193,MELAKA,MELAKA TENGAH,PASAR BORONG MPHTJ BATU BERENDAM - BAHAGIAN BORONG,Borong,20,Sayur-Sayuran,04,007,KACANG PANJANG HIJAU,F.A.Q,Kilogram,4,3.92,
30961308,2026-09-16,2026-09-16 09:31:15.522193,MELAKA,MELAKA TENGAH,PASAR BORONG MPHTJ BATU BERENDAM - BAHAGIAN BORONG,Borong,20,Sayur-Sayuran,03,006,KUBIS BULAT (TANAH TINGGI),F.A.Q,Kilogram,2.5,2.2666667,
30961309,2026-09-16,2026-09-16 09:31:15.522193,MELAKA,MELAKA TENGAH,PASAR BORONG MPHTJ BATU BERENDAM - BAHAGIAN BORONG,Borong,20,Sayur-Sayuran,03,007,SAWI HIJAU,F.A.Q,Kilogram,2.5,2.711111,
30961310,2026-09-16,2026-09-16 09:31:15.522193,MELAKA,MELAKA TENGAH,PASAR BORONG MPHTJ BATU BERENDAM - BAHAGIAN BORONG,Borong,20,Sayur-Sayuran,02,010,TERUNG PANJANG / PEPARU (TANAH RENDAH),F.A.Q,Kilogram,4.8,6.25,
30961311,2026-09-16,2026-09-16 09:31:15.522193,MELAKA,MELAKA TENGAH,PASAR BORONG MPHTJ BATU BERENDAM - BAHAGIAN BORONG,Borong,20,Sayur-Sayuran,02,011,TIMUN HIJAU,F.A.Q,Kilogram,1.6,1.709091,
30961312,2026-09-16,2026-09-16 09:31:15.522193,MELAKA,MELAKA TENGAH,PASAR BORONG MPHTJ BATU BERENDAM - BAHAGIAN BORONG,Borong,20,Sayur-Sayuran,02,011,TIMUN HIJAU,F.A.Q,Kilogram,1.5,1.709091,
30961313,2026-09-16,2026-09-16 09:31:15.522193,MELAKA,MELAKA TENGAH,PASAR BORONG MPHTJ BATU BERENDAM - BAHAGIAN BORONG,Borong,20,Sayur-Sayuran,02,012,TOMATO (TANAH TINGGI),F.A.Q,Kilogram,4.8,7.7181816,
30961314,2026-09-16,2026-09-16 09:31:15.522193,MELAKA,MELAKA TENGAH,PASAR BORONG MPHTJ BATU BERENDAM - BAHAGIAN BORONG,Borong,20,Sayur-Sayuran,02,012,TOMATO (TANAH TINGGI),F.A.Q,Kilogram,4.7,7.7181816,
30961315,2026-09-16,2026-09-16 09:31:56.239413,MELAKA,MELAKA TENGAH,PASAR BORONG MPHTJ BATU BERENDAM - BAHAGIAN BORONG,Borong,20,Buah-Buahan,02,023,NANAS JOSAPINE (AC5),F.A.Q,Kilogram,3,3.5,
30961316,2026-09-16,2026-09-16 09:31:56.239413,MELAKA,MELAKA TENGAH,PASAR BORONG MPHTJ BATU BERENDAM - BAHAGIAN BORONG,Borong,20,Buah-Buahan,02,028,PISANG BERANGAN,F.A.Q,Kilogram,3.5,3.6333334,
30961317,2026-09-16,2026-09-16 09:31:56.239413,MELAKA,MELAKA TENGAH,PASAR BORONG MPHTJ BATU BERENDAM - BAHAGIAN BORONG,Borong,20,Buah-Buahan,02,034,TEMBIKAI MERAH TANPA BIJI,F.A.Q,Kilogram,1.5,2.2571428,
30961318,2026-09-16,2026-09-16 09:32:46.691388,MELAKA,MELAKA TENGAH,PASAR BORONG MPHTJ BATU BERENDAM - BAHAGIAN BORONG,Borong,20,Tanaman Kontan,05,001,KELAPA DIKUPAS,SEDANG,Biji,1.6,1.75,
30961319,2026-09-16,2026-09-16 09:32:54.813375,MELAKA,MELAKA TENGAH,PASAR BORONG MPHTJ BATU BERENDAM - BAHAGIAN BORONG,Borong,20,Tanaman Kontan,05,001,KELAPA DIKUPAS,SEDANG,Biji,1.75,1.75,
30961320,2026-09-16,2026-09-16 09:34:43.692728,MELAKA,MELAKA TENGAH,,Ladang,27,Sayur-Sayuran,03,001,BAYAM,F.A.Q,Kilogram,1.2,1.3,
30961321,2026-09-16,2026-09-16 09:34:43.692728,MELAKA,MELAKA TENGAH,,Ladang,27,Sayur-Sayuran,02,002,CILI MERAH KULAI / KULAI HIBRID,F.A.Q,Kilogram,12,12,
30961322,2026-09-16,2026-09-16 09:34:43.692728,MELAKA,MELAKA TENGAH,,Ladang,27,Sayur-Sayuran,02,002,CILI MERAH MINYAK,F.A.Q,Kilogram,11,11,
30961323,2026-09-16,2026-09-16 09:34:43.692728,MELAKA,MELAKA TENGAH,,Ladang,27,Sayur-Sayuran,04,002,KACANG BENDI,F.A.Q,Kilogram,2.5,3.6,
30961324,2026-09-16,2026-09-16 09:34:43.692728,MELAKA,MELAKA TENGAH,,Ladang,27,Sayur-Sayuran,04,007,KACANG PANJANG HIJAU,F.A.Q,Kilogram,2.8,2.85,
30961325,2026-09-16,2026-09-16 09:34:43.692728,MELAKA,MELAKA TENGAH,,Ladang,27,Sayur-Sayuran,03,007,SAWI HIJAU,F.A.Q,Kilogram,1.7,1.85,
30961326,2026-09-16,2026-09-16 09:34:43.692728,MELAKA,MELAKA TENGAH,,Ladang,27,Sayur-Sayuran,02,010,TERUNG PANJANG / PEPARU (TANAH RENDAH),F.A.Q,Kilogram,3.5,4.2166667,
30961327,2026-09-16,2026-09-16 09:34:43.692728,MELAKA,MELAKA TENGAH,,Ladang,27,Sayur-Sayuran,02,011,TIMUN HIJAU,F.A.Q,Kilogram,0.9,0.98333335,
30961328,2026-09-16,2026-09-16 09:35:19.90386,MELAKA,JASIN,LADANG/KEBUN SERKAM,Ladang,,Ternakan,01,003,AYAM HIDUP,F.A.Q,Kilogram,6.9,6.9,
30961329,2026-09-16,2026-09-16 09:35:19.90386,MELAKA,JASIN,LADANG/KEBUN SERKAM,Ladang,,Ternakan,11,001,TELUR AYAM,B,Biji,0.45,0.45,
30961330,2026-09-16,2026-09-16 09:35:51.958599,MELAKA,JASIN,LADANG/KEBUN MERLIMAU,Ladang,,Tanaman Kontan,05,001,KELAPA DIKUPAS,SEDANG,Biji,1.5,1.5,
30961331,2026-09-16,2026-09-16 09:36:59.398734,PERLIS,PERLIS,LADANG/KEBUN KAMPUNG BATU BERTANGKUP,Ladang,,Buah-Buahan,02,028,PISANG BERANGAN,F.A.Q,Kilogram,3,2.7833333,
30961332,2026-09-16,2026-09-16 09:36:59.398734,PERLIS,PERLIS,LADANG/KEBUN KAMPUNG BATU BERTANGKUP,Ladang,,Buah-Buahan,02,028,PISANG BERANGAN,F.A.Q,Kilogram,3,2.7833333,
30961333,2026-09-16,2026-09-16 09:37:04.554137,MELAKA,MELAKA TENGAH,LADANG/KEBUN BUKIT KATIL,Ladang,27,Buah-Buahan,02,028,PISANG BERANGAN,F.A.Q,Kilogram,2.8,2.95,
30961334,2026-09-16,2026-09-16 09:37:04.554137,MELAKA,MELAKA TENGAH,LADANG/KEBUN BUKIT KATIL,Ladang,27,Buah-Buahan,02,034,TEMBIKAI MERAH TANPA BIJI,F.A.Q,Kilogram,0.9,1.5833334,
30961335,2026-09-16,2026-09-16 09:38:25.406782,PERLIS,PERLIS,[LOKASI KUTIPAN HARGA LADANG] LADANG/KEBUN KUALA PERLIS,Ladang,,Sayur-Sayuran,03,001,BAYAM,F.A.Q,Kilogram,2.2,2.1458333,
30961336,2026-09-16,2026-09-16 09:38:25.406782,PERLIS,PERLIS,[LOKASI KUTIPAN HARGA LADANG] LADANG/KEBUN KUALA PERLIS,Ladang,,Sayur-Sayuran,02,002,CILI MERAH KULAI / KULAI HIBRID,F.A.Q,Kilogram,9.5,10.416667,
30961337,2026-09-16,2026-09-16 09:38:25.406782,PERLIS,PERLIS,[LOKASI KUTIPAN HARGA LADANG] LADANG/KEBUN KUALA PERLIS,Ladang,,Sayur-Sayuran,04,002,KACANG BENDI,F.A.Q,Kilogram,3.4,3.4071429,
30961338,2026-09-16,2026-09-16 09:38:25.406782,PERLIS,PERLIS,[LOKASI KUTIPAN HARGA LADANG] LADANG/KEBUN KUALA PERLIS,Ladang,,Sayur-Sayuran,04,007,KACANG PANJANG HIJAU,F.A.Q,Kilogram,2.8,2.8958333,
30961339,2026-09-16,2026-09-16 09:38:25.406782,PERLIS,PERLIS,[LOKASI KUTIPAN HARGA LADANG] LADANG/KEBUN KUALA PERLIS,Ladang,,Sayur-Sayuran,03,007,SAWI HIJAU,F.A.Q,Kilogram,2,2.1,
30961340,2026-09-16,2026-09-16 09:38:25.406782,PERLIS,PERLIS,[LOKASI KUTIPAN HARGA LADANG] LADANG/KEBUN KUALA PERLIS,Ladang,,Sayur-Sayuran,02,010,TERUNG PANJANG / PEPARU (TANAH RENDAH),F.A.Q,Kilogram,2.8,2.7875,
30961341,2026-09-16,2026-09-16 09:38:25.406782,PERLIS,PERLIS,[LOKASI KUTIPAN HARGA LADANG] LADANG/KEBUN KUALA PERLIS,Ladang,,Sayur-Sayuran,02,011,TIMUN HIJAU,F.A.Q,Kilogram,1.5,1.5347826,
30961342,2026-09-16,2026-09-16 09:39:22.358844,PERLIS,PERLIS,LADANG/KEBUN KAMPUNG BATU BERTANGKUP,Ladang,,Sayur-Sayuran,03,001,BAYAM,F.A.Q,Kilogram,2.2,2.1458333,
30961343,2026-09-16,2026-09-16 09:39:22.358844,PERLIS,PERLIS,LADANG/KEBUN KAMPUNG BATU BERTANGKUP,Ladang,,Sayur-Sayuran,02,002,CILI MERAH KULAI / KULAI HIBRID,F.A.Q,Kilogram,9,10.416667,
30961344,2026-09-16,2026-09-16 09:39:22.358844,PERLIS,PERLIS,LADANG/KEBUN KAMPUNG BATU BERTANGKUP,Ladang,,Sayur-Sayuran,04,002,KACANG BENDI,F.A.Q,Kilogram,3.3,3.4071429,
30961345,2026-09-16,2026-09-16 09:39:22.358844,PERLIS,PERLIS,LADANG/KEBUN KAMPUNG BATU BERTANGKUP,Ladang,,Sayur-Sayuran,04,007,KACANG PANJANG HIJAU,F.A.Q,Kilogram,2.9,2.8958333,
30961346,2026-09-16,2026-09-16 09:39:22.358844,PERLIS,PERLIS,LADANG/KEBUN KAMPUNG BATU BERTANGKUP,Ladang,,Sayur-Sayuran,03,007,SAWI HIJAU,F.A.Q,Kilogram,2.2,2.1,
30961347,2026-09-16,2026-09-16 09:39:22.358844,PERLIS,PERLIS,LADANG/KEBUN KAMPUNG BATU BERTANGKUP,Ladang,,Sayur-Sayuran,02,010,TERUNG PANJANG / PEPARU (TANAH RENDAH),F.A.Q,Kilogram,2.7,2.7875,
30961348,2026-09-16,2026-09-16 09:39:22.358844,PERLIS,PERLIS,LADANG/KEBUN KAMPUNG BATU BERTANGKUP,Ladang,,Sayur-Sayuran,02,011,TIMUN HIJAU,F.A.Q,Kilogram,1.6,1.5347826,
30961349,2026-09-16,2026-09-16 09:39:55.07878,PERLIS,PERLIS,,Borong,20,Tanaman Kontan,05,001,KELAPA DIKUPAS,SEDANG,Biji,1.8,1.8,
30961350,2026-09-16,2026-09-16 09:39:55.07878,PERLIS,PERLIS,,Borong,20,Tanaman Kontan,05,001,KELAPA DIKUPAS,SEDANG,Biji,1.8,1.8,
30961351,2026-09-16,2026-09-16 09:39:55.07878,PERLIS,PERLIS,,Borong,20,Tanaman Kontan,05,001,KELAPA DIKUPAS,SEDANG,Biji,1.8,1.8,
30961352,2026-09-16,2026-09-16 09:39:55.07878,PERLIS,PERLIS,,Borong,20,Tanaman Kontan,05,001,KELAPA DIKUPAS,SEDANG,Biji,1.8,1.8,
30961353,2026-09-16,2026-09-16 09:41:11.958147,PERLIS,PERLIS,PASAR BORONG KAMPUNG BAKAU,Borong,20,Ternakan,02,003,DAGING LEMBU PEJAL,F.A.Q,Kilogram,25,25,
30961354,2026-09-16,2026-09-16 09:41:11.958147,PERLIS,PERLIS,PASAR BORONG KAMPUNG BAKAU,Borong,20,Ternakan,02,003,DAGING LEMBU PEJAL,F.A.Q,Kilogram,25,25,
30961355,2026-09-16,2026-09-16 09:41:41.002936,PERLIS,PERLIS,PASAR BORONG KAMPUNG BAKAU,Borong,20,Ternakan,03,002,AYAM PROSES STANDARD,F.A.Q,Kilogram,8.2,8.2,
30961356,2026-09-16,2026-09-16 09:41:41.002936,PERLIS,PERLIS,PASAR BORONG KAMPUNG BAKAU,Borong,20,Ternakan,03,002,AYAM PROSES STANDARD,F.A.Q,Kilogram,8.2,8.2,
30961357,2026-09-16,2026-09-16 09:42:19.242955,PERLIS,PERLIS,PASAR BORONG KAMPUNG BAKAU,Borong,20,Ternakan,11,001,TELUR AYAM,B,Biji,0.46,0.46,
30961358,2026-09-16,2026-09-16 09:42:43.066402,PERLIS,PERLIS,PASAR BORONG KAMPUNG BAKAU,Borong,20,Sayur-Sayuran,05,001,BAWANG BESAR MERAH (INDIA),F.A.Q,Kilogram,2.8,2.9666667,
30961359,2026-09-16,2026-09-16 09:42:43.066402,PERLIS,PERLIS,PASAR BORONG KAMPUNG BAKAU,Borong,20,Sayur-Sayuran,05,001,BAWANG PUTIH (CHINA),F.A.Q,Kilogram,7,6.733333,
30961360,2026-09-16,2026-09-16 09:43:40.758154,PERLIS,PERLIS,PASAR BORONG KAMPUNG BAKAU,Borong,20,Buah-Buahan,02,028,PISANG BERANGAN,F.A.Q,Kilogram,4.5,4.4142857,
30961361,2026-09-16,2026-09-16 09:43:40.758154,PERLIS,PERLIS,PASAR BORONG KAMPUNG BAKAU,Borong,20,Buah-Buahan,02,028,PISANG BERANGAN,F.A.Q,Kilogram,4.5,4.4142857,
30961362,2026-09-16,2026-09-16 09:43:40.758154,PERLIS,PERLIS,PASAR BORONG KAMPUNG BAKAU,Borong,20,Buah-Buahan,02,028,PISANG BERANGAN,F.A.Q,Kilogram,4.5,4.4142857,
30961363,2026-09-16,2026-09-16 09:43:40.758154,PERLIS,PERLIS,PASAR BORONG KAMPUNG BAKAU,Borong,20,Buah-Buahan,02,034,TEMBIKAI MERAH TANPA BIJI,F.A.Q,Kilogram,3,2.9583333,
30961364,2026-09-16,2026-09-16 09:43:40.758154,PERLIS,PERLIS,PASAR BORONG KAMPUNG BAKAU,Borong,20,Buah-Buahan,02,034,TEMBIKAI MERAH TANPA BIJI,F.A.Q,Kilogram,3,2.9583333,
30961365,2026-09-16,2026-09-16 09:43:40.758154,PERLIS,PERLIS,PASAR BORONG KAMPUNG BAKAU,Borong,20,Buah-Buahan,02,034,TEMBIKAI MERAH TANPA BIJI,F.A.Q,Kilogram,3,2.9583333,
30961366,2026-09-16,2026-09-16 09:47:45.66811,NEGERI SEMBILAN,SEREMBAN,PASAR BESAR SEREMBAN - BAHAGIAN BORONG,Borong,20,Sayur-Sayuran,05,001,BAWANG BESAR MERAH (INDIA),F.A.Q,Kilogram,2.9,3.15,
30961367,2026-09-16,2026-09-16 09:47:45.66811,NEGERI SEMBILAN,SEREMBAN,PASAR BESAR SEREMBAN - BAHAGIAN BORONG,Borong,20,Sayur-Sayuran,05,001,BAWANG BESAR MERAH (INDIA),F.A.Q,Kilogram,3.5,3.15,
30961368,2026-09-16,2026-09-16 09:47:45.66811,NEGERI SEMBILAN,SEREMBAN,PASAR BESAR SEREMBAN - BAHAGIAN BORONG,Borong,20,Sayur-Sayuran,05,001,BAWANG BESAR MERAH (INDIA),F.A.Q,Kilogram,3.3,3.15,
30961369,2026-09-16,2026-09-16 09:47:45.66811,NEGERI SEMBILAN,SEREMBAN,PASAR BESAR SEREMBAN - BAHAGIAN BORONG,Borong,20,Sayur-Sayuran,05,001,BAWANG PUTIH (CHINA),F.A.Q,Kilogram,8.8,8.96,
30961370,2026-09-16,2026-09-16 09:47:45.66811,NEGERI SEMBILAN,SEREMBAN,PASAR BESAR SEREMBAN - BAHAGIAN BORONG,Borong,20,Sayur-Sayuran,05,001,BAWANG PUTIH (CHINA),F.A.Q,Kilogram,9.3,8.96,
30961371,2026-09-16,2026-09-16 09:47:45.66811,NEGERI SEMBILAN,SEREMBAN,PASAR BESAR SEREMBAN - BAHAGIAN BORONG,Borong,20,Sayur-Sayuran,05,001,BAWANG PUTIH (CHINA),F.A.Q,Kilogram,8.4,8.96,
30961372,2026-09-16,2026-09-16 09:47:49.406353,NEGERI SEMBILAN,SEREMBAN,PASAR BESAR SEREMBAN - BAHAGIAN RUNCIT,Runcit,26,Sayur-Sayuran,05,001,BAWANG BESAR MERAH (INDIA),F.A.Q,Kilogram,4.5,4.326667,
30961373,2026-09-16,2026-09-16 09:47:49.406353,NEGERI SEMBILAN,SEREMBAN,PASAR BESAR SEREMBAN - BAHAGIAN RUNCIT,Runcit,26,Sayur-Sayuran,05,001,BAWANG BESAR MERAH (INDIA),F.A.Q,Kilogram,4,4.326667,
30961374,2026-09-16,2026-09-16 09:47:49.406353,NEGERI SEMBILAN,SEREMBAN,PASAR BESAR SEREMBAN - BAHAGIAN RUNCIT,Runcit,26,Sayur-Sayuran,05,001,BAWANG BESAR MERAH (INDIA),F.A.Q,Kilogram,4.8,4.326667,
30961375,2026-09-16,2026-09-16 09:47:49.406353,NEGERI SEMBILAN,SEREMBAN,PASAR BESAR SEREMBAN - BAHAGIAN RUNCIT,Runcit,26,Sayur-Sayuran,05,001,BAWANG PUTIH (CHINA),F.A.Q,Kilogram,10.5,10.536667,
30961376,2026-09-16,2026-09-16 09:47:49.406353,NEGERI SEMBILAN,SEREMBAN,PASAR BESAR SEREMBAN - BAHAGIAN RUNCIT,Runcit,26,Sayur-Sayuran,05,001,BAWANG PUTIH (CHINA),F.A.Q,Kilogram,10,10.536667,
30961377,2026-09-16,2026-09-16 09:47:49.406353,NEGERI SEMBILAN,SEREMBAN,PASAR BESAR SEREMBAN - BAHAGIAN RUNCIT,Runcit,26,Sayur-Sayuran,05,001,BAWANG PUTIH (CHINA),F.A.Q,Kilogram,11,10.536667,
30961378,2026-09-16,2026-09-16 09:48:10.447227,PERLIS,PERLIS,PASAR BORONG KAMPUNG BAKAU,Borong,20,Sayur-Sayuran,03,001,BAYAM,F.A.Q,Kilogram,4,4,
30961379,2026-09-16,2026-09-16 09:48:10.447227,PERLIS,PERLIS,PASAR BORONG KAMPUNG BAKAU,Borong,20,Sayur-Sayuran,03,001,BAYAM,F.A.Q,Kilogram,4,4,
30961380,2026-09-16,2026-09-16 09:48:10.447227,PERLIS,PERLIS,PASAR BORONG KAMPUNG BAKAU,Borong,20,Sayur-Sayuran,03,001,BAYAM,F.A.Q,Kilogram,4,4,
30961381,2026-09-16,2026-09-16 09:48:10.447227,PERLIS,PERLIS,PASAR BORONG KAMPUNG BAKAU,Borong,20,Sayur-Sayuran,03,001,BAYAM,F.A.Q,Kilogram,4,4,
30961382,2026-09-16,2026-09-16 09:48:10.447227,PERLIS,PERLIS,PASAR BORONG KAMPUNG BAKAU,Borong,20,Sayur-Sayuran,02,002,CILI MERAH KULAI / KULAI HIBRID,F.A.Q,Kilogram,13,13.625,
30961383,2026-09-16,2026-09-16 09:48:10.447227,PERLIS,PERLIS,PASAR BORONG KAMPUNG BAKAU,Borong,20,Sayur-Sayuran,02,002,CILI MERAH KULAI / KULAI HIBRID,F.A.Q,Kilogram,13,13.625,
30961384,2026-09-16,2026-09-16 09:48:10.447227,PERLIS,PERLIS,PASAR BORONG KAMPUNG BAKAU,Borong,20,Sayur-Sayuran,02,002,CILI MERAH KULAI / KULAI HIBRID,F.A.Q,Kilogram,13,13.625,
30961385,2026-09-16,2026-09-16 09:48:10.447227,PERLIS,PERLIS,PASAR BORONG KAMPUNG BAKAU,Borong,20,Sayur-Sayuran,02,002,CILI MERAH KULAI / KULAI HIBRID,F.A.Q,Kilogram,13,13.625,
30961386,2026-09-16,2026-09-16 09:48:10.447227,PERLIS,PERLIS,PASAR BORONG KAMPUNG BAKAU,Borong,20,Sayur-Sayuran,02,002,CILI MERAH MINYAK,F.A.Q,Kilogram,9,9,
30961387,2026-09-16,2026-09-16 09:48:10.447227,PERLIS,PERLIS,PASAR BORONG KAMPUNG BAKAU,Borong,20,Sayur-Sayuran,02,002,CILI MERAH MINYAK,F.A.Q,Kilogram,9,9,
30961388,2026-09-16,2026-09-16 09:48:10.447227,PERLIS,PERLIS,PASAR BORONG KAMPUNG BAKAU,Borong,20,Sayur-Sayuran,02,002,CILI MERAH MINYAK,F.A.Q,Kilogram,9,9,
30961389,2026-09-16,2026-09-16 09:48:10.447227,PERLIS,PERLIS,PASAR BORONG KAMPUNG BAKAU,Borong,20,Sayur-Sayuran,02,002,CILI MERAH MINYAK,F.A.Q,Kilogram,9,9,
30961390,2026-09-16,2026-09-16 09:48:10.447227,PERLIS,PERLIS,PASAR BORONG KAMPUNG BAKAU,Borong,20,Sayur-Sayuran,04,002,KACANG BENDI,F.A.Q,Kilogram,6,6,
30961391,2026-09-16,2026-09-16 09:48:10.447227,PERLIS,PERLIS,PASAR BORONG KAMPUNG BAKAU,Borong,20,Sayur-Sayuran,04,002,KACANG BENDI,F.A.Q,Kilogram,6,6,
30961392,2026-09-16,2026-09-16 09:48:10.447227,PERLIS,PERLIS,PASAR BORONG KAMPUNG BAKAU,Borong,20,Sayur-Sayuran,04,002,KACANG BENDI,F.A.Q,Kilogram,6,6,
30961393,2026-09-16,2026-09-16 09:48:10.447227,PERLIS,PERLIS,PASAR BORONG KAMPUNG BAKAU,Borong,20,Sayur-Sayuran,04,002,KACANG BENDI,F.A.Q,Kilogram,6,6,
30961394,2026-09-16,2026-09-16 09:48:10.447227,PERLIS,PERLIS,PASAR BORONG KAMPUNG BAKAU,Borong,20,Sayur-Sayuran,04,007,KACANG PANJANG HIJAU,F.A.Q,Kilogram,5,5.0416665,
30961395,2026-09-16,2026-09-16 09:48:10.447227,PERLIS,PERLIS,PASAR BORONG KAMPUNG BAKAU,Borong,20,Sayur-Sayuran,04,007,KACANG PANJANG HIJAU,F.A.Q,Kilogram,5,5.0416665,
30961396,2026-09-16,2026-09-16 09:48:10.447227,PERLIS,PERLIS,PASAR BORONG KAMPUNG BAKAU,Borong,20,Sayur-Sayuran,04,007,KACANG PANJANG HIJAU,F.A.Q,Kilogram,5,5.0416665,
30961397,2026-09-16,2026-09-16 09:48:10.447227,PERLIS,PERLIS,PASAR BORONG KAMPUNG BAKAU,Borong,20,Sayur-Sayuran,04,007,KACANG PANJANG HIJAU,F.A.Q,Kilogram,5,5.0416665,
30961398,2026-09-16,2026-09-16 09:48:10.447227,PERLIS,PERLIS,PASAR BORONG KAMPUNG BAKAU,Borong,20,Sayur-Sayuran,03,007,SAWI HIJAU,F.A.Q,Kilogram,4,4,
30961399,2026-09-16,2026-09-16 09:48:10.447227,PERLIS,PERLIS,PASAR BORONG KAMPUNG BAKAU,Borong,20,Sayur-Sayuran,03,007,SAWI HIJAU,F.A.Q,Kilogram,4,4,
30961400,2026-09-16,2026-09-16 09:48:10.447227,PERLIS,PERLIS,PASAR BORONG KAMPUNG BAKAU,Borong,20,Sayur-Sayuran,03,007,SAWI HIJAU,F.A.Q,Kilogram,4,4,
30961401,2026-09-16,2026-09-16 09:48:10.447227,PERLIS,PERLIS,PASAR BORONG KAMPUNG BAKAU,Borong,20,Sayur-Sayuran,03,007,SAWI HIJAU,F.A.Q,Kilogram,4,4,
30961402,2026-09-16,2026-09-16 09:48:10.447227,PERLIS,PERLIS,PASAR BORONG KAMPUNG BAKAU,Borong,20,Sayur-Sayuran,02,010,TERUNG PANJANG / PEPARU (TANAH RENDAH),F.A.Q,Kilogram,5,5.0833335,
30961403,2026-09-16,2026-09-16 09:48:10.447227,PERLIS,PERLIS,PASAR BORONG KAMPUNG BAKAU,Borong,20,Sayur-Sayuran,02,010,TERUNG PANJANG / PEPARU (TANAH RENDAH),F.A.Q,Kilogram,5,5.0833335,
30961404,2026-09-16,2026-09-16 09:48:10.447227,PERLIS,PERLIS,PASAR BORONG KAMPUNG BAKAU,Borong,20,Sayur-Sayuran,02,010,TERUNG PANJANG / PEPARU (TANAH RENDAH),F.A.Q,Kilogram,5,5.0833335,
30961405,2026-09-16,2026-09-16 09:48:10.447227,PERLIS,PERLIS,PASAR BORONG KAMPUNG BAKAU,Borong,20,Sayur-Sayuran,02,010,TERUNG PANJANG / PEPARU (TANAH RENDAH),F.A.Q,Kilogram,5,5.0833335,
30961406,2026-09-16,2026-09-16 09:48:10.447227,PERLIS,PERLIS,PASAR BORONG KAMPUNG BAKAU,Borong,20,Sayur-Sayuran,02,011,TIMUN HIJAU,F.A.Q,Kilogram,2.4,2.5425532,
30961407,2026-09-16,2026-09-16 09:48:10.447227,PERLIS,PERLIS,PASAR BORONG KAMPUNG BAKAU,Borong,20,Sayur-Sayuran,02,011,TIMUN HIJAU,F.A.Q,Kilogram,2.4,2.5425532,
30961408,2026-09-16,2026-09-16 09:48:10.447227,PERLIS,PERLIS,PASAR BORONG KAMPUNG BAKAU,Borong,20,Sayur-Sayuran,02,011,TIMUN HIJAU,F.A.Q,Kilogram,2.4,2.5425532,
30961409,2026-09-16,2026-09-16 09:48:10.447227,PERLIS,PERLIS,PASAR BORONG KAMPUNG BAKAU,Borong,20,Sayur-Sayuran,02,011,TIMUN HIJAU,F.A.Q,Kilogram,2.4,2.5425532,
30961410,2026-09-16,2026-09-16 09:48:10.447227,PERLIS,PERLIS,PASAR BORONG KAMPUNG BAKAU,Borong,20,Sayur-Sayuran,02,012,TOMATO (TANAH TINGGI),F.A.Q,Kilogram,7,5.8333335,
30961411,2026-09-16,2026-09-16 09:48:10.447227,PERLIS,PERLIS,PASAR BORONG KAMPUNG BAKAU,Borong,20,Sayur-Sayuran,02,012,TOMATO (TANAH TINGGI),F.A.Q,Kilogram,7,5.8333335,
30961412,2026-09-16,2026-09-16 09:48:10.447227,PERLIS,PERLIS,PASAR BORONG KAMPUNG BAKAU,Borong,20,Sayur-Sayuran,02,012,TOMATO (TANAH TINGGI),F.A.Q,Kilogram,7,5.8333335,
30961413,2026-09-16,2026-09-16 09:48:10.447227,PERLIS,PERLIS,PASAR BORONG KAMPUNG BAKAU,Borong,20,Sayur-Sayuran,02,012,TOMATO (TANAH TINGGI),F.A.Q,Kilogram,7,5.8333335,
30961414,2026-09-16,2026-09-16 09:48:39.187393,MELAKA,MELAKA TENGAH,PASAR BESAR MBMB,Runcit,26,Sayur-Sayuran,03,003,BROKOLI (IMPORT),F.A.Q,Kilogram,8,8,
30961415,2026-09-16,2026-09-16 09:48:39.187393,MELAKA,MELAKA TENGAH,PASAR BESAR MBMB,Runcit,26,Sayur-Sayuran,03,003,BROKOLI (IMPORT),F.A.Q,Kilogram,9,8,
30961416,2026-09-16,2026-09-16 09:48:39.187393,MELAKA,MELAKA TENGAH,PASAR BESAR MBMB,Runcit,26,Sayur-Sayuran,03,035,BUNGA KANTAN,F.A.Q,Tangkai,2.5,2.5,
30961417,2026-09-16,2026-09-16 09:48:39.187393,MELAKA,MELAKA TENGAH,PASAR BESAR MBMB,Runcit,26,Sayur-Sayuran,03,035,BUNGA KANTAN,F.A.Q,Tangkai,2,2.5,
30961418,2026-09-16,2026-09-16 09:48:39.187393,MELAKA,MELAKA TENGAH,PASAR BESAR MBMB,Runcit,26,Sayur-Sayuran,06,001,CENDAWAN TIRAM KELABU,F.A.Q,Kilogram,13,13,
30961419,2026-09-16,2026-09-16 09:48:39.187393,MELAKA,MELAKA TENGAH,PASAR BESAR MBMB,Runcit,26,Sayur-Sayuran,06,001,CENDAWAN TIRAM KELABU,F.A.Q,Kilogram,13,13,
30961420,2026-09-16,2026-09-16 09:48:39.187393,MELAKA,MELAKA TENGAH,PASAR BESAR MBMB,Runcit,26,Sayur-Sayuran,02,002,CILI PADI,F.A.Q,Kilogram,25,24,
30961421,2026-09-16,2026-09-16 09:48:39.187393,MELAKA,MELAKA TENGAH,PASAR BESAR MBMB,Runcit,26,Sayur-Sayuran,02,002,CILI PADI AKAR (THAILAND),F.A.Q,Kilogram,10,11,
30961422,2026-09-16,2026-09-16 09:48:39.187393,MELAKA,MELAKA TENGAH,PASAR BESAR MBMB,Runcit,26,Sayur-Sayuran,02,002,CILI PADI MERAH (IMPORT),F.A.Q,Kilogram,12,13.5,
30961423,2026-09-16,2026-09-16 09:48:39.187393,MELAKA,MELAKA TENGAH,PASAR BESAR MBMB,Runcit,26,Sayur-Sayuran,03,011,DAUN KESUM,F.A.Q,Kilogram,10,10,
30961424,2026-09-16,2026-09-16 09:48:39.187393,MELAKA,MELAKA TENGAH,PASAR BESAR MBMB,Runcit,26,Sayur-Sayuran,03,021,DAUN KETUMBAR (IMPORT),F.A.Q,Kilogram,15,15,
30961425,2026-09-16,2026-09-16 09:48:39.187393,MELAKA,MELAKA TENGAH,PASAR BESAR MBMB,Runcit,26,Sayur-Sayuran,05,002,HALIA MUDA (IMPORT),F.A.Q,Kilogram,10,10,
30961426,2026-09-16,2026-09-16 09:48:39.187393,MELAKA,MELAKA TENGAH,PASAR BESAR MBMB,Runcit,26,Sayur-Sayuran,05,002,HALIA TUA (IMPORT),F.A.Q,Kilogram,8,8,
30961427,2026-09-16,2026-09-16 09:48:39.187393,MELAKA,MELAKA TENGAH,PASAR BESAR MBMB,Runcit,26,Sayur-Sayuran,05,002,HALIA TUA BENTONG,F.A.Q,Kilogram,30,30,
30961428,2026-09-16,2026-09-16 09:48:39.187393,MELAKA,MELAKA TENGAH,PASAR BESAR MBMB,Runcit,26,Sayur-Sayuran,02,001,JAGUNG SAYUR / BABY CORN,F.A.Q,Kilogram,18,18,
30961429,2026-09-16,2026-09-16 09:48:39.187393,MELAKA,MELAKA TENGAH,PASAR BESAR MBMB,Runcit,26,Sayur-Sayuran,04,005,KACANG BOTOR,F.A.Q,Kilogram,12,13.5,
30961430,2026-09-16,2026-09-16 09:48:39.187393,MELAKA,MELAKA TENGAH,PASAR BESAR MBMB,Runcit,26,Sayur-Sayuran,03,018,KAILAN,F.A.Q,Kilogram,7,8,
30961431,2026-09-16,2026-09-16 09:48:39.187393,MELAKA,MELAKA TENGAH,PASAR BESAR MBMB,Runcit,26,Sayur-Sayuran,05,003,KELADI,F.A.Q,Kilogram,8,10,
30961432,2026-09-16,2026-09-16 09:48:39.187393,MELAKA,MELAKA TENGAH,PASAR BESAR MBMB,Runcit,26,Sayur-Sayuran,02,004,KETOLA / PETOLA SEGI,F.A.Q,Kilogram,6,6,
30961433,2026-09-16,2026-09-16 09:48:39.187393,MELAKA,MELAKA TENGAH,PASAR BESAR MBMB,Runcit,26,Sayur-Sayuran,03,006,KUBIS BULAT BEIJING (IMPORT),F.A.Q,Kilogram,4,4.25,
30961434,2026-09-16,2026-09-16 09:48:39.187393,MELAKA,MELAKA TENGAH,PASAR BESAR MBMB,Runcit,26,Sayur-Sayuran,03,004,KUBIS BUNGA (IMPORT),F.A.Q,Kilogram,8,7,
30961435,2026-09-16,2026-09-16 09:48:39.187393,MELAKA,MELAKA TENGAH,PASAR BESAR MBMB,Runcit,26,Sayur-Sayuran,03,005,KUBIS PANJANG / CINA,F.A.Q,Kilogram,4.5,5,
30961436,2026-09-16,2026-09-16 09:48:39.187393,MELAKA,MELAKA TENGAH,PASAR BESAR MBMB,Runcit,26,Sayur-Sayuran,03,005,KUBIS PANJANG / CINA (IMPORT),F.A.Q,Kilogram,4,4,
30961437,2026-09-16,2026-09-16 09:48:39.187393,MELAKA,MELAKA TENGAH,PASAR BESAR MBMB,Runcit,26,Sayur-Sayuran,02,005,KUNDUR BULAT,F.A.Q,Kilogram,5.6,5.5,
30961438,2026-09-16,2026-09-16 09:48:39.187393,MELAKA,MELAKA TENGAH,PASAR BESAR MBMB,Runcit,26,Sayur-Sayuran,05,004,KUNYIT,F.A.Q,Kilogram,8,8,
30961439,2026-09-16,2026-09-16 09:48:39.187393,MELAKA,MELAKA TENGAH,PASAR BESAR MBMB,Runcit,26,Sayur-Sayuran,02,006,LABU AIR,F.A.Q,Kilogram,4,5,
30961440,2026-09-16,2026-09-16 09:48:39.187393,MELAKA,MELAKA TENGAH,PASAR BESAR MBMB,Runcit,26,Sayur-Sayuran,02,006,LABU MANIS,F.A.Q,Kilogram,3.5,3.5,
30961441,2026-09-16,2026-09-16 09:48:39.187393,MELAKA,MELAKA TENGAH,PASAR BESAR MBMB,Runcit,26,Sayur-Sayuran,02,003,LADA BENGGALA / CAPSICUM HIJAU,F.A.Q,Kilogram,8,10,
30961442,2026-09-16,2026-09-16 09:48:39.187393,MELAKA,MELAKA TENGAH,PASAR BESAR MBMB,Runcit,26,Sayur-Sayuran,02,003,LADA BENGGALA / CAPSICUM KUNING,F.A.Q,Kilogram,13,12,
30961443,2026-09-16,2026-09-16 09:48:39.187393,MELAKA,MELAKA TENGAH,PASAR BESAR MBMB,Runcit,26,Sayur-Sayuran,02,003,LADA BENGGALA / CAPSICUM MERAH,F.A.Q,Kilogram,15,15,
30961444,2026-09-16,2026-09-16 09:48:39.187393,MELAKA,MELAKA TENGAH,PASAR BESAR MBMB,Runcit,26,Sayur-Sayuran,05,005,LENGKUAS,F.A.Q,Kilogram,8,8,
30961445,2026-09-16,2026-09-16 09:48:39.187393,MELAKA,MELAKA TENGAH,PASAR BESAR MBMB,Runcit,26,Sayur-Sayuran,01,003,LIK,F.A.Q,Kilogram,10,9.75,
30961446,2026-09-16,2026-09-16 09:48:39.187393,MELAKA,MELAKA TENGAH,PASAR BESAR MBMB,Runcit,26,Sayur-Sayuran,02,007,LIMAU KASTURI,F.A.Q,Kilogram,5,5,
30961447,2026-09-16,2026-09-16 09:48:39.187393,MELAKA,MELAKA TENGAH,PASAR BESAR MBMB,Runcit,26,Sayur-Sayuran,02,007,LIMAU NIPIS,F.A.Q,Kilogram,6,6,
30961448,2026-09-16,2026-09-16 09:48:39.187393,MELAKA,MELAKA TENGAH,PASAR BESAR MBMB,Runcit,26,Sayur-Sayuran,05,006,LOBAK MERAH (CHINA),F.A.Q,Kilogram,3.5,3.5,
30961449,2026-09-16,2026-09-16 09:48:39.187393,MELAKA,MELAKA TENGAH,PASAR BESAR MBMB,Runcit,26,Sayur-Sayuran,05,006,LOBAK PUTIH TANAH TINGGI,F.A.Q,Kilogram,5,5,
30961450,2026-09-16,2026-09-16 09:48:39.187393,MELAKA,MELAKA TENGAH,PASAR BESAR MBMB,Runcit,26,Sayur-Sayuran,07,002,PEGAGA,F.A.Q,Kilogram,20,20,
30961451,2026-09-16,2026-09-16 09:48:39.187393,MELAKA,MELAKA TENGAH,PASAR BESAR MBMB,Runcit,26,Sayur-Sayuran,02,009,PERIA,F.A.Q,Kilogram,7,8.25,
30961452,2026-09-16,2026-09-16 09:48:39.187393,MELAKA,MELAKA TENGAH,PASAR BESAR MBMB,Runcit,26,Sayur-Sayuran,02,009,PERIA KATAK,F.A.Q,Kilogram,8,8,
30961453,2026-09-16,2026-09-16 09:48:39.187393,MELAKA,MELAKA TENGAH,PASAR BESAR MBMB,Runcit,26,Sayur-Sayuran,03,026,PUCUK PAKU,F.A.Q,Kilogram,10,10,
30961454,2026-09-16,2026-09-16 09:48:39.187393,MELAKA,MELAKA TENGAH,PASAR BESAR MBMB,Runcit,26,Sayur-Sayuran,01,002,REBUNG,F.A.Q,Kilogram,10,10,
30961455,2026-09-16,2026-09-16 09:48:39.187393,MELAKA,MELAKA TENGAH,PASAR BESAR MBMB,Runcit,26,Sayur-Sayuran,03,027,SALAD,F.A.Q,Kilogram,8,8,
30961456,2026-09-16,2026-09-16 09:48:39.187393,MELAKA,MELAKA TENGAH,PASAR BESAR MBMB,Runcit,26,Sayur-Sayuran,03,027,SALAD (IMPORT),F.A.Q,Kilogram,8,8,
30961457,2026-09-16,2026-09-16 09:48:39.187393,MELAKA,MELAKA TENGAH,PASAR BESAR MBMB,Runcit,26,Sayur-Sayuran,03,027,SALAD BULAT TANAH TINGGI,F.A.Q,Kilogram,9,9,
30961458,2026-09-16,2026-09-16 09:48:39.187393,MELAKA,MELAKA TENGAH,PASAR BESAR MBMB,Runcit,26,Sayur-Sayuran,03,007,SAWI BUNGA,F.A.Q,Kilogram,7,8,
30961459,2026-09-16,2026-09-16 09:48:39.187393,MELAKA,MELAKA TENGAH,PASAR BESAR MBMB,Runcit,26,Sayur-Sayuran,03,007,SAWI JEPUN,F.A.Q,Kilogram,5,6,
30961460,2026-09-16,2026-09-16 09:48:39.187393,MELAKA,MELAKA TENGAH,PASAR BESAR MBMB,Runcit,26,Sayur-Sayuran,03,007,SAWI PUTIH PAK CHOY,F.A.Q,Kilogram,5,5,
30961461,2026-09-16,2026-09-16 09:48:39.187393,MELAKA,MELAKA TENGAH,PASAR BESAR MBMB,Runcit,26,Sayur-Sayuran,05,007,SENGKUANG,F.A.Q,Kilogram,4,5,
30961462,2026-09-16,2026-09-16 09:48:39.187393,MELAKA,MELAKA TENGAH,PASAR BESAR MBMB,Runcit,26,Sayur-Sayuran,05,008,SERAI,F.A.Q,Kilogram,5,5,
30961463,2026-09-16,2026-09-16 09:48:39.187393,MELAKA,MELAKA TENGAH,PASAR BESAR MBMB,Runcit,26,Sayur-Sayuran,03,002,TAUGE,F.A.Q,Kilogram,3,3,
30961464,2026-09-16,2026-09-16 09:48:39.187393,MELAKA,MELAKA TENGAH,PASAR BESAR MBMB,Runcit,26,Sayur-Sayuran,02,010,TERUNG BULAT,F.A.Q,Kilogram,7,8,
30961465,2026-09-16,2026-09-16 09:48:39.187393,MELAKA,MELAKA TENGAH,PASAR BESAR MBMB,Runcit,26,Sayur-Sayuran,02,010,TERUNG PEPARU MINI,F.A.Q,Kilogram,6.5,8,
30961466,2026-09-16,2026-09-16 09:48:39.187393,MELAKA,MELAKA TENGAH,PASAR BESAR MBMB,Runcit,26,Sayur-Sayuran,02,011,TIMUN JEPUN,F.A.Q,Kilogram,3,4.25,
30961467,2026-09-16,2026-09-16 09:49:24.002793,PERLIS,PERLIS,PASAR AWAM SENA,Runcit,26,Lain-Lain Makanan Proses,15,001,SANTAN PEKAT,F.A.Q,Kilogram,15,15.125,
30961468,2026-09-16,2026-09-16 09:49:24.002793,PERLIS,PERLIS,PASAR AWAM SENA,Runcit,26,Lain-Lain Makanan Proses,15,001,SANTAN PEKAT,F.A.Q,Kilogram,15.5,15.125,
30961469,2026-09-16,2026-09-16 09:49:24.002793,PERLIS,PERLIS,PASAR AWAM SENA,Runcit,26,Lain-Lain Makanan Proses,15,001,SANTAN PEKAT,F.A.Q,Kilogram,15,15.125,
30961470,2026-09-16,2026-09-16 09:49:24.002793,PERLIS,PERLIS,PASAR AWAM SENA,Runcit,26,Lain-Lain Makanan Proses,15,001,SANTAN PEKAT,F.A.Q,Kilogram,15,15.125,
30961471,2026-09-16,2026-09-16 09:49:24.490661,TERENGGANU,KUALA TERENGGANU,PASAR BORONG GONG PAUH,Borong,,Sayur-Sayuran,03,003,BROKOLI (IMPORT),F.A.Q,Kilogram,9,9.9,
30961472,2026-09-16,2026-09-16 09:49:24.55067,TERENGGANU,KUALA TERENGGANU,PASAR BORONG GONG PAUH,Borong,,Sayur-Sayuran,03,035,BUNGA KANTAN,F.A.Q,Tangkai,2.5,1,
30961473,2026-09-16,2026-09-16 09:49:24.599012,TERENGGANU,KUALA TERENGGANU,PASAR BORONG GONG PAUH,Borong,,Sayur-Sayuran,06,001,CENDAWAN TIRAM KELABU,F.A.Q,Kilogram,12,11.36,
30961474,2026-09-16,2026-09-16 09:49:24.652784,TERENGGANU,KUALA TERENGGANU,PASAR BORONG GONG PAUH,Borong,,Sayur-Sayuran,02,002,CILI PADI,F.A.Q,Kilogram,12,21.97,
30961475,2026-09-16,2026-09-16 09:49:24.708111,TERENGGANU,KUALA TERENGGANU,PASAR BORONG GONG PAUH,Borong,,Sayur-Sayuran,02,002,CILI PADI AKAR (THAILAND),F.A.Q,Kilogram,12,10.96,
30961476,2026-09-16,2026-09-16 09:49:24.750137,TERENGGANU,KUALA TERENGGANU,PASAR BORONG GONG PAUH,Borong,,Sayur-Sayuran,02,002,CILI PADI KAMPUNG (THAILAND),F.A.Q,Kilogram,12,15.62,
30961477,2026-09-16,2026-09-16 09:49:24.795696,TERENGGANU,KUALA TERENGGANU,PASAR BORONG GONG PAUH,Borong,,Sayur-Sayuran,02,002,CILI PADI MERAH (IMPORT),F.A.Q,Kilogram,11,20,
30961478,2026-09-16,2026-09-16 09:49:24.861897,TERENGGANU,KUALA TERENGGANU,PASAR BORONG GONG PAUH,Borong,,Sayur-Sayuran,03,011,DAUN KESUM,F.A.Q,Kilogram,7,5.98,
30961479,2026-09-16,2026-09-16 09:49:24.918198,TERENGGANU,KUALA TERENGGANU,PASAR BORONG GONG PAUH,Borong,,Sayur-Sayuran,03,021,DAUN KETUMBAR (IMPORT),F.A.Q,Kilogram,18,14.55,
30961480,2026-09-16,2026-09-16 09:49:24.984377,TERENGGANU,KUALA TERENGGANU,PASAR BORONG GONG PAUH,Borong,,Sayur-Sayuran,07,002,DAUN SELOM,F.A.Q,Kilogram,12,6.99,
30961481,2026-09-16,2026-09-16 09:49:25.043708,TERENGGANU,KUALA TERENGGANU,PASAR BORONG GONG PAUH,Borong,,Sayur-Sayuran,05,002,HALIA MUDA,F.A.Q,Kilogram,7,8.69,
30961482,2026-09-16,2026-09-16 09:49:25.120919,TERENGGANU,KUALA TERENGGANU,PASAR BORONG GONG PAUH,Borong,,Sayur-Sayuran,05,002,HALIA TUA,F.A.Q,Kilogram,7,6.41,
30961483,2026-09-16,2026-09-16 09:49:25.188104,TERENGGANU,KUALA TERENGGANU,PASAR BORONG GONG PAUH,Borong,,Sayur-Sayuran,05,002,HALIA TUA (IMPORT),F.A.Q,Kilogram,7,6.09,
30961484,2026-09-16,2026-09-16 09:49:25.270108,TERENGGANU,KUALA TERENGGANU,PASAR BORONG GONG PAUH,Borong,,Sayur-Sayuran,02,001,JAGUNG SAYUR / BABY CORN,F.A.Q,Kilogram,6,6.94,
30961485,2026-09-16,2026-09-16 09:49:25.313656,TERENGGANU,KUALA TERENGGANU,PASAR BORONG GONG PAUH,Borong,,Sayur-Sayuran,07,003,JERING,F.A.Q,Kilogram,6,6.74,
30961486,2026-09-16,2026-09-16 09:49:25.382951,TERENGGANU,KUALA TERENGGANU,PASAR BORONG GONG PAUH,Borong,,Sayur-Sayuran,04,005,KACANG BOTOR,F.A.Q,Kilogram,12,11.39,
30961487,2026-09-16,2026-09-16 09:49:25.440737,TERENGGANU,KUALA TERENGGANU,PASAR BORONG GONG PAUH,Borong,,Sayur-Sayuran,03,018,KAILAN,F.A.Q,Kilogram,8,6.82,
30961488,2026-09-16,2026-09-16 09:49:25.492683,TERENGGANU,KUALA TERENGGANU,PASAR BORONG GONG PAUH,Borong,,Sayur-Sayuran,05,003,KELADI,F.A.Q,Kilogram,10,8.4,
30961489,2026-09-16,2026-09-16 09:49:25.537355,TERENGGANU,KUALA TERENGGANU,PASAR BORONG GONG PAUH,Borong,,Sayur-Sayuran,02,004,KETOLA / PETOLA SEGI,F.A.Q,Kilogram,5,3,
30961490,2026-09-16,2026-09-16 09:49:25.598647,TERENGGANU,KUALA TERENGGANU,PASAR BORONG GONG PAUH,Borong,,Sayur-Sayuran,03,006,KUBIS BULAT BEIJING (IMPORT),F.A.Q,Kilogram,4,3.21,
30961491,2026-09-16,2026-09-16 09:49:25.655653,TERENGGANU,KUALA TERENGGANU,PASAR BORONG GONG PAUH,Borong,,Sayur-Sayuran,03,004,KUBIS BUNGA (IMPORT),F.A.Q,Kilogram,5,6.69,
30961492,2026-09-16,2026-09-16 09:49:25.718845,TERENGGANU,KUALA TERENGGANU,PASAR BORONG GONG PAUH,Borong,,Sayur-Sayuran,03,005,KUBIS PANJANG / CINA,F.A.Q,Kilogram,4.5,4.03,
30961493,2026-09-16,2026-09-16 09:49:25.783377,TERENGGANU,KUALA TERENGGANU,PASAR BORONG GONG PAUH,Borong,,Sayur-Sayuran,03,005,KUBIS PANJANG / CINA (IMPORT),F.A.Q,Kilogram,4.5,4,
30961494,2026-09-16,2026-09-16 09:49:25.839975,TERENGGANU,KUALA TERENGGANU,PASAR BORONG GONG PAUH,Borong,,Sayur-Sayuran,02,005,KUNDUR BULAT,F.A.Q,Kilogram,4,2.87,
30961495,2026-09-16,2026-09-16 09:49:25.901466,TERENGGANU,KUALA TERENGGANU,PASAR BORONG GONG PAUH,Borong,,Sayur-Sayuran,05,004,KUNYIT,F.A.Q,Kilogram,10,6.87,
30961496,2026-09-16,2026-09-16 09:49:25.960735,TERENGGANU,KUALA TERENGGANU,PASAR BORONG GONG PAUH,Borong,,Sayur-Sayuran,02,006,LABU AIR,F.A.Q,Kilogram,3.5,2.72,
30961497,2026-09-16,2026-09-16 09:49:26.01801,TERENGGANU,KUALA TERENGGANU,PASAR BORONG GONG PAUH,Borong,,Sayur-Sayuran,02,006,LABU MANIS,F.A.Q,Kilogram,3,3.32,
30961498,2026-09-16,2026-09-16 09:49:26.073951,TERENGGANU,KUALA TERENGGANU,PASAR BORONG GONG PAUH,Borong,,Sayur-Sayuran,02,003,LADA BENGGALA / CAPSICUM HIJAU,F.A.Q,Kilogram,9.5,9.67,
30961499,2026-09-16,2026-09-16 09:49:26.13108,TERENGGANU,KUALA TERENGGANU,PASAR BORONG GONG PAUH,Borong,,Sayur-Sayuran,02,003,LADA BENGGALA / CAPSICUM KUNING,F.A.Q,Kilogram,10,11.24,
30961500,2026-09-16,2026-09-16 09:49:26.190604,TERENGGANU,KUALA TERENGGANU,PASAR BORONG GONG PAUH,Borong,,Sayur-Sayuran,02,003,LADA BENGGALA / CAPSICUM MERAH,F.A.Q,Kilogram,10,11.4,
30961501,2026-09-16,2026-09-16 09:49:26.256008,TERENGGANU,KUALA TERENGGANU,PASAR BORONG GONG PAUH,Borong,,Sayur-Sayuran,05,005,LENGKUAS,F.A.Q,Kilogram,10,5.41,
30961502,2026-09-16,2026-09-16 09:49:26.311363,TERENGGANU,KUALA TERENGGANU,PASAR BORONG GONG PAUH,Borong,,Sayur-Sayuran,02,007,LIMAU KASTURI,F.A.Q,Kilogram,6,8.43,
30961503,2026-09-16,2026-09-16 09:49:26.35883,TERENGGANU,KUALA TERENGGANU,PASAR BORONG GONG PAUH,Borong,,Sayur-Sayuran,02,007,LIMAU NIPIS,F.A.Q,Kilogram,7,7.71,
30961504,2026-09-16,2026-09-16 09:49:26.41048,TERENGGANU,KUALA TERENGGANU,PASAR BORONG GONG PAUH,Borong,,Sayur-Sayuran,05,006,LOBAK MERAH (CHINA),F.A.Q,Kilogram,3,2.83,
30961505,2026-09-16,2026-09-16 09:49:26.472156,TERENGGANU,KUALA TERENGGANU,PASAR BORONG GONG PAUH,Borong,,Sayur-Sayuran,05,006,LOBAK PUTIH TANAH TINGGI,F.A.Q,Kilogram,5,4.92,
30961506,2026-09-16,2026-09-16 09:49:26.534056,TERENGGANU,KUALA TERENGGANU,PASAR BORONG GONG PAUH,Borong,,Sayur-Sayuran,07,002,PEGAGA,F.A.Q,Kilogram,14,9.56,
30961507,2026-09-16,2026-09-16 09:49:26.594922,TERENGGANU,KUALA TERENGGANU,PASAR BORONG GONG PAUH,Borong,,Sayur-Sayuran,02,009,PERIA,F.A.Q,Kilogram,6,5.8,
30961508,2026-09-16,2026-09-16 09:49:26.644916,TERENGGANU,KUALA TERENGGANU,PASAR BORONG GONG PAUH,Borong,,Sayur-Sayuran,02,009,PERIA KATAK,F.A.Q,Kilogram,6,5.62,
30961509,2026-09-16,2026-09-16 09:49:26.692459,TERENGGANU,KUALA TERENGGANU,PASAR BORONG GONG PAUH,Borong,,Sayur-Sayuran,07,003,PETAI,F.A.Q,RM/5 Keping,6,6.28,
30961510,2026-09-16,2026-09-16 09:49:26.754258,TERENGGANU,KUALA TERENGGANU,PASAR BORONG GONG PAUH,Borong,,Sayur-Sayuran,01,002,REBUNG,F.A.Q,Kilogram,7,5.48,
30961511,2026-09-16,2026-09-16 09:49:26.816971,TERENGGANU,KUALA TERENGGANU,PASAR BORONG GONG PAUH,Borong,,Sayur-Sayuran,03,027,SALAD,F.A.Q,Kilogram,10,6.15,
30961512,2026-09-16,2026-09-16 09:49:26.876862,TERENGGANU,KUALA TERENGGANU,PASAR BORONG GONG PAUH,Borong,,Sayur-Sayuran,03,027,SALAD BULAT TANAH TINGGI,F.A.Q,Kilogram,6,6.49,
30961513,2026-09-16,2026-09-16 09:49:26.937268,TERENGGANU,KUALA TERENGGANU,PASAR BORONG GONG PAUH,Borong,,Sayur-Sayuran,03,007,SAWI BUNGA,F.A.Q,Kilogram,6,8.39,
30961514,2026-09-16,2026-09-16 09:49:26.996783,TERENGGANU,KUALA TERENGGANU,PASAR BORONG GONG PAUH,Borong,,Sayur-Sayuran,03,007,SAWI JEPUN,F.A.Q,Kilogram,5,6.26,
30961515,2026-09-16,2026-09-16 09:49:27.052217,TERENGGANU,KUALA TERENGGANU,PASAR BORONG GONG PAUH,Borong,,Sayur-Sayuran,03,007,SAWI PAHIT,F.A.Q,Kilogram,5,5,
30961516,2026-09-16,2026-09-16 09:49:27.097812,TERENGGANU,KUALA TERENGGANU,PASAR BORONG GONG PAUH,Borong,,Sayur-Sayuran,03,007,SAWI PUTIH PAK CHOY,F.A.Q,Kilogram,6,5.49,
30961517,2026-09-16,2026-09-16 09:49:27.155292,TERENGGANU,KUALA TERENGGANU,PASAR BORONG GONG PAUH,Borong,,Sayur-Sayuran,05,007,SENGKUANG,F.A.Q,Kilogram,5,3.57,
30961518,2026-09-16,2026-09-16 09:49:27.212086,TERENGGANU,KUALA TERENGGANU,PASAR BORONG GONG PAUH,Borong,,Sayur-Sayuran,05,008,SERAI,F.A.Q,Kilogram,5,4.72,
30961519,2026-09-16,2026-09-16 09:49:27.26709,TERENGGANU,KUALA TERENGGANU,PASAR BORONG GONG PAUH,Borong,,Sayur-Sayuran,03,002,TAUGE,F.A.Q,Kilogram,3,2.49,
30961520,2026-09-16,2026-09-16 09:49:27.329843,TERENGGANU,KUALA TERENGGANU,PASAR BORONG GONG PAUH,Borong,,Sayur-Sayuran,02,010,TERUNG BULAT,F.A.Q,Kilogram,5,6.52,
30961521,2026-09-16,2026-09-16 09:49:27.384861,TERENGGANU,KUALA TERENGGANU,PASAR BORONG GONG PAUH,Borong,,Sayur-Sayuran,02,010,TERUNG PEPARU MINI,F.A.Q,Kilogram,5,7.07,
30961522,2026-09-16,2026-09-16 09:49:27.442207,TERENGGANU,KUALA TERENGGANU,PASAR BORONG GONG PAUH,Borong,,Sayur-Sayuran,02,011,TIMUN JEPUN,F.A.Q,Kilogram,5,4.61,
30961523,2026-09-16,2026-09-16 09:49:59.009727,PERLIS,PERLIS,PASAR AWAM SENA,Runcit,26,Tanaman Kontan,05,001,KELAPA DIKUPAS,SEDANG,Biji,2.5,2.5,
30961524,2026-09-16,2026-09-16 09:49:59.009727,PERLIS,PERLIS,PASAR AWAM SENA,Runcit,26,Tanaman Kontan,05,001,KELAPA DIKUPAS,SEDANG,Biji,2.5,2.5,
30961525,2026-09-16,2026-09-16 09:49:59.009727,PERLIS,PERLIS,PASAR AWAM SENA,Runcit,26,Tanaman Kontan,05,001,KELAPA DIKUPAS,SEDANG,Biji,2.5,2.5,
30961526,2026-09-16,2026-09-16 09:49:59.009727,PERLIS,PERLIS,PASAR AWAM SENA,Runcit,26,Tanaman Kontan,05,001,KELAPA DIKUPAS,SEDANG,Biji,2.5,2.5,
30961527,2026-09-16,2026-09-16 09:50:50.226695,PERLIS,PERLIS,PASAR AWAM SENA,Runcit,26,Ternakan,11,001,TELUR AYAM,B,Biji,0.5,0.5,
30961528,2026-09-16,2026-09-16 09:50:50.226695,PERLIS,PERLIS,PASAR AWAM SENA,Runcit,26,Ternakan,11,001,TELUR AYAM,B,Biji,0.5,0.5,
30961529,2026-09-16,2026-09-16 09:50:50.226695,PERLIS,PERLIS,PASAR AWAM SENA,Runcit,26,Ternakan,11,001,TELUR AYAM,B,Biji,0.5,0.5,
30961530,2026-09-16,2026-09-16 09:51:33.744609,PERLIS,PERLIS,PASAR AWAM SENA,Runcit,26,Sayur-Sayuran,05,001,BAWANG BESAR MERAH (INDIA),F.A.Q,Kilogram,4,4.25,
30961531,2026-09-16,2026-09-16 09:51:33.744609,PERLIS,PERLIS,PASAR AWAM SENA,Runcit,26,Sayur-Sayuran,05,001,BAWANG BESAR MERAH (INDIA),F.A.Q,Kilogram,4,4.25,
30961532,2026-09-16,2026-09-16 09:51:33.744609,PERLIS,PERLIS,PASAR AWAM SENA,Runcit,26,Sayur-Sayuran,05,001,BAWANG BESAR MERAH (INDIA),F.A.Q,Kilogram,4,4.25,
30961533,2026-09-16,2026-09-16 09:51:33.744609,PERLIS,PERLIS,PASAR AWAM SENA,Runcit,26,Sayur-Sayuran,05,001,BAWANG PUTIH (CHINA),F.A.Q,Kilogram,10,8.903846,
30961534,2026-09-16,2026-09-16 09:51:33.744609,PERLIS,PERLIS,PASAR AWAM SENA,Runcit,26,Sayur-Sayuran,05,001,BAWANG PUTIH (CHINA),F.A.Q,Kilogram,10,8.903846,
30961535,2026-09-16,2026-09-16 09:51:33.744609,PERLIS,PERLIS,PASAR AWAM SENA,Runcit,26,Sayur-Sayuran,05,001,BAWANG PUTIH (CHINA),F.A.Q,Kilogram,9,8.903846,
30961536,2026-09-16,2026-09-16 09:52:24.804364,PERLIS,PERLIS,PASAR AWAM SENA,Runcit,26,Ternakan,02,003,DAGING LEMBU PEJAL,F.A.Q,Kilogram,30,30,
30961537,2026-09-16,2026-09-16 09:52:24.804364,PERLIS,PERLIS,PASAR AWAM SENA,Runcit,26,Ternakan,02,003,DAGING LEMBU PEJAL,F.A.Q,Kilogram,30,30,
30961538,2026-09-16,2026-09-16 09:52:36.209329,NEGERI SEMBILAN,SEREMBAN,PASAR BESAR SEREMBAN - BAHAGIAN RUNCIT,Runcit,26,Ternakan,03,002,AYAM PROSES STANDARD,F.A.Q,Kilogram,11,11.733334,
30961539,2026-09-16,2026-09-16 09:52:36.209329,NEGERI SEMBILAN,SEREMBAN,PASAR BESAR SEREMBAN - BAHAGIAN RUNCIT,Runcit,26,Ternakan,03,002,AYAM PROSES STANDARD,F.A.Q,Kilogram,12,11.733334,
30961540,2026-09-16,2026-09-16 09:52:36.209329,NEGERI SEMBILAN,SEREMBAN,PASAR BESAR SEREMBAN - BAHAGIAN RUNCIT,Runcit,26,Ternakan,03,002,AYAM PROSES STANDARD,F.A.Q,Kilogram,12,11.733334,
30961541,2026-09-16,2026-09-16 09:52:36.209329,NEGERI SEMBILAN,SEREMBAN,PASAR BESAR SEREMBAN - BAHAGIAN RUNCIT,Runcit,26,Ternakan,02,003,DAGING LEMBU PEJAL,F.A.Q,Kilogram,40,40,
30961542,2026-09-16,2026-09-16 09:52:36.209329,NEGERI SEMBILAN,SEREMBAN,PASAR BESAR SEREMBAN - BAHAGIAN RUNCIT,Runcit,26,Ternakan,02,003,DAGING LEMBU PEJAL,F.A.Q,Kilogram,40,40,
30961543,2026-09-16,2026-09-16 09:52:36.209329,NEGERI SEMBILAN,SEREMBAN,PASAR BESAR SEREMBAN - BAHAGIAN RUNCIT,Runcit,26,Ternakan,11,001,TELUR AYAM,B,Biji,0.52,0.51,
30961544,2026-09-16,2026-09-16 09:52:36.209329,NEGERI SEMBILAN,SEREMBAN,PASAR BESAR SEREMBAN - BAHAGIAN RUNCIT,Runcit,26,Ternakan,11,001,TELUR AYAM,B,Biji,0.52,0.51,
30961545,2026-09-16,2026-09-16 09:52:36.209329,NEGERI SEMBILAN,SEREMBAN,PASAR BESAR SEREMBAN - BAHAGIAN RUNCIT,Runcit,26,Ternakan,11,001,TELUR AYAM,B,Biji,0.52,0.51,
30961546,2026-09-16,2026-09-16 09:52:59.802379,NEGERI SEMBILAN,SEREMBAN,PASAR BESAR SEREMBAN - BAHAGIAN BORONG,Borong,20,Ternakan,03,002,AYAM PROSES STANDARD,F.A.Q,Kilogram,8.5,8.85,
30961547,2026-09-16,2026-09-16 09:52:59.802379,NEGERI SEMBILAN,SEREMBAN,PASAR BESAR SEREMBAN - BAHAGIAN BORONG,Borong,20,Ternakan,03,002,AYAM PROSES STANDARD,F.A.Q,Kilogram,9,8.85,
30961548,2026-09-16,2026-09-16 09:52:59.802379,NEGERI SEMBILAN,SEREMBAN,PASAR BESAR SEREMBAN - BAHAGIAN BORONG,Borong,20,Ternakan,02,003,DAGING LEMBU PEJAL,F.A.Q,Kilogram,35,35,
30961549,2026-09-16,2026-09-16 09:52:59.802379,NEGERI SEMBILAN,SEREMBAN,PASAR BESAR SEREMBAN - BAHAGIAN BORONG,Borong,20,Ternakan,02,003,DAGING LEMBU PEJAL,F.A.Q,Kilogram,35,35,
30961550,2026-09-16,2026-09-16 09:52:59.802379,NEGERI SEMBILAN,SEREMBAN,PASAR BESAR SEREMBAN - BAHAGIAN BORONG,Borong,20,Ternakan,11,001,TELUR AYAM,B,Biji,0.49,0.48166665,
30961551,2026-09-16,2026-09-16 09:52:59.802379,NEGERI SEMBILAN,SEREMBAN,PASAR BESAR SEREMBAN - BAHAGIAN BORONG,Borong,20,Ternakan,11,001,TELUR AYAM,B,Biji,0.49,0.48166665,
30961552,2026-09-16,2026-09-16 09:52:59.802379,NEGERI SEMBILAN,SEREMBAN,PASAR BESAR SEREMBAN - BAHAGIAN BORONG,Borong,20,Ternakan,11,001,TELUR AYAM,B,Biji,0.47,0.48166665,
30961553,2026-09-16,2026-09-16 09:53:27.058932,PERLIS,PERLIS,PASAR AWAM SENA,Runcit,26,Buah-Buahan,02,028,PISANG BERANGAN,F.A.Q,Kilogram,7,6.4583335,
30961554,2026-09-16,2026-09-16 09:53:27.058932,PERLIS,PERLIS,PASAR AWAM SENA,Runcit,26,Buah-Buahan,02,028,PISANG BERANGAN,F.A.Q,Kilogram,7,6.4583335,
30961555,2026-09-16,2026-09-16 09:53:27.058932,PERLIS,PERLIS,PASAR AWAM SENA,Runcit,26,Buah-Buahan,02,028,PISANG BERANGAN,F.A.Q,Kilogram,7,6.4583335,
30961556,2026-09-16,2026-09-16 09:53:27.058932,PERLIS,PERLIS,PASAR AWAM SENA,Runcit,26,Buah-Buahan,02,034,TEMBIKAI MERAH TANPA BIJI,F.A.Q,Kilogram,4,4,
30961557,2026-09-16,2026-09-16 09:53:27.058932,PERLIS,PERLIS,PASAR AWAM SENA,Runcit,26,Buah-Buahan,02,034,TEMBIKAI MERAH TANPA BIJI,F.A.Q,Kilogram,4,4,
30961558,2026-09-16,2026-09-16 09:53:27.058932,PERLIS,PERLIS,PASAR AWAM SENA,Runcit,26,Buah-Buahan,02,034,TEMBIKAI MERAH TANPA BIJI,F.A.Q,Kilogram,4,4,
30961559,2026-09-16,2026-09-16 09:53:49.59889,TERENGGANU,KUALA TERENGGANU,KELOMPOK PERTANIAN KAMPUNG CHE LONG,Ladang,,Sayur-Sayuran,04,005,KACANG BOTOR,F.A.Q,Kilogram,9,7.89,
30961560,2026-09-16,2026-09-16 09:53:49.647382,TERENGGANU,KUALA TERENGGANU,KELOMPOK PERTANIAN KAMPUNG CHE LONG,Ladang,,Sayur-Sayuran,02,006,LABU AIR,F.A.Q,Kilogram,2,1.66,
30961561,2026-09-16,2026-09-16 09:53:49.690145,TERENGGANU,KUALA TERENGGANU,KELOMPOK PERTANIAN KAMPUNG CHE LONG,Ladang,,Sayur-Sayuran,02,006,LABU MANIS,F.A.Q,Kilogram,1.6,1.84,
30961562,2026-09-16,2026-09-16 09:53:49.731875,TERENGGANU,KUALA TERENGGANU,KELOMPOK PERTANIAN KAMPUNG CHE LONG,Ladang,,Sayur-Sayuran,02,007,LIMAU KASTURI,F.A.Q,Kilogram,4,5.22,
30961563,2026-09-16,2026-09-16 09:53:49.777894,TERENGGANU,KUALA TERENGGANU,KELOMPOK PERTANIAN KAMPUNG CHE LONG,Ladang,,Sayur-Sayuran,02,007,LIMAU NIPIS,F.A.Q,Kilogram,4,5.58,
30961564,2026-09-16,2026-09-16 09:53:49.818032,TERENGGANU,KUALA TERENGGANU,KELOMPOK PERTANIAN KAMPUNG CHE LONG,Ladang,,Sayur-Sayuran,02,010,TERUNG BULAT,F.A.Q,Kilogram,4,5.15,
30961565,2026-09-16,2026-09-16 09:53:51.102269,PAHANG,ROMPIN,LADANG/KEBUN KAMPUNG JAWA,Ladang,,Tanaman Kontan,05,001,KELAPA DIKUPAS,SEDANG,Biji,1.1,1.1,
30961566,2026-09-16,2026-09-16 09:53:51.102269,PAHANG,ROMPIN,LADANG/KEBUN KAMPUNG JAWA,Ladang,,Tanaman Kontan,05,001,KELAPA DIKUPAS,SEDANG,Biji,1.1,1.1,
30961567,2026-09-16,2026-09-16 09:54:21.810095,NEGERI SEMBILAN,SEREMBAN,LADANG/KEBUN RANTAU,Ladang,,Ternakan,01,003,AYAM HIDUP,F.A.Q,Kilogram,7,6.95,
30961568,2026-09-16,2026-09-16 09:54:21.810095,NEGERI SEMBILAN,SEREMBAN,LADANG/KEBUN RANTAU,Ladang,,Ternakan,01,003,AYAM HIDUP,F.A.Q,Kilogram,6.9,6.95,
30961569,2026-09-16,2026-09-16 09:54:34.439132,PAHANG,JERANTUT,TKPM ULU CHEKA,Ladang,,Buah-Buahan,02,023,NANAS JOSAPINE (AC5),F.A.Q,Kilogram,3,3,
30961570,2026-09-16,2026-09-16 09:54:34.439132,PAHANG,JERANTUT,TKPM ULU CHEKA,Ladang,,Buah-Buahan,02,023,NANAS JOSAPINE (AC5),F.A.Q,Kilogram,3,3,
30961571,2026-09-16,2026-09-16 09:54:34.439132,PAHANG,JERANTUT,TKPM ULU CHEKA,Ladang,,Buah-Buahan,02,028,PISANG BERANGAN,F.A.Q,Kilogram,2.7,2.5916667,
30961572,2026-09-16,2026-09-16 09:54:34.439132,PAHANG,JERANTUT,TKPM ULU CHEKA,Ladang,,Buah-Buahan,02,028,PISANG BERANGAN,F.A.Q,Kilogram,2.7,2.5916667,
30961573,2026-09-16,2026-09-16 09:54:48.448022,NEGERI SEMBILAN,PORT DICKSON,[LOKASI KUTIPAN HARGA LADANG] LUKUT,Ladang,,Ternakan,11,001,TELUR AYAM,B,Biji,0.46,0.46,
30961574,2026-09-16,2026-09-16 09:55:05.663053,NEGERI SEMBILAN,TAMPIN,[LOKASI KUTIPAN HARGA LADANG] GEMENCHEH,Ladang,,Ternakan,11,001,TELUR AYAM,B,Biji,0.46,0.46,
30961575,2026-09-16,2026-09-16 09:55:07.635257,PAHANG,KUANTAN,LADANG/KEBUN GAMBANG,Ladang,,Buah-Buahan,02,034,TEMBIKAI MERAH TANPA BIJI,F.A.Q,Kilogram,1.8,1.8,
30961576,2026-09-16,2026-09-16 09:55:07.635257,PAHANG,KUANTAN,LADANG/KEBUN GAMBANG,Ladang,,Buah-Buahan,02,034,TEMBIKAI MERAH TANPA BIJI,F.A.Q,Kilogram,1.8,1.8,
30961577,2026-09-16,2026-09-16 09:55:34.954992,PAHANG,KUANTAN,LADANG TUNAS AGRO,Ladang,,Ternakan,11,001,TELUR AYAM,B,Biji,0.46,0.46833333,
30961578,2026-09-16,2026-09-16 09:55:35.320901,NEGERI SEMBILAN,SEREMBAN,[LOKASI KUTIPAN HARGA LADANG] LABU,Ladang,,Tanaman Kontan,05,001,KELAPA DIKUPAS,SEDANG,Biji,1.8,1.8,
30961579,2026-09-16,2026-09-16 09:55:47.884341,PERLIS,PERLIS,PASAR AWAM SENA,Runcit,26,Ternakan,03,002,AYAM PROSES STANDARD,F.A.Q,Kilogram,10.5,10.564285,
30961580,2026-09-16,2026-09-16 09:55:47.884341,PERLIS,PERLIS,PASAR AWAM SENA,Runcit,26,Ternakan,03,002,AYAM PROSES STANDARD,F.A.Q,Kilogram,10.5,10.564285,
30961581,2026-09-16,2026-09-16 09:55:47.884341,PERLIS,PERLIS,PASAR AWAM SENA,Runcit,26,Ternakan,03,002,AYAM PROSES STANDARD,F.A.Q,Kilogram,10.5,10.564285,
30961582,2026-09-16,2026-09-16 09:56:05.571347,PAHANG,KUANTAN,PASAR BORONG KEMUNTING,Borong,20,Ternakan,02,003,DAGING LEMBU PEJAL,F.A.Q,Kilogram,35,35,
30961583,2026-09-16,2026-09-16 09:56:05.571347,PAHANG,KUANTAN,PASAR BORONG KEMUNTING,Borong,20,Ternakan,02,003,DAGING LEMBU PEJAL,F.A.Q,Kilogram,35,35,
30961584,2026-09-16,2026-09-16 09:56:05.571347,PAHANG,KUANTAN,PASAR BORONG KEMUNTING,Borong,20,Ternakan,02,003,DAGING LEMBU PEJAL,F.A.Q,Kilogram,35,35,
30961585,2026-09-16,2026-09-16 09:56:26.330225,PAHANG,KUANTAN,PASAR BORONG KEMUNTING,Borong,20,Tanaman Kontan,05,001,KELAPA DIKUPAS,SEDANG,Biji,2,2,
30961586,2026-09-16,2026-09-16 09:56:26.330225,PAHANG,KUANTAN,PASAR BORONG KEMUNTING,Borong,20,Tanaman Kontan,05,001,KELAPA DIKUPAS,SEDANG,Biji,2,2,
30961587,2026-09-16,2026-09-16 09:57:06.735149,PAHANG,KUANTAN,PASAR BORONG KEMUNTING,Borong,20,Buah-Buahan,02,023,NANAS JOSAPINE (AC5),F.A.Q,Kilogram,4.5,4.5,
30961588,2026-09-16,2026-09-16 09:57:06.735149,PAHANG,KUANTAN,PASAR BORONG KEMUNTING,Borong,20,Buah-Buahan,02,023,NANAS JOSAPINE (AC5),F.A.Q,Kilogram,4.5,4.5,
30961589,2026-09-16,2026-09-16 09:57:06.735149,PAHANG,KUANTAN,PASAR BORONG KEMUNTING,Borong,20,Buah-Buahan,02,028,PISANG BERANGAN,F.A.Q,Kilogram,4.5,4.3166666,
30961590,2026-09-16,2026-09-16 09:57:06.735149,PAHANG,KUANTAN,PASAR BORONG KEMUNTING,Borong,20,Buah-Buahan,02,028,PISANG BERANGAN,F.A.Q,Kilogram,4.5,4.3166666,
30961591,2026-09-16,2026-09-16 09:57:06.735149,PAHANG,KUANTAN,PASAR BORONG KEMUNTING,Borong,20,Buah-Buahan,02,034,TEMBIKAI MERAH TANPA BIJI,F.A.Q,Kilogram,2.8,2.8,
30961592,2026-09-16,2026-09-16 09:57:06.735149,PAHANG,KUANTAN,PASAR BORONG KEMUNTING,Borong,20,Buah-Buahan,02,034,TEMBIKAI MERAH TANPA BIJI,F.A.Q,Kilogram,2.8,2.8,
30961593,2026-09-16,2026-09-16 09:57:30.417651,PAHANG,KUANTAN,PASAR BORONG KEMUNTING,Borong,20,Ternakan,11,001,TELUR AYAM,B,Biji,0.48,0.48833334,
30961594,2026-09-16,2026-09-16 09:58:09.626586,PAHANG,KUANTAN,PASAR BORONG KEMUNTING,Borong,20,Ternakan,03,002,AYAM PROSES STANDARD,F.A.Q,Kilogram,9.7,9.7,
30961595,2026-09-16,2026-09-16 09:58:09.626586,PAHANG,KUANTAN,PASAR BORONG KEMUNTING,Borong,20,Ternakan,03,002,AYAM PROSES STANDARD,F.A.Q,Kilogram,9.7,9.7,
30961596,2026-09-16,2026-09-16 09:58:09.626586,PAHANG,KUANTAN,PASAR BORONG KEMUNTING,Borong,20,Ternakan,03,002,AYAM PROSES STANDARD,F.A.Q,Kilogram,9.7,9.7,
30961597,2026-09-16,2026-09-16 09:59:00.366556,PAHANG,KUANTAN,PASAR BORONG KEMUNTING,Borong,20,Sayur-Sayuran,05,001,BAWANG BESAR MERAH (INDIA),F.A.Q,Kilogram,2,2,
30961598,2026-09-16,2026-09-16 09:59:00.366556,PAHANG,KUANTAN,PASAR BORONG KEMUNTING,Borong,20,Sayur-Sayuran,05,001,BAWANG BESAR MERAH (INDIA),F.A.Q,Kilogram,2,2,
30961599,2026-09-16,2026-09-16 09:59:00.366556,PAHANG,KUANTAN,PASAR BORONG KEMUNTING,Borong,20,Sayur-Sayuran,05,001,BAWANG PUTIH (CHINA),F.A.Q,Kilogram,7,7,
30961600,2026-09-16,2026-09-16 09:59:00.366556,PAHANG,KUANTAN,PASAR BORONG KEMUNTING,Borong,20,Sayur-Sayuran,05,001,BAWANG PUTIH (CHINA),F.A.Q,Kilogram,7,7,
30961601,2026-09-16,2026-09-16 09:59:32.415045,PAHANG,KUANTAN,PASAR BESAR KUANTAN,Runcit,26,Ternakan,11,001,TELUR AYAM,B,Biji,0.5,0.5083333,
30961602,2026-09-16,2026-09-16 09:59:56.765165,PAHANG,KUANTAN,PASAR BESAR KUANTAN,Runcit,26,Lain-Lain Makanan Proses,15,001,SANTAN PEKAT,F.A.Q,Kilogram,24,24,
30961603,2026-09-16,2026-09-16 10:00:28.57029,PAHANG,KUANTAN,PASAR BESAR KUANTAN,Runcit,26,Ternakan,02,003,DAGING LEMBU PEJAL,F.A.Q,Kilogram,38,38,
30961604,2026-09-16,2026-09-16 10:00:28.57029,PAHANG,KUANTAN,PASAR BESAR KUANTAN,Runcit,26,Ternakan,02,003,DAGING LEMBU PEJAL,F.A.Q,Kilogram,38,38,
30961605,2026-09-16,2026-09-16 10:00:28.57029,PAHANG,KUANTAN,PASAR BESAR KUANTAN,Runcit,26,Ternakan,02,003,DAGING LEMBU PEJAL,F.A.Q,Kilogram,38,38,
30961606,2026-09-16,2026-09-16 10:00:50.615767,PAHANG,KUANTAN,PASAR BESAR KUANTAN,Runcit,26,Tanaman Kontan,05,001,KELAPA DIKUPAS,SEDANG,Biji,2.9,2.9,
30961607,2026-09-16,2026-09-16 10:00:50.615767,PAHANG,KUANTAN,PASAR BESAR KUANTAN,Runcit,26,Tanaman Kontan,05,001,KELAPA DIKUPAS,SEDANG,Biji,2.9,2.9,
30961608,2026-09-16,2026-09-16 10:01:32.988415,PAHANG,KUANTAN,PASAR BESAR KUANTAN,Runcit,26,Buah-Buahan,02,023,NANAS JOSAPINE (AC5),F.A.Q,Kilogram,6,6,
30961609,2026-09-16,2026-09-16 10:01:32.988415,PAHANG,KUANTAN,PASAR BESAR KUANTAN,Runcit,26,Buah-Buahan,02,023,NANAS JOSAPINE (AC5),F.A.Q,Kilogram,6,6,
30961610,2026-09-16,2026-09-16 10:01:32.988415,PAHANG,KUANTAN,PASAR BESAR KUANTAN,Runcit,26,Buah-Buahan,02,028,PISANG BERANGAN,F.A.Q,Kilogram,5.5,5.3166666,
30961611,2026-09-16,2026-09-16 10:01:32.988415,PAHANG,KUANTAN,PASAR BESAR KUANTAN,Runcit,26,Buah-Buahan,02,028,PISANG BERANGAN,F.A.Q,Kilogram,5.5,5.3166666,
30961612,2026-09-16,2026-09-16 10:01:32.988415,PAHANG,KUANTAN,PASAR BESAR KUANTAN,Runcit,26,Buah-Buahan,02,034,TEMBIKAI MERAH TANPA BIJI,F.A.Q,Kilogram,3.8,3.8,
30961613,2026-09-16,2026-09-16 10:01:32.988415,PAHANG,KUANTAN,PASAR BESAR KUANTAN,Runcit,26,Buah-Buahan,02,034,TEMBIKAI MERAH TANPA BIJI,F.A.Q,Kilogram,3.8,3.8,
30961614,2026-09-16,2026-09-16 10:01:50.067996,PERLIS,PERLIS,PASAR AWAM SENA,Runcit,26,Sayur-Sayuran,03,001,BAYAM,F.A.Q,Kilogram,6,6.0625,
30961615,2026-09-16,2026-09-16 10:01:50.067996,PERLIS,PERLIS,PASAR AWAM SENA,Runcit,26,Sayur-Sayuran,03,001,BAYAM,F.A.Q,Kilogram,6,6.0625,
30961616,2026-09-16,2026-09-16 10:01:50.067996,PERLIS,PERLIS,PASAR AWAM SENA,Runcit,26,Sayur-Sayuran,03,001,BAYAM,F.A.Q,Kilogram,6,6.0625,
30961617,2026-09-16,2026-09-16 10:01:50.067996,PERLIS,PERLIS,PASAR AWAM SENA,Runcit,26,Sayur-Sayuran,03,001,BAYAM,F.A.Q,Kilogram,6,6.0625,
30961618,2026-09-16,2026-09-16 10:01:50.067996,PERLIS,PERLIS,PASAR AWAM SENA,Runcit,26,Sayur-Sayuran,03,001,BAYAM,F.A.Q,Kilogram,6,6.0625,
30961619,2026-09-16,2026-09-16 10:01:50.067996,PERLIS,PERLIS,PASAR AWAM SENA,Runcit,26,Sayur-Sayuran,02,002,CILI MERAH KULAI / KULAI HIBRID,F.A.Q,Kilogram,17,17.547945,
30961620,2026-09-16,2026-09-16 10:01:50.067996,PERLIS,PERLIS,PASAR AWAM SENA,Runcit,26,Sayur-Sayuran,02,002,CILI MERAH KULAI / KULAI HIBRID,F.A.Q,Kilogram,17,17.547945,
30961621,2026-09-16,2026-09-16 10:01:50.067996,PERLIS,PERLIS,PASAR AWAM SENA,Runcit,26,Sayur-Sayuran,02,002,CILI MERAH KULAI / KULAI HIBRID,F.A.Q,Kilogram,17,17.547945,
30961622,2026-09-16,2026-09-16 10:01:50.067996,PERLIS,PERLIS,PASAR AWAM SENA,Runcit,26,Sayur-Sayuran,02,002,CILI MERAH KULAI / KULAI HIBRID,F.A.Q,Kilogram,17,17.547945,
30961623,2026-09-16,2026-09-16 10:01:50.067996,PERLIS,PERLIS,PASAR AWAM SENA,Runcit,26,Sayur-Sayuran,02,002,CILI MERAH KULAI / KULAI HIBRID,F.A.Q,Kilogram,17,17.547945,
30961624,2026-09-16,2026-09-16 10:01:50.067996,PERLIS,PERLIS,PASAR AWAM SENA,Runcit,26,Sayur-Sayuran,02,002,CILI MERAH MINYAK,F.A.Q,Kilogram,15,14.309859,
30961625,2026-09-16,2026-09-16 10:01:50.067996,PERLIS,PERLIS,PASAR AWAM SENA,Runcit,26,Sayur-Sayuran,02,002,CILI MERAH MINYAK,F.A.Q,Kilogram,15,14.309859,
30961626,2026-09-16,2026-09-16 10:01:50.067996,PERLIS,PERLIS,PASAR AWAM SENA,Runcit,26,Sayur-Sayuran,02,002,CILI MERAH MINYAK,F.A.Q,Kilogram,15,14.309859,
30961627,2026-09-16,2026-09-16 10:01:50.067996,PERLIS,PERLIS,PASAR AWAM SENA,Runcit,26,Sayur-Sayuran,02,002,CILI MERAH MINYAK,F.A.Q,Kilogram,15,14.309859,
30961628,2026-09-16,2026-09-16 10:01:50.067996,PERLIS,PERLIS,PASAR AWAM SENA,Runcit,26,Sayur-Sayuran,02,002,CILI MERAH MINYAK,F.A.Q,Kilogram,15,14.309859,
30961629,2026-09-16,2026-09-16 10:01:50.067996,PERLIS,PERLIS,PASAR AWAM SENA,Runcit,26,Sayur-Sayuran,04,002,KACANG BENDI,F.A.Q,Kilogram,9,8.875,
30961630,2026-09-16,2026-09-16 10:01:50.067996,PERLIS,PERLIS,PASAR AWAM SENA,Runcit,26,Sayur-Sayuran,04,002,KACANG BENDI,F.A.Q,Kilogram,9,8.875,
30961631,2026-09-16,2026-09-16 10:01:50.067996,PERLIS,PERLIS,PASAR AWAM SENA,Runcit,26,Sayur-Sayuran,04,002,KACANG BENDI,F.A.Q,Kilogram,9,8.875,
30961632,2026-09-16,2026-09-16 10:01:50.067996,PERLIS,PERLIS,PASAR AWAM SENA,Runcit,26,Sayur-Sayuran,04,002,KACANG BENDI,F.A.Q,Kilogram,9,8.875,
30961633,2026-09-16,2026-09-16 10:01:50.067996,PERLIS,PERLIS,PASAR AWAM SENA,Runcit,26,Sayur-Sayuran,04,002,KACANG BENDI,F.A.Q,Kilogram,9,8.875,
30961634,2026-09-16,2026-09-16 10:01:50.067996,PERLIS,PERLIS,PASAR AWAM SENA,Runcit,26,Sayur-Sayuran,04,007,KACANG PANJANG HIJAU,F.A.Q,Kilogram,8,7.9,
30961635,2026-09-16,2026-09-16 10:01:50.067996,PERLIS,PERLIS,PASAR AWAM SENA,Runcit,26,Sayur-Sayuran,04,007,KACANG PANJANG HIJAU,F.A.Q,Kilogram,8,7.9,
30961636,2026-09-16,2026-09-16 10:01:50.067996,PERLIS,PERLIS,PASAR AWAM SENA,Runcit,26,Sayur-Sayuran,04,007,KACANG PANJANG HIJAU,F.A.Q,Kilogram,8,7.9,
30961637,2026-09-16,2026-09-16 10:01:50.067996,PERLIS,PERLIS,PASAR AWAM SENA,Runcit,26,Sayur-Sayuran,04,007,KACANG PANJANG HIJAU,F.A.Q,Kilogram,8,7.9,
30961638,2026-09-16,2026-09-16 10:01:50.067996,PERLIS,PERLIS,PASAR AWAM SENA,Runcit,26,Sayur-Sayuran,04,007,KACANG PANJANG HIJAU,F.A.Q,Kilogram,8,7.9,
30961639,2026-09-16,2026-09-16 10:01:50.067996,PERLIS,PERLIS,PASAR AWAM SENA,Runcit,26,Sayur-Sayuran,03,007,SAWI HIJAU,F.A.Q,Kilogram,6,6.4117646,
30961640,2026-09-16,2026-09-16 10:01:50.067996,PERLIS,PERLIS,PASAR AWAM SENA,Runcit,26,Sayur-Sayuran,03,007,SAWI HIJAU,F.A.Q,Kilogram,6,6.4117646,
30961641,2026-09-16,2026-09-16 10:01:50.067996,PERLIS,PERLIS,PASAR AWAM SENA,Runcit,26,Sayur-Sayuran,03,007,SAWI HIJAU,F.A.Q,Kilogram,6,6.4117646,
30961642,2026-09-16,2026-09-16 10:01:50.067996,PERLIS,PERLIS,PASAR AWAM SENA,Runcit,26,Sayur-Sayuran,03,007,SAWI HIJAU,F.A.Q,Kilogram,6,6.4117646,
30961643,2026-09-16,2026-09-16 10:01:50.067996,PERLIS,PERLIS,PASAR AWAM SENA,Runcit,26,Sayur-Sayuran,03,007,SAWI HIJAU,F.A.Q,Kilogram,6,6.4117646,
30961644,2026-09-16,2026-09-16 10:01:50.067996,PERLIS,PERLIS,PASAR AWAM SENA,Runcit,26,Sayur-Sayuran,02,010,TERUNG PANJANG / PEPARU (TANAH RENDAH),F.A.Q,Kilogram,7,7.0472975,
30961645,2026-09-16,2026-09-16 10:01:50.067996,PERLIS,PERLIS,PASAR AWAM SENA,Runcit,26,Sayur-Sayuran,02,010,TERUNG PANJANG / PEPARU (TANAH RENDAH),F.A.Q,Kilogram,7,7.0472975,
30961646,2026-09-16,2026-09-16 10:01:50.067996,PERLIS,PERLIS,PASAR AWAM SENA,Runcit,26,Sayur-Sayuran,02,010,TERUNG PANJANG / PEPARU (TANAH RENDAH),F.A.Q,Kilogram,7,7.0472975,
30961647,2026-09-16,2026-09-16 10:01:50.067996,PERLIS,PERLIS,PASAR AWAM SENA,Runcit,26,Sayur-Sayuran,02,010,TERUNG PANJANG / PEPARU (TANAH RENDAH),F.A.Q,Kilogram,7,7.0472975,
30961648,2026-09-16,2026-09-16 10:01:50.067996,PERLIS,PERLIS,PASAR AWAM SENA,Runcit,26,Sayur-Sayuran,02,010,TERUNG PANJANG / PEPARU (TANAH RENDAH),F.A.Q,Kilogram,7,7.0472975,
30961649,2026-09-16,2026-09-16 10:01:50.067996,PERLIS,PERLIS,PASAR AWAM SENA,Runcit,26,Sayur-Sayuran,02,011,TIMUN HIJAU,F.A.Q,Kilogram,4,4.0526314,
30961650,2026-09-16,2026-09-16 10:01:50.067996,PERLIS,PERLIS,PASAR AWAM SENA,Runcit,26,Sayur-Sayuran,02,011,TIMUN HIJAU,F.A.Q,Kilogram,4,4.0526314,
30961651,2026-09-16,2026-09-16 10:01:50.067996,PERLIS,PERLIS,PASAR AWAM SENA,Runcit,26,Sayur-Sayuran,02,011,TIMUN HIJAU,F.A.Q,Kilogram,4,4.0526314,
30961652,2026-09-16,2026-09-16 10:01:50.067996,PERLIS,PERLIS,PASAR AWAM SENA,Runcit,26,Sayur-Sayuran,02,011,TIMUN HIJAU,F.A.Q,Kilogram,4,4.0526314,
30961653,2026-09-16,2026-09-16 10:01:50.067996,PERLIS,PERLIS,PASAR AWAM SENA,Runcit,26,Sayur-Sayuran,02,011,TIMUN HIJAU,F.A.Q,Kilogram,4,4.0526314,
30961654,2026-09-16,2026-09-16 10:01:50.067996,PERLIS,PERLIS,PASAR AWAM SENA,Runcit,26,Sayur-Sayuran,02,012,TOMATO (TANAH TINGGI),F.A.Q,Kilogram,11,9.95,
30961655,2026-09-16,2026-09-16 10:01:50.067996,PERLIS,PERLIS,PASAR AWAM SENA,Runcit,26,Sayur-Sayuran,02,012,TOMATO (TANAH TINGGI),F.A.Q,Kilogram,11,9.95,
30961656,2026-09-16,2026-09-16 10:01:50.067996,PERLIS,PERLIS,PASAR AWAM SENA,Runcit,26,Sayur-Sayuran,02,012,TOMATO (TANAH TINGGI),F.A.Q,Kilogram,12,9.95,
30961657,2026-09-16,2026-09-16 10:01:50.067996,PERLIS,PERLIS,PASAR AWAM SENA,Runcit,26,Sayur-Sayuran,02,012,TOMATO (TANAH TINGGI),F.A.Q,Kilogram,12,9.95,
30961658,2026-09-16,2026-09-16 10:01:50.067996,PERLIS,PERLIS,PASAR AWAM SENA,Runcit,26,Sayur-Sayuran,02,012,TOMATO (TANAH TINGGI),F.A.Q,Kilogram,10,9.95,
30961659,2026-09-16,2026-09-16 10:02:16.663953,PAHANG,KUANTAN,PASAR BESAR KUANTAN,Runcit,26,Ternakan,03,002,AYAM PROSES STANDARD,F.A.Q,Kilogram,11.7,11.7,
30961660,2026-09-16,2026-09-16 10:02:16.663953,PAHANG,KUANTAN,PASAR BESAR KUANTAN,Runcit,26,Ternakan,03,002,AYAM PROSES STANDARD,F.A.Q,Kilogram,11.7,11.7,
30961661,2026-09-16,2026-09-16 10:02:16.663953,PAHANG,KUANTAN,PASAR BESAR KUANTAN,Runcit,26,Ternakan,03,002,AYAM PROSES STANDARD,F.A.Q,Kilogram,11.7,11.7,
30961662,2026-09-16,2026-09-16 10:03:11.814019,PAHANG,KUANTAN,PASAR BESAR KUANTAN,Runcit,26,Sayur-Sayuran,05,001,BAWANG BESAR MERAH (INDIA),F.A.Q,Kilogram,3,3,
30961663,2026-09-16,2026-09-16 10:03:11.814019,PAHANG,KUANTAN,PASAR BESAR KUANTAN,Runcit,26,Sayur-Sayuran,05,001,BAWANG BESAR MERAH (INDIA),F.A.Q,Kilogram,3,3,
30961664,2026-09-16,2026-09-16 10:03:11.814019,PAHANG,KUANTAN,PASAR BESAR KUANTAN,Runcit,26,Sayur-Sayuran,05,001,BAWANG BESAR MERAH (INDIA),F.A.Q,Kilogram,3,3,
30961665,2026-09-16,2026-09-16 10:03:11.814019,PAHANG,KUANTAN,PASAR BESAR KUANTAN,Runcit,26,Sayur-Sayuran,05,001,BAWANG PUTIH (CHINA),F.A.Q,Kilogram,8,8,
30961666,2026-09-16,2026-09-16 10:03:11.814019,PAHANG,KUANTAN,PASAR BESAR KUANTAN,Runcit,26,Sayur-Sayuran,05,001,BAWANG PUTIH (CHINA),F.A.Q,Kilogram,8,8,
30961667,2026-09-16,2026-09-16 10:03:11.814019,PAHANG,KUANTAN,PASAR BESAR KUANTAN,Runcit,26,Sayur-Sayuran,05,001,BAWANG PUTIH (CHINA),F.A.Q,Kilogram,8,8,
30961668,2026-09-16,2026-09-16 10:04:15.609066,NEGERI SEMBILAN,SEREMBAN,PASAR BESAR SEREMBAN - BAHAGIAN RUNCIT,Runcit,26,Tanaman Kontan,05,001,KELAPA DIKUPAS,SEDANG,Biji,2.7,2.79,
30961669,2026-09-16,2026-09-16 10:04:15.609066,NEGERI SEMBILAN,SEREMBAN,PASAR BESAR SEREMBAN - BAHAGIAN RUNCIT,Runcit,26,Tanaman Kontan,05,001,KELAPA DIKUPAS,SEDANG,Biji,2.8,2.79,
30961670,2026-09-16,2026-09-16 10:04:15.609066,NEGERI SEMBILAN,SEREMBAN,PASAR BESAR SEREMBAN - BAHAGIAN RUNCIT,Runcit,26,Buah-Buahan,02,023,NANAS JOSAPINE (AC5),F.A.Q,Kilogram,4,4.4133334,
30961671,2026-09-16,2026-09-16 10:04:15.609066,NEGERI SEMBILAN,SEREMBAN,PASAR BESAR SEREMBAN - BAHAGIAN RUNCIT,Runcit,26,Buah-Buahan,02,023,NANAS JOSAPINE (AC5),F.A.Q,Kilogram,4.6,4.4133334,
30961672,2026-09-16,2026-09-16 10:04:15.609066,NEGERI SEMBILAN,SEREMBAN,PASAR BESAR SEREMBAN - BAHAGIAN RUNCIT,Runcit,26,Buah-Buahan,02,023,NANAS JOSAPINE (AC5),F.A.Q,Kilogram,4.3,4.4133334,
30961673,2026-09-16,2026-09-16 10:04:15.609066,NEGERI SEMBILAN,SEREMBAN,PASAR BESAR SEREMBAN - BAHAGIAN RUNCIT,Runcit,26,Buah-Buahan,02,028,PISANG BERANGAN,F.A.Q,Kilogram,5.5,5.5833335,
30961674,2026-09-16,2026-09-16 10:04:15.609066,NEGERI SEMBILAN,SEREMBAN,PASAR BESAR SEREMBAN - BAHAGIAN RUNCIT,Runcit,26,Buah-Buahan,02,028,PISANG BERANGAN,F.A.Q,Kilogram,6,5.5833335,
30961675,2026-09-16,2026-09-16 10:04:15.609066,NEGERI SEMBILAN,SEREMBAN,PASAR BESAR SEREMBAN - BAHAGIAN RUNCIT,Runcit,26,Buah-Buahan,02,028,PISANG BERANGAN,F.A.Q,Kilogram,5,5.5833335,
30961676,2026-09-16,2026-09-16 10:04:15.609066,NEGERI SEMBILAN,SEREMBAN,PASAR BESAR SEREMBAN - BAHAGIAN RUNCIT,Runcit,26,Buah-Buahan,02,034,TEMBIKAI MERAH TANPA BIJI,F.A.Q,Kilogram,3.4,3.9333334,
30961677,2026-09-16,2026-09-16 10:04:15.609066,NEGERI SEMBILAN,SEREMBAN,PASAR BESAR SEREMBAN - BAHAGIAN RUNCIT,Runcit,26,Buah-Buahan,02,034,TEMBIKAI MERAH TANPA BIJI,F.A.Q,Kilogram,4,3.9333334,
30961678,2026-09-16,2026-09-16 10:04:15.609066,NEGERI SEMBILAN,SEREMBAN,PASAR BESAR SEREMBAN - BAHAGIAN RUNCIT,Runcit,26,Buah-Buahan,02,034,TEMBIKAI MERAH TANPA BIJI,F.A.Q,Kilogram,3.6,3.9333334,
30961679,2026-09-16,2026-09-16 10:04:19.287401,NEGERI SEMBILAN,SEREMBAN,PASAR BESAR SEREMBAN - BAHAGIAN BORONG,Borong,20,Tanaman Kontan,05,001,KELAPA DIKUPAS,SEDANG,Biji,2.5,2.54,
30961680,2026-09-16,2026-09-16 10:04:19.287401,NEGERI SEMBILAN,SEREMBAN,PASAR BESAR SEREMBAN - BAHAGIAN BORONG,Borong,20,Buah-Buahan,02,023,NANAS JOSAPINE (AC5),F.A.Q,Kilogram,3.6,3.3466666,
30961681,2026-09-16,2026-09-16 10:04:19.287401,NEGERI SEMBILAN,SEREMBAN,PASAR BESAR SEREMBAN - BAHAGIAN BORONG,Borong,20,Buah-Buahan,02,023,NANAS JOSAPINE (AC5),F.A.Q,Kilogram,3,3.3466666,
30961682,2026-09-16,2026-09-16 10:04:19.287401,NEGERI SEMBILAN,SEREMBAN,PASAR BESAR SEREMBAN - BAHAGIAN BORONG,Borong,20,Buah-Buahan,02,023,NANAS JOSAPINE (AC5),F.A.Q,Kilogram,3.4,3.3466666,
30961683,2026-09-16,2026-09-16 10:04:19.287401,NEGERI SEMBILAN,SEREMBAN,PASAR BESAR SEREMBAN - BAHAGIAN BORONG,Borong,20,Buah-Buahan,02,028,PISANG BERANGAN,F.A.Q,Kilogram,4.2,3.6366668,
30961684,2026-09-16,2026-09-16 10:04:19.287401,NEGERI SEMBILAN,SEREMBAN,PASAR BESAR SEREMBAN - BAHAGIAN BORONG,Borong,20,Buah-Buahan,02,028,PISANG BERANGAN,F.A.Q,Kilogram,3.9,3.6366668,
30961685,2026-09-16,2026-09-16 10:04:19.287401,NEGERI SEMBILAN,SEREMBAN,PASAR BESAR SEREMBAN - BAHAGIAN BORONG,Borong,20,Buah-Buahan,02,028,PISANG BERANGAN,F.A.Q,Kilogram,3.6,3.6366668,
30961686,2026-09-16,2026-09-16 10:04:19.287401,NEGERI SEMBILAN,SEREMBAN,PASAR BESAR SEREMBAN - BAHAGIAN BORONG,Borong,20,Buah-Buahan,02,034,TEMBIKAI MERAH TANPA BIJI,F.A.Q,Kilogram,2.7,2.5166667,
30961687,2026-09-16,2026-09-16 10:04:19.287401,NEGERI SEMBILAN,SEREMBAN,PASAR BESAR SEREMBAN - BAHAGIAN BORONG,Borong,20,Buah-Buahan,02,034,TEMBIKAI MERAH TANPA BIJI,F.A.Q,Kilogram,2.2,2.5166667,
30961688,2026-09-16,2026-09-16 10:04:19.287401,NEGERI SEMBILAN,SEREMBAN,PASAR BESAR SEREMBAN - BAHAGIAN BORONG,Borong,20,Buah-Buahan,02,034,TEMBIKAI MERAH TANPA BIJI,F.A.Q,Kilogram,2.5,2.5166667,
30961689,2026-09-16,2026-09-16 10:04:27.178497,TERENGGANU,KUALA TERENGGANU,PASAR BESAR KEDAI PAYANG,Runcit,,Tanaman Kontan,05,001,KELAPA DIKUPAS,SEDANG,Biji,3,2.33,
30961690,2026-09-16,2026-09-16 10:04:40.40197,TERENGGANU,KUALA TERENGGANU,PASAR BESAR KEDAI PAYANG,Runcit,,Ternakan,11,001,TELUR AYAM,B,Biji,0.51,0.45,
30961691,2026-09-16,2026-09-16 10:05:00.244187,TERENGGANU,KUALA TERENGGANU,PASAR BESAR KEDAI PAYANG,Runcit,,Lain-Lain Makanan Proses,15,001,SANTAN PEKAT,F.A.Q,Kilogram,16,11.7,
30961692,2026-09-16,2026-09-16 10:05:36.738708,TERENGGANU,KUALA TERENGGANU,PASAR BESAR KEDAI PAYANG,Runcit,,Sayur-Sayuran,05,001,BAWANG BESAR MERAH (INDIA),F.A.Q,Kilogram,5,4.44,
30961693,2026-09-16,2026-09-16 10:05:36.792281,TERENGGANU,KUALA TERENGGANU,PASAR BESAR KEDAI PAYANG,Runcit,,Sayur-Sayuran,05,001,BAWANG MERAH / KECIL (INDIA),F.A.Q,Kilogram,5,7.04,
30961694,2026-09-16,2026-09-16 10:05:36.866039,TERENGGANU,KUALA TERENGGANU,PASAR BESAR KEDAI PAYANG,Runcit,,Sayur-Sayuran,05,001,BAWANG PUTIH (CHINA),F.A.Q,Kilogram,10,8.52,
30961695,2026-09-16,2026-09-16 10:07:26.415019,TERENGGANU,KUALA TERENGGANU,PASAR BESAR KEDAI PAYANG,Runcit,,Sayur-Sayuran,03,001,BAYAM,F.A.Q,Kilogram,8,5.81,
30961696,2026-09-16,2026-09-16 10:07:26.481585,TERENGGANU,KUALA TERENGGANU,PASAR BESAR KEDAI PAYANG,Runcit,,Sayur-Sayuran,02,002,CILI MERAH KULAI / KULAI HIBRID,F.A.Q,Kilogram,16.5,16.31,
30961697,2026-09-16,2026-09-16 10:07:26.538018,TERENGGANU,KUALA TERENGGANU,PASAR BESAR KEDAI PAYANG,Runcit,,Sayur-Sayuran,02,002,CILI MERAH MINYAK,F.A.Q,Kilogram,12,14.1,
30961698,2026-09-16,2026-09-16 10:07:26.593038,TERENGGANU,KUALA TERENGGANU,PASAR BESAR KEDAI PAYANG,Runcit,,Sayur-Sayuran,04,002,KACANG BENDI,F.A.Q,Kilogram,10,10.44,
30961699,2026-09-16,2026-09-16 10:07:26.650045,TERENGGANU,KUALA TERENGGANU,PASAR BESAR KEDAI PAYANG,Runcit,,Sayur-Sayuran,04,007,KACANG PANJANG HIJAU,F.A.Q,Kilogram,8,7.99,
30961700,2026-09-16,2026-09-16 10:07:26.705647,TERENGGANU,KUALA TERENGGANU,PASAR BESAR KEDAI PAYANG,Runcit,,Sayur-Sayuran,03,019,KANGKUNG,F.A.Q,Kilogram,6,5.03,
30961701,2026-09-16,2026-09-16 10:07:26.770546,TERENGGANU,KUALA TERENGGANU,PASAR BESAR KEDAI PAYANG,Runcit,,Sayur-Sayuran,03,007,SAWI HIJAU,F.A.Q,Kilogram,6,6.22,
30961702,2026-09-16,2026-09-16 10:07:26.825345,TERENGGANU,KUALA TERENGGANU,PASAR BESAR KEDAI PAYANG,Runcit,,Sayur-Sayuran,02,010,TERUNG PANJANG / PEPARU (TANAH RENDAH),F.A.Q,Kilogram,8,9.47,
30961703,2026-09-16,2026-09-16 10:07:26.881492,TERENGGANU,KUALA TERENGGANU,PASAR BESAR KEDAI PAYANG,Runcit,,Sayur-Sayuran,02,011,TIMUN HIJAU,F.A.Q,Kilogram,3,4.08,
30961704,2026-09-16,2026-09-16 10:07:26.938079,TERENGGANU,KUALA TERENGGANU,PASAR BESAR KEDAI PAYANG,Runcit,,Sayur-Sayuran,02,012,TOMATO (TANAH TINGGI),F.A.Q,Kilogram,9,8.71,
30961705,2026-09-16,2026-09-16 10:08:01.109853,TERENGGANU,KUALA TERENGGANU,PASAR BESAR KEDAI PAYANG,Runcit,,Buah-Buahan,02,023,NANAS JOSAPINE (AC5),F.A.Q,Kilogram,5,4,
30961706,2026-09-16,2026-09-16 10:08:01.170559,TERENGGANU,KUALA TERENGGANU,PASAR BESAR KEDAI PAYANG,Runcit,,Buah-Buahan,02,028,PISANG BERANGAN,F.A.Q,Kilogram,7,5.62,
30961707,2026-09-16,2026-09-16 10:08:01.217623,TERENGGANU,KUALA TERENGGANU,PASAR BESAR KEDAI PAYANG,Runcit,,Buah-Buahan,02,034,TEMBIKAI MERAH TANPA BIJI,F.A.Q,Kilogram,3.5,4.75,
30961708,2026-09-16,2026-09-16 10:09:55.04292,PAHANG,KUANTAN,PASAR BESAR KUANTAN,Runcit,26,Sayur-Sayuran,03,001,BAYAM,F.A.Q,Kilogram,5.2,5.613333,
30961709,2026-09-16,2026-09-16 10:09:55.04292,PAHANG,KUANTAN,PASAR BESAR KUANTAN,Runcit,26,Sayur-Sayuran,03,001,BAYAM,F.A.Q,Kilogram,5.3,5.613333,
30961710,2026-09-16,2026-09-16 10:09:55.04292,PAHANG,KUANTAN,PASAR BESAR KUANTAN,Runcit,26,Sayur-Sayuran,03,001,BAYAM,F.A.Q,Kilogram,5.2,5.613333,
30961711,2026-09-16,2026-09-16 10:09:55.04292,PAHANG,KUANTAN,PASAR BESAR KUANTAN,Runcit,26,Sayur-Sayuran,03,001,BAYAM,F.A.Q,Kilogram,5.2,5.613333,
30961712,2026-09-16,2026-09-16 10:09:55.04292,PAHANG,KUANTAN,PASAR BESAR KUANTAN,Runcit,26,Sayur-Sayuran,02,002,CILI MERAH KULAI / KULAI HIBRID,F.A.Q,Kilogram,17,16.88,
30961713,2026-09-16,2026-09-16 10:09:55.04292,PAHANG,KUANTAN,PASAR BESAR KUANTAN,Runcit,26,Sayur-Sayuran,02,002,CILI MERAH KULAI / KULAI HIBRID,F.A.Q,Kilogram,17,16.88,
30961714,2026-09-16,2026-09-16 10:09:55.04292,PAHANG,KUANTAN,PASAR BESAR KUANTAN,Runcit,26,Sayur-Sayuran,02,002,CILI MERAH KULAI / KULAI HIBRID,F.A.Q,Kilogram,17,16.88,
30961715,2026-09-16,2026-09-16 10:09:55.04292,PAHANG,KUANTAN,PASAR BESAR KUANTAN,Runcit,26,Sayur-Sayuran,02,002,CILI MERAH KULAI / KULAI HIBRID,F.A.Q,Kilogram,17.5,16.88,
30961716,2026-09-16,2026-09-16 10:09:55.04292,PAHANG,KUANTAN,PASAR BESAR KUANTAN,Runcit,26,Sayur-Sayuran,02,002,CILI MERAH MINYAK,F.A.Q,Kilogram,12.5,13.71,
30961717,2026-09-16,2026-09-16 10:09:55.04292,PAHANG,KUANTAN,PASAR BESAR KUANTAN,Runcit,26,Sayur-Sayuran,02,002,CILI MERAH MINYAK,F.A.Q,Kilogram,12.5,13.71,
30961718,2026-09-16,2026-09-16 10:09:55.04292,PAHANG,KUANTAN,PASAR BESAR KUANTAN,Runcit,26,Sayur-Sayuran,02,002,CILI MERAH MINYAK,F.A.Q,Kilogram,13,13.71,
30961719,2026-09-16,2026-09-16 10:09:55.04292,PAHANG,KUANTAN,PASAR BESAR KUANTAN,Runcit,26,Sayur-Sayuran,02,002,CILI MERAH MINYAK,F.A.Q,Kilogram,13,13.71,
30961720,2026-09-16,2026-09-16 10:09:55.04292,PAHANG,KUANTAN,PASAR BESAR KUANTAN,Runcit,26,Sayur-Sayuran,04,002,KACANG BENDI,F.A.Q,Kilogram,7,7.24,
30961721,2026-09-16,2026-09-16 10:09:55.04292,PAHANG,KUANTAN,PASAR BESAR KUANTAN,Runcit,26,Sayur-Sayuran,04,002,KACANG BENDI,F.A.Q,Kilogram,7,7.24,
30961722,2026-09-16,2026-09-16 10:09:55.04292,PAHANG,KUANTAN,PASAR BESAR KUANTAN,Runcit,26,Sayur-Sayuran,04,002,KACANG BENDI,F.A.Q,Kilogram,7,7.24,
30961723,2026-09-16,2026-09-16 10:09:55.04292,PAHANG,KUANTAN,PASAR BESAR KUANTAN,Runcit,26,Sayur-Sayuran,04,002,KACANG BENDI,F.A.Q,Kilogram,7,7.24,
30961724,2026-09-16,2026-09-16 10:09:55.04292,PAHANG,KUANTAN,PASAR BESAR KUANTAN,Runcit,26,Sayur-Sayuran,04,007,KACANG PANJANG HIJAU,F.A.Q,Kilogram,6.5,7.435,
30961725,2026-09-16,2026-09-16 10:09:55.04292,PAHANG,KUANTAN,PASAR BESAR KUANTAN,Runcit,26,Sayur-Sayuran,04,007,KACANG PANJANG HIJAU,F.A.Q,Kilogram,6.5,7.435,
30961726,2026-09-16,2026-09-16 10:09:55.04292,PAHANG,KUANTAN,PASAR BESAR KUANTAN,Runcit,26,Sayur-Sayuran,04,007,KACANG PANJANG HIJAU,F.A.Q,Kilogram,7,7.435,
30961727,2026-09-16,2026-09-16 10:09:55.04292,PAHANG,KUANTAN,PASAR BESAR KUANTAN,Runcit,26,Sayur-Sayuran,04,007,KACANG PANJANG HIJAU,F.A.Q,Kilogram,7,7.435,
30961728,2026-09-16,2026-09-16 10:09:55.04292,PAHANG,KUANTAN,PASAR BESAR KUANTAN,Runcit,26,Sayur-Sayuran,03,006,KUBIS BULAT (TANAH TINGGI),F.A.Q,Kilogram,5.5,5.5,
30961729,2026-09-16,2026-09-16 10:09:55.04292,PAHANG,KUANTAN,PASAR BESAR KUANTAN,Runcit,26,Sayur-Sayuran,03,007,SAWI HIJAU,F.A.Q,Kilogram,6,6,
30961730,2026-09-16,2026-09-16 10:09:55.04292,PAHANG,KUANTAN,PASAR BESAR KUANTAN,Runcit,26,Sayur-Sayuran,03,007,SAWI HIJAU,F.A.Q,Kilogram,6,6,
30961731,2026-09-16,2026-09-16 10:09:55.04292,PAHANG,KUANTAN,PASAR BESAR KUANTAN,Runcit,26,Sayur-Sayuran,03,007,SAWI HIJAU,F.A.Q,Kilogram,6,6,
30961732,2026-09-16,2026-09-16 10:09:55.04292,PAHANG,KUANTAN,PASAR BESAR KUANTAN,Runcit,26,Sayur-Sayuran,03,007,SAWI HIJAU,F.A.Q,Kilogram,6,6,
30961733,2026-09-16,2026-09-16 10:09:55.04292,PAHANG,KUANTAN,PASAR BESAR KUANTAN,Runcit,26,Sayur-Sayuran,02,010,TERUNG PANJANG / PEPARU (TANAH RENDAH),F.A.Q,Kilogram,10.5,10.545,
30961734,2026-09-16,2026-09-16 10:09:55.04292,PAHANG,KUANTAN,PASAR BESAR KUANTAN,Runcit,26,Sayur-Sayuran,02,010,TERUNG PANJANG / PEPARU (TANAH RENDAH),F.A.Q,Kilogram,10,10.545,
30961735,2026-09-16,2026-09-16 10:09:55.04292,PAHANG,KUANTAN,PASAR BESAR KUANTAN,Runcit,26,Sayur-Sayuran,02,010,TERUNG PANJANG / PEPARU (TANAH RENDAH),F.A.Q,Kilogram,10,10.545,
30961736,2026-09-16,2026-09-16 10:09:55.04292,PAHANG,KUANTAN,PASAR BESAR KUANTAN,Runcit,26,Sayur-Sayuran,02,010,TERUNG PANJANG / PEPARU (TANAH RENDAH),F.A.Q,Kilogram,10.5,10.545,
30961737,2026-09-16,2026-09-16 10:09:55.04292,PAHANG,KUANTAN,PASAR BESAR KUANTAN,Runcit,26,Sayur-Sayuran,02,011,TIMUN HIJAU,F.A.Q,Kilogram,3.5,3.5216668,
30961738,2026-09-16,2026-09-16 10:09:55.04292,PAHANG,KUANTAN,PASAR BESAR KUANTAN,Runcit,26,Sayur-Sayuran,02,011,TIMUN HIJAU,F.A.Q,Kilogram,3.6,3.5216668,
30961739,2026-09-16,2026-09-16 10:09:55.04292,PAHANG,KUANTAN,PASAR BESAR KUANTAN,Runcit,26,Sayur-Sayuran,02,011,TIMUN HIJAU,F.A.Q,Kilogram,3.5,3.5216668,
30961740,2026-09-16,2026-09-16 10:09:55.04292,PAHANG,KUANTAN,PASAR BESAR KUANTAN,Runcit,26,Sayur-Sayuran,02,011,TIMUN HIJAU,F.A.Q,Kilogram,3.5,3.5216668,
30961741,2026-09-16,2026-09-16 10:09:55.04292,PAHANG,KUANTAN,PASAR BESAR KUANTAN,Runcit,26,Sayur-Sayuran,02,012,TOMATO (TANAH TINGGI),F.A.Q,Kilogram,8,10.398334,
30961742,2026-09-16,2026-09-16 10:09:55.04292,PAHANG,KUANTAN,PASAR BESAR KUANTAN,Runcit,26,Sayur-Sayuran,02,012,TOMATO (TANAH TINGGI),F.A.Q,Kilogram,7.7,10.398334,
30961743,2026-09-16,2026-09-16 10:09:55.04292,PAHANG,KUANTAN,PASAR BESAR KUANTAN,Runcit,26,Sayur-Sayuran,02,012,TOMATO (TANAH TINGGI),F.A.Q,Kilogram,7.5,10.398334,
30961744,2026-09-16,2026-09-16 10:09:55.04292,PAHANG,KUANTAN,PASAR BESAR KUANTAN,Runcit,26,Sayur-Sayuran,02,012,TOMATO (TANAH TINGGI),F.A.Q,Kilogram,7.8,10.398334,
30961745,2026-09-16,2026-09-16 10:10:00.402556,TERENGGANU,KUALA TERENGGANU,PASAR BESAR KEDAI PAYANG,Runcit,,Ternakan,03,002,AYAM PROSES STANDARD,F.A.Q,Kilogram,10.5,9.99,
30961746,2026-09-16,2026-09-16 10:10:00.450206,TERENGGANU,KUALA TERENGGANU,PASAR BESAR KEDAI PAYANG,Runcit,,Ternakan,03,002,AYAM PROSES SUPER,F.A.Q,Kilogram,11,11.14,
30961747,2026-09-16,2026-09-16 10:10:00.506843,TERENGGANU,KUALA TERENGGANU,PASAR BESAR KEDAI PAYANG,Runcit,,Ternakan,02,003,DAGING LEMBU PEJAL,F.A.Q,Kilogram,29,39.05,
30961748,2026-09-16,2026-09-16 10:11:10.571773,TERENGGANU,KUALA TERENGGANU,PASAR BESAR KEDAI PAYANG,Runcit,,Lain-Lain Makanan Proses,15,001,SANTAN PEKAT,F.A.Q,Kilogram,16,11.7,
30961749,2026-09-16,2026-09-16 10:12:15.457344,TERENGGANU,KUALA TERENGGANU,PASAR BESAR KEDAI PAYANG,Runcit,,Ternakan,03,002,AYAM PROSES STANDARD,F.A.Q,Kilogram,10.5,9.99,
30961750,2026-09-16,2026-09-16 10:12:15.505531,TERENGGANU,KUALA TERENGGANU,PASAR BESAR KEDAI PAYANG,Runcit,,Ternakan,03,002,AYAM PROSES SUPER,F.A.Q,Kilogram,11,11.14,
30961751,2026-09-16,2026-09-16 10:12:15.554181,TERENGGANU,KUALA TERENGGANU,PASAR BESAR KEDAI PAYANG,Runcit,,Ternakan,02,003,DAGING LEMBU PEJAL,F.A.Q,Kilogram,26,39.05,
30961752,2026-09-16,2026-09-16 10:14:15.040809,KELANTAN,BACHOK,[LOKASI KUTIPAN HARGA LADANG] KAMPUNG CHANGGONG,Ladang,,Tanaman Kontan,05,001,KELAPA DIKUPAS,SEDANG,Biji,1.3,1.21,
30961753,2026-09-16,2026-09-16 10:15:07.483438,KELANTAN,KOTA BHARU,PASAR BORONG RTC KOTA BHARU,Borong,20,Tanaman Kontan,05,001,KELAPA DIKUPAS,SEDANG,Biji,1.5,1.5,
30961754,2026-09-16,2026-09-16 10:15:41.657968,PAHANG,KUANTAN,PASAR BORONG KEMUNTING,Borong,20,Sayur-Sayuran,03,001,BAYAM,F.A.Q,Kilogram,3.3,3.6033332,
30961755,2026-09-16,2026-09-16 10:15:41.657968,PAHANG,KUANTAN,PASAR BORONG KEMUNTING,Borong,20,Sayur-Sayuran,03,001,BAYAM,F.A.Q,Kilogram,3.2,3.6033332,
30961756,2026-09-16,2026-09-16 10:15:41.657968,PAHANG,KUANTAN,PASAR BORONG KEMUNTING,Borong,20,Sayur-Sayuran,03,001,BAYAM,F.A.Q,Kilogram,3.3,3.6033332,
30961757,2026-09-16,2026-09-16 10:15:41.657968,PAHANG,KUANTAN,PASAR BORONG KEMUNTING,Borong,20,Sayur-Sayuran,03,001,BAYAM,F.A.Q,Kilogram,3.2,3.6033332,
30961758,2026-09-16,2026-09-16 10:15:41.657968,PAHANG,KUANTAN,PASAR BORONG KEMUNTING,Borong,20,Sayur-Sayuran,02,002,CILI MERAH KULAI / KULAI HIBRID,F.A.Q,Kilogram,14,13.581667,
30961759,2026-09-16,2026-09-16 10:15:41.657968,PAHANG,KUANTAN,PASAR BORONG KEMUNTING,Borong,20,Sayur-Sayuran,02,002,CILI MERAH KULAI / KULAI HIBRID,F.A.Q,Kilogram,14.5,13.581667,
30961760,2026-09-16,2026-09-16 10:15:41.657968,PAHANG,KUANTAN,PASAR BORONG KEMUNTING,Borong,20,Sayur-Sayuran,02,002,CILI MERAH KULAI / KULAI HIBRID,F.A.Q,Kilogram,14,13.581667,
30961761,2026-09-16,2026-09-16 10:15:41.657968,PAHANG,KUANTAN,PASAR BORONG KEMUNTING,Borong,20,Sayur-Sayuran,02,002,CILI MERAH KULAI / KULAI HIBRID,F.A.Q,Kilogram,14,13.581667,
30961762,2026-09-16,2026-09-16 10:15:41.657968,PAHANG,KUANTAN,PASAR BORONG KEMUNTING,Borong,20,Sayur-Sayuran,02,002,CILI MERAH MINYAK,F.A.Q,Kilogram,10.5,11.526667,
30961763,2026-09-16,2026-09-16 10:15:41.657968,PAHANG,KUANTAN,PASAR BORONG KEMUNTING,Borong,20,Sayur-Sayuran,02,002,CILI MERAH MINYAK,F.A.Q,Kilogram,10.5,11.526667,
30961764,2026-09-16,2026-09-16 10:15:41.657968,PAHANG,KUANTAN,PASAR BORONG KEMUNTING,Borong,20,Sayur-Sayuran,02,002,CILI MERAH MINYAK,F.A.Q,Kilogram,10.3,11.526667,
30961765,2026-09-16,2026-09-16 10:15:41.657968,PAHANG,KUANTAN,PASAR BORONG KEMUNTING,Borong,20,Sayur-Sayuran,02,002,CILI MERAH MINYAK,F.A.Q,Kilogram,10.3,11.526667,
30961766,2026-09-16,2026-09-16 10:15:41.657968,PAHANG,KUANTAN,PASAR BORONG KEMUNTING,Borong,20,Sayur-Sayuran,04,002,KACANG BENDI,F.A.Q,Kilogram,5,5.2633333,
30961767,2026-09-16,2026-09-16 10:15:41.657968,PAHANG,KUANTAN,PASAR BORONG KEMUNTING,Borong,20,Sayur-Sayuran,04,002,KACANG BENDI,F.A.Q,Kilogram,5,5.2633333,
30961768,2026-09-16,2026-09-16 10:15:41.657968,PAHANG,KUANTAN,PASAR BORONG KEMUNTING,Borong,20,Sayur-Sayuran,04,002,KACANG BENDI,F.A.Q,Kilogram,5,5.2633333,
30961769,2026-09-16,2026-09-16 10:15:41.657968,PAHANG,KUANTAN,PASAR BORONG KEMUNTING,Borong,20,Sayur-Sayuran,04,002,KACANG BENDI,F.A.Q,Kilogram,5,5.2633333,
30961770,2026-09-16,2026-09-16 10:15:41.657968,PAHANG,KUANTAN,PASAR BORONG KEMUNTING,Borong,20,Sayur-Sayuran,04,007,KACANG PANJANG HIJAU,F.A.Q,Kilogram,4.8,5.4866667,
30961771,2026-09-16,2026-09-16 10:15:41.657968,PAHANG,KUANTAN,PASAR BORONG KEMUNTING,Borong,20,Sayur-Sayuran,04,007,KACANG PANJANG HIJAU,F.A.Q,Kilogram,4.8,5.4866667,
30961772,2026-09-16,2026-09-16 10:15:41.657968,PAHANG,KUANTAN,PASAR BORONG KEMUNTING,Borong,20,Sayur-Sayuran,04,007,KACANG PANJANG HIJAU,F.A.Q,Kilogram,5,5.4866667,
30961773,2026-09-16,2026-09-16 10:15:41.657968,PAHANG,KUANTAN,PASAR BORONG KEMUNTING,Borong,20,Sayur-Sayuran,04,007,KACANG PANJANG HIJAU,F.A.Q,Kilogram,5,5.4866667,
30961774,2026-09-16,2026-09-16 10:15:41.657968,PAHANG,KUANTAN,PASAR BORONG KEMUNTING,Borong,20,Sayur-Sayuran,03,006,KUBIS BULAT (TANAH TINGGI),F.A.Q,Kilogram,4,4,
30961775,2026-09-16,2026-09-16 10:15:41.657968,PAHANG,KUANTAN,PASAR BORONG KEMUNTING,Borong,20,Sayur-Sayuran,03,007,SAWI HIJAU,F.A.Q,Kilogram,4,3.9766667,
30961776,2026-09-16,2026-09-16 10:15:41.657968,PAHANG,KUANTAN,PASAR BORONG KEMUNTING,Borong,20,Sayur-Sayuran,03,007,SAWI HIJAU,F.A.Q,Kilogram,4,3.9766667,
30961777,2026-09-16,2026-09-16 10:15:41.657968,PAHANG,KUANTAN,PASAR BORONG KEMUNTING,Borong,20,Sayur-Sayuran,03,007,SAWI HIJAU,F.A.Q,Kilogram,4,3.9766667,
30961778,2026-09-16,2026-09-16 10:15:41.657968,PAHANG,KUANTAN,PASAR BORONG KEMUNTING,Borong,20,Sayur-Sayuran,03,007,SAWI HIJAU,F.A.Q,Kilogram,4,3.9766667,
30961779,2026-09-16,2026-09-16 10:15:41.657968,PAHANG,KUANTAN,PASAR BORONG KEMUNTING,Borong,20,Sayur-Sayuran,02,010,TERUNG PANJANG / PEPARU (TANAH RENDAH),F.A.Q,Kilogram,8.5,8.395,
30961780,2026-09-16,2026-09-16 10:15:41.657968,PAHANG,KUANTAN,PASAR BORONG KEMUNTING,Borong,20,Sayur-Sayuran,02,010,TERUNG PANJANG / PEPARU (TANAH RENDAH),F.A.Q,Kilogram,8,8.395,
30961781,2026-09-16,2026-09-16 10:15:41.657968,PAHANG,KUANTAN,PASAR BORONG KEMUNTING,Borong,20,Sayur-Sayuran,02,010,TERUNG PANJANG / PEPARU (TANAH RENDAH),F.A.Q,Kilogram,8,8.395,
30961782,2026-09-16,2026-09-16 10:15:41.657968,PAHANG,KUANTAN,PASAR BORONG KEMUNTING,Borong,20,Sayur-Sayuran,02,010,TERUNG PANJANG / PEPARU (TANAH RENDAH),F.A.Q,Kilogram,8.5,8.395,
30961783,2026-09-16,2026-09-16 10:15:41.657968,PAHANG,KUANTAN,PASAR BORONG KEMUNTING,Borong,20,Sayur-Sayuran,02,011,TIMUN HIJAU,F.A.Q,Kilogram,2.5,2.595,
30961784,2026-09-16,2026-09-16 10:15:41.657968,PAHANG,KUANTAN,PASAR BORONG KEMUNTING,Borong,20,Sayur-Sayuran,02,011,TIMUN HIJAU,F.A.Q,Kilogram,2.6,2.595,
30961785,2026-09-16,2026-09-16 10:15:41.657968,PAHANG,KUANTAN,PASAR BORONG KEMUNTING,Borong,20,Sayur-Sayuran,02,011,TIMUN HIJAU,F.A.Q,Kilogram,2.5,2.595,
30961786,2026-09-16,2026-09-16 10:15:41.657968,PAHANG,KUANTAN,PASAR BORONG KEMUNTING,Borong,20,Sayur-Sayuran,02,011,TIMUN HIJAU,F.A.Q,Kilogram,2.6,2.595,
30961787,2026-09-16,2026-09-16 10:15:41.657968,PAHANG,KUANTAN,PASAR BORONG KEMUNTING,Borong,20,Sayur-Sayuran,02,012,TOMATO (TANAH TINGGI),F.A.Q,Kilogram,5.5,9.165,
30961788,2026-09-16,2026-09-16 10:15:41.657968,PAHANG,KUANTAN,PASAR BORONG KEMUNTING,Borong,20,Sayur-Sayuran,02,012,TOMATO (TANAH TINGGI),F.A.Q,Kilogram,6,9.165,
30961789,2026-09-16,2026-09-16 10:15:41.657968,PAHANG,KUANTAN,PASAR BORONG KEMUNTING,Borong,20,Sayur-Sayuran,02,012,TOMATO (TANAH TINGGI),F.A.Q,Kilogram,6.5,9.165,
30961790,2026-09-16,2026-09-16 10:15:41.657968,PAHANG,KUANTAN,PASAR BORONG KEMUNTING,Borong,20,Sayur-Sayuran,02,012,TOMATO (TANAH TINGGI),F.A.Q,Kilogram,6,9.165,
30961791,2026-09-16,2026-09-16 10:16:00.030141,PERAK,KINTA,[PASAR BORONG] JALAN LAXAMANA,Borong,20,Tanaman Kontan,05,001,KELAPA DIKUPAS,SEDANG,Biji,2.05,2.0041666,
30961792,2026-09-16,2026-09-16 10:16:14.456201,KELANTAN,KOTA BHARU,PASAR BESAR SITI KHADIJAH,Runcit,26,Tanaman Kontan,05,001,KELAPA DIKUPAS,SEDANG,Biji,2,2,
30961793,2026-09-16,2026-09-16 10:16:14.456201,KELANTAN,KOTA BHARU,PASAR BESAR SITI KHADIJAH,Runcit,26,Tanaman Kontan,05,001,KELAPA DIKUPAS,SEDANG,Biji,2,2,
30961794,2026-09-16,2026-09-16 10:16:31.144733,PAHANG,KUANTAN,LADANG/KEBUN KAMPUNG SUNGAI SOI,Ladang,,Sayur-Sayuran,04,002,KACANG BENDI,F.A.Q,Kilogram,3,3.5125,
30961795,2026-09-16,2026-09-16 10:16:31.144733,PAHANG,KUANTAN,LADANG/KEBUN KAMPUNG SUNGAI SOI,Ladang,,Sayur-Sayuran,04,007,KACANG PANJANG HIJAU,F.A.Q,Kilogram,3,3.6516666,
30961796,2026-09-16,2026-09-16 10:16:31.144733,PAHANG,KUANTAN,LADANG/KEBUN KAMPUNG SUNGAI SOI,Ladang,,Sayur-Sayuran,02,010,TERUNG PANJANG / PEPARU (TANAH RENDAH),F.A.Q,Kilogram,6,6.41,
30961797,2026-09-16,2026-09-16 10:16:31.144733,PAHANG,KUANTAN,LADANG/KEBUN KAMPUNG SUNGAI SOI,Ladang,,Sayur-Sayuran,02,011,TIMUN HIJAU,F.A.Q,Kilogram,1.2,1.4883333,
30961798,2026-09-16,2026-09-16 10:17:45.129496,KELANTAN,KOTA BHARU,PASAR BORONG RTC KOTA BHARU,Borong,20,Buah-Buahan,02,023,NANAS JOSAPINE (AC5),F.A.Q,Kilogram,3,3,
30961799,2026-09-16,2026-09-16 10:17:45.129496,KELANTAN,KOTA BHARU,PASAR BORONG RTC KOTA BHARU,Borong,20,Buah-Buahan,02,023,NANAS JOSAPINE (AC5),F.A.Q,Kilogram,3,3,
30961800,2026-09-16,2026-09-16 10:17:45.129496,KELANTAN,KOTA BHARU,PASAR BORONG RTC KOTA BHARU,Borong,20,Buah-Buahan,02,023,NANAS JOSAPINE (AC5),F.A.Q,Kilogram,3,3,
30961801,2026-09-16,2026-09-16 10:17:55.256993,PAHANG,KUANTAN,LADANG/KEBUN KAMPUNG SUNGAI SOI,Ladang,,Sayur-Sayuran,03,001,BAYAM,F.A.Q,Kilogram,2,2.2520833,
30961802,2026-09-16,2026-09-16 10:17:55.256993,PAHANG,KUANTAN,LADANG/KEBUN KAMPUNG SUNGAI SOI,Ladang,,Sayur-Sayuran,02,002,CILI MERAH MINYAK,F.A.Q,Kilogram,8.5,9.2,
30961803,2026-09-16,2026-09-16 10:17:55.256993,PAHANG,KUANTAN,LADANG/KEBUN KAMPUNG SUNGAI SOI,Ladang,,Sayur-Sayuran,04,007,KACANG PANJANG HIJAU,F.A.Q,Kilogram,3,3.6516666,
30961804,2026-09-16,2026-09-16 10:17:55.256993,PAHANG,KUANTAN,LADANG/KEBUN KAMPUNG SUNGAI SOI,Ladang,,Sayur-Sayuran,03,007,SAWI HIJAU,F.A.Q,Kilogram,2.5,2.4416666,
30961805,2026-09-16,2026-09-16 10:17:55.256993,PAHANG,KUANTAN,LADANG/KEBUN KAMPUNG SUNGAI SOI,Ladang,,Sayur-Sayuran,02,010,TERUNG PANJANG / PEPARU (TANAH RENDAH),F.A.Q,Kilogram,6.3,6.41,
30961806,2026-09-16,2026-09-16 10:17:55.256993,PAHANG,KUANTAN,LADANG/KEBUN KAMPUNG SUNGAI SOI,Ladang,,Sayur-Sayuran,02,011,TIMUN HIJAU,F.A.Q,Kilogram,1.2,1.4883333,
30961807,2026-09-16,2026-09-16 10:18:02.815332,PERAK,KINTA,PASAR BESAR IPOH,Runcit,26,Lain-Lain Makanan Proses,15,001,SANTAN PEKAT,F.A.Q,Kilogram,15,15,
30961808,2026-09-16,2026-09-16 10:18:21.61489,PERAK,KINTA,PASAR BESAR IPOH,Runcit,26,Tanaman Kontan,05,001,KELAPA DIKUPAS,SEDANG,Biji,3,3,
30961809,2026-09-16,2026-09-16 10:18:43.664118,KELANTAN,KOTA BHARU,PASAR BESAR SITI KHADIJAH,Runcit,26,Buah-Buahan,02,023,NANAS JOSAPINE (AC5),F.A.Q,Kilogram,4,4,
30961810,2026-09-16,2026-09-16 10:18:43.664118,KELANTAN,KOTA BHARU,PASAR BESAR SITI KHADIJAH,Runcit,26,Buah-Buahan,02,023,NANAS JOSAPINE (AC5),F.A.Q,Kilogram,4,4,
30961811,2026-09-16,2026-09-16 10:18:43.664118,KELANTAN,KOTA BHARU,PASAR BESAR SITI KHADIJAH,Runcit,26,Buah-Buahan,02,023,NANAS JOSAPINE (AC5),F.A.Q,Kilogram,4,4,
30961812,2026-09-16,2026-09-16 10:18:45.716229,PAHANG,KUANTAN,LADANG/KEBUN JABOR,Ladang,,Sayur-Sayuran,03,001,BAYAM,F.A.Q,Kilogram,2,2.2520833,
30961813,2026-09-16,2026-09-16 10:18:45.716229,PAHANG,KUANTAN,LADANG/KEBUN JABOR,Ladang,,Sayur-Sayuran,02,002,CILI MERAH KULAI / KULAI HIBRID,F.A.Q,Kilogram,11,10.490909,
30961814,2026-09-16,2026-09-16 10:18:45.716229,PAHANG,KUANTAN,LADANG/KEBUN JABOR,Ladang,,Sayur-Sayuran,02,002,CILI MERAH MINYAK,F.A.Q,Kilogram,8.5,9.2,
30961815,2026-09-16,2026-09-16 10:18:45.716229,PAHANG,KUANTAN,LADANG/KEBUN JABOR,Ladang,,Sayur-Sayuran,04,002,KACANG BENDI,F.A.Q,Kilogram,3,3.5125,
30961816,2026-09-16,2026-09-16 10:18:45.716229,PAHANG,KUANTAN,LADANG/KEBUN JABOR,Ladang,,Sayur-Sayuran,04,007,KACANG PANJANG HIJAU,F.A.Q,Kilogram,3,3.6516666,
30961817,2026-09-16,2026-09-16 10:18:45.716229,PAHANG,KUANTAN,LADANG/KEBUN JABOR,Ladang,,Sayur-Sayuran,03,007,SAWI HIJAU,F.A.Q,Kilogram,2.4,2.4416666,
30961818,2026-09-16,2026-09-16 10:18:45.716229,PAHANG,KUANTAN,LADANG/KEBUN JABOR,Ladang,,Sayur-Sayuran,02,010,TERUNG PANJANG / PEPARU (TANAH RENDAH),F.A.Q,Kilogram,6,6.41,
30961819,2026-09-16,2026-09-16 10:18:45.716229,PAHANG,KUANTAN,LADANG/KEBUN JABOR,Ladang,,Sayur-Sayuran,02,011,TIMUN HIJAU,F.A.Q,Kilogram,1.3,1.4883333,
30961820,2026-09-16,2026-09-16 10:19:27.391449,PERAK,KINTA,LADANG/KEBUN IPOH,Ladang,,Tanaman Kontan,05,001,KELAPA DIKUPAS,SEDANG,Biji,1.4,1.4916667,
30961821,2026-09-16,2026-09-16 10:20:02.329694,PAHANG,KUANTAN,LADANG/KEBUN GAMBANG,Ladang,,Sayur-Sayuran,03,001,BAYAM,F.A.Q,Kilogram,2.1,2.2520833,
30961822,2026-09-16,2026-09-16 10:20:02.329694,PAHANG,KUANTAN,LADANG/KEBUN GAMBANG,Ladang,,Sayur-Sayuran,02,002,CILI MERAH MINYAK,F.A.Q,Kilogram,8,9.2,
30961823,2026-09-16,2026-09-16 10:20:02.329694,PAHANG,KUANTAN,LADANG/KEBUN GAMBANG,Ladang,,Sayur-Sayuran,04,002,KACANG BENDI,F.A.Q,Kilogram,3.2,3.5125,
30961824,2026-09-16,2026-09-16 10:20:02.329694,PAHANG,KUANTAN,LADANG/KEBUN GAMBANG,Ladang,,Sayur-Sayuran,04,007,KACANG PANJANG HIJAU,F.A.Q,Kilogram,3,3.6516666,
30961825,2026-09-16,2026-09-16 10:20:02.329694,PAHANG,KUANTAN,LADANG/KEBUN GAMBANG,Ladang,,Sayur-Sayuran,03,007,SAWI HIJAU,F.A.Q,Kilogram,2.4,2.4416666,
30961826,2026-09-16,2026-09-16 10:20:02.329694,PAHANG,KUANTAN,LADANG/KEBUN GAMBANG,Ladang,,Sayur-Sayuran,02,010,TERUNG PANJANG / PEPARU (TANAH RENDAH),F.A.Q,Kilogram,6.3,6.41,
30961827,2026-09-16,2026-09-16 10:20:02.329694,PAHANG,KUANTAN,LADANG/KEBUN GAMBANG,Ladang,,Sayur-Sayuran,02,011,TIMUN HIJAU,F.A.Q,Kilogram,1.3,1.4883333,
30961828,2026-09-16,2026-09-16 10:20:07.735443,PERAK,KINTA,PASAR BORONG KUALA PARI,Borong,20,Ternakan,03,002,AYAM PROSES STANDARD,F.A.Q,Kilogram,9,8.966666,
30961829,2026-09-16,2026-09-16 10:20:24.885986,PULAU PINANG,SEBERANG PERAI TENGAH,PASAR BORONG BUKIT MERTAJAM,Borong,20,Sayur-Sayuran,03,021,DAUN KETUMBAR (IMPORT),F.A.Q,Kilogram,12.5,18.5,
30961830,2026-09-16,2026-09-16 10:20:24.885986,PULAU PINANG,SEBERANG PERAI TENGAH,PASAR BORONG BUKIT MERTAJAM,Borong,20,Sayur-Sayuran,03,005,KUBIS PANJANG / CINA,F.A.Q,Kilogram,3.3,4.03,
30961831,2026-09-16,2026-09-16 10:20:24.885986,PULAU PINANG,SEBERANG PERAI TENGAH,PASAR BORONG BUKIT MERTAJAM,Borong,20,Sayur-Sayuran,02,005,KUNDUR BULAT,F.A.Q,Kilogram,1.8,1.8,
30961832,2026-09-16,2026-09-16 10:20:24.885986,PULAU PINANG,SEBERANG PERAI TENGAH,PASAR BORONG BUKIT MERTAJAM,Borong,20,Sayur-Sayuran,05,004,KUNYIT,F.A.Q,Kilogram,7,7,
30961833,2026-09-16,2026-09-16 10:20:24.885986,PULAU PINANG,SEBERANG PERAI TENGAH,PASAR BORONG BUKIT MERTAJAM,Borong,20,Sayur-Sayuran,02,006,LABU AIR,F.A.Q,Kilogram,1.6,2.72,
30961834,2026-09-16,2026-09-16 10:20:24.885986,PULAU PINANG,SEBERANG PERAI TENGAH,PASAR BORONG BUKIT MERTAJAM,Borong,20,Sayur-Sayuran,02,006,LABU MANIS,F.A.Q,Kilogram,3,3,
30961835,2026-09-16,2026-09-16 10:20:24.885986,PULAU PINANG,SEBERANG PERAI TENGAH,PASAR BORONG BUKIT MERTAJAM,Borong,20,Sayur-Sayuran,02,003,LADA BENGGALA / CAPSICUM HIJAU,F.A.Q,Kilogram,6,9.67,
30961836,2026-09-16,2026-09-16 10:20:24.885986,PULAU PINANG,SEBERANG PERAI TENGAH,PASAR BORONG BUKIT MERTAJAM,Borong,20,Sayur-Sayuran,02,003,LADA BENGGALA / CAPSICUM HIJAU,F.A.Q,Kilogram,4,9.67,
30961837,2026-09-16,2026-09-16 10:20:24.885986,PULAU PINANG,SEBERANG PERAI TENGAH,PASAR BORONG BUKIT MERTAJAM,Borong,20,Sayur-Sayuran,02,003,LADA BENGGALA / CAPSICUM KUNING,F.A.Q,Kilogram,8,11.24,
30961838,2026-09-16,2026-09-16 10:20:24.885986,PULAU PINANG,SEBERANG PERAI TENGAH,PASAR BORONG BUKIT MERTAJAM,Borong,20,Sayur-Sayuran,02,003,LADA BENGGALA / CAPSICUM KUNING,F.A.Q,Kilogram,6,11.24,
30961839,2026-09-16,2026-09-16 10:20:24.885986,PULAU PINANG,SEBERANG PERAI TENGAH,PASAR BORONG BUKIT MERTAJAM,Borong,20,Sayur-Sayuran,02,003,LADA BENGGALA / CAPSICUM MERAH,F.A.Q,Kilogram,8,11.4,
30961840,2026-09-16,2026-09-16 10:20:24.885986,PULAU PINANG,SEBERANG PERAI TENGAH,PASAR BORONG BUKIT MERTAJAM,Borong,20,Sayur-Sayuran,02,003,LADA BENGGALA / CAPSICUM MERAH,F.A.Q,Kilogram,6,11.4,
30961841,2026-09-16,2026-09-16 10:20:24.885986,PULAU PINANG,SEBERANG PERAI TENGAH,PASAR BORONG BUKIT MERTAJAM,Borong,20,Sayur-Sayuran,05,005,LENGKUAS,F.A.Q,Kilogram,7,7,
30961842,2026-09-16,2026-09-16 10:20:24.885986,PULAU PINANG,SEBERANG PERAI TENGAH,PASAR BORONG BUKIT MERTAJAM,Borong,20,Sayur-Sayuran,02,007,LIMAU KASTURI,F.A.Q,Kilogram,5,8.43,
30961843,2026-09-16,2026-09-16 10:20:24.885986,PULAU PINANG,SEBERANG PERAI TENGAH,PASAR BORONG BUKIT MERTAJAM,Borong,20,Sayur-Sayuran,02,007,LIMAU KASTURI,F.A.Q,Kilogram,2.5,8.43,
30961844,2026-09-16,2026-09-16 10:20:24.885986,PULAU PINANG,SEBERANG PERAI TENGAH,PASAR BORONG BUKIT MERTAJAM,Borong,20,Sayur-Sayuran,02,007,LIMAU NIPIS,F.A.Q,Kilogram,3.5,7.71,
30961845,2026-09-16,2026-09-16 10:20:24.885986,PULAU PINANG,SEBERANG PERAI TENGAH,PASAR BORONG BUKIT MERTAJAM,Borong,20,Sayur-Sayuran,05,006,LOBAK MERAH (CHINA),F.A.Q,Kilogram,2.11,2.83,
30961846,2026-09-16,2026-09-16 10:20:24.885986,PULAU PINANG,SEBERANG PERAI TENGAH,PASAR BORONG BUKIT MERTAJAM,Borong,20,Sayur-Sayuran,05,006,LOBAK PUTIH TANAH TINGGI,F.A.Q,Kilogram,4,4.92,
30961847,2026-09-16,2026-09-16 10:20:24.885986,PULAU PINANG,SEBERANG PERAI TENGAH,PASAR BORONG BUKIT MERTAJAM,Borong,20,Sayur-Sayuran,05,006,LOBAK PUTIH TANAH TINGGI,F.A.Q,Kilogram,2,4.92,
30961848,2026-09-16,2026-09-16 10:20:24.885986,PULAU PINANG,SEBERANG PERAI TENGAH,PASAR BORONG BUKIT MERTAJAM,Borong,20,Sayur-Sayuran,07,002,PEGAGA,F.A.Q,Kilogram,16,9.56,
30961849,2026-09-16,2026-09-16 10:20:24.885986,PULAU PINANG,SEBERANG PERAI TENGAH,PASAR BORONG BUKIT MERTAJAM,Borong,20,Sayur-Sayuran,02,009,PERIA,F.A.Q,Kilogram,1.8,5.8,
30961850,2026-09-16,2026-09-16 10:20:24.885986,PULAU PINANG,SEBERANG PERAI TENGAH,PASAR BORONG BUKIT MERTAJAM,Borong,20,Sayur-Sayuran,02,009,PERIA KATAK,F.A.Q,Kilogram,3.6,5.62,
30961851,2026-09-16,2026-09-16 10:20:24.885986,PULAU PINANG,SEBERANG PERAI TENGAH,PASAR BORONG BUKIT MERTAJAM,Borong,20,Sayur-Sayuran,07,003,PETAI,F.A.Q,RM/5 Keping,6,5,
30961852,2026-09-16,2026-09-16 10:20:24.885986,PULAU PINANG,SEBERANG PERAI TENGAH,PASAR BORONG BUKIT MERTAJAM,Borong,20,Sayur-Sayuran,07,002,PUCUK GAJUS,F.A.Q,Kilogram,15,15,
30961853,2026-09-16,2026-09-16 10:20:24.885986,PULAU PINANG,SEBERANG PERAI TENGAH,PASAR BORONG BUKIT MERTAJAM,Borong,20,Sayur-Sayuran,03,026,PUCUK PAKU,F.A.Q,Kilogram,5,1025,
30961854,2026-09-16,2026-09-16 10:20:24.885986,PULAU PINANG,SEBERANG PERAI TENGAH,PASAR BORONG BUKIT MERTAJAM,Borong,20,Sayur-Sayuran,03,027,SALAD,F.A.Q,Kilogram,4,6.15,
30961855,2026-09-16,2026-09-16 10:20:24.885986,PULAU PINANG,SEBERANG PERAI TENGAH,PASAR BORONG BUKIT MERTAJAM,Borong,20,Sayur-Sayuran,03,027,SALAD BULAT TANAH TINGGI,F.A.Q,Kilogram,4.2,6.5,
30961856,2026-09-16,2026-09-16 10:20:24.885986,PULAU PINANG,SEBERANG PERAI TENGAH,PASAR BORONG BUKIT MERTAJAM,Borong,20,Sayur-Sayuran,03,007,SAWI BUNGA,F.A.Q,Kilogram,7,7,
30961857,2026-09-16,2026-09-16 10:20:24.885986,PULAU PINANG,SEBERANG PERAI TENGAH,PASAR BORONG BUKIT MERTAJAM,Borong,20,Sayur-Sayuran,03,007,SAWI JEPUN,F.A.Q,Kilogram,3.5,6.26,
30961858,2026-09-16,2026-09-16 10:20:24.885986,PULAU PINANG,SEBERANG PERAI TENGAH,PASAR BORONG BUKIT MERTAJAM,Borong,20,Sayur-Sayuran,03,007,SAWI PAHIT,F.A.Q,Kilogram,3.5,5,
30961859,2026-09-16,2026-09-16 10:20:24.885986,PULAU PINANG,SEBERANG PERAI TENGAH,PASAR BORONG BUKIT MERTAJAM,Borong,20,Sayur-Sayuran,03,007,SAWI PUTIH PAK CHOY,F.A.Q,Kilogram,3.5,5.49,
30961860,2026-09-16,2026-09-16 10:20:24.885986,PULAU PINANG,SEBERANG PERAI TENGAH,PASAR BORONG BUKIT MERTAJAM,Borong,20,Sayur-Sayuran,07,004,SELASIH,F.A.Q,Kilogram,10,10,
30961861,2026-09-16,2026-09-16 10:20:24.885986,PULAU PINANG,SEBERANG PERAI TENGAH,PASAR BORONG BUKIT MERTAJAM,Borong,20,Sayur-Sayuran,05,007,SENGKUANG,F.A.Q,Kilogram,3.3,3.3,
30961862,2026-09-16,2026-09-16 10:20:24.885986,PULAU PINANG,SEBERANG PERAI TENGAH,PASAR BORONG BUKIT MERTAJAM,Borong,20,Sayur-Sayuran,05,008,SERAI,F.A.Q,Kilogram,3,3.5,
30961863,2026-09-16,2026-09-16 10:20:24.885986,PULAU PINANG,SEBERANG PERAI TENGAH,PASAR BORONG BUKIT MERTAJAM,Borong,20,Sayur-Sayuran,03,002,TAUGE,F.A.Q,Kilogram,3.5,2.49,
30961864,2026-09-16,2026-09-16 10:20:24.885986,PULAU PINANG,SEBERANG PERAI TENGAH,PASAR BORONG BUKIT MERTAJAM,Borong,20,Sayur-Sayuran,07,002,TENGGEK BURUNG,F.A.Q,Kilogram,14,10,
30961865,2026-09-16,2026-09-16 10:20:24.885986,PULAU PINANG,SEBERANG PERAI TENGAH,PASAR BORONG BUKIT MERTAJAM,Borong,20,Sayur-Sayuran,02,010,TERUNG BULAT,F.A.Q,Kilogram,4,6.3,
30961866,2026-09-16,2026-09-16 10:20:24.885986,PULAU PINANG,SEBERANG PERAI TENGAH,PASAR BORONG BUKIT MERTAJAM,Borong,20,Sayur-Sayuran,02,010,TERUNG PIPIT,F.A.Q,Kilogram,4,10,
30961867,2026-09-16,2026-09-16 10:20:24.885986,PULAU PINANG,SEBERANG PERAI TENGAH,PASAR BORONG BUKIT MERTAJAM,Borong,20,Sayur-Sayuran,02,010,TERUNG TELUNJUK,F.A.Q,Kilogram,4,8,
30961868,2026-09-16,2026-09-16 10:20:24.885986,PULAU PINANG,SEBERANG PERAI TENGAH,PASAR BORONG BUKIT MERTAJAM,Borong,20,Sayur-Sayuran,02,011,TIMUN JEPUN,F.A.Q,Kilogram,4.7,4,
30961869,2026-09-16,2026-09-16 10:20:24.885986,PULAU PINANG,SEBERANG PERAI TENGAH,PASAR BORONG BUKIT MERTAJAM,Borong,20,Sayur-Sayuran,02,011,TIMUN JEPUN,F.A.Q,Kilogram,3.3,4,
30961870,2026-09-16,2026-09-16 10:20:24.885986,PULAU PINANG,SEBERANG PERAI TENGAH,PASAR BORONG BUKIT MERTAJAM,Borong,20,Sayur-Sayuran,07,002,ULAM RAJA,F.A.Q,Kilogram,8,10,
30961871,2026-09-16,2026-09-16 10:20:55.941353,PAHANG,KUANTAN,[PROJEK] TKPM PULAU MANIS,Ladang,,Sayur-Sayuran,03,001,BAYAM,F.A.Q,Kilogram,2,2.2520833,
30961872,2026-09-16,2026-09-16 10:20:55.941353,PAHANG,KUANTAN,[PROJEK] TKPM PULAU MANIS,Ladang,,Sayur-Sayuran,02,002,CILI MERAH MINYAK,F.A.Q,Kilogram,8,9.2,
30961873,2026-09-16,2026-09-16 10:20:55.941353,PAHANG,KUANTAN,[PROJEK] TKPM PULAU MANIS,Ladang,,Sayur-Sayuran,04,002,KACANG BENDI,F.A.Q,Kilogram,3,3.5125,
30961874,2026-09-16,2026-09-16 10:20:55.941353,PAHANG,KUANTAN,[PROJEK] TKPM PULAU MANIS,Ladang,,Sayur-Sayuran,04,007,KACANG PANJANG HIJAU,F.A.Q,Kilogram,3,3.6516666,
30961875,2026-09-16,2026-09-16 10:20:55.941353,PAHANG,KUANTAN,[PROJEK] TKPM PULAU MANIS,Ladang,,Sayur-Sayuran,03,007,SAWI HIJAU,F.A.Q,Kilogram,2.4,2.4416666,
30961876,2026-09-16,2026-09-16 10:20:55.941353,PAHANG,KUANTAN,[PROJEK] TKPM PULAU MANIS,Ladang,,Sayur-Sayuran,02,010,TERUNG PANJANG / PEPARU (TANAH RENDAH),F.A.Q,Kilogram,6.2,6.41,
30961877,2026-09-16,2026-09-16 10:20:55.941353,PAHANG,KUANTAN,[PROJEK] TKPM PULAU MANIS,Ladang,,Sayur-Sayuran,02,011,TIMUN HIJAU,F.A.Q,Kilogram,1.2,1.4883333,
30961878,2026-09-16,2026-09-16 10:20:56.005836,PERAK,KINTA,PASAR BESAR IPOH,Runcit,26,Ternakan,03,002,AYAM PROSES STANDARD,F.A.Q,Kilogram,11,11,
30961879,2026-09-16,2026-09-16 10:20:56.005836,PERAK,KINTA,PASAR BESAR IPOH,Runcit,26,Ternakan,02,003,DAGING LEMBU PEJAL,F.A.Q,Kilogram,38,38,
30961880,2026-09-16,2026-09-16 10:21:28.430886,PERAK,KINTA,LADANG/KEBUN IPOH,Ladang,,Ternakan,01,003,AYAM HIDUP,F.A.Q,Kilogram,6.5,6.35,
30961881,2026-09-16,2026-09-16 10:22:04.873093,PERAK,KINTA,[PASAR BORONG] JALAN LAXAMANA,Borong,20,Ternakan,02,003,DAGING LEMBU PEJAL,F.A.Q,Kilogram,30,29,
30961882,2026-09-16,2026-09-16 10:22:04.873093,PERAK,KINTA,[PASAR BORONG] JALAN LAXAMANA,Borong,20,Ternakan,02,003,DAGING LEMBU PEJAL,F.A.Q,Kilogram,28,29,
30961883,2026-09-16,2026-09-16 10:22:20.197709,TERENGGANU,KUALA TERENGGANU,PASAR BESAR KEDAI PAYANG,Runcit,,Sayur-Sayuran,02,014,BELIMBING BULUH,F.A.Q,Kilogram,9,8.3,
30961884,2026-09-16,2026-09-16 10:22:20.262953,TERENGGANU,KUALA TERENGGANU,PASAR BESAR KEDAI PAYANG,Runcit,,Sayur-Sayuran,03,035,BUNGA KANTAN,F.A.Q,Tangkai,2.5,1,
30961885,2026-09-16,2026-09-16 10:22:20.326328,TERENGGANU,KUALA TERENGGANU,PASAR BESAR KEDAI PAYANG,Runcit,,Sayur-Sayuran,03,035,BUNGA KANTAN (IMPORT),F.A.Q,Tangkai,3,1,
30961886,2026-09-16,2026-09-16 10:22:20.393722,TERENGGANU,KUALA TERENGGANU,PASAR BESAR KEDAI PAYANG,Runcit,,Sayur-Sayuran,06,001,CENDAWAN TIRAM KELABU,F.A.Q,Kilogram,14,14.58,
30961887,2026-09-16,2026-09-16 10:22:20.453448,TERENGGANU,KUALA TERENGGANU,PASAR BESAR KEDAI PAYANG,Runcit,,Sayur-Sayuran,03,011,DAUN KESUM,F.A.Q,Kilogram,13,8.09,
30961888,2026-09-16,2026-09-16 10:22:20.505438,TERENGGANU,KUALA TERENGGANU,PASAR BESAR KEDAI PAYANG,Runcit,,Sayur-Sayuran,03,021,DAUN KETUMBAR (IMPORT),F.A.Q,Kilogram,22,18,
30961889,2026-09-16,2026-09-16 10:22:20.565501,TERENGGANU,KUALA TERENGGANU,PASAR BESAR KEDAI PAYANG,Runcit,,Sayur-Sayuran,07,002,DAUN SELOM,F.A.Q,Kilogram,23,9.44,
30961890,2026-09-16,2026-09-16 10:22:20.626056,TERENGGANU,KUALA TERENGGANU,PASAR BESAR KEDAI PAYANG,Runcit,,Sayur-Sayuran,05,002,HALIA MUDA,F.A.Q,Kilogram,13,10.97,
30961891,2026-09-16,2026-09-16 10:22:20.685536,TERENGGANU,KUALA TERENGGANU,PASAR BESAR KEDAI PAYANG,Runcit,,Sayur-Sayuran,05,002,HALIA TUA,F.A.Q,Kilogram,18,8.11,
30961892,2026-09-16,2026-09-16 10:22:20.753646,TERENGGANU,KUALA TERENGGANU,PASAR BESAR KEDAI PAYANG,Runcit,,Sayur-Sayuran,05,002,HALIA TUA (IMPORT),F.A.Q,Kilogram,10,8.57,
30961893,2026-09-16,2026-09-16 10:22:20.81428,TERENGGANU,KUALA TERENGGANU,PASAR BESAR KEDAI PAYANG,Runcit,,Sayur-Sayuran,07,003,JERING,F.A.Q,Kilogram,12,8.59,
30961894,2026-09-16,2026-09-16 10:22:20.865561,TERENGGANU,KUALA TERENGGANU,PASAR BESAR KEDAI PAYANG,Runcit,,Sayur-Sayuran,04,005,KACANG BOTOR,F.A.Q,Kilogram,15,14.49,
30961895,2026-09-16,2026-09-16 10:22:20.91804,TERENGGANU,KUALA TERENGGANU,PASAR BESAR KEDAI PAYANG,Runcit,,Sayur-Sayuran,03,018,KAILAN,F.A.Q,Kilogram,7,8.75,
30961896,2026-09-16,2026-09-16 10:22:20.97808,TERENGGANU,KUALA TERENGGANU,PASAR BESAR KEDAI PAYANG,Runcit,,Sayur-Sayuran,05,003,KELADI,F.A.Q,Kilogram,15,9.65,
30961897,2026-09-16,2026-09-16 10:22:21.042275,TERENGGANU,KUALA TERENGGANU,PASAR BESAR KEDAI PAYANG,Runcit,,Sayur-Sayuran,02,004,KETOLA / PETOLA SEGI,F.A.Q,Kilogram,8,6,
30961898,2026-09-16,2026-09-16 10:22:21.093925,TERENGGANU,KUALA TERENGGANU,PASAR BESAR KEDAI PAYANG,Runcit,,Sayur-Sayuran,02,004,KETOLA / PETOLA SEGI (IMPORT),F.A.Q,Kilogram,7,5,
30961899,2026-09-16,2026-09-16 10:22:21.155715,TERENGGANU,KUALA TERENGGANU,PASAR BESAR KEDAI PAYANG,Runcit,,Sayur-Sayuran,05,004,KUNYIT,F.A.Q,Kilogram,8,8.45,
30961900,2026-09-16,2026-09-16 10:22:21.214694,TERENGGANU,KUALA TERENGGANU,PASAR BESAR KEDAI PAYANG,Runcit,,Sayur-Sayuran,02,006,LABU AIR,F.A.Q,Kilogram,6,4.9,
30961901,2026-09-16,2026-09-16 10:22:21.27484,TERENGGANU,KUALA TERENGGANU,PASAR BESAR KEDAI PAYANG,Runcit,,Sayur-Sayuran,02,006,LABU MANIS,F.A.Q,Kilogram,7,5.17,
30961902,2026-09-16,2026-09-16 10:22:21.325844,TERENGGANU,KUALA TERENGGANU,PASAR BESAR KEDAI PAYANG,Runcit,,Sayur-Sayuran,05,005,LENGKUAS,F.A.Q,Kilogram,8,7.19,
30961903,2026-09-16,2026-09-16 10:22:21.3859,TERENGGANU,KUALA TERENGGANU,PASAR BESAR KEDAI PAYANG,Runcit,,Sayur-Sayuran,02,007,LIMAU KASTURI,F.A.Q,Kilogram,8,11.02,
30961904,2026-09-16,2026-09-16 10:22:21.445724,TERENGGANU,KUALA TERENGGANU,PASAR BESAR KEDAI PAYANG,Runcit,,Sayur-Sayuran,02,007,LIMAU NIPIS,F.A.Q,Kilogram,8,10.08,
30961905,2026-09-16,2026-09-16 10:22:21.505625,TERENGGANU,KUALA TERENGGANU,PASAR BESAR KEDAI PAYANG,Runcit,,Sayur-Sayuran,05,006,LOBAK PUTIH TANAH TINGGI,F.A.Q,Kilogram,8,6.71,
30961906,2026-09-16,2026-09-16 10:22:21.565868,TERENGGANU,KUALA TERENGGANU,PASAR BESAR KEDAI PAYANG,Runcit,,Sayur-Sayuran,07,002,PEGAGA,F.A.Q,Kilogram,18,13.63,
30961907,2026-09-16,2026-09-16 10:22:21.626504,TERENGGANU,KUALA TERENGGANU,PASAR BESAR KEDAI PAYANG,Runcit,,Sayur-Sayuran,02,009,PERIA,F.A.Q,Kilogram,7,8.63,
30961908,2026-09-16,2026-09-16 10:22:21.693696,TERENGGANU,KUALA TERENGGANU,PASAR BESAR KEDAI PAYANG,Runcit,,Sayur-Sayuran,02,009,PERIA KATAK,F.A.Q,Kilogram,7,7.12,
30961909,2026-09-16,2026-09-16 10:22:21.76206,TERENGGANU,KUALA TERENGGANU,PASAR BESAR KEDAI PAYANG,Runcit,,Sayur-Sayuran,07,003,PETAI,F.A.Q,RM/5 Keping,18,8.05,
30961910,2026-09-16,2026-09-16 10:22:21.813729,TERENGGANU,KUALA TERENGGANU,PASAR BESAR KEDAI PAYANG,Runcit,,Sayur-Sayuran,01,002,REBUNG,F.A.Q,Kilogram,10,7.6,
30961911,2026-09-16,2026-09-16 10:22:21.881108,TERENGGANU,KUALA TERENGGANU,PASAR BESAR KEDAI PAYANG,Runcit,,Sayur-Sayuran,05,007,SENGKUANG,F.A.Q,Kilogram,8,5.37,
30961912,2026-09-16,2026-09-16 10:22:21.9462,TERENGGANU,KUALA TERENGGANU,PASAR BESAR KEDAI PAYANG,Runcit,,Sayur-Sayuran,05,008,SERAI,F.A.Q,Kilogram,10,6.63,
30961913,2026-09-16,2026-09-16 10:22:22.006774,TERENGGANU,KUALA TERENGGANU,PASAR BESAR KEDAI PAYANG,Runcit,,Sayur-Sayuran,03,002,TAUGE,F.A.Q,Kilogram,5,3.58,
30961914,2026-09-16,2026-09-16 10:22:22.065739,TERENGGANU,KUALA TERENGGANU,PASAR BESAR KEDAI PAYANG,Runcit,,Sayur-Sayuran,02,010,TERUNG BULAT,F.A.Q,Kilogram,6,9.82,
30961915,2026-09-16,2026-09-16 10:22:22.117799,TERENGGANU,KUALA TERENGGANU,PASAR BESAR KEDAI PAYANG,Runcit,,Sayur-Sayuran,02,010,TERUNG PEPARU MINI,F.A.Q,Kilogram,8,9.48,
30961916,2026-09-16,2026-09-16 10:23:35.679563,PERAK,KINTA,PASAR BORONG KUALA PARI,Borong,20,Sayur-Sayuran,05,001,BAWANG BESAR MERAH (INDIA),F.A.Q,Kilogram,2.8,2.5842106,
30961917,2026-09-16,2026-09-16 10:23:35.679563,PERAK,KINTA,PASAR BORONG KUALA PARI,Borong,20,Sayur-Sayuran,05,001,BAWANG BESAR MERAH (INDIA),F.A.Q,Kilogram,2.8,2.5842106,
30961918,2026-09-16,2026-09-16 10:23:35.679563,PERAK,KINTA,PASAR BORONG KUALA PARI,Borong,20,Sayur-Sayuran,05,001,BAWANG PUTIH (CHINA),F.A.Q,Kilogram,6.3,6.2083335,
30961919,2026-09-16,2026-09-16 10:23:35.679563,PERAK,KINTA,PASAR BORONG KUALA PARI,Borong,20,Sayur-Sayuran,05,001,BAWANG PUTIH (CHINA),F.A.Q,Kilogram,6,6.2083335,
30961920,2026-09-16,2026-09-16 10:24:25.773099,PERAK,KINTA,PASAR BESAR IPOH,Runcit,26,Sayur-Sayuran,05,001,BAWANG BESAR MERAH (INDIA),F.A.Q,Kilogram,4,4,
30961921,2026-09-16,2026-09-16 10:24:25.773099,PERAK,KINTA,PASAR BESAR IPOH,Runcit,26,Sayur-Sayuran,05,001,BAWANG PUTIH (CHINA),F.A.Q,Kilogram,10,10,
30961922,2026-09-16,2026-09-16 10:25:07.119364,PERAK,KINTA,,Borong,20,Ternakan,11,001,TELUR AYAM,B,Biji,0.48,0.48,
30961923,2026-09-16,2026-09-16 10:25:30.107055,PERAK,KINTA,PASAR BESAR IPOH,Runcit,26,Ternakan,11,001,TELUR AYAM,B,Biji,0.5,0.5,
30961924,2026-09-16,2026-09-16 10:26:09.97238,PERAK,KINTA,LADANG/KEBUN IPOH,Ladang,,Ternakan,11,001,TELUR AYAM,B,Biji,0.46,0.46,
30961925,2026-09-16,2026-09-16 10:27:11.499431,PERAK,KINTA,[PASAR BORONG] JALAN LAXAMANA,Borong,20,Buah-Buahan,02,023,NANAS JOSAPINE (AC5),F.A.Q,Kilogram,3,2.75,
30961926,2026-09-16,2026-09-16 10:27:11.499431,PERAK,KINTA,[PASAR BORONG] JALAN LAXAMANA,Borong,20,Buah-Buahan,02,023,NANAS JOSAPINE (AC5),F.A.Q,Kilogram,2.5,2.75,
30961927,2026-09-16,2026-09-16 10:27:11.499431,PERAK,KINTA,[PASAR BORONG] JALAN LAXAMANA,Borong,20,Buah-Buahan,02,028,PISANG BERANGAN,F.A.Q,Kilogram,4.5,4.25,
30961928,2026-09-16,2026-09-16 10:27:11.499431,PERAK,KINTA,[PASAR BORONG] JALAN LAXAMANA,Borong,20,Buah-Buahan,02,028,PISANG BERANGAN,F.A.Q,Kilogram,4,4.25,
30961929,2026-09-16,2026-09-16 10:27:11.499431,PERAK,KINTA,[PASAR BORONG] JALAN LAXAMANA,Borong,20,Buah-Buahan,02,034,TEMBIKAI MERAH TANPA BIJI,F.A.Q,Kilogram,2,2.3979166,
30961930,2026-09-16,2026-09-16 10:27:55.924077,PERAK,KINTA,PASAR BESAR IPOH,Runcit,26,Buah-Buahan,02,023,NANAS JOSAPINE (AC5),F.A.Q,Kilogram,4,3.65,
30961931,2026-09-16,2026-09-16 10:27:55.924077,PERAK,KINTA,PASAR BESAR IPOH,Runcit,26,Buah-Buahan,02,023,NANAS JOSAPINE (AC5),F.A.Q,Kilogram,3.5,3.65,
30961932,2026-09-16,2026-09-16 10:27:55.924077,PERAK,KINTA,PASAR BESAR IPOH,Runcit,26,Buah-Buahan,02,034,TEMBIKAI MERAH TANPA BIJI,F.A.Q,Kilogram,3.8,3.7708333,
30961933,2026-09-16,2026-09-16 10:27:55.924077,PERAK,KINTA,PASAR BESAR IPOH,Runcit,26,Buah-Buahan,02,034,TEMBIKAI MERAH TANPA BIJI,F.A.Q,Kilogram,3.5,3.7708333,
30961934,2026-09-16,2026-09-16 10:28:23.921943,PERAK,KINTA,PASAR BESAR IPOH,Runcit,26,Buah-Buahan,02,028,PISANG BERANGAN,F.A.Q,Kilogram,7.5,7.25,
30961935,2026-09-16,2026-09-16 10:28:23.921943,PERAK,KINTA,PASAR BESAR IPOH,Runcit,26,Buah-Buahan,02,028,PISANG BERANGAN,F.A.Q,Kilogram,7,7.25,
30961936,2026-09-16,2026-09-16 10:29:00.565457,PERAK,KINTA,LADANG/KEBUN IPOH,Ladang,,Buah-Buahan,02,028,PISANG BERANGAN,F.A.Q,Kilogram,2.5,2.425,
30961937,2026-09-16,2026-09-16 10:29:00.565457,PERAK,KINTA,LADANG/KEBUN IPOH,Ladang,,Buah-Buahan,02,028,PISANG BERANGAN,F.A.Q,Kilogram,2.35,2.425,
30961938,2026-09-16,2026-09-16 10:33:08.059818,NEGERI SEMBILAN,SEREMBAN,PASAR BESAR SEREMBAN - BAHAGIAN RUNCIT,Runcit,26,Sayur-Sayuran,03,001,BAYAM,F.A.Q,Kilogram,4,4.2566667,
30961939,2026-09-16,2026-09-16 10:33:08.059818,NEGERI SEMBILAN,SEREMBAN,PASAR BESAR SEREMBAN - BAHAGIAN RUNCIT,Runcit,26,Sayur-Sayuran,03,001,BAYAM,F.A.Q,Kilogram,4.5,4.2566667,
30961940,2026-09-16,2026-09-16 10:33:08.059818,NEGERI SEMBILAN,SEREMBAN,PASAR BESAR SEREMBAN - BAHAGIAN RUNCIT,Runcit,26,Sayur-Sayuran,03,001,BAYAM,F.A.Q,Kilogram,5,4.2566667,
30961941,2026-09-16,2026-09-16 10:33:08.059818,NEGERI SEMBILAN,SEREMBAN,PASAR BESAR SEREMBAN - BAHAGIAN RUNCIT,Runcit,26,Sayur-Sayuran,02,002,CILI MERAH KULAI / KULAI HIBRID,F.A.Q,Kilogram,17,18.38,
30961942,2026-09-16,2026-09-16 10:33:08.059818,NEGERI SEMBILAN,SEREMBAN,PASAR BESAR SEREMBAN - BAHAGIAN RUNCIT,Runcit,26,Sayur-Sayuran,02,002,CILI MERAH KULAI / KULAI HIBRID,F.A.Q,Kilogram,18,18.38,
30961943,2026-09-16,2026-09-16 10:33:08.059818,NEGERI SEMBILAN,SEREMBAN,PASAR BESAR SEREMBAN - BAHAGIAN RUNCIT,Runcit,26,Sayur-Sayuran,02,002,CILI MERAH KULAI / KULAI HIBRID,F.A.Q,Kilogram,20,18.38,
30961944,2026-09-16,2026-09-16 10:33:08.059818,NEGERI SEMBILAN,SEREMBAN,PASAR BESAR SEREMBAN - BAHAGIAN RUNCIT,Runcit,26,Sayur-Sayuran,02,002,CILI MERAH MINYAK,F.A.Q,Kilogram,13,13.75,
30961945,2026-09-16,2026-09-16 10:33:08.059818,NEGERI SEMBILAN,SEREMBAN,PASAR BESAR SEREMBAN - BAHAGIAN RUNCIT,Runcit,26,Sayur-Sayuran,02,002,CILI MERAH MINYAK,F.A.Q,Kilogram,13,13.75,
30961946,2026-09-16,2026-09-16 10:33:08.059818,NEGERI SEMBILAN,SEREMBAN,PASAR BESAR SEREMBAN - BAHAGIAN RUNCIT,Runcit,26,Sayur-Sayuran,02,002,CILI MERAH MINYAK,F.A.Q,Kilogram,14.5,13.75,
30961947,2026-09-16,2026-09-16 10:33:11.509356,NEGERI SEMBILAN,SEREMBAN,PASAR BESAR SEREMBAN - BAHAGIAN BORONG,Borong,20,Sayur-Sayuran,03,001,BAYAM,F.A.Q,Kilogram,3.3,3.2633333,
30961948,2026-09-16,2026-09-16 10:33:11.509356,NEGERI SEMBILAN,SEREMBAN,PASAR BESAR SEREMBAN - BAHAGIAN BORONG,Borong,20,Sayur-Sayuran,03,001,BAYAM,F.A.Q,Kilogram,3.8,3.2633333,
30961949,2026-09-16,2026-09-16 10:33:11.509356,NEGERI SEMBILAN,SEREMBAN,PASAR BESAR SEREMBAN - BAHAGIAN BORONG,Borong,20,Sayur-Sayuran,03,001,BAYAM,F.A.Q,Kilogram,3.6,3.2633333,
30961950,2026-09-16,2026-09-16 10:33:11.509356,NEGERI SEMBILAN,SEREMBAN,PASAR BESAR SEREMBAN - BAHAGIAN BORONG,Borong,20,Sayur-Sayuran,02,002,CILI MERAH KULAI / KULAI HIBRID,F.A.Q,Kilogram,14,14.573334,
30961951,2026-09-16,2026-09-16 10:33:11.509356,NEGERI SEMBILAN,SEREMBAN,PASAR BESAR SEREMBAN - BAHAGIAN BORONG,Borong,20,Sayur-Sayuran,02,002,CILI MERAH KULAI / KULAI HIBRID,F.A.Q,Kilogram,15.7,14.573334,
30961952,2026-09-16,2026-09-16 10:33:11.509356,NEGERI SEMBILAN,SEREMBAN,PASAR BESAR SEREMBAN - BAHAGIAN BORONG,Borong,20,Sayur-Sayuran,02,002,CILI MERAH KULAI / KULAI HIBRID,F.A.Q,Kilogram,14.5,14.573334,
30961953,2026-09-16,2026-09-16 10:33:11.509356,NEGERI SEMBILAN,SEREMBAN,PASAR BESAR SEREMBAN - BAHAGIAN BORONG,Borong,20,Sayur-Sayuran,02,002,CILI MERAH MINYAK,F.A.Q,Kilogram,10.6,11.76,
30961954,2026-09-16,2026-09-16 10:33:11.509356,NEGERI SEMBILAN,SEREMBAN,PASAR BESAR SEREMBAN - BAHAGIAN BORONG,Borong,20,Sayur-Sayuran,02,002,CILI MERAH MINYAK,F.A.Q,Kilogram,12.5,11.76,
30961955,2026-09-16,2026-09-16 10:33:11.509356,NEGERI SEMBILAN,SEREMBAN,PASAR BESAR SEREMBAN - BAHAGIAN BORONG,Borong,20,Sayur-Sayuran,02,002,CILI MERAH MINYAK,F.A.Q,Kilogram,11,11.76,
30961956,2026-09-16,2026-09-16 10:34:41.772913,TERENGGANU,KUALA TERENGGANU,PASAR AWAM CHABANG TIGA,Runcit,,Sayur-Sayuran,03,003,BROKOLI,F.A.Q,Kilogram,14,11.5,
30961957,2026-09-16,2026-09-16 10:34:41.830452,TERENGGANU,KUALA TERENGGANU,PASAR AWAM CHABANG TIGA,Runcit,,Sayur-Sayuran,03,003,BROKOLI (IMPORT),F.A.Q,Kilogram,14,12.31,
30961958,2026-09-16,2026-09-16 10:34:41.903873,TERENGGANU,KUALA TERENGGANU,PASAR AWAM CHABANG TIGA,Runcit,,Sayur-Sayuran,03,035,BUNGA KANTAN,F.A.Q,Tangkai,3,1,
30961959,2026-09-16,2026-09-16 10:34:41.9605,TERENGGANU,KUALA TERENGGANU,PASAR AWAM CHABANG TIGA,Runcit,,Sayur-Sayuran,03,035,BUNGA KANTAN (IMPORT),F.A.Q,Tangkai,2.5,1,
30961960,2026-09-16,2026-09-16 10:34:42.014284,TERENGGANU,KUALA TERENGGANU,PASAR AWAM CHABANG TIGA,Runcit,,Sayur-Sayuran,06,001,CENDAWAN TIRAM KELABU,F.A.Q,Kilogram,15,14.58,
30961961,2026-09-16,2026-09-16 10:34:42.073449,TERENGGANU,KUALA TERENGGANU,PASAR AWAM CHABANG TIGA,Runcit,,Sayur-Sayuran,02,002,CILI PADI,F.A.Q,Kilogram,16,24.42,
30961962,2026-09-16,2026-09-16 10:34:42.134644,TERENGGANU,KUALA TERENGGANU,PASAR AWAM CHABANG TIGA,Runcit,,Sayur-Sayuran,02,002,CILI PADI AKAR (THAILAND),F.A.Q,Kilogram,14,15.04,
30961963,2026-09-16,2026-09-16 10:34:42.190677,TERENGGANU,KUALA TERENGGANU,PASAR AWAM CHABANG TIGA,Runcit,,Sayur-Sayuran,02,002,CILI PADI KAMPUNG (THAILAND),F.A.Q,Kilogram,15,18.79,
30961964,2026-09-16,2026-09-16 10:34:42.252719,TERENGGANU,KUALA TERENGGANU,PASAR AWAM CHABANG TIGA,Runcit,,Sayur-Sayuran,02,002,CILI PADI MERAH (IMPORT),F.A.Q,Kilogram,15,20,
30961965,2026-09-16,2026-09-16 10:34:42.310463,TERENGGANU,KUALA TERENGGANU,PASAR AWAM CHABANG TIGA,Runcit,,Sayur-Sayuran,03,011,DAUN KESUM,F.A.Q,Kilogram,12,8.09,
30961966,2026-09-16,2026-09-16 10:34:42.373828,TERENGGANU,KUALA TERENGGANU,PASAR AWAM CHABANG TIGA,Runcit,,Sayur-Sayuran,03,021,DAUN KETUMBAR (IMPORT),F.A.Q,Kilogram,25,18,
30961967,2026-09-16,2026-09-16 10:34:42.422366,TERENGGANU,KUALA TERENGGANU,PASAR AWAM CHABANG TIGA,Runcit,,Sayur-Sayuran,07,002,DAUN SELOM,F.A.Q,Kilogram,28,9.44,
30961968,2026-09-16,2026-09-16 10:34:42.477582,TERENGGANU,KUALA TERENGGANU,PASAR AWAM CHABANG TIGA,Runcit,,Sayur-Sayuran,05,002,HALIA MUDA,F.A.Q,Kilogram,14,10.97,
30961969,2026-09-16,2026-09-16 10:34:42.533792,TERENGGANU,KUALA TERENGGANU,PASAR AWAM CHABANG TIGA,Runcit,,Sayur-Sayuran,05,002,HALIA TUA,F.A.Q,Kilogram,10,8.11,
30961970,2026-09-16,2026-09-16 10:34:42.597842,TERENGGANU,KUALA TERENGGANU,PASAR AWAM CHABANG TIGA,Runcit,,Sayur-Sayuran,05,002,HALIA TUA (IMPORT),F.A.Q,Kilogram,10,8.57,
30961971,2026-09-16,2026-09-16 10:34:42.654787,TERENGGANU,KUALA TERENGGANU,PASAR AWAM CHABANG TIGA,Runcit,,Sayur-Sayuran,02,001,JAGUNG SAYUR / BABY CORN,F.A.Q,Kilogram,10,8.84,
30961972,2026-09-16,2026-09-16 10:34:42.717066,TERENGGANU,KUALA TERENGGANU,PASAR AWAM CHABANG TIGA,Runcit,,Sayur-Sayuran,07,003,JERING,F.A.Q,Kilogram,11,8.59,
30961973,2026-09-16,2026-09-16 10:34:42.780685,TERENGGANU,KUALA TERENGGANU,PASAR AWAM CHABANG TIGA,Runcit,,Sayur-Sayuran,04,005,KACANG BOTOR,F.A.Q,Kilogram,20,14.49,
30961974,2026-09-16,2026-09-16 10:34:42.845475,TERENGGANU,KUALA TERENGGANU,PASAR AWAM CHABANG TIGA,Runcit,,Sayur-Sayuran,03,018,KAILAN,F.A.Q,Kilogram,10,8.75,
30961975,2026-09-16,2026-09-16 10:34:42.909507,TERENGGANU,KUALA TERENGGANU,PASAR AWAM CHABANG TIGA,Runcit,,Sayur-Sayuran,05,003,KELADI,F.A.Q,Kilogram,16,9.65,
30961976,2026-09-16,2026-09-16 10:34:42.972811,TERENGGANU,KUALA TERENGGANU,PASAR AWAM CHABANG TIGA,Runcit,,Sayur-Sayuran,02,004,KETOLA / PETOLA SEGI,F.A.Q,Kilogram,10,6,
30961977,2026-09-16,2026-09-16 10:34:43.02957,TERENGGANU,KUALA TERENGGANU,PASAR AWAM CHABANG TIGA,Runcit,,Sayur-Sayuran,03,006,KUBIS BULAT BEIJING (IMPORT),F.A.Q,Kilogram,5,5.61,
30961978,2026-09-16,2026-09-16 10:34:43.093396,TERENGGANU,KUALA TERENGGANU,PASAR AWAM CHABANG TIGA,Runcit,,Sayur-Sayuran,03,004,KUBIS BUNGA (IMPORT),F.A.Q,Kilogram,9,8.93,
30961979,2026-09-16,2026-09-16 10:34:43.156538,TERENGGANU,KUALA TERENGGANU,PASAR AWAM CHABANG TIGA,Runcit,,Sayur-Sayuran,03,005,KUBIS PANJANG / CINA,F.A.Q,Kilogram,7,5.94,
30961980,2026-09-16,2026-09-16 10:34:43.222173,TERENGGANU,KUALA TERENGGANU,PASAR AWAM CHABANG TIGA,Runcit,,Sayur-Sayuran,03,005,KUBIS PANJANG / CINA (IMPORT),F.A.Q,Kilogram,7,6.09,
30961981,2026-09-16,2026-09-16 10:34:43.286346,TERENGGANU,KUALA TERENGGANU,PASAR AWAM CHABANG TIGA,Runcit,,Sayur-Sayuran,02,005,KUNDUR BULAT,F.A.Q,Kilogram,6,4.78,
30961982,2026-09-16,2026-09-16 10:34:43.340933,TERENGGANU,KUALA TERENGGANU,PASAR AWAM CHABANG TIGA,Runcit,,Sayur-Sayuran,05,004,KUNYIT,F.A.Q,Kilogram,12,8.45,
30961983,2026-09-16,2026-09-16 10:34:43.397545,TERENGGANU,KUALA TERENGGANU,PASAR AWAM CHABANG TIGA,Runcit,,Sayur-Sayuran,02,006,LABU AIR,F.A.Q,Kilogram,5,4.9,
30961984,2026-09-16,2026-09-16 10:34:43.45326,TERENGGANU,KUALA TERENGGANU,PASAR AWAM CHABANG TIGA,Runcit,,Sayur-Sayuran,02,006,LABU MANIS,F.A.Q,Kilogram,5,5.17,
30961985,2026-09-16,2026-09-16 10:34:43.524347,TERENGGANU,KUALA TERENGGANU,PASAR AWAM CHABANG TIGA,Runcit,,Sayur-Sayuran,02,003,LADA BENGGALA / CAPSICUM HIJAU,F.A.Q,Kilogram,15,12.6,
30961986,2026-09-16,2026-09-16 10:34:43.581262,TERENGGANU,KUALA TERENGGANU,PASAR AWAM CHABANG TIGA,Runcit,,Sayur-Sayuran,02,003,LADA BENGGALA / CAPSICUM KUNING,F.A.Q,Kilogram,16,13.72,
30961987,2026-09-16,2026-09-16 10:34:43.636988,TERENGGANU,KUALA TERENGGANU,PASAR AWAM CHABANG TIGA,Runcit,,Sayur-Sayuran,02,003,LADA BENGGALA / CAPSICUM MERAH,F.A.Q,Kilogram,16,13.94,
30961988,2026-09-16,2026-09-16 10:34:43.70098,TERENGGANU,KUALA TERENGGANU,PASAR AWAM CHABANG TIGA,Runcit,,Sayur-Sayuran,05,005,LENGKUAS,F.A.Q,Kilogram,10,7.19,
30961989,2026-09-16,2026-09-16 10:34:43.76587,TERENGGANU,KUALA TERENGGANU,PASAR AWAM CHABANG TIGA,Runcit,,Sayur-Sayuran,02,007,LIMAU KASTURI,F.A.Q,Kilogram,10,11.02,
30961990,2026-09-16,2026-09-16 10:34:43.81317,TERENGGANU,KUALA TERENGGANU,PASAR AWAM CHABANG TIGA,Runcit,,Sayur-Sayuran,02,007,LIMAU NIPIS,F.A.Q,Kilogram,10,10.08,
30961991,2026-09-16,2026-09-16 10:34:43.876325,TERENGGANU,KUALA TERENGGANU,PASAR AWAM CHABANG TIGA,Runcit,,Sayur-Sayuran,05,006,LOBAK MERAH (CHINA),F.A.Q,Kilogram,4.5,4.79,
30961992,2026-09-16,2026-09-16 10:34:43.932013,TERENGGANU,KUALA TERENGGANU,PASAR AWAM CHABANG TIGA,Runcit,,Sayur-Sayuran,05,006,LOBAK PUTIH TANAH TINGGI,F.A.Q,Kilogram,5,6.71,
30961993,2026-09-16,2026-09-16 10:34:43.996488,TERENGGANU,KUALA TERENGGANU,PASAR AWAM CHABANG TIGA,Runcit,,Sayur-Sayuran,07,002,PEGAGA,F.A.Q,Kilogram,20,13.63,
30961994,2026-09-16,2026-09-16 10:34:44.06062,TERENGGANU,KUALA TERENGGANU,PASAR AWAM CHABANG TIGA,Runcit,,Sayur-Sayuran,02,009,PERIA,F.A.Q,Kilogram,8,8.63,
30961995,2026-09-16,2026-09-16 10:34:44.131972,TERENGGANU,KUALA TERENGGANU,PASAR AWAM CHABANG TIGA,Runcit,,Sayur-Sayuran,02,009,PERIA KATAK,F.A.Q,Kilogram,8,7.12,
30961996,2026-09-16,2026-09-16 10:34:44.212625,TERENGGANU,KUALA TERENGGANU,PASAR AWAM CHABANG TIGA,Runcit,,Sayur-Sayuran,07,003,PETAI,F.A.Q,RM/5 Keping,12,8.05,
30961997,2026-09-16,2026-09-16 10:34:44.28422,TERENGGANU,KUALA TERENGGANU,PASAR AWAM CHABANG TIGA,Runcit,,Sayur-Sayuran,01,002,REBUNG,F.A.Q,Kilogram,10,7.6,
30961998,2026-09-16,2026-09-16 10:34:44.357037,TERENGGANU,KUALA TERENGGANU,PASAR AWAM CHABANG TIGA,Runcit,,Sayur-Sayuran,03,027,SALAD,F.A.Q,Kilogram,10,10.07,
30961999,2026-09-16,2026-09-16 10:34:44.420677,TERENGGANU,KUALA TERENGGANU,PASAR AWAM CHABANG TIGA,Runcit,,Sayur-Sayuran,03,027,SALAD BULAT TANAH TINGGI,F.A.Q,Kilogram,9,8.8,
30962000,2026-09-16,2026-09-16 10:34:44.476429,TERENGGANU,KUALA TERENGGANU,PASAR AWAM CHABANG TIGA,Runcit,,Sayur-Sayuran,03,007,SAWI BUNGA,F.A.Q,Kilogram,6,10.1,
30962001,2026-09-16,2026-09-16 10:34:44.548814,TERENGGANU,KUALA TERENGGANU,PASAR AWAM CHABANG TIGA,Runcit,,Sayur-Sayuran,03,007,SAWI JEPUN,F.A.Q,Kilogram,7,8.01,
30962002,2026-09-16,2026-09-16 10:34:44.619892,TERENGGANU,KUALA TERENGGANU,PASAR AWAM CHABANG TIGA,Runcit,,Sayur-Sayuran,03,007,SAWI PAHIT,F.A.Q,Kilogram,7,6.89,
30962003,2026-09-16,2026-09-16 10:34:44.67619,TERENGGANU,KUALA TERENGGANU,PASAR AWAM CHABANG TIGA,Runcit,,Sayur-Sayuran,03,007,SAWI PUTIH PAK CHOY,F.A.Q,Kilogram,7,7.21,
30962004,2026-09-16,2026-09-16 10:34:44.748199,TERENGGANU,KUALA TERENGGANU,PASAR AWAM CHABANG TIGA,Runcit,,Sayur-Sayuran,05,007,SENGKUANG,F.A.Q,Kilogram,8,5.37,
30962005,2026-09-16,2026-09-16 10:34:44.811735,TERENGGANU,KUALA TERENGGANU,PASAR AWAM CHABANG TIGA,Runcit,,Sayur-Sayuran,05,008,SERAI,F.A.Q,Kilogram,12,6.63,
30962006,2026-09-16,2026-09-16 10:34:44.884003,TERENGGANU,KUALA TERENGGANU,PASAR AWAM CHABANG TIGA,Runcit,,Sayur-Sayuran,03,002,TAUGE,F.A.Q,Kilogram,3.5,3.58,
30962007,2026-09-16,2026-09-16 10:34:44.940053,TERENGGANU,KUALA TERENGGANU,PASAR AWAM CHABANG TIGA,Runcit,,Sayur-Sayuran,02,010,TERUNG BULAT,F.A.Q,Kilogram,7,9.82,
30962008,2026-09-16,2026-09-16 10:34:45.013772,TERENGGANU,KUALA TERENGGANU,PASAR AWAM CHABANG TIGA,Runcit,,Sayur-Sayuran,02,010,TERUNG PEPARU MINI,F.A.Q,Kilogram,8,9.48,
30962009,2026-09-16,2026-09-16 10:34:45.084908,TERENGGANU,KUALA TERENGGANU,PASAR AWAM CHABANG TIGA,Runcit,,Sayur-Sayuran,02,011,TIMUN JEPUN,F.A.Q,Kilogram,5,6.43,
30962010,2026-09-16,2026-09-16 10:35:17.970615,PERAK,KINTA,PASAR BORONG KUALA PARI,Borong,20,Sayur-Sayuran,03,001,BAYAM,F.A.Q,Kilogram,2,1.7615385,
30962011,2026-09-16,2026-09-16 10:35:17.970615,PERAK,KINTA,PASAR BORONG KUALA PARI,Borong,20,Sayur-Sayuran,03,001,BAYAM,F.A.Q,Kilogram,1.5,1.7615385,
30962012,2026-09-16,2026-09-16 10:35:17.970615,PERAK,KINTA,PASAR BORONG KUALA PARI,Borong,20,Sayur-Sayuran,02,002,CILI MERAH KULAI / KULAI HIBRID,F.A.Q,Kilogram,14,13.115385,
30962013,2026-09-16,2026-09-16 10:35:17.970615,PERAK,KINTA,PASAR BORONG KUALA PARI,Borong,20,Sayur-Sayuran,02,002,CILI MERAH KULAI / KULAI HIBRID,F.A.Q,Kilogram,13,13.115385,
30962014,2026-09-16,2026-09-16 10:35:17.970615,PERAK,KINTA,PASAR BORONG KUALA PARI,Borong,20,Sayur-Sayuran,02,002,CILI MERAH MINYAK,F.A.Q,Kilogram,10,9.64,
30962015,2026-09-16,2026-09-16 10:35:17.970615,PERAK,KINTA,PASAR BORONG KUALA PARI,Borong,20,Sayur-Sayuran,02,002,CILI MERAH MINYAK,F.A.Q,Kilogram,10,9.64,
30962016,2026-09-16,2026-09-16 10:35:17.970615,PERAK,KINTA,PASAR BORONG KUALA PARI,Borong,20,Sayur-Sayuran,04,002,KACANG BENDI,F.A.Q,Kilogram,4,4.24,
30962017,2026-09-16,2026-09-16 10:35:17.970615,PERAK,KINTA,PASAR BORONG KUALA PARI,Borong,20,Sayur-Sayuran,04,002,KACANG BENDI,F.A.Q,Kilogram,4,4.24,
30962018,2026-09-16,2026-09-16 10:35:17.970615,PERAK,KINTA,PASAR BORONG KUALA PARI,Borong,20,Sayur-Sayuran,04,007,KACANG PANJANG HIJAU,F.A.Q,Kilogram,4,3.2619047,
30962019,2026-09-16,2026-09-16 10:35:17.970615,PERAK,KINTA,PASAR BORONG KUALA PARI,Borong,20,Sayur-Sayuran,02,010,TERUNG PANJANG / PEPARU (TANAH RENDAH),F.A.Q,Kilogram,6.5,6.25,
30962020,2026-09-16,2026-09-16 10:35:17.970615,PERAK,KINTA,PASAR BORONG KUALA PARI,Borong,20,Sayur-Sayuran,02,010,TERUNG PANJANG / PEPARU (TANAH RENDAH),F.A.Q,Kilogram,5.5,6.25,
30962021,2026-09-16,2026-09-16 10:35:17.970615,PERAK,KINTA,PASAR BORONG KUALA PARI,Borong,20,Sayur-Sayuran,02,011,TIMUN HIJAU,F.A.Q,Kilogram,1.5,1.7923077,
30962022,2026-09-16,2026-09-16 10:35:17.970615,PERAK,KINTA,PASAR BORONG KUALA PARI,Borong,20,Sayur-Sayuran,02,011,TIMUN HIJAU,F.A.Q,Kilogram,1.5,1.7923077,
30962023,2026-09-16,2026-09-16 10:35:17.970615,PERAK,KINTA,PASAR BORONG KUALA PARI,Borong,20,Sayur-Sayuran,02,012,TOMATO (TANAH TINGGI),F.A.Q,Kilogram,4.5,6.480769,
30962024,2026-09-16,2026-09-16 10:35:17.970615,PERAK,KINTA,PASAR BORONG KUALA PARI,Borong,20,Sayur-Sayuran,02,012,TOMATO (TANAH TINGGI),F.A.Q,Kilogram,4,6.480769,
30962025,2026-09-16,2026-09-16 10:44:04.468345,PERAK,KINTA,PASAR BESAR IPOH,Runcit,26,Sayur-Sayuran,03,001,BAYAM,F.A.Q,Kilogram,5,5,
30962026,2026-09-16,2026-09-16 10:44:04.468345,PERAK,KINTA,PASAR BESAR IPOH,Runcit,26,Sayur-Sayuran,02,002,CILI MERAH KULAI / KULAI HIBRID,F.A.Q,Kilogram,18,17.541666,
30962027,2026-09-16,2026-09-16 10:44:04.468345,PERAK,KINTA,PASAR BESAR IPOH,Runcit,26,Sayur-Sayuran,02,002,CILI MERAH MINYAK,F.A.Q,Kilogram,15,14.772727,
30962028,2026-09-16,2026-09-16 10:44:04.468345,PERAK,KINTA,PASAR BESAR IPOH,Runcit,26,Sayur-Sayuran,04,002,KACANG BENDI,F.A.Q,Kilogram,8,7.5416665,
30962029,2026-09-16,2026-09-16 10:44:04.468345,PERAK,KINTA,PASAR BESAR IPOH,Runcit,26,Sayur-Sayuran,04,002,KACANG BENDI,F.A.Q,Kilogram,8,7.5416665,
30962030,2026-09-16,2026-09-16 10:44:04.468345,PERAK,KINTA,PASAR BESAR IPOH,Runcit,26,Sayur-Sayuran,04,007,KACANG PANJANG HIJAU,F.A.Q,Kilogram,8,7.095238,
30962031,2026-09-16,2026-09-16 10:44:04.468345,PERAK,KINTA,PASAR BESAR IPOH,Runcit,26,Sayur-Sayuran,03,006,KUBIS BULAT (TANAH TINGGI),F.A.Q,Kilogram,5,3.9958334,
30962032,2026-09-16,2026-09-16 10:44:04.468345,PERAK,KINTA,PASAR BESAR IPOH,Runcit,26,Sayur-Sayuran,03,006,KUBIS BULAT (TANAH TINGGI),F.A.Q,Kilogram,4.5,3.9958334,
30962033,2026-09-16,2026-09-16 10:44:04.468345,PERAK,KINTA,PASAR BESAR IPOH,Runcit,26,Sayur-Sayuran,02,010,TERUNG PANJANG / PEPARU (TANAH RENDAH),F.A.Q,Kilogram,10,9.125,
30962034,2026-09-16,2026-09-16 10:44:04.468345,PERAK,KINTA,PASAR BESAR IPOH,Runcit,26,Sayur-Sayuran,02,010,TERUNG PANJANG / PEPARU (TANAH RENDAH),F.A.Q,Kilogram,8.5,9.125,
30962035,2026-09-16,2026-09-16 10:44:04.468345,PERAK,KINTA,PASAR BESAR IPOH,Runcit,26,Sayur-Sayuran,02,011,TIMUN HIJAU,F.A.Q,Kilogram,4,3.725,
30962036,2026-09-16,2026-09-16 10:44:04.468345,PERAK,KINTA,PASAR BESAR IPOH,Runcit,26,Sayur-Sayuran,02,011,TIMUN HIJAU,F.A.Q,Kilogram,3.5,3.725,
30962037,2026-09-16,2026-09-16 10:44:04.468345,PERAK,KINTA,PASAR BESAR IPOH,Runcit,26,Sayur-Sayuran,02,012,TOMATO (TANAH TINGGI),F.A.Q,Kilogram,8,8.770833,
30962038,2026-09-16,2026-09-16 10:44:04.468345,PERAK,KINTA,PASAR BESAR IPOH,Runcit,26,Sayur-Sayuran,02,012,TOMATO (TANAH TINGGI),F.A.Q,Kilogram,7,8.770833,
30962039,2026-09-16,2026-09-16 10:50:22.270841,NEGERI SEMBILAN,SEREMBAN,PASAR BESAR SEREMBAN - BAHAGIAN RUNCIT,Runcit,26,Sayur-Sayuran,04,002,KACANG BENDI,F.A.Q,Kilogram,8,7.366667,
30962040,2026-09-16,2026-09-16 10:50:22.270841,NEGERI SEMBILAN,SEREMBAN,PASAR BESAR SEREMBAN - BAHAGIAN RUNCIT,Runcit,26,Sayur-Sayuran,04,002,KACANG BENDI,F.A.Q,Kilogram,7,7.366667,
30962041,2026-09-16,2026-09-16 10:50:22.270841,NEGERI SEMBILAN,SEREMBAN,PASAR BESAR SEREMBAN - BAHAGIAN RUNCIT,Runcit,26,Sayur-Sayuran,04,002,KACANG BENDI,F.A.Q,Kilogram,8,7.366667,
30962042,2026-09-16,2026-09-16 10:50:22.270841,NEGERI SEMBILAN,SEREMBAN,PASAR BESAR SEREMBAN - BAHAGIAN RUNCIT,Runcit,26,Sayur-Sayuran,04,007,KACANG PANJANG HIJAU,F.A.Q,Kilogram,7,6.383333,
30962043,2026-09-16,2026-09-16 10:50:22.270841,NEGERI SEMBILAN,SEREMBAN,PASAR BESAR SEREMBAN - BAHAGIAN RUNCIT,Runcit,26,Sayur-Sayuran,04,007,KACANG PANJANG HIJAU,F.A.Q,Kilogram,7,6.383333,
30962044,2026-09-16,2026-09-16 10:50:22.270841,NEGERI SEMBILAN,SEREMBAN,PASAR BESAR SEREMBAN - BAHAGIAN RUNCIT,Runcit,26,Sayur-Sayuran,04,007,KACANG PANJANG HIJAU,F.A.Q,Kilogram,8,6.383333,
30962045,2026-09-16,2026-09-16 10:50:22.270841,NEGERI SEMBILAN,SEREMBAN,PASAR BESAR SEREMBAN - BAHAGIAN RUNCIT,Runcit,26,Sayur-Sayuran,03,006,KUBIS BULAT (TANAH TINGGI),F.A.Q,Kilogram,5.6,5.39,
30962046,2026-09-16,2026-09-16 10:50:22.270841,NEGERI SEMBILAN,SEREMBAN,PASAR BESAR SEREMBAN - BAHAGIAN RUNCIT,Runcit,26,Sayur-Sayuran,03,006,KUBIS BULAT (TANAH TINGGI),F.A.Q,Kilogram,5.1,5.39,
30962047,2026-09-16,2026-09-16 10:50:22.270841,NEGERI SEMBILAN,SEREMBAN,PASAR BESAR SEREMBAN - BAHAGIAN RUNCIT,Runcit,26,Sayur-Sayuran,03,006,KUBIS BULAT (TANAH TINGGI),F.A.Q,Kilogram,5.8,5.39,
30962048,2026-09-16,2026-09-16 10:50:22.270841,NEGERI SEMBILAN,SEREMBAN,PASAR BESAR SEREMBAN - BAHAGIAN RUNCIT,Runcit,26,Sayur-Sayuran,03,007,SAWI HIJAU,F.A.Q,Kilogram,6.3,6.5,
30962049,2026-09-16,2026-09-16 10:50:22.270841,NEGERI SEMBILAN,SEREMBAN,PASAR BESAR SEREMBAN - BAHAGIAN RUNCIT,Runcit,26,Sayur-Sayuran,03,007,SAWI HIJAU,F.A.Q,Kilogram,7,6.5,
30962050,2026-09-16,2026-09-16 10:50:22.270841,NEGERI SEMBILAN,SEREMBAN,PASAR BESAR SEREMBAN - BAHAGIAN RUNCIT,Runcit,26,Sayur-Sayuran,03,007,SAWI HIJAU,F.A.Q,Kilogram,7.2,6.5,
30962051,2026-09-16,2026-09-16 10:50:22.270841,NEGERI SEMBILAN,SEREMBAN,PASAR BESAR SEREMBAN - BAHAGIAN RUNCIT,Runcit,26,Sayur-Sayuran,02,010,TERUNG PANJANG / PEPARU (TANAH RENDAH),F.A.Q,Kilogram,10,10.39,
30962052,2026-09-16,2026-09-16 10:50:22.270841,NEGERI SEMBILAN,SEREMBAN,PASAR BESAR SEREMBAN - BAHAGIAN RUNCIT,Runcit,26,Sayur-Sayuran,02,010,TERUNG PANJANG / PEPARU (TANAH RENDAH),F.A.Q,Kilogram,10.5,10.39,
30962053,2026-09-16,2026-09-16 10:50:22.270841,NEGERI SEMBILAN,SEREMBAN,PASAR BESAR SEREMBAN - BAHAGIAN RUNCIT,Runcit,26,Sayur-Sayuran,02,010,TERUNG PANJANG / PEPARU (TANAH RENDAH),F.A.Q,Kilogram,11,10.39,
30962054,2026-09-16,2026-09-16 10:50:22.270841,NEGERI SEMBILAN,SEREMBAN,PASAR BESAR SEREMBAN - BAHAGIAN RUNCIT,Runcit,26,Sayur-Sayuran,02,011,TIMUN HIJAU,F.A.Q,Kilogram,3.5,4.0333333,
30962055,2026-09-16,2026-09-16 10:50:22.270841,NEGERI SEMBILAN,SEREMBAN,PASAR BESAR SEREMBAN - BAHAGIAN RUNCIT,Runcit,26,Sayur-Sayuran,02,011,TIMUN HIJAU,F.A.Q,Kilogram,4,4.0333333,
30962056,2026-09-16,2026-09-16 10:50:22.270841,NEGERI SEMBILAN,SEREMBAN,PASAR BESAR SEREMBAN - BAHAGIAN RUNCIT,Runcit,26,Sayur-Sayuran,02,011,TIMUN HIJAU,F.A.Q,Kilogram,4.3,4.0333333,
30962057,2026-09-16,2026-09-16 10:50:22.270841,NEGERI SEMBILAN,SEREMBAN,PASAR BESAR SEREMBAN - BAHAGIAN RUNCIT,Runcit,26,Sayur-Sayuran,02,012,TOMATO (TANAH TINGGI),F.A.Q,Kilogram,7,9.926666,
30962058,2026-09-16,2026-09-16 10:50:22.270841,NEGERI SEMBILAN,SEREMBAN,PASAR BESAR SEREMBAN - BAHAGIAN RUNCIT,Runcit,26,Sayur-Sayuran,02,012,TOMATO (TANAH TINGGI),F.A.Q,Kilogram,7.5,9.926666,
30962059,2026-09-16,2026-09-16 10:50:22.270841,NEGERI SEMBILAN,SEREMBAN,PASAR BESAR SEREMBAN - BAHAGIAN RUNCIT,Runcit,26,Sayur-Sayuran,02,012,TOMATO (TANAH TINGGI),F.A.Q,Kilogram,9,9.926666,
30962060,2026-09-16,2026-09-16 10:50:26.01352,NEGERI SEMBILAN,SEREMBAN,PASAR BESAR SEREMBAN - BAHAGIAN BORONG,Borong,20,Sayur-Sayuran,04,002,KACANG BENDI,F.A.Q,Kilogram,5.6,5.52,
30962061,2026-09-16,2026-09-16 10:50:26.01352,NEGERI SEMBILAN,SEREMBAN,PASAR BESAR SEREMBAN - BAHAGIAN BORONG,Borong,20,Sayur-Sayuran,04,002,KACANG BENDI,F.A.Q,Kilogram,6.2,5.52,
30962062,2026-09-16,2026-09-16 10:50:26.01352,NEGERI SEMBILAN,SEREMBAN,PASAR BESAR SEREMBAN - BAHAGIAN BORONG,Borong,20,Sayur-Sayuran,04,002,KACANG BENDI,F.A.Q,Kilogram,5.9,5.52,
30962063,2026-09-16,2026-09-16 10:50:26.01352,NEGERI SEMBILAN,SEREMBAN,PASAR BESAR SEREMBAN - BAHAGIAN BORONG,Borong,20,Sayur-Sayuran,04,007,KACANG PANJANG HIJAU,F.A.Q,Kilogram,5,4.9733334,
30962064,2026-09-16,2026-09-16 10:50:26.01352,NEGERI SEMBILAN,SEREMBAN,PASAR BESAR SEREMBAN - BAHAGIAN BORONG,Borong,20,Sayur-Sayuran,04,007,KACANG PANJANG HIJAU,F.A.Q,Kilogram,5.9,4.9733334,
30962065,2026-09-16,2026-09-16 10:50:26.01352,NEGERI SEMBILAN,SEREMBAN,PASAR BESAR SEREMBAN - BAHAGIAN BORONG,Borong,20,Sayur-Sayuran,04,007,KACANG PANJANG HIJAU,F.A.Q,Kilogram,5.6,4.9733334,
30962066,2026-09-16,2026-09-16 10:50:26.01352,NEGERI SEMBILAN,SEREMBAN,PASAR BESAR SEREMBAN - BAHAGIAN BORONG,Borong,20,Sayur-Sayuran,03,006,KUBIS BULAT (TANAH TINGGI),F.A.Q,Kilogram,3.5,3.8333333,
30962067,2026-09-16,2026-09-16 10:50:26.01352,NEGERI SEMBILAN,SEREMBAN,PASAR BESAR SEREMBAN - BAHAGIAN BORONG,Borong,20,Sayur-Sayuran,03,006,KUBIS BULAT (TANAH TINGGI),F.A.Q,Kilogram,4.2,3.8333333,
30962068,2026-09-16,2026-09-16 10:50:26.01352,NEGERI SEMBILAN,SEREMBAN,PASAR BESAR SEREMBAN - BAHAGIAN BORONG,Borong,20,Sayur-Sayuran,03,006,KUBIS BULAT (TANAH TINGGI),F.A.Q,Kilogram,3.8,3.8333333,
30962069,2026-09-16,2026-09-16 10:50:26.01352,NEGERI SEMBILAN,SEREMBAN,PASAR BESAR SEREMBAN - BAHAGIAN BORONG,Borong,20,Sayur-Sayuran,03,007,SAWI HIJAU,F.A.Q,Kilogram,4.4,4.59,
30962070,2026-09-16,2026-09-16 10:50:26.01352,NEGERI SEMBILAN,SEREMBAN,PASAR BESAR SEREMBAN - BAHAGIAN BORONG,Borong,20,Sayur-Sayuran,03,007,SAWI HIJAU,F.A.Q,Kilogram,5.3,4.59,
30962071,2026-09-16,2026-09-16 10:50:26.01352,NEGERI SEMBILAN,SEREMBAN,PASAR BESAR SEREMBAN - BAHAGIAN BORONG,Borong,20,Sayur-Sayuran,03,007,SAWI HIJAU,F.A.Q,Kilogram,4.7,4.59,
30962072,2026-09-16,2026-09-16 10:50:26.01352,NEGERI SEMBILAN,SEREMBAN,PASAR BESAR SEREMBAN - BAHAGIAN BORONG,Borong,20,Sayur-Sayuran,02,010,TERUNG PANJANG / PEPARU (TANAH RENDAH),F.A.Q,Kilogram,8.2,8.523334,
30962073,2026-09-16,2026-09-16 10:50:26.01352,NEGERI SEMBILAN,SEREMBAN,PASAR BESAR SEREMBAN - BAHAGIAN BORONG,Borong,20,Sayur-Sayuran,02,010,TERUNG PANJANG / PEPARU (TANAH RENDAH),F.A.Q,Kilogram,8.9,8.523334,
30962074,2026-09-16,2026-09-16 10:50:26.01352,NEGERI SEMBILAN,SEREMBAN,PASAR BESAR SEREMBAN - BAHAGIAN BORONG,Borong,20,Sayur-Sayuran,02,010,TERUNG PANJANG / PEPARU (TANAH RENDAH),F.A.Q,Kilogram,8.5,8.523334,
30962075,2026-09-16,2026-09-16 10:50:26.01352,NEGERI SEMBILAN,SEREMBAN,PASAR BESAR SEREMBAN - BAHAGIAN BORONG,Borong,20,Sayur-Sayuran,02,011,TIMUN HIJAU,F.A.Q,Kilogram,2.4,2.5633333,
30962076,2026-09-16,2026-09-16 10:50:26.01352,NEGERI SEMBILAN,SEREMBAN,PASAR BESAR SEREMBAN - BAHAGIAN BORONG,Borong,20,Sayur-Sayuran,02,011,TIMUN HIJAU,F.A.Q,Kilogram,3.1,2.5633333,
30962077,2026-09-16,2026-09-16 10:50:26.01352,NEGERI SEMBILAN,SEREMBAN,PASAR BESAR SEREMBAN - BAHAGIAN BORONG,Borong,20,Sayur-Sayuran,02,011,TIMUN HIJAU,F.A.Q,Kilogram,2.7,2.5633333,
30962078,2026-09-16,2026-09-16 10:50:26.01352,NEGERI SEMBILAN,SEREMBAN,PASAR BESAR SEREMBAN - BAHAGIAN BORONG,Borong,20,Sayur-Sayuran,02,012,TOMATO (TANAH TINGGI),F.A.Q,Kilogram,6.3,8.38,
30962079,2026-09-16,2026-09-16 10:50:26.01352,NEGERI SEMBILAN,SEREMBAN,PASAR BESAR SEREMBAN - BAHAGIAN BORONG,Borong,20,Sayur-Sayuran,02,012,TOMATO (TANAH TINGGI),F.A.Q,Kilogram,7.4,8.38,
30962080,2026-09-16,2026-09-16 10:50:26.01352,NEGERI SEMBILAN,SEREMBAN,PASAR BESAR SEREMBAN - BAHAGIAN BORONG,Borong,20,Sayur-Sayuran,02,012,TOMATO (TANAH TINGGI),F.A.Q,Kilogram,6.6,8.38,
30962081,2026-09-16,2026-09-16 10:53:51.917079,PERAK,KINTA,LADANG/KEBUN KANTHAN,Ladang,,Sayur-Sayuran,03,001,BAYAM,F.A.Q,Kilogram,1.1,1.1764706,
30962082,2026-09-16,2026-09-16 10:53:51.917079,PERAK,KINTA,LADANG/KEBUN KANTHAN,Ladang,,Sayur-Sayuran,03,001,BAYAM,F.A.Q,Kilogram,1.3,1.1764706,
30962083,2026-09-16,2026-09-16 10:53:51.917079,PERAK,KINTA,LADANG/KEBUN KANTHAN,Ladang,,Sayur-Sayuran,02,002,CILI MERAH KULAI / KULAI HIBRID,F.A.Q,Kilogram,9,8.645833,
30962084,2026-09-16,2026-09-16 10:53:51.917079,PERAK,KINTA,LADANG/KEBUN KANTHAN,Ladang,,Sayur-Sayuran,02,002,CILI MERAH KULAI / KULAI HIBRID,F.A.Q,Kilogram,8.5,8.645833,
30962085,2026-09-16,2026-09-16 10:53:51.917079,PERAK,KINTA,LADANG/KEBUN KANTHAN,Ladang,,Sayur-Sayuran,04,002,KACANG BENDI,F.A.Q,Kilogram,2.7,2.6041667,
30962086,2026-09-16,2026-09-16 10:53:51.917079,PERAK,KINTA,LADANG/KEBUN KANTHAN,Ladang,,Sayur-Sayuran,04,002,KACANG BENDI,F.A.Q,Kilogram,2.5,2.6041667,
30962087,2026-09-16,2026-09-16 10:53:51.917079,PERAK,KINTA,LADANG/KEBUN KANTHAN,Ladang,,Sayur-Sayuran,04,007,KACANG PANJANG HIJAU,F.A.Q,Kilogram,2.5,2.047619,
30962088,2026-09-16,2026-09-16 10:53:51.917079,PERAK,KINTA,LADANG/KEBUN KANTHAN,Ladang,,Sayur-Sayuran,04,007,KACANG PANJANG HIJAU,F.A.Q,Kilogram,2.5,2.047619,
30962089,2026-09-16,2026-09-16 10:53:51.917079,PERAK,KINTA,LADANG/KEBUN KANTHAN,Ladang,,Sayur-Sayuran,02,011,TIMUN HIJAU,F.A.Q,Kilogram,1.1,1.1295455,
30962090,2026-09-16,2026-09-16 10:53:51.917079,PERAK,KINTA,LADANG/KEBUN KANTHAN,Ladang,,Sayur-Sayuran,02,011,TIMUN HIJAU,F.A.Q,Kilogram,0.8,1.1295455,
30962091,2026-09-16,2026-09-16 10:54:23.49221,NEGERI SEMBILAN,SEREMBAN,[LOKASI KUTIPAN HARGA LADANG] GADONG,Ladang,,Sayur-Sayuran,03,001,BAYAM,F.A.Q,Kilogram,2.2,1.8777778,
30962092,2026-09-16,2026-09-16 10:54:23.49221,NEGERI SEMBILAN,SEREMBAN,[LOKASI KUTIPAN HARGA LADANG] GADONG,Ladang,,Sayur-Sayuran,03,001,BAYAM,F.A.Q,Kilogram,1.8,1.8777778,
30962093,2026-09-16,2026-09-16 10:54:23.49221,NEGERI SEMBILAN,SEREMBAN,[LOKASI KUTIPAN HARGA LADANG] GADONG,Ladang,,Sayur-Sayuran,02,002,CILI MERAH KULAI / KULAI HIBRID,F.A.Q,Kilogram,8,8.476191,
30962094,2026-09-16,2026-09-16 10:54:23.49221,NEGERI SEMBILAN,SEREMBAN,[LOKASI KUTIPAN HARGA LADANG] GADONG,Ladang,,Sayur-Sayuran,02,002,CILI MERAH KULAI / KULAI HIBRID,F.A.Q,Kilogram,9,8.476191,
30962095,2026-09-16,2026-09-16 10:54:23.49221,NEGERI SEMBILAN,SEREMBAN,[LOKASI KUTIPAN HARGA LADANG] GADONG,Ladang,,Sayur-Sayuran,04,002,KACANG BENDI,F.A.Q,Kilogram,3.5,3.4,
30962096,2026-09-16,2026-09-16 10:54:23.49221,NEGERI SEMBILAN,SEREMBAN,[LOKASI KUTIPAN HARGA LADANG] GADONG,Ladang,,Sayur-Sayuran,04,002,KACANG BENDI,F.A.Q,Kilogram,2.8,3.4,
30962097,2026-09-16,2026-09-16 10:54:23.49221,NEGERI SEMBILAN,SEREMBAN,[LOKASI KUTIPAN HARGA LADANG] GADONG,Ladang,,Sayur-Sayuran,04,002,KACANG BENDI,F.A.Q,Kilogram,3,3.4,
30962098,2026-09-16,2026-09-16 10:54:23.49221,NEGERI SEMBILAN,SEREMBAN,[LOKASI KUTIPAN HARGA LADANG] GADONG,Ladang,,Sayur-Sayuran,04,002,KACANG BENDI,F.A.Q,Kilogram,3.7,3.4,
30962099,2026-09-16,2026-09-16 10:54:23.49221,NEGERI SEMBILAN,SEREMBAN,[LOKASI KUTIPAN HARGA LADANG] GADONG,Ladang,,Sayur-Sayuran,04,002,KACANG BENDI,F.A.Q,Kilogram,4,3.4,
30962100,2026-09-16,2026-09-16 10:54:23.49221,NEGERI SEMBILAN,SEREMBAN,[LOKASI KUTIPAN HARGA LADANG] GADONG,Ladang,,Sayur-Sayuran,04,007,KACANG PANJANG HIJAU,F.A.Q,Kilogram,3.5,2.75,
30962101,2026-09-16,2026-09-16 10:54:23.49221,NEGERI SEMBILAN,SEREMBAN,[LOKASI KUTIPAN HARGA LADANG] GADONG,Ladang,,Sayur-Sayuran,04,007,KACANG PANJANG HIJAU,F.A.Q,Kilogram,2.7,2.75,
30962102,2026-09-16,2026-09-16 10:54:23.49221,NEGERI SEMBILAN,SEREMBAN,[LOKASI KUTIPAN HARGA LADANG] GADONG,Ladang,,Sayur-Sayuran,04,007,KACANG PANJANG HIJAU,F.A.Q,Kilogram,3.5,2.75,
30962103,2026-09-16,2026-09-16 10:54:23.49221,NEGERI SEMBILAN,SEREMBAN,[LOKASI KUTIPAN HARGA LADANG] GADONG,Ladang,,Sayur-Sayuran,04,007,KACANG PANJANG HIJAU,F.A.Q,Kilogram,3.5,2.75,
30962104,2026-09-16,2026-09-16 10:54:23.49221,NEGERI SEMBILAN,SEREMBAN,[LOKASI KUTIPAN HARGA LADANG] GADONG,Ladang,,Sayur-Sayuran,04,007,KACANG PANJANG HIJAU,F.A.Q,Kilogram,4.5,2.75,
30962105,2026-09-16,2026-09-16 10:54:23.49221,NEGERI SEMBILAN,SEREMBAN,[LOKASI KUTIPAN HARGA LADANG] GADONG,Ladang,,Sayur-Sayuran,03,007,SAWI HIJAU,F.A.Q,Kilogram,3.5,2.81,
30962106,2026-09-16,2026-09-16 10:54:23.49221,NEGERI SEMBILAN,SEREMBAN,[LOKASI KUTIPAN HARGA LADANG] GADONG,Ladang,,Sayur-Sayuran,03,007,SAWI HIJAU,F.A.Q,Kilogram,2.6,2.81,
30962107,2026-09-16,2026-09-16 10:54:23.49221,NEGERI SEMBILAN,SEREMBAN,[LOKASI KUTIPAN HARGA LADANG] GADONG,Ladang,,Sayur-Sayuran,03,007,SAWI HIJAU,F.A.Q,Kilogram,3,2.81,
30962108,2026-09-16,2026-09-16 10:54:23.49221,NEGERI SEMBILAN,SEREMBAN,[LOKASI KUTIPAN HARGA LADANG] GADONG,Ladang,,Sayur-Sayuran,02,011,TIMUN HIJAU,F.A.Q,Kilogram,1.8,1.6166667,
30962109,2026-09-16,2026-09-16 10:54:23.49221,NEGERI SEMBILAN,SEREMBAN,[LOKASI KUTIPAN HARGA LADANG] GADONG,Ladang,,Sayur-Sayuran,02,011,TIMUN HIJAU,F.A.Q,Kilogram,1.5,1.6166667,
30962110,2026-09-16,2026-09-16 10:54:23.49221,NEGERI SEMBILAN,SEREMBAN,[LOKASI KUTIPAN HARGA LADANG] GADONG,Ladang,,Sayur-Sayuran,02,011,TIMUN HIJAU,F.A.Q,Kilogram,2,1.6166667,
30962111,2026-09-16,2026-09-16 10:54:23.49221,NEGERI SEMBILAN,SEREMBAN,[LOKASI KUTIPAN HARGA LADANG] GADONG,Ladang,,Sayur-Sayuran,02,011,TIMUN HIJAU,F.A.Q,Kilogram,2.1,1.6166667,
30962112,2026-09-16,2026-09-16 10:59:10.946055,NEGERI SEMBILAN,SEREMBAN,[LOKASI KUTIPAN HARGA LADANG] GADONG,Ladang,,Sayur-Sayuran,04,005,KACANG BOTOR,F.A.Q,Kilogram,7,7.89,
30962113,2026-09-16,2026-09-16 10:59:10.946055,NEGERI SEMBILAN,SEREMBAN,[LOKASI KUTIPAN HARGA LADANG] GADONG,Ladang,,Sayur-Sayuran,04,005,KACANG BOTOR,F.A.Q,Kilogram,6,7.89,
30962114,2026-09-16,2026-09-16 10:59:10.946055,NEGERI SEMBILAN,SEREMBAN,[LOKASI KUTIPAN HARGA LADANG] GADONG,Ladang,,Sayur-Sayuran,02,006,LABU AIR,F.A.Q,Kilogram,1.9,1.66,
30962115,2026-09-16,2026-09-16 10:59:10.946055,NEGERI SEMBILAN,SEREMBAN,[LOKASI KUTIPAN HARGA LADANG] GADONG,Ladang,,Sayur-Sayuran,02,006,LABU AIR,F.A.Q,Kilogram,1.8,1.66,
30962116,2026-09-16,2026-09-16 10:59:10.946055,NEGERI SEMBILAN,SEREMBAN,[LOKASI KUTIPAN HARGA LADANG] GADONG,Ladang,,Sayur-Sayuran,02,006,LABU MANIS,F.A.Q,Kilogram,2,1.84,
30962117,2026-09-16,2026-09-16 10:59:10.946055,NEGERI SEMBILAN,SEREMBAN,[LOKASI KUTIPAN HARGA LADANG] GADONG,Ladang,,Sayur-Sayuran,02,006,LABU MANIS,F.A.Q,Kilogram,2.2,1.84,
30962118,2026-09-16,2026-09-16 10:59:10.946055,NEGERI SEMBILAN,SEREMBAN,[LOKASI KUTIPAN HARGA LADANG] GADONG,Ladang,,Sayur-Sayuran,03,007,SAWI BUNGA,F.A.Q,Kilogram,4,5.78,
30962119,2026-09-16,2026-09-16 10:59:10.946055,NEGERI SEMBILAN,SEREMBAN,[LOKASI KUTIPAN HARGA LADANG] GADONG,Ladang,,Sayur-Sayuran,02,010,TERUNG BULAT,F.A.Q,Kilogram,5.5,5.15,
30962120,2026-09-16,2026-09-16 10:59:10.946055,NEGERI SEMBILAN,SEREMBAN,[LOKASI KUTIPAN HARGA LADANG] GADONG,Ladang,,Sayur-Sayuran,02,010,TERUNG BULAT,F.A.Q,Kilogram,5,5.15,
30962121,2026-09-16,2026-09-16 10:59:56.178051,NEGERI SEMBILAN,SEREMBAN,[LOKASI KUTIPAN HARGA LADANG] LABU,Ladang,,Sayur-Sayuran,06,001,CENDAWAN TIRAM KELABU,F.A.Q,Kilogram,12,12,
30962258,2026-09-16,2026-09-16 11:24:13.449911,W.P. KUALA LUMPUR,TITIWANGSA,PASAR AWAM KERAMAT,Runcit,26,Ternakan,11,001,TELUR AYAM,A,Biji,0.57,0.47,
30962259,2026-09-16,2026-09-16 11:25:08.419414,W.P. KUALA LUMPUR,TITIWANGSA,PASAR AWAM KERAMAT,Runcit,26,Ternakan,11,001,TELUR AYAM,A,Biji,0.57,0.47,
30962260,2026-09-16,2026-09-16 11:29:17.274906,NEGERI SEMBILAN,SEREMBAN,PASAR BESAR SEREMBAN - BAHAGIAN BORONG,Borong,20,Sayur-Sayuran,02,010,TERUNG BULAT,F.A.Q,Kilogram,7.2,9.1,
30962261,2026-09-16,2026-09-16 11:29:17.274906,NEGERI SEMBILAN,SEREMBAN,PASAR BESAR SEREMBAN - BAHAGIAN BORONG,Borong,20,Sayur-Sayuran,02,010,TERUNG BULAT,F.A.Q,Kilogram,8,9.1,
30962262,2026-09-16,2026-09-16 11:29:17.274906,NEGERI SEMBILAN,SEREMBAN,PASAR BESAR SEREMBAN - BAHAGIAN BORONG,Borong,20,Sayur-Sayuran,02,010,TERUNG BULAT,F.A.Q,Kilogram,7.5,9.1,
30962263,2026-09-16,2026-09-16 11:29:17.274906,NEGERI SEMBILAN,SEREMBAN,PASAR BESAR SEREMBAN - BAHAGIAN BORONG,Borong,20,Sayur-Sayuran,02,010,TERUNG PEPARU MINI,F.A.Q,Kilogram,8.5,9.1,
30962264,2026-09-16,2026-09-16 11:29:17.274906,NEGERI SEMBILAN,SEREMBAN,PASAR BESAR SEREMBAN - BAHAGIAN BORONG,Borong,20,Sayur-Sayuran,02,010,TERUNG PEPARU MINI,F.A.Q,Kilogram,9.3,9.1,
30962265,2026-09-16,2026-09-16 11:29:17.274906,NEGERI SEMBILAN,SEREMBAN,PASAR BESAR SEREMBAN - BAHAGIAN BORONG,Borong,20,Sayur-Sayuran,02,010,TERUNG PEPARU MINI,F.A.Q,Kilogram,8.9,9.1,
30962266,2026-09-16,2026-09-16 11:29:17.274906,NEGERI SEMBILAN,SEREMBAN,PASAR BESAR SEREMBAN - BAHAGIAN BORONG,Borong,20,Sayur-Sayuran,02,010,TERUNG PIPIT,F.A.Q,Kilogram,8.7,9.266666,
30962267,2026-09-16,2026-09-16 11:29:17.274906,NEGERI SEMBILAN,SEREMBAN,PASAR BESAR SEREMBAN - BAHAGIAN BORONG,Borong,20,Sayur-Sayuran,02,010,TERUNG PIPIT,F.A.Q,Kilogram,9.1,9.266666,
30962268,2026-09-16,2026-09-16 11:29:17.274906,NEGERI SEMBILAN,SEREMBAN,PASAR BESAR SEREMBAN - BAHAGIAN BORONG,Borong,20,Sayur-Sayuran,02,010,TERUNG PIPIT,F.A.Q,Kilogram,8.3,9.266666,
30962269,2026-09-16,2026-09-16 11:29:17.274906,NEGERI SEMBILAN,SEREMBAN,PASAR BESAR SEREMBAN - BAHAGIAN BORONG,Borong,20,Sayur-Sayuran,02,011,TIMUN JEPUN,F.A.Q,Kilogram,4.9,5.133333,
30962270,2026-09-16,2026-09-16 11:29:17.274906,NEGERI SEMBILAN,SEREMBAN,PASAR BESAR SEREMBAN - BAHAGIAN BORONG,Borong,20,Sayur-Sayuran,02,011,TIMUN JEPUN,F.A.Q,Kilogram,5.8,5.133333,
30962271,2026-09-16,2026-09-16 11:29:17.274906,NEGERI SEMBILAN,SEREMBAN,PASAR BESAR SEREMBAN - BAHAGIAN BORONG,Borong,20,Sayur-Sayuran,02,011,TIMUN JEPUN,F.A.Q,Kilogram,5.3,5.133333,
30962272,2026-09-16,2026-09-16 11:29:17.274906,NEGERI SEMBILAN,SEREMBAN,PASAR BESAR SEREMBAN - BAHAGIAN BORONG,Borong,20,Sayur-Sayuran,07,002,ULAM RAJA,F.A.Q,Kilogram,8.7,9.033334,
30962273,2026-09-16,2026-09-16 11:29:17.274906,NEGERI SEMBILAN,SEREMBAN,PASAR BESAR SEREMBAN - BAHAGIAN BORONG,Borong,20,Sayur-Sayuran,07,002,ULAM RAJA,F.A.Q,Kilogram,8.9,9.033334,
30962274,2026-09-16,2026-09-16 11:29:17.274906,NEGERI SEMBILAN,SEREMBAN,PASAR BESAR SEREMBAN - BAHAGIAN BORONG,Borong,20,Sayur-Sayuran,07,002,ULAM RAJA,F.A.Q,Kilogram,8,9.033334,
30962275,2026-09-16,2026-09-16 11:29:19.786087,NEGERI SEMBILAN,SEREMBAN,PASAR BESAR SEREMBAN - BAHAGIAN RUNCIT,Runcit,26,Sayur-Sayuran,02,010,TERUNG BULAT,F.A.Q,Kilogram,9,10.5,
30962276,2026-09-16,2026-09-16 11:29:19.786087,NEGERI SEMBILAN,SEREMBAN,PASAR BESAR SEREMBAN - BAHAGIAN RUNCIT,Runcit,26,Sayur-Sayuran,02,010,TERUNG BULAT,F.A.Q,Kilogram,10,10.5,
30962277,2026-09-16,2026-09-16 11:29:19.786087,NEGERI SEMBILAN,SEREMBAN,PASAR BESAR SEREMBAN - BAHAGIAN RUNCIT,Runcit,26,Sayur-Sayuran,02,010,TERUNG BULAT,F.A.Q,Kilogram,10,10.5,
30962278,2026-09-16,2026-09-16 11:29:19.786087,NEGERI SEMBILAN,SEREMBAN,PASAR BESAR SEREMBAN - BAHAGIAN RUNCIT,Runcit,26,Sayur-Sayuran,02,010,TERUNG PEPARU MINI,F.A.Q,Kilogram,10,10.5,
30962279,2026-09-16,2026-09-16 11:29:19.786087,NEGERI SEMBILAN,SEREMBAN,PASAR BESAR SEREMBAN - BAHAGIAN RUNCIT,Runcit,26,Sayur-Sayuran,02,010,TERUNG PEPARU MINI,F.A.Q,Kilogram,10.5,10.5,
30962280,2026-09-16,2026-09-16 11:29:19.786087,NEGERI SEMBILAN,SEREMBAN,PASAR BESAR SEREMBAN - BAHAGIAN RUNCIT,Runcit,26,Sayur-Sayuran,02,010,TERUNG PEPARU MINI,F.A.Q,Kilogram,11,10.5,
30962281,2026-09-16,2026-09-16 11:29:19.786087,NEGERI SEMBILAN,SEREMBAN,PASAR BESAR SEREMBAN - BAHAGIAN RUNCIT,Runcit,26,Sayur-Sayuran,02,010,TERUNG PIPIT,F.A.Q,Kilogram,12,12.833333,
30962282,2026-09-16,2026-09-16 11:29:19.786087,NEGERI SEMBILAN,SEREMBAN,PASAR BESAR SEREMBAN - BAHAGIAN RUNCIT,Runcit,26,Sayur-Sayuran,02,010,TERUNG PIPIT,F.A.Q,Kilogram,11,12.833333,
30962283,2026-09-16,2026-09-16 11:29:19.786087,NEGERI SEMBILAN,SEREMBAN,PASAR BESAR SEREMBAN - BAHAGIAN RUNCIT,Runcit,26,Sayur-Sayuran,02,010,TERUNG PIPIT,F.A.Q,Kilogram,11.5,12.833333,
30962284,2026-09-16,2026-09-16 11:29:19.786087,NEGERI SEMBILAN,SEREMBAN,PASAR BESAR SEREMBAN - BAHAGIAN RUNCIT,Runcit,26,Sayur-Sayuran,02,011,TIMUN JEPUN,F.A.Q,Kilogram,6.1,6.5,
30962285,2026-09-16,2026-09-16 11:29:19.786087,NEGERI SEMBILAN,SEREMBAN,PASAR BESAR SEREMBAN - BAHAGIAN RUNCIT,Runcit,26,Sayur-Sayuran,02,011,TIMUN JEPUN,F.A.Q,Kilogram,6.6,6.5,
30962286,2026-09-16,2026-09-16 11:29:19.786087,NEGERI SEMBILAN,SEREMBAN,PASAR BESAR SEREMBAN - BAHAGIAN RUNCIT,Runcit,26,Sayur-Sayuran,02,011,TIMUN JEPUN,F.A.Q,Kilogram,7.2,6.5,
30962287,2026-09-16,2026-09-16 11:29:19.786087,NEGERI SEMBILAN,SEREMBAN,PASAR BESAR SEREMBAN - BAHAGIAN RUNCIT,Runcit,26,Sayur-Sayuran,07,002,ULAM RAJA,F.A.Q,Kilogram,12,11.166667,
30962288,2026-09-16,2026-09-16 11:29:19.786087,NEGERI SEMBILAN,SEREMBAN,PASAR BESAR SEREMBAN - BAHAGIAN RUNCIT,Runcit,26,Sayur-Sayuran,07,002,ULAM RAJA,F.A.Q,Kilogram,11,11.166667,
30962289,2026-09-16,2026-09-16 11:29:19.786087,NEGERI SEMBILAN,SEREMBAN,PASAR BESAR SEREMBAN - BAHAGIAN RUNCIT,Runcit,26,Sayur-Sayuran,07,002,ULAM RAJA,F.A.Q,Kilogram,11,11.166667,
30962290,2026-09-16,2026-09-16 11:50:53.640868,W.P. KUALA LUMPUR,TITIWANGSA,PASAR AWAM KERAMAT,Runcit,26,Sayur-Sayuran,05,001,BAWANG BESAR KUNING / HOLLAND,F.A.Q,Kilogram,6,6,
30962291,2026-09-16,2026-09-16 11:50:53.640868,W.P. KUALA LUMPUR,TITIWANGSA,PASAR AWAM KERAMAT,Runcit,26,Sayur-Sayuran,05,001,BAWANG BESAR MERAH (INDIA),F.A.Q,Kilogram,5,4.875,
30962292,2026-09-16,2026-09-16 11:50:53.640868,W.P. KUALA LUMPUR,TITIWANGSA,PASAR AWAM KERAMAT,Runcit,26,Sayur-Sayuran,05,001,BAWANG MERAH / KECIL (INDIA),F.A.Q,Kilogram,5,5.75,
30962293,2026-09-16,2026-09-16 11:50:53.640868,W.P. KUALA LUMPUR,TITIWANGSA,PASAR AWAM KERAMAT,Runcit,26,Sayur-Sayuran,05,001,BAWANG MERAH / KECIL (THAI),F.A.Q,Kilogram,13,13,
30962294,2026-09-16,2026-09-16 11:50:53.640868,W.P. KUALA LUMPUR,TITIWANGSA,PASAR AWAM KERAMAT,Runcit,26,Sayur-Sayuran,05,001,BAWANG MERAH ROSE,F.A.Q,Kilogram,8,7,
30962295,2026-09-16,2026-09-16 11:50:53.640868,W.P. KUALA LUMPUR,TITIWANGSA,PASAR AWAM KERAMAT,Runcit,26,Sayur-Sayuran,05,001,BAWANG PUTIH (CHINA),F.A.Q,Kilogram,13,13,
30962296,2026-09-16,2026-09-16 11:55:01.824359,W.P. KUALA LUMPUR,TITIWANGSA,PASAR AWAM KERAMAT,Runcit,26,Sayur-Sayuran,05,001,BAWANG BESAR KUNING / HOLLAND,F.A.Q,Kilogram,6,6,
30962297,2026-09-16,2026-09-16 11:55:01.824359,W.P. KUALA LUMPUR,TITIWANGSA,PASAR AWAM KERAMAT,Runcit,26,Sayur-Sayuran,05,001,BAWANG BESAR MERAH (INDIA),F.A.Q,Kilogram,5,4.875,
30962298,2026-09-16,2026-09-16 11:55:01.824359,W.P. KUALA LUMPUR,TITIWANGSA,PASAR AWAM KERAMAT,Runcit,26,Sayur-Sayuran,05,001,BAWANG MERAH / KECIL (INDIA),F.A.Q,Kilogram,5,5.75,
30962299,2026-09-16,2026-09-16 11:55:01.824359,W.P. KUALA LUMPUR,TITIWANGSA,PASAR AWAM KERAMAT,Runcit,26,Sayur-Sayuran,05,001,BAWANG MERAH / KECIL (THAI),F.A.Q,Kilogram,13,13,
30962300,2026-09-16,2026-09-16 11:55:01.824359,W.P. KUALA LUMPUR,TITIWANGSA,PASAR AWAM KERAMAT,Runcit,26,Sayur-Sayuran,05,001,BAWANG MERAH ROSE,F.A.Q,Kilogram,8,7,
30962301,2026-09-16,2026-09-16 11:55:01.824359,W.P. KUALA LUMPUR,TITIWANGSA,PASAR AWAM KERAMAT,Runcit,26,Sayur-Sayuran,05,001,BAWANG PUTIH (CHINA),F.A.Q,Kilogram,13,13,
30962302,2026-09-16,2026-09-16 12:16:31.962565,W.P. KUALA LUMPUR,TITIWANGSA,PASAR AWAM KERAMAT,Runcit,26,Sayur-Sayuran,02,002,CILI HIJAU,F.A.Q,Kilogram,12,12.857142,
30962303,2026-09-16,2026-09-16 12:16:31.962565,W.P. KUALA LUMPUR,TITIWANGSA,PASAR AWAM KERAMAT,Runcit,26,Sayur-Sayuran,02,002,CILI MERAH KULAI / KULAI HIBRID,F.A.Q,Kilogram,12,15.571428,
30962304,2026-09-16,2026-09-16 12:16:31.962565,W.P. KUALA LUMPUR,TITIWANGSA,PASAR AWAM KERAMAT,Runcit,26,Sayur-Sayuran,02,002,CILI MERAH MINYAK,F.A.Q,Kilogram,12,10.571428,
30962305,2026-09-16,2026-09-16 12:16:31.962565,W.P. KUALA LUMPUR,TITIWANGSA,PASAR AWAM KERAMAT,Runcit,26,Sayur-Sayuran,03,009,DAUN BAWANG,F.A.Q,Kilogram,8,8.571428,
30962306,2026-09-16,2026-09-16 12:16:31.962565,W.P. KUALA LUMPUR,TITIWANGSA,PASAR AWAM KERAMAT,Runcit,26,Sayur-Sayuran,03,015,DAUN SUP (TANAH TINGGI),F.A.Q,Kilogram,8,15.714286,
30962307,2026-09-16,2026-09-16 12:16:31.962565,W.P. KUALA LUMPUR,TITIWANGSA,PASAR AWAM KERAMAT,Runcit,26,Sayur-Sayuran,04,002,KACANG BENDI,F.A.Q,Kilogram,8,8.857142,
30962308,2026-09-16,2026-09-16 12:16:31.962565,W.P. KUALA LUMPUR,TITIWANGSA,PASAR AWAM KERAMAT,Runcit,26,Sayur-Sayuran,04,003,KACANG BUNCIS,F.A.Q,Kilogram,8,9.428572,
30962309,2026-09-16,2026-09-16 12:16:31.962565,W.P. KUALA LUMPUR,TITIWANGSA,PASAR AWAM KERAMAT,Runcit,26,Sayur-Sayuran,04,007,KACANG PANJANG HIJAU,F.A.Q,Kilogram,10,7.571429,
30962310,2026-09-16,2026-09-16 12:16:31.962565,W.P. KUALA LUMPUR,TITIWANGSA,PASAR AWAM KERAMAT,Runcit,26,Sayur-Sayuran,03,019,KANGKUNG,F.A.Q,Kilogram,4,5.285714,
30962311,2026-09-16,2026-09-16 12:16:31.962565,W.P. KUALA LUMPUR,TITIWANGSA,PASAR AWAM KERAMAT,Runcit,26,Sayur-Sayuran,03,006,KUBIS BULAT (CHINA),F.A.Q,Kilogram,3.5,3.5,
30962312,2026-09-16,2026-09-16 12:16:31.962565,W.P. KUALA LUMPUR,TITIWANGSA,PASAR AWAM KERAMAT,Runcit,26,Sayur-Sayuran,03,007,SAWI HIJAU,F.A.Q,Kilogram,5,5.571429,
30962313,2026-09-16,2026-09-16 12:16:31.962565,W.P. KUALA LUMPUR,TITIWANGSA,PASAR AWAM KERAMAT,Runcit,26,Sayur-Sayuran,02,010,TERUNG PANJANG / PEPARU (TANAH RENDAH),F.A.Q,Kilogram,8,10.142858,
30962314,2026-09-16,2026-09-16 12:16:31.962565,W.P. KUALA LUMPUR,TITIWANGSA,PASAR AWAM KERAMAT,Runcit,26,Sayur-Sayuran,02,011,TIMUN HIJAU,F.A.Q,Kilogram,3,3.5714285,
30962315,2026-09-16,2026-09-16 12:16:31.962565,W.P. KUALA LUMPUR,TITIWANGSA,PASAR AWAM KERAMAT,Runcit,26,Sayur-Sayuran,02,012,TOMATO (TANAH TINGGI),F.A.Q,Kilogram,8,9,
30962316,2026-09-16,2026-09-16 12:21:24.735026,W.P. KUALA LUMPUR,TITIWANGSA,PASAR AWAM KERAMAT,Runcit,26,Sayur-Sayuran,03,001,BAYAM,F.A.Q,Kilogram,4,5.285714,
30962317,2026-09-16,2026-09-16 12:21:24.735026,W.P. KUALA LUMPUR,TITIWANGSA,PASAR AWAM KERAMAT,Runcit,26,Sayur-Sayuran,02,002,CILI HIJAU,F.A.Q,Kilogram,18,12.857142,
30962318,2026-09-16,2026-09-16 12:21:24.735026,W.P. KUALA LUMPUR,TITIWANGSA,PASAR AWAM KERAMAT,Runcit,26,Sayur-Sayuran,02,002,CILI MERAH KULAI / KULAI HIBRID,F.A.Q,Kilogram,15,15.571428,
30962319,2026-09-16,2026-09-16 12:21:24.735026,W.P. KUALA LUMPUR,TITIWANGSA,PASAR AWAM KERAMAT,Runcit,26,Sayur-Sayuran,03,009,DAUN BAWANG,F.A.Q,Kilogram,8,8.571428,
30962320,2026-09-16,2026-09-16 12:21:24.735026,W.P. KUALA LUMPUR,TITIWANGSA,PASAR AWAM KERAMAT,Runcit,26,Sayur-Sayuran,03,015,DAUN SUP (TANAH TINGGI),F.A.Q,Kilogram,8,15.714286,
30962321,2026-09-16,2026-09-16 12:21:24.735026,W.P. KUALA LUMPUR,TITIWANGSA,PASAR AWAM KERAMAT,Runcit,26,Sayur-Sayuran,04,002,KACANG BENDI,F.A.Q,Kilogram,8,8.857142,
30962322,2026-09-16,2026-09-16 12:21:24.735026,W.P. KUALA LUMPUR,TITIWANGSA,PASAR AWAM KERAMAT,Runcit,26,Sayur-Sayuran,04,003,KACANG BUNCIS,F.A.Q,Kilogram,10,9.428572,
30962323,2026-09-16,2026-09-16 12:21:24.735026,W.P. KUALA LUMPUR,TITIWANGSA,PASAR AWAM KERAMAT,Runcit,26,Sayur-Sayuran,04,007,KACANG PANJANG HIJAU,F.A.Q,Kilogram,8,7.571429,
30962324,2026-09-16,2026-09-16 12:21:24.735026,W.P. KUALA LUMPUR,TITIWANGSA,PASAR AWAM KERAMAT,Runcit,26,Sayur-Sayuran,03,019,KANGKUNG,F.A.Q,Kilogram,4,5.285714,
30962325,2026-09-16,2026-09-16 12:21:24.735026,W.P. KUALA LUMPUR,TITIWANGSA,PASAR AWAM KERAMAT,Runcit,26,Sayur-Sayuran,03,006,KUBIS BULAT (CHINA),F.A.Q,Kilogram,3,3.5,
30962326,2026-09-16,2026-09-16 12:21:24.735026,W.P. KUALA LUMPUR,TITIWANGSA,PASAR AWAM KERAMAT,Runcit,26,Sayur-Sayuran,03,007,SAWI HIJAU,F.A.Q,Kilogram,4,5.571429,
30962327,2026-09-16,2026-09-16 12:21:24.735026,W.P. KUALA LUMPUR,TITIWANGSA,PASAR AWAM KERAMAT,Runcit,26,Sayur-Sayuran,02,010,TERUNG PANJANG / PEPARU (TANAH RENDAH),F.A.Q,Kilogram,8,10.142858,
30962328,2026-09-16,2026-09-16 12:21:24.735026,W.P. KUALA LUMPUR,TITIWANGSA,PASAR AWAM KERAMAT,Runcit,26,Sayur-Sayuran,02,011,TIMUN HIJAU,F.A.Q,Kilogram,3.5,3.5714285,
30962329,2026-09-16,2026-09-16 12:21:24.735026,W.P. KUALA LUMPUR,TITIWANGSA,PASAR AWAM KERAMAT,Runcit,26,Sayur-Sayuran,02,012,TOMATO (TANAH TINGGI),F.A.Q,Kilogram,8,9,
30962330,2026-09-16,2026-09-16 12:32:58.985577,W.P. KUALA LUMPUR,TITIWANGSA,PASAR AWAM KERAMAT,Runcit,26,Sayur-Sayuran,03,001,BAYAM,F.A.Q,Kilogram,5,5.285714,
30962331,2026-09-16,2026-09-16 12:32:58.985577,W.P. KUALA LUMPUR,TITIWANGSA,PASAR AWAM KERAMAT,Runcit,26,Sayur-Sayuran,02,002,CILI HIJAU,F.A.Q,Kilogram,12,12.857142,
30962332,2026-09-16,2026-09-16 12:32:58.985577,W.P. KUALA LUMPUR,TITIWANGSA,PASAR AWAM KERAMAT,Runcit,26,Sayur-Sayuran,02,002,CILI MERAH KULAI / KULAI HIBRID,F.A.Q,Kilogram,15,15.571428,
30962333,2026-09-16,2026-09-16 12:32:58.985577,W.P. KUALA LUMPUR,TITIWANGSA,PASAR AWAM KERAMAT,Runcit,26,Sayur-Sayuran,02,002,CILI MERAH MINYAK,F.A.Q,Kilogram,12,10.571428,
30962334,2026-09-16,2026-09-16 12:32:58.985577,W.P. KUALA LUMPUR,TITIWANGSA,PASAR AWAM KERAMAT,Runcit,26,Sayur-Sayuran,03,009,DAUN BAWANG,F.A.Q,Kilogram,8,8.571428,
30962335,2026-09-16,2026-09-16 12:32:58.985577,W.P. KUALA LUMPUR,TITIWANGSA,PASAR AWAM KERAMAT,Runcit,26,Sayur-Sayuran,03,015,DAUN SUP (TANAH TINGGI),F.A.Q,Kilogram,12,15.714286,
30962336,2026-09-16,2026-09-16 12:32:58.985577,W.P. KUALA LUMPUR,TITIWANGSA,PASAR AWAM KERAMAT,Runcit,26,Sayur-Sayuran,04,002,KACANG BENDI,F.A.Q,Kilogram,10,8.857142,
30962337,2026-09-16,2026-09-16 12:32:58.985577,W.P. KUALA LUMPUR,TITIWANGSA,PASAR AWAM KERAMAT,Runcit,26,Sayur-Sayuran,04,003,KACANG BUNCIS,F.A.Q,Kilogram,10,9.428572,
30962338,2026-09-16,2026-09-16 12:32:58.985577,W.P. KUALA LUMPUR,TITIWANGSA,PASAR AWAM KERAMAT,Runcit,26,Sayur-Sayuran,04,007,KACANG PANJANG HIJAU,F.A.Q,Kilogram,10,7.571429,
30962339,2026-09-16,2026-09-16 12:32:58.985577,W.P. KUALA LUMPUR,TITIWANGSA,PASAR AWAM KERAMAT,Runcit,26,Sayur-Sayuran,03,019,KANGKUNG,F.A.Q,Kilogram,5,5.285714,
30962340,2026-09-16,2026-09-16 12:32:58.985577,W.P. KUALA LUMPUR,TITIWANGSA,PASAR AWAM KERAMAT,Runcit,26,Sayur-Sayuran,03,006,KUBIS BULAT (CHINA),F.A.Q,Kilogram,3.5,3.5,
30962341,2026-09-16,2026-09-16 12:32:58.985577,W.P. KUALA LUMPUR,TITIWANGSA,PASAR AWAM KERAMAT,Runcit,26,Sayur-Sayuran,03,007,SAWI HIJAU,F.A.Q,Kilogram,5,5.571429,
30962342,2026-09-16,2026-09-16 12:32:58.985577,W.P. KUALA LUMPUR,TITIWANGSA,PASAR AWAM KERAMAT,Runcit,26,Sayur-Sayuran,02,010,TERUNG PANJANG / PEPARU (TANAH RENDAH),F.A.Q,Kilogram,8,10.142858,
30962343,2026-09-16,2026-09-16 12:32:58.985577,W.P. KUALA LUMPUR,TITIWANGSA,PASAR AWAM KERAMAT,Runcit,26,Sayur-Sayuran,02,011,TIMUN HIJAU,F.A.Q,Kilogram,3,3.5714285,
30962344,2026-09-16,2026-09-16 12:32:58.985577,W.P. KUALA LUMPUR,TITIWANGSA,PASAR AWAM KERAMAT,Runcit,26,Sayur-Sayuran,02,012,TOMATO (TANAH TINGGI),F.A.Q,Kilogram,8,9,
30962345,2026-09-16,2026-09-16 12:34:12.220713,W.P. KUALA LUMPUR,TITIWANGSA,PASAR AWAM KERAMAT,Runcit,26,Buah-Buahan,02,005,BETIK SEKAKI,F.A.Q,Kilogram,6,6,
30962346,2026-09-16,2026-09-16 12:34:12.220713,W.P. KUALA LUMPUR,TITIWANGSA,PASAR AWAM KERAMAT,Runcit,26,Buah-Buahan,02,023,NANAS JOSAPINE (AC5),F.A.Q,Kilogram,5,4.52,
30962347,2026-09-16,2026-09-16 12:34:12.220713,W.P. KUALA LUMPUR,TITIWANGSA,PASAR AWAM KERAMAT,Runcit,26,Buah-Buahan,02,028,PISANG BERANGAN,F.A.Q,Kilogram,6,6.5,
30962348,2026-09-16,2026-09-16 12:34:12.220713,W.P. KUALA LUMPUR,TITIWANGSA,PASAR AWAM KERAMAT,Runcit,26,Buah-Buahan,02,034,TEMBIKAI MERAH TANPA BIJI,F.A.Q,Kilogram,5,4.6666665,
30962349,2026-09-16,2026-09-16 12:35:14.293194,W.P. KUALA LUMPUR,TITIWANGSA,PASAR AWAM KERAMAT,Runcit,26,Buah-Buahan,02,005,BETIK SEKAKI,F.A.Q,Kilogram,6,6,
30962350,2026-09-16,2026-09-16 12:35:14.293194,W.P. KUALA LUMPUR,TITIWANGSA,PASAR AWAM KERAMAT,Runcit,26,Buah-Buahan,02,023,NANAS JOSAPINE (AC5),F.A.Q,Kilogram,5,4.52,
30962351,2026-09-16,2026-09-16 12:35:14.293194,W.P. KUALA LUMPUR,TITIWANGSA,PASAR AWAM KERAMAT,Runcit,26,Buah-Buahan,02,028,PISANG BERANGAN,F.A.Q,Kilogram,7,6.5,
30962352,2026-09-16,2026-09-16 12:35:14.293194,W.P. KUALA LUMPUR,TITIWANGSA,PASAR AWAM KERAMAT,Runcit,26,Buah-Buahan,02,034,TEMBIKAI MERAH TANPA BIJI,F.A.Q,Kilogram,5,4.6666665,
30962353,2026-09-16,2026-09-16 12:36:52.958153,W.P. KUALA LUMPUR,KUALA LUMPUR,PASAR AWAM CHOW KIT,Runcit,26,Sayur-Sayuran,03,001,BAYAM,F.A.Q,Kilogram,5,4.630435,
30962354,2026-09-16,2026-09-16 12:36:52.958153,W.P. KUALA LUMPUR,KUALA LUMPUR,PASAR AWAM CHOW KIT,Runcit,26,Sayur-Sayuran,02,002,CILI MERAH KULAI / KULAI HIBRID,F.A.Q,Kilogram,14,13.470589,
30962355,2026-09-16,2026-09-16 12:36:52.958153,W.P. KUALA LUMPUR,KUALA LUMPUR,PASAR AWAM CHOW KIT,Runcit,26,Sayur-Sayuran,02,002,CILI MERAH MINYAK,F.A.Q,Kilogram,12,11.611111,
30962356,2026-09-16,2026-09-16 12:36:52.958153,W.P. KUALA LUMPUR,KUALA LUMPUR,PASAR AWAM CHOW KIT,Runcit,26,Sayur-Sayuran,04,002,KACANG BENDI,F.A.Q,Kilogram,8,8.24,
30962357,2026-09-16,2026-09-16 12:36:52.958153,W.P. KUALA LUMPUR,KUALA LUMPUR,PASAR AWAM CHOW KIT,Runcit,26,Sayur-Sayuran,04,007,KACANG PANJANG HIJAU,F.A.Q,Kilogram,8,7.125,
30962358,2026-09-16,2026-09-16 12:36:52.958153,W.P. KUALA LUMPUR,KUALA LUMPUR,PASAR AWAM CHOW KIT,Runcit,26,Sayur-Sayuran,03,006,KUBIS BULAT (TANAH TINGGI),F.A.Q,Kilogram,5,4.5238094,
30962359,2026-09-16,2026-09-16 12:36:52.958153,W.P. KUALA LUMPUR,KUALA LUMPUR,PASAR AWAM CHOW KIT,Runcit,26,Sayur-Sayuran,03,007,SAWI HIJAU,F.A.Q,Kilogram,5,4.45,
30962360,2026-09-16,2026-09-16 12:36:52.958153,W.P. KUALA LUMPUR,KUALA LUMPUR,PASAR AWAM CHOW KIT,Runcit,26,Sayur-Sayuran,02,010,TERUNG PANJANG / PEPARU (TANAH RENDAH),F.A.Q,Kilogram,8,7.92,
30962361,2026-09-16,2026-09-16 12:36:52.958153,W.P. KUALA LUMPUR,KUALA LUMPUR,PASAR AWAM CHOW KIT,Runcit,26,Sayur-Sayuran,02,011,TIMUN HIJAU,F.A.Q,Kilogram,5,4.34,
30962362,2026-09-16,2026-09-16 12:36:52.958153,W.P. KUALA LUMPUR,KUALA LUMPUR,PASAR AWAM CHOW KIT,Runcit,26,Sayur-Sayuran,02,012,TOMATO (TANAH TINGGI),F.A.Q,Kilogram,8,8.833333,
30962363,2026-09-16,2026-09-16 12:37:40.668711,NEGERI SEMBILAN,SEREMBAN,PASAR BESAR SEREMBAN - BAHAGIAN RUNCIT,Runcit,26,Sayur-Sayuran,05,006,LOBAK MERAH (CHINA),F.A.Q,Kilogram,4,4.5333333,
30962364,2026-09-16,2026-09-16 12:37:40.668711,NEGERI SEMBILAN,SEREMBAN,PASAR BESAR SEREMBAN - BAHAGIAN RUNCIT,Runcit,26,Sayur-Sayuran,05,006,LOBAK MERAH (CHINA),F.A.Q,Kilogram,4.5,4.5333333,
30962365,2026-09-16,2026-09-16 12:37:40.668711,NEGERI SEMBILAN,SEREMBAN,PASAR BESAR SEREMBAN - BAHAGIAN RUNCIT,Runcit,26,Sayur-Sayuran,05,006,LOBAK MERAH (CHINA),F.A.Q,Kilogram,4.9,4.5333333,
30962366,2026-09-16,2026-09-16 12:37:40.668711,NEGERI SEMBILAN,SEREMBAN,PASAR BESAR SEREMBAN - BAHAGIAN RUNCIT,Runcit,26,Sayur-Sayuran,05,006,LOBAK PUTIH TANAH TINGGI,F.A.Q,Kilogram,5.5,6.5,
30962367,2026-09-16,2026-09-16 12:37:40.668711,NEGERI SEMBILAN,SEREMBAN,PASAR BESAR SEREMBAN - BAHAGIAN RUNCIT,Runcit,26,Sayur-Sayuran,05,006,LOBAK PUTIH TANAH TINGGI,F.A.Q,Kilogram,6,6.5,
30962368,2026-09-16,2026-09-16 12:37:40.668711,NEGERI SEMBILAN,SEREMBAN,PASAR BESAR SEREMBAN - BAHAGIAN RUNCIT,Runcit,26,Sayur-Sayuran,05,006,LOBAK PUTIH TANAH TINGGI,F.A.Q,Kilogram,6,6.5,
30962369,2026-09-16,2026-09-16 12:37:40.668711,NEGERI SEMBILAN,SEREMBAN,PASAR BESAR SEREMBAN - BAHAGIAN RUNCIT,Runcit,26,Sayur-Sayuran,07,002,PEGAGA,F.A.Q,Kilogram,14,14.5,
30962370,2026-09-16,2026-09-16 12:37:40.668711,NEGERI SEMBILAN,SEREMBAN,PASAR BESAR SEREMBAN - BAHAGIAN RUNCIT,Runcit,26,Sayur-Sayuran,07,002,PEGAGA,F.A.Q,Kilogram,14,14.5,
30962371,2026-09-16,2026-09-16 12:37:40.668711,NEGERI SEMBILAN,SEREMBAN,PASAR BESAR SEREMBAN - BAHAGIAN RUNCIT,Runcit,26,Sayur-Sayuran,07,002,PEGAGA,F.A.Q,Kilogram,15,14.5,
30962372,2026-09-16,2026-09-16 12:37:40.668711,NEGERI SEMBILAN,SEREMBAN,PASAR BESAR SEREMBAN - BAHAGIAN RUNCIT,Runcit,26,Sayur-Sayuran,02,009,PERIA,F.A.Q,Kilogram,7,7.3333335,
30962373,2026-09-16,2026-09-16 12:37:40.668711,NEGERI SEMBILAN,SEREMBAN,PASAR BESAR SEREMBAN - BAHAGIAN RUNCIT,Runcit,26,Sayur-Sayuran,02,009,PERIA,F.A.Q,Kilogram,7,7.3333335,
30962374,2026-09-16,2026-09-16 12:37:40.668711,NEGERI SEMBILAN,SEREMBAN,PASAR BESAR SEREMBAN - BAHAGIAN RUNCIT,Runcit,26,Sayur-Sayuran,02,009,PERIA,F.A.Q,Kilogram,8,7.3333335,
30962375,2026-09-16,2026-09-16 12:37:40.668711,NEGERI SEMBILAN,SEREMBAN,PASAR BESAR SEREMBAN - BAHAGIAN RUNCIT,Runcit,26,Sayur-Sayuran,02,009,PERIA KATAK,F.A.Q,Kilogram,7,7.5,
30962376,2026-09-16,2026-09-16 12:37:40.668711,NEGERI SEMBILAN,SEREMBAN,PASAR BESAR SEREMBAN - BAHAGIAN RUNCIT,Runcit,26,Sayur-Sayuran,02,009,PERIA KATAK,F.A.Q,Kilogram,7,7.5,
30962377,2026-09-16,2026-09-16 12:37:40.668711,NEGERI SEMBILAN,SEREMBAN,PASAR BESAR SEREMBAN - BAHAGIAN RUNCIT,Runcit,26,Sayur-Sayuran,02,009,PERIA KATAK,F.A.Q,Kilogram,8,7.5,
30962378,2026-09-16,2026-09-16 12:37:40.668711,NEGERI SEMBILAN,SEREMBAN,PASAR BESAR SEREMBAN - BAHAGIAN RUNCIT,Runcit,26,Sayur-Sayuran,07,003,PETAI,F.A.Q,RM/5 Keping,10,10,
30962379,2026-09-16,2026-09-16 12:37:40.668711,NEGERI SEMBILAN,SEREMBAN,PASAR BESAR SEREMBAN - BAHAGIAN RUNCIT,Runcit,26,Sayur-Sayuran,07,003,PETAI,F.A.Q,RM/5 Keping,10,10,
30962380,2026-09-16,2026-09-16 12:37:40.668711,NEGERI SEMBILAN,SEREMBAN,PASAR BESAR SEREMBAN - BAHAGIAN RUNCIT,Runcit,26,Sayur-Sayuran,07,003,PETAI,F.A.Q,RM/5 Keping,10,10,
30962381,2026-09-16,2026-09-16 12:37:40.668711,NEGERI SEMBILAN,SEREMBAN,PASAR BESAR SEREMBAN - BAHAGIAN RUNCIT,Runcit,26,Sayur-Sayuran,01,002,REBUNG,F.A.Q,Kilogram,8.5,8.066667,
30962382,2026-09-16,2026-09-16 12:37:40.668711,NEGERI SEMBILAN,SEREMBAN,PASAR BESAR SEREMBAN - BAHAGIAN RUNCIT,Runcit,26,Sayur-Sayuran,01,002,REBUNG,F.A.Q,Kilogram,8,8.066667,
30962383,2026-09-16,2026-09-16 12:37:40.668711,NEGERI SEMBILAN,SEREMBAN,PASAR BESAR SEREMBAN - BAHAGIAN RUNCIT,Runcit,26,Sayur-Sayuran,01,002,REBUNG,F.A.Q,Kilogram,8,8.066667,
30962384,2026-09-16,2026-09-16 12:37:40.668711,NEGERI SEMBILAN,SEREMBAN,PASAR BESAR SEREMBAN - BAHAGIAN RUNCIT,Runcit,26,Sayur-Sayuran,03,027,SALAD,F.A.Q,Kilogram,7,7.6666665,
30962385,2026-09-16,2026-09-16 12:37:40.668711,NEGERI SEMBILAN,SEREMBAN,PASAR BESAR SEREMBAN - BAHAGIAN RUNCIT,Runcit,26,Sayur-Sayuran,03,027,SALAD,F.A.Q,Kilogram,8,7.6666665,
30962386,2026-09-16,2026-09-16 12:37:40.668711,NEGERI SEMBILAN,SEREMBAN,PASAR BESAR SEREMBAN - BAHAGIAN RUNCIT,Runcit,26,Sayur-Sayuran,03,027,SALAD,F.A.Q,Kilogram,8,7.6666665,
30962387,2026-09-16,2026-09-16 12:37:40.668711,NEGERI SEMBILAN,SEREMBAN,PASAR BESAR SEREMBAN - BAHAGIAN RUNCIT,Runcit,26,Sayur-Sayuran,03,027,SALAD BULAT TANAH TINGGI,F.A.Q,Kilogram,9,9,
30962388,2026-09-16,2026-09-16 12:37:40.668711,NEGERI SEMBILAN,SEREMBAN,PASAR BESAR SEREMBAN - BAHAGIAN RUNCIT,Runcit,26,Sayur-Sayuran,03,027,SALAD BULAT TANAH TINGGI,F.A.Q,Kilogram,8.5,9,
30962389,2026-09-16,2026-09-16 12:37:40.668711,NEGERI SEMBILAN,SEREMBAN,PASAR BESAR SEREMBAN - BAHAGIAN RUNCIT,Runcit,26,Sayur-Sayuran,03,027,SALAD BULAT TANAH TINGGI,F.A.Q,Kilogram,9.5,9,
30962390,2026-09-16,2026-09-16 12:37:40.668711,NEGERI SEMBILAN,SEREMBAN,PASAR BESAR SEREMBAN - BAHAGIAN RUNCIT,Runcit,26,Sayur-Sayuran,03,007,SAWI BUNGA,F.A.Q,Kilogram,8,9.333333,
30962391,2026-09-16,2026-09-16 12:37:40.668711,NEGERI SEMBILAN,SEREMBAN,PASAR BESAR SEREMBAN - BAHAGIAN RUNCIT,Runcit,26,Sayur-Sayuran,03,007,SAWI BUNGA,F.A.Q,Kilogram,9,9.333333,
30962392,2026-09-16,2026-09-16 12:37:40.668711,NEGERI SEMBILAN,SEREMBAN,PASAR BESAR SEREMBAN - BAHAGIAN RUNCIT,Runcit,26,Sayur-Sayuran,03,007,SAWI BUNGA,F.A.Q,Kilogram,10,9.333333,
30962393,2026-09-16,2026-09-16 12:37:40.668711,NEGERI SEMBILAN,SEREMBAN,PASAR BESAR SEREMBAN - BAHAGIAN RUNCIT,Runcit,26,Sayur-Sayuran,03,007,SAWI JEPUN,F.A.Q,Kilogram,8,8.01,
30962394,2026-09-16,2026-09-16 12:37:40.668711,NEGERI SEMBILAN,SEREMBAN,PASAR BESAR SEREMBAN - BAHAGIAN RUNCIT,Runcit,26,Sayur-Sayuran,03,007,SAWI JEPUN,F.A.Q,Kilogram,7,8.01,
30962395,2026-09-16,2026-09-16 12:37:40.668711,NEGERI SEMBILAN,SEREMBAN,PASAR BESAR SEREMBAN - BAHAGIAN RUNCIT,Runcit,26,Sayur-Sayuran,03,007,SAWI JEPUN,F.A.Q,Kilogram,8,8.01,
30962396,2026-09-16,2026-09-16 12:37:40.668711,NEGERI SEMBILAN,SEREMBAN,PASAR BESAR SEREMBAN - BAHAGIAN RUNCIT,Runcit,26,Sayur-Sayuran,03,007,SAWI PUTIH PAK CHOY,F.A.Q,Kilogram,8,7.21,
30962397,2026-09-16,2026-09-16 12:37:40.668711,NEGERI SEMBILAN,SEREMBAN,PASAR BESAR SEREMBAN - BAHAGIAN RUNCIT,Runcit,26,Sayur-Sayuran,03,007,SAWI PUTIH PAK CHOY,F.A.Q,Kilogram,7,7.21,
30962398,2026-09-16,2026-09-16 12:37:40.668711,NEGERI SEMBILAN,SEREMBAN,PASAR BESAR SEREMBAN - BAHAGIAN RUNCIT,Runcit,26,Sayur-Sayuran,03,007,SAWI PUTIH PAK CHOY,F.A.Q,Kilogram,8,7.21,
30962399,2026-09-16,2026-09-16 12:37:40.668711,NEGERI SEMBILAN,SEREMBAN,PASAR BESAR SEREMBAN - BAHAGIAN RUNCIT,Runcit,26,Sayur-Sayuran,05,007,SENGKUANG,F.A.Q,Kilogram,4.5,4.733333,
30962400,2026-09-16,2026-09-16 12:37:40.668711,NEGERI SEMBILAN,SEREMBAN,PASAR BESAR SEREMBAN - BAHAGIAN RUNCIT,Runcit,26,Sayur-Sayuran,05,007,SENGKUANG,F.A.Q,Kilogram,4.2,4.733333,
30962401,2026-09-16,2026-09-16 12:37:40.668711,NEGERI SEMBILAN,SEREMBAN,PASAR BESAR SEREMBAN - BAHAGIAN RUNCIT,Runcit,26,Sayur-Sayuran,05,007,SENGKUANG,F.A.Q,Kilogram,5,4.733333,
30962402,2026-09-16,2026-09-16 12:37:40.668711,NEGERI SEMBILAN,SEREMBAN,PASAR BESAR SEREMBAN - BAHAGIAN RUNCIT,Runcit,26,Sayur-Sayuran,05,008,SERAI,F.A.Q,Kilogram,4.9,4.733333,
30962403,2026-09-16,2026-09-16 12:37:40.668711,NEGERI SEMBILAN,SEREMBAN,PASAR BESAR SEREMBAN - BAHAGIAN RUNCIT,Runcit,26,Sayur-Sayuran,05,008,SERAI,F.A.Q,Kilogram,4.6,4.733333,
30962404,2026-09-16,2026-09-16 12:37:40.668711,NEGERI SEMBILAN,SEREMBAN,PASAR BESAR SEREMBAN - BAHAGIAN RUNCIT,Runcit,26,Sayur-Sayuran,05,008,SERAI,F.A.Q,Kilogram,5.2,4.733333,
30962405,2026-09-16,2026-09-16 12:37:40.668711,NEGERI SEMBILAN,SEREMBAN,PASAR BESAR SEREMBAN - BAHAGIAN RUNCIT,Runcit,26,Sayur-Sayuran,03,002,TAUGE,F.A.Q,Kilogram,3.8,3.6,
30962406,2026-09-16,2026-09-16 12:37:40.668711,NEGERI SEMBILAN,SEREMBAN,PASAR BESAR SEREMBAN - BAHAGIAN RUNCIT,Runcit,26,Sayur-Sayuran,03,002,TAUGE,F.A.Q,Kilogram,3.4,3.6,
30962407,2026-09-16,2026-09-16 12:37:40.668711,NEGERI SEMBILAN,SEREMBAN,PASAR BESAR SEREMBAN - BAHAGIAN RUNCIT,Runcit,26,Sayur-Sayuran,03,002,TAUGE,F.A.Q,Kilogram,4,3.6,
30962408,2026-09-16,2026-09-16 12:37:44.08619,NEGERI SEMBILAN,SEREMBAN,PASAR BESAR SEREMBAN - BAHAGIAN BORONG,Borong,20,Sayur-Sayuran,05,006,LOBAK MERAH (CHINA),F.A.Q,Kilogram,3.1,3.2,
30962409,2026-09-16,2026-09-16 12:37:44.08619,NEGERI SEMBILAN,SEREMBAN,PASAR BESAR SEREMBAN - BAHAGIAN BORONG,Borong,20,Sayur-Sayuran,05,006,LOBAK MERAH (CHINA),F.A.Q,Kilogram,3.7,3.2,
30962410,2026-09-16,2026-09-16 12:37:44.08619,NEGERI SEMBILAN,SEREMBAN,PASAR BESAR SEREMBAN - BAHAGIAN BORONG,Borong,20,Sayur-Sayuran,05,006,LOBAK MERAH (CHINA),F.A.Q,Kilogram,3.4,3.2,
30962411,2026-09-16,2026-09-16 12:37:44.08619,NEGERI SEMBILAN,SEREMBAN,PASAR BESAR SEREMBAN - BAHAGIAN BORONG,Borong,20,Sayur-Sayuran,05,006,LOBAK PUTIH TANAH TINGGI,F.A.Q,Kilogram,4.6,5.3,
30962412,2026-09-16,2026-09-16 12:37:44.08619,NEGERI SEMBILAN,SEREMBAN,PASAR BESAR SEREMBAN - BAHAGIAN BORONG,Borong,20,Sayur-Sayuran,05,006,LOBAK PUTIH TANAH TINGGI,F.A.Q,Kilogram,4.9,5.3,
30962413,2026-09-16,2026-09-16 12:37:44.08619,NEGERI SEMBILAN,SEREMBAN,PASAR BESAR SEREMBAN - BAHAGIAN BORONG,Borong,20,Sayur-Sayuran,05,006,LOBAK PUTIH TANAH TINGGI,F.A.Q,Kilogram,4.1,5.3,
30962414,2026-09-16,2026-09-16 12:37:44.08619,NEGERI SEMBILAN,SEREMBAN,PASAR BESAR SEREMBAN - BAHAGIAN BORONG,Borong,20,Sayur-Sayuran,07,002,PEGAGA,F.A.Q,Kilogram,11,10.966666,
30962415,2026-09-16,2026-09-16 12:37:44.08619,NEGERI SEMBILAN,SEREMBAN,PASAR BESAR SEREMBAN - BAHAGIAN BORONG,Borong,20,Sayur-Sayuran,07,002,PEGAGA,F.A.Q,Kilogram,11.8,10.966666,
30962416,2026-09-16,2026-09-16 12:37:44.08619,NEGERI SEMBILAN,SEREMBAN,PASAR BESAR SEREMBAN - BAHAGIAN BORONG,Borong,20,Sayur-Sayuran,07,002,PEGAGA,F.A.Q,Kilogram,11.5,10.966666,
30962417,2026-09-16,2026-09-16 12:37:44.08619,NEGERI SEMBILAN,SEREMBAN,PASAR BESAR SEREMBAN - BAHAGIAN BORONG,Borong,20,Sayur-Sayuran,02,009,PERIA,F.A.Q,Kilogram,5.8,6.233333,
30962418,2026-09-16,2026-09-16 12:37:44.08619,NEGERI SEMBILAN,SEREMBAN,PASAR BESAR SEREMBAN - BAHAGIAN BORONG,Borong,20,Sayur-Sayuran,02,009,PERIA,F.A.Q,Kilogram,6.5,6.233333,
30962419,2026-09-16,2026-09-16 12:37:44.08619,NEGERI SEMBILAN,SEREMBAN,PASAR BESAR SEREMBAN - BAHAGIAN BORONG,Borong,20,Sayur-Sayuran,02,009,PERIA,F.A.Q,Kilogram,6.3,6.233333,
30962420,2026-09-16,2026-09-16 12:37:44.08619,NEGERI SEMBILAN,SEREMBAN,PASAR BESAR SEREMBAN - BAHAGIAN BORONG,Borong,20,Sayur-Sayuran,02,009,PERIA KATAK,F.A.Q,Kilogram,6,6.366667,
30962421,2026-09-16,2026-09-16 12:37:44.08619,NEGERI SEMBILAN,SEREMBAN,PASAR BESAR SEREMBAN - BAHAGIAN BORONG,Borong,20,Sayur-Sayuran,02,009,PERIA KATAK,F.A.Q,Kilogram,6.7,6.366667,
30962422,2026-09-16,2026-09-16 12:37:44.08619,NEGERI SEMBILAN,SEREMBAN,PASAR BESAR SEREMBAN - BAHAGIAN BORONG,Borong,20,Sayur-Sayuran,02,009,PERIA KATAK,F.A.Q,Kilogram,6.5,6.366667,
30962423,2026-09-16,2026-09-16 12:37:44.08619,NEGERI SEMBILAN,SEREMBAN,PASAR BESAR SEREMBAN - BAHAGIAN BORONG,Borong,20,Sayur-Sayuran,07,003,PETAI,F.A.Q,RM/5 Keping,7,7.1,
30962424,2026-09-16,2026-09-16 12:37:44.08619,NEGERI SEMBILAN,SEREMBAN,PASAR BESAR SEREMBAN - BAHAGIAN BORONG,Borong,20,Sayur-Sayuran,07,003,PETAI,F.A.Q,RM/5 Keping,7,7.1,
30962425,2026-09-16,2026-09-16 12:37:44.08619,NEGERI SEMBILAN,SEREMBAN,PASAR BESAR SEREMBAN - BAHAGIAN BORONG,Borong,20,Sayur-Sayuran,07,003,PETAI,F.A.Q,RM/5 Keping,7,7.1,
30962426,2026-09-16,2026-09-16 12:37:44.08619,NEGERI SEMBILAN,SEREMBAN,PASAR BESAR SEREMBAN - BAHAGIAN BORONG,Borong,20,Sayur-Sayuran,01,002,REBUNG,F.A.Q,Kilogram,6.5,5.7,
30962427,2026-09-16,2026-09-16 12:37:44.08619,NEGERI SEMBILAN,SEREMBAN,PASAR BESAR SEREMBAN - BAHAGIAN BORONG,Borong,20,Sayur-Sayuran,01,002,REBUNG,F.A.Q,Kilogram,6.8,5.7,
30962428,2026-09-16,2026-09-16 12:37:44.08619,NEGERI SEMBILAN,SEREMBAN,PASAR BESAR SEREMBAN - BAHAGIAN BORONG,Borong,20,Sayur-Sayuran,01,002,REBUNG,F.A.Q,Kilogram,5.9,5.7,
30962429,2026-09-16,2026-09-16 12:37:44.08619,NEGERI SEMBILAN,SEREMBAN,PASAR BESAR SEREMBAN - BAHAGIAN BORONG,Borong,20,Sayur-Sayuran,03,027,SALAD,F.A.Q,Kilogram,5.4,5.633333,
30962430,2026-09-16,2026-09-16 12:37:44.08619,NEGERI SEMBILAN,SEREMBAN,PASAR BESAR SEREMBAN - BAHAGIAN BORONG,Borong,20,Sayur-Sayuran,03,027,SALAD,F.A.Q,Kilogram,6.2,5.633333,
30962431,2026-09-16,2026-09-16 12:37:44.08619,NEGERI SEMBILAN,SEREMBAN,PASAR BESAR SEREMBAN - BAHAGIAN BORONG,Borong,20,Sayur-Sayuran,03,027,SALAD,F.A.Q,Kilogram,5.6,5.633333,
30962432,2026-09-16,2026-09-16 12:37:44.08619,NEGERI SEMBILAN,SEREMBAN,PASAR BESAR SEREMBAN - BAHAGIAN BORONG,Borong,20,Sayur-Sayuran,03,027,SALAD BULAT TANAH TINGGI,F.A.Q,Kilogram,6.7,7.4333334,
30962433,2026-09-16,2026-09-16 12:37:44.08619,NEGERI SEMBILAN,SEREMBAN,PASAR BESAR SEREMBAN - BAHAGIAN BORONG,Borong,20,Sayur-Sayuran,03,027,SALAD BULAT TANAH TINGGI,F.A.Q,Kilogram,7.4,7.4333334,
30962434,2026-09-16,2026-09-16 12:37:44.08619,NEGERI SEMBILAN,SEREMBAN,PASAR BESAR SEREMBAN - BAHAGIAN BORONG,Borong,20,Sayur-Sayuran,03,027,SALAD BULAT TANAH TINGGI,F.A.Q,Kilogram,7.1,7.4333334,
30962435,2026-09-16,2026-09-16 12:37:44.08619,NEGERI SEMBILAN,SEREMBAN,PASAR BESAR SEREMBAN - BAHAGIAN BORONG,Borong,20,Sayur-Sayuran,03,007,SAWI BUNGA,F.A.Q,Kilogram,7.2,7.266667,
30962436,2026-09-16,2026-09-16 12:37:44.08619,NEGERI SEMBILAN,SEREMBAN,PASAR BESAR SEREMBAN - BAHAGIAN BORONG,Borong,20,Sayur-Sayuran,03,007,SAWI BUNGA,F.A.Q,Kilogram,7.5,7.266667,
30962437,2026-09-16,2026-09-16 12:37:44.08619,NEGERI SEMBILAN,SEREMBAN,PASAR BESAR SEREMBAN - BAHAGIAN BORONG,Borong,20,Sayur-Sayuran,03,007,SAWI BUNGA,F.A.Q,Kilogram,6.9,7.266667,
30962438,2026-09-16,2026-09-16 12:37:44.08619,NEGERI SEMBILAN,SEREMBAN,PASAR BESAR SEREMBAN - BAHAGIAN BORONG,Borong,20,Sayur-Sayuran,03,007,SAWI JEPUN,F.A.Q,Kilogram,5.3,5.633333,
30962439,2026-09-16,2026-09-16 12:37:44.08619,NEGERI SEMBILAN,SEREMBAN,PASAR BESAR SEREMBAN - BAHAGIAN BORONG,Borong,20,Sayur-Sayuran,03,007,SAWI JEPUN,F.A.Q,Kilogram,6.1,5.633333,
30962440,2026-09-16,2026-09-16 12:37:44.08619,NEGERI SEMBILAN,SEREMBAN,PASAR BESAR SEREMBAN - BAHAGIAN BORONG,Borong,20,Sayur-Sayuran,03,007,SAWI JEPUN,F.A.Q,Kilogram,5.7,5.633333,
30962441,2026-09-16,2026-09-16 12:37:44.08619,NEGERI SEMBILAN,SEREMBAN,PASAR BESAR SEREMBAN - BAHAGIAN BORONG,Borong,20,Sayur-Sayuran,03,007,SAWI PUTIH PAK CHOY,F.A.Q,Kilogram,5,5.5,
30962442,2026-09-16,2026-09-16 12:37:44.08619,NEGERI SEMBILAN,SEREMBAN,PASAR BESAR SEREMBAN - BAHAGIAN BORONG,Borong,20,Sayur-Sayuran,03,007,SAWI PUTIH PAK CHOY,F.A.Q,Kilogram,5.8,5.5,
30962443,2026-09-16,2026-09-16 12:37:44.08619,NEGERI SEMBILAN,SEREMBAN,PASAR BESAR SEREMBAN - BAHAGIAN BORONG,Borong,20,Sayur-Sayuran,03,007,SAWI PUTIH PAK CHOY,F.A.Q,Kilogram,5.5,5.5,
30962444,2026-09-16,2026-09-16 12:37:44.08619,NEGERI SEMBILAN,SEREMBAN,PASAR BESAR SEREMBAN - BAHAGIAN BORONG,Borong,20,Sayur-Sayuran,05,007,SENGKUANG,F.A.Q,Kilogram,2.9,3.2666667,
30962445,2026-09-16,2026-09-16 12:37:44.08619,NEGERI SEMBILAN,SEREMBAN,PASAR BESAR SEREMBAN - BAHAGIAN BORONG,Borong,20,Sayur-Sayuran,05,007,SENGKUANG,F.A.Q,Kilogram,3.6,3.2666667,
30962446,2026-09-16,2026-09-16 12:37:44.08619,NEGERI SEMBILAN,SEREMBAN,PASAR BESAR SEREMBAN - BAHAGIAN BORONG,Borong,20,Sayur-Sayuran,05,007,SENGKUANG,F.A.Q,Kilogram,3.2,3.2666667,
30962447,2026-09-16,2026-09-16 12:37:44.08619,NEGERI SEMBILAN,SEREMBAN,PASAR BESAR SEREMBAN - BAHAGIAN BORONG,Borong,20,Sayur-Sayuran,05,008,SERAI,F.A.Q,Kilogram,3.2,3.6,
30962448,2026-09-16,2026-09-16 12:37:44.08619,NEGERI SEMBILAN,SEREMBAN,PASAR BESAR SEREMBAN - BAHAGIAN BORONG,Borong,20,Sayur-Sayuran,05,008,SERAI,F.A.Q,Kilogram,4.1,3.6,
30962449,2026-09-16,2026-09-16 12:37:44.08619,NEGERI SEMBILAN,SEREMBAN,PASAR BESAR SEREMBAN - BAHAGIAN BORONG,Borong,20,Sayur-Sayuran,05,008,SERAI,F.A.Q,Kilogram,3.5,3.6,
30962450,2026-09-16,2026-09-16 12:37:44.08619,NEGERI SEMBILAN,SEREMBAN,PASAR BESAR SEREMBAN - BAHAGIAN BORONG,Borong,20,Sayur-Sayuran,03,002,TAUGE,F.A.Q,Kilogram,2.3,2.5,
30962451,2026-09-16,2026-09-16 12:37:44.08619,NEGERI SEMBILAN,SEREMBAN,PASAR BESAR SEREMBAN - BAHAGIAN BORONG,Borong,20,Sayur-Sayuran,03,002,TAUGE,F.A.Q,Kilogram,2.6,2.5,
30962452,2026-09-16,2026-09-16 12:37:44.08619,NEGERI SEMBILAN,SEREMBAN,PASAR BESAR SEREMBAN - BAHAGIAN BORONG,Borong,20,Sayur-Sayuran,03,002,TAUGE,F.A.Q,Kilogram,2.5,2.5,
30962453,2026-09-16,2026-09-16 12:39:32.442775,W.P. KUALA LUMPUR,TITIWANGSA,PASAR AWAM KERAMAT,Runcit,26,Lain-Lain Makanan Proses,15,001,SANTAN PEKAT,F.A.Q,Kilogram,16,15.22,
30962454,2026-09-16,2026-09-16 12:39:33.50329,W.P. KUALA LUMPUR,KUALA LUMPUR,PASAR AWAM CHOW KIT,Runcit,26,Sayur-Sayuran,03,001,BAYAM,F.A.Q,Kilogram,5,4.630435,
30962455,2026-09-16,2026-09-16 12:39:33.50329,W.P. KUALA LUMPUR,KUALA LUMPUR,PASAR AWAM CHOW KIT,Runcit,26,Sayur-Sayuran,04,002,KACANG BENDI,F.A.Q,Kilogram,10,8.24,
30962456,2026-09-16,2026-09-16 12:39:33.50329,W.P. KUALA LUMPUR,KUALA LUMPUR,PASAR AWAM CHOW KIT,Runcit,26,Sayur-Sayuran,04,007,KACANG PANJANG HIJAU,F.A.Q,Kilogram,8,7.125,
30962457,2026-09-16,2026-09-16 12:39:33.50329,W.P. KUALA LUMPUR,KUALA LUMPUR,PASAR AWAM CHOW KIT,Runcit,26,Sayur-Sayuran,03,006,KUBIS BULAT (TANAH TINGGI),F.A.Q,Kilogram,5,4.5238094,
30962458,2026-09-16,2026-09-16 12:39:33.50329,W.P. KUALA LUMPUR,KUALA LUMPUR,PASAR AWAM CHOW KIT,Runcit,26,Sayur-Sayuran,03,007,SAWI HIJAU,F.A.Q,Kilogram,5,4.45,
30962459,2026-09-16,2026-09-16 12:39:33.50329,W.P. KUALA LUMPUR,KUALA LUMPUR,PASAR AWAM CHOW KIT,Runcit,26,Sayur-Sayuran,02,011,TIMUN HIJAU,F.A.Q,Kilogram,5,4.34,
30962460,2026-09-16,2026-09-16 12:39:33.50329,W.P. KUALA LUMPUR,KUALA LUMPUR,PASAR AWAM CHOW KIT,Runcit,26,Sayur-Sayuran,02,012,TOMATO (TANAH TINGGI),F.A.Q,Kilogram,6,8.833333,
30962461,2026-09-16,2026-09-16 12:40:03.254154,W.P. KUALA LUMPUR,KUALA LUMPUR,PASAR AWAM CHOW KIT,Runcit,26,Ternakan,11,001,TELUR AYAM,B,Biji,0.49,0.49,
30962462,2026-09-16,2026-09-16 12:40:25.966999,W.P. KUALA LUMPUR,KUALA LUMPUR,PASAR AWAM CHOW KIT,Runcit,26,Ternakan,03,002,AYAM PROSES STANDARD,F.A.Q,Kilogram,10,10.205882,
30962463,2026-09-16,2026-09-16 12:40:41.399868,W.P. KUALA LUMPUR,TITIWANGSA,PASAR AWAM KERAMAT,Runcit,26,Hasil Laut & Perikanan,11,008,IKAN KEMBUNG,SEDANG,Kilogram,16,19.83,
30962464,2026-09-16,2026-09-16 12:40:41.399868,W.P. KUALA LUMPUR,TITIWANGSA,PASAR AWAM KERAMAT,Runcit,26,Hasil Laut & Perikanan,11,012,IKAN SARDIN,SEDANG,Kilogram,12,16,
30962465,2026-09-16,2026-09-16 12:40:41.399868,W.P. KUALA LUMPUR,TITIWANGSA,PASAR AWAM KERAMAT,Runcit,26,Hasil Laut & Perikanan,11,015,IKAN SELAR,SEDANG,Kilogram,16,23,
30962466,2026-09-16,2026-09-16 12:41:00.949987,W.P. KUALA LUMPUR,KUALA LUMPUR,PASAR AWAM CHOW KIT,Runcit,26,Buah-Buahan,02,005,BETIK SEKAKI,F.A.Q,Kilogram,10,4.98,
30962467,2026-09-16,2026-09-16 12:41:00.949987,W.P. KUALA LUMPUR,KUALA LUMPUR,PASAR AWAM CHOW KIT,Runcit,26,Buah-Buahan,02,023,NANAS JOSAPINE (AC5),F.A.Q,Kilogram,4,4,
30962468,2026-09-16,2026-09-16 12:41:00.949987,W.P. KUALA LUMPUR,KUALA LUMPUR,PASAR AWAM CHOW KIT,Runcit,26,Buah-Buahan,02,028,PISANG BERANGAN,F.A.Q,Kilogram,6,5.62,
30962469,2026-09-16,2026-09-16 12:41:00.949987,W.P. KUALA LUMPUR,KUALA LUMPUR,PASAR AWAM CHOW KIT,Runcit,26,Buah-Buahan,02,034,TEMBIKAI MERAH TANPA BIJI,F.A.Q,Kilogram,4,4.75,
30962470,2026-09-16,2026-09-16 12:41:32.677485,W.P. KUALA LUMPUR,TITIWANGSA,PASAR AWAM KERAMAT,Runcit,26,Hasil Laut & Perikanan,11,008,IKAN KEMBUNG,SEDANG,Kilogram,24,19.83,
30962471,2026-09-16,2026-09-16 12:41:32.677485,W.P. KUALA LUMPUR,TITIWANGSA,PASAR AWAM KERAMAT,Runcit,26,Hasil Laut & Perikanan,11,012,IKAN SARDIN,SEDANG,Kilogram,16,16,
30962472,2026-09-16,2026-09-16 12:41:32.677485,W.P. KUALA LUMPUR,TITIWANGSA,PASAR AWAM KERAMAT,Runcit,26,Hasil Laut & Perikanan,11,015,IKAN SELAR,SEDANG,Kilogram,20,23,
30962473,2026-09-16,2026-09-16 12:42:02.994455,W.P. KUALA LUMPUR,TITIWANGSA,PASAR AWAM KERAMAT,Runcit,26,Lain-Lain Makanan Proses,15,001,SANTAN BIASA,F.A.Q,Kilogram,16,7,
30962474,2026-09-16,2026-09-16 12:42:06.066875,W.P. KUALA LUMPUR,KUALA LUMPUR,PASAR AWAM CHOW KIT,Runcit,26,Buah-Buahan,02,005,BETIK SEKAKI,F.A.Q,Kilogram,8,8.785714,
30962475,2026-09-16,2026-09-16 12:42:06.066875,W.P. KUALA LUMPUR,KUALA LUMPUR,PASAR AWAM CHOW KIT,Runcit,26,Buah-Buahan,02,023,NANAS JOSAPINE (AC5),F.A.Q,Kilogram,4.5,4.1875,
30962476,2026-09-16,2026-09-16 12:42:06.066875,W.P. KUALA LUMPUR,KUALA LUMPUR,PASAR AWAM CHOW KIT,Runcit,26,Buah-Buahan,02,028,PISANG BERANGAN,F.A.Q,Kilogram,6.5,6.5666666,
30962477,2026-09-16,2026-09-16 12:42:06.066875,W.P. KUALA LUMPUR,KUALA LUMPUR,PASAR AWAM CHOW KIT,Runcit,26,Buah-Buahan,02,034,TEMBIKAI MERAH TANPA BIJI,F.A.Q,Kilogram,4,4,
30962478,2026-09-16,2026-09-16 12:42:31.627046,W.P. KUALA LUMPUR,KUALA LUMPUR,PASAR AWAM CHOW KIT,Runcit,26,Lain-Lain Makanan Proses,15,001,SANTAN PEKAT,F.A.Q,Kilogram,18,11.7,
30962479,2026-09-16,2026-09-16 12:42:46.988834,W.P. KUALA LUMPUR,KUALA LUMPUR,PASAR AWAM CHOW KIT,Runcit,26,Tanaman Kontan,05,001,KELAPA DIKUPAS,SEDANG,Biji,3.5,3.5,
30962480,2026-09-16,2026-09-16 12:43:24.044612,W.P. KUALA LUMPUR,KUALA LUMPUR,PASAR AWAM CHOW KIT,Runcit,26,Ternakan,02,003,DAGING LEMBU PEJAL,F.A.Q,Kilogram,39,40.5,
30962481,2026-09-16,2026-09-16 12:44:23.288197,W.P. KUALA LUMPUR,KUALA LUMPUR,PASAR AWAM CHOW KIT,Runcit,26,Sayur-Sayuran,05,001,BAWANG BESAR MERAH (INDIA),F.A.Q,Kilogram,4,4.230769,
30962482,2026-09-16,2026-09-16 12:44:23.288197,W.P. KUALA LUMPUR,KUALA LUMPUR,PASAR AWAM CHOW KIT,Runcit,26,Sayur-Sayuran,05,001,BAWANG PUTIH (CHINA),F.A.Q,Kilogram,10,10,
30962483,2026-09-16,2026-09-16 12:46:14.80741,W.P. KUALA LUMPUR,TITIWANGSA,PASAR AWAM KERAMAT,Runcit,26,Ternakan,03,002,AYAM PROSES STANDARD,F.A.Q,Kilogram,10.5,10.5,
30962484,2026-09-16,2026-09-16 12:48:44.680725,W.P. KUALA LUMPUR,TITIWANGSA,PASAR AWAM KERAMAT,Runcit,26,Sayur-Sayuran,05,009,UBI KENTANG HOLLAND,F.A.Q,Kilogram,4.5,4.75,
30962485,2026-09-16,2026-09-16 12:48:55.008324,W.P. KUALA LUMPUR,TITIWANGSA,PASAR AWAM KERAMAT,Runcit,26,Sayur-Sayuran,05,009,UBI KENTANG HOLLAND,F.A.Q,Kilogram,4.5,4.75,
30962486,2026-09-16,2026-09-16 12:49:19.643899,W.P. KUALA LUMPUR,TITIWANGSA,PASAR AWAM KERAMAT,Runcit,26,Sayur-Sayuran,05,009,UBI KENTANG HOLLAND,F.A.Q,Kilogram,5,4.75,
30962487,2026-09-16,2026-09-16 12:52:40.394341,W.P. KUALA LUMPUR,TITIWANGSA,PASAR AWAM KERAMAT,Runcit,26,Ternakan,11,001,TELUR AYAM,B,Biji,0.48,0.55,
30962488,2026-09-16,2026-09-16 12:53:20.627721,NEGERI SEMBILAN,SEREMBAN,PASAR BESAR SEREMBAN - BAHAGIAN BORONG,Borong,20,Sayur-Sayuran,02,014,BELIMBING BULUH,F.A.Q,Kilogram,4.6,4.5666666,
30962489,2026-09-16,2026-09-16 12:53:20.627721,NEGERI SEMBILAN,SEREMBAN,PASAR BESAR SEREMBAN - BAHAGIAN BORONG,Borong,20,Sayur-Sayuran,02,014,BELIMBING BULUH,F.A.Q,Kilogram,5,4.5666666,
30962490,2026-09-16,2026-09-16 12:53:20.627721,NEGERI SEMBILAN,SEREMBAN,PASAR BESAR SEREMBAN - BAHAGIAN BORONG,Borong,20,Sayur-Sayuran,02,014,BELIMBING BULUH,F.A.Q,Kilogram,4.2,4.5666666,
30962491,2026-09-16,2026-09-16 12:53:20.627721,NEGERI SEMBILAN,SEREMBAN,PASAR BESAR SEREMBAN - BAHAGIAN BORONG,Borong,20,Sayur-Sayuran,02,001,JAGUNG SAYUR / BABY CORN,F.A.Q,Kilogram,17,19,
30962492,2026-09-16,2026-09-16 12:53:20.627721,NEGERI SEMBILAN,SEREMBAN,PASAR BESAR SEREMBAN - BAHAGIAN BORONG,Borong,20,Sayur-Sayuran,02,001,JAGUNG SAYUR / BABY CORN,F.A.Q,Kilogram,19,19,
30962493,2026-09-16,2026-09-16 12:53:20.627721,NEGERI SEMBILAN,SEREMBAN,PASAR BESAR SEREMBAN - BAHAGIAN BORONG,Borong,20,Sayur-Sayuran,02,001,JAGUNG SAYUR / BABY CORN,F.A.Q,Kilogram,18,19,
30962494,2026-09-16,2026-09-16 12:53:20.627721,NEGERI SEMBILAN,SEREMBAN,PASAR BESAR SEREMBAN - BAHAGIAN BORONG,Borong,20,Sayur-Sayuran,07,003,JERING,F.A.Q,Kilogram,5.3,5.6,
30962495,2026-09-16,2026-09-16 12:53:20.627721,NEGERI SEMBILAN,SEREMBAN,PASAR BESAR SEREMBAN - BAHAGIAN BORONG,Borong,20,Sayur-Sayuran,07,003,JERING,F.A.Q,Kilogram,5.6,5.6,
30962496,2026-09-16,2026-09-16 12:53:20.627721,NEGERI SEMBILAN,SEREMBAN,PASAR BESAR SEREMBAN - BAHAGIAN BORONG,Borong,20,Sayur-Sayuran,07,003,JERING,F.A.Q,Kilogram,5,5.6,
30962497,2026-09-16,2026-09-16 12:53:20.627721,NEGERI SEMBILAN,SEREMBAN,PASAR BESAR SEREMBAN - BAHAGIAN BORONG,Borong,20,Sayur-Sayuran,04,005,KACANG BOTOR,F.A.Q,Kilogram,10,10.833333,
30962498,2026-09-16,2026-09-16 12:53:20.627721,NEGERI SEMBILAN,SEREMBAN,PASAR BESAR SEREMBAN - BAHAGIAN BORONG,Borong,20,Sayur-Sayuran,04,005,KACANG BOTOR,F.A.Q,Kilogram,10.5,10.833333,
30962499,2026-09-16,2026-09-16 12:53:20.627721,NEGERI SEMBILAN,SEREMBAN,PASAR BESAR SEREMBAN - BAHAGIAN BORONG,Borong,20,Sayur-Sayuran,04,005,KACANG BOTOR,F.A.Q,Kilogram,9.7,10.833333,
30962500,2026-09-16,2026-09-16 12:53:40.086354,NEGERI SEMBILAN,SEREMBAN,PASAR BESAR SEREMBAN - BAHAGIAN RUNCIT,Runcit,26,Sayur-Sayuran,02,014,BELIMBING BULUH,F.A.Q,Kilogram,6,6.6666665,
30962501,2026-09-16,2026-09-16 12:53:40.086354,NEGERI SEMBILAN,SEREMBAN,PASAR BESAR SEREMBAN - BAHAGIAN RUNCIT,Runcit,26,Sayur-Sayuran,02,014,BELIMBING BULUH,F.A.Q,Kilogram,6.5,6.6666665,
30962502,2026-09-16,2026-09-16 12:53:40.086354,NEGERI SEMBILAN,SEREMBAN,PASAR BESAR SEREMBAN - BAHAGIAN RUNCIT,Runcit,26,Sayur-Sayuran,02,014,BELIMBING BULUH,F.A.Q,Kilogram,7,6.6666665,
30962503,2026-09-16,2026-09-16 12:53:40.086354,NEGERI SEMBILAN,SEREMBAN,PASAR BESAR SEREMBAN - BAHAGIAN RUNCIT,Runcit,26,Sayur-Sayuran,02,001,JAGUNG SAYUR / BABY CORN,F.A.Q,Kilogram,22,22,
30962504,2026-09-16,2026-09-16 12:53:40.086354,NEGERI SEMBILAN,SEREMBAN,PASAR BESAR SEREMBAN - BAHAGIAN RUNCIT,Runcit,26,Sayur-Sayuran,02,001,JAGUNG SAYUR / BABY CORN,F.A.Q,Kilogram,20,22,
30962505,2026-09-16,2026-09-16 12:53:40.086354,NEGERI SEMBILAN,SEREMBAN,PASAR BESAR SEREMBAN - BAHAGIAN RUNCIT,Runcit,26,Sayur-Sayuran,02,001,JAGUNG SAYUR / BABY CORN,F.A.Q,Kilogram,23,22,
30962506,2026-09-16,2026-09-16 12:53:40.086354,NEGERI SEMBILAN,SEREMBAN,PASAR BESAR SEREMBAN - BAHAGIAN RUNCIT,Runcit,26,Sayur-Sayuran,07,003,JERING,F.A.Q,Kilogram,8,7.266667,
30962507,2026-09-16,2026-09-16 12:53:40.086354,NEGERI SEMBILAN,SEREMBAN,PASAR BESAR SEREMBAN - BAHAGIAN RUNCIT,Runcit,26,Sayur-Sayuran,07,003,JERING,F.A.Q,Kilogram,6.5,7.266667,
30962508,2026-09-16,2026-09-16 12:53:40.086354,NEGERI SEMBILAN,SEREMBAN,PASAR BESAR SEREMBAN - BAHAGIAN RUNCIT,Runcit,26,Sayur-Sayuran,07,003,JERING,F.A.Q,Kilogram,7,7.266667,
30962509,2026-09-16,2026-09-16 12:53:40.086354,NEGERI SEMBILAN,SEREMBAN,PASAR BESAR SEREMBAN - BAHAGIAN RUNCIT,Runcit,26,Sayur-Sayuran,04,005,KACANG BOTOR,F.A.Q,Kilogram,12,12.833333,
30962510,2026-09-16,2026-09-16 12:53:40.086354,NEGERI SEMBILAN,SEREMBAN,PASAR BESAR SEREMBAN - BAHAGIAN RUNCIT,Runcit,26,Sayur-Sayuran,04,005,KACANG BOTOR,F.A.Q,Kilogram,12,12.833333,
30962511,2026-09-16,2026-09-16 12:53:40.086354,NEGERI SEMBILAN,SEREMBAN,PASAR BESAR SEREMBAN - BAHAGIAN RUNCIT,Runcit,26,Sayur-Sayuran,04,005,KACANG BOTOR,F.A.Q,Kilogram,13,12.833333,
30962512,2026-09-16,2026-09-16 17:16:04.049061,W.P. KUALA LUMPUR,KUALA LUMPUR,PASAR BORONG KUALA LUMPUR,Borong,20,Sayur-Sayuran,03,001,BAYAM,F.A.Q,Kilogram,1.5,1.6473684,
30962513,2026-09-16,2026-09-16 17:16:04.049061,W.P. KUALA LUMPUR,KUALA LUMPUR,PASAR BORONG KUALA LUMPUR,Borong,20,Sayur-Sayuran,02,002,CILI MERAH KULAI / KULAI HIBRID,F.A.Q,Kilogram,12,12.277778,
30962514,2026-09-16,2026-09-16 17:16:04.049061,W.P. KUALA LUMPUR,KUALA LUMPUR,PASAR BORONG KUALA LUMPUR,Borong,20,Sayur-Sayuran,02,002,CILI MERAH MINYAK,F.A.Q,Kilogram,9,9.272727,
30962515,2026-09-16,2026-09-16 17:16:04.049061,W.P. KUALA LUMPUR,KUALA LUMPUR,PASAR BORONG KUALA LUMPUR,Borong,20,Sayur-Sayuran,04,002,KACANG BENDI,F.A.Q,Kilogram,4,4.361111,
30962516,2026-09-16,2026-09-16 17:16:04.049061,W.P. KUALA LUMPUR,KUALA LUMPUR,PASAR BORONG KUALA LUMPUR,Borong,20,Sayur-Sayuran,04,007,KACANG PANJANG HIJAU,F.A.Q,Kilogram,4,2.75,
30962517,2026-09-16,2026-09-16 17:16:04.049061,W.P. KUALA LUMPUR,KUALA LUMPUR,PASAR BORONG KUALA LUMPUR,Borong,20,Sayur-Sayuran,03,006,KUBIS BULAT (TANAH TINGGI),F.A.Q,Kilogram,1.5,1.54375,
30962518,2026-09-16,2026-09-16 17:16:04.049061,W.P. KUALA LUMPUR,KUALA LUMPUR,PASAR BORONG KUALA LUMPUR,Borong,20,Sayur-Sayuran,03,007,SAWI HIJAU,F.A.Q,Kilogram,2,2.1863637,
30962519,2026-09-16,2026-09-16 17:16:04.049061,W.P. KUALA LUMPUR,KUALA LUMPUR,PASAR BORONG KUALA LUMPUR,Borong,20,Sayur-Sayuran,02,010,TERUNG PANJANG / PEPARU (TANAH RENDAH),F.A.Q,Kilogram,4.5,6.470588,
30962520,2026-09-16,2026-09-16 17:16:04.049061,W.P. KUALA LUMPUR,KUALA LUMPUR,PASAR BORONG KUALA LUMPUR,Borong,20,Sayur-Sayuran,02,011,TIMUN HIJAU,F.A.Q,Kilogram,1.2,1.8166667,
30962521,2026-09-16,2026-09-16 17:16:04.049061,W.P. KUALA LUMPUR,KUALA LUMPUR,PASAR BORONG KUALA LUMPUR,Borong,20,Sayur-Sayuran,02,012,TOMATO (TANAH TINGGI),F.A.Q,Kilogram,4,7.25,
30962522,2026-09-16,2026-09-16 17:16:58.105499,W.P. KUALA LUMPUR,KUALA LUMPUR,PASAR BORONG KUALA LUMPUR,Borong,20,Sayur-Sayuran,05,001,BAWANG BESAR MERAH (INDIA),F.A.Q,Kilogram,2.77,2.606154,
30962523,2026-09-16,2026-09-16 17:16:58.105499,W.P. KUALA LUMPUR,KUALA LUMPUR,PASAR BORONG KUALA LUMPUR,Borong,20,Sayur-Sayuran,05,001,BAWANG PUTIH (CHINA),F.A.Q,Kilogram,6,6.04,
30962524,2026-09-16,2026-09-16 17:18:19.382843,W.P. KUALA LUMPUR,KUALA LUMPUR,PASAR BORONG KUALA LUMPUR,Borong,20,Ternakan,03,002,AYAM PROSES STANDARD,F.A.Q,Kilogram,8.5,8.65,
30962525,2026-09-16,2026-09-16 17:18:19.382843,W.P. KUALA LUMPUR,KUALA LUMPUR,PASAR BORONG KUALA LUMPUR,Borong,20,Ternakan,02,003,DAGING LEMBU PEJAL,F.A.Q,Kilogram,30,30,
30962526,2026-09-16,2026-09-16 17:18:19.382843,W.P. KUALA LUMPUR,KUALA LUMPUR,PASAR BORONG KUALA LUMPUR,Borong,20,Ternakan,11,001,TELUR AYAM,B,Biji,0.47,0.47857141,
30962527,2026-09-16,2026-09-16 17:18:55.566797,W.P. KUALA LUMPUR,KUALA LUMPUR,PASAR BORONG KUALA LUMPUR,Borong,20,Buah-Buahan,02,023,NANAS JOSAPINE (AC5),F.A.Q,Kilogram,3.5,3.5,
30962528,2026-09-16,2026-09-16 17:18:55.566797,W.P. KUALA LUMPUR,KUALA LUMPUR,PASAR BORONG KUALA LUMPUR,Borong,20,Buah-Buahan,02,028,PISANG BERANGAN,F.A.Q,Kilogram,4.5,3.93,
30962529,2026-09-16,2026-09-16 17:18:55.566797,W.P. KUALA LUMPUR,KUALA LUMPUR,PASAR BORONG KUALA LUMPUR,Borong,20,Buah-Buahan,02,034,TEMBIKAI MERAH TANPA BIJI,F.A.Q,Kilogram,2.2,3.55,
30962530,2026-09-16,2026-09-16 17:19:26.117871,W.P. KUALA LUMPUR,KUALA LUMPUR,PASAR BORONG KUALA LUMPUR,Borong,20,Tanaman Kontan,05,001,KELAPA DIKUPAS,SEDANG,Biji,2.3,2.42,
30962542,2026-09-16,2026-09-16 19:33:22.599009,SELANGOR,KLANG,[LOKASI KUTIPAN HARGA LADANG] JOHAN SETIA,Ladang,,Sayur-Sayuran,03,001,BAYAM,F.A.Q,Kilogram,2,2.64,
30962543,2026-09-16,2026-09-16 19:33:22.690326,SELANGOR,KLANG,[LOKASI KUTIPAN HARGA LADANG] JOHAN SETIA,Ladang,,Sayur-Sayuran,04,002,KACANG BENDI,F.A.Q,Kilogram,4,5.34,
30962544,2026-09-16,2026-09-16 19:33:22.783667,SELANGOR,KLANG,[LOKASI KUTIPAN HARGA LADANG] JOHAN SETIA,Ladang,,Sayur-Sayuran,04,007,KACANG PANJANG HIJAU,F.A.Q,Kilogram,4,4.02,
30962545,2026-09-16,2026-09-16 19:33:22.877578,SELANGOR,KLANG,[LOKASI KUTIPAN HARGA LADANG] JOHAN SETIA,Ladang,,Sayur-Sayuran,03,007,SAWI HIJAU,F.A.Q,Kilogram,3,3.39,
30962546,2026-09-16,2026-09-16 19:33:22.969995,SELANGOR,KLANG,[LOKASI KUTIPAN HARGA LADANG] JOHAN SETIA,Ladang,,Sayur-Sayuran,02,011,TIMUN HIJAU,F.A.Q,Kilogram,2,1.67,
30962547,2026-09-16,2026-09-16 19:33:32.659363,SELANGOR,KLANG,"[LOKASI KUTIPAN HARGA LADANG] KLANG, JALAN NENAS",Ladang,,Sayur-Sayuran,02,002,CILI MERAH KULAI / KULAI HIBRID,F.A.Q,Kilogram,10,10.44,
30962548,2026-09-16,2026-09-16 19:33:47.465782,SELANGOR,KLANG,PASAR BESAR KLANG - BAHAGIAN BORONG,Borong,,Ternakan,03,002,AYAM PROSES STANDARD,F.A.Q,Kilogram,8.5,8.75,
30962549,2026-09-16,2026-09-16 19:34:54.80529,SELANGOR,KLANG,PASAR BESAR KLANG - BAHAGIAN BORONG,Borong,,Sayur-Sayuran,05,001,BAWANG BESAR MERAH (INDIA),F.A.Q,Kilogram,2,2.73,
30962550,2026-09-16,2026-09-16 19:34:54.850248,SELANGOR,KLANG,PASAR BESAR KLANG - BAHAGIAN BORONG,Borong,,Sayur-Sayuran,05,001,BAWANG PUTIH (CHINA),F.A.Q,Kilogram,8.5,5.98,
30962551,2026-09-16,2026-09-16 19:37:39.614804,SELANGOR,KLANG,PASAR BESAR KLANG - BAHAGIAN BORONG,Borong,,Sayur-Sayuran,03,001,BAYAM,F.A.Q,Kilogram,2.5,4.11,
30962552,2026-09-16,2026-09-16 19:37:39.659651,SELANGOR,KLANG,PASAR BESAR KLANG - BAHAGIAN BORONG,Borong,,Sayur-Sayuran,02,002,CILI MERAH KULAI / KULAI HIBRID,F.A.Q,Kilogram,12,13.69,
30962553,2026-09-16,2026-09-16 19:37:39.702741,SELANGOR,KLANG,PASAR BESAR KLANG - BAHAGIAN BORONG,Borong,,Sayur-Sayuran,02,002,CILI MERAH MINYAK,F.A.Q,Kilogram,8,11.76,
30962554,2026-09-16,2026-09-16 19:37:39.744233,SELANGOR,KLANG,PASAR BESAR KLANG - BAHAGIAN BORONG,Borong,,Sayur-Sayuran,04,002,KACANG BENDI,F.A.Q,Kilogram,6,8.23,
30962555,2026-09-16,2026-09-16 19:37:39.791828,SELANGOR,KLANG,PASAR BESAR KLANG - BAHAGIAN BORONG,Borong,,Sayur-Sayuran,04,007,KACANG PANJANG HIJAU,F.A.Q,Kilogram,6,5.88,
30962556,2026-09-16,2026-09-16 19:37:39.835961,SELANGOR,KLANG,PASAR BESAR KLANG - BAHAGIAN BORONG,Borong,,Sayur-Sayuran,03,006,KUBIS BULAT (TANAH TINGGI),F.A.Q,Kilogram,2.8,3.18,
30962557,2026-09-16,2026-09-16 19:37:39.881828,SELANGOR,KLANG,PASAR BESAR KLANG - BAHAGIAN BORONG,Borong,,Sayur-Sayuran,03,007,SAWI HIJAU,F.A.Q,Kilogram,4,4.43,
30962558,2026-09-16,2026-09-16 19:37:39.930396,SELANGOR,KLANG,PASAR BESAR KLANG - BAHAGIAN BORONG,Borong,,Sayur-Sayuran,02,010,TERUNG PANJANG / PEPARU (TANAH RENDAH),F.A.Q,Kilogram,6,7.33,
30962559,2026-09-16,2026-09-16 19:37:39.977787,SELANGOR,KLANG,PASAR BESAR KLANG - BAHAGIAN BORONG,Borong,,Sayur-Sayuran,02,011,TIMUN HIJAU,F.A.Q,Kilogram,2.5,2.57,
30962560,2026-09-16,2026-09-16 19:37:40.017377,SELANGOR,KLANG,PASAR BESAR KLANG - BAHAGIAN BORONG,Borong,,Sayur-Sayuran,02,012,TOMATO (TANAH TINGGI),F.A.Q,Kilogram,6,7,
30962561,2026-09-16,2026-09-16 19:45:02.747168,SELANGOR,KLANG,PASAR BESAR KLANG - BAHAGIAN BORONG,Borong,,Buah-Buahan,02,023,NANAS JOSAPINE (AC5),F.A.Q,Kilogram,3,3.5,
30962562,2026-09-16,2026-09-16 19:45:02.799917,SELANGOR,KLANG,PASAR BESAR KLANG - BAHAGIAN BORONG,Borong,,Buah-Buahan,02,028,PISANG BERANGAN,F.A.Q,Kilogram,3,3.93,
30962563,2026-09-16,2026-09-16 19:45:02.851252,SELANGOR,KLANG,PASAR BESAR KLANG - BAHAGIAN BORONG,Borong,,Buah-Buahan,02,034,TEMBIKAI MERAH TANPA BIJI,F.A.Q,Kilogram,3,3.55,
30962564,2026-09-16,2026-09-16 19:50:06.866739,SELANGOR,KLANG,PASAR BESAR KLANG - BAHAGIAN RUNCIT,Runcit,,Ternakan,03,002,AYAM PROSES STANDARD,F.A.Q,Kilogram,10.5,9.99,
30962565,2026-09-16,2026-09-16 19:52:30.062842,SELANGOR,KLANG,PASAR BESAR KLANG - BAHAGIAN RUNCIT,Runcit,,Buah-Buahan,02,023,NANAS JOSAPINE (AC5),F.A.Q,Kilogram,4,4,
30962566,2026-09-16,2026-09-16 19:52:30.114468,SELANGOR,KLANG,PASAR BESAR KLANG - BAHAGIAN RUNCIT,Runcit,,Buah-Buahan,02,028,PISANG BERANGAN,F.A.Q,Kilogram,5,5.62,
30962567,2026-09-16,2026-09-16 19:52:30.158008,SELANGOR,KLANG,PASAR BESAR KLANG - BAHAGIAN RUNCIT,Runcit,,Buah-Buahan,02,034,TEMBIKAI MERAH TANPA BIJI,F.A.Q,Kilogram,4,4.75,
30962568,2026-09-16,2026-09-16 19:53:54.818719,SELANGOR,KLANG,PASAR BESAR KLANG - BAHAGIAN RUNCIT,Runcit,,Sayur-Sayuran,05,001,BAWANG BESAR MERAH (INDIA),F.A.Q,Kilogram,3.5,4.44,
30962569,2026-09-16,2026-09-16 19:53:54.864065,SELANGOR,KLANG,PASAR BESAR KLANG - BAHAGIAN RUNCIT,Runcit,,Sayur-Sayuran,05,001,BAWANG PUTIH (CHINA),F.A.Q,Kilogram,9.9,8.52,
30962570,2026-09-16,2026-09-16 19:53:54.908627,SELANGOR,KLANG,PASAR BESAR KLANG - BAHAGIAN RUNCIT,Runcit,,Ternakan,11,001,TELUR AYAM,B,Biji,0.48,0.45,
30962571,2026-09-16,2026-09-16 19:56:17.536084,SELANGOR,KLANG,PASAR BESAR KLANG - BAHAGIAN RUNCIT,Runcit,,Ternakan,02,003,DAGING LEMBU PEJAL,F.A.Q,Kilogram,42,39.05,
30962572,2026-09-16,2026-09-16 19:58:13.341358,SELANGOR,KLANG,PASAR BESAR KLANG - BAHAGIAN RUNCIT,Runcit,,Lain-Lain Makanan Proses,15,001,SANTAN PEKAT,F.A.Q,Kilogram,12,11.7,
30962573,2026-09-16,2026-09-16 19:58:13.386663,SELANGOR,KLANG,PASAR BESAR KLANG - BAHAGIAN RUNCIT,Runcit,,Tanaman Kontan,05,001,KELAPA DIKUPAS,SEDANG,Biji,3,2.33,
30962574,2026-09-16,2026-09-16 19:59:13.307558,SELANGOR,KLANG,PASAR BESAR KLANG - BAHAGIAN RUNCIT,Runcit,,Sayur-Sayuran,03,001,BAYAM,F.A.Q,Kilogram,3.5,5.81,
30962575,2026-09-16,2026-09-16 19:59:13.351849,SELANGOR,KLANG,PASAR BESAR KLANG - BAHAGIAN RUNCIT,Runcit,,Sayur-Sayuran,02,002,CILI MERAH KULAI / KULAI HIBRID,F.A.Q,Kilogram,15,16.31,
30962576,2026-09-16,2026-09-16 19:59:13.393118,SELANGOR,KLANG,PASAR BESAR KLANG - BAHAGIAN RUNCIT,Runcit,,Sayur-Sayuran,02,002,CILI MERAH MINYAK,F.A.Q,Kilogram,10,14.1,
30962577,2026-09-16,2026-09-16 19:59:13.435067,SELANGOR,KLANG,PASAR BESAR KLANG - BAHAGIAN RUNCIT,Runcit,,Sayur-Sayuran,04,002,KACANG BENDI,F.A.Q,Kilogram,8,10.44,
30962578,2026-09-16,2026-09-16 19:59:13.479708,SELANGOR,KLANG,PASAR BESAR KLANG - BAHAGIAN RUNCIT,Runcit,,Sayur-Sayuran,04,007,KACANG PANJANG HIJAU,F.A.Q,Kilogram,7,7.99,
30962579,2026-09-16,2026-09-16 19:59:13.523283,SELANGOR,KLANG,PASAR BESAR KLANG - BAHAGIAN RUNCIT,Runcit,,Sayur-Sayuran,03,006,KUBIS BULAT (TANAH TINGGI),F.A.Q,Kilogram,3.3,4.58,
30962580,2026-09-16,2026-09-16 19:59:13.568218,SELANGOR,KLANG,PASAR BESAR KLANG - BAHAGIAN RUNCIT,Runcit,,Sayur-Sayuran,03,007,SAWI HIJAU,F.A.Q,Kilogram,5,6.22,
30962581,2026-09-16,2026-09-16 19:59:13.617106,SELANGOR,KLANG,PASAR BESAR KLANG - BAHAGIAN RUNCIT,Runcit,,Sayur-Sayuran,02,010,TERUNG PANJANG / PEPARU (TANAH RENDAH),F.A.Q,Kilogram,8,9.47,
30962582,2026-09-16,2026-09-16 19:59:13.65801,SELANGOR,KLANG,PASAR BESAR KLANG - BAHAGIAN RUNCIT,Runcit,,Sayur-Sayuran,02,011,TIMUN HIJAU,F.A.Q,Kilogram,3,4.08,
30962583,2026-09-16,2026-09-16 19:59:13.701797,SELANGOR,KLANG,PASAR BESAR KLANG - BAHAGIAN RUNCIT,Runcit,,Sayur-Sayuran,02,012,TOMATO (TANAH TINGGI),F.A.Q,Kilogram,7,8.71,
30962584,2026-09-16,2026-09-16 21:22:33.567492,JOHOR,JOHOR BAHRU,PASAR AWAM LARKIN,Runcit,26,Sayur-Sayuran,05,001,BAWANG BESAR MERAH (INDIA),F.A.Q,Kilogram,6,6,
30962585,2026-09-16,2026-09-16 21:22:33.567492,JOHOR,JOHOR BAHRU,PASAR AWAM LARKIN,Runcit,26,Sayur-Sayuran,05,001,BAWANG PUTIH (CHINA),F.A.Q,Kilogram,15,15,
30962586,2026-09-16,2026-09-16 21:22:33.567492,JOHOR,JOHOR BAHRU,PASAR AWAM LARKIN,Runcit,26,Sayur-Sayuran,03,001,BAYAM,F.A.Q,Kilogram,5.5,5.5,
30962587,2026-09-16,2026-09-16 21:22:33.567492,JOHOR,JOHOR BAHRU,PASAR AWAM LARKIN,Runcit,26,Sayur-Sayuran,02,002,CILI MERAH KULAI / KULAI HIBRID,F.A.Q,Kilogram,17,17.5,
30962588,2026-09-16,2026-09-16 21:22:33.567492,JOHOR,JOHOR BAHRU,PASAR AWAM LARKIN,Runcit,26,Sayur-Sayuran,02,002,CILI MERAH MINYAK,F.A.Q,Kilogram,15,14.75,
30962589,2026-09-16,2026-09-16 21:22:33.567492,JOHOR,JOHOR BAHRU,PASAR AWAM LARKIN,Runcit,26,Sayur-Sayuran,04,002,KACANG BENDI,F.A.Q,Kilogram,9,9.033334,
30962590,2026-09-16,2026-09-16 21:22:33.567492,JOHOR,JOHOR BAHRU,PASAR AWAM LARKIN,Runcit,26,Sayur-Sayuran,04,007,KACANG PANJANG HIJAU,F.A.Q,Kilogram,10,8.2,
30962591,2026-09-16,2026-09-16 21:22:33.567492,JOHOR,JOHOR BAHRU,PASAR AWAM LARKIN,Runcit,26,Sayur-Sayuran,03,006,KUBIS BULAT (TANAH TINGGI),F.A.Q,Kilogram,6,6,
30962592,2026-09-16,2026-09-16 21:22:33.567492,JOHOR,JOHOR BAHRU,PASAR AWAM LARKIN,Runcit,26,Sayur-Sayuran,03,007,SAWI HIJAU,F.A.Q,Kilogram,5,5.5333333,
30962593,2026-09-16,2026-09-16 21:22:33.567492,JOHOR,JOHOR BAHRU,PASAR AWAM LARKIN,Runcit,26,Sayur-Sayuran,02,010,TERUNG PANJANG / PEPARU (TANAH RENDAH),F.A.Q,Kilogram,12,11.066667,
30962594,2026-09-16,2026-09-16 21:22:33.567492,JOHOR,JOHOR BAHRU,PASAR AWAM LARKIN,Runcit,26,Sayur-Sayuran,02,011,TIMUN HIJAU,F.A.Q,Kilogram,3.5,3.5,
30962595,2026-09-16,2026-09-16 21:22:33.567492,JOHOR,JOHOR BAHRU,PASAR AWAM LARKIN,Runcit,26,Sayur-Sayuran,02,012,TOMATO (TANAH TINGGI),F.A.Q,Kilogram,10,9.733334,
30962596,2026-09-16,2026-09-16 21:24:09.787438,JOHOR,JOHOR BAHRU,PASAR AWAM LARKIN,Runcit,26,Ternakan,03,002,AYAM PROSES STANDARD,F.A.Q,Kilogram,10.5,10.382353,
30962597,2026-09-16,2026-09-16 21:24:09.787438,JOHOR,JOHOR BAHRU,PASAR AWAM LARKIN,Runcit,26,Ternakan,02,003,DAGING LEMBU PEJAL,F.A.Q,Kilogram,44,44.714287,
30962598,2026-09-16,2026-09-16 21:24:09.787438,JOHOR,JOHOR BAHRU,PASAR AWAM LARKIN,Runcit,26,Ternakan,11,001,TELUR AYAM,B,Biji,0.52,0.50333333,
30962599,2026-09-16,2026-09-16 21:24:31.292296,JOHOR,JOHOR BAHRU,PASAR AWAM LARKIN,Runcit,26,Lain-Lain Makanan Proses,15,001,SANTAN PEKAT,F.A.Q,Kilogram,15,14.909091,
30962600,2026-09-16,2026-09-16 21:25:03.307433,JOHOR,JOHOR BAHRU,PASAR AWAM LARKIN,Runcit,26,Buah-Buahan,02,023,NANAS JOSAPINE (AC5),F.A.Q,Kilogram,6.5,6.5,
30962601,2026-09-16,2026-09-16 21:25:03.307433,JOHOR,JOHOR BAHRU,PASAR AWAM LARKIN,Runcit,26,Buah-Buahan,02,028,PISANG BERANGAN,F.A.Q,Kilogram,6.5,6.5,
30962602,2026-09-16,2026-09-16 21:25:03.307433,JOHOR,JOHOR BAHRU,PASAR AWAM LARKIN,Runcit,26,Buah-Buahan,02,034,TEMBIKAI MERAH TANPA BIJI,F.A.Q,Kilogram,3,3,
30962603,2026-09-16,2026-09-16 21:25:34.585116,JOHOR,JOHOR BAHRU,PASAR AWAM LARKIN,Runcit,26,Buah-Buahan,02,023,NANAS JOSAPINE (AC5),F.A.Q,Kilogram,6.5,6.5,
30962604,2026-09-16,2026-09-16 21:25:34.585116,JOHOR,JOHOR BAHRU,PASAR AWAM LARKIN,Runcit,26,Buah-Buahan,02,028,PISANG BERANGAN,F.A.Q,Kilogram,6,6.5,
30962605,2026-09-16,2026-09-16 21:25:34.585116,JOHOR,JOHOR BAHRU,PASAR AWAM LARKIN,Runcit,26,Buah-Buahan,02,034,TEMBIKAI MERAH TANPA BIJI,F.A.Q,Kilogram,3,3,
30962606,2026-09-16,2026-09-16 21:26:38.333006,JOHOR,JOHOR BAHRU,PASAR AWAM LARKIN,Runcit,26,Ternakan,03,002,AYAM PROSES STANDARD,F.A.Q,Kilogram,11,10.382353,
30962607,2026-09-16,2026-09-16 21:26:38.333006,JOHOR,JOHOR BAHRU,PASAR AWAM LARKIN,Runcit,26,Ternakan,11,001,TELUR AYAM,B,Biji,0.52,0.50333333,
30962608,2026-09-16,2026-09-16 21:27:07.395465,JOHOR,JOHOR BAHRU,PASAR AWAM LARKIN,Runcit,26,Ternakan,03,002,AYAM PROSES STANDARD,F.A.Q,Kilogram,10.5,10.382353,
30962609,2026-09-16,2026-09-16 21:27:29.147782,JOHOR,JOHOR BAHRU,PASAR AWAM LARKIN,Runcit,26,Tanaman Kontan,05,001,KELAPA DIKUPAS,SEDANG,Biji,4,4.1363635,
30962610,2026-09-16,2026-09-16 21:29:43.598865,JOHOR,JOHOR BAHRU,PASAR BORONG PANDAN,Borong,20,Sayur-Sayuran,05,001,BAWANG BESAR MERAH (INDIA),F.A.Q,Kilogram,4,4,
30962611,2026-09-16,2026-09-16 21:29:43.598865,JOHOR,JOHOR BAHRU,PASAR BORONG PANDAN,Borong,20,Sayur-Sayuran,05,001,BAWANG PUTIH (CHINA),F.A.Q,Kilogram,12.5,12.5,
30962612,2026-09-16,2026-09-16 21:29:43.598865,JOHOR,JOHOR BAHRU,PASAR BORONG PANDAN,Borong,20,Sayur-Sayuran,03,001,BAYAM,F.A.Q,Kilogram,4,3.9285715,
30962613,2026-09-16,2026-09-16 21:29:43.598865,JOHOR,JOHOR BAHRU,PASAR BORONG PANDAN,Borong,20,Sayur-Sayuran,02,002,CILI MERAH KULAI / KULAI HIBRID,F.A.Q,Kilogram,16,15.285714,
30962614,2026-09-16,2026-09-16 21:29:43.598865,JOHOR,JOHOR BAHRU,PASAR BORONG PANDAN,Borong,20,Sayur-Sayuran,02,002,CILI MERAH MINYAK,F.A.Q,Kilogram,10.47,10.47,
30962615,2026-09-16,2026-09-16 21:29:43.598865,JOHOR,JOHOR BAHRU,PASAR BORONG PANDAN,Borong,20,Sayur-Sayuran,04,002,KACANG BENDI,F.A.Q,Kilogram,7,7,
30962616,2026-09-16,2026-09-16 21:29:43.598865,JOHOR,JOHOR BAHRU,PASAR BORONG PANDAN,Borong,20,Sayur-Sayuran,04,007,KACANG PANJANG HIJAU,F.A.Q,Kilogram,7,6,
30962617,2026-09-16,2026-09-16 21:29:43.598865,JOHOR,JOHOR BAHRU,PASAR BORONG PANDAN,Borong,20,Sayur-Sayuran,03,006,KUBIS BULAT (TANAH TINGGI),F.A.Q,Kilogram,4.5,4.857143,
30962618,2026-09-16,2026-09-16 21:29:43.598865,JOHOR,JOHOR BAHRU,PASAR BORONG PANDAN,Borong,20,Sayur-Sayuran,03,007,SAWI HIJAU,F.A.Q,Kilogram,3.5,3.7857144,
30962619,2026-09-16,2026-09-16 21:29:43.598865,JOHOR,JOHOR BAHRU,PASAR BORONG PANDAN,Borong,20,Sayur-Sayuran,02,010,TERUNG PANJANG / PEPARU (TANAH RENDAH),F.A.Q,Kilogram,9,8,
30962620,2026-09-16,2026-09-16 21:29:43.598865,JOHOR,JOHOR BAHRU,PASAR BORONG PANDAN,Borong,20,Sayur-Sayuran,02,011,TIMUN HIJAU,F.A.Q,Kilogram,2.3,2.3,
30962621,2026-09-16,2026-09-16 21:29:43.598865,JOHOR,JOHOR BAHRU,PASAR BORONG PANDAN,Borong,20,Sayur-Sayuran,02,012,TOMATO (TANAH TINGGI),F.A.Q,Kilogram,8,7.857143,
30962622,2026-09-16,2026-09-16 21:30:17.628331,JOHOR,JOHOR BAHRU,PASAR BORONG PANDAN,Borong,20,Buah-Buahan,02,023,NANAS JOSAPINE (AC5),F.A.Q,Kilogram,4,4,
30962623,2026-09-16,2026-09-16 21:30:17.628331,JOHOR,JOHOR BAHRU,PASAR BORONG PANDAN,Borong,20,Buah-Buahan,02,028,PISANG BERANGAN,F.A.Q,Kilogram,4,4,
30962624,2026-09-16,2026-09-16 21:30:17.628331,JOHOR,JOHOR BAHRU,PASAR BORONG PANDAN,Borong,20,Buah-Buahan,02,034,TEMBIKAI MERAH TANPA BIJI,F.A.Q,Kilogram,2.5,2.5,
30962625,2026-09-16,2026-09-16 21:30:40.108275,JOHOR,JOHOR BAHRU,PASAR BORONG PANDAN,Borong,20,Buah-Buahan,02,023,NANAS JOSAPINE (AC5),F.A.Q,Kilogram,4,4,
30962626,2026-09-16,2026-09-16 21:30:40.108275,JOHOR,JOHOR BAHRU,PASAR BORONG PANDAN,Borong,20,Buah-Buahan,02,028,PISANG BERANGAN,F.A.Q,Kilogram,4,4,
30962627,2026-09-16,2026-09-16 21:30:40.108275,JOHOR,JOHOR BAHRU,PASAR BORONG PANDAN,Borong,20,Buah-Buahan,02,034,TEMBIKAI MERAH TANPA BIJI,F.A.Q,Kilogram,2.5,2.5,
30962628,2026-09-16,2026-09-16 21:31:09.935801,JOHOR,JOHOR BAHRU,,Borong,20,Ternakan,03,002,AYAM PROSES STANDARD,F.A.Q,Kilogram,7.5,7.5,
30962629,2026-09-16,2026-09-16 21:31:09.935801,JOHOR,JOHOR BAHRU,,Borong,20,Ternakan,11,001,TELUR AYAM,B,Biji,0.5,0.5,
30962630,2026-09-16,2026-09-16 21:32:44.445075,JOHOR,JOHOR BAHRU,,Ladang,27,Sayur-Sayuran,03,001,BAYAM,F.A.Q,Kilogram,2.5,2.7857144,
30962631,2026-09-16,2026-09-16 21:32:44.445075,JOHOR,JOHOR BAHRU,,Ladang,27,Sayur-Sayuran,02,002,CILI MERAH KULAI / KULAI HIBRID,F.A.Q,Kilogram,14,14,
30962632,2026-09-16,2026-09-16 21:32:44.445075,JOHOR,JOHOR BAHRU,,Ladang,27,Sayur-Sayuran,02,002,CILI MERAH MINYAK,F.A.Q,Kilogram,8.75,8.75,
30962633,2026-09-16,2026-09-16 21:32:44.445075,JOHOR,JOHOR BAHRU,,Ladang,27,Sayur-Sayuran,04,002,KACANG BENDI,F.A.Q,Kilogram,5,5,
30962634,2026-09-16,2026-09-16 21:32:44.445075,JOHOR,JOHOR BAHRU,,Ladang,27,Sayur-Sayuran,04,003,KACANG BUNCIS,F.A.Q,Kilogram,6,6,
30962635,2026-09-16,2026-09-16 21:32:44.445075,JOHOR,JOHOR BAHRU,,Ladang,27,Sayur-Sayuran,04,007,KACANG PANJANG HIJAU,F.A.Q,Kilogram,5,5.571429,
30962636,2026-09-16,2026-09-16 21:32:44.445075,JOHOR,JOHOR BAHRU,,Ladang,27,Sayur-Sayuran,03,007,SAWI HIJAU,F.A.Q,Kilogram,2.5,2.7857144,
30962637,2026-09-16,2026-09-16 21:32:44.445075,JOHOR,JOHOR BAHRU,,Ladang,27,Sayur-Sayuran,02,010,TERUNG PANJANG / PEPARU (TANAH RENDAH),F.A.Q,Kilogram,7,5.857143,
30962638,2026-09-16,2026-09-16 21:32:44.445075,JOHOR,JOHOR BAHRU,,Ladang,27,Sayur-Sayuran,02,011,TIMUN HIJAU,F.A.Q,Kilogram,1.8,1.8,
30962639,2026-09-16,2026-09-16 21:33:16.263143,JOHOR,JOHOR BAHRU,,Ladang,27,Buah-Buahan,02,023,NANAS JOSAPINE (AC5),F.A.Q,Kilogram,3,2,
30962640,2026-09-16,2026-09-16 21:33:16.263143,JOHOR,JOHOR BAHRU,,Ladang,27,Buah-Buahan,02,028,PISANG BERANGAN,F.A.Q,Kilogram,3,2.48,
30962641,2026-09-16,2026-09-16 21:33:16.263143,JOHOR,JOHOR BAHRU,,Ladang,27,Buah-Buahan,02,034,TEMBIKAI MERAH TANPA BIJI,F.A.Q,Kilogram,2,2.46,
30962642,2026-09-16,2026-09-16 21:33:31.957797,JOHOR,JOHOR BAHRU,,Ladang,27,Buah-Buahan,02,005,BETIK SEKAKI,F.A.Q,Kilogram,3,2.34,
30962643,2026-09-16,2026-09-16 21:33:31.957797,JOHOR,JOHOR BAHRU,,Ladang,27,Buah-Buahan,02,028,PISANG MAS,F.A.Q,Kilogram,2.5,2.27,
30962644,2026-09-16,2026-09-16 21:33:44.59406,JOHOR,JOHOR BAHRU,,Ladang,27,Tanaman Kontan,05,001,KELAPA DIKUPAS,SEDANG,Biji,1.9,1.9,
30962645,2026-09-16,2026-09-16 21:34:23.013745,JOHOR,JOHOR BAHRU,,Ladang,27,Ternakan,11,001,TELUR AYAM,A,Biji,0.41,0.41,
30962646,2026-09-16,2026-09-16 21:34:23.013745,JOHOR,JOHOR BAHRU,,Ladang,27,Ternakan,11,001,TELUR AYAM,C,Biji,0.37,0.37,
30962647,2026-09-16,2026-09-16 21:34:23.013745,JOHOR,JOHOR BAHRU,,Ladang,27,Ternakan,11,001,TELUR AYAM,B,Biji,0.39,0.39,
30962648,2026-09-16,2026-09-17 05:26:34.872855,PULAU PINANG,SEBERANG PERAI TENGAH,PASAR AWAM SEBERANG JAYA,Runcit,26,Sayur-Sayuran,02,014,BELIMBING BULUH,F.A.Q,Kilogram,5,8.3,
30962649,2026-09-16,2026-09-17 05:26:34.872855,PULAU PINANG,SEBERANG PERAI TENGAH,PASAR AWAM SEBERANG JAYA,Runcit,26,Sayur-Sayuran,03,003,BROKOLI (IMPORT),F.A.Q,Kilogram,12,12.31,
30962650,2026-09-16,2026-09-17 05:52:52.507803,PULAU PINANG,SEBERANG PERAI TENGAH,PASAR AWAM SEBERANG JAYA,Runcit,26,Sayur-Sayuran,03,035,BUNGA KANTAN,F.A.Q,Tangkai,4,3,
30962651,2026-09-16,2026-09-17 05:52:52.507803,PULAU PINANG,SEBERANG PERAI TENGAH,PASAR AWAM SEBERANG JAYA,Runcit,26,Sayur-Sayuran,03,035,BUNGA KANTAN,F.A.Q,Tangkai,2,3,
30962652,2026-09-16,2026-09-17 05:52:52.507803,PULAU PINANG,SEBERANG PERAI TENGAH,PASAR AWAM SEBERANG JAYA,Runcit,26,Sayur-Sayuran,06,001,CENDAWAN TIRAM KELABU,F.A.Q,Kilogram,19,19,
30962653,2026-09-16,2026-09-17 05:52:52.507803,PULAU PINANG,SEBERANG PERAI TENGAH,PASAR AWAM SEBERANG JAYA,Runcit,26,Sayur-Sayuran,02,002,CILI PADI AKAR (THAILAND),F.A.Q,Kilogram,12,15.04,
30962654,2026-09-16,2026-09-17 05:52:52.507803,PULAU PINANG,SEBERANG PERAI TENGAH,PASAR AWAM SEBERANG JAYA,Runcit,26,Sayur-Sayuran,02,002,CILI PADI AKAR (THAILAND),F.A.Q,Kilogram,10,15.04,
30962655,2026-09-16,2026-09-17 05:52:52.507803,PULAU PINANG,SEBERANG PERAI TENGAH,PASAR AWAM SEBERANG JAYA,Runcit,26,Sayur-Sayuran,03,011,DAUN KESUM,F.A.Q,Kilogram,9,9,
30962656,2026-09-16,2026-09-17 05:52:52.507803,PULAU PINANG,SEBERANG PERAI TENGAH,PASAR AWAM SEBERANG JAYA,Runcit,26,Sayur-Sayuran,03,021,DAUN KETUMBAR (IMPORT),F.A.Q,Kilogram,25,30,
30962657,2026-09-16,2026-09-17 05:52:52.507803,PULAU PINANG,SEBERANG PERAI TENGAH,PASAR AWAM SEBERANG JAYA,Runcit,26,Sayur-Sayuran,07,002,DAUN SELOM,F.A.Q,Kilogram,9,9,
30962658,2026-09-16,2026-09-17 05:52:52.507803,PULAU PINANG,SEBERANG PERAI TENGAH,PASAR AWAM SEBERANG JAYA,Runcit,26,Sayur-Sayuran,05,002,HALIA MUDA,F.A.Q,Kilogram,15,15,
30962659,2026-09-16,2026-09-17 05:52:52.507803,PULAU PINANG,SEBERANG PERAI TENGAH,PASAR AWAM SEBERANG JAYA,Runcit,26,Sayur-Sayuran,05,002,HALIA TUA (IMPORT),F.A.Q,Kilogram,10,10,
30962660,2026-09-16,2026-09-17 05:52:52.507803,PULAU PINANG,SEBERANG PERAI TENGAH,PASAR AWAM SEBERANG JAYA,Runcit,26,Sayur-Sayuran,07,003,JERING,F.A.Q,Kilogram,9,9,
30962661,2026-09-16,2026-09-17 05:52:52.507803,PULAU PINANG,SEBERANG PERAI TENGAH,PASAR AWAM SEBERANG JAYA,Runcit,26,Sayur-Sayuran,04,005,KACANG BOTOR,F.A.Q,Kilogram,16,15,
30962662,2026-09-16,2026-09-17 05:52:52.507803,PULAU PINANG,SEBERANG PERAI TENGAH,PASAR AWAM SEBERANG JAYA,Runcit,26,Sayur-Sayuran,03,018,KAILAN,F.A.Q,Kilogram,10,10,
30962663,2026-09-16,2026-09-17 05:52:52.507803,PULAU PINANG,SEBERANG PERAI TENGAH,PASAR AWAM SEBERANG JAYA,Runcit,26,Sayur-Sayuran,05,003,KELADI,F.A.Q,Kilogram,8,8,
30962664,2026-09-16,2026-09-17 05:52:52.507803,PULAU PINANG,SEBERANG PERAI TENGAH,PASAR AWAM SEBERANG JAYA,Runcit,26,Sayur-Sayuran,02,004,KETOLA / PETOLA SEGI,F.A.Q,Kilogram,7,7,
30962665,2026-09-16,2026-09-17 05:52:52.507803,PULAU PINANG,SEBERANG PERAI TENGAH,PASAR AWAM SEBERANG JAYA,Runcit,26,Sayur-Sayuran,03,006,KUBIS BULAT BEIJING (IMPORT),F.A.Q,Kilogram,6,6,
30962666,2026-09-16,2026-09-17 05:52:52.507803,PULAU PINANG,SEBERANG PERAI TENGAH,PASAR AWAM SEBERANG JAYA,Runcit,26,Sayur-Sayuran,03,004,KUBIS BUNGA (IMPORT),F.A.Q,Kilogram,8,8.93,
30962667,2026-09-16,2026-09-17 05:52:52.507803,PULAU PINANG,SEBERANG PERAI TENGAH,PASAR AWAM SEBERANG JAYA,Runcit,26,Sayur-Sayuran,03,005,KUBIS PANJANG / CINA,F.A.Q,Kilogram,6,5.94,
30962668,2026-09-16,2026-09-17 05:52:52.507803,PULAU PINANG,SEBERANG PERAI TENGAH,PASAR AWAM SEBERANG JAYA,Runcit,26,Sayur-Sayuran,02,005,KUNDUR BULAT,F.A.Q,Kilogram,5,5,
30962669,2026-09-16,2026-09-17 05:52:52.507803,PULAU PINANG,SEBERANG PERAI TENGAH,PASAR AWAM SEBERANG JAYA,Runcit,26,Sayur-Sayuran,05,004,KUNYIT,F.A.Q,Kilogram,12,12,
30962670,2026-09-16,2026-09-17 05:52:52.507803,PULAU PINANG,SEBERANG PERAI TENGAH,PASAR AWAM SEBERANG JAYA,Runcit,26,Sayur-Sayuran,02,006,LABU AIR,F.A.Q,Kilogram,5,5,
30962671,2026-09-16,2026-09-17 05:52:52.507803,PULAU PINANG,SEBERANG PERAI TENGAH,PASAR AWAM SEBERANG JAYA,Runcit,26,Sayur-Sayuran,02,006,LABU MANIS,F.A.Q,Kilogram,6,6,
30962672,2026-09-16,2026-09-17 05:52:52.507803,PULAU PINANG,SEBERANG PERAI TENGAH,PASAR AWAM SEBERANG JAYA,Runcit,26,Sayur-Sayuran,02,003,LADA BENGGALA / CAPSICUM HIJAU,F.A.Q,Kilogram,15,12.5,
30962673,2026-09-16,2026-09-17 05:52:52.507803,PULAU PINANG,SEBERANG PERAI TENGAH,PASAR AWAM SEBERANG JAYA,Runcit,26,Sayur-Sayuran,02,003,LADA BENGGALA / CAPSICUM HIJAU,F.A.Q,Kilogram,10,12.5,
30962674,2026-09-16,2026-09-17 05:52:52.507803,PULAU PINANG,SEBERANG PERAI TENGAH,PASAR AWAM SEBERANG JAYA,Runcit,26,Sayur-Sayuran,02,003,LADA BENGGALA / CAPSICUM KUNING,F.A.Q,Kilogram,15,13.72,
30962675,2026-09-16,2026-09-17 05:52:52.507803,PULAU PINANG,SEBERANG PERAI TENGAH,PASAR AWAM SEBERANG JAYA,Runcit,26,Sayur-Sayuran,02,003,LADA BENGGALA / CAPSICUM KUNING,F.A.Q,Kilogram,10,13.72,
30962676,2026-09-16,2026-09-17 05:52:52.507803,PULAU PINANG,SEBERANG PERAI TENGAH,PASAR AWAM SEBERANG JAYA,Runcit,26,Sayur-Sayuran,02,003,LADA BENGGALA / CAPSICUM MERAH,F.A.Q,Kilogram,15,13.94,
30962677,2026-09-16,2026-09-17 05:52:52.507803,PULAU PINANG,SEBERANG PERAI TENGAH,PASAR AWAM SEBERANG JAYA,Runcit,26,Sayur-Sayuran,02,003,LADA BENGGALA / CAPSICUM MERAH,F.A.Q,Kilogram,10,13.94,
30962678,2026-09-16,2026-09-17 05:52:52.507803,PULAU PINANG,SEBERANG PERAI TENGAH,PASAR AWAM SEBERANG JAYA,Runcit,26,Sayur-Sayuran,05,005,LENGKUAS,F.A.Q,Kilogram,12,7.19,
30962679,2026-09-16,2026-09-17 05:52:52.507803,PULAU PINANG,SEBERANG PERAI TENGAH,PASAR AWAM SEBERANG JAYA,Runcit,26,Sayur-Sayuran,02,007,LIMAU KASTURI,F.A.Q,Kilogram,12,11.02,
30962680,2026-09-16,2026-09-17 05:52:52.507803,PULAU PINANG,SEBERANG PERAI TENGAH,PASAR AWAM SEBERANG JAYA,Runcit,26,Sayur-Sayuran,02,007,LIMAU KASTURI,F.A.Q,Kilogram,8,11.02,
30962681,2026-09-16,2026-09-17 05:52:52.507803,PULAU PINANG,SEBERANG PERAI TENGAH,PASAR AWAM SEBERANG JAYA,Runcit,26,Sayur-Sayuran,02,007,LIMAU NIPIS,F.A.Q,Kilogram,12,10,
30962682,2026-09-16,2026-09-17 05:52:52.507803,PULAU PINANG,SEBERANG PERAI TENGAH,PASAR AWAM SEBERANG JAYA,Runcit,26,Sayur-Sayuran,02,007,LIMAU NIPIS,F.A.Q,Kilogram,8,10,
30962683,2026-09-16,2026-09-17 05:52:52.507803,PULAU PINANG,SEBERANG PERAI TENGAH,PASAR AWAM SEBERANG JAYA,Runcit,26,Sayur-Sayuran,05,006,LOBAK MERAH (CHINA),F.A.Q,Kilogram,5,5,
30962684,2026-09-16,2026-09-17 05:52:52.507803,PULAU PINANG,SEBERANG PERAI TENGAH,PASAR AWAM SEBERANG JAYA,Runcit,26,Sayur-Sayuran,05,006,LOBAK PUTIH TANAH TINGGI,F.A.Q,Kilogram,7,6.71,
30962685,2026-09-16,2026-09-17 05:52:52.507803,PULAU PINANG,SEBERANG PERAI TENGAH,PASAR AWAM SEBERANG JAYA,Runcit,26,Sayur-Sayuran,07,002,PEGAGA,F.A.Q,Kilogram,20,20,
30962686,2026-09-16,2026-09-17 05:52:52.507803,PULAU PINANG,SEBERANG PERAI TENGAH,PASAR AWAM SEBERANG JAYA,Runcit,26,Sayur-Sayuran,02,009,PERIA,F.A.Q,Kilogram,10,10,
30962687,2026-09-16,2026-09-17 05:52:52.507803,PULAU PINANG,SEBERANG PERAI TENGAH,PASAR AWAM SEBERANG JAYA,Runcit,26,Sayur-Sayuran,02,009,PERIA KATAK,F.A.Q,Kilogram,10,10,
30962688,2026-09-16,2026-09-17 05:52:52.507803,PULAU PINANG,SEBERANG PERAI TENGAH,PASAR AWAM SEBERANG JAYA,Runcit,26,Sayur-Sayuran,07,003,PETAI,F.A.Q,RM/5 Keping,9,7,
30962689,2026-09-16,2026-09-17 05:52:52.507803,PULAU PINANG,SEBERANG PERAI TENGAH,PASAR AWAM SEBERANG JAYA,Runcit,26,Sayur-Sayuran,07,002,PUCUK GAJUS,F.A.Q,Kilogram,7,20,
30962690,2026-09-16,2026-09-17 05:52:52.507803,PULAU PINANG,SEBERANG PERAI TENGAH,PASAR AWAM SEBERANG JAYA,Runcit,26,Sayur-Sayuran,03,026,PUCUK PAKU,F.A.Q,Kilogram,8,10.25,
30962691,2026-09-16,2026-09-17 05:52:52.507803,PULAU PINANG,SEBERANG PERAI TENGAH,PASAR AWAM SEBERANG JAYA,Runcit,26,Sayur-Sayuran,03,027,SALAD,F.A.Q,Kilogram,10,10.07,
30962692,2026-09-16,2026-09-17 05:52:52.507803,PULAU PINANG,SEBERANG PERAI TENGAH,PASAR AWAM SEBERANG JAYA,Runcit,26,Sayur-Sayuran,03,027,SALAD BULAT TANAH TINGGI,F.A.Q,Kilogram,10,10,
30962693,2026-09-16,2026-09-17 05:52:52.507803,PULAU PINANG,SEBERANG PERAI TENGAH,PASAR AWAM SEBERANG JAYA,Runcit,26,Sayur-Sayuran,03,007,SAWI BUNGA,F.A.Q,Kilogram,12,12,
30962694,2026-09-16,2026-09-17 05:52:52.507803,PULAU PINANG,SEBERANG PERAI TENGAH,PASAR AWAM SEBERANG JAYA,Runcit,26,Sayur-Sayuran,03,007,SAWI JEPUN,F.A.Q,Kilogram,8,8,
30962695,2026-09-16,2026-09-17 05:52:52.507803,PULAU PINANG,SEBERANG PERAI TENGAH,PASAR AWAM SEBERANG JAYA,Runcit,26,Sayur-Sayuran,03,007,SAWI PAHIT,F.A.Q,Kilogram,8,8,
30962696,2026-09-16,2026-09-17 05:52:52.507803,PULAU PINANG,SEBERANG PERAI TENGAH,PASAR AWAM SEBERANG JAYA,Runcit,26,Sayur-Sayuran,03,007,SAWI PUTIH PAK CHOY,F.A.Q,Kilogram,8,8,
30962697,2026-09-16,2026-09-17 05:52:52.507803,PULAU PINANG,SEBERANG PERAI TENGAH,PASAR AWAM SEBERANG JAYA,Runcit,26,Sayur-Sayuran,07,004,SELASIH,F.A.Q,Kilogram,13,15,
30962698,2026-09-16,2026-09-17 05:52:52.507803,PULAU PINANG,SEBERANG PERAI TENGAH,PASAR AWAM SEBERANG JAYA,Runcit,26,Sayur-Sayuran,05,007,SENGKUANG,F.A.Q,Kilogram,6,6,
30962699,2026-09-16,2026-09-17 05:52:52.507803,PULAU PINANG,SEBERANG PERAI TENGAH,PASAR AWAM SEBERANG JAYA,Runcit,26,Sayur-Sayuran,05,008,SERAI,F.A.Q,Kilogram,7,7,
30962700,2026-09-16,2026-09-17 05:52:52.507803,PULAU PINANG,SEBERANG PERAI TENGAH,PASAR AWAM SEBERANG JAYA,Runcit,26,Sayur-Sayuran,03,002,TAUGE,F.A.Q,Kilogram,4.5,4.5,
30962701,2026-09-16,2026-09-17 05:52:52.507803,PULAU PINANG,SEBERANG PERAI TENGAH,PASAR AWAM SEBERANG JAYA,Runcit,26,Sayur-Sayuran,07,002,TENGGEK BURUNG,F.A.Q,Kilogram,20,20,
30962702,2026-09-16,2026-09-17 05:52:52.507803,PULAU PINANG,SEBERANG PERAI TENGAH,PASAR AWAM SEBERANG JAYA,Runcit,26,Sayur-Sayuran,02,010,TERUNG BULAT,F.A.Q,Kilogram,10,12,
30962703,2026-09-16,2026-09-17 05:52:52.507803,PULAU PINANG,SEBERANG PERAI TENGAH,PASAR AWAM SEBERANG JAYA,Runcit,26,Sayur-Sayuran,02,010,TERUNG BULAT,F.A.Q,Kilogram,6,12,
30962704,2026-09-16,2026-09-17 05:52:52.507803,PULAU PINANG,SEBERANG PERAI TENGAH,PASAR AWAM SEBERANG JAYA,Runcit,26,Sayur-Sayuran,02,010,TERUNG PIPIT,F.A.Q,Kilogram,8,20,
30962705,2026-09-16,2026-09-17 05:52:52.507803,PULAU PINANG,SEBERANG PERAI TENGAH,PASAR AWAM SEBERANG JAYA,Runcit,26,Sayur-Sayuran,02,010,TERUNG TELUNJUK,F.A.Q,Kilogram,9,9,
30962706,2026-09-16,2026-09-17 05:52:52.507803,PULAU PINANG,SEBERANG PERAI TENGAH,PASAR AWAM SEBERANG JAYA,Runcit,26,Sayur-Sayuran,02,011,TIMUN JEPUN,F.A.Q,Kilogram,8,6.5,
30962707,2026-09-16,2026-09-17 05:52:52.507803,PULAU PINANG,SEBERANG PERAI TENGAH,PASAR AWAM SEBERANG JAYA,Runcit,26,Sayur-Sayuran,02,011,TIMUN JEPUN,F.A.Q,Kilogram,5,6.5,
30962708,2026-09-16,2026-09-17 05:52:52.507803,PULAU PINANG,SEBERANG PERAI TENGAH,PASAR AWAM SEBERANG JAYA,Runcit,26,Sayur-Sayuran,07,002,ULAM RAJA,F.A.Q,Kilogram,15,15,
30963121,2026-09-16,2026-09-17 08:15:05.961019,PERLIS,PERLIS,LADANG/KEBUN CHUPING,Ladang,,Buah-Buahan,02,034,TEMBIKAI MERAH TANPA BIJI,F.A.Q,Kilogram,1.3,1.3,
30967409,2026-09-16,2026-09-17 11:21:30.814755,PERAK,KINTA,PASAR BORONG KUALA PARI,Borong,20,Sayur-Sayuran,01,001,ASPARAGUS (IMPORT),F.A.Q,Kilogram,13.5,13.8,
30967410,2026-09-16,2026-09-17 11:21:30.814755,PERAK,KINTA,PASAR BORONG KUALA PARI,Borong,20,Sayur-Sayuran,01,001,ASPARAGUS (IMPORT),F.A.Q,Kilogram,13.5,13.8,
30967411,2026-09-16,2026-09-17 11:21:30.814755,PERAK,KINTA,PASAR BORONG KUALA PARI,Borong,20,Sayur-Sayuran,02,014,BELIMBING BULUH,F.A.Q,Kilogram,5.1,5.2,
30967412,2026-09-16,2026-09-17 11:21:30.814755,PERAK,KINTA,PASAR BORONG KUALA PARI,Borong,20,Sayur-Sayuran,02,014,BELIMBING BULUH,F.A.Q,Kilogram,5.1,5.2,
30967413,2026-09-16,2026-09-17 11:21:30.814755,PERAK,KINTA,PASAR BORONG KUALA PARI,Borong,20,Sayur-Sayuran,03,003,BROKOLI,F.A.Q,Kilogram,5.5,5.6,
30967414,2026-09-16,2026-09-17 11:21:30.814755,PERAK,KINTA,PASAR BORONG KUALA PARI,Borong,20,Sayur-Sayuran,03,003,BROKOLI,F.A.Q,Kilogram,5.5,5.6,
30967415,2026-09-16,2026-09-17 11:21:30.814755,PERAK,KINTA,PASAR BORONG KUALA PARI,Borong,20,Sayur-Sayuran,03,035,BUNGA KANTAN,F.A.Q,Tangkai,1,1,
30967416,2026-09-16,2026-09-17 11:21:30.814755,PERAK,KINTA,PASAR BORONG KUALA PARI,Borong,20,Sayur-Sayuran,03,035,BUNGA KANTAN,F.A.Q,Tangkai,1,1,
30967417,2026-09-16,2026-09-17 11:21:30.814755,PERAK,KINTA,PASAR BORONG KUALA PARI,Borong,20,Sayur-Sayuran,03,035,BUNGA KANTAN,F.A.Q,Tangkai,1,1,
30967418,2026-09-16,2026-09-17 11:21:30.814755,PERAK,KINTA,PASAR BORONG KUALA PARI,Borong,20,Sayur-Sayuran,06,001,CENDAWAN TIRAM KELABU,F.A.Q,Kilogram,11,11,
30967419,2026-09-16,2026-09-17 11:21:30.814755,PERAK,KINTA,PASAR BORONG KUALA PARI,Borong,20,Sayur-Sayuran,06,001,CENDAWAN TIRAM KELABU,F.A.Q,Kilogram,11,11,
30967420,2026-09-16,2026-09-17 11:21:30.814755,PERAK,KINTA,PASAR BORONG KUALA PARI,Borong,20,Sayur-Sayuran,02,002,CILI PADI,F.A.Q,Kilogram,29,28,
30967421,2026-09-16,2026-09-17 11:21:30.814755,PERAK,KINTA,PASAR BORONG KUALA PARI,Borong,20,Sayur-Sayuran,02,002,CILI PADI,F.A.Q,Kilogram,29,28,
30967422,2026-09-16,2026-09-17 11:21:30.814755,PERAK,KINTA,PASAR BORONG KUALA PARI,Borong,20,Sayur-Sayuran,02,002,CILI PADI,F.A.Q,Kilogram,29,28,
30967423,2026-09-16,2026-09-17 11:21:30.814755,PERAK,KINTA,PASAR BORONG KUALA PARI,Borong,20,Sayur-Sayuran,02,002,CILI PADI AKAR (THAILAND),F.A.Q,Kilogram,7.7,7.8,
30967424,2026-09-16,2026-09-17 11:21:30.814755,PERAK,KINTA,PASAR BORONG KUALA PARI,Borong,20,Sayur-Sayuran,02,002,CILI PADI AKAR (THAILAND),F.A.Q,Kilogram,7.7,7.8,
30967425,2026-09-16,2026-09-17 11:21:30.814755,PERAK,KINTA,PASAR BORONG KUALA PARI,Borong,20,Sayur-Sayuran,02,002,CILI PADI AKAR (THAILAND),F.A.Q,Kilogram,7.7,7.8,
30967426,2026-09-16,2026-09-17 11:21:30.814755,PERAK,KINTA,PASAR BORONG KUALA PARI,Borong,20,Sayur-Sayuran,02,002,CILI PADI KAMPUNG (THAILAND),F.A.Q,Kilogram,7.7,7.8,
30967427,2026-09-16,2026-09-17 11:21:30.814755,PERAK,KINTA,PASAR BORONG KUALA PARI,Borong,20,Sayur-Sayuran,02,002,CILI PADI KAMPUNG (THAILAND),F.A.Q,Kilogram,7.7,7.8,
30967428,2026-09-16,2026-09-17 11:21:30.814755,PERAK,KINTA,PASAR BORONG KUALA PARI,Borong,20,Sayur-Sayuran,02,002,CILI PADI KAMPUNG (THAILAND),F.A.Q,Kilogram,7.7,7.8,
30967429,2026-09-16,2026-09-17 11:21:30.814755,PERAK,KINTA,PASAR BORONG KUALA PARI,Borong,20,Sayur-Sayuran,02,002,CILI PADI MERAH (IMPORT),F.A.Q,Kilogram,10.8,11,
30967430,2026-09-16,2026-09-17 11:21:30.814755,PERAK,KINTA,PASAR BORONG KUALA PARI,Borong,20,Sayur-Sayuran,02,002,CILI PADI MERAH (IMPORT),F.A.Q,Kilogram,10.8,11,
30967431,2026-09-16,2026-09-17 11:21:30.814755,PERAK,KINTA,PASAR BORONG KUALA PARI,Borong,20,Sayur-Sayuran,02,002,CILI PADI MERAH (IMPORT),F.A.Q,Kilogram,10.8,11,
30967432,2026-09-16,2026-09-17 11:21:30.814755,PERAK,KINTA,PASAR BORONG KUALA PARI,Borong,20,Sayur-Sayuran,03,011,DAUN KESUM,F.A.Q,Kilogram,6.6,6.6,
30967433,2026-09-16,2026-09-17 11:21:30.814755,PERAK,KINTA,PASAR BORONG KUALA PARI,Borong,20,Sayur-Sayuran,03,011,DAUN KESUM,F.A.Q,Kilogram,6.6,6.6,
30967434,2026-09-16,2026-09-17 11:21:30.814755,PERAK,KINTA,PASAR BORONG KUALA PARI,Borong,20,Sayur-Sayuran,03,011,DAUN KESUM,F.A.Q,Kilogram,6.6,6.6,
30967435,2026-09-16,2026-09-17 11:21:30.814755,PERAK,KINTA,PASAR BORONG KUALA PARI,Borong,20,Sayur-Sayuran,03,021,DAUN KETUMBAR (IMPORT),F.A.Q,Kilogram,14,14,
30967436,2026-09-16,2026-09-17 11:21:30.814755,PERAK,KINTA,PASAR BORONG KUALA PARI,Borong,20,Sayur-Sayuran,03,021,DAUN KETUMBAR (IMPORT),F.A.Q,Kilogram,14,14,
30967437,2026-09-16,2026-09-17 11:21:30.814755,PERAK,KINTA,PASAR BORONG KUALA PARI,Borong,20,Sayur-Sayuran,03,021,DAUN KETUMBAR (IMPORT),F.A.Q,Kilogram,14,14,
30967438,2026-09-16,2026-09-17 11:21:30.814755,PERAK,KINTA,PASAR BORONG KUALA PARI,Borong,20,Sayur-Sayuran,07,002,DAUN SELOM,F.A.Q,Kilogram,6.6,6.7,
30967439,2026-09-16,2026-09-17 11:21:30.814755,PERAK,KINTA,PASAR BORONG KUALA PARI,Borong,20,Sayur-Sayuran,07,002,DAUN SELOM,F.A.Q,Kilogram,6.7,6.7,
30967440,2026-09-16,2026-09-17 11:21:30.814755,PERAK,KINTA,PASAR BORONG KUALA PARI,Borong,20,Sayur-Sayuran,07,002,DAUN SELOM,F.A.Q,Kilogram,6.7,6.7,
30967441,2026-09-16,2026-09-17 11:21:30.814755,PERAK,KINTA,PASAR BORONG KUALA PARI,Borong,20,Sayur-Sayuran,05,002,HALIA MUDA,F.A.Q,Kilogram,9.7,9.7,
30967442,2026-09-16,2026-09-17 11:21:30.814755,PERAK,KINTA,PASAR BORONG KUALA PARI,Borong,20,Sayur-Sayuran,05,002,HALIA MUDA,F.A.Q,Kilogram,9.7,9.7,
30967443,2026-09-16,2026-09-17 11:21:30.814755,PERAK,KINTA,PASAR BORONG KUALA PARI,Borong,20,Sayur-Sayuran,05,002,HALIA MUDA,F.A.Q,Kilogram,9.7,9.7,
30967444,2026-09-16,2026-09-17 11:21:30.814755,PERAK,KINTA,PASAR BORONG KUALA PARI,Borong,20,Sayur-Sayuran,05,002,HALIA MUDA (IMPORT),F.A.Q,Kilogram,8.5,8.5,
30967445,2026-09-16,2026-09-17 11:21:30.814755,PERAK,KINTA,PASAR BORONG KUALA PARI,Borong,20,Sayur-Sayuran,05,002,HALIA MUDA (IMPORT),F.A.Q,Kilogram,8.5,8.5,
30967446,2026-09-16,2026-09-17 11:21:30.814755,PERAK,KINTA,PASAR BORONG KUALA PARI,Borong,20,Sayur-Sayuran,05,002,HALIA MUDA (IMPORT),F.A.Q,Kilogram,8.5,8.5,
30967447,2026-09-16,2026-09-17 11:21:30.814755,PERAK,KINTA,PASAR BORONG KUALA PARI,Borong,20,Sayur-Sayuran,05,002,HALIA TUA,F.A.Q,Kilogram,6.8,6.8,
30967448,2026-09-16,2026-09-17 11:21:30.814755,PERAK,KINTA,PASAR BORONG KUALA PARI,Borong,20,Sayur-Sayuran,05,002,HALIA TUA,F.A.Q,Kilogram,6.8,6.8,
30967449,2026-09-16,2026-09-17 11:21:30.814755,PERAK,KINTA,PASAR BORONG KUALA PARI,Borong,20,Sayur-Sayuran,05,002,HALIA TUA,F.A.Q,Kilogram,6.8,6.8,
30967450,2026-09-16,2026-09-17 11:21:30.814755,PERAK,KINTA,PASAR BORONG KUALA PARI,Borong,20,Sayur-Sayuran,05,002,HALIA TUA (IMPORT),F.A.Q,Kilogram,6.3,6.3,
30967451,2026-09-16,2026-09-17 11:21:30.814755,PERAK,KINTA,PASAR BORONG KUALA PARI,Borong,20,Sayur-Sayuran,05,002,HALIA TUA (IMPORT),F.A.Q,Kilogram,6.3,6.3,
30967452,2026-09-16,2026-09-17 11:21:30.814755,PERAK,KINTA,PASAR BORONG KUALA PARI,Borong,20,Sayur-Sayuran,05,002,HALIA TUA (IMPORT),F.A.Q,Kilogram,6.3,6.3,
30967453,2026-09-16,2026-09-17 11:21:30.814755,PERAK,KINTA,PASAR BORONG KUALA PARI,Borong,20,Sayur-Sayuran,02,001,JAGUNG SAYUR / BABY CORN,F.A.Q,Kilogram,11.5,11.6,
30967454,2026-09-16,2026-09-17 11:21:30.814755,PERAK,KINTA,PASAR BORONG KUALA PARI,Borong,20,Sayur-Sayuran,02,001,JAGUNG SAYUR / BABY CORN,F.A.Q,Kilogram,11.5,11.6,
30967455,2026-09-16,2026-09-17 11:21:30.814755,PERAK,KINTA,PASAR BORONG KUALA PARI,Borong,20,Sayur-Sayuran,02,001,JAGUNG SAYUR / BABY CORN,F.A.Q,Kilogram,11.5,11.6,
30967456,2026-09-16,2026-09-17 11:21:30.814755,PERAK,KINTA,PASAR BORONG KUALA PARI,Borong,20,Sayur-Sayuran,04,005,KACANG BOTOR,F.A.Q,Kilogram,5,4.8,
30967457,2026-09-16,2026-09-17 11:21:30.814755,PERAK,KINTA,PASAR BORONG KUALA PARI,Borong,20,Sayur-Sayuran,04,005,KACANG BOTOR,F.A.Q,Kilogram,5,4.8,
30967458,2026-09-16,2026-09-17 11:21:30.814755,PERAK,KINTA,PASAR BORONG KUALA PARI,Borong,20,Sayur-Sayuran,03,018,KAILAN,F.A.Q,Kilogram,4.7,4.8,
30967459,2026-09-16,2026-09-17 11:21:30.814755,PERAK,KINTA,PASAR BORONG KUALA PARI,Borong,20,Sayur-Sayuran,03,018,KAILAN,F.A.Q,Kilogram,4.7,4.8,
30967460,2026-09-16,2026-09-17 11:21:30.814755,PERAK,KINTA,PASAR BORONG KUALA PARI,Borong,20,Sayur-Sayuran,03,018,KAILAN (IMPORT),F.A.Q,Kilogram,8.5,9,
30967461,2026-09-16,2026-09-17 11:21:30.814755,PERAK,KINTA,PASAR BORONG KUALA PARI,Borong,20,Sayur-Sayuran,03,018,KAILAN (IMPORT),F.A.Q,Kilogram,8.5,9,
30967462,2026-09-16,2026-09-17 11:21:30.814755,PERAK,KINTA,PASAR BORONG KUALA PARI,Borong,20,Sayur-Sayuran,05,003,KELADI,F.A.Q,Kilogram,4.8,5,
30967463,2026-09-16,2026-09-17 11:21:30.814755,PERAK,KINTA,PASAR BORONG KUALA PARI,Borong,20,Sayur-Sayuran,05,003,KELADI,F.A.Q,Kilogram,4.8,5,
30967464,2026-09-16,2026-09-17 11:21:30.814755,PERAK,KINTA,PASAR BORONG KUALA PARI,Borong,20,Sayur-Sayuran,05,003,KELADI,F.A.Q,Kilogram,4.8,5,
30967465,2026-09-16,2026-09-17 11:21:30.814755,PERAK,KINTA,PASAR BORONG KUALA PARI,Borong,20,Sayur-Sayuran,02,004,KETOLA / PETOLA SEGI,F.A.Q,Kilogram,5.6,5.8,
30967466,2026-09-16,2026-09-17 11:21:30.814755,PERAK,KINTA,PASAR BORONG KUALA PARI,Borong,20,Sayur-Sayuran,02,004,KETOLA / PETOLA SEGI,F.A.Q,Kilogram,5.6,5.8,
30967467,2026-09-16,2026-09-17 11:21:30.814755,PERAK,KINTA,PASAR BORONG KUALA PARI,Borong,20,Sayur-Sayuran,03,006,KUBIS BULAT BEIJING (IMPORT),F.A.Q,Kilogram,2.5,2.6,
30967468,2026-09-16,2026-09-17 11:21:30.814755,PERAK,KINTA,PASAR BORONG KUALA PARI,Borong,20,Sayur-Sayuran,03,006,KUBIS BULAT BEIJING (IMPORT),F.A.Q,Kilogram,2.5,2.6,
30967469,2026-09-16,2026-09-17 11:21:30.814755,PERAK,KINTA,PASAR BORONG KUALA PARI,Borong,20,Sayur-Sayuran,03,004,KUBIS BUNGA (IMPORT),F.A.Q,Kilogram,5.7,5.8,
30967470,2026-09-16,2026-09-17 11:21:30.814755,PERAK,KINTA,PASAR BORONG KUALA PARI,Borong,20,Sayur-Sayuran,03,004,KUBIS BUNGA (IMPORT),F.A.Q,Kilogram,5.7,5.8,
30967471,2026-09-16,2026-09-17 11:21:30.814755,PERAK,KINTA,PASAR BORONG KUALA PARI,Borong,20,Sayur-Sayuran,03,005,KUBIS PANJANG / CINA,F.A.Q,Kilogram,3,3,
30967472,2026-09-16,2026-09-17 11:21:30.814755,PERAK,KINTA,PASAR BORONG KUALA PARI,Borong,20,Sayur-Sayuran,03,005,KUBIS PANJANG / CINA,F.A.Q,Kilogram,3,3,
30967473,2026-09-16,2026-09-17 11:21:30.814755,PERAK,KINTA,PASAR BORONG KUALA PARI,Borong,20,Sayur-Sayuran,03,005,KUBIS PANJANG / CINA (IMPORT),F.A.Q,Kilogram,2.85,2.9,
30967474,2026-09-16,2026-09-17 11:21:30.814755,PERAK,KINTA,PASAR BORONG KUALA PARI,Borong,20,Sayur-Sayuran,03,005,KUBIS PANJANG / CINA (IMPORT),F.A.Q,Kilogram,2.85,2.9,
30967475,2026-09-16,2026-09-17 11:21:30.814755,PERAK,KINTA,PASAR BORONG KUALA PARI,Borong,20,Sayur-Sayuran,02,005,KUNDUR BULAT,F.A.Q,Kilogram,3,3,
30967476,2026-09-16,2026-09-17 11:21:30.814755,PERAK,KINTA,PASAR BORONG KUALA PARI,Borong,20,Sayur-Sayuran,02,005,KUNDUR BULAT,F.A.Q,Kilogram,3,3,
30967477,2026-09-16,2026-09-17 11:21:30.814755,PERAK,KINTA,PASAR BORONG KUALA PARI,Borong,20,Sayur-Sayuran,05,004,KUNYIT,F.A.Q,Kilogram,8,8,
30967478,2026-09-16,2026-09-17 11:21:30.814755,PERAK,KINTA,PASAR BORONG KUALA PARI,Borong,20,Sayur-Sayuran,05,004,KUNYIT,F.A.Q,Kilogram,8,8,
30967479,2026-09-16,2026-09-17 11:21:31.063968,PERAK,KINTA,PASAR BORONG KUALA PARI,Borong,20,Sayur-Sayuran,02,006,LABU AIR,F.A.Q,Kilogram,2.4,2.4,
30967480,2026-09-16,2026-09-17 11:21:31.063968,PERAK,KINTA,PASAR BORONG KUALA PARI,Borong,20,Sayur-Sayuran,02,006,LABU AIR,F.A.Q,Kilogram,2.4,2.4,
30967481,2026-09-16,2026-09-17 11:21:31.063968,PERAK,KINTA,PASAR BORONG KUALA PARI,Borong,20,Sayur-Sayuran,02,006,LABU AIR,F.A.Q,Kilogram,2.4,2.4,
30967482,2026-09-16,2026-09-17 11:21:31.063968,PERAK,KINTA,PASAR BORONG KUALA PARI,Borong,20,Sayur-Sayuran,02,006,LABU MANIS,F.A.Q,Kilogram,3,3,
30967483,2026-09-16,2026-09-17 11:21:31.063968,PERAK,KINTA,PASAR BORONG KUALA PARI,Borong,20,Sayur-Sayuran,02,006,LABU MANIS,F.A.Q,Kilogram,3,3,
30967484,2026-09-16,2026-09-17 11:21:31.063968,PERAK,KINTA,PASAR BORONG KUALA PARI,Borong,20,Sayur-Sayuran,02,006,LABU MANIS,F.A.Q,Kilogram,3,3,
30967485,2026-09-16,2026-09-17 11:21:31.063968,PERAK,KINTA,PASAR BORONG KUALA PARI,Borong,20,Sayur-Sayuran,02,003,LADA BENGGALA / CAPSICUM HIJAU,F.A.Q,Kilogram,3,3,
30967486,2026-09-16,2026-09-17 11:21:31.063968,PERAK,KINTA,PASAR BORONG KUALA PARI,Borong,20,Sayur-Sayuran,02,003,LADA BENGGALA / CAPSICUM HIJAU,F.A.Q,Kilogram,3,3,
30967487,2026-09-16,2026-09-17 11:21:31.063968,PERAK,KINTA,PASAR BORONG KUALA PARI,Borong,20,Sayur-Sayuran,02,003,LADA BENGGALA / CAPSICUM KUNING,F.A.Q,Kilogram,3.2,3.2,
30967488,2026-09-16,2026-09-17 11:21:31.063968,PERAK,KINTA,PASAR BORONG KUALA PARI,Borong,20,Sayur-Sayuran,02,003,LADA BENGGALA / CAPSICUM KUNING,F.A.Q,Kilogram,3.2,3.2,
30967489,2026-09-16,2026-09-17 11:21:31.063968,PERAK,KINTA,PASAR BORONG KUALA PARI,Borong,20,Sayur-Sayuran,02,003,LADA BENGGALA / CAPSICUM MERAH,F.A.Q,Kilogram,3,3,
30967490,2026-09-16,2026-09-17 11:21:31.063968,PERAK,KINTA,PASAR BORONG KUALA PARI,Borong,20,Sayur-Sayuran,02,003,LADA BENGGALA / CAPSICUM MERAH,F.A.Q,Kilogram,3,3,
30967491,2026-09-16,2026-09-17 11:21:31.063968,PERAK,KINTA,PASAR BORONG KUALA PARI,Borong,20,Sayur-Sayuran,05,005,LENGKUAS,F.A.Q,Kilogram,8,8,
30967492,2026-09-16,2026-09-17 11:21:31.063968,PERAK,KINTA,PASAR BORONG KUALA PARI,Borong,20,Sayur-Sayuran,05,005,LENGKUAS,F.A.Q,Kilogram,8,8,
30967493,2026-09-16,2026-09-17 11:21:31.063968,PERAK,KINTA,PASAR BORONG KUALA PARI,Borong,20,Sayur-Sayuran,01,003,LIK,F.A.Q,Kilogram,5.5,6,
30967494,2026-09-16,2026-09-17 11:21:31.063968,PERAK,KINTA,PASAR BORONG KUALA PARI,Borong,20,Sayur-Sayuran,01,003,LIK,F.A.Q,Kilogram,5.5,6,
30967495,2026-09-16,2026-09-17 11:21:31.063968,PERAK,KINTA,PASAR BORONG KUALA PARI,Borong,20,Sayur-Sayuran,01,003,LIK (IMPORT),F.A.Q,Kilogram,5.2,5.2,
30967496,2026-09-16,2026-09-17 11:21:31.063968,PERAK,KINTA,PASAR BORONG KUALA PARI,Borong,20,Sayur-Sayuran,01,003,LIK (IMPORT),F.A.Q,Kilogram,5.2,5.2,
30967497,2026-09-16,2026-09-17 11:21:31.063968,PERAK,KINTA,PASAR BORONG KUALA PARI,Borong,20,Sayur-Sayuran,02,007,LIMAU KASTURI,F.A.Q,Kilogram,2.2,2.2,
30967498,2026-09-16,2026-09-17 11:21:31.063968,PERAK,KINTA,PASAR BORONG KUALA PARI,Borong,20,Sayur-Sayuran,02,007,LIMAU KASTURI,F.A.Q,Kilogram,2.2,2.2,
30967499,2026-09-16,2026-09-17 11:21:31.063968,PERAK,KINTA,PASAR BORONG KUALA PARI,Borong,20,Sayur-Sayuran,02,007,LIMAU KASTURI,F.A.Q,Kilogram,2.2,2.2,
30967500,2026-09-16,2026-09-17 11:21:31.063968,PERAK,KINTA,PASAR BORONG KUALA PARI,Borong,20,Sayur-Sayuran,02,007,LIMAU NIPIS,F.A.Q,Kilogram,3,3,
30967501,2026-09-16,2026-09-17 11:21:31.063968,PERAK,KINTA,PASAR BORONG KUALA PARI,Borong,20,Sayur-Sayuran,02,007,LIMAU NIPIS,F.A.Q,Kilogram,3,3,
30967502,2026-09-16,2026-09-17 11:21:31.063968,PERAK,KINTA,PASAR BORONG KUALA PARI,Borong,20,Sayur-Sayuran,02,007,LIMAU NIPIS,F.A.Q,Kilogram,3,3,
30967503,2026-09-16,2026-09-17 11:21:31.063968,PERAK,KINTA,PASAR BORONG KUALA PARI,Borong,20,Sayur-Sayuran,05,006,LOBAK MERAH (CHINA),F.A.Q,Kilogram,3,3.1,
30967504,2026-09-16,2026-09-17 11:21:31.063968,PERAK,KINTA,PASAR BORONG KUALA PARI,Borong,20,Sayur-Sayuran,05,006,LOBAK MERAH (CHINA),F.A.Q,Kilogram,3,3.1,
30967505,2026-09-16,2026-09-17 11:21:31.063968,PERAK,KINTA,PASAR BORONG KUALA PARI,Borong,20,Sayur-Sayuran,05,006,LOBAK MERAH (CHINA),F.A.Q,Kilogram,3,3.1,
30967506,2026-09-16,2026-09-17 11:21:31.063968,PERAK,KINTA,PASAR BORONG KUALA PARI,Borong,20,Sayur-Sayuran,05,006,LOBAK PUTIH TANAH TINGGI,F.A.Q,Kilogram,2.2,2.1,
30967507,2026-09-16,2026-09-17 11:21:31.063968,PERAK,KINTA,PASAR BORONG KUALA PARI,Borong,20,Sayur-Sayuran,05,006,LOBAK PUTIH TANAH TINGGI,F.A.Q,Kilogram,2.2,2.1,
30967508,2026-09-16,2026-09-17 11:21:31.063968,PERAK,KINTA,PASAR BORONG KUALA PARI,Borong,20,Sayur-Sayuran,07,002,PEGAGA,F.A.Q,Kilogram,8,8,
30967509,2026-09-16,2026-09-17 11:21:31.063968,PERAK,KINTA,PASAR BORONG KUALA PARI,Borong,20,Sayur-Sayuran,07,002,PEGAGA,F.A.Q,Kilogram,8,8,
30967510,2026-09-16,2026-09-17 11:21:31.063968,PERAK,KINTA,PASAR BORONG KUALA PARI,Borong,20,Sayur-Sayuran,07,002,PEGAGA,F.A.Q,Kilogram,8,8,
30967511,2026-09-16,2026-09-17 11:21:31.063968,PERAK,KINTA,PASAR BORONG KUALA PARI,Borong,20,Sayur-Sayuran,02,009,PERIA,F.A.Q,Kilogram,5,6,
30967512,2026-09-16,2026-09-17 11:21:31.063968,PERAK,KINTA,PASAR BORONG KUALA PARI,Borong,20,Sayur-Sayuran,02,009,PERIA,F.A.Q,Kilogram,5,6,
30967513,2026-09-16,2026-09-17 11:21:31.063968,PERAK,KINTA,PASAR BORONG KUALA PARI,Borong,20,Sayur-Sayuran,02,009,PERIA KATAK,F.A.Q,Kilogram,2.8,3,
30967514,2026-09-16,2026-09-17 11:21:31.063968,PERAK,KINTA,PASAR BORONG KUALA PARI,Borong,20,Sayur-Sayuran,02,009,PERIA KATAK,F.A.Q,Kilogram,2.8,3,
30967515,2026-09-16,2026-09-17 11:21:31.063968,PERAK,KINTA,PASAR BORONG KUALA PARI,Borong,20,Sayur-Sayuran,07,002,PUCUK GAJUS,F.A.Q,Kilogram,8.7,8.7,
30967516,2026-09-16,2026-09-17 11:21:31.063968,PERAK,KINTA,PASAR BORONG KUALA PARI,Borong,20,Sayur-Sayuran,07,002,PUCUK GAJUS,F.A.Q,Kilogram,8.7,8.7,
30967517,2026-09-16,2026-09-17 11:21:31.063968,PERAK,KINTA,PASAR BORONG KUALA PARI,Borong,20,Sayur-Sayuran,07,002,PUCUK GAJUS,F.A.Q,Kilogram,8.7,8.7,
30967518,2026-09-16,2026-09-17 11:21:31.063968,PERAK,KINTA,PASAR BORONG KUALA PARI,Borong,20,Sayur-Sayuran,03,026,PUCUK PAKU,F.A.Q,Kilogram,6.8,6.8,
30967519,2026-09-16,2026-09-17 11:21:31.063968,PERAK,KINTA,PASAR BORONG KUALA PARI,Borong,20,Sayur-Sayuran,03,026,PUCUK PAKU,F.A.Q,Kilogram,6.8,6.8,
30967520,2026-09-16,2026-09-17 11:21:31.063968,PERAK,KINTA,PASAR BORONG KUALA PARI,Borong,20,Sayur-Sayuran,03,026,PUCUK PAKU,F.A.Q,Kilogram,6.8,6.8,
30967521,2026-09-16,2026-09-17 11:21:31.063968,PERAK,KINTA,PASAR BORONG KUALA PARI,Borong,20,Sayur-Sayuran,03,027,SALAD,F.A.Q,Kilogram,6,6,
30967522,2026-09-16,2026-09-17 11:21:31.063968,PERAK,KINTA,PASAR BORONG KUALA PARI,Borong,20,Sayur-Sayuran,03,027,SALAD,F.A.Q,Kilogram,6,6,
30967523,2026-09-16,2026-09-17 11:21:31.063968,PERAK,KINTA,PASAR BORONG KUALA PARI,Borong,20,Sayur-Sayuran,03,027,SALAD (IMPORT),F.A.Q,Kilogram,4,4,
30967524,2026-09-16,2026-09-17 11:21:31.063968,PERAK,KINTA,PASAR BORONG KUALA PARI,Borong,20,Sayur-Sayuran,03,027,SALAD (IMPORT),F.A.Q,Kilogram,4,4,
30967525,2026-09-16,2026-09-17 11:21:31.063968,PERAK,KINTA,PASAR BORONG KUALA PARI,Borong,20,Sayur-Sayuran,03,027,SALAD BULAT TANAH TINGGI,F.A.Q,Kilogram,6.2,6.3,
30967526,2026-09-16,2026-09-17 11:21:31.063968,PERAK,KINTA,PASAR BORONG KUALA PARI,Borong,20,Sayur-Sayuran,03,027,SALAD BULAT TANAH TINGGI,F.A.Q,Kilogram,6.2,6.3,
30967527,2026-09-16,2026-09-17 11:21:31.063968,PERAK,KINTA,PASAR BORONG KUALA PARI,Borong,20,Sayur-Sayuran,03,007,SAWI BUNGA,F.A.Q,Kilogram,4,4,
30967528,2026-09-16,2026-09-17 11:21:31.063968,PERAK,KINTA,PASAR BORONG KUALA PARI,Borong,20,Sayur-Sayuran,03,007,SAWI BUNGA,F.A.Q,Kilogram,4,4,
30967529,2026-09-16,2026-09-17 11:21:31.063968,PERAK,KINTA,PASAR BORONG KUALA PARI,Borong,20,Sayur-Sayuran,03,007,SAWI JEPUN,F.A.Q,Kilogram,4,4,
30967530,2026-09-16,2026-09-17 11:21:31.063968,PERAK,KINTA,PASAR BORONG KUALA PARI,Borong,20,Sayur-Sayuran,03,007,SAWI JEPUN,F.A.Q,Kilogram,4,4,
30967531,2026-09-16,2026-09-17 11:21:31.063968,PERAK,KINTA,PASAR BORONG KUALA PARI,Borong,20,Sayur-Sayuran,03,007,SAWI PAHIT,F.A.Q,Kilogram,2,2,
30967532,2026-09-16,2026-09-17 11:21:31.063968,PERAK,KINTA,PASAR BORONG KUALA PARI,Borong,20,Sayur-Sayuran,03,007,SAWI PAHIT,F.A.Q,Kilogram,2,2,
30967533,2026-09-16,2026-09-17 11:21:31.063968,PERAK,KINTA,PASAR BORONG KUALA PARI,Borong,20,Sayur-Sayuran,03,007,SAWI PUTIH PAK CHOY,F.A.Q,Kilogram,2.5,3,
30967534,2026-09-16,2026-09-17 11:21:31.063968,PERAK,KINTA,PASAR BORONG KUALA PARI,Borong,20,Sayur-Sayuran,03,007,SAWI PUTIH PAK CHOY,F.A.Q,Kilogram,2.5,3,
30967535,2026-09-16,2026-09-17 11:21:31.063968,PERAK,KINTA,PASAR BORONG KUALA PARI,Borong,20,Sayur-Sayuran,05,007,SENGKUANG,F.A.Q,Kilogram,2.6,2.6,
30967536,2026-09-16,2026-09-17 11:21:31.063968,PERAK,KINTA,PASAR BORONG KUALA PARI,Borong,20,Sayur-Sayuran,05,007,SENGKUANG,F.A.Q,Kilogram,2.6,2.6,
30967537,2026-09-16,2026-09-17 11:21:31.063968,PERAK,KINTA,PASAR BORONG KUALA PARI,Borong,20,Sayur-Sayuran,05,007,SENGKUANG,F.A.Q,Kilogram,2.6,2.6,
30967538,2026-09-16,2026-09-17 11:21:31.063968,PERAK,KINTA,PASAR BORONG KUALA PARI,Borong,20,Sayur-Sayuran,05,008,SERAI,F.A.Q,Kilogram,2.6,2.6,
30967539,2026-09-16,2026-09-17 11:21:31.063968,PERAK,KINTA,PASAR BORONG KUALA PARI,Borong,20,Sayur-Sayuran,05,008,SERAI,F.A.Q,Kilogram,2.6,2.6,
30967540,2026-09-16,2026-09-17 11:21:31.063968,PERAK,KINTA,PASAR BORONG KUALA PARI,Borong,20,Sayur-Sayuran,05,008,SERAI,F.A.Q,Kilogram,2.6,2.6,
30967541,2026-09-16,2026-09-17 11:21:31.063968,PERAK,KINTA,PASAR BORONG KUALA PARI,Borong,20,Sayur-Sayuran,03,002,TAUGE,F.A.Q,Kilogram,2.5,2.5,
30967542,2026-09-16,2026-09-17 11:21:31.063968,PERAK,KINTA,PASAR BORONG KUALA PARI,Borong,20,Sayur-Sayuran,03,002,TAUGE,F.A.Q,Kilogram,2.5,2.5,
30967543,2026-09-16,2026-09-17 11:21:31.063968,PERAK,KINTA,PASAR BORONG KUALA PARI,Borong,20,Sayur-Sayuran,03,002,TAUGE,F.A.Q,Kilogram,2.5,2.5,
30967544,2026-09-16,2026-09-17 11:21:31.063968,PERAK,KINTA,PASAR BORONG KUALA PARI,Borong,20,Sayur-Sayuran,07,002,TENGGEK BURUNG,F.A.Q,Kilogram,7.8,7.8,
30967545,2026-09-16,2026-09-17 11:21:31.063968,PERAK,KINTA,PASAR BORONG KUALA PARI,Borong,20,Sayur-Sayuran,07,002,TENGGEK BURUNG,F.A.Q,Kilogram,7.8,7.8,
30967546,2026-09-16,2026-09-17 11:21:31.063968,PERAK,KINTA,PASAR BORONG KUALA PARI,Borong,20,Sayur-Sayuran,07,002,TENGGEK BURUNG,F.A.Q,Kilogram,7.8,7.8,
30967547,2026-09-16,2026-09-17 11:21:31.063968,PERAK,KINTA,PASAR BORONG KUALA PARI,Borong,20,Sayur-Sayuran,02,010,TERUNG BULAT,F.A.Q,Kilogram,6,6.366667,
30967548,2026-09-16,2026-09-17 11:21:31.063968,PERAK,KINTA,PASAR BORONG KUALA PARI,Borong,20,Sayur-Sayuran,02,010,TERUNG BULAT,F.A.Q,Kilogram,6,6.366667,
30967549,2026-09-16,2026-09-17 11:21:31.295745,PERAK,KINTA,PASAR BORONG KUALA PARI,Borong,20,Sayur-Sayuran,02,010,TERUNG BULAT,F.A.Q,Kilogram,6,6.366667,
30967550,2026-09-16,2026-09-17 11:21:31.295745,PERAK,KINTA,PASAR BORONG KUALA PARI,Borong,20,Sayur-Sayuran,02,010,TERUNG PEPARU MINI,F.A.Q,Kilogram,5.2,5.2,
30967551,2026-09-16,2026-09-17 11:21:31.295745,PERAK,KINTA,PASAR BORONG KUALA PARI,Borong,20,Sayur-Sayuran,02,010,TERUNG PEPARU MINI,F.A.Q,Kilogram,5.2,5.2,
30967552,2026-09-16,2026-09-17 11:21:31.295745,PERAK,KINTA,PASAR BORONG KUALA PARI,Borong,20,Sayur-Sayuran,02,010,TERUNG PEPARU MINI,F.A.Q,Kilogram,5.2,5.2,
30967553,2026-09-16,2026-09-17 11:21:31.295745,PERAK,KINTA,PASAR BORONG KUALA PARI,Borong,20,Sayur-Sayuran,02,010,TERUNG PIPIT,F.A.Q,Kilogram,6.5,6.5,
30967554,2026-09-16,2026-09-17 11:21:31.295745,PERAK,KINTA,PASAR BORONG KUALA PARI,Borong,20,Sayur-Sayuran,02,010,TERUNG PIPIT,F.A.Q,Kilogram,6.5,6.5,
30967555,2026-09-16,2026-09-17 11:21:31.295745,PERAK,KINTA,PASAR BORONG KUALA PARI,Borong,20,Sayur-Sayuran,02,010,TERUNG PIPIT,F.A.Q,Kilogram,6.5,6.5,
30967556,2026-09-16,2026-09-17 11:21:31.295745,PERAK,KINTA,PASAR BORONG KUALA PARI,Borong,20,Sayur-Sayuran,02,010,TERUNG TELUNJUK,F.A.Q,Kilogram,4,4,
30967557,2026-09-16,2026-09-17 11:21:31.295745,PERAK,KINTA,PASAR BORONG KUALA PARI,Borong,20,Sayur-Sayuran,02,010,TERUNG TELUNJUK,F.A.Q,Kilogram,4,4,
30967558,2026-09-16,2026-09-17 11:21:31.295745,PERAK,KINTA,PASAR BORONG KUALA PARI,Borong,20,Sayur-Sayuran,02,010,TERUNG TELUNJUK,F.A.Q,Kilogram,4,4,
30967559,2026-09-16,2026-09-17 11:21:31.295745,PERAK,KINTA,PASAR BORONG KUALA PARI,Borong,20,Sayur-Sayuran,02,011,TIMUN JEPUN,F.A.Q,Kilogram,1.8,2,
30967560,2026-09-16,2026-09-17 11:21:31.295745,PERAK,KINTA,PASAR BORONG KUALA PARI,Borong,20,Sayur-Sayuran,02,011,TIMUN JEPUN,F.A.Q,Kilogram,1.8,2,
30967561,2026-09-16,2026-09-17 11:21:31.295745,PERAK,KINTA,PASAR BORONG KUALA PARI,Borong,20,Sayur-Sayuran,02,011,TIMUN JEPUN,F.A.Q,Kilogram,1.8,2,
30967562,2026-09-16,2026-09-17 11:21:31.295745,PERAK,KINTA,PASAR BORONG KUALA PARI,Borong,20,Sayur-Sayuran,07,002,ULAM RAJA,F.A.Q,Kilogram,7.8,7.6,
30967563,2026-09-16,2026-09-17 11:21:31.295745,PERAK,KINTA,PASAR BORONG KUALA PARI,Borong,20,Sayur-Sayuran,07,002,ULAM RAJA,F.A.Q,Kilogram,7.9,7.6,
30967564,2026-09-16,2026-09-17 11:21:31.295745,PERAK,KINTA,PASAR BORONG KUALA PARI,Borong,20,Sayur-Sayuran,07,002,ULAM RAJA,F.A.Q,Kilogram,7.8,7.6,
30968253,2026-09-16,2026-09-17 12:35:52.393577,NEGERI SEMBILAN,REMBAU,[LOKASI KUTIPAN HARGA LADANG] KAMPUNG RELUNG,Ladang,,Sayur-Sayuran,02,009,PERIA,F.A.Q,Kilogram,3,5.06,
30968560,2026-09-16,2026-09-17 14:56:03.827825,NEGERI SEMBILAN,REMBAU,,Ladang,,Sayur-Sayuran,03,007,SAWI BUNGA,F.A.Q,Kilogram,5,4,
30968635,2026-09-16,2026-09-17 15:08:46.262786,PAHANG,CAMERON HIGHLANDS,"LADANG MR. RAJA, BRINCHANG",Ladang,,Sayur-Sayuran,02,002,CILI MERAH MINYAK,F.A.Q,Kilogram,11,10.546154,
30968636,2026-09-16,2026-09-17 15:08:46.262786,PAHANG,CAMERON HIGHLANDS,"LADANG MR. RAJA, BRINCHANG",Ladang,,Sayur-Sayuran,03,006,KUBIS BULAT (TANAH TINGGI),F.A.Q,Kilogram,0.9,0.8153846,
30968637,2026-09-16,2026-09-17 15:08:46.262786,PAHANG,CAMERON HIGHLANDS,"LADANG MR. RAJA, BRINCHANG",Ladang,,Sayur-Sayuran,02,012,TOMATO (TANAH TINGGI),F.A.Q,Kilogram,3.5,6.9416666,
30968936,2026-09-16,2026-09-17 15:38:31.232241,PERLIS,PERLIS,PASAR BORONG KAMPUNG BAKAU,Borong,20,Sayur-Sayuran,01,001,ASPARAGUS (IMPORT),F.A.Q,Kilogram,40,40,
30968937,2026-09-16,2026-09-17 15:38:31.232241,PERLIS,PERLIS,PASAR BORONG KAMPUNG BAKAU,Borong,20,Sayur-Sayuran,01,001,ASPARAGUS (IMPORT),F.A.Q,Kilogram,40,40,
30968938,2026-09-16,2026-09-17 15:38:31.232241,PERLIS,PERLIS,PASAR BORONG KAMPUNG BAKAU,Borong,20,Sayur-Sayuran,01,001,ASPARAGUS (IMPORT),F.A.Q,Kilogram,40,40,
30968939,2026-09-16,2026-09-17 15:38:31.232241,PERLIS,PERLIS,PASAR BORONG KAMPUNG BAKAU,Borong,20,Sayur-Sayuran,01,001,ASPARAGUS (IMPORT),F.A.Q,Kilogram,40,40,
30968940,2026-09-16,2026-09-17 15:38:31.232241,PERLIS,PERLIS,PASAR BORONG KAMPUNG BAKAU,Borong,20,Sayur-Sayuran,02,014,BELIMBING BULUH,F.A.Q,Kilogram,5,6,
30968941,2026-09-16,2026-09-17 15:38:31.232241,PERLIS,PERLIS,PASAR BORONG KAMPUNG BAKAU,Borong,20,Sayur-Sayuran,02,014,BELIMBING BULUH,F.A.Q,Kilogram,5,6,
30968942,2026-09-16,2026-09-17 15:38:31.232241,PERLIS,PERLIS,PASAR BORONG KAMPUNG BAKAU,Borong,20,Sayur-Sayuran,02,014,BELIMBING BULUH,F.A.Q,Kilogram,5,6,
30968943,2026-09-16,2026-09-17 15:38:31.232241,PERLIS,PERLIS,PASAR BORONG KAMPUNG BAKAU,Borong,20,Sayur-Sayuran,02,014,BELIMBING BULUH,F.A.Q,Kilogram,5,6,
30968944,2026-09-16,2026-09-17 15:38:31.232241,PERLIS,PERLIS,PASAR BORONG KAMPUNG BAKAU,Borong,20,Sayur-Sayuran,03,035,BUNGA KANTAN,F.A.Q,Tangkai,1,1,
30968945,2026-09-16,2026-09-17 15:38:31.232241,PERLIS,PERLIS,PASAR BORONG KAMPUNG BAKAU,Borong,20,Sayur-Sayuran,03,035,BUNGA KANTAN,F.A.Q,Tangkai,1,1,
30968946,2026-09-16,2026-09-17 15:38:31.232241,PERLIS,PERLIS,PASAR BORONG KAMPUNG BAKAU,Borong,20,Sayur-Sayuran,03,035,BUNGA KANTAN,F.A.Q,Tangkai,1,1,
30968947,2026-09-16,2026-09-17 15:38:31.232241,PERLIS,PERLIS,PASAR BORONG KAMPUNG BAKAU,Borong,20,Sayur-Sayuran,03,035,BUNGA KANTAN,F.A.Q,Tangkai,1,1,
30968948,2026-09-16,2026-09-17 15:38:31.232241,PERLIS,PERLIS,PASAR BORONG KAMPUNG BAKAU,Borong,20,Sayur-Sayuran,06,001,CENDAWAN TIRAM KELABU,F.A.Q,Kilogram,9,9.625,
30968949,2026-09-16,2026-09-17 15:38:31.232241,PERLIS,PERLIS,PASAR BORONG KAMPUNG BAKAU,Borong,20,Sayur-Sayuran,06,001,CENDAWAN TIRAM KELABU,F.A.Q,Kilogram,9,9.625,
30968950,2026-09-16,2026-09-17 15:38:31.232241,PERLIS,PERLIS,PASAR BORONG KAMPUNG BAKAU,Borong,20,Sayur-Sayuran,06,001,CENDAWAN TIRAM KELABU,F.A.Q,Kilogram,9,9.625,
30968951,2026-09-16,2026-09-17 15:38:31.232241,PERLIS,PERLIS,PASAR BORONG KAMPUNG BAKAU,Borong,20,Sayur-Sayuran,06,001,CENDAWAN TIRAM KELABU,F.A.Q,Kilogram,9,9.625,
30968962,2026-09-16,2026-09-17 15:51:29.144926,W.P. KUALA LUMPUR,KUALA LUMPUR,PASAR AWAM CHOW KIT,Runcit,26,Sayur-Sayuran,01,001,ASPARAGUS (IMPORT),F.A.Q,Kilogram,35,38.67,
30968963,2026-09-16,2026-09-17 15:51:29.144926,W.P. KUALA LUMPUR,KUALA LUMPUR,PASAR AWAM CHOW KIT,Runcit,26,Sayur-Sayuran,02,014,BELIMBING BULUH,F.A.Q,Kilogram,8,8.3,
30968964,2026-09-16,2026-09-17 15:51:29.144926,W.P. KUALA LUMPUR,KUALA LUMPUR,PASAR AWAM CHOW KIT,Runcit,26,Sayur-Sayuran,03,003,BROKOLI (IMPORT),F.A.Q,Kilogram,10,12.31,
30968965,2026-09-16,2026-09-17 15:51:29.144926,W.P. KUALA LUMPUR,KUALA LUMPUR,PASAR AWAM CHOW KIT,Runcit,26,Sayur-Sayuran,03,035,BUNGA KANTAN,F.A.Q,Tangkai,1.5,1,
30968966,2026-09-16,2026-09-17 15:51:29.144926,W.P. KUALA LUMPUR,KUALA LUMPUR,PASAR AWAM CHOW KIT,Runcit,26,Sayur-Sayuran,06,001,CENDAWAN TIRAM KELABU,F.A.Q,Kilogram,18,14.58,
30968967,2026-09-16,2026-09-17 15:51:29.144926,W.P. KUALA LUMPUR,KUALA LUMPUR,PASAR AWAM CHOW KIT,Runcit,26,Sayur-Sayuran,02,002,CILI PADI,F.A.Q,Kilogram,30,24.42,
30968968,2026-09-16,2026-09-17 15:51:29.144926,W.P. KUALA LUMPUR,KUALA LUMPUR,PASAR AWAM CHOW KIT,Runcit,26,Sayur-Sayuran,02,002,CILI PADI AKAR (THAILAND),F.A.Q,Kilogram,12,15.04,
30968969,2026-09-16,2026-09-17 15:51:29.144926,W.P. KUALA LUMPUR,KUALA LUMPUR,PASAR AWAM CHOW KIT,Runcit,26,Sayur-Sayuran,02,002,CILI PADI KAMPUNG (THAILAND),F.A.Q,Kilogram,16,18.79,
30968970,2026-09-16,2026-09-17 15:51:29.144926,W.P. KUALA LUMPUR,KUALA LUMPUR,PASAR AWAM CHOW KIT,Runcit,26,Sayur-Sayuran,02,002,CILI PADI MERAH (IMPORT),F.A.Q,Kilogram,15,20,
30968971,2026-09-16,2026-09-17 15:51:29.144926,W.P. KUALA LUMPUR,KUALA LUMPUR,PASAR AWAM CHOW KIT,Runcit,26,Sayur-Sayuran,03,011,DAUN KESUM,F.A.Q,Kilogram,10,8.09,
30968972,2026-09-16,2026-09-17 15:51:29.144926,W.P. KUALA LUMPUR,KUALA LUMPUR,PASAR AWAM CHOW KIT,Runcit,26,Sayur-Sayuran,03,021,DAUN KETUMBAR (IMPORT),F.A.Q,Kilogram,20,18,
30968973,2026-09-16,2026-09-17 15:51:29.144926,W.P. KUALA LUMPUR,KUALA LUMPUR,PASAR AWAM CHOW KIT,Runcit,26,Sayur-Sayuran,07,002,DAUN SELOM,F.A.Q,Kilogram,10,9.44,
30968974,2026-09-16,2026-09-17 15:51:29.144926,W.P. KUALA LUMPUR,KUALA LUMPUR,PASAR AWAM CHOW KIT,Runcit,26,Sayur-Sayuran,05,002,HALIA MUDA,F.A.Q,Kilogram,15,10.97,
30968975,2026-09-16,2026-09-17 15:51:29.144926,W.P. KUALA LUMPUR,KUALA LUMPUR,PASAR AWAM CHOW KIT,Runcit,26,Sayur-Sayuran,05,002,HALIA TUA (IMPORT),F.A.Q,Kilogram,10,8.57,
30968976,2026-09-16,2026-09-17 15:51:29.144926,W.P. KUALA LUMPUR,KUALA LUMPUR,PASAR AWAM CHOW KIT,Runcit,26,Sayur-Sayuran,02,001,JAGUNG SAYUR / BABY CORN,F.A.Q,Kilogram,20,8.84,
30968977,2026-09-16,2026-09-17 15:51:29.144926,W.P. KUALA LUMPUR,KUALA LUMPUR,PASAR AWAM CHOW KIT,Runcit,26,Sayur-Sayuran,07,003,JERING,F.A.Q,Kilogram,9,8.59,
30968978,2026-09-16,2026-09-17 15:51:29.144926,W.P. KUALA LUMPUR,KUALA LUMPUR,PASAR AWAM CHOW KIT,Runcit,26,Sayur-Sayuran,04,005,KACANG BOTOR,F.A.Q,Kilogram,10,14.49,
30968979,2026-09-16,2026-09-17 15:51:29.144926,W.P. KUALA LUMPUR,KUALA LUMPUR,PASAR AWAM CHOW KIT,Runcit,26,Sayur-Sayuran,03,018,KAILAN,F.A.Q,Kilogram,6,8.75,
30968980,2026-09-16,2026-09-17 15:51:29.144926,W.P. KUALA LUMPUR,KUALA LUMPUR,PASAR AWAM CHOW KIT,Runcit,26,Sayur-Sayuran,05,003,KELADI,F.A.Q,Kilogram,12,9.65,
30968981,2026-09-16,2026-09-17 15:51:29.144926,W.P. KUALA LUMPUR,KUALA LUMPUR,PASAR AWAM CHOW KIT,Runcit,26,Sayur-Sayuran,02,004,KETOLA / PETOLA SEGI,F.A.Q,Kilogram,8,6,
30968982,2026-09-16,2026-09-17 15:51:29.144926,W.P. KUALA LUMPUR,KUALA LUMPUR,PASAR AWAM CHOW KIT,Runcit,26,Sayur-Sayuran,03,006,KUBIS BULAT BEIJING (IMPORT),F.A.Q,Kilogram,5,5.61,
30968983,2026-09-16,2026-09-17 15:51:29.144926,W.P. KUALA LUMPUR,KUALA LUMPUR,PASAR AWAM CHOW KIT,Runcit,26,Sayur-Sayuran,03,004,KUBIS BUNGA (IMPORT),F.A.Q,Kilogram,10,8.93,
30968984,2026-09-16,2026-09-17 15:51:29.144926,W.P. KUALA LUMPUR,KUALA LUMPUR,PASAR AWAM CHOW KIT,Runcit,26,Sayur-Sayuran,03,005,KUBIS PANJANG / CINA,F.A.Q,Kilogram,5,5.94,
30968985,2026-09-16,2026-09-17 15:51:29.144926,W.P. KUALA LUMPUR,KUALA LUMPUR,PASAR AWAM CHOW KIT,Runcit,26,Sayur-Sayuran,03,005,KUBIS PANJANG / CINA (IMPORT),F.A.Q,Kilogram,5,6.09,
30968986,2026-09-16,2026-09-17 15:51:29.144926,W.P. KUALA LUMPUR,KUALA LUMPUR,PASAR AWAM CHOW KIT,Runcit,26,Sayur-Sayuran,02,005,KUNDUR BULAT,F.A.Q,Kilogram,6,4.78,
30968987,2026-09-16,2026-09-17 15:51:29.144926,W.P. KUALA LUMPUR,KUALA LUMPUR,PASAR AWAM CHOW KIT,Runcit,26,Sayur-Sayuran,05,004,KUNYIT,F.A.Q,Kilogram,10,8.45,
30968988,2026-09-16,2026-09-17 15:51:29.144926,W.P. KUALA LUMPUR,KUALA LUMPUR,PASAR AWAM CHOW KIT,Runcit,26,Sayur-Sayuran,02,006,LABU AIR,F.A.Q,Kilogram,5,4.9,
30968989,2026-09-16,2026-09-17 15:51:29.144926,W.P. KUALA LUMPUR,KUALA LUMPUR,PASAR AWAM CHOW KIT,Runcit,26,Sayur-Sayuran,02,006,LABU MANIS,F.A.Q,Kilogram,5,5.17,
30968990,2026-09-16,2026-09-17 15:51:29.144926,W.P. KUALA LUMPUR,KUALA LUMPUR,PASAR AWAM CHOW KIT,Runcit,26,Sayur-Sayuran,02,003,LADA BENGGALA / CAPSICUM HIJAU,F.A.Q,Kilogram,12,12.6,
30968991,2026-09-16,2026-09-17 15:51:29.144926,W.P. KUALA LUMPUR,KUALA LUMPUR,PASAR AWAM CHOW KIT,Runcit,26,Sayur-Sayuran,02,003,LADA BENGGALA / CAPSICUM KUNING,F.A.Q,Kilogram,12,13.72,
30968992,2026-09-16,2026-09-17 15:51:29.144926,W.P. KUALA LUMPUR,KUALA LUMPUR,PASAR AWAM CHOW KIT,Runcit,26,Sayur-Sayuran,02,003,LADA BENGGALA / CAPSICUM MERAH,F.A.Q,Kilogram,12,13.94,
30968993,2026-09-16,2026-09-17 15:51:29.144926,W.P. KUALA LUMPUR,KUALA LUMPUR,PASAR AWAM CHOW KIT,Runcit,26,Sayur-Sayuran,05,005,LENGKUAS,F.A.Q,Kilogram,10,7.19,
30968994,2026-09-16,2026-09-17 15:51:29.144926,W.P. KUALA LUMPUR,KUALA LUMPUR,PASAR AWAM CHOW KIT,Runcit,26,Sayur-Sayuran,01,003,LIK (IMPORT),F.A.Q,Kilogram,15,12.31,
30968995,2026-09-16,2026-09-17 15:51:29.144926,W.P. KUALA LUMPUR,KUALA LUMPUR,PASAR AWAM CHOW KIT,Runcit,26,Sayur-Sayuran,02,007,LIMAU KASTURI,F.A.Q,Kilogram,7,11.02,
30968996,2026-09-16,2026-09-17 15:51:29.144926,W.P. KUALA LUMPUR,KUALA LUMPUR,PASAR AWAM CHOW KIT,Runcit,26,Sayur-Sayuran,02,007,LIMAU NIPIS,F.A.Q,Kilogram,7,10.08,
30968997,2026-09-16,2026-09-17 15:51:29.144926,W.P. KUALA LUMPUR,KUALA LUMPUR,PASAR AWAM CHOW KIT,Runcit,26,Sayur-Sayuran,05,006,LOBAK MERAH (CHINA),F.A.Q,Kilogram,4,4.79,
30968998,2026-09-16,2026-09-17 15:51:29.144926,W.P. KUALA LUMPUR,KUALA LUMPUR,PASAR AWAM CHOW KIT,Runcit,26,Sayur-Sayuran,05,006,LOBAK PUTIH TANAH TINGGI,F.A.Q,Kilogram,5,6.71,
30968999,2026-09-16,2026-09-17 15:51:29.144926,W.P. KUALA LUMPUR,KUALA LUMPUR,PASAR AWAM CHOW KIT,Runcit,26,Sayur-Sayuran,07,002,PEGAGA,F.A.Q,Kilogram,20,13.63,
30969000,2026-09-16,2026-09-17 15:51:29.144926,W.P. KUALA LUMPUR,KUALA LUMPUR,PASAR AWAM CHOW KIT,Runcit,26,Sayur-Sayuran,02,009,PERIA,F.A.Q,Kilogram,8,8.63,
30969001,2026-09-16,2026-09-17 15:51:29.144926,W.P. KUALA LUMPUR,KUALA LUMPUR,PASAR AWAM CHOW KIT,Runcit,26,Sayur-Sayuran,02,009,PERIA KATAK,F.A.Q,Kilogram,8,7.12,
30969002,2026-09-16,2026-09-17 15:51:29.144926,W.P. KUALA LUMPUR,KUALA LUMPUR,PASAR AWAM CHOW KIT,Runcit,26,Sayur-Sayuran,07,003,PETAI,F.A.Q,RM/5 Keping,12.5,8.05,
30969003,2026-09-16,2026-09-17 15:51:29.144926,W.P. KUALA LUMPUR,KUALA LUMPUR,PASAR AWAM CHOW KIT,Runcit,26,Sayur-Sayuran,07,002,PUCUK GAJUS,F.A.Q,Kilogram,20,20,
30969004,2026-09-16,2026-09-17 15:51:29.144926,W.P. KUALA LUMPUR,KUALA LUMPUR,PASAR AWAM CHOW KIT,Runcit,26,Sayur-Sayuran,03,026,PUCUK PAKU,F.A.Q,Kilogram,6,10.25,
30969005,2026-09-16,2026-09-17 15:51:29.144926,W.P. KUALA LUMPUR,KUALA LUMPUR,PASAR AWAM CHOW KIT,Runcit,26,Sayur-Sayuran,01,002,REBUNG,F.A.Q,Kilogram,10,7.6,
30969006,2026-09-16,2026-09-17 15:51:29.144926,W.P. KUALA LUMPUR,KUALA LUMPUR,PASAR AWAM CHOW KIT,Runcit,26,Sayur-Sayuran,03,027,SALAD,F.A.Q,Kilogram,8,10.07,
30969007,2026-09-16,2026-09-17 15:51:29.144926,W.P. KUALA LUMPUR,KUALA LUMPUR,PASAR AWAM CHOW KIT,Runcit,26,Sayur-Sayuran,03,027,SALAD (IMPORT),F.A.Q,Kilogram,8,9.44,
30969008,2026-09-16,2026-09-17 15:51:29.144926,W.P. KUALA LUMPUR,KUALA LUMPUR,PASAR AWAM CHOW KIT,Runcit,26,Sayur-Sayuran,03,027,SALAD BULAT TANAH TINGGI,F.A.Q,Kilogram,8,8.8,
30969009,2026-09-16,2026-09-17 15:51:29.144926,W.P. KUALA LUMPUR,KUALA LUMPUR,PASAR AWAM CHOW KIT,Runcit,26,Sayur-Sayuran,03,007,SAWI BUNGA,F.A.Q,Kilogram,10,10.1,
30969010,2026-09-16,2026-09-17 15:51:29.144926,W.P. KUALA LUMPUR,KUALA LUMPUR,PASAR AWAM CHOW KIT,Runcit,26,Sayur-Sayuran,03,007,SAWI JEPUN,F.A.Q,Kilogram,5,8.01,
30969011,2026-09-16,2026-09-17 15:51:29.144926,W.P. KUALA LUMPUR,KUALA LUMPUR,PASAR AWAM CHOW KIT,Runcit,26,Sayur-Sayuran,03,007,SAWI PAHIT,F.A.Q,Kilogram,5,6.89,
30969012,2026-09-16,2026-09-17 15:51:29.144926,W.P. KUALA LUMPUR,KUALA LUMPUR,PASAR AWAM CHOW KIT,Runcit,26,Sayur-Sayuran,03,007,SAWI PUTIH PAK CHOY,F.A.Q,Kilogram,5,7.21,
30969013,2026-09-16,2026-09-17 15:51:29.144926,W.P. KUALA LUMPUR,KUALA LUMPUR,PASAR AWAM CHOW KIT,Runcit,26,Sayur-Sayuran,07,004,SELASIH,F.A.Q,Kilogram,20,15,
30969014,2026-09-16,2026-09-17 15:51:29.144926,W.P. KUALA LUMPUR,KUALA LUMPUR,PASAR AWAM CHOW KIT,Runcit,26,Sayur-Sayuran,05,007,SENGKUANG,F.A.Q,Kilogram,5,5.37,
30969015,2026-09-16,2026-09-17 15:51:29.144926,W.P. KUALA LUMPUR,KUALA LUMPUR,PASAR AWAM CHOW KIT,Runcit,26,Sayur-Sayuran,05,008,SERAI,F.A.Q,Kilogram,10,6.63,
30969016,2026-09-16,2026-09-17 15:51:29.144926,W.P. KUALA LUMPUR,KUALA LUMPUR,PASAR AWAM CHOW KIT,Runcit,26,Sayur-Sayuran,03,002,TAUGE,F.A.Q,Kilogram,3,3.58,
30969017,2026-09-16,2026-09-17 15:51:29.144926,W.P. KUALA LUMPUR,KUALA LUMPUR,PASAR AWAM CHOW KIT,Runcit,26,Sayur-Sayuran,07,002,TENGGEK BURUNG,F.A.Q,Kilogram,20,20,
30969018,2026-09-16,2026-09-17 15:51:29.144926,W.P. KUALA LUMPUR,KUALA LUMPUR,PASAR AWAM CHOW KIT,Runcit,26,Sayur-Sayuran,02,010,TERUNG BULAT,F.A.Q,Kilogram,8,9.82,
30969019,2026-09-16,2026-09-17 15:51:29.144926,W.P. KUALA LUMPUR,KUALA LUMPUR,PASAR AWAM CHOW KIT,Runcit,26,Sayur-Sayuran,02,010,TERUNG PIPIT,F.A.Q,Kilogram,12,20,
30969020,2026-09-16,2026-09-17 15:51:29.144926,W.P. KUALA LUMPUR,KUALA LUMPUR,PASAR AWAM CHOW KIT,Runcit,26,Sayur-Sayuran,02,010,TERUNG TELUNJUK,F.A.Q,Kilogram,10,10,
30969021,2026-09-16,2026-09-17 15:51:29.144926,W.P. KUALA LUMPUR,KUALA LUMPUR,PASAR AWAM CHOW KIT,Runcit,26,Sayur-Sayuran,02,011,TIMUN JEPUN,F.A.Q,Kilogram,5,6.43,
30969022,2026-09-16,2026-09-17 15:51:29.144926,W.P. KUALA LUMPUR,KUALA LUMPUR,PASAR AWAM CHOW KIT,Runcit,26,Sayur-Sayuran,07,002,ULAM RAJA,F.A.Q,Kilogram,10,15,
30969034,2026-09-16,2026-09-17 16:06:19.850894,W.P. KUALA LUMPUR,KUALA LUMPUR,PASAR AWAM CHOW KIT,Runcit,26,Sayur-Sayuran,03,011,DAUN KESUM,F.A.Q,Kilogram,12,8.09,
30969035,2026-09-16,2026-09-17 16:06:19.850894,W.P. KUALA LUMPUR,KUALA LUMPUR,PASAR AWAM CHOW KIT,Runcit,26,Sayur-Sayuran,03,021,DAUN KETUMBAR (IMPORT),F.A.Q,Kilogram,20,18,
30969036,2026-09-16,2026-09-17 16:06:19.850894,W.P. KUALA LUMPUR,KUALA LUMPUR,PASAR AWAM CHOW KIT,Runcit,26,Sayur-Sayuran,07,002,DAUN SELOM,F.A.Q,Kilogram,12,9.44,
30969037,2026-09-16,2026-09-17 16:06:19.850894,W.P. KUALA LUMPUR,KUALA LUMPUR,PASAR AWAM CHOW KIT,Runcit,26,Sayur-Sayuran,05,002,HALIA MUDA,F.A.Q,Kilogram,15,10.97,
30969038,2026-09-16,2026-09-17 16:06:19.850894,W.P. KUALA LUMPUR,KUALA LUMPUR,PASAR AWAM CHOW KIT,Runcit,26,Sayur-Sayuran,05,002,HALIA TUA (IMPORT),F.A.Q,Kilogram,10,8.57,
30969039,2026-09-16,2026-09-17 16:06:19.850894,W.P. KUALA LUMPUR,KUALA LUMPUR,PASAR AWAM CHOW KIT,Runcit,26,Sayur-Sayuran,02,001,JAGUNG SAYUR / BABY CORN,F.A.Q,Kilogram,20,8.84,
30969040,2026-09-16,2026-09-17 16:06:19.850894,W.P. KUALA LUMPUR,KUALA LUMPUR,PASAR AWAM CHOW KIT,Runcit,26,Sayur-Sayuran,07,003,JERING,F.A.Q,Kilogram,10,8.59,
30969041,2026-09-16,2026-09-17 16:06:19.850894,W.P. KUALA LUMPUR,KUALA LUMPUR,PASAR AWAM CHOW KIT,Runcit,26,Sayur-Sayuran,05,003,KELADI,F.A.Q,Kilogram,8,9.65,
30969042,2026-09-16,2026-09-17 16:06:19.850894,W.P. KUALA LUMPUR,KUALA LUMPUR,PASAR AWAM CHOW KIT,Runcit,26,Sayur-Sayuran,03,004,KUBIS BUNGA (IMPORT),F.A.Q,Kilogram,10,8.93,
30969043,2026-09-16,2026-09-17 16:06:19.850894,W.P. KUALA LUMPUR,KUALA LUMPUR,PASAR AWAM CHOW KIT,Runcit,26,Sayur-Sayuran,03,005,KUBIS PANJANG / CINA,F.A.Q,Kilogram,5,5.94,
30969044,2026-09-16,2026-09-17 16:06:19.850894,W.P. KUALA LUMPUR,KUALA LUMPUR,PASAR AWAM CHOW KIT,Runcit,26,Sayur-Sayuran,03,005,KUBIS PANJANG / CINA (IMPORT),F.A.Q,Kilogram,5,6.09,
30969045,2026-09-16,2026-09-17 16:06:19.850894,W.P. KUALA LUMPUR,KUALA LUMPUR,PASAR AWAM CHOW KIT,Runcit,26,Sayur-Sayuran,02,005,KUNDUR BULAT,F.A.Q,Kilogram,5,4.78,
30969046,2026-09-16,2026-09-17 16:06:19.850894,W.P. KUALA LUMPUR,KUALA LUMPUR,PASAR AWAM CHOW KIT,Runcit,26,Sayur-Sayuran,02,003,LADA BENGGALA / CAPSICUM HIJAU,F.A.Q,Kilogram,12,12.6,
30969047,2026-09-16,2026-09-17 16:06:19.850894,W.P. KUALA LUMPUR,KUALA LUMPUR,PASAR AWAM CHOW KIT,Runcit,26,Sayur-Sayuran,02,003,LADA BENGGALA / CAPSICUM KUNING,F.A.Q,Kilogram,15,13.72,
30969048,2026-09-16,2026-09-17 16:06:19.850894,W.P. KUALA LUMPUR,KUALA LUMPUR,PASAR AWAM CHOW KIT,Runcit,26,Sayur-Sayuran,02,003,LADA BENGGALA / CAPSICUM MERAH,F.A.Q,Kilogram,15,13.94,
30969049,2026-09-16,2026-09-17 16:06:19.850894,W.P. KUALA LUMPUR,KUALA LUMPUR,PASAR AWAM CHOW KIT,Runcit,26,Sayur-Sayuran,01,003,LIK (IMPORT),F.A.Q,Kilogram,12,12.31,
30969050,2026-09-16,2026-09-17 16:06:19.850894,W.P. KUALA LUMPUR,KUALA LUMPUR,PASAR AWAM CHOW KIT,Runcit,26,Sayur-Sayuran,05,006,LOBAK MERAH (CHINA),F.A.Q,Kilogram,3.5,4.79,
30969051,2026-09-16,2026-09-17 16:06:19.850894,W.P. KUALA LUMPUR,KUALA LUMPUR,PASAR AWAM CHOW KIT,Runcit,26,Sayur-Sayuran,07,002,PEGAGA,F.A.Q,Kilogram,16,13.63,
30969052,2026-09-16,2026-09-17 16:06:19.850894,W.P. KUALA LUMPUR,KUALA LUMPUR,PASAR AWAM CHOW KIT,Runcit,26,Sayur-Sayuran,02,009,PERIA,F.A.Q,Kilogram,8,8.63,
30969053,2026-09-16,2026-09-17 16:06:19.850894,W.P. KUALA LUMPUR,KUALA LUMPUR,PASAR AWAM CHOW KIT,Runcit,26,Sayur-Sayuran,03,026,PUCUK PAKU,F.A.Q,Kilogram,5,10.25,
30969054,2026-09-16,2026-09-17 16:06:19.850894,W.P. KUALA LUMPUR,KUALA LUMPUR,PASAR AWAM CHOW KIT,Runcit,26,Sayur-Sayuran,01,002,REBUNG,F.A.Q,Kilogram,12,7.6,
30969055,2026-09-16,2026-09-17 16:06:19.850894,W.P. KUALA LUMPUR,KUALA LUMPUR,PASAR AWAM CHOW KIT,Runcit,26,Sayur-Sayuran,03,027,SALAD,F.A.Q,Kilogram,7,10.07,
30969056,2026-09-16,2026-09-17 16:06:19.850894,W.P. KUALA LUMPUR,KUALA LUMPUR,PASAR AWAM CHOW KIT,Runcit,26,Sayur-Sayuran,03,027,SALAD (IMPORT),F.A.Q,Kilogram,7,9.44,
30969057,2026-09-16,2026-09-17 16:06:19.850894,W.P. KUALA LUMPUR,KUALA LUMPUR,PASAR AWAM CHOW KIT,Runcit,26,Sayur-Sayuran,03,027,SALAD BULAT TANAH TINGGI,F.A.Q,Kilogram,7,8.8,
30969058,2026-09-16,2026-09-17 16:06:19.936138,W.P. KUALA LUMPUR,KUALA LUMPUR,PASAR AWAM CHOW KIT,Runcit,26,Sayur-Sayuran,03,007,SAWI BUNGA,F.A.Q,Kilogram,10,10.1,
30969059,2026-09-16,2026-09-17 16:06:19.936138,W.P. KUALA LUMPUR,KUALA LUMPUR,PASAR AWAM CHOW KIT,Runcit,26,Sayur-Sayuran,03,007,SAWI JEPUN,F.A.Q,Kilogram,5,8.01,
30969060,2026-09-16,2026-09-17 16:06:19.936138,W.P. KUALA LUMPUR,KUALA LUMPUR,PASAR AWAM CHOW KIT,Runcit,26,Sayur-Sayuran,03,007,SAWI PAHIT,F.A.Q,Kilogram,5,6.89,
30969061,2026-09-16,2026-09-17 16:06:19.936138,W.P. KUALA LUMPUR,KUALA LUMPUR,PASAR AWAM CHOW KIT,Runcit,26,Sayur-Sayuran,03,007,SAWI PUTIH PAK CHOY,F.A.Q,Kilogram,5,7.21,
30969062,2026-09-16,2026-09-17 16:06:19.936138,W.P. KUALA LUMPUR,KUALA LUMPUR,PASAR AWAM CHOW KIT,Runcit,26,Sayur-Sayuran,02,010,TERUNG PEPARU MINI,F.A.Q,Kilogram,10,9.48,
30969063,2026-09-16,2026-09-17 16:06:19.936138,W.P. KUALA LUMPUR,KUALA LUMPUR,PASAR AWAM CHOW KIT,Runcit,26,Sayur-Sayuran,02,011,TIMUN JEPUN,F.A.Q,Kilogram,6,6.43,
30969064,2026-09-16,2026-09-17 16:06:19.936138,W.P. KUALA LUMPUR,KUALA LUMPUR,PASAR AWAM CHOW KIT,Runcit,26,Sayur-Sayuran,07,002,ULAM RAJA,F.A.Q,Kilogram,12,15,
30969065,2026-09-16,2026-09-17 16:08:26.729977,PERLIS,PERLIS,PASAR BORONG KAMPUNG BAKAU,Borong,20,Sayur-Sayuran,02,002,CILI PADI AKAR (THAILAND),F.A.Q,Kilogram,9,9.5,
30969066,2026-09-16,2026-09-17 16:08:26.729977,PERLIS,PERLIS,PASAR BORONG KAMPUNG BAKAU,Borong,20,Sayur-Sayuran,02,002,CILI PADI AKAR (THAILAND),F.A.Q,Kilogram,9,9.5,
30969067,2026-09-16,2026-09-17 16:08:26.729977,PERLIS,PERLIS,PASAR BORONG KAMPUNG BAKAU,Borong,20,Sayur-Sayuran,02,002,CILI PADI AKAR (THAILAND),F.A.Q,Kilogram,9,9.5,
30969068,2026-09-16,2026-09-17 16:08:26.729977,PERLIS,PERLIS,PASAR BORONG KAMPUNG BAKAU,Borong,20,Sayur-Sayuran,02,002,CILI PADI AKAR (THAILAND),F.A.Q,Kilogram,9,9.5,
30969069,2026-09-16,2026-09-17 16:08:26.729977,PERLIS,PERLIS,PASAR BORONG KAMPUNG BAKAU,Borong,20,Sayur-Sayuran,02,002,CILI PADI KAMPUNG (THAILAND),F.A.Q,Kilogram,21,21,
30969070,2026-09-16,2026-09-17 16:08:26.729977,PERLIS,PERLIS,PASAR BORONG KAMPUNG BAKAU,Borong,20,Sayur-Sayuran,03,011,DAUN KESUM,F.A.Q,Kilogram,6,6,
30969071,2026-09-16,2026-09-17 16:08:26.729977,PERLIS,PERLIS,PASAR BORONG KAMPUNG BAKAU,Borong,20,Sayur-Sayuran,03,011,DAUN KESUM,F.A.Q,Kilogram,6,6,
30969072,2026-09-16,2026-09-17 16:08:26.729977,PERLIS,PERLIS,PASAR BORONG KAMPUNG BAKAU,Borong,20,Sayur-Sayuran,03,011,DAUN KESUM,F.A.Q,Kilogram,6,6,
30969073,2026-09-16,2026-09-17 16:08:26.729977,PERLIS,PERLIS,PASAR BORONG KAMPUNG BAKAU,Borong,20,Sayur-Sayuran,03,011,DAUN KESUM,F.A.Q,Kilogram,6,6,
30969074,2026-09-16,2026-09-17 16:08:26.729977,PERLIS,PERLIS,PASAR BORONG KAMPUNG BAKAU,Borong,20,Sayur-Sayuran,03,021,DAUN KETUMBAR (IMPORT),F.A.Q,Kilogram,13,13,
30969075,2026-09-16,2026-09-17 16:08:26.729977,PERLIS,PERLIS,PASAR BORONG KAMPUNG BAKAU,Borong,20,Sayur-Sayuran,03,021,DAUN KETUMBAR (IMPORT),F.A.Q,Kilogram,13,13,
30969076,2026-09-16,2026-09-17 16:08:26.729977,PERLIS,PERLIS,PASAR BORONG KAMPUNG BAKAU,Borong,20,Sayur-Sayuran,03,021,DAUN KETUMBAR (IMPORT),F.A.Q,Kilogram,13,13,
30969077,2026-09-16,2026-09-17 16:08:26.729977,PERLIS,PERLIS,PASAR BORONG KAMPUNG BAKAU,Borong,20,Sayur-Sayuran,03,021,DAUN KETUMBAR (IMPORT),F.A.Q,Kilogram,13,13,
30969078,2026-09-16,2026-09-17 16:08:26.729977,PERLIS,PERLIS,PASAR BORONG KAMPUNG BAKAU,Borong,20,Sayur-Sayuran,07,002,DAUN SELOM,F.A.Q,Kilogram,7,6,
30969079,2026-09-16,2026-09-17 16:08:26.729977,PERLIS,PERLIS,PASAR BORONG KAMPUNG BAKAU,Borong,20,Sayur-Sayuran,07,002,DAUN SELOM,F.A.Q,Kilogram,7,6,
30969080,2026-09-16,2026-09-17 16:08:26.729977,PERLIS,PERLIS,PASAR BORONG KAMPUNG BAKAU,Borong,20,Sayur-Sayuran,07,002,DAUN SELOM,F.A.Q,Kilogram,7,6,
30969081,2026-09-16,2026-09-17 16:08:26.729977,PERLIS,PERLIS,PASAR BORONG KAMPUNG BAKAU,Borong,20,Sayur-Sayuran,07,002,DAUN SELOM,F.A.Q,Kilogram,7,6,
30969082,2026-09-16,2026-09-17 16:08:26.729977,PERLIS,PERLIS,PASAR BORONG KAMPUNG BAKAU,Borong,20,Sayur-Sayuran,05,002,HALIA MUDA (IMPORT),F.A.Q,Kilogram,5,5,
30969083,2026-09-16,2026-09-17 16:08:26.729977,PERLIS,PERLIS,PASAR BORONG KAMPUNG BAKAU,Borong,20,Sayur-Sayuran,05,002,HALIA MUDA (IMPORT),F.A.Q,Kilogram,5,5,
30969084,2026-09-16,2026-09-17 16:08:26.729977,PERLIS,PERLIS,PASAR BORONG KAMPUNG BAKAU,Borong,20,Sayur-Sayuran,05,002,HALIA MUDA (IMPORT),F.A.Q,Kilogram,5,5,
30969085,2026-09-16,2026-09-17 16:08:26.729977,PERLIS,PERLIS,PASAR BORONG KAMPUNG BAKAU,Borong,20,Sayur-Sayuran,05,002,HALIA MUDA (IMPORT),F.A.Q,Kilogram,5,5,
30969086,2026-09-16,2026-09-17 16:08:26.729977,PERLIS,PERLIS,PASAR BORONG KAMPUNG BAKAU,Borong,20,Sayur-Sayuran,05,002,HALIA TUA,F.A.Q,Kilogram,7,7,
30969087,2026-09-16,2026-09-17 16:08:26.729977,PERLIS,PERLIS,PASAR BORONG KAMPUNG BAKAU,Borong,20,Sayur-Sayuran,05,002,HALIA TUA,F.A.Q,Kilogram,7,7,
30969088,2026-09-16,2026-09-17 16:08:26.729977,PERLIS,PERLIS,PASAR BORONG KAMPUNG BAKAU,Borong,20,Sayur-Sayuran,05,002,HALIA TUA,F.A.Q,Kilogram,7,7,
30969089,2026-09-16,2026-09-17 16:08:26.729977,PERLIS,PERLIS,PASAR BORONG KAMPUNG BAKAU,Borong,20,Sayur-Sayuran,05,002,HALIA TUA,F.A.Q,Kilogram,7,7,
30969090,2026-09-16,2026-09-17 16:08:26.729977,PERLIS,PERLIS,PASAR BORONG KAMPUNG BAKAU,Borong,20,Sayur-Sayuran,05,002,HALIA TUA (IMPORT),F.A.Q,Kilogram,6,6,
30969091,2026-09-16,2026-09-17 16:08:26.729977,PERLIS,PERLIS,PASAR BORONG KAMPUNG BAKAU,Borong,20,Sayur-Sayuran,05,002,HALIA TUA (IMPORT),F.A.Q,Kilogram,6,6,
30969092,2026-09-16,2026-09-17 16:08:26.729977,PERLIS,PERLIS,PASAR BORONG KAMPUNG BAKAU,Borong,20,Sayur-Sayuran,05,002,HALIA TUA (IMPORT),F.A.Q,Kilogram,6,6,
30969093,2026-09-16,2026-09-17 16:08:26.729977,PERLIS,PERLIS,PASAR BORONG KAMPUNG BAKAU,Borong,20,Sayur-Sayuran,05,002,HALIA TUA (IMPORT),F.A.Q,Kilogram,6,6,
30969094,2026-09-16,2026-09-17 16:08:26.729977,PERLIS,PERLIS,PASAR BORONG KAMPUNG BAKAU,Borong,20,Sayur-Sayuran,02,001,JAGUNG SAYUR / BABY CORN,F.A.Q,Kilogram,15,14,
30969095,2026-09-16,2026-09-17 16:08:26.729977,PERLIS,PERLIS,PASAR BORONG KAMPUNG BAKAU,Borong,20,Sayur-Sayuran,02,001,JAGUNG SAYUR / BABY CORN,F.A.Q,Kilogram,15,14,
30969096,2026-09-16,2026-09-17 16:08:26.729977,PERLIS,PERLIS,PASAR BORONG KAMPUNG BAKAU,Borong,20,Sayur-Sayuran,02,001,JAGUNG SAYUR / BABY CORN,F.A.Q,Kilogram,15,14,
30969097,2026-09-16,2026-09-17 16:08:26.729977,PERLIS,PERLIS,PASAR BORONG KAMPUNG BAKAU,Borong,20,Sayur-Sayuran,02,001,JAGUNG SAYUR / BABY CORN,F.A.Q,Kilogram,15,14,
30969098,2026-09-16,2026-09-17 16:08:26.729977,PERLIS,PERLIS,PASAR BORONG KAMPUNG BAKAU,Borong,20,Sayur-Sayuran,04,005,KACANG BOTOR,F.A.Q,Kilogram,7,9,
30969099,2026-09-16,2026-09-17 16:08:26.729977,PERLIS,PERLIS,PASAR BORONG KAMPUNG BAKAU,Borong,20,Sayur-Sayuran,04,005,KACANG BOTOR,F.A.Q,Kilogram,7,9,
30969100,2026-09-16,2026-09-17 16:08:26.729977,PERLIS,PERLIS,PASAR BORONG KAMPUNG BAKAU,Borong,20,Sayur-Sayuran,04,005,KACANG BOTOR,F.A.Q,Kilogram,7,9,
30969101,2026-09-16,2026-09-17 16:08:26.729977,PERLIS,PERLIS,PASAR BORONG KAMPUNG BAKAU,Borong,20,Sayur-Sayuran,04,005,KACANG BOTOR,F.A.Q,Kilogram,7,9,
30969102,2026-09-16,2026-09-17 16:08:26.729977,PERLIS,PERLIS,PASAR BORONG KAMPUNG BAKAU,Borong,20,Sayur-Sayuran,03,018,KAILAN,F.A.Q,Kilogram,5,5,
30969103,2026-09-16,2026-09-17 16:08:26.729977,PERLIS,PERLIS,PASAR BORONG KAMPUNG BAKAU,Borong,20,Sayur-Sayuran,03,018,KAILAN,F.A.Q,Kilogram,5,5,
30969104,2026-09-16,2026-09-17 16:08:26.729977,PERLIS,PERLIS,PASAR BORONG KAMPUNG BAKAU,Borong,20,Sayur-Sayuran,03,018,KAILAN,F.A.Q,Kilogram,5,5,
30969105,2026-09-16,2026-09-17 16:08:26.729977,PERLIS,PERLIS,PASAR BORONG KAMPUNG BAKAU,Borong,20,Sayur-Sayuran,03,018,KAILAN,F.A.Q,Kilogram,5,5,
30969106,2026-09-16,2026-09-17 16:08:26.729977,PERLIS,PERLIS,PASAR BORONG KAMPUNG BAKAU,Borong,20,Sayur-Sayuran,03,018,KAILAN (IMPORT),F.A.Q,Kilogram,5,5,
30969107,2026-09-16,2026-09-17 16:08:26.729977,PERLIS,PERLIS,PASAR BORONG KAMPUNG BAKAU,Borong,20,Sayur-Sayuran,03,018,KAILAN (IMPORT),F.A.Q,Kilogram,5,5,
30969108,2026-09-16,2026-09-17 16:08:26.729977,PERLIS,PERLIS,PASAR BORONG KAMPUNG BAKAU,Borong,20,Sayur-Sayuran,03,018,KAILAN (IMPORT),F.A.Q,Kilogram,5,5,
30969109,2026-09-16,2026-09-17 16:08:26.729977,PERLIS,PERLIS,PASAR BORONG KAMPUNG BAKAU,Borong,20,Sayur-Sayuran,03,018,KAILAN (IMPORT),F.A.Q,Kilogram,5,5,
30969110,2026-09-16,2026-09-17 16:08:26.729977,PERLIS,PERLIS,PASAR BORONG KAMPUNG BAKAU,Borong,20,Sayur-Sayuran,05,003,KELADI,F.A.Q,Kilogram,5.5,5.75,
30969111,2026-09-16,2026-09-17 16:08:26.729977,PERLIS,PERLIS,PASAR BORONG KAMPUNG BAKAU,Borong,20,Sayur-Sayuran,05,003,KELADI,F.A.Q,Kilogram,5.5,5.75,
30969112,2026-09-16,2026-09-17 16:08:26.729977,PERLIS,PERLIS,PASAR BORONG KAMPUNG BAKAU,Borong,20,Sayur-Sayuran,05,003,KELADI,F.A.Q,Kilogram,5.5,5.75,
30969113,2026-09-16,2026-09-17 16:08:26.729977,PERLIS,PERLIS,PASAR BORONG KAMPUNG BAKAU,Borong,20,Sayur-Sayuran,05,003,KELADI,F.A.Q,Kilogram,5.5,5.75,
30969114,2026-09-16,2026-09-17 16:08:26.729977,PERLIS,PERLIS,PASAR BORONG KAMPUNG BAKAU,Borong,20,Sayur-Sayuran,02,004,KETOLA / PETOLA SEGI,F.A.Q,Kilogram,3.6,3.5,
30969115,2026-09-16,2026-09-17 16:08:26.729977,PERLIS,PERLIS,PASAR BORONG KAMPUNG BAKAU,Borong,20,Sayur-Sayuran,02,004,KETOLA / PETOLA SEGI,F.A.Q,Kilogram,3.6,3.5,
30969116,2026-09-16,2026-09-17 16:08:26.729977,PERLIS,PERLIS,PASAR BORONG KAMPUNG BAKAU,Borong,20,Sayur-Sayuran,02,004,KETOLA / PETOLA SEGI,F.A.Q,Kilogram,3.6,3.5,
30969117,2026-09-16,2026-09-17 16:08:26.729977,PERLIS,PERLIS,PASAR BORONG KAMPUNG BAKAU,Borong,20,Sayur-Sayuran,02,004,KETOLA / PETOLA SEGI,F.A.Q,Kilogram,3.6,3.5,
30969118,2026-09-16,2026-09-17 16:08:26.729977,PERLIS,PERLIS,PASAR BORONG KAMPUNG BAKAU,Borong,20,Sayur-Sayuran,03,006,KUBIS BULAT BEIJING (IMPORT),F.A.Q,Kilogram,4,4,
30969119,2026-09-16,2026-09-17 16:08:26.858554,PERLIS,PERLIS,PASAR BORONG KAMPUNG BAKAU,Borong,20,Sayur-Sayuran,03,006,KUBIS BULAT BEIJING (IMPORT),F.A.Q,Kilogram,4,4,
30969120,2026-09-16,2026-09-17 16:08:26.858554,PERLIS,PERLIS,PASAR BORONG KAMPUNG BAKAU,Borong,20,Sayur-Sayuran,03,006,KUBIS BULAT BEIJING (IMPORT),F.A.Q,Kilogram,4,4,
30969121,2026-09-16,2026-09-17 16:08:26.858554,PERLIS,PERLIS,PASAR BORONG KAMPUNG BAKAU,Borong,20,Sayur-Sayuran,03,006,KUBIS BULAT BEIJING (IMPORT),F.A.Q,Kilogram,4,4,
30969122,2026-09-16,2026-09-17 16:08:26.858554,PERLIS,PERLIS,PASAR BORONG KAMPUNG BAKAU,Borong,20,Sayur-Sayuran,03,004,KUBIS BUNGA (IMPORT),F.A.Q,Kilogram,9,9,
30969123,2026-09-16,2026-09-17 16:08:26.858554,PERLIS,PERLIS,PASAR BORONG KAMPUNG BAKAU,Borong,20,Sayur-Sayuran,03,004,KUBIS BUNGA (IMPORT),F.A.Q,Kilogram,9,9,
30969124,2026-09-16,2026-09-17 16:08:26.858554,PERLIS,PERLIS,PASAR BORONG KAMPUNG BAKAU,Borong,20,Sayur-Sayuran,03,004,KUBIS BUNGA (IMPORT),F.A.Q,Kilogram,9,9,
30969125,2026-09-16,2026-09-17 16:08:26.858554,PERLIS,PERLIS,PASAR BORONG KAMPUNG BAKAU,Borong,20,Sayur-Sayuran,03,004,KUBIS BUNGA (IMPORT),F.A.Q,Kilogram,9,9,
30969126,2026-09-16,2026-09-17 16:08:26.858554,PERLIS,PERLIS,PASAR BORONG KAMPUNG BAKAU,Borong,20,Sayur-Sayuran,03,005,KUBIS PANJANG / CINA (IMPORT),F.A.Q,Kilogram,4,4,
30969127,2026-09-16,2026-09-17 16:08:26.858554,PERLIS,PERLIS,PASAR BORONG KAMPUNG BAKAU,Borong,20,Sayur-Sayuran,03,005,KUBIS PANJANG / CINA (IMPORT),F.A.Q,Kilogram,4,4,
30969128,2026-09-16,2026-09-17 16:08:26.858554,PERLIS,PERLIS,PASAR BORONG KAMPUNG BAKAU,Borong,20,Sayur-Sayuran,03,005,KUBIS PANJANG / CINA (IMPORT),F.A.Q,Kilogram,4,4,
30969129,2026-09-16,2026-09-17 16:08:26.858554,PERLIS,PERLIS,PASAR BORONG KAMPUNG BAKAU,Borong,20,Sayur-Sayuran,03,005,KUBIS PANJANG / CINA (IMPORT),F.A.Q,Kilogram,4,4,
30969130,2026-09-16,2026-09-17 16:08:26.858554,PERLIS,PERLIS,PASAR BORONG KAMPUNG BAKAU,Borong,20,Sayur-Sayuran,02,005,KUNDUR BULAT,F.A.Q,Kilogram,3,3,
30969131,2026-09-16,2026-09-17 16:08:26.858554,PERLIS,PERLIS,PASAR BORONG KAMPUNG BAKAU,Borong,20,Sayur-Sayuran,02,005,KUNDUR BULAT,F.A.Q,Kilogram,3,3,
30969132,2026-09-16,2026-09-17 16:08:26.858554,PERLIS,PERLIS,PASAR BORONG KAMPUNG BAKAU,Borong,20,Sayur-Sayuran,02,005,KUNDUR BULAT,F.A.Q,Kilogram,3,3,
30969133,2026-09-16,2026-09-17 16:08:26.858554,PERLIS,PERLIS,PASAR BORONG KAMPUNG BAKAU,Borong,20,Sayur-Sayuran,02,005,KUNDUR BULAT,F.A.Q,Kilogram,3,3,
30969134,2026-09-16,2026-09-17 16:08:26.858554,PERLIS,PERLIS,PASAR BORONG KAMPUNG BAKAU,Borong,20,Sayur-Sayuran,05,004,KUNYIT,F.A.Q,Kilogram,5,5,
30969135,2026-09-16,2026-09-17 16:08:26.858554,PERLIS,PERLIS,PASAR BORONG KAMPUNG BAKAU,Borong,20,Sayur-Sayuran,05,004,KUNYIT,F.A.Q,Kilogram,5,5,
30969136,2026-09-16,2026-09-17 16:08:26.858554,PERLIS,PERLIS,PASAR BORONG KAMPUNG BAKAU,Borong,20,Sayur-Sayuran,05,004,KUNYIT,F.A.Q,Kilogram,5,5,
30969137,2026-09-16,2026-09-17 16:08:26.858554,PERLIS,PERLIS,PASAR BORONG KAMPUNG BAKAU,Borong,20,Sayur-Sayuran,05,004,KUNYIT,F.A.Q,Kilogram,5,5,
30969138,2026-09-16,2026-09-17 16:08:26.858554,PERLIS,PERLIS,PASAR BORONG KAMPUNG BAKAU,Borong,20,Sayur-Sayuran,02,006,LABU AIR,F.A.Q,Kilogram,2.6,2.5,
30969139,2026-09-16,2026-09-17 16:08:26.858554,PERLIS,PERLIS,PASAR BORONG KAMPUNG BAKAU,Borong,20,Sayur-Sayuran,02,006,LABU AIR,F.A.Q,Kilogram,2.6,2.5,
30969140,2026-09-16,2026-09-17 16:08:26.858554,PERLIS,PERLIS,PASAR BORONG KAMPUNG BAKAU,Borong,20,Sayur-Sayuran,02,006,LABU AIR,F.A.Q,Kilogram,2.6,2.5,
30969141,2026-09-16,2026-09-17 16:08:26.858554,PERLIS,PERLIS,PASAR BORONG KAMPUNG BAKAU,Borong,20,Sayur-Sayuran,02,006,LABU AIR,F.A.Q,Kilogram,2.5,2.5,
30969142,2026-09-16,2026-09-17 16:08:26.858554,PERLIS,PERLIS,PASAR BORONG KAMPUNG BAKAU,Borong,20,Sayur-Sayuran,02,006,LABU MANIS,F.A.Q,Kilogram,3.3,3.3125,
30969143,2026-09-16,2026-09-17 16:08:26.858554,PERLIS,PERLIS,PASAR BORONG KAMPUNG BAKAU,Borong,20,Sayur-Sayuran,02,006,LABU MANIS,F.A.Q,Kilogram,3.3,3.3125,
30969144,2026-09-16,2026-09-17 16:08:26.858554,PERLIS,PERLIS,PASAR BORONG KAMPUNG BAKAU,Borong,20,Sayur-Sayuran,02,006,LABU MANIS,F.A.Q,Kilogram,3.5,3.3125,
30969145,2026-09-16,2026-09-17 16:08:26.858554,PERLIS,PERLIS,PASAR BORONG KAMPUNG BAKAU,Borong,20,Sayur-Sayuran,02,006,LABU MANIS,F.A.Q,Kilogram,3.5,3.3125,
30969220,2026-09-16,2026-09-17 16:25:05.70108,PERLIS,PERLIS,PASAR BORONG KAMPUNG BAKAU,Borong,20,Sayur-Sayuran,05,005,LENGKUAS,F.A.Q,Kilogram,7,8,
30969221,2026-09-16,2026-09-17 16:25:05.70108,PERLIS,PERLIS,PASAR BORONG KAMPUNG BAKAU,Borong,20,Sayur-Sayuran,05,005,LENGKUAS,F.A.Q,Kilogram,7,8,
30969222,2026-09-16,2026-09-17 16:25:05.70108,PERLIS,PERLIS,PASAR BORONG KAMPUNG BAKAU,Borong,20,Sayur-Sayuran,05,005,LENGKUAS,F.A.Q,Kilogram,7,8,
30969223,2026-09-16,2026-09-17 16:25:05.70108,PERLIS,PERLIS,PASAR BORONG KAMPUNG BAKAU,Borong,20,Sayur-Sayuran,05,005,LENGKUAS,F.A.Q,Kilogram,7,8,
30969224,2026-09-16,2026-09-17 16:25:05.70108,PERLIS,PERLIS,PASAR BORONG KAMPUNG BAKAU,Borong,20,Sayur-Sayuran,01,003,LIK (IMPORT),F.A.Q,Kilogram,14,14,
30969225,2026-09-16,2026-09-17 16:25:05.70108,PERLIS,PERLIS,PASAR BORONG KAMPUNG BAKAU,Borong,20,Sayur-Sayuran,01,003,LIK (IMPORT),F.A.Q,Kilogram,14,14,
30969226,2026-09-16,2026-09-17 16:25:05.70108,PERLIS,PERLIS,PASAR BORONG KAMPUNG BAKAU,Borong,20,Sayur-Sayuran,01,003,LIK (IMPORT),F.A.Q,Kilogram,13,14,
30969227,2026-09-16,2026-09-17 16:25:05.70108,PERLIS,PERLIS,PASAR BORONG KAMPUNG BAKAU,Borong,20,Sayur-Sayuran,01,003,LIK (IMPORT),F.A.Q,Kilogram,13,14,
30969228,2026-09-16,2026-09-17 16:25:05.70108,PERLIS,PERLIS,PASAR BORONG KAMPUNG BAKAU,Borong,20,Sayur-Sayuran,02,007,LIMAU KASTURI,F.A.Q,Kilogram,7,7,
30969229,2026-09-16,2026-09-17 16:25:05.70108,PERLIS,PERLIS,PASAR BORONG KAMPUNG BAKAU,Borong,20,Sayur-Sayuran,02,007,LIMAU KASTURI,F.A.Q,Kilogram,7,7,
30969230,2026-09-16,2026-09-17 16:25:05.70108,PERLIS,PERLIS,PASAR BORONG KAMPUNG BAKAU,Borong,20,Sayur-Sayuran,02,007,LIMAU KASTURI,F.A.Q,Kilogram,7,7,
30969231,2026-09-16,2026-09-17 16:25:05.70108,PERLIS,PERLIS,PASAR BORONG KAMPUNG BAKAU,Borong,20,Sayur-Sayuran,02,007,LIMAU KASTURI,F.A.Q,Kilogram,7,7,
30969232,2026-09-16,2026-09-17 16:25:05.70108,PERLIS,PERLIS,PASAR BORONG KAMPUNG BAKAU,Borong,20,Sayur-Sayuran,02,007,LIMAU NIPIS,F.A.Q,Kilogram,7,7,
30969233,2026-09-16,2026-09-17 16:25:05.70108,PERLIS,PERLIS,PASAR BORONG KAMPUNG BAKAU,Borong,20,Sayur-Sayuran,02,007,LIMAU NIPIS,F.A.Q,Kilogram,7,7,
30969234,2026-09-16,2026-09-17 16:25:05.70108,PERLIS,PERLIS,PASAR BORONG KAMPUNG BAKAU,Borong,20,Sayur-Sayuran,02,007,LIMAU NIPIS,F.A.Q,Kilogram,6.5,7,
30969235,2026-09-16,2026-09-17 16:25:05.70108,PERLIS,PERLIS,PASAR BORONG KAMPUNG BAKAU,Borong,20,Sayur-Sayuran,02,007,LIMAU NIPIS,F.A.Q,Kilogram,6.5,7,
30969236,2026-09-16,2026-09-17 16:25:05.70108,PERLIS,PERLIS,PASAR BORONG KAMPUNG BAKAU,Borong,20,Sayur-Sayuran,05,006,LOBAK MERAH (CHINA),F.A.Q,Kilogram,2.6,3,
30969237,2026-09-16,2026-09-17 16:25:05.70108,PERLIS,PERLIS,PASAR BORONG KAMPUNG BAKAU,Borong,20,Sayur-Sayuran,05,006,LOBAK MERAH (CHINA),F.A.Q,Kilogram,2.8,3,
30969238,2026-09-16,2026-09-17 16:25:05.70108,PERLIS,PERLIS,PASAR BORONG KAMPUNG BAKAU,Borong,20,Sayur-Sayuran,05,006,LOBAK MERAH (CHINA),F.A.Q,Kilogram,2.7,3,
30969239,2026-09-16,2026-09-17 16:25:05.70108,PERLIS,PERLIS,PASAR BORONG KAMPUNG BAKAU,Borong,20,Sayur-Sayuran,05,006,LOBAK MERAH (CHINA),F.A.Q,Kilogram,2.9,3,
30969240,2026-09-16,2026-09-17 16:25:05.70108,PERLIS,PERLIS,PASAR BORONG KAMPUNG BAKAU,Borong,20,Sayur-Sayuran,05,006,LOBAK PUTIH TANAH TINGGI,F.A.Q,Kilogram,5,4.5,
30969241,2026-09-16,2026-09-17 16:25:05.70108,PERLIS,PERLIS,PASAR BORONG KAMPUNG BAKAU,Borong,20,Sayur-Sayuran,05,006,LOBAK PUTIH TANAH TINGGI,F.A.Q,Kilogram,5,4.5,
30969242,2026-09-16,2026-09-17 16:25:05.70108,PERLIS,PERLIS,PASAR BORONG KAMPUNG BAKAU,Borong,20,Sayur-Sayuran,05,006,LOBAK PUTIH TANAH TINGGI,F.A.Q,Kilogram,5,4.5,
30969243,2026-09-16,2026-09-17 16:25:05.70108,PERLIS,PERLIS,PASAR BORONG KAMPUNG BAKAU,Borong,20,Sayur-Sayuran,05,006,LOBAK PUTIH TANAH TINGGI,F.A.Q,Kilogram,5,4.5,
30969244,2026-09-16,2026-09-17 16:25:05.70108,PERLIS,PERLIS,PASAR BORONG KAMPUNG BAKAU,Borong,20,Sayur-Sayuran,07,002,PEGAGA,F.A.Q,Kilogram,16,15,
30969245,2026-09-16,2026-09-17 16:25:05.70108,PERLIS,PERLIS,PASAR BORONG KAMPUNG BAKAU,Borong,20,Sayur-Sayuran,07,002,PEGAGA,F.A.Q,Kilogram,16,15,
30969246,2026-09-16,2026-09-17 16:25:05.70108,PERLIS,PERLIS,PASAR BORONG KAMPUNG BAKAU,Borong,20,Sayur-Sayuran,07,002,PEGAGA,F.A.Q,Kilogram,16,15,
30969247,2026-09-16,2026-09-17 16:25:05.70108,PERLIS,PERLIS,PASAR BORONG KAMPUNG BAKAU,Borong,20,Sayur-Sayuran,07,002,PEGAGA,F.A.Q,Kilogram,16,15,
30969248,2026-09-16,2026-09-17 16:25:05.70108,PERLIS,PERLIS,PASAR BORONG KAMPUNG BAKAU,Borong,20,Sayur-Sayuran,02,009,PERIA,F.A.Q,Kilogram,5,5.5,
30969249,2026-09-16,2026-09-17 16:25:05.70108,PERLIS,PERLIS,PASAR BORONG KAMPUNG BAKAU,Borong,20,Sayur-Sayuran,02,009,PERIA,F.A.Q,Kilogram,5,5.5,
30969250,2026-09-16,2026-09-17 16:25:05.70108,PERLIS,PERLIS,PASAR BORONG KAMPUNG BAKAU,Borong,20,Sayur-Sayuran,02,009,PERIA,F.A.Q,Kilogram,5,5.5,
30969251,2026-09-16,2026-09-17 16:25:05.70108,PERLIS,PERLIS,PASAR BORONG KAMPUNG BAKAU,Borong,20,Sayur-Sayuran,02,009,PERIA,F.A.Q,Kilogram,5,5.5,
30969252,2026-09-16,2026-09-17 16:25:05.70108,PERLIS,PERLIS,PASAR BORONG KAMPUNG BAKAU,Borong,20,Sayur-Sayuran,02,009,PERIA KATAK,F.A.Q,Kilogram,6,6,
30969253,2026-09-16,2026-09-17 16:25:05.70108,PERLIS,PERLIS,PASAR BORONG KAMPUNG BAKAU,Borong,20,Sayur-Sayuran,02,009,PERIA KATAK,F.A.Q,Kilogram,6,6,
30969254,2026-09-16,2026-09-17 16:25:05.70108,PERLIS,PERLIS,PASAR BORONG KAMPUNG BAKAU,Borong,20,Sayur-Sayuran,02,009,PERIA KATAK,F.A.Q,Kilogram,6,6,
30969255,2026-09-16,2026-09-17 16:25:05.70108,PERLIS,PERLIS,PASAR BORONG KAMPUNG BAKAU,Borong,20,Sayur-Sayuran,02,009,PERIA KATAK,F.A.Q,Kilogram,6,6,
30969256,2026-09-16,2026-09-17 16:25:05.70108,PERLIS,PERLIS,PASAR BORONG KAMPUNG BAKAU,Borong,20,Sayur-Sayuran,07,003,PETAI,F.A.Q,RM/5 Keping,4,4,
30969257,2026-09-16,2026-09-17 16:25:05.70108,PERLIS,PERLIS,PASAR BORONG KAMPUNG BAKAU,Borong,20,Sayur-Sayuran,07,003,PETAI,F.A.Q,RM/5 Keping,4,4,
30969258,2026-09-16,2026-09-17 16:25:05.70108,PERLIS,PERLIS,PASAR BORONG KAMPUNG BAKAU,Borong,20,Sayur-Sayuran,07,003,PETAI,F.A.Q,RM/5 Keping,4,4,
30969259,2026-09-16,2026-09-17 16:25:05.70108,PERLIS,PERLIS,PASAR BORONG KAMPUNG BAKAU,Borong,20,Sayur-Sayuran,07,003,PETAI,F.A.Q,RM/5 Keping,4,4,
30969260,2026-09-16,2026-09-17 16:25:05.70108,PERLIS,PERLIS,PASAR BORONG KAMPUNG BAKAU,Borong,20,Sayur-Sayuran,07,002,PUCUK GAJUS,F.A.Q,Kilogram,11,11,
30969261,2026-09-16,2026-09-17 16:25:05.70108,PERLIS,PERLIS,PASAR BORONG KAMPUNG BAKAU,Borong,20,Sayur-Sayuran,07,002,PUCUK GAJUS,F.A.Q,Kilogram,11,11,
30969262,2026-09-16,2026-09-17 16:25:05.70108,PERLIS,PERLIS,PASAR BORONG KAMPUNG BAKAU,Borong,20,Sayur-Sayuran,07,002,PUCUK GAJUS,F.A.Q,Kilogram,11,11,
30969263,2026-09-16,2026-09-17 16:25:05.841752,PERLIS,PERLIS,PASAR BORONG KAMPUNG BAKAU,Borong,20,Sayur-Sayuran,07,002,PUCUK GAJUS,F.A.Q,Kilogram,11,11,
30969264,2026-09-16,2026-09-17 16:25:05.841752,PERLIS,PERLIS,PASAR BORONG KAMPUNG BAKAU,Borong,20,Sayur-Sayuran,03,026,PUCUK PAKU,F.A.Q,Kilogram,6,8.5,
30969265,2026-09-16,2026-09-17 16:25:05.841752,PERLIS,PERLIS,PASAR BORONG KAMPUNG BAKAU,Borong,20,Sayur-Sayuran,03,026,PUCUK PAKU,F.A.Q,Kilogram,6,8.5,
30969266,2026-09-16,2026-09-17 16:25:05.841752,PERLIS,PERLIS,PASAR BORONG KAMPUNG BAKAU,Borong,20,Sayur-Sayuran,03,026,PUCUK PAKU,F.A.Q,Kilogram,6,8.5,
30969267,2026-09-16,2026-09-17 16:25:05.841752,PERLIS,PERLIS,PASAR BORONG KAMPUNG BAKAU,Borong,20,Sayur-Sayuran,03,026,PUCUK PAKU,F.A.Q,Kilogram,6,8.5,
30969268,2026-09-16,2026-09-17 16:25:05.841752,PERLIS,PERLIS,PASAR BORONG KAMPUNG BAKAU,Borong,20,Sayur-Sayuran,01,002,REBUNG,F.A.Q,Kilogram,6,6,
30969269,2026-09-16,2026-09-17 16:25:05.841752,PERLIS,PERLIS,PASAR BORONG KAMPUNG BAKAU,Borong,20,Sayur-Sayuran,01,002,REBUNG,F.A.Q,Kilogram,6,6,
30969270,2026-09-16,2026-09-17 16:25:05.841752,PERLIS,PERLIS,PASAR BORONG KAMPUNG BAKAU,Borong,20,Sayur-Sayuran,01,002,REBUNG,F.A.Q,Kilogram,6,6,
30969271,2026-09-16,2026-09-17 16:25:05.841752,PERLIS,PERLIS,PASAR BORONG KAMPUNG BAKAU,Borong,20,Sayur-Sayuran,01,002,REBUNG,F.A.Q,Kilogram,6,6,
30969272,2026-09-16,2026-09-17 16:25:05.841752,PERLIS,PERLIS,PASAR BORONG KAMPUNG BAKAU,Borong,20,Sayur-Sayuran,03,027,SALAD,F.A.Q,Kilogram,8,9,
30969273,2026-09-16,2026-09-17 16:25:05.841752,PERLIS,PERLIS,PASAR BORONG KAMPUNG BAKAU,Borong,20,Sayur-Sayuran,03,027,SALAD,F.A.Q,Kilogram,8,9,
30969274,2026-09-16,2026-09-17 16:25:05.841752,PERLIS,PERLIS,PASAR BORONG KAMPUNG BAKAU,Borong,20,Sayur-Sayuran,03,027,SALAD,F.A.Q,Kilogram,8,9,
30969275,2026-09-16,2026-09-17 16:25:05.841752,PERLIS,PERLIS,PASAR BORONG KAMPUNG BAKAU,Borong,20,Sayur-Sayuran,03,027,SALAD,F.A.Q,Kilogram,8,9,
30969276,2026-09-16,2026-09-17 16:25:05.841752,PERLIS,PERLIS,PASAR BORONG KAMPUNG BAKAU,Borong,20,Sayur-Sayuran,03,027,SALAD BULAT TANAH TINGGI,F.A.Q,Kilogram,8,8.5,
30969277,2026-09-16,2026-09-17 16:25:05.841752,PERLIS,PERLIS,PASAR BORONG KAMPUNG BAKAU,Borong,20,Sayur-Sayuran,03,027,SALAD BULAT TANAH TINGGI,F.A.Q,Kilogram,8,8.5,
30969278,2026-09-16,2026-09-17 16:25:05.841752,PERLIS,PERLIS,PASAR BORONG KAMPUNG BAKAU,Borong,20,Sayur-Sayuran,03,027,SALAD BULAT TANAH TINGGI,F.A.Q,Kilogram,8,8.5,
30969279,2026-09-16,2026-09-17 16:25:05.841752,PERLIS,PERLIS,PASAR BORONG KAMPUNG BAKAU,Borong,20,Sayur-Sayuran,03,027,SALAD BULAT TANAH TINGGI,F.A.Q,Kilogram,8,8.5,
30969280,2026-09-16,2026-09-17 16:25:05.841752,PERLIS,PERLIS,PASAR BORONG KAMPUNG BAKAU,Borong,20,Sayur-Sayuran,03,007,SAWI BUNGA,F.A.Q,Kilogram,12,12,
30969281,2026-09-16,2026-09-17 16:25:05.841752,PERLIS,PERLIS,PASAR BORONG KAMPUNG BAKAU,Borong,20,Sayur-Sayuran,03,007,SAWI BUNGA,F.A.Q,Kilogram,12,12,
30969282,2026-09-16,2026-09-17 16:25:05.841752,PERLIS,PERLIS,PASAR BORONG KAMPUNG BAKAU,Borong,20,Sayur-Sayuran,03,007,SAWI BUNGA,F.A.Q,Kilogram,12,12,
30969283,2026-09-16,2026-09-17 16:25:05.841752,PERLIS,PERLIS,PASAR BORONG KAMPUNG BAKAU,Borong,20,Sayur-Sayuran,03,007,SAWI BUNGA,F.A.Q,Kilogram,12,12,
30969284,2026-09-16,2026-09-17 16:25:05.841752,PERLIS,PERLIS,PASAR BORONG KAMPUNG BAKAU,Borong,20,Sayur-Sayuran,03,007,SAWI PAHIT,F.A.Q,Kilogram,4,4,
30969285,2026-09-16,2026-09-17 16:25:05.841752,PERLIS,PERLIS,PASAR BORONG KAMPUNG BAKAU,Borong,20,Sayur-Sayuran,03,007,SAWI PAHIT,F.A.Q,Kilogram,4,4,
30969286,2026-09-16,2026-09-17 16:25:05.841752,PERLIS,PERLIS,PASAR BORONG KAMPUNG BAKAU,Borong,20,Sayur-Sayuran,03,007,SAWI PAHIT,F.A.Q,Kilogram,4,4,
30969287,2026-09-16,2026-09-17 16:25:05.841752,PERLIS,PERLIS,PASAR BORONG KAMPUNG BAKAU,Borong,20,Sayur-Sayuran,03,007,SAWI PAHIT,F.A.Q,Kilogram,4,4,
30969288,2026-09-16,2026-09-17 16:25:05.841752,PERLIS,PERLIS,PASAR BORONG KAMPUNG BAKAU,Borong,20,Sayur-Sayuran,03,007,SAWI PUTIH PAK CHOY,F.A.Q,Kilogram,5,5,
30969289,2026-09-16,2026-09-17 16:25:05.841752,PERLIS,PERLIS,PASAR BORONG KAMPUNG BAKAU,Borong,20,Sayur-Sayuran,03,007,SAWI PUTIH PAK CHOY,F.A.Q,Kilogram,5,5,
30969290,2026-09-16,2026-09-17 16:25:05.841752,PERLIS,PERLIS,PASAR BORONG KAMPUNG BAKAU,Borong,20,Sayur-Sayuran,03,007,SAWI PUTIH PAK CHOY,F.A.Q,Kilogram,5,5,
30969291,2026-09-16,2026-09-17 16:25:05.841752,PERLIS,PERLIS,PASAR BORONG KAMPUNG BAKAU,Borong,20,Sayur-Sayuran,03,007,SAWI PUTIH PAK CHOY,F.A.Q,Kilogram,5,5,
30969292,2026-09-16,2026-09-17 16:25:05.841752,PERLIS,PERLIS,PASAR BORONG KAMPUNG BAKAU,Borong,20,Sayur-Sayuran,05,007,SENGKUANG,F.A.Q,Kilogram,3,3,
30969293,2026-09-16,2026-09-17 16:25:05.841752,PERLIS,PERLIS,PASAR BORONG KAMPUNG BAKAU,Borong,20,Sayur-Sayuran,05,007,SENGKUANG,F.A.Q,Kilogram,3,3,
30969294,2026-09-16,2026-09-17 16:25:05.841752,PERLIS,PERLIS,PASAR BORONG KAMPUNG BAKAU,Borong,20,Sayur-Sayuran,05,007,SENGKUANG,F.A.Q,Kilogram,3,3,
30969295,2026-09-16,2026-09-17 16:25:05.841752,PERLIS,PERLIS,PASAR BORONG KAMPUNG BAKAU,Borong,20,Sayur-Sayuran,05,007,SENGKUANG,F.A.Q,Kilogram,3,3,
30969296,2026-09-16,2026-09-17 16:25:05.841752,PERLIS,PERLIS,PASAR BORONG KAMPUNG BAKAU,Borong,20,Sayur-Sayuran,05,008,SERAI,F.A.Q,Kilogram,4,4,
30969297,2026-09-16,2026-09-17 16:25:05.841752,PERLIS,PERLIS,PASAR BORONG KAMPUNG BAKAU,Borong,20,Sayur-Sayuran,05,008,SERAI,F.A.Q,Kilogram,4,4,
30969298,2026-09-16,2026-09-17 16:25:05.841752,PERLIS,PERLIS,PASAR BORONG KAMPUNG BAKAU,Borong,20,Sayur-Sayuran,05,008,SERAI,F.A.Q,Kilogram,4,4,
30969299,2026-09-16,2026-09-17 16:25:05.841752,PERLIS,PERLIS,PASAR BORONG KAMPUNG BAKAU,Borong,20,Sayur-Sayuran,05,008,SERAI,F.A.Q,Kilogram,4,4,
30969300,2026-09-16,2026-09-17 16:25:05.841752,PERLIS,PERLIS,PASAR BORONG KAMPUNG BAKAU,Borong,20,Sayur-Sayuran,03,002,TAUGE,F.A.Q,Kilogram,3,3,
30969301,2026-09-16,2026-09-17 16:25:05.841752,PERLIS,PERLIS,PASAR BORONG KAMPUNG BAKAU,Borong,20,Sayur-Sayuran,03,002,TAUGE,F.A.Q,Kilogram,3,3,
30969302,2026-09-16,2026-09-17 16:25:05.841752,PERLIS,PERLIS,PASAR BORONG KAMPUNG BAKAU,Borong,20,Sayur-Sayuran,03,002,TAUGE,F.A.Q,Kilogram,3,3,
30969303,2026-09-16,2026-09-17 16:25:05.841752,PERLIS,PERLIS,PASAR BORONG KAMPUNG BAKAU,Borong,20,Sayur-Sayuran,03,002,TAUGE,F.A.Q,Kilogram,3,3,
30969304,2026-09-16,2026-09-17 16:25:05.841752,PERLIS,PERLIS,PASAR BORONG KAMPUNG BAKAU,Borong,20,Sayur-Sayuran,02,010,TERUNG BULAT,F.A.Q,Kilogram,4,3.75,
30969305,2026-09-16,2026-09-17 16:25:05.841752,PERLIS,PERLIS,PASAR BORONG KAMPUNG BAKAU,Borong,20,Sayur-Sayuran,02,010,TERUNG BULAT,F.A.Q,Kilogram,4,3.75,
30969306,2026-09-16,2026-09-17 16:25:05.841752,PERLIS,PERLIS,PASAR BORONG KAMPUNG BAKAU,Borong,20,Sayur-Sayuran,02,010,TERUNG BULAT,F.A.Q,Kilogram,4,3.75,
30969307,2026-09-16,2026-09-17 16:25:05.841752,PERLIS,PERLIS,PASAR BORONG KAMPUNG BAKAU,Borong,20,Sayur-Sayuran,02,010,TERUNG BULAT,F.A.Q,Kilogram,4,3.75,
30969308,2026-09-16,2026-09-17 16:25:05.841752,PERLIS,PERLIS,PASAR BORONG KAMPUNG BAKAU,Borong,20,Sayur-Sayuran,02,010,TERUNG PEPARU MINI,F.A.Q,Kilogram,4,4,
30969309,2026-09-16,2026-09-17 16:25:05.841752,PERLIS,PERLIS,PASAR BORONG KAMPUNG BAKAU,Borong,20,Sayur-Sayuran,02,010,TERUNG PEPARU MINI,F.A.Q,Kilogram,4,4,
30969310,2026-09-16,2026-09-17 16:25:05.841752,PERLIS,PERLIS,PASAR BORONG KAMPUNG BAKAU,Borong,20,Sayur-Sayuran,02,010,TERUNG PEPARU MINI,F.A.Q,Kilogram,4,4,
30969311,2026-09-16,2026-09-17 16:25:05.841752,PERLIS,PERLIS,PASAR BORONG KAMPUNG BAKAU,Borong,20,Sayur-Sayuran,02,010,TERUNG PEPARU MINI,F.A.Q,Kilogram,4,4,
30969312,2026-09-16,2026-09-17 16:25:05.841752,PERLIS,PERLIS,PASAR BORONG KAMPUNG BAKAU,Borong,20,Sayur-Sayuran,02,011,TIMUN JEPUN,F.A.Q,Kilogram,5,4.75,
30969313,2026-09-16,2026-09-17 16:25:05.841752,PERLIS,PERLIS,PASAR BORONG KAMPUNG BAKAU,Borong,20,Sayur-Sayuran,02,011,TIMUN JEPUN,F.A.Q,Kilogram,5,4.75,
30969314,2026-09-16,2026-09-17 16:25:05.841752,PERLIS,PERLIS,PASAR BORONG KAMPUNG BAKAU,Borong,20,Sayur-Sayuran,02,011,TIMUN JEPUN,F.A.Q,Kilogram,5,4.75,
30969315,2026-09-16,2026-09-17 16:25:05.841752,PERLIS,PERLIS,PASAR BORONG KAMPUNG BAKAU,Borong,20,Sayur-Sayuran,02,011,TIMUN JEPUN,F.A.Q,Kilogram,5,4.75,
30969316,2026-09-16,2026-09-17 16:25:05.841752,PERLIS,PERLIS,PASAR BORONG KAMPUNG BAKAU,Borong,20,Sayur-Sayuran,07,002,ULAM RAJA,F.A.Q,Kilogram,11,11,
30969317,2026-09-16,2026-09-17 16:25:05.841752,PERLIS,PERLIS,PASAR BORONG KAMPUNG BAKAU,Borong,20,Sayur-Sayuran,07,002,ULAM RAJA,F.A.Q,Kilogram,11,11,
30969318,2026-09-16,2026-09-17 16:25:05.841752,PERLIS,PERLIS,PASAR BORONG KAMPUNG BAKAU,Borong,20,Sayur-Sayuran,07,002,ULAM RAJA,F.A.Q,Kilogram,11,11,
30969319,2026-09-16,2026-09-17 16:25:05.841752,PERLIS,PERLIS,PASAR BORONG KAMPUNG BAKAU,Borong,20,Sayur-Sayuran,07,002,ULAM RAJA,F.A.Q,Kilogram,11,11,
30969320,2026-09-16,2026-09-17 16:26:26.837158,PERLIS,PERLIS,PASAR BORONG KAMPUNG BAKAU,Borong,20,Sayur-Sayuran,02,003,LADA BENGGALA / CAPSICUM HIJAU,F.A.Q,Kilogram,12,11,
30969321,2026-09-16,2026-09-17 16:26:26.837158,PERLIS,PERLIS,PASAR BORONG KAMPUNG BAKAU,Borong,20,Sayur-Sayuran,02,003,LADA BENGGALA / CAPSICUM HIJAU,F.A.Q,Kilogram,12,11,
30969322,2026-09-16,2026-09-17 16:26:26.837158,PERLIS,PERLIS,PASAR BORONG KAMPUNG BAKAU,Borong,20,Sayur-Sayuran,02,003,LADA BENGGALA / CAPSICUM HIJAU,F.A.Q,Kilogram,12,11,
30969323,2026-09-16,2026-09-17 16:26:26.837158,PERLIS,PERLIS,PASAR BORONG KAMPUNG BAKAU,Borong,20,Sayur-Sayuran,02,003,LADA BENGGALA / CAPSICUM HIJAU,F.A.Q,Kilogram,12,11,
30969324,2026-09-16,2026-09-17 16:26:26.837158,PERLIS,PERLIS,PASAR BORONG KAMPUNG BAKAU,Borong,20,Sayur-Sayuran,02,003,LADA BENGGALA / CAPSICUM HIJAU (IMPORT),F.A.Q,Kilogram,11,10.5,
30969325,2026-09-16,2026-09-17 16:26:26.837158,PERLIS,PERLIS,PASAR BORONG KAMPUNG BAKAU,Borong,20,Sayur-Sayuran,02,003,LADA BENGGALA / CAPSICUM HIJAU (IMPORT),F.A.Q,Kilogram,11,10.5,
30969326,2026-09-16,2026-09-17 16:26:26.837158,PERLIS,PERLIS,PASAR BORONG KAMPUNG BAKAU,Borong,20,Sayur-Sayuran,02,003,LADA BENGGALA / CAPSICUM HIJAU (IMPORT),F.A.Q,Kilogram,11,10.5,
30969327,2026-09-16,2026-09-17 16:26:26.837158,PERLIS,PERLIS,PASAR BORONG KAMPUNG BAKAU,Borong,20,Sayur-Sayuran,02,003,LADA BENGGALA / CAPSICUM HIJAU (IMPORT),F.A.Q,Kilogram,11,10.5,
30969328,2026-09-16,2026-09-17 16:26:26.837158,PERLIS,PERLIS,PASAR BORONG KAMPUNG BAKAU,Borong,20,Sayur-Sayuran,02,003,LADA BENGGALA / CAPSICUM KUNING (IMPORT),F.A.Q,Kilogram,18,17.25,
30969329,2026-09-16,2026-09-17 16:26:26.837158,PERLIS,PERLIS,PASAR BORONG KAMPUNG BAKAU,Borong,20,Sayur-Sayuran,02,003,LADA BENGGALA / CAPSICUM KUNING (IMPORT),F.A.Q,Kilogram,18,17.25,
30969330,2026-09-16,2026-09-17 16:26:26.837158,PERLIS,PERLIS,PASAR BORONG KAMPUNG BAKAU,Borong,20,Sayur-Sayuran,02,003,LADA BENGGALA / CAPSICUM KUNING (IMPORT),F.A.Q,Kilogram,17,17.25,
30969331,2026-09-16,2026-09-17 16:26:26.837158,PERLIS,PERLIS,PASAR BORONG KAMPUNG BAKAU,Borong,20,Sayur-Sayuran,02,003,LADA BENGGALA / CAPSICUM KUNING (IMPORT),F.A.Q,Kilogram,17,17.25,
30969332,2026-09-16,2026-09-17 16:26:26.837158,PERLIS,PERLIS,PASAR BORONG KAMPUNG BAKAU,Borong,20,Sayur-Sayuran,02,003,LADA BENGGALA / CAPSICUM MERAH (IMPORT),F.A.Q,Kilogram,15,14.5,
30969333,2026-09-16,2026-09-17 16:26:26.837158,PERLIS,PERLIS,PASAR BORONG KAMPUNG BAKAU,Borong,20,Sayur-Sayuran,02,003,LADA BENGGALA / CAPSICUM MERAH (IMPORT),F.A.Q,Kilogram,15,14.5,
30969334,2026-09-16,2026-09-17 16:26:26.837158,PERLIS,PERLIS,PASAR BORONG KAMPUNG BAKAU,Borong,20,Sayur-Sayuran,02,003,LADA BENGGALA / CAPSICUM MERAH (IMPORT),F.A.Q,Kilogram,15,14.5,
30969335,2026-09-16,2026-09-17 16:26:26.837158,PERLIS,PERLIS,PASAR BORONG KAMPUNG BAKAU,Borong,20,Sayur-Sayuran,02,003,LADA BENGGALA / CAPSICUM MERAH (IMPORT),F.A.Q,Kilogram,15,14.5,
30969425,2026-09-16,2026-09-17 20:30:57.220162,PULAU PINANG,SEBERANG PERAI UTARA,[PROJEK] TKPM ARA KUDA,Ladang,,Sayur-Sayuran,03,035,BUNGA KANTAN,F.A.Q,Tangkai,1.8,0.5,
30969426,2026-09-16,2026-09-17 20:30:57.220162,PULAU PINANG,SEBERANG PERAI UTARA,[PROJEK] TKPM ARA KUDA,Ladang,,Sayur-Sayuran,03,035,BUNGA KANTAN,F.A.Q,Tangkai,1.2,0.5,
30969427,2026-09-16,2026-09-17 20:30:57.220162,PULAU PINANG,SEBERANG PERAI UTARA,[PROJEK] TKPM ARA KUDA,Ladang,,Sayur-Sayuran,06,001,CENDAWAN TIRAM KELABU,F.A.Q,Kilogram,8,8,
30969428,2026-09-16,2026-09-17 20:30:57.220162,PULAU PINANG,SEBERANG PERAI UTARA,[PROJEK] TKPM ARA KUDA,Ladang,,Sayur-Sayuran,03,011,DAUN KESUM,F.A.Q,Kilogram,3,3.29,
30969429,2026-09-16,2026-09-17 20:30:57.220162,PULAU PINANG,SEBERANG PERAI UTARA,[PROJEK] TKPM ARA KUDA,Ladang,,Sayur-Sayuran,07,002,DAUN SELOM,F.A.Q,Kilogram,3,2.79,
30969430,2026-09-16,2026-09-17 20:30:57.220162,PULAU PINANG,SEBERANG PERAI UTARA,[PROJEK] TKPM ARA KUDA,Ladang,,Sayur-Sayuran,04,005,KACANG BOTOR,F.A.Q,Kilogram,9,7.89,
30969431,2026-09-16,2026-09-17 20:30:57.220162,PULAU PINANG,SEBERANG PERAI UTARA,[PROJEK] TKPM ARA KUDA,Ladang,,Sayur-Sayuran,02,004,KETOLA / PETOLA SEGI,F.A.Q,Kilogram,1.6,3,
30969432,2026-09-16,2026-09-17 20:30:57.220162,PULAU PINANG,SEBERANG PERAI UTARA,[PROJEK] TKPM ARA KUDA,Ladang,,Sayur-Sayuran,02,005,KUNDUR BULAT,F.A.Q,Kilogram,1,1.47,
30969433,2026-09-16,2026-09-17 20:30:57.220162,PULAU PINANG,SEBERANG PERAI UTARA,[PROJEK] TKPM ARA KUDA,Ladang,,Sayur-Sayuran,02,006,LABU AIR,F.A.Q,Kilogram,0.8,1.66,
30969434,2026-09-16,2026-09-17 20:30:57.220162,PULAU PINANG,SEBERANG PERAI UTARA,[PROJEK] TKPM ARA KUDA,Ladang,,Sayur-Sayuran,02,006,LABU MANIS,F.A.Q,Kilogram,1.8,1.84,
30969435,2026-09-16,2026-09-17 20:30:57.220162,PULAU PINANG,SEBERANG PERAI UTARA,[PROJEK] TKPM ARA KUDA,Ladang,,Sayur-Sayuran,02,007,LIMAU KASTURI,F.A.Q,Kilogram,3.2,5.22,
30969436,2026-09-16,2026-09-17 20:30:57.220162,PULAU PINANG,SEBERANG PERAI UTARA,[PROJEK] TKPM ARA KUDA,Ladang,,Sayur-Sayuran,02,007,LIMAU NIPIS,F.A.Q,Kilogram,2.1,5.58,
30969437,2026-09-16,2026-09-17 20:30:57.220162,PULAU PINANG,SEBERANG PERAI UTARA,[PROJEK] TKPM ARA KUDA,Ladang,,Sayur-Sayuran,02,009,PERIA,F.A.Q,Kilogram,0.9,5.06,
30969438,2026-09-16,2026-09-17 20:30:57.220162,PULAU PINANG,SEBERANG PERAI UTARA,[PROJEK] TKPM ARA KUDA,Ladang,,Sayur-Sayuran,02,009,PERIA KATAK,F.A.Q,Kilogram,2.7,4.94,
30969439,2026-09-16,2026-09-17 20:30:57.220162,PULAU PINANG,SEBERANG PERAI UTARA,[PROJEK] TKPM ARA KUDA,Ladang,,Sayur-Sayuran,05,008,SERAI,F.A.Q,Kilogram,1.8,2.58,
30969440,2026-09-16,2026-09-17 20:30:57.220162,PULAU PINANG,SEBERANG PERAI UTARA,[PROJEK] TKPM ARA KUDA,Ladang,,Sayur-Sayuran,02,010,TERUNG BULAT,F.A.Q,Kilogram,2.5,5.15,
