priceid,tarikh_harga,systemdate,negeri,daerah,lokasi,peringkat,sublevel,kategori,kumpulan,jenis,varieti,gred,unit,harga,average14,supply
31038964,2026-10-08,2026-10-08 05:43:42.876223,PULAU PINANG,SEBERANG PERAI TENGAH,PASAR BORONG BUKIT MERTAJAM,Borong,20,Ternakan,02,003,DAGING LEMBU PEJAL,F.A.Q,Kilogram,30,30.46,
31038965,2026-10-08,2026-10-08 05:43:42.876223,PULAU PINANG,SEBERANG PERAI TENGAH,PASAR BORONG BUKIT MERTAJAM,Borong,20,Ternakan,02,003,DAGING LEMBU PEJAL,F.A.Q,Kilogram,27,30.46,
31038966,2026-10-08,2026-10-08 05:51:47.362167,PULAU PINANG,SEBERANG PERAI TENGAH,PASAR BORONG BUKIT MERTAJAM,Borong,20,Sayur-Sayuran,03,001,BAYAM,F.A.Q,Kilogram,4.5,4.11,
31038967,2026-10-08,2026-10-08 05:51:47.362167,PULAU PINANG,SEBERANG PERAI TENGAH,PASAR BORONG BUKIT MERTAJAM,Borong,20,Sayur-Sayuran,02,002,CILI HIJAU,F.A.Q,Kilogram,12,10.63,
31038968,2026-10-08,2026-10-08 05:51:47.362167,PULAU PINANG,SEBERANG PERAI TENGAH,PASAR BORONG BUKIT MERTAJAM,Borong,20,Sayur-Sayuran,02,002,CILI MERAH KULAI / KULAI HIBRID,F.A.Q,Kilogram,16,13.69,
31038969,2026-10-08,2026-10-08 05:51:47.362167,PULAU PINANG,SEBERANG PERAI TENGAH,PASAR BORONG BUKIT MERTAJAM,Borong,20,Sayur-Sayuran,02,002,CILI MERAH KULAI / KULAI HIBRID,F.A.Q,Kilogram,11,13.69,
31038970,2026-10-08,2026-10-08 05:51:47.362167,PULAU PINANG,SEBERANG PERAI TENGAH,PASAR BORONG BUKIT MERTAJAM,Borong,20,Sayur-Sayuran,02,002,CILI MERAH MINYAK,F.A.Q,Kilogram,13,11.76,
31038971,2026-10-08,2026-10-08 05:51:47.362167,PULAU PINANG,SEBERANG PERAI TENGAH,PASAR BORONG BUKIT MERTAJAM,Borong,20,Sayur-Sayuran,02,002,CILI MERAH MINYAK,F.A.Q,Kilogram,9,11.76,
31038972,2026-10-08,2026-10-08 05:51:47.362167,PULAU PINANG,SEBERANG PERAI TENGAH,PASAR BORONG BUKIT MERTAJAM,Borong,20,Sayur-Sayuran,03,009,DAUN BAWANG,F.A.Q,Kilogram,11.5,9.7,
31038973,2026-10-08,2026-10-08 05:51:47.362167,PULAU PINANG,SEBERANG PERAI TENGAH,PASAR BORONG BUKIT MERTAJAM,Borong,20,Sayur-Sayuran,03,015,DAUN SUP (TANAH TINGGI),F.A.Q,Kilogram,4.2,10.25,
31038974,2026-10-08,2026-10-08 05:51:47.362167,PULAU PINANG,SEBERANG PERAI TENGAH,PASAR BORONG BUKIT MERTAJAM,Borong,20,Sayur-Sayuran,04,002,KACANG BENDI,F.A.Q,Kilogram,3.8,8.23,
31038976,2026-10-08,2026-10-08 05:51:47.362167,PULAU PINANG,SEBERANG PERAI TENGAH,PASAR BORONG BUKIT MERTAJAM,Borong,20,Sayur-Sayuran,04,007,KACANG PANJANG HIJAU,F.A.Q,Kilogram,5.3,5.88,
31038977,2026-10-08,2026-10-08 05:51:47.362167,PULAU PINANG,SEBERANG PERAI TENGAH,PASAR BORONG BUKIT MERTAJAM,Borong,20,Sayur-Sayuran,03,019,KANGKUNG,F.A.Q,Kilogram,3.4,3.5,
31038978,2026-10-08,2026-10-08 05:51:47.362167,PULAU PINANG,SEBERANG PERAI TENGAH,PASAR BORONG BUKIT MERTAJAM,Borong,20,Sayur-Sayuran,03,006,KUBIS BULAT (CHINA),F.A.Q,Kilogram,1.2,2.09,
31038979,2026-10-08,2026-10-08 05:51:47.362167,PULAU PINANG,SEBERANG PERAI TENGAH,PASAR BORONG BUKIT MERTAJAM,Borong,20,Sayur-Sayuran,03,006,KUBIS BULAT (INDONESIA),F.A.Q,Kilogram,1.35,1.77,
31038980,2026-10-08,2026-10-08 05:51:47.362167,PULAU PINANG,SEBERANG PERAI TENGAH,PASAR BORONG BUKIT MERTAJAM,Borong,20,Sayur-Sayuran,03,006,KUBIS BULAT (TANAH TINGGI),F.A.Q,Kilogram,1.8,3.18,
31038981,2026-10-08,2026-10-08 05:51:47.362167,PULAU PINANG,SEBERANG PERAI TENGAH,PASAR BORONG BUKIT MERTAJAM,Borong,20,Sayur-Sayuran,03,007,SAWI HIJAU,F.A.Q,Kilogram,3.6,4.43,
31038982,2026-10-08,2026-10-08 05:51:47.362167,PULAU PINANG,SEBERANG PERAI TENGAH,PASAR BORONG BUKIT MERTAJAM,Borong,20,Sayur-Sayuran,03,007,SAWI HIJAU TANAH TINGGI,F.A.Q,Kilogram,5.5,25,
31038983,2026-10-08,2026-10-08 05:51:47.362167,PULAU PINANG,SEBERANG PERAI TENGAH,PASAR BORONG BUKIT MERTAJAM,Borong,20,Sayur-Sayuran,02,010,TERUNG PANJANG / PEPARU (TANAH RENDAH),F.A.Q,Kilogram,5,7.33,
31038984,2026-10-08,2026-10-08 05:51:47.362167,PULAU PINANG,SEBERANG PERAI TENGAH,PASAR BORONG BUKIT MERTAJAM,Borong,20,Sayur-Sayuran,02,010,TERUNG PANJANG / PEPARU (TANAH RENDAH),F.A.Q,Kilogram,3.5,7.33,
31038985,2026-10-08,2026-10-08 05:51:47.362167,PULAU PINANG,SEBERANG PERAI TENGAH,PASAR BORONG BUKIT MERTAJAM,Borong,20,Sayur-Sayuran,02,011,TIMUN HIJAU,F.A.Q,Kilogram,3.2,2.57,
31038986,2026-10-08,2026-10-08 05:51:47.362167,PULAU PINANG,SEBERANG PERAI TENGAH,PASAR BORONG BUKIT MERTAJAM,Borong,20,Sayur-Sayuran,02,011,TIMUN HIJAU,F.A.Q,Kilogram,2.2,2.57,
31038987,2026-10-08,2026-10-08 05:51:47.362167,PULAU PINANG,SEBERANG PERAI TENGAH,PASAR BORONG BUKIT MERTAJAM,Borong,20,Sayur-Sayuran,02,012,TOMATO (TANAH TINGGI),F.A.Q,Kilogram,3.5,7,
31038988,2026-10-08,2026-10-08 05:51:47.362167,PULAU PINANG,SEBERANG PERAI TENGAH,PASAR BORONG BUKIT MERTAJAM,Borong,20,Sayur-Sayuran,02,012,TOMATO (TANAH TINGGI),F.A.Q,Kilogram,2.5,7,
31038989,2026-10-08,2026-10-08 05:52:10.33907,PULAU PINANG,SEBERANG PERAI TENGAH,PASAR BORONG BUKIT MERTAJAM,Borong,20,Ternakan,03,002,AYAM PROSES STANDARD,F.A.Q,Kilogram,9.5,9.35,
31038990,2026-10-08,2026-10-08 05:52:10.33907,PULAU PINANG,SEBERANG PERAI TENGAH,PASAR BORONG BUKIT MERTAJAM,Borong,20,Ternakan,11,001,TELUR AYAM,A,Biji,0.5,0.5,
31038991,2026-10-08,2026-10-08 05:52:10.33907,PULAU PINANG,SEBERANG PERAI TENGAH,PASAR BORONG BUKIT MERTAJAM,Borong,20,Ternakan,11,001,TELUR AYAM,B,Biji,0.49,0.49,
31038992,2026-10-08,2026-10-08 05:52:10.33907,PULAU PINANG,SEBERANG PERAI TENGAH,PASAR BORONG BUKIT MERTAJAM,Borong,20,Ternakan,11,001,TELUR AYAM,C,Biji,0.47,0.47,
31038993,2026-10-08,2026-10-08 05:54:09.591851,PULAU PINANG,SEBERANG PERAI TENGAH,PASAR BORONG BUKIT MERTAJAM,Borong,20,Buah-Buahan,02,005,BETIK SEKAKI,F.A.Q,Kilogram,5,4.5833335,
31038994,2026-10-08,2026-10-08 05:54:09.591851,PULAU PINANG,SEBERANG PERAI TENGAH,PASAR BORONG BUKIT MERTAJAM,Borong,20,Buah-Buahan,02,005,BETIK SEKAKI,F.A.Q,Kilogram,4,4.5833335,
31038995,2026-10-08,2026-10-08 05:54:09.591851,PULAU PINANG,SEBERANG PERAI TENGAH,PASAR BORONG BUKIT MERTAJAM,Borong,20,Buah-Buahan,02,023,NANAS JOSAPINE (AC5),F.A.Q,Kilogram,3,2.5,
31038996,2026-10-08,2026-10-08 05:54:09.591851,PULAU PINANG,SEBERANG PERAI TENGAH,PASAR BORONG BUKIT MERTAJAM,Borong,20,Buah-Buahan,02,023,NANAS JOSAPINE (AC5),F.A.Q,Kilogram,2,2.5,
31038997,2026-10-08,2026-10-08 05:54:09.591851,PULAU PINANG,SEBERANG PERAI TENGAH,PASAR BORONG BUKIT MERTAJAM,Borong,20,Buah-Buahan,02,028,PISANG BERANGAN,F.A.Q,Kilogram,5.5,5,
31038998,2026-10-08,2026-10-08 05:54:09.591851,PULAU PINANG,SEBERANG PERAI TENGAH,PASAR BORONG BUKIT MERTAJAM,Borong,20,Buah-Buahan,02,028,PISANG BERANGAN,F.A.Q,Kilogram,4.5,5,
31038999,2026-10-08,2026-10-08 05:54:09.591851,PULAU PINANG,SEBERANG PERAI TENGAH,PASAR BORONG BUKIT MERTAJAM,Borong,20,Buah-Buahan,02,028,PISANG MAS,F.A.Q,Kilogram,4.5,4.5,
31039000,2026-10-08,2026-10-08 05:54:09.591851,PULAU PINANG,SEBERANG PERAI TENGAH,PASAR BORONG BUKIT MERTAJAM,Borong,20,Buah-Buahan,02,034,TEMBIKAI MERAH TANPA BIJI,F.A.Q,Kilogram,2.2,2.23,
31039001,2026-10-08,2026-10-08 05:54:09.591851,PULAU PINANG,SEBERANG PERAI TENGAH,PASAR BORONG BUKIT MERTAJAM,Borong,20,Buah-Buahan,02,034,TEMBIKAI MERAH TANPA BIJI,F.A.Q,Kilogram,1.2,2.23,
31039002,2026-10-08,2026-10-08 05:57:30.854054,PULAU PINANG,SEBERANG PERAI TENGAH,PASAR BORONG BUKIT MERTAJAM,Borong,20,Sayur-Sayuran,03,001,BAYAM,F.A.Q,Kilogram,4.6,3.2266667,
31039003,2026-10-08,2026-10-08 05:57:30.854054,PULAU PINANG,SEBERANG PERAI TENGAH,PASAR BORONG BUKIT MERTAJAM,Borong,20,Sayur-Sayuran,02,002,CILI HIJAU,F.A.Q,Kilogram,12,10.428572,
31039004,2026-10-08,2026-10-08 05:57:30.854054,PULAU PINANG,SEBERANG PERAI TENGAH,PASAR BORONG BUKIT MERTAJAM,Borong,20,Sayur-Sayuran,02,002,CILI HIJAU,F.A.Q,Kilogram,9,10.428572,
31039005,2026-10-08,2026-10-08 05:57:30.854054,PULAU PINANG,SEBERANG PERAI TENGAH,PASAR BORONG BUKIT MERTAJAM,Borong,20,Sayur-Sayuran,02,002,CILI MERAH KULAI / KULAI HIBRID,F.A.Q,Kilogram,17,15.720589,
31039006,2026-10-08,2026-10-08 05:57:30.854054,PULAU PINANG,SEBERANG PERAI TENGAH,PASAR BORONG BUKIT MERTAJAM,Borong,20,Sayur-Sayuran,02,002,CILI MERAH KULAI / KULAI HIBRID,F.A.Q,Kilogram,12,15.720589,
31039007,2026-10-08,2026-10-08 05:57:30.854054,PULAU PINANG,SEBERANG PERAI TENGAH,PASAR BORONG BUKIT MERTAJAM,Borong,20,Sayur-Sayuran,02,002,CILI MERAH MINYAK,F.A.Q,Kilogram,13,11.657143,
31039008,2026-10-08,2026-10-08 05:57:30.854054,PULAU PINANG,SEBERANG PERAI TENGAH,PASAR BORONG BUKIT MERTAJAM,Borong,20,Sayur-Sayuran,02,002,CILI MERAH MINYAK,F.A.Q,Kilogram,10,11.657143,
31039009,2026-10-08,2026-10-08 05:57:30.854054,PULAU PINANG,SEBERANG PERAI TENGAH,PASAR BORONG BUKIT MERTAJAM,Borong,20,Sayur-Sayuran,03,009,DAUN BAWANG,F.A.Q,Kilogram,12.5,9.3,
31039010,2026-10-08,2026-10-08 05:57:30.854054,PULAU PINANG,SEBERANG PERAI TENGAH,PASAR BORONG BUKIT MERTAJAM,Borong,20,Sayur-Sayuran,03,015,DAUN SUP (TANAH TINGGI),F.A.Q,Kilogram,4.5,10.25,
31039011,2026-10-08,2026-10-08 05:57:30.854054,PULAU PINANG,SEBERANG PERAI TENGAH,PASAR BORONG BUKIT MERTAJAM,Borong,20,Sayur-Sayuran,04,002,KACANG BENDI,F.A.Q,Kilogram,4.3,6.56,
31039012,2026-10-08,2026-10-08 05:57:30.854054,PULAU PINANG,SEBERANG PERAI TENGAH,PASAR BORONG BUKIT MERTAJAM,Borong,20,Sayur-Sayuran,04,003,KACANG BUNCIS,F.A.Q,Kilogram,12.5,8.626667,
31039013,2026-10-08,2026-10-08 05:57:30.854054,PULAU PINANG,SEBERANG PERAI TENGAH,PASAR BORONG BUKIT MERTAJAM,Borong,20,Sayur-Sayuran,04,003,KACANG BUNCIS,F.A.Q,Kilogram,6,8.626667,
31039014,2026-10-08,2026-10-08 05:57:30.854054,PULAU PINANG,SEBERANG PERAI TENGAH,PASAR BORONG BUKIT MERTAJAM,Borong,20,Sayur-Sayuran,04,007,KACANG PANJANG HIJAU,F.A.Q,Kilogram,5.6,5.7363634,
31039015,2026-10-08,2026-10-08 05:57:30.854054,PULAU PINANG,SEBERANG PERAI TENGAH,PASAR BORONG BUKIT MERTAJAM,Borong,20,Sayur-Sayuran,03,019,KANGKUNG,F.A.Q,Kilogram,3.7,2.95,
31039016,2026-10-08,2026-10-08 05:57:30.854054,PULAU PINANG,SEBERANG PERAI TENGAH,PASAR BORONG BUKIT MERTAJAM,Borong,20,Sayur-Sayuran,03,006,KUBIS BULAT (CHINA),F.A.Q,Kilogram,1.25,1.3136364,
31039017,2026-10-08,2026-10-08 05:57:30.854054,PULAU PINANG,SEBERANG PERAI TENGAH,PASAR BORONG BUKIT MERTAJAM,Borong,20,Sayur-Sayuran,03,006,KUBIS BULAT (INDONESIA),F.A.Q,Kilogram,1.4,1.5,
31039018,2026-10-08,2026-10-08 05:57:30.854054,PULAU PINANG,SEBERANG PERAI TENGAH,PASAR BORONG BUKIT MERTAJAM,Borong,20,Sayur-Sayuran,03,006,KUBIS BULAT (TANAH TINGGI),F.A.Q,Kilogram,2.5,2.62,
31039019,2026-10-08,2026-10-08 05:57:30.854054,PULAU PINANG,SEBERANG PERAI TENGAH,PASAR BORONG BUKIT MERTAJAM,Borong,20,Sayur-Sayuran,03,007,SAWI HIJAU,F.A.Q,Kilogram,3.7,2.995238,
31039020,2026-10-08,2026-10-08 05:57:30.854054,PULAU PINANG,SEBERANG PERAI TENGAH,PASAR BORONG BUKIT MERTAJAM,Borong,20,Sayur-Sayuran,03,007,SAWI HIJAU TANAH TINGGI,F.A.Q,Kilogram,6.6,3.23,
31039021,2026-10-08,2026-10-08 05:57:30.854054,PULAU PINANG,SEBERANG PERAI TENGAH,PASAR BORONG BUKIT MERTAJAM,Borong,20,Sayur-Sayuran,02,010,TERUNG PANJANG / PEPARU (TANAH RENDAH),F.A.Q,Kilogram,5.5,5.5,
31039022,2026-10-08,2026-10-08 05:57:30.854054,PULAU PINANG,SEBERANG PERAI TENGAH,PASAR BORONG BUKIT MERTAJAM,Borong,20,Sayur-Sayuran,02,010,TERUNG PANJANG / PEPARU (TANAH RENDAH),F.A.Q,Kilogram,3.5,5.5,
31039023,2026-10-08,2026-10-08 05:57:30.854054,PULAU PINANG,SEBERANG PERAI TENGAH,PASAR BORONG BUKIT MERTAJAM,Borong,20,Sayur-Sayuran,02,011,TIMUN HIJAU,F.A.Q,Kilogram,3.6,2.36875,
31039024,2026-10-08,2026-10-08 05:57:30.854054,PULAU PINANG,SEBERANG PERAI TENGAH,PASAR BORONG BUKIT MERTAJAM,Borong,20,Sayur-Sayuran,02,011,TIMUN HIJAU,F.A.Q,Kilogram,2.3,2.36875,
31039025,2026-10-08,2026-10-08 05:57:30.854054,PULAU PINANG,SEBERANG PERAI TENGAH,PASAR BORONG BUKIT MERTAJAM,Borong,20,Sayur-Sayuran,02,012,TOMATO (TANAH TINGGI),F.A.Q,Kilogram,3.8,4.33871,
31039026,2026-10-08,2026-10-08 05:57:30.854054,PULAU PINANG,SEBERANG PERAI TENGAH,PASAR BORONG BUKIT MERTAJAM,Borong,20,Sayur-Sayuran,02,012,TOMATO (TANAH TINGGI),F.A.Q,Kilogram,2.8,4.33871,
31039027,2026-10-08,2026-10-08 05:57:41.767188,PULAU PINANG,SEBERANG PERAI TENGAH,PASAR BORONG BUKIT MERTAJAM,Borong,20,Ternakan,03,002,AYAM PROSES STANDARD,F.A.Q,Kilogram,9.2,9.35,
31039028,2026-10-08,2026-10-08 06:07:29.701239,PULAU PINANG,SEBERANG PERAI TENGAH,PASAR BORONG BUKIT MERTAJAM,Borong,20,Sayur-Sayuran,05,001,BAWANG BESAR KUNING / HOLLAND,F.A.Q,Kilogram,3,3.5,
31039029,2026-10-08,2026-10-08 06:07:29.701239,PULAU PINANG,SEBERANG PERAI TENGAH,PASAR BORONG BUKIT MERTAJAM,Borong,20,Sayur-Sayuran,05,001,BAWANG BESAR KUNING / HOLLAND,F.A.Q,Kilogram,2.25,3.5,
31039030,2026-10-08,2026-10-08 06:07:29.701239,PULAU PINANG,SEBERANG PERAI TENGAH,PASAR BORONG BUKIT MERTAJAM,Borong,20,Sayur-Sayuran,05,001,BAWANG BESAR MERAH (INDIA),F.A.Q,Kilogram,2.89,2.73,
31039031,2026-10-08,2026-10-08 06:07:29.701239,PULAU PINANG,SEBERANG PERAI TENGAH,PASAR BORONG BUKIT MERTAJAM,Borong,20,Sayur-Sayuran,05,001,BAWANG MERAH / KECIL (INDIA),F.A.Q,Kilogram,3.5,4.61,
31039032,2026-10-08,2026-10-08 06:07:29.701239,PULAU PINANG,SEBERANG PERAI TENGAH,PASAR BORONG BUKIT MERTAJAM,Borong,20,Sayur-Sayuran,05,001,BAWANG MERAH / KECIL (THAI),F.A.Q,Kilogram,6.87,9.62,
31039033,2026-10-08,2026-10-08 06:07:29.701239,PULAU PINANG,SEBERANG PERAI TENGAH,PASAR BORONG BUKIT MERTAJAM,Borong,20,Sayur-Sayuran,05,001,BAWANG MERAH ROSE,F.A.Q,Kilogram,4,9.14,
31039034,2026-10-08,2026-10-08 06:07:29.701239,PULAU PINANG,SEBERANG PERAI TENGAH,PASAR BORONG BUKIT MERTAJAM,Borong,20,Sayur-Sayuran,05,001,BAWANG PUTIH (CHINA),F.A.Q,Kilogram,6.8,5.98,
31039035,2026-10-08,2026-10-08 06:07:29.701239,PULAU PINANG,SEBERANG PERAI TENGAH,PASAR BORONG BUKIT MERTAJAM,Borong,20,Sayur-Sayuran,05,001,BAWANG PUTIH (CHINA),F.A.Q,Kilogram,5.8,5.98,
31039036,2026-10-08,2026-10-08 06:07:29.701239,PULAU PINANG,SEBERANG PERAI TENGAH,PASAR BORONG BUKIT MERTAJAM,Borong,20,Sayur-Sayuran,05,009,UBI KENTANG (IMPORT),F.A.Q,Kilogram,1.86,1.5,
31039037,2026-10-08,2026-10-08 06:07:29.701239,PULAU PINANG,SEBERANG PERAI TENGAH,PASAR BORONG BUKIT MERTAJAM,Borong,20,Sayur-Sayuran,05,009,UBI KENTANG HOLLAND,F.A.Q,Kilogram,1.67,2.62,
31039038,2026-10-08,2026-10-08 06:08:40.353361,PULAU PINANG,SEBERANG PERAI TENGAH,PASAR BORONG BUKIT MERTAJAM,Borong,20,Tanaman Kontan,05,001,KELAPA DIKUPAS,SEDANG,Biji,1.5,2.34,
31039039,2026-10-08,2026-10-08 06:09:53.915092,PULAU PINANG,SEBERANG PERAI TENGAH,PASAR BORONG BUKIT MERTAJAM,Borong,20,Ternakan,03,002,AYAM KAMPUNG (PROSES),F.A.Q,Kilogram,18,10,
31039040,2026-10-08,2026-10-08 06:09:53.915092,PULAU PINANG,SEBERANG PERAI TENGAH,PASAR BORONG BUKIT MERTAJAM,Borong,20,Ternakan,01,003,AYAM KAMPUNG HIDUP,F.A.Q,Kilogram,14,15.23,
31039041,2026-10-08,2026-10-08 06:09:53.915092,PULAU PINANG,SEBERANG PERAI TENGAH,PASAR BORONG BUKIT MERTAJAM,Borong,20,Ternakan,01,003,AYAM TUA / PENELUR HIDUP,F.A.Q,Kilogram,4.5,9.05,
31039042,2026-10-08,2026-10-08 06:09:53.915092,PULAU PINANG,SEBERANG PERAI TENGAH,PASAR BORONG BUKIT MERTAJAM,Borong,20,Ternakan,03,002,AYAM TUA / PENELUR PROSES,F.A.Q,Kilogram,7,5,
31039043,2026-10-08,2026-10-08 06:09:53.915092,PULAU PINANG,SEBERANG PERAI TENGAH,PASAR BORONG BUKIT MERTAJAM,Borong,20,Ternakan,02,002,BURUNG PUYUH (PROSES),F.A.Q,Kilogram,15,23,
31039044,2026-10-08,2026-10-08 06:09:53.915092,PULAU PINANG,SEBERANG PERAI TENGAH,PASAR BORONG BUKIT MERTAJAM,Borong,20,Ternakan,02,002,BURUNG PUYUH (PROSES),F.A.Q,Kilogram,13,23,
31039045,2026-10-08,2026-10-08 06:09:53.915092,PULAU PINANG,SEBERANG PERAI TENGAH,PASAR BORONG BUKIT MERTAJAM,Borong,20,Ternakan,04,001,DAGING BIRI-BIRI (IMPORT),F.A.Q,Kilogram,30,31.68,
31039046,2026-10-08,2026-10-08 06:09:53.915092,PULAU PINANG,SEBERANG PERAI TENGAH,PASAR BORONG BUKIT MERTAJAM,Borong,20,Ternakan,04,001,DAGING BIRI-BIRI (IMPORT),F.A.Q,Kilogram,27,31.68,
31039047,2026-10-08,2026-10-08 06:09:53.915092,PULAU PINANG,SEBERANG PERAI TENGAH,PASAR BORONG BUKIT MERTAJAM,Borong,20,Ternakan,07,002,DAGING KAMBING,F.A.Q,Kilogram,60,50.14,
31039048,2026-10-08,2026-10-08 06:09:53.915092,PULAU PINANG,SEBERANG PERAI TENGAH,PASAR BORONG BUKIT MERTAJAM,Borong,20,Ternakan,07,002,DAGING KAMBING,F.A.Q,Kilogram,50,50.14,
31039049,2026-10-08,2026-10-08 06:09:53.915092,PULAU PINANG,SEBERANG PERAI TENGAH,PASAR BORONG BUKIT MERTAJAM,Borong,20,Ternakan,02,003,DAGING LEMBU CINCANG,F.A.Q,Kilogram,20,20.91,
31039050,2026-10-08,2026-10-08 06:09:53.915092,PULAU PINANG,SEBERANG PERAI TENGAH,PASAR BORONG BUKIT MERTAJAM,Borong,20,Ternakan,02,003,DAGING LEMBU CINCANG,F.A.Q,Kilogram,15,20.91,
31039051,2026-10-08,2026-10-08 06:09:53.915092,PULAU PINANG,SEBERANG PERAI TENGAH,PASAR BORONG BUKIT MERTAJAM,Borong,20,Ternakan,02,003,DAGING PEJAL (INDIA),F.A.Q,Kilogram,21,20.58,
31039052,2026-10-08,2026-10-08 06:09:53.915092,PULAU PINANG,SEBERANG PERAI TENGAH,PASAR BORONG BUKIT MERTAJAM,Borong,20,Ternakan,02,003,DAGING PEJAL (INDIA),F.A.Q,Kilogram,15,20.58,
31039053,2026-10-08,2026-10-08 06:09:53.915092,PULAU PINANG,SEBERANG PERAI TENGAH,PASAR BORONG BUKIT MERTAJAM,Borong,20,Ternakan,03,004,ITIK (PROSES),F.A.Q,Kilogram,15,15,
31039054,2026-10-08,2026-10-08 06:09:53.915092,PULAU PINANG,SEBERANG PERAI TENGAH,PASAR BORONG BUKIT MERTAJAM,Borong,20,Ternakan,11,002,TELUR ITIK,SEDANG,Biji,0.9,0.87,
31039055,2026-10-08,2026-10-08 06:09:53.915092,PULAU PINANG,SEBERANG PERAI TENGAH,PASAR BORONG BUKIT MERTAJAM,Borong,20,Ternakan,11,003,TELUR PUYUH,F.A.Q,Biji,0.35,0.22,
31039056,2026-10-08,2026-10-08 06:09:53.915092,PULAU PINANG,SEBERANG PERAI TENGAH,PASAR BORONG BUKIT MERTAJAM,Borong,20,Ternakan,11,003,TELUR PUYUH,F.A.Q,Biji,0.2,0.22,
31039057,2026-10-08,2026-10-08 06:10:19.476024,PULAU PINANG,SEBERANG PERAI TENGAH,PASAR BORONG BUKIT MERTAJAM,Borong,20,Hasil Laut & Perikanan,02,010,IKAN HARUAN,F.A.Q,Kilogram,25,20.64,
31039058,2026-10-08,2026-10-08 06:10:19.476024,PULAU PINANG,SEBERANG PERAI TENGAH,PASAR BORONG BUKIT MERTAJAM,Borong,20,Hasil Laut & Perikanan,02,012,IKAN KELI BUNGA,F.A.Q,Kilogram,9,7.1,
31039059,2026-10-08,2026-10-08 06:10:19.476024,PULAU PINANG,SEBERANG PERAI TENGAH,PASAR BORONG BUKIT MERTAJAM,Borong,20,Hasil Laut & Perikanan,02,005,IKAN PATIN (KOLAM),F.A.Q,Kilogram,12,5.99,
31039060,2026-10-08,2026-10-08 06:10:19.476024,PULAU PINANG,SEBERANG PERAI TENGAH,PASAR BORONG BUKIT MERTAJAM,Borong,20,Hasil Laut & Perikanan,02,002,IKAN TILAPIA HITAM,F.A.Q,Kilogram,14,6.14,
31039061,2026-10-08,2026-10-08 06:10:19.476024,PULAU PINANG,SEBERANG PERAI TENGAH,PASAR BORONG BUKIT MERTAJAM,Borong,20,Hasil Laut & Perikanan,02,002,IKAN TILAPIA MERAH,F.A.Q,Kilogram,16,12.55,
31039062,2026-10-08,2026-10-08 06:10:26.334979,PULAU PINANG,SEBERANG PERAI TENGAH,PASAR BORONG BUKIT MERTAJAM,Borong,20,Lain-Lain Makanan Proses,25,002,TELUR ITIK MASIN,F.A.Q,Biji,1,1,
31039063,2026-10-08,2026-10-08 07:09:03.17866,PULAU PINANG,SEBERANG PERAI TENGAH,PASAR BORONG BUKIT MERTAJAM,Borong,20,Sayur-Sayuran,04,003,KACANG BUNCIS,F.A.Q,Kilogram,11,8.626667,
31039064,2026-10-08,2026-10-08 07:09:03.17866,PULAU PINANG,SEBERANG PERAI TENGAH,PASAR BORONG BUKIT MERTAJAM,Borong,20,Sayur-Sayuran,04,003,KACANG BUNCIS,F.A.Q,Kilogram,6,8.626667,
31039065,2026-10-08,2026-10-08 07:09:35.175424,PULAU PINANG,SEBERANG PERAI TENGAH,PASAR AWAM SEBERANG JAYA,Runcit,26,Buah-Buahan,02,005,BETIK SEKAKI,F.A.Q,Kilogram,7.5,6.159091,
31039066,2026-10-08,2026-10-08 07:09:35.175424,PULAU PINANG,SEBERANG PERAI TENGAH,PASAR AWAM SEBERANG JAYA,Runcit,26,Buah-Buahan,02,005,BETIK SEKAKI,F.A.Q,Kilogram,5,6.159091,
31039067,2026-10-08,2026-10-08 07:09:35.175424,PULAU PINANG,SEBERANG PERAI TENGAH,PASAR AWAM SEBERANG JAYA,Runcit,26,Buah-Buahan,02,023,NANAS JOSAPINE (AC5),F.A.Q,Kilogram,6,5.05,
31039068,2026-10-08,2026-10-08 07:09:35.175424,PULAU PINANG,SEBERANG PERAI TENGAH,PASAR AWAM SEBERANG JAYA,Runcit,26,Buah-Buahan,02,023,NANAS JOSAPINE (AC5),F.A.Q,Kilogram,5,5.05,
31039069,2026-10-08,2026-10-08 07:09:35.175424,PULAU PINANG,SEBERANG PERAI TENGAH,PASAR AWAM SEBERANG JAYA,Runcit,26,Buah-Buahan,02,028,PISANG BERANGAN,F.A.Q,Kilogram,7.5,7.275,
31039070,2026-10-08,2026-10-08 07:09:35.175424,PULAU PINANG,SEBERANG PERAI TENGAH,PASAR AWAM SEBERANG JAYA,Runcit,26,Buah-Buahan,02,028,PISANG MAS,F.A.Q,Kilogram,7.5,7.318182,
31039071,2026-10-08,2026-10-08 07:09:35.175424,PULAU PINANG,SEBERANG PERAI TENGAH,PASAR AWAM SEBERANG JAYA,Runcit,26,Buah-Buahan,02,034,TEMBIKAI MERAH TANPA BIJI,F.A.Q,Kilogram,5,4.1875,
31039072,2026-10-08,2026-10-08 07:09:35.175424,PULAU PINANG,SEBERANG PERAI TENGAH,PASAR AWAM SEBERANG JAYA,Runcit,26,Buah-Buahan,02,034,TEMBIKAI MERAH TANPA BIJI,F.A.Q,Kilogram,4,4.1875,
31039073,2026-10-08,2026-10-08 07:17:37.814865,PULAU PINANG,SEBERANG PERAI TENGAH,PASAR AWAM SEBERANG JAYA,Runcit,26,Sayur-Sayuran,05,001,BAWANG BESAR KUNING / HOLLAND,F.A.Q,Kilogram,6,5,
31039074,2026-10-08,2026-10-08 07:17:37.814865,PULAU PINANG,SEBERANG PERAI TENGAH,PASAR AWAM SEBERANG JAYA,Runcit,26,Sayur-Sayuran,05,001,BAWANG BESAR KUNING / HOLLAND,F.A.Q,Kilogram,4,5,
31039075,2026-10-08,2026-10-08 07:17:37.814865,PULAU PINANG,SEBERANG PERAI TENGAH,PASAR AWAM SEBERANG JAYA,Runcit,26,Sayur-Sayuran,05,001,BAWANG BESAR MERAH (INDIA),F.A.Q,Kilogram,4,3.75,
31039076,2026-10-08,2026-10-08 07:17:37.814865,PULAU PINANG,SEBERANG PERAI TENGAH,PASAR AWAM SEBERANG JAYA,Runcit,26,Sayur-Sayuran,05,001,BAWANG BESAR MERAH (INDIA),F.A.Q,Kilogram,3.5,3.75,
31039077,2026-10-08,2026-10-08 07:17:37.814865,PULAU PINANG,SEBERANG PERAI TENGAH,PASAR AWAM SEBERANG JAYA,Runcit,26,Sayur-Sayuran,05,001,BAWANG MERAH / KECIL (INDIA),F.A.Q,Kilogram,6,6,
31039078,2026-10-08,2026-10-08 07:17:37.814865,PULAU PINANG,SEBERANG PERAI TENGAH,PASAR AWAM SEBERANG JAYA,Runcit,26,Sayur-Sayuran,05,001,BAWANG MERAH / KECIL (THAI),F.A.Q,Kilogram,9,13.54,
31039079,2026-10-08,2026-10-08 07:17:37.814865,PULAU PINANG,SEBERANG PERAI TENGAH,PASAR AWAM SEBERANG JAYA,Runcit,26,Sayur-Sayuran,05,001,BAWANG MERAH ROSE,F.A.Q,Kilogram,8,7.5,
31039080,2026-10-08,2026-10-08 07:17:37.814865,PULAU PINANG,SEBERANG PERAI TENGAH,PASAR AWAM SEBERANG JAYA,Runcit,26,Sayur-Sayuran,05,001,BAWANG MERAH ROSE,F.A.Q,Kilogram,7,7.5,
31039081,2026-10-08,2026-10-08 07:17:37.814865,PULAU PINANG,SEBERANG PERAI TENGAH,PASAR AWAM SEBERANG JAYA,Runcit,26,Sayur-Sayuran,05,001,BAWANG PUTIH (CHINA),F.A.Q,Kilogram,10,9.5,
31039082,2026-10-08,2026-10-08 07:17:37.814865,PULAU PINANG,SEBERANG PERAI TENGAH,PASAR AWAM SEBERANG JAYA,Runcit,26,Sayur-Sayuran,05,001,BAWANG PUTIH (CHINA),F.A.Q,Kilogram,9,9.5,
31039083,2026-10-08,2026-10-08 07:17:37.814865,PULAU PINANG,SEBERANG PERAI TENGAH,PASAR AWAM SEBERANG JAYA,Runcit,26,Sayur-Sayuran,05,009,UBI KENTANG (IMPORT),F.A.Q,Kilogram,4.5,4,
31039084,2026-10-08,2026-10-08 07:17:37.814865,PULAU PINANG,SEBERANG PERAI TENGAH,PASAR AWAM SEBERANG JAYA,Runcit,26,Sayur-Sayuran,05,009,UBI KENTANG HOLLAND,F.A.Q,Kilogram,3.5,3.6666667,
31039085,2026-10-08,2026-10-08 07:17:59.627289,PULAU PINANG,SEBERANG PERAI TENGAH,PASAR AWAM SEBERANG JAYA,Runcit,26,Tanaman Kontan,05,001,KELAPA DIKUPAS,SEDANG,Biji,2,2.33,
31039086,2026-10-08,2026-10-08 07:18:06.567212,PULAU PINANG,SEBERANG PERAI TENGAH,PASAR AWAM SEBERANG JAYA,Runcit,26,Lain-Lain Makanan Proses,15,001,SANTAN PEKAT,F.A.Q,Kilogram,15,15,
31039087,2026-10-08,2026-10-08 07:18:42.126962,PULAU PINANG,SEBERANG PERAI TENGAH,PASAR AWAM SEBERANG JAYA,Runcit,26,Buah-Buahan,02,005,BETIK SEKAKI,F.A.Q,Kilogram,7,6.159091,
31039088,2026-10-08,2026-10-08 07:18:42.126962,PULAU PINANG,SEBERANG PERAI TENGAH,PASAR AWAM SEBERANG JAYA,Runcit,26,Buah-Buahan,02,005,BETIK SEKAKI,F.A.Q,Kilogram,5,6.159091,
31039089,2026-10-08,2026-10-08 07:18:42.126962,PULAU PINANG,SEBERANG PERAI TENGAH,PASAR AWAM SEBERANG JAYA,Runcit,26,Buah-Buahan,02,023,NANAS JOSAPINE (AC5),F.A.Q,Kilogram,5,5.05,
31039090,2026-10-08,2026-10-08 07:18:42.126962,PULAU PINANG,SEBERANG PERAI TENGAH,PASAR AWAM SEBERANG JAYA,Runcit,26,Buah-Buahan,02,023,NANAS JOSAPINE (AC5),F.A.Q,Kilogram,4,5.05,
31039091,2026-10-08,2026-10-08 07:18:42.126962,PULAU PINANG,SEBERANG PERAI TENGAH,PASAR AWAM SEBERANG JAYA,Runcit,26,Buah-Buahan,02,028,PISANG BERANGAN,F.A.Q,Kilogram,7,7.275,
31039092,2026-10-08,2026-10-08 07:18:42.126962,PULAU PINANG,SEBERANG PERAI TENGAH,PASAR AWAM SEBERANG JAYA,Runcit,26,Buah-Buahan,02,028,PISANG MAS,F.A.Q,Kilogram,7,7.318182,
31039093,2026-10-08,2026-10-08 07:18:42.126962,PULAU PINANG,SEBERANG PERAI TENGAH,PASAR AWAM SEBERANG JAYA,Runcit,26,Buah-Buahan,02,034,TEMBIKAI MERAH TANPA BIJI,F.A.Q,Kilogram,4,4.1875,
31039094,2026-10-08,2026-10-08 07:18:42.126962,PULAU PINANG,SEBERANG PERAI TENGAH,PASAR AWAM SEBERANG JAYA,Runcit,26,Buah-Buahan,02,034,TEMBIKAI MERAH TANPA BIJI,F.A.Q,Kilogram,3.5,4.1875,
31039095,2026-10-08,2026-10-08 07:24:49.032736,PULAU PINANG,SEBERANG PERAI TENGAH,PASAR AWAM SEBERANG JAYA,Runcit,26,Sayur-Sayuran,03,001,BAYAM,F.A.Q,Kilogram,6,5.230769,
31039096,2026-10-08,2026-10-08 07:24:49.032736,PULAU PINANG,SEBERANG PERAI TENGAH,PASAR AWAM SEBERANG JAYA,Runcit,26,Sayur-Sayuran,02,002,CILI HIJAU,F.A.Q,Kilogram,16,15.6875,
31039097,2026-10-08,2026-10-08 07:24:49.032736,PULAU PINANG,SEBERANG PERAI TENGAH,PASAR AWAM SEBERANG JAYA,Runcit,26,Sayur-Sayuran,02,002,CILI MERAH KULAI / KULAI HIBRID,F.A.Q,Kilogram,23,20.722221,
31039098,2026-10-08,2026-10-08 07:24:49.032736,PULAU PINANG,SEBERANG PERAI TENGAH,PASAR AWAM SEBERANG JAYA,Runcit,26,Sayur-Sayuran,02,002,CILI MERAH MINYAK,F.A.Q,Kilogram,18,16.807692,
31039099,2026-10-08,2026-10-08 07:24:49.032736,PULAU PINANG,SEBERANG PERAI TENGAH,PASAR AWAM SEBERANG JAYA,Runcit,26,Sayur-Sayuran,03,009,DAUN BAWANG,F.A.Q,Kilogram,15,9.6,
31039100,2026-10-08,2026-10-08 07:24:49.032736,PULAU PINANG,SEBERANG PERAI TENGAH,PASAR AWAM SEBERANG JAYA,Runcit,26,Sayur-Sayuran,03,015,DAUN SUP (TANAH TINGGI),F.A.Q,Kilogram,8,13.35,
31039101,2026-10-08,2026-10-08 07:24:49.032736,PULAU PINANG,SEBERANG PERAI TENGAH,PASAR AWAM SEBERANG JAYA,Runcit,26,Sayur-Sayuran,04,002,KACANG BENDI,F.A.Q,Kilogram,10,10,
31039102,2026-10-08,2026-10-08 07:24:49.032736,PULAU PINANG,SEBERANG PERAI TENGAH,PASAR AWAM SEBERANG JAYA,Runcit,26,Sayur-Sayuran,04,003,KACANG BUNCIS,F.A.Q,Kilogram,16,15,
31039103,2026-10-08,2026-10-08 07:24:49.032736,PULAU PINANG,SEBERANG PERAI TENGAH,PASAR AWAM SEBERANG JAYA,Runcit,26,Sayur-Sayuran,04,007,KACANG PANJANG HIJAU,F.A.Q,Kilogram,10,8.961538,
31039104,2026-10-08,2026-10-08 07:24:49.032736,PULAU PINANG,SEBERANG PERAI TENGAH,PASAR AWAM SEBERANG JAYA,Runcit,26,Sayur-Sayuran,03,019,KANGKUNG,F.A.Q,Kilogram,6,5.1764708,
31039105,2026-10-08,2026-10-08 07:24:49.032736,PULAU PINANG,SEBERANG PERAI TENGAH,PASAR AWAM SEBERANG JAYA,Runcit,26,Sayur-Sayuran,03,006,KUBIS BULAT (CHINA),F.A.Q,Kilogram,4,3.29,
31039106,2026-10-08,2026-10-08 07:24:49.032736,PULAU PINANG,SEBERANG PERAI TENGAH,PASAR AWAM SEBERANG JAYA,Runcit,26,Sayur-Sayuran,03,006,KUBIS BULAT (INDONESIA),F.A.Q,Kilogram,4.5,4.5,
31039107,2026-10-08,2026-10-08 07:24:49.032736,PULAU PINANG,SEBERANG PERAI TENGAH,PASAR AWAM SEBERANG JAYA,Runcit,26,Sayur-Sayuran,03,006,KUBIS BULAT (TANAH TINGGI),F.A.Q,Kilogram,6,6,
31039108,2026-10-08,2026-10-08 07:24:49.032736,PULAU PINANG,SEBERANG PERAI TENGAH,PASAR AWAM SEBERANG JAYA,Runcit,26,Sayur-Sayuran,03,007,SAWI HIJAU,F.A.Q,Kilogram,6,5.1923075,
31039109,2026-10-08,2026-10-08 07:24:49.032736,PULAU PINANG,SEBERANG PERAI TENGAH,PASAR AWAM SEBERANG JAYA,Runcit,26,Sayur-Sayuran,03,007,SAWI HIJAU TANAH TINGGI,F.A.Q,Kilogram,9,5.9333334,
31039110,2026-10-08,2026-10-08 07:24:49.032736,PULAU PINANG,SEBERANG PERAI TENGAH,PASAR AWAM SEBERANG JAYA,Runcit,26,Sayur-Sayuran,02,010,TERUNG PANJANG / PEPARU (TANAH RENDAH),F.A.Q,Kilogram,12,10.444445,
31039111,2026-10-08,2026-10-08 07:24:49.032736,PULAU PINANG,SEBERANG PERAI TENGAH,PASAR AWAM SEBERANG JAYA,Runcit,26,Sayur-Sayuran,02,010,TERUNG PANJANG / PEPARU (TANAH RENDAH),F.A.Q,Kilogram,8,10.444445,
31039112,2026-10-08,2026-10-08 07:24:49.032736,PULAU PINANG,SEBERANG PERAI TENGAH,PASAR AWAM SEBERANG JAYA,Runcit,26,Sayur-Sayuran,02,011,TIMUN HIJAU,F.A.Q,Kilogram,6,4.6041665,
31039113,2026-10-08,2026-10-08 07:24:49.032736,PULAU PINANG,SEBERANG PERAI TENGAH,PASAR AWAM SEBERANG JAYA,Runcit,26,Sayur-Sayuran,02,012,TOMATO (TANAH TINGGI),F.A.Q,Kilogram,8,7.652174,
31039114,2026-10-08,2026-10-08 07:24:49.032736,PULAU PINANG,SEBERANG PERAI TENGAH,PASAR AWAM SEBERANG JAYA,Runcit,26,Sayur-Sayuran,05,009,UBI KENTANG (IMPORT),F.A.Q,Kilogram,4.5,4,
31039115,2026-10-08,2026-10-08 07:29:35.639561,PULAU PINANG,SEBERANG PERAI TENGAH,PASAR AWAM SEBERANG JAYA,Runcit,26,Sayur-Sayuran,03,001,BAYAM,F.A.Q,Kilogram,6,5.230769,
31039116,2026-10-08,2026-10-08 07:29:35.639561,PULAU PINANG,SEBERANG PERAI TENGAH,PASAR AWAM SEBERANG JAYA,Runcit,26,Sayur-Sayuran,02,002,CILI HIJAU,F.A.Q,Kilogram,16,15.6875,
31039117,2026-10-08,2026-10-08 07:29:35.639561,PULAU PINANG,SEBERANG PERAI TENGAH,PASAR AWAM SEBERANG JAYA,Runcit,26,Sayur-Sayuran,02,002,CILI MERAH KULAI / KULAI HIBRID,F.A.Q,Kilogram,22,20.722221,
31039118,2026-10-08,2026-10-08 07:29:35.639561,PULAU PINANG,SEBERANG PERAI TENGAH,PASAR AWAM SEBERANG JAYA,Runcit,26,Sayur-Sayuran,02,002,CILI MERAH KULAI / KULAI HIBRID,F.A.Q,Kilogram,18,20.722221,
31039119,2026-10-08,2026-10-08 07:29:35.639561,PULAU PINANG,SEBERANG PERAI TENGAH,PASAR AWAM SEBERANG JAYA,Runcit,26,Sayur-Sayuran,02,002,CILI MERAH MINYAK,F.A.Q,Kilogram,16,16.807692,
31039120,2026-10-08,2026-10-08 07:29:35.639561,PULAU PINANG,SEBERANG PERAI TENGAH,PASAR AWAM SEBERANG JAYA,Runcit,26,Sayur-Sayuran,03,009,DAUN BAWANG,F.A.Q,Kilogram,14,9.6,
31039121,2026-10-08,2026-10-08 07:29:35.639561,PULAU PINANG,SEBERANG PERAI TENGAH,PASAR AWAM SEBERANG JAYA,Runcit,26,Sayur-Sayuran,03,015,DAUN SUP (TANAH TINGGI),F.A.Q,Kilogram,8,13.35,
31039122,2026-10-08,2026-10-08 07:29:35.639561,PULAU PINANG,SEBERANG PERAI TENGAH,PASAR AWAM SEBERANG JAYA,Runcit,26,Sayur-Sayuran,04,002,KACANG BENDI,F.A.Q,Kilogram,8,10,
31039123,2026-10-08,2026-10-08 07:29:35.639561,PULAU PINANG,SEBERANG PERAI TENGAH,PASAR AWAM SEBERANG JAYA,Runcit,26,Sayur-Sayuran,04,003,KACANG BUNCIS,F.A.Q,Kilogram,15,15,
31039124,2026-10-08,2026-10-08 07:29:35.639561,PULAU PINANG,SEBERANG PERAI TENGAH,PASAR AWAM SEBERANG JAYA,Runcit,26,Sayur-Sayuran,04,007,KACANG PANJANG HIJAU,F.A.Q,Kilogram,10,8.961538,
31039125,2026-10-08,2026-10-08 07:29:35.639561,PULAU PINANG,SEBERANG PERAI TENGAH,PASAR AWAM SEBERANG JAYA,Runcit,26,Sayur-Sayuran,03,019,KANGKUNG,F.A.Q,Kilogram,5,5.1764708,
31039126,2026-10-08,2026-10-08 07:29:35.639561,PULAU PINANG,SEBERANG PERAI TENGAH,PASAR AWAM SEBERANG JAYA,Runcit,26,Sayur-Sayuran,03,006,KUBIS BULAT (CHINA),F.A.Q,Kilogram,4,3.29,
31039127,2026-10-08,2026-10-08 07:29:35.639561,PULAU PINANG,SEBERANG PERAI TENGAH,PASAR AWAM SEBERANG JAYA,Runcit,26,Sayur-Sayuran,03,006,KUBIS BULAT (INDONESIA),F.A.Q,Kilogram,4,4.5,
31039128,2026-10-08,2026-10-08 07:29:35.639561,PULAU PINANG,SEBERANG PERAI TENGAH,PASAR AWAM SEBERANG JAYA,Runcit,26,Sayur-Sayuran,03,006,KUBIS BULAT (TANAH TINGGI),F.A.Q,Kilogram,4,6,
31039129,2026-10-08,2026-10-08 07:29:35.639561,PULAU PINANG,SEBERANG PERAI TENGAH,PASAR AWAM SEBERANG JAYA,Runcit,26,Sayur-Sayuran,03,007,SAWI HIJAU,F.A.Q,Kilogram,5,5.1923075,
31039130,2026-10-08,2026-10-08 07:29:35.639561,PULAU PINANG,SEBERANG PERAI TENGAH,PASAR AWAM SEBERANG JAYA,Runcit,26,Sayur-Sayuran,03,007,SAWI HIJAU TANAH TINGGI,F.A.Q,Kilogram,10,5.9333334,
31039131,2026-10-08,2026-10-08 07:29:35.639561,PULAU PINANG,SEBERANG PERAI TENGAH,PASAR AWAM SEBERANG JAYA,Runcit,26,Sayur-Sayuran,02,010,TERUNG PANJANG / PEPARU (TANAH RENDAH),F.A.Q,Kilogram,10,10.444445,
31039132,2026-10-08,2026-10-08 07:29:35.639561,PULAU PINANG,SEBERANG PERAI TENGAH,PASAR AWAM SEBERANG JAYA,Runcit,26,Sayur-Sayuran,02,010,TERUNG PANJANG / PEPARU (TANAH RENDAH),F.A.Q,Kilogram,6,10.444445,
31039133,2026-10-08,2026-10-08 07:29:35.639561,PULAU PINANG,SEBERANG PERAI TENGAH,PASAR AWAM SEBERANG JAYA,Runcit,26,Sayur-Sayuran,02,011,TIMUN HIJAU,F.A.Q,Kilogram,5,4.6041665,
31039134,2026-10-08,2026-10-08 07:29:35.639561,PULAU PINANG,SEBERANG PERAI TENGAH,PASAR AWAM SEBERANG JAYA,Runcit,26,Sayur-Sayuran,02,012,TOMATO (TANAH TINGGI),F.A.Q,Kilogram,7,7.652174,
31039135,2026-10-08,2026-10-08 07:29:35.639561,PULAU PINANG,SEBERANG PERAI TENGAH,PASAR AWAM SEBERANG JAYA,Runcit,26,Sayur-Sayuran,02,012,TOMATO (TANAH TINGGI),F.A.Q,Kilogram,6,7.652174,
31039136,2026-10-08,2026-10-08 07:29:35.639561,PULAU PINANG,SEBERANG PERAI TENGAH,PASAR AWAM SEBERANG JAYA,Runcit,26,Sayur-Sayuran,05,009,UBI KENTANG HOLLAND,F.A.Q,Kilogram,4,3.6666667,
31039137,2026-10-08,2026-10-08 07:44:56.415702,KEDAH,YAN,,Ladang,27,Sayur-Sayuran,03,001,BAYAM,F.A.Q,Kilogram,1.5,1.8,
31039138,2026-10-08,2026-10-08 07:44:56.415702,KEDAH,YAN,,Ladang,27,Sayur-Sayuran,02,002,CILI MERAH KULAI / KULAI HIBRID,F.A.Q,Kilogram,13,11.666667,
31039139,2026-10-08,2026-10-08 07:44:56.415702,KEDAH,YAN,,Ladang,27,Sayur-Sayuran,04,002,KACANG BENDI,F.A.Q,Kilogram,4,4,
31039140,2026-10-08,2026-10-08 07:44:56.415702,KEDAH,YAN,,Ladang,27,Sayur-Sayuran,04,007,KACANG PANJANG HIJAU,F.A.Q,Kilogram,4,3.4333334,
31039141,2026-10-08,2026-10-08 07:44:56.415702,KEDAH,YAN,,Ladang,27,Sayur-Sayuran,03,019,KANGKUNG,F.A.Q,Kilogram,2,2,
31039142,2026-10-08,2026-10-08 07:44:56.415702,KEDAH,YAN,,Ladang,27,Sayur-Sayuran,03,007,SAWI HIJAU,F.A.Q,Kilogram,3,2.0333333,
31039143,2026-10-08,2026-10-08 07:44:56.415702,KEDAH,YAN,,Ladang,27,Sayur-Sayuran,02,010,TERUNG PANJANG / PEPARU (TANAH RENDAH),F.A.Q,Kilogram,4,4,
31039144,2026-10-08,2026-10-08 07:44:56.415702,KEDAH,YAN,,Ladang,27,Sayur-Sayuran,02,011,TIMUN HIJAU,F.A.Q,Kilogram,1.2,1.3333334,
31039145,2026-10-08,2026-10-08 07:45:26.446663,KEDAH,YAN,,Ladang,27,Buah-Buahan,02,005,BETIK SEKAKI,F.A.Q,Kilogram,3,2.34,
31039146,2026-10-08,2026-10-08 07:45:26.446663,KEDAH,YAN,,Ladang,27,Buah-Buahan,02,028,PISANG BERANGAN,F.A.Q,Kilogram,3,2.3333333,
31039147,2026-10-08,2026-10-08 07:46:16.157049,KEDAH,PENDANG,LADANG/KEBUN KAMPUNG PAYA LIPAI,Ladang,,Sayur-Sayuran,03,001,BAYAM,F.A.Q,Kilogram,2,2,
31039148,2026-10-08,2026-10-08 07:46:16.157049,KEDAH,PENDANG,LADANG/KEBUN KAMPUNG PAYA LIPAI,Ladang,,Sayur-Sayuran,02,002,CILI MERAH KULAI / KULAI HIBRID,F.A.Q,Kilogram,11,11.181818,
31039149,2026-10-08,2026-10-08 07:46:16.157049,KEDAH,PENDANG,LADANG/KEBUN KAMPUNG PAYA LIPAI,Ladang,,Sayur-Sayuran,04,002,KACANG BENDI,F.A.Q,Kilogram,3,3.2181818,
31039150,2026-10-08,2026-10-08 07:46:16.157049,KEDAH,PENDANG,LADANG/KEBUN KAMPUNG PAYA LIPAI,Ladang,,Sayur-Sayuran,04,003,KACANG BUNCIS,F.A.Q,Kilogram,5,5.6,
31039151,2026-10-08,2026-10-08 07:46:16.157049,KEDAH,PENDANG,LADANG/KEBUN KAMPUNG PAYA LIPAI,Ladang,,Sayur-Sayuran,04,007,KACANG PANJANG HIJAU,F.A.Q,Kilogram,2.5,2.4727273,
31039152,2026-10-08,2026-10-08 07:46:16.157049,KEDAH,PENDANG,LADANG/KEBUN KAMPUNG PAYA LIPAI,Ladang,,Sayur-Sayuran,03,019,KANGKUNG,F.A.Q,Kilogram,2,2,
31039153,2026-10-08,2026-10-08 07:46:16.157049,KEDAH,PENDANG,LADANG/KEBUN KAMPUNG PAYA LIPAI,Ladang,,Sayur-Sayuran,03,007,SAWI HIJAU,F.A.Q,Kilogram,2,2.1454546,
31039154,2026-10-08,2026-10-08 07:46:16.157049,KEDAH,PENDANG,LADANG/KEBUN KAMPUNG PAYA LIPAI,Ladang,,Sayur-Sayuran,02,010,TERUNG PANJANG / PEPARU (TANAH RENDAH),F.A.Q,Kilogram,3.5,3.6636364,
31039155,2026-10-08,2026-10-08 07:46:16.157049,KEDAH,PENDANG,LADANG/KEBUN KAMPUNG PAYA LIPAI,Ladang,,Sayur-Sayuran,02,011,TIMUN HIJAU,F.A.Q,Kilogram,1.2,0.9818182,
31039156,2026-10-08,2026-10-08 07:46:34.42799,KEDAH,POKOK SENA,LADANG/KEBUN KAMPUNG PANCUR,Ladang,,Buah-Buahan,02,005,BETIK SEKAKI,F.A.Q,Kilogram,2,2,
31039157,2026-10-08,2026-10-08 07:46:34.42799,KEDAH,POKOK SENA,LADANG/KEBUN KAMPUNG PANCUR,Ladang,,Buah-Buahan,02,028,PISANG BERANGAN,F.A.Q,Kilogram,2.5,2.5,
31039158,2026-10-08,2026-10-08 07:46:34.42799,KEDAH,POKOK SENA,LADANG/KEBUN KAMPUNG PANCUR,Ladang,,Buah-Buahan,02,028,PISANG MAS,F.A.Q,Kilogram,2.5,2.5,
31039159,2026-10-08,2026-10-08 07:46:45.546053,KEDAH,POKOK SENA,LADANG/KEBUN KAMPUNG JABI,Ladang,,Buah-Buahan,02,034,TEMBIKAI MERAH TANPA BIJI,F.A.Q,Kilogram,1.2,1.2,
31039160,2026-10-08,2026-10-08 07:46:54.121073,KEDAH,KOTA SETAR,[LOKASI KUTIPAN HARGA LADANG] BUKIT PINANG,Ladang,,Ternakan,01,003,AYAM HIDUP,F.A.Q,Kilogram,6,6,
31039161,2026-10-08,2026-10-08 07:47:19.496641,KEDAH,KOTA SETAR,PASAR BESAR ALOR SETAR,Runcit,26,Buah-Buahan,02,005,BETIK SEKAKI,F.A.Q,Kilogram,5,5,
31039162,2026-10-08,2026-10-08 07:47:19.496641,KEDAH,KOTA SETAR,PASAR BESAR ALOR SETAR,Runcit,26,Buah-Buahan,02,028,PISANG BERANGAN,F.A.Q,Kilogram,6,6,
31039163,2026-10-08,2026-10-08 07:47:19.496641,KEDAH,KOTA SETAR,PASAR BESAR ALOR SETAR,Runcit,26,Buah-Buahan,02,028,PISANG MAS,F.A.Q,Kilogram,5.5,5.5,
31039164,2026-10-08,2026-10-08 07:47:19.496641,KEDAH,KOTA SETAR,PASAR BESAR ALOR SETAR,Runcit,26,Buah-Buahan,02,034,TEMBIKAI MERAH TANPA BIJI,F.A.Q,Kilogram,3.5,3.5,
31039165,2026-10-08,2026-10-08 07:47:33.547174,KEDAH,KOTA SETAR,PASAR BESAR ALOR SETAR,Runcit,26,Sayur-Sayuran,05,001,BAWANG BESAR MERAH (INDIA),F.A.Q,Kilogram,6,6,
31039166,2026-10-08,2026-10-08 07:47:33.547174,KEDAH,KOTA SETAR,PASAR BESAR ALOR SETAR,Runcit,26,Sayur-Sayuran,05,001,BAWANG MERAH / KECIL (INDIA),F.A.Q,Kilogram,8,8,
31039167,2026-10-08,2026-10-08 07:47:56.895072,PAHANG,ROMPIN,LADANG/KEBUN KAMPUNG JAWA,Ladang,,Tanaman Kontan,05,001,KELAPA DIKUPAS,SEDANG,Biji,1.1,1.1,
31039168,2026-10-08,2026-10-08 07:47:56.895072,PAHANG,ROMPIN,LADANG/KEBUN KAMPUNG JAWA,Ladang,,Tanaman Kontan,05,001,KELAPA DIKUPAS,SEDANG,Biji,1.1,1.1,
31039169,2026-10-08,2026-10-08 07:48:19.109891,JOHOR,SEGAMAT,PASAR AWAM SEGAMAT,Runcit,26,Ternakan,11,001,TELUR AYAM,A,Biji,0.55,0.54,
31039170,2026-10-08,2026-10-08 07:48:19.109891,JOHOR,SEGAMAT,PASAR AWAM SEGAMAT,Runcit,26,Ternakan,11,001,TELUR AYAM,B,Biji,0.51,0.495,
31039171,2026-10-08,2026-10-08 07:48:19.109891,JOHOR,SEGAMAT,PASAR AWAM SEGAMAT,Runcit,26,Ternakan,11,001,TELUR AYAM,C,Biji,0.48,0.44666666,
31039172,2026-10-08,2026-10-08 07:48:34.597015,PAHANG,JERANTUT,TKPM ULU CHEKA,Ladang,,Buah-Buahan,02,023,NANAS JOSAPINE (AC5),F.A.Q,Kilogram,3,3,
31039173,2026-10-08,2026-10-08 07:48:34.597015,PAHANG,JERANTUT,TKPM ULU CHEKA,Ladang,,Buah-Buahan,02,023,NANAS JOSAPINE (AC5),F.A.Q,Kilogram,3,3,
31039174,2026-10-08,2026-10-08 07:48:34.597015,PAHANG,JERANTUT,TKPM ULU CHEKA,Ladang,,Buah-Buahan,02,028,PISANG BERANGAN,F.A.Q,Kilogram,2.5,2.5727272,
31039175,2026-10-08,2026-10-08 07:48:34.597015,PAHANG,JERANTUT,TKPM ULU CHEKA,Ladang,,Buah-Buahan,02,028,PISANG BERANGAN,F.A.Q,Kilogram,2.5,2.5727272,
31039176,2026-10-08,2026-10-08 07:48:34.597015,PAHANG,JERANTUT,TKPM ULU CHEKA,Ladang,,Buah-Buahan,02,028,PISANG MAS,F.A.Q,Kilogram,2.7,2.75,
31039177,2026-10-08,2026-10-08 07:48:34.597015,PAHANG,JERANTUT,TKPM ULU CHEKA,Ladang,,Buah-Buahan,02,028,PISANG MAS,F.A.Q,Kilogram,2.7,2.75,
31039178,2026-10-08,2026-10-08 07:49:00.284377,JOHOR,SEGAMAT,PASAR AWAM SEGAMAT,Runcit,26,Ternakan,11,001,TELUR AYAM,A,Biji,0.55,0.54,
31039179,2026-10-08,2026-10-08 07:49:00.284377,JOHOR,SEGAMAT,PASAR AWAM SEGAMAT,Runcit,26,Ternakan,11,001,TELUR AYAM,B,Biji,0.51,0.495,
31039180,2026-10-08,2026-10-08 07:49:00.284377,JOHOR,SEGAMAT,PASAR AWAM SEGAMAT,Runcit,26,Ternakan,11,001,TELUR AYAM,C,Biji,0.49,0.44666666,
31039181,2026-10-08,2026-10-08 07:49:19.701472,KEDAH,KOTA SETAR,PASAR BESAR ALOR SETAR,Runcit,26,Sayur-Sayuran,05,001,BAWANG BESAR KUNING / HOLLAND,F.A.Q,Kilogram,4.5,5.07,
31039182,2026-10-08,2026-10-08 07:49:19.701472,KEDAH,KOTA SETAR,PASAR BESAR ALOR SETAR,Runcit,26,Sayur-Sayuran,05,001,BAWANG BESAR MERAH (IMPORT),F.A.Q,Kilogram,4,4.28,
31039183,2026-10-08,2026-10-08 07:49:19.701472,KEDAH,KOTA SETAR,PASAR BESAR ALOR SETAR,Runcit,26,Sayur-Sayuran,05,001,BAWANG MERAH / KECIL (IMPORT),F.A.Q,Kilogram,5,6.56,
31039184,2026-10-08,2026-10-08 07:49:19.701472,KEDAH,KOTA SETAR,PASAR BESAR ALOR SETAR,Runcit,26,Sayur-Sayuran,05,001,BAWANG MERAH / KECIL (THAI),F.A.Q,Kilogram,13,13.54,
31039185,2026-10-08,2026-10-08 07:49:19.701472,KEDAH,KOTA SETAR,PASAR BESAR ALOR SETAR,Runcit,26,Sayur-Sayuran,05,001,BAWANG PUTIH (CHINA),F.A.Q,Kilogram,10,8.52,
31039186,2026-10-08,2026-10-08 07:49:21.856855,PAHANG,KUANTAN,LADANG/KEBUN GAMBANG,Ladang,,Buah-Buahan,02,005,BETIK SEKAKI,F.A.Q,Kilogram,1.5,1.5,
31039187,2026-10-08,2026-10-08 07:49:21.856855,PAHANG,KUANTAN,LADANG/KEBUN GAMBANG,Ladang,,Buah-Buahan,02,005,BETIK SEKAKI,F.A.Q,Kilogram,1.5,1.5,
31039188,2026-10-08,2026-10-08 07:49:21.856855,PAHANG,KUANTAN,LADANG/KEBUN GAMBANG,Ladang,,Buah-Buahan,02,034,TEMBIKAI MERAH TANPA BIJI,F.A.Q,Kilogram,1.2,1.3545455,
31039189,2026-10-08,2026-10-08 07:49:21.856855,PAHANG,KUANTAN,LADANG/KEBUN GAMBANG,Ladang,,Buah-Buahan,02,034,TEMBIKAI MERAH TANPA BIJI,F.A.Q,Kilogram,1.2,1.3545455,
31039190,2026-10-08,2026-10-08 07:49:40.658085,JOHOR,SEGAMAT,PASAR AWAM SEGAMAT,Runcit,26,Ternakan,01,003,AYAM HIDUP,F.A.Q,Kilogram,9.69,8.3825,
31039191,2026-10-08,2026-10-08 07:49:40.658085,JOHOR,SEGAMAT,PASAR AWAM SEGAMAT,Runcit,26,Ternakan,03,002,AYAM PROSES STANDARD,F.A.Q,Kilogram,10.7,10.538,
31039192,2026-10-08,2026-10-08 07:49:44.049206,KEDAH,KOTA SETAR,PASAR BESAR ALOR SETAR,Runcit,26,Ternakan,11,001,TELUR AYAM,A,Biji,0.51,0.51,
31039193,2026-10-08,2026-10-08 07:49:44.049206,KEDAH,KOTA SETAR,PASAR BESAR ALOR SETAR,Runcit,26,Ternakan,11,001,TELUR AYAM,B,Biji,0.5,0.49375,
31039194,2026-10-08,2026-10-08 07:49:44.049206,KEDAH,KOTA SETAR,PASAR BESAR ALOR SETAR,Runcit,26,Ternakan,11,001,TELUR AYAM,C,Biji,0.48,0.474,
31039195,2026-10-08,2026-10-08 07:49:53.166551,KEDAH,YAN,PASAR AWAM GUAR CHEMPEDAK,Runcit,26,Sayur-Sayuran,03,001,BAYAM,F.A.Q,Kilogram,4.5,4.3333335,
31039196,2026-10-08,2026-10-08 07:49:53.166551,KEDAH,YAN,PASAR AWAM GUAR CHEMPEDAK,Runcit,26,Sayur-Sayuran,02,002,CILI MERAH KULAI / KULAI HIBRID,F.A.Q,Kilogram,19,18.333334,
31039197,2026-10-08,2026-10-08 07:49:53.166551,KEDAH,YAN,PASAR AWAM GUAR CHEMPEDAK,Runcit,26,Sayur-Sayuran,04,002,KACANG BENDI,F.A.Q,Kilogram,9,8,
31039198,2026-10-08,2026-10-08 07:49:53.166551,KEDAH,YAN,PASAR AWAM GUAR CHEMPEDAK,Runcit,26,Sayur-Sayuran,04,003,KACANG BUNCIS,F.A.Q,Kilogram,15,14.666667,
31039199,2026-10-08,2026-10-08 07:49:53.166551,KEDAH,YAN,PASAR AWAM GUAR CHEMPEDAK,Runcit,26,Sayur-Sayuran,04,007,KACANG PANJANG HIJAU,F.A.Q,Kilogram,9,7.8333335,
31039200,2026-10-08,2026-10-08 07:49:53.166551,KEDAH,YAN,PASAR AWAM GUAR CHEMPEDAK,Runcit,26,Sayur-Sayuran,03,019,KANGKUNG,F.A.Q,Kilogram,5,4.8333335,
31039201,2026-10-08,2026-10-08 07:49:53.166551,KEDAH,YAN,PASAR AWAM GUAR CHEMPEDAK,Runcit,26,Sayur-Sayuran,03,006,KUBIS BULAT (TANAH TINGGI),F.A.Q,Kilogram,4,5,
31039202,2026-10-08,2026-10-08 07:49:53.166551,KEDAH,YAN,PASAR AWAM GUAR CHEMPEDAK,Runcit,26,Sayur-Sayuran,03,007,SAWI HIJAU,F.A.Q,Kilogram,7,5.8333335,
31039203,2026-10-08,2026-10-08 07:49:53.166551,KEDAH,YAN,PASAR AWAM GUAR CHEMPEDAK,Runcit,26,Sayur-Sayuran,02,010,TERUNG PANJANG / PEPARU (TANAH RENDAH),F.A.Q,Kilogram,9.8,8.333333,
31039204,2026-10-08,2026-10-08 07:49:53.166551,KEDAH,YAN,PASAR AWAM GUAR CHEMPEDAK,Runcit,26,Sayur-Sayuran,02,011,TIMUN HIJAU,F.A.Q,Kilogram,3.5,4.3333335,
31039205,2026-10-08,2026-10-08 07:49:53.166551,KEDAH,YAN,PASAR AWAM GUAR CHEMPEDAK,Runcit,26,Sayur-Sayuran,02,012,TOMATO (TANAH TINGGI),F.A.Q,Kilogram,8,8.166667,
31039206,2026-10-08,2026-10-08 07:49:55.996943,PAHANG,KUANTAN,LADANG TUNAS AGRO,Ladang,,Ternakan,11,001,TELUR AYAM,A,Biji,0.48,0.48,
31039207,2026-10-08,2026-10-08 07:49:55.996943,PAHANG,KUANTAN,LADANG TUNAS AGRO,Ladang,,Ternakan,11,001,TELUR AYAM,C,Biji,0.44,0.44,
31039208,2026-10-08,2026-10-08 07:49:55.996943,PAHANG,KUANTAN,LADANG TUNAS AGRO,Ladang,,Ternakan,11,001,TELUR AYAM,B,Biji,0.47,0.47,
31039209,2026-10-08,2026-10-08 07:50:11.410301,JOHOR,SEGAMAT,PASAR AWAM SEGAMAT,Runcit,26,Ternakan,01,003,AYAM HIDUP,F.A.Q,Kilogram,7.15,8.3825,
31039210,2026-10-08,2026-10-08 07:50:11.410301,JOHOR,SEGAMAT,PASAR AWAM SEGAMAT,Runcit,26,Ternakan,03,002,AYAM PROSES STANDARD,F.A.Q,Kilogram,10.5,10.538,
31039211,2026-10-08,2026-10-08 07:50:11.410301,JOHOR,SEGAMAT,PASAR AWAM SEGAMAT,Runcit,26,Ternakan,03,002,AYAM PROSES SUPER,F.A.Q,Kilogram,11.5,11.433333,
31039212,2026-10-08,2026-10-08 07:50:21.742046,PAHANG,KUANTAN,LADANG/KEBUN JABOR,Ladang,,Ternakan,01,003,AYAM HIDUP,F.A.Q,Kilogram,5.8,5.8,
31039213,2026-10-08,2026-10-08 07:50:24.843353,KEDAH,KOTA SETAR,PASAR BESAR ALOR SETAR,Runcit,26,Ternakan,03,002,AYAM PROSES STANDARD,F.A.Q,Kilogram,9.5,9.5,
31039214,2026-10-08,2026-10-08 07:50:24.843353,KEDAH,KOTA SETAR,PASAR BESAR ALOR SETAR,Runcit,26,Ternakan,03,002,AYAM PROSES SUPER,F.A.Q,Kilogram,11,11,
31039215,2026-10-08,2026-10-08 07:50:31.478541,KEDAH,YAN,PASAR AWAM GUAR CHEMPEDAK,Runcit,26,Buah-Buahan,02,005,BETIK SEKAKI,F.A.Q,Kilogram,6,4.98,
31039216,2026-10-08,2026-10-08 07:50:31.478541,KEDAH,YAN,PASAR AWAM GUAR CHEMPEDAK,Runcit,26,Buah-Buahan,02,028,PISANG BERANGAN,F.A.Q,Kilogram,6,5.8333335,
31039217,2026-10-08,2026-10-08 07:50:47.472861,PAHANG,KUANTAN,PASAR BORONG KEMUNTING,Borong,20,Ternakan,02,003,DAGING LEMBU PEJAL,F.A.Q,Kilogram,35,35,
31039218,2026-10-08,2026-10-08 07:50:47.472861,PAHANG,KUANTAN,PASAR BORONG KEMUNTING,Borong,20,Ternakan,02,003,DAGING LEMBU PEJAL,F.A.Q,Kilogram,35,35,
31039219,2026-10-08,2026-10-08 07:50:47.472861,PAHANG,KUANTAN,PASAR BORONG KEMUNTING,Borong,20,Ternakan,02,003,DAGING LEMBU PEJAL,F.A.Q,Kilogram,35,35,
31039220,2026-10-08,2026-10-08 07:50:57.7823,KEDAH,KOTA SETAR,PASAR BESAR ALOR SETAR,Runcit,26,Tanaman Kontan,05,001,KELAPA DIKUPAS,SEDANG,Biji,2.8,2.875,
31039221,2026-10-08,2026-10-08 07:51:06.339411,KEDAH,YAN,PASAR AWAM GUAR CHEMPEDAK,Runcit,26,Ternakan,03,002,AYAM PROSES STANDARD,F.A.Q,Kilogram,9,9,
31039222,2026-10-08,2026-10-08 07:51:11.457012,PAHANG,KUANTAN,PASAR BORONG KEMUNTING,Borong,20,Tanaman Kontan,05,001,KELAPA DIKUPAS,SEDANG,Biji,2,2,
31039223,2026-10-08,2026-10-08 07:51:11.457012,PAHANG,KUANTAN,PASAR BORONG KEMUNTING,Borong,20,Tanaman Kontan,05,001,KELAPA DIKUPAS,SEDANG,Biji,2,2,
31039224,2026-10-08,2026-10-08 07:51:41.579562,KEDAH,KOTA SETAR,PASAR BESAR ALOR SETAR,Runcit,26,Ternakan,02,003,DAGING LEMBU PEJAL,F.A.Q,Kilogram,32,32,
31039225,2026-10-08,2026-10-08 07:51:57.818096,KEDAH,KOTA SETAR,PASAR BESAR ALOR SETAR,Runcit,26,Lain-Lain Makanan Proses,15,001,SANTAN PEKAT,F.A.Q,Kilogram,15,15,
31039226,2026-10-08,2026-10-08 07:52:05.118355,PAHANG,KUANTAN,PASAR BORONG KEMUNTING,Borong,20,Buah-Buahan,02,005,BETIK SEKAKI,F.A.Q,Kilogram,3,3,
31039227,2026-10-08,2026-10-08 07:52:05.118355,PAHANG,KUANTAN,PASAR BORONG KEMUNTING,Borong,20,Buah-Buahan,02,005,BETIK SEKAKI,F.A.Q,Kilogram,3,3,
31039228,2026-10-08,2026-10-08 07:52:05.118355,PAHANG,KUANTAN,PASAR BORONG KEMUNTING,Borong,20,Buah-Buahan,02,023,NANAS JOSAPINE (AC5),F.A.Q,Kilogram,4.5,4.5,
31039229,2026-10-08,2026-10-08 07:52:05.118355,PAHANG,KUANTAN,PASAR BORONG KEMUNTING,Borong,20,Buah-Buahan,02,023,NANAS JOSAPINE (AC5),F.A.Q,Kilogram,4.5,4.5,
31039230,2026-10-08,2026-10-08 07:52:05.118355,PAHANG,KUANTAN,PASAR BORONG KEMUNTING,Borong,20,Buah-Buahan,02,028,PISANG BERANGAN,F.A.Q,Kilogram,4.2,4.2727275,
31039231,2026-10-08,2026-10-08 07:52:05.118355,PAHANG,KUANTAN,PASAR BORONG KEMUNTING,Borong,20,Buah-Buahan,02,028,PISANG BERANGAN,F.A.Q,Kilogram,4.2,4.2727275,
31039232,2026-10-08,2026-10-08 07:52:05.118355,PAHANG,KUANTAN,PASAR BORONG KEMUNTING,Borong,20,Buah-Buahan,02,028,PISANG MAS,F.A.Q,Kilogram,4.3,4.4333334,
31039233,2026-10-08,2026-10-08 07:52:05.118355,PAHANG,KUANTAN,PASAR BORONG KEMUNTING,Borong,20,Buah-Buahan,02,028,PISANG MAS,F.A.Q,Kilogram,4.3,4.4333334,
31039234,2026-10-08,2026-10-08 07:52:05.118355,PAHANG,KUANTAN,PASAR BORONG KEMUNTING,Borong,20,Buah-Buahan,02,034,TEMBIKAI MERAH TANPA BIJI,F.A.Q,Kilogram,2.1,2.1909091,
31039235,2026-10-08,2026-10-08 07:52:05.118355,PAHANG,KUANTAN,PASAR BORONG KEMUNTING,Borong,20,Buah-Buahan,02,034,TEMBIKAI MERAH TANPA BIJI,F.A.Q,Kilogram,2.1,2.1909091,
31039236,2026-10-08,2026-10-08 07:52:12.396741,KEDAH,KOTA SETAR,PASAR BESAR ALOR SETAR,Runcit,26,Sayur-Sayuran,05,001,BAWANG MERAH ROSE,F.A.Q,Kilogram,8,8.6,
31039237,2026-10-08,2026-10-08 07:52:49.437924,KEDAH,KOTA SETAR,PASAR BESAR ALOR SETAR,Runcit,26,Sayur-Sayuran,02,002,CILI MERAH MINYAK,F.A.Q,Kilogram,15,14.875,
31039238,2026-10-08,2026-10-08 07:52:49.437924,KEDAH,KOTA SETAR,PASAR BESAR ALOR SETAR,Runcit,26,Sayur-Sayuran,03,006,KUBIS BULAT (INDONESIA),F.A.Q,Kilogram,3.5,3.5,
31039239,2026-10-08,2026-10-08 07:53:03.273042,SARAWAK,SIBU,LADANG/KEBUN SUNGAI BIDUT,Ladang,,Buah-Buahan,02,005,BETIK SEKAKI,F.A.Q,Kilogram,2.5,2.6666667,
31039240,2026-10-08,2026-10-08 07:53:03.273042,SARAWAK,SIBU,LADANG/KEBUN SUNGAI BIDUT,Ladang,,Buah-Buahan,02,028,PISANG BERANGAN,F.A.Q,Kilogram,3,3.1666667,
31039241,2026-10-08,2026-10-08 07:53:03.273042,SARAWAK,SIBU,LADANG/KEBUN SUNGAI BIDUT,Ladang,,Buah-Buahan,02,028,PISANG MAS,F.A.Q,Kilogram,3,3.0333333,
31039242,2026-10-08,2026-10-08 07:53:03.273042,SARAWAK,SIBU,LADANG/KEBUN SUNGAI BIDUT,Ladang,,Buah-Buahan,02,034,TEMBIKAI MERAH TANPA BIJI,F.A.Q,Kilogram,3,2.9083333,
31039243,2026-10-08,2026-10-08 07:54:29.642605,JOHOR,SEGAMAT,PASAR AWAM SEGAMAT,Runcit,26,Sayur-Sayuran,05,001,BAWANG BESAR KUNING / HOLLAND,F.A.Q,Kilogram,5,5,
31039244,2026-10-08,2026-10-08 07:54:29.642605,JOHOR,SEGAMAT,PASAR AWAM SEGAMAT,Runcit,26,Sayur-Sayuran,05,001,BAWANG BESAR MERAH (CHINA),F.A.Q,Kilogram,4.5,4,
31039245,2026-10-08,2026-10-08 07:54:29.642605,JOHOR,SEGAMAT,PASAR AWAM SEGAMAT,Runcit,26,Sayur-Sayuran,05,001,BAWANG BESAR MERAH (IMPORT),F.A.Q,Kilogram,4.5,4,
31039246,2026-10-08,2026-10-08 07:54:29.642605,JOHOR,SEGAMAT,PASAR AWAM SEGAMAT,Runcit,26,Sayur-Sayuran,05,001,BAWANG BESAR MERAH (INDIA),F.A.Q,Kilogram,4.5,4,
31039247,2026-10-08,2026-10-08 07:54:29.642605,JOHOR,SEGAMAT,PASAR AWAM SEGAMAT,Runcit,26,Sayur-Sayuran,05,001,BAWANG MERAH / KECIL (IMPORT),F.A.Q,Kilogram,6.8,6.5,
31039248,2026-10-08,2026-10-08 07:54:29.642605,JOHOR,SEGAMAT,PASAR AWAM SEGAMAT,Runcit,26,Sayur-Sayuran,05,001,BAWANG MERAH / KECIL (INDIA),F.A.Q,Kilogram,6.5,6.5,
31039249,2026-10-08,2026-10-08 07:54:29.642605,JOHOR,SEGAMAT,PASAR AWAM SEGAMAT,Runcit,26,Sayur-Sayuran,05,001,BAWANG MERAH / KECIL (THAI),F.A.Q,Kilogram,16,15.5,
31039250,2026-10-08,2026-10-08 07:54:29.642605,JOHOR,SEGAMAT,PASAR AWAM SEGAMAT,Runcit,26,Sayur-Sayuran,05,001,BAWANG MERAH ROSE,F.A.Q,Kilogram,9,8,
31039251,2026-10-08,2026-10-08 07:54:29.642605,JOHOR,SEGAMAT,PASAR AWAM SEGAMAT,Runcit,26,Sayur-Sayuran,05,001,BAWANG PUTIH (CHINA),F.A.Q,Kilogram,13,12,
31039252,2026-10-08,2026-10-08 07:54:29.642605,JOHOR,SEGAMAT,PASAR AWAM SEGAMAT,Runcit,26,Sayur-Sayuran,03,001,BAYAM,F.A.Q,Kilogram,6,6,
31039253,2026-10-08,2026-10-08 07:54:29.642605,JOHOR,SEGAMAT,PASAR AWAM SEGAMAT,Runcit,26,Sayur-Sayuran,02,002,CILI HIJAU,F.A.Q,Kilogram,12.5,13,
31039254,2026-10-08,2026-10-08 07:54:29.642605,JOHOR,SEGAMAT,PASAR AWAM SEGAMAT,Runcit,26,Sayur-Sayuran,02,002,CILI HIJAU (IMPORT),F.A.Q,Kilogram,12,11.9,
31039255,2026-10-08,2026-10-08 07:54:29.642605,JOHOR,SEGAMAT,PASAR AWAM SEGAMAT,Runcit,26,Sayur-Sayuran,02,002,CILI MERAH (CHINA),F.A.Q,Kilogram,14,13.2,
31039256,2026-10-08,2026-10-08 07:54:29.642605,JOHOR,SEGAMAT,PASAR AWAM SEGAMAT,Runcit,26,Sayur-Sayuran,02,002,CILI MERAH (IMPORT),F.A.Q,Kilogram,13,12.75,
31039257,2026-10-08,2026-10-08 07:54:29.642605,JOHOR,SEGAMAT,PASAR AWAM SEGAMAT,Runcit,26,Sayur-Sayuran,02,002,CILI MERAH (THAILAND),F.A.Q,Kilogram,15,15,
31039258,2026-10-08,2026-10-08 07:54:29.642605,JOHOR,SEGAMAT,PASAR AWAM SEGAMAT,Runcit,26,Sayur-Sayuran,02,002,CILI MERAH (VIETNAM),F.A.Q,Kilogram,15,14,
31039259,2026-10-08,2026-10-08 07:54:29.642605,JOHOR,SEGAMAT,PASAR AWAM SEGAMAT,Runcit,26,Sayur-Sayuran,02,002,CILI MERAH KULAI / KULAI HIBRID,F.A.Q,Kilogram,15,15.5,
31039260,2026-10-08,2026-10-08 07:54:29.642605,JOHOR,SEGAMAT,PASAR AWAM SEGAMAT,Runcit,26,Sayur-Sayuran,02,002,CILI MERAH MINYAK,F.A.Q,Kilogram,13,13,
31039261,2026-10-08,2026-10-08 07:54:29.642605,JOHOR,SEGAMAT,PASAR AWAM SEGAMAT,Runcit,26,Sayur-Sayuran,03,009,DAUN BAWANG,F.A.Q,Kilogram,8,9.333333,
31039262,2026-10-08,2026-10-08 07:54:29.642605,JOHOR,SEGAMAT,PASAR AWAM SEGAMAT,Runcit,26,Sayur-Sayuran,03,015,DAUN SUP (TANAH TINGGI),F.A.Q,Kilogram,15,15,
31039263,2026-10-08,2026-10-08 07:54:29.642605,JOHOR,SEGAMAT,PASAR AWAM SEGAMAT,Runcit,26,Sayur-Sayuran,04,002,KACANG BENDI,F.A.Q,Kilogram,8,9,
31039264,2026-10-08,2026-10-08 07:54:29.642605,JOHOR,SEGAMAT,PASAR AWAM SEGAMAT,Runcit,26,Sayur-Sayuran,04,003,KACANG BUNCIS,F.A.Q,Kilogram,15,16,
31039265,2026-10-08,2026-10-08 07:54:29.642605,JOHOR,SEGAMAT,PASAR AWAM SEGAMAT,Runcit,26,Sayur-Sayuran,04,007,KACANG PANJANG HIJAU,F.A.Q,Kilogram,9,10.25,
31039266,2026-10-08,2026-10-08 07:54:29.642605,JOHOR,SEGAMAT,PASAR AWAM SEGAMAT,Runcit,26,Sayur-Sayuran,03,019,KANGKUNG,F.A.Q,Kilogram,6,6,
31039267,2026-10-08,2026-10-08 07:54:29.642605,JOHOR,SEGAMAT,PASAR AWAM SEGAMAT,Runcit,26,Sayur-Sayuran,03,006,KUBIS BULAT (CHINA),F.A.Q,Kilogram,4.5,5,
31039268,2026-10-08,2026-10-08 07:54:29.642605,JOHOR,SEGAMAT,PASAR AWAM SEGAMAT,Runcit,26,Sayur-Sayuran,03,006,KUBIS BULAT (INDONESIA),F.A.Q,Kilogram,4.5,4.5,
31039269,2026-10-08,2026-10-08 07:54:29.642605,JOHOR,SEGAMAT,PASAR AWAM SEGAMAT,Runcit,26,Sayur-Sayuran,03,006,KUBIS BULAT (TANAH TINGGI),F.A.Q,Kilogram,7.5,7.25,
31039270,2026-10-08,2026-10-08 07:54:29.642605,JOHOR,SEGAMAT,PASAR AWAM SEGAMAT,Runcit,26,Sayur-Sayuran,03,007,SAWI HIJAU,F.A.Q,Kilogram,6,6,
31039271,2026-10-08,2026-10-08 07:54:29.642605,JOHOR,SEGAMAT,PASAR AWAM SEGAMAT,Runcit,26,Sayur-Sayuran,03,007,SAWI HIJAU TANAH TINGGI,F.A.Q,Kilogram,6,6,
31039272,2026-10-08,2026-10-08 07:54:29.642605,JOHOR,SEGAMAT,PASAR AWAM SEGAMAT,Runcit,26,Sayur-Sayuran,02,010,TERUNG PANJANG / PEPARU (TANAH RENDAH),F.A.Q,Kilogram,9.5,9.75,
31039273,2026-10-08,2026-10-08 07:54:29.642605,JOHOR,SEGAMAT,PASAR AWAM SEGAMAT,Runcit,26,Sayur-Sayuran,02,011,TIMUN HIJAU,F.A.Q,Kilogram,3.5,4,
31039274,2026-10-08,2026-10-08 07:54:29.642605,JOHOR,SEGAMAT,PASAR AWAM SEGAMAT,Runcit,26,Sayur-Sayuran,02,012,TOMATO (TANAH TINGGI),F.A.Q,Kilogram,7.5,7.5,
31039275,2026-10-08,2026-10-08 07:54:29.642605,JOHOR,SEGAMAT,PASAR AWAM SEGAMAT,Runcit,26,Sayur-Sayuran,02,012,TOMATO IMPORT,F.A.Q,Kilogram,5.6,5.5,
31039276,2026-10-08,2026-10-08 07:54:29.642605,JOHOR,SEGAMAT,PASAR AWAM SEGAMAT,Runcit,26,Sayur-Sayuran,05,009,UBI KENTANG (IMPORT),F.A.Q,Kilogram,3.5,3.5,
31039277,2026-10-08,2026-10-08 07:54:29.642605,JOHOR,SEGAMAT,PASAR AWAM SEGAMAT,Runcit,26,Sayur-Sayuran,05,009,UBI KENTANG HOLLAND,F.A.Q,Kilogram,4,4,
31039278,2026-10-08,2026-10-08 07:54:30.539691,SARAWAK,SIBU,LADANG/KEBUN SUNGAI BIDUT,Ladang,,Sayur-Sayuran,03,001,BAYAM,F.A.Q,Kilogram,2,2.2,
31039279,2026-10-08,2026-10-08 07:54:30.539691,SARAWAK,SIBU,LADANG/KEBUN SUNGAI BIDUT,Ladang,,Sayur-Sayuran,02,002,CILI HIJAU,F.A.Q,Kilogram,3,3.3,
31039280,2026-10-08,2026-10-08 07:54:30.539691,SARAWAK,SIBU,LADANG/KEBUN SUNGAI BIDUT,Ladang,,Sayur-Sayuran,02,002,CILI MERAH MINYAK,F.A.Q,Kilogram,4,4.2454543,
31039281,2026-10-08,2026-10-08 07:54:30.539691,SARAWAK,SIBU,LADANG/KEBUN SUNGAI BIDUT,Ladang,,Sayur-Sayuran,04,002,KACANG BENDI,F.A.Q,Kilogram,3.9,3.9333334,
31039282,2026-10-08,2026-10-08 07:54:30.539691,SARAWAK,SIBU,LADANG/KEBUN SUNGAI BIDUT,Ladang,,Sayur-Sayuran,04,003,KACANG BUNCIS,F.A.Q,Kilogram,4,4.3333335,
31039283,2026-10-08,2026-10-08 07:54:30.539691,SARAWAK,SIBU,LADANG/KEBUN SUNGAI BIDUT,Ladang,,Sayur-Sayuran,04,007,KACANG PANJANG HIJAU,F.A.Q,Kilogram,3,3.0333333,
31039284,2026-10-08,2026-10-08 07:54:30.539691,SARAWAK,SIBU,LADANG/KEBUN SUNGAI BIDUT,Ladang,,Sayur-Sayuran,03,019,KANGKUNG,F.A.Q,Kilogram,2.9,2.9333334,
31039285,2026-10-08,2026-10-08 07:54:30.539691,SARAWAK,SIBU,LADANG/KEBUN SUNGAI BIDUT,Ladang,,Sayur-Sayuran,03,007,SAWI HIJAU,F.A.Q,Kilogram,4.5,4.6666665,
31039286,2026-10-08,2026-10-08 07:54:30.539691,SARAWAK,SIBU,LADANG/KEBUN SUNGAI BIDUT,Ladang,,Sayur-Sayuran,02,010,TERUNG PANJANG / PEPARU (TANAH RENDAH),F.A.Q,Kilogram,4.5,4.633333,
31039287,2026-10-08,2026-10-08 07:54:30.539691,SARAWAK,SIBU,LADANG/KEBUN SUNGAI BIDUT,Ladang,,Sayur-Sayuran,02,011,TIMUN HIJAU,F.A.Q,Kilogram,2,2.1666667,
31039288,2026-10-08,2026-10-08 07:54:44.701744,SARAWAK,SIBU,LADANG/KEBUN SUNGAI BIDUT,Ladang,,Tanaman Kontan,05,001,KELAPA DIKUPAS,SEDANG,Biji,1,1,
31039289,2026-10-08,2026-10-08 07:55:23.911184,SARAWAK,SIBU,LADANG/KEBUN SUNGAI BIDUT,Ladang,,Ternakan,01,003,AYAM HIDUP,F.A.Q,Kilogram,8,8,
31039290,2026-10-08,2026-10-08 07:55:23.911184,SARAWAK,SIBU,LADANG/KEBUN SUNGAI BIDUT,Ladang,,Ternakan,11,001,TELUR AYAM,A,Biji,0.51,0.51,
31039291,2026-10-08,2026-10-08 07:55:23.911184,SARAWAK,SIBU,LADANG/KEBUN SUNGAI BIDUT,Ladang,,Ternakan,11,001,TELUR AYAM,C,Biji,0.46,0.46,
31039292,2026-10-08,2026-10-08 07:55:23.911184,SARAWAK,SIBU,LADANG/KEBUN SUNGAI BIDUT,Ladang,,Ternakan,11,001,TELUR AYAM,B,Biji,0.48,0.48,
31039293,2026-10-08,2026-10-08 07:56:05.246537,SARAWAK,SIBU,PASAR CENTRAL SIBU,Borong,20,Buah-Buahan,02,005,BETIK SEKAKI,F.A.Q,Kilogram,3.5,3.6333334,
31039294,2026-10-08,2026-10-08 07:56:05.246537,SARAWAK,SIBU,PASAR CENTRAL SIBU,Borong,20,Buah-Buahan,02,028,PISANG BERANGAN,F.A.Q,Kilogram,5,4.3333335,
31039295,2026-10-08,2026-10-08 07:56:05.246537,SARAWAK,SIBU,PASAR CENTRAL SIBU,Borong,20,Buah-Buahan,02,028,PISANG MAS,F.A.Q,Kilogram,4.5,4.633333,
31039296,2026-10-08,2026-10-08 07:56:05.246537,SARAWAK,SIBU,PASAR CENTRAL SIBU,Borong,20,Buah-Buahan,02,034,TEMBIKAI MERAH TANPA BIJI,F.A.Q,Kilogram,4,4,
31039297,2026-10-08,2026-10-08 07:59:07.863214,KEDAH,PADANG TERAP,PASAR AWAM KUALA NERANG,Runcit,26,Sayur-Sayuran,03,001,BAYAM,F.A.Q,Kilogram,4.5,4.1666665,
31039298,2026-10-08,2026-10-08 07:59:07.863214,KEDAH,PADANG TERAP,PASAR AWAM KUALA NERANG,Runcit,26,Sayur-Sayuran,02,002,CILI MERAH KULAI / KULAI HIBRID,F.A.Q,Kilogram,15,14,
31039299,2026-10-08,2026-10-08 07:59:07.863214,KEDAH,PADANG TERAP,PASAR AWAM KUALA NERANG,Runcit,26,Sayur-Sayuran,03,009,DAUN BAWANG,F.A.Q,Kilogram,12,7.8333335,
31039300,2026-10-08,2026-10-08 07:59:07.863214,KEDAH,PADANG TERAP,PASAR AWAM KUALA NERANG,Runcit,26,Sayur-Sayuran,03,015,DAUN SUP (TANAH TINGGI),F.A.Q,Kilogram,7,8.166667,
31039301,2026-10-08,2026-10-08 07:59:07.863214,KEDAH,PADANG TERAP,PASAR AWAM KUALA NERANG,Runcit,26,Sayur-Sayuran,04,002,KACANG BENDI,F.A.Q,Kilogram,8,7.1666665,
31039302,2026-10-08,2026-10-08 07:59:07.863214,KEDAH,PADANG TERAP,PASAR AWAM KUALA NERANG,Runcit,26,Sayur-Sayuran,04,003,KACANG BUNCIS,F.A.Q,Kilogram,13,10.833333,
31039303,2026-10-08,2026-10-08 07:59:07.863214,KEDAH,PADANG TERAP,PASAR AWAM KUALA NERANG,Runcit,26,Sayur-Sayuran,04,007,KACANG PANJANG HIJAU,F.A.Q,Kilogram,5,6,
31039304,2026-10-08,2026-10-08 07:59:07.863214,KEDAH,PADANG TERAP,PASAR AWAM KUALA NERANG,Runcit,26,Sayur-Sayuran,03,019,KANGKUNG,F.A.Q,Kilogram,4,4,
31039305,2026-10-08,2026-10-08 07:59:07.863214,KEDAH,PADANG TERAP,PASAR AWAM KUALA NERANG,Runcit,26,Sayur-Sayuran,03,006,KUBIS BULAT (TANAH TINGGI),F.A.Q,Kilogram,3.5,3.8333333,
31039306,2026-10-08,2026-10-08 07:59:07.863214,KEDAH,PADANG TERAP,PASAR AWAM KUALA NERANG,Runcit,26,Sayur-Sayuran,03,007,SAWI HIJAU,F.A.Q,Kilogram,7,4.5,
31039307,2026-10-08,2026-10-08 07:59:07.863214,KEDAH,PADANG TERAP,PASAR AWAM KUALA NERANG,Runcit,26,Sayur-Sayuran,03,007,SAWI HIJAU TANAH TINGGI,F.A.Q,Kilogram,7.5,5.5,
31039308,2026-10-08,2026-10-08 07:59:07.863214,KEDAH,PADANG TERAP,PASAR AWAM KUALA NERANG,Runcit,26,Sayur-Sayuran,02,010,TERUNG PANJANG / PEPARU (TANAH RENDAH),F.A.Q,Kilogram,7,7.1666665,
31039309,2026-10-08,2026-10-08 07:59:07.863214,KEDAH,PADANG TERAP,PASAR AWAM KUALA NERANG,Runcit,26,Sayur-Sayuran,02,011,TIMUN HIJAU,F.A.Q,Kilogram,3.2,2.6666667,
31039310,2026-10-08,2026-10-08 07:59:07.863214,KEDAH,PADANG TERAP,PASAR AWAM KUALA NERANG,Runcit,26,Sayur-Sayuran,02,012,TOMATO (TANAH TINGGI),F.A.Q,Kilogram,6.5,8,
31039311,2026-10-08,2026-10-08 07:59:14.734512,SARAWAK,SIBU,PASAR CENTRAL SIBU,Borong,20,Sayur-Sayuran,05,001,BAWANG BESAR KUNING / HOLLAND,F.A.Q,Kilogram,4,4,
31039312,2026-10-08,2026-10-08 07:59:14.734512,SARAWAK,SIBU,PASAR CENTRAL SIBU,Borong,20,Sayur-Sayuran,05,001,BAWANG BESAR MERAH (INDIA),F.A.Q,Kilogram,4,4,
31039313,2026-10-08,2026-10-08 07:59:14.734512,SARAWAK,SIBU,PASAR CENTRAL SIBU,Borong,20,Sayur-Sayuran,05,001,BAWANG MERAH / KECIL (INDIA),F.A.Q,Kilogram,5,5,
31039314,2026-10-08,2026-10-08 07:59:14.734512,SARAWAK,SIBU,PASAR CENTRAL SIBU,Borong,20,Sayur-Sayuran,05,001,BAWANG PUTIH (CHINA),F.A.Q,Kilogram,7,7,
31039315,2026-10-08,2026-10-08 07:59:14.734512,SARAWAK,SIBU,PASAR CENTRAL SIBU,Borong,20,Sayur-Sayuran,03,001,BAYAM,F.A.Q,Kilogram,2.9,2.9333334,
31039316,2026-10-08,2026-10-08 07:59:14.734512,SARAWAK,SIBU,PASAR CENTRAL SIBU,Borong,20,Sayur-Sayuran,02,002,CILI HIJAU,F.A.Q,Kilogram,4,4.3,
31039317,2026-10-08,2026-10-08 07:59:14.734512,SARAWAK,SIBU,PASAR CENTRAL SIBU,Borong,20,Sayur-Sayuran,02,002,CILI MERAH MINYAK,F.A.Q,Kilogram,6,6.3,
31039318,2026-10-08,2026-10-08 07:59:14.734512,SARAWAK,SIBU,PASAR CENTRAL SIBU,Borong,20,Sayur-Sayuran,03,009,DAUN BAWANG,F.A.Q,Kilogram,27,27.333334,
31039319,2026-10-08,2026-10-08 07:59:14.734512,SARAWAK,SIBU,PASAR CENTRAL SIBU,Borong,20,Sayur-Sayuran,03,015,DAUN SUP (TANAH TINGGI),F.A.Q,Kilogram,28,28.333334,
31039320,2026-10-08,2026-10-08 07:59:14.734512,SARAWAK,SIBU,PASAR CENTRAL SIBU,Borong,20,Sayur-Sayuran,04,002,KACANG BENDI,F.A.Q,Kilogram,4.5,4.633333,
31039321,2026-10-08,2026-10-08 07:59:14.734512,SARAWAK,SIBU,PASAR CENTRAL SIBU,Borong,20,Sayur-Sayuran,04,003,KACANG BUNCIS,F.A.Q,Kilogram,6,7.1666665,
31039322,2026-10-08,2026-10-08 07:59:14.734512,SARAWAK,SIBU,PASAR CENTRAL SIBU,Borong,20,Sayur-Sayuran,04,007,KACANG PANJANG HIJAU,F.A.Q,Kilogram,4,4.6666665,
31039323,2026-10-08,2026-10-08 07:59:14.734512,SARAWAK,SIBU,PASAR CENTRAL SIBU,Borong,20,Sayur-Sayuran,03,019,KANGKUNG,F.A.Q,Kilogram,3.9,3.9333334,
31039324,2026-10-08,2026-10-08 07:59:14.734512,SARAWAK,SIBU,PASAR CENTRAL SIBU,Borong,20,Sayur-Sayuran,03,006,KUBIS BULAT (CHINA),F.A.Q,Kilogram,3,3,
31039325,2026-10-08,2026-10-08 07:59:14.734512,SARAWAK,SIBU,PASAR CENTRAL SIBU,Borong,20,Sayur-Sayuran,03,007,SAWI HIJAU,F.A.Q,Kilogram,6.9,6.9333334,
31039326,2026-10-08,2026-10-08 07:59:14.734512,SARAWAK,SIBU,PASAR CENTRAL SIBU,Borong,20,Sayur-Sayuran,02,010,TERUNG PANJANG / PEPARU (TANAH RENDAH),F.A.Q,Kilogram,6.5,6.633333,
31039327,2026-10-08,2026-10-08 07:59:14.734512,SARAWAK,SIBU,PASAR CENTRAL SIBU,Borong,20,Sayur-Sayuran,02,011,TIMUN HIJAU,F.A.Q,Kilogram,3.5,3.6333334,
31039328,2026-10-08,2026-10-08 07:59:14.734512,SARAWAK,SIBU,PASAR CENTRAL SIBU,Borong,20,Sayur-Sayuran,02,012,TOMATO (TANAH TINGGI),F.A.Q,Kilogram,8,8,
31039329,2026-10-08,2026-10-08 07:59:14.734512,SARAWAK,SIBU,PASAR CENTRAL SIBU,Borong,20,Sayur-Sayuran,05,009,UBI KENTANG HOLLAND,F.A.Q,Kilogram,2,2,
31039330,2026-10-08,2026-10-08 07:59:28.081771,SARAWAK,SIBU,PASAR CENTRAL SIBU,Borong,20,Tanaman Kontan,05,001,KELAPA DIKUPAS,SEDANG,Biji,2,2,
31039331,2026-10-08,2026-10-08 07:59:44.012125,KEDAH,PADANG TERAP,PASAR AWAM KUALA NERANG,Runcit,26,Ternakan,03,002,AYAM PROSES STANDARD,F.A.Q,Kilogram,10,10.1,
31039332,2026-10-08,2026-10-08 08:00:20.809424,SARAWAK,SIBU,PASAR CENTRAL SIBU,Borong,20,Ternakan,01,003,AYAM HIDUP,F.A.Q,Kilogram,9,8.685715,
31039333,2026-10-08,2026-10-08 08:00:20.809424,SARAWAK,SIBU,PASAR CENTRAL SIBU,Borong,20,Ternakan,03,002,AYAM PROSES STANDARD,F.A.Q,Kilogram,9.5,9.5,
31039334,2026-10-08,2026-10-08 08:00:20.809424,SARAWAK,SIBU,PASAR CENTRAL SIBU,Borong,20,Ternakan,02,003,DAGING LEMBU PEJAL,F.A.Q,Kilogram,45,45,
31039335,2026-10-08,2026-10-08 08:00:20.809424,SARAWAK,SIBU,PASAR CENTRAL SIBU,Borong,20,Ternakan,11,001,TELUR AYAM,A,Biji,0.53,0.53,
31039336,2026-10-08,2026-10-08 08:00:20.809424,SARAWAK,SIBU,PASAR CENTRAL SIBU,Borong,20,Ternakan,11,001,TELUR AYAM,B,Biji,0.5,0.5,
31039337,2026-10-08,2026-10-08 08:00:20.809424,SARAWAK,SIBU,PASAR CENTRAL SIBU,Borong,20,Ternakan,11,001,TELUR AYAM,C,Biji,0.46,0.46,
31039338,2026-10-08,2026-10-08 08:00:23.650653,JOHOR,SEGAMAT,PASAR AWAM BULOH KASAP,Runcit,26,Buah-Buahan,02,005,BETIK SEKAKI,F.A.Q,Kilogram,6.5,6,
31039339,2026-10-08,2026-10-08 08:00:23.650653,JOHOR,SEGAMAT,PASAR AWAM BULOH KASAP,Runcit,26,Buah-Buahan,02,023,NANAS JOSAPINE (AC5),F.A.Q,Kilogram,5,4.5,
31039340,2026-10-08,2026-10-08 08:00:23.650653,JOHOR,SEGAMAT,PASAR AWAM BULOH KASAP,Runcit,26,Buah-Buahan,02,028,PISANG BERANGAN,F.A.Q,Kilogram,6,5.5,
31039341,2026-10-08,2026-10-08 08:00:23.650653,JOHOR,SEGAMAT,PASAR AWAM BULOH KASAP,Runcit,26,Buah-Buahan,02,028,PISANG MAS,F.A.Q,Kilogram,5.5,5.25,
31039342,2026-10-08,2026-10-08 08:00:23.650653,JOHOR,SEGAMAT,PASAR AWAM BULOH KASAP,Runcit,26,Buah-Buahan,02,034,TEMBIKAI MERAH TANPA BIJI,F.A.Q,Kilogram,4.5,4.3333335,
31039343,2026-10-08,2026-10-08 08:00:27.275573,KEDAH,PADANG TERAP,PASAR AWAM KUALA NERANG,Runcit,26,Ternakan,11,001,TELUR AYAM,C,Biji,0.49,0.49,
31039344,2026-10-08,2026-10-08 08:00:55.981032,SARAWAK,SIBU,PASAR CENTRAL SIBU,Runcit,,Buah-Buahan,02,005,BETIK SEKAKI,F.A.Q,Kilogram,5.5,5.633333,
31039345,2026-10-08,2026-10-08 08:00:55.981032,SARAWAK,SIBU,PASAR CENTRAL SIBU,Runcit,,Buah-Buahan,02,028,PISANG BERANGAN,F.A.Q,Kilogram,6,6.1666665,
31039346,2026-10-08,2026-10-08 08:00:55.981032,SARAWAK,SIBU,PASAR CENTRAL SIBU,Runcit,,Buah-Buahan,02,028,PISANG MAS,F.A.Q,Kilogram,5.5,5.633333,
31039347,2026-10-08,2026-10-08 08:00:55.981032,SARAWAK,SIBU,PASAR CENTRAL SIBU,Runcit,,Buah-Buahan,02,034,TEMBIKAI MERAH TANPA BIJI,F.A.Q,Kilogram,5,5,
31039348,2026-10-08,2026-10-08 08:01:13.997113,SARAWAK,SIBU,PASAR CENTRAL SIBU,Runcit,,Lain-Lain Makanan Proses,15,001,SANTAN PEKAT,F.A.Q,Kilogram,12.5,12.5,
31039349,2026-10-08,2026-10-08 08:01:15.625167,KEDAH,PADANG TERAP,,Ladang,27,Buah-Buahan,02,005,BETIK SEKAKI,F.A.Q,Kilogram,2.3,2.2666667,
31039350,2026-10-08,2026-10-08 08:01:15.625167,KEDAH,PADANG TERAP,,Ladang,27,Buah-Buahan,02,028,PISANG BERANGAN,F.A.Q,Kilogram,2.6,2.6666667,
31039351,2026-10-08,2026-10-08 08:01:15.625167,KEDAH,PADANG TERAP,,Ladang,27,Buah-Buahan,02,028,PISANG MAS,F.A.Q,Kilogram,2.8,2.7,
31039352,2026-10-08,2026-10-08 08:01:15.625167,KEDAH,PADANG TERAP,,Ladang,27,Buah-Buahan,02,034,TEMBIKAI MERAH TANPA BIJI,F.A.Q,Kilogram,1.8,1.6666666,
31039353,2026-10-08,2026-10-08 08:01:33.741498,SARAWAK,SIBU,PASAR CENTRAL SIBU,Runcit,,Tanaman Kontan,05,001,KELAPA DIKUPAS,SEDANG,Biji,3,3,
31039354,2026-10-08,2026-10-08 08:03:06.723804,KEDAH,PADANG TERAP,,Ladang,27,Sayur-Sayuran,03,001,BAYAM,F.A.Q,Kilogram,2.4,2.1333334,
31039355,2026-10-08,2026-10-08 08:03:06.723804,KEDAH,PADANG TERAP,,Ladang,27,Sayur-Sayuran,02,002,CILI MERAH KULAI / KULAI HIBRID,F.A.Q,Kilogram,9.5,9,
31039356,2026-10-08,2026-10-08 08:03:06.723804,KEDAH,PADANG TERAP,,Ladang,27,Sayur-Sayuran,04,002,KACANG BENDI,F.A.Q,Kilogram,3.8,3.5,
31039357,2026-10-08,2026-10-08 08:03:06.723804,KEDAH,PADANG TERAP,,Ladang,27,Sayur-Sayuran,04,007,KACANG PANJANG HIJAU,F.A.Q,Kilogram,2.5,2.9,
31039358,2026-10-08,2026-10-08 08:03:06.723804,KEDAH,PADANG TERAP,,Ladang,27,Sayur-Sayuran,03,019,KANGKUNG,F.A.Q,Kilogram,2.2,2,
31039359,2026-10-08,2026-10-08 08:03:06.723804,KEDAH,PADANG TERAP,,Ladang,27,Sayur-Sayuran,03,007,SAWI HIJAU,F.A.Q,Kilogram,2.8,2.2,
31039360,2026-10-08,2026-10-08 08:03:06.723804,KEDAH,PADANG TERAP,,Ladang,27,Sayur-Sayuran,02,010,TERUNG PANJANG / PEPARU (TANAH RENDAH),F.A.Q,Kilogram,3.6,3.4333334,
31039361,2026-10-08,2026-10-08 08:03:06.723804,KEDAH,PADANG TERAP,,Ladang,27,Sayur-Sayuran,02,011,TIMUN HIJAU,F.A.Q,Kilogram,1.7,1.2666667,
31039362,2026-10-08,2026-10-08 08:03:22.426994,SARAWAK,SAMARAHAN,,Runcit,,Ternakan,03,002,AYAM PROSES STANDARD,F.A.Q,Kilogram,10.9,10.9,
31039363,2026-10-08,2026-10-08 08:03:22.426994,SARAWAK,SAMARAHAN,,Runcit,,Ternakan,03,002,AYAM PROSES SUPER,F.A.Q,Kilogram,12,11.6,
31039364,2026-10-08,2026-10-08 08:03:22.426994,SARAWAK,SAMARAHAN,,Runcit,,Ternakan,11,001,TELUR AYAM,A,Biji,0.55,0.5525,
31039365,2026-10-08,2026-10-08 08:03:22.426994,SARAWAK,SAMARAHAN,,Runcit,,Ternakan,11,001,TELUR AYAM,B,Biji,0.53,0.53,
31039366,2026-10-08,2026-10-08 08:03:22.426994,SARAWAK,SAMARAHAN,,Runcit,,Ternakan,11,001,TELUR AYAM,C,Biji,0.51,0.51,
31039367,2026-10-08,2026-10-08 08:03:57.547445,SARAWAK,SIBU,PASAR CENTRAL SIBU,Runcit,,Sayur-Sayuran,05,001,BAWANG BESAR KUNING / HOLLAND,F.A.Q,Kilogram,5,5,
31039368,2026-10-08,2026-10-08 08:03:57.547445,SARAWAK,SIBU,PASAR CENTRAL SIBU,Runcit,,Sayur-Sayuran,05,001,BAWANG BESAR MERAH (INDIA),F.A.Q,Kilogram,5,5,
31039369,2026-10-08,2026-10-08 08:03:57.547445,SARAWAK,SIBU,PASAR CENTRAL SIBU,Runcit,,Sayur-Sayuran,05,001,BAWANG MERAH / KECIL (INDIA),F.A.Q,Kilogram,6,6,
31039370,2026-10-08,2026-10-08 08:03:57.547445,SARAWAK,SIBU,PASAR CENTRAL SIBU,Runcit,,Sayur-Sayuran,05,001,BAWANG PUTIH (CHINA),F.A.Q,Kilogram,8,8,
31039371,2026-10-08,2026-10-08 08:03:57.547445,SARAWAK,SIBU,PASAR CENTRAL SIBU,Runcit,,Sayur-Sayuran,03,001,BAYAM,F.A.Q,Kilogram,6.9,6.9333334,
31039372,2026-10-08,2026-10-08 08:03:57.547445,SARAWAK,SIBU,PASAR CENTRAL SIBU,Runcit,,Sayur-Sayuran,02,002,CILI HIJAU,F.A.Q,Kilogram,15,15.3,
31039373,2026-10-08,2026-10-08 08:03:57.547445,SARAWAK,SIBU,PASAR CENTRAL SIBU,Runcit,,Sayur-Sayuran,02,002,CILI MERAH MINYAK,F.A.Q,Kilogram,18,18.5,
31039374,2026-10-08,2026-10-08 08:03:57.547445,SARAWAK,SIBU,PASAR CENTRAL SIBU,Runcit,,Sayur-Sayuran,03,009,DAUN BAWANG,F.A.Q,Kilogram,29,29.333334,
31039375,2026-10-08,2026-10-08 08:03:57.547445,SARAWAK,SIBU,PASAR CENTRAL SIBU,Runcit,,Sayur-Sayuran,03,015,DAUN SUP (TANAH TINGGI),F.A.Q,Kilogram,30,30.333334,
31039376,2026-10-08,2026-10-08 08:03:57.547445,SARAWAK,SIBU,PASAR CENTRAL SIBU,Runcit,,Sayur-Sayuran,04,002,KACANG BENDI,F.A.Q,Kilogram,7.5,7.633333,
31039377,2026-10-08,2026-10-08 08:03:57.547445,SARAWAK,SIBU,PASAR CENTRAL SIBU,Runcit,,Sayur-Sayuran,04,003,KACANG BUNCIS,F.A.Q,Kilogram,14,14.3,
31039378,2026-10-08,2026-10-08 08:03:57.547445,SARAWAK,SIBU,PASAR CENTRAL SIBU,Runcit,,Sayur-Sayuran,04,007,KACANG PANJANG HIJAU,F.A.Q,Kilogram,7,7.1666665,
31039379,2026-10-08,2026-10-08 08:03:57.547445,SARAWAK,SIBU,PASAR CENTRAL SIBU,Runcit,,Sayur-Sayuran,03,019,KANGKUNG,F.A.Q,Kilogram,5.9,5.9333334,
31039380,2026-10-08,2026-10-08 08:03:57.547445,SARAWAK,SIBU,PASAR CENTRAL SIBU,Runcit,,Sayur-Sayuran,03,006,KUBIS BULAT (CHINA),F.A.Q,Kilogram,4,4,
31039381,2026-10-08,2026-10-08 08:03:57.547445,SARAWAK,SIBU,PASAR CENTRAL SIBU,Runcit,,Sayur-Sayuran,03,007,SAWI HIJAU,F.A.Q,Kilogram,9.9,9.933333,
31039382,2026-10-08,2026-10-08 08:03:57.547445,SARAWAK,SIBU,PASAR CENTRAL SIBU,Runcit,,Sayur-Sayuran,02,010,TERUNG PANJANG / PEPARU (TANAH RENDAH),F.A.Q,Kilogram,8.5,8.633333,
31039383,2026-10-08,2026-10-08 08:03:57.547445,SARAWAK,SIBU,PASAR CENTRAL SIBU,Runcit,,Sayur-Sayuran,02,011,TIMUN HIJAU,F.A.Q,Kilogram,4.5,4.633333,
31039384,2026-10-08,2026-10-08 08:03:57.547445,SARAWAK,SIBU,PASAR CENTRAL SIBU,Runcit,,Sayur-Sayuran,02,012,TOMATO (TANAH TINGGI),F.A.Q,Kilogram,9,9,
31039385,2026-10-08,2026-10-08 08:03:57.547445,SARAWAK,SIBU,PASAR CENTRAL SIBU,Runcit,,Sayur-Sayuran,05,009,UBI KENTANG HOLLAND,F.A.Q,Kilogram,3,3,
31039386,2026-10-08,2026-10-08 08:04:50.545483,SARAWAK,SIBU,PASAR CENTRAL SIBU,Runcit,,Ternakan,01,003,AYAM HIDUP,F.A.Q,Kilogram,10,10,
31039387,2026-10-08,2026-10-08 08:04:50.545483,SARAWAK,SIBU,PASAR CENTRAL SIBU,Runcit,,Ternakan,03,002,AYAM PROSES STANDARD,F.A.Q,Kilogram,10.5,10.5,
31039388,2026-10-08,2026-10-08 08:04:50.545483,SARAWAK,SIBU,PASAR CENTRAL SIBU,Runcit,,Ternakan,03,002,AYAM PROSES SUPER,F.A.Q,Kilogram,11.5,11.5,
31039389,2026-10-08,2026-10-08 08:04:50.545483,SARAWAK,SIBU,PASAR CENTRAL SIBU,Runcit,,Ternakan,02,003,DAGING LEMBU PEJAL,F.A.Q,Kilogram,48,48,
31039390,2026-10-08,2026-10-08 08:04:50.545483,SARAWAK,SIBU,PASAR CENTRAL SIBU,Runcit,,Ternakan,11,001,TELUR AYAM,A,Biji,0.55,0.55,
31039391,2026-10-08,2026-10-08 08:04:50.545483,SARAWAK,SIBU,PASAR CENTRAL SIBU,Runcit,,Ternakan,11,001,TELUR AYAM,B,Biji,0.52,0.52,
31039392,2026-10-08,2026-10-08 08:04:50.545483,SARAWAK,SIBU,PASAR CENTRAL SIBU,Runcit,,Ternakan,11,001,TELUR AYAM,C,Biji,0.5,0.5,
31039393,2026-10-08,2026-10-08 08:08:16.422913,KEDAH,KOTA SETAR,,Ladang,27,Sayur-Sayuran,03,001,BAYAM,F.A.Q,Kilogram,2,2,
31039394,2026-10-08,2026-10-08 08:08:16.422913,KEDAH,KOTA SETAR,,Ladang,27,Sayur-Sayuran,02,002,CILI MERAH KULAI / KULAI HIBRID,F.A.Q,Kilogram,8.5,9,
31039395,2026-10-08,2026-10-08 08:08:16.422913,KEDAH,KOTA SETAR,,Ladang,27,Sayur-Sayuran,04,002,KACANG BENDI,F.A.Q,Kilogram,4,4,
31039396,2026-10-08,2026-10-08 08:08:16.422913,KEDAH,KOTA SETAR,,Ladang,27,Sayur-Sayuran,04,007,KACANG PANJANG HIJAU,F.A.Q,Kilogram,4,3.5,
31039397,2026-10-08,2026-10-08 08:08:16.422913,KEDAH,KOTA SETAR,,Ladang,27,Sayur-Sayuran,03,019,KANGKUNG,F.A.Q,Kilogram,2,2,
31039398,2026-10-08,2026-10-08 08:08:16.422913,KEDAH,KOTA SETAR,,Ladang,27,Sayur-Sayuran,02,010,TERUNG PANJANG / PEPARU (TANAH RENDAH),F.A.Q,Kilogram,4,4,
31039399,2026-10-08,2026-10-08 08:08:16.422913,KEDAH,KOTA SETAR,,Ladang,27,Sayur-Sayuran,02,011,TIMUN HIJAU,F.A.Q,Kilogram,1.8,1.8,
31039400,2026-10-08,2026-10-08 08:10:24.382707,PAHANG,KUANTAN,PASAR BORONG KEMUNTING,Borong,20,Ternakan,11,001,TELUR AYAM,A,Biji,0.5,0.5,
31039401,2026-10-08,2026-10-08 08:10:24.382707,PAHANG,KUANTAN,PASAR BORONG KEMUNTING,Borong,20,Ternakan,11,001,TELUR AYAM,B,Biji,0.49,0.49,
31039402,2026-10-08,2026-10-08 08:10:24.382707,PAHANG,KUANTAN,PASAR BORONG KEMUNTING,Borong,20,Ternakan,11,001,TELUR AYAM,C,Biji,0.46,0.46,
31039403,2026-10-08,2026-10-08 08:10:55.535338,PAHANG,KUANTAN,PASAR BORONG KEMUNTING,Borong,20,Ternakan,03,002,AYAM PROSES STANDARD,F.A.Q,Kilogram,9.7,9.7,
31039404,2026-10-08,2026-10-08 08:10:55.535338,PAHANG,KUANTAN,PASAR BORONG KEMUNTING,Borong,20,Ternakan,03,002,AYAM PROSES STANDARD,F.A.Q,Kilogram,9.7,9.7,
31039405,2026-10-08,2026-10-08 08:10:55.535338,PAHANG,KUANTAN,PASAR BORONG KEMUNTING,Borong,20,Ternakan,03,002,AYAM PROSES STANDARD,F.A.Q,Kilogram,9.7,9.7,
31039406,2026-10-08,2026-10-08 08:12:06.371799,SARAWAK,SAMARAHAN,,Runcit,,Sayur-Sayuran,05,001,BAWANG BESAR KUNING / HOLLAND,F.A.Q,Kilogram,3.2,3.2,
31039407,2026-10-08,2026-10-08 08:12:06.371799,SARAWAK,SAMARAHAN,,Runcit,,Sayur-Sayuran,05,001,BAWANG BESAR MERAH (CHINA),F.A.Q,Kilogram,3.2,2.975,
31039408,2026-10-08,2026-10-08 08:12:06.371799,SARAWAK,SAMARAHAN,,Runcit,,Sayur-Sayuran,05,001,BAWANG BESAR MERAH (INDIA),F.A.Q,Kilogram,2.9,2.425,
31039409,2026-10-08,2026-10-08 08:12:06.371799,SARAWAK,SAMARAHAN,,Runcit,,Sayur-Sayuran,05,001,BAWANG MERAH ROSE,F.A.Q,Kilogram,6.5,5.1475,
31039410,2026-10-08,2026-10-08 08:12:06.371799,SARAWAK,SAMARAHAN,,Runcit,,Sayur-Sayuran,05,001,BAWANG PUTIH (CHINA),F.A.Q,Kilogram,8.2,7.65,
31039411,2026-10-08,2026-10-08 08:12:06.371799,SARAWAK,SAMARAHAN,,Runcit,,Sayur-Sayuran,03,001,BAYAM,F.A.Q,Kilogram,8.9,8.7,
31039412,2026-10-08,2026-10-08 08:12:06.371799,SARAWAK,SAMARAHAN,,Runcit,,Sayur-Sayuran,02,002,CILI HIJAU,F.A.Q,Kilogram,22.9,22.7,
31039413,2026-10-08,2026-10-08 08:12:06.371799,SARAWAK,SAMARAHAN,,Runcit,,Sayur-Sayuran,02,002,CILI MERAH MINYAK,F.A.Q,Kilogram,24.9,21.566668,
31039414,2026-10-08,2026-10-08 08:12:06.371799,SARAWAK,SAMARAHAN,,Runcit,,Sayur-Sayuran,04,002,KACANG BENDI,F.A.Q,Kilogram,10.9,10.5,
31039415,2026-10-08,2026-10-08 08:12:06.371799,SARAWAK,SAMARAHAN,,Runcit,,Sayur-Sayuran,04,003,KACANG BUNCIS,F.A.Q,Kilogram,19.9,19.15,
31039416,2026-10-08,2026-10-08 08:12:06.371799,SARAWAK,SAMARAHAN,,Runcit,,Sayur-Sayuran,04,007,KACANG PANJANG HIJAU,F.A.Q,Kilogram,15.5,14.6,
31039417,2026-10-08,2026-10-08 08:12:06.371799,SARAWAK,SAMARAHAN,,Runcit,,Sayur-Sayuran,03,019,KANGKUNG,F.A.Q,Kilogram,7.9,8.45,
31039418,2026-10-08,2026-10-08 08:12:06.371799,SARAWAK,SAMARAHAN,,Runcit,,Sayur-Sayuran,03,006,KUBIS BULAT (CHINA),F.A.Q,Kilogram,4.5,4.5,
31039419,2026-10-08,2026-10-08 08:12:06.371799,SARAWAK,SAMARAHAN,,Runcit,,Sayur-Sayuran,03,007,SAWI HIJAU,F.A.Q,Kilogram,13.9,13.9,
31039420,2026-10-08,2026-10-08 08:12:06.371799,SARAWAK,SAMARAHAN,,Runcit,,Sayur-Sayuran,02,010,TERUNG PANJANG / PEPARU (IMPORT),F.A.Q,Kilogram,9,9,
31039421,2026-10-08,2026-10-08 08:12:06.371799,SARAWAK,SAMARAHAN,,Runcit,,Sayur-Sayuran,02,011,TIMUN HIJAU,F.A.Q,Kilogram,7.9,6.8,
31039422,2026-10-08,2026-10-08 08:12:06.371799,SARAWAK,SAMARAHAN,,Runcit,,Sayur-Sayuran,02,012,TOMATO IMPORT,F.A.Q,Kilogram,12.9,12.9,
31039423,2026-10-08,2026-10-08 08:12:06.371799,SARAWAK,SAMARAHAN,,Runcit,,Sayur-Sayuran,05,009,UBI KENTANG (IMPORT),F.A.Q,Kilogram,2.9,2.9,
31039424,2026-10-08,2026-10-08 08:12:06.371799,SARAWAK,SAMARAHAN,,Runcit,,Sayur-Sayuran,05,009,UBI KENTANG HOLLAND,F.A.Q,Kilogram,3.5,3.5,
31039425,2026-10-08,2026-10-08 08:12:19.362356,PAHANG,KUANTAN,PASAR BORONG KEMUNTING,Borong,20,Sayur-Sayuran,05,001,BAWANG BESAR KUNING / HOLLAND,F.A.Q,Kilogram,2.5,2.5,
31039426,2026-10-08,2026-10-08 08:12:19.362356,PAHANG,KUANTAN,PASAR BORONG KEMUNTING,Borong,20,Sayur-Sayuran,05,001,BAWANG BESAR KUNING / HOLLAND,F.A.Q,Kilogram,2.5,2.5,
31039427,2026-10-08,2026-10-08 08:12:19.362356,PAHANG,KUANTAN,PASAR BORONG KEMUNTING,Borong,20,Sayur-Sayuran,05,001,BAWANG BESAR MERAH (INDIA),F.A.Q,Kilogram,2.5,2.5,
31039428,2026-10-08,2026-10-08 08:12:19.362356,PAHANG,KUANTAN,PASAR BORONG KEMUNTING,Borong,20,Sayur-Sayuran,05,001,BAWANG BESAR MERAH (INDIA),F.A.Q,Kilogram,2.5,2.5,
31039429,2026-10-08,2026-10-08 08:12:19.362356,PAHANG,KUANTAN,PASAR BORONG KEMUNTING,Borong,20,Sayur-Sayuran,05,001,BAWANG MERAH / KECIL (INDIA),F.A.Q,Kilogram,2.5,2.5,
31039430,2026-10-08,2026-10-08 08:12:19.362356,PAHANG,KUANTAN,PASAR BORONG KEMUNTING,Borong,20,Sayur-Sayuran,05,001,BAWANG MERAH / KECIL (INDIA),F.A.Q,Kilogram,2.5,2.5,
31039431,2026-10-08,2026-10-08 08:12:19.362356,PAHANG,KUANTAN,PASAR BORONG KEMUNTING,Borong,20,Sayur-Sayuran,05,001,BAWANG MERAH ROSE,F.A.Q,Kilogram,6.5,5.3333335,
31039432,2026-10-08,2026-10-08 08:12:19.362356,PAHANG,KUANTAN,PASAR BORONG KEMUNTING,Borong,20,Sayur-Sayuran,05,001,BAWANG MERAH ROSE,F.A.Q,Kilogram,6.5,5.3333335,
31039433,2026-10-08,2026-10-08 08:12:19.362356,PAHANG,KUANTAN,PASAR BORONG KEMUNTING,Borong,20,Sayur-Sayuran,05,001,BAWANG PUTIH (CHINA),F.A.Q,Kilogram,7,7,
31039434,2026-10-08,2026-10-08 08:12:19.362356,PAHANG,KUANTAN,PASAR BORONG KEMUNTING,Borong,20,Sayur-Sayuran,05,001,BAWANG PUTIH (CHINA),F.A.Q,Kilogram,7,7,
31039435,2026-10-08,2026-10-08 08:12:19.362356,PAHANG,KUANTAN,PASAR BORONG KEMUNTING,Borong,20,Sayur-Sayuran,05,009,UBI KENTANG HOLLAND,F.A.Q,Kilogram,2,2,
31039436,2026-10-08,2026-10-08 08:12:19.362356,PAHANG,KUANTAN,PASAR BORONG KEMUNTING,Borong,20,Sayur-Sayuran,05,009,UBI KENTANG HOLLAND,F.A.Q,Kilogram,2,2,
31039437,2026-10-08,2026-10-08 08:14:17.749022,KEDAH,KUBANG PASU,,Ladang,27,Sayur-Sayuran,03,001,BAYAM,F.A.Q,Kilogram,1.8,2.2,
31039438,2026-10-08,2026-10-08 08:14:17.749022,KEDAH,KUBANG PASU,,Ladang,27,Sayur-Sayuran,02,002,CILI MERAH KULAI / KULAI HIBRID,F.A.Q,Kilogram,9,9.8,
31039439,2026-10-08,2026-10-08 08:14:17.749022,KEDAH,KUBANG PASU,,Ladang,27,Sayur-Sayuran,04,002,KACANG BENDI,F.A.Q,Kilogram,3.8,4.5,
31039440,2026-10-08,2026-10-08 08:14:17.749022,KEDAH,KUBANG PASU,,Ladang,27,Sayur-Sayuran,04,007,KACANG PANJANG HIJAU,F.A.Q,Kilogram,2.8,2.8,
31039441,2026-10-08,2026-10-08 08:14:17.749022,KEDAH,KUBANG PASU,,Ladang,27,Sayur-Sayuran,03,019,KANGKUNG,F.A.Q,Kilogram,2.2,1.9333333,
31039442,2026-10-08,2026-10-08 08:14:17.749022,KEDAH,KUBANG PASU,,Ladang,27,Sayur-Sayuran,02,010,TERUNG PANJANG / PEPARU (TANAH RENDAH),F.A.Q,Kilogram,4.1,4,
31039443,2026-10-08,2026-10-08 08:14:17.749022,KEDAH,KUBANG PASU,,Ladang,27,Sayur-Sayuran,02,011,TIMUN HIJAU,F.A.Q,Kilogram,2,2,
31039444,2026-10-08,2026-10-08 08:17:51.282365,KEDAH,KUBANG PASU,PASAR AWAM PJ2 JITRA (MDKP),Runcit,26,Ternakan,03,002,AYAM PROSES STANDARD,F.A.Q,Kilogram,10.5,11,
31039445,2026-10-08,2026-10-08 08:17:51.282365,KEDAH,KUBANG PASU,PASAR AWAM PJ2 JITRA (MDKP),Runcit,26,Ternakan,11,001,TELUR AYAM,A,Biji,0.54,0.54,
31039446,2026-10-08,2026-10-08 08:17:51.282365,KEDAH,KUBANG PASU,PASAR AWAM PJ2 JITRA (MDKP),Runcit,26,Ternakan,11,001,TELUR AYAM,B,Biji,0.52,0.5,
31039447,2026-10-08,2026-10-08 08:17:51.282365,KEDAH,KUBANG PASU,PASAR AWAM PJ2 JITRA (MDKP),Runcit,26,Ternakan,11,001,TELUR AYAM,C,Biji,0.5,0.48,
31039448,2026-10-08,2026-10-08 08:20:45.316362,SABAH,TAWAU,PASAR BESAR TAWAU,Runcit,26,Sayur-Sayuran,05,001,BAWANG BESAR KUNING / HOLLAND,F.A.Q,Kilogram,7,6,
31039449,2026-10-08,2026-10-08 08:20:45.316362,SABAH,TAWAU,PASAR BESAR TAWAU,Runcit,26,Sayur-Sayuran,05,001,BAWANG BESAR MERAH (IMPORT),F.A.Q,Kilogram,8,7.09,
31039450,2026-10-08,2026-10-08 08:20:45.316362,SABAH,TAWAU,PASAR BESAR TAWAU,Runcit,26,Sayur-Sayuran,05,001,BAWANG MERAH ROSE,F.A.Q,Kilogram,10,8.666667,
31039451,2026-10-08,2026-10-08 08:20:45.316362,SABAH,TAWAU,PASAR BESAR TAWAU,Runcit,26,Sayur-Sayuran,05,001,BAWANG PUTIH (CHINA),F.A.Q,Kilogram,10,10,
31039452,2026-10-08,2026-10-08 08:20:45.316362,SABAH,TAWAU,PASAR BESAR TAWAU,Runcit,26,Sayur-Sayuran,03,001,BAYAM,F.A.Q,Kilogram,6,6,
31039453,2026-10-08,2026-10-08 08:20:45.316362,SABAH,TAWAU,PASAR BESAR TAWAU,Runcit,26,Sayur-Sayuran,02,002,CILI HIJAU,F.A.Q,Kilogram,15,12,
31039454,2026-10-08,2026-10-08 08:20:45.316362,SABAH,TAWAU,PASAR BESAR TAWAU,Runcit,26,Sayur-Sayuran,02,002,CILI MERAH KULAI / KULAI HIBRID,F.A.Q,Kilogram,15,13,
31039455,2026-10-08,2026-10-08 08:20:45.316362,SABAH,TAWAU,PASAR BESAR TAWAU,Runcit,26,Sayur-Sayuran,03,009,DAUN BAWANG,F.A.Q,Kilogram,12,13,
31039456,2026-10-08,2026-10-08 08:20:45.316362,SABAH,TAWAU,PASAR BESAR TAWAU,Runcit,26,Sayur-Sayuran,03,015,DAUN SUP (TANAH TINGGI),F.A.Q,Kilogram,15,13.5,
31039457,2026-10-08,2026-10-08 08:20:45.316362,SABAH,TAWAU,PASAR BESAR TAWAU,Runcit,26,Sayur-Sayuran,04,002,KACANG BENDI,F.A.Q,Kilogram,6,6,
31039458,2026-10-08,2026-10-08 08:20:45.316362,SABAH,TAWAU,PASAR BESAR TAWAU,Runcit,26,Sayur-Sayuran,04,003,KACANG BUNCIS,F.A.Q,Kilogram,8,8,
31039459,2026-10-08,2026-10-08 08:20:45.316362,SABAH,TAWAU,PASAR BESAR TAWAU,Runcit,26,Sayur-Sayuran,04,007,KACANG PANJANG HIJAU,F.A.Q,Kilogram,8,8,
31039460,2026-10-08,2026-10-08 08:20:45.316362,SABAH,TAWAU,PASAR BESAR TAWAU,Runcit,26,Sayur-Sayuran,03,019,KANGKUNG,F.A.Q,Kilogram,6,6,
31039461,2026-10-08,2026-10-08 08:20:45.316362,SABAH,TAWAU,PASAR BESAR TAWAU,Runcit,26,Sayur-Sayuran,03,006,KUBIS BULAT (TANAH TINGGI),F.A.Q,Kilogram,5,4.6666665,
31039462,2026-10-08,2026-10-08 08:20:45.316362,SABAH,TAWAU,PASAR BESAR TAWAU,Runcit,26,Sayur-Sayuran,03,007,SAWI HIJAU,F.A.Q,Kilogram,6,6,
31039463,2026-10-08,2026-10-08 08:20:45.316362,SABAH,TAWAU,PASAR BESAR TAWAU,Runcit,26,Sayur-Sayuran,03,007,SAWI HIJAU TANAH TINGGI,F.A.Q,Kilogram,5,5.3333335,
31039464,2026-10-08,2026-10-08 08:20:45.316362,SABAH,TAWAU,PASAR BESAR TAWAU,Runcit,26,Sayur-Sayuran,02,010,TERUNG PANJANG / PEPARU (TANAH RENDAH),F.A.Q,Kilogram,5,5,
31039465,2026-10-08,2026-10-08 08:20:45.316362,SABAH,TAWAU,PASAR BESAR TAWAU,Runcit,26,Sayur-Sayuran,02,011,TIMUN HIJAU,F.A.Q,Kilogram,8,6,
31039466,2026-10-08,2026-10-08 08:20:45.316362,SABAH,TAWAU,PASAR BESAR TAWAU,Runcit,26,Sayur-Sayuran,02,012,TOMATO (TANAH TINGGI),F.A.Q,Kilogram,5,5,
31039467,2026-10-08,2026-10-08 08:20:45.316362,SABAH,TAWAU,PASAR BESAR TAWAU,Runcit,26,Sayur-Sayuran,02,012,TOMATO PLUM (TANAH TINGGI),F.A.Q,Kilogram,9,5,
31039468,2026-10-08,2026-10-08 08:20:45.316362,SABAH,TAWAU,PASAR BESAR TAWAU,Runcit,26,Sayur-Sayuran,05,009,UBI KENTANG (IMPORT),F.A.Q,Kilogram,4,4,
31039469,2026-10-08,2026-10-08 08:24:25.31582,SARAWAK,KUCHING,MEDAN NIAGA SATOK,Runcit,26,Sayur-Sayuran,05,001,BAWANG BESAR KUNING / HOLLAND,F.A.Q,Kilogram,4,4,
31039470,2026-10-08,2026-10-08 08:24:25.31582,SARAWAK,KUCHING,MEDAN NIAGA SATOK,Runcit,26,Sayur-Sayuran,05,001,BAWANG BESAR MERAH (INDIA),F.A.Q,Kilogram,4,4,
31039471,2026-10-08,2026-10-08 08:24:25.31582,SARAWAK,KUCHING,MEDAN NIAGA SATOK,Runcit,26,Sayur-Sayuran,05,001,BAWANG MERAH ROSE,F.A.Q,Kilogram,7,6.6666665,
31039472,2026-10-08,2026-10-08 08:24:25.31582,SARAWAK,KUCHING,MEDAN NIAGA SATOK,Runcit,26,Sayur-Sayuran,05,001,BAWANG PUTIH (CHINA),F.A.Q,Kilogram,8,8,
31039473,2026-10-08,2026-10-08 08:24:25.31582,SARAWAK,KUCHING,MEDAN NIAGA SATOK,Runcit,26,Sayur-Sayuran,03,001,BAYAM,F.A.Q,Kilogram,8,8.384615,
31039474,2026-10-08,2026-10-08 08:24:25.31582,SARAWAK,KUCHING,MEDAN NIAGA SATOK,Runcit,26,Sayur-Sayuran,02,002,CILI HIJAU,F.A.Q,Kilogram,26,24,
31039475,2026-10-08,2026-10-08 08:24:25.31582,SARAWAK,KUCHING,MEDAN NIAGA SATOK,Runcit,26,Sayur-Sayuran,02,002,CILI MERAH KULAI / KULAI HIBRID,F.A.Q,Kilogram,26,24.916666,
31039476,2026-10-08,2026-10-08 08:24:25.31582,SARAWAK,KUCHING,MEDAN NIAGA SATOK,Runcit,26,Sayur-Sayuran,02,002,CILI MERAH MINYAK,F.A.Q,Kilogram,26,24.916666,
31039477,2026-10-08,2026-10-08 08:24:25.31582,SARAWAK,KUCHING,MEDAN NIAGA SATOK,Runcit,26,Sayur-Sayuran,03,009,DAUN BAWANG,F.A.Q,Kilogram,35,35,
31039478,2026-10-08,2026-10-08 08:24:25.31582,SARAWAK,KUCHING,MEDAN NIAGA SATOK,Runcit,26,Sayur-Sayuran,03,015,DAUN SUP (TANAH TINGGI),F.A.Q,Kilogram,35,35,
31039479,2026-10-08,2026-10-08 08:24:25.31582,SARAWAK,KUCHING,MEDAN NIAGA SATOK,Runcit,26,Sayur-Sayuran,04,002,KACANG BENDI,F.A.Q,Kilogram,14,13.5,
31039480,2026-10-08,2026-10-08 08:24:25.31582,SARAWAK,KUCHING,MEDAN NIAGA SATOK,Runcit,26,Sayur-Sayuran,04,003,KACANG BUNCIS,F.A.Q,Kilogram,16,14.833333,
31039481,2026-10-08,2026-10-08 08:24:25.31582,SARAWAK,KUCHING,MEDAN NIAGA SATOK,Runcit,26,Sayur-Sayuran,04,007,KACANG PANJANG HIJAU,F.A.Q,Kilogram,14,13.666667,
31039482,2026-10-08,2026-10-08 08:24:25.31582,SARAWAK,KUCHING,MEDAN NIAGA SATOK,Runcit,26,Sayur-Sayuran,03,019,KANGKUNG,F.A.Q,Kilogram,7,7.2,
31039483,2026-10-08,2026-10-08 08:24:25.31582,SARAWAK,KUCHING,MEDAN NIAGA SATOK,Runcit,26,Sayur-Sayuran,03,006,KUBIS BULAT (CHINA),F.A.Q,Kilogram,4,4,
31039484,2026-10-08,2026-10-08 08:24:25.31582,SARAWAK,KUCHING,MEDAN NIAGA SATOK,Runcit,26,Sayur-Sayuran,03,007,SAWI HIJAU,F.A.Q,Kilogram,12,12.666667,
31039485,2026-10-08,2026-10-08 08:24:25.31582,SARAWAK,KUCHING,MEDAN NIAGA SATOK,Runcit,26,Sayur-Sayuran,02,010,TERUNG PANJANG / PEPARU (TANAH RENDAH),F.A.Q,Kilogram,8,9.5,
31039486,2026-10-08,2026-10-08 08:24:25.31582,SARAWAK,KUCHING,MEDAN NIAGA SATOK,Runcit,26,Sayur-Sayuran,02,011,TIMUN HIJAU,F.A.Q,Kilogram,9,8.625,
31039487,2026-10-08,2026-10-08 08:24:25.31582,SARAWAK,KUCHING,MEDAN NIAGA SATOK,Runcit,26,Sayur-Sayuran,02,012,TOMATO (TANAH TINGGI),F.A.Q,Kilogram,12,11.363636,
31039488,2026-10-08,2026-10-08 08:24:25.31582,SARAWAK,KUCHING,MEDAN NIAGA SATOK,Runcit,26,Sayur-Sayuran,02,012,TOMATO IMPORT,F.A.Q,Kilogram,10,10,
31039489,2026-10-08,2026-10-08 08:24:25.31582,SARAWAK,KUCHING,MEDAN NIAGA SATOK,Runcit,26,Sayur-Sayuran,05,009,UBI KENTANG HOLLAND,F.A.Q,Kilogram,3,3,
31039490,2026-10-08,2026-10-08 08:24:34.399603,KEDAH,KUBANG PASU,PASAR AWAM PJ2 JITRA (MDKP),Runcit,26,Sayur-Sayuran,05,001,BAWANG BESAR KUNING / HOLLAND,F.A.Q,Kilogram,6,5,
31039491,2026-10-08,2026-10-08 08:24:34.399603,KEDAH,KUBANG PASU,PASAR AWAM PJ2 JITRA (MDKP),Runcit,26,Sayur-Sayuran,05,001,BAWANG BESAR MERAH (IMPORT),F.A.Q,Kilogram,7,4.8333335,
31039492,2026-10-08,2026-10-08 08:24:34.399603,KEDAH,KUBANG PASU,PASAR AWAM PJ2 JITRA (MDKP),Runcit,26,Sayur-Sayuran,05,001,BAWANG PUTIH (CHINA),F.A.Q,Kilogram,9,9,
31039493,2026-10-08,2026-10-08 08:24:34.399603,KEDAH,KUBANG PASU,PASAR AWAM PJ2 JITRA (MDKP),Runcit,26,Sayur-Sayuran,03,001,BAYAM,F.A.Q,Kilogram,6,6,
31039494,2026-10-08,2026-10-08 08:24:34.399603,KEDAH,KUBANG PASU,PASAR AWAM PJ2 JITRA (MDKP),Runcit,26,Sayur-Sayuran,02,002,CILI HIJAU,F.A.Q,Kilogram,13,13.333333,
31039495,2026-10-08,2026-10-08 08:24:34.399603,KEDAH,KUBANG PASU,PASAR AWAM PJ2 JITRA (MDKP),Runcit,26,Sayur-Sayuran,02,002,CILI MERAH KULAI / KULAI HIBRID,F.A.Q,Kilogram,18,18,
31039496,2026-10-08,2026-10-08 08:24:34.399603,KEDAH,KUBANG PASU,PASAR AWAM PJ2 JITRA (MDKP),Runcit,26,Sayur-Sayuran,02,002,CILI MERAH MINYAK,F.A.Q,Kilogram,17,15.666667,
31039497,2026-10-08,2026-10-08 08:24:34.399603,KEDAH,KUBANG PASU,PASAR AWAM PJ2 JITRA (MDKP),Runcit,26,Sayur-Sayuran,03,009,DAUN BAWANG,F.A.Q,Kilogram,15,8,
31039498,2026-10-08,2026-10-08 08:24:34.399603,KEDAH,KUBANG PASU,PASAR AWAM PJ2 JITRA (MDKP),Runcit,26,Sayur-Sayuran,03,015,DAUN SUP (TANAH TINGGI),F.A.Q,Kilogram,10,15,
31039499,2026-10-08,2026-10-08 08:24:34.399603,KEDAH,KUBANG PASU,PASAR AWAM PJ2 JITRA (MDKP),Runcit,26,Sayur-Sayuran,04,002,KACANG BENDI,F.A.Q,Kilogram,8,8,
31039500,2026-10-08,2026-10-08 08:24:34.399603,KEDAH,KUBANG PASU,PASAR AWAM PJ2 JITRA (MDKP),Runcit,26,Sayur-Sayuran,04,003,KACANG BUNCIS,F.A.Q,Kilogram,18,11.333333,
31039501,2026-10-08,2026-10-08 08:24:34.399603,KEDAH,KUBANG PASU,PASAR AWAM PJ2 JITRA (MDKP),Runcit,26,Sayur-Sayuran,04,007,KACANG PANJANG HIJAU,F.A.Q,Kilogram,8,8,
31039502,2026-10-08,2026-10-08 08:24:34.399603,KEDAH,KUBANG PASU,PASAR AWAM PJ2 JITRA (MDKP),Runcit,26,Sayur-Sayuran,03,019,KANGKUNG,F.A.Q,Kilogram,6,6,
31039503,2026-10-08,2026-10-08 08:24:34.399603,KEDAH,KUBANG PASU,PASAR AWAM PJ2 JITRA (MDKP),Runcit,26,Sayur-Sayuran,03,006,KUBIS BULAT (INDONESIA),F.A.Q,Kilogram,5,4,
31039504,2026-10-08,2026-10-08 08:24:34.399603,KEDAH,KUBANG PASU,PASAR AWAM PJ2 JITRA (MDKP),Runcit,26,Sayur-Sayuran,03,007,SAWI HIJAU TANAH TINGGI,F.A.Q,Kilogram,10,6.3333335,
31039505,2026-10-08,2026-10-08 08:24:34.399603,KEDAH,KUBANG PASU,PASAR AWAM PJ2 JITRA (MDKP),Runcit,26,Sayur-Sayuran,02,010,TERUNG PANJANG / PEPARU (TANAH RENDAH),F.A.Q,Kilogram,10,10,
31039506,2026-10-08,2026-10-08 08:24:34.399603,KEDAH,KUBANG PASU,PASAR AWAM PJ2 JITRA (MDKP),Runcit,26,Sayur-Sayuran,02,011,TIMUN HIJAU,F.A.Q,Kilogram,4,4,
31039507,2026-10-08,2026-10-08 08:24:34.399603,KEDAH,KUBANG PASU,PASAR AWAM PJ2 JITRA (MDKP),Runcit,26,Sayur-Sayuran,02,012,TOMATO (TANAH TINGGI),F.A.Q,Kilogram,8,8.333333,
31039508,2026-10-08,2026-10-08 08:24:34.399603,KEDAH,KUBANG PASU,PASAR AWAM PJ2 JITRA (MDKP),Runcit,26,Sayur-Sayuran,05,009,UBI KENTANG HOLLAND,F.A.Q,Kilogram,4,4,
31039509,2026-10-08,2026-10-08 08:25:19.218563,SELANGOR,KLANG,[LOKASI KUTIPAN HARGA LADANG] JOHAN SETIA,Ladang,,Sayur-Sayuran,03,001,BAYAM,F.A.Q,Kilogram,2,2.64,
31039510,2026-10-08,2026-10-08 08:25:19.273144,SELANGOR,KLANG,[LOKASI KUTIPAN HARGA LADANG] JOHAN SETIA,Ladang,,Sayur-Sayuran,04,002,KACANG BENDI,F.A.Q,Kilogram,3,5.34,
31039511,2026-10-08,2026-10-08 08:25:19.32539,SELANGOR,KLANG,[LOKASI KUTIPAN HARGA LADANG] JOHAN SETIA,Ladang,,Sayur-Sayuran,04,007,KACANG PANJANG HIJAU,F.A.Q,Kilogram,3,4.02,
31039512,2026-10-08,2026-10-08 08:25:19.37591,SELANGOR,KLANG,[LOKASI KUTIPAN HARGA LADANG] JOHAN SETIA,Ladang,,Sayur-Sayuran,03,019,KANGKUNG,F.A.Q,Kilogram,2,2.32,
31039513,2026-10-08,2026-10-08 08:25:19.429748,SELANGOR,KLANG,[LOKASI KUTIPAN HARGA LADANG] JOHAN SETIA,Ladang,,Sayur-Sayuran,03,007,SAWI HIJAU,F.A.Q,Kilogram,3,3.39,
31039514,2026-10-08,2026-10-08 08:25:19.483781,SELANGOR,KLANG,[LOKASI KUTIPAN HARGA LADANG] JOHAN SETIA,Ladang,,Sayur-Sayuran,02,011,TIMUN HIJAU,F.A.Q,Kilogram,2,1.67,
31039515,2026-10-08,2026-10-08 08:26:33.45168,SELANGOR,KLANG,[LOKASI KUTIPAN HARGA LADANG] JOHAN SETIA,Ladang,,Sayur-Sayuran,03,001,BAYAM,F.A.Q,Kilogram,2,2.64,
31039516,2026-10-08,2026-10-08 08:26:33.509782,SELANGOR,KLANG,[LOKASI KUTIPAN HARGA LADANG] JOHAN SETIA,Ladang,,Sayur-Sayuran,04,002,KACANG BENDI,F.A.Q,Kilogram,4,5.34,
31039517,2026-10-08,2026-10-08 08:26:33.560092,SELANGOR,KLANG,[LOKASI KUTIPAN HARGA LADANG] JOHAN SETIA,Ladang,,Sayur-Sayuran,04,007,KACANG PANJANG HIJAU,F.A.Q,Kilogram,4,4.02,
31039518,2026-10-08,2026-10-08 08:26:33.619972,SELANGOR,KLANG,[LOKASI KUTIPAN HARGA LADANG] JOHAN SETIA,Ladang,,Sayur-Sayuran,03,019,KANGKUNG,F.A.Q,Kilogram,2,2.32,
31039519,2026-10-08,2026-10-08 08:26:33.672594,SELANGOR,KLANG,[LOKASI KUTIPAN HARGA LADANG] JOHAN SETIA,Ladang,,Sayur-Sayuran,03,007,SAWI HIJAU,F.A.Q,Kilogram,3,3.39,
31039520,2026-10-08,2026-10-08 08:26:33.729778,SELANGOR,KLANG,[LOKASI KUTIPAN HARGA LADANG] JOHAN SETIA,Ladang,,Sayur-Sayuran,02,011,TIMUN HIJAU,F.A.Q,Kilogram,2,1.67,
31039521,2026-10-08,2026-10-08 08:27:10.249961,SELANGOR,KLANG,"[LOKASI KUTIPAN HARGA LADANG] KLANG, JALAN NENAS",Ladang,,Sayur-Sayuran,02,002,CILI MERAH KULAI / KULAI HIBRID,F.A.Q,Kilogram,10,10.44,
31039522,2026-10-08,2026-10-08 08:27:16.01944,KEDAH,LANGKAWI,PASAR AWAM KUAH - BAHAGIAN RUNCIT,Runcit,,Ternakan,03,002,AYAM PROSES STANDARD,F.A.Q,Kilogram,9.9,9.99,
31039523,2026-10-08,2026-10-08 08:27:40.301402,SARAWAK,KUCHING,MEDAN NIAGA SATOK,Runcit,26,Buah-Buahan,02,028,PISANG BERANGAN,F.A.Q,Kilogram,8,8,
31039524,2026-10-08,2026-10-08 08:27:40.301402,SARAWAK,KUCHING,MEDAN NIAGA SATOK,Runcit,26,Buah-Buahan,02,028,PISANG MAS,F.A.Q,Kilogram,5,4.5,
31039525,2026-10-08,2026-10-08 08:27:40.301402,SARAWAK,KUCHING,MEDAN NIAGA SATOK,Runcit,26,Buah-Buahan,02,034,TEMBIKAI MERAH TANPA BIJI,F.A.Q,Kilogram,4.8,4.8166666,
31039526,2026-10-08,2026-10-08 08:27:46.065031,SELANGOR,KLANG,PASAR BESAR KLANG - BAHAGIAN BORONG,Borong,,Ternakan,03,002,AYAM PROSES STANDARD,F.A.Q,Kilogram,8.5,8.75,
31039527,2026-10-08,2026-10-08 08:27:52.823554,KEDAH,LANGKAWI,PASAR AWAM KUAH - BAHAGIAN RUNCIT,Runcit,,Ternakan,11,001,TELUR AYAM,A,Biji,0.56,0.47,
31039528,2026-10-08,2026-10-08 08:27:52.96849,KEDAH,LANGKAWI,PASAR AWAM KUAH - BAHAGIAN RUNCIT,Runcit,,Ternakan,11,001,TELUR AYAM,B,Biji,0.54,0.45,
31039529,2026-10-08,2026-10-08 08:27:53.058193,KEDAH,LANGKAWI,PASAR AWAM KUAH - BAHAGIAN RUNCIT,Runcit,,Ternakan,11,001,TELUR AYAM,C,Biji,0.53,0.43,
31039530,2026-10-08,2026-10-08 08:28:06.587341,KEDAH,LANGKAWI,[LOKASI KUTIPAN HARGA LADANG] ULU MELAKA,Ladang,,Buah-Buahan,02,028,PISANG BERANGAN,F.A.Q,Kilogram,4,2.48,
31039531,2026-10-08,2026-10-08 08:28:19.523236,SARAWAK,KUCHING,MEDAN NIAGA SATOK,Runcit,26,Buah-Buahan,02,005,BETIK SEKAKI,F.A.Q,Kilogram,5,5,
31039532,2026-10-08,2026-10-08 08:28:35.070684,SELANGOR,KLANG,PASAR BESAR KLANG - BAHAGIAN BORONG,Borong,,Ternakan,03,002,AYAM PROSES STANDARD,F.A.Q,Kilogram,8.3,8.75,
31039533,2026-10-08,2026-10-08 08:28:59.178024,SABAH,TAWAU,GERAI BUAH BERMUSIM SEGAR SABINDO,Runcit,41,Buah-Buahan,02,005,BETIK SEKAKI,F.A.Q,Kilogram,5,5.5,
31039534,2026-10-08,2026-10-08 08:28:59.178024,SABAH,TAWAU,GERAI BUAH BERMUSIM SEGAR SABINDO,Runcit,41,Buah-Buahan,02,023,NANAS JOSAPINE (AC5),F.A.Q,Kilogram,5,5,
31039535,2026-10-08,2026-10-08 08:28:59.178024,SABAH,TAWAU,GERAI BUAH BERMUSIM SEGAR SABINDO,Runcit,41,Buah-Buahan,02,028,PISANG BERANGAN,F.A.Q,Kilogram,6,6,
31039536,2026-10-08,2026-10-08 08:28:59.178024,SABAH,TAWAU,GERAI BUAH BERMUSIM SEGAR SABINDO,Runcit,41,Buah-Buahan,02,028,PISANG MAS,F.A.Q,Kilogram,5,5,
31039537,2026-10-08,2026-10-08 08:28:59.178024,SABAH,TAWAU,GERAI BUAH BERMUSIM SEGAR SABINDO,Runcit,41,Buah-Buahan,02,034,TEMBIKAI MERAH TANPA BIJI,F.A.Q,Kilogram,5,5,
31039538,2026-10-08,2026-10-08 08:29:04.190976,KEDAH,LANGKAWI,[LOKASI KUTIPAN HARGA LADANG] ULU MELAKA,Ladang,,Sayur-Sayuran,03,001,BAYAM,F.A.Q,Kilogram,2.5,2.64,
31039539,2026-10-08,2026-10-08 08:29:04.313048,KEDAH,LANGKAWI,[LOKASI KUTIPAN HARGA LADANG] ULU MELAKA,Ladang,,Sayur-Sayuran,03,019,KANGKUNG,F.A.Q,Kilogram,2.5,2.32,
31039540,2026-10-08,2026-10-08 08:29:04.627134,KEDAH,LANGKAWI,[LOKASI KUTIPAN HARGA LADANG] ULU MELAKA,Ladang,,Sayur-Sayuran,02,011,TIMUN HIJAU,F.A.Q,Kilogram,2.5,1.67,
31039541,2026-10-08,2026-10-08 08:29:10.589919,SARAWAK,KUCHING,MEDAN NIAGA SATOK,Runcit,26,Tanaman Kontan,05,001,KELAPA DIKUPAS,SEDANG,Biji,2,2,
31039542,2026-10-08,2026-10-08 08:29:10.589919,SARAWAK,KUCHING,MEDAN NIAGA SATOK,Runcit,26,Lain-Lain Makanan Proses,15,001,SANTAN PEKAT,F.A.Q,Kilogram,12,12,
31039543,2026-10-08,2026-10-08 08:29:55.720632,SELANGOR,KLANG,PASAR BESAR KLANG - BAHAGIAN BORONG,Borong,,Sayur-Sayuran,05,001,BAWANG BESAR KUNING / HOLLAND,F.A.Q,Kilogram,2.8,3.5,
31039544,2026-10-08,2026-10-08 08:29:55.774247,SELANGOR,KLANG,PASAR BESAR KLANG - BAHAGIAN BORONG,Borong,,Sayur-Sayuran,05,001,BAWANG BESAR MERAH (INDIA),F.A.Q,Kilogram,3,2.73,
31039545,2026-10-08,2026-10-08 08:29:55.828409,SELANGOR,KLANG,PASAR BESAR KLANG - BAHAGIAN BORONG,Borong,,Sayur-Sayuran,05,001,BAWANG MERAH / KECIL (INDIA),F.A.Q,Kilogram,3,4.61,
31039546,2026-10-08,2026-10-08 08:29:55.879358,SELANGOR,KLANG,PASAR BESAR KLANG - BAHAGIAN BORONG,Borong,,Sayur-Sayuran,05,001,BAWANG MERAH / KECIL (THAI),F.A.Q,Kilogram,9.5,9.62,
31039547,2026-10-08,2026-10-08 08:29:55.931764,SELANGOR,KLANG,PASAR BESAR KLANG - BAHAGIAN BORONG,Borong,,Sayur-Sayuran,05,001,BAWANG MERAH ROSE,F.A.Q,Kilogram,2.6,9.14,
31039548,2026-10-08,2026-10-08 08:29:55.984011,SELANGOR,KLANG,PASAR BESAR KLANG - BAHAGIAN BORONG,Borong,,Sayur-Sayuran,05,001,BAWANG PUTIH (CHINA),F.A.Q,Kilogram,8,5.98,
31039549,2026-10-08,2026-10-08 08:29:56.034902,SELANGOR,KLANG,PASAR BESAR KLANG - BAHAGIAN BORONG,Borong,,Sayur-Sayuran,05,009,UBI KENTANG HOLLAND,F.A.Q,Kilogram,2.5,2.62,
31039550,2026-10-08,2026-10-08 08:31:08.374701,PAHANG,KUANTAN,PASAR BESAR KUANTAN,Runcit,26,Ternakan,11,001,TELUR AYAM,A,Biji,0.52,0.52,
31039551,2026-10-08,2026-10-08 08:31:08.374701,PAHANG,KUANTAN,PASAR BESAR KUANTAN,Runcit,26,Ternakan,11,001,TELUR AYAM,B,Biji,0.51,0.51,
31039552,2026-10-08,2026-10-08 08:31:08.374701,PAHANG,KUANTAN,PASAR BESAR KUANTAN,Runcit,26,Ternakan,11,001,TELUR AYAM,C,Biji,0.48,0.48,
31039553,2026-10-08,2026-10-08 08:31:15.860959,SARAWAK,KUCHING,MEDAN NIAGA SATOK,Runcit,26,Ternakan,03,002,AYAM PROSES STANDARD,F.A.Q,Kilogram,12,12,
31039554,2026-10-08,2026-10-08 08:31:15.860959,SARAWAK,KUCHING,MEDAN NIAGA SATOK,Runcit,26,Ternakan,02,003,DAGING LEMBU PEJAL,F.A.Q,Kilogram,70,70,
31039555,2026-10-08,2026-10-08 08:31:15.860959,SARAWAK,KUCHING,MEDAN NIAGA SATOK,Runcit,26,Ternakan,11,001,TELUR AYAM,A,Biji,0.58,0.58,
31039556,2026-10-08,2026-10-08 08:31:15.860959,SARAWAK,KUCHING,MEDAN NIAGA SATOK,Runcit,26,Ternakan,11,001,TELUR AYAM,B,Biji,0.55,0.55,
31039557,2026-10-08,2026-10-08 08:31:15.860959,SARAWAK,KUCHING,MEDAN NIAGA SATOK,Runcit,26,Ternakan,11,001,TELUR AYAM,C,Biji,0.52,0.52,
31039558,2026-10-08,2026-10-08 08:31:37.584365,PAHANG,KUANTAN,PASAR BESAR KUANTAN,Runcit,26,Lain-Lain Makanan Proses,15,001,SANTAN PEKAT,F.A.Q,Kilogram,24,24,
31039559,2026-10-08,2026-10-08 08:31:55.857236,PAHANG,KUANTAN,PASAR BESAR KUANTAN,Runcit,26,Ternakan,02,003,DAGING LEMBU PEJAL,F.A.Q,Kilogram,38,38,
31039560,2026-10-08,2026-10-08 08:31:55.857236,PAHANG,KUANTAN,PASAR BESAR KUANTAN,Runcit,26,Ternakan,02,003,DAGING LEMBU PEJAL,F.A.Q,Kilogram,38,38,
31039561,2026-10-08,2026-10-08 08:31:55.857236,PAHANG,KUANTAN,PASAR BESAR KUANTAN,Runcit,26,Ternakan,02,003,DAGING LEMBU PEJAL,F.A.Q,Kilogram,38,38,
31039562,2026-10-08,2026-10-08 08:32:03.598817,JOHOR,BATU PAHAT,PASAR AWAM BATU PAHAT,Runcit,26,Ternakan,03,002,AYAM PROSES STANDARD,F.A.Q,Kilogram,9.6,9.8,
31039563,2026-10-08,2026-10-08 08:32:17.875441,PAHANG,KUANTAN,PASAR BESAR KUANTAN,Runcit,26,Tanaman Kontan,05,001,KELAPA DIKUPAS,SEDANG,Biji,2.9,2.8909092,
31039564,2026-10-08,2026-10-08 08:32:17.875441,PAHANG,KUANTAN,PASAR BESAR KUANTAN,Runcit,26,Tanaman Kontan,05,001,KELAPA DIKUPAS,SEDANG,Biji,2.9,2.8909092,
31039565,2026-10-08,2026-10-08 08:32:28.166375,JOHOR,BATU PAHAT,PASAR AWAM BATU PAHAT,Runcit,26,Ternakan,03,002,AYAM PROSES STANDARD,F.A.Q,Kilogram,9.6,9.8,
31039566,2026-10-08,2026-10-08 08:32:44.652786,SELANGOR,KLANG,PASAR BESAR KLANG - BAHAGIAN BORONG,Borong,,Buah-Buahan,02,005,BETIK SEKAKI,F.A.Q,Kilogram,4,3.33,
31039567,2026-10-08,2026-10-08 08:32:44.706377,SELANGOR,KLANG,PASAR BESAR KLANG - BAHAGIAN BORONG,Borong,,Buah-Buahan,02,023,NANAS JOSAPINE (AC5),F.A.Q,Kilogram,3,3.5,
31039568,2026-10-08,2026-10-08 08:32:44.756367,SELANGOR,KLANG,PASAR BESAR KLANG - BAHAGIAN BORONG,Borong,,Buah-Buahan,02,028,PISANG BERANGAN,F.A.Q,Kilogram,3,3.93,
31039569,2026-10-08,2026-10-08 08:32:44.806188,SELANGOR,KLANG,PASAR BESAR KLANG - BAHAGIAN BORONG,Borong,,Buah-Buahan,02,028,PISANG MAS,F.A.Q,Kilogram,3,3.81,
31039570,2026-10-08,2026-10-08 08:32:44.855009,SELANGOR,KLANG,PASAR BESAR KLANG - BAHAGIAN BORONG,Borong,,Buah-Buahan,02,034,TEMBIKAI MERAH TANPA BIJI,F.A.Q,Kilogram,2.5,3.55,
31039571,2026-10-08,2026-10-08 08:33:02.151217,PAHANG,KUANTAN,PASAR BESAR KUANTAN,Runcit,26,Buah-Buahan,02,005,BETIK SEKAKI,F.A.Q,Kilogram,5,5,
31039572,2026-10-08,2026-10-08 08:33:02.151217,PAHANG,KUANTAN,PASAR BESAR KUANTAN,Runcit,26,Buah-Buahan,02,005,BETIK SEKAKI,F.A.Q,Kilogram,5,5,
31039573,2026-10-08,2026-10-08 08:33:02.151217,PAHANG,KUANTAN,PASAR BESAR KUANTAN,Runcit,26,Buah-Buahan,02,023,NANAS JOSAPINE (AC5),F.A.Q,Kilogram,6,6,
31039574,2026-10-08,2026-10-08 08:33:02.151217,PAHANG,KUANTAN,PASAR BESAR KUANTAN,Runcit,26,Buah-Buahan,02,023,NANAS JOSAPINE (AC5),F.A.Q,Kilogram,6,6,
31039575,2026-10-08,2026-10-08 08:33:02.151217,PAHANG,KUANTAN,PASAR BESAR KUANTAN,Runcit,26,Buah-Buahan,02,028,PISANG BERANGAN,F.A.Q,Kilogram,5.2,5.2727275,
31039576,2026-10-08,2026-10-08 08:33:02.151217,PAHANG,KUANTAN,PASAR BESAR KUANTAN,Runcit,26,Buah-Buahan,02,028,PISANG BERANGAN,F.A.Q,Kilogram,5.2,5.2727275,
31039577,2026-10-08,2026-10-08 08:33:02.151217,PAHANG,KUANTAN,PASAR BESAR KUANTAN,Runcit,26,Buah-Buahan,02,028,PISANG MAS,F.A.Q,Kilogram,5.3,5.4333334,
31039578,2026-10-08,2026-10-08 08:33:02.151217,PAHANG,KUANTAN,PASAR BESAR KUANTAN,Runcit,26,Buah-Buahan,02,028,PISANG MAS,F.A.Q,Kilogram,5.3,5.4333334,
31039579,2026-10-08,2026-10-08 08:33:02.151217,PAHANG,KUANTAN,PASAR BESAR KUANTAN,Runcit,26,Buah-Buahan,02,034,TEMBIKAI MERAH TANPA BIJI,F.A.Q,Kilogram,2.7,2.9272728,
31039580,2026-10-08,2026-10-08 08:33:02.151217,PAHANG,KUANTAN,PASAR BESAR KUANTAN,Runcit,26,Buah-Buahan,02,034,TEMBIKAI MERAH TANPA BIJI,F.A.Q,Kilogram,2.7,2.9272728,
31039581,2026-10-08,2026-10-08 08:33:11.160685,JOHOR,BATU PAHAT,PASAR AWAM BATU PAHAT,Runcit,26,Ternakan,11,001,TELUR AYAM,A,Biji,0.52,0.51666665,
31039582,2026-10-08,2026-10-08 08:33:11.160685,JOHOR,BATU PAHAT,PASAR AWAM BATU PAHAT,Runcit,26,Ternakan,11,001,TELUR AYAM,B,Biji,0.5,0.5,
31039583,2026-10-08,2026-10-08 08:33:11.160685,JOHOR,BATU PAHAT,PASAR AWAM BATU PAHAT,Runcit,26,Ternakan,11,001,TELUR AYAM,C,Biji,0.48,0.48,
31039584,2026-10-08,2026-10-08 08:33:30.486919,PAHANG,KUANTAN,PASAR BESAR KUANTAN,Runcit,26,Ternakan,03,002,AYAM PROSES STANDARD,F.A.Q,Kilogram,11.7,11.7,
31039585,2026-10-08,2026-10-08 08:33:30.486919,PAHANG,KUANTAN,PASAR BESAR KUANTAN,Runcit,26,Ternakan,03,002,AYAM PROSES STANDARD,F.A.Q,Kilogram,11.7,11.7,
31039586,2026-10-08,2026-10-08 08:33:30.486919,PAHANG,KUANTAN,PASAR BESAR KUANTAN,Runcit,26,Ternakan,03,002,AYAM PROSES STANDARD,F.A.Q,Kilogram,11.7,11.7,
31039587,2026-10-08,2026-10-08 08:34:19.230403,PAHANG,ROMPIN,PASAR AWAM ROMPIN,Runcit,26,Ternakan,03,002,AYAM PROSES STANDARD,F.A.Q,Kilogram,12.5,12.5,
31039588,2026-10-08,2026-10-08 08:34:19.230403,PAHANG,ROMPIN,PASAR AWAM ROMPIN,Runcit,26,Ternakan,11,001,TELUR AYAM,B,Biji,0.55,0.55,
31039589,2026-10-08,2026-10-08 08:34:26.712814,PERLIS,PERLIS,PASAR BORONG KAMPUNG BAKAU,Borong,20,Buah-Buahan,02,005,BETIK SEKAKI,F.A.Q,Kilogram,3.5,3.511111,
31039590,2026-10-08,2026-10-08 08:34:26.712814,PERLIS,PERLIS,PASAR BORONG KAMPUNG BAKAU,Borong,20,Buah-Buahan,02,005,BETIK SEKAKI,F.A.Q,Kilogram,3.5,3.511111,
31039591,2026-10-08,2026-10-08 08:34:26.712814,PERLIS,PERLIS,PASAR BORONG KAMPUNG BAKAU,Borong,20,Buah-Buahan,02,005,BETIK SEKAKI,F.A.Q,Kilogram,3.5,3.511111,
31039592,2026-10-08,2026-10-08 08:34:26.712814,PERLIS,PERLIS,PASAR BORONG KAMPUNG BAKAU,Borong,20,Buah-Buahan,02,028,PISANG BERANGAN,F.A.Q,Kilogram,4,4.025,
31039593,2026-10-08,2026-10-08 08:34:26.712814,PERLIS,PERLIS,PASAR BORONG KAMPUNG BAKAU,Borong,20,Buah-Buahan,02,028,PISANG BERANGAN,F.A.Q,Kilogram,4,4.025,
31039594,2026-10-08,2026-10-08 08:34:26.712814,PERLIS,PERLIS,PASAR BORONG KAMPUNG BAKAU,Borong,20,Buah-Buahan,02,028,PISANG BERANGAN,F.A.Q,Kilogram,4,4.025,
31039595,2026-10-08,2026-10-08 08:34:26.712814,PERLIS,PERLIS,PASAR BORONG KAMPUNG BAKAU,Borong,20,Buah-Buahan,02,028,PISANG MAS,F.A.Q,Kilogram,4,4,
31039596,2026-10-08,2026-10-08 08:34:26.712814,PERLIS,PERLIS,PASAR BORONG KAMPUNG BAKAU,Borong,20,Buah-Buahan,02,028,PISANG MAS,F.A.Q,Kilogram,4,4,
31039597,2026-10-08,2026-10-08 08:34:26.712814,PERLIS,PERLIS,PASAR BORONG KAMPUNG BAKAU,Borong,20,Buah-Buahan,02,028,PISANG MAS,F.A.Q,Kilogram,4,4,
31039598,2026-10-08,2026-10-08 08:34:26.712814,PERLIS,PERLIS,PASAR BORONG KAMPUNG BAKAU,Borong,20,Buah-Buahan,02,034,TEMBIKAI MERAH TANPA BIJI,F.A.Q,Kilogram,3,2.5833333,
31039599,2026-10-08,2026-10-08 08:34:26.712814,PERLIS,PERLIS,PASAR BORONG KAMPUNG BAKAU,Borong,20,Buah-Buahan,02,034,TEMBIKAI MERAH TANPA BIJI,F.A.Q,Kilogram,3,2.5833333,
31039600,2026-10-08,2026-10-08 08:34:26.712814,PERLIS,PERLIS,PASAR BORONG KAMPUNG BAKAU,Borong,20,Buah-Buahan,02,034,TEMBIKAI MERAH TANPA BIJI,F.A.Q,Kilogram,3,2.5833333,
31039601,2026-10-08,2026-10-08 08:34:28.144348,KEDAH,LANGKAWI,,Borong,,Sayur-Sayuran,05,001,BAWANG BESAR KUNING / HOLLAND,F.A.Q,Kilogram,3.5,3.5,
31039602,2026-10-08,2026-10-08 08:34:28.261179,KEDAH,LANGKAWI,,Borong,,Sayur-Sayuran,05,001,BAWANG BESAR MERAH (INDIA),F.A.Q,Kilogram,3.5,2.73,
31039603,2026-10-08,2026-10-08 08:34:28.788398,KEDAH,LANGKAWI,,Borong,,Sayur-Sayuran,05,001,BAWANG MERAH / KECIL (INDIA),F.A.Q,Kilogram,6,4.61,
31039604,2026-10-08,2026-10-08 08:34:28.884269,KEDAH,LANGKAWI,,Borong,,Sayur-Sayuran,05,001,BAWANG MERAH ROSE,F.A.Q,Kilogram,7,9.14,
31039605,2026-10-08,2026-10-08 08:34:28.95963,KEDAH,LANGKAWI,,Borong,,Sayur-Sayuran,05,001,BAWANG PUTIH (CHINA),F.A.Q,Kilogram,9,5.98,
31039606,2026-10-08,2026-10-08 08:34:29.081959,KEDAH,LANGKAWI,,Borong,,Sayur-Sayuran,03,001,BAYAM,F.A.Q,Kilogram,3,4.11,
31039607,2026-10-08,2026-10-08 08:34:29.211987,KEDAH,LANGKAWI,,Borong,,Sayur-Sayuran,02,002,CILI HIJAU (IMPORT),F.A.Q,Kilogram,14,8.13,
31039608,2026-10-08,2026-10-08 08:34:29.327687,KEDAH,LANGKAWI,,Borong,,Sayur-Sayuran,02,002,CILI MERAH KULAI / KULAI HIBRID,F.A.Q,Kilogram,16,13.69,
31039609,2026-10-08,2026-10-08 08:34:29.404577,KEDAH,LANGKAWI,,Borong,,Sayur-Sayuran,02,002,CILI MERAH MINYAK,F.A.Q,Kilogram,14,11.76,
31039610,2026-10-08,2026-10-08 08:34:29.474218,KEDAH,LANGKAWI,,Borong,,Sayur-Sayuran,04,002,KACANG BENDI,F.A.Q,Kilogram,6,8.23,
31039611,2026-10-08,2026-10-08 08:34:29.576596,KEDAH,LANGKAWI,,Borong,,Sayur-Sayuran,04,007,KACANG PANJANG HIJAU,F.A.Q,Kilogram,3,5.88,
31039612,2026-10-08,2026-10-08 08:34:29.656764,KEDAH,LANGKAWI,,Borong,,Sayur-Sayuran,03,019,KANGKUNG,F.A.Q,Kilogram,3,3.5,
31039613,2026-10-08,2026-10-08 08:34:29.740182,KEDAH,LANGKAWI,,Borong,,Sayur-Sayuran,03,006,KUBIS BULAT (CHINA),F.A.Q,Kilogram,3,2.09,
31039614,2026-10-08,2026-10-08 08:34:29.822805,KEDAH,LANGKAWI,,Borong,,Sayur-Sayuran,03,007,SAWI HIJAU (IMPORT),F.A.Q,Kilogram,8,2,
31039615,2026-10-08,2026-10-08 08:34:29.909055,KEDAH,LANGKAWI,,Borong,,Sayur-Sayuran,02,011,TIMUN HIJAU,F.A.Q,Kilogram,3,2.57,
31039616,2026-10-08,2026-10-08 08:34:29.96896,KEDAH,LANGKAWI,,Borong,,Sayur-Sayuran,02,012,TOMATO (TANAH TINGGI),F.A.Q,Kilogram,5,7,
31039617,2026-10-08,2026-10-08 08:35:35.914528,PERLIS,PERLIS,PASAR AWAM SENA,Runcit,26,Buah-Buahan,02,005,BETIK SEKAKI,F.A.Q,Kilogram,5,5.25,
31039618,2026-10-08,2026-10-08 08:35:35.914528,PERLIS,PERLIS,PASAR AWAM SENA,Runcit,26,Buah-Buahan,02,005,BETIK SEKAKI,F.A.Q,Kilogram,5,5.25,
31039619,2026-10-08,2026-10-08 08:35:35.914528,PERLIS,PERLIS,PASAR AWAM SENA,Runcit,26,Buah-Buahan,02,005,BETIK SEKAKI,F.A.Q,Kilogram,5,5.25,
31039620,2026-10-08,2026-10-08 08:35:35.914528,PERLIS,PERLIS,PASAR AWAM SENA,Runcit,26,Buah-Buahan,02,028,PISANG BERANGAN,F.A.Q,Kilogram,6,6.2916665,
31039621,2026-10-08,2026-10-08 08:35:35.914528,PERLIS,PERLIS,PASAR AWAM SENA,Runcit,26,Buah-Buahan,02,028,PISANG BERANGAN,F.A.Q,Kilogram,6,6.2916665,
31039622,2026-10-08,2026-10-08 08:35:35.914528,PERLIS,PERLIS,PASAR AWAM SENA,Runcit,26,Buah-Buahan,02,028,PISANG BERANGAN,F.A.Q,Kilogram,6,6.2916665,
31039623,2026-10-08,2026-10-08 08:35:35.914528,PERLIS,PERLIS,PASAR AWAM SENA,Runcit,26,Buah-Buahan,02,028,PISANG MAS,F.A.Q,Kilogram,6,6,
31039624,2026-10-08,2026-10-08 08:35:35.914528,PERLIS,PERLIS,PASAR AWAM SENA,Runcit,26,Buah-Buahan,02,028,PISANG MAS,F.A.Q,Kilogram,6,6,
31039625,2026-10-08,2026-10-08 08:35:35.914528,PERLIS,PERLIS,PASAR AWAM SENA,Runcit,26,Buah-Buahan,02,028,PISANG MAS,F.A.Q,Kilogram,6,6,
31039626,2026-10-08,2026-10-08 08:35:35.914528,PERLIS,PERLIS,PASAR AWAM SENA,Runcit,26,Buah-Buahan,02,034,TEMBIKAI MERAH TANPA BIJI,F.A.Q,Kilogram,4,3.9166667,
31039627,2026-10-08,2026-10-08 08:35:35.914528,PERLIS,PERLIS,PASAR AWAM SENA,Runcit,26,Buah-Buahan,02,034,TEMBIKAI MERAH TANPA BIJI,F.A.Q,Kilogram,4,3.9166667,
31039628,2026-10-08,2026-10-08 08:35:35.914528,PERLIS,PERLIS,PASAR AWAM SENA,Runcit,26,Buah-Buahan,02,034,TEMBIKAI MERAH TANPA BIJI,F.A.Q,Kilogram,4,3.9166667,
31039629,2026-10-08,2026-10-08 08:35:37.44036,PAHANG,KUANTAN,PASAR BESAR KUANTAN,Runcit,26,Sayur-Sayuran,05,001,BAWANG BESAR KUNING / HOLLAND,F.A.Q,Kilogram,3.5,3.5,
31039630,2026-10-08,2026-10-08 08:35:37.44036,PAHANG,KUANTAN,PASAR BESAR KUANTAN,Runcit,26,Sayur-Sayuran,05,001,BAWANG BESAR KUNING / HOLLAND,F.A.Q,Kilogram,3.5,3.5,
31039631,2026-10-08,2026-10-08 08:35:37.44036,PAHANG,KUANTAN,PASAR BESAR KUANTAN,Runcit,26,Sayur-Sayuran,05,001,BAWANG BESAR KUNING / HOLLAND,F.A.Q,Kilogram,3.5,3.5,
31039632,2026-10-08,2026-10-08 08:35:37.44036,PAHANG,KUANTAN,PASAR BESAR KUANTAN,Runcit,26,Sayur-Sayuran,05,001,BAWANG BESAR MERAH (INDIA),F.A.Q,Kilogram,3.5,3.5,
31039633,2026-10-08,2026-10-08 08:35:37.44036,PAHANG,KUANTAN,PASAR BESAR KUANTAN,Runcit,26,Sayur-Sayuran,05,001,BAWANG BESAR MERAH (INDIA),F.A.Q,Kilogram,3.5,3.5,
31039634,2026-10-08,2026-10-08 08:35:37.44036,PAHANG,KUANTAN,PASAR BESAR KUANTAN,Runcit,26,Sayur-Sayuran,05,001,BAWANG BESAR MERAH (INDIA),F.A.Q,Kilogram,3.5,3.5,
31039635,2026-10-08,2026-10-08 08:35:37.44036,PAHANG,KUANTAN,PASAR BESAR KUANTAN,Runcit,26,Sayur-Sayuran,05,001,BAWANG MERAH / KECIL (INDIA),F.A.Q,Kilogram,3.5,3.5,
31039636,2026-10-08,2026-10-08 08:35:37.44036,PAHANG,KUANTAN,PASAR BESAR KUANTAN,Runcit,26,Sayur-Sayuran,05,001,BAWANG MERAH / KECIL (INDIA),F.A.Q,Kilogram,3.5,3.5,
31039637,2026-10-08,2026-10-08 08:35:37.44036,PAHANG,KUANTAN,PASAR BESAR KUANTAN,Runcit,26,Sayur-Sayuran,05,001,BAWANG MERAH / KECIL (INDIA),F.A.Q,Kilogram,3.5,3.5,
31039638,2026-10-08,2026-10-08 08:35:37.44036,PAHANG,KUANTAN,PASAR BESAR KUANTAN,Runcit,26,Sayur-Sayuran,05,001,BAWANG MERAH ROSE,F.A.Q,Kilogram,8,6.5,
31039639,2026-10-08,2026-10-08 08:35:37.44036,PAHANG,KUANTAN,PASAR BESAR KUANTAN,Runcit,26,Sayur-Sayuran,05,001,BAWANG MERAH ROSE,F.A.Q,Kilogram,8,6.5,
31039640,2026-10-08,2026-10-08 08:35:37.44036,PAHANG,KUANTAN,PASAR BESAR KUANTAN,Runcit,26,Sayur-Sayuran,05,001,BAWANG MERAH ROSE,F.A.Q,Kilogram,8,6.5,
31039641,2026-10-08,2026-10-08 08:35:37.44036,PAHANG,KUANTAN,PASAR BESAR KUANTAN,Runcit,26,Sayur-Sayuran,05,001,BAWANG PUTIH (CHINA),F.A.Q,Kilogram,8,8,
31039642,2026-10-08,2026-10-08 08:35:37.44036,PAHANG,KUANTAN,PASAR BESAR KUANTAN,Runcit,26,Sayur-Sayuran,05,001,BAWANG PUTIH (CHINA),F.A.Q,Kilogram,8,8,
31039643,2026-10-08,2026-10-08 08:35:37.44036,PAHANG,KUANTAN,PASAR BESAR KUANTAN,Runcit,26,Sayur-Sayuran,05,001,BAWANG PUTIH (CHINA),F.A.Q,Kilogram,8,8,
31039644,2026-10-08,2026-10-08 08:35:37.44036,PAHANG,KUANTAN,PASAR BESAR KUANTAN,Runcit,26,Sayur-Sayuran,05,009,UBI KENTANG HOLLAND,F.A.Q,Kilogram,3,3,
31039645,2026-10-08,2026-10-08 08:35:37.44036,PAHANG,KUANTAN,PASAR BESAR KUANTAN,Runcit,26,Sayur-Sayuran,05,009,UBI KENTANG HOLLAND,F.A.Q,Kilogram,3,3,
31039646,2026-10-08,2026-10-08 08:35:37.44036,PAHANG,KUANTAN,PASAR BESAR KUANTAN,Runcit,26,Sayur-Sayuran,05,009,UBI KENTANG HOLLAND,F.A.Q,Kilogram,3,3,
31039647,2026-10-08,2026-10-08 08:35:44.782896,KEDAH,LANGKAWI,PASAR AWAM KUAH - BAHAGIAN RUNCIT,Runcit,,Sayur-Sayuran,05,001,BAWANG BESAR KUNING / HOLLAND,F.A.Q,Kilogram,6,5.07,
31039648,2026-10-08,2026-10-08 08:35:44.955769,KEDAH,LANGKAWI,PASAR AWAM KUAH - BAHAGIAN RUNCIT,Runcit,,Sayur-Sayuran,05,001,BAWANG BESAR MERAH (INDIA),F.A.Q,Kilogram,6,4.44,
31039649,2026-10-08,2026-10-08 08:35:45.032859,KEDAH,LANGKAWI,PASAR AWAM KUAH - BAHAGIAN RUNCIT,Runcit,,Sayur-Sayuran,05,001,BAWANG MERAH / KECIL (INDIA),F.A.Q,Kilogram,8,7.04,
31039650,2026-10-08,2026-10-08 08:35:45.094291,KEDAH,LANGKAWI,PASAR AWAM KUAH - BAHAGIAN RUNCIT,Runcit,,Sayur-Sayuran,05,001,BAWANG MERAH ROSE,F.A.Q,Kilogram,12,12.98,
31039651,2026-10-08,2026-10-08 08:35:45.141708,KEDAH,LANGKAWI,PASAR AWAM KUAH - BAHAGIAN RUNCIT,Runcit,,Sayur-Sayuran,05,001,BAWANG PUTIH (CHINA),F.A.Q,Kilogram,12,8.52,
31039652,2026-10-08,2026-10-08 08:35:45.21652,KEDAH,LANGKAWI,PASAR AWAM KUAH - BAHAGIAN RUNCIT,Runcit,,Sayur-Sayuran,03,001,BAYAM,F.A.Q,Kilogram,5.5,5.81,
31039653,2026-10-08,2026-10-08 08:35:45.459581,KEDAH,LANGKAWI,PASAR AWAM KUAH - BAHAGIAN RUNCIT,Runcit,,Sayur-Sayuran,02,002,CILI HIJAU,F.A.Q,Kilogram,18,13.18,
31039654,2026-10-08,2026-10-08 08:35:45.584059,KEDAH,LANGKAWI,PASAR AWAM KUAH - BAHAGIAN RUNCIT,Runcit,,Sayur-Sayuran,02,002,CILI MERAH KULAI / KULAI HIBRID,F.A.Q,Kilogram,20,16.31,
31039655,2026-10-08,2026-10-08 08:35:45.646502,KEDAH,LANGKAWI,PASAR AWAM KUAH - BAHAGIAN RUNCIT,Runcit,,Sayur-Sayuran,02,002,CILI MERAH MINYAK,F.A.Q,Kilogram,18,14.1,
31039656,2026-10-08,2026-10-08 08:35:45.857711,KEDAH,LANGKAWI,PASAR AWAM KUAH - BAHAGIAN RUNCIT,Runcit,,Sayur-Sayuran,04,002,KACANG BENDI,F.A.Q,Kilogram,8,10.44,
31039657,2026-10-08,2026-10-08 08:35:45.911206,KEDAH,LANGKAWI,PASAR AWAM KUAH - BAHAGIAN RUNCIT,Runcit,,Sayur-Sayuran,04,003,KACANG BUNCIS,F.A.Q,Kilogram,16,13.06,
31039658,2026-10-08,2026-10-08 08:35:45.96375,KEDAH,LANGKAWI,PASAR AWAM KUAH - BAHAGIAN RUNCIT,Runcit,,Sayur-Sayuran,04,007,KACANG PANJANG HIJAU,F.A.Q,Kilogram,6,7.99,
31039659,2026-10-08,2026-10-08 08:35:46.033721,KEDAH,LANGKAWI,PASAR AWAM KUAH - BAHAGIAN RUNCIT,Runcit,,Sayur-Sayuran,03,019,KANGKUNG,F.A.Q,Kilogram,5,5.03,
31039660,2026-10-08,2026-10-08 08:35:46.093727,KEDAH,LANGKAWI,PASAR AWAM KUAH - BAHAGIAN RUNCIT,Runcit,,Sayur-Sayuran,03,006,KUBIS BULAT (CHINA),F.A.Q,Kilogram,5,3.29,
31039661,2026-10-08,2026-10-08 08:35:46.249296,KEDAH,LANGKAWI,PASAR AWAM KUAH - BAHAGIAN RUNCIT,Runcit,,Sayur-Sayuran,03,007,SAWI HIJAU,F.A.Q,Kilogram,12,6.22,
31039662,2026-10-08,2026-10-08 08:35:46.323739,KEDAH,LANGKAWI,PASAR AWAM KUAH - BAHAGIAN RUNCIT,Runcit,,Sayur-Sayuran,02,010,TERUNG PANJANG / PEPARU (TANAH RENDAH),F.A.Q,Kilogram,12,9.47,
31039663,2026-10-08,2026-10-08 08:35:46.394834,KEDAH,LANGKAWI,PASAR AWAM KUAH - BAHAGIAN RUNCIT,Runcit,,Sayur-Sayuran,02,011,TIMUN HIJAU,F.A.Q,Kilogram,5,4.08,
31039664,2026-10-08,2026-10-08 08:35:46.517943,KEDAH,LANGKAWI,PASAR AWAM KUAH - BAHAGIAN RUNCIT,Runcit,,Sayur-Sayuran,02,012,TOMATO (TANAH TINGGI),F.A.Q,Kilogram,8,8.71,
31039665,2026-10-08,2026-10-08 08:36:04.026661,PERLIS,PERLIS,LADANG/KEBUN CHUPING,Ladang,,Buah-Buahan,02,005,BETIK SEKAKI,F.A.Q,Kilogram,2.2,2.25,
31039666,2026-10-08,2026-10-08 08:36:04.026661,PERLIS,PERLIS,LADANG/KEBUN CHUPING,Ladang,,Buah-Buahan,02,034,TEMBIKAI MERAH TANPA BIJI,F.A.Q,Kilogram,1.4,1.3,
31039667,2026-10-08,2026-10-08 08:36:17.129896,PERLIS,PERLIS,LADANG AYAM KUBANG PERUN,Ladang,,Ternakan,01,003,AYAM HIDUP,F.A.Q,Kilogram,6.3,6.3,
31039668,2026-10-08,2026-10-08 08:36:29.819191,PERLIS,PERLIS,[LOKASI KUTIPAN HARGA LADANG] LADANG/KEBUN KUALA PERLIS,Ladang,,Ternakan,01,003,AYAM HIDUP,F.A.Q,Kilogram,6.3,6.3,
31039669,2026-10-08,2026-10-08 08:36:56.191673,PERLIS,PERLIS,LADANG/KEBUN KAMPUNG BATU BERTANGKUP,Ladang,,Buah-Buahan,02,028,PISANG BERANGAN,F.A.Q,Kilogram,2.5,2.6,
31039670,2026-10-08,2026-10-08 08:36:56.191673,PERLIS,PERLIS,LADANG/KEBUN KAMPUNG BATU BERTANGKUP,Ladang,,Buah-Buahan,02,028,PISANG BERANGAN,F.A.Q,Kilogram,2.5,2.6,
31039671,2026-10-08,2026-10-08 08:37:20.355102,PAHANG,ROMPIN,PASAR AWAM ROMPIN,Runcit,26,Sayur-Sayuran,05,001,BAWANG BESAR KUNING / HOLLAND,F.A.Q,Kilogram,5,4.625,
31039672,2026-10-08,2026-10-08 08:37:20.355102,PAHANG,ROMPIN,PASAR AWAM ROMPIN,Runcit,26,Sayur-Sayuran,05,001,BAWANG MERAH / KECIL (INDIA),F.A.Q,Kilogram,5,5,
31039673,2026-10-08,2026-10-08 08:37:20.355102,PAHANG,ROMPIN,PASAR AWAM ROMPIN,Runcit,26,Sayur-Sayuran,05,001,BAWANG PUTIH (CHINA),F.A.Q,Kilogram,12,10.5,
31039674,2026-10-08,2026-10-08 08:37:20.355102,PAHANG,ROMPIN,PASAR AWAM ROMPIN,Runcit,26,Sayur-Sayuran,03,001,BAYAM,F.A.Q,Kilogram,7,7,
31039675,2026-10-08,2026-10-08 08:37:20.355102,PAHANG,ROMPIN,PASAR AWAM ROMPIN,Runcit,26,Sayur-Sayuran,02,002,CILI MERAH KULAI / KULAI HIBRID,F.A.Q,Kilogram,18,17.5,
31039676,2026-10-08,2026-10-08 08:37:20.355102,PAHANG,ROMPIN,PASAR AWAM ROMPIN,Runcit,26,Sayur-Sayuran,03,015,DAUN SUP (TANAH TINGGI),F.A.Q,Kilogram,20,20,
31039677,2026-10-08,2026-10-08 08:37:20.355102,PAHANG,ROMPIN,PASAR AWAM ROMPIN,Runcit,26,Sayur-Sayuran,04,002,KACANG BENDI,F.A.Q,Kilogram,10,10,
31039678,2026-10-08,2026-10-08 08:37:20.355102,PAHANG,ROMPIN,PASAR AWAM ROMPIN,Runcit,26,Sayur-Sayuran,04,003,KACANG BUNCIS,F.A.Q,Kilogram,18,16.75,
31039679,2026-10-08,2026-10-08 08:37:20.355102,PAHANG,ROMPIN,PASAR AWAM ROMPIN,Runcit,26,Sayur-Sayuran,04,007,KACANG PANJANG HIJAU,F.A.Q,Kilogram,10,10.5,
31039680,2026-10-08,2026-10-08 08:37:20.355102,PAHANG,ROMPIN,PASAR AWAM ROMPIN,Runcit,26,Sayur-Sayuran,03,019,KANGKUNG,F.A.Q,Kilogram,7,7,
31039681,2026-10-08,2026-10-08 08:37:20.355102,PAHANG,ROMPIN,PASAR AWAM ROMPIN,Runcit,26,Sayur-Sayuran,03,006,KUBIS BULAT (CHINA),F.A.Q,Kilogram,6,6,
31039682,2026-10-08,2026-10-08 08:37:20.355102,PAHANG,ROMPIN,PASAR AWAM ROMPIN,Runcit,26,Sayur-Sayuran,03,006,KUBIS BULAT (TANAH TINGGI),F.A.Q,Kilogram,8,8,
31039683,2026-10-08,2026-10-08 08:37:20.355102,PAHANG,ROMPIN,PASAR AWAM ROMPIN,Runcit,26,Sayur-Sayuran,03,007,SAWI HIJAU,F.A.Q,Kilogram,7,7,
31039684,2026-10-08,2026-10-08 08:37:20.355102,PAHANG,ROMPIN,PASAR AWAM ROMPIN,Runcit,26,Sayur-Sayuran,02,011,TIMUN HIJAU,F.A.Q,Kilogram,5,5.3333335,
31039685,2026-10-08,2026-10-08 08:37:20.355102,PAHANG,ROMPIN,PASAR AWAM ROMPIN,Runcit,26,Sayur-Sayuran,02,012,TOMATO (TANAH TINGGI),F.A.Q,Kilogram,8,9,
31039686,2026-10-08,2026-10-08 08:37:20.355102,PAHANG,ROMPIN,PASAR AWAM ROMPIN,Runcit,26,Sayur-Sayuran,05,009,UBI KENTANG HOLLAND,F.A.Q,Kilogram,5,4.5,
31039687,2026-10-08,2026-10-08 08:38:05.616766,PAHANG,KUANTAN,PASAR BESAR KUANTAN,Runcit,26,Sayur-Sayuran,03,001,BAYAM,F.A.Q,Kilogram,6.4,5.530909,
31039688,2026-10-08,2026-10-08 08:38:05.616766,PAHANG,KUANTAN,PASAR BESAR KUANTAN,Runcit,26,Sayur-Sayuran,03,001,BAYAM,F.A.Q,Kilogram,6.4,5.530909,
31039689,2026-10-08,2026-10-08 08:38:05.616766,PAHANG,KUANTAN,PASAR BESAR KUANTAN,Runcit,26,Sayur-Sayuran,03,001,BAYAM,F.A.Q,Kilogram,6.3,5.530909,
31039690,2026-10-08,2026-10-08 08:38:05.616766,PAHANG,KUANTAN,PASAR BESAR KUANTAN,Runcit,26,Sayur-Sayuran,03,001,BAYAM,F.A.Q,Kilogram,6.3,5.530909,
31039691,2026-10-08,2026-10-08 08:38:05.616766,PAHANG,KUANTAN,PASAR BESAR KUANTAN,Runcit,26,Sayur-Sayuran,03,001,BAYAM,F.A.Q,Kilogram,6.3,5.530909,
31039692,2026-10-08,2026-10-08 08:38:05.616766,PAHANG,KUANTAN,PASAR BESAR KUANTAN,Runcit,26,Sayur-Sayuran,02,002,CILI MERAH KULAI / KULAI HIBRID,F.A.Q,Kilogram,17,17.190908,
31039693,2026-10-08,2026-10-08 08:38:05.616766,PAHANG,KUANTAN,PASAR BESAR KUANTAN,Runcit,26,Sayur-Sayuran,02,002,CILI MERAH KULAI / KULAI HIBRID,F.A.Q,Kilogram,18,17.190908,
31039694,2026-10-08,2026-10-08 08:38:05.616766,PAHANG,KUANTAN,PASAR BESAR KUANTAN,Runcit,26,Sayur-Sayuran,02,002,CILI MERAH KULAI / KULAI HIBRID,F.A.Q,Kilogram,17.5,17.190908,
31039695,2026-10-08,2026-10-08 08:38:05.616766,PAHANG,KUANTAN,PASAR BESAR KUANTAN,Runcit,26,Sayur-Sayuran,02,002,CILI MERAH KULAI / KULAI HIBRID,F.A.Q,Kilogram,18,17.190908,
31039696,2026-10-08,2026-10-08 08:38:05.616766,PAHANG,KUANTAN,PASAR BESAR KUANTAN,Runcit,26,Sayur-Sayuran,02,002,CILI MERAH KULAI / KULAI HIBRID,F.A.Q,Kilogram,17.5,17.190908,
31039697,2026-10-08,2026-10-08 08:38:07.793191,PERLIS,PERLIS,LADANG/KEBUN KAMPUNG BATU BERTANGKUP,Ladang,,Sayur-Sayuran,03,001,BAYAM,F.A.Q,Kilogram,2.5,2.2333333,
31039698,2026-10-08,2026-10-08 08:38:07.793191,PERLIS,PERLIS,LADANG/KEBUN KAMPUNG BATU BERTANGKUP,Ladang,,Sayur-Sayuran,02,002,CILI MERAH KULAI / KULAI HIBRID,F.A.Q,Kilogram,11,10.5,
31039699,2026-10-08,2026-10-08 08:38:07.793191,PERLIS,PERLIS,LADANG/KEBUN KAMPUNG BATU BERTANGKUP,Ladang,,Sayur-Sayuran,04,002,KACANG BENDI,F.A.Q,Kilogram,3.3,3.3964286,
31039700,2026-10-08,2026-10-08 08:38:07.793191,PERLIS,PERLIS,LADANG/KEBUN KAMPUNG BATU BERTANGKUP,Ladang,,Sayur-Sayuran,04,007,KACANG PANJANG HIJAU,F.A.Q,Kilogram,3,2.7458334,
31039701,2026-10-08,2026-10-08 08:38:07.793191,PERLIS,PERLIS,LADANG/KEBUN KAMPUNG BATU BERTANGKUP,Ladang,,Sayur-Sayuran,03,019,KANGKUNG,F.A.Q,Kilogram,2.5,2.1916666,
31039702,2026-10-08,2026-10-08 08:38:07.793191,PERLIS,PERLIS,LADANG/KEBUN KAMPUNG BATU BERTANGKUP,Ladang,,Sayur-Sayuran,03,007,SAWI HIJAU,F.A.Q,Kilogram,2.5,2.15,
31039703,2026-10-08,2026-10-08 08:38:07.793191,PERLIS,PERLIS,LADANG/KEBUN KAMPUNG BATU BERTANGKUP,Ladang,,Sayur-Sayuran,02,010,TERUNG PANJANG / PEPARU (TANAH RENDAH),F.A.Q,Kilogram,3,2.8125,
31039704,2026-10-08,2026-10-08 08:38:07.793191,PERLIS,PERLIS,LADANG/KEBUN KAMPUNG BATU BERTANGKUP,Ladang,,Sayur-Sayuran,02,011,TIMUN HIJAU,F.A.Q,Kilogram,1.2,1.15,
31039705,2026-10-08,2026-10-08 08:38:24.325983,JOHOR,BATU PAHAT,PASAR AWAM BATU PAHAT,Runcit,26,Sayur-Sayuran,03,001,BAYAM,F.A.Q,Kilogram,8.5,7.1666665,
31039706,2026-10-08,2026-10-08 08:38:24.325983,JOHOR,BATU PAHAT,PASAR AWAM BATU PAHAT,Runcit,26,Sayur-Sayuran,02,002,CILI HIJAU,F.A.Q,Kilogram,14,15.5,
31039707,2026-10-08,2026-10-08 08:38:24.325983,JOHOR,BATU PAHAT,PASAR AWAM BATU PAHAT,Runcit,26,Sayur-Sayuran,03,009,DAUN BAWANG,F.A.Q,Kilogram,15,10.333333,
31039708,2026-10-08,2026-10-08 08:38:24.325983,JOHOR,BATU PAHAT,PASAR AWAM BATU PAHAT,Runcit,26,Sayur-Sayuran,03,015,DAUN SUP (TANAH TINGGI),F.A.Q,Kilogram,12,10.333333,
31039709,2026-10-08,2026-10-08 08:38:24.325983,JOHOR,BATU PAHAT,PASAR AWAM BATU PAHAT,Runcit,26,Sayur-Sayuran,04,002,KACANG BENDI,F.A.Q,Kilogram,12,12.5,
31039710,2026-10-08,2026-10-08 08:38:24.325983,JOHOR,BATU PAHAT,PASAR AWAM BATU PAHAT,Runcit,26,Sayur-Sayuran,04,003,KACANG BUNCIS,F.A.Q,Kilogram,15,13.666667,
31039711,2026-10-08,2026-10-08 08:38:24.325983,JOHOR,BATU PAHAT,PASAR AWAM BATU PAHAT,Runcit,26,Sayur-Sayuran,04,007,KACANG PANJANG HIJAU,F.A.Q,Kilogram,14,10.666667,
31039712,2026-10-08,2026-10-08 08:38:24.325983,JOHOR,BATU PAHAT,PASAR AWAM BATU PAHAT,Runcit,26,Sayur-Sayuran,03,019,KANGKUNG,F.A.Q,Kilogram,8.5,7.1666665,
31039713,2026-10-08,2026-10-08 08:38:24.325983,JOHOR,BATU PAHAT,PASAR AWAM BATU PAHAT,Runcit,26,Sayur-Sayuran,03,006,KUBIS BULAT (CHINA),F.A.Q,Kilogram,5,4.6666665,
31039714,2026-10-08,2026-10-08 08:38:24.325983,JOHOR,BATU PAHAT,PASAR AWAM BATU PAHAT,Runcit,26,Sayur-Sayuran,03,007,SAWI HIJAU,F.A.Q,Kilogram,9,7.8333335,
31039715,2026-10-08,2026-10-08 08:38:24.325983,JOHOR,BATU PAHAT,PASAR AWAM BATU PAHAT,Runcit,26,Sayur-Sayuran,02,011,TIMUN HIJAU,F.A.Q,Kilogram,5,5.1666665,
31039716,2026-10-08,2026-10-08 08:38:24.325983,JOHOR,BATU PAHAT,PASAR AWAM BATU PAHAT,Runcit,26,Sayur-Sayuran,02,012,TOMATO (TANAH TINGGI),F.A.Q,Kilogram,8,9.333333,
31039717,2026-10-08,2026-10-08 08:38:47.04614,SABAH,TAWAU,PASAR BESAR TAWAU,Runcit,26,Ternakan,01,003,AYAM HIDUP,F.A.Q,Kilogram,8.3,10.033334,
31039718,2026-10-08,2026-10-08 08:38:47.04614,SABAH,TAWAU,PASAR BESAR TAWAU,Runcit,26,Ternakan,03,002,AYAM PROSES STANDARD,F.A.Q,Kilogram,13.5,13.5,
31039719,2026-10-08,2026-10-08 08:38:47.04614,SABAH,TAWAU,PASAR BESAR TAWAU,Runcit,26,Ternakan,11,001,TELUR AYAM,A,Biji,0.63,0.63,
31039720,2026-10-08,2026-10-08 08:38:47.04614,SABAH,TAWAU,PASAR BESAR TAWAU,Runcit,26,Ternakan,11,001,TELUR AYAM,B,Biji,0.6,0.6,
31039721,2026-10-08,2026-10-08 08:38:47.04614,SABAH,TAWAU,PASAR BESAR TAWAU,Runcit,26,Ternakan,11,001,TELUR AYAM,C,Biji,0.56,0.56,
31039722,2026-10-08,2026-10-08 08:39:39.330965,PERLIS,PERLIS,[LOKASI KUTIPAN HARGA LADANG] LADANG/KEBUN KUALA PERLIS,Ladang,,Sayur-Sayuran,03,001,BAYAM,F.A.Q,Kilogram,2.6,2.2333333,
31039723,2026-10-08,2026-10-08 08:39:39.330965,PERLIS,PERLIS,[LOKASI KUTIPAN HARGA LADANG] LADANG/KEBUN KUALA PERLIS,Ladang,,Sayur-Sayuran,02,002,CILI MERAH KULAI / KULAI HIBRID,F.A.Q,Kilogram,11,10.5,
31039724,2026-10-08,2026-10-08 08:39:39.330965,PERLIS,PERLIS,[LOKASI KUTIPAN HARGA LADANG] LADANG/KEBUN KUALA PERLIS,Ladang,,Sayur-Sayuran,04,002,KACANG BENDI,F.A.Q,Kilogram,3.3,3.3964286,
31039725,2026-10-08,2026-10-08 08:39:39.330965,PERLIS,PERLIS,[LOKASI KUTIPAN HARGA LADANG] LADANG/KEBUN KUALA PERLIS,Ladang,,Sayur-Sayuran,04,007,KACANG PANJANG HIJAU,F.A.Q,Kilogram,3,2.7458334,
31039726,2026-10-08,2026-10-08 08:39:39.330965,PERLIS,PERLIS,[LOKASI KUTIPAN HARGA LADANG] LADANG/KEBUN KUALA PERLIS,Ladang,,Sayur-Sayuran,03,019,KANGKUNG,F.A.Q,Kilogram,2.5,2.1916666,
31039727,2026-10-08,2026-10-08 08:39:39.330965,PERLIS,PERLIS,[LOKASI KUTIPAN HARGA LADANG] LADANG/KEBUN KUALA PERLIS,Ladang,,Sayur-Sayuran,03,007,SAWI HIJAU,F.A.Q,Kilogram,2.6,2.15,
31039728,2026-10-08,2026-10-08 08:39:39.330965,PERLIS,PERLIS,[LOKASI KUTIPAN HARGA LADANG] LADANG/KEBUN KUALA PERLIS,Ladang,,Sayur-Sayuran,02,010,TERUNG PANJANG / PEPARU (TANAH RENDAH),F.A.Q,Kilogram,3,2.8125,
31039729,2026-10-08,2026-10-08 08:39:39.330965,PERLIS,PERLIS,[LOKASI KUTIPAN HARGA LADANG] LADANG/KEBUN KUALA PERLIS,Ladang,,Sayur-Sayuran,02,011,TIMUN HIJAU,F.A.Q,Kilogram,1.2,1.15,
31039730,2026-10-08,2026-10-08 08:40:34.901747,SELANGOR,KLANG,PASAR BESAR KLANG - BAHAGIAN BORONG,Borong,,Sayur-Sayuran,03,001,BAYAM,F.A.Q,Kilogram,2.5,4.11,
31039731,2026-10-08,2026-10-08 08:40:34.959813,SELANGOR,KLANG,PASAR BESAR KLANG - BAHAGIAN BORONG,Borong,,Sayur-Sayuran,02,002,CILI HIJAU,F.A.Q,Kilogram,8,10.63,
31039732,2026-10-08,2026-10-08 08:40:35.015557,SELANGOR,KLANG,PASAR BESAR KLANG - BAHAGIAN BORONG,Borong,,Sayur-Sayuran,02,002,CILI MERAH KULAI / KULAI HIBRID,F.A.Q,Kilogram,12,13.69,
31039733,2026-10-08,2026-10-08 08:40:35.071666,SELANGOR,KLANG,PASAR BESAR KLANG - BAHAGIAN BORONG,Borong,,Sayur-Sayuran,02,002,CILI MERAH MINYAK,F.A.Q,Kilogram,9,11.76,
31039734,2026-10-08,2026-10-08 08:40:35.128203,SELANGOR,KLANG,PASAR BESAR KLANG - BAHAGIAN BORONG,Borong,,Sayur-Sayuran,03,009,DAUN BAWANG,F.A.Q,Kilogram,7,9.7,
31039735,2026-10-08,2026-10-08 08:40:35.192486,SELANGOR,KLANG,PASAR BESAR KLANG - BAHAGIAN BORONG,Borong,,Sayur-Sayuran,03,015,DAUN SUP (TANAH TINGGI),F.A.Q,Kilogram,9,10.25,
31039736,2026-10-08,2026-10-08 08:40:35.251067,SELANGOR,KLANG,PASAR BESAR KLANG - BAHAGIAN BORONG,Borong,,Sayur-Sayuran,04,002,KACANG BENDI,F.A.Q,Kilogram,5,8.23,
31039737,2026-10-08,2026-10-08 08:40:35.303346,SELANGOR,KLANG,PASAR BESAR KLANG - BAHAGIAN BORONG,Borong,,Sayur-Sayuran,04,003,KACANG BUNCIS,F.A.Q,Kilogram,8,10.25,
31039738,2026-10-08,2026-10-08 08:40:35.351915,SELANGOR,KLANG,PASAR BESAR KLANG - BAHAGIAN BORONG,Borong,,Sayur-Sayuran,04,007,KACANG PANJANG HIJAU,F.A.Q,Kilogram,5,5.88,
31039739,2026-10-08,2026-10-08 08:40:35.402293,SELANGOR,KLANG,PASAR BESAR KLANG - BAHAGIAN BORONG,Borong,,Sayur-Sayuran,03,019,KANGKUNG,F.A.Q,Kilogram,2.5,3.5,
31039740,2026-10-08,2026-10-08 08:40:35.455939,SELANGOR,KLANG,PASAR BESAR KLANG - BAHAGIAN BORONG,Borong,,Sayur-Sayuran,03,006,KUBIS BULAT (CHINA),F.A.Q,Kilogram,2.2,2.09,
31039741,2026-10-08,2026-10-08 08:40:35.510974,SELANGOR,KLANG,PASAR BESAR KLANG - BAHAGIAN BORONG,Borong,,Sayur-Sayuran,03,006,KUBIS BULAT (TANAH TINGGI),F.A.Q,Kilogram,2.8,3.18,
31039742,2026-10-08,2026-10-08 08:40:35.561755,SELANGOR,KLANG,PASAR BESAR KLANG - BAHAGIAN BORONG,Borong,,Sayur-Sayuran,03,007,SAWI HIJAU,F.A.Q,Kilogram,4,4.43,
31039743,2026-10-08,2026-10-08 08:40:35.610301,SELANGOR,KLANG,PASAR BESAR KLANG - BAHAGIAN BORONG,Borong,,Sayur-Sayuran,02,010,TERUNG PANJANG / PEPARU (TANAH RENDAH),F.A.Q,Kilogram,6,7.33,
31039744,2026-10-08,2026-10-08 08:40:35.662466,SELANGOR,KLANG,PASAR BESAR KLANG - BAHAGIAN BORONG,Borong,,Sayur-Sayuran,02,011,TIMUN HIJAU,F.A.Q,Kilogram,2.5,2.57,
31039745,2026-10-08,2026-10-08 08:40:35.709866,SELANGOR,KLANG,PASAR BESAR KLANG - BAHAGIAN BORONG,Borong,,Sayur-Sayuran,02,012,TOMATO (TANAH TINGGI),F.A.Q,Kilogram,5.3,7,
31039746,2026-10-08,2026-10-08 08:41:17.372886,SARAWAK,KUCHING,MEDAN NIAGA SATOK,Borong,20,Sayur-Sayuran,05,001,BAWANG BESAR KUNING / HOLLAND,F.A.Q,Kilogram,3,3,
31039747,2026-10-08,2026-10-08 08:41:17.372886,SARAWAK,KUCHING,MEDAN NIAGA SATOK,Borong,20,Sayur-Sayuran,05,001,BAWANG BESAR MERAH (INDIA),F.A.Q,Kilogram,3,3,
31039748,2026-10-08,2026-10-08 08:41:17.372886,SARAWAK,KUCHING,MEDAN NIAGA SATOK,Borong,20,Sayur-Sayuran,05,001,BAWANG MERAH ROSE,F.A.Q,Kilogram,6,5.6666665,
31039749,2026-10-08,2026-10-08 08:41:17.372886,SARAWAK,KUCHING,MEDAN NIAGA SATOK,Borong,20,Sayur-Sayuran,05,001,BAWANG PUTIH (CHINA),F.A.Q,Kilogram,7,7,
31039750,2026-10-08,2026-10-08 08:41:17.372886,SARAWAK,KUCHING,MEDAN NIAGA SATOK,Borong,20,Sayur-Sayuran,03,001,BAYAM,F.A.Q,Kilogram,4.5,4.375,
31039751,2026-10-08,2026-10-08 08:41:17.372886,SARAWAK,KUCHING,MEDAN NIAGA SATOK,Borong,20,Sayur-Sayuran,02,002,CILI HIJAU,F.A.Q,Kilogram,22,19.333334,
31039752,2026-10-08,2026-10-08 08:41:17.372886,SARAWAK,KUCHING,MEDAN NIAGA SATOK,Borong,20,Sayur-Sayuran,02,002,CILI MERAH KULAI / KULAI HIBRID,F.A.Q,Kilogram,22,20.916666,
31039753,2026-10-08,2026-10-08 08:41:17.372886,SARAWAK,KUCHING,MEDAN NIAGA SATOK,Borong,20,Sayur-Sayuran,02,002,CILI MERAH MINYAK,F.A.Q,Kilogram,22,20.916666,
31039754,2026-10-08,2026-10-08 08:41:17.372886,SARAWAK,KUCHING,MEDAN NIAGA SATOK,Borong,20,Sayur-Sayuran,03,009,DAUN BAWANG,F.A.Q,Kilogram,25,25,
31039755,2026-10-08,2026-10-08 08:41:17.372886,SARAWAK,KUCHING,MEDAN NIAGA SATOK,Borong,20,Sayur-Sayuran,03,015,DAUN SUP (TANAH TINGGI),F.A.Q,Kilogram,25,25,
31039756,2026-10-08,2026-10-08 08:41:17.372886,SARAWAK,KUCHING,MEDAN NIAGA SATOK,Borong,20,Sayur-Sayuran,04,002,KACANG BENDI,F.A.Q,Kilogram,8,8,
31039757,2026-10-08,2026-10-08 08:41:17.372886,SARAWAK,KUCHING,MEDAN NIAGA SATOK,Borong,20,Sayur-Sayuran,04,003,KACANG BUNCIS,F.A.Q,Kilogram,10,10.5,
31039758,2026-10-08,2026-10-08 08:41:17.372886,SARAWAK,KUCHING,MEDAN NIAGA SATOK,Borong,20,Sayur-Sayuran,04,007,KACANG PANJANG HIJAU,F.A.Q,Kilogram,10,9.666667,
31039759,2026-10-08,2026-10-08 08:41:17.372886,SARAWAK,KUCHING,MEDAN NIAGA SATOK,Borong,20,Sayur-Sayuran,03,019,KANGKUNG,F.A.Q,Kilogram,4,4.1666665,
31039760,2026-10-08,2026-10-08 08:41:17.372886,SARAWAK,KUCHING,MEDAN NIAGA SATOK,Borong,20,Sayur-Sayuran,03,006,KUBIS BULAT (CHINA),F.A.Q,Kilogram,3,3,
31039761,2026-10-08,2026-10-08 08:41:17.372886,SARAWAK,KUCHING,MEDAN NIAGA SATOK,Borong,20,Sayur-Sayuran,03,007,SAWI HIJAU,F.A.Q,Kilogram,10,9.666667,
31039762,2026-10-08,2026-10-08 08:41:17.372886,SARAWAK,KUCHING,MEDAN NIAGA SATOK,Borong,20,Sayur-Sayuran,02,010,TERUNG PANJANG / PEPARU (TANAH RENDAH),F.A.Q,Kilogram,4,5.5,
31039763,2026-10-08,2026-10-08 08:41:17.372886,SARAWAK,KUCHING,MEDAN NIAGA SATOK,Borong,20,Sayur-Sayuran,02,011,TIMUN HIJAU,F.A.Q,Kilogram,7,6.625,
31039764,2026-10-08,2026-10-08 08:41:17.372886,SARAWAK,KUCHING,MEDAN NIAGA SATOK,Borong,20,Sayur-Sayuran,02,012,TOMATO (TANAH TINGGI),F.A.Q,Kilogram,10,9.333333,
31039765,2026-10-08,2026-10-08 08:41:17.372886,SARAWAK,KUCHING,MEDAN NIAGA SATOK,Borong,20,Sayur-Sayuran,02,012,TOMATO IMPORT,F.A.Q,Kilogram,8,8,
31039766,2026-10-08,2026-10-08 08:41:17.372886,SARAWAK,KUCHING,MEDAN NIAGA SATOK,Borong,20,Sayur-Sayuran,05,009,UBI KENTANG HOLLAND,F.A.Q,Kilogram,2,2,
31039767,2026-10-08,2026-10-08 08:41:34.878039,SELANGOR,KLANG,PASAR BESAR KLANG - BAHAGIAN BORONG,Borong,,Sayur-Sayuran,03,001,BAYAM,F.A.Q,Kilogram,2.5,4.11,
31039768,2026-10-08,2026-10-08 08:41:34.933836,SELANGOR,KLANG,PASAR BESAR KLANG - BAHAGIAN BORONG,Borong,,Sayur-Sayuran,02,002,CILI HIJAU,F.A.Q,Kilogram,9,10.63,
31039769,2026-10-08,2026-10-08 08:41:34.987409,SELANGOR,KLANG,PASAR BESAR KLANG - BAHAGIAN BORONG,Borong,,Sayur-Sayuran,02,002,CILI MERAH KULAI / KULAI HIBRID,F.A.Q,Kilogram,13,13.69,
31039770,2026-10-08,2026-10-08 08:41:35.038614,SELANGOR,KLANG,PASAR BESAR KLANG - BAHAGIAN BORONG,Borong,,Sayur-Sayuran,02,002,CILI MERAH MINYAK,F.A.Q,Kilogram,9,11.76,
31039771,2026-10-08,2026-10-08 08:41:35.08839,SELANGOR,KLANG,PASAR BESAR KLANG - BAHAGIAN BORONG,Borong,,Sayur-Sayuran,03,009,DAUN BAWANG,F.A.Q,Kilogram,7,9.7,
31039772,2026-10-08,2026-10-08 08:41:35.137425,SELANGOR,KLANG,PASAR BESAR KLANG - BAHAGIAN BORONG,Borong,,Sayur-Sayuran,03,015,DAUN SUP (TANAH TINGGI),F.A.Q,Kilogram,8,10.25,
31039773,2026-10-08,2026-10-08 08:41:35.186661,SELANGOR,KLANG,PASAR BESAR KLANG - BAHAGIAN BORONG,Borong,,Sayur-Sayuran,04,002,KACANG BENDI,F.A.Q,Kilogram,6,8.23,
31039774,2026-10-08,2026-10-08 08:41:35.233455,SELANGOR,KLANG,PASAR BESAR KLANG - BAHAGIAN BORONG,Borong,,Sayur-Sayuran,04,003,KACANG BUNCIS,F.A.Q,Kilogram,9,10.25,
31039775,2026-10-08,2026-10-08 08:41:35.28138,SELANGOR,KLANG,PASAR BESAR KLANG - BAHAGIAN BORONG,Borong,,Sayur-Sayuran,04,007,KACANG PANJANG HIJAU,F.A.Q,Kilogram,6,5.88,
31039776,2026-10-08,2026-10-08 08:41:35.327716,SELANGOR,KLANG,PASAR BESAR KLANG - BAHAGIAN BORONG,Borong,,Sayur-Sayuran,03,019,KANGKUNG,F.A.Q,Kilogram,2.5,3.5,
31039777,2026-10-08,2026-10-08 08:41:35.373667,SELANGOR,KLANG,PASAR BESAR KLANG - BAHAGIAN BORONG,Borong,,Sayur-Sayuran,02,010,TERUNG PANJANG / PEPARU (TANAH RENDAH),F.A.Q,Kilogram,6.5,7.33,
31039778,2026-10-08,2026-10-08 08:41:35.41837,SELANGOR,KLANG,PASAR BESAR KLANG - BAHAGIAN BORONG,Borong,,Sayur-Sayuran,02,011,TIMUN HIJAU,F.A.Q,Kilogram,2.5,2.57,
31039779,2026-10-08,2026-10-08 08:41:35.465057,SELANGOR,KLANG,PASAR BESAR KLANG - BAHAGIAN BORONG,Borong,,Sayur-Sayuran,02,012,TOMATO (TANAH TINGGI),F.A.Q,Kilogram,5.5,7,
31039780,2026-10-08,2026-10-08 08:42:36.280531,PERLIS,PERLIS,PASAR BORONG KAMPUNG BAKAU,Borong,20,Ternakan,01,003,AYAM HIDUP,F.A.Q,Kilogram,6.9,6.9,
31039781,2026-10-08,2026-10-08 08:42:36.280531,PERLIS,PERLIS,PASAR BORONG KAMPUNG BAKAU,Borong,20,Ternakan,01,003,AYAM HIDUP,F.A.Q,Kilogram,6.9,6.9,
31039782,2026-10-08,2026-10-08 08:42:36.280531,PERLIS,PERLIS,PASAR BORONG KAMPUNG BAKAU,Borong,20,Ternakan,03,002,AYAM PROSES STANDARD,F.A.Q,Kilogram,8.2,8.2,
31039783,2026-10-08,2026-10-08 08:42:36.280531,PERLIS,PERLIS,PASAR BORONG KAMPUNG BAKAU,Borong,20,Ternakan,03,002,AYAM PROSES STANDARD,F.A.Q,Kilogram,8.2,8.2,
31039784,2026-10-08,2026-10-08 08:43:22.51941,PERLIS,PERLIS,PASAR BORONG KAMPUNG BAKAU,Borong,20,Ternakan,02,003,DAGING LEMBU PEJAL,F.A.Q,Kilogram,25,25,
31039785,2026-10-08,2026-10-08 08:43:22.51941,PERLIS,PERLIS,PASAR BORONG KAMPUNG BAKAU,Borong,20,Ternakan,02,003,DAGING LEMBU PEJAL,F.A.Q,Kilogram,25,25,
31039786,2026-10-08,2026-10-08 08:43:43.770041,SARAWAK,KUCHING,MEDAN NIAGA SATOK,Borong,20,Buah-Buahan,02,005,BETIK SEKAKI,F.A.Q,Kilogram,3,3,
31039787,2026-10-08,2026-10-08 08:43:43.770041,SARAWAK,KUCHING,MEDAN NIAGA SATOK,Borong,20,Buah-Buahan,02,028,PISANG BERANGAN,F.A.Q,Kilogram,5.5,5.5,
31039788,2026-10-08,2026-10-08 08:43:43.770041,SARAWAK,KUCHING,MEDAN NIAGA SATOK,Borong,20,Buah-Buahan,02,028,PISANG MAS,F.A.Q,Kilogram,3.5,3.1666667,
31039789,2026-10-08,2026-10-08 08:43:43.770041,SARAWAK,KUCHING,MEDAN NIAGA SATOK,Borong,20,Buah-Buahan,02,034,TEMBIKAI MERAH TANPA BIJI,F.A.Q,Kilogram,3.6,3.6166666,
31039790,2026-10-08,2026-10-08 08:44:05.088824,PERLIS,PERLIS,PASAR BORONG KAMPUNG BAKAU,Borong,20,Ternakan,11,001,TELUR AYAM,A,Biji,0.47,0.47,
31039791,2026-10-08,2026-10-08 08:44:05.088824,PERLIS,PERLIS,PASAR BORONG KAMPUNG BAKAU,Borong,20,Ternakan,11,001,TELUR AYAM,B,Biji,0.46,0.46083334,
31039792,2026-10-08,2026-10-08 08:44:05.088824,PERLIS,PERLIS,PASAR BORONG KAMPUNG BAKAU,Borong,20,Ternakan,11,001,TELUR AYAM,C,Biji,0.45,0.45,
31039793,2026-10-08,2026-10-08 08:44:17.991324,SARAWAK,KUCHING,MEDAN NIAGA SATOK,Borong,20,Tanaman Kontan,05,001,KELAPA DIKUPAS,SEDANG,Biji,1.6,1.6,
31039794,2026-10-08,2026-10-08 08:44:26.137974,SELANGOR,KLANG,PASAR BESAR KLANG - BAHAGIAN RUNCIT,Runcit,,Ternakan,03,002,AYAM PROSES STANDARD,F.A.Q,Kilogram,10.5,9.99,
31039795,2026-10-08,2026-10-08 08:44:58.277484,PERLIS,PERLIS,PASAR BORONG KAMPUNG BAKAU,Borong,20,Sayur-Sayuran,05,009,UBI KENTANG (IMPORT),F.A.Q,Kilogram,2.2,2.1333334,
31039796,2026-10-08,2026-10-08 08:44:58.277484,PERLIS,PERLIS,PASAR BORONG KAMPUNG BAKAU,Borong,20,Sayur-Sayuran,05,009,UBI KENTANG HOLLAND,F.A.Q,Kilogram,2.4,2.1666667,
31039797,2026-10-08,2026-10-08 08:45:11.286143,JOHOR,BATU PAHAT,PASAR AWAM BATU PAHAT,Runcit,26,Sayur-Sayuran,03,001,BAYAM,F.A.Q,Kilogram,9,7.1666665,
31039798,2026-10-08,2026-10-08 08:45:11.286143,JOHOR,BATU PAHAT,PASAR AWAM BATU PAHAT,Runcit,26,Sayur-Sayuran,02,002,CILI HIJAU,F.A.Q,Kilogram,14,15.5,
31039799,2026-10-08,2026-10-08 08:45:11.286143,JOHOR,BATU PAHAT,PASAR AWAM BATU PAHAT,Runcit,26,Sayur-Sayuran,03,009,DAUN BAWANG,F.A.Q,Kilogram,13,10.333333,
31039800,2026-10-08,2026-10-08 08:45:11.286143,JOHOR,BATU PAHAT,PASAR AWAM BATU PAHAT,Runcit,26,Sayur-Sayuran,03,015,DAUN SUP (TANAH TINGGI),F.A.Q,Kilogram,8,10.333333,
31039801,2026-10-08,2026-10-08 08:45:11.286143,JOHOR,BATU PAHAT,PASAR AWAM BATU PAHAT,Runcit,26,Sayur-Sayuran,04,002,KACANG BENDI,F.A.Q,Kilogram,12,12.5,
31039802,2026-10-08,2026-10-08 08:45:11.286143,JOHOR,BATU PAHAT,PASAR AWAM BATU PAHAT,Runcit,26,Sayur-Sayuran,04,003,KACANG BUNCIS,F.A.Q,Kilogram,15,13.666667,
31039803,2026-10-08,2026-10-08 08:45:11.286143,JOHOR,BATU PAHAT,PASAR AWAM BATU PAHAT,Runcit,26,Sayur-Sayuran,04,007,KACANG PANJANG HIJAU,F.A.Q,Kilogram,13,10.666667,
31039804,2026-10-08,2026-10-08 08:45:11.286143,JOHOR,BATU PAHAT,PASAR AWAM BATU PAHAT,Runcit,26,Sayur-Sayuran,03,019,KANGKUNG,F.A.Q,Kilogram,9,7.1666665,
31039805,2026-10-08,2026-10-08 08:45:11.286143,JOHOR,BATU PAHAT,PASAR AWAM BATU PAHAT,Runcit,26,Sayur-Sayuran,03,006,KUBIS BULAT (CHINA),F.A.Q,Kilogram,3.5,4.6666665,
31039806,2026-10-08,2026-10-08 08:45:11.286143,JOHOR,BATU PAHAT,PASAR AWAM BATU PAHAT,Runcit,26,Sayur-Sayuran,03,007,SAWI HIJAU,F.A.Q,Kilogram,9,7.8333335,
31039807,2026-10-08,2026-10-08 08:45:11.286143,JOHOR,BATU PAHAT,PASAR AWAM BATU PAHAT,Runcit,26,Sayur-Sayuran,02,011,TIMUN HIJAU,F.A.Q,Kilogram,5,5.1666665,
31039808,2026-10-08,2026-10-08 08:45:11.286143,JOHOR,BATU PAHAT,PASAR AWAM BATU PAHAT,Runcit,26,Sayur-Sayuran,02,012,TOMATO (TANAH TINGGI),F.A.Q,Kilogram,7,9.333333,
31039809,2026-10-08,2026-10-08 08:45:12.721734,SELANGOR,KLANG,PASAR BESAR KLANG - BAHAGIAN RUNCIT,Runcit,,Ternakan,03,002,AYAM PROSES STANDARD,F.A.Q,Kilogram,10.3,9.99,
31039810,2026-10-08,2026-10-08 08:45:44.350058,SELANGOR,KLANG,PASAR BESAR KLANG - BAHAGIAN RUNCIT,Runcit,,Buah-Buahan,02,005,BETIK SEKAKI,F.A.Q,Kilogram,5.5,4.98,
31039811,2026-10-08,2026-10-08 08:45:44.412277,SELANGOR,KLANG,PASAR BESAR KLANG - BAHAGIAN RUNCIT,Runcit,,Buah-Buahan,02,023,NANAS JOSAPINE (AC5),F.A.Q,Kilogram,4,4,
31039812,2026-10-08,2026-10-08 08:45:44.474204,SELANGOR,KLANG,PASAR BESAR KLANG - BAHAGIAN RUNCIT,Runcit,,Buah-Buahan,02,028,PISANG BERANGAN,F.A.Q,Kilogram,4.5,5.62,
31039813,2026-10-08,2026-10-08 08:45:44.534106,SELANGOR,KLANG,PASAR BESAR KLANG - BAHAGIAN RUNCIT,Runcit,,Buah-Buahan,02,028,PISANG MAS,F.A.Q,Kilogram,5,5.43,
31039814,2026-10-08,2026-10-08 08:45:44.6294,SELANGOR,KLANG,PASAR BESAR KLANG - BAHAGIAN RUNCIT,Runcit,,Buah-Buahan,02,034,TEMBIKAI MERAH TANPA BIJI,F.A.Q,Kilogram,3.5,4.75,
31039815,2026-10-08,2026-10-08 08:45:46.966235,JOHOR,BATU PAHAT,,Ladang,27,Sayur-Sayuran,04,002,KACANG BENDI,F.A.Q,Kilogram,4.5,3.4,
31039816,2026-10-08,2026-10-08 08:45:46.966235,JOHOR,BATU PAHAT,,Ladang,27,Sayur-Sayuran,02,011,TIMUN HIJAU,F.A.Q,Kilogram,2,1.4333333,
31039817,2026-10-08,2026-10-08 08:46:04.544832,PAHANG,MARAN,PASAR AWAM MARAN,Runcit,26,Ternakan,03,002,AYAM PROSES STANDARD,F.A.Q,Kilogram,11,11,
31039818,2026-10-08,2026-10-08 08:46:04.544832,PAHANG,MARAN,PASAR AWAM MARAN,Runcit,26,Ternakan,03,002,AYAM PROSES SUPER,F.A.Q,Kilogram,12,11.5,
31039819,2026-10-08,2026-10-08 08:46:11.893193,SELANGOR,KLANG,PASAR BESAR KLANG - BAHAGIAN RUNCIT,Runcit,,Buah-Buahan,02,005,BETIK SEKAKI,F.A.Q,Kilogram,6,4.98,
31039820,2026-10-08,2026-10-08 08:46:11.957054,SELANGOR,KLANG,PASAR BESAR KLANG - BAHAGIAN RUNCIT,Runcit,,Buah-Buahan,02,023,NANAS JOSAPINE (AC5),F.A.Q,Kilogram,4,4,
31039821,2026-10-08,2026-10-08 08:46:12.024714,SELANGOR,KLANG,PASAR BESAR KLANG - BAHAGIAN RUNCIT,Runcit,,Buah-Buahan,02,028,PISANG BERANGAN,F.A.Q,Kilogram,5,5.62,
31039822,2026-10-08,2026-10-08 08:46:12.081203,SELANGOR,KLANG,PASAR BESAR KLANG - BAHAGIAN RUNCIT,Runcit,,Buah-Buahan,02,028,PISANG MAS,F.A.Q,Kilogram,2,5.43,
31039823,2026-10-08,2026-10-08 08:46:12.138525,SELANGOR,KLANG,PASAR BESAR KLANG - BAHAGIAN RUNCIT,Runcit,,Buah-Buahan,02,034,TEMBIKAI MERAH TANPA BIJI,F.A.Q,Kilogram,3,4.75,
31039824,2026-10-08,2026-10-08 08:46:21.120405,PAHANG,MARAN,PASAR AWAM MARAN,Runcit,26,Ternakan,03,002,AYAM PROSES STANDARD,F.A.Q,Kilogram,11,11,
31039825,2026-10-08,2026-10-08 08:46:21.120405,PAHANG,MARAN,PASAR AWAM MARAN,Runcit,26,Ternakan,03,002,AYAM PROSES SUPER,F.A.Q,Kilogram,11,11.5,
31039826,2026-10-08,2026-10-08 08:46:24.230376,PERLIS,PERLIS,PASAR BORONG KAMPUNG BAKAU,Borong,20,Sayur-Sayuran,05,001,BAWANG BESAR KUNING / HOLLAND,F.A.Q,Kilogram,2.8,2.8,
31039827,2026-10-08,2026-10-08 08:46:24.230376,PERLIS,PERLIS,PASAR BORONG KAMPUNG BAKAU,Borong,20,Sayur-Sayuran,05,001,BAWANG BESAR MERAH (CHINA),F.A.Q,Kilogram,3.4,3.5,
31039828,2026-10-08,2026-10-08 08:46:24.230376,PERLIS,PERLIS,PASAR BORONG KAMPUNG BAKAU,Borong,20,Sayur-Sayuran,05,001,BAWANG BESAR MERAH (IMPORT),F.A.Q,Kilogram,3,2.7,
31039829,2026-10-08,2026-10-08 08:46:24.230376,PERLIS,PERLIS,PASAR BORONG KAMPUNG BAKAU,Borong,20,Sayur-Sayuran,05,001,BAWANG BESAR MERAH (INDIA),F.A.Q,Kilogram,3,2.95,
31039830,2026-10-08,2026-10-08 08:46:24.230376,PERLIS,PERLIS,PASAR BORONG KAMPUNG BAKAU,Borong,20,Sayur-Sayuran,05,001,BAWANG BESAR MERAH (PAKISTAN),F.A.Q,Kilogram,3.5,3.5,
31039831,2026-10-08,2026-10-08 08:46:24.230376,PERLIS,PERLIS,PASAR BORONG KAMPUNG BAKAU,Borong,20,Sayur-Sayuran,05,001,BAWANG MERAH / KECIL (IMPORT),F.A.Q,Kilogram,4.5,4.5,
31039832,2026-10-08,2026-10-08 08:46:24.230376,PERLIS,PERLIS,PASAR BORONG KAMPUNG BAKAU,Borong,20,Sayur-Sayuran,05,001,BAWANG MERAH / KECIL (INDIA),F.A.Q,Kilogram,5,5,
31039833,2026-10-08,2026-10-08 08:46:24.230376,PERLIS,PERLIS,PASAR BORONG KAMPUNG BAKAU,Borong,20,Sayur-Sayuran,05,001,BAWANG MERAH / KECIL (PAKISTAN),F.A.Q,Kilogram,7.5,7.5,
31039834,2026-10-08,2026-10-08 08:46:24.230376,PERLIS,PERLIS,PASAR BORONG KAMPUNG BAKAU,Borong,20,Sayur-Sayuran,05,001,BAWANG MERAH / KECIL (THAI),F.A.Q,Kilogram,7,7,
31039835,2026-10-08,2026-10-08 08:46:24.230376,PERLIS,PERLIS,PASAR BORONG KAMPUNG BAKAU,Borong,20,Sayur-Sayuran,05,001,BAWANG MERAH ROSE,F.A.Q,Kilogram,6,6,
31039836,2026-10-08,2026-10-08 08:46:24.230376,PERLIS,PERLIS,PASAR BORONG KAMPUNG BAKAU,Borong,20,Sayur-Sayuran,05,001,BAWANG PUTIH (CHINA),F.A.Q,Kilogram,7,7.0333333,
31039837,2026-10-08,2026-10-08 08:46:29.578058,KEDAH,PENDANG,,Ladang,27,Buah-Buahan,02,005,BETIK SEKAKI,F.A.Q,Kilogram,2.3,2.3,
31039838,2026-10-08,2026-10-08 08:46:29.578058,KEDAH,PENDANG,,Ladang,27,Buah-Buahan,02,028,PISANG BERANGAN,F.A.Q,Kilogram,2.6,2.6,
31039839,2026-10-08,2026-10-08 08:46:32.665902,SARAWAK,KUCHING,MEDAN NIAGA SATOK,Borong,20,Ternakan,03,002,AYAM PROSES STANDARD,F.A.Q,Kilogram,11.5,11.5,
31039840,2026-10-08,2026-10-08 08:46:32.665902,SARAWAK,KUCHING,MEDAN NIAGA SATOK,Borong,20,Ternakan,02,003,DAGING LEMBU PEJAL,F.A.Q,Kilogram,65,65,
31039841,2026-10-08,2026-10-08 08:46:32.665902,SARAWAK,KUCHING,MEDAN NIAGA SATOK,Borong,20,Ternakan,11,001,TELUR AYAM,A,Biji,0.56,0.56,
31039842,2026-10-08,2026-10-08 08:46:32.665902,SARAWAK,KUCHING,MEDAN NIAGA SATOK,Borong,20,Ternakan,11,001,TELUR AYAM,B,Biji,0.53,0.53,
31039844,2026-10-08,2026-10-08 08:46:50.630815,PAHANG,MARAN,PASAR AWAM MARAN,Runcit,26,Ternakan,11,001,TELUR AYAM,A,Biji,0.52,0.52,
31039845,2026-10-08,2026-10-08 08:46:50.630815,PAHANG,MARAN,PASAR AWAM MARAN,Runcit,26,Ternakan,11,001,TELUR AYAM,C,Biji,0.48,0.48,
31039846,2026-10-08,2026-10-08 08:46:57.757017,PERLIS,PERLIS,PASAR BORONG KAMPUNG BAKAU,Borong,20,Tanaman Kontan,05,001,KELAPA DIKUPAS,SEDANG,Biji,1.8,1.8,
31039847,2026-10-08,2026-10-08 08:46:57.757017,PERLIS,PERLIS,PASAR BORONG KAMPUNG BAKAU,Borong,20,Tanaman Kontan,05,001,KELAPA DIKUPAS,SEDANG,Biji,1.8,1.8,
31039848,2026-10-08,2026-10-08 08:46:57.757017,PERLIS,PERLIS,PASAR BORONG KAMPUNG BAKAU,Borong,20,Tanaman Kontan,05,001,KELAPA DIKUPAS,SEDANG,Biji,1.8,1.8,
31039849,2026-10-08,2026-10-08 08:46:57.757017,PERLIS,PERLIS,PASAR BORONG KAMPUNG BAKAU,Borong,20,Tanaman Kontan,05,001,KELAPA DIKUPAS,SEDANG,Biji,1.8,1.8,
31039850,2026-10-08,2026-10-08 08:47:16.707937,SELANGOR,KLANG,PASAR BESAR KLANG - BAHAGIAN RUNCIT,Runcit,,Sayur-Sayuran,05,001,BAWANG BESAR KUNING / HOLLAND,F.A.Q,Kilogram,4.5,5.07,
31039851,2026-10-08,2026-10-08 08:47:16.759815,SELANGOR,KLANG,PASAR BESAR KLANG - BAHAGIAN RUNCIT,Runcit,,Sayur-Sayuran,05,001,BAWANG BESAR MERAH (INDIA),F.A.Q,Kilogram,4.5,4.44,
31039852,2026-10-08,2026-10-08 08:47:16.811627,SELANGOR,KLANG,PASAR BESAR KLANG - BAHAGIAN RUNCIT,Runcit,,Sayur-Sayuran,05,001,BAWANG MERAH / KECIL (INDIA),F.A.Q,Kilogram,5,7.04,
31039853,2026-10-08,2026-10-08 08:47:16.861456,SELANGOR,KLANG,PASAR BESAR KLANG - BAHAGIAN RUNCIT,Runcit,,Sayur-Sayuran,05,001,BAWANG MERAH / KECIL (THAI),F.A.Q,Kilogram,11.5,13.54,
31039854,2026-10-08,2026-10-08 08:47:16.912089,SELANGOR,KLANG,PASAR BESAR KLANG - BAHAGIAN RUNCIT,Runcit,,Sayur-Sayuran,05,001,BAWANG MERAH ROSE,F.A.Q,Kilogram,5,12.98,
31039855,2026-10-08,2026-10-08 08:47:16.961761,SELANGOR,KLANG,PASAR BESAR KLANG - BAHAGIAN RUNCIT,Runcit,,Sayur-Sayuran,05,001,BAWANG PUTIH (CHINA),F.A.Q,Kilogram,9.9,8.52,
31039856,2026-10-08,2026-10-08 08:47:17.010925,SELANGOR,KLANG,PASAR BESAR KLANG - BAHAGIAN RUNCIT,Runcit,,Sayur-Sayuran,05,009,UBI KENTANG HOLLAND,F.A.Q,Kilogram,3.5,4.09,
31039857,2026-10-08,2026-10-08 08:47:17.062846,SELANGOR,KLANG,PASAR BESAR KLANG - BAHAGIAN RUNCIT,Runcit,,Ternakan,11,001,TELUR AYAM,A,Biji,0.51,0.47,
31039858,2026-10-08,2026-10-08 08:47:17.120837,SELANGOR,KLANG,PASAR BESAR KLANG - BAHAGIAN RUNCIT,Runcit,,Ternakan,11,001,TELUR AYAM,B,Biji,0.5,0.45,
31039859,2026-10-08,2026-10-08 08:47:17.175005,SELANGOR,KLANG,PASAR BESAR KLANG - BAHAGIAN RUNCIT,Runcit,,Ternakan,11,001,TELUR AYAM,C,Biji,0.49,0.43,
31039860,2026-10-08,2026-10-08 08:47:56.671194,SELANGOR,KLANG,PASAR BESAR KLANG - BAHAGIAN RUNCIT,Runcit,,Ternakan,02,003,DAGING LEMBU PEJAL,F.A.Q,Kilogram,42,39.05,
31039861,2026-10-08,2026-10-08 08:48:01.609208,PERLIS,PERLIS,[PASAR AWAM] KUALA PERLIS,Runcit,26,Ternakan,03,002,AYAM PROSES STANDARD,F.A.Q,Kilogram,10.5,10.5679245,
31039862,2026-10-08,2026-10-08 08:48:01.609208,PERLIS,PERLIS,[PASAR AWAM] KUALA PERLIS,Runcit,26,Ternakan,03,002,AYAM PROSES STANDARD,F.A.Q,Kilogram,10.5,10.5679245,
31039863,2026-10-08,2026-10-08 08:48:20.52991,SELANGOR,KLANG,PASAR BESAR KLANG - BAHAGIAN RUNCIT,Runcit,,Lain-Lain Makanan Proses,15,001,SANTAN PEKAT,F.A.Q,Kilogram,12,11.7,
31039864,2026-10-08,2026-10-08 08:48:21.367459,SELANGOR,KLANG,PASAR BESAR KLANG - BAHAGIAN RUNCIT,Runcit,,Tanaman Kontan,05,001,KELAPA DIKUPAS,SEDANG,Biji,3,2.33,
31039865,2026-10-08,2026-10-08 08:48:25.513987,PAHANG,KUANTAN,PASAR BESAR KUANTAN,Runcit,26,Sayur-Sayuran,02,011,TIMUN HIJAU,F.A.Q,Kilogram,4.3,3.7218182,
31039866,2026-10-08,2026-10-08 08:48:25.513987,PAHANG,KUANTAN,PASAR BESAR KUANTAN,Runcit,26,Sayur-Sayuran,02,011,TIMUN HIJAU,F.A.Q,Kilogram,4.4,3.7218182,
31039867,2026-10-08,2026-10-08 08:48:25.513987,PAHANG,KUANTAN,PASAR BESAR KUANTAN,Runcit,26,Sayur-Sayuran,02,011,TIMUN HIJAU,F.A.Q,Kilogram,4.3,3.7218182,
31039868,2026-10-08,2026-10-08 08:48:25.513987,PAHANG,KUANTAN,PASAR BESAR KUANTAN,Runcit,26,Sayur-Sayuran,02,011,TIMUN HIJAU,F.A.Q,Kilogram,4.3,3.7218182,
31039869,2026-10-08,2026-10-08 08:48:25.513987,PAHANG,KUANTAN,PASAR BESAR KUANTAN,Runcit,26,Sayur-Sayuran,02,011,TIMUN HIJAU,F.A.Q,Kilogram,4.4,3.7218182,
31039870,2026-10-08,2026-10-08 08:48:25.513987,PAHANG,KUANTAN,PASAR BESAR KUANTAN,Runcit,26,Sayur-Sayuran,02,012,TOMATO (TANAH TINGGI),F.A.Q,Kilogram,7,7.3054547,
31039871,2026-10-08,2026-10-08 08:48:25.513987,PAHANG,KUANTAN,PASAR BESAR KUANTAN,Runcit,26,Sayur-Sayuran,02,012,TOMATO (TANAH TINGGI),F.A.Q,Kilogram,7,7.3054547,
31039872,2026-10-08,2026-10-08 08:48:25.513987,PAHANG,KUANTAN,PASAR BESAR KUANTAN,Runcit,26,Sayur-Sayuran,02,012,TOMATO (TANAH TINGGI),F.A.Q,Kilogram,7,7.3054547,
31039873,2026-10-08,2026-10-08 08:48:25.513987,PAHANG,KUANTAN,PASAR BESAR KUANTAN,Runcit,26,Sayur-Sayuran,02,012,TOMATO (TANAH TINGGI),F.A.Q,Kilogram,7,7.3054547,
31039874,2026-10-08,2026-10-08 08:48:25.513987,PAHANG,KUANTAN,PASAR BESAR KUANTAN,Runcit,26,Sayur-Sayuran,02,012,TOMATO (TANAH TINGGI),F.A.Q,Kilogram,7,7.3054547,
31039875,2026-10-08,2026-10-08 08:48:50.008432,SARAWAK,KUCHING,LADANG/KEBUN SIBURAN,Ladang,,Sayur-Sayuran,03,001,BAYAM,F.A.Q,Kilogram,2,2.5,
31039876,2026-10-08,2026-10-08 08:48:50.008432,SARAWAK,KUCHING,LADANG/KEBUN SIBURAN,Ladang,,Sayur-Sayuran,02,002,CILI HIJAU,F.A.Q,Kilogram,16,14,
31039877,2026-10-08,2026-10-08 08:48:50.008432,SARAWAK,KUCHING,LADANG/KEBUN SIBURAN,Ladang,,Sayur-Sayuran,02,002,CILI MERAH KULAI / KULAI HIBRID,F.A.Q,Kilogram,16,14.916667,
31039878,2026-10-08,2026-10-08 08:48:50.008432,SARAWAK,KUCHING,LADANG/KEBUN SIBURAN,Ladang,,Sayur-Sayuran,02,002,CILI MERAH MINYAK,F.A.Q,Kilogram,16,14.916667,
31039879,2026-10-08,2026-10-08 08:49:15.765262,PERLIS,PERLIS,PASAR AWAM SENA,Runcit,26,Ternakan,03,002,AYAM PROSES STANDARD,F.A.Q,Kilogram,10.5,10.5679245,
31039880,2026-10-08,2026-10-08 08:49:15.765262,PERLIS,PERLIS,PASAR AWAM SENA,Runcit,26,Ternakan,03,002,AYAM PROSES STANDARD,F.A.Q,Kilogram,10.5,10.5679245,
31039881,2026-10-08,2026-10-08 08:49:15.765262,PERLIS,PERLIS,PASAR AWAM SENA,Runcit,26,Ternakan,03,002,AYAM PROSES STANDARD,F.A.Q,Kilogram,10.5,10.5679245,
31039882,2026-10-08,2026-10-08 08:49:15.765262,PERLIS,PERLIS,PASAR AWAM SENA,Runcit,26,Ternakan,03,002,AYAM PROSES SUPER,F.A.Q,Kilogram,13,13,
31039883,2026-10-08,2026-10-08 08:49:15.765262,PERLIS,PERLIS,PASAR AWAM SENA,Runcit,26,Ternakan,03,002,AYAM PROSES SUPER,F.A.Q,Kilogram,13,13,
31039884,2026-10-08,2026-10-08 08:49:15.765262,PERLIS,PERLIS,PASAR AWAM SENA,Runcit,26,Ternakan,03,002,AYAM PROSES SUPER,F.A.Q,Kilogram,13,13,
31039885,2026-10-08,2026-10-08 08:49:43.294101,PAHANG,MARAN,PASAR AWAM MARAN,Runcit,26,Sayur-Sayuran,03,001,BAYAM,F.A.Q,Kilogram,6,5,
31039886,2026-10-08,2026-10-08 08:49:43.294101,PAHANG,MARAN,PASAR AWAM MARAN,Runcit,26,Sayur-Sayuran,02,002,CILI HIJAU,F.A.Q,Kilogram,15,14,
31039887,2026-10-08,2026-10-08 08:49:43.294101,PAHANG,MARAN,PASAR AWAM MARAN,Runcit,26,Sayur-Sayuran,02,002,CILI MERAH MINYAK,F.A.Q,Kilogram,12,11.875,
31039888,2026-10-08,2026-10-08 08:49:43.294101,PAHANG,MARAN,PASAR AWAM MARAN,Runcit,26,Sayur-Sayuran,04,002,KACANG BENDI,F.A.Q,Kilogram,8,8,
31039889,2026-10-08,2026-10-08 08:49:43.294101,PAHANG,MARAN,PASAR AWAM MARAN,Runcit,26,Sayur-Sayuran,04,003,KACANG BUNCIS,F.A.Q,Kilogram,17,14.3125,
31039890,2026-10-08,2026-10-08 08:49:43.294101,PAHANG,MARAN,PASAR AWAM MARAN,Runcit,26,Sayur-Sayuran,04,007,KACANG PANJANG HIJAU,F.A.Q,Kilogram,10,8.375,
31039891,2026-10-08,2026-10-08 08:49:43.294101,PAHANG,MARAN,PASAR AWAM MARAN,Runcit,26,Sayur-Sayuran,03,019,KANGKUNG,F.A.Q,Kilogram,6.5,4.9375,
31039892,2026-10-08,2026-10-08 08:49:43.294101,PAHANG,MARAN,PASAR AWAM MARAN,Runcit,26,Sayur-Sayuran,02,011,TIMUN HIJAU,F.A.Q,Kilogram,4,3.725,
31039893,2026-10-08,2026-10-08 08:49:43.294101,PAHANG,MARAN,PASAR AWAM MARAN,Runcit,26,Sayur-Sayuran,02,012,TOMATO (TANAH TINGGI),F.A.Q,Kilogram,7,7.25,
31039894,2026-10-08,2026-10-08 08:50:07.39725,PERLIS,PERLIS,PASAR AWAM SENA,Runcit,26,Ternakan,02,003,DAGING LEMBU PEJAL,F.A.Q,Kilogram,30,28.772728,
31039895,2026-10-08,2026-10-08 08:50:07.39725,PERLIS,PERLIS,PASAR AWAM SENA,Runcit,26,Ternakan,02,003,DAGING LEMBU PEJAL,F.A.Q,Kilogram,30,28.772728,
31039896,2026-10-08,2026-10-08 08:50:17.243639,SARAWAK,BINTULU,[PASAR TAMU] BINTULU,Runcit,26,Ternakan,03,002,AYAM PROSES STANDARD,F.A.Q,Kilogram,12,12,
31039897,2026-10-08,2026-10-08 08:50:17.243639,SARAWAK,BINTULU,[PASAR TAMU] BINTULU,Runcit,26,Ternakan,03,002,AYAM PROSES SUPER,F.A.Q,Kilogram,13,13,
31039898,2026-10-08,2026-10-08 08:50:17.243639,SARAWAK,BINTULU,[PASAR TAMU] BINTULU,Runcit,26,Sayur-Sayuran,05,001,BAWANG BESAR KUNING / HOLLAND,F.A.Q,Kilogram,4.9,4.65,
31039899,2026-10-08,2026-10-08 08:50:17.243639,SARAWAK,BINTULU,[PASAR TAMU] BINTULU,Runcit,26,Sayur-Sayuran,05,001,BAWANG BESAR MERAH (CHINA),F.A.Q,Kilogram,4,4,
31039900,2026-10-08,2026-10-08 08:50:17.243639,SARAWAK,BINTULU,[PASAR TAMU] BINTULU,Runcit,26,Sayur-Sayuran,05,001,BAWANG MERAH ROSE,F.A.Q,Kilogram,6,6,
31039901,2026-10-08,2026-10-08 08:50:17.243639,SARAWAK,BINTULU,[PASAR TAMU] BINTULU,Runcit,26,Sayur-Sayuran,05,001,BAWANG PUTIH (CHINA),F.A.Q,Kilogram,8.4,8.45,
31039902,2026-10-08,2026-10-08 08:50:17.243639,SARAWAK,BINTULU,[PASAR TAMU] BINTULU,Runcit,26,Sayur-Sayuran,03,001,BAYAM,F.A.Q,Kilogram,6,5.875,
31039903,2026-10-08,2026-10-08 08:50:17.243639,SARAWAK,BINTULU,[PASAR TAMU] BINTULU,Runcit,26,Sayur-Sayuran,02,002,CILI HIJAU,F.A.Q,Kilogram,13.8,14.75,
31039904,2026-10-08,2026-10-08 08:50:17.243639,SARAWAK,BINTULU,[PASAR TAMU] BINTULU,Runcit,26,Sayur-Sayuran,02,002,CILI MERAH MINYAK,F.A.Q,Kilogram,18,19,
31039905,2026-10-08,2026-10-08 08:50:17.243639,SARAWAK,BINTULU,[PASAR TAMU] BINTULU,Runcit,26,Sayur-Sayuran,04,002,KACANG BENDI,F.A.Q,Kilogram,9,8.925,
31039906,2026-10-08,2026-10-08 08:50:17.243639,SARAWAK,BINTULU,[PASAR TAMU] BINTULU,Runcit,26,Sayur-Sayuran,04,003,KACANG BUNCIS,F.A.Q,Kilogram,13,14,
31039907,2026-10-08,2026-10-08 08:50:17.243639,SARAWAK,BINTULU,[PASAR TAMU] BINTULU,Runcit,26,Sayur-Sayuran,04,007,KACANG PANJANG HIJAU,F.A.Q,Kilogram,8,7.9,
31039908,2026-10-08,2026-10-08 08:50:17.243639,SARAWAK,BINTULU,[PASAR TAMU] BINTULU,Runcit,26,Sayur-Sayuran,03,019,KANGKUNG,F.A.Q,Kilogram,5,5,
31039909,2026-10-08,2026-10-08 08:50:17.243639,SARAWAK,BINTULU,[PASAR TAMU] BINTULU,Runcit,26,Tanaman Kontan,05,001,KELAPA DIKUPAS,SEDANG,Biji,3,3,
31039910,2026-10-08,2026-10-08 08:50:17.243639,SARAWAK,BINTULU,[PASAR TAMU] BINTULU,Runcit,26,Sayur-Sayuran,03,006,KUBIS BULAT (CHINA),F.A.Q,Kilogram,5,5,
31039911,2026-10-08,2026-10-08 08:50:17.243639,SARAWAK,BINTULU,[PASAR TAMU] BINTULU,Runcit,26,Sayur-Sayuran,03,007,SAWI HIJAU,F.A.Q,Kilogram,8,8.2,
31039912,2026-10-08,2026-10-08 08:50:17.243639,SARAWAK,BINTULU,[PASAR TAMU] BINTULU,Runcit,26,Ternakan,11,001,TELUR AYAM,A,Biji,0.6,0.57,
31039913,2026-10-08,2026-10-08 08:50:17.243639,SARAWAK,BINTULU,[PASAR TAMU] BINTULU,Runcit,26,Ternakan,11,001,TELUR AYAM,B,Biji,0.56,0.5375,
31039914,2026-10-08,2026-10-08 08:50:17.243639,SARAWAK,BINTULU,[PASAR TAMU] BINTULU,Runcit,26,Ternakan,11,001,TELUR AYAM,C,Biji,0.53,0.525,
31039915,2026-10-08,2026-10-08 08:50:17.243639,SARAWAK,BINTULU,[PASAR TAMU] BINTULU,Runcit,26,Sayur-Sayuran,02,010,TERUNG PANJANG / PEPARU (TANAH RENDAH),F.A.Q,Kilogram,10,10,
31039916,2026-10-08,2026-10-08 08:50:17.243639,SARAWAK,BINTULU,[PASAR TAMU] BINTULU,Runcit,26,Sayur-Sayuran,02,011,TIMUN HIJAU,F.A.Q,Kilogram,6,5.575,
31039917,2026-10-08,2026-10-08 08:50:17.243639,SARAWAK,BINTULU,[PASAR TAMU] BINTULU,Runcit,26,Sayur-Sayuran,02,012,TOMATO IMPORT,F.A.Q,Kilogram,10,9.333333,
31039918,2026-10-08,2026-10-08 08:50:17.243639,SARAWAK,BINTULU,[PASAR TAMU] BINTULU,Runcit,26,Sayur-Sayuran,05,009,UBI KENTANG (IMPORT),F.A.Q,Kilogram,3.2,3.35,
31039919,2026-10-08,2026-10-08 08:51:11.884486,KEDAH,PENDANG,[LOKASI KUTIPAN HARGA LADANG] AIR PUTEH,Ladang,,Sayur-Sayuran,03,001,BAYAM,F.A.Q,Kilogram,2,2,
31039920,2026-10-08,2026-10-08 08:51:11.884486,KEDAH,PENDANG,[LOKASI KUTIPAN HARGA LADANG] AIR PUTEH,Ladang,,Sayur-Sayuran,02,002,CILI MERAH KULAI / KULAI HIBRID,F.A.Q,Kilogram,11,11.181818,
31039921,2026-10-08,2026-10-08 08:51:11.884486,KEDAH,PENDANG,[LOKASI KUTIPAN HARGA LADANG] AIR PUTEH,Ladang,,Sayur-Sayuran,04,002,KACANG BENDI,F.A.Q,Kilogram,3.5,3.2181818,
31039922,2026-10-08,2026-10-08 08:51:11.884486,KEDAH,PENDANG,[LOKASI KUTIPAN HARGA LADANG] AIR PUTEH,Ladang,,Sayur-Sayuran,04,007,KACANG PANJANG HIJAU,F.A.Q,Kilogram,3,2.4727273,
31039923,2026-10-08,2026-10-08 08:51:11.884486,KEDAH,PENDANG,[LOKASI KUTIPAN HARGA LADANG] AIR PUTEH,Ladang,,Sayur-Sayuran,03,019,KANGKUNG,F.A.Q,Kilogram,2,2,
31039924,2026-10-08,2026-10-08 08:51:11.884486,KEDAH,PENDANG,[LOKASI KUTIPAN HARGA LADANG] AIR PUTEH,Ladang,,Sayur-Sayuran,03,007,SAWI HIJAU,F.A.Q,Kilogram,2.6,2.1454546,
31039925,2026-10-08,2026-10-08 08:51:11.884486,KEDAH,PENDANG,[LOKASI KUTIPAN HARGA LADANG] AIR PUTEH,Ladang,,Sayur-Sayuran,02,010,TERUNG PANJANG / PEPARU (TANAH RENDAH),F.A.Q,Kilogram,3.8,3.6636364,
31039926,2026-10-08,2026-10-08 08:51:11.884486,KEDAH,PENDANG,[LOKASI KUTIPAN HARGA LADANG] AIR PUTEH,Ladang,,Sayur-Sayuran,02,011,TIMUN HIJAU,F.A.Q,Kilogram,1.5,0.9818182,
31039927,2026-10-08,2026-10-08 08:51:41.85699,PERLIS,PERLIS,PASAR AWAM SENA,Runcit,26,Ternakan,11,001,TELUR AYAM,A,Biji,0.51,0.5116,
31039928,2026-10-08,2026-10-08 08:51:41.85699,PERLIS,PERLIS,PASAR AWAM SENA,Runcit,26,Ternakan,11,001,TELUR AYAM,A,Biji,0.51,0.5116,
31039929,2026-10-08,2026-10-08 08:51:41.85699,PERLIS,PERLIS,PASAR AWAM SENA,Runcit,26,Ternakan,11,001,TELUR AYAM,A,Biji,0.51,0.5116,
31039930,2026-10-08,2026-10-08 08:51:41.85699,PERLIS,PERLIS,PASAR AWAM SENA,Runcit,26,Ternakan,11,001,TELUR AYAM,B,Biji,0.5,0.5,
31039931,2026-10-08,2026-10-08 08:51:41.85699,PERLIS,PERLIS,PASAR AWAM SENA,Runcit,26,Ternakan,11,001,TELUR AYAM,B,Biji,0.5,0.5,
31039932,2026-10-08,2026-10-08 08:51:41.85699,PERLIS,PERLIS,PASAR AWAM SENA,Runcit,26,Ternakan,11,001,TELUR AYAM,B,Biji,0.5,0.5,
31039933,2026-10-08,2026-10-08 08:51:41.85699,PERLIS,PERLIS,PASAR AWAM SENA,Runcit,26,Ternakan,11,001,TELUR AYAM,C,Biji,0.49,0.49,
31039934,2026-10-08,2026-10-08 08:51:41.85699,PERLIS,PERLIS,PASAR AWAM SENA,Runcit,26,Ternakan,11,001,TELUR AYAM,C,Biji,0.49,0.49,
31039935,2026-10-08,2026-10-08 08:51:41.85699,PERLIS,PERLIS,PASAR AWAM SENA,Runcit,26,Ternakan,11,001,TELUR AYAM,C,Biji,0.49,0.49,
31039936,2026-10-08,2026-10-08 08:52:41.397288,PERLIS,PERLIS,PASAR AWAM SENA,Runcit,26,Sayur-Sayuran,05,009,UBI KENTANG (IMPORT),F.A.Q,Kilogram,3.9,4.246875,
31039937,2026-10-08,2026-10-08 08:52:41.397288,PERLIS,PERLIS,PASAR AWAM SENA,Runcit,26,Sayur-Sayuran,05,009,UBI KENTANG (IMPORT),F.A.Q,Kilogram,3.9,4.246875,
31039938,2026-10-08,2026-10-08 08:52:41.397288,PERLIS,PERLIS,PASAR AWAM SENA,Runcit,26,Sayur-Sayuran,05,009,UBI KENTANG (IMPORT),F.A.Q,Kilogram,3.9,4.246875,
31039939,2026-10-08,2026-10-08 08:52:41.397288,PERLIS,PERLIS,PASAR AWAM SENA,Runcit,26,Sayur-Sayuran,05,009,UBI KENTANG HOLLAND,F.A.Q,Kilogram,3.7,3.66,
31039940,2026-10-08,2026-10-08 08:52:41.397288,PERLIS,PERLIS,PASAR AWAM SENA,Runcit,26,Sayur-Sayuran,05,009,UBI KENTANG HOLLAND,F.A.Q,Kilogram,3.7,3.66,
31039941,2026-10-08,2026-10-08 08:52:41.397288,PERLIS,PERLIS,PASAR AWAM SENA,Runcit,26,Sayur-Sayuran,05,009,UBI KENTANG HOLLAND,F.A.Q,Kilogram,3.7,3.66,
31039942,2026-10-08,2026-10-08 08:52:45.810804,PAHANG,MARAN,PASAR AWAM MARAN,Runcit,26,Sayur-Sayuran,03,001,BAYAM,F.A.Q,Kilogram,5,5,
31039943,2026-10-08,2026-10-08 08:52:45.810804,PAHANG,MARAN,PASAR AWAM MARAN,Runcit,26,Sayur-Sayuran,02,002,CILI HIJAU,F.A.Q,Kilogram,14,14,
31039944,2026-10-08,2026-10-08 08:52:45.810804,PAHANG,MARAN,PASAR AWAM MARAN,Runcit,26,Sayur-Sayuran,02,002,CILI MERAH MINYAK,F.A.Q,Kilogram,12,11.875,
31039945,2026-10-08,2026-10-08 08:52:45.810804,PAHANG,MARAN,PASAR AWAM MARAN,Runcit,26,Sayur-Sayuran,04,002,KACANG BENDI,F.A.Q,Kilogram,8,8,
31039946,2026-10-08,2026-10-08 08:52:45.810804,PAHANG,MARAN,PASAR AWAM MARAN,Runcit,26,Sayur-Sayuran,04,003,KACANG BUNCIS,F.A.Q,Kilogram,15,14.3125,
31039947,2026-10-08,2026-10-08 08:52:45.810804,PAHANG,MARAN,PASAR AWAM MARAN,Runcit,26,Sayur-Sayuran,04,007,KACANG PANJANG HIJAU,F.A.Q,Kilogram,9,8.375,
31039948,2026-10-08,2026-10-08 08:52:45.810804,PAHANG,MARAN,PASAR AWAM MARAN,Runcit,26,Sayur-Sayuran,03,019,KANGKUNG,F.A.Q,Kilogram,5,4.9375,
31039949,2026-10-08,2026-10-08 08:52:45.810804,PAHANG,MARAN,PASAR AWAM MARAN,Runcit,26,Sayur-Sayuran,03,006,KUBIS BULAT (TANAH TINGGI),F.A.Q,Kilogram,6,5.5,
31039950,2026-10-08,2026-10-08 08:52:45.810804,PAHANG,MARAN,PASAR AWAM MARAN,Runcit,26,Sayur-Sayuran,03,007,SAWI HIJAU,F.A.Q,Kilogram,7,6.25,
31039951,2026-10-08,2026-10-08 08:52:45.810804,PAHANG,MARAN,PASAR AWAM MARAN,Runcit,26,Sayur-Sayuran,02,011,TIMUN HIJAU,F.A.Q,Kilogram,3.5,3.725,
31039952,2026-10-08,2026-10-08 08:52:45.810804,PAHANG,MARAN,PASAR AWAM MARAN,Runcit,26,Sayur-Sayuran,02,012,TOMATO (TANAH TINGGI),F.A.Q,Kilogram,5.5,7.25,
31039953,2026-10-08,2026-10-08 08:52:49.487705,KEDAH,PENDANG,PASAR AWAM PEKAN PENDANG,Runcit,26,Buah-Buahan,02,005,BETIK SEKAKI,F.A.Q,Kilogram,5,5,
31039954,2026-10-08,2026-10-08 08:52:49.487705,KEDAH,PENDANG,PASAR AWAM PEKAN PENDANG,Runcit,26,Buah-Buahan,02,028,PISANG BERANGAN,F.A.Q,Kilogram,6,6,
31039955,2026-10-08,2026-10-08 08:52:49.487705,KEDAH,PENDANG,PASAR AWAM PEKAN PENDANG,Runcit,26,Buah-Buahan,02,028,PISANG MAS,F.A.Q,Kilogram,5.5,5.5,
31039956,2026-10-08,2026-10-08 08:52:49.487705,KEDAH,PENDANG,PASAR AWAM PEKAN PENDANG,Runcit,26,Buah-Buahan,02,034,TEMBIKAI MERAH TANPA BIJI,F.A.Q,Kilogram,3.5,3.5,
31039957,2026-10-08,2026-10-08 08:52:53.783163,SABAH,SANDAKAN,[PASAR UMUM] SANDAKAN,Runcit,26,Ternakan,03,002,AYAM PROSES SUPER,F.A.Q,Kilogram,12.5,11.14,
31039958,2026-10-08,2026-10-08 08:53:49.393935,SARAWAK,KUCHING,MEDAN NIAGA SATOK,Borong,20,Ternakan,11,001,TELUR AYAM,C,Biji,0.5,0.5083333,
31039959,2026-10-08,2026-10-08 08:54:59.566789,SELANGOR,KLANG,PASAR BESAR KLANG - BAHAGIAN RUNCIT,Runcit,,Sayur-Sayuran,03,001,BAYAM,F.A.Q,Kilogram,3,5.81,
31039960,2026-10-08,2026-10-08 08:54:59.622152,SELANGOR,KLANG,PASAR BESAR KLANG - BAHAGIAN RUNCIT,Runcit,,Sayur-Sayuran,02,002,CILI HIJAU,F.A.Q,Kilogram,10,13.18,
31039961,2026-10-08,2026-10-08 08:54:59.674035,SELANGOR,KLANG,PASAR BESAR KLANG - BAHAGIAN RUNCIT,Runcit,,Sayur-Sayuran,02,002,CILI MERAH KULAI / KULAI HIBRID,F.A.Q,Kilogram,14,16.31,
31039962,2026-10-08,2026-10-08 08:54:59.726052,SELANGOR,KLANG,PASAR BESAR KLANG - BAHAGIAN RUNCIT,Runcit,,Sayur-Sayuran,02,002,CILI MERAH MINYAK,F.A.Q,Kilogram,11,14.1,
31039963,2026-10-08,2026-10-08 08:54:59.78041,SELANGOR,KLANG,PASAR BESAR KLANG - BAHAGIAN RUNCIT,Runcit,,Sayur-Sayuran,03,009,DAUN BAWANG,F.A.Q,Kilogram,8,12.95,
31039964,2026-10-08,2026-10-08 08:54:59.836516,SELANGOR,KLANG,PASAR BESAR KLANG - BAHAGIAN RUNCIT,Runcit,,Sayur-Sayuran,03,015,DAUN SUP (TANAH TINGGI),F.A.Q,Kilogram,13,13.35,
31039965,2026-10-08,2026-10-08 08:54:59.88971,SELANGOR,KLANG,PASAR BESAR KLANG - BAHAGIAN RUNCIT,Runcit,,Sayur-Sayuran,04,002,KACANG BENDI,F.A.Q,Kilogram,7,10.44,
31039966,2026-10-08,2026-10-08 08:54:59.942282,SELANGOR,KLANG,PASAR BESAR KLANG - BAHAGIAN RUNCIT,Runcit,,Sayur-Sayuran,04,003,KACANG BUNCIS,F.A.Q,Kilogram,11,13.06,
31039967,2026-10-08,2026-10-08 08:55:00.013498,SELANGOR,KLANG,PASAR BESAR KLANG - BAHAGIAN RUNCIT,Runcit,,Sayur-Sayuran,04,007,KACANG PANJANG HIJAU,F.A.Q,Kilogram,7,7.99,
31039968,2026-10-08,2026-10-08 08:55:00.078289,SELANGOR,KLANG,PASAR BESAR KLANG - BAHAGIAN RUNCIT,Runcit,,Sayur-Sayuran,03,019,KANGKUNG,F.A.Q,Kilogram,3,5.03,
31039969,2026-10-08,2026-10-08 08:55:00.124658,SELANGOR,KLANG,PASAR BESAR KLANG - BAHAGIAN RUNCIT,Runcit,,Sayur-Sayuran,03,006,KUBIS BULAT (CHINA),F.A.Q,Kilogram,2.8,3.29,
31039970,2026-10-08,2026-10-08 08:55:00.172085,SELANGOR,KLANG,PASAR BESAR KLANG - BAHAGIAN RUNCIT,Runcit,,Sayur-Sayuran,03,006,KUBIS BULAT (TANAH TINGGI),F.A.Q,Kilogram,3.5,4.58,
31039971,2026-10-08,2026-10-08 08:55:00.216803,SELANGOR,KLANG,PASAR BESAR KLANG - BAHAGIAN RUNCIT,Runcit,,Sayur-Sayuran,03,007,SAWI HIJAU,F.A.Q,Kilogram,5,6.22,
31039972,2026-10-08,2026-10-08 08:55:00.261437,SELANGOR,KLANG,PASAR BESAR KLANG - BAHAGIAN RUNCIT,Runcit,,Sayur-Sayuran,02,010,TERUNG PANJANG / PEPARU (TANAH RENDAH),F.A.Q,Kilogram,8,9.47,
31039973,2026-10-08,2026-10-08 08:55:00.305259,SELANGOR,KLANG,PASAR BESAR KLANG - BAHAGIAN RUNCIT,Runcit,,Sayur-Sayuran,02,011,TIMUN HIJAU,F.A.Q,Kilogram,3,4.08,
31039974,2026-10-08,2026-10-08 08:55:00.351644,SELANGOR,KLANG,PASAR BESAR KLANG - BAHAGIAN RUNCIT,Runcit,,Sayur-Sayuran,02,012,TOMATO (TANAH TINGGI),F.A.Q,Kilogram,6.5,8.71,
31039975,2026-10-08,2026-10-08 08:55:40.644349,KEDAH,KUALA MUDA,[LOKASI KUTIPAN HARGA LADANG] SUNGAI PETANI,Ladang,,Sayur-Sayuran,02,011,TIMUN HIJAU,F.A.Q,Kilogram,1.4,1.1,
31039976,2026-10-08,2026-10-08 08:56:15.557929,KEDAH,PENDANG,PASAR AWAM PEKAN PENDANG,Runcit,26,Ternakan,03,002,AYAM PROSES STANDARD,F.A.Q,Kilogram,10.5,10.5,
31039977,2026-10-08,2026-10-08 08:56:15.557929,KEDAH,PENDANG,PASAR AWAM PEKAN PENDANG,Runcit,26,Ternakan,11,001,TELUR AYAM,A,Biji,0.51,0.51,
31039978,2026-10-08,2026-10-08 08:56:15.557929,KEDAH,PENDANG,PASAR AWAM PEKAN PENDANG,Runcit,26,Ternakan,11,001,TELUR AYAM,B,Biji,0.5,0.5,
31039979,2026-10-08,2026-10-08 08:57:06.018333,SARAWAK,KUCHING,LADANG/KEBUN SIBURAN,Ladang,,Sayur-Sayuran,03,009,DAUN BAWANG,F.A.Q,Kilogram,15,15,
31039980,2026-10-08,2026-10-08 08:57:06.018333,SARAWAK,KUCHING,LADANG/KEBUN SIBURAN,Ladang,,Sayur-Sayuran,04,002,KACANG BENDI,F.A.Q,Kilogram,6,5.5,
31039981,2026-10-08,2026-10-08 08:57:06.018333,SARAWAK,KUCHING,LADANG/KEBUN SIBURAN,Ladang,,Sayur-Sayuran,04,003,KACANG BUNCIS,F.A.Q,Kilogram,7,6.8333335,
31039982,2026-10-08,2026-10-08 08:57:06.018333,SARAWAK,KUCHING,LADANG/KEBUN SIBURAN,Ladang,,Sayur-Sayuran,04,007,KACANG PANJANG HIJAU,F.A.Q,Kilogram,7.5,6.9166665,
31039983,2026-10-08,2026-10-08 08:57:06.018333,SARAWAK,KUCHING,LADANG/KEBUN SIBURAN,Ladang,,Sayur-Sayuran,03,019,KANGKUNG,F.A.Q,Kilogram,2.5,2.6666667,
31039984,2026-10-08,2026-10-08 08:57:06.018333,SARAWAK,KUCHING,LADANG/KEBUN SIBURAN,Ladang,,Sayur-Sayuran,03,007,SAWI HIJAU,F.A.Q,Kilogram,6,6.25,
31039985,2026-10-08,2026-10-08 08:57:06.018333,SARAWAK,KUCHING,LADANG/KEBUN SIBURAN,Ladang,,Sayur-Sayuran,02,010,TERUNG PANJANG / PEPARU (TANAH RENDAH),F.A.Q,Kilogram,2,3.5416667,
31039986,2026-10-08,2026-10-08 08:57:06.018333,SARAWAK,KUCHING,LADANG/KEBUN SIBURAN,Ladang,,Sayur-Sayuran,02,011,TIMUN HIJAU,F.A.Q,Kilogram,5,4.0416665,
31039987,2026-10-08,2026-10-08 08:57:31.523621,SABAH,SANDAKAN,[PASAR UMUM] SANDAKAN,Runcit,26,Buah-Buahan,02,005,BETIK SEKAKI,F.A.Q,Kilogram,4,4,
31039988,2026-10-08,2026-10-08 08:57:31.523621,SABAH,SANDAKAN,[PASAR UMUM] SANDAKAN,Runcit,26,Buah-Buahan,02,028,PISANG BERANGAN,F.A.Q,Kilogram,6,6,
31039989,2026-10-08,2026-10-08 08:57:31.523621,SABAH,SANDAKAN,[PASAR UMUM] SANDAKAN,Runcit,26,Buah-Buahan,02,028,PISANG MAS,F.A.Q,Kilogram,5,5,
31039990,2026-10-08,2026-10-08 08:57:31.523621,SABAH,SANDAKAN,[PASAR UMUM] SANDAKAN,Runcit,26,Buah-Buahan,02,034,TEMBIKAI MERAH TANPA BIJI,F.A.Q,Kilogram,4,4.375,
31039991,2026-10-08,2026-10-08 08:57:39.234622,PERLIS,PERLIS,PASAR AWAM SENA,Runcit,26,Sayur-Sayuran,05,001,BAWANG BESAR KUNING / HOLLAND,F.A.Q,Kilogram,4,4.137931,
31039992,2026-10-08,2026-10-08 08:57:39.234622,PERLIS,PERLIS,PASAR AWAM SENA,Runcit,26,Sayur-Sayuran,05,001,BAWANG BESAR KUNING / HOLLAND,F.A.Q,Kilogram,4,4.137931,
31039993,2026-10-08,2026-10-08 08:57:39.234622,PERLIS,PERLIS,PASAR AWAM SENA,Runcit,26,Sayur-Sayuran,05,001,BAWANG BESAR KUNING / HOLLAND,F.A.Q,Kilogram,4,4.137931,
31039994,2026-10-08,2026-10-08 08:57:39.234622,PERLIS,PERLIS,PASAR AWAM SENA,Runcit,26,Sayur-Sayuran,05,001,BAWANG BESAR MERAH (CHINA),F.A.Q,Kilogram,6,6,
31039995,2026-10-08,2026-10-08 08:57:39.234622,PERLIS,PERLIS,PASAR AWAM SENA,Runcit,26,Sayur-Sayuran,05,001,BAWANG BESAR MERAH (CHINA),F.A.Q,Kilogram,6,6,
31039996,2026-10-08,2026-10-08 08:57:39.234622,PERLIS,PERLIS,PASAR AWAM SENA,Runcit,26,Sayur-Sayuran,05,001,BAWANG BESAR MERAH (CHINA),F.A.Q,Kilogram,6,6,
31039997,2026-10-08,2026-10-08 08:57:39.234622,PERLIS,PERLIS,PASAR AWAM SENA,Runcit,26,Sayur-Sayuran,05,001,BAWANG BESAR MERAH (IMPORT),F.A.Q,Kilogram,5,5,
31039998,2026-10-08,2026-10-08 08:57:39.234622,PERLIS,PERLIS,PASAR AWAM SENA,Runcit,26,Sayur-Sayuran,05,001,BAWANG BESAR MERAH (IMPORT),F.A.Q,Kilogram,5,5,
31039999,2026-10-08,2026-10-08 08:57:39.234622,PERLIS,PERLIS,PASAR AWAM SENA,Runcit,26,Sayur-Sayuran,05,001,BAWANG BESAR MERAH (IMPORT),F.A.Q,Kilogram,5,5,
31040000,2026-10-08,2026-10-08 08:57:39.234622,PERLIS,PERLIS,PASAR AWAM SENA,Runcit,26,Sayur-Sayuran,05,001,BAWANG BESAR MERAH (INDIA),F.A.Q,Kilogram,5,5,
31040001,2026-10-08,2026-10-08 08:57:39.234622,PERLIS,PERLIS,PASAR AWAM SENA,Runcit,26,Sayur-Sayuran,05,001,BAWANG BESAR MERAH (INDIA),F.A.Q,Kilogram,5,5,
31040002,2026-10-08,2026-10-08 08:57:39.234622,PERLIS,PERLIS,PASAR AWAM SENA,Runcit,26,Sayur-Sayuran,05,001,BAWANG BESAR MERAH (INDIA),F.A.Q,Kilogram,5,5,
31040003,2026-10-08,2026-10-08 08:57:39.234622,PERLIS,PERLIS,PASAR AWAM SENA,Runcit,26,Sayur-Sayuran,05,001,BAWANG BESAR MERAH (PAKISTAN),F.A.Q,Kilogram,7,6.4545455,
31040004,2026-10-08,2026-10-08 08:57:39.234622,PERLIS,PERLIS,PASAR AWAM SENA,Runcit,26,Sayur-Sayuran,05,001,BAWANG BESAR MERAH (PAKISTAN),F.A.Q,Kilogram,7,6.4545455,
31040005,2026-10-08,2026-10-08 08:57:39.234622,PERLIS,PERLIS,PASAR AWAM SENA,Runcit,26,Sayur-Sayuran,05,001,BAWANG BESAR MERAH (PAKISTAN),F.A.Q,Kilogram,7,6.4545455,
31040006,2026-10-08,2026-10-08 08:57:39.234622,PERLIS,PERLIS,PASAR AWAM SENA,Runcit,26,Sayur-Sayuran,05,001,BAWANG MERAH / KECIL (IMPORT),F.A.Q,Kilogram,9,9,
31040007,2026-10-08,2026-10-08 08:57:39.234622,PERLIS,PERLIS,PASAR AWAM SENA,Runcit,26,Sayur-Sayuran,05,001,BAWANG MERAH / KECIL (IMPORT),F.A.Q,Kilogram,9,9,
31040008,2026-10-08,2026-10-08 08:57:39.234622,PERLIS,PERLIS,PASAR AWAM SENA,Runcit,26,Sayur-Sayuran,05,001,BAWANG MERAH / KECIL (IMPORT),F.A.Q,Kilogram,9,9,
31040009,2026-10-08,2026-10-08 08:57:39.234622,PERLIS,PERLIS,PASAR AWAM SENA,Runcit,26,Sayur-Sayuran,05,001,BAWANG MERAH / KECIL (INDIA),F.A.Q,Kilogram,7,7.428571,
31040010,2026-10-08,2026-10-08 08:57:39.234622,PERLIS,PERLIS,PASAR AWAM SENA,Runcit,26,Sayur-Sayuran,05,001,BAWANG MERAH / KECIL (INDIA),F.A.Q,Kilogram,7,7.428571,
31040011,2026-10-08,2026-10-08 08:57:39.234622,PERLIS,PERLIS,PASAR AWAM SENA,Runcit,26,Sayur-Sayuran,05,001,BAWANG MERAH / KECIL (INDIA),F.A.Q,Kilogram,7,7.428571,
31040012,2026-10-08,2026-10-08 08:57:39.234622,PERLIS,PERLIS,PASAR AWAM SENA,Runcit,26,Sayur-Sayuran,05,001,BAWANG MERAH / KECIL (PAKISTAN),F.A.Q,Kilogram,9,8.6,
31040013,2026-10-08,2026-10-08 08:57:39.234622,PERLIS,PERLIS,PASAR AWAM SENA,Runcit,26,Sayur-Sayuran,05,001,BAWANG MERAH / KECIL (PAKISTAN),F.A.Q,Kilogram,9,8.6,
31040014,2026-10-08,2026-10-08 08:57:39.234622,PERLIS,PERLIS,PASAR AWAM SENA,Runcit,26,Sayur-Sayuran,05,001,BAWANG MERAH / KECIL (PAKISTAN),F.A.Q,Kilogram,9,8.6,
31040015,2026-10-08,2026-10-08 08:57:39.234622,PERLIS,PERLIS,PASAR AWAM SENA,Runcit,26,Sayur-Sayuran,05,001,BAWANG MERAH / KECIL (THAI),F.A.Q,Kilogram,15,14.166667,
31040016,2026-10-08,2026-10-08 08:57:39.234622,PERLIS,PERLIS,PASAR AWAM SENA,Runcit,26,Sayur-Sayuran,05,001,BAWANG MERAH / KECIL (THAI),F.A.Q,Kilogram,15,14.166667,
31040017,2026-10-08,2026-10-08 08:57:39.234622,PERLIS,PERLIS,PASAR AWAM SENA,Runcit,26,Sayur-Sayuran,05,001,BAWANG MERAH / KECIL (THAI),F.A.Q,Kilogram,15,14.166667,
31040018,2026-10-08,2026-10-08 08:57:39.234622,PERLIS,PERLIS,PASAR AWAM SENA,Runcit,26,Sayur-Sayuran,05,001,BAWANG MERAH ROSE,F.A.Q,Kilogram,11,10.26,
31040019,2026-10-08,2026-10-08 08:57:39.234622,PERLIS,PERLIS,PASAR AWAM SENA,Runcit,26,Sayur-Sayuran,05,001,BAWANG MERAH ROSE,F.A.Q,Kilogram,11,10.26,
31040020,2026-10-08,2026-10-08 08:57:39.234622,PERLIS,PERLIS,PASAR AWAM SENA,Runcit,26,Sayur-Sayuran,05,001,BAWANG MERAH ROSE,F.A.Q,Kilogram,11,10.26,
31040021,2026-10-08,2026-10-08 08:57:39.234622,PERLIS,PERLIS,PASAR AWAM SENA,Runcit,26,Sayur-Sayuran,05,001,BAWANG PUTIH (CHINA),F.A.Q,Kilogram,9,10.294118,
31040022,2026-10-08,2026-10-08 08:57:39.234622,PERLIS,PERLIS,PASAR AWAM SENA,Runcit,26,Sayur-Sayuran,05,001,BAWANG PUTIH (CHINA),F.A.Q,Kilogram,9,10.294118,
31040023,2026-10-08,2026-10-08 08:57:39.234622,PERLIS,PERLIS,PASAR AWAM SENA,Runcit,26,Sayur-Sayuran,05,001,BAWANG PUTIH (CHINA),F.A.Q,Kilogram,9,10.294118,
31040024,2026-10-08,2026-10-08 08:57:49.191464,TERENGGANU,KUALA TERENGGANU,PASAR BESAR KEDAI PAYANG,Runcit,26,Sayur-Sayuran,05,001,BAWANG BESAR KUNING / HOLLAND,F.A.Q,Kilogram,5,5.07,
31040025,2026-10-08,2026-10-08 08:57:49.191464,TERENGGANU,KUALA TERENGGANU,PASAR BESAR KEDAI PAYANG,Runcit,26,Sayur-Sayuran,05,001,BAWANG BESAR MERAH (IMPORT),F.A.Q,Kilogram,5,4.28,
31040026,2026-10-08,2026-10-08 08:57:49.191464,TERENGGANU,KUALA TERENGGANU,PASAR BESAR KEDAI PAYANG,Runcit,26,Sayur-Sayuran,05,001,BAWANG BESAR MERAH (INDIA),F.A.Q,Kilogram,5,4.23,
31040027,2026-10-08,2026-10-08 08:57:49.191464,TERENGGANU,KUALA TERENGGANU,PASAR BESAR KEDAI PAYANG,Runcit,26,Sayur-Sayuran,05,001,BAWANG MERAH / KECIL (IMPORT),F.A.Q,Kilogram,5.6,6.56,
31040028,2026-10-08,2026-10-08 08:57:49.191464,TERENGGANU,KUALA TERENGGANU,PASAR BESAR KEDAI PAYANG,Runcit,26,Sayur-Sayuran,05,001,BAWANG MERAH / KECIL (INDIA),F.A.Q,Kilogram,6,7.04,
31040029,2026-10-08,2026-10-08 08:57:49.191464,TERENGGANU,KUALA TERENGGANU,PASAR BESAR KEDAI PAYANG,Runcit,26,Sayur-Sayuran,05,001,BAWANG MERAH ROSE,F.A.Q,Kilogram,11.2,12.98,
31040030,2026-10-08,2026-10-08 08:57:49.191464,TERENGGANU,KUALA TERENGGANU,PASAR BESAR KEDAI PAYANG,Runcit,26,Sayur-Sayuran,05,001,BAWANG PUTIH (CHINA),F.A.Q,Kilogram,10,8.52,
31040031,2026-10-08,2026-10-08 08:57:49.191464,TERENGGANU,KUALA TERENGGANU,PASAR BESAR KEDAI PAYANG,Runcit,26,Sayur-Sayuran,05,009,UBI KENTANG HOLLAND,F.A.Q,Kilogram,3.5,4.09,
31040032,2026-10-08,2026-10-08 08:58:27.237326,SABAH,SANDAKAN,[PASAR UMUM] SANDAKAN,Runcit,26,Ternakan,11,001,TELUR AYAM,A,Biji,0.65,0.47,
31040033,2026-10-08,2026-10-08 08:58:27.237326,SABAH,SANDAKAN,[PASAR UMUM] SANDAKAN,Runcit,26,Ternakan,11,001,TELUR AYAM,B,Biji,0.6,0.45,
31040034,2026-10-08,2026-10-08 08:58:27.237326,SABAH,SANDAKAN,[PASAR UMUM] SANDAKAN,Runcit,26,Ternakan,11,001,TELUR AYAM,C,Biji,0.56,0.43,
31040035,2026-10-08,2026-10-08 08:59:02.587565,PERLIS,PERLIS,PASAR AWAM SENA,Runcit,26,Tanaman Kontan,05,001,KELAPA DIKUPAS,SEDANG,Biji,2.5,2.5,
31040036,2026-10-08,2026-10-08 08:59:02.587565,PERLIS,PERLIS,PASAR AWAM SENA,Runcit,26,Tanaman Kontan,05,001,KELAPA DIKUPAS,SEDANG,Biji,2.5,2.5,
31040037,2026-10-08,2026-10-08 08:59:02.587565,PERLIS,PERLIS,PASAR AWAM SENA,Runcit,26,Tanaman Kontan,05,001,KELAPA DIKUPAS,SEDANG,Biji,2.5,2.5,
31040038,2026-10-08,2026-10-08 08:59:02.587565,PERLIS,PERLIS,PASAR AWAM SENA,Runcit,26,Tanaman Kontan,05,001,KELAPA DIKUPAS,SEDANG,Biji,2.5,2.5,
31040039,2026-10-08,2026-10-08 08:59:02.587565,PERLIS,PERLIS,PASAR AWAM SENA,Runcit,26,Lain-Lain Makanan Proses,15,001,SANTAN PEKAT,F.A.Q,Kilogram,15,15.104167,
31040040,2026-10-08,2026-10-08 08:59:02.587565,PERLIS,PERLIS,PASAR AWAM SENA,Runcit,26,Lain-Lain Makanan Proses,15,001,SANTAN PEKAT,F.A.Q,Kilogram,15.5,15.104167,
31040041,2026-10-08,2026-10-08 08:59:02.587565,PERLIS,PERLIS,PASAR AWAM SENA,Runcit,26,Lain-Lain Makanan Proses,15,001,SANTAN PEKAT,F.A.Q,Kilogram,15,15.104167,
31040042,2026-10-08,2026-10-08 08:59:02.587565,PERLIS,PERLIS,PASAR AWAM SENA,Runcit,26,Lain-Lain Makanan Proses,15,001,SANTAN PEKAT,F.A.Q,Kilogram,15,15.104167,
31040043,2026-10-08,2026-10-08 08:59:21.602955,TERENGGANU,KUALA TERENGGANU,PASAR BESAR KEDAI PAYANG,Runcit,26,Tanaman Kontan,05,001,KELAPA DIKUPAS,SEDANG,Biji,3.1,2.33,
31040044,2026-10-08,2026-10-08 08:59:23.20403,PULAU PINANG,SEBERANG PERAI SELATAN,LADANG KAMPUNG TASEK,Ladang,,Ternakan,01,003,AYAM HIDUP,F.A.Q,Kilogram,7.3,7.3,
31040045,2026-10-08,2026-10-08 08:59:23.20403,PULAU PINANG,SEBERANG PERAI SELATAN,LADANG KAMPUNG TASEK,Ladang,,Ternakan,11,001,TELUR AYAM,A,Biji,0.47,0.47,
31040046,2026-10-08,2026-10-08 08:59:23.20403,PULAU PINANG,SEBERANG PERAI SELATAN,LADANG KAMPUNG TASEK,Ladang,,Ternakan,11,001,TELUR AYAM,C,Biji,0.44,0.45,
31040047,2026-10-08,2026-10-08 08:59:23.20403,PULAU PINANG,SEBERANG PERAI SELATAN,LADANG KAMPUNG TASEK,Ladang,,Ternakan,11,001,TELUR AYAM,B,Biji,0.46,0.46,
31040057,2026-10-08,2026-10-08 08:59:43.657457,SABAH,PENAMPANG,PASAR BORONG PENAMPANG,Borong,20,Sayur-Sayuran,02,010,TERUNG PANJANG / PEPARU (TANAH RENDAH),F.A.Q,Kilogram,4,3.2857144,
31040058,2026-10-08,2026-10-08 08:59:43.657457,SABAH,PENAMPANG,PASAR BORONG PENAMPANG,Borong,20,Sayur-Sayuran,02,011,TIMUN HIJAU,F.A.Q,Kilogram,3,2.2,
31040060,2026-10-08,2026-10-08 09:00:12.304901,PULAU PINANG,SEBERANG PERAI UTARA,[PROJEK] TKPM ARA KUDA,Ladang,,Buah-Buahan,02,005,BETIK SEKAKI,F.A.Q,Kilogram,3.8,3.18,
31040061,2026-10-08,2026-10-08 09:00:12.304901,PULAU PINANG,SEBERANG PERAI UTARA,[PROJEK] TKPM ARA KUDA,Ladang,,Buah-Buahan,02,005,BETIK SEKAKI,F.A.Q,Kilogram,2.8,3.18,
31040062,2026-10-08,2026-10-08 09:00:12.304901,PULAU PINANG,SEBERANG PERAI UTARA,[PROJEK] TKPM ARA KUDA,Ladang,,Buah-Buahan,02,028,PISANG BERANGAN,F.A.Q,Kilogram,3.8,3.2789474,
31040063,2026-10-08,2026-10-08 09:00:12.304901,PULAU PINANG,SEBERANG PERAI UTARA,[PROJEK] TKPM ARA KUDA,Ladang,,Buah-Buahan,02,028,PISANG BERANGAN,F.A.Q,Kilogram,2.7,3.2789474,
31040064,2026-10-08,2026-10-08 09:00:12.304901,PULAU PINANG,SEBERANG PERAI UTARA,[PROJEK] TKPM ARA KUDA,Ladang,,Buah-Buahan,02,028,PISANG MAS,F.A.Q,Kilogram,3.5,3.1666667,
31040065,2026-10-08,2026-10-08 09:00:12.304901,PULAU PINANG,SEBERANG PERAI UTARA,[PROJEK] TKPM ARA KUDA,Ladang,,Buah-Buahan,02,028,PISANG MAS,F.A.Q,Kilogram,2.5,3.1666667,
31040066,2026-10-08,2026-10-08 09:00:44.246848,KEDAH,KUALA MUDA,[PASAR] TAMAN ARKED,Runcit,26,Ternakan,03,002,AYAM PROSES STANDARD,F.A.Q,Kilogram,10.5,10,
31040067,2026-10-08,2026-10-08 09:01:11.87783,SELANGOR,SABAK BERNAM,[LOKASI KUTIPAN HARGA LADANG] SUNGAI AIR TAWAR,Ladang,,Buah-Buahan,02,028,PISANG BERANGAN,F.A.Q,Kilogram,3.2,2.72,
31040068,2026-10-08,2026-10-08 09:01:58.669173,SELANGOR,SABAK BERNAM,[LOKASI KUTIPAN HARGA LADANG] SUNGAI LEMAN,Ladang,,Sayur-Sayuran,04,002,KACANG BENDI,F.A.Q,Kilogram,3.5,4.27,
31040069,2026-10-08,2026-10-08 09:03:16.931225,PERLIS,PERLIS,PASAR BORONG KAMPUNG BAKAU,Borong,20,Sayur-Sayuran,03,001,BAYAM,F.A.Q,Kilogram,5,4.2083335,
31040070,2026-10-08,2026-10-08 09:03:16.931225,PERLIS,PERLIS,PASAR BORONG KAMPUNG BAKAU,Borong,20,Sayur-Sayuran,03,001,BAYAM,F.A.Q,Kilogram,5,4.2083335,
31040071,2026-10-08,2026-10-08 09:03:16.931225,PERLIS,PERLIS,PASAR BORONG KAMPUNG BAKAU,Borong,20,Sayur-Sayuran,03,001,BAYAM,F.A.Q,Kilogram,5,4.2083335,
31040072,2026-10-08,2026-10-08 09:03:16.931225,PERLIS,PERLIS,PASAR BORONG KAMPUNG BAKAU,Borong,20,Sayur-Sayuran,03,001,BAYAM,F.A.Q,Kilogram,5,4.2083335,
31040073,2026-10-08,2026-10-08 09:03:16.931225,PERLIS,PERLIS,PASAR BORONG KAMPUNG BAKAU,Borong,20,Sayur-Sayuran,02,002,CILI MERAH (THAILAND),F.A.Q,Kilogram,12,8.75,
31040074,2026-10-08,2026-10-08 09:03:16.931225,PERLIS,PERLIS,PASAR BORONG KAMPUNG BAKAU,Borong,20,Sayur-Sayuran,02,002,CILI MERAH (THAILAND),F.A.Q,Kilogram,12,8.75,
31040075,2026-10-08,2026-10-08 09:03:16.931225,PERLIS,PERLIS,PASAR BORONG KAMPUNG BAKAU,Borong,20,Sayur-Sayuran,02,002,CILI MERAH (THAILAND),F.A.Q,Kilogram,12,8.75,
31040076,2026-10-08,2026-10-08 09:03:16.931225,PERLIS,PERLIS,PASAR BORONG KAMPUNG BAKAU,Borong,20,Sayur-Sayuran,02,002,CILI MERAH (THAILAND),F.A.Q,Kilogram,12,8.75,
31040077,2026-10-08,2026-10-08 09:03:16.931225,PERLIS,PERLIS,PASAR BORONG KAMPUNG BAKAU,Borong,20,Sayur-Sayuran,02,002,CILI MERAH (VIETNAM),F.A.Q,Kilogram,7,6.0958333,
31040078,2026-10-08,2026-10-08 09:03:16.931225,PERLIS,PERLIS,PASAR BORONG KAMPUNG BAKAU,Borong,20,Sayur-Sayuran,02,002,CILI MERAH (VIETNAM),F.A.Q,Kilogram,7,6.0958333,
31040079,2026-10-08,2026-10-08 09:03:16.931225,PERLIS,PERLIS,PASAR BORONG KAMPUNG BAKAU,Borong,20,Sayur-Sayuran,02,002,CILI MERAH (VIETNAM),F.A.Q,Kilogram,7,6.0958333,
31040080,2026-10-08,2026-10-08 09:03:16.931225,PERLIS,PERLIS,PASAR BORONG KAMPUNG BAKAU,Borong,20,Sayur-Sayuran,02,002,CILI MERAH (VIETNAM),F.A.Q,Kilogram,7,6.0958333,
31040081,2026-10-08,2026-10-08 09:03:16.931225,PERLIS,PERLIS,PASAR BORONG KAMPUNG BAKAU,Borong,20,Sayur-Sayuran,02,002,CILI MERAH KULAI / KULAI HIBRID,F.A.Q,Kilogram,15,13.5,
31040082,2026-10-08,2026-10-08 09:03:16.931225,PERLIS,PERLIS,PASAR BORONG KAMPUNG BAKAU,Borong,20,Sayur-Sayuran,02,002,CILI MERAH KULAI / KULAI HIBRID,F.A.Q,Kilogram,15,13.5,
31040083,2026-10-08,2026-10-08 09:03:16.931225,PERLIS,PERLIS,PASAR BORONG KAMPUNG BAKAU,Borong,20,Sayur-Sayuran,02,002,CILI MERAH KULAI / KULAI HIBRID,F.A.Q,Kilogram,15,13.5,
31040084,2026-10-08,2026-10-08 09:03:16.931225,PERLIS,PERLIS,PASAR BORONG KAMPUNG BAKAU,Borong,20,Sayur-Sayuran,02,002,CILI MERAH KULAI / KULAI HIBRID,F.A.Q,Kilogram,15,13.5,
31040085,2026-10-08,2026-10-08 09:03:16.931225,PERLIS,PERLIS,PASAR BORONG KAMPUNG BAKAU,Borong,20,Sayur-Sayuran,02,002,CILI MERAH MINYAK,F.A.Q,Kilogram,9,9.375,
31040086,2026-10-08,2026-10-08 09:03:16.931225,PERLIS,PERLIS,PASAR BORONG KAMPUNG BAKAU,Borong,20,Sayur-Sayuran,02,002,CILI MERAH MINYAK,F.A.Q,Kilogram,9,9.375,
31040087,2026-10-08,2026-10-08 09:03:16.931225,PERLIS,PERLIS,PASAR BORONG KAMPUNG BAKAU,Borong,20,Sayur-Sayuran,02,002,CILI MERAH MINYAK,F.A.Q,Kilogram,9,9.375,
31040088,2026-10-08,2026-10-08 09:03:16.931225,PERLIS,PERLIS,PASAR BORONG KAMPUNG BAKAU,Borong,20,Sayur-Sayuran,02,002,CILI MERAH MINYAK,F.A.Q,Kilogram,9,9.375,
31040089,2026-10-08,2026-10-08 09:03:24.067899,SARAWAK,KUCHING,LADANG/KEBUN SIBURAN,Ladang,,Buah-Buahan,02,005,BETIK SEKAKI,F.A.Q,Kilogram,2,2,
31040090,2026-10-08,2026-10-08 09:03:24.067899,SARAWAK,KUCHING,LADANG/KEBUN SIBURAN,Ladang,,Buah-Buahan,02,028,PISANG BERANGAN,F.A.Q,Kilogram,4.5,4.5,
31040091,2026-10-08,2026-10-08 09:03:24.067899,SARAWAK,KUCHING,LADANG/KEBUN SIBURAN,Ladang,,Buah-Buahan,02,028,PISANG MAS,F.A.Q,Kilogram,2,1.6666666,
31040092,2026-10-08,2026-10-08 09:03:24.067899,SARAWAK,KUCHING,LADANG/KEBUN SIBURAN,Ladang,,Buah-Buahan,02,034,TEMBIKAI MERAH TANPA BIJI,F.A.Q,Kilogram,2.6,2.6166666,
31040093,2026-10-08,2026-10-08 09:03:43.553173,SARAWAK,KUCHING,LADANG/KEBUN SIBURAN,Ladang,,Tanaman Kontan,05,001,KELAPA DIKUPAS,SEDANG,Biji,1.2,1.2,
31040094,2026-10-08,2026-10-08 09:03:54.337048,KEDAH,KUALA MUDA,[PASAR] TAMAN ARKED,Runcit,26,Sayur-Sayuran,03,001,BAYAM,F.A.Q,Kilogram,5,5,
31040095,2026-10-08,2026-10-08 09:03:54.337048,KEDAH,KUALA MUDA,[PASAR] TAMAN ARKED,Runcit,26,Sayur-Sayuran,02,002,CILI MERAH KULAI / KULAI HIBRID,F.A.Q,Kilogram,17,17,
31040096,2026-10-08,2026-10-08 09:03:54.337048,KEDAH,KUALA MUDA,[PASAR] TAMAN ARKED,Runcit,26,Sayur-Sayuran,02,002,CILI MERAH MINYAK,F.A.Q,Kilogram,16,16,
31040097,2026-10-08,2026-10-08 09:03:54.337048,KEDAH,KUALA MUDA,[PASAR] TAMAN ARKED,Runcit,26,Sayur-Sayuran,04,002,KACANG BENDI,F.A.Q,Kilogram,7,8,
31040098,2026-10-08,2026-10-08 09:03:54.337048,KEDAH,KUALA MUDA,[PASAR] TAMAN ARKED,Runcit,26,Sayur-Sayuran,04,003,KACANG BUNCIS,F.A.Q,Kilogram,9,8,
31040099,2026-10-08,2026-10-08 09:03:54.337048,KEDAH,KUALA MUDA,[PASAR] TAMAN ARKED,Runcit,26,Sayur-Sayuran,04,007,KACANG PANJANG HIJAU,F.A.Q,Kilogram,6,6,
31040100,2026-10-08,2026-10-08 09:03:54.337048,KEDAH,KUALA MUDA,[PASAR] TAMAN ARKED,Runcit,26,Sayur-Sayuran,03,019,KANGKUNG,F.A.Q,Kilogram,4,4,
31040101,2026-10-08,2026-10-08 09:03:54.337048,KEDAH,KUALA MUDA,[PASAR] TAMAN ARKED,Runcit,26,Sayur-Sayuran,03,006,KUBIS BULAT (TANAH TINGGI),F.A.Q,Kilogram,5,5,
31040102,2026-10-08,2026-10-08 09:03:54.337048,KEDAH,KUALA MUDA,[PASAR] TAMAN ARKED,Runcit,26,Sayur-Sayuran,03,007,SAWI HIJAU,F.A.Q,Kilogram,5,5,
31040103,2026-10-08,2026-10-08 09:03:54.337048,KEDAH,KUALA MUDA,[PASAR] TAMAN ARKED,Runcit,26,Sayur-Sayuran,02,010,TERUNG PANJANG / PEPARU (TANAH RENDAH),F.A.Q,Kilogram,5,5.75,
31040104,2026-10-08,2026-10-08 09:03:54.337048,KEDAH,KUALA MUDA,[PASAR] TAMAN ARKED,Runcit,26,Sayur-Sayuran,02,011,TIMUN HIJAU,F.A.Q,Kilogram,4,4,
31040105,2026-10-08,2026-10-08 09:03:54.337048,KEDAH,KUALA MUDA,[PASAR] TAMAN ARKED,Runcit,26,Sayur-Sayuran,02,012,TOMATO (TANAH TINGGI),F.A.Q,Kilogram,5,5,
31040106,2026-10-08,2026-10-08 09:04:27.536984,PULAU PINANG,SEBERANG PERAI UTARA,[PROJEK] TKPM ARA KUDA,Ladang,,Sayur-Sayuran,03,001,BAYAM,F.A.Q,Kilogram,2.8,2.4666667,
31040107,2026-10-08,2026-10-08 09:04:27.536984,PULAU PINANG,SEBERANG PERAI UTARA,[PROJEK] TKPM ARA KUDA,Ladang,,Sayur-Sayuran,02,002,CILI MERAH KULAI / KULAI HIBRID,F.A.Q,Kilogram,13,11.892858,
31040108,2026-10-08,2026-10-08 09:04:27.536984,PULAU PINANG,SEBERANG PERAI UTARA,[PROJEK] TKPM ARA KUDA,Ladang,,Sayur-Sayuran,02,002,CILI MERAH KULAI / KULAI HIBRID,F.A.Q,Kilogram,7,11.892858,
31040109,2026-10-08,2026-10-08 09:04:27.536984,PULAU PINANG,SEBERANG PERAI UTARA,[PROJEK] TKPM ARA KUDA,Ladang,,Sayur-Sayuran,04,002,KACANG BENDI,F.A.Q,Kilogram,2.3,4.27,
31040110,2026-10-08,2026-10-08 09:04:27.536984,PULAU PINANG,SEBERANG PERAI UTARA,[PROJEK] TKPM ARA KUDA,Ladang,,Sayur-Sayuran,04,007,KACANG PANJANG HIJAU,F.A.Q,Kilogram,3.3,3.9,
31040111,2026-10-08,2026-10-08 09:04:27.536984,PULAU PINANG,SEBERANG PERAI UTARA,[PROJEK] TKPM ARA KUDA,Ladang,,Sayur-Sayuran,03,019,KANGKUNG,F.A.Q,Kilogram,2.3,1.45,
31040112,2026-10-08,2026-10-08 09:04:27.536984,PULAU PINANG,SEBERANG PERAI UTARA,[PROJEK] TKPM ARA KUDA,Ladang,,Sayur-Sayuran,03,007,SAWI HIJAU,F.A.Q,Kilogram,2.6,2.46,
31040113,2026-10-08,2026-10-08 09:04:27.536984,PULAU PINANG,SEBERANG PERAI UTARA,[PROJEK] TKPM ARA KUDA,Ladang,,Sayur-Sayuran,02,010,TERUNG PANJANG / PEPARU (TANAH RENDAH),F.A.Q,Kilogram,2.7,3.99,
31040114,2026-10-08,2026-10-08 09:04:27.536984,PULAU PINANG,SEBERANG PERAI UTARA,[PROJEK] TKPM ARA KUDA,Ladang,,Sayur-Sayuran,02,011,TIMUN HIJAU,F.A.Q,Kilogram,1.8,1.55,
31040115,2026-10-08,2026-10-08 09:04:31.111972,KEDAH,KUALA MUDA,[PASAR] TAMAN ARKED,Runcit,26,Ternakan,11,001,TELUR AYAM,A,Biji,0.55,0.5,
31040116,2026-10-08,2026-10-08 09:04:47.655244,SELANGOR,SABAK BERNAM,[LOKASI KUTIPAN HARGA LADANG] SUNGAI AIR TAWAR,Ladang,,Sayur-Sayuran,02,006,LABU MANIS,F.A.Q,Kilogram,1.8,1.84,
31040117,2026-10-08,2026-10-08 09:04:57.702342,SARAWAK,KUCHING,LADANG/KEBUN SIBURAN,Ladang,,Ternakan,11,001,TELUR AYAM,A,Biji,0.54,0.54,
31040118,2026-10-08,2026-10-08 09:04:57.702342,SARAWAK,KUCHING,LADANG/KEBUN SIBURAN,Ladang,,Ternakan,11,001,TELUR AYAM,C,Biji,0.48,0.48,
31040119,2026-10-08,2026-10-08 09:04:57.702342,SARAWAK,KUCHING,LADANG/KEBUN SIBURAN,Ladang,,Ternakan,11,001,TELUR AYAM,B,Biji,0.51,0.51,
31040120,2026-10-08,2026-10-08 09:05:12.247324,SABAH,SANDAKAN,[PASAR UMUM] SANDAKAN,Runcit,26,Sayur-Sayuran,05,001,BAWANG BESAR KUNING / HOLLAND,F.A.Q,Kilogram,8,8,
31040121,2026-10-08,2026-10-08 09:05:12.247324,SABAH,SANDAKAN,[PASAR UMUM] SANDAKAN,Runcit,26,Sayur-Sayuran,05,001,BAWANG MERAH / KECIL (INDIA),F.A.Q,Kilogram,12,11,
31040122,2026-10-08,2026-10-08 09:05:12.247324,SABAH,SANDAKAN,[PASAR UMUM] SANDAKAN,Runcit,26,Sayur-Sayuran,05,001,BAWANG MERAH ROSE,F.A.Q,Kilogram,11,10.5,
31040123,2026-10-08,2026-10-08 09:05:12.247324,SABAH,SANDAKAN,[PASAR UMUM] SANDAKAN,Runcit,26,Sayur-Sayuran,05,001,BAWANG PUTIH (CHINA),F.A.Q,Kilogram,11,10.5,
31040124,2026-10-08,2026-10-08 09:05:12.247324,SABAH,SANDAKAN,[PASAR UMUM] SANDAKAN,Runcit,26,Sayur-Sayuran,03,001,BAYAM,F.A.Q,Kilogram,6,6,
31040125,2026-10-08,2026-10-08 09:05:12.247324,SABAH,SANDAKAN,[PASAR UMUM] SANDAKAN,Runcit,26,Sayur-Sayuran,02,002,CILI HIJAU,F.A.Q,Kilogram,25,25,
31040126,2026-10-08,2026-10-08 09:05:12.247324,SABAH,SANDAKAN,[PASAR UMUM] SANDAKAN,Runcit,26,Sayur-Sayuran,02,002,CILI MERAH KULAI / KULAI HIBRID,F.A.Q,Kilogram,22,22,
31040127,2026-10-08,2026-10-08 09:05:12.247324,SABAH,SANDAKAN,[PASAR UMUM] SANDAKAN,Runcit,26,Sayur-Sayuran,02,002,CILI MERAH MINYAK,F.A.Q,Kilogram,20,20,
31040128,2026-10-08,2026-10-08 09:05:12.247324,SABAH,SANDAKAN,[PASAR UMUM] SANDAKAN,Runcit,26,Sayur-Sayuran,03,009,DAUN BAWANG,F.A.Q,Kilogram,12,13,
31040129,2026-10-08,2026-10-08 09:05:12.247324,SABAH,SANDAKAN,[PASAR UMUM] SANDAKAN,Runcit,26,Sayur-Sayuran,03,015,DAUN SUP (TANAH TINGGI),F.A.Q,Kilogram,18,19,
31040130,2026-10-08,2026-10-08 09:05:12.247324,SABAH,SANDAKAN,[PASAR UMUM] SANDAKAN,Runcit,26,Sayur-Sayuran,04,002,KACANG BENDI,F.A.Q,Kilogram,8,8,
31040131,2026-10-08,2026-10-08 09:05:12.247324,SABAH,SANDAKAN,[PASAR UMUM] SANDAKAN,Runcit,26,Sayur-Sayuran,04,003,KACANG BUNCIS,F.A.Q,Kilogram,10,10,
31040132,2026-10-08,2026-10-08 09:05:12.247324,SABAH,SANDAKAN,[PASAR UMUM] SANDAKAN,Runcit,26,Sayur-Sayuran,04,007,KACANG PANJANG HIJAU,F.A.Q,Kilogram,7,6.9375,
31040133,2026-10-08,2026-10-08 09:05:12.247324,SABAH,SANDAKAN,[PASAR UMUM] SANDAKAN,Runcit,26,Sayur-Sayuran,03,019,KANGKUNG,F.A.Q,Kilogram,5,5,
31040134,2026-10-08,2026-10-08 09:05:12.247324,SABAH,SANDAKAN,[PASAR UMUM] SANDAKAN,Runcit,26,Sayur-Sayuran,03,006,KUBIS BULAT (TANAH TINGGI),F.A.Q,Kilogram,6,6,
31040135,2026-10-08,2026-10-08 09:05:12.247324,SABAH,SANDAKAN,[PASAR UMUM] SANDAKAN,Runcit,26,Sayur-Sayuran,03,007,SAWI HIJAU TANAH TINGGI,F.A.Q,Kilogram,8,8,
31040136,2026-10-08,2026-10-08 09:05:12.247324,SABAH,SANDAKAN,[PASAR UMUM] SANDAKAN,Runcit,26,Sayur-Sayuran,02,010,TERUNG PANJANG / PEPARU (TANAH RENDAH),F.A.Q,Kilogram,6,6.125,
31040137,2026-10-08,2026-10-08 09:05:12.247324,SABAH,SANDAKAN,[PASAR UMUM] SANDAKAN,Runcit,26,Sayur-Sayuran,02,011,TIMUN HIJAU,F.A.Q,Kilogram,5,5,
31040138,2026-10-08,2026-10-08 09:05:12.247324,SABAH,SANDAKAN,[PASAR UMUM] SANDAKAN,Runcit,26,Sayur-Sayuran,02,012,TOMATO (TANAH TINGGI),F.A.Q,Kilogram,10,9.5,
31040139,2026-10-08,2026-10-08 09:05:12.247324,SABAH,SANDAKAN,[PASAR UMUM] SANDAKAN,Runcit,26,Sayur-Sayuran,05,009,UBI KENTANG HOLLAND,F.A.Q,Kilogram,5,5,
31040140,2026-10-08,2026-10-08 09:05:21.964577,SELANGOR,SABAK BERNAM,[LOKASI KUTIPAN HARGA LADANG] SUNGAI PANJANG,Ladang,,Sayur-Sayuran,02,011,TIMUN HIJAU,F.A.Q,Kilogram,2.3,1.86,
31040141,2026-10-08,2026-10-08 09:05:45.249514,KEDAH,PENDANG,PASAR AWAM PEKAN PENDANG,Runcit,26,Sayur-Sayuran,05,001,BAWANG BESAR KUNING / HOLLAND,F.A.Q,Kilogram,5,5,
31040142,2026-10-08,2026-10-08 09:05:45.249514,KEDAH,PENDANG,PASAR AWAM PEKAN PENDANG,Runcit,26,Sayur-Sayuran,05,001,BAWANG BESAR MERAH (CHINA),F.A.Q,Kilogram,7,8.5,
31040143,2026-10-08,2026-10-08 09:05:45.249514,KEDAH,PENDANG,PASAR AWAM PEKAN PENDANG,Runcit,26,Sayur-Sayuran,05,001,BAWANG BESAR MERAH (INDIA),F.A.Q,Kilogram,9,10,
31040144,2026-10-08,2026-10-08 09:05:45.249514,KEDAH,PENDANG,PASAR AWAM PEKAN PENDANG,Runcit,26,Sayur-Sayuran,05,001,BAWANG MERAH / KECIL (INDIA),F.A.Q,Kilogram,10,10,
31040145,2026-10-08,2026-10-08 09:05:45.249514,KEDAH,PENDANG,PASAR AWAM PEKAN PENDANG,Runcit,26,Sayur-Sayuran,05,001,BAWANG MERAH / KECIL (THAI),F.A.Q,Kilogram,13.5,13.5,
31040146,2026-10-08,2026-10-08 09:05:45.249514,KEDAH,PENDANG,PASAR AWAM PEKAN PENDANG,Runcit,26,Sayur-Sayuran,05,001,BAWANG MERAH ROSE,F.A.Q,Kilogram,10,10,
31040147,2026-10-08,2026-10-08 09:05:45.249514,KEDAH,PENDANG,PASAR AWAM PEKAN PENDANG,Runcit,26,Sayur-Sayuran,05,001,BAWANG PUTIH (CHINA),F.A.Q,Kilogram,12,12,
31040148,2026-10-08,2026-10-08 09:05:45.249514,KEDAH,PENDANG,PASAR AWAM PEKAN PENDANG,Runcit,26,Sayur-Sayuran,03,001,BAYAM,F.A.Q,Kilogram,4,4,
31040149,2026-10-08,2026-10-08 09:05:45.249514,KEDAH,PENDANG,PASAR AWAM PEKAN PENDANG,Runcit,26,Sayur-Sayuran,02,002,CILI HIJAU (IMPORT),F.A.Q,Kilogram,13,13,
31040150,2026-10-08,2026-10-08 09:05:45.249514,KEDAH,PENDANG,PASAR AWAM PEKAN PENDANG,Runcit,26,Sayur-Sayuran,02,002,CILI MERAH KULAI / KULAI HIBRID,F.A.Q,Kilogram,15,14.333333,
31040151,2026-10-08,2026-10-08 09:05:45.249514,KEDAH,PENDANG,PASAR AWAM PEKAN PENDANG,Runcit,26,Sayur-Sayuran,03,009,DAUN BAWANG,F.A.Q,Kilogram,9,8,
31040152,2026-10-08,2026-10-08 09:05:45.249514,KEDAH,PENDANG,PASAR AWAM PEKAN PENDANG,Runcit,26,Sayur-Sayuran,03,015,DAUN SUP (TANAH TINGGI),F.A.Q,Kilogram,10,9.333333,
31040153,2026-10-08,2026-10-08 09:05:45.249514,KEDAH,PENDANG,PASAR AWAM PEKAN PENDANG,Runcit,26,Sayur-Sayuran,04,002,KACANG BENDI,F.A.Q,Kilogram,8,8,
31040154,2026-10-08,2026-10-08 09:05:45.249514,KEDAH,PENDANG,PASAR AWAM PEKAN PENDANG,Runcit,26,Sayur-Sayuran,04,003,KACANG BUNCIS,F.A.Q,Kilogram,11,10.333333,
31040155,2026-10-08,2026-10-08 09:05:45.249514,KEDAH,PENDANG,PASAR AWAM PEKAN PENDANG,Runcit,26,Sayur-Sayuran,04,007,KACANG PANJANG HIJAU,F.A.Q,Kilogram,7,7,
31040156,2026-10-08,2026-10-08 09:05:45.249514,KEDAH,PENDANG,PASAR AWAM PEKAN PENDANG,Runcit,26,Sayur-Sayuran,03,019,KANGKUNG,F.A.Q,Kilogram,4,4,
31040157,2026-10-08,2026-10-08 09:05:45.249514,KEDAH,PENDANG,PASAR AWAM PEKAN PENDANG,Runcit,26,Sayur-Sayuran,03,006,KUBIS BULAT (CHINA),F.A.Q,Kilogram,4,4,
31040158,2026-10-08,2026-10-08 09:05:45.249514,KEDAH,PENDANG,PASAR AWAM PEKAN PENDANG,Runcit,26,Sayur-Sayuran,03,007,SAWI HIJAU,F.A.Q,Kilogram,6,5.3333335,
31040159,2026-10-08,2026-10-08 09:05:45.249514,KEDAH,PENDANG,PASAR AWAM PEKAN PENDANG,Runcit,26,Sayur-Sayuran,03,007,SAWI HIJAU TANAH TINGGI,F.A.Q,Kilogram,6,5.3333335,
31040160,2026-10-08,2026-10-08 09:05:45.249514,KEDAH,PENDANG,PASAR AWAM PEKAN PENDANG,Runcit,26,Sayur-Sayuran,02,010,TERUNG PANJANG / PEPARU (TANAH RENDAH),F.A.Q,Kilogram,7,7,
31040161,2026-10-08,2026-10-08 09:05:45.249514,KEDAH,PENDANG,PASAR AWAM PEKAN PENDANG,Runcit,26,Sayur-Sayuran,02,011,TIMUN HIJAU,F.A.Q,Kilogram,3,3,
31040162,2026-10-08,2026-10-08 09:05:45.249514,KEDAH,PENDANG,PASAR AWAM PEKAN PENDANG,Runcit,26,Sayur-Sayuran,02,012,TOMATO (TANAH TINGGI),F.A.Q,Kilogram,8,8.333333,
31040163,2026-10-08,2026-10-08 09:05:45.249514,KEDAH,PENDANG,PASAR AWAM PEKAN PENDANG,Runcit,26,Sayur-Sayuran,05,009,UBI KENTANG (IMPORT),F.A.Q,Kilogram,5,5,
31040164,2026-10-08,2026-10-08 09:05:45.249514,KEDAH,PENDANG,PASAR AWAM PEKAN PENDANG,Runcit,26,Sayur-Sayuran,05,009,UBI KENTANG HOLLAND,F.A.Q,Kilogram,5,5,
31040165,2026-10-08,2026-10-08 09:05:53.482797,PAHANG,KUANTAN,PASAR BESAR KUANTAN,Runcit,26,Sayur-Sayuran,02,010,TERUNG PANJANG / PEPARU (TANAH RENDAH),F.A.Q,Kilogram,10,10.321818,
31040166,2026-10-08,2026-10-08 09:05:53.482797,PAHANG,KUANTAN,PASAR BESAR KUANTAN,Runcit,26,Sayur-Sayuran,02,010,TERUNG PANJANG / PEPARU (TANAH RENDAH),F.A.Q,Kilogram,9.5,10.321818,
31040167,2026-10-08,2026-10-08 09:05:53.482797,PAHANG,KUANTAN,PASAR BESAR KUANTAN,Runcit,26,Sayur-Sayuran,02,010,TERUNG PANJANG / PEPARU (TANAH RENDAH),F.A.Q,Kilogram,9.5,10.321818,
31040168,2026-10-08,2026-10-08 09:05:53.482797,PAHANG,KUANTAN,PASAR BESAR KUANTAN,Runcit,26,Sayur-Sayuran,02,010,TERUNG PANJANG / PEPARU (TANAH RENDAH),F.A.Q,Kilogram,10,10.321818,
31040169,2026-10-08,2026-10-08 09:05:53.482797,PAHANG,KUANTAN,PASAR BESAR KUANTAN,Runcit,26,Sayur-Sayuran,02,010,TERUNG PANJANG / PEPARU (TANAH RENDAH),F.A.Q,Kilogram,9.5,10.321818,
31040170,2026-10-08,2026-10-08 09:06:21.532053,PULAU PINANG,SEBERANG PERAI TENGAH,PASAR AWAM SEBERANG JAYA,Runcit,26,Sayur-Sayuran,03,001,BAYAM,F.A.Q,Kilogram,6,5.230769,
31040171,2026-10-08,2026-10-08 09:06:21.532053,PULAU PINANG,SEBERANG PERAI TENGAH,PASAR AWAM SEBERANG JAYA,Runcit,26,Sayur-Sayuran,02,002,CILI HIJAU,F.A.Q,Kilogram,16,15.6875,
31040172,2026-10-08,2026-10-08 09:06:21.532053,PULAU PINANG,SEBERANG PERAI TENGAH,PASAR AWAM SEBERANG JAYA,Runcit,26,Sayur-Sayuran,02,002,CILI MERAH KULAI / KULAI HIBRID,F.A.Q,Kilogram,23,20.722221,
31040173,2026-10-08,2026-10-08 09:06:21.532053,PULAU PINANG,SEBERANG PERAI TENGAH,PASAR AWAM SEBERANG JAYA,Runcit,26,Sayur-Sayuran,02,002,CILI MERAH KULAI / KULAI HIBRID,F.A.Q,Kilogram,17,20.722221,
31040174,2026-10-08,2026-10-08 09:06:21.532053,PULAU PINANG,SEBERANG PERAI TENGAH,PASAR AWAM SEBERANG JAYA,Runcit,26,Sayur-Sayuran,02,002,CILI MERAH MINYAK,F.A.Q,Kilogram,18,16.807692,
31040175,2026-10-08,2026-10-08 09:06:21.532053,PULAU PINANG,SEBERANG PERAI TENGAH,PASAR AWAM SEBERANG JAYA,Runcit,26,Sayur-Sayuran,03,009,DAUN BAWANG,F.A.Q,Kilogram,16,9.6,
31040176,2026-10-08,2026-10-08 09:06:21.532053,PULAU PINANG,SEBERANG PERAI TENGAH,PASAR AWAM SEBERANG JAYA,Runcit,26,Sayur-Sayuran,03,015,DAUN SUP (TANAH TINGGI),F.A.Q,Kilogram,8,13.35,
31040177,2026-10-08,2026-10-08 09:06:21.532053,PULAU PINANG,SEBERANG PERAI TENGAH,PASAR AWAM SEBERANG JAYA,Runcit,26,Sayur-Sayuran,04,002,KACANG BENDI,F.A.Q,Kilogram,10,10,
31040178,2026-10-08,2026-10-08 09:06:21.532053,PULAU PINANG,SEBERANG PERAI TENGAH,PASAR AWAM SEBERANG JAYA,Runcit,26,Sayur-Sayuran,04,003,KACANG BUNCIS,F.A.Q,Kilogram,16,15,
31040179,2026-10-08,2026-10-08 09:06:21.532053,PULAU PINANG,SEBERANG PERAI TENGAH,PASAR AWAM SEBERANG JAYA,Runcit,26,Sayur-Sayuran,04,007,KACANG PANJANG HIJAU,F.A.Q,Kilogram,10,8.961538,
31040180,2026-10-08,2026-10-08 09:06:21.532053,PULAU PINANG,SEBERANG PERAI TENGAH,PASAR AWAM SEBERANG JAYA,Runcit,26,Sayur-Sayuran,03,019,KANGKUNG,F.A.Q,Kilogram,6,5.1764708,
31040181,2026-10-08,2026-10-08 09:06:21.532053,PULAU PINANG,SEBERANG PERAI TENGAH,PASAR AWAM SEBERANG JAYA,Runcit,26,Sayur-Sayuran,03,006,KUBIS BULAT (CHINA),F.A.Q,Kilogram,4,3.29,
31040182,2026-10-08,2026-10-08 09:06:21.532053,PULAU PINANG,SEBERANG PERAI TENGAH,PASAR AWAM SEBERANG JAYA,Runcit,26,Sayur-Sayuran,03,006,KUBIS BULAT (INDONESIA),F.A.Q,Kilogram,4.5,4.5,
31040183,2026-10-08,2026-10-08 09:06:21.532053,PULAU PINANG,SEBERANG PERAI TENGAH,PASAR AWAM SEBERANG JAYA,Runcit,26,Sayur-Sayuran,03,006,KUBIS BULAT (TANAH TINGGI),F.A.Q,Kilogram,6,6,
31040184,2026-10-08,2026-10-08 09:06:21.532053,PULAU PINANG,SEBERANG PERAI TENGAH,PASAR AWAM SEBERANG JAYA,Runcit,26,Sayur-Sayuran,03,007,SAWI HIJAU,F.A.Q,Kilogram,6,5.1923075,
31040185,2026-10-08,2026-10-08 09:06:21.532053,PULAU PINANG,SEBERANG PERAI TENGAH,PASAR AWAM SEBERANG JAYA,Runcit,26,Sayur-Sayuran,03,007,SAWI HIJAU TANAH TINGGI,F.A.Q,Kilogram,12,5.9333334,
31040186,2026-10-08,2026-10-08 09:06:21.532053,PULAU PINANG,SEBERANG PERAI TENGAH,PASAR AWAM SEBERANG JAYA,Runcit,26,Sayur-Sayuran,02,010,TERUNG PANJANG / PEPARU (TANAH RENDAH),F.A.Q,Kilogram,10,10.444445,
31040187,2026-10-08,2026-10-08 09:06:21.532053,PULAU PINANG,SEBERANG PERAI TENGAH,PASAR AWAM SEBERANG JAYA,Runcit,26,Sayur-Sayuran,02,011,TIMUN HIJAU,F.A.Q,Kilogram,5,4.6041665,
31040188,2026-10-08,2026-10-08 09:06:21.532053,PULAU PINANG,SEBERANG PERAI TENGAH,PASAR AWAM SEBERANG JAYA,Runcit,26,Sayur-Sayuran,02,011,TIMUN HIJAU (IMPORT),F.A.Q,Kilogram,5,3.5,
31040189,2026-10-08,2026-10-08 09:06:21.532053,PULAU PINANG,SEBERANG PERAI TENGAH,PASAR AWAM SEBERANG JAYA,Runcit,26,Sayur-Sayuran,02,012,TOMATO (TANAH TINGGI),F.A.Q,Kilogram,7,7.652174,
31040190,2026-10-08,2026-10-08 09:06:21.532053,PULAU PINANG,SEBERANG PERAI TENGAH,PASAR AWAM SEBERANG JAYA,Runcit,26,Sayur-Sayuran,05,009,UBI KENTANG (IMPORT),F.A.Q,Kilogram,4,4,
31040191,2026-10-08,2026-10-08 09:06:51.296451,PULAU PINANG,SEBERANG PERAI TENGAH,PASAR AWAM SEBERANG JAYA,Runcit,26,Ternakan,03,002,AYAM PROSES STANDARD,F.A.Q,Kilogram,11.2,11.195238,
31040192,2026-10-08,2026-10-08 09:06:51.296451,PULAU PINANG,SEBERANG PERAI TENGAH,PASAR AWAM SEBERANG JAYA,Runcit,26,Ternakan,02,003,DAGING LEMBU PEJAL,F.A.Q,Kilogram,39,38,
31040193,2026-10-08,2026-10-08 09:06:51.296451,PULAU PINANG,SEBERANG PERAI TENGAH,PASAR AWAM SEBERANG JAYA,Runcit,26,Ternakan,02,003,DAGING LEMBU PEJAL,F.A.Q,Kilogram,37,38,
31040194,2026-10-08,2026-10-08 09:06:51.296451,PULAU PINANG,SEBERANG PERAI TENGAH,PASAR AWAM SEBERANG JAYA,Runcit,26,Ternakan,11,001,TELUR AYAM,A,Biji,0.55,0.55,
31040195,2026-10-08,2026-10-08 09:06:51.296451,PULAU PINANG,SEBERANG PERAI TENGAH,PASAR AWAM SEBERANG JAYA,Runcit,26,Ternakan,11,001,TELUR AYAM,B,Biji,0.54,0.54,
31040196,2026-10-08,2026-10-08 09:06:51.296451,PULAU PINANG,SEBERANG PERAI TENGAH,PASAR AWAM SEBERANG JAYA,Runcit,26,Ternakan,11,001,TELUR AYAM,C,Biji,0.5,0.5,
31040197,2026-10-08,2026-10-08 09:07:03.918265,PULAU PINANG,SEBERANG PERAI TENGAH,PASAR AWAM SEBERANG JAYA,Runcit,26,Ternakan,03,002,AYAM PROSES STANDARD,F.A.Q,Kilogram,11.2,11.195238,
31040198,2026-10-08,2026-10-08 09:07:34.736369,SELANGOR,SABAK BERNAM,[LOKASI KUTIPAN HARGA LADANG] SUNGAI LEMAN,Ladang,,Tanaman Kontan,03,001,JAGUNG MANIS,F.A.Q,Tongkol,1,0.8,
31040199,2026-10-08,2026-10-08 09:07:34.736369,SELANGOR,SABAK BERNAM,[LOKASI KUTIPAN HARGA LADANG] SUNGAI LEMAN,Ladang,,Tanaman Kontan,02,001,UBI KAYU,F.A.Q,Kilogram,1.6,1.25,
31040200,2026-10-08,2026-10-08 09:08:22.751107,SELANGOR,SABAK BERNAM,[LOKASI KUTIPAN HARGA LADANG] SUNGAI PANJANG,Ladang,,Sayur-Sayuran,07,003,PETAI,F.A.Q,RM/5 Keping,3,3,
31040201,2026-10-08,2026-10-08 09:08:29.920828,SABAH,SANDAKAN,[PASAR UMUM] SANDAKAN,Runcit,26,Sayur-Sayuran,05,001,BAWANG BESAR KUNING / HOLLAND,F.A.Q,Kilogram,8,8,
31040202,2026-10-08,2026-10-08 09:08:29.920828,SABAH,SANDAKAN,[PASAR UMUM] SANDAKAN,Runcit,26,Sayur-Sayuran,05,001,BAWANG MERAH / KECIL (INDIA),F.A.Q,Kilogram,12,11,
31040203,2026-10-08,2026-10-08 09:08:29.920828,SABAH,SANDAKAN,[PASAR UMUM] SANDAKAN,Runcit,26,Sayur-Sayuran,05,001,BAWANG MERAH ROSE,F.A.Q,Kilogram,11,10.5,
31040204,2026-10-08,2026-10-08 09:08:29.920828,SABAH,SANDAKAN,[PASAR UMUM] SANDAKAN,Runcit,26,Sayur-Sayuran,05,001,BAWANG PUTIH (CHINA),F.A.Q,Kilogram,11,10.5,
31040205,2026-10-08,2026-10-08 09:08:29.920828,SABAH,SANDAKAN,[PASAR UMUM] SANDAKAN,Runcit,26,Sayur-Sayuran,03,001,BAYAM,F.A.Q,Kilogram,6,6,
31040206,2026-10-08,2026-10-08 09:08:29.920828,SABAH,SANDAKAN,[PASAR UMUM] SANDAKAN,Runcit,26,Sayur-Sayuran,02,002,CILI HIJAU,F.A.Q,Kilogram,25,25,
31040207,2026-10-08,2026-10-08 09:08:29.920828,SABAH,SANDAKAN,[PASAR UMUM] SANDAKAN,Runcit,26,Sayur-Sayuran,02,002,CILI MERAH KULAI / KULAI HIBRID,F.A.Q,Kilogram,22,22,
31040208,2026-10-08,2026-10-08 09:08:29.920828,SABAH,SANDAKAN,[PASAR UMUM] SANDAKAN,Runcit,26,Sayur-Sayuran,02,002,CILI MERAH MINYAK,F.A.Q,Kilogram,20,20,
31040209,2026-10-08,2026-10-08 09:08:29.920828,SABAH,SANDAKAN,[PASAR UMUM] SANDAKAN,Runcit,26,Sayur-Sayuran,03,009,DAUN BAWANG,F.A.Q,Kilogram,12,13,
31040210,2026-10-08,2026-10-08 09:08:29.920828,SABAH,SANDAKAN,[PASAR UMUM] SANDAKAN,Runcit,26,Sayur-Sayuran,03,015,DAUN SUP (TANAH TINGGI),F.A.Q,Kilogram,18,19,
31040211,2026-10-08,2026-10-08 09:08:29.920828,SABAH,SANDAKAN,[PASAR UMUM] SANDAKAN,Runcit,26,Sayur-Sayuran,04,002,KACANG BENDI,F.A.Q,Kilogram,8,8,
31040212,2026-10-08,2026-10-08 09:08:29.920828,SABAH,SANDAKAN,[PASAR UMUM] SANDAKAN,Runcit,26,Sayur-Sayuran,04,003,KACANG BUNCIS,F.A.Q,Kilogram,10,10,
31040213,2026-10-08,2026-10-08 09:08:29.920828,SABAH,SANDAKAN,[PASAR UMUM] SANDAKAN,Runcit,26,Sayur-Sayuran,04,007,KACANG PANJANG HIJAU,F.A.Q,Kilogram,7,6.9375,
31040214,2026-10-08,2026-10-08 09:08:29.920828,SABAH,SANDAKAN,[PASAR UMUM] SANDAKAN,Runcit,26,Sayur-Sayuran,03,019,KANGKUNG,F.A.Q,Kilogram,5,5,
31040215,2026-10-08,2026-10-08 09:08:29.920828,SABAH,SANDAKAN,[PASAR UMUM] SANDAKAN,Runcit,26,Sayur-Sayuran,03,006,KUBIS BULAT (TANAH TINGGI),F.A.Q,Kilogram,6,6,
31040216,2026-10-08,2026-10-08 09:08:29.920828,SABAH,SANDAKAN,[PASAR UMUM] SANDAKAN,Runcit,26,Sayur-Sayuran,03,007,SAWI HIJAU TANAH TINGGI,F.A.Q,Kilogram,8,8,
31040217,2026-10-08,2026-10-08 09:08:29.920828,SABAH,SANDAKAN,[PASAR UMUM] SANDAKAN,Runcit,26,Sayur-Sayuran,02,010,TERUNG PANJANG / PEPARU (TANAH RENDAH),F.A.Q,Kilogram,6,6.125,
31040218,2026-10-08,2026-10-08 09:08:29.920828,SABAH,SANDAKAN,[PASAR UMUM] SANDAKAN,Runcit,26,Sayur-Sayuran,02,011,TIMUN HIJAU,F.A.Q,Kilogram,5,5,
31040219,2026-10-08,2026-10-08 09:08:29.920828,SABAH,SANDAKAN,[PASAR UMUM] SANDAKAN,Runcit,26,Sayur-Sayuran,02,012,TOMATO (TANAH TINGGI),F.A.Q,Kilogram,10.01,9.5,
31040220,2026-10-08,2026-10-08 09:08:29.920828,SABAH,SANDAKAN,[PASAR UMUM] SANDAKAN,Runcit,26,Sayur-Sayuran,05,009,UBI KENTANG HOLLAND,F.A.Q,Kilogram,5,5,
31040221,2026-10-08,2026-10-08 09:09:13.70312,PERLIS,PERLIS,PASAR BORONG KAMPUNG BAKAU,Borong,20,Sayur-Sayuran,03,009,DAUN BAWANG,F.A.Q,Kilogram,6,6.0833335,
31040222,2026-10-08,2026-10-08 09:09:13.70312,PERLIS,PERLIS,PASAR BORONG KAMPUNG BAKAU,Borong,20,Sayur-Sayuran,03,009,DAUN BAWANG,F.A.Q,Kilogram,6,6.0833335,
31040223,2026-10-08,2026-10-08 09:09:13.70312,PERLIS,PERLIS,PASAR BORONG KAMPUNG BAKAU,Borong,20,Sayur-Sayuran,03,009,DAUN BAWANG,F.A.Q,Kilogram,6,6.0833335,
31040224,2026-10-08,2026-10-08 09:09:13.70312,PERLIS,PERLIS,PASAR BORONG KAMPUNG BAKAU,Borong,20,Sayur-Sayuran,03,009,DAUN BAWANG,F.A.Q,Kilogram,6,6.0833335,
31040225,2026-10-08,2026-10-08 09:09:13.70312,PERLIS,PERLIS,PASAR BORONG KAMPUNG BAKAU,Borong,20,Sayur-Sayuran,03,009,DAUN BAWANG (IMPORT),F.A.Q,Kilogram,7,6.0833335,
31040226,2026-10-08,2026-10-08 09:09:13.70312,PERLIS,PERLIS,PASAR BORONG KAMPUNG BAKAU,Borong,20,Sayur-Sayuran,03,009,DAUN BAWANG (IMPORT),F.A.Q,Kilogram,7,6.0833335,
31040227,2026-10-08,2026-10-08 09:09:13.70312,PERLIS,PERLIS,PASAR BORONG KAMPUNG BAKAU,Borong,20,Sayur-Sayuran,03,009,DAUN BAWANG (IMPORT),F.A.Q,Kilogram,7,6.0833335,
31040228,2026-10-08,2026-10-08 09:09:13.70312,PERLIS,PERLIS,PASAR BORONG KAMPUNG BAKAU,Borong,20,Sayur-Sayuran,03,009,DAUN BAWANG (IMPORT),F.A.Q,Kilogram,7,6.0833335,
31040229,2026-10-08,2026-10-08 09:09:13.70312,PERLIS,PERLIS,PASAR BORONG KAMPUNG BAKAU,Borong,20,Sayur-Sayuran,03,015,DAUN SUP (IMPORT),F.A.Q,Kilogram,9,7.6666665,
31040230,2026-10-08,2026-10-08 09:09:13.70312,PERLIS,PERLIS,PASAR BORONG KAMPUNG BAKAU,Borong,20,Sayur-Sayuran,03,015,DAUN SUP (IMPORT),F.A.Q,Kilogram,9,7.6666665,
31040231,2026-10-08,2026-10-08 09:09:13.70312,PERLIS,PERLIS,PASAR BORONG KAMPUNG BAKAU,Borong,20,Sayur-Sayuran,03,015,DAUN SUP (IMPORT),F.A.Q,Kilogram,9,7.6666665,
31040232,2026-10-08,2026-10-08 09:09:13.70312,PERLIS,PERLIS,PASAR BORONG KAMPUNG BAKAU,Borong,20,Sayur-Sayuran,03,015,DAUN SUP (IMPORT),F.A.Q,Kilogram,9,7.6666665,
31040233,2026-10-08,2026-10-08 09:09:13.70312,PERLIS,PERLIS,PASAR BORONG KAMPUNG BAKAU,Borong,20,Sayur-Sayuran,03,015,DAUN SUP (TANAH TINGGI),F.A.Q,Kilogram,12,10.833333,
31040234,2026-10-08,2026-10-08 09:09:13.70312,PERLIS,PERLIS,PASAR BORONG KAMPUNG BAKAU,Borong,20,Sayur-Sayuran,03,015,DAUN SUP (TANAH TINGGI),F.A.Q,Kilogram,12,10.833333,
31040235,2026-10-08,2026-10-08 09:09:13.70312,PERLIS,PERLIS,PASAR BORONG KAMPUNG BAKAU,Borong,20,Sayur-Sayuran,03,015,DAUN SUP (TANAH TINGGI),F.A.Q,Kilogram,12,10.833333,
31040236,2026-10-08,2026-10-08 09:09:13.70312,PERLIS,PERLIS,PASAR BORONG KAMPUNG BAKAU,Borong,20,Sayur-Sayuran,03,015,DAUN SUP (TANAH TINGGI),F.A.Q,Kilogram,12,10.833333,
31040237,2026-10-08,2026-10-08 09:09:13.70312,PERLIS,PERLIS,PASAR BORONG KAMPUNG BAKAU,Borong,20,Sayur-Sayuran,04,002,KACANG BENDI,F.A.Q,Kilogram,6,6,
31040238,2026-10-08,2026-10-08 09:09:13.70312,PERLIS,PERLIS,PASAR BORONG KAMPUNG BAKAU,Borong,20,Sayur-Sayuran,04,002,KACANG BENDI,F.A.Q,Kilogram,6,6,
31040239,2026-10-08,2026-10-08 09:09:13.70312,PERLIS,PERLIS,PASAR BORONG KAMPUNG BAKAU,Borong,20,Sayur-Sayuran,04,002,KACANG BENDI,F.A.Q,Kilogram,6,6,
31040240,2026-10-08,2026-10-08 09:09:13.70312,PERLIS,PERLIS,PASAR BORONG KAMPUNG BAKAU,Borong,20,Sayur-Sayuran,04,002,KACANG BENDI,F.A.Q,Kilogram,6,6,
31040241,2026-10-08,2026-10-08 09:09:13.70312,PERLIS,PERLIS,PASAR BORONG KAMPUNG BAKAU,Borong,20,Sayur-Sayuran,04,003,KACANG BUNCIS,F.A.Q,Kilogram,9,9.666667,
31040242,2026-10-08,2026-10-08 09:09:13.70312,PERLIS,PERLIS,PASAR BORONG KAMPUNG BAKAU,Borong,20,Sayur-Sayuran,04,003,KACANG BUNCIS,F.A.Q,Kilogram,9,9.666667,
31040243,2026-10-08,2026-10-08 09:09:13.70312,PERLIS,PERLIS,PASAR BORONG KAMPUNG BAKAU,Borong,20,Sayur-Sayuran,04,003,KACANG BUNCIS,F.A.Q,Kilogram,9,9.666667,
31040244,2026-10-08,2026-10-08 09:09:13.70312,PERLIS,PERLIS,PASAR BORONG KAMPUNG BAKAU,Borong,20,Sayur-Sayuran,04,003,KACANG BUNCIS,F.A.Q,Kilogram,9,9.666667,
31040245,2026-10-08,2026-10-08 09:09:13.70312,PERLIS,PERLIS,PASAR BORONG KAMPUNG BAKAU,Borong,20,Sayur-Sayuran,04,003,KACANG BUNCIS (IMPORT),F.A.Q,Kilogram,10,8.166667,
31040246,2026-10-08,2026-10-08 09:09:13.70312,PERLIS,PERLIS,PASAR BORONG KAMPUNG BAKAU,Borong,20,Sayur-Sayuran,04,003,KACANG BUNCIS (IMPORT),F.A.Q,Kilogram,10,8.166667,
31040247,2026-10-08,2026-10-08 09:09:13.70312,PERLIS,PERLIS,PASAR BORONG KAMPUNG BAKAU,Borong,20,Sayur-Sayuran,04,003,KACANG BUNCIS (IMPORT),F.A.Q,Kilogram,10,8.166667,
31040248,2026-10-08,2026-10-08 09:09:13.70312,PERLIS,PERLIS,PASAR BORONG KAMPUNG BAKAU,Borong,20,Sayur-Sayuran,04,003,KACANG BUNCIS (IMPORT),F.A.Q,Kilogram,10,8.166667,
31040249,2026-10-08,2026-10-08 09:09:13.70312,PERLIS,PERLIS,PASAR BORONG KAMPUNG BAKAU,Borong,20,Sayur-Sayuran,04,007,KACANG PANJANG (IMPORT),F.A.Q,Kilogram,7,6.0833335,
31040250,2026-10-08,2026-10-08 09:09:13.70312,PERLIS,PERLIS,PASAR BORONG KAMPUNG BAKAU,Borong,20,Sayur-Sayuran,04,007,KACANG PANJANG (IMPORT),F.A.Q,Kilogram,7,6.0833335,
31040251,2026-10-08,2026-10-08 09:09:13.70312,PERLIS,PERLIS,PASAR BORONG KAMPUNG BAKAU,Borong,20,Sayur-Sayuran,04,007,KACANG PANJANG (IMPORT),F.A.Q,Kilogram,7,6.0833335,
31040252,2026-10-08,2026-10-08 09:09:13.70312,PERLIS,PERLIS,PASAR BORONG KAMPUNG BAKAU,Borong,20,Sayur-Sayuran,04,007,KACANG PANJANG (IMPORT),F.A.Q,Kilogram,7,6.0833335,
31040253,2026-10-08,2026-10-08 09:09:13.70312,PERLIS,PERLIS,PASAR BORONG KAMPUNG BAKAU,Borong,20,Sayur-Sayuran,04,007,KACANG PANJANG HIJAU,F.A.Q,Kilogram,5,5,
31040254,2026-10-08,2026-10-08 09:09:13.70312,PERLIS,PERLIS,PASAR BORONG KAMPUNG BAKAU,Borong,20,Sayur-Sayuran,04,007,KACANG PANJANG HIJAU,F.A.Q,Kilogram,5,5,
31040255,2026-10-08,2026-10-08 09:09:13.70312,PERLIS,PERLIS,PASAR BORONG KAMPUNG BAKAU,Borong,20,Sayur-Sayuran,04,007,KACANG PANJANG HIJAU,F.A.Q,Kilogram,5,5,
31040256,2026-10-08,2026-10-08 09:09:13.70312,PERLIS,PERLIS,PASAR BORONG KAMPUNG BAKAU,Borong,20,Sayur-Sayuran,04,007,KACANG PANJANG HIJAU,F.A.Q,Kilogram,5,5,
31040257,2026-10-08,2026-10-08 09:09:13.70312,PERLIS,PERLIS,PASAR BORONG KAMPUNG BAKAU,Borong,20,Sayur-Sayuran,03,019,KANGKUNG,F.A.Q,Kilogram,4.5,4.0833335,
31040258,2026-10-08,2026-10-08 09:09:13.70312,PERLIS,PERLIS,PASAR BORONG KAMPUNG BAKAU,Borong,20,Sayur-Sayuran,03,019,KANGKUNG,F.A.Q,Kilogram,4.5,4.0833335,
31040259,2026-10-08,2026-10-08 09:09:13.70312,PERLIS,PERLIS,PASAR BORONG KAMPUNG BAKAU,Borong,20,Sayur-Sayuran,03,019,KANGKUNG,F.A.Q,Kilogram,4.5,4.0833335,
31040260,2026-10-08,2026-10-08 09:09:13.70312,PERLIS,PERLIS,PASAR BORONG KAMPUNG BAKAU,Borong,20,Sayur-Sayuran,03,019,KANGKUNG,F.A.Q,Kilogram,4.5,4.0833335,
31040261,2026-10-08,2026-10-08 09:09:13.70312,PERLIS,PERLIS,PASAR BORONG KAMPUNG BAKAU,Borong,20,Sayur-Sayuran,03,006,KUBIS BULAT (CHINA),F.A.Q,Kilogram,2.7,2.5,
31040262,2026-10-08,2026-10-08 09:09:13.70312,PERLIS,PERLIS,PASAR BORONG KAMPUNG BAKAU,Borong,20,Sayur-Sayuran,03,006,KUBIS BULAT (CHINA),F.A.Q,Kilogram,2.7,2.5,
31040263,2026-10-08,2026-10-08 09:09:13.70312,PERLIS,PERLIS,PASAR BORONG KAMPUNG BAKAU,Borong,20,Sayur-Sayuran,03,006,KUBIS BULAT (CHINA),F.A.Q,Kilogram,2.7,2.5,
31040264,2026-10-08,2026-10-08 09:09:13.70312,PERLIS,PERLIS,PASAR BORONG KAMPUNG BAKAU,Borong,20,Sayur-Sayuran,03,006,KUBIS BULAT (CHINA),F.A.Q,Kilogram,2.7,2.5,
31040265,2026-10-08,2026-10-08 09:10:08.768102,SARAWAK,KUCHING,MEDAN NIAGA SATOK,Runcit,26,Lain-Lain Makanan Proses,15,001,SANTAN BIASA,F.A.Q,Kilogram,10,10,
31040266,2026-10-08,2026-10-08 09:10:08.768102,SARAWAK,KUCHING,MEDAN NIAGA SATOK,Runcit,26,Lain-Lain Makanan Proses,25,002,TELUR ITIK MASIN,F.A.Q,Biji,1.4,1.4,
31040277,2026-10-08,2026-10-08 09:10:29.504545,SABAH,KOTA KINABALU,PASAR AWAM KOTA KINABALU - BAHAGIAN RUNCIT,Runcit,26,Sayur-Sayuran,02,012,TOMATO (TANAH TINGGI),F.A.Q,Kilogram,10,10.909091,
31040278,2026-10-08,2026-10-08 09:10:54.033738,SARAWAK,KUCHING,MEDAN NIAGA SATOK,Borong,20,Lain-Lain Makanan Proses,25,002,TELUR ITIK MASIN,F.A.Q,Biji,1.3,1.3,
31040279,2026-10-08,2026-10-08 09:11:24.707298,SELANGOR,SABAK BERNAM,PASAR AWAM SUNGAI BESAR,Runcit,26,Sayur-Sayuran,05,001,BAWANG BESAR KUNING / HOLLAND,F.A.Q,Kilogram,5,5.07,
31040280,2026-10-08,2026-10-08 09:11:24.707298,SELANGOR,SABAK BERNAM,PASAR AWAM SUNGAI BESAR,Runcit,26,Sayur-Sayuran,05,001,BAWANG BESAR MERAH (IMPORT),F.A.Q,Kilogram,5,4.28,
31040281,2026-10-08,2026-10-08 09:11:24.707298,SELANGOR,SABAK BERNAM,PASAR AWAM SUNGAI BESAR,Runcit,26,Sayur-Sayuran,05,001,BAWANG MERAH / KECIL (THAI),F.A.Q,Kilogram,12,13.54,
31040282,2026-10-08,2026-10-08 09:11:24.707298,SELANGOR,SABAK BERNAM,PASAR AWAM SUNGAI BESAR,Runcit,26,Sayur-Sayuran,05,001,BAWANG PUTIH (CHINA),F.A.Q,Kilogram,9.5,8.52,
31040283,2026-10-08,2026-10-08 09:11:24.707298,SELANGOR,SABAK BERNAM,PASAR AWAM SUNGAI BESAR,Runcit,26,Sayur-Sayuran,03,001,BAYAM,F.A.Q,Kilogram,8,6.02,
31040284,2026-10-08,2026-10-08 09:11:24.707298,SELANGOR,SABAK BERNAM,PASAR AWAM SUNGAI BESAR,Runcit,26,Sayur-Sayuran,02,002,CILI HIJAU,F.A.Q,Kilogram,13,13.18,
31040285,2026-10-08,2026-10-08 09:11:24.707298,SELANGOR,SABAK BERNAM,PASAR AWAM SUNGAI BESAR,Runcit,26,Sayur-Sayuran,02,002,CILI MERAH MINYAK,F.A.Q,Kilogram,15,13.59,
31040286,2026-10-08,2026-10-08 09:11:24.707298,SELANGOR,SABAK BERNAM,PASAR AWAM SUNGAI BESAR,Runcit,26,Sayur-Sayuran,03,009,DAUN BAWANG,F.A.Q,Kilogram,14,12.95,
31040287,2026-10-08,2026-10-08 09:11:24.707298,SELANGOR,SABAK BERNAM,PASAR AWAM SUNGAI BESAR,Runcit,26,Sayur-Sayuran,04,002,KACANG BENDI,F.A.Q,Kilogram,9,9.12,
31040288,2026-10-08,2026-10-08 09:11:24.707298,SELANGOR,SABAK BERNAM,PASAR AWAM SUNGAI BESAR,Runcit,26,Sayur-Sayuran,04,003,KACANG BUNCIS,F.A.Q,Kilogram,15,13.06,
31040289,2026-10-08,2026-10-08 09:11:24.707298,SELANGOR,SABAK BERNAM,PASAR AWAM SUNGAI BESAR,Runcit,26,Sayur-Sayuran,04,007,KACANG PANJANG HIJAU,F.A.Q,Kilogram,9,8.57,
31040290,2026-10-08,2026-10-08 09:11:24.707298,SELANGOR,SABAK BERNAM,PASAR AWAM SUNGAI BESAR,Runcit,26,Sayur-Sayuran,03,019,KANGKUNG,F.A.Q,Kilogram,6,5.03,
31040291,2026-10-08,2026-10-08 09:11:24.707298,SELANGOR,SABAK BERNAM,PASAR AWAM SUNGAI BESAR,Runcit,26,Sayur-Sayuran,03,007,SAWI HIJAU,F.A.Q,Kilogram,7,5.99,
31040292,2026-10-08,2026-10-08 09:11:24.707298,SELANGOR,SABAK BERNAM,PASAR AWAM SUNGAI BESAR,Runcit,26,Sayur-Sayuran,02,011,TIMUN HIJAU,F.A.Q,Kilogram,5,4.27,
31040293,2026-10-08,2026-10-08 09:11:24.707298,SELANGOR,SABAK BERNAM,PASAR AWAM SUNGAI BESAR,Runcit,26,Sayur-Sayuran,05,009,UBI KENTANG (IMPORT),F.A.Q,Kilogram,4,3.84,
31040294,2026-10-08,2026-10-08 09:11:47.312334,SELANGOR,SABAK BERNAM,PASAR SABAK BERNAM,Runcit,26,Buah-Buahan,02,005,BETIK SEKAKI,F.A.Q,Kilogram,5,4.98,
31040295,2026-10-08,2026-10-08 09:11:47.312334,SELANGOR,SABAK BERNAM,PASAR SABAK BERNAM,Runcit,26,Buah-Buahan,02,028,PISANG BERANGAN,F.A.Q,Kilogram,6,5.88,
31040296,2026-10-08,2026-10-08 09:11:47.312334,SELANGOR,SABAK BERNAM,PASAR SABAK BERNAM,Runcit,26,Buah-Buahan,02,034,TEMBIKAI MERAH TANPA BIJI,F.A.Q,Kilogram,3,3.49,
31040297,2026-10-08,2026-10-08 09:12:22.812119,SELANGOR,SABAK BERNAM,PASAR SABAK BERNAM,Runcit,26,Ternakan,03,002,AYAM PROSES STANDARD,F.A.Q,Kilogram,10.5,10.09,
31040298,2026-10-08,2026-10-08 09:12:32.685927,SARAWAK,SARIKEI,,Ladang,27,Sayur-Sayuran,02,012,TOMATO TANAH RENDAH,F.A.Q,Kilogram,4.5,4.5,
31040316,2026-10-08,2026-10-08 09:15:08.507496,SABAH,PENAMPANG,LADANG/KEBUN DONGGONGON,Ladang,,Sayur-Sayuran,04,002,KACANG BENDI,F.A.Q,Kilogram,2.8,2.6,
31040321,2026-10-08,2026-10-08 09:15:11.885512,TERENGGANU,KEMAMAN,PASAR AWAM CHUKAI,Runcit,26,Ternakan,11,001,TELUR AYAM,A,Biji,0.56,0.47,
31040322,2026-10-08,2026-10-08 09:15:11.885512,TERENGGANU,KEMAMAN,PASAR AWAM CHUKAI,Runcit,26,Ternakan,11,001,TELUR AYAM,B,Biji,0.54,0.45,
31040323,2026-10-08,2026-10-08 09:15:11.885512,TERENGGANU,KEMAMAN,PASAR AWAM CHUKAI,Runcit,26,Ternakan,11,001,TELUR AYAM,C,Biji,0.52,0.43,
31040324,2026-10-08,2026-10-08 09:15:13.071957,PAHANG,KUANTAN,PASAR BESAR KUANTAN,Runcit,26,Sayur-Sayuran,03,019,KANGKUNG,F.A.Q,Kilogram,6.5,5.36,
31040325,2026-10-08,2026-10-08 09:15:13.071957,PAHANG,KUANTAN,PASAR BESAR KUANTAN,Runcit,26,Sayur-Sayuran,03,019,KANGKUNG,F.A.Q,Kilogram,6.5,5.36,
31040326,2026-10-08,2026-10-08 09:15:13.071957,PAHANG,KUANTAN,PASAR BESAR KUANTAN,Runcit,26,Sayur-Sayuran,03,019,KANGKUNG,F.A.Q,Kilogram,6.5,5.36,
31040327,2026-10-08,2026-10-08 09:15:13.071957,PAHANG,KUANTAN,PASAR BESAR KUANTAN,Runcit,26,Sayur-Sayuran,03,019,KANGKUNG,F.A.Q,Kilogram,6.3,5.36,
31040328,2026-10-08,2026-10-08 09:15:13.071957,PAHANG,KUANTAN,PASAR BESAR KUANTAN,Runcit,26,Sayur-Sayuran,03,019,KANGKUNG,F.A.Q,Kilogram,6.3,5.36,
31040329,2026-10-08,2026-10-08 09:15:13.071957,PAHANG,KUANTAN,PASAR BESAR KUANTAN,Runcit,26,Sayur-Sayuran,03,006,KUBIS BULAT (CHINA),F.A.Q,Kilogram,3.5,3.6366668,
31040330,2026-10-08,2026-10-08 09:15:13.071957,PAHANG,KUANTAN,PASAR BESAR KUANTAN,Runcit,26,Sayur-Sayuran,03,006,KUBIS BULAT (CHINA),F.A.Q,Kilogram,3.5,3.6366668,
31040331,2026-10-08,2026-10-08 09:15:13.071957,PAHANG,KUANTAN,PASAR BESAR KUANTAN,Runcit,26,Sayur-Sayuran,03,006,KUBIS BULAT (CHINA),F.A.Q,Kilogram,3.6,3.6366668,
31040332,2026-10-08,2026-10-08 09:15:13.071957,PAHANG,KUANTAN,PASAR BESAR KUANTAN,Runcit,26,Sayur-Sayuran,03,006,KUBIS BULAT (CHINA),F.A.Q,Kilogram,3.6,3.6366668,
31040333,2026-10-08,2026-10-08 09:15:13.071957,PAHANG,KUANTAN,PASAR BESAR KUANTAN,Runcit,26,Sayur-Sayuran,03,006,KUBIS BULAT (CHINA),F.A.Q,Kilogram,3.5,3.6366668,
31040334,2026-10-08,2026-10-08 09:15:13.071957,PAHANG,KUANTAN,PASAR BESAR KUANTAN,Runcit,26,Sayur-Sayuran,03,006,KUBIS BULAT (TANAH TINGGI),F.A.Q,Kilogram,5.5,5.072727,
31040335,2026-10-08,2026-10-08 09:15:13.071957,PAHANG,KUANTAN,PASAR BESAR KUANTAN,Runcit,26,Sayur-Sayuran,03,007,SAWI HIJAU,F.A.Q,Kilogram,6.5,6.347273,
31040336,2026-10-08,2026-10-08 09:15:13.071957,PAHANG,KUANTAN,PASAR BESAR KUANTAN,Runcit,26,Sayur-Sayuran,03,007,SAWI HIJAU,F.A.Q,Kilogram,6.5,6.347273,
31040337,2026-10-08,2026-10-08 09:15:13.071957,PAHANG,KUANTAN,PASAR BESAR KUANTAN,Runcit,26,Sayur-Sayuran,03,007,SAWI HIJAU,F.A.Q,Kilogram,6.5,6.347273,
31040338,2026-10-08,2026-10-08 09:15:13.071957,PAHANG,KUANTAN,PASAR BESAR KUANTAN,Runcit,26,Sayur-Sayuran,03,007,SAWI HIJAU,F.A.Q,Kilogram,6.5,6.347273,
31040339,2026-10-08,2026-10-08 09:15:13.071957,PAHANG,KUANTAN,PASAR BESAR KUANTAN,Runcit,26,Sayur-Sayuran,03,007,SAWI HIJAU,F.A.Q,Kilogram,6.5,6.347273,
31040348,2026-10-08,2026-10-08 09:15:49.015006,TERENGGANU,KEMAMAN,PASAR AWAM CHUKAI,Runcit,26,Ternakan,03,002,AYAM PROSES STANDARD,F.A.Q,Kilogram,10.5,10.09,
31040349,2026-10-08,2026-10-08 09:15:49.015006,TERENGGANU,KEMAMAN,PASAR AWAM CHUKAI,Runcit,26,Ternakan,03,002,AYAM PROSES SUPER,F.A.Q,Kilogram,12,11.14,
31040350,2026-10-08,2026-10-08 09:15:55.979951,JOHOR,KLUANG,LADANG/KEBUN JALAN BATU PAHAT,Ladang,,Ternakan,11,001,TELUR AYAM,A,Biji,0.49,0.49,
31040351,2026-10-08,2026-10-08 09:15:55.979951,JOHOR,KLUANG,LADANG/KEBUN JALAN BATU PAHAT,Ladang,,Ternakan,11,001,TELUR AYAM,C,Biji,0.46,0.46,
31040352,2026-10-08,2026-10-08 09:15:55.979951,JOHOR,KLUANG,LADANG/KEBUN JALAN BATU PAHAT,Ladang,,Ternakan,11,001,TELUR AYAM,B,Biji,0.48,0.48,
31040353,2026-10-08,2026-10-08 09:16:36.222056,SABAH,SANDAKAN,[LOKASI KUTIPAN HARGA LADANG] SUNGAI MANILA,Ladang,,Sayur-Sayuran,03,001,BAYAM,F.A.Q,Kilogram,3.5,3.5,
31040354,2026-10-08,2026-10-08 09:16:36.222056,SABAH,SANDAKAN,[LOKASI KUTIPAN HARGA LADANG] SUNGAI MANILA,Ladang,,Sayur-Sayuran,02,002,CILI MERAH KULAI / KULAI HIBRID,F.A.Q,Kilogram,16,16,
31040355,2026-10-08,2026-10-08 09:16:36.222056,SABAH,SANDAKAN,[LOKASI KUTIPAN HARGA LADANG] SUNGAI MANILA,Ladang,,Sayur-Sayuran,04,002,KACANG BENDI,F.A.Q,Kilogram,5,5,
31040356,2026-10-08,2026-10-08 09:16:36.222056,SABAH,SANDAKAN,[LOKASI KUTIPAN HARGA LADANG] SUNGAI MANILA,Ladang,,Sayur-Sayuran,04,007,KACANG PANJANG HIJAU,F.A.Q,Kilogram,4,4,
31040357,2026-10-08,2026-10-08 09:16:36.222056,SABAH,SANDAKAN,[LOKASI KUTIPAN HARGA LADANG] SUNGAI MANILA,Ladang,,Sayur-Sayuran,03,019,KANGKUNG,F.A.Q,Kilogram,3.5,3.5,
31040358,2026-10-08,2026-10-08 09:16:36.222056,SABAH,SANDAKAN,[LOKASI KUTIPAN HARGA LADANG] SUNGAI MANILA,Ladang,,Sayur-Sayuran,03,007,SAWI HIJAU,F.A.Q,Kilogram,3.5,3.5,
31040359,2026-10-08,2026-10-08 09:16:36.222056,SABAH,SANDAKAN,[LOKASI KUTIPAN HARGA LADANG] SUNGAI MANILA,Ladang,,Sayur-Sayuran,02,010,TERUNG PANJANG / PEPARU (TANAH RENDAH),F.A.Q,Kilogram,4.5,4.5,
31040360,2026-10-08,2026-10-08 09:16:36.222056,SABAH,SANDAKAN,[LOKASI KUTIPAN HARGA LADANG] SUNGAI MANILA,Ladang,,Sayur-Sayuran,02,011,TIMUN HIJAU,F.A.Q,Kilogram,2.5,2.5,
31040361,2026-10-08,2026-10-08 09:16:59.750255,SARAWAK,SARIKEI,[PASAR TAMU] SENTRAL SARIKEI,Runcit,26,Ternakan,03,002,AYAM PROSES STANDARD,F.A.Q,Kilogram,11.5,11.5,
31040362,2026-10-08,2026-10-08 09:16:59.750255,SARAWAK,SARIKEI,[PASAR TAMU] SENTRAL SARIKEI,Runcit,26,Ternakan,03,002,AYAM PROSES SUPER,F.A.Q,Kilogram,11.8,11.8,
31040363,2026-10-08,2026-10-08 09:17:34.269157,SARAWAK,SARIKEI,[PASAR TAMU] SENTRAL SARIKEI,Runcit,26,Buah-Buahan,02,005,BETIK SEKAKI,F.A.Q,Kilogram,3.7,3.5,
31040364,2026-10-08,2026-10-08 09:17:34.269157,SARAWAK,SARIKEI,[PASAR TAMU] SENTRAL SARIKEI,Runcit,26,Buah-Buahan,02,028,PISANG BERANGAN,F.A.Q,Kilogram,4,4,
31040365,2026-10-08,2026-10-08 09:17:34.269157,SARAWAK,SARIKEI,[PASAR TAMU] SENTRAL SARIKEI,Runcit,26,Buah-Buahan,02,034,TEMBIKAI MERAH TANPA BIJI,F.A.Q,Kilogram,6,6,
31040366,2026-10-08,2026-10-08 09:18:02.942238,SABAH,KOTA KINABALU,PASAR AWAM KOTA KINABALU - BAHAGIAN RUNCIT,Runcit,26,Sayur-Sayuran,02,011,TIMUN HIJAU,F.A.Q,Kilogram,4,3.142857,
31040367,2026-10-08,2026-10-08 09:18:19.366193,SARAWAK,MIRI,PASAR TAMU MUHIBBAH MIRI,Runcit,26,Ternakan,03,002,AYAM PROSES STANDARD,F.A.Q,Kilogram,10.9,10.906923,
31040368,2026-10-08,2026-10-08 09:18:21.529459,TERENGGANU,KUALA TERENGGANU,PASAR BESAR KEDAI PAYANG,Runcit,26,Sayur-Sayuran,03,001,BAYAM,F.A.Q,Kilogram,8.5,6.02,
31040369,2026-10-08,2026-10-08 09:18:21.529459,TERENGGANU,KUALA TERENGGANU,PASAR BESAR KEDAI PAYANG,Runcit,26,Sayur-Sayuran,02,002,CILI HIJAU,F.A.Q,Kilogram,12,13.18,
31040370,2026-10-08,2026-10-08 09:18:21.529459,TERENGGANU,KUALA TERENGGANU,PASAR BESAR KEDAI PAYANG,Runcit,26,Sayur-Sayuran,02,002,CILI MERAH (VIETNAM),F.A.Q,Kilogram,12,8.1,
31040371,2026-10-08,2026-10-08 09:18:21.529459,TERENGGANU,KUALA TERENGGANU,PASAR BESAR KEDAI PAYANG,Runcit,26,Sayur-Sayuran,02,002,CILI MERAH KULAI / KULAI HIBRID,F.A.Q,Kilogram,16,16.01,
31040372,2026-10-08,2026-10-08 09:18:21.529459,TERENGGANU,KUALA TERENGGANU,PASAR BESAR KEDAI PAYANG,Runcit,26,Sayur-Sayuran,02,002,CILI MERAH MINYAK,F.A.Q,Kilogram,12,13.59,
31040373,2026-10-08,2026-10-08 09:18:21.529459,TERENGGANU,KUALA TERENGGANU,PASAR BESAR KEDAI PAYANG,Runcit,26,Sayur-Sayuran,03,009,DAUN BAWANG,F.A.Q,Kilogram,11.5,12.95,
31040374,2026-10-08,2026-10-08 09:18:21.529459,TERENGGANU,KUALA TERENGGANU,PASAR BESAR KEDAI PAYANG,Runcit,26,Sayur-Sayuran,03,015,DAUN SUP (TANAH TINGGI),F.A.Q,Kilogram,14,13.35,
31040375,2026-10-08,2026-10-08 09:18:21.529459,TERENGGANU,KUALA TERENGGANU,PASAR BESAR KEDAI PAYANG,Runcit,26,Sayur-Sayuran,04,002,KACANG BENDI,F.A.Q,Kilogram,9.5,9.12,
31040376,2026-10-08,2026-10-08 09:18:21.529459,TERENGGANU,KUALA TERENGGANU,PASAR BESAR KEDAI PAYANG,Runcit,26,Sayur-Sayuran,04,003,KACANG BUNCIS,F.A.Q,Kilogram,13,13.06,
31040377,2026-10-08,2026-10-08 09:18:21.529459,TERENGGANU,KUALA TERENGGANU,PASAR BESAR KEDAI PAYANG,Runcit,26,Sayur-Sayuran,04,007,KACANG PANJANG HIJAU,F.A.Q,Kilogram,8,8.57,
31040378,2026-10-08,2026-10-08 09:18:21.529459,TERENGGANU,KUALA TERENGGANU,PASAR BESAR KEDAI PAYANG,Runcit,26,Sayur-Sayuran,03,019,KANGKUNG,F.A.Q,Kilogram,6,5.03,
31040379,2026-10-08,2026-10-08 09:18:21.529459,TERENGGANU,KUALA TERENGGANU,PASAR BESAR KEDAI PAYANG,Runcit,26,Sayur-Sayuran,03,006,KUBIS BULAT (CHINA),F.A.Q,Kilogram,4,3.29,
31040380,2026-10-08,2026-10-08 09:18:21.529459,TERENGGANU,KUALA TERENGGANU,PASAR BESAR KEDAI PAYANG,Runcit,26,Sayur-Sayuran,03,006,KUBIS BULAT (TANAH TINGGI),F.A.Q,Kilogram,5,4.94,
31040381,2026-10-08,2026-10-08 09:18:21.529459,TERENGGANU,KUALA TERENGGANU,PASAR BESAR KEDAI PAYANG,Runcit,26,Sayur-Sayuran,03,007,SAWI HIJAU,F.A.Q,Kilogram,6.5,5.99,
31040382,2026-10-08,2026-10-08 09:18:21.529459,TERENGGANU,KUALA TERENGGANU,PASAR BESAR KEDAI PAYANG,Runcit,26,Sayur-Sayuran,02,010,TERUNG PANJANG / PEPARU (TANAH RENDAH),F.A.Q,Kilogram,8,8.08,
31040383,2026-10-08,2026-10-08 09:18:21.529459,TERENGGANU,KUALA TERENGGANU,PASAR BESAR KEDAI PAYANG,Runcit,26,Sayur-Sayuran,02,011,TIMUN HIJAU,F.A.Q,Kilogram,3.5,4.27,
31040384,2026-10-08,2026-10-08 09:18:21.529459,TERENGGANU,KUALA TERENGGANU,PASAR BESAR KEDAI PAYANG,Runcit,26,Sayur-Sayuran,02,012,TOMATO (TANAH TINGGI),F.A.Q,Kilogram,6.5,5.71,
31040385,2026-10-08,2026-10-08 09:18:42.358406,PERLIS,PERLIS,PASAR BORONG KAMPUNG BAKAU,Borong,20,Sayur-Sayuran,03,007,SAWI HIJAU,F.A.Q,Kilogram,5,4.25,
31040386,2026-10-08,2026-10-08 09:18:42.358406,PERLIS,PERLIS,PASAR BORONG KAMPUNG BAKAU,Borong,20,Sayur-Sayuran,03,007,SAWI HIJAU,F.A.Q,Kilogram,5,4.25,
31040387,2026-10-08,2026-10-08 09:18:42.358406,PERLIS,PERLIS,PASAR BORONG KAMPUNG BAKAU,Borong,20,Sayur-Sayuran,03,007,SAWI HIJAU,F.A.Q,Kilogram,5,4.25,
31040388,2026-10-08,2026-10-08 09:18:42.358406,PERLIS,PERLIS,PASAR BORONG KAMPUNG BAKAU,Borong,20,Sayur-Sayuran,03,007,SAWI HIJAU,F.A.Q,Kilogram,5,4.25,
31040389,2026-10-08,2026-10-08 09:18:42.358406,PERLIS,PERLIS,PASAR BORONG KAMPUNG BAKAU,Borong,20,Sayur-Sayuran,03,007,SAWI HIJAU (IMPORT),F.A.Q,Kilogram,8,4.6666665,
31040390,2026-10-08,2026-10-08 09:18:42.358406,PERLIS,PERLIS,PASAR BORONG KAMPUNG BAKAU,Borong,20,Sayur-Sayuran,03,007,SAWI HIJAU (IMPORT),F.A.Q,Kilogram,8,4.6666665,
31040391,2026-10-08,2026-10-08 09:18:42.445733,PERLIS,PERLIS,PASAR BORONG KAMPUNG BAKAU,Borong,20,Sayur-Sayuran,03,007,SAWI HIJAU TANAH TINGGI,F.A.Q,Kilogram,3.5,3.0833333,
31040392,2026-10-08,2026-10-08 09:18:42.445733,PERLIS,PERLIS,PASAR BORONG KAMPUNG BAKAU,Borong,20,Sayur-Sayuran,03,007,SAWI HIJAU TANAH TINGGI,F.A.Q,Kilogram,3.5,3.0833333,
31040393,2026-10-08,2026-10-08 09:18:42.445733,PERLIS,PERLIS,PASAR BORONG KAMPUNG BAKAU,Borong,20,Sayur-Sayuran,03,007,SAWI HIJAU TANAH TINGGI,F.A.Q,Kilogram,3.5,3.0833333,
31040394,2026-10-08,2026-10-08 09:18:42.445733,PERLIS,PERLIS,PASAR BORONG KAMPUNG BAKAU,Borong,20,Sayur-Sayuran,03,007,SAWI HIJAU TANAH TINGGI,F.A.Q,Kilogram,3.5,3.0833333,
31040395,2026-10-08,2026-10-08 09:18:42.445733,PERLIS,PERLIS,PASAR BORONG KAMPUNG BAKAU,Borong,20,Sayur-Sayuran,02,010,TERUNG PANJANG / PEPARU (IMPORT),F.A.Q,Kilogram,6,5.1666665,
31040396,2026-10-08,2026-10-08 09:18:42.445733,PERLIS,PERLIS,PASAR BORONG KAMPUNG BAKAU,Borong,20,Sayur-Sayuran,02,010,TERUNG PANJANG / PEPARU (IMPORT),F.A.Q,Kilogram,6,5.1666665,
31040397,2026-10-08,2026-10-08 09:18:42.445733,PERLIS,PERLIS,PASAR BORONG KAMPUNG BAKAU,Borong,20,Sayur-Sayuran,02,010,TERUNG PANJANG / PEPARU (IMPORT),F.A.Q,Kilogram,6,5.1666665,
31040398,2026-10-08,2026-10-08 09:18:42.445733,PERLIS,PERLIS,PASAR BORONG KAMPUNG BAKAU,Borong,20,Sayur-Sayuran,02,010,TERUNG PANJANG / PEPARU (IMPORT),F.A.Q,Kilogram,6,5.1666665,
31040399,2026-10-08,2026-10-08 09:18:42.445733,PERLIS,PERLIS,PASAR BORONG KAMPUNG BAKAU,Borong,20,Sayur-Sayuran,02,010,TERUNG PANJANG / PEPARU (TANAH RENDAH),F.A.Q,Kilogram,6,5.1702127,
31040400,2026-10-08,2026-10-08 09:18:42.445733,PERLIS,PERLIS,PASAR BORONG KAMPUNG BAKAU,Borong,20,Sayur-Sayuran,02,010,TERUNG PANJANG / PEPARU (TANAH RENDAH),F.A.Q,Kilogram,6,5.1702127,
31040401,2026-10-08,2026-10-08 09:18:42.445733,PERLIS,PERLIS,PASAR BORONG KAMPUNG BAKAU,Borong,20,Sayur-Sayuran,02,010,TERUNG PANJANG / PEPARU (TANAH RENDAH),F.A.Q,Kilogram,6,5.1702127,
31040402,2026-10-08,2026-10-08 09:18:42.445733,PERLIS,PERLIS,PASAR BORONG KAMPUNG BAKAU,Borong,20,Sayur-Sayuran,02,010,TERUNG PANJANG / PEPARU (TANAH RENDAH),F.A.Q,Kilogram,6,5.1702127,
31040403,2026-10-08,2026-10-08 09:18:42.445733,PERLIS,PERLIS,PASAR BORONG KAMPUNG BAKAU,Borong,20,Sayur-Sayuran,02,011,TIMUN HIJAU,F.A.Q,Kilogram,2.5,2.5416667,
31040404,2026-10-08,2026-10-08 09:18:42.445733,PERLIS,PERLIS,PASAR BORONG KAMPUNG BAKAU,Borong,20,Sayur-Sayuran,02,011,TIMUN HIJAU,F.A.Q,Kilogram,2.5,2.5416667,
31040405,2026-10-08,2026-10-08 09:18:42.445733,PERLIS,PERLIS,PASAR BORONG KAMPUNG BAKAU,Borong,20,Sayur-Sayuran,02,011,TIMUN HIJAU,F.A.Q,Kilogram,2.5,2.5416667,
31040406,2026-10-08,2026-10-08 09:18:42.445733,PERLIS,PERLIS,PASAR BORONG KAMPUNG BAKAU,Borong,20,Sayur-Sayuran,02,011,TIMUN HIJAU,F.A.Q,Kilogram,2.5,2.5416667,
31040407,2026-10-08,2026-10-08 09:18:42.445733,PERLIS,PERLIS,PASAR BORONG KAMPUNG BAKAU,Borong,20,Sayur-Sayuran,02,011,TIMUN HIJAU (IMPORT),F.A.Q,Kilogram,4,3,
31040408,2026-10-08,2026-10-08 09:18:42.445733,PERLIS,PERLIS,PASAR BORONG KAMPUNG BAKAU,Borong,20,Sayur-Sayuran,02,011,TIMUN HIJAU (IMPORT),F.A.Q,Kilogram,4,3,
31040409,2026-10-08,2026-10-08 09:18:42.445733,PERLIS,PERLIS,PASAR BORONG KAMPUNG BAKAU,Borong,20,Sayur-Sayuran,02,011,TIMUN HIJAU (IMPORT),F.A.Q,Kilogram,4,3,
31040410,2026-10-08,2026-10-08 09:18:42.445733,PERLIS,PERLIS,PASAR BORONG KAMPUNG BAKAU,Borong,20,Sayur-Sayuran,02,011,TIMUN HIJAU (IMPORT),F.A.Q,Kilogram,4,3,
31040411,2026-10-08,2026-10-08 09:18:42.445733,PERLIS,PERLIS,PASAR BORONG KAMPUNG BAKAU,Borong,20,Sayur-Sayuran,02,012,TOMATO (TANAH TINGGI),F.A.Q,Kilogram,5.5,5.7083335,
31040412,2026-10-08,2026-10-08 09:18:42.445733,PERLIS,PERLIS,PASAR BORONG KAMPUNG BAKAU,Borong,20,Sayur-Sayuran,02,012,TOMATO (TANAH TINGGI),F.A.Q,Kilogram,5.5,5.7083335,
31040413,2026-10-08,2026-10-08 09:18:42.445733,PERLIS,PERLIS,PASAR BORONG KAMPUNG BAKAU,Borong,20,Sayur-Sayuran,02,012,TOMATO (TANAH TINGGI),F.A.Q,Kilogram,5.5,5.7083335,
31040414,2026-10-08,2026-10-08 09:18:42.445733,PERLIS,PERLIS,PASAR BORONG KAMPUNG BAKAU,Borong,20,Sayur-Sayuran,02,012,TOMATO (TANAH TINGGI),F.A.Q,Kilogram,5.5,5.7083335,
31040415,2026-10-08,2026-10-08 09:18:42.445733,PERLIS,PERLIS,PASAR BORONG KAMPUNG BAKAU,Borong,20,Sayur-Sayuran,02,012,TOMATO IMPORT,F.A.Q,Kilogram,7,4.8333335,
31040416,2026-10-08,2026-10-08 09:18:42.445733,PERLIS,PERLIS,PASAR BORONG KAMPUNG BAKAU,Borong,20,Sayur-Sayuran,02,012,TOMATO IMPORT,F.A.Q,Kilogram,7,4.8333335,
31040417,2026-10-08,2026-10-08 09:18:42.445733,PERLIS,PERLIS,PASAR BORONG KAMPUNG BAKAU,Borong,20,Sayur-Sayuran,02,012,TOMATO IMPORT,F.A.Q,Kilogram,7,4.8333335,
31040418,2026-10-08,2026-10-08 09:18:42.445733,PERLIS,PERLIS,PASAR BORONG KAMPUNG BAKAU,Borong,20,Sayur-Sayuran,02,012,TOMATO IMPORT,F.A.Q,Kilogram,7,4.8333335,
31040419,2026-10-08,2026-10-08 09:18:43.41226,PAHANG,KUANTAN,PASAR BESAR KUANTAN,Runcit,26,Sayur-Sayuran,03,009,DAUN BAWANG,F.A.Q,Kilogram,15,10.95,
31040420,2026-10-08,2026-10-08 09:18:43.41226,PAHANG,KUANTAN,PASAR BESAR KUANTAN,Runcit,26,Sayur-Sayuran,03,009,DAUN BAWANG,F.A.Q,Kilogram,14,10.95,
31040421,2026-10-08,2026-10-08 09:18:43.41226,PAHANG,KUANTAN,PASAR BESAR KUANTAN,Runcit,26,Sayur-Sayuran,03,009,DAUN BAWANG,F.A.Q,Kilogram,14,10.95,
31040422,2026-10-08,2026-10-08 09:18:43.41226,PAHANG,KUANTAN,PASAR BESAR KUANTAN,Runcit,26,Sayur-Sayuran,03,009,DAUN BAWANG,F.A.Q,Kilogram,14.5,10.95,
31040423,2026-10-08,2026-10-08 09:18:43.41226,PAHANG,KUANTAN,PASAR BESAR KUANTAN,Runcit,26,Sayur-Sayuran,03,009,DAUN BAWANG,F.A.Q,Kilogram,15,10.95,
31040424,2026-10-08,2026-10-08 09:18:43.41226,PAHANG,KUANTAN,PASAR BESAR KUANTAN,Runcit,26,Sayur-Sayuran,03,015,DAUN SUP (TANAH TINGGI),F.A.Q,Kilogram,11,10.476666,
31040425,2026-10-08,2026-10-08 09:18:43.41226,PAHANG,KUANTAN,PASAR BESAR KUANTAN,Runcit,26,Sayur-Sayuran,03,015,DAUN SUP (TANAH TINGGI),F.A.Q,Kilogram,10.5,10.476666,
31040426,2026-10-08,2026-10-08 09:18:43.41226,PAHANG,KUANTAN,PASAR BESAR KUANTAN,Runcit,26,Sayur-Sayuran,03,015,DAUN SUP (TANAH TINGGI),F.A.Q,Kilogram,11,10.476666,
31040427,2026-10-08,2026-10-08 09:18:43.41226,PAHANG,KUANTAN,PASAR BESAR KUANTAN,Runcit,26,Sayur-Sayuran,03,015,DAUN SUP (TANAH TINGGI),F.A.Q,Kilogram,10.5,10.476666,
31040428,2026-10-08,2026-10-08 09:18:43.41226,PAHANG,KUANTAN,PASAR BESAR KUANTAN,Runcit,26,Sayur-Sayuran,03,015,DAUN SUP (TANAH TINGGI),F.A.Q,Kilogram,10.5,10.476666,
31040429,2026-10-08,2026-10-08 09:18:43.41226,PAHANG,KUANTAN,PASAR BESAR KUANTAN,Runcit,26,Sayur-Sayuran,04,002,KACANG BENDI,F.A.Q,Kilogram,8,7.172727,
31040430,2026-10-08,2026-10-08 09:18:43.41226,PAHANG,KUANTAN,PASAR BESAR KUANTAN,Runcit,26,Sayur-Sayuran,04,002,KACANG BENDI,F.A.Q,Kilogram,8,7.172727,
31040431,2026-10-08,2026-10-08 09:18:43.41226,PAHANG,KUANTAN,PASAR BESAR KUANTAN,Runcit,26,Sayur-Sayuran,04,002,KACANG BENDI,F.A.Q,Kilogram,8,7.172727,
31040432,2026-10-08,2026-10-08 09:18:43.41226,PAHANG,KUANTAN,PASAR BESAR KUANTAN,Runcit,26,Sayur-Sayuran,04,002,KACANG BENDI,F.A.Q,Kilogram,8,7.172727,
31040433,2026-10-08,2026-10-08 09:18:43.41226,PAHANG,KUANTAN,PASAR BESAR KUANTAN,Runcit,26,Sayur-Sayuran,04,002,KACANG BENDI,F.A.Q,Kilogram,8,7.172727,
31040434,2026-10-08,2026-10-08 09:18:43.41226,PAHANG,KUANTAN,PASAR BESAR KUANTAN,Runcit,26,Sayur-Sayuran,04,003,KACANG BUNCIS,F.A.Q,Kilogram,17,13.12,
31040435,2026-10-08,2026-10-08 09:18:43.41226,PAHANG,KUANTAN,PASAR BESAR KUANTAN,Runcit,26,Sayur-Sayuran,04,003,KACANG BUNCIS,F.A.Q,Kilogram,16,13.12,
31040436,2026-10-08,2026-10-08 09:18:43.41226,PAHANG,KUANTAN,PASAR BESAR KUANTAN,Runcit,26,Sayur-Sayuran,04,003,KACANG BUNCIS,F.A.Q,Kilogram,17,13.12,
31040437,2026-10-08,2026-10-08 09:18:43.41226,PAHANG,KUANTAN,PASAR BESAR KUANTAN,Runcit,26,Sayur-Sayuran,04,003,KACANG BUNCIS,F.A.Q,Kilogram,16.5,13.12,
31040438,2026-10-08,2026-10-08 09:18:43.41226,PAHANG,KUANTAN,PASAR BESAR KUANTAN,Runcit,26,Sayur-Sayuran,04,003,KACANG BUNCIS,F.A.Q,Kilogram,16.5,13.12,
31040439,2026-10-08,2026-10-08 09:18:43.41226,PAHANG,KUANTAN,PASAR BESAR KUANTAN,Runcit,26,Sayur-Sayuran,04,007,KACANG PANJANG HIJAU,F.A.Q,Kilogram,8.5,8.229091,
31040440,2026-10-08,2026-10-08 09:18:43.41226,PAHANG,KUANTAN,PASAR BESAR KUANTAN,Runcit,26,Sayur-Sayuran,04,007,KACANG PANJANG HIJAU,F.A.Q,Kilogram,8.5,8.229091,
31040441,2026-10-08,2026-10-08 09:18:43.41226,PAHANG,KUANTAN,PASAR BESAR KUANTAN,Runcit,26,Sayur-Sayuran,04,007,KACANG PANJANG HIJAU,F.A.Q,Kilogram,8.6,8.229091,
31040442,2026-10-08,2026-10-08 09:18:43.41226,PAHANG,KUANTAN,PASAR BESAR KUANTAN,Runcit,26,Sayur-Sayuran,04,007,KACANG PANJANG HIJAU,F.A.Q,Kilogram,8.5,8.229091,
31040443,2026-10-08,2026-10-08 09:18:43.41226,PAHANG,KUANTAN,PASAR BESAR KUANTAN,Runcit,26,Sayur-Sayuran,04,007,KACANG PANJANG HIJAU,F.A.Q,Kilogram,8.7,8.229091,
31040446,2026-10-08,2026-10-08 09:19:40.586913,TERENGGANU,KUALA TERENGGANU,KELOMPOK PERTANIAN KAMPUNG CHE LONG,Ladang,,Sayur-Sayuran,02,002,CILI MERAH KULAI / KULAI HIBRID,F.A.Q,Kilogram,9,10.44,
31040447,2026-10-08,2026-10-08 09:19:40.640891,TERENGGANU,KUALA TERENGGANU,KELOMPOK PERTANIAN KAMPUNG CHE LONG,Ladang,,Sayur-Sayuran,04,002,KACANG BENDI,F.A.Q,Kilogram,3.5,5.34,
31040448,2026-10-08,2026-10-08 09:19:40.692787,TERENGGANU,KUALA TERENGGANU,KELOMPOK PERTANIAN KAMPUNG CHE LONG,Ladang,,Sayur-Sayuran,04,007,KACANG PANJANG HIJAU,F.A.Q,Kilogram,3.5,4.02,
31040449,2026-10-08,2026-10-08 09:19:40.740629,TERENGGANU,KUALA TERENGGANU,KELOMPOK PERTANIAN KAMPUNG CHE LONG,Ladang,,Sayur-Sayuran,03,019,KANGKUNG,F.A.Q,Kilogram,3.5,2.32,
31040450,2026-10-08,2026-10-08 09:19:40.782793,TERENGGANU,KUALA TERENGGANU,KELOMPOK PERTANIAN KAMPUNG CHE LONG,Ladang,,Sayur-Sayuran,03,007,SAWI HIJAU,F.A.Q,Kilogram,3.5,3.39,
31040451,2026-10-08,2026-10-08 09:19:40.84124,TERENGGANU,KUALA TERENGGANU,KELOMPOK PERTANIAN KAMPUNG CHE LONG,Ladang,,Sayur-Sayuran,02,010,TERUNG PANJANG / PEPARU (TANAH RENDAH),F.A.Q,Kilogram,4,5.38,
31040452,2026-10-08,2026-10-08 09:19:40.883469,TERENGGANU,KUALA TERENGGANU,KELOMPOK PERTANIAN KAMPUNG CHE LONG,Ladang,,Sayur-Sayuran,02,011,TIMUN HIJAU,F.A.Q,Kilogram,1.5,1.67,
31040453,2026-10-08,2026-10-08 09:20:12.183199,SARAWAK,LAWAS,PASAR TAMU LAWAS,Runcit,26,Sayur-Sayuran,05,001,BAWANG BESAR KUNING / HOLLAND,F.A.Q,Kilogram,6,7,
31040454,2026-10-08,2026-10-08 09:20:12.183199,SARAWAK,LAWAS,PASAR TAMU LAWAS,Runcit,26,Sayur-Sayuran,05,001,BAWANG BESAR MERAH (INDIA),F.A.Q,Kilogram,12,9,
31040455,2026-10-08,2026-10-08 09:20:12.183199,SARAWAK,LAWAS,PASAR TAMU LAWAS,Runcit,26,Sayur-Sayuran,05,001,BAWANG MERAH / KECIL (INDIA),F.A.Q,Kilogram,10,10,
31040456,2026-10-08,2026-10-08 09:20:12.183199,SARAWAK,LAWAS,PASAR TAMU LAWAS,Runcit,26,Sayur-Sayuran,05,001,BAWANG PUTIH (CHINA),F.A.Q,Kilogram,10,10,
31040457,2026-10-08,2026-10-08 09:20:12.183199,SARAWAK,LAWAS,PASAR TAMU LAWAS,Runcit,26,Sayur-Sayuran,03,001,BAYAM,F.A.Q,Kilogram,8,6.375,
31040458,2026-10-08,2026-10-08 09:20:12.183199,SARAWAK,LAWAS,PASAR TAMU LAWAS,Runcit,26,Sayur-Sayuran,02,002,CILI HIJAU,F.A.Q,Kilogram,20,22.5,
31040459,2026-10-08,2026-10-08 09:20:12.183199,SARAWAK,LAWAS,PASAR TAMU LAWAS,Runcit,26,Sayur-Sayuran,02,002,CILI MERAH KULAI / KULAI HIBRID,F.A.Q,Kilogram,25,23.571428,
31040460,2026-10-08,2026-10-08 09:20:12.183199,SARAWAK,LAWAS,PASAR TAMU LAWAS,Runcit,26,Sayur-Sayuran,02,002,CILI MERAH MINYAK,F.A.Q,Kilogram,20,20.8,
31040461,2026-10-08,2026-10-08 09:20:12.183199,SARAWAK,LAWAS,PASAR TAMU LAWAS,Runcit,26,Sayur-Sayuran,04,002,KACANG BENDI,F.A.Q,Kilogram,10,10,
31040462,2026-10-08,2026-10-08 09:20:12.183199,SARAWAK,LAWAS,PASAR TAMU LAWAS,Runcit,26,Sayur-Sayuran,04,003,KACANG BUNCIS,F.A.Q,Kilogram,10,10,
31040463,2026-10-08,2026-10-08 09:20:12.183199,SARAWAK,LAWAS,PASAR TAMU LAWAS,Runcit,26,Sayur-Sayuran,04,007,KACANG PANJANG HIJAU,F.A.Q,Kilogram,8,8,
31040464,2026-10-08,2026-10-08 09:20:12.183199,SARAWAK,LAWAS,PASAR TAMU LAWAS,Runcit,26,Sayur-Sayuran,03,019,KANGKUNG,F.A.Q,Kilogram,6,6.375,
31040465,2026-10-08,2026-10-08 09:20:12.183199,SARAWAK,LAWAS,PASAR TAMU LAWAS,Runcit,26,Sayur-Sayuran,03,006,KUBIS BULAT (TANAH TINGGI),F.A.Q,Kilogram,10,8.2,
31040466,2026-10-08,2026-10-08 09:20:12.183199,SARAWAK,LAWAS,PASAR TAMU LAWAS,Runcit,26,Sayur-Sayuran,03,007,SAWI HIJAU,F.A.Q,Kilogram,10,8.75,
31040467,2026-10-08,2026-10-08 09:20:12.183199,SARAWAK,LAWAS,PASAR TAMU LAWAS,Runcit,26,Sayur-Sayuran,03,007,SAWI HIJAU TANAH TINGGI,F.A.Q,Kilogram,10,8.571428,
31040468,2026-10-08,2026-10-08 09:20:12.183199,SARAWAK,LAWAS,PASAR TAMU LAWAS,Runcit,26,Sayur-Sayuran,02,010,TERUNG PANJANG / PEPARU (TANAH RENDAH),F.A.Q,Kilogram,8,9.571428,
31040469,2026-10-08,2026-10-08 09:20:12.183199,SARAWAK,LAWAS,PASAR TAMU LAWAS,Runcit,26,Sayur-Sayuran,02,011,TIMUN HIJAU,F.A.Q,Kilogram,7,6.375,
31040470,2026-10-08,2026-10-08 09:20:12.183199,SARAWAK,LAWAS,PASAR TAMU LAWAS,Runcit,26,Sayur-Sayuran,05,009,UBI KENTANG HOLLAND,F.A.Q,Kilogram,4,4.09,
31040471,2026-10-08,2026-10-08 09:20:29.241452,TERENGGANU,KEMAMAN,LADANG/KEBUN KEMASIK,Ladang,,Ternakan,01,003,AYAM HIDUP,F.A.Q,Kilogram,6.3,6.51,
31040472,2026-10-08,2026-10-08 09:20:29.908146,JOHOR,JOHOR BAHRU,,Ladang,,Sayur-Sayuran,03,001,BAYAM,F.A.Q,Kilogram,3,2.5,
31040473,2026-10-08,2026-10-08 09:20:29.908146,JOHOR,JOHOR BAHRU,,Ladang,,Sayur-Sayuran,02,002,CILI HIJAU,F.A.Q,Kilogram,14,14,
31040474,2026-10-08,2026-10-08 09:20:29.908146,JOHOR,JOHOR BAHRU,,Ladang,,Sayur-Sayuran,02,002,CILI MERAH KULAI / KULAI HIBRID,F.A.Q,Kilogram,15,15,
31040475,2026-10-08,2026-10-08 09:20:29.908146,JOHOR,JOHOR BAHRU,,Ladang,,Sayur-Sayuran,04,002,KACANG BENDI,F.A.Q,Kilogram,5,5,
31040476,2026-10-08,2026-10-08 09:20:29.908146,JOHOR,JOHOR BAHRU,,Ladang,,Sayur-Sayuran,04,003,KACANG BUNCIS,F.A.Q,Kilogram,6,6,
31040477,2026-10-08,2026-10-08 09:20:29.908146,JOHOR,JOHOR BAHRU,,Ladang,,Sayur-Sayuran,04,007,KACANG PANJANG HIJAU,F.A.Q,Kilogram,5,5,
31040478,2026-10-08,2026-10-08 09:20:29.908146,JOHOR,JOHOR BAHRU,,Ladang,,Sayur-Sayuran,03,019,KANGKUNG,F.A.Q,Kilogram,3,2.5,
31040479,2026-10-08,2026-10-08 09:20:29.908146,JOHOR,JOHOR BAHRU,,Ladang,,Sayur-Sayuran,03,007,SAWI HIJAU,F.A.Q,Kilogram,3,2.5,
31040480,2026-10-08,2026-10-08 09:20:29.908146,JOHOR,JOHOR BAHRU,,Ladang,,Sayur-Sayuran,02,010,TERUNG PANJANG / PEPARU (TANAH RENDAH),F.A.Q,Kilogram,5,6.6,
31040481,2026-10-08,2026-10-08 09:20:29.908146,JOHOR,JOHOR BAHRU,,Ladang,,Sayur-Sayuran,02,011,TIMUN HIJAU,F.A.Q,Kilogram,1.2,1.2,
31040482,2026-10-08,2026-10-08 09:20:45.533999,SARAWAK,SARIKEI,[PASAR TAMU] SENTRAL SARIKEI,Runcit,26,Sayur-Sayuran,03,001,BAYAM,F.A.Q,Kilogram,7.5,7.5,
31040483,2026-10-08,2026-10-08 09:20:45.533999,SARAWAK,SARIKEI,[PASAR TAMU] SENTRAL SARIKEI,Runcit,26,Sayur-Sayuran,02,002,CILI MERAH MINYAK,F.A.Q,Kilogram,25,25,
31040484,2026-10-08,2026-10-08 09:20:45.533999,SARAWAK,SARIKEI,[PASAR TAMU] SENTRAL SARIKEI,Runcit,26,Sayur-Sayuran,04,002,KACANG BENDI,F.A.Q,Kilogram,9.5,8.75,
31040485,2026-10-08,2026-10-08 09:20:45.533999,SARAWAK,SARIKEI,[PASAR TAMU] SENTRAL SARIKEI,Runcit,26,Sayur-Sayuran,04,003,KACANG BUNCIS,F.A.Q,Kilogram,16,16,
31040486,2026-10-08,2026-10-08 09:20:45.533999,SARAWAK,SARIKEI,[PASAR TAMU] SENTRAL SARIKEI,Runcit,26,Sayur-Sayuran,04,007,KACANG PANJANG HIJAU,F.A.Q,Kilogram,7,7,
31040487,2026-10-08,2026-10-08 09:20:45.533999,SARAWAK,SARIKEI,[PASAR TAMU] SENTRAL SARIKEI,Runcit,26,Sayur-Sayuran,03,019,KANGKUNG,F.A.Q,Kilogram,7,7.5,
31040488,2026-10-08,2026-10-08 09:20:45.533999,SARAWAK,SARIKEI,[PASAR TAMU] SENTRAL SARIKEI,Runcit,26,Sayur-Sayuran,03,007,SAWI HIJAU,F.A.Q,Kilogram,12,12,
31040489,2026-10-08,2026-10-08 09:20:45.533999,SARAWAK,SARIKEI,[PASAR TAMU] SENTRAL SARIKEI,Runcit,26,Sayur-Sayuran,02,010,TERUNG PANJANG / PEPARU (TANAH RENDAH),F.A.Q,Kilogram,10,10,
31040490,2026-10-08,2026-10-08 09:20:45.533999,SARAWAK,SARIKEI,[PASAR TAMU] SENTRAL SARIKEI,Runcit,26,Sayur-Sayuran,02,011,TIMUN HIJAU,F.A.Q,Kilogram,4,4,
31040491,2026-10-08,2026-10-08 09:20:45.533999,SARAWAK,SARIKEI,[PASAR TAMU] SENTRAL SARIKEI,Runcit,26,Sayur-Sayuran,02,012,TOMATO TANAH RENDAH,F.A.Q,Kilogram,7.5,7.5,
31040492,2026-10-08,2026-10-08 09:20:47.094557,SELANGOR,PETALING,"KOMPLEKS PASAR BORONG SELANGOR, SERI KEMBANGAN",Runcit,26,Buah-Buahan,02,005,BETIK SEKAKI,F.A.Q,Kilogram,5.5,4.98,
31040493,2026-10-08,2026-10-08 09:20:47.094557,SELANGOR,PETALING,"KOMPLEKS PASAR BORONG SELANGOR, SERI KEMBANGAN",Runcit,26,Buah-Buahan,02,023,NANAS JOSAPINE (AC5),F.A.Q,Kilogram,4,4,
31040494,2026-10-08,2026-10-08 09:20:47.094557,SELANGOR,PETALING,"KOMPLEKS PASAR BORONG SELANGOR, SERI KEMBANGAN",Runcit,26,Buah-Buahan,02,028,PISANG BERANGAN,F.A.Q,Kilogram,5,5.62,
31040495,2026-10-08,2026-10-08 09:20:47.094557,SELANGOR,PETALING,"KOMPLEKS PASAR BORONG SELANGOR, SERI KEMBANGAN",Runcit,26,Buah-Buahan,02,028,PISANG MAS,F.A.Q,Kilogram,5,5.43,
31040496,2026-10-08,2026-10-08 09:20:47.094557,SELANGOR,PETALING,"KOMPLEKS PASAR BORONG SELANGOR, SERI KEMBANGAN",Runcit,26,Buah-Buahan,02,034,TEMBIKAI MERAH TANPA BIJI,F.A.Q,Kilogram,4,4.75,
31040497,2026-10-08,2026-10-08 09:20:49.221081,JOHOR,BATU PAHAT,LADANG/KEBUN YONG PENG,Ladang,,Buah-Buahan,02,034,TEMBIKAI MERAH TANPA BIJI,F.A.Q,Kilogram,1.5,1.5,
31040498,2026-10-08,2026-10-08 09:20:56.305681,TERENGGANU,MARANG,[LOKASI KUTIPAN HARGA LADANG] PULAU KERENGGA,Ladang,,Buah-Buahan,02,034,TEMBIKAI MERAH TANPA BIJI,F.A.Q,Kilogram,1.1,2.46,
31040499,2026-10-08,2026-10-08 09:21:14.751696,JOHOR,BATU PAHAT,LADANG/KEBUN TANJUNG LABOH,Ladang,,Buah-Buahan,02,005,BETIK SEKAKI,F.A.Q,Kilogram,1.5,1.5,
31040500,2026-10-08,2026-10-08 09:21:14.751696,JOHOR,BATU PAHAT,LADANG/KEBUN TANJUNG LABOH,Ladang,,Buah-Buahan,02,023,NANAS JOSAPINE (AC5),F.A.Q,Kilogram,2.5,2.5,
31040501,2026-10-08,2026-10-08 09:21:14.751696,JOHOR,BATU PAHAT,LADANG/KEBUN TANJUNG LABOH,Ladang,,Buah-Buahan,02,028,PISANG BERANGAN,F.A.Q,Kilogram,2.5,2.5,
31040502,2026-10-08,2026-10-08 09:21:14.751696,JOHOR,BATU PAHAT,LADANG/KEBUN TANJUNG LABOH,Ladang,,Buah-Buahan,02,028,PISANG MAS,F.A.Q,Kilogram,3,3,
31040503,2026-10-08,2026-10-08 09:21:20.077165,TERENGGANU,KUALA TERENGGANU,PASAR BORONG GONG PAUH,Borong,,Ternakan,03,002,AYAM PROSES STANDARD,F.A.Q,Kilogram,9,8.75,
31040504,2026-10-08,2026-10-08 09:21:40.216426,JOHOR,BATU PAHAT,LADANG/KEBUN SENGGARANG,Ladang,,Buah-Buahan,02,005,BETIK SEKAKI,F.A.Q,Kilogram,1.5,1.5,
31040505,2026-10-08,2026-10-08 09:21:40.216426,JOHOR,BATU PAHAT,LADANG/KEBUN SENGGARANG,Ladang,,Buah-Buahan,02,023,NANAS JOSAPINE (AC5),F.A.Q,Kilogram,2.5,2.5,
31040506,2026-10-08,2026-10-08 09:21:40.216426,JOHOR,BATU PAHAT,LADANG/KEBUN SENGGARANG,Ladang,,Buah-Buahan,02,028,PISANG BERANGAN,F.A.Q,Kilogram,2.5,2.5,
31040507,2026-10-08,2026-10-08 09:21:40.216426,JOHOR,BATU PAHAT,LADANG/KEBUN SENGGARANG,Ladang,,Buah-Buahan,02,028,PISANG MAS,F.A.Q,Kilogram,3,3,
31040508,2026-10-08,2026-10-08 09:21:55.034123,JOHOR,KLUANG,LADANG/KEBUN JALAN AYER HITAM,Ladang,,Ternakan,01,003,AYAM HIDUP,F.A.Q,Kilogram,6,6,
31040509,2026-10-08,2026-10-08 09:22:15.304344,JOHOR,JOHOR BAHRU,,Ladang,,Tanaman Kontan,05,001,KELAPA DIKUPAS,SEDANG,Biji,1.9,1.9,
31040510,2026-10-08,2026-10-08 09:22:34.233295,JOHOR,JOHOR BAHRU,[PUSAT KUTIPAN HARGA BORONG] SKUDAI,Borong,20,Ternakan,01,003,AYAM HIDUP,F.A.Q,Kilogram,7.5,6.93,
31040511,2026-10-08,2026-10-08 09:22:40.219458,SELANGOR,PETALING,"KOMPLEKS PASAR BORONG SELANGOR, SERI KEMBANGAN",Borong,20,Buah-Buahan,02,005,BETIK SEKAKI,F.A.Q,Kilogram,4.5,3.33,
31040512,2026-10-08,2026-10-08 09:22:40.219458,SELANGOR,PETALING,"KOMPLEKS PASAR BORONG SELANGOR, SERI KEMBANGAN",Borong,20,Buah-Buahan,02,023,NANAS JOSAPINE (AC5),F.A.Q,Kilogram,3,3.19,
31040513,2026-10-08,2026-10-08 09:22:40.219458,SELANGOR,PETALING,"KOMPLEKS PASAR BORONG SELANGOR, SERI KEMBANGAN",Borong,20,Buah-Buahan,02,028,PISANG BERANGAN,F.A.Q,Kilogram,4,3.99,
31040514,2026-10-08,2026-10-08 09:22:40.219458,SELANGOR,PETALING,"KOMPLEKS PASAR BORONG SELANGOR, SERI KEMBANGAN",Borong,20,Buah-Buahan,02,028,PISANG MAS,F.A.Q,Kilogram,4,3.81,
31040515,2026-10-08,2026-10-08 09:22:40.219458,SELANGOR,PETALING,"KOMPLEKS PASAR BORONG SELANGOR, SERI KEMBANGAN",Borong,20,Buah-Buahan,02,034,TEMBIKAI MERAH TANPA BIJI,F.A.Q,Kilogram,2,2.23,
31040516,2026-10-08,2026-10-08 09:22:41.943291,SARAWAK,KUCHING,MEDAN NIAGA SATOK,Runcit,26,Hasil Laut & Perikanan,11,017,IKAN CENCARU,SEDANG,Kilogram,12,12,
31040517,2026-10-08,2026-10-08 09:22:41.943291,SARAWAK,KUCHING,MEDAN NIAGA SATOK,Runcit,26,Hasil Laut & Perikanan,02,010,IKAN HARUAN,F.A.Q,Kilogram,40,40,
31040518,2026-10-08,2026-10-08 09:22:41.943291,SARAWAK,KUCHING,MEDAN NIAGA SATOK,Runcit,26,Hasil Laut & Perikanan,02,011,IKAN JELAWAT,F.A.Q,Kilogram,16,16,
31040519,2026-10-08,2026-10-08 09:22:41.943291,SARAWAK,KUCHING,MEDAN NIAGA SATOK,Runcit,26,Hasil Laut & Perikanan,02,012,IKAN KELI BUNGA,F.A.Q,Kilogram,12,12,
31040520,2026-10-08,2026-10-08 09:22:41.943291,SARAWAK,KUCHING,MEDAN NIAGA SATOK,Runcit,26,Hasil Laut & Perikanan,11,008,IKAN KEMBUNG,SEDANG,Kilogram,16,15.5,
31040521,2026-10-08,2026-10-08 09:22:41.943291,SARAWAK,KUCHING,MEDAN NIAGA SATOK,Runcit,26,Hasil Laut & Perikanan,11,008,IKAN KEMBUNG/PELALING,SEDANG,Kilogram,15,16,
31040522,2026-10-08,2026-10-08 09:22:41.943291,SARAWAK,KUCHING,MEDAN NIAGA SATOK,Runcit,26,Hasil Laut & Perikanan,11,012,IKAN SARDIN,SEDANG,Kilogram,14,14,
31040523,2026-10-08,2026-10-08 09:22:41.943291,SARAWAK,KUCHING,MEDAN NIAGA SATOK,Runcit,26,Hasil Laut & Perikanan,11,015,IKAN SELAR,SEDANG,Kilogram,24,24,
31040524,2026-10-08,2026-10-08 09:22:41.943291,SARAWAK,KUCHING,MEDAN NIAGA SATOK,Runcit,26,Hasil Laut & Perikanan,02,002,IKAN TILAPIA MERAH,F.A.Q,Kilogram,14,14,
31040525,2026-10-08,2026-10-08 09:22:41.943291,SARAWAK,KUCHING,MEDAN NIAGA SATOK,Runcit,26,Hasil Laut & Perikanan,02,006,UDANG GALAH,F.A.Q,Kilogram,85,85,
31040529,2026-10-08,2026-10-08 09:23:24.554109,SELANGOR,PETALING,"KOMPLEKS PASAR BORONG SELANGOR, SERI KEMBANGAN",Runcit,26,Buah-Buahan,02,005,BETIK SEKAKI,F.A.Q,Kilogram,5.5,4.98,
31040530,2026-10-08,2026-10-08 09:23:24.554109,SELANGOR,PETALING,"KOMPLEKS PASAR BORONG SELANGOR, SERI KEMBANGAN",Runcit,26,Buah-Buahan,02,023,NANAS JOSAPINE (AC5),F.A.Q,Kilogram,4,4.52,
31040531,2026-10-08,2026-10-08 09:23:24.554109,SELANGOR,PETALING,"KOMPLEKS PASAR BORONG SELANGOR, SERI KEMBANGAN",Runcit,26,Buah-Buahan,02,028,PISANG BERANGAN,F.A.Q,Kilogram,4.8,5,
31040532,2026-10-08,2026-10-08 09:23:24.554109,SELANGOR,PETALING,"KOMPLEKS PASAR BORONG SELANGOR, SERI KEMBANGAN",Runcit,26,Buah-Buahan,02,028,PISANG MAS,F.A.Q,Kilogram,4.5,5.43,
31040533,2026-10-08,2026-10-08 09:23:24.554109,SELANGOR,PETALING,"KOMPLEKS PASAR BORONG SELANGOR, SERI KEMBANGAN",Runcit,26,Buah-Buahan,02,034,TEMBIKAI MERAH TANPA BIJI,F.A.Q,Kilogram,3,3.49,
31040535,2026-10-08,2026-10-08 09:23:56.972813,SABAH,KOTA KINABALU,PASAR AWAM KOTA KINABALU - BAHAGIAN RUNCIT,Runcit,26,Buah-Buahan,02,028,PISANG BERANGAN,F.A.Q,Kilogram,5,5.9076924,
31040537,2026-10-08,2026-10-08 09:24:14.242655,SARAWAK,SARIKEI,[PASAR TAMU] SENTRAL SARIKEI,Runcit,26,Lain-Lain Makanan Proses,15,001,SANTAN PEKAT,F.A.Q,Kilogram,12,12,
31040538,2026-10-08,2026-10-08 09:24:20.667974,TERENGGANU,SETIU,PASAR AWAM SETIU,Runcit,,Sayur-Sayuran,03,001,BAYAM,F.A.Q,Kilogram,8,5.81,
31040539,2026-10-08,2026-10-08 09:24:20.739734,TERENGGANU,SETIU,PASAR AWAM SETIU,Runcit,,Sayur-Sayuran,02,002,CILI MERAH KULAI / KULAI HIBRID,F.A.Q,Kilogram,12,16.31,
31040540,2026-10-08,2026-10-08 09:24:20.829918,TERENGGANU,SETIU,PASAR AWAM SETIU,Runcit,,Sayur-Sayuran,04,003,KACANG BUNCIS,F.A.Q,Kilogram,14,13.06,
31040541,2026-10-08,2026-10-08 09:24:20.913961,TERENGGANU,SETIU,PASAR AWAM SETIU,Runcit,,Sayur-Sayuran,04,007,KACANG PANJANG HIJAU,F.A.Q,Kilogram,9,7.99,
31040542,2026-10-08,2026-10-08 09:24:20.997835,TERENGGANU,SETIU,PASAR AWAM SETIU,Runcit,,Sayur-Sayuran,03,019,KANGKUNG,F.A.Q,Kilogram,5,5.03,
31040543,2026-10-08,2026-10-08 09:24:21.088289,TERENGGANU,SETIU,PASAR AWAM SETIU,Runcit,,Sayur-Sayuran,03,006,KUBIS BULAT (CHINA),F.A.Q,Kilogram,5,3.29,
31040544,2026-10-08,2026-10-08 09:24:21.158966,TERENGGANU,SETIU,PASAR AWAM SETIU,Runcit,,Sayur-Sayuran,03,006,KUBIS BULAT (TANAH TINGGI),F.A.Q,Kilogram,5,4.58,
31040545,2026-10-08,2026-10-08 09:24:21.254947,TERENGGANU,SETIU,PASAR AWAM SETIU,Runcit,,Sayur-Sayuran,03,007,SAWI HIJAU TANAH TINGGI,F.A.Q,Kilogram,6,4,
31040546,2026-10-08,2026-10-08 09:24:21.351806,TERENGGANU,SETIU,PASAR AWAM SETIU,Runcit,,Sayur-Sayuran,02,010,TERUNG PANJANG / PEPARU (TANAH RENDAH),F.A.Q,Kilogram,5,9.47,
31040547,2026-10-08,2026-10-08 09:24:21.445489,TERENGGANU,SETIU,PASAR AWAM SETIU,Runcit,,Sayur-Sayuran,02,011,TIMUN HIJAU,F.A.Q,Kilogram,3,4.08,
31040548,2026-10-08,2026-10-08 09:24:21.505945,TERENGGANU,SETIU,PASAR AWAM SETIU,Runcit,,Sayur-Sayuran,02,012,TOMATO (TANAH TINGGI),F.A.Q,Kilogram,6,8.71,
31040549,2026-10-08,2026-10-08 09:24:21.573337,TERENGGANU,SETIU,PASAR AWAM SETIU,Runcit,,Ternakan,03,002,AYAM PROSES STANDARD,F.A.Q,Kilogram,10.5,9.99,
31040550,2026-10-08,2026-10-08 09:24:21.821352,SARAWAK,DARO,[PASAR TANI] DARO MUKAH,Runcit,17,Ternakan,03,002,AYAM PROSES STANDARD,F.A.Q,Kilogram,10.99,10.9,
31040551,2026-10-08,2026-10-08 09:24:21.821352,SARAWAK,DARO,[PASAR TANI] DARO MUKAH,Runcit,17,Ternakan,11,001,TELUR AYAM,B,Biji,0.54,0.54,
31040552,2026-10-08,2026-10-08 09:24:21.821352,SARAWAK,DARO,[PASAR TANI] DARO MUKAH,Runcit,17,Ternakan,11,001,TELUR AYAM,C,Biji,0.51,0.51,
31040553,2026-10-08,2026-10-08 09:24:25.919172,SARAWAK,LAWAS,PASAR TAMU LAWAS,Runcit,26,Sayur-Sayuran,03,001,BAYAM,F.A.Q,Kilogram,6,6.375,
31040554,2026-10-08,2026-10-08 09:24:25.919172,SARAWAK,LAWAS,PASAR TAMU LAWAS,Runcit,26,Sayur-Sayuran,02,002,CILI HIJAU,F.A.Q,Kilogram,25,22.5,
31040555,2026-10-08,2026-10-08 09:24:25.919172,SARAWAK,LAWAS,PASAR TAMU LAWAS,Runcit,26,Sayur-Sayuran,02,002,CILI MERAH KULAI / KULAI HIBRID,F.A.Q,Kilogram,25,23.571428,
31040556,2026-10-08,2026-10-08 09:24:25.919172,SARAWAK,LAWAS,PASAR TAMU LAWAS,Runcit,26,Sayur-Sayuran,04,002,KACANG BENDI,F.A.Q,Kilogram,10,10,
31040557,2026-10-08,2026-10-08 09:24:25.919172,SARAWAK,LAWAS,PASAR TAMU LAWAS,Runcit,26,Sayur-Sayuran,04,003,KACANG BUNCIS,F.A.Q,Kilogram,10,10,
31040558,2026-10-08,2026-10-08 09:24:25.919172,SARAWAK,LAWAS,PASAR TAMU LAWAS,Runcit,26,Sayur-Sayuran,04,007,KACANG PANJANG HIJAU,F.A.Q,Kilogram,8,8,
31040559,2026-10-08,2026-10-08 09:24:25.919172,SARAWAK,LAWAS,PASAR TAMU LAWAS,Runcit,26,Sayur-Sayuran,03,019,KANGKUNG,F.A.Q,Kilogram,6,6.375,
31040560,2026-10-08,2026-10-08 09:24:25.919172,SARAWAK,LAWAS,PASAR TAMU LAWAS,Runcit,26,Sayur-Sayuran,03,006,KUBIS BULAT (TANAH TINGGI),F.A.Q,Kilogram,7,8.2,
31040561,2026-10-08,2026-10-08 09:24:25.919172,SARAWAK,LAWAS,PASAR TAMU LAWAS,Runcit,26,Sayur-Sayuran,03,007,SAWI HIJAU,F.A.Q,Kilogram,10,8.75,
31040562,2026-10-08,2026-10-08 09:24:25.919172,SARAWAK,LAWAS,PASAR TAMU LAWAS,Runcit,26,Sayur-Sayuran,03,007,SAWI HIJAU TANAH TINGGI,F.A.Q,Kilogram,10,8.571428,
31040563,2026-10-08,2026-10-08 09:24:25.919172,SARAWAK,LAWAS,PASAR TAMU LAWAS,Runcit,26,Sayur-Sayuran,02,010,TERUNG PANJANG / PEPARU (TANAH RENDAH),F.A.Q,Kilogram,8,9.571428,
31040564,2026-10-08,2026-10-08 09:24:25.919172,SARAWAK,LAWAS,PASAR TAMU LAWAS,Runcit,26,Sayur-Sayuran,02,011,TIMUN HIJAU,F.A.Q,Kilogram,7,6.375,
31040565,2026-10-08,2026-10-08 09:24:27.513929,SELANGOR,PETALING,"KOMPLEKS PASAR BORONG SELANGOR, SERI KEMBANGAN",Borong,20,Buah-Buahan,02,005,BETIK SEKAKI,F.A.Q,Kilogram,4.5,3.33,
31040566,2026-10-08,2026-10-08 09:24:27.513929,SELANGOR,PETALING,"KOMPLEKS PASAR BORONG SELANGOR, SERI KEMBANGAN",Borong,20,Buah-Buahan,02,023,NANAS JOSAPINE (AC5),F.A.Q,Kilogram,3,3.5,
31040567,2026-10-08,2026-10-08 09:24:27.513929,SELANGOR,PETALING,"KOMPLEKS PASAR BORONG SELANGOR, SERI KEMBANGAN",Borong,20,Buah-Buahan,02,028,PISANG BERANGAN,F.A.Q,Kilogram,3.8,3.93,
31040568,2026-10-08,2026-10-08 09:24:27.513929,SELANGOR,PETALING,"KOMPLEKS PASAR BORONG SELANGOR, SERI KEMBANGAN",Borong,20,Buah-Buahan,02,028,PISANG MAS,F.A.Q,Kilogram,3.5,3.81,
31040569,2026-10-08,2026-10-08 09:24:27.513929,SELANGOR,PETALING,"KOMPLEKS PASAR BORONG SELANGOR, SERI KEMBANGAN",Borong,20,Buah-Buahan,02,034,TEMBIKAI MERAH TANPA BIJI,F.A.Q,Kilogram,2,3.55,
31040570,2026-10-08,2026-10-08 09:24:29.784447,TERENGGANU,KUALA TERENGGANU,PASAR BESAR KEDAI PAYANG,Runcit,26,Sayur-Sayuran,03,001,BAYAM,F.A.Q,Kilogram,8,5.81,
31040571,2026-10-08,2026-10-08 09:24:29.784447,TERENGGANU,KUALA TERENGGANU,PASAR BESAR KEDAI PAYANG,Runcit,26,Sayur-Sayuran,02,002,CILI HIJAU,F.A.Q,Kilogram,12,13.18,
31040572,2026-10-08,2026-10-08 09:24:29.784447,TERENGGANU,KUALA TERENGGANU,PASAR BESAR KEDAI PAYANG,Runcit,26,Sayur-Sayuran,02,002,CILI MERAH (VIETNAM),F.A.Q,Kilogram,12,8.1,
31040573,2026-10-08,2026-10-08 09:24:29.784447,TERENGGANU,KUALA TERENGGANU,PASAR BESAR KEDAI PAYANG,Runcit,26,Sayur-Sayuran,02,002,CILI MERAH KULAI / KULAI HIBRID,F.A.Q,Kilogram,16,16.31,
31040574,2026-10-08,2026-10-08 09:24:29.784447,TERENGGANU,KUALA TERENGGANU,PASAR BESAR KEDAI PAYANG,Runcit,26,Sayur-Sayuran,02,002,CILI MERAH MINYAK,F.A.Q,Kilogram,12,14.1,
31040575,2026-10-08,2026-10-08 09:24:29.784447,TERENGGANU,KUALA TERENGGANU,PASAR BESAR KEDAI PAYANG,Runcit,26,Sayur-Sayuran,03,009,DAUN BAWANG,F.A.Q,Kilogram,11.5,12.95,
31040576,2026-10-08,2026-10-08 09:24:29.784447,TERENGGANU,KUALA TERENGGANU,PASAR BESAR KEDAI PAYANG,Runcit,26,Sayur-Sayuran,03,015,DAUN SUP (TANAH TINGGI),F.A.Q,Kilogram,15,13.35,
31040577,2026-10-08,2026-10-08 09:24:29.784447,TERENGGANU,KUALA TERENGGANU,PASAR BESAR KEDAI PAYANG,Runcit,26,Sayur-Sayuran,04,002,KACANG BENDI,F.A.Q,Kilogram,9,10.44,
31040578,2026-10-08,2026-10-08 09:24:29.784447,TERENGGANU,KUALA TERENGGANU,PASAR BESAR KEDAI PAYANG,Runcit,26,Sayur-Sayuran,04,003,KACANG BUNCIS,F.A.Q,Kilogram,13,13.06,
31040579,2026-10-08,2026-10-08 09:24:29.784447,TERENGGANU,KUALA TERENGGANU,PASAR BESAR KEDAI PAYANG,Runcit,26,Sayur-Sayuran,04,007,KACANG PANJANG HIJAU,F.A.Q,Kilogram,8,7.99,
31040580,2026-10-08,2026-10-08 09:24:29.784447,TERENGGANU,KUALA TERENGGANU,PASAR BESAR KEDAI PAYANG,Runcit,26,Sayur-Sayuran,03,019,KANGKUNG,F.A.Q,Kilogram,6,5.03,
31040581,2026-10-08,2026-10-08 09:24:29.784447,TERENGGANU,KUALA TERENGGANU,PASAR BESAR KEDAI PAYANG,Runcit,26,Sayur-Sayuran,03,006,KUBIS BULAT (CHINA),F.A.Q,Kilogram,4,3.29,
31040582,2026-10-08,2026-10-08 09:24:29.784447,TERENGGANU,KUALA TERENGGANU,PASAR BESAR KEDAI PAYANG,Runcit,26,Sayur-Sayuran,03,006,KUBIS BULAT (TANAH TINGGI),F.A.Q,Kilogram,4.5,4.58,
31040583,2026-10-08,2026-10-08 09:24:29.784447,TERENGGANU,KUALA TERENGGANU,PASAR BESAR KEDAI PAYANG,Runcit,26,Sayur-Sayuran,03,007,SAWI HIJAU,F.A.Q,Kilogram,6.5,6.22,
31040584,2026-10-08,2026-10-08 09:24:29.784447,TERENGGANU,KUALA TERENGGANU,PASAR BESAR KEDAI PAYANG,Runcit,26,Sayur-Sayuran,02,010,TERUNG PANJANG / PEPARU (TANAH RENDAH),F.A.Q,Kilogram,8,9.47,
31040585,2026-10-08,2026-10-08 09:24:29.784447,TERENGGANU,KUALA TERENGGANU,PASAR BESAR KEDAI PAYANG,Runcit,26,Sayur-Sayuran,02,011,TIMUN HIJAU,F.A.Q,Kilogram,3.5,4.08,
31040586,2026-10-08,2026-10-08 09:24:29.784447,TERENGGANU,KUALA TERENGGANU,PASAR BESAR KEDAI PAYANG,Runcit,26,Sayur-Sayuran,02,012,TOMATO (TANAH TINGGI),F.A.Q,Kilogram,6,8.71,
31040587,2026-10-08,2026-10-08 09:24:32.332004,SARAWAK,SARIKEI,[PASAR TAMU] SENTRAL SARIKEI,Runcit,26,Tanaman Kontan,05,001,KELAPA DIKUPAS,SEDANG,Biji,2.5,2.5,
31040588,2026-10-08,2026-10-08 09:24:44.312068,TERENGGANU,KEMAMAN,PASAR AWAM CHUKAI,Runcit,26,Sayur-Sayuran,03,001,BAYAM,F.A.Q,Kilogram,4.5,6.02,
31040589,2026-10-08,2026-10-08 09:24:44.312068,TERENGGANU,KEMAMAN,PASAR AWAM CHUKAI,Runcit,26,Sayur-Sayuran,02,002,CILI HIJAU,F.A.Q,Kilogram,14,13.18,
31040590,2026-10-08,2026-10-08 09:24:44.312068,TERENGGANU,KEMAMAN,PASAR AWAM CHUKAI,Runcit,26,Sayur-Sayuran,02,002,CILI MERAH (VIETNAM),F.A.Q,Kilogram,15,8.1,
31040591,2026-10-08,2026-10-08 09:24:44.312068,TERENGGANU,KEMAMAN,PASAR AWAM CHUKAI,Runcit,26,Sayur-Sayuran,02,002,CILI MERAH KULAI / KULAI HIBRID,F.A.Q,Kilogram,15,16.01,
31040592,2026-10-08,2026-10-08 09:24:44.312068,TERENGGANU,KEMAMAN,PASAR AWAM CHUKAI,Runcit,26,Sayur-Sayuran,02,002,CILI MERAH MINYAK,F.A.Q,Kilogram,13,13.59,
31040593,2026-10-08,2026-10-08 09:24:44.312068,TERENGGANU,KEMAMAN,PASAR AWAM CHUKAI,Runcit,26,Sayur-Sayuran,03,009,DAUN BAWANG,F.A.Q,Kilogram,12,12.95,
31040594,2026-10-08,2026-10-08 09:24:44.312068,TERENGGANU,KEMAMAN,PASAR AWAM CHUKAI,Runcit,26,Sayur-Sayuran,03,015,DAUN SUP (TANAH TINGGI),F.A.Q,Kilogram,7,13.35,
31040595,2026-10-08,2026-10-08 09:24:44.312068,TERENGGANU,KEMAMAN,PASAR AWAM CHUKAI,Runcit,26,Sayur-Sayuran,04,002,KACANG BENDI,F.A.Q,Kilogram,7,6,
31040596,2026-10-08,2026-10-08 09:24:44.312068,TERENGGANU,KEMAMAN,PASAR AWAM CHUKAI,Runcit,26,Sayur-Sayuran,04,003,KACANG BUNCIS,F.A.Q,Kilogram,14,13.06,
31040597,2026-10-08,2026-10-08 09:24:44.312068,TERENGGANU,KEMAMAN,PASAR AWAM CHUKAI,Runcit,26,Sayur-Sayuran,04,007,KACANG PANJANG HIJAU,F.A.Q,Kilogram,8,8.57,
31040598,2026-10-08,2026-10-08 09:24:44.312068,TERENGGANU,KEMAMAN,PASAR AWAM CHUKAI,Runcit,26,Sayur-Sayuran,03,019,KANGKUNG,F.A.Q,Kilogram,4,5.03,
31040599,2026-10-08,2026-10-08 09:24:44.312068,TERENGGANU,KEMAMAN,PASAR AWAM CHUKAI,Runcit,26,Sayur-Sayuran,03,006,KUBIS BULAT (CHINA),F.A.Q,Kilogram,3.2,3.29,
31040600,2026-10-08,2026-10-08 09:24:44.312068,TERENGGANU,KEMAMAN,PASAR AWAM CHUKAI,Runcit,26,Sayur-Sayuran,03,006,KUBIS BULAT (INDONESIA),F.A.Q,Kilogram,4.5,2.97,
31040601,2026-10-08,2026-10-08 09:24:44.312068,TERENGGANU,KEMAMAN,PASAR AWAM CHUKAI,Runcit,26,Sayur-Sayuran,03,006,KUBIS BULAT (TANAH TINGGI),F.A.Q,Kilogram,4,4.94,
31040602,2026-10-08,2026-10-08 09:24:44.312068,TERENGGANU,KEMAMAN,PASAR AWAM CHUKAI,Runcit,26,Sayur-Sayuran,03,007,SAWI HIJAU,F.A.Q,Kilogram,7,5.99,
31040603,2026-10-08,2026-10-08 09:24:44.312068,TERENGGANU,KEMAMAN,PASAR AWAM CHUKAI,Runcit,26,Sayur-Sayuran,02,010,TERUNG PANJANG / PEPARU (TANAH RENDAH),F.A.Q,Kilogram,7,8.08,
31040604,2026-10-08,2026-10-08 09:24:44.312068,TERENGGANU,KEMAMAN,PASAR AWAM CHUKAI,Runcit,26,Sayur-Sayuran,02,011,TIMUN HIJAU,F.A.Q,Kilogram,3.5,4.27,
31040605,2026-10-08,2026-10-08 09:24:44.312068,TERENGGANU,KEMAMAN,PASAR AWAM CHUKAI,Runcit,26,Sayur-Sayuran,02,012,TOMATO (TANAH TINGGI),F.A.Q,Kilogram,6,5.71,
31040606,2026-10-08,2026-10-08 09:24:51.455859,PERLIS,PERLIS,PASAR AWAM SENA,Runcit,26,Sayur-Sayuran,03,001,BAYAM,F.A.Q,Kilogram,7,6.217949,
31040607,2026-10-08,2026-10-08 09:24:51.455859,PERLIS,PERLIS,PASAR AWAM SENA,Runcit,26,Sayur-Sayuran,03,001,BAYAM,F.A.Q,Kilogram,7,6.217949,
31040608,2026-10-08,2026-10-08 09:24:51.455859,PERLIS,PERLIS,PASAR AWAM SENA,Runcit,26,Sayur-Sayuran,03,001,BAYAM,F.A.Q,Kilogram,7,6.217949,
31040609,2026-10-08,2026-10-08 09:24:51.455859,PERLIS,PERLIS,PASAR AWAM SENA,Runcit,26,Sayur-Sayuran,03,001,BAYAM,F.A.Q,Kilogram,7,6.217949,
31040610,2026-10-08,2026-10-08 09:24:51.455859,PERLIS,PERLIS,PASAR AWAM SENA,Runcit,26,Sayur-Sayuran,03,001,BAYAM,F.A.Q,Kilogram,7,6.217949,
31040611,2026-10-08,2026-10-08 09:24:51.455859,PERLIS,PERLIS,PASAR AWAM SENA,Runcit,26,Sayur-Sayuran,02,002,CILI MERAH (THAILAND),F.A.Q,Kilogram,15,13.5,
31040612,2026-10-08,2026-10-08 09:24:51.455859,PERLIS,PERLIS,PASAR AWAM SENA,Runcit,26,Sayur-Sayuran,02,002,CILI MERAH (THAILAND),F.A.Q,Kilogram,15,13.5,
31040613,2026-10-08,2026-10-08 09:24:51.455859,PERLIS,PERLIS,PASAR AWAM SENA,Runcit,26,Sayur-Sayuran,02,002,CILI MERAH (THAILAND),F.A.Q,Kilogram,15,13.5,
31040614,2026-10-08,2026-10-08 09:24:51.455859,PERLIS,PERLIS,PASAR AWAM SENA,Runcit,26,Sayur-Sayuran,02,002,CILI MERAH (THAILAND),F.A.Q,Kilogram,15,13.5,
31040615,2026-10-08,2026-10-08 09:24:51.455859,PERLIS,PERLIS,PASAR AWAM SENA,Runcit,26,Sayur-Sayuran,02,002,CILI MERAH (THAILAND),F.A.Q,Kilogram,15,13.5,
31040616,2026-10-08,2026-10-08 09:24:51.455859,PERLIS,PERLIS,PASAR AWAM SENA,Runcit,26,Sayur-Sayuran,02,002,CILI MERAH (VIETNAM),F.A.Q,Kilogram,13,12.225,
31040617,2026-10-08,2026-10-08 09:24:51.455859,PERLIS,PERLIS,PASAR AWAM SENA,Runcit,26,Sayur-Sayuran,02,002,CILI MERAH (VIETNAM),F.A.Q,Kilogram,13,12.225,
31040618,2026-10-08,2026-10-08 09:24:51.455859,PERLIS,PERLIS,PASAR AWAM SENA,Runcit,26,Sayur-Sayuran,02,002,CILI MERAH (VIETNAM),F.A.Q,Kilogram,13,12.225,
31040619,2026-10-08,2026-10-08 09:24:51.455859,PERLIS,PERLIS,PASAR AWAM SENA,Runcit,26,Sayur-Sayuran,02,002,CILI MERAH (VIETNAM),F.A.Q,Kilogram,13,12.225,
31040620,2026-10-08,2026-10-08 09:24:51.455859,PERLIS,PERLIS,PASAR AWAM SENA,Runcit,26,Sayur-Sayuran,02,002,CILI MERAH (VIETNAM),F.A.Q,Kilogram,13,12.225,
31040621,2026-10-08,2026-10-08 09:24:51.455859,PERLIS,PERLIS,PASAR AWAM SENA,Runcit,26,Sayur-Sayuran,02,002,CILI MERAH KULAI / KULAI HIBRID,F.A.Q,Kilogram,18,17.328571,
31040622,2026-10-08,2026-10-08 09:24:51.455859,PERLIS,PERLIS,PASAR AWAM SENA,Runcit,26,Sayur-Sayuran,02,002,CILI MERAH KULAI / KULAI HIBRID,F.A.Q,Kilogram,18,17.328571,
31040623,2026-10-08,2026-10-08 09:24:51.455859,PERLIS,PERLIS,PASAR AWAM SENA,Runcit,26,Sayur-Sayuran,02,002,CILI MERAH KULAI / KULAI HIBRID,F.A.Q,Kilogram,18,17.328571,
31040624,2026-10-08,2026-10-08 09:24:51.455859,PERLIS,PERLIS,PASAR AWAM SENA,Runcit,26,Sayur-Sayuran,02,002,CILI MERAH KULAI / KULAI HIBRID,F.A.Q,Kilogram,19,17.328571,
31040625,2026-10-08,2026-10-08 09:24:51.455859,PERLIS,PERLIS,PASAR AWAM SENA,Runcit,26,Sayur-Sayuran,02,002,CILI MERAH KULAI / KULAI HIBRID,F.A.Q,Kilogram,19,17.328571,
31040626,2026-10-08,2026-10-08 09:24:51.455859,PERLIS,PERLIS,PASAR AWAM SENA,Runcit,26,Sayur-Sayuran,02,002,CILI MERAH MINYAK,F.A.Q,Kilogram,15,14.692857,
31040627,2026-10-08,2026-10-08 09:24:51.455859,PERLIS,PERLIS,PASAR AWAM SENA,Runcit,26,Sayur-Sayuran,02,002,CILI MERAH MINYAK,F.A.Q,Kilogram,15,14.692857,
31040628,2026-10-08,2026-10-08 09:24:51.455859,PERLIS,PERLIS,PASAR AWAM SENA,Runcit,26,Sayur-Sayuran,02,002,CILI MERAH MINYAK,F.A.Q,Kilogram,15,14.692857,
31040629,2026-10-08,2026-10-08 09:24:51.455859,PERLIS,PERLIS,PASAR AWAM SENA,Runcit,26,Sayur-Sayuran,02,002,CILI MERAH MINYAK,F.A.Q,Kilogram,15,14.692857,
31040630,2026-10-08,2026-10-08 09:24:51.455859,PERLIS,PERLIS,PASAR AWAM SENA,Runcit,26,Sayur-Sayuran,02,002,CILI MERAH MINYAK,F.A.Q,Kilogram,15,14.692857,
31040634,2026-10-08,2026-10-08 09:24:54.554201,SARAWAK,SARIKEI,[PASAR TAMU] SENTRAL SARIKEI,Runcit,26,Ternakan,11,001,TELUR AYAM,A,Biji,0.6,0.6,
31040635,2026-10-08,2026-10-08 09:24:54.554201,SARAWAK,SARIKEI,[PASAR TAMU] SENTRAL SARIKEI,Runcit,26,Ternakan,11,001,TELUR AYAM,B,Biji,0.53,0.53,
31040636,2026-10-08,2026-10-08 09:24:54.554201,SARAWAK,SARIKEI,[PASAR TAMU] SENTRAL SARIKEI,Runcit,26,Ternakan,11,001,TELUR AYAM,C,Biji,0.48,0.48,
31040637,2026-10-08,2026-10-08 09:25:08.628978,SELANGOR,PETALING,"KOMPLEKS PASAR BORONG SELANGOR, SERI KEMBANGAN",Runcit,26,Ternakan,03,002,AYAM PROSES STANDARD,F.A.Q,Kilogram,10.5,10.09,
31040639,2026-10-08,2026-10-08 09:25:16.332672,SARAWAK,KUCHING,MEDAN NIAGA SATOK,Borong,20,Hasil Laut & Perikanan,02,010,IKAN HARUAN,F.A.Q,Kilogram,35,35,
31040640,2026-10-08,2026-10-08 09:25:16.332672,SARAWAK,KUCHING,MEDAN NIAGA SATOK,Borong,20,Hasil Laut & Perikanan,02,011,IKAN JELAWAT,F.A.Q,Kilogram,13,13,
31040641,2026-10-08,2026-10-08 09:25:16.332672,SARAWAK,KUCHING,MEDAN NIAGA SATOK,Borong,20,Hasil Laut & Perikanan,02,012,IKAN KELI BUNGA,F.A.Q,Kilogram,11,11,
31040642,2026-10-08,2026-10-08 09:25:16.332672,SARAWAK,KUCHING,MEDAN NIAGA SATOK,Borong,20,Hasil Laut & Perikanan,02,002,IKAN TILAPIA MERAH,F.A.Q,Kilogram,13,12,
31040643,2026-10-08,2026-10-08 09:25:16.332672,SARAWAK,KUCHING,MEDAN NIAGA SATOK,Borong,20,Hasil Laut & Perikanan,02,006,UDANG GALAH,F.A.Q,Kilogram,80,80,
31040644,2026-10-08,2026-10-08 09:25:21.145954,SARAWAK,LAWAS,PASAR TAMU LAWAS,Runcit,26,Ternakan,03,002,AYAM PROSES STANDARD,F.A.Q,Kilogram,16,16,
31040645,2026-10-08,2026-10-08 09:25:21.145954,SARAWAK,LAWAS,PASAR TAMU LAWAS,Runcit,26,Ternakan,11,001,TELUR AYAM,A,Biji,0.7,0.7,
31040646,2026-10-08,2026-10-08 09:25:21.145954,SARAWAK,LAWAS,PASAR TAMU LAWAS,Runcit,26,Ternakan,11,001,TELUR AYAM,B,Biji,0.66,0.66,
31040647,2026-10-08,2026-10-08 09:25:24.119963,SELANGOR,PETALING,"KOMPLEKS PASAR BORONG SELANGOR, SERI KEMBANGAN",Runcit,26,Ternakan,03,002,AYAM KAMPUNG (PROSES),F.A.Q,Kilogram,20,17,
31040648,2026-10-08,2026-10-08 09:25:24.119963,SELANGOR,PETALING,"KOMPLEKS PASAR BORONG SELANGOR, SERI KEMBANGAN",Runcit,26,Ternakan,03,002,AYAM TUA / PENELUR PROSES,F.A.Q,Kilogram,12,9,
31040649,2026-10-08,2026-10-08 09:25:30.901775,TERENGGANU,KUALA TERENGGANU,PASAR BORONG GONG PAUH,Borong,,Sayur-Sayuran,03,001,BAYAM,F.A.Q,Kilogram,7,4.11,
31040650,2026-10-08,2026-10-08 09:25:30.965267,TERENGGANU,KUALA TERENGGANU,PASAR BORONG GONG PAUH,Borong,,Sayur-Sayuran,02,002,CILI HIJAU,F.A.Q,Kilogram,11,10.63,
31040651,2026-10-08,2026-10-08 09:25:31.032751,TERENGGANU,KUALA TERENGGANU,PASAR BORONG GONG PAUH,Borong,,Sayur-Sayuran,02,002,CILI MERAH (VIETNAM),F.A.Q,Kilogram,11,6.98,
31040652,2026-10-08,2026-10-08 09:25:31.083416,TERENGGANU,KUALA TERENGGANU,PASAR BORONG GONG PAUH,Borong,,Sayur-Sayuran,02,002,CILI MERAH KULAI / KULAI HIBRID,F.A.Q,Kilogram,12,13.69,
31040653,2026-10-08,2026-10-08 09:25:31.142726,TERENGGANU,KUALA TERENGGANU,PASAR BORONG GONG PAUH,Borong,,Sayur-Sayuran,02,002,CILI MERAH MINYAK,F.A.Q,Kilogram,10,11.76,
31040654,2026-10-08,2026-10-08 09:25:31.192685,TERENGGANU,KUALA TERENGGANU,PASAR BORONG GONG PAUH,Borong,,Sayur-Sayuran,03,009,DAUN BAWANG,F.A.Q,Kilogram,7.5,9.7,
31040655,2026-10-08,2026-10-08 09:25:31.243282,TERENGGANU,KUALA TERENGGANU,PASAR BORONG GONG PAUH,Borong,,Sayur-Sayuran,03,015,DAUN SUP (TANAH TINGGI),F.A.Q,Kilogram,6,10.25,
31040656,2026-10-08,2026-10-08 09:25:31.292167,TERENGGANU,KUALA TERENGGANU,PASAR BORONG GONG PAUH,Borong,,Sayur-Sayuran,04,002,KACANG BENDI,F.A.Q,Kilogram,8,8.23,
31040657,2026-10-08,2026-10-08 09:25:31.344135,TERENGGANU,KUALA TERENGGANU,PASAR BORONG GONG PAUH,Borong,,Sayur-Sayuran,04,003,KACANG BUNCIS,F.A.Q,Kilogram,10,10.25,
31040658,2026-10-08,2026-10-08 09:25:31.382231,TERENGGANU,KUALA TERENGGANU,PASAR BORONG GONG PAUH,Borong,,Sayur-Sayuran,04,007,KACANG PANJANG HIJAU,F.A.Q,Kilogram,7,5.88,
31040659,2026-10-08,2026-10-08 09:25:31.432772,TERENGGANU,KUALA TERENGGANU,PASAR BORONG GONG PAUH,Borong,,Sayur-Sayuran,03,019,KANGKUNG,F.A.Q,Kilogram,5.5,3.5,
31040660,2026-10-08,2026-10-08 09:25:31.482141,TERENGGANU,KUALA TERENGGANU,PASAR BORONG GONG PAUH,Borong,,Sayur-Sayuran,03,006,KUBIS BULAT (CHINA),F.A.Q,Kilogram,3,2.09,
31040661,2026-10-08,2026-10-08 09:25:31.532612,TERENGGANU,KUALA TERENGGANU,PASAR BORONG GONG PAUH,Borong,,Sayur-Sayuran,03,006,KUBIS BULAT (TANAH TINGGI),F.A.Q,Kilogram,3.5,3.18,
31040662,2026-10-08,2026-10-08 09:25:31.582052,TERENGGANU,KUALA TERENGGANU,PASAR BORONG GONG PAUH,Borong,,Sayur-Sayuran,03,007,SAWI HIJAU,F.A.Q,Kilogram,7,4.43,
31040663,2026-10-08,2026-10-08 09:25:31.673116,TERENGGANU,KUALA TERENGGANU,PASAR BORONG GONG PAUH,Borong,,Sayur-Sayuran,03,007,SAWI HIJAU TANAH TINGGI,F.A.Q,Kilogram,7,25,
31040664,2026-10-08,2026-10-08 09:25:31.721893,TERENGGANU,KUALA TERENGGANU,PASAR BORONG GONG PAUH,Borong,,Sayur-Sayuran,02,010,TERUNG PANJANG / PEPARU (TANAH RENDAH),F.A.Q,Kilogram,6,7.33,
31040665,2026-10-08,2026-10-08 09:25:31.77345,TERENGGANU,KUALA TERENGGANU,PASAR BORONG GONG PAUH,Borong,,Sayur-Sayuran,02,011,TIMUN HIJAU,F.A.Q,Kilogram,3,2.57,
31040666,2026-10-08,2026-10-08 09:25:31.822037,TERENGGANU,KUALA TERENGGANU,PASAR BORONG GONG PAUH,Borong,,Sayur-Sayuran,02,012,TOMATO (TANAH TINGGI),F.A.Q,Kilogram,7,7,
31040667,2026-10-08,2026-10-08 09:25:32.502091,JOHOR,JOHOR BAHRU,[PUSAT KUTIPAN HARGA BORONG] SKUDAI,Borong,20,Sayur-Sayuran,03,001,BAYAM,F.A.Q,Kilogram,6,4.5,
31040668,2026-10-08,2026-10-08 09:25:32.502091,JOHOR,JOHOR BAHRU,[PUSAT KUTIPAN HARGA BORONG] SKUDAI,Borong,20,Sayur-Sayuran,02,002,CILI HIJAU,F.A.Q,Kilogram,16,16,
31040669,2026-10-08,2026-10-08 09:25:32.502091,JOHOR,JOHOR BAHRU,[PUSAT KUTIPAN HARGA BORONG] SKUDAI,Borong,20,Sayur-Sayuran,02,002,CILI MERAH KULAI / KULAI HIBRID,F.A.Q,Kilogram,17,17,
31040670,2026-10-08,2026-10-08 09:25:32.502091,JOHOR,JOHOR BAHRU,[PUSAT KUTIPAN HARGA BORONG] SKUDAI,Borong,20,Sayur-Sayuran,03,009,DAUN BAWANG,F.A.Q,Kilogram,7,7.8,
31040671,2026-10-08,2026-10-08 09:25:32.502091,JOHOR,JOHOR BAHRU,[PUSAT KUTIPAN HARGA BORONG] SKUDAI,Borong,20,Sayur-Sayuran,03,015,DAUN SUP (TANAH TINGGI),F.A.Q,Kilogram,8,8,
31040672,2026-10-08,2026-10-08 09:25:32.502091,JOHOR,JOHOR BAHRU,[PUSAT KUTIPAN HARGA BORONG] SKUDAI,Borong,20,Sayur-Sayuran,04,002,KACANG BENDI,F.A.Q,Kilogram,7,7,
31040673,2026-10-08,2026-10-08 09:25:32.502091,JOHOR,JOHOR BAHRU,[PUSAT KUTIPAN HARGA BORONG] SKUDAI,Borong,20,Sayur-Sayuran,04,003,KACANG BUNCIS,F.A.Q,Kilogram,10,9,
31040674,2026-10-08,2026-10-08 09:25:32.502091,JOHOR,JOHOR BAHRU,[PUSAT KUTIPAN HARGA BORONG] SKUDAI,Borong,20,Sayur-Sayuran,04,007,KACANG PANJANG HIJAU,F.A.Q,Kilogram,8,7,
31040675,2026-10-08,2026-10-08 09:25:32.502091,JOHOR,JOHOR BAHRU,[PUSAT KUTIPAN HARGA BORONG] SKUDAI,Borong,20,Sayur-Sayuran,03,019,KANGKUNG,F.A.Q,Kilogram,6,4.125,
31040676,2026-10-08,2026-10-08 09:25:32.502091,JOHOR,JOHOR BAHRU,[PUSAT KUTIPAN HARGA BORONG] SKUDAI,Borong,20,Sayur-Sayuran,03,006,KUBIS BULAT (CHINA),F.A.Q,Kilogram,2,2,
31040677,2026-10-08,2026-10-08 09:25:32.502091,JOHOR,JOHOR BAHRU,[PUSAT KUTIPAN HARGA BORONG] SKUDAI,Borong,20,Sayur-Sayuran,03,006,KUBIS BULAT (INDONESIA),F.A.Q,Kilogram,3,3,
31040678,2026-10-08,2026-10-08 09:25:32.502091,JOHOR,JOHOR BAHRU,[PUSAT KUTIPAN HARGA BORONG] SKUDAI,Borong,20,Sayur-Sayuran,03,006,KUBIS BULAT (TANAH TINGGI),F.A.Q,Kilogram,4.5,4.5,
31040679,2026-10-08,2026-10-08 09:25:32.502091,JOHOR,JOHOR BAHRU,[PUSAT KUTIPAN HARGA BORONG] SKUDAI,Borong,20,Sayur-Sayuran,03,007,SAWI HIJAU,F.A.Q,Kilogram,6,4,
31040680,2026-10-08,2026-10-08 09:25:32.502091,JOHOR,JOHOR BAHRU,[PUSAT KUTIPAN HARGA BORONG] SKUDAI,Borong,20,Sayur-Sayuran,03,007,SAWI HIJAU TANAH TINGGI,F.A.Q,Kilogram,5,5,
31040681,2026-10-08,2026-10-08 09:25:32.502091,JOHOR,JOHOR BAHRU,[PUSAT KUTIPAN HARGA BORONG] SKUDAI,Borong,20,Sayur-Sayuran,02,010,TERUNG PANJANG / PEPARU (TANAH RENDAH),F.A.Q,Kilogram,7,7.5,
31040682,2026-10-08,2026-10-08 09:25:32.502091,JOHOR,JOHOR BAHRU,[PUSAT KUTIPAN HARGA BORONG] SKUDAI,Borong,20,Sayur-Sayuran,02,011,TIMUN HIJAU,F.A.Q,Kilogram,1.8,1.8,
31040683,2026-10-08,2026-10-08 09:25:32.502091,JOHOR,JOHOR BAHRU,[PUSAT KUTIPAN HARGA BORONG] SKUDAI,Borong,20,Sayur-Sayuran,02,012,TOMATO (TANAH TINGGI),F.A.Q,Kilogram,4.8,4.8,
31040684,2026-10-08,2026-10-08 09:25:35.803027,SELANGOR,PETALING,"KOMPLEKS PASAR BORONG SELANGOR, SERI KEMBANGAN",Borong,20,Ternakan,03,002,AYAM PROSES STANDARD,F.A.Q,Kilogram,9,8.75,
31040685,2026-10-08,2026-10-08 09:25:44.286385,SARAWAK,LAWAS,PASAR TAMU LAWAS,Runcit,26,Buah-Buahan,02,028,PISANG BERANGAN,F.A.Q,Kilogram,6,6,
31040686,2026-10-08,2026-10-08 09:25:44.286385,SARAWAK,LAWAS,PASAR TAMU LAWAS,Runcit,26,Buah-Buahan,02,028,PISANG MAS,F.A.Q,Kilogram,5,5,
31040687,2026-10-08,2026-10-08 09:26:25.169243,SARAWAK,LAWAS,PASAR TAMU LAWAS,Runcit,26,Buah-Buahan,02,028,PISANG BERANGAN,F.A.Q,Kilogram,6,6,
31040688,2026-10-08,2026-10-08 09:26:25.169243,SARAWAK,LAWAS,PASAR TAMU LAWAS,Runcit,26,Buah-Buahan,02,028,PISANG MAS,F.A.Q,Kilogram,5,5,
31040689,2026-10-08,2026-10-08 09:26:26.57225,SELANGOR,PETALING,"KOMPLEKS PASAR BORONG SELANGOR, SERI KEMBANGAN",Runcit,26,Ternakan,11,001,TELUR AYAM,A,Biji,0.5,0.47,
31040690,2026-10-08,2026-10-08 09:26:26.57225,SELANGOR,PETALING,"KOMPLEKS PASAR BORONG SELANGOR, SERI KEMBANGAN",Runcit,26,Ternakan,11,001,TELUR AYAM,B,Biji,0.49,0.45,
31040691,2026-10-08,2026-10-08 09:26:26.57225,SELANGOR,PETALING,"KOMPLEKS PASAR BORONG SELANGOR, SERI KEMBANGAN",Runcit,26,Ternakan,11,001,TELUR AYAM,C,Biji,0.48,0.43,
31040692,2026-10-08,2026-10-08 09:26:36.573203,JOHOR,JOHOR BAHRU,[PUSAT KUTIPAN HARGA BORONG] SKUDAI,Borong,20,Buah-Buahan,02,005,BETIK SEKAKI,F.A.Q,Kilogram,3,3,
31040693,2026-10-08,2026-10-08 09:26:36.573203,JOHOR,JOHOR BAHRU,[PUSAT KUTIPAN HARGA BORONG] SKUDAI,Borong,20,Buah-Buahan,02,005,BETIK SEKAKI,F.A.Q,Kilogram,3,3,
31040694,2026-10-08,2026-10-08 09:26:36.573203,JOHOR,JOHOR BAHRU,[PUSAT KUTIPAN HARGA BORONG] SKUDAI,Borong,20,Buah-Buahan,02,023,NANAS JOSAPINE (AC5),F.A.Q,Kilogram,4,4,
31040695,2026-10-08,2026-10-08 09:26:36.573203,JOHOR,JOHOR BAHRU,[PUSAT KUTIPAN HARGA BORONG] SKUDAI,Borong,20,Buah-Buahan,02,023,NANAS JOSAPINE (AC5),F.A.Q,Kilogram,4,4,
31040696,2026-10-08,2026-10-08 09:26:36.573203,JOHOR,JOHOR BAHRU,[PUSAT KUTIPAN HARGA BORONG] SKUDAI,Borong,20,Buah-Buahan,02,028,PISANG BERANGAN,F.A.Q,Kilogram,4,4,
31040697,2026-10-08,2026-10-08 09:26:36.573203,JOHOR,JOHOR BAHRU,[PUSAT KUTIPAN HARGA BORONG] SKUDAI,Borong,20,Buah-Buahan,02,028,PISANG BERANGAN,F.A.Q,Kilogram,4,4,
31040698,2026-10-08,2026-10-08 09:26:36.573203,JOHOR,JOHOR BAHRU,[PUSAT KUTIPAN HARGA BORONG] SKUDAI,Borong,20,Buah-Buahan,02,028,PISANG MAS,F.A.Q,Kilogram,4,4.25,
31040699,2026-10-08,2026-10-08 09:26:36.573203,JOHOR,JOHOR BAHRU,[PUSAT KUTIPAN HARGA BORONG] SKUDAI,Borong,20,Buah-Buahan,02,028,PISANG MAS,F.A.Q,Kilogram,4,4.25,
31040700,2026-10-08,2026-10-08 09:26:36.573203,JOHOR,JOHOR BAHRU,[PUSAT KUTIPAN HARGA BORONG] SKUDAI,Borong,20,Buah-Buahan,02,034,TEMBIKAI MERAH TANPA BIJI,F.A.Q,Kilogram,2.5,2.5,
31040701,2026-10-08,2026-10-08 09:26:36.573203,JOHOR,JOHOR BAHRU,[PUSAT KUTIPAN HARGA BORONG] SKUDAI,Borong,20,Buah-Buahan,02,034,TEMBIKAI MERAH TANPA BIJI,F.A.Q,Kilogram,2.5,2.5,
31040702,2026-10-08,2026-10-08 09:26:45.213929,SARAWAK,KUCHING,,Ladang,,Hasil Laut & Perikanan,02,011,IKAN JELAWAT,F.A.Q,Kilogram,10.5,10.5,
31040703,2026-10-08,2026-10-08 09:26:45.213929,SARAWAK,KUCHING,,Ladang,,Hasil Laut & Perikanan,02,012,IKAN KELI BUNGA,F.A.Q,Kilogram,9,9,
31040704,2026-10-08,2026-10-08 09:26:45.213929,SARAWAK,KUCHING,,Ladang,,Hasil Laut & Perikanan,02,002,IKAN TILAPIA MERAH,F.A.Q,Kilogram,10,10,
31040705,2026-10-08,2026-10-08 09:26:55.284812,SELANGOR,PETALING,"KOMPLEKS PASAR BORONG SELANGOR, SERI KEMBANGAN",Borong,20,Ternakan,11,001,TELUR AYAM,A,Biji,0.48,0.45,
31040706,2026-10-08,2026-10-08 09:26:55.284812,SELANGOR,PETALING,"KOMPLEKS PASAR BORONG SELANGOR, SERI KEMBANGAN",Borong,20,Ternakan,11,001,TELUR AYAM,B,Biji,0.46,0.43,
31040707,2026-10-08,2026-10-08 09:26:55.284812,SELANGOR,PETALING,"KOMPLEKS PASAR BORONG SELANGOR, SERI KEMBANGAN",Borong,20,Ternakan,11,001,TELUR AYAM,C,Biji,0.45,0.41,
31040708,2026-10-08,2026-10-08 09:27:20.419039,JOHOR,JOHOR BAHRU,[PUSAT KUTIPAN HARGA BORONG] KEMPAS BARU,Borong,20,Ternakan,11,001,TELUR AYAM,A,Biji,0.51,0.51,
31040709,2026-10-08,2026-10-08 09:27:20.419039,JOHOR,JOHOR BAHRU,[PUSAT KUTIPAN HARGA BORONG] KEMPAS BARU,Borong,20,Ternakan,11,001,TELUR AYAM,B,Biji,0.5,0.5,
31040710,2026-10-08,2026-10-08 09:27:20.419039,JOHOR,JOHOR BAHRU,[PUSAT KUTIPAN HARGA BORONG] KEMPAS BARU,Borong,20,Ternakan,11,001,TELUR AYAM,C,Biji,0.48,0.48,
31040711,2026-10-08,2026-10-08 09:27:47.595582,SELANGOR,KLANG,PASAR BESAR KLANG - BAHAGIAN RUNCIT,Runcit,,Sayur-Sayuran,03,001,BAYAM,F.A.Q,Kilogram,3.5,5.81,
31040712,2026-10-08,2026-10-08 09:27:47.654994,SELANGOR,KLANG,PASAR BESAR KLANG - BAHAGIAN RUNCIT,Runcit,,Sayur-Sayuran,02,002,CILI HIJAU,F.A.Q,Kilogram,11,13.18,
31040713,2026-10-08,2026-10-08 09:27:47.706074,SELANGOR,KLANG,PASAR BESAR KLANG - BAHAGIAN RUNCIT,Runcit,,Sayur-Sayuran,02,002,CILI MERAH KULAI / KULAI HIBRID,F.A.Q,Kilogram,15,16.31,
31040714,2026-10-08,2026-10-08 09:27:47.757431,SELANGOR,KLANG,PASAR BESAR KLANG - BAHAGIAN RUNCIT,Runcit,,Sayur-Sayuran,02,002,CILI MERAH MINYAK,F.A.Q,Kilogram,11,14.1,
31040715,2026-10-08,2026-10-08 09:27:47.807007,SELANGOR,KLANG,PASAR BESAR KLANG - BAHAGIAN RUNCIT,Runcit,,Sayur-Sayuran,03,009,DAUN BAWANG,F.A.Q,Kilogram,8,12.95,
31040716,2026-10-08,2026-10-08 09:27:47.856989,SELANGOR,KLANG,PASAR BESAR KLANG - BAHAGIAN RUNCIT,Runcit,,Sayur-Sayuran,03,015,DAUN SUP (TANAH TINGGI),F.A.Q,Kilogram,13,13.35,
31040717,2026-10-08,2026-10-08 09:27:47.90912,SELANGOR,KLANG,PASAR BESAR KLANG - BAHAGIAN RUNCIT,Runcit,,Sayur-Sayuran,04,002,KACANG BENDI,F.A.Q,Kilogram,8,10.44,
31040718,2026-10-08,2026-10-08 09:27:47.959255,SELANGOR,KLANG,PASAR BESAR KLANG - BAHAGIAN RUNCIT,Runcit,,Sayur-Sayuran,04,003,KACANG BUNCIS,F.A.Q,Kilogram,11,13.06,
31040719,2026-10-08,2026-10-08 09:27:48.012803,SELANGOR,KLANG,PASAR BESAR KLANG - BAHAGIAN RUNCIT,Runcit,,Sayur-Sayuran,04,007,KACANG PANJANG HIJAU,F.A.Q,Kilogram,8,7.99,
31040720,2026-10-08,2026-10-08 09:27:48.060829,SELANGOR,KLANG,PASAR BESAR KLANG - BAHAGIAN RUNCIT,Runcit,,Sayur-Sayuran,03,019,KANGKUNG,F.A.Q,Kilogram,3,5.03,
31040721,2026-10-08,2026-10-08 09:27:48.114077,SELANGOR,KLANG,PASAR BESAR KLANG - BAHAGIAN RUNCIT,Runcit,,Sayur-Sayuran,03,006,KUBIS BULAT (CHINA),F.A.Q,Kilogram,3,3.29,
31040722,2026-10-08,2026-10-08 09:27:48.165147,SELANGOR,KLANG,PASAR BESAR KLANG - BAHAGIAN RUNCIT,Runcit,,Sayur-Sayuran,03,006,KUBIS BULAT (TANAH TINGGI),F.A.Q,Kilogram,3.6,4.58,
31040723,2026-10-08,2026-10-08 09:27:48.210858,SELANGOR,KLANG,PASAR BESAR KLANG - BAHAGIAN RUNCIT,Runcit,,Sayur-Sayuran,03,007,SAWI HIJAU,F.A.Q,Kilogram,6,6.22,
31040724,2026-10-08,2026-10-08 09:27:48.257437,SELANGOR,KLANG,PASAR BESAR KLANG - BAHAGIAN RUNCIT,Runcit,,Sayur-Sayuran,02,010,TERUNG PANJANG / PEPARU (TANAH RENDAH),F.A.Q,Kilogram,7.5,9.47,
31040725,2026-10-08,2026-10-08 09:27:48.303984,SELANGOR,KLANG,PASAR BESAR KLANG - BAHAGIAN RUNCIT,Runcit,,Sayur-Sayuran,02,011,TIMUN HIJAU,F.A.Q,Kilogram,3,4.08,
31040726,2026-10-08,2026-10-08 09:27:48.34925,SELANGOR,KLANG,PASAR BESAR KLANG - BAHAGIAN RUNCIT,Runcit,,Sayur-Sayuran,02,012,TOMATO (TANAH TINGGI),F.A.Q,Kilogram,6,8.71,
31040727,2026-10-08,2026-10-08 09:27:53.382541,JOHOR,TANGKAK,,Ladang,,Sayur-Sayuran,03,001,BAYAM,F.A.Q,Kilogram,4.5,2.1666667,
31040728,2026-10-08,2026-10-08 09:27:53.382541,JOHOR,TANGKAK,,Ladang,,Buah-Buahan,02,005,BETIK SEKAKI,F.A.Q,Kilogram,3.5,3.5,
31040729,2026-10-08,2026-10-08 09:27:53.382541,JOHOR,TANGKAK,,Ladang,,Sayur-Sayuran,04,002,KACANG BENDI,F.A.Q,Kilogram,4.5,2.7666667,
31040730,2026-10-08,2026-10-08 09:27:53.382541,JOHOR,TANGKAK,,Ladang,,Sayur-Sayuran,04,007,KACANG PANJANG HIJAU,F.A.Q,Kilogram,7,3.5,
31040731,2026-10-08,2026-10-08 09:27:53.382541,JOHOR,TANGKAK,,Ladang,,Sayur-Sayuran,03,019,KANGKUNG,F.A.Q,Kilogram,4,2.1666667,
31040732,2026-10-08,2026-10-08 09:27:53.382541,JOHOR,TANGKAK,,Ladang,,Buah-Buahan,02,028,PISANG BERANGAN,F.A.Q,Kilogram,3,3.35,
31040733,2026-10-08,2026-10-08 09:27:53.382541,JOHOR,TANGKAK,,Ladang,,Sayur-Sayuran,03,007,SAWI HIJAU,F.A.Q,Kilogram,4.5,2.6,
31040734,2026-10-08,2026-10-08 09:27:53.382541,JOHOR,TANGKAK,,Ladang,,Sayur-Sayuran,02,011,TIMUN HIJAU,F.A.Q,Kilogram,1.9,1.2,
31040736,2026-10-08,2026-10-08 09:28:22.026517,SABAH,PENAMPANG,PASAR BORONG PENAMPANG,Borong,20,Ternakan,11,001,TELUR AYAM,B,Biji,0.6,0.54,
31040737,2026-10-08,2026-10-08 09:28:46.800381,JOHOR,JOHOR BAHRU,[PUSAT KUTIPAN HARGA BORONG] SKUDAI,Borong,20,Sayur-Sayuran,05,001,BAWANG BESAR KUNING / HOLLAND,F.A.Q,Kilogram,5,5,
31040738,2026-10-08,2026-10-08 09:28:46.800381,JOHOR,JOHOR BAHRU,[PUSAT KUTIPAN HARGA BORONG] SKUDAI,Borong,20,Sayur-Sayuran,05,001,BAWANG BESAR MERAH (INDIA),F.A.Q,Kilogram,4,4,
31040739,2026-10-08,2026-10-08 09:28:46.800381,JOHOR,JOHOR BAHRU,[PUSAT KUTIPAN HARGA BORONG] SKUDAI,Borong,20,Sayur-Sayuran,05,001,BAWANG MERAH / KECIL (THAI),F.A.Q,Kilogram,15.2,15.2,
31040740,2026-10-08,2026-10-08 09:28:46.800381,JOHOR,JOHOR BAHRU,[PUSAT KUTIPAN HARGA BORONG] SKUDAI,Borong,20,Sayur-Sayuran,05,001,BAWANG MERAH ROSE,F.A.Q,Kilogram,11.5,11.5,
31040741,2026-10-08,2026-10-08 09:28:46.800381,JOHOR,JOHOR BAHRU,[PUSAT KUTIPAN HARGA BORONG] SKUDAI,Borong,20,Sayur-Sayuran,05,001,BAWANG PUTIH (CHINA),F.A.Q,Kilogram,12.5,12.5,
31040742,2026-10-08,2026-10-08 09:28:46.800381,JOHOR,JOHOR BAHRU,[PUSAT KUTIPAN HARGA BORONG] SKUDAI,Borong,20,Sayur-Sayuran,05,009,UBI KENTANG HOLLAND,F.A.Q,Kilogram,2.5,2.5,
31040743,2026-10-08,2026-10-08 09:29:10.519005,JOHOR,JOHOR BAHRU,[PUSAT KUTIPAN HARGA BORONG] BANDAR BARU PERMAS JAYA,Borong,20,Ternakan,02,003,DAGING LEMBU PEJAL,F.A.Q,Kilogram,38,38,
31040744,2026-10-08,2026-10-08 09:29:12.531863,SELANGOR,PETALING,"KOMPLEKS PASAR BORONG SELANGOR, SERI KEMBANGAN",Runcit,26,Ternakan,02,002,BURUNG PUYUH (PROSES),F.A.Q,Kilogram,36,26,
31040745,2026-10-08,2026-10-08 09:29:12.531863,SELANGOR,PETALING,"KOMPLEKS PASAR BORONG SELANGOR, SERI KEMBANGAN",Runcit,26,Ternakan,02,003,DAGING BATANG PINANG - TENDERLION,F.A.Q,Kilogram,46,58,
31040746,2026-10-08,2026-10-08 09:29:12.531863,SELANGOR,PETALING,"KOMPLEKS PASAR BORONG SELANGOR, SERI KEMBANGAN",Runcit,26,Ternakan,04,001,DAGING BIRI-BIRI (IMPORT),F.A.Q,Kilogram,32,34.44,
31040747,2026-10-08,2026-10-08 09:29:12.531863,SELANGOR,PETALING,"KOMPLEKS PASAR BORONG SELANGOR, SERI KEMBANGAN",Runcit,26,Ternakan,02,003,DAGING PEJAL (INDIA),F.A.Q,Kilogram,26,25,
31040748,2026-10-08,2026-10-08 09:29:12.531863,SELANGOR,PETALING,"KOMPLEKS PASAR BORONG SELANGOR, SERI KEMBANGAN",Runcit,26,Ternakan,03,004,ITIK (PROSES),F.A.Q,Kilogram,16,20,
31040749,2026-10-08,2026-10-08 09:29:12.531863,SELANGOR,PETALING,"KOMPLEKS PASAR BORONG SELANGOR, SERI KEMBANGAN",Runcit,26,Ternakan,03,002,KERATAN AYAM - DADA,F.A.Q,Kilogram,13.8,16,
31040750,2026-10-08,2026-10-08 09:29:12.531863,SELANGOR,PETALING,"KOMPLEKS PASAR BORONG SELANGOR, SERI KEMBANGAN",Runcit,26,Ternakan,03,002,KERATAN AYAM - KEPAK,F.A.Q,Kilogram,13.5,16,
31040751,2026-10-08,2026-10-08 09:29:12.531863,SELANGOR,PETALING,"KOMPLEKS PASAR BORONG SELANGOR, SERI KEMBANGAN",Runcit,26,Ternakan,03,002,KERATAN AYAM - PAHA,F.A.Q,Kilogram,14.5,16,
31040752,2026-10-08,2026-10-08 09:29:12.531863,SELANGOR,PETALING,"KOMPLEKS PASAR BORONG SELANGOR, SERI KEMBANGAN",Runcit,26,Ternakan,03,002,KERATAN AYAM - PAHA ATAS / THIGH,F.A.Q,Kilogram,11.3,16,
31040753,2026-10-08,2026-10-08 09:29:12.531863,SELANGOR,PETALING,"KOMPLEKS PASAR BORONG SELANGOR, SERI KEMBANGAN",Runcit,26,Ternakan,03,002,KERATAN AYAM - PAHA PENUH / WHOLE LEG,F.A.Q,Kilogram,15.3,18,
31040754,2026-10-08,2026-10-08 09:29:12.531863,SELANGOR,PETALING,"KOMPLEKS PASAR BORONG SELANGOR, SERI KEMBANGAN",Runcit,26,Ternakan,11,002,TELUR ITIK,SEDANG,Biji,1.1,1.06,
31040755,2026-10-08,2026-10-08 09:29:12.531863,SELANGOR,PETALING,"KOMPLEKS PASAR BORONG SELANGOR, SERI KEMBANGAN",Runcit,26,Ternakan,11,003,TELUR PUYUH,F.A.Q,Biji,0.19,0.54,
31040756,2026-10-08,2026-10-08 09:29:36.833936,SABAH,KOTA KINABALU,PASAR AWAM KOTA KINABALU - BAHAGIAN RUNCIT,Runcit,26,Tanaman Kontan,05,001,KELAPA DIKUPAS,SEDANG,Biji,3.5,3.4285715,
31040757,2026-10-08,2026-10-08 09:29:43.413151,TERENGGANU,KUALA TERENGGANU,PASAR BORONG GONG PAUH,Borong,,Ternakan,03,002,AYAM PROSES STANDARD,F.A.Q,Kilogram,9.5,8.75,
31040758,2026-10-08,2026-10-08 09:29:59.663809,TERENGGANU,KUALA TERENGGANU,PASAR BESAR KEDAI PAYANG,Runcit,26,Buah-Buahan,02,005,BETIK SEKAKI,F.A.Q,Kilogram,6.5,4.98,
31040759,2026-10-08,2026-10-08 09:29:59.663809,TERENGGANU,KUALA TERENGGANU,PASAR BESAR KEDAI PAYANG,Runcit,26,Buah-Buahan,02,023,NANAS JOSAPINE (AC5),F.A.Q,Kilogram,5,4,
31040760,2026-10-08,2026-10-08 09:29:59.663809,TERENGGANU,KUALA TERENGGANU,PASAR BESAR KEDAI PAYANG,Runcit,26,Buah-Buahan,02,028,PISANG BERANGAN,F.A.Q,Kilogram,7,5.62,
31040761,2026-10-08,2026-10-08 09:29:59.663809,TERENGGANU,KUALA TERENGGANU,PASAR BESAR KEDAI PAYANG,Runcit,26,Buah-Buahan,02,028,PISANG MAS,F.A.Q,Kilogram,6.5,5.43,
31040762,2026-10-08,2026-10-08 09:29:59.663809,TERENGGANU,KUALA TERENGGANU,PASAR BESAR KEDAI PAYANG,Runcit,26,Buah-Buahan,02,034,TEMBIKAI MERAH TANPA BIJI,F.A.Q,Kilogram,3.5,4.75,
31040763,2026-10-08,2026-10-08 09:30:00.845366,JOHOR,JOHOR BAHRU,PASAR AWAM LARKIN,Runcit,26,Ternakan,11,001,TELUR AYAM,A,Biji,0.52,0.52,
31040764,2026-10-08,2026-10-08 09:30:00.845366,JOHOR,JOHOR BAHRU,PASAR AWAM LARKIN,Runcit,26,Ternakan,11,001,TELUR AYAM,B,Biji,0.51,0.51166666,
31040765,2026-10-08,2026-10-08 09:30:00.845366,JOHOR,JOHOR BAHRU,PASAR AWAM LARKIN,Runcit,26,Ternakan,11,001,TELUR AYAM,C,Biji,0.5,0.5,
31040766,2026-10-08,2026-10-08 09:30:02.686529,SELANGOR,PETALING,"KOMPLEKS PASAR BORONG SELANGOR, SERI KEMBANGAN",Runcit,26,Tanaman Kontan,05,001,KELAPA DIKUPAS,SEDANG,Biji,2.5,3.43,
31040767,2026-10-08,2026-10-08 09:30:02.686529,SELANGOR,PETALING,"KOMPLEKS PASAR BORONG SELANGOR, SERI KEMBANGAN",Runcit,26,Lain-Lain Makanan Proses,15,001,SANTAN PEKAT,F.A.Q,Kilogram,12,15.22,
31040768,2026-10-08,2026-10-08 09:30:14.152633,SABAH,KOTA KINABALU,PASAR AWAM KOTA KINABALU - BAHAGIAN RUNCIT,Runcit,26,Lain-Lain Makanan Proses,15,001,SANTAN PEKAT,F.A.Q,Kilogram,14,14,
31040769,2026-10-08,2026-10-08 09:30:35.464754,SELANGOR,PETALING,"KOMPLEKS PASAR BORONG SELANGOR, SERI KEMBANGAN",Runcit,26,Tanaman Kontan,05,001,KELAPA PARUT,F.A.Q,Kilogram,12,10,
31040770,2026-10-08,2026-10-08 09:30:35.464754,SELANGOR,PETALING,"KOMPLEKS PASAR BORONG SELANGOR, SERI KEMBANGAN",Runcit,26,Lain-Lain Makanan Proses,15,001,SANTAN BIASA,F.A.Q,Kilogram,4,7,
31040771,2026-10-08,2026-10-08 09:30:50.920592,SELANGOR,PETALING,"KOMPLEKS PASAR BORONG SELANGOR, SERI KEMBANGAN",Borong,20,Tanaman Kontan,05,001,KELAPA DIKUPAS,SEDANG,Biji,2,2.34,
31040773,2026-10-08,2026-10-08 09:32:10.595531,TERENGGANU,KUALA TERENGGANU,PASAR BESAR KEDAI PAYANG,Runcit,26,Ternakan,11,001,TELUR AYAM,A,Biji,0.52,0.47,
31040774,2026-10-08,2026-10-08 09:32:10.595531,TERENGGANU,KUALA TERENGGANU,PASAR BESAR KEDAI PAYANG,Runcit,26,Ternakan,11,001,TELUR AYAM,B,Biji,0.51,0.45,
31040775,2026-10-08,2026-10-08 09:32:10.595531,TERENGGANU,KUALA TERENGGANU,PASAR BESAR KEDAI PAYANG,Runcit,26,Ternakan,11,001,TELUR AYAM,C,Biji,0.49,0.43,
31040776,2026-10-08,2026-10-08 09:32:21.656018,SELANGOR,PETALING,"KOMPLEKS PASAR BORONG SELANGOR, SERI KEMBANGAN",Runcit,26,Hasil Laut & Perikanan,02,009,IKAN BAUNG,F.A.Q,Kilogram,30,29.5,
31040777,2026-10-08,2026-10-08 09:32:21.656018,SELANGOR,PETALING,"KOMPLEKS PASAR BORONG SELANGOR, SERI KEMBANGAN",Runcit,26,Hasil Laut & Perikanan,02,010,IKAN HARUAN,F.A.Q,Kilogram,26,26.46,
31040778,2026-10-08,2026-10-08 09:32:21.656018,SELANGOR,PETALING,"KOMPLEKS PASAR BORONG SELANGOR, SERI KEMBANGAN",Runcit,26,Hasil Laut & Perikanan,02,011,IKAN JELAWAT,F.A.Q,Kilogram,14,13.67,
31040779,2026-10-08,2026-10-08 09:32:21.656018,SELANGOR,PETALING,"KOMPLEKS PASAR BORONG SELANGOR, SERI KEMBANGAN",Runcit,26,Hasil Laut & Perikanan,02,012,IKAN KELI BUNGA,F.A.Q,Kilogram,8,9.52,
31040780,2026-10-08,2026-10-08 09:32:21.656018,SELANGOR,PETALING,"KOMPLEKS PASAR BORONG SELANGOR, SERI KEMBANGAN",Runcit,26,Hasil Laut & Perikanan,02,005,IKAN PATIN (SANGKAR),F.A.Q,Kilogram,12,16.36,
31040781,2026-10-08,2026-10-08 09:32:21.656018,SELANGOR,PETALING,"KOMPLEKS PASAR BORONG SELANGOR, SERI KEMBANGAN",Runcit,26,Hasil Laut & Perikanan,02,002,IKAN TILAPIA HITAM,F.A.Q,Kilogram,7,10,
31040782,2026-10-08,2026-10-08 09:32:21.656018,SELANGOR,PETALING,"KOMPLEKS PASAR BORONG SELANGOR, SERI KEMBANGAN",Runcit,26,Hasil Laut & Perikanan,02,002,IKAN TILAPIA MERAH,F.A.Q,Kilogram,12,16.08,
31040783,2026-10-08,2026-10-08 09:32:21.656018,SELANGOR,PETALING,"KOMPLEKS PASAR BORONG SELANGOR, SERI KEMBANGAN",Runcit,26,Hasil Laut & Perikanan,02,006,UDANG GALAH,F.A.Q,Kilogram,48,42.89,
31040784,2026-10-08,2026-10-08 09:32:43.531043,TERENGGANU,KUALA TERENGGANU,PASAR BORONG GONG PAUH,Borong,,Hasil Laut & Perikanan,02,009,IKAN BAUNG,F.A.Q,Kilogram,16,21.33,
31040785,2026-10-08,2026-10-08 09:32:43.588606,TERENGGANU,KUALA TERENGGANU,PASAR BORONG GONG PAUH,Borong,,Hasil Laut & Perikanan,02,012,IKAN KELI BUNGA,F.A.Q,Kilogram,9.5,7.1,
31040786,2026-10-08,2026-10-08 09:32:43.642171,TERENGGANU,KUALA TERENGGANU,PASAR BORONG GONG PAUH,Borong,,Hasil Laut & Perikanan,02,005,IKAN PATIN (SANGKAR),F.A.Q,Kilogram,15,14,
31040787,2026-10-08,2026-10-08 09:32:43.695215,TERENGGANU,KUALA TERENGGANU,PASAR BORONG GONG PAUH,Borong,,Hasil Laut & Perikanan,02,002,IKAN TILAPIA MERAH,F.A.Q,Kilogram,14.5,12.55,
31040788,2026-10-08,2026-10-08 09:33:11.791097,PERLIS,PERLIS,PASAR AWAM SENA,Runcit,26,Sayur-Sayuran,02,010,TERUNG PANJANG / PEPARU (IMPORT),F.A.Q,Kilogram,10,7.55,
31040789,2026-10-08,2026-10-08 09:33:11.791097,PERLIS,PERLIS,PASAR AWAM SENA,Runcit,26,Sayur-Sayuran,02,010,TERUNG PANJANG / PEPARU (IMPORT),F.A.Q,Kilogram,10,7.55,
31040790,2026-10-08,2026-10-08 09:33:11.791097,PERLIS,PERLIS,PASAR AWAM SENA,Runcit,26,Sayur-Sayuran,02,010,TERUNG PANJANG / PEPARU (IMPORT),F.A.Q,Kilogram,10,7.55,
31040791,2026-10-08,2026-10-08 09:33:11.791097,PERLIS,PERLIS,PASAR AWAM SENA,Runcit,26,Sayur-Sayuran,02,010,TERUNG PANJANG / PEPARU (IMPORT),F.A.Q,Kilogram,10,7.55,
31040792,2026-10-08,2026-10-08 09:33:11.791097,PERLIS,PERLIS,PASAR AWAM SENA,Runcit,26,Sayur-Sayuran,02,010,TERUNG PANJANG / PEPARU (IMPORT),F.A.Q,Kilogram,10,7.55,
31040793,2026-10-08,2026-10-08 09:33:11.791097,PERLIS,PERLIS,PASAR AWAM SENA,Runcit,26,Sayur-Sayuran,02,010,TERUNG PANJANG / PEPARU (TANAH RENDAH),F.A.Q,Kilogram,9,7.216216,
31040794,2026-10-08,2026-10-08 09:33:11.791097,PERLIS,PERLIS,PASAR AWAM SENA,Runcit,26,Sayur-Sayuran,02,010,TERUNG PANJANG / PEPARU (TANAH RENDAH),F.A.Q,Kilogram,9,7.216216,
31040795,2026-10-08,2026-10-08 09:33:11.791097,PERLIS,PERLIS,PASAR AWAM SENA,Runcit,26,Sayur-Sayuran,02,010,TERUNG PANJANG / PEPARU (TANAH RENDAH),F.A.Q,Kilogram,9,7.216216,
31040796,2026-10-08,2026-10-08 09:33:11.791097,PERLIS,PERLIS,PASAR AWAM SENA,Runcit,26,Sayur-Sayuran,02,010,TERUNG PANJANG / PEPARU (TANAH RENDAH),F.A.Q,Kilogram,9,7.216216,
31040797,2026-10-08,2026-10-08 09:33:11.791097,PERLIS,PERLIS,PASAR AWAM SENA,Runcit,26,Sayur-Sayuran,02,010,TERUNG PANJANG / PEPARU (TANAH RENDAH),F.A.Q,Kilogram,9,7.216216,
31040798,2026-10-08,2026-10-08 09:33:11.791097,PERLIS,PERLIS,PASAR AWAM SENA,Runcit,26,Sayur-Sayuran,02,011,TIMUN HIJAU,F.A.Q,Kilogram,4,4.0540543,
31040799,2026-10-08,2026-10-08 09:33:11.791097,PERLIS,PERLIS,PASAR AWAM SENA,Runcit,26,Sayur-Sayuran,02,011,TIMUN HIJAU,F.A.Q,Kilogram,4,4.0540543,
31040800,2026-10-08,2026-10-08 09:33:11.791097,PERLIS,PERLIS,PASAR AWAM SENA,Runcit,26,Sayur-Sayuran,02,011,TIMUN HIJAU,F.A.Q,Kilogram,4,4.0540543,
31040801,2026-10-08,2026-10-08 09:33:11.791097,PERLIS,PERLIS,PASAR AWAM SENA,Runcit,26,Sayur-Sayuran,02,011,TIMUN HIJAU,F.A.Q,Kilogram,4,4.0540543,
31040802,2026-10-08,2026-10-08 09:33:11.791097,PERLIS,PERLIS,PASAR AWAM SENA,Runcit,26,Sayur-Sayuran,02,011,TIMUN HIJAU,F.A.Q,Kilogram,4,4.0540543,
31040803,2026-10-08,2026-10-08 09:33:11.791097,PERLIS,PERLIS,PASAR AWAM SENA,Runcit,26,Sayur-Sayuran,02,011,TIMUN HIJAU (IMPORT),F.A.Q,Kilogram,5,4.5,
31040804,2026-10-08,2026-10-08 09:33:11.791097,PERLIS,PERLIS,PASAR AWAM SENA,Runcit,26,Sayur-Sayuran,02,011,TIMUN HIJAU (IMPORT),F.A.Q,Kilogram,5,4.5,
31040805,2026-10-08,2026-10-08 09:33:11.791097,PERLIS,PERLIS,PASAR AWAM SENA,Runcit,26,Sayur-Sayuran,02,011,TIMUN HIJAU (IMPORT),F.A.Q,Kilogram,5,4.5,
31040806,2026-10-08,2026-10-08 09:33:11.791097,PERLIS,PERLIS,PASAR AWAM SENA,Runcit,26,Sayur-Sayuran,02,011,TIMUN HIJAU (IMPORT),F.A.Q,Kilogram,5,4.5,
31040807,2026-10-08,2026-10-08 09:33:11.791097,PERLIS,PERLIS,PASAR AWAM SENA,Runcit,26,Sayur-Sayuran,02,011,TIMUN HIJAU (IMPORT),F.A.Q,Kilogram,5,4.5,
31040808,2026-10-08,2026-10-08 09:33:11.791097,PERLIS,PERLIS,PASAR AWAM SENA,Runcit,26,Sayur-Sayuran,02,012,TOMATO (TANAH TINGGI),F.A.Q,Kilogram,9,8.909091,
31040809,2026-10-08,2026-10-08 09:33:11.791097,PERLIS,PERLIS,PASAR AWAM SENA,Runcit,26,Sayur-Sayuran,02,012,TOMATO (TANAH TINGGI),F.A.Q,Kilogram,9,8.909091,
31040810,2026-10-08,2026-10-08 09:33:11.791097,PERLIS,PERLIS,PASAR AWAM SENA,Runcit,26,Sayur-Sayuran,02,012,TOMATO (TANAH TINGGI),F.A.Q,Kilogram,9,8.909091,
31040811,2026-10-08,2026-10-08 09:33:11.791097,PERLIS,PERLIS,PASAR AWAM SENA,Runcit,26,Sayur-Sayuran,02,012,TOMATO (TANAH TINGGI),F.A.Q,Kilogram,9,8.909091,
31040812,2026-10-08,2026-10-08 09:33:11.791097,PERLIS,PERLIS,PASAR AWAM SENA,Runcit,26,Sayur-Sayuran,02,012,TOMATO (TANAH TINGGI),F.A.Q,Kilogram,9,8.909091,
31040813,2026-10-08,2026-10-08 09:33:11.791097,PERLIS,PERLIS,PASAR AWAM SENA,Runcit,26,Sayur-Sayuran,02,012,TOMATO IMPORT,F.A.Q,Kilogram,11,7.6944447,
31040814,2026-10-08,2026-10-08 09:33:11.791097,PERLIS,PERLIS,PASAR AWAM SENA,Runcit,26,Sayur-Sayuran,02,012,TOMATO IMPORT,F.A.Q,Kilogram,11,7.6944447,
31040815,2026-10-08,2026-10-08 09:33:11.791097,PERLIS,PERLIS,PASAR AWAM SENA,Runcit,26,Sayur-Sayuran,02,012,TOMATO IMPORT,F.A.Q,Kilogram,11,7.6944447,
31040816,2026-10-08,2026-10-08 09:33:11.791097,PERLIS,PERLIS,PASAR AWAM SENA,Runcit,26,Sayur-Sayuran,02,012,TOMATO IMPORT,F.A.Q,Kilogram,11,7.6944447,
31040817,2026-10-08,2026-10-08 09:33:11.791097,PERLIS,PERLIS,PASAR AWAM SENA,Runcit,26,Sayur-Sayuran,02,012,TOMATO IMPORT,F.A.Q,Kilogram,11,7.6944447,
31040818,2026-10-08,2026-10-08 09:33:17.962548,SELANGOR,PETALING,"KOMPLEKS PASAR BORONG SELANGOR, SERI KEMBANGAN",Runcit,26,Tanaman Kontan,05,001,KELAPA DIKUPAS,SEDANG,Biji,2.5,3.43,
31040819,2026-10-08,2026-10-08 09:33:17.962548,SELANGOR,PETALING,"KOMPLEKS PASAR BORONG SELANGOR, SERI KEMBANGAN",Runcit,26,Lain-Lain Makanan Proses,15,001,SANTAN PEKAT,F.A.Q,Kilogram,12,15.22,
31040846,2026-10-08,2026-10-08 09:33:44.645796,SELANGOR,PETALING,"KOMPLEKS PASAR BORONG SELANGOR, SERI KEMBANGAN",Runcit,26,Tanaman Kontan,05,001,KELAPA PARUT,F.A.Q,Kilogram,10,7,
31040847,2026-10-08,2026-10-08 09:33:44.645796,SELANGOR,PETALING,"KOMPLEKS PASAR BORONG SELANGOR, SERI KEMBANGAN",Runcit,26,Lain-Lain Makanan Proses,15,001,SANTAN BIASA,F.A.Q,Kilogram,4,7,
31040848,2026-10-08,2026-10-08 09:34:00.161117,SABAH,PENAMPANG,LADANG/KEBUN DONGGONGON,Ladang,,Ternakan,11,001,TELUR AYAM,C,Biji,0.54,0.37,
31040849,2026-10-08,2026-10-08 09:34:15.483426,SARAWAK,DARO,[PASAR TANI] DARO MUKAH,Runcit,17,Sayur-Sayuran,05,001,BAWANG BESAR KUNING / HOLLAND,F.A.Q,Kilogram,3.5,3.5,
31040850,2026-10-08,2026-10-08 09:34:15.483426,SARAWAK,DARO,[PASAR TANI] DARO MUKAH,Runcit,17,Sayur-Sayuran,05,001,BAWANG BESAR MERAH (CHINA),F.A.Q,Kilogram,4.5,4.5,
31040851,2026-10-08,2026-10-08 09:34:15.483426,SARAWAK,DARO,[PASAR TANI] DARO MUKAH,Runcit,17,Sayur-Sayuran,05,001,BAWANG MERAH ROSE,F.A.Q,Kilogram,6.5,6.2,
31040852,2026-10-08,2026-10-08 09:34:15.483426,SARAWAK,DARO,[PASAR TANI] DARO MUKAH,Runcit,17,Sayur-Sayuran,05,001,BAWANG PUTIH (CHINA),F.A.Q,Kilogram,6.8,6.8,
31040853,2026-10-08,2026-10-08 09:34:15.483426,SARAWAK,DARO,[PASAR TANI] DARO MUKAH,Runcit,17,Sayur-Sayuran,02,002,CILI MERAH MINYAK,F.A.Q,Kilogram,23.9,23.9,
31040854,2026-10-08,2026-10-08 09:34:15.483426,SARAWAK,DARO,[PASAR TANI] DARO MUKAH,Runcit,17,Sayur-Sayuran,03,009,DAUN BAWANG,F.A.Q,Kilogram,12.9,14.4,
31040855,2026-10-08,2026-10-08 09:34:15.483426,SARAWAK,DARO,[PASAR TANI] DARO MUKAH,Runcit,17,Sayur-Sayuran,04,002,KACANG BENDI,F.A.Q,Kilogram,6.9,6.65,
31040856,2026-10-08,2026-10-08 09:34:15.483426,SARAWAK,DARO,[PASAR TANI] DARO MUKAH,Runcit,17,Sayur-Sayuran,04,003,KACANG BUNCIS,F.A.Q,Kilogram,17.9,16.2,
31040857,2026-10-08,2026-10-08 09:34:15.483426,SARAWAK,DARO,[PASAR TANI] DARO MUKAH,Runcit,17,Sayur-Sayuran,04,007,KACANG PANJANG HIJAU,F.A.Q,Kilogram,7.8,7.7,
31040858,2026-10-08,2026-10-08 09:34:15.483426,SARAWAK,DARO,[PASAR TANI] DARO MUKAH,Runcit,17,Sayur-Sayuran,03,006,KUBIS BULAT (CHINA),F.A.Q,Kilogram,4.5,4.025,
31040859,2026-10-08,2026-10-08 09:34:15.483426,SARAWAK,DARO,[PASAR TANI] DARO MUKAH,Runcit,17,Sayur-Sayuran,03,007,SAWI HIJAU,F.A.Q,Kilogram,10,9.5,
31040860,2026-10-08,2026-10-08 09:34:15.483426,SARAWAK,DARO,[PASAR TANI] DARO MUKAH,Runcit,17,Sayur-Sayuran,02,010,TERUNG PANJANG / PEPARU (TANAH RENDAH),F.A.Q,Kilogram,8.9,8.675,
31040861,2026-10-08,2026-10-08 09:34:15.483426,SARAWAK,DARO,[PASAR TANI] DARO MUKAH,Runcit,17,Sayur-Sayuran,02,011,TIMUN HIJAU,F.A.Q,Kilogram,5.8,5.4,
31040862,2026-10-08,2026-10-08 09:34:15.483426,SARAWAK,DARO,[PASAR TANI] DARO MUKAH,Runcit,17,Sayur-Sayuran,02,012,TOMATO (TANAH TINGGI),F.A.Q,Kilogram,9.9,8.17,
31040863,2026-10-08,2026-10-08 09:34:15.483426,SARAWAK,DARO,[PASAR TANI] DARO MUKAH,Runcit,17,Sayur-Sayuran,05,009,UBI KENTANG (IMPORT),F.A.Q,Kilogram,2.8,2.8,
31040864,2026-10-08,2026-10-08 09:34:32.958157,SARAWAK,SARIKEI,[PASAR TAMU] SENTRAL SARIKEI,Runcit,26,Sayur-Sayuran,05,001,BAWANG BESAR KUNING / HOLLAND,F.A.Q,Kilogram,3.5,3.5,
31040865,2026-10-08,2026-10-08 09:34:32.958157,SARAWAK,SARIKEI,[PASAR TAMU] SENTRAL SARIKEI,Runcit,26,Sayur-Sayuran,05,001,BAWANG BESAR MERAH (INDIA),F.A.Q,Kilogram,4.5,4,
31040866,2026-10-08,2026-10-08 09:34:32.958157,SARAWAK,SARIKEI,[PASAR TAMU] SENTRAL SARIKEI,Runcit,26,Sayur-Sayuran,05,001,BAWANG MERAH / KECIL (INDIA),F.A.Q,Kilogram,5.5,5,
31040867,2026-10-08,2026-10-08 09:34:32.958157,SARAWAK,SARIKEI,[PASAR TAMU] SENTRAL SARIKEI,Runcit,26,Sayur-Sayuran,05,001,BAWANG PUTIH (CHINA),F.A.Q,Kilogram,7.5,7,
31040868,2026-10-08,2026-10-08 09:34:32.958157,SARAWAK,SARIKEI,[PASAR TAMU] SENTRAL SARIKEI,Runcit,26,Sayur-Sayuran,05,009,UBI KENTANG HOLLAND,F.A.Q,Kilogram,2.8,2.6,
31040869,2026-10-08,2026-10-08 09:35:01.480251,SARAWAK,DARO,[PASAR TANI] DARO MUKAH,Runcit,17,Buah-Buahan,02,034,TEMBIKAI MERAH TANPA BIJI,F.A.Q,Kilogram,5.5,5.5,
31040870,2026-10-08,2026-10-08 09:35:17.422301,SELANGOR,PETALING,"KOMPLEKS PASAR BORONG SELANGOR, SERI KEMBANGAN",Borong,20,Tanaman Kontan,05,001,KELAPA DIKUPAS,SEDANG,Biji,2,2.34,
31040871,2026-10-08,2026-10-08 09:35:26.129785,SARAWAK,MUKAH,[PASAR AWAM] MUKAH,Runcit,26,Tanaman Kontan,05,001,KELAPA DIKUPAS,SEDANG,Biji,2.2,2.15,
31040872,2026-10-08,2026-10-08 09:35:43.941056,TERENGGANU,KUALA TERENGGANU,PASAR BORONG GONG PAUH,Borong,,Sayur-Sayuran,03,001,BAYAM,F.A.Q,Kilogram,6.5,4.11,
31040873,2026-10-08,2026-10-08 09:35:43.992298,TERENGGANU,KUALA TERENGGANU,PASAR BORONG GONG PAUH,Borong,,Sayur-Sayuran,02,002,CILI HIJAU,F.A.Q,Kilogram,11,10.63,
31040874,2026-10-08,2026-10-08 09:35:44.04051,TERENGGANU,KUALA TERENGGANU,PASAR BORONG GONG PAUH,Borong,,Sayur-Sayuran,02,002,CILI MERAH (VIETNAM),F.A.Q,Kilogram,12,6.98,
31040875,2026-10-08,2026-10-08 09:35:44.090501,TERENGGANU,KUALA TERENGGANU,PASAR BORONG GONG PAUH,Borong,,Sayur-Sayuran,02,002,CILI MERAH KULAI / KULAI HIBRID,F.A.Q,Kilogram,13,13.69,
31040876,2026-10-08,2026-10-08 09:35:44.146208,TERENGGANU,KUALA TERENGGANU,PASAR BORONG GONG PAUH,Borong,,Sayur-Sayuran,02,002,CILI MERAH MINYAK,F.A.Q,Kilogram,11,11.76,
31040877,2026-10-08,2026-10-08 09:35:44.187046,TERENGGANU,KUALA TERENGGANU,PASAR BORONG GONG PAUH,Borong,,Sayur-Sayuran,03,009,DAUN BAWANG,F.A.Q,Kilogram,7,9.7,
31040878,2026-10-08,2026-10-08 09:35:44.240898,TERENGGANU,KUALA TERENGGANU,PASAR BORONG GONG PAUH,Borong,,Sayur-Sayuran,03,015,DAUN SUP (TANAH TINGGI),F.A.Q,Kilogram,6,10.25,
31040879,2026-10-08,2026-10-08 09:35:44.290333,TERENGGANU,KUALA TERENGGANU,PASAR BORONG GONG PAUH,Borong,,Sayur-Sayuran,04,002,KACANG BENDI,F.A.Q,Kilogram,7.5,8.23,
31040880,2026-10-08,2026-10-08 09:35:44.344785,TERENGGANU,KUALA TERENGGANU,PASAR BORONG GONG PAUH,Borong,,Sayur-Sayuran,04,003,KACANG BUNCIS,F.A.Q,Kilogram,10,10.25,
31040881,2026-10-08,2026-10-08 09:35:44.39783,TERENGGANU,KUALA TERENGGANU,PASAR BORONG GONG PAUH,Borong,,Sayur-Sayuran,04,007,KACANG PANJANG HIJAU,F.A.Q,Kilogram,7,5.88,
31040882,2026-10-08,2026-10-08 09:35:44.445445,TERENGGANU,KUALA TERENGGANU,PASAR BORONG GONG PAUH,Borong,,Sayur-Sayuran,03,019,KANGKUNG,F.A.Q,Kilogram,5.5,3.5,
31040883,2026-10-08,2026-10-08 09:35:44.487764,TERENGGANU,KUALA TERENGGANU,PASAR BORONG GONG PAUH,Borong,,Sayur-Sayuran,03,006,KUBIS BULAT (CHINA),F.A.Q,Kilogram,3,2.09,
31040884,2026-10-08,2026-10-08 09:35:44.5362,TERENGGANU,KUALA TERENGGANU,PASAR BORONG GONG PAUH,Borong,,Sayur-Sayuran,03,006,KUBIS BULAT (TANAH TINGGI),F.A.Q,Kilogram,3.5,3.18,
31040885,2026-10-08,2026-10-08 09:35:44.587586,TERENGGANU,KUALA TERENGGANU,PASAR BORONG GONG PAUH,Borong,,Sayur-Sayuran,03,007,SAWI HIJAU,F.A.Q,Kilogram,6.5,4.43,
31040886,2026-10-08,2026-10-08 09:35:44.645266,TERENGGANU,KUALA TERENGGANU,PASAR BORONG GONG PAUH,Borong,,Sayur-Sayuran,03,007,SAWI HIJAU TANAH TINGGI,F.A.Q,Kilogram,7.5,25,
31040887,2026-10-08,2026-10-08 09:35:44.687232,TERENGGANU,KUALA TERENGGANU,PASAR BORONG GONG PAUH,Borong,,Sayur-Sayuran,02,010,TERUNG PANJANG / PEPARU (TANAH RENDAH),F.A.Q,Kilogram,5.5,7.33,
31040888,2026-10-08,2026-10-08 09:35:44.73671,TERENGGANU,KUALA TERENGGANU,PASAR BORONG GONG PAUH,Borong,,Sayur-Sayuran,02,011,TIMUN HIJAU,F.A.Q,Kilogram,3,2.57,
31040889,2026-10-08,2026-10-08 09:35:44.77739,TERENGGANU,KUALA TERENGGANU,PASAR BORONG GONG PAUH,Borong,,Sayur-Sayuran,02,012,TOMATO (TANAH TINGGI),F.A.Q,Kilogram,6,7,
31040890,2026-10-08,2026-10-08 09:35:44.817771,TERENGGANU,KUALA TERENGGANU,PASAR BORONG GONG PAUH,Borong,,Sayur-Sayuran,05,009,UBI KENTANG HOLLAND,F.A.Q,Kilogram,2.5,2.62,
31040891,2026-10-08,2026-10-08 09:36:13.633362,NEGERI SEMBILAN,SEREMBAN,PASAR BESAR SEREMBAN - BAHAGIAN RUNCIT,Runcit,26,Ternakan,03,002,AYAM PROSES STANDARD,F.A.Q,Kilogram,11,11.574074,
31040892,2026-10-08,2026-10-08 09:36:13.633362,NEGERI SEMBILAN,SEREMBAN,PASAR BESAR SEREMBAN - BAHAGIAN RUNCIT,Runcit,26,Ternakan,03,002,AYAM PROSES STANDARD,F.A.Q,Kilogram,12,11.574074,
31040893,2026-10-08,2026-10-08 09:36:13.633362,NEGERI SEMBILAN,SEREMBAN,PASAR BESAR SEREMBAN - BAHAGIAN RUNCIT,Runcit,26,Ternakan,03,002,AYAM PROSES STANDARD,F.A.Q,Kilogram,12,11.574074,
31040894,2026-10-08,2026-10-08 09:36:13.633362,NEGERI SEMBILAN,SEREMBAN,PASAR BESAR SEREMBAN - BAHAGIAN RUNCIT,Runcit,26,Ternakan,02,003,DAGING LEMBU PEJAL,F.A.Q,Kilogram,40,40,
31040895,2026-10-08,2026-10-08 09:36:13.633362,NEGERI SEMBILAN,SEREMBAN,PASAR BESAR SEREMBAN - BAHAGIAN RUNCIT,Runcit,26,Ternakan,02,003,DAGING LEMBU PEJAL,F.A.Q,Kilogram,40,40,
31040896,2026-10-08,2026-10-08 09:36:13.633362,NEGERI SEMBILAN,SEREMBAN,PASAR BESAR SEREMBAN - BAHAGIAN RUNCIT,Runcit,26,Ternakan,11,001,TELUR AYAM,A,Biji,0.54,0.54,
31040897,2026-10-08,2026-10-08 09:36:13.633362,NEGERI SEMBILAN,SEREMBAN,PASAR BESAR SEREMBAN - BAHAGIAN RUNCIT,Runcit,26,Ternakan,11,001,TELUR AYAM,A,Biji,0.54,0.54,
31040898,2026-10-08,2026-10-08 09:36:13.633362,NEGERI SEMBILAN,SEREMBAN,PASAR BESAR SEREMBAN - BAHAGIAN RUNCIT,Runcit,26,Ternakan,11,001,TELUR AYAM,A,Biji,0.54,0.54,
31040899,2026-10-08,2026-10-08 09:36:13.633362,NEGERI SEMBILAN,SEREMBAN,PASAR BESAR SEREMBAN - BAHAGIAN RUNCIT,Runcit,26,Ternakan,11,001,TELUR AYAM,B,Biji,0.53,0.53,
31040900,2026-10-08,2026-10-08 09:36:13.633362,NEGERI SEMBILAN,SEREMBAN,PASAR BESAR SEREMBAN - BAHAGIAN RUNCIT,Runcit,26,Ternakan,11,001,TELUR AYAM,B,Biji,0.53,0.53,
31040901,2026-10-08,2026-10-08 09:36:13.633362,NEGERI SEMBILAN,SEREMBAN,PASAR BESAR SEREMBAN - BAHAGIAN RUNCIT,Runcit,26,Ternakan,11,001,TELUR AYAM,B,Biji,0.53,0.53,
31040902,2026-10-08,2026-10-08 09:36:13.633362,NEGERI SEMBILAN,SEREMBAN,PASAR BESAR SEREMBAN - BAHAGIAN RUNCIT,Runcit,26,Ternakan,11,001,TELUR AYAM,C,Biji,0.52,0.52,
31040903,2026-10-08,2026-10-08 09:36:13.633362,NEGERI SEMBILAN,SEREMBAN,PASAR BESAR SEREMBAN - BAHAGIAN RUNCIT,Runcit,26,Ternakan,11,001,TELUR AYAM,C,Biji,0.52,0.52,
31040904,2026-10-08,2026-10-08 09:36:13.633362,NEGERI SEMBILAN,SEREMBAN,PASAR BESAR SEREMBAN - BAHAGIAN RUNCIT,Runcit,26,Ternakan,11,001,TELUR AYAM,C,Biji,0.52,0.52,
31040905,2026-10-08,2026-10-08 09:36:33.907067,SELANGOR,PETALING,"KOMPLEKS PASAR BORONG SELANGOR, SERI KEMBANGAN",Runcit,26,Ternakan,02,003,DAGING BATANG PINANG - TENDERLION,F.A.Q,Kilogram,55,58,
31040906,2026-10-08,2026-10-08 09:36:33.907067,SELANGOR,PETALING,"KOMPLEKS PASAR BORONG SELANGOR, SERI KEMBANGAN",Runcit,26,Ternakan,02,003,DAGING LEMBU CINCANG,F.A.Q,Kilogram,24,28.27,
31040907,2026-10-08,2026-10-08 09:36:33.907067,SELANGOR,PETALING,"KOMPLEKS PASAR BORONG SELANGOR, SERI KEMBANGAN",Runcit,26,Ternakan,05,003,HATI LEMBU,F.A.Q,Kilogram,34,20,
31040908,2026-10-08,2026-10-08 09:36:33.907067,SELANGOR,PETALING,"KOMPLEKS PASAR BORONG SELANGOR, SERI KEMBANGAN",Runcit,26,Ternakan,17,001,LIMPA LEMBU,F.A.Q,Kilogram,34,20,
31040909,2026-10-08,2026-10-08 09:36:33.907067,SELANGOR,PETALING,"KOMPLEKS PASAR BORONG SELANGOR, SERI KEMBANGAN",Runcit,26,Ternakan,15,002,PARU LEMBU,F.A.Q,Kilogram,34,20,
31040910,2026-10-08,2026-10-08 09:36:33.907067,SELANGOR,PETALING,"KOMPLEKS PASAR BORONG SELANGOR, SERI KEMBANGAN",Runcit,26,Ternakan,16,001,PERUT BULAT / MUDA / USUS LEMBU,F.A.Q,Kilogram,34,25,
31040911,2026-10-08,2026-10-08 09:36:54.290152,SELANGOR,PETALING,"KOMPLEKS PASAR BORONG SELANGOR, SERI KEMBANGAN",Runcit,26,Ternakan,03,002,AYAM PROSES STANDARD,F.A.Q,Kilogram,10.5,10.09,
31040912,2026-10-08,2026-10-08 09:36:58.34566,PERLIS,PERLIS,PASAR AWAM SENA,Runcit,26,Sayur-Sayuran,03,006,KUBIS BULAT (CHINA),F.A.Q,Kilogram,4,3.9791667,
31040913,2026-10-08,2026-10-08 09:36:58.34566,PERLIS,PERLIS,PASAR AWAM SENA,Runcit,26,Sayur-Sayuran,03,006,KUBIS BULAT (CHINA),F.A.Q,Kilogram,4,3.9791667,
31040914,2026-10-08,2026-10-08 09:36:58.34566,PERLIS,PERLIS,PASAR AWAM SENA,Runcit,26,Sayur-Sayuran,03,006,KUBIS BULAT (CHINA),F.A.Q,Kilogram,4,3.9791667,
31040915,2026-10-08,2026-10-08 09:36:58.34566,PERLIS,PERLIS,PASAR AWAM SENA,Runcit,26,Sayur-Sayuran,03,006,KUBIS BULAT (CHINA),F.A.Q,Kilogram,4,3.9791667,
31040916,2026-10-08,2026-10-08 09:36:58.34566,PERLIS,PERLIS,PASAR AWAM SENA,Runcit,26,Sayur-Sayuran,03,006,KUBIS BULAT (CHINA),F.A.Q,Kilogram,4,3.9791667,
31040917,2026-10-08,2026-10-08 09:36:58.34566,PERLIS,PERLIS,PASAR AWAM SENA,Runcit,26,Sayur-Sayuran,03,007,SAWI HIJAU,F.A.Q,Kilogram,8,6.409091,
31040918,2026-10-08,2026-10-08 09:36:58.34566,PERLIS,PERLIS,PASAR AWAM SENA,Runcit,26,Sayur-Sayuran,03,007,SAWI HIJAU,F.A.Q,Kilogram,8,6.409091,
31040919,2026-10-08,2026-10-08 09:36:58.34566,PERLIS,PERLIS,PASAR AWAM SENA,Runcit,26,Sayur-Sayuran,03,007,SAWI HIJAU,F.A.Q,Kilogram,8,6.409091,
31040920,2026-10-08,2026-10-08 09:36:58.34566,PERLIS,PERLIS,PASAR AWAM SENA,Runcit,26,Sayur-Sayuran,03,007,SAWI HIJAU,F.A.Q,Kilogram,8,6.409091,
31040921,2026-10-08,2026-10-08 09:36:58.34566,PERLIS,PERLIS,PASAR AWAM SENA,Runcit,26,Sayur-Sayuran,03,007,SAWI HIJAU,F.A.Q,Kilogram,8,6.409091,
31040922,2026-10-08,2026-10-08 09:36:58.34566,PERLIS,PERLIS,PASAR AWAM SENA,Runcit,26,Sayur-Sayuran,03,007,SAWI HIJAU (IMPORT),F.A.Q,Kilogram,12,6.925,
31040923,2026-10-08,2026-10-08 09:36:58.34566,PERLIS,PERLIS,PASAR AWAM SENA,Runcit,26,Sayur-Sayuran,03,007,SAWI HIJAU (IMPORT),F.A.Q,Kilogram,12,6.925,
31040924,2026-10-08,2026-10-08 09:36:58.34566,PERLIS,PERLIS,PASAR AWAM SENA,Runcit,26,Sayur-Sayuran,03,007,SAWI HIJAU (IMPORT),F.A.Q,Kilogram,12,6.925,
31040925,2026-10-08,2026-10-08 09:36:58.34566,PERLIS,PERLIS,PASAR AWAM SENA,Runcit,26,Sayur-Sayuran,03,007,SAWI HIJAU (IMPORT),F.A.Q,Kilogram,12,6.925,
31040926,2026-10-08,2026-10-08 09:36:58.34566,PERLIS,PERLIS,PASAR AWAM SENA,Runcit,26,Sayur-Sayuran,03,007,SAWI HIJAU (IMPORT),F.A.Q,Kilogram,12,6.925,
31040927,2026-10-08,2026-10-08 09:36:58.34566,PERLIS,PERLIS,PASAR AWAM SENA,Runcit,26,Sayur-Sayuran,03,007,SAWI HIJAU TANAH TINGGI,F.A.Q,Kilogram,6,5.5111113,
31040928,2026-10-08,2026-10-08 09:36:58.34566,PERLIS,PERLIS,PASAR AWAM SENA,Runcit,26,Sayur-Sayuran,03,007,SAWI HIJAU TANAH TINGGI,F.A.Q,Kilogram,6,5.5111113,
31040929,2026-10-08,2026-10-08 09:36:58.34566,PERLIS,PERLIS,PASAR AWAM SENA,Runcit,26,Sayur-Sayuran,03,007,SAWI HIJAU TANAH TINGGI,F.A.Q,Kilogram,6,5.5111113,
31040930,2026-10-08,2026-10-08 09:36:58.34566,PERLIS,PERLIS,PASAR AWAM SENA,Runcit,26,Sayur-Sayuran,03,007,SAWI HIJAU TANAH TINGGI,F.A.Q,Kilogram,6,5.5111113,
31040931,2026-10-08,2026-10-08 09:36:58.34566,PERLIS,PERLIS,PASAR AWAM SENA,Runcit,26,Sayur-Sayuran,03,007,SAWI HIJAU TANAH TINGGI,F.A.Q,Kilogram,6,5.5111113,
31040932,2026-10-08,2026-10-08 09:37:17.174999,SELANGOR,PETALING,"KOMPLEKS PASAR BORONG SELANGOR, SERI KEMBANGAN",Runcit,26,Ternakan,03,002,AYAM KAMPUNG (PROSES),F.A.Q,Kilogram,20,17,
31040933,2026-10-08,2026-10-08 09:37:17.174999,SELANGOR,PETALING,"KOMPLEKS PASAR BORONG SELANGOR, SERI KEMBANGAN",Runcit,26,Ternakan,03,002,AYAM TUA / PENELUR PROSES,F.A.Q,Kilogram,12,9,
31040934,2026-10-08,2026-10-08 09:37:36.569162,TERENGGANU,KUALA TERENGGANU,PASAR BORONG GONG PAUH,Borong,,Tanaman Kontan,05,001,KELAPA DIKUPAS,SEDANG,Biji,2.8,1.79,
31040935,2026-10-08,2026-10-08 09:37:52.673444,NEGERI SEMBILAN,SEREMBAN,PASAR BESAR SEREMBAN - BAHAGIAN BORONG,Borong,20,Ternakan,03,002,AYAM PROSES STANDARD,F.A.Q,Kilogram,8.5,8.847368,
31040936,2026-10-08,2026-10-08 09:37:52.673444,NEGERI SEMBILAN,SEREMBAN,PASAR BESAR SEREMBAN - BAHAGIAN BORONG,Borong,20,Ternakan,03,002,AYAM PROSES STANDARD,F.A.Q,Kilogram,9.3,8.847368,
31040937,2026-10-08,2026-10-08 09:37:52.673444,NEGERI SEMBILAN,SEREMBAN,PASAR BESAR SEREMBAN - BAHAGIAN BORONG,Borong,20,Ternakan,02,003,DAGING LEMBU PEJAL,F.A.Q,Kilogram,35,35,
31040938,2026-10-08,2026-10-08 09:37:52.673444,NEGERI SEMBILAN,SEREMBAN,PASAR BESAR SEREMBAN - BAHAGIAN BORONG,Borong,20,Ternakan,02,003,DAGING LEMBU PEJAL,F.A.Q,Kilogram,35,35,
31040939,2026-10-08,2026-10-08 09:37:52.673444,NEGERI SEMBILAN,SEREMBAN,PASAR BESAR SEREMBAN - BAHAGIAN BORONG,Borong,20,Ternakan,11,001,TELUR AYAM,A,Biji,0.51,0.51,
31040940,2026-10-08,2026-10-08 09:37:52.673444,NEGERI SEMBILAN,SEREMBAN,PASAR BESAR SEREMBAN - BAHAGIAN BORONG,Borong,20,Ternakan,11,001,TELUR AYAM,A,Biji,0.51,0.51,
31040941,2026-10-08,2026-10-08 09:37:52.673444,NEGERI SEMBILAN,SEREMBAN,PASAR BESAR SEREMBAN - BAHAGIAN BORONG,Borong,20,Ternakan,11,001,TELUR AYAM,A,Biji,0.51,0.51,
31040942,2026-10-08,2026-10-08 09:37:52.673444,NEGERI SEMBILAN,SEREMBAN,PASAR BESAR SEREMBAN - BAHAGIAN BORONG,Borong,20,Ternakan,11,001,TELUR AYAM,B,Biji,0.5,0.5,
31040943,2026-10-08,2026-10-08 09:37:52.673444,NEGERI SEMBILAN,SEREMBAN,PASAR BESAR SEREMBAN - BAHAGIAN BORONG,Borong,20,Ternakan,11,001,TELUR AYAM,B,Biji,0.5,0.5,
31040944,2026-10-08,2026-10-08 09:37:52.673444,NEGERI SEMBILAN,SEREMBAN,PASAR BESAR SEREMBAN - BAHAGIAN BORONG,Borong,20,Ternakan,11,001,TELUR AYAM,B,Biji,0.5,0.5,
31040945,2026-10-08,2026-10-08 09:37:52.673444,NEGERI SEMBILAN,SEREMBAN,PASAR BESAR SEREMBAN - BAHAGIAN BORONG,Borong,20,Ternakan,11,001,TELUR AYAM,C,Biji,0.49,0.49,
31040946,2026-10-08,2026-10-08 09:37:52.673444,NEGERI SEMBILAN,SEREMBAN,PASAR BESAR SEREMBAN - BAHAGIAN BORONG,Borong,20,Ternakan,11,001,TELUR AYAM,C,Biji,0.49,0.49,
31040947,2026-10-08,2026-10-08 09:37:52.673444,NEGERI SEMBILAN,SEREMBAN,PASAR BESAR SEREMBAN - BAHAGIAN BORONG,Borong,20,Ternakan,11,001,TELUR AYAM,C,Biji,0.49,0.49,
31040948,2026-10-08,2026-10-08 09:38:04.945991,JOHOR,JOHOR BAHRU,PASAR AWAM LARKIN,Runcit,26,Sayur-Sayuran,03,001,BAYAM,F.A.Q,Kilogram,9,6.736842,
31040949,2026-10-08,2026-10-08 09:38:04.945991,JOHOR,JOHOR BAHRU,PASAR AWAM LARKIN,Runcit,26,Sayur-Sayuran,03,001,BAYAM,F.A.Q,Kilogram,9,6.736842,
31040950,2026-10-08,2026-10-08 09:38:04.945991,JOHOR,JOHOR BAHRU,PASAR AWAM LARKIN,Runcit,26,Sayur-Sayuran,03,001,BAYAM,F.A.Q,Kilogram,9,6.736842,
31040951,2026-10-08,2026-10-08 09:38:04.945991,JOHOR,JOHOR BAHRU,PASAR AWAM LARKIN,Runcit,26,Sayur-Sayuran,02,002,CILI HIJAU,F.A.Q,Kilogram,17,17.4,
31040952,2026-10-08,2026-10-08 09:38:04.945991,JOHOR,JOHOR BAHRU,PASAR AWAM LARKIN,Runcit,26,Sayur-Sayuran,02,002,CILI HIJAU,F.A.Q,Kilogram,16,17.4,
31040953,2026-10-08,2026-10-08 09:38:04.945991,JOHOR,JOHOR BAHRU,PASAR AWAM LARKIN,Runcit,26,Sayur-Sayuran,02,002,CILI HIJAU,F.A.Q,Kilogram,16,17.4,
31040954,2026-10-08,2026-10-08 09:38:04.945991,JOHOR,JOHOR BAHRU,PASAR AWAM LARKIN,Runcit,26,Sayur-Sayuran,02,002,CILI MERAH KULAI / KULAI HIBRID,F.A.Q,Kilogram,22,20.0625,
31040955,2026-10-08,2026-10-08 09:38:04.945991,JOHOR,JOHOR BAHRU,PASAR AWAM LARKIN,Runcit,26,Sayur-Sayuran,02,002,CILI MERAH KULAI / KULAI HIBRID,F.A.Q,Kilogram,22,20.0625,
31040956,2026-10-08,2026-10-08 09:38:04.945991,JOHOR,JOHOR BAHRU,PASAR AWAM LARKIN,Runcit,26,Sayur-Sayuran,02,002,CILI MERAH KULAI / KULAI HIBRID,F.A.Q,Kilogram,22,20.0625,
31040957,2026-10-08,2026-10-08 09:38:04.945991,JOHOR,JOHOR BAHRU,PASAR AWAM LARKIN,Runcit,26,Sayur-Sayuran,03,009,DAUN BAWANG,F.A.Q,Kilogram,12,10.083333,
31040958,2026-10-08,2026-10-08 09:38:04.945991,JOHOR,JOHOR BAHRU,PASAR AWAM LARKIN,Runcit,26,Sayur-Sayuran,03,009,DAUN BAWANG,F.A.Q,Kilogram,12,10.083333,
31040959,2026-10-08,2026-10-08 09:38:04.945991,JOHOR,JOHOR BAHRU,PASAR AWAM LARKIN,Runcit,26,Sayur-Sayuran,03,009,DAUN BAWANG,F.A.Q,Kilogram,11,10.083333,
31040960,2026-10-08,2026-10-08 09:38:04.945991,JOHOR,JOHOR BAHRU,PASAR AWAM LARKIN,Runcit,26,Sayur-Sayuran,03,015,DAUN SUP (TANAH TINGGI),F.A.Q,Kilogram,10,9.444445,
31040961,2026-10-08,2026-10-08 09:38:04.945991,JOHOR,JOHOR BAHRU,PASAR AWAM LARKIN,Runcit,26,Sayur-Sayuran,03,015,DAUN SUP (TANAH TINGGI),F.A.Q,Kilogram,10,9.444445,
31040962,2026-10-08,2026-10-08 09:38:04.945991,JOHOR,JOHOR BAHRU,PASAR AWAM LARKIN,Runcit,26,Sayur-Sayuran,03,015,DAUN SUP (TANAH TINGGI),F.A.Q,Kilogram,10,9.444445,
31040963,2026-10-08,2026-10-08 09:38:04.945991,JOHOR,JOHOR BAHRU,PASAR AWAM LARKIN,Runcit,26,Sayur-Sayuran,04,002,KACANG BENDI,F.A.Q,Kilogram,10,9,
31040964,2026-10-08,2026-10-08 09:38:04.945991,JOHOR,JOHOR BAHRU,PASAR AWAM LARKIN,Runcit,26,Sayur-Sayuran,04,002,KACANG BENDI,F.A.Q,Kilogram,10,9,
31040965,2026-10-08,2026-10-08 09:38:04.945991,JOHOR,JOHOR BAHRU,PASAR AWAM LARKIN,Runcit,26,Sayur-Sayuran,04,002,KACANG BENDI,F.A.Q,Kilogram,10,9,
31040966,2026-10-08,2026-10-08 09:38:04.945991,JOHOR,JOHOR BAHRU,PASAR AWAM LARKIN,Runcit,26,Sayur-Sayuran,04,003,KACANG BUNCIS,F.A.Q,Kilogram,14,12.555555,
31040967,2026-10-08,2026-10-08 09:38:04.945991,JOHOR,JOHOR BAHRU,PASAR AWAM LARKIN,Runcit,26,Sayur-Sayuran,04,003,KACANG BUNCIS,F.A.Q,Kilogram,14,12.555555,
31040968,2026-10-08,2026-10-08 09:38:04.945991,JOHOR,JOHOR BAHRU,PASAR AWAM LARKIN,Runcit,26,Sayur-Sayuran,04,003,KACANG BUNCIS,F.A.Q,Kilogram,14,12.555555,
31040969,2026-10-08,2026-10-08 09:38:04.945991,JOHOR,JOHOR BAHRU,PASAR AWAM LARKIN,Runcit,26,Sayur-Sayuran,04,007,KACANG PANJANG HIJAU,F.A.Q,Kilogram,10,8.4,
31040970,2026-10-08,2026-10-08 09:38:04.945991,JOHOR,JOHOR BAHRU,PASAR AWAM LARKIN,Runcit,26,Sayur-Sayuran,04,007,KACANG PANJANG HIJAU,F.A.Q,Kilogram,10,8.4,
31040971,2026-10-08,2026-10-08 09:38:04.945991,JOHOR,JOHOR BAHRU,PASAR AWAM LARKIN,Runcit,26,Sayur-Sayuran,04,007,KACANG PANJANG HIJAU,F.A.Q,Kilogram,10,8.4,
31040972,2026-10-08,2026-10-08 09:38:04.945991,JOHOR,JOHOR BAHRU,PASAR AWAM LARKIN,Runcit,26,Sayur-Sayuran,03,019,KANGKUNG,F.A.Q,Kilogram,9,7,
31040973,2026-10-08,2026-10-08 09:38:04.945991,JOHOR,JOHOR BAHRU,PASAR AWAM LARKIN,Runcit,26,Sayur-Sayuran,03,019,KANGKUNG,F.A.Q,Kilogram,9,7,
31040974,2026-10-08,2026-10-08 09:38:04.945991,JOHOR,JOHOR BAHRU,PASAR AWAM LARKIN,Runcit,26,Sayur-Sayuran,03,019,KANGKUNG,F.A.Q,Kilogram,9,7,
31040975,2026-10-08,2026-10-08 09:38:04.945991,JOHOR,JOHOR BAHRU,PASAR AWAM LARKIN,Runcit,26,Sayur-Sayuran,03,006,KUBIS BULAT (CHINA),F.A.Q,Kilogram,4,4,
31040976,2026-10-08,2026-10-08 09:38:04.945991,JOHOR,JOHOR BAHRU,PASAR AWAM LARKIN,Runcit,26,Sayur-Sayuran,03,006,KUBIS BULAT (CHINA),F.A.Q,Kilogram,4,4,
31040977,2026-10-08,2026-10-08 09:38:04.945991,JOHOR,JOHOR BAHRU,PASAR AWAM LARKIN,Runcit,26,Sayur-Sayuran,03,006,KUBIS BULAT (CHINA),F.A.Q,Kilogram,4,4,
31040978,2026-10-08,2026-10-08 09:38:04.945991,JOHOR,JOHOR BAHRU,PASAR AWAM LARKIN,Runcit,26,Sayur-Sayuran,03,006,KUBIS BULAT (INDONESIA),F.A.Q,Kilogram,4,4,
31040979,2026-10-08,2026-10-08 09:38:04.945991,JOHOR,JOHOR BAHRU,PASAR AWAM LARKIN,Runcit,26,Sayur-Sayuran,03,006,KUBIS BULAT (INDONESIA),F.A.Q,Kilogram,4,4,
31040980,2026-10-08,2026-10-08 09:38:04.945991,JOHOR,JOHOR BAHRU,PASAR AWAM LARKIN,Runcit,26,Sayur-Sayuran,03,006,KUBIS BULAT (INDONESIA),F.A.Q,Kilogram,4,4,
31040981,2026-10-08,2026-10-08 09:38:04.945991,JOHOR,JOHOR BAHRU,PASAR AWAM LARKIN,Runcit,26,Sayur-Sayuran,03,006,KUBIS BULAT (TANAH TINGGI),F.A.Q,Kilogram,6,6,
31040982,2026-10-08,2026-10-08 09:38:04.945991,JOHOR,JOHOR BAHRU,PASAR AWAM LARKIN,Runcit,26,Sayur-Sayuran,03,006,KUBIS BULAT (TANAH TINGGI),F.A.Q,Kilogram,6,6,
31040983,2026-10-08,2026-10-08 09:38:04.945991,JOHOR,JOHOR BAHRU,PASAR AWAM LARKIN,Runcit,26,Sayur-Sayuran,03,006,KUBIS BULAT (TANAH TINGGI),F.A.Q,Kilogram,6,6,
31040984,2026-10-08,2026-10-08 09:38:04.945991,JOHOR,JOHOR BAHRU,PASAR AWAM LARKIN,Runcit,26,Sayur-Sayuran,03,007,SAWI HIJAU,F.A.Q,Kilogram,9,6.8333335,
31040985,2026-10-08,2026-10-08 09:38:04.945991,JOHOR,JOHOR BAHRU,PASAR AWAM LARKIN,Runcit,26,Sayur-Sayuran,03,007,SAWI HIJAU,F.A.Q,Kilogram,9,6.8333335,
31040986,2026-10-08,2026-10-08 09:38:04.945991,JOHOR,JOHOR BAHRU,PASAR AWAM LARKIN,Runcit,26,Sayur-Sayuran,03,007,SAWI HIJAU,F.A.Q,Kilogram,9,6.8333335,
31040987,2026-10-08,2026-10-08 09:38:04.945991,JOHOR,JOHOR BAHRU,PASAR AWAM LARKIN,Runcit,26,Sayur-Sayuran,03,007,SAWI HIJAU TANAH TINGGI,F.A.Q,Kilogram,6,6,
31040988,2026-10-08,2026-10-08 09:38:04.945991,JOHOR,JOHOR BAHRU,PASAR AWAM LARKIN,Runcit,26,Sayur-Sayuran,03,007,SAWI HIJAU TANAH TINGGI,F.A.Q,Kilogram,6,6,
31040989,2026-10-08,2026-10-08 09:38:04.945991,JOHOR,JOHOR BAHRU,PASAR AWAM LARKIN,Runcit,26,Sayur-Sayuran,03,007,SAWI HIJAU TANAH TINGGI,F.A.Q,Kilogram,6,6,
31040990,2026-10-08,2026-10-08 09:38:04.945991,JOHOR,JOHOR BAHRU,PASAR AWAM LARKIN,Runcit,26,Sayur-Sayuran,02,010,TERUNG PANJANG / PEPARU (TANAH RENDAH),F.A.Q,Kilogram,8,8.5,
31040991,2026-10-08,2026-10-08 09:38:04.945991,JOHOR,JOHOR BAHRU,PASAR AWAM LARKIN,Runcit,26,Sayur-Sayuran,02,010,TERUNG PANJANG / PEPARU (TANAH RENDAH),F.A.Q,Kilogram,8,8.5,
31040992,2026-10-08,2026-10-08 09:38:04.945991,JOHOR,JOHOR BAHRU,PASAR AWAM LARKIN,Runcit,26,Sayur-Sayuran,02,010,TERUNG PANJANG / PEPARU (TANAH RENDAH),F.A.Q,Kilogram,8,8.5,
31040993,2026-10-08,2026-10-08 09:38:04.945991,JOHOR,JOHOR BAHRU,PASAR AWAM LARKIN,Runcit,26,Sayur-Sayuran,02,011,TIMUN HIJAU,F.A.Q,Kilogram,4,3.3333333,
31040994,2026-10-08,2026-10-08 09:38:04.945991,JOHOR,JOHOR BAHRU,PASAR AWAM LARKIN,Runcit,26,Sayur-Sayuran,02,011,TIMUN HIJAU,F.A.Q,Kilogram,4,3.3333333,
31040995,2026-10-08,2026-10-08 09:38:04.945991,JOHOR,JOHOR BAHRU,PASAR AWAM LARKIN,Runcit,26,Sayur-Sayuran,02,011,TIMUN HIJAU,F.A.Q,Kilogram,3.5,3.3333333,
31040996,2026-10-08,2026-10-08 09:38:04.945991,JOHOR,JOHOR BAHRU,PASAR AWAM LARKIN,Runcit,26,Sayur-Sayuran,02,012,TOMATO (TANAH TINGGI),F.A.Q,Kilogram,6.5,6.5454545,
31040997,2026-10-08,2026-10-08 09:38:04.945991,JOHOR,JOHOR BAHRU,PASAR AWAM LARKIN,Runcit,26,Sayur-Sayuran,02,012,TOMATO (TANAH TINGGI),F.A.Q,Kilogram,6.5,6.5454545,
31040998,2026-10-08,2026-10-08 09:38:04.945991,JOHOR,JOHOR BAHRU,PASAR AWAM LARKIN,Runcit,26,Sayur-Sayuran,02,012,TOMATO (TANAH TINGGI),F.A.Q,Kilogram,6,6.5454545,
31040999,2026-10-08,2026-10-08 09:38:31.795962,NEGERI SEMBILAN,PORT DICKSON,[LOKASI KUTIPAN HARGA LADANG] LUKUT,Ladang,,Ternakan,11,001,TELUR AYAM,A,Biji,0.47,0.47,
31041000,2026-10-08,2026-10-08 09:38:31.795962,NEGERI SEMBILAN,PORT DICKSON,[LOKASI KUTIPAN HARGA LADANG] LUKUT,Ladang,,Ternakan,11,001,TELUR AYAM,C,Biji,0.45,0.45,
31041001,2026-10-08,2026-10-08 09:38:31.795962,NEGERI SEMBILAN,PORT DICKSON,[LOKASI KUTIPAN HARGA LADANG] LUKUT,Ladang,,Ternakan,11,001,TELUR AYAM,B,Biji,0.46,0.46,
31041002,2026-10-08,2026-10-08 09:38:34.488454,PAHANG,KUANTAN,PASAR BESAR KUANTAN,Runcit,26,Sayur-Sayuran,02,002,CILI HIJAU,F.A.Q,Kilogram,16,13.416667,
31041003,2026-10-08,2026-10-08 09:38:34.488454,PAHANG,KUANTAN,PASAR BESAR KUANTAN,Runcit,26,Sayur-Sayuran,02,002,CILI HIJAU,F.A.Q,Kilogram,15.5,13.416667,
31041004,2026-10-08,2026-10-08 09:38:34.488454,PAHANG,KUANTAN,PASAR BESAR KUANTAN,Runcit,26,Sayur-Sayuran,02,002,CILI HIJAU,F.A.Q,Kilogram,16,13.416667,
31041005,2026-10-08,2026-10-08 09:38:34.488454,PAHANG,KUANTAN,PASAR BESAR KUANTAN,Runcit,26,Sayur-Sayuran,02,002,CILI HIJAU,F.A.Q,Kilogram,15.5,13.416667,
31041006,2026-10-08,2026-10-08 09:38:34.488454,PAHANG,KUANTAN,PASAR BESAR KUANTAN,Runcit,26,Sayur-Sayuran,02,002,CILI HIJAU,F.A.Q,Kilogram,15.5,13.416667,
31041007,2026-10-08,2026-10-08 09:38:34.488454,PAHANG,KUANTAN,PASAR BESAR KUANTAN,Runcit,26,Sayur-Sayuran,02,002,CILI MERAH MINYAK,F.A.Q,Kilogram,16,13.298182,
31041008,2026-10-08,2026-10-08 09:38:34.488454,PAHANG,KUANTAN,PASAR BESAR KUANTAN,Runcit,26,Sayur-Sayuran,02,002,CILI MERAH MINYAK,F.A.Q,Kilogram,15.5,13.298182,
31041009,2026-10-08,2026-10-08 09:38:34.488454,PAHANG,KUANTAN,PASAR BESAR KUANTAN,Runcit,26,Sayur-Sayuran,02,002,CILI MERAH MINYAK,F.A.Q,Kilogram,16,13.298182,
31041010,2026-10-08,2026-10-08 09:38:34.488454,PAHANG,KUANTAN,PASAR BESAR KUANTAN,Runcit,26,Sayur-Sayuran,02,002,CILI MERAH MINYAK,F.A.Q,Kilogram,15.5,13.298182,
31041011,2026-10-08,2026-10-08 09:38:34.488454,PAHANG,KUANTAN,PASAR BESAR KUANTAN,Runcit,26,Sayur-Sayuran,02,002,CILI MERAH MINYAK,F.A.Q,Kilogram,15.5,13.298182,
31041012,2026-10-08,2026-10-08 09:38:59.364353,NEGERI SEMBILAN,TAMPIN,[LOKASI KUTIPAN HARGA LADANG] GEMENCHEH,Ladang,,Ternakan,11,001,TELUR AYAM,A,Biji,0.47,0.47,
31041013,2026-10-08,2026-10-08 09:38:59.364353,NEGERI SEMBILAN,TAMPIN,[LOKASI KUTIPAN HARGA LADANG] GEMENCHEH,Ladang,,Ternakan,11,001,TELUR AYAM,C,Biji,0.45,0.45,
31041014,2026-10-08,2026-10-08 09:38:59.364353,NEGERI SEMBILAN,TAMPIN,[LOKASI KUTIPAN HARGA LADANG] GEMENCHEH,Ladang,,Ternakan,11,001,TELUR AYAM,B,Biji,0.46,0.46,
31041015,2026-10-08,2026-10-08 09:39:16.129049,SELANGOR,PETALING,"KOMPLEKS PASAR BORONG SELANGOR, SERI KEMBANGAN",Borong,20,Ternakan,03,002,AYAM PROSES STANDARD,F.A.Q,Kilogram,9,8.42,
31041016,2026-10-08,2026-10-08 09:39:21.261811,JOHOR,JOHOR BAHRU,PASAR AWAM LARKIN,Runcit,26,Buah-Buahan,02,005,BETIK SEKAKI,F.A.Q,Kilogram,6.5,6.25,
31041017,2026-10-08,2026-10-08 09:39:21.261811,JOHOR,JOHOR BAHRU,PASAR AWAM LARKIN,Runcit,26,Buah-Buahan,02,005,BETIK SEKAKI,F.A.Q,Kilogram,6,6.25,
31041018,2026-10-08,2026-10-08 09:39:21.261811,JOHOR,JOHOR BAHRU,PASAR AWAM LARKIN,Runcit,26,Buah-Buahan,02,023,NANAS JOSAPINE (AC5),F.A.Q,Kilogram,6.5,6.5,
31041019,2026-10-08,2026-10-08 09:39:21.261811,JOHOR,JOHOR BAHRU,PASAR AWAM LARKIN,Runcit,26,Buah-Buahan,02,023,NANAS JOSAPINE (AC5),F.A.Q,Kilogram,6.5,6.5,
31041020,2026-10-08,2026-10-08 09:39:21.261811,JOHOR,JOHOR BAHRU,PASAR AWAM LARKIN,Runcit,26,Buah-Buahan,02,028,PISANG BERANGAN,F.A.Q,Kilogram,6,6.1875,
31041021,2026-10-08,2026-10-08 09:39:21.261811,JOHOR,JOHOR BAHRU,PASAR AWAM LARKIN,Runcit,26,Buah-Buahan,02,028,PISANG BERANGAN,F.A.Q,Kilogram,6,6.1875,
31041022,2026-10-08,2026-10-08 09:39:21.261811,JOHOR,JOHOR BAHRU,PASAR AWAM LARKIN,Runcit,26,Buah-Buahan,02,028,PISANG MAS,F.A.Q,Kilogram,7,7,
31041023,2026-10-08,2026-10-08 09:39:21.261811,JOHOR,JOHOR BAHRU,PASAR AWAM LARKIN,Runcit,26,Buah-Buahan,02,028,PISANG MAS,F.A.Q,Kilogram,7,7,
31041024,2026-10-08,2026-10-08 09:39:21.261811,JOHOR,JOHOR BAHRU,PASAR AWAM LARKIN,Runcit,26,Buah-Buahan,02,034,TEMBIKAI MERAH TANPA BIJI,F.A.Q,Kilogram,3,3,
31041025,2026-10-08,2026-10-08 09:39:21.261811,JOHOR,JOHOR BAHRU,PASAR AWAM LARKIN,Runcit,26,Buah-Buahan,02,034,TEMBIKAI MERAH TANPA BIJI,F.A.Q,Kilogram,3,3,
31041026,2026-10-08,2026-10-08 09:39:22.229493,NEGERI SEMBILAN,SEREMBAN,LADANG/KEBUN RANTAU,Ladang,,Ternakan,01,003,AYAM HIDUP,F.A.Q,Kilogram,7,6.95,
31041027,2026-10-08,2026-10-08 09:39:22.229493,NEGERI SEMBILAN,SEREMBAN,LADANG/KEBUN RANTAU,Ladang,,Ternakan,01,003,AYAM HIDUP,F.A.Q,Kilogram,6.9,6.95,
31041028,2026-10-08,2026-10-08 09:39:44.325922,SELANGOR,PETALING,"KOMPLEKS PASAR BORONG SELANGOR, SERI KEMBANGAN",Runcit,26,Ternakan,04,001,DAGING BIRI-BIRI (IMPORT),F.A.Q,Kilogram,36,34.44,
31041029,2026-10-08,2026-10-08 09:39:50.883095,JOHOR,TANGKAK,PASAR AWAM TANGKAK,Runcit,26,Ternakan,03,002,AYAM PROSES STANDARD,F.A.Q,Kilogram,10,10,
31041030,2026-10-08,2026-10-08 09:39:50.883095,JOHOR,TANGKAK,PASAR AWAM TANGKAK,Runcit,26,Ternakan,03,002,AYAM PROSES STANDARD,F.A.Q,Kilogram,10,10,
31041031,2026-10-08,2026-10-08 09:39:50.883095,JOHOR,TANGKAK,PASAR AWAM TANGKAK,Runcit,26,Sayur-Sayuran,05,001,BAWANG BESAR KUNING / HOLLAND,F.A.Q,Kilogram,6,6,
31041032,2026-10-08,2026-10-08 09:39:50.883095,JOHOR,TANGKAK,PASAR AWAM TANGKAK,Runcit,26,Sayur-Sayuran,05,001,BAWANG BESAR MERAH (IMPORT),F.A.Q,Kilogram,4.5,4.5,
31041033,2026-10-08,2026-10-08 09:39:50.883095,JOHOR,TANGKAK,PASAR AWAM TANGKAK,Runcit,26,Sayur-Sayuran,05,001,BAWANG BESAR MERAH (INDIA),F.A.Q,Kilogram,4.5,4.5,
31041034,2026-10-08,2026-10-08 09:39:50.883095,JOHOR,TANGKAK,PASAR AWAM TANGKAK,Runcit,26,Sayur-Sayuran,05,001,BAWANG MERAH / KECIL (THAI),F.A.Q,Kilogram,20,18,
31041035,2026-10-08,2026-10-08 09:39:50.883095,JOHOR,TANGKAK,PASAR AWAM TANGKAK,Runcit,26,Sayur-Sayuran,05,001,BAWANG PUTIH (CHINA),F.A.Q,Kilogram,13,13,
31041036,2026-10-08,2026-10-08 09:39:50.883095,JOHOR,TANGKAK,PASAR AWAM TANGKAK,Runcit,26,Sayur-Sayuran,03,001,BAYAM,F.A.Q,Kilogram,8.5,6.1,
31041037,2026-10-08,2026-10-08 09:39:50.883095,JOHOR,TANGKAK,PASAR AWAM TANGKAK,Runcit,26,Sayur-Sayuran,03,001,BAYAM,F.A.Q,Kilogram,8.5,6.1,
31041038,2026-10-08,2026-10-08 09:39:50.883095,JOHOR,TANGKAK,PASAR AWAM TANGKAK,Runcit,26,Sayur-Sayuran,02,002,CILI HIJAU,F.A.Q,Kilogram,14,13,
31041039,2026-10-08,2026-10-08 09:39:50.883095,JOHOR,TANGKAK,PASAR AWAM TANGKAK,Runcit,26,Sayur-Sayuran,02,002,CILI HIJAU,F.A.Q,Kilogram,14,13,
31041040,2026-10-08,2026-10-08 09:39:50.883095,JOHOR,TANGKAK,PASAR AWAM TANGKAK,Runcit,26,Sayur-Sayuran,02,002,CILI MERAH KULAI / KULAI HIBRID,F.A.Q,Kilogram,21,17,
31041041,2026-10-08,2026-10-08 09:39:50.883095,JOHOR,TANGKAK,PASAR AWAM TANGKAK,Runcit,26,Sayur-Sayuran,02,002,CILI MERAH KULAI / KULAI HIBRID,F.A.Q,Kilogram,21,17,
31041042,2026-10-08,2026-10-08 09:39:50.883095,JOHOR,TANGKAK,PASAR AWAM TANGKAK,Runcit,26,Sayur-Sayuran,03,009,DAUN BAWANG,F.A.Q,Kilogram,8,8,
31041043,2026-10-08,2026-10-08 09:39:50.883095,JOHOR,TANGKAK,PASAR AWAM TANGKAK,Runcit,26,Sayur-Sayuran,03,009,DAUN BAWANG,F.A.Q,Kilogram,8,8,
31041044,2026-10-08,2026-10-08 09:39:50.883095,JOHOR,TANGKAK,PASAR AWAM TANGKAK,Runcit,26,Sayur-Sayuran,03,015,DAUN SUP (TANAH TINGGI),F.A.Q,Kilogram,10.5,10,
31041045,2026-10-08,2026-10-08 09:39:50.883095,JOHOR,TANGKAK,PASAR AWAM TANGKAK,Runcit,26,Sayur-Sayuran,03,015,DAUN SUP (TANAH TINGGI),F.A.Q,Kilogram,10.5,10,
31041046,2026-10-08,2026-10-08 09:39:50.883095,JOHOR,TANGKAK,PASAR AWAM TANGKAK,Runcit,26,Sayur-Sayuran,04,002,KACANG BENDI,F.A.Q,Kilogram,9,8.25,
31041047,2026-10-08,2026-10-08 09:39:50.883095,JOHOR,TANGKAK,PASAR AWAM TANGKAK,Runcit,26,Sayur-Sayuran,04,002,KACANG BENDI,F.A.Q,Kilogram,9,8.25,
31041048,2026-10-08,2026-10-08 09:39:50.883095,JOHOR,TANGKAK,PASAR AWAM TANGKAK,Runcit,26,Sayur-Sayuran,04,003,KACANG BUNCIS,F.A.Q,Kilogram,14,13,
31041049,2026-10-08,2026-10-08 09:39:50.883095,JOHOR,TANGKAK,PASAR AWAM TANGKAK,Runcit,26,Sayur-Sayuran,04,003,KACANG BUNCIS,F.A.Q,Kilogram,14,13,
31041050,2026-10-08,2026-10-08 09:39:50.883095,JOHOR,TANGKAK,PASAR AWAM TANGKAK,Runcit,26,Sayur-Sayuran,04,007,KACANG PANJANG HIJAU,F.A.Q,Kilogram,11.5,8,
31041051,2026-10-08,2026-10-08 09:39:50.883095,JOHOR,TANGKAK,PASAR AWAM TANGKAK,Runcit,26,Sayur-Sayuran,04,007,KACANG PANJANG HIJAU,F.A.Q,Kilogram,11.5,8,
31041052,2026-10-08,2026-10-08 09:39:50.883095,JOHOR,TANGKAK,PASAR AWAM TANGKAK,Runcit,26,Sayur-Sayuran,03,019,KANGKUNG,F.A.Q,Kilogram,8,6.25,
31041053,2026-10-08,2026-10-08 09:39:50.883095,JOHOR,TANGKAK,PASAR AWAM TANGKAK,Runcit,26,Sayur-Sayuran,03,019,KANGKUNG,F.A.Q,Kilogram,8,6.25,
31041054,2026-10-08,2026-10-08 09:39:50.883095,JOHOR,TANGKAK,PASAR AWAM TANGKAK,Runcit,26,Sayur-Sayuran,03,006,KUBIS BULAT (CHINA),F.A.Q,Kilogram,5,5,
31041055,2026-10-08,2026-10-08 09:39:50.883095,JOHOR,TANGKAK,PASAR AWAM TANGKAK,Runcit,26,Sayur-Sayuran,03,006,KUBIS BULAT (CHINA),F.A.Q,Kilogram,5,5,
31041056,2026-10-08,2026-10-08 09:39:50.883095,JOHOR,TANGKAK,PASAR AWAM TANGKAK,Runcit,26,Sayur-Sayuran,03,006,KUBIS BULAT (TANAH TINGGI),F.A.Q,Kilogram,7,7,
31041057,2026-10-08,2026-10-08 09:39:50.883095,JOHOR,TANGKAK,PASAR AWAM TANGKAK,Runcit,26,Sayur-Sayuran,03,006,KUBIS BULAT (TANAH TINGGI),F.A.Q,Kilogram,7,7,
31041058,2026-10-08,2026-10-08 09:39:50.883095,JOHOR,TANGKAK,PASAR AWAM TANGKAK,Runcit,26,Sayur-Sayuran,03,007,SAWI HIJAU,F.A.Q,Kilogram,8.5,6.65,
31041059,2026-10-08,2026-10-08 09:39:50.883095,JOHOR,TANGKAK,PASAR AWAM TANGKAK,Runcit,26,Sayur-Sayuran,03,007,SAWI HIJAU,F.A.Q,Kilogram,8.5,6.65,
31041060,2026-10-08,2026-10-08 09:39:50.883095,JOHOR,TANGKAK,PASAR AWAM TANGKAK,Runcit,26,Ternakan,11,001,TELUR AYAM,B,Biji,0.54,0.54,
31041061,2026-10-08,2026-10-08 09:39:50.883095,JOHOR,TANGKAK,PASAR AWAM TANGKAK,Runcit,26,Sayur-Sayuran,02,010,TERUNG PANJANG / PEPARU (TANAH RENDAH),F.A.Q,Kilogram,10,10,
31041062,2026-10-08,2026-10-08 09:39:50.883095,JOHOR,TANGKAK,PASAR AWAM TANGKAK,Runcit,26,Sayur-Sayuran,02,010,TERUNG PANJANG / PEPARU (TANAH RENDAH),F.A.Q,Kilogram,10,10,
31041063,2026-10-08,2026-10-08 09:39:50.883095,JOHOR,TANGKAK,PASAR AWAM TANGKAK,Runcit,26,Sayur-Sayuran,02,011,TIMUN HIJAU,F.A.Q,Kilogram,4.9,4.4,
31041064,2026-10-08,2026-10-08 09:39:50.883095,JOHOR,TANGKAK,PASAR AWAM TANGKAK,Runcit,26,Sayur-Sayuran,02,011,TIMUN HIJAU,F.A.Q,Kilogram,4.9,4.4,
31041065,2026-10-08,2026-10-08 09:39:50.883095,JOHOR,TANGKAK,PASAR AWAM TANGKAK,Runcit,26,Sayur-Sayuran,02,012,TOMATO (TANAH TINGGI),F.A.Q,Kilogram,6.5,7.5,
31041066,2026-10-08,2026-10-08 09:39:50.883095,JOHOR,TANGKAK,PASAR AWAM TANGKAK,Runcit,26,Sayur-Sayuran,02,012,TOMATO (TANAH TINGGI),F.A.Q,Kilogram,6.5,7.5,
31041067,2026-10-08,2026-10-08 09:39:50.883095,JOHOR,TANGKAK,PASAR AWAM TANGKAK,Runcit,26,Sayur-Sayuran,05,009,UBI KENTANG HOLLAND,F.A.Q,Kilogram,5,5,
31041068,2026-10-08,2026-10-08 09:40:06.218886,JOHOR,JOHOR BAHRU,PASAR AWAM LARKIN,Runcit,26,Sayur-Sayuran,05,001,BAWANG BESAR KUNING / HOLLAND,F.A.Q,Kilogram,7,7,
31041069,2026-10-08,2026-10-08 09:40:06.218886,JOHOR,JOHOR BAHRU,PASAR AWAM LARKIN,Runcit,26,Sayur-Sayuran,05,001,BAWANG BESAR MERAH (INDIA),F.A.Q,Kilogram,6,6,
31041070,2026-10-08,2026-10-08 09:40:06.218886,JOHOR,JOHOR BAHRU,PASAR AWAM LARKIN,Runcit,26,Sayur-Sayuran,05,001,BAWANG MERAH / KECIL (THAI),F.A.Q,Kilogram,18,18,
31041071,2026-10-08,2026-10-08 09:40:06.218886,JOHOR,JOHOR BAHRU,PASAR AWAM LARKIN,Runcit,26,Sayur-Sayuran,05,001,BAWANG MERAH ROSE,F.A.Q,Kilogram,14,14,
31041072,2026-10-08,2026-10-08 09:40:06.218886,JOHOR,JOHOR BAHRU,PASAR AWAM LARKIN,Runcit,26,Sayur-Sayuran,05,001,BAWANG PUTIH (CHINA),F.A.Q,Kilogram,15,15,
31041073,2026-10-08,2026-10-08 09:40:06.218886,JOHOR,JOHOR BAHRU,PASAR AWAM LARKIN,Runcit,26,Sayur-Sayuran,05,009,UBI KENTANG HOLLAND,F.A.Q,Kilogram,5,5,
31041074,2026-10-08,2026-10-08 09:40:07.075148,NEGERI SEMBILAN,SEREMBAN,PASAR BESAR SEREMBAN - BAHAGIAN RUNCIT,Runcit,26,Tanaman Kontan,05,001,KELAPA DIKUPAS,SEDANG,Biji,2.7,2.7421052,
31041075,2026-10-08,2026-10-08 09:40:07.075148,NEGERI SEMBILAN,SEREMBAN,PASAR BESAR SEREMBAN - BAHAGIAN RUNCIT,Runcit,26,Tanaman Kontan,05,001,KELAPA DIKUPAS,SEDANG,Biji,2.8,2.7421052,
31041076,2026-10-08,2026-10-08 09:40:11.569344,NEGERI SEMBILAN,SEREMBAN,PASAR BESAR SEREMBAN - BAHAGIAN BORONG,Borong,20,Tanaman Kontan,05,001,KELAPA DIKUPAS,SEDANG,Biji,2.5,2.5,
31041077,2026-10-08,2026-10-08 09:40:36.531112,JOHOR,JOHOR BAHRU,PASAR AWAM LARKIN,Runcit,26,Ternakan,03,002,AYAM PROSES STANDARD,F.A.Q,Kilogram,10,10.346154,
31041078,2026-10-08,2026-10-08 09:40:36.531112,JOHOR,JOHOR BAHRU,PASAR AWAM LARKIN,Runcit,26,Ternakan,03,002,AYAM PROSES STANDARD,F.A.Q,Kilogram,11,10.346154,
31041079,2026-10-08,2026-10-08 09:40:36.531112,JOHOR,JOHOR BAHRU,PASAR AWAM LARKIN,Runcit,26,Ternakan,03,002,AYAM PROSES STANDARD,F.A.Q,Kilogram,10,10.346154,
31041080,2026-10-08,2026-10-08 09:41:08.452196,JOHOR,JOHOR BAHRU,PASAR AWAM LARKIN,Runcit,26,Ternakan,01,003,AYAM HIDUP,F.A.Q,Kilogram,6,6,
31041081,2026-10-08,2026-10-08 09:41:34.305864,JOHOR,JOHOR BAHRU,PASAR AWAM LARKIN,Runcit,26,Tanaman Kontan,05,001,KELAPA DIKUPAS,SEDANG,Biji,4,4,
31041082,2026-10-08,2026-10-08 09:41:34.305864,JOHOR,JOHOR BAHRU,PASAR AWAM LARKIN,Runcit,26,Tanaman Kontan,05,001,KELAPA DIKUPAS,SEDANG,Biji,4,4,
31041083,2026-10-08,2026-10-08 09:41:44.31584,JOHOR,JOHOR BAHRU,PASAR AWAM LARKIN,Runcit,26,Lain-Lain Makanan Proses,15,001,SANTAN PEKAT,F.A.Q,Kilogram,15,15.125,
31041084,2026-10-08,2026-10-08 09:41:44.31584,JOHOR,JOHOR BAHRU,PASAR AWAM LARKIN,Runcit,26,Lain-Lain Makanan Proses,15,001,SANTAN PEKAT,F.A.Q,Kilogram,15,15.125,
31041085,2026-10-08,2026-10-08 09:42:05.963813,JOHOR,JOHOR BAHRU,PASAR AWAM LARKIN,Runcit,26,Ternakan,02,003,DAGING LEMBU PEJAL,F.A.Q,Kilogram,46,45.6,
31041086,2026-10-08,2026-10-08 09:42:15.879641,SELANGOR,PETALING,"KOMPLEKS PASAR BORONG SELANGOR, SERI KEMBANGAN",Runcit,26,Sayur-Sayuran,05,001,BAWANG BESAR KUNING / HOLLAND,F.A.Q,Kilogram,4.5,5.07,
31041087,2026-10-08,2026-10-08 09:42:15.879641,SELANGOR,PETALING,"KOMPLEKS PASAR BORONG SELANGOR, SERI KEMBANGAN",Runcit,26,Sayur-Sayuran,05,001,BAWANG BESAR MERAH (INDIA),F.A.Q,Kilogram,4.5,4.44,
31041088,2026-10-08,2026-10-08 09:42:15.879641,SELANGOR,PETALING,"KOMPLEKS PASAR BORONG SELANGOR, SERI KEMBANGAN",Runcit,26,Sayur-Sayuran,05,001,BAWANG MERAH / KECIL (INDIA),F.A.Q,Kilogram,7,7.04,
31041089,2026-10-08,2026-10-08 09:42:15.879641,SELANGOR,PETALING,"KOMPLEKS PASAR BORONG SELANGOR, SERI KEMBANGAN",Runcit,26,Sayur-Sayuran,05,001,BAWANG MERAH / KECIL (THAI),F.A.Q,Kilogram,12,13.54,
31041090,2026-10-08,2026-10-08 09:42:15.879641,SELANGOR,PETALING,"KOMPLEKS PASAR BORONG SELANGOR, SERI KEMBANGAN",Runcit,26,Sayur-Sayuran,05,001,BAWANG PUTIH (CHINA),F.A.Q,Kilogram,9,8.52,
31041091,2026-10-08,2026-10-08 09:42:15.879641,SELANGOR,PETALING,"KOMPLEKS PASAR BORONG SELANGOR, SERI KEMBANGAN",Runcit,26,Sayur-Sayuran,05,009,UBI KENTANG (IMPORT),F.A.Q,Kilogram,4,25,
31041092,2026-10-08,2026-10-08 09:42:15.879641,SELANGOR,PETALING,"KOMPLEKS PASAR BORONG SELANGOR, SERI KEMBANGAN",Runcit,26,Sayur-Sayuran,05,009,UBI KENTANG HOLLAND,F.A.Q,Kilogram,4.5,4.09,
31041093,2026-10-08,2026-10-08 09:42:16.682273,PAHANG,KUANTAN,PASAR BORONG KEMUNTING,Borong,20,Sayur-Sayuran,03,001,BAYAM,F.A.Q,Kilogram,4.3,3.509091,
31041094,2026-10-08,2026-10-08 09:42:16.682273,PAHANG,KUANTAN,PASAR BORONG KEMUNTING,Borong,20,Sayur-Sayuran,03,001,BAYAM,F.A.Q,Kilogram,4.3,3.509091,
31041095,2026-10-08,2026-10-08 09:42:16.682273,PAHANG,KUANTAN,PASAR BORONG KEMUNTING,Borong,20,Sayur-Sayuran,03,001,BAYAM,F.A.Q,Kilogram,4.5,3.509091,
31041096,2026-10-08,2026-10-08 09:42:16.682273,PAHANG,KUANTAN,PASAR BORONG KEMUNTING,Borong,20,Sayur-Sayuran,03,001,BAYAM,F.A.Q,Kilogram,4.5,3.509091,
31041097,2026-10-08,2026-10-08 09:42:16.682273,PAHANG,KUANTAN,PASAR BORONG KEMUNTING,Borong,20,Sayur-Sayuran,03,001,BAYAM,F.A.Q,Kilogram,4.4,3.509091,
31041098,2026-10-08,2026-10-08 09:42:16.682273,PAHANG,KUANTAN,PASAR BORONG KEMUNTING,Borong,20,Sayur-Sayuran,02,002,CILI HIJAU,F.A.Q,Kilogram,13.5,11.433333,
31041099,2026-10-08,2026-10-08 09:42:16.682273,PAHANG,KUANTAN,PASAR BORONG KEMUNTING,Borong,20,Sayur-Sayuran,02,002,CILI HIJAU,F.A.Q,Kilogram,13,11.433333,
31041100,2026-10-08,2026-10-08 09:42:16.682273,PAHANG,KUANTAN,PASAR BORONG KEMUNTING,Borong,20,Sayur-Sayuran,02,002,CILI HIJAU,F.A.Q,Kilogram,13,11.433333,
31041101,2026-10-08,2026-10-08 09:42:16.682273,PAHANG,KUANTAN,PASAR BORONG KEMUNTING,Borong,20,Sayur-Sayuran,02,002,CILI HIJAU,F.A.Q,Kilogram,13.5,11.433333,
31041102,2026-10-08,2026-10-08 09:42:16.682273,PAHANG,KUANTAN,PASAR BORONG KEMUNTING,Borong,20,Sayur-Sayuran,02,002,CILI HIJAU,F.A.Q,Kilogram,13,11.433333,
31041103,2026-10-08,2026-10-08 09:42:16.682273,PAHANG,KUANTAN,PASAR BORONG KEMUNTING,Borong,20,Sayur-Sayuran,02,002,CILI MERAH KULAI / KULAI HIBRID,F.A.Q,Kilogram,14.5,13.852727,
31041104,2026-10-08,2026-10-08 09:42:16.682273,PAHANG,KUANTAN,PASAR BORONG KEMUNTING,Borong,20,Sayur-Sayuran,02,002,CILI MERAH KULAI / KULAI HIBRID,F.A.Q,Kilogram,14.5,13.852727,
31041105,2026-10-08,2026-10-08 09:42:16.682273,PAHANG,KUANTAN,PASAR BORONG KEMUNTING,Borong,20,Sayur-Sayuran,02,002,CILI MERAH KULAI / KULAI HIBRID,F.A.Q,Kilogram,14.5,13.852727,
31041106,2026-10-08,2026-10-08 09:42:16.682273,PAHANG,KUANTAN,PASAR BORONG KEMUNTING,Borong,20,Sayur-Sayuran,02,002,CILI MERAH KULAI / KULAI HIBRID,F.A.Q,Kilogram,14,13.852727,
31041107,2026-10-08,2026-10-08 09:42:16.682273,PAHANG,KUANTAN,PASAR BORONG KEMUNTING,Borong,20,Sayur-Sayuran,02,002,CILI MERAH KULAI / KULAI HIBRID,F.A.Q,Kilogram,14,13.852727,
31041108,2026-10-08,2026-10-08 09:42:16.682273,PAHANG,KUANTAN,PASAR BORONG KEMUNTING,Borong,20,Sayur-Sayuran,02,002,CILI MERAH MINYAK,F.A.Q,Kilogram,13.5,11.121819,
31041109,2026-10-08,2026-10-08 09:42:16.682273,PAHANG,KUANTAN,PASAR BORONG KEMUNTING,Borong,20,Sayur-Sayuran,02,002,CILI MERAH MINYAK,F.A.Q,Kilogram,13,11.121819,
31041110,2026-10-08,2026-10-08 09:42:16.682273,PAHANG,KUANTAN,PASAR BORONG KEMUNTING,Borong,20,Sayur-Sayuran,02,002,CILI MERAH MINYAK,F.A.Q,Kilogram,13,11.121819,
31041111,2026-10-08,2026-10-08 09:42:16.682273,PAHANG,KUANTAN,PASAR BORONG KEMUNTING,Borong,20,Sayur-Sayuran,02,002,CILI MERAH MINYAK,F.A.Q,Kilogram,13.5,11.121819,
31041112,2026-10-08,2026-10-08 09:42:16.682273,PAHANG,KUANTAN,PASAR BORONG KEMUNTING,Borong,20,Sayur-Sayuran,02,002,CILI MERAH MINYAK,F.A.Q,Kilogram,13,11.121819,
31041113,2026-10-08,2026-10-08 09:42:20.715174,PERLIS,PERLIS,PASAR AWAM SENA,Runcit,26,Sayur-Sayuran,04,003,KACANG BUNCIS,F.A.Q,Kilogram,13,11.9375,
31041114,2026-10-08,2026-10-08 09:42:20.715174,PERLIS,PERLIS,PASAR AWAM SENA,Runcit,26,Sayur-Sayuran,04,003,KACANG BUNCIS,F.A.Q,Kilogram,13,11.9375,
31041115,2026-10-08,2026-10-08 09:42:20.715174,PERLIS,PERLIS,PASAR AWAM SENA,Runcit,26,Sayur-Sayuran,04,003,KACANG BUNCIS,F.A.Q,Kilogram,13,11.9375,
31041116,2026-10-08,2026-10-08 09:42:20.715174,PERLIS,PERLIS,PASAR AWAM SENA,Runcit,26,Sayur-Sayuran,04,003,KACANG BUNCIS,F.A.Q,Kilogram,13,11.9375,
31041117,2026-10-08,2026-10-08 09:42:20.715174,PERLIS,PERLIS,PASAR AWAM SENA,Runcit,26,Sayur-Sayuran,04,003,KACANG BUNCIS,F.A.Q,Kilogram,13,11.9375,
31041118,2026-10-08,2026-10-08 09:42:20.715174,PERLIS,PERLIS,PASAR AWAM SENA,Runcit,26,Sayur-Sayuran,04,003,KACANG BUNCIS (IMPORT),F.A.Q,Kilogram,15,12.388889,
31041119,2026-10-08,2026-10-08 09:42:20.715174,PERLIS,PERLIS,PASAR AWAM SENA,Runcit,26,Sayur-Sayuran,04,003,KACANG BUNCIS (IMPORT),F.A.Q,Kilogram,15,12.388889,
31041120,2026-10-08,2026-10-08 09:42:20.715174,PERLIS,PERLIS,PASAR AWAM SENA,Runcit,26,Sayur-Sayuran,04,003,KACANG BUNCIS (IMPORT),F.A.Q,Kilogram,15,12.388889,
31041121,2026-10-08,2026-10-08 09:42:20.715174,PERLIS,PERLIS,PASAR AWAM SENA,Runcit,26,Sayur-Sayuran,04,003,KACANG BUNCIS (IMPORT),F.A.Q,Kilogram,15,12.388889,
31041122,2026-10-08,2026-10-08 09:42:20.715174,PERLIS,PERLIS,PASAR AWAM SENA,Runcit,26,Sayur-Sayuran,04,003,KACANG BUNCIS (IMPORT),F.A.Q,Kilogram,15,12.388889,
31041123,2026-10-08,2026-10-08 09:42:20.715174,PERLIS,PERLIS,PASAR AWAM SENA,Runcit,26,Sayur-Sayuran,04,007,KACANG PANJANG HIJAU,F.A.Q,Kilogram,8,7.868421,
31041124,2026-10-08,2026-10-08 09:42:20.715174,PERLIS,PERLIS,PASAR AWAM SENA,Runcit,26,Sayur-Sayuran,04,007,KACANG PANJANG HIJAU,F.A.Q,Kilogram,8,7.868421,
31041125,2026-10-08,2026-10-08 09:42:20.715174,PERLIS,PERLIS,PASAR AWAM SENA,Runcit,26,Sayur-Sayuran,04,007,KACANG PANJANG HIJAU,F.A.Q,Kilogram,8,7.868421,
31041126,2026-10-08,2026-10-08 09:42:20.715174,PERLIS,PERLIS,PASAR AWAM SENA,Runcit,26,Sayur-Sayuran,04,007,KACANG PANJANG HIJAU,F.A.Q,Kilogram,8,7.868421,
31041127,2026-10-08,2026-10-08 09:42:20.715174,PERLIS,PERLIS,PASAR AWAM SENA,Runcit,26,Sayur-Sayuran,04,007,KACANG PANJANG HIJAU,F.A.Q,Kilogram,8,7.868421,
31041128,2026-10-08,2026-10-08 09:42:20.715174,PERLIS,PERLIS,PASAR AWAM SENA,Runcit,26,Sayur-Sayuran,03,019,KANGKUNG,F.A.Q,Kilogram,7,6,
31041129,2026-10-08,2026-10-08 09:42:20.715174,PERLIS,PERLIS,PASAR AWAM SENA,Runcit,26,Sayur-Sayuran,03,019,KANGKUNG,F.A.Q,Kilogram,7,6,
31041130,2026-10-08,2026-10-08 09:42:20.715174,PERLIS,PERLIS,PASAR AWAM SENA,Runcit,26,Sayur-Sayuran,03,019,KANGKUNG,F.A.Q,Kilogram,7,6,
31041131,2026-10-08,2026-10-08 09:42:20.715174,PERLIS,PERLIS,PASAR AWAM SENA,Runcit,26,Sayur-Sayuran,03,019,KANGKUNG,F.A.Q,Kilogram,7,6,
31041132,2026-10-08,2026-10-08 09:42:20.715174,PERLIS,PERLIS,PASAR AWAM SENA,Runcit,26,Sayur-Sayuran,03,019,KANGKUNG,F.A.Q,Kilogram,7,6,
31041133,2026-10-08,2026-10-08 09:43:25.130584,SELANGOR,PETALING,"KOMPLEKS PASAR BORONG SELANGOR, SERI KEMBANGAN",Runcit,26,Sayur-Sayuran,05,001,BAWANG MERAH ROSE,F.A.Q,Kilogram,9,12.98,
31041134,2026-10-08,2026-10-08 09:44:00.049986,TERENGGANU,KUALA TERENGGANU,PASAR BESAR KEDAI PAYANG,Runcit,26,Ternakan,03,002,AYAM PROSES STANDARD,F.A.Q,Kilogram,10.5,9.99,
31041135,2026-10-08,2026-10-08 09:44:00.049986,TERENGGANU,KUALA TERENGGANU,PASAR BESAR KEDAI PAYANG,Runcit,26,Ternakan,03,002,AYAM PROSES SUPER,F.A.Q,Kilogram,11,11.14,
31041136,2026-10-08,2026-10-08 09:44:00.049986,TERENGGANU,KUALA TERENGGANU,PASAR BESAR KEDAI PAYANG,Runcit,26,Ternakan,02,003,DAGING LEMBU PEJAL,F.A.Q,Kilogram,32,39.05,
31041137,2026-10-08,2026-10-08 09:44:00.049986,TERENGGANU,KUALA TERENGGANU,PASAR BESAR KEDAI PAYANG,Runcit,26,Ternakan,11,001,TELUR AYAM,A,Biji,0.52,0.47,
31041138,2026-10-08,2026-10-08 09:44:00.049986,TERENGGANU,KUALA TERENGGANU,PASAR BESAR KEDAI PAYANG,Runcit,26,Ternakan,11,001,TELUR AYAM,B,Biji,0.51,0.45,
31041139,2026-10-08,2026-10-08 09:44:00.049986,TERENGGANU,KUALA TERENGGANU,PASAR BESAR KEDAI PAYANG,Runcit,26,Ternakan,11,001,TELUR AYAM,C,Biji,0.49,0.43,
31041140,2026-10-08,2026-10-08 09:44:28.617377,SARAWAK,MUKAH,[PASAR AWAM] MUKAH,Runcit,26,Sayur-Sayuran,05,001,BAWANG BESAR KUNING / HOLLAND,F.A.Q,Kilogram,4.5,4.5,
31041141,2026-10-08,2026-10-08 09:44:28.617377,SARAWAK,MUKAH,[PASAR AWAM] MUKAH,Runcit,26,Sayur-Sayuran,05,001,BAWANG BESAR MERAH (CHINA),F.A.Q,Kilogram,4,4,
31041142,2026-10-08,2026-10-08 09:44:28.617377,SARAWAK,MUKAH,[PASAR AWAM] MUKAH,Runcit,26,Sayur-Sayuran,05,001,BAWANG MERAH ROSE,F.A.Q,Kilogram,6.5,5,
31041143,2026-10-08,2026-10-08 09:44:28.617377,SARAWAK,MUKAH,[PASAR AWAM] MUKAH,Runcit,26,Sayur-Sayuran,05,001,BAWANG PUTIH (CHINA),F.A.Q,Kilogram,6.9,6.8,
31041144,2026-10-08,2026-10-08 09:44:28.617377,SARAWAK,MUKAH,[PASAR AWAM] MUKAH,Runcit,26,Sayur-Sayuran,03,001,BAYAM,F.A.Q,Kilogram,8,8,
31041145,2026-10-08,2026-10-08 09:44:28.617377,SARAWAK,MUKAH,[PASAR AWAM] MUKAH,Runcit,26,Sayur-Sayuran,02,002,CILI MERAH MINYAK,F.A.Q,Kilogram,23.9,23.9,
31041146,2026-10-08,2026-10-08 09:44:28.617377,SARAWAK,MUKAH,[PASAR AWAM] MUKAH,Runcit,26,Sayur-Sayuran,03,009,DAUN BAWANG,F.A.Q,Kilogram,12.9,14.4,
31041147,2026-10-08,2026-10-08 09:44:28.617377,SARAWAK,MUKAH,[PASAR AWAM] MUKAH,Runcit,26,Sayur-Sayuran,04,002,KACANG BENDI,F.A.Q,Kilogram,8,8,
31041148,2026-10-08,2026-10-08 09:44:28.617377,SARAWAK,MUKAH,[PASAR AWAM] MUKAH,Runcit,26,Sayur-Sayuran,04,003,KACANG BUNCIS,F.A.Q,Kilogram,17.9,15.35,
31041149,2026-10-08,2026-10-08 09:44:28.617377,SARAWAK,MUKAH,[PASAR AWAM] MUKAH,Runcit,26,Sayur-Sayuran,04,007,KACANG PANJANG HIJAU,F.A.Q,Kilogram,10,6.675,
31041150,2026-10-08,2026-10-08 09:44:28.617377,SARAWAK,MUKAH,[PASAR AWAM] MUKAH,Runcit,26,Sayur-Sayuran,03,019,KANGKUNG,F.A.Q,Kilogram,7,7,
31041151,2026-10-08,2026-10-08 09:44:28.617377,SARAWAK,MUKAH,[PASAR AWAM] MUKAH,Runcit,26,Sayur-Sayuran,03,006,KUBIS BULAT (CHINA),F.A.Q,Kilogram,5,5.075,
31041152,2026-10-08,2026-10-08 09:44:28.617377,SARAWAK,MUKAH,[PASAR AWAM] MUKAH,Runcit,26,Sayur-Sayuran,03,007,SAWI HIJAU,F.A.Q,Kilogram,11.9,11,
31041153,2026-10-08,2026-10-08 09:44:28.617377,SARAWAK,MUKAH,[PASAR AWAM] MUKAH,Runcit,26,Sayur-Sayuran,02,010,TERUNG PANJANG / PEPARU (TANAH RENDAH),F.A.Q,Kilogram,10,9.5,
31041154,2026-10-08,2026-10-08 09:44:28.617377,SARAWAK,MUKAH,[PASAR AWAM] MUKAH,Runcit,26,Sayur-Sayuran,02,011,TIMUN HIJAU,F.A.Q,Kilogram,5.5,5.5,
31041155,2026-10-08,2026-10-08 09:44:28.617377,SARAWAK,MUKAH,[PASAR AWAM] MUKAH,Runcit,26,Sayur-Sayuran,02,012,TOMATO (TANAH TINGGI),F.A.Q,Kilogram,10,10,
31041156,2026-10-08,2026-10-08 09:44:28.617377,SARAWAK,MUKAH,[PASAR AWAM] MUKAH,Runcit,26,Sayur-Sayuran,05,009,UBI KENTANG HOLLAND,F.A.Q,Kilogram,4,4,
31041157,2026-10-08,2026-10-08 09:44:45.188869,PAHANG,PEKAN,PASAR AWAM PEKAN,Runcit,,Ternakan,03,002,AYAM PROSES STANDARD,F.A.Q,Kilogram,11.5,9.99,180.0
31041158,2026-10-08,2026-10-08 09:44:46.480156,KEDAH,KULIM,PASAR AWAM KULIM,Runcit,26,Sayur-Sayuran,03,001,BAYAM,F.A.Q,Kilogram,3,4,
31041159,2026-10-08,2026-10-08 09:44:46.480156,KEDAH,KULIM,PASAR AWAM KULIM,Runcit,26,Sayur-Sayuran,02,002,CILI MERAH KULAI / KULAI HIBRID,F.A.Q,Kilogram,20,17.333334,
31041160,2026-10-08,2026-10-08 09:44:46.480156,KEDAH,KULIM,PASAR AWAM KULIM,Runcit,26,Sayur-Sayuran,04,002,KACANG BENDI,F.A.Q,Kilogram,7,7,
31041161,2026-10-08,2026-10-08 09:44:46.480156,KEDAH,KULIM,PASAR AWAM KULIM,Runcit,26,Sayur-Sayuran,04,003,KACANG BUNCIS,F.A.Q,Kilogram,15,10.666667,
31041162,2026-10-08,2026-10-08 09:44:46.480156,KEDAH,KULIM,PASAR AWAM KULIM,Runcit,26,Sayur-Sayuran,04,007,KACANG PANJANG HIJAU,F.A.Q,Kilogram,8,6.6666665,
31041163,2026-10-08,2026-10-08 09:44:46.480156,KEDAH,KULIM,PASAR AWAM KULIM,Runcit,26,Sayur-Sayuran,03,019,KANGKUNG,F.A.Q,Kilogram,3,4,
31041164,2026-10-08,2026-10-08 09:44:46.480156,KEDAH,KULIM,PASAR AWAM KULIM,Runcit,26,Sayur-Sayuran,03,006,KUBIS BULAT (TANAH TINGGI),F.A.Q,Kilogram,6,6,
31041165,2026-10-08,2026-10-08 09:44:46.480156,KEDAH,KULIM,PASAR AWAM KULIM,Runcit,26,Sayur-Sayuran,03,007,SAWI HIJAU,F.A.Q,Kilogram,7,4.6666665,
31041166,2026-10-08,2026-10-08 09:44:46.480156,KEDAH,KULIM,PASAR AWAM KULIM,Runcit,26,Sayur-Sayuran,02,010,TERUNG PANJANG / PEPARU (TANAH RENDAH),F.A.Q,Kilogram,10,10,
31041167,2026-10-08,2026-10-08 09:44:46.480156,KEDAH,KULIM,PASAR AWAM KULIM,Runcit,26,Sayur-Sayuran,02,011,TIMUN HIJAU,F.A.Q,Kilogram,4.5,3.8333333,
31041168,2026-10-08,2026-10-08 09:44:55.720723,PAHANG,PEKAN,PASAR AWAM PEKAN,Runcit,,Ternakan,03,002,AYAM PROSES STANDARD,F.A.Q,Kilogram,11.5,9.99,110.0
31041169,2026-10-08,2026-10-08 09:44:58.698931,KEDAH,KULIM,PASAR AWAM KULIM,Runcit,26,Ternakan,03,002,AYAM PROSES STANDARD,F.A.Q,Kilogram,9.5,9.4,
31041170,2026-10-08,2026-10-08 09:45:06.494979,PAHANG,PEKAN,PASAR AWAM PEKAN,Runcit,,Ternakan,03,002,AYAM PROSES STANDARD,F.A.Q,Kilogram,11.5,9.99,110.0
31041171,2026-10-08,2026-10-08 09:45:09.553396,SARAWAK,MUKAH,[PASAR AWAM] MUKAH,Runcit,26,Buah-Buahan,02,005,BETIK SEKAKI,F.A.Q,Kilogram,6,6,
31041172,2026-10-08,2026-10-08 09:45:09.553396,SARAWAK,MUKAH,[PASAR AWAM] MUKAH,Runcit,26,Buah-Buahan,02,034,TEMBIKAI MERAH TANPA BIJI,F.A.Q,Kilogram,5.5,5.5,
31041173,2026-10-08,2026-10-08 09:45:58.179196,TERENGGANU,KUALA TERENGGANU,PASAR BESAR KEDAI PAYANG,Runcit,,Lain-Lain Makanan Proses,15,001,SANTAN PEKAT,F.A.Q,Kilogram,16,11.7,
31041174,2026-10-08,2026-10-08 09:46:20.849992,SELANGOR,PETALING,"KOMPLEKS PASAR BORONG SELANGOR, SERI KEMBANGAN",Borong,20,Sayur-Sayuran,05,001,BAWANG BESAR KUNING / HOLLAND,F.A.Q,Kilogram,2.9,3.5,
31041175,2026-10-08,2026-10-08 09:46:20.849992,SELANGOR,PETALING,"KOMPLEKS PASAR BORONG SELANGOR, SERI KEMBANGAN",Borong,20,Sayur-Sayuran,05,001,BAWANG BESAR MERAH (INDIA),F.A.Q,Kilogram,3.2,2.73,
31041176,2026-10-08,2026-10-08 09:46:20.849992,SELANGOR,PETALING,"KOMPLEKS PASAR BORONG SELANGOR, SERI KEMBANGAN",Borong,20,Sayur-Sayuran,05,001,BAWANG MERAH / KECIL (INDIA),F.A.Q,Kilogram,3.7,4.61,
31041177,2026-10-08,2026-10-08 09:46:20.849992,SELANGOR,PETALING,"KOMPLEKS PASAR BORONG SELANGOR, SERI KEMBANGAN",Borong,20,Sayur-Sayuran,05,001,BAWANG MERAH / KECIL (THAI),F.A.Q,Kilogram,6.6,9.62,
31041178,2026-10-08,2026-10-08 09:46:20.849992,SELANGOR,PETALING,"KOMPLEKS PASAR BORONG SELANGOR, SERI KEMBANGAN",Borong,20,Sayur-Sayuran,05,001,BAWANG MERAH ROSE,F.A.Q,Kilogram,6,9.14,
31041179,2026-10-08,2026-10-08 09:46:20.849992,SELANGOR,PETALING,"KOMPLEKS PASAR BORONG SELANGOR, SERI KEMBANGAN",Borong,20,Sayur-Sayuran,05,001,BAWANG PUTIH (CHINA),F.A.Q,Kilogram,7.7,5.98,
31041180,2026-10-08,2026-10-08 09:46:20.849992,SELANGOR,PETALING,"KOMPLEKS PASAR BORONG SELANGOR, SERI KEMBANGAN",Borong,20,Sayur-Sayuran,05,009,UBI KENTANG (IMPORT),F.A.Q,Kilogram,2.2,1.5,
31041181,2026-10-08,2026-10-08 09:46:20.849992,SELANGOR,PETALING,"KOMPLEKS PASAR BORONG SELANGOR, SERI KEMBANGAN",Borong,20,Sayur-Sayuran,05,009,UBI KENTANG HOLLAND,F.A.Q,Kilogram,3,2.62,
31041182,2026-10-08,2026-10-08 09:47:29.791489,KEDAH,KOTA SETAR,PASAR BESAR ALOR SETAR,Runcit,26,Sayur-Sayuran,03,001,BAYAM,F.A.Q,Kilogram,5,5,
31041183,2026-10-08,2026-10-08 09:47:29.791489,KEDAH,KOTA SETAR,PASAR BESAR ALOR SETAR,Runcit,26,Sayur-Sayuran,02,002,CILI HIJAU (IMPORT),F.A.Q,Kilogram,13,13,
31041184,2026-10-08,2026-10-08 09:47:29.791489,KEDAH,KOTA SETAR,PASAR BESAR ALOR SETAR,Runcit,26,Sayur-Sayuran,02,002,CILI MERAH KULAI / KULAI HIBRID,F.A.Q,Kilogram,17,16,
31041185,2026-10-08,2026-10-08 09:47:29.791489,KEDAH,KOTA SETAR,PASAR BESAR ALOR SETAR,Runcit,26,Sayur-Sayuran,03,009,DAUN BAWANG,F.A.Q,Kilogram,12,8,
31041186,2026-10-08,2026-10-08 09:47:29.791489,KEDAH,KOTA SETAR,PASAR BESAR ALOR SETAR,Runcit,26,Sayur-Sayuran,03,015,DAUN SUP (TANAH TINGGI),F.A.Q,Kilogram,8,9.6,
31041187,2026-10-08,2026-10-08 09:47:29.791489,KEDAH,KOTA SETAR,PASAR BESAR ALOR SETAR,Runcit,26,Sayur-Sayuran,04,002,KACANG BENDI,F.A.Q,Kilogram,8,8,
31041188,2026-10-08,2026-10-08 09:47:29.791489,KEDAH,KOTA SETAR,PASAR BESAR ALOR SETAR,Runcit,26,Sayur-Sayuran,04,003,KACANG BUNCIS,F.A.Q,Kilogram,12,10.4,
31041189,2026-10-08,2026-10-08 09:47:29.791489,KEDAH,KOTA SETAR,PASAR BESAR ALOR SETAR,Runcit,26,Sayur-Sayuran,04,007,KACANG PANJANG HIJAU,F.A.Q,Kilogram,6,5.75,
31041190,2026-10-08,2026-10-08 09:47:29.791489,KEDAH,KOTA SETAR,PASAR BESAR ALOR SETAR,Runcit,26,Sayur-Sayuran,03,019,KANGKUNG,F.A.Q,Kilogram,4.5,4.5,
31041191,2026-10-08,2026-10-08 09:47:29.791489,KEDAH,KOTA SETAR,PASAR BESAR ALOR SETAR,Runcit,26,Sayur-Sayuran,03,006,KUBIS BULAT (CHINA),F.A.Q,Kilogram,3.5,3.5,
31041192,2026-10-08,2026-10-08 09:47:29.791489,KEDAH,KOTA SETAR,PASAR BESAR ALOR SETAR,Runcit,26,Sayur-Sayuran,03,006,KUBIS BULAT (TANAH TINGGI),F.A.Q,Kilogram,5,5,
31041193,2026-10-08,2026-10-08 09:47:29.791489,KEDAH,KOTA SETAR,PASAR BESAR ALOR SETAR,Runcit,26,Sayur-Sayuran,03,007,SAWI HIJAU,F.A.Q,Kilogram,6,5,
31041194,2026-10-08,2026-10-08 09:47:29.791489,KEDAH,KOTA SETAR,PASAR BESAR ALOR SETAR,Runcit,26,Sayur-Sayuran,02,010,TERUNG PANJANG / PEPARU (TANAH RENDAH),F.A.Q,Kilogram,8,8.5,
31041195,2026-10-08,2026-10-08 09:47:29.791489,KEDAH,KOTA SETAR,PASAR BESAR ALOR SETAR,Runcit,26,Sayur-Sayuran,02,011,TIMUN HIJAU,F.A.Q,Kilogram,3,2.75,
31041196,2026-10-08,2026-10-08 09:47:29.791489,KEDAH,KOTA SETAR,PASAR BESAR ALOR SETAR,Runcit,26,Sayur-Sayuran,02,012,TOMATO (TANAH TINGGI),F.A.Q,Kilogram,6.5,8.375,
31041197,2026-10-08,2026-10-08 09:47:29.791489,KEDAH,KOTA SETAR,PASAR BESAR ALOR SETAR,Runcit,26,Sayur-Sayuran,05,009,UBI KENTANG HOLLAND,F.A.Q,Kilogram,3.5,3.5,
31041198,2026-10-08,2026-10-08 09:47:52.015616,KEDAH,BALING,[LOKASI KUTIPAN HARGA LADANG] SIONG,Ladang,,Sayur-Sayuran,04,002,KACANG BENDI,F.A.Q,Kilogram,2.7,2.7333333,
31041199,2026-10-08,2026-10-08 09:47:52.015616,KEDAH,BALING,[LOKASI KUTIPAN HARGA LADANG] SIONG,Ladang,,Sayur-Sayuran,02,011,TIMUN HIJAU,F.A.Q,Kilogram,1.5,1.2833333,
31041200,2026-10-08,2026-10-08 09:48:04.594269,KEDAH,KOTA SETAR,PASAR BORONG ALOR SETAR,Borong,20,Ternakan,01,003,AYAM HIDUP,F.A.Q,Kilogram,6.8,6.8,
31041201,2026-10-08,2026-10-08 09:48:04.594269,KEDAH,KOTA SETAR,PASAR BORONG ALOR SETAR,Borong,20,Ternakan,03,002,AYAM PROSES STANDARD,F.A.Q,Kilogram,8.2,8.2,
31041202,2026-10-08,2026-10-08 09:48:28.214872,KEDAH,BALING,[LOKASI KUTIPAN HARGA LADANG] PULAI,Ladang,,Sayur-Sayuran,02,002,CILI MERAH MINYAK,F.A.Q,Kilogram,9.5,9.366667,
31041203,2026-10-08,2026-10-08 09:48:28.214872,KEDAH,BALING,[LOKASI KUTIPAN HARGA LADANG] PULAI,Ladang,,Sayur-Sayuran,02,010,TERUNG PANJANG / PEPARU (TANAH RENDAH),F.A.Q,Kilogram,2.7,2.6166666,
31041204,2026-10-08,2026-10-08 09:48:38.846112,KEDAH,KOTA SETAR,PASAR BORONG ALOR SETAR,Borong,20,Buah-Buahan,02,005,BETIK SEKAKI,F.A.Q,Kilogram,3,3,
31041205,2026-10-08,2026-10-08 09:48:38.846112,KEDAH,KOTA SETAR,PASAR BORONG ALOR SETAR,Borong,20,Buah-Buahan,02,028,PISANG BERANGAN,F.A.Q,Kilogram,3.5,3.5,
31041206,2026-10-08,2026-10-08 09:48:38.846112,KEDAH,KOTA SETAR,PASAR BORONG ALOR SETAR,Borong,20,Buah-Buahan,02,028,PISANG MAS,F.A.Q,Kilogram,3.5,3.5,
31041207,2026-10-08,2026-10-08 09:48:38.846112,KEDAH,KOTA SETAR,PASAR BORONG ALOR SETAR,Borong,20,Buah-Buahan,02,034,TEMBIKAI MERAH TANPA BIJI,F.A.Q,Kilogram,2.5,2.5,
31041208,2026-10-08,2026-10-08 09:48:50.134642,KEDAH,BALING,[LOKASI KUTIPAN HARGA LADANG] PULAI,Ladang,,Buah-Buahan,02,005,BETIK SEKAKI,F.A.Q,Kilogram,2.7,2.6,
31041209,2026-10-08,2026-10-08 09:49:30.831513,TERENGGANU,KUALA TERENGGANU,PASAR BORONG GONG PAUH,Borong,,Tanaman Kontan,03,001,JAGUNG MANIS,F.A.Q,Tongkol,1,1.2,
31041210,2026-10-08,2026-10-08 09:49:30.882587,TERENGGANU,KUALA TERENGGANU,PASAR BORONG GONG PAUH,Borong,,Tanaman Kontan,05,001,KELAPA DIKUPAS,BESAR,Biji,3,2.12,
31041211,2026-10-08,2026-10-08 09:49:30.929904,TERENGGANU,KUALA TERENGGANU,PASAR BORONG GONG PAUH,Borong,,Tanaman Kontan,05,001,KELAPA DIKUPAS,KECIL,Biji,2.3,1.6,
31041212,2026-10-08,2026-10-08 09:49:30.975953,TERENGGANU,KUALA TERENGGANU,PASAR BORONG GONG PAUH,Borong,,Tanaman Kontan,05,001,KELAPA MUDA,F.A.Q,Biji,3,2.78,
31041213,2026-10-08,2026-10-08 09:49:31.036389,TERENGGANU,KUALA TERENGGANU,PASAR BORONG GONG PAUH,Borong,,Tanaman Kontan,02,002,KELEDEK OREN / VITATO,F.A.Q,Kilogram,3.5,3.7,
31041214,2026-10-08,2026-10-08 09:49:31.084425,TERENGGANU,KUALA TERENGGANU,PASAR BORONG GONG PAUH,Borong,,Tanaman Kontan,02,002,KELEDEK PUTIH,F.A.Q,Kilogram,2.5,3.71,
31041215,2026-10-08,2026-10-08 09:49:31.133814,TERENGGANU,KUALA TERENGGANU,PASAR BORONG GONG PAUH,Borong,,Tanaman Kontan,02,001,UBI KAYU,F.A.Q,Kilogram,3.5,2.33,
31041216,2026-10-08,2026-10-08 09:50:01.100067,KEDAH,BALING,[LOKASI KUTIPAN HARGA LADANG] PULAI,Ladang,,Sayur-Sayuran,03,001,BAYAM,F.A.Q,Kilogram,2.5,2.5,
31041217,2026-10-08,2026-10-08 09:50:01.100067,KEDAH,BALING,[LOKASI KUTIPAN HARGA LADANG] PULAI,Ladang,,Sayur-Sayuran,03,019,KANGKUNG,F.A.Q,Kilogram,2.5,2.5,
31041218,2026-10-08,2026-10-08 09:50:01.100067,KEDAH,BALING,[LOKASI KUTIPAN HARGA LADANG] PULAI,Ladang,,Sayur-Sayuran,03,007,SAWI HIJAU,F.A.Q,Kilogram,2.5,2.5,
31041219,2026-10-08,2026-10-08 09:50:06.139104,PAHANG,PEKAN,PASAR AWAM PEKAN,Runcit,,Sayur-Sayuran,03,001,BAYAM,F.A.Q,Kilogram,6,5.81,5.0
31041220,2026-10-08,2026-10-08 09:50:06.162115,PAHANG,PEKAN,PASAR AWAM PEKAN,Runcit,,Sayur-Sayuran,02,002,CILI MERAH MINYAK,F.A.Q,Kilogram,18,14.1,10.0
31041221,2026-10-08,2026-10-08 09:50:06.186295,PAHANG,PEKAN,PASAR AWAM PEKAN,Runcit,,Sayur-Sayuran,03,009,DAUN BAWANG,F.A.Q,Kilogram,20,12.95,2.0
31041222,2026-10-08,2026-10-08 09:50:06.209958,PAHANG,PEKAN,PASAR AWAM PEKAN,Runcit,,Sayur-Sayuran,03,015,DAUN SUP (TANAH TINGGI),F.A.Q,Kilogram,10,13.35,2.0
31041223,2026-10-08,2026-10-08 09:50:06.232005,PAHANG,PEKAN,PASAR AWAM PEKAN,Runcit,,Sayur-Sayuran,04,002,KACANG BENDI,F.A.Q,Kilogram,8,10.44,6.0
31041224,2026-10-08,2026-10-08 09:50:06.253725,PAHANG,PEKAN,PASAR AWAM PEKAN,Runcit,,Sayur-Sayuran,04,003,KACANG BUNCIS,F.A.Q,Kilogram,15,13.06,5.0
31041225,2026-10-08,2026-10-08 09:50:06.276549,PAHANG,PEKAN,PASAR AWAM PEKAN,Runcit,,Sayur-Sayuran,04,007,KACANG PANJANG HIJAU,F.A.Q,Kilogram,10,7.99,8.0
31041226,2026-10-08,2026-10-08 09:50:06.298892,PAHANG,PEKAN,PASAR AWAM PEKAN,Runcit,,Sayur-Sayuran,03,019,KANGKUNG,F.A.Q,Kilogram,6,5.03,8.0
31041227,2026-10-08,2026-10-08 09:50:06.321288,PAHANG,PEKAN,PASAR AWAM PEKAN,Runcit,,Sayur-Sayuran,03,006,KUBIS BULAT (TANAH TINGGI),F.A.Q,Kilogram,3.5,4.58,20.0
31041228,2026-10-08,2026-10-08 09:50:06.344564,PAHANG,PEKAN,PASAR AWAM PEKAN,Runcit,,Sayur-Sayuran,03,007,SAWI HIJAU,F.A.Q,Kilogram,7,6.22,10.0
31041229,2026-10-08,2026-10-08 09:50:06.36702,PAHANG,PEKAN,PASAR AWAM PEKAN,Runcit,,Sayur-Sayuran,02,010,TERUNG PANJANG / PEPARU (TANAH RENDAH),F.A.Q,Kilogram,8,9.47,8.0
31041230,2026-10-08,2026-10-08 09:50:06.38859,PAHANG,PEKAN,PASAR AWAM PEKAN,Runcit,,Sayur-Sayuran,02,011,TIMUN HIJAU,F.A.Q,Kilogram,4.5,4.08,30.0
31041231,2026-10-08,2026-10-08 09:50:06.413001,PAHANG,PEKAN,PASAR AWAM PEKAN,Runcit,,Sayur-Sayuran,02,012,TOMATO (TANAH TINGGI),F.A.Q,Kilogram,6,8.71,10.0
31041232,2026-10-08,2026-10-08 09:50:42.122606,SELANGOR,PETALING,"KOMPLEKS PASAR BORONG SELANGOR, SERI KEMBANGAN",Runcit,26,Hasil Laut & Perikanan,02,009,IKAN BAUNG,F.A.Q,Kilogram,30,29.5,
31041233,2026-10-08,2026-10-08 09:50:42.122606,SELANGOR,PETALING,"KOMPLEKS PASAR BORONG SELANGOR, SERI KEMBANGAN",Runcit,26,Hasil Laut & Perikanan,02,010,IKAN HARUAN,F.A.Q,Kilogram,26,26.46,
31041234,2026-10-08,2026-10-08 09:50:42.122606,SELANGOR,PETALING,"KOMPLEKS PASAR BORONG SELANGOR, SERI KEMBANGAN",Runcit,26,Hasil Laut & Perikanan,02,011,IKAN JELAWAT,F.A.Q,Kilogram,13,13.67,
31041235,2026-10-08,2026-10-08 09:50:42.122606,SELANGOR,PETALING,"KOMPLEKS PASAR BORONG SELANGOR, SERI KEMBANGAN",Runcit,26,Hasil Laut & Perikanan,02,012,IKAN KELI BUNGA,F.A.Q,Kilogram,8,9.52,
31041236,2026-10-08,2026-10-08 09:50:42.122606,SELANGOR,PETALING,"KOMPLEKS PASAR BORONG SELANGOR, SERI KEMBANGAN",Runcit,26,Hasil Laut & Perikanan,02,005,IKAN PATIN (SANGKAR),F.A.Q,Kilogram,12,16.36,
31041237,2026-10-08,2026-10-08 09:50:42.122606,SELANGOR,PETALING,"KOMPLEKS PASAR BORONG SELANGOR, SERI KEMBANGAN",Runcit,26,Hasil Laut & Perikanan,02,002,IKAN TILAPIA HITAM,F.A.Q,Kilogram,7,10,
31041238,2026-10-08,2026-10-08 09:50:42.122606,SELANGOR,PETALING,"KOMPLEKS PASAR BORONG SELANGOR, SERI KEMBANGAN",Runcit,26,Hasil Laut & Perikanan,02,002,IKAN TILAPIA MERAH,F.A.Q,Kilogram,12,16.08,
31041239,2026-10-08,2026-10-08 09:50:42.122606,SELANGOR,PETALING,"KOMPLEKS PASAR BORONG SELANGOR, SERI KEMBANGAN",Runcit,26,Hasil Laut & Perikanan,02,006,UDANG GALAH,F.A.Q,Kilogram,46,42.89,
31041240,2026-10-08,2026-10-08 09:51:12.307278,KEDAH,BALING,[LOKASI KUTIPAN HARGA LADANG] SIONG,Ladang,,Sayur-Sayuran,02,010,TERUNG PANJANG / PEPARU (TANAH RENDAH),F.A.Q,Kilogram,2.7,2.6166666,
31041241,2026-10-08,2026-10-08 09:51:17.304855,KEDAH,KOTA SETAR,PASAR BORONG ALOR SETAR,Borong,20,Sayur-Sayuran,05,001,BAWANG BESAR KUNING / HOLLAND,F.A.Q,Kilogram,3.5,3.5,
31041242,2026-10-08,2026-10-08 09:51:17.304855,KEDAH,KOTA SETAR,PASAR BORONG ALOR SETAR,Borong,20,Sayur-Sayuran,05,001,BAWANG BESAR MERAH (IMPORT),F.A.Q,Kilogram,2.2,2.2,
31041243,2026-10-08,2026-10-08 09:51:17.304855,KEDAH,KOTA SETAR,PASAR BORONG ALOR SETAR,Borong,20,Sayur-Sayuran,05,001,BAWANG BESAR MERAH (INDIA),F.A.Q,Kilogram,3.5,3.5,
31041244,2026-10-08,2026-10-08 09:51:17.304855,KEDAH,KOTA SETAR,PASAR BORONG ALOR SETAR,Borong,20,Sayur-Sayuran,05,001,BAWANG MERAH / KECIL (IMPORT),F.A.Q,Kilogram,3,3,
31041245,2026-10-08,2026-10-08 09:51:17.304855,KEDAH,KOTA SETAR,PASAR BORONG ALOR SETAR,Borong,20,Sayur-Sayuran,05,001,BAWANG MERAH / KECIL (INDIA),F.A.Q,Kilogram,5,5,
31041246,2026-10-08,2026-10-08 09:51:17.304855,KEDAH,KOTA SETAR,PASAR BORONG ALOR SETAR,Borong,20,Sayur-Sayuran,05,001,BAWANG MERAH / KECIL (THAI),F.A.Q,Kilogram,10,10,
31041247,2026-10-08,2026-10-08 09:51:17.304855,KEDAH,KOTA SETAR,PASAR BORONG ALOR SETAR,Borong,20,Sayur-Sayuran,05,001,BAWANG MERAH ROSE,F.A.Q,Kilogram,6,6,
31041248,2026-10-08,2026-10-08 09:51:17.304855,KEDAH,KOTA SETAR,PASAR BORONG ALOR SETAR,Borong,20,Sayur-Sayuran,05,001,BAWANG PUTIH (CHINA),F.A.Q,Kilogram,8,8,
31041249,2026-10-08,2026-10-08 09:51:17.304855,KEDAH,KOTA SETAR,PASAR BORONG ALOR SETAR,Borong,20,Sayur-Sayuran,03,001,BAYAM,F.A.Q,Kilogram,3.5,3.5,
31041250,2026-10-08,2026-10-08 09:51:17.304855,KEDAH,KOTA SETAR,PASAR BORONG ALOR SETAR,Borong,20,Sayur-Sayuran,02,002,CILI HIJAU (IMPORT),F.A.Q,Kilogram,11,11,
31041251,2026-10-08,2026-10-08 09:51:17.304855,KEDAH,KOTA SETAR,PASAR BORONG ALOR SETAR,Borong,20,Sayur-Sayuran,02,002,CILI MERAH KULAI / KULAI HIBRID,F.A.Q,Kilogram,15,14,
31041252,2026-10-08,2026-10-08 09:51:17.304855,KEDAH,KOTA SETAR,PASAR BORONG ALOR SETAR,Borong,20,Sayur-Sayuran,02,002,CILI MERAH MINYAK,F.A.Q,Kilogram,13,12.875,
31041253,2026-10-08,2026-10-08 09:51:17.304855,KEDAH,KOTA SETAR,PASAR BORONG ALOR SETAR,Borong,20,Sayur-Sayuran,03,009,DAUN BAWANG,F.A.Q,Kilogram,10,6,
31041254,2026-10-08,2026-10-08 09:51:17.304855,KEDAH,KOTA SETAR,PASAR BORONG ALOR SETAR,Borong,20,Sayur-Sayuran,03,015,DAUN SUP (TANAH TINGGI),F.A.Q,Kilogram,6,7.6,
31041255,2026-10-08,2026-10-08 09:51:17.304855,KEDAH,KOTA SETAR,PASAR BORONG ALOR SETAR,Borong,20,Sayur-Sayuran,04,002,KACANG BENDI,F.A.Q,Kilogram,6,6,
31041256,2026-10-08,2026-10-08 09:51:17.304855,KEDAH,KOTA SETAR,PASAR BORONG ALOR SETAR,Borong,20,Sayur-Sayuran,04,003,KACANG BUNCIS,F.A.Q,Kilogram,10,8.4,
31041257,2026-10-08,2026-10-08 09:51:17.304855,KEDAH,KOTA SETAR,PASAR BORONG ALOR SETAR,Borong,20,Sayur-Sayuran,04,007,KACANG PANJANG HIJAU,F.A.Q,Kilogram,4.5,4,
31041258,2026-10-08,2026-10-08 09:51:17.304855,KEDAH,KOTA SETAR,PASAR BORONG ALOR SETAR,Borong,20,Sayur-Sayuran,03,019,KANGKUNG,F.A.Q,Kilogram,3,3,
31041259,2026-10-08,2026-10-08 09:51:17.304855,KEDAH,KOTA SETAR,PASAR BORONG ALOR SETAR,Borong,20,Sayur-Sayuran,03,006,KUBIS BULAT (CHINA),F.A.Q,Kilogram,2,2,
31041260,2026-10-08,2026-10-08 09:51:17.304855,KEDAH,KOTA SETAR,PASAR BORONG ALOR SETAR,Borong,20,Sayur-Sayuran,03,006,KUBIS BULAT (INDONESIA),F.A.Q,Kilogram,2,2,
31041261,2026-10-08,2026-10-08 09:51:17.304855,KEDAH,KOTA SETAR,PASAR BORONG ALOR SETAR,Borong,20,Sayur-Sayuran,03,006,KUBIS BULAT (TANAH TINGGI),F.A.Q,Kilogram,2.5,2.5,
31041262,2026-10-08,2026-10-08 09:51:17.304855,KEDAH,KOTA SETAR,PASAR BORONG ALOR SETAR,Borong,20,Sayur-Sayuran,03,007,SAWI HIJAU,F.A.Q,Kilogram,3.5,3.5,
31041263,2026-10-08,2026-10-08 09:51:17.304855,KEDAH,KOTA SETAR,PASAR BORONG ALOR SETAR,Borong,20,Sayur-Sayuran,02,010,TERUNG PANJANG / PEPARU (TANAH RENDAH),F.A.Q,Kilogram,6,6.5,
31041264,2026-10-08,2026-10-08 09:51:17.304855,KEDAH,KOTA SETAR,PASAR BORONG ALOR SETAR,Borong,20,Sayur-Sayuran,02,011,TIMUN HIJAU,F.A.Q,Kilogram,2,1.75,
31041265,2026-10-08,2026-10-08 09:51:17.304855,KEDAH,KOTA SETAR,PASAR BORONG ALOR SETAR,Borong,20,Sayur-Sayuran,02,012,TOMATO (TANAH TINGGI),F.A.Q,Kilogram,4.5,6.125,
31041266,2026-10-08,2026-10-08 09:51:17.304855,KEDAH,KOTA SETAR,PASAR BORONG ALOR SETAR,Borong,20,Sayur-Sayuran,05,009,UBI KENTANG HOLLAND,F.A.Q,Kilogram,2.5,2.5,
31041267,2026-10-08,2026-10-08 09:51:25.611263,PAHANG,PEKAN,PASAR AWAM PEKAN,Runcit,,Sayur-Sayuran,05,001,BAWANG BESAR KUNING / HOLLAND,F.A.Q,Kilogram,4,5.07,30.0
31041268,2026-10-08,2026-10-08 09:51:25.628811,PAHANG,PEKAN,PASAR AWAM PEKAN,Runcit,,Sayur-Sayuran,05,001,BAWANG BESAR MERAH (INDIA),F.A.Q,Kilogram,4,4.44,30.0
31041269,2026-10-08,2026-10-08 09:51:25.647521,PAHANG,PEKAN,PASAR AWAM PEKAN,Runcit,,Sayur-Sayuran,05,001,BAWANG BESAR MERAH (PAKISTAN),F.A.Q,Kilogram,4,3.5,30.0
31041270,2026-10-08,2026-10-08 09:51:25.667704,PAHANG,PEKAN,PASAR AWAM PEKAN,Runcit,,Sayur-Sayuran,05,001,BAWANG MERAH / KECIL (IMPORT),F.A.Q,Kilogram,4,6.56,30.0
31041271,2026-10-08,2026-10-08 09:51:25.687006,PAHANG,PEKAN,PASAR AWAM PEKAN,Runcit,,Sayur-Sayuran,05,001,BAWANG PUTIH (CHINA),F.A.Q,Kilogram,10,8.52,30.0
31041272,2026-10-08,2026-10-08 09:51:25.70766,PAHANG,PEKAN,PASAR AWAM PEKAN,Runcit,,Sayur-Sayuran,05,009,UBI KENTANG (IMPORT),F.A.Q,Kilogram,3,25,30.0
31041273,2026-10-08,2026-10-08 09:51:25.72857,PAHANG,PEKAN,PASAR AWAM PEKAN,Runcit,,Ternakan,11,001,TELUR AYAM,A,Biji,0.53,0.47,300.0
31041274,2026-10-08,2026-10-08 09:51:25.751056,PAHANG,PEKAN,PASAR AWAM PEKAN,Runcit,,Ternakan,11,001,TELUR AYAM,B,Biji,0.52,0.45,300.0
31041275,2026-10-08,2026-10-08 09:51:25.770738,PAHANG,PEKAN,PASAR AWAM PEKAN,Runcit,,Ternakan,11,001,TELUR AYAM,C,Biji,0.48,0.43,300.0
31041276,2026-10-08,2026-10-08 09:51:33.569299,KEDAH,BALING,[LOKASI KUTIPAN HARGA LADANG] SIONG,Ladang,,Buah-Buahan,02,028,PISANG BERANGAN,F.A.Q,Kilogram,2.8,2.8,
31041277,2026-10-08,2026-10-08 09:51:37.875929,KEDAH,KOTA SETAR,PASAR BORONG ALOR SETAR,Borong,20,Ternakan,02,003,DAGING LEMBU PEJAL,F.A.Q,Kilogram,28,28,
31041278,2026-10-08,2026-10-08 09:51:50.310015,PERAK,KUALA KANGSAR,PASAR BESAR KUALA KANGSAR,Runcit,26,Ternakan,03,002,AYAM PROSES STANDARD,F.A.Q,Kilogram,10.5,10.5,
31041279,2026-10-08,2026-10-08 09:51:52.896264,KEDAH,KOTA SETAR,PASAR BORONG ALOR SETAR,Borong,20,Tanaman Kontan,05,001,KELAPA DIKUPAS,SEDANG,Biji,1.8,2.025,
31041280,2026-10-08,2026-10-08 09:52:13.40126,PAHANG,PEKAN,PASAR AWAM PEKAN,Runcit,,Sayur-Sayuran,05,001,BAWANG BESAR KUNING / HOLLAND,F.A.Q,Kilogram,4.5,5.07,30.0
31041281,2026-10-08,2026-10-08 09:52:13.422955,PAHANG,PEKAN,PASAR AWAM PEKAN,Runcit,,Sayur-Sayuran,05,001,BAWANG BESAR MERAH (IMPORT),F.A.Q,Kilogram,4.5,4.28,30.0
31041282,2026-10-08,2026-10-08 09:52:13.445247,PAHANG,PEKAN,PASAR AWAM PEKAN,Runcit,,Sayur-Sayuran,05,001,BAWANG MERAH / KECIL (IMPORT),F.A.Q,Kilogram,4.5,6.56,30.0
31041283,2026-10-08,2026-10-08 09:52:13.466957,PAHANG,PEKAN,PASAR AWAM PEKAN,Runcit,,Sayur-Sayuran,05,001,BAWANG PUTIH (CHINA),F.A.Q,Kilogram,9.5,8.52,30.0
31041284,2026-10-08,2026-10-08 09:52:13.489509,PAHANG,PEKAN,PASAR AWAM PEKAN,Runcit,,Sayur-Sayuran,05,009,UBI KENTANG (IMPORT),F.A.Q,Kilogram,4,25,30.0
31041285,2026-10-08,2026-10-08 09:52:21.107788,KEDAH,BALING,[LOKASI KUTIPAN HARGA LADANG] PULAI,Ladang,,Sayur-Sayuran,04,002,KACANG BENDI,F.A.Q,Kilogram,2.6,2.7333333,
31041286,2026-10-08,2026-10-08 09:52:21.107788,KEDAH,BALING,[LOKASI KUTIPAN HARGA LADANG] PULAI,Ladang,,Sayur-Sayuran,04,007,KACANG PANJANG HIJAU,F.A.Q,Kilogram,2.5,2.7,
31041287,2026-10-08,2026-10-08 09:52:25.642807,PERLIS,PERLIS,PASAR AWAM SENA,Runcit,26,Sayur-Sayuran,03,009,DAUN BAWANG,F.A.Q,Kilogram,10,8.604167,
31041288,2026-10-08,2026-10-08 09:52:25.642807,PERLIS,PERLIS,PASAR AWAM SENA,Runcit,26,Sayur-Sayuran,03,009,DAUN BAWANG,F.A.Q,Kilogram,10,8.604167,
31041289,2026-10-08,2026-10-08 09:52:25.642807,PERLIS,PERLIS,PASAR AWAM SENA,Runcit,26,Sayur-Sayuran,03,009,DAUN BAWANG,F.A.Q,Kilogram,10,8.604167,
31041290,2026-10-08,2026-10-08 09:52:25.642807,PERLIS,PERLIS,PASAR AWAM SENA,Runcit,26,Sayur-Sayuran,03,009,DAUN BAWANG,F.A.Q,Kilogram,10,8.604167,
31041291,2026-10-08,2026-10-08 09:52:25.642807,PERLIS,PERLIS,PASAR AWAM SENA,Runcit,26,Sayur-Sayuran,03,009,DAUN BAWANG,F.A.Q,Kilogram,10,8.604167,
31041292,2026-10-08,2026-10-08 09:52:56.551448,KEDAH,BALING,[LOKASI KUTIPAN HARGA LADANG] PULAI,Ladang,,Sayur-Sayuran,02,002,CILI MERAH MINYAK,F.A.Q,Kilogram,9.5,9.366667,
31041293,2026-10-08,2026-10-08 09:52:56.551448,KEDAH,BALING,[LOKASI KUTIPAN HARGA LADANG] PULAI,Ladang,,Sayur-Sayuran,02,011,TIMUN HIJAU,F.A.Q,Kilogram,1.5,1.2833333,
31041294,2026-10-08,2026-10-08 09:54:00.34055,PAHANG,PEKAN,PASAR AWAM PEKAN,Runcit,,Sayur-Sayuran,03,001,BAYAM,F.A.Q,Kilogram,5,5.81,
31041295,2026-10-08,2026-10-08 09:54:00.360466,PAHANG,PEKAN,PASAR AWAM PEKAN,Runcit,,Sayur-Sayuran,02,002,CILI MERAH MINYAK,F.A.Q,Kilogram,12,14.1,
31041296,2026-10-08,2026-10-08 09:54:00.377917,PAHANG,PEKAN,PASAR AWAM PEKAN,Runcit,,Sayur-Sayuran,03,009,DAUN BAWANG,F.A.Q,Kilogram,15,12.95,
31041297,2026-10-08,2026-10-08 09:54:00.398674,PAHANG,PEKAN,PASAR AWAM PEKAN,Runcit,,Sayur-Sayuran,03,015,DAUN SUP (TANAH TINGGI),F.A.Q,Kilogram,10,13.35,
31041298,2026-10-08,2026-10-08 09:54:00.419787,PAHANG,PEKAN,PASAR AWAM PEKAN,Runcit,,Sayur-Sayuran,04,002,KACANG BENDI,F.A.Q,Kilogram,8,10.44,
31041299,2026-10-08,2026-10-08 09:54:00.44127,PAHANG,PEKAN,PASAR AWAM PEKAN,Runcit,,Sayur-Sayuran,04,003,KACANG BUNCIS,F.A.Q,Kilogram,4,13.06,
31041300,2026-10-08,2026-10-08 09:54:00.4613,PAHANG,PEKAN,PASAR AWAM PEKAN,Runcit,,Sayur-Sayuran,04,007,KACANG PANJANG HIJAU,F.A.Q,Kilogram,12,7.99,
31041301,2026-10-08,2026-10-08 09:54:00.480819,PAHANG,PEKAN,PASAR AWAM PEKAN,Runcit,,Sayur-Sayuran,03,019,KANGKUNG,F.A.Q,Kilogram,4.5,5.03,
31041302,2026-10-08,2026-10-08 09:54:00.502189,PAHANG,PEKAN,PASAR AWAM PEKAN,Runcit,,Sayur-Sayuran,03,006,KUBIS BULAT (TANAH TINGGI),F.A.Q,Kilogram,4,4.58,
31041303,2026-10-08,2026-10-08 09:54:00.52332,PAHANG,PEKAN,PASAR AWAM PEKAN,Runcit,,Sayur-Sayuran,03,007,SAWI HIJAU,F.A.Q,Kilogram,7,6.22,
31041304,2026-10-08,2026-10-08 09:54:00.543637,PAHANG,PEKAN,PASAR AWAM PEKAN,Runcit,,Sayur-Sayuran,02,010,TERUNG PANJANG / PEPARU (TANAH RENDAH),F.A.Q,Kilogram,8,9.47,
31041305,2026-10-08,2026-10-08 09:54:00.562271,PAHANG,PEKAN,PASAR AWAM PEKAN,Runcit,,Sayur-Sayuran,02,011,TIMUN HIJAU,F.A.Q,Kilogram,4,4.08,
31041306,2026-10-08,2026-10-08 09:54:00.582723,PAHANG,PEKAN,PASAR AWAM PEKAN,Runcit,,Sayur-Sayuran,02,012,TOMATO (TANAH TINGGI),F.A.Q,Kilogram,5,8.71,
31041307,2026-10-08,2026-10-08 09:55:59.666324,SELANGOR,PETALING,"KOMPLEKS PASAR BORONG SELANGOR, SERI KEMBANGAN",Runcit,26,Sayur-Sayuran,03,001,BAYAM,F.A.Q,Kilogram,4.5,6.02,
31041308,2026-10-08,2026-10-08 09:55:59.666324,SELANGOR,PETALING,"KOMPLEKS PASAR BORONG SELANGOR, SERI KEMBANGAN",Runcit,26,Sayur-Sayuran,02,002,CILI HIJAU,F.A.Q,Kilogram,13,13.18,
31041309,2026-10-08,2026-10-08 09:55:59.666324,SELANGOR,PETALING,"KOMPLEKS PASAR BORONG SELANGOR, SERI KEMBANGAN",Runcit,26,Sayur-Sayuran,02,002,CILI MERAH KULAI / KULAI HIBRID,F.A.Q,Kilogram,14,14,
31041310,2026-10-08,2026-10-08 09:55:59.666324,SELANGOR,PETALING,"KOMPLEKS PASAR BORONG SELANGOR, SERI KEMBANGAN",Runcit,26,Sayur-Sayuran,02,002,CILI MERAH MINYAK,F.A.Q,Kilogram,13,9.5,
31041311,2026-10-08,2026-10-08 09:55:59.666324,SELANGOR,PETALING,"KOMPLEKS PASAR BORONG SELANGOR, SERI KEMBANGAN",Runcit,26,Sayur-Sayuran,03,009,DAUN BAWANG,F.A.Q,Kilogram,12,12.95,
31041312,2026-10-08,2026-10-08 09:55:59.666324,SELANGOR,PETALING,"KOMPLEKS PASAR BORONG SELANGOR, SERI KEMBANGAN",Runcit,26,Sayur-Sayuran,03,015,DAUN SUP (TANAH TINGGI),F.A.Q,Kilogram,10,13.35,
31041313,2026-10-08,2026-10-08 09:55:59.666324,SELANGOR,PETALING,"KOMPLEKS PASAR BORONG SELANGOR, SERI KEMBANGAN",Runcit,26,Sayur-Sayuran,04,002,KACANG BENDI,F.A.Q,Kilogram,6,9.12,
31041314,2026-10-08,2026-10-08 09:55:59.666324,SELANGOR,PETALING,"KOMPLEKS PASAR BORONG SELANGOR, SERI KEMBANGAN",Runcit,26,Sayur-Sayuran,04,003,KACANG BUNCIS,F.A.Q,Kilogram,14,13.06,
31041315,2026-10-08,2026-10-08 09:55:59.666324,SELANGOR,PETALING,"KOMPLEKS PASAR BORONG SELANGOR, SERI KEMBANGAN",Runcit,26,Sayur-Sayuran,04,007,KACANG PANJANG HIJAU,F.A.Q,Kilogram,7,8.57,
31041316,2026-10-08,2026-10-08 09:55:59.666324,SELANGOR,PETALING,"KOMPLEKS PASAR BORONG SELANGOR, SERI KEMBANGAN",Runcit,26,Sayur-Sayuran,03,019,KANGKUNG,F.A.Q,Kilogram,4.5,5.03,
31041317,2026-10-08,2026-10-08 09:55:59.666324,SELANGOR,PETALING,"KOMPLEKS PASAR BORONG SELANGOR, SERI KEMBANGAN",Runcit,26,Sayur-Sayuran,03,006,KUBIS BULAT (CHINA),F.A.Q,Kilogram,2,2,
31041318,2026-10-08,2026-10-08 09:55:59.666324,SELANGOR,PETALING,"KOMPLEKS PASAR BORONG SELANGOR, SERI KEMBANGAN",Runcit,26,Sayur-Sayuran,03,006,KUBIS BULAT (TANAH TINGGI),F.A.Q,Kilogram,3.5,3.5,
31041319,2026-10-08,2026-10-08 09:55:59.666324,SELANGOR,PETALING,"KOMPLEKS PASAR BORONG SELANGOR, SERI KEMBANGAN",Runcit,26,Sayur-Sayuran,03,007,SAWI HIJAU,F.A.Q,Kilogram,6.5,5.99,
31041320,2026-10-08,2026-10-08 09:55:59.666324,SELANGOR,PETALING,"KOMPLEKS PASAR BORONG SELANGOR, SERI KEMBANGAN",Runcit,26,Sayur-Sayuran,03,007,SAWI HIJAU TANAH TINGGI,F.A.Q,Kilogram,5.5,3.5,
31041321,2026-10-08,2026-10-08 09:55:59.666324,SELANGOR,PETALING,"KOMPLEKS PASAR BORONG SELANGOR, SERI KEMBANGAN",Runcit,26,Sayur-Sayuran,02,010,TERUNG PANJANG / PEPARU (TANAH RENDAH),F.A.Q,Kilogram,6.5,6.2,
31041322,2026-10-08,2026-10-08 09:55:59.666324,SELANGOR,PETALING,"KOMPLEKS PASAR BORONG SELANGOR, SERI KEMBANGAN",Runcit,26,Sayur-Sayuran,02,011,TIMUN HIJAU,F.A.Q,Kilogram,4.2,2,
31041323,2026-10-08,2026-10-08 09:55:59.666324,SELANGOR,PETALING,"KOMPLEKS PASAR BORONG SELANGOR, SERI KEMBANGAN",Runcit,26,Sayur-Sayuran,02,012,TOMATO (TANAH TINGGI),F.A.Q,Kilogram,4.8,6.25,
31041324,2026-10-08,2026-10-08 09:59:34.266551,PERAK,"LARUT, MATANG DAN SELAMA",PASAR AWAM KAMUNTING,Runcit,26,Buah-Buahan,02,005,BETIK SEKAKI,F.A.Q,Kilogram,7,7,
31041325,2026-10-08,2026-10-08 09:59:34.266551,PERAK,"LARUT, MATANG DAN SELAMA",PASAR AWAM KAMUNTING,Runcit,26,Buah-Buahan,02,028,PISANG BERANGAN,F.A.Q,Kilogram,7,7,
31041326,2026-10-08,2026-10-08 09:59:34.266551,PERAK,"LARUT, MATANG DAN SELAMA",PASAR AWAM KAMUNTING,Runcit,26,Buah-Buahan,02,028,PISANG MAS,F.A.Q,Kilogram,6.5,6.5,
31041327,2026-10-08,2026-10-08 09:59:34.266551,PERAK,"LARUT, MATANG DAN SELAMA",PASAR AWAM KAMUNTING,Runcit,26,Buah-Buahan,02,034,TEMBIKAI MERAH TANPA BIJI,F.A.Q,Kilogram,4,4,
31041328,2026-10-08,2026-10-08 09:59:39.088752,SELANGOR,PETALING,"KOMPLEKS PASAR BORONG SELANGOR, SERI KEMBANGAN",Borong,20,Sayur-Sayuran,03,001,BAYAM,F.A.Q,Kilogram,3.5,4.08,
31041329,2026-10-08,2026-10-08 09:59:39.088752,SELANGOR,PETALING,"KOMPLEKS PASAR BORONG SELANGOR, SERI KEMBANGAN",Borong,20,Sayur-Sayuran,02,002,CILI HIJAU,F.A.Q,Kilogram,12,9.666667,
31041330,2026-10-08,2026-10-08 09:59:39.088752,SELANGOR,PETALING,"KOMPLEKS PASAR BORONG SELANGOR, SERI KEMBANGAN",Borong,20,Sayur-Sayuran,02,002,CILI MERAH KULAI / KULAI HIBRID,F.A.Q,Kilogram,13,12.47,
31041331,2026-10-08,2026-10-08 09:59:39.088752,SELANGOR,PETALING,"KOMPLEKS PASAR BORONG SELANGOR, SERI KEMBANGAN",Borong,20,Sayur-Sayuran,02,002,CILI MERAH MINYAK,F.A.Q,Kilogram,12,8.5,
31041332,2026-10-08,2026-10-08 09:59:39.088752,SELANGOR,PETALING,"KOMPLEKS PASAR BORONG SELANGOR, SERI KEMBANGAN",Borong,20,Sayur-Sayuran,03,009,DAUN BAWANG,F.A.Q,Kilogram,11,9.7,
31041333,2026-10-08,2026-10-08 09:59:39.088752,SELANGOR,PETALING,"KOMPLEKS PASAR BORONG SELANGOR, SERI KEMBANGAN",Borong,20,Sayur-Sayuran,03,015,DAUN SUP (TANAH TINGGI),F.A.Q,Kilogram,9,10.25,
31041334,2026-10-08,2026-10-08 09:59:39.088752,SELANGOR,PETALING,"KOMPLEKS PASAR BORONG SELANGOR, SERI KEMBANGAN",Borong,20,Sayur-Sayuran,04,002,KACANG BENDI,F.A.Q,Kilogram,5,6.56,
31041335,2026-10-08,2026-10-08 09:59:39.088752,SELANGOR,PETALING,"KOMPLEKS PASAR BORONG SELANGOR, SERI KEMBANGAN",Borong,20,Sayur-Sayuran,04,003,KACANG BUNCIS,F.A.Q,Kilogram,13,10.25,
31041336,2026-10-08,2026-10-08 09:59:39.088752,SELANGOR,PETALING,"KOMPLEKS PASAR BORONG SELANGOR, SERI KEMBANGAN",Borong,20,Sayur-Sayuran,04,007,KACANG PANJANG HIJAU,F.A.Q,Kilogram,6,6.13,
31041337,2026-10-08,2026-10-08 09:59:39.088752,SELANGOR,PETALING,"KOMPLEKS PASAR BORONG SELANGOR, SERI KEMBANGAN",Borong,20,Sayur-Sayuran,03,019,KANGKUNG,F.A.Q,Kilogram,3.5,3.5,
31041338,2026-10-08,2026-10-08 09:59:39.088752,SELANGOR,PETALING,"KOMPLEKS PASAR BORONG SELANGOR, SERI KEMBANGAN",Borong,20,Sayur-Sayuran,03,006,KUBIS BULAT (CHINA),F.A.Q,Kilogram,1.5,1.5,
31041339,2026-10-08,2026-10-08 09:59:39.088752,SELANGOR,PETALING,"KOMPLEKS PASAR BORONG SELANGOR, SERI KEMBANGAN",Borong,20,Sayur-Sayuran,03,006,KUBIS BULAT (TANAH TINGGI),F.A.Q,Kilogram,2.5,2.5,
31041340,2026-10-08,2026-10-08 09:59:39.088752,SELANGOR,PETALING,"KOMPLEKS PASAR BORONG SELANGOR, SERI KEMBANGAN",Borong,20,Sayur-Sayuran,03,007,SAWI HIJAU,F.A.Q,Kilogram,5.5,4.21,
31041341,2026-10-08,2026-10-08 09:59:39.088752,SELANGOR,PETALING,"KOMPLEKS PASAR BORONG SELANGOR, SERI KEMBANGAN",Borong,20,Sayur-Sayuran,03,007,SAWI HIJAU TANAH TINGGI,F.A.Q,Kilogram,4.5,2.5,
31041342,2026-10-08,2026-10-08 09:59:39.088752,SELANGOR,PETALING,"KOMPLEKS PASAR BORONG SELANGOR, SERI KEMBANGAN",Borong,20,Sayur-Sayuran,02,010,TERUNG PANJANG / PEPARU (TANAH RENDAH),F.A.Q,Kilogram,5.5,5,
31041343,2026-10-08,2026-10-08 09:59:39.088752,SELANGOR,PETALING,"KOMPLEKS PASAR BORONG SELANGOR, SERI KEMBANGAN",Borong,20,Sayur-Sayuran,02,011,TIMUN HIJAU,F.A.Q,Kilogram,3.2,1.4666667,
31041344,2026-10-08,2026-10-08 09:59:39.088752,SELANGOR,PETALING,"KOMPLEKS PASAR BORONG SELANGOR, SERI KEMBANGAN",Borong,20,Sayur-Sayuran,02,012,TOMATO (TANAH TINGGI),F.A.Q,Kilogram,3.8,3.76,
31041345,2026-10-08,2026-10-08 10:00:01.250669,PERAK,"LARUT, MATANG DAN SELAMA",PASAR AWAM KAMUNTING,Runcit,26,Ternakan,03,002,AYAM PROSES STANDARD,F.A.Q,Kilogram,10.5,10.5,
31041346,2026-10-08,2026-10-08 10:00:44.962957,PERAK,"LARUT, MATANG DAN SELAMA",PASAR AWAM KAMUNTING,Runcit,26,Ternakan,11,001,TELUR AYAM,A,Biji,0.55,0.55,
31041347,2026-10-08,2026-10-08 10:00:44.962957,PERAK,"LARUT, MATANG DAN SELAMA",PASAR AWAM KAMUNTING,Runcit,26,Ternakan,11,001,TELUR AYAM,B,Biji,0.52,0.52,
31041348,2026-10-08,2026-10-08 10:00:44.962957,PERAK,"LARUT, MATANG DAN SELAMA",PASAR AWAM KAMUNTING,Runcit,26,Ternakan,11,001,TELUR AYAM,C,Biji,0.49,0.49,
31041349,2026-10-08,2026-10-08 10:00:46.592412,PERLIS,PERLIS,PASAR AWAM SENA,Runcit,26,Sayur-Sayuran,03,009,DAUN BAWANG (IMPORT),F.A.Q,Kilogram,15,11.5,
31041350,2026-10-08,2026-10-08 10:00:46.592412,PERLIS,PERLIS,PASAR AWAM SENA,Runcit,26,Sayur-Sayuran,03,009,DAUN BAWANG (IMPORT),F.A.Q,Kilogram,15,11.5,
31041351,2026-10-08,2026-10-08 10:00:46.592412,PERLIS,PERLIS,PASAR AWAM SENA,Runcit,26,Sayur-Sayuran,03,009,DAUN BAWANG (IMPORT),F.A.Q,Kilogram,15,11.5,
31041352,2026-10-08,2026-10-08 10:00:46.592412,PERLIS,PERLIS,PASAR AWAM SENA,Runcit,26,Sayur-Sayuran,03,009,DAUN BAWANG (IMPORT),F.A.Q,Kilogram,15,11.5,
31041353,2026-10-08,2026-10-08 10:00:46.592412,PERLIS,PERLIS,PASAR AWAM SENA,Runcit,26,Sayur-Sayuran,03,009,DAUN BAWANG (IMPORT),F.A.Q,Kilogram,15,11.5,
31041354,2026-10-08,2026-10-08 10:00:46.592412,PERLIS,PERLIS,PASAR AWAM SENA,Runcit,26,Sayur-Sayuran,03,015,DAUN SUP (IMPORT),F.A.Q,Kilogram,18,14.166667,
31041355,2026-10-08,2026-10-08 10:00:46.592412,PERLIS,PERLIS,PASAR AWAM SENA,Runcit,26,Sayur-Sayuran,03,015,DAUN SUP (IMPORT),F.A.Q,Kilogram,18,14.166667,
31041356,2026-10-08,2026-10-08 10:00:46.592412,PERLIS,PERLIS,PASAR AWAM SENA,Runcit,26,Sayur-Sayuran,03,015,DAUN SUP (IMPORT),F.A.Q,Kilogram,18,14.166667,
31041357,2026-10-08,2026-10-08 10:00:46.592412,PERLIS,PERLIS,PASAR AWAM SENA,Runcit,26,Sayur-Sayuran,03,015,DAUN SUP (IMPORT),F.A.Q,Kilogram,18,14.166667,
31041358,2026-10-08,2026-10-08 10:00:46.592412,PERLIS,PERLIS,PASAR AWAM SENA,Runcit,26,Sayur-Sayuran,03,015,DAUN SUP (IMPORT),F.A.Q,Kilogram,18,14.166667,
31041359,2026-10-08,2026-10-08 10:00:46.592412,PERLIS,PERLIS,PASAR AWAM SENA,Runcit,26,Sayur-Sayuran,03,015,DAUN SUP (TANAH TINGGI),F.A.Q,Kilogram,18,13.9375,
31041360,2026-10-08,2026-10-08 10:00:46.592412,PERLIS,PERLIS,PASAR AWAM SENA,Runcit,26,Sayur-Sayuran,03,015,DAUN SUP (TANAH TINGGI),F.A.Q,Kilogram,18,13.9375,
31041361,2026-10-08,2026-10-08 10:00:46.592412,PERLIS,PERLIS,PASAR AWAM SENA,Runcit,26,Sayur-Sayuran,03,015,DAUN SUP (TANAH TINGGI),F.A.Q,Kilogram,18,13.9375,
31041362,2026-10-08,2026-10-08 10:00:46.592412,PERLIS,PERLIS,PASAR AWAM SENA,Runcit,26,Sayur-Sayuran,03,015,DAUN SUP (TANAH TINGGI),F.A.Q,Kilogram,18,13.9375,
31041363,2026-10-08,2026-10-08 10:00:46.592412,PERLIS,PERLIS,PASAR AWAM SENA,Runcit,26,Sayur-Sayuran,03,015,DAUN SUP (TANAH TINGGI),F.A.Q,Kilogram,18,13.9375,
31041364,2026-10-08,2026-10-08 10:00:46.592412,PERLIS,PERLIS,PASAR AWAM SENA,Runcit,26,Sayur-Sayuran,04,002,KACANG BENDI,F.A.Q,Kilogram,9,8.897436,
31041365,2026-10-08,2026-10-08 10:00:46.592412,PERLIS,PERLIS,PASAR AWAM SENA,Runcit,26,Sayur-Sayuran,04,002,KACANG BENDI,F.A.Q,Kilogram,9,8.897436,
31041366,2026-10-08,2026-10-08 10:00:46.592412,PERLIS,PERLIS,PASAR AWAM SENA,Runcit,26,Sayur-Sayuran,04,002,KACANG BENDI,F.A.Q,Kilogram,9,8.897436,
31041367,2026-10-08,2026-10-08 10:00:46.592412,PERLIS,PERLIS,PASAR AWAM SENA,Runcit,26,Sayur-Sayuran,04,002,KACANG BENDI,F.A.Q,Kilogram,9,8.897436,
31041368,2026-10-08,2026-10-08 10:00:46.592412,PERLIS,PERLIS,PASAR AWAM SENA,Runcit,26,Sayur-Sayuran,04,002,KACANG BENDI,F.A.Q,Kilogram,9,8.897436,
31041369,2026-10-08,2026-10-08 10:01:27.698603,NEGERI SEMBILAN,SEREMBAN,PASAR BESAR SEREMBAN - BAHAGIAN BORONG,Borong,20,Buah-Buahan,02,005,BETIK SEKAKI,F.A.Q,Kilogram,3.5,3.3,
31041370,2026-10-08,2026-10-08 10:01:27.698603,NEGERI SEMBILAN,SEREMBAN,PASAR BESAR SEREMBAN - BAHAGIAN BORONG,Borong,20,Buah-Buahan,02,005,BETIK SEKAKI,F.A.Q,Kilogram,3.1,3.3,
31041371,2026-10-08,2026-10-08 10:01:27.698603,NEGERI SEMBILAN,SEREMBAN,PASAR BESAR SEREMBAN - BAHAGIAN BORONG,Borong,20,Buah-Buahan,02,005,BETIK SEKAKI,F.A.Q,Kilogram,3.3,3.3,
31041372,2026-10-08,2026-10-08 10:01:27.698603,NEGERI SEMBILAN,SEREMBAN,PASAR BESAR SEREMBAN - BAHAGIAN BORONG,Borong,20,Buah-Buahan,02,023,NANAS JOSAPINE (AC5),F.A.Q,Kilogram,3.5,3.2181818,
31041373,2026-10-08,2026-10-08 10:01:27.698603,NEGERI SEMBILAN,SEREMBAN,PASAR BESAR SEREMBAN - BAHAGIAN BORONG,Borong,20,Buah-Buahan,02,023,NANAS JOSAPINE (AC5),F.A.Q,Kilogram,2.9,3.2181818,
31041374,2026-10-08,2026-10-08 10:01:27.698603,NEGERI SEMBILAN,SEREMBAN,PASAR BESAR SEREMBAN - BAHAGIAN BORONG,Borong,20,Buah-Buahan,02,023,NANAS JOSAPINE (AC5),F.A.Q,Kilogram,3.3,3.2181818,
31041375,2026-10-08,2026-10-08 10:01:27.698603,NEGERI SEMBILAN,SEREMBAN,PASAR BESAR SEREMBAN - BAHAGIAN BORONG,Borong,20,Buah-Buahan,02,028,PISANG BERANGAN,F.A.Q,Kilogram,4.1,3.860606,
31041376,2026-10-08,2026-10-08 10:01:27.698603,NEGERI SEMBILAN,SEREMBAN,PASAR BESAR SEREMBAN - BAHAGIAN BORONG,Borong,20,Buah-Buahan,02,028,PISANG BERANGAN,F.A.Q,Kilogram,3.9,3.860606,
31041377,2026-10-08,2026-10-08 10:01:27.698603,NEGERI SEMBILAN,SEREMBAN,PASAR BESAR SEREMBAN - BAHAGIAN BORONG,Borong,20,Buah-Buahan,02,028,PISANG BERANGAN,F.A.Q,Kilogram,3.6,3.860606,
31041378,2026-10-08,2026-10-08 10:01:27.698603,NEGERI SEMBILAN,SEREMBAN,PASAR BESAR SEREMBAN - BAHAGIAN BORONG,Borong,20,Buah-Buahan,02,028,PISANG MAS,F.A.Q,Kilogram,3.5,3.3055556,
31041379,2026-10-08,2026-10-08 10:01:27.698603,NEGERI SEMBILAN,SEREMBAN,PASAR BESAR SEREMBAN - BAHAGIAN BORONG,Borong,20,Buah-Buahan,02,028,PISANG MAS,F.A.Q,Kilogram,3.3,3.3055556,
31041380,2026-10-08,2026-10-08 10:01:27.698603,NEGERI SEMBILAN,SEREMBAN,PASAR BESAR SEREMBAN - BAHAGIAN BORONG,Borong,20,Buah-Buahan,02,028,PISANG MAS,F.A.Q,Kilogram,3.1,3.3055556,
31041381,2026-10-08,2026-10-08 10:01:27.698603,NEGERI SEMBILAN,SEREMBAN,PASAR BESAR SEREMBAN - BAHAGIAN BORONG,Borong,20,Buah-Buahan,02,034,TEMBIKAI MERAH TANPA BIJI,F.A.Q,Kilogram,2.6,2.0925925,
31041382,2026-10-08,2026-10-08 10:01:27.698603,NEGERI SEMBILAN,SEREMBAN,PASAR BESAR SEREMBAN - BAHAGIAN BORONG,Borong,20,Buah-Buahan,02,034,TEMBIKAI MERAH TANPA BIJI,F.A.Q,Kilogram,1.9,2.0925925,
31041383,2026-10-08,2026-10-08 10:01:27.698603,NEGERI SEMBILAN,SEREMBAN,PASAR BESAR SEREMBAN - BAHAGIAN BORONG,Borong,20,Buah-Buahan,02,034,TEMBIKAI MERAH TANPA BIJI,F.A.Q,Kilogram,2.3,2.0925925,
31041384,2026-10-08,2026-10-08 10:01:32.155764,NEGERI SEMBILAN,SEREMBAN,PASAR BESAR SEREMBAN - BAHAGIAN RUNCIT,Runcit,26,Buah-Buahan,02,005,BETIK SEKAKI,F.A.Q,Kilogram,5,5.211111,
31041385,2026-10-08,2026-10-08 10:01:32.155764,NEGERI SEMBILAN,SEREMBAN,PASAR BESAR SEREMBAN - BAHAGIAN RUNCIT,Runcit,26,Buah-Buahan,02,005,BETIK SEKAKI,F.A.Q,Kilogram,5.4,5.211111,
31041386,2026-10-08,2026-10-08 10:01:32.155764,NEGERI SEMBILAN,SEREMBAN,PASAR BESAR SEREMBAN - BAHAGIAN RUNCIT,Runcit,26,Buah-Buahan,02,005,BETIK SEKAKI,F.A.Q,Kilogram,5.2,5.211111,
31041387,2026-10-08,2026-10-08 10:01:32.155764,NEGERI SEMBILAN,SEREMBAN,PASAR BESAR SEREMBAN - BAHAGIAN RUNCIT,Runcit,26,Buah-Buahan,02,023,NANAS JOSAPINE (AC5),F.A.Q,Kilogram,4,4.306061,
31041388,2026-10-08,2026-10-08 10:01:32.155764,NEGERI SEMBILAN,SEREMBAN,PASAR BESAR SEREMBAN - BAHAGIAN RUNCIT,Runcit,26,Buah-Buahan,02,023,NANAS JOSAPINE (AC5),F.A.Q,Kilogram,4.6,4.306061,
31041389,2026-10-08,2026-10-08 10:01:32.155764,NEGERI SEMBILAN,SEREMBAN,PASAR BESAR SEREMBAN - BAHAGIAN RUNCIT,Runcit,26,Buah-Buahan,02,023,NANAS JOSAPINE (AC5),F.A.Q,Kilogram,4.3,4.306061,
31041390,2026-10-08,2026-10-08 10:01:32.155764,NEGERI SEMBILAN,SEREMBAN,PASAR BESAR SEREMBAN - BAHAGIAN RUNCIT,Runcit,26,Buah-Buahan,02,028,PISANG BERANGAN,F.A.Q,Kilogram,5.5,5.46,
31041391,2026-10-08,2026-10-08 10:01:32.155764,NEGERI SEMBILAN,SEREMBAN,PASAR BESAR SEREMBAN - BAHAGIAN RUNCIT,Runcit,26,Buah-Buahan,02,028,PISANG BERANGAN,F.A.Q,Kilogram,6,5.46,
31041392,2026-10-08,2026-10-08 10:01:32.155764,NEGERI SEMBILAN,SEREMBAN,PASAR BESAR SEREMBAN - BAHAGIAN RUNCIT,Runcit,26,Buah-Buahan,02,028,PISANG BERANGAN,F.A.Q,Kilogram,5.2,5.46,
31041393,2026-10-08,2026-10-08 10:01:32.155764,NEGERI SEMBILAN,SEREMBAN,PASAR BESAR SEREMBAN - BAHAGIAN RUNCIT,Runcit,26,Buah-Buahan,02,028,PISANG MAS,F.A.Q,Kilogram,4.9,4.811111,
31041394,2026-10-08,2026-10-08 10:01:32.155764,NEGERI SEMBILAN,SEREMBAN,PASAR BESAR SEREMBAN - BAHAGIAN RUNCIT,Runcit,26,Buah-Buahan,02,028,PISANG MAS,F.A.Q,Kilogram,5.1,4.811111,
31041395,2026-10-08,2026-10-08 10:01:32.155764,NEGERI SEMBILAN,SEREMBAN,PASAR BESAR SEREMBAN - BAHAGIAN RUNCIT,Runcit,26,Buah-Buahan,02,028,PISANG MAS,F.A.Q,Kilogram,4.5,4.811111,
31041396,2026-10-08,2026-10-08 10:01:32.155764,NEGERI SEMBILAN,SEREMBAN,PASAR BESAR SEREMBAN - BAHAGIAN RUNCIT,Runcit,26,Buah-Buahan,02,034,TEMBIKAI MERAH TANPA BIJI,F.A.Q,Kilogram,3,3.0259259,
31041397,2026-10-08,2026-10-08 10:01:32.155764,NEGERI SEMBILAN,SEREMBAN,PASAR BESAR SEREMBAN - BAHAGIAN RUNCIT,Runcit,26,Buah-Buahan,02,034,TEMBIKAI MERAH TANPA BIJI,F.A.Q,Kilogram,3.7,3.0259259,
31041398,2026-10-08,2026-10-08 10:01:32.155764,NEGERI SEMBILAN,SEREMBAN,PASAR BESAR SEREMBAN - BAHAGIAN RUNCIT,Runcit,26,Buah-Buahan,02,034,TEMBIKAI MERAH TANPA BIJI,F.A.Q,Kilogram,3.3,3.0259259,
31041399,2026-10-08,2026-10-08 10:02:10.783934,NEGERI SEMBILAN,SEREMBAN,[LOKASI KUTIPAN HARGA LADANG] LABU,Ladang,,Tanaman Kontan,05,001,KELAPA DIKUPAS,SEDANG,Biji,1.8,1.8,
31041400,2026-10-08,2026-10-08 10:02:33.103539,PERAK,KUALA KANGSAR,PASAR BESAR KUALA KANGSAR,Runcit,26,Sayur-Sayuran,03,001,BAYAM,F.A.Q,Kilogram,5,4,
31041401,2026-10-08,2026-10-08 10:02:33.103539,PERAK,KUALA KANGSAR,PASAR BESAR KUALA KANGSAR,Runcit,26,Sayur-Sayuran,02,002,CILI HIJAU,F.A.Q,Kilogram,12,13.18,
31041402,2026-10-08,2026-10-08 10:02:33.103539,PERAK,KUALA KANGSAR,PASAR BESAR KUALA KANGSAR,Runcit,26,Sayur-Sayuran,02,002,CILI MERAH MINYAK,F.A.Q,Kilogram,16,15,
31041403,2026-10-08,2026-10-08 10:02:33.103539,PERAK,KUALA KANGSAR,PASAR BESAR KUALA KANGSAR,Runcit,26,Sayur-Sayuran,04,002,KACANG BENDI,F.A.Q,Kilogram,7,7.25,
31041404,2026-10-08,2026-10-08 10:02:33.103539,PERAK,KUALA KANGSAR,PASAR BESAR KUALA KANGSAR,Runcit,26,Sayur-Sayuran,04,003,KACANG BUNCIS,F.A.Q,Kilogram,13,11.75,
31041405,2026-10-08,2026-10-08 10:02:33.103539,PERAK,KUALA KANGSAR,PASAR BESAR KUALA KANGSAR,Runcit,26,Sayur-Sayuran,04,007,KACANG PANJANG HIJAU,F.A.Q,Kilogram,7,7,
31041406,2026-10-08,2026-10-08 10:02:33.103539,PERAK,KUALA KANGSAR,PASAR BESAR KUALA KANGSAR,Runcit,26,Sayur-Sayuran,03,019,KANGKUNG,F.A.Q,Kilogram,4,4,
31041407,2026-10-08,2026-10-08 10:02:33.103539,PERAK,KUALA KANGSAR,PASAR BESAR KUALA KANGSAR,Runcit,26,Sayur-Sayuran,03,006,KUBIS BULAT (TANAH TINGGI),F.A.Q,Kilogram,4,4,
31041408,2026-10-08,2026-10-08 10:02:33.103539,PERAK,KUALA KANGSAR,PASAR BESAR KUALA KANGSAR,Runcit,26,Sayur-Sayuran,03,007,SAWI HIJAU TANAH TINGGI,F.A.Q,Kilogram,8,4.875,
31041409,2026-10-08,2026-10-08 10:02:33.103539,PERAK,KUALA KANGSAR,PASAR BESAR KUALA KANGSAR,Runcit,26,Sayur-Sayuran,02,010,TERUNG PANJANG / PEPARU (TANAH RENDAH),F.A.Q,Kilogram,8,7.25,
31041410,2026-10-08,2026-10-08 10:02:33.103539,PERAK,KUALA KANGSAR,PASAR BESAR KUALA KANGSAR,Runcit,26,Sayur-Sayuran,02,011,TIMUN HIJAU,F.A.Q,Kilogram,3,3.125,
31041411,2026-10-08,2026-10-08 10:02:33.103539,PERAK,KUALA KANGSAR,PASAR BESAR KUALA KANGSAR,Runcit,26,Sayur-Sayuran,02,012,TOMATO (TANAH TINGGI),F.A.Q,Kilogram,6,6.25,
31041412,2026-10-08,2026-10-08 10:05:16.968381,PERAK,KUALA KANGSAR,PASAR BESAR KUALA KANGSAR,Runcit,26,Sayur-Sayuran,05,001,BAWANG BESAR KUNING / HOLLAND,F.A.Q,Kilogram,4.5,4.125,
31041413,2026-10-08,2026-10-08 10:05:16.968381,PERAK,KUALA KANGSAR,PASAR BESAR KUALA KANGSAR,Runcit,26,Sayur-Sayuran,05,001,BAWANG BESAR MERAH (INDIA),F.A.Q,Kilogram,4,3.625,
31041414,2026-10-08,2026-10-08 10:05:16.968381,PERAK,KUALA KANGSAR,PASAR BESAR KUALA KANGSAR,Runcit,26,Sayur-Sayuran,05,001,BAWANG MERAH / KECIL (INDIA),F.A.Q,Kilogram,5,5,
31041415,2026-10-08,2026-10-08 10:05:16.968381,PERAK,KUALA KANGSAR,PASAR BESAR KUALA KANGSAR,Runcit,26,Sayur-Sayuran,05,001,BAWANG MERAH / KECIL (THAI),F.A.Q,Kilogram,10,10,
31041416,2026-10-08,2026-10-08 10:05:16.968381,PERAK,KUALA KANGSAR,PASAR BESAR KUALA KANGSAR,Runcit,26,Sayur-Sayuran,05,001,BAWANG MERAH ROSE,F.A.Q,Kilogram,7,7.25,
31041417,2026-10-08,2026-10-08 10:05:16.968381,PERAK,KUALA KANGSAR,PASAR BESAR KUALA KANGSAR,Runcit,26,Sayur-Sayuran,05,001,BAWANG PUTIH (CHINA),F.A.Q,Kilogram,9.5,9.5,
31041418,2026-10-08,2026-10-08 10:05:16.968381,PERAK,KUALA KANGSAR,PASAR BESAR KUALA KANGSAR,Runcit,26,Sayur-Sayuran,05,009,UBI KENTANG (IMPORT),F.A.Q,Kilogram,4,3.5,
31041419,2026-10-08,2026-10-08 10:06:21.359336,SELANGOR,PETALING,"KOMPLEKS PASAR BORONG SELANGOR, SERI KEMBANGAN",Runcit,26,Sayur-Sayuran,03,001,BAYAM,F.A.Q,Kilogram,5,6.02,
31041420,2026-10-08,2026-10-08 10:06:21.359336,SELANGOR,PETALING,"KOMPLEKS PASAR BORONG SELANGOR, SERI KEMBANGAN",Runcit,26,Sayur-Sayuran,02,002,CILI HIJAU,F.A.Q,Kilogram,12,13.18,
31041421,2026-10-08,2026-10-08 10:06:21.359336,SELANGOR,PETALING,"KOMPLEKS PASAR BORONG SELANGOR, SERI KEMBANGAN",Runcit,26,Sayur-Sayuran,02,002,CILI MERAH KULAI / KULAI HIBRID,F.A.Q,Kilogram,14,14,
31041422,2026-10-08,2026-10-08 10:06:21.359336,SELANGOR,PETALING,"KOMPLEKS PASAR BORONG SELANGOR, SERI KEMBANGAN",Runcit,26,Sayur-Sayuran,02,002,CILI MERAH MINYAK,F.A.Q,Kilogram,13,9.5,
31041423,2026-10-08,2026-10-08 10:06:21.359336,SELANGOR,PETALING,"KOMPLEKS PASAR BORONG SELANGOR, SERI KEMBANGAN",Runcit,26,Sayur-Sayuran,03,009,DAUN BAWANG,F.A.Q,Kilogram,12,12.95,
31041424,2026-10-08,2026-10-08 10:06:21.359336,SELANGOR,PETALING,"KOMPLEKS PASAR BORONG SELANGOR, SERI KEMBANGAN",Runcit,26,Sayur-Sayuran,03,015,DAUN SUP (TANAH TINGGI),F.A.Q,Kilogram,10,13.35,
31041425,2026-10-08,2026-10-08 10:06:21.359336,SELANGOR,PETALING,"KOMPLEKS PASAR BORONG SELANGOR, SERI KEMBANGAN",Runcit,26,Sayur-Sayuran,04,002,KACANG BENDI,F.A.Q,Kilogram,6,9.12,
31041426,2026-10-08,2026-10-08 10:06:21.359336,SELANGOR,PETALING,"KOMPLEKS PASAR BORONG SELANGOR, SERI KEMBANGAN",Runcit,26,Sayur-Sayuran,04,003,KACANG BUNCIS,F.A.Q,Kilogram,14,13.06,
31041427,2026-10-08,2026-10-08 10:06:21.359336,SELANGOR,PETALING,"KOMPLEKS PASAR BORONG SELANGOR, SERI KEMBANGAN",Runcit,26,Sayur-Sayuran,04,007,KACANG PANJANG HIJAU,F.A.Q,Kilogram,7,8.57,
31041428,2026-10-08,2026-10-08 10:06:21.359336,SELANGOR,PETALING,"KOMPLEKS PASAR BORONG SELANGOR, SERI KEMBANGAN",Runcit,26,Sayur-Sayuran,03,019,KANGKUNG,F.A.Q,Kilogram,4,5.03,
31041429,2026-10-08,2026-10-08 10:06:21.359336,SELANGOR,PETALING,"KOMPLEKS PASAR BORONG SELANGOR, SERI KEMBANGAN",Runcit,26,Sayur-Sayuran,03,006,KUBIS BULAT (CHINA),F.A.Q,Kilogram,2,2,
31041430,2026-10-08,2026-10-08 10:06:21.359336,SELANGOR,PETALING,"KOMPLEKS PASAR BORONG SELANGOR, SERI KEMBANGAN",Runcit,26,Sayur-Sayuran,03,006,KUBIS BULAT (TANAH TINGGI),F.A.Q,Kilogram,3.5,3.5,
31041431,2026-10-08,2026-10-08 10:06:21.359336,SELANGOR,PETALING,"KOMPLEKS PASAR BORONG SELANGOR, SERI KEMBANGAN",Runcit,26,Sayur-Sayuran,03,007,SAWI HIJAU,F.A.Q,Kilogram,6,5.99,
31041432,2026-10-08,2026-10-08 10:06:21.359336,SELANGOR,PETALING,"KOMPLEKS PASAR BORONG SELANGOR, SERI KEMBANGAN",Runcit,26,Sayur-Sayuran,03,007,SAWI HIJAU TANAH TINGGI,F.A.Q,Kilogram,5,3.5,
31041433,2026-10-08,2026-10-08 10:06:21.359336,SELANGOR,PETALING,"KOMPLEKS PASAR BORONG SELANGOR, SERI KEMBANGAN",Runcit,26,Sayur-Sayuran,02,010,TERUNG PANJANG / PEPARU (TANAH RENDAH),F.A.Q,Kilogram,7,6.2,
31041434,2026-10-08,2026-10-08 10:06:21.359336,SELANGOR,PETALING,"KOMPLEKS PASAR BORONG SELANGOR, SERI KEMBANGAN",Runcit,26,Sayur-Sayuran,02,011,TIMUN HIJAU,F.A.Q,Kilogram,4,2,
31041435,2026-10-08,2026-10-08 10:06:21.359336,SELANGOR,PETALING,"KOMPLEKS PASAR BORONG SELANGOR, SERI KEMBANGAN",Runcit,26,Sayur-Sayuran,02,012,TOMATO (TANAH TINGGI),F.A.Q,Kilogram,4.5,6.25,
31041436,2026-10-08,2026-10-08 10:06:26.811588,PERAK,KUALA KANGSAR,PASAR BESAR KUALA KANGSAR,Runcit,26,Buah-Buahan,02,005,BETIK SEKAKI,F.A.Q,Kilogram,4,4,
31041437,2026-10-08,2026-10-08 10:06:26.811588,PERAK,KUALA KANGSAR,PASAR BESAR KUALA KANGSAR,Runcit,26,Buah-Buahan,02,023,NANAS JOSAPINE (AC5),F.A.Q,Kilogram,5,4.52,
31041438,2026-10-08,2026-10-08 10:06:26.811588,PERAK,KUALA KANGSAR,PASAR BESAR KUALA KANGSAR,Runcit,26,Buah-Buahan,02,028,PISANG BERANGAN,F.A.Q,Kilogram,6,6,
31041439,2026-10-08,2026-10-08 10:06:26.811588,PERAK,KUALA KANGSAR,PASAR BESAR KUALA KANGSAR,Runcit,26,Buah-Buahan,02,034,TEMBIKAI MERAH TANPA BIJI,F.A.Q,Kilogram,2.7,3,
31041440,2026-10-08,2026-10-08 10:06:46.111998,PERAK,"LARUT, MATANG DAN SELAMA",PASAR AWAM KAMUNTING,Runcit,26,Sayur-Sayuran,05,001,BAWANG BESAR KUNING / HOLLAND,F.A.Q,Kilogram,5,5,
31041441,2026-10-08,2026-10-08 10:06:46.111998,PERAK,"LARUT, MATANG DAN SELAMA",PASAR AWAM KAMUNTING,Runcit,26,Sayur-Sayuran,05,001,BAWANG BESAR MERAH (INDIA),F.A.Q,Kilogram,4,3.85,
31041442,2026-10-08,2026-10-08 10:06:46.111998,PERAK,"LARUT, MATANG DAN SELAMA",PASAR AWAM KAMUNTING,Runcit,26,Sayur-Sayuran,05,001,BAWANG MERAH / KECIL (INDIA),F.A.Q,Kilogram,6,5.75,
31041443,2026-10-08,2026-10-08 10:06:46.111998,PERAK,"LARUT, MATANG DAN SELAMA",PASAR AWAM KAMUNTING,Runcit,26,Sayur-Sayuran,05,001,BAWANG MERAH / KECIL (THAI),F.A.Q,Kilogram,12,12,
31041444,2026-10-08,2026-10-08 10:06:46.111998,PERAK,"LARUT, MATANG DAN SELAMA",PASAR AWAM KAMUNTING,Runcit,26,Sayur-Sayuran,05,001,BAWANG MERAH ROSE,F.A.Q,Kilogram,7,6.25,
31041445,2026-10-08,2026-10-08 10:06:46.111998,PERAK,"LARUT, MATANG DAN SELAMA",PASAR AWAM KAMUNTING,Runcit,26,Sayur-Sayuran,05,001,BAWANG PUTIH (CHINA),F.A.Q,Kilogram,10,10.5,
31041446,2026-10-08,2026-10-08 10:06:46.111998,PERAK,"LARUT, MATANG DAN SELAMA",PASAR AWAM KAMUNTING,Runcit,26,Sayur-Sayuran,05,009,UBI KENTANG (IMPORT),F.A.Q,Kilogram,3.5,3.5,
31041447,2026-10-08,2026-10-08 10:07:27.212032,TERENGGANU,KUALA TERENGGANU,PASAR BORONG GONG PAUH,Borong,,Buah-Buahan,02,005,BETIK SEKAKI,F.A.Q,Kilogram,5.5,3.33,
31041448,2026-10-08,2026-10-08 10:07:27.266612,TERENGGANU,KUALA TERENGGANU,PASAR BORONG GONG PAUH,Borong,,Buah-Buahan,02,023,NANAS JOSAPINE (AC5),F.A.Q,Kilogram,3.5,3.5,
31041449,2026-10-08,2026-10-08 10:07:27.315302,TERENGGANU,KUALA TERENGGANU,PASAR BORONG GONG PAUH,Borong,,Buah-Buahan,02,028,PISANG BERANGAN,F.A.Q,Kilogram,5,3.93,
31041450,2026-10-08,2026-10-08 10:07:27.364577,TERENGGANU,KUALA TERENGGANU,PASAR BORONG GONG PAUH,Borong,,Buah-Buahan,02,028,PISANG MAS,F.A.Q,Kilogram,5,3.81,
31041451,2026-10-08,2026-10-08 10:07:27.416384,TERENGGANU,KUALA TERENGGANU,PASAR BORONG GONG PAUH,Borong,,Buah-Buahan,02,034,TEMBIKAI MERAH TANPA BIJI,F.A.Q,Kilogram,2.2,3.55,
31041452,2026-10-08,2026-10-08 10:07:27.460942,TERENGGANU,KUALA TERENGGANU,PASAR BORONG GONG PAUH,Borong,,Sayur-Sayuran,05,001,BAWANG BESAR KUNING / HOLLAND,F.A.Q,Kilogram,2.5,3.5,
31041453,2026-10-08,2026-10-08 10:07:27.516858,TERENGGANU,KUALA TERENGGANU,PASAR BORONG GONG PAUH,Borong,,Sayur-Sayuran,05,001,BAWANG BESAR MERAH (CHINA),F.A.Q,Kilogram,2.4,2,
31041454,2026-10-08,2026-10-08 10:07:27.569963,TERENGGANU,KUALA TERENGGANU,PASAR BORONG GONG PAUH,Borong,,Sayur-Sayuran,05,001,BAWANG BESAR MERAH (IMPORT),F.A.Q,Kilogram,2.5,2.96,
31041455,2026-10-08,2026-10-08 10:07:27.623489,TERENGGANU,KUALA TERENGGANU,PASAR BORONG GONG PAUH,Borong,,Sayur-Sayuran,05,001,BAWANG BESAR MERAH (INDIA),F.A.Q,Kilogram,2.2,2.73,
31041456,2026-10-08,2026-10-08 10:07:27.683208,TERENGGANU,KUALA TERENGGANU,PASAR BORONG GONG PAUH,Borong,,Sayur-Sayuran,05,001,BAWANG BESAR MERAH (PAKISTAN),F.A.Q,Kilogram,3,2,
31041457,2026-10-08,2026-10-08 10:07:27.736461,TERENGGANU,KUALA TERENGGANU,PASAR BORONG GONG PAUH,Borong,,Sayur-Sayuran,05,001,BAWANG MERAH / KECIL (IMPORT),F.A.Q,Kilogram,2.2,3.88,
31041458,2026-10-08,2026-10-08 10:07:27.798924,TERENGGANU,KUALA TERENGGANU,PASAR BORONG GONG PAUH,Borong,,Sayur-Sayuran,05,001,BAWANG MERAH / KECIL (INDIA),F.A.Q,Kilogram,2.5,4.61,
31041459,2026-10-08,2026-10-08 10:07:27.84718,TERENGGANU,KUALA TERENGGANU,PASAR BORONG GONG PAUH,Borong,,Sayur-Sayuran,05,001,BAWANG MERAH ROSE,F.A.Q,Kilogram,6,9.14,
31041460,2026-10-08,2026-10-08 10:07:27.894551,TERENGGANU,KUALA TERENGGANU,PASAR BORONG GONG PAUH,Borong,,Sayur-Sayuran,05,001,BAWANG PUTIH (CHINA),F.A.Q,Kilogram,6,5.98,
31041461,2026-10-08,2026-10-08 10:07:27.949223,TERENGGANU,KUALA TERENGGANU,PASAR BORONG GONG PAUH,Borong,,Sayur-Sayuran,05,009,UBI KENTANG HOLLAND,F.A.Q,Kilogram,2.5,2.62,
31041462,2026-10-08,2026-10-08 10:07:28.008342,TERENGGANU,KUALA TERENGGANU,PASAR BORONG GONG PAUH,Borong,,Ternakan,11,001,TELUR AYAM,A,Biji,0.49,0.45,
31041463,2026-10-08,2026-10-08 10:07:28.060075,TERENGGANU,KUALA TERENGGANU,PASAR BORONG GONG PAUH,Borong,,Ternakan,11,001,TELUR AYAM,B,Biji,0.48,0.43,
31041464,2026-10-08,2026-10-08 10:07:28.109909,TERENGGANU,KUALA TERENGGANU,PASAR BORONG GONG PAUH,Borong,,Ternakan,11,001,TELUR AYAM,C,Biji,0.45,0.41,
31041465,2026-10-08,2026-10-08 10:07:56.856935,PERAK,KUALA KANGSAR,,Ladang,,Sayur-Sayuran,02,002,CILI MERAH MINYAK,F.A.Q,Kilogram,7.4,8,
31041466,2026-10-08,2026-10-08 10:07:56.856935,PERAK,KUALA KANGSAR,,Ladang,,Sayur-Sayuran,04,002,KACANG BENDI,F.A.Q,Kilogram,3,3,
31041467,2026-10-08,2026-10-08 10:07:56.856935,PERAK,KUALA KANGSAR,,Ladang,,Sayur-Sayuran,02,011,TIMUN HIJAU,F.A.Q,Kilogram,1.2,1.2666667,
31041468,2026-10-08,2026-10-08 10:09:05.851968,SELANGOR,PETALING,"KOMPLEKS PASAR BORONG SELANGOR, SERI KEMBANGAN",Borong,20,Sayur-Sayuran,03,001,BAYAM,F.A.Q,Kilogram,3,4.11,
31041469,2026-10-08,2026-10-08 10:09:05.851968,SELANGOR,PETALING,"KOMPLEKS PASAR BORONG SELANGOR, SERI KEMBANGAN",Borong,20,Sayur-Sayuran,02,002,CILI HIJAU,F.A.Q,Kilogram,11,10.63,
31041470,2026-10-08,2026-10-08 10:09:05.851968,SELANGOR,PETALING,"KOMPLEKS PASAR BORONG SELANGOR, SERI KEMBANGAN",Borong,20,Sayur-Sayuran,02,002,CILI MERAH KULAI / KULAI HIBRID,F.A.Q,Kilogram,13,13.69,
31041471,2026-10-08,2026-10-08 10:09:05.851968,SELANGOR,PETALING,"KOMPLEKS PASAR BORONG SELANGOR, SERI KEMBANGAN",Borong,20,Sayur-Sayuran,02,002,CILI MERAH MINYAK,F.A.Q,Kilogram,12,11.76,
31041472,2026-10-08,2026-10-08 10:09:05.851968,SELANGOR,PETALING,"KOMPLEKS PASAR BORONG SELANGOR, SERI KEMBANGAN",Borong,20,Sayur-Sayuran,03,009,DAUN BAWANG,F.A.Q,Kilogram,11,9.7,
31041473,2026-10-08,2026-10-08 10:09:05.851968,SELANGOR,PETALING,"KOMPLEKS PASAR BORONG SELANGOR, SERI KEMBANGAN",Borong,20,Sayur-Sayuran,03,015,DAUN SUP (TANAH TINGGI),F.A.Q,Kilogram,9,10.25,
31041474,2026-10-08,2026-10-08 10:09:05.851968,SELANGOR,PETALING,"KOMPLEKS PASAR BORONG SELANGOR, SERI KEMBANGAN",Borong,20,Sayur-Sayuran,04,002,KACANG BENDI,F.A.Q,Kilogram,5,8.23,
31041475,2026-10-08,2026-10-08 10:09:05.851968,SELANGOR,PETALING,"KOMPLEKS PASAR BORONG SELANGOR, SERI KEMBANGAN",Borong,20,Sayur-Sayuran,04,003,KACANG BUNCIS,F.A.Q,Kilogram,12,10.25,
31041476,2026-10-08,2026-10-08 10:09:05.851968,SELANGOR,PETALING,"KOMPLEKS PASAR BORONG SELANGOR, SERI KEMBANGAN",Borong,20,Sayur-Sayuran,04,007,KACANG PANJANG HIJAU,F.A.Q,Kilogram,6,5.88,
31041477,2026-10-08,2026-10-08 10:09:05.851968,SELANGOR,PETALING,"KOMPLEKS PASAR BORONG SELANGOR, SERI KEMBANGAN",Borong,20,Sayur-Sayuran,03,019,KANGKUNG,F.A.Q,Kilogram,3,3.5,
31041478,2026-10-08,2026-10-08 10:09:05.851968,SELANGOR,PETALING,"KOMPLEKS PASAR BORONG SELANGOR, SERI KEMBANGAN",Borong,20,Sayur-Sayuran,03,006,KUBIS BULAT (CHINA),F.A.Q,Kilogram,1.5,2.09,
31041479,2026-10-08,2026-10-08 10:09:05.851968,SELANGOR,PETALING,"KOMPLEKS PASAR BORONG SELANGOR, SERI KEMBANGAN",Borong,20,Sayur-Sayuran,03,006,KUBIS BULAT (TANAH TINGGI),F.A.Q,Kilogram,2.5,3.18,
31041480,2026-10-08,2026-10-08 10:09:05.851968,SELANGOR,PETALING,"KOMPLEKS PASAR BORONG SELANGOR, SERI KEMBANGAN",Borong,20,Sayur-Sayuran,03,007,SAWI HIJAU,F.A.Q,Kilogram,5,4.43,
31041481,2026-10-08,2026-10-08 10:09:05.851968,SELANGOR,PETALING,"KOMPLEKS PASAR BORONG SELANGOR, SERI KEMBANGAN",Borong,20,Sayur-Sayuran,03,007,SAWI HIJAU TANAH TINGGI,F.A.Q,Kilogram,4,25,
31041482,2026-10-08,2026-10-08 10:09:05.851968,SELANGOR,PETALING,"KOMPLEKS PASAR BORONG SELANGOR, SERI KEMBANGAN",Borong,20,Sayur-Sayuran,02,010,TERUNG PANJANG / PEPARU (TANAH RENDAH),F.A.Q,Kilogram,6,7.33,
31041483,2026-10-08,2026-10-08 10:09:05.851968,SELANGOR,PETALING,"KOMPLEKS PASAR BORONG SELANGOR, SERI KEMBANGAN",Borong,20,Sayur-Sayuran,02,011,TIMUN HIJAU,F.A.Q,Kilogram,3,2.57,
31041484,2026-10-08,2026-10-08 10:09:05.851968,SELANGOR,PETALING,"KOMPLEKS PASAR BORONG SELANGOR, SERI KEMBANGAN",Borong,20,Sayur-Sayuran,02,012,TOMATO (TANAH TINGGI),F.A.Q,Kilogram,3.5,7,
31041485,2026-10-08,2026-10-08 10:09:06.948201,KEDAH,BALING,[PASAR AWAM] KUALA KETIL,Runcit,26,Sayur-Sayuran,03,001,BAYAM,F.A.Q,Kilogram,6,6,
31041486,2026-10-08,2026-10-08 10:09:06.948201,KEDAH,BALING,[PASAR AWAM] KUALA KETIL,Runcit,26,Sayur-Sayuran,02,002,CILI HIJAU,F.A.Q,Kilogram,14,14,
31041487,2026-10-08,2026-10-08 10:09:06.948201,KEDAH,BALING,[PASAR AWAM] KUALA KETIL,Runcit,26,Sayur-Sayuran,02,002,CILI MERAH KULAI / KULAI HIBRID,F.A.Q,Kilogram,19,17.333334,
31041488,2026-10-08,2026-10-08 10:09:06.948201,KEDAH,BALING,[PASAR AWAM] KUALA KETIL,Runcit,26,Sayur-Sayuran,04,002,KACANG BENDI,F.A.Q,Kilogram,9,9.166667,
31041489,2026-10-08,2026-10-08 10:09:06.948201,KEDAH,BALING,[PASAR AWAM] KUALA KETIL,Runcit,26,Sayur-Sayuran,04,003,KACANG BUNCIS,F.A.Q,Kilogram,13.5,14,
31041490,2026-10-08,2026-10-08 10:09:06.948201,KEDAH,BALING,[PASAR AWAM] KUALA KETIL,Runcit,26,Sayur-Sayuran,04,007,KACANG PANJANG HIJAU,F.A.Q,Kilogram,9,9,
31041491,2026-10-08,2026-10-08 10:09:06.948201,KEDAH,BALING,[PASAR AWAM] KUALA KETIL,Runcit,26,Sayur-Sayuran,03,019,KANGKUNG,F.A.Q,Kilogram,8,7.6666665,
31041492,2026-10-08,2026-10-08 10:09:06.948201,KEDAH,BALING,[PASAR AWAM] KUALA KETIL,Runcit,26,Sayur-Sayuran,03,006,KUBIS BULAT (TANAH TINGGI),F.A.Q,Kilogram,5.09,5,
31041493,2026-10-08,2026-10-08 10:09:06.948201,KEDAH,BALING,[PASAR AWAM] KUALA KETIL,Runcit,26,Sayur-Sayuran,03,007,SAWI HIJAU (IMPORT),F.A.Q,Kilogram,5.5,5.5,
31041494,2026-10-08,2026-10-08 10:09:06.948201,KEDAH,BALING,[PASAR AWAM] KUALA KETIL,Runcit,26,Sayur-Sayuran,02,010,TERUNG PANJANG / PEPARU (TANAH RENDAH),F.A.Q,Kilogram,8,8,
31041495,2026-10-08,2026-10-08 10:09:06.948201,KEDAH,BALING,[PASAR AWAM] KUALA KETIL,Runcit,26,Sayur-Sayuran,02,011,TIMUN HIJAU,F.A.Q,Kilogram,5,5,
31041496,2026-10-08,2026-10-08 10:09:06.948201,KEDAH,BALING,[PASAR AWAM] KUALA KETIL,Runcit,26,Sayur-Sayuran,02,012,TOMATO IMPORT,F.A.Q,Kilogram,7,7,
31041497,2026-10-08,2026-10-08 10:09:16.531494,KEDAH,BALING,[PASAR AWAM] KUALA KETIL,Runcit,26,Ternakan,03,002,AYAM PROSES SUPER,F.A.Q,Kilogram,10,10,
31041498,2026-10-08,2026-10-08 10:09:21.360443,PAHANG,KUANTAN,PASAR BORONG KEMUNTING,Borong,20,Sayur-Sayuran,03,009,DAUN BAWANG,F.A.Q,Kilogram,13,6.6,
31041499,2026-10-08,2026-10-08 10:09:21.360443,PAHANG,KUANTAN,PASAR BORONG KEMUNTING,Borong,20,Sayur-Sayuran,03,009,DAUN BAWANG,F.A.Q,Kilogram,12.5,6.6,
31041500,2026-10-08,2026-10-08 10:09:21.360443,PAHANG,KUANTAN,PASAR BORONG KEMUNTING,Borong,20,Sayur-Sayuran,03,009,DAUN BAWANG,F.A.Q,Kilogram,13,6.6,
31041501,2026-10-08,2026-10-08 10:09:21.360443,PAHANG,KUANTAN,PASAR BORONG KEMUNTING,Borong,20,Sayur-Sayuran,03,009,DAUN BAWANG,F.A.Q,Kilogram,12.5,6.6,
31041502,2026-10-08,2026-10-08 10:09:21.360443,PAHANG,KUANTAN,PASAR BORONG KEMUNTING,Borong,20,Sayur-Sayuran,03,009,DAUN BAWANG,F.A.Q,Kilogram,13,6.6,
31041503,2026-10-08,2026-10-08 10:09:21.360443,PAHANG,KUANTAN,PASAR BORONG KEMUNTING,Borong,20,Sayur-Sayuran,03,015,DAUN SUP (TANAH TINGGI),F.A.Q,Kilogram,6,5.883333,
31041504,2026-10-08,2026-10-08 10:09:21.360443,PAHANG,KUANTAN,PASAR BORONG KEMUNTING,Borong,20,Sayur-Sayuran,03,015,DAUN SUP (TANAH TINGGI),F.A.Q,Kilogram,5.5,5.883333,
31041505,2026-10-08,2026-10-08 10:09:21.360443,PAHANG,KUANTAN,PASAR BORONG KEMUNTING,Borong,20,Sayur-Sayuran,03,015,DAUN SUP (TANAH TINGGI),F.A.Q,Kilogram,6,5.883333,
31041506,2026-10-08,2026-10-08 10:09:21.360443,PAHANG,KUANTAN,PASAR BORONG KEMUNTING,Borong,20,Sayur-Sayuran,03,015,DAUN SUP (TANAH TINGGI),F.A.Q,Kilogram,5.5,5.883333,
31041507,2026-10-08,2026-10-08 10:09:21.360443,PAHANG,KUANTAN,PASAR BORONG KEMUNTING,Borong,20,Sayur-Sayuran,03,015,DAUN SUP (TANAH TINGGI),F.A.Q,Kilogram,5.5,5.883333,
31041508,2026-10-08,2026-10-08 10:09:21.360443,PAHANG,KUANTAN,PASAR BORONG KEMUNTING,Borong,20,Sayur-Sayuran,04,002,KACANG BENDI,F.A.Q,Kilogram,6,5.1690907,
31041509,2026-10-08,2026-10-08 10:09:21.360443,PAHANG,KUANTAN,PASAR BORONG KEMUNTING,Borong,20,Sayur-Sayuran,04,002,KACANG BENDI,F.A.Q,Kilogram,5.8,5.1690907,
31041510,2026-10-08,2026-10-08 10:09:21.360443,PAHANG,KUANTAN,PASAR BORONG KEMUNTING,Borong,20,Sayur-Sayuran,04,002,KACANG BENDI,F.A.Q,Kilogram,5.8,5.1690907,
31041511,2026-10-08,2026-10-08 10:09:21.360443,PAHANG,KUANTAN,PASAR BORONG KEMUNTING,Borong,20,Sayur-Sayuran,04,002,KACANG BENDI,F.A.Q,Kilogram,6,5.1690907,
31041512,2026-10-08,2026-10-08 10:09:21.360443,PAHANG,KUANTAN,PASAR BORONG KEMUNTING,Borong,20,Sayur-Sayuran,04,002,KACANG BENDI,F.A.Q,Kilogram,5.8,5.1690907,
31041513,2026-10-08,2026-10-08 10:09:21.360443,PAHANG,KUANTAN,PASAR BORONG KEMUNTING,Borong,20,Sayur-Sayuran,04,003,KACANG BUNCIS,F.A.Q,Kilogram,13,10.03,
31041514,2026-10-08,2026-10-08 10:09:21.360443,PAHANG,KUANTAN,PASAR BORONG KEMUNTING,Borong,20,Sayur-Sayuran,04,003,KACANG BUNCIS,F.A.Q,Kilogram,13,10.03,
31041515,2026-10-08,2026-10-08 10:09:21.360443,PAHANG,KUANTAN,PASAR BORONG KEMUNTING,Borong,20,Sayur-Sayuran,04,003,KACANG BUNCIS,F.A.Q,Kilogram,13,10.03,
31041516,2026-10-08,2026-10-08 10:09:21.360443,PAHANG,KUANTAN,PASAR BORONG KEMUNTING,Borong,20,Sayur-Sayuran,04,003,KACANG BUNCIS,F.A.Q,Kilogram,13.5,10.03,
31041517,2026-10-08,2026-10-08 10:09:21.360443,PAHANG,KUANTAN,PASAR BORONG KEMUNTING,Borong,20,Sayur-Sayuran,04,003,KACANG BUNCIS,F.A.Q,Kilogram,13.5,10.03,
31041518,2026-10-08,2026-10-08 10:09:21.360443,PAHANG,KUANTAN,PASAR BORONG KEMUNTING,Borong,20,Sayur-Sayuran,04,007,KACANG PANJANG HIJAU,F.A.Q,Kilogram,6.5,6.350909,
31041519,2026-10-08,2026-10-08 10:09:21.360443,PAHANG,KUANTAN,PASAR BORONG KEMUNTING,Borong,20,Sayur-Sayuran,04,007,KACANG PANJANG HIJAU,F.A.Q,Kilogram,6.5,6.350909,
31041520,2026-10-08,2026-10-08 10:09:21.360443,PAHANG,KUANTAN,PASAR BORONG KEMUNTING,Borong,20,Sayur-Sayuran,04,007,KACANG PANJANG HIJAU,F.A.Q,Kilogram,6.3,6.350909,
31041521,2026-10-08,2026-10-08 10:09:21.360443,PAHANG,KUANTAN,PASAR BORONG KEMUNTING,Borong,20,Sayur-Sayuran,04,007,KACANG PANJANG HIJAU,F.A.Q,Kilogram,6.5,6.350909,
31041522,2026-10-08,2026-10-08 10:09:21.360443,PAHANG,KUANTAN,PASAR BORONG KEMUNTING,Borong,20,Sayur-Sayuran,04,007,KACANG PANJANG HIJAU,F.A.Q,Kilogram,6.3,6.350909,
31041523,2026-10-08,2026-10-08 10:09:21.360443,PAHANG,KUANTAN,PASAR BORONG KEMUNTING,Borong,20,Sayur-Sayuran,03,019,KANGKUNG,F.A.Q,Kilogram,4.5,3.3933334,
31041524,2026-10-08,2026-10-08 10:09:21.360443,PAHANG,KUANTAN,PASAR BORONG KEMUNTING,Borong,20,Sayur-Sayuran,03,019,KANGKUNG,F.A.Q,Kilogram,4.3,3.3933334,
31041525,2026-10-08,2026-10-08 10:09:21.360443,PAHANG,KUANTAN,PASAR BORONG KEMUNTING,Borong,20,Sayur-Sayuran,03,019,KANGKUNG,F.A.Q,Kilogram,4.5,3.3933334,
31041526,2026-10-08,2026-10-08 10:09:21.360443,PAHANG,KUANTAN,PASAR BORONG KEMUNTING,Borong,20,Sayur-Sayuran,03,019,KANGKUNG,F.A.Q,Kilogram,4.3,3.3933334,
31041527,2026-10-08,2026-10-08 10:09:21.360443,PAHANG,KUANTAN,PASAR BORONG KEMUNTING,Borong,20,Sayur-Sayuran,03,019,KANGKUNG,F.A.Q,Kilogram,4.3,3.3933334,
31041528,2026-10-08,2026-10-08 10:09:38.336936,KEDAH,BALING,[PASAR AWAM] KUALA KETIL,Runcit,26,Sayur-Sayuran,05,001,BAWANG BESAR KUNING / HOLLAND,F.A.Q,Kilogram,5.5,5.5,
31041529,2026-10-08,2026-10-08 10:09:38.336936,KEDAH,BALING,[PASAR AWAM] KUALA KETIL,Runcit,26,Sayur-Sayuran,05,001,BAWANG BESAR MERAH (INDIA),F.A.Q,Kilogram,7,7,
31041530,2026-10-08,2026-10-08 10:09:38.336936,KEDAH,BALING,[PASAR AWAM] KUALA KETIL,Runcit,26,Sayur-Sayuran,05,001,BAWANG MERAH ROSE,F.A.Q,Kilogram,15,15,
31041531,2026-10-08,2026-10-08 10:09:38.336936,KEDAH,BALING,[PASAR AWAM] KUALA KETIL,Runcit,26,Sayur-Sayuran,05,001,BAWANG PUTIH (CHINA),F.A.Q,Kilogram,9.5,9.5,
31041532,2026-10-08,2026-10-08 10:09:38.336936,KEDAH,BALING,[PASAR AWAM] KUALA KETIL,Runcit,26,Sayur-Sayuran,05,009,UBI KENTANG (IMPORT),F.A.Q,Kilogram,4.5,4.5,
31041533,2026-10-08,2026-10-08 10:11:42.981779,KEDAH,KULIM,,Ladang,,Sayur-Sayuran,02,002,CILI MERAH KULAI / KULAI HIBRID,F.A.Q,Kilogram,9.5,8.3125,
31041534,2026-10-08,2026-10-08 10:11:42.981779,KEDAH,KULIM,,Ladang,,Sayur-Sayuran,04,002,KACANG BENDI,F.A.Q,Kilogram,3,3.3466666,
31041535,2026-10-08,2026-10-08 10:11:42.981779,KEDAH,KULIM,,Ladang,,Sayur-Sayuran,04,003,KACANG BUNCIS,F.A.Q,Kilogram,6,4.9166665,
31041536,2026-10-08,2026-10-08 10:11:42.981779,KEDAH,KULIM,,Ladang,,Sayur-Sayuran,04,007,KACANG PANJANG HIJAU,F.A.Q,Kilogram,3.5,3.1111112,
31041537,2026-10-08,2026-10-08 10:11:42.981779,KEDAH,KULIM,,Ladang,,Sayur-Sayuran,03,019,KANGKUNG,F.A.Q,Kilogram,1.5,1.7666667,
31041538,2026-10-08,2026-10-08 10:11:42.981779,KEDAH,KULIM,,Ladang,,Sayur-Sayuran,03,007,SAWI HIJAU,F.A.Q,Kilogram,3,2,
31041539,2026-10-08,2026-10-08 10:11:42.981779,KEDAH,KULIM,,Ladang,,Sayur-Sayuran,02,010,TERUNG PANJANG / PEPARU (TANAH RENDAH),F.A.Q,Kilogram,4.5,4.5,
31041540,2026-10-08,2026-10-08 10:11:42.981779,KEDAH,KULIM,,Ladang,,Sayur-Sayuran,02,011,TIMUN HIJAU,F.A.Q,Kilogram,1.8,1.7666667,
31041541,2026-10-08,2026-10-08 10:12:06.386301,PAHANG,KUANTAN,PASAR BORONG KEMUNTING,Borong,20,Sayur-Sayuran,03,006,KUBIS BULAT (CHINA),F.A.Q,Kilogram,2.5,2.61,
31041542,2026-10-08,2026-10-08 10:12:06.386301,PAHANG,KUANTAN,PASAR BORONG KEMUNTING,Borong,20,Sayur-Sayuran,03,006,KUBIS BULAT (CHINA),F.A.Q,Kilogram,2.6,2.61,
31041543,2026-10-08,2026-10-08 10:12:06.386301,PAHANG,KUANTAN,PASAR BORONG KEMUNTING,Borong,20,Sayur-Sayuran,03,006,KUBIS BULAT (CHINA),F.A.Q,Kilogram,2.6,2.61,
31041544,2026-10-08,2026-10-08 10:12:06.386301,PAHANG,KUANTAN,PASAR BORONG KEMUNTING,Borong,20,Sayur-Sayuran,03,006,KUBIS BULAT (CHINA),F.A.Q,Kilogram,2.5,2.61,
31041545,2026-10-08,2026-10-08 10:12:06.386301,PAHANG,KUANTAN,PASAR BORONG KEMUNTING,Borong,20,Sayur-Sayuran,03,006,KUBIS BULAT (CHINA),F.A.Q,Kilogram,2.6,2.61,
31041546,2026-10-08,2026-10-08 10:12:06.386301,PAHANG,KUANTAN,PASAR BORONG KEMUNTING,Borong,20,Sayur-Sayuran,03,006,KUBIS BULAT (TANAH TINGGI),F.A.Q,Kilogram,4,3.9727273,
31041547,2026-10-08,2026-10-08 10:12:06.386301,PAHANG,KUANTAN,PASAR BORONG KEMUNTING,Borong,20,Sayur-Sayuran,03,007,SAWI HIJAU,F.A.Q,Kilogram,4.5,4.265455,
31041548,2026-10-08,2026-10-08 10:12:06.554044,PAHANG,KUANTAN,PASAR BORONG KEMUNTING,Borong,20,Sayur-Sayuran,03,007,SAWI HIJAU,F.A.Q,Kilogram,4.5,4.265455,
31041549,2026-10-08,2026-10-08 10:12:06.554044,PAHANG,KUANTAN,PASAR BORONG KEMUNTING,Borong,20,Sayur-Sayuran,03,007,SAWI HIJAU,F.A.Q,Kilogram,4.5,4.265455,
31041550,2026-10-08,2026-10-08 10:12:06.554044,PAHANG,KUANTAN,PASAR BORONG KEMUNTING,Borong,20,Sayur-Sayuran,03,007,SAWI HIJAU,F.A.Q,Kilogram,4.5,4.265455,
31041551,2026-10-08,2026-10-08 10:12:06.554044,PAHANG,KUANTAN,PASAR BORONG KEMUNTING,Borong,20,Sayur-Sayuran,03,007,SAWI HIJAU,F.A.Q,Kilogram,4.5,4.265455,
31041552,2026-10-08,2026-10-08 10:12:06.554044,PAHANG,KUANTAN,PASAR BORONG KEMUNTING,Borong,20,Sayur-Sayuran,02,010,TERUNG PANJANG / PEPARU (TANAH RENDAH),F.A.Q,Kilogram,7.5,8.109091,
31041553,2026-10-08,2026-10-08 10:12:06.554044,PAHANG,KUANTAN,PASAR BORONG KEMUNTING,Borong,20,Sayur-Sayuran,02,010,TERUNG PANJANG / PEPARU (TANAH RENDAH),F.A.Q,Kilogram,7.8,8.109091,
31041554,2026-10-08,2026-10-08 10:12:06.554044,PAHANG,KUANTAN,PASAR BORONG KEMUNTING,Borong,20,Sayur-Sayuran,02,010,TERUNG PANJANG / PEPARU (TANAH RENDAH),F.A.Q,Kilogram,7.5,8.109091,
31041555,2026-10-08,2026-10-08 10:12:06.554044,PAHANG,KUANTAN,PASAR BORONG KEMUNTING,Borong,20,Sayur-Sayuran,02,010,TERUNG PANJANG / PEPARU (TANAH RENDAH),F.A.Q,Kilogram,7.7,8.109091,
31041556,2026-10-08,2026-10-08 10:12:06.554044,PAHANG,KUANTAN,PASAR BORONG KEMUNTING,Borong,20,Sayur-Sayuran,02,010,TERUNG PANJANG / PEPARU (TANAH RENDAH),F.A.Q,Kilogram,7.8,8.109091,
31041557,2026-10-08,2026-10-08 10:12:06.554044,PAHANG,KUANTAN,PASAR BORONG KEMUNTING,Borong,20,Sayur-Sayuran,02,011,TIMUN HIJAU,F.A.Q,Kilogram,3.3,2.629091,
31041558,2026-10-08,2026-10-08 10:12:06.554044,PAHANG,KUANTAN,PASAR BORONG KEMUNTING,Borong,20,Sayur-Sayuran,02,011,TIMUN HIJAU,F.A.Q,Kilogram,3,2.629091,
31041559,2026-10-08,2026-10-08 10:12:06.554044,PAHANG,KUANTAN,PASAR BORONG KEMUNTING,Borong,20,Sayur-Sayuran,02,011,TIMUN HIJAU,F.A.Q,Kilogram,3.2,2.629091,
31041560,2026-10-08,2026-10-08 10:12:06.554044,PAHANG,KUANTAN,PASAR BORONG KEMUNTING,Borong,20,Sayur-Sayuran,02,011,TIMUN HIJAU,F.A.Q,Kilogram,3.2,2.629091,
31041561,2026-10-08,2026-10-08 10:12:06.554044,PAHANG,KUANTAN,PASAR BORONG KEMUNTING,Borong,20,Sayur-Sayuran,02,011,TIMUN HIJAU,F.A.Q,Kilogram,3.3,2.629091,
31041562,2026-10-08,2026-10-08 10:12:06.554044,PAHANG,KUANTAN,PASAR BORONG KEMUNTING,Borong,20,Sayur-Sayuran,02,012,TOMATO (TANAH TINGGI),F.A.Q,Kilogram,6,6.2272725,
31041563,2026-10-08,2026-10-08 10:12:06.554044,PAHANG,KUANTAN,PASAR BORONG KEMUNTING,Borong,20,Sayur-Sayuran,02,012,TOMATO (TANAH TINGGI),F.A.Q,Kilogram,6,6.2272725,
31041564,2026-10-08,2026-10-08 10:12:06.554044,PAHANG,KUANTAN,PASAR BORONG KEMUNTING,Borong,20,Sayur-Sayuran,02,012,TOMATO (TANAH TINGGI),F.A.Q,Kilogram,6,6.2272725,
31041565,2026-10-08,2026-10-08 10:12:06.554044,PAHANG,KUANTAN,PASAR BORONG KEMUNTING,Borong,20,Sayur-Sayuran,02,012,TOMATO (TANAH TINGGI),F.A.Q,Kilogram,5.8,6.2272725,
31041566,2026-10-08,2026-10-08 10:12:06.554044,PAHANG,KUANTAN,PASAR BORONG KEMUNTING,Borong,20,Sayur-Sayuran,02,012,TOMATO (TANAH TINGGI),F.A.Q,Kilogram,5.8,6.2272725,
31041567,2026-10-08,2026-10-08 10:12:09.45843,PERAK,"LARUT, MATANG DAN SELAMA",PASAR AWAM KAMUNTING,Runcit,26,Sayur-Sayuran,03,001,BAYAM,F.A.Q,Kilogram,6,6,
31041568,2026-10-08,2026-10-08 10:12:09.45843,PERAK,"LARUT, MATANG DAN SELAMA",PASAR AWAM KAMUNTING,Runcit,26,Sayur-Sayuran,02,002,CILI HIJAU,F.A.Q,Kilogram,16,15,
31041569,2026-10-08,2026-10-08 10:12:09.45843,PERAK,"LARUT, MATANG DAN SELAMA",PASAR AWAM KAMUNTING,Runcit,26,Sayur-Sayuran,02,002,CILI MERAH KULAI / KULAI HIBRID,F.A.Q,Kilogram,20,20,
31041570,2026-10-08,2026-10-08 10:12:09.45843,PERAK,"LARUT, MATANG DAN SELAMA",PASAR AWAM KAMUNTING,Runcit,26,Sayur-Sayuran,02,002,CILI MERAH MINYAK,F.A.Q,Kilogram,18,17.5,
31041571,2026-10-08,2026-10-08 10:12:09.45843,PERAK,"LARUT, MATANG DAN SELAMA",PASAR AWAM KAMUNTING,Runcit,26,Sayur-Sayuran,03,009,DAUN BAWANG,F.A.Q,Kilogram,13,12,
31041572,2026-10-08,2026-10-08 10:12:09.45843,PERAK,"LARUT, MATANG DAN SELAMA",PASAR AWAM KAMUNTING,Runcit,26,Sayur-Sayuran,03,015,DAUN SUP (TANAH TINGGI),F.A.Q,Kilogram,13,12,
31041573,2026-10-08,2026-10-08 10:12:09.45843,PERAK,"LARUT, MATANG DAN SELAMA",PASAR AWAM KAMUNTING,Runcit,26,Sayur-Sayuran,04,002,KACANG BENDI,F.A.Q,Kilogram,10,10,
31041574,2026-10-08,2026-10-08 10:12:09.45843,PERAK,"LARUT, MATANG DAN SELAMA",PASAR AWAM KAMUNTING,Runcit,26,Sayur-Sayuran,04,003,KACANG BUNCIS,F.A.Q,Kilogram,16,14,
31041575,2026-10-08,2026-10-08 10:12:09.45843,PERAK,"LARUT, MATANG DAN SELAMA",PASAR AWAM KAMUNTING,Runcit,26,Sayur-Sayuran,04,007,KACANG PANJANG HIJAU,F.A.Q,Kilogram,10,10,
31041576,2026-10-08,2026-10-08 10:12:09.45843,PERAK,"LARUT, MATANG DAN SELAMA",PASAR AWAM KAMUNTING,Runcit,26,Sayur-Sayuran,03,019,KANGKUNG,F.A.Q,Kilogram,6,6,
31041577,2026-10-08,2026-10-08 10:12:09.45843,PERAK,"LARUT, MATANG DAN SELAMA",PASAR AWAM KAMUNTING,Runcit,26,Sayur-Sayuran,03,006,KUBIS BULAT (TANAH TINGGI),F.A.Q,Kilogram,7,6.5,
31041578,2026-10-08,2026-10-08 10:12:09.45843,PERAK,"LARUT, MATANG DAN SELAMA",PASAR AWAM KAMUNTING,Runcit,26,Sayur-Sayuran,03,007,SAWI HIJAU TANAH TINGGI,F.A.Q,Kilogram,7,6.5,
31041579,2026-10-08,2026-10-08 10:12:09.45843,PERAK,"LARUT, MATANG DAN SELAMA",PASAR AWAM KAMUNTING,Runcit,26,Sayur-Sayuran,02,010,TERUNG PANJANG / PEPARU (TANAH RENDAH),F.A.Q,Kilogram,10,10.666667,
31041580,2026-10-08,2026-10-08 10:12:09.45843,PERAK,"LARUT, MATANG DAN SELAMA",PASAR AWAM KAMUNTING,Runcit,26,Sayur-Sayuran,02,011,TIMUN HIJAU,F.A.Q,Kilogram,4,4.25,
31041581,2026-10-08,2026-10-08 10:12:09.45843,PERAK,"LARUT, MATANG DAN SELAMA",PASAR AWAM KAMUNTING,Runcit,26,Sayur-Sayuran,02,012,TOMATO (TANAH TINGGI),F.A.Q,Kilogram,10,9,
31041582,2026-10-08,2026-10-08 10:12:22.691531,KEDAH,BANDAR BAHARU,[LOKASI KUTIPAN HARGA LADANG] SERDANG,Ladang,,Sayur-Sayuran,02,002,CILI MERAH KULAI / KULAI HIBRID,F.A.Q,Kilogram,10,9.51,
31041583,2026-10-08,2026-10-08 10:13:06.543386,TERENGGANU,KUALA TERENGGANU,PASAR BORONG GONG PAUH,Borong,,Sayur-Sayuran,03,001,BAYAM,F.A.Q,Kilogram,7,4.11,
31041584,2026-10-08,2026-10-08 10:13:06.598199,TERENGGANU,KUALA TERENGGANU,PASAR BORONG GONG PAUH,Borong,,Sayur-Sayuran,02,002,CILI HIJAU,F.A.Q,Kilogram,10,10.63,
31041585,2026-10-08,2026-10-08 10:13:06.648906,TERENGGANU,KUALA TERENGGANU,PASAR BORONG GONG PAUH,Borong,,Sayur-Sayuran,02,002,CILI MERAH (THAILAND),F.A.Q,Kilogram,10,8.73,
31041586,2026-10-08,2026-10-08 10:13:06.706339,TERENGGANU,KUALA TERENGGANU,PASAR BORONG GONG PAUH,Borong,,Sayur-Sayuran,02,002,CILI MERAH (VIETNAM),F.A.Q,Kilogram,12,6.98,
31041587,2026-10-08,2026-10-08 10:13:06.749164,TERENGGANU,KUALA TERENGGANU,PASAR BORONG GONG PAUH,Borong,,Sayur-Sayuran,02,002,CILI MERAH KULAI / KULAI HIBRID,F.A.Q,Kilogram,13,13.69,
31041588,2026-10-08,2026-10-08 10:13:06.811694,TERENGGANU,KUALA TERENGGANU,PASAR BORONG GONG PAUH,Borong,,Sayur-Sayuran,02,002,CILI MERAH MINYAK,F.A.Q,Kilogram,10,11.76,
31041589,2026-10-08,2026-10-08 10:13:06.859398,TERENGGANU,KUALA TERENGGANU,PASAR BORONG GONG PAUH,Borong,,Sayur-Sayuran,03,009,DAUN BAWANG,F.A.Q,Kilogram,7,9.7,
31041590,2026-10-08,2026-10-08 10:13:06.899529,TERENGGANU,KUALA TERENGGANU,PASAR BORONG GONG PAUH,Borong,,Sayur-Sayuran,03,015,DAUN SUP (TANAH TINGGI),F.A.Q,Kilogram,6,10.25,
31041591,2026-10-08,2026-10-08 10:13:07.118784,TERENGGANU,KUALA TERENGGANU,PASAR BORONG GONG PAUH,Borong,,Sayur-Sayuran,04,002,KACANG BENDI,F.A.Q,Kilogram,7,8.23,
31041592,2026-10-08,2026-10-08 10:13:07.168452,TERENGGANU,KUALA TERENGGANU,PASAR BORONG GONG PAUH,Borong,,Sayur-Sayuran,04,003,KACANG BUNCIS,F.A.Q,Kilogram,11,10.25,
31041593,2026-10-08,2026-10-08 10:13:07.221286,TERENGGANU,KUALA TERENGGANU,PASAR BORONG GONG PAUH,Borong,,Sayur-Sayuran,04,007,KACANG PANJANG HIJAU,F.A.Q,Kilogram,6,5.88,
31041594,2026-10-08,2026-10-08 10:13:07.27118,TERENGGANU,KUALA TERENGGANU,PASAR BORONG GONG PAUH,Borong,,Sayur-Sayuran,03,019,KANGKUNG,F.A.Q,Kilogram,6,3.5,
31041595,2026-10-08,2026-10-08 10:13:07.324282,TERENGGANU,KUALA TERENGGANU,PASAR BORONG GONG PAUH,Borong,,Sayur-Sayuran,03,006,KUBIS BULAT (CHINA),F.A.Q,Kilogram,2.5,2.09,
31041596,2026-10-08,2026-10-08 10:13:07.37533,TERENGGANU,KUALA TERENGGANU,PASAR BORONG GONG PAUH,Borong,,Sayur-Sayuran,03,006,KUBIS BULAT (TANAH TINGGI),F.A.Q,Kilogram,3,3.18,
31041597,2026-10-08,2026-10-08 10:13:07.425021,TERENGGANU,KUALA TERENGGANU,PASAR BORONG GONG PAUH,Borong,,Sayur-Sayuran,03,007,SAWI HIJAU,F.A.Q,Kilogram,5,4.43,
31041598,2026-10-08,2026-10-08 10:13:07.469666,TERENGGANU,KUALA TERENGGANU,PASAR BORONG GONG PAUH,Borong,,Sayur-Sayuran,03,007,SAWI HIJAU TANAH TINGGI,F.A.Q,Kilogram,6,25,
31041599,2026-10-08,2026-10-08 10:13:07.51952,TERENGGANU,KUALA TERENGGANU,PASAR BORONG GONG PAUH,Borong,,Sayur-Sayuran,02,010,TERUNG PANJANG / PEPARU (TANAH RENDAH),F.A.Q,Kilogram,6,7.33,
31041600,2026-10-08,2026-10-08 10:13:07.721796,TERENGGANU,KUALA TERENGGANU,PASAR BORONG GONG PAUH,Borong,,Sayur-Sayuran,02,011,TIMUN HIJAU,F.A.Q,Kilogram,3,2.57,
31041601,2026-10-08,2026-10-08 10:13:07.78943,TERENGGANU,KUALA TERENGGANU,PASAR BORONG GONG PAUH,Borong,,Sayur-Sayuran,02,012,TOMATO (TANAH TINGGI),F.A.Q,Kilogram,6,7,
31041602,2026-10-08,2026-10-08 10:13:10.931291,KEDAH,BANDAR BAHARU,[LOKASI KUTIPAN HARGA LADANG] SERDANG,Ladang,,Sayur-Sayuran,04,007,KACANG PANJANG HIJAU,F.A.Q,Kilogram,4,4.06,
31041603,2026-10-08,2026-10-08 10:13:10.931291,KEDAH,BANDAR BAHARU,[LOKASI KUTIPAN HARGA LADANG] SERDANG,Ladang,,Sayur-Sayuran,02,011,TIMUN HIJAU,F.A.Q,Kilogram,1.8,1.86,
31041604,2026-10-08,2026-10-08 10:13:20.760039,PAHANG,KUANTAN,LADANG/KEBUN KAMPUNG SUNGAI SOI,Ladang,,Sayur-Sayuran,04,002,KACANG BENDI,F.A.Q,Kilogram,3.8,3.2659092,
31041605,2026-10-08,2026-10-08 10:13:20.760039,PAHANG,KUANTAN,LADANG/KEBUN KAMPUNG SUNGAI SOI,Ladang,,Sayur-Sayuran,04,007,KACANG PANJANG HIJAU,F.A.Q,Kilogram,4.5,4.2454543,
31041606,2026-10-08,2026-10-08 10:13:20.760039,PAHANG,KUANTAN,LADANG/KEBUN KAMPUNG SUNGAI SOI,Ladang,,Sayur-Sayuran,02,010,TERUNG PANJANG / PEPARU (TANAH RENDAH),F.A.Q,Kilogram,5.3,6.0454545,
31041607,2026-10-08,2026-10-08 10:13:20.760039,PAHANG,KUANTAN,LADANG/KEBUN KAMPUNG SUNGAI SOI,Ladang,,Sayur-Sayuran,02,011,TIMUN HIJAU,F.A.Q,Kilogram,1.7,1.4963636,
31041608,2026-10-08,2026-10-08 10:13:28.026881,TERENGGANU,KUALA TERENGGANU,PASAR BORONG GONG PAUH,Borong,,Ternakan,02,003,DAGING LEMBU PEJAL,F.A.Q,Kilogram,25,40,
31041609,2026-10-08,2026-10-08 10:13:35.939517,KEDAH,BANDAR BAHARU,[LOKASI KUTIPAN HARGA LADANG] SERDANG,Ladang,,Sayur-Sayuran,02,011,TIMUN HIJAU,F.A.Q,Kilogram,1.8,1.86,
31041610,2026-10-08,2026-10-08 10:14:24.880699,TERENGGANU,KUALA TERENGGANU,PASAR BORONG GONG PAUH,Borong,,Ternakan,02,003,DAGING LEMBU PEJAL,F.A.Q,Kilogram,26,40,
31041611,2026-10-08,2026-10-08 10:14:35.932281,KEDAH,KULIM,,Ladang,,Sayur-Sayuran,04,002,KACANG BENDI,F.A.Q,Kilogram,3,3.3466666,
31041612,2026-10-08,2026-10-08 10:14:35.932281,KEDAH,KULIM,,Ladang,,Sayur-Sayuran,04,003,KACANG BUNCIS,F.A.Q,Kilogram,7,4.9166665,
31041613,2026-10-08,2026-10-08 10:14:35.932281,KEDAH,KULIM,,Ladang,,Sayur-Sayuran,04,007,KACANG PANJANG HIJAU,F.A.Q,Kilogram,3,3.1111112,
31041614,2026-10-08,2026-10-08 10:14:35.932281,KEDAH,KULIM,,Ladang,,Sayur-Sayuran,02,011,TIMUN HIJAU,F.A.Q,Kilogram,1.8,1.7666667,
31041615,2026-10-08,2026-10-08 10:14:46.827455,PAHANG,KUANTAN,LADANG/KEBUN KAMPUNG SUNGAI SOI,Ladang,,Sayur-Sayuran,03,001,BAYAM,F.A.Q,Kilogram,2.5,2.0659091,
31041616,2026-10-08,2026-10-08 10:14:46.827455,PAHANG,KUANTAN,LADANG/KEBUN KAMPUNG SUNGAI SOI,Ladang,,Sayur-Sayuran,02,002,CILI HIJAU,F.A.Q,Kilogram,10,8.904166,
31041617,2026-10-08,2026-10-08 10:14:46.827455,PAHANG,KUANTAN,LADANG/KEBUN KAMPUNG SUNGAI SOI,Ladang,,Sayur-Sayuran,02,002,CILI MERAH MINYAK,F.A.Q,Kilogram,10.5,8.963636,
31041618,2026-10-08,2026-10-08 10:14:46.827455,PAHANG,KUANTAN,LADANG/KEBUN KAMPUNG SUNGAI SOI,Ladang,,Sayur-Sayuran,04,007,KACANG PANJANG HIJAU,F.A.Q,Kilogram,4.5,4.2454543,
31041619,2026-10-08,2026-10-08 10:14:46.827455,PAHANG,KUANTAN,LADANG/KEBUN KAMPUNG SUNGAI SOI,Ladang,,Sayur-Sayuran,03,019,KANGKUNG,F.A.Q,Kilogram,2.5,1.9611111,
31041620,2026-10-08,2026-10-08 10:14:46.827455,PAHANG,KUANTAN,LADANG/KEBUN KAMPUNG SUNGAI SOI,Ladang,,Sayur-Sayuran,03,007,SAWI HIJAU,F.A.Q,Kilogram,2.8,2.6045454,
31041621,2026-10-08,2026-10-08 10:14:46.827455,PAHANG,KUANTAN,LADANG/KEBUN KAMPUNG SUNGAI SOI,Ladang,,Sayur-Sayuran,02,010,TERUNG PANJANG / PEPARU (TANAH RENDAH),F.A.Q,Kilogram,5.6,6.0454545,
31041622,2026-10-08,2026-10-08 10:14:46.827455,PAHANG,KUANTAN,LADANG/KEBUN KAMPUNG SUNGAI SOI,Ladang,,Sayur-Sayuran,02,011,TIMUN HIJAU,F.A.Q,Kilogram,1.7,1.4963636,
31041623,2026-10-08,2026-10-08 10:15:15.66533,TERENGGANU,KUALA TERENGGANU,PASAR BORONG GONG PAUH,Borong,,Ternakan,03,002,AYAM TUA / PENELUR PROSES,F.A.Q,Kilogram,10,5,
31041624,2026-10-08,2026-10-08 10:15:15.723669,TERENGGANU,KUALA TERENGGANU,PASAR BORONG GONG PAUH,Borong,,Ternakan,02,003,DAGING LEMBU CINCANG,F.A.Q,Kilogram,13,20.91,
31041625,2026-10-08,2026-10-08 10:15:23.121328,KEDAH,KULIM,,Ladang,,Sayur-Sayuran,04,002,KACANG BENDI,F.A.Q,Kilogram,3,3.3466666,
31041626,2026-10-08,2026-10-08 10:15:23.121328,KEDAH,KULIM,,Ladang,,Sayur-Sayuran,04,007,KACANG PANJANG HIJAU,F.A.Q,Kilogram,3.5,3.1111112,
31041627,2026-10-08,2026-10-08 10:15:23.121328,KEDAH,KULIM,,Ladang,,Sayur-Sayuran,02,010,TERUNG PANJANG / PEPARU (TANAH RENDAH),F.A.Q,Kilogram,4.5,4.5,
31041628,2026-10-08,2026-10-08 10:15:23.121328,KEDAH,KULIM,,Ladang,,Sayur-Sayuran,02,011,TIMUN HIJAU,F.A.Q,Kilogram,1.8,1.7666667,
31041629,2026-10-08,2026-10-08 10:15:40.934496,TERENGGANU,KUALA TERENGGANU,PASAR BORONG GONG PAUH,Borong,,Buah-Buahan,02,005,BETIK SEKAKI,F.A.Q,Kilogram,5,3.33,
31041630,2026-10-08,2026-10-08 10:15:40.98588,TERENGGANU,KUALA TERENGGANU,PASAR BORONG GONG PAUH,Borong,,Buah-Buahan,02,023,NANAS JOSAPINE (AC5),F.A.Q,Kilogram,3.5,3.5,
31041631,2026-10-08,2026-10-08 10:15:41.038423,TERENGGANU,KUALA TERENGGANU,PASAR BORONG GONG PAUH,Borong,,Buah-Buahan,02,028,PISANG BERANGAN,F.A.Q,Kilogram,5,3.93,
31041632,2026-10-08,2026-10-08 10:15:41.090831,TERENGGANU,KUALA TERENGGANU,PASAR BORONG GONG PAUH,Borong,,Buah-Buahan,02,028,PISANG MAS,F.A.Q,Kilogram,5,3.81,
31041633,2026-10-08,2026-10-08 10:15:41.14037,TERENGGANU,KUALA TERENGGANU,PASAR BORONG GONG PAUH,Borong,,Buah-Buahan,02,034,TEMBIKAI MERAH TANPA BIJI,F.A.Q,Kilogram,2,3.55,
31041634,2026-10-08,2026-10-08 10:15:51.684566,PAHANG,KUANTAN,LADANG/KEBUN JABOR,Ladang,,Sayur-Sayuran,03,001,BAYAM,F.A.Q,Kilogram,2.5,2.0659091,
31041635,2026-10-08,2026-10-08 10:15:51.684566,PAHANG,KUANTAN,LADANG/KEBUN JABOR,Ladang,,Sayur-Sayuran,02,002,CILI HIJAU,F.A.Q,Kilogram,10,8.904166,
31041636,2026-10-08,2026-10-08 10:15:51.684566,PAHANG,KUANTAN,LADANG/KEBUN JABOR,Ladang,,Sayur-Sayuran,02,002,CILI MERAH KULAI / KULAI HIBRID,F.A.Q,Kilogram,11,10.863636,
31041637,2026-10-08,2026-10-08 10:15:51.684566,PAHANG,KUANTAN,LADANG/KEBUN JABOR,Ladang,,Sayur-Sayuran,02,002,CILI MERAH MINYAK,F.A.Q,Kilogram,10.5,8.963636,
31041638,2026-10-08,2026-10-08 10:15:51.684566,PAHANG,KUANTAN,LADANG/KEBUN JABOR,Ladang,,Sayur-Sayuran,04,002,KACANG BENDI,F.A.Q,Kilogram,3.8,3.2659092,
31041639,2026-10-08,2026-10-08 10:15:51.684566,PAHANG,KUANTAN,LADANG/KEBUN JABOR,Ladang,,Sayur-Sayuran,04,007,KACANG PANJANG HIJAU,F.A.Q,Kilogram,4.6,4.2454543,
31041640,2026-10-08,2026-10-08 10:15:51.684566,PAHANG,KUANTAN,LADANG/KEBUN JABOR,Ladang,,Sayur-Sayuran,03,019,KANGKUNG,F.A.Q,Kilogram,2.4,1.9611111,
31041641,2026-10-08,2026-10-08 10:15:51.684566,PAHANG,KUANTAN,LADANG/KEBUN JABOR,Ladang,,Sayur-Sayuran,03,007,SAWI HIJAU,F.A.Q,Kilogram,2.6,2.6045454,
31041642,2026-10-08,2026-10-08 10:15:51.684566,PAHANG,KUANTAN,LADANG/KEBUN JABOR,Ladang,,Sayur-Sayuran,02,010,TERUNG PANJANG / PEPARU (TANAH RENDAH),F.A.Q,Kilogram,5.5,6.0454545,
31041643,2026-10-08,2026-10-08 10:15:51.684566,PAHANG,KUANTAN,LADANG/KEBUN JABOR,Ladang,,Sayur-Sayuran,02,011,TIMUN HIJAU,F.A.Q,Kilogram,1.65,1.4963636,
31041644,2026-10-08,2026-10-08 10:16:02.318682,KEDAH,KULIM,,Ladang,,Sayur-Sayuran,02,002,CILI MERAH KULAI / KULAI HIBRID,F.A.Q,Kilogram,10,8.3125,
31041645,2026-10-08,2026-10-08 10:16:02.318682,KEDAH,KULIM,,Ladang,,Sayur-Sayuran,02,011,TIMUN HIJAU,F.A.Q,Kilogram,1.8,1.7666667,
31041646,2026-10-08,2026-10-08 10:16:30.297522,KEDAH,KULIM,,Ladang,,Sayur-Sayuran,04,002,KACANG BENDI,F.A.Q,Kilogram,3,3.3466666,
31041647,2026-10-08,2026-10-08 10:16:30.297522,KEDAH,KULIM,,Ladang,,Sayur-Sayuran,02,010,TERUNG PANJANG / PEPARU (TANAH RENDAH),F.A.Q,Kilogram,4.5,4.5,
31041648,2026-10-08,2026-10-08 10:16:55.268339,SARAWAK,KUCHING,MEDAN NIAGA SATOK,Runcit,26,Ternakan,03,002,AYAM KAMPUNG (PROSES),F.A.Q,Kilogram,30,30,
31041649,2026-10-08,2026-10-08 10:16:55.268339,SARAWAK,KUCHING,MEDAN NIAGA SATOK,Runcit,26,Ternakan,03,002,AYAM TUA / PENELUR PROSES,F.A.Q,Kilogram,12,12,
31041650,2026-10-08,2026-10-08 10:16:55.268339,SARAWAK,KUCHING,MEDAN NIAGA SATOK,Runcit,26,Ternakan,02,002,BURUNG PUYUH (PROSES),F.A.Q,Kilogram,27,27,
31041651,2026-10-08,2026-10-08 10:16:55.268339,SARAWAK,KUCHING,MEDAN NIAGA SATOK,Runcit,26,Ternakan,02,003,DAGING BATANG PINANG - TENDERLION,F.A.Q,Kilogram,90,90,
31041652,2026-10-08,2026-10-08 10:16:55.268339,SARAWAK,KUCHING,MEDAN NIAGA SATOK,Runcit,26,Ternakan,02,003,DAGING LEMBU CINCANG,F.A.Q,Kilogram,40,40,
31041653,2026-10-08,2026-10-08 10:16:55.268339,SARAWAK,KUCHING,MEDAN NIAGA SATOK,Runcit,26,Ternakan,02,003,DAGING PEJAL (INDIA),F.A.Q,Kilogram,26,26,
31041654,2026-10-08,2026-10-08 10:16:55.268339,SARAWAK,KUCHING,MEDAN NIAGA SATOK,Runcit,26,Ternakan,05,003,HATI LEMBU,F.A.Q,Kilogram,45,45,
31041655,2026-10-08,2026-10-08 10:16:55.268339,SARAWAK,KUCHING,MEDAN NIAGA SATOK,Runcit,26,Ternakan,11,003,TELUR PUYUH,F.A.Q,Biji,0.33,0.33,
31041656,2026-10-08,2026-10-08 10:16:56.022932,TERENGGANU,KUALA TERENGGANU,PASAR BORONG GONG PAUH,Borong,,Lain-Lain Makanan Proses,25,002,TELUR ITIK MASIN,F.A.Q,Biji,1,1.21,
31041657,2026-10-08,2026-10-08 10:17:42.309228,TERENGGANU,KUALA TERENGGANU,PASAR BORONG GONG PAUH,Borong,,Ternakan,03,002,AYAM TUA / PENELUR PROSES,F.A.Q,Kilogram,10,5,
31041676,2026-10-08,2026-10-08 10:18:14.968341,PAHANG,KUANTAN,LADANG/KEBUN GAMBANG,Ladang,,Sayur-Sayuran,03,001,BAYAM,F.A.Q,Kilogram,2.5,2.0659091,
31041677,2026-10-08,2026-10-08 10:18:14.968341,PAHANG,KUANTAN,LADANG/KEBUN GAMBANG,Ladang,,Sayur-Sayuran,02,002,CILI HIJAU,F.A.Q,Kilogram,9.9,8.904166,
31041678,2026-10-08,2026-10-08 10:18:14.968341,PAHANG,KUANTAN,LADANG/KEBUN GAMBANG,Ladang,,Sayur-Sayuran,02,002,CILI MERAH MINYAK,F.A.Q,Kilogram,10.5,8.963636,
31041679,2026-10-08,2026-10-08 10:18:14.968341,PAHANG,KUANTAN,LADANG/KEBUN GAMBANG,Ladang,,Sayur-Sayuran,04,002,KACANG BENDI,F.A.Q,Kilogram,3.7,3.2659092,
31041680,2026-10-08,2026-10-08 10:18:14.968341,PAHANG,KUANTAN,LADANG/KEBUN GAMBANG,Ladang,,Sayur-Sayuran,04,007,KACANG PANJANG HIJAU,F.A.Q,Kilogram,4.4,4.2454543,
31041681,2026-10-08,2026-10-08 10:18:14.968341,PAHANG,KUANTAN,LADANG/KEBUN GAMBANG,Ladang,,Sayur-Sayuran,03,019,KANGKUNG,F.A.Q,Kilogram,2.4,1.9611111,
31041682,2026-10-08,2026-10-08 10:18:14.968341,PAHANG,KUANTAN,LADANG/KEBUN GAMBANG,Ladang,,Sayur-Sayuran,03,007,SAWI HIJAU,F.A.Q,Kilogram,2.7,2.6045454,
31041683,2026-10-08,2026-10-08 10:18:14.968341,PAHANG,KUANTAN,LADANG/KEBUN GAMBANG,Ladang,,Sayur-Sayuran,02,010,TERUNG PANJANG / PEPARU (TANAH RENDAH),F.A.Q,Kilogram,5.6,6.0454545,
31041684,2026-10-08,2026-10-08 10:18:14.968341,PAHANG,KUANTAN,LADANG/KEBUN GAMBANG,Ladang,,Sayur-Sayuran,02,011,TIMUN HIJAU,F.A.Q,Kilogram,1.6,1.4963636,
31041685,2026-10-08,2026-10-08 10:19:13.527329,W.P. KUALA LUMPUR,KUALA LUMPUR,PASAR AWAM CHOW KIT,Runcit,26,Ternakan,01,003,AYAM HIDUP,F.A.Q,Kilogram,9,9,
31041686,2026-10-08,2026-10-08 10:19:13.527329,W.P. KUALA LUMPUR,KUALA LUMPUR,PASAR AWAM CHOW KIT,Runcit,26,Ternakan,03,002,AYAM PROSES STANDARD,F.A.Q,Kilogram,10,10.138889,
31041687,2026-10-08,2026-10-08 10:19:13.527329,W.P. KUALA LUMPUR,KUALA LUMPUR,PASAR AWAM CHOW KIT,Runcit,26,Ternakan,03,002,AYAM PROSES STANDARD,F.A.Q,Kilogram,10,10.138889,
31041688,2026-10-08,2026-10-08 10:19:13.527329,W.P. KUALA LUMPUR,KUALA LUMPUR,PASAR AWAM CHOW KIT,Runcit,26,Ternakan,03,002,AYAM PROSES STANDARD,F.A.Q,Kilogram,10.5,10.138889,
31041689,2026-10-08,2026-10-08 10:19:13.527329,W.P. KUALA LUMPUR,KUALA LUMPUR,PASAR AWAM CHOW KIT,Runcit,26,Buah-Buahan,02,005,BETIK SEKAKI,F.A.Q,Kilogram,7,7.3333335,
31041690,2026-10-08,2026-10-08 10:19:13.527329,W.P. KUALA LUMPUR,KUALA LUMPUR,PASAR AWAM CHOW KIT,Runcit,26,Buah-Buahan,02,005,BETIK SEKAKI,F.A.Q,Kilogram,6,7.3333335,
31041691,2026-10-08,2026-10-08 10:19:13.527329,W.P. KUALA LUMPUR,KUALA LUMPUR,PASAR AWAM CHOW KIT,Runcit,26,Ternakan,02,003,DAGING LEMBU PEJAL,F.A.Q,Kilogram,42,40.533333,
31041692,2026-10-08,2026-10-08 10:19:13.527329,W.P. KUALA LUMPUR,KUALA LUMPUR,PASAR AWAM CHOW KIT,Runcit,26,Ternakan,02,003,DAGING LEMBU PEJAL,F.A.Q,Kilogram,39,40.533333,
31041693,2026-10-08,2026-10-08 10:19:13.527329,W.P. KUALA LUMPUR,KUALA LUMPUR,PASAR AWAM CHOW KIT,Runcit,26,Tanaman Kontan,05,001,KELAPA DIKUPAS,SEDANG,Biji,3.5,3.5,
31041694,2026-10-08,2026-10-08 10:19:13.527329,W.P. KUALA LUMPUR,KUALA LUMPUR,PASAR AWAM CHOW KIT,Runcit,26,Buah-Buahan,02,023,NANAS JOSAPINE (AC5),F.A.Q,Kilogram,4,4.1923075,
31041695,2026-10-08,2026-10-08 10:19:13.527329,W.P. KUALA LUMPUR,KUALA LUMPUR,PASAR AWAM CHOW KIT,Runcit,26,Buah-Buahan,02,023,NANAS JOSAPINE (AC5),F.A.Q,Kilogram,4.5,4.1923075,
31041696,2026-10-08,2026-10-08 10:19:13.527329,W.P. KUALA LUMPUR,KUALA LUMPUR,PASAR AWAM CHOW KIT,Runcit,26,Buah-Buahan,02,028,PISANG BERANGAN,F.A.Q,Kilogram,6,6.4615383,
31041697,2026-10-08,2026-10-08 10:19:13.527329,W.P. KUALA LUMPUR,KUALA LUMPUR,PASAR AWAM CHOW KIT,Runcit,26,Buah-Buahan,02,028,PISANG BERANGAN,F.A.Q,Kilogram,7,6.4615383,
31041698,2026-10-08,2026-10-08 10:19:13.527329,W.P. KUALA LUMPUR,KUALA LUMPUR,PASAR AWAM CHOW KIT,Runcit,26,Buah-Buahan,02,028,PISANG MAS,F.A.Q,Kilogram,6,6.5384617,
31041699,2026-10-08,2026-10-08 10:19:13.527329,W.P. KUALA LUMPUR,KUALA LUMPUR,PASAR AWAM CHOW KIT,Runcit,26,Buah-Buahan,02,028,PISANG MAS,F.A.Q,Kilogram,7,6.5384617,
31041700,2026-10-08,2026-10-08 10:19:13.527329,W.P. KUALA LUMPUR,KUALA LUMPUR,PASAR AWAM CHOW KIT,Runcit,26,Lain-Lain Makanan Proses,15,001,SANTAN PEKAT,F.A.Q,Kilogram,18,18,
31041701,2026-10-08,2026-10-08 10:19:13.527329,W.P. KUALA LUMPUR,KUALA LUMPUR,PASAR AWAM CHOW KIT,Runcit,26,Ternakan,11,001,TELUR AYAM,A,Biji,0.5,0.50285715,
31041702,2026-10-08,2026-10-08 10:19:13.527329,W.P. KUALA LUMPUR,KUALA LUMPUR,PASAR AWAM CHOW KIT,Runcit,26,Ternakan,11,001,TELUR AYAM,B,Biji,0.49,0.49,
31041703,2026-10-08,2026-10-08 10:19:13.527329,W.P. KUALA LUMPUR,KUALA LUMPUR,PASAR AWAM CHOW KIT,Runcit,26,Ternakan,11,001,TELUR AYAM,C,Biji,0.46,0.47714287,
31041704,2026-10-08,2026-10-08 10:19:13.527329,W.P. KUALA LUMPUR,KUALA LUMPUR,PASAR AWAM CHOW KIT,Runcit,26,Buah-Buahan,02,034,TEMBIKAI MERAH TANPA BIJI,F.A.Q,Kilogram,4,4,
31041705,2026-10-08,2026-10-08 10:19:13.527329,W.P. KUALA LUMPUR,KUALA LUMPUR,PASAR AWAM CHOW KIT,Runcit,26,Buah-Buahan,02,034,TEMBIKAI MERAH TANPA BIJI,F.A.Q,Kilogram,4,4,
31041706,2026-10-08,2026-10-08 10:19:14.785437,PAHANG,KUANTAN,[PROJEK] TKPM PULAU MANIS,Ladang,,Sayur-Sayuran,03,001,BAYAM,F.A.Q,Kilogram,2.5,2.0659091,
31041707,2026-10-08,2026-10-08 10:19:14.785437,PAHANG,KUANTAN,[PROJEK] TKPM PULAU MANIS,Ladang,,Sayur-Sayuran,02,002,CILI HIJAU,F.A.Q,Kilogram,10,8.904166,
31041708,2026-10-08,2026-10-08 10:19:14.785437,PAHANG,KUANTAN,[PROJEK] TKPM PULAU MANIS,Ladang,,Sayur-Sayuran,02,002,CILI MERAH MINYAK,F.A.Q,Kilogram,10.3,8.963636,
31041709,2026-10-08,2026-10-08 10:19:14.785437,PAHANG,KUANTAN,[PROJEK] TKPM PULAU MANIS,Ladang,,Sayur-Sayuran,04,002,KACANG BENDI,F.A.Q,Kilogram,3.7,3.2659092,
31041710,2026-10-08,2026-10-08 10:19:14.785437,PAHANG,KUANTAN,[PROJEK] TKPM PULAU MANIS,Ladang,,Sayur-Sayuran,04,007,KACANG PANJANG HIJAU,F.A.Q,Kilogram,4.5,4.2454543,
31041711,2026-10-08,2026-10-08 10:19:14.785437,PAHANG,KUANTAN,[PROJEK] TKPM PULAU MANIS,Ladang,,Sayur-Sayuran,03,007,SAWI HIJAU,F.A.Q,Kilogram,2.6,2.6045454,
31041712,2026-10-08,2026-10-08 10:19:14.785437,PAHANG,KUANTAN,[PROJEK] TKPM PULAU MANIS,Ladang,,Sayur-Sayuran,02,010,TERUNG PANJANG / PEPARU (TANAH RENDAH),F.A.Q,Kilogram,5.5,6.0454545,
31041713,2026-10-08,2026-10-08 10:19:14.785437,PAHANG,KUANTAN,[PROJEK] TKPM PULAU MANIS,Ladang,,Sayur-Sayuran,02,011,TIMUN HIJAU,F.A.Q,Kilogram,1.7,1.4963636,
31041714,2026-10-08,2026-10-08 10:20:13.418074,PERAK,MANJUNG (DINDING),PASAR AWAM SITIAWAN,Runcit,26,Ternakan,11,001,TELUR AYAM,A,Biji,0.53,0.53,
31041715,2026-10-08,2026-10-08 10:20:13.418074,PERAK,MANJUNG (DINDING),PASAR AWAM SITIAWAN,Runcit,26,Ternakan,11,001,TELUR AYAM,B,Biji,0.52,0.52,
31041716,2026-10-08,2026-10-08 10:20:13.418074,PERAK,MANJUNG (DINDING),PASAR AWAM SITIAWAN,Runcit,26,Ternakan,11,001,TELUR AYAM,C,Biji,0.49,0.4975,
31041726,2026-10-08,2026-10-08 10:21:22.373131,PERAK,HILIR PERAK,PASAR AWAM LANGKAP,Runcit,26,Ternakan,03,002,AYAM PROSES STANDARD,F.A.Q,Kilogram,10.5,10.25,
31041727,2026-10-08,2026-10-08 10:21:31.321293,W.P. KUALA LUMPUR,BATU,PASAR HARIAN SELAYANG,Runcit,26,Ternakan,03,002,AYAM PROSES STANDARD,F.A.Q,Kilogram,10,9.9125,
31041728,2026-10-08,2026-10-08 10:21:31.321293,W.P. KUALA LUMPUR,BATU,PASAR HARIAN SELAYANG,Runcit,26,Ternakan,03,002,AYAM PROSES STANDARD,F.A.Q,Kilogram,9.8,9.9125,
31041729,2026-10-08,2026-10-08 10:21:31.321293,W.P. KUALA LUMPUR,BATU,PASAR HARIAN SELAYANG,Runcit,26,Buah-Buahan,02,005,BETIK SEKAKI,F.A.Q,Kilogram,7,6.8,
31041730,2026-10-08,2026-10-08 10:21:31.321293,W.P. KUALA LUMPUR,BATU,PASAR HARIAN SELAYANG,Runcit,26,Tanaman Kontan,05,001,KELAPA DIKUPAS,SEDANG,Biji,3.5,3.5,
31041731,2026-10-08,2026-10-08 10:21:31.321293,W.P. KUALA LUMPUR,BATU,PASAR HARIAN SELAYANG,Runcit,26,Buah-Buahan,02,023,NANAS JOSAPINE (AC5),F.A.Q,Kilogram,4,3.9375,
31041732,2026-10-08,2026-10-08 10:21:31.321293,W.P. KUALA LUMPUR,BATU,PASAR HARIAN SELAYANG,Runcit,26,Buah-Buahan,02,028,PISANG BERANGAN,F.A.Q,Kilogram,6.5,6.5,
31041733,2026-10-08,2026-10-08 10:21:31.321293,W.P. KUALA LUMPUR,BATU,PASAR HARIAN SELAYANG,Runcit,26,Buah-Buahan,02,028,PISANG MAS,F.A.Q,Kilogram,6.5,6.5,
31041734,2026-10-08,2026-10-08 10:21:31.321293,W.P. KUALA LUMPUR,BATU,PASAR HARIAN SELAYANG,Runcit,26,Lain-Lain Makanan Proses,15,001,SANTAN PEKAT,F.A.Q,Kilogram,14,14,
31041735,2026-10-08,2026-10-08 10:21:31.321293,W.P. KUALA LUMPUR,BATU,PASAR HARIAN SELAYANG,Runcit,26,Ternakan,11,001,TELUR AYAM,A,Biji,0.52,0.518,
31041736,2026-10-08,2026-10-08 10:21:31.321293,W.P. KUALA LUMPUR,BATU,PASAR HARIAN SELAYANG,Runcit,26,Ternakan,11,001,TELUR AYAM,B,Biji,0.5,0.5,
31041737,2026-10-08,2026-10-08 10:21:31.321293,W.P. KUALA LUMPUR,BATU,PASAR HARIAN SELAYANG,Runcit,26,Ternakan,11,001,TELUR AYAM,C,Biji,0.46,0.472,
31041738,2026-10-08,2026-10-08 10:21:31.321293,W.P. KUALA LUMPUR,BATU,PASAR HARIAN SELAYANG,Runcit,26,Buah-Buahan,02,034,TEMBIKAI MERAH TANPA BIJI,F.A.Q,Kilogram,3.5,3.4375,
31041739,2026-10-08,2026-10-08 10:21:33.666648,PERLIS,PERLIS,[PASAR AWAM] ARAU,Runcit,26,Ternakan,03,002,AYAM PROSES STANDARD,F.A.Q,Kilogram,10.8,10.5679245,
31041740,2026-10-08,2026-10-08 10:21:33.666648,PERLIS,PERLIS,[PASAR AWAM] ARAU,Runcit,26,Ternakan,03,002,AYAM PROSES STANDARD,F.A.Q,Kilogram,10.8,10.5679245,
31041741,2026-10-08,2026-10-08 10:21:33.666648,PERLIS,PERLIS,[PASAR AWAM] ARAU,Runcit,26,Ternakan,03,002,AYAM PROSES STANDARD,F.A.Q,Kilogram,10.8,10.5679245,
31041742,2026-10-08,2026-10-08 10:22:45.385299,KELANTAN,TANAH MERAH,[LOKASI KUTIPAN HARGA LADANG] TKPM BATANG MERBAU,Ladang,,Sayur-Sayuran,02,002,CILI MERAH KULAI / KULAI HIBRID,F.A.Q,Kilogram,8,8.5,
31041743,2026-10-08,2026-10-08 10:22:45.385299,KELANTAN,TANAH MERAH,[LOKASI KUTIPAN HARGA LADANG] TKPM BATANG MERBAU,Ladang,,Sayur-Sayuran,02,011,TIMUN HIJAU,F.A.Q,Kilogram,1.2,1.4,
31041744,2026-10-08,2026-10-08 10:22:55.616471,PERAK,MANJUNG (DINDING),PASAR AWAM SITIAWAN,Runcit,26,Sayur-Sayuran,05,001,BAWANG BESAR KUNING / HOLLAND,F.A.Q,Kilogram,3,3,
31041745,2026-10-08,2026-10-08 10:22:55.616471,PERAK,MANJUNG (DINDING),PASAR AWAM SITIAWAN,Runcit,26,Sayur-Sayuran,05,001,BAWANG BESAR MERAH (INDIA),F.A.Q,Kilogram,3,3,
31041746,2026-10-08,2026-10-08 10:22:55.616471,PERAK,MANJUNG (DINDING),PASAR AWAM SITIAWAN,Runcit,26,Sayur-Sayuran,05,001,BAWANG MERAH ROSE,F.A.Q,Kilogram,6,5.25,
31041747,2026-10-08,2026-10-08 10:22:55.616471,PERAK,MANJUNG (DINDING),PASAR AWAM SITIAWAN,Runcit,26,Sayur-Sayuran,05,001,BAWANG PUTIH (CHINA),F.A.Q,Kilogram,10,9.75,
31041748,2026-10-08,2026-10-08 10:22:55.616471,PERAK,MANJUNG (DINDING),PASAR AWAM SITIAWAN,Runcit,26,Sayur-Sayuran,03,001,BAYAM,F.A.Q,Kilogram,4.5,4.5,
31041749,2026-10-08,2026-10-08 10:22:55.616471,PERAK,MANJUNG (DINDING),PASAR AWAM SITIAWAN,Runcit,26,Sayur-Sayuran,02,002,CILI HIJAU,F.A.Q,Kilogram,14,13.9,
31041750,2026-10-08,2026-10-08 10:22:55.616471,PERAK,MANJUNG (DINDING),PASAR AWAM SITIAWAN,Runcit,26,Sayur-Sayuran,02,002,CILI MERAH KULAI / KULAI HIBRID,F.A.Q,Kilogram,18,16.975,
31041751,2026-10-08,2026-10-08 10:22:55.616471,PERAK,MANJUNG (DINDING),PASAR AWAM SITIAWAN,Runcit,26,Sayur-Sayuran,03,009,DAUN BAWANG,F.A.Q,Kilogram,10,7.7,
31041752,2026-10-08,2026-10-08 10:22:55.616471,PERAK,MANJUNG (DINDING),PASAR AWAM SITIAWAN,Runcit,26,Sayur-Sayuran,03,015,DAUN SUP (TANAH TINGGI),F.A.Q,Kilogram,8,6.975,
31041753,2026-10-08,2026-10-08 10:22:55.616471,PERAK,MANJUNG (DINDING),PASAR AWAM SITIAWAN,Runcit,26,Sayur-Sayuran,04,002,KACANG BENDI,F.A.Q,Kilogram,8,7.425,
31041754,2026-10-08,2026-10-08 10:22:55.616471,PERAK,MANJUNG (DINDING),PASAR AWAM SITIAWAN,Runcit,26,Sayur-Sayuran,04,003,KACANG BUNCIS,F.A.Q,Kilogram,12,12,
31041755,2026-10-08,2026-10-08 10:22:55.616471,PERAK,MANJUNG (DINDING),PASAR AWAM SITIAWAN,Runcit,26,Sayur-Sayuran,04,007,KACANG PANJANG HIJAU,F.A.Q,Kilogram,10,7.75,
31041756,2026-10-08,2026-10-08 10:22:55.616471,PERAK,MANJUNG (DINDING),PASAR AWAM SITIAWAN,Runcit,26,Sayur-Sayuran,03,019,KANGKUNG,F.A.Q,Kilogram,4.5,4.5,
31041757,2026-10-08,2026-10-08 10:22:55.616471,PERAK,MANJUNG (DINDING),PASAR AWAM SITIAWAN,Runcit,26,Sayur-Sayuran,03,006,KUBIS BULAT (CHINA),F.A.Q,Kilogram,4,3.875,
31041758,2026-10-08,2026-10-08 10:22:55.616471,PERAK,MANJUNG (DINDING),PASAR AWAM SITIAWAN,Runcit,26,Sayur-Sayuran,03,007,SAWI HIJAU TANAH TINGGI,F.A.Q,Kilogram,10,10,
31041759,2026-10-08,2026-10-08 10:22:55.616471,PERAK,MANJUNG (DINDING),PASAR AWAM SITIAWAN,Runcit,26,Sayur-Sayuran,02,010,TERUNG PANJANG / PEPARU (TANAH RENDAH),F.A.Q,Kilogram,10,9.333333,
31041760,2026-10-08,2026-10-08 10:22:55.616471,PERAK,MANJUNG (DINDING),PASAR AWAM SITIAWAN,Runcit,26,Sayur-Sayuran,02,011,TIMUN HIJAU,F.A.Q,Kilogram,5,4.175,
31041761,2026-10-08,2026-10-08 10:22:55.616471,PERAK,MANJUNG (DINDING),PASAR AWAM SITIAWAN,Runcit,26,Sayur-Sayuran,02,012,TOMATO (TANAH TINGGI),F.A.Q,Kilogram,10,8.425,
31041762,2026-10-08,2026-10-08 10:22:55.616471,PERAK,MANJUNG (DINDING),PASAR AWAM SITIAWAN,Runcit,26,Sayur-Sayuran,05,009,UBI KENTANG (IMPORT),F.A.Q,Kilogram,3,3,
31041763,2026-10-08,2026-10-08 10:22:58.319548,KELANTAN,TANAH MERAH,[LOKASI KUTIPAN HARGA LADANG] TKPM BATANG MERBAU,Ladang,,Buah-Buahan,02,028,PISANG BERANGAN,F.A.Q,Kilogram,2.5,2.5,
31041764,2026-10-08,2026-10-08 10:23:21.221026,KELANTAN,TANAH MERAH,PASAR BESAR TANAH MERAH,Runcit,26,Ternakan,03,002,AYAM PROSES STANDARD,F.A.Q,Kilogram,9.9,9.9,
31041765,2026-10-08,2026-10-08 10:23:44.549065,PERAK,MANJUNG (DINDING),PASAR AWAM SITIAWAN,Runcit,26,Buah-Buahan,02,005,BETIK SEKAKI,F.A.Q,Kilogram,5.9,5.6,
31041766,2026-10-08,2026-10-08 10:23:44.549065,PERAK,MANJUNG (DINDING),PASAR AWAM SITIAWAN,Runcit,26,Buah-Buahan,02,023,NANAS JOSAPINE (AC5),F.A.Q,Kilogram,3.5,3.93,
31041767,2026-10-08,2026-10-08 10:23:44.549065,PERAK,MANJUNG (DINDING),PASAR AWAM SITIAWAN,Runcit,26,Buah-Buahan,02,028,PISANG BERANGAN,F.A.Q,Kilogram,5.5,5.766667,
31041768,2026-10-08,2026-10-08 10:24:22.520057,PERAK,MANJUNG (DINDING),PASAR AWAM SITIAWAN,Runcit,26,Ternakan,03,002,AYAM PROSES STANDARD,F.A.Q,Kilogram,10.8,10.8,
31041769,2026-10-08,2026-10-08 10:24:55.816769,W.P. KUALA LUMPUR,KUALA LUMPUR,PASAR AWAM CHOW KIT,Runcit,26,Sayur-Sayuran,05,001,BAWANG BESAR KUNING / HOLLAND,F.A.Q,Kilogram,5,4.6363635,
31041770,2026-10-08,2026-10-08 10:24:55.816769,W.P. KUALA LUMPUR,KUALA LUMPUR,PASAR AWAM CHOW KIT,Runcit,26,Sayur-Sayuran,05,001,BAWANG BESAR KUNING / HOLLAND,F.A.Q,Kilogram,4,4.6363635,
31041771,2026-10-08,2026-10-08 10:24:55.816769,W.P. KUALA LUMPUR,KUALA LUMPUR,PASAR AWAM CHOW KIT,Runcit,26,Sayur-Sayuran,05,001,BAWANG BESAR MERAH (INDIA),F.A.Q,Kilogram,5,4.3333335,
31041772,2026-10-08,2026-10-08 10:24:55.816769,W.P. KUALA LUMPUR,KUALA LUMPUR,PASAR AWAM CHOW KIT,Runcit,26,Sayur-Sayuran,05,001,BAWANG BESAR MERAH (INDIA),F.A.Q,Kilogram,4,4.3333335,
31041773,2026-10-08,2026-10-08 10:24:55.816769,W.P. KUALA LUMPUR,KUALA LUMPUR,PASAR AWAM CHOW KIT,Runcit,26,Sayur-Sayuran,05,001,BAWANG MERAH / KECIL (INDIA),F.A.Q,Kilogram,6,5.4166665,
31041774,2026-10-08,2026-10-08 10:24:55.816769,W.P. KUALA LUMPUR,KUALA LUMPUR,PASAR AWAM CHOW KIT,Runcit,26,Sayur-Sayuran,05,001,BAWANG MERAH / KECIL (INDIA),F.A.Q,Kilogram,5,5.4166665,
31041775,2026-10-08,2026-10-08 10:24:55.816769,W.P. KUALA LUMPUR,KUALA LUMPUR,PASAR AWAM CHOW KIT,Runcit,26,Sayur-Sayuran,05,001,BAWANG MERAH / KECIL (THAI),F.A.Q,Kilogram,14,11.666667,
31041776,2026-10-08,2026-10-08 10:24:55.816769,W.P. KUALA LUMPUR,KUALA LUMPUR,PASAR AWAM CHOW KIT,Runcit,26,Sayur-Sayuran,05,001,BAWANG MERAH / KECIL (THAI),F.A.Q,Kilogram,10,11.666667,
31041777,2026-10-08,2026-10-08 10:24:55.816769,W.P. KUALA LUMPUR,KUALA LUMPUR,PASAR AWAM CHOW KIT,Runcit,26,Sayur-Sayuran,05,001,BAWANG MERAH ROSE,F.A.Q,Kilogram,6,5.857143,
31041778,2026-10-08,2026-10-08 10:24:55.816769,W.P. KUALA LUMPUR,KUALA LUMPUR,PASAR AWAM CHOW KIT,Runcit,26,Sayur-Sayuran,05,001,BAWANG PUTIH (CHINA),F.A.Q,Kilogram,11,10,
31041779,2026-10-08,2026-10-08 10:24:55.816769,W.P. KUALA LUMPUR,KUALA LUMPUR,PASAR AWAM CHOW KIT,Runcit,26,Sayur-Sayuran,05,001,BAWANG PUTIH (CHINA),F.A.Q,Kilogram,10,10,
31041780,2026-10-08,2026-10-08 10:24:55.816769,W.P. KUALA LUMPUR,KUALA LUMPUR,PASAR AWAM CHOW KIT,Runcit,26,Sayur-Sayuran,05,009,UBI KENTANG HOLLAND,F.A.Q,Kilogram,4,4,
31041781,2026-10-08,2026-10-08 10:25:46.187338,PERAK,MANJUNG (DINDING),[LOKASI KUTIPAN HARGA LADANG] LEKIR,Ladang,,Sayur-Sayuran,02,002,CILI HIJAU,F.A.Q,Kilogram,7.5,7,
31041782,2026-10-08,2026-10-08 10:25:46.187338,PERAK,MANJUNG (DINDING),[LOKASI KUTIPAN HARGA LADANG] LEKIR,Ladang,,Sayur-Sayuran,02,002,CILI MERAH KULAI / KULAI HIBRID,F.A.Q,Kilogram,11,11,
31041783,2026-10-08,2026-10-08 10:25:46.187338,PERAK,MANJUNG (DINDING),[LOKASI KUTIPAN HARGA LADANG] LEKIR,Ladang,,Sayur-Sayuran,04,002,KACANG BENDI,F.A.Q,Kilogram,3,2.625,
31041784,2026-10-08,2026-10-08 10:25:46.187338,PERAK,MANJUNG (DINDING),[LOKASI KUTIPAN HARGA LADANG] LEKIR,Ladang,,Sayur-Sayuran,04,007,KACANG PANJANG HIJAU,F.A.Q,Kilogram,3.5,3.125,
31041785,2026-10-08,2026-10-08 10:25:46.187338,PERAK,MANJUNG (DINDING),[LOKASI KUTIPAN HARGA LADANG] LEKIR,Ladang,,Sayur-Sayuran,02,010,TERUNG PANJANG / PEPARU (TANAH RENDAH),F.A.Q,Kilogram,3.5,3.5,
31041786,2026-10-08,2026-10-08 10:26:46.160354,KELANTAN,TUMPAT,[PASAR BESAR] SUMAYYAH,Runcit,26,Sayur-Sayuran,05,001,BAWANG BESAR KUNING / HOLLAND,F.A.Q,Kilogram,5,5.07,
31041787,2026-10-08,2026-10-08 10:26:46.160354,KELANTAN,TUMPAT,[PASAR BESAR] SUMAYYAH,Runcit,26,Sayur-Sayuran,05,001,BAWANG BESAR MERAH (INDIA),F.A.Q,Kilogram,5,4.44,
31041788,2026-10-08,2026-10-08 10:26:46.160354,KELANTAN,TUMPAT,[PASAR BESAR] SUMAYYAH,Runcit,26,Sayur-Sayuran,05,001,BAWANG MERAH / KECIL (IMPORT),F.A.Q,Kilogram,5,6.56,
31041789,2026-10-08,2026-10-08 10:26:46.160354,KELANTAN,TUMPAT,[PASAR BESAR] SUMAYYAH,Runcit,26,Sayur-Sayuran,05,001,BAWANG PUTIH (CHINA),F.A.Q,Kilogram,8,8.52,
31041790,2026-10-08,2026-10-08 10:26:46.160354,KELANTAN,TUMPAT,[PASAR BESAR] SUMAYYAH,Runcit,26,Sayur-Sayuran,03,001,BAYAM,F.A.Q,Kilogram,5,5.81,
31041791,2026-10-08,2026-10-08 10:26:46.160354,KELANTAN,TUMPAT,[PASAR BESAR] SUMAYYAH,Runcit,26,Sayur-Sayuran,02,002,CILI MERAH KULAI / KULAI HIBRID,F.A.Q,Kilogram,15,16.31,
31041792,2026-10-08,2026-10-08 10:26:46.160354,KELANTAN,TUMPAT,[PASAR BESAR] SUMAYYAH,Runcit,26,Sayur-Sayuran,02,002,CILI MERAH MINYAK,F.A.Q,Kilogram,14,14.1,
31041793,2026-10-08,2026-10-08 10:26:46.160354,KELANTAN,TUMPAT,[PASAR BESAR] SUMAYYAH,Runcit,26,Sayur-Sayuran,03,009,DAUN BAWANG (IMPORT),F.A.Q,Kilogram,10,8,
31041794,2026-10-08,2026-10-08 10:26:46.160354,KELANTAN,TUMPAT,[PASAR BESAR] SUMAYYAH,Runcit,26,Sayur-Sayuran,03,015,DAUN SUP (TANAH TINGGI),F.A.Q,Kilogram,6,13.35,
31041795,2026-10-08,2026-10-08 10:26:46.160354,KELANTAN,TUMPAT,[PASAR BESAR] SUMAYYAH,Runcit,26,Sayur-Sayuran,04,002,KACANG BENDI,F.A.Q,Kilogram,7,10.44,
31041796,2026-10-08,2026-10-08 10:26:46.160354,KELANTAN,TUMPAT,[PASAR BESAR] SUMAYYAH,Runcit,26,Sayur-Sayuran,04,007,KACANG PANJANG HIJAU,F.A.Q,Kilogram,7,7.99,
31041797,2026-10-08,2026-10-08 10:26:46.160354,KELANTAN,TUMPAT,[PASAR BESAR] SUMAYYAH,Runcit,26,Sayur-Sayuran,03,019,KANGKUNG,F.A.Q,Kilogram,4.5,5.03,
31041798,2026-10-08,2026-10-08 10:26:46.160354,KELANTAN,TUMPAT,[PASAR BESAR] SUMAYYAH,Runcit,26,Sayur-Sayuran,03,006,KUBIS BULAT (CHINA),F.A.Q,Kilogram,5,3.29,
31041799,2026-10-08,2026-10-08 10:26:46.160354,KELANTAN,TUMPAT,[PASAR BESAR] SUMAYYAH,Runcit,26,Sayur-Sayuran,03,007,SAWI HIJAU (IMPORT),F.A.Q,Kilogram,14,4,
31041800,2026-10-08,2026-10-08 10:26:46.160354,KELANTAN,TUMPAT,[PASAR BESAR] SUMAYYAH,Runcit,26,Sayur-Sayuran,02,010,TERUNG PANJANG / PEPARU (TANAH RENDAH),F.A.Q,Kilogram,7,9.47,
31041801,2026-10-08,2026-10-08 10:26:46.160354,KELANTAN,TUMPAT,[PASAR BESAR] SUMAYYAH,Runcit,26,Sayur-Sayuran,02,011,TIMUN HIJAU,F.A.Q,Kilogram,3,4.08,
31041802,2026-10-08,2026-10-08 10:26:46.160354,KELANTAN,TUMPAT,[PASAR BESAR] SUMAYYAH,Runcit,26,Sayur-Sayuran,02,012,TOMATO (TANAH TINGGI),F.A.Q,Kilogram,7,8.71,
31041803,2026-10-08,2026-10-08 10:26:46.160354,KELANTAN,TUMPAT,[PASAR BESAR] SUMAYYAH,Runcit,26,Sayur-Sayuran,05,009,UBI KENTANG HOLLAND,F.A.Q,Kilogram,4,4.09,
31041804,2026-10-08,2026-10-08 10:27:06.102921,KELANTAN,TUMPAT,[PASAR BESAR] SUMAYYAH,Runcit,26,Buah-Buahan,02,028,PISANG BERANGAN,F.A.Q,Kilogram,6,6,
31041805,2026-10-08,2026-10-08 10:27:06.102921,KELANTAN,TUMPAT,[PASAR BESAR] SUMAYYAH,Runcit,26,Buah-Buahan,02,028,PISANG MAS,F.A.Q,Kilogram,5,5,
31041806,2026-10-08,2026-10-08 10:27:06.102921,KELANTAN,TUMPAT,[PASAR BESAR] SUMAYYAH,Runcit,26,Buah-Buahan,02,034,TEMBIKAI MERAH TANPA BIJI,F.A.Q,Kilogram,2.5,2.5,
31041807,2026-10-08,2026-10-08 10:27:25.700338,W.P. KUALA LUMPUR,BATU,PASAR HARIAN SELAYANG,Runcit,26,Sayur-Sayuran,05,001,BAWANG BESAR KUNING / HOLLAND,F.A.Q,Kilogram,4,4.076923,
31041808,2026-10-08,2026-10-08 10:27:25.700338,W.P. KUALA LUMPUR,BATU,PASAR HARIAN SELAYANG,Runcit,26,Sayur-Sayuran,05,001,BAWANG BESAR KUNING / HOLLAND,F.A.Q,Kilogram,4,4.076923,
31041809,2026-10-08,2026-10-08 10:27:25.700338,W.P. KUALA LUMPUR,BATU,PASAR HARIAN SELAYANG,Runcit,26,Sayur-Sayuran,05,001,BAWANG BESAR MERAH (INDIA),F.A.Q,Kilogram,3.5,3.994737,
31041810,2026-10-08,2026-10-08 10:27:25.700338,W.P. KUALA LUMPUR,BATU,PASAR HARIAN SELAYANG,Runcit,26,Sayur-Sayuran,05,001,BAWANG BESAR MERAH (INDIA),F.A.Q,Kilogram,4.4,3.994737,
31041811,2026-10-08,2026-10-08 10:27:25.700338,W.P. KUALA LUMPUR,BATU,PASAR HARIAN SELAYANG,Runcit,26,Sayur-Sayuran,05,001,BAWANG MERAH / KECIL (IMPORT),F.A.Q,Kilogram,5,5,
31041812,2026-10-08,2026-10-08 10:27:25.700338,W.P. KUALA LUMPUR,BATU,PASAR HARIAN SELAYANG,Runcit,26,Sayur-Sayuran,05,001,BAWANG MERAH / KECIL (INDIA),F.A.Q,Kilogram,5,5.5833335,
31041813,2026-10-08,2026-10-08 10:27:25.700338,W.P. KUALA LUMPUR,BATU,PASAR HARIAN SELAYANG,Runcit,26,Sayur-Sayuran,05,001,BAWANG MERAH / KECIL (INDIA),F.A.Q,Kilogram,6,5.5833335,
31041814,2026-10-08,2026-10-08 10:27:25.700338,W.P. KUALA LUMPUR,BATU,PASAR HARIAN SELAYANG,Runcit,26,Sayur-Sayuran,05,001,BAWANG MERAH / KECIL (THAI),F.A.Q,Kilogram,13,11.846154,
31041815,2026-10-08,2026-10-08 10:27:25.700338,W.P. KUALA LUMPUR,BATU,PASAR HARIAN SELAYANG,Runcit,26,Sayur-Sayuran,05,001,BAWANG MERAH / KECIL (THAI),F.A.Q,Kilogram,10,11.846154,
31041816,2026-10-08,2026-10-08 10:27:25.700338,W.P. KUALA LUMPUR,BATU,PASAR HARIAN SELAYANG,Runcit,26,Sayur-Sayuran,05,001,BAWANG MERAH ROSE,F.A.Q,Kilogram,8.8,7.6923075,
31041817,2026-10-08,2026-10-08 10:27:25.700338,W.P. KUALA LUMPUR,BATU,PASAR HARIAN SELAYANG,Runcit,26,Sayur-Sayuran,05,001,BAWANG MERAH ROSE,F.A.Q,Kilogram,7,7.6923075,
31041818,2026-10-08,2026-10-08 10:27:25.700338,W.P. KUALA LUMPUR,BATU,PASAR HARIAN SELAYANG,Runcit,26,Sayur-Sayuran,05,001,BAWANG PUTIH (CHINA),F.A.Q,Kilogram,11,11.263158,
31041819,2026-10-08,2026-10-08 10:27:25.700338,W.P. KUALA LUMPUR,BATU,PASAR HARIAN SELAYANG,Runcit,26,Sayur-Sayuran,05,001,BAWANG PUTIH (CHINA),F.A.Q,Kilogram,12,11.263158,
31041820,2026-10-08,2026-10-08 10:27:25.700338,W.P. KUALA LUMPUR,BATU,PASAR HARIAN SELAYANG,Runcit,26,Sayur-Sayuran,05,009,UBI KENTANG (IMPORT),F.A.Q,Kilogram,3.5,3.7307692,
31041821,2026-10-08,2026-10-08 10:27:25.700338,W.P. KUALA LUMPUR,BATU,PASAR HARIAN SELAYANG,Runcit,26,Sayur-Sayuran,05,009,UBI KENTANG (IMPORT),F.A.Q,Kilogram,4,3.7307692,
31041822,2026-10-08,2026-10-08 10:27:25.700338,W.P. KUALA LUMPUR,BATU,PASAR HARIAN SELAYANG,Runcit,26,Sayur-Sayuran,05,009,UBI KENTANG HOLLAND,F.A.Q,Kilogram,3.5,3.8076923,
31041823,2026-10-08,2026-10-08 10:27:25.700338,W.P. KUALA LUMPUR,BATU,PASAR HARIAN SELAYANG,Runcit,26,Sayur-Sayuran,05,009,UBI KENTANG HOLLAND,F.A.Q,Kilogram,4,3.8076923,
31041824,2026-10-08,2026-10-08 10:27:26.575088,KELANTAN,TUMPAT,[PASAR BESAR] SUMAYYAH,Runcit,26,Buah-Buahan,02,028,PISANG BERANGAN,F.A.Q,Kilogram,6,5.62,
31041825,2026-10-08,2026-10-08 10:27:26.575088,KELANTAN,TUMPAT,[PASAR BESAR] SUMAYYAH,Runcit,26,Buah-Buahan,02,028,PISANG MAS,F.A.Q,Kilogram,5,5.43,
31041826,2026-10-08,2026-10-08 10:27:26.575088,KELANTAN,TUMPAT,[PASAR BESAR] SUMAYYAH,Runcit,26,Buah-Buahan,02,034,TEMBIKAI MERAH TANPA BIJI,F.A.Q,Kilogram,2.5,4.75,
31041827,2026-10-08,2026-10-08 10:28:12.473427,KELANTAN,TANAH MERAH,PASAR BESAR TANAH MERAH,Runcit,26,Sayur-Sayuran,05,001,BAWANG BESAR KUNING / HOLLAND,F.A.Q,Kilogram,4,4.5,
31041828,2026-10-08,2026-10-08 10:28:12.473427,KELANTAN,TANAH MERAH,PASAR BESAR TANAH MERAH,Runcit,26,Sayur-Sayuran,05,001,BAWANG BESAR KUNING / HOLLAND,F.A.Q,Kilogram,5,4.5,
31041829,2026-10-08,2026-10-08 10:28:12.473427,KELANTAN,TANAH MERAH,PASAR BESAR TANAH MERAH,Runcit,26,Sayur-Sayuran,05,001,BAWANG MERAH / KECIL (INDIA),F.A.Q,Kilogram,4,4.5,
31041830,2026-10-08,2026-10-08 10:28:12.473427,KELANTAN,TANAH MERAH,PASAR BESAR TANAH MERAH,Runcit,26,Sayur-Sayuran,05,001,BAWANG MERAH / KECIL (INDIA),F.A.Q,Kilogram,5,4.5,
31041831,2026-10-08,2026-10-08 10:28:12.473427,KELANTAN,TANAH MERAH,PASAR BESAR TANAH MERAH,Runcit,26,Sayur-Sayuran,05,001,BAWANG PUTIH (CHINA),F.A.Q,Kilogram,10,10,
31041832,2026-10-08,2026-10-08 10:28:12.473427,KELANTAN,TANAH MERAH,PASAR BESAR TANAH MERAH,Runcit,26,Sayur-Sayuran,05,001,BAWANG PUTIH (CHINA),F.A.Q,Kilogram,10,10,
31041833,2026-10-08,2026-10-08 10:28:12.473427,KELANTAN,TANAH MERAH,PASAR BESAR TANAH MERAH,Runcit,26,Sayur-Sayuran,03,001,BAYAM,F.A.Q,Kilogram,8,7.5,
31041834,2026-10-08,2026-10-08 10:28:12.473427,KELANTAN,TANAH MERAH,PASAR BESAR TANAH MERAH,Runcit,26,Sayur-Sayuran,03,001,BAYAM,F.A.Q,Kilogram,7,7.5,
31041835,2026-10-08,2026-10-08 10:28:12.473427,KELANTAN,TANAH MERAH,PASAR BESAR TANAH MERAH,Runcit,26,Sayur-Sayuran,02,002,CILI MERAH (THAILAND),F.A.Q,Kilogram,14,14.5,
31041836,2026-10-08,2026-10-08 10:28:12.473427,KELANTAN,TANAH MERAH,PASAR BESAR TANAH MERAH,Runcit,26,Sayur-Sayuran,02,002,CILI MERAH (THAILAND),F.A.Q,Kilogram,14,14.5,
31041837,2026-10-08,2026-10-08 10:28:12.473427,KELANTAN,TANAH MERAH,PASAR BESAR TANAH MERAH,Runcit,26,Sayur-Sayuran,02,002,CILI MERAH KULAI / KULAI HIBRID,F.A.Q,Kilogram,16,17,
31041838,2026-10-08,2026-10-08 10:28:12.473427,KELANTAN,TANAH MERAH,PASAR BESAR TANAH MERAH,Runcit,26,Sayur-Sayuran,02,002,CILI MERAH KULAI / KULAI HIBRID,F.A.Q,Kilogram,18,17,
31041839,2026-10-08,2026-10-08 10:28:12.473427,KELANTAN,TANAH MERAH,PASAR BESAR TANAH MERAH,Runcit,26,Sayur-Sayuran,03,009,DAUN BAWANG,F.A.Q,Kilogram,10,10,
31041840,2026-10-08,2026-10-08 10:28:12.473427,KELANTAN,TANAH MERAH,PASAR BESAR TANAH MERAH,Runcit,26,Sayur-Sayuran,03,009,DAUN BAWANG,F.A.Q,Kilogram,10,10,
31041841,2026-10-08,2026-10-08 10:28:12.473427,KELANTAN,TANAH MERAH,PASAR BESAR TANAH MERAH,Runcit,26,Sayur-Sayuran,03,015,DAUN SUP (TANAH TINGGI),F.A.Q,Kilogram,18,18,
31041842,2026-10-08,2026-10-08 10:28:12.473427,KELANTAN,TANAH MERAH,PASAR BESAR TANAH MERAH,Runcit,26,Sayur-Sayuran,03,015,DAUN SUP (TANAH TINGGI),F.A.Q,Kilogram,18,18,
31041843,2026-10-08,2026-10-08 10:28:12.473427,KELANTAN,TANAH MERAH,PASAR BESAR TANAH MERAH,Runcit,26,Sayur-Sayuran,04,002,KACANG BENDI,F.A.Q,Kilogram,10,10,
31041844,2026-10-08,2026-10-08 10:28:12.473427,KELANTAN,TANAH MERAH,PASAR BESAR TANAH MERAH,Runcit,26,Sayur-Sayuran,04,002,KACANG BENDI,F.A.Q,Kilogram,10,10,
31041845,2026-10-08,2026-10-08 10:28:12.473427,KELANTAN,TANAH MERAH,PASAR BESAR TANAH MERAH,Runcit,26,Sayur-Sayuran,04,007,KACANG PANJANG HIJAU,F.A.Q,Kilogram,10,10,
31041846,2026-10-08,2026-10-08 10:28:12.473427,KELANTAN,TANAH MERAH,PASAR BESAR TANAH MERAH,Runcit,26,Sayur-Sayuran,04,007,KACANG PANJANG HIJAU,F.A.Q,Kilogram,10,10,
31041847,2026-10-08,2026-10-08 10:28:12.473427,KELANTAN,TANAH MERAH,PASAR BESAR TANAH MERAH,Runcit,26,Sayur-Sayuran,03,019,KANGKUNG,F.A.Q,Kilogram,6,6.5,
31041848,2026-10-08,2026-10-08 10:28:12.473427,KELANTAN,TANAH MERAH,PASAR BESAR TANAH MERAH,Runcit,26,Sayur-Sayuran,03,019,KANGKUNG,F.A.Q,Kilogram,7,6.5,
31041849,2026-10-08,2026-10-08 10:28:12.473427,KELANTAN,TANAH MERAH,PASAR BESAR TANAH MERAH,Runcit,26,Sayur-Sayuran,03,019,KANGKUNG (IMPORT),F.A.Q,Kilogram,10,10,
31041850,2026-10-08,2026-10-08 10:28:12.473427,KELANTAN,TANAH MERAH,PASAR BESAR TANAH MERAH,Runcit,26,Sayur-Sayuran,03,019,KANGKUNG (IMPORT),F.A.Q,Kilogram,10,10,
31041851,2026-10-08,2026-10-08 10:28:12.473427,KELANTAN,TANAH MERAH,PASAR BESAR TANAH MERAH,Runcit,26,Sayur-Sayuran,03,006,KUBIS BULAT (CHINA),F.A.Q,Kilogram,6,5.5,
31041852,2026-10-08,2026-10-08 10:28:12.473427,KELANTAN,TANAH MERAH,PASAR BESAR TANAH MERAH,Runcit,26,Sayur-Sayuran,03,006,KUBIS BULAT (CHINA),F.A.Q,Kilogram,5,5.5,
31041853,2026-10-08,2026-10-08 10:28:12.473427,KELANTAN,TANAH MERAH,PASAR BESAR TANAH MERAH,Runcit,26,Sayur-Sayuran,03,006,KUBIS BULAT (INDONESIA),F.A.Q,Kilogram,5,5,
31041854,2026-10-08,2026-10-08 10:28:12.473427,KELANTAN,TANAH MERAH,PASAR BESAR TANAH MERAH,Runcit,26,Sayur-Sayuran,03,006,KUBIS BULAT (TANAH TINGGI),F.A.Q,Kilogram,6,6,
31041855,2026-10-08,2026-10-08 10:28:12.473427,KELANTAN,TANAH MERAH,PASAR BESAR TANAH MERAH,Runcit,26,Sayur-Sayuran,03,007,SAWI HIJAU (IMPORT),F.A.Q,Kilogram,6,6,
31041856,2026-10-08,2026-10-08 10:28:12.473427,KELANTAN,TANAH MERAH,PASAR BESAR TANAH MERAH,Runcit,26,Sayur-Sayuran,03,007,SAWI HIJAU (IMPORT),F.A.Q,Kilogram,6,6,
31041857,2026-10-08,2026-10-08 10:28:12.473427,KELANTAN,TANAH MERAH,PASAR BESAR TANAH MERAH,Runcit,26,Sayur-Sayuran,02,010,TERUNG PANJANG / PEPARU (TANAH RENDAH),F.A.Q,Kilogram,8,8,
31041858,2026-10-08,2026-10-08 10:28:12.473427,KELANTAN,TANAH MERAH,PASAR BESAR TANAH MERAH,Runcit,26,Sayur-Sayuran,02,010,TERUNG PANJANG / PEPARU (TANAH RENDAH),F.A.Q,Kilogram,8,8,
31041859,2026-10-08,2026-10-08 10:28:12.473427,KELANTAN,TANAH MERAH,PASAR BESAR TANAH MERAH,Runcit,26,Sayur-Sayuran,02,011,TIMUN HIJAU,F.A.Q,Kilogram,5,4.5,
31041860,2026-10-08,2026-10-08 10:28:12.473427,KELANTAN,TANAH MERAH,PASAR BESAR TANAH MERAH,Runcit,26,Sayur-Sayuran,02,011,TIMUN HIJAU,F.A.Q,Kilogram,4,4.5,
31041861,2026-10-08,2026-10-08 10:28:12.473427,KELANTAN,TANAH MERAH,PASAR BESAR TANAH MERAH,Runcit,26,Sayur-Sayuran,02,012,TOMATO (TANAH TINGGI),F.A.Q,Kilogram,8,8,
31041862,2026-10-08,2026-10-08 10:28:12.473427,KELANTAN,TANAH MERAH,PASAR BESAR TANAH MERAH,Runcit,26,Sayur-Sayuran,02,012,TOMATO (TANAH TINGGI),F.A.Q,Kilogram,8,8,
31041863,2026-10-08,2026-10-08 10:28:12.473427,KELANTAN,TANAH MERAH,PASAR BESAR TANAH MERAH,Runcit,26,Sayur-Sayuran,05,009,UBI KENTANG HOLLAND,F.A.Q,Kilogram,4,4,
31041864,2026-10-08,2026-10-08 10:28:12.473427,KELANTAN,TANAH MERAH,PASAR BESAR TANAH MERAH,Runcit,26,Sayur-Sayuran,05,009,UBI KENTANG HOLLAND,F.A.Q,Kilogram,4,4,
31041873,2026-10-08,2026-10-08 10:29:32.143833,KELANTAN,TUMPAT,[PASAR BESAR] SUMAYYAH,Runcit,26,Sayur-Sayuran,05,001,BAWANG BESAR KUNING / HOLLAND,F.A.Q,Kilogram,5,5,
31041874,2026-10-08,2026-10-08 10:29:32.143833,KELANTAN,TUMPAT,[PASAR BESAR] SUMAYYAH,Runcit,26,Sayur-Sayuran,05,001,BAWANG BESAR MERAH (INDIA),F.A.Q,Kilogram,5,4.6666665,
31041875,2026-10-08,2026-10-08 10:29:32.143833,KELANTAN,TUMPAT,[PASAR BESAR] SUMAYYAH,Runcit,26,Sayur-Sayuran,05,001,BAWANG MERAH / KECIL (IMPORT),F.A.Q,Kilogram,5,5,
31041876,2026-10-08,2026-10-08 10:29:32.143833,KELANTAN,TUMPAT,[PASAR BESAR] SUMAYYAH,Runcit,26,Sayur-Sayuran,05,001,BAWANG PUTIH (CHINA),F.A.Q,Kilogram,8,8.055555,
31041877,2026-10-08,2026-10-08 10:29:32.143833,KELANTAN,TUMPAT,[PASAR BESAR] SUMAYYAH,Runcit,26,Sayur-Sayuran,03,001,BAYAM,F.A.Q,Kilogram,5,5.3333335,
31041878,2026-10-08,2026-10-08 10:29:32.143833,KELANTAN,TUMPAT,[PASAR BESAR] SUMAYYAH,Runcit,26,Sayur-Sayuran,02,002,CILI MERAH KULAI / KULAI HIBRID,F.A.Q,Kilogram,15,15.666667,
31041879,2026-10-08,2026-10-08 10:29:32.143833,KELANTAN,TUMPAT,[PASAR BESAR] SUMAYYAH,Runcit,26,Sayur-Sayuran,02,002,CILI MERAH MINYAK,F.A.Q,Kilogram,14,15.111111,
31041880,2026-10-08,2026-10-08 10:29:32.143833,KELANTAN,TUMPAT,[PASAR BESAR] SUMAYYAH,Runcit,26,Sayur-Sayuran,03,009,DAUN BAWANG (IMPORT),F.A.Q,Kilogram,10,6.3333335,
31041881,2026-10-08,2026-10-08 10:29:32.143833,KELANTAN,TUMPAT,[PASAR BESAR] SUMAYYAH,Runcit,26,Sayur-Sayuran,03,015,DAUN SUP (TANAH TINGGI),F.A.Q,Kilogram,6,10,
31041882,2026-10-08,2026-10-08 10:29:32.143833,KELANTAN,TUMPAT,[PASAR BESAR] SUMAYYAH,Runcit,26,Sayur-Sayuran,04,002,KACANG BENDI,F.A.Q,Kilogram,7,7.4444447,
31041883,2026-10-08,2026-10-08 10:29:32.143833,KELANTAN,TUMPAT,[PASAR BESAR] SUMAYYAH,Runcit,26,Sayur-Sayuran,04,007,KACANG PANJANG HIJAU,F.A.Q,Kilogram,7,6,
31041884,2026-10-08,2026-10-08 10:29:32.143833,KELANTAN,TUMPAT,[PASAR BESAR] SUMAYYAH,Runcit,26,Sayur-Sayuran,03,019,KANGKUNG,F.A.Q,Kilogram,4.5,4.4444447,
31041885,2026-10-08,2026-10-08 10:29:32.143833,KELANTAN,TUMPAT,[PASAR BESAR] SUMAYYAH,Runcit,26,Sayur-Sayuran,03,006,KUBIS BULAT (CHINA),F.A.Q,Kilogram,5,6,
31041886,2026-10-08,2026-10-08 10:29:32.143833,KELANTAN,TUMPAT,[PASAR BESAR] SUMAYYAH,Runcit,26,Sayur-Sayuran,03,007,SAWI HIJAU (IMPORT),F.A.Q,Kilogram,13,7.2222223,
31041887,2026-10-08,2026-10-08 10:29:32.143833,KELANTAN,TUMPAT,[PASAR BESAR] SUMAYYAH,Runcit,26,Sayur-Sayuran,02,010,TERUNG PANJANG / PEPARU (TANAH RENDAH),F.A.Q,Kilogram,7,6.5555553,
31041888,2026-10-08,2026-10-08 10:29:32.143833,KELANTAN,TUMPAT,[PASAR BESAR] SUMAYYAH,Runcit,26,Sayur-Sayuran,02,011,TIMUN HIJAU,F.A.Q,Kilogram,3,4,
31041889,2026-10-08,2026-10-08 10:29:32.143833,KELANTAN,TUMPAT,[PASAR BESAR] SUMAYYAH,Runcit,26,Sayur-Sayuran,02,012,TOMATO (TANAH TINGGI),F.A.Q,Kilogram,6,9,
31041890,2026-10-08,2026-10-08 10:29:32.143833,KELANTAN,TUMPAT,[PASAR BESAR] SUMAYYAH,Runcit,26,Sayur-Sayuran,05,009,UBI KENTANG HOLLAND,F.A.Q,Kilogram,4,4,
31041891,2026-10-08,2026-10-08 10:30:20.813901,KELANTAN,TUMPAT,[PASAR BESAR] SUMAYYAH,Runcit,26,Buah-Buahan,02,028,PISANG BERANGAN,F.A.Q,Kilogram,6,5.62,
31041892,2026-10-08,2026-10-08 10:30:20.813901,KELANTAN,TUMPAT,[PASAR BESAR] SUMAYYAH,Runcit,26,Buah-Buahan,02,028,PISANG MAS,F.A.Q,Kilogram,5,5.43,
31041893,2026-10-08,2026-10-08 10:30:20.813901,KELANTAN,TUMPAT,[PASAR BESAR] SUMAYYAH,Runcit,26,Buah-Buahan,02,034,TEMBIKAI MERAH TANPA BIJI,F.A.Q,Kilogram,2.5,4.75,
31041894,2026-10-08,2026-10-08 10:32:08.767634,KELANTAN,TUMPAT,[PASAR BESAR] SUMAYYAH,Runcit,26,Sayur-Sayuran,05,001,BAWANG BESAR KUNING / HOLLAND,F.A.Q,Kilogram,5,5,
31041895,2026-10-08,2026-10-08 10:32:08.767634,KELANTAN,TUMPAT,[PASAR BESAR] SUMAYYAH,Runcit,26,Sayur-Sayuran,05,001,BAWANG BESAR MERAH (INDIA),F.A.Q,Kilogram,5,4.6666665,
31041896,2026-10-08,2026-10-08 10:32:08.767634,KELANTAN,TUMPAT,[PASAR BESAR] SUMAYYAH,Runcit,26,Sayur-Sayuran,05,001,BAWANG MERAH / KECIL (IMPORT),F.A.Q,Kilogram,5,5,
31041897,2026-10-08,2026-10-08 10:32:08.767634,KELANTAN,TUMPAT,[PASAR BESAR] SUMAYYAH,Runcit,26,Sayur-Sayuran,05,001,BAWANG PUTIH (CHINA),F.A.Q,Kilogram,8.5,8.055555,
31041898,2026-10-08,2026-10-08 10:32:08.767634,KELANTAN,TUMPAT,[PASAR BESAR] SUMAYYAH,Runcit,26,Sayur-Sayuran,03,001,BAYAM,F.A.Q,Kilogram,6,5.3333335,
31041899,2026-10-08,2026-10-08 10:32:08.767634,KELANTAN,TUMPAT,[PASAR BESAR] SUMAYYAH,Runcit,26,Sayur-Sayuran,02,002,CILI MERAH KULAI / KULAI HIBRID,F.A.Q,Kilogram,16,15.666667,
31041900,2026-10-08,2026-10-08 10:32:08.767634,KELANTAN,TUMPAT,[PASAR BESAR] SUMAYYAH,Runcit,26,Sayur-Sayuran,02,002,CILI MERAH MINYAK,F.A.Q,Kilogram,15,15.111111,
31041901,2026-10-08,2026-10-08 10:32:08.767634,KELANTAN,TUMPAT,[PASAR BESAR] SUMAYYAH,Runcit,26,Sayur-Sayuran,03,009,DAUN BAWANG (IMPORT),F.A.Q,Kilogram,11,6.3333335,
31041902,2026-10-08,2026-10-08 10:32:08.767634,KELANTAN,TUMPAT,[PASAR BESAR] SUMAYYAH,Runcit,26,Sayur-Sayuran,03,015,DAUN SUP (TANAH TINGGI),F.A.Q,Kilogram,7,10,
31041903,2026-10-08,2026-10-08 10:32:08.767634,KELANTAN,TUMPAT,[PASAR BESAR] SUMAYYAH,Runcit,26,Sayur-Sayuran,04,002,KACANG BENDI,F.A.Q,Kilogram,8,7.4444447,
31041904,2026-10-08,2026-10-08 10:32:08.767634,KELANTAN,TUMPAT,[PASAR BESAR] SUMAYYAH,Runcit,26,Sayur-Sayuran,04,007,KACANG PANJANG HIJAU,F.A.Q,Kilogram,8,6,
31041905,2026-10-08,2026-10-08 10:32:08.767634,KELANTAN,TUMPAT,[PASAR BESAR] SUMAYYAH,Runcit,26,Sayur-Sayuran,03,019,KANGKUNG,F.A.Q,Kilogram,4.5,4.4444447,
31041906,2026-10-08,2026-10-08 10:32:08.767634,KELANTAN,TUMPAT,[PASAR BESAR] SUMAYYAH,Runcit,26,Sayur-Sayuran,03,006,KUBIS BULAT (CHINA),F.A.Q,Kilogram,5,6,
31041907,2026-10-08,2026-10-08 10:32:08.767634,KELANTAN,TUMPAT,[PASAR BESAR] SUMAYYAH,Runcit,26,Sayur-Sayuran,03,007,SAWI HIJAU (IMPORT),F.A.Q,Kilogram,14,7.2222223,
31041908,2026-10-08,2026-10-08 10:32:08.767634,KELANTAN,TUMPAT,[PASAR BESAR] SUMAYYAH,Runcit,26,Sayur-Sayuran,02,010,TERUNG PANJANG / PEPARU (TANAH RENDAH),F.A.Q,Kilogram,8,6.5555553,
31041909,2026-10-08,2026-10-08 10:32:08.767634,KELANTAN,TUMPAT,[PASAR BESAR] SUMAYYAH,Runcit,26,Sayur-Sayuran,02,011,TIMUN HIJAU,F.A.Q,Kilogram,4,4,
31041910,2026-10-08,2026-10-08 10:32:08.767634,KELANTAN,TUMPAT,[PASAR BESAR] SUMAYYAH,Runcit,26,Sayur-Sayuran,02,012,TOMATO (TANAH TINGGI),F.A.Q,Kilogram,7,9,
31041911,2026-10-08,2026-10-08 10:32:08.767634,KELANTAN,TUMPAT,[PASAR BESAR] SUMAYYAH,Runcit,26,Sayur-Sayuran,05,009,UBI KENTANG HOLLAND,F.A.Q,Kilogram,4,4,
31041912,2026-10-08,2026-10-08 10:32:47.05897,KELANTAN,TUMPAT,[PASAR BESAR] SUMAYYAH,Runcit,26,Ternakan,03,002,AYAM PROSES STANDARD,F.A.Q,Kilogram,9.5,9.5,
31041913,2026-10-08,2026-10-08 10:32:47.05897,KELANTAN,TUMPAT,[PASAR BESAR] SUMAYYAH,Runcit,26,Ternakan,11,001,TELUR AYAM,B,Biji,0.53,0.53,
31041914,2026-10-08,2026-10-08 10:33:07.716,KELANTAN,TUMPAT,[PASAR BESAR] SUMAYYAH,Runcit,26,Ternakan,03,002,AYAM PROSES STANDARD,F.A.Q,Kilogram,9.5,9.5,
31041915,2026-10-08,2026-10-08 10:33:07.716,KELANTAN,TUMPAT,[PASAR BESAR] SUMAYYAH,Runcit,26,Ternakan,11,001,TELUR AYAM,B,Biji,0.53,0.53,
31041916,2026-10-08,2026-10-08 10:33:16.611205,PERAK,HILIR PERAK,PASAR AWAM LANGKAP,Runcit,26,Sayur-Sayuran,05,001,BAWANG BESAR KUNING / HOLLAND,F.A.Q,Kilogram,5,4.5,
31041917,2026-10-08,2026-10-08 10:33:16.611205,PERAK,HILIR PERAK,PASAR AWAM LANGKAP,Runcit,26,Sayur-Sayuran,05,001,BAWANG BESAR MERAH (INDIA),F.A.Q,Kilogram,4,4,
31041918,2026-10-08,2026-10-08 10:33:16.611205,PERAK,HILIR PERAK,PASAR AWAM LANGKAP,Runcit,26,Sayur-Sayuran,05,001,BAWANG MERAH / KECIL (INDIA),F.A.Q,Kilogram,6,6,
31041919,2026-10-08,2026-10-08 10:33:16.611205,PERAK,HILIR PERAK,PASAR AWAM LANGKAP,Runcit,26,Sayur-Sayuran,05,001,BAWANG MERAH ROSE,F.A.Q,Kilogram,12,12.98,
31041920,2026-10-08,2026-10-08 10:33:16.611205,PERAK,HILIR PERAK,PASAR AWAM LANGKAP,Runcit,26,Sayur-Sayuran,05,001,BAWANG PUTIH (CHINA),F.A.Q,Kilogram,10,10,
31041921,2026-10-08,2026-10-08 10:33:16.611205,PERAK,HILIR PERAK,PASAR AWAM LANGKAP,Runcit,26,Sayur-Sayuran,03,001,BAYAM,F.A.Q,Kilogram,5,4,
31041922,2026-10-08,2026-10-08 10:33:16.611205,PERAK,HILIR PERAK,PASAR AWAM LANGKAP,Runcit,26,Sayur-Sayuran,02,002,CILI HIJAU,F.A.Q,Kilogram,13,12,
31041923,2026-10-08,2026-10-08 10:33:16.611205,PERAK,HILIR PERAK,PASAR AWAM LANGKAP,Runcit,26,Sayur-Sayuran,02,002,CILI MERAH KULAI / KULAI HIBRID,F.A.Q,Kilogram,17,17,
31041924,2026-10-08,2026-10-08 10:33:16.611205,PERAK,HILIR PERAK,PASAR AWAM LANGKAP,Runcit,26,Sayur-Sayuran,02,002,CILI MERAH MINYAK,F.A.Q,Kilogram,16,15,
31041925,2026-10-08,2026-10-08 10:33:16.611205,PERAK,HILIR PERAK,PASAR AWAM LANGKAP,Runcit,26,Sayur-Sayuran,03,009,DAUN BAWANG,F.A.Q,Kilogram,9,9,
31041926,2026-10-08,2026-10-08 10:33:16.611205,PERAK,HILIR PERAK,PASAR AWAM LANGKAP,Runcit,26,Sayur-Sayuran,03,015,DAUN SUP (TANAH TINGGI),F.A.Q,Kilogram,12,12.5,
31041927,2026-10-08,2026-10-08 10:33:16.611205,PERAK,HILIR PERAK,PASAR AWAM LANGKAP,Runcit,26,Sayur-Sayuran,04,002,KACANG BENDI,F.A.Q,Kilogram,9,8,
31041928,2026-10-08,2026-10-08 10:33:16.611205,PERAK,HILIR PERAK,PASAR AWAM LANGKAP,Runcit,26,Sayur-Sayuran,04,007,KACANG PANJANG HIJAU,F.A.Q,Kilogram,8,8,
31041929,2026-10-08,2026-10-08 10:33:16.611205,PERAK,HILIR PERAK,PASAR AWAM LANGKAP,Runcit,26,Sayur-Sayuran,03,019,KANGKUNG,F.A.Q,Kilogram,4,4,
31041930,2026-10-08,2026-10-08 10:33:16.611205,PERAK,HILIR PERAK,PASAR AWAM LANGKAP,Runcit,26,Sayur-Sayuran,03,006,KUBIS BULAT (TANAH TINGGI),F.A.Q,Kilogram,5,4.5,
31041931,2026-10-08,2026-10-08 10:33:16.611205,PERAK,HILIR PERAK,PASAR AWAM LANGKAP,Runcit,26,Sayur-Sayuran,03,007,SAWI HIJAU TANAH TINGGI,F.A.Q,Kilogram,6,5.5,
31041932,2026-10-08,2026-10-08 10:33:16.611205,PERAK,HILIR PERAK,PASAR AWAM LANGKAP,Runcit,26,Sayur-Sayuran,02,010,TERUNG PANJANG / PEPARU (TANAH RENDAH),F.A.Q,Kilogram,8,8.5,
31041933,2026-10-08,2026-10-08 10:33:16.611205,PERAK,HILIR PERAK,PASAR AWAM LANGKAP,Runcit,26,Sayur-Sayuran,02,011,TIMUN HIJAU,F.A.Q,Kilogram,4,4,
31041934,2026-10-08,2026-10-08 10:33:16.611205,PERAK,HILIR PERAK,PASAR AWAM LANGKAP,Runcit,26,Sayur-Sayuran,02,012,TOMATO (TANAH TINGGI),F.A.Q,Kilogram,7,7,
31041935,2026-10-08,2026-10-08 10:33:16.611205,PERAK,HILIR PERAK,PASAR AWAM LANGKAP,Runcit,26,Sayur-Sayuran,05,009,UBI KENTANG HOLLAND,F.A.Q,Kilogram,4,4,
31041936,2026-10-08,2026-10-08 10:33:22.176655,TERENGGANU,KUALA TERENGGANU,PASAR BESAR KEDAI PAYANG,Runcit,,Sayur-Sayuran,03,001,BAYAM,F.A.Q,Kilogram,8,5.81,
31041937,2026-10-08,2026-10-08 10:33:22.248834,TERENGGANU,KUALA TERENGGANU,PASAR BESAR KEDAI PAYANG,Runcit,,Sayur-Sayuran,02,002,CILI HIJAU,F.A.Q,Kilogram,12,13.18,
31041938,2026-10-08,2026-10-08 10:33:22.321979,TERENGGANU,KUALA TERENGGANU,PASAR BESAR KEDAI PAYANG,Runcit,,Sayur-Sayuran,02,002,CILI MERAH (VIETNAM),F.A.Q,Kilogram,12,8.1,
31041939,2026-10-08,2026-10-08 10:33:22.387418,TERENGGANU,KUALA TERENGGANU,PASAR BESAR KEDAI PAYANG,Runcit,,Sayur-Sayuran,02,002,CILI MERAH KULAI / KULAI HIBRID,F.A.Q,Kilogram,16,16.31,
31041940,2026-10-08,2026-10-08 10:33:22.46429,TERENGGANU,KUALA TERENGGANU,PASAR BESAR KEDAI PAYANG,Runcit,,Sayur-Sayuran,02,002,CILI MERAH MINYAK,F.A.Q,Kilogram,12,14.1,
31041941,2026-10-08,2026-10-08 10:33:22.545194,TERENGGANU,KUALA TERENGGANU,PASAR BESAR KEDAI PAYANG,Runcit,,Sayur-Sayuran,03,009,DAUN BAWANG,F.A.Q,Kilogram,12,12.95,
31041942,2026-10-08,2026-10-08 10:33:22.623799,TERENGGANU,KUALA TERENGGANU,PASAR BESAR KEDAI PAYANG,Runcit,,Sayur-Sayuran,03,015,DAUN SUP (TANAH TINGGI),F.A.Q,Kilogram,15,13.35,
31041943,2026-10-08,2026-10-08 10:33:22.707598,TERENGGANU,KUALA TERENGGANU,PASAR BESAR KEDAI PAYANG,Runcit,,Sayur-Sayuran,04,002,KACANG BENDI,F.A.Q,Kilogram,9,10.44,
31041944,2026-10-08,2026-10-08 10:33:22.767624,TERENGGANU,KUALA TERENGGANU,PASAR BESAR KEDAI PAYANG,Runcit,,Sayur-Sayuran,04,003,KACANG BUNCIS,F.A.Q,Kilogram,14,13.06,
31041945,2026-10-08,2026-10-08 10:33:22.844658,TERENGGANU,KUALA TERENGGANU,PASAR BESAR KEDAI PAYANG,Runcit,,Sayur-Sayuran,04,007,KACANG PANJANG HIJAU,F.A.Q,Kilogram,8,7.99,
31041946,2026-10-08,2026-10-08 10:33:22.932321,TERENGGANU,KUALA TERENGGANU,PASAR BESAR KEDAI PAYANG,Runcit,,Sayur-Sayuran,03,019,KANGKUNG,F.A.Q,Kilogram,6,5.03,
31041947,2026-10-08,2026-10-08 10:33:23.022721,TERENGGANU,KUALA TERENGGANU,PASAR BESAR KEDAI PAYANG,Runcit,,Sayur-Sayuran,03,006,KUBIS BULAT (CHINA),F.A.Q,Kilogram,4,3.29,
31041948,2026-10-08,2026-10-08 10:33:23.116182,TERENGGANU,KUALA TERENGGANU,PASAR BESAR KEDAI PAYANG,Runcit,,Sayur-Sayuran,03,006,KUBIS BULAT (TANAH TINGGI),F.A.Q,Kilogram,5,4.58,
31041949,2026-10-08,2026-10-08 10:33:23.205171,TERENGGANU,KUALA TERENGGANU,PASAR BESAR KEDAI PAYANG,Runcit,,Sayur-Sayuran,03,007,SAWI HIJAU,F.A.Q,Kilogram,7,6.22,
31041950,2026-10-08,2026-10-08 10:33:23.284653,TERENGGANU,KUALA TERENGGANU,PASAR BESAR KEDAI PAYANG,Runcit,,Sayur-Sayuran,02,010,TERUNG PANJANG / PEPARU (TANAH RENDAH),F.A.Q,Kilogram,8,9.47,
31041951,2026-10-08,2026-10-08 10:33:23.354202,TERENGGANU,KUALA TERENGGANU,PASAR BESAR KEDAI PAYANG,Runcit,,Sayur-Sayuran,02,011,TIMUN HIJAU,F.A.Q,Kilogram,4,4.08,
31041952,2026-10-08,2026-10-08 10:33:23.433084,TERENGGANU,KUALA TERENGGANU,PASAR BESAR KEDAI PAYANG,Runcit,,Sayur-Sayuran,02,012,TOMATO (TANAH TINGGI),F.A.Q,Kilogram,6.5,8.71,
31041953,2026-10-08,2026-10-08 10:33:27.73281,KELANTAN,TUMPAT,[PASAR BESAR] SUMAYYAH,Runcit,26,Ternakan,03,002,AYAM PROSES STANDARD,F.A.Q,Kilogram,9.5,9.5,
31041954,2026-10-08,2026-10-08 10:33:27.73281,KELANTAN,TUMPAT,[PASAR BESAR] SUMAYYAH,Runcit,26,Ternakan,11,001,TELUR AYAM,B,Biji,0.53,0.53,
31041955,2026-10-08,2026-10-08 10:33:39.555689,KELANTAN,PASIR MAS,[PASAR BESAR] BANDAR TASIK RAJA,Runcit,26,Ternakan,03,002,AYAM PROSES STANDARD,F.A.Q,Kilogram,9.5,9.5,
31041956,2026-10-08,2026-10-08 10:33:48.749968,KELANTAN,PASIR MAS,[PASAR BESAR] BANDAR TASIK RAJA,Runcit,26,Ternakan,03,002,AYAM PROSES STANDARD,F.A.Q,Kilogram,9.5,9.5,
31041957,2026-10-08,2026-10-08 10:34:01.607819,KELANTAN,PASIR MAS,[PASAR BESAR] BANDAR TASIK RAJA,Runcit,26,Ternakan,03,002,AYAM PROSES STANDARD,F.A.Q,Kilogram,9.5,9.5,
31041958,2026-10-08,2026-10-08 10:34:20.886721,KELANTAN,PASIR MAS,[PASAR BESAR] BANDAR TASIK RAJA,Runcit,26,Buah-Buahan,02,028,PISANG BERANGAN,F.A.Q,Kilogram,6,5.62,
31041959,2026-10-08,2026-10-08 10:34:20.886721,KELANTAN,PASIR MAS,[PASAR BESAR] BANDAR TASIK RAJA,Runcit,26,Buah-Buahan,02,028,PISANG MAS,F.A.Q,Kilogram,5,5.43,
31041960,2026-10-08,2026-10-08 10:35:14.643857,KELANTAN,PASIR PUTEH,[LOKASI KUTIPAN HARGA LADANG] KAMPUNG BERANGAN,Ladang,,Buah-Buahan,02,005,BETIK SEKAKI,F.A.Q,Kilogram,2.2,2.2,
31041961,2026-10-08,2026-10-08 10:36:26.98097,NEGERI SEMBILAN,SEREMBAN,PASAR BESAR SEREMBAN - BAHAGIAN BORONG,Borong,20,Sayur-Sayuran,05,001,BAWANG BESAR KUNING / HOLLAND,F.A.Q,Kilogram,3.5,3.4333334,
31041962,2026-10-08,2026-10-08 10:36:26.98097,NEGERI SEMBILAN,SEREMBAN,PASAR BESAR SEREMBAN - BAHAGIAN BORONG,Borong,20,Sayur-Sayuran,05,001,BAWANG BESAR KUNING / HOLLAND,F.A.Q,Kilogram,3.8,3.4333334,
31041963,2026-10-08,2026-10-08 10:36:26.98097,NEGERI SEMBILAN,SEREMBAN,PASAR BESAR SEREMBAN - BAHAGIAN BORONG,Borong,20,Sayur-Sayuran,05,001,BAWANG BESAR KUNING / HOLLAND,F.A.Q,Kilogram,3.2,3.4333334,
31041964,2026-10-08,2026-10-08 10:36:26.98097,NEGERI SEMBILAN,SEREMBAN,PASAR BESAR SEREMBAN - BAHAGIAN BORONG,Borong,20,Sayur-Sayuran,05,001,BAWANG BESAR MERAH (INDIA),F.A.Q,Kilogram,3.3,3.3242424,
31041965,2026-10-08,2026-10-08 10:36:26.98097,NEGERI SEMBILAN,SEREMBAN,PASAR BESAR SEREMBAN - BAHAGIAN BORONG,Borong,20,Sayur-Sayuran,05,001,BAWANG BESAR MERAH (INDIA),F.A.Q,Kilogram,3.8,3.3242424,
31041966,2026-10-08,2026-10-08 10:36:26.98097,NEGERI SEMBILAN,SEREMBAN,PASAR BESAR SEREMBAN - BAHAGIAN BORONG,Borong,20,Sayur-Sayuran,05,001,BAWANG BESAR MERAH (INDIA),F.A.Q,Kilogram,3.6,3.3242424,
31041967,2026-10-08,2026-10-08 10:36:26.98097,NEGERI SEMBILAN,SEREMBAN,PASAR BESAR SEREMBAN - BAHAGIAN BORONG,Borong,20,Sayur-Sayuran,05,001,BAWANG MERAH / KECIL (INDIA),F.A.Q,Kilogram,4.8,5.0111113,
31041968,2026-10-08,2026-10-08 10:36:26.98097,NEGERI SEMBILAN,SEREMBAN,PASAR BESAR SEREMBAN - BAHAGIAN BORONG,Borong,20,Sayur-Sayuran,05,001,BAWANG MERAH / KECIL (INDIA),F.A.Q,Kilogram,5.5,5.0111113,
31041969,2026-10-08,2026-10-08 10:36:26.98097,NEGERI SEMBILAN,SEREMBAN,PASAR BESAR SEREMBAN - BAHAGIAN BORONG,Borong,20,Sayur-Sayuran,05,001,BAWANG MERAH / KECIL (INDIA),F.A.Q,Kilogram,5.1,5.0111113,
31041970,2026-10-08,2026-10-08 10:36:26.98097,NEGERI SEMBILAN,SEREMBAN,PASAR BESAR SEREMBAN - BAHAGIAN BORONG,Borong,20,Sayur-Sayuran,05,001,BAWANG MERAH / KECIL (THAI),F.A.Q,Kilogram,10.3,10.533334,
31041971,2026-10-08,2026-10-08 10:36:26.98097,NEGERI SEMBILAN,SEREMBAN,PASAR BESAR SEREMBAN - BAHAGIAN BORONG,Borong,20,Sayur-Sayuran,05,001,BAWANG MERAH / KECIL (THAI),F.A.Q,Kilogram,10.6,10.533334,
31041972,2026-10-08,2026-10-08 10:36:26.98097,NEGERI SEMBILAN,SEREMBAN,PASAR BESAR SEREMBAN - BAHAGIAN BORONG,Borong,20,Sayur-Sayuran,05,001,BAWANG MERAH / KECIL (THAI),F.A.Q,Kilogram,11.2,10.533334,
31041973,2026-10-08,2026-10-08 10:36:26.98097,NEGERI SEMBILAN,SEREMBAN,PASAR BESAR SEREMBAN - BAHAGIAN BORONG,Borong,20,Sayur-Sayuran,05,001,BAWANG MERAH ROSE,F.A.Q,Kilogram,5.7,6.111111,
31041974,2026-10-08,2026-10-08 10:36:26.98097,NEGERI SEMBILAN,SEREMBAN,PASAR BESAR SEREMBAN - BAHAGIAN BORONG,Borong,20,Sayur-Sayuran,05,001,BAWANG MERAH ROSE,F.A.Q,Kilogram,6.5,6.111111,
31041975,2026-10-08,2026-10-08 10:36:26.98097,NEGERI SEMBILAN,SEREMBAN,PASAR BESAR SEREMBAN - BAHAGIAN BORONG,Borong,20,Sayur-Sayuran,05,001,BAWANG MERAH ROSE,F.A.Q,Kilogram,6.2,6.111111,
31041976,2026-10-08,2026-10-08 10:36:26.98097,NEGERI SEMBILAN,SEREMBAN,PASAR BESAR SEREMBAN - BAHAGIAN BORONG,Borong,20,Sayur-Sayuran,05,001,BAWANG PUTIH (CHINA),F.A.Q,Kilogram,8.7,8.539394,
31041977,2026-10-08,2026-10-08 10:36:26.98097,NEGERI SEMBILAN,SEREMBAN,PASAR BESAR SEREMBAN - BAHAGIAN BORONG,Borong,20,Sayur-Sayuran,05,001,BAWANG PUTIH (CHINA),F.A.Q,Kilogram,9.2,8.539394,
31041978,2026-10-08,2026-10-08 10:36:26.98097,NEGERI SEMBILAN,SEREMBAN,PASAR BESAR SEREMBAN - BAHAGIAN BORONG,Borong,20,Sayur-Sayuran,05,001,BAWANG PUTIH (CHINA),F.A.Q,Kilogram,8.4,8.539394,
31041979,2026-10-08,2026-10-08 10:36:26.98097,NEGERI SEMBILAN,SEREMBAN,PASAR BESAR SEREMBAN - BAHAGIAN BORONG,Borong,20,Sayur-Sayuran,05,009,UBI KENTANG (IMPORT),F.A.Q,Kilogram,2.3,2.325,
31041980,2026-10-08,2026-10-08 10:36:26.98097,NEGERI SEMBILAN,SEREMBAN,PASAR BESAR SEREMBAN - BAHAGIAN BORONG,Borong,20,Sayur-Sayuran,05,009,UBI KENTANG (IMPORT),F.A.Q,Kilogram,2.5,2.325,
31041981,2026-10-08,2026-10-08 10:36:26.98097,NEGERI SEMBILAN,SEREMBAN,PASAR BESAR SEREMBAN - BAHAGIAN BORONG,Borong,20,Sayur-Sayuran,05,009,UBI KENTANG (IMPORT),F.A.Q,Kilogram,2.1,2.325,
31041982,2026-10-08,2026-10-08 10:36:26.98097,NEGERI SEMBILAN,SEREMBAN,PASAR BESAR SEREMBAN - BAHAGIAN BORONG,Borong,20,Sayur-Sayuran,05,009,UBI KENTANG HOLLAND,F.A.Q,Kilogram,2.8,3.04375,
31041983,2026-10-08,2026-10-08 10:36:26.98097,NEGERI SEMBILAN,SEREMBAN,PASAR BESAR SEREMBAN - BAHAGIAN BORONG,Borong,20,Sayur-Sayuran,05,009,UBI KENTANG HOLLAND,F.A.Q,Kilogram,3.4,3.04375,
31041984,2026-10-08,2026-10-08 10:36:26.98097,NEGERI SEMBILAN,SEREMBAN,PASAR BESAR SEREMBAN - BAHAGIAN BORONG,Borong,20,Sayur-Sayuran,05,009,UBI KENTANG HOLLAND,F.A.Q,Kilogram,3.1,3.04375,
31041985,2026-10-08,2026-10-08 10:36:29.58041,NEGERI SEMBILAN,SEREMBAN,PASAR BESAR SEREMBAN - BAHAGIAN RUNCIT,Runcit,26,Sayur-Sayuran,05,001,BAWANG BESAR KUNING / HOLLAND,F.A.Q,Kilogram,4.5,4.3,
31041986,2026-10-08,2026-10-08 10:36:29.58041,NEGERI SEMBILAN,SEREMBAN,PASAR BESAR SEREMBAN - BAHAGIAN RUNCIT,Runcit,26,Sayur-Sayuran,05,001,BAWANG BESAR KUNING / HOLLAND,F.A.Q,Kilogram,4,4.3,
31041987,2026-10-08,2026-10-08 10:36:29.58041,NEGERI SEMBILAN,SEREMBAN,PASAR BESAR SEREMBAN - BAHAGIAN RUNCIT,Runcit,26,Sayur-Sayuran,05,001,BAWANG BESAR KUNING / HOLLAND,F.A.Q,Kilogram,5,4.3,
31041988,2026-10-08,2026-10-08 10:36:29.58041,NEGERI SEMBILAN,SEREMBAN,PASAR BESAR SEREMBAN - BAHAGIAN RUNCIT,Runcit,26,Sayur-Sayuran,05,001,BAWANG BESAR MERAH (INDIA),F.A.Q,Kilogram,5,4.590909,
31041989,2026-10-08,2026-10-08 10:36:29.58041,NEGERI SEMBILAN,SEREMBAN,PASAR BESAR SEREMBAN - BAHAGIAN RUNCIT,Runcit,26,Sayur-Sayuran,05,001,BAWANG BESAR MERAH (INDIA),F.A.Q,Kilogram,5,4.590909,
31041990,2026-10-08,2026-10-08 10:36:29.58041,NEGERI SEMBILAN,SEREMBAN,PASAR BESAR SEREMBAN - BAHAGIAN RUNCIT,Runcit,26,Sayur-Sayuran,05,001,BAWANG BESAR MERAH (INDIA),F.A.Q,Kilogram,5.5,4.590909,
31041991,2026-10-08,2026-10-08 10:36:29.58041,NEGERI SEMBILAN,SEREMBAN,PASAR BESAR SEREMBAN - BAHAGIAN RUNCIT,Runcit,26,Sayur-Sayuran,05,001,BAWANG MERAH / KECIL (INDIA),F.A.Q,Kilogram,8,7.6666665,
31041992,2026-10-08,2026-10-08 10:36:29.58041,NEGERI SEMBILAN,SEREMBAN,PASAR BESAR SEREMBAN - BAHAGIAN RUNCIT,Runcit,26,Sayur-Sayuran,05,001,BAWANG MERAH / KECIL (INDIA),F.A.Q,Kilogram,7,7.6666665,
31041993,2026-10-08,2026-10-08 10:36:29.58041,NEGERI SEMBILAN,SEREMBAN,PASAR BESAR SEREMBAN - BAHAGIAN RUNCIT,Runcit,26,Sayur-Sayuran,05,001,BAWANG MERAH / KECIL (INDIA),F.A.Q,Kilogram,8.5,7.6666665,
31041994,2026-10-08,2026-10-08 10:36:29.58041,NEGERI SEMBILAN,SEREMBAN,PASAR BESAR SEREMBAN - BAHAGIAN RUNCIT,Runcit,26,Sayur-Sayuran,05,001,BAWANG MERAH / KECIL (THAI),F.A.Q,Kilogram,12,12.5,
31041995,2026-10-08,2026-10-08 10:36:29.58041,NEGERI SEMBILAN,SEREMBAN,PASAR BESAR SEREMBAN - BAHAGIAN RUNCIT,Runcit,26,Sayur-Sayuran,05,001,BAWANG MERAH / KECIL (THAI),F.A.Q,Kilogram,12.5,12.5,
31041996,2026-10-08,2026-10-08 10:36:29.58041,NEGERI SEMBILAN,SEREMBAN,PASAR BESAR SEREMBAN - BAHAGIAN RUNCIT,Runcit,26,Sayur-Sayuran,05,001,BAWANG MERAH / KECIL (THAI),F.A.Q,Kilogram,13.5,12.5,
31041997,2026-10-08,2026-10-08 10:36:29.58041,NEGERI SEMBILAN,SEREMBAN,PASAR BESAR SEREMBAN - BAHAGIAN RUNCIT,Runcit,26,Sayur-Sayuran,05,001,BAWANG MERAH ROSE,F.A.Q,Kilogram,8,8,
31041998,2026-10-08,2026-10-08 10:36:29.58041,NEGERI SEMBILAN,SEREMBAN,PASAR BESAR SEREMBAN - BAHAGIAN RUNCIT,Runcit,26,Sayur-Sayuran,05,001,BAWANG MERAH ROSE,F.A.Q,Kilogram,7.5,8,
31041999,2026-10-08,2026-10-08 10:36:29.58041,NEGERI SEMBILAN,SEREMBAN,PASAR BESAR SEREMBAN - BAHAGIAN RUNCIT,Runcit,26,Sayur-Sayuran,05,001,BAWANG MERAH ROSE,F.A.Q,Kilogram,8.5,8,
31042000,2026-10-08,2026-10-08 10:36:29.58041,NEGERI SEMBILAN,SEREMBAN,PASAR BESAR SEREMBAN - BAHAGIAN RUNCIT,Runcit,26,Sayur-Sayuran,05,001,BAWANG PUTIH (CHINA),F.A.Q,Kilogram,11,10.333333,
31042001,2026-10-08,2026-10-08 10:36:29.58041,NEGERI SEMBILAN,SEREMBAN,PASAR BESAR SEREMBAN - BAHAGIAN RUNCIT,Runcit,26,Sayur-Sayuran,05,001,BAWANG PUTIH (CHINA),F.A.Q,Kilogram,10,10.333333,
31042002,2026-10-08,2026-10-08 10:36:29.58041,NEGERI SEMBILAN,SEREMBAN,PASAR BESAR SEREMBAN - BAHAGIAN RUNCIT,Runcit,26,Sayur-Sayuran,05,001,BAWANG PUTIH (CHINA),F.A.Q,Kilogram,11,10.333333,
31042003,2026-10-08,2026-10-08 10:36:29.58041,NEGERI SEMBILAN,SEREMBAN,PASAR BESAR SEREMBAN - BAHAGIAN RUNCIT,Runcit,26,Sayur-Sayuran,05,009,UBI KENTANG (IMPORT),F.A.Q,Kilogram,3.5,3.49375,
31042004,2026-10-08,2026-10-08 10:36:29.58041,NEGERI SEMBILAN,SEREMBAN,PASAR BESAR SEREMBAN - BAHAGIAN RUNCIT,Runcit,26,Sayur-Sayuran,05,009,UBI KENTANG (IMPORT),F.A.Q,Kilogram,3.3,3.49375,
31042005,2026-10-08,2026-10-08 10:36:29.58041,NEGERI SEMBILAN,SEREMBAN,PASAR BESAR SEREMBAN - BAHAGIAN RUNCIT,Runcit,26,Sayur-Sayuran,05,009,UBI KENTANG (IMPORT),F.A.Q,Kilogram,3.6,3.49375,
31042006,2026-10-08,2026-10-08 10:36:29.58041,NEGERI SEMBILAN,SEREMBAN,PASAR BESAR SEREMBAN - BAHAGIAN RUNCIT,Runcit,26,Sayur-Sayuran,05,009,UBI KENTANG HOLLAND,F.A.Q,Kilogram,4.4,4.292857,
31042007,2026-10-08,2026-10-08 10:36:29.58041,NEGERI SEMBILAN,SEREMBAN,PASAR BESAR SEREMBAN - BAHAGIAN RUNCIT,Runcit,26,Sayur-Sayuran,05,009,UBI KENTANG HOLLAND,F.A.Q,Kilogram,4,4.292857,
31042008,2026-10-08,2026-10-08 10:36:29.58041,NEGERI SEMBILAN,SEREMBAN,PASAR BESAR SEREMBAN - BAHAGIAN RUNCIT,Runcit,26,Sayur-Sayuran,05,009,UBI KENTANG HOLLAND,F.A.Q,Kilogram,4.5,4.292857,
31042009,2026-10-08,2026-10-08 10:36:57.22409,KELANTAN,PASIR MAS,[PASAR BESAR] BANDAR TASIK RAJA,Runcit,26,Sayur-Sayuran,05,001,BAWANG BESAR KUNING / HOLLAND,F.A.Q,Kilogram,6,5.3333335,
31042010,2026-10-08,2026-10-08 10:36:57.22409,KELANTAN,PASIR MAS,[PASAR BESAR] BANDAR TASIK RAJA,Runcit,26,Sayur-Sayuran,05,001,BAWANG BESAR MERAH (INDIA),F.A.Q,Kilogram,5.5,4.8333335,
31042011,2026-10-08,2026-10-08 10:36:57.22409,KELANTAN,PASIR MAS,[PASAR BESAR] BANDAR TASIK RAJA,Runcit,26,Sayur-Sayuran,05,001,BAWANG MERAH / KECIL (IMPORT),F.A.Q,Kilogram,5.5,5.3333335,
31042012,2026-10-08,2026-10-08 10:36:57.22409,KELANTAN,PASIR MAS,[PASAR BESAR] BANDAR TASIK RAJA,Runcit,26,Sayur-Sayuran,05,001,BAWANG PUTIH (CHINA),F.A.Q,Kilogram,8.5,9,
31042013,2026-10-08,2026-10-08 10:36:57.22409,KELANTAN,PASIR MAS,[PASAR BESAR] BANDAR TASIK RAJA,Runcit,26,Sayur-Sayuran,03,001,BAYAM,F.A.Q,Kilogram,6,6,
31042014,2026-10-08,2026-10-08 10:36:57.22409,KELANTAN,PASIR MAS,[PASAR BESAR] BANDAR TASIK RAJA,Runcit,26,Sayur-Sayuran,02,002,CILI MERAH KULAI / KULAI HIBRID,F.A.Q,Kilogram,16,16.333334,
31042015,2026-10-08,2026-10-08 10:36:57.22409,KELANTAN,PASIR MAS,[PASAR BESAR] BANDAR TASIK RAJA,Runcit,26,Sayur-Sayuran,02,002,CILI MERAH MINYAK,F.A.Q,Kilogram,15,15.444445,
31042016,2026-10-08,2026-10-08 10:36:57.22409,KELANTAN,PASIR MAS,[PASAR BESAR] BANDAR TASIK RAJA,Runcit,26,Sayur-Sayuran,03,009,DAUN BAWANG (IMPORT),F.A.Q,Kilogram,11,6.5555553,
31042017,2026-10-08,2026-10-08 10:36:57.22409,KELANTAN,PASIR MAS,[PASAR BESAR] BANDAR TASIK RAJA,Runcit,26,Sayur-Sayuran,03,015,DAUN SUP (TANAH TINGGI),F.A.Q,Kilogram,7,10,
31042018,2026-10-08,2026-10-08 10:36:57.22409,KELANTAN,PASIR MAS,[PASAR BESAR] BANDAR TASIK RAJA,Runcit,26,Sayur-Sayuran,04,002,KACANG BENDI,F.A.Q,Kilogram,7,7.888889,
31042019,2026-10-08,2026-10-08 10:36:57.22409,KELANTAN,PASIR MAS,[PASAR BESAR] BANDAR TASIK RAJA,Runcit,26,Sayur-Sayuran,04,007,KACANG PANJANG HIJAU,F.A.Q,Kilogram,7,6.111111,
31042020,2026-10-08,2026-10-08 10:36:57.22409,KELANTAN,PASIR MAS,[PASAR BESAR] BANDAR TASIK RAJA,Runcit,26,Sayur-Sayuran,03,019,KANGKUNG,F.A.Q,Kilogram,5,5,
31042021,2026-10-08,2026-10-08 10:36:57.22409,KELANTAN,PASIR MAS,[PASAR BESAR] BANDAR TASIK RAJA,Runcit,26,Sayur-Sayuran,03,006,KUBIS BULAT (CHINA),F.A.Q,Kilogram,5,6,
31042022,2026-10-08,2026-10-08 10:36:57.22409,KELANTAN,PASIR MAS,[PASAR BESAR] BANDAR TASIK RAJA,Runcit,26,Sayur-Sayuran,03,007,SAWI HIJAU (IMPORT),F.A.Q,Kilogram,13,7.888889,
31042023,2026-10-08,2026-10-08 10:36:57.22409,KELANTAN,PASIR MAS,[PASAR BESAR] BANDAR TASIK RAJA,Runcit,26,Sayur-Sayuran,02,010,TERUNG PANJANG / PEPARU (TANAH RENDAH),F.A.Q,Kilogram,7,6.888889,
31042024,2026-10-08,2026-10-08 10:36:57.22409,KELANTAN,PASIR MAS,[PASAR BESAR] BANDAR TASIK RAJA,Runcit,26,Sayur-Sayuran,02,011,TIMUN HIJAU,F.A.Q,Kilogram,4,4.6666665,
31042025,2026-10-08,2026-10-08 10:36:57.22409,KELANTAN,PASIR MAS,[PASAR BESAR] BANDAR TASIK RAJA,Runcit,26,Sayur-Sayuran,02,012,TOMATO (TANAH TINGGI),F.A.Q,Kilogram,7,9.666667,
31042026,2026-10-08,2026-10-08 10:36:57.22409,KELANTAN,PASIR MAS,[PASAR BESAR] BANDAR TASIK RAJA,Runcit,26,Sayur-Sayuran,05,009,UBI KENTANG HOLLAND,F.A.Q,Kilogram,4,4,
31042027,2026-10-08,2026-10-08 10:37:15.578054,KELANTAN,PASIR MAS,[PASAR BESAR] BANDAR TASIK RAJA,Runcit,26,Buah-Buahan,02,028,PISANG BERANGAN,F.A.Q,Kilogram,6,5.62,
31042028,2026-10-08,2026-10-08 10:37:15.578054,KELANTAN,PASIR MAS,[PASAR BESAR] BANDAR TASIK RAJA,Runcit,26,Buah-Buahan,02,028,PISANG MAS,F.A.Q,Kilogram,5,5.43,
31042029,2026-10-08,2026-10-08 10:37:36.4309,PERLIS,PERLIS,[PASAR AWAM] ARAU,Runcit,26,Sayur-Sayuran,05,001,BAWANG BESAR KUNING / HOLLAND,F.A.Q,Kilogram,4.5,4.137931,
31042030,2026-10-08,2026-10-08 10:37:36.4309,PERLIS,PERLIS,[PASAR AWAM] ARAU,Runcit,26,Sayur-Sayuran,05,001,BAWANG BESAR KUNING / HOLLAND,F.A.Q,Kilogram,4.5,4.137931,
31042031,2026-10-08,2026-10-08 10:37:36.4309,PERLIS,PERLIS,[PASAR AWAM] ARAU,Runcit,26,Sayur-Sayuran,05,001,BAWANG BESAR MERAH (PAKISTAN),F.A.Q,Kilogram,6,6.4545455,
31042032,2026-10-08,2026-10-08 10:37:36.4309,PERLIS,PERLIS,[PASAR AWAM] ARAU,Runcit,26,Sayur-Sayuran,05,001,BAWANG BESAR MERAH (PAKISTAN),F.A.Q,Kilogram,6,6.4545455,
31042033,2026-10-08,2026-10-08 10:37:36.4309,PERLIS,PERLIS,[PASAR AWAM] ARAU,Runcit,26,Sayur-Sayuran,05,001,BAWANG BESAR MERAH (PAKISTAN),F.A.Q,Kilogram,6,6.4545455,
31042034,2026-10-08,2026-10-08 10:37:36.4309,PERLIS,PERLIS,[PASAR AWAM] ARAU,Runcit,26,Sayur-Sayuran,05,001,BAWANG MERAH / KECIL (PAKISTAN),F.A.Q,Kilogram,8,8.6,
31042035,2026-10-08,2026-10-08 10:37:36.4309,PERLIS,PERLIS,[PASAR AWAM] ARAU,Runcit,26,Sayur-Sayuran,05,001,BAWANG MERAH / KECIL (PAKISTAN),F.A.Q,Kilogram,8,8.6,
31042036,2026-10-08,2026-10-08 10:37:36.4309,PERLIS,PERLIS,[PASAR AWAM] ARAU,Runcit,26,Sayur-Sayuran,05,001,BAWANG MERAH / KECIL (PAKISTAN),F.A.Q,Kilogram,8,8.6,
31042037,2026-10-08,2026-10-08 10:37:36.4309,PERLIS,PERLIS,[PASAR AWAM] ARAU,Runcit,26,Sayur-Sayuran,05,001,BAWANG MERAH ROSE,F.A.Q,Kilogram,12,10.26,
31042038,2026-10-08,2026-10-08 10:37:36.4309,PERLIS,PERLIS,[PASAR AWAM] ARAU,Runcit,26,Sayur-Sayuran,05,001,BAWANG PUTIH (CHINA),F.A.Q,Kilogram,12,10.294118,
31042039,2026-10-08,2026-10-08 10:37:36.4309,PERLIS,PERLIS,[PASAR AWAM] ARAU,Runcit,26,Sayur-Sayuran,05,001,BAWANG PUTIH (CHINA),F.A.Q,Kilogram,12,10.294118,
31042040,2026-10-08,2026-10-08 10:37:36.4309,PERLIS,PERLIS,[PASAR AWAM] ARAU,Runcit,26,Sayur-Sayuran,05,001,BAWANG PUTIH (CHINA),F.A.Q,Kilogram,12,10.294118,
31042041,2026-10-08,2026-10-08 10:37:36.4309,PERLIS,PERLIS,[PASAR AWAM] ARAU,Runcit,26,Sayur-Sayuran,03,001,BAYAM,F.A.Q,Kilogram,6,6.217949,
31042042,2026-10-08,2026-10-08 10:37:36.4309,PERLIS,PERLIS,[PASAR AWAM] ARAU,Runcit,26,Sayur-Sayuran,03,001,BAYAM,F.A.Q,Kilogram,6,6.217949,
31042043,2026-10-08,2026-10-08 10:37:36.4309,PERLIS,PERLIS,[PASAR AWAM] ARAU,Runcit,26,Sayur-Sayuran,03,001,BAYAM,F.A.Q,Kilogram,6,6.217949,
31042044,2026-10-08,2026-10-08 10:37:36.4309,PERLIS,PERLIS,[PASAR AWAM] ARAU,Runcit,26,Sayur-Sayuran,02,002,CILI HIJAU,F.A.Q,Kilogram,12,12.75,
31042045,2026-10-08,2026-10-08 10:37:36.4309,PERLIS,PERLIS,[PASAR AWAM] ARAU,Runcit,26,Sayur-Sayuran,02,002,CILI MERAH (VIETNAM),F.A.Q,Kilogram,13,12.225,
31042046,2026-10-08,2026-10-08 10:37:36.4309,PERLIS,PERLIS,[PASAR AWAM] ARAU,Runcit,26,Sayur-Sayuran,02,002,CILI MERAH KULAI / KULAI HIBRID,F.A.Q,Kilogram,18,17.328571,
31042047,2026-10-08,2026-10-08 10:37:36.4309,PERLIS,PERLIS,[PASAR AWAM] ARAU,Runcit,26,Sayur-Sayuran,02,002,CILI MERAH MINYAK,F.A.Q,Kilogram,18,14.692857,
31042048,2026-10-08,2026-10-08 10:37:36.4309,PERLIS,PERLIS,[PASAR AWAM] ARAU,Runcit,26,Sayur-Sayuran,03,009,DAUN BAWANG,F.A.Q,Kilogram,15,8.604167,
31042049,2026-10-08,2026-10-08 10:37:36.4309,PERLIS,PERLIS,[PASAR AWAM] ARAU,Runcit,26,Sayur-Sayuran,03,009,DAUN BAWANG,F.A.Q,Kilogram,15,8.604167,
31042050,2026-10-08,2026-10-08 10:37:36.4309,PERLIS,PERLIS,[PASAR AWAM] ARAU,Runcit,26,Sayur-Sayuran,03,009,DAUN BAWANG,F.A.Q,Kilogram,15,8.604167,
31042051,2026-10-08,2026-10-08 10:37:36.4309,PERLIS,PERLIS,[PASAR AWAM] ARAU,Runcit,26,Sayur-Sayuran,03,015,DAUN SUP (TANAH TINGGI),F.A.Q,Kilogram,12,13.9375,
31042052,2026-10-08,2026-10-08 10:37:36.4309,PERLIS,PERLIS,[PASAR AWAM] ARAU,Runcit,26,Sayur-Sayuran,03,015,DAUN SUP (TANAH TINGGI),F.A.Q,Kilogram,15,13.9375,
31042053,2026-10-08,2026-10-08 10:37:36.4309,PERLIS,PERLIS,[PASAR AWAM] ARAU,Runcit,26,Sayur-Sayuran,03,015,DAUN SUP (TANAH TINGGI),F.A.Q,Kilogram,12,13.9375,
31042054,2026-10-08,2026-10-08 10:37:36.4309,PERLIS,PERLIS,[PASAR AWAM] ARAU,Runcit,26,Sayur-Sayuran,04,002,KACANG BENDI,F.A.Q,Kilogram,9,8.897436,
31042055,2026-10-08,2026-10-08 10:37:36.4309,PERLIS,PERLIS,[PASAR AWAM] ARAU,Runcit,26,Sayur-Sayuran,04,002,KACANG BENDI,F.A.Q,Kilogram,9,8.897436,
31042056,2026-10-08,2026-10-08 10:37:36.4309,PERLIS,PERLIS,[PASAR AWAM] ARAU,Runcit,26,Sayur-Sayuran,04,002,KACANG BENDI,F.A.Q,Kilogram,8,8.897436,
31042057,2026-10-08,2026-10-08 10:37:36.4309,PERLIS,PERLIS,[PASAR AWAM] ARAU,Runcit,26,Sayur-Sayuran,04,003,KACANG BUNCIS,F.A.Q,Kilogram,15,11.9375,
31042058,2026-10-08,2026-10-08 10:37:36.4309,PERLIS,PERLIS,[PASAR AWAM] ARAU,Runcit,26,Sayur-Sayuran,04,003,KACANG BUNCIS,F.A.Q,Kilogram,15,11.9375,
31042059,2026-10-08,2026-10-08 10:37:36.4309,PERLIS,PERLIS,[PASAR AWAM] ARAU,Runcit,26,Sayur-Sayuran,04,003,KACANG BUNCIS,F.A.Q,Kilogram,15,11.9375,
31042060,2026-10-08,2026-10-08 10:37:36.4309,PERLIS,PERLIS,[PASAR AWAM] ARAU,Runcit,26,Sayur-Sayuran,04,007,KACANG PANJANG HIJAU,F.A.Q,Kilogram,8,7.868421,
31042061,2026-10-08,2026-10-08 10:37:36.4309,PERLIS,PERLIS,[PASAR AWAM] ARAU,Runcit,26,Sayur-Sayuran,04,007,KACANG PANJANG HIJAU,F.A.Q,Kilogram,8,7.868421,
31042062,2026-10-08,2026-10-08 10:37:36.4309,PERLIS,PERLIS,[PASAR AWAM] ARAU,Runcit,26,Sayur-Sayuran,04,007,KACANG PANJANG HIJAU,F.A.Q,Kilogram,8,7.868421,
31042063,2026-10-08,2026-10-08 10:37:36.4309,PERLIS,PERLIS,[PASAR AWAM] ARAU,Runcit,26,Sayur-Sayuran,03,019,KANGKUNG,F.A.Q,Kilogram,6,6,
31042064,2026-10-08,2026-10-08 10:37:36.4309,PERLIS,PERLIS,[PASAR AWAM] ARAU,Runcit,26,Sayur-Sayuran,03,019,KANGKUNG,F.A.Q,Kilogram,6,6,
31042065,2026-10-08,2026-10-08 10:37:36.4309,PERLIS,PERLIS,[PASAR AWAM] ARAU,Runcit,26,Sayur-Sayuran,03,019,KANGKUNG,F.A.Q,Kilogram,6,6,
31042066,2026-10-08,2026-10-08 10:37:36.4309,PERLIS,PERLIS,[PASAR AWAM] ARAU,Runcit,26,Sayur-Sayuran,03,006,KUBIS BULAT (CHINA),F.A.Q,Kilogram,4.5,3.9791667,
31042067,2026-10-08,2026-10-08 10:37:36.4309,PERLIS,PERLIS,[PASAR AWAM] ARAU,Runcit,26,Sayur-Sayuran,03,006,KUBIS BULAT (CHINA),F.A.Q,Kilogram,4.5,3.9791667,
31042068,2026-10-08,2026-10-08 10:37:36.4309,PERLIS,PERLIS,[PASAR AWAM] ARAU,Runcit,26,Sayur-Sayuran,03,006,KUBIS BULAT (CHINA),F.A.Q,Kilogram,3.5,3.9791667,
31042069,2026-10-08,2026-10-08 10:37:36.4309,PERLIS,PERLIS,[PASAR AWAM] ARAU,Runcit,26,Sayur-Sayuran,03,007,SAWI HIJAU (IMPORT),F.A.Q,Kilogram,10,6.925,
31042070,2026-10-08,2026-10-08 10:37:36.4309,PERLIS,PERLIS,[PASAR AWAM] ARAU,Runcit,26,Sayur-Sayuran,03,007,SAWI HIJAU TANAH TINGGI,F.A.Q,Kilogram,10,5.5111113,
31042071,2026-10-08,2026-10-08 10:37:36.4309,PERLIS,PERLIS,[PASAR AWAM] ARAU,Runcit,26,Sayur-Sayuran,03,007,SAWI HIJAU TANAH TINGGI,F.A.Q,Kilogram,10,5.5111113,
31042072,2026-10-08,2026-10-08 10:37:36.4309,PERLIS,PERLIS,[PASAR AWAM] ARAU,Runcit,26,Sayur-Sayuran,02,010,TERUNG PANJANG / PEPARU (IMPORT),F.A.Q,Kilogram,8,7.55,
31042073,2026-10-08,2026-10-08 10:37:36.4309,PERLIS,PERLIS,[PASAR AWAM] ARAU,Runcit,26,Sayur-Sayuran,02,010,TERUNG PANJANG / PEPARU (TANAH RENDAH),F.A.Q,Kilogram,8,7.216216,
31042074,2026-10-08,2026-10-08 10:37:36.4309,PERLIS,PERLIS,[PASAR AWAM] ARAU,Runcit,26,Sayur-Sayuran,02,010,TERUNG PANJANG / PEPARU (TANAH RENDAH),F.A.Q,Kilogram,7,7.216216,
31042075,2026-10-08,2026-10-08 10:37:36.4309,PERLIS,PERLIS,[PASAR AWAM] ARAU,Runcit,26,Sayur-Sayuran,02,011,TIMUN HIJAU,F.A.Q,Kilogram,5,4.0540543,
31042076,2026-10-08,2026-10-08 10:37:36.4309,PERLIS,PERLIS,[PASAR AWAM] ARAU,Runcit,26,Sayur-Sayuran,02,011,TIMUN HIJAU,F.A.Q,Kilogram,4,4.0540543,
31042077,2026-10-08,2026-10-08 10:37:36.4309,PERLIS,PERLIS,[PASAR AWAM] ARAU,Runcit,26,Sayur-Sayuran,02,011,TIMUN HIJAU (IMPORT),F.A.Q,Kilogram,5,4.5,
31042078,2026-10-08,2026-10-08 10:37:36.4309,PERLIS,PERLIS,[PASAR AWAM] ARAU,Runcit,26,Sayur-Sayuran,02,012,TOMATO (TANAH TINGGI),F.A.Q,Kilogram,8,8.909091,
31042079,2026-10-08,2026-10-08 10:37:36.4309,PERLIS,PERLIS,[PASAR AWAM] ARAU,Runcit,26,Sayur-Sayuran,02,012,TOMATO (TANAH TINGGI),F.A.Q,Kilogram,8,8.909091,
31042080,2026-10-08,2026-10-08 10:37:36.4309,PERLIS,PERLIS,[PASAR AWAM] ARAU,Runcit,26,Sayur-Sayuran,02,012,TOMATO (TANAH TINGGI),F.A.Q,Kilogram,8,8.909091,
31042081,2026-10-08,2026-10-08 10:37:36.4309,PERLIS,PERLIS,[PASAR AWAM] ARAU,Runcit,26,Sayur-Sayuran,05,009,UBI KENTANG (IMPORT),F.A.Q,Kilogram,5,4.246875,
31042082,2026-10-08,2026-10-08 10:37:36.4309,PERLIS,PERLIS,[PASAR AWAM] ARAU,Runcit,26,Sayur-Sayuran,05,009,UBI KENTANG (IMPORT),F.A.Q,Kilogram,4.5,4.246875,
31042083,2026-10-08,2026-10-08 10:37:36.4309,PERLIS,PERLIS,[PASAR AWAM] ARAU,Runcit,26,Sayur-Sayuran,05,009,UBI KENTANG (IMPORT),F.A.Q,Kilogram,4.5,4.246875,
31042084,2026-10-08,2026-10-08 10:37:57.798576,PERAK,BATANG PADANG,PASAR AWAM TAPAH,Runcit,26,Ternakan,03,002,AYAM PROSES STANDARD,F.A.Q,Kilogram,9.9,9.9,
31042085,2026-10-08,2026-10-08 10:39:03.726966,PERAK,BATANG PADANG,PASAR AWAM TAPAH,Runcit,26,Buah-Buahan,02,005,BETIK SEKAKI,F.A.Q,Kilogram,5,5,
31042086,2026-10-08,2026-10-08 10:39:03.726966,PERAK,BATANG PADANG,PASAR AWAM TAPAH,Runcit,26,Buah-Buahan,02,028,PISANG BERANGAN,F.A.Q,Kilogram,6,6,
31042087,2026-10-08,2026-10-08 10:39:03.726966,PERAK,BATANG PADANG,PASAR AWAM TAPAH,Runcit,26,Buah-Buahan,02,028,PISANG MAS,F.A.Q,Kilogram,6,6,
31042088,2026-10-08,2026-10-08 10:39:03.726966,PERAK,BATANG PADANG,PASAR AWAM TAPAH,Runcit,26,Buah-Buahan,02,034,TEMBIKAI MERAH TANPA BIJI,F.A.Q,Kilogram,3.5,3.7,
31042089,2026-10-08,2026-10-08 10:39:16.62957,KELANTAN,PASIR MAS,[PASAR BESAR] BANDAR TASIK RAJA,Runcit,26,Sayur-Sayuran,05,001,BAWANG BESAR KUNING / HOLLAND,F.A.Q,Kilogram,6,5.3333335,
31042090,2026-10-08,2026-10-08 10:39:16.62957,KELANTAN,PASIR MAS,[PASAR BESAR] BANDAR TASIK RAJA,Runcit,26,Sayur-Sayuran,05,001,BAWANG BESAR MERAH (INDIA),F.A.Q,Kilogram,5.5,4.8333335,
31042091,2026-10-08,2026-10-08 10:39:16.62957,KELANTAN,PASIR MAS,[PASAR BESAR] BANDAR TASIK RAJA,Runcit,26,Sayur-Sayuran,05,001,BAWANG MERAH / KECIL (IMPORT),F.A.Q,Kilogram,6,5.3333335,
31042092,2026-10-08,2026-10-08 10:39:16.62957,KELANTAN,PASIR MAS,[PASAR BESAR] BANDAR TASIK RAJA,Runcit,26,Sayur-Sayuran,05,001,BAWANG PUTIH (CHINA),F.A.Q,Kilogram,9,9,
31042093,2026-10-08,2026-10-08 10:39:16.62957,KELANTAN,PASIR MAS,[PASAR BESAR] BANDAR TASIK RAJA,Runcit,26,Sayur-Sayuran,03,001,BAYAM,F.A.Q,Kilogram,6,6,
31042094,2026-10-08,2026-10-08 10:39:16.62957,KELANTAN,PASIR MAS,[PASAR BESAR] BANDAR TASIK RAJA,Runcit,26,Sayur-Sayuran,02,002,CILI MERAH KULAI / KULAI HIBRID,F.A.Q,Kilogram,17,16.333334,
31042095,2026-10-08,2026-10-08 10:39:16.62957,KELANTAN,PASIR MAS,[PASAR BESAR] BANDAR TASIK RAJA,Runcit,26,Sayur-Sayuran,02,002,CILI MERAH MINYAK,F.A.Q,Kilogram,16,15.444445,
31042096,2026-10-08,2026-10-08 10:39:16.62957,KELANTAN,PASIR MAS,[PASAR BESAR] BANDAR TASIK RAJA,Runcit,26,Sayur-Sayuran,03,009,DAUN BAWANG (IMPORT),F.A.Q,Kilogram,12,6.5555553,
31042097,2026-10-08,2026-10-08 10:39:16.62957,KELANTAN,PASIR MAS,[PASAR BESAR] BANDAR TASIK RAJA,Runcit,26,Sayur-Sayuran,03,015,DAUN SUP (TANAH TINGGI),F.A.Q,Kilogram,8,10,
31042098,2026-10-08,2026-10-08 10:39:16.62957,KELANTAN,PASIR MAS,[PASAR BESAR] BANDAR TASIK RAJA,Runcit,26,Sayur-Sayuran,04,002,KACANG BENDI,F.A.Q,Kilogram,8,7.888889,
31042099,2026-10-08,2026-10-08 10:39:16.62957,KELANTAN,PASIR MAS,[PASAR BESAR] BANDAR TASIK RAJA,Runcit,26,Sayur-Sayuran,04,007,KACANG PANJANG HIJAU,F.A.Q,Kilogram,8,6.111111,
31042100,2026-10-08,2026-10-08 10:39:16.62957,KELANTAN,PASIR MAS,[PASAR BESAR] BANDAR TASIK RAJA,Runcit,26,Sayur-Sayuran,03,019,KANGKUNG,F.A.Q,Kilogram,5,5,
31042101,2026-10-08,2026-10-08 10:39:16.62957,KELANTAN,PASIR MAS,[PASAR BESAR] BANDAR TASIK RAJA,Runcit,26,Sayur-Sayuran,03,006,KUBIS BULAT (CHINA),F.A.Q,Kilogram,6,6,
31042102,2026-10-08,2026-10-08 10:39:16.62957,KELANTAN,PASIR MAS,[PASAR BESAR] BANDAR TASIK RAJA,Runcit,26,Sayur-Sayuran,03,007,SAWI HIJAU (IMPORT),F.A.Q,Kilogram,14,7.888889,
31042103,2026-10-08,2026-10-08 10:39:16.62957,KELANTAN,PASIR MAS,[PASAR BESAR] BANDAR TASIK RAJA,Runcit,26,Sayur-Sayuran,02,010,TERUNG PANJANG / PEPARU (TANAH RENDAH),F.A.Q,Kilogram,8,6.888889,
31042104,2026-10-08,2026-10-08 10:39:16.62957,KELANTAN,PASIR MAS,[PASAR BESAR] BANDAR TASIK RAJA,Runcit,26,Sayur-Sayuran,02,011,TIMUN HIJAU,F.A.Q,Kilogram,4,4.6666665,
31042105,2026-10-08,2026-10-08 10:39:16.62957,KELANTAN,PASIR MAS,[PASAR BESAR] BANDAR TASIK RAJA,Runcit,26,Sayur-Sayuran,02,012,TOMATO (TANAH TINGGI),F.A.Q,Kilogram,7,9.666667,
31042106,2026-10-08,2026-10-08 10:39:16.62957,KELANTAN,PASIR MAS,[PASAR BESAR] BANDAR TASIK RAJA,Runcit,26,Sayur-Sayuran,05,009,UBI KENTANG HOLLAND,F.A.Q,Kilogram,4,4,
31042107,2026-10-08,2026-10-08 10:39:17.529426,KEDAH,SIK,[LOKASI KUTIPAN HARGA LADANG] SIK,Ladang,,Sayur-Sayuran,02,011,TIMUN HIJAU,F.A.Q,Kilogram,1,0.85,
31042108,2026-10-08,2026-10-08 10:39:34.273124,KELANTAN,PASIR MAS,[PASAR BESAR] BANDAR TASIK RAJA,Runcit,26,Buah-Buahan,02,028,PISANG BERANGAN,F.A.Q,Kilogram,6,5.62,
31042109,2026-10-08,2026-10-08 10:39:34.273124,KELANTAN,PASIR MAS,[PASAR BESAR] BANDAR TASIK RAJA,Runcit,26,Buah-Buahan,02,028,PISANG MAS,F.A.Q,Kilogram,5,5.43,
31042110,2026-10-08,2026-10-08 10:40:05.86618,KEDAH,SIK,[LOKASI KUTIPAN HARGA LADANG] JENERI,Ladang,,Buah-Buahan,02,005,BETIK SEKAKI,F.A.Q,Kilogram,2.7,2.4,
31042111,2026-10-08,2026-10-08 10:40:05.86618,KEDAH,SIK,[LOKASI KUTIPAN HARGA LADANG] JENERI,Ladang,,Buah-Buahan,02,028,PISANG BERANGAN,F.A.Q,Kilogram,3,3,
31042112,2026-10-08,2026-10-08 10:40:17.849368,PERAK,BATANG PADANG,PASAR AWAM TAPAH,Runcit,26,Ternakan,11,001,TELUR AYAM,A,Biji,0.53,0.53,
31042113,2026-10-08,2026-10-08 10:40:17.849368,PERAK,BATANG PADANG,PASAR AWAM TAPAH,Runcit,26,Ternakan,11,001,TELUR AYAM,B,Biji,0.52,0.52,
31042114,2026-10-08,2026-10-08 10:40:17.849368,PERAK,BATANG PADANG,PASAR AWAM TAPAH,Runcit,26,Ternakan,11,001,TELUR AYAM,C,Biji,0.51,0.51,
31042115,2026-10-08,2026-10-08 10:40:21.215669,KEDAH,SIK,PASAR AWAM PEKAN SIK,Runcit,26,Ternakan,03,002,AYAM PROSES STANDARD,F.A.Q,Kilogram,9.8,9.8,
31042116,2026-10-08,2026-10-08 10:42:09.420372,MELAKA,JASIN,LADANG/KEBUN MERLIMAU,Ladang,,Sayur-Sayuran,02,002,CILI MERAH KULAI / KULAI HIBRID,F.A.Q,Kilogram,9.8,9.5,
31042117,2026-10-08,2026-10-08 10:42:09.420372,MELAKA,JASIN,LADANG/KEBUN MERLIMAU,Ladang,,Sayur-Sayuran,04,007,KACANG PANJANG HIJAU,F.A.Q,Kilogram,3.8,4.425,
31042118,2026-10-08,2026-10-08 10:42:09.420372,MELAKA,JASIN,LADANG/KEBUN MERLIMAU,Ladang,,Sayur-Sayuran,02,010,TERUNG PANJANG / PEPARU (TANAH RENDAH),F.A.Q,Kilogram,4.8,4.9,
31042119,2026-10-08,2026-10-08 10:42:25.737095,MELAKA,JASIN,LADANG/KEBUN MERLIMAU,Ladang,27,Buah-Buahan,02,028,PISANG BERANGAN,F.A.Q,Kilogram,3,3,
31042120,2026-10-08,2026-10-08 10:42:32.12393,KELANTAN,PASIR MAS,[PASAR BESAR] BANDAR TASIK RAJA,Runcit,26,Sayur-Sayuran,05,001,BAWANG BESAR KUNING / HOLLAND,F.A.Q,Kilogram,6,5.3333335,
31042121,2026-10-08,2026-10-08 10:42:32.12393,KELANTAN,PASIR MAS,[PASAR BESAR] BANDAR TASIK RAJA,Runcit,26,Sayur-Sayuran,05,001,BAWANG BESAR MERAH (INDIA),F.A.Q,Kilogram,5.5,4.8333335,
31042122,2026-10-08,2026-10-08 10:42:32.12393,KELANTAN,PASIR MAS,[PASAR BESAR] BANDAR TASIK RAJA,Runcit,26,Sayur-Sayuran,05,001,BAWANG MERAH / KECIL (IMPORT),F.A.Q,Kilogram,6,5.3333335,
31042123,2026-10-08,2026-10-08 10:42:32.12393,KELANTAN,PASIR MAS,[PASAR BESAR] BANDAR TASIK RAJA,Runcit,26,Sayur-Sayuran,05,001,BAWANG PUTIH (CHINA),F.A.Q,Kilogram,9,9,
31042124,2026-10-08,2026-10-08 10:42:32.12393,KELANTAN,PASIR MAS,[PASAR BESAR] BANDAR TASIK RAJA,Runcit,26,Sayur-Sayuran,03,001,BAYAM,F.A.Q,Kilogram,6,6,
31042125,2026-10-08,2026-10-08 10:42:32.12393,KELANTAN,PASIR MAS,[PASAR BESAR] BANDAR TASIK RAJA,Runcit,26,Sayur-Sayuran,02,002,CILI MERAH KULAI / KULAI HIBRID,F.A.Q,Kilogram,17,16.333334,
31042126,2026-10-08,2026-10-08 10:42:32.12393,KELANTAN,PASIR MAS,[PASAR BESAR] BANDAR TASIK RAJA,Runcit,26,Sayur-Sayuran,02,002,CILI MERAH MINYAK,F.A.Q,Kilogram,16,15.444445,
31042127,2026-10-08,2026-10-08 10:42:32.12393,KELANTAN,PASIR MAS,[PASAR BESAR] BANDAR TASIK RAJA,Runcit,26,Sayur-Sayuran,03,009,DAUN BAWANG (IMPORT),F.A.Q,Kilogram,11,6.5555553,
31042128,2026-10-08,2026-10-08 10:42:32.12393,KELANTAN,PASIR MAS,[PASAR BESAR] BANDAR TASIK RAJA,Runcit,26,Sayur-Sayuran,03,015,DAUN SUP (TANAH TINGGI),F.A.Q,Kilogram,7,10,
31042129,2026-10-08,2026-10-08 10:42:32.12393,KELANTAN,PASIR MAS,[PASAR BESAR] BANDAR TASIK RAJA,Runcit,26,Sayur-Sayuran,04,002,KACANG BENDI,F.A.Q,Kilogram,8,7.888889,
31042130,2026-10-08,2026-10-08 10:42:32.12393,KELANTAN,PASIR MAS,[PASAR BESAR] BANDAR TASIK RAJA,Runcit,26,Sayur-Sayuran,04,007,KACANG PANJANG HIJAU,F.A.Q,Kilogram,8,6.111111,
31042131,2026-10-08,2026-10-08 10:42:32.12393,KELANTAN,PASIR MAS,[PASAR BESAR] BANDAR TASIK RAJA,Runcit,26,Sayur-Sayuran,03,019,KANGKUNG,F.A.Q,Kilogram,5,5,
31042132,2026-10-08,2026-10-08 10:42:32.12393,KELANTAN,PASIR MAS,[PASAR BESAR] BANDAR TASIK RAJA,Runcit,26,Sayur-Sayuran,03,006,KUBIS BULAT (CHINA),F.A.Q,Kilogram,6,6,
31042133,2026-10-08,2026-10-08 10:42:32.12393,KELANTAN,PASIR MAS,[PASAR BESAR] BANDAR TASIK RAJA,Runcit,26,Sayur-Sayuran,03,007,SAWI HIJAU (IMPORT),F.A.Q,Kilogram,14,7.888889,
31042134,2026-10-08,2026-10-08 10:42:32.12393,KELANTAN,PASIR MAS,[PASAR BESAR] BANDAR TASIK RAJA,Runcit,26,Sayur-Sayuran,02,010,TERUNG PANJANG / PEPARU (TANAH RENDAH),F.A.Q,Kilogram,8,6.888889,
31042135,2026-10-08,2026-10-08 10:42:32.12393,KELANTAN,PASIR MAS,[PASAR BESAR] BANDAR TASIK RAJA,Runcit,26,Sayur-Sayuran,02,011,TIMUN HIJAU,F.A.Q,Kilogram,4,4.6666665,
31042136,2026-10-08,2026-10-08 10:42:32.12393,KELANTAN,PASIR MAS,[PASAR BESAR] BANDAR TASIK RAJA,Runcit,26,Sayur-Sayuran,02,012,TOMATO (TANAH TINGGI),F.A.Q,Kilogram,7,9.666667,
31042137,2026-10-08,2026-10-08 10:42:32.12393,KELANTAN,PASIR MAS,[PASAR BESAR] BANDAR TASIK RAJA,Runcit,26,Sayur-Sayuran,05,009,UBI KENTANG HOLLAND,F.A.Q,Kilogram,4,4,
31042138,2026-10-08,2026-10-08 10:42:39.843731,PERLIS,PERLIS,LADANG/KEBUN PAUH,Ladang,,Sayur-Sayuran,04,002,KACANG BENDI,F.A.Q,Kilogram,3,3.39,
31042139,2026-10-08,2026-10-08 10:42:55.545277,MELAKA,JASIN,,Ladang,27,Sayur-Sayuran,02,002,CILI MERAH KULAI / KULAI HIBRID,F.A.Q,Kilogram,9.5,9.51,
31042140,2026-10-08,2026-10-08 10:42:55.545277,MELAKA,JASIN,,Ladang,27,Sayur-Sayuran,04,007,KACANG PANJANG HIJAU,F.A.Q,Kilogram,4,4.7,
31042141,2026-10-08,2026-10-08 10:42:56.089351,PERAK,KINTA,[PASAR BORONG] JALAN LAXAMANA,Borong,20,Tanaman Kontan,05,001,KELAPA DIKUPAS,SEDANG,Biji,1.9,2,
31042142,2026-10-08,2026-10-08 10:43:03.674147,KEDAH,SIK,PASAR AWAM PEKAN SIK,Runcit,26,Sayur-Sayuran,03,001,BAYAM,F.A.Q,Kilogram,4.5,5,
31042143,2026-10-08,2026-10-08 10:43:03.674147,KEDAH,SIK,PASAR AWAM PEKAN SIK,Runcit,26,Sayur-Sayuran,02,002,CILI MERAH KULAI / KULAI HIBRID,F.A.Q,Kilogram,18,16.666666,
31042144,2026-10-08,2026-10-08 10:43:03.674147,KEDAH,SIK,PASAR AWAM PEKAN SIK,Runcit,26,Sayur-Sayuran,04,002,KACANG BENDI,F.A.Q,Kilogram,8,7.6666665,
31042145,2026-10-08,2026-10-08 10:43:03.674147,KEDAH,SIK,PASAR AWAM PEKAN SIK,Runcit,26,Sayur-Sayuran,04,003,KACANG BUNCIS,F.A.Q,Kilogram,10.5,10.666667,
31042146,2026-10-08,2026-10-08 10:43:03.674147,KEDAH,SIK,PASAR AWAM PEKAN SIK,Runcit,26,Sayur-Sayuran,04,007,KACANG PANJANG HIJAU,F.A.Q,Kilogram,9,8.333333,
31042147,2026-10-08,2026-10-08 10:43:03.674147,KEDAH,SIK,PASAR AWAM PEKAN SIK,Runcit,26,Sayur-Sayuran,03,019,KANGKUNG,F.A.Q,Kilogram,4.5,5,
31042148,2026-10-08,2026-10-08 10:43:03.674147,KEDAH,SIK,PASAR AWAM PEKAN SIK,Runcit,26,Sayur-Sayuran,03,006,KUBIS BULAT (CHINA),F.A.Q,Kilogram,4,3.5666666,
31042149,2026-10-08,2026-10-08 10:43:03.674147,KEDAH,SIK,PASAR AWAM PEKAN SIK,Runcit,26,Sayur-Sayuran,03,007,SAWI HIJAU TANAH TINGGI,F.A.Q,Kilogram,6,6.5,
31042150,2026-10-08,2026-10-08 10:43:03.674147,KEDAH,SIK,PASAR AWAM PEKAN SIK,Runcit,26,Sayur-Sayuran,02,010,TERUNG PANJANG / PEPARU (TANAH RENDAH),F.A.Q,Kilogram,7.5,9.333333,
31042151,2026-10-08,2026-10-08 10:43:03.674147,KEDAH,SIK,PASAR AWAM PEKAN SIK,Runcit,26,Sayur-Sayuran,02,011,TIMUN HIJAU,F.A.Q,Kilogram,4,3.6666667,
31042152,2026-10-08,2026-10-08 10:43:03.674147,KEDAH,SIK,PASAR AWAM PEKAN SIK,Runcit,26,Sayur-Sayuran,02,012,TOMATO (TANAH TINGGI),F.A.Q,Kilogram,6,5.8333335,
31042153,2026-10-08,2026-10-08 10:43:12.28206,MELAKA,JASIN,,Runcit,26,Ternakan,03,002,AYAM PROSES STANDARD,F.A.Q,Kilogram,9.8,9.8,
31042154,2026-10-08,2026-10-08 10:43:19.094617,PERAK,KINTA,PASAR BESAR IPOH,Runcit,26,Lain-Lain Makanan Proses,15,001,SANTAN PEKAT,F.A.Q,Kilogram,15,15,
31042155,2026-10-08,2026-10-08 10:43:29.811097,PERAK,KINTA,PASAR BESAR IPOH,Runcit,26,Tanaman Kontan,05,001,KELAPA DIKUPAS,SEDANG,Biji,2.6,2.8,
31042156,2026-10-08,2026-10-08 10:43:51.891989,PERAK,KINTA,LADANG/KEBUN IPOH,Ladang,,Tanaman Kontan,05,001,KELAPA DIKUPAS,SEDANG,Biji,1.4,1.4,
31042157,2026-10-08,2026-10-08 10:43:55.75023,TERENGGANU,MARANG,[PASAR AWAM] BUKIT PAYONG,Runcit,,Ternakan,03,002,AYAM PROSES STANDARD,F.A.Q,Kilogram,10.4,9.99,
31042158,2026-10-08,2026-10-08 10:44:36.727766,PERAK,KINTA,PASAR BORONG KUALA PARI,Borong,20,Ternakan,03,002,AYAM PROSES STANDARD,F.A.Q,Kilogram,8.9,8.908334,
31042159,2026-10-08,2026-10-08 10:45:04.647351,PERAK,BATANG PADANG,PASAR AWAM TAPAH,Runcit,26,Sayur-Sayuran,03,001,BAYAM,F.A.Q,Kilogram,5,4.5,
31042160,2026-10-08,2026-10-08 10:45:04.647351,PERAK,BATANG PADANG,PASAR AWAM TAPAH,Runcit,26,Sayur-Sayuran,02,002,CILI HIJAU,F.A.Q,Kilogram,12,12,
31042161,2026-10-08,2026-10-08 10:45:04.647351,PERAK,BATANG PADANG,PASAR AWAM TAPAH,Runcit,26,Sayur-Sayuran,02,002,CILI MERAH KULAI / KULAI HIBRID,F.A.Q,Kilogram,15,17.25,
31042162,2026-10-08,2026-10-08 10:45:04.647351,PERAK,BATANG PADANG,PASAR AWAM TAPAH,Runcit,26,Sayur-Sayuran,02,002,CILI MERAH MINYAK,F.A.Q,Kilogram,12,14.666667,
31042163,2026-10-08,2026-10-08 10:45:04.647351,PERAK,BATANG PADANG,PASAR AWAM TAPAH,Runcit,26,Sayur-Sayuran,03,009,DAUN BAWANG,F.A.Q,Kilogram,12,6.5,
31042164,2026-10-08,2026-10-08 10:45:04.647351,PERAK,BATANG PADANG,PASAR AWAM TAPAH,Runcit,26,Sayur-Sayuran,03,015,DAUN SUP (TANAH TINGGI),F.A.Q,Kilogram,6,7,
31042165,2026-10-08,2026-10-08 10:45:04.647351,PERAK,BATANG PADANG,PASAR AWAM TAPAH,Runcit,26,Sayur-Sayuran,04,002,KACANG BENDI,F.A.Q,Kilogram,6,7,
31042166,2026-10-08,2026-10-08 10:45:04.647351,PERAK,BATANG PADANG,PASAR AWAM TAPAH,Runcit,26,Sayur-Sayuran,04,003,KACANG BUNCIS,F.A.Q,Kilogram,14,11.5,
31042167,2026-10-08,2026-10-08 10:45:04.647351,PERAK,BATANG PADANG,PASAR AWAM TAPAH,Runcit,26,Sayur-Sayuran,04,007,KACANG PANJANG HIJAU,F.A.Q,Kilogram,6,6,
31042168,2026-10-08,2026-10-08 10:45:04.647351,PERAK,BATANG PADANG,PASAR AWAM TAPAH,Runcit,26,Sayur-Sayuran,03,019,KANGKUNG,F.A.Q,Kilogram,5,4.5,
31042169,2026-10-08,2026-10-08 10:45:04.647351,PERAK,BATANG PADANG,PASAR AWAM TAPAH,Runcit,26,Sayur-Sayuran,03,006,KUBIS BULAT (TANAH TINGGI),F.A.Q,Kilogram,3,3,
31042170,2026-10-08,2026-10-08 10:45:04.647351,PERAK,BATANG PADANG,PASAR AWAM TAPAH,Runcit,26,Sayur-Sayuran,03,007,SAWI HIJAU TANAH TINGGI,F.A.Q,Kilogram,7,5.25,
31042171,2026-10-08,2026-10-08 10:45:04.647351,PERAK,BATANG PADANG,PASAR AWAM TAPAH,Runcit,26,Sayur-Sayuran,02,010,TERUNG PANJANG / PEPARU (IMPORT),F.A.Q,Kilogram,6,6.25,
31042172,2026-10-08,2026-10-08 10:45:04.647351,PERAK,BATANG PADANG,PASAR AWAM TAPAH,Runcit,26,Sayur-Sayuran,02,010,TERUNG PANJANG / PEPARU (TANAH RENDAH),F.A.Q,Kilogram,6,6,
31042173,2026-10-08,2026-10-08 10:45:04.647351,PERAK,BATANG PADANG,PASAR AWAM TAPAH,Runcit,26,Sayur-Sayuran,02,011,TIMUN HIJAU,F.A.Q,Kilogram,4,3.5,
31042174,2026-10-08,2026-10-08 10:45:04.647351,PERAK,BATANG PADANG,PASAR AWAM TAPAH,Runcit,26,Sayur-Sayuran,02,012,TOMATO (TANAH TINGGI),F.A.Q,Kilogram,4,6,
31042175,2026-10-08,2026-10-08 10:45:07.88203,PERAK,KINTA,[PASAR BORONG] JALAN LAXAMANA,Borong,20,Ternakan,02,003,DAGING LEMBU PEJAL,F.A.Q,Kilogram,30,29,
31042176,2026-10-08,2026-10-08 10:45:07.88203,PERAK,KINTA,[PASAR BORONG] JALAN LAXAMANA,Borong,20,Ternakan,02,003,DAGING LEMBU PEJAL,F.A.Q,Kilogram,28.5,29,
31042183,2026-10-08,2026-10-08 10:45:19.540657,KELANTAN,TUMPAT,LADANG/KEBUN KELABORAN,Ladang,,Sayur-Sayuran,03,007,SAWI HIJAU,F.A.Q,Kilogram,9,3.5,
31042184,2026-10-08,2026-10-08 10:45:19.540657,KELANTAN,TUMPAT,LADANG/KEBUN KELABORAN,Ladang,,Sayur-Sayuran,03,007,SAWI HIJAU,F.A.Q,Kilogram,9,3.5,
31042185,2026-10-08,2026-10-08 10:45:19.540657,KELANTAN,TUMPAT,LADANG/KEBUN KELABORAN,Ladang,,Sayur-Sayuran,03,007,SAWI HIJAU,F.A.Q,Kilogram,9,3.5,
31042186,2026-10-08,2026-10-08 10:45:32.938319,TERENGGANU,MARANG,[PASAR AWAM] BUKIT PAYONG,Runcit,,Sayur-Sayuran,03,001,BAYAM,F.A.Q,Kilogram,6,5.81,
31042187,2026-10-08,2026-10-08 10:45:32.988197,TERENGGANU,MARANG,[PASAR AWAM] BUKIT PAYONG,Runcit,,Sayur-Sayuran,02,002,CILI HIJAU,F.A.Q,Kilogram,10,13.18,
31042188,2026-10-08,2026-10-08 10:45:33.023681,TERENGGANU,MARANG,[PASAR AWAM] BUKIT PAYONG,Runcit,,Sayur-Sayuran,02,002,CILI MERAH (THAILAND),F.A.Q,Kilogram,12,10.15,
31042189,2026-10-08,2026-10-08 10:45:33.062019,TERENGGANU,MARANG,[PASAR AWAM] BUKIT PAYONG,Runcit,,Sayur-Sayuran,02,002,CILI MERAH KULAI / KULAI HIBRID,F.A.Q,Kilogram,16,16.31,
31042190,2026-10-08,2026-10-08 10:45:33.100389,TERENGGANU,MARANG,[PASAR AWAM] BUKIT PAYONG,Runcit,,Sayur-Sayuran,02,002,CILI MERAH MINYAK,F.A.Q,Kilogram,16,14.1,
31042191,2026-10-08,2026-10-08 10:45:33.136584,TERENGGANU,MARANG,[PASAR AWAM] BUKIT PAYONG,Runcit,,Sayur-Sayuran,03,009,DAUN BAWANG,F.A.Q,Kilogram,10,12.95,
31042192,2026-10-08,2026-10-08 10:45:33.173021,TERENGGANU,MARANG,[PASAR AWAM] BUKIT PAYONG,Runcit,,Sayur-Sayuran,03,015,DAUN SUP (TANAH TINGGI),F.A.Q,Kilogram,6,13.35,
31042193,2026-10-08,2026-10-08 10:45:33.210118,TERENGGANU,MARANG,[PASAR AWAM] BUKIT PAYONG,Runcit,,Sayur-Sayuran,04,002,KACANG BENDI,F.A.Q,Kilogram,8,10.44,
31042194,2026-10-08,2026-10-08 10:45:33.245814,TERENGGANU,MARANG,[PASAR AWAM] BUKIT PAYONG,Runcit,,Sayur-Sayuran,04,003,KACANG BUNCIS,F.A.Q,Kilogram,8,13.06,
31042195,2026-10-08,2026-10-08 10:45:33.280387,TERENGGANU,MARANG,[PASAR AWAM] BUKIT PAYONG,Runcit,,Sayur-Sayuran,04,007,KACANG PANJANG HIJAU,F.A.Q,Kilogram,8,7.99,
31042196,2026-10-08,2026-10-08 10:45:33.315449,TERENGGANU,MARANG,[PASAR AWAM] BUKIT PAYONG,Runcit,,Sayur-Sayuran,03,019,KANGKUNG,F.A.Q,Kilogram,4,5.03,
31042197,2026-10-08,2026-10-08 10:45:33.351134,TERENGGANU,MARANG,[PASAR AWAM] BUKIT PAYONG,Runcit,,Sayur-Sayuran,03,006,KUBIS BULAT (CHINA),F.A.Q,Kilogram,3,3.29,
31042198,2026-10-08,2026-10-08 10:45:33.389249,TERENGGANU,MARANG,[PASAR AWAM] BUKIT PAYONG,Runcit,,Sayur-Sayuran,03,006,KUBIS BULAT (TANAH TINGGI),F.A.Q,Kilogram,4,4.58,
31042199,2026-10-08,2026-10-08 10:45:33.430965,TERENGGANU,MARANG,[PASAR AWAM] BUKIT PAYONG,Runcit,,Sayur-Sayuran,03,007,SAWI HIJAU,F.A.Q,Kilogram,4,6.22,
31042200,2026-10-08,2026-10-08 10:45:33.469523,TERENGGANU,MARANG,[PASAR AWAM] BUKIT PAYONG,Runcit,,Sayur-Sayuran,02,010,TERUNG PANJANG / PEPARU (TANAH RENDAH),F.A.Q,Kilogram,8,9.47,
31042201,2026-10-08,2026-10-08 10:45:33.508356,TERENGGANU,MARANG,[PASAR AWAM] BUKIT PAYONG,Runcit,,Sayur-Sayuran,02,011,TIMUN HIJAU,F.A.Q,Kilogram,3,4.08,
31042202,2026-10-08,2026-10-08 10:45:33.546479,TERENGGANU,MARANG,[PASAR AWAM] BUKIT PAYONG,Runcit,,Sayur-Sayuran,02,012,TOMATO (TANAH TINGGI),F.A.Q,Kilogram,6,8.71,
31042203,2026-10-08,2026-10-08 10:45:36.155382,KELANTAN,KOTA BHARU,[PROJEK] PROJEK SAYUR KG. WAKAF STAN,Ladang,,Sayur-Sayuran,02,002,CILI / LADA SOLOK,F.A.Q,Kilogram,5,7,
31042204,2026-10-08,2026-10-08 10:45:36.155382,KELANTAN,KOTA BHARU,[PROJEK] PROJEK SAYUR KG. WAKAF STAN,Ladang,,Sayur-Sayuran,02,002,CILI / LADA SOLOK,F.A.Q,Kilogram,5,7,
31042205,2026-10-08,2026-10-08 10:45:36.155382,KELANTAN,KOTA BHARU,[PROJEK] PROJEK SAYUR KG. WAKAF STAN,Ladang,,Sayur-Sayuran,02,002,CILI / LADA SOLOK,F.A.Q,Kilogram,5,7,
31042206,2026-10-08,2026-10-08 10:45:36.155382,KELANTAN,KOTA BHARU,[PROJEK] PROJEK SAYUR KG. WAKAF STAN,Ladang,,Sayur-Sayuran,02,002,CILI MERAH KULAI / KULAI HIBRID,F.A.Q,Kilogram,8,8.333333,
31042207,2026-10-08,2026-10-08 10:45:36.155382,KELANTAN,KOTA BHARU,[PROJEK] PROJEK SAYUR KG. WAKAF STAN,Ladang,,Sayur-Sayuran,02,002,CILI MERAH KULAI / KULAI HIBRID,F.A.Q,Kilogram,8,8.333333,
31042208,2026-10-08,2026-10-08 10:45:36.155382,KELANTAN,KOTA BHARU,[PROJEK] PROJEK SAYUR KG. WAKAF STAN,Ladang,,Sayur-Sayuran,02,002,CILI MERAH KULAI / KULAI HIBRID,F.A.Q,Kilogram,8,8.333333,
31042209,2026-10-08,2026-10-08 10:45:36.155382,KELANTAN,KOTA BHARU,[PROJEK] PROJEK SAYUR KG. WAKAF STAN,Ladang,,Sayur-Sayuran,04,002,KACANG BENDI,F.A.Q,Kilogram,5,4.6666665,
31042210,2026-10-08,2026-10-08 10:45:36.155382,KELANTAN,KOTA BHARU,[PROJEK] PROJEK SAYUR KG. WAKAF STAN,Ladang,,Sayur-Sayuran,04,002,KACANG BENDI,F.A.Q,Kilogram,5,4.6666665,
31042211,2026-10-08,2026-10-08 10:45:36.155382,KELANTAN,KOTA BHARU,[PROJEK] PROJEK SAYUR KG. WAKAF STAN,Ladang,,Sayur-Sayuran,04,002,KACANG BENDI,F.A.Q,Kilogram,5,4.6666665,
31042212,2026-10-08,2026-10-08 10:45:36.155382,KELANTAN,KOTA BHARU,[PROJEK] PROJEK SAYUR KG. WAKAF STAN,Ladang,,Sayur-Sayuran,04,007,KACANG PANJANG HIJAU,F.A.Q,Kilogram,4,4,
31042213,2026-10-08,2026-10-08 10:45:36.155382,KELANTAN,KOTA BHARU,[PROJEK] PROJEK SAYUR KG. WAKAF STAN,Ladang,,Sayur-Sayuran,04,007,KACANG PANJANG HIJAU,F.A.Q,Kilogram,4,4,
31042214,2026-10-08,2026-10-08 10:45:36.155382,KELANTAN,KOTA BHARU,[PROJEK] PROJEK SAYUR KG. WAKAF STAN,Ladang,,Sayur-Sayuran,04,007,KACANG PANJANG HIJAU,F.A.Q,Kilogram,4,4,
31042215,2026-10-08,2026-10-08 10:45:36.155382,KELANTAN,KOTA BHARU,[PROJEK] PROJEK SAYUR KG. WAKAF STAN,Ladang,,Sayur-Sayuran,02,010,TERUNG PANJANG / PEPARU (TANAH RENDAH),F.A.Q,Kilogram,2.5,3,
31042216,2026-10-08,2026-10-08 10:45:36.155382,KELANTAN,KOTA BHARU,[PROJEK] PROJEK SAYUR KG. WAKAF STAN,Ladang,,Sayur-Sayuran,02,010,TERUNG PANJANG / PEPARU (TANAH RENDAH),F.A.Q,Kilogram,2.5,3,
31042217,2026-10-08,2026-10-08 10:45:36.155382,KELANTAN,KOTA BHARU,[PROJEK] PROJEK SAYUR KG. WAKAF STAN,Ladang,,Sayur-Sayuran,02,010,TERUNG PANJANG / PEPARU (TANAH RENDAH),F.A.Q,Kilogram,2.5,3,
31042218,2026-10-08,2026-10-08 10:45:36.155382,KELANTAN,KOTA BHARU,[PROJEK] PROJEK SAYUR KG. WAKAF STAN,Ladang,,Sayur-Sayuran,02,011,TIMUN HIJAU,F.A.Q,Kilogram,1.5,1.5,
31042219,2026-10-08,2026-10-08 10:45:36.155382,KELANTAN,KOTA BHARU,[PROJEK] PROJEK SAYUR KG. WAKAF STAN,Ladang,,Sayur-Sayuran,02,011,TIMUN HIJAU,F.A.Q,Kilogram,1.5,1.5,
31042220,2026-10-08,2026-10-08 10:45:36.155382,KELANTAN,KOTA BHARU,[PROJEK] PROJEK SAYUR KG. WAKAF STAN,Ladang,,Sayur-Sayuran,02,011,TIMUN HIJAU,F.A.Q,Kilogram,1.5,1.5,
31042221,2026-10-08,2026-10-08 10:45:36.862603,MELAKA,JASIN,PASAR AWAM JASIN,Runcit,26,Sayur-Sayuran,03,001,BAYAM,F.A.Q,Kilogram,5,4.5625,
31042222,2026-10-08,2026-10-08 10:45:36.862603,MELAKA,JASIN,PASAR AWAM JASIN,Runcit,26,Sayur-Sayuran,02,002,CILI HIJAU,F.A.Q,Kilogram,12,13.125,
31042223,2026-10-08,2026-10-08 10:45:36.862603,MELAKA,JASIN,PASAR AWAM JASIN,Runcit,26,Sayur-Sayuran,02,002,CILI MERAH KULAI / KULAI HIBRID,F.A.Q,Kilogram,12,14.375,
31042224,2026-10-08,2026-10-08 10:45:36.862603,MELAKA,JASIN,PASAR AWAM JASIN,Runcit,26,Sayur-Sayuran,03,009,DAUN BAWANG,F.A.Q,Kilogram,12,8.75,
31042225,2026-10-08,2026-10-08 10:45:36.862603,MELAKA,JASIN,PASAR AWAM JASIN,Runcit,26,Sayur-Sayuran,03,015,DAUN SUP (TANAH TINGGI),F.A.Q,Kilogram,12,12,
31042226,2026-10-08,2026-10-08 10:45:36.862603,MELAKA,JASIN,PASAR AWAM JASIN,Runcit,26,Sayur-Sayuran,04,002,KACANG BENDI,F.A.Q,Kilogram,7,7.75,
31042227,2026-10-08,2026-10-08 10:45:36.862603,MELAKA,JASIN,PASAR AWAM JASIN,Runcit,26,Sayur-Sayuran,04,003,KACANG BUNCIS,F.A.Q,Kilogram,13,13,
31042228,2026-10-08,2026-10-08 10:45:36.862603,MELAKA,JASIN,PASAR AWAM JASIN,Runcit,26,Sayur-Sayuran,04,007,KACANG PANJANG HIJAU,F.A.Q,Kilogram,9,7.75,
31042229,2026-10-08,2026-10-08 10:45:36.862603,MELAKA,JASIN,PASAR AWAM JASIN,Runcit,26,Sayur-Sayuran,03,019,KANGKUNG,F.A.Q,Kilogram,4.5,4.125,
31042230,2026-10-08,2026-10-08 10:45:36.862603,MELAKA,JASIN,PASAR AWAM JASIN,Runcit,26,Sayur-Sayuran,03,006,KUBIS BULAT (CHINA),F.A.Q,Kilogram,4,4,
31042231,2026-10-08,2026-10-08 10:45:36.862603,MELAKA,JASIN,PASAR AWAM JASIN,Runcit,26,Sayur-Sayuran,03,007,SAWI HIJAU,F.A.Q,Kilogram,3.5,4.3125,
31042232,2026-10-08,2026-10-08 10:45:36.862603,MELAKA,JASIN,PASAR AWAM JASIN,Runcit,26,Sayur-Sayuran,02,011,TIMUN HIJAU,F.A.Q,Kilogram,4,3.875,
31042233,2026-10-08,2026-10-08 10:45:36.862603,MELAKA,JASIN,PASAR AWAM JASIN,Runcit,26,Sayur-Sayuran,02,012,TOMATO (TANAH TINGGI),F.A.Q,Kilogram,6.5,7.25,
31042234,2026-10-08,2026-10-08 10:45:42.462917,SABAH,LAHAD DATU,,Ladang,27,Sayur-Sayuran,03,001,BAYAM,F.A.Q,Kilogram,2,2,
31042235,2026-10-08,2026-10-08 10:45:42.462917,SABAH,LAHAD DATU,,Ladang,27,Sayur-Sayuran,02,002,CILI HIJAU,F.A.Q,Kilogram,7,7,
31042236,2026-10-08,2026-10-08 10:45:42.462917,SABAH,LAHAD DATU,,Ladang,27,Sayur-Sayuran,02,002,CILI MERAH MINYAK,F.A.Q,Kilogram,10,10,
31042237,2026-10-08,2026-10-08 10:45:42.462917,SABAH,LAHAD DATU,,Ladang,27,Sayur-Sayuran,04,002,KACANG BENDI,F.A.Q,Kilogram,4,4,
31042238,2026-10-08,2026-10-08 10:45:42.462917,SABAH,LAHAD DATU,,Ladang,27,Sayur-Sayuran,04,007,KACANG PANJANG HIJAU,F.A.Q,Kilogram,2,2,
31042239,2026-10-08,2026-10-08 10:45:42.462917,SABAH,LAHAD DATU,,Ladang,27,Sayur-Sayuran,03,019,KANGKUNG,F.A.Q,Kilogram,2,2,
31042240,2026-10-08,2026-10-08 10:45:42.462917,SABAH,LAHAD DATU,,Ladang,27,Sayur-Sayuran,03,007,SAWI HIJAU,F.A.Q,Kilogram,2,2,
31042241,2026-10-08,2026-10-08 10:45:42.462917,SABAH,LAHAD DATU,,Ladang,27,Sayur-Sayuran,02,010,TERUNG PANJANG / PEPARU (TANAH RENDAH),F.A.Q,Kilogram,3.5,3.5,
31042242,2026-10-08,2026-10-08 10:45:42.462917,SABAH,LAHAD DATU,,Ladang,27,Sayur-Sayuran,02,011,TIMUN HIJAU,F.A.Q,Kilogram,1,1,
31042243,2026-10-08,2026-10-08 10:45:48.450729,TERENGGANU,MARANG,[PASAR AWAM] BUKIT PAYONG,Runcit,,Buah-Buahan,02,028,PISANG BERANGAN,F.A.Q,Kilogram,6,5.62,
31042244,2026-10-08,2026-10-08 10:45:48.497912,TERENGGANU,MARANG,[PASAR AWAM] BUKIT PAYONG,Runcit,,Buah-Buahan,02,028,PISANG MAS,F.A.Q,Kilogram,6,5.43,
31042245,2026-10-08,2026-10-08 10:45:51.239951,PERAK,KINTA,PASAR BESAR IPOH,Runcit,26,Ternakan,03,002,AYAM PROSES STANDARD,F.A.Q,Kilogram,10.5,10.545455,
31042246,2026-10-08,2026-10-08 10:45:51.239951,PERAK,KINTA,PASAR BESAR IPOH,Runcit,26,Ternakan,02,003,DAGING LEMBU PEJAL,F.A.Q,Kilogram,38,38,
31042247,2026-10-08,2026-10-08 10:46:17.953141,PERAK,BATANG PADANG,PASAR AWAM TAPAH,Runcit,26,Buah-Buahan,02,005,BETIK SEKAKI,F.A.Q,Kilogram,5,5,
31042248,2026-10-08,2026-10-08 10:46:17.953141,PERAK,BATANG PADANG,PASAR AWAM TAPAH,Runcit,26,Buah-Buahan,02,028,PISANG BERANGAN,F.A.Q,Kilogram,6,6,
31042249,2026-10-08,2026-10-08 10:46:17.953141,PERAK,BATANG PADANG,PASAR AWAM TAPAH,Runcit,26,Buah-Buahan,02,028,PISANG MAS,F.A.Q,Kilogram,6,6,
31042250,2026-10-08,2026-10-08 10:46:17.953141,PERAK,BATANG PADANG,PASAR AWAM TAPAH,Runcit,26,Buah-Buahan,02,034,TEMBIKAI MERAH TANPA BIJI,F.A.Q,Kilogram,4,3.7,
31042251,2026-10-08,2026-10-08 10:46:27.157391,KELANTAN,PASIR MAS,LADANG/KEBUN KAMPUNG CHERANG HANGUS,Ladang,,Sayur-Sayuran,03,007,SAWI HIJAU,F.A.Q,Kilogram,9,3.5,
31042252,2026-10-08,2026-10-08 10:46:27.157391,KELANTAN,PASIR MAS,LADANG/KEBUN KAMPUNG CHERANG HANGUS,Ladang,,Sayur-Sayuran,03,007,SAWI HIJAU,F.A.Q,Kilogram,9,3.5,
31042253,2026-10-08,2026-10-08 10:46:27.157391,KELANTAN,PASIR MAS,LADANG/KEBUN KAMPUNG CHERANG HANGUS,Ladang,,Sayur-Sayuran,02,011,TIMUN HIJAU,F.A.Q,Kilogram,1,1.5,
31042254,2026-10-08,2026-10-08 10:46:27.157391,KELANTAN,PASIR MAS,LADANG/KEBUN KAMPUNG CHERANG HANGUS,Ladang,,Sayur-Sayuran,02,011,TIMUN HIJAU,F.A.Q,Kilogram,1,1.5,
31042255,2026-10-08,2026-10-08 10:46:35.231981,PERAK,KINTA,LADANG/KEBUN IPOH,Ladang,,Ternakan,01,003,AYAM HIDUP,F.A.Q,Kilogram,6.5,6.4083333,
31042256,2026-10-08,2026-10-08 10:46:38.401344,TERENGGANU,MARANG,[PASAR AWAM] BUKIT PAYONG,Runcit,,Sayur-Sayuran,05,001,BAWANG BESAR KUNING / HOLLAND,F.A.Q,Kilogram,4,5.07,
31042257,2026-10-08,2026-10-08 10:46:38.43759,TERENGGANU,MARANG,[PASAR AWAM] BUKIT PAYONG,Runcit,,Sayur-Sayuran,05,001,BAWANG BESAR MERAH (INDIA),F.A.Q,Kilogram,4,4.44,
31042258,2026-10-08,2026-10-08 10:46:38.471605,TERENGGANU,MARANG,[PASAR AWAM] BUKIT PAYONG,Runcit,,Sayur-Sayuran,05,001,BAWANG MERAH / KECIL (INDIA),F.A.Q,Kilogram,4,7.04,
31042259,2026-10-08,2026-10-08 10:46:38.507932,TERENGGANU,MARANG,[PASAR AWAM] BUKIT PAYONG,Runcit,,Sayur-Sayuran,05,001,BAWANG PUTIH (CHINA),F.A.Q,Kilogram,3,8.52,
31042260,2026-10-08,2026-10-08 10:46:38.556287,TERENGGANU,MARANG,[PASAR AWAM] BUKIT PAYONG,Runcit,,Sayur-Sayuran,05,009,UBI KENTANG (IMPORT),F.A.Q,Kilogram,4,25,
31042261,2026-10-08,2026-10-08 10:46:38.592054,TERENGGANU,MARANG,[PASAR AWAM] BUKIT PAYONG,Runcit,,Ternakan,11,001,TELUR AYAM,A,Biji,0.6,0.47,
31042262,2026-10-08,2026-10-08 10:46:38.628748,TERENGGANU,MARANG,[PASAR AWAM] BUKIT PAYONG,Runcit,,Ternakan,11,001,TELUR AYAM,B,Biji,0.5,0.45,
31042263,2026-10-08,2026-10-08 10:46:38.664065,TERENGGANU,MARANG,[PASAR AWAM] BUKIT PAYONG,Runcit,,Ternakan,11,001,TELUR AYAM,C,Biji,0.4,0.43,
31042264,2026-10-08,2026-10-08 10:46:52.818037,PAHANG,KUALA LIPIS,PASAR AWAM LIPIS,Runcit,26,Ternakan,03,002,AYAM PROSES STANDARD,F.A.Q,Kilogram,11,11,
31042265,2026-10-08,2026-10-08 10:46:52.818037,PAHANG,KUALA LIPIS,PASAR AWAM LIPIS,Runcit,26,Sayur-Sayuran,03,001,BAYAM,F.A.Q,Kilogram,6,5,
31042266,2026-10-08,2026-10-08 10:46:52.818037,PAHANG,KUALA LIPIS,PASAR AWAM LIPIS,Runcit,26,Sayur-Sayuran,02,002,CILI MERAH KULAI / KULAI HIBRID,F.A.Q,Kilogram,18,16.01,
31042267,2026-10-08,2026-10-08 10:46:52.818037,PAHANG,KUALA LIPIS,PASAR AWAM LIPIS,Runcit,26,Sayur-Sayuran,03,009,DAUN BAWANG,F.A.Q,Kilogram,14,8,
31042268,2026-10-08,2026-10-08 10:46:52.818037,PAHANG,KUALA LIPIS,PASAR AWAM LIPIS,Runcit,26,Sayur-Sayuran,03,015,DAUN SUP (TANAH TINGGI),F.A.Q,Kilogram,10,10.333333,
31042269,2026-10-08,2026-10-08 10:46:52.818037,PAHANG,KUALA LIPIS,PASAR AWAM LIPIS,Runcit,26,Sayur-Sayuran,04,002,KACANG BENDI,F.A.Q,Kilogram,9,9,
31042270,2026-10-08,2026-10-08 10:46:52.818037,PAHANG,KUALA LIPIS,PASAR AWAM LIPIS,Runcit,26,Sayur-Sayuran,04,003,KACANG BUNCIS,F.A.Q,Kilogram,13,10,
31042271,2026-10-08,2026-10-08 10:46:52.818037,PAHANG,KUALA LIPIS,PASAR AWAM LIPIS,Runcit,26,Sayur-Sayuran,03,019,KANGKUNG,F.A.Q,Kilogram,6,5,
31042272,2026-10-08,2026-10-08 10:46:52.818037,PAHANG,KUALA LIPIS,PASAR AWAM LIPIS,Runcit,26,Sayur-Sayuran,03,006,KUBIS BULAT (CHINA),F.A.Q,Kilogram,3.5,3.5,
31042273,2026-10-08,2026-10-08 10:46:52.818037,PAHANG,KUALA LIPIS,PASAR AWAM LIPIS,Runcit,26,Sayur-Sayuran,03,007,SAWI HIJAU TANAH TINGGI,F.A.Q,Kilogram,7,7,
31042274,2026-10-08,2026-10-08 10:46:52.818037,PAHANG,KUALA LIPIS,PASAR AWAM LIPIS,Runcit,26,Sayur-Sayuran,02,010,TERUNG PANJANG / PEPARU (IMPORT),F.A.Q,Kilogram,9,9,
31042275,2026-10-08,2026-10-08 10:46:52.818037,PAHANG,KUALA LIPIS,PASAR AWAM LIPIS,Runcit,26,Sayur-Sayuran,02,011,TIMUN HIJAU,F.A.Q,Kilogram,3.5,3,
31042276,2026-10-08,2026-10-08 10:46:52.818037,PAHANG,KUALA LIPIS,PASAR AWAM LIPIS,Runcit,26,Sayur-Sayuran,02,012,TOMATO (TANAH TINGGI),F.A.Q,Kilogram,6,7,
31042277,2026-10-08,2026-10-08 10:47:19.950111,PERAK,BATANG PADANG,PASAR AWAM TAPAH,Runcit,26,Sayur-Sayuran,05,001,BAWANG BESAR KUNING / HOLLAND,F.A.Q,Kilogram,5,5,
31042278,2026-10-08,2026-10-08 10:47:19.950111,PERAK,BATANG PADANG,PASAR AWAM TAPAH,Runcit,26,Sayur-Sayuran,05,001,BAWANG BESAR MERAH (INDIA),F.A.Q,Kilogram,4,4,
31042279,2026-10-08,2026-10-08 10:47:19.950111,PERAK,BATANG PADANG,PASAR AWAM TAPAH,Runcit,26,Sayur-Sayuran,05,001,BAWANG MERAH / KECIL (INDIA),F.A.Q,Kilogram,5,5,
31042280,2026-10-08,2026-10-08 10:47:19.950111,PERAK,BATANG PADANG,PASAR AWAM TAPAH,Runcit,26,Sayur-Sayuran,05,001,BAWANG MERAH ROSE,F.A.Q,Kilogram,8,8,
31042281,2026-10-08,2026-10-08 10:47:19.950111,PERAK,BATANG PADANG,PASAR AWAM TAPAH,Runcit,26,Sayur-Sayuran,05,001,BAWANG PUTIH (CHINA),F.A.Q,Kilogram,10,10,
31042282,2026-10-08,2026-10-08 10:47:19.950111,PERAK,BATANG PADANG,PASAR AWAM TAPAH,Runcit,26,Sayur-Sayuran,05,009,UBI KENTANG HOLLAND,F.A.Q,Kilogram,4.5,4.5,
31042283,2026-10-08,2026-10-08 10:47:24.733871,SABAH,LAHAD DATU,,Ladang,27,Sayur-Sayuran,03,001,BAYAM,F.A.Q,Kilogram,2,2,
31042284,2026-10-08,2026-10-08 10:47:24.733871,SABAH,LAHAD DATU,,Ladang,27,Sayur-Sayuran,02,002,CILI HIJAU,F.A.Q,Kilogram,7,7,
31042285,2026-10-08,2026-10-08 10:47:24.733871,SABAH,LAHAD DATU,,Ladang,27,Sayur-Sayuran,02,002,CILI MERAH MINYAK,F.A.Q,Kilogram,10,10,
31042286,2026-10-08,2026-10-08 10:47:24.733871,SABAH,LAHAD DATU,,Ladang,27,Sayur-Sayuran,04,002,KACANG BENDI,F.A.Q,Kilogram,4,4,
31042287,2026-10-08,2026-10-08 10:47:24.733871,SABAH,LAHAD DATU,,Ladang,27,Sayur-Sayuran,04,007,KACANG PANJANG HIJAU,F.A.Q,Kilogram,2,2,
31042288,2026-10-08,2026-10-08 10:47:24.733871,SABAH,LAHAD DATU,,Ladang,27,Sayur-Sayuran,03,019,KANGKUNG,F.A.Q,Kilogram,2,2,
31042289,2026-10-08,2026-10-08 10:47:24.733871,SABAH,LAHAD DATU,,Ladang,27,Sayur-Sayuran,03,007,SAWI HIJAU,F.A.Q,Kilogram,2,2,
31042290,2026-10-08,2026-10-08 10:47:24.733871,SABAH,LAHAD DATU,,Ladang,27,Sayur-Sayuran,02,010,TERUNG PANJANG / PEPARU (TANAH RENDAH),F.A.Q,Kilogram,3.5,3.5,
31042291,2026-10-08,2026-10-08 10:47:24.733871,SABAH,LAHAD DATU,,Ladang,27,Sayur-Sayuran,02,011,TIMUN HIJAU,F.A.Q,Kilogram,1,1,
31042292,2026-10-08,2026-10-08 10:48:29.360045,PERAK,KINTA,,Borong,20,Ternakan,11,001,TELUR AYAM,A,Biji,0.5,0.5,
31042293,2026-10-08,2026-10-08 10:48:29.360045,PERAK,KINTA,,Borong,20,Ternakan,11,001,TELUR AYAM,B,Biji,0.48,0.48,
31042294,2026-10-08,2026-10-08 10:48:29.360045,PERAK,KINTA,,Borong,20,Ternakan,11,001,TELUR AYAM,C,Biji,0.46,0.46333334,
31042295,2026-10-08,2026-10-08 10:49:18.697166,SABAH,LAHAD DATU,,Borong,20,Sayur-Sayuran,03,001,BAYAM,F.A.Q,Kilogram,4,4,
31042296,2026-10-08,2026-10-08 10:49:18.697166,SABAH,LAHAD DATU,,Borong,20,Sayur-Sayuran,02,002,CILI HIJAU,F.A.Q,Kilogram,10,10,
31042297,2026-10-08,2026-10-08 10:49:18.697166,SABAH,LAHAD DATU,,Borong,20,Sayur-Sayuran,02,002,CILI MERAH MINYAK,F.A.Q,Kilogram,10,10,
31042298,2026-10-08,2026-10-08 10:49:18.697166,SABAH,LAHAD DATU,,Borong,20,Sayur-Sayuran,04,002,KACANG BENDI,F.A.Q,Kilogram,6,6,
31042299,2026-10-08,2026-10-08 10:49:18.697166,SABAH,LAHAD DATU,,Borong,20,Sayur-Sayuran,04,007,KACANG PANJANG HIJAU,F.A.Q,Kilogram,3,3,
31042300,2026-10-08,2026-10-08 10:49:18.697166,SABAH,LAHAD DATU,,Borong,20,Sayur-Sayuran,03,019,KANGKUNG,F.A.Q,Kilogram,4,4,
31042301,2026-10-08,2026-10-08 10:49:18.697166,SABAH,LAHAD DATU,,Borong,20,Sayur-Sayuran,03,007,SAWI HIJAU,F.A.Q,Kilogram,4,4,
31042302,2026-10-08,2026-10-08 10:49:18.697166,SABAH,LAHAD DATU,,Borong,20,Sayur-Sayuran,02,010,TERUNG PANJANG / PEPARU (TANAH RENDAH),F.A.Q,Kilogram,5,5,
31042303,2026-10-08,2026-10-08 10:49:18.697166,SABAH,LAHAD DATU,,Borong,20,Sayur-Sayuran,02,011,TIMUN HIJAU,F.A.Q,Kilogram,2,2,
31042304,2026-10-08,2026-10-08 10:49:23.446074,MELAKA,JASIN,PASAR AWAM JASIN,Runcit,26,Sayur-Sayuran,05,001,BAWANG BESAR KUNING / HOLLAND,F.A.Q,Kilogram,6,4.6666665,
31042305,2026-10-08,2026-10-08 10:49:23.446074,MELAKA,JASIN,PASAR AWAM JASIN,Runcit,26,Sayur-Sayuran,05,001,BAWANG BESAR MERAH (INDIA),F.A.Q,Kilogram,5,4.285714,
31042306,2026-10-08,2026-10-08 10:49:23.446074,MELAKA,JASIN,PASAR AWAM JASIN,Runcit,26,Sayur-Sayuran,05,001,BAWANG MERAH / KECIL (INDIA),F.A.Q,Kilogram,8,5.5,
31042307,2026-10-08,2026-10-08 10:49:23.446074,MELAKA,JASIN,PASAR AWAM JASIN,Runcit,26,Sayur-Sayuran,05,001,BAWANG PUTIH (CHINA),F.A.Q,Kilogram,15,11.0625,
31042308,2026-10-08,2026-10-08 10:49:23.446074,MELAKA,JASIN,PASAR AWAM JASIN,Runcit,26,Sayur-Sayuran,03,001,BAYAM,F.A.Q,Kilogram,5.5,4.5625,
31042309,2026-10-08,2026-10-08 10:49:23.446074,MELAKA,JASIN,PASAR AWAM JASIN,Runcit,26,Sayur-Sayuran,02,002,CILI HIJAU,F.A.Q,Kilogram,10,13.125,
31042310,2026-10-08,2026-10-08 10:49:23.446074,MELAKA,JASIN,PASAR AWAM JASIN,Runcit,26,Sayur-Sayuran,02,002,CILI MERAH KULAI / KULAI HIBRID,F.A.Q,Kilogram,12,14.375,
31042311,2026-10-08,2026-10-08 10:49:23.446074,MELAKA,JASIN,PASAR AWAM JASIN,Runcit,26,Sayur-Sayuran,03,009,DAUN BAWANG,F.A.Q,Kilogram,12,8.75,
31042312,2026-10-08,2026-10-08 10:49:23.446074,MELAKA,JASIN,PASAR AWAM JASIN,Runcit,26,Sayur-Sayuran,03,015,DAUN SUP (TANAH TINGGI),F.A.Q,Kilogram,10,12,
31042313,2026-10-08,2026-10-08 10:49:23.446074,MELAKA,JASIN,PASAR AWAM JASIN,Runcit,26,Sayur-Sayuran,04,002,KACANG BENDI,F.A.Q,Kilogram,6,7.75,
31042314,2026-10-08,2026-10-08 10:49:23.446074,MELAKA,JASIN,PASAR AWAM JASIN,Runcit,26,Sayur-Sayuran,04,003,KACANG BUNCIS,F.A.Q,Kilogram,12,13,
31042315,2026-10-08,2026-10-08 10:49:23.446074,MELAKA,JASIN,PASAR AWAM JASIN,Runcit,26,Sayur-Sayuran,04,007,KACANG PANJANG HIJAU,F.A.Q,Kilogram,8,7.75,
31042316,2026-10-08,2026-10-08 10:49:23.446074,MELAKA,JASIN,PASAR AWAM JASIN,Runcit,26,Sayur-Sayuran,03,019,KANGKUNG,F.A.Q,Kilogram,5,4.125,
31042317,2026-10-08,2026-10-08 10:49:23.446074,MELAKA,JASIN,PASAR AWAM JASIN,Runcit,26,Sayur-Sayuran,03,006,KUBIS BULAT (CHINA),F.A.Q,Kilogram,3,4,
31042318,2026-10-08,2026-10-08 10:49:23.446074,MELAKA,JASIN,PASAR AWAM JASIN,Runcit,26,Sayur-Sayuran,03,006,KUBIS BULAT (TANAH TINGGI),F.A.Q,Kilogram,3,3.875,
31042319,2026-10-08,2026-10-08 10:49:23.446074,MELAKA,JASIN,PASAR AWAM JASIN,Runcit,26,Sayur-Sayuran,03,007,SAWI HIJAU,F.A.Q,Kilogram,3,4.3125,
31042320,2026-10-08,2026-10-08 10:49:23.446074,MELAKA,JASIN,PASAR AWAM JASIN,Runcit,26,Sayur-Sayuran,02,010,TERUNG PANJANG / PEPARU (TANAH RENDAH),F.A.Q,Kilogram,8,9,
31042321,2026-10-08,2026-10-08 10:49:23.446074,MELAKA,JASIN,PASAR AWAM JASIN,Runcit,26,Sayur-Sayuran,02,011,TIMUN HIJAU,F.A.Q,Kilogram,4,3.875,
31042322,2026-10-08,2026-10-08 10:49:23.446074,MELAKA,JASIN,PASAR AWAM JASIN,Runcit,26,Sayur-Sayuran,02,012,TOMATO (TANAH TINGGI),F.A.Q,Kilogram,5.5,7.25,
31042323,2026-10-08,2026-10-08 10:49:23.446074,MELAKA,JASIN,PASAR AWAM JASIN,Runcit,26,Sayur-Sayuran,05,009,UBI KENTANG (IMPORT),F.A.Q,Kilogram,5,4.142857,
31042324,2026-10-08,2026-10-08 10:49:39.536456,PERAK,KINTA,PASAR BESAR IPOH,Runcit,26,Ternakan,11,001,TELUR AYAM,A,Biji,0.52,0.52,
31042325,2026-10-08,2026-10-08 10:49:39.536456,PERAK,KINTA,PASAR BESAR IPOH,Runcit,26,Ternakan,11,001,TELUR AYAM,B,Biji,0.5,0.5,
31042326,2026-10-08,2026-10-08 10:49:39.536456,PERAK,KINTA,PASAR BESAR IPOH,Runcit,26,Ternakan,11,001,TELUR AYAM,C,Biji,0.48,0.48333332,
31042327,2026-10-08,2026-10-08 10:50:02.095658,MELAKA,JASIN,PASAR AWAM JASIN,Runcit,26,Ternakan,11,001,TELUR AYAM,A,Biji,0.53,0.53,
31042328,2026-10-08,2026-10-08 10:50:02.095658,MELAKA,JASIN,PASAR AWAM JASIN,Runcit,26,Ternakan,11,001,TELUR AYAM,C,Biji,0.5,0.5,
31042329,2026-10-08,2026-10-08 10:50:31.535736,MELAKA,MELAKA TENGAH,PASAR BESAR MBMB,Runcit,26,Sayur-Sayuran,03,001,BAYAM,F.A.Q,Kilogram,4,3.1666667,
31042330,2026-10-08,2026-10-08 10:50:31.535736,MELAKA,MELAKA TENGAH,PASAR BESAR MBMB,Runcit,26,Sayur-Sayuran,03,001,BAYAM,F.A.Q,Kilogram,4,3.1666667,
31042331,2026-10-08,2026-10-08 10:50:31.535736,MELAKA,MELAKA TENGAH,PASAR BESAR MBMB,Runcit,26,Sayur-Sayuran,02,002,CILI HIJAU,F.A.Q,Kilogram,12,12.1,
31042332,2026-10-08,2026-10-08 10:50:31.535736,MELAKA,MELAKA TENGAH,PASAR BESAR MBMB,Runcit,26,Sayur-Sayuran,02,002,CILI HIJAU,F.A.Q,Kilogram,13,12.1,
31042333,2026-10-08,2026-10-08 10:50:31.535736,MELAKA,MELAKA TENGAH,PASAR BESAR MBMB,Runcit,26,Sayur-Sayuran,02,002,CILI MERAH (VIETNAM),F.A.Q,Kilogram,12,11.2,
31042334,2026-10-08,2026-10-08 10:50:31.535736,MELAKA,MELAKA TENGAH,PASAR BESAR MBMB,Runcit,26,Sayur-Sayuran,02,002,CILI MERAH (VIETNAM),F.A.Q,Kilogram,10,11.2,
31042335,2026-10-08,2026-10-08 10:50:31.535736,MELAKA,MELAKA TENGAH,PASAR BESAR MBMB,Runcit,26,Sayur-Sayuran,02,002,CILI MERAH KULAI / KULAI HIBRID,F.A.Q,Kilogram,18,17.333334,
31042336,2026-10-08,2026-10-08 10:50:31.535736,MELAKA,MELAKA TENGAH,PASAR BESAR MBMB,Runcit,26,Sayur-Sayuran,02,002,CILI MERAH MINYAK,F.A.Q,Kilogram,16,15.444445,
31042337,2026-10-08,2026-10-08 10:50:31.535736,MELAKA,MELAKA TENGAH,PASAR BESAR MBMB,Runcit,26,Sayur-Sayuran,02,002,CILI MERAH MINYAK,F.A.Q,Kilogram,16,15.444445,
31042338,2026-10-08,2026-10-08 10:50:31.535736,MELAKA,MELAKA TENGAH,PASAR BESAR MBMB,Runcit,26,Sayur-Sayuran,03,009,DAUN BAWANG,F.A.Q,Kilogram,12,5.5,
31042339,2026-10-08,2026-10-08 10:50:31.535736,MELAKA,MELAKA TENGAH,PASAR BESAR MBMB,Runcit,26,Sayur-Sayuran,03,009,DAUN BAWANG,F.A.Q,Kilogram,12,5.5,
31042340,2026-10-08,2026-10-08 10:50:31.535736,MELAKA,MELAKA TENGAH,PASAR BESAR MBMB,Runcit,26,Sayur-Sayuran,03,015,DAUN SUP (TANAH TINGGI),F.A.Q,Kilogram,10,7.3,
31042341,2026-10-08,2026-10-08 10:50:31.535736,MELAKA,MELAKA TENGAH,PASAR BESAR MBMB,Runcit,26,Sayur-Sayuran,03,015,DAUN SUP (TANAH TINGGI),F.A.Q,Kilogram,9,7.3,
31042342,2026-10-08,2026-10-08 10:50:31.535736,MELAKA,MELAKA TENGAH,PASAR BESAR MBMB,Runcit,26,Sayur-Sayuran,04,002,KACANG BENDI,F.A.Q,Kilogram,5,4.9444447,
31042343,2026-10-08,2026-10-08 10:50:31.535736,MELAKA,MELAKA TENGAH,PASAR BESAR MBMB,Runcit,26,Sayur-Sayuran,04,002,KACANG BENDI,F.A.Q,Kilogram,4,4.9444447,
31042344,2026-10-08,2026-10-08 10:50:31.535736,MELAKA,MELAKA TENGAH,PASAR BESAR MBMB,Runcit,26,Sayur-Sayuran,04,003,KACANG BUNCIS,F.A.Q,Kilogram,10,10.333333,
31042345,2026-10-08,2026-10-08 10:50:31.535736,MELAKA,MELAKA TENGAH,PASAR BESAR MBMB,Runcit,26,Sayur-Sayuran,04,003,KACANG BUNCIS,F.A.Q,Kilogram,12,10.333333,
31042346,2026-10-08,2026-10-08 10:50:31.535736,MELAKA,MELAKA TENGAH,PASAR BESAR MBMB,Runcit,26,Sayur-Sayuran,04,007,KACANG PANJANG HIJAU,F.A.Q,Kilogram,5,5.9166665,
31042347,2026-10-08,2026-10-08 10:50:31.535736,MELAKA,MELAKA TENGAH,PASAR BESAR MBMB,Runcit,26,Sayur-Sayuran,04,007,KACANG PANJANG HIJAU,F.A.Q,Kilogram,6,5.9166665,
31042348,2026-10-08,2026-10-08 10:50:31.535736,MELAKA,MELAKA TENGAH,PASAR BESAR MBMB,Runcit,26,Sayur-Sayuran,03,019,KANGKUNG,F.A.Q,Kilogram,3,3,
31042349,2026-10-08,2026-10-08 10:50:31.535736,MELAKA,MELAKA TENGAH,PASAR BESAR MBMB,Runcit,26,Sayur-Sayuran,03,019,KANGKUNG,F.A.Q,Kilogram,3,3,
31042350,2026-10-08,2026-10-08 10:50:31.535736,MELAKA,MELAKA TENGAH,PASAR BESAR MBMB,Runcit,26,Sayur-Sayuran,03,006,KUBIS BULAT (CHINA),F.A.Q,Kilogram,3,2.8,
31042351,2026-10-08,2026-10-08 10:50:31.535736,MELAKA,MELAKA TENGAH,PASAR BESAR MBMB,Runcit,26,Sayur-Sayuran,03,006,KUBIS BULAT (CHINA),F.A.Q,Kilogram,3,2.8,
31042352,2026-10-08,2026-10-08 10:50:31.535736,MELAKA,MELAKA TENGAH,PASAR BESAR MBMB,Runcit,26,Sayur-Sayuran,03,006,KUBIS BULAT (TANAH TINGGI),F.A.Q,Kilogram,3.5,3.4583333,
31042353,2026-10-08,2026-10-08 10:50:31.535736,MELAKA,MELAKA TENGAH,PASAR BESAR MBMB,Runcit,26,Sayur-Sayuran,03,006,KUBIS BULAT (TANAH TINGGI),F.A.Q,Kilogram,3.5,3.4583333,
31042354,2026-10-08,2026-10-08 10:50:31.535736,MELAKA,MELAKA TENGAH,PASAR BESAR MBMB,Runcit,26,Sayur-Sayuran,03,007,SAWI HIJAU,F.A.Q,Kilogram,3.5,3.4117646,
31042355,2026-10-08,2026-10-08 10:50:31.535736,MELAKA,MELAKA TENGAH,PASAR BESAR MBMB,Runcit,26,Sayur-Sayuran,03,007,SAWI HIJAU,F.A.Q,Kilogram,4,3.4117646,
31042356,2026-10-08,2026-10-08 10:50:31.535736,MELAKA,MELAKA TENGAH,PASAR BESAR MBMB,Runcit,26,Sayur-Sayuran,03,007,SAWI HIJAU TANAH TINGGI,F.A.Q,Kilogram,4,3.5555556,
31042357,2026-10-08,2026-10-08 10:50:31.535736,MELAKA,MELAKA TENGAH,PASAR BESAR MBMB,Runcit,26,Sayur-Sayuran,03,007,SAWI HIJAU TANAH TINGGI,F.A.Q,Kilogram,4,3.5555556,
31042358,2026-10-08,2026-10-08 10:50:31.535736,MELAKA,MELAKA TENGAH,PASAR BESAR MBMB,Runcit,26,Sayur-Sayuran,02,010,TERUNG PANJANG / PEPARU (TANAH RENDAH),F.A.Q,Kilogram,8,6.970588,
31042359,2026-10-08,2026-10-08 10:50:31.535736,MELAKA,MELAKA TENGAH,PASAR BESAR MBMB,Runcit,26,Sayur-Sayuran,02,010,TERUNG PANJANG / PEPARU (TANAH RENDAH),F.A.Q,Kilogram,6,6.970588,
31042360,2026-10-08,2026-10-08 10:50:31.535736,MELAKA,MELAKA TENGAH,PASAR BESAR MBMB,Runcit,26,Sayur-Sayuran,02,011,TIMUN HIJAU,F.A.Q,Kilogram,4,2.9722223,
31042361,2026-10-08,2026-10-08 10:50:31.535736,MELAKA,MELAKA TENGAH,PASAR BESAR MBMB,Runcit,26,Sayur-Sayuran,02,011,TIMUN HIJAU,F.A.Q,Kilogram,4.5,2.9722223,
31042362,2026-10-08,2026-10-08 10:50:31.535736,MELAKA,MELAKA TENGAH,PASAR BESAR MBMB,Runcit,26,Sayur-Sayuran,02,012,TOMATO (TANAH TINGGI),F.A.Q,Kilogram,5,5.4444447,
31042363,2026-10-08,2026-10-08 10:50:31.535736,MELAKA,MELAKA TENGAH,PASAR BESAR MBMB,Runcit,26,Sayur-Sayuran,02,012,TOMATO (TANAH TINGGI),F.A.Q,Kilogram,5,5.4444447,
31042364,2026-10-08,2026-10-08 10:51:04.796443,PERAK,KINTA,LADANG/KEBUN IPOH,Ladang,,Ternakan,11,001,TELUR AYAM,A,Biji,0.48,0.48,
31042365,2026-10-08,2026-10-08 10:51:04.796443,PERAK,KINTA,LADANG/KEBUN IPOH,Ladang,,Ternakan,11,001,TELUR AYAM,C,Biji,0.44,0.44333333,
31042366,2026-10-08,2026-10-08 10:51:04.796443,PERAK,KINTA,LADANG/KEBUN IPOH,Ladang,,Ternakan,11,001,TELUR AYAM,B,Biji,0.46,0.46,
31042371,2026-10-08,2026-10-08 10:51:50.27502,PULAU PINANG,SEBERANG PERAI SELATAN,[PASAR AWAM] SUNGAI BAKAP,Runcit,26,Sayur-Sayuran,05,001,BAWANG BESAR KUNING / HOLLAND,F.A.Q,Kilogram,5,5.07,
31042372,2026-10-08,2026-10-08 10:51:50.27502,PULAU PINANG,SEBERANG PERAI SELATAN,[PASAR AWAM] SUNGAI BAKAP,Runcit,26,Sayur-Sayuran,05,001,BAWANG BESAR MERAH (PAKISTAN),F.A.Q,Kilogram,5,3.5,
31042373,2026-10-08,2026-10-08 10:51:50.27502,PULAU PINANG,SEBERANG PERAI SELATAN,[PASAR AWAM] SUNGAI BAKAP,Runcit,26,Sayur-Sayuran,05,001,BAWANG MERAH / KECIL (INDIA),F.A.Q,Kilogram,10,7.04,
31042374,2026-10-08,2026-10-08 10:51:50.27502,PULAU PINANG,SEBERANG PERAI SELATAN,[PASAR AWAM] SUNGAI BAKAP,Runcit,26,Sayur-Sayuran,05,001,BAWANG MERAH / KECIL (THAI),F.A.Q,Kilogram,13,13.54,
31042375,2026-10-08,2026-10-08 10:51:50.27502,PULAU PINANG,SEBERANG PERAI SELATAN,[PASAR AWAM] SUNGAI BAKAP,Runcit,26,Sayur-Sayuran,05,001,BAWANG PUTIH (CHINA),F.A.Q,Kilogram,10,8.52,
31042376,2026-10-08,2026-10-08 10:51:50.27502,PULAU PINANG,SEBERANG PERAI SELATAN,[PASAR AWAM] SUNGAI BAKAP,Runcit,26,Sayur-Sayuran,03,001,BAYAM,F.A.Q,Kilogram,6,6.02,
31042377,2026-10-08,2026-10-08 10:51:50.27502,PULAU PINANG,SEBERANG PERAI SELATAN,[PASAR AWAM] SUNGAI BAKAP,Runcit,26,Sayur-Sayuran,02,002,CILI MERAH KULAI / KULAI HIBRID,F.A.Q,Kilogram,18,16.01,
31042378,2026-10-08,2026-10-08 10:51:50.27502,PULAU PINANG,SEBERANG PERAI SELATAN,[PASAR AWAM] SUNGAI BAKAP,Runcit,26,Sayur-Sayuran,02,002,CILI MERAH MINYAK,F.A.Q,Kilogram,15,13.59,
31042379,2026-10-08,2026-10-08 10:51:50.27502,PULAU PINANG,SEBERANG PERAI SELATAN,[PASAR AWAM] SUNGAI BAKAP,Runcit,26,Sayur-Sayuran,04,002,KACANG BENDI,F.A.Q,Kilogram,10,9.12,
31042380,2026-10-08,2026-10-08 10:51:50.27502,PULAU PINANG,SEBERANG PERAI SELATAN,[PASAR AWAM] SUNGAI BAKAP,Runcit,26,Sayur-Sayuran,04,003,KACANG BUNCIS,F.A.Q,Kilogram,15,13.06,
31042381,2026-10-08,2026-10-08 10:51:50.27502,PULAU PINANG,SEBERANG PERAI SELATAN,[PASAR AWAM] SUNGAI BAKAP,Runcit,26,Sayur-Sayuran,04,007,KACANG PANJANG HIJAU,F.A.Q,Kilogram,10,8.57,
31042382,2026-10-08,2026-10-08 10:51:50.27502,PULAU PINANG,SEBERANG PERAI SELATAN,[PASAR AWAM] SUNGAI BAKAP,Runcit,26,Sayur-Sayuran,03,019,KANGKUNG,F.A.Q,Kilogram,6,5.03,
31042383,2026-10-08,2026-10-08 10:51:50.27502,PULAU PINANG,SEBERANG PERAI SELATAN,[PASAR AWAM] SUNGAI BAKAP,Runcit,26,Sayur-Sayuran,03,006,KUBIS BULAT (CHINA),F.A.Q,Kilogram,4,3.29,
31042384,2026-10-08,2026-10-08 10:51:50.27502,PULAU PINANG,SEBERANG PERAI SELATAN,[PASAR AWAM] SUNGAI BAKAP,Runcit,26,Sayur-Sayuran,03,006,KUBIS BULAT (TANAH TINGGI),F.A.Q,Kilogram,5,4.94,
31042385,2026-10-08,2026-10-08 10:51:50.27502,PULAU PINANG,SEBERANG PERAI SELATAN,[PASAR AWAM] SUNGAI BAKAP,Runcit,26,Sayur-Sayuran,03,007,SAWI HIJAU TANAH TINGGI,F.A.Q,Kilogram,8,4,
31042386,2026-10-08,2026-10-08 10:51:50.27502,PULAU PINANG,SEBERANG PERAI SELATAN,[PASAR AWAM] SUNGAI BAKAP,Runcit,26,Sayur-Sayuran,02,010,TERUNG PANJANG / PEPARU (TANAH RENDAH),F.A.Q,Kilogram,10,8.08,
31042387,2026-10-08,2026-10-08 10:51:50.27502,PULAU PINANG,SEBERANG PERAI SELATAN,[PASAR AWAM] SUNGAI BAKAP,Runcit,26,Sayur-Sayuran,02,011,TIMUN HIJAU,F.A.Q,Kilogram,6,4.27,
31042388,2026-10-08,2026-10-08 10:51:50.27502,PULAU PINANG,SEBERANG PERAI SELATAN,[PASAR AWAM] SUNGAI BAKAP,Runcit,26,Sayur-Sayuran,02,012,TOMATO (TANAH TINGGI),F.A.Q,Kilogram,7,5.71,
31042389,2026-10-08,2026-10-08 10:51:50.27502,PULAU PINANG,SEBERANG PERAI SELATAN,[PASAR AWAM] SUNGAI BAKAP,Runcit,26,Sayur-Sayuran,05,009,UBI KENTANG HOLLAND,F.A.Q,Kilogram,4,4.09,
31042390,2026-10-08,2026-10-08 10:52:04.334107,MELAKA,JASIN,PASAR AWAM JASIN,Runcit,26,Sayur-Sayuran,05,001,BAWANG BESAR KUNING / HOLLAND,F.A.Q,Kilogram,4,4.6666665,
31042391,2026-10-08,2026-10-08 10:52:04.334107,MELAKA,JASIN,PASAR AWAM JASIN,Runcit,26,Sayur-Sayuran,05,001,BAWANG BESAR MERAH (INDIA),F.A.Q,Kilogram,5,4.285714,
31042392,2026-10-08,2026-10-08 10:52:04.334107,MELAKA,JASIN,PASAR AWAM JASIN,Runcit,26,Sayur-Sayuran,05,001,BAWANG MERAH / KECIL (INDIA),F.A.Q,Kilogram,4,5.5,
31042393,2026-10-08,2026-10-08 10:52:04.334107,MELAKA,JASIN,PASAR AWAM JASIN,Runcit,26,Sayur-Sayuran,05,001,BAWANG PUTIH (CHINA),F.A.Q,Kilogram,9.5,11.0625,
31042394,2026-10-08,2026-10-08 10:52:04.334107,MELAKA,JASIN,PASAR AWAM JASIN,Runcit,26,Sayur-Sayuran,05,009,UBI KENTANG (IMPORT),F.A.Q,Kilogram,4,4.142857,
31042395,2026-10-08,2026-10-08 10:52:24.413501,MELAKA,JASIN,PASAR AWAM JASIN,Runcit,26,Ternakan,11,001,TELUR AYAM,B,Biji,0.5,0.5,
31042396,2026-10-08,2026-10-08 10:52:33.871797,PULAU PINANG,SEBERANG PERAI SELATAN,[PASAR AWAM] SUNGAI BAKAP,Runcit,26,Ternakan,03,002,AYAM PROSES STANDARD,F.A.Q,Kilogram,10.5,10.09,
31042397,2026-10-08,2026-10-08 10:52:34.986118,SABAH,LAHAD DATU,[PASAR RAKYAT] LAHAD DATU,Runcit,26,Sayur-Sayuran,05,001,BAWANG BESAR KUNING / HOLLAND,F.A.Q,Kilogram,4,4,
31042398,2026-10-08,2026-10-08 10:52:34.986118,SABAH,LAHAD DATU,[PASAR RAKYAT] LAHAD DATU,Runcit,26,Sayur-Sayuran,05,001,BAWANG MERAH / KECIL (INDIA),F.A.Q,Kilogram,6,6,
31042399,2026-10-08,2026-10-08 10:52:34.986118,SABAH,LAHAD DATU,[PASAR RAKYAT] LAHAD DATU,Runcit,26,Sayur-Sayuran,03,001,BAYAM,F.A.Q,Kilogram,6,6,
31042400,2026-10-08,2026-10-08 10:52:34.986118,SABAH,LAHAD DATU,[PASAR RAKYAT] LAHAD DATU,Runcit,26,Sayur-Sayuran,02,002,CILI HIJAU,F.A.Q,Kilogram,4,9,
31042401,2026-10-08,2026-10-08 10:52:34.986118,SABAH,LAHAD DATU,[PASAR RAKYAT] LAHAD DATU,Runcit,26,Sayur-Sayuran,02,002,CILI MERAH MINYAK,F.A.Q,Kilogram,15,15,
31042402,2026-10-08,2026-10-08 10:52:34.986118,SABAH,LAHAD DATU,[PASAR RAKYAT] LAHAD DATU,Runcit,26,Sayur-Sayuran,03,009,DAUN BAWANG,F.A.Q,Kilogram,7,7.5,
31042403,2026-10-08,2026-10-08 10:52:34.986118,SABAH,LAHAD DATU,[PASAR RAKYAT] LAHAD DATU,Runcit,26,Sayur-Sayuran,03,015,DAUN SUP (TANAH TINGGI),F.A.Q,Kilogram,15,15,
31042404,2026-10-08,2026-10-08 10:52:34.986118,SABAH,LAHAD DATU,[PASAR RAKYAT] LAHAD DATU,Runcit,26,Sayur-Sayuran,04,002,KACANG BENDI,F.A.Q,Kilogram,10,10,
31042405,2026-10-08,2026-10-08 10:52:34.986118,SABAH,LAHAD DATU,[PASAR RAKYAT] LAHAD DATU,Runcit,26,Sayur-Sayuran,04,003,KACANG BUNCIS,F.A.Q,Kilogram,8,8,
31042406,2026-10-08,2026-10-08 10:52:34.986118,SABAH,LAHAD DATU,[PASAR RAKYAT] LAHAD DATU,Runcit,26,Sayur-Sayuran,04,007,KACANG PANJANG HIJAU,F.A.Q,Kilogram,6,6,
31042407,2026-10-08,2026-10-08 10:52:34.986118,SABAH,LAHAD DATU,[PASAR RAKYAT] LAHAD DATU,Runcit,26,Sayur-Sayuran,03,019,KANGKUNG,F.A.Q,Kilogram,6,6,
31042408,2026-10-08,2026-10-08 10:52:34.986118,SABAH,LAHAD DATU,[PASAR RAKYAT] LAHAD DATU,Runcit,26,Sayur-Sayuran,03,006,KUBIS BULAT (TANAH TINGGI),F.A.Q,Kilogram,4,4,
31042409,2026-10-08,2026-10-08 10:52:34.986118,SABAH,LAHAD DATU,[PASAR RAKYAT] LAHAD DATU,Runcit,26,Sayur-Sayuran,03,007,SAWI HIJAU,F.A.Q,Kilogram,5,5,
31042410,2026-10-08,2026-10-08 10:52:34.986118,SABAH,LAHAD DATU,[PASAR RAKYAT] LAHAD DATU,Runcit,26,Sayur-Sayuran,02,010,TERUNG PANJANG / PEPARU (TANAH RENDAH),F.A.Q,Kilogram,7,7,
31042411,2026-10-08,2026-10-08 10:52:34.986118,SABAH,LAHAD DATU,[PASAR RAKYAT] LAHAD DATU,Runcit,26,Sayur-Sayuran,02,011,TIMUN HIJAU,F.A.Q,Kilogram,4,4,
31042412,2026-10-08,2026-10-08 10:52:34.986118,SABAH,LAHAD DATU,[PASAR RAKYAT] LAHAD DATU,Runcit,26,Sayur-Sayuran,02,012,TOMATO PLUM (TANAH TINGGI),F.A.Q,Kilogram,7.5,7.5,
31042413,2026-10-08,2026-10-08 10:52:49.878759,NEGERI SEMBILAN,TAMPIN,[LOKASI KUTIPAN HARGA LADANG] GEMENCHEH,Ladang,,Sayur-Sayuran,03,001,BAYAM,F.A.Q,Kilogram,3,3,
31042414,2026-10-08,2026-10-08 10:52:49.878759,NEGERI SEMBILAN,TAMPIN,[LOKASI KUTIPAN HARGA LADANG] GEMENCHEH,Ladang,,Sayur-Sayuran,04,007,KACANG PANJANG HIJAU,F.A.Q,Kilogram,5,5,
31042415,2026-10-08,2026-10-08 10:52:49.878759,NEGERI SEMBILAN,TAMPIN,[LOKASI KUTIPAN HARGA LADANG] GEMENCHEH,Ladang,,Sayur-Sayuran,03,019,KANGKUNG,F.A.Q,Kilogram,3,3,
31042416,2026-10-08,2026-10-08 10:52:49.878759,NEGERI SEMBILAN,TAMPIN,[LOKASI KUTIPAN HARGA LADANG] GEMENCHEH,Ladang,,Sayur-Sayuran,03,007,SAWI HIJAU,F.A.Q,Kilogram,3.5,3.5,
31042417,2026-10-08,2026-10-08 10:52:53.944546,KELANTAN,BACHOK,PASAR AWAM JELAWAT,Runcit,26,Ternakan,03,002,AYAM PROSES STANDARD,F.A.Q,Kilogram,9.5,9.5,
31042418,2026-10-08,2026-10-08 10:53:15.149239,MELAKA,JASIN,PASAR AWAM JASIN,Runcit,26,Sayur-Sayuran,05,001,BAWANG BESAR KUNING / HOLLAND,F.A.Q,Kilogram,4,4.6666665,
31042419,2026-10-08,2026-10-08 10:53:15.149239,MELAKA,JASIN,PASAR AWAM JASIN,Runcit,26,Sayur-Sayuran,05,001,BAWANG BESAR MERAH (INDIA),F.A.Q,Kilogram,5,4.285714,
31042420,2026-10-08,2026-10-08 10:53:15.149239,MELAKA,JASIN,PASAR AWAM JASIN,Runcit,26,Sayur-Sayuran,05,001,BAWANG MERAH / KECIL (INDIA),F.A.Q,Kilogram,4,5.5,
31042421,2026-10-08,2026-10-08 10:53:15.149239,MELAKA,JASIN,PASAR AWAM JASIN,Runcit,26,Sayur-Sayuran,05,001,BAWANG MERAH ROSE,F.A.Q,Kilogram,6,6,
31042422,2026-10-08,2026-10-08 10:53:15.149239,MELAKA,JASIN,PASAR AWAM JASIN,Runcit,26,Sayur-Sayuran,05,001,BAWANG PUTIH (CHINA),F.A.Q,Kilogram,10,11.0625,
31042423,2026-10-08,2026-10-08 10:53:15.149239,MELAKA,JASIN,PASAR AWAM JASIN,Runcit,26,Sayur-Sayuran,05,009,UBI KENTANG (IMPORT),F.A.Q,Kilogram,4,4.142857,
31042424,2026-10-08,2026-10-08 10:53:20.720791,MELAKA,MELAKA TENGAH,PASAR BESAR MBMB,Runcit,26,Ternakan,03,002,AYAM PROSES STANDARD,F.A.Q,Kilogram,10,10,
31042425,2026-10-08,2026-10-08 10:53:20.720791,MELAKA,MELAKA TENGAH,PASAR BESAR MBMB,Runcit,26,Ternakan,03,002,AYAM PROSES STANDARD,F.A.Q,Kilogram,10,10,
31042426,2026-10-08,2026-10-08 10:53:20.720791,MELAKA,MELAKA TENGAH,PASAR BESAR MBMB,Runcit,26,Ternakan,02,003,DAGING LEMBU PEJAL,F.A.Q,Kilogram,40,40,
31042427,2026-10-08,2026-10-08 10:53:20.720791,MELAKA,MELAKA TENGAH,PASAR BESAR MBMB,Runcit,26,Ternakan,02,003,DAGING LEMBU PEJAL,F.A.Q,Kilogram,40,40,
31042428,2026-10-08,2026-10-08 10:53:20.720791,MELAKA,MELAKA TENGAH,PASAR BESAR MBMB,Runcit,26,Ternakan,11,001,TELUR AYAM,A,Biji,0.53,0.5225,
31042429,2026-10-08,2026-10-08 10:53:20.720791,MELAKA,MELAKA TENGAH,PASAR BESAR MBMB,Runcit,26,Ternakan,11,001,TELUR AYAM,A,Biji,0.52,0.5225,
31042430,2026-10-08,2026-10-08 10:53:20.720791,MELAKA,MELAKA TENGAH,PASAR BESAR MBMB,Runcit,26,Ternakan,11,001,TELUR AYAM,B,Biji,0.52,0.5129412,
31042431,2026-10-08,2026-10-08 10:53:20.720791,MELAKA,MELAKA TENGAH,PASAR BESAR MBMB,Runcit,26,Ternakan,11,001,TELUR AYAM,B,Biji,0.51,0.5129412,
31042432,2026-10-08,2026-10-08 10:53:20.720791,MELAKA,MELAKA TENGAH,PASAR BESAR MBMB,Runcit,26,Ternakan,11,001,TELUR AYAM,C,Biji,0.49,0.4977778,
31042433,2026-10-08,2026-10-08 10:53:20.720791,MELAKA,MELAKA TENGAH,PASAR BESAR MBMB,Runcit,26,Ternakan,11,001,TELUR AYAM,C,Biji,0.5,0.4977778,
31042434,2026-10-08,2026-10-08 10:53:27.925733,PERAK,KINTA,PASAR BORONG KUALA PARI,Borong,20,Sayur-Sayuran,05,001,BAWANG BESAR KUNING / HOLLAND,F.A.Q,Kilogram,2.3,2.3333333,
31042435,2026-10-08,2026-10-08 10:53:27.925733,PERAK,KINTA,PASAR BORONG KUALA PARI,Borong,20,Sayur-Sayuran,05,001,BAWANG BESAR KUNING / HOLLAND,F.A.Q,Kilogram,2.3,2.3333333,
31042436,2026-10-08,2026-10-08 10:53:27.925733,PERAK,KINTA,PASAR BORONG KUALA PARI,Borong,20,Sayur-Sayuran,05,001,BAWANG BESAR MERAH (INDIA),F.A.Q,Kilogram,2.8,2.8,
31042437,2026-10-08,2026-10-08 10:53:27.925733,PERAK,KINTA,PASAR BORONG KUALA PARI,Borong,20,Sayur-Sayuran,05,001,BAWANG MERAH / KECIL (THAI),F.A.Q,Kilogram,7,7,
31042438,2026-10-08,2026-10-08 10:53:27.925733,PERAK,KINTA,PASAR BORONG KUALA PARI,Borong,20,Sayur-Sayuran,05,001,BAWANG PUTIH (CHINA),F.A.Q,Kilogram,6.5,6.611765,
31042439,2026-10-08,2026-10-08 10:53:27.925733,PERAK,KINTA,PASAR BORONG KUALA PARI,Borong,20,Sayur-Sayuran,05,001,BAWANG PUTIH (CHINA),F.A.Q,Kilogram,6.3,6.611765,
31042440,2026-10-08,2026-10-08 10:53:27.925733,PERAK,KINTA,PASAR BORONG KUALA PARI,Borong,20,Sayur-Sayuran,05,009,UBI KENTANG HOLLAND,F.A.Q,Kilogram,1.7,1.7111111,
31042441,2026-10-08,2026-10-08 10:54:39.896017,SABAH,RANAU,LADANG/KEBUN KUNDASANG,Ladang,,Sayur-Sayuran,03,001,BAYAM,F.A.Q,Kilogram,6,2.64,1.0
31042442,2026-10-08,2026-10-08 10:54:40.011977,SABAH,RANAU,LADANG/KEBUN KUNDASANG,Ladang,,Sayur-Sayuran,02,002,CILI HIJAU,F.A.Q,Kilogram,10,7.89,1.0
31042443,2026-10-08,2026-10-08 10:54:40.075118,SABAH,RANAU,LADANG/KEBUN KUNDASANG,Ladang,,Sayur-Sayuran,02,002,CILI MERAH KULAI / KULAI HIBRID,F.A.Q,Kilogram,10,10.44,1.0
31042444,2026-10-08,2026-10-08 10:54:40.140341,SABAH,RANAU,LADANG/KEBUN KUNDASANG,Ladang,,Sayur-Sayuran,02,002,CILI MERAH MINYAK,F.A.Q,Kilogram,10,10.88,1.0
31042445,2026-10-08,2026-10-08 10:54:40.207595,SABAH,RANAU,LADANG/KEBUN KUNDASANG,Ladang,,Sayur-Sayuran,03,009,DAUN BAWANG,F.A.Q,Kilogram,3,9.69,1.0
31042446,2026-10-08,2026-10-08 10:54:40.290878,SABAH,RANAU,LADANG/KEBUN KUNDASANG,Ladang,,Sayur-Sayuran,03,015,DAUN SUP (TANAH TINGGI),F.A.Q,Kilogram,9,5.87,1.0
31042447,2026-10-08,2026-10-08 10:54:40.372905,SABAH,RANAU,LADANG/KEBUN KUNDASANG,Ladang,,Sayur-Sayuran,04,002,KACANG BENDI,F.A.Q,Kilogram,5,5.34,1.0
31042448,2026-10-08,2026-10-08 10:54:40.436389,SABAH,RANAU,LADANG/KEBUN KUNDASANG,Ladang,,Sayur-Sayuran,04,003,KACANG BUNCIS,F.A.Q,Kilogram,4,7.54,1.0
31042449,2026-10-08,2026-10-08 10:54:40.508747,SABAH,RANAU,LADANG/KEBUN KUNDASANG,Ladang,,Sayur-Sayuran,04,007,KACANG PANJANG HIJAU,F.A.Q,Kilogram,3.5,4.02,1.0
31042450,2026-10-08,2026-10-08 10:54:40.570328,SABAH,RANAU,LADANG/KEBUN KUNDASANG,Ladang,,Sayur-Sayuran,03,019,KANGKUNG,F.A.Q,Kilogram,3.5,2.32,1.0
31042451,2026-10-08,2026-10-08 10:54:40.631358,SABAH,RANAU,LADANG/KEBUN KUNDASANG,Ladang,,Sayur-Sayuran,03,006,KUBIS BULAT (TANAH TINGGI),F.A.Q,Kilogram,2,2.49,1.0
31042452,2026-10-08,2026-10-08 10:54:40.696812,SABAH,RANAU,LADANG/KEBUN KUNDASANG,Ladang,,Sayur-Sayuran,03,007,SAWI HIJAU,F.A.Q,Kilogram,3,3.39,1.0
31042453,2026-10-08,2026-10-08 10:54:40.761789,SABAH,RANAU,LADANG/KEBUN KUNDASANG,Ladang,,Sayur-Sayuran,03,007,SAWI HIJAU TANAH TINGGI,F.A.Q,Kilogram,3,2.86,1.0
31042454,2026-10-08,2026-10-08 10:54:40.835715,SABAH,RANAU,LADANG/KEBUN KUNDASANG,Ladang,,Sayur-Sayuran,02,010,TERUNG PANJANG / PEPARU (TANAH RENDAH),F.A.Q,Kilogram,2.5,5.38,1.0
31042455,2026-10-08,2026-10-08 10:54:40.914198,SABAH,RANAU,LADANG/KEBUN KUNDASANG,Ladang,,Sayur-Sayuran,02,011,TIMUN HIJAU,F.A.Q,Kilogram,2.5,1.67,1.0
31042456,2026-10-08,2026-10-08 10:54:40.987535,SABAH,RANAU,LADANG/KEBUN KUNDASANG,Ladang,,Sayur-Sayuran,02,012,TOMATO (TANAH TINGGI),F.A.Q,Kilogram,5,5.76,1.0
31042457,2026-10-08,2026-10-08 10:54:41.051536,SABAH,RANAU,LADANG/KEBUN KUNDASANG,Ladang,,Sayur-Sayuran,02,012,TOMATO PLUM (TANAH TINGGI),F.A.Q,Kilogram,3,2,1.0
31042458,2026-10-08,2026-10-08 10:54:45.59149,MELAKA,MELAKA TENGAH,PASAR BESAR MBMB,Runcit,26,Sayur-Sayuran,05,001,BAWANG BESAR KUNING / HOLLAND,F.A.Q,Kilogram,4.5,4.25,
31042459,2026-10-08,2026-10-08 10:54:45.59149,MELAKA,MELAKA TENGAH,PASAR BESAR MBMB,Runcit,26,Sayur-Sayuran,05,001,BAWANG BESAR KUNING / HOLLAND,F.A.Q,Kilogram,5,4.25,
31042460,2026-10-08,2026-10-08 10:54:45.59149,MELAKA,MELAKA TENGAH,PASAR BESAR MBMB,Runcit,26,Sayur-Sayuran,05,001,BAWANG BESAR MERAH (INDIA),F.A.Q,Kilogram,5,3.9333334,
31042461,2026-10-08,2026-10-08 10:54:45.59149,MELAKA,MELAKA TENGAH,PASAR BESAR MBMB,Runcit,26,Sayur-Sayuran,05,001,BAWANG BESAR MERAH (INDIA),F.A.Q,Kilogram,4.5,3.9333334,
31042462,2026-10-08,2026-10-08 10:54:45.59149,MELAKA,MELAKA TENGAH,PASAR BESAR MBMB,Runcit,26,Sayur-Sayuran,05,001,BAWANG MERAH / KECIL (INDIA),F.A.Q,Kilogram,6,5.642857,
31042463,2026-10-08,2026-10-08 10:54:45.59149,MELAKA,MELAKA TENGAH,PASAR BESAR MBMB,Runcit,26,Sayur-Sayuran,05,001,BAWANG MERAH / KECIL (THAI),F.A.Q,Kilogram,11,11.3,
31042464,2026-10-08,2026-10-08 10:54:45.59149,MELAKA,MELAKA TENGAH,PASAR BESAR MBMB,Runcit,26,Sayur-Sayuran,05,001,BAWANG MERAH / KECIL (THAI),F.A.Q,Kilogram,9,11.3,
31042465,2026-10-08,2026-10-08 10:54:45.59149,MELAKA,MELAKA TENGAH,PASAR BESAR MBMB,Runcit,26,Sayur-Sayuran,05,001,BAWANG MERAH ROSE,F.A.Q,Kilogram,6.5,7.5,
31042466,2026-10-08,2026-10-08 10:54:45.59149,MELAKA,MELAKA TENGAH,PASAR BESAR MBMB,Runcit,26,Sayur-Sayuran,05,001,BAWANG PUTIH (CHINA),F.A.Q,Kilogram,9,9.75,
31042467,2026-10-08,2026-10-08 10:54:45.59149,MELAKA,MELAKA TENGAH,PASAR BESAR MBMB,Runcit,26,Sayur-Sayuran,05,001,BAWANG PUTIH (CHINA),F.A.Q,Kilogram,11,9.75,
31042468,2026-10-08,2026-10-08 10:54:45.59149,MELAKA,MELAKA TENGAH,PASAR BESAR MBMB,Runcit,26,Sayur-Sayuran,05,009,UBI KENTANG (IMPORT),F.A.Q,Kilogram,3,3.0625,
31042469,2026-10-08,2026-10-08 10:54:45.59149,MELAKA,MELAKA TENGAH,PASAR BESAR MBMB,Runcit,26,Sayur-Sayuran,05,009,UBI KENTANG (IMPORT),F.A.Q,Kilogram,3,3.0625,
31042470,2026-10-08,2026-10-08 10:54:45.59149,MELAKA,MELAKA TENGAH,PASAR BESAR MBMB,Runcit,26,Sayur-Sayuran,05,009,UBI KENTANG HOLLAND,F.A.Q,Kilogram,3.5,3.8125,
31042471,2026-10-08,2026-10-08 10:54:54.672068,SABAH,RANAU,[PASAR AWAM] RANAU,Runcit,,Ternakan,03,002,AYAM PROSES SUPER,F.A.Q,Kilogram,13,11.14,1.0
31042472,2026-10-08,2026-10-08 10:55:12.301926,SABAH,LAHAD DATU,,Runcit,26,Sayur-Sayuran,05,001,BAWANG BESAR KUNING / HOLLAND,F.A.Q,Kilogram,4,4,
31042473,2026-10-08,2026-10-08 10:55:12.301926,SABAH,LAHAD DATU,,Runcit,26,Sayur-Sayuran,05,001,BAWANG MERAH / KECIL (INDIA),F.A.Q,Kilogram,6,6,
31042474,2026-10-08,2026-10-08 10:55:12.301926,SABAH,LAHAD DATU,,Runcit,26,Sayur-Sayuran,03,001,BAYAM,F.A.Q,Kilogram,6,6,
31042475,2026-10-08,2026-10-08 10:55:12.301926,SABAH,LAHAD DATU,,Runcit,26,Sayur-Sayuran,02,002,CILI HIJAU,F.A.Q,Kilogram,14,9,
31042476,2026-10-08,2026-10-08 10:55:12.301926,SABAH,LAHAD DATU,,Runcit,26,Sayur-Sayuran,02,002,CILI MERAH MINYAK,F.A.Q,Kilogram,15,15,
31042477,2026-10-08,2026-10-08 10:55:12.301926,SABAH,LAHAD DATU,,Runcit,26,Sayur-Sayuran,03,009,DAUN BAWANG,F.A.Q,Kilogram,7,7.5,
31042478,2026-10-08,2026-10-08 10:55:12.301926,SABAH,LAHAD DATU,,Runcit,26,Sayur-Sayuran,03,015,DAUN SUP (TANAH TINGGI),F.A.Q,Kilogram,15,15,
31042479,2026-10-08,2026-10-08 10:55:12.301926,SABAH,LAHAD DATU,,Runcit,26,Sayur-Sayuran,04,002,KACANG BENDI,F.A.Q,Kilogram,10,10,
31042480,2026-10-08,2026-10-08 10:55:12.301926,SABAH,LAHAD DATU,,Runcit,26,Sayur-Sayuran,04,003,KACANG BUNCIS,F.A.Q,Kilogram,8,8,
31042481,2026-10-08,2026-10-08 10:55:12.301926,SABAH,LAHAD DATU,,Runcit,26,Sayur-Sayuran,04,007,KACANG PANJANG HIJAU,F.A.Q,Kilogram,6,6,
31042482,2026-10-08,2026-10-08 10:55:12.301926,SABAH,LAHAD DATU,,Runcit,26,Sayur-Sayuran,03,019,KANGKUNG,F.A.Q,Kilogram,6,6,
31042483,2026-10-08,2026-10-08 10:55:12.301926,SABAH,LAHAD DATU,,Runcit,26,Sayur-Sayuran,03,006,KUBIS BULAT (TANAH TINGGI),F.A.Q,Kilogram,4,4,
31042484,2026-10-08,2026-10-08 10:55:12.301926,SABAH,LAHAD DATU,,Runcit,26,Sayur-Sayuran,03,007,SAWI HIJAU,F.A.Q,Kilogram,5,5,
31042485,2026-10-08,2026-10-08 10:55:12.301926,SABAH,LAHAD DATU,,Runcit,26,Sayur-Sayuran,02,010,TERUNG PANJANG / PEPARU (TANAH RENDAH),F.A.Q,Kilogram,7,7,
31042486,2026-10-08,2026-10-08 10:55:12.301926,SABAH,LAHAD DATU,,Runcit,26,Sayur-Sayuran,02,011,TIMUN HIJAU,F.A.Q,Kilogram,4,4,
31042487,2026-10-08,2026-10-08 10:55:12.301926,SABAH,LAHAD DATU,,Runcit,26,Sayur-Sayuran,02,012,TOMATO PLUM (TANAH TINGGI),F.A.Q,Kilogram,7.5,7.5,
31042488,2026-10-08,2026-10-08 10:55:21.649883,PERAK,KINTA,PASAR BESAR IPOH,Runcit,26,Sayur-Sayuran,05,001,BAWANG BESAR KUNING / HOLLAND,F.A.Q,Kilogram,5,4.75,
31042489,2026-10-08,2026-10-08 10:55:21.649883,PERAK,KINTA,PASAR BESAR IPOH,Runcit,26,Sayur-Sayuran,05,001,BAWANG BESAR KUNING / HOLLAND,F.A.Q,Kilogram,4.5,4.75,
31042490,2026-10-08,2026-10-08 10:55:21.649883,PERAK,KINTA,PASAR BESAR IPOH,Runcit,26,Sayur-Sayuran,05,001,BAWANG BESAR MERAH (INDIA),F.A.Q,Kilogram,5,4.6136365,
31042491,2026-10-08,2026-10-08 10:55:21.649883,PERAK,KINTA,PASAR BESAR IPOH,Runcit,26,Sayur-Sayuran,05,001,BAWANG BESAR MERAH (INDIA),F.A.Q,Kilogram,4.5,4.6136365,
31042492,2026-10-08,2026-10-08 10:55:21.649883,PERAK,KINTA,PASAR BESAR IPOH,Runcit,26,Sayur-Sayuran,05,001,BAWANG MERAH / KECIL (THAI),F.A.Q,Kilogram,10,10,
31042493,2026-10-08,2026-10-08 10:55:21.649883,PERAK,KINTA,PASAR BESAR IPOH,Runcit,26,Sayur-Sayuran,05,001,BAWANG PUTIH (CHINA),F.A.Q,Kilogram,10,10,
31042494,2026-10-08,2026-10-08 10:55:21.649883,PERAK,KINTA,PASAR BESAR IPOH,Runcit,26,Sayur-Sayuran,05,009,UBI KENTANG HOLLAND,F.A.Q,Kilogram,4,3.7,
31042495,2026-10-08,2026-10-08 10:55:21.649883,PERAK,KINTA,PASAR BESAR IPOH,Runcit,26,Sayur-Sayuran,05,009,UBI KENTANG HOLLAND,F.A.Q,Kilogram,3.5,3.7,
31042496,2026-10-08,2026-10-08 10:55:28.852019,MELAKA,MELAKA TENGAH,PASAR BESAR MBMB,Runcit,26,Buah-Buahan,02,005,BETIK SEKAKI,F.A.Q,Kilogram,5,5.1,
31042497,2026-10-08,2026-10-08 10:55:28.852019,MELAKA,MELAKA TENGAH,PASAR BESAR MBMB,Runcit,26,Buah-Buahan,02,005,BETIK SEKAKI,F.A.Q,Kilogram,5,5.1,
31042498,2026-10-08,2026-10-08 10:55:28.852019,MELAKA,MELAKA TENGAH,PASAR BESAR MBMB,Runcit,26,Buah-Buahan,02,023,NANAS JOSAPINE (AC5),F.A.Q,Kilogram,4.3,4.3,
31042499,2026-10-08,2026-10-08 10:55:28.852019,MELAKA,MELAKA TENGAH,PASAR BESAR MBMB,Runcit,26,Buah-Buahan,02,028,PISANG BERANGAN,F.A.Q,Kilogram,5.5,5.2058825,
31042500,2026-10-08,2026-10-08 10:55:28.852019,MELAKA,MELAKA TENGAH,PASAR BESAR MBMB,Runcit,26,Buah-Buahan,02,028,PISANG BERANGAN,F.A.Q,Kilogram,5,5.2058825,
31042501,2026-10-08,2026-10-08 10:55:28.852019,MELAKA,MELAKA TENGAH,PASAR BESAR MBMB,Runcit,26,Buah-Buahan,02,028,PISANG MAS,F.A.Q,Kilogram,4,4.111111,
31042502,2026-10-08,2026-10-08 10:55:28.852019,MELAKA,MELAKA TENGAH,PASAR BESAR MBMB,Runcit,26,Buah-Buahan,02,028,PISANG MAS,F.A.Q,Kilogram,4.5,4.111111,
31042503,2026-10-08,2026-10-08 10:55:28.852019,MELAKA,MELAKA TENGAH,PASAR BESAR MBMB,Runcit,26,Buah-Buahan,02,034,TEMBIKAI MERAH TANPA BIJI,F.A.Q,Kilogram,2,2.2052631,
31042504,2026-10-08,2026-10-08 10:55:28.852019,MELAKA,MELAKA TENGAH,PASAR BESAR MBMB,Runcit,26,Buah-Buahan,02,034,TEMBIKAI MERAH TANPA BIJI,F.A.Q,Kilogram,2.5,2.2052631,
31042505,2026-10-08,2026-10-08 10:55:39.590016,MELAKA,MELAKA TENGAH,PASAR BESAR MBMB,Runcit,26,Tanaman Kontan,05,001,KELAPA DIKUPAS,SEDANG,Biji,2.5,2.5,
31042506,2026-10-08,2026-10-08 10:55:39.590016,MELAKA,MELAKA TENGAH,PASAR BESAR MBMB,Runcit,26,Tanaman Kontan,05,001,KELAPA DIKUPAS,SEDANG,Biji,2.5,2.5,
31042507,2026-10-08,2026-10-08 10:55:45.587187,MELAKA,JASIN,PASAR AWAM JASIN,Runcit,26,Sayur-Sayuran,03,001,BAYAM,F.A.Q,Kilogram,6,4.5625,
31042508,2026-10-08,2026-10-08 10:55:45.587187,MELAKA,JASIN,PASAR AWAM JASIN,Runcit,26,Sayur-Sayuran,02,002,CILI HIJAU,F.A.Q,Kilogram,16,13.125,
31042509,2026-10-08,2026-10-08 10:55:45.587187,MELAKA,JASIN,PASAR AWAM JASIN,Runcit,26,Sayur-Sayuran,02,002,CILI MERAH KULAI / KULAI HIBRID,F.A.Q,Kilogram,18,14.375,
31042510,2026-10-08,2026-10-08 10:55:45.587187,MELAKA,JASIN,PASAR AWAM JASIN,Runcit,26,Sayur-Sayuran,03,009,DAUN BAWANG,F.A.Q,Kilogram,15,8.75,
31042511,2026-10-08,2026-10-08 10:55:45.587187,MELAKA,JASIN,PASAR AWAM JASIN,Runcit,26,Sayur-Sayuran,03,015,DAUN SUP (TANAH TINGGI),F.A.Q,Kilogram,15,12,
31042512,2026-10-08,2026-10-08 10:55:45.587187,MELAKA,JASIN,PASAR AWAM JASIN,Runcit,26,Sayur-Sayuran,04,002,KACANG BENDI,F.A.Q,Kilogram,10,7.75,
31042513,2026-10-08,2026-10-08 10:55:45.587187,MELAKA,JASIN,PASAR AWAM JASIN,Runcit,26,Sayur-Sayuran,04,003,KACANG BUNCIS,F.A.Q,Kilogram,16,13,
31042514,2026-10-08,2026-10-08 10:55:45.587187,MELAKA,JASIN,PASAR AWAM JASIN,Runcit,26,Sayur-Sayuran,04,007,KACANG PANJANG HIJAU,F.A.Q,Kilogram,10,7.75,
31042515,2026-10-08,2026-10-08 10:55:45.587187,MELAKA,JASIN,PASAR AWAM JASIN,Runcit,26,Sayur-Sayuran,03,019,KANGKUNG,F.A.Q,Kilogram,6,4.125,
31042516,2026-10-08,2026-10-08 10:55:45.587187,MELAKA,JASIN,PASAR AWAM JASIN,Runcit,26,Sayur-Sayuran,03,007,SAWI HIJAU,F.A.Q,Kilogram,10,4.3125,
31042517,2026-10-08,2026-10-08 10:55:45.587187,MELAKA,JASIN,PASAR AWAM JASIN,Runcit,26,Sayur-Sayuran,02,010,TERUNG PANJANG / PEPARU (TANAH RENDAH),F.A.Q,Kilogram,10,9,
31042518,2026-10-08,2026-10-08 10:55:45.587187,MELAKA,JASIN,PASAR AWAM JASIN,Runcit,26,Sayur-Sayuran,02,011,TIMUN HIJAU,F.A.Q,Kilogram,6,3.875,
31042519,2026-10-08,2026-10-08 10:55:45.587187,MELAKA,JASIN,PASAR AWAM JASIN,Runcit,26,Sayur-Sayuran,02,012,TOMATO (TANAH TINGGI),F.A.Q,Kilogram,8,7.25,
31042520,2026-10-08,2026-10-08 10:55:57.576153,MELAKA,MELAKA TENGAH,PASAR BESAR MBMB,Runcit,26,Lain-Lain Makanan Proses,15,001,SANTAN PEKAT,F.A.Q,Kilogram,14,14.5,
31042521,2026-10-08,2026-10-08 10:55:57.576153,MELAKA,MELAKA TENGAH,PASAR BESAR MBMB,Runcit,26,Lain-Lain Makanan Proses,15,001,SANTAN PEKAT,F.A.Q,Kilogram,15,14.5,
31042522,2026-10-08,2026-10-08 10:56:06.244462,SABAH,RANAU,[PASAR AWAM] RANAU,Runcit,,Sayur-Sayuran,05,001,BAWANG BESAR KUNING / HOLLAND,F.A.Q,Kilogram,10,5.07,1.0
31042523,2026-10-08,2026-10-08 10:56:06.307532,SABAH,RANAU,[PASAR AWAM] RANAU,Runcit,,Sayur-Sayuran,03,001,BAYAM,F.A.Q,Kilogram,10,5.81,1.0
31042524,2026-10-08,2026-10-08 10:56:06.369437,SABAH,RANAU,[PASAR AWAM] RANAU,Runcit,,Sayur-Sayuran,02,002,CILI MERAH KULAI / KULAI HIBRID,F.A.Q,Kilogram,16,16.31,1.0
31042525,2026-10-08,2026-10-08 10:56:06.431165,SABAH,RANAU,[PASAR AWAM] RANAU,Runcit,,Sayur-Sayuran,03,015,DAUN SUP (TANAH TINGGI),F.A.Q,Kilogram,15,13.35,1.0
31042526,2026-10-08,2026-10-08 10:56:06.492992,SABAH,RANAU,[PASAR AWAM] RANAU,Runcit,,Sayur-Sayuran,04,002,KACANG BENDI,F.A.Q,Kilogram,8,10.44,1.0
31042527,2026-10-08,2026-10-08 10:56:06.55772,SABAH,RANAU,[PASAR AWAM] RANAU,Runcit,,Sayur-Sayuran,04,003,KACANG BUNCIS,F.A.Q,Kilogram,8,13.06,1.0
31042528,2026-10-08,2026-10-08 10:56:06.618865,SABAH,RANAU,[PASAR AWAM] RANAU,Runcit,,Sayur-Sayuran,03,019,KANGKUNG,F.A.Q,Kilogram,6,5.03,1.0
31042529,2026-10-08,2026-10-08 10:56:06.680112,SABAH,RANAU,[PASAR AWAM] RANAU,Runcit,,Sayur-Sayuran,03,006,KUBIS BULAT (TANAH TINGGI),F.A.Q,Kilogram,5,4.58,1.0
31042530,2026-10-08,2026-10-08 10:56:06.74109,SABAH,RANAU,[PASAR AWAM] RANAU,Runcit,,Sayur-Sayuran,03,007,SAWI HIJAU,F.A.Q,Kilogram,5,6.22,1.0
31042531,2026-10-08,2026-10-08 10:56:06.801965,SABAH,RANAU,[PASAR AWAM] RANAU,Runcit,,Sayur-Sayuran,03,007,SAWI HIJAU TANAH TINGGI,F.A.Q,Kilogram,5,4,1.0
31042532,2026-10-08,2026-10-08 10:56:06.863761,SABAH,RANAU,[PASAR AWAM] RANAU,Runcit,,Sayur-Sayuran,02,011,TIMUN HIJAU,F.A.Q,Kilogram,6,4.08,1.0
31042533,2026-10-08,2026-10-08 10:56:06.92458,SABAH,RANAU,[PASAR AWAM] RANAU,Runcit,,Sayur-Sayuran,02,012,TOMATO PLUM (TANAH TINGGI),F.A.Q,Kilogram,13,6,1.0
31042534,2026-10-08,2026-10-08 10:56:06.986194,SABAH,RANAU,[PASAR AWAM] RANAU,Runcit,,Sayur-Sayuran,05,009,UBI KENTANG HOLLAND,F.A.Q,Kilogram,7,4.09,1.0
31042535,2026-10-08,2026-10-08 10:56:39.042574,KELANTAN,BACHOK,"LADANG/KEBUN TEPUS, GUNONG",Ladang,,Ternakan,01,003,AYAM HIDUP,F.A.Q,Kilogram,7,7,
31042536,2026-10-08,2026-10-08 10:56:45.035503,MELAKA,MELAKA TENGAH,PASAR BORONG MPHTJ BATU BERENDAM - BAHAGIAN BORONG,Borong,20,Ternakan,03,002,AYAM PROSES STANDARD,F.A.Q,Kilogram,8.5,8.5,
31042537,2026-10-08,2026-10-08 10:56:45.035503,MELAKA,MELAKA TENGAH,PASAR BORONG MPHTJ BATU BERENDAM - BAHAGIAN BORONG,Borong,20,Ternakan,02,003,DAGING LEMBU PEJAL,F.A.Q,Kilogram,33,33,
31042538,2026-10-08,2026-10-08 10:56:45.035503,MELAKA,MELAKA TENGAH,PASAR BORONG MPHTJ BATU BERENDAM - BAHAGIAN BORONG,Borong,20,Ternakan,11,001,TELUR AYAM,A,Biji,0.5,0.494,
31042539,2026-10-08,2026-10-08 10:56:45.035503,MELAKA,MELAKA TENGAH,PASAR BORONG MPHTJ BATU BERENDAM - BAHAGIAN BORONG,Borong,20,Ternakan,11,001,TELUR AYAM,B,Biji,0.49,0.48333332,
31042540,2026-10-08,2026-10-08 10:56:45.035503,MELAKA,MELAKA TENGAH,PASAR BORONG MPHTJ BATU BERENDAM - BAHAGIAN BORONG,Borong,20,Ternakan,11,001,TELUR AYAM,C,Biji,0.46,0.466,
31042563,2026-10-08,2026-10-08 10:57:36.137265,W.P. KUALA LUMPUR,KUALA LUMPUR,PASAR BORONG KUALA LUMPUR,Borong,20,Ternakan,01,003,AYAM HIDUP,F.A.Q,Kilogram,7.7,7.4,
31042564,2026-10-08,2026-10-08 10:57:36.137265,W.P. KUALA LUMPUR,KUALA LUMPUR,PASAR BORONG KUALA LUMPUR,Borong,20,Ternakan,03,002,AYAM PROSES STANDARD,F.A.Q,Kilogram,8.7,8.633333,
31042565,2026-10-08,2026-10-08 10:57:36.137265,W.P. KUALA LUMPUR,KUALA LUMPUR,PASAR BORONG KUALA LUMPUR,Borong,20,Ternakan,02,003,DAGING LEMBU PEJAL,F.A.Q,Kilogram,30,30,
31042566,2026-10-08,2026-10-08 10:57:36.137265,W.P. KUALA LUMPUR,KUALA LUMPUR,PASAR BORONG KUALA LUMPUR,Borong,20,Ternakan,11,001,TELUR AYAM,A,Biji,0.49,0.485,
31042567,2026-10-08,2026-10-08 10:57:36.137265,W.P. KUALA LUMPUR,KUALA LUMPUR,PASAR BORONG KUALA LUMPUR,Borong,20,Ternakan,11,001,TELUR AYAM,B,Biji,0.48,0.4757143,
31042568,2026-10-08,2026-10-08 10:57:36.137265,W.P. KUALA LUMPUR,KUALA LUMPUR,PASAR BORONG KUALA LUMPUR,Borong,20,Ternakan,11,001,TELUR AYAM,C,Biji,0.45,0.4625,
31042569,2026-10-08,2026-10-08 10:57:37.4744,NEGERI SEMBILAN,TAMPIN,PASAR AWAM TAMPIN,Runcit,26,Sayur-Sayuran,03,001,BAYAM,F.A.Q,Kilogram,4.5,4.5,
31042570,2026-10-08,2026-10-08 10:57:37.4744,NEGERI SEMBILAN,TAMPIN,PASAR AWAM TAMPIN,Runcit,26,Sayur-Sayuran,02,002,CILI HIJAU,F.A.Q,Kilogram,13,12.5,
31042571,2026-10-08,2026-10-08 10:57:37.4744,NEGERI SEMBILAN,TAMPIN,PASAR AWAM TAMPIN,Runcit,26,Sayur-Sayuran,02,002,CILI MERAH KULAI / KULAI HIBRID,F.A.Q,Kilogram,15,14.375,
31042572,2026-10-08,2026-10-08 10:57:37.4744,NEGERI SEMBILAN,TAMPIN,PASAR AWAM TAMPIN,Runcit,26,Sayur-Sayuran,03,009,DAUN BAWANG,F.A.Q,Kilogram,13,7.2,
31042573,2026-10-08,2026-10-08 10:57:37.4744,NEGERI SEMBILAN,TAMPIN,PASAR AWAM TAMPIN,Runcit,26,Sayur-Sayuran,03,015,DAUN SUP (TANAH TINGGI),F.A.Q,Kilogram,9,8.5,
31042574,2026-10-08,2026-10-08 10:57:37.4744,NEGERI SEMBILAN,TAMPIN,PASAR AWAM TAMPIN,Runcit,26,Sayur-Sayuran,04,002,KACANG BENDI,F.A.Q,Kilogram,5,5.5,
31042575,2026-10-08,2026-10-08 10:57:37.4744,NEGERI SEMBILAN,TAMPIN,PASAR AWAM TAMPIN,Runcit,26,Sayur-Sayuran,04,003,KACANG BUNCIS,F.A.Q,Kilogram,15,11.25,
31042576,2026-10-08,2026-10-08 10:57:37.4744,NEGERI SEMBILAN,TAMPIN,PASAR AWAM TAMPIN,Runcit,26,Sayur-Sayuran,04,007,KACANG PANJANG HIJAU,F.A.Q,Kilogram,6,5.75,
31042577,2026-10-08,2026-10-08 10:57:37.4744,NEGERI SEMBILAN,TAMPIN,PASAR AWAM TAMPIN,Runcit,26,Sayur-Sayuran,03,019,KANGKUNG,F.A.Q,Kilogram,4,4,
31042578,2026-10-08,2026-10-08 10:57:37.4744,NEGERI SEMBILAN,TAMPIN,PASAR AWAM TAMPIN,Runcit,26,Sayur-Sayuran,03,006,KUBIS BULAT (TANAH TINGGI),F.A.Q,Kilogram,4,4.5,
31042579,2026-10-08,2026-10-08 10:57:37.4744,NEGERI SEMBILAN,TAMPIN,PASAR AWAM TAMPIN,Runcit,26,Sayur-Sayuran,03,007,SAWI HIJAU,F.A.Q,Kilogram,5.5,5.7,
31042580,2026-10-08,2026-10-08 10:57:37.4744,NEGERI SEMBILAN,TAMPIN,PASAR AWAM TAMPIN,Runcit,26,Sayur-Sayuran,02,010,TERUNG PANJANG / PEPARU (TANAH RENDAH),F.A.Q,Kilogram,8,8,
31042581,2026-10-08,2026-10-08 10:57:37.4744,NEGERI SEMBILAN,TAMPIN,PASAR AWAM TAMPIN,Runcit,26,Sayur-Sayuran,02,011,TIMUN HIJAU,F.A.Q,Kilogram,4,3.1,
31042582,2026-10-08,2026-10-08 10:57:37.4744,NEGERI SEMBILAN,TAMPIN,PASAR AWAM TAMPIN,Runcit,26,Sayur-Sayuran,02,012,TOMATO (TANAH TINGGI),F.A.Q,Kilogram,5.5,6.5,
31042583,2026-10-08,2026-10-08 10:57:41.134957,PERAK,KINTA,[PASAR BORONG] JALAN LAXAMANA,Borong,20,Buah-Buahan,02,005,BETIK SEKAKI,F.A.Q,Kilogram,4.2,4.15,
31042584,2026-10-08,2026-10-08 10:57:41.134957,PERAK,KINTA,[PASAR BORONG] JALAN LAXAMANA,Borong,20,Buah-Buahan,02,005,BETIK SEKAKI,F.A.Q,Kilogram,3.8,4.15,
31042585,2026-10-08,2026-10-08 10:57:41.134957,PERAK,KINTA,[PASAR BORONG] JALAN LAXAMANA,Borong,20,Buah-Buahan,02,023,NANAS JOSAPINE (AC5),F.A.Q,Kilogram,3,2.75,
31042586,2026-10-08,2026-10-08 10:57:41.134957,PERAK,KINTA,[PASAR BORONG] JALAN LAXAMANA,Borong,20,Buah-Buahan,02,023,NANAS JOSAPINE (AC5),F.A.Q,Kilogram,2.5,2.75,
31042587,2026-10-08,2026-10-08 10:57:41.134957,PERAK,KINTA,[PASAR BORONG] JALAN LAXAMANA,Borong,20,Buah-Buahan,02,028,PISANG BERANGAN,F.A.Q,Kilogram,4.5,4.25,
31042588,2026-10-08,2026-10-08 10:57:41.134957,PERAK,KINTA,[PASAR BORONG] JALAN LAXAMANA,Borong,20,Buah-Buahan,02,028,PISANG BERANGAN,F.A.Q,Kilogram,4,4.25,
31042589,2026-10-08,2026-10-08 10:57:41.134957,PERAK,KINTA,[PASAR BORONG] JALAN LAXAMANA,Borong,20,Buah-Buahan,02,028,PISANG MAS,F.A.Q,Kilogram,4.5,4.25,
31042590,2026-10-08,2026-10-08 10:57:41.134957,PERAK,KINTA,[PASAR BORONG] JALAN LAXAMANA,Borong,20,Buah-Buahan,02,028,PISANG MAS,F.A.Q,Kilogram,4,4.25,
31042591,2026-10-08,2026-10-08 10:57:41.134957,PERAK,KINTA,[PASAR BORONG] JALAN LAXAMANA,Borong,20,Buah-Buahan,02,034,TEMBIKAI MERAH TANPA BIJI,F.A.Q,Kilogram,2.2,1.9854167,
31042592,2026-10-08,2026-10-08 10:57:41.134957,PERAK,KINTA,[PASAR BORONG] JALAN LAXAMANA,Borong,20,Buah-Buahan,02,034,TEMBIKAI MERAH TANPA BIJI,F.A.Q,Kilogram,1.8,1.9854167,
31042593,2026-10-08,2026-10-08 10:58:11.121246,NEGERI SEMBILAN,TAMPIN,PASAR AWAM TAMPIN,Runcit,26,Sayur-Sayuran,05,001,BAWANG BESAR KUNING / HOLLAND,F.A.Q,Kilogram,5.5,5.5,
31042594,2026-10-08,2026-10-08 10:58:11.121246,NEGERI SEMBILAN,TAMPIN,PASAR AWAM TAMPIN,Runcit,26,Sayur-Sayuran,05,001,BAWANG BESAR MERAH (INDIA),F.A.Q,Kilogram,5,5,
31042595,2026-10-08,2026-10-08 10:58:11.121246,NEGERI SEMBILAN,TAMPIN,PASAR AWAM TAMPIN,Runcit,26,Sayur-Sayuran,05,001,BAWANG MERAH / KECIL (THAI),F.A.Q,Kilogram,14,14,
31042596,2026-10-08,2026-10-08 10:58:11.121246,NEGERI SEMBILAN,TAMPIN,PASAR AWAM TAMPIN,Runcit,26,Sayur-Sayuran,05,001,BAWANG MERAH ROSE,F.A.Q,Kilogram,12,12,
31042597,2026-10-08,2026-10-08 10:58:11.121246,NEGERI SEMBILAN,TAMPIN,PASAR AWAM TAMPIN,Runcit,26,Sayur-Sayuran,05,001,BAWANG PUTIH (CHINA),F.A.Q,Kilogram,12,12,
31042598,2026-10-08,2026-10-08 10:58:11.121246,NEGERI SEMBILAN,TAMPIN,PASAR AWAM TAMPIN,Runcit,26,Sayur-Sayuran,05,009,UBI KENTANG (IMPORT),F.A.Q,Kilogram,4.5,4.5,
31042599,2026-10-08,2026-10-08 10:58:24.495734,KELANTAN,TUMPAT,"[PROJEK] PROJEK PERTANIAN BERKELOMPOK KG KELABORAN, TUMPAT",Ladang,,Sayur-Sayuran,03,001,BAYAM,F.A.Q,Kilogram,4.5,3.5,
31042600,2026-10-08,2026-10-08 10:58:24.495734,KELANTAN,TUMPAT,"[PROJEK] PROJEK PERTANIAN BERKELOMPOK KG KELABORAN, TUMPAT",Ladang,,Sayur-Sayuran,03,001,BAYAM,F.A.Q,Kilogram,4.5,3.5,
31042601,2026-10-08,2026-10-08 10:58:24.495734,KELANTAN,TUMPAT,"[PROJEK] PROJEK PERTANIAN BERKELOMPOK KG KELABORAN, TUMPAT",Ladang,,Sayur-Sayuran,03,001,BAYAM,F.A.Q,Kilogram,4.5,3.5,
31042602,2026-10-08,2026-10-08 10:58:24.495734,KELANTAN,TUMPAT,"[PROJEK] PROJEK PERTANIAN BERKELOMPOK KG KELABORAN, TUMPAT",Ladang,,Sayur-Sayuran,03,019,KANGKUNG,F.A.Q,Kilogram,4,2,
31042603,2026-10-08,2026-10-08 10:58:24.495734,KELANTAN,TUMPAT,"[PROJEK] PROJEK PERTANIAN BERKELOMPOK KG KELABORAN, TUMPAT",Ladang,,Sayur-Sayuran,03,019,KANGKUNG,F.A.Q,Kilogram,4,2,
31042604,2026-10-08,2026-10-08 10:58:24.495734,KELANTAN,TUMPAT,"[PROJEK] PROJEK PERTANIAN BERKELOMPOK KG KELABORAN, TUMPAT",Ladang,,Sayur-Sayuran,03,019,KANGKUNG,F.A.Q,Kilogram,4,2,
31042605,2026-10-08,2026-10-08 10:58:24.495734,KELANTAN,TUMPAT,"[PROJEK] PROJEK PERTANIAN BERKELOMPOK KG KELABORAN, TUMPAT",Ladang,,Sayur-Sayuran,03,007,SAWI HIJAU,F.A.Q,Kilogram,9,3.5,
31042606,2026-10-08,2026-10-08 10:58:24.495734,KELANTAN,TUMPAT,"[PROJEK] PROJEK PERTANIAN BERKELOMPOK KG KELABORAN, TUMPAT",Ladang,,Sayur-Sayuran,03,007,SAWI HIJAU,F.A.Q,Kilogram,9,3.5,
31042607,2026-10-08,2026-10-08 10:58:24.495734,KELANTAN,TUMPAT,"[PROJEK] PROJEK PERTANIAN BERKELOMPOK KG KELABORAN, TUMPAT",Ladang,,Sayur-Sayuran,03,007,SAWI HIJAU,F.A.Q,Kilogram,9,3.5,
31042608,2026-10-08,2026-10-08 10:58:25.134703,W.P. KUALA LUMPUR,KUALA LUMPUR,PASAR BORONG KUALA LUMPUR,Borong,20,Buah-Buahan,02,005,BETIK SEKAKI,F.A.Q,Kilogram,3.5,3.925,
31042609,2026-10-08,2026-10-08 10:58:25.134703,W.P. KUALA LUMPUR,KUALA LUMPUR,PASAR BORONG KUALA LUMPUR,Borong,20,Buah-Buahan,02,023,NANAS JOSAPINE (AC5),F.A.Q,Kilogram,3.5,3.4714286,
31042610,2026-10-08,2026-10-08 10:58:25.134703,W.P. KUALA LUMPUR,KUALA LUMPUR,PASAR BORONG KUALA LUMPUR,Borong,20,Buah-Buahan,02,028,PISANG BERANGAN,F.A.Q,Kilogram,3.5,4.1285715,
31042611,2026-10-08,2026-10-08 10:58:25.134703,W.P. KUALA LUMPUR,KUALA LUMPUR,PASAR BORONG KUALA LUMPUR,Borong,20,Buah-Buahan,02,028,PISANG MAS,F.A.Q,Kilogram,3.8,4.325,
31042612,2026-10-08,2026-10-08 10:58:25.134703,W.P. KUALA LUMPUR,KUALA LUMPUR,PASAR BORONG KUALA LUMPUR,Borong,20,Buah-Buahan,02,034,TEMBIKAI MERAH TANPA BIJI,F.A.Q,Kilogram,2,2,
31042613,2026-10-08,2026-10-08 10:58:35.566652,W.P. KUALA LUMPUR,KUALA LUMPUR,PASAR BORONG KUALA LUMPUR,Borong,20,Tanaman Kontan,05,001,KELAPA DIKUPAS,SEDANG,Biji,2.3,2.375,
31042614,2026-10-08,2026-10-08 10:59:02.954175,PERAK,KINTA,PASAR BESAR IPOH,Runcit,26,Buah-Buahan,02,005,BETIK SEKAKI,F.A.Q,Kilogram,6.5,6.4583335,
31042615,2026-10-08,2026-10-08 10:59:02.954175,PERAK,KINTA,PASAR BESAR IPOH,Runcit,26,Buah-Buahan,02,005,BETIK SEKAKI,F.A.Q,Kilogram,6,6.4583335,
31042616,2026-10-08,2026-10-08 10:59:02.954175,PERAK,KINTA,PASAR BESAR IPOH,Runcit,26,Buah-Buahan,02,023,NANAS JOSAPINE (AC5),F.A.Q,Kilogram,4,3.75,
31042617,2026-10-08,2026-10-08 10:59:02.954175,PERAK,KINTA,PASAR BESAR IPOH,Runcit,26,Buah-Buahan,02,023,NANAS JOSAPINE (AC5),F.A.Q,Kilogram,3.5,3.75,
31042618,2026-10-08,2026-10-08 10:59:02.954175,PERAK,KINTA,PASAR BESAR IPOH,Runcit,26,Buah-Buahan,02,034,TEMBIKAI MERAH TANPA BIJI,F.A.Q,Kilogram,3.6,3.459091,
31042619,2026-10-08,2026-10-08 10:59:02.954175,PERAK,KINTA,PASAR BESAR IPOH,Runcit,26,Buah-Buahan,02,034,TEMBIKAI MERAH TANPA BIJI,F.A.Q,Kilogram,3.5,3.459091,
31042625,2026-10-08,2026-10-08 11:00:11.994893,PERAK,KINTA,PASAR BESAR IPOH,Runcit,26,Buah-Buahan,02,028,PISANG BERANGAN,F.A.Q,Kilogram,7.5,7.25,
31042626,2026-10-08,2026-10-08 11:00:11.994893,PERAK,KINTA,PASAR BESAR IPOH,Runcit,26,Buah-Buahan,02,028,PISANG BERANGAN,F.A.Q,Kilogram,7,7.25,
31042627,2026-10-08,2026-10-08 11:00:11.994893,PERAK,KINTA,PASAR BESAR IPOH,Runcit,26,Buah-Buahan,02,028,PISANG MAS,F.A.Q,Kilogram,7.5,7.25,
31042628,2026-10-08,2026-10-08 11:00:11.994893,PERAK,KINTA,PASAR BESAR IPOH,Runcit,26,Buah-Buahan,02,028,PISANG MAS,F.A.Q,Kilogram,7,7.25,
31042629,2026-10-08,2026-10-08 11:00:41.286088,NEGERI SEMBILAN,TAMPIN,PASAR AWAM TAMPIN,Runcit,26,Sayur-Sayuran,03,001,BAYAM,F.A.Q,Kilogram,4.5,4.5,
31042630,2026-10-08,2026-10-08 11:00:41.286088,NEGERI SEMBILAN,TAMPIN,PASAR AWAM TAMPIN,Runcit,26,Sayur-Sayuran,02,002,CILI HIJAU,F.A.Q,Kilogram,13,12.5,
31042631,2026-10-08,2026-10-08 11:00:41.286088,NEGERI SEMBILAN,TAMPIN,PASAR AWAM TAMPIN,Runcit,26,Sayur-Sayuran,02,002,CILI MERAH KULAI / KULAI HIBRID,F.A.Q,Kilogram,14,14.375,
31042632,2026-10-08,2026-10-08 11:00:41.286088,NEGERI SEMBILAN,TAMPIN,PASAR AWAM TAMPIN,Runcit,26,Sayur-Sayuran,03,009,DAUN BAWANG,F.A.Q,Kilogram,12,7.2,
31042633,2026-10-08,2026-10-08 11:00:41.286088,NEGERI SEMBILAN,TAMPIN,PASAR AWAM TAMPIN,Runcit,26,Sayur-Sayuran,03,015,DAUN SUP (TANAH TINGGI),F.A.Q,Kilogram,8,8.5,
31042634,2026-10-08,2026-10-08 11:00:41.286088,NEGERI SEMBILAN,TAMPIN,PASAR AWAM TAMPIN,Runcit,26,Sayur-Sayuran,04,002,KACANG BENDI,F.A.Q,Kilogram,6,5.5,
31042635,2026-10-08,2026-10-08 11:00:41.286088,NEGERI SEMBILAN,TAMPIN,PASAR AWAM TAMPIN,Runcit,26,Sayur-Sayuran,04,003,KACANG BUNCIS,F.A.Q,Kilogram,14,11.25,
31042636,2026-10-08,2026-10-08 11:00:41.286088,NEGERI SEMBILAN,TAMPIN,PASAR AWAM TAMPIN,Runcit,26,Sayur-Sayuran,04,007,KACANG PANJANG HIJAU,F.A.Q,Kilogram,6.5,5.75,
31042637,2026-10-08,2026-10-08 11:00:41.286088,NEGERI SEMBILAN,TAMPIN,PASAR AWAM TAMPIN,Runcit,26,Sayur-Sayuran,03,019,KANGKUNG,F.A.Q,Kilogram,4,4,
31042638,2026-10-08,2026-10-08 11:00:41.286088,NEGERI SEMBILAN,TAMPIN,PASAR AWAM TAMPIN,Runcit,26,Sayur-Sayuran,03,006,KUBIS BULAT (TANAH TINGGI),F.A.Q,Kilogram,4.5,4.5,
31042639,2026-10-08,2026-10-08 11:00:41.286088,NEGERI SEMBILAN,TAMPIN,PASAR AWAM TAMPIN,Runcit,26,Sayur-Sayuran,03,007,SAWI HIJAU,F.A.Q,Kilogram,6,5.7,
31042640,2026-10-08,2026-10-08 11:00:41.286088,NEGERI SEMBILAN,TAMPIN,PASAR AWAM TAMPIN,Runcit,26,Sayur-Sayuran,02,010,TERUNG PANJANG / PEPARU (TANAH RENDAH),F.A.Q,Kilogram,8,8,
31042641,2026-10-08,2026-10-08 11:00:41.286088,NEGERI SEMBILAN,TAMPIN,PASAR AWAM TAMPIN,Runcit,26,Sayur-Sayuran,02,011,TIMUN HIJAU,F.A.Q,Kilogram,4.5,3.1,
31042642,2026-10-08,2026-10-08 11:00:41.286088,NEGERI SEMBILAN,TAMPIN,PASAR AWAM TAMPIN,Runcit,26,Sayur-Sayuran,02,012,TOMATO (TANAH TINGGI),F.A.Q,Kilogram,6,6.5,
31042652,2026-10-08,2026-10-08 11:01:04.464459,MELAKA,MELAKA TENGAH,PASAR BORONG MPHTJ BATU BERENDAM - BAHAGIAN BORONG,Borong,20,Sayur-Sayuran,05,001,BAWANG BESAR KUNING / HOLLAND,F.A.Q,Kilogram,3.2,3.04,
31042653,2026-10-08,2026-10-08 11:01:04.464459,MELAKA,MELAKA TENGAH,PASAR BORONG MPHTJ BATU BERENDAM - BAHAGIAN BORONG,Borong,20,Sayur-Sayuran,05,001,BAWANG BESAR MERAH (INDIA),F.A.Q,Kilogram,3,2.4566667,
31042654,2026-10-08,2026-10-08 11:01:04.464459,MELAKA,MELAKA TENGAH,PASAR BORONG MPHTJ BATU BERENDAM - BAHAGIAN BORONG,Borong,20,Sayur-Sayuran,05,001,BAWANG MERAH / KECIL (INDIA),F.A.Q,Kilogram,4,4.04,
31042655,2026-10-08,2026-10-08 11:01:04.464459,MELAKA,MELAKA TENGAH,PASAR BORONG MPHTJ BATU BERENDAM - BAHAGIAN BORONG,Borong,20,Sayur-Sayuran,05,001,BAWANG MERAH / KECIL (THAI),F.A.Q,Kilogram,8.7,8.56,
31042656,2026-10-08,2026-10-08 11:01:04.464459,MELAKA,MELAKA TENGAH,PASAR BORONG MPHTJ BATU BERENDAM - BAHAGIAN BORONG,Borong,20,Sayur-Sayuran,05,001,BAWANG MERAH ROSE,F.A.Q,Kilogram,4.8,4.48,
31042657,2026-10-08,2026-10-08 11:01:04.464459,MELAKA,MELAKA TENGAH,PASAR BORONG MPHTJ BATU BERENDAM - BAHAGIAN BORONG,Borong,20,Sayur-Sayuran,05,001,BAWANG PUTIH (CHINA),F.A.Q,Kilogram,6.5,7,
31042658,2026-10-08,2026-10-08 11:01:04.464459,MELAKA,MELAKA TENGAH,PASAR BORONG MPHTJ BATU BERENDAM - BAHAGIAN BORONG,Borong,20,Sayur-Sayuran,03,001,BAYAM,F.A.Q,Kilogram,3,2.1111112,
31042659,2026-10-08,2026-10-08 11:01:04.464459,MELAKA,MELAKA TENGAH,PASAR BORONG MPHTJ BATU BERENDAM - BAHAGIAN BORONG,Borong,20,Sayur-Sayuran,03,001,BAYAM,F.A.Q,Kilogram,2.9,2.1111112,
31042660,2026-10-08,2026-10-08 11:01:04.464459,MELAKA,MELAKA TENGAH,PASAR BORONG MPHTJ BATU BERENDAM - BAHAGIAN BORONG,Borong,20,Sayur-Sayuran,02,002,CILI HIJAU,F.A.Q,Kilogram,10,10.4,
31042661,2026-10-08,2026-10-08 11:01:04.464459,MELAKA,MELAKA TENGAH,PASAR BORONG MPHTJ BATU BERENDAM - BAHAGIAN BORONG,Borong,20,Sayur-Sayuran,02,002,CILI HIJAU,F.A.Q,Kilogram,10.5,10.4,
31042662,2026-10-08,2026-10-08 11:01:04.464459,MELAKA,MELAKA TENGAH,PASAR BORONG MPHTJ BATU BERENDAM - BAHAGIAN BORONG,Borong,20,Sayur-Sayuran,02,002,CILI MERAH (VIETNAM),F.A.Q,Kilogram,9,9.5,
31042663,2026-10-08,2026-10-08 11:01:04.464459,MELAKA,MELAKA TENGAH,PASAR BORONG MPHTJ BATU BERENDAM - BAHAGIAN BORONG,Borong,20,Sayur-Sayuran,02,002,CILI MERAH (VIETNAM),F.A.Q,Kilogram,8.8,9.5,
31042664,2026-10-08,2026-10-08 11:01:04.464459,MELAKA,MELAKA TENGAH,PASAR BORONG MPHTJ BATU BERENDAM - BAHAGIAN BORONG,Borong,20,Sayur-Sayuran,02,002,CILI MERAH KULAI / KULAI HIBRID,F.A.Q,Kilogram,16,14.666667,
31042665,2026-10-08,2026-10-08 11:01:04.464459,MELAKA,MELAKA TENGAH,PASAR BORONG MPHTJ BATU BERENDAM - BAHAGIAN BORONG,Borong,20,Sayur-Sayuran,02,002,CILI MERAH MINYAK,F.A.Q,Kilogram,14,13.083333,
31042666,2026-10-08,2026-10-08 11:01:04.464459,MELAKA,MELAKA TENGAH,PASAR BORONG MPHTJ BATU BERENDAM - BAHAGIAN BORONG,Borong,20,Sayur-Sayuran,03,009,DAUN BAWANG,F.A.Q,Kilogram,7,4.26,
31042667,2026-10-08,2026-10-08 11:01:04.464459,MELAKA,MELAKA TENGAH,PASAR BORONG MPHTJ BATU BERENDAM - BAHAGIAN BORONG,Borong,20,Sayur-Sayuran,03,009,DAUN BAWANG,F.A.Q,Kilogram,8,4.26,
31042668,2026-10-08,2026-10-08 11:01:04.464459,MELAKA,MELAKA TENGAH,PASAR BORONG MPHTJ BATU BERENDAM - BAHAGIAN BORONG,Borong,20,Sayur-Sayuran,03,015,DAUN SUP (TANAH TINGGI),F.A.Q,Kilogram,8,5.388889,
31042669,2026-10-08,2026-10-08 11:01:04.464459,MELAKA,MELAKA TENGAH,PASAR BORONG MPHTJ BATU BERENDAM - BAHAGIAN BORONG,Borong,20,Sayur-Sayuran,03,015,DAUN SUP (TANAH TINGGI),F.A.Q,Kilogram,7.5,5.388889,
31042670,2026-10-08,2026-10-08 11:01:04.464459,MELAKA,MELAKA TENGAH,PASAR BORONG MPHTJ BATU BERENDAM - BAHAGIAN BORONG,Borong,20,Sayur-Sayuran,04,002,KACANG BENDI,F.A.Q,Kilogram,3.2,3.6888888,
31042671,2026-10-08,2026-10-08 11:01:04.464459,MELAKA,MELAKA TENGAH,PASAR BORONG MPHTJ BATU BERENDAM - BAHAGIAN BORONG,Borong,20,Sayur-Sayuran,04,002,KACANG BENDI,F.A.Q,Kilogram,3.22,3.6888888,
31042672,2026-10-08,2026-10-08 11:01:04.464459,MELAKA,MELAKA TENGAH,PASAR BORONG MPHTJ BATU BERENDAM - BAHAGIAN BORONG,Borong,20,Sayur-Sayuran,04,003,KACANG BUNCIS,F.A.Q,Kilogram,9,7.65,
31042673,2026-10-08,2026-10-08 11:01:04.464459,MELAKA,MELAKA TENGAH,PASAR BORONG MPHTJ BATU BERENDAM - BAHAGIAN BORONG,Borong,20,Sayur-Sayuran,04,003,KACANG BUNCIS,F.A.Q,Kilogram,8.8,7.65,
31042674,2026-10-08,2026-10-08 11:01:04.464459,MELAKA,MELAKA TENGAH,PASAR BORONG MPHTJ BATU BERENDAM - BAHAGIAN BORONG,Borong,20,Sayur-Sayuran,04,007,KACANG PANJANG HIJAU,F.A.Q,Kilogram,4,4.6055555,
31042675,2026-10-08,2026-10-08 11:01:04.464459,MELAKA,MELAKA TENGAH,PASAR BORONG MPHTJ BATU BERENDAM - BAHAGIAN BORONG,Borong,20,Sayur-Sayuran,04,007,KACANG PANJANG HIJAU,F.A.Q,Kilogram,4,4.6055555,
31042676,2026-10-08,2026-10-08 11:01:04.464459,MELAKA,MELAKA TENGAH,PASAR BORONG MPHTJ BATU BERENDAM - BAHAGIAN BORONG,Borong,20,Sayur-Sayuran,03,019,KANGKUNG,F.A.Q,Kilogram,2,1.82,
31042677,2026-10-08,2026-10-08 11:01:04.464459,MELAKA,MELAKA TENGAH,PASAR BORONG MPHTJ BATU BERENDAM - BAHAGIAN BORONG,Borong,20,Sayur-Sayuran,03,019,KANGKUNG,F.A.Q,Kilogram,2,1.82,
31042678,2026-10-08,2026-10-08 11:01:04.464459,MELAKA,MELAKA TENGAH,PASAR BORONG MPHTJ BATU BERENDAM - BAHAGIAN BORONG,Borong,20,Sayur-Sayuran,03,006,KUBIS BULAT (CHINA),F.A.Q,Kilogram,2,1.75,
31042679,2026-10-08,2026-10-08 11:01:04.464459,MELAKA,MELAKA TENGAH,PASAR BORONG MPHTJ BATU BERENDAM - BAHAGIAN BORONG,Borong,20,Sayur-Sayuran,03,006,KUBIS BULAT (CHINA),F.A.Q,Kilogram,2,1.75,
31042680,2026-10-08,2026-10-08 11:01:04.464459,MELAKA,MELAKA TENGAH,PASAR BORONG MPHTJ BATU BERENDAM - BAHAGIAN BORONG,Borong,20,Sayur-Sayuran,03,006,KUBIS BULAT (TANAH TINGGI),F.A.Q,Kilogram,2.2,2.23,
31042681,2026-10-08,2026-10-08 11:01:04.464459,MELAKA,MELAKA TENGAH,PASAR BORONG MPHTJ BATU BERENDAM - BAHAGIAN BORONG,Borong,20,Sayur-Sayuran,03,007,SAWI HIJAU,F.A.Q,Kilogram,2.6,2.4,
31042682,2026-10-08,2026-10-08 11:01:04.464459,MELAKA,MELAKA TENGAH,PASAR BORONG MPHTJ BATU BERENDAM - BAHAGIAN BORONG,Borong,20,Sayur-Sayuran,03,007,SAWI HIJAU,F.A.Q,Kilogram,2.5,2.4,
31042683,2026-10-08,2026-10-08 11:01:04.464459,MELAKA,MELAKA TENGAH,PASAR BORONG MPHTJ BATU BERENDAM - BAHAGIAN BORONG,Borong,20,Sayur-Sayuran,03,007,SAWI HIJAU TANAH TINGGI,F.A.Q,Kilogram,2.8,2.6,
31042684,2026-10-08,2026-10-08 11:01:04.464459,MELAKA,MELAKA TENGAH,PASAR BORONG MPHTJ BATU BERENDAM - BAHAGIAN BORONG,Borong,20,Sayur-Sayuran,03,007,SAWI HIJAU TANAH TINGGI,F.A.Q,Kilogram,2.6,2.6,
31042685,2026-10-08,2026-10-08 11:01:04.464459,MELAKA,MELAKA TENGAH,PASAR BORONG MPHTJ BATU BERENDAM - BAHAGIAN BORONG,Borong,20,Sayur-Sayuran,02,010,TERUNG PANJANG / PEPARU (TANAH RENDAH),F.A.Q,Kilogram,5.5,5.4226317,
31042686,2026-10-08,2026-10-08 11:01:04.464459,MELAKA,MELAKA TENGAH,PASAR BORONG MPHTJ BATU BERENDAM - BAHAGIAN BORONG,Borong,20,Sayur-Sayuran,02,010,TERUNG PANJANG / PEPARU (TANAH RENDAH),F.A.Q,Kilogram,5.5,5.4226317,
31042687,2026-10-08,2026-10-08 11:01:04.464459,MELAKA,MELAKA TENGAH,PASAR BORONG MPHTJ BATU BERENDAM - BAHAGIAN BORONG,Borong,20,Sayur-Sayuran,02,011,TIMUN HIJAU,F.A.Q,Kilogram,3,2.011111,
31042688,2026-10-08,2026-10-08 11:01:04.464459,MELAKA,MELAKA TENGAH,PASAR BORONG MPHTJ BATU BERENDAM - BAHAGIAN BORONG,Borong,20,Sayur-Sayuran,02,011,TIMUN HIJAU,F.A.Q,Kilogram,3.5,2.011111,
31042689,2026-10-08,2026-10-08 11:01:04.464459,MELAKA,MELAKA TENGAH,PASAR BORONG MPHTJ BATU BERENDAM - BAHAGIAN BORONG,Borong,20,Sayur-Sayuran,02,012,TOMATO (TANAH TINGGI),F.A.Q,Kilogram,4,4.516667,
31042690,2026-10-08,2026-10-08 11:01:04.464459,MELAKA,MELAKA TENGAH,PASAR BORONG MPHTJ BATU BERENDAM - BAHAGIAN BORONG,Borong,20,Sayur-Sayuran,02,012,TOMATO (TANAH TINGGI),F.A.Q,Kilogram,4,4.516667,
31042691,2026-10-08,2026-10-08 11:01:04.464459,MELAKA,MELAKA TENGAH,PASAR BORONG MPHTJ BATU BERENDAM - BAHAGIAN BORONG,Borong,20,Sayur-Sayuran,05,009,UBI KENTANG (IMPORT),F.A.Q,Kilogram,2,2,
31042692,2026-10-08,2026-10-08 11:01:04.464459,MELAKA,MELAKA TENGAH,PASAR BORONG MPHTJ BATU BERENDAM - BAHAGIAN BORONG,Borong,20,Sayur-Sayuran,05,009,UBI KENTANG HOLLAND,F.A.Q,Kilogram,2.4,2.4,
31042693,2026-10-08,2026-10-08 11:01:22.490618,NEGERI SEMBILAN,TAMPIN,PASAR AWAM TAMPIN,Runcit,26,Ternakan,03,002,AYAM PROSES STANDARD,F.A.Q,Kilogram,10.5,10.74,
31042694,2026-10-08,2026-10-08 11:01:22.490618,NEGERI SEMBILAN,TAMPIN,PASAR AWAM TAMPIN,Runcit,26,Ternakan,03,002,AYAM PROSES STANDARD,F.A.Q,Kilogram,11,10.74,
31042695,2026-10-08,2026-10-08 11:01:22.490618,NEGERI SEMBILAN,TAMPIN,PASAR AWAM TAMPIN,Runcit,26,Ternakan,11,001,TELUR AYAM,B,Biji,0.53,0.45,
31042696,2026-10-08,2026-10-08 11:01:38.838702,MELAKA,MELAKA TENGAH,PASAR BORONG MPHTJ BATU BERENDAM - BAHAGIAN BORONG,Borong,20,Buah-Buahan,02,005,BETIK SEKAKI,F.A.Q,Kilogram,3.8,3.8,
31042697,2026-10-08,2026-10-08 11:01:38.838702,MELAKA,MELAKA TENGAH,PASAR BORONG MPHTJ BATU BERENDAM - BAHAGIAN BORONG,Borong,20,Buah-Buahan,02,023,NANAS JOSAPINE (AC5),F.A.Q,Kilogram,3,3,
31042698,2026-10-08,2026-10-08 11:01:38.838702,MELAKA,MELAKA TENGAH,PASAR BORONG MPHTJ BATU BERENDAM - BAHAGIAN BORONG,Borong,20,Buah-Buahan,02,028,PISANG BERANGAN,F.A.Q,Kilogram,3.6,3.6,
31042699,2026-10-08,2026-10-08 11:01:38.838702,MELAKA,MELAKA TENGAH,PASAR BORONG MPHTJ BATU BERENDAM - BAHAGIAN BORONG,Borong,20,Buah-Buahan,02,028,PISANG MAS,F.A.Q,Kilogram,2.6,2.6,
31042700,2026-10-08,2026-10-08 11:01:38.838702,MELAKA,MELAKA TENGAH,PASAR BORONG MPHTJ BATU BERENDAM - BAHAGIAN BORONG,Borong,20,Buah-Buahan,02,034,TEMBIKAI MERAH TANPA BIJI,F.A.Q,Kilogram,1.3,1.5,
31042701,2026-10-08,2026-10-08 11:01:49.897371,MELAKA,MELAKA TENGAH,PASAR BORONG MPHTJ BATU BERENDAM - BAHAGIAN BORONG,Borong,20,Tanaman Kontan,05,001,KELAPA DIKUPAS,SEDANG,Biji,1.7,1.7,
31042702,2026-10-08,2026-10-08 11:02:22.667831,PERAK,KINTA,LADANG/KEBUN IPOH,Ladang,,Buah-Buahan,02,005,BETIK SEKAKI,F.A.Q,Kilogram,2.25,2.125,
31042703,2026-10-08,2026-10-08 11:02:22.667831,PERAK,KINTA,LADANG/KEBUN IPOH,Ladang,,Buah-Buahan,02,005,BETIK SEKAKI,F.A.Q,Kilogram,2,2.125,
31042704,2026-10-08,2026-10-08 11:02:22.667831,PERAK,KINTA,LADANG/KEBUN IPOH,Ladang,,Buah-Buahan,02,028,PISANG BERANGAN,F.A.Q,Kilogram,2.5,2.425,
31042705,2026-10-08,2026-10-08 11:02:22.667831,PERAK,KINTA,LADANG/KEBUN IPOH,Ladang,,Buah-Buahan,02,028,PISANG BERANGAN,F.A.Q,Kilogram,2.35,2.425,
31042706,2026-10-08,2026-10-08 11:02:22.667831,PERAK,KINTA,LADANG/KEBUN IPOH,Ladang,,Buah-Buahan,02,028,PISANG MAS,F.A.Q,Kilogram,2.5,2.4,
31042707,2026-10-08,2026-10-08 11:02:22.667831,PERAK,KINTA,LADANG/KEBUN IPOH,Ladang,,Buah-Buahan,02,028,PISANG MAS,F.A.Q,Kilogram,2.3,2.4,
31042708,2026-10-08,2026-10-08 11:03:04.000357,MELAKA,MELAKA TENGAH,,Ladang,27,Sayur-Sayuran,03,001,BAYAM,F.A.Q,Kilogram,2.5,1.4111111,
31042709,2026-10-08,2026-10-08 11:03:04.000357,MELAKA,MELAKA TENGAH,,Ladang,27,Sayur-Sayuran,02,002,CILI HIJAU,F.A.Q,Kilogram,9,8.9,
31042710,2026-10-08,2026-10-08 11:03:04.000357,MELAKA,MELAKA TENGAH,,Ladang,27,Sayur-Sayuran,02,002,CILI MERAH KULAI / KULAI HIBRID,F.A.Q,Kilogram,13,12.333333,
31042711,2026-10-08,2026-10-08 11:03:04.000357,MELAKA,MELAKA TENGAH,,Ladang,27,Sayur-Sayuran,02,002,CILI MERAH MINYAK,F.A.Q,Kilogram,12,10.833333,
31042712,2026-10-08,2026-10-08 11:03:04.000357,MELAKA,MELAKA TENGAH,,Ladang,27,Sayur-Sayuran,04,002,KACANG BENDI,F.A.Q,Kilogram,1.2,2.511111,
31042713,2026-10-08,2026-10-08 11:03:04.000357,MELAKA,MELAKA TENGAH,,Ladang,27,Sayur-Sayuran,04,007,KACANG PANJANG HIJAU,F.A.Q,Kilogram,3,3.5,
31042714,2026-10-08,2026-10-08 11:03:04.000357,MELAKA,MELAKA TENGAH,,Ladang,27,Sayur-Sayuran,03,019,KANGKUNG,F.A.Q,Kilogram,1.5,1.36,
31042715,2026-10-08,2026-10-08 11:03:04.000357,MELAKA,MELAKA TENGAH,,Ladang,27,Sayur-Sayuran,03,007,SAWI HIJAU,F.A.Q,Kilogram,2,1.8444444,
31042716,2026-10-08,2026-10-08 11:03:04.000357,MELAKA,MELAKA TENGAH,,Ladang,27,Sayur-Sayuran,02,010,TERUNG PANJANG / PEPARU (TANAH RENDAH),F.A.Q,Kilogram,3.8,3.7,
31042717,2026-10-08,2026-10-08 11:03:04.000357,MELAKA,MELAKA TENGAH,,Ladang,27,Sayur-Sayuran,02,011,TIMUN HIJAU,F.A.Q,Kilogram,2.3,1.2,
31042718,2026-10-08,2026-10-08 11:03:24.441017,W.P. KUALA LUMPUR,KUALA LUMPUR,PASAR BORONG KUALA LUMPUR,Borong,20,Sayur-Sayuran,05,001,BAWANG BESAR KUNING / HOLLAND,F.A.Q,Kilogram,2,2.05,
31042719,2026-10-08,2026-10-08 11:03:24.441017,W.P. KUALA LUMPUR,KUALA LUMPUR,PASAR BORONG KUALA LUMPUR,Borong,20,Sayur-Sayuran,05,001,BAWANG BESAR MERAH (IMPORT),F.A.Q,Kilogram,2.11,2.96,
31042720,2026-10-08,2026-10-08 11:03:24.441017,W.P. KUALA LUMPUR,KUALA LUMPUR,PASAR BORONG KUALA LUMPUR,Borong,20,Sayur-Sayuran,05,001,BAWANG BESAR MERAH (INDIA),F.A.Q,Kilogram,2.88,2.7914286,
31042721,2026-10-08,2026-10-08 11:03:24.441017,W.P. KUALA LUMPUR,KUALA LUMPUR,PASAR BORONG KUALA LUMPUR,Borong,20,Sayur-Sayuran,05,001,BAWANG MERAH / KECIL (INDIA),F.A.Q,Kilogram,3,3.2925,
31042722,2026-10-08,2026-10-08 11:03:24.441017,W.P. KUALA LUMPUR,KUALA LUMPUR,PASAR BORONG KUALA LUMPUR,Borong,20,Sayur-Sayuran,05,001,BAWANG MERAH ROSE,F.A.Q,Kilogram,4.25,4.575,
31042723,2026-10-08,2026-10-08 11:03:24.441017,W.P. KUALA LUMPUR,KUALA LUMPUR,PASAR BORONG KUALA LUMPUR,Borong,20,Sayur-Sayuran,05,001,BAWANG PUTIH (CHINA),F.A.Q,Kilogram,5.88,6.1514287,
31042724,2026-10-08,2026-10-08 11:03:24.441017,W.P. KUALA LUMPUR,KUALA LUMPUR,PASAR BORONG KUALA LUMPUR,Borong,20,Sayur-Sayuran,05,009,UBI KENTANG HOLLAND,F.A.Q,Kilogram,1.5,1.6683333,
31042725,2026-10-08,2026-10-08 11:03:34.047295,MELAKA,JASIN,LADANG/KEBUN SERKAM,Ladang,,Ternakan,01,003,AYAM HIDUP,F.A.Q,Kilogram,6.9,6.9,
31042726,2026-10-08,2026-10-08 11:03:34.047295,MELAKA,JASIN,LADANG/KEBUN SERKAM,Ladang,,Ternakan,11,001,TELUR AYAM,A,Biji,0.47,0.464,
31042727,2026-10-08,2026-10-08 11:03:34.047295,MELAKA,JASIN,LADANG/KEBUN SERKAM,Ladang,,Ternakan,11,001,TELUR AYAM,C,Biji,0.43,0.448,
31042728,2026-10-08,2026-10-08 11:03:34.047295,MELAKA,JASIN,LADANG/KEBUN SERKAM,Ladang,,Ternakan,11,001,TELUR AYAM,B,Biji,0.46,0.45777777,
31042729,2026-10-08,2026-10-08 11:03:36.923154,KELANTAN,KOTA BHARU,PASAR BORONG RTC KOTA BHARU,Borong,20,Sayur-Sayuran,05,001,BAWANG BESAR KUNING / HOLLAND,F.A.Q,Kilogram,2.5,2.5,
31042730,2026-10-08,2026-10-08 11:03:36.923154,KELANTAN,KOTA BHARU,PASAR BORONG RTC KOTA BHARU,Borong,20,Sayur-Sayuran,05,001,BAWANG BESAR KUNING / HOLLAND,F.A.Q,Kilogram,2.5,2.5,
31042731,2026-10-08,2026-10-08 11:03:36.923154,KELANTAN,KOTA BHARU,PASAR BORONG RTC KOTA BHARU,Borong,20,Sayur-Sayuran,05,001,BAWANG BESAR KUNING / HOLLAND,F.A.Q,Kilogram,2.5,2.5,
31042732,2026-10-08,2026-10-08 11:03:36.923154,KELANTAN,KOTA BHARU,PASAR BORONG RTC KOTA BHARU,Borong,20,Sayur-Sayuran,05,001,BAWANG BESAR MERAH (INDIA),F.A.Q,Kilogram,2.5,2.5,
31042733,2026-10-08,2026-10-08 11:03:36.923154,KELANTAN,KOTA BHARU,PASAR BORONG RTC KOTA BHARU,Borong,20,Sayur-Sayuran,05,001,BAWANG BESAR MERAH (INDIA),F.A.Q,Kilogram,2.5,2.5,
31042734,2026-10-08,2026-10-08 11:03:36.923154,KELANTAN,KOTA BHARU,PASAR BORONG RTC KOTA BHARU,Borong,20,Sayur-Sayuran,05,001,BAWANG BESAR MERAH (INDIA),F.A.Q,Kilogram,2.5,2.5,
31042735,2026-10-08,2026-10-08 11:03:36.923154,KELANTAN,KOTA BHARU,PASAR BORONG RTC KOTA BHARU,Borong,20,Sayur-Sayuran,05,001,BAWANG MERAH / KECIL (INDIA),F.A.Q,Kilogram,1.4,1.4,
31042736,2026-10-08,2026-10-08 11:03:36.923154,KELANTAN,KOTA BHARU,PASAR BORONG RTC KOTA BHARU,Borong,20,Sayur-Sayuran,05,001,BAWANG MERAH / KECIL (INDIA),F.A.Q,Kilogram,1.4,1.4,
31042737,2026-10-08,2026-10-08 11:03:36.923154,KELANTAN,KOTA BHARU,PASAR BORONG RTC KOTA BHARU,Borong,20,Sayur-Sayuran,05,001,BAWANG MERAH / KECIL (INDIA),F.A.Q,Kilogram,1.4,1.4,
31042738,2026-10-08,2026-10-08 11:03:36.923154,KELANTAN,KOTA BHARU,PASAR BORONG RTC KOTA BHARU,Borong,20,Sayur-Sayuran,05,001,BAWANG MERAH / KECIL (THAI),F.A.Q,Kilogram,9,9,
31042739,2026-10-08,2026-10-08 11:03:36.923154,KELANTAN,KOTA BHARU,PASAR BORONG RTC KOTA BHARU,Borong,20,Sayur-Sayuran,05,001,BAWANG MERAH / KECIL (THAI),F.A.Q,Kilogram,9,9,
31042740,2026-10-08,2026-10-08 11:03:36.923154,KELANTAN,KOTA BHARU,PASAR BORONG RTC KOTA BHARU,Borong,20,Sayur-Sayuran,05,001,BAWANG MERAH / KECIL (THAI),F.A.Q,Kilogram,9,9,
31042741,2026-10-08,2026-10-08 11:03:36.923154,KELANTAN,KOTA BHARU,PASAR BORONG RTC KOTA BHARU,Borong,20,Sayur-Sayuran,05,001,BAWANG PUTIH (CHINA),F.A.Q,Kilogram,7,7,
31042742,2026-10-08,2026-10-08 11:03:36.923154,KELANTAN,KOTA BHARU,PASAR BORONG RTC KOTA BHARU,Borong,20,Sayur-Sayuran,05,001,BAWANG PUTIH (CHINA),F.A.Q,Kilogram,7,7,
31042743,2026-10-08,2026-10-08 11:03:36.923154,KELANTAN,KOTA BHARU,PASAR BORONG RTC KOTA BHARU,Borong,20,Sayur-Sayuran,05,001,BAWANG PUTIH (CHINA),F.A.Q,Kilogram,7,7,
31042744,2026-10-08,2026-10-08 11:03:44.960335,MELAKA,JASIN,LADANG/KEBUN MERLIMAU,Ladang,,Tanaman Kontan,05,001,KELAPA DIKUPAS,SEDANG,Biji,1.5,1.5,
31042745,2026-10-08,2026-10-08 11:04:10.511903,MELAKA,MELAKA TENGAH,LADANG/KEBUN BUKIT KATIL,Ladang,27,Buah-Buahan,02,005,BETIK SEKAKI,F.A.Q,Kilogram,2.8,3,
31042746,2026-10-08,2026-10-08 11:04:10.511903,MELAKA,MELAKA TENGAH,LADANG/KEBUN BUKIT KATIL,Ladang,27,Buah-Buahan,02,028,PISANG BERANGAN,F.A.Q,Kilogram,2.8,2.8,
31042747,2026-10-08,2026-10-08 11:04:10.511903,MELAKA,MELAKA TENGAH,LADANG/KEBUN BUKIT KATIL,Ladang,27,Buah-Buahan,02,028,PISANG MAS,F.A.Q,Kilogram,1.6,1.52,
31042748,2026-10-08,2026-10-08 11:04:10.511903,MELAKA,MELAKA TENGAH,LADANG/KEBUN BUKIT KATIL,Ladang,27,Buah-Buahan,02,034,TEMBIKAI MERAH TANPA BIJI,F.A.Q,Kilogram,0.8,0.9,
31042749,2026-10-08,2026-10-08 11:04:27.84215,W.P. LABUAN,LABUAN,PASAR SENTRAL LABUAN,Runcit,26,Sayur-Sayuran,05,001,BAWANG BESAR KUNING / HOLLAND,F.A.Q,Kilogram,6,6.1,
31042750,2026-10-08,2026-10-08 11:04:27.84215,W.P. LABUAN,LABUAN,PASAR SENTRAL LABUAN,Runcit,26,Sayur-Sayuran,05,001,BAWANG BESAR MERAH (CHINA),F.A.Q,Kilogram,5,5.4,
31042751,2026-10-08,2026-10-08 11:04:27.84215,W.P. LABUAN,LABUAN,PASAR SENTRAL LABUAN,Runcit,26,Sayur-Sayuran,05,001,BAWANG BESAR MERAH (INDIA),F.A.Q,Kilogram,6,6.375,
31042752,2026-10-08,2026-10-08 11:04:27.84215,W.P. LABUAN,LABUAN,PASAR SENTRAL LABUAN,Runcit,26,Sayur-Sayuran,05,001,BAWANG MERAH / KECIL (INDIA),F.A.Q,Kilogram,11,11.25,
31042753,2026-10-08,2026-10-08 11:04:27.84215,W.P. LABUAN,LABUAN,PASAR SENTRAL LABUAN,Runcit,26,Sayur-Sayuran,05,001,BAWANG MERAH ROSE,F.A.Q,Kilogram,12,12,
31042754,2026-10-08,2026-10-08 11:04:27.84215,W.P. LABUAN,LABUAN,PASAR SENTRAL LABUAN,Runcit,26,Sayur-Sayuran,05,001,BAWANG PUTIH (CHINA),F.A.Q,Kilogram,11,11,
31042755,2026-10-08,2026-10-08 11:04:27.84215,W.P. LABUAN,LABUAN,PASAR SENTRAL LABUAN,Runcit,26,Sayur-Sayuran,03,001,BAYAM,F.A.Q,Kilogram,6,6,
31042756,2026-10-08,2026-10-08 11:04:27.84215,W.P. LABUAN,LABUAN,PASAR SENTRAL LABUAN,Runcit,26,Sayur-Sayuran,02,002,CILI HIJAU,F.A.Q,Kilogram,17,17,
31042757,2026-10-08,2026-10-08 11:04:27.84215,W.P. LABUAN,LABUAN,PASAR SENTRAL LABUAN,Runcit,26,Sayur-Sayuran,02,002,CILI MERAH KULAI / KULAI HIBRID,F.A.Q,Kilogram,23,23,
31042758,2026-10-08,2026-10-08 11:04:27.84215,W.P. LABUAN,LABUAN,PASAR SENTRAL LABUAN,Runcit,26,Sayur-Sayuran,02,002,CILI MERAH MINYAK,F.A.Q,Kilogram,22,22,
31042759,2026-10-08,2026-10-08 11:04:27.84215,W.P. LABUAN,LABUAN,PASAR SENTRAL LABUAN,Runcit,26,Sayur-Sayuran,03,009,DAUN BAWANG,F.A.Q,Kilogram,19,19,
31042760,2026-10-08,2026-10-08 11:04:27.84215,W.P. LABUAN,LABUAN,PASAR SENTRAL LABUAN,Runcit,26,Sayur-Sayuran,03,015,DAUN SUP (TANAH TINGGI),F.A.Q,Kilogram,18,18,
31042761,2026-10-08,2026-10-08 11:04:27.84215,W.P. LABUAN,LABUAN,PASAR SENTRAL LABUAN,Runcit,26,Sayur-Sayuran,04,002,KACANG BENDI,F.A.Q,Kilogram,8,8,
31042762,2026-10-08,2026-10-08 11:04:27.84215,W.P. LABUAN,LABUAN,PASAR SENTRAL LABUAN,Runcit,26,Sayur-Sayuran,04,003,KACANG BUNCIS,F.A.Q,Kilogram,8,8,
31042763,2026-10-08,2026-10-08 11:04:27.84215,W.P. LABUAN,LABUAN,PASAR SENTRAL LABUAN,Runcit,26,Sayur-Sayuran,04,007,KACANG PANJANG HIJAU,F.A.Q,Kilogram,7,7.125,
31042764,2026-10-08,2026-10-08 11:04:27.84215,W.P. LABUAN,LABUAN,PASAR SENTRAL LABUAN,Runcit,26,Sayur-Sayuran,03,019,KANGKUNG,F.A.Q,Kilogram,5,5,
31042765,2026-10-08,2026-10-08 11:04:27.84215,W.P. LABUAN,LABUAN,PASAR SENTRAL LABUAN,Runcit,26,Tanaman Kontan,05,001,KELAPA DIKUPAS,SEDANG,Biji,2.3,2.3,
31042766,2026-10-08,2026-10-08 11:04:27.84215,W.P. LABUAN,LABUAN,PASAR SENTRAL LABUAN,Runcit,26,Sayur-Sayuran,03,006,KUBIS BULAT (TANAH TINGGI),F.A.Q,Kilogram,6.5,6.4375,
31042767,2026-10-08,2026-10-08 11:04:27.84215,W.P. LABUAN,LABUAN,PASAR SENTRAL LABUAN,Runcit,26,Lain-Lain Makanan Proses,15,001,SANTAN PEKAT,F.A.Q,Kilogram,16,16,
31042768,2026-10-08,2026-10-08 11:04:27.84215,W.P. LABUAN,LABUAN,PASAR SENTRAL LABUAN,Runcit,26,Sayur-Sayuran,03,007,SAWI HIJAU TANAH TINGGI,F.A.Q,Kilogram,7,7,
31042769,2026-10-08,2026-10-08 11:04:27.84215,W.P. LABUAN,LABUAN,PASAR SENTRAL LABUAN,Runcit,26,Sayur-Sayuran,02,010,TERUNG PANJANG / PEPARU (TANAH RENDAH),F.A.Q,Kilogram,7,7.3125,
31042770,2026-10-08,2026-10-08 11:04:27.84215,W.P. LABUAN,LABUAN,PASAR SENTRAL LABUAN,Runcit,26,Sayur-Sayuran,02,011,TIMUN HIJAU,F.A.Q,Kilogram,4,4,
31042771,2026-10-08,2026-10-08 11:04:27.84215,W.P. LABUAN,LABUAN,PASAR SENTRAL LABUAN,Runcit,26,Sayur-Sayuran,02,012,TOMATO (TANAH TINGGI),F.A.Q,Kilogram,10,9,
31042772,2026-10-08,2026-10-08 11:04:39.867398,KELANTAN,KOTA BHARU,PASAR BORONG RTC KOTA BHARU,Borong,20,Ternakan,03,002,AYAM PROSES STANDARD,F.A.Q,Kilogram,8.5,8.5,
31042773,2026-10-08,2026-10-08 11:04:39.867398,KELANTAN,KOTA BHARU,PASAR BORONG RTC KOTA BHARU,Borong,20,Ternakan,03,002,AYAM PROSES STANDARD,F.A.Q,Kilogram,8.5,8.5,
31042774,2026-10-08,2026-10-08 11:04:39.867398,KELANTAN,KOTA BHARU,PASAR BORONG RTC KOTA BHARU,Borong,20,Ternakan,03,002,AYAM PROSES STANDARD,F.A.Q,Kilogram,8.5,8.5,
31042775,2026-10-08,2026-10-08 11:05:13.479299,W.P. LABUAN,LABUAN,PASAR SENTRAL LABUAN,Runcit,26,Buah-Buahan,02,005,BETIK SEKAKI,F.A.Q,Kilogram,4.5,4.8,
31042776,2026-10-08,2026-10-08 11:05:13.479299,W.P. LABUAN,LABUAN,PASAR SENTRAL LABUAN,Runcit,26,Buah-Buahan,02,023,NANAS JOSAPINE (AC5),F.A.Q,Kilogram,9,9,
31042777,2026-10-08,2026-10-08 11:05:13.479299,W.P. LABUAN,LABUAN,PASAR SENTRAL LABUAN,Runcit,26,Buah-Buahan,02,028,PISANG BERANGAN,F.A.Q,Kilogram,6,6,
31042778,2026-10-08,2026-10-08 11:05:13.479299,W.P. LABUAN,LABUAN,PASAR SENTRAL LABUAN,Runcit,26,Buah-Buahan,02,028,PISANG MAS,F.A.Q,Kilogram,5,5,
31042779,2026-10-08,2026-10-08 11:05:13.479299,W.P. LABUAN,LABUAN,PASAR SENTRAL LABUAN,Runcit,26,Buah-Buahan,02,034,TEMBIKAI MERAH TANPA BIJI,F.A.Q,Kilogram,5,5.388889,
31042780,2026-10-08,2026-10-08 11:05:56.199268,W.P. LABUAN,LABUAN,PASAR SENTRAL LABUAN,Runcit,26,Ternakan,03,002,AYAM PROSES STANDARD,F.A.Q,Kilogram,12.5,12.5,
31042781,2026-10-08,2026-10-08 11:05:56.199268,W.P. LABUAN,LABUAN,PASAR SENTRAL LABUAN,Runcit,26,Ternakan,03,002,AYAM PROSES SUPER,F.A.Q,Kilogram,13.5,13.5,
31042782,2026-10-08,2026-10-08 11:05:56.199268,W.P. LABUAN,LABUAN,PASAR SENTRAL LABUAN,Runcit,26,Ternakan,02,003,DAGING LEMBU PEJAL,F.A.Q,Kilogram,46,46,
31042783,2026-10-08,2026-10-08 11:06:09.465058,W.P. KUALA LUMPUR,KUALA LUMPUR,PASAR BORONG KUALA LUMPUR,Borong,20,Sayur-Sayuran,02,002,CILI MERAH (CHINA),F.A.Q,Kilogram,8.6,6.7,
31042784,2026-10-08,2026-10-08 11:06:09.465058,W.P. KUALA LUMPUR,KUALA LUMPUR,PASAR BORONG KUALA LUMPUR,Borong,20,Sayur-Sayuran,03,006,KUBIS BULAT (CHINA),F.A.Q,Kilogram,1.25,1.2,
31042785,2026-10-08,2026-10-08 11:06:09.465058,W.P. KUALA LUMPUR,KUALA LUMPUR,PASAR BORONG KUALA LUMPUR,Borong,20,Sayur-Sayuran,05,009,UBI KENTANG HOLLAND,F.A.Q,Kilogram,1.66,1.6683333,
31042786,2026-10-08,2026-10-08 11:06:48.761061,W.P. LABUAN,LABUAN,PASAR SENTRAL LABUAN,Runcit,26,Ternakan,11,001,TELUR AYAM,A,Biji,0.65,0.655,
31042787,2026-10-08,2026-10-08 11:06:48.761061,W.P. LABUAN,LABUAN,PASAR SENTRAL LABUAN,Runcit,26,Ternakan,11,001,TELUR AYAM,B,Biji,0.6,0.6,
31042788,2026-10-08,2026-10-08 11:06:48.761061,W.P. LABUAN,LABUAN,PASAR SENTRAL LABUAN,Runcit,26,Ternakan,11,001,TELUR AYAM,C,Biji,0.58,0.5675,
31042802,2026-10-08,2026-10-08 11:08:26.218166,PERAK,KINTA,PASAR BORONG KUALA PARI,Borong,20,Ternakan,03,002,AYAM KAMPUNG (PROSES),F.A.Q,Kilogram,14.3,14.3,
31042803,2026-10-08,2026-10-08 11:08:26.218166,PERAK,KINTA,PASAR BORONG KUALA PARI,Borong,20,Ternakan,01,003,AYAM KAMPUNG HIDUP,F.A.Q,Kilogram,11.5,11.45,
31042804,2026-10-08,2026-10-08 11:08:26.218166,PERAK,KINTA,PASAR BORONG KUALA PARI,Borong,20,Ternakan,01,003,AYAM TUA / PENELUR HIDUP,F.A.Q,Kilogram,6.5,6.5,
31042805,2026-10-08,2026-10-08 11:08:26.218166,PERAK,KINTA,PASAR BORONG KUALA PARI,Borong,20,Ternakan,03,002,AYAM TUA / PENELUR PROSES,F.A.Q,Kilogram,7.5,7.5,
31042806,2026-10-08,2026-10-08 11:08:26.218166,PERAK,KINTA,PASAR BORONG KUALA PARI,Borong,20,Ternakan,04,001,DAGING BIRI-BIRI (IMPORT),F.A.Q,Kilogram,28,28,
31042807,2026-10-08,2026-10-08 11:08:26.218166,PERAK,KINTA,PASAR BORONG KUALA PARI,Borong,20,Ternakan,07,002,DAGING KAMBING,F.A.Q,Kilogram,34,34,
31042808,2026-10-08,2026-10-08 11:08:26.218166,PERAK,KINTA,PASAR BORONG KUALA PARI,Borong,20,Ternakan,02,003,DAGING LEMBU CINCANG,F.A.Q,Kilogram,17.5,17.5,
31042809,2026-10-08,2026-10-08 11:08:26.218166,PERAK,KINTA,PASAR BORONG KUALA PARI,Borong,20,Ternakan,02,003,DAGING PEJAL (INDIA),F.A.Q,Kilogram,16,16,
31042810,2026-10-08,2026-10-08 11:08:26.218166,PERAK,KINTA,PASAR BORONG KUALA PARI,Borong,20,Ternakan,11,002,TELUR ITIK,SEDANG,Biji,0.9,0.9,
31042811,2026-10-08,2026-10-08 11:08:26.218166,PERAK,KINTA,PASAR BORONG KUALA PARI,Borong,20,Ternakan,11,003,TELUR PUYUH,F.A.Q,Biji,0.14,0.14,
31042815,2026-10-08,2026-10-08 11:10:23.475147,W.P. KUALA LUMPUR,KUALA LUMPUR,PASAR BORONG KUALA LUMPUR,Borong,20,Sayur-Sayuran,03,001,BAYAM,F.A.Q,Kilogram,3,2.6153846,
31042816,2026-10-08,2026-10-08 11:10:23.475147,W.P. KUALA LUMPUR,KUALA LUMPUR,PASAR BORONG KUALA LUMPUR,Borong,20,Sayur-Sayuran,03,009,DAUN BAWANG,F.A.Q,Kilogram,4,4.0625,
31042817,2026-10-08,2026-10-08 11:10:23.475147,W.P. KUALA LUMPUR,KUALA LUMPUR,PASAR BORONG KUALA LUMPUR,Borong,20,Sayur-Sayuran,03,015,DAUN SUP (TANAH TINGGI),F.A.Q,Kilogram,4,3.2857144,
31042818,2026-10-08,2026-10-08 11:10:23.475147,W.P. KUALA LUMPUR,KUALA LUMPUR,PASAR BORONG KUALA LUMPUR,Borong,20,Sayur-Sayuran,04,003,KACANG BUNCIS,F.A.Q,Kilogram,8,8.625,
31042819,2026-10-08,2026-10-08 11:10:23.475147,W.P. KUALA LUMPUR,KUALA LUMPUR,PASAR BORONG KUALA LUMPUR,Borong,20,Sayur-Sayuran,03,019,KANGKUNG,F.A.Q,Kilogram,3,2.25,
31042820,2026-10-08,2026-10-08 11:10:23.475147,W.P. KUALA LUMPUR,KUALA LUMPUR,PASAR BORONG KUALA LUMPUR,Borong,20,Sayur-Sayuran,03,006,KUBIS BULAT (TANAH TINGGI),F.A.Q,Kilogram,1.2,1.1,
31042821,2026-10-08,2026-10-08 11:10:23.475147,W.P. KUALA LUMPUR,KUALA LUMPUR,PASAR BORONG KUALA LUMPUR,Borong,20,Sayur-Sayuran,03,007,SAWI HIJAU,F.A.Q,Kilogram,5,3.4615386,
31042822,2026-10-08,2026-10-08 11:10:23.475147,W.P. KUALA LUMPUR,KUALA LUMPUR,PASAR BORONG KUALA LUMPUR,Borong,20,Sayur-Sayuran,03,007,SAWI HIJAU TANAH TINGGI,F.A.Q,Kilogram,5,4,
31042823,2026-10-08,2026-10-08 11:10:23.475147,W.P. KUALA LUMPUR,KUALA LUMPUR,PASAR BORONG KUALA LUMPUR,Borong,20,Sayur-Sayuran,02,012,TOMATO (TANAH TINGGI),F.A.Q,Kilogram,2.5,4.4,
31042824,2026-10-08,2026-10-08 11:10:59.823144,PERAK,KINTA,PASAR BORONG KUALA PARI,Borong,20,Hasil Laut & Perikanan,02,009,IKAN BAUNG,F.A.Q,Kilogram,10,10,
31042825,2026-10-08,2026-10-08 11:10:59.823144,PERAK,KINTA,PASAR BORONG KUALA PARI,Borong,20,Hasil Laut & Perikanan,02,010,IKAN HARUAN,F.A.Q,Kilogram,9.5,9,
31042826,2026-10-08,2026-10-08 11:10:59.823144,PERAK,KINTA,PASAR BORONG KUALA PARI,Borong,20,Hasil Laut & Perikanan,02,011,IKAN JELAWAT,F.A.Q,Kilogram,10.5,10.5,
31042827,2026-10-08,2026-10-08 11:10:59.823144,PERAK,KINTA,PASAR BORONG KUALA PARI,Borong,20,Hasil Laut & Perikanan,02,012,IKAN KELI BUNGA,F.A.Q,Kilogram,5,5,
31042828,2026-10-08,2026-10-08 11:10:59.823144,PERAK,KINTA,PASAR BORONG KUALA PARI,Borong,20,Hasil Laut & Perikanan,02,005,IKAN PATIN (KOLAM),F.A.Q,Kilogram,5,5,
31042829,2026-10-08,2026-10-08 11:10:59.823144,PERAK,KINTA,PASAR BORONG KUALA PARI,Borong,20,Hasil Laut & Perikanan,02,005,IKAN PATIN (SANGKAR),F.A.Q,Kilogram,7.5,7.5,
31042830,2026-10-08,2026-10-08 11:10:59.823144,PERAK,KINTA,PASAR BORONG KUALA PARI,Borong,20,Hasil Laut & Perikanan,02,002,IKAN TILAPIA HITAM,F.A.Q,Kilogram,4.6,4.8,
31042831,2026-10-08,2026-10-08 11:10:59.823144,PERAK,KINTA,PASAR BORONG KUALA PARI,Borong,20,Hasil Laut & Perikanan,02,002,IKAN TILAPIA MERAH,F.A.Q,Kilogram,8.5,8.5,
31042832,2026-10-08,2026-10-08 11:12:12.147185,PERAK,KINTA,PASAR BORONG KUALA PARI,Borong,20,Sayur-Sayuran,03,001,BAYAM,F.A.Q,Kilogram,3,2.368421,
31042833,2026-10-08,2026-10-08 11:12:12.147185,PERAK,KINTA,PASAR BORONG KUALA PARI,Borong,20,Sayur-Sayuran,02,002,CILI HIJAU,F.A.Q,Kilogram,10,9.555555,
31042834,2026-10-08,2026-10-08 11:12:12.147185,PERAK,KINTA,PASAR BORONG KUALA PARI,Borong,20,Sayur-Sayuran,02,002,CILI MERAH KULAI / KULAI HIBRID,F.A.Q,Kilogram,14,13.523809,
31042835,2026-10-08,2026-10-08 11:12:12.147185,PERAK,KINTA,PASAR BORONG KUALA PARI,Borong,20,Sayur-Sayuran,02,002,CILI MERAH MINYAK,F.A.Q,Kilogram,11,10.75,
31042836,2026-10-08,2026-10-08 11:12:12.147185,PERAK,KINTA,PASAR BORONG KUALA PARI,Borong,20,Sayur-Sayuran,03,009,DAUN BAWANG,F.A.Q,Kilogram,10,4.909091,
31042837,2026-10-08,2026-10-08 11:12:12.147185,PERAK,KINTA,PASAR BORONG KUALA PARI,Borong,20,Sayur-Sayuran,03,009,DAUN BAWANG,F.A.Q,Kilogram,9,4.909091,
31042838,2026-10-08,2026-10-08 11:12:12.147185,PERAK,KINTA,PASAR BORONG KUALA PARI,Borong,20,Sayur-Sayuran,03,015,DAUN SUP (TANAH TINGGI),F.A.Q,Kilogram,4,3.4583333,
31042839,2026-10-08,2026-10-08 11:12:12.147185,PERAK,KINTA,PASAR BORONG KUALA PARI,Borong,20,Sayur-Sayuran,03,015,DAUN SUP (TANAH TINGGI),F.A.Q,Kilogram,3.5,3.4583333,
31042840,2026-10-08,2026-10-08 11:12:12.147185,PERAK,KINTA,PASAR BORONG KUALA PARI,Borong,20,Sayur-Sayuran,04,002,KACANG BENDI,F.A.Q,Kilogram,4,3.5652175,
31042841,2026-10-08,2026-10-08 11:12:12.147185,PERAK,KINTA,PASAR BORONG KUALA PARI,Borong,20,Sayur-Sayuran,04,003,KACANG BUNCIS,F.A.Q,Kilogram,10,7.7,
31042842,2026-10-08,2026-10-08 11:12:12.147185,PERAK,KINTA,PASAR BORONG KUALA PARI,Borong,20,Sayur-Sayuran,04,003,KACANG BUNCIS,F.A.Q,Kilogram,8,7.7,
31042843,2026-10-08,2026-10-08 11:12:12.147185,PERAK,KINTA,PASAR BORONG KUALA PARI,Borong,20,Sayur-Sayuran,04,007,KACANG PANJANG HIJAU,F.A.Q,Kilogram,5,4.309091,
31042844,2026-10-08,2026-10-08 11:12:12.147185,PERAK,KINTA,PASAR BORONG KUALA PARI,Borong,20,Sayur-Sayuran,03,019,KANGKUNG,F.A.Q,Kilogram,2.5,2.21,
31042845,2026-10-08,2026-10-08 11:12:12.147185,PERAK,KINTA,PASAR BORONG KUALA PARI,Borong,20,Sayur-Sayuran,03,006,KUBIS BULAT (CHINA),F.A.Q,Kilogram,1.4,1.4,
31042846,2026-10-08,2026-10-08 11:12:12.147185,PERAK,KINTA,PASAR BORONG KUALA PARI,Borong,20,Sayur-Sayuran,03,006,KUBIS BULAT (TANAH TINGGI),F.A.Q,Kilogram,1.8,1.6285714,
31042847,2026-10-08,2026-10-08 11:12:12.147185,PERAK,KINTA,PASAR BORONG KUALA PARI,Borong,20,Sayur-Sayuran,03,007,SAWI HIJAU TANAH TINGGI,F.A.Q,Kilogram,4.5,3.2727273,
31042848,2026-10-08,2026-10-08 11:12:12.147185,PERAK,KINTA,PASAR BORONG KUALA PARI,Borong,20,Sayur-Sayuran,03,007,SAWI HIJAU TANAH TINGGI,F.A.Q,Kilogram,4,3.2727273,
31042849,2026-10-08,2026-10-08 11:12:12.147185,PERAK,KINTA,PASAR BORONG KUALA PARI,Borong,20,Sayur-Sayuran,02,010,TERUNG PANJANG / PEPARU (TANAH RENDAH),F.A.Q,Kilogram,5,4.5434785,
31042850,2026-10-08,2026-10-08 11:12:12.147185,PERAK,KINTA,PASAR BORONG KUALA PARI,Borong,20,Sayur-Sayuran,02,010,TERUNG PANJANG / PEPARU (TANAH RENDAH),F.A.Q,Kilogram,4,4.5434785,
31042851,2026-10-08,2026-10-08 11:12:12.147185,PERAK,KINTA,PASAR BORONG KUALA PARI,Borong,20,Sayur-Sayuran,02,011,TIMUN HIJAU,F.A.Q,Kilogram,2.5,1.8395833,
31042852,2026-10-08,2026-10-08 11:12:12.147185,PERAK,KINTA,PASAR BORONG KUALA PARI,Borong,20,Sayur-Sayuran,02,011,TIMUN HIJAU,F.A.Q,Kilogram,2.7,1.8395833,
31042853,2026-10-08,2026-10-08 11:12:12.147185,PERAK,KINTA,PASAR BORONG KUALA PARI,Borong,20,Sayur-Sayuran,02,012,TOMATO (TANAH TINGGI),F.A.Q,Kilogram,3.7,4.0416665,
31042854,2026-10-08,2026-10-08 11:12:12.147185,PERAK,KINTA,PASAR BORONG KUALA PARI,Borong,20,Sayur-Sayuran,02,012,TOMATO (TANAH TINGGI),F.A.Q,Kilogram,3.3,4.0416665,
31042855,2026-10-08,2026-10-08 11:12:22.761175,W.P. LABUAN,LABUAN,PASAR SENTRAL LABUAN,Borong,20,Sayur-Sayuran,05,001,BAWANG BESAR KUNING / HOLLAND,F.A.Q,Kilogram,4,4,
31042856,2026-10-08,2026-10-08 11:12:22.761175,W.P. LABUAN,LABUAN,PASAR SENTRAL LABUAN,Borong,20,Sayur-Sayuran,05,001,BAWANG BESAR MERAH (CHINA),F.A.Q,Kilogram,3,3.6666667,
31042857,2026-10-08,2026-10-08 11:12:22.761175,W.P. LABUAN,LABUAN,PASAR SENTRAL LABUAN,Borong,20,Sayur-Sayuran,05,001,BAWANG BESAR MERAH (INDIA),F.A.Q,Kilogram,3.5,3.5,
31042858,2026-10-08,2026-10-08 11:12:22.761175,W.P. LABUAN,LABUAN,PASAR SENTRAL LABUAN,Borong,20,Sayur-Sayuran,05,001,BAWANG MERAH ROSE,F.A.Q,Kilogram,12,9,
31042859,2026-10-08,2026-10-08 11:12:22.761175,W.P. LABUAN,LABUAN,PASAR SENTRAL LABUAN,Borong,20,Sayur-Sayuran,05,001,BAWANG PUTIH (CHINA),F.A.Q,Kilogram,11,6,
31042860,2026-10-08,2026-10-08 11:12:22.761175,W.P. LABUAN,LABUAN,PASAR SENTRAL LABUAN,Borong,20,Sayur-Sayuran,03,001,BAYAM,F.A.Q,Kilogram,4,3.75,
31042861,2026-10-08,2026-10-08 11:12:22.761175,W.P. LABUAN,LABUAN,PASAR SENTRAL LABUAN,Borong,20,Sayur-Sayuran,02,002,CILI HIJAU,F.A.Q,Kilogram,14,14,
31042862,2026-10-08,2026-10-08 11:12:22.761175,W.P. LABUAN,LABUAN,PASAR SENTRAL LABUAN,Borong,20,Sayur-Sayuran,02,002,CILI MERAH KULAI / KULAI HIBRID,F.A.Q,Kilogram,18,17.714285,
31042863,2026-10-08,2026-10-08 11:12:22.761175,W.P. LABUAN,LABUAN,PASAR SENTRAL LABUAN,Borong,20,Sayur-Sayuran,02,002,CILI MERAH MINYAK,F.A.Q,Kilogram,16,16.857143,
31042864,2026-10-08,2026-10-08 11:12:22.761175,W.P. LABUAN,LABUAN,PASAR SENTRAL LABUAN,Borong,20,Sayur-Sayuran,03,009,DAUN BAWANG,F.A.Q,Kilogram,14,13,
31042865,2026-10-08,2026-10-08 11:12:22.761175,W.P. LABUAN,LABUAN,PASAR SENTRAL LABUAN,Borong,20,Sayur-Sayuran,03,015,DAUN SUP (TANAH TINGGI),F.A.Q,Kilogram,13,12,
31042866,2026-10-08,2026-10-08 11:12:22.761175,W.P. LABUAN,LABUAN,PASAR SENTRAL LABUAN,Borong,20,Sayur-Sayuran,04,002,KACANG BENDI,F.A.Q,Kilogram,5.5,5.214286,
31042867,2026-10-08,2026-10-08 11:12:22.761175,W.P. LABUAN,LABUAN,PASAR SENTRAL LABUAN,Borong,20,Sayur-Sayuran,04,003,KACANG BUNCIS,F.A.Q,Kilogram,6,5.5,
31042868,2026-10-08,2026-10-08 11:12:22.761175,W.P. LABUAN,LABUAN,PASAR SENTRAL LABUAN,Borong,20,Sayur-Sayuran,04,007,KACANG PANJANG HIJAU,F.A.Q,Kilogram,5,5.142857,
31042869,2026-10-08,2026-10-08 11:12:22.761175,W.P. LABUAN,LABUAN,PASAR SENTRAL LABUAN,Borong,20,Sayur-Sayuran,03,019,KANGKUNG,F.A.Q,Kilogram,3,3,
31042870,2026-10-08,2026-10-08 11:12:22.761175,W.P. LABUAN,LABUAN,PASAR SENTRAL LABUAN,Borong,20,Sayur-Sayuran,03,006,KUBIS BULAT (TANAH TINGGI),F.A.Q,Kilogram,4.5,4.1666665,
31042871,2026-10-08,2026-10-08 11:12:22.761175,W.P. LABUAN,LABUAN,PASAR SENTRAL LABUAN,Borong,20,Sayur-Sayuran,03,007,SAWI HIJAU TANAH TINGGI,F.A.Q,Kilogram,5,5,
31042872,2026-10-08,2026-10-08 11:12:22.761175,W.P. LABUAN,LABUAN,PASAR SENTRAL LABUAN,Borong,20,Sayur-Sayuran,02,010,TERUNG PANJANG / PEPARU (TANAH RENDAH),F.A.Q,Kilogram,5,5.285714,
31042873,2026-10-08,2026-10-08 11:12:22.761175,W.P. LABUAN,LABUAN,PASAR SENTRAL LABUAN,Borong,20,Sayur-Sayuran,02,011,TIMUN HIJAU,F.A.Q,Kilogram,3,3,
31042874,2026-10-08,2026-10-08 11:12:22.761175,W.P. LABUAN,LABUAN,PASAR SENTRAL LABUAN,Borong,20,Sayur-Sayuran,02,012,TOMATO (TANAH TINGGI),F.A.Q,Kilogram,8,6.857143,
31042875,2026-10-08,2026-10-08 11:12:22.761175,W.P. LABUAN,LABUAN,PASAR SENTRAL LABUAN,Borong,20,Sayur-Sayuran,05,009,UBI KENTANG HOLLAND,F.A.Q,Kilogram,3,3.2,
31042876,2026-10-08,2026-10-08 11:12:44.064201,W.P. LABUAN,LABUAN,PASAR SENTRAL LABUAN,Borong,20,Tanaman Kontan,05,001,KELAPA DIKUPAS,SEDANG,Biji,1.7,1.7,
31042877,2026-10-08,2026-10-08 11:12:52.241134,NEGERI SEMBILAN,SEREMBAN,PASAR BESAR SEREMBAN - BAHAGIAN BORONG,Borong,20,Sayur-Sayuran,03,001,BAYAM,F.A.Q,Kilogram,3.1,3.45,
31042878,2026-10-08,2026-10-08 11:12:52.241134,NEGERI SEMBILAN,SEREMBAN,PASAR BESAR SEREMBAN - BAHAGIAN BORONG,Borong,20,Sayur-Sayuran,03,001,BAYAM,F.A.Q,Kilogram,3.8,3.45,
31042879,2026-10-08,2026-10-08 11:12:52.241134,NEGERI SEMBILAN,SEREMBAN,PASAR BESAR SEREMBAN - BAHAGIAN BORONG,Borong,20,Sayur-Sayuran,03,001,BAYAM,F.A.Q,Kilogram,3.5,3.45,
31042880,2026-10-08,2026-10-08 11:12:52.241134,NEGERI SEMBILAN,SEREMBAN,PASAR BESAR SEREMBAN - BAHAGIAN BORONG,Borong,20,Sayur-Sayuran,02,002,CILI HIJAU,F.A.Q,Kilogram,11.3,10.85625,
31042881,2026-10-08,2026-10-08 11:12:52.241134,NEGERI SEMBILAN,SEREMBAN,PASAR BESAR SEREMBAN - BAHAGIAN BORONG,Borong,20,Sayur-Sayuran,02,002,CILI HIJAU,F.A.Q,Kilogram,12.7,10.85625,
31042882,2026-10-08,2026-10-08 11:12:52.241134,NEGERI SEMBILAN,SEREMBAN,PASAR BESAR SEREMBAN - BAHAGIAN BORONG,Borong,20,Sayur-Sayuran,02,002,CILI HIJAU,F.A.Q,Kilogram,12.2,10.85625,
31042883,2026-10-08,2026-10-08 11:12:52.241134,NEGERI SEMBILAN,SEREMBAN,PASAR BESAR SEREMBAN - BAHAGIAN BORONG,Borong,20,Sayur-Sayuran,02,002,CILI MERAH (THAILAND),F.A.Q,Kilogram,10.3,10.9777775,
31042884,2026-10-08,2026-10-08 11:12:52.241134,NEGERI SEMBILAN,SEREMBAN,PASAR BESAR SEREMBAN - BAHAGIAN BORONG,Borong,20,Sayur-Sayuran,02,002,CILI MERAH (THAILAND),F.A.Q,Kilogram,11.8,10.9777775,
31042885,2026-10-08,2026-10-08 11:12:52.241134,NEGERI SEMBILAN,SEREMBAN,PASAR BESAR SEREMBAN - BAHAGIAN BORONG,Borong,20,Sayur-Sayuran,02,002,CILI MERAH (THAILAND),F.A.Q,Kilogram,10.9,10.9777775,
31042886,2026-10-08,2026-10-08 11:12:52.241134,NEGERI SEMBILAN,SEREMBAN,PASAR BESAR SEREMBAN - BAHAGIAN BORONG,Borong,20,Sayur-Sayuran,02,002,CILI MERAH KULAI / KULAI HIBRID,F.A.Q,Kilogram,15.8,16.133333,
31042887,2026-10-08,2026-10-08 11:12:52.241134,NEGERI SEMBILAN,SEREMBAN,PASAR BESAR SEREMBAN - BAHAGIAN BORONG,Borong,20,Sayur-Sayuran,02,002,CILI MERAH KULAI / KULAI HIBRID,F.A.Q,Kilogram,17,16.133333,
31042888,2026-10-08,2026-10-08 11:12:52.241134,NEGERI SEMBILAN,SEREMBAN,PASAR BESAR SEREMBAN - BAHAGIAN BORONG,Borong,20,Sayur-Sayuran,02,002,CILI MERAH KULAI / KULAI HIBRID,F.A.Q,Kilogram,17,16.133333,
31042889,2026-10-08,2026-10-08 11:12:52.241134,NEGERI SEMBILAN,SEREMBAN,PASAR BESAR SEREMBAN - BAHAGIAN BORONG,Borong,20,Sayur-Sayuran,02,002,CILI MERAH MINYAK,F.A.Q,Kilogram,11.9,11.557576,
31042890,2026-10-08,2026-10-08 11:12:52.241134,NEGERI SEMBILAN,SEREMBAN,PASAR BESAR SEREMBAN - BAHAGIAN BORONG,Borong,20,Sayur-Sayuran,02,002,CILI MERAH MINYAK,F.A.Q,Kilogram,13,11.557576,
31042891,2026-10-08,2026-10-08 11:12:52.241134,NEGERI SEMBILAN,SEREMBAN,PASAR BESAR SEREMBAN - BAHAGIAN BORONG,Borong,20,Sayur-Sayuran,02,002,CILI MERAH MINYAK,F.A.Q,Kilogram,12.5,11.557576,
31042892,2026-10-08,2026-10-08 11:12:52.241134,NEGERI SEMBILAN,SEREMBAN,PASAR BESAR SEREMBAN - BAHAGIAN BORONG,Borong,20,Sayur-Sayuran,03,009,DAUN BAWANG,F.A.Q,Kilogram,10.2,6.6222224,
31042893,2026-10-08,2026-10-08 11:12:52.241134,NEGERI SEMBILAN,SEREMBAN,PASAR BESAR SEREMBAN - BAHAGIAN BORONG,Borong,20,Sayur-Sayuran,03,009,DAUN BAWANG,F.A.Q,Kilogram,11.3,6.6222224,
31042894,2026-10-08,2026-10-08 11:12:52.241134,NEGERI SEMBILAN,SEREMBAN,PASAR BESAR SEREMBAN - BAHAGIAN BORONG,Borong,20,Sayur-Sayuran,03,009,DAUN BAWANG,F.A.Q,Kilogram,10.7,6.6222224,
31042895,2026-10-08,2026-10-08 11:12:52.241134,NEGERI SEMBILAN,SEREMBAN,PASAR BESAR SEREMBAN - BAHAGIAN BORONG,Borong,20,Sayur-Sayuran,03,015,DAUN SUP (TANAH TINGGI),F.A.Q,Kilogram,8.8,10.255555,
31042896,2026-10-08,2026-10-08 11:12:52.241134,NEGERI SEMBILAN,SEREMBAN,PASAR BESAR SEREMBAN - BAHAGIAN BORONG,Borong,20,Sayur-Sayuran,03,015,DAUN SUP (TANAH TINGGI),F.A.Q,Kilogram,10,10.255555,
31042897,2026-10-08,2026-10-08 11:12:52.241134,NEGERI SEMBILAN,SEREMBAN,PASAR BESAR SEREMBAN - BAHAGIAN BORONG,Borong,20,Sayur-Sayuran,03,015,DAUN SUP (TANAH TINGGI),F.A.Q,Kilogram,9.2,10.255555,
31042898,2026-10-08,2026-10-08 11:12:52.241134,NEGERI SEMBILAN,SEREMBAN,PASAR BESAR SEREMBAN - BAHAGIAN BORONG,Borong,20,Sayur-Sayuran,04,002,KACANG BENDI,F.A.Q,Kilogram,5.7,5.642424,
31042899,2026-10-08,2026-10-08 11:12:52.241134,NEGERI SEMBILAN,SEREMBAN,PASAR BESAR SEREMBAN - BAHAGIAN BORONG,Borong,20,Sayur-Sayuran,04,002,KACANG BENDI,F.A.Q,Kilogram,6.2,5.642424,
31042900,2026-10-08,2026-10-08 11:12:52.241134,NEGERI SEMBILAN,SEREMBAN,PASAR BESAR SEREMBAN - BAHAGIAN BORONG,Borong,20,Sayur-Sayuran,04,002,KACANG BENDI,F.A.Q,Kilogram,5.3,5.642424,
31042901,2026-10-08,2026-10-08 11:12:52.241134,NEGERI SEMBILAN,SEREMBAN,PASAR BESAR SEREMBAN - BAHAGIAN BORONG,Borong,20,Sayur-Sayuran,04,003,KACANG BUNCIS,F.A.Q,Kilogram,12.2,11.655556,
31042902,2026-10-08,2026-10-08 11:12:52.241134,NEGERI SEMBILAN,SEREMBAN,PASAR BESAR SEREMBAN - BAHAGIAN BORONG,Borong,20,Sayur-Sayuran,04,003,KACANG BUNCIS,F.A.Q,Kilogram,13.5,11.655556,
31042903,2026-10-08,2026-10-08 11:12:52.241134,NEGERI SEMBILAN,SEREMBAN,PASAR BESAR SEREMBAN - BAHAGIAN BORONG,Borong,20,Sayur-Sayuran,04,003,KACANG BUNCIS,F.A.Q,Kilogram,12.7,11.655556,
31042904,2026-10-08,2026-10-08 11:12:52.241134,NEGERI SEMBILAN,SEREMBAN,PASAR BESAR SEREMBAN - BAHAGIAN BORONG,Borong,20,Sayur-Sayuran,04,007,KACANG PANJANG HIJAU,F.A.Q,Kilogram,7.3,5.4444447,
31042905,2026-10-08,2026-10-08 11:12:52.241134,NEGERI SEMBILAN,SEREMBAN,PASAR BESAR SEREMBAN - BAHAGIAN BORONG,Borong,20,Sayur-Sayuran,04,007,KACANG PANJANG HIJAU,F.A.Q,Kilogram,8,5.4444447,
31042906,2026-10-08,2026-10-08 11:12:52.241134,NEGERI SEMBILAN,SEREMBAN,PASAR BESAR SEREMBAN - BAHAGIAN BORONG,Borong,20,Sayur-Sayuran,04,007,KACANG PANJANG HIJAU,F.A.Q,Kilogram,7.6,5.4444447,
31042907,2026-10-08,2026-10-08 11:12:52.241134,NEGERI SEMBILAN,SEREMBAN,PASAR BESAR SEREMBAN - BAHAGIAN BORONG,Borong,20,Sayur-Sayuran,03,019,KANGKUNG,F.A.Q,Kilogram,3,3.2555556,
31042908,2026-10-08,2026-10-08 11:12:52.241134,NEGERI SEMBILAN,SEREMBAN,PASAR BESAR SEREMBAN - BAHAGIAN BORONG,Borong,20,Sayur-Sayuran,03,019,KANGKUNG,F.A.Q,Kilogram,3.5,3.2555556,
31042909,2026-10-08,2026-10-08 11:12:52.241134,NEGERI SEMBILAN,SEREMBAN,PASAR BESAR SEREMBAN - BAHAGIAN BORONG,Borong,20,Sayur-Sayuran,03,019,KANGKUNG,F.A.Q,Kilogram,3.2,3.2555556,
31042910,2026-10-08,2026-10-08 11:12:52.241134,NEGERI SEMBILAN,SEREMBAN,PASAR BESAR SEREMBAN - BAHAGIAN BORONG,Borong,20,Sayur-Sayuran,03,006,KUBIS BULAT (CHINA),F.A.Q,Kilogram,2.8,3.0777779,
31042911,2026-10-08,2026-10-08 11:12:52.241134,NEGERI SEMBILAN,SEREMBAN,PASAR BESAR SEREMBAN - BAHAGIAN BORONG,Borong,20,Sayur-Sayuran,03,006,KUBIS BULAT (CHINA),F.A.Q,Kilogram,3.5,3.0777779,
31042912,2026-10-08,2026-10-08 11:12:52.241134,NEGERI SEMBILAN,SEREMBAN,PASAR BESAR SEREMBAN - BAHAGIAN BORONG,Borong,20,Sayur-Sayuran,03,006,KUBIS BULAT (CHINA),F.A.Q,Kilogram,3.2,3.0777779,
31042913,2026-10-08,2026-10-08 11:12:52.241134,NEGERI SEMBILAN,SEREMBAN,PASAR BESAR SEREMBAN - BAHAGIAN BORONG,Borong,20,Sayur-Sayuran,03,006,KUBIS BULAT (INDONESIA),F.A.Q,Kilogram,2.4,2.475,
31042914,2026-10-08,2026-10-08 11:12:52.241134,NEGERI SEMBILAN,SEREMBAN,PASAR BESAR SEREMBAN - BAHAGIAN BORONG,Borong,20,Sayur-Sayuran,03,006,KUBIS BULAT (INDONESIA),F.A.Q,Kilogram,2.6,2.475,
31042915,2026-10-08,2026-10-08 11:12:52.241134,NEGERI SEMBILAN,SEREMBAN,PASAR BESAR SEREMBAN - BAHAGIAN BORONG,Borong,20,Sayur-Sayuran,03,006,KUBIS BULAT (INDONESIA),F.A.Q,Kilogram,2.3,2.475,
31042916,2026-10-08,2026-10-08 11:12:52.241134,NEGERI SEMBILAN,SEREMBAN,PASAR BESAR SEREMBAN - BAHAGIAN BORONG,Borong,20,Sayur-Sayuran,03,006,KUBIS BULAT (TANAH TINGGI),F.A.Q,Kilogram,3.8,3.8060606,
31042917,2026-10-08,2026-10-08 11:12:52.241134,NEGERI SEMBILAN,SEREMBAN,PASAR BESAR SEREMBAN - BAHAGIAN BORONG,Borong,20,Sayur-Sayuran,03,006,KUBIS BULAT (TANAH TINGGI),F.A.Q,Kilogram,4.3,3.8060606,
31042918,2026-10-08,2026-10-08 11:12:52.241134,NEGERI SEMBILAN,SEREMBAN,PASAR BESAR SEREMBAN - BAHAGIAN BORONG,Borong,20,Sayur-Sayuran,03,006,KUBIS BULAT (TANAH TINGGI),F.A.Q,Kilogram,4,3.8060606,
31042919,2026-10-08,2026-10-08 11:12:52.241134,NEGERI SEMBILAN,SEREMBAN,PASAR BESAR SEREMBAN - BAHAGIAN BORONG,Borong,20,Sayur-Sayuran,03,007,SAWI HIJAU,F.A.Q,Kilogram,6.5,4.953846,
31042920,2026-10-08,2026-10-08 11:12:52.241134,NEGERI SEMBILAN,SEREMBAN,PASAR BESAR SEREMBAN - BAHAGIAN BORONG,Borong,20,Sayur-Sayuran,03,007,SAWI HIJAU,F.A.Q,Kilogram,7.1,4.953846,
31042921,2026-10-08,2026-10-08 11:12:52.241134,NEGERI SEMBILAN,SEREMBAN,PASAR BESAR SEREMBAN - BAHAGIAN BORONG,Borong,20,Sayur-Sayuran,03,007,SAWI HIJAU,F.A.Q,Kilogram,6.9,4.953846,
31042922,2026-10-08,2026-10-08 11:12:52.241134,NEGERI SEMBILAN,SEREMBAN,PASAR BESAR SEREMBAN - BAHAGIAN BORONG,Borong,20,Sayur-Sayuran,03,007,SAWI HIJAU TANAH TINGGI,F.A.Q,Kilogram,7.6,4.5933332,
31042923,2026-10-08,2026-10-08 11:12:52.241134,NEGERI SEMBILAN,SEREMBAN,PASAR BESAR SEREMBAN - BAHAGIAN BORONG,Borong,20,Sayur-Sayuran,03,007,SAWI HIJAU TANAH TINGGI,F.A.Q,Kilogram,8.1,4.5933332,
31042924,2026-10-08,2026-10-08 11:12:52.241134,NEGERI SEMBILAN,SEREMBAN,PASAR BESAR SEREMBAN - BAHAGIAN BORONG,Borong,20,Sayur-Sayuran,03,007,SAWI HIJAU TANAH TINGGI,F.A.Q,Kilogram,7.9,4.5933332,
31042925,2026-10-08,2026-10-08 11:12:52.241134,NEGERI SEMBILAN,SEREMBAN,PASAR BESAR SEREMBAN - BAHAGIAN BORONG,Borong,20,Sayur-Sayuran,02,010,TERUNG PANJANG / PEPARU (TANAH RENDAH),F.A.Q,Kilogram,7.5,7.860606,
31042926,2026-10-08,2026-10-08 11:12:52.241134,NEGERI SEMBILAN,SEREMBAN,PASAR BESAR SEREMBAN - BAHAGIAN BORONG,Borong,20,Sayur-Sayuran,02,010,TERUNG PANJANG / PEPARU (TANAH RENDAH),F.A.Q,Kilogram,7.9,7.860606,
31042927,2026-10-08,2026-10-08 11:12:52.241134,NEGERI SEMBILAN,SEREMBAN,PASAR BESAR SEREMBAN - BAHAGIAN BORONG,Borong,20,Sayur-Sayuran,02,010,TERUNG PANJANG / PEPARU (TANAH RENDAH),F.A.Q,Kilogram,7,7.860606,
31042928,2026-10-08,2026-10-08 11:12:52.241134,NEGERI SEMBILAN,SEREMBAN,PASAR BESAR SEREMBAN - BAHAGIAN BORONG,Borong,20,Sayur-Sayuran,02,012,TOMATO (TANAH TINGGI),F.A.Q,Kilogram,5,5.742424,
31042929,2026-10-08,2026-10-08 11:12:52.241134,NEGERI SEMBILAN,SEREMBAN,PASAR BESAR SEREMBAN - BAHAGIAN BORONG,Borong,20,Sayur-Sayuran,02,012,TOMATO (TANAH TINGGI),F.A.Q,Kilogram,5.8,5.742424,
31042930,2026-10-08,2026-10-08 11:12:52.241134,NEGERI SEMBILAN,SEREMBAN,PASAR BESAR SEREMBAN - BAHAGIAN BORONG,Borong,20,Sayur-Sayuran,02,012,TOMATO (TANAH TINGGI),F.A.Q,Kilogram,5.3,5.742424,
31042931,2026-10-08,2026-10-08 11:13:00.244325,NEGERI SEMBILAN,SEREMBAN,PASAR BESAR SEREMBAN - BAHAGIAN RUNCIT,Runcit,26,Sayur-Sayuran,03,001,BAYAM,F.A.Q,Kilogram,5,4.5333333,
31042932,2026-10-08,2026-10-08 11:13:00.244325,NEGERI SEMBILAN,SEREMBAN,PASAR BESAR SEREMBAN - BAHAGIAN RUNCIT,Runcit,26,Sayur-Sayuran,03,001,BAYAM,F.A.Q,Kilogram,4.7,4.5333333,
31042933,2026-10-08,2026-10-08 11:13:00.244325,NEGERI SEMBILAN,SEREMBAN,PASAR BESAR SEREMBAN - BAHAGIAN RUNCIT,Runcit,26,Sayur-Sayuran,03,001,BAYAM,F.A.Q,Kilogram,5.2,4.5333333,
31042934,2026-10-08,2026-10-08 11:13:00.244325,NEGERI SEMBILAN,SEREMBAN,PASAR BESAR SEREMBAN - BAHAGIAN RUNCIT,Runcit,26,Sayur-Sayuran,02,002,CILI HIJAU,F.A.Q,Kilogram,15,13.607142,
31042935,2026-10-08,2026-10-08 11:13:00.244325,NEGERI SEMBILAN,SEREMBAN,PASAR BESAR SEREMBAN - BAHAGIAN RUNCIT,Runcit,26,Sayur-Sayuran,02,002,CILI HIJAU,F.A.Q,Kilogram,15,13.607142,
31042936,2026-10-08,2026-10-08 11:13:00.244325,NEGERI SEMBILAN,SEREMBAN,PASAR BESAR SEREMBAN - BAHAGIAN RUNCIT,Runcit,26,Sayur-Sayuran,02,002,CILI HIJAU,F.A.Q,Kilogram,16,13.607142,
31042937,2026-10-08,2026-10-08 11:13:00.244325,NEGERI SEMBILAN,SEREMBAN,PASAR BESAR SEREMBAN - BAHAGIAN RUNCIT,Runcit,26,Sayur-Sayuran,02,002,CILI MERAH (THAILAND),F.A.Q,Kilogram,12,12.583333,
31042938,2026-10-08,2026-10-08 11:13:00.244325,NEGERI SEMBILAN,SEREMBAN,PASAR BESAR SEREMBAN - BAHAGIAN RUNCIT,Runcit,26,Sayur-Sayuran,02,002,CILI MERAH (THAILAND),F.A.Q,Kilogram,13,12.583333,
31042939,2026-10-08,2026-10-08 11:13:00.244325,NEGERI SEMBILAN,SEREMBAN,PASAR BESAR SEREMBAN - BAHAGIAN RUNCIT,Runcit,26,Sayur-Sayuran,02,002,CILI MERAH (THAILAND),F.A.Q,Kilogram,13.5,12.583333,
31042940,2026-10-08,2026-10-08 11:13:00.244325,NEGERI SEMBILAN,SEREMBAN,PASAR BESAR SEREMBAN - BAHAGIAN RUNCIT,Runcit,26,Sayur-Sayuran,02,002,CILI MERAH KULAI / KULAI HIBRID,F.A.Q,Kilogram,20,18.772728,
31042941,2026-10-08,2026-10-08 11:13:00.244325,NEGERI SEMBILAN,SEREMBAN,PASAR BESAR SEREMBAN - BAHAGIAN RUNCIT,Runcit,26,Sayur-Sayuran,02,002,CILI MERAH KULAI / KULAI HIBRID,F.A.Q,Kilogram,18,18.772728,
31042942,2026-10-08,2026-10-08 11:13:00.244325,NEGERI SEMBILAN,SEREMBAN,PASAR BESAR SEREMBAN - BAHAGIAN RUNCIT,Runcit,26,Sayur-Sayuran,02,002,CILI MERAH KULAI / KULAI HIBRID,F.A.Q,Kilogram,21,18.772728,
31042943,2026-10-08,2026-10-08 11:13:00.244325,NEGERI SEMBILAN,SEREMBAN,PASAR BESAR SEREMBAN - BAHAGIAN RUNCIT,Runcit,26,Sayur-Sayuran,02,002,CILI MERAH MINYAK,F.A.Q,Kilogram,15,14.19697,
31042944,2026-10-08,2026-10-08 11:13:00.244325,NEGERI SEMBILAN,SEREMBAN,PASAR BESAR SEREMBAN - BAHAGIAN RUNCIT,Runcit,26,Sayur-Sayuran,02,002,CILI MERAH MINYAK,F.A.Q,Kilogram,15,14.19697,
31042945,2026-10-08,2026-10-08 11:13:00.244325,NEGERI SEMBILAN,SEREMBAN,PASAR BESAR SEREMBAN - BAHAGIAN RUNCIT,Runcit,26,Sayur-Sayuran,02,002,CILI MERAH MINYAK,F.A.Q,Kilogram,16,14.19697,
31042946,2026-10-08,2026-10-08 11:13:00.244325,NEGERI SEMBILAN,SEREMBAN,PASAR BESAR SEREMBAN - BAHAGIAN RUNCIT,Runcit,26,Sayur-Sayuran,03,009,DAUN BAWANG,F.A.Q,Kilogram,14,8.388889,
31042947,2026-10-08,2026-10-08 11:13:00.244325,NEGERI SEMBILAN,SEREMBAN,PASAR BESAR SEREMBAN - BAHAGIAN RUNCIT,Runcit,26,Sayur-Sayuran,03,009,DAUN BAWANG,F.A.Q,Kilogram,13,8.388889,
31042948,2026-10-08,2026-10-08 11:13:00.244325,NEGERI SEMBILAN,SEREMBAN,PASAR BESAR SEREMBAN - BAHAGIAN RUNCIT,Runcit,26,Sayur-Sayuran,03,009,DAUN BAWANG,F.A.Q,Kilogram,14,8.388889,
31042949,2026-10-08,2026-10-08 11:13:00.244325,NEGERI SEMBILAN,SEREMBAN,PASAR BESAR SEREMBAN - BAHAGIAN RUNCIT,Runcit,26,Sayur-Sayuran,03,015,DAUN SUP (TANAH TINGGI),F.A.Q,Kilogram,10,11.472222,
31042950,2026-10-08,2026-10-08 11:13:00.244325,NEGERI SEMBILAN,SEREMBAN,PASAR BESAR SEREMBAN - BAHAGIAN RUNCIT,Runcit,26,Sayur-Sayuran,03,015,DAUN SUP (TANAH TINGGI),F.A.Q,Kilogram,11,11.472222,
31042951,2026-10-08,2026-10-08 11:13:00.244325,NEGERI SEMBILAN,SEREMBAN,PASAR BESAR SEREMBAN - BAHAGIAN RUNCIT,Runcit,26,Sayur-Sayuran,03,015,DAUN SUP (TANAH TINGGI),F.A.Q,Kilogram,12,11.472222,
31042952,2026-10-08,2026-10-08 11:13:00.244325,NEGERI SEMBILAN,SEREMBAN,PASAR BESAR SEREMBAN - BAHAGIAN RUNCIT,Runcit,26,Sayur-Sayuran,04,002,KACANG BENDI,F.A.Q,Kilogram,8,7.6878786,
31042953,2026-10-08,2026-10-08 11:13:00.244325,NEGERI SEMBILAN,SEREMBAN,PASAR BESAR SEREMBAN - BAHAGIAN RUNCIT,Runcit,26,Sayur-Sayuran,04,002,KACANG BENDI,F.A.Q,Kilogram,8,7.6878786,
31042954,2026-10-08,2026-10-08 11:13:00.244325,NEGERI SEMBILAN,SEREMBAN,PASAR BESAR SEREMBAN - BAHAGIAN RUNCIT,Runcit,26,Sayur-Sayuran,04,002,KACANG BENDI,F.A.Q,Kilogram,9,7.6878786,
31042955,2026-10-08,2026-10-08 11:13:00.244325,NEGERI SEMBILAN,SEREMBAN,PASAR BESAR SEREMBAN - BAHAGIAN RUNCIT,Runcit,26,Sayur-Sayuran,04,003,KACANG BUNCIS,F.A.Q,Kilogram,15,13.666667,
31042956,2026-10-08,2026-10-08 11:13:00.244325,NEGERI SEMBILAN,SEREMBAN,PASAR BESAR SEREMBAN - BAHAGIAN RUNCIT,Runcit,26,Sayur-Sayuran,04,003,KACANG BUNCIS,F.A.Q,Kilogram,15,13.666667,
31042957,2026-10-08,2026-10-08 11:13:00.244325,NEGERI SEMBILAN,SEREMBAN,PASAR BESAR SEREMBAN - BAHAGIAN RUNCIT,Runcit,26,Sayur-Sayuran,04,003,KACANG BUNCIS,F.A.Q,Kilogram,16,13.666667,
31042958,2026-10-08,2026-10-08 11:13:00.244325,NEGERI SEMBILAN,SEREMBAN,PASAR BESAR SEREMBAN - BAHAGIAN RUNCIT,Runcit,26,Sayur-Sayuran,04,007,KACANG PANJANG HIJAU,F.A.Q,Kilogram,10,7.507407,
31042959,2026-10-08,2026-10-08 11:13:00.244325,NEGERI SEMBILAN,SEREMBAN,PASAR BESAR SEREMBAN - BAHAGIAN RUNCIT,Runcit,26,Sayur-Sayuran,04,007,KACANG PANJANG HIJAU,F.A.Q,Kilogram,9,7.507407,
31042960,2026-10-08,2026-10-08 11:13:00.244325,NEGERI SEMBILAN,SEREMBAN,PASAR BESAR SEREMBAN - BAHAGIAN RUNCIT,Runcit,26,Sayur-Sayuran,04,007,KACANG PANJANG HIJAU,F.A.Q,Kilogram,10.5,7.507407,
31042961,2026-10-08,2026-10-08 11:13:00.244325,NEGERI SEMBILAN,SEREMBAN,PASAR BESAR SEREMBAN - BAHAGIAN RUNCIT,Runcit,26,Sayur-Sayuran,03,019,KANGKUNG,F.A.Q,Kilogram,4,4.3764706,
31042962,2026-10-08,2026-10-08 11:13:00.244325,NEGERI SEMBILAN,SEREMBAN,PASAR BESAR SEREMBAN - BAHAGIAN RUNCIT,Runcit,26,Sayur-Sayuran,03,019,KANGKUNG,F.A.Q,Kilogram,4.6,4.3764706,
31042963,2026-10-08,2026-10-08 11:13:00.244325,NEGERI SEMBILAN,SEREMBAN,PASAR BESAR SEREMBAN - BAHAGIAN RUNCIT,Runcit,26,Sayur-Sayuran,03,019,KANGKUNG,F.A.Q,Kilogram,4.8,4.3764706,
31042964,2026-10-08,2026-10-08 11:13:00.244325,NEGERI SEMBILAN,SEREMBAN,PASAR BESAR SEREMBAN - BAHAGIAN RUNCIT,Runcit,26,Sayur-Sayuran,03,006,KUBIS BULAT (CHINA),F.A.Q,Kilogram,3.9,3.9222221,
31042965,2026-10-08,2026-10-08 11:13:00.244325,NEGERI SEMBILAN,SEREMBAN,PASAR BESAR SEREMBAN - BAHAGIAN RUNCIT,Runcit,26,Sayur-Sayuran,03,006,KUBIS BULAT (CHINA),F.A.Q,Kilogram,4.1,3.9222221,
31042966,2026-10-08,2026-10-08 11:13:00.244325,NEGERI SEMBILAN,SEREMBAN,PASAR BESAR SEREMBAN - BAHAGIAN RUNCIT,Runcit,26,Sayur-Sayuran,03,006,KUBIS BULAT (CHINA),F.A.Q,Kilogram,4.5,3.9222221,
31042967,2026-10-08,2026-10-08 11:13:00.244325,NEGERI SEMBILAN,SEREMBAN,PASAR BESAR SEREMBAN - BAHAGIAN RUNCIT,Runcit,26,Sayur-Sayuran,03,006,KUBIS BULAT (INDONESIA),F.A.Q,Kilogram,3.5,3.4777777,
31042968,2026-10-08,2026-10-08 11:13:00.244325,NEGERI SEMBILAN,SEREMBAN,PASAR BESAR SEREMBAN - BAHAGIAN RUNCIT,Runcit,26,Sayur-Sayuran,03,006,KUBIS BULAT (INDONESIA),F.A.Q,Kilogram,3.3,3.4777777,
31042969,2026-10-08,2026-10-08 11:13:00.244325,NEGERI SEMBILAN,SEREMBAN,PASAR BESAR SEREMBAN - BAHAGIAN RUNCIT,Runcit,26,Sayur-Sayuran,03,006,KUBIS BULAT (INDONESIA),F.A.Q,Kilogram,3.7,3.4777777,
31042970,2026-10-08,2026-10-08 11:13:00.244325,NEGERI SEMBILAN,SEREMBAN,PASAR BESAR SEREMBAN - BAHAGIAN RUNCIT,Runcit,26,Sayur-Sayuran,03,006,KUBIS BULAT (TANAH TINGGI),F.A.Q,Kilogram,5.8,5.427273,
31042971,2026-10-08,2026-10-08 11:13:00.244325,NEGERI SEMBILAN,SEREMBAN,PASAR BESAR SEREMBAN - BAHAGIAN RUNCIT,Runcit,26,Sayur-Sayuran,03,006,KUBIS BULAT (TANAH TINGGI),F.A.Q,Kilogram,5.3,5.427273,
31042972,2026-10-08,2026-10-08 11:13:00.244325,NEGERI SEMBILAN,SEREMBAN,PASAR BESAR SEREMBAN - BAHAGIAN RUNCIT,Runcit,26,Sayur-Sayuran,03,006,KUBIS BULAT (TANAH TINGGI),F.A.Q,Kilogram,6,5.427273,
31042973,2026-10-08,2026-10-08 11:13:00.244325,NEGERI SEMBILAN,SEREMBAN,PASAR BESAR SEREMBAN - BAHAGIAN RUNCIT,Runcit,26,Sayur-Sayuran,03,007,SAWI HIJAU,F.A.Q,Kilogram,7.5,7,
31042974,2026-10-08,2026-10-08 11:13:00.244325,NEGERI SEMBILAN,SEREMBAN,PASAR BESAR SEREMBAN - BAHAGIAN RUNCIT,Runcit,26,Sayur-Sayuran,03,007,SAWI HIJAU,F.A.Q,Kilogram,8,7,
31042975,2026-10-08,2026-10-08 11:13:00.244325,NEGERI SEMBILAN,SEREMBAN,PASAR BESAR SEREMBAN - BAHAGIAN RUNCIT,Runcit,26,Sayur-Sayuran,03,007,SAWI HIJAU,F.A.Q,Kilogram,8.5,7,
31042976,2026-10-08,2026-10-08 11:13:00.244325,NEGERI SEMBILAN,SEREMBAN,PASAR BESAR SEREMBAN - BAHAGIAN RUNCIT,Runcit,26,Sayur-Sayuran,03,007,SAWI HIJAU TANAH TINGGI,F.A.Q,Kilogram,9.5,6.535714,
31042977,2026-10-08,2026-10-08 11:13:00.244325,NEGERI SEMBILAN,SEREMBAN,PASAR BESAR SEREMBAN - BAHAGIAN RUNCIT,Runcit,26,Sayur-Sayuran,03,007,SAWI HIJAU TANAH TINGGI,F.A.Q,Kilogram,9,6.535714,
31042978,2026-10-08,2026-10-08 11:13:00.244325,NEGERI SEMBILAN,SEREMBAN,PASAR BESAR SEREMBAN - BAHAGIAN RUNCIT,Runcit,26,Sayur-Sayuran,03,007,SAWI HIJAU TANAH TINGGI,F.A.Q,Kilogram,10,6.535714,
31042979,2026-10-08,2026-10-08 11:13:00.244325,NEGERI SEMBILAN,SEREMBAN,PASAR BESAR SEREMBAN - BAHAGIAN RUNCIT,Runcit,26,Sayur-Sayuran,02,010,TERUNG PANJANG / PEPARU (TANAH RENDAH),F.A.Q,Kilogram,10,9.939394,
31042980,2026-10-08,2026-10-08 11:13:00.244325,NEGERI SEMBILAN,SEREMBAN,PASAR BESAR SEREMBAN - BAHAGIAN RUNCIT,Runcit,26,Sayur-Sayuran,02,010,TERUNG PANJANG / PEPARU (TANAH RENDAH),F.A.Q,Kilogram,9,9.939394,
31042981,2026-10-08,2026-10-08 11:13:00.244325,NEGERI SEMBILAN,SEREMBAN,PASAR BESAR SEREMBAN - BAHAGIAN RUNCIT,Runcit,26,Sayur-Sayuran,02,010,TERUNG PANJANG / PEPARU (TANAH RENDAH),F.A.Q,Kilogram,10,9.939394,
31042982,2026-10-08,2026-10-08 11:13:00.244325,NEGERI SEMBILAN,SEREMBAN,PASAR BESAR SEREMBAN - BAHAGIAN RUNCIT,Runcit,26,Sayur-Sayuran,02,011,TIMUN HIJAU,F.A.Q,Kilogram,4,3.635484,
31042983,2026-10-08,2026-10-08 11:13:00.244325,NEGERI SEMBILAN,SEREMBAN,PASAR BESAR SEREMBAN - BAHAGIAN RUNCIT,Runcit,26,Sayur-Sayuran,02,011,TIMUN HIJAU,F.A.Q,Kilogram,4,3.635484,
31042984,2026-10-08,2026-10-08 11:13:00.244325,NEGERI SEMBILAN,SEREMBAN,PASAR BESAR SEREMBAN - BAHAGIAN RUNCIT,Runcit,26,Sayur-Sayuran,02,011,TIMUN HIJAU,F.A.Q,Kilogram,4.5,3.635484,
31042985,2026-10-08,2026-10-08 11:13:00.244325,NEGERI SEMBILAN,SEREMBAN,PASAR BESAR SEREMBAN - BAHAGIAN RUNCIT,Runcit,26,Sayur-Sayuran,02,012,TOMATO (TANAH TINGGI),F.A.Q,Kilogram,7,7.25,
31042986,2026-10-08,2026-10-08 11:13:00.244325,NEGERI SEMBILAN,SEREMBAN,PASAR BESAR SEREMBAN - BAHAGIAN RUNCIT,Runcit,26,Sayur-Sayuran,02,012,TOMATO (TANAH TINGGI),F.A.Q,Kilogram,6.5,7.25,
31042987,2026-10-08,2026-10-08 11:13:00.244325,NEGERI SEMBILAN,SEREMBAN,PASAR BESAR SEREMBAN - BAHAGIAN RUNCIT,Runcit,26,Sayur-Sayuran,02,012,TOMATO (TANAH TINGGI),F.A.Q,Kilogram,7.5,7.25,
31042988,2026-10-08,2026-10-08 11:13:15.186031,KELANTAN,MACHANG,PASAR AWAM MACHANG,Runcit,26,Ternakan,03,002,AYAM PROSES STANDARD,F.A.Q,Kilogram,9.5,10.09,
31042989,2026-10-08,2026-10-08 11:13:24.249995,W.P. LABUAN,LABUAN,PELADANG OUTLET,Borong,20,Buah-Buahan,02,005,BETIK SEKAKI,F.A.Q,Kilogram,3,3,
31042990,2026-10-08,2026-10-08 11:13:24.249995,W.P. LABUAN,LABUAN,PELADANG OUTLET,Borong,20,Buah-Buahan,02,023,NANAS JOSAPINE (AC5),F.A.Q,Kilogram,5,5,
31042991,2026-10-08,2026-10-08 11:13:24.249995,W.P. LABUAN,LABUAN,PELADANG OUTLET,Borong,20,Buah-Buahan,02,028,PISANG BERANGAN,F.A.Q,Kilogram,4,4.142857,
31042992,2026-10-08,2026-10-08 11:13:24.249995,W.P. LABUAN,LABUAN,PELADANG OUTLET,Borong,20,Buah-Buahan,02,028,PISANG MAS,F.A.Q,Kilogram,3.5,3.5,
31042993,2026-10-08,2026-10-08 11:13:24.249995,W.P. LABUAN,LABUAN,PELADANG OUTLET,Borong,20,Buah-Buahan,02,034,TEMBIKAI MERAH TANPA BIJI,F.A.Q,Kilogram,3.5,3.7857144,
31042996,2026-10-08,2026-10-08 11:14:03.78287,KELANTAN,MACHANG,PASAR AWAM MACHANG,Runcit,26,Ternakan,03,002,AYAM PROSES STANDARD,F.A.Q,Kilogram,9.5,10.09,
31043008,2026-10-08,2026-10-08 11:15:02.636233,KELANTAN,MACHANG,PASAR AWAM MACHANG,Runcit,26,Ternakan,11,001,TELUR AYAM,A,Biji,0.52,0.47,
31043014,2026-10-08,2026-10-08 11:15:29.499157,W.P. KUALA LUMPUR,KUALA LUMPUR,PASAR BORONG KUALA LUMPUR,Borong,20,Sayur-Sayuran,03,001,BAYAM,F.A.Q,Kilogram,3,2.6153846,
31043015,2026-10-08,2026-10-08 11:15:29.499157,W.P. KUALA LUMPUR,KUALA LUMPUR,PASAR BORONG KUALA LUMPUR,Borong,20,Sayur-Sayuran,02,002,CILI HIJAU,F.A.Q,Kilogram,10,9.875,
31043016,2026-10-08,2026-10-08 11:15:29.499157,W.P. KUALA LUMPUR,KUALA LUMPUR,PASAR BORONG KUALA LUMPUR,Borong,20,Sayur-Sayuran,02,002,CILI MERAH KULAI / KULAI HIBRID,F.A.Q,Kilogram,13,15.727273,
31043017,2026-10-08,2026-10-08 11:15:29.499157,W.P. KUALA LUMPUR,KUALA LUMPUR,PASAR BORONG KUALA LUMPUR,Borong,20,Sayur-Sayuran,02,002,CILI MERAH MINYAK,F.A.Q,Kilogram,10,10.615385,
31043018,2026-10-08,2026-10-08 11:15:29.499157,W.P. KUALA LUMPUR,KUALA LUMPUR,PASAR BORONG KUALA LUMPUR,Borong,20,Sayur-Sayuran,03,009,DAUN BAWANG,F.A.Q,Kilogram,8,4.0625,
31043019,2026-10-08,2026-10-08 11:15:29.499157,W.P. KUALA LUMPUR,KUALA LUMPUR,PASAR BORONG KUALA LUMPUR,Borong,20,Sayur-Sayuran,03,015,DAUN SUP (TANAH TINGGI),F.A.Q,Kilogram,6,3.2857144,
31043020,2026-10-08,2026-10-08 11:15:29.499157,W.P. KUALA LUMPUR,KUALA LUMPUR,PASAR BORONG KUALA LUMPUR,Borong,20,Sayur-Sayuran,04,002,KACANG BENDI,F.A.Q,Kilogram,4.5,4.318182,
31043021,2026-10-08,2026-10-08 11:15:29.499157,W.P. KUALA LUMPUR,KUALA LUMPUR,PASAR BORONG KUALA LUMPUR,Borong,20,Sayur-Sayuran,04,003,KACANG BUNCIS,F.A.Q,Kilogram,10,8.625,
31043022,2026-10-08,2026-10-08 11:15:29.499157,W.P. KUALA LUMPUR,KUALA LUMPUR,PASAR BORONG KUALA LUMPUR,Borong,20,Sayur-Sayuran,04,007,KACANG PANJANG HIJAU,F.A.Q,Kilogram,5,5.681818,
31043023,2026-10-08,2026-10-08 11:15:29.499157,W.P. KUALA LUMPUR,KUALA LUMPUR,PASAR BORONG KUALA LUMPUR,Borong,20,Sayur-Sayuran,03,019,KANGKUNG,F.A.Q,Kilogram,3,2.25,
31043024,2026-10-08,2026-10-08 11:15:29.499157,W.P. KUALA LUMPUR,KUALA LUMPUR,PASAR BORONG KUALA LUMPUR,Borong,20,Sayur-Sayuran,03,006,KUBIS BULAT (TANAH TINGGI),F.A.Q,Kilogram,1.3,1.1,
31043025,2026-10-08,2026-10-08 11:15:29.499157,W.P. KUALA LUMPUR,KUALA LUMPUR,PASAR BORONG KUALA LUMPUR,Borong,20,Sayur-Sayuran,03,007,SAWI HIJAU,F.A.Q,Kilogram,5,3.4615386,
31043026,2026-10-08,2026-10-08 11:15:29.499157,W.P. KUALA LUMPUR,KUALA LUMPUR,PASAR BORONG KUALA LUMPUR,Borong,20,Sayur-Sayuran,03,007,SAWI HIJAU TANAH TINGGI,F.A.Q,Kilogram,5,4,
31043027,2026-10-08,2026-10-08 11:15:29.499157,W.P. KUALA LUMPUR,KUALA LUMPUR,PASAR BORONG KUALA LUMPUR,Borong,20,Sayur-Sayuran,02,010,TERUNG PANJANG / PEPARU (TANAH RENDAH),F.A.Q,Kilogram,6,5.8636365,
31043028,2026-10-08,2026-10-08 11:15:29.499157,W.P. KUALA LUMPUR,KUALA LUMPUR,PASAR BORONG KUALA LUMPUR,Borong,20,Sayur-Sayuran,02,011,TIMUN HIJAU,F.A.Q,Kilogram,3,2.0363636,
31043029,2026-10-08,2026-10-08 11:15:29.499157,W.P. KUALA LUMPUR,KUALA LUMPUR,PASAR BORONG KUALA LUMPUR,Borong,20,Sayur-Sayuran,02,012,TOMATO (TANAH TINGGI),F.A.Q,Kilogram,3.5,4.4,
31043035,2026-10-08,2026-10-08 11:16:14.142083,KELANTAN,KOTA BHARU,PASAR BORONG RTC KOTA BHARU,Borong,20,Sayur-Sayuran,02,002,CILI / LADA SOLOK,F.A.Q,Kilogram,7,9.4,
31043036,2026-10-08,2026-10-08 11:16:14.142083,KELANTAN,KOTA BHARU,PASAR BORONG RTC KOTA BHARU,Borong,20,Sayur-Sayuran,02,002,CILI / LADA SOLOK,F.A.Q,Kilogram,7,9.4,
31043037,2026-10-08,2026-10-08 11:16:14.142083,KELANTAN,KOTA BHARU,PASAR BORONG RTC KOTA BHARU,Borong,20,Sayur-Sayuran,02,002,CILI / LADA SOLOK,F.A.Q,Kilogram,7,9.4,
31043038,2026-10-08,2026-10-08 11:16:14.142083,KELANTAN,KOTA BHARU,PASAR BORONG RTC KOTA BHARU,Borong,20,Sayur-Sayuran,02,002,CILI / LADA SOLOK,F.A.Q,Kilogram,6,9.4,
31043039,2026-10-08,2026-10-08 11:16:14.142083,KELANTAN,KOTA BHARU,PASAR BORONG RTC KOTA BHARU,Borong,20,Sayur-Sayuran,02,002,CILI / LADA SOLOK,F.A.Q,Kilogram,6,9.4,
31043040,2026-10-08,2026-10-08 11:16:14.142083,KELANTAN,KOTA BHARU,PASAR BORONG RTC KOTA BHARU,Borong,20,Sayur-Sayuran,02,002,CILI MERAH (THAILAND),F.A.Q,Kilogram,7,6.6,
31043041,2026-10-08,2026-10-08 11:16:14.142083,KELANTAN,KOTA BHARU,PASAR BORONG RTC KOTA BHARU,Borong,20,Sayur-Sayuran,02,002,CILI MERAH (THAILAND),F.A.Q,Kilogram,7,6.6,
31043042,2026-10-08,2026-10-08 11:16:14.142083,KELANTAN,KOTA BHARU,PASAR BORONG RTC KOTA BHARU,Borong,20,Sayur-Sayuran,02,002,CILI MERAH (THAILAND),F.A.Q,Kilogram,7,6.6,
31043043,2026-10-08,2026-10-08 11:16:14.142083,KELANTAN,KOTA BHARU,PASAR BORONG RTC KOTA BHARU,Borong,20,Sayur-Sayuran,02,002,CILI MERAH (THAILAND),F.A.Q,Kilogram,6,6.6,
31043044,2026-10-08,2026-10-08 11:16:14.142083,KELANTAN,KOTA BHARU,PASAR BORONG RTC KOTA BHARU,Borong,20,Sayur-Sayuran,02,002,CILI MERAH (THAILAND),F.A.Q,Kilogram,6,6.6,
31043045,2026-10-08,2026-10-08 11:16:14.142083,KELANTAN,KOTA BHARU,PASAR BORONG RTC KOTA BHARU,Borong,20,Sayur-Sayuran,02,002,CILI MERAH (VIETNAM),F.A.Q,Kilogram,7,6.6,
31043046,2026-10-08,2026-10-08 11:16:14.142083,KELANTAN,KOTA BHARU,PASAR BORONG RTC KOTA BHARU,Borong,20,Sayur-Sayuran,02,002,CILI MERAH (VIETNAM),F.A.Q,Kilogram,7,6.6,
31043047,2026-10-08,2026-10-08 11:16:14.142083,KELANTAN,KOTA BHARU,PASAR BORONG RTC KOTA BHARU,Borong,20,Sayur-Sayuran,02,002,CILI MERAH (VIETNAM),F.A.Q,Kilogram,7,6.6,
31043048,2026-10-08,2026-10-08 11:16:14.142083,KELANTAN,KOTA BHARU,PASAR BORONG RTC KOTA BHARU,Borong,20,Sayur-Sayuran,02,002,CILI MERAH (VIETNAM),F.A.Q,Kilogram,6,6.6,
31043049,2026-10-08,2026-10-08 11:16:14.142083,KELANTAN,KOTA BHARU,PASAR BORONG RTC KOTA BHARU,Borong,20,Sayur-Sayuran,02,002,CILI MERAH (VIETNAM),F.A.Q,Kilogram,6,6.6,
31043050,2026-10-08,2026-10-08 11:16:14.142083,KELANTAN,KOTA BHARU,PASAR BORONG RTC KOTA BHARU,Borong,20,Sayur-Sayuran,02,002,CILI MERAH KULAI / KULAI HIBRID,F.A.Q,Kilogram,10,9.933333,
31043051,2026-10-08,2026-10-08 11:16:14.142083,KELANTAN,KOTA BHARU,PASAR BORONG RTC KOTA BHARU,Borong,20,Sayur-Sayuran,02,002,CILI MERAH KULAI / KULAI HIBRID,F.A.Q,Kilogram,10,9.933333,
31043052,2026-10-08,2026-10-08 11:16:14.142083,KELANTAN,KOTA BHARU,PASAR BORONG RTC KOTA BHARU,Borong,20,Sayur-Sayuran,02,002,CILI MERAH KULAI / KULAI HIBRID,F.A.Q,Kilogram,10,9.933333,
31043053,2026-10-08,2026-10-08 11:16:14.142083,KELANTAN,KOTA BHARU,PASAR BORONG RTC KOTA BHARU,Borong,20,Sayur-Sayuran,02,002,CILI MERAH KULAI / KULAI HIBRID,F.A.Q,Kilogram,9,9.933333,
31043054,2026-10-08,2026-10-08 11:16:14.142083,KELANTAN,KOTA BHARU,PASAR BORONG RTC KOTA BHARU,Borong,20,Sayur-Sayuran,02,002,CILI MERAH KULAI / KULAI HIBRID,F.A.Q,Kilogram,9,9.933333,
31043055,2026-10-08,2026-10-08 11:16:14.142083,KELANTAN,KOTA BHARU,PASAR BORONG RTC KOTA BHARU,Borong,20,Sayur-Sayuran,02,002,CILI MERAH MINYAK,F.A.Q,Kilogram,9,8.933333,
31043056,2026-10-08,2026-10-08 11:16:14.142083,KELANTAN,KOTA BHARU,PASAR BORONG RTC KOTA BHARU,Borong,20,Sayur-Sayuran,02,002,CILI MERAH MINYAK,F.A.Q,Kilogram,9,8.933333,
31043057,2026-10-08,2026-10-08 11:16:14.142083,KELANTAN,KOTA BHARU,PASAR BORONG RTC KOTA BHARU,Borong,20,Sayur-Sayuran,02,002,CILI MERAH MINYAK,F.A.Q,Kilogram,9,8.933333,
31043058,2026-10-08,2026-10-08 11:16:14.142083,KELANTAN,KOTA BHARU,PASAR BORONG RTC KOTA BHARU,Borong,20,Sayur-Sayuran,02,002,CILI MERAH MINYAK,F.A.Q,Kilogram,8,8.933333,
31043059,2026-10-08,2026-10-08 11:16:14.142083,KELANTAN,KOTA BHARU,PASAR BORONG RTC KOTA BHARU,Borong,20,Sayur-Sayuran,02,002,CILI MERAH MINYAK,F.A.Q,Kilogram,8,8.933333,
31043060,2026-10-08,2026-10-08 11:16:14.142083,KELANTAN,KOTA BHARU,PASAR BORONG RTC KOTA BHARU,Borong,20,Sayur-Sayuran,03,009,DAUN BAWANG,F.A.Q,Kilogram,7,6.6,
31043061,2026-10-08,2026-10-08 11:16:14.142083,KELANTAN,KOTA BHARU,PASAR BORONG RTC KOTA BHARU,Borong,20,Sayur-Sayuran,03,009,DAUN BAWANG,F.A.Q,Kilogram,7,6.6,
31043062,2026-10-08,2026-10-08 11:16:14.142083,KELANTAN,KOTA BHARU,PASAR BORONG RTC KOTA BHARU,Borong,20,Sayur-Sayuran,03,009,DAUN BAWANG,F.A.Q,Kilogram,7,6.6,
31043063,2026-10-08,2026-10-08 11:16:14.142083,KELANTAN,KOTA BHARU,PASAR BORONG RTC KOTA BHARU,Borong,20,Sayur-Sayuran,03,009,DAUN BAWANG,F.A.Q,Kilogram,6,6.6,
31043064,2026-10-08,2026-10-08 11:16:14.142083,KELANTAN,KOTA BHARU,PASAR BORONG RTC KOTA BHARU,Borong,20,Sayur-Sayuran,03,009,DAUN BAWANG,F.A.Q,Kilogram,6,6.6,
31043065,2026-10-08,2026-10-08 11:16:14.142083,KELANTAN,KOTA BHARU,PASAR BORONG RTC KOTA BHARU,Borong,20,Sayur-Sayuran,03,009,DAUN BAWANG (IMPORT),F.A.Q,Kilogram,7,6.6,
31043066,2026-10-08,2026-10-08 11:16:14.142083,KELANTAN,KOTA BHARU,PASAR BORONG RTC KOTA BHARU,Borong,20,Sayur-Sayuran,03,009,DAUN BAWANG (IMPORT),F.A.Q,Kilogram,7,6.6,
31043067,2026-10-08,2026-10-08 11:16:14.142083,KELANTAN,KOTA BHARU,PASAR BORONG RTC KOTA BHARU,Borong,20,Sayur-Sayuran,03,009,DAUN BAWANG (IMPORT),F.A.Q,Kilogram,7,6.6,
31043068,2026-10-08,2026-10-08 11:16:14.142083,KELANTAN,KOTA BHARU,PASAR BORONG RTC KOTA BHARU,Borong,20,Sayur-Sayuran,03,009,DAUN BAWANG (IMPORT),F.A.Q,Kilogram,6,6.6,
31043069,2026-10-08,2026-10-08 11:16:14.142083,KELANTAN,KOTA BHARU,PASAR BORONG RTC KOTA BHARU,Borong,20,Sayur-Sayuran,03,009,DAUN BAWANG (IMPORT),F.A.Q,Kilogram,6,6.6,
31043070,2026-10-08,2026-10-08 11:16:14.142083,KELANTAN,KOTA BHARU,PASAR BORONG RTC KOTA BHARU,Borong,20,Sayur-Sayuran,03,015,DAUN SUP (TANAH TINGGI),F.A.Q,Kilogram,8,8.4,
31043071,2026-10-08,2026-10-08 11:16:14.142083,KELANTAN,KOTA BHARU,PASAR BORONG RTC KOTA BHARU,Borong,20,Sayur-Sayuran,03,015,DAUN SUP (TANAH TINGGI),F.A.Q,Kilogram,8,8.4,
31043072,2026-10-08,2026-10-08 11:16:14.142083,KELANTAN,KOTA BHARU,PASAR BORONG RTC KOTA BHARU,Borong,20,Sayur-Sayuran,03,015,DAUN SUP (TANAH TINGGI),F.A.Q,Kilogram,8,8.4,
31043073,2026-10-08,2026-10-08 11:16:14.142083,KELANTAN,KOTA BHARU,PASAR BORONG RTC KOTA BHARU,Borong,20,Sayur-Sayuran,03,015,DAUN SUP (TANAH TINGGI),F.A.Q,Kilogram,9,8.4,
31043074,2026-10-08,2026-10-08 11:16:14.142083,KELANTAN,KOTA BHARU,PASAR BORONG RTC KOTA BHARU,Borong,20,Sayur-Sayuran,03,015,DAUN SUP (TANAH TINGGI),F.A.Q,Kilogram,9,8.4,
31043075,2026-10-08,2026-10-08 11:16:14.142083,KELANTAN,KOTA BHARU,PASAR BORONG RTC KOTA BHARU,Borong,20,Sayur-Sayuran,04,002,KACANG BENDI,F.A.Q,Kilogram,6,5.5333333,
31043076,2026-10-08,2026-10-08 11:16:14.142083,KELANTAN,KOTA BHARU,PASAR BORONG RTC KOTA BHARU,Borong,20,Sayur-Sayuran,04,002,KACANG BENDI,F.A.Q,Kilogram,6,5.5333333,
31043077,2026-10-08,2026-10-08 11:16:14.142083,KELANTAN,KOTA BHARU,PASAR BORONG RTC KOTA BHARU,Borong,20,Sayur-Sayuran,04,002,KACANG BENDI,F.A.Q,Kilogram,6,5.5333333,
31043078,2026-10-08,2026-10-08 11:16:14.142083,KELANTAN,KOTA BHARU,PASAR BORONG RTC KOTA BHARU,Borong,20,Sayur-Sayuran,04,002,KACANG BENDI,F.A.Q,Kilogram,7,5.5333333,
31043079,2026-10-08,2026-10-08 11:16:14.142083,KELANTAN,KOTA BHARU,PASAR BORONG RTC KOTA BHARU,Borong,20,Sayur-Sayuran,04,002,KACANG BENDI,F.A.Q,Kilogram,7,5.5333333,
31043080,2026-10-08,2026-10-08 11:16:14.142083,KELANTAN,KOTA BHARU,PASAR BORONG RTC KOTA BHARU,Borong,20,Sayur-Sayuran,04,003,KACANG BUNCIS,F.A.Q,Kilogram,9,8.64,
31043081,2026-10-08,2026-10-08 11:16:14.142083,KELANTAN,KOTA BHARU,PASAR BORONG RTC KOTA BHARU,Borong,20,Sayur-Sayuran,04,003,KACANG BUNCIS,F.A.Q,Kilogram,9,8.64,
31043082,2026-10-08,2026-10-08 11:16:14.142083,KELANTAN,KOTA BHARU,PASAR BORONG RTC KOTA BHARU,Borong,20,Sayur-Sayuran,04,003,KACANG BUNCIS,F.A.Q,Kilogram,9,8.64,
31043083,2026-10-08,2026-10-08 11:16:14.142083,KELANTAN,KOTA BHARU,PASAR BORONG RTC KOTA BHARU,Borong,20,Sayur-Sayuran,04,003,KACANG BUNCIS,F.A.Q,Kilogram,8,8.64,
31043084,2026-10-08,2026-10-08 11:16:14.142083,KELANTAN,KOTA BHARU,PASAR BORONG RTC KOTA BHARU,Borong,20,Sayur-Sayuran,04,003,KACANG BUNCIS,F.A.Q,Kilogram,8,8.64,
31043085,2026-10-08,2026-10-08 11:16:14.142083,KELANTAN,KOTA BHARU,PASAR BORONG RTC KOTA BHARU,Borong,20,Sayur-Sayuran,04,007,KACANG PANJANG HIJAU,F.A.Q,Kilogram,5,5.4,
31043086,2026-10-08,2026-10-08 11:16:14.142083,KELANTAN,KOTA BHARU,PASAR BORONG RTC KOTA BHARU,Borong,20,Sayur-Sayuran,04,007,KACANG PANJANG HIJAU,F.A.Q,Kilogram,5,5.4,
31043087,2026-10-08,2026-10-08 11:16:14.142083,KELANTAN,KOTA BHARU,PASAR BORONG RTC KOTA BHARU,Borong,20,Sayur-Sayuran,04,007,KACANG PANJANG HIJAU,F.A.Q,Kilogram,5,5.4,
31043088,2026-10-08,2026-10-08 11:16:14.142083,KELANTAN,KOTA BHARU,PASAR BORONG RTC KOTA BHARU,Borong,20,Sayur-Sayuran,04,007,KACANG PANJANG HIJAU,F.A.Q,Kilogram,6,5.4,
31043089,2026-10-08,2026-10-08 11:16:14.142083,KELANTAN,KOTA BHARU,PASAR BORONG RTC KOTA BHARU,Borong,20,Sayur-Sayuran,04,007,KACANG PANJANG HIJAU,F.A.Q,Kilogram,6,5.4,
31043090,2026-10-08,2026-10-08 11:16:14.142083,KELANTAN,KOTA BHARU,PASAR BORONG RTC KOTA BHARU,Borong,20,Sayur-Sayuran,03,019,KANGKUNG,F.A.Q,Kilogram,5,2.8,
31043091,2026-10-08,2026-10-08 11:16:14.142083,KELANTAN,KOTA BHARU,PASAR BORONG RTC KOTA BHARU,Borong,20,Sayur-Sayuran,03,019,KANGKUNG,F.A.Q,Kilogram,5,2.8,
31043092,2026-10-08,2026-10-08 11:16:14.142083,KELANTAN,KOTA BHARU,PASAR BORONG RTC KOTA BHARU,Borong,20,Sayur-Sayuran,03,019,KANGKUNG,F.A.Q,Kilogram,5,2.8,
31043093,2026-10-08,2026-10-08 11:16:14.142083,KELANTAN,KOTA BHARU,PASAR BORONG RTC KOTA BHARU,Borong,20,Sayur-Sayuran,03,019,KANGKUNG,F.A.Q,Kilogram,6,2.8,
31043094,2026-10-08,2026-10-08 11:16:14.142083,KELANTAN,KOTA BHARU,PASAR BORONG RTC KOTA BHARU,Borong,20,Sayur-Sayuran,03,019,KANGKUNG,F.A.Q,Kilogram,6,2.8,
31043095,2026-10-08,2026-10-08 11:16:14.142083,KELANTAN,KOTA BHARU,PASAR BORONG RTC KOTA BHARU,Borong,20,Sayur-Sayuran,03,019,KANGKUNG (IMPORT),F.A.Q,Kilogram,5,4.2,
31043096,2026-10-08,2026-10-08 11:16:14.142083,KELANTAN,KOTA BHARU,PASAR BORONG RTC KOTA BHARU,Borong,20,Sayur-Sayuran,03,019,KANGKUNG (IMPORT),F.A.Q,Kilogram,5,4.2,
31043097,2026-10-08,2026-10-08 11:16:14.142083,KELANTAN,KOTA BHARU,PASAR BORONG RTC KOTA BHARU,Borong,20,Sayur-Sayuran,03,019,KANGKUNG (IMPORT),F.A.Q,Kilogram,5,4.2,
31043098,2026-10-08,2026-10-08 11:16:14.142083,KELANTAN,KOTA BHARU,PASAR BORONG RTC KOTA BHARU,Borong,20,Sayur-Sayuran,03,019,KANGKUNG (IMPORT),F.A.Q,Kilogram,6,4.2,
31043099,2026-10-08,2026-10-08 11:16:14.142083,KELANTAN,KOTA BHARU,PASAR BORONG RTC KOTA BHARU,Borong,20,Sayur-Sayuran,03,019,KANGKUNG (IMPORT),F.A.Q,Kilogram,6,4.2,
31043100,2026-10-08,2026-10-08 11:16:14.303731,KELANTAN,KOTA BHARU,PASAR BORONG RTC KOTA BHARU,Borong,20,Sayur-Sayuran,03,006,KUBIS BULAT (CHINA),F.A.Q,Kilogram,2,2.2,
31043101,2026-10-08,2026-10-08 11:16:14.303731,KELANTAN,KOTA BHARU,PASAR BORONG RTC KOTA BHARU,Borong,20,Sayur-Sayuran,03,006,KUBIS BULAT (CHINA),F.A.Q,Kilogram,2,2.2,
31043102,2026-10-08,2026-10-08 11:16:14.303731,KELANTAN,KOTA BHARU,PASAR BORONG RTC KOTA BHARU,Borong,20,Sayur-Sayuran,03,006,KUBIS BULAT (CHINA),F.A.Q,Kilogram,2,2.2,
31043103,2026-10-08,2026-10-08 11:16:14.303731,KELANTAN,KOTA BHARU,PASAR BORONG RTC KOTA BHARU,Borong,20,Sayur-Sayuran,03,006,KUBIS BULAT (CHINA),F.A.Q,Kilogram,2.5,2.2,
31043104,2026-10-08,2026-10-08 11:16:14.303731,KELANTAN,KOTA BHARU,PASAR BORONG RTC KOTA BHARU,Borong,20,Sayur-Sayuran,03,006,KUBIS BULAT (CHINA),F.A.Q,Kilogram,2.5,2.2,
31043105,2026-10-08,2026-10-08 11:16:14.303731,KELANTAN,KOTA BHARU,PASAR BORONG RTC KOTA BHARU,Borong,20,Sayur-Sayuran,03,006,KUBIS BULAT (TANAH TINGGI),F.A.Q,Kilogram,3,2.8,
31043106,2026-10-08,2026-10-08 11:16:14.303731,KELANTAN,KOTA BHARU,PASAR BORONG RTC KOTA BHARU,Borong,20,Sayur-Sayuran,03,006,KUBIS BULAT (TANAH TINGGI),F.A.Q,Kilogram,3,2.8,
31043107,2026-10-08,2026-10-08 11:16:14.303731,KELANTAN,KOTA BHARU,PASAR BORONG RTC KOTA BHARU,Borong,20,Sayur-Sayuran,03,006,KUBIS BULAT (TANAH TINGGI),F.A.Q,Kilogram,3,2.8,
31043108,2026-10-08,2026-10-08 11:16:14.303731,KELANTAN,KOTA BHARU,PASAR BORONG RTC KOTA BHARU,Borong,20,Sayur-Sayuran,03,006,KUBIS BULAT (TANAH TINGGI),F.A.Q,Kilogram,2.5,2.8,
31043109,2026-10-08,2026-10-08 11:16:14.303731,KELANTAN,KOTA BHARU,PASAR BORONG RTC KOTA BHARU,Borong,20,Sayur-Sayuran,03,006,KUBIS BULAT (TANAH TINGGI),F.A.Q,Kilogram,2.5,2.8,
31043110,2026-10-08,2026-10-08 11:16:14.303731,KELANTAN,KOTA BHARU,PASAR BORONG RTC KOTA BHARU,Borong,20,Sayur-Sayuran,03,007,SAWI HIJAU,F.A.Q,Kilogram,10,4.3,
31043111,2026-10-08,2026-10-08 11:16:14.303731,KELANTAN,KOTA BHARU,PASAR BORONG RTC KOTA BHARU,Borong,20,Sayur-Sayuran,03,007,SAWI HIJAU,F.A.Q,Kilogram,10,4.3,
31043112,2026-10-08,2026-10-08 11:16:14.303731,KELANTAN,KOTA BHARU,PASAR BORONG RTC KOTA BHARU,Borong,20,Sayur-Sayuran,03,007,SAWI HIJAU,F.A.Q,Kilogram,10,4.3,
31043113,2026-10-08,2026-10-08 11:16:14.303731,KELANTAN,KOTA BHARU,PASAR BORONG RTC KOTA BHARU,Borong,20,Sayur-Sayuran,03,007,SAWI HIJAU,F.A.Q,Kilogram,9,4.3,
31043114,2026-10-08,2026-10-08 11:16:14.303731,KELANTAN,KOTA BHARU,PASAR BORONG RTC KOTA BHARU,Borong,20,Sayur-Sayuran,03,007,SAWI HIJAU,F.A.Q,Kilogram,9,4.3,
31043115,2026-10-08,2026-10-08 11:16:14.303731,KELANTAN,KOTA BHARU,PASAR BORONG RTC KOTA BHARU,Borong,20,Sayur-Sayuran,03,007,SAWI HIJAU (IMPORT),F.A.Q,Kilogram,10,4.3,
31043116,2026-10-08,2026-10-08 11:16:14.303731,KELANTAN,KOTA BHARU,PASAR BORONG RTC KOTA BHARU,Borong,20,Sayur-Sayuran,03,007,SAWI HIJAU (IMPORT),F.A.Q,Kilogram,10,4.3,
31043117,2026-10-08,2026-10-08 11:16:14.303731,KELANTAN,KOTA BHARU,PASAR BORONG RTC KOTA BHARU,Borong,20,Sayur-Sayuran,03,007,SAWI HIJAU (IMPORT),F.A.Q,Kilogram,10,4.3,
31043118,2026-10-08,2026-10-08 11:16:14.303731,KELANTAN,KOTA BHARU,PASAR BORONG RTC KOTA BHARU,Borong,20,Sayur-Sayuran,03,007,SAWI HIJAU (IMPORT),F.A.Q,Kilogram,9,4.3,
31043119,2026-10-08,2026-10-08 11:16:14.303731,KELANTAN,KOTA BHARU,PASAR BORONG RTC KOTA BHARU,Borong,20,Sayur-Sayuran,03,007,SAWI HIJAU (IMPORT),F.A.Q,Kilogram,9,4.3,
31043120,2026-10-08,2026-10-08 11:16:14.303731,KELANTAN,KOTA BHARU,PASAR BORONG RTC KOTA BHARU,Borong,20,Sayur-Sayuran,02,010,TERUNG PANJANG / PEPARU (TANAH RENDAH),F.A.Q,Kilogram,3.5,3.8,
31043121,2026-10-08,2026-10-08 11:16:14.303731,KELANTAN,KOTA BHARU,PASAR BORONG RTC KOTA BHARU,Borong,20,Sayur-Sayuran,02,010,TERUNG PANJANG / PEPARU (TANAH RENDAH),F.A.Q,Kilogram,3.5,3.8,
31043122,2026-10-08,2026-10-08 11:16:14.303731,KELANTAN,KOTA BHARU,PASAR BORONG RTC KOTA BHARU,Borong,20,Sayur-Sayuran,02,010,TERUNG PANJANG / PEPARU (TANAH RENDAH),F.A.Q,Kilogram,3.5,3.8,
31043123,2026-10-08,2026-10-08 11:16:14.303731,KELANTAN,KOTA BHARU,PASAR BORONG RTC KOTA BHARU,Borong,20,Sayur-Sayuran,02,010,TERUNG PANJANG / PEPARU (TANAH RENDAH),F.A.Q,Kilogram,4,3.8,
31043124,2026-10-08,2026-10-08 11:16:14.303731,KELANTAN,KOTA BHARU,PASAR BORONG RTC KOTA BHARU,Borong,20,Sayur-Sayuran,02,010,TERUNG PANJANG / PEPARU (TANAH RENDAH),F.A.Q,Kilogram,4,3.8,
31043125,2026-10-08,2026-10-08 11:16:14.303731,KELANTAN,KOTA BHARU,PASAR BORONG RTC KOTA BHARU,Borong,20,Sayur-Sayuran,02,011,TIMUN HIJAU,F.A.Q,Kilogram,2,1.88,
31043126,2026-10-08,2026-10-08 11:16:14.303731,KELANTAN,KOTA BHARU,PASAR BORONG RTC KOTA BHARU,Borong,20,Sayur-Sayuran,02,011,TIMUN HIJAU,F.A.Q,Kilogram,2,1.88,
31043127,2026-10-08,2026-10-08 11:16:14.303731,KELANTAN,KOTA BHARU,PASAR BORONG RTC KOTA BHARU,Borong,20,Sayur-Sayuran,02,011,TIMUN HIJAU,F.A.Q,Kilogram,2,1.88,
31043128,2026-10-08,2026-10-08 11:16:14.303731,KELANTAN,KOTA BHARU,PASAR BORONG RTC KOTA BHARU,Borong,20,Sayur-Sayuran,02,011,TIMUN HIJAU,F.A.Q,Kilogram,1.7,1.88,
31043129,2026-10-08,2026-10-08 11:16:14.303731,KELANTAN,KOTA BHARU,PASAR BORONG RTC KOTA BHARU,Borong,20,Sayur-Sayuran,02,011,TIMUN HIJAU,F.A.Q,Kilogram,1.7,1.88,
31043130,2026-10-08,2026-10-08 11:16:14.303731,KELANTAN,KOTA BHARU,PASAR BORONG RTC KOTA BHARU,Borong,20,Sayur-Sayuran,02,012,TOMATO (TANAH TINGGI),F.A.Q,Kilogram,3.5,5.4,
31043131,2026-10-08,2026-10-08 11:16:14.303731,KELANTAN,KOTA BHARU,PASAR BORONG RTC KOTA BHARU,Borong,20,Sayur-Sayuran,02,012,TOMATO (TANAH TINGGI),F.A.Q,Kilogram,3.5,5.4,
31043132,2026-10-08,2026-10-08 11:16:14.303731,KELANTAN,KOTA BHARU,PASAR BORONG RTC KOTA BHARU,Borong,20,Sayur-Sayuran,02,012,TOMATO (TANAH TINGGI),F.A.Q,Kilogram,3.5,5.4,
31043133,2026-10-08,2026-10-08 11:16:14.303731,KELANTAN,KOTA BHARU,PASAR BORONG RTC KOTA BHARU,Borong,20,Sayur-Sayuran,02,012,TOMATO (TANAH TINGGI),F.A.Q,Kilogram,4,5.4,
31043134,2026-10-08,2026-10-08 11:16:14.303731,KELANTAN,KOTA BHARU,PASAR BORONG RTC KOTA BHARU,Borong,20,Sayur-Sayuran,02,012,TOMATO (TANAH TINGGI),F.A.Q,Kilogram,4,5.4,
31043135,2026-10-08,2026-10-08 11:16:14.303731,KELANTAN,KOTA BHARU,PASAR BORONG RTC KOTA BHARU,Borong,20,Sayur-Sayuran,05,009,UBI KENTANG (IMPORT),F.A.Q,Kilogram,2,2.2,
31043136,2026-10-08,2026-10-08 11:16:14.303731,KELANTAN,KOTA BHARU,PASAR BORONG RTC KOTA BHARU,Borong,20,Sayur-Sayuran,05,009,UBI KENTANG (IMPORT),F.A.Q,Kilogram,2,2.2,
31043137,2026-10-08,2026-10-08 11:16:14.303731,KELANTAN,KOTA BHARU,PASAR BORONG RTC KOTA BHARU,Borong,20,Sayur-Sayuran,05,009,UBI KENTANG (IMPORT),F.A.Q,Kilogram,2,2.2,
31043138,2026-10-08,2026-10-08 11:16:14.303731,KELANTAN,KOTA BHARU,PASAR BORONG RTC KOTA BHARU,Borong,20,Sayur-Sayuran,05,009,UBI KENTANG (IMPORT),F.A.Q,Kilogram,2.5,2.2,
31043139,2026-10-08,2026-10-08 11:16:14.303731,KELANTAN,KOTA BHARU,PASAR BORONG RTC KOTA BHARU,Borong,20,Sayur-Sayuran,05,009,UBI KENTANG (IMPORT),F.A.Q,Kilogram,2.5,2.2,
31043140,2026-10-08,2026-10-08 11:17:51.149996,W.P. LABUAN,LABUAN,[LOKASI KUTIPAN HARGA PASAR BORONG / PUSAT PEMBORONGAN] KAMPUNG LAYANG-LAYANG,Borong,20,Ternakan,03,002,AYAM PROSES STANDARD,F.A.Q,Kilogram,11,11.15,
31043141,2026-10-08,2026-10-08 11:17:51.149996,W.P. LABUAN,LABUAN,[LOKASI KUTIPAN HARGA PASAR BORONG / PUSAT PEMBORONGAN] KAMPUNG LAYANG-LAYANG,Borong,20,Ternakan,02,003,DAGING LEMBU PEJAL,F.A.Q,Kilogram,38,38,
31043142,2026-10-08,2026-10-08 11:17:51.149996,W.P. LABUAN,LABUAN,[LOKASI KUTIPAN HARGA PASAR BORONG / PUSAT PEMBORONGAN] KAMPUNG LAYANG-LAYANG,Borong,20,Ternakan,11,001,TELUR AYAM,A,Biji,0.5,0.5,
31043143,2026-10-08,2026-10-08 11:17:51.149996,W.P. LABUAN,LABUAN,[LOKASI KUTIPAN HARGA PASAR BORONG / PUSAT PEMBORONGAN] KAMPUNG LAYANG-LAYANG,Borong,20,Ternakan,11,001,TELUR AYAM,B,Biji,0.47,0.47,
31043144,2026-10-08,2026-10-08 11:17:51.149996,W.P. LABUAN,LABUAN,[LOKASI KUTIPAN HARGA PASAR BORONG / PUSAT PEMBORONGAN] KAMPUNG LAYANG-LAYANG,Borong,20,Ternakan,11,001,TELUR AYAM,C,Biji,0.46,0.46,
31043158,2026-10-08,2026-10-08 11:19:04.510057,KELANTAN,MACHANG,PASAR AWAM MACHANG,Runcit,26,Sayur-Sayuran,05,001,BAWANG BESAR KUNING / HOLLAND,F.A.Q,Kilogram,5,5.07,
31043159,2026-10-08,2026-10-08 11:19:04.510057,KELANTAN,MACHANG,PASAR AWAM MACHANG,Runcit,26,Sayur-Sayuran,05,001,BAWANG MERAH / KECIL (IMPORT),F.A.Q,Kilogram,4,6.56,
31043160,2026-10-08,2026-10-08 11:19:04.510057,KELANTAN,MACHANG,PASAR AWAM MACHANG,Runcit,26,Sayur-Sayuran,05,001,BAWANG PUTIH (CHINA),F.A.Q,Kilogram,9,8.52,
31043161,2026-10-08,2026-10-08 11:19:04.510057,KELANTAN,MACHANG,PASAR AWAM MACHANG,Runcit,26,Sayur-Sayuran,03,001,BAYAM,F.A.Q,Kilogram,10,6.02,
31043162,2026-10-08,2026-10-08 11:19:04.510057,KELANTAN,MACHANG,PASAR AWAM MACHANG,Runcit,26,Sayur-Sayuran,02,002,CILI MERAH KULAI / KULAI HIBRID,F.A.Q,Kilogram,14,16.01,
31043163,2026-10-08,2026-10-08 11:19:04.510057,KELANTAN,MACHANG,PASAR AWAM MACHANG,Runcit,26,Sayur-Sayuran,03,009,DAUN BAWANG,F.A.Q,Kilogram,14,12.95,
31043164,2026-10-08,2026-10-08 11:19:04.510057,KELANTAN,MACHANG,PASAR AWAM MACHANG,Runcit,26,Sayur-Sayuran,03,015,DAUN SUP (TANAH TINGGI),F.A.Q,Kilogram,12,13.35,
31043165,2026-10-08,2026-10-08 11:19:04.510057,KELANTAN,MACHANG,PASAR AWAM MACHANG,Runcit,26,Sayur-Sayuran,04,002,KACANG BENDI,F.A.Q,Kilogram,12,9.12,
31043166,2026-10-08,2026-10-08 11:19:04.510057,KELANTAN,MACHANG,PASAR AWAM MACHANG,Runcit,26,Sayur-Sayuran,04,003,KACANG BUNCIS,F.A.Q,Kilogram,14,13.06,
31043167,2026-10-08,2026-10-08 11:19:04.510057,KELANTAN,MACHANG,PASAR AWAM MACHANG,Runcit,26,Sayur-Sayuran,04,007,KACANG PANJANG HIJAU,F.A.Q,Kilogram,8,8.57,
31043168,2026-10-08,2026-10-08 11:19:04.510057,KELANTAN,MACHANG,PASAR AWAM MACHANG,Runcit,26,Sayur-Sayuran,03,019,KANGKUNG,F.A.Q,Kilogram,8,5.03,
31043169,2026-10-08,2026-10-08 11:19:04.510057,KELANTAN,MACHANG,PASAR AWAM MACHANG,Runcit,26,Sayur-Sayuran,03,006,KUBIS BULAT (CHINA),F.A.Q,Kilogram,5,3.29,
31043170,2026-10-08,2026-10-08 11:19:04.510057,KELANTAN,MACHANG,PASAR AWAM MACHANG,Runcit,26,Sayur-Sayuran,03,007,SAWI HIJAU,F.A.Q,Kilogram,14,5.99,
31043171,2026-10-08,2026-10-08 11:19:04.510057,KELANTAN,MACHANG,PASAR AWAM MACHANG,Runcit,26,Sayur-Sayuran,02,010,TERUNG PANJANG / PEPARU (TANAH RENDAH),F.A.Q,Kilogram,8,8.08,
31043172,2026-10-08,2026-10-08 11:19:04.510057,KELANTAN,MACHANG,PASAR AWAM MACHANG,Runcit,26,Sayur-Sayuran,02,011,TIMUN HIJAU,F.A.Q,Kilogram,4,4.27,
31043173,2026-10-08,2026-10-08 11:19:04.510057,KELANTAN,MACHANG,PASAR AWAM MACHANG,Runcit,26,Sayur-Sayuran,02,012,TOMATO (TANAH TINGGI),F.A.Q,Kilogram,7,5.71,
31043174,2026-10-08,2026-10-08 11:19:04.510057,KELANTAN,MACHANG,PASAR AWAM MACHANG,Runcit,26,Sayur-Sayuran,05,009,UBI KENTANG HOLLAND,F.A.Q,Kilogram,4,4.09,
31043175,2026-10-08,2026-10-08 11:19:18.542112,PERAK,KINTA,PASAR BESAR IPOH,Runcit,26,Sayur-Sayuran,03,001,BAYAM,F.A.Q,Kilogram,6,5.2105265,
31043176,2026-10-08,2026-10-08 11:19:18.542112,PERAK,KINTA,PASAR BESAR IPOH,Runcit,26,Sayur-Sayuran,02,002,CILI HIJAU,F.A.Q,Kilogram,14,13.416667,
31043177,2026-10-08,2026-10-08 11:19:18.542112,PERAK,KINTA,PASAR BESAR IPOH,Runcit,26,Sayur-Sayuran,02,002,CILI HIJAU,F.A.Q,Kilogram,13,13.416667,
31043178,2026-10-08,2026-10-08 11:19:18.542112,PERAK,KINTA,PASAR BESAR IPOH,Runcit,26,Sayur-Sayuran,02,002,CILI MERAH KULAI / KULAI HIBRID,F.A.Q,Kilogram,20,18.333334,
31043179,2026-10-08,2026-10-08 11:19:18.542112,PERAK,KINTA,PASAR BESAR IPOH,Runcit,26,Sayur-Sayuran,02,002,CILI MERAH KULAI / KULAI HIBRID,F.A.Q,Kilogram,18,18.333334,
31043180,2026-10-08,2026-10-08 11:19:18.542112,PERAK,KINTA,PASAR BESAR IPOH,Runcit,26,Sayur-Sayuran,02,002,CILI MERAH MINYAK,F.A.Q,Kilogram,17,15.904762,
31043181,2026-10-08,2026-10-08 11:19:18.542112,PERAK,KINTA,PASAR BESAR IPOH,Runcit,26,Sayur-Sayuran,02,002,CILI MERAH MINYAK,F.A.Q,Kilogram,16,15.904762,
31043182,2026-10-08,2026-10-08 11:19:18.542112,PERAK,KINTA,PASAR BESAR IPOH,Runcit,26,Sayur-Sayuran,03,009,DAUN BAWANG,F.A.Q,Kilogram,15,9.181818,
31043183,2026-10-08,2026-10-08 11:19:18.542112,PERAK,KINTA,PASAR BESAR IPOH,Runcit,26,Sayur-Sayuran,03,009,DAUN BAWANG,F.A.Q,Kilogram,13,9.181818,
31043184,2026-10-08,2026-10-08 11:19:18.542112,PERAK,KINTA,PASAR BESAR IPOH,Runcit,26,Sayur-Sayuran,03,015,DAUN SUP (TANAH TINGGI),F.A.Q,Kilogram,8,7.2727275,
31043185,2026-10-08,2026-10-08 11:19:18.542112,PERAK,KINTA,PASAR BESAR IPOH,Runcit,26,Sayur-Sayuran,03,015,DAUN SUP (TANAH TINGGI),F.A.Q,Kilogram,8,7.2727275,
31043186,2026-10-08,2026-10-08 11:19:18.542112,PERAK,KINTA,PASAR BESAR IPOH,Runcit,26,Sayur-Sayuran,04,002,KACANG BENDI,F.A.Q,Kilogram,8,7.3809524,
31043187,2026-10-08,2026-10-08 11:19:18.542112,PERAK,KINTA,PASAR BESAR IPOH,Runcit,26,Sayur-Sayuran,04,002,KACANG BENDI,F.A.Q,Kilogram,7,7.3809524,
31043188,2026-10-08,2026-10-08 11:19:18.542112,PERAK,KINTA,PASAR BESAR IPOH,Runcit,26,Sayur-Sayuran,04,003,KACANG BUNCIS,F.A.Q,Kilogram,15,11.916667,
31043189,2026-10-08,2026-10-08 11:19:18.542112,PERAK,KINTA,PASAR BESAR IPOH,Runcit,26,Sayur-Sayuran,04,003,KACANG BUNCIS,F.A.Q,Kilogram,14,11.916667,
31043190,2026-10-08,2026-10-08 11:19:18.542112,PERAK,KINTA,PASAR BESAR IPOH,Runcit,26,Sayur-Sayuran,04,007,KACANG PANJANG HIJAU,F.A.Q,Kilogram,9,7.8095236,
31043191,2026-10-08,2026-10-08 11:19:18.542112,PERAK,KINTA,PASAR BESAR IPOH,Runcit,26,Sayur-Sayuran,04,007,KACANG PANJANG HIJAU,F.A.Q,Kilogram,8,7.8095236,
31043192,2026-10-08,2026-10-08 11:19:18.542112,PERAK,KINTA,PASAR BESAR IPOH,Runcit,26,Sayur-Sayuran,03,019,KANGKUNG,F.A.Q,Kilogram,5.5,5.142857,
31043193,2026-10-08,2026-10-08 11:19:18.542112,PERAK,KINTA,PASAR BESAR IPOH,Runcit,26,Sayur-Sayuran,03,019,KANGKUNG,F.A.Q,Kilogram,5,5.142857,
31043194,2026-10-08,2026-10-08 11:19:18.542112,PERAK,KINTA,PASAR BESAR IPOH,Runcit,26,Sayur-Sayuran,03,006,KUBIS BULAT (CHINA),F.A.Q,Kilogram,3.8,3.6363637,
31043195,2026-10-08,2026-10-08 11:19:18.542112,PERAK,KINTA,PASAR BESAR IPOH,Runcit,26,Sayur-Sayuran,03,006,KUBIS BULAT (CHINA),F.A.Q,Kilogram,3.5,3.6363637,
31043196,2026-10-08,2026-10-08 11:19:18.542112,PERAK,KINTA,PASAR BESAR IPOH,Runcit,26,Sayur-Sayuran,03,006,KUBIS BULAT (TANAH TINGGI),F.A.Q,Kilogram,4.5,3.7318182,
31043197,2026-10-08,2026-10-08 11:19:18.542112,PERAK,KINTA,PASAR BESAR IPOH,Runcit,26,Sayur-Sayuran,03,006,KUBIS BULAT (TANAH TINGGI),F.A.Q,Kilogram,4,3.7318182,
31043198,2026-10-08,2026-10-08 11:19:18.542112,PERAK,KINTA,PASAR BESAR IPOH,Runcit,26,Sayur-Sayuran,03,007,SAWI HIJAU TANAH TINGGI,F.A.Q,Kilogram,8,6.25,
31043199,2026-10-08,2026-10-08 11:19:18.542112,PERAK,KINTA,PASAR BESAR IPOH,Runcit,26,Sayur-Sayuran,03,007,SAWI HIJAU TANAH TINGGI,F.A.Q,Kilogram,7,6.25,
31043200,2026-10-08,2026-10-08 11:19:18.542112,PERAK,KINTA,PASAR BESAR IPOH,Runcit,26,Sayur-Sayuran,02,010,TERUNG PANJANG / PEPARU (TANAH RENDAH),F.A.Q,Kilogram,8,7.882609,
31043201,2026-10-08,2026-10-08 11:19:18.542112,PERAK,KINTA,PASAR BESAR IPOH,Runcit,26,Sayur-Sayuran,02,010,TERUNG PANJANG / PEPARU (TANAH RENDAH),F.A.Q,Kilogram,7,7.882609,
31043202,2026-10-08,2026-10-08 11:19:18.542112,PERAK,KINTA,PASAR BESAR IPOH,Runcit,26,Sayur-Sayuran,02,011,TIMUN HIJAU,F.A.Q,Kilogram,5,3.85,
31043203,2026-10-08,2026-10-08 11:19:18.542112,PERAK,KINTA,PASAR BESAR IPOH,Runcit,26,Sayur-Sayuran,02,011,TIMUN HIJAU,F.A.Q,Kilogram,4,3.85,
31043204,2026-10-08,2026-10-08 11:19:18.542112,PERAK,KINTA,PASAR BESAR IPOH,Runcit,26,Sayur-Sayuran,02,012,TOMATO (TANAH TINGGI),F.A.Q,Kilogram,7,7.4583335,
31043205,2026-10-08,2026-10-08 11:19:18.542112,PERAK,KINTA,PASAR BESAR IPOH,Runcit,26,Sayur-Sayuran,02,012,TOMATO (TANAH TINGGI),F.A.Q,Kilogram,6,7.4583335,
31043206,2026-10-08,2026-10-08 11:21:30.535893,NEGERI SEMBILAN,SEREMBAN,[LOKASI KUTIPAN HARGA LADANG] GADONG,Ladang,,Sayur-Sayuran,03,001,BAYAM,F.A.Q,Kilogram,2.6,2.2103448,
31043207,2026-10-08,2026-10-08 11:21:30.535893,NEGERI SEMBILAN,SEREMBAN,[LOKASI KUTIPAN HARGA LADANG] GADONG,Ladang,,Sayur-Sayuran,03,001,BAYAM,F.A.Q,Kilogram,2.1,2.2103448,
31043208,2026-10-08,2026-10-08 11:21:30.535893,NEGERI SEMBILAN,SEREMBAN,[LOKASI KUTIPAN HARGA LADANG] GADONG,Ladang,,Sayur-Sayuran,03,001,BAYAM,F.A.Q,Kilogram,2.3,2.2103448,
31043209,2026-10-08,2026-10-08 11:21:30.535893,NEGERI SEMBILAN,SEREMBAN,[LOKASI KUTIPAN HARGA LADANG] GADONG,Ladang,,Sayur-Sayuran,02,002,CILI MERAH KULAI / KULAI HIBRID,F.A.Q,Kilogram,9,8.526316,
31043210,2026-10-08,2026-10-08 11:21:30.535893,NEGERI SEMBILAN,SEREMBAN,[LOKASI KUTIPAN HARGA LADANG] GADONG,Ladang,,Sayur-Sayuran,02,002,CILI MERAH KULAI / KULAI HIBRID,F.A.Q,Kilogram,10,8.526316,
31043211,2026-10-08,2026-10-08 11:21:30.535893,NEGERI SEMBILAN,SEREMBAN,[LOKASI KUTIPAN HARGA LADANG] GADONG,Ladang,,Sayur-Sayuran,04,002,KACANG BENDI,F.A.Q,Kilogram,3.5,3.4285715,
31043212,2026-10-08,2026-10-08 11:21:30.535893,NEGERI SEMBILAN,SEREMBAN,[LOKASI KUTIPAN HARGA LADANG] GADONG,Ladang,,Sayur-Sayuran,04,002,KACANG BENDI,F.A.Q,Kilogram,3.1,3.4285715,
31043213,2026-10-08,2026-10-08 11:21:30.535893,NEGERI SEMBILAN,SEREMBAN,[LOKASI KUTIPAN HARGA LADANG] GADONG,Ladang,,Sayur-Sayuran,04,002,KACANG BENDI,F.A.Q,Kilogram,3.8,3.4285715,
31043214,2026-10-08,2026-10-08 11:21:30.535893,NEGERI SEMBILAN,SEREMBAN,[LOKASI KUTIPAN HARGA LADANG] GADONG,Ladang,,Sayur-Sayuran,04,002,KACANG BENDI,F.A.Q,Kilogram,3.4,3.4285715,
31043215,2026-10-08,2026-10-08 11:21:30.535893,NEGERI SEMBILAN,SEREMBAN,[LOKASI KUTIPAN HARGA LADANG] GADONG,Ladang,,Sayur-Sayuran,04,007,KACANG PANJANG HIJAU,F.A.Q,Kilogram,5,3.6233332,
31043216,2026-10-08,2026-10-08 11:21:30.535893,NEGERI SEMBILAN,SEREMBAN,[LOKASI KUTIPAN HARGA LADANG] GADONG,Ladang,,Sayur-Sayuran,04,007,KACANG PANJANG HIJAU,F.A.Q,Kilogram,4.5,3.6233332,
31043217,2026-10-08,2026-10-08 11:21:30.535893,NEGERI SEMBILAN,SEREMBAN,[LOKASI KUTIPAN HARGA LADANG] GADONG,Ladang,,Sayur-Sayuran,04,007,KACANG PANJANG HIJAU,F.A.Q,Kilogram,3.8,3.6233332,
31043218,2026-10-08,2026-10-08 11:21:30.535893,NEGERI SEMBILAN,SEREMBAN,[LOKASI KUTIPAN HARGA LADANG] GADONG,Ladang,,Sayur-Sayuran,03,019,KANGKUNG,F.A.Q,Kilogram,1.6,1.6625,
31043219,2026-10-08,2026-10-08 11:21:30.535893,NEGERI SEMBILAN,SEREMBAN,[LOKASI KUTIPAN HARGA LADANG] GADONG,Ladang,,Sayur-Sayuran,03,019,KANGKUNG,F.A.Q,Kilogram,1.9,1.6625,
31043220,2026-10-08,2026-10-08 11:21:30.535893,NEGERI SEMBILAN,SEREMBAN,[LOKASI KUTIPAN HARGA LADANG] GADONG,Ladang,,Sayur-Sayuran,03,019,KANGKUNG,F.A.Q,Kilogram,2,1.6625,
31043221,2026-10-08,2026-10-08 11:21:30.535893,NEGERI SEMBILAN,SEREMBAN,[LOKASI KUTIPAN HARGA LADANG] GADONG,Ladang,,Sayur-Sayuran,03,007,SAWI HIJAU,F.A.Q,Kilogram,3.3,2.8033333,
31043222,2026-10-08,2026-10-08 11:21:30.535893,NEGERI SEMBILAN,SEREMBAN,[LOKASI KUTIPAN HARGA LADANG] GADONG,Ladang,,Sayur-Sayuran,03,007,SAWI HIJAU,F.A.Q,Kilogram,3.1,2.8033333,
31043223,2026-10-08,2026-10-08 11:21:30.535893,NEGERI SEMBILAN,SEREMBAN,[LOKASI KUTIPAN HARGA LADANG] GADONG,Ladang,,Sayur-Sayuran,03,007,SAWI HIJAU,F.A.Q,Kilogram,3.7,2.8033333,
31043224,2026-10-08,2026-10-08 11:21:30.535893,NEGERI SEMBILAN,SEREMBAN,[LOKASI KUTIPAN HARGA LADANG] GADONG,Ladang,,Sayur-Sayuran,02,011,TIMUN HIJAU,F.A.Q,Kilogram,2,1.3358974,
31043225,2026-10-08,2026-10-08 11:21:30.535893,NEGERI SEMBILAN,SEREMBAN,[LOKASI KUTIPAN HARGA LADANG] GADONG,Ladang,,Sayur-Sayuran,02,011,TIMUN HIJAU,F.A.Q,Kilogram,1.6,1.3358974,
31043226,2026-10-08,2026-10-08 11:21:30.535893,NEGERI SEMBILAN,SEREMBAN,[LOKASI KUTIPAN HARGA LADANG] GADONG,Ladang,,Sayur-Sayuran,02,011,TIMUN HIJAU,F.A.Q,Kilogram,1.9,1.3358974,
31043227,2026-10-08,2026-10-08 11:21:30.535893,NEGERI SEMBILAN,SEREMBAN,[LOKASI KUTIPAN HARGA LADANG] GADONG,Ladang,,Sayur-Sayuran,02,011,TIMUN HIJAU,F.A.Q,Kilogram,1.6,1.3358974,
31043228,2026-10-08,2026-10-08 11:21:30.535893,NEGERI SEMBILAN,SEREMBAN,[LOKASI KUTIPAN HARGA LADANG] GADONG,Ladang,,Sayur-Sayuran,02,011,TIMUN HIJAU,F.A.Q,Kilogram,1.8,1.3358974,
31043229,2026-10-08,2026-10-08 11:21:35.754412,PERAK,KINTA,PASAR BESAR IPOH,Runcit,26,Hasil Laut & Perikanan,02,009,IKAN BAUNG,F.A.Q,Kilogram,13.5,13.916667,
31043230,2026-10-08,2026-10-08 11:21:35.754412,PERAK,KINTA,PASAR BESAR IPOH,Runcit,26,Hasil Laut & Perikanan,02,009,IKAN BAUNG,F.A.Q,Kilogram,14,13.916667,
31043231,2026-10-08,2026-10-08 11:21:35.754412,PERAK,KINTA,PASAR BESAR IPOH,Runcit,26,Hasil Laut & Perikanan,02,009,IKAN BAUNG,F.A.Q,Kilogram,14,13.916667,
31043232,2026-10-08,2026-10-08 11:21:35.754412,PERAK,KINTA,PASAR BESAR IPOH,Runcit,26,Hasil Laut & Perikanan,11,017,IKAN CENCARU,SEDANG,Kilogram,9,9,
31043233,2026-10-08,2026-10-08 11:21:35.754412,PERAK,KINTA,PASAR BESAR IPOH,Runcit,26,Hasil Laut & Perikanan,11,017,IKAN CENCARU,SEDANG,Kilogram,9,9,
31043234,2026-10-08,2026-10-08 11:21:35.754412,PERAK,KINTA,PASAR BESAR IPOH,Runcit,26,Hasil Laut & Perikanan,02,010,IKAN HARUAN,F.A.Q,Kilogram,12.5,12.833333,
31043235,2026-10-08,2026-10-08 11:21:35.754412,PERAK,KINTA,PASAR BESAR IPOH,Runcit,26,Hasil Laut & Perikanan,02,010,IKAN HARUAN,F.A.Q,Kilogram,13,12.833333,
31043236,2026-10-08,2026-10-08 11:21:35.754412,PERAK,KINTA,PASAR BESAR IPOH,Runcit,26,Hasil Laut & Perikanan,02,010,IKAN HARUAN,F.A.Q,Kilogram,13,12.833333,
31043237,2026-10-08,2026-10-08 11:21:35.754412,PERAK,KINTA,PASAR BESAR IPOH,Runcit,26,Hasil Laut & Perikanan,02,011,IKAN JELAWAT,F.A.Q,Kilogram,15,15,
31043238,2026-10-08,2026-10-08 11:21:35.754412,PERAK,KINTA,PASAR BESAR IPOH,Runcit,26,Hasil Laut & Perikanan,02,011,IKAN JELAWAT,F.A.Q,Kilogram,15,15,
31043239,2026-10-08,2026-10-08 11:21:35.754412,PERAK,KINTA,PASAR BESAR IPOH,Runcit,26,Hasil Laut & Perikanan,02,011,IKAN JELAWAT,F.A.Q,Kilogram,15,15,
31043240,2026-10-08,2026-10-08 11:21:35.754412,PERAK,KINTA,PASAR BESAR IPOH,Runcit,26,Hasil Laut & Perikanan,02,012,IKAN KELI BUNGA,F.A.Q,Kilogram,9,8.966666,
31043241,2026-10-08,2026-10-08 11:21:35.754412,PERAK,KINTA,PASAR BESAR IPOH,Runcit,26,Hasil Laut & Perikanan,02,012,IKAN KELI BUNGA,F.A.Q,Kilogram,9,8.966666,
31043242,2026-10-08,2026-10-08 11:21:35.754412,PERAK,KINTA,PASAR BESAR IPOH,Runcit,26,Hasil Laut & Perikanan,02,012,IKAN KELI BUNGA,F.A.Q,Kilogram,8.8,8.966666,
31043243,2026-10-08,2026-10-08 11:21:35.754412,PERAK,KINTA,PASAR BESAR IPOH,Runcit,26,Hasil Laut & Perikanan,11,008,IKAN KEMBUNG,SEDANG,Kilogram,7,7,
31043244,2026-10-08,2026-10-08 11:21:35.754412,PERAK,KINTA,PASAR BESAR IPOH,Runcit,26,Hasil Laut & Perikanan,11,008,IKAN KEMBUNG,SEDANG,Kilogram,7,7,
31043245,2026-10-08,2026-10-08 11:21:35.754412,PERAK,KINTA,PASAR BESAR IPOH,Runcit,26,Hasil Laut & Perikanan,02,005,IKAN PATIN (KOLAM),F.A.Q,Kilogram,9.5,9.5,
31043246,2026-10-08,2026-10-08 11:21:35.754412,PERAK,KINTA,PASAR BESAR IPOH,Runcit,26,Hasil Laut & Perikanan,02,005,IKAN PATIN (KOLAM),F.A.Q,Kilogram,9.5,9.5,
31043247,2026-10-08,2026-10-08 11:21:35.754412,PERAK,KINTA,PASAR BESAR IPOH,Runcit,26,Hasil Laut & Perikanan,02,005,IKAN PATIN (KOLAM),F.A.Q,Kilogram,9.5,9.5,
31043248,2026-10-08,2026-10-08 11:21:35.754412,PERAK,KINTA,PASAR BESAR IPOH,Runcit,26,Hasil Laut & Perikanan,02,005,IKAN PATIN (SANGKAR),F.A.Q,Kilogram,12,12,
31043249,2026-10-08,2026-10-08 11:21:35.754412,PERAK,KINTA,PASAR BESAR IPOH,Runcit,26,Hasil Laut & Perikanan,02,005,IKAN PATIN (SANGKAR),F.A.Q,Kilogram,12,12,
31043250,2026-10-08,2026-10-08 11:21:35.754412,PERAK,KINTA,PASAR BESAR IPOH,Runcit,26,Hasil Laut & Perikanan,02,005,IKAN PATIN (SANGKAR),F.A.Q,Kilogram,12,12,
31043251,2026-10-08,2026-10-08 11:21:35.754412,PERAK,KINTA,PASAR BESAR IPOH,Runcit,26,Hasil Laut & Perikanan,11,012,IKAN SARDIN,SEDANG,Kilogram,6,6,
31043252,2026-10-08,2026-10-08 11:21:35.754412,PERAK,KINTA,PASAR BESAR IPOH,Runcit,26,Hasil Laut & Perikanan,11,012,IKAN SARDIN,SEDANG,Kilogram,6,6,
31043253,2026-10-08,2026-10-08 11:21:35.754412,PERAK,KINTA,PASAR BESAR IPOH,Runcit,26,Hasil Laut & Perikanan,02,002,IKAN TILAPIA HITAM,F.A.Q,Kilogram,7,7,
31043254,2026-10-08,2026-10-08 11:21:35.754412,PERAK,KINTA,PASAR BESAR IPOH,Runcit,26,Hasil Laut & Perikanan,02,002,IKAN TILAPIA HITAM,F.A.Q,Kilogram,7,7,
31043255,2026-10-08,2026-10-08 11:21:35.754412,PERAK,KINTA,PASAR BESAR IPOH,Runcit,26,Hasil Laut & Perikanan,02,002,IKAN TILAPIA HITAM,F.A.Q,Kilogram,7,7,
31043256,2026-10-08,2026-10-08 11:21:35.754412,PERAK,KINTA,PASAR BESAR IPOH,Runcit,26,Hasil Laut & Perikanan,02,002,IKAN TILAPIA MERAH,F.A.Q,Kilogram,13,13,
31043257,2026-10-08,2026-10-08 11:21:35.754412,PERAK,KINTA,PASAR BESAR IPOH,Runcit,26,Hasil Laut & Perikanan,02,002,IKAN TILAPIA MERAH,F.A.Q,Kilogram,13,13,
31043258,2026-10-08,2026-10-08 11:21:35.754412,PERAK,KINTA,PASAR BESAR IPOH,Runcit,26,Hasil Laut & Perikanan,02,002,IKAN TILAPIA MERAH,F.A.Q,Kilogram,13,13,
31043259,2026-10-08,2026-10-08 11:21:35.754412,PERAK,KINTA,PASAR BESAR IPOH,Runcit,26,Hasil Laut & Perikanan,02,006,UDANG GALAH,F.A.Q,Kilogram,44,44,
31043260,2026-10-08,2026-10-08 11:21:37.70504,PAHANG,CAMERON HIGHLANDS,LADANG/KEBUN BLUE VALLEY,Ladang,,Sayur-Sayuran,02,002,CILI MERAH MINYAK,F.A.Q,Kilogram,12.5,13,
31043261,2026-10-08,2026-10-08 11:21:37.70504,PAHANG,CAMERON HIGHLANDS,LADANG/KEBUN BLUE VALLEY,Ladang,,Sayur-Sayuran,03,009,DAUN BAWANG,F.A.Q,Kilogram,7.5,2.2,
31043262,2026-10-08,2026-10-08 11:21:37.70504,PAHANG,CAMERON HIGHLANDS,LADANG/KEBUN BLUE VALLEY,Ladang,,Sayur-Sayuran,03,015,DAUN SUP (TANAH TINGGI),F.A.Q,Kilogram,2.5,1.15,
31043263,2026-10-08,2026-10-08 11:21:37.70504,PAHANG,CAMERON HIGHLANDS,LADANG/KEBUN BLUE VALLEY,Ladang,,Sayur-Sayuran,04,003,KACANG BUNCIS,F.A.Q,Kilogram,10,8.025,
31043264,2026-10-08,2026-10-08 11:21:37.70504,PAHANG,CAMERON HIGHLANDS,LADANG/KEBUN BLUE VALLEY,Ladang,,Sayur-Sayuran,03,006,KUBIS BULAT (TANAH TINGGI),F.A.Q,Kilogram,0.9,0.76,
31043265,2026-10-08,2026-10-08 11:21:37.70504,PAHANG,CAMERON HIGHLANDS,LADANG/KEBUN BLUE VALLEY,Ladang,,Sayur-Sayuran,03,001,POH CHOY,F.A.Q,Kilogram,5.8,5.5666666,
31043266,2026-10-08,2026-10-08 11:21:37.70504,PAHANG,CAMERON HIGHLANDS,LADANG/KEBUN BLUE VALLEY,Ladang,,Sayur-Sayuran,03,007,SAWI HIJAU TANAH TINGGI,F.A.Q,Kilogram,4,2.5,
31043267,2026-10-08,2026-10-08 11:21:37.70504,PAHANG,CAMERON HIGHLANDS,LADANG/KEBUN BLUE VALLEY,Ladang,,Sayur-Sayuran,02,010,TERUNG PEPARU PANJANG TANAH TINGGI,F.A.Q,Kilogram,4.5,4.5,
31043268,2026-10-08,2026-10-08 11:21:37.70504,PAHANG,CAMERON HIGHLANDS,LADANG/KEBUN BLUE VALLEY,Ladang,,Sayur-Sayuran,02,012,TOMATO (TANAH TINGGI),F.A.Q,Kilogram,2.3,3.7,
31043269,2026-10-08,2026-10-08 11:21:47.972874,PERAK,KINTA,LADANG/KEBUN KANTHAN,Ladang,,Sayur-Sayuran,03,001,BAYAM,F.A.Q,Kilogram,1.8,1.4217391,
31043270,2026-10-08,2026-10-08 11:21:47.972874,PERAK,KINTA,LADANG/KEBUN KANTHAN,Ladang,,Sayur-Sayuran,03,001,BAYAM,F.A.Q,Kilogram,1.5,1.4217391,
31043271,2026-10-08,2026-10-08 11:21:47.972874,PERAK,KINTA,LADANG/KEBUN KANTHAN,Ladang,,Sayur-Sayuran,02,002,CILI HIJAU,F.A.Q,Kilogram,7,6.4166665,
31043272,2026-10-08,2026-10-08 11:21:47.972874,PERAK,KINTA,LADANG/KEBUN KANTHAN,Ladang,,Sayur-Sayuran,02,002,CILI HIJAU,F.A.Q,Kilogram,6,6.4166665,
31043273,2026-10-08,2026-10-08 11:21:47.972874,PERAK,KINTA,LADANG/KEBUN KANTHAN,Ladang,,Sayur-Sayuran,02,002,CILI MERAH KULAI / KULAI HIBRID,F.A.Q,Kilogram,9,8.659091,
31043274,2026-10-08,2026-10-08 11:21:47.972874,PERAK,KINTA,LADANG/KEBUN KANTHAN,Ladang,,Sayur-Sayuran,04,002,KACANG BENDI,F.A.Q,Kilogram,2.6,2.459091,
31043275,2026-10-08,2026-10-08 11:21:47.972874,PERAK,KINTA,LADANG/KEBUN KANTHAN,Ladang,,Sayur-Sayuran,04,002,KACANG BENDI,F.A.Q,Kilogram,2.5,2.459091,
31043276,2026-10-08,2026-10-08 11:21:47.972874,PERAK,KINTA,LADANG/KEBUN KANTHAN,Ladang,,Sayur-Sayuran,04,007,KACANG PANJANG HIJAU,F.A.Q,Kilogram,3,2.5869565,
31043277,2026-10-08,2026-10-08 11:21:47.972874,PERAK,KINTA,LADANG/KEBUN KANTHAN,Ladang,,Sayur-Sayuran,04,007,KACANG PANJANG HIJAU,F.A.Q,Kilogram,2.7,2.5869565,
31043278,2026-10-08,2026-10-08 11:21:47.972874,PERAK,KINTA,LADANG/KEBUN KANTHAN,Ladang,,Sayur-Sayuran,03,019,KANGKUNG,F.A.Q,Kilogram,1.5,1.35,
31043279,2026-10-08,2026-10-08 11:21:47.972874,PERAK,KINTA,LADANG/KEBUN KANTHAN,Ladang,,Sayur-Sayuran,02,011,TIMUN HIJAU,F.A.Q,Kilogram,1.6,1.05,
31043280,2026-10-08,2026-10-08 11:21:47.972874,PERAK,KINTA,LADANG/KEBUN KANTHAN,Ladang,,Sayur-Sayuran,02,011,TIMUN HIJAU,F.A.Q,Kilogram,1.2,1.05,
31043281,2026-10-08,2026-10-08 11:21:58.103274,NEGERI SEMBILAN,JEMPOL,[LOKASI KUTIPAN HARGA LADANG] KAMPUNG SERAMPANG INDAH,Ladang,,Buah-Buahan,02,005,BETIK SEKAKI,F.A.Q,Kilogram,2.5,2.5,
31043282,2026-10-08,2026-10-08 11:21:59.490856,KELANTAN,BACHOK,PASAR AWAM JELAWAT,Runcit,26,Sayur-Sayuran,05,001,BAWANG BESAR KUNING / HOLLAND,F.A.Q,Kilogram,5,5,
31043283,2026-10-08,2026-10-08 11:21:59.490856,KELANTAN,BACHOK,PASAR AWAM JELAWAT,Runcit,26,Sayur-Sayuran,05,001,BAWANG BESAR MERAH (INDIA),F.A.Q,Kilogram,5,5,
31043284,2026-10-08,2026-10-08 11:21:59.490856,KELANTAN,BACHOK,PASAR AWAM JELAWAT,Runcit,26,Sayur-Sayuran,05,001,BAWANG MERAH / KECIL (INDIA),F.A.Q,Kilogram,5,5,
31043285,2026-10-08,2026-10-08 11:21:59.490856,KELANTAN,BACHOK,PASAR AWAM JELAWAT,Runcit,26,Sayur-Sayuran,05,001,BAWANG PUTIH (CHINA),F.A.Q,Kilogram,9,9,
31043286,2026-10-08,2026-10-08 11:21:59.490856,KELANTAN,BACHOK,PASAR AWAM JELAWAT,Runcit,26,Sayur-Sayuran,03,001,BAYAM,F.A.Q,Kilogram,8,8,
31043287,2026-10-08,2026-10-08 11:21:59.490856,KELANTAN,BACHOK,PASAR AWAM JELAWAT,Runcit,26,Sayur-Sayuran,02,002,CILI MERAH MINYAK,F.A.Q,Kilogram,16,14.25,
31043288,2026-10-08,2026-10-08 11:21:59.490856,KELANTAN,BACHOK,PASAR AWAM JELAWAT,Runcit,26,Sayur-Sayuran,03,009,DAUN BAWANG,F.A.Q,Kilogram,10,8.285714,
31043289,2026-10-08,2026-10-08 11:21:59.490856,KELANTAN,BACHOK,PASAR AWAM JELAWAT,Runcit,26,Sayur-Sayuran,03,015,DAUN SUP (TANAH TINGGI),F.A.Q,Kilogram,8,11.2,
31043290,2026-10-08,2026-10-08 11:21:59.490856,KELANTAN,BACHOK,PASAR AWAM JELAWAT,Runcit,26,Sayur-Sayuran,04,002,KACANG BENDI,F.A.Q,Kilogram,6,6.75,
31043291,2026-10-08,2026-10-08 11:21:59.490856,KELANTAN,BACHOK,PASAR AWAM JELAWAT,Runcit,26,Sayur-Sayuran,04,003,KACANG BUNCIS,F.A.Q,Kilogram,9,10,
31043292,2026-10-08,2026-10-08 11:21:59.490856,KELANTAN,BACHOK,PASAR AWAM JELAWAT,Runcit,26,Sayur-Sayuran,04,007,KACANG PANJANG HIJAU,F.A.Q,Kilogram,6,6.0833335,
31043293,2026-10-08,2026-10-08 11:21:59.490856,KELANTAN,BACHOK,PASAR AWAM JELAWAT,Runcit,26,Sayur-Sayuran,03,019,KANGKUNG,F.A.Q,Kilogram,8,8,
31043294,2026-10-08,2026-10-08 11:21:59.490856,KELANTAN,BACHOK,PASAR AWAM JELAWAT,Runcit,26,Sayur-Sayuran,03,006,KUBIS BULAT (CHINA),F.A.Q,Kilogram,6,5.857143,
31043295,2026-10-08,2026-10-08 11:21:59.490856,KELANTAN,BACHOK,PASAR AWAM JELAWAT,Runcit,26,Sayur-Sayuran,03,006,KUBIS BULAT (TANAH TINGGI),F.A.Q,Kilogram,4,4.875,
31043296,2026-10-08,2026-10-08 11:21:59.490856,KELANTAN,BACHOK,PASAR AWAM JELAWAT,Runcit,26,Sayur-Sayuran,03,007,SAWI HIJAU (IMPORT),F.A.Q,Kilogram,10,5.714286,
31043297,2026-10-08,2026-10-08 11:21:59.490856,KELANTAN,BACHOK,PASAR AWAM JELAWAT,Runcit,26,Sayur-Sayuran,02,010,TERUNG PANJANG / PEPARU (TANAH RENDAH),F.A.Q,Kilogram,8,7.875,
31043298,2026-10-08,2026-10-08 11:21:59.490856,KELANTAN,BACHOK,PASAR AWAM JELAWAT,Runcit,26,Sayur-Sayuran,02,011,TIMUN HIJAU,F.A.Q,Kilogram,4,4.5,
31043299,2026-10-08,2026-10-08 11:21:59.490856,KELANTAN,BACHOK,PASAR AWAM JELAWAT,Runcit,26,Sayur-Sayuran,02,012,TOMATO (TANAH TINGGI),F.A.Q,Kilogram,7,7.285714,
31043300,2026-10-08,2026-10-08 11:21:59.490856,KELANTAN,BACHOK,PASAR AWAM JELAWAT,Runcit,26,Sayur-Sayuran,02,012,TOMATO IMPORT,F.A.Q,Kilogram,8,7.625,
31043301,2026-10-08,2026-10-08 11:21:59.490856,KELANTAN,BACHOK,PASAR AWAM JELAWAT,Runcit,26,Sayur-Sayuran,05,009,UBI KENTANG (IMPORT),F.A.Q,Kilogram,4,4.125,
31043322,2026-10-08,2026-10-08 11:22:21.346357,KELANTAN,BACHOK,PASAR AWAM JELAWAT,Runcit,26,Buah-Buahan,02,028,PISANG BERANGAN,F.A.Q,Kilogram,6,6,
31043323,2026-10-08,2026-10-08 11:22:21.346357,KELANTAN,BACHOK,PASAR AWAM JELAWAT,Runcit,26,Buah-Buahan,02,034,TEMBIKAI MERAH TANPA BIJI,F.A.Q,Kilogram,3,3,
31043324,2026-10-08,2026-10-08 11:22:49.922861,KELANTAN,BACHOK,PASAR AWAM JELAWAT,Runcit,26,Ternakan,03,002,AYAM PROSES STANDARD,F.A.Q,Kilogram,9.5,9.5,
31043342,2026-10-08,2026-10-08 11:25:13.237167,W.P. KUALA LUMPUR,KUALA LUMPUR,PASAR BORONG KUALA LUMPUR,Borong,20,Sayur-Sayuran,03,001,BAYAM,F.A.Q,Kilogram,3,2.6153846,
31043343,2026-10-08,2026-10-08 11:25:13.237167,W.P. KUALA LUMPUR,KUALA LUMPUR,PASAR BORONG KUALA LUMPUR,Borong,20,Sayur-Sayuran,02,002,CILI HIJAU,F.A.Q,Kilogram,10,9.875,
31043344,2026-10-08,2026-10-08 11:25:13.237167,W.P. KUALA LUMPUR,KUALA LUMPUR,PASAR BORONG KUALA LUMPUR,Borong,20,Sayur-Sayuran,02,002,CILI MERAH KULAI / KULAI HIBRID,F.A.Q,Kilogram,15,15.727273,
31043345,2026-10-08,2026-10-08 11:25:13.237167,W.P. KUALA LUMPUR,KUALA LUMPUR,PASAR BORONG KUALA LUMPUR,Borong,20,Sayur-Sayuran,02,002,CILI MERAH MINYAK,F.A.Q,Kilogram,12,10.615385,
31043346,2026-10-08,2026-10-08 11:25:13.237167,W.P. KUALA LUMPUR,KUALA LUMPUR,PASAR BORONG KUALA LUMPUR,Borong,20,Sayur-Sayuran,03,009,DAUN BAWANG,F.A.Q,Kilogram,7,4.0625,
31043347,2026-10-08,2026-10-08 11:25:13.237167,W.P. KUALA LUMPUR,KUALA LUMPUR,PASAR BORONG KUALA LUMPUR,Borong,20,Sayur-Sayuran,03,015,DAUN SUP (TANAH TINGGI),F.A.Q,Kilogram,3,3.2857144,
31043348,2026-10-08,2026-10-08 11:25:13.237167,W.P. KUALA LUMPUR,KUALA LUMPUR,PASAR BORONG KUALA LUMPUR,Borong,20,Sayur-Sayuran,04,002,KACANG BENDI,F.A.Q,Kilogram,4,4.318182,
31043349,2026-10-08,2026-10-08 11:25:13.237167,W.P. KUALA LUMPUR,KUALA LUMPUR,PASAR BORONG KUALA LUMPUR,Borong,20,Sayur-Sayuran,04,003,KACANG BUNCIS,F.A.Q,Kilogram,10,8.625,
31043350,2026-10-08,2026-10-08 11:25:13.237167,W.P. KUALA LUMPUR,KUALA LUMPUR,PASAR BORONG KUALA LUMPUR,Borong,20,Sayur-Sayuran,04,007,KACANG PANJANG HIJAU,F.A.Q,Kilogram,3,5.681818,
31043351,2026-10-08,2026-10-08 11:25:13.237167,W.P. KUALA LUMPUR,KUALA LUMPUR,PASAR BORONG KUALA LUMPUR,Borong,20,Sayur-Sayuran,03,019,KANGKUNG,F.A.Q,Kilogram,3,2.25,
31043352,2026-10-08,2026-10-08 11:25:13.237167,W.P. KUALA LUMPUR,KUALA LUMPUR,PASAR BORONG KUALA LUMPUR,Borong,20,Sayur-Sayuran,03,006,KUBIS BULAT (TANAH TINGGI),F.A.Q,Kilogram,1.5,1.1,
31043353,2026-10-08,2026-10-08 11:25:13.237167,W.P. KUALA LUMPUR,KUALA LUMPUR,PASAR BORONG KUALA LUMPUR,Borong,20,Sayur-Sayuran,03,007,SAWI HIJAU,F.A.Q,Kilogram,4,3.4615386,
31043354,2026-10-08,2026-10-08 11:25:13.237167,W.P. KUALA LUMPUR,KUALA LUMPUR,PASAR BORONG KUALA LUMPUR,Borong,20,Sayur-Sayuran,02,010,TERUNG PANJANG / PEPARU (TANAH RENDAH),F.A.Q,Kilogram,6,5.8636365,
31043355,2026-10-08,2026-10-08 11:25:13.237167,W.P. KUALA LUMPUR,KUALA LUMPUR,PASAR BORONG KUALA LUMPUR,Borong,20,Sayur-Sayuran,02,011,TIMUN HIJAU,F.A.Q,Kilogram,2.8,2.0363636,
31043356,2026-10-08,2026-10-08 11:25:13.237167,W.P. KUALA LUMPUR,KUALA LUMPUR,PASAR BORONG KUALA LUMPUR,Borong,20,Sayur-Sayuran,02,012,TOMATO (TANAH TINGGI),F.A.Q,Kilogram,3,4.4,
31043357,2026-10-08,2026-10-08 11:25:26.588161,KELANTAN,MACHANG,PASAR AWAM MACHANG,Runcit,26,Ternakan,03,002,AYAM PROSES STANDARD,F.A.Q,Kilogram,9.5,10.09,
31043359,2026-10-08,2026-10-08 11:25:41.994589,PERAK,KINTA,PASAR BESAR IPOH,Runcit,26,Ternakan,03,002,AYAM KAMPUNG (PROSES),F.A.Q,Kilogram,22,22,
31043360,2026-10-08,2026-10-08 11:25:41.994589,PERAK,KINTA,PASAR BESAR IPOH,Runcit,26,Ternakan,01,003,AYAM KAMPUNG HIDUP,F.A.Q,Kilogram,15.5,15.5,
31043361,2026-10-08,2026-10-08 11:25:41.994589,PERAK,KINTA,PASAR BESAR IPOH,Runcit,26,Ternakan,01,003,AYAM TUA / PENELUR HIDUP,F.A.Q,Kilogram,13,13,
31043362,2026-10-08,2026-10-08 11:25:41.994589,PERAK,KINTA,PASAR BESAR IPOH,Runcit,26,Ternakan,03,002,AYAM TUA / PENELUR PROSES,F.A.Q,Kilogram,13,13,
31043363,2026-10-08,2026-10-08 11:25:41.994589,PERAK,KINTA,PASAR BESAR IPOH,Runcit,26,Ternakan,02,002,BURUNG PUYUH (PROSES),F.A.Q,Kilogram,38,38,
31043364,2026-10-08,2026-10-08 11:25:41.994589,PERAK,KINTA,PASAR BESAR IPOH,Runcit,26,Ternakan,02,003,DAGING BATANG PINANG - TENDERLION,F.A.Q,Kilogram,40,40,
31043365,2026-10-08,2026-10-08 11:25:41.994589,PERAK,KINTA,PASAR BESAR IPOH,Runcit,26,Ternakan,02,003,DAGING BATANG PINANG - TENDERLION,F.A.Q,Kilogram,40,40,
31043366,2026-10-08,2026-10-08 11:25:41.994589,PERAK,KINTA,PASAR BESAR IPOH,Runcit,26,Ternakan,04,001,DAGING BIRI-BIRI (IMPORT),F.A.Q,Kilogram,36,36,
31043367,2026-10-08,2026-10-08 11:25:41.994589,PERAK,KINTA,PASAR BESAR IPOH,Runcit,26,Ternakan,07,002,DAGING KAMBING,F.A.Q,Kilogram,42,42,
31043368,2026-10-08,2026-10-08 11:25:41.994589,PERAK,KINTA,PASAR BESAR IPOH,Runcit,26,Ternakan,02,003,DAGING LEMBU CINCANG,F.A.Q,Kilogram,30,30,
31043369,2026-10-08,2026-10-08 11:25:41.994589,PERAK,KINTA,PASAR BESAR IPOH,Runcit,26,Ternakan,02,003,DAGING LEMBU CINCANG,F.A.Q,Kilogram,30,30,
31043370,2026-10-08,2026-10-08 11:25:41.994589,PERAK,KINTA,PASAR BESAR IPOH,Runcit,26,Ternakan,02,003,DAGING PEJAL (INDIA),F.A.Q,Kilogram,26,26,
31043371,2026-10-08,2026-10-08 11:25:41.994589,PERAK,KINTA,PASAR BESAR IPOH,Runcit,26,Ternakan,02,003,DAGING PEJAL (INDIA),F.A.Q,Kilogram,26,26,
31043372,2026-10-08,2026-10-08 11:25:41.994589,PERAK,KINTA,PASAR BESAR IPOH,Runcit,26,Ternakan,05,003,HATI LEMBU,F.A.Q,Kilogram,20,20,
31043373,2026-10-08,2026-10-08 11:25:41.994589,PERAK,KINTA,PASAR BESAR IPOH,Runcit,26,Ternakan,05,003,HATI LEMBU,F.A.Q,Kilogram,20,20,
31043374,2026-10-08,2026-10-08 11:25:41.994589,PERAK,KINTA,PASAR BESAR IPOH,Runcit,26,Ternakan,03,002,KERATAN AYAM - DADA,F.A.Q,Kilogram,16,16,
31043375,2026-10-08,2026-10-08 11:25:41.994589,PERAK,KINTA,PASAR BESAR IPOH,Runcit,26,Ternakan,03,002,KERATAN AYAM - KEPAK,F.A.Q,Kilogram,16,16,
31043376,2026-10-08,2026-10-08 11:25:41.994589,PERAK,KINTA,PASAR BESAR IPOH,Runcit,26,Ternakan,03,002,KERATAN AYAM - PAHA,F.A.Q,Kilogram,16,16,
31043377,2026-10-08,2026-10-08 11:25:41.994589,PERAK,KINTA,PASAR BESAR IPOH,Runcit,26,Ternakan,03,002,KERATAN AYAM - PAHA ATAS / THIGH,F.A.Q,Kilogram,16,16,
31043378,2026-10-08,2026-10-08 11:25:41.994589,PERAK,KINTA,PASAR BESAR IPOH,Runcit,26,Ternakan,03,002,KERATAN AYAM - PAHA PENUH / WHOLE LEG,F.A.Q,Kilogram,18,18,
31043379,2026-10-08,2026-10-08 11:25:41.994589,PERAK,KINTA,PASAR BESAR IPOH,Runcit,26,Ternakan,17,001,LIMPA LEMBU,F.A.Q,Kilogram,20,20,
31043380,2026-10-08,2026-10-08 11:25:41.994589,PERAK,KINTA,PASAR BESAR IPOH,Runcit,26,Ternakan,17,001,LIMPA LEMBU,F.A.Q,Kilogram,20,20,
31043381,2026-10-08,2026-10-08 11:25:41.994589,PERAK,KINTA,PASAR BESAR IPOH,Runcit,26,Ternakan,15,002,PARU LEMBU,F.A.Q,Kilogram,20,20,
31043382,2026-10-08,2026-10-08 11:25:41.994589,PERAK,KINTA,PASAR BESAR IPOH,Runcit,26,Ternakan,15,002,PARU LEMBU,F.A.Q,Kilogram,20,20,
31043383,2026-10-08,2026-10-08 11:25:41.994589,PERAK,KINTA,PASAR BESAR IPOH,Runcit,26,Ternakan,16,001,PERUT BULAT / MUDA / USUS LEMBU,F.A.Q,Kilogram,20,20,
31043384,2026-10-08,2026-10-08 11:25:41.994589,PERAK,KINTA,PASAR BESAR IPOH,Runcit,26,Ternakan,16,001,PERUT BULAT / MUDA / USUS LEMBU,F.A.Q,Kilogram,20,20,
31043385,2026-10-08,2026-10-08 11:25:41.994589,PERAK,KINTA,PASAR BESAR IPOH,Runcit,26,Ternakan,11,002,TELUR ITIK,SEDANG,Biji,1.2,1.2,
31043386,2026-10-08,2026-10-08 11:25:41.994589,PERAK,KINTA,PASAR BESAR IPOH,Runcit,26,Ternakan,11,003,TELUR PUYUH,F.A.Q,Biji,0.23,0.23,
31043388,2026-10-08,2026-10-08 11:25:59.196571,KELANTAN,MACHANG,PASAR AWAM MACHANG,Runcit,26,Ternakan,11,001,TELUR AYAM,A,Biji,0.52,0.47,
31043389,2026-10-08,2026-10-08 11:26:05.913932,PERAK,KINTA,PASAR BESAR IPOH,Runcit,26,Lain-Lain Makanan Proses,15,001,SANTAN BIASA,F.A.Q,Kilogram,11,11,
31043390,2026-10-08,2026-10-08 11:26:05.913932,PERAK,KINTA,PASAR BESAR IPOH,Runcit,26,Lain-Lain Makanan Proses,15,001,SANTAN BIASA,F.A.Q,Kilogram,11,11,
31043391,2026-10-08,2026-10-08 11:26:05.913932,PERAK,KINTA,PASAR BESAR IPOH,Runcit,26,Lain-Lain Makanan Proses,25,002,TELUR ITIK MASIN,F.A.Q,Biji,1.33,1.33,
31043394,2026-10-08,2026-10-08 11:27:02.929683,TERENGGANU,HULU TERENGGANU,PASAR AWAM KUALA BERANG,Runcit,,Buah-Buahan,02,005,BETIK SEKAKI,F.A.Q,Kilogram,7,4.98,
31043395,2026-10-08,2026-10-08 11:27:02.99645,TERENGGANU,HULU TERENGGANU,PASAR AWAM KUALA BERANG,Runcit,,Buah-Buahan,02,028,PISANG BERANGAN,F.A.Q,Kilogram,8,5.62,
31043396,2026-10-08,2026-10-08 11:27:59.926019,SELANGOR,SEPANG,PASAR AWAM DENGKIL,Runcit,26,Ternakan,03,002,AYAM PROSES STANDARD,F.A.Q,Kilogram,10.5,10.09,
31043397,2026-10-08,2026-10-08 11:27:59.926019,SELANGOR,SEPANG,PASAR AWAM DENGKIL,Runcit,26,Sayur-Sayuran,05,001,BAWANG BESAR KUNING / HOLLAND,F.A.Q,Kilogram,5.5,5.07,
31043398,2026-10-08,2026-10-08 11:27:59.926019,SELANGOR,SEPANG,PASAR AWAM DENGKIL,Runcit,26,Sayur-Sayuran,05,001,BAWANG BESAR MERAH (INDIA),F.A.Q,Kilogram,4.5,4.23,
31043399,2026-10-08,2026-10-08 11:27:59.926019,SELANGOR,SEPANG,PASAR AWAM DENGKIL,Runcit,26,Sayur-Sayuran,05,001,BAWANG MERAH / KECIL (INDIA),F.A.Q,Kilogram,6,7.04,
31043400,2026-10-08,2026-10-08 11:27:59.926019,SELANGOR,SEPANG,PASAR AWAM DENGKIL,Runcit,26,Sayur-Sayuran,05,001,BAWANG MERAH ROSE,F.A.Q,Kilogram,12,12.98,
31043401,2026-10-08,2026-10-08 11:27:59.926019,SELANGOR,SEPANG,PASAR AWAM DENGKIL,Runcit,26,Sayur-Sayuran,05,001,BAWANG PUTIH (CHINA),F.A.Q,Kilogram,14,8.52,
31043402,2026-10-08,2026-10-08 11:27:59.926019,SELANGOR,SEPANG,PASAR AWAM DENGKIL,Runcit,26,Sayur-Sayuran,03,001,BAYAM,F.A.Q,Kilogram,5,6.02,
31043403,2026-10-08,2026-10-08 11:27:59.926019,SELANGOR,SEPANG,PASAR AWAM DENGKIL,Runcit,26,Sayur-Sayuran,02,002,CILI HIJAU,F.A.Q,Kilogram,12,13.18,
31043404,2026-10-08,2026-10-08 11:27:59.926019,SELANGOR,SEPANG,PASAR AWAM DENGKIL,Runcit,26,Sayur-Sayuran,02,002,CILI MERAH KULAI / KULAI HIBRID,F.A.Q,Kilogram,15,16.01,
31043405,2026-10-08,2026-10-08 11:27:59.926019,SELANGOR,SEPANG,PASAR AWAM DENGKIL,Runcit,26,Ternakan,02,003,DAGING LEMBU PEJAL,F.A.Q,Kilogram,39,35.01,
31043406,2026-10-08,2026-10-08 11:27:59.926019,SELANGOR,SEPANG,PASAR AWAM DENGKIL,Runcit,26,Sayur-Sayuran,03,009,DAUN BAWANG,F.A.Q,Kilogram,12,12.95,
31043407,2026-10-08,2026-10-08 11:27:59.926019,SELANGOR,SEPANG,PASAR AWAM DENGKIL,Runcit,26,Sayur-Sayuran,03,015,DAUN SUP (TANAH TINGGI),F.A.Q,Kilogram,12,13.35,
31043408,2026-10-08,2026-10-08 11:27:59.926019,SELANGOR,SEPANG,PASAR AWAM DENGKIL,Runcit,26,Sayur-Sayuran,04,002,KACANG BENDI,F.A.Q,Kilogram,8,9.12,
31043409,2026-10-08,2026-10-08 11:27:59.926019,SELANGOR,SEPANG,PASAR AWAM DENGKIL,Runcit,26,Sayur-Sayuran,04,003,KACANG BUNCIS,F.A.Q,Kilogram,14,13.06,
31043410,2026-10-08,2026-10-08 11:27:59.926019,SELANGOR,SEPANG,PASAR AWAM DENGKIL,Runcit,26,Sayur-Sayuran,04,007,KACANG PANJANG HIJAU,F.A.Q,Kilogram,9.5,8.57,
31043411,2026-10-08,2026-10-08 11:27:59.926019,SELANGOR,SEPANG,PASAR AWAM DENGKIL,Runcit,26,Sayur-Sayuran,03,019,KANGKUNG,F.A.Q,Kilogram,5,5.03,
31043412,2026-10-08,2026-10-08 11:27:59.926019,SELANGOR,SEPANG,PASAR AWAM DENGKIL,Runcit,26,Sayur-Sayuran,03,007,SAWI HIJAU,F.A.Q,Kilogram,6,5.99,
31043413,2026-10-08,2026-10-08 11:27:59.926019,SELANGOR,SEPANG,PASAR AWAM DENGKIL,Runcit,26,Sayur-Sayuran,02,010,TERUNG PANJANG / PEPARU (TANAH RENDAH),F.A.Q,Kilogram,10,8.08,
31043414,2026-10-08,2026-10-08 11:27:59.926019,SELANGOR,SEPANG,PASAR AWAM DENGKIL,Runcit,26,Sayur-Sayuran,02,011,TIMUN HIJAU,F.A.Q,Kilogram,4,4.27,
31043415,2026-10-08,2026-10-08 11:27:59.926019,SELANGOR,SEPANG,PASAR AWAM DENGKIL,Runcit,26,Sayur-Sayuran,02,012,TOMATO (TANAH TINGGI),F.A.Q,Kilogram,5,5.71,
31043416,2026-10-08,2026-10-08 11:27:59.926019,SELANGOR,SEPANG,PASAR AWAM DENGKIL,Runcit,26,Sayur-Sayuran,05,009,UBI KENTANG (IMPORT),F.A.Q,Kilogram,4,3.84,
31043417,2026-10-08,2026-10-08 11:28:03.950677,SELANGOR,HULU LANGAT,PASAR AWAM KAJANG,Runcit,26,Lain-Lain Makanan Proses,15,001,SANTAN PEKAT,F.A.Q,Kilogram,14,15.22,
31043418,2026-10-08,2026-10-08 11:28:56.570478,TERENGGANU,HULU TERENGGANU,PASAR AWAM KUALA BERANG,Runcit,,Sayur-Sayuran,05,001,BAWANG BESAR KUNING / HOLLAND,F.A.Q,Kilogram,5,5.07,
31043419,2026-10-08,2026-10-08 11:28:56.630186,TERENGGANU,HULU TERENGGANU,PASAR AWAM KUALA BERANG,Runcit,,Sayur-Sayuran,05,001,BAWANG BESAR MERAH (INDIA),F.A.Q,Kilogram,5,4.44,
31043420,2026-10-08,2026-10-08 11:28:56.710358,TERENGGANU,HULU TERENGGANU,PASAR AWAM KUALA BERANG,Runcit,,Sayur-Sayuran,05,001,BAWANG MERAH / KECIL (INDIA),F.A.Q,Kilogram,5,7.04,
31043421,2026-10-08,2026-10-08 11:28:56.797816,TERENGGANU,HULU TERENGGANU,PASAR AWAM KUALA BERANG,Runcit,,Sayur-Sayuran,03,001,BAYAM,F.A.Q,Kilogram,10,5.81,
31043422,2026-10-08,2026-10-08 11:28:56.870879,TERENGGANU,HULU TERENGGANU,PASAR AWAM KUALA BERANG,Runcit,,Sayur-Sayuran,02,002,CILI MERAH MINYAK,F.A.Q,Kilogram,15,14.1,
31043423,2026-10-08,2026-10-08 11:28:56.950954,TERENGGANU,HULU TERENGGANU,PASAR AWAM KUALA BERANG,Runcit,,Sayur-Sayuran,04,002,KACANG BENDI,F.A.Q,Kilogram,10,10.44,
31043424,2026-10-08,2026-10-08 11:28:57.037915,TERENGGANU,HULU TERENGGANU,PASAR AWAM KUALA BERANG,Runcit,,Sayur-Sayuran,03,019,KANGKUNG,F.A.Q,Kilogram,8,5.03,
31043425,2026-10-08,2026-10-08 11:28:57.109897,TERENGGANU,HULU TERENGGANU,PASAR AWAM KUALA BERANG,Runcit,,Sayur-Sayuran,03,007,SAWI HIJAU (IMPORT),F.A.Q,Kilogram,12,4,
31043426,2026-10-08,2026-10-08 11:28:57.189815,TERENGGANU,HULU TERENGGANU,PASAR AWAM KUALA BERANG,Runcit,,Sayur-Sayuran,02,011,TIMUN HIJAU,F.A.Q,Kilogram,4,4.08,
31043427,2026-10-08,2026-10-08 11:28:57.270124,TERENGGANU,HULU TERENGGANU,PASAR AWAM KUALA BERANG,Runcit,,Sayur-Sayuran,02,012,TOMATO (TANAH TINGGI),F.A.Q,Kilogram,10,8.71,
31043428,2026-10-08,2026-10-08 11:29:12.082058,PAHANG,CAMERON HIGHLANDS,LADANG/KEBUN BLUE VALLEY,Ladang,,Sayur-Sayuran,03,005,KUBIS PANJANG / CINA,F.A.Q,Kilogram,1.8,1.475,
31043429,2026-10-08,2026-10-08 11:29:12.082058,PAHANG,CAMERON HIGHLANDS,LADANG/KEBUN BLUE VALLEY,Ladang,,Sayur-Sayuran,02,003,LADA BENGGALA / CAPSICUM HIJAU,F.A.Q,Kilogram,7.5,5.75,
31043430,2026-10-08,2026-10-08 11:29:12.082058,PAHANG,CAMERON HIGHLANDS,LADANG/KEBUN BLUE VALLEY,Ladang,,Sayur-Sayuran,02,003,LADA BENGGALA / CAPSICUM KUNING,F.A.Q,Kilogram,9.5,7.15,
31043431,2026-10-08,2026-10-08 11:29:12.082058,PAHANG,CAMERON HIGHLANDS,LADANG/KEBUN BLUE VALLEY,Ladang,,Sayur-Sayuran,02,003,LADA BENGGALA / CAPSICUM MERAH,F.A.Q,Kilogram,8.3,3.75,
31043432,2026-10-08,2026-10-08 11:29:12.082058,PAHANG,CAMERON HIGHLANDS,LADANG/KEBUN BLUE VALLEY,Ladang,,Sayur-Sayuran,01,003,LIK,F.A.Q,Kilogram,5.2,5,
31043433,2026-10-08,2026-10-08 11:29:12.082058,PAHANG,CAMERON HIGHLANDS,LADANG/KEBUN BLUE VALLEY,Ladang,,Sayur-Sayuran,05,006,LOBAK PUTIH TANAH TINGGI,F.A.Q,Kilogram,2.7,1.6,
31043434,2026-10-08,2026-10-08 11:29:12.082058,PAHANG,CAMERON HIGHLANDS,LADANG/KEBUN BLUE VALLEY,Ladang,,Sayur-Sayuran,03,027,SALAD BULAT TANAH TINGGI,F.A.Q,Kilogram,6.2,2.8,
31043435,2026-10-08,2026-10-08 11:29:12.082058,PAHANG,CAMERON HIGHLANDS,LADANG/KEBUN BLUE VALLEY,Ladang,,Sayur-Sayuran,03,007,SAWI BUNGA,F.A.Q,Kilogram,5.5,3.375,
31043436,2026-10-08,2026-10-08 11:29:12.082058,PAHANG,CAMERON HIGHLANDS,LADANG/KEBUN BLUE VALLEY,Ladang,,Sayur-Sayuran,03,007,SAWI JEPUN,F.A.Q,Kilogram,4.5,2.95,
31043437,2026-10-08,2026-10-08 11:29:12.082058,PAHANG,CAMERON HIGHLANDS,LADANG/KEBUN BLUE VALLEY,Ladang,,Sayur-Sayuran,03,007,SAWI PAHIT,F.A.Q,Kilogram,6.8,4.35,
31043438,2026-10-08,2026-10-08 11:29:12.082058,PAHANG,CAMERON HIGHLANDS,LADANG/KEBUN BLUE VALLEY,Ladang,,Sayur-Sayuran,03,007,SAWI PUTIH PAK CHOY,F.A.Q,Kilogram,5.5,1.425,
31043439,2026-10-08,2026-10-08 11:29:12.082058,PAHANG,CAMERON HIGHLANDS,LADANG/KEBUN BLUE VALLEY,Ladang,,Sayur-Sayuran,03,033,SELADA AIR/WATER CRESS,F.A.Q,Kilogram,3.9,3.45,
31043440,2026-10-08,2026-10-08 11:29:12.082058,PAHANG,CAMERON HIGHLANDS,LADANG/KEBUN BLUE VALLEY,Ladang,,Sayur-Sayuran,02,011,TIMUN JEPUN,F.A.Q,Kilogram,4.3,5.65,
31043441,2026-10-08,2026-10-08 11:29:12.082058,PAHANG,CAMERON HIGHLANDS,LADANG/KEBUN BLUE VALLEY,Ladang,,Sayur-Sayuran,03,032,TONG HO,F.A.Q,Kilogram,7.2,7.175,
31043442,2026-10-08,2026-10-08 11:29:18.081478,TERENGGANU,HULU TERENGGANU,PASAR AWAM KUALA BERANG,Runcit,,Ternakan,03,002,AYAM PROSES STANDARD,F.A.Q,Kilogram,10,9.99,
31043443,2026-10-08,2026-10-08 11:29:37.900605,KELANTAN,MACHANG,PASAR AWAM MACHANG,Runcit,26,Sayur-Sayuran,05,001,BAWANG BESAR KUNING / HOLLAND,F.A.Q,Kilogram,5,5.07,
31043444,2026-10-08,2026-10-08 11:29:37.900605,KELANTAN,MACHANG,PASAR AWAM MACHANG,Runcit,26,Sayur-Sayuran,05,001,BAWANG MERAH / KECIL (IMPORT),F.A.Q,Kilogram,6,6.56,
31043445,2026-10-08,2026-10-08 11:29:37.900605,KELANTAN,MACHANG,PASAR AWAM MACHANG,Runcit,26,Sayur-Sayuran,05,001,BAWANG PUTIH (CHINA),F.A.Q,Kilogram,9.5,8.52,
31043446,2026-10-08,2026-10-08 11:29:37.900605,KELANTAN,MACHANG,PASAR AWAM MACHANG,Runcit,26,Sayur-Sayuran,03,001,BAYAM,F.A.Q,Kilogram,10,6.02,
31043447,2026-10-08,2026-10-08 11:29:37.900605,KELANTAN,MACHANG,PASAR AWAM MACHANG,Runcit,26,Sayur-Sayuran,02,002,CILI MERAH KULAI / KULAI HIBRID,F.A.Q,Kilogram,14,16.01,
31043448,2026-10-08,2026-10-08 11:29:37.900605,KELANTAN,MACHANG,PASAR AWAM MACHANG,Runcit,26,Sayur-Sayuran,03,009,DAUN BAWANG,F.A.Q,Kilogram,14,12.95,
31043449,2026-10-08,2026-10-08 11:29:37.900605,KELANTAN,MACHANG,PASAR AWAM MACHANG,Runcit,26,Sayur-Sayuran,03,015,DAUN SUP (TANAH TINGGI),F.A.Q,Kilogram,10,13.35,
31043450,2026-10-08,2026-10-08 11:29:37.900605,KELANTAN,MACHANG,PASAR AWAM MACHANG,Runcit,26,Sayur-Sayuran,04,002,KACANG BENDI,F.A.Q,Kilogram,10,9.12,
31043451,2026-10-08,2026-10-08 11:29:37.900605,KELANTAN,MACHANG,PASAR AWAM MACHANG,Runcit,26,Sayur-Sayuran,04,007,KACANG PANJANG HIJAU,F.A.Q,Kilogram,7,8.57,
31043452,2026-10-08,2026-10-08 11:29:37.900605,KELANTAN,MACHANG,PASAR AWAM MACHANG,Runcit,26,Sayur-Sayuran,03,019,KANGKUNG,F.A.Q,Kilogram,7,5.03,
31043453,2026-10-08,2026-10-08 11:29:37.900605,KELANTAN,MACHANG,PASAR AWAM MACHANG,Runcit,26,Sayur-Sayuran,03,006,KUBIS BULAT (CHINA),F.A.Q,Kilogram,5,3.29,
31043454,2026-10-08,2026-10-08 11:29:37.900605,KELANTAN,MACHANG,PASAR AWAM MACHANG,Runcit,26,Sayur-Sayuran,03,007,SAWI HIJAU,F.A.Q,Kilogram,14,5.99,
31043455,2026-10-08,2026-10-08 11:29:37.900605,KELANTAN,MACHANG,PASAR AWAM MACHANG,Runcit,26,Sayur-Sayuran,02,010,TERUNG PANJANG / PEPARU (TANAH RENDAH),F.A.Q,Kilogram,6,8.08,
31043456,2026-10-08,2026-10-08 11:29:37.900605,KELANTAN,MACHANG,PASAR AWAM MACHANG,Runcit,26,Sayur-Sayuran,02,011,TIMUN HIJAU,F.A.Q,Kilogram,6,4.27,
31043457,2026-10-08,2026-10-08 11:29:37.900605,KELANTAN,MACHANG,PASAR AWAM MACHANG,Runcit,26,Sayur-Sayuran,02,012,TOMATO (TANAH TINGGI),F.A.Q,Kilogram,10,5.71,
31043458,2026-10-08,2026-10-08 11:29:37.900605,KELANTAN,MACHANG,PASAR AWAM MACHANG,Runcit,26,Sayur-Sayuran,05,009,UBI KENTANG HOLLAND,F.A.Q,Kilogram,4,4.09,
31043459,2026-10-08,2026-10-08 11:30:20.704093,TERENGGANU,HULU TERENGGANU,PASAR AWAM KUALA BERANG,Runcit,,Ternakan,11,001,TELUR AYAM,A,Biji,0.51,0.47,
31043460,2026-10-08,2026-10-08 11:30:20.787671,TERENGGANU,HULU TERENGGANU,PASAR AWAM KUALA BERANG,Runcit,,Ternakan,11,001,TELUR AYAM,B,Biji,0.49,0.45,
31043461,2026-10-08,2026-10-08 11:30:20.874383,TERENGGANU,HULU TERENGGANU,PASAR AWAM KUALA BERANG,Runcit,,Ternakan,11,001,TELUR AYAM,C,Biji,0.45,0.43,
31043462,2026-10-08,2026-10-08 11:30:27.242005,SELANGOR,HULU LANGAT,PASAR AWAM KAJANG,Runcit,26,Sayur-Sayuran,05,001,BAWANG BESAR KUNING / HOLLAND,F.A.Q,Kilogram,4,5.07,
31043463,2026-10-08,2026-10-08 11:30:27.242005,SELANGOR,HULU LANGAT,PASAR AWAM KAJANG,Runcit,26,Sayur-Sayuran,05,001,BAWANG BESAR MERAH (INDIA),F.A.Q,Kilogram,5,4.23,
31043464,2026-10-08,2026-10-08 11:30:27.242005,SELANGOR,HULU LANGAT,PASAR AWAM KAJANG,Runcit,26,Sayur-Sayuran,05,001,BAWANG MERAH ROSE,F.A.Q,Kilogram,12,12.98,
31043465,2026-10-08,2026-10-08 11:30:27.242005,SELANGOR,HULU LANGAT,PASAR AWAM KAJANG,Runcit,26,Sayur-Sayuran,05,001,BAWANG PUTIH (CHINA),F.A.Q,Kilogram,9,8.52,
31043466,2026-10-08,2026-10-08 11:30:27.242005,SELANGOR,HULU LANGAT,PASAR AWAM KAJANG,Runcit,26,Sayur-Sayuran,03,001,BAYAM,F.A.Q,Kilogram,5,6.02,
31043467,2026-10-08,2026-10-08 11:30:27.242005,SELANGOR,HULU LANGAT,PASAR AWAM KAJANG,Runcit,26,Sayur-Sayuran,02,002,CILI HIJAU,F.A.Q,Kilogram,14,13.18,
31043468,2026-10-08,2026-10-08 11:30:27.242005,SELANGOR,HULU LANGAT,PASAR AWAM KAJANG,Runcit,26,Sayur-Sayuran,02,002,CILI MERAH KULAI / KULAI HIBRID,F.A.Q,Kilogram,18,16.01,
31043469,2026-10-08,2026-10-08 11:30:27.242005,SELANGOR,HULU LANGAT,PASAR AWAM KAJANG,Runcit,26,Sayur-Sayuran,03,015,DAUN SUP (TANAH TINGGI),F.A.Q,Kilogram,12,13.35,
31043470,2026-10-08,2026-10-08 11:30:27.242005,SELANGOR,HULU LANGAT,PASAR AWAM KAJANG,Runcit,26,Sayur-Sayuran,04,002,KACANG BENDI,F.A.Q,Kilogram,8,9.12,
31043471,2026-10-08,2026-10-08 11:30:27.242005,SELANGOR,HULU LANGAT,PASAR AWAM KAJANG,Runcit,26,Sayur-Sayuran,04,003,KACANG BUNCIS,F.A.Q,Kilogram,14,13.06,
31043472,2026-10-08,2026-10-08 11:30:27.242005,SELANGOR,HULU LANGAT,PASAR AWAM KAJANG,Runcit,26,Sayur-Sayuran,04,007,KACANG PANJANG HIJAU,F.A.Q,Kilogram,8,8.57,
31043473,2026-10-08,2026-10-08 11:30:27.242005,SELANGOR,HULU LANGAT,PASAR AWAM KAJANG,Runcit,26,Sayur-Sayuran,03,019,KANGKUNG,F.A.Q,Kilogram,4,5.03,
31043474,2026-10-08,2026-10-08 11:30:27.242005,SELANGOR,HULU LANGAT,PASAR AWAM KAJANG,Runcit,26,Sayur-Sayuran,03,006,KUBIS BULAT (TANAH TINGGI),F.A.Q,Kilogram,4.5,4.94,
31043475,2026-10-08,2026-10-08 11:30:27.242005,SELANGOR,HULU LANGAT,PASAR AWAM KAJANG,Runcit,26,Sayur-Sayuran,03,007,SAWI HIJAU TANAH TINGGI,F.A.Q,Kilogram,7,4,
31043476,2026-10-08,2026-10-08 11:30:27.242005,SELANGOR,HULU LANGAT,PASAR AWAM KAJANG,Runcit,26,Sayur-Sayuran,02,010,TERUNG PANJANG / PEPARU (TANAH RENDAH),F.A.Q,Kilogram,7,8.08,
31043477,2026-10-08,2026-10-08 11:30:27.242005,SELANGOR,HULU LANGAT,PASAR AWAM KAJANG,Runcit,26,Sayur-Sayuran,02,011,TIMUN HIJAU,F.A.Q,Kilogram,4,4.27,
31043478,2026-10-08,2026-10-08 11:30:27.242005,SELANGOR,HULU LANGAT,PASAR AWAM KAJANG,Runcit,26,Sayur-Sayuran,02,012,TOMATO (TANAH TINGGI),F.A.Q,Kilogram,6,5.71,
31043479,2026-10-08,2026-10-08 11:30:27.242005,SELANGOR,HULU LANGAT,PASAR AWAM KAJANG,Runcit,26,Sayur-Sayuran,05,009,UBI KENTANG HOLLAND,F.A.Q,Kilogram,5,4.09,
31043480,2026-10-08,2026-10-08 11:31:22.235679,SELANGOR,HULU LANGAT,PASAR AWAM KAJANG,Runcit,26,Buah-Buahan,02,005,BETIK SEKAKI,F.A.Q,Kilogram,4.5,4.98,
31043481,2026-10-08,2026-10-08 11:31:22.235679,SELANGOR,HULU LANGAT,PASAR AWAM KAJANG,Runcit,26,Buah-Buahan,02,028,PISANG BERANGAN,F.A.Q,Kilogram,5.5,5.88,
31043482,2026-10-08,2026-10-08 11:31:22.235679,SELANGOR,HULU LANGAT,PASAR AWAM KAJANG,Runcit,26,Buah-Buahan,02,034,TEMBIKAI MERAH TANPA BIJI,F.A.Q,Kilogram,4,3.49,
31043483,2026-10-08,2026-10-08 11:32:18.085862,W.P. KUALA LUMPUR,KUALA LUMPUR,PASAR AWAM CHOW KIT,Runcit,26,Sayur-Sayuran,03,001,BAYAM,F.A.Q,Kilogram,6,5.428571,
31043484,2026-10-08,2026-10-08 11:32:18.085862,W.P. KUALA LUMPUR,KUALA LUMPUR,PASAR AWAM CHOW KIT,Runcit,26,Sayur-Sayuran,03,001,BAYAM,F.A.Q,Kilogram,5,5.428571,
31043485,2026-10-08,2026-10-08 11:32:18.085862,W.P. KUALA LUMPUR,KUALA LUMPUR,PASAR AWAM CHOW KIT,Runcit,26,Sayur-Sayuran,03,001,BAYAM,F.A.Q,Kilogram,5,5.428571,
31043486,2026-10-08,2026-10-08 11:32:18.085862,W.P. KUALA LUMPUR,KUALA LUMPUR,PASAR AWAM CHOW KIT,Runcit,26,Sayur-Sayuran,02,002,CILI HIJAU,F.A.Q,Kilogram,12,11.75,
31043487,2026-10-08,2026-10-08 11:32:18.085862,W.P. KUALA LUMPUR,KUALA LUMPUR,PASAR AWAM CHOW KIT,Runcit,26,Sayur-Sayuran,02,002,CILI HIJAU,F.A.Q,Kilogram,11,11.75,
31043488,2026-10-08,2026-10-08 11:32:18.085862,W.P. KUALA LUMPUR,KUALA LUMPUR,PASAR AWAM CHOW KIT,Runcit,26,Sayur-Sayuran,02,002,CILI HIJAU (IMPORT),F.A.Q,Kilogram,10,11,
31043489,2026-10-08,2026-10-08 11:32:18.085862,W.P. KUALA LUMPUR,KUALA LUMPUR,PASAR AWAM CHOW KIT,Runcit,26,Sayur-Sayuran,02,002,CILI MERAH (CHINA),F.A.Q,Kilogram,12,11,
31043490,2026-10-08,2026-10-08 11:32:18.085862,W.P. KUALA LUMPUR,KUALA LUMPUR,PASAR AWAM CHOW KIT,Runcit,26,Sayur-Sayuran,02,002,CILI MERAH (CHINA),F.A.Q,Kilogram,10,11,
31043491,2026-10-08,2026-10-08 11:32:18.085862,W.P. KUALA LUMPUR,KUALA LUMPUR,PASAR AWAM CHOW KIT,Runcit,26,Sayur-Sayuran,02,002,CILI MERAH (THAILAND),F.A.Q,Kilogram,12,11,
31043492,2026-10-08,2026-10-08 11:32:18.085862,W.P. KUALA LUMPUR,KUALA LUMPUR,PASAR AWAM CHOW KIT,Runcit,26,Sayur-Sayuran,02,002,CILI MERAH (THAILAND),F.A.Q,Kilogram,10,11,
31043493,2026-10-08,2026-10-08 11:32:18.085862,W.P. KUALA LUMPUR,KUALA LUMPUR,PASAR AWAM CHOW KIT,Runcit,26,Sayur-Sayuran,02,002,CILI MERAH (VIETNAM),F.A.Q,Kilogram,12,11.333333,
31043494,2026-10-08,2026-10-08 11:32:18.085862,W.P. KUALA LUMPUR,KUALA LUMPUR,PASAR AWAM CHOW KIT,Runcit,26,Sayur-Sayuran,02,002,CILI MERAH (VIETNAM),F.A.Q,Kilogram,10,11.333333,
31043495,2026-10-08,2026-10-08 11:32:18.085862,W.P. KUALA LUMPUR,KUALA LUMPUR,PASAR AWAM CHOW KIT,Runcit,26,Sayur-Sayuran,02,002,CILI MERAH KULAI / KULAI HIBRID,F.A.Q,Kilogram,15,15.857142,
31043496,2026-10-08,2026-10-08 11:32:18.085862,W.P. KUALA LUMPUR,KUALA LUMPUR,PASAR AWAM CHOW KIT,Runcit,26,Sayur-Sayuran,02,002,CILI MERAH KULAI / KULAI HIBRID,F.A.Q,Kilogram,13,15.857142,
31043497,2026-10-08,2026-10-08 11:32:18.085862,W.P. KUALA LUMPUR,KUALA LUMPUR,PASAR AWAM CHOW KIT,Runcit,26,Sayur-Sayuran,02,002,CILI MERAH MINYAK,F.A.Q,Kilogram,12,12.1875,
31043498,2026-10-08,2026-10-08 11:32:18.085862,W.P. KUALA LUMPUR,KUALA LUMPUR,PASAR AWAM CHOW KIT,Runcit,26,Sayur-Sayuran,02,002,CILI MERAH MINYAK,F.A.Q,Kilogram,12,12.1875,
31043499,2026-10-08,2026-10-08 11:32:18.085862,W.P. KUALA LUMPUR,KUALA LUMPUR,PASAR AWAM CHOW KIT,Runcit,26,Sayur-Sayuran,03,009,DAUN BAWANG,F.A.Q,Kilogram,15,9.952381,
31043500,2026-10-08,2026-10-08 11:32:18.085862,W.P. KUALA LUMPUR,KUALA LUMPUR,PASAR AWAM CHOW KIT,Runcit,26,Sayur-Sayuran,03,009,DAUN BAWANG,F.A.Q,Kilogram,15,9.952381,
31043501,2026-10-08,2026-10-08 11:32:18.085862,W.P. KUALA LUMPUR,KUALA LUMPUR,PASAR AWAM CHOW KIT,Runcit,26,Sayur-Sayuran,03,009,DAUN BAWANG,F.A.Q,Kilogram,12,9.952381,
31043502,2026-10-08,2026-10-08 11:32:18.085862,W.P. KUALA LUMPUR,KUALA LUMPUR,PASAR AWAM CHOW KIT,Runcit,26,Sayur-Sayuran,03,015,DAUN SUP (TANAH TINGGI),F.A.Q,Kilogram,8,8.363636,
31043503,2026-10-08,2026-10-08 11:32:18.085862,W.P. KUALA LUMPUR,KUALA LUMPUR,PASAR AWAM CHOW KIT,Runcit,26,Sayur-Sayuran,03,015,DAUN SUP (TANAH TINGGI),F.A.Q,Kilogram,10,8.363636,
31043504,2026-10-08,2026-10-08 11:32:18.085862,W.P. KUALA LUMPUR,KUALA LUMPUR,PASAR AWAM CHOW KIT,Runcit,26,Sayur-Sayuran,03,015,DAUN SUP (TANAH TINGGI),F.A.Q,Kilogram,7,8.363636,
31043505,2026-10-08,2026-10-08 11:32:18.085862,W.P. KUALA LUMPUR,KUALA LUMPUR,PASAR AWAM CHOW KIT,Runcit,26,Sayur-Sayuran,04,002,KACANG BENDI,F.A.Q,Kilogram,9,7.7391305,
31043506,2026-10-08,2026-10-08 11:32:18.085862,W.P. KUALA LUMPUR,KUALA LUMPUR,PASAR AWAM CHOW KIT,Runcit,26,Sayur-Sayuran,04,002,KACANG BENDI,F.A.Q,Kilogram,8,7.7391305,
31043507,2026-10-08,2026-10-08 11:32:18.085862,W.P. KUALA LUMPUR,KUALA LUMPUR,PASAR AWAM CHOW KIT,Runcit,26,Sayur-Sayuran,04,002,KACANG BENDI,F.A.Q,Kilogram,7,7.7391305,
31043508,2026-10-08,2026-10-08 11:32:18.085862,W.P. KUALA LUMPUR,KUALA LUMPUR,PASAR AWAM CHOW KIT,Runcit,26,Sayur-Sayuran,04,003,KACANG BUNCIS,F.A.Q,Kilogram,15,13.526316,
31043509,2026-10-08,2026-10-08 11:32:18.085862,W.P. KUALA LUMPUR,KUALA LUMPUR,PASAR AWAM CHOW KIT,Runcit,26,Sayur-Sayuran,04,003,KACANG BUNCIS,F.A.Q,Kilogram,14,13.526316,
31043510,2026-10-08,2026-10-08 11:32:18.085862,W.P. KUALA LUMPUR,KUALA LUMPUR,PASAR AWAM CHOW KIT,Runcit,26,Sayur-Sayuran,04,003,KACANG BUNCIS,F.A.Q,Kilogram,12,13.526316,
31043511,2026-10-08,2026-10-08 11:32:18.085862,W.P. KUALA LUMPUR,KUALA LUMPUR,PASAR AWAM CHOW KIT,Runcit,26,Sayur-Sayuran,04,007,KACANG PANJANG HIJAU,F.A.Q,Kilogram,8,8.521739,
31043512,2026-10-08,2026-10-08 11:32:18.085862,W.P. KUALA LUMPUR,KUALA LUMPUR,PASAR AWAM CHOW KIT,Runcit,26,Sayur-Sayuran,04,007,KACANG PANJANG HIJAU,F.A.Q,Kilogram,8,8.521739,
31043513,2026-10-08,2026-10-08 11:32:18.085862,W.P. KUALA LUMPUR,KUALA LUMPUR,PASAR AWAM CHOW KIT,Runcit,26,Sayur-Sayuran,04,007,KACANG PANJANG HIJAU,F.A.Q,Kilogram,9,8.521739,
31043514,2026-10-08,2026-10-08 11:32:18.085862,W.P. KUALA LUMPUR,KUALA LUMPUR,PASAR AWAM CHOW KIT,Runcit,26,Sayur-Sayuran,03,019,KANGKUNG,F.A.Q,Kilogram,6,5.428571,
31043515,2026-10-08,2026-10-08 11:32:18.085862,W.P. KUALA LUMPUR,KUALA LUMPUR,PASAR AWAM CHOW KIT,Runcit,26,Sayur-Sayuran,03,019,KANGKUNG,F.A.Q,Kilogram,5,5.428571,
31043516,2026-10-08,2026-10-08 11:32:18.085862,W.P. KUALA LUMPUR,KUALA LUMPUR,PASAR AWAM CHOW KIT,Runcit,26,Sayur-Sayuran,03,019,KANGKUNG,F.A.Q,Kilogram,5,5.428571,
31043517,2026-10-08,2026-10-08 11:32:18.085862,W.P. KUALA LUMPUR,KUALA LUMPUR,PASAR AWAM CHOW KIT,Runcit,26,Sayur-Sayuran,03,006,KUBIS BULAT (CHINA),F.A.Q,Kilogram,3.5,3.5357144,
31043518,2026-10-08,2026-10-08 11:32:18.085862,W.P. KUALA LUMPUR,KUALA LUMPUR,PASAR AWAM CHOW KIT,Runcit,26,Sayur-Sayuran,03,006,KUBIS BULAT (TANAH TINGGI),F.A.Q,Kilogram,4,4.105263,
31043519,2026-10-08,2026-10-08 11:32:18.085862,W.P. KUALA LUMPUR,KUALA LUMPUR,PASAR AWAM CHOW KIT,Runcit,26,Sayur-Sayuran,03,006,KUBIS BULAT (TANAH TINGGI),F.A.Q,Kilogram,4,4.105263,
31043520,2026-10-08,2026-10-08 11:32:18.085862,W.P. KUALA LUMPUR,KUALA LUMPUR,PASAR AWAM CHOW KIT,Runcit,26,Sayur-Sayuran,03,006,KUBIS BULAT (TANAH TINGGI),F.A.Q,Kilogram,4,4.105263,
31043521,2026-10-08,2026-10-08 11:32:18.085862,W.P. KUALA LUMPUR,KUALA LUMPUR,PASAR AWAM CHOW KIT,Runcit,26,Sayur-Sayuran,03,007,SAWI HIJAU,F.A.Q,Kilogram,7,5.388889,
31043522,2026-10-08,2026-10-08 11:32:18.085862,W.P. KUALA LUMPUR,KUALA LUMPUR,PASAR AWAM CHOW KIT,Runcit,26,Sayur-Sayuran,03,007,SAWI HIJAU,F.A.Q,Kilogram,7,5.388889,
31043523,2026-10-08,2026-10-08 11:32:18.085862,W.P. KUALA LUMPUR,KUALA LUMPUR,PASAR AWAM CHOW KIT,Runcit,26,Sayur-Sayuran,03,007,SAWI HIJAU TANAH TINGGI,F.A.Q,Kilogram,7,6.4615383,
31043524,2026-10-08,2026-10-08 11:32:18.26976,W.P. KUALA LUMPUR,KUALA LUMPUR,PASAR AWAM CHOW KIT,Runcit,26,Sayur-Sayuran,02,010,TERUNG PANJANG / PEPARU (TANAH RENDAH),F.A.Q,Kilogram,8,6.904762,
31043525,2026-10-08,2026-10-08 11:32:18.26976,W.P. KUALA LUMPUR,KUALA LUMPUR,PASAR AWAM CHOW KIT,Runcit,26,Sayur-Sayuran,02,010,TERUNG PANJANG / PEPARU (TANAH RENDAH),F.A.Q,Kilogram,6,6.904762,
31043526,2026-10-08,2026-10-08 11:32:18.26976,W.P. KUALA LUMPUR,KUALA LUMPUR,PASAR AWAM CHOW KIT,Runcit,26,Sayur-Sayuran,02,010,TERUNG PANJANG / PEPARU (TANAH RENDAH),F.A.Q,Kilogram,7,6.904762,
31043527,2026-10-08,2026-10-08 11:32:18.26976,W.P. KUALA LUMPUR,KUALA LUMPUR,PASAR AWAM CHOW KIT,Runcit,26,Sayur-Sayuran,02,011,TIMUN HIJAU,F.A.Q,Kilogram,6,4.152174,
31043528,2026-10-08,2026-10-08 11:32:18.26976,W.P. KUALA LUMPUR,KUALA LUMPUR,PASAR AWAM CHOW KIT,Runcit,26,Sayur-Sayuran,02,011,TIMUN HIJAU,F.A.Q,Kilogram,5,4.152174,
31043529,2026-10-08,2026-10-08 11:32:18.26976,W.P. KUALA LUMPUR,KUALA LUMPUR,PASAR AWAM CHOW KIT,Runcit,26,Sayur-Sayuran,02,011,TIMUN HIJAU,F.A.Q,Kilogram,5,4.152174,
31043530,2026-10-08,2026-10-08 11:32:18.26976,W.P. KUALA LUMPUR,KUALA LUMPUR,PASAR AWAM CHOW KIT,Runcit,26,Sayur-Sayuran,02,012,TOMATO (TANAH TINGGI),F.A.Q,Kilogram,5,6.409091,
31043531,2026-10-08,2026-10-08 11:32:18.26976,W.P. KUALA LUMPUR,KUALA LUMPUR,PASAR AWAM CHOW KIT,Runcit,26,Sayur-Sayuran,02,012,TOMATO (TANAH TINGGI),F.A.Q,Kilogram,6,6.409091,
31043532,2026-10-08,2026-10-08 11:32:18.26976,W.P. KUALA LUMPUR,KUALA LUMPUR,PASAR AWAM CHOW KIT,Runcit,26,Sayur-Sayuran,02,012,TOMATO (TANAH TINGGI),F.A.Q,Kilogram,5,6.409091,
31043549,2026-10-08,2026-10-08 11:32:56.631019,SELANGOR,HULU LANGAT,PASAR AWAM KAJANG,Runcit,26,Ternakan,03,002,AYAM PROSES STANDARD,F.A.Q,Kilogram,10.7,10.09,
31043550,2026-10-08,2026-10-08 11:33:51.134013,SELANGOR,HULU LANGAT,PASAR AWAM KAJANG,Runcit,26,Ternakan,11,001,TELUR AYAM,A,Biji,0.47,0.47,
31043551,2026-10-08,2026-10-08 11:33:51.134013,SELANGOR,HULU LANGAT,PASAR AWAM KAJANG,Runcit,26,Ternakan,11,001,TELUR AYAM,B,Biji,0.46,0.45,
31043552,2026-10-08,2026-10-08 11:33:51.134013,SELANGOR,HULU LANGAT,PASAR AWAM KAJANG,Runcit,26,Ternakan,11,001,TELUR AYAM,C,Biji,0.44,0.43,
31043553,2026-10-08,2026-10-08 11:34:06.619965,SELANGOR,HULU LANGAT,[LOKASI KUTIPAN HARGA LADANG] BATU 21,Ladang,,Buah-Buahan,02,028,PISANG BERANGAN,F.A.Q,Kilogram,2.6,2.72,
31043554,2026-10-08,2026-10-08 11:34:35.619651,SELANGOR,HULU LANGAT,[LOKASI KUTIPAN HARGA LADANG] BATU 14,Ladang,27,Sayur-Sayuran,02,011,TIMUN HIJAU,F.A.Q,Kilogram,1,1.86,
31043555,2026-10-08,2026-10-08 11:34:56.493996,SELANGOR,HULU LANGAT,[LOKASI KUTIPAN HARGA LADANG] BATU 18,Ladang,27,Sayur-Sayuran,02,002,CILI MERAH KULAI / KULAI HIBRID,F.A.Q,Kilogram,9,9.51,
31043556,2026-10-08,2026-10-08 11:35:01.590803,NEGERI SEMBILAN,JELEBU,[PASAR AWAM] KUALA KLAWANG,Runcit,26,Sayur-Sayuran,05,001,BAWANG BESAR KUNING / HOLLAND,F.A.Q,Kilogram,6,6,
31043557,2026-10-08,2026-10-08 11:35:01.590803,NEGERI SEMBILAN,JELEBU,[PASAR AWAM] KUALA KLAWANG,Runcit,26,Sayur-Sayuran,05,001,BAWANG BESAR MERAH (INDIA),F.A.Q,Kilogram,6.5,6.5,
31043558,2026-10-08,2026-10-08 11:35:01.590803,NEGERI SEMBILAN,JELEBU,[PASAR AWAM] KUALA KLAWANG,Runcit,26,Sayur-Sayuran,05,001,BAWANG MERAH / KECIL (THAI),F.A.Q,Kilogram,16,16,
31043559,2026-10-08,2026-10-08 11:35:01.590803,NEGERI SEMBILAN,JELEBU,[PASAR AWAM] KUALA KLAWANG,Runcit,26,Sayur-Sayuran,05,001,BAWANG MERAH ROSE,F.A.Q,Kilogram,7,7.5,
31043560,2026-10-08,2026-10-08 11:35:01.590803,NEGERI SEMBILAN,JELEBU,[PASAR AWAM] KUALA KLAWANG,Runcit,26,Sayur-Sayuran,05,001,BAWANG PUTIH (CHINA),F.A.Q,Kilogram,12,12,
31043561,2026-10-08,2026-10-08 11:35:01.590803,NEGERI SEMBILAN,JELEBU,[PASAR AWAM] KUALA KLAWANG,Runcit,26,Sayur-Sayuran,03,001,BAYAM,F.A.Q,Kilogram,8,8,
31043562,2026-10-08,2026-10-08 11:35:01.590803,NEGERI SEMBILAN,JELEBU,[PASAR AWAM] KUALA KLAWANG,Runcit,26,Sayur-Sayuran,02,002,CILI HIJAU,F.A.Q,Kilogram,15,15,
31043563,2026-10-08,2026-10-08 11:35:01.590803,NEGERI SEMBILAN,JELEBU,[PASAR AWAM] KUALA KLAWANG,Runcit,26,Sayur-Sayuran,02,002,CILI HIJAU,F.A.Q,Kilogram,15,15,
31043564,2026-10-08,2026-10-08 11:35:01.590803,NEGERI SEMBILAN,JELEBU,[PASAR AWAM] KUALA KLAWANG,Runcit,26,Sayur-Sayuran,02,002,CILI MERAH MINYAK,F.A.Q,Kilogram,18,17.833334,
31043565,2026-10-08,2026-10-08 11:35:01.590803,NEGERI SEMBILAN,JELEBU,[PASAR AWAM] KUALA KLAWANG,Runcit,26,Sayur-Sayuran,02,002,CILI MERAH MINYAK,F.A.Q,Kilogram,18,17.833334,
31043566,2026-10-08,2026-10-08 11:35:01.590803,NEGERI SEMBILAN,JELEBU,[PASAR AWAM] KUALA KLAWANG,Runcit,26,Sayur-Sayuran,03,009,DAUN BAWANG,F.A.Q,Kilogram,15,10,
31043567,2026-10-08,2026-10-08 11:35:01.590803,NEGERI SEMBILAN,JELEBU,[PASAR AWAM] KUALA KLAWANG,Runcit,26,Sayur-Sayuran,03,009,DAUN BAWANG,F.A.Q,Kilogram,15,10,
31043568,2026-10-08,2026-10-08 11:35:01.590803,NEGERI SEMBILAN,JELEBU,[PASAR AWAM] KUALA KLAWANG,Runcit,26,Sayur-Sayuran,03,015,DAUN SUP (TANAH TINGGI),F.A.Q,Kilogram,15,15,
31043569,2026-10-08,2026-10-08 11:35:01.590803,NEGERI SEMBILAN,JELEBU,[PASAR AWAM] KUALA KLAWANG,Runcit,26,Sayur-Sayuran,03,015,DAUN SUP (TANAH TINGGI),F.A.Q,Kilogram,15,15,
31043570,2026-10-08,2026-10-08 11:35:01.590803,NEGERI SEMBILAN,JELEBU,[PASAR AWAM] KUALA KLAWANG,Runcit,26,Sayur-Sayuran,04,002,KACANG BENDI,F.A.Q,Kilogram,10,10,
31043571,2026-10-08,2026-10-08 11:35:01.590803,NEGERI SEMBILAN,JELEBU,[PASAR AWAM] KUALA KLAWANG,Runcit,26,Sayur-Sayuran,04,002,KACANG BENDI,F.A.Q,Kilogram,10,10,
31043572,2026-10-08,2026-10-08 11:35:01.590803,NEGERI SEMBILAN,JELEBU,[PASAR AWAM] KUALA KLAWANG,Runcit,26,Sayur-Sayuran,04,003,KACANG BUNCIS,F.A.Q,Kilogram,18,17.5,
31043573,2026-10-08,2026-10-08 11:35:01.590803,NEGERI SEMBILAN,JELEBU,[PASAR AWAM] KUALA KLAWANG,Runcit,26,Sayur-Sayuran,04,003,KACANG BUNCIS,F.A.Q,Kilogram,18,17.5,
31043574,2026-10-08,2026-10-08 11:35:01.590803,NEGERI SEMBILAN,JELEBU,[PASAR AWAM] KUALA KLAWANG,Runcit,26,Sayur-Sayuran,04,007,KACANG PANJANG HIJAU,F.A.Q,Kilogram,10,10,
31043575,2026-10-08,2026-10-08 11:35:01.590803,NEGERI SEMBILAN,JELEBU,[PASAR AWAM] KUALA KLAWANG,Runcit,26,Sayur-Sayuran,04,007,KACANG PANJANG HIJAU,F.A.Q,Kilogram,10,10,
31043576,2026-10-08,2026-10-08 11:35:01.590803,NEGERI SEMBILAN,JELEBU,[PASAR AWAM] KUALA KLAWANG,Runcit,26,Sayur-Sayuran,03,019,KANGKUNG,F.A.Q,Kilogram,8,8,
31043577,2026-10-08,2026-10-08 11:35:01.590803,NEGERI SEMBILAN,JELEBU,[PASAR AWAM] KUALA KLAWANG,Runcit,26,Sayur-Sayuran,03,006,KUBIS BULAT (CHINA),F.A.Q,Kilogram,5,5.2,
31043578,2026-10-08,2026-10-08 11:35:01.590803,NEGERI SEMBILAN,JELEBU,[PASAR AWAM] KUALA KLAWANG,Runcit,26,Sayur-Sayuran,03,006,KUBIS BULAT (CHINA),F.A.Q,Kilogram,5,5.2,
31043579,2026-10-08,2026-10-08 11:35:01.590803,NEGERI SEMBILAN,JELEBU,[PASAR AWAM] KUALA KLAWANG,Runcit,26,Sayur-Sayuran,02,011,TIMUN HIJAU,F.A.Q,Kilogram,5,5.5,
31043580,2026-10-08,2026-10-08 11:35:01.590803,NEGERI SEMBILAN,JELEBU,[PASAR AWAM] KUALA KLAWANG,Runcit,26,Sayur-Sayuran,02,011,TIMUN HIJAU,F.A.Q,Kilogram,6,5.5,
31043581,2026-10-08,2026-10-08 11:35:01.590803,NEGERI SEMBILAN,JELEBU,[PASAR AWAM] KUALA KLAWANG,Runcit,26,Sayur-Sayuran,02,012,TOMATO (TANAH TINGGI),F.A.Q,Kilogram,8,8.166667,
31043582,2026-10-08,2026-10-08 11:35:01.590803,NEGERI SEMBILAN,JELEBU,[PASAR AWAM] KUALA KLAWANG,Runcit,26,Sayur-Sayuran,02,012,TOMATO (TANAH TINGGI),F.A.Q,Kilogram,8,8.166667,
31043583,2026-10-08,2026-10-08 11:35:01.590803,NEGERI SEMBILAN,JELEBU,[PASAR AWAM] KUALA KLAWANG,Runcit,26,Sayur-Sayuran,05,009,UBI KENTANG HOLLAND,F.A.Q,Kilogram,4.5,4.5,
31043600,2026-10-08,2026-10-08 11:35:24.32573,SELANGOR,HULU LANGAT,[LOKASI KUTIPAN HARGA LADANG] DUSUN TUA,Ladang,27,Sayur-Sayuran,04,002,KACANG BENDI,F.A.Q,Kilogram,3.6,4.27,
31043601,2026-10-08,2026-10-08 11:35:24.32573,SELANGOR,HULU LANGAT,[LOKASI KUTIPAN HARGA LADANG] DUSUN TUA,Ladang,27,Sayur-Sayuran,02,010,TERUNG PANJANG / PEPARU (TANAH RENDAH),F.A.Q,Kilogram,3,3.99,
31043602,2026-10-08,2026-10-08 11:35:37.540057,NEGERI SEMBILAN,JELEBU,[PASAR AWAM] KUALA KLAWANG,Runcit,26,Buah-Buahan,02,005,BETIK SEKAKI,F.A.Q,Kilogram,3.5,3.5,
31043603,2026-10-08,2026-10-08 11:35:37.540057,NEGERI SEMBILAN,JELEBU,[PASAR AWAM] KUALA KLAWANG,Runcit,26,Buah-Buahan,02,034,TEMBIKAI MERAH TANPA BIJI,F.A.Q,Kilogram,3.5,3.5,
31043604,2026-10-08,2026-10-08 11:36:43.764648,NEGERI SEMBILAN,JELEBU,[PASAR AWAM] KUALA KLAWANG,Runcit,26,Ternakan,03,002,AYAM PROSES STANDARD,F.A.Q,Kilogram,10.8,10.8,
31043605,2026-10-08,2026-10-08 11:36:43.764648,NEGERI SEMBILAN,JELEBU,[PASAR AWAM] KUALA KLAWANG,Runcit,26,Ternakan,11,001,TELUR AYAM,C,Biji,0.47,0.47666666,
31043606,2026-10-08,2026-10-08 11:37:08.082451,KELANTAN,KOTA BHARU,PASAR BORONG RTC KOTA BHARU,Borong,20,Ternakan,11,001,TELUR AYAM,A,Biji,0.49,0.49,
31043607,2026-10-08,2026-10-08 11:37:08.082451,KELANTAN,KOTA BHARU,PASAR BORONG RTC KOTA BHARU,Borong,20,Ternakan,11,001,TELUR AYAM,A,Biji,0.49,0.49,
31043608,2026-10-08,2026-10-08 11:37:08.082451,KELANTAN,KOTA BHARU,PASAR BORONG RTC KOTA BHARU,Borong,20,Ternakan,11,001,TELUR AYAM,A,Biji,0.49,0.49,
31043609,2026-10-08,2026-10-08 11:37:08.082451,KELANTAN,KOTA BHARU,PASAR BORONG RTC KOTA BHARU,Borong,20,Ternakan,11,001,TELUR AYAM,B,Biji,0.48,0.48,
31043610,2026-10-08,2026-10-08 11:37:08.082451,KELANTAN,KOTA BHARU,PASAR BORONG RTC KOTA BHARU,Borong,20,Ternakan,11,001,TELUR AYAM,B,Biji,0.48,0.48,
31043611,2026-10-08,2026-10-08 11:37:08.082451,KELANTAN,KOTA BHARU,PASAR BORONG RTC KOTA BHARU,Borong,20,Ternakan,11,001,TELUR AYAM,B,Biji,0.48,0.48,
31043612,2026-10-08,2026-10-08 11:37:08.082451,KELANTAN,KOTA BHARU,PASAR BORONG RTC KOTA BHARU,Borong,20,Ternakan,11,001,TELUR AYAM,C,Biji,0.47,0.47,
31043613,2026-10-08,2026-10-08 11:37:08.082451,KELANTAN,KOTA BHARU,PASAR BORONG RTC KOTA BHARU,Borong,20,Ternakan,11,001,TELUR AYAM,C,Biji,0.47,0.47,
31043614,2026-10-08,2026-10-08 11:37:08.082451,KELANTAN,KOTA BHARU,PASAR BORONG RTC KOTA BHARU,Borong,20,Ternakan,11,001,TELUR AYAM,C,Biji,0.47,0.47,
31043615,2026-10-08,2026-10-08 11:38:27.527335,SARAWAK,MIRI,PASAR TAMU MUHIBBAH MIRI,Runcit,26,Ternakan,03,002,AYAM PROSES SUPER,F.A.Q,Kilogram,11.9,11.9,
31043616,2026-10-08,2026-10-08 11:38:27.527335,SARAWAK,MIRI,PASAR TAMU MUHIBBAH MIRI,Runcit,26,Ternakan,02,003,DAGING LEMBU PEJAL,F.A.Q,Kilogram,42.5,42.5,
31043617,2026-10-08,2026-10-08 11:38:27.527335,SARAWAK,MIRI,PASAR TAMU MUHIBBAH MIRI,Runcit,26,Ternakan,11,001,TELUR AYAM,A,Biji,0.5,0.5,
31043618,2026-10-08,2026-10-08 11:38:27.527335,SARAWAK,MIRI,PASAR TAMU MUHIBBAH MIRI,Runcit,26,Ternakan,11,001,TELUR AYAM,B,Biji,0.48,0.48,
31043619,2026-10-08,2026-10-08 11:38:27.527335,SARAWAK,MIRI,PASAR TAMU MUHIBBAH MIRI,Runcit,26,Ternakan,11,001,TELUR AYAM,C,Biji,0.46,0.46,
31043620,2026-10-08,2026-10-08 11:38:28.409927,KELANTAN,KOTA BHARU,PASAR BORONG RTC KOTA BHARU,Borong,20,Buah-Buahan,02,005,BETIK SEKAKI,F.A.Q,Kilogram,3.5,3.58,
31043621,2026-10-08,2026-10-08 11:38:28.409927,KELANTAN,KOTA BHARU,PASAR BORONG RTC KOTA BHARU,Borong,20,Buah-Buahan,02,005,BETIK SEKAKI,F.A.Q,Kilogram,3.5,3.58,
31043622,2026-10-08,2026-10-08 11:38:28.409927,KELANTAN,KOTA BHARU,PASAR BORONG RTC KOTA BHARU,Borong,20,Buah-Buahan,02,005,BETIK SEKAKI,F.A.Q,Kilogram,3.5,3.58,
31043623,2026-10-08,2026-10-08 11:38:28.409927,KELANTAN,KOTA BHARU,PASAR BORONG RTC KOTA BHARU,Borong,20,Buah-Buahan,02,005,BETIK SEKAKI,F.A.Q,Kilogram,3.7,3.58,
31043624,2026-10-08,2026-10-08 11:38:28.409927,KELANTAN,KOTA BHARU,PASAR BORONG RTC KOTA BHARU,Borong,20,Buah-Buahan,02,005,BETIK SEKAKI,F.A.Q,Kilogram,3.7,3.58,
31043625,2026-10-08,2026-10-08 11:38:28.409927,KELANTAN,KOTA BHARU,PASAR BORONG RTC KOTA BHARU,Borong,20,Buah-Buahan,02,028,PISANG BERANGAN,F.A.Q,Kilogram,3.5,3.58,
31043626,2026-10-08,2026-10-08 11:38:28.409927,KELANTAN,KOTA BHARU,PASAR BORONG RTC KOTA BHARU,Borong,20,Buah-Buahan,02,028,PISANG BERANGAN,F.A.Q,Kilogram,3.5,3.58,
31043627,2026-10-08,2026-10-08 11:38:28.409927,KELANTAN,KOTA BHARU,PASAR BORONG RTC KOTA BHARU,Borong,20,Buah-Buahan,02,028,PISANG BERANGAN,F.A.Q,Kilogram,3.5,3.58,
31043628,2026-10-08,2026-10-08 11:38:28.409927,KELANTAN,KOTA BHARU,PASAR BORONG RTC KOTA BHARU,Borong,20,Buah-Buahan,02,028,PISANG BERANGAN,F.A.Q,Kilogram,3.7,3.58,
31043629,2026-10-08,2026-10-08 11:38:28.409927,KELANTAN,KOTA BHARU,PASAR BORONG RTC KOTA BHARU,Borong,20,Buah-Buahan,02,028,PISANG BERANGAN,F.A.Q,Kilogram,3.7,3.58,
31043630,2026-10-08,2026-10-08 11:38:28.409927,KELANTAN,KOTA BHARU,PASAR BORONG RTC KOTA BHARU,Borong,20,Buah-Buahan,02,028,PISANG MAS,F.A.Q,Kilogram,2.5,2.42,
31043631,2026-10-08,2026-10-08 11:38:28.409927,KELANTAN,KOTA BHARU,PASAR BORONG RTC KOTA BHARU,Borong,20,Buah-Buahan,02,028,PISANG MAS,F.A.Q,Kilogram,2.5,2.42,
31043632,2026-10-08,2026-10-08 11:38:28.409927,KELANTAN,KOTA BHARU,PASAR BORONG RTC KOTA BHARU,Borong,20,Buah-Buahan,02,028,PISANG MAS,F.A.Q,Kilogram,2.5,2.42,
31043633,2026-10-08,2026-10-08 11:38:28.409927,KELANTAN,KOTA BHARU,PASAR BORONG RTC KOTA BHARU,Borong,20,Buah-Buahan,02,028,PISANG MAS,F.A.Q,Kilogram,2.3,2.42,
31043634,2026-10-08,2026-10-08 11:38:28.409927,KELANTAN,KOTA BHARU,PASAR BORONG RTC KOTA BHARU,Borong,20,Buah-Buahan,02,028,PISANG MAS,F.A.Q,Kilogram,2.3,2.42,
31043635,2026-10-08,2026-10-08 11:38:28.409927,KELANTAN,KOTA BHARU,PASAR BORONG RTC KOTA BHARU,Borong,20,Buah-Buahan,02,034,TEMBIKAI MERAH TANPA BIJI,F.A.Q,Kilogram,1.6,1.68,
31043636,2026-10-08,2026-10-08 11:38:28.409927,KELANTAN,KOTA BHARU,PASAR BORONG RTC KOTA BHARU,Borong,20,Buah-Buahan,02,034,TEMBIKAI MERAH TANPA BIJI,F.A.Q,Kilogram,1.6,1.68,
31043637,2026-10-08,2026-10-08 11:38:28.409927,KELANTAN,KOTA BHARU,PASAR BORONG RTC KOTA BHARU,Borong,20,Buah-Buahan,02,034,TEMBIKAI MERAH TANPA BIJI,F.A.Q,Kilogram,1.6,1.68,
31043638,2026-10-08,2026-10-08 11:38:28.409927,KELANTAN,KOTA BHARU,PASAR BORONG RTC KOTA BHARU,Borong,20,Buah-Buahan,02,034,TEMBIKAI MERAH TANPA BIJI,F.A.Q,Kilogram,1.8,1.68,
31043639,2026-10-08,2026-10-08 11:38:28.409927,KELANTAN,KOTA BHARU,PASAR BORONG RTC KOTA BHARU,Borong,20,Buah-Buahan,02,034,TEMBIKAI MERAH TANPA BIJI,F.A.Q,Kilogram,1.8,1.68,
31043640,2026-10-08,2026-10-08 11:40:37.108091,KELANTAN,BACHOK,[LOKASI KUTIPAN HARGA LADANG] KAMPUNG CHANGGONG,Ladang,,Tanaman Kontan,05,001,KELAPA DIKUPAS,SEDANG,Biji,1.3,1.3,
31043641,2026-10-08,2026-10-08 11:41:08.442462,KELANTAN,KOTA BHARU,PASAR BORONG RTC KOTA BHARU,Borong,20,Tanaman Kontan,05,001,KELAPA DIKUPAS,SEDANG,Biji,1.65,1.63125,
31043642,2026-10-08,2026-10-08 11:41:20.317325,KELANTAN,KOTA BHARU,PASAR BORONG RTC KOTA BHARU,Borong,20,Ternakan,02,003,DAGING LEMBU PEJAL,F.A.Q,Kilogram,25,25,
31043643,2026-10-08,2026-10-08 11:41:20.317325,KELANTAN,KOTA BHARU,PASAR BORONG RTC KOTA BHARU,Borong,20,Ternakan,02,003,DAGING LEMBU PEJAL,F.A.Q,Kilogram,25,25,
31043644,2026-10-08,2026-10-08 11:41:35.809601,KELANTAN,KOTA BHARU,PASAR BESAR SITI KHADIJAH,Runcit,26,Tanaman Kontan,05,001,KELAPA DIKUPAS,SEDANG,Biji,2,2,
31043645,2026-10-08,2026-10-08 11:41:35.809601,KELANTAN,KOTA BHARU,PASAR BESAR SITI KHADIJAH,Runcit,26,Tanaman Kontan,05,001,KELAPA DIKUPAS,SEDANG,Biji,2,2,
31043646,2026-10-08,2026-10-08 11:42:14.953562,KELANTAN,KOTA BHARU,PASAR BORONG RTC KOTA BHARU,Borong,20,Buah-Buahan,02,023,NANAS JOSAPINE (AC5),F.A.Q,Kilogram,3,3,
31043647,2026-10-08,2026-10-08 11:42:14.953562,KELANTAN,KOTA BHARU,PASAR BORONG RTC KOTA BHARU,Borong,20,Buah-Buahan,02,023,NANAS JOSAPINE (AC5),F.A.Q,Kilogram,3,3,
31043648,2026-10-08,2026-10-08 11:42:14.953562,KELANTAN,KOTA BHARU,PASAR BORONG RTC KOTA BHARU,Borong,20,Buah-Buahan,02,023,NANAS JOSAPINE (AC5),F.A.Q,Kilogram,3,3,
31043649,2026-10-08,2026-10-08 11:42:24.112014,KELANTAN,KOTA BHARU,PASAR BORONG RTC KOTA BHARU,Borong,20,Hasil Laut & Perikanan,02,012,IKAN KELI BUNGA,F.A.Q,Kilogram,7,7,
31043650,2026-10-08,2026-10-08 11:42:24.112014,KELANTAN,KOTA BHARU,PASAR BORONG RTC KOTA BHARU,Borong,20,Hasil Laut & Perikanan,02,012,IKAN KELI BUNGA,F.A.Q,Kilogram,7,7,
31043651,2026-10-08,2026-10-08 11:42:24.112014,KELANTAN,KOTA BHARU,PASAR BORONG RTC KOTA BHARU,Borong,20,Hasil Laut & Perikanan,02,005,IKAN PATIN (KOLAM),F.A.Q,Kilogram,7,7,
31043652,2026-10-08,2026-10-08 11:42:24.112014,KELANTAN,KOTA BHARU,PASAR BORONG RTC KOTA BHARU,Borong,20,Hasil Laut & Perikanan,02,005,IKAN PATIN (KOLAM),F.A.Q,Kilogram,7,7,
31043653,2026-10-08,2026-10-08 11:42:24.112014,KELANTAN,KOTA BHARU,PASAR BORONG RTC KOTA BHARU,Borong,20,Hasil Laut & Perikanan,02,002,IKAN TILAPIA HITAM,F.A.Q,Kilogram,11,11,
31043654,2026-10-08,2026-10-08 11:42:24.112014,KELANTAN,KOTA BHARU,PASAR BORONG RTC KOTA BHARU,Borong,20,Hasil Laut & Perikanan,02,002,IKAN TILAPIA HITAM,F.A.Q,Kilogram,11,11,
31043655,2026-10-08,2026-10-08 11:42:24.112014,KELANTAN,KOTA BHARU,PASAR BORONG RTC KOTA BHARU,Borong,20,Hasil Laut & Perikanan,02,002,IKAN TILAPIA MERAH,F.A.Q,Kilogram,13,13,
31043656,2026-10-08,2026-10-08 11:42:24.112014,KELANTAN,KOTA BHARU,PASAR BORONG RTC KOTA BHARU,Borong,20,Hasil Laut & Perikanan,02,002,IKAN TILAPIA MERAH,F.A.Q,Kilogram,13,13,
31043657,2026-10-08,2026-10-08 11:42:24.112014,KELANTAN,KOTA BHARU,PASAR BORONG RTC KOTA BHARU,Borong,20,Hasil Laut & Perikanan,02,006,UDANG GALAH,F.A.Q,Kilogram,32,32,
31043658,2026-10-08,2026-10-08 11:42:24.112014,KELANTAN,KOTA BHARU,PASAR BORONG RTC KOTA BHARU,Borong,20,Hasil Laut & Perikanan,02,006,UDANG GALAH,F.A.Q,Kilogram,32,32,
31043659,2026-10-08,2026-10-08 11:43:00.449323,KELANTAN,KOTA BHARU,PASAR BESAR SITI KHADIJAH,Runcit,26,Buah-Buahan,02,023,NANAS JOSAPINE (AC5),F.A.Q,Kilogram,4,4,
31043660,2026-10-08,2026-10-08 11:43:00.449323,KELANTAN,KOTA BHARU,PASAR BESAR SITI KHADIJAH,Runcit,26,Buah-Buahan,02,023,NANAS JOSAPINE (AC5),F.A.Q,Kilogram,4,4,
31043661,2026-10-08,2026-10-08 11:43:00.449323,KELANTAN,KOTA BHARU,PASAR BESAR SITI KHADIJAH,Runcit,26,Buah-Buahan,02,023,NANAS JOSAPINE (AC5),F.A.Q,Kilogram,4,4,
31043662,2026-10-08,2026-10-08 11:44:28.67712,KELANTAN,KOTA BHARU,PASAR BORONG RTC KOTA BHARU,Borong,20,Lain-Lain Makanan Proses,25,002,TELUR ITIK MASIN,F.A.Q,Biji,1,1,
31043663,2026-10-08,2026-10-08 11:47:05.905,KELANTAN,KOTA BHARU,PASAR BESAR SITI KHADIJAH,Runcit,26,Ternakan,11,001,TELUR AYAM,A,Biji,0.53,0.53,
31043664,2026-10-08,2026-10-08 11:47:05.905,KELANTAN,KOTA BHARU,PASAR BESAR SITI KHADIJAH,Runcit,26,Ternakan,11,001,TELUR AYAM,A,Biji,0.53,0.53,
31043665,2026-10-08,2026-10-08 11:47:05.905,KELANTAN,KOTA BHARU,PASAR BESAR SITI KHADIJAH,Runcit,26,Ternakan,11,001,TELUR AYAM,A,Biji,0.53,0.53,
31043666,2026-10-08,2026-10-08 11:47:05.905,KELANTAN,KOTA BHARU,PASAR BESAR SITI KHADIJAH,Runcit,26,Ternakan,11,001,TELUR AYAM,B,Biji,0.52,0.52,
31043667,2026-10-08,2026-10-08 11:47:05.905,KELANTAN,KOTA BHARU,PASAR BESAR SITI KHADIJAH,Runcit,26,Ternakan,11,001,TELUR AYAM,B,Biji,0.52,0.52,
31043668,2026-10-08,2026-10-08 11:47:05.905,KELANTAN,KOTA BHARU,PASAR BESAR SITI KHADIJAH,Runcit,26,Ternakan,11,001,TELUR AYAM,B,Biji,0.52,0.52,
31043669,2026-10-08,2026-10-08 11:47:05.905,KELANTAN,KOTA BHARU,PASAR BESAR SITI KHADIJAH,Runcit,26,Ternakan,11,001,TELUR AYAM,C,Biji,0.51,0.51,
31043670,2026-10-08,2026-10-08 11:47:05.905,KELANTAN,KOTA BHARU,PASAR BESAR SITI KHADIJAH,Runcit,26,Ternakan,11,001,TELUR AYAM,C,Biji,0.51,0.51,
31043671,2026-10-08,2026-10-08 11:47:05.905,KELANTAN,KOTA BHARU,PASAR BESAR SITI KHADIJAH,Runcit,26,Ternakan,11,001,TELUR AYAM,C,Biji,0.51,0.51,
31043672,2026-10-08,2026-10-08 11:47:13.796814,KELANTAN,BACHOK,PASAR AWAM JELAWAT,Runcit,26,Sayur-Sayuran,05,001,BAWANG BESAR KUNING / HOLLAND,F.A.Q,Kilogram,5,5,
31043673,2026-10-08,2026-10-08 11:47:13.796814,KELANTAN,BACHOK,PASAR AWAM JELAWAT,Runcit,26,Sayur-Sayuran,05,001,BAWANG BESAR MERAH (INDIA),F.A.Q,Kilogram,5,5,
31043674,2026-10-08,2026-10-08 11:47:13.796814,KELANTAN,BACHOK,PASAR AWAM JELAWAT,Runcit,26,Sayur-Sayuran,05,001,BAWANG MERAH / KECIL (INDIA),F.A.Q,Kilogram,5,5,
31043675,2026-10-08,2026-10-08 11:47:13.796814,KELANTAN,BACHOK,PASAR AWAM JELAWAT,Runcit,26,Sayur-Sayuran,05,001,BAWANG PUTIH (CHINA),F.A.Q,Kilogram,9,9,
31043676,2026-10-08,2026-10-08 11:47:13.796814,KELANTAN,BACHOK,PASAR AWAM JELAWAT,Runcit,26,Sayur-Sayuran,03,001,BAYAM,F.A.Q,Kilogram,8,8,
31043677,2026-10-08,2026-10-08 11:47:13.796814,KELANTAN,BACHOK,PASAR AWAM JELAWAT,Runcit,26,Sayur-Sayuran,02,002,CILI MERAH MINYAK,F.A.Q,Kilogram,13,14.25,
31043678,2026-10-08,2026-10-08 11:47:13.796814,KELANTAN,BACHOK,PASAR AWAM JELAWAT,Runcit,26,Sayur-Sayuran,03,009,DAUN BAWANG,F.A.Q,Kilogram,9,8.285714,
31043679,2026-10-08,2026-10-08 11:47:13.796814,KELANTAN,BACHOK,PASAR AWAM JELAWAT,Runcit,26,Sayur-Sayuran,03,015,DAUN SUP (TANAH TINGGI),F.A.Q,Kilogram,10,11.2,
31043680,2026-10-08,2026-10-08 11:47:13.796814,KELANTAN,BACHOK,PASAR AWAM JELAWAT,Runcit,26,Sayur-Sayuran,04,002,KACANG BENDI,F.A.Q,Kilogram,7,6.75,
31043681,2026-10-08,2026-10-08 11:47:13.796814,KELANTAN,BACHOK,PASAR AWAM JELAWAT,Runcit,26,Sayur-Sayuran,04,003,KACANG BUNCIS,F.A.Q,Kilogram,10,10,
31043682,2026-10-08,2026-10-08 11:47:13.796814,KELANTAN,BACHOK,PASAR AWAM JELAWAT,Runcit,26,Sayur-Sayuran,04,007,KACANG PANJANG HIJAU,F.A.Q,Kilogram,6,6.0833335,
31043683,2026-10-08,2026-10-08 11:47:13.796814,KELANTAN,BACHOK,PASAR AWAM JELAWAT,Runcit,26,Sayur-Sayuran,03,019,KANGKUNG,F.A.Q,Kilogram,10,8,
31043684,2026-10-08,2026-10-08 11:47:13.796814,KELANTAN,BACHOK,PASAR AWAM JELAWAT,Runcit,26,Sayur-Sayuran,03,006,KUBIS BULAT (CHINA),F.A.Q,Kilogram,6,5.857143,
31043685,2026-10-08,2026-10-08 11:47:13.796814,KELANTAN,BACHOK,PASAR AWAM JELAWAT,Runcit,26,Sayur-Sayuran,03,006,KUBIS BULAT (TANAH TINGGI),F.A.Q,Kilogram,5,4.875,
31043686,2026-10-08,2026-10-08 11:47:13.796814,KELANTAN,BACHOK,PASAR AWAM JELAWAT,Runcit,26,Sayur-Sayuran,03,007,SAWI HIJAU (IMPORT),F.A.Q,Kilogram,10,5.714286,
31043687,2026-10-08,2026-10-08 11:47:13.796814,KELANTAN,BACHOK,PASAR AWAM JELAWAT,Runcit,26,Sayur-Sayuran,02,010,TERUNG PANJANG / PEPARU (TANAH RENDAH),F.A.Q,Kilogram,8,7.875,
31043688,2026-10-08,2026-10-08 11:47:13.796814,KELANTAN,BACHOK,PASAR AWAM JELAWAT,Runcit,26,Sayur-Sayuran,02,011,TIMUN HIJAU,F.A.Q,Kilogram,4,4.5,
31043689,2026-10-08,2026-10-08 11:47:13.796814,KELANTAN,BACHOK,PASAR AWAM JELAWAT,Runcit,26,Sayur-Sayuran,02,012,TOMATO (TANAH TINGGI),F.A.Q,Kilogram,7,7.285714,
31043690,2026-10-08,2026-10-08 11:47:13.796814,KELANTAN,BACHOK,PASAR AWAM JELAWAT,Runcit,26,Sayur-Sayuran,02,012,TOMATO IMPORT,F.A.Q,Kilogram,8,7.625,
31043691,2026-10-08,2026-10-08 11:47:13.796814,KELANTAN,BACHOK,PASAR AWAM JELAWAT,Runcit,26,Sayur-Sayuran,05,009,UBI KENTANG (IMPORT),F.A.Q,Kilogram,4,4.125,
31043692,2026-10-08,2026-10-08 11:48:18.642567,KELANTAN,KOTA BHARU,PASAR BESAR SITI KHADIJAH,Runcit,26,Sayur-Sayuran,05,001,BAWANG BESAR KUNING / HOLLAND,F.A.Q,Kilogram,4,4,
31043693,2026-10-08,2026-10-08 11:48:18.642567,KELANTAN,KOTA BHARU,PASAR BESAR SITI KHADIJAH,Runcit,26,Sayur-Sayuran,05,001,BAWANG BESAR KUNING / HOLLAND,F.A.Q,Kilogram,4,4,
31043694,2026-10-08,2026-10-08 11:48:18.642567,KELANTAN,KOTA BHARU,PASAR BESAR SITI KHADIJAH,Runcit,26,Sayur-Sayuran,05,001,BAWANG BESAR KUNING / HOLLAND,F.A.Q,Kilogram,4,4,
31043695,2026-10-08,2026-10-08 11:48:18.642567,KELANTAN,KOTA BHARU,PASAR BESAR SITI KHADIJAH,Runcit,26,Sayur-Sayuran,05,001,BAWANG BESAR MERAH (INDIA),F.A.Q,Kilogram,4,4,
31043696,2026-10-08,2026-10-08 11:48:18.642567,KELANTAN,KOTA BHARU,PASAR BESAR SITI KHADIJAH,Runcit,26,Sayur-Sayuran,05,001,BAWANG BESAR MERAH (INDIA),F.A.Q,Kilogram,4,4,
31043697,2026-10-08,2026-10-08 11:48:18.642567,KELANTAN,KOTA BHARU,PASAR BESAR SITI KHADIJAH,Runcit,26,Sayur-Sayuran,05,001,BAWANG BESAR MERAH (INDIA),F.A.Q,Kilogram,4,4,
31043698,2026-10-08,2026-10-08 11:48:18.642567,KELANTAN,KOTA BHARU,PASAR BESAR SITI KHADIJAH,Runcit,26,Sayur-Sayuran,05,001,BAWANG MERAH / KECIL (INDIA),F.A.Q,Kilogram,3,3,
31043699,2026-10-08,2026-10-08 11:48:18.642567,KELANTAN,KOTA BHARU,PASAR BESAR SITI KHADIJAH,Runcit,26,Sayur-Sayuran,05,001,BAWANG MERAH / KECIL (INDIA),F.A.Q,Kilogram,3,3,
31043700,2026-10-08,2026-10-08 11:48:18.642567,KELANTAN,KOTA BHARU,PASAR BESAR SITI KHADIJAH,Runcit,26,Sayur-Sayuran,05,001,BAWANG MERAH / KECIL (INDIA),F.A.Q,Kilogram,3,3,
31043701,2026-10-08,2026-10-08 11:48:18.642567,KELANTAN,KOTA BHARU,PASAR BESAR SITI KHADIJAH,Runcit,26,Sayur-Sayuran,05,001,BAWANG MERAH / KECIL (THAI),F.A.Q,Kilogram,11,11,
31043702,2026-10-08,2026-10-08 11:48:18.642567,KELANTAN,KOTA BHARU,PASAR BESAR SITI KHADIJAH,Runcit,26,Sayur-Sayuran,05,001,BAWANG MERAH / KECIL (THAI),F.A.Q,Kilogram,11,11,
31043703,2026-10-08,2026-10-08 11:48:18.642567,KELANTAN,KOTA BHARU,PASAR BESAR SITI KHADIJAH,Runcit,26,Sayur-Sayuran,05,001,BAWANG MERAH / KECIL (THAI),F.A.Q,Kilogram,11,11,
31043704,2026-10-08,2026-10-08 11:48:18.642567,KELANTAN,KOTA BHARU,PASAR BESAR SITI KHADIJAH,Runcit,26,Sayur-Sayuran,05,001,BAWANG PUTIH (CHINA),F.A.Q,Kilogram,8,8,
31043705,2026-10-08,2026-10-08 11:48:18.642567,KELANTAN,KOTA BHARU,PASAR BESAR SITI KHADIJAH,Runcit,26,Sayur-Sayuran,05,001,BAWANG PUTIH (CHINA),F.A.Q,Kilogram,8,8,
31043706,2026-10-08,2026-10-08 11:48:18.642567,KELANTAN,KOTA BHARU,PASAR BESAR SITI KHADIJAH,Runcit,26,Sayur-Sayuran,05,001,BAWANG PUTIH (CHINA),F.A.Q,Kilogram,8,8,
31043707,2026-10-08,2026-10-08 11:48:54.851083,SARAWAK,MIRI,PASAR TAMU MUHIBBAH MIRI,Runcit,26,Sayur-Sayuran,05,001,BAWANG BESAR KUNING / HOLLAND,F.A.Q,Kilogram,5,5,
31043708,2026-10-08,2026-10-08 11:48:54.851083,SARAWAK,MIRI,PASAR TAMU MUHIBBAH MIRI,Runcit,26,Sayur-Sayuran,05,001,BAWANG BESAR MERAH (INDIA),F.A.Q,Kilogram,4,4,
31043709,2026-10-08,2026-10-08 11:48:54.851083,SARAWAK,MIRI,PASAR TAMU MUHIBBAH MIRI,Runcit,26,Sayur-Sayuran,05,001,BAWANG MERAH / KECIL (INDIA),F.A.Q,Kilogram,8,8,
31043710,2026-10-08,2026-10-08 11:48:54.851083,SARAWAK,MIRI,PASAR TAMU MUHIBBAH MIRI,Runcit,26,Sayur-Sayuran,05,001,BAWANG PUTIH (CHINA),F.A.Q,Kilogram,7,7,
31043711,2026-10-08,2026-10-08 11:48:54.851083,SARAWAK,MIRI,PASAR TAMU MUHIBBAH MIRI,Runcit,26,Sayur-Sayuran,03,001,BAYAM,F.A.Q,Kilogram,7,6.5384617,
31043712,2026-10-08,2026-10-08 11:48:54.851083,SARAWAK,MIRI,PASAR TAMU MUHIBBAH MIRI,Runcit,26,Sayur-Sayuran,02,002,CILI HIJAU,F.A.Q,Kilogram,13,13,
31043713,2026-10-08,2026-10-08 11:48:54.851083,SARAWAK,MIRI,PASAR TAMU MUHIBBAH MIRI,Runcit,26,Sayur-Sayuran,02,002,CILI MERAH KULAI / KULAI HIBRID,F.A.Q,Kilogram,18,18.615385,
31043714,2026-10-08,2026-10-08 11:48:54.851083,SARAWAK,MIRI,PASAR TAMU MUHIBBAH MIRI,Runcit,26,Sayur-Sayuran,02,002,CILI MERAH MINYAK,F.A.Q,Kilogram,16,16.615385,
31043715,2026-10-08,2026-10-08 11:48:54.851083,SARAWAK,MIRI,PASAR TAMU MUHIBBAH MIRI,Runcit,26,Sayur-Sayuran,03,009,DAUN BAWANG,F.A.Q,Kilogram,18,18,
31043716,2026-10-08,2026-10-08 11:48:54.851083,SARAWAK,MIRI,PASAR TAMU MUHIBBAH MIRI,Runcit,26,Sayur-Sayuran,03,015,DAUN SUP (TANAH TINGGI),F.A.Q,Kilogram,13,13,
31043717,2026-10-08,2026-10-08 11:48:54.851083,SARAWAK,MIRI,PASAR TAMU MUHIBBAH MIRI,Runcit,26,Sayur-Sayuran,04,002,KACANG BENDI,F.A.Q,Kilogram,8,7.3076925,
31043718,2026-10-08,2026-10-08 11:48:54.851083,SARAWAK,MIRI,PASAR TAMU MUHIBBAH MIRI,Runcit,26,Sayur-Sayuran,04,003,KACANG BUNCIS,F.A.Q,Kilogram,10,9.714286,
31043719,2026-10-08,2026-10-08 11:48:54.851083,SARAWAK,MIRI,PASAR TAMU MUHIBBAH MIRI,Runcit,26,Sayur-Sayuran,04,007,KACANG PANJANG HIJAU,F.A.Q,Kilogram,8,7.3076925,
31043720,2026-10-08,2026-10-08 11:48:54.851083,SARAWAK,MIRI,PASAR TAMU MUHIBBAH MIRI,Runcit,26,Sayur-Sayuran,03,019,KANGKUNG,F.A.Q,Kilogram,5,5,
31043721,2026-10-08,2026-10-08 11:48:54.851083,SARAWAK,MIRI,PASAR TAMU MUHIBBAH MIRI,Runcit,26,Sayur-Sayuran,03,006,KUBIS BULAT (CHINA),F.A.Q,Kilogram,6,6,
31043722,2026-10-08,2026-10-08 11:48:54.851083,SARAWAK,MIRI,PASAR TAMU MUHIBBAH MIRI,Runcit,26,Sayur-Sayuran,03,006,KUBIS BULAT (TANAH TINGGI),F.A.Q,Kilogram,6,6,
31043723,2026-10-08,2026-10-08 11:48:54.851083,SARAWAK,MIRI,PASAR TAMU MUHIBBAH MIRI,Runcit,26,Sayur-Sayuran,03,007,SAWI HIJAU,F.A.Q,Kilogram,10,10,
31043724,2026-10-08,2026-10-08 11:48:54.851083,SARAWAK,MIRI,PASAR TAMU MUHIBBAH MIRI,Runcit,26,Sayur-Sayuran,02,010,TERUNG PANJANG / PEPARU (TANAH RENDAH),F.A.Q,Kilogram,8,7.230769,
31043725,2026-10-08,2026-10-08 11:48:54.851083,SARAWAK,MIRI,PASAR TAMU MUHIBBAH MIRI,Runcit,26,Sayur-Sayuran,02,011,TIMUN HIJAU,F.A.Q,Kilogram,6,6,
31043726,2026-10-08,2026-10-08 11:48:54.851083,SARAWAK,MIRI,PASAR TAMU MUHIBBAH MIRI,Runcit,26,Sayur-Sayuran,02,012,TOMATO (TANAH TINGGI),F.A.Q,Kilogram,9,9,
31043727,2026-10-08,2026-10-08 11:48:54.851083,SARAWAK,MIRI,PASAR TAMU MUHIBBAH MIRI,Runcit,26,Sayur-Sayuran,05,009,UBI KENTANG HOLLAND,F.A.Q,Kilogram,3.99,3.99,
31043728,2026-10-08,2026-10-08 11:49:28.553242,SARAWAK,MIRI,PASAR TAMU MUHIBBAH MIRI,Runcit,26,Tanaman Kontan,05,001,KELAPA DIKUPAS,SEDANG,Biji,3,3,
31043729,2026-10-08,2026-10-08 11:50:22.369938,SARAWAK,MIRI,PASAR TAMU MUHIBBAH MIRI,Borong,20,Ternakan,03,002,AYAM PROSES STANDARD,F.A.Q,Kilogram,9.9,9.9,
31043730,2026-10-08,2026-10-08 11:50:22.369938,SARAWAK,MIRI,PASAR TAMU MUHIBBAH MIRI,Borong,20,Ternakan,02,003,DAGING LEMBU PEJAL,F.A.Q,Kilogram,40,40,
31043731,2026-10-08,2026-10-08 11:50:22.369938,SARAWAK,MIRI,PASAR TAMU MUHIBBAH MIRI,Borong,20,Ternakan,11,001,TELUR AYAM,A,Biji,0.48,0.48,
31043732,2026-10-08,2026-10-08 11:50:22.369938,SARAWAK,MIRI,PASAR TAMU MUHIBBAH MIRI,Borong,20,Ternakan,11,001,TELUR AYAM,B,Biji,0.46,0.46,
31043733,2026-10-08,2026-10-08 11:50:22.369938,SARAWAK,MIRI,PASAR TAMU MUHIBBAH MIRI,Borong,20,Ternakan,11,001,TELUR AYAM,C,Biji,0.44,0.44,
31043734,2026-10-08,2026-10-08 11:51:38.703067,KELANTAN,BACHOK,PASAR AWAM JELAWAT,Runcit,26,Buah-Buahan,02,028,PISANG BERANGAN,F.A.Q,Kilogram,6,6,
31043735,2026-10-08,2026-10-08 11:51:38.703067,KELANTAN,BACHOK,PASAR AWAM JELAWAT,Runcit,26,Buah-Buahan,02,034,TEMBIKAI MERAH TANPA BIJI,F.A.Q,Kilogram,3,3,
31043736,2026-10-08,2026-10-08 11:52:33.51075,KELANTAN,BACHOK,PASAR AWAM JELAWAT,Runcit,26,Ternakan,11,001,TELUR AYAM,A,Biji,0.53,0.54,
31043737,2026-10-08,2026-10-08 11:52:33.51075,KELANTAN,BACHOK,PASAR AWAM JELAWAT,Runcit,26,Ternakan,11,001,TELUR AYAM,C,Biji,0.52,0.43,
31043826,2026-10-08,2026-10-08 11:53:20.600659,KELANTAN,BACHOK,PASAR AWAM JELAWAT,Runcit,26,Ternakan,11,001,TELUR AYAM,A,Biji,0.55,0.54,
31043827,2026-10-08,2026-10-08 11:53:20.600659,KELANTAN,BACHOK,PASAR AWAM JELAWAT,Runcit,26,Ternakan,11,001,TELUR AYAM,C,Biji,0.52,0.43,
31043828,2026-10-08,2026-10-08 11:53:58.18536,W.P. KUALA LUMPUR,BATU,PASAR HARIAN SELAYANG,Runcit,26,Sayur-Sayuran,05,001,BAWANG BESAR KUNING / HOLLAND,F.A.Q,Kilogram,4,4.076923,
31043829,2026-10-08,2026-10-08 11:53:58.18536,W.P. KUALA LUMPUR,BATU,PASAR HARIAN SELAYANG,Runcit,26,Sayur-Sayuran,05,001,BAWANG BESAR MERAH (INDIA),F.A.Q,Kilogram,4.5,3.994737,
31043830,2026-10-08,2026-10-08 11:53:58.18536,W.P. KUALA LUMPUR,BATU,PASAR HARIAN SELAYANG,Runcit,26,Sayur-Sayuran,05,001,BAWANG MERAH / KECIL (INDIA),F.A.Q,Kilogram,6,5.5833335,
31043831,2026-10-08,2026-10-08 11:53:58.18536,W.P. KUALA LUMPUR,BATU,PASAR HARIAN SELAYANG,Runcit,26,Sayur-Sayuran,05,001,BAWANG MERAH / KECIL (THAI),F.A.Q,Kilogram,13,11.846154,
31043832,2026-10-08,2026-10-08 11:53:58.18536,W.P. KUALA LUMPUR,BATU,PASAR HARIAN SELAYANG,Runcit,26,Sayur-Sayuran,05,001,BAWANG MERAH ROSE,F.A.Q,Kilogram,7,7.6923075,
31043833,2026-10-08,2026-10-08 11:53:58.18536,W.P. KUALA LUMPUR,BATU,PASAR HARIAN SELAYANG,Runcit,26,Sayur-Sayuran,05,001,BAWANG PUTIH (CHINA),F.A.Q,Kilogram,10,11.263158,
31043834,2026-10-08,2026-10-08 11:53:58.18536,W.P. KUALA LUMPUR,BATU,PASAR HARIAN SELAYANG,Runcit,26,Sayur-Sayuran,03,001,BAYAM,F.A.Q,Kilogram,4,4.4761906,
31043835,2026-10-08,2026-10-08 11:53:58.18536,W.P. KUALA LUMPUR,BATU,PASAR HARIAN SELAYANG,Runcit,26,Sayur-Sayuran,03,001,BAYAM,F.A.Q,Kilogram,4,4.4761906,
31043836,2026-10-08,2026-10-08 11:53:58.18536,W.P. KUALA LUMPUR,BATU,PASAR HARIAN SELAYANG,Runcit,26,Sayur-Sayuran,03,001,BAYAM,F.A.Q,Kilogram,4,4.4761906,
31043837,2026-10-08,2026-10-08 11:53:58.18536,W.P. KUALA LUMPUR,BATU,PASAR HARIAN SELAYANG,Runcit,26,Sayur-Sayuran,03,001,BAYAM,F.A.Q,Kilogram,4.5,4.4761906,
31043838,2026-10-08,2026-10-08 11:53:58.18536,W.P. KUALA LUMPUR,BATU,PASAR HARIAN SELAYANG,Runcit,26,Sayur-Sayuran,02,002,CILI HIJAU,F.A.Q,Kilogram,12,12,
31043839,2026-10-08,2026-10-08 11:53:58.18536,W.P. KUALA LUMPUR,BATU,PASAR HARIAN SELAYANG,Runcit,26,Sayur-Sayuran,02,002,CILI HIJAU,F.A.Q,Kilogram,12,12,
31043840,2026-10-08,2026-10-08 11:53:58.18536,W.P. KUALA LUMPUR,BATU,PASAR HARIAN SELAYANG,Runcit,26,Sayur-Sayuran,02,002,CILI HIJAU,F.A.Q,Kilogram,11,12,
31043841,2026-10-08,2026-10-08 11:53:58.18536,W.P. KUALA LUMPUR,BATU,PASAR HARIAN SELAYANG,Runcit,26,Sayur-Sayuran,02,002,CILI HIJAU,F.A.Q,Kilogram,12,12,
31043842,2026-10-08,2026-10-08 11:53:58.18536,W.P. KUALA LUMPUR,BATU,PASAR HARIAN SELAYANG,Runcit,26,Sayur-Sayuran,02,002,CILI HIJAU (IMPORT),F.A.Q,Kilogram,10,10.4,
31043843,2026-10-08,2026-10-08 11:53:58.18536,W.P. KUALA LUMPUR,BATU,PASAR HARIAN SELAYANG,Runcit,26,Sayur-Sayuran,02,002,CILI MERAH (CHINA),F.A.Q,Kilogram,12,10.166667,
31043844,2026-10-08,2026-10-08 11:53:58.18536,W.P. KUALA LUMPUR,BATU,PASAR HARIAN SELAYANG,Runcit,26,Sayur-Sayuran,02,002,CILI MERAH (CHINA),F.A.Q,Kilogram,11,10.166667,
31043845,2026-10-08,2026-10-08 11:53:58.18536,W.P. KUALA LUMPUR,BATU,PASAR HARIAN SELAYANG,Runcit,26,Sayur-Sayuran,02,002,CILI MERAH (THAILAND),F.A.Q,Kilogram,12,10.166667,
31043846,2026-10-08,2026-10-08 11:53:58.18536,W.P. KUALA LUMPUR,BATU,PASAR HARIAN SELAYANG,Runcit,26,Sayur-Sayuran,02,002,CILI MERAH (THAILAND),F.A.Q,Kilogram,11,10.166667,
31043847,2026-10-08,2026-10-08 11:53:58.18536,W.P. KUALA LUMPUR,BATU,PASAR HARIAN SELAYANG,Runcit,26,Sayur-Sayuran,02,002,CILI MERAH (VIETNAM),F.A.Q,Kilogram,12,10.166667,
31043848,2026-10-08,2026-10-08 11:53:58.18536,W.P. KUALA LUMPUR,BATU,PASAR HARIAN SELAYANG,Runcit,26,Sayur-Sayuran,02,002,CILI MERAH (VIETNAM),F.A.Q,Kilogram,11,10.166667,
31043849,2026-10-08,2026-10-08 11:53:58.18536,W.P. KUALA LUMPUR,BATU,PASAR HARIAN SELAYANG,Runcit,26,Sayur-Sayuran,02,002,CILI MERAH KULAI / KULAI HIBRID,F.A.Q,Kilogram,17,17.681818,
31043850,2026-10-08,2026-10-08 11:53:58.18536,W.P. KUALA LUMPUR,BATU,PASAR HARIAN SELAYANG,Runcit,26,Sayur-Sayuran,02,002,CILI MERAH KULAI / KULAI HIBRID,F.A.Q,Kilogram,16,17.681818,
31043851,2026-10-08,2026-10-08 11:53:58.18536,W.P. KUALA LUMPUR,BATU,PASAR HARIAN SELAYANG,Runcit,26,Sayur-Sayuran,02,002,CILI MERAH KULAI / KULAI HIBRID,F.A.Q,Kilogram,16,17.681818,
31043852,2026-10-08,2026-10-08 11:53:58.18536,W.P. KUALA LUMPUR,BATU,PASAR HARIAN SELAYANG,Runcit,26,Sayur-Sayuran,02,002,CILI MERAH KULAI / KULAI HIBRID,F.A.Q,Kilogram,18,17.681818,
31043853,2026-10-08,2026-10-08 11:53:58.18536,W.P. KUALA LUMPUR,BATU,PASAR HARIAN SELAYANG,Runcit,26,Sayur-Sayuran,02,002,CILI MERAH MINYAK,F.A.Q,Kilogram,12,13.047619,
31043854,2026-10-08,2026-10-08 11:53:58.18536,W.P. KUALA LUMPUR,BATU,PASAR HARIAN SELAYANG,Runcit,26,Sayur-Sayuran,02,002,CILI MERAH MINYAK,F.A.Q,Kilogram,13,13.047619,
31043855,2026-10-08,2026-10-08 11:53:58.18536,W.P. KUALA LUMPUR,BATU,PASAR HARIAN SELAYANG,Runcit,26,Sayur-Sayuran,02,002,CILI MERAH MINYAK,F.A.Q,Kilogram,12,13.047619,
31043856,2026-10-08,2026-10-08 11:53:58.18536,W.P. KUALA LUMPUR,BATU,PASAR HARIAN SELAYANG,Runcit,26,Sayur-Sayuran,02,002,CILI MERAH MINYAK,F.A.Q,Kilogram,13,13.047619,
31043857,2026-10-08,2026-10-08 11:53:58.18536,W.P. KUALA LUMPUR,BATU,PASAR HARIAN SELAYANG,Runcit,26,Sayur-Sayuran,03,009,DAUN BAWANG,F.A.Q,Kilogram,10,7.6666665,
31043858,2026-10-08,2026-10-08 11:53:58.18536,W.P. KUALA LUMPUR,BATU,PASAR HARIAN SELAYANG,Runcit,26,Sayur-Sayuran,03,009,DAUN BAWANG,F.A.Q,Kilogram,13,7.6666665,
31043859,2026-10-08,2026-10-08 11:53:58.18536,W.P. KUALA LUMPUR,BATU,PASAR HARIAN SELAYANG,Runcit,26,Sayur-Sayuran,03,009,DAUN BAWANG,F.A.Q,Kilogram,13,7.6666665,
31043860,2026-10-08,2026-10-08 11:53:58.18536,W.P. KUALA LUMPUR,BATU,PASAR HARIAN SELAYANG,Runcit,26,Sayur-Sayuran,03,009,DAUN BAWANG,F.A.Q,Kilogram,13,7.6666665,
31043861,2026-10-08,2026-10-08 11:53:58.18536,W.P. KUALA LUMPUR,BATU,PASAR HARIAN SELAYANG,Runcit,26,Sayur-Sayuran,03,015,DAUN SUP (TANAH TINGGI),F.A.Q,Kilogram,8,6.375,
31043862,2026-10-08,2026-10-08 11:53:58.18536,W.P. KUALA LUMPUR,BATU,PASAR HARIAN SELAYANG,Runcit,26,Sayur-Sayuran,03,015,DAUN SUP (TANAH TINGGI),F.A.Q,Kilogram,6,6.375,
31043863,2026-10-08,2026-10-08 11:53:58.18536,W.P. KUALA LUMPUR,BATU,PASAR HARIAN SELAYANG,Runcit,26,Sayur-Sayuran,03,015,DAUN SUP (TANAH TINGGI),F.A.Q,Kilogram,10,6.375,
31043864,2026-10-08,2026-10-08 11:53:58.18536,W.P. KUALA LUMPUR,BATU,PASAR HARIAN SELAYANG,Runcit,26,Sayur-Sayuran,03,015,DAUN SUP (TANAH TINGGI),F.A.Q,Kilogram,8,6.375,
31043865,2026-10-08,2026-10-08 11:53:58.18536,W.P. KUALA LUMPUR,BATU,PASAR HARIAN SELAYANG,Runcit,26,Sayur-Sayuran,04,002,KACANG BENDI,F.A.Q,Kilogram,6,6.068182,
31043866,2026-10-08,2026-10-08 11:53:58.18536,W.P. KUALA LUMPUR,BATU,PASAR HARIAN SELAYANG,Runcit,26,Sayur-Sayuran,04,002,KACANG BENDI,F.A.Q,Kilogram,6,6.068182,
31043867,2026-10-08,2026-10-08 11:53:58.18536,W.P. KUALA LUMPUR,BATU,PASAR HARIAN SELAYANG,Runcit,26,Sayur-Sayuran,04,002,KACANG BENDI,F.A.Q,Kilogram,7,6.068182,
31043868,2026-10-08,2026-10-08 11:53:58.18536,W.P. KUALA LUMPUR,BATU,PASAR HARIAN SELAYANG,Runcit,26,Sayur-Sayuran,04,002,KACANG BENDI,F.A.Q,Kilogram,7,6.068182,
31043869,2026-10-08,2026-10-08 11:53:58.18536,W.P. KUALA LUMPUR,BATU,PASAR HARIAN SELAYANG,Runcit,26,Sayur-Sayuran,04,003,KACANG BUNCIS,F.A.Q,Kilogram,12,13.1,
31043870,2026-10-08,2026-10-08 11:53:58.18536,W.P. KUALA LUMPUR,BATU,PASAR HARIAN SELAYANG,Runcit,26,Sayur-Sayuran,04,003,KACANG BUNCIS,F.A.Q,Kilogram,14,13.1,
31043871,2026-10-08,2026-10-08 11:53:58.18536,W.P. KUALA LUMPUR,BATU,PASAR HARIAN SELAYANG,Runcit,26,Sayur-Sayuran,04,003,KACANG BUNCIS,F.A.Q,Kilogram,15,13.1,
31043872,2026-10-08,2026-10-08 11:53:58.18536,W.P. KUALA LUMPUR,BATU,PASAR HARIAN SELAYANG,Runcit,26,Sayur-Sayuran,04,003,KACANG BUNCIS,F.A.Q,Kilogram,12,13.1,
31043873,2026-10-08,2026-10-08 11:53:58.18536,W.P. KUALA LUMPUR,BATU,PASAR HARIAN SELAYANG,Runcit,26,Sayur-Sayuran,04,007,KACANG PANJANG HIJAU,F.A.Q,Kilogram,7,8.090909,
31043874,2026-10-08,2026-10-08 11:53:58.18536,W.P. KUALA LUMPUR,BATU,PASAR HARIAN SELAYANG,Runcit,26,Sayur-Sayuran,04,007,KACANG PANJANG HIJAU,F.A.Q,Kilogram,7.5,8.090909,
31043875,2026-10-08,2026-10-08 11:53:58.18536,W.P. KUALA LUMPUR,BATU,PASAR HARIAN SELAYANG,Runcit,26,Sayur-Sayuran,04,007,KACANG PANJANG HIJAU,F.A.Q,Kilogram,6,8.090909,
31043876,2026-10-08,2026-10-08 11:53:58.18536,W.P. KUALA LUMPUR,BATU,PASAR HARIAN SELAYANG,Runcit,26,Sayur-Sayuran,04,007,KACANG PANJANG HIJAU,F.A.Q,Kilogram,8,8.090909,
31043877,2026-10-08,2026-10-08 11:53:58.18536,W.P. KUALA LUMPUR,BATU,PASAR HARIAN SELAYANG,Runcit,26,Sayur-Sayuran,03,019,KANGKUNG,F.A.Q,Kilogram,5,4.28125,
31043878,2026-10-08,2026-10-08 11:53:58.18536,W.P. KUALA LUMPUR,BATU,PASAR HARIAN SELAYANG,Runcit,26,Sayur-Sayuran,03,019,KANGKUNG,F.A.Q,Kilogram,4,4.28125,
31043879,2026-10-08,2026-10-08 11:53:58.18536,W.P. KUALA LUMPUR,BATU,PASAR HARIAN SELAYANG,Runcit,26,Sayur-Sayuran,03,019,KANGKUNG,F.A.Q,Kilogram,4,4.28125,
31043880,2026-10-08,2026-10-08 11:53:58.18536,W.P. KUALA LUMPUR,BATU,PASAR HARIAN SELAYANG,Runcit,26,Sayur-Sayuran,03,019,KANGKUNG,F.A.Q,Kilogram,4,4.28125,
31043881,2026-10-08,2026-10-08 11:53:58.253369,W.P. KUALA LUMPUR,BATU,PASAR HARIAN SELAYANG,Runcit,26,Sayur-Sayuran,03,006,KUBIS BULAT (CHINA),F.A.Q,Kilogram,2.5,2.53125,
31043882,2026-10-08,2026-10-08 11:53:58.253369,W.P. KUALA LUMPUR,BATU,PASAR HARIAN SELAYANG,Runcit,26,Sayur-Sayuran,03,006,KUBIS BULAT (CHINA),F.A.Q,Kilogram,2.3,2.53125,
31043883,2026-10-08,2026-10-08 11:53:58.253369,W.P. KUALA LUMPUR,BATU,PASAR HARIAN SELAYANG,Runcit,26,Sayur-Sayuran,03,006,KUBIS BULAT (CHINA),F.A.Q,Kilogram,2.5,2.53125,
31043884,2026-10-08,2026-10-08 11:53:58.253369,W.P. KUALA LUMPUR,BATU,PASAR HARIAN SELAYANG,Runcit,26,Sayur-Sayuran,03,006,KUBIS BULAT (CHINA),F.A.Q,Kilogram,3,2.53125,
31043885,2026-10-08,2026-10-08 11:53:58.253369,W.P. KUALA LUMPUR,BATU,PASAR HARIAN SELAYANG,Runcit,26,Sayur-Sayuran,03,006,KUBIS BULAT (TANAH TINGGI),F.A.Q,Kilogram,4.5,4.230769,
31043886,2026-10-08,2026-10-08 11:53:58.253369,W.P. KUALA LUMPUR,BATU,PASAR HARIAN SELAYANG,Runcit,26,Sayur-Sayuran,03,006,KUBIS BULAT (TANAH TINGGI),F.A.Q,Kilogram,3.5,4.230769,
31043887,2026-10-08,2026-10-08 11:53:58.253369,W.P. KUALA LUMPUR,BATU,PASAR HARIAN SELAYANG,Runcit,26,Sayur-Sayuran,03,006,KUBIS BULAT (TANAH TINGGI),F.A.Q,Kilogram,4,4.230769,
31043888,2026-10-08,2026-10-08 11:53:58.253369,W.P. KUALA LUMPUR,BATU,PASAR HARIAN SELAYANG,Runcit,26,Sayur-Sayuran,03,007,SAWI HIJAU,F.A.Q,Kilogram,6,5.0526314,
31043889,2026-10-08,2026-10-08 11:53:58.253369,W.P. KUALA LUMPUR,BATU,PASAR HARIAN SELAYANG,Runcit,26,Sayur-Sayuran,03,007,SAWI HIJAU,F.A.Q,Kilogram,6,5.0526314,
31043890,2026-10-08,2026-10-08 11:53:58.253369,W.P. KUALA LUMPUR,BATU,PASAR HARIAN SELAYANG,Runcit,26,Sayur-Sayuran,03,007,SAWI HIJAU,F.A.Q,Kilogram,7,5.0526314,
31043891,2026-10-08,2026-10-08 11:53:58.253369,W.P. KUALA LUMPUR,BATU,PASAR HARIAN SELAYANG,Runcit,26,Sayur-Sayuran,03,007,SAWI HIJAU TANAH TINGGI,F.A.Q,Kilogram,7,5.6,
31043892,2026-10-08,2026-10-08 11:53:58.253369,W.P. KUALA LUMPUR,BATU,PASAR HARIAN SELAYANG,Runcit,26,Sayur-Sayuran,02,010,TERUNG PANJANG / PEPARU (TANAH RENDAH),F.A.Q,Kilogram,8,7.159091,
31043893,2026-10-08,2026-10-08 11:53:58.253369,W.P. KUALA LUMPUR,BATU,PASAR HARIAN SELAYANG,Runcit,26,Sayur-Sayuran,02,010,TERUNG PANJANG / PEPARU (TANAH RENDAH),F.A.Q,Kilogram,7,7.159091,
31043894,2026-10-08,2026-10-08 11:53:58.253369,W.P. KUALA LUMPUR,BATU,PASAR HARIAN SELAYANG,Runcit,26,Sayur-Sayuran,02,010,TERUNG PANJANG / PEPARU (TANAH RENDAH),F.A.Q,Kilogram,9,7.159091,
31043895,2026-10-08,2026-10-08 11:53:58.253369,W.P. KUALA LUMPUR,BATU,PASAR HARIAN SELAYANG,Runcit,26,Sayur-Sayuran,02,010,TERUNG PANJANG / PEPARU (TANAH RENDAH),F.A.Q,Kilogram,9,7.159091,
31043896,2026-10-08,2026-10-08 11:53:58.253369,W.P. KUALA LUMPUR,BATU,PASAR HARIAN SELAYANG,Runcit,26,Sayur-Sayuran,02,011,TIMUN HIJAU,F.A.Q,Kilogram,4,3.1136363,
31043897,2026-10-08,2026-10-08 11:53:58.253369,W.P. KUALA LUMPUR,BATU,PASAR HARIAN SELAYANG,Runcit,26,Sayur-Sayuran,02,011,TIMUN HIJAU,F.A.Q,Kilogram,4,3.1136363,
31043898,2026-10-08,2026-10-08 11:53:58.253369,W.P. KUALA LUMPUR,BATU,PASAR HARIAN SELAYANG,Runcit,26,Sayur-Sayuran,02,011,TIMUN HIJAU,F.A.Q,Kilogram,4,3.1136363,
31043899,2026-10-08,2026-10-08 11:53:58.253369,W.P. KUALA LUMPUR,BATU,PASAR HARIAN SELAYANG,Runcit,26,Sayur-Sayuran,02,011,TIMUN HIJAU,F.A.Q,Kilogram,4.5,3.1136363,
31043900,2026-10-08,2026-10-08 11:53:58.253369,W.P. KUALA LUMPUR,BATU,PASAR HARIAN SELAYANG,Runcit,26,Sayur-Sayuran,02,012,TOMATO (TANAH TINGGI),F.A.Q,Kilogram,4.5,5.568182,
31043901,2026-10-08,2026-10-08 11:53:58.253369,W.P. KUALA LUMPUR,BATU,PASAR HARIAN SELAYANG,Runcit,26,Sayur-Sayuran,02,012,TOMATO (TANAH TINGGI),F.A.Q,Kilogram,4.5,5.568182,
31043902,2026-10-08,2026-10-08 11:53:58.253369,W.P. KUALA LUMPUR,BATU,PASAR HARIAN SELAYANG,Runcit,26,Sayur-Sayuran,02,012,TOMATO (TANAH TINGGI),F.A.Q,Kilogram,4.5,5.568182,
31043903,2026-10-08,2026-10-08 11:53:58.253369,W.P. KUALA LUMPUR,BATU,PASAR HARIAN SELAYANG,Runcit,26,Sayur-Sayuran,02,012,TOMATO (TANAH TINGGI),F.A.Q,Kilogram,5.5,5.568182,
31043904,2026-10-08,2026-10-08 11:53:58.253369,W.P. KUALA LUMPUR,BATU,PASAR HARIAN SELAYANG,Runcit,26,Sayur-Sayuran,05,009,UBI KENTANG (IMPORT),F.A.Q,Kilogram,4,3.7307692,
31043905,2026-10-08,2026-10-08 11:53:58.253369,W.P. KUALA LUMPUR,BATU,PASAR HARIAN SELAYANG,Runcit,26,Sayur-Sayuran,05,009,UBI KENTANG HOLLAND,F.A.Q,Kilogram,4,3.8076923,
31043906,2026-10-08,2026-10-08 11:54:58.399875,SARAWAK,MIRI,PASAR TAMU MUHIBBAH MIRI,Borong,20,Sayur-Sayuran,05,001,BAWANG BESAR KUNING / HOLLAND,F.A.Q,Kilogram,4,4,
31043907,2026-10-08,2026-10-08 11:54:58.399875,SARAWAK,MIRI,PASAR TAMU MUHIBBAH MIRI,Borong,20,Sayur-Sayuran,05,001,BAWANG BESAR MERAH (INDIA),F.A.Q,Kilogram,3,3,
31043908,2026-10-08,2026-10-08 11:54:58.399875,SARAWAK,MIRI,PASAR TAMU MUHIBBAH MIRI,Borong,20,Sayur-Sayuran,05,001,BAWANG PUTIH (CHINA),F.A.Q,Kilogram,6,6,
31043909,2026-10-08,2026-10-08 11:54:58.399875,SARAWAK,MIRI,PASAR TAMU MUHIBBAH MIRI,Borong,20,Sayur-Sayuran,03,001,BAYAM,F.A.Q,Kilogram,6,5.5,
31043910,2026-10-08,2026-10-08 11:54:58.399875,SARAWAK,MIRI,PASAR TAMU MUHIBBAH MIRI,Borong,20,Sayur-Sayuran,02,002,CILI HIJAU,F.A.Q,Kilogram,11,11,
31043911,2026-10-08,2026-10-08 11:54:58.399875,SARAWAK,MIRI,PASAR TAMU MUHIBBAH MIRI,Borong,20,Sayur-Sayuran,02,002,CILI MERAH KULAI / KULAI HIBRID,F.A.Q,Kilogram,16,16.666666,
31043912,2026-10-08,2026-10-08 11:54:58.399875,SARAWAK,MIRI,PASAR TAMU MUHIBBAH MIRI,Borong,20,Sayur-Sayuran,02,002,CILI MERAH MINYAK,F.A.Q,Kilogram,14,14.666667,
31043913,2026-10-08,2026-10-08 11:54:58.399875,SARAWAK,MIRI,PASAR TAMU MUHIBBAH MIRI,Borong,20,Sayur-Sayuran,03,009,DAUN BAWANG,F.A.Q,Kilogram,17,17,
31043914,2026-10-08,2026-10-08 11:54:58.399875,SARAWAK,MIRI,PASAR TAMU MUHIBBAH MIRI,Borong,20,Sayur-Sayuran,03,015,DAUN SUP (TANAH TINGGI),F.A.Q,Kilogram,11,11,
31043915,2026-10-08,2026-10-08 11:54:58.399875,SARAWAK,MIRI,PASAR TAMU MUHIBBAH MIRI,Borong,20,Sayur-Sayuran,04,002,KACANG BENDI,F.A.Q,Kilogram,7,6.25,
31043916,2026-10-08,2026-10-08 11:54:58.399875,SARAWAK,MIRI,PASAR TAMU MUHIBBAH MIRI,Borong,20,Sayur-Sayuran,04,003,KACANG BUNCIS,F.A.Q,Kilogram,9,8.428572,
31043917,2026-10-08,2026-10-08 11:54:58.399875,SARAWAK,MIRI,PASAR TAMU MUHIBBAH MIRI,Borong,20,Sayur-Sayuran,04,007,KACANG PANJANG HIJAU,F.A.Q,Kilogram,7,6.25,
31043918,2026-10-08,2026-10-08 11:54:58.399875,SARAWAK,MIRI,PASAR TAMU MUHIBBAH MIRI,Borong,20,Sayur-Sayuran,03,019,KANGKUNG,F.A.Q,Kilogram,4,4,
31043919,2026-10-08,2026-10-08 11:54:58.399875,SARAWAK,MIRI,PASAR TAMU MUHIBBAH MIRI,Borong,20,Sayur-Sayuran,03,006,KUBIS BULAT (CHINA),F.A.Q,Kilogram,5,5,
31043920,2026-10-08,2026-10-08 11:54:58.399875,SARAWAK,MIRI,PASAR TAMU MUHIBBAH MIRI,Borong,20,Sayur-Sayuran,03,006,KUBIS BULAT (TANAH TINGGI),F.A.Q,Kilogram,5,5,
31043921,2026-10-08,2026-10-08 11:54:58.399875,SARAWAK,MIRI,PASAR TAMU MUHIBBAH MIRI,Borong,20,Sayur-Sayuran,03,007,SAWI HIJAU,F.A.Q,Kilogram,9,9,
31043922,2026-10-08,2026-10-08 11:54:58.399875,SARAWAK,MIRI,PASAR TAMU MUHIBBAH MIRI,Borong,20,Sayur-Sayuran,02,010,TERUNG PANJANG / PEPARU (TANAH RENDAH),F.A.Q,Kilogram,7,6.25,
31043923,2026-10-08,2026-10-08 11:54:58.399875,SARAWAK,MIRI,PASAR TAMU MUHIBBAH MIRI,Borong,20,Sayur-Sayuran,02,011,TIMUN HIJAU,F.A.Q,Kilogram,5,5,
31043924,2026-10-08,2026-10-08 11:54:58.399875,SARAWAK,MIRI,PASAR TAMU MUHIBBAH MIRI,Borong,20,Sayur-Sayuran,02,012,TOMATO (TANAH TINGGI),F.A.Q,Kilogram,8,8,
31043925,2026-10-08,2026-10-08 11:54:58.399875,SARAWAK,MIRI,PASAR TAMU MUHIBBAH MIRI,Borong,20,Sayur-Sayuran,05,009,UBI KENTANG HOLLAND,F.A.Q,Kilogram,2.99,3.6566668,
31043926,2026-10-08,2026-10-08 11:58:19.840375,SARAWAK,MIRI,PASAR TAMU MUHIBBAH MIRI,Borong,20,Tanaman Kontan,05,001,KELAPA DIKUPAS,SEDANG,Biji,2.5,2.5,
31043927,2026-10-08,2026-10-08 11:59:17.327184,SARAWAK,MIRI,[LOKASI KUTIPAN HARGA LADANG] BEKENU,Ladang,,Ternakan,11,001,TELUR AYAM,A,Biji,0.46,0.46,
31043928,2026-10-08,2026-10-08 11:59:17.327184,SARAWAK,MIRI,[LOKASI KUTIPAN HARGA LADANG] BEKENU,Ladang,,Ternakan,11,001,TELUR AYAM,C,Biji,0.4,0.4,
31043929,2026-10-08,2026-10-08 11:59:17.327184,SARAWAK,MIRI,[LOKASI KUTIPAN HARGA LADANG] BEKENU,Ladang,,Ternakan,11,001,TELUR AYAM,B,Biji,0.44,0.44,
31043938,2026-10-08,2026-10-08 12:03:05.171542,SARAWAK,MIRI,[LOKASI KUTIPAN HARGA LADANG] BEKENU,Ladang,,Sayur-Sayuran,03,001,BAYAM,F.A.Q,Kilogram,5,4.5,
31043939,2026-10-08,2026-10-08 12:03:05.171542,SARAWAK,MIRI,[LOKASI KUTIPAN HARGA LADANG] BEKENU,Ladang,,Sayur-Sayuran,02,002,CILI HIJAU,F.A.Q,Kilogram,9,9.333333,
31043940,2026-10-08,2026-10-08 12:03:05.171542,SARAWAK,MIRI,[LOKASI KUTIPAN HARGA LADANG] BEKENU,Ladang,,Sayur-Sayuran,02,002,CILI MERAH KULAI / KULAI HIBRID,F.A.Q,Kilogram,14,14.666667,
31043941,2026-10-08,2026-10-08 12:03:05.171542,SARAWAK,MIRI,[LOKASI KUTIPAN HARGA LADANG] BEKENU,Ladang,,Sayur-Sayuran,02,002,CILI MERAH MINYAK,F.A.Q,Kilogram,12,12.666667,
31043942,2026-10-08,2026-10-08 12:03:05.171542,SARAWAK,MIRI,[LOKASI KUTIPAN HARGA LADANG] BEKENU,Ladang,,Sayur-Sayuran,04,002,KACANG BENDI,F.A.Q,Kilogram,6,5.25,
31043943,2026-10-08,2026-10-08 12:03:05.171542,SARAWAK,MIRI,[LOKASI KUTIPAN HARGA LADANG] BEKENU,Ladang,,Sayur-Sayuran,04,003,KACANG BUNCIS,F.A.Q,Kilogram,8,7.5,
31043944,2026-10-08,2026-10-08 12:03:05.171542,SARAWAK,MIRI,[LOKASI KUTIPAN HARGA LADANG] BEKENU,Ladang,,Sayur-Sayuran,04,007,KACANG PANJANG HIJAU,F.A.Q,Kilogram,6,5.25,
31043945,2026-10-08,2026-10-08 12:03:05.171542,SARAWAK,MIRI,[LOKASI KUTIPAN HARGA LADANG] BEKENU,Ladang,,Sayur-Sayuran,03,019,KANGKUNG,F.A.Q,Kilogram,3,3.1666667,
31043946,2026-10-08,2026-10-08 12:03:05.171542,SARAWAK,MIRI,[LOKASI KUTIPAN HARGA LADANG] BEKENU,Ladang,,Sayur-Sayuran,03,007,SAWI HIJAU,F.A.Q,Kilogram,8,8,
31043947,2026-10-08,2026-10-08 12:03:05.171542,SARAWAK,MIRI,[LOKASI KUTIPAN HARGA LADANG] BEKENU,Ladang,,Sayur-Sayuran,02,010,TERUNG PANJANG / PEPARU (TANAH RENDAH),F.A.Q,Kilogram,6,5.25,
31043948,2026-10-08,2026-10-08 12:03:05.171542,SARAWAK,MIRI,[LOKASI KUTIPAN HARGA LADANG] BEKENU,Ladang,,Sayur-Sayuran,02,011,TIMUN HIJAU,F.A.Q,Kilogram,4,4,
31043949,2026-10-08,2026-10-08 12:03:19.577218,SARAWAK,MIRI,[LOKASI KUTIPAN HARGA LADANG] BEKENU,Ladang,,Tanaman Kontan,05,001,KELAPA DIKUPAS,SEDANG,Biji,2,2,
31043950,2026-10-08,2026-10-08 12:04:43.525989,SARAWAK,MIRI,[LOKASI KUTIPAN HARGA LADANG] BEKENU,Ladang,,Buah-Buahan,02,005,BETIK SEKAKI,F.A.Q,Kilogram,3,3,
31043951,2026-10-08,2026-10-08 12:04:43.525989,SARAWAK,MIRI,[LOKASI KUTIPAN HARGA LADANG] BEKENU,Ladang,,Buah-Buahan,02,023,NANAS JOSAPINE (AC5),F.A.Q,Kilogram,3,3,
31043952,2026-10-08,2026-10-08 12:04:43.525989,SARAWAK,MIRI,[LOKASI KUTIPAN HARGA LADANG] BEKENU,Ladang,,Buah-Buahan,02,028,PISANG BERANGAN,F.A.Q,Kilogram,6.5,6.25,
31043953,2026-10-08,2026-10-08 12:04:43.525989,SARAWAK,MIRI,[LOKASI KUTIPAN HARGA LADANG] BEKENU,Ladang,,Buah-Buahan,02,028,PISANG MAS,F.A.Q,Kilogram,6.5,6.5,
31043954,2026-10-08,2026-10-08 12:04:43.525989,SARAWAK,MIRI,[LOKASI KUTIPAN HARGA LADANG] BEKENU,Ladang,,Buah-Buahan,02,034,TEMBIKAI MERAH TANPA BIJI,F.A.Q,Kilogram,3,3,
31043955,2026-10-08,2026-10-08 12:05:28.993932,SARAWAK,MIRI,PASAR TAMU MUHIBBAH MIRI,Borong,20,Buah-Buahan,02,005,BETIK SEKAKI,F.A.Q,Kilogram,4,4,
31043956,2026-10-08,2026-10-08 12:05:28.993932,SARAWAK,MIRI,PASAR TAMU MUHIBBAH MIRI,Borong,20,Buah-Buahan,02,023,NANAS JOSAPINE (AC5),F.A.Q,Kilogram,4,4,
31043957,2026-10-08,2026-10-08 12:05:28.993932,SARAWAK,MIRI,PASAR TAMU MUHIBBAH MIRI,Borong,20,Buah-Buahan,02,028,PISANG BERANGAN,F.A.Q,Kilogram,7.5,7.1666665,
31043958,2026-10-08,2026-10-08 12:05:28.993932,SARAWAK,MIRI,PASAR TAMU MUHIBBAH MIRI,Borong,20,Buah-Buahan,02,028,PISANG MAS,F.A.Q,Kilogram,7.5,7.3333335,
31043959,2026-10-08,2026-10-08 12:05:28.993932,SARAWAK,MIRI,PASAR TAMU MUHIBBAH MIRI,Borong,20,Buah-Buahan,02,034,TEMBIKAI MERAH TANPA BIJI,F.A.Q,Kilogram,4,4,
31043960,2026-10-08,2026-10-08 12:05:34.861793,KELANTAN,KOTA BHARU,PASAR BESAR SITI KHADIJAH,Runcit,26,Sayur-Sayuran,03,001,BAYAM,F.A.Q,Kilogram,6.5,5.7,
31043961,2026-10-08,2026-10-08 12:05:34.861793,KELANTAN,KOTA BHARU,PASAR BESAR SITI KHADIJAH,Runcit,26,Sayur-Sayuran,03,001,BAYAM,F.A.Q,Kilogram,6.5,5.7,
31043962,2026-10-08,2026-10-08 12:05:34.861793,KELANTAN,KOTA BHARU,PASAR BESAR SITI KHADIJAH,Runcit,26,Sayur-Sayuran,03,001,BAYAM,F.A.Q,Kilogram,6.5,5.7,
31043963,2026-10-08,2026-10-08 12:05:34.861793,KELANTAN,KOTA BHARU,PASAR BESAR SITI KHADIJAH,Runcit,26,Sayur-Sayuran,03,001,BAYAM,F.A.Q,Kilogram,6,5.7,
31043964,2026-10-08,2026-10-08 12:05:34.861793,KELANTAN,KOTA BHARU,PASAR BESAR SITI KHADIJAH,Runcit,26,Sayur-Sayuran,03,001,BAYAM,F.A.Q,Kilogram,6,5.7,
31043965,2026-10-08,2026-10-08 12:05:34.861793,KELANTAN,KOTA BHARU,PASAR BESAR SITI KHADIJAH,Runcit,26,Sayur-Sayuran,02,002,CILI / LADA SOLOK,F.A.Q,Kilogram,9,11.4,
31043966,2026-10-08,2026-10-08 12:05:34.861793,KELANTAN,KOTA BHARU,PASAR BESAR SITI KHADIJAH,Runcit,26,Sayur-Sayuran,02,002,CILI / LADA SOLOK,F.A.Q,Kilogram,9,11.4,
31043967,2026-10-08,2026-10-08 12:05:34.861793,KELANTAN,KOTA BHARU,PASAR BESAR SITI KHADIJAH,Runcit,26,Sayur-Sayuran,02,002,CILI / LADA SOLOK,F.A.Q,Kilogram,9,11.4,
31043968,2026-10-08,2026-10-08 12:05:34.861793,KELANTAN,KOTA BHARU,PASAR BESAR SITI KHADIJAH,Runcit,26,Sayur-Sayuran,02,002,CILI / LADA SOLOK,F.A.Q,Kilogram,8,11.4,
31043969,2026-10-08,2026-10-08 12:05:34.861793,KELANTAN,KOTA BHARU,PASAR BESAR SITI KHADIJAH,Runcit,26,Sayur-Sayuran,02,002,CILI / LADA SOLOK,F.A.Q,Kilogram,9,11.4,
31043970,2026-10-08,2026-10-08 12:05:34.861793,KELANTAN,KOTA BHARU,PASAR BESAR SITI KHADIJAH,Runcit,26,Sayur-Sayuran,02,002,CILI MERAH (THAILAND),F.A.Q,Kilogram,9,8.6,
31043971,2026-10-08,2026-10-08 12:05:34.861793,KELANTAN,KOTA BHARU,PASAR BESAR SITI KHADIJAH,Runcit,26,Sayur-Sayuran,02,002,CILI MERAH (THAILAND),F.A.Q,Kilogram,9,8.6,
31043972,2026-10-08,2026-10-08 12:05:34.861793,KELANTAN,KOTA BHARU,PASAR BESAR SITI KHADIJAH,Runcit,26,Sayur-Sayuran,02,002,CILI MERAH (THAILAND),F.A.Q,Kilogram,9,8.6,
31043973,2026-10-08,2026-10-08 12:05:34.861793,KELANTAN,KOTA BHARU,PASAR BESAR SITI KHADIJAH,Runcit,26,Sayur-Sayuran,02,002,CILI MERAH (THAILAND),F.A.Q,Kilogram,8,8.6,
31043974,2026-10-08,2026-10-08 12:05:34.861793,KELANTAN,KOTA BHARU,PASAR BESAR SITI KHADIJAH,Runcit,26,Sayur-Sayuran,02,002,CILI MERAH (THAILAND),F.A.Q,Kilogram,8,8.6,
31043975,2026-10-08,2026-10-08 12:05:34.861793,KELANTAN,KOTA BHARU,PASAR BESAR SITI KHADIJAH,Runcit,26,Sayur-Sayuran,02,002,CILI MERAH (VIETNAM),F.A.Q,Kilogram,9,8.6,
31043976,2026-10-08,2026-10-08 12:05:34.861793,KELANTAN,KOTA BHARU,PASAR BESAR SITI KHADIJAH,Runcit,26,Sayur-Sayuran,02,002,CILI MERAH (VIETNAM),F.A.Q,Kilogram,9,8.6,
31043977,2026-10-08,2026-10-08 12:05:34.861793,KELANTAN,KOTA BHARU,PASAR BESAR SITI KHADIJAH,Runcit,26,Sayur-Sayuran,02,002,CILI MERAH (VIETNAM),F.A.Q,Kilogram,9,8.6,
31043978,2026-10-08,2026-10-08 12:05:34.861793,KELANTAN,KOTA BHARU,PASAR BESAR SITI KHADIJAH,Runcit,26,Sayur-Sayuran,02,002,CILI MERAH (VIETNAM),F.A.Q,Kilogram,8,8.6,
31043979,2026-10-08,2026-10-08 12:05:34.861793,KELANTAN,KOTA BHARU,PASAR BESAR SITI KHADIJAH,Runcit,26,Sayur-Sayuran,02,002,CILI MERAH (VIETNAM),F.A.Q,Kilogram,8,8.6,
31043980,2026-10-08,2026-10-08 12:05:34.861793,KELANTAN,KOTA BHARU,PASAR BESAR SITI KHADIJAH,Runcit,26,Sayur-Sayuran,02,002,CILI MERAH KULAI / KULAI HIBRID,F.A.Q,Kilogram,12,11.933333,
31043981,2026-10-08,2026-10-08 12:05:34.861793,KELANTAN,KOTA BHARU,PASAR BESAR SITI KHADIJAH,Runcit,26,Sayur-Sayuran,02,002,CILI MERAH KULAI / KULAI HIBRID,F.A.Q,Kilogram,12,11.933333,
31043982,2026-10-08,2026-10-08 12:05:34.861793,KELANTAN,KOTA BHARU,PASAR BESAR SITI KHADIJAH,Runcit,26,Sayur-Sayuran,02,002,CILI MERAH KULAI / KULAI HIBRID,F.A.Q,Kilogram,12,11.933333,
31043983,2026-10-08,2026-10-08 12:05:34.861793,KELANTAN,KOTA BHARU,PASAR BESAR SITI KHADIJAH,Runcit,26,Sayur-Sayuran,02,002,CILI MERAH KULAI / KULAI HIBRID,F.A.Q,Kilogram,11,11.933333,
31043984,2026-10-08,2026-10-08 12:05:34.861793,KELANTAN,KOTA BHARU,PASAR BESAR SITI KHADIJAH,Runcit,26,Sayur-Sayuran,02,002,CILI MERAH KULAI / KULAI HIBRID,F.A.Q,Kilogram,11,11.933333,
31043985,2026-10-08,2026-10-08 12:05:34.861793,KELANTAN,KOTA BHARU,PASAR BESAR SITI KHADIJAH,Runcit,26,Sayur-Sayuran,02,002,CILI MERAH MINYAK,F.A.Q,Kilogram,11,10.933333,
31043986,2026-10-08,2026-10-08 12:05:34.861793,KELANTAN,KOTA BHARU,PASAR BESAR SITI KHADIJAH,Runcit,26,Sayur-Sayuran,02,002,CILI MERAH MINYAK,F.A.Q,Kilogram,11,10.933333,
31043987,2026-10-08,2026-10-08 12:05:34.861793,KELANTAN,KOTA BHARU,PASAR BESAR SITI KHADIJAH,Runcit,26,Sayur-Sayuran,02,002,CILI MERAH MINYAK,F.A.Q,Kilogram,11,10.933333,
31043988,2026-10-08,2026-10-08 12:05:34.861793,KELANTAN,KOTA BHARU,PASAR BESAR SITI KHADIJAH,Runcit,26,Sayur-Sayuran,02,002,CILI MERAH MINYAK,F.A.Q,Kilogram,10,10.933333,
31043989,2026-10-08,2026-10-08 12:05:34.861793,KELANTAN,KOTA BHARU,PASAR BESAR SITI KHADIJAH,Runcit,26,Sayur-Sayuran,02,002,CILI MERAH MINYAK,F.A.Q,Kilogram,10,10.933333,
31043990,2026-10-08,2026-10-08 12:05:34.861793,KELANTAN,KOTA BHARU,PASAR BESAR SITI KHADIJAH,Runcit,26,Sayur-Sayuran,03,009,DAUN BAWANG,F.A.Q,Kilogram,9,8.6,
31043991,2026-10-08,2026-10-08 12:05:34.861793,KELANTAN,KOTA BHARU,PASAR BESAR SITI KHADIJAH,Runcit,26,Sayur-Sayuran,03,009,DAUN BAWANG,F.A.Q,Kilogram,9,8.6,
31043992,2026-10-08,2026-10-08 12:05:34.861793,KELANTAN,KOTA BHARU,PASAR BESAR SITI KHADIJAH,Runcit,26,Sayur-Sayuran,03,009,DAUN BAWANG,F.A.Q,Kilogram,9,8.6,
31043993,2026-10-08,2026-10-08 12:05:34.861793,KELANTAN,KOTA BHARU,PASAR BESAR SITI KHADIJAH,Runcit,26,Sayur-Sayuran,03,009,DAUN BAWANG,F.A.Q,Kilogram,8,8.6,
31043994,2026-10-08,2026-10-08 12:05:34.861793,KELANTAN,KOTA BHARU,PASAR BESAR SITI KHADIJAH,Runcit,26,Sayur-Sayuran,03,009,DAUN BAWANG,F.A.Q,Kilogram,8,8.6,
31043995,2026-10-08,2026-10-08 12:05:34.861793,KELANTAN,KOTA BHARU,PASAR BESAR SITI KHADIJAH,Runcit,26,Sayur-Sayuran,03,009,DAUN BAWANG (IMPORT),F.A.Q,Kilogram,9,8.6,
31043996,2026-10-08,2026-10-08 12:05:34.861793,KELANTAN,KOTA BHARU,PASAR BESAR SITI KHADIJAH,Runcit,26,Sayur-Sayuran,03,009,DAUN BAWANG (IMPORT),F.A.Q,Kilogram,9,8.6,
31043997,2026-10-08,2026-10-08 12:05:34.861793,KELANTAN,KOTA BHARU,PASAR BESAR SITI KHADIJAH,Runcit,26,Sayur-Sayuran,03,009,DAUN BAWANG (IMPORT),F.A.Q,Kilogram,9,8.6,
31043998,2026-10-08,2026-10-08 12:05:34.861793,KELANTAN,KOTA BHARU,PASAR BESAR SITI KHADIJAH,Runcit,26,Sayur-Sayuran,03,009,DAUN BAWANG (IMPORT),F.A.Q,Kilogram,8,8.6,
31043999,2026-10-08,2026-10-08 12:05:34.861793,KELANTAN,KOTA BHARU,PASAR BESAR SITI KHADIJAH,Runcit,26,Sayur-Sayuran,03,009,DAUN BAWANG (IMPORT),F.A.Q,Kilogram,8,8.6,
31044000,2026-10-08,2026-10-08 12:05:34.861793,KELANTAN,KOTA BHARU,PASAR BESAR SITI KHADIJAH,Runcit,26,Sayur-Sayuran,03,015,DAUN SUP (TANAH TINGGI),F.A.Q,Kilogram,10,10.4,
31044001,2026-10-08,2026-10-08 12:05:34.861793,KELANTAN,KOTA BHARU,PASAR BESAR SITI KHADIJAH,Runcit,26,Sayur-Sayuran,03,015,DAUN SUP (TANAH TINGGI),F.A.Q,Kilogram,10,10.4,
31044002,2026-10-08,2026-10-08 12:05:34.861793,KELANTAN,KOTA BHARU,PASAR BESAR SITI KHADIJAH,Runcit,26,Sayur-Sayuran,03,015,DAUN SUP (TANAH TINGGI),F.A.Q,Kilogram,10,10.4,
31044003,2026-10-08,2026-10-08 12:05:34.861793,KELANTAN,KOTA BHARU,PASAR BESAR SITI KHADIJAH,Runcit,26,Sayur-Sayuran,03,015,DAUN SUP (TANAH TINGGI),F.A.Q,Kilogram,11,10.4,
31044004,2026-10-08,2026-10-08 12:05:34.861793,KELANTAN,KOTA BHARU,PASAR BESAR SITI KHADIJAH,Runcit,26,Sayur-Sayuran,03,015,DAUN SUP (TANAH TINGGI),F.A.Q,Kilogram,11,10.4,
31044005,2026-10-08,2026-10-08 12:05:34.861793,KELANTAN,KOTA BHARU,PASAR BESAR SITI KHADIJAH,Runcit,26,Sayur-Sayuran,04,002,KACANG BENDI,F.A.Q,Kilogram,7,6.5333333,
31044006,2026-10-08,2026-10-08 12:05:34.861793,KELANTAN,KOTA BHARU,PASAR BESAR SITI KHADIJAH,Runcit,26,Sayur-Sayuran,04,002,KACANG BENDI,F.A.Q,Kilogram,7,6.5333333,
31044007,2026-10-08,2026-10-08 12:05:34.861793,KELANTAN,KOTA BHARU,PASAR BESAR SITI KHADIJAH,Runcit,26,Sayur-Sayuran,04,002,KACANG BENDI,F.A.Q,Kilogram,7,6.5333333,
31044008,2026-10-08,2026-10-08 12:05:34.861793,KELANTAN,KOTA BHARU,PASAR BESAR SITI KHADIJAH,Runcit,26,Sayur-Sayuran,04,002,KACANG BENDI,F.A.Q,Kilogram,6.5,6.5333333,
31044009,2026-10-08,2026-10-08 12:05:34.861793,KELANTAN,KOTA BHARU,PASAR BESAR SITI KHADIJAH,Runcit,26,Sayur-Sayuran,04,002,KACANG BENDI,F.A.Q,Kilogram,6.5,6.5333333,
31044010,2026-10-08,2026-10-08 12:05:34.861793,KELANTAN,KOTA BHARU,PASAR BESAR SITI KHADIJAH,Runcit,26,Sayur-Sayuran,04,003,KACANG BUNCIS,F.A.Q,Kilogram,11,10.6,
31044011,2026-10-08,2026-10-08 12:05:34.861793,KELANTAN,KOTA BHARU,PASAR BESAR SITI KHADIJAH,Runcit,26,Sayur-Sayuran,04,003,KACANG BUNCIS,F.A.Q,Kilogram,11,10.6,
31044012,2026-10-08,2026-10-08 12:05:34.861793,KELANTAN,KOTA BHARU,PASAR BESAR SITI KHADIJAH,Runcit,26,Sayur-Sayuran,04,003,KACANG BUNCIS,F.A.Q,Kilogram,11,10.6,
31044013,2026-10-08,2026-10-08 12:05:34.861793,KELANTAN,KOTA BHARU,PASAR BESAR SITI KHADIJAH,Runcit,26,Sayur-Sayuran,04,003,KACANG BUNCIS,F.A.Q,Kilogram,10,10.6,
31044014,2026-10-08,2026-10-08 12:05:34.861793,KELANTAN,KOTA BHARU,PASAR BESAR SITI KHADIJAH,Runcit,26,Sayur-Sayuran,04,003,KACANG BUNCIS,F.A.Q,Kilogram,10,10.6,
31044015,2026-10-08,2026-10-08 12:05:34.861793,KELANTAN,KOTA BHARU,PASAR BESAR SITI KHADIJAH,Runcit,26,Sayur-Sayuran,04,007,KACANG PANJANG HIJAU,F.A.Q,Kilogram,6,6.4,
31044016,2026-10-08,2026-10-08 12:05:34.861793,KELANTAN,KOTA BHARU,PASAR BESAR SITI KHADIJAH,Runcit,26,Sayur-Sayuran,04,007,KACANG PANJANG HIJAU,F.A.Q,Kilogram,6,6.4,
31044017,2026-10-08,2026-10-08 12:05:34.861793,KELANTAN,KOTA BHARU,PASAR BESAR SITI KHADIJAH,Runcit,26,Sayur-Sayuran,04,007,KACANG PANJANG HIJAU,F.A.Q,Kilogram,6,6.4,
31044018,2026-10-08,2026-10-08 12:05:34.861793,KELANTAN,KOTA BHARU,PASAR BESAR SITI KHADIJAH,Runcit,26,Sayur-Sayuran,04,007,KACANG PANJANG HIJAU,F.A.Q,Kilogram,7,6.4,
31044019,2026-10-08,2026-10-08 12:05:34.861793,KELANTAN,KOTA BHARU,PASAR BESAR SITI KHADIJAH,Runcit,26,Sayur-Sayuran,04,007,KACANG PANJANG HIJAU,F.A.Q,Kilogram,7,6.4,
31044020,2026-10-08,2026-10-08 12:05:34.861793,KELANTAN,KOTA BHARU,PASAR BESAR SITI KHADIJAH,Runcit,26,Sayur-Sayuran,03,019,KANGKUNG,F.A.Q,Kilogram,6,3.8,
31044021,2026-10-08,2026-10-08 12:05:34.861793,KELANTAN,KOTA BHARU,PASAR BESAR SITI KHADIJAH,Runcit,26,Sayur-Sayuran,03,019,KANGKUNG,F.A.Q,Kilogram,6,3.8,
31044022,2026-10-08,2026-10-08 12:05:34.861793,KELANTAN,KOTA BHARU,PASAR BESAR SITI KHADIJAH,Runcit,26,Sayur-Sayuran,03,019,KANGKUNG,F.A.Q,Kilogram,6,3.8,
31044023,2026-10-08,2026-10-08 12:05:34.861793,KELANTAN,KOTA BHARU,PASAR BESAR SITI KHADIJAH,Runcit,26,Sayur-Sayuran,03,019,KANGKUNG,F.A.Q,Kilogram,5,3.8,
31044024,2026-10-08,2026-10-08 12:05:34.861793,KELANTAN,KOTA BHARU,PASAR BESAR SITI KHADIJAH,Runcit,26,Sayur-Sayuran,03,019,KANGKUNG,F.A.Q,Kilogram,5,3.8,
31044025,2026-10-08,2026-10-08 12:05:34.861793,KELANTAN,KOTA BHARU,PASAR BESAR SITI KHADIJAH,Runcit,26,Sayur-Sayuran,03,019,KANGKUNG (IMPORT),F.A.Q,Kilogram,6,4.8,
31044026,2026-10-08,2026-10-08 12:05:34.861793,KELANTAN,KOTA BHARU,PASAR BESAR SITI KHADIJAH,Runcit,26,Sayur-Sayuran,03,019,KANGKUNG (IMPORT),F.A.Q,Kilogram,6,4.8,
31044027,2026-10-08,2026-10-08 12:05:34.861793,KELANTAN,KOTA BHARU,PASAR BESAR SITI KHADIJAH,Runcit,26,Sayur-Sayuran,03,019,KANGKUNG (IMPORT),F.A.Q,Kilogram,6,4.8,
31044028,2026-10-08,2026-10-08 12:05:34.861793,KELANTAN,KOTA BHARU,PASAR BESAR SITI KHADIJAH,Runcit,26,Sayur-Sayuran,03,019,KANGKUNG (IMPORT),F.A.Q,Kilogram,5,4.8,
31044029,2026-10-08,2026-10-08 12:05:34.861793,KELANTAN,KOTA BHARU,PASAR BESAR SITI KHADIJAH,Runcit,26,Sayur-Sayuran,03,019,KANGKUNG (IMPORT),F.A.Q,Kilogram,5,4.8,
31044030,2026-10-08,2026-10-08 12:05:35.024728,KELANTAN,KOTA BHARU,PASAR BESAR SITI KHADIJAH,Runcit,26,Sayur-Sayuran,03,006,KUBIS BULAT (CHINA),F.A.Q,Kilogram,3,3.2,
31044031,2026-10-08,2026-10-08 12:05:35.024728,KELANTAN,KOTA BHARU,PASAR BESAR SITI KHADIJAH,Runcit,26,Sayur-Sayuran,03,006,KUBIS BULAT (CHINA),F.A.Q,Kilogram,3,3.2,
31044032,2026-10-08,2026-10-08 12:05:35.024728,KELANTAN,KOTA BHARU,PASAR BESAR SITI KHADIJAH,Runcit,26,Sayur-Sayuran,03,006,KUBIS BULAT (CHINA),F.A.Q,Kilogram,3,3.2,
31044033,2026-10-08,2026-10-08 12:05:35.024728,KELANTAN,KOTA BHARU,PASAR BESAR SITI KHADIJAH,Runcit,26,Sayur-Sayuran,03,006,KUBIS BULAT (CHINA),F.A.Q,Kilogram,3.5,3.2,
31044034,2026-10-08,2026-10-08 12:05:35.024728,KELANTAN,KOTA BHARU,PASAR BESAR SITI KHADIJAH,Runcit,26,Sayur-Sayuran,03,006,KUBIS BULAT (CHINA),F.A.Q,Kilogram,3.5,3.2,
31044035,2026-10-08,2026-10-08 12:05:35.024728,KELANTAN,KOTA BHARU,PASAR BESAR SITI KHADIJAH,Runcit,26,Sayur-Sayuran,03,006,KUBIS BULAT (TANAH TINGGI),F.A.Q,Kilogram,4,3.8,
31044036,2026-10-08,2026-10-08 12:05:35.024728,KELANTAN,KOTA BHARU,PASAR BESAR SITI KHADIJAH,Runcit,26,Sayur-Sayuran,03,006,KUBIS BULAT (TANAH TINGGI),F.A.Q,Kilogram,4,3.8,
31044037,2026-10-08,2026-10-08 12:05:35.024728,KELANTAN,KOTA BHARU,PASAR BESAR SITI KHADIJAH,Runcit,26,Sayur-Sayuran,03,006,KUBIS BULAT (TANAH TINGGI),F.A.Q,Kilogram,4,3.8,
31044038,2026-10-08,2026-10-08 12:05:35.024728,KELANTAN,KOTA BHARU,PASAR BESAR SITI KHADIJAH,Runcit,26,Sayur-Sayuran,03,006,KUBIS BULAT (TANAH TINGGI),F.A.Q,Kilogram,3.5,3.8,
31044039,2026-10-08,2026-10-08 12:05:35.024728,KELANTAN,KOTA BHARU,PASAR BESAR SITI KHADIJAH,Runcit,26,Sayur-Sayuran,03,006,KUBIS BULAT (TANAH TINGGI),F.A.Q,Kilogram,3.5,3.8,
31044040,2026-10-08,2026-10-08 12:05:35.024728,KELANTAN,KOTA BHARU,PASAR BESAR SITI KHADIJAH,Runcit,26,Sayur-Sayuran,03,007,SAWI HIJAU,F.A.Q,Kilogram,11,5.3,
31044041,2026-10-08,2026-10-08 12:05:35.024728,KELANTAN,KOTA BHARU,PASAR BESAR SITI KHADIJAH,Runcit,26,Sayur-Sayuran,03,007,SAWI HIJAU,F.A.Q,Kilogram,11,5.3,
31044042,2026-10-08,2026-10-08 12:05:35.024728,KELANTAN,KOTA BHARU,PASAR BESAR SITI KHADIJAH,Runcit,26,Sayur-Sayuran,03,007,SAWI HIJAU,F.A.Q,Kilogram,11,5.3,
31044043,2026-10-08,2026-10-08 12:05:35.024728,KELANTAN,KOTA BHARU,PASAR BESAR SITI KHADIJAH,Runcit,26,Sayur-Sayuran,03,007,SAWI HIJAU,F.A.Q,Kilogram,10,5.3,
31044044,2026-10-08,2026-10-08 12:05:35.024728,KELANTAN,KOTA BHARU,PASAR BESAR SITI KHADIJAH,Runcit,26,Sayur-Sayuran,03,007,SAWI HIJAU,F.A.Q,Kilogram,10,5.3,
31044045,2026-10-08,2026-10-08 12:05:35.024728,KELANTAN,KOTA BHARU,PASAR BESAR SITI KHADIJAH,Runcit,26,Sayur-Sayuran,03,007,SAWI HIJAU (IMPORT),F.A.Q,Kilogram,11,5.54,
31044046,2026-10-08,2026-10-08 12:05:35.024728,KELANTAN,KOTA BHARU,PASAR BESAR SITI KHADIJAH,Runcit,26,Sayur-Sayuran,03,007,SAWI HIJAU (IMPORT),F.A.Q,Kilogram,11,5.54,
31044047,2026-10-08,2026-10-08 12:05:35.024728,KELANTAN,KOTA BHARU,PASAR BESAR SITI KHADIJAH,Runcit,26,Sayur-Sayuran,03,007,SAWI HIJAU (IMPORT),F.A.Q,Kilogram,11,5.54,
31044048,2026-10-08,2026-10-08 12:05:35.024728,KELANTAN,KOTA BHARU,PASAR BESAR SITI KHADIJAH,Runcit,26,Sayur-Sayuran,03,007,SAWI HIJAU (IMPORT),F.A.Q,Kilogram,10,5.54,
31044049,2026-10-08,2026-10-08 12:05:35.024728,KELANTAN,KOTA BHARU,PASAR BESAR SITI KHADIJAH,Runcit,26,Sayur-Sayuran,03,007,SAWI HIJAU (IMPORT),F.A.Q,Kilogram,10,5.54,
31044050,2026-10-08,2026-10-08 12:05:35.024728,KELANTAN,KOTA BHARU,PASAR BESAR SITI KHADIJAH,Runcit,26,Sayur-Sayuran,02,010,TERUNG PANJANG / PEPARU (TANAH RENDAH),F.A.Q,Kilogram,4.5,4.8,
31044051,2026-10-08,2026-10-08 12:05:35.024728,KELANTAN,KOTA BHARU,PASAR BESAR SITI KHADIJAH,Runcit,26,Sayur-Sayuran,02,010,TERUNG PANJANG / PEPARU (TANAH RENDAH),F.A.Q,Kilogram,4.5,4.8,
31044052,2026-10-08,2026-10-08 12:05:35.024728,KELANTAN,KOTA BHARU,PASAR BESAR SITI KHADIJAH,Runcit,26,Sayur-Sayuran,02,010,TERUNG PANJANG / PEPARU (TANAH RENDAH),F.A.Q,Kilogram,4.5,4.8,
31044053,2026-10-08,2026-10-08 12:05:35.024728,KELANTAN,KOTA BHARU,PASAR BESAR SITI KHADIJAH,Runcit,26,Sayur-Sayuran,02,010,TERUNG PANJANG / PEPARU (TANAH RENDAH),F.A.Q,Kilogram,4,4.8,
31044054,2026-10-08,2026-10-08 12:05:35.024728,KELANTAN,KOTA BHARU,PASAR BESAR SITI KHADIJAH,Runcit,26,Sayur-Sayuran,02,010,TERUNG PANJANG / PEPARU (TANAH RENDAH),F.A.Q,Kilogram,4,4.8,
31044055,2026-10-08,2026-10-08 12:05:35.024728,KELANTAN,KOTA BHARU,PASAR BESAR SITI KHADIJAH,Runcit,26,Sayur-Sayuran,02,011,TIMUN HIJAU,F.A.Q,Kilogram,2.5,2.7,
31044056,2026-10-08,2026-10-08 12:05:35.024728,KELANTAN,KOTA BHARU,PASAR BESAR SITI KHADIJAH,Runcit,26,Sayur-Sayuran,02,011,TIMUN HIJAU,F.A.Q,Kilogram,2.5,2.7,
31044057,2026-10-08,2026-10-08 12:05:35.024728,KELANTAN,KOTA BHARU,PASAR BESAR SITI KHADIJAH,Runcit,26,Sayur-Sayuran,02,011,TIMUN HIJAU,F.A.Q,Kilogram,2.5,2.7,
31044058,2026-10-08,2026-10-08 12:05:35.024728,KELANTAN,KOTA BHARU,PASAR BESAR SITI KHADIJAH,Runcit,26,Sayur-Sayuran,02,011,TIMUN HIJAU,F.A.Q,Kilogram,3,2.7,
31044059,2026-10-08,2026-10-08 12:05:35.024728,KELANTAN,KOTA BHARU,PASAR BESAR SITI KHADIJAH,Runcit,26,Sayur-Sayuran,02,011,TIMUN HIJAU,F.A.Q,Kilogram,3,2.7,
31044060,2026-10-08,2026-10-08 12:05:35.024728,KELANTAN,KOTA BHARU,PASAR BESAR SITI KHADIJAH,Runcit,26,Sayur-Sayuran,02,012,TOMATO (TANAH TINGGI),F.A.Q,Kilogram,5.5,7.4,
31044061,2026-10-08,2026-10-08 12:05:35.024728,KELANTAN,KOTA BHARU,PASAR BESAR SITI KHADIJAH,Runcit,26,Sayur-Sayuran,02,012,TOMATO (TANAH TINGGI),F.A.Q,Kilogram,5.5,7.4,
31044062,2026-10-08,2026-10-08 12:05:35.024728,KELANTAN,KOTA BHARU,PASAR BESAR SITI KHADIJAH,Runcit,26,Sayur-Sayuran,02,012,TOMATO (TANAH TINGGI),F.A.Q,Kilogram,5.5,7.4,
31044063,2026-10-08,2026-10-08 12:05:35.024728,KELANTAN,KOTA BHARU,PASAR BESAR SITI KHADIJAH,Runcit,26,Sayur-Sayuran,02,012,TOMATO (TANAH TINGGI),F.A.Q,Kilogram,5,7.4,
31044064,2026-10-08,2026-10-08 12:05:35.024728,KELANTAN,KOTA BHARU,PASAR BESAR SITI KHADIJAH,Runcit,26,Sayur-Sayuran,02,012,TOMATO (TANAH TINGGI),F.A.Q,Kilogram,5,7.4,
31044065,2026-10-08,2026-10-08 12:05:35.024728,KELANTAN,KOTA BHARU,PASAR BESAR SITI KHADIJAH,Runcit,26,Sayur-Sayuran,05,009,UBI KENTANG (IMPORT),F.A.Q,Kilogram,3,3,
31044066,2026-10-08,2026-10-08 12:05:35.024728,KELANTAN,KOTA BHARU,PASAR BESAR SITI KHADIJAH,Runcit,26,Sayur-Sayuran,05,009,UBI KENTANG (IMPORT),F.A.Q,Kilogram,3,3,
31044067,2026-10-08,2026-10-08 12:05:35.024728,KELANTAN,KOTA BHARU,PASAR BESAR SITI KHADIJAH,Runcit,26,Sayur-Sayuran,05,009,UBI KENTANG (IMPORT),F.A.Q,Kilogram,3,3,
31044068,2026-10-08,2026-10-08 12:05:35.024728,KELANTAN,KOTA BHARU,PASAR BESAR SITI KHADIJAH,Runcit,26,Sayur-Sayuran,05,009,UBI KENTANG (IMPORT),F.A.Q,Kilogram,3,3,
31044069,2026-10-08,2026-10-08 12:05:35.024728,KELANTAN,KOTA BHARU,PASAR BESAR SITI KHADIJAH,Runcit,26,Sayur-Sayuran,05,009,UBI KENTANG (IMPORT),F.A.Q,Kilogram,3,3,
31044072,2026-10-08,2026-10-08 12:06:13.377917,SARAWAK,MIRI,PASAR TAMU MUHIBBAH MIRI,Runcit,26,Buah-Buahan,02,005,BETIK SEKAKI,F.A.Q,Kilogram,5,5,
31044073,2026-10-08,2026-10-08 12:06:13.377917,SARAWAK,MIRI,PASAR TAMU MUHIBBAH MIRI,Runcit,26,Buah-Buahan,02,023,NANAS JOSAPINE (AC5),F.A.Q,Kilogram,5,5,
31044074,2026-10-08,2026-10-08 12:06:13.377917,SARAWAK,MIRI,PASAR TAMU MUHIBBAH MIRI,Runcit,26,Buah-Buahan,02,028,PISANG BERANGAN,F.A.Q,Kilogram,8.5,8.25,
31044075,2026-10-08,2026-10-08 12:06:13.377917,SARAWAK,MIRI,PASAR TAMU MUHIBBAH MIRI,Runcit,26,Buah-Buahan,02,028,PISANG MAS,F.A.Q,Kilogram,8.5,8.416667,
31044076,2026-10-08,2026-10-08 12:06:13.377917,SARAWAK,MIRI,PASAR TAMU MUHIBBAH MIRI,Runcit,26,Buah-Buahan,02,034,TEMBIKAI MERAH TANPA BIJI,F.A.Q,Kilogram,5,5,
31044077,2026-10-08,2026-10-08 12:07:44.878662,KELANTAN,KOTA BHARU,PASAR BESAR SITI KHADIJAH,Runcit,26,Buah-Buahan,02,005,BETIK SEKAKI,F.A.Q,Kilogram,4.5,4.22,
31044078,2026-10-08,2026-10-08 12:07:44.878662,KELANTAN,KOTA BHARU,PASAR BESAR SITI KHADIJAH,Runcit,26,Buah-Buahan,02,005,BETIK SEKAKI,F.A.Q,Kilogram,4.5,4.22,
31044079,2026-10-08,2026-10-08 12:07:44.878662,KELANTAN,KOTA BHARU,PASAR BESAR SITI KHADIJAH,Runcit,26,Buah-Buahan,02,005,BETIK SEKAKI,F.A.Q,Kilogram,4.5,4.22,
31044080,2026-10-08,2026-10-08 12:07:44.878662,KELANTAN,KOTA BHARU,PASAR BESAR SITI KHADIJAH,Runcit,26,Buah-Buahan,02,005,BETIK SEKAKI,F.A.Q,Kilogram,4,4.22,
31044081,2026-10-08,2026-10-08 12:07:44.878662,KELANTAN,KOTA BHARU,PASAR BESAR SITI KHADIJAH,Runcit,26,Buah-Buahan,02,005,BETIK SEKAKI,F.A.Q,Kilogram,4,4.22,
31044082,2026-10-08,2026-10-08 12:08:09.314691,KELANTAN,KOTA BHARU,PASAR BESAR SITI KHADIJAH,Runcit,26,Ternakan,03,002,AYAM PROSES STANDARD,F.A.Q,Kilogram,9.5,9.5,
31044083,2026-10-08,2026-10-08 12:08:09.314691,KELANTAN,KOTA BHARU,PASAR BESAR SITI KHADIJAH,Runcit,26,Ternakan,03,002,AYAM PROSES STANDARD,F.A.Q,Kilogram,9.5,9.5,
31044084,2026-10-08,2026-10-08 12:08:09.314691,KELANTAN,KOTA BHARU,PASAR BESAR SITI KHADIJAH,Runcit,26,Ternakan,03,002,AYAM PROSES SUPER,F.A.Q,Kilogram,9.8,9.8,
31044085,2026-10-08,2026-10-08 12:08:09.314691,KELANTAN,KOTA BHARU,PASAR BESAR SITI KHADIJAH,Runcit,26,Ternakan,03,002,AYAM PROSES SUPER,F.A.Q,Kilogram,9.8,9.8,
31044086,2026-10-08,2026-10-08 12:08:39.658714,KELANTAN,KOTA BHARU,PASAR BESAR SITI KHADIJAH,Runcit,26,Ternakan,02,003,DAGING LEMBU PEJAL,F.A.Q,Kilogram,26,26.25,
31044087,2026-10-08,2026-10-08 12:08:39.658714,KELANTAN,KOTA BHARU,PASAR BESAR SITI KHADIJAH,Runcit,26,Ternakan,02,003,DAGING LEMBU PEJAL,F.A.Q,Kilogram,26,26.25,
31044088,2026-10-08,2026-10-08 12:08:39.658714,KELANTAN,KOTA BHARU,PASAR BESAR SITI KHADIJAH,Runcit,26,Ternakan,02,003,DAGING LEMBU PEJAL,F.A.Q,Kilogram,26,26.25,
31044089,2026-10-08,2026-10-08 12:08:39.658714,KELANTAN,KOTA BHARU,PASAR BESAR SITI KHADIJAH,Runcit,26,Ternakan,02,003,DAGING LEMBU PEJAL,F.A.Q,Kilogram,27,26.25,
31044090,2026-10-08,2026-10-08 12:08:57.233881,KELANTAN,KOTA BHARU,PASAR BESAR SITI KHADIJAH,Runcit,26,Lain-Lain Makanan Proses,15,001,SANTAN PEKAT,F.A.Q,Kilogram,17,17,
31044091,2026-10-08,2026-10-08 12:09:53.776361,KELANTAN,KOTA BHARU,PASAR BESAR SITI KHADIJAH,Runcit,26,Ternakan,03,002,KERATAN AYAM - DADA,F.A.Q,Kilogram,14,14,
31044092,2026-10-08,2026-10-08 12:09:53.776361,KELANTAN,KOTA BHARU,PASAR BESAR SITI KHADIJAH,Runcit,26,Ternakan,03,002,KERATAN AYAM - DADA,F.A.Q,Kilogram,14,14,
31044093,2026-10-08,2026-10-08 12:09:53.776361,KELANTAN,KOTA BHARU,PASAR BESAR SITI KHADIJAH,Runcit,26,Ternakan,03,002,KERATAN AYAM - KEPAK,F.A.Q,Kilogram,15,15,
31044094,2026-10-08,2026-10-08 12:09:53.776361,KELANTAN,KOTA BHARU,PASAR BESAR SITI KHADIJAH,Runcit,26,Ternakan,03,002,KERATAN AYAM - KEPAK,F.A.Q,Kilogram,15,15,
31044095,2026-10-08,2026-10-08 12:09:53.776361,KELANTAN,KOTA BHARU,PASAR BESAR SITI KHADIJAH,Runcit,26,Ternakan,03,002,KERATAN AYAM - PAHA,F.A.Q,Kilogram,15,15,
31044096,2026-10-08,2026-10-08 12:09:53.776361,KELANTAN,KOTA BHARU,PASAR BESAR SITI KHADIJAH,Runcit,26,Ternakan,03,002,KERATAN AYAM - PAHA,F.A.Q,Kilogram,15,15,
31044097,2026-10-08,2026-10-08 12:09:53.776361,KELANTAN,KOTA BHARU,PASAR BESAR SITI KHADIJAH,Runcit,26,Ternakan,03,002,KERATAN AYAM - PAHA ATAS / THIGH,F.A.Q,Kilogram,18,18,
31044098,2026-10-08,2026-10-08 12:09:53.776361,KELANTAN,KOTA BHARU,PASAR BESAR SITI KHADIJAH,Runcit,26,Ternakan,03,002,KERATAN AYAM - PAHA ATAS / THIGH,F.A.Q,Kilogram,18,18,
31044099,2026-10-08,2026-10-08 12:09:53.776361,KELANTAN,KOTA BHARU,PASAR BESAR SITI KHADIJAH,Runcit,26,Ternakan,03,002,KERATAN AYAM - PAHA PENUH / WHOLE LEG,F.A.Q,Kilogram,9,9,
31044100,2026-10-08,2026-10-08 12:09:53.776361,KELANTAN,KOTA BHARU,PASAR BESAR SITI KHADIJAH,Runcit,26,Ternakan,03,002,KERATAN AYAM - PAHA PENUH / WHOLE LEG,F.A.Q,Kilogram,9,9,
31044101,2026-10-08,2026-10-08 12:11:52.726107,KEDAH,KOTA SETAR,PASAR BORONG ALOR SETAR,Borong,20,Ternakan,11,001,TELUR AYAM,A,Biji,0.49,0.49,
31044102,2026-10-08,2026-10-08 12:11:52.726107,KEDAH,KOTA SETAR,PASAR BORONG ALOR SETAR,Borong,20,Ternakan,11,001,TELUR AYAM,B,Biji,0.48,0.4725,
31044103,2026-10-08,2026-10-08 12:11:52.726107,KEDAH,KOTA SETAR,PASAR BORONG ALOR SETAR,Borong,20,Ternakan,11,001,TELUR AYAM,C,Biji,0.45,0.45,
31044104,2026-10-08,2026-10-08 12:12:27.300616,KELANTAN,KOTA BHARU,PASAR BESAR SITI KHADIJAH,Runcit,26,Hasil Laut & Perikanan,02,012,IKAN KELI BUNGA,F.A.Q,Kilogram,8,8,
31044105,2026-10-08,2026-10-08 12:12:27.300616,KELANTAN,KOTA BHARU,PASAR BESAR SITI KHADIJAH,Runcit,26,Hasil Laut & Perikanan,02,012,IKAN KELI BUNGA,F.A.Q,Kilogram,8,8,
31044106,2026-10-08,2026-10-08 12:12:27.300616,KELANTAN,KOTA BHARU,PASAR BESAR SITI KHADIJAH,Runcit,26,Hasil Laut & Perikanan,02,005,IKAN PATIN (KOLAM),F.A.Q,Kilogram,9,9,
31044107,2026-10-08,2026-10-08 12:12:27.300616,KELANTAN,KOTA BHARU,PASAR BESAR SITI KHADIJAH,Runcit,26,Hasil Laut & Perikanan,02,005,IKAN PATIN (KOLAM),F.A.Q,Kilogram,9,9,
31044108,2026-10-08,2026-10-08 12:12:27.300616,KELANTAN,KOTA BHARU,PASAR BESAR SITI KHADIJAH,Runcit,26,Hasil Laut & Perikanan,02,002,IKAN TILAPIA HITAM,F.A.Q,Kilogram,13,13,
31044109,2026-10-08,2026-10-08 12:12:27.300616,KELANTAN,KOTA BHARU,PASAR BESAR SITI KHADIJAH,Runcit,26,Hasil Laut & Perikanan,02,002,IKAN TILAPIA HITAM,F.A.Q,Kilogram,13,13,
31044110,2026-10-08,2026-10-08 12:12:27.300616,KELANTAN,KOTA BHARU,PASAR BESAR SITI KHADIJAH,Runcit,26,Hasil Laut & Perikanan,02,002,IKAN TILAPIA MERAH,F.A.Q,Kilogram,15,15,
31044111,2026-10-08,2026-10-08 12:12:27.300616,KELANTAN,KOTA BHARU,PASAR BESAR SITI KHADIJAH,Runcit,26,Hasil Laut & Perikanan,02,002,IKAN TILAPIA MERAH,F.A.Q,Kilogram,15,15,
31044112,2026-10-08,2026-10-08 12:12:27.300616,KELANTAN,KOTA BHARU,PASAR BESAR SITI KHADIJAH,Runcit,26,Hasil Laut & Perikanan,02,006,UDANG GALAH,F.A.Q,Kilogram,35,35,
31044113,2026-10-08,2026-10-08 12:12:27.300616,KELANTAN,KOTA BHARU,PASAR BESAR SITI KHADIJAH,Runcit,26,Hasil Laut & Perikanan,02,006,UDANG GALAH,F.A.Q,Kilogram,35,35,
31044114,2026-10-08,2026-10-08 12:14:35.842926,KELANTAN,KOTA BHARU,PASAR BESAR SITI KHADIJAH,Runcit,26,Ternakan,02,003,DAGING BATANG PINANG - TENDERLION,F.A.Q,Kilogram,29,29,
31044115,2026-10-08,2026-10-08 12:14:35.842926,KELANTAN,KOTA BHARU,PASAR BESAR SITI KHADIJAH,Runcit,26,Ternakan,02,003,DAGING BATANG PINANG - TENDERLION,F.A.Q,Kilogram,29,29,
31044116,2026-10-08,2026-10-08 12:14:35.842926,KELANTAN,KOTA BHARU,PASAR BESAR SITI KHADIJAH,Runcit,26,Ternakan,02,003,DAGING BATANG PINANG - TENDERLION,F.A.Q,Kilogram,29,29,
31044117,2026-10-08,2026-10-08 12:14:35.842926,KELANTAN,KOTA BHARU,PASAR BESAR SITI KHADIJAH,Runcit,26,Ternakan,02,003,DAGING BATANG PINANG - TENDERLION,F.A.Q,Kilogram,29,29,
31044118,2026-10-08,2026-10-08 12:14:35.842926,KELANTAN,KOTA BHARU,PASAR BESAR SITI KHADIJAH,Runcit,26,Ternakan,07,002,DAGING KAMBING,F.A.Q,Kilogram,50,50,
31044119,2026-10-08,2026-10-08 12:14:35.842926,KELANTAN,KOTA BHARU,PASAR BESAR SITI KHADIJAH,Runcit,26,Ternakan,07,002,DAGING KAMBING,F.A.Q,Kilogram,50,50,
31044120,2026-10-08,2026-10-08 12:14:35.842926,KELANTAN,KOTA BHARU,PASAR BESAR SITI KHADIJAH,Runcit,26,Ternakan,07,002,DAGING KAMBING,F.A.Q,Kilogram,50,50,
31044121,2026-10-08,2026-10-08 12:14:35.842926,KELANTAN,KOTA BHARU,PASAR BESAR SITI KHADIJAH,Runcit,26,Ternakan,07,002,DAGING KAMBING,F.A.Q,Kilogram,50,50,
31044122,2026-10-08,2026-10-08 12:14:35.842926,KELANTAN,KOTA BHARU,PASAR BESAR SITI KHADIJAH,Runcit,26,Ternakan,02,003,DAGING LEMBU CINCANG,F.A.Q,Kilogram,15,15,
31044123,2026-10-08,2026-10-08 12:14:35.842926,KELANTAN,KOTA BHARU,PASAR BESAR SITI KHADIJAH,Runcit,26,Ternakan,02,003,DAGING LEMBU CINCANG,F.A.Q,Kilogram,15,15,
31044124,2026-10-08,2026-10-08 12:14:35.842926,KELANTAN,KOTA BHARU,PASAR BESAR SITI KHADIJAH,Runcit,26,Ternakan,02,003,DAGING LEMBU CINCANG,F.A.Q,Kilogram,15,15,
31044125,2026-10-08,2026-10-08 12:14:35.842926,KELANTAN,KOTA BHARU,PASAR BESAR SITI KHADIJAH,Runcit,26,Ternakan,02,003,DAGING LEMBU CINCANG,F.A.Q,Kilogram,15,15,
31044126,2026-10-08,2026-10-08 12:14:35.842926,KELANTAN,KOTA BHARU,PASAR BESAR SITI KHADIJAH,Runcit,26,Ternakan,02,003,DAGING PEJAL (INDIA),F.A.Q,Kilogram,20,20,
31044127,2026-10-08,2026-10-08 12:14:35.842926,KELANTAN,KOTA BHARU,PASAR BESAR SITI KHADIJAH,Runcit,26,Ternakan,02,003,DAGING PEJAL (INDIA),F.A.Q,Kilogram,20,20,
31044128,2026-10-08,2026-10-08 12:14:35.842926,KELANTAN,KOTA BHARU,PASAR BESAR SITI KHADIJAH,Runcit,26,Ternakan,02,003,DAGING PEJAL (INDIA),F.A.Q,Kilogram,20,20,
31044129,2026-10-08,2026-10-08 12:14:35.842926,KELANTAN,KOTA BHARU,PASAR BESAR SITI KHADIJAH,Runcit,26,Ternakan,02,003,DAGING PEJAL (INDIA),F.A.Q,Kilogram,20,20,
31044130,2026-10-08,2026-10-08 12:14:35.842926,KELANTAN,KOTA BHARU,PASAR BESAR SITI KHADIJAH,Runcit,26,Ternakan,05,003,HATI LEMBU,F.A.Q,Kilogram,26,26,
31044131,2026-10-08,2026-10-08 12:14:35.842926,KELANTAN,KOTA BHARU,PASAR BESAR SITI KHADIJAH,Runcit,26,Ternakan,05,003,HATI LEMBU,F.A.Q,Kilogram,26,26,
31044132,2026-10-08,2026-10-08 12:14:35.842926,KELANTAN,KOTA BHARU,PASAR BESAR SITI KHADIJAH,Runcit,26,Ternakan,05,003,HATI LEMBU,F.A.Q,Kilogram,26,26,
31044133,2026-10-08,2026-10-08 12:14:35.842926,KELANTAN,KOTA BHARU,PASAR BESAR SITI KHADIJAH,Runcit,26,Ternakan,05,003,HATI LEMBU,F.A.Q,Kilogram,26,26,
31044134,2026-10-08,2026-10-08 12:14:35.842926,KELANTAN,KOTA BHARU,PASAR BESAR SITI KHADIJAH,Runcit,26,Ternakan,17,001,LIMPA LEMBU,F.A.Q,Kilogram,26,26,
31044135,2026-10-08,2026-10-08 12:14:35.842926,KELANTAN,KOTA BHARU,PASAR BESAR SITI KHADIJAH,Runcit,26,Ternakan,17,001,LIMPA LEMBU,F.A.Q,Kilogram,26,26,
31044136,2026-10-08,2026-10-08 12:14:35.842926,KELANTAN,KOTA BHARU,PASAR BESAR SITI KHADIJAH,Runcit,26,Ternakan,17,001,LIMPA LEMBU,F.A.Q,Kilogram,26,26,
31044137,2026-10-08,2026-10-08 12:14:35.842926,KELANTAN,KOTA BHARU,PASAR BESAR SITI KHADIJAH,Runcit,26,Ternakan,17,001,LIMPA LEMBU,F.A.Q,Kilogram,26,26,
31044138,2026-10-08,2026-10-08 12:14:35.842926,KELANTAN,KOTA BHARU,PASAR BESAR SITI KHADIJAH,Runcit,26,Ternakan,15,002,PARU LEMBU,F.A.Q,Kilogram,26,26,
31044139,2026-10-08,2026-10-08 12:14:35.842926,KELANTAN,KOTA BHARU,PASAR BESAR SITI KHADIJAH,Runcit,26,Ternakan,15,002,PARU LEMBU,F.A.Q,Kilogram,26,26,
31044140,2026-10-08,2026-10-08 12:14:35.842926,KELANTAN,KOTA BHARU,PASAR BESAR SITI KHADIJAH,Runcit,26,Ternakan,15,002,PARU LEMBU,F.A.Q,Kilogram,26,26,
31044141,2026-10-08,2026-10-08 12:14:35.842926,KELANTAN,KOTA BHARU,PASAR BESAR SITI KHADIJAH,Runcit,26,Ternakan,15,002,PARU LEMBU,F.A.Q,Kilogram,26,26,
31044142,2026-10-08,2026-10-08 12:14:35.842926,KELANTAN,KOTA BHARU,PASAR BESAR SITI KHADIJAH,Runcit,26,Ternakan,16,001,PERUT BULAT / MUDA / USUS LEMBU,F.A.Q,Kilogram,26,26,
31044143,2026-10-08,2026-10-08 12:14:35.842926,KELANTAN,KOTA BHARU,PASAR BESAR SITI KHADIJAH,Runcit,26,Ternakan,16,001,PERUT BULAT / MUDA / USUS LEMBU,F.A.Q,Kilogram,26,26,
31044144,2026-10-08,2026-10-08 12:14:35.842926,KELANTAN,KOTA BHARU,PASAR BESAR SITI KHADIJAH,Runcit,26,Ternakan,16,001,PERUT BULAT / MUDA / USUS LEMBU,F.A.Q,Kilogram,26,26,
31044145,2026-10-08,2026-10-08 12:14:35.842926,KELANTAN,KOTA BHARU,PASAR BESAR SITI KHADIJAH,Runcit,26,Ternakan,16,001,PERUT BULAT / MUDA / USUS LEMBU,F.A.Q,Kilogram,26,26,
31044146,2026-10-08,2026-10-08 12:15:06.9413,KELANTAN,KOTA BHARU,PASAR BESAR SITI KHADIJAH,Runcit,26,Lain-Lain Makanan Proses,15,001,SANTAN BIASA,F.A.Q,Kilogram,13,13,
31044147,2026-10-08,2026-10-08 12:15:06.9413,KELANTAN,KOTA BHARU,PASAR BESAR SITI KHADIJAH,Runcit,26,Lain-Lain Makanan Proses,25,002,TELUR ITIK MASIN,F.A.Q,Biji,1.5,1.5,
31044231,2026-10-08,2026-10-08 12:18:19.482333,JOHOR,JOHOR BAHRU,[PUSAT KUTIPAN HARGA BORONG] SKUDAI,Borong,20,Ternakan,03,002,AYAM PROSES STANDARD,F.A.Q,Kilogram,7.5,7.5,
31044232,2026-10-08,2026-10-08 12:18:30.512942,NEGERI SEMBILAN,REMBAU,PASAR AWAM REMBAU,Runcit,26,Ternakan,03,002,AYAM PROSES STANDARD,F.A.Q,Kilogram,10,10,
31044233,2026-10-08,2026-10-08 12:21:25.257282,KELANTAN,KOTA BHARU,PASAR BORONG RTC KOTA BHARU,Borong,20,Sayur-Sayuran,03,001,BAYAM,F.A.Q,Kilogram,5.5,4.695652,
31044234,2026-10-08,2026-10-08 12:21:25.257282,KELANTAN,KOTA BHARU,PASAR BORONG RTC KOTA BHARU,Borong,20,Sayur-Sayuran,03,001,BAYAM,F.A.Q,Kilogram,5.5,4.695652,
31044235,2026-10-08,2026-10-08 12:21:25.257282,KELANTAN,KOTA BHARU,PASAR BORONG RTC KOTA BHARU,Borong,20,Sayur-Sayuran,03,001,BAYAM,F.A.Q,Kilogram,5.5,4.695652,
31044236,2026-10-08,2026-10-08 12:21:25.257282,KELANTAN,KOTA BHARU,PASAR BORONG RTC KOTA BHARU,Borong,20,Sayur-Sayuran,03,001,BAYAM,F.A.Q,Kilogram,5,4.695652,
31044237,2026-10-08,2026-10-08 12:21:25.257282,KELANTAN,KOTA BHARU,PASAR BORONG RTC KOTA BHARU,Borong,20,Sayur-Sayuran,03,001,BAYAM,F.A.Q,Kilogram,5,4.695652,
31044238,2026-10-08,2026-10-08 12:22:25.85782,NEGERI SEMBILAN,SEREMBAN,PASAR BESAR SEREMBAN - BAHAGIAN BORONG,Borong,20,Sayur-Sayuran,02,011,TIMUN HIJAU,F.A.Q,Kilogram,2.3,2.360606,
31044239,2026-10-08,2026-10-08 12:22:25.85782,NEGERI SEMBILAN,SEREMBAN,PASAR BESAR SEREMBAN - BAHAGIAN BORONG,Borong,20,Sayur-Sayuran,02,011,TIMUN HIJAU,F.A.Q,Kilogram,2.9,2.360606,
31044240,2026-10-08,2026-10-08 12:22:25.85782,NEGERI SEMBILAN,SEREMBAN,PASAR BESAR SEREMBAN - BAHAGIAN BORONG,Borong,20,Sayur-Sayuran,02,011,TIMUN HIJAU,F.A.Q,Kilogram,2.6,2.360606,
31044241,2026-10-08,2026-10-08 12:22:50.146332,NEGERI SEMBILAN,REMBAU,PASAR AWAM REMBAU,Runcit,26,Sayur-Sayuran,03,001,BAYAM,F.A.Q,Kilogram,5,5.25,
31044242,2026-10-08,2026-10-08 12:22:50.146332,NEGERI SEMBILAN,REMBAU,PASAR AWAM REMBAU,Runcit,26,Sayur-Sayuran,02,002,CILI HIJAU,F.A.Q,Kilogram,10,15,
31044243,2026-10-08,2026-10-08 12:22:50.146332,NEGERI SEMBILAN,REMBAU,PASAR AWAM REMBAU,Runcit,26,Sayur-Sayuran,03,009,DAUN BAWANG,F.A.Q,Kilogram,10,15,
31044244,2026-10-08,2026-10-08 12:22:50.146332,NEGERI SEMBILAN,REMBAU,PASAR AWAM REMBAU,Runcit,26,Sayur-Sayuran,03,015,DAUN SUP (TANAH TINGGI),F.A.Q,Kilogram,10,15,
31044245,2026-10-08,2026-10-08 12:22:50.146332,NEGERI SEMBILAN,REMBAU,PASAR AWAM REMBAU,Runcit,26,Sayur-Sayuran,04,002,KACANG BENDI,F.A.Q,Kilogram,10,10.333333,
31044246,2026-10-08,2026-10-08 12:22:50.146332,NEGERI SEMBILAN,REMBAU,PASAR AWAM REMBAU,Runcit,26,Sayur-Sayuran,04,003,KACANG BUNCIS,F.A.Q,Kilogram,15,15,
31044247,2026-10-08,2026-10-08 12:22:50.146332,NEGERI SEMBILAN,REMBAU,PASAR AWAM REMBAU,Runcit,26,Sayur-Sayuran,04,007,KACANG PANJANG HIJAU,F.A.Q,Kilogram,10,10,
31044248,2026-10-08,2026-10-08 12:22:50.146332,NEGERI SEMBILAN,REMBAU,PASAR AWAM REMBAU,Runcit,26,Sayur-Sayuran,03,019,KANGKUNG,F.A.Q,Kilogram,5,5.125,
31044249,2026-10-08,2026-10-08 12:22:50.146332,NEGERI SEMBILAN,REMBAU,PASAR AWAM REMBAU,Runcit,26,Sayur-Sayuran,03,006,KUBIS BULAT (CHINA),F.A.Q,Kilogram,5,5,
31044250,2026-10-08,2026-10-08 12:22:50.146332,NEGERI SEMBILAN,REMBAU,PASAR AWAM REMBAU,Runcit,26,Sayur-Sayuran,03,006,KUBIS BULAT (TANAH TINGGI),F.A.Q,Kilogram,7,7,
31044251,2026-10-08,2026-10-08 12:22:50.146332,NEGERI SEMBILAN,REMBAU,PASAR AWAM REMBAU,Runcit,26,Sayur-Sayuran,03,007,SAWI HIJAU,F.A.Q,Kilogram,7,5.125,
31044252,2026-10-08,2026-10-08 12:22:50.146332,NEGERI SEMBILAN,REMBAU,PASAR AWAM REMBAU,Runcit,26,Sayur-Sayuran,02,011,TIMUN HIJAU,F.A.Q,Kilogram,5,5,
31044253,2026-10-08,2026-10-08 12:22:50.146332,NEGERI SEMBILAN,REMBAU,PASAR AWAM REMBAU,Runcit,26,Sayur-Sayuran,02,012,TOMATO (TANAH TINGGI),F.A.Q,Kilogram,9,8,
31044254,2026-10-08,2026-10-08 12:25:06.410108,KELANTAN,KOTA BHARU,PASAR BESAR SITI KHADIJAH,Runcit,26,Buah-Buahan,02,028,PISANG BERANGAN,F.A.Q,Kilogram,5,5.188889,
31044255,2026-10-08,2026-10-08 12:25:06.410108,KELANTAN,KOTA BHARU,PASAR BESAR SITI KHADIJAH,Runcit,26,Buah-Buahan,02,028,PISANG BERANGAN,F.A.Q,Kilogram,5,5.188889,
31044256,2026-10-08,2026-10-08 12:25:06.410108,KELANTAN,KOTA BHARU,PASAR BESAR SITI KHADIJAH,Runcit,26,Buah-Buahan,02,028,PISANG BERANGAN,F.A.Q,Kilogram,5,5.188889,
31044257,2026-10-08,2026-10-08 12:25:06.410108,KELANTAN,KOTA BHARU,PASAR BESAR SITI KHADIJAH,Runcit,26,Buah-Buahan,02,028,PISANG BERANGAN,F.A.Q,Kilogram,5.5,5.188889,
31044258,2026-10-08,2026-10-08 12:25:06.410108,KELANTAN,KOTA BHARU,PASAR BESAR SITI KHADIJAH,Runcit,26,Buah-Buahan,02,028,PISANG BERANGAN,F.A.Q,Kilogram,5.5,5.188889,
31044259,2026-10-08,2026-10-08 12:25:06.410108,KELANTAN,KOTA BHARU,PASAR BESAR SITI KHADIJAH,Runcit,26,Buah-Buahan,02,028,PISANG MAS,F.A.Q,Kilogram,4,3.92,
31044260,2026-10-08,2026-10-08 12:25:06.410108,KELANTAN,KOTA BHARU,PASAR BESAR SITI KHADIJAH,Runcit,26,Buah-Buahan,02,028,PISANG MAS,F.A.Q,Kilogram,4,3.92,
31044261,2026-10-08,2026-10-08 12:25:06.410108,KELANTAN,KOTA BHARU,PASAR BESAR SITI KHADIJAH,Runcit,26,Buah-Buahan,02,028,PISANG MAS,F.A.Q,Kilogram,4,3.92,
31044262,2026-10-08,2026-10-08 12:25:06.410108,KELANTAN,KOTA BHARU,PASAR BESAR SITI KHADIJAH,Runcit,26,Buah-Buahan,02,028,PISANG MAS,F.A.Q,Kilogram,3.8,3.92,
31044263,2026-10-08,2026-10-08 12:25:06.410108,KELANTAN,KOTA BHARU,PASAR BESAR SITI KHADIJAH,Runcit,26,Buah-Buahan,02,028,PISANG MAS,F.A.Q,Kilogram,3.8,3.92,
31044264,2026-10-08,2026-10-08 12:25:06.410108,KELANTAN,KOTA BHARU,PASAR BESAR SITI KHADIJAH,Runcit,26,Buah-Buahan,02,034,TEMBIKAI MERAH TANPA BIJI,F.A.Q,Kilogram,2.5,2.38,
31044265,2026-10-08,2026-10-08 12:25:06.410108,KELANTAN,KOTA BHARU,PASAR BESAR SITI KHADIJAH,Runcit,26,Buah-Buahan,02,034,TEMBIKAI MERAH TANPA BIJI,F.A.Q,Kilogram,2.5,2.38,
31044266,2026-10-08,2026-10-08 12:25:06.410108,KELANTAN,KOTA BHARU,PASAR BESAR SITI KHADIJAH,Runcit,26,Buah-Buahan,02,034,TEMBIKAI MERAH TANPA BIJI,F.A.Q,Kilogram,2.5,2.38,
31044267,2026-10-08,2026-10-08 12:25:06.410108,KELANTAN,KOTA BHARU,PASAR BESAR SITI KHADIJAH,Runcit,26,Buah-Buahan,02,034,TEMBIKAI MERAH TANPA BIJI,F.A.Q,Kilogram,2.2,2.38,
31044268,2026-10-08,2026-10-08 12:25:06.410108,KELANTAN,KOTA BHARU,PASAR BESAR SITI KHADIJAH,Runcit,26,Buah-Buahan,02,034,TEMBIKAI MERAH TANPA BIJI,F.A.Q,Kilogram,2.2,2.38,
31044269,2026-10-08,2026-10-08 12:27:05.240252,SARAWAK,BETONG,[PASAR AWAM] BETONG,Runcit,,Sayur-Sayuran,05,001,BAWANG BESAR MERAH (CHINA),F.A.Q,Kilogram,5,4,
31044270,2026-10-08,2026-10-08 12:27:05.322843,SARAWAK,BETONG,[PASAR AWAM] BETONG,Runcit,,Sayur-Sayuran,05,001,BAWANG BESAR MERAH (INDIA),F.A.Q,Kilogram,4,4.44,
31044271,2026-10-08,2026-10-08 12:27:05.417968,SARAWAK,BETONG,[PASAR AWAM] BETONG,Runcit,,Sayur-Sayuran,05,001,BAWANG MERAH / KECIL (INDIA),F.A.Q,Kilogram,4.5,7.04,
31044272,2026-10-08,2026-10-08 12:27:05.483328,SARAWAK,BETONG,[PASAR AWAM] BETONG,Runcit,,Sayur-Sayuran,05,001,BAWANG PUTIH (CHINA),F.A.Q,Kilogram,6,8.52,
31044273,2026-10-08,2026-10-08 12:27:05.542471,SARAWAK,BETONG,[PASAR AWAM] BETONG,Runcit,,Sayur-Sayuran,03,001,BAYAM,F.A.Q,Kilogram,7,5.81,
31044274,2026-10-08,2026-10-08 12:27:05.615677,SARAWAK,BETONG,[PASAR AWAM] BETONG,Runcit,,Sayur-Sayuran,02,002,CILI MERAH KULAI / KULAI HIBRID,F.A.Q,Kilogram,20,16.31,
31044275,2026-10-08,2026-10-08 12:27:05.692151,SARAWAK,BETONG,[PASAR AWAM] BETONG,Runcit,,Sayur-Sayuran,04,002,KACANG BENDI,F.A.Q,Kilogram,6,10.44,
31044276,2026-10-08,2026-10-08 12:27:05.800718,SARAWAK,BETONG,[PASAR AWAM] BETONG,Runcit,,Sayur-Sayuran,04,003,KACANG BUNCIS,F.A.Q,Kilogram,7,13.06,
31044277,2026-10-08,2026-10-08 12:27:05.872586,SARAWAK,BETONG,[PASAR AWAM] BETONG,Runcit,,Sayur-Sayuran,04,007,KACANG PANJANG HIJAU,F.A.Q,Kilogram,7,7.99,
31044278,2026-10-08,2026-10-08 12:27:05.969934,SARAWAK,BETONG,[PASAR AWAM] BETONG,Runcit,,Sayur-Sayuran,03,019,KANGKUNG,F.A.Q,Kilogram,5,5.03,
31044279,2026-10-08,2026-10-08 12:27:06.042298,SARAWAK,BETONG,[PASAR AWAM] BETONG,Runcit,,Sayur-Sayuran,03,006,KUBIS BULAT (CHINA),F.A.Q,Kilogram,4,3.29,
31044280,2026-10-08,2026-10-08 12:27:06.112388,SARAWAK,BETONG,[PASAR AWAM] BETONG,Runcit,,Sayur-Sayuran,02,010,TERUNG PANJANG / PEPARU (TANAH RENDAH),F.A.Q,Kilogram,8,9.47,
31044281,2026-10-08,2026-10-08 12:27:06.202693,SARAWAK,BETONG,[PASAR AWAM] BETONG,Runcit,,Sayur-Sayuran,02,011,TIMUN HIJAU,F.A.Q,Kilogram,5,4.08,
31044282,2026-10-08,2026-10-08 12:27:06.272354,SARAWAK,BETONG,[PASAR AWAM] BETONG,Runcit,,Sayur-Sayuran,05,009,UBI KENTANG HOLLAND,F.A.Q,Kilogram,3,4.09,
31044283,2026-10-08,2026-10-08 12:27:06.342038,SARAWAK,BETONG,[PASAR AWAM] BETONG,Runcit,,Ternakan,03,002,AYAM PROSES SUPER,F.A.Q,Kilogram,12.5,11.14,
31044284,2026-10-08,2026-10-08 12:27:06.421886,SARAWAK,BETONG,[PASAR AWAM] BETONG,Runcit,,Ternakan,11,001,TELUR AYAM,A,Biji,0.56,0.47,
31044285,2026-10-08,2026-10-08 12:27:06.502752,SARAWAK,BETONG,[PASAR AWAM] BETONG,Runcit,,Ternakan,11,001,TELUR AYAM,B,Biji,0.54,0.45,
31044286,2026-10-08,2026-10-08 12:27:06.582857,SARAWAK,BETONG,[PASAR AWAM] BETONG,Runcit,,Ternakan,11,001,TELUR AYAM,C,Biji,0.52,0.43,
31044287,2026-10-08,2026-10-08 12:44:39.523757,JOHOR,KULAI,PASAR AWAM KULAI,Runcit,26,Sayur-Sayuran,05,001,BAWANG BESAR KUNING / HOLLAND,F.A.Q,Kilogram,6,6,
31044288,2026-10-08,2026-10-08 12:44:39.523757,JOHOR,KULAI,PASAR AWAM KULAI,Runcit,26,Sayur-Sayuran,05,001,BAWANG BESAR KUNING / HOLLAND,F.A.Q,Kilogram,6,6,
31044289,2026-10-08,2026-10-08 12:44:39.523757,JOHOR,KULAI,PASAR AWAM KULAI,Runcit,26,Sayur-Sayuran,05,001,BAWANG BESAR MERAH (INDIA),F.A.Q,Kilogram,5,5,
31044290,2026-10-08,2026-10-08 12:44:39.523757,JOHOR,KULAI,PASAR AWAM KULAI,Runcit,26,Sayur-Sayuran,05,001,BAWANG BESAR MERAH (INDIA),F.A.Q,Kilogram,5,5,
31044291,2026-10-08,2026-10-08 12:44:39.523757,JOHOR,KULAI,PASAR AWAM KULAI,Runcit,26,Sayur-Sayuran,05,001,BAWANG MERAH / KECIL (THAI),F.A.Q,Kilogram,15,13.5,
31044292,2026-10-08,2026-10-08 12:44:39.523757,JOHOR,KULAI,PASAR AWAM KULAI,Runcit,26,Sayur-Sayuran,05,001,BAWANG MERAH / KECIL (THAI),F.A.Q,Kilogram,12,13.5,
31044293,2026-10-08,2026-10-08 12:44:39.523757,JOHOR,KULAI,PASAR AWAM KULAI,Runcit,26,Sayur-Sayuran,05,001,BAWANG MERAH ROSE,F.A.Q,Kilogram,7,7,
31044294,2026-10-08,2026-10-08 12:44:39.523757,JOHOR,KULAI,PASAR AWAM KULAI,Runcit,26,Sayur-Sayuran,05,001,BAWANG MERAH ROSE,F.A.Q,Kilogram,7,7,
31044295,2026-10-08,2026-10-08 12:44:39.523757,JOHOR,KULAI,PASAR AWAM KULAI,Runcit,26,Sayur-Sayuran,05,001,BAWANG PUTIH (CHINA),F.A.Q,Kilogram,12,12,
31044296,2026-10-08,2026-10-08 12:44:39.523757,JOHOR,KULAI,PASAR AWAM KULAI,Runcit,26,Sayur-Sayuran,05,001,BAWANG PUTIH (CHINA),F.A.Q,Kilogram,12,12,
31044297,2026-10-08,2026-10-08 12:44:39.523757,JOHOR,KULAI,PASAR AWAM KULAI,Runcit,26,Sayur-Sayuran,05,009,UBI KENTANG (IMPORT),F.A.Q,Kilogram,4,4,
31044298,2026-10-08,2026-10-08 12:44:39.523757,JOHOR,KULAI,PASAR AWAM KULAI,Runcit,26,Sayur-Sayuran,05,009,UBI KENTANG (IMPORT),F.A.Q,Kilogram,4,4,
31044299,2026-10-08,2026-10-08 12:53:07.721345,JOHOR,KULAI,PASAR AWAM KULAI,Runcit,26,Sayur-Sayuran,03,001,BAYAM,F.A.Q,Kilogram,7.5,5.75,
31044300,2026-10-08,2026-10-08 12:53:07.721345,JOHOR,KULAI,PASAR AWAM KULAI,Runcit,26,Sayur-Sayuran,02,002,CILI HIJAU,F.A.Q,Kilogram,16,15.5,
31044301,2026-10-08,2026-10-08 12:53:07.721345,JOHOR,KULAI,PASAR AWAM KULAI,Runcit,26,Sayur-Sayuran,02,002,CILI MERAH KULAI / KULAI HIBRID,F.A.Q,Kilogram,13,12.5,
31044302,2026-10-08,2026-10-08 12:53:07.721345,JOHOR,KULAI,PASAR AWAM KULAI,Runcit,26,Sayur-Sayuran,03,009,DAUN BAWANG,F.A.Q,Kilogram,8.5,7.5,
31044303,2026-10-08,2026-10-08 12:53:07.721345,JOHOR,KULAI,PASAR AWAM KULAI,Runcit,26,Sayur-Sayuran,03,015,DAUN SUP (TANAH TINGGI),F.A.Q,Kilogram,10.5,8.666667,
31044304,2026-10-08,2026-10-08 12:53:07.721345,JOHOR,KULAI,PASAR AWAM KULAI,Runcit,26,Sayur-Sayuran,04,002,KACANG BENDI,F.A.Q,Kilogram,7,7,
31044305,2026-10-08,2026-10-08 12:53:07.721345,JOHOR,KULAI,PASAR AWAM KULAI,Runcit,26,Sayur-Sayuran,04,003,KACANG BUNCIS,F.A.Q,Kilogram,14,13,
31044306,2026-10-08,2026-10-08 12:53:07.721345,JOHOR,KULAI,PASAR AWAM KULAI,Runcit,26,Sayur-Sayuran,04,007,KACANG PANJANG HIJAU,F.A.Q,Kilogram,10,8.5,
31044307,2026-10-08,2026-10-08 12:53:07.721345,JOHOR,KULAI,PASAR AWAM KULAI,Runcit,26,Sayur-Sayuran,03,019,KANGKUNG,F.A.Q,Kilogram,7.5,5.75,
31044308,2026-10-08,2026-10-08 12:53:07.721345,JOHOR,KULAI,PASAR AWAM KULAI,Runcit,26,Sayur-Sayuran,03,006,KUBIS BULAT (CHINA),F.A.Q,Kilogram,3,3,
31044309,2026-10-08,2026-10-08 12:53:07.721345,JOHOR,KULAI,PASAR AWAM KULAI,Runcit,26,Sayur-Sayuran,03,006,KUBIS BULAT (TANAH TINGGI),F.A.Q,Kilogram,7,6.75,
31044310,2026-10-08,2026-10-08 12:53:07.721345,JOHOR,KULAI,PASAR AWAM KULAI,Runcit,26,Sayur-Sayuran,03,007,SAWI HIJAU TANAH TINGGI,F.A.Q,Kilogram,5.5,5,
31044311,2026-10-08,2026-10-08 12:53:07.721345,JOHOR,KULAI,PASAR AWAM KULAI,Runcit,26,Sayur-Sayuran,02,010,TERUNG PANJANG / PEPARU (TANAH RENDAH),F.A.Q,Kilogram,7,7.5,
31044312,2026-10-08,2026-10-08 12:53:07.721345,JOHOR,KULAI,PASAR AWAM KULAI,Runcit,26,Sayur-Sayuran,02,011,TIMUN HIJAU,F.A.Q,Kilogram,4.5,3.75,
31044313,2026-10-08,2026-10-08 12:53:07.721345,JOHOR,KULAI,PASAR AWAM KULAI,Runcit,26,Sayur-Sayuran,02,012,TOMATO (TANAH TINGGI),F.A.Q,Kilogram,7,7,
31044314,2026-10-08,2026-10-08 12:53:45.213781,JOHOR,KULAI,PASAR AWAM KULAI,Runcit,26,Ternakan,03,002,AYAM PROSES STANDARD,F.A.Q,Kilogram,10.5,10.5,
31044315,2026-10-08,2026-10-08 12:53:45.213781,JOHOR,KULAI,PASAR AWAM KULAI,Runcit,26,Ternakan,11,001,TELUR AYAM,A,Biji,0.52,0.52,
31044316,2026-10-08,2026-10-08 12:53:45.213781,JOHOR,KULAI,PASAR AWAM KULAI,Runcit,26,Ternakan,11,001,TELUR AYAM,B,Biji,0.51,0.51,
31044317,2026-10-08,2026-10-08 12:53:45.213781,JOHOR,KULAI,PASAR AWAM KULAI,Runcit,26,Ternakan,11,001,TELUR AYAM,C,Biji,0.48,0.48,
31044318,2026-10-08,2026-10-08 12:54:08.053275,JOHOR,KULAI,PASAR AWAM KULAI,Runcit,26,Buah-Buahan,02,028,PISANG BERANGAN,F.A.Q,Kilogram,5.8,5.8,
31044319,2026-10-08,2026-10-08 12:54:25.406505,JOHOR,KULAI,[PUSAT KUTIPAN HARGA BORONG] SENAI,Borong,20,Ternakan,03,002,AYAM PROSES STANDARD,F.A.Q,Kilogram,8.7,8.5,
31044320,2026-10-08,2026-10-08 12:54:41.626678,JOHOR,KOTA TINGGI,PASAR AWAM KOTA TINGGI/TAMAN KOTA JAYA,Runcit,26,Sayur-Sayuran,05,001,BAWANG BESAR KUNING / HOLLAND,F.A.Q,Kilogram,6,6,
31044321,2026-10-08,2026-10-08 12:54:41.626678,JOHOR,KOTA TINGGI,PASAR AWAM KOTA TINGGI/TAMAN KOTA JAYA,Runcit,26,Sayur-Sayuran,05,001,BAWANG BESAR KUNING / HOLLAND,F.A.Q,Kilogram,6,6,
31044322,2026-10-08,2026-10-08 12:54:41.626678,JOHOR,KOTA TINGGI,PASAR AWAM KOTA TINGGI/TAMAN KOTA JAYA,Runcit,26,Sayur-Sayuran,05,001,BAWANG BESAR MERAH (INDIA),F.A.Q,Kilogram,6.5,6,
31044323,2026-10-08,2026-10-08 12:54:41.626678,JOHOR,KOTA TINGGI,PASAR AWAM KOTA TINGGI/TAMAN KOTA JAYA,Runcit,26,Sayur-Sayuran,05,001,BAWANG BESAR MERAH (INDIA),F.A.Q,Kilogram,6.5,6,
31044324,2026-10-08,2026-10-08 12:54:41.626678,JOHOR,KOTA TINGGI,PASAR AWAM KOTA TINGGI/TAMAN KOTA JAYA,Runcit,26,Sayur-Sayuran,05,001,BAWANG PUTIH (CHINA),F.A.Q,Kilogram,11,11,
31044325,2026-10-08,2026-10-08 12:54:41.626678,JOHOR,KOTA TINGGI,PASAR AWAM KOTA TINGGI/TAMAN KOTA JAYA,Runcit,26,Sayur-Sayuran,03,001,BAYAM,F.A.Q,Kilogram,8,6,
31044326,2026-10-08,2026-10-08 12:54:41.626678,JOHOR,KOTA TINGGI,PASAR AWAM KOTA TINGGI/TAMAN KOTA JAYA,Runcit,26,Sayur-Sayuran,03,001,BAYAM,F.A.Q,Kilogram,8,6,
31044327,2026-10-08,2026-10-08 12:54:41.626678,JOHOR,KOTA TINGGI,PASAR AWAM KOTA TINGGI/TAMAN KOTA JAYA,Runcit,26,Sayur-Sayuran,02,002,CILI MERAH KULAI / KULAI HIBRID,F.A.Q,Kilogram,25,15,
31044328,2026-10-08,2026-10-08 12:54:41.626678,JOHOR,KOTA TINGGI,PASAR AWAM KOTA TINGGI/TAMAN KOTA JAYA,Runcit,26,Sayur-Sayuran,02,002,CILI MERAH KULAI / KULAI HIBRID,F.A.Q,Kilogram,25,15,
31044329,2026-10-08,2026-10-08 12:54:41.626678,JOHOR,KOTA TINGGI,PASAR AWAM KOTA TINGGI/TAMAN KOTA JAYA,Runcit,26,Sayur-Sayuran,03,015,DAUN SUP (TANAH TINGGI),F.A.Q,Kilogram,12,13.35,
31044330,2026-10-08,2026-10-08 12:54:41.626678,JOHOR,KOTA TINGGI,PASAR AWAM KOTA TINGGI/TAMAN KOTA JAYA,Runcit,26,Sayur-Sayuran,03,015,DAUN SUP (TANAH TINGGI),F.A.Q,Kilogram,12,13.35,
31044331,2026-10-08,2026-10-08 12:54:41.626678,JOHOR,KOTA TINGGI,PASAR AWAM KOTA TINGGI/TAMAN KOTA JAYA,Runcit,26,Sayur-Sayuran,04,002,KACANG BENDI,F.A.Q,Kilogram,9,8.5,
31044332,2026-10-08,2026-10-08 12:54:41.626678,JOHOR,KOTA TINGGI,PASAR AWAM KOTA TINGGI/TAMAN KOTA JAYA,Runcit,26,Sayur-Sayuran,04,002,KACANG BENDI,F.A.Q,Kilogram,9,8.5,
31044333,2026-10-08,2026-10-08 12:54:41.626678,JOHOR,KOTA TINGGI,PASAR AWAM KOTA TINGGI/TAMAN KOTA JAYA,Runcit,26,Sayur-Sayuran,04,003,KACANG BUNCIS,F.A.Q,Kilogram,14,14,
31044334,2026-10-08,2026-10-08 12:54:41.626678,JOHOR,KOTA TINGGI,PASAR AWAM KOTA TINGGI/TAMAN KOTA JAYA,Runcit,26,Sayur-Sayuran,04,003,KACANG BUNCIS,F.A.Q,Kilogram,14,14,
31044335,2026-10-08,2026-10-08 12:54:41.626678,JOHOR,KOTA TINGGI,PASAR AWAM KOTA TINGGI/TAMAN KOTA JAYA,Runcit,26,Sayur-Sayuran,04,007,KACANG PANJANG HIJAU,F.A.Q,Kilogram,9,8.5,
31044336,2026-10-08,2026-10-08 12:54:41.626678,JOHOR,KOTA TINGGI,PASAR AWAM KOTA TINGGI/TAMAN KOTA JAYA,Runcit,26,Sayur-Sayuran,04,007,KACANG PANJANG HIJAU,F.A.Q,Kilogram,9,8.5,
31044337,2026-10-08,2026-10-08 12:54:41.626678,JOHOR,KOTA TINGGI,PASAR AWAM KOTA TINGGI/TAMAN KOTA JAYA,Runcit,26,Sayur-Sayuran,03,019,KANGKUNG,F.A.Q,Kilogram,8,6,
31044338,2026-10-08,2026-10-08 12:54:41.626678,JOHOR,KOTA TINGGI,PASAR AWAM KOTA TINGGI/TAMAN KOTA JAYA,Runcit,26,Sayur-Sayuran,03,007,SAWI HIJAU,F.A.Q,Kilogram,9,8,
31044339,2026-10-08,2026-10-08 12:54:41.626678,JOHOR,KOTA TINGGI,PASAR AWAM KOTA TINGGI/TAMAN KOTA JAYA,Runcit,26,Sayur-Sayuran,03,007,SAWI HIJAU,F.A.Q,Kilogram,9,8,
31044340,2026-10-08,2026-10-08 12:54:41.626678,JOHOR,KOTA TINGGI,PASAR AWAM KOTA TINGGI/TAMAN KOTA JAYA,Runcit,26,Sayur-Sayuran,02,010,TERUNG PANJANG / PEPARU (TANAH RENDAH),F.A.Q,Kilogram,9,8.5,
31044341,2026-10-08,2026-10-08 12:54:41.626678,JOHOR,KOTA TINGGI,PASAR AWAM KOTA TINGGI/TAMAN KOTA JAYA,Runcit,26,Sayur-Sayuran,02,010,TERUNG PANJANG / PEPARU (TANAH RENDAH),F.A.Q,Kilogram,9,8.5,
31044342,2026-10-08,2026-10-08 12:54:41.626678,JOHOR,KOTA TINGGI,PASAR AWAM KOTA TINGGI/TAMAN KOTA JAYA,Runcit,26,Sayur-Sayuran,02,011,TIMUN HIJAU,F.A.Q,Kilogram,6,6,
31044343,2026-10-08,2026-10-08 12:54:41.626678,JOHOR,KOTA TINGGI,PASAR AWAM KOTA TINGGI/TAMAN KOTA JAYA,Runcit,26,Sayur-Sayuran,02,011,TIMUN HIJAU,F.A.Q,Kilogram,6,6,
31044344,2026-10-08,2026-10-08 12:54:41.626678,JOHOR,KOTA TINGGI,PASAR AWAM KOTA TINGGI/TAMAN KOTA JAYA,Runcit,26,Sayur-Sayuran,02,012,TOMATO (TANAH TINGGI),F.A.Q,Kilogram,8,9,
31044345,2026-10-08,2026-10-08 12:54:41.626678,JOHOR,KOTA TINGGI,PASAR AWAM KOTA TINGGI/TAMAN KOTA JAYA,Runcit,26,Sayur-Sayuran,02,012,TOMATO (TANAH TINGGI),F.A.Q,Kilogram,8,9,
31044346,2026-10-08,2026-10-08 12:55:08.218383,JOHOR,KOTA TINGGI,PASAR AWAM KOTA TINGGI/TAMAN KOTA JAYA,Runcit,26,Ternakan,03,002,AYAM PROSES STANDARD,F.A.Q,Kilogram,9.8,9.8,
31044347,2026-10-08,2026-10-08 12:55:08.218383,JOHOR,KOTA TINGGI,PASAR AWAM KOTA TINGGI/TAMAN KOTA JAYA,Runcit,26,Ternakan,03,002,AYAM PROSES STANDARD,F.A.Q,Kilogram,9.8,9.8,
31044348,2026-10-08,2026-10-08 12:56:12.194337,JOHOR,KOTA TINGGI,PASAR AWAM KOTA TINGGI/TAMAN KOTA JAYA,Runcit,26,Ternakan,11,001,TELUR AYAM,A,Biji,0.5,0.5,
31044349,2026-10-08,2026-10-08 12:56:12.194337,JOHOR,KOTA TINGGI,PASAR AWAM KOTA TINGGI/TAMAN KOTA JAYA,Runcit,26,Ternakan,11,001,TELUR AYAM,B,Biji,0.48,0.48,
31044350,2026-10-08,2026-10-08 12:56:12.194337,JOHOR,KOTA TINGGI,PASAR AWAM KOTA TINGGI/TAMAN KOTA JAYA,Runcit,26,Ternakan,11,001,TELUR AYAM,C,Biji,0.46,0.46,
31044351,2026-10-08,2026-10-08 12:57:26.513748,JOHOR,KULAI,[PUSAT KUTIPAN HARGA BORONG] SENAI,Borong,20,Sayur-Sayuran,03,001,BAYAM,F.A.Q,Kilogram,5.5,3.75,
31044352,2026-10-08,2026-10-08 12:57:26.513748,JOHOR,KULAI,[PUSAT KUTIPAN HARGA BORONG] SENAI,Borong,20,Sayur-Sayuran,02,002,CILI HIJAU,F.A.Q,Kilogram,14,13.5,
31044353,2026-10-08,2026-10-08 12:57:26.513748,JOHOR,KULAI,[PUSAT KUTIPAN HARGA BORONG] SENAI,Borong,20,Sayur-Sayuran,02,002,CILI MERAH KULAI / KULAI HIBRID,F.A.Q,Kilogram,11,10.5,
31044354,2026-10-08,2026-10-08 12:57:26.513748,JOHOR,KULAI,[PUSAT KUTIPAN HARGA BORONG] SENAI,Borong,20,Sayur-Sayuran,03,009,DAUN BAWANG,F.A.Q,Kilogram,6.5,5.5,
31044355,2026-10-08,2026-10-08 12:57:26.513748,JOHOR,KULAI,[PUSAT KUTIPAN HARGA BORONG] SENAI,Borong,20,Sayur-Sayuran,03,015,DAUN SUP (TANAH TINGGI),F.A.Q,Kilogram,8.5,7,
31044356,2026-10-08,2026-10-08 12:57:26.513748,JOHOR,KULAI,[PUSAT KUTIPAN HARGA BORONG] SENAI,Borong,20,Sayur-Sayuran,04,002,KACANG BENDI,F.A.Q,Kilogram,5,5,
31044357,2026-10-08,2026-10-08 12:57:26.513748,JOHOR,KULAI,[PUSAT KUTIPAN HARGA BORONG] SENAI,Borong,20,Sayur-Sayuran,04,003,KACANG BUNCIS,F.A.Q,Kilogram,12,11,
31044358,2026-10-08,2026-10-08 12:57:26.513748,JOHOR,KULAI,[PUSAT KUTIPAN HARGA BORONG] SENAI,Borong,20,Sayur-Sayuran,04,007,KACANG PANJANG HIJAU,F.A.Q,Kilogram,8,6.5,
31044359,2026-10-08,2026-10-08 12:57:26.513748,JOHOR,KULAI,[PUSAT KUTIPAN HARGA BORONG] SENAI,Borong,20,Sayur-Sayuran,03,019,KANGKUNG,F.A.Q,Kilogram,5.5,3.75,
31044360,2026-10-08,2026-10-08 12:57:26.513748,JOHOR,KULAI,[PUSAT KUTIPAN HARGA BORONG] SENAI,Borong,20,Sayur-Sayuran,03,006,KUBIS BULAT (CHINA),F.A.Q,Kilogram,2,2,
31044361,2026-10-08,2026-10-08 12:57:26.513748,JOHOR,KULAI,[PUSAT KUTIPAN HARGA BORONG] SENAI,Borong,20,Sayur-Sayuran,03,006,KUBIS BULAT (TANAH TINGGI),F.A.Q,Kilogram,5,5,
31044362,2026-10-08,2026-10-08 12:57:26.513748,JOHOR,KULAI,[PUSAT KUTIPAN HARGA BORONG] SENAI,Borong,20,Sayur-Sayuran,03,007,SAWI HIJAU TANAH TINGGI,F.A.Q,Kilogram,3.5,3.5,
31044363,2026-10-08,2026-10-08 12:57:26.513748,JOHOR,KULAI,[PUSAT KUTIPAN HARGA BORONG] SENAI,Borong,20,Sayur-Sayuran,02,010,TERUNG PANJANG / PEPARU (TANAH RENDAH),F.A.Q,Kilogram,5,5.5,
31044364,2026-10-08,2026-10-08 12:57:26.513748,JOHOR,KULAI,[PUSAT KUTIPAN HARGA BORONG] SENAI,Borong,20,Sayur-Sayuran,02,011,TIMUN HIJAU,F.A.Q,Kilogram,2.5,1.75,
31044365,2026-10-08,2026-10-08 12:57:26.513748,JOHOR,KULAI,[PUSAT KUTIPAN HARGA BORONG] SENAI,Borong,20,Sayur-Sayuran,02,012,TOMATO (TANAH TINGGI),F.A.Q,Kilogram,5,4.75,
31044366,2026-10-08,2026-10-08 12:57:26.513748,JOHOR,KULAI,[PUSAT KUTIPAN HARGA BORONG] SENAI,Borong,20,Sayur-Sayuran,05,009,UBI KENTANG (IMPORT),F.A.Q,Kilogram,2,2.5,
31044367,2026-10-08,2026-10-08 13:00:58.395774,JOHOR,KOTA TINGGI,,Ladang,06,Sayur-Sayuran,03,001,BAYAM,F.A.Q,Kilogram,3.5,2.3,
31044368,2026-10-08,2026-10-08 13:00:58.395774,JOHOR,KOTA TINGGI,,Ladang,06,Sayur-Sayuran,03,019,KANGKUNG,F.A.Q,Kilogram,3,2,
31044369,2026-10-08,2026-10-08 13:00:58.395774,JOHOR,KOTA TINGGI,,Ladang,06,Sayur-Sayuran,03,007,SAWI HIJAU,F.A.Q,Kilogram,3.8,3.2,
31044370,2026-10-08,2026-10-08 13:07:16.739846,SABAH,TUARAN,[PASAR AWAM] TUARAN,Runcit,26,Sayur-Sayuran,05,001,BAWANG BESAR KUNING / HOLLAND,F.A.Q,Kilogram,8,8,
31044371,2026-10-08,2026-10-08 13:07:16.739846,SABAH,TUARAN,[PASAR AWAM] TUARAN,Runcit,26,Sayur-Sayuran,05,001,BAWANG MERAH ROSE,F.A.Q,Kilogram,10,10,
31044372,2026-10-08,2026-10-08 13:07:16.739846,SABAH,TUARAN,[PASAR AWAM] TUARAN,Runcit,26,Sayur-Sayuran,05,001,BAWANG PUTIH (CHINA),F.A.Q,Kilogram,9,10.4,
31044373,2026-10-08,2026-10-08 13:07:16.739846,SABAH,TUARAN,[PASAR AWAM] TUARAN,Runcit,26,Sayur-Sayuran,03,001,BAYAM,F.A.Q,Kilogram,5,4.75,
31044374,2026-10-08,2026-10-08 13:07:16.739846,SABAH,TUARAN,[PASAR AWAM] TUARAN,Runcit,26,Sayur-Sayuran,02,002,CILI HIJAU,F.A.Q,Kilogram,20,18.666666,
31044375,2026-10-08,2026-10-08 13:07:16.739846,SABAH,TUARAN,[PASAR AWAM] TUARAN,Runcit,26,Sayur-Sayuran,02,002,CILI MERAH KULAI / KULAI HIBRID,F.A.Q,Kilogram,20,20,
31044376,2026-10-08,2026-10-08 13:07:16.739846,SABAH,TUARAN,[PASAR AWAM] TUARAN,Runcit,26,Sayur-Sayuran,03,009,DAUN BAWANG,F.A.Q,Kilogram,20,19,
31044377,2026-10-08,2026-10-08 13:07:16.739846,SABAH,TUARAN,[PASAR AWAM] TUARAN,Runcit,26,Sayur-Sayuran,03,015,DAUN SUP (TANAH TINGGI),F.A.Q,Kilogram,20,19,
31044378,2026-10-08,2026-10-08 13:07:16.739846,SABAH,TUARAN,[PASAR AWAM] TUARAN,Runcit,26,Sayur-Sayuran,04,002,KACANG BENDI,F.A.Q,Kilogram,7,6.25,
31044379,2026-10-08,2026-10-08 13:07:16.739846,SABAH,TUARAN,[PASAR AWAM] TUARAN,Runcit,26,Sayur-Sayuran,04,003,KACANG BUNCIS,F.A.Q,Kilogram,7,6.25,
31044380,2026-10-08,2026-10-08 13:07:16.739846,SABAH,TUARAN,[PASAR AWAM] TUARAN,Runcit,26,Sayur-Sayuran,04,007,KACANG PANJANG HIJAU,F.A.Q,Kilogram,5,5.25,
31044381,2026-10-08,2026-10-08 13:07:16.739846,SABAH,TUARAN,[PASAR AWAM] TUARAN,Runcit,26,Sayur-Sayuran,03,019,KANGKUNG,F.A.Q,Kilogram,5,4.75,
31044382,2026-10-08,2026-10-08 13:07:16.739846,SABAH,TUARAN,[PASAR AWAM] TUARAN,Runcit,26,Sayur-Sayuran,03,006,KUBIS BULAT (TANAH TINGGI),F.A.Q,Kilogram,6,6,
31044383,2026-10-08,2026-10-08 13:07:16.739846,SABAH,TUARAN,[PASAR AWAM] TUARAN,Runcit,26,Sayur-Sayuran,03,007,SAWI HIJAU,F.A.Q,Kilogram,7,6.4166665,
31044384,2026-10-08,2026-10-08 13:07:16.739846,SABAH,TUARAN,[PASAR AWAM] TUARAN,Runcit,26,Sayur-Sayuran,02,010,TERUNG PANJANG / PEPARU (TANAH RENDAH),F.A.Q,Kilogram,5,4.4166665,
31044385,2026-10-08,2026-10-08 13:07:16.739846,SABAH,TUARAN,[PASAR AWAM] TUARAN,Runcit,26,Sayur-Sayuran,02,011,TIMUN HIJAU,F.A.Q,Kilogram,3,2.875,
31044386,2026-10-08,2026-10-08 13:07:16.739846,SABAH,TUARAN,[PASAR AWAM] TUARAN,Runcit,26,Sayur-Sayuran,02,012,TOMATO (TANAH TINGGI),F.A.Q,Kilogram,9,9,
31044387,2026-10-08,2026-10-08 13:07:16.739846,SABAH,TUARAN,[PASAR AWAM] TUARAN,Runcit,26,Sayur-Sayuran,05,009,UBI KENTANG HOLLAND,F.A.Q,Kilogram,5,5,
31044388,2026-10-08,2026-10-08 13:07:31.480619,SABAH,TUARAN,[PASAR AWAM] TUARAN,Runcit,26,Ternakan,11,001,TELUR AYAM,B,Biji,0.5,0.5,
31044389,2026-10-08,2026-10-08 13:07:47.10872,SABAH,TUARAN,[PASAR AWAM] TUARAN,Runcit,26,Buah-Buahan,02,005,BETIK SEKAKI,F.A.Q,Kilogram,6,6,
31044390,2026-10-08,2026-10-08 13:07:47.10872,SABAH,TUARAN,[PASAR AWAM] TUARAN,Runcit,26,Buah-Buahan,02,028,PISANG BERANGAN,F.A.Q,Kilogram,6,6,
31044391,2026-10-08,2026-10-08 13:07:47.10872,SABAH,TUARAN,[PASAR AWAM] TUARAN,Runcit,26,Buah-Buahan,02,028,PISANG MAS,F.A.Q,Kilogram,5,5,
31044392,2026-10-08,2026-10-08 13:08:04.488978,SABAH,TUARAN,[PASAR AWAM] TUARAN,Runcit,26,Ternakan,03,002,AYAM PROSES SUPER,F.A.Q,Kilogram,12.5,12.5,
31044393,2026-10-08,2026-10-08 13:08:04.488978,SABAH,TUARAN,[PASAR AWAM] TUARAN,Runcit,26,Ternakan,02,003,DAGING LEMBU PEJAL,F.A.Q,Kilogram,41,41,
31044394,2026-10-08,2026-10-08 13:10:03.720752,SABAH,TUARAN,[PASAR AWAM] TUARAN,Runcit,26,Sayur-Sayuran,05,001,BAWANG BESAR KUNING / HOLLAND,F.A.Q,Kilogram,8,8,
31044395,2026-10-08,2026-10-08 13:10:03.720752,SABAH,TUARAN,[PASAR AWAM] TUARAN,Runcit,26,Sayur-Sayuran,05,001,BAWANG MERAH ROSE,F.A.Q,Kilogram,10,10,
31044396,2026-10-08,2026-10-08 13:10:03.720752,SABAH,TUARAN,[PASAR AWAM] TUARAN,Runcit,26,Sayur-Sayuran,05,001,BAWANG PUTIH (CHINA),F.A.Q,Kilogram,11,10.4,
31044397,2026-10-08,2026-10-08 13:10:03.720752,SABAH,TUARAN,[PASAR AWAM] TUARAN,Runcit,26,Sayur-Sayuran,03,001,BAYAM,F.A.Q,Kilogram,5.5,4.75,
31044398,2026-10-08,2026-10-08 13:10:03.720752,SABAH,TUARAN,[PASAR AWAM] TUARAN,Runcit,26,Sayur-Sayuran,02,002,CILI HIJAU,F.A.Q,Kilogram,20,18.666666,
31044399,2026-10-08,2026-10-08 13:10:03.720752,SABAH,TUARAN,[PASAR AWAM] TUARAN,Runcit,26,Sayur-Sayuran,02,002,CILI MERAH KULAI / KULAI HIBRID,F.A.Q,Kilogram,20,20,
31044400,2026-10-08,2026-10-08 13:10:03.720752,SABAH,TUARAN,[PASAR AWAM] TUARAN,Runcit,26,Sayur-Sayuran,03,009,DAUN BAWANG,F.A.Q,Kilogram,18,19,
31044401,2026-10-08,2026-10-08 13:10:03.720752,SABAH,TUARAN,[PASAR AWAM] TUARAN,Runcit,26,Sayur-Sayuran,03,015,DAUN SUP (TANAH TINGGI),F.A.Q,Kilogram,18,19,
31044402,2026-10-08,2026-10-08 13:10:03.720752,SABAH,TUARAN,[PASAR AWAM] TUARAN,Runcit,26,Sayur-Sayuran,04,002,KACANG BENDI,F.A.Q,Kilogram,7,6.25,
31044403,2026-10-08,2026-10-08 13:10:03.720752,SABAH,TUARAN,[PASAR AWAM] TUARAN,Runcit,26,Sayur-Sayuran,04,003,KACANG BUNCIS,F.A.Q,Kilogram,7,6.25,
31044404,2026-10-08,2026-10-08 13:10:03.720752,SABAH,TUARAN,[PASAR AWAM] TUARAN,Runcit,26,Sayur-Sayuran,04,007,KACANG PANJANG HIJAU,F.A.Q,Kilogram,5.5,5.25,
31044405,2026-10-08,2026-10-08 13:10:03.720752,SABAH,TUARAN,[PASAR AWAM] TUARAN,Runcit,26,Sayur-Sayuran,03,019,KANGKUNG,F.A.Q,Kilogram,5.5,4.75,
31044406,2026-10-08,2026-10-08 13:10:03.720752,SABAH,TUARAN,[PASAR AWAM] TUARAN,Runcit,26,Sayur-Sayuran,03,006,KUBIS BULAT (TANAH TINGGI),F.A.Q,Kilogram,6,6,
31044407,2026-10-08,2026-10-08 13:10:03.720752,SABAH,TUARAN,[PASAR AWAM] TUARAN,Runcit,26,Sayur-Sayuran,03,007,SAWI HIJAU,F.A.Q,Kilogram,7,6.4166665,
31044408,2026-10-08,2026-10-08 13:10:03.720752,SABAH,TUARAN,[PASAR AWAM] TUARAN,Runcit,26,Sayur-Sayuran,02,010,TERUNG PANJANG / PEPARU (TANAH RENDAH),F.A.Q,Kilogram,5.5,4.4166665,
31044409,2026-10-08,2026-10-08 13:10:03.720752,SABAH,TUARAN,[PASAR AWAM] TUARAN,Runcit,26,Sayur-Sayuran,02,011,TIMUN HIJAU,F.A.Q,Kilogram,3,2.875,
31044410,2026-10-08,2026-10-08 13:10:03.720752,SABAH,TUARAN,[PASAR AWAM] TUARAN,Runcit,26,Sayur-Sayuran,02,012,TOMATO (TANAH TINGGI),F.A.Q,Kilogram,9,9,
31044411,2026-10-08,2026-10-08 13:10:03.720752,SABAH,TUARAN,[PASAR AWAM] TUARAN,Runcit,26,Sayur-Sayuran,05,009,UBI KENTANG HOLLAND,F.A.Q,Kilogram,5,5,
31044412,2026-10-08,2026-10-08 13:10:23.455003,SABAH,KOTA BELUD,PASAR AWAM PEKAN KOTA BELUD,Runcit,26,Buah-Buahan,02,005,BETIK SEKAKI,F.A.Q,Kilogram,5,5,
31044413,2026-10-08,2026-10-08 13:10:23.455003,SABAH,KOTA BELUD,PASAR AWAM PEKAN KOTA BELUD,Runcit,26,Buah-Buahan,02,028,PISANG BERANGAN,F.A.Q,Kilogram,6,6,
31044414,2026-10-08,2026-10-08 13:10:23.455003,SABAH,KOTA BELUD,PASAR AWAM PEKAN KOTA BELUD,Runcit,26,Buah-Buahan,02,028,PISANG MAS,F.A.Q,Kilogram,5,5,
31044415,2026-10-08,2026-10-08 13:10:23.455003,SABAH,KOTA BELUD,PASAR AWAM PEKAN KOTA BELUD,Runcit,26,Buah-Buahan,02,034,TEMBIKAI MERAH TANPA BIJI,F.A.Q,Kilogram,5,5,
31044416,2026-10-08,2026-10-08 13:10:44.86195,SABAH,KOTA BELUD,PASAR AWAM PEKAN KOTA BELUD,Runcit,26,Ternakan,03,002,AYAM PROSES STANDARD,F.A.Q,Kilogram,12.5,12.5,
31044417,2026-10-08,2026-10-08 13:10:44.86195,SABAH,KOTA BELUD,PASAR AWAM PEKAN KOTA BELUD,Runcit,26,Ternakan,02,003,DAGING LEMBU PEJAL,F.A.Q,Kilogram,45,45,
31044418,2026-10-08,2026-10-08 13:12:44.022374,SABAH,KOTA BELUD,PASAR AWAM PEKAN KOTA BELUD,Runcit,26,Sayur-Sayuran,05,001,BAWANG BESAR KUNING / HOLLAND,F.A.Q,Kilogram,9,9,
31044419,2026-10-08,2026-10-08 13:12:44.022374,SABAH,KOTA BELUD,PASAR AWAM PEKAN KOTA BELUD,Runcit,26,Sayur-Sayuran,05,001,BAWANG MERAH ROSE,F.A.Q,Kilogram,12,12,
31044420,2026-10-08,2026-10-08 13:12:44.022374,SABAH,KOTA BELUD,PASAR AWAM PEKAN KOTA BELUD,Runcit,26,Sayur-Sayuran,05,001,BAWANG PUTIH (CHINA),F.A.Q,Kilogram,12,12,
31044421,2026-10-08,2026-10-08 13:12:44.022374,SABAH,KOTA BELUD,PASAR AWAM PEKAN KOTA BELUD,Runcit,26,Sayur-Sayuran,02,002,CILI HIJAU,F.A.Q,Kilogram,20,17.4,
31044422,2026-10-08,2026-10-08 13:12:44.022374,SABAH,KOTA BELUD,PASAR AWAM PEKAN KOTA BELUD,Runcit,26,Sayur-Sayuran,02,002,CILI MERAH KULAI / KULAI HIBRID,F.A.Q,Kilogram,20,19,
31044423,2026-10-08,2026-10-08 13:12:44.022374,SABAH,KOTA BELUD,PASAR AWAM PEKAN KOTA BELUD,Runcit,26,Sayur-Sayuran,04,002,KACANG BENDI,F.A.Q,Kilogram,7,6.375,
31044424,2026-10-08,2026-10-08 13:12:44.022374,SABAH,KOTA BELUD,PASAR AWAM PEKAN KOTA BELUD,Runcit,26,Sayur-Sayuran,04,003,KACANG BUNCIS,F.A.Q,Kilogram,7,5.75,
31044425,2026-10-08,2026-10-08 13:12:44.022374,SABAH,KOTA BELUD,PASAR AWAM PEKAN KOTA BELUD,Runcit,26,Sayur-Sayuran,04,007,KACANG PANJANG HIJAU,F.A.Q,Kilogram,6.5,5.75,
31044426,2026-10-08,2026-10-08 13:12:44.022374,SABAH,KOTA BELUD,PASAR AWAM PEKAN KOTA BELUD,Runcit,26,Sayur-Sayuran,03,006,KUBIS BULAT (TANAH TINGGI),F.A.Q,Kilogram,6,5.75,
31044427,2026-10-08,2026-10-08 13:12:44.022374,SABAH,KOTA BELUD,PASAR AWAM PEKAN KOTA BELUD,Runcit,26,Sayur-Sayuran,02,010,TERUNG PANJANG / PEPARU (TANAH RENDAH),F.A.Q,Kilogram,5,4.5833335,
31044428,2026-10-08,2026-10-08 13:12:44.022374,SABAH,KOTA BELUD,PASAR AWAM PEKAN KOTA BELUD,Runcit,26,Sayur-Sayuran,02,011,TIMUN HIJAU,F.A.Q,Kilogram,3.5,3,
31044429,2026-10-08,2026-10-08 13:12:44.022374,SABAH,KOTA BELUD,PASAR AWAM PEKAN KOTA BELUD,Runcit,26,Sayur-Sayuran,02,012,TOMATO (TANAH TINGGI),F.A.Q,Kilogram,9.5,9.25,
31044430,2026-10-08,2026-10-08 13:12:44.022374,SABAH,KOTA BELUD,PASAR AWAM PEKAN KOTA BELUD,Runcit,26,Sayur-Sayuran,05,009,UBI KENTANG HOLLAND,F.A.Q,Kilogram,6,4.75,
31044431,2026-10-08,2026-10-08 13:14:49.380272,SABAH,KOTA BELUD,PASAR AWAM PEKAN KOTA BELUD,Runcit,26,Sayur-Sayuran,03,001,BAYAM,F.A.Q,Kilogram,4,4,
31044432,2026-10-08,2026-10-08 13:14:49.380272,SABAH,KOTA BELUD,PASAR AWAM PEKAN KOTA BELUD,Runcit,26,Sayur-Sayuran,02,002,CILI HIJAU,F.A.Q,Kilogram,16,17.4,
31044433,2026-10-08,2026-10-08 13:14:49.380272,SABAH,KOTA BELUD,PASAR AWAM PEKAN KOTA BELUD,Runcit,26,Sayur-Sayuran,02,002,CILI MERAH KULAI / KULAI HIBRID,F.A.Q,Kilogram,20,19,
31044434,2026-10-08,2026-10-08 13:14:49.380272,SABAH,KOTA BELUD,PASAR AWAM PEKAN KOTA BELUD,Runcit,26,Sayur-Sayuran,03,009,DAUN BAWANG,F.A.Q,Kilogram,15,14.75,
31044435,2026-10-08,2026-10-08 13:14:49.380272,SABAH,KOTA BELUD,PASAR AWAM PEKAN KOTA BELUD,Runcit,26,Sayur-Sayuran,03,015,DAUN SUP (TANAH TINGGI),F.A.Q,Kilogram,16,15.5,
31044436,2026-10-08,2026-10-08 13:14:49.380272,SABAH,KOTA BELUD,PASAR AWAM PEKAN KOTA BELUD,Runcit,26,Sayur-Sayuran,04,002,KACANG BENDI,F.A.Q,Kilogram,6,6.375,
31044437,2026-10-08,2026-10-08 13:14:49.380272,SABAH,KOTA BELUD,PASAR AWAM PEKAN KOTA BELUD,Runcit,26,Sayur-Sayuran,04,003,KACANG BUNCIS,F.A.Q,Kilogram,6,5.75,
31044438,2026-10-08,2026-10-08 13:14:49.380272,SABAH,KOTA BELUD,PASAR AWAM PEKAN KOTA BELUD,Runcit,26,Sayur-Sayuran,04,007,KACANG PANJANG HIJAU,F.A.Q,Kilogram,5,5.75,
31044439,2026-10-08,2026-10-08 13:14:49.380272,SABAH,KOTA BELUD,PASAR AWAM PEKAN KOTA BELUD,Runcit,26,Sayur-Sayuran,03,019,KANGKUNG,F.A.Q,Kilogram,4.5,4.25,
31044440,2026-10-08,2026-10-08 13:14:49.380272,SABAH,KOTA BELUD,PASAR AWAM PEKAN KOTA BELUD,Runcit,26,Sayur-Sayuran,03,006,KUBIS BULAT (TANAH TINGGI),F.A.Q,Kilogram,6,5.75,
31044441,2026-10-08,2026-10-08 13:14:49.380272,SABAH,KOTA BELUD,PASAR AWAM PEKAN KOTA BELUD,Runcit,26,Sayur-Sayuran,03,007,SAWI HIJAU,F.A.Q,Kilogram,5,4.8333335,
31044442,2026-10-08,2026-10-08 13:14:49.380272,SABAH,KOTA BELUD,PASAR AWAM PEKAN KOTA BELUD,Runcit,26,Sayur-Sayuran,02,010,TERUNG PANJANG / PEPARU (TANAH RENDAH),F.A.Q,Kilogram,5,4.5833335,
31044443,2026-10-08,2026-10-08 13:14:49.380272,SABAH,KOTA BELUD,PASAR AWAM PEKAN KOTA BELUD,Runcit,26,Sayur-Sayuran,02,011,TIMUN HIJAU,F.A.Q,Kilogram,2.5,3,
31044444,2026-10-08,2026-10-08 13:14:49.380272,SABAH,KOTA BELUD,PASAR AWAM PEKAN KOTA BELUD,Runcit,26,Sayur-Sayuran,02,012,TOMATO (TANAH TINGGI),F.A.Q,Kilogram,9,9.25,
31044445,2026-10-08,2026-10-08 13:14:49.380272,SABAH,KOTA BELUD,PASAR AWAM PEKAN KOTA BELUD,Runcit,26,Sayur-Sayuran,05,009,UBI KENTANG HOLLAND,F.A.Q,Kilogram,3.5,4.75,
31044446,2026-10-08,2026-10-08 13:14:51.133295,NEGERI SEMBILAN,SEREMBAN,PASAR BESAR SEREMBAN - BAHAGIAN RUNCIT,Runcit,26,Hasil Laut & Perikanan,02,012,IKAN KELI BUNGA,F.A.Q,Kilogram,9,9.5,
31044447,2026-10-08,2026-10-08 13:14:51.133295,NEGERI SEMBILAN,SEREMBAN,PASAR BESAR SEREMBAN - BAHAGIAN RUNCIT,Runcit,26,Hasil Laut & Perikanan,02,012,IKAN KELI BUNGA,F.A.Q,Kilogram,10,9.5,
31044448,2026-10-08,2026-10-08 13:14:51.133295,NEGERI SEMBILAN,SEREMBAN,PASAR BESAR SEREMBAN - BAHAGIAN RUNCIT,Runcit,26,Hasil Laut & Perikanan,02,005,IKAN PATIN (KOLAM),F.A.Q,Kilogram,9,9.5,
31044449,2026-10-08,2026-10-08 13:14:51.133295,NEGERI SEMBILAN,SEREMBAN,PASAR BESAR SEREMBAN - BAHAGIAN RUNCIT,Runcit,26,Hasil Laut & Perikanan,02,005,IKAN PATIN (KOLAM),F.A.Q,Kilogram,10,9.5,
31044450,2026-10-08,2026-10-08 13:14:51.133295,NEGERI SEMBILAN,SEREMBAN,PASAR BESAR SEREMBAN - BAHAGIAN RUNCIT,Runcit,26,Hasil Laut & Perikanan,02,002,IKAN TILAPIA MERAH,F.A.Q,Kilogram,16,15.5,
31044451,2026-10-08,2026-10-08 13:14:51.133295,NEGERI SEMBILAN,SEREMBAN,PASAR BESAR SEREMBAN - BAHAGIAN RUNCIT,Runcit,26,Hasil Laut & Perikanan,02,002,IKAN TILAPIA MERAH,F.A.Q,Kilogram,15,15.5,
31044452,2026-10-08,2026-10-08 13:14:51.133295,NEGERI SEMBILAN,SEREMBAN,PASAR BESAR SEREMBAN - BAHAGIAN RUNCIT,Runcit,26,Lain-Lain Makanan Proses,15,001,SANTAN BIASA,F.A.Q,Kilogram,12,12,
31044453,2026-10-08,2026-10-08 13:14:51.133295,NEGERI SEMBILAN,SEREMBAN,PASAR BESAR SEREMBAN - BAHAGIAN RUNCIT,Runcit,26,Lain-Lain Makanan Proses,15,001,SANTAN BIASA,F.A.Q,Kilogram,12,12,
31044454,2026-10-08,2026-10-08 13:14:51.133295,NEGERI SEMBILAN,SEREMBAN,PASAR BESAR SEREMBAN - BAHAGIAN RUNCIT,Runcit,26,Lain-Lain Makanan Proses,25,002,TELUR ITIK MASIN,F.A.Q,Biji,1.4,1.45,
31044455,2026-10-08,2026-10-08 13:14:51.133295,NEGERI SEMBILAN,SEREMBAN,PASAR BESAR SEREMBAN - BAHAGIAN RUNCIT,Runcit,26,Lain-Lain Makanan Proses,25,002,TELUR ITIK MASIN,F.A.Q,Biji,1.5,1.45,
31044456,2026-10-08,2026-10-08 13:14:59.889134,SABAH,TUARAN,[PASAR AWAM] TUARAN,Runcit,26,Tanaman Kontan,05,001,KELAPA DIKUPAS,SEDANG,Biji,3,3,
31044457,2026-10-08,2026-10-08 13:15:34.051138,NEGERI SEMBILAN,SEREMBAN,PASAR BESAR SEREMBAN - BAHAGIAN BORONG,Borong,20,Hasil Laut & Perikanan,02,012,IKAN KELI BUNGA,F.A.Q,Kilogram,7,6.5,
31044458,2026-10-08,2026-10-08 13:15:34.051138,NEGERI SEMBILAN,SEREMBAN,PASAR BESAR SEREMBAN - BAHAGIAN BORONG,Borong,20,Hasil Laut & Perikanan,02,012,IKAN KELI BUNGA,F.A.Q,Kilogram,6,6.5,
31044459,2026-10-08,2026-10-08 13:15:34.051138,NEGERI SEMBILAN,SEREMBAN,PASAR BESAR SEREMBAN - BAHAGIAN BORONG,Borong,20,Hasil Laut & Perikanan,02,005,IKAN PATIN (KOLAM),F.A.Q,Kilogram,6.5,7,
31044460,2026-10-08,2026-10-08 13:15:34.051138,NEGERI SEMBILAN,SEREMBAN,PASAR BESAR SEREMBAN - BAHAGIAN BORONG,Borong,20,Hasil Laut & Perikanan,02,005,IKAN PATIN (KOLAM),F.A.Q,Kilogram,7.5,7,
31044461,2026-10-08,2026-10-08 13:15:34.051138,NEGERI SEMBILAN,SEREMBAN,PASAR BESAR SEREMBAN - BAHAGIAN BORONG,Borong,20,Hasil Laut & Perikanan,02,002,IKAN TILAPIA MERAH,F.A.Q,Kilogram,12,11.5,
31044462,2026-10-08,2026-10-08 13:15:34.051138,NEGERI SEMBILAN,SEREMBAN,PASAR BESAR SEREMBAN - BAHAGIAN BORONG,Borong,20,Hasil Laut & Perikanan,02,002,IKAN TILAPIA MERAH,F.A.Q,Kilogram,11,11.5,
31044463,2026-10-08,2026-10-08 13:15:34.051138,NEGERI SEMBILAN,SEREMBAN,PASAR BESAR SEREMBAN - BAHAGIAN BORONG,Borong,20,Lain-Lain Makanan Proses,25,002,TELUR ITIK MASIN,F.A.Q,Biji,1.1,1.1,
31044464,2026-10-08,2026-10-08 13:15:34.051138,NEGERI SEMBILAN,SEREMBAN,PASAR BESAR SEREMBAN - BAHAGIAN BORONG,Borong,20,Lain-Lain Makanan Proses,25,002,TELUR ITIK MASIN,F.A.Q,Biji,1.1,1.1,
31044465,2026-10-08,2026-10-08 13:28:32.339018,MELAKA,ALOR GAJAH,,Ladang,06,Buah-Buahan,02,005,BETIK SEKAKI,F.A.Q,Kilogram,2,2.6666667,
31044466,2026-10-08,2026-10-08 13:28:32.339018,MELAKA,ALOR GAJAH,,Ladang,06,Buah-Buahan,02,028,PISANG BERANGAN,F.A.Q,Kilogram,2.8,3,
31044467,2026-10-08,2026-10-08 13:30:58.887073,MELAKA,ALOR GAJAH,,Ladang,06,Sayur-Sayuran,03,001,BAYAM,F.A.Q,Kilogram,1.5,1,
31044468,2026-10-08,2026-10-08 13:30:58.887073,MELAKA,ALOR GAJAH,,Ladang,06,Sayur-Sayuran,02,002,CILI MERAH KULAI / KULAI HIBRID,F.A.Q,Kilogram,12.5,11,
31044469,2026-10-08,2026-10-08 13:30:58.887073,MELAKA,ALOR GAJAH,,Ladang,06,Sayur-Sayuran,04,002,KACANG BENDI,F.A.Q,Kilogram,3.5,3.5,
31044470,2026-10-08,2026-10-08 13:30:58.887073,MELAKA,ALOR GAJAH,,Ladang,06,Sayur-Sayuran,04,007,KACANG PANJANG HIJAU,F.A.Q,Kilogram,3,3,
31044471,2026-10-08,2026-10-08 13:30:58.887073,MELAKA,ALOR GAJAH,,Ladang,06,Sayur-Sayuran,03,019,KANGKUNG,F.A.Q,Kilogram,1.5,1,
31044472,2026-10-08,2026-10-08 13:30:58.887073,MELAKA,ALOR GAJAH,,Ladang,06,Sayur-Sayuran,03,007,SAWI HIJAU,F.A.Q,Kilogram,2,2,
31044473,2026-10-08,2026-10-08 13:30:58.887073,MELAKA,ALOR GAJAH,,Ladang,06,Sayur-Sayuran,02,010,TERUNG PANJANG / PEPARU (TANAH RENDAH),F.A.Q,Kilogram,5,4.5,
31044474,2026-10-08,2026-10-08 13:30:58.887073,MELAKA,ALOR GAJAH,,Ladang,06,Sayur-Sayuran,02,011,TIMUN HIJAU,F.A.Q,Kilogram,2,1,
31044475,2026-10-08,2026-10-08 13:32:24.322466,MELAKA,ALOR GAJAH,PASAR AWAM ALOR GAJAH,Runcit,26,Ternakan,03,002,AYAM PROSES STANDARD,F.A.Q,Kilogram,10.5,10.5,
31044476,2026-10-08,2026-10-08 13:32:24.322466,MELAKA,ALOR GAJAH,PASAR AWAM ALOR GAJAH,Runcit,26,Ternakan,03,002,AYAM PROSES STANDARD,F.A.Q,Kilogram,10.5,10.5,
31044477,2026-10-08,2026-10-08 13:32:24.322466,MELAKA,ALOR GAJAH,PASAR AWAM ALOR GAJAH,Runcit,26,Ternakan,11,001,TELUR AYAM,B,Biji,0.5,0.5,
31044478,2026-10-08,2026-10-08 13:32:58.714338,MELAKA,ALOR GAJAH,PASAR AWAM ALOR GAJAH,Runcit,26,Buah-Buahan,02,005,BETIK SEKAKI,F.A.Q,Kilogram,6,6,
31044479,2026-10-08,2026-10-08 13:32:58.714338,MELAKA,ALOR GAJAH,PASAR AWAM ALOR GAJAH,Runcit,26,Buah-Buahan,02,028,PISANG BERANGAN,F.A.Q,Kilogram,6,6,
31044480,2026-10-08,2026-10-08 13:32:58.714338,MELAKA,ALOR GAJAH,PASAR AWAM ALOR GAJAH,Runcit,26,Buah-Buahan,02,034,TEMBIKAI MERAH TANPA BIJI,F.A.Q,Kilogram,3,3.3333333,
31044481,2026-10-08,2026-10-08 13:37:11.640397,MELAKA,ALOR GAJAH,PASAR AWAM ALOR GAJAH,Runcit,26,Sayur-Sayuran,05,001,BAWANG BESAR KUNING / HOLLAND,F.A.Q,Kilogram,4.5,4.9,
31044482,2026-10-08,2026-10-08 13:37:11.640397,MELAKA,ALOR GAJAH,PASAR AWAM ALOR GAJAH,Runcit,26,Sayur-Sayuran,05,001,BAWANG BESAR MERAH (IMPORT),F.A.Q,Kilogram,4.9,4.9,
31044483,2026-10-08,2026-10-08 13:37:11.640397,MELAKA,ALOR GAJAH,PASAR AWAM ALOR GAJAH,Runcit,26,Sayur-Sayuran,05,001,BAWANG MERAH / KECIL (INDIA),F.A.Q,Kilogram,5,5,
31044484,2026-10-08,2026-10-08 13:37:11.640397,MELAKA,ALOR GAJAH,PASAR AWAM ALOR GAJAH,Runcit,26,Sayur-Sayuran,05,001,BAWANG MERAH / KECIL (THAI),F.A.Q,Kilogram,15,13.5,
31044485,2026-10-08,2026-10-08 13:37:11.640397,MELAKA,ALOR GAJAH,PASAR AWAM ALOR GAJAH,Runcit,26,Sayur-Sayuran,05,001,BAWANG MERAH ROSE,F.A.Q,Kilogram,8,6.5,
31044486,2026-10-08,2026-10-08 13:37:11.640397,MELAKA,ALOR GAJAH,PASAR AWAM ALOR GAJAH,Runcit,26,Sayur-Sayuran,05,001,BAWANG PUTIH (CHINA),F.A.Q,Kilogram,12,12,
31044487,2026-10-08,2026-10-08 13:37:11.640397,MELAKA,ALOR GAJAH,PASAR AWAM ALOR GAJAH,Runcit,26,Sayur-Sayuran,05,009,UBI KENTANG (IMPORT),F.A.Q,Kilogram,4,4,
31044488,2026-10-08,2026-10-08 13:42:56.532505,MELAKA,ALOR GAJAH,PASAR AWAM ALOR GAJAH,Runcit,26,Sayur-Sayuran,03,001,BAYAM,F.A.Q,Kilogram,5,4.4166665,
31044489,2026-10-08,2026-10-08 13:42:56.532505,MELAKA,ALOR GAJAH,PASAR AWAM ALOR GAJAH,Runcit,26,Sayur-Sayuran,03,001,BAYAM,F.A.Q,Kilogram,4,4.4166665,
31044490,2026-10-08,2026-10-08 13:42:56.532505,MELAKA,ALOR GAJAH,PASAR AWAM ALOR GAJAH,Runcit,26,Sayur-Sayuran,02,002,CILI HIJAU,F.A.Q,Kilogram,15,16.75,
31044491,2026-10-08,2026-10-08 13:42:56.532505,MELAKA,ALOR GAJAH,PASAR AWAM ALOR GAJAH,Runcit,26,Sayur-Sayuran,02,002,CILI HIJAU,F.A.Q,Kilogram,15,16.75,
31044492,2026-10-08,2026-10-08 13:42:56.532505,MELAKA,ALOR GAJAH,PASAR AWAM ALOR GAJAH,Runcit,26,Sayur-Sayuran,02,002,CILI MERAH KULAI / KULAI HIBRID,F.A.Q,Kilogram,20,17.25,
31044493,2026-10-08,2026-10-08 13:42:56.532505,MELAKA,ALOR GAJAH,PASAR AWAM ALOR GAJAH,Runcit,26,Sayur-Sayuran,02,002,CILI MERAH KULAI / KULAI HIBRID,F.A.Q,Kilogram,25,17.25,
31044494,2026-10-08,2026-10-08 13:42:56.532505,MELAKA,ALOR GAJAH,PASAR AWAM ALOR GAJAH,Runcit,26,Sayur-Sayuran,03,009,DAUN BAWANG,F.A.Q,Kilogram,12,9.833333,
31044495,2026-10-08,2026-10-08 13:42:56.532505,MELAKA,ALOR GAJAH,PASAR AWAM ALOR GAJAH,Runcit,26,Sayur-Sayuran,03,009,DAUN BAWANG,F.A.Q,Kilogram,12,9.833333,
31044496,2026-10-08,2026-10-08 13:42:56.532505,MELAKA,ALOR GAJAH,PASAR AWAM ALOR GAJAH,Runcit,26,Sayur-Sayuran,03,015,DAUN SUP (TANAH TINGGI),F.A.Q,Kilogram,12,11.666667,
31044497,2026-10-08,2026-10-08 13:42:56.532505,MELAKA,ALOR GAJAH,PASAR AWAM ALOR GAJAH,Runcit,26,Sayur-Sayuran,03,015,DAUN SUP (TANAH TINGGI),F.A.Q,Kilogram,12,11.666667,
31044498,2026-10-08,2026-10-08 13:42:56.532505,MELAKA,ALOR GAJAH,PASAR AWAM ALOR GAJAH,Runcit,26,Sayur-Sayuran,04,002,KACANG BENDI,F.A.Q,Kilogram,9,8.666667,
31044499,2026-10-08,2026-10-08 13:42:56.532505,MELAKA,ALOR GAJAH,PASAR AWAM ALOR GAJAH,Runcit,26,Sayur-Sayuran,04,002,KACANG BENDI,F.A.Q,Kilogram,8,8.666667,
31044500,2026-10-08,2026-10-08 13:42:56.532505,MELAKA,ALOR GAJAH,PASAR AWAM ALOR GAJAH,Runcit,26,Sayur-Sayuran,04,003,KACANG BUNCIS,F.A.Q,Kilogram,15,13.166667,
31044501,2026-10-08,2026-10-08 13:42:56.532505,MELAKA,ALOR GAJAH,PASAR AWAM ALOR GAJAH,Runcit,26,Sayur-Sayuran,04,003,KACANG BUNCIS,F.A.Q,Kilogram,17,13.166667,
31044502,2026-10-08,2026-10-08 13:42:56.532505,MELAKA,ALOR GAJAH,PASAR AWAM ALOR GAJAH,Runcit,26,Sayur-Sayuran,04,007,KACANG PANJANG HIJAU,F.A.Q,Kilogram,8.5,7.75,
31044503,2026-10-08,2026-10-08 13:42:56.532505,MELAKA,ALOR GAJAH,PASAR AWAM ALOR GAJAH,Runcit,26,Sayur-Sayuran,04,007,KACANG PANJANG HIJAU,F.A.Q,Kilogram,8,7.75,
31044504,2026-10-08,2026-10-08 13:42:56.532505,MELAKA,ALOR GAJAH,PASAR AWAM ALOR GAJAH,Runcit,26,Sayur-Sayuran,03,019,KANGKUNG,F.A.Q,Kilogram,5,4.3333335,
31044505,2026-10-08,2026-10-08 13:42:56.532505,MELAKA,ALOR GAJAH,PASAR AWAM ALOR GAJAH,Runcit,26,Sayur-Sayuran,03,019,KANGKUNG,F.A.Q,Kilogram,4,4.3333335,
31044506,2026-10-08,2026-10-08 13:42:56.532505,MELAKA,ALOR GAJAH,PASAR AWAM ALOR GAJAH,Runcit,26,Sayur-Sayuran,03,006,KUBIS BULAT (CHINA),F.A.Q,Kilogram,4.5,4.3333335,
31044507,2026-10-08,2026-10-08 13:42:56.532505,MELAKA,ALOR GAJAH,PASAR AWAM ALOR GAJAH,Runcit,26,Sayur-Sayuran,03,006,KUBIS BULAT (CHINA),F.A.Q,Kilogram,4,4.3333335,
31044508,2026-10-08,2026-10-08 13:42:56.532505,MELAKA,ALOR GAJAH,PASAR AWAM ALOR GAJAH,Runcit,26,Sayur-Sayuran,03,007,SAWI HIJAU,F.A.Q,Kilogram,6,5.6666665,
31044509,2026-10-08,2026-10-08 13:42:56.532505,MELAKA,ALOR GAJAH,PASAR AWAM ALOR GAJAH,Runcit,26,Sayur-Sayuran,03,007,SAWI HIJAU,F.A.Q,Kilogram,5,5.6666665,
31044510,2026-10-08,2026-10-08 13:42:56.532505,MELAKA,ALOR GAJAH,PASAR AWAM ALOR GAJAH,Runcit,26,Sayur-Sayuran,02,010,TERUNG PANJANG / PEPARU (TANAH RENDAH),F.A.Q,Kilogram,9,9.333333,
31044511,2026-10-08,2026-10-08 13:42:56.532505,MELAKA,ALOR GAJAH,PASAR AWAM ALOR GAJAH,Runcit,26,Sayur-Sayuran,02,010,TERUNG PANJANG / PEPARU (TANAH RENDAH),F.A.Q,Kilogram,10,9.333333,
31044512,2026-10-08,2026-10-08 13:42:56.532505,MELAKA,ALOR GAJAH,PASAR AWAM ALOR GAJAH,Runcit,26,Sayur-Sayuran,02,011,TIMUN HIJAU,F.A.Q,Kilogram,5,4,
31044513,2026-10-08,2026-10-08 13:42:56.532505,MELAKA,ALOR GAJAH,PASAR AWAM ALOR GAJAH,Runcit,26,Sayur-Sayuran,02,011,TIMUN HIJAU,F.A.Q,Kilogram,5,4,
31044514,2026-10-08,2026-10-08 13:42:56.532505,MELAKA,ALOR GAJAH,PASAR AWAM ALOR GAJAH,Runcit,26,Sayur-Sayuran,02,012,TOMATO (TANAH TINGGI),F.A.Q,Kilogram,7,7.8333335,
31044515,2026-10-08,2026-10-08 13:42:56.532505,MELAKA,ALOR GAJAH,PASAR AWAM ALOR GAJAH,Runcit,26,Sayur-Sayuran,02,012,TOMATO (TANAH TINGGI),F.A.Q,Kilogram,8,7.8333335,
31044516,2026-10-08,2026-10-08 14:00:59.011828,PERLIS,TIADA MAKLUMAT,PASAR TANI PTK SIMPANG EMPAT - PASAR TANI (KHAMIS) [KHAMIS 7.30AM-1.00PM],Runcit,17,Hasil Laut & Perikanan,11,017,IKAN CENCARU,SEDANG,Kilogram,10,10,
31044517,2026-10-08,2026-10-08 14:00:59.011828,PERLIS,TIADA MAKLUMAT,PASAR TANI PTK SIMPANG EMPAT - PASAR TANI (KHAMIS) [KHAMIS 7.30AM-1.00PM],Runcit,17,Hasil Laut & Perikanan,11,017,IKAN CENCARU,SEDANG,Kilogram,10,10,
31044518,2026-10-08,2026-10-08 14:00:59.011828,PERLIS,TIADA MAKLUMAT,PASAR TANI PTK SIMPANG EMPAT - PASAR TANI (KHAMIS) [KHAMIS 7.30AM-1.00PM],Runcit,17,Hasil Laut & Perikanan,11,017,IKAN CENCARU,SEDANG,Kilogram,10,10,
31044519,2026-10-08,2026-10-08 14:00:59.011828,PERLIS,TIADA MAKLUMAT,PASAR TANI PTK SIMPANG EMPAT - PASAR TANI (KHAMIS) [KHAMIS 7.30AM-1.00PM],Runcit,17,Hasil Laut & Perikanan,11,008,IKAN KEMBUNG,SEDANG,Kilogram,16,16,
31044520,2026-10-08,2026-10-08 14:00:59.011828,PERLIS,TIADA MAKLUMAT,PASAR TANI PTK SIMPANG EMPAT - PASAR TANI (KHAMIS) [KHAMIS 7.30AM-1.00PM],Runcit,17,Hasil Laut & Perikanan,11,008,IKAN KEMBUNG,SEDANG,Kilogram,16,16,
31044521,2026-10-08,2026-10-08 14:00:59.011828,PERLIS,TIADA MAKLUMAT,PASAR TANI PTK SIMPANG EMPAT - PASAR TANI (KHAMIS) [KHAMIS 7.30AM-1.00PM],Runcit,17,Hasil Laut & Perikanan,11,008,IKAN KEMBUNG,SEDANG,Kilogram,16,16,
31044522,2026-10-08,2026-10-08 14:04:33.627152,PERLIS,TIADA MAKLUMAT,PASAR TANI PTK SIMPANG EMPAT - PASAR TANI (KHAMIS) [KHAMIS 7.30AM-1.00PM],Runcit,17,Lain-Lain Makanan Proses,15,001,SANTAN PEKAT,F.A.Q,Kilogram,15,15.5,
31044523,2026-10-08,2026-10-08 14:24:54.151149,PERLIS,PERLIS,PASAR AWAM SENA,Runcit,26,Sayur-Sayuran,04,007,KACANG PANJANG (IMPORT),F.A.Q,Kilogram,10,9.184211,
31044524,2026-10-08,2026-10-08 14:24:54.151149,PERLIS,PERLIS,PASAR AWAM SENA,Runcit,26,Sayur-Sayuran,04,007,KACANG PANJANG (IMPORT),F.A.Q,Kilogram,10,9.184211,
31044525,2026-10-08,2026-10-08 14:24:54.151149,PERLIS,PERLIS,PASAR AWAM SENA,Runcit,26,Sayur-Sayuran,04,007,KACANG PANJANG (IMPORT),F.A.Q,Kilogram,10,9.184211,
31044526,2026-10-08,2026-10-08 14:24:54.151149,PERLIS,PERLIS,PASAR AWAM SENA,Runcit,26,Sayur-Sayuran,04,007,KACANG PANJANG (IMPORT),F.A.Q,Kilogram,10,9.184211,
31044527,2026-10-08,2026-10-08 14:24:54.151149,PERLIS,PERLIS,PASAR AWAM SENA,Runcit,26,Sayur-Sayuran,04,007,KACANG PANJANG (IMPORT),F.A.Q,Kilogram,10,9.184211,
31044528,2026-10-08,2026-10-08 14:27:30.089164,PERLIS,TIADA MAKLUMAT,PASAR TANI PTK SIMPANG EMPAT - PASAR TANI (KHAMIS) [KHAMIS 7.30AM-1.00PM],Runcit,17,Sayur-Sayuran,05,001,BAWANG BESAR MERAH (INDIA),F.A.Q,Kilogram,5,5,
31044529,2026-10-08,2026-10-08 14:27:30.089164,PERLIS,TIADA MAKLUMAT,PASAR TANI PTK SIMPANG EMPAT - PASAR TANI (KHAMIS) [KHAMIS 7.30AM-1.00PM],Runcit,17,Sayur-Sayuran,05,001,BAWANG MERAH / KECIL (INDIA),F.A.Q,Kilogram,7,5,
31044530,2026-10-08,2026-10-08 14:27:30.089164,PERLIS,TIADA MAKLUMAT,PASAR TANI PTK SIMPANG EMPAT - PASAR TANI (KHAMIS) [KHAMIS 7.30AM-1.00PM],Runcit,17,Sayur-Sayuran,02,002,CILI MERAH (THAILAND),F.A.Q,Kilogram,15,15,
31044531,2026-10-08,2026-10-08 14:27:30.089164,PERLIS,TIADA MAKLUMAT,PASAR TANI PTK SIMPANG EMPAT - PASAR TANI (KHAMIS) [KHAMIS 7.30AM-1.00PM],Runcit,17,Sayur-Sayuran,02,002,CILI MERAH KULAI / KULAI HIBRID,F.A.Q,Kilogram,17,17.875,
31044532,2026-10-08,2026-10-08 14:27:30.089164,PERLIS,TIADA MAKLUMAT,PASAR TANI PTK SIMPANG EMPAT - PASAR TANI (KHAMIS) [KHAMIS 7.30AM-1.00PM],Runcit,17,Sayur-Sayuran,02,002,CILI MERAH KULAI / KULAI HIBRID,F.A.Q,Kilogram,18,17.875,
31044533,2026-10-08,2026-10-08 14:27:30.089164,PERLIS,TIADA MAKLUMAT,PASAR TANI PTK SIMPANG EMPAT - PASAR TANI (KHAMIS) [KHAMIS 7.30AM-1.00PM],Runcit,17,Sayur-Sayuran,02,002,CILI MERAH KULAI / KULAI HIBRID,F.A.Q,Kilogram,17,17.875,
31044534,2026-10-08,2026-10-08 14:27:30.089164,PERLIS,TIADA MAKLUMAT,PASAR TANI PTK SIMPANG EMPAT - PASAR TANI (KHAMIS) [KHAMIS 7.30AM-1.00PM],Runcit,17,Sayur-Sayuran,04,007,KACANG PANJANG HIJAU,F.A.Q,Kilogram,8,7.75,
31044535,2026-10-08,2026-10-08 14:27:30.089164,PERLIS,TIADA MAKLUMAT,PASAR TANI PTK SIMPANG EMPAT - PASAR TANI (KHAMIS) [KHAMIS 7.30AM-1.00PM],Runcit,17,Sayur-Sayuran,04,007,KACANG PANJANG HIJAU,F.A.Q,Kilogram,8,7.75,
31044536,2026-10-08,2026-10-08 14:27:30.089164,PERLIS,TIADA MAKLUMAT,PASAR TANI PTK SIMPANG EMPAT - PASAR TANI (KHAMIS) [KHAMIS 7.30AM-1.00PM],Runcit,17,Sayur-Sayuran,04,007,KACANG PANJANG HIJAU,F.A.Q,Kilogram,8,7.75,
31044537,2026-10-08,2026-10-08 14:27:30.089164,PERLIS,TIADA MAKLUMAT,PASAR TANI PTK SIMPANG EMPAT - PASAR TANI (KHAMIS) [KHAMIS 7.30AM-1.00PM],Runcit,17,Sayur-Sayuran,04,007,KACANG PANJANG HIJAU,F.A.Q,Kilogram,8,7.75,
31044538,2026-10-08,2026-10-08 14:27:30.089164,PERLIS,TIADA MAKLUMAT,PASAR TANI PTK SIMPANG EMPAT - PASAR TANI (KHAMIS) [KHAMIS 7.30AM-1.00PM],Runcit,17,Sayur-Sayuran,03,007,SAWI HIJAU,F.A.Q,Kilogram,7,6,
31044539,2026-10-08,2026-10-08 14:27:30.089164,PERLIS,TIADA MAKLUMAT,PASAR TANI PTK SIMPANG EMPAT - PASAR TANI (KHAMIS) [KHAMIS 7.30AM-1.00PM],Runcit,17,Sayur-Sayuran,03,007,SAWI HIJAU TANAH TINGGI,F.A.Q,Kilogram,10,6.5,
31044540,2026-10-08,2026-10-08 14:27:30.089164,PERLIS,TIADA MAKLUMAT,PASAR TANI PTK SIMPANG EMPAT - PASAR TANI (KHAMIS) [KHAMIS 7.30AM-1.00PM],Runcit,17,Sayur-Sayuran,03,007,SAWI HIJAU TANAH TINGGI,F.A.Q,Kilogram,9,6.5,
31044541,2026-10-08,2026-10-08 14:27:30.089164,PERLIS,TIADA MAKLUMAT,PASAR TANI PTK SIMPANG EMPAT - PASAR TANI (KHAMIS) [KHAMIS 7.30AM-1.00PM],Runcit,17,Sayur-Sayuran,03,007,SAWI HIJAU TANAH TINGGI,F.A.Q,Kilogram,10,6.5,
31044542,2026-10-08,2026-10-08 14:27:30.089164,PERLIS,TIADA MAKLUMAT,PASAR TANI PTK SIMPANG EMPAT - PASAR TANI (KHAMIS) [KHAMIS 7.30AM-1.00PM],Runcit,17,Sayur-Sayuran,02,010,TERUNG PANJANG / PEPARU (TANAH RENDAH),F.A.Q,Kilogram,7,7.375,
31044543,2026-10-08,2026-10-08 14:27:30.089164,PERLIS,TIADA MAKLUMAT,PASAR TANI PTK SIMPANG EMPAT - PASAR TANI (KHAMIS) [KHAMIS 7.30AM-1.00PM],Runcit,17,Sayur-Sayuran,02,010,TERUNG PANJANG / PEPARU (TANAH RENDAH),F.A.Q,Kilogram,7,7.375,
31044544,2026-10-08,2026-10-08 14:27:30.089164,PERLIS,TIADA MAKLUMAT,PASAR TANI PTK SIMPANG EMPAT - PASAR TANI (KHAMIS) [KHAMIS 7.30AM-1.00PM],Runcit,17,Sayur-Sayuran,02,010,TERUNG PANJANG / PEPARU (TANAH RENDAH),F.A.Q,Kilogram,8,7.375,
31044545,2026-10-08,2026-10-08 14:27:30.089164,PERLIS,TIADA MAKLUMAT,PASAR TANI PTK SIMPANG EMPAT - PASAR TANI (KHAMIS) [KHAMIS 7.30AM-1.00PM],Runcit,17,Sayur-Sayuran,02,010,TERUNG PANJANG / PEPARU (TANAH RENDAH),F.A.Q,Kilogram,7,7.375,
31044546,2026-10-08,2026-10-08 14:27:30.089164,PERLIS,TIADA MAKLUMAT,PASAR TANI PTK SIMPANG EMPAT - PASAR TANI (KHAMIS) [KHAMIS 7.30AM-1.00PM],Runcit,17,Sayur-Sayuran,02,011,TIMUN HIJAU,F.A.Q,Kilogram,5,4.5,
31044547,2026-10-08,2026-10-08 14:27:30.089164,PERLIS,TIADA MAKLUMAT,PASAR TANI PTK SIMPANG EMPAT - PASAR TANI (KHAMIS) [KHAMIS 7.30AM-1.00PM],Runcit,17,Sayur-Sayuran,02,011,TIMUN HIJAU,F.A.Q,Kilogram,4,4.5,
31044548,2026-10-08,2026-10-08 14:27:30.089164,PERLIS,TIADA MAKLUMAT,PASAR TANI PTK SIMPANG EMPAT - PASAR TANI (KHAMIS) [KHAMIS 7.30AM-1.00PM],Runcit,17,Sayur-Sayuran,02,011,TIMUN HIJAU,F.A.Q,Kilogram,4,4.5,
31044549,2026-10-08,2026-10-08 14:27:30.089164,PERLIS,TIADA MAKLUMAT,PASAR TANI PTK SIMPANG EMPAT - PASAR TANI (KHAMIS) [KHAMIS 7.30AM-1.00PM],Runcit,17,Sayur-Sayuran,02,011,TIMUN HIJAU,F.A.Q,Kilogram,5,4.5,
31044550,2026-10-08,2026-10-08 14:27:30.089164,PERLIS,TIADA MAKLUMAT,PASAR TANI PTK SIMPANG EMPAT - PASAR TANI (KHAMIS) [KHAMIS 7.30AM-1.00PM],Runcit,17,Sayur-Sayuran,02,012,TOMATO (TANAH TINGGI),F.A.Q,Kilogram,6,7.875,
31044551,2026-10-08,2026-10-08 14:27:30.089164,PERLIS,TIADA MAKLUMAT,PASAR TANI PTK SIMPANG EMPAT - PASAR TANI (KHAMIS) [KHAMIS 7.30AM-1.00PM],Runcit,17,Sayur-Sayuran,02,012,TOMATO (TANAH TINGGI),F.A.Q,Kilogram,7,7.875,
31044552,2026-10-08,2026-10-08 14:27:30.089164,PERLIS,TIADA MAKLUMAT,PASAR TANI PTK SIMPANG EMPAT - PASAR TANI (KHAMIS) [KHAMIS 7.30AM-1.00PM],Runcit,17,Sayur-Sayuran,02,012,TOMATO (TANAH TINGGI),F.A.Q,Kilogram,6,7.875,
31044553,2026-10-08,2026-10-08 14:27:30.089164,PERLIS,TIADA MAKLUMAT,PASAR TANI PTK SIMPANG EMPAT - PASAR TANI (KHAMIS) [KHAMIS 7.30AM-1.00PM],Runcit,17,Sayur-Sayuran,02,012,TOMATO (TANAH TINGGI),F.A.Q,Kilogram,8,7.875,
31044554,2026-10-08,2026-10-08 14:27:30.089164,PERLIS,TIADA MAKLUMAT,PASAR TANI PTK SIMPANG EMPAT - PASAR TANI (KHAMIS) [KHAMIS 7.30AM-1.00PM],Runcit,17,Sayur-Sayuran,05,009,UBI KENTANG (IMPORT),F.A.Q,Kilogram,5,4.25,
31044555,2026-10-08,2026-10-08 14:27:30.089164,PERLIS,TIADA MAKLUMAT,PASAR TANI PTK SIMPANG EMPAT - PASAR TANI (KHAMIS) [KHAMIS 7.30AM-1.00PM],Runcit,17,Sayur-Sayuran,05,009,UBI KENTANG (IMPORT),F.A.Q,Kilogram,4,4.25,
31044556,2026-10-08,2026-10-08 14:27:30.089164,PERLIS,TIADA MAKLUMAT,PASAR TANI PTK SIMPANG EMPAT - PASAR TANI (KHAMIS) [KHAMIS 7.30AM-1.00PM],Runcit,17,Sayur-Sayuran,05,009,UBI KENTANG (IMPORT),F.A.Q,Kilogram,4,4.25,
31044557,2026-10-08,2026-10-08 14:27:30.089164,PERLIS,TIADA MAKLUMAT,PASAR TANI PTK SIMPANG EMPAT - PASAR TANI (KHAMIS) [KHAMIS 7.30AM-1.00PM],Runcit,17,Sayur-Sayuran,05,009,UBI KENTANG (IMPORT),F.A.Q,Kilogram,5,4.25,
31044558,2026-10-08,2026-10-08 14:27:30.089164,PERLIS,TIADA MAKLUMAT,PASAR TANI PTK SIMPANG EMPAT - PASAR TANI (KHAMIS) [KHAMIS 7.30AM-1.00PM],Runcit,17,Sayur-Sayuran,05,009,UBI KENTANG HOLLAND,F.A.Q,Kilogram,4,4,
31044559,2026-10-08,2026-10-08 14:29:39.54784,PERLIS,TIADA MAKLUMAT,PASAR TANI PTK SIMPANG EMPAT - PASAR TANI (KHAMIS) [KHAMIS 7.30AM-1.00PM],Runcit,17,Sayur-Sayuran,02,006,LABU MANIS,F.A.Q,Kilogram,5,4.625,
31044560,2026-10-08,2026-10-08 14:29:39.54784,PERLIS,TIADA MAKLUMAT,PASAR TANI PTK SIMPANG EMPAT - PASAR TANI (KHAMIS) [KHAMIS 7.30AM-1.00PM],Runcit,17,Sayur-Sayuran,02,006,LABU MANIS,F.A.Q,Kilogram,5,4.625,
31044561,2026-10-08,2026-10-08 14:29:39.54784,PERLIS,TIADA MAKLUMAT,PASAR TANI PTK SIMPANG EMPAT - PASAR TANI (KHAMIS) [KHAMIS 7.30AM-1.00PM],Runcit,17,Sayur-Sayuran,02,006,LABU MANIS,F.A.Q,Kilogram,4,4.625,
31044562,2026-10-08,2026-10-08 14:29:39.54784,PERLIS,TIADA MAKLUMAT,PASAR TANI PTK SIMPANG EMPAT - PASAR TANI (KHAMIS) [KHAMIS 7.30AM-1.00PM],Runcit,17,Sayur-Sayuran,02,006,LABU MANIS,F.A.Q,Kilogram,4,4.625,
31044563,2026-10-08,2026-10-08 14:31:01.229796,PERLIS,TIADA MAKLUMAT,PASAR TANI PTK SIMPANG EMPAT - PASAR TANI (KHAMIS) [KHAMIS 7.30AM-1.00PM],Runcit,17,Ternakan,03,002,AYAM PROSES STANDARD,F.A.Q,Kilogram,10.5,10.5,
31044564,2026-10-08,2026-10-08 14:31:01.229796,PERLIS,TIADA MAKLUMAT,PASAR TANI PTK SIMPANG EMPAT - PASAR TANI (KHAMIS) [KHAMIS 7.30AM-1.00PM],Runcit,17,Ternakan,02,003,DAGING LEMBU PEJAL,F.A.Q,Kilogram,28,28,
31044565,2026-10-08,2026-10-08 14:31:01.229796,PERLIS,TIADA MAKLUMAT,PASAR TANI PTK SIMPANG EMPAT - PASAR TANI (KHAMIS) [KHAMIS 7.30AM-1.00PM],Runcit,17,Ternakan,02,003,DAGING LEMBU PEJAL,F.A.Q,Kilogram,28,28,
31044566,2026-10-08,2026-10-08 14:31:41.114756,PERLIS,TIADA MAKLUMAT,PASAR TANI PTK SIMPANG EMPAT - PASAR TANI (KHAMIS) [KHAMIS 7.30AM-1.00PM],Runcit,17,Lain-Lain Makanan Proses,15,001,SANTAN PEKAT,F.A.Q,Kilogram,16,15.5,
31044567,2026-10-08,2026-10-08 14:36:13.087004,PERLIS,TIADA MAKLUMAT,PASAR TANI PTK SIMPANG EMPAT - PASAR TANI (KHAMIS) [KHAMIS 7.30AM-1.00PM],Runcit,17,Buah-Buahan,02,005,BETIK SEKAKI,F.A.Q,Kilogram,6,5.25,
31044568,2026-10-08,2026-10-08 14:36:13.087004,PERLIS,TIADA MAKLUMAT,PASAR TANI PTK SIMPANG EMPAT - PASAR TANI (KHAMIS) [KHAMIS 7.30AM-1.00PM],Runcit,17,Buah-Buahan,02,028,PISANG BERANGAN,F.A.Q,Kilogram,6,5.3333335,
31044569,2026-10-08,2026-10-08 14:36:13.087004,PERLIS,TIADA MAKLUMAT,PASAR TANI PTK SIMPANG EMPAT - PASAR TANI (KHAMIS) [KHAMIS 7.30AM-1.00PM],Runcit,17,Buah-Buahan,02,028,PISANG BERANGAN,F.A.Q,Kilogram,5,5.3333335,
31044570,2026-10-08,2026-10-08 14:36:13.087004,PERLIS,TIADA MAKLUMAT,PASAR TANI PTK SIMPANG EMPAT - PASAR TANI (KHAMIS) [KHAMIS 7.30AM-1.00PM],Runcit,17,Buah-Buahan,02,034,TEMBIKAI MERAH TANPA BIJI,F.A.Q,Kilogram,3,3.25,
31044571,2026-10-08,2026-10-08 14:56:27.621996,NEGERI SEMBILAN,SEREMBAN,PASAR BESAR SEREMBAN - BAHAGIAN RUNCIT,Runcit,26,Ternakan,03,002,AYAM KAMPUNG (PROSES),F.A.Q,Kilogram,24,24.5,
31044572,2026-10-08,2026-10-08 14:56:27.621996,NEGERI SEMBILAN,SEREMBAN,PASAR BESAR SEREMBAN - BAHAGIAN RUNCIT,Runcit,26,Ternakan,03,002,AYAM KAMPUNG (PROSES),F.A.Q,Kilogram,25,24.5,
31044573,2026-10-08,2026-10-08 14:56:27.621996,NEGERI SEMBILAN,SEREMBAN,PASAR BESAR SEREMBAN - BAHAGIAN RUNCIT,Runcit,26,Ternakan,03,002,AYAM TUA / PENELUR PROSES,F.A.Q,Kilogram,14,14.5,
31044574,2026-10-08,2026-10-08 14:56:27.621996,NEGERI SEMBILAN,SEREMBAN,PASAR BESAR SEREMBAN - BAHAGIAN RUNCIT,Runcit,26,Ternakan,03,002,AYAM TUA / PENELUR PROSES,F.A.Q,Kilogram,15,14.5,
31044575,2026-10-08,2026-10-08 14:56:27.621996,NEGERI SEMBILAN,SEREMBAN,PASAR BESAR SEREMBAN - BAHAGIAN RUNCIT,Runcit,26,Ternakan,02,003,DAGING BATANG PINANG - TENDERLION,F.A.Q,Kilogram,45,45,
31044576,2026-10-08,2026-10-08 14:56:27.621996,NEGERI SEMBILAN,SEREMBAN,PASAR BESAR SEREMBAN - BAHAGIAN RUNCIT,Runcit,26,Ternakan,02,003,DAGING BATANG PINANG - TENDERLION,F.A.Q,Kilogram,45,45,
31044577,2026-10-08,2026-10-08 14:56:27.621996,NEGERI SEMBILAN,SEREMBAN,PASAR BESAR SEREMBAN - BAHAGIAN RUNCIT,Runcit,26,Ternakan,07,002,DAGING KAMBING,F.A.Q,Kilogram,50,50,
31044578,2026-10-08,2026-10-08 14:56:27.621996,NEGERI SEMBILAN,SEREMBAN,PASAR BESAR SEREMBAN - BAHAGIAN RUNCIT,Runcit,26,Ternakan,07,002,DAGING KAMBING,F.A.Q,Kilogram,50,50,
31044579,2026-10-08,2026-10-08 14:56:27.621996,NEGERI SEMBILAN,SEREMBAN,PASAR BESAR SEREMBAN - BAHAGIAN RUNCIT,Runcit,26,Ternakan,02,003,DAGING LEMBU CINCANG,F.A.Q,Kilogram,32,31,
31044580,2026-10-08,2026-10-08 14:56:27.621996,NEGERI SEMBILAN,SEREMBAN,PASAR BESAR SEREMBAN - BAHAGIAN RUNCIT,Runcit,26,Ternakan,02,003,DAGING LEMBU CINCANG,F.A.Q,Kilogram,30,31,
31044581,2026-10-08,2026-10-08 14:56:27.621996,NEGERI SEMBILAN,SEREMBAN,PASAR BESAR SEREMBAN - BAHAGIAN RUNCIT,Runcit,26,Ternakan,02,003,DAGING PEJAL (INDIA),F.A.Q,Kilogram,25,24.5,
31044582,2026-10-08,2026-10-08 14:56:27.621996,NEGERI SEMBILAN,SEREMBAN,PASAR BESAR SEREMBAN - BAHAGIAN RUNCIT,Runcit,26,Ternakan,02,003,DAGING PEJAL (INDIA),F.A.Q,Kilogram,24,24.5,
31044583,2026-10-08,2026-10-08 14:56:27.621996,NEGERI SEMBILAN,SEREMBAN,PASAR BESAR SEREMBAN - BAHAGIAN RUNCIT,Runcit,26,Ternakan,05,003,HATI LEMBU,F.A.Q,Kilogram,35,35,
31044584,2026-10-08,2026-10-08 14:56:27.621996,NEGERI SEMBILAN,SEREMBAN,PASAR BESAR SEREMBAN - BAHAGIAN RUNCIT,Runcit,26,Ternakan,05,003,HATI LEMBU,F.A.Q,Kilogram,35,35,
31044585,2026-10-08,2026-10-08 14:56:27.621996,NEGERI SEMBILAN,SEREMBAN,PASAR BESAR SEREMBAN - BAHAGIAN RUNCIT,Runcit,26,Ternakan,03,002,KERATAN AYAM - DADA,F.A.Q,Kilogram,18,18,
31044586,2026-10-08,2026-10-08 14:56:27.621996,NEGERI SEMBILAN,SEREMBAN,PASAR BESAR SEREMBAN - BAHAGIAN RUNCIT,Runcit,26,Ternakan,03,002,KERATAN AYAM - DADA,F.A.Q,Kilogram,18,18,
31044587,2026-10-08,2026-10-08 14:56:27.621996,NEGERI SEMBILAN,SEREMBAN,PASAR BESAR SEREMBAN - BAHAGIAN RUNCIT,Runcit,26,Ternakan,03,002,KERATAN AYAM - KEPAK,F.A.Q,Kilogram,18,18,
31044588,2026-10-08,2026-10-08 14:56:27.621996,NEGERI SEMBILAN,SEREMBAN,PASAR BESAR SEREMBAN - BAHAGIAN RUNCIT,Runcit,26,Ternakan,03,002,KERATAN AYAM - KEPAK,F.A.Q,Kilogram,18,18,
31044589,2026-10-08,2026-10-08 14:56:27.621996,NEGERI SEMBILAN,SEREMBAN,PASAR BESAR SEREMBAN - BAHAGIAN RUNCIT,Runcit,26,Ternakan,03,002,KERATAN AYAM - PAHA,F.A.Q,Kilogram,18,18,
31044590,2026-10-08,2026-10-08 14:56:27.621996,NEGERI SEMBILAN,SEREMBAN,PASAR BESAR SEREMBAN - BAHAGIAN RUNCIT,Runcit,26,Ternakan,03,002,KERATAN AYAM - PAHA,F.A.Q,Kilogram,18,18,
31044591,2026-10-08,2026-10-08 14:56:27.621996,NEGERI SEMBILAN,SEREMBAN,PASAR BESAR SEREMBAN - BAHAGIAN RUNCIT,Runcit,26,Ternakan,03,002,KERATAN AYAM - PAHA ATAS / THIGH,F.A.Q,Kilogram,18,18,
31044592,2026-10-08,2026-10-08 14:56:27.621996,NEGERI SEMBILAN,SEREMBAN,PASAR BESAR SEREMBAN - BAHAGIAN RUNCIT,Runcit,26,Ternakan,03,002,KERATAN AYAM - PAHA ATAS / THIGH,F.A.Q,Kilogram,18,18,
31044593,2026-10-08,2026-10-08 14:56:27.621996,NEGERI SEMBILAN,SEREMBAN,PASAR BESAR SEREMBAN - BAHAGIAN RUNCIT,Runcit,26,Ternakan,03,002,KERATAN AYAM - PAHA PENUH / WHOLE LEG,F.A.Q,Kilogram,18,18,
31044594,2026-10-08,2026-10-08 14:56:27.621996,NEGERI SEMBILAN,SEREMBAN,PASAR BESAR SEREMBAN - BAHAGIAN RUNCIT,Runcit,26,Ternakan,03,002,KERATAN AYAM - PAHA PENUH / WHOLE LEG,F.A.Q,Kilogram,18,18,
31044595,2026-10-08,2026-10-08 14:56:27.621996,NEGERI SEMBILAN,SEREMBAN,PASAR BESAR SEREMBAN - BAHAGIAN RUNCIT,Runcit,26,Ternakan,17,001,LIMPA LEMBU,F.A.Q,Kilogram,35,35,
31044596,2026-10-08,2026-10-08 14:56:27.621996,NEGERI SEMBILAN,SEREMBAN,PASAR BESAR SEREMBAN - BAHAGIAN RUNCIT,Runcit,26,Ternakan,17,001,LIMPA LEMBU,F.A.Q,Kilogram,35,35,
31044597,2026-10-08,2026-10-08 14:56:27.621996,NEGERI SEMBILAN,SEREMBAN,PASAR BESAR SEREMBAN - BAHAGIAN RUNCIT,Runcit,26,Ternakan,15,002,PARU LEMBU,F.A.Q,Kilogram,35,35,
31044598,2026-10-08,2026-10-08 14:56:27.621996,NEGERI SEMBILAN,SEREMBAN,PASAR BESAR SEREMBAN - BAHAGIAN RUNCIT,Runcit,26,Ternakan,15,002,PARU LEMBU,F.A.Q,Kilogram,35,35,
31044599,2026-10-08,2026-10-08 14:56:27.621996,NEGERI SEMBILAN,SEREMBAN,PASAR BESAR SEREMBAN - BAHAGIAN RUNCIT,Runcit,26,Ternakan,16,001,PERUT BULAT / MUDA / USUS LEMBU,F.A.Q,Kilogram,25,25,
31044600,2026-10-08,2026-10-08 14:56:27.621996,NEGERI SEMBILAN,SEREMBAN,PASAR BESAR SEREMBAN - BAHAGIAN RUNCIT,Runcit,26,Ternakan,16,001,PERUT BULAT / MUDA / USUS LEMBU,F.A.Q,Kilogram,25,25,
31044601,2026-10-08,2026-10-08 14:56:27.621996,NEGERI SEMBILAN,SEREMBAN,PASAR BESAR SEREMBAN - BAHAGIAN RUNCIT,Runcit,26,Ternakan,11,002,TELUR ITIK,SEDANG,Biji,1.3,1.25,
31044602,2026-10-08,2026-10-08 14:56:27.621996,NEGERI SEMBILAN,SEREMBAN,PASAR BESAR SEREMBAN - BAHAGIAN RUNCIT,Runcit,26,Ternakan,11,002,TELUR ITIK,SEDANG,Biji,1.2,1.25,
31044603,2026-10-08,2026-10-08 14:57:40.67228,NEGERI SEMBILAN,SEREMBAN,PASAR BESAR SEREMBAN - BAHAGIAN RUNCIT,Runcit,26,Ternakan,04,001,DAGING BIRI-BIRI (IMPORT),F.A.Q,Kilogram,34,34.5,
31044604,2026-10-08,2026-10-08 14:57:40.67228,NEGERI SEMBILAN,SEREMBAN,PASAR BESAR SEREMBAN - BAHAGIAN RUNCIT,Runcit,26,Ternakan,04,001,DAGING BIRI-BIRI (IMPORT),F.A.Q,Kilogram,35,34.5,
31044605,2026-10-08,2026-10-08 14:59:11.526051,NEGERI SEMBILAN,SEREMBAN,PASAR BESAR SEREMBAN - BAHAGIAN BORONG,Borong,20,Ternakan,03,002,AYAM KAMPUNG (PROSES),F.A.Q,Kilogram,19,19.5,
31044606,2026-10-08,2026-10-08 14:59:11.526051,NEGERI SEMBILAN,SEREMBAN,PASAR BESAR SEREMBAN - BAHAGIAN BORONG,Borong,20,Ternakan,03,002,AYAM KAMPUNG (PROSES),F.A.Q,Kilogram,20,19.5,
31044607,2026-10-08,2026-10-08 14:59:11.526051,NEGERI SEMBILAN,SEREMBAN,PASAR BESAR SEREMBAN - BAHAGIAN BORONG,Borong,20,Ternakan,03,002,AYAM TUA / PENELUR PROSES,F.A.Q,Kilogram,10,10.5,
31044608,2026-10-08,2026-10-08 14:59:11.526051,NEGERI SEMBILAN,SEREMBAN,PASAR BESAR SEREMBAN - BAHAGIAN BORONG,Borong,20,Ternakan,03,002,AYAM TUA / PENELUR PROSES,F.A.Q,Kilogram,11,10.5,
31044609,2026-10-08,2026-10-08 14:59:11.526051,NEGERI SEMBILAN,SEREMBAN,PASAR BESAR SEREMBAN - BAHAGIAN BORONG,Borong,20,Ternakan,04,001,DAGING BIRI-BIRI (IMPORT),F.A.Q,Kilogram,31,31,
31044610,2026-10-08,2026-10-08 14:59:11.526051,NEGERI SEMBILAN,SEREMBAN,PASAR BESAR SEREMBAN - BAHAGIAN BORONG,Borong,20,Ternakan,07,002,DAGING KAMBING,F.A.Q,Kilogram,40,40,
31044611,2026-10-08,2026-10-08 14:59:11.526051,NEGERI SEMBILAN,SEREMBAN,PASAR BESAR SEREMBAN - BAHAGIAN BORONG,Borong,20,Ternakan,02,003,DAGING LEMBU CINCANG,F.A.Q,Kilogram,29,28.5,
31044612,2026-10-08,2026-10-08 14:59:11.526051,NEGERI SEMBILAN,SEREMBAN,PASAR BESAR SEREMBAN - BAHAGIAN BORONG,Borong,20,Ternakan,02,003,DAGING LEMBU CINCANG,F.A.Q,Kilogram,28,28.5,
31044613,2026-10-08,2026-10-08 14:59:11.526051,NEGERI SEMBILAN,SEREMBAN,PASAR BESAR SEREMBAN - BAHAGIAN BORONG,Borong,20,Ternakan,02,003,DAGING PEJAL (INDIA),F.A.Q,Kilogram,22,21.5,
31044614,2026-10-08,2026-10-08 14:59:11.526051,NEGERI SEMBILAN,SEREMBAN,PASAR BESAR SEREMBAN - BAHAGIAN BORONG,Borong,20,Ternakan,02,003,DAGING PEJAL (INDIA),F.A.Q,Kilogram,21,21.5,
31044615,2026-10-08,2026-10-08 14:59:11.526051,NEGERI SEMBILAN,SEREMBAN,PASAR BESAR SEREMBAN - BAHAGIAN BORONG,Borong,20,Ternakan,11,002,TELUR ITIK,SEDANG,Biji,1,0.93333334,
31044616,2026-10-08,2026-10-08 14:59:11.526051,NEGERI SEMBILAN,SEREMBAN,PASAR BESAR SEREMBAN - BAHAGIAN BORONG,Borong,20,Ternakan,11,002,TELUR ITIK,SEDANG,Biji,0.9,0.93333334,
31044617,2026-10-08,2026-10-08 15:13:04.286999,NEGERI SEMBILAN,PORT DICKSON,PASAR AWAM PORT DICKSON,Runcit,26,Sayur-Sayuran,05,001,BAWANG BESAR KUNING / HOLLAND,F.A.Q,Kilogram,5,5,
31044618,2026-10-08,2026-10-08 15:13:04.286999,NEGERI SEMBILAN,PORT DICKSON,PASAR AWAM PORT DICKSON,Runcit,26,Sayur-Sayuran,05,001,BAWANG BESAR MERAH (INDIA),F.A.Q,Kilogram,4,4,
31044619,2026-10-08,2026-10-08 15:13:04.286999,NEGERI SEMBILAN,PORT DICKSON,PASAR AWAM PORT DICKSON,Runcit,26,Sayur-Sayuran,05,001,BAWANG MERAH / KECIL (INDIA),F.A.Q,Kilogram,5,5,
31044620,2026-10-08,2026-10-08 15:13:04.286999,NEGERI SEMBILAN,PORT DICKSON,PASAR AWAM PORT DICKSON,Runcit,26,Sayur-Sayuran,05,001,BAWANG MERAH ROSE,F.A.Q,Kilogram,11,11,
31044621,2026-10-08,2026-10-08 15:13:04.286999,NEGERI SEMBILAN,PORT DICKSON,PASAR AWAM PORT DICKSON,Runcit,26,Sayur-Sayuran,05,001,BAWANG PUTIH (CHINA),F.A.Q,Kilogram,13,13,
31044622,2026-10-08,2026-10-08 15:13:04.286999,NEGERI SEMBILAN,PORT DICKSON,PASAR AWAM PORT DICKSON,Runcit,26,Sayur-Sayuran,05,009,UBI KENTANG HOLLAND,F.A.Q,Kilogram,4,4,
31044623,2026-10-08,2026-10-08 15:22:32.241937,TERENGGANU,KUALA TERENGGANU,PASAR AWAM CHABANG TIGA,Runcit,,Hasil Laut & Perikanan,02,009,IKAN BAUNG,F.A.Q,Kilogram,27,29.5,
31044624,2026-10-08,2026-10-08 15:22:32.317486,TERENGGANU,KUALA TERENGGANU,PASAR AWAM CHABANG TIGA,Runcit,,Hasil Laut & Perikanan,02,010,IKAN HARUAN,F.A.Q,Kilogram,18,26.46,
31044625,2026-10-08,2026-10-08 15:22:32.402943,TERENGGANU,KUALA TERENGGANU,PASAR AWAM CHABANG TIGA,Runcit,,Hasil Laut & Perikanan,02,012,IKAN KELI BUNGA,F.A.Q,Kilogram,12,9.52,
31044626,2026-10-08,2026-10-08 15:22:32.48908,TERENGGANU,KUALA TERENGGANU,PASAR AWAM CHABANG TIGA,Runcit,,Hasil Laut & Perikanan,02,005,IKAN PATIN (SANGKAR),F.A.Q,Kilogram,17,16.36,
31044627,2026-10-08,2026-10-08 15:22:32.60663,TERENGGANU,KUALA TERENGGANU,PASAR AWAM CHABANG TIGA,Runcit,,Hasil Laut & Perikanan,02,002,IKAN TILAPIA MERAH,F.A.Q,Kilogram,18,16.08,
31044628,2026-10-08,2026-10-08 15:22:32.676909,TERENGGANU,KUALA TERENGGANU,PASAR AWAM CHABANG TIGA,Runcit,,Hasil Laut & Perikanan,02,006,UDANG GALAH,F.A.Q,Kilogram,42,42.89,
31044629,2026-10-08,2026-10-08 15:23:29.249005,NEGERI SEMBILAN,PORT DICKSON,PASAR AWAM PORT DICKSON,Runcit,26,Sayur-Sayuran,03,001,BAYAM,F.A.Q,Kilogram,7,5.5,
31044630,2026-10-08,2026-10-08 15:23:29.249005,NEGERI SEMBILAN,PORT DICKSON,PASAR AWAM PORT DICKSON,Runcit,26,Sayur-Sayuran,02,002,CILI HIJAU,F.A.Q,Kilogram,13,13.18,
31044631,2026-10-08,2026-10-08 15:23:29.249005,NEGERI SEMBILAN,PORT DICKSON,PASAR AWAM PORT DICKSON,Runcit,26,Sayur-Sayuran,03,009,DAUN BAWANG,F.A.Q,Kilogram,11,9,
31044632,2026-10-08,2026-10-08 15:23:29.249005,NEGERI SEMBILAN,PORT DICKSON,PASAR AWAM PORT DICKSON,Runcit,26,Sayur-Sayuran,04,002,KACANG BENDI,F.A.Q,Kilogram,8,8.333333,
31044633,2026-10-08,2026-10-08 15:23:29.249005,NEGERI SEMBILAN,PORT DICKSON,PASAR AWAM PORT DICKSON,Runcit,26,Sayur-Sayuran,04,003,KACANG BUNCIS,F.A.Q,Kilogram,15,11.5,
31044634,2026-10-08,2026-10-08 15:23:29.249005,NEGERI SEMBILAN,PORT DICKSON,PASAR AWAM PORT DICKSON,Runcit,26,Sayur-Sayuran,04,007,KACANG PANJANG HIJAU,F.A.Q,Kilogram,10,8,
31044635,2026-10-08,2026-10-08 15:23:29.249005,NEGERI SEMBILAN,PORT DICKSON,PASAR AWAM PORT DICKSON,Runcit,26,Sayur-Sayuran,03,019,KANGKUNG,F.A.Q,Kilogram,5,4,
31044636,2026-10-08,2026-10-08 15:23:29.249005,NEGERI SEMBILAN,PORT DICKSON,PASAR AWAM PORT DICKSON,Runcit,26,Sayur-Sayuran,03,006,KUBIS BULAT (TANAH TINGGI),F.A.Q,Kilogram,4,5,
31044637,2026-10-08,2026-10-08 15:23:29.249005,NEGERI SEMBILAN,PORT DICKSON,PASAR AWAM PORT DICKSON,Runcit,26,Sayur-Sayuran,03,007,SAWI HIJAU TANAH TINGGI,F.A.Q,Kilogram,10,4,
31044638,2026-10-08,2026-10-08 15:23:29.249005,NEGERI SEMBILAN,PORT DICKSON,PASAR AWAM PORT DICKSON,Runcit,26,Sayur-Sayuran,02,010,TERUNG PANJANG / PEPARU (TANAH RENDAH),F.A.Q,Kilogram,8,8.333333,
31044639,2026-10-08,2026-10-08 15:23:29.249005,NEGERI SEMBILAN,PORT DICKSON,PASAR AWAM PORT DICKSON,Runcit,26,Sayur-Sayuran,02,011,TIMUN HIJAU,F.A.Q,Kilogram,5,4,
31044640,2026-10-08,2026-10-08 15:23:29.249005,NEGERI SEMBILAN,PORT DICKSON,PASAR AWAM PORT DICKSON,Runcit,26,Sayur-Sayuran,02,012,TOMATO (TANAH TINGGI),F.A.Q,Kilogram,5,6,
31044641,2026-10-08,2026-10-08 15:25:47.711839,NEGERI SEMBILAN,PORT DICKSON,PASAR AWAM PORT DICKSON,Runcit,26,Ternakan,03,002,AYAM PROSES STANDARD,F.A.Q,Kilogram,10.5,10.09,
31044642,2026-10-08,2026-10-08 15:25:47.711839,NEGERI SEMBILAN,PORT DICKSON,PASAR AWAM PORT DICKSON,Runcit,26,Ternakan,11,001,TELUR AYAM,B,Biji,0.45,0.445,
31044643,2026-10-08,2026-10-08 15:25:47.711839,NEGERI SEMBILAN,PORT DICKSON,PASAR AWAM PORT DICKSON,Runcit,26,Ternakan,11,001,TELUR AYAM,C,Biji,0.44,0.43666667,
31044644,2026-10-08,2026-10-08 15:27:24.875946,TERENGGANU,KUALA TERENGGANU,PASAR AWAM CHABANG TIGA,Runcit,,Ternakan,03,002,AYAM KAMPUNG (PROSES),F.A.Q,Kilogram,22,17,
31044645,2026-10-08,2026-10-08 15:27:25.068936,TERENGGANU,KUALA TERENGGANU,PASAR AWAM CHABANG TIGA,Runcit,,Ternakan,02,003,DAGING BATANG PINANG - TENDERLION,F.A.Q,Kilogram,29,58,
31044646,2026-10-08,2026-10-08 15:27:25.280954,TERENGGANU,KUALA TERENGGANU,PASAR AWAM CHABANG TIGA,Runcit,,Ternakan,07,002,DAGING KAMBING,F.A.Q,Kilogram,46,54.45,
31044647,2026-10-08,2026-10-08 15:27:25.446223,TERENGGANU,KUALA TERENGGANU,PASAR AWAM CHABANG TIGA,Runcit,,Ternakan,02,003,DAGING LEMBU CINCANG,F.A.Q,Kilogram,26,28.27,
31044685,2026-10-08,2026-10-08 15:32:13.157738,TERENGGANU,KUALA TERENGGANU,PASAR AWAM CHABANG TIGA,Runcit,,Ternakan,03,002,AYAM KAMPUNG (PROSES),F.A.Q,Kilogram,22,17,
31044686,2026-10-08,2026-10-08 15:32:13.238336,TERENGGANU,KUALA TERENGGANU,PASAR AWAM CHABANG TIGA,Runcit,,Ternakan,07,002,DAGING KAMBING,F.A.Q,Kilogram,46,54.45,
31044687,2026-10-08,2026-10-08 15:32:13.326339,TERENGGANU,KUALA TERENGGANU,PASAR AWAM CHABANG TIGA,Runcit,,Ternakan,02,003,DAGING LEMBU CINCANG,F.A.Q,Kilogram,25,28.27,
31044688,2026-10-08,2026-10-08 15:32:13.407339,TERENGGANU,KUALA TERENGGANU,PASAR AWAM CHABANG TIGA,Runcit,,Ternakan,11,002,TELUR ITIK,SEDANG,Biji,1.5,1.06,
31044851,2026-10-08,2026-10-08 15:52:02.279366,PERLIS,PERLIS,PASAR AWAM SENA,Runcit,26,Lain-Lain Makanan Proses,25,002,TELUR ITIK MASIN,F.A.Q,Biji,1.3,1.3,
31044852,2026-10-08,2026-10-08 15:52:51.445154,PERLIS,PERLIS,PASAR AWAM SENA,Runcit,26,Hasil Laut & Perikanan,02,012,IKAN KELI BUNGA,F.A.Q,Kilogram,9.2,9.2,
31044853,2026-10-08,2026-10-08 15:52:51.445154,PERLIS,PERLIS,PASAR AWAM SENA,Runcit,26,Hasil Laut & Perikanan,02,005,IKAN PATIN (KOLAM),F.A.Q,Kilogram,10,10,
31044854,2026-10-08,2026-10-08 15:52:51.445154,PERLIS,PERLIS,PASAR AWAM SENA,Runcit,26,Hasil Laut & Perikanan,11,012,IKAN SARDIN,SEDANG,Kilogram,14,14,
31044855,2026-10-08,2026-10-08 15:52:51.445154,PERLIS,PERLIS,PASAR AWAM SENA,Runcit,26,Hasil Laut & Perikanan,11,015,IKAN SELAR,SEDANG,Kilogram,12,12,
31044856,2026-10-08,2026-10-08 15:52:51.445154,PERLIS,PERLIS,PASAR AWAM SENA,Runcit,26,Hasil Laut & Perikanan,02,002,IKAN TILAPIA MERAH,F.A.Q,Kilogram,14,14,
31044857,2026-10-08,2026-10-08 15:53:41.516295,PERLIS,PERLIS,PASAR AWAM SENA,Runcit,26,Ternakan,11,003,TELUR PUYUH,F.A.Q,Biji,0.27,0.27,
31044858,2026-10-08,2026-10-08 15:53:41.516295,PERLIS,PERLIS,PASAR AWAM SENA,Runcit,26,Ternakan,11,003,TELUR PUYUH,F.A.Q,Biji,0.27,0.27,
31044919,2026-10-08,2026-10-08 15:57:04.786234,PERLIS,PERLIS,PASAR AWAM SENA,Runcit,26,Ternakan,03,002,AYAM KAMPUNG (PROSES),F.A.Q,Kilogram,18.5,18.5,
31044920,2026-10-08,2026-10-08 15:57:04.786234,PERLIS,PERLIS,PASAR AWAM SENA,Runcit,26,Ternakan,01,003,AYAM KAMPUNG HIDUP,F.A.Q,Kilogram,17,17,
31044921,2026-10-08,2026-10-08 15:57:04.786234,PERLIS,PERLIS,PASAR AWAM SENA,Runcit,26,Ternakan,02,002,BURUNG PUYUH (PROSES),F.A.Q,Kilogram,26,26,
31044922,2026-10-08,2026-10-08 15:57:04.786234,PERLIS,PERLIS,PASAR AWAM SENA,Runcit,26,Ternakan,02,003,DAGING BATANG PINANG - TENDERLION,F.A.Q,Kilogram,35,35,
31044923,2026-10-08,2026-10-08 15:57:04.786234,PERLIS,PERLIS,PASAR AWAM SENA,Runcit,26,Ternakan,04,001,DAGING BIRI-BIRI (IMPORT),F.A.Q,Kilogram,34,34,
31044924,2026-10-08,2026-10-08 15:57:04.786234,PERLIS,PERLIS,PASAR AWAM SENA,Runcit,26,Ternakan,07,002,DAGING KAMBING,F.A.Q,Kilogram,52,52,
31044925,2026-10-08,2026-10-08 15:57:04.786234,PERLIS,PERLIS,PASAR AWAM SENA,Runcit,26,Ternakan,02,003,DAGING LEMBU CINCANG,F.A.Q,Kilogram,30,30,
31044926,2026-10-08,2026-10-08 15:57:04.786234,PERLIS,PERLIS,PASAR AWAM SENA,Runcit,26,Ternakan,02,003,DAGING LEMBU CINCANG,F.A.Q,Kilogram,30,30,
31044927,2026-10-08,2026-10-08 15:57:04.786234,PERLIS,PERLIS,PASAR AWAM SENA,Runcit,26,Ternakan,02,003,DAGING PEJAL (INDIA),F.A.Q,Kilogram,20,20,
31044928,2026-10-08,2026-10-08 15:57:04.786234,PERLIS,PERLIS,PASAR AWAM SENA,Runcit,26,Ternakan,05,003,HATI LEMBU,F.A.Q,Kilogram,30,30,
31044929,2026-10-08,2026-10-08 15:57:04.786234,PERLIS,PERLIS,PASAR AWAM SENA,Runcit,26,Ternakan,05,003,HATI LEMBU,F.A.Q,Kilogram,30,30,
31044930,2026-10-08,2026-10-08 15:57:04.786234,PERLIS,PERLIS,PASAR AWAM SENA,Runcit,26,Ternakan,17,001,LIMPA LEMBU,F.A.Q,Kilogram,30,30,
31044931,2026-10-08,2026-10-08 15:57:04.786234,PERLIS,PERLIS,PASAR AWAM SENA,Runcit,26,Ternakan,17,001,LIMPA LEMBU,F.A.Q,Kilogram,30,30,
31044932,2026-10-08,2026-10-08 15:57:04.786234,PERLIS,PERLIS,PASAR AWAM SENA,Runcit,26,Ternakan,15,002,PARU LEMBU,F.A.Q,Kilogram,30,30,
31044933,2026-10-08,2026-10-08 15:57:04.786234,PERLIS,PERLIS,PASAR AWAM SENA,Runcit,26,Ternakan,15,002,PARU LEMBU,F.A.Q,Kilogram,30,30,
31044934,2026-10-08,2026-10-08 15:57:04.786234,PERLIS,PERLIS,PASAR AWAM SENA,Runcit,26,Ternakan,16,001,PERUT BULAT / MUDA / USUS LEMBU,F.A.Q,Kilogram,30,30,
31044935,2026-10-08,2026-10-08 15:57:04.786234,PERLIS,PERLIS,PASAR AWAM SENA,Runcit,26,Ternakan,16,001,PERUT BULAT / MUDA / USUS LEMBU,F.A.Q,Kilogram,30,30,
31044936,2026-10-08,2026-10-08 15:58:24.267956,PERAK,MUALLIM,[PASAR AWAM] TANJUNG MALIM,Runcit,26,Sayur-Sayuran,03,001,BAYAM,F.A.Q,Kilogram,8,5.5,
31044937,2026-10-08,2026-10-08 15:58:24.267956,PERAK,MUALLIM,[PASAR AWAM] TANJUNG MALIM,Runcit,26,Sayur-Sayuran,03,015,DAUN SUP (IMPORT),F.A.Q,Kilogram,10,8,
31044938,2026-10-08,2026-10-08 15:58:24.267956,PERAK,MUALLIM,[PASAR AWAM] TANJUNG MALIM,Runcit,26,Sayur-Sayuran,03,019,KANGKUNG,F.A.Q,Kilogram,6,4.5,
31044939,2026-10-08,2026-10-08 15:58:24.267956,PERAK,MUALLIM,[PASAR AWAM] TANJUNG MALIM,Runcit,26,Sayur-Sayuran,02,010,TERUNG PANJANG / PEPARU (IMPORT),F.A.Q,Kilogram,10,9,
31044940,2026-10-08,2026-10-08 15:58:24.267956,PERAK,MUALLIM,[PASAR AWAM] TANJUNG MALIM,Runcit,26,Sayur-Sayuran,02,011,TIMUN HIJAU,F.A.Q,Kilogram,6,4,
31044967,2026-10-08,2026-10-08 15:59:52.511631,JOHOR,JOHOR BAHRU,PASAR AWAM LARKIN,Runcit,26,Hasil Laut & Perikanan,02,009,IKAN BAUNG,F.A.Q,Kilogram,35,35,
31044968,2026-10-08,2026-10-08 15:59:52.511631,JOHOR,JOHOR BAHRU,PASAR AWAM LARKIN,Runcit,26,Hasil Laut & Perikanan,11,017,IKAN CENCARU,SEDANG,Kilogram,18,19,
31044969,2026-10-08,2026-10-08 15:59:52.511631,JOHOR,JOHOR BAHRU,PASAR AWAM LARKIN,Runcit,26,Hasil Laut & Perikanan,02,010,IKAN HARUAN,F.A.Q,Kilogram,28,28,
31044970,2026-10-08,2026-10-08 15:59:52.511631,JOHOR,JOHOR BAHRU,PASAR AWAM LARKIN,Runcit,26,Hasil Laut & Perikanan,02,011,IKAN JELAWAT,F.A.Q,Kilogram,11,11,
31044971,2026-10-08,2026-10-08 15:59:52.511631,JOHOR,JOHOR BAHRU,PASAR AWAM LARKIN,Runcit,26,Hasil Laut & Perikanan,02,012,IKAN KELI BUNGA,F.A.Q,Kilogram,9,9,
31044972,2026-10-08,2026-10-08 15:59:52.511631,JOHOR,JOHOR BAHRU,PASAR AWAM LARKIN,Runcit,26,Hasil Laut & Perikanan,11,008,IKAN KEMBUNG,SEDANG,Kilogram,18,18,
31044973,2026-10-08,2026-10-08 15:59:52.511631,JOHOR,JOHOR BAHRU,PASAR AWAM LARKIN,Runcit,26,Hasil Laut & Perikanan,11,008,IKAN KEMBUNG/PELALING,SEDANG,Kilogram,17,17,
31044974,2026-10-08,2026-10-08 15:59:52.511631,JOHOR,JOHOR BAHRU,PASAR AWAM LARKIN,Runcit,26,Hasil Laut & Perikanan,02,005,IKAN PATIN (KOLAM),F.A.Q,Kilogram,12,12,
31044975,2026-10-08,2026-10-08 15:59:52.511631,JOHOR,JOHOR BAHRU,PASAR AWAM LARKIN,Runcit,26,Hasil Laut & Perikanan,11,012,IKAN SARDIN,SEDANG,Kilogram,16,16,
31044976,2026-10-08,2026-10-08 15:59:52.511631,JOHOR,JOHOR BAHRU,PASAR AWAM LARKIN,Runcit,26,Hasil Laut & Perikanan,11,015,IKAN SELAR,SEDANG,Kilogram,22,22,
31044977,2026-10-08,2026-10-08 15:59:52.511631,JOHOR,JOHOR BAHRU,PASAR AWAM LARKIN,Runcit,26,Hasil Laut & Perikanan,02,002,IKAN TILAPIA HITAM,F.A.Q,Kilogram,13,13,
31044978,2026-10-08,2026-10-08 15:59:52.511631,JOHOR,JOHOR BAHRU,PASAR AWAM LARKIN,Runcit,26,Hasil Laut & Perikanan,02,002,IKAN TILAPIA MERAH,F.A.Q,Kilogram,16,16,
31044979,2026-10-08,2026-10-08 16:00:53.240426,PERLIS,PERLIS,PASAR AWAM SENA,Runcit,26,Ternakan,03,002,AYAM KAMPUNG (PROSES),F.A.Q,Kilogram,18.5,18.5,
31044980,2026-10-08,2026-10-08 16:00:53.240426,PERLIS,PERLIS,PASAR AWAM SENA,Runcit,26,Ternakan,03,002,KERATAN AYAM - DADA,F.A.Q,Kilogram,15,15,
31044981,2026-10-08,2026-10-08 16:00:53.240426,PERLIS,PERLIS,PASAR AWAM SENA,Runcit,26,Ternakan,03,002,KERATAN AYAM - DADA,F.A.Q,Kilogram,15,15,
31044982,2026-10-08,2026-10-08 16:00:53.240426,PERLIS,PERLIS,PASAR AWAM SENA,Runcit,26,Ternakan,03,002,KERATAN AYAM - DADA,F.A.Q,Kilogram,15,15,
31044983,2026-10-08,2026-10-08 16:00:53.240426,PERLIS,PERLIS,PASAR AWAM SENA,Runcit,26,Ternakan,03,002,KERATAN AYAM - KEPAK,F.A.Q,Kilogram,14,14,
31044984,2026-10-08,2026-10-08 16:00:53.240426,PERLIS,PERLIS,PASAR AWAM SENA,Runcit,26,Ternakan,03,002,KERATAN AYAM - KEPAK,F.A.Q,Kilogram,14,14,
31044985,2026-10-08,2026-10-08 16:00:53.240426,PERLIS,PERLIS,PASAR AWAM SENA,Runcit,26,Ternakan,03,002,KERATAN AYAM - KEPAK,F.A.Q,Kilogram,14,14,
31044986,2026-10-08,2026-10-08 16:00:53.240426,PERLIS,PERLIS,PASAR AWAM SENA,Runcit,26,Ternakan,03,002,KERATAN AYAM - PAHA,F.A.Q,Kilogram,14,14,
31044987,2026-10-08,2026-10-08 16:00:53.240426,PERLIS,PERLIS,PASAR AWAM SENA,Runcit,26,Ternakan,03,002,KERATAN AYAM - PAHA,F.A.Q,Kilogram,14,14,
31044988,2026-10-08,2026-10-08 16:00:53.240426,PERLIS,PERLIS,PASAR AWAM SENA,Runcit,26,Ternakan,03,002,KERATAN AYAM - PAHA,F.A.Q,Kilogram,14,14,
31044989,2026-10-08,2026-10-08 16:00:53.240426,PERLIS,PERLIS,PASAR AWAM SENA,Runcit,26,Ternakan,03,002,KERATAN AYAM - PAHA ATAS / THIGH,F.A.Q,Kilogram,14,14,
31044990,2026-10-08,2026-10-08 16:00:53.240426,PERLIS,PERLIS,PASAR AWAM SENA,Runcit,26,Ternakan,03,002,KERATAN AYAM - PAHA ATAS / THIGH,F.A.Q,Kilogram,14,14,
31044991,2026-10-08,2026-10-08 16:00:53.240426,PERLIS,PERLIS,PASAR AWAM SENA,Runcit,26,Ternakan,03,002,KERATAN AYAM - PAHA ATAS / THIGH,F.A.Q,Kilogram,14,14,
31044992,2026-10-08,2026-10-08 16:00:53.240426,PERLIS,PERLIS,PASAR AWAM SENA,Runcit,26,Ternakan,03,002,KERATAN AYAM - PAHA PENUH / WHOLE LEG,F.A.Q,Kilogram,13,13,
31044993,2026-10-08,2026-10-08 16:00:53.240426,PERLIS,PERLIS,PASAR AWAM SENA,Runcit,26,Ternakan,03,002,KERATAN AYAM - PAHA PENUH / WHOLE LEG,F.A.Q,Kilogram,13,13,
31044994,2026-10-08,2026-10-08 16:00:53.240426,PERLIS,PERLIS,PASAR AWAM SENA,Runcit,26,Ternakan,03,002,KERATAN AYAM - PAHA PENUH / WHOLE LEG,F.A.Q,Kilogram,13,13,
31044995,2026-10-08,2026-10-08 16:02:03.102454,JOHOR,JOHOR BAHRU,PASAR AWAM LARKIN,Runcit,26,Ternakan,03,002,AYAM KAMPUNG (PROSES),F.A.Q,Kilogram,28,28,
31044996,2026-10-08,2026-10-08 16:02:03.102454,JOHOR,JOHOR BAHRU,PASAR AWAM LARKIN,Runcit,26,Ternakan,01,003,AYAM KAMPUNG HIDUP,F.A.Q,Kilogram,20,20,
31044997,2026-10-08,2026-10-08 16:02:03.102454,JOHOR,JOHOR BAHRU,PASAR AWAM LARKIN,Runcit,26,Ternakan,01,003,AYAM TUA / PENELUR HIDUP,F.A.Q,Kilogram,14.5,14.5,
31044998,2026-10-08,2026-10-08 16:02:03.102454,JOHOR,JOHOR BAHRU,PASAR AWAM LARKIN,Runcit,26,Ternakan,03,002,AYAM TUA / PENELUR PROSES,F.A.Q,Kilogram,12,12,
31044999,2026-10-08,2026-10-08 16:02:03.102454,JOHOR,JOHOR BAHRU,PASAR AWAM LARKIN,Runcit,26,Ternakan,02,002,BURUNG PUYUH (PROSES),F.A.Q,Kilogram,35,35,
31045000,2026-10-08,2026-10-08 16:02:03.102454,JOHOR,JOHOR BAHRU,PASAR AWAM LARKIN,Runcit,26,Ternakan,02,003,DAGING BATANG PINANG - TENDERLION,F.A.Q,Kilogram,40,40,
31045001,2026-10-08,2026-10-08 16:02:03.102454,JOHOR,JOHOR BAHRU,PASAR AWAM LARKIN,Runcit,26,Ternakan,04,001,DAGING BIRI-BIRI (IMPORT),F.A.Q,Kilogram,40,40,
31045002,2026-10-08,2026-10-08 16:02:03.102454,JOHOR,JOHOR BAHRU,PASAR AWAM LARKIN,Runcit,26,Ternakan,07,002,DAGING KAMBING,F.A.Q,Kilogram,46,46,
31045003,2026-10-08,2026-10-08 16:02:03.102454,JOHOR,JOHOR BAHRU,PASAR AWAM LARKIN,Runcit,26,Ternakan,02,003,DAGING LEMBU CINCANG,F.A.Q,Kilogram,16,16,
31045004,2026-10-08,2026-10-08 16:02:03.102454,JOHOR,JOHOR BAHRU,PASAR AWAM LARKIN,Runcit,26,Ternakan,02,003,DAGING PEJAL (INDIA),F.A.Q,Kilogram,23,23,
31045005,2026-10-08,2026-10-08 16:02:03.102454,JOHOR,JOHOR BAHRU,PASAR AWAM LARKIN,Runcit,26,Ternakan,05,003,HATI LEMBU,F.A.Q,Kilogram,22,22,
31045006,2026-10-08,2026-10-08 16:02:03.102454,JOHOR,JOHOR BAHRU,PASAR AWAM LARKIN,Runcit,26,Ternakan,03,004,ITIK (PROSES),F.A.Q,Kilogram,18.5,18.5,
31045007,2026-10-08,2026-10-08 16:02:03.102454,JOHOR,JOHOR BAHRU,PASAR AWAM LARKIN,Runcit,26,Ternakan,03,002,KERATAN AYAM - DADA,F.A.Q,Kilogram,16,16,
31045008,2026-10-08,2026-10-08 16:02:03.102454,JOHOR,JOHOR BAHRU,PASAR AWAM LARKIN,Runcit,26,Ternakan,03,002,KERATAN AYAM - KEPAK,F.A.Q,Kilogram,16,16,
31045009,2026-10-08,2026-10-08 16:02:03.102454,JOHOR,JOHOR BAHRU,PASAR AWAM LARKIN,Runcit,26,Ternakan,03,002,KERATAN AYAM - PAHA,F.A.Q,Kilogram,16,16,
31045010,2026-10-08,2026-10-08 16:02:03.102454,JOHOR,JOHOR BAHRU,PASAR AWAM LARKIN,Runcit,26,Ternakan,03,002,KERATAN AYAM - PAHA ATAS / THIGH,F.A.Q,Kilogram,16,16,
31045011,2026-10-08,2026-10-08 16:02:03.102454,JOHOR,JOHOR BAHRU,PASAR AWAM LARKIN,Runcit,26,Ternakan,03,002,KERATAN AYAM - PAHA PENUH / WHOLE LEG,F.A.Q,Kilogram,16,16,
31045012,2026-10-08,2026-10-08 16:02:03.102454,JOHOR,JOHOR BAHRU,PASAR AWAM LARKIN,Runcit,26,Ternakan,17,001,LIMPA LEMBU,F.A.Q,Kilogram,18,18,
31045013,2026-10-08,2026-10-08 16:02:03.102454,JOHOR,JOHOR BAHRU,PASAR AWAM LARKIN,Runcit,26,Ternakan,15,002,PARU LEMBU,F.A.Q,Kilogram,20,20,
31045014,2026-10-08,2026-10-08 16:02:03.102454,JOHOR,JOHOR BAHRU,PASAR AWAM LARKIN,Runcit,26,Ternakan,16,001,PERUT BULAT / MUDA / USUS LEMBU,F.A.Q,Kilogram,16,16,
31045015,2026-10-08,2026-10-08 16:02:03.102454,JOHOR,JOHOR BAHRU,PASAR AWAM LARKIN,Runcit,26,Ternakan,11,002,TELUR ITIK,SEDANG,Biji,1.2,1.2,
31045016,2026-10-08,2026-10-08 16:02:03.102454,JOHOR,JOHOR BAHRU,PASAR AWAM LARKIN,Runcit,26,Ternakan,11,003,TELUR PUYUH,F.A.Q,Biji,0.25,0.25,
31045017,2026-10-08,2026-10-08 16:02:26.371044,JOHOR,JOHOR BAHRU,PASAR AWAM LARKIN,Runcit,26,Lain-Lain Makanan Proses,15,001,SANTAN BIASA,F.A.Q,Kilogram,10,10,
31045018,2026-10-08,2026-10-08 16:02:26.371044,JOHOR,JOHOR BAHRU,PASAR AWAM LARKIN,Runcit,26,Lain-Lain Makanan Proses,25,002,TELUR ITIK MASIN,F.A.Q,Biji,1.4,1.4,
31045019,2026-10-08,2026-10-08 16:03:12.481227,JOHOR,JOHOR BAHRU,PASAR BORONG PANDAN,Borong,20,Hasil Laut & Perikanan,02,009,IKAN BAUNG,F.A.Q,Kilogram,20,20,
31045020,2026-10-08,2026-10-08 16:03:12.481227,JOHOR,JOHOR BAHRU,PASAR BORONG PANDAN,Borong,20,Hasil Laut & Perikanan,02,010,IKAN HARUAN,F.A.Q,Kilogram,22,22,
31045021,2026-10-08,2026-10-08 16:03:12.481227,JOHOR,JOHOR BAHRU,PASAR BORONG PANDAN,Borong,20,Hasil Laut & Perikanan,02,011,IKAN JELAWAT,F.A.Q,Kilogram,8,8,
31045022,2026-10-08,2026-10-08 16:03:12.481227,JOHOR,JOHOR BAHRU,PASAR BORONG PANDAN,Borong,20,Hasil Laut & Perikanan,02,012,IKAN KELI BUNGA,F.A.Q,Kilogram,6,6,
31045023,2026-10-08,2026-10-08 16:03:12.481227,JOHOR,JOHOR BAHRU,PASAR BORONG PANDAN,Borong,20,Hasil Laut & Perikanan,02,005,IKAN PATIN (KOLAM),F.A.Q,Kilogram,5.5,5.5,
31045024,2026-10-08,2026-10-08 16:03:12.481227,JOHOR,JOHOR BAHRU,PASAR BORONG PANDAN,Borong,20,Hasil Laut & Perikanan,02,002,IKAN TILAPIA HITAM,F.A.Q,Kilogram,7,7,
31045025,2026-10-08,2026-10-08 16:03:12.481227,JOHOR,JOHOR BAHRU,PASAR BORONG PANDAN,Borong,20,Hasil Laut & Perikanan,02,002,IKAN TILAPIA MERAH,F.A.Q,Kilogram,10,10,
31045026,2026-10-08,2026-10-08 16:04:32.969268,JOHOR,JOHOR BAHRU,PASAR BORONG PANDAN,Borong,20,Ternakan,03,002,AYAM KAMPUNG (PROSES),F.A.Q,Kilogram,15.5,15.5,
31045027,2026-10-08,2026-10-08 16:04:32.969268,JOHOR,JOHOR BAHRU,PASAR BORONG PANDAN,Borong,20,Ternakan,01,003,AYAM KAMPUNG HIDUP,F.A.Q,Kilogram,13,13,
31045028,2026-10-08,2026-10-08 16:04:32.969268,JOHOR,JOHOR BAHRU,PASAR BORONG PANDAN,Borong,20,Ternakan,01,003,AYAM TUA / PENELUR HIDUP,F.A.Q,Kilogram,12,12,
31045029,2026-10-08,2026-10-08 16:04:32.969268,JOHOR,JOHOR BAHRU,PASAR BORONG PANDAN,Borong,20,Ternakan,03,002,AYAM TUA / PENELUR PROSES,F.A.Q,Kilogram,9.5,9.5,
31045030,2026-10-08,2026-10-08 16:04:32.969268,JOHOR,JOHOR BAHRU,PASAR BORONG PANDAN,Borong,20,Ternakan,04,001,DAGING BIRI-BIRI (IMPORT),F.A.Q,Kilogram,30,30,
31045031,2026-10-08,2026-10-08 16:04:32.969268,JOHOR,JOHOR BAHRU,PASAR BORONG PANDAN,Borong,20,Ternakan,07,002,DAGING KAMBING,F.A.Q,Kilogram,39,39,
31045032,2026-10-08,2026-10-08 16:04:32.969268,JOHOR,JOHOR BAHRU,PASAR BORONG PANDAN,Borong,20,Ternakan,02,003,DAGING LEMBU CINCANG,F.A.Q,Kilogram,13,13,
31045033,2026-10-08,2026-10-08 16:04:32.969268,JOHOR,JOHOR BAHRU,PASAR BORONG PANDAN,Borong,20,Ternakan,02,003,DAGING PEJAL (INDIA),F.A.Q,Kilogram,18,18,
31045034,2026-10-08,2026-10-08 16:04:32.969268,JOHOR,JOHOR BAHRU,PASAR BORONG PANDAN,Borong,20,Ternakan,11,002,TELUR ITIK,SEDANG,Biji,0.8,0.8,
31045035,2026-10-08,2026-10-08 16:04:32.969268,JOHOR,JOHOR BAHRU,PASAR BORONG PANDAN,Borong,20,Ternakan,11,003,TELUR PUYUH,F.A.Q,Biji,0.15,0.15,
31045036,2026-10-08,2026-10-08 16:05:52.949165,PERLIS,PERLIS,PASAR BORONG KAMPUNG BAKAU,Borong,20,Ternakan,03,002,AYAM KAMPUNG (PROSES),F.A.Q,Kilogram,16.5,16.5,
31045037,2026-10-08,2026-10-08 16:05:52.949165,PERLIS,PERLIS,PASAR BORONG KAMPUNG BAKAU,Borong,20,Ternakan,02,002,BURUNG PUYUH (PROSES),F.A.Q,Kilogram,22,22,
31045038,2026-10-08,2026-10-08 16:05:52.949165,PERLIS,PERLIS,PASAR BORONG KAMPUNG BAKAU,Borong,20,Ternakan,04,001,DAGING BIRI-BIRI (IMPORT),F.A.Q,Kilogram,30,30,
31045039,2026-10-08,2026-10-08 16:05:52.949165,PERLIS,PERLIS,PASAR BORONG KAMPUNG BAKAU,Borong,20,Ternakan,07,002,DAGING KAMBING,F.A.Q,Kilogram,47,47,
31045040,2026-10-08,2026-10-08 16:05:52.949165,PERLIS,PERLIS,PASAR BORONG KAMPUNG BAKAU,Borong,20,Ternakan,02,003,DAGING LEMBU CINCANG,F.A.Q,Kilogram,24,24,
31045041,2026-10-08,2026-10-08 16:05:52.949165,PERLIS,PERLIS,PASAR BORONG KAMPUNG BAKAU,Borong,20,Ternakan,02,003,DAGING PEJAL (INDIA),F.A.Q,Kilogram,18,18,
31045042,2026-10-08,2026-10-08 16:06:39.834085,PERLIS,PERLIS,PASAR BORONG KAMPUNG BAKAU,Borong,20,Hasil Laut & Perikanan,02,012,IKAN KELI BUNGA,F.A.Q,Kilogram,7,7,
31045043,2026-10-08,2026-10-08 16:06:39.834085,PERLIS,PERLIS,PASAR BORONG KAMPUNG BAKAU,Borong,20,Hasil Laut & Perikanan,02,005,IKAN PATIN (KOLAM),F.A.Q,Kilogram,8,8,
31045044,2026-10-08,2026-10-08 16:06:39.834085,PERLIS,PERLIS,PASAR BORONG KAMPUNG BAKAU,Borong,20,Hasil Laut & Perikanan,02,002,IKAN TILAPIA MERAH,F.A.Q,Kilogram,9,9,
31045045,2026-10-08,2026-10-08 16:07:17.442543,SABAH,BEAUFORT,[PASAR AWAM] BEAUFORT,Runcit,26,Sayur-Sayuran,03,001,BAYAM,F.A.Q,Kilogram,5,5,
31045046,2026-10-08,2026-10-08 16:07:17.442543,SABAH,BEAUFORT,[PASAR AWAM] BEAUFORT,Runcit,26,Sayur-Sayuran,02,002,CILI MERAH KULAI / KULAI HIBRID,F.A.Q,Kilogram,55,40,
31045047,2026-10-08,2026-10-08 16:07:17.442543,SABAH,BEAUFORT,[PASAR AWAM] BEAUFORT,Runcit,26,Sayur-Sayuran,02,002,CILI MERAH KULAI / KULAI HIBRID,F.A.Q,Kilogram,55,40,
31045048,2026-10-08,2026-10-08 16:07:17.442543,SABAH,BEAUFORT,[PASAR AWAM] BEAUFORT,Runcit,26,Sayur-Sayuran,02,002,CILI MERAH MINYAK,F.A.Q,Kilogram,55,40,
31045049,2026-10-08,2026-10-08 16:07:17.442543,SABAH,BEAUFORT,[PASAR AWAM] BEAUFORT,Runcit,26,Sayur-Sayuran,02,002,CILI MERAH MINYAK,F.A.Q,Kilogram,55,40,
31045050,2026-10-08,2026-10-08 16:07:17.442543,SABAH,BEAUFORT,[PASAR AWAM] BEAUFORT,Runcit,26,Sayur-Sayuran,04,002,KACANG BENDI,F.A.Q,Kilogram,8,8,
31045051,2026-10-08,2026-10-08 16:07:17.442543,SABAH,BEAUFORT,[PASAR AWAM] BEAUFORT,Runcit,26,Sayur-Sayuran,04,002,KACANG BENDI,F.A.Q,Kilogram,8,8,
31045052,2026-10-08,2026-10-08 16:07:17.442543,SABAH,BEAUFORT,[PASAR AWAM] BEAUFORT,Runcit,26,Sayur-Sayuran,04,007,KACANG PANJANG HIJAU,F.A.Q,Kilogram,8,8,
31045053,2026-10-08,2026-10-08 16:07:17.442543,SABAH,BEAUFORT,[PASAR AWAM] BEAUFORT,Runcit,26,Sayur-Sayuran,04,007,KACANG PANJANG HIJAU,F.A.Q,Kilogram,8,8,
31045054,2026-10-08,2026-10-08 16:07:17.442543,SABAH,BEAUFORT,[PASAR AWAM] BEAUFORT,Runcit,26,Sayur-Sayuran,04,007,KACANG PANJANG HIJAU,F.A.Q,Kilogram,8,8,
31045055,2026-10-08,2026-10-08 16:07:17.442543,SABAH,BEAUFORT,[PASAR AWAM] BEAUFORT,Runcit,26,Sayur-Sayuran,03,019,KANGKUNG,F.A.Q,Kilogram,4,4,
31045056,2026-10-08,2026-10-08 16:07:17.442543,SABAH,BEAUFORT,[PASAR AWAM] BEAUFORT,Runcit,26,Sayur-Sayuran,03,019,KANGKUNG,F.A.Q,Kilogram,4,4,
31045057,2026-10-08,2026-10-08 16:07:17.442543,SABAH,BEAUFORT,[PASAR AWAM] BEAUFORT,Runcit,26,Sayur-Sayuran,03,019,KANGKUNG,F.A.Q,Kilogram,4,4,
31045058,2026-10-08,2026-10-08 16:07:17.442543,SABAH,BEAUFORT,[PASAR AWAM] BEAUFORT,Runcit,26,Sayur-Sayuran,03,006,KUBIS BULAT (TANAH TINGGI),F.A.Q,Kilogram,5,5,
31045059,2026-10-08,2026-10-08 16:07:17.442543,SABAH,BEAUFORT,[PASAR AWAM] BEAUFORT,Runcit,26,Sayur-Sayuran,03,006,KUBIS BULAT (TANAH TINGGI),F.A.Q,Kilogram,5,5,
31045060,2026-10-08,2026-10-08 16:07:17.442543,SABAH,BEAUFORT,[PASAR AWAM] BEAUFORT,Runcit,26,Sayur-Sayuran,03,006,KUBIS BULAT (TANAH TINGGI),F.A.Q,Kilogram,5,5,
31045061,2026-10-08,2026-10-08 16:07:17.442543,SABAH,BEAUFORT,[PASAR AWAM] BEAUFORT,Runcit,26,Sayur-Sayuran,03,007,SAWI HIJAU,F.A.Q,Kilogram,6,6,
31045062,2026-10-08,2026-10-08 16:07:17.442543,SABAH,BEAUFORT,[PASAR AWAM] BEAUFORT,Runcit,26,Ternakan,11,001,TELUR AYAM,A,Biji,0.6,0.6,
31045063,2026-10-08,2026-10-08 16:07:17.442543,SABAH,BEAUFORT,[PASAR AWAM] BEAUFORT,Runcit,26,Ternakan,11,001,TELUR AYAM,A,Biji,0.6,0.6,
31045064,2026-10-08,2026-10-08 16:07:17.442543,SABAH,BEAUFORT,[PASAR AWAM] BEAUFORT,Runcit,26,Ternakan,11,001,TELUR AYAM,B,Biji,0.56,0.56,
31045065,2026-10-08,2026-10-08 16:07:17.442543,SABAH,BEAUFORT,[PASAR AWAM] BEAUFORT,Runcit,26,Ternakan,11,001,TELUR AYAM,B,Biji,0.56,0.56,
31045066,2026-10-08,2026-10-08 16:07:17.442543,SABAH,BEAUFORT,[PASAR AWAM] BEAUFORT,Runcit,26,Ternakan,11,001,TELUR AYAM,C,Biji,0.55,0.55,
31045067,2026-10-08,2026-10-08 16:07:17.442543,SABAH,BEAUFORT,[PASAR AWAM] BEAUFORT,Runcit,26,Ternakan,11,001,TELUR AYAM,C,Biji,0.55,0.55,
31045068,2026-10-08,2026-10-08 16:07:17.442543,SABAH,BEAUFORT,[PASAR AWAM] BEAUFORT,Runcit,26,Sayur-Sayuran,02,010,TERUNG PANJANG / PEPARU (TANAH RENDAH),F.A.Q,Kilogram,7,7,
31045069,2026-10-08,2026-10-08 16:07:17.442543,SABAH,BEAUFORT,[PASAR AWAM] BEAUFORT,Runcit,26,Sayur-Sayuran,02,010,TERUNG PANJANG / PEPARU (TANAH RENDAH),F.A.Q,Kilogram,7,7,
31045070,2026-10-08,2026-10-08 16:07:17.442543,SABAH,BEAUFORT,[PASAR AWAM] BEAUFORT,Runcit,26,Sayur-Sayuran,02,011,TIMUN HIJAU,F.A.Q,Kilogram,4,4,
31045071,2026-10-08,2026-10-08 16:07:17.442543,SABAH,BEAUFORT,[PASAR AWAM] BEAUFORT,Runcit,26,Sayur-Sayuran,02,011,TIMUN HIJAU,F.A.Q,Kilogram,4,4,
31045072,2026-10-08,2026-10-08 16:07:17.442543,SABAH,BEAUFORT,[PASAR AWAM] BEAUFORT,Runcit,26,Sayur-Sayuran,02,012,TOMATO (TANAH TINGGI),F.A.Q,Kilogram,10,10,
31045073,2026-10-08,2026-10-08 16:07:17.442543,SABAH,BEAUFORT,[PASAR AWAM] BEAUFORT,Runcit,26,Sayur-Sayuran,02,012,TOMATO (TANAH TINGGI),F.A.Q,Kilogram,10,10,
31045074,2026-10-08,2026-10-08 16:07:17.442543,SABAH,BEAUFORT,[PASAR AWAM] BEAUFORT,Runcit,26,Sayur-Sayuran,02,012,TOMATO (TANAH TINGGI),F.A.Q,Kilogram,10,10,
31045075,2026-10-08,2026-10-08 16:07:17.442543,SABAH,BEAUFORT,[PASAR AWAM] BEAUFORT,Runcit,26,Sayur-Sayuran,02,012,TOMATO PLUM (TANAH TINGGI),F.A.Q,Kilogram,8,8,
31045076,2026-10-08,2026-10-08 16:07:17.442543,SABAH,BEAUFORT,[PASAR AWAM] BEAUFORT,Runcit,26,Sayur-Sayuran,02,012,TOMATO PLUM (TANAH TINGGI),F.A.Q,Kilogram,8,8,
31045077,2026-10-08,2026-10-08 16:07:17.442543,SABAH,BEAUFORT,[PASAR AWAM] BEAUFORT,Runcit,26,Sayur-Sayuran,02,012,TOMATO PLUM (TANAH TINGGI),F.A.Q,Kilogram,8,8,
31045078,2026-10-08,2026-10-08 16:08:49.696056,PERLIS,PERLIS,PASAR BORONG KAMPUNG BAKAU,Borong,20,Ternakan,01,003,AYAM KAMPUNG HIDUP,F.A.Q,Kilogram,15,15,
31045079,2026-10-08,2026-10-08 16:08:49.696056,PERLIS,PERLIS,PASAR BORONG KAMPUNG BAKAU,Borong,20,Ternakan,02,002,BURUNG PUYUH (PROSES),F.A.Q,Kilogram,22,22,
31045080,2026-10-08,2026-10-08 16:08:49.696056,PERLIS,PERLIS,PASAR BORONG KAMPUNG BAKAU,Borong,20,Ternakan,11,003,TELUR PUYUH,F.A.Q,Biji,0.21,0.21,
31045081,2026-10-08,2026-10-08 16:15:13.303377,MELAKA,MELAKA TENGAH,PASAR BESAR MBMB,Runcit,26,Ternakan,03,002,AYAM KAMPUNG (PROSES),F.A.Q,Kilogram,25,25,
31045082,2026-10-08,2026-10-08 16:15:13.303377,MELAKA,MELAKA TENGAH,PASAR BESAR MBMB,Runcit,26,Ternakan,03,002,AYAM KAMPUNG (PROSES),F.A.Q,Kilogram,25,25,
31045083,2026-10-08,2026-10-08 16:15:13.303377,MELAKA,MELAKA TENGAH,PASAR BESAR MBMB,Runcit,26,Ternakan,03,002,AYAM TUA / PENELUR PROSES,F.A.Q,Kilogram,7,7.1666665,
31045084,2026-10-08,2026-10-08 16:15:13.303377,MELAKA,MELAKA TENGAH,PASAR BESAR MBMB,Runcit,26,Ternakan,03,002,AYAM TUA / PENELUR PROSES,F.A.Q,Kilogram,7,7.1666665,
31045085,2026-10-08,2026-10-08 16:15:13.303377,MELAKA,MELAKA TENGAH,PASAR BESAR MBMB,Runcit,26,Ternakan,02,002,BURUNG PUYUH (PROSES),F.A.Q,Kilogram,17,17,
31045086,2026-10-08,2026-10-08 16:15:13.303377,MELAKA,MELAKA TENGAH,PASAR BESAR MBMB,Runcit,26,Ternakan,02,002,BURUNG PUYUH (PROSES),F.A.Q,Kilogram,18,17,
31045087,2026-10-08,2026-10-08 16:15:13.303377,MELAKA,MELAKA TENGAH,PASAR BESAR MBMB,Runcit,26,Ternakan,02,001,DAGING ARNAB,F.A.Q,Kilogram,38,38,
31045088,2026-10-08,2026-10-08 16:15:13.303377,MELAKA,MELAKA TENGAH,PASAR BESAR MBMB,Runcit,26,Ternakan,02,003,DAGING BATANG PINANG - TENDERLION,F.A.Q,Kilogram,42,42.666668,
31045089,2026-10-08,2026-10-08 16:15:13.303377,MELAKA,MELAKA TENGAH,PASAR BESAR MBMB,Runcit,26,Ternakan,02,003,DAGING BATANG PINANG - TENDERLION,F.A.Q,Kilogram,43,42.666668,
31045090,2026-10-08,2026-10-08 16:15:13.303377,MELAKA,MELAKA TENGAH,PASAR BESAR MBMB,Runcit,26,Ternakan,04,001,DAGING BIRI-BIRI (IMPORT),F.A.Q,Kilogram,30,30,
31045091,2026-10-08,2026-10-08 16:15:13.303377,MELAKA,MELAKA TENGAH,PASAR BESAR MBMB,Runcit,26,Ternakan,04,001,DAGING BIRI-BIRI (IMPORT),F.A.Q,Kilogram,30,30,
31045092,2026-10-08,2026-10-08 16:15:13.303377,MELAKA,MELAKA TENGAH,PASAR BESAR MBMB,Runcit,26,Ternakan,07,002,DAGING KAMBING,F.A.Q,Kilogram,45,45,
31045093,2026-10-08,2026-10-08 16:15:13.303377,MELAKA,MELAKA TENGAH,PASAR BESAR MBMB,Runcit,26,Ternakan,07,002,DAGING KAMBING,F.A.Q,Kilogram,45,45,
31045094,2026-10-08,2026-10-08 16:15:13.303377,MELAKA,MELAKA TENGAH,PASAR BESAR MBMB,Runcit,26,Ternakan,02,003,DAGING LEMBU CINCANG,F.A.Q,Kilogram,26,25.7,
31045095,2026-10-08,2026-10-08 16:15:13.303377,MELAKA,MELAKA TENGAH,PASAR BESAR MBMB,Runcit,26,Ternakan,02,003,DAGING PEJAL (INDIA),F.A.Q,Kilogram,20,21.5,
31045096,2026-10-08,2026-10-08 16:15:13.303377,MELAKA,MELAKA TENGAH,PASAR BESAR MBMB,Runcit,26,Ternakan,02,003,DAGING PEJAL (INDIA),F.A.Q,Kilogram,23,21.5,
31045097,2026-10-08,2026-10-08 16:15:13.303377,MELAKA,MELAKA TENGAH,PASAR BESAR MBMB,Runcit,26,Ternakan,02,004,DAGING RUSA,F.A.Q,Kilogram,90,90,
31045098,2026-10-08,2026-10-08 16:15:13.303377,MELAKA,MELAKA TENGAH,PASAR BESAR MBMB,Runcit,26,Ternakan,05,003,HATI LEMBU,F.A.Q,Kilogram,35,33.333332,
31045099,2026-10-08,2026-10-08 16:15:13.303377,MELAKA,MELAKA TENGAH,PASAR BESAR MBMB,Runcit,26,Ternakan,05,003,HATI LEMBU,F.A.Q,Kilogram,36,33.333332,
31045100,2026-10-08,2026-10-08 16:15:13.303377,MELAKA,MELAKA TENGAH,PASAR BESAR MBMB,Runcit,26,Ternakan,03,004,ITIK (PROSES),F.A.Q,Kilogram,17,17,
31045101,2026-10-08,2026-10-08 16:15:13.303377,MELAKA,MELAKA TENGAH,PASAR BESAR MBMB,Runcit,26,Ternakan,03,002,KERATAN AYAM - DADA,F.A.Q,Kilogram,15,14.375,
31045102,2026-10-08,2026-10-08 16:15:13.303377,MELAKA,MELAKA TENGAH,PASAR BESAR MBMB,Runcit,26,Ternakan,03,002,KERATAN AYAM - DADA,F.A.Q,Kilogram,14.5,14.375,
31045103,2026-10-08,2026-10-08 16:15:13.303377,MELAKA,MELAKA TENGAH,PASAR BESAR MBMB,Runcit,26,Ternakan,03,002,KERATAN AYAM - KEPAK,F.A.Q,Kilogram,14.5,14.75,
31045104,2026-10-08,2026-10-08 16:15:13.303377,MELAKA,MELAKA TENGAH,PASAR BESAR MBMB,Runcit,26,Ternakan,03,002,KERATAN AYAM - KEPAK,F.A.Q,Kilogram,15,14.75,
31045105,2026-10-08,2026-10-08 16:15:13.303377,MELAKA,MELAKA TENGAH,PASAR BESAR MBMB,Runcit,26,Ternakan,03,002,KERATAN AYAM - PAHA,F.A.Q,Kilogram,15,14.7,
31045106,2026-10-08,2026-10-08 16:15:13.303377,MELAKA,MELAKA TENGAH,PASAR BESAR MBMB,Runcit,26,Ternakan,03,002,KERATAN AYAM - PAHA,F.A.Q,Kilogram,14.3,14.7,
31045107,2026-10-08,2026-10-08 16:15:13.303377,MELAKA,MELAKA TENGAH,PASAR BESAR MBMB,Runcit,26,Ternakan,03,002,KERATAN AYAM - PAHA ATAS / THIGH,F.A.Q,Kilogram,16,15.5,
31045108,2026-10-08,2026-10-08 16:15:13.303377,MELAKA,MELAKA TENGAH,PASAR BESAR MBMB,Runcit,26,Ternakan,03,002,KERATAN AYAM - PAHA ATAS / THIGH,F.A.Q,Kilogram,15,15.5,
31045109,2026-10-08,2026-10-08 16:15:13.303377,MELAKA,MELAKA TENGAH,PASAR BESAR MBMB,Runcit,26,Ternakan,03,002,KERATAN AYAM - PAHA PENUH / WHOLE LEG,F.A.Q,Kilogram,15,15,
31045110,2026-10-08,2026-10-08 16:15:13.303377,MELAKA,MELAKA TENGAH,PASAR BESAR MBMB,Runcit,26,Ternakan,03,002,KERATAN AYAM - PAHA PENUH / WHOLE LEG,F.A.Q,Kilogram,15,15,
31045111,2026-10-08,2026-10-08 16:15:13.303377,MELAKA,MELAKA TENGAH,PASAR BESAR MBMB,Runcit,26,Ternakan,17,001,LIMPA LEMBU,F.A.Q,Kilogram,35,35,
31045112,2026-10-08,2026-10-08 16:15:13.303377,MELAKA,MELAKA TENGAH,PASAR BESAR MBMB,Runcit,26,Ternakan,17,001,LIMPA LEMBU,F.A.Q,Kilogram,35,35,
31045113,2026-10-08,2026-10-08 16:15:13.303377,MELAKA,MELAKA TENGAH,PASAR BESAR MBMB,Runcit,26,Ternakan,15,002,PARU LEMBU,F.A.Q,Kilogram,35,35,
31045114,2026-10-08,2026-10-08 16:15:13.303377,MELAKA,MELAKA TENGAH,PASAR BESAR MBMB,Runcit,26,Ternakan,15,002,PARU LEMBU,F.A.Q,Kilogram,36,35,
31045115,2026-10-08,2026-10-08 16:15:13.303377,MELAKA,MELAKA TENGAH,PASAR BESAR MBMB,Runcit,26,Ternakan,16,001,PERUT BULAT / MUDA / USUS LEMBU,F.A.Q,Kilogram,20,20,
31045116,2026-10-08,2026-10-08 16:15:13.303377,MELAKA,MELAKA TENGAH,PASAR BESAR MBMB,Runcit,26,Ternakan,11,002,TELUR ITIK,SEDANG,Biji,1.5,1.5,
31045117,2026-10-08,2026-10-08 16:15:13.303377,MELAKA,MELAKA TENGAH,PASAR BESAR MBMB,Runcit,26,Ternakan,11,002,TELUR ITIK,SEDANG,Biji,1.5,1.5,
31045118,2026-10-08,2026-10-08 16:15:13.303377,MELAKA,MELAKA TENGAH,PASAR BESAR MBMB,Runcit,26,Ternakan,11,003,TELUR PUYUH,F.A.Q,Biji,0.25,0.25,
31045119,2026-10-08,2026-10-08 16:15:13.303377,MELAKA,MELAKA TENGAH,PASAR BESAR MBMB,Runcit,26,Ternakan,11,003,TELUR PUYUH,F.A.Q,Biji,0.25,0.25,
31045120,2026-10-08,2026-10-08 16:25:56.585112,W.P. KUALA LUMPUR,KUALA LUMPUR,PASAR AWAM CHOW KIT,Runcit,26,Ternakan,03,002,AYAM KAMPUNG (PROSES),F.A.Q,Kilogram,22,17,
31045121,2026-10-08,2026-10-08 16:25:56.585112,W.P. KUALA LUMPUR,KUALA LUMPUR,PASAR AWAM CHOW KIT,Runcit,26,Ternakan,03,002,AYAM TUA / PENELUR PROSES,F.A.Q,Kilogram,9,9,
31045122,2026-10-08,2026-10-08 16:25:56.585112,W.P. KUALA LUMPUR,KUALA LUMPUR,PASAR AWAM CHOW KIT,Runcit,26,Ternakan,02,003,DAGING BATANG PINANG - TENDERLION,F.A.Q,Kilogram,60,58,
31045123,2026-10-08,2026-10-08 16:25:56.585112,W.P. KUALA LUMPUR,KUALA LUMPUR,PASAR AWAM CHOW KIT,Runcit,26,Ternakan,04,001,DAGING BIRI-BIRI (IMPORT),F.A.Q,Kilogram,38,34.44,
31045124,2026-10-08,2026-10-08 16:25:56.585112,W.P. KUALA LUMPUR,KUALA LUMPUR,PASAR AWAM CHOW KIT,Runcit,26,Ternakan,07,002,DAGING KAMBING,F.A.Q,Kilogram,55,54.45,
31045125,2026-10-08,2026-10-08 16:25:56.585112,W.P. KUALA LUMPUR,KUALA LUMPUR,PASAR AWAM CHOW KIT,Runcit,26,Ternakan,02,003,DAGING LEMBU CINCANG,F.A.Q,Kilogram,22,28.27,
31045126,2026-10-08,2026-10-08 16:25:56.585112,W.P. KUALA LUMPUR,KUALA LUMPUR,PASAR AWAM CHOW KIT,Runcit,26,Ternakan,02,003,DAGING PEJAL (INDIA),F.A.Q,Kilogram,24,25,
31045127,2026-10-08,2026-10-08 16:25:56.585112,W.P. KUALA LUMPUR,KUALA LUMPUR,PASAR AWAM CHOW KIT,Runcit,26,Ternakan,05,003,HATI LEMBU,F.A.Q,Kilogram,35,20,
31045128,2026-10-08,2026-10-08 16:25:56.585112,W.P. KUALA LUMPUR,KUALA LUMPUR,PASAR AWAM CHOW KIT,Runcit,26,Hasil Laut & Perikanan,02,009,IKAN BAUNG,F.A.Q,Kilogram,25,29.5,
31045129,2026-10-08,2026-10-08 16:25:56.585112,W.P. KUALA LUMPUR,KUALA LUMPUR,PASAR AWAM CHOW KIT,Runcit,26,Hasil Laut & Perikanan,02,010,IKAN HARUAN,F.A.Q,Kilogram,30,26.46,
31045130,2026-10-08,2026-10-08 16:25:56.585112,W.P. KUALA LUMPUR,KUALA LUMPUR,PASAR AWAM CHOW KIT,Runcit,26,Hasil Laut & Perikanan,02,011,IKAN JELAWAT,F.A.Q,Kilogram,15,13.67,
31045131,2026-10-08,2026-10-08 16:25:56.585112,W.P. KUALA LUMPUR,KUALA LUMPUR,PASAR AWAM CHOW KIT,Runcit,26,Hasil Laut & Perikanan,02,012,IKAN KELI BUNGA,F.A.Q,Kilogram,8,9.52,
31045132,2026-10-08,2026-10-08 16:25:56.585112,W.P. KUALA LUMPUR,KUALA LUMPUR,PASAR AWAM CHOW KIT,Runcit,26,Hasil Laut & Perikanan,02,005,IKAN PATIN (KOLAM),F.A.Q,Kilogram,7,9.76,
31045133,2026-10-08,2026-10-08 16:25:56.585112,W.P. KUALA LUMPUR,KUALA LUMPUR,PASAR AWAM CHOW KIT,Runcit,26,Hasil Laut & Perikanan,02,002,IKAN TILAPIA HITAM,F.A.Q,Kilogram,6,10,
31045134,2026-10-08,2026-10-08 16:25:56.585112,W.P. KUALA LUMPUR,KUALA LUMPUR,PASAR AWAM CHOW KIT,Runcit,26,Hasil Laut & Perikanan,02,002,IKAN TILAPIA MERAH,F.A.Q,Kilogram,13,16.08,
31045135,2026-10-08,2026-10-08 16:25:56.585112,W.P. KUALA LUMPUR,KUALA LUMPUR,PASAR AWAM CHOW KIT,Runcit,26,Ternakan,03,002,KERATAN AYAM - DADA,F.A.Q,Kilogram,15,16,
31045136,2026-10-08,2026-10-08 16:25:56.585112,W.P. KUALA LUMPUR,KUALA LUMPUR,PASAR AWAM CHOW KIT,Runcit,26,Ternakan,03,002,KERATAN AYAM - KEPAK,F.A.Q,Kilogram,15,16,
31045137,2026-10-08,2026-10-08 16:25:56.585112,W.P. KUALA LUMPUR,KUALA LUMPUR,PASAR AWAM CHOW KIT,Runcit,26,Ternakan,03,002,KERATAN AYAM - PAHA,F.A.Q,Kilogram,15,16,
31045138,2026-10-08,2026-10-08 16:25:56.585112,W.P. KUALA LUMPUR,KUALA LUMPUR,PASAR AWAM CHOW KIT,Runcit,26,Ternakan,03,002,KERATAN AYAM - PAHA ATAS / THIGH,F.A.Q,Kilogram,15,16,
31045139,2026-10-08,2026-10-08 16:25:56.585112,W.P. KUALA LUMPUR,KUALA LUMPUR,PASAR AWAM CHOW KIT,Runcit,26,Ternakan,03,002,KERATAN AYAM - PAHA PENUH / WHOLE LEG,F.A.Q,Kilogram,15,18,
31045140,2026-10-08,2026-10-08 16:25:56.585112,W.P. KUALA LUMPUR,KUALA LUMPUR,PASAR AWAM CHOW KIT,Runcit,26,Ternakan,17,001,LIMPA LEMBU,F.A.Q,Kilogram,35,20,
31045141,2026-10-08,2026-10-08 16:25:56.585112,W.P. KUALA LUMPUR,KUALA LUMPUR,PASAR AWAM CHOW KIT,Runcit,26,Ternakan,15,002,PARU LEMBU,F.A.Q,Kilogram,35,20,
31045142,2026-10-08,2026-10-08 16:25:56.585112,W.P. KUALA LUMPUR,KUALA LUMPUR,PASAR AWAM CHOW KIT,Runcit,26,Ternakan,16,001,PERUT BULAT / MUDA / USUS LEMBU,F.A.Q,Kilogram,25,25,
31045143,2026-10-08,2026-10-08 16:25:56.585112,W.P. KUALA LUMPUR,KUALA LUMPUR,PASAR AWAM CHOW KIT,Runcit,26,Lain-Lain Makanan Proses,15,001,SANTAN BIASA,F.A.Q,Kilogram,10,7,
31045144,2026-10-08,2026-10-08 16:25:56.585112,W.P. KUALA LUMPUR,KUALA LUMPUR,PASAR AWAM CHOW KIT,Runcit,26,Ternakan,11,002,TELUR ITIK,SEDANG,Biji,1.1,1.06,
31045145,2026-10-08,2026-10-08 16:25:56.585112,W.P. KUALA LUMPUR,KUALA LUMPUR,PASAR AWAM CHOW KIT,Runcit,26,Lain-Lain Makanan Proses,25,002,TELUR ITIK MASIN,F.A.Q,Biji,1.2,1.2,
31045146,2026-10-08,2026-10-08 16:25:56.585112,W.P. KUALA LUMPUR,KUALA LUMPUR,PASAR AWAM CHOW KIT,Runcit,26,Ternakan,11,003,TELUR PUYUH,F.A.Q,Biji,0.22,0.54,
31045147,2026-10-08,2026-10-08 16:25:56.585112,W.P. KUALA LUMPUR,KUALA LUMPUR,PASAR AWAM CHOW KIT,Runcit,26,Hasil Laut & Perikanan,02,006,UDANG GALAH,F.A.Q,Kilogram,35,42.89,
31045148,2026-10-08,2026-10-08 16:27:33.417344,SABAH,KENINGAU,[PASAR AWAM] KENINGAU,Runcit,26,Ternakan,03,002,AYAM KAMPUNG (PROSES),F.A.Q,Kilogram,18,17,
31045149,2026-10-08,2026-10-08 16:27:33.417344,SABAH,KENINGAU,[PASAR AWAM] KENINGAU,Runcit,26,Ternakan,01,003,AYAM KAMPUNG HIDUP,F.A.Q,Kilogram,16,20,
31045150,2026-10-08,2026-10-08 16:27:33.417344,SABAH,KENINGAU,[PASAR AWAM] KENINGAU,Runcit,26,Ternakan,01,003,AYAM TUA / PENELUR HIDUP,F.A.Q,Kilogram,10,11.59,
31045151,2026-10-08,2026-10-08 16:27:33.417344,SABAH,KENINGAU,[PASAR AWAM] KENINGAU,Runcit,26,Ternakan,03,002,AYAM TUA / PENELUR PROSES,F.A.Q,Kilogram,11,9,
31045152,2026-10-08,2026-10-08 16:27:33.417344,SABAH,KENINGAU,[PASAR AWAM] KENINGAU,Runcit,26,Ternakan,07,002,DAGING KAMBING,F.A.Q,Kilogram,45,54.45,
31045153,2026-10-08,2026-10-08 16:27:33.417344,SABAH,KENINGAU,[PASAR AWAM] KENINGAU,Runcit,26,Ternakan,02,003,DAGING LEMBU CINCANG,F.A.Q,Kilogram,30,28.27,
31045154,2026-10-08,2026-10-08 16:27:33.417344,SABAH,KENINGAU,[PASAR AWAM] KENINGAU,Runcit,26,Ternakan,02,004,DAGING RUSA,F.A.Q,Kilogram,50,60,
31045155,2026-10-08,2026-10-08 16:27:33.417344,SABAH,KENINGAU,[PASAR AWAM] KENINGAU,Runcit,26,Ternakan,03,002,KERATAN AYAM - DADA,F.A.Q,Kilogram,12,16,
31045156,2026-10-08,2026-10-08 16:27:33.417344,SABAH,KENINGAU,[PASAR AWAM] KENINGAU,Runcit,26,Ternakan,03,002,KERATAN AYAM - KEPAK,F.A.Q,Kilogram,17,16,
31045157,2026-10-08,2026-10-08 16:27:33.417344,SABAH,KENINGAU,[PASAR AWAM] KENINGAU,Runcit,26,Ternakan,03,002,KERATAN AYAM - PAHA,F.A.Q,Kilogram,14,16,
31045158,2026-10-08,2026-10-08 16:27:33.417344,SABAH,KENINGAU,[PASAR AWAM] KENINGAU,Runcit,26,Ternakan,03,002,KERATAN AYAM - PAHA ATAS / THIGH,F.A.Q,Kilogram,12,16,
31045159,2026-10-08,2026-10-08 16:29:48.660303,JOHOR,MERSING,,Ladang,,Sayur-Sayuran,04,007,KACANG PANJANG HIJAU,F.A.Q,Kilogram,3.5,3.625,
31045160,2026-10-08,2026-10-08 16:30:24.358902,JOHOR,MERSING,PASAR AWAM MERSING,Runcit,26,Ternakan,03,002,AYAM PROSES STANDARD,F.A.Q,Kilogram,10.9,10.9,
31045161,2026-10-08,2026-10-08 16:37:19.515778,JOHOR,MERSING,PASAR AWAM MERSING,Runcit,26,Sayur-Sayuran,05,001,BAWANG BESAR KUNING / HOLLAND,F.A.Q,Kilogram,4,4.5,
31045162,2026-10-08,2026-10-08 16:37:19.515778,JOHOR,MERSING,PASAR AWAM MERSING,Runcit,26,Sayur-Sayuran,05,001,BAWANG BESAR KUNING / HOLLAND,F.A.Q,Kilogram,5,4.5,
31045163,2026-10-08,2026-10-08 16:37:19.515778,JOHOR,MERSING,PASAR AWAM MERSING,Runcit,26,Sayur-Sayuran,05,001,BAWANG BESAR MERAH (IMPORT),F.A.Q,Kilogram,4,4.6,
31045164,2026-10-08,2026-10-08 16:37:19.515778,JOHOR,MERSING,PASAR AWAM MERSING,Runcit,26,Sayur-Sayuran,05,001,BAWANG BESAR MERAH (IMPORT),F.A.Q,Kilogram,5,4.6,
31045165,2026-10-08,2026-10-08 16:37:19.515778,JOHOR,MERSING,PASAR AWAM MERSING,Runcit,26,Sayur-Sayuran,05,001,BAWANG MERAH ROSE,F.A.Q,Kilogram,10,10,
31045166,2026-10-08,2026-10-08 16:37:19.515778,JOHOR,MERSING,PASAR AWAM MERSING,Runcit,26,Sayur-Sayuran,05,001,BAWANG MERAH ROSE,F.A.Q,Kilogram,10,10,
31045167,2026-10-08,2026-10-08 16:37:19.515778,JOHOR,MERSING,PASAR AWAM MERSING,Runcit,26,Sayur-Sayuran,05,001,BAWANG PUTIH (CHINA),F.A.Q,Kilogram,12,12,
31045168,2026-10-08,2026-10-08 16:37:19.515778,JOHOR,MERSING,PASAR AWAM MERSING,Runcit,26,Sayur-Sayuran,05,001,BAWANG PUTIH (CHINA),F.A.Q,Kilogram,12,12,
31045169,2026-10-08,2026-10-08 16:37:19.515778,JOHOR,MERSING,PASAR AWAM MERSING,Runcit,26,Sayur-Sayuran,03,001,BAYAM,F.A.Q,Kilogram,8,6.5,
31045170,2026-10-08,2026-10-08 16:37:19.515778,JOHOR,MERSING,PASAR AWAM MERSING,Runcit,26,Sayur-Sayuran,02,002,CILI HIJAU,F.A.Q,Kilogram,15,15.375,
31045171,2026-10-08,2026-10-08 16:37:19.515778,JOHOR,MERSING,PASAR AWAM MERSING,Runcit,26,Sayur-Sayuran,02,002,CILI HIJAU,F.A.Q,Kilogram,13,15.375,
31045172,2026-10-08,2026-10-08 16:37:19.515778,JOHOR,MERSING,PASAR AWAM MERSING,Runcit,26,Sayur-Sayuran,02,002,CILI HIJAU,F.A.Q,Kilogram,18,15.375,
31045173,2026-10-08,2026-10-08 16:37:19.515778,JOHOR,MERSING,PASAR AWAM MERSING,Runcit,26,Sayur-Sayuran,02,002,CILI MERAH MINYAK,F.A.Q,Kilogram,15,17.444445,
31045174,2026-10-08,2026-10-08 16:37:19.515778,JOHOR,MERSING,PASAR AWAM MERSING,Runcit,26,Sayur-Sayuran,02,002,CILI MERAH MINYAK,F.A.Q,Kilogram,18,17.444445,
31045175,2026-10-08,2026-10-08 16:37:19.515778,JOHOR,MERSING,PASAR AWAM MERSING,Runcit,26,Sayur-Sayuran,02,002,CILI MERAH MINYAK,F.A.Q,Kilogram,18,17.444445,
31045176,2026-10-08,2026-10-08 16:37:19.515778,JOHOR,MERSING,PASAR AWAM MERSING,Runcit,26,Sayur-Sayuran,03,009,DAUN BAWANG,F.A.Q,Kilogram,12,13.875,
31045177,2026-10-08,2026-10-08 16:37:19.515778,JOHOR,MERSING,PASAR AWAM MERSING,Runcit,26,Sayur-Sayuran,03,009,DAUN BAWANG,F.A.Q,Kilogram,15,13.875,
31045178,2026-10-08,2026-10-08 16:37:19.515778,JOHOR,MERSING,PASAR AWAM MERSING,Runcit,26,Sayur-Sayuran,03,015,DAUN SUP (TANAH TINGGI),F.A.Q,Kilogram,15,16.9,
31045179,2026-10-08,2026-10-08 16:37:19.515778,JOHOR,MERSING,PASAR AWAM MERSING,Runcit,26,Sayur-Sayuran,03,015,DAUN SUP (TANAH TINGGI),F.A.Q,Kilogram,15,16.9,
31045180,2026-10-08,2026-10-08 16:37:19.515778,JOHOR,MERSING,PASAR AWAM MERSING,Runcit,26,Sayur-Sayuran,03,015,DAUN SUP (TANAH TINGGI),F.A.Q,Kilogram,15,16.9,
31045181,2026-10-08,2026-10-08 16:37:19.515778,JOHOR,MERSING,PASAR AWAM MERSING,Runcit,26,Sayur-Sayuran,04,002,KACANG BENDI,F.A.Q,Kilogram,10,9.625,
31045182,2026-10-08,2026-10-08 16:37:19.515778,JOHOR,MERSING,PASAR AWAM MERSING,Runcit,26,Sayur-Sayuran,04,002,KACANG BENDI,F.A.Q,Kilogram,9,9.625,
31045183,2026-10-08,2026-10-08 16:37:19.515778,JOHOR,MERSING,PASAR AWAM MERSING,Runcit,26,Sayur-Sayuran,04,002,KACANG BENDI,F.A.Q,Kilogram,11,9.625,
31045184,2026-10-08,2026-10-08 16:37:19.515778,JOHOR,MERSING,PASAR AWAM MERSING,Runcit,26,Sayur-Sayuran,04,003,KACANG BUNCIS,F.A.Q,Kilogram,15,14.285714,
31045185,2026-10-08,2026-10-08 16:37:19.515778,JOHOR,MERSING,PASAR AWAM MERSING,Runcit,26,Sayur-Sayuran,04,003,KACANG BUNCIS,F.A.Q,Kilogram,15,14.285714,
31045186,2026-10-08,2026-10-08 16:37:19.515778,JOHOR,MERSING,PASAR AWAM MERSING,Runcit,26,Sayur-Sayuran,04,007,KACANG PANJANG HIJAU,F.A.Q,Kilogram,10,10.125,
31045187,2026-10-08,2026-10-08 16:37:19.515778,JOHOR,MERSING,PASAR AWAM MERSING,Runcit,26,Sayur-Sayuran,04,007,KACANG PANJANG HIJAU,F.A.Q,Kilogram,9,10.125,
31045188,2026-10-08,2026-10-08 16:37:19.515778,JOHOR,MERSING,PASAR AWAM MERSING,Runcit,26,Sayur-Sayuran,04,007,KACANG PANJANG HIJAU,F.A.Q,Kilogram,10,10.125,
31045189,2026-10-08,2026-10-08 16:37:19.515778,JOHOR,MERSING,PASAR AWAM MERSING,Runcit,26,Sayur-Sayuran,03,019,KANGKUNG,F.A.Q,Kilogram,8,6.571429,
31045190,2026-10-08,2026-10-08 16:37:19.515778,JOHOR,MERSING,PASAR AWAM MERSING,Runcit,26,Sayur-Sayuran,03,006,KUBIS BULAT (CHINA),F.A.Q,Kilogram,6,6,
31045191,2026-10-08,2026-10-08 16:37:19.515778,JOHOR,MERSING,PASAR AWAM MERSING,Runcit,26,Sayur-Sayuran,03,006,KUBIS BULAT (CHINA),F.A.Q,Kilogram,6,6,
31045192,2026-10-08,2026-10-08 16:37:19.515778,JOHOR,MERSING,PASAR AWAM MERSING,Runcit,26,Sayur-Sayuran,03,006,KUBIS BULAT (CHINA),F.A.Q,Kilogram,6,6,
31045193,2026-10-08,2026-10-08 16:37:19.515778,JOHOR,MERSING,PASAR AWAM MERSING,Runcit,26,Sayur-Sayuran,03,007,SAWI HIJAU,F.A.Q,Kilogram,8,6.571429,
31045194,2026-10-08,2026-10-08 16:37:19.515778,JOHOR,MERSING,PASAR AWAM MERSING,Runcit,26,Sayur-Sayuran,02,011,TIMUN HIJAU,F.A.Q,Kilogram,6,5.625,
31045195,2026-10-08,2026-10-08 16:37:19.515778,JOHOR,MERSING,PASAR AWAM MERSING,Runcit,26,Sayur-Sayuran,02,011,TIMUN HIJAU,F.A.Q,Kilogram,5,5.625,
31045196,2026-10-08,2026-10-08 16:37:19.515778,JOHOR,MERSING,PASAR AWAM MERSING,Runcit,26,Sayur-Sayuran,02,011,TIMUN HIJAU,F.A.Q,Kilogram,6,5.625,
31045197,2026-10-08,2026-10-08 16:37:19.515778,JOHOR,MERSING,PASAR AWAM MERSING,Runcit,26,Sayur-Sayuran,02,012,TOMATO (TANAH TINGGI),F.A.Q,Kilogram,9,9.75,
31045198,2026-10-08,2026-10-08 16:37:19.515778,JOHOR,MERSING,PASAR AWAM MERSING,Runcit,26,Sayur-Sayuran,02,012,TOMATO (TANAH TINGGI),F.A.Q,Kilogram,9,9.75,
31045199,2026-10-08,2026-10-08 16:37:19.515778,JOHOR,MERSING,PASAR AWAM MERSING,Runcit,26,Sayur-Sayuran,02,012,TOMATO (TANAH TINGGI),F.A.Q,Kilogram,9,9.75,
31045200,2026-10-08,2026-10-08 16:37:19.515778,JOHOR,MERSING,PASAR AWAM MERSING,Runcit,26,Sayur-Sayuran,05,009,UBI KENTANG HOLLAND,F.A.Q,Kilogram,4,4.75,
31045201,2026-10-08,2026-10-08 16:37:19.515778,JOHOR,MERSING,PASAR AWAM MERSING,Runcit,26,Sayur-Sayuran,05,009,UBI KENTANG HOLLAND,F.A.Q,Kilogram,5,4.75,
31045202,2026-10-08,2026-10-08 16:53:40.38304,SABAH,KOTA MARUDU,PASAR AWAM KOTA MARUDU,Runcit,26,Ternakan,03,002,AYAM PROSES SUPER,F.A.Q,Kilogram,12.5,12.5,
31045203,2026-10-08,2026-10-08 16:55:12.977074,SABAH,KOTA MARUDU,PASAR AWAM KOTA MARUDU,Runcit,26,Sayur-Sayuran,04,002,KACANG BENDI,F.A.Q,Kilogram,8,8.5,
31045204,2026-10-08,2026-10-08 16:55:12.977074,SABAH,KOTA MARUDU,PASAR AWAM KOTA MARUDU,Runcit,26,Sayur-Sayuran,04,003,KACANG BUNCIS,F.A.Q,Kilogram,8.5,9.166667,
31045205,2026-10-08,2026-10-08 16:55:12.977074,SABAH,KOTA MARUDU,PASAR AWAM KOTA MARUDU,Runcit,26,Sayur-Sayuran,03,019,KANGKUNG,F.A.Q,Kilogram,6,6,
31045206,2026-10-08,2026-10-08 16:55:12.977074,SABAH,KOTA MARUDU,PASAR AWAM KOTA MARUDU,Runcit,26,Sayur-Sayuran,03,007,SAWI HIJAU,F.A.Q,Kilogram,9,6.8333335,
31045207,2026-10-08,2026-10-08 16:55:12.977074,SABAH,KOTA MARUDU,PASAR AWAM KOTA MARUDU,Runcit,26,Sayur-Sayuran,02,010,TERUNG PANJANG / PEPARU (TANAH RENDAH),F.A.Q,Kilogram,8.5,8.5,
31045208,2026-10-08,2026-10-08 16:56:39.73554,SABAH,KOTA MARUDU,PASAR AWAM KOTA MARUDU,Runcit,26,Sayur-Sayuran,03,001,BAYAM,F.A.Q,Kilogram,7,7,
31045209,2026-10-08,2026-10-08 16:56:39.73554,SABAH,KOTA MARUDU,PASAR AWAM KOTA MARUDU,Runcit,26,Sayur-Sayuran,02,002,CILI MERAH KULAI / KULAI HIBRID,F.A.Q,Kilogram,22,21,
31045210,2026-10-08,2026-10-08 16:56:39.73554,SABAH,KOTA MARUDU,PASAR AWAM KOTA MARUDU,Runcit,26,Sayur-Sayuran,04,007,KACANG PANJANG HIJAU,F.A.Q,Kilogram,7.5,7.8333335,
31045211,2026-10-08,2026-10-08 16:56:39.73554,SABAH,KOTA MARUDU,PASAR AWAM KOTA MARUDU,Runcit,26,Sayur-Sayuran,03,006,KUBIS BULAT (TANAH TINGGI),F.A.Q,Kilogram,6,6,
31045212,2026-10-08,2026-10-08 16:56:39.73554,SABAH,KOTA MARUDU,PASAR AWAM KOTA MARUDU,Runcit,26,Sayur-Sayuran,02,011,TIMUN HIJAU,F.A.Q,Kilogram,5,4.8333335,
31045213,2026-10-08,2026-10-08 16:56:39.73554,SABAH,KOTA MARUDU,PASAR AWAM KOTA MARUDU,Runcit,26,Sayur-Sayuran,02,012,TOMATO PLUM (TANAH TINGGI),F.A.Q,Kilogram,8,8,
31045214,2026-10-08,2026-10-08 16:58:11.298131,SABAH,KOTA MARUDU,[LOKASI KUTIPAN HARGA LADANG] ONGKILAN,Ladang,,Sayur-Sayuran,03,001,BAYAM,F.A.Q,Kilogram,3.6,3.8666666,
31045215,2026-10-08,2026-10-08 16:58:11.298131,SABAH,KOTA MARUDU,[LOKASI KUTIPAN HARGA LADANG] ONGKILAN,Ladang,,Sayur-Sayuran,04,002,KACANG BENDI,F.A.Q,Kilogram,4,4.233333,
31045216,2026-10-08,2026-10-08 16:58:11.298131,SABAH,KOTA MARUDU,[LOKASI KUTIPAN HARGA LADANG] ONGKILAN,Ladang,,Sayur-Sayuran,04,003,KACANG BUNCIS,F.A.Q,Kilogram,4.2,4.5666666,
31045217,2026-10-08,2026-10-08 16:58:11.298131,SABAH,KOTA MARUDU,[LOKASI KUTIPAN HARGA LADANG] ONGKILAN,Ladang,,Sayur-Sayuran,04,007,KACANG PANJANG HIJAU,F.A.Q,Kilogram,3.5,3.6666667,
31045218,2026-10-08,2026-10-08 16:58:11.298131,SABAH,KOTA MARUDU,[LOKASI KUTIPAN HARGA LADANG] ONGKILAN,Ladang,,Sayur-Sayuran,03,019,KANGKUNG,F.A.Q,Kilogram,3,3.1666667,
31045219,2026-10-08,2026-10-08 16:58:11.298131,SABAH,KOTA MARUDU,[LOKASI KUTIPAN HARGA LADANG] ONGKILAN,Ladang,,Sayur-Sayuran,03,007,SAWI HIJAU,F.A.Q,Kilogram,3.7,3.5666666,
31045220,2026-10-08,2026-10-08 16:58:11.298131,SABAH,KOTA MARUDU,[LOKASI KUTIPAN HARGA LADANG] ONGKILAN,Ladang,,Sayur-Sayuran,02,010,TERUNG PANJANG / PEPARU (TANAH RENDAH),F.A.Q,Kilogram,4,4.3333335,
31045221,2026-10-08,2026-10-08 16:58:11.298131,SABAH,KOTA MARUDU,[LOKASI KUTIPAN HARGA LADANG] ONGKILAN,Ladang,,Sayur-Sayuran,02,011,TIMUN HIJAU,F.A.Q,Kilogram,2.2,2.1333334,
31045222,2026-10-08,2026-10-08 16:59:16.452163,SABAH,KOTA MARUDU,PASAR AWAM KOTA MARUDU,Runcit,26,Ternakan,03,002,KERATAN AYAM - KEPAK,F.A.Q,Kilogram,16,15.9,
31045223,2026-10-08,2026-10-08 17:56:26.253988,SARAWAK,MIRI,PASAR TAMU MUHIBBAH MIRI,Borong,20,Sayur-Sayuran,05,001,BAWANG MERAH / KECIL (INDIA),F.A.Q,Kilogram,7,7,
31045224,2026-10-08,2026-10-08 18:08:41.504799,TERENGGANU,KUALA NERUS,[PASAR AWAM] BATU ENAM,Runcit,26,Ternakan,03,002,AYAM PROSES STANDARD,F.A.Q,Kilogram,11,10.09,
31045268,2026-10-08,2026-10-08 23:47:18.527948,PAHANG,TEMERLOH,[PROJEK] TKPM LANCHANG,Ladang,,Hasil Laut & Perikanan,02,009,IKAN BAUNG,F.A.Q,Kilogram,17,16,
31045269,2026-10-08,2026-10-08 23:47:18.527948,PAHANG,TEMERLOH,[PROJEK] TKPM LANCHANG,Ladang,,Hasil Laut & Perikanan,02,009,IKAN BAUNG,F.A.Q,Kilogram,17,16,
31045270,2026-10-08,2026-10-08 23:47:18.527948,PAHANG,TEMERLOH,[PROJEK] TKPM LANCHANG,Ladang,,Hasil Laut & Perikanan,02,010,IKAN HARUAN,F.A.Q,Kilogram,15,14,
31045271,2026-10-08,2026-10-08 23:47:18.527948,PAHANG,TEMERLOH,[PROJEK] TKPM LANCHANG,Ladang,,Hasil Laut & Perikanan,02,010,IKAN HARUAN,F.A.Q,Kilogram,15,14,
31045272,2026-10-08,2026-10-08 23:47:18.527948,PAHANG,TEMERLOH,[PROJEK] TKPM LANCHANG,Ladang,,Hasil Laut & Perikanan,02,012,IKAN KELI BUNGA,F.A.Q,Kilogram,6,5.5,
31045273,2026-10-08,2026-10-08 23:47:18.527948,PAHANG,TEMERLOH,[PROJEK] TKPM LANCHANG,Ladang,,Hasil Laut & Perikanan,02,012,IKAN KELI BUNGA,F.A.Q,Kilogram,6,5.5,
31045274,2026-10-08,2026-10-08 23:47:18.527948,PAHANG,TEMERLOH,[PROJEK] TKPM LANCHANG,Ladang,,Hasil Laut & Perikanan,02,005,IKAN PATIN (SANGKAR),F.A.Q,Kilogram,14,13.5,
31045275,2026-10-08,2026-10-08 23:47:18.527948,PAHANG,TEMERLOH,[PROJEK] TKPM LANCHANG,Ladang,,Hasil Laut & Perikanan,02,005,IKAN PATIN (SANGKAR),F.A.Q,Kilogram,14,13.5,
31045276,2026-10-08,2026-10-08 23:47:18.527948,PAHANG,TEMERLOH,[PROJEK] TKPM LANCHANG,Ladang,,Hasil Laut & Perikanan,02,002,IKAN TILAPIA MERAH,F.A.Q,Kilogram,11.1,11.2,
31045277,2026-10-08,2026-10-08 23:47:18.527948,PAHANG,TEMERLOH,[PROJEK] TKPM LANCHANG,Ladang,,Hasil Laut & Perikanan,02,002,IKAN TILAPIA MERAH,F.A.Q,Kilogram,11.1,11.2,
31045278,2026-10-08,2026-10-08 23:48:34.761551,PAHANG,TEMERLOH,LADANG/KEBUN KAMPUNG PANGSENAM,Ladang,,Hasil Laut & Perikanan,02,009,IKAN BAUNG,F.A.Q,Kilogram,17,16,
31045279,2026-10-08,2026-10-08 23:48:34.761551,PAHANG,TEMERLOH,LADANG/KEBUN KAMPUNG PANGSENAM,Ladang,,Hasil Laut & Perikanan,02,010,IKAN HARUAN,F.A.Q,Kilogram,15,14,
31045280,2026-10-08,2026-10-08 23:48:34.761551,PAHANG,TEMERLOH,LADANG/KEBUN KAMPUNG PANGSENAM,Ladang,,Hasil Laut & Perikanan,02,012,IKAN KELI BUNGA,F.A.Q,Kilogram,6,5.5,
31045281,2026-10-08,2026-10-08 23:48:34.761551,PAHANG,TEMERLOH,LADANG/KEBUN KAMPUNG PANGSENAM,Ladang,,Hasil Laut & Perikanan,02,005,IKAN PATIN (SANGKAR),F.A.Q,Kilogram,14,13.5,
31045282,2026-10-08,2026-10-08 23:48:34.761551,PAHANG,TEMERLOH,LADANG/KEBUN KAMPUNG PANGSENAM,Ladang,,Hasil Laut & Perikanan,02,002,IKAN TILAPIA MERAH,F.A.Q,Kilogram,11.1,11.2,
31045283,2026-10-08,2026-10-08 23:49:01.641072,PAHANG,TEMERLOH,LADANG/KEBUN KAMPUNG PANGSENAM,Ladang,,Ternakan,01,003,AYAM KAMPUNG HIDUP,F.A.Q,Kilogram,10,10,
31045284,2026-10-08,2026-10-08 23:49:01.641072,PAHANG,TEMERLOH,LADANG/KEBUN KAMPUNG PANGSENAM,Ladang,,Ternakan,11,002,TELUR ITIK,SEDANG,Biji,0.5,0.5,
31045285,2026-10-08,2026-10-08 23:49:01.641072,PAHANG,TEMERLOH,LADANG/KEBUN KAMPUNG PANGSENAM,Ladang,,Ternakan,11,003,TELUR PUYUH,F.A.Q,Biji,0.17,0.17,
31045286,2026-10-08,2026-10-08 23:51:35.074134,PAHANG,KUANTAN,PASAR BORONG KEMUNTING,Borong,20,Lain-Lain Makanan Proses,25,002,TELUR ITIK MASIN,F.A.Q,Biji,0.9,0.9,
31045287,2026-10-08,2026-10-08 23:52:05.575739,PAHANG,KUANTAN,PASAR BORONG KEMUNTING,Borong,20,Ternakan,11,002,TELUR ITIK,SEDANG,Biji,0.65,0.65,
31045288,2026-10-08,2026-10-08 23:52:05.575739,PAHANG,KUANTAN,PASAR BORONG KEMUNTING,Borong,20,Ternakan,11,003,TELUR PUYUH,F.A.Q,Biji,0.2,0.2,
31045289,2026-10-08,2026-10-08 23:56:18.366928,PAHANG,KUANTAN,PASAR BORONG KEMUNTING,Borong,20,Hasil Laut & Perikanan,02,009,IKAN BAUNG,F.A.Q,Kilogram,22,21.5,
31045290,2026-10-08,2026-10-08 23:56:18.366928,PAHANG,KUANTAN,PASAR BORONG KEMUNTING,Borong,20,Hasil Laut & Perikanan,02,009,IKAN BAUNG,F.A.Q,Kilogram,22,21.5,
31045291,2026-10-08,2026-10-08 23:56:18.366928,PAHANG,KUANTAN,PASAR BORONG KEMUNTING,Borong,20,Hasil Laut & Perikanan,02,009,IKAN BAUNG,F.A.Q,Kilogram,22,21.5,
31045292,2026-10-08,2026-10-08 23:56:18.366928,PAHANG,KUANTAN,PASAR BORONG KEMUNTING,Borong,20,Hasil Laut & Perikanan,02,010,IKAN HARUAN,F.A.Q,Kilogram,18,17.5,
31045293,2026-10-08,2026-10-08 23:56:18.366928,PAHANG,KUANTAN,PASAR BORONG KEMUNTING,Borong,20,Hasil Laut & Perikanan,02,010,IKAN HARUAN,F.A.Q,Kilogram,18,17.5,
31045294,2026-10-08,2026-10-08 23:56:18.366928,PAHANG,KUANTAN,PASAR BORONG KEMUNTING,Borong,20,Hasil Laut & Perikanan,02,010,IKAN HARUAN,F.A.Q,Kilogram,18,17.5,
31045295,2026-10-08,2026-10-08 23:56:18.366928,PAHANG,KUANTAN,PASAR BORONG KEMUNTING,Borong,20,Hasil Laut & Perikanan,02,012,IKAN KELI BUNGA,F.A.Q,Kilogram,8,8,
31045296,2026-10-08,2026-10-08 23:56:18.366928,PAHANG,KUANTAN,PASAR BORONG KEMUNTING,Borong,20,Hasil Laut & Perikanan,02,012,IKAN KELI BUNGA,F.A.Q,Kilogram,8,8,
31045297,2026-10-08,2026-10-08 23:56:18.366928,PAHANG,KUANTAN,PASAR BORONG KEMUNTING,Borong,20,Hasil Laut & Perikanan,02,012,IKAN KELI BUNGA,F.A.Q,Kilogram,8,8,
31045298,2026-10-08,2026-10-08 23:56:18.366928,PAHANG,KUANTAN,PASAR BORONG KEMUNTING,Borong,20,Hasil Laut & Perikanan,02,005,IKAN PATIN (SANGKAR),F.A.Q,Kilogram,17,16.5,
31045299,2026-10-08,2026-10-08 23:56:18.366928,PAHANG,KUANTAN,PASAR BORONG KEMUNTING,Borong,20,Hasil Laut & Perikanan,02,005,IKAN PATIN (SANGKAR),F.A.Q,Kilogram,17,16.5,
31045300,2026-10-08,2026-10-08 23:56:18.366928,PAHANG,KUANTAN,PASAR BORONG KEMUNTING,Borong,20,Hasil Laut & Perikanan,02,005,IKAN PATIN (SANGKAR),F.A.Q,Kilogram,17,16.5,
31045301,2026-10-08,2026-10-08 23:56:18.366928,PAHANG,KUANTAN,PASAR BORONG KEMUNTING,Borong,20,Hasil Laut & Perikanan,02,002,IKAN TILAPIA MERAH,F.A.Q,Kilogram,15,14.5,
31045302,2026-10-08,2026-10-08 23:56:18.366928,PAHANG,KUANTAN,PASAR BORONG KEMUNTING,Borong,20,Hasil Laut & Perikanan,02,002,IKAN TILAPIA MERAH,F.A.Q,Kilogram,15,14.5,
31045303,2026-10-08,2026-10-08 23:56:18.366928,PAHANG,KUANTAN,PASAR BORONG KEMUNTING,Borong,20,Hasil Laut & Perikanan,02,002,IKAN TILAPIA MERAH,F.A.Q,Kilogram,15,14.5,
31045304,2026-10-08,2026-10-09 00:02:57.907934,PAHANG,KUANTAN,PASAR BORONG KEMUNTING,Borong,20,Ternakan,01,003,AYAM KAMPUNG HIDUP,F.A.Q,Kilogram,15,15,
31045305,2026-10-08,2026-10-09 00:02:57.907934,PAHANG,KUANTAN,PASAR BORONG KEMUNTING,Borong,20,Ternakan,01,003,AYAM KAMPUNG HIDUP,F.A.Q,Kilogram,15,15,
31045306,2026-10-08,2026-10-09 00:02:57.907934,PAHANG,KUANTAN,PASAR BORONG KEMUNTING,Borong,20,Ternakan,01,003,AYAM KAMPUNG HIDUP,F.A.Q,Kilogram,15,15,
31045307,2026-10-08,2026-10-09 00:02:57.907934,PAHANG,KUANTAN,PASAR BORONG KEMUNTING,Borong,20,Ternakan,04,001,DAGING BIRI-BIRI (IMPORT),F.A.Q,Kilogram,30,30,
31045308,2026-10-08,2026-10-09 00:02:57.907934,PAHANG,KUANTAN,PASAR BORONG KEMUNTING,Borong,20,Ternakan,04,001,DAGING BIRI-BIRI (IMPORT),F.A.Q,Kilogram,30,30,
31045309,2026-10-08,2026-10-09 00:02:57.907934,PAHANG,KUANTAN,PASAR BORONG KEMUNTING,Borong,20,Ternakan,04,001,DAGING BIRI-BIRI (IMPORT),F.A.Q,Kilogram,30,30,
31045310,2026-10-08,2026-10-09 00:02:57.907934,PAHANG,KUANTAN,PASAR BORONG KEMUNTING,Borong,20,Ternakan,07,002,DAGING KAMBING,F.A.Q,Kilogram,34,33.5,
31045311,2026-10-08,2026-10-09 00:02:57.907934,PAHANG,KUANTAN,PASAR BORONG KEMUNTING,Borong,20,Ternakan,07,002,DAGING KAMBING,F.A.Q,Kilogram,34,33.5,
31045312,2026-10-08,2026-10-09 00:02:57.907934,PAHANG,KUANTAN,PASAR BORONG KEMUNTING,Borong,20,Ternakan,07,002,DAGING KAMBING,F.A.Q,Kilogram,34,33.5,
31045313,2026-10-08,2026-10-09 00:02:57.907934,PAHANG,KUANTAN,PASAR BORONG KEMUNTING,Borong,20,Ternakan,02,003,DAGING LEMBU CINCANG,F.A.Q,Kilogram,26,26,
31045314,2026-10-08,2026-10-09 00:02:57.907934,PAHANG,KUANTAN,PASAR BORONG KEMUNTING,Borong,20,Ternakan,02,003,DAGING LEMBU CINCANG,F.A.Q,Kilogram,26,26,
31045315,2026-10-08,2026-10-09 00:02:57.907934,PAHANG,KUANTAN,PASAR BORONG KEMUNTING,Borong,20,Ternakan,02,003,DAGING LEMBU CINCANG,F.A.Q,Kilogram,26,26,
31045316,2026-10-08,2026-10-09 00:02:57.907934,PAHANG,KUANTAN,PASAR BORONG KEMUNTING,Borong,20,Ternakan,02,003,DAGING PEJAL (INDIA),F.A.Q,Kilogram,20,19,
31045317,2026-10-08,2026-10-09 00:02:57.907934,PAHANG,KUANTAN,PASAR BORONG KEMUNTING,Borong,20,Ternakan,02,003,DAGING PEJAL (INDIA),F.A.Q,Kilogram,20,19,
31045318,2026-10-08,2026-10-09 00:02:57.907934,PAHANG,KUANTAN,PASAR BORONG KEMUNTING,Borong,20,Ternakan,02,003,DAGING PEJAL (INDIA),F.A.Q,Kilogram,20,19,
31045319,2026-10-08,2026-10-09 00:04:51.256159,PAHANG,KUANTAN,PASAR BESAR KUANTAN,Runcit,26,Lain-Lain Makanan Proses,15,001,SANTAN BIASA,F.A.Q,Kilogram,14,14,
31045320,2026-10-08,2026-10-09 00:04:51.256159,PAHANG,KUANTAN,PASAR BESAR KUANTAN,Runcit,26,Lain-Lain Makanan Proses,25,002,TELUR ITIK MASIN,F.A.Q,Biji,1.3,1.3,
31045321,2026-10-08,2026-10-09 00:05:21.727456,PAHANG,KUANTAN,PASAR BESAR KUANTAN,Runcit,26,Tanaman Kontan,05,001,KELAPA PARUT,F.A.Q,Kilogram,14,14,
31045322,2026-10-08,2026-10-09 00:05:51.644798,PAHANG,KUANTAN,PASAR BESAR KUANTAN,Runcit,26,Ternakan,11,002,TELUR ITIK,SEDANG,Biji,1,1,
31045323,2026-10-08,2026-10-09 00:05:51.644798,PAHANG,KUANTAN,PASAR BESAR KUANTAN,Runcit,26,Ternakan,11,003,TELUR PUYUH,F.A.Q,Biji,0.25,0.25,
31045324,2026-10-08,2026-10-09 00:12:28.359692,PAHANG,KUANTAN,PASAR BESAR KUANTAN,Runcit,26,Hasil Laut & Perikanan,02,009,IKAN BAUNG,F.A.Q,Kilogram,26,25,
31045325,2026-10-08,2026-10-09 00:12:28.359692,PAHANG,KUANTAN,PASAR BESAR KUANTAN,Runcit,26,Hasil Laut & Perikanan,02,009,IKAN BAUNG,F.A.Q,Kilogram,26,25,
31045326,2026-10-08,2026-10-09 00:12:28.359692,PAHANG,KUANTAN,PASAR BESAR KUANTAN,Runcit,26,Hasil Laut & Perikanan,02,009,IKAN BAUNG,F.A.Q,Kilogram,26,25,
31045327,2026-10-08,2026-10-09 00:12:28.359692,PAHANG,KUANTAN,PASAR BESAR KUANTAN,Runcit,26,Hasil Laut & Perikanan,02,010,IKAN HARUAN,F.A.Q,Kilogram,21,20,
31045328,2026-10-08,2026-10-09 00:12:28.359692,PAHANG,KUANTAN,PASAR BESAR KUANTAN,Runcit,26,Hasil Laut & Perikanan,02,010,IKAN HARUAN,F.A.Q,Kilogram,21,20,
31045329,2026-10-08,2026-10-09 00:12:28.359692,PAHANG,KUANTAN,PASAR BESAR KUANTAN,Runcit,26,Hasil Laut & Perikanan,02,010,IKAN HARUAN,F.A.Q,Kilogram,21,20,
31045330,2026-10-08,2026-10-09 00:12:28.359692,PAHANG,KUANTAN,PASAR BESAR KUANTAN,Runcit,26,Hasil Laut & Perikanan,02,012,IKAN KELI BUNGA,F.A.Q,Kilogram,11,10.25,
31045331,2026-10-08,2026-10-09 00:12:28.359692,PAHANG,KUANTAN,PASAR BESAR KUANTAN,Runcit,26,Hasil Laut & Perikanan,02,012,IKAN KELI BUNGA,F.A.Q,Kilogram,11,10.25,
31045332,2026-10-08,2026-10-09 00:12:28.359692,PAHANG,KUANTAN,PASAR BESAR KUANTAN,Runcit,26,Hasil Laut & Perikanan,02,012,IKAN KELI BUNGA,F.A.Q,Kilogram,11,10.25,
31045333,2026-10-08,2026-10-09 00:12:28.359692,PAHANG,KUANTAN,PASAR BESAR KUANTAN,Runcit,26,Hasil Laut & Perikanan,02,005,IKAN PATIN (SANGKAR),F.A.Q,Kilogram,22,21,
31045334,2026-10-08,2026-10-09 00:12:28.359692,PAHANG,KUANTAN,PASAR BESAR KUANTAN,Runcit,26,Hasil Laut & Perikanan,02,005,IKAN PATIN (SANGKAR),F.A.Q,Kilogram,22,21,
31045335,2026-10-08,2026-10-09 00:12:28.359692,PAHANG,KUANTAN,PASAR BESAR KUANTAN,Runcit,26,Hasil Laut & Perikanan,02,005,IKAN PATIN (SANGKAR),F.A.Q,Kilogram,22,21,
31045336,2026-10-08,2026-10-09 00:12:28.359692,PAHANG,KUANTAN,PASAR BESAR KUANTAN,Runcit,26,Hasil Laut & Perikanan,02,002,IKAN TILAPIA MERAH,F.A.Q,Kilogram,17,16.5,
31045337,2026-10-08,2026-10-09 00:12:28.359692,PAHANG,KUANTAN,PASAR BESAR KUANTAN,Runcit,26,Hasil Laut & Perikanan,02,002,IKAN TILAPIA MERAH,F.A.Q,Kilogram,17,16.5,
31045338,2026-10-08,2026-10-09 00:12:28.359692,PAHANG,KUANTAN,PASAR BESAR KUANTAN,Runcit,26,Hasil Laut & Perikanan,02,002,IKAN TILAPIA MERAH,F.A.Q,Kilogram,17,16.5,
31045339,2026-10-08,2026-10-09 00:23:39.430389,PAHANG,KUANTAN,PASAR BESAR KUANTAN,Runcit,26,Ternakan,01,003,AYAM KAMPUNG HIDUP,F.A.Q,Kilogram,20,20,
31045340,2026-10-08,2026-10-09 00:23:39.430389,PAHANG,KUANTAN,PASAR BESAR KUANTAN,Runcit,26,Ternakan,01,003,AYAM KAMPUNG HIDUP,F.A.Q,Kilogram,20,20,
31045341,2026-10-08,2026-10-09 00:23:39.430389,PAHANG,KUANTAN,PASAR BESAR KUANTAN,Runcit,26,Ternakan,01,003,AYAM KAMPUNG HIDUP,F.A.Q,Kilogram,20,20,
31045342,2026-10-08,2026-10-09 00:23:39.430389,PAHANG,KUANTAN,PASAR BESAR KUANTAN,Runcit,26,Ternakan,02,003,DAGING BATANG PINANG - TENDERLION,F.A.Q,Kilogram,45,45,
31045343,2026-10-08,2026-10-09 00:23:39.430389,PAHANG,KUANTAN,PASAR BESAR KUANTAN,Runcit,26,Ternakan,02,003,DAGING BATANG PINANG - TENDERLION,F.A.Q,Kilogram,45,45,
31045344,2026-10-08,2026-10-09 00:23:39.430389,PAHANG,KUANTAN,PASAR BESAR KUANTAN,Runcit,26,Ternakan,02,003,DAGING BATANG PINANG - TENDERLION,F.A.Q,Kilogram,45,45,
31045345,2026-10-08,2026-10-09 00:23:39.430389,PAHANG,KUANTAN,PASAR BESAR KUANTAN,Runcit,26,Ternakan,04,001,DAGING BIRI-BIRI (IMPORT),F.A.Q,Kilogram,34,34,
31045346,2026-10-08,2026-10-09 00:23:39.430389,PAHANG,KUANTAN,PASAR BESAR KUANTAN,Runcit,26,Ternakan,04,001,DAGING BIRI-BIRI (IMPORT),F.A.Q,Kilogram,34,34,
31045347,2026-10-08,2026-10-09 00:23:39.430389,PAHANG,KUANTAN,PASAR BESAR KUANTAN,Runcit,26,Ternakan,04,001,DAGING BIRI-BIRI (IMPORT),F.A.Q,Kilogram,34,34,
31045348,2026-10-08,2026-10-09 00:23:39.430389,PAHANG,KUANTAN,PASAR BESAR KUANTAN,Runcit,26,Ternakan,07,002,DAGING KAMBING,F.A.Q,Kilogram,37,37,
31045349,2026-10-08,2026-10-09 00:23:39.430389,PAHANG,KUANTAN,PASAR BESAR KUANTAN,Runcit,26,Ternakan,07,002,DAGING KAMBING,F.A.Q,Kilogram,37,37,
31045350,2026-10-08,2026-10-09 00:23:39.430389,PAHANG,KUANTAN,PASAR BESAR KUANTAN,Runcit,26,Ternakan,07,002,DAGING KAMBING,F.A.Q,Kilogram,37,37,
31045351,2026-10-08,2026-10-09 00:23:39.430389,PAHANG,KUANTAN,PASAR BESAR KUANTAN,Runcit,26,Ternakan,02,003,DAGING LEMBU CINCANG,F.A.Q,Kilogram,28,28,
31045352,2026-10-08,2026-10-09 00:23:39.430389,PAHANG,KUANTAN,PASAR BESAR KUANTAN,Runcit,26,Ternakan,02,003,DAGING LEMBU CINCANG,F.A.Q,Kilogram,28,28,
31045353,2026-10-08,2026-10-09 00:23:39.430389,PAHANG,KUANTAN,PASAR BESAR KUANTAN,Runcit,26,Ternakan,02,003,DAGING LEMBU CINCANG,F.A.Q,Kilogram,28,28,
31045354,2026-10-08,2026-10-09 00:23:39.430389,PAHANG,KUANTAN,PASAR BESAR KUANTAN,Runcit,26,Ternakan,02,003,DAGING PEJAL (INDIA),F.A.Q,Kilogram,22,21,
31045355,2026-10-08,2026-10-09 00:23:39.430389,PAHANG,KUANTAN,PASAR BESAR KUANTAN,Runcit,26,Ternakan,02,003,DAGING PEJAL (INDIA),F.A.Q,Kilogram,22,21,
31045356,2026-10-08,2026-10-09 00:23:39.430389,PAHANG,KUANTAN,PASAR BESAR KUANTAN,Runcit,26,Ternakan,02,003,DAGING PEJAL (INDIA),F.A.Q,Kilogram,22,21,
31045357,2026-10-08,2026-10-09 00:23:39.430389,PAHANG,KUANTAN,PASAR BESAR KUANTAN,Runcit,26,Ternakan,05,003,HATI LEMBU,F.A.Q,Kilogram,38,38,
31045358,2026-10-08,2026-10-09 00:23:39.430389,PAHANG,KUANTAN,PASAR BESAR KUANTAN,Runcit,26,Ternakan,05,003,HATI LEMBU,F.A.Q,Kilogram,38,38,
31045359,2026-10-08,2026-10-09 00:23:39.430389,PAHANG,KUANTAN,PASAR BESAR KUANTAN,Runcit,26,Ternakan,05,003,HATI LEMBU,F.A.Q,Kilogram,38,38,
31045360,2026-10-08,2026-10-09 00:23:39.430389,PAHANG,KUANTAN,PASAR BESAR KUANTAN,Runcit,26,Ternakan,03,002,KERATAN AYAM - DADA,F.A.Q,Kilogram,17,17,
31045361,2026-10-08,2026-10-09 00:23:39.430389,PAHANG,KUANTAN,PASAR BESAR KUANTAN,Runcit,26,Ternakan,03,002,KERATAN AYAM - DADA,F.A.Q,Kilogram,17,17,
31045362,2026-10-08,2026-10-09 00:23:39.430389,PAHANG,KUANTAN,PASAR BESAR KUANTAN,Runcit,26,Ternakan,03,002,KERATAN AYAM - DADA,F.A.Q,Kilogram,17,17,
31045363,2026-10-08,2026-10-09 00:23:39.430389,PAHANG,KUANTAN,PASAR BESAR KUANTAN,Runcit,26,Ternakan,03,002,KERATAN AYAM - KEPAK,F.A.Q,Kilogram,17,17,
31045364,2026-10-08,2026-10-09 00:23:39.430389,PAHANG,KUANTAN,PASAR BESAR KUANTAN,Runcit,26,Ternakan,03,002,KERATAN AYAM - KEPAK,F.A.Q,Kilogram,17,17,
31045365,2026-10-08,2026-10-09 00:23:39.430389,PAHANG,KUANTAN,PASAR BESAR KUANTAN,Runcit,26,Ternakan,03,002,KERATAN AYAM - KEPAK,F.A.Q,Kilogram,17,17,
31045366,2026-10-08,2026-10-09 00:23:39.430389,PAHANG,KUANTAN,PASAR BESAR KUANTAN,Runcit,26,Ternakan,03,002,KERATAN AYAM - PAHA,F.A.Q,Kilogram,17,17,
31045367,2026-10-08,2026-10-09 00:23:39.430389,PAHANG,KUANTAN,PASAR BESAR KUANTAN,Runcit,26,Ternakan,03,002,KERATAN AYAM - PAHA,F.A.Q,Kilogram,17,17,
31045368,2026-10-08,2026-10-09 00:23:39.430389,PAHANG,KUANTAN,PASAR BESAR KUANTAN,Runcit,26,Ternakan,03,002,KERATAN AYAM - PAHA,F.A.Q,Kilogram,17,17,
31045369,2026-10-08,2026-10-09 00:23:39.430389,PAHANG,KUANTAN,PASAR BESAR KUANTAN,Runcit,26,Ternakan,03,002,KERATAN AYAM - PAHA ATAS / THIGH,F.A.Q,Kilogram,17,17,
31045370,2026-10-08,2026-10-09 00:23:39.430389,PAHANG,KUANTAN,PASAR BESAR KUANTAN,Runcit,26,Ternakan,03,002,KERATAN AYAM - PAHA ATAS / THIGH,F.A.Q,Kilogram,17,17,
31045371,2026-10-08,2026-10-09 00:23:39.430389,PAHANG,KUANTAN,PASAR BESAR KUANTAN,Runcit,26,Ternakan,03,002,KERATAN AYAM - PAHA ATAS / THIGH,F.A.Q,Kilogram,17,17,
31045372,2026-10-08,2026-10-09 00:23:39.430389,PAHANG,KUANTAN,PASAR BESAR KUANTAN,Runcit,26,Ternakan,03,002,KERATAN AYAM - PAHA PENUH / WHOLE LEG,F.A.Q,Kilogram,17,17,
31045373,2026-10-08,2026-10-09 00:23:39.430389,PAHANG,KUANTAN,PASAR BESAR KUANTAN,Runcit,26,Ternakan,03,002,KERATAN AYAM - PAHA PENUH / WHOLE LEG,F.A.Q,Kilogram,17,17,
31045374,2026-10-08,2026-10-09 00:23:39.430389,PAHANG,KUANTAN,PASAR BESAR KUANTAN,Runcit,26,Ternakan,03,002,KERATAN AYAM - PAHA PENUH / WHOLE LEG,F.A.Q,Kilogram,17,17,
31045375,2026-10-08,2026-10-09 00:23:39.430389,PAHANG,KUANTAN,PASAR BESAR KUANTAN,Runcit,26,Ternakan,17,001,LIMPA LEMBU,F.A.Q,Kilogram,38,38,
31045376,2026-10-08,2026-10-09 00:23:39.430389,PAHANG,KUANTAN,PASAR BESAR KUANTAN,Runcit,26,Ternakan,17,001,LIMPA LEMBU,F.A.Q,Kilogram,38,38,
31045377,2026-10-08,2026-10-09 00:23:39.430389,PAHANG,KUANTAN,PASAR BESAR KUANTAN,Runcit,26,Ternakan,17,001,LIMPA LEMBU,F.A.Q,Kilogram,38,38,
31045378,2026-10-08,2026-10-09 00:23:39.430389,PAHANG,KUANTAN,PASAR BESAR KUANTAN,Runcit,26,Ternakan,15,002,PARU LEMBU,F.A.Q,Kilogram,38,38,
31045379,2026-10-08,2026-10-09 00:23:39.430389,PAHANG,KUANTAN,PASAR BESAR KUANTAN,Runcit,26,Ternakan,15,002,PARU LEMBU,F.A.Q,Kilogram,38,38,
31045380,2026-10-08,2026-10-09 00:23:39.430389,PAHANG,KUANTAN,PASAR BESAR KUANTAN,Runcit,26,Ternakan,15,002,PARU LEMBU,F.A.Q,Kilogram,38,38,
31045381,2026-10-08,2026-10-09 00:23:39.430389,PAHANG,KUANTAN,PASAR BESAR KUANTAN,Runcit,26,Ternakan,16,001,PERUT BULAT / MUDA / USUS LEMBU,F.A.Q,Kilogram,37,38,
31045382,2026-10-08,2026-10-09 00:23:39.430389,PAHANG,KUANTAN,PASAR BESAR KUANTAN,Runcit,26,Ternakan,16,001,PERUT BULAT / MUDA / USUS LEMBU,F.A.Q,Kilogram,37,38,
31045383,2026-10-08,2026-10-09 00:23:39.430389,PAHANG,KUANTAN,PASAR BESAR KUANTAN,Runcit,26,Ternakan,16,001,PERUT BULAT / MUDA / USUS LEMBU,F.A.Q,Kilogram,37,38,
31045507,2026-10-08,2026-10-09 07:48:42.766589,JOHOR,MUAR,PASAR AWAM MUAR,Runcit,26,Ternakan,11,001,TELUR AYAM,A,Biji,0.52,0.52,
31045508,2026-10-08,2026-10-09 07:48:42.766589,JOHOR,MUAR,PASAR AWAM MUAR,Runcit,26,Ternakan,11,001,TELUR AYAM,C,Biji,0.5,0.5,
31045509,2026-10-08,2026-10-09 07:52:45.365247,JOHOR,MUAR,,Runcit,26,Sayur-Sayuran,03,001,BAYAM,F.A.Q,Kilogram,6,5,
31045510,2026-10-08,2026-10-09 07:52:45.365247,JOHOR,MUAR,,Runcit,26,Sayur-Sayuran,03,001,BAYAM,F.A.Q,Kilogram,6,5,
31045511,2026-10-08,2026-10-09 07:52:45.365247,JOHOR,MUAR,,Runcit,26,Sayur-Sayuran,02,002,CILI HIJAU,F.A.Q,Kilogram,12,12,
31045512,2026-10-08,2026-10-09 07:52:45.365247,JOHOR,MUAR,,Runcit,26,Sayur-Sayuran,02,002,CILI HIJAU,F.A.Q,Kilogram,12,12,
31045513,2026-10-08,2026-10-09 07:52:45.365247,JOHOR,MUAR,,Runcit,26,Sayur-Sayuran,02,002,CILI MERAH KULAI / KULAI HIBRID,F.A.Q,Kilogram,16,15,
31045514,2026-10-08,2026-10-09 07:52:45.365247,JOHOR,MUAR,,Runcit,26,Sayur-Sayuran,02,002,CILI MERAH KULAI / KULAI HIBRID,F.A.Q,Kilogram,16,15,
31045515,2026-10-08,2026-10-09 07:52:45.365247,JOHOR,MUAR,,Runcit,26,Sayur-Sayuran,04,002,KACANG BENDI,F.A.Q,Kilogram,8,8,
31045516,2026-10-08,2026-10-09 07:52:45.365247,JOHOR,MUAR,,Runcit,26,Sayur-Sayuran,04,002,KACANG BENDI,F.A.Q,Kilogram,8,8,
31045517,2026-10-08,2026-10-09 07:52:45.365247,JOHOR,MUAR,,Runcit,26,Sayur-Sayuran,04,003,KACANG BUNCIS,F.A.Q,Kilogram,13,13.06,
31045518,2026-10-08,2026-10-09 07:52:45.365247,JOHOR,MUAR,,Runcit,26,Sayur-Sayuran,04,003,KACANG BUNCIS,F.A.Q,Kilogram,13,13.06,
31045519,2026-10-08,2026-10-09 07:52:45.365247,JOHOR,MUAR,,Runcit,26,Sayur-Sayuran,04,007,KACANG PANJANG HIJAU,F.A.Q,Kilogram,10,10,
31045520,2026-10-08,2026-10-09 07:52:45.365247,JOHOR,MUAR,,Runcit,26,Sayur-Sayuran,04,007,KACANG PANJANG HIJAU,F.A.Q,Kilogram,10,10,
31045521,2026-10-08,2026-10-09 07:52:45.365247,JOHOR,MUAR,,Runcit,26,Sayur-Sayuran,03,019,KANGKUNG,F.A.Q,Kilogram,6,5,
31045522,2026-10-08,2026-10-09 07:52:45.365247,JOHOR,MUAR,,Runcit,26,Sayur-Sayuran,03,019,KANGKUNG,F.A.Q,Kilogram,6,5,
31045523,2026-10-08,2026-10-09 07:52:45.365247,JOHOR,MUAR,,Runcit,26,Sayur-Sayuran,03,006,KUBIS BULAT (TANAH TINGGI),F.A.Q,Kilogram,5,5,
31045524,2026-10-08,2026-10-09 07:52:45.365247,JOHOR,MUAR,,Runcit,26,Sayur-Sayuran,03,006,KUBIS BULAT (TANAH TINGGI),F.A.Q,Kilogram,5,5,
31045525,2026-10-08,2026-10-09 07:52:45.365247,JOHOR,MUAR,,Runcit,26,Sayur-Sayuran,03,007,SAWI HIJAU,F.A.Q,Kilogram,6,5,
31045526,2026-10-08,2026-10-09 07:52:45.365247,JOHOR,MUAR,,Runcit,26,Sayur-Sayuran,03,007,SAWI HIJAU,F.A.Q,Kilogram,6,5,
31045527,2026-10-08,2026-10-09 07:52:45.365247,JOHOR,MUAR,,Runcit,26,Sayur-Sayuran,02,010,TERUNG PANJANG / PEPARU (TANAH RENDAH),F.A.Q,Kilogram,9,9,
31045528,2026-10-08,2026-10-09 07:52:45.365247,JOHOR,MUAR,,Runcit,26,Sayur-Sayuran,02,010,TERUNG PANJANG / PEPARU (TANAH RENDAH),F.A.Q,Kilogram,9,9,
31045529,2026-10-08,2026-10-09 07:52:45.365247,JOHOR,MUAR,,Runcit,26,Sayur-Sayuran,02,011,TIMUN HIJAU,F.A.Q,Kilogram,4,4,
31045530,2026-10-08,2026-10-09 07:52:45.365247,JOHOR,MUAR,,Runcit,26,Sayur-Sayuran,02,011,TIMUN HIJAU,F.A.Q,Kilogram,4,4,
31045531,2026-10-08,2026-10-09 07:52:45.365247,JOHOR,MUAR,,Runcit,26,Sayur-Sayuran,02,012,TOMATO (TANAH TINGGI),F.A.Q,Kilogram,5,8,
31045532,2026-10-08,2026-10-09 07:52:45.365247,JOHOR,MUAR,,Runcit,26,Sayur-Sayuran,02,012,TOMATO (TANAH TINGGI),F.A.Q,Kilogram,5,8,
31045533,2026-10-08,2026-10-09 07:53:24.238205,JOHOR,MUAR,PASAR AWAM MUAR,Runcit,26,Ternakan,03,002,AYAM PROSES STANDARD,F.A.Q,Kilogram,10.3,10.3,
31045534,2026-10-08,2026-10-09 07:54:03.949236,JOHOR,MUAR,,Ladang,,Sayur-Sayuran,03,001,BAYAM,F.A.Q,Kilogram,2.3,2.3,
31045535,2026-10-08,2026-10-09 07:54:03.949236,JOHOR,MUAR,,Ladang,,Sayur-Sayuran,03,019,KANGKUNG,F.A.Q,Kilogram,2.3,2.3,
31045844,2026-10-08,2026-10-09 09:30:28.916841,SABAH,TIADA MAKLUMAT,PASAR TANI ASIA CITY - RABU [RABU 6.00AM - 2.00PM],Runcit,17,Hasil Laut & Perikanan,02,006,UDANG GALAH,F.A.Q,Kilogram,55,55,
31045873,2026-10-08,2026-10-09 09:32:12.351656,SABAH,KOTA KINABALU,PASAR AWAM KOTA KINABALU - BAHAGIAN RUNCIT,Runcit,26,Ternakan,03,002,AYAM KAMPUNG (PROSES),F.A.Q,Kilogram,30,30,
31045874,2026-10-08,2026-10-09 09:32:12.351656,SABAH,KOTA KINABALU,PASAR AWAM KOTA KINABALU - BAHAGIAN RUNCIT,Runcit,26,Ternakan,03,002,AYAM TUA / PENELUR PROSES,F.A.Q,Kilogram,15,15,
31045875,2026-10-08,2026-10-09 09:32:12.351656,SABAH,KOTA KINABALU,PASAR AWAM KOTA KINABALU - BAHAGIAN RUNCIT,Runcit,26,Ternakan,02,003,DAGING BATANG PINANG - TENDERLION,F.A.Q,Kilogram,45,45,
31045876,2026-10-08,2026-10-09 09:32:12.351656,SABAH,KOTA KINABALU,PASAR AWAM KOTA KINABALU - BAHAGIAN RUNCIT,Runcit,26,Ternakan,03,002,KERATAN AYAM - DADA,F.A.Q,Kilogram,15,15,
31045877,2026-10-08,2026-10-09 09:32:12.351656,SABAH,KOTA KINABALU,PASAR AWAM KOTA KINABALU - BAHAGIAN RUNCIT,Runcit,26,Ternakan,03,002,KERATAN AYAM - KEPAK,F.A.Q,Kilogram,17,17.25,
31045878,2026-10-08,2026-10-09 09:32:12.351656,SABAH,KOTA KINABALU,PASAR AWAM KOTA KINABALU - BAHAGIAN RUNCIT,Runcit,26,Ternakan,03,002,KERATAN AYAM - PAHA,F.A.Q,Kilogram,16,16,
31045879,2026-10-08,2026-10-09 09:32:12.351656,SABAH,KOTA KINABALU,PASAR AWAM KOTA KINABALU - BAHAGIAN RUNCIT,Runcit,26,Ternakan,03,002,KERATAN AYAM - PAHA PENUH / WHOLE LEG,F.A.Q,Kilogram,17,17,
31045880,2026-10-08,2026-10-09 09:32:12.351656,SABAH,KOTA KINABALU,PASAR AWAM KOTA KINABALU - BAHAGIAN RUNCIT,Runcit,26,Ternakan,11,002,TELUR ITIK,SEDANG,Biji,1.5,1.5,
31045885,2026-10-08,2026-10-09 09:33:11.371426,SABAH,KOTA KINABALU,PASAR AWAM KOTA KINABALU - BAHAGIAN RUNCIT,Runcit,26,Lain-Lain Makanan Proses,15,001,SANTAN BIASA,F.A.Q,Kilogram,14,14,
31045886,2026-10-08,2026-10-09 09:33:11.371426,SABAH,KOTA KINABALU,PASAR AWAM KOTA KINABALU - BAHAGIAN RUNCIT,Runcit,26,Lain-Lain Makanan Proses,25,002,TELUR ITIK MASIN,F.A.Q,Biji,1.6,1.6,
31045906,2026-10-08,2026-10-09 09:42:18.017425,SABAH,KOTA KINABALU,PASAR AWAM KOTA KINABALU - BAHAGIAN RUNCIT,Runcit,26,Ternakan,03,002,AYAM JAGUNG / KUNING,F.A.Q,Kilogram,16,16,
31045907,2026-10-08,2026-10-09 09:42:18.017425,SABAH,KOTA KINABALU,PASAR AWAM KOTA KINABALU - BAHAGIAN RUNCIT,Runcit,26,Ternakan,03,002,AYAM PROSES SUPER,F.A.Q,Kilogram,12.5,12.5,
31045908,2026-10-08,2026-10-09 09:42:18.017425,SABAH,KOTA KINABALU,PASAR AWAM KOTA KINABALU - BAHAGIAN RUNCIT,Runcit,26,Ternakan,02,003,DAGING LEMBU PEJAL,F.A.Q,Kilogram,28,28,
31045909,2026-10-08,2026-10-09 09:42:18.017425,SABAH,KOTA KINABALU,PASAR AWAM KOTA KINABALU - BAHAGIAN RUNCIT,Runcit,26,Ternakan,11,001,TELUR AYAM,A,Biji,0.6,0.6,
31045910,2026-10-08,2026-10-09 09:42:18.017425,SABAH,KOTA KINABALU,PASAR AWAM KOTA KINABALU - BAHAGIAN RUNCIT,Runcit,26,Ternakan,11,001,TELUR AYAM,B,Biji,0.56,0.56,
31045911,2026-10-08,2026-10-09 09:42:18.017425,SABAH,KOTA KINABALU,PASAR AWAM KOTA KINABALU - BAHAGIAN RUNCIT,Runcit,26,Ternakan,11,001,TELUR AYAM,C,Biji,0.53,0.53,
31045964,2026-10-08,2026-10-09 09:50:07.511378,SABAH,KOTA KINABALU,PASAR AWAM KOTA KINABALU - BAHAGIAN RUNCIT,Runcit,26,Sayur-Sayuran,05,001,BAWANG BESAR KUNING / HOLLAND,F.A.Q,Kilogram,6,6,
31045965,2026-10-08,2026-10-09 09:50:07.511378,SABAH,KOTA KINABALU,PASAR AWAM KOTA KINABALU - BAHAGIAN RUNCIT,Runcit,26,Sayur-Sayuran,05,001,BAWANG BESAR MERAH (CHINA),F.A.Q,Kilogram,6,6,
31045966,2026-10-08,2026-10-09 09:50:07.511378,SABAH,KOTA KINABALU,PASAR AWAM KOTA KINABALU - BAHAGIAN RUNCIT,Runcit,26,Sayur-Sayuran,05,001,BAWANG BESAR MERAH (INDIA),F.A.Q,Kilogram,7,6.1363635,
31045967,2026-10-08,2026-10-09 09:50:07.511378,SABAH,KOTA KINABALU,PASAR AWAM KOTA KINABALU - BAHAGIAN RUNCIT,Runcit,26,Sayur-Sayuran,05,001,BAWANG MERAH / KECIL (INDIA),F.A.Q,Kilogram,10,10,
31045968,2026-10-08,2026-10-09 09:50:07.511378,SABAH,KOTA KINABALU,PASAR AWAM KOTA KINABALU - BAHAGIAN RUNCIT,Runcit,26,Sayur-Sayuran,05,001,BAWANG MERAH ROSE,F.A.Q,Kilogram,12,12,
31045969,2026-10-08,2026-10-09 09:50:07.511378,SABAH,KOTA KINABALU,PASAR AWAM KOTA KINABALU - BAHAGIAN RUNCIT,Runcit,26,Sayur-Sayuran,05,001,BAWANG PUTIH (CHINA),F.A.Q,Kilogram,12,10.909091,
31045970,2026-10-08,2026-10-09 09:50:07.511378,SABAH,KOTA KINABALU,PASAR AWAM KOTA KINABALU - BAHAGIAN RUNCIT,Runcit,26,Sayur-Sayuran,03,001,BAYAM,F.A.Q,Kilogram,5,4.7909093,
31045971,2026-10-08,2026-10-09 09:50:07.511378,SABAH,KOTA KINABALU,PASAR AWAM KOTA KINABALU - BAHAGIAN RUNCIT,Runcit,26,Sayur-Sayuran,02,002,CILI HIJAU,F.A.Q,Kilogram,18,15,
31045972,2026-10-08,2026-10-09 09:50:07.511378,SABAH,KOTA KINABALU,PASAR AWAM KOTA KINABALU - BAHAGIAN RUNCIT,Runcit,26,Sayur-Sayuran,02,002,CILI MERAH KULAI / KULAI HIBRID,F.A.Q,Kilogram,20,17.681818,
31045973,2026-10-08,2026-10-09 09:50:07.511378,SABAH,KOTA KINABALU,PASAR AWAM KOTA KINABALU - BAHAGIAN RUNCIT,Runcit,26,Sayur-Sayuran,02,002,CILI MERAH MINYAK,F.A.Q,Kilogram,18,16,
31045974,2026-10-08,2026-10-09 09:50:07.511378,SABAH,KOTA KINABALU,PASAR AWAM KOTA KINABALU - BAHAGIAN RUNCIT,Runcit,26,Sayur-Sayuran,03,009,DAUN BAWANG,F.A.Q,Kilogram,12,10,
31045975,2026-10-08,2026-10-09 09:50:07.511378,SABAH,KOTA KINABALU,PASAR AWAM KOTA KINABALU - BAHAGIAN RUNCIT,Runcit,26,Sayur-Sayuran,03,015,DAUN SUP (TANAH TINGGI),F.A.Q,Kilogram,15,15,
31045976,2026-10-08,2026-10-09 09:50:07.511378,SABAH,KOTA KINABALU,PASAR AWAM KOTA KINABALU - BAHAGIAN RUNCIT,Runcit,26,Sayur-Sayuran,04,002,KACANG BENDI,F.A.Q,Kilogram,8,6.4545455,
31045977,2026-10-08,2026-10-09 09:50:07.511378,SABAH,KOTA KINABALU,PASAR AWAM KOTA KINABALU - BAHAGIAN RUNCIT,Runcit,26,Sayur-Sayuran,04,003,KACANG BUNCIS,F.A.Q,Kilogram,8,8,
31045978,2026-10-08,2026-10-09 09:50:07.511378,SABAH,KOTA KINABALU,PASAR AWAM KOTA KINABALU - BAHAGIAN RUNCIT,Runcit,26,Sayur-Sayuran,04,007,KACANG PANJANG HIJAU,F.A.Q,Kilogram,6,5.8636365,
31045979,2026-10-08,2026-10-09 09:50:07.511378,SABAH,KOTA KINABALU,PASAR AWAM KOTA KINABALU - BAHAGIAN RUNCIT,Runcit,26,Sayur-Sayuran,03,019,KANGKUNG,F.A.Q,Kilogram,5,5,
31045980,2026-10-08,2026-10-09 09:50:07.511378,SABAH,KOTA KINABALU,PASAR AWAM KOTA KINABALU - BAHAGIAN RUNCIT,Runcit,26,Sayur-Sayuran,03,006,KUBIS BULAT (TANAH TINGGI),F.A.Q,Kilogram,7,6.090909,
31045981,2026-10-08,2026-10-09 09:50:07.511378,SABAH,KOTA KINABALU,PASAR AWAM KOTA KINABALU - BAHAGIAN RUNCIT,Runcit,26,Sayur-Sayuran,03,007,SAWI HIJAU,F.A.Q,Kilogram,6,5.5,
31045982,2026-10-08,2026-10-09 09:50:07.511378,SABAH,KOTA KINABALU,PASAR AWAM KOTA KINABALU - BAHAGIAN RUNCIT,Runcit,26,Sayur-Sayuran,03,007,SAWI HIJAU TANAH TINGGI,F.A.Q,Kilogram,6,6,
31045983,2026-10-08,2026-10-09 09:50:07.511378,SABAH,KOTA KINABALU,PASAR AWAM KOTA KINABALU - BAHAGIAN RUNCIT,Runcit,26,Sayur-Sayuran,02,010,TERUNG PANJANG / PEPARU (TANAH RENDAH),F.A.Q,Kilogram,5,5.0454545,
31045984,2026-10-08,2026-10-09 09:50:07.511378,SABAH,KOTA KINABALU,PASAR AWAM KOTA KINABALU - BAHAGIAN RUNCIT,Runcit,26,Sayur-Sayuran,02,011,TIMUN HIJAU,F.A.Q,Kilogram,3,3.3,
31045985,2026-10-08,2026-10-09 09:50:07.511378,SABAH,KOTA KINABALU,PASAR AWAM KOTA KINABALU - BAHAGIAN RUNCIT,Runcit,26,Sayur-Sayuran,02,012,TOMATO (TANAH TINGGI),F.A.Q,Kilogram,12,10.909091,
31045986,2026-10-08,2026-10-09 09:50:07.511378,SABAH,KOTA KINABALU,PASAR AWAM KOTA KINABALU - BAHAGIAN RUNCIT,Runcit,26,Sayur-Sayuran,02,012,TOMATO PLUM (TANAH TINGGI),F.A.Q,Kilogram,9,9,
31045987,2026-10-08,2026-10-09 09:50:07.511378,SABAH,KOTA KINABALU,PASAR AWAM KOTA KINABALU - BAHAGIAN RUNCIT,Runcit,26,Sayur-Sayuran,05,009,UBI KENTANG HOLLAND,F.A.Q,Kilogram,5,5,
31046119,2026-10-08,2026-10-09 09:56:51.652815,SABAH,KOTA KINABALU,PASAR AWAM KOTA KINABALU - BAHAGIAN RUNCIT,Runcit,26,Buah-Buahan,02,005,BETIK SEKAKI,F.A.Q,Kilogram,5,4.75,
31046120,2026-10-08,2026-10-09 09:56:51.652815,SABAH,KOTA KINABALU,PASAR AWAM KOTA KINABALU - BAHAGIAN RUNCIT,Runcit,26,Buah-Buahan,02,005,BETIK SEKAKI,F.A.Q,Kilogram,4.5,4.75,
31046121,2026-10-08,2026-10-09 09:56:51.652815,SABAH,KOTA KINABALU,PASAR AWAM KOTA KINABALU - BAHAGIAN RUNCIT,Runcit,26,Buah-Buahan,02,023,NANAS JOSAPINE (AC5),F.A.Q,Kilogram,6,5.576923,
31046122,2026-10-08,2026-10-09 09:56:51.652815,SABAH,KOTA KINABALU,PASAR AWAM KOTA KINABALU - BAHAGIAN RUNCIT,Runcit,26,Buah-Buahan,02,023,NANAS JOSAPINE (AC5),F.A.Q,Kilogram,5.5,5.576923,
31046123,2026-10-08,2026-10-09 09:56:51.652815,SABAH,KOTA KINABALU,PASAR AWAM KOTA KINABALU - BAHAGIAN RUNCIT,Runcit,26,Buah-Buahan,02,028,PISANG BERANGAN,F.A.Q,Kilogram,6,5.9076924,
31046124,2026-10-08,2026-10-09 09:56:51.652815,SABAH,KOTA KINABALU,PASAR AWAM KOTA KINABALU - BAHAGIAN RUNCIT,Runcit,26,Buah-Buahan,02,028,PISANG BERANGAN,F.A.Q,Kilogram,5,5.9076924,
31046125,2026-10-08,2026-10-09 09:56:51.652815,SABAH,KOTA KINABALU,PASAR AWAM KOTA KINABALU - BAHAGIAN RUNCIT,Runcit,26,Buah-Buahan,02,028,PISANG MAS,F.A.Q,Kilogram,5,4.75,
31046126,2026-10-08,2026-10-09 09:56:51.652815,SABAH,KOTA KINABALU,PASAR AWAM KOTA KINABALU - BAHAGIAN RUNCIT,Runcit,26,Buah-Buahan,02,028,PISANG MAS,F.A.Q,Kilogram,4.5,4.75,
31046127,2026-10-08,2026-10-09 09:56:51.652815,SABAH,KOTA KINABALU,PASAR AWAM KOTA KINABALU - BAHAGIAN RUNCIT,Runcit,26,Buah-Buahan,02,034,TEMBIKAI MERAH TANPA BIJI,F.A.Q,Kilogram,6,4.769231,
31046128,2026-10-08,2026-10-09 09:56:51.652815,SABAH,KOTA KINABALU,PASAR AWAM KOTA KINABALU - BAHAGIAN RUNCIT,Runcit,26,Buah-Buahan,02,034,TEMBIKAI MERAH TANPA BIJI,F.A.Q,Kilogram,5,4.769231,
31046337,2026-10-08,2026-10-09 10:43:00.569486,MELAKA,MELAKA TENGAH,PASAR BESAR MBMB,Runcit,26,Lain-Lain Makanan Proses,15,001,SANTAN BIASA,F.A.Q,Kilogram,13,13,
31046339,2026-10-08,2026-10-09 10:43:00.569486,MELAKA,MELAKA TENGAH,PASAR BESAR MBMB,Runcit,26,Lain-Lain Makanan Proses,15,001,SANTAN BIASA,F.A.Q,Kilogram,13,13,
31046354,2026-10-08,2026-10-09 10:44:17.906078,MELAKA,MELAKA TENGAH,PASAR BESAR MBMB,Runcit,26,Hasil Laut & Perikanan,11,017,IKAN CENCARU,SEDANG,Kilogram,11,11,
31046355,2026-10-08,2026-10-09 10:44:17.906078,MELAKA,MELAKA TENGAH,PASAR BESAR MBMB,Runcit,26,Hasil Laut & Perikanan,02,010,IKAN HARUAN,F.A.Q,Kilogram,30,30,
31046356,2026-10-08,2026-10-09 10:44:17.906078,MELAKA,MELAKA TENGAH,PASAR BESAR MBMB,Runcit,26,Hasil Laut & Perikanan,02,011,IKAN JELAWAT,F.A.Q,Kilogram,20,20,
31046357,2026-10-08,2026-10-09 10:44:17.906078,MELAKA,MELAKA TENGAH,PASAR BESAR MBMB,Runcit,26,Hasil Laut & Perikanan,02,012,IKAN KELI BUNGA,F.A.Q,Kilogram,8,8,
31046358,2026-10-08,2026-10-09 10:44:17.906078,MELAKA,MELAKA TENGAH,PASAR BESAR MBMB,Runcit,26,Hasil Laut & Perikanan,11,008,IKAN KEMBUNG,SEDANG,Kilogram,15,15,
31046360,2026-10-08,2026-10-09 10:44:17.906078,MELAKA,MELAKA TENGAH,PASAR BESAR MBMB,Runcit,26,Hasil Laut & Perikanan,11,008,IKAN KEMBUNG/PELALING,SEDANG,Kilogram,12,11.5,
31046361,2026-10-08,2026-10-09 10:44:17.906078,MELAKA,MELAKA TENGAH,PASAR BESAR MBMB,Runcit,26,Hasil Laut & Perikanan,02,005,IKAN PATIN (KOLAM),F.A.Q,Kilogram,8,8,
31046362,2026-10-08,2026-10-09 10:44:17.906078,MELAKA,MELAKA TENGAH,PASAR BESAR MBMB,Runcit,26,Hasil Laut & Perikanan,11,012,IKAN SARDIN,SEDANG,Kilogram,10,9.5,
31046363,2026-10-08,2026-10-09 10:44:17.906078,MELAKA,MELAKA TENGAH,PASAR BESAR MBMB,Runcit,26,Hasil Laut & Perikanan,11,015,IKAN SELAR,SEDANG,Kilogram,17,17,
31046364,2026-10-08,2026-10-09 10:44:17.906078,MELAKA,MELAKA TENGAH,PASAR BESAR MBMB,Runcit,26,Hasil Laut & Perikanan,02,002,IKAN TILAPIA HITAM,F.A.Q,Kilogram,9,9,
31046365,2026-10-08,2026-10-09 10:44:17.906078,MELAKA,MELAKA TENGAH,PASAR BESAR MBMB,Runcit,26,Hasil Laut & Perikanan,02,002,IKAN TILAPIA MERAH,F.A.Q,Kilogram,16,16,
31047757,2026-10-08,2026-10-09 15:10:17.059131,SELANGOR,KLANG,PASAR BESAR KLANG - BAHAGIAN RUNCIT,Runcit,,Hasil Laut & Perikanan,02,012,IKAN KELI BUNGA,F.A.Q,Kilogram,7,9.52,
31047758,2026-10-08,2026-10-09 15:10:17.083809,SELANGOR,KLANG,PASAR BESAR KLANG - BAHAGIAN RUNCIT,Runcit,,Hasil Laut & Perikanan,02,005,IKAN PATIN (KOLAM),F.A.Q,Kilogram,7,9.76,
31047759,2026-10-08,2026-10-09 15:10:17.105334,SELANGOR,KLANG,PASAR BESAR KLANG - BAHAGIAN RUNCIT,Runcit,,Hasil Laut & Perikanan,02,002,IKAN TILAPIA HITAM,F.A.Q,Kilogram,5,10,
31047760,2026-10-08,2026-10-09 15:10:17.124776,SELANGOR,KLANG,PASAR BESAR KLANG - BAHAGIAN RUNCIT,Runcit,,Hasil Laut & Perikanan,02,002,IKAN TILAPIA MERAH,F.A.Q,Kilogram,13,16.08,
31047764,2026-10-08,2026-10-09 15:13:04.592523,SELANGOR,KLANG,PASAR BESAR KLANG - BAHAGIAN RUNCIT,Runcit,,Lain-Lain Makanan Proses,25,002,TELUR ITIK MASIN,F.A.Q,Biji,2,1.4,
31047765,2026-10-08,2026-10-09 15:13:04.615034,SELANGOR,KLANG,PASAR BESAR KLANG - BAHAGIAN RUNCIT,Runcit,,Ternakan,11,002,TELUR ITIK,SEDANG,Biji,1.1,1.06,
31047766,2026-10-08,2026-10-09 15:13:04.63612,SELANGOR,KLANG,PASAR BESAR KLANG - BAHAGIAN RUNCIT,Runcit,,Ternakan,11,003,TELUR PUYUH,F.A.Q,Biji,0.2,0.54,
31047774,2026-10-08,2026-10-09 15:14:48.60488,SELANGOR,KLANG,PASAR BESAR KLANG - BAHAGIAN RUNCIT,Runcit,,Ternakan,04,001,DAGING BIRI-BIRI (IMPORT),F.A.Q,Kilogram,42,34.44,
31047775,2026-10-08,2026-10-09 15:14:48.628259,SELANGOR,KLANG,PASAR BESAR KLANG - BAHAGIAN RUNCIT,Runcit,,Ternakan,07,002,DAGING KAMBING,F.A.Q,Kilogram,62,54.45,
31047783,2026-10-08,2026-10-09 15:17:07.371929,SELANGOR,KLANG,PASAR BESAR KLANG - BAHAGIAN RUNCIT,Runcit,,Ternakan,02,003,DAGING BATANG PINANG - TENDERLION,F.A.Q,Kilogram,45,58,
31047784,2026-10-08,2026-10-09 15:17:07.39251,SELANGOR,KLANG,PASAR BESAR KLANG - BAHAGIAN RUNCIT,Runcit,,Ternakan,02,003,DAGING LEMBU CINCANG,F.A.Q,Kilogram,20,28.27,
31047785,2026-10-08,2026-10-09 15:17:07.40878,SELANGOR,KLANG,PASAR BESAR KLANG - BAHAGIAN RUNCIT,Runcit,,Ternakan,02,003,DAGING PEJAL (INDIA),F.A.Q,Kilogram,20,25,
31047786,2026-10-08,2026-10-09 15:17:07.425892,SELANGOR,KLANG,PASAR BESAR KLANG - BAHAGIAN RUNCIT,Runcit,,Ternakan,05,003,HATI LEMBU,F.A.Q,Kilogram,35,20,
31047787,2026-10-08,2026-10-09 15:17:07.446638,SELANGOR,KLANG,PASAR BESAR KLANG - BAHAGIAN RUNCIT,Runcit,,Ternakan,17,001,LIMPA LEMBU,F.A.Q,Kilogram,35,20,
31047788,2026-10-08,2026-10-09 15:17:07.466206,SELANGOR,KLANG,PASAR BESAR KLANG - BAHAGIAN RUNCIT,Runcit,,Ternakan,15,002,PARU LEMBU,F.A.Q,Kilogram,35,20,
31047789,2026-10-08,2026-10-09 15:17:07.485538,SELANGOR,KLANG,PASAR BESAR KLANG - BAHAGIAN RUNCIT,Runcit,,Ternakan,16,001,PERUT BULAT / MUDA / USUS LEMBU,F.A.Q,Kilogram,25,25,
31047790,2026-10-08,2026-10-09 15:17:12.452441,SELANGOR,KLANG,PASAR BESAR KLANG - BAHAGIAN RUNCIT,Runcit,,Ternakan,02,003,DAGING BATANG PINANG - TENDERLION,F.A.Q,Kilogram,45,58,
31047791,2026-10-08,2026-10-09 15:17:12.485376,SELANGOR,KLANG,PASAR BESAR KLANG - BAHAGIAN RUNCIT,Runcit,,Ternakan,02,003,DAGING LEMBU CINCANG,F.A.Q,Kilogram,20,28.27,
31047792,2026-10-08,2026-10-09 15:17:12.507846,SELANGOR,KLANG,PASAR BESAR KLANG - BAHAGIAN RUNCIT,Runcit,,Ternakan,02,003,DAGING PEJAL (INDIA),F.A.Q,Kilogram,20,25,
31047793,2026-10-08,2026-10-09 15:17:12.546549,SELANGOR,KLANG,PASAR BESAR KLANG - BAHAGIAN RUNCIT,Runcit,,Ternakan,05,003,HATI LEMBU,F.A.Q,Kilogram,35,20,
31047794,2026-10-08,2026-10-09 15:17:12.586285,SELANGOR,KLANG,PASAR BESAR KLANG - BAHAGIAN RUNCIT,Runcit,,Ternakan,17,001,LIMPA LEMBU,F.A.Q,Kilogram,35,20,
31047795,2026-10-08,2026-10-09 15:17:12.62874,SELANGOR,KLANG,PASAR BESAR KLANG - BAHAGIAN RUNCIT,Runcit,,Ternakan,15,002,PARU LEMBU,F.A.Q,Kilogram,35,20,
31047796,2026-10-08,2026-10-09 15:17:12.666411,SELANGOR,KLANG,PASAR BESAR KLANG - BAHAGIAN RUNCIT,Runcit,,Ternakan,16,001,PERUT BULAT / MUDA / USUS LEMBU,F.A.Q,Kilogram,25,25,
31047797,2026-10-08,2026-10-09 15:18:33.52382,SELANGOR,KLANG,PASAR BESAR KLANG - BAHAGIAN RUNCIT,Runcit,,Ternakan,03,002,AYAM TUA / PENELUR PROSES,F.A.Q,Kilogram,9,9,
31047798,2026-10-08,2026-10-09 15:18:33.546507,SELANGOR,KLANG,PASAR BESAR KLANG - BAHAGIAN RUNCIT,Runcit,,Ternakan,03,002,KERATAN AYAM - DADA,F.A.Q,Kilogram,15,16,
31047799,2026-10-08,2026-10-09 15:18:33.56636,SELANGOR,KLANG,PASAR BESAR KLANG - BAHAGIAN RUNCIT,Runcit,,Ternakan,03,002,KERATAN AYAM - KEPAK,F.A.Q,Kilogram,15,16,
31047800,2026-10-08,2026-10-09 15:18:33.584658,SELANGOR,KLANG,PASAR BESAR KLANG - BAHAGIAN RUNCIT,Runcit,,Ternakan,03,002,KERATAN AYAM - PAHA,F.A.Q,Kilogram,15,16,
31047801,2026-10-08,2026-10-09 15:18:33.603704,SELANGOR,KLANG,PASAR BESAR KLANG - BAHAGIAN RUNCIT,Runcit,,Ternakan,03,002,KERATAN AYAM - PAHA ATAS / THIGH,F.A.Q,Kilogram,15,16,
31047802,2026-10-08,2026-10-09 15:18:33.62234,SELANGOR,KLANG,PASAR BESAR KLANG - BAHAGIAN RUNCIT,Runcit,,Ternakan,03,002,KERATAN AYAM - PAHA PENUH / WHOLE LEG,F.A.Q,Kilogram,15,18,
31047835,2026-10-08,2026-10-09 15:39:20.387971,NEGERI SEMBILAN,REMBAU,,Runcit,26,Ternakan,02,002,BURUNG PUYUH (PROSES),F.A.Q,Kilogram,24.6,26,
31047843,2026-10-08,2026-10-09 15:40:50.849437,NEGERI SEMBILAN,KUALA PILAH,,Runcit,26,Ternakan,02,001,DAGING ARNAB,F.A.Q,Kilogram,35,30,
31047844,2026-10-08,2026-10-09 15:41:28.152281,NEGERI SEMBILAN,SEREMBAN,,Runcit,26,Ternakan,02,001,DAGING ARNAB,F.A.Q,Kilogram,45,45,
31047845,2026-10-08,2026-10-09 15:42:06.505937,NEGERI SEMBILAN,KUALA PILAH,,Borong,20,Ternakan,02,001,DAGING ARNAB,F.A.Q,Kilogram,32,20,
31047846,2026-10-08,2026-10-09 15:42:28.033363,NEGERI SEMBILAN,SEREMBAN,,Borong,20,Ternakan,02,001,DAGING ARNAB,F.A.Q,Kilogram,42,42,
31047857,2026-10-08,2026-10-09 15:43:11.306337,NEGERI SEMBILAN,SEREMBAN,,Borong,20,Ternakan,02,002,BURUNG PUYUH (PROSES),F.A.Q,Kilogram,20,20,
31047858,2026-10-08,2026-10-09 15:43:11.306337,NEGERI SEMBILAN,SEREMBAN,,Borong,20,Ternakan,11,003,TELUR PUYUH,F.A.Q,Biji,0.2,0.22,
31047871,2026-10-08,2026-10-09 15:45:44.246922,NEGERI SEMBILAN,REMBAU,,Runcit,26,Ternakan,11,003,TELUR PUYUH,F.A.Q,Biji,0.23,0.54,
31047912,2026-10-08,2026-10-09 15:51:43.510967,NEGERI SEMBILAN,SEREMBAN,PASAR BESAR SEREMBAN - BAHAGIAN RUNCIT,Runcit,26,Sayur-Sayuran,07,003,PETAI,F.A.Q,RM/5 Keping,10,10,
31047913,2026-10-08,2026-10-09 15:51:43.510967,NEGERI SEMBILAN,SEREMBAN,PASAR BESAR SEREMBAN - BAHAGIAN RUNCIT,Runcit,26,Sayur-Sayuran,07,003,PETAI,F.A.Q,RM/5 Keping,10,10,
31047914,2026-10-08,2026-10-09 15:51:43.510967,NEGERI SEMBILAN,SEREMBAN,PASAR BESAR SEREMBAN - BAHAGIAN RUNCIT,Runcit,26,Sayur-Sayuran,07,003,PETAI,F.A.Q,RM/5 Keping,10,10,
31047915,2026-10-08,2026-10-09 15:51:46.947243,NEGERI SEMBILAN,SEREMBAN,PASAR BESAR SEREMBAN - BAHAGIAN BORONG,Borong,20,Sayur-Sayuran,07,003,PETAI,F.A.Q,RM/5 Keping,7,7,
31047916,2026-10-08,2026-10-09 15:51:46.947243,NEGERI SEMBILAN,SEREMBAN,PASAR BESAR SEREMBAN - BAHAGIAN BORONG,Borong,20,Sayur-Sayuran,07,003,PETAI,F.A.Q,RM/5 Keping,7,7,
31047917,2026-10-08,2026-10-09 15:51:46.947243,NEGERI SEMBILAN,SEREMBAN,PASAR BESAR SEREMBAN - BAHAGIAN BORONG,Borong,20,Sayur-Sayuran,07,003,PETAI,F.A.Q,RM/5 Keping,7,7,
31047922,2026-10-08,2026-10-09 15:52:05.486067,NEGERI SEMBILAN,REMBAU,[LOKASI KUTIPAN HARGA LADANG] KAMPUNG RELUNG,Ladang,,Sayur-Sayuran,02,011,TIMUN HIJAU,F.A.Q,Kilogram,4,0.8,
31048147,2026-10-08,2026-10-09 17:25:14.261077,W.P. KUALA LUMPUR,KUALA LUMPUR,PASAR BORONG KUALA LUMPUR,Borong,20,Hasil Laut & Perikanan,02,010,IKAN HARUAN,F.A.Q,Kilogram,20,20.64,
31048148,2026-10-08,2026-10-09 17:25:14.261077,W.P. KUALA LUMPUR,KUALA LUMPUR,PASAR BORONG KUALA LUMPUR,Borong,20,Hasil Laut & Perikanan,02,011,IKAN JELAWAT,F.A.Q,Kilogram,11.7,11.51,
31048149,2026-10-08,2026-10-09 17:25:14.261077,W.P. KUALA LUMPUR,KUALA LUMPUR,PASAR BORONG KUALA LUMPUR,Borong,20,Hasil Laut & Perikanan,02,012,IKAN KELI BUNGA,F.A.Q,Kilogram,7,7.1,
31048150,2026-10-08,2026-10-09 17:25:14.261077,W.P. KUALA LUMPUR,KUALA LUMPUR,PASAR BORONG KUALA LUMPUR,Borong,20,Hasil Laut & Perikanan,02,005,IKAN PATIN (KOLAM),F.A.Q,Kilogram,4.5,5.99,
31048151,2026-10-08,2026-10-09 17:25:14.261077,W.P. KUALA LUMPUR,KUALA LUMPUR,PASAR BORONG KUALA LUMPUR,Borong,20,Hasil Laut & Perikanan,02,002,IKAN TILAPIA HITAM,F.A.Q,Kilogram,5,6.14,
31048152,2026-10-08,2026-10-09 17:25:14.261077,W.P. KUALA LUMPUR,KUALA LUMPUR,PASAR BORONG KUALA LUMPUR,Borong,20,Hasil Laut & Perikanan,02,002,IKAN TILAPIA MERAH,F.A.Q,Kilogram,12,12.55,
31048153,2026-10-08,2026-10-09 17:25:14.261077,W.P. KUALA LUMPUR,KUALA LUMPUR,PASAR BORONG KUALA LUMPUR,Borong,20,Lain-Lain Makanan Proses,25,002,TELUR ITIK MASIN,F.A.Q,Biji,0.96,0.96,
31048154,2026-10-08,2026-10-09 17:30:01.743982,W.P. KUALA LUMPUR,KUALA LUMPUR,PASAR BORONG KUALA LUMPUR,Borong,20,Ternakan,03,002,AYAM KAMPUNG (PROSES),F.A.Q,Kilogram,17,10,
31048155,2026-10-08,2026-10-09 17:30:01.743982,W.P. KUALA LUMPUR,KUALA LUMPUR,PASAR BORONG KUALA LUMPUR,Borong,20,Ternakan,03,002,AYAM TUA / PENELUR PROSES,F.A.Q,Kilogram,8,5,
31048156,2026-10-08,2026-10-09 17:30:01.743982,W.P. KUALA LUMPUR,KUALA LUMPUR,PASAR BORONG KUALA LUMPUR,Borong,20,Ternakan,11,002,TELUR ITIK,SEDANG,Biji,0.91,0.87,
31048157,2026-10-08,2026-10-09 17:30:01.743982,W.P. KUALA LUMPUR,KUALA LUMPUR,PASAR BORONG KUALA LUMPUR,Borong,20,Ternakan,11,003,TELUR PUYUH,F.A.Q,Biji,0.19,0.22,
31050538,2026-10-08,2026-10-10 16:06:40.324015,PULAU PINANG,SEBERANG PERAI TENGAH,PASAR AWAM SEBERANG JAYA,Runcit,26,Lain-Lain Makanan Proses,25,002,TELUR ITIK MASIN,F.A.Q,Biji,1.3,1.4,
31050539,2026-10-08,2026-10-10 16:10:18.745083,PULAU PINANG,SEBERANG PERAI TENGAH,PASAR AWAM SEBERANG JAYA,Runcit,26,Ternakan,03,002,AYAM KAMPUNG (PROSES),F.A.Q,Kilogram,22,17,
31050540,2026-10-08,2026-10-10 16:10:18.745083,PULAU PINANG,SEBERANG PERAI TENGAH,PASAR AWAM SEBERANG JAYA,Runcit,26,Ternakan,01,003,AYAM KAMPUNG HIDUP,F.A.Q,Kilogram,16,20,
31050541,2026-10-08,2026-10-10 16:10:18.745083,PULAU PINANG,SEBERANG PERAI TENGAH,PASAR AWAM SEBERANG JAYA,Runcit,26,Ternakan,01,003,AYAM TUA / PENELUR HIDUP,F.A.Q,Kilogram,7,11.59,
31050542,2026-10-08,2026-10-10 16:10:18.745083,PULAU PINANG,SEBERANG PERAI TENGAH,PASAR AWAM SEBERANG JAYA,Runcit,26,Ternakan,03,002,AYAM TUA / PENELUR PROSES,F.A.Q,Kilogram,10,9,
31050543,2026-10-08,2026-10-10 16:10:18.745083,PULAU PINANG,SEBERANG PERAI TENGAH,PASAR AWAM SEBERANG JAYA,Runcit,26,Ternakan,02,002,BURUNG PUYUH (PROSES),F.A.Q,Kilogram,18,26,
31050544,2026-10-08,2026-10-10 16:10:18.745083,PULAU PINANG,SEBERANG PERAI TENGAH,PASAR AWAM SEBERANG JAYA,Runcit,26,Ternakan,02,002,BURUNG PUYUH (PROSES),F.A.Q,Kilogram,15,26,
31050545,2026-10-08,2026-10-10 16:10:18.745083,PULAU PINANG,SEBERANG PERAI TENGAH,PASAR AWAM SEBERANG JAYA,Runcit,26,Ternakan,02,003,DAGING BATANG PINANG - TENDERLION,F.A.Q,Kilogram,41,58,
31050546,2026-10-08,2026-10-10 16:10:18.745083,PULAU PINANG,SEBERANG PERAI TENGAH,PASAR AWAM SEBERANG JAYA,Runcit,26,Ternakan,02,003,DAGING BATANG PINANG - TENDERLION,F.A.Q,Kilogram,39,58,
31050547,2026-10-08,2026-10-10 16:10:18.745083,PULAU PINANG,SEBERANG PERAI TENGAH,PASAR AWAM SEBERANG JAYA,Runcit,26,Ternakan,04,001,DAGING BIRI-BIRI (IMPORT),F.A.Q,Kilogram,46,34.44,
31050548,2026-10-08,2026-10-10 16:10:18.745083,PULAU PINANG,SEBERANG PERAI TENGAH,PASAR AWAM SEBERANG JAYA,Runcit,26,Ternakan,04,001,DAGING BIRI-BIRI (IMPORT),F.A.Q,Kilogram,40,34.44,
31050549,2026-10-08,2026-10-10 16:10:18.745083,PULAU PINANG,SEBERANG PERAI TENGAH,PASAR AWAM SEBERANG JAYA,Runcit,26,Ternakan,07,002,DAGING KAMBING,F.A.Q,Kilogram,65,54.45,
31050550,2026-10-08,2026-10-10 16:10:18.745083,PULAU PINANG,SEBERANG PERAI TENGAH,PASAR AWAM SEBERANG JAYA,Runcit,26,Ternakan,07,002,DAGING KAMBING,F.A.Q,Kilogram,50,54.45,
31050551,2026-10-08,2026-10-10 16:10:18.745083,PULAU PINANG,SEBERANG PERAI TENGAH,PASAR AWAM SEBERANG JAYA,Runcit,26,Ternakan,02,003,DAGING LEMBU CINCANG,F.A.Q,Kilogram,25,28.27,
31050552,2026-10-08,2026-10-10 16:10:18.745083,PULAU PINANG,SEBERANG PERAI TENGAH,PASAR AWAM SEBERANG JAYA,Runcit,26,Ternakan,02,003,DAGING LEMBU CINCANG,F.A.Q,Kilogram,20,28.27,
31050553,2026-10-08,2026-10-10 16:10:18.745083,PULAU PINANG,SEBERANG PERAI TENGAH,PASAR AWAM SEBERANG JAYA,Runcit,26,Ternakan,02,003,DAGING PEJAL (INDIA),F.A.Q,Kilogram,30,25,
31050554,2026-10-08,2026-10-10 16:10:18.745083,PULAU PINANG,SEBERANG PERAI TENGAH,PASAR AWAM SEBERANG JAYA,Runcit,26,Ternakan,02,003,DAGING PEJAL (INDIA),F.A.Q,Kilogram,22,25,
31050555,2026-10-08,2026-10-10 16:10:18.745083,PULAU PINANG,SEBERANG PERAI TENGAH,PASAR AWAM SEBERANG JAYA,Runcit,26,Ternakan,02,004,DAGING RUSA,F.A.Q,Kilogram,80,60,
31050556,2026-10-08,2026-10-10 16:10:18.745083,PULAU PINANG,SEBERANG PERAI TENGAH,PASAR AWAM SEBERANG JAYA,Runcit,26,Ternakan,05,003,HATI LEMBU,F.A.Q,Kilogram,40,20,
31050557,2026-10-08,2026-10-10 16:10:18.745083,PULAU PINANG,SEBERANG PERAI TENGAH,PASAR AWAM SEBERANG JAYA,Runcit,26,Ternakan,03,004,ITIK (PROSES),F.A.Q,Kilogram,19,20,
31050558,2026-10-08,2026-10-10 16:10:18.745083,PULAU PINANG,SEBERANG PERAI TENGAH,PASAR AWAM SEBERANG JAYA,Runcit,26,Ternakan,03,002,KERATAN AYAM - DADA,F.A.Q,Kilogram,17,16,
31050559,2026-10-08,2026-10-10 16:10:18.745083,PULAU PINANG,SEBERANG PERAI TENGAH,PASAR AWAM SEBERANG JAYA,Runcit,26,Ternakan,03,002,KERATAN AYAM - KEPAK,F.A.Q,Kilogram,17,16,
31050560,2026-10-08,2026-10-10 16:10:18.745083,PULAU PINANG,SEBERANG PERAI TENGAH,PASAR AWAM SEBERANG JAYA,Runcit,26,Ternakan,03,002,KERATAN AYAM - PAHA,F.A.Q,Kilogram,18,16,
31050561,2026-10-08,2026-10-10 16:10:18.745083,PULAU PINANG,SEBERANG PERAI TENGAH,PASAR AWAM SEBERANG JAYA,Runcit,26,Ternakan,03,002,KERATAN AYAM - PAHA ATAS / THIGH,F.A.Q,Kilogram,17,16,
31050562,2026-10-08,2026-10-10 16:10:18.745083,PULAU PINANG,SEBERANG PERAI TENGAH,PASAR AWAM SEBERANG JAYA,Runcit,26,Ternakan,03,002,KERATAN AYAM - PAHA PENUH / WHOLE LEG,F.A.Q,Kilogram,18,18,
31050563,2026-10-08,2026-10-10 16:10:18.745083,PULAU PINANG,SEBERANG PERAI TENGAH,PASAR AWAM SEBERANG JAYA,Runcit,26,Ternakan,17,001,LIMPA LEMBU,F.A.Q,Kilogram,40,20,
31050564,2026-10-08,2026-10-10 16:10:18.745083,PULAU PINANG,SEBERANG PERAI TENGAH,PASAR AWAM SEBERANG JAYA,Runcit,26,Ternakan,15,002,PARU LEMBU,F.A.Q,Kilogram,39,20,
31050565,2026-10-08,2026-10-10 16:10:18.745083,PULAU PINANG,SEBERANG PERAI TENGAH,PASAR AWAM SEBERANG JAYA,Runcit,26,Ternakan,16,001,PERUT BULAT / MUDA / USUS LEMBU,F.A.Q,Kilogram,25,25,
31050566,2026-10-08,2026-10-10 16:10:18.745083,PULAU PINANG,SEBERANG PERAI TENGAH,PASAR AWAM SEBERANG JAYA,Runcit,26,Ternakan,11,002,TELUR ITIK,SEDANG,Biji,1.2,1.06,
31050567,2026-10-08,2026-10-10 16:10:18.745083,PULAU PINANG,SEBERANG PERAI TENGAH,PASAR AWAM SEBERANG JAYA,Runcit,26,Ternakan,11,003,TELUR PUYUH,F.A.Q,Biji,0.35,0.54,
