priceid,tarikh_harga,systemdate,negeri,daerah,lokasi,peringkat,sublevel,kategori,kumpulan,jenis,varieti,gred,unit,harga,average14,supply
30778137,2026-07-27,2026-07-27 05:56:37.319442,PULAU PINANG,SEBERANG PERAI TENGAH,PASAR BORONG BUKIT MERTAJAM,Borong,20,Ternakan,02,003,DAGING LEMBU PEJAL,F.A.Q,Kilogram,30,30.46,
30778138,2026-07-27,2026-07-27 05:56:37.319442,PULAU PINANG,SEBERANG PERAI TENGAH,PASAR BORONG BUKIT MERTAJAM,Borong,20,Ternakan,02,003,DAGING LEMBU PEJAL,F.A.Q,Kilogram,27,30.46,
30778139,2026-07-27,2026-07-27 05:59:37.766828,PULAU PINANG,SEBERANG PERAI TENGAH,PASAR BORONG BUKIT MERTAJAM,Borong,20,Sayur-Sayuran,03,001,BAYAM,F.A.Q,Kilogram,1.8,3.1333334,
30778140,2026-07-27,2026-07-27 05:59:37.766828,PULAU PINANG,SEBERANG PERAI TENGAH,PASAR BORONG BUKIT MERTAJAM,Borong,20,Sayur-Sayuran,02,002,CILI MERAH KULAI / KULAI HIBRID,F.A.Q,Kilogram,16.5,13.432143,
30778141,2026-07-27,2026-07-27 05:59:37.766828,PULAU PINANG,SEBERANG PERAI TENGAH,PASAR BORONG BUKIT MERTAJAM,Borong,20,Sayur-Sayuran,02,002,CILI MERAH KULAI / KULAI HIBRID,F.A.Q,Kilogram,10.5,13.432143,
30778142,2026-07-27,2026-07-27 05:59:37.766828,PULAU PINANG,SEBERANG PERAI TENGAH,PASAR BORONG BUKIT MERTAJAM,Borong,20,Sayur-Sayuran,02,002,CILI MERAH MINYAK,F.A.Q,Kilogram,13,12.571428,
30778143,2026-07-27,2026-07-27 05:59:37.766828,PULAU PINANG,SEBERANG PERAI TENGAH,PASAR BORONG BUKIT MERTAJAM,Borong,20,Sayur-Sayuran,02,002,CILI MERAH MINYAK,F.A.Q,Kilogram,8,12.571428,
30778144,2026-07-27,2026-07-27 05:59:37.766828,PULAU PINANG,SEBERANG PERAI TENGAH,PASAR BORONG BUKIT MERTAJAM,Borong,20,Sayur-Sayuran,04,002,KACANG BENDI,F.A.Q,Kilogram,4.5,6.56,
30778145,2026-07-27,2026-07-27 05:59:37.766828,PULAU PINANG,SEBERANG PERAI TENGAH,PASAR BORONG BUKIT MERTAJAM,Borong,20,Sayur-Sayuran,04,007,KACANG PANJANG HIJAU,F.A.Q,Kilogram,3.5,5.821429,
30778146,2026-07-27,2026-07-27 05:59:37.766828,PULAU PINANG,SEBERANG PERAI TENGAH,PASAR BORONG BUKIT MERTAJAM,Borong,20,Sayur-Sayuran,03,006,KUBIS BULAT (TANAH TINGGI),F.A.Q,Kilogram,2,3.2571428,
30778147,2026-07-27,2026-07-27 05:59:37.766828,PULAU PINANG,SEBERANG PERAI TENGAH,PASAR BORONG BUKIT MERTAJAM,Borong,20,Sayur-Sayuran,03,007,SAWI HIJAU (TANAH RENDAH),F.A.Q,Kilogram,2,2.8166666,
30778148,2026-07-27,2026-07-27 05:59:37.766828,PULAU PINANG,SEBERANG PERAI TENGAH,PASAR BORONG BUKIT MERTAJAM,Borong,20,Sayur-Sayuran,03,007,SAWI HIJAU TANAH TINGGI,F.A.Q,Kilogram,4.5,3.1714287,
30778149,2026-07-27,2026-07-27 05:59:37.766828,PULAU PINANG,SEBERANG PERAI TENGAH,PASAR BORONG BUKIT MERTAJAM,Borong,20,Sayur-Sayuran,02,010,TERUNG PANJANG / PEPARU (TANAH RENDAH),F.A.Q,Kilogram,6,4.673077,
30778150,2026-07-27,2026-07-27 05:59:37.766828,PULAU PINANG,SEBERANG PERAI TENGAH,PASAR BORONG BUKIT MERTAJAM,Borong,20,Sayur-Sayuran,02,010,TERUNG PANJANG / PEPARU (TANAH RENDAH),F.A.Q,Kilogram,4,4.673077,
30778151,2026-07-27,2026-07-27 05:59:37.766828,PULAU PINANG,SEBERANG PERAI TENGAH,PASAR BORONG BUKIT MERTAJAM,Borong,20,Sayur-Sayuran,02,011,TIMUN HIJAU,F.A.Q,Kilogram,2.4,2.1607144,
30778152,2026-07-27,2026-07-27 05:59:37.766828,PULAU PINANG,SEBERANG PERAI TENGAH,PASAR BORONG BUKIT MERTAJAM,Borong,20,Sayur-Sayuran,02,011,TIMUN HIJAU,F.A.Q,Kilogram,1,2.1607144,
30778153,2026-07-27,2026-07-27 05:59:37.766828,PULAU PINANG,SEBERANG PERAI TENGAH,PASAR BORONG BUKIT MERTAJAM,Borong,20,Sayur-Sayuran,02,012,TOMATO (TANAH TINGGI),F.A.Q,Kilogram,9,6.4035716,
30778154,2026-07-27,2026-07-27 05:59:37.766828,PULAU PINANG,SEBERANG PERAI TENGAH,PASAR BORONG BUKIT MERTAJAM,Borong,20,Sayur-Sayuran,02,012,TOMATO (TANAH TINGGI),F.A.Q,Kilogram,7,6.4035716,
30778155,2026-07-27,2026-07-27 05:59:54.641569,PULAU PINANG,SEBERANG PERAI TENGAH,PASAR BORONG BUKIT MERTAJAM,Borong,20,Ternakan,03,002,AYAM PROSES STANDARD,F.A.Q,Kilogram,9.6,9.557143,
30778156,2026-07-27,2026-07-27 05:59:54.641569,PULAU PINANG,SEBERANG PERAI TENGAH,PASAR BORONG BUKIT MERTAJAM,Borong,20,Ternakan,11,001,TELUR AYAM,B,Biji,0.43,0.4225,
30778157,2026-07-27,2026-07-27 06:00:44.531559,PULAU PINANG,SEBERANG PERAI TENGAH,PASAR BORONG BUKIT MERTAJAM,Borong,20,Buah-Buahan,02,023,NANAS JOSAPINE (AC5),F.A.Q,Kilogram,3,2.5,
30778158,2026-07-27,2026-07-27 06:00:44.531559,PULAU PINANG,SEBERANG PERAI TENGAH,PASAR BORONG BUKIT MERTAJAM,Borong,20,Buah-Buahan,02,023,NANAS JOSAPINE (AC5),F.A.Q,Kilogram,2,2.5,
30778159,2026-07-27,2026-07-27 06:00:44.531559,PULAU PINANG,SEBERANG PERAI TENGAH,PASAR BORONG BUKIT MERTAJAM,Borong,20,Buah-Buahan,02,028,PISANG BERANGAN,F.A.Q,Kilogram,5,4.94375,
30778160,2026-07-27,2026-07-27 06:00:44.531559,PULAU PINANG,SEBERANG PERAI TENGAH,PASAR BORONG BUKIT MERTAJAM,Borong,20,Buah-Buahan,02,028,PISANG BERANGAN,F.A.Q,Kilogram,4.5,4.94375,
30778161,2026-07-27,2026-07-27 06:00:44.531559,PULAU PINANG,SEBERANG PERAI TENGAH,PASAR BORONG BUKIT MERTAJAM,Borong,20,Buah-Buahan,02,034,TEMBIKAI MERAH TANPA BIJI,F.A.Q,Kilogram,2.2,2,
30778162,2026-07-27,2026-07-27 06:00:44.531559,PULAU PINANG,SEBERANG PERAI TENGAH,PASAR BORONG BUKIT MERTAJAM,Borong,20,Buah-Buahan,02,034,TEMBIKAI MERAH TANPA BIJI,F.A.Q,Kilogram,1.3,2,
30778163,2026-07-27,2026-07-27 06:02:57.014888,PULAU PINANG,SEBERANG PERAI TENGAH,PASAR BORONG BUKIT MERTAJAM,Borong,20,Sayur-Sayuran,03,001,BAYAM,F.A.Q,Kilogram,2.3,3.1333334,
30778164,2026-07-27,2026-07-27 06:02:57.014888,PULAU PINANG,SEBERANG PERAI TENGAH,PASAR BORONG BUKIT MERTAJAM,Borong,20,Sayur-Sayuran,02,002,CILI MERAH KULAI / KULAI HIBRID,F.A.Q,Kilogram,17.5,13.432143,
30778165,2026-07-27,2026-07-27 06:02:57.014888,PULAU PINANG,SEBERANG PERAI TENGAH,PASAR BORONG BUKIT MERTAJAM,Borong,20,Sayur-Sayuran,02,002,CILI MERAH KULAI / KULAI HIBRID,F.A.Q,Kilogram,11.5,13.432143,
30778166,2026-07-27,2026-07-27 06:02:57.014888,PULAU PINANG,SEBERANG PERAI TENGAH,PASAR BORONG BUKIT MERTAJAM,Borong,20,Sayur-Sayuran,02,002,CILI MERAH MINYAK,F.A.Q,Kilogram,13.5,12.571428,
30778167,2026-07-27,2026-07-27 06:02:57.014888,PULAU PINANG,SEBERANG PERAI TENGAH,PASAR BORONG BUKIT MERTAJAM,Borong,20,Sayur-Sayuran,02,002,CILI MERAH MINYAK,F.A.Q,Kilogram,9,12.571428,
30778168,2026-07-27,2026-07-27 06:02:57.014888,PULAU PINANG,SEBERANG PERAI TENGAH,PASAR BORONG BUKIT MERTAJAM,Borong,20,Sayur-Sayuran,04,002,KACANG BENDI,F.A.Q,Kilogram,5,6.56,
30778169,2026-07-27,2026-07-27 06:02:57.014888,PULAU PINANG,SEBERANG PERAI TENGAH,PASAR BORONG BUKIT MERTAJAM,Borong,20,Sayur-Sayuran,04,007,KACANG PANJANG HIJAU,F.A.Q,Kilogram,4,5.821429,
30778170,2026-07-27,2026-07-27 06:02:57.014888,PULAU PINANG,SEBERANG PERAI TENGAH,PASAR BORONG BUKIT MERTAJAM,Borong,20,Sayur-Sayuran,03,006,KUBIS BULAT (TANAH TINGGI),F.A.Q,Kilogram,3,3.2571428,
30778171,2026-07-27,2026-07-27 06:02:57.014888,PULAU PINANG,SEBERANG PERAI TENGAH,PASAR BORONG BUKIT MERTAJAM,Borong,20,Sayur-Sayuran,03,007,SAWI HIJAU (TANAH RENDAH),F.A.Q,Kilogram,2.5,2.8166666,
30778172,2026-07-27,2026-07-27 06:02:57.014888,PULAU PINANG,SEBERANG PERAI TENGAH,PASAR BORONG BUKIT MERTAJAM,Borong,20,Sayur-Sayuran,03,007,SAWI HIJAU TANAH TINGGI,F.A.Q,Kilogram,4.5,3.1714287,
30778173,2026-07-27,2026-07-27 06:02:57.014888,PULAU PINANG,SEBERANG PERAI TENGAH,PASAR BORONG BUKIT MERTAJAM,Borong,20,Sayur-Sayuran,02,010,TERUNG PANJANG / PEPARU (TANAH RENDAH),F.A.Q,Kilogram,6.5,4.673077,
30778174,2026-07-27,2026-07-27 06:02:57.014888,PULAU PINANG,SEBERANG PERAI TENGAH,PASAR BORONG BUKIT MERTAJAM,Borong,20,Sayur-Sayuran,02,010,TERUNG PANJANG / PEPARU (TANAH RENDAH),F.A.Q,Kilogram,4.5,4.673077,
30778175,2026-07-27,2026-07-27 06:02:57.014888,PULAU PINANG,SEBERANG PERAI TENGAH,PASAR BORONG BUKIT MERTAJAM,Borong,20,Sayur-Sayuran,02,011,TIMUN HIJAU,F.A.Q,Kilogram,2.9,2.1607144,
30778176,2026-07-27,2026-07-27 06:02:57.014888,PULAU PINANG,SEBERANG PERAI TENGAH,PASAR BORONG BUKIT MERTAJAM,Borong,20,Sayur-Sayuran,02,011,TIMUN HIJAU,F.A.Q,Kilogram,1.4,2.1607144,
30778177,2026-07-27,2026-07-27 06:02:57.014888,PULAU PINANG,SEBERANG PERAI TENGAH,PASAR BORONG BUKIT MERTAJAM,Borong,20,Sayur-Sayuran,02,012,TOMATO (TANAH TINGGI),F.A.Q,Kilogram,9.2,6.4035716,
30778178,2026-07-27,2026-07-27 06:02:57.014888,PULAU PINANG,SEBERANG PERAI TENGAH,PASAR BORONG BUKIT MERTAJAM,Borong,20,Sayur-Sayuran,02,012,TOMATO (TANAH TINGGI),F.A.Q,Kilogram,7.2,6.4035716,
30778179,2026-07-27,2026-07-27 06:03:17.429741,PULAU PINANG,SEBERANG PERAI TENGAH,PASAR BORONG BUKIT MERTAJAM,Borong,20,Tanaman Kontan,05,001,KELAPA DIKUPAS,SEDANG,Biji,1.8,1.79,
30778180,2026-07-27,2026-07-27 06:03:40.477954,PULAU PINANG,SEBERANG PERAI TENGAH,PASAR BORONG BUKIT MERTAJAM,Borong,20,Sayur-Sayuran,05,001,BAWANG BESAR MERAH (INDIA),F.A.Q,Kilogram,1.78,1.78,
30778181,2026-07-27,2026-07-27 06:03:40.477954,PULAU PINANG,SEBERANG PERAI TENGAH,PASAR BORONG BUKIT MERTAJAM,Borong,20,Sayur-Sayuran,05,001,BAWANG PUTIH (CHINA),F.A.Q,Kilogram,6.5,5.75,
30778182,2026-07-27,2026-07-27 06:03:40.477954,PULAU PINANG,SEBERANG PERAI TENGAH,PASAR BORONG BUKIT MERTAJAM,Borong,20,Sayur-Sayuran,05,001,BAWANG PUTIH (CHINA),F.A.Q,Kilogram,5,5.75,
30778183,2026-07-27,2026-07-27 06:03:53.968,PULAU PINANG,SEBERANG PERAI TENGAH,PASAR AWAM SEBERANG JAYA,Runcit,26,Lain-Lain Makanan Proses,15,001,SANTAN PEKAT,F.A.Q,Kilogram,15,11.7,
30778184,2026-07-27,2026-07-27 06:04:00.407005,PULAU PINANG,SEBERANG PERAI TENGAH,PASAR AWAM SEBERANG JAYA,Runcit,26,Tanaman Kontan,05,001,KELAPA DIKUPAS,SEDANG,Biji,2.5,2.5,
30778185,2026-07-27,2026-07-27 07:22:56.840443,SARAWAK,SIBU,LADANG/KEBUN SUNGAI BIDUT,Ladang,,Buah-Buahan,02,028,PISANG BERANGAN,F.A.Q,Kilogram,3,3.2727273,
30778186,2026-07-27,2026-07-27 07:22:56.840443,SARAWAK,SIBU,LADANG/KEBUN SUNGAI BIDUT,Ladang,,Buah-Buahan,02,034,TEMBIKAI MERAH TANPA BIJI,F.A.Q,Kilogram,2.9,2.9,
30778187,2026-07-27,2026-07-27 07:24:18.248027,SARAWAK,SIBU,LADANG/KEBUN EMPAWAH,Ladang,,Sayur-Sayuran,03,001,BAYAM,F.A.Q,Kilogram,2.1,2.1,
30778188,2026-07-27,2026-07-27 07:24:18.248027,SARAWAK,SIBU,LADANG/KEBUN EMPAWAH,Ladang,,Sayur-Sayuran,02,002,CILI MERAH MINYAK,F.A.Q,Kilogram,4.5,4.7181816,
30778189,2026-07-27,2026-07-27 07:24:18.248027,SARAWAK,SIBU,LADANG/KEBUN EMPAWAH,Ladang,,Sayur-Sayuran,04,002,KACANG BENDI,F.A.Q,Kilogram,3.9,3.8181818,
30778190,2026-07-27,2026-07-27 07:24:18.248027,SARAWAK,SIBU,LADANG/KEBUN EMPAWAH,Ladang,,Sayur-Sayuran,04,007,KACANG PANJANG HIJAU,F.A.Q,Kilogram,3,2.9454546,
30778191,2026-07-27,2026-07-27 07:24:18.248027,SARAWAK,SIBU,LADANG/KEBUN EMPAWAH,Ladang,,Sayur-Sayuran,03,007,SAWI HIJAU (TANAH RENDAH),F.A.Q,Kilogram,4.9,4.681818,
30778192,2026-07-27,2026-07-27 07:24:18.248027,SARAWAK,SIBU,LADANG/KEBUN EMPAWAH,Ladang,,Sayur-Sayuran,02,010,TERUNG PANJANG / PEPARU (TANAH RENDAH),F.A.Q,Kilogram,4.5,4,
30778193,2026-07-27,2026-07-27 07:24:18.248027,SARAWAK,SIBU,LADANG/KEBUN EMPAWAH,Ladang,,Sayur-Sayuran,02,011,TIMUN HIJAU,F.A.Q,Kilogram,2.1,2.0454545,
30778194,2026-07-27,2026-07-27 07:24:32.322253,SARAWAK,SIBU,LADANG/KEBUN SUNGAI BIDUT,Ladang,,Tanaman Kontan,05,001,KELAPA DIKUPAS,SEDANG,Biji,1,1,
30778195,2026-07-27,2026-07-27 07:25:00.803897,SARAWAK,SIBU,LADANG/KEBUN EMPAWAH,Ladang,,Ternakan,11,001,TELUR AYAM,B,Biji,0.48,0.48,
30778196,2026-07-27,2026-07-27 07:25:37.803478,SARAWAK,SIBU,PASAR CENTRAL SIBU,Borong,20,Buah-Buahan,02,028,PISANG BERANGAN,F.A.Q,Kilogram,5,5.2727275,
30778197,2026-07-27,2026-07-27 07:25:37.803478,SARAWAK,SIBU,PASAR CENTRAL SIBU,Borong,20,Buah-Buahan,02,034,TEMBIKAI MERAH TANPA BIJI,F.A.Q,Kilogram,3.9,3.9,
30778198,2026-07-27,2026-07-27 07:25:51.731192,SARAWAK,SIBU,PASAR CENTRAL SIBU,Borong,20,Tanaman Kontan,05,001,KELAPA DIKUPAS,SEDANG,Biji,2,2,
30778199,2026-07-27,2026-07-27 07:28:23.269818,SARAWAK,SIBU,PASAR CENTRAL SIBU,Borong,20,Sayur-Sayuran,05,001,BAWANG BESAR MERAH (INDIA),F.A.Q,Kilogram,4,4,
30778200,2026-07-27,2026-07-27 07:28:23.269818,SARAWAK,SIBU,PASAR CENTRAL SIBU,Borong,20,Sayur-Sayuran,05,001,BAWANG PUTIH (CHINA),F.A.Q,Kilogram,7,7,
30778201,2026-07-27,2026-07-27 07:28:23.269818,SARAWAK,SIBU,PASAR CENTRAL SIBU,Borong,20,Sayur-Sayuran,03,001,BAYAM,F.A.Q,Kilogram,2.9,2.9,
30778202,2026-07-27,2026-07-27 07:28:23.269818,SARAWAK,SIBU,PASAR CENTRAL SIBU,Borong,20,Sayur-Sayuran,02,002,CILI MERAH MINYAK,F.A.Q,Kilogram,6.5,6.7727275,
30778203,2026-07-27,2026-07-27 07:28:23.269818,SARAWAK,SIBU,PASAR CENTRAL SIBU,Borong,20,Sayur-Sayuran,04,002,KACANG BENDI,F.A.Q,Kilogram,4.5,4.4727273,
30778204,2026-07-27,2026-07-27 07:28:23.269818,SARAWAK,SIBU,PASAR CENTRAL SIBU,Borong,20,Sayur-Sayuran,04,007,KACANG PANJANG HIJAU,F.A.Q,Kilogram,4,3.7272727,
30778205,2026-07-27,2026-07-27 07:28:23.269818,SARAWAK,SIBU,PASAR CENTRAL SIBU,Borong,20,Sayur-Sayuran,03,007,SAWI HIJAU (TANAH RENDAH),F.A.Q,Kilogram,6.9,6.681818,
30778206,2026-07-27,2026-07-27 07:28:23.269818,SARAWAK,SIBU,PASAR CENTRAL SIBU,Borong,20,Sayur-Sayuran,02,010,TERUNG PANJANG / PEPARU (IMPORT),F.A.Q,Kilogram,6,6,
30778207,2026-07-27,2026-07-27 07:28:23.269818,SARAWAK,SIBU,PASAR CENTRAL SIBU,Borong,20,Sayur-Sayuran,02,010,TERUNG PANJANG / PEPARU (TANAH RENDAH),F.A.Q,Kilogram,6.5,5.9545455,
30778208,2026-07-27,2026-07-27 07:28:23.269818,SARAWAK,SIBU,PASAR CENTRAL SIBU,Borong,20,Sayur-Sayuran,02,011,TIMUN HIJAU,F.A.Q,Kilogram,3.5,3.2272727,
30778209,2026-07-27,2026-07-27 07:28:23.269818,SARAWAK,SIBU,PASAR CENTRAL SIBU,Borong,20,Sayur-Sayuran,02,012,TOMATO (TANAH TINGGI),F.A.Q,Kilogram,7,7,
30778210,2026-07-27,2026-07-27 07:28:55.176387,SARAWAK,SIBU,PASAR CENTRAL SIBU,Borong,20,Ternakan,03,002,AYAM PROSES STANDARD,F.A.Q,Kilogram,9.5,9.5,
30778211,2026-07-27,2026-07-27 07:28:55.176387,SARAWAK,SIBU,PASAR CENTRAL SIBU,Borong,20,Ternakan,02,003,DAGING LEMBU PEJAL,F.A.Q,Kilogram,45,45,
30778212,2026-07-27,2026-07-27 07:28:55.176387,SARAWAK,SIBU,PASAR CENTRAL SIBU,Borong,20,Ternakan,11,001,TELUR AYAM,B,Biji,0.5,0.5,
30778213,2026-07-27,2026-07-27 07:29:21.495284,SARAWAK,SIBU,PASAR CENTRAL SIBU,Runcit,,Buah-Buahan,02,028,PISANG BERANGAN,F.A.Q,Kilogram,6,6.2727275,
30778214,2026-07-27,2026-07-27 07:29:21.495284,SARAWAK,SIBU,PASAR CENTRAL SIBU,Runcit,,Buah-Buahan,02,034,TEMBIKAI MERAH TANPA BIJI,F.A.Q,Kilogram,4.9,4.9,
30778215,2026-07-27,2026-07-27 07:29:35.719354,SARAWAK,SIBU,PASAR CENTRAL SIBU,Runcit,,Lain-Lain Makanan Proses,15,001,SANTAN PEKAT,F.A.Q,Kilogram,12.5,12.5,
30778216,2026-07-27,2026-07-27 07:29:47.607878,SARAWAK,SIBU,PASAR CENTRAL SIBU,Runcit,,Tanaman Kontan,05,001,KELAPA DIKUPAS,SEDANG,Biji,3,3,
30778217,2026-07-27,2026-07-27 07:33:01.291824,SARAWAK,SIBU,PASAR CENTRAL SIBU,Runcit,,Sayur-Sayuran,05,001,BAWANG BESAR MERAH (INDIA),F.A.Q,Kilogram,5,5,
30778218,2026-07-27,2026-07-27 07:33:01.291824,SARAWAK,SIBU,PASAR CENTRAL SIBU,Runcit,,Sayur-Sayuran,05,001,BAWANG PUTIH (CHINA),F.A.Q,Kilogram,8,8,
30778219,2026-07-27,2026-07-27 07:33:01.291824,SARAWAK,SIBU,PASAR CENTRAL SIBU,Runcit,,Sayur-Sayuran,03,001,BAYAM,F.A.Q,Kilogram,6.9,6.681818,
30778220,2026-07-27,2026-07-27 07:33:01.291824,SARAWAK,SIBU,PASAR CENTRAL SIBU,Runcit,,Sayur-Sayuran,02,002,CILI MERAH MINYAK,F.A.Q,Kilogram,19,19.545454,
30778221,2026-07-27,2026-07-27 07:33:01.291824,SARAWAK,SIBU,PASAR CENTRAL SIBU,Runcit,,Sayur-Sayuran,04,002,KACANG BENDI,F.A.Q,Kilogram,7.5,7.6363635,
30778222,2026-07-27,2026-07-27 07:33:01.291824,SARAWAK,SIBU,PASAR CENTRAL SIBU,Runcit,,Sayur-Sayuran,04,007,KACANG PANJANG HIJAU,F.A.Q,Kilogram,7,6.7272725,
30778223,2026-07-27,2026-07-27 07:33:01.291824,SARAWAK,SIBU,PASAR CENTRAL SIBU,Runcit,,Sayur-Sayuran,03,007,SAWI HIJAU (TANAH RENDAH),F.A.Q,Kilogram,9.9,9.681818,
30778224,2026-07-27,2026-07-27 07:33:01.291824,SARAWAK,SIBU,PASAR CENTRAL SIBU,Runcit,,Sayur-Sayuran,02,010,TERUNG PANJANG / PEPARU (TANAH RENDAH),F.A.Q,Kilogram,8.5,7.9545455,
30778225,2026-07-27,2026-07-27 07:33:01.291824,SARAWAK,SIBU,PASAR CENTRAL SIBU,Runcit,,Sayur-Sayuran,02,011,TIMUN HIJAU,F.A.Q,Kilogram,4.5,4.2272725,
30778226,2026-07-27,2026-07-27 07:33:01.291824,SARAWAK,SIBU,PASAR CENTRAL SIBU,Runcit,,Sayur-Sayuran,02,012,TOMATO (TANAH TINGGI),F.A.Q,Kilogram,8,8,
30778227,2026-07-27,2026-07-27 07:33:43.605225,SARAWAK,SIBU,PASAR CENTRAL SIBU,Runcit,26,Ternakan,03,002,AYAM PROSES STANDARD,F.A.Q,Kilogram,10.5,10.5,
30778228,2026-07-27,2026-07-27 07:33:43.605225,SARAWAK,SIBU,PASAR CENTRAL SIBU,Runcit,26,Ternakan,02,003,DAGING LEMBU PEJAL,F.A.Q,Kilogram,48,48,
30778229,2026-07-27,2026-07-27 07:33:43.605225,SARAWAK,SIBU,PASAR CENTRAL SIBU,Runcit,26,Ternakan,11,001,TELUR AYAM,B,Biji,0.52,0.52,
30778230,2026-07-27,2026-07-27 08:01:37.97946,SABAH,PENAMPANG,PASAR BORONG PENAMPANG,Borong,20,Sayur-Sayuran,05,001,BAWANG BESAR MERAH (INDIA),F.A.Q,Kilogram,4.5,5.07,
30778231,2026-07-27,2026-07-27 08:01:37.97946,SABAH,PENAMPANG,PASAR BORONG PENAMPANG,Borong,20,Sayur-Sayuran,05,001,BAWANG PUTIH (CHINA),F.A.Q,Kilogram,7.5,8.29,
30778232,2026-07-27,2026-07-27 08:01:37.97946,SABAH,PENAMPANG,PASAR BORONG PENAMPANG,Borong,20,Sayur-Sayuran,03,001,BAYAM,F.A.Q,Kilogram,3.5,4.08,
30778233,2026-07-27,2026-07-27 08:01:37.97946,SABAH,PENAMPANG,PASAR BORONG PENAMPANG,Borong,20,Sayur-Sayuran,02,002,CILI MERAH KULAI / KULAI HIBRID,F.A.Q,Kilogram,13.5,15.29,
30778234,2026-07-27,2026-07-27 08:01:37.97946,SABAH,PENAMPANG,PASAR BORONG PENAMPANG,Borong,20,Sayur-Sayuran,02,002,CILI MERAH MINYAK,F.A.Q,Kilogram,12,13.6,
30778235,2026-07-27,2026-07-27 08:01:37.97946,SABAH,PENAMPANG,PASAR BORONG PENAMPANG,Borong,20,Sayur-Sayuran,04,002,KACANG BENDI,F.A.Q,Kilogram,4.5,6.56,
30778236,2026-07-27,2026-07-27 08:01:37.97946,SABAH,PENAMPANG,PASAR BORONG PENAMPANG,Borong,20,Sayur-Sayuran,04,007,KACANG PANJANG HIJAU,F.A.Q,Kilogram,4,3.69,
30778237,2026-07-27,2026-07-27 08:01:37.97946,SABAH,PENAMPANG,PASAR BORONG PENAMPANG,Borong,20,Sayur-Sayuran,03,006,KUBIS BULAT (TANAH TINGGI),F.A.Q,Kilogram,3.5,3.08,
30778238,2026-07-27,2026-07-27 08:01:37.97946,SABAH,PENAMPANG,PASAR BORONG PENAMPANG,Borong,20,Sayur-Sayuran,03,007,SAWI HIJAU (TANAH RENDAH),F.A.Q,Kilogram,4,4.21,
30778239,2026-07-27,2026-07-27 08:01:37.97946,SABAH,PENAMPANG,PASAR BORONG PENAMPANG,Borong,20,Sayur-Sayuran,02,010,TERUNG PANJANG / PEPARU (TANAH RENDAH),F.A.Q,Kilogram,3.5,7.33,
30778240,2026-07-27,2026-07-27 08:01:37.97946,SABAH,PENAMPANG,PASAR BORONG PENAMPANG,Borong,20,Sayur-Sayuran,02,011,TIMUN HIJAU,F.A.Q,Kilogram,2.5,2.74,
30778241,2026-07-27,2026-07-27 08:01:37.97946,SABAH,PENAMPANG,PASAR BORONG PENAMPANG,Borong,20,Sayur-Sayuran,02,012,TOMATO (TANAH TINGGI),F.A.Q,Kilogram,7,6.94,
30778242,2026-07-27,2026-07-27 08:06:59.436251,SABAH,KOTA KINABALU,PASAR AWAM KOTA KINABALU - BAHAGIAN RUNCIT,Runcit,26,Sayur-Sayuran,05,001,BAWANG BESAR MERAH (INDIA),F.A.Q,Kilogram,5.5,6.82,
30778243,2026-07-27,2026-07-27 08:06:59.436251,SABAH,KOTA KINABALU,PASAR AWAM KOTA KINABALU - BAHAGIAN RUNCIT,Runcit,26,Sayur-Sayuran,05,001,BAWANG PUTIH (CHINA),F.A.Q,Kilogram,9,8.52,
30778244,2026-07-27,2026-07-27 08:06:59.436251,SABAH,KOTA KINABALU,PASAR AWAM KOTA KINABALU - BAHAGIAN RUNCIT,Runcit,26,Sayur-Sayuran,03,001,BAYAM,F.A.Q,Kilogram,4.5,6.02,
30778245,2026-07-27,2026-07-27 08:06:59.436251,SABAH,KOTA KINABALU,PASAR AWAM KOTA KINABALU - BAHAGIAN RUNCIT,Runcit,26,Sayur-Sayuran,02,002,CILI MERAH KULAI / KULAI HIBRID,F.A.Q,Kilogram,16,20.26,
30778246,2026-07-27,2026-07-27 08:06:59.436251,SABAH,KOTA KINABALU,PASAR AWAM KOTA KINABALU - BAHAGIAN RUNCIT,Runcit,26,Sayur-Sayuran,02,002,CILI MERAH MINYAK,F.A.Q,Kilogram,14.5,19.23,
30778247,2026-07-27,2026-07-27 08:06:59.436251,SABAH,KOTA KINABALU,PASAR AWAM KOTA KINABALU - BAHAGIAN RUNCIT,Runcit,26,Sayur-Sayuran,04,002,KACANG BENDI,F.A.Q,Kilogram,5.5,9.12,
30778248,2026-07-27,2026-07-27 08:06:59.436251,SABAH,KOTA KINABALU,PASAR AWAM KOTA KINABALU - BAHAGIAN RUNCIT,Runcit,26,Sayur-Sayuran,04,007,KACANG PANJANG HIJAU,F.A.Q,Kilogram,5,8.57,
30778249,2026-07-27,2026-07-27 08:06:59.436251,SABAH,KOTA KINABALU,PASAR AWAM KOTA KINABALU - BAHAGIAN RUNCIT,Runcit,26,Sayur-Sayuran,03,006,KUBIS BULAT (TANAH TINGGI),F.A.Q,Kilogram,5,5.33,
30778250,2026-07-27,2026-07-27 08:06:59.436251,SABAH,KOTA KINABALU,PASAR AWAM KOTA KINABALU - BAHAGIAN RUNCIT,Runcit,26,Sayur-Sayuran,03,007,SAWI HIJAU (TANAH RENDAH),F.A.Q,Kilogram,6,5.99,
30778251,2026-07-27,2026-07-27 08:06:59.436251,SABAH,KOTA KINABALU,PASAR AWAM KOTA KINABALU - BAHAGIAN RUNCIT,Runcit,26,Sayur-Sayuran,02,010,TERUNG PANJANG / PEPARU (TANAH RENDAH),F.A.Q,Kilogram,5.5,6.95,
30778252,2026-07-27,2026-07-27 08:06:59.436251,SABAH,KOTA KINABALU,PASAR AWAM KOTA KINABALU - BAHAGIAN RUNCIT,Runcit,26,Sayur-Sayuran,02,011,TIMUN HIJAU,F.A.Q,Kilogram,3.5,4.27,
30778253,2026-07-27,2026-07-27 08:06:59.436251,SABAH,KOTA KINABALU,PASAR AWAM KOTA KINABALU - BAHAGIAN RUNCIT,Runcit,26,Sayur-Sayuran,02,012,TOMATO (TANAH TINGGI),F.A.Q,Kilogram,8.5,8.63,
30778254,2026-07-27,2026-07-27 08:11:45.309245,SABAH,RANAU,LADANG/KEBUN KUNDASANG,Ladang,,Sayur-Sayuran,02,002,CILI MERAH KULAI / KULAI HIBRID,F.A.Q,Kilogram,8,10.49,
30778255,2026-07-27,2026-07-27 08:11:45.309245,SABAH,RANAU,LADANG/KEBUN KUNDASANG,Ladang,,Sayur-Sayuran,02,002,CILI MERAH MINYAK,F.A.Q,Kilogram,7,9.03,
30778256,2026-07-27,2026-07-27 08:11:45.309245,SABAH,RANAU,LADANG/KEBUN KUNDASANG,Ladang,,Sayur-Sayuran,03,006,KUBIS BULAT (TANAH TINGGI),F.A.Q,Kilogram,1.7,1.81,
30778257,2026-07-27,2026-07-27 08:11:45.309245,SABAH,RANAU,LADANG/KEBUN KUNDASANG,Ladang,,Sayur-Sayuran,02,012,TOMATO (TANAH TINGGI),F.A.Q,Kilogram,3.5,4.62,
30778258,2026-07-27,2026-07-27 08:15:22.426008,SABAH,PENAMPANG,LADANG/KEBUN DONGGONGON,Ladang,,Sayur-Sayuran,03,001,BAYAM,F.A.Q,Kilogram,2,3.05,
30778259,2026-07-27,2026-07-27 08:15:22.426008,SABAH,PENAMPANG,LADANG/KEBUN DONGGONGON,Ladang,,Sayur-Sayuran,04,002,KACANG BENDI,F.A.Q,Kilogram,2.5,4.27,
30778260,2026-07-27,2026-07-27 08:15:22.426008,SABAH,PENAMPANG,LADANG/KEBUN DONGGONGON,Ladang,,Sayur-Sayuran,04,007,KACANG PANJANG HIJAU,F.A.Q,Kilogram,2,3.12,
30778261,2026-07-27,2026-07-27 08:15:22.426008,SABAH,PENAMPANG,LADANG/KEBUN DONGGONGON,Ladang,,Sayur-Sayuran,03,007,SAWI HIJAU (TANAH RENDAH),F.A.Q,Kilogram,2.3,2.78,
30778262,2026-07-27,2026-07-27 08:15:22.426008,SABAH,PENAMPANG,LADANG/KEBUN DONGGONGON,Ladang,,Sayur-Sayuran,02,010,TERUNG PANJANG / PEPARU (TANAH RENDAH),F.A.Q,Kilogram,1.8,3.99,
30778263,2026-07-27,2026-07-27 08:15:22.426008,SABAH,PENAMPANG,LADANG/KEBUN DONGGONGON,Ladang,,Sayur-Sayuran,02,011,TIMUN HIJAU,F.A.Q,Kilogram,1.5,1.86,
30778264,2026-07-27,2026-07-27 08:16:26.229832,SABAH,PENAMPANG,LADANG/KEBUN DONGGONGON,Ladang,,Buah-Buahan,02,023,NANAS JOSAPINE (AC5),F.A.Q,Kilogram,2.3,2.41,
30778265,2026-07-27,2026-07-27 08:16:26.229832,SABAH,PENAMPANG,LADANG/KEBUN DONGGONGON,Ladang,,Buah-Buahan,02,028,PISANG BERANGAN,F.A.Q,Kilogram,2.5,2.72,
30778266,2026-07-27,2026-07-27 08:16:26.229832,SABAH,PENAMPANG,LADANG/KEBUN DONGGONGON,Ladang,,Buah-Buahan,02,034,TEMBIKAI MERAH TANPA BIJI,F.A.Q,Kilogram,1.8,2.37,
30778267,2026-07-27,2026-07-27 08:16:40.69589,SABAH,PENAMPANG,LADANG/KEBUN DONGGONGON,Ladang,,Tanaman Kontan,05,001,KELAPA DIKUPAS,SEDANG,Biji,1.7,1.65,
30778268,2026-07-27,2026-07-27 08:17:33.709143,SABAH,PENAMPANG,LADANG/KEBUN DONGGONGON,Ladang,,Ternakan,11,001,TELUR AYAM,B,Biji,0.48,0.39,
30778269,2026-07-27,2026-07-27 08:18:27.144786,SABAH,PENAMPANG,PASAR BORONG PENAMPANG,Borong,20,Ternakan,11,001,TELUR AYAM,B,Biji,0.51,0.43,
30778270,2026-07-27,2026-07-27 08:19:20.406118,SABAH,KOTA KINABALU,PASAR AWAM KOTA KINABALU - BAHAGIAN RUNCIT,Runcit,26,Ternakan,02,003,DAGING LEMBU PEJAL,F.A.Q,Kilogram,30,35.01,
30778271,2026-07-27,2026-07-27 08:19:20.406118,SABAH,KOTA KINABALU,PASAR AWAM KOTA KINABALU - BAHAGIAN RUNCIT,Runcit,26,Ternakan,11,001,TELUR AYAM,B,Biji,0.54,0.45,
30778272,2026-07-27,2026-07-27 08:20:28.717066,SABAH,PENAMPANG,PASAR BORONG PENAMPANG,Borong,20,Tanaman Kontan,05,001,KELAPA DIKUPAS,SEDANG,Biji,2.7,2.34,
30778273,2026-07-27,2026-07-27 08:23:21.094147,SARAWAK,KUCHING,MEDAN NIAGA SATOK,Runcit,26,Sayur-Sayuran,05,001,BAWANG BESAR MERAH (INDIA),F.A.Q,Kilogram,4.5,4.5,
30778274,2026-07-27,2026-07-27 08:23:21.094147,SARAWAK,KUCHING,MEDAN NIAGA SATOK,Runcit,26,Sayur-Sayuran,05,001,BAWANG PUTIH (CHINA),F.A.Q,Kilogram,8,8,
30778275,2026-07-27,2026-07-27 08:28:48.832834,SABAH,PENAMPANG,PASAR BORONG PENAMPANG,Borong,20,Buah-Buahan,02,023,NANAS JOSAPINE (AC5),F.A.Q,Kilogram,4,4.28,
30778276,2026-07-27,2026-07-27 08:28:48.832834,SABAH,PENAMPANG,PASAR BORONG PENAMPANG,Borong,20,Buah-Buahan,02,028,PISANG BERANGAN,F.A.Q,Kilogram,4,3.99,
30778277,2026-07-27,2026-07-27 08:28:48.832834,SABAH,PENAMPANG,PASAR BORONG PENAMPANG,Borong,20,Buah-Buahan,02,034,TEMBIKAI MERAH TANPA BIJI,F.A.Q,Kilogram,3.5,3.57,
30778278,2026-07-27,2026-07-27 08:31:12.327455,SABAH,KOTA KINABALU,PASAR AWAM KOTA KINABALU - BAHAGIAN RUNCIT,Runcit,26,Buah-Buahan,02,023,NANAS JOSAPINE (AC5),F.A.Q,Kilogram,5.5,6.06,
30778279,2026-07-27,2026-07-27 08:31:12.327455,SABAH,KOTA KINABALU,PASAR AWAM KOTA KINABALU - BAHAGIAN RUNCIT,Runcit,26,Buah-Buahan,02,028,PISANG BERANGAN,F.A.Q,Kilogram,6,5.88,
30778280,2026-07-27,2026-07-27 08:31:12.327455,SABAH,KOTA KINABALU,PASAR AWAM KOTA KINABALU - BAHAGIAN RUNCIT,Runcit,26,Buah-Buahan,02,034,TEMBIKAI MERAH TANPA BIJI,F.A.Q,Kilogram,4.5,4.85,
30778281,2026-07-27,2026-07-27 08:31:34.765125,SABAH,KOTA KINABALU,PASAR AWAM KOTA KINABALU - BAHAGIAN RUNCIT,Runcit,26,Tanaman Kontan,05,001,KELAPA DIKUPAS,SEDANG,Biji,3.5,3.43,
30778282,2026-07-27,2026-07-27 08:32:35.794483,SARAWAK,KUCHING,MEDAN NIAGA SATOK,Runcit,26,Sayur-Sayuran,03,001,BAYAM,F.A.Q,Kilogram,8,7.5833335,
30778283,2026-07-27,2026-07-27 08:32:35.794483,SARAWAK,KUCHING,MEDAN NIAGA SATOK,Runcit,26,Sayur-Sayuran,02,002,CILI MERAH KULAI / KULAI HIBRID,F.A.Q,Kilogram,16,17.25,
30778284,2026-07-27,2026-07-27 08:32:35.794483,SARAWAK,KUCHING,MEDAN NIAGA SATOK,Runcit,26,Sayur-Sayuran,02,002,CILI MERAH MINYAK,F.A.Q,Kilogram,16,17.25,
30778285,2026-07-27,2026-07-27 08:32:35.794483,SARAWAK,KUCHING,MEDAN NIAGA SATOK,Runcit,26,Sayur-Sayuran,04,002,KACANG BENDI,F.A.Q,Kilogram,12,11.333333,
30778286,2026-07-27,2026-07-27 08:32:35.794483,SARAWAK,KUCHING,MEDAN NIAGA SATOK,Runcit,26,Sayur-Sayuran,04,007,KACANG PANJANG HIJAU,F.A.Q,Kilogram,10,9.5,
30778287,2026-07-27,2026-07-27 08:32:35.794483,SARAWAK,KUCHING,MEDAN NIAGA SATOK,Runcit,26,Sayur-Sayuran,03,007,SAWI HIJAU (TANAH RENDAH),F.A.Q,Kilogram,9,9.5,
30778288,2026-07-27,2026-07-27 08:41:16.428836,SELANGOR,SABAK BERNAM,[LOKASI KUTIPAN HARGA LADANG] PASIR PANJANG,Ladang,,Buah-Buahan,02,028,PISANG BERANGAN,F.A.Q,Kilogram,2.8,2.72,
30778289,2026-07-27,2026-07-27 08:44:02.933437,SARAWAK,KUCHING,MEDAN NIAGA SATOK,Runcit,26,Sayur-Sayuran,02,010,TERUNG PANJANG / PEPARU (TANAH RENDAH),F.A.Q,Kilogram,8,8,
30778290,2026-07-27,2026-07-27 08:44:02.933437,SARAWAK,KUCHING,MEDAN NIAGA SATOK,Runcit,26,Sayur-Sayuran,02,011,TIMUN HIJAU,F.A.Q,Kilogram,6.5,5.5,
30778291,2026-07-27,2026-07-27 08:44:02.933437,SARAWAK,KUCHING,MEDAN NIAGA SATOK,Runcit,26,Sayur-Sayuran,02,012,TOMATO (TANAH TINGGI),F.A.Q,Kilogram,12,13.25,
30778315,2026-07-27,2026-07-27 08:46:34.194121,SELANGOR,SABAK BERNAM,[LOKASI KUTIPAN HARGA LADANG] PASIR PANJANG,Ladang,,Buah-Buahan,02,028,PISANG AWAK (MP1),F.A.Q,Kilogram,2.5,1.6,
30778316,2026-07-27,2026-07-27 08:46:34.194121,SELANGOR,SABAK BERNAM,[LOKASI KUTIPAN HARGA LADANG] PASIR PANJANG,Ladang,,Buah-Buahan,02,028,PISANG NANGKA (MP2),F.A.Q,Kilogram,2.8,1.68,
30778317,2026-07-27,2026-07-27 08:46:34.194121,SELANGOR,SABAK BERNAM,[LOKASI KUTIPAN HARGA LADANG] PASIR PANJANG,Ladang,,Buah-Buahan,02,028,PISANG RASTALI (MP9),F.A.Q,Kilogram,2.5,2.51,
30778318,2026-07-27,2026-07-27 08:46:34.194121,SELANGOR,SABAK BERNAM,[LOKASI KUTIPAN HARGA LADANG] PASIR PANJANG,Ladang,,Buah-Buahan,02,028,PISANG TANDUK,F.A.Q,Kilogram,2.8,2.33,
30778319,2026-07-27,2026-07-27 08:48:22.736008,SARAWAK,KUCHING,MEDAN NIAGA SATOK,Runcit,26,Tanaman Kontan,05,001,KELAPA DIKUPAS,SEDANG,Biji,2,2,
30778320,2026-07-27,2026-07-27 08:48:22.736008,SARAWAK,KUCHING,MEDAN NIAGA SATOK,Runcit,26,Lain-Lain Makanan Proses,15,001,SANTAN PEKAT,F.A.Q,Kilogram,12,12,
30778321,2026-07-27,2026-07-27 08:49:49.511021,SARAWAK,KUCHING,MEDAN NIAGA SATOK,Runcit,26,Buah-Buahan,02,028,PISANG BERANGAN,F.A.Q,Kilogram,7,7,
30778322,2026-07-27,2026-07-27 08:49:49.511021,SARAWAK,KUCHING,MEDAN NIAGA SATOK,Runcit,26,Buah-Buahan,02,034,TEMBIKAI MERAH TANPA BIJI,F.A.Q,Kilogram,3.9,3.9,
30778323,2026-07-27,2026-07-27 08:51:13.831747,SARAWAK,KUCHING,MEDAN NIAGA SATOK,Runcit,26,Ternakan,03,002,AYAM PROSES STANDARD,F.A.Q,Kilogram,12,12,
30778324,2026-07-27,2026-07-27 08:51:13.831747,SARAWAK,KUCHING,MEDAN NIAGA SATOK,Runcit,26,Ternakan,02,003,DAGING LEMBU PEJAL,F.A.Q,Kilogram,70,70,
30778325,2026-07-27,2026-07-27 08:52:21.096992,SARAWAK,KUCHING,MEDAN NIAGA SATOK,Runcit,26,Ternakan,11,001,TELUR AYAM,B,Biji,0.53,0.53,
30778326,2026-07-27,2026-07-27 08:53:48.201465,PAHANG,ROMPIN,LADANG/KEBUN KAMPUNG JAWA,Ladang,,Tanaman Kontan,05,001,KELAPA DIKUPAS,SEDANG,Biji,1.1,1.1,
30778327,2026-07-27,2026-07-27 08:53:48.201465,PAHANG,ROMPIN,LADANG/KEBUN KAMPUNG JAWA,Ladang,,Tanaman Kontan,05,001,KELAPA DIKUPAS,SEDANG,Biji,1.1,1.1,
30778328,2026-07-27,2026-07-27 08:54:10.777762,PAHANG,JERANTUT,TKPM ULU CHEKA,Ladang,,Buah-Buahan,02,023,NANAS JOSAPINE (AC5),F.A.Q,Kilogram,3,3,
30778329,2026-07-27,2026-07-27 08:54:10.777762,PAHANG,JERANTUT,TKPM ULU CHEKA,Ladang,,Buah-Buahan,02,023,NANAS JOSAPINE (AC5),F.A.Q,Kilogram,3,3,
30778330,2026-07-27,2026-07-27 08:54:10.777762,PAHANG,JERANTUT,TKPM ULU CHEKA,Ladang,,Buah-Buahan,02,028,PISANG BERANGAN,F.A.Q,Kilogram,3,2.725,
30778331,2026-07-27,2026-07-27 08:54:10.777762,PAHANG,JERANTUT,TKPM ULU CHEKA,Ladang,,Buah-Buahan,02,028,PISANG BERANGAN,F.A.Q,Kilogram,3,2.725,
30778332,2026-07-27,2026-07-27 08:56:13.347053,PAHANG,KUANTAN,LADANG/KEBUN GAMBANG,Ladang,,Buah-Buahan,02,034,TEMBIKAI MERAH TANPA BIJI,F.A.Q,Kilogram,1.5,1.375,
30778333,2026-07-27,2026-07-27 08:56:13.347053,PAHANG,KUANTAN,LADANG/KEBUN GAMBANG,Ladang,,Buah-Buahan,02,034,TEMBIKAI MERAH TANPA BIJI,F.A.Q,Kilogram,1.5,1.375,
30778334,2026-07-27,2026-07-27 08:57:41.052861,PAHANG,KUANTAN,LADANG TUNAS AGRO,Ladang,,Ternakan,11,001,TELUR AYAM,B,Biji,0.39,0.38583332,
30778335,2026-07-27,2026-07-27 09:01:13.246543,PAHANG,KUANTAN,PASAR BORONG KEMUNTING,Borong,20,Ternakan,02,003,DAGING LEMBU PEJAL,F.A.Q,Kilogram,35,35,
30778336,2026-07-27,2026-07-27 09:01:13.246543,PAHANG,KUANTAN,PASAR BORONG KEMUNTING,Borong,20,Ternakan,02,003,DAGING LEMBU PEJAL,F.A.Q,Kilogram,35,35,
30778337,2026-07-27,2026-07-27 09:01:13.246543,PAHANG,KUANTAN,PASAR BORONG KEMUNTING,Borong,20,Ternakan,02,003,DAGING LEMBU PEJAL,F.A.Q,Kilogram,35,35,
30778338,2026-07-27,2026-07-27 09:01:48.255842,PAHANG,KUANTAN,PASAR BORONG KEMUNTING,Borong,20,Tanaman Kontan,05,001,KELAPA DIKUPAS,SEDANG,Biji,2,2.0083334,
30778339,2026-07-27,2026-07-27 09:01:48.255842,PAHANG,KUANTAN,PASAR BORONG KEMUNTING,Borong,20,Tanaman Kontan,05,001,KELAPA DIKUPAS,SEDANG,Biji,2,2.0083334,
30778363,2026-07-27,2026-07-27 09:02:52.94292,PAHANG,KUANTAN,PASAR BORONG KEMUNTING,Borong,20,Buah-Buahan,02,023,NANAS JOSAPINE (AC5),F.A.Q,Kilogram,4.5,4.5,
30778364,2026-07-27,2026-07-27 09:02:52.94292,PAHANG,KUANTAN,PASAR BORONG KEMUNTING,Borong,20,Buah-Buahan,02,023,NANAS JOSAPINE (AC5),F.A.Q,Kilogram,4.5,4.5,
30778365,2026-07-27,2026-07-27 09:02:52.94292,PAHANG,KUANTAN,PASAR BORONG KEMUNTING,Borong,20,Buah-Buahan,02,028,PISANG BERANGAN,F.A.Q,Kilogram,4.5,4.725,
30778366,2026-07-27,2026-07-27 09:02:52.94292,PAHANG,KUANTAN,PASAR BORONG KEMUNTING,Borong,20,Buah-Buahan,02,028,PISANG BERANGAN,F.A.Q,Kilogram,4.5,4.725,
30778367,2026-07-27,2026-07-27 09:02:52.94292,PAHANG,KUANTAN,PASAR BORONG KEMUNTING,Borong,20,Buah-Buahan,02,034,TEMBIKAI MERAH TANPA BIJI,F.A.Q,Kilogram,2.5,2.375,
30778368,2026-07-27,2026-07-27 09:02:52.94292,PAHANG,KUANTAN,PASAR BORONG KEMUNTING,Borong,20,Buah-Buahan,02,034,TEMBIKAI MERAH TANPA BIJI,F.A.Q,Kilogram,2.5,2.375,
30778369,2026-07-27,2026-07-27 09:03:09.474636,PAHANG,KUANTAN,PASAR BORONG KEMUNTING,Borong,20,Ternakan,11,001,TELUR AYAM,B,Biji,0.41,0.40583333,
30778370,2026-07-27,2026-07-27 09:04:21.975012,SARAWAK,KUCHING,MEDAN NIAGA SATOK,Borong,20,Sayur-Sayuran,05,001,BAWANG BESAR MERAH (INDIA),F.A.Q,Kilogram,3.5,3.5,
30778371,2026-07-27,2026-07-27 09:04:21.975012,SARAWAK,KUCHING,MEDAN NIAGA SATOK,Borong,20,Sayur-Sayuran,05,001,BAWANG PUTIH (CHINA),F.A.Q,Kilogram,7,7,
30778372,2026-07-27,2026-07-27 09:04:21.975012,SARAWAK,KUCHING,MEDAN NIAGA SATOK,Borong,20,Sayur-Sayuran,03,001,BAYAM,F.A.Q,Kilogram,4,3.8846154,
30778373,2026-07-27,2026-07-27 09:04:21.975012,SARAWAK,KUCHING,MEDAN NIAGA SATOK,Borong,20,Sayur-Sayuran,02,002,CILI MERAH KULAI / KULAI HIBRID,F.A.Q,Kilogram,12,13.25,
30778374,2026-07-27,2026-07-27 09:04:21.975012,SARAWAK,KUCHING,MEDAN NIAGA SATOK,Borong,20,Sayur-Sayuran,02,002,CILI MERAH MINYAK,F.A.Q,Kilogram,12,13.25,
30778375,2026-07-27,2026-07-27 09:04:21.975012,SARAWAK,KUCHING,MEDAN NIAGA SATOK,Borong,20,Sayur-Sayuran,04,002,KACANG BENDI,F.A.Q,Kilogram,7,6.6666665,
30778376,2026-07-27,2026-07-27 09:04:21.975012,SARAWAK,KUCHING,MEDAN NIAGA SATOK,Borong,20,Sayur-Sayuran,04,007,KACANG PANJANG HIJAU,F.A.Q,Kilogram,10,5.5,
30778377,2026-07-27,2026-07-27 09:04:21.975012,SARAWAK,KUCHING,MEDAN NIAGA SATOK,Borong,20,Sayur-Sayuran,03,007,SAWI HIJAU (TANAH RENDAH),F.A.Q,Kilogram,7,6.75,
30778378,2026-07-27,2026-07-27 09:04:21.975012,SARAWAK,KUCHING,MEDAN NIAGA SATOK,Borong,20,Sayur-Sayuran,02,010,TERUNG PANJANG / PEPARU (TANAH RENDAH),F.A.Q,Kilogram,4,4,
30778379,2026-07-27,2026-07-27 09:04:21.975012,SARAWAK,KUCHING,MEDAN NIAGA SATOK,Borong,20,Sayur-Sayuran,02,011,TIMUN HIJAU,F.A.Q,Kilogram,4.5,3.5,
30778380,2026-07-27,2026-07-27 09:04:21.975012,SARAWAK,KUCHING,MEDAN NIAGA SATOK,Borong,20,Sayur-Sayuran,02,012,TOMATO (TANAH TINGGI),F.A.Q,Kilogram,10,11.25,
30778381,2026-07-27,2026-07-27 09:05:05.071559,SARAWAK,KUCHING,MEDAN NIAGA SATOK,Borong,20,Tanaman Kontan,05,001,KELAPA DIKUPAS,SEDANG,Biji,1.6,1.6,
30778382,2026-07-27,2026-07-27 09:06:52.426044,SARAWAK,KUCHING,MEDAN NIAGA SATOK,Borong,20,Buah-Buahan,02,028,PISANG BERANGAN,F.A.Q,Kilogram,4.5,4.5,
30778383,2026-07-27,2026-07-27 09:06:52.426044,SARAWAK,KUCHING,MEDAN NIAGA SATOK,Borong,20,Buah-Buahan,02,034,TEMBIKAI MERAH TANPA BIJI,F.A.Q,Kilogram,2.3,2.3,
30778384,2026-07-27,2026-07-27 09:07:10.584563,PAHANG,KUANTAN,PASAR BORONG KEMUNTING,Borong,20,Ternakan,03,002,AYAM PROSES STANDARD,F.A.Q,Kilogram,9.7,9.7,
30778385,2026-07-27,2026-07-27 09:07:10.584563,PAHANG,KUANTAN,PASAR BORONG KEMUNTING,Borong,20,Ternakan,03,002,AYAM PROSES STANDARD,F.A.Q,Kilogram,9.7,9.7,
30778386,2026-07-27,2026-07-27 09:07:10.584563,PAHANG,KUANTAN,PASAR BORONG KEMUNTING,Borong,20,Ternakan,03,002,AYAM PROSES STANDARD,F.A.Q,Kilogram,9.7,9.7,
30778395,2026-07-27,2026-07-27 09:08:09.031158,PAHANG,KUANTAN,PASAR BORONG KEMUNTING,Borong,20,Sayur-Sayuran,05,001,BAWANG BESAR MERAH (INDIA),F.A.Q,Kilogram,2,2,
30778396,2026-07-27,2026-07-27 09:08:09.031158,PAHANG,KUANTAN,PASAR BORONG KEMUNTING,Borong,20,Sayur-Sayuran,05,001,BAWANG BESAR MERAH (INDIA),F.A.Q,Kilogram,2,2,
30778397,2026-07-27,2026-07-27 09:08:09.031158,PAHANG,KUANTAN,PASAR BORONG KEMUNTING,Borong,20,Sayur-Sayuran,05,001,BAWANG PUTIH (CHINA),F.A.Q,Kilogram,7,7,
30778398,2026-07-27,2026-07-27 09:08:09.031158,PAHANG,KUANTAN,PASAR BORONG KEMUNTING,Borong,20,Sayur-Sayuran,05,001,BAWANG PUTIH (CHINA),F.A.Q,Kilogram,7,7,
30778399,2026-07-27,2026-07-27 09:08:58.018911,PAHANG,KUANTAN,PASAR BESAR KUANTAN,Runcit,26,Ternakan,11,001,TELUR AYAM,B,Biji,0.43,0.42583334,
30778402,2026-07-27,2026-07-27 09:09:35.408866,PAHANG,KUANTAN,PASAR BESAR KUANTAN,Runcit,26,Ternakan,02,003,DAGING LEMBU PEJAL,F.A.Q,Kilogram,38,38,
30778403,2026-07-27,2026-07-27 09:09:35.408866,PAHANG,KUANTAN,PASAR BESAR KUANTAN,Runcit,26,Ternakan,02,003,DAGING LEMBU PEJAL,F.A.Q,Kilogram,38,38,
30778404,2026-07-27,2026-07-27 09:09:35.408866,PAHANG,KUANTAN,PASAR BESAR KUANTAN,Runcit,26,Ternakan,02,003,DAGING LEMBU PEJAL,F.A.Q,Kilogram,38,38,
30778408,2026-07-27,2026-07-27 09:10:04.103966,SARAWAK,KUCHING,MEDAN NIAGA SATOK,Borong,20,Ternakan,03,002,AYAM PROSES STANDARD,F.A.Q,Kilogram,11.5,11.5,
30778409,2026-07-27,2026-07-27 09:10:04.103966,SARAWAK,KUCHING,MEDAN NIAGA SATOK,Borong,20,Ternakan,02,003,DAGING LEMBU PEJAL,F.A.Q,Kilogram,65,65,
30778410,2026-07-27,2026-07-27 09:10:04.103966,SARAWAK,KUCHING,MEDAN NIAGA SATOK,Borong,20,Ternakan,11,001,TELUR AYAM,B,Biji,0.52,0.52,
30778411,2026-07-27,2026-07-27 09:10:08.678837,PAHANG,KUANTAN,PASAR BESAR KUANTAN,Runcit,26,Lain-Lain Makanan Proses,15,001,SANTAN PEKAT,F.A.Q,Kilogram,20,20,
30778412,2026-07-27,2026-07-27 09:10:48.625248,PAHANG,KUANTAN,PASAR BESAR KUANTAN,Runcit,26,Tanaman Kontan,05,001,KELAPA DIKUPAS,SEDANG,Biji,3,3.05,
30778413,2026-07-27,2026-07-27 09:10:48.625248,PAHANG,KUANTAN,PASAR BESAR KUANTAN,Runcit,26,Tanaman Kontan,05,001,KELAPA DIKUPAS,SEDANG,Biji,3,3.05,
30778422,2026-07-27,2026-07-27 09:11:24.820902,PAHANG,KUANTAN,PASAR BESAR KUANTAN,Runcit,26,Buah-Buahan,02,023,NANAS JOSAPINE (AC5),F.A.Q,Kilogram,6,6,
30778423,2026-07-27,2026-07-27 09:11:24.820902,PAHANG,KUANTAN,PASAR BESAR KUANTAN,Runcit,26,Buah-Buahan,02,023,NANAS JOSAPINE (AC5),F.A.Q,Kilogram,6,6,
30778424,2026-07-27,2026-07-27 09:11:24.820902,PAHANG,KUANTAN,PASAR BESAR KUANTAN,Runcit,26,Buah-Buahan,02,028,PISANG BERANGAN,F.A.Q,Kilogram,5.5,5.725,
30778425,2026-07-27,2026-07-27 09:11:24.820902,PAHANG,KUANTAN,PASAR BESAR KUANTAN,Runcit,26,Buah-Buahan,02,028,PISANG BERANGAN,F.A.Q,Kilogram,5.5,5.725,
30778426,2026-07-27,2026-07-27 09:11:24.820902,PAHANG,KUANTAN,PASAR BESAR KUANTAN,Runcit,26,Buah-Buahan,02,034,TEMBIKAI MERAH TANPA BIJI,F.A.Q,Kilogram,3.5,3.3833334,
30778427,2026-07-27,2026-07-27 09:11:24.820902,PAHANG,KUANTAN,PASAR BESAR KUANTAN,Runcit,26,Buah-Buahan,02,034,TEMBIKAI MERAH TANPA BIJI,F.A.Q,Kilogram,3.5,3.3833334,
30778428,2026-07-27,2026-07-27 09:12:05.901605,PAHANG,KUANTAN,PASAR BESAR KUANTAN,Runcit,26,Ternakan,03,002,AYAM PROSES STANDARD,F.A.Q,Kilogram,11.7,11.7,
30778429,2026-07-27,2026-07-27 09:12:05.901605,PAHANG,KUANTAN,PASAR BESAR KUANTAN,Runcit,26,Ternakan,03,002,AYAM PROSES STANDARD,F.A.Q,Kilogram,11.7,11.7,
30778430,2026-07-27,2026-07-27 09:12:05.901605,PAHANG,KUANTAN,PASAR BESAR KUANTAN,Runcit,26,Ternakan,03,002,AYAM PROSES STANDARD,F.A.Q,Kilogram,11.7,11.7,
30778431,2026-07-27,2026-07-27 09:12:27.662985,PAHANG,KUANTAN,PASAR BESAR KUANTAN,Runcit,26,Sayur-Sayuran,05,001,BAWANG BESAR MERAH (INDIA),F.A.Q,Kilogram,3,3,
30778432,2026-07-27,2026-07-27 09:12:27.662985,PAHANG,KUANTAN,PASAR BESAR KUANTAN,Runcit,26,Sayur-Sayuran,05,001,BAWANG BESAR MERAH (INDIA),F.A.Q,Kilogram,3,3,
30778433,2026-07-27,2026-07-27 09:12:27.662985,PAHANG,KUANTAN,PASAR BESAR KUANTAN,Runcit,26,Sayur-Sayuran,05,001,BAWANG BESAR MERAH (INDIA),F.A.Q,Kilogram,3,3,
30778434,2026-07-27,2026-07-27 09:12:27.662985,PAHANG,KUANTAN,PASAR BESAR KUANTAN,Runcit,26,Sayur-Sayuran,05,001,BAWANG PUTIH (CHINA),F.A.Q,Kilogram,8,8,
30778435,2026-07-27,2026-07-27 09:12:27.662985,PAHANG,KUANTAN,PASAR BESAR KUANTAN,Runcit,26,Sayur-Sayuran,05,001,BAWANG PUTIH (CHINA),F.A.Q,Kilogram,8,8,
30778436,2026-07-27,2026-07-27 09:12:27.662985,PAHANG,KUANTAN,PASAR BESAR KUANTAN,Runcit,26,Sayur-Sayuran,05,001,BAWANG PUTIH (CHINA),F.A.Q,Kilogram,8,8,
30778448,2026-07-27,2026-07-27 09:16:51.565733,PAHANG,KUANTAN,PASAR BESAR KUANTAN,Runcit,26,Sayur-Sayuran,03,001,BAYAM,F.A.Q,Kilogram,5.5,5.6433334,
30778449,2026-07-27,2026-07-27 09:16:51.565733,PAHANG,KUANTAN,PASAR BESAR KUANTAN,Runcit,26,Sayur-Sayuran,03,001,BAYAM,F.A.Q,Kilogram,5.5,5.6433334,
30778450,2026-07-27,2026-07-27 09:16:51.565733,PAHANG,KUANTAN,PASAR BESAR KUANTAN,Runcit,26,Sayur-Sayuran,03,001,BAYAM,F.A.Q,Kilogram,5.7,5.6433334,
30778451,2026-07-27,2026-07-27 09:16:51.565733,PAHANG,KUANTAN,PASAR BESAR KUANTAN,Runcit,26,Sayur-Sayuran,03,001,BAYAM,F.A.Q,Kilogram,5.5,5.6433334,
30778452,2026-07-27,2026-07-27 09:16:51.565733,PAHANG,KUANTAN,PASAR BESAR KUANTAN,Runcit,26,Sayur-Sayuran,03,001,BAYAM,F.A.Q,Kilogram,5.7,5.6433334,
30778453,2026-07-27,2026-07-27 09:16:51.565733,PAHANG,KUANTAN,PASAR BESAR KUANTAN,Runcit,26,Sayur-Sayuran,02,002,CILI MERAH KULAI / KULAI HIBRID,F.A.Q,Kilogram,16,16.916666,
30778454,2026-07-27,2026-07-27 09:16:51.565733,PAHANG,KUANTAN,PASAR BESAR KUANTAN,Runcit,26,Sayur-Sayuran,02,002,CILI MERAH KULAI / KULAI HIBRID,F.A.Q,Kilogram,16,16.916666,
30778455,2026-07-27,2026-07-27 09:16:51.565733,PAHANG,KUANTAN,PASAR BESAR KUANTAN,Runcit,26,Sayur-Sayuran,02,002,CILI MERAH KULAI / KULAI HIBRID,F.A.Q,Kilogram,16.5,16.916666,
30778456,2026-07-27,2026-07-27 09:16:51.565733,PAHANG,KUANTAN,PASAR BESAR KUANTAN,Runcit,26,Sayur-Sayuran,02,002,CILI MERAH KULAI / KULAI HIBRID,F.A.Q,Kilogram,16,16.916666,
30778457,2026-07-27,2026-07-27 09:16:51.565733,PAHANG,KUANTAN,PASAR BESAR KUANTAN,Runcit,26,Sayur-Sayuran,02,002,CILI MERAH KULAI / KULAI HIBRID,F.A.Q,Kilogram,16.5,16.916666,
30778458,2026-07-27,2026-07-27 09:16:51.565733,PAHANG,KUANTAN,PASAR BESAR KUANTAN,Runcit,26,Sayur-Sayuran,02,002,CILI MERAH MINYAK,F.A.Q,Kilogram,12,12.233334,
30778459,2026-07-27,2026-07-27 09:16:51.565733,PAHANG,KUANTAN,PASAR BESAR KUANTAN,Runcit,26,Sayur-Sayuran,02,002,CILI MERAH MINYAK,F.A.Q,Kilogram,12,12.233334,
30778460,2026-07-27,2026-07-27 09:16:51.565733,PAHANG,KUANTAN,PASAR BESAR KUANTAN,Runcit,26,Sayur-Sayuran,02,002,CILI MERAH MINYAK,F.A.Q,Kilogram,12,12.233334,
30778461,2026-07-27,2026-07-27 09:16:51.565733,PAHANG,KUANTAN,PASAR BESAR KUANTAN,Runcit,26,Sayur-Sayuran,02,002,CILI MERAH MINYAK,F.A.Q,Kilogram,12.3,12.233334,
30778462,2026-07-27,2026-07-27 09:16:51.565733,PAHANG,KUANTAN,PASAR BESAR KUANTAN,Runcit,26,Sayur-Sayuran,02,002,CILI MERAH MINYAK,F.A.Q,Kilogram,12.2,12.233334,
30778463,2026-07-27,2026-07-27 09:16:51.565733,PAHANG,KUANTAN,PASAR BESAR KUANTAN,Runcit,26,Sayur-Sayuran,04,002,KACANG BENDI,F.A.Q,Kilogram,7.5,6.943333,
30778464,2026-07-27,2026-07-27 09:16:51.565733,PAHANG,KUANTAN,PASAR BESAR KUANTAN,Runcit,26,Sayur-Sayuran,04,002,KACANG BENDI,F.A.Q,Kilogram,7.5,6.943333,
30778465,2026-07-27,2026-07-27 09:16:51.565733,PAHANG,KUANTAN,PASAR BESAR KUANTAN,Runcit,26,Sayur-Sayuran,04,002,KACANG BENDI,F.A.Q,Kilogram,7.5,6.943333,
30778466,2026-07-27,2026-07-27 09:16:51.565733,PAHANG,KUANTAN,PASAR BESAR KUANTAN,Runcit,26,Sayur-Sayuran,04,002,KACANG BENDI,F.A.Q,Kilogram,7.3,6.943333,
30778467,2026-07-27,2026-07-27 09:16:51.565733,PAHANG,KUANTAN,PASAR BESAR KUANTAN,Runcit,26,Sayur-Sayuran,04,002,KACANG BENDI,F.A.Q,Kilogram,7.3,6.943333,
30778468,2026-07-27,2026-07-27 09:16:51.565733,PAHANG,KUANTAN,PASAR BESAR KUANTAN,Runcit,26,Sayur-Sayuran,04,007,KACANG PANJANG HIJAU,F.A.Q,Kilogram,7.5,7.3966665,
30778469,2026-07-27,2026-07-27 09:16:51.565733,PAHANG,KUANTAN,PASAR BESAR KUANTAN,Runcit,26,Sayur-Sayuran,04,007,KACANG PANJANG HIJAU,F.A.Q,Kilogram,7.5,7.3966665,
30778470,2026-07-27,2026-07-27 09:16:51.565733,PAHANG,KUANTAN,PASAR BESAR KUANTAN,Runcit,26,Sayur-Sayuran,04,007,KACANG PANJANG HIJAU,F.A.Q,Kilogram,7.5,7.3966665,
30778471,2026-07-27,2026-07-27 09:16:51.565733,PAHANG,KUANTAN,PASAR BESAR KUANTAN,Runcit,26,Sayur-Sayuran,04,007,KACANG PANJANG HIJAU,F.A.Q,Kilogram,7.3,7.3966665,
30778472,2026-07-27,2026-07-27 09:16:51.565733,PAHANG,KUANTAN,PASAR BESAR KUANTAN,Runcit,26,Sayur-Sayuran,04,007,KACANG PANJANG HIJAU,F.A.Q,Kilogram,7.3,7.3966665,
30778473,2026-07-27,2026-07-27 09:16:51.565733,PAHANG,KUANTAN,PASAR BESAR KUANTAN,Runcit,26,Sayur-Sayuran,03,006,KUBIS BULAT (TANAH TINGGI),F.A.Q,Kilogram,5.5,5.5416665,
30778474,2026-07-27,2026-07-27 09:16:51.565733,PAHANG,KUANTAN,PASAR BESAR KUANTAN,Runcit,26,Sayur-Sayuran,03,007,SAWI HIJAU (TANAH RENDAH),F.A.Q,Kilogram,6,5.8816667,
30778475,2026-07-27,2026-07-27 09:16:51.565733,PAHANG,KUANTAN,PASAR BESAR KUANTAN,Runcit,26,Sayur-Sayuran,03,007,SAWI HIJAU (TANAH RENDAH),F.A.Q,Kilogram,5.8,5.8816667,
30778476,2026-07-27,2026-07-27 09:16:51.565733,PAHANG,KUANTAN,PASAR BESAR KUANTAN,Runcit,26,Sayur-Sayuran,03,007,SAWI HIJAU (TANAH RENDAH),F.A.Q,Kilogram,6,5.8816667,
30778477,2026-07-27,2026-07-27 09:16:51.565733,PAHANG,KUANTAN,PASAR BESAR KUANTAN,Runcit,26,Sayur-Sayuran,03,007,SAWI HIJAU (TANAH RENDAH),F.A.Q,Kilogram,6,5.8816667,
30778478,2026-07-27,2026-07-27 09:16:51.565733,PAHANG,KUANTAN,PASAR BESAR KUANTAN,Runcit,26,Sayur-Sayuran,03,007,SAWI HIJAU (TANAH RENDAH),F.A.Q,Kilogram,5.8,5.8816667,
30778479,2026-07-27,2026-07-27 09:16:51.565733,PAHANG,KUANTAN,PASAR BESAR KUANTAN,Runcit,26,Sayur-Sayuran,02,010,TERUNG PANJANG / PEPARU (TANAH RENDAH),F.A.Q,Kilogram,9,8.826667,
30778480,2026-07-27,2026-07-27 09:16:51.565733,PAHANG,KUANTAN,PASAR BESAR KUANTAN,Runcit,26,Sayur-Sayuran,02,010,TERUNG PANJANG / PEPARU (TANAH RENDAH),F.A.Q,Kilogram,9,8.826667,
30778481,2026-07-27,2026-07-27 09:16:51.565733,PAHANG,KUANTAN,PASAR BESAR KUANTAN,Runcit,26,Sayur-Sayuran,02,010,TERUNG PANJANG / PEPARU (TANAH RENDAH),F.A.Q,Kilogram,9.5,8.826667,
30778482,2026-07-27,2026-07-27 09:16:51.565733,PAHANG,KUANTAN,PASAR BESAR KUANTAN,Runcit,26,Sayur-Sayuran,02,010,TERUNG PANJANG / PEPARU (TANAH RENDAH),F.A.Q,Kilogram,9.5,8.826667,
30778483,2026-07-27,2026-07-27 09:16:51.565733,PAHANG,KUANTAN,PASAR BESAR KUANTAN,Runcit,26,Sayur-Sayuran,02,010,TERUNG PANJANG / PEPARU (TANAH RENDAH),F.A.Q,Kilogram,9,8.826667,
30778484,2026-07-27,2026-07-27 09:16:51.565733,PAHANG,KUANTAN,PASAR BESAR KUANTAN,Runcit,26,Sayur-Sayuran,02,011,TIMUN HIJAU,F.A.Q,Kilogram,4,4.2083335,
30778485,2026-07-27,2026-07-27 09:16:51.565733,PAHANG,KUANTAN,PASAR BESAR KUANTAN,Runcit,26,Sayur-Sayuran,02,011,TIMUN HIJAU,F.A.Q,Kilogram,4,4.2083335,
30778486,2026-07-27,2026-07-27 09:16:51.565733,PAHANG,KUANTAN,PASAR BESAR KUANTAN,Runcit,26,Sayur-Sayuran,02,011,TIMUN HIJAU,F.A.Q,Kilogram,4.2,4.2083335,
30778487,2026-07-27,2026-07-27 09:16:51.565733,PAHANG,KUANTAN,PASAR BESAR KUANTAN,Runcit,26,Sayur-Sayuran,02,011,TIMUN HIJAU,F.A.Q,Kilogram,4,4.2083335,
30778488,2026-07-27,2026-07-27 09:16:51.565733,PAHANG,KUANTAN,PASAR BESAR KUANTAN,Runcit,26,Sayur-Sayuran,02,011,TIMUN HIJAU,F.A.Q,Kilogram,4.2,4.2083335,
30778489,2026-07-27,2026-07-27 09:16:51.565733,PAHANG,KUANTAN,PASAR BESAR KUANTAN,Runcit,26,Sayur-Sayuran,02,012,TOMATO (TANAH TINGGI),F.A.Q,Kilogram,10,9.346666,
30778490,2026-07-27,2026-07-27 09:16:51.565733,PAHANG,KUANTAN,PASAR BESAR KUANTAN,Runcit,26,Sayur-Sayuran,02,012,TOMATO (TANAH TINGGI),F.A.Q,Kilogram,10,9.346666,
30778491,2026-07-27,2026-07-27 09:16:51.565733,PAHANG,KUANTAN,PASAR BESAR KUANTAN,Runcit,26,Sayur-Sayuran,02,012,TOMATO (TANAH TINGGI),F.A.Q,Kilogram,10,9.346666,
30778492,2026-07-27,2026-07-27 09:16:51.565733,PAHANG,KUANTAN,PASAR BESAR KUANTAN,Runcit,26,Sayur-Sayuran,02,012,TOMATO (TANAH TINGGI),F.A.Q,Kilogram,10,9.346666,
30778493,2026-07-27,2026-07-27 09:16:51.565733,PAHANG,KUANTAN,PASAR BESAR KUANTAN,Runcit,26,Sayur-Sayuran,02,012,TOMATO (TANAH TINGGI),F.A.Q,Kilogram,10,9.346666,
30778494,2026-07-27,2026-07-27 09:16:54.856723,SARAWAK,KUCHING,LADANG/KEBUN SIBURAN,Ladang,,Sayur-Sayuran,03,001,BAYAM,F.A.Q,Kilogram,2.5,2.1083333,
30778495,2026-07-27,2026-07-27 09:16:54.856723,SARAWAK,KUCHING,LADANG/KEBUN SIBURAN,Ladang,,Sayur-Sayuran,02,002,CILI MERAH KULAI / KULAI HIBRID,F.A.Q,Kilogram,8,8.916667,
30778496,2026-07-27,2026-07-27 09:16:54.856723,SARAWAK,KUCHING,LADANG/KEBUN SIBURAN,Ladang,,Sayur-Sayuran,02,002,CILI MERAH MINYAK,F.A.Q,Kilogram,8,8.916667,
30778497,2026-07-27,2026-07-27 09:16:54.856723,SARAWAK,KUCHING,LADANG/KEBUN SIBURAN,Ladang,,Sayur-Sayuran,04,002,KACANG BENDI,F.A.Q,Kilogram,3,3.2083333,
30778498,2026-07-27,2026-07-27 09:16:54.856723,SARAWAK,KUCHING,LADANG/KEBUN SIBURAN,Ladang,,Sayur-Sayuran,04,007,KACANG PANJANG HIJAU,F.A.Q,Kilogram,4,3.5,
30778499,2026-07-27,2026-07-27 09:16:54.856723,SARAWAK,KUCHING,LADANG/KEBUN SIBURAN,Ladang,,Sayur-Sayuran,03,007,SAWI HIJAU (TANAH RENDAH),F.A.Q,Kilogram,4,3.75,
30778500,2026-07-27,2026-07-27 09:16:54.856723,SARAWAK,KUCHING,LADANG/KEBUN SIBURAN,Ladang,,Sayur-Sayuran,02,010,TERUNG PANJANG / PEPARU (TANAH RENDAH),F.A.Q,Kilogram,2.8,2.8,
30778501,2026-07-27,2026-07-27 09:16:54.856723,SARAWAK,KUCHING,LADANG/KEBUN SIBURAN,Ladang,,Sayur-Sayuran,02,011,TIMUN HIJAU,F.A.Q,Kilogram,3.5,2.55,
30778507,2026-07-27,2026-07-27 09:17:41.623289,SARAWAK,KUCHING,LADANG/KEBUN SIBURAN,Ladang,,Tanaman Kontan,05,001,KELAPA DIKUPAS,SEDANG,Biji,1.4,1.4,
30778508,2026-07-27,2026-07-27 09:18:41.832009,SARAWAK,MIRI,PASAR TAMU MUHIBBAH MIRI,Runcit,26,Ternakan,03,002,AYAM PROSES STANDARD,F.A.Q,Kilogram,10.8,10.3,
30778510,2026-07-27,2026-07-27 09:18:41.832009,SARAWAK,MIRI,PASAR TAMU MUHIBBAH MIRI,Runcit,26,Ternakan,02,003,DAGING LEMBU PEJAL,F.A.Q,Kilogram,42.5,42.5,
30778511,2026-07-27,2026-07-27 09:18:41.832009,SARAWAK,MIRI,PASAR TAMU MUHIBBAH MIRI,Runcit,26,Ternakan,11,001,TELUR AYAM,B,Biji,0.48,0.48,
30778517,2026-07-27,2026-07-27 09:19:06.813484,SARAWAK,KUCHING,LADANG/KEBUN SIBURAN,Ladang,,Buah-Buahan,02,028,PISANG BERANGAN,F.A.Q,Kilogram,3.5,3.5,
30778518,2026-07-27,2026-07-27 09:19:06.813484,SARAWAK,KUCHING,LADANG/KEBUN SIBURAN,Ladang,,Buah-Buahan,02,034,TEMBIKAI MERAH TANPA BIJI,F.A.Q,Kilogram,1.8,1.8,
30778519,2026-07-27,2026-07-27 09:20:16.010327,PAHANG,KUANTAN,PASAR BORONG KEMUNTING,Borong,20,Sayur-Sayuran,03,001,BAYAM,F.A.Q,Kilogram,3.5,3.8383334,
30778520,2026-07-27,2026-07-27 09:20:16.010327,PAHANG,KUANTAN,PASAR BORONG KEMUNTING,Borong,20,Sayur-Sayuran,03,001,BAYAM,F.A.Q,Kilogram,3.5,3.8383334,
30778521,2026-07-27,2026-07-27 09:20:16.010327,PAHANG,KUANTAN,PASAR BORONG KEMUNTING,Borong,20,Sayur-Sayuran,03,001,BAYAM,F.A.Q,Kilogram,3.7,3.8383334,
30778522,2026-07-27,2026-07-27 09:20:16.010327,PAHANG,KUANTAN,PASAR BORONG KEMUNTING,Borong,20,Sayur-Sayuran,03,001,BAYAM,F.A.Q,Kilogram,3.6,3.8383334,
30778523,2026-07-27,2026-07-27 09:20:16.010327,PAHANG,KUANTAN,PASAR BORONG KEMUNTING,Borong,20,Sayur-Sayuran,03,001,BAYAM,F.A.Q,Kilogram,3.6,3.8383334,
30778524,2026-07-27,2026-07-27 09:20:16.010327,PAHANG,KUANTAN,PASAR BORONG KEMUNTING,Borong,20,Sayur-Sayuran,02,002,CILI MERAH KULAI / KULAI HIBRID,F.A.Q,Kilogram,13,13.581667,
30778525,2026-07-27,2026-07-27 09:20:16.010327,PAHANG,KUANTAN,PASAR BORONG KEMUNTING,Borong,20,Sayur-Sayuran,02,002,CILI MERAH KULAI / KULAI HIBRID,F.A.Q,Kilogram,13,13.581667,
30778526,2026-07-27,2026-07-27 09:20:16.010327,PAHANG,KUANTAN,PASAR BORONG KEMUNTING,Borong,20,Sayur-Sayuran,02,002,CILI MERAH KULAI / KULAI HIBRID,F.A.Q,Kilogram,13,13.581667,
30778527,2026-07-27,2026-07-27 09:20:16.010327,PAHANG,KUANTAN,PASAR BORONG KEMUNTING,Borong,20,Sayur-Sayuran,02,002,CILI MERAH KULAI / KULAI HIBRID,F.A.Q,Kilogram,12.5,13.581667,
30778528,2026-07-27,2026-07-27 09:20:16.010327,PAHANG,KUANTAN,PASAR BORONG KEMUNTING,Borong,20,Sayur-Sayuran,02,002,CILI MERAH KULAI / KULAI HIBRID,F.A.Q,Kilogram,12.8,13.581667,
30778529,2026-07-27,2026-07-27 09:20:16.010327,PAHANG,KUANTAN,PASAR BORONG KEMUNTING,Borong,20,Sayur-Sayuran,02,002,CILI MERAH MINYAK,F.A.Q,Kilogram,10,10.243333,
30778530,2026-07-27,2026-07-27 09:20:16.010327,PAHANG,KUANTAN,PASAR BORONG KEMUNTING,Borong,20,Sayur-Sayuran,02,002,CILI MERAH MINYAK,F.A.Q,Kilogram,10,10.243333,
30778531,2026-07-27,2026-07-27 09:20:16.010327,PAHANG,KUANTAN,PASAR BORONG KEMUNTING,Borong,20,Sayur-Sayuran,02,002,CILI MERAH MINYAK,F.A.Q,Kilogram,10.3,10.243333,
30778532,2026-07-27,2026-07-27 09:20:16.010327,PAHANG,KUANTAN,PASAR BORONG KEMUNTING,Borong,20,Sayur-Sayuran,02,002,CILI MERAH MINYAK,F.A.Q,Kilogram,10.2,10.243333,
30778533,2026-07-27,2026-07-27 09:20:16.010327,PAHANG,KUANTAN,PASAR BORONG KEMUNTING,Borong,20,Sayur-Sayuran,02,002,CILI MERAH MINYAK,F.A.Q,Kilogram,10,10.243333,
30778534,2026-07-27,2026-07-27 09:20:16.010327,PAHANG,KUANTAN,PASAR BORONG KEMUNTING,Borong,20,Sayur-Sayuran,04,002,KACANG BENDI,F.A.Q,Kilogram,5.5,5.1483335,
30778535,2026-07-27,2026-07-27 09:20:16.010327,PAHANG,KUANTAN,PASAR BORONG KEMUNTING,Borong,20,Sayur-Sayuran,04,002,KACANG BENDI,F.A.Q,Kilogram,5.5,5.1483335,
30778536,2026-07-27,2026-07-27 09:20:16.010327,PAHANG,KUANTAN,PASAR BORONG KEMUNTING,Borong,20,Sayur-Sayuran,04,002,KACANG BENDI,F.A.Q,Kilogram,5.5,5.1483335,
30778537,2026-07-27,2026-07-27 09:20:16.010327,PAHANG,KUANTAN,PASAR BORONG KEMUNTING,Borong,20,Sayur-Sayuran,04,002,KACANG BENDI,F.A.Q,Kilogram,5.3,5.1483335,
30778538,2026-07-27,2026-07-27 09:20:16.010327,PAHANG,KUANTAN,PASAR BORONG KEMUNTING,Borong,20,Sayur-Sayuran,04,002,KACANG BENDI,F.A.Q,Kilogram,5.3,5.1483335,
30778539,2026-07-27,2026-07-27 09:20:16.010327,PAHANG,KUANTAN,PASAR BORONG KEMUNTING,Borong,20,Sayur-Sayuran,04,007,KACANG PANJANG HIJAU,F.A.Q,Kilogram,5.5,5.451667,
30778540,2026-07-27,2026-07-27 09:20:16.010327,PAHANG,KUANTAN,PASAR BORONG KEMUNTING,Borong,20,Sayur-Sayuran,04,007,KACANG PANJANG HIJAU,F.A.Q,Kilogram,5.5,5.451667,
30778541,2026-07-27,2026-07-27 09:20:16.010327,PAHANG,KUANTAN,PASAR BORONG KEMUNTING,Borong,20,Sayur-Sayuran,04,007,KACANG PANJANG HIJAU,F.A.Q,Kilogram,5.5,5.451667,
30778542,2026-07-27,2026-07-27 09:20:16.010327,PAHANG,KUANTAN,PASAR BORONG KEMUNTING,Borong,20,Sayur-Sayuran,04,007,KACANG PANJANG HIJAU,F.A.Q,Kilogram,5.3,5.451667,
30778543,2026-07-27,2026-07-27 09:20:16.010327,PAHANG,KUANTAN,PASAR BORONG KEMUNTING,Borong,20,Sayur-Sayuran,04,007,KACANG PANJANG HIJAU,F.A.Q,Kilogram,5.3,5.451667,
30778544,2026-07-27,2026-07-27 09:20:16.010327,PAHANG,KUANTAN,PASAR BORONG KEMUNTING,Borong,20,Sayur-Sayuran,03,006,KUBIS BULAT (TANAH TINGGI),F.A.Q,Kilogram,4,4.0833335,
30778545,2026-07-27,2026-07-27 09:20:16.010327,PAHANG,KUANTAN,PASAR BORONG KEMUNTING,Borong,20,Sayur-Sayuran,03,007,SAWI HIJAU (TANAH RENDAH),F.A.Q,Kilogram,4,4.056667,
30778546,2026-07-27,2026-07-27 09:20:16.010327,PAHANG,KUANTAN,PASAR BORONG KEMUNTING,Borong,20,Sayur-Sayuran,03,007,SAWI HIJAU (TANAH RENDAH),F.A.Q,Kilogram,4,4.056667,
30778547,2026-07-27,2026-07-27 09:20:16.010327,PAHANG,KUANTAN,PASAR BORONG KEMUNTING,Borong,20,Sayur-Sayuran,03,007,SAWI HIJAU (TANAH RENDAH),F.A.Q,Kilogram,4,4.056667,
30778548,2026-07-27,2026-07-27 09:20:16.010327,PAHANG,KUANTAN,PASAR BORONG KEMUNTING,Borong,20,Sayur-Sayuran,03,007,SAWI HIJAU (TANAH RENDAH),F.A.Q,Kilogram,3.8,4.056667,
30778549,2026-07-27,2026-07-27 09:20:16.010327,PAHANG,KUANTAN,PASAR BORONG KEMUNTING,Borong,20,Sayur-Sayuran,03,007,SAWI HIJAU (TANAH RENDAH),F.A.Q,Kilogram,3.8,4.056667,
30778550,2026-07-27,2026-07-27 09:20:16.010327,PAHANG,KUANTAN,PASAR BORONG KEMUNTING,Borong,20,Sayur-Sayuran,02,010,TERUNG PANJANG / PEPARU (TANAH RENDAH),F.A.Q,Kilogram,7,6.891667,
30778551,2026-07-27,2026-07-27 09:20:16.010327,PAHANG,KUANTAN,PASAR BORONG KEMUNTING,Borong,20,Sayur-Sayuran,02,010,TERUNG PANJANG / PEPARU (TANAH RENDAH),F.A.Q,Kilogram,7.5,6.891667,
30778552,2026-07-27,2026-07-27 09:20:16.010327,PAHANG,KUANTAN,PASAR BORONG KEMUNTING,Borong,20,Sayur-Sayuran,02,010,TERUNG PANJANG / PEPARU (TANAH RENDAH),F.A.Q,Kilogram,7.5,6.891667,
30778553,2026-07-27,2026-07-27 09:20:16.010327,PAHANG,KUANTAN,PASAR BORONG KEMUNTING,Borong,20,Sayur-Sayuran,02,010,TERUNG PANJANG / PEPARU (TANAH RENDAH),F.A.Q,Kilogram,7.3,6.891667,
30778554,2026-07-27,2026-07-27 09:20:16.010327,PAHANG,KUANTAN,PASAR BORONG KEMUNTING,Borong,20,Sayur-Sayuran,02,010,TERUNG PANJANG / PEPARU (TANAH RENDAH),F.A.Q,Kilogram,7.2,6.891667,
30778555,2026-07-27,2026-07-27 09:20:16.010327,PAHANG,KUANTAN,PASAR BORONG KEMUNTING,Borong,20,Sayur-Sayuran,02,011,TIMUN HIJAU,F.A.Q,Kilogram,3,3.04,
30778556,2026-07-27,2026-07-27 09:20:16.010327,PAHANG,KUANTAN,PASAR BORONG KEMUNTING,Borong,20,Sayur-Sayuran,02,011,TIMUN HIJAU,F.A.Q,Kilogram,3,3.04,
30778557,2026-07-27,2026-07-27 09:20:16.010327,PAHANG,KUANTAN,PASAR BORONG KEMUNTING,Borong,20,Sayur-Sayuran,02,011,TIMUN HIJAU,F.A.Q,Kilogram,3,3.04,
30778558,2026-07-27,2026-07-27 09:20:16.010327,PAHANG,KUANTAN,PASAR BORONG KEMUNTING,Borong,20,Sayur-Sayuran,02,011,TIMUN HIJAU,F.A.Q,Kilogram,2.8,3.04,
30778559,2026-07-27,2026-07-27 09:20:16.010327,PAHANG,KUANTAN,PASAR BORONG KEMUNTING,Borong,20,Sayur-Sayuran,02,011,TIMUN HIJAU,F.A.Q,Kilogram,2.9,3.04,
30778560,2026-07-27,2026-07-27 09:20:16.010327,PAHANG,KUANTAN,PASAR BORONG KEMUNTING,Borong,20,Sayur-Sayuran,02,012,TOMATO (TANAH TINGGI),F.A.Q,Kilogram,9,8.26,
30778561,2026-07-27,2026-07-27 09:20:16.010327,PAHANG,KUANTAN,PASAR BORONG KEMUNTING,Borong,20,Sayur-Sayuran,02,012,TOMATO (TANAH TINGGI),F.A.Q,Kilogram,8.5,8.26,
30778562,2026-07-27,2026-07-27 09:20:16.010327,PAHANG,KUANTAN,PASAR BORONG KEMUNTING,Borong,20,Sayur-Sayuran,02,012,TOMATO (TANAH TINGGI),F.A.Q,Kilogram,8.8,8.26,
30778563,2026-07-27,2026-07-27 09:20:16.010327,PAHANG,KUANTAN,PASAR BORONG KEMUNTING,Borong,20,Sayur-Sayuran,02,012,TOMATO (TANAH TINGGI),F.A.Q,Kilogram,8.7,8.26,
30778564,2026-07-27,2026-07-27 09:20:16.010327,PAHANG,KUANTAN,PASAR BORONG KEMUNTING,Borong,20,Sayur-Sayuran,02,012,TOMATO (TANAH TINGGI),F.A.Q,Kilogram,8.5,8.26,
30778565,2026-07-27,2026-07-27 09:20:16.949385,SARAWAK,KUCHING,LADANG/KEBUN SIBURAN,Ladang,,Ternakan,11,001,TELUR AYAM,B,Biji,0.49,0.49,
30778566,2026-07-27,2026-07-27 09:21:51.867783,PERAK,HILIR PERAK,PASAR AWAM TELUK INTAN,Runcit,26,Buah-Buahan,01,003,CEMPEDAK KAMPUNG,F.A.Q,Kilogram,6,6,
30778567,2026-07-27,2026-07-27 09:21:51.867783,PERAK,HILIR PERAK,PASAR AWAM TELUK INTAN,Runcit,26,Buah-Buahan,01,011,MANGGIS,F.A.Q,Kilogram,8,8,
30778568,2026-07-27,2026-07-27 09:21:51.867783,PERAK,HILIR PERAK,PASAR AWAM TELUK INTAN,Runcit,26,Buah-Buahan,01,014,RAMBUTAN ANAK SEKOLAH (R191),F.A.Q,Kilogram,6,6,
30778569,2026-07-27,2026-07-27 09:21:53.609397,TERENGGANU,KUALA TERENGGANU,PASAR BORONG GONG PAUH,Borong,,Ternakan,03,002,AYAM PROSES STANDARD,F.A.Q,Kilogram,9.3,8.75,
30778570,2026-07-27,2026-07-27 09:22:34.830429,PAHANG,KUANTAN,LADANG/KEBUN KAMPUNG SUNGAI SOI,Ladang,,Sayur-Sayuran,04,002,KACANG BENDI,F.A.Q,Kilogram,3.5,3.5791667,
30778571,2026-07-27,2026-07-27 09:22:34.830429,PAHANG,KUANTAN,LADANG/KEBUN KAMPUNG SUNGAI SOI,Ladang,,Sayur-Sayuran,04,007,KACANG PANJANG HIJAU,F.A.Q,Kilogram,3.6,3.8766668,
30778572,2026-07-27,2026-07-27 09:22:34.830429,PAHANG,KUANTAN,LADANG/KEBUN KAMPUNG SUNGAI SOI,Ladang,,Sayur-Sayuran,02,010,TERUNG PANJANG / PEPARU (TANAH RENDAH),F.A.Q,Kilogram,4.7,4.4372883,
30778573,2026-07-27,2026-07-27 09:22:34.830429,PAHANG,KUANTAN,LADANG/KEBUN KAMPUNG SUNGAI SOI,Ladang,,Sayur-Sayuran,02,011,TIMUN HIJAU,F.A.Q,Kilogram,1.7,1.675,
30778574,2026-07-27,2026-07-27 09:22:39.576343,TERENGGANU,KUALA TERENGGANU,PASAR BORONG GONG PAUH,Borong,,Ternakan,03,002,AYAM PROSES STANDARD,F.A.Q,Kilogram,10,8.75,
30778575,2026-07-27,2026-07-27 09:22:39.630332,TERENGGANU,KUALA TERENGGANU,PASAR BORONG GONG PAUH,Borong,,Ternakan,02,003,DAGING LEMBU PEJAL,F.A.Q,Kilogram,26,40,
30778576,2026-07-27,2026-07-27 09:23:19.749882,TERENGGANU,KUALA TERENGGANU,PASAR BESAR KEDAI PAYANG,Runcit,,Tanaman Kontan,05,001,KELAPA DIKUPAS,SEDANG,Biji,3,2.33,
30778577,2026-07-27,2026-07-27 09:23:36.757015,PERAK,HILIR PERAK,LADANG/KEBUN TELUK INTAN,Ladang,,Buah-Buahan,01,003,CEMPEDAK KAMPUNG,F.A.Q,Kilogram,3,3.9,
30778578,2026-07-27,2026-07-27 09:23:36.757015,PERAK,HILIR PERAK,LADANG/KEBUN TELUK INTAN,Ladang,,Buah-Buahan,01,011,MANGGIS,F.A.Q,Kilogram,4,7,
30778579,2026-07-27,2026-07-27 09:23:36.757015,PERAK,HILIR PERAK,LADANG/KEBUN TELUK INTAN,Ladang,,Buah-Buahan,01,014,RAMBUTAN ANAK SEKOLAH (R191),F.A.Q,Kilogram,2.5,3.5,
30778580,2026-07-27,2026-07-27 09:23:41.136794,TERENGGANU,KUALA TERENGGANU,PASAR BESAR KEDAI PAYANG,Runcit,,Ternakan,11,001,TELUR AYAM,B,Biji,0.42,0.45,
30778581,2026-07-27,2026-07-27 09:24:06.578976,TERENGGANU,KUALA TERENGGANU,PASAR BESAR KEDAI PAYANG,Runcit,,Lain-Lain Makanan Proses,15,001,SANTAN PEKAT,F.A.Q,Kilogram,16,11.7,
30778582,2026-07-27,2026-07-27 09:24:13.373484,PAHANG,KUANTAN,LADANG/KEBUN KAMPUNG SUNGAI SOI,Ladang,,Sayur-Sayuran,03,001,BAYAM,F.A.Q,Kilogram,2.2,2.075,
30778583,2026-07-27,2026-07-27 09:24:13.373484,PAHANG,KUANTAN,LADANG/KEBUN KAMPUNG SUNGAI SOI,Ladang,,Sayur-Sayuran,02,002,CILI MERAH MINYAK,F.A.Q,Kilogram,8,7.9531913,
30778584,2026-07-27,2026-07-27 09:24:13.373484,PAHANG,KUANTAN,LADANG/KEBUN KAMPUNG SUNGAI SOI,Ladang,,Sayur-Sayuran,04,007,KACANG PANJANG HIJAU,F.A.Q,Kilogram,3.6,3.8766668,
30778585,2026-07-27,2026-07-27 09:24:13.373484,PAHANG,KUANTAN,LADANG/KEBUN KAMPUNG SUNGAI SOI,Ladang,,Sayur-Sayuran,03,007,SAWI HIJAU (TANAH RENDAH),F.A.Q,Kilogram,2.3,2.3702128,
30778586,2026-07-27,2026-07-27 09:24:13.373484,PAHANG,KUANTAN,LADANG/KEBUN KAMPUNG SUNGAI SOI,Ladang,,Sayur-Sayuran,02,010,TERUNG PANJANG / PEPARU (TANAH RENDAH),F.A.Q,Kilogram,4.6,4.4372883,
30778587,2026-07-27,2026-07-27 09:24:13.373484,PAHANG,KUANTAN,LADANG/KEBUN KAMPUNG SUNGAI SOI,Ladang,,Sayur-Sayuran,02,011,TIMUN HIJAU,F.A.Q,Kilogram,1.6,1.675,
30778588,2026-07-27,2026-07-27 09:25:15.174098,PAHANG,KUANTAN,LADANG/KEBUN JABOR,Ladang,,Sayur-Sayuran,03,001,BAYAM,F.A.Q,Kilogram,2.3,2.075,
30778589,2026-07-27,2026-07-27 09:25:15.174098,PAHANG,KUANTAN,LADANG/KEBUN JABOR,Ladang,,Sayur-Sayuran,02,002,CILI MERAH KULAI / KULAI HIBRID,F.A.Q,Kilogram,10,10.7,
30778590,2026-07-27,2026-07-27 09:25:15.174098,PAHANG,KUANTAN,LADANG/KEBUN JABOR,Ladang,,Sayur-Sayuran,02,002,CILI MERAH MINYAK,F.A.Q,Kilogram,7.7,7.9531913,
30778591,2026-07-27,2026-07-27 09:25:15.174098,PAHANG,KUANTAN,LADANG/KEBUN JABOR,Ladang,,Sayur-Sayuran,04,002,KACANG BENDI,F.A.Q,Kilogram,3.5,3.5791667,
30778592,2026-07-27,2026-07-27 09:25:15.174098,PAHANG,KUANTAN,LADANG/KEBUN JABOR,Ladang,,Sayur-Sayuran,04,007,KACANG PANJANG HIJAU,F.A.Q,Kilogram,3.6,3.8766668,
30778593,2026-07-27,2026-07-27 09:25:15.174098,PAHANG,KUANTAN,LADANG/KEBUN JABOR,Ladang,,Sayur-Sayuran,03,007,SAWI HIJAU (TANAH RENDAH),F.A.Q,Kilogram,2.4,2.3702128,
30778594,2026-07-27,2026-07-27 09:25:15.174098,PAHANG,KUANTAN,LADANG/KEBUN JABOR,Ladang,,Sayur-Sayuran,02,010,TERUNG PANJANG / PEPARU (TANAH RENDAH),F.A.Q,Kilogram,4.6,4.4372883,
30778595,2026-07-27,2026-07-27 09:25:15.174098,PAHANG,KUANTAN,LADANG/KEBUN JABOR,Ladang,,Sayur-Sayuran,02,011,TIMUN HIJAU,F.A.Q,Kilogram,1.7,1.675,
30778596,2026-07-27,2026-07-27 09:25:24.001987,TERENGGANU,KUALA TERENGGANU,PASAR BESAR KEDAI PAYANG,Runcit,,Sayur-Sayuran,05,001,BAWANG BESAR MERAH (INDIA),F.A.Q,Kilogram,5,4.44,
30778597,2026-07-27,2026-07-27 09:25:24.058141,TERENGGANU,KUALA TERENGGANU,PASAR BESAR KEDAI PAYANG,Runcit,,Sayur-Sayuran,05,001,BAWANG MERAH / KECIL (INDIA),F.A.Q,Kilogram,5,7.04,
30778598,2026-07-27,2026-07-27 09:25:24.106463,TERENGGANU,KUALA TERENGGANU,PASAR BESAR KEDAI PAYANG,Runcit,,Sayur-Sayuran,05,001,BAWANG PUTIH (CHINA),F.A.Q,Kilogram,10,8.52,
30778599,2026-07-27,2026-07-27 09:25:51.994036,TERENGGANU,KUALA TERENGGANU,PASAR BORONG GONG PAUH,Borong,,Buah-Buahan,02,028,PISANG BERANGAN,F.A.Q,Kilogram,5.5,3.93,
30778600,2026-07-27,2026-07-27 09:25:52.067671,TERENGGANU,KUALA TERENGGANU,PASAR BORONG GONG PAUH,Borong,,Buah-Buahan,02,034,TEMBIKAI MERAH TANPA BIJI,F.A.Q,Kilogram,2.8,3.55,
30778601,2026-07-27,2026-07-27 09:25:52.112277,TERENGGANU,KUALA TERENGGANU,PASAR BORONG GONG PAUH,Borong,,Sayur-Sayuran,05,001,BAWANG BESAR MERAH (INDIA),F.A.Q,Kilogram,2.2,2.73,
30778602,2026-07-27,2026-07-27 09:25:52.174415,TERENGGANU,KUALA TERENGGANU,PASAR BORONG GONG PAUH,Borong,,Sayur-Sayuran,05,001,BAWANG PUTIH (CHINA),F.A.Q,Kilogram,6,5.98,
30778603,2026-07-27,2026-07-27 09:25:52.22874,TERENGGANU,KUALA TERENGGANU,PASAR BORONG GONG PAUH,Borong,,Ternakan,11,001,TELUR AYAM,B,Biji,0.36,0.43,
30778604,2026-07-27,2026-07-27 09:25:58.195355,PAHANG,KUANTAN,LADANG/KEBUN GAMBANG,Ladang,,Sayur-Sayuran,03,001,BAYAM,F.A.Q,Kilogram,2.2,2.075,
30778605,2026-07-27,2026-07-27 09:25:58.195355,PAHANG,KUANTAN,LADANG/KEBUN GAMBANG,Ladang,,Sayur-Sayuran,02,002,CILI MERAH MINYAK,F.A.Q,Kilogram,8,7.9531913,
30778606,2026-07-27,2026-07-27 09:25:58.195355,PAHANG,KUANTAN,LADANG/KEBUN GAMBANG,Ladang,,Sayur-Sayuran,04,002,KACANG BENDI,F.A.Q,Kilogram,3.8,3.5791667,
30778607,2026-07-27,2026-07-27 09:25:58.195355,PAHANG,KUANTAN,LADANG/KEBUN GAMBANG,Ladang,,Sayur-Sayuran,04,007,KACANG PANJANG HIJAU,F.A.Q,Kilogram,3.8,3.8766668,
30778608,2026-07-27,2026-07-27 09:25:58.195355,PAHANG,KUANTAN,LADANG/KEBUN GAMBANG,Ladang,,Sayur-Sayuran,03,007,SAWI HIJAU (TANAH RENDAH),F.A.Q,Kilogram,2.3,2.3702128,
30778609,2026-07-27,2026-07-27 09:25:58.195355,PAHANG,KUANTAN,LADANG/KEBUN GAMBANG,Ladang,,Sayur-Sayuran,02,010,TERUNG PANJANG / PEPARU (TANAH RENDAH),F.A.Q,Kilogram,4.5,4.4372883,
30778610,2026-07-27,2026-07-27 09:25:58.195355,PAHANG,KUANTAN,LADANG/KEBUN GAMBANG,Ladang,,Sayur-Sayuran,02,011,TIMUN HIJAU,F.A.Q,Kilogram,1.6,1.675,
30778611,2026-07-27,2026-07-27 09:26:40.995564,PAHANG,KUANTAN,[PROJEK] TKPM PULAU MANIS,Ladang,,Sayur-Sayuran,03,001,BAYAM,F.A.Q,Kilogram,2.2,2.075,
30778612,2026-07-27,2026-07-27 09:26:40.995564,PAHANG,KUANTAN,[PROJEK] TKPM PULAU MANIS,Ladang,,Sayur-Sayuran,02,002,CILI MERAH MINYAK,F.A.Q,Kilogram,7.9,7.9531913,
30778613,2026-07-27,2026-07-27 09:26:40.995564,PAHANG,KUANTAN,[PROJEK] TKPM PULAU MANIS,Ladang,,Sayur-Sayuran,04,002,KACANG BENDI,F.A.Q,Kilogram,3.5,3.5791667,
30778614,2026-07-27,2026-07-27 09:26:40.995564,PAHANG,KUANTAN,[PROJEK] TKPM PULAU MANIS,Ladang,,Sayur-Sayuran,04,007,KACANG PANJANG HIJAU,F.A.Q,Kilogram,3.5,3.8766668,
30778615,2026-07-27,2026-07-27 09:26:40.995564,PAHANG,KUANTAN,[PROJEK] TKPM PULAU MANIS,Ladang,,Sayur-Sayuran,03,007,SAWI HIJAU (TANAH RENDAH),F.A.Q,Kilogram,2.4,2.3702128,
30778617,2026-07-27,2026-07-27 09:26:40.995564,PAHANG,KUANTAN,[PROJEK] TKPM PULAU MANIS,Ladang,,Sayur-Sayuran,02,011,TIMUN HIJAU,F.A.Q,Kilogram,1.7,1.675,
30778618,2026-07-27,2026-07-27 09:26:43.64056,TERENGGANU,KUALA TERENGGANU,PASAR BORONG GONG PAUH,Borong,,Buah-Buahan,02,023,NANAS JOSAPINE (AC5),F.A.Q,Kilogram,3.5,3.5,
30778619,2026-07-27,2026-07-27 09:26:43.695593,TERENGGANU,KUALA TERENGGANU,PASAR BORONG GONG PAUH,Borong,,Buah-Buahan,02,028,PISANG BERANGAN,F.A.Q,Kilogram,5.5,3.93,
30778620,2026-07-27,2026-07-27 09:26:43.770595,TERENGGANU,KUALA TERENGGANU,PASAR BORONG GONG PAUH,Borong,,Buah-Buahan,02,034,TEMBIKAI MERAH TANPA BIJI,F.A.Q,Kilogram,2.5,3.55,
30778621,2026-07-27,2026-07-27 09:27:26.608881,TERENGGANU,KUALA TERENGGANU,PASAR BORONG GONG PAUH,Borong,,Tanaman Kontan,05,001,KELAPA DIKUPAS,SEDANG,Biji,2.9,1.79,
30778622,2026-07-27,2026-07-27 09:27:38.868991,SELANGOR,PETALING,"KOMPLEKS PASAR BORONG SELANGOR, SERI KEMBANGAN",Runcit,26,Buah-Buahan,02,023,NANAS JOSAPINE (AC5),F.A.Q,Kilogram,4,4,
30778623,2026-07-27,2026-07-27 09:27:38.868991,SELANGOR,PETALING,"KOMPLEKS PASAR BORONG SELANGOR, SERI KEMBANGAN",Runcit,26,Buah-Buahan,02,028,PISANG BERANGAN,F.A.Q,Kilogram,4.5,5.88,
30778624,2026-07-27,2026-07-27 09:27:38.868991,SELANGOR,PETALING,"KOMPLEKS PASAR BORONG SELANGOR, SERI KEMBANGAN",Runcit,26,Buah-Buahan,02,034,TEMBIKAI MERAH TANPA BIJI,F.A.Q,Kilogram,3.5,3.49,
30778625,2026-07-27,2026-07-27 09:28:04.695065,SELANGOR,PETALING,"KOMPLEKS PASAR BORONG SELANGOR, SERI KEMBANGAN",Borong,20,Buah-Buahan,02,023,NANAS JOSAPINE (AC5),F.A.Q,Kilogram,3,3,
30778626,2026-07-27,2026-07-27 09:28:04.695065,SELANGOR,PETALING,"KOMPLEKS PASAR BORONG SELANGOR, SERI KEMBANGAN",Borong,20,Buah-Buahan,02,028,PISANG BERANGAN,F.A.Q,Kilogram,3.5,4,
30778627,2026-07-27,2026-07-27 09:28:04.695065,SELANGOR,PETALING,"KOMPLEKS PASAR BORONG SELANGOR, SERI KEMBANGAN",Borong,20,Buah-Buahan,02,034,TEMBIKAI MERAH TANPA BIJI,F.A.Q,Kilogram,2.5,2.23,
30778628,2026-07-27,2026-07-27 09:28:08.178237,SARAWAK,MIRI,PASAR TAMU MUHIBBAH MIRI,Runcit,26,Sayur-Sayuran,05,001,BAWANG BESAR MERAH (INDIA),F.A.Q,Kilogram,4,4,
30778629,2026-07-27,2026-07-27 09:28:08.178237,SARAWAK,MIRI,PASAR TAMU MUHIBBAH MIRI,Runcit,26,Sayur-Sayuran,05,001,BAWANG PUTIH (CHINA),F.A.Q,Kilogram,7,7,
30778630,2026-07-27,2026-07-27 09:28:08.178237,SARAWAK,MIRI,PASAR TAMU MUHIBBAH MIRI,Runcit,26,Sayur-Sayuran,03,001,BAYAM,F.A.Q,Kilogram,6,5.8333335,
30778631,2026-07-27,2026-07-27 09:28:08.178237,SARAWAK,MIRI,PASAR TAMU MUHIBBAH MIRI,Runcit,26,Sayur-Sayuran,02,002,CILI MERAH KULAI / KULAI HIBRID,F.A.Q,Kilogram,18,18,
30778632,2026-07-27,2026-07-27 09:28:08.178237,SARAWAK,MIRI,PASAR TAMU MUHIBBAH MIRI,Runcit,26,Sayur-Sayuran,02,002,CILI MERAH MINYAK,F.A.Q,Kilogram,16,16,
30778633,2026-07-27,2026-07-27 09:28:08.178237,SARAWAK,MIRI,PASAR TAMU MUHIBBAH MIRI,Runcit,26,Sayur-Sayuran,04,002,KACANG BENDI,F.A.Q,Kilogram,8,7.4166665,
30778634,2026-07-27,2026-07-27 09:28:08.178237,SARAWAK,MIRI,PASAR TAMU MUHIBBAH MIRI,Runcit,26,Sayur-Sayuran,04,007,KACANG PANJANG HIJAU,F.A.Q,Kilogram,8,7.4166665,
30778635,2026-07-27,2026-07-27 09:28:08.178237,SARAWAK,MIRI,PASAR TAMU MUHIBBAH MIRI,Runcit,26,Sayur-Sayuran,03,006,KUBIS BULAT (TANAH TINGGI),F.A.Q,Kilogram,6,6,
30778636,2026-07-27,2026-07-27 09:28:08.178237,SARAWAK,MIRI,PASAR TAMU MUHIBBAH MIRI,Runcit,26,Sayur-Sayuran,03,007,SAWI HIJAU (TANAH RENDAH),F.A.Q,Kilogram,10,10,
30778637,2026-07-27,2026-07-27 09:28:08.178237,SARAWAK,MIRI,PASAR TAMU MUHIBBAH MIRI,Runcit,26,Sayur-Sayuran,02,010,TERUNG PANJANG / PEPARU (TANAH RENDAH),F.A.Q,Kilogram,8,7.4166665,
30778638,2026-07-27,2026-07-27 09:28:08.178237,SARAWAK,MIRI,PASAR TAMU MUHIBBAH MIRI,Runcit,26,Sayur-Sayuran,02,011,TIMUN HIJAU,F.A.Q,Kilogram,6,5.5,
30778639,2026-07-27,2026-07-27 09:28:08.178237,SARAWAK,MIRI,PASAR TAMU MUHIBBAH MIRI,Runcit,26,Sayur-Sayuran,02,012,TOMATO (TANAH TINGGI),F.A.Q,Kilogram,9,9,
30778640,2026-07-27,2026-07-27 09:28:25.409814,SARAWAK,MIRI,PASAR TAMU MUHIBBAH MIRI,Runcit,26,Tanaman Kontan,05,001,KELAPA DIKUPAS,SEDANG,Biji,3,3,
30778641,2026-07-27,2026-07-27 09:28:39.72798,SELANGOR,PETALING,"KOMPLEKS PASAR BORONG SELANGOR, SERI KEMBANGAN",Runcit,26,Buah-Buahan,02,023,NANAS JOSAPINE (AC5),F.A.Q,Kilogram,4,4,
30778642,2026-07-27,2026-07-27 09:28:39.72798,SELANGOR,PETALING,"KOMPLEKS PASAR BORONG SELANGOR, SERI KEMBANGAN",Runcit,26,Buah-Buahan,02,028,PISANG BERANGAN,F.A.Q,Kilogram,4.8,5.88,
30778643,2026-07-27,2026-07-27 09:28:39.72798,SELANGOR,PETALING,"KOMPLEKS PASAR BORONG SELANGOR, SERI KEMBANGAN",Runcit,26,Buah-Buahan,02,034,TEMBIKAI MERAH TANPA BIJI,F.A.Q,Kilogram,3.5,3.49,
30778644,2026-07-27,2026-07-27 09:28:56.496651,TERENGGANU,KUALA TERENGGANU,PASAR BESAR KEDAI PAYANG,Runcit,,Sayur-Sayuran,03,001,BAYAM,F.A.Q,Kilogram,7.5,5.81,
30778645,2026-07-27,2026-07-27 09:28:56.549575,TERENGGANU,KUALA TERENGGANU,PASAR BESAR KEDAI PAYANG,Runcit,,Sayur-Sayuran,02,002,CILI MERAH KULAI / KULAI HIBRID,F.A.Q,Kilogram,14,16.31,
30778646,2026-07-27,2026-07-27 09:28:56.600058,TERENGGANU,KUALA TERENGGANU,PASAR BESAR KEDAI PAYANG,Runcit,,Sayur-Sayuran,02,002,CILI MERAH MINYAK,F.A.Q,Kilogram,12,14.1,
30778647,2026-07-27,2026-07-27 09:28:56.650275,TERENGGANU,KUALA TERENGGANU,PASAR BESAR KEDAI PAYANG,Runcit,,Sayur-Sayuran,04,002,KACANG BENDI,F.A.Q,Kilogram,7.5,10.44,
30778648,2026-07-27,2026-07-27 09:28:56.699541,TERENGGANU,KUALA TERENGGANU,PASAR BESAR KEDAI PAYANG,Runcit,,Sayur-Sayuran,04,003,KACANG BUNCIS,F.A.Q,Kilogram,13,13.06,
30778649,2026-07-27,2026-07-27 09:28:56.750384,TERENGGANU,KUALA TERENGGANU,PASAR BESAR KEDAI PAYANG,Runcit,,Sayur-Sayuran,04,007,KACANG PANJANG HIJAU,F.A.Q,Kilogram,9,7.99,
30778650,2026-07-27,2026-07-27 09:28:56.800201,TERENGGANU,KUALA TERENGGANU,PASAR BESAR KEDAI PAYANG,Runcit,,Sayur-Sayuran,03,019,KANGKUNG,F.A.Q,Kilogram,6,5.03,
30778651,2026-07-27,2026-07-27 09:28:56.849425,TERENGGANU,KUALA TERENGGANU,PASAR BESAR KEDAI PAYANG,Runcit,,Sayur-Sayuran,03,006,KUBIS BULAT (TANAH TINGGI),F.A.Q,Kilogram,4.5,4.58,
30778652,2026-07-27,2026-07-27 09:28:56.89935,TERENGGANU,KUALA TERENGGANU,PASAR BESAR KEDAI PAYANG,Runcit,,Sayur-Sayuran,03,007,SAWI HIJAU (TANAH RENDAH),F.A.Q,Kilogram,6.5,6.22,
30778653,2026-07-27,2026-07-27 09:28:56.949258,TERENGGANU,KUALA TERENGGANU,PASAR BESAR KEDAI PAYANG,Runcit,,Sayur-Sayuran,02,010,TERUNG PANJANG / PEPARU (TANAH RENDAH),F.A.Q,Kilogram,7,9.47,
30778654,2026-07-27,2026-07-27 09:28:57.007463,TERENGGANU,KUALA TERENGGANU,PASAR BESAR KEDAI PAYANG,Runcit,,Sayur-Sayuran,02,011,TIMUN HIJAU,F.A.Q,Kilogram,6,4.08,
30778655,2026-07-27,2026-07-27 09:29:08.947212,SELANGOR,PETALING,"KOMPLEKS PASAR BORONG SELANGOR, SERI KEMBANGAN",Borong,20,Buah-Buahan,02,023,NANAS JOSAPINE (AC5),F.A.Q,Kilogram,3,3,
30778656,2026-07-27,2026-07-27 09:29:08.947212,SELANGOR,PETALING,"KOMPLEKS PASAR BORONG SELANGOR, SERI KEMBANGAN",Borong,20,Buah-Buahan,02,028,PISANG BERANGAN,F.A.Q,Kilogram,3.8,4,
30778657,2026-07-27,2026-07-27 09:29:08.947212,SELANGOR,PETALING,"KOMPLEKS PASAR BORONG SELANGOR, SERI KEMBANGAN",Borong,20,Buah-Buahan,02,034,TEMBIKAI MERAH TANPA BIJI,F.A.Q,Kilogram,2.5,2.23,
30778658,2026-07-27,2026-07-27 09:29:24.744699,SELANGOR,PETALING,"KOMPLEKS PASAR BORONG SELANGOR, SERI KEMBANGAN",Runcit,26,Ternakan,03,002,AYAM PROSES STANDARD,F.A.Q,Kilogram,10.5,10.5,
30778659,2026-07-27,2026-07-27 09:29:36.194813,SELANGOR,PETALING,"KOMPLEKS PASAR BORONG SELANGOR, SERI KEMBANGAN",Borong,20,Ternakan,03,002,AYAM PROSES STANDARD,F.A.Q,Kilogram,9.1,9,
30778660,2026-07-27,2026-07-27 09:29:38.856832,TERENGGANU,KUALA TERENGGANU,PASAR BESAR KEDAI PAYANG,Runcit,,Buah-Buahan,02,023,NANAS JOSAPINE (AC5),F.A.Q,Kilogram,5,4,
30778661,2026-07-27,2026-07-27 09:29:38.920162,TERENGGANU,KUALA TERENGGANU,PASAR BESAR KEDAI PAYANG,Runcit,,Buah-Buahan,02,028,PISANG BERANGAN,F.A.Q,Kilogram,7,5.62,
30778662,2026-07-27,2026-07-27 09:29:38.97281,TERENGGANU,KUALA TERENGGANU,PASAR BESAR KEDAI PAYANG,Runcit,,Buah-Buahan,02,034,TEMBIKAI MERAH TANPA BIJI,F.A.Q,Kilogram,3.5,4.75,
30778663,2026-07-27,2026-07-27 09:29:44.612119,SARAWAK,MIRI,PASAR TAMU MUHIBBAH MIRI,Borong,20,Ternakan,03,002,AYAM PROSES STANDARD,F.A.Q,Kilogram,9.9,9.445455,
30778664,2026-07-27,2026-07-27 09:29:44.612119,SARAWAK,MIRI,PASAR TAMU MUHIBBAH MIRI,Borong,20,Ternakan,02,003,DAGING LEMBU PEJAL,F.A.Q,Kilogram,40,40,
30778665,2026-07-27,2026-07-27 09:29:44.612119,SARAWAK,MIRI,PASAR TAMU MUHIBBAH MIRI,Borong,20,Ternakan,11,001,TELUR AYAM,B,Biji,0.46,0.46,
30778666,2026-07-27,2026-07-27 09:29:51.174755,SELANGOR,PETALING,"KOMPLEKS PASAR BORONG SELANGOR, SERI KEMBANGAN",Runcit,26,Ternakan,11,001,TELUR AYAM,B,Biji,0.42,0.42,
30778667,2026-07-27,2026-07-27 09:30:05.365367,SELANGOR,PETALING,"KOMPLEKS PASAR BORONG SELANGOR, SERI KEMBANGAN",Borong,20,Ternakan,11,001,TELUR AYAM,B,Biji,0.4,0.43,
30778668,2026-07-27,2026-07-27 09:30:26.388629,TERENGGANU,KUALA TERENGGANU,PASAR BESAR KEDAI PAYANG,Runcit,,Buah-Buahan,02,023,NANAS JOSAPINE (AC5),F.A.Q,Kilogram,5,4,
30778669,2026-07-27,2026-07-27 09:30:26.43974,TERENGGANU,KUALA TERENGGANU,PASAR BESAR KEDAI PAYANG,Runcit,,Buah-Buahan,02,028,PISANG BERANGAN,F.A.Q,Kilogram,7,5.62,
30778670,2026-07-27,2026-07-27 09:30:26.492342,TERENGGANU,KUALA TERENGGANU,PASAR BESAR KEDAI PAYANG,Runcit,,Buah-Buahan,02,034,TEMBIKAI MERAH TANPA BIJI,F.A.Q,Kilogram,3.5,4.75,
30778671,2026-07-27,2026-07-27 09:30:38.379845,SELANGOR,PETALING,"KOMPLEKS PASAR BORONG SELANGOR, SERI KEMBANGAN",Runcit,26,Tanaman Kontan,05,001,KELAPA DIKUPAS,SEDANG,Biji,3,3.43,
30778672,2026-07-27,2026-07-27 09:30:38.379845,SELANGOR,PETALING,"KOMPLEKS PASAR BORONG SELANGOR, SERI KEMBANGAN",Runcit,26,Lain-Lain Makanan Proses,15,001,SANTAN PEKAT,F.A.Q,Kilogram,12,15.22,
30778673,2026-07-27,2026-07-27 09:30:51.191045,SELANGOR,PETALING,"KOMPLEKS PASAR BORONG SELANGOR, SERI KEMBANGAN",Borong,20,Tanaman Kontan,05,001,KELAPA DIKUPAS,SEDANG,Biji,2.5,2.34,
30778674,2026-07-27,2026-07-27 09:30:56.369034,TERENGGANU,KUALA TERENGGANU,PASAR BESAR KEDAI PAYANG,Runcit,,Ternakan,03,002,AYAM PROSES STANDARD,F.A.Q,Kilogram,10.5,9.99,
30778675,2026-07-27,2026-07-27 09:30:56.428744,TERENGGANU,KUALA TERENGGANU,PASAR BESAR KEDAI PAYANG,Runcit,,Ternakan,02,003,DAGING LEMBU PEJAL,F.A.Q,Kilogram,29,39.05,
30778676,2026-07-27,2026-07-27 09:31:26.496744,SELANGOR,PETALING,"KOMPLEKS PASAR BORONG SELANGOR, SERI KEMBANGAN",Runcit,26,Tanaman Kontan,05,001,KELAPA DIKUPAS,SEDANG,Biji,3,2.33,
30778677,2026-07-27,2026-07-27 09:31:26.496744,SELANGOR,PETALING,"KOMPLEKS PASAR BORONG SELANGOR, SERI KEMBANGAN",Runcit,26,Lain-Lain Makanan Proses,15,001,SANTAN PEKAT,F.A.Q,Kilogram,12,11.7,
30778678,2026-07-27,2026-07-27 09:31:29.512652,TERENGGANU,KUALA TERENGGANU,PASAR BORONG GONG PAUH,Borong,,Sayur-Sayuran,03,001,BAYAM,F.A.Q,Kilogram,5,4.11,
30778679,2026-07-27,2026-07-27 09:31:29.575342,TERENGGANU,KUALA TERENGGANU,PASAR BORONG GONG PAUH,Borong,,Sayur-Sayuran,02,002,CILI MERAH KULAI / KULAI HIBRID,F.A.Q,Kilogram,12,13.69,
30778680,2026-07-27,2026-07-27 09:31:29.628333,TERENGGANU,KUALA TERENGGANU,PASAR BORONG GONG PAUH,Borong,,Sayur-Sayuran,02,002,CILI MERAH MINYAK,F.A.Q,Kilogram,10,11.76,
30778681,2026-07-27,2026-07-27 09:31:29.690984,TERENGGANU,KUALA TERENGGANU,PASAR BORONG GONG PAUH,Borong,,Sayur-Sayuran,04,002,KACANG BENDI,F.A.Q,Kilogram,7,8.23,
30778682,2026-07-27,2026-07-27 09:31:29.748346,TERENGGANU,KUALA TERENGGANU,PASAR BORONG GONG PAUH,Borong,,Sayur-Sayuran,04,007,KACANG PANJANG HIJAU,F.A.Q,Kilogram,7,5.88,
30778683,2026-07-27,2026-07-27 09:31:29.805897,TERENGGANU,KUALA TERENGGANU,PASAR BORONG GONG PAUH,Borong,,Sayur-Sayuran,03,006,KUBIS BULAT (TANAH TINGGI),F.A.Q,Kilogram,3.5,3.18,
30778684,2026-07-27,2026-07-27 09:31:29.858357,TERENGGANU,KUALA TERENGGANU,PASAR BORONG GONG PAUH,Borong,,Sayur-Sayuran,03,007,SAWI HIJAU (TANAH RENDAH),F.A.Q,Kilogram,5,4.43,
30778685,2026-07-27,2026-07-27 09:31:29.923849,TERENGGANU,KUALA TERENGGANU,PASAR BORONG GONG PAUH,Borong,,Sayur-Sayuran,02,010,TERUNG PANJANG / PEPARU (TANAH RENDAH),F.A.Q,Kilogram,6,7.33,
30778686,2026-07-27,2026-07-27 09:31:30.041234,TERENGGANU,KUALA TERENGGANU,PASAR BORONG GONG PAUH,Borong,,Sayur-Sayuran,02,011,TIMUN HIJAU,F.A.Q,Kilogram,3.5,2.57,
30778687,2026-07-27,2026-07-27 09:31:30.135421,TERENGGANU,KUALA TERENGGANU,PASAR BORONG GONG PAUH,Borong,,Sayur-Sayuran,02,012,TOMATO (TANAH TINGGI),F.A.Q,Kilogram,8,7,
30778688,2026-07-27,2026-07-27 09:32:05.218171,TERENGGANU,KUALA TERENGGANU,PASAR BESAR KEDAI PAYANG,Runcit,,Lain-Lain Makanan Proses,15,001,SANTAN PEKAT,F.A.Q,Kilogram,16,11.7,
30778689,2026-07-27,2026-07-27 09:32:11.225666,SELANGOR,PETALING,"KOMPLEKS PASAR BORONG SELANGOR, SERI KEMBANGAN",Borong,20,Tanaman Kontan,05,001,KELAPA DIKUPAS,SEDANG,Biji,2.5,1.79,
30778690,2026-07-27,2026-07-27 09:32:22.039838,TERENGGANU,KUALA TERENGGANU,PASAR BESAR KEDAI PAYANG,Runcit,,Ternakan,03,002,AYAM PROSES STANDARD,F.A.Q,Kilogram,10.5,9.99,
30778691,2026-07-27,2026-07-27 09:32:22.086287,TERENGGANU,KUALA TERENGGANU,PASAR BESAR KEDAI PAYANG,Runcit,,Ternakan,02,003,DAGING LEMBU PEJAL,F.A.Q,Kilogram,28,39.05,
30778692,2026-07-27,2026-07-27 09:32:55.586769,SELANGOR,PETALING,"KOMPLEKS PASAR BORONG SELANGOR, SERI KEMBANGAN",Runcit,26,Ternakan,02,003,DAGING LEMBU PEJAL,F.A.Q,Kilogram,39,35.01,
30778693,2026-07-27,2026-07-27 09:33:07.746264,SELANGOR,PETALING,"KOMPLEKS PASAR BORONG SELANGOR, SERI KEMBANGAN",Runcit,26,Ternakan,03,002,AYAM PROSES STANDARD,F.A.Q,Kilogram,10.5,10.5,
30778694,2026-07-27,2026-07-27 09:33:36.519272,SELANGOR,PETALING,"KOMPLEKS PASAR BORONG SELANGOR, SERI KEMBANGAN",Runcit,26,Sayur-Sayuran,05,001,BAWANG BESAR MERAH (INDIA),F.A.Q,Kilogram,4,4.23,
30778695,2026-07-27,2026-07-27 09:33:36.519272,SELANGOR,PETALING,"KOMPLEKS PASAR BORONG SELANGOR, SERI KEMBANGAN",Runcit,26,Sayur-Sayuran,05,001,BAWANG PUTIH (CHINA),F.A.Q,Kilogram,8,8,
30778696,2026-07-27,2026-07-27 09:33:48.562649,SELANGOR,PETALING,"KOMPLEKS PASAR BORONG SELANGOR, SERI KEMBANGAN",Borong,20,Ternakan,03,002,AYAM PROSES STANDARD,F.A.Q,Kilogram,9.1,9,
30778697,2026-07-27,2026-07-27 09:34:30.16551,TERENGGANU,KUALA TERENGGANU,PASAR BORONG GONG PAUH,Borong,,Sayur-Sayuran,03,001,BAYAM,F.A.Q,Kilogram,5,4.11,
30778698,2026-07-27,2026-07-27 09:34:30.222174,TERENGGANU,KUALA TERENGGANU,PASAR BORONG GONG PAUH,Borong,,Sayur-Sayuran,02,002,CILI MERAH KULAI / KULAI HIBRID,F.A.Q,Kilogram,12,13.69,
30778699,2026-07-27,2026-07-27 09:34:30.243024,SELANGOR,PETALING,"KOMPLEKS PASAR BORONG SELANGOR, SERI KEMBANGAN",Borong,20,Sayur-Sayuran,05,001,BAWANG BESAR MERAH (INDIA),F.A.Q,Kilogram,1.7,2.37,
30778700,2026-07-27,2026-07-27 09:34:30.243024,SELANGOR,PETALING,"KOMPLEKS PASAR BORONG SELANGOR, SERI KEMBANGAN",Borong,20,Sayur-Sayuran,05,001,BAWANG PUTIH (CHINA),F.A.Q,Kilogram,5.7,7.62,
30778701,2026-07-27,2026-07-27 09:34:30.271416,TERENGGANU,KUALA TERENGGANU,PASAR BORONG GONG PAUH,Borong,,Sayur-Sayuran,02,002,CILI MERAH MINYAK,F.A.Q,Kilogram,9,11.76,
30778702,2026-07-27,2026-07-27 09:34:30.326061,TERENGGANU,KUALA TERENGGANU,PASAR BORONG GONG PAUH,Borong,,Sayur-Sayuran,04,002,KACANG BENDI,F.A.Q,Kilogram,7,8.23,
30778703,2026-07-27,2026-07-27 09:34:30.385056,TERENGGANU,KUALA TERENGGANU,PASAR BORONG GONG PAUH,Borong,,Sayur-Sayuran,04,007,KACANG PANJANG HIJAU,F.A.Q,Kilogram,7,5.88,
30778704,2026-07-27,2026-07-27 09:34:30.438015,TERENGGANU,KUALA TERENGGANU,PASAR BORONG GONG PAUH,Borong,,Sayur-Sayuran,03,006,KUBIS BULAT (TANAH TINGGI),F.A.Q,Kilogram,3,3.18,
30778705,2026-07-27,2026-07-27 09:34:30.500347,TERENGGANU,KUALA TERENGGANU,PASAR BORONG GONG PAUH,Borong,,Sayur-Sayuran,03,007,SAWI HIJAU (TANAH RENDAH),F.A.Q,Kilogram,5,4.43,
30778706,2026-07-27,2026-07-27 09:34:30.552234,TERENGGANU,KUALA TERENGGANU,PASAR BORONG GONG PAUH,Borong,,Sayur-Sayuran,02,010,TERUNG PANJANG / PEPARU (TANAH RENDAH),F.A.Q,Kilogram,6,7.33,
30778707,2026-07-27,2026-07-27 09:34:30.606086,TERENGGANU,KUALA TERENGGANU,PASAR BORONG GONG PAUH,Borong,,Sayur-Sayuran,02,011,TIMUN HIJAU,F.A.Q,Kilogram,3.5,2.57,
30778708,2026-07-27,2026-07-27 09:34:30.665355,TERENGGANU,KUALA TERENGGANU,PASAR BORONG GONG PAUH,Borong,,Sayur-Sayuran,02,012,TOMATO (TANAH TINGGI),F.A.Q,Kilogram,7,7,
30778709,2026-07-27,2026-07-27 09:34:41.198614,SARAWAK,MIRI,PASAR TAMU MUHIBBAH MIRI,Borong,20,Sayur-Sayuran,05,001,BAWANG BESAR MERAH (INDIA),F.A.Q,Kilogram,3,3,
30778710,2026-07-27,2026-07-27 09:34:41.198614,SARAWAK,MIRI,PASAR TAMU MUHIBBAH MIRI,Borong,20,Sayur-Sayuran,05,001,BAWANG PUTIH (CHINA),F.A.Q,Kilogram,6,6.1,
30778711,2026-07-27,2026-07-27 09:34:41.198614,SARAWAK,MIRI,PASAR TAMU MUHIBBAH MIRI,Borong,20,Sayur-Sayuran,03,001,BAYAM,F.A.Q,Kilogram,5,4.7,
30778712,2026-07-27,2026-07-27 09:34:41.198614,SARAWAK,MIRI,PASAR TAMU MUHIBBAH MIRI,Borong,20,Sayur-Sayuran,02,002,CILI MERAH KULAI / KULAI HIBRID,F.A.Q,Kilogram,16,16,
30778713,2026-07-27,2026-07-27 09:34:41.198614,SARAWAK,MIRI,PASAR TAMU MUHIBBAH MIRI,Borong,20,Sayur-Sayuran,02,002,CILI MERAH MINYAK,F.A.Q,Kilogram,14,14,
30778714,2026-07-27,2026-07-27 09:34:41.198614,SARAWAK,MIRI,PASAR TAMU MUHIBBAH MIRI,Borong,20,Sayur-Sayuran,04,002,KACANG BENDI,F.A.Q,Kilogram,7,6.4,
30778715,2026-07-27,2026-07-27 09:34:41.198614,SARAWAK,MIRI,PASAR TAMU MUHIBBAH MIRI,Borong,20,Sayur-Sayuran,04,007,KACANG PANJANG HIJAU,F.A.Q,Kilogram,7,6.4,
30778716,2026-07-27,2026-07-27 09:34:41.198614,SARAWAK,MIRI,PASAR TAMU MUHIBBAH MIRI,Borong,20,Tanaman Kontan,05,001,KELAPA DIKUPAS,SEDANG,Biji,2.5,2.5,
30778717,2026-07-27,2026-07-27 09:34:41.198614,SARAWAK,MIRI,PASAR TAMU MUHIBBAH MIRI,Borong,20,Sayur-Sayuran,03,006,KUBIS BULAT (TANAH TINGGI),F.A.Q,Kilogram,5,5,
30778718,2026-07-27,2026-07-27 09:34:41.198614,SARAWAK,MIRI,PASAR TAMU MUHIBBAH MIRI,Borong,20,Sayur-Sayuran,03,007,SAWI HIJAU (TANAH RENDAH),F.A.Q,Kilogram,9,9,
30778719,2026-07-27,2026-07-27 09:34:41.198614,SARAWAK,MIRI,PASAR TAMU MUHIBBAH MIRI,Borong,20,Sayur-Sayuran,02,010,TERUNG PANJANG / PEPARU (TANAH RENDAH),F.A.Q,Kilogram,7,6.4,
30778720,2026-07-27,2026-07-27 09:34:41.198614,SARAWAK,MIRI,PASAR TAMU MUHIBBAH MIRI,Borong,20,Sayur-Sayuran,02,011,TIMUN HIJAU,F.A.Q,Kilogram,5,4.4,
30778721,2026-07-27,2026-07-27 09:34:41.198614,SARAWAK,MIRI,PASAR TAMU MUHIBBAH MIRI,Borong,20,Sayur-Sayuran,02,012,TOMATO (TANAH TINGGI),F.A.Q,Kilogram,8,8,
30778722,2026-07-27,2026-07-27 09:34:51.213093,TERENGGANU,KEMAMAN,[LOKASI KUTIPAN HARGA LADANG] KERTEH,Ladang,,Ternakan,01,003,AYAM HIDUP,F.A.Q,Kilogram,7,6.51,
30778723,2026-07-27,2026-07-27 09:35:17.930151,SARAWAK,MIRI,[LOKASI KUTIPAN HARGA LADANG] BEKENU,Ladang,,Ternakan,11,001,TELUR AYAM,B,Biji,0.44,0.43583333,
30778724,2026-07-27,2026-07-27 09:35:22.086911,TERENGGANU,MARANG,LADANG/KEBUN SERATING,Ladang,,Buah-Buahan,02,034,TEMBIKAI MERAH TANPA BIJI,F.A.Q,Kilogram,1.5,2.46,
30778725,2026-07-27,2026-07-27 09:35:33.805264,PULAU PINANG,SEBERANG PERAI TENGAH,PASAR AWAM SEBERANG JAYA,Runcit,26,Sayur-Sayuran,03,001,BAYAM,F.A.Q,Kilogram,5,5.1,
30778726,2026-07-27,2026-07-27 09:35:33.805264,PULAU PINANG,SEBERANG PERAI TENGAH,PASAR AWAM SEBERANG JAYA,Runcit,26,Sayur-Sayuran,02,002,CILI MERAH KULAI / KULAI HIBRID,F.A.Q,Kilogram,22,19.741936,
30778727,2026-07-27,2026-07-27 09:35:33.805264,PULAU PINANG,SEBERANG PERAI TENGAH,PASAR AWAM SEBERANG JAYA,Runcit,26,Sayur-Sayuran,02,002,CILI MERAH MINYAK,F.A.Q,Kilogram,16,16,
30778728,2026-07-27,2026-07-27 09:35:33.805264,PULAU PINANG,SEBERANG PERAI TENGAH,PASAR AWAM SEBERANG JAYA,Runcit,26,Sayur-Sayuran,04,002,KACANG BENDI,F.A.Q,Kilogram,9,10,
30778729,2026-07-27,2026-07-27 09:35:33.805264,PULAU PINANG,SEBERANG PERAI TENGAH,PASAR AWAM SEBERANG JAYA,Runcit,26,Sayur-Sayuran,04,007,KACANG PANJANG HIJAU,F.A.Q,Kilogram,10,10,
30778730,2026-07-27,2026-07-27 09:35:33.805264,PULAU PINANG,SEBERANG PERAI TENGAH,PASAR AWAM SEBERANG JAYA,Runcit,26,Sayur-Sayuran,03,006,KUBIS BULAT (TANAH TINGGI),F.A.Q,Kilogram,6,6.275862,
30778731,2026-07-27,2026-07-27 09:35:33.805264,PULAU PINANG,SEBERANG PERAI TENGAH,PASAR AWAM SEBERANG JAYA,Runcit,26,Sayur-Sayuran,03,007,SAWI HIJAU (TANAH RENDAH),F.A.Q,Kilogram,5,5.137931,
30778732,2026-07-27,2026-07-27 09:35:33.805264,PULAU PINANG,SEBERANG PERAI TENGAH,PASAR AWAM SEBERANG JAYA,Runcit,26,Sayur-Sayuran,03,007,SAWI HIJAU TANAH TINGGI,F.A.Q,Kilogram,7,6.53125,
30778733,2026-07-27,2026-07-27 09:35:33.805264,PULAU PINANG,SEBERANG PERAI TENGAH,PASAR AWAM SEBERANG JAYA,Runcit,26,Sayur-Sayuran,02,010,TERUNG PANJANG / PEPARU (TANAH RENDAH),F.A.Q,Kilogram,12,10.666667,
30778734,2026-07-27,2026-07-27 09:35:33.805264,PULAU PINANG,SEBERANG PERAI TENGAH,PASAR AWAM SEBERANG JAYA,Runcit,26,Sayur-Sayuran,02,011,TIMUN HIJAU,F.A.Q,Kilogram,5,4.969697,
30778735,2026-07-27,2026-07-27 09:35:33.805264,PULAU PINANG,SEBERANG PERAI TENGAH,PASAR AWAM SEBERANG JAYA,Runcit,26,Sayur-Sayuran,02,011,TIMUN HIJAU,F.A.Q,Kilogram,4,4.969697,
30778736,2026-07-27,2026-07-27 09:35:33.805264,PULAU PINANG,SEBERANG PERAI TENGAH,PASAR AWAM SEBERANG JAYA,Runcit,26,Sayur-Sayuran,02,012,TOMATO (TANAH TINGGI),F.A.Q,Kilogram,12,8.333333,
30778737,2026-07-27,2026-07-27 09:36:46.601293,TERENGGANU,KUALA TERENGGANU,KELOMPOK PERTANIAN KAMPUNG CHE LONG,Ladang,,Sayur-Sayuran,02,002,CILI MERAH KULAI / KULAI HIBRID,F.A.Q,Kilogram,6.5,10.44,
30778738,2026-07-27,2026-07-27 09:36:46.651049,TERENGGANU,KUALA TERENGGANU,KELOMPOK PERTANIAN KAMPUNG CHE LONG,Ladang,,Sayur-Sayuran,04,002,KACANG BENDI,F.A.Q,Kilogram,3,5.34,
30778739,2026-07-27,2026-07-27 09:36:46.703899,TERENGGANU,KUALA TERENGGANU,KELOMPOK PERTANIAN KAMPUNG CHE LONG,Ladang,,Sayur-Sayuran,04,007,KACANG PANJANG HIJAU,F.A.Q,Kilogram,3,4.02,
30778740,2026-07-27,2026-07-27 09:36:46.753684,TERENGGANU,KUALA TERENGGANU,KELOMPOK PERTANIAN KAMPUNG CHE LONG,Ladang,,Sayur-Sayuran,03,007,SAWI HIJAU (TANAH RENDAH),F.A.Q,Kilogram,2.5,3.39,
30778741,2026-07-27,2026-07-27 09:36:46.802214,TERENGGANU,KUALA TERENGGANU,KELOMPOK PERTANIAN KAMPUNG CHE LONG,Ladang,,Sayur-Sayuran,02,010,TERUNG PANJANG / PEPARU (TANAH RENDAH),F.A.Q,Kilogram,3,5.38,
30778742,2026-07-27,2026-07-27 09:36:46.853221,TERENGGANU,KUALA TERENGGANU,KELOMPOK PERTANIAN KAMPUNG CHE LONG,Ladang,,Sayur-Sayuran,02,011,TIMUN HIJAU,F.A.Q,Kilogram,2,1.67,
30778743,2026-07-27,2026-07-27 09:36:51.711375,SELANGOR,PETALING,"KOMPLEKS PASAR BORONG SELANGOR, SERI KEMBANGAN",Runcit,26,Sayur-Sayuran,03,001,BAYAM,F.A.Q,Kilogram,3.6,6.02,
30778744,2026-07-27,2026-07-27 09:36:51.711375,SELANGOR,PETALING,"KOMPLEKS PASAR BORONG SELANGOR, SERI KEMBANGAN",Runcit,26,Sayur-Sayuran,02,002,CILI MERAH KULAI / KULAI HIBRID,F.A.Q,Kilogram,14,15,
30778745,2026-07-27,2026-07-27 09:36:51.711375,SELANGOR,PETALING,"KOMPLEKS PASAR BORONG SELANGOR, SERI KEMBANGAN",Runcit,26,Sayur-Sayuran,02,002,CILI MERAH MINYAK,F.A.Q,Kilogram,9,13.59,
30778746,2026-07-27,2026-07-27 09:36:51.711375,SELANGOR,PETALING,"KOMPLEKS PASAR BORONG SELANGOR, SERI KEMBANGAN",Runcit,26,Sayur-Sayuran,04,002,KACANG BENDI,F.A.Q,Kilogram,7,9.12,
30778747,2026-07-27,2026-07-27 09:36:51.711375,SELANGOR,PETALING,"KOMPLEKS PASAR BORONG SELANGOR, SERI KEMBANGAN",Runcit,26,Sayur-Sayuran,04,007,KACANG PANJANG HIJAU,F.A.Q,Kilogram,6,8.57,
30778748,2026-07-27,2026-07-27 09:36:51.711375,SELANGOR,PETALING,"KOMPLEKS PASAR BORONG SELANGOR, SERI KEMBANGAN",Runcit,26,Sayur-Sayuran,03,006,KUBIS BULAT (TANAH TINGGI),F.A.Q,Kilogram,3.5,4.94,
30778749,2026-07-27,2026-07-27 09:36:51.711375,SELANGOR,PETALING,"KOMPLEKS PASAR BORONG SELANGOR, SERI KEMBANGAN",Runcit,26,Sayur-Sayuran,03,007,SAWI HIJAU (TANAH RENDAH),F.A.Q,Kilogram,5.5,4.5,
30778750,2026-07-27,2026-07-27 09:36:51.711375,SELANGOR,PETALING,"KOMPLEKS PASAR BORONG SELANGOR, SERI KEMBANGAN",Runcit,26,Sayur-Sayuran,02,010,TERUNG PANJANG / PEPARU (TANAH RENDAH),F.A.Q,Kilogram,9,7.75,
30778751,2026-07-27,2026-07-27 09:36:51.711375,SELANGOR,PETALING,"KOMPLEKS PASAR BORONG SELANGOR, SERI KEMBANGAN",Runcit,26,Sayur-Sayuran,02,011,TIMUN HIJAU,F.A.Q,Kilogram,3.8,4,
30778752,2026-07-27,2026-07-27 09:36:51.711375,SELANGOR,PETALING,"KOMPLEKS PASAR BORONG SELANGOR, SERI KEMBANGAN",Runcit,26,Sayur-Sayuran,02,012,TOMATO (TANAH TINGGI),F.A.Q,Kilogram,10,5.71,
30778753,2026-07-27,2026-07-27 09:37:09.665533,SARAWAK,MIRI,[LOKASI KUTIPAN HARGA LADANG] BEKENU,Ladang,,Sayur-Sayuran,03,001,BAYAM,F.A.Q,Kilogram,4,3.7272727,
30778754,2026-07-27,2026-07-27 09:37:09.665533,SARAWAK,MIRI,[LOKASI KUTIPAN HARGA LADANG] BEKENU,Ladang,,Sayur-Sayuran,02,002,CILI MERAH KULAI / KULAI HIBRID,F.A.Q,Kilogram,14,14,
30778755,2026-07-27,2026-07-27 09:37:09.665533,SARAWAK,MIRI,[LOKASI KUTIPAN HARGA LADANG] BEKENU,Ladang,,Sayur-Sayuran,02,002,CILI MERAH MINYAK,F.A.Q,Kilogram,12,12,
30778756,2026-07-27,2026-07-27 09:37:09.665533,SARAWAK,MIRI,[LOKASI KUTIPAN HARGA LADANG] BEKENU,Ladang,,Sayur-Sayuran,04,002,KACANG BENDI,F.A.Q,Kilogram,6,5.4545455,
30778757,2026-07-27,2026-07-27 09:37:09.665533,SARAWAK,MIRI,[LOKASI KUTIPAN HARGA LADANG] BEKENU,Ladang,,Sayur-Sayuran,04,007,KACANG PANJANG HIJAU,F.A.Q,Kilogram,6,5.4545455,
30778758,2026-07-27,2026-07-27 09:37:09.665533,SARAWAK,MIRI,[LOKASI KUTIPAN HARGA LADANG] BEKENU,Ladang,,Sayur-Sayuran,03,007,SAWI HIJAU (TANAH RENDAH),F.A.Q,Kilogram,8,8,
30778759,2026-07-27,2026-07-27 09:37:09.665533,SARAWAK,MIRI,[LOKASI KUTIPAN HARGA LADANG] BEKENU,Ladang,,Sayur-Sayuran,02,010,TERUNG PANJANG / PEPARU (TANAH RENDAH),F.A.Q,Kilogram,6,5.4545455,
30778760,2026-07-27,2026-07-27 09:37:09.665533,SARAWAK,MIRI,[LOKASI KUTIPAN HARGA LADANG] BEKENU,Ladang,,Sayur-Sayuran,02,011,TIMUN HIJAU,F.A.Q,Kilogram,4,3.4545455,
30778761,2026-07-27,2026-07-27 09:38:10.623827,JOHOR,MERSING,PAKAR MERSING - PASAR TANI,Runcit,17,Buah-Buahan,01,005,DURIAN KAMPUNG,F.A.Q,Kilogram,8,11.13,
30778762,2026-07-27,2026-07-27 09:38:10.623827,JOHOR,MERSING,PAKAR MERSING - PASAR TANI,Runcit,17,Buah-Buahan,01,005,DURIAN KLON / KAHWIN,F.A.Q,Kilogram,18,20,
30778763,2026-07-27,2026-07-27 09:38:10.623827,JOHOR,MERSING,PAKAR MERSING - PASAR TANI,Runcit,17,Buah-Buahan,01,005,DURIAN MUSANG KING / RAJA KUNYIT (D197),F.A.Q,Kilogram,30,41.67,
30778764,2026-07-27,2026-07-27 09:38:39.767861,SARAWAK,MIRI,[LOKASI KUTIPAN HARGA LADANG] BEKENU,Ladang,,Tanaman Kontan,05,001,KELAPA DIKUPAS,SEDANG,Biji,2,2,
30778765,2026-07-27,2026-07-27 09:38:39.767861,SARAWAK,MIRI,[LOKASI KUTIPAN HARGA LADANG] BEKENU,Ladang,,Buah-Buahan,02,023,NANAS JOSAPINE (AC5),F.A.Q,Kilogram,3,3,
30778766,2026-07-27,2026-07-27 09:38:39.767861,SARAWAK,MIRI,[LOKASI KUTIPAN HARGA LADANG] BEKENU,Ladang,,Buah-Buahan,02,028,PISANG BERANGAN,F.A.Q,Kilogram,5,5,
30778767,2026-07-27,2026-07-27 09:38:39.767861,SARAWAK,MIRI,[LOKASI KUTIPAN HARGA LADANG] BEKENU,Ladang,,Buah-Buahan,02,034,TEMBIKAI MERAH TANPA BIJI,F.A.Q,Kilogram,3,3,
30778768,2026-07-27,2026-07-27 09:38:43.701939,SELANGOR,PETALING,"KOMPLEKS PASAR BORONG SELANGOR, SERI KEMBANGAN",Borong,20,Sayur-Sayuran,03,001,BAYAM,F.A.Q,Kilogram,2.6,4.08,
30778769,2026-07-27,2026-07-27 09:38:43.701939,SELANGOR,PETALING,"KOMPLEKS PASAR BORONG SELANGOR, SERI KEMBANGAN",Borong,20,Sayur-Sayuran,02,002,CILI MERAH KULAI / KULAI HIBRID,F.A.Q,Kilogram,13,14,
30778770,2026-07-27,2026-07-27 09:38:43.701939,SELANGOR,PETALING,"KOMPLEKS PASAR BORONG SELANGOR, SERI KEMBANGAN",Borong,20,Sayur-Sayuran,02,002,CILI MERAH MINYAK,F.A.Q,Kilogram,8,10.47,
30778771,2026-07-27,2026-07-27 09:38:43.701939,SELANGOR,PETALING,"KOMPLEKS PASAR BORONG SELANGOR, SERI KEMBANGAN",Borong,20,Sayur-Sayuran,04,002,KACANG BENDI,F.A.Q,Kilogram,6,6.56,
30778772,2026-07-27,2026-07-27 09:38:43.701939,SELANGOR,PETALING,"KOMPLEKS PASAR BORONG SELANGOR, SERI KEMBANGAN",Borong,20,Sayur-Sayuran,04,007,KACANG PANJANG HIJAU,F.A.Q,Kilogram,5,6,
30778773,2026-07-27,2026-07-27 09:38:43.701939,SELANGOR,PETALING,"KOMPLEKS PASAR BORONG SELANGOR, SERI KEMBANGAN",Borong,20,Sayur-Sayuran,03,006,KUBIS BULAT (TANAH TINGGI),F.A.Q,Kilogram,2.5,3.08,
30778774,2026-07-27,2026-07-27 09:38:43.701939,SELANGOR,PETALING,"KOMPLEKS PASAR BORONG SELANGOR, SERI KEMBANGAN",Borong,20,Sayur-Sayuran,03,007,SAWI HIJAU (TANAH RENDAH),F.A.Q,Kilogram,4.5,3.5,
30778775,2026-07-27,2026-07-27 09:38:43.701939,SELANGOR,PETALING,"KOMPLEKS PASAR BORONG SELANGOR, SERI KEMBANGAN",Borong,20,Sayur-Sayuran,02,010,TERUNG PANJANG / PEPARU (TANAH RENDAH),F.A.Q,Kilogram,8,6.75,
30778776,2026-07-27,2026-07-27 09:38:43.701939,SELANGOR,PETALING,"KOMPLEKS PASAR BORONG SELANGOR, SERI KEMBANGAN",Borong,20,Sayur-Sayuran,02,011,TIMUN HIJAU,F.A.Q,Kilogram,2.8,3,
30778777,2026-07-27,2026-07-27 09:38:43.701939,SELANGOR,PETALING,"KOMPLEKS PASAR BORONG SELANGOR, SERI KEMBANGAN",Borong,20,Sayur-Sayuran,02,012,TOMATO (TANAH TINGGI),F.A.Q,Kilogram,9,3.76,
30778778,2026-07-27,2026-07-27 09:39:08.813985,PULAU PINANG,SEBERANG PERAI TENGAH,PASAR AWAM SEBERANG JAYA,Runcit,26,Buah-Buahan,02,023,NANAS JOSAPINE (AC5),F.A.Q,Kilogram,6,5,
30778779,2026-07-27,2026-07-27 09:39:08.813985,PULAU PINANG,SEBERANG PERAI TENGAH,PASAR AWAM SEBERANG JAYA,Runcit,26,Buah-Buahan,02,023,NANAS JOSAPINE (AC5),F.A.Q,Kilogram,5,5,
30778780,2026-07-27,2026-07-27 09:39:08.813985,PULAU PINANG,SEBERANG PERAI TENGAH,PASAR AWAM SEBERANG JAYA,Runcit,26,Buah-Buahan,02,028,PISANG BERANGAN,F.A.Q,Kilogram,7.5,7.2727275,
30778781,2026-07-27,2026-07-27 09:39:08.813985,PULAU PINANG,SEBERANG PERAI TENGAH,PASAR AWAM SEBERANG JAYA,Runcit,26,Buah-Buahan,02,034,TEMBIKAI MERAH TANPA BIJI,F.A.Q,Kilogram,5,4.2065215,
30778782,2026-07-27,2026-07-27 09:39:08.813985,PULAU PINANG,SEBERANG PERAI TENGAH,PASAR AWAM SEBERANG JAYA,Runcit,26,Buah-Buahan,02,034,TEMBIKAI MERAH TANPA BIJI,F.A.Q,Kilogram,4,4.2065215,
30778783,2026-07-27,2026-07-27 09:39:36.0225,SARAWAK,MIRI,PASAR TAMU MUHIBBAH MIRI,Runcit,26,Buah-Buahan,02,023,NANAS JOSAPINE (AC5),F.A.Q,Kilogram,5,5,
30778784,2026-07-27,2026-07-27 09:39:36.0225,SARAWAK,MIRI,PASAR TAMU MUHIBBAH MIRI,Runcit,26,Buah-Buahan,02,028,PISANG BERANGAN,F.A.Q,Kilogram,7,7,
30778785,2026-07-27,2026-07-27 09:39:36.0225,SARAWAK,MIRI,PASAR TAMU MUHIBBAH MIRI,Runcit,26,Buah-Buahan,02,034,TEMBIKAI MERAH TANPA BIJI,F.A.Q,Kilogram,5,5,
30778786,2026-07-27,2026-07-27 09:40:46.622659,SARAWAK,MIRI,PASAR TAMU MUHIBBAH MIRI,Borong,20,Buah-Buahan,02,023,NANAS JOSAPINE (AC5),F.A.Q,Kilogram,4,4,
30778787,2026-07-27,2026-07-27 09:40:46.622659,SARAWAK,MIRI,PASAR TAMU MUHIBBAH MIRI,Borong,20,Buah-Buahan,02,028,PISANG BERANGAN,F.A.Q,Kilogram,6,6,
30778788,2026-07-27,2026-07-27 09:40:46.622659,SARAWAK,MIRI,PASAR TAMU MUHIBBAH MIRI,Borong,20,Buah-Buahan,02,034,TEMBIKAI MERAH TANPA BIJI,F.A.Q,Kilogram,4,4,
30778789,2026-07-27,2026-07-27 09:40:53.24384,SELANGOR,PETALING,"KOMPLEKS PASAR BORONG SELANGOR, SERI KEMBANGAN",Runcit,26,Sayur-Sayuran,03,001,BAYAM,F.A.Q,Kilogram,3.5,6.02,
30778790,2026-07-27,2026-07-27 09:40:53.24384,SELANGOR,PETALING,"KOMPLEKS PASAR BORONG SELANGOR, SERI KEMBANGAN",Runcit,26,Sayur-Sayuran,02,002,CILI MERAH KULAI / KULAI HIBRID,F.A.Q,Kilogram,14,15,
30778791,2026-07-27,2026-07-27 09:40:53.24384,SELANGOR,PETALING,"KOMPLEKS PASAR BORONG SELANGOR, SERI KEMBANGAN",Runcit,26,Sayur-Sayuran,02,002,CILI MERAH MINYAK,F.A.Q,Kilogram,10,13.59,
30778792,2026-07-27,2026-07-27 09:40:53.24384,SELANGOR,PETALING,"KOMPLEKS PASAR BORONG SELANGOR, SERI KEMBANGAN",Runcit,26,Sayur-Sayuran,04,002,KACANG BENDI,F.A.Q,Kilogram,7,9.12,
30778793,2026-07-27,2026-07-27 09:40:53.24384,SELANGOR,PETALING,"KOMPLEKS PASAR BORONG SELANGOR, SERI KEMBANGAN",Runcit,26,Sayur-Sayuran,04,007,KACANG PANJANG HIJAU,F.A.Q,Kilogram,6,8.57,
30778794,2026-07-27,2026-07-27 09:40:53.24384,SELANGOR,PETALING,"KOMPLEKS PASAR BORONG SELANGOR, SERI KEMBANGAN",Runcit,26,Sayur-Sayuran,03,006,KUBIS BULAT (TANAH TINGGI),F.A.Q,Kilogram,3.5,4.94,
30778795,2026-07-27,2026-07-27 09:40:53.24384,SELANGOR,PETALING,"KOMPLEKS PASAR BORONG SELANGOR, SERI KEMBANGAN",Runcit,26,Sayur-Sayuran,03,007,SAWI HIJAU (TANAH RENDAH),F.A.Q,Kilogram,5,4.5,
30778796,2026-07-27,2026-07-27 09:40:53.24384,SELANGOR,PETALING,"KOMPLEKS PASAR BORONG SELANGOR, SERI KEMBANGAN",Runcit,26,Sayur-Sayuran,02,010,TERUNG PANJANG / PEPARU (TANAH RENDAH),F.A.Q,Kilogram,9,7.75,
30778797,2026-07-27,2026-07-27 09:40:53.24384,SELANGOR,PETALING,"KOMPLEKS PASAR BORONG SELANGOR, SERI KEMBANGAN",Runcit,26,Sayur-Sayuran,02,011,TIMUN HIJAU,F.A.Q,Kilogram,3.5,4,
30778798,2026-07-27,2026-07-27 09:40:53.24384,SELANGOR,PETALING,"KOMPLEKS PASAR BORONG SELANGOR, SERI KEMBANGAN",Runcit,26,Sayur-Sayuran,02,012,TOMATO (TANAH TINGGI),F.A.Q,Kilogram,10,5.71,
30778799,2026-07-27,2026-07-27 09:41:07.188723,PULAU PINANG,SEBERANG PERAI TENGAH,PASAR AWAM SEBERANG JAYA,Runcit,26,Buah-Buahan,02,023,NANAS JOSAPINE (AC5),F.A.Q,Kilogram,5,5,
30778800,2026-07-27,2026-07-27 09:41:07.188723,PULAU PINANG,SEBERANG PERAI TENGAH,PASAR AWAM SEBERANG JAYA,Runcit,26,Buah-Buahan,02,023,NANAS JOSAPINE (AC5),F.A.Q,Kilogram,4,5,
30778801,2026-07-27,2026-07-27 09:41:07.188723,PULAU PINANG,SEBERANG PERAI TENGAH,PASAR AWAM SEBERANG JAYA,Runcit,26,Buah-Buahan,02,028,PISANG BERANGAN,F.A.Q,Kilogram,7,7.2727275,
30778802,2026-07-27,2026-07-27 09:41:07.188723,PULAU PINANG,SEBERANG PERAI TENGAH,PASAR AWAM SEBERANG JAYA,Runcit,26,Buah-Buahan,02,034,TEMBIKAI MERAH TANPA BIJI,F.A.Q,Kilogram,4,4.2065215,
30778803,2026-07-27,2026-07-27 09:41:07.188723,PULAU PINANG,SEBERANG PERAI TENGAH,PASAR AWAM SEBERANG JAYA,Runcit,26,Buah-Buahan,02,034,TEMBIKAI MERAH TANPA BIJI,F.A.Q,Kilogram,3.5,4.2065215,
30778804,2026-07-27,2026-07-27 09:41:35.095251,TERENGGANU,KUALA TERENGGANU,PASAR BESAR KEDAI PAYANG,Runcit,,Buah-Buahan,02,036,ANGGUR HIJAU TANPA BIJI,F.A.Q,Kilogram,25,24,
30778805,2026-07-27,2026-07-27 09:41:35.151518,TERENGGANU,KUALA TERENGGANU,PASAR BESAR KEDAI PAYANG,Runcit,,Buah-Buahan,02,036,ANGGUR HITAM TANPA BIJI,F.A.Q,Kilogram,24,24.48,
30778806,2026-07-27,2026-07-27 09:41:35.202596,TERENGGANU,KUALA TERENGGANU,PASAR BESAR KEDAI PAYANG,Runcit,,Buah-Buahan,02,036,ANGGUR MERAH TANPA BIJI,F.A.Q,Kilogram,20,22.93,
30778807,2026-07-27,2026-07-27 09:41:35.253603,TERENGGANU,KUALA TERENGGANU,PASAR BESAR KEDAI PAYANG,Runcit,,Buah-Buahan,02,044,BUAH NAGA/PITAYA ISI MERAH,F.A.Q,Kilogram,14,11.82,
30778808,2026-07-27,2026-07-27 09:41:35.29414,TERENGGANU,KUALA TERENGGANU,PASAR BESAR KEDAI PAYANG,Runcit,,Buah-Buahan,02,008,CIKU,F.A.Q,Kilogram,8,10.67,
30778809,2026-07-27,2026-07-27 09:41:35.34532,TERENGGANU,KUALA TERENGGANU,PASAR BESAR KEDAI PAYANG,Runcit,,Buah-Buahan,01,004,DOKONG,F.A.Q,Kilogram,6,14.17,
30778810,2026-07-27,2026-07-27 09:41:35.383935,TERENGGANU,KUALA TERENGGANU,PASAR BESAR KEDAI PAYANG,Runcit,,Buah-Buahan,01,004,DUKU,F.A.Q,Kilogram,6,15,
30778811,2026-07-27,2026-07-27 09:41:35.424381,TERENGGANU,KUALA TERENGGANU,PASAR BESAR KEDAI PAYANG,Runcit,,Buah-Buahan,02,037,EPAL HIJAU,SEDANG,Biji,1.5,1.36,
30778812,2026-07-27,2026-07-27 09:41:35.463931,TERENGGANU,KUALA TERENGGANU,PASAR BESAR KEDAI PAYANG,Runcit,,Buah-Buahan,02,037,EPAL MERAH (FUJI),SEDANG,Biji,1.5,1.82,
30778813,2026-07-27,2026-07-27 09:41:35.513675,TERENGGANU,KUALA TERENGGANU,PASAR BESAR KEDAI PAYANG,Runcit,,Buah-Buahan,02,012,JAMBU AIR  MADU / LOCENG,F.A.Q,Kilogram,10,12.93,
30778814,2026-07-27,2026-07-27 09:41:35.569904,TERENGGANU,KUALA TERENGGANU,PASAR BESAR KEDAI PAYANG,Runcit,,Buah-Buahan,02,012,JAMBU BATU,F.A.Q,Kilogram,8,6,
30778815,2026-07-27,2026-07-27 09:41:35.614142,TERENGGANU,KUALA TERENGGANU,PASAR BESAR KEDAI PAYANG,Runcit,,Buah-Buahan,02,012,JAMBU BATU TANPA BIJI,F.A.Q,Kilogram,10,8.53,
30778816,2026-07-27,2026-07-27 09:41:35.664697,TERENGGANU,KUALA TERENGGANU,PASAR BESAR KEDAI PAYANG,Runcit,,Buah-Buahan,02,041,LAI KUNING,F.A.Q,Biji,1,1.86,
30778817,2026-07-27,2026-07-27 09:41:35.715151,TERENGGANU,KUALA TERENGGANU,PASAR BESAR KEDAI PAYANG,Runcit,,Buah-Buahan,02,045,LIMAU MANDARIN,SEDANG,Biji,2,3.6,
30778818,2026-07-27,2026-07-27 09:41:35.753593,TERENGGANU,KUALA TERENGGANU,PASAR BESAR KEDAI PAYANG,Runcit,,Buah-Buahan,02,016,LIMAU MANIS,F.A.Q,Kilogram,12,9.14,
30778819,2026-07-27,2026-07-27 09:41:35.793651,TERENGGANU,KUALA TERENGGANU,PASAR BESAR KEDAI PAYANG,Runcit,,Buah-Buahan,02,016,LIMAU MANIS (THAILAND),F.A.Q,Kilogram,10,7.8,
30778820,2026-07-27,2026-07-27 09:41:35.834507,TERENGGANU,KUALA TERENGGANU,PASAR BESAR KEDAI PAYANG,Runcit,,Buah-Buahan,02,045,LIMAU OREN VALENCIA,SEDANG,Biji,3,1.87,
30778821,2026-07-27,2026-07-27 09:41:35.874259,TERENGGANU,KUALA TERENGGANU,PASAR BESAR KEDAI PAYANG,Runcit,,Buah-Buahan,02,018,MANGGA HARUMANIS (INDONESIA),F.A.Q,Kilogram,8,13.67,
30778822,2026-07-27,2026-07-27 09:41:35.91633,TERENGGANU,KUALA TERENGGANU,PASAR BESAR KEDAI PAYANG,Runcit,,Buah-Buahan,02,018,MANGGA HARUMANIS (THAILAND),F.A.Q,Kilogram,7,12,
30778823,2026-07-27,2026-07-27 09:41:35.963619,TERENGGANU,KUALA TERENGGANU,PASAR BESAR KEDAI PAYANG,Runcit,,Buah-Buahan,02,018,MANGGA LEMAK MANIS (THAILAND),F.A.Q,Kilogram,8,7.63,
30778824,2026-07-27,2026-07-27 09:41:36.013571,TERENGGANU,KUALA TERENGGANU,PASAR BESAR KEDAI PAYANG,Runcit,,Buah-Buahan,02,018,MANGGA MAS HITAM/THONG DAM (THAILAND),F.A.Q,Kilogram,10,8.8,
30778825,2026-07-27,2026-07-27 09:41:36.054998,TERENGGANU,KUALA TERENGGANU,PASAR BESAR KEDAI PAYANG,Runcit,,Buah-Buahan,02,018,MANGGA SUSU (THAILAND),F.A.Q,Kilogram,8,8.39,
30778826,2026-07-27,2026-07-27 09:41:36.104706,TERENGGANU,KUALA TERENGGANU,PASAR BESAR KEDAI PAYANG,Runcit,,Buah-Buahan,01,011,MANGGIS,F.A.Q,Kilogram,10,12.25,
30778827,2026-07-27,2026-07-27 09:41:36.153228,TERENGGANU,KUALA TERENGGANU,PASAR BESAR KEDAI PAYANG,Runcit,,Buah-Buahan,01,011,MANGGIS(IMPORT),F.A.Q,Kilogram,15,8.5,
30778828,2026-07-27,2026-07-27 09:41:36.204042,TERENGGANU,KUALA TERENGGANU,PASAR BESAR KEDAI PAYANG,Runcit,,Buah-Buahan,01,020,MATA KUCING / LONGAN,F.A.Q,Kilogram,14,11.52,
30778829,2026-07-27,2026-07-27 09:41:36.254346,TERENGGANU,KUALA TERENGGANU,PASAR BESAR KEDAI PAYANG,Runcit,,Buah-Buahan,02,023,NANAS MD2 (AC9),F.A.Q,Kilogram,6,5.17,
30778830,2026-07-27,2026-07-27 09:41:36.294966,TERENGGANU,KUALA TERENGGANU,PASAR BESAR KEDAI PAYANG,Runcit,,Buah-Buahan,02,023,NANAS MORIS (AC1),SEDANG,Kilogram,5,3.95,
30778831,2026-07-27,2026-07-27 09:41:36.334854,TERENGGANU,KUALA TERENGGANU,PASAR BESAR KEDAI PAYANG,Runcit,,Buah-Buahan,02,028,PISANG RASTALI (MP9),F.A.Q,Kilogram,8,4.92,
30778832,2026-07-27,2026-07-27 09:41:36.383458,TERENGGANU,KUALA TERENGGANU,PASAR BESAR KEDAI PAYANG,Runcit,,Buah-Buahan,02,028,PISANG TANDUK,F.A.Q,Kilogram,6,6.32,
30778833,2026-07-27,2026-07-27 09:41:36.438281,TERENGGANU,KUALA TERENGGANU,PASAR BESAR KEDAI PAYANG,Runcit,,Buah-Buahan,01,014,RAMBUTAN ANAK SEKOLAH (R191),F.A.Q,Kilogram,8,9.33,
30778834,2026-07-27,2026-07-27 09:41:36.483853,TERENGGANU,KUALA TERENGGANU,PASAR BESAR KEDAI PAYANG,Runcit,,Buah-Buahan,01,014,RAMBUTAN MERAH (IMPORT),F.A.Q,Kilogram,5,9,
30778835,2026-07-27,2026-07-27 09:41:36.524227,TERENGGANU,KUALA TERENGGANU,PASAR BESAR KEDAI PAYANG,Runcit,,Buah-Buahan,02,034,ROCK MELON,F.A.Q,Kilogram,6,8.37,
30778836,2026-07-27,2026-07-27 09:41:36.562908,TERENGGANU,KUALA TERENGGANU,PASAR BESAR KEDAI PAYANG,Runcit,,Buah-Buahan,02,034,TEMBIKAI KUNING,F.A.Q,Kilogram,3,4,
30778837,2026-07-27,2026-07-27 09:41:36.60262,TERENGGANU,KUALA TERENGGANU,PASAR BESAR KEDAI PAYANG,Runcit,,Buah-Buahan,02,034,TEMBIKAI MERAH,F.A.Q,Kilogram,3.5,4,
30778838,2026-07-27,2026-07-27 09:41:36.642913,TERENGGANU,KUALA TERENGGANU,PASAR BESAR KEDAI PAYANG,Runcit,,Buah-Buahan,02,034,TEMBIKAI WANGI / HONEY DEW,F.A.Q,Kilogram,7,6.14,
30778839,2026-07-27,2026-07-27 09:42:46.467144,PULAU PINANG,SEBERANG PERAI TENGAH,PASAR AWAM SEBERANG JAYA,Runcit,26,Ternakan,03,002,AYAM PROSES STANDARD,F.A.Q,Kilogram,11.2,11.2,
30778840,2026-07-27,2026-07-27 09:42:46.467144,PULAU PINANG,SEBERANG PERAI TENGAH,PASAR AWAM SEBERANG JAYA,Runcit,26,Ternakan,02,003,DAGING LEMBU PEJAL,F.A.Q,Kilogram,39,38,
30778841,2026-07-27,2026-07-27 09:42:46.467144,PULAU PINANG,SEBERANG PERAI TENGAH,PASAR AWAM SEBERANG JAYA,Runcit,26,Ternakan,02,003,DAGING LEMBU PEJAL,F.A.Q,Kilogram,37,38,
30778842,2026-07-27,2026-07-27 09:42:46.467144,PULAU PINANG,SEBERANG PERAI TENGAH,PASAR AWAM SEBERANG JAYA,Runcit,26,Ternakan,11,001,TELUR AYAM,B,Biji,0.45,0.448125,
30778843,2026-07-27,2026-07-27 09:43:00.876374,PULAU PINANG,SEBERANG PERAI TENGAH,PASAR AWAM SEBERANG JAYA,Runcit,26,Ternakan,03,002,AYAM PROSES STANDARD,F.A.Q,Kilogram,11.2,11.2,
30778844,2026-07-27,2026-07-27 09:43:10.549443,SELANGOR,PETALING,"KOMPLEKS PASAR BORONG SELANGOR, SERI KEMBANGAN",Borong,20,Sayur-Sayuran,03,001,BAYAM,F.A.Q,Kilogram,2.5,4.08,
30778845,2026-07-27,2026-07-27 09:43:10.549443,SELANGOR,PETALING,"KOMPLEKS PASAR BORONG SELANGOR, SERI KEMBANGAN",Borong,20,Sayur-Sayuran,02,002,CILI MERAH KULAI / KULAI HIBRID,F.A.Q,Kilogram,13,14,
30778846,2026-07-27,2026-07-27 09:43:10.549443,SELANGOR,PETALING,"KOMPLEKS PASAR BORONG SELANGOR, SERI KEMBANGAN",Borong,20,Sayur-Sayuran,02,002,CILI MERAH MINYAK,F.A.Q,Kilogram,9,10.47,
30778847,2026-07-27,2026-07-27 09:43:10.549443,SELANGOR,PETALING,"KOMPLEKS PASAR BORONG SELANGOR, SERI KEMBANGAN",Borong,20,Sayur-Sayuran,04,002,KACANG BENDI,F.A.Q,Kilogram,6,6.56,
30778848,2026-07-27,2026-07-27 09:43:10.549443,SELANGOR,PETALING,"KOMPLEKS PASAR BORONG SELANGOR, SERI KEMBANGAN",Borong,20,Sayur-Sayuran,04,007,KACANG PANJANG HIJAU,F.A.Q,Kilogram,5,6,
30778849,2026-07-27,2026-07-27 09:43:10.549443,SELANGOR,PETALING,"KOMPLEKS PASAR BORONG SELANGOR, SERI KEMBANGAN",Borong,20,Sayur-Sayuran,03,006,KUBIS BULAT (TANAH TINGGI),F.A.Q,Kilogram,2.5,3.08,
30778850,2026-07-27,2026-07-27 09:43:10.549443,SELANGOR,PETALING,"KOMPLEKS PASAR BORONG SELANGOR, SERI KEMBANGAN",Borong,20,Sayur-Sayuran,03,007,SAWI HIJAU (TANAH RENDAH),F.A.Q,Kilogram,4,3.5,
30778851,2026-07-27,2026-07-27 09:43:10.549443,SELANGOR,PETALING,"KOMPLEKS PASAR BORONG SELANGOR, SERI KEMBANGAN",Borong,20,Sayur-Sayuran,02,010,TERUNG PANJANG / PEPARU (TANAH RENDAH),F.A.Q,Kilogram,8,6.75,
30778852,2026-07-27,2026-07-27 09:43:10.549443,SELANGOR,PETALING,"KOMPLEKS PASAR BORONG SELANGOR, SERI KEMBANGAN",Borong,20,Sayur-Sayuran,02,011,TIMUN HIJAU,F.A.Q,Kilogram,2.5,3,
30778853,2026-07-27,2026-07-27 09:43:10.549443,SELANGOR,PETALING,"KOMPLEKS PASAR BORONG SELANGOR, SERI KEMBANGAN",Borong,20,Sayur-Sayuran,02,012,TOMATO (TANAH TINGGI),F.A.Q,Kilogram,9,3.76,
30778854,2026-07-27,2026-07-27 09:51:17.569757,SARAWAK,KUCHING,MEDAN NIAGA SATOK,Runcit,26,Buah-Buahan,02,036,ANGGUR HIJAU TANPA BIJI,F.A.Q,Kilogram,26.8,26.8,
30778855,2026-07-27,2026-07-27 09:51:17.569757,SARAWAK,KUCHING,MEDAN NIAGA SATOK,Runcit,26,Buah-Buahan,02,036,ANGGUR HITAM TANPA BIJI,F.A.Q,Kilogram,26.8,26.8,
30778856,2026-07-27,2026-07-27 09:51:17.569757,SARAWAK,KUCHING,MEDAN NIAGA SATOK,Runcit,26,Buah-Buahan,02,036,ANGGUR MERAH TANPA BIJI,F.A.Q,Kilogram,26.8,26.8,
30778857,2026-07-27,2026-07-27 09:51:17.569757,SARAWAK,KUCHING,MEDAN NIAGA SATOK,Runcit,26,Buah-Buahan,02,003,BELIMBING (B10),F.A.Q,Kilogram,8,8,
30778858,2026-07-27,2026-07-27 09:51:17.569757,SARAWAK,KUCHING,MEDAN NIAGA SATOK,Runcit,26,Buah-Buahan,02,044,BUAH NAGA/PITAYA ISI MERAH,F.A.Q,Kilogram,9,9,
30778859,2026-07-27,2026-07-27 09:51:17.569757,SARAWAK,KUCHING,MEDAN NIAGA SATOK,Runcit,26,Buah-Buahan,02,008,CIKU,F.A.Q,Kilogram,13,13,
30778860,2026-07-27,2026-07-27 09:51:17.569757,SARAWAK,KUCHING,MEDAN NIAGA SATOK,Runcit,26,Buah-Buahan,01,021,DABAI,F.A.Q,Kilogram,40,40,
30778861,2026-07-27,2026-07-27 09:51:17.569757,SARAWAK,KUCHING,MEDAN NIAGA SATOK,Runcit,26,Buah-Buahan,02,009,DURIAN BELANDA,F.A.Q,Kilogram,8,8,
30778862,2026-07-27,2026-07-27 09:51:17.569757,SARAWAK,KUCHING,MEDAN NIAGA SATOK,Runcit,26,Buah-Buahan,02,037,EPAL HIJAU,SEDANG,Biji,1.8,1.8,
30778863,2026-07-27,2026-07-27 09:51:17.569757,SARAWAK,KUCHING,MEDAN NIAGA SATOK,Runcit,26,Buah-Buahan,02,037,EPAL MERAH (FUJI),SEDANG,Biji,2.5,2.5,
30778864,2026-07-27,2026-07-27 09:51:17.569757,SARAWAK,KUCHING,MEDAN NIAGA SATOK,Runcit,26,Buah-Buahan,02,012,JAMBU AIR  MADU / LOCENG,F.A.Q,Kilogram,13,13,
30778865,2026-07-27,2026-07-27 09:51:17.569757,SARAWAK,KUCHING,MEDAN NIAGA SATOK,Runcit,26,Buah-Buahan,02,012,JAMBU BATU TANPA BIJI,F.A.Q,Kilogram,10,10,
30778866,2026-07-27,2026-07-27 09:51:17.569757,SARAWAK,KUCHING,MEDAN NIAGA SATOK,Runcit,26,Buah-Buahan,02,041,LAI KUNING,F.A.Q,Biji,2,2,
30778867,2026-07-27,2026-07-27 09:51:17.569757,SARAWAK,KUCHING,MEDAN NIAGA SATOK,Runcit,26,Buah-Buahan,02,015,LIMAU BALI / PAMELO,F.A.Q,Kilogram,6,6,
30778868,2026-07-27,2026-07-27 09:51:17.569757,SARAWAK,KUCHING,MEDAN NIAGA SATOK,Runcit,26,Buah-Buahan,02,045,LIMAU MANDARIN,SEDANG,Biji,2,2,
30778869,2026-07-27,2026-07-27 09:51:17.569757,SARAWAK,KUCHING,MEDAN NIAGA SATOK,Runcit,26,Buah-Buahan,02,016,LIMAU MANIS,F.A.Q,Kilogram,6,6,
30778870,2026-07-27,2026-07-27 09:51:17.569757,SARAWAK,KUCHING,MEDAN NIAGA SATOK,Runcit,26,Buah-Buahan,02,045,LIMAU OREN VALENCIA,SEDANG,Biji,2,2,
30778871,2026-07-27,2026-07-27 09:51:17.569757,SARAWAK,KUCHING,MEDAN NIAGA SATOK,Runcit,26,Buah-Buahan,02,018,MANGGA SUSU (THAILAND),F.A.Q,Kilogram,9.8,9.8,
30778872,2026-07-27,2026-07-27 09:51:17.569757,SARAWAK,KUCHING,MEDAN NIAGA SATOK,Runcit,26,Buah-Buahan,01,011,MANGGIS,F.A.Q,Kilogram,10,10,
30778873,2026-07-27,2026-07-27 09:51:17.569757,SARAWAK,KUCHING,MEDAN NIAGA SATOK,Runcit,26,Buah-Buahan,01,020,MATA KUCING / LONGAN,F.A.Q,Kilogram,12,12,
30778874,2026-07-27,2026-07-27 09:51:17.569757,SARAWAK,KUCHING,MEDAN NIAGA SATOK,Runcit,26,Buah-Buahan,02,023,NANAS MD2 (AC9),F.A.Q,Kilogram,9,9,
30778875,2026-07-27,2026-07-27 09:51:17.569757,SARAWAK,KUCHING,MEDAN NIAGA SATOK,Runcit,26,Buah-Buahan,02,023,NANAS MORIS (AC1),SEDANG,Kilogram,6,6,
30778876,2026-07-27,2026-07-27 09:51:17.569757,SARAWAK,KUCHING,MEDAN NIAGA SATOK,Runcit,26,Buah-Buahan,02,023,NANAS SARAWAK (AC2),F.A.Q,Kilogram,6,6,
30778877,2026-07-27,2026-07-27 09:51:17.569757,SARAWAK,KUCHING,MEDAN NIAGA SATOK,Runcit,26,Buah-Buahan,02,028,PISANG AWAK (MP1),F.A.Q,Kilogram,4,4.25,
30778878,2026-07-27,2026-07-27 09:51:17.569757,SARAWAK,KUCHING,MEDAN NIAGA SATOK,Runcit,26,Buah-Buahan,02,028,PISANG EMBUN (MP7),F.A.Q,Kilogram,4,4,
30778879,2026-07-27,2026-07-27 09:51:17.569757,SARAWAK,KUCHING,MEDAN NIAGA SATOK,Runcit,26,Buah-Buahan,02,028,PISANG NIPAH (MP5) / ABU (MP6) / SABAH / KAPOK,F.A.Q,Kilogram,3,3,
30778880,2026-07-27,2026-07-27 09:51:17.569757,SARAWAK,KUCHING,MEDAN NIAGA SATOK,Runcit,26,Buah-Buahan,02,028,PISANG RASTALI (MP9),F.A.Q,Kilogram,6,6,
30778881,2026-07-27,2026-07-27 09:51:17.569757,SARAWAK,KUCHING,MEDAN NIAGA SATOK,Runcit,26,Buah-Buahan,02,028,PISANG TANDUK,F.A.Q,Kilogram,6,6.5,
30778882,2026-07-27,2026-07-27 09:51:17.569757,SARAWAK,KUCHING,MEDAN NIAGA SATOK,Runcit,26,Buah-Buahan,02,034,ROCK MELON,F.A.Q,Kilogram,10,10,
30778883,2026-07-27,2026-07-27 09:51:17.569757,SARAWAK,KUCHING,MEDAN NIAGA SATOK,Runcit,26,Buah-Buahan,02,034,TEMBIKAI KUNING,F.A.Q,Kilogram,3.5,3.5,
30778884,2026-07-27,2026-07-27 09:51:17.569757,SARAWAK,KUCHING,MEDAN NIAGA SATOK,Runcit,26,Buah-Buahan,02,034,TEMBIKAI MERAH,F.A.Q,Kilogram,3.5,3.5,
30778885,2026-07-27,2026-07-27 09:51:17.569757,SARAWAK,KUCHING,MEDAN NIAGA SATOK,Runcit,26,Buah-Buahan,02,034,TEMBIKAI WANGI / HONEY DEW,F.A.Q,Kilogram,8.9,8.9,
30778886,2026-07-27,2026-07-27 09:54:54.332935,PULAU PINANG,SEBERANG PERAI SELATAN,LADANG/KEBUN KAMPUNG VALDOR,Ladang,,Ternakan,11,001,TELUR AYAM,B,Biji,0.39,0.39,
30778887,2026-07-27,2026-07-27 09:55:15.230804,PULAU PINANG,SEBERANG PERAI UTARA,[PROJEK] TKPM ARA KUDA,Ladang,,Buah-Buahan,02,028,PISANG BERANGAN,F.A.Q,Kilogram,3.8,2.48,
30778888,2026-07-27,2026-07-27 09:55:15.230804,PULAU PINANG,SEBERANG PERAI UTARA,[PROJEK] TKPM ARA KUDA,Ladang,,Buah-Buahan,02,028,PISANG BERANGAN,F.A.Q,Kilogram,2.7,2.48,
30778889,2026-07-27,2026-07-27 09:57:01.507427,PULAU PINANG,SEBERANG PERAI UTARA,[PROJEK] TKPM ARA KUDA,Ladang,,Sayur-Sayuran,03,001,BAYAM,F.A.Q,Kilogram,1.3,2.2,
30778890,2026-07-27,2026-07-27 09:57:01.507427,PULAU PINANG,SEBERANG PERAI UTARA,[PROJEK] TKPM ARA KUDA,Ladang,,Sayur-Sayuran,02,002,CILI MERAH KULAI / KULAI HIBRID,F.A.Q,Kilogram,12.5,8.770833,
30778891,2026-07-27,2026-07-27 09:57:01.507427,PULAU PINANG,SEBERANG PERAI UTARA,[PROJEK] TKPM ARA KUDA,Ladang,,Sayur-Sayuran,04,002,KACANG BENDI,F.A.Q,Kilogram,2.7,4.27,
30778892,2026-07-27,2026-07-27 09:57:01.507427,PULAU PINANG,SEBERANG PERAI UTARA,[PROJEK] TKPM ARA KUDA,Ladang,,Sayur-Sayuran,04,007,KACANG PANJANG HIJAU,F.A.Q,Kilogram,2.2,3.32,
30778893,2026-07-27,2026-07-27 09:57:01.507427,PULAU PINANG,SEBERANG PERAI UTARA,[PROJEK] TKPM ARA KUDA,Ladang,,Sayur-Sayuran,03,007,SAWI HIJAU (TANAH RENDAH),F.A.Q,Kilogram,1.3,2,
30778894,2026-07-27,2026-07-27 09:57:01.507427,PULAU PINANG,SEBERANG PERAI UTARA,[PROJEK] TKPM ARA KUDA,Ladang,,Sayur-Sayuran,02,010,TERUNG PANJANG / PEPARU (TANAH RENDAH),F.A.Q,Kilogram,3.6,3.5,
30778895,2026-07-27,2026-07-27 09:57:01.507427,PULAU PINANG,SEBERANG PERAI UTARA,[PROJEK] TKPM ARA KUDA,Ladang,,Sayur-Sayuran,02,011,TIMUN HIJAU,F.A.Q,Kilogram,1.5,1.65,
30778896,2026-07-27,2026-07-27 10:05:07.900213,KELANTAN,KOTA BHARU,[PROJEK] PROJEK SAYUR KG. WAKAF STAN,Ladang,,Sayur-Sayuran,02,002,CILI MERAH KULAI / KULAI HIBRID,F.A.Q,Kilogram,8,8,
30778897,2026-07-27,2026-07-27 10:05:07.900213,KELANTAN,KOTA BHARU,[PROJEK] PROJEK SAYUR KG. WAKAF STAN,Ladang,,Sayur-Sayuran,02,002,CILI MERAH KULAI / KULAI HIBRID,F.A.Q,Kilogram,8,8,
30778898,2026-07-27,2026-07-27 10:05:07.900213,KELANTAN,KOTA BHARU,[PROJEK] PROJEK SAYUR KG. WAKAF STAN,Ladang,,Sayur-Sayuran,02,002,CILI MERAH KULAI / KULAI HIBRID,F.A.Q,Kilogram,8,8,
30778899,2026-07-27,2026-07-27 10:05:07.900213,KELANTAN,KOTA BHARU,[PROJEK] PROJEK SAYUR KG. WAKAF STAN,Ladang,,Sayur-Sayuran,04,002,KACANG BENDI,F.A.Q,Kilogram,4,4.75,
30778900,2026-07-27,2026-07-27 10:05:07.900213,KELANTAN,KOTA BHARU,[PROJEK] PROJEK SAYUR KG. WAKAF STAN,Ladang,,Sayur-Sayuran,04,002,KACANG BENDI,F.A.Q,Kilogram,4,4.75,
30778901,2026-07-27,2026-07-27 10:05:07.900213,KELANTAN,KOTA BHARU,[PROJEK] PROJEK SAYUR KG. WAKAF STAN,Ladang,,Sayur-Sayuran,04,002,KACANG BENDI,F.A.Q,Kilogram,4,4.75,
30778902,2026-07-27,2026-07-27 10:05:07.900213,KELANTAN,KOTA BHARU,[PROJEK] PROJEK SAYUR KG. WAKAF STAN,Ladang,,Sayur-Sayuran,04,007,KACANG PANJANG HIJAU,F.A.Q,Kilogram,4,4.25,
30778903,2026-07-27,2026-07-27 10:05:07.900213,KELANTAN,KOTA BHARU,[PROJEK] PROJEK SAYUR KG. WAKAF STAN,Ladang,,Sayur-Sayuran,04,007,KACANG PANJANG HIJAU,F.A.Q,Kilogram,4,4.25,
30778904,2026-07-27,2026-07-27 10:05:07.900213,KELANTAN,KOTA BHARU,[PROJEK] PROJEK SAYUR KG. WAKAF STAN,Ladang,,Sayur-Sayuran,04,007,KACANG PANJANG HIJAU,F.A.Q,Kilogram,4,4.25,
30778905,2026-07-27,2026-07-27 10:05:07.900213,KELANTAN,KOTA BHARU,[PROJEK] PROJEK SAYUR KG. WAKAF STAN,Ladang,,Sayur-Sayuran,02,010,TERUNG PANJANG / PEPARU (TANAH RENDAH),F.A.Q,Kilogram,4,3.125,
30778906,2026-07-27,2026-07-27 10:05:07.900213,KELANTAN,KOTA BHARU,[PROJEK] PROJEK SAYUR KG. WAKAF STAN,Ladang,,Sayur-Sayuran,02,010,TERUNG PANJANG / PEPARU (TANAH RENDAH),F.A.Q,Kilogram,4,3.125,
30778907,2026-07-27,2026-07-27 10:05:07.900213,KELANTAN,KOTA BHARU,[PROJEK] PROJEK SAYUR KG. WAKAF STAN,Ladang,,Sayur-Sayuran,02,010,TERUNG PANJANG / PEPARU (TANAH RENDAH),F.A.Q,Kilogram,4,3.125,
30778908,2026-07-27,2026-07-27 10:05:07.900213,KELANTAN,KOTA BHARU,[PROJEK] PROJEK SAYUR KG. WAKAF STAN,Ladang,,Sayur-Sayuran,02,011,TIMUN HIJAU,F.A.Q,Kilogram,2,2,
30778909,2026-07-27,2026-07-27 10:05:07.900213,KELANTAN,KOTA BHARU,[PROJEK] PROJEK SAYUR KG. WAKAF STAN,Ladang,,Sayur-Sayuran,02,011,TIMUN HIJAU,F.A.Q,Kilogram,2,2,
30778910,2026-07-27,2026-07-27 10:05:07.900213,KELANTAN,KOTA BHARU,[PROJEK] PROJEK SAYUR KG. WAKAF STAN,Ladang,,Sayur-Sayuran,02,011,TIMUN HIJAU,F.A.Q,Kilogram,2,2,
30778911,2026-07-27,2026-07-27 10:05:20.067122,KELANTAN,BACHOK,"LADANG/KEBUN TEPUS, GUNONG",Ladang,,Ternakan,01,003,AYAM HIDUP,F.A.Q,Kilogram,7,7,
30778912,2026-07-27,2026-07-27 10:05:44.183724,KELANTAN,TUMPAT,"[PROJEK] PROJEK PERTANIAN BERKELOMPOK KG KELABORAN, TUMPAT",Ladang,,Sayur-Sayuran,03,001,BAYAM,F.A.Q,Kilogram,3.5,3.5,
30778913,2026-07-27,2026-07-27 10:05:44.183724,KELANTAN,TUMPAT,"[PROJEK] PROJEK PERTANIAN BERKELOMPOK KG KELABORAN, TUMPAT",Ladang,,Sayur-Sayuran,03,001,BAYAM,F.A.Q,Kilogram,3.5,3.5,
30778914,2026-07-27,2026-07-27 10:05:44.183724,KELANTAN,TUMPAT,"[PROJEK] PROJEK PERTANIAN BERKELOMPOK KG KELABORAN, TUMPAT",Ladang,,Sayur-Sayuran,03,001,BAYAM,F.A.Q,Kilogram,3.5,3.5,
30778915,2026-07-27,2026-07-27 10:05:44.183724,KELANTAN,TUMPAT,"[PROJEK] PROJEK PERTANIAN BERKELOMPOK KG KELABORAN, TUMPAT",Ladang,,Sayur-Sayuran,03,007,SAWI HIJAU (TANAH RENDAH),F.A.Q,Kilogram,3.5,3.5,
30778916,2026-07-27,2026-07-27 10:05:44.183724,KELANTAN,TUMPAT,"[PROJEK] PROJEK PERTANIAN BERKELOMPOK KG KELABORAN, TUMPAT",Ladang,,Sayur-Sayuran,03,007,SAWI HIJAU (TANAH RENDAH),F.A.Q,Kilogram,3.5,3.5,
30778917,2026-07-27,2026-07-27 10:05:44.183724,KELANTAN,TUMPAT,"[PROJEK] PROJEK PERTANIAN BERKELOMPOK KG KELABORAN, TUMPAT",Ladang,,Sayur-Sayuran,03,007,SAWI HIJAU (TANAH RENDAH),F.A.Q,Kilogram,3.5,3.5,
30778918,2026-07-27,2026-07-27 10:06:08.304366,PERAK,MANJUNG (DINDING),[LOKASI KUTIPAN HARGA LADANG] LEKIR,Ladang,,Buah-Buahan,02,018,MANGGA CHOKANAN (MA224),F.A.Q,Kilogram,3.5,3.5,
30778919,2026-07-27,2026-07-27 10:06:08.304366,PERAK,MANJUNG (DINDING),[LOKASI KUTIPAN HARGA LADANG] LEKIR,Ladang,,Buah-Buahan,02,024,NANGKA TEKAM YELLOW (J33),F.A.Q,Kilogram,2.3,2.3,
30778920,2026-07-27,2026-07-27 10:08:21.817263,KELANTAN,KOTA BHARU,PASAR BORONG RTC KOTA BHARU,Borong,20,Sayur-Sayuran,05,001,BAWANG BESAR MERAH (INDIA),F.A.Q,Kilogram,2.5,2.5,
30778921,2026-07-27,2026-07-27 10:08:21.817263,KELANTAN,KOTA BHARU,PASAR BORONG RTC KOTA BHARU,Borong,20,Sayur-Sayuran,05,001,BAWANG BESAR MERAH (INDIA),F.A.Q,Kilogram,2.5,2.5,
30778922,2026-07-27,2026-07-27 10:08:21.817263,KELANTAN,KOTA BHARU,PASAR BORONG RTC KOTA BHARU,Borong,20,Sayur-Sayuran,05,001,BAWANG BESAR MERAH (INDIA),F.A.Q,Kilogram,2.5,2.5,
30778923,2026-07-27,2026-07-27 10:08:21.817263,KELANTAN,KOTA BHARU,PASAR BORONG RTC KOTA BHARU,Borong,20,Sayur-Sayuran,05,001,BAWANG PUTIH (CHINA),F.A.Q,Kilogram,7,7,
30778924,2026-07-27,2026-07-27 10:08:21.817263,KELANTAN,KOTA BHARU,PASAR BORONG RTC KOTA BHARU,Borong,20,Sayur-Sayuran,05,001,BAWANG PUTIH (CHINA),F.A.Q,Kilogram,7,7,
30778925,2026-07-27,2026-07-27 10:08:21.817263,KELANTAN,KOTA BHARU,PASAR BORONG RTC KOTA BHARU,Borong,20,Sayur-Sayuran,05,001,BAWANG PUTIH (CHINA),F.A.Q,Kilogram,7,7,
30778926,2026-07-27,2026-07-27 10:08:44.759196,KELANTAN,KOTA BHARU,PASAR BORONG RTC KOTA BHARU,Borong,20,Ternakan,03,002,AYAM PROSES STANDARD,F.A.Q,Kilogram,8.5,8.5,
30778927,2026-07-27,2026-07-27 10:08:44.759196,KELANTAN,KOTA BHARU,PASAR BORONG RTC KOTA BHARU,Borong,20,Ternakan,03,002,AYAM PROSES STANDARD,F.A.Q,Kilogram,8.5,8.5,
30778928,2026-07-27,2026-07-27 10:08:44.759196,KELANTAN,KOTA BHARU,PASAR BORONG RTC KOTA BHARU,Borong,20,Ternakan,03,002,AYAM PROSES STANDARD,F.A.Q,Kilogram,8.5,8.5,
30778929,2026-07-27,2026-07-27 10:10:01.669639,PERAK,MANJUNG (DINDING),PASAR AWAM MANJUNG,Runcit,26,Buah-Buahan,01,003,CEMPEDAK KLON,F.A.Q,Kilogram,6,7,
30778930,2026-07-27,2026-07-27 10:10:01.669639,PERAK,MANJUNG (DINDING),PASAR AWAM MANJUNG,Runcit,26,Buah-Buahan,01,005,DURIAN KAMPUNG,F.A.Q,Kilogram,7,7,
30778931,2026-07-27,2026-07-27 10:10:01.669639,PERAK,MANJUNG (DINDING),PASAR AWAM MANJUNG,Runcit,26,Buah-Buahan,01,005,DURIAN MUSANG KING / RAJA KUNYIT (D197),F.A.Q,Kilogram,25,22.5,
30778932,2026-07-27,2026-07-27 10:10:01.669639,PERAK,MANJUNG (DINDING),PASAR AWAM MANJUNG,Runcit,26,Buah-Buahan,02,018,MANGGA CHOKANAN (MA224),F.A.Q,Kilogram,5,5,
30778933,2026-07-27,2026-07-27 10:10:01.669639,PERAK,MANJUNG (DINDING),PASAR AWAM MANJUNG,Runcit,26,Buah-Buahan,01,011,MANGGIS,F.A.Q,Kilogram,5,5,
30778934,2026-07-27,2026-07-27 10:10:01.669639,PERAK,MANJUNG (DINDING),PASAR AWAM MANJUNG,Runcit,26,Buah-Buahan,01,014,RAMBUTAN MERAH,F.A.Q,Kilogram,5,6,
30778952,2026-07-27,2026-07-27 10:11:08.691572,SARAWAK,KUCHING,MEDAN NIAGA SATOK,Borong,20,Buah-Buahan,02,036,ANGGUR HIJAU TANPA BIJI,F.A.Q,Kilogram,20.8,20.8,
30778953,2026-07-27,2026-07-27 10:11:08.691572,SARAWAK,KUCHING,MEDAN NIAGA SATOK,Borong,20,Buah-Buahan,02,036,ANGGUR HITAM TANPA BIJI,F.A.Q,Kilogram,20.8,20.8,
30778954,2026-07-27,2026-07-27 10:11:08.691572,SARAWAK,KUCHING,MEDAN NIAGA SATOK,Borong,20,Buah-Buahan,02,036,ANGGUR MERAH TANPA BIJI,F.A.Q,Kilogram,20.8,20.8,
30778955,2026-07-27,2026-07-27 10:11:08.691572,SARAWAK,KUCHING,MEDAN NIAGA SATOK,Borong,20,Buah-Buahan,02,003,BELIMBING (B10),F.A.Q,Kilogram,5,5,
30778956,2026-07-27,2026-07-27 10:11:08.691572,SARAWAK,KUCHING,MEDAN NIAGA SATOK,Borong,20,Buah-Buahan,02,044,BUAH NAGA/PITAYA ISI MERAH,F.A.Q,Kilogram,7,8,
30778957,2026-07-27,2026-07-27 10:11:08.691572,SARAWAK,KUCHING,MEDAN NIAGA SATOK,Borong,20,Buah-Buahan,02,008,CIKU,F.A.Q,Kilogram,11,11,
30778958,2026-07-27,2026-07-27 10:11:08.691572,SARAWAK,KUCHING,MEDAN NIAGA SATOK,Borong,20,Buah-Buahan,01,021,DABAI,F.A.Q,Kilogram,28,28,
30778959,2026-07-27,2026-07-27 10:11:08.691572,SARAWAK,KUCHING,MEDAN NIAGA SATOK,Borong,20,Buah-Buahan,02,009,DURIAN BELANDA,F.A.Q,Kilogram,4,4,
30778960,2026-07-27,2026-07-27 10:11:08.691572,SARAWAK,KUCHING,MEDAN NIAGA SATOK,Borong,20,Buah-Buahan,02,037,EPAL HIJAU,SEDANG,Biji,1.6,1.6,
30778961,2026-07-27,2026-07-27 10:11:08.691572,SARAWAK,KUCHING,MEDAN NIAGA SATOK,Borong,20,Buah-Buahan,02,037,EPAL MERAH (FUJI),SEDANG,Biji,1.8,1.8,
30778962,2026-07-27,2026-07-27 10:11:08.691572,SARAWAK,KUCHING,MEDAN NIAGA SATOK,Borong,20,Buah-Buahan,02,012,JAMBU AIR  MADU / LOCENG,F.A.Q,Kilogram,10,10,
30778963,2026-07-27,2026-07-27 10:11:08.691572,SARAWAK,KUCHING,MEDAN NIAGA SATOK,Borong,20,Buah-Buahan,02,012,JAMBU BATU,F.A.Q,Kilogram,6,6,
30778964,2026-07-27,2026-07-27 10:11:08.691572,SARAWAK,KUCHING,MEDAN NIAGA SATOK,Borong,20,Buah-Buahan,02,012,JAMBU BATU TANPA BIJI,F.A.Q,Kilogram,8,8,
30778965,2026-07-27,2026-07-27 10:11:08.691572,SARAWAK,KUCHING,MEDAN NIAGA SATOK,Borong,20,Buah-Buahan,02,041,LAI KUNING,F.A.Q,Biji,1.5,1.5,
30778966,2026-07-27,2026-07-27 10:11:08.691572,SARAWAK,KUCHING,MEDAN NIAGA SATOK,Borong,20,Buah-Buahan,02,045,LIMAU MANDARIN,SEDANG,Biji,1.5,1.5,
30778967,2026-07-27,2026-07-27 10:11:08.691572,SARAWAK,KUCHING,MEDAN NIAGA SATOK,Borong,20,Buah-Buahan,02,016,LIMAU MANIS,F.A.Q,Kilogram,5,5,
30778968,2026-07-27,2026-07-27 10:11:08.691572,SARAWAK,KUCHING,MEDAN NIAGA SATOK,Borong,20,Buah-Buahan,02,045,LIMAU OREN VALENCIA,SEDANG,Biji,1.5,1.5,
30778969,2026-07-27,2026-07-27 10:11:08.691572,SARAWAK,KUCHING,MEDAN NIAGA SATOK,Borong,20,Buah-Buahan,02,018,MANGGA SUSU (THAILAND),F.A.Q,Kilogram,7,7,
30778970,2026-07-27,2026-07-27 10:11:08.691572,SARAWAK,KUCHING,MEDAN NIAGA SATOK,Borong,20,Buah-Buahan,01,011,MANGGIS,F.A.Q,Kilogram,6,6,
30778971,2026-07-27,2026-07-27 10:11:08.691572,SARAWAK,KUCHING,MEDAN NIAGA SATOK,Borong,20,Buah-Buahan,02,023,NANAS MD2 (AC9),F.A.Q,Kilogram,8,8,
30778972,2026-07-27,2026-07-27 10:11:08.691572,SARAWAK,KUCHING,MEDAN NIAGA SATOK,Borong,20,Buah-Buahan,02,023,NANAS MORIS (AC1),SEDANG,Kilogram,4,4,
30778973,2026-07-27,2026-07-27 10:11:08.691572,SARAWAK,KUCHING,MEDAN NIAGA SATOK,Borong,20,Buah-Buahan,02,023,NANAS SARAWAK (AC2),F.A.Q,Kilogram,5,5,
30778974,2026-07-27,2026-07-27 10:11:08.691572,SARAWAK,KUCHING,MEDAN NIAGA SATOK,Borong,20,Buah-Buahan,02,028,PISANG AWAK (MP1),F.A.Q,Kilogram,3,3.25,
30778975,2026-07-27,2026-07-27 10:11:08.691572,SARAWAK,KUCHING,MEDAN NIAGA SATOK,Borong,20,Buah-Buahan,02,028,PISANG EMBUN (MP7),F.A.Q,Kilogram,2,2,
30778976,2026-07-27,2026-07-27 10:11:08.691572,SARAWAK,KUCHING,MEDAN NIAGA SATOK,Borong,20,Buah-Buahan,02,028,PISANG NIPAH (MP5) / ABU (MP6) / SABAH / KAPOK,F.A.Q,Kilogram,2.5,2.5,
30778977,2026-07-27,2026-07-27 10:11:08.691572,SARAWAK,KUCHING,MEDAN NIAGA SATOK,Borong,20,Buah-Buahan,02,028,PISANG RASTALI (MP9),F.A.Q,Kilogram,4.5,4.5,
30778978,2026-07-27,2026-07-27 10:11:08.691572,SARAWAK,KUCHING,MEDAN NIAGA SATOK,Borong,20,Buah-Buahan,02,028,PISANG TANDUK,F.A.Q,Kilogram,4.5,5.5,
30778979,2026-07-27,2026-07-27 10:11:08.691572,SARAWAK,KUCHING,MEDAN NIAGA SATOK,Borong,20,Buah-Buahan,02,034,ROCK MELON,F.A.Q,Kilogram,8,8,
30778980,2026-07-27,2026-07-27 10:11:08.691572,SARAWAK,KUCHING,MEDAN NIAGA SATOK,Borong,20,Buah-Buahan,02,034,TEMBIKAI KUNING,F.A.Q,Kilogram,2.5,2.5,
30778981,2026-07-27,2026-07-27 10:11:08.691572,SARAWAK,KUCHING,MEDAN NIAGA SATOK,Borong,20,Buah-Buahan,02,034,TEMBIKAI MERAH,F.A.Q,Kilogram,2.5,2.5,
30778982,2026-07-27,2026-07-27 10:11:08.691572,SARAWAK,KUCHING,MEDAN NIAGA SATOK,Borong,20,Buah-Buahan,02,034,TEMBIKAI WANGI / HONEY DEW,F.A.Q,Kilogram,5,5,
30778983,2026-07-27,2026-07-27 10:11:18.002925,NEGERI SEMBILAN,PORT DICKSON,[LOKASI KUTIPAN HARGA LADANG] LUKUT,Ladang,,Ternakan,11,001,TELUR AYAM,A,Biji,0.42,0.42,
30778985,2026-07-27,2026-07-27 10:11:18.002925,NEGERI SEMBILAN,PORT DICKSON,[LOKASI KUTIPAN HARGA LADANG] LUKUT,Ladang,,Ternakan,11,001,TELUR AYAM,B,Biji,0.39,0.388,
30778986,2026-07-27,2026-07-27 10:11:49.326096,NEGERI SEMBILAN,TAMPIN,[LOKASI KUTIPAN HARGA LADANG] GEMENCHEH,Ladang,,Ternakan,11,001,TELUR AYAM,A,Biji,0.42,0.42,
30778988,2026-07-27,2026-07-27 10:11:49.326096,NEGERI SEMBILAN,TAMPIN,[LOKASI KUTIPAN HARGA LADANG] GEMENCHEH,Ladang,,Ternakan,11,001,TELUR AYAM,B,Biji,0.39,0.388,
30779006,2026-07-27,2026-07-27 10:12:28.475111,NEGERI SEMBILAN,SEREMBAN,LADANG/KEBUN RANTAU,Ladang,,Ternakan,01,003,AYAM HIDUP,F.A.Q,Kilogram,6.8,6.75,
30779007,2026-07-27,2026-07-27 10:12:28.475111,NEGERI SEMBILAN,SEREMBAN,LADANG/KEBUN RANTAU,Ladang,,Ternakan,01,003,AYAM HIDUP,F.A.Q,Kilogram,6.7,6.75,
30779008,2026-07-27,2026-07-27 10:12:40.760836,NEGERI SEMBILAN,JELEBU,[LOKASI KUTIPAN HARGA LADANG] PERTANG,Ladang,,Tanaman Kontan,05,001,KELAPA DIKUPAS,SEDANG,Biji,2.1,2.1,
30779009,2026-07-27,2026-07-27 10:14:13.879786,NEGERI SEMBILAN,SEREMBAN,PASAR BESAR SEREMBAN - BAHAGIAN BORONG,Borong,20,Ternakan,03,002,AYAM PROSES STANDARD,F.A.Q,Kilogram,8.5,8.75,
30779010,2026-07-27,2026-07-27 10:14:13.879786,NEGERI SEMBILAN,SEREMBAN,PASAR BESAR SEREMBAN - BAHAGIAN BORONG,Borong,20,Ternakan,03,002,AYAM PROSES STANDARD,F.A.Q,Kilogram,9,8.75,
30779011,2026-07-27,2026-07-27 10:14:13.879786,NEGERI SEMBILAN,SEREMBAN,PASAR BESAR SEREMBAN - BAHAGIAN BORONG,Borong,20,Ternakan,02,003,DAGING LEMBU PEJAL,F.A.Q,Kilogram,35,35,
30779012,2026-07-27,2026-07-27 10:14:13.879786,NEGERI SEMBILAN,SEREMBAN,PASAR BESAR SEREMBAN - BAHAGIAN BORONG,Borong,20,Ternakan,02,003,DAGING LEMBU PEJAL,F.A.Q,Kilogram,35,35,
30779013,2026-07-27,2026-07-27 10:14:13.879786,NEGERI SEMBILAN,SEREMBAN,PASAR BESAR SEREMBAN - BAHAGIAN BORONG,Borong,20,Ternakan,11,001,TELUR AYAM,B,Biji,0.41,0.409,
30779014,2026-07-27,2026-07-27 10:14:13.879786,NEGERI SEMBILAN,SEREMBAN,PASAR BESAR SEREMBAN - BAHAGIAN BORONG,Borong,20,Ternakan,11,001,TELUR AYAM,B,Biji,0.41,0.409,
30779015,2026-07-27,2026-07-27 10:14:13.879786,NEGERI SEMBILAN,SEREMBAN,PASAR BESAR SEREMBAN - BAHAGIAN BORONG,Borong,20,Ternakan,11,001,TELUR AYAM,B,Biji,0.41,0.409,
30779016,2026-07-27,2026-07-27 10:15:23.141201,KELANTAN,KOTA BHARU,PASAR BORONG RTC KOTA BHARU,Borong,20,Sayur-Sayuran,03,001,BAYAM,F.A.Q,Kilogram,4.5,4.4666667,
30779017,2026-07-27,2026-07-27 10:15:23.141201,KELANTAN,KOTA BHARU,PASAR BORONG RTC KOTA BHARU,Borong,20,Sayur-Sayuran,03,001,BAYAM,F.A.Q,Kilogram,4.5,4.4666667,
30779018,2026-07-27,2026-07-27 10:15:23.141201,KELANTAN,KOTA BHARU,PASAR BORONG RTC KOTA BHARU,Borong,20,Sayur-Sayuran,03,001,BAYAM,F.A.Q,Kilogram,4.5,4.4666667,
30779019,2026-07-27,2026-07-27 10:15:23.141201,KELANTAN,KOTA BHARU,PASAR BORONG RTC KOTA BHARU,Borong,20,Sayur-Sayuran,03,001,BAYAM,F.A.Q,Kilogram,5,4.4666667,
30779020,2026-07-27,2026-07-27 10:15:23.141201,KELANTAN,KOTA BHARU,PASAR BORONG RTC KOTA BHARU,Borong,20,Sayur-Sayuran,03,001,BAYAM,F.A.Q,Kilogram,5,4.4666667,
30779021,2026-07-27,2026-07-27 10:15:23.141201,KELANTAN,KOTA BHARU,PASAR BORONG RTC KOTA BHARU,Borong,20,Sayur-Sayuran,02,002,CILI MERAH KULAI / KULAI HIBRID,F.A.Q,Kilogram,10,10.4,
30779022,2026-07-27,2026-07-27 10:15:23.141201,KELANTAN,KOTA BHARU,PASAR BORONG RTC KOTA BHARU,Borong,20,Sayur-Sayuran,02,002,CILI MERAH KULAI / KULAI HIBRID,F.A.Q,Kilogram,10,10.4,
30779023,2026-07-27,2026-07-27 10:15:23.141201,KELANTAN,KOTA BHARU,PASAR BORONG RTC KOTA BHARU,Borong,20,Sayur-Sayuran,02,002,CILI MERAH KULAI / KULAI HIBRID,F.A.Q,Kilogram,10,10.4,
30779024,2026-07-27,2026-07-27 10:15:23.141201,KELANTAN,KOTA BHARU,PASAR BORONG RTC KOTA BHARU,Borong,20,Sayur-Sayuran,02,002,CILI MERAH KULAI / KULAI HIBRID,F.A.Q,Kilogram,11,10.4,
30779025,2026-07-27,2026-07-27 10:15:23.141201,KELANTAN,KOTA BHARU,PASAR BORONG RTC KOTA BHARU,Borong,20,Sayur-Sayuran,02,002,CILI MERAH KULAI / KULAI HIBRID,F.A.Q,Kilogram,11,10.4,
30779026,2026-07-27,2026-07-27 10:15:23.141201,KELANTAN,KOTA BHARU,PASAR BORONG RTC KOTA BHARU,Borong,20,Sayur-Sayuran,02,002,CILI MERAH MINYAK,F.A.Q,Kilogram,8,8.4,
30779027,2026-07-27,2026-07-27 10:15:23.141201,KELANTAN,KOTA BHARU,PASAR BORONG RTC KOTA BHARU,Borong,20,Sayur-Sayuran,02,002,CILI MERAH MINYAK,F.A.Q,Kilogram,8,8.4,
30779028,2026-07-27,2026-07-27 10:15:23.141201,KELANTAN,KOTA BHARU,PASAR BORONG RTC KOTA BHARU,Borong,20,Sayur-Sayuran,02,002,CILI MERAH MINYAK,F.A.Q,Kilogram,8,8.4,
30779029,2026-07-27,2026-07-27 10:15:23.141201,KELANTAN,KOTA BHARU,PASAR BORONG RTC KOTA BHARU,Borong,20,Sayur-Sayuran,02,002,CILI MERAH MINYAK,F.A.Q,Kilogram,9,8.4,
30779030,2026-07-27,2026-07-27 10:15:23.141201,KELANTAN,KOTA BHARU,PASAR BORONG RTC KOTA BHARU,Borong,20,Sayur-Sayuran,02,002,CILI MERAH MINYAK,F.A.Q,Kilogram,9,8.4,
30779031,2026-07-27,2026-07-27 10:15:23.141201,KELANTAN,KOTA BHARU,PASAR BORONG RTC KOTA BHARU,Borong,20,Sayur-Sayuran,04,002,KACANG BENDI,F.A.Q,Kilogram,5,5.55,
30779032,2026-07-27,2026-07-27 10:15:23.141201,KELANTAN,KOTA BHARU,PASAR BORONG RTC KOTA BHARU,Borong,20,Sayur-Sayuran,04,002,KACANG BENDI,F.A.Q,Kilogram,5,5.55,
30779033,2026-07-27,2026-07-27 10:15:23.141201,KELANTAN,KOTA BHARU,PASAR BORONG RTC KOTA BHARU,Borong,20,Sayur-Sayuran,04,002,KACANG BENDI,F.A.Q,Kilogram,5,5.55,
30779034,2026-07-27,2026-07-27 10:15:23.141201,KELANTAN,KOTA BHARU,PASAR BORONG RTC KOTA BHARU,Borong,20,Sayur-Sayuran,04,002,KACANG BENDI,F.A.Q,Kilogram,4.5,5.55,
30779035,2026-07-27,2026-07-27 10:15:23.141201,KELANTAN,KOTA BHARU,PASAR BORONG RTC KOTA BHARU,Borong,20,Sayur-Sayuran,04,002,KACANG BENDI,F.A.Q,Kilogram,4.5,5.55,
30779036,2026-07-27,2026-07-27 10:15:23.141201,KELANTAN,KOTA BHARU,PASAR BORONG RTC KOTA BHARU,Borong,20,Sayur-Sayuran,04,007,KACANG PANJANG HIJAU,F.A.Q,Kilogram,5,5.017544,
30779037,2026-07-27,2026-07-27 10:15:23.141201,KELANTAN,KOTA BHARU,PASAR BORONG RTC KOTA BHARU,Borong,20,Sayur-Sayuran,04,007,KACANG PANJANG HIJAU,F.A.Q,Kilogram,5,5.017544,
30779038,2026-07-27,2026-07-27 10:15:23.141201,KELANTAN,KOTA BHARU,PASAR BORONG RTC KOTA BHARU,Borong,20,Sayur-Sayuran,04,007,KACANG PANJANG HIJAU,F.A.Q,Kilogram,5,5.017544,
30779039,2026-07-27,2026-07-27 10:15:23.141201,KELANTAN,KOTA BHARU,PASAR BORONG RTC KOTA BHARU,Borong,20,Sayur-Sayuran,04,007,KACANG PANJANG HIJAU,F.A.Q,Kilogram,4.5,5.017544,
30779040,2026-07-27,2026-07-27 10:15:23.141201,KELANTAN,KOTA BHARU,PASAR BORONG RTC KOTA BHARU,Borong,20,Sayur-Sayuran,04,007,KACANG PANJANG HIJAU,F.A.Q,Kilogram,4.5,5.017544,
30779041,2026-07-27,2026-07-27 10:15:23.141201,KELANTAN,KOTA BHARU,PASAR BORONG RTC KOTA BHARU,Borong,20,Sayur-Sayuran,03,006,KUBIS BULAT (TANAH TINGGI),F.A.Q,Kilogram,3,2.8396227,
30779042,2026-07-27,2026-07-27 10:15:23.141201,KELANTAN,KOTA BHARU,PASAR BORONG RTC KOTA BHARU,Borong,20,Sayur-Sayuran,03,006,KUBIS BULAT (TANAH TINGGI),F.A.Q,Kilogram,3,2.8396227,
30779043,2026-07-27,2026-07-27 10:15:23.141201,KELANTAN,KOTA BHARU,PASAR BORONG RTC KOTA BHARU,Borong,20,Sayur-Sayuran,03,006,KUBIS BULAT (TANAH TINGGI),F.A.Q,Kilogram,3,2.8396227,
30779044,2026-07-27,2026-07-27 10:15:23.141201,KELANTAN,KOTA BHARU,PASAR BORONG RTC KOTA BHARU,Borong,20,Sayur-Sayuran,03,006,KUBIS BULAT (TANAH TINGGI),F.A.Q,Kilogram,2.5,2.8396227,
30779045,2026-07-27,2026-07-27 10:15:23.141201,KELANTAN,KOTA BHARU,PASAR BORONG RTC KOTA BHARU,Borong,20,Sayur-Sayuran,03,006,KUBIS BULAT (TANAH TINGGI),F.A.Q,Kilogram,2.5,2.8396227,
30779046,2026-07-27,2026-07-27 10:15:23.141201,KELANTAN,KOTA BHARU,PASAR BORONG RTC KOTA BHARU,Borong,20,Sayur-Sayuran,03,007,SAWI HIJAU (TANAH RENDAH),F.A.Q,Kilogram,4.5,4.3,
30779047,2026-07-27,2026-07-27 10:15:23.141201,KELANTAN,KOTA BHARU,PASAR BORONG RTC KOTA BHARU,Borong,20,Sayur-Sayuran,03,007,SAWI HIJAU (TANAH RENDAH),F.A.Q,Kilogram,4.5,4.3,
30779048,2026-07-27,2026-07-27 10:15:23.141201,KELANTAN,KOTA BHARU,PASAR BORONG RTC KOTA BHARU,Borong,20,Sayur-Sayuran,03,007,SAWI HIJAU (TANAH RENDAH),F.A.Q,Kilogram,4.5,4.3,
30779049,2026-07-27,2026-07-27 10:15:23.141201,KELANTAN,KOTA BHARU,PASAR BORONG RTC KOTA BHARU,Borong,20,Sayur-Sayuran,03,007,SAWI HIJAU (TANAH RENDAH),F.A.Q,Kilogram,4,4.3,
30779050,2026-07-27,2026-07-27 10:15:23.141201,KELANTAN,KOTA BHARU,PASAR BORONG RTC KOTA BHARU,Borong,20,Sayur-Sayuran,03,007,SAWI HIJAU (TANAH RENDAH),F.A.Q,Kilogram,4,4.3,
30779051,2026-07-27,2026-07-27 10:15:23.141201,KELANTAN,KOTA BHARU,PASAR BORONG RTC KOTA BHARU,Borong,20,Sayur-Sayuran,02,010,TERUNG PANJANG / PEPARU (TANAH RENDAH),F.A.Q,Kilogram,5,3.9166667,
30779052,2026-07-27,2026-07-27 10:15:23.141201,KELANTAN,KOTA BHARU,PASAR BORONG RTC KOTA BHARU,Borong,20,Sayur-Sayuran,02,010,TERUNG PANJANG / PEPARU (TANAH RENDAH),F.A.Q,Kilogram,5,3.9166667,
30779053,2026-07-27,2026-07-27 10:15:23.141201,KELANTAN,KOTA BHARU,PASAR BORONG RTC KOTA BHARU,Borong,20,Sayur-Sayuran,02,010,TERUNG PANJANG / PEPARU (TANAH RENDAH),F.A.Q,Kilogram,5,3.9166667,
30779054,2026-07-27,2026-07-27 10:15:23.141201,KELANTAN,KOTA BHARU,PASAR BORONG RTC KOTA BHARU,Borong,20,Sayur-Sayuran,02,010,TERUNG PANJANG / PEPARU (TANAH RENDAH),F.A.Q,Kilogram,4.5,3.9166667,
30779055,2026-07-27,2026-07-27 10:15:23.141201,KELANTAN,KOTA BHARU,PASAR BORONG RTC KOTA BHARU,Borong,20,Sayur-Sayuran,02,010,TERUNG PANJANG / PEPARU (TANAH RENDAH),F.A.Q,Kilogram,4.5,3.9166667,
30779056,2026-07-27,2026-07-27 10:15:23.141201,KELANTAN,KOTA BHARU,PASAR BORONG RTC KOTA BHARU,Borong,20,Sayur-Sayuran,02,011,TIMUN HIJAU,F.A.Q,Kilogram,3,2.8,
30779057,2026-07-27,2026-07-27 10:15:23.141201,KELANTAN,KOTA BHARU,PASAR BORONG RTC KOTA BHARU,Borong,20,Sayur-Sayuran,02,011,TIMUN HIJAU,F.A.Q,Kilogram,3,2.8,
30779058,2026-07-27,2026-07-27 10:15:23.141201,KELANTAN,KOTA BHARU,PASAR BORONG RTC KOTA BHARU,Borong,20,Sayur-Sayuran,02,011,TIMUN HIJAU,F.A.Q,Kilogram,3,2.8,
30779059,2026-07-27,2026-07-27 10:15:23.141201,KELANTAN,KOTA BHARU,PASAR BORONG RTC KOTA BHARU,Borong,20,Sayur-Sayuran,02,011,TIMUN HIJAU,F.A.Q,Kilogram,2.5,2.8,
30779060,2026-07-27,2026-07-27 10:15:23.141201,KELANTAN,KOTA BHARU,PASAR BORONG RTC KOTA BHARU,Borong,20,Sayur-Sayuran,02,011,TIMUN HIJAU,F.A.Q,Kilogram,2.5,2.8,
30779061,2026-07-27,2026-07-27 10:15:23.141201,KELANTAN,KOTA BHARU,PASAR BORONG RTC KOTA BHARU,Borong,20,Sayur-Sayuran,02,012,TOMATO (TANAH TINGGI),F.A.Q,Kilogram,5,6.4,
30779062,2026-07-27,2026-07-27 10:15:23.141201,KELANTAN,KOTA BHARU,PASAR BORONG RTC KOTA BHARU,Borong,20,Sayur-Sayuran,02,012,TOMATO (TANAH TINGGI),F.A.Q,Kilogram,5,6.4,
30779063,2026-07-27,2026-07-27 10:15:23.141201,KELANTAN,KOTA BHARU,PASAR BORONG RTC KOTA BHARU,Borong,20,Sayur-Sayuran,02,012,TOMATO (TANAH TINGGI),F.A.Q,Kilogram,5,6.4,
30779064,2026-07-27,2026-07-27 10:15:23.141201,KELANTAN,KOTA BHARU,PASAR BORONG RTC KOTA BHARU,Borong,20,Sayur-Sayuran,02,012,TOMATO (TANAH TINGGI),F.A.Q,Kilogram,5.5,6.4,
30779065,2026-07-27,2026-07-27 10:15:23.141201,KELANTAN,KOTA BHARU,PASAR BORONG RTC KOTA BHARU,Borong,20,Sayur-Sayuran,02,012,TOMATO (TANAH TINGGI),F.A.Q,Kilogram,5.5,6.4,
30779066,2026-07-27,2026-07-27 10:16:16.999745,KELANTAN,KOTA BHARU,PASAR BORONG RTC KOTA BHARU,Borong,20,Ternakan,11,001,TELUR AYAM,B,Biji,0.42,0.38,
30779067,2026-07-27,2026-07-27 10:16:16.999745,KELANTAN,KOTA BHARU,PASAR BORONG RTC KOTA BHARU,Borong,20,Ternakan,11,001,TELUR AYAM,B,Biji,0.42,0.38,
30779068,2026-07-27,2026-07-27 10:16:16.999745,KELANTAN,KOTA BHARU,PASAR BORONG RTC KOTA BHARU,Borong,20,Ternakan,11,001,TELUR AYAM,B,Biji,0.42,0.38,
30779069,2026-07-27,2026-07-27 10:17:41.047527,KELANTAN,KOTA BHARU,PASAR BORONG RTC KOTA BHARU,Borong,20,Buah-Buahan,02,028,PISANG BERANGAN,F.A.Q,Kilogram,3.5,3.58,
30779070,2026-07-27,2026-07-27 10:17:41.047527,KELANTAN,KOTA BHARU,PASAR BORONG RTC KOTA BHARU,Borong,20,Buah-Buahan,02,028,PISANG BERANGAN,F.A.Q,Kilogram,3.5,3.58,
30779071,2026-07-27,2026-07-27 10:17:41.047527,KELANTAN,KOTA BHARU,PASAR BORONG RTC KOTA BHARU,Borong,20,Buah-Buahan,02,028,PISANG BERANGAN,F.A.Q,Kilogram,3.5,3.58,
30779072,2026-07-27,2026-07-27 10:17:41.047527,KELANTAN,KOTA BHARU,PASAR BORONG RTC KOTA BHARU,Borong,20,Buah-Buahan,02,028,PISANG BERANGAN,F.A.Q,Kilogram,3.7,3.58,
30779073,2026-07-27,2026-07-27 10:17:41.047527,KELANTAN,KOTA BHARU,PASAR BORONG RTC KOTA BHARU,Borong,20,Buah-Buahan,02,028,PISANG BERANGAN,F.A.Q,Kilogram,3.7,3.58,
30779074,2026-07-27,2026-07-27 10:17:41.047527,KELANTAN,KOTA BHARU,PASAR BORONG RTC KOTA BHARU,Borong,20,Buah-Buahan,02,034,TEMBIKAI MERAH TANPA BIJI,F.A.Q,Kilogram,2.5,2.38,
30779075,2026-07-27,2026-07-27 10:17:41.047527,KELANTAN,KOTA BHARU,PASAR BORONG RTC KOTA BHARU,Borong,20,Buah-Buahan,02,034,TEMBIKAI MERAH TANPA BIJI,F.A.Q,Kilogram,2.5,2.38,
30779076,2026-07-27,2026-07-27 10:17:41.047527,KELANTAN,KOTA BHARU,PASAR BORONG RTC KOTA BHARU,Borong,20,Buah-Buahan,02,034,TEMBIKAI MERAH TANPA BIJI,F.A.Q,Kilogram,2.5,2.38,
30779077,2026-07-27,2026-07-27 10:17:41.047527,KELANTAN,KOTA BHARU,PASAR BORONG RTC KOTA BHARU,Borong,20,Buah-Buahan,02,034,TEMBIKAI MERAH TANPA BIJI,F.A.Q,Kilogram,2.7,2.38,
30779078,2026-07-27,2026-07-27 10:17:41.047527,KELANTAN,KOTA BHARU,PASAR BORONG RTC KOTA BHARU,Borong,20,Buah-Buahan,02,034,TEMBIKAI MERAH TANPA BIJI,F.A.Q,Kilogram,2.7,2.38,
30779079,2026-07-27,2026-07-27 10:18:32.692062,KELANTAN,KOTA BHARU,PASAR BORONG RTC KOTA BHARU,Borong,20,Ternakan,02,003,DAGING LEMBU PEJAL,F.A.Q,Kilogram,25,25,
30779080,2026-07-27,2026-07-27 10:18:32.692062,KELANTAN,KOTA BHARU,PASAR BORONG RTC KOTA BHARU,Borong,20,Ternakan,02,003,DAGING LEMBU PEJAL,F.A.Q,Kilogram,25,25,
30779081,2026-07-27,2026-07-27 10:20:07.769006,KELANTAN,KOTA BHARU,PASAR BESAR SITI KHADIJAH,Runcit,26,Sayur-Sayuran,05,001,BAWANG BESAR MERAH (INDIA),F.A.Q,Kilogram,4,4,
30779082,2026-07-27,2026-07-27 10:20:07.769006,KELANTAN,KOTA BHARU,PASAR BESAR SITI KHADIJAH,Runcit,26,Sayur-Sayuran,05,001,BAWANG BESAR MERAH (INDIA),F.A.Q,Kilogram,4,4,
30779083,2026-07-27,2026-07-27 10:20:07.769006,KELANTAN,KOTA BHARU,PASAR BESAR SITI KHADIJAH,Runcit,26,Sayur-Sayuran,05,001,BAWANG BESAR MERAH (INDIA),F.A.Q,Kilogram,4,4,
30779084,2026-07-27,2026-07-27 10:20:07.769006,KELANTAN,KOTA BHARU,PASAR BESAR SITI KHADIJAH,Runcit,26,Sayur-Sayuran,05,001,BAWANG PUTIH (CHINA),F.A.Q,Kilogram,8,8,
30779085,2026-07-27,2026-07-27 10:20:07.769006,KELANTAN,KOTA BHARU,PASAR BESAR SITI KHADIJAH,Runcit,26,Sayur-Sayuran,05,001,BAWANG PUTIH (CHINA),F.A.Q,Kilogram,8,8,
30779086,2026-07-27,2026-07-27 10:20:07.769006,KELANTAN,KOTA BHARU,PASAR BESAR SITI KHADIJAH,Runcit,26,Sayur-Sayuran,05,001,BAWANG PUTIH (CHINA),F.A.Q,Kilogram,8,8,
30779087,2026-07-27,2026-07-27 10:20:40.165179,KELANTAN,KOTA BHARU,PASAR BESAR SITI KHADIJAH,Runcit,26,Ternakan,11,001,TELUR AYAM,B,Biji,0.47,0.4,
30779088,2026-07-27,2026-07-27 10:20:40.165179,KELANTAN,KOTA BHARU,PASAR BESAR SITI KHADIJAH,Runcit,26,Ternakan,11,001,TELUR AYAM,B,Biji,0.47,0.4,
30779089,2026-07-27,2026-07-27 10:20:40.165179,KELANTAN,KOTA BHARU,PASAR BESAR SITI KHADIJAH,Runcit,26,Ternakan,11,001,TELUR AYAM,B,Biji,0.47,0.4,
30779090,2026-07-27,2026-07-27 10:25:13.972445,NEGERI SEMBILAN,SEREMBAN,PASAR BESAR SEREMBAN - BAHAGIAN RUNCIT,Runcit,26,Ternakan,03,002,AYAM PROSES STANDARD,F.A.Q,Kilogram,11,11.833333,
30779091,2026-07-27,2026-07-27 10:25:13.972445,NEGERI SEMBILAN,SEREMBAN,PASAR BESAR SEREMBAN - BAHAGIAN RUNCIT,Runcit,26,Ternakan,03,002,AYAM PROSES STANDARD,F.A.Q,Kilogram,12,11.833333,
30779092,2026-07-27,2026-07-27 10:25:13.972445,NEGERI SEMBILAN,SEREMBAN,PASAR BESAR SEREMBAN - BAHAGIAN RUNCIT,Runcit,26,Ternakan,03,002,AYAM PROSES STANDARD,F.A.Q,Kilogram,12.5,11.833333,
30779093,2026-07-27,2026-07-27 10:25:13.972445,NEGERI SEMBILAN,SEREMBAN,PASAR BESAR SEREMBAN - BAHAGIAN RUNCIT,Runcit,26,Ternakan,02,003,DAGING LEMBU PEJAL,F.A.Q,Kilogram,40,39.5,
30779094,2026-07-27,2026-07-27 10:25:13.972445,NEGERI SEMBILAN,SEREMBAN,PASAR BESAR SEREMBAN - BAHAGIAN RUNCIT,Runcit,26,Ternakan,02,003,DAGING LEMBU PEJAL,F.A.Q,Kilogram,40,39.5,
30779095,2026-07-27,2026-07-27 10:25:13.972445,NEGERI SEMBILAN,SEREMBAN,PASAR BESAR SEREMBAN - BAHAGIAN RUNCIT,Runcit,26,Ternakan,11,001,TELUR AYAM,B,Biji,0.45,0.44933334,
30779096,2026-07-27,2026-07-27 10:25:13.972445,NEGERI SEMBILAN,SEREMBAN,PASAR BESAR SEREMBAN - BAHAGIAN RUNCIT,Runcit,26,Ternakan,11,001,TELUR AYAM,B,Biji,0.45,0.44933334,
30779097,2026-07-27,2026-07-27 10:25:13.972445,NEGERI SEMBILAN,SEREMBAN,PASAR BESAR SEREMBAN - BAHAGIAN RUNCIT,Runcit,26,Ternakan,11,001,TELUR AYAM,B,Biji,0.45,0.44933334,
30779115,2026-07-27,2026-07-27 10:26:26.89727,SARAWAK,KUCHING,LADANG/KEBUN SIBURAN,Ladang,,Buah-Buahan,02,003,BELIMBING (B10),F.A.Q,Kilogram,2,2,
30779116,2026-07-27,2026-07-27 10:26:26.89727,SARAWAK,KUCHING,LADANG/KEBUN SIBURAN,Ladang,,Buah-Buahan,02,044,BUAH NAGA/PITAYA ISI MERAH,F.A.Q,Kilogram,4,4,
30779117,2026-07-27,2026-07-27 10:26:26.89727,SARAWAK,KUCHING,LADANG/KEBUN SIBURAN,Ladang,,Buah-Buahan,02,008,CIKU,F.A.Q,Kilogram,9,9,
30779118,2026-07-27,2026-07-27 10:26:26.89727,SARAWAK,KUCHING,LADANG/KEBUN SIBURAN,Ladang,,Buah-Buahan,01,021,DABAI,F.A.Q,Kilogram,20,20,
30779119,2026-07-27,2026-07-27 10:26:26.89727,SARAWAK,KUCHING,LADANG/KEBUN SIBURAN,Ladang,,Buah-Buahan,02,009,DURIAN BELANDA,F.A.Q,Kilogram,3,3,
30779120,2026-07-27,2026-07-27 10:26:26.89727,SARAWAK,KUCHING,LADANG/KEBUN SIBURAN,Ladang,,Buah-Buahan,02,012,JAMBU AIR  MADU / LOCENG,F.A.Q,Kilogram,8,8,
30779121,2026-07-27,2026-07-27 10:26:26.89727,SARAWAK,KUCHING,LADANG/KEBUN SIBURAN,Ladang,,Buah-Buahan,02,012,JAMBU BATU,F.A.Q,Kilogram,4,4,
30779122,2026-07-27,2026-07-27 10:26:26.89727,SARAWAK,KUCHING,LADANG/KEBUN SIBURAN,Ladang,,Buah-Buahan,02,012,JAMBU BATU TANPA BIJI,F.A.Q,Kilogram,5,5,
30779123,2026-07-27,2026-07-27 10:26:26.89727,SARAWAK,KUCHING,LADANG/KEBUN SIBURAN,Ladang,,Buah-Buahan,02,015,LIMAU BALI / PAMELO,F.A.Q,Kilogram,2.5,2.5,
30779124,2026-07-27,2026-07-27 10:26:26.89727,SARAWAK,KUCHING,LADANG/KEBUN SIBURAN,Ladang,,Buah-Buahan,02,016,LIMAU MANIS,F.A.Q,Kilogram,3.8,3.8,
30779125,2026-07-27,2026-07-27 10:26:26.89727,SARAWAK,KUCHING,LADANG/KEBUN SIBURAN,Ladang,,Buah-Buahan,01,011,MANGGIS,F.A.Q,Kilogram,3,3,
30779126,2026-07-27,2026-07-27 10:26:26.89727,SARAWAK,KUCHING,LADANG/KEBUN SIBURAN,Ladang,,Buah-Buahan,02,023,NANAS MD2 (AC9),F.A.Q,Kilogram,6,6,
30779127,2026-07-27,2026-07-27 10:26:26.89727,SARAWAK,KUCHING,LADANG/KEBUN SIBURAN,Ladang,,Buah-Buahan,02,023,NANAS MORIS (AC1),SEDANG,Kilogram,2.5,2.5,
30779128,2026-07-27,2026-07-27 10:26:26.89727,SARAWAK,KUCHING,LADANG/KEBUN SIBURAN,Ladang,,Buah-Buahan,02,023,NANAS SARAWAK (AC2),F.A.Q,Kilogram,4,4,
30779129,2026-07-27,2026-07-27 10:26:26.89727,SARAWAK,KUCHING,LADANG/KEBUN SIBURAN,Ladang,,Buah-Buahan,02,028,PISANG AWAK (MP1),F.A.Q,Kilogram,2,2.25,
30779130,2026-07-27,2026-07-27 10:26:26.89727,SARAWAK,KUCHING,LADANG/KEBUN SIBURAN,Ladang,,Buah-Buahan,02,028,PISANG EMBUN (MP7),F.A.Q,Kilogram,1,1,
30779131,2026-07-27,2026-07-27 10:26:26.89727,SARAWAK,KUCHING,LADANG/KEBUN SIBURAN,Ladang,,Buah-Buahan,02,028,PISANG NIPAH (MP5) / ABU (MP6) / SABAH / KAPOK,F.A.Q,Kilogram,1.8,1.8,
30779132,2026-07-27,2026-07-27 10:26:26.89727,SARAWAK,KUCHING,LADANG/KEBUN SIBURAN,Ladang,,Buah-Buahan,02,028,PISANG RASTALI (MP9),F.A.Q,Kilogram,3.5,3.5,
30779133,2026-07-27,2026-07-27 10:26:26.89727,SARAWAK,KUCHING,LADANG/KEBUN SIBURAN,Ladang,,Buah-Buahan,02,028,PISANG TANDUK,F.A.Q,Kilogram,2.5,3,
30779134,2026-07-27,2026-07-27 10:26:26.89727,SARAWAK,KUCHING,LADANG/KEBUN SIBURAN,Ladang,,Buah-Buahan,02,034,TEMBIKAI KUNING,F.A.Q,Kilogram,1.5,1.5,
30779135,2026-07-27,2026-07-27 10:26:26.89727,SARAWAK,KUCHING,LADANG/KEBUN SIBURAN,Ladang,,Buah-Buahan,02,034,TEMBIKAI MERAH,F.A.Q,Kilogram,1.5,1.5,
30779136,2026-07-27,2026-07-27 10:26:26.89727,SARAWAK,KUCHING,LADANG/KEBUN SIBURAN,Ladang,,Buah-Buahan,02,034,TEMBIKAI WANGI / HONEY DEW,F.A.Q,Kilogram,3,3,
30779137,2026-07-27,2026-07-27 10:27:01.872818,KELANTAN,KOTA BHARU,PASAR BESAR SITI KHADIJAH,Runcit,26,Sayur-Sayuran,03,001,BAYAM,F.A.Q,Kilogram,5,5.7083335,
30779138,2026-07-27,2026-07-27 10:27:01.872818,KELANTAN,KOTA BHARU,PASAR BESAR SITI KHADIJAH,Runcit,26,Sayur-Sayuran,03,001,BAYAM,F.A.Q,Kilogram,5,5.7083335,
30779139,2026-07-27,2026-07-27 10:27:01.872818,KELANTAN,KOTA BHARU,PASAR BESAR SITI KHADIJAH,Runcit,26,Sayur-Sayuran,03,001,BAYAM,F.A.Q,Kilogram,5,5.7083335,
30779140,2026-07-27,2026-07-27 10:27:01.872818,KELANTAN,KOTA BHARU,PASAR BESAR SITI KHADIJAH,Runcit,26,Sayur-Sayuran,03,001,BAYAM,F.A.Q,Kilogram,6,5.7083335,
30779141,2026-07-27,2026-07-27 10:27:01.872818,KELANTAN,KOTA BHARU,PASAR BESAR SITI KHADIJAH,Runcit,26,Sayur-Sayuran,03,001,BAYAM,F.A.Q,Kilogram,6,5.7083335,
30779142,2026-07-27,2026-07-27 10:27:01.872818,KELANTAN,KOTA BHARU,PASAR BESAR SITI KHADIJAH,Runcit,26,Sayur-Sayuran,02,002,CILI MERAH KULAI / KULAI HIBRID,F.A.Q,Kilogram,12,11.6,
30779143,2026-07-27,2026-07-27 10:27:01.872818,KELANTAN,KOTA BHARU,PASAR BESAR SITI KHADIJAH,Runcit,26,Sayur-Sayuran,02,002,CILI MERAH KULAI / KULAI HIBRID,F.A.Q,Kilogram,12,11.6,
30779144,2026-07-27,2026-07-27 10:27:01.872818,KELANTAN,KOTA BHARU,PASAR BESAR SITI KHADIJAH,Runcit,26,Sayur-Sayuran,02,002,CILI MERAH KULAI / KULAI HIBRID,F.A.Q,Kilogram,12,11.6,
30779145,2026-07-27,2026-07-27 10:27:01.872818,KELANTAN,KOTA BHARU,PASAR BESAR SITI KHADIJAH,Runcit,26,Sayur-Sayuran,02,002,CILI MERAH KULAI / KULAI HIBRID,F.A.Q,Kilogram,11,11.6,
30779146,2026-07-27,2026-07-27 10:27:01.872818,KELANTAN,KOTA BHARU,PASAR BESAR SITI KHADIJAH,Runcit,26,Sayur-Sayuran,02,002,CILI MERAH KULAI / KULAI HIBRID,F.A.Q,Kilogram,11,11.6,
30779147,2026-07-27,2026-07-27 10:27:01.872818,KELANTAN,KOTA BHARU,PASAR BESAR SITI KHADIJAH,Runcit,26,Sayur-Sayuran,02,002,CILI MERAH MINYAK,F.A.Q,Kilogram,10,9.6,
30779148,2026-07-27,2026-07-27 10:27:01.872818,KELANTAN,KOTA BHARU,PASAR BESAR SITI KHADIJAH,Runcit,26,Sayur-Sayuran,02,002,CILI MERAH MINYAK,F.A.Q,Kilogram,10,9.6,
30779149,2026-07-27,2026-07-27 10:27:01.872818,KELANTAN,KOTA BHARU,PASAR BESAR SITI KHADIJAH,Runcit,26,Sayur-Sayuran,02,002,CILI MERAH MINYAK,F.A.Q,Kilogram,10,9.6,
30779150,2026-07-27,2026-07-27 10:27:01.872818,KELANTAN,KOTA BHARU,PASAR BESAR SITI KHADIJAH,Runcit,26,Sayur-Sayuran,02,002,CILI MERAH MINYAK,F.A.Q,Kilogram,9,9.6,
30779151,2026-07-27,2026-07-27 10:27:01.872818,KELANTAN,KOTA BHARU,PASAR BESAR SITI KHADIJAH,Runcit,26,Sayur-Sayuran,02,002,CILI MERAH MINYAK,F.A.Q,Kilogram,9,9.6,
30779152,2026-07-27,2026-07-27 10:27:01.872818,KELANTAN,KOTA BHARU,PASAR BESAR SITI KHADIJAH,Runcit,26,Sayur-Sayuran,04,002,KACANG BENDI,F.A.Q,Kilogram,6,6.4,
30779153,2026-07-27,2026-07-27 10:27:01.872818,KELANTAN,KOTA BHARU,PASAR BESAR SITI KHADIJAH,Runcit,26,Sayur-Sayuran,04,002,KACANG BENDI,F.A.Q,Kilogram,6,6.4,
30779154,2026-07-27,2026-07-27 10:27:01.872818,KELANTAN,KOTA BHARU,PASAR BESAR SITI KHADIJAH,Runcit,26,Sayur-Sayuran,04,002,KACANG BENDI,F.A.Q,Kilogram,6,6.4,
30779155,2026-07-27,2026-07-27 10:27:01.872818,KELANTAN,KOTA BHARU,PASAR BESAR SITI KHADIJAH,Runcit,26,Sayur-Sayuran,04,002,KACANG BENDI,F.A.Q,Kilogram,5.5,6.4,
30779156,2026-07-27,2026-07-27 10:27:01.872818,KELANTAN,KOTA BHARU,PASAR BESAR SITI KHADIJAH,Runcit,26,Sayur-Sayuran,04,002,KACANG BENDI,F.A.Q,Kilogram,5.5,6.4,
30779162,2026-07-27,2026-07-27 10:27:01.872818,KELANTAN,KOTA BHARU,PASAR BESAR SITI KHADIJAH,Runcit,26,Sayur-Sayuran,04,007,KACANG PANJANG HIJAU,F.A.Q,Kilogram,6,6,
30779163,2026-07-27,2026-07-27 10:27:01.872818,KELANTAN,KOTA BHARU,PASAR BESAR SITI KHADIJAH,Runcit,26,Sayur-Sayuran,04,007,KACANG PANJANG HIJAU,F.A.Q,Kilogram,6,6,
30779164,2026-07-27,2026-07-27 10:27:01.872818,KELANTAN,KOTA BHARU,PASAR BESAR SITI KHADIJAH,Runcit,26,Sayur-Sayuran,04,007,KACANG PANJANG HIJAU,F.A.Q,Kilogram,6,6,
30779165,2026-07-27,2026-07-27 10:27:01.872818,KELANTAN,KOTA BHARU,PASAR BESAR SITI KHADIJAH,Runcit,26,Sayur-Sayuran,04,007,KACANG PANJANG HIJAU,F.A.Q,Kilogram,5.5,6,
30779166,2026-07-27,2026-07-27 10:27:01.872818,KELANTAN,KOTA BHARU,PASAR BESAR SITI KHADIJAH,Runcit,26,Sayur-Sayuran,04,007,KACANG PANJANG HIJAU,F.A.Q,Kilogram,5.5,6,
30779167,2026-07-27,2026-07-27 10:27:01.872818,KELANTAN,KOTA BHARU,PASAR BESAR SITI KHADIJAH,Runcit,26,Sayur-Sayuran,03,006,KUBIS BULAT (TANAH TINGGI),F.A.Q,Kilogram,4,3.8461537,
30779168,2026-07-27,2026-07-27 10:27:01.872818,KELANTAN,KOTA BHARU,PASAR BESAR SITI KHADIJAH,Runcit,26,Sayur-Sayuran,03,006,KUBIS BULAT (TANAH TINGGI),F.A.Q,Kilogram,4,3.8461537,
30779169,2026-07-27,2026-07-27 10:27:01.872818,KELANTAN,KOTA BHARU,PASAR BESAR SITI KHADIJAH,Runcit,26,Sayur-Sayuran,03,006,KUBIS BULAT (TANAH TINGGI),F.A.Q,Kilogram,4,3.8461537,
30779170,2026-07-27,2026-07-27 10:27:01.872818,KELANTAN,KOTA BHARU,PASAR BESAR SITI KHADIJAH,Runcit,26,Sayur-Sayuran,03,006,KUBIS BULAT (TANAH TINGGI),F.A.Q,Kilogram,3.5,3.8461537,
30779171,2026-07-27,2026-07-27 10:27:01.872818,KELANTAN,KOTA BHARU,PASAR BESAR SITI KHADIJAH,Runcit,26,Sayur-Sayuran,03,006,KUBIS BULAT (TANAH TINGGI),F.A.Q,Kilogram,3.5,3.8461537,
30779172,2026-07-27,2026-07-27 10:27:01.872818,KELANTAN,KOTA BHARU,PASAR BESAR SITI KHADIJAH,Runcit,26,Sayur-Sayuran,03,007,SAWI HIJAU (TANAH RENDAH),F.A.Q,Kilogram,5.5,5.3,
30779173,2026-07-27,2026-07-27 10:27:01.872818,KELANTAN,KOTA BHARU,PASAR BESAR SITI KHADIJAH,Runcit,26,Sayur-Sayuran,03,007,SAWI HIJAU (TANAH RENDAH),F.A.Q,Kilogram,5.5,5.3,
30779174,2026-07-27,2026-07-27 10:27:01.872818,KELANTAN,KOTA BHARU,PASAR BESAR SITI KHADIJAH,Runcit,26,Sayur-Sayuran,03,007,SAWI HIJAU (TANAH RENDAH),F.A.Q,Kilogram,5.5,5.3,
30779175,2026-07-27,2026-07-27 10:27:01.872818,KELANTAN,KOTA BHARU,PASAR BESAR SITI KHADIJAH,Runcit,26,Sayur-Sayuran,03,007,SAWI HIJAU (TANAH RENDAH),F.A.Q,Kilogram,5,5.3,
30779176,2026-07-27,2026-07-27 10:27:01.872818,KELANTAN,KOTA BHARU,PASAR BESAR SITI KHADIJAH,Runcit,26,Sayur-Sayuran,03,007,SAWI HIJAU (TANAH RENDAH),F.A.Q,Kilogram,5,5.3,
30779177,2026-07-27,2026-07-27 10:27:01.872818,KELANTAN,KOTA BHARU,PASAR BESAR SITI KHADIJAH,Runcit,26,Sayur-Sayuran,02,010,TERUNG PANJANG / PEPARU (TANAH RENDAH),F.A.Q,Kilogram,6,5,
30779178,2026-07-27,2026-07-27 10:27:01.872818,KELANTAN,KOTA BHARU,PASAR BESAR SITI KHADIJAH,Runcit,26,Sayur-Sayuran,02,010,TERUNG PANJANG / PEPARU (TANAH RENDAH),F.A.Q,Kilogram,6,5,
30779179,2026-07-27,2026-07-27 10:27:01.872818,KELANTAN,KOTA BHARU,PASAR BESAR SITI KHADIJAH,Runcit,26,Sayur-Sayuran,02,010,TERUNG PANJANG / PEPARU (TANAH RENDAH),F.A.Q,Kilogram,6,5,
30779180,2026-07-27,2026-07-27 10:27:01.872818,KELANTAN,KOTA BHARU,PASAR BESAR SITI KHADIJAH,Runcit,26,Sayur-Sayuran,02,010,TERUNG PANJANG / PEPARU (TANAH RENDAH),F.A.Q,Kilogram,5,5,
30779181,2026-07-27,2026-07-27 10:27:01.872818,KELANTAN,KOTA BHARU,PASAR BESAR SITI KHADIJAH,Runcit,26,Sayur-Sayuran,02,010,TERUNG PANJANG / PEPARU (TANAH RENDAH),F.A.Q,Kilogram,5,5,
30779182,2026-07-27,2026-07-27 10:27:01.872818,KELANTAN,KOTA BHARU,PASAR BESAR SITI KHADIJAH,Runcit,26,Sayur-Sayuran,02,011,TIMUN HIJAU,F.A.Q,Kilogram,4,3.8,
30779183,2026-07-27,2026-07-27 10:27:01.872818,KELANTAN,KOTA BHARU,PASAR BESAR SITI KHADIJAH,Runcit,26,Sayur-Sayuran,02,011,TIMUN HIJAU,F.A.Q,Kilogram,4,3.8,
30779184,2026-07-27,2026-07-27 10:27:01.872818,KELANTAN,KOTA BHARU,PASAR BESAR SITI KHADIJAH,Runcit,26,Sayur-Sayuran,02,011,TIMUN HIJAU,F.A.Q,Kilogram,4,3.8,
30779185,2026-07-27,2026-07-27 10:27:01.872818,KELANTAN,KOTA BHARU,PASAR BESAR SITI KHADIJAH,Runcit,26,Sayur-Sayuran,02,011,TIMUN HIJAU,F.A.Q,Kilogram,3.5,3.8,
30779186,2026-07-27,2026-07-27 10:27:01.872818,KELANTAN,KOTA BHARU,PASAR BESAR SITI KHADIJAH,Runcit,26,Sayur-Sayuran,02,011,TIMUN HIJAU,F.A.Q,Kilogram,3.5,3.8,
30779187,2026-07-27,2026-07-27 10:27:01.872818,KELANTAN,KOTA BHARU,PASAR BESAR SITI KHADIJAH,Runcit,26,Sayur-Sayuran,02,012,TOMATO (TANAH TINGGI),F.A.Q,Kilogram,7,7.95,
30779188,2026-07-27,2026-07-27 10:27:01.872818,KELANTAN,KOTA BHARU,PASAR BESAR SITI KHADIJAH,Runcit,26,Sayur-Sayuran,02,012,TOMATO (TANAH TINGGI),F.A.Q,Kilogram,7,7.95,
30779189,2026-07-27,2026-07-27 10:27:01.872818,KELANTAN,KOTA BHARU,PASAR BESAR SITI KHADIJAH,Runcit,26,Sayur-Sayuran,02,012,TOMATO (TANAH TINGGI),F.A.Q,Kilogram,7,7.95,
30779190,2026-07-27,2026-07-27 10:27:01.872818,KELANTAN,KOTA BHARU,PASAR BESAR SITI KHADIJAH,Runcit,26,Sayur-Sayuran,02,012,TOMATO (TANAH TINGGI),F.A.Q,Kilogram,6,7.95,
30779191,2026-07-27,2026-07-27 10:27:01.872818,KELANTAN,KOTA BHARU,PASAR BESAR SITI KHADIJAH,Runcit,26,Sayur-Sayuran,02,012,TOMATO (TANAH TINGGI),F.A.Q,Kilogram,6,7.95,
30779192,2026-07-27,2026-07-27 10:28:05.993285,NEGERI SEMBILAN,SEREMBAN,PASAR BESAR SEREMBAN - BAHAGIAN RUNCIT,Runcit,26,Tanaman Kontan,05,001,KELAPA DIKUPAS,SEDANG,Biji,2.9,2.95,
30779193,2026-07-27,2026-07-27 10:28:05.993285,NEGERI SEMBILAN,SEREMBAN,PASAR BESAR SEREMBAN - BAHAGIAN RUNCIT,Runcit,26,Tanaman Kontan,05,001,KELAPA DIKUPAS,SEDANG,Biji,3,2.95,
30779194,2026-07-27,2026-07-27 10:28:05.993285,NEGERI SEMBILAN,SEREMBAN,PASAR BESAR SEREMBAN - BAHAGIAN RUNCIT,Runcit,26,Buah-Buahan,02,023,NANAS JOSAPINE (AC5),F.A.Q,Kilogram,4,4.2233334,
30779195,2026-07-27,2026-07-27 10:28:05.993285,NEGERI SEMBILAN,SEREMBAN,PASAR BESAR SEREMBAN - BAHAGIAN RUNCIT,Runcit,26,Buah-Buahan,02,023,NANAS JOSAPINE (AC5),F.A.Q,Kilogram,4.5,4.2233334,
30779196,2026-07-27,2026-07-27 10:28:05.993285,NEGERI SEMBILAN,SEREMBAN,PASAR BESAR SEREMBAN - BAHAGIAN RUNCIT,Runcit,26,Buah-Buahan,02,023,NANAS JOSAPINE (AC5),F.A.Q,Kilogram,4.2,4.2233334,
30779197,2026-07-27,2026-07-27 10:28:05.993285,NEGERI SEMBILAN,SEREMBAN,PASAR BESAR SEREMBAN - BAHAGIAN RUNCIT,Runcit,26,Buah-Buahan,02,028,PISANG BERANGAN,F.A.Q,Kilogram,6,6.08,
30779198,2026-07-27,2026-07-27 10:28:05.993285,NEGERI SEMBILAN,SEREMBAN,PASAR BESAR SEREMBAN - BAHAGIAN RUNCIT,Runcit,26,Buah-Buahan,02,028,PISANG BERANGAN,F.A.Q,Kilogram,6.3,6.08,
30779199,2026-07-27,2026-07-27 10:28:05.993285,NEGERI SEMBILAN,SEREMBAN,PASAR BESAR SEREMBAN - BAHAGIAN RUNCIT,Runcit,26,Buah-Buahan,02,028,PISANG BERANGAN,F.A.Q,Kilogram,5.8,6.08,
30779200,2026-07-27,2026-07-27 10:28:05.993285,NEGERI SEMBILAN,SEREMBAN,PASAR BESAR SEREMBAN - BAHAGIAN RUNCIT,Runcit,26,Buah-Buahan,02,034,TEMBIKAI MERAH TANPA BIJI,F.A.Q,Kilogram,3.4,3.83,
30779201,2026-07-27,2026-07-27 10:28:05.993285,NEGERI SEMBILAN,SEREMBAN,PASAR BESAR SEREMBAN - BAHAGIAN RUNCIT,Runcit,26,Buah-Buahan,02,034,TEMBIKAI MERAH TANPA BIJI,F.A.Q,Kilogram,4.2,3.83,
30779202,2026-07-27,2026-07-27 10:28:05.993285,NEGERI SEMBILAN,SEREMBAN,PASAR BESAR SEREMBAN - BAHAGIAN RUNCIT,Runcit,26,Buah-Buahan,02,034,TEMBIKAI MERAH TANPA BIJI,F.A.Q,Kilogram,3.8,3.83,
30779203,2026-07-27,2026-07-27 10:28:39.916073,SELANGOR,KLANG,"[LOKASI KUTIPAN HARGA LADANG] KLANG, JALAN NENAS",Ladang,,Sayur-Sayuran,02,002,CILI MERAH KULAI / KULAI HIBRID,F.A.Q,Kilogram,8,10,
30779204,2026-07-27,2026-07-27 10:29:36.65928,NEGERI SEMBILAN,SEREMBAN,PASAR BESAR SEREMBAN - BAHAGIAN BORONG,Borong,20,Buah-Buahan,02,023,NANAS JOSAPINE (AC5),F.A.Q,Kilogram,3.5,3.2233334,
30779205,2026-07-27,2026-07-27 10:29:36.65928,NEGERI SEMBILAN,SEREMBAN,PASAR BESAR SEREMBAN - BAHAGIAN BORONG,Borong,20,Buah-Buahan,02,023,NANAS JOSAPINE (AC5),F.A.Q,Kilogram,2.9,3.2233334,
30779206,2026-07-27,2026-07-27 10:29:36.65928,NEGERI SEMBILAN,SEREMBAN,PASAR BESAR SEREMBAN - BAHAGIAN BORONG,Borong,20,Buah-Buahan,02,023,NANAS JOSAPINE (AC5),F.A.Q,Kilogram,3.2,3.2233334,
30779207,2026-07-27,2026-07-27 10:29:36.65928,NEGERI SEMBILAN,SEREMBAN,PASAR BESAR SEREMBAN - BAHAGIAN BORONG,Borong,20,Buah-Buahan,02,028,PISANG BERANGAN,F.A.Q,Kilogram,4.2,4.0586205,
30779208,2026-07-27,2026-07-27 10:29:36.65928,NEGERI SEMBILAN,SEREMBAN,PASAR BESAR SEREMBAN - BAHAGIAN BORONG,Borong,20,Buah-Buahan,02,028,PISANG BERANGAN,F.A.Q,Kilogram,4,4.0586205,
30779209,2026-07-27,2026-07-27 10:29:36.65928,NEGERI SEMBILAN,SEREMBAN,PASAR BESAR SEREMBAN - BAHAGIAN BORONG,Borong,20,Buah-Buahan,02,028,PISANG BERANGAN,F.A.Q,Kilogram,3.8,4.0586205,
30779210,2026-07-27,2026-07-27 10:29:36.65928,NEGERI SEMBILAN,SEREMBAN,PASAR BESAR SEREMBAN - BAHAGIAN BORONG,Borong,20,Buah-Buahan,02,034,TEMBIKAI MERAH TANPA BIJI,F.A.Q,Kilogram,2.7,2.4666667,
30779211,2026-07-27,2026-07-27 10:29:36.65928,NEGERI SEMBILAN,SEREMBAN,PASAR BESAR SEREMBAN - BAHAGIAN BORONG,Borong,20,Buah-Buahan,02,034,TEMBIKAI MERAH TANPA BIJI,F.A.Q,Kilogram,2.3,2.4666667,
30779212,2026-07-27,2026-07-27 10:29:36.65928,NEGERI SEMBILAN,SEREMBAN,PASAR BESAR SEREMBAN - BAHAGIAN BORONG,Borong,20,Buah-Buahan,02,034,TEMBIKAI MERAH TANPA BIJI,F.A.Q,Kilogram,2.4,2.4666667,
30779213,2026-07-27,2026-07-27 10:29:46.052239,KELANTAN,KOTA BHARU,PASAR BESAR SITI KHADIJAH,Runcit,26,Buah-Buahan,02,028,PISANG BERANGAN,F.A.Q,Kilogram,5,5.2,
30779214,2026-07-27,2026-07-27 10:29:46.052239,KELANTAN,KOTA BHARU,PASAR BESAR SITI KHADIJAH,Runcit,26,Buah-Buahan,02,028,PISANG BERANGAN,F.A.Q,Kilogram,5,5.2,
30779215,2026-07-27,2026-07-27 10:29:46.052239,KELANTAN,KOTA BHARU,PASAR BESAR SITI KHADIJAH,Runcit,26,Buah-Buahan,02,028,PISANG BERANGAN,F.A.Q,Kilogram,5,5.2,
30779216,2026-07-27,2026-07-27 10:29:46.052239,KELANTAN,KOTA BHARU,PASAR BESAR SITI KHADIJAH,Runcit,26,Buah-Buahan,02,028,PISANG BERANGAN,F.A.Q,Kilogram,5.5,5.2,
30779217,2026-07-27,2026-07-27 10:29:46.052239,KELANTAN,KOTA BHARU,PASAR BESAR SITI KHADIJAH,Runcit,26,Buah-Buahan,02,028,PISANG BERANGAN,F.A.Q,Kilogram,5.5,5.2,
30779218,2026-07-27,2026-07-27 10:29:46.052239,KELANTAN,KOTA BHARU,PASAR BESAR SITI KHADIJAH,Runcit,26,Buah-Buahan,02,034,TEMBIKAI MERAH TANPA BIJI,F.A.Q,Kilogram,3,2.88,
30779219,2026-07-27,2026-07-27 10:29:46.052239,KELANTAN,KOTA BHARU,PASAR BESAR SITI KHADIJAH,Runcit,26,Buah-Buahan,02,034,TEMBIKAI MERAH TANPA BIJI,F.A.Q,Kilogram,3,2.88,
30779220,2026-07-27,2026-07-27 10:29:46.052239,KELANTAN,KOTA BHARU,PASAR BESAR SITI KHADIJAH,Runcit,26,Buah-Buahan,02,034,TEMBIKAI MERAH TANPA BIJI,F.A.Q,Kilogram,3,2.88,
30779221,2026-07-27,2026-07-27 10:29:46.052239,KELANTAN,KOTA BHARU,PASAR BESAR SITI KHADIJAH,Runcit,26,Buah-Buahan,02,034,TEMBIKAI MERAH TANPA BIJI,F.A.Q,Kilogram,3.2,2.88,
30779222,2026-07-27,2026-07-27 10:29:46.052239,KELANTAN,KOTA BHARU,PASAR BESAR SITI KHADIJAH,Runcit,26,Buah-Buahan,02,034,TEMBIKAI MERAH TANPA BIJI,F.A.Q,Kilogram,3.2,2.88,
30779223,2026-07-27,2026-07-27 10:30:45.163228,KELANTAN,KOTA BHARU,PASAR BESAR SITI KHADIJAH,Runcit,26,Ternakan,03,002,AYAM PROSES STANDARD,F.A.Q,Kilogram,9.5,9.5,
30779224,2026-07-27,2026-07-27 10:30:45.163228,KELANTAN,KOTA BHARU,PASAR BESAR SITI KHADIJAH,Runcit,26,Ternakan,03,002,AYAM PROSES STANDARD,F.A.Q,Kilogram,9.5,9.5,
30779225,2026-07-27,2026-07-27 10:34:09.069254,SELANGOR,KLANG,[PROJEK] TKPM JALAN KEBUN,Ladang,,Sayur-Sayuran,03,001,BAYAM,F.A.Q,Kilogram,2,2,
30779226,2026-07-27,2026-07-27 10:34:09.069254,SELANGOR,KLANG,[PROJEK] TKPM JALAN KEBUN,Ladang,,Sayur-Sayuran,04,002,KACANG BENDI,F.A.Q,Kilogram,3,3,
30779227,2026-07-27,2026-07-27 10:34:09.069254,SELANGOR,KLANG,[PROJEK] TKPM JALAN KEBUN,Ladang,,Sayur-Sayuran,04,007,KACANG PANJANG HIJAU,F.A.Q,Kilogram,4,3,
30779228,2026-07-27,2026-07-27 10:34:09.069254,SELANGOR,KLANG,[PROJEK] TKPM JALAN KEBUN,Ladang,,Sayur-Sayuran,03,019,KANGKUNG,F.A.Q,Kilogram,2,2,
30779229,2026-07-27,2026-07-27 10:34:09.069254,SELANGOR,KLANG,[PROJEK] TKPM JALAN KEBUN,Ladang,,Sayur-Sayuran,03,007,SAWI HIJAU (TANAH RENDAH),F.A.Q,Kilogram,3,3,
30779230,2026-07-27,2026-07-27 10:34:09.069254,SELANGOR,KLANG,[PROJEK] TKPM JALAN KEBUN,Ladang,,Sayur-Sayuran,02,011,TIMUN HIJAU,F.A.Q,Kilogram,2.5,2,
30779231,2026-07-27,2026-07-27 10:34:44.07082,KELANTAN,KOTA BHARU,PASAR BESAR SITI KHADIJAH,Runcit,26,Ternakan,02,003,DAGING LEMBU PEJAL,F.A.Q,Kilogram,26,26,
30779232,2026-07-27,2026-07-27 10:34:44.07082,KELANTAN,KOTA BHARU,PASAR BESAR SITI KHADIJAH,Runcit,26,Ternakan,02,003,DAGING LEMBU PEJAL,F.A.Q,Kilogram,26,26,
30779233,2026-07-27,2026-07-27 10:34:44.07082,KELANTAN,KOTA BHARU,PASAR BESAR SITI KHADIJAH,Runcit,26,Ternakan,02,003,DAGING LEMBU PEJAL,F.A.Q,Kilogram,26,26,
30779234,2026-07-27,2026-07-27 10:34:44.07082,KELANTAN,KOTA BHARU,PASAR BESAR SITI KHADIJAH,Runcit,26,Ternakan,02,003,DAGING LEMBU PEJAL,F.A.Q,Kilogram,26,26,
30779235,2026-07-27,2026-07-27 10:35:00.168166,SELANGOR,KLANG,PASAR BESAR KLANG - BAHAGIAN BORONG,Borong,20,Ternakan,03,002,AYAM PROSES STANDARD,F.A.Q,Kilogram,8,8.1,
30779236,2026-07-27,2026-07-27 10:36:34.596765,KELANTAN,KOTA BHARU,PASAR BESAR SITI KHADIJAH,Runcit,26,Lain-Lain Makanan Proses,15,001,SANTAN PEKAT,F.A.Q,Kilogram,17,17,
30779254,2026-07-27,2026-07-27 10:38:22.515407,SELANGOR,KLANG,PASAR BESAR KLANG - BAHAGIAN BORONG,Borong,20,Sayur-Sayuran,05,001,BAWANG BESAR MERAH (INDIA),F.A.Q,Kilogram,1.6,1.6,
30779255,2026-07-27,2026-07-27 10:38:22.515407,SELANGOR,KLANG,PASAR BESAR KLANG - BAHAGIAN BORONG,Borong,20,Sayur-Sayuran,05,001,BAWANG PUTIH (CHINA),F.A.Q,Kilogram,7.5,7.62,
30779256,2026-07-27,2026-07-27 10:38:22.515407,SELANGOR,KLANG,PASAR BESAR KLANG - BAHAGIAN BORONG,Borong,20,Sayur-Sayuran,05,009,UBI KENTANG HOLLAND,F.A.Q,Kilogram,2.5,2.62,
30779269,2026-07-27,2026-07-27 10:40:40.96237,SELANGOR,KLANG,PASAR BESAR KLANG - BAHAGIAN BORONG,Borong,20,Sayur-Sayuran,03,001,BAYAM,F.A.Q,Kilogram,3,2.5,
30779270,2026-07-27,2026-07-27 10:40:40.96237,SELANGOR,KLANG,PASAR BESAR KLANG - BAHAGIAN BORONG,Borong,20,Sayur-Sayuran,02,002,CILI MERAH KULAI / KULAI HIBRID,F.A.Q,Kilogram,10,12,
30779271,2026-07-27,2026-07-27 10:40:40.96237,SELANGOR,KLANG,PASAR BESAR KLANG - BAHAGIAN BORONG,Borong,20,Sayur-Sayuran,02,002,CILI MERAH MINYAK,F.A.Q,Kilogram,8,8,
30779272,2026-07-27,2026-07-27 10:40:40.96237,SELANGOR,KLANG,PASAR BESAR KLANG - BAHAGIAN BORONG,Borong,20,Sayur-Sayuran,04,002,KACANG BENDI,F.A.Q,Kilogram,5,5,
30779273,2026-07-27,2026-07-27 10:40:40.96237,SELANGOR,KLANG,PASAR BESAR KLANG - BAHAGIAN BORONG,Borong,20,Sayur-Sayuran,04,007,KACANG PANJANG HIJAU,F.A.Q,Kilogram,6,6.13,
30779274,2026-07-27,2026-07-27 10:40:40.96237,SELANGOR,KLANG,PASAR BESAR KLANG - BAHAGIAN BORONG,Borong,20,Sayur-Sayuran,03,006,KUBIS BULAT (TANAH TINGGI),F.A.Q,Kilogram,3,2.8,
30779275,2026-07-27,2026-07-27 10:40:40.96237,SELANGOR,KLANG,PASAR BESAR KLANG - BAHAGIAN BORONG,Borong,20,Sayur-Sayuran,03,007,SAWI HIJAU (TANAH RENDAH),F.A.Q,Kilogram,4,4,
30779276,2026-07-27,2026-07-27 10:40:40.96237,SELANGOR,KLANG,PASAR BESAR KLANG - BAHAGIAN BORONG,Borong,20,Sayur-Sayuran,02,010,TERUNG PANJANG / PEPARU (TANAH RENDAH),F.A.Q,Kilogram,7,7.33,
30779277,2026-07-27,2026-07-27 10:40:40.96237,SELANGOR,KLANG,PASAR BESAR KLANG - BAHAGIAN BORONG,Borong,20,Sayur-Sayuran,02,011,TIMUN HIJAU,F.A.Q,Kilogram,3,2.5,
30779278,2026-07-27,2026-07-27 10:40:40.96237,SELANGOR,KLANG,PASAR BESAR KLANG - BAHAGIAN BORONG,Borong,20,Sayur-Sayuran,02,012,TOMATO (TANAH TINGGI),F.A.Q,Kilogram,8.5,5,
30779282,2026-07-27,2026-07-27 10:41:43.713104,SELANGOR,KLANG,PASAR BESAR KLANG - BAHAGIAN BORONG,Borong,20,Buah-Buahan,02,023,NANAS JOSAPINE (AC5),F.A.Q,Kilogram,3,3,
30779283,2026-07-27,2026-07-27 10:41:43.713104,SELANGOR,KLANG,PASAR BESAR KLANG - BAHAGIAN BORONG,Borong,20,Buah-Buahan,02,028,PISANG BERANGAN,F.A.Q,Kilogram,3,3.99,
30779284,2026-07-27,2026-07-27 10:41:43.713104,SELANGOR,KLANG,PASAR BESAR KLANG - BAHAGIAN BORONG,Borong,20,Buah-Buahan,02,034,TEMBIKAI MERAH TANPA BIJI,F.A.Q,Kilogram,2.5,2.5,
30779291,2026-07-27,2026-07-27 10:43:25.411021,SELANGOR,KLANG,PASAR BESAR KLANG - BAHAGIAN RUNCIT,Runcit,26,Ternakan,03,002,AYAM PROSES STANDARD,F.A.Q,Kilogram,10.2,10.09,
30779302,2026-07-27,2026-07-27 10:43:54.65109,SELANGOR,KLANG,PASAR BESAR KLANG - BAHAGIAN RUNCIT,Runcit,26,Buah-Buahan,02,023,NANAS JOSAPINE (AC5),F.A.Q,Kilogram,4,4,
30779303,2026-07-27,2026-07-27 10:43:54.65109,SELANGOR,KLANG,PASAR BESAR KLANG - BAHAGIAN RUNCIT,Runcit,26,Buah-Buahan,02,028,PISANG BERANGAN,F.A.Q,Kilogram,5.5,4.75,
30779304,2026-07-27,2026-07-27 10:43:54.65109,SELANGOR,KLANG,PASAR BESAR KLANG - BAHAGIAN RUNCIT,Runcit,26,Buah-Buahan,02,034,TEMBIKAI MERAH TANPA BIJI,F.A.Q,Kilogram,3,3.49,
30779308,2026-07-27,2026-07-27 10:44:16.082119,NEGERI SEMBILAN,SEREMBAN,PASAR BESAR SEREMBAN - BAHAGIAN BORONG,Borong,20,Sayur-Sayuran,03,001,BAYAM,F.A.Q,Kilogram,3.7,4.0571427,
30779309,2026-07-27,2026-07-27 10:44:16.082119,NEGERI SEMBILAN,SEREMBAN,PASAR BESAR SEREMBAN - BAHAGIAN BORONG,Borong,20,Sayur-Sayuran,03,001,BAYAM,F.A.Q,Kilogram,4.2,4.0571427,
30779310,2026-07-27,2026-07-27 10:44:16.082119,NEGERI SEMBILAN,SEREMBAN,PASAR BESAR SEREMBAN - BAHAGIAN BORONG,Borong,20,Sayur-Sayuran,03,001,BAYAM,F.A.Q,Kilogram,3.9,4.0571427,
30779311,2026-07-27,2026-07-27 10:44:16.082119,NEGERI SEMBILAN,SEREMBAN,PASAR BESAR SEREMBAN - BAHAGIAN BORONG,Borong,20,Sayur-Sayuran,02,002,CILI MERAH KULAI / KULAI HIBRID,F.A.Q,Kilogram,14.5,14.766666,
30779312,2026-07-27,2026-07-27 10:44:16.082119,NEGERI SEMBILAN,SEREMBAN,PASAR BESAR SEREMBAN - BAHAGIAN BORONG,Borong,20,Sayur-Sayuran,02,002,CILI MERAH KULAI / KULAI HIBRID,F.A.Q,Kilogram,15.5,14.766666,
30779313,2026-07-27,2026-07-27 10:44:16.082119,NEGERI SEMBILAN,SEREMBAN,PASAR BESAR SEREMBAN - BAHAGIAN BORONG,Borong,20,Sayur-Sayuran,02,002,CILI MERAH KULAI / KULAI HIBRID,F.A.Q,Kilogram,15,14.766666,
30779314,2026-07-27,2026-07-27 10:44:16.082119,NEGERI SEMBILAN,SEREMBAN,PASAR BESAR SEREMBAN - BAHAGIAN BORONG,Borong,20,Sayur-Sayuran,02,002,CILI MERAH MINYAK,F.A.Q,Kilogram,12.2,12.52,
30779315,2026-07-27,2026-07-27 10:44:16.082119,NEGERI SEMBILAN,SEREMBAN,PASAR BESAR SEREMBAN - BAHAGIAN BORONG,Borong,20,Sayur-Sayuran,02,002,CILI MERAH MINYAK,F.A.Q,Kilogram,12.9,12.52,
30779316,2026-07-27,2026-07-27 10:44:16.082119,NEGERI SEMBILAN,SEREMBAN,PASAR BESAR SEREMBAN - BAHAGIAN BORONG,Borong,20,Sayur-Sayuran,02,002,CILI MERAH MINYAK,F.A.Q,Kilogram,12.5,12.52,
30779317,2026-07-27,2026-07-27 10:44:16.082119,NEGERI SEMBILAN,SEREMBAN,PASAR BESAR SEREMBAN - BAHAGIAN BORONG,Borong,20,Sayur-Sayuran,04,002,KACANG BENDI,F.A.Q,Kilogram,5.3,5.5266666,
30779318,2026-07-27,2026-07-27 10:44:16.082119,NEGERI SEMBILAN,SEREMBAN,PASAR BESAR SEREMBAN - BAHAGIAN BORONG,Borong,20,Sayur-Sayuran,04,002,KACANG BENDI,F.A.Q,Kilogram,5.9,5.5266666,
30779319,2026-07-27,2026-07-27 10:44:16.082119,NEGERI SEMBILAN,SEREMBAN,PASAR BESAR SEREMBAN - BAHAGIAN BORONG,Borong,20,Sayur-Sayuran,04,002,KACANG BENDI,F.A.Q,Kilogram,5.5,5.5266666,
30779320,2026-07-27,2026-07-27 10:44:16.082119,NEGERI SEMBILAN,SEREMBAN,PASAR BESAR SEREMBAN - BAHAGIAN BORONG,Borong,20,Sayur-Sayuran,04,007,KACANG PANJANG HIJAU,F.A.Q,Kilogram,6.1,6.3033333,
30779321,2026-07-27,2026-07-27 10:44:16.082119,NEGERI SEMBILAN,SEREMBAN,PASAR BESAR SEREMBAN - BAHAGIAN BORONG,Borong,20,Sayur-Sayuran,04,007,KACANG PANJANG HIJAU,F.A.Q,Kilogram,6.8,6.3033333,
30779322,2026-07-27,2026-07-27 10:44:16.082119,NEGERI SEMBILAN,SEREMBAN,PASAR BESAR SEREMBAN - BAHAGIAN BORONG,Borong,20,Sayur-Sayuran,04,007,KACANG PANJANG HIJAU,F.A.Q,Kilogram,6.5,6.3033333,
30779323,2026-07-27,2026-07-27 10:44:16.082119,NEGERI SEMBILAN,SEREMBAN,PASAR BESAR SEREMBAN - BAHAGIAN BORONG,Borong,20,Sayur-Sayuran,03,006,KUBIS BULAT (TANAH TINGGI),F.A.Q,Kilogram,3.6,3.9733334,
30779324,2026-07-27,2026-07-27 10:44:16.082119,NEGERI SEMBILAN,SEREMBAN,PASAR BESAR SEREMBAN - BAHAGIAN BORONG,Borong,20,Sayur-Sayuran,03,006,KUBIS BULAT (TANAH TINGGI),F.A.Q,Kilogram,4.5,3.9733334,
30779325,2026-07-27,2026-07-27 10:44:16.082119,NEGERI SEMBILAN,SEREMBAN,PASAR BESAR SEREMBAN - BAHAGIAN BORONG,Borong,20,Sayur-Sayuran,03,006,KUBIS BULAT (TANAH TINGGI),F.A.Q,Kilogram,3.9,3.9733334,
30779326,2026-07-27,2026-07-27 10:44:16.082119,NEGERI SEMBILAN,SEREMBAN,PASAR BESAR SEREMBAN - BAHAGIAN BORONG,Borong,20,Sayur-Sayuran,03,007,SAWI HIJAU (TANAH RENDAH),F.A.Q,Kilogram,5.8,5.7535715,
30779327,2026-07-27,2026-07-27 10:44:16.082119,NEGERI SEMBILAN,SEREMBAN,PASAR BESAR SEREMBAN - BAHAGIAN BORONG,Borong,20,Sayur-Sayuran,03,007,SAWI HIJAU (TANAH RENDAH),F.A.Q,Kilogram,6.2,5.7535715,
30779328,2026-07-27,2026-07-27 10:44:16.082119,NEGERI SEMBILAN,SEREMBAN,PASAR BESAR SEREMBAN - BAHAGIAN BORONG,Borong,20,Sayur-Sayuran,03,007,SAWI HIJAU (TANAH RENDAH),F.A.Q,Kilogram,5.5,5.7535715,
30779329,2026-07-27,2026-07-27 10:44:16.082119,NEGERI SEMBILAN,SEREMBAN,PASAR BESAR SEREMBAN - BAHAGIAN BORONG,Borong,20,Sayur-Sayuran,02,010,TERUNG PANJANG / PEPARU (TANAH RENDAH),F.A.Q,Kilogram,8.2,6.786667,
30779330,2026-07-27,2026-07-27 10:44:16.082119,NEGERI SEMBILAN,SEREMBAN,PASAR BESAR SEREMBAN - BAHAGIAN BORONG,Borong,20,Sayur-Sayuran,02,010,TERUNG PANJANG / PEPARU (TANAH RENDAH),F.A.Q,Kilogram,8.9,6.786667,
30779331,2026-07-27,2026-07-27 10:44:16.082119,NEGERI SEMBILAN,SEREMBAN,PASAR BESAR SEREMBAN - BAHAGIAN BORONG,Borong,20,Sayur-Sayuran,02,010,TERUNG PANJANG / PEPARU (TANAH RENDAH),F.A.Q,Kilogram,8.5,6.786667,
30779332,2026-07-27,2026-07-27 10:44:16.082119,NEGERI SEMBILAN,SEREMBAN,PASAR BESAR SEREMBAN - BAHAGIAN BORONG,Borong,20,Sayur-Sayuran,02,011,TIMUN HIJAU,F.A.Q,Kilogram,3.3,3.0333333,
30779333,2026-07-27,2026-07-27 10:44:16.082119,NEGERI SEMBILAN,SEREMBAN,PASAR BESAR SEREMBAN - BAHAGIAN BORONG,Borong,20,Sayur-Sayuran,02,011,TIMUN HIJAU,F.A.Q,Kilogram,3.6,3.0333333,
30779334,2026-07-27,2026-07-27 10:44:16.082119,NEGERI SEMBILAN,SEREMBAN,PASAR BESAR SEREMBAN - BAHAGIAN BORONG,Borong,20,Sayur-Sayuran,02,011,TIMUN HIJAU,F.A.Q,Kilogram,3.1,3.0333333,
30779335,2026-07-27,2026-07-27 10:44:16.082119,NEGERI SEMBILAN,SEREMBAN,PASAR BESAR SEREMBAN - BAHAGIAN BORONG,Borong,20,Sayur-Sayuran,02,012,TOMATO (TANAH TINGGI),F.A.Q,Kilogram,8.6,7.9666667,
30779336,2026-07-27,2026-07-27 10:44:16.082119,NEGERI SEMBILAN,SEREMBAN,PASAR BESAR SEREMBAN - BAHAGIAN BORONG,Borong,20,Sayur-Sayuran,02,012,TOMATO (TANAH TINGGI),F.A.Q,Kilogram,9.4,7.9666667,
30779337,2026-07-27,2026-07-27 10:44:16.082119,NEGERI SEMBILAN,SEREMBAN,PASAR BESAR SEREMBAN - BAHAGIAN BORONG,Borong,20,Sayur-Sayuran,02,012,TOMATO (TANAH TINGGI),F.A.Q,Kilogram,8.9,7.9666667,
30779341,2026-07-27,2026-07-27 10:44:39.482271,NEGERI SEMBILAN,SEREMBAN,PASAR BESAR SEREMBAN - BAHAGIAN RUNCIT,Runcit,26,Sayur-Sayuran,03,001,BAYAM,F.A.Q,Kilogram,5,5.15,
30779342,2026-07-27,2026-07-27 10:44:39.482271,NEGERI SEMBILAN,SEREMBAN,PASAR BESAR SEREMBAN - BAHAGIAN RUNCIT,Runcit,26,Sayur-Sayuran,03,001,BAYAM,F.A.Q,Kilogram,4.8,5.15,
30779343,2026-07-27,2026-07-27 10:44:39.482271,NEGERI SEMBILAN,SEREMBAN,PASAR BESAR SEREMBAN - BAHAGIAN RUNCIT,Runcit,26,Sayur-Sayuran,03,001,BAYAM,F.A.Q,Kilogram,5.3,5.15,
30779344,2026-07-27,2026-07-27 10:44:39.482271,NEGERI SEMBILAN,SEREMBAN,PASAR BESAR SEREMBAN - BAHAGIAN RUNCIT,Runcit,26,Sayur-Sayuran,02,002,CILI MERAH KULAI / KULAI HIBRID,F.A.Q,Kilogram,17,18.166666,
30779345,2026-07-27,2026-07-27 10:44:39.482271,NEGERI SEMBILAN,SEREMBAN,PASAR BESAR SEREMBAN - BAHAGIAN RUNCIT,Runcit,26,Sayur-Sayuran,02,002,CILI MERAH KULAI / KULAI HIBRID,F.A.Q,Kilogram,18,18.166666,
30779346,2026-07-27,2026-07-27 10:44:39.482271,NEGERI SEMBILAN,SEREMBAN,PASAR BESAR SEREMBAN - BAHAGIAN RUNCIT,Runcit,26,Sayur-Sayuran,02,002,CILI MERAH KULAI / KULAI HIBRID,F.A.Q,Kilogram,21,18.166666,
30779347,2026-07-27,2026-07-27 10:44:39.482271,NEGERI SEMBILAN,SEREMBAN,PASAR BESAR SEREMBAN - BAHAGIAN RUNCIT,Runcit,26,Sayur-Sayuran,02,002,CILI MERAH MINYAK,F.A.Q,Kilogram,14,14.066667,
30779348,2026-07-27,2026-07-27 10:44:39.482271,NEGERI SEMBILAN,SEREMBAN,PASAR BESAR SEREMBAN - BAHAGIAN RUNCIT,Runcit,26,Sayur-Sayuran,02,002,CILI MERAH MINYAK,F.A.Q,Kilogram,13.7,14.066667,
30779349,2026-07-27,2026-07-27 10:44:39.482271,NEGERI SEMBILAN,SEREMBAN,PASAR BESAR SEREMBAN - BAHAGIAN RUNCIT,Runcit,26,Sayur-Sayuran,02,002,CILI MERAH MINYAK,F.A.Q,Kilogram,14.5,14.066667,
30779350,2026-07-27,2026-07-27 10:44:39.482271,NEGERI SEMBILAN,SEREMBAN,PASAR BESAR SEREMBAN - BAHAGIAN RUNCIT,Runcit,26,Sayur-Sayuran,04,002,KACANG BENDI,F.A.Q,Kilogram,6.5,6.9466667,
30779351,2026-07-27,2026-07-27 10:44:39.482271,NEGERI SEMBILAN,SEREMBAN,PASAR BESAR SEREMBAN - BAHAGIAN RUNCIT,Runcit,26,Sayur-Sayuran,04,002,KACANG BENDI,F.A.Q,Kilogram,7,6.9466667,
30779352,2026-07-27,2026-07-27 10:44:39.482271,NEGERI SEMBILAN,SEREMBAN,PASAR BESAR SEREMBAN - BAHAGIAN RUNCIT,Runcit,26,Sayur-Sayuran,04,002,KACANG BENDI,F.A.Q,Kilogram,7.5,6.9466667,
30779353,2026-07-27,2026-07-27 10:44:39.482271,NEGERI SEMBILAN,SEREMBAN,PASAR BESAR SEREMBAN - BAHAGIAN RUNCIT,Runcit,26,Sayur-Sayuran,04,007,KACANG PANJANG HIJAU,F.A.Q,Kilogram,8.3,7.923333,
30779354,2026-07-27,2026-07-27 10:44:39.482271,NEGERI SEMBILAN,SEREMBAN,PASAR BESAR SEREMBAN - BAHAGIAN RUNCIT,Runcit,26,Sayur-Sayuran,04,007,KACANG PANJANG HIJAU,F.A.Q,Kilogram,8,7.923333,
30779355,2026-07-27,2026-07-27 10:44:39.482271,NEGERI SEMBILAN,SEREMBAN,PASAR BESAR SEREMBAN - BAHAGIAN RUNCIT,Runcit,26,Sayur-Sayuran,04,007,KACANG PANJANG HIJAU,F.A.Q,Kilogram,8.8,7.923333,
30779356,2026-07-27,2026-07-27 10:44:39.482271,NEGERI SEMBILAN,SEREMBAN,PASAR BESAR SEREMBAN - BAHAGIAN RUNCIT,Runcit,26,Sayur-Sayuran,03,006,KUBIS BULAT (TANAH TINGGI),F.A.Q,Kilogram,5.5,5.5533333,
30779357,2026-07-27,2026-07-27 10:44:39.482271,NEGERI SEMBILAN,SEREMBAN,PASAR BESAR SEREMBAN - BAHAGIAN RUNCIT,Runcit,26,Sayur-Sayuran,03,006,KUBIS BULAT (TANAH TINGGI),F.A.Q,Kilogram,5.2,5.5533333,
30779358,2026-07-27,2026-07-27 10:44:39.482271,NEGERI SEMBILAN,SEREMBAN,PASAR BESAR SEREMBAN - BAHAGIAN RUNCIT,Runcit,26,Sayur-Sayuran,03,006,KUBIS BULAT (TANAH TINGGI),F.A.Q,Kilogram,6,5.5533333,
30779359,2026-07-27,2026-07-27 10:44:39.482271,NEGERI SEMBILAN,SEREMBAN,PASAR BESAR SEREMBAN - BAHAGIAN RUNCIT,Runcit,26,Sayur-Sayuran,03,007,SAWI HIJAU (TANAH RENDAH),F.A.Q,Kilogram,7.6,7.6,
30779360,2026-07-27,2026-07-27 10:44:39.482271,NEGERI SEMBILAN,SEREMBAN,PASAR BESAR SEREMBAN - BAHAGIAN RUNCIT,Runcit,26,Sayur-Sayuran,03,007,SAWI HIJAU (TANAH RENDAH),F.A.Q,Kilogram,7.4,7.6,
30779361,2026-07-27,2026-07-27 10:44:39.482271,NEGERI SEMBILAN,SEREMBAN,PASAR BESAR SEREMBAN - BAHAGIAN RUNCIT,Runcit,26,Sayur-Sayuran,03,007,SAWI HIJAU (TANAH RENDAH),F.A.Q,Kilogram,8,7.6,
30779362,2026-07-27,2026-07-27 10:44:39.482271,NEGERI SEMBILAN,SEREMBAN,PASAR BESAR SEREMBAN - BAHAGIAN RUNCIT,Runcit,26,Sayur-Sayuran,02,010,TERUNG PANJANG / PEPARU (TANAH RENDAH),F.A.Q,Kilogram,10,8.626667,
30779363,2026-07-27,2026-07-27 10:44:39.482271,NEGERI SEMBILAN,SEREMBAN,PASAR BESAR SEREMBAN - BAHAGIAN RUNCIT,Runcit,26,Sayur-Sayuran,02,010,TERUNG PANJANG / PEPARU (TANAH RENDAH),F.A.Q,Kilogram,9.5,8.626667,
30779364,2026-07-27,2026-07-27 10:44:39.482271,NEGERI SEMBILAN,SEREMBAN,PASAR BESAR SEREMBAN - BAHAGIAN RUNCIT,Runcit,26,Sayur-Sayuran,02,010,TERUNG PANJANG / PEPARU (TANAH RENDAH),F.A.Q,Kilogram,10.5,8.626667,
30779365,2026-07-27,2026-07-27 10:44:39.482271,NEGERI SEMBILAN,SEREMBAN,PASAR BESAR SEREMBAN - BAHAGIAN RUNCIT,Runcit,26,Sayur-Sayuran,02,011,TIMUN HIJAU,F.A.Q,Kilogram,4.5,4.1,
30779366,2026-07-27,2026-07-27 10:44:39.482271,NEGERI SEMBILAN,SEREMBAN,PASAR BESAR SEREMBAN - BAHAGIAN RUNCIT,Runcit,26,Sayur-Sayuran,02,011,TIMUN HIJAU,F.A.Q,Kilogram,4.2,4.1,
30779367,2026-07-27,2026-07-27 10:44:39.482271,NEGERI SEMBILAN,SEREMBAN,PASAR BESAR SEREMBAN - BAHAGIAN RUNCIT,Runcit,26,Sayur-Sayuran,02,011,TIMUN HIJAU,F.A.Q,Kilogram,4.7,4.1,
30779368,2026-07-27,2026-07-27 10:44:39.482271,NEGERI SEMBILAN,SEREMBAN,PASAR BESAR SEREMBAN - BAHAGIAN RUNCIT,Runcit,26,Sayur-Sayuran,02,012,TOMATO (TANAH TINGGI),F.A.Q,Kilogram,11,9,
30779369,2026-07-27,2026-07-27 10:44:39.482271,NEGERI SEMBILAN,SEREMBAN,PASAR BESAR SEREMBAN - BAHAGIAN RUNCIT,Runcit,26,Sayur-Sayuran,02,012,TOMATO (TANAH TINGGI),F.A.Q,Kilogram,10,9,
30779370,2026-07-27,2026-07-27 10:44:39.482271,NEGERI SEMBILAN,SEREMBAN,PASAR BESAR SEREMBAN - BAHAGIAN RUNCIT,Runcit,26,Sayur-Sayuran,02,012,TOMATO (TANAH TINGGI),F.A.Q,Kilogram,12,9,
30779371,2026-07-27,2026-07-27 10:44:44.278014,SELANGOR,KLANG,PASAR BESAR KLANG - BAHAGIAN RUNCIT,Runcit,26,Sayur-Sayuran,05,001,BAWANG BESAR MERAH (INDIA),F.A.Q,Kilogram,3.5,4.23,
30779372,2026-07-27,2026-07-27 10:44:44.278014,SELANGOR,KLANG,PASAR BESAR KLANG - BAHAGIAN RUNCIT,Runcit,26,Sayur-Sayuran,05,001,BAWANG PUTIH (CHINA),F.A.Q,Kilogram,9.9,8.52,
30779373,2026-07-27,2026-07-27 10:44:44.278014,SELANGOR,KLANG,PASAR BESAR KLANG - BAHAGIAN RUNCIT,Runcit,26,Ternakan,11,001,TELUR AYAM,B,Biji,0.43,0.405,
30779374,2026-07-27,2026-07-27 10:44:44.278014,SELANGOR,KLANG,PASAR BESAR KLANG - BAHAGIAN RUNCIT,Runcit,26,Sayur-Sayuran,05,009,UBI KENTANG HOLLAND,F.A.Q,Kilogram,3.5,4.09,
30779375,2026-07-27,2026-07-27 10:44:57.887654,SELANGOR,KLANG,PASAR BESAR KLANG - BAHAGIAN RUNCIT,Runcit,26,Ternakan,02,003,DAGING LEMBU PEJAL,F.A.Q,Kilogram,42,42,
30779388,2026-07-27,2026-07-27 10:45:25.95433,SELANGOR,KLANG,PASAR BESAR KLANG - BAHAGIAN RUNCIT,Runcit,26,Tanaman Kontan,05,001,KELAPA DIKUPAS,SEDANG,Biji,3,3,
30779389,2026-07-27,2026-07-27 10:45:25.95433,SELANGOR,KLANG,PASAR BESAR KLANG - BAHAGIAN RUNCIT,Runcit,26,Lain-Lain Makanan Proses,15,001,SANTAN PEKAT,F.A.Q,Kilogram,12,12,
30779393,2026-07-27,2026-07-27 10:45:53.611989,NEGERI SEMBILAN,SEREMBAN,PASAR BESAR SEREMBAN - BAHAGIAN BORONG,Borong,20,Sayur-Sayuran,05,001,BAWANG BESAR MERAH (INDIA),F.A.Q,Kilogram,2.5,2.7333333,
30779394,2026-07-27,2026-07-27 10:45:53.611989,NEGERI SEMBILAN,SEREMBAN,PASAR BESAR SEREMBAN - BAHAGIAN BORONG,Borong,20,Sayur-Sayuran,05,001,BAWANG BESAR MERAH (INDIA),F.A.Q,Kilogram,3.1,2.7333333,
30779395,2026-07-27,2026-07-27 10:45:53.611989,NEGERI SEMBILAN,SEREMBAN,PASAR BESAR SEREMBAN - BAHAGIAN BORONG,Borong,20,Sayur-Sayuran,05,001,BAWANG BESAR MERAH (INDIA),F.A.Q,Kilogram,2.8,2.7333333,
30779396,2026-07-27,2026-07-27 10:45:53.611989,NEGERI SEMBILAN,SEREMBAN,PASAR BESAR SEREMBAN - BAHAGIAN BORONG,Borong,20,Sayur-Sayuran,05,001,BAWANG PUTIH (CHINA),F.A.Q,Kilogram,8.5,8.766666,
30779397,2026-07-27,2026-07-27 10:45:53.611989,NEGERI SEMBILAN,SEREMBAN,PASAR BESAR SEREMBAN - BAHAGIAN BORONG,Borong,20,Sayur-Sayuran,05,001,BAWANG PUTIH (CHINA),F.A.Q,Kilogram,9,8.766666,
30779398,2026-07-27,2026-07-27 10:45:53.611989,NEGERI SEMBILAN,SEREMBAN,PASAR BESAR SEREMBAN - BAHAGIAN BORONG,Borong,20,Sayur-Sayuran,05,001,BAWANG PUTIH (CHINA),F.A.Q,Kilogram,8.8,8.766666,
30779407,2026-07-27,2026-07-27 10:46:32.120034,SELANGOR,KLANG,PASAR BESAR KLANG - BAHAGIAN RUNCIT,Runcit,26,Sayur-Sayuran,03,001,BAYAM,F.A.Q,Kilogram,3.5,3.5,
30779408,2026-07-27,2026-07-27 10:46:32.120034,SELANGOR,KLANG,PASAR BESAR KLANG - BAHAGIAN RUNCIT,Runcit,26,Sayur-Sayuran,02,002,CILI MERAH KULAI / KULAI HIBRID,F.A.Q,Kilogram,14,15.5,
30779409,2026-07-27,2026-07-27 10:46:32.120034,SELANGOR,KLANG,PASAR BESAR KLANG - BAHAGIAN RUNCIT,Runcit,26,Sayur-Sayuran,02,002,CILI MERAH MINYAK,F.A.Q,Kilogram,10,10,
30779410,2026-07-27,2026-07-27 10:46:32.120034,SELANGOR,KLANG,PASAR BESAR KLANG - BAHAGIAN RUNCIT,Runcit,26,Sayur-Sayuran,04,002,KACANG BENDI,F.A.Q,Kilogram,7,7,
30779411,2026-07-27,2026-07-27 10:46:32.120034,SELANGOR,KLANG,PASAR BESAR KLANG - BAHAGIAN RUNCIT,Runcit,26,Sayur-Sayuran,04,007,KACANG PANJANG HIJAU,F.A.Q,Kilogram,8,7.75,
30779412,2026-07-27,2026-07-27 10:46:32.120034,SELANGOR,KLANG,PASAR BESAR KLANG - BAHAGIAN RUNCIT,Runcit,26,Sayur-Sayuran,03,006,KUBIS BULAT (TANAH TINGGI),F.A.Q,Kilogram,3.5,3.4,
30779413,2026-07-27,2026-07-27 10:46:32.120034,SELANGOR,KLANG,PASAR BESAR KLANG - BAHAGIAN RUNCIT,Runcit,26,Sayur-Sayuran,03,007,SAWI HIJAU (TANAH RENDAH),F.A.Q,Kilogram,6,6,
30779414,2026-07-27,2026-07-27 10:46:32.120034,SELANGOR,KLANG,PASAR BESAR KLANG - BAHAGIAN RUNCIT,Runcit,26,Sayur-Sayuran,02,010,TERUNG PANJANG / PEPARU (TANAH RENDAH),F.A.Q,Kilogram,9,8,
30779415,2026-07-27,2026-07-27 10:46:32.120034,SELANGOR,KLANG,PASAR BESAR KLANG - BAHAGIAN RUNCIT,Runcit,26,Sayur-Sayuran,02,011,TIMUN HIJAU,F.A.Q,Kilogram,3.5,3,
30779416,2026-07-27,2026-07-27 10:46:32.120034,SELANGOR,KLANG,PASAR BESAR KLANG - BAHAGIAN RUNCIT,Runcit,26,Sayur-Sayuran,02,012,TOMATO (TANAH TINGGI),F.A.Q,Kilogram,9.5,7,
30779419,2026-07-27,2026-07-27 10:47:10.500925,NEGERI SEMBILAN,SEREMBAN,PASAR BESAR SEREMBAN - BAHAGIAN RUNCIT,Runcit,26,Sayur-Sayuran,05,001,BAWANG BESAR MERAH (INDIA),F.A.Q,Kilogram,4,3.9333334,
30779420,2026-07-27,2026-07-27 10:47:10.500925,NEGERI SEMBILAN,SEREMBAN,PASAR BESAR SEREMBAN - BAHAGIAN RUNCIT,Runcit,26,Sayur-Sayuran,05,001,BAWANG BESAR MERAH (INDIA),F.A.Q,Kilogram,3.6,3.9333334,
30779421,2026-07-27,2026-07-27 10:47:10.500925,NEGERI SEMBILAN,SEREMBAN,PASAR BESAR SEREMBAN - BAHAGIAN RUNCIT,Runcit,26,Sayur-Sayuran,05,001,BAWANG BESAR MERAH (INDIA),F.A.Q,Kilogram,4.4,3.9333334,
30779422,2026-07-27,2026-07-27 10:47:10.500925,NEGERI SEMBILAN,SEREMBAN,PASAR BESAR SEREMBAN - BAHAGIAN RUNCIT,Runcit,26,Sayur-Sayuran,05,001,BAWANG PUTIH (CHINA),F.A.Q,Kilogram,9.8,9.833333,
30779423,2026-07-27,2026-07-27 10:47:10.500925,NEGERI SEMBILAN,SEREMBAN,PASAR BESAR SEREMBAN - BAHAGIAN RUNCIT,Runcit,26,Sayur-Sayuran,05,001,BAWANG PUTIH (CHINA),F.A.Q,Kilogram,9.4,9.833333,
30779424,2026-07-27,2026-07-27 10:47:10.500925,NEGERI SEMBILAN,SEREMBAN,PASAR BESAR SEREMBAN - BAHAGIAN RUNCIT,Runcit,26,Sayur-Sayuran,05,001,BAWANG PUTIH (CHINA),F.A.Q,Kilogram,10.3,9.833333,
30779649,2026-07-27,2026-07-27 11:05:22.551937,MELAKA,MELAKA TENGAH,PASAR BESAR MBMB,Runcit,26,Ternakan,03,002,AYAM PROSES STANDARD,F.A.Q,Kilogram,10,10,
30779650,2026-07-27,2026-07-27 11:05:22.551937,MELAKA,MELAKA TENGAH,PASAR BESAR MBMB,Runcit,26,Ternakan,03,002,AYAM PROSES STANDARD,F.A.Q,Kilogram,10,10,
30779651,2026-07-27,2026-07-27 11:05:22.551937,MELAKA,MELAKA TENGAH,PASAR BESAR MBMB,Runcit,26,Ternakan,03,002,AYAM PROSES STANDARD,F.A.Q,Kilogram,10,10,
30779652,2026-07-27,2026-07-27 11:05:22.551937,MELAKA,MELAKA TENGAH,PASAR BESAR MBMB,Runcit,26,Ternakan,03,002,AYAM PROSES STANDARD,F.A.Q,Kilogram,10,10,
30779653,2026-07-27,2026-07-27 11:05:22.551937,MELAKA,MELAKA TENGAH,PASAR BESAR MBMB,Runcit,26,Ternakan,02,003,DAGING LEMBU PEJAL,F.A.Q,Kilogram,40,39,
30779654,2026-07-27,2026-07-27 11:05:22.551937,MELAKA,MELAKA TENGAH,PASAR BESAR MBMB,Runcit,26,Ternakan,02,003,DAGING LEMBU PEJAL,F.A.Q,Kilogram,40,39,
30779655,2026-07-27,2026-07-27 11:05:22.551937,MELAKA,MELAKA TENGAH,PASAR BESAR MBMB,Runcit,26,Ternakan,11,001,TELUR AYAM,B,Biji,0.45,0.45,
30779673,2026-07-27,2026-07-27 11:08:44.788362,MELAKA,MELAKA TENGAH,PASAR BESAR MBMB,Runcit,26,Sayur-Sayuran,05,001,BAWANG BESAR MERAH (INDIA),F.A.Q,Kilogram,2.6,3.05,
30779674,2026-07-27,2026-07-27 11:08:44.788362,MELAKA,MELAKA TENGAH,PASAR BESAR MBMB,Runcit,26,Sayur-Sayuran,05,001,BAWANG BESAR MERAH (INDIA),F.A.Q,Kilogram,3.5,3.05,
30779675,2026-07-27,2026-07-27 11:08:44.788362,MELAKA,MELAKA TENGAH,PASAR BESAR MBMB,Runcit,26,Sayur-Sayuran,05,001,BAWANG PUTIH (CHINA),F.A.Q,Kilogram,9,10,
30779676,2026-07-27,2026-07-27 11:08:44.788362,MELAKA,MELAKA TENGAH,PASAR BESAR MBMB,Runcit,26,Sayur-Sayuran,05,001,BAWANG PUTIH (CHINA),F.A.Q,Kilogram,11,10,
30779677,2026-07-27,2026-07-27 11:08:44.788362,MELAKA,MELAKA TENGAH,PASAR BESAR MBMB,Runcit,26,Sayur-Sayuran,03,001,BAYAM,F.A.Q,Kilogram,4.5,3.25,
30779678,2026-07-27,2026-07-27 11:08:44.788362,MELAKA,MELAKA TENGAH,PASAR BESAR MBMB,Runcit,26,Sayur-Sayuran,03,001,BAYAM,F.A.Q,Kilogram,4.5,3.25,
30779679,2026-07-27,2026-07-27 11:08:44.788362,MELAKA,MELAKA TENGAH,PASAR BESAR MBMB,Runcit,26,Sayur-Sayuran,02,002,CILI MERAH KULAI / KULAI HIBRID,F.A.Q,Kilogram,15,15,
30779680,2026-07-27,2026-07-27 11:08:44.788362,MELAKA,MELAKA TENGAH,PASAR BESAR MBMB,Runcit,26,Sayur-Sayuran,02,002,CILI MERAH KULAI / KULAI HIBRID,F.A.Q,Kilogram,16,15,
30779681,2026-07-27,2026-07-27 11:08:44.788362,MELAKA,MELAKA TENGAH,PASAR BESAR MBMB,Runcit,26,Sayur-Sayuran,02,002,CILI MERAH MINYAK,F.A.Q,Kilogram,14,14,
30779682,2026-07-27,2026-07-27 11:08:44.788362,MELAKA,MELAKA TENGAH,PASAR BESAR MBMB,Runcit,26,Sayur-Sayuran,02,002,CILI MERAH MINYAK,F.A.Q,Kilogram,14,14,
30779683,2026-07-27,2026-07-27 11:08:44.788362,MELAKA,MELAKA TENGAH,PASAR BESAR MBMB,Runcit,26,Sayur-Sayuran,04,002,KACANG BENDI,F.A.Q,Kilogram,5.5,6,
30779684,2026-07-27,2026-07-27 11:08:44.788362,MELAKA,MELAKA TENGAH,PASAR BESAR MBMB,Runcit,26,Sayur-Sayuran,04,002,KACANG BENDI,F.A.Q,Kilogram,6,6,
30779685,2026-07-27,2026-07-27 11:08:44.788362,MELAKA,MELAKA TENGAH,PASAR BESAR MBMB,Runcit,26,Sayur-Sayuran,04,007,KACANG PANJANG HIJAU,F.A.Q,Kilogram,6.5,5,
30779686,2026-07-27,2026-07-27 11:08:44.788362,MELAKA,MELAKA TENGAH,PASAR BESAR MBMB,Runcit,26,Sayur-Sayuran,04,007,KACANG PANJANG HIJAU,F.A.Q,Kilogram,7,5,
30779687,2026-07-27,2026-07-27 11:08:44.788362,MELAKA,MELAKA TENGAH,PASAR BESAR MBMB,Runcit,26,Sayur-Sayuran,03,006,KUBIS BULAT (TANAH TINGGI),F.A.Q,Kilogram,3.5,3,
30779688,2026-07-27,2026-07-27 11:08:44.788362,MELAKA,MELAKA TENGAH,PASAR BESAR MBMB,Runcit,26,Sayur-Sayuran,03,006,KUBIS BULAT (TANAH TINGGI),F.A.Q,Kilogram,4,3,
30779689,2026-07-27,2026-07-27 11:08:44.788362,MELAKA,MELAKA TENGAH,PASAR BESAR MBMB,Runcit,26,Sayur-Sayuran,03,007,SAWI HIJAU (TANAH RENDAH),F.A.Q,Kilogram,5,3.5,
30779690,2026-07-27,2026-07-27 11:08:44.788362,MELAKA,MELAKA TENGAH,PASAR BESAR MBMB,Runcit,26,Sayur-Sayuran,03,007,SAWI HIJAU (TANAH RENDAH),F.A.Q,Kilogram,5,3.5,
30779691,2026-07-27,2026-07-27 11:08:44.788362,MELAKA,MELAKA TENGAH,PASAR BESAR MBMB,Runcit,26,Sayur-Sayuran,02,010,TERUNG PANJANG / PEPARU (TANAH RENDAH),F.A.Q,Kilogram,8,7.5,
30779692,2026-07-27,2026-07-27 11:08:44.788362,MELAKA,MELAKA TENGAH,PASAR BESAR MBMB,Runcit,26,Sayur-Sayuran,02,010,TERUNG PANJANG / PEPARU (TANAH RENDAH),F.A.Q,Kilogram,8,7.5,
30779693,2026-07-27,2026-07-27 11:08:44.788362,MELAKA,MELAKA TENGAH,PASAR BESAR MBMB,Runcit,26,Sayur-Sayuran,02,011,TIMUN HIJAU,F.A.Q,Kilogram,4,2.25,
30779694,2026-07-27,2026-07-27 11:08:44.788362,MELAKA,MELAKA TENGAH,PASAR BESAR MBMB,Runcit,26,Sayur-Sayuran,02,011,TIMUN HIJAU,F.A.Q,Kilogram,4,2.25,
30779695,2026-07-27,2026-07-27 11:08:44.788362,MELAKA,MELAKA TENGAH,PASAR BESAR MBMB,Runcit,26,Sayur-Sayuran,02,012,TOMATO (TANAH TINGGI),F.A.Q,Kilogram,8.5,6,
30779696,2026-07-27,2026-07-27 11:08:44.788362,MELAKA,MELAKA TENGAH,PASAR BESAR MBMB,Runcit,26,Sayur-Sayuran,02,012,TOMATO (TANAH TINGGI),F.A.Q,Kilogram,9,6,
30779706,2026-07-27,2026-07-27 11:09:25.129329,MELAKA,MELAKA TENGAH,PASAR BESAR MBMB,Runcit,26,Buah-Buahan,02,023,NANAS JOSAPINE (AC5),F.A.Q,Kilogram,5,5,
30779707,2026-07-27,2026-07-27 11:09:25.129329,MELAKA,MELAKA TENGAH,PASAR BESAR MBMB,Runcit,26,Buah-Buahan,02,028,PISANG BERANGAN,F.A.Q,Kilogram,5,5.25,
30779708,2026-07-27,2026-07-27 11:09:25.129329,MELAKA,MELAKA TENGAH,PASAR BESAR MBMB,Runcit,26,Buah-Buahan,02,028,PISANG BERANGAN,F.A.Q,Kilogram,5,5.25,
30779709,2026-07-27,2026-07-27 11:09:25.129329,MELAKA,MELAKA TENGAH,PASAR BESAR MBMB,Runcit,26,Buah-Buahan,02,034,TEMBIKAI MERAH TANPA BIJI,F.A.Q,Kilogram,3.5,3.75,
30779710,2026-07-27,2026-07-27 11:09:25.129329,MELAKA,MELAKA TENGAH,PASAR BESAR MBMB,Runcit,26,Buah-Buahan,02,034,TEMBIKAI MERAH TANPA BIJI,F.A.Q,Kilogram,4,3.75,
