priceid,tarikh_harga,systemdate,negeri,daerah,lokasi,peringkat,sublevel,kategori,kumpulan,jenis,varieti,gred,unit,harga,average14,supply
30862666,2026-08-19,2026-08-19 05:56:22.024242,PULAU PINANG,SEBERANG PERAI TENGAH,PASAR BORONG BUKIT MERTAJAM,Borong,20,Ternakan,02,003,DAGING LEMBU PEJAL,F.A.Q,Kilogram,30,30.46,
30862667,2026-08-19,2026-08-19 05:56:22.024242,PULAU PINANG,SEBERANG PERAI TENGAH,PASAR BORONG BUKIT MERTAJAM,Borong,20,Ternakan,02,003,DAGING LEMBU PEJAL,F.A.Q,Kilogram,27,30.46,
30862668,2026-08-19,2026-08-19 05:58:54.787196,PULAU PINANG,SEBERANG PERAI TENGAH,PASAR BORONG BUKIT MERTAJAM,Borong,20,Sayur-Sayuran,03,001,BAYAM,F.A.Q,Kilogram,1.6,3.1294117,
30862669,2026-08-19,2026-08-19 05:58:54.787196,PULAU PINANG,SEBERANG PERAI TENGAH,PASAR BORONG BUKIT MERTAJAM,Borong,20,Sayur-Sayuran,02,002,CILI MERAH KULAI / KULAI HIBRID,F.A.Q,Kilogram,11,12.266666,
30862670,2026-08-19,2026-08-19 05:58:54.787196,PULAU PINANG,SEBERANG PERAI TENGAH,PASAR BORONG BUKIT MERTAJAM,Borong,20,Sayur-Sayuran,02,002,CILI MERAH KULAI / KULAI HIBRID,F.A.Q,Kilogram,6,12.266666,
30862671,2026-08-19,2026-08-19 05:58:54.787196,PULAU PINANG,SEBERANG PERAI TENGAH,PASAR BORONG BUKIT MERTAJAM,Borong,20,Sayur-Sayuran,02,002,CILI MERAH MINYAK,F.A.Q,Kilogram,9,10.47,
30862672,2026-08-19,2026-08-19 05:58:54.787196,PULAU PINANG,SEBERANG PERAI TENGAH,PASAR BORONG BUKIT MERTAJAM,Borong,20,Sayur-Sayuran,02,002,CILI MERAH MINYAK,F.A.Q,Kilogram,6,10.47,
30862673,2026-08-19,2026-08-19 05:58:54.787196,PULAU PINANG,SEBERANG PERAI TENGAH,PASAR BORONG BUKIT MERTAJAM,Borong,20,Sayur-Sayuran,04,002,KACANG BENDI,F.A.Q,Kilogram,6.3,6.707143,
30862674,2026-08-19,2026-08-19 05:58:54.787196,PULAU PINANG,SEBERANG PERAI TENGAH,PASAR BORONG BUKIT MERTAJAM,Borong,20,Sayur-Sayuran,04,007,KACANG PANJANG HIJAU,F.A.Q,Kilogram,5.8,6.13,
30862675,2026-08-19,2026-08-19 05:58:54.787196,PULAU PINANG,SEBERANG PERAI TENGAH,PASAR BORONG BUKIT MERTAJAM,Borong,20,Sayur-Sayuran,03,006,KUBIS BULAT (TANAH TINGGI),F.A.Q,Kilogram,2.6,2.8095238,
30862676,2026-08-19,2026-08-19 05:58:54.787196,PULAU PINANG,SEBERANG PERAI TENGAH,PASAR BORONG BUKIT MERTAJAM,Borong,20,Sayur-Sayuran,03,007,SAWI HIJAU,F.A.Q,Kilogram,1.8,2.8578947,
30862677,2026-08-19,2026-08-19 05:58:54.787196,PULAU PINANG,SEBERANG PERAI TENGAH,PASAR BORONG BUKIT MERTAJAM,Borong,20,Sayur-Sayuran,03,007,SAWI HIJAU TANAH TINGGI,F.A.Q,Kilogram,2.2,3.8210526,
30862678,2026-08-19,2026-08-19 05:58:54.787196,PULAU PINANG,SEBERANG PERAI TENGAH,PASAR BORONG BUKIT MERTAJAM,Borong,20,Sayur-Sayuran,02,010,TERUNG PANJANG / PEPARU (TANAH RENDAH),F.A.Q,Kilogram,6.7,6.5175,
30862679,2026-08-19,2026-08-19 05:58:54.787196,PULAU PINANG,SEBERANG PERAI TENGAH,PASAR BORONG BUKIT MERTAJAM,Borong,20,Sayur-Sayuran,02,010,TERUNG PANJANG / PEPARU (TANAH RENDAH),F.A.Q,Kilogram,4.7,6.5175,
30862680,2026-08-19,2026-08-19 05:58:54.787196,PULAU PINANG,SEBERANG PERAI TENGAH,PASAR BORONG BUKIT MERTAJAM,Borong,20,Sayur-Sayuran,02,011,TIMUN HIJAU,F.A.Q,Kilogram,1.2,1.9714285,
30862681,2026-08-19,2026-08-19 05:58:54.787196,PULAU PINANG,SEBERANG PERAI TENGAH,PASAR BORONG BUKIT MERTAJAM,Borong,20,Sayur-Sayuran,02,011,TIMUN HIJAU,F.A.Q,Kilogram,0.5,1.9714285,
30862684,2026-08-19,2026-08-19 05:59:40.795855,PULAU PINANG,SEBERANG PERAI TENGAH,PASAR BORONG BUKIT MERTAJAM,Borong,20,Ternakan,03,002,AYAM PROSES STANDARD,F.A.Q,Kilogram,9.6,9.55,
30862685,2026-08-19,2026-08-19 05:59:40.795855,PULAU PINANG,SEBERANG PERAI TENGAH,PASAR BORONG BUKIT MERTAJAM,Borong,20,Ternakan,11,001,TELUR AYAM,B,Biji,0.48,0.4481818,
30862686,2026-08-19,2026-08-19 06:03:28.912099,PULAU PINANG,SEBERANG PERAI TENGAH,PASAR BORONG BUKIT MERTAJAM,Borong,20,Buah-Buahan,02,023,NANAS JOSAPINE (AC5),F.A.Q,Kilogram,3,2.5,
30862687,2026-08-19,2026-08-19 06:03:28.912099,PULAU PINANG,SEBERANG PERAI TENGAH,PASAR BORONG BUKIT MERTAJAM,Borong,20,Buah-Buahan,02,023,NANAS JOSAPINE (AC5),F.A.Q,Kilogram,2,2.5,
30862688,2026-08-19,2026-08-19 06:03:28.912099,PULAU PINANG,SEBERANG PERAI TENGAH,PASAR BORONG BUKIT MERTAJAM,Borong,20,Buah-Buahan,02,034,TEMBIKAI MERAH TANPA BIJI,F.A.Q,Kilogram,2.2,2.23,
30862689,2026-08-19,2026-08-19 06:03:28.912099,PULAU PINANG,SEBERANG PERAI TENGAH,PASAR BORONG BUKIT MERTAJAM,Borong,20,Buah-Buahan,02,034,TEMBIKAI MERAH TANPA BIJI,F.A.Q,Kilogram,1.2,2.23,
30862690,2026-08-19,2026-08-19 06:06:23.401338,PULAU PINANG,SEBERANG PERAI TENGAH,PASAR BORONG BUKIT MERTAJAM,Borong,20,Sayur-Sayuran,03,001,BAYAM,F.A.Q,Kilogram,2.3,3.1294117,
30862691,2026-08-19,2026-08-19 06:06:23.401338,PULAU PINANG,SEBERANG PERAI TENGAH,PASAR BORONG BUKIT MERTAJAM,Borong,20,Sayur-Sayuran,02,002,CILI MERAH KULAI / KULAI HIBRID,F.A.Q,Kilogram,12,12.266666,
30862692,2026-08-19,2026-08-19 06:06:23.401338,PULAU PINANG,SEBERANG PERAI TENGAH,PASAR BORONG BUKIT MERTAJAM,Borong,20,Sayur-Sayuran,02,002,CILI MERAH KULAI / KULAI HIBRID,F.A.Q,Kilogram,7,12.266666,
30862693,2026-08-19,2026-08-19 06:06:23.401338,PULAU PINANG,SEBERANG PERAI TENGAH,PASAR BORONG BUKIT MERTAJAM,Borong,20,Sayur-Sayuran,02,002,CILI MERAH MINYAK,F.A.Q,Kilogram,9,10.47,
30862694,2026-08-19,2026-08-19 06:06:23.401338,PULAU PINANG,SEBERANG PERAI TENGAH,PASAR BORONG BUKIT MERTAJAM,Borong,20,Sayur-Sayuran,02,002,CILI MERAH MINYAK,F.A.Q,Kilogram,6,10.47,
30862695,2026-08-19,2026-08-19 06:06:23.401338,PULAU PINANG,SEBERANG PERAI TENGAH,PASAR BORONG BUKIT MERTAJAM,Borong,20,Sayur-Sayuran,04,002,KACANG BENDI,F.A.Q,Kilogram,6.8,6.707143,
30862696,2026-08-19,2026-08-19 06:06:23.401338,PULAU PINANG,SEBERANG PERAI TENGAH,PASAR BORONG BUKIT MERTAJAM,Borong,20,Sayur-Sayuran,04,007,KACANG PANJANG HIJAU,F.A.Q,Kilogram,6.3,6.13,
30862697,2026-08-19,2026-08-19 06:06:23.401338,PULAU PINANG,SEBERANG PERAI TENGAH,PASAR BORONG BUKIT MERTAJAM,Borong,20,Sayur-Sayuran,03,006,KUBIS BULAT (TANAH TINGGI),F.A.Q,Kilogram,3,2.8095238,
30862698,2026-08-19,2026-08-19 06:06:23.401338,PULAU PINANG,SEBERANG PERAI TENGAH,PASAR BORONG BUKIT MERTAJAM,Borong,20,Sayur-Sayuran,03,007,SAWI HIJAU,F.A.Q,Kilogram,2.2,2.8578947,
30862699,2026-08-19,2026-08-19 06:06:23.401338,PULAU PINANG,SEBERANG PERAI TENGAH,PASAR BORONG BUKIT MERTAJAM,Borong,20,Sayur-Sayuran,03,007,SAWI HIJAU TANAH TINGGI,F.A.Q,Kilogram,3,3.8210526,
30862700,2026-08-19,2026-08-19 06:06:23.401338,PULAU PINANG,SEBERANG PERAI TENGAH,PASAR BORONG BUKIT MERTAJAM,Borong,20,Sayur-Sayuran,02,010,TERUNG PANJANG / PEPARU (TANAH RENDAH),F.A.Q,Kilogram,7.2,6.5175,
30862701,2026-08-19,2026-08-19 06:06:23.401338,PULAU PINANG,SEBERANG PERAI TENGAH,PASAR BORONG BUKIT MERTAJAM,Borong,20,Sayur-Sayuran,02,010,TERUNG PANJANG / PEPARU (TANAH RENDAH),F.A.Q,Kilogram,5.2,6.5175,
30862702,2026-08-19,2026-08-19 06:06:23.401338,PULAU PINANG,SEBERANG PERAI TENGAH,PASAR BORONG BUKIT MERTAJAM,Borong,20,Sayur-Sayuran,02,011,TIMUN HIJAU,F.A.Q,Kilogram,1.7,1.9714285,
30862703,2026-08-19,2026-08-19 06:06:23.401338,PULAU PINANG,SEBERANG PERAI TENGAH,PASAR BORONG BUKIT MERTAJAM,Borong,20,Sayur-Sayuran,02,011,TIMUN HIJAU,F.A.Q,Kilogram,0.7,1.9714285,
30862706,2026-08-19,2026-08-19 06:06:37.527227,PULAU PINANG,SEBERANG PERAI TENGAH,PASAR BORONG BUKIT MERTAJAM,Borong,20,Ternakan,03,002,AYAM PROSES STANDARD,F.A.Q,Kilogram,9.5,9.55,
30862707,2026-08-19,2026-08-19 06:08:38.877103,PULAU PINANG,SEBERANG PERAI TENGAH,PASAR BORONG BUKIT MERTAJAM,Borong,20,Sayur-Sayuran,05,001,BAWANG BESAR MERAH (INDIA),F.A.Q,Kilogram,1.89,2.73,
30862708,2026-08-19,2026-08-19 06:08:38.877103,PULAU PINANG,SEBERANG PERAI TENGAH,PASAR BORONG BUKIT MERTAJAM,Borong,20,Sayur-Sayuran,05,001,BAWANG PUTIH (CHINA),F.A.Q,Kilogram,6.5,5.98,
30862709,2026-08-19,2026-08-19 06:08:38.877103,PULAU PINANG,SEBERANG PERAI TENGAH,PASAR BORONG BUKIT MERTAJAM,Borong,20,Sayur-Sayuran,05,001,BAWANG PUTIH (CHINA),F.A.Q,Kilogram,5,5.98,
30862710,2026-08-19,2026-08-19 06:09:03.513261,PULAU PINANG,SEBERANG PERAI TENGAH,PASAR BORONG BUKIT MERTAJAM,Borong,20,Tanaman Kontan,05,001,KELAPA DIKUPAS,SEDANG,Biji,1.6,2.34,
30862711,2026-08-19,2026-08-19 06:09:19.576826,PULAU PINANG,SEBERANG PERAI TENGAH,PASAR AWAM SEBERANG JAYA,Runcit,26,Lain-Lain Makanan Proses,15,001,SANTAN PEKAT,F.A.Q,Kilogram,15,11.7,
30862712,2026-08-19,2026-08-19 06:09:29.575069,PULAU PINANG,SEBERANG PERAI TENGAH,PASAR AWAM SEBERANG JAYA,Runcit,26,Tanaman Kontan,05,001,KELAPA DIKUPAS,SEDANG,Biji,2.2,3.43,
30862713,2026-08-19,2026-08-19 06:09:45.897722,PULAU PINANG,SEBERANG PERAI SELATAN,LADANG/KEBUN KAMPUNG VALDOR,Ladang,,Ternakan,11,001,TELUR AYAM,B,Biji,0.46,0.425,
30862714,2026-08-19,2026-08-19 06:17:25.361448,PULAU PINANG,SEBERANG PERAI TENGAH,PASAR BORONG BUKIT MERTAJAM,Borong,20,Sayur-Sayuran,02,014,BELIMBING BULUH,F.A.Q,Kilogram,3.5,3.5,
30862715,2026-08-19,2026-08-19 06:17:25.361448,PULAU PINANG,SEBERANG PERAI TENGAH,PASAR BORONG BUKIT MERTAJAM,Borong,20,Sayur-Sayuran,03,003,BROKOLI (IMPORT),F.A.Q,Kilogram,7.15,9.9,
30862716,2026-08-19,2026-08-19 06:17:25.361448,PULAU PINANG,SEBERANG PERAI TENGAH,PASAR BORONG BUKIT MERTAJAM,Borong,20,Sayur-Sayuran,03,035,BUNGA KANTAN,F.A.Q,Tangkai,2,1,
30862717,2026-08-19,2026-08-19 06:17:25.361448,PULAU PINANG,SEBERANG PERAI TENGAH,PASAR BORONG BUKIT MERTAJAM,Borong,20,Sayur-Sayuran,03,035,BUNGA KANTAN,F.A.Q,Tangkai,1.5,1,
30862718,2026-08-19,2026-08-19 06:17:25.361448,PULAU PINANG,SEBERANG PERAI TENGAH,PASAR BORONG BUKIT MERTAJAM,Borong,20,Sayur-Sayuran,06,001,CENDAWAN TIRAM KELABU,F.A.Q,Kilogram,11,11,
30862719,2026-08-19,2026-08-19 06:17:25.361448,PULAU PINANG,SEBERANG PERAI TENGAH,PASAR BORONG BUKIT MERTAJAM,Borong,20,Sayur-Sayuran,02,002,CILI PADI AKAR (THAILAND),F.A.Q,Kilogram,7.5,7.25,
30862720,2026-08-19,2026-08-19 06:17:25.361448,PULAU PINANG,SEBERANG PERAI TENGAH,PASAR BORONG BUKIT MERTAJAM,Borong,20,Sayur-Sayuran,02,002,CILI PADI AKAR (THAILAND),F.A.Q,Kilogram,7,7.25,
30862721,2026-08-19,2026-08-19 06:17:25.361448,PULAU PINANG,SEBERANG PERAI TENGAH,PASAR BORONG BUKIT MERTAJAM,Borong,20,Sayur-Sayuran,03,011,DAUN KESUM,F.A.Q,Kilogram,6,6,
30862722,2026-08-19,2026-08-19 06:17:25.361448,PULAU PINANG,SEBERANG PERAI TENGAH,PASAR BORONG BUKIT MERTAJAM,Borong,20,Sayur-Sayuran,03,021,DAUN KETUMBAR (IMPORT),F.A.Q,Kilogram,12,14.55,
30862723,2026-08-19,2026-08-19 06:17:25.361448,PULAU PINANG,SEBERANG PERAI TENGAH,PASAR BORONG BUKIT MERTAJAM,Borong,20,Sayur-Sayuran,07,002,DAUN SELOM,F.A.Q,Kilogram,6,6,
30862724,2026-08-19,2026-08-19 06:17:25.361448,PULAU PINANG,SEBERANG PERAI TENGAH,PASAR BORONG BUKIT MERTAJAM,Borong,20,Sayur-Sayuran,05,002,HALIA MUDA,F.A.Q,Kilogram,10,10,
30862725,2026-08-19,2026-08-19 06:17:25.361448,PULAU PINANG,SEBERANG PERAI TENGAH,PASAR BORONG BUKIT MERTAJAM,Borong,20,Sayur-Sayuran,05,002,HALIA TUA (IMPORT),F.A.Q,Kilogram,6.7,6.35,
30862726,2026-08-19,2026-08-19 06:17:25.361448,PULAU PINANG,SEBERANG PERAI TENGAH,PASAR BORONG BUKIT MERTAJAM,Borong,20,Sayur-Sayuran,07,003,JERING,F.A.Q,Kilogram,5,6.74,
30862727,2026-08-19,2026-08-19 06:17:25.361448,PULAU PINANG,SEBERANG PERAI TENGAH,PASAR BORONG BUKIT MERTAJAM,Borong,20,Sayur-Sayuran,04,005,KACANG BOTOR,F.A.Q,Kilogram,11,11,
30862728,2026-08-19,2026-08-19 06:17:25.361448,PULAU PINANG,SEBERANG PERAI TENGAH,PASAR BORONG BUKIT MERTAJAM,Borong,20,Sayur-Sayuran,03,018,KAILAN,F.A.Q,Kilogram,6,6.75,
30862729,2026-08-19,2026-08-19 06:17:25.361448,PULAU PINANG,SEBERANG PERAI TENGAH,PASAR BORONG BUKIT MERTAJAM,Borong,20,Sayur-Sayuran,05,003,KELADI,F.A.Q,Kilogram,4.5,4.5,
30862730,2026-08-19,2026-08-19 06:17:25.361448,PULAU PINANG,SEBERANG PERAI TENGAH,PASAR BORONG BUKIT MERTAJAM,Borong,20,Sayur-Sayuran,02,004,KETOLA / PETOLA SEGI,F.A.Q,Kilogram,3,4.45,
30862731,2026-08-19,2026-08-19 06:17:25.361448,PULAU PINANG,SEBERANG PERAI TENGAH,PASAR BORONG BUKIT MERTAJAM,Borong,20,Sayur-Sayuran,03,006,KUBIS BULAT BEIJING (IMPORT),F.A.Q,Kilogram,3,3.21,
30862732,2026-08-19,2026-08-19 06:17:25.361448,PULAU PINANG,SEBERANG PERAI TENGAH,PASAR BORONG BUKIT MERTAJAM,Borong,20,Sayur-Sayuran,03,004,KUBIS BUNGA (IMPORT),F.A.Q,Kilogram,5,5,
30862733,2026-08-19,2026-08-19 06:17:25.361448,PULAU PINANG,SEBERANG PERAI TENGAH,PASAR BORONG BUKIT MERTAJAM,Borong,20,Sayur-Sayuran,03,005,KUBIS PANJANG / CINA,F.A.Q,Kilogram,3.3,4.03,
30862734,2026-08-19,2026-08-19 06:17:25.361448,PULAU PINANG,SEBERANG PERAI TENGAH,PASAR BORONG BUKIT MERTAJAM,Borong,20,Sayur-Sayuran,02,005,KUNDUR BULAT,F.A.Q,Kilogram,1.8,1.8,
30862735,2026-08-19,2026-08-19 06:17:25.361448,PULAU PINANG,SEBERANG PERAI TENGAH,PASAR BORONG BUKIT MERTAJAM,Borong,20,Sayur-Sayuran,05,004,KUNYIT,F.A.Q,Kilogram,7,7,
30862736,2026-08-19,2026-08-19 06:17:25.361448,PULAU PINANG,SEBERANG PERAI TENGAH,PASAR BORONG BUKIT MERTAJAM,Borong,20,Sayur-Sayuran,02,006,LABU AIR,F.A.Q,Kilogram,1.8,2.5,
30862737,2026-08-19,2026-08-19 06:17:25.361448,PULAU PINANG,SEBERANG PERAI TENGAH,PASAR BORONG BUKIT MERTAJAM,Borong,20,Sayur-Sayuran,02,006,LABU MANIS,F.A.Q,Kilogram,3.2,3.4,
30862738,2026-08-19,2026-08-19 06:17:25.361448,PULAU PINANG,SEBERANG PERAI TENGAH,PASAR BORONG BUKIT MERTAJAM,Borong,20,Sayur-Sayuran,02,003,LADA BENGGALA / CAPSICUM HIJAU,F.A.Q,Kilogram,6,9.67,
30862739,2026-08-19,2026-08-19 06:17:25.361448,PULAU PINANG,SEBERANG PERAI TENGAH,PASAR BORONG BUKIT MERTAJAM,Borong,20,Sayur-Sayuran,02,003,LADA BENGGALA / CAPSICUM HIJAU,F.A.Q,Kilogram,4,9.67,
30862740,2026-08-19,2026-08-19 06:17:25.361448,PULAU PINANG,SEBERANG PERAI TENGAH,PASAR BORONG BUKIT MERTAJAM,Borong,20,Sayur-Sayuran,02,003,LADA BENGGALA / CAPSICUM KUNING,F.A.Q,Kilogram,8,11.24,
30862741,2026-08-19,2026-08-19 06:17:25.361448,PULAU PINANG,SEBERANG PERAI TENGAH,PASAR BORONG BUKIT MERTAJAM,Borong,20,Sayur-Sayuran,02,003,LADA BENGGALA / CAPSICUM KUNING,F.A.Q,Kilogram,6,11.24,
30862742,2026-08-19,2026-08-19 06:17:25.361448,PULAU PINANG,SEBERANG PERAI TENGAH,PASAR BORONG BUKIT MERTAJAM,Borong,20,Sayur-Sayuran,02,003,LADA BENGGALA / CAPSICUM MERAH,F.A.Q,Kilogram,8,11.4,
30862743,2026-08-19,2026-08-19 06:17:25.361448,PULAU PINANG,SEBERANG PERAI TENGAH,PASAR BORONG BUKIT MERTAJAM,Borong,20,Sayur-Sayuran,02,003,LADA BENGGALA / CAPSICUM MERAH,F.A.Q,Kilogram,6,11.4,
30862744,2026-08-19,2026-08-19 06:17:25.361448,PULAU PINANG,SEBERANG PERAI TENGAH,PASAR BORONG BUKIT MERTAJAM,Borong,20,Sayur-Sayuran,05,005,LENGKUAS,F.A.Q,Kilogram,7,7,
30862745,2026-08-19,2026-08-19 06:17:25.361448,PULAU PINANG,SEBERANG PERAI TENGAH,PASAR BORONG BUKIT MERTAJAM,Borong,20,Sayur-Sayuran,02,007,LIMAU KASTURI,F.A.Q,Kilogram,3,8.43,
30862746,2026-08-19,2026-08-19 06:17:25.361448,PULAU PINANG,SEBERANG PERAI TENGAH,PASAR BORONG BUKIT MERTAJAM,Borong,20,Sayur-Sayuran,02,007,LIMAU KASTURI,F.A.Q,Kilogram,1.5,8.43,
30862747,2026-08-19,2026-08-19 06:17:25.361448,PULAU PINANG,SEBERANG PERAI TENGAH,PASAR BORONG BUKIT MERTAJAM,Borong,20,Sayur-Sayuran,02,007,LIMAU NIPIS,F.A.Q,Kilogram,3.5,7.71,
30862748,2026-08-19,2026-08-19 06:17:25.361448,PULAU PINANG,SEBERANG PERAI TENGAH,PASAR BORONG BUKIT MERTAJAM,Borong,20,Sayur-Sayuran,05,006,LOBAK MERAH (CHINA),F.A.Q,Kilogram,2.11,2.83,
30862749,2026-08-19,2026-08-19 06:17:25.361448,PULAU PINANG,SEBERANG PERAI TENGAH,PASAR BORONG BUKIT MERTAJAM,Borong,20,Sayur-Sayuran,05,006,LOBAK PUTIH TANAH TINGGI,F.A.Q,Kilogram,4,4.92,
30862750,2026-08-19,2026-08-19 06:17:25.361448,PULAU PINANG,SEBERANG PERAI TENGAH,PASAR BORONG BUKIT MERTAJAM,Borong,20,Sayur-Sayuran,05,006,LOBAK PUTIH TANAH TINGGI,F.A.Q,Kilogram,2,4.92,
30862751,2026-08-19,2026-08-19 06:17:25.361448,PULAU PINANG,SEBERANG PERAI TENGAH,PASAR BORONG BUKIT MERTAJAM,Borong,20,Sayur-Sayuran,07,002,PEGAGA,F.A.Q,Kilogram,16,9.56,
30862752,2026-08-19,2026-08-19 06:17:25.361448,PULAU PINANG,SEBERANG PERAI TENGAH,PASAR BORONG BUKIT MERTAJAM,Borong,20,Sayur-Sayuran,02,009,PERIA,F.A.Q,Kilogram,4.2,5.8,
30862753,2026-08-19,2026-08-19 06:17:25.361448,PULAU PINANG,SEBERANG PERAI TENGAH,PASAR BORONG BUKIT MERTAJAM,Borong,20,Sayur-Sayuran,02,009,PERIA KATAK,F.A.Q,Kilogram,4.2,4.8,
30862754,2026-08-19,2026-08-19 06:17:25.361448,PULAU PINANG,SEBERANG PERAI TENGAH,PASAR BORONG BUKIT MERTAJAM,Borong,20,Sayur-Sayuran,07,003,PETAI,F.A.Q,RM/5 Keping,4,4,
30862755,2026-08-19,2026-08-19 06:17:25.361448,PULAU PINANG,SEBERANG PERAI TENGAH,PASAR BORONG BUKIT MERTAJAM,Borong,20,Sayur-Sayuran,07,002,PUCUK GAJUS,F.A.Q,Kilogram,15,15,
30862756,2026-08-19,2026-08-19 06:17:25.361448,PULAU PINANG,SEBERANG PERAI TENGAH,PASAR BORONG BUKIT MERTAJAM,Borong,20,Sayur-Sayuran,03,026,PUCUK PAKU,F.A.Q,Kilogram,5,1025,
30862757,2026-08-19,2026-08-19 06:17:25.361448,PULAU PINANG,SEBERANG PERAI TENGAH,PASAR BORONG BUKIT MERTAJAM,Borong,20,Sayur-Sayuran,03,027,SALAD,F.A.Q,Kilogram,8.5,8,
30862758,2026-08-19,2026-08-19 06:17:25.361448,PULAU PINANG,SEBERANG PERAI TENGAH,PASAR BORONG BUKIT MERTAJAM,Borong,20,Sayur-Sayuran,03,027,SALAD BULAT TANAH TINGGI,F.A.Q,Kilogram,8.2,6.25,
30862759,2026-08-19,2026-08-19 06:17:25.361448,PULAU PINANG,SEBERANG PERAI TENGAH,PASAR BORONG BUKIT MERTAJAM,Borong,20,Sayur-Sayuran,03,007,SAWI BUNGA,F.A.Q,Kilogram,7,6,
30862760,2026-08-19,2026-08-19 06:17:25.361448,PULAU PINANG,SEBERANG PERAI TENGAH,PASAR BORONG BUKIT MERTAJAM,Borong,20,Sayur-Sayuran,03,007,SAWI JEPUN,F.A.Q,Kilogram,4.5,6.5,
30862761,2026-08-19,2026-08-19 06:17:25.361448,PULAU PINANG,SEBERANG PERAI TENGAH,PASAR BORONG BUKIT MERTAJAM,Borong,20,Sayur-Sayuran,03,007,SAWI PAHIT,F.A.Q,Kilogram,4.5,3.5,
30862762,2026-08-19,2026-08-19 06:17:25.361448,PULAU PINANG,SEBERANG PERAI TENGAH,PASAR BORONG BUKIT MERTAJAM,Borong,20,Sayur-Sayuran,03,007,SAWI PUTIH PAK CHOY,F.A.Q,Kilogram,4.5,6.5,
30862763,2026-08-19,2026-08-19 06:17:25.361448,PULAU PINANG,SEBERANG PERAI TENGAH,PASAR BORONG BUKIT MERTAJAM,Borong,20,Sayur-Sayuran,07,004,SELASIH,F.A.Q,Kilogram,10,10,
30862764,2026-08-19,2026-08-19 06:17:25.361448,PULAU PINANG,SEBERANG PERAI TENGAH,PASAR BORONG BUKIT MERTAJAM,Borong,20,Sayur-Sayuran,05,007,SENGKUANG,F.A.Q,Kilogram,3.3,3.4,
30862765,2026-08-19,2026-08-19 06:17:25.361448,PULAU PINANG,SEBERANG PERAI TENGAH,PASAR BORONG BUKIT MERTAJAM,Borong,20,Sayur-Sayuran,05,008,SERAI,F.A.Q,Kilogram,3.3,3.3,
30862766,2026-08-19,2026-08-19 06:17:25.361448,PULAU PINANG,SEBERANG PERAI TENGAH,PASAR BORONG BUKIT MERTAJAM,Borong,20,Sayur-Sayuran,03,002,TAUGE,F.A.Q,Kilogram,3.5,2.49,
30862767,2026-08-19,2026-08-19 06:17:25.361448,PULAU PINANG,SEBERANG PERAI TENGAH,PASAR BORONG BUKIT MERTAJAM,Borong,20,Sayur-Sayuran,07,002,TENGGEK BURUNG,F.A.Q,Kilogram,14,10,
30862768,2026-08-19,2026-08-19 06:17:25.361448,PULAU PINANG,SEBERANG PERAI TENGAH,PASAR BORONG BUKIT MERTAJAM,Borong,20,Sayur-Sayuran,02,010,TERUNG BULAT,F.A.Q,Kilogram,6.5,6.1666665,
30862769,2026-08-19,2026-08-19 06:17:25.361448,PULAU PINANG,SEBERANG PERAI TENGAH,PASAR BORONG BUKIT MERTAJAM,Borong,20,Sayur-Sayuran,02,010,TERUNG PIPIT,F.A.Q,Kilogram,4,10,
30862770,2026-08-19,2026-08-19 06:17:25.361448,PULAU PINANG,SEBERANG PERAI TENGAH,PASAR BORONG BUKIT MERTAJAM,Borong,20,Sayur-Sayuran,02,010,TERUNG TELUNJUK,F.A.Q,Kilogram,4,8,
30862771,2026-08-19,2026-08-19 06:17:25.361448,PULAU PINANG,SEBERANG PERAI TENGAH,PASAR BORONG BUKIT MERTAJAM,Borong,20,Sayur-Sayuran,02,011,TIMUN JEPUN,F.A.Q,Kilogram,5,5.3,
30862772,2026-08-19,2026-08-19 06:17:25.361448,PULAU PINANG,SEBERANG PERAI TENGAH,PASAR BORONG BUKIT MERTAJAM,Borong,20,Sayur-Sayuran,02,011,TIMUN JEPUN,F.A.Q,Kilogram,3,5.3,
30862773,2026-08-19,2026-08-19 06:17:25.361448,PULAU PINANG,SEBERANG PERAI TENGAH,PASAR BORONG BUKIT MERTAJAM,Borong,20,Sayur-Sayuran,07,002,ULAM RAJA,F.A.Q,Kilogram,8,10,
30862774,2026-08-19,2026-08-19 07:01:12.06013,SABAH,TAWAU,PASAR BESAR TAWAU,Runcit,26,Sayur-Sayuran,03,003,BROKOLI,F.A.Q,Kilogram,15,11.5,
30862775,2026-08-19,2026-08-19 07:01:12.06013,SABAH,TAWAU,PASAR BESAR TAWAU,Runcit,26,Sayur-Sayuran,03,035,BUNGA KANTAN,F.A.Q,Tangkai,10,1,
30862776,2026-08-19,2026-08-19 07:01:12.06013,SABAH,TAWAU,PASAR BESAR TAWAU,Runcit,26,Sayur-Sayuran,06,001,CENDAWAN TIRAM KELABU,F.A.Q,Kilogram,15,14.58,
30862777,2026-08-19,2026-08-19 07:01:12.06013,SABAH,TAWAU,PASAR BESAR TAWAU,Runcit,26,Sayur-Sayuran,02,002,CILI PADI,F.A.Q,Kilogram,35,24.42,
30862778,2026-08-19,2026-08-19 07:01:12.06013,SABAH,TAWAU,PASAR BESAR TAWAU,Runcit,26,Sayur-Sayuran,03,011,DAUN KESUM,F.A.Q,Kilogram,10,8.09,
30862779,2026-08-19,2026-08-19 07:01:12.06013,SABAH,TAWAU,PASAR BESAR TAWAU,Runcit,26,Sayur-Sayuran,05,002,HALIA MUDA,F.A.Q,Kilogram,10,10.97,
30862780,2026-08-19,2026-08-19 07:01:12.06013,SABAH,TAWAU,PASAR BESAR TAWAU,Runcit,26,Sayur-Sayuran,05,002,HALIA TUA,F.A.Q,Kilogram,10,8.11,
30862781,2026-08-19,2026-08-19 07:01:12.06013,SABAH,TAWAU,PASAR BESAR TAWAU,Runcit,26,Sayur-Sayuran,02,001,JAGUNG SAYUR / BABY CORN,F.A.Q,Kilogram,15,8.84,
30862782,2026-08-19,2026-08-19 07:01:12.06013,SABAH,TAWAU,PASAR BESAR TAWAU,Runcit,26,Sayur-Sayuran,07,003,JERING,F.A.Q,Kilogram,7,8.59,
30862783,2026-08-19,2026-08-19 07:01:12.06013,SABAH,TAWAU,PASAR BESAR TAWAU,Runcit,26,Sayur-Sayuran,02,004,KETOLA / PETOLA SEGI,F.A.Q,Kilogram,3,6,
30862784,2026-08-19,2026-08-19 07:01:12.06013,SABAH,TAWAU,PASAR BESAR TAWAU,Runcit,26,Sayur-Sayuran,03,006,KUBIS BULAT BEIJING (IMPORT),F.A.Q,Kilogram,5,5.61,
30862785,2026-08-19,2026-08-19 07:01:12.06013,SABAH,TAWAU,PASAR BESAR TAWAU,Runcit,26,Sayur-Sayuran,03,004,KUBIS BUNGA (IMPORT),F.A.Q,Kilogram,15,8.93,
30862786,2026-08-19,2026-08-19 07:01:12.06013,SABAH,TAWAU,PASAR BESAR TAWAU,Runcit,26,Sayur-Sayuran,02,005,KUNDUR BULAT,F.A.Q,Kilogram,5,4.78,
30862787,2026-08-19,2026-08-19 07:01:12.06013,SABAH,TAWAU,PASAR BESAR TAWAU,Runcit,26,Sayur-Sayuran,05,004,KUNYIT,F.A.Q,Kilogram,8,8.45,
30862788,2026-08-19,2026-08-19 07:01:12.06013,SABAH,TAWAU,PASAR BESAR TAWAU,Runcit,26,Sayur-Sayuran,02,006,LABU MANIS,F.A.Q,Kilogram,3,5.17,
30862789,2026-08-19,2026-08-19 07:01:12.06013,SABAH,TAWAU,PASAR BESAR TAWAU,Runcit,26,Sayur-Sayuran,02,003,LADA BENGGALA / CAPSICUM HIJAU,F.A.Q,Kilogram,15,12.6,
30862790,2026-08-19,2026-08-19 07:01:12.06013,SABAH,TAWAU,PASAR BESAR TAWAU,Runcit,26,Sayur-Sayuran,02,003,LADA BENGGALA / CAPSICUM KUNING (IMPORT),F.A.Q,Kilogram,20,22.71,
30862791,2026-08-19,2026-08-19 07:01:12.06013,SABAH,TAWAU,PASAR BESAR TAWAU,Runcit,26,Sayur-Sayuran,02,003,LADA BENGGALA / CAPSICUM MERAH (IMPORT),F.A.Q,Kilogram,20,22.57,
30862792,2026-08-19,2026-08-19 07:01:12.06013,SABAH,TAWAU,PASAR BESAR TAWAU,Runcit,26,Sayur-Sayuran,05,005,LENGKUAS,F.A.Q,Kilogram,13,7.19,
30862793,2026-08-19,2026-08-19 07:01:12.06013,SABAH,TAWAU,PASAR BESAR TAWAU,Runcit,26,Sayur-Sayuran,02,007,LIMAU KASTURI,F.A.Q,Kilogram,4,11.02,
30862794,2026-08-19,2026-08-19 07:01:12.06013,SABAH,TAWAU,PASAR BESAR TAWAU,Runcit,26,Sayur-Sayuran,02,007,LIMAU NIPIS,F.A.Q,Kilogram,5,10.08,
30862795,2026-08-19,2026-08-19 07:01:12.06013,SABAH,TAWAU,PASAR BESAR TAWAU,Runcit,26,Sayur-Sayuran,05,006,LOBAK MERAH (CHINA),F.A.Q,Kilogram,5,4.79,
30862796,2026-08-19,2026-08-19 07:01:12.06013,SABAH,TAWAU,PASAR BESAR TAWAU,Runcit,26,Sayur-Sayuran,05,006,LOBAK PUTIH TANAH TINGGI,F.A.Q,Kilogram,4,6.71,
30862797,2026-08-19,2026-08-19 07:01:12.06013,SABAH,TAWAU,PASAR BESAR TAWAU,Runcit,26,Sayur-Sayuran,02,009,PERIA,F.A.Q,Kilogram,8,8.63,
30862798,2026-08-19,2026-08-19 07:01:12.06013,SABAH,TAWAU,PASAR BESAR TAWAU,Runcit,26,Sayur-Sayuran,02,009,PERIA KATAK,F.A.Q,Kilogram,10,7.12,
30862799,2026-08-19,2026-08-19 07:01:12.06013,SABAH,TAWAU,PASAR BESAR TAWAU,Runcit,26,Sayur-Sayuran,07,003,PETAI,F.A.Q,RM/5 Keping,30,8.05,
30862800,2026-08-19,2026-08-19 07:01:12.06013,SABAH,TAWAU,PASAR BESAR TAWAU,Runcit,26,Sayur-Sayuran,03,027,SALAD,F.A.Q,Kilogram,12,10.07,
30862801,2026-08-19,2026-08-19 07:01:12.06013,SABAH,TAWAU,PASAR BESAR TAWAU,Runcit,26,Sayur-Sayuran,03,007,SAWI BUNGA,F.A.Q,Kilogram,5,10.1,
30862802,2026-08-19,2026-08-19 07:01:12.06013,SABAH,TAWAU,PASAR BESAR TAWAU,Runcit,26,Sayur-Sayuran,03,007,SAWI PAHIT,F.A.Q,Kilogram,5,6.89,
30862803,2026-08-19,2026-08-19 07:01:12.06013,SABAH,TAWAU,PASAR BESAR TAWAU,Runcit,26,Sayur-Sayuran,03,007,SAWI PUTIH PAK CHOY,F.A.Q,Kilogram,5,7.21,
30862804,2026-08-19,2026-08-19 07:01:12.06013,SABAH,TAWAU,PASAR BESAR TAWAU,Runcit,26,Sayur-Sayuran,05,007,SENGKUANG,F.A.Q,Kilogram,6,5.37,
30862805,2026-08-19,2026-08-19 07:01:12.06013,SABAH,TAWAU,PASAR BESAR TAWAU,Runcit,26,Sayur-Sayuran,05,008,SERAI,F.A.Q,Kilogram,5,6.63,
30862806,2026-08-19,2026-08-19 07:01:12.06013,SABAH,TAWAU,PASAR BESAR TAWAU,Runcit,26,Sayur-Sayuran,03,002,TAUGE,F.A.Q,Kilogram,5,3.58,
30862807,2026-08-19,2026-08-19 07:01:12.06013,SABAH,TAWAU,PASAR BESAR TAWAU,Runcit,26,Sayur-Sayuran,02,011,TIMUN JEPUN,F.A.Q,Kilogram,6,6.43,
30862808,2026-08-19,2026-08-19 08:06:19.516241,SARAWAK,SIBU,LADANG/KEBUN SUNGAI BIDUT,Ladang,,Buah-Buahan,02,028,PISANG BERANGAN,F.A.Q,Kilogram,3,3,
30862809,2026-08-19,2026-08-19 08:06:19.516241,SARAWAK,SIBU,LADANG/KEBUN SUNGAI BIDUT,Ladang,,Buah-Buahan,02,034,TEMBIKAI MERAH TANPA BIJI,F.A.Q,Kilogram,2.9,2.9,
30862810,2026-08-19,2026-08-19 08:12:06.483874,SARAWAK,SIBU,LADANG/KEBUN EMPAWAH,Ladang,,Sayur-Sayuran,03,001,BAYAM,F.A.Q,Kilogram,2.1,2.1,
30862811,2026-08-19,2026-08-19 08:12:06.483874,SARAWAK,SIBU,LADANG/KEBUN EMPAWAH,Ladang,,Sayur-Sayuran,02,002,CILI MERAH MINYAK,F.A.Q,Kilogram,4.5,4.5,
30862812,2026-08-19,2026-08-19 08:12:06.483874,SARAWAK,SIBU,LADANG/KEBUN EMPAWAH,Ladang,,Sayur-Sayuran,04,002,KACANG BENDI,F.A.Q,Kilogram,3.9,3.9,
30862813,2026-08-19,2026-08-19 08:12:06.483874,SARAWAK,SIBU,LADANG/KEBUN EMPAWAH,Ladang,,Sayur-Sayuran,04,007,KACANG PANJANG HIJAU,F.A.Q,Kilogram,3,3,
30862814,2026-08-19,2026-08-19 08:12:06.483874,SARAWAK,SIBU,LADANG/KEBUN EMPAWAH,Ladang,,Sayur-Sayuran,03,007,SAWI HIJAU,F.A.Q,Kilogram,4.9,4.9,
30862815,2026-08-19,2026-08-19 08:12:06.483874,SARAWAK,SIBU,LADANG/KEBUN EMPAWAH,Ladang,,Sayur-Sayuran,02,010,TERUNG PANJANG / PEPARU (TANAH RENDAH),F.A.Q,Kilogram,4.5,4.5,
30862816,2026-08-19,2026-08-19 08:12:06.483874,SARAWAK,SIBU,LADANG/KEBUN EMPAWAH,Ladang,,Sayur-Sayuran,02,011,TIMUN HIJAU,F.A.Q,Kilogram,2.1,2.1,
30862817,2026-08-19,2026-08-19 08:12:32.451017,SARAWAK,SIBU,LADANG/KEBUN SUNGAI BIDUT,Ladang,,Tanaman Kontan,05,001,KELAPA DIKUPAS,SEDANG,Biji,1,1,
30862818,2026-08-19,2026-08-19 08:12:52.773609,SARAWAK,SIBU,LADANG/KEBUN EMPAWAH,Ladang,,Ternakan,11,001,TELUR AYAM,B,Biji,0.48,0.48,
30862819,2026-08-19,2026-08-19 08:15:43.324179,SARAWAK,KUCHING,MEDAN NIAGA SATOK,Runcit,26,Sayur-Sayuran,05,001,BAWANG BESAR KUNING / HOLLAND,F.A.Q,Kilogram,3.5,4,
30862820,2026-08-19,2026-08-19 08:15:43.324179,SARAWAK,KUCHING,MEDAN NIAGA SATOK,Runcit,26,Sayur-Sayuran,05,001,BAWANG PUTIH (CHINA),F.A.Q,Kilogram,8,8,
30862821,2026-08-19,2026-08-19 08:15:43.324179,SARAWAK,KUCHING,MEDAN NIAGA SATOK,Runcit,26,Sayur-Sayuran,03,001,BAYAM,F.A.Q,Kilogram,8,7.9166665,
30862822,2026-08-19,2026-08-19 08:15:43.324179,SARAWAK,KUCHING,MEDAN NIAGA SATOK,Runcit,26,Sayur-Sayuran,02,002,CILI MERAH KULAI / KULAI HIBRID,F.A.Q,Kilogram,18,18.916666,
30862823,2026-08-19,2026-08-19 08:15:43.324179,SARAWAK,KUCHING,MEDAN NIAGA SATOK,Runcit,26,Sayur-Sayuran,02,002,CILI MERAH MINYAK,F.A.Q,Kilogram,18,18.916666,
30862824,2026-08-19,2026-08-19 08:15:43.324179,SARAWAK,KUCHING,MEDAN NIAGA SATOK,Runcit,26,Sayur-Sayuran,04,002,KACANG BENDI,F.A.Q,Kilogram,12,11.333333,
30862825,2026-08-19,2026-08-19 08:15:43.324179,SARAWAK,KUCHING,MEDAN NIAGA SATOK,Runcit,26,Sayur-Sayuran,04,007,KACANG PANJANG HIJAU,F.A.Q,Kilogram,10,10,
30862826,2026-08-19,2026-08-19 08:15:43.324179,SARAWAK,KUCHING,MEDAN NIAGA SATOK,Runcit,26,Sayur-Sayuran,03,007,SAWI HIJAU,F.A.Q,Kilogram,12,9.916667,
30862827,2026-08-19,2026-08-19 08:15:43.324179,SARAWAK,KUCHING,MEDAN NIAGA SATOK,Runcit,26,Sayur-Sayuran,02,010,TERUNG PANJANG / PEPARU (TANAH RENDAH),F.A.Q,Kilogram,8,8.25,
30862828,2026-08-19,2026-08-19 08:15:43.324179,SARAWAK,KUCHING,MEDAN NIAGA SATOK,Runcit,26,Sayur-Sayuran,02,011,TIMUN HIJAU,F.A.Q,Kilogram,6,6.2916665,
30862829,2026-08-19,2026-08-19 08:15:43.324179,SARAWAK,KUCHING,MEDAN NIAGA SATOK,Runcit,26,Sayur-Sayuran,02,012,TOMATO (TANAH TINGGI),F.A.Q,Kilogram,12,12.25,
30862830,2026-08-19,2026-08-19 08:18:49.200776,SARAWAK,KUCHING,MEDAN NIAGA SATOK,Runcit,26,Buah-Buahan,02,028,PISANG BERANGAN,F.A.Q,Kilogram,6,6.3333335,
30862831,2026-08-19,2026-08-19 08:18:49.200776,SARAWAK,KUCHING,MEDAN NIAGA SATOK,Runcit,26,Buah-Buahan,02,034,TEMBIKAI MERAH TANPA BIJI,F.A.Q,Kilogram,3.9,3.9,
30862832,2026-08-19,2026-08-19 08:19:22.74925,SARAWAK,SIBU,PASAR CENTRAL SIBU,Borong,20,Buah-Buahan,02,028,PISANG BERANGAN,F.A.Q,Kilogram,5,5,
30862833,2026-08-19,2026-08-19 08:19:22.74925,SARAWAK,SIBU,PASAR CENTRAL SIBU,Borong,20,Buah-Buahan,02,034,TEMBIKAI MERAH TANPA BIJI,F.A.Q,Kilogram,3.9,3.9,
30862834,2026-08-19,2026-08-19 08:19:47.093788,SARAWAK,KUCHING,MEDAN NIAGA SATOK,Runcit,26,Tanaman Kontan,05,001,KELAPA DIKUPAS,SEDANG,Biji,2,2,
30862835,2026-08-19,2026-08-19 08:19:47.093788,SARAWAK,KUCHING,MEDAN NIAGA SATOK,Runcit,26,Lain-Lain Makanan Proses,15,001,SANTAN PEKAT,F.A.Q,Kilogram,12,12,
30862836,2026-08-19,2026-08-19 08:19:49.739551,SARAWAK,SIBU,PASAR CENTRAL SIBU,Borong,20,Tanaman Kontan,05,001,KELAPA DIKUPAS,SEDANG,Biji,2,2,
30862837,2026-08-19,2026-08-19 08:22:48.24366,SARAWAK,SIBU,PASAR CENTRAL SIBU,Borong,20,Sayur-Sayuran,05,001,BAWANG BESAR MERAH (INDIA),F.A.Q,Kilogram,4,4,
30862838,2026-08-19,2026-08-19 08:22:48.24366,SARAWAK,SIBU,PASAR CENTRAL SIBU,Borong,20,Sayur-Sayuran,05,001,BAWANG PUTIH (CHINA),F.A.Q,Kilogram,7,7,
30862839,2026-08-19,2026-08-19 08:22:48.24366,SARAWAK,SIBU,PASAR CENTRAL SIBU,Borong,20,Sayur-Sayuran,02,002,CILI MERAH MINYAK,F.A.Q,Kilogram,6.5,6.5,
30862840,2026-08-19,2026-08-19 08:22:48.24366,SARAWAK,SIBU,PASAR CENTRAL SIBU,Borong,20,Sayur-Sayuran,04,002,KACANG BENDI,F.A.Q,Kilogram,4.5,4.5,
30862841,2026-08-19,2026-08-19 08:22:48.24366,SARAWAK,SIBU,PASAR CENTRAL SIBU,Borong,20,Sayur-Sayuran,04,007,KACANG PANJANG HIJAU,F.A.Q,Kilogram,4,4,
30862842,2026-08-19,2026-08-19 08:22:48.24366,SARAWAK,SIBU,PASAR CENTRAL SIBU,Borong,20,Sayur-Sayuran,03,007,SAWI HIJAU,F.A.Q,Kilogram,6.9,6.9,
30862843,2026-08-19,2026-08-19 08:22:48.24366,SARAWAK,SIBU,PASAR CENTRAL SIBU,Borong,20,Sayur-Sayuran,02,010,TERUNG PANJANG / PEPARU (TANAH RENDAH),F.A.Q,Kilogram,6.5,6.5,
30862844,2026-08-19,2026-08-19 08:22:48.24366,SARAWAK,SIBU,PASAR CENTRAL SIBU,Borong,20,Sayur-Sayuran,02,011,TIMUN HIJAU,F.A.Q,Kilogram,3.5,3.5,
30862845,2026-08-19,2026-08-19 08:22:48.24366,SARAWAK,SIBU,PASAR CENTRAL SIBU,Borong,20,Sayur-Sayuran,02,012,TOMATO (TANAH TINGGI),F.A.Q,Kilogram,7,7,
30862846,2026-08-19,2026-08-19 08:23:30.337213,SARAWAK,SIBU,PASAR CENTRAL SIBU,Borong,20,Ternakan,03,002,AYAM PROSES STANDARD,F.A.Q,Kilogram,9.5,9.5,
30862847,2026-08-19,2026-08-19 08:23:30.337213,SARAWAK,SIBU,PASAR CENTRAL SIBU,Borong,20,Ternakan,02,003,DAGING LEMBU PEJAL,F.A.Q,Kilogram,45,45,
30862848,2026-08-19,2026-08-19 08:23:30.337213,SARAWAK,SIBU,PASAR CENTRAL SIBU,Borong,20,Ternakan,11,001,TELUR AYAM,B,Biji,0.5,0.5,
30862849,2026-08-19,2026-08-19 08:23:47.080791,SARAWAK,KUCHING,MEDAN NIAGA SATOK,Runcit,26,Ternakan,03,002,AYAM PROSES STANDARD,F.A.Q,Kilogram,12,12,
30862850,2026-08-19,2026-08-19 08:23:47.080791,SARAWAK,KUCHING,MEDAN NIAGA SATOK,Runcit,26,Ternakan,02,003,DAGING LEMBU PEJAL,F.A.Q,Kilogram,70,70,
30862851,2026-08-19,2026-08-19 08:23:47.080791,SARAWAK,KUCHING,MEDAN NIAGA SATOK,Runcit,26,Ternakan,11,001,TELUR AYAM,B,Biji,0.55,0.5316667,
30862852,2026-08-19,2026-08-19 08:25:16.146958,SARAWAK,SIBU,PASAR CENTRAL SIBU,Runcit,,Buah-Buahan,02,028,PISANG BERANGAN,F.A.Q,Kilogram,6,6,
30862853,2026-08-19,2026-08-19 08:25:16.146958,SARAWAK,SIBU,PASAR CENTRAL SIBU,Runcit,,Buah-Buahan,02,034,TEMBIKAI MERAH TANPA BIJI,F.A.Q,Kilogram,4.9,4.9,
30862854,2026-08-19,2026-08-19 08:25:29.075423,SARAWAK,SIBU,PASAR CENTRAL SIBU,Runcit,,Lain-Lain Makanan Proses,15,001,SANTAN PEKAT,F.A.Q,Kilogram,12.5,12.5,
30862855,2026-08-19,2026-08-19 08:25:39.426168,SARAWAK,SIBU,PASAR CENTRAL SIBU,Runcit,,Tanaman Kontan,05,001,KELAPA DIKUPAS,SEDANG,Biji,3,3,
30862856,2026-08-19,2026-08-19 08:27:30.355496,SARAWAK,MIRI,PASAR TAMU MUHIBBAH MIRI,Runcit,26,Ternakan,03,002,AYAM PROSES STANDARD,F.A.Q,Kilogram,10.9,10.4,
30862857,2026-08-19,2026-08-19 08:27:30.355496,SARAWAK,MIRI,PASAR TAMU MUHIBBAH MIRI,Runcit,26,Ternakan,02,003,DAGING LEMBU PEJAL,F.A.Q,Kilogram,42.5,42.291668,
30862858,2026-08-19,2026-08-19 08:27:30.355496,SARAWAK,MIRI,PASAR TAMU MUHIBBAH MIRI,Runcit,26,Ternakan,11,001,TELUR AYAM,B,Biji,0.48,0.48,
30862859,2026-08-19,2026-08-19 08:30:36.081634,SELANGOR,KLANG,[LOKASI KUTIPAN HARGA LADANG] JOHAN SETIA,Ladang,,Sayur-Sayuran,03,001,BAYAM,F.A.Q,Kilogram,2,2.64,
30862860,2026-08-19,2026-08-19 08:30:36.130124,SELANGOR,KLANG,[LOKASI KUTIPAN HARGA LADANG] JOHAN SETIA,Ladang,,Sayur-Sayuran,04,002,KACANG BENDI,F.A.Q,Kilogram,4,5.34,
30862861,2026-08-19,2026-08-19 08:30:36.177248,SELANGOR,KLANG,[LOKASI KUTIPAN HARGA LADANG] JOHAN SETIA,Ladang,,Sayur-Sayuran,04,007,KACANG PANJANG HIJAU,F.A.Q,Kilogram,4,4.02,
30862862,2026-08-19,2026-08-19 08:30:36.224067,SELANGOR,KLANG,[LOKASI KUTIPAN HARGA LADANG] JOHAN SETIA,Ladang,,Sayur-Sayuran,03,019,KANGKUNG,F.A.Q,Kilogram,2,2.32,
30862863,2026-08-19,2026-08-19 08:30:36.274238,SELANGOR,KLANG,[LOKASI KUTIPAN HARGA LADANG] JOHAN SETIA,Ladang,,Sayur-Sayuran,03,007,SAWI HIJAU,F.A.Q,Kilogram,3,3.39,
30862864,2026-08-19,2026-08-19 08:30:36.323161,SELANGOR,KLANG,[LOKASI KUTIPAN HARGA LADANG] JOHAN SETIA,Ladang,,Sayur-Sayuran,02,010,TERUNG PANJANG / PEPARU (TANAH RENDAH),F.A.Q,Kilogram,4,5.38,
30862865,2026-08-19,2026-08-19 08:30:36.368974,SELANGOR,KLANG,[LOKASI KUTIPAN HARGA LADANG] JOHAN SETIA,Ladang,,Sayur-Sayuran,02,011,TIMUN HIJAU,F.A.Q,Kilogram,2,1.67,
30862866,2026-08-19,2026-08-19 08:32:06.591749,SARAWAK,MIRI,PASAR TAMU MUHIBBAH MIRI,Runcit,26,Sayur-Sayuran,05,001,BAWANG BESAR MERAH (INDIA),F.A.Q,Kilogram,4,4,
30862867,2026-08-19,2026-08-19 08:32:06.591749,SARAWAK,MIRI,PASAR TAMU MUHIBBAH MIRI,Runcit,26,Sayur-Sayuran,05,001,BAWANG PUTIH (CHINA),F.A.Q,Kilogram,7,7,
30862868,2026-08-19,2026-08-19 08:32:06.591749,SARAWAK,MIRI,PASAR TAMU MUHIBBAH MIRI,Runcit,26,Sayur-Sayuran,03,001,BAYAM,F.A.Q,Kilogram,7,6.6666665,
30862869,2026-08-19,2026-08-19 08:32:06.591749,SARAWAK,MIRI,PASAR TAMU MUHIBBAH MIRI,Runcit,26,Sayur-Sayuran,02,002,CILI MERAH KULAI / KULAI HIBRID,F.A.Q,Kilogram,18,18,
30862870,2026-08-19,2026-08-19 08:32:06.591749,SARAWAK,MIRI,PASAR TAMU MUHIBBAH MIRI,Runcit,26,Sayur-Sayuran,02,002,CILI MERAH MINYAK,F.A.Q,Kilogram,16,16,
30862871,2026-08-19,2026-08-19 08:32:06.591749,SARAWAK,MIRI,PASAR TAMU MUHIBBAH MIRI,Runcit,26,Sayur-Sayuran,04,002,KACANG BENDI,F.A.Q,Kilogram,8,7.75,
30862872,2026-08-19,2026-08-19 08:32:06.591749,SARAWAK,MIRI,PASAR TAMU MUHIBBAH MIRI,Runcit,26,Sayur-Sayuran,04,007,KACANG PANJANG HIJAU,F.A.Q,Kilogram,8,7.75,
30862873,2026-08-19,2026-08-19 08:32:06.591749,SARAWAK,MIRI,PASAR TAMU MUHIBBAH MIRI,Runcit,26,Sayur-Sayuran,03,006,KUBIS BULAT (TANAH TINGGI),F.A.Q,Kilogram,6,6,
30862874,2026-08-19,2026-08-19 08:32:06.591749,SARAWAK,MIRI,PASAR TAMU MUHIBBAH MIRI,Runcit,26,Sayur-Sayuran,03,007,SAWI HIJAU,F.A.Q,Kilogram,10,10.833333,
30862875,2026-08-19,2026-08-19 08:32:06.591749,SARAWAK,MIRI,PASAR TAMU MUHIBBAH MIRI,Runcit,26,Sayur-Sayuran,02,010,TERUNG PANJANG / PEPARU (TANAH RENDAH),F.A.Q,Kilogram,8,7.75,
30862876,2026-08-19,2026-08-19 08:32:06.591749,SARAWAK,MIRI,PASAR TAMU MUHIBBAH MIRI,Runcit,26,Sayur-Sayuran,02,011,TIMUN HIJAU,F.A.Q,Kilogram,6,6,
30862877,2026-08-19,2026-08-19 08:32:06.591749,SARAWAK,MIRI,PASAR TAMU MUHIBBAH MIRI,Runcit,26,Sayur-Sayuran,02,012,TOMATO (TANAH TINGGI),F.A.Q,Kilogram,9,9,
30862878,2026-08-19,2026-08-19 08:32:07.325284,SARAWAK,SIBU,PASAR CENTRAL SIBU,Runcit,,Sayur-Sayuran,05,001,BAWANG BESAR MERAH (INDIA),F.A.Q,Kilogram,5,5,
30862879,2026-08-19,2026-08-19 08:32:07.325284,SARAWAK,SIBU,PASAR CENTRAL SIBU,Runcit,,Sayur-Sayuran,05,001,BAWANG PUTIH (CHINA),F.A.Q,Kilogram,8,8,
30862880,2026-08-19,2026-08-19 08:32:07.325284,SARAWAK,SIBU,PASAR CENTRAL SIBU,Runcit,,Sayur-Sayuran,03,001,BAYAM,F.A.Q,Kilogram,6.9,6.9,
30862881,2026-08-19,2026-08-19 08:32:07.325284,SARAWAK,SIBU,PASAR CENTRAL SIBU,Runcit,,Sayur-Sayuran,02,002,CILI MERAH MINYAK,F.A.Q,Kilogram,19,19,
30862882,2026-08-19,2026-08-19 08:32:07.325284,SARAWAK,SIBU,PASAR CENTRAL SIBU,Runcit,,Sayur-Sayuran,04,002,KACANG BENDI,F.A.Q,Kilogram,7.5,7.5,
30862883,2026-08-19,2026-08-19 08:32:07.325284,SARAWAK,SIBU,PASAR CENTRAL SIBU,Runcit,,Sayur-Sayuran,04,007,KACANG PANJANG HIJAU,F.A.Q,Kilogram,7,7,
30862884,2026-08-19,2026-08-19 08:32:07.325284,SARAWAK,SIBU,PASAR CENTRAL SIBU,Runcit,,Sayur-Sayuran,03,007,SAWI HIJAU,F.A.Q,Kilogram,9.9,9.9,
30862885,2026-08-19,2026-08-19 08:32:07.325284,SARAWAK,SIBU,PASAR CENTRAL SIBU,Runcit,,Sayur-Sayuran,02,010,TERUNG PANJANG / PEPARU (TANAH RENDAH),F.A.Q,Kilogram,8.5,8.5,
30862886,2026-08-19,2026-08-19 08:32:07.325284,SARAWAK,SIBU,PASAR CENTRAL SIBU,Runcit,,Sayur-Sayuran,02,011,TIMUN HIJAU,F.A.Q,Kilogram,4.5,4.5,
30862887,2026-08-19,2026-08-19 08:32:07.325284,SARAWAK,SIBU,PASAR CENTRAL SIBU,Runcit,,Sayur-Sayuran,02,012,TOMATO (TANAH TINGGI),F.A.Q,Kilogram,8,8,
30862888,2026-08-19,2026-08-19 08:32:35.477078,SARAWAK,MIRI,PASAR TAMU MUHIBBAH MIRI,Runcit,26,Tanaman Kontan,05,001,KELAPA DIKUPAS,SEDANG,Biji,3,3,
30862889,2026-08-19,2026-08-19 08:32:56.977554,SARAWAK,SIBU,PASAR CENTRAL SIBU,Runcit,26,Ternakan,03,002,AYAM PROSES SUPER,F.A.Q,Kilogram,10.8,10.8,
30862890,2026-08-19,2026-08-19 08:32:56.977554,SARAWAK,SIBU,PASAR CENTRAL SIBU,Runcit,26,Ternakan,02,003,DAGING LEMBU PEJAL,F.A.Q,Kilogram,48,48,
30862891,2026-08-19,2026-08-19 08:32:56.977554,SARAWAK,SIBU,PASAR CENTRAL SIBU,Runcit,26,Ternakan,11,001,TELUR AYAM,B,Biji,0.52,0.52,
30862892,2026-08-19,2026-08-19 08:33:18.36282,SARAWAK,MIRI,PASAR TAMU MUHIBBAH MIRI,Borong,20,Ternakan,03,002,AYAM PROSES STANDARD,F.A.Q,Kilogram,9.9,9.4,
30862893,2026-08-19,2026-08-19 08:33:18.36282,SARAWAK,MIRI,PASAR TAMU MUHIBBAH MIRI,Borong,20,Ternakan,02,003,DAGING LEMBU PEJAL,F.A.Q,Kilogram,40,40,
30862894,2026-08-19,2026-08-19 08:33:18.36282,SARAWAK,MIRI,PASAR TAMU MUHIBBAH MIRI,Borong,20,Ternakan,11,001,TELUR AYAM,B,Biji,0.46,0.46,
30862895,2026-08-19,2026-08-19 08:35:10.759221,SARAWAK,KUCHING,MEDAN NIAGA SATOK,Borong,20,Sayur-Sayuran,05,001,BAWANG BESAR MERAH (INDIA),F.A.Q,Kilogram,3.5,3.9583333,
30862896,2026-08-19,2026-08-19 08:35:10.759221,SARAWAK,KUCHING,MEDAN NIAGA SATOK,Borong,20,Sayur-Sayuran,05,001,BAWANG PUTIH (CHINA),F.A.Q,Kilogram,7,7,
30862897,2026-08-19,2026-08-19 08:35:10.759221,SARAWAK,KUCHING,MEDAN NIAGA SATOK,Borong,20,Sayur-Sayuran,03,001,BAYAM,F.A.Q,Kilogram,4,3.9166667,
30862898,2026-08-19,2026-08-19 08:35:10.759221,SARAWAK,KUCHING,MEDAN NIAGA SATOK,Borong,20,Sayur-Sayuran,02,002,CILI MERAH KULAI / KULAI HIBRID,F.A.Q,Kilogram,14,14.916667,
30862899,2026-08-19,2026-08-19 08:35:10.759221,SARAWAK,KUCHING,MEDAN NIAGA SATOK,Borong,20,Sayur-Sayuran,02,002,CILI MERAH MINYAK,F.A.Q,Kilogram,14,14.916667,
30862900,2026-08-19,2026-08-19 08:35:10.759221,SARAWAK,KUCHING,MEDAN NIAGA SATOK,Borong,20,Sayur-Sayuran,04,002,KACANG BENDI,F.A.Q,Kilogram,6,5.8333335,
30862901,2026-08-19,2026-08-19 08:35:10.759221,SARAWAK,KUCHING,MEDAN NIAGA SATOK,Borong,20,Sayur-Sayuran,04,007,KACANG PANJANG HIJAU,F.A.Q,Kilogram,6,6,
30862902,2026-08-19,2026-08-19 08:35:10.759221,SARAWAK,KUCHING,MEDAN NIAGA SATOK,Borong,20,Sayur-Sayuran,03,007,SAWI HIJAU,F.A.Q,Kilogram,9,7.4166665,
30862903,2026-08-19,2026-08-19 08:35:10.759221,SARAWAK,KUCHING,MEDAN NIAGA SATOK,Borong,20,Sayur-Sayuran,02,010,TERUNG PANJANG / PEPARU (TANAH RENDAH),F.A.Q,Kilogram,4,4.25,
30862904,2026-08-19,2026-08-19 08:35:10.759221,SARAWAK,KUCHING,MEDAN NIAGA SATOK,Borong,20,Sayur-Sayuran,02,011,TIMUN HIJAU,F.A.Q,Kilogram,4.5,4.875,
30862905,2026-08-19,2026-08-19 08:35:10.759221,SARAWAK,KUCHING,MEDAN NIAGA SATOK,Borong,20,Sayur-Sayuran,02,012,TOMATO (TANAH TINGGI),F.A.Q,Kilogram,10,10.25,
30862906,2026-08-19,2026-08-19 08:35:24.62616,SARAWAK,MIRI,PASAR TAMU MUHIBBAH MIRI,Borong,20,Sayur-Sayuran,05,001,BAWANG BESAR MERAH (INDIA),F.A.Q,Kilogram,3,3,
30862907,2026-08-19,2026-08-19 08:35:24.62616,SARAWAK,MIRI,PASAR TAMU MUHIBBAH MIRI,Borong,20,Sayur-Sayuran,05,001,BAWANG PUTIH (CHINA),F.A.Q,Kilogram,6,6,
30862908,2026-08-19,2026-08-19 08:35:24.62616,SARAWAK,MIRI,PASAR TAMU MUHIBBAH MIRI,Borong,20,Sayur-Sayuran,02,002,CILI MERAH KULAI / KULAI HIBRID,F.A.Q,Kilogram,16,16,
30862909,2026-08-19,2026-08-19 08:35:24.62616,SARAWAK,MIRI,PASAR TAMU MUHIBBAH MIRI,Borong,20,Sayur-Sayuran,02,002,CILI MERAH MINYAK,F.A.Q,Kilogram,14,14,
30862910,2026-08-19,2026-08-19 08:35:24.62616,SARAWAK,MIRI,PASAR TAMU MUHIBBAH MIRI,Borong,20,Sayur-Sayuran,04,002,KACANG BENDI,F.A.Q,Kilogram,7,6.818182,
30862911,2026-08-19,2026-08-19 08:35:24.62616,SARAWAK,MIRI,PASAR TAMU MUHIBBAH MIRI,Borong,20,Sayur-Sayuran,04,007,KACANG PANJANG HIJAU,F.A.Q,Kilogram,7,6.75,
30862912,2026-08-19,2026-08-19 08:35:24.62616,SARAWAK,MIRI,PASAR TAMU MUHIBBAH MIRI,Borong,20,Sayur-Sayuran,03,006,KUBIS BULAT (TANAH TINGGI),F.A.Q,Kilogram,5,5,
30862913,2026-08-19,2026-08-19 08:35:24.62616,SARAWAK,MIRI,PASAR TAMU MUHIBBAH MIRI,Borong,20,Sayur-Sayuran,03,007,SAWI HIJAU,F.A.Q,Kilogram,9,9.5,
30862914,2026-08-19,2026-08-19 08:35:24.62616,SARAWAK,MIRI,PASAR TAMU MUHIBBAH MIRI,Borong,20,Sayur-Sayuran,02,010,TERUNG PANJANG / PEPARU (TANAH RENDAH),F.A.Q,Kilogram,7,6.75,
30862915,2026-08-19,2026-08-19 08:35:24.62616,SARAWAK,MIRI,PASAR TAMU MUHIBBAH MIRI,Borong,20,Sayur-Sayuran,02,011,TIMUN HIJAU,F.A.Q,Kilogram,5,5.0833335,
30862916,2026-08-19,2026-08-19 08:35:24.62616,SARAWAK,MIRI,PASAR TAMU MUHIBBAH MIRI,Borong,20,Sayur-Sayuran,02,012,TOMATO (TANAH TINGGI),F.A.Q,Kilogram,8,8,
30862917,2026-08-19,2026-08-19 08:35:39.819551,SARAWAK,MIRI,PASAR TAMU MUHIBBAH MIRI,Borong,20,Tanaman Kontan,05,001,KELAPA DIKUPAS,SEDANG,Biji,2.5,2.5,
30862918,2026-08-19,2026-08-19 08:35:50.232355,PULAU PINANG,SEBERANG PERAI TENGAH,PASAR AWAM SEBERANG JAYA,Runcit,26,Sayur-Sayuran,03,001,BAYAM,F.A.Q,Kilogram,5,5.2727275,
30862919,2026-08-19,2026-08-19 08:35:50.232355,PULAU PINANG,SEBERANG PERAI TENGAH,PASAR AWAM SEBERANG JAYA,Runcit,26,Sayur-Sayuran,02,002,CILI MERAH KULAI / KULAI HIBRID,F.A.Q,Kilogram,18,19.11111,
30862920,2026-08-19,2026-08-19 08:35:50.232355,PULAU PINANG,SEBERANG PERAI TENGAH,PASAR AWAM SEBERANG JAYA,Runcit,26,Sayur-Sayuran,02,002,CILI MERAH MINYAK,F.A.Q,Kilogram,15,15,
30862921,2026-08-19,2026-08-19 08:35:50.232355,PULAU PINANG,SEBERANG PERAI TENGAH,PASAR AWAM SEBERANG JAYA,Runcit,26,Sayur-Sayuran,04,002,KACANG BENDI,F.A.Q,Kilogram,12,10,
30862922,2026-08-19,2026-08-19 08:35:50.232355,PULAU PINANG,SEBERANG PERAI TENGAH,PASAR AWAM SEBERANG JAYA,Runcit,26,Sayur-Sayuran,04,007,KACANG PANJANG HIJAU,F.A.Q,Kilogram,10,8.066667,
30862923,2026-08-19,2026-08-19 08:35:50.232355,PULAU PINANG,SEBERANG PERAI TENGAH,PASAR AWAM SEBERANG JAYA,Runcit,26,Sayur-Sayuran,03,006,KUBIS BULAT (TANAH TINGGI),F.A.Q,Kilogram,6,6.4772725,
30862924,2026-08-19,2026-08-19 08:35:50.232355,PULAU PINANG,SEBERANG PERAI TENGAH,PASAR AWAM SEBERANG JAYA,Runcit,26,Sayur-Sayuran,03,007,SAWI HIJAU,F.A.Q,Kilogram,5,5,
30862925,2026-08-19,2026-08-19 08:35:50.232355,PULAU PINANG,SEBERANG PERAI TENGAH,PASAR AWAM SEBERANG JAYA,Runcit,26,Sayur-Sayuran,03,007,SAWI HIJAU TANAH TINGGI,F.A.Q,Kilogram,7,7.7826085,
30862926,2026-08-19,2026-08-19 08:35:50.232355,PULAU PINANG,SEBERANG PERAI TENGAH,PASAR AWAM SEBERANG JAYA,Runcit,26,Sayur-Sayuran,02,010,TERUNG PANJANG / PEPARU (TANAH RENDAH),F.A.Q,Kilogram,12,11.44,
30862927,2026-08-19,2026-08-19 08:35:50.232355,PULAU PINANG,SEBERANG PERAI TENGAH,PASAR AWAM SEBERANG JAYA,Runcit,26,Sayur-Sayuran,02,011,TIMUN HIJAU,F.A.Q,Kilogram,4,4.892857,
30862928,2026-08-19,2026-08-19 08:35:50.232355,PULAU PINANG,SEBERANG PERAI TENGAH,PASAR AWAM SEBERANG JAYA,Runcit,26,Sayur-Sayuran,02,012,TOMATO (TANAH TINGGI),F.A.Q,Kilogram,10,5.71,
30862929,2026-08-19,2026-08-19 08:35:50.232355,PULAU PINANG,SEBERANG PERAI TENGAH,PASAR AWAM SEBERANG JAYA,Runcit,26,Sayur-Sayuran,02,012,TOMATO (TANAH TINGGI),F.A.Q,Kilogram,7,5.71,
30862930,2026-08-19,2026-08-19 08:36:03.261242,SARAWAK,KUCHING,MEDAN NIAGA SATOK,Borong,20,Buah-Buahan,02,028,PISANG BERANGAN,F.A.Q,Kilogram,3.5,3.8333333,
30862931,2026-08-19,2026-08-19 08:36:03.261242,SARAWAK,KUCHING,MEDAN NIAGA SATOK,Borong,20,Buah-Buahan,02,034,TEMBIKAI MERAH TANPA BIJI,F.A.Q,Kilogram,2.3,2.3,
30862932,2026-08-19,2026-08-19 08:36:38.708849,SARAWAK,KUCHING,MEDAN NIAGA SATOK,Borong,20,Tanaman Kontan,05,001,KELAPA DIKUPAS,SEDANG,Biji,1.6,1.6,
30862933,2026-08-19,2026-08-19 08:37:32.736802,SARAWAK,MIRI,[LOKASI KUTIPAN HARGA LADANG] BEKENU,Ladang,,Ternakan,11,001,TELUR AYAM,B,Biji,0.44,0.44,
30862934,2026-08-19,2026-08-19 08:37:58.27218,PULAU PINANG,SEBERANG PERAI TENGAH,PASAR AWAM SEBERANG JAYA,Runcit,26,Sayur-Sayuran,03,001,BAYAM,F.A.Q,Kilogram,5,5.2727275,
30862935,2026-08-19,2026-08-19 08:37:58.27218,PULAU PINANG,SEBERANG PERAI TENGAH,PASAR AWAM SEBERANG JAYA,Runcit,26,Sayur-Sayuran,02,002,CILI MERAH KULAI / KULAI HIBRID,F.A.Q,Kilogram,16,19.11111,
30862936,2026-08-19,2026-08-19 08:37:58.27218,PULAU PINANG,SEBERANG PERAI TENGAH,PASAR AWAM SEBERANG JAYA,Runcit,26,Sayur-Sayuran,02,002,CILI MERAH MINYAK,F.A.Q,Kilogram,14,15,
30862937,2026-08-19,2026-08-19 08:37:58.27218,PULAU PINANG,SEBERANG PERAI TENGAH,PASAR AWAM SEBERANG JAYA,Runcit,26,Sayur-Sayuran,04,002,KACANG BENDI,F.A.Q,Kilogram,12,10,
30862938,2026-08-19,2026-08-19 08:37:58.27218,PULAU PINANG,SEBERANG PERAI TENGAH,PASAR AWAM SEBERANG JAYA,Runcit,26,Sayur-Sayuran,04,007,KACANG PANJANG HIJAU,F.A.Q,Kilogram,10,8.066667,
30862939,2026-08-19,2026-08-19 08:37:58.27218,PULAU PINANG,SEBERANG PERAI TENGAH,PASAR AWAM SEBERANG JAYA,Runcit,26,Sayur-Sayuran,03,006,KUBIS BULAT (TANAH TINGGI),F.A.Q,Kilogram,6,6.4772725,
30862940,2026-08-19,2026-08-19 08:37:58.27218,PULAU PINANG,SEBERANG PERAI TENGAH,PASAR AWAM SEBERANG JAYA,Runcit,26,Sayur-Sayuran,03,007,SAWI HIJAU,F.A.Q,Kilogram,5,5,
30862941,2026-08-19,2026-08-19 08:37:58.27218,PULAU PINANG,SEBERANG PERAI TENGAH,PASAR AWAM SEBERANG JAYA,Runcit,26,Sayur-Sayuran,03,007,SAWI HIJAU TANAH TINGGI,F.A.Q,Kilogram,6,7.7826085,
30862942,2026-08-19,2026-08-19 08:37:58.27218,PULAU PINANG,SEBERANG PERAI TENGAH,PASAR AWAM SEBERANG JAYA,Runcit,26,Sayur-Sayuran,02,010,TERUNG PANJANG / PEPARU (TANAH RENDAH),F.A.Q,Kilogram,12,11.44,
30862943,2026-08-19,2026-08-19 08:37:58.27218,PULAU PINANG,SEBERANG PERAI TENGAH,PASAR AWAM SEBERANG JAYA,Runcit,26,Sayur-Sayuran,02,011,TIMUN HIJAU,F.A.Q,Kilogram,5,4.892857,
30862944,2026-08-19,2026-08-19 08:37:58.27218,PULAU PINANG,SEBERANG PERAI TENGAH,PASAR AWAM SEBERANG JAYA,Runcit,26,Sayur-Sayuran,02,012,TOMATO (TANAH TINGGI),F.A.Q,Kilogram,9,5.71,
30862945,2026-08-19,2026-08-19 08:38:43.940217,SARAWAK,KUCHING,MEDAN NIAGA SATOK,Borong,20,Ternakan,03,002,AYAM PROSES STANDARD,F.A.Q,Kilogram,11.5,11.5,
30862946,2026-08-19,2026-08-19 08:38:43.940217,SARAWAK,KUCHING,MEDAN NIAGA SATOK,Borong,20,Ternakan,02,003,DAGING LEMBU PEJAL,F.A.Q,Kilogram,65,65,
30862947,2026-08-19,2026-08-19 08:38:43.940217,SARAWAK,KUCHING,MEDAN NIAGA SATOK,Borong,20,Ternakan,11,001,TELUR AYAM,B,Biji,0.53,0.5208333,
30862948,2026-08-19,2026-08-19 08:40:11.333476,SARAWAK,MIRI,[LOKASI KUTIPAN HARGA LADANG] BEKENU,Ladang,,Sayur-Sayuran,03,001,BAYAM,F.A.Q,Kilogram,4,4.6666665,
30862949,2026-08-19,2026-08-19 08:40:11.333476,SARAWAK,MIRI,[LOKASI KUTIPAN HARGA LADANG] BEKENU,Ladang,,Sayur-Sayuran,02,002,CILI MERAH KULAI / KULAI HIBRID,F.A.Q,Kilogram,14,14,
30862950,2026-08-19,2026-08-19 08:40:11.333476,SARAWAK,MIRI,[LOKASI KUTIPAN HARGA LADANG] BEKENU,Ladang,,Sayur-Sayuran,02,002,CILI MERAH MINYAK,F.A.Q,Kilogram,12,12,
30862951,2026-08-19,2026-08-19 08:40:11.333476,SARAWAK,MIRI,[LOKASI KUTIPAN HARGA LADANG] BEKENU,Ladang,,Sayur-Sayuran,04,002,KACANG BENDI,F.A.Q,Kilogram,6,5.75,
30862952,2026-08-19,2026-08-19 08:40:11.333476,SARAWAK,MIRI,[LOKASI KUTIPAN HARGA LADANG] BEKENU,Ladang,,Sayur-Sayuran,04,007,KACANG PANJANG HIJAU,F.A.Q,Kilogram,6,5.75,
30862953,2026-08-19,2026-08-19 08:40:11.333476,SARAWAK,MIRI,[LOKASI KUTIPAN HARGA LADANG] BEKENU,Ladang,,Sayur-Sayuran,03,007,SAWI HIJAU,F.A.Q,Kilogram,8,8.166667,
30862954,2026-08-19,2026-08-19 08:40:11.333476,SARAWAK,MIRI,[LOKASI KUTIPAN HARGA LADANG] BEKENU,Ladang,,Sayur-Sayuran,02,010,TERUNG PANJANG / PEPARU (TANAH RENDAH),F.A.Q,Kilogram,6,5.75,
30862955,2026-08-19,2026-08-19 08:40:11.333476,SARAWAK,MIRI,[LOKASI KUTIPAN HARGA LADANG] BEKENU,Ladang,,Sayur-Sayuran,02,011,TIMUN HIJAU,F.A.Q,Kilogram,4,4.0833335,
30862956,2026-08-19,2026-08-19 08:40:38.654945,SARAWAK,MIRI,[LOKASI KUTIPAN HARGA LADANG] BEKENU,Ladang,,Buah-Buahan,02,023,NANAS JOSAPINE (AC5),F.A.Q,Kilogram,3,3,
30862957,2026-08-19,2026-08-19 08:40:38.654945,SARAWAK,MIRI,[LOKASI KUTIPAN HARGA LADANG] BEKENU,Ladang,,Buah-Buahan,02,028,PISANG BERANGAN,F.A.Q,Kilogram,5,5,
30862958,2026-08-19,2026-08-19 08:40:38.654945,SARAWAK,MIRI,[LOKASI KUTIPAN HARGA LADANG] BEKENU,Ladang,,Buah-Buahan,02,034,TEMBIKAI MERAH TANPA BIJI,F.A.Q,Kilogram,3,3,
30862959,2026-08-19,2026-08-19 08:40:51.115234,SARAWAK,MIRI,[LOKASI KUTIPAN HARGA LADANG] BEKENU,Ladang,,Tanaman Kontan,05,001,KELAPA DIKUPAS,SEDANG,Biji,2,2,
30862960,2026-08-19,2026-08-19 08:41:34.035046,SARAWAK,KUCHING,LADANG/KEBUN SIBURAN,Ladang,,Sayur-Sayuran,03,001,BAYAM,F.A.Q,Kilogram,2.5,2.4583333,
30862961,2026-08-19,2026-08-19 08:41:34.035046,SARAWAK,KUCHING,LADANG/KEBUN SIBURAN,Ladang,,Sayur-Sayuran,02,002,CILI MERAH KULAI / KULAI HIBRID,F.A.Q,Kilogram,8,8.916667,
30862962,2026-08-19,2026-08-19 08:41:34.035046,SARAWAK,KUCHING,LADANG/KEBUN SIBURAN,Ladang,,Sayur-Sayuran,02,002,CILI MERAH MINYAK,F.A.Q,Kilogram,8,8.916667,
30862963,2026-08-19,2026-08-19 08:41:34.035046,SARAWAK,KUCHING,LADANG/KEBUN SIBURAN,Ladang,,Sayur-Sayuran,04,002,KACANG BENDI,F.A.Q,Kilogram,3,2.8916667,
30862964,2026-08-19,2026-08-19 08:41:34.035046,SARAWAK,KUCHING,LADANG/KEBUN SIBURAN,Ladang,,Sayur-Sayuran,04,007,KACANG PANJANG HIJAU,F.A.Q,Kilogram,4,4,
30862965,2026-08-19,2026-08-19 08:41:34.035046,SARAWAK,KUCHING,LADANG/KEBUN SIBURAN,Ladang,,Sayur-Sayuran,03,007,SAWI HIJAU,F.A.Q,Kilogram,6,4.4166665,
30862966,2026-08-19,2026-08-19 08:41:34.035046,SARAWAK,KUCHING,LADANG/KEBUN SIBURAN,Ladang,,Sayur-Sayuran,02,010,TERUNG PANJANG / PEPARU (TANAH RENDAH),F.A.Q,Kilogram,2.5,2.8833334,
30862967,2026-08-19,2026-08-19 08:41:34.035046,SARAWAK,KUCHING,LADANG/KEBUN SIBURAN,Ladang,,Sayur-Sayuran,02,011,TIMUN HIJAU,F.A.Q,Kilogram,2.5,2.8333333,
30862968,2026-08-19,2026-08-19 08:42:05.521623,SARAWAK,MIRI,PASAR TAMU MUHIBBAH MIRI,Borong,20,Sayur-Sayuran,03,001,BAYAM,F.A.Q,Kilogram,6,5.6666665,
30862969,2026-08-19,2026-08-19 08:42:19.871727,SELANGOR,KLANG,[LOKASI KUTIPAN HARGA LADANG] JOHAN SETIA,Ladang,,Sayur-Sayuran,03,001,BAYAM,F.A.Q,Kilogram,2,2.64,
30862970,2026-08-19,2026-08-19 08:42:19.927337,SELANGOR,KLANG,[LOKASI KUTIPAN HARGA LADANG] JOHAN SETIA,Ladang,,Sayur-Sayuran,04,002,KACANG BENDI,F.A.Q,Kilogram,3,5.34,
30862971,2026-08-19,2026-08-19 08:42:19.975939,SELANGOR,KLANG,[LOKASI KUTIPAN HARGA LADANG] JOHAN SETIA,Ladang,,Sayur-Sayuran,04,007,KACANG PANJANG HIJAU,F.A.Q,Kilogram,4,4.02,
30862972,2026-08-19,2026-08-19 08:42:20.031492,SELANGOR,KLANG,[LOKASI KUTIPAN HARGA LADANG] JOHAN SETIA,Ladang,,Sayur-Sayuran,03,007,SAWI HIJAU,F.A.Q,Kilogram,3,3.39,
30862973,2026-08-19,2026-08-19 08:42:20.083743,SELANGOR,KLANG,[LOKASI KUTIPAN HARGA LADANG] JOHAN SETIA,Ladang,,Sayur-Sayuran,02,010,TERUNG PANJANG / PEPARU (TANAH RENDAH),F.A.Q,Kilogram,4,5.38,
30862974,2026-08-19,2026-08-19 08:42:20.137265,SELANGOR,KLANG,[LOKASI KUTIPAN HARGA LADANG] JOHAN SETIA,Ladang,,Sayur-Sayuran,02,011,TIMUN HIJAU,F.A.Q,Kilogram,1.5,1.67,
30862975,2026-08-19,2026-08-19 08:42:39.33949,SARAWAK,MIRI,PASAR TAMU MUHIBBAH MIRI,Runcit,26,Buah-Buahan,02,023,NANAS JOSAPINE (AC5),F.A.Q,Kilogram,5,5,
30862976,2026-08-19,2026-08-19 08:42:39.33949,SARAWAK,MIRI,PASAR TAMU MUHIBBAH MIRI,Runcit,26,Buah-Buahan,02,028,PISANG BERANGAN,F.A.Q,Kilogram,7,7,
30862977,2026-08-19,2026-08-19 08:42:39.33949,SARAWAK,MIRI,PASAR TAMU MUHIBBAH MIRI,Runcit,26,Buah-Buahan,02,034,TEMBIKAI MERAH TANPA BIJI,F.A.Q,Kilogram,5,5,
30862978,2026-08-19,2026-08-19 08:42:53.443768,SELANGOR,KLANG,"[LOKASI KUTIPAN HARGA LADANG] KLANG, JALAN NENAS",Ladang,,Sayur-Sayuran,02,002,CILI MERAH KULAI / KULAI HIBRID,F.A.Q,Kilogram,8,10.44,
30862979,2026-08-19,2026-08-19 08:43:15.031395,SARAWAK,KUCHING,LADANG/KEBUN SIBURAN,Ladang,,Buah-Buahan,02,028,PISANG BERANGAN,F.A.Q,Kilogram,2.5,2.8333333,
30862980,2026-08-19,2026-08-19 08:43:15.031395,SARAWAK,KUCHING,LADANG/KEBUN SIBURAN,Ladang,,Buah-Buahan,02,034,TEMBIKAI MERAH TANPA BIJI,F.A.Q,Kilogram,1.8,1.775,
30862981,2026-08-19,2026-08-19 08:43:31.514353,SARAWAK,MIRI,PASAR TAMU MUHIBBAH MIRI,Borong,20,Buah-Buahan,02,023,NANAS JOSAPINE (AC5),F.A.Q,Kilogram,4,4,
30862982,2026-08-19,2026-08-19 08:43:31.514353,SARAWAK,MIRI,PASAR TAMU MUHIBBAH MIRI,Borong,20,Buah-Buahan,02,028,PISANG BERANGAN,F.A.Q,Kilogram,6,6,
30862983,2026-08-19,2026-08-19 08:43:31.514353,SARAWAK,MIRI,PASAR TAMU MUHIBBAH MIRI,Borong,20,Buah-Buahan,02,034,TEMBIKAI MERAH TANPA BIJI,F.A.Q,Kilogram,4,4,
30862984,2026-08-19,2026-08-19 08:43:44.41327,SARAWAK,KUCHING,LADANG/KEBUN SIBURAN,Ladang,,Tanaman Kontan,05,001,KELAPA DIKUPAS,SEDANG,Biji,1.2,1.2,
30862985,2026-08-19,2026-08-19 08:44:26.344393,SARAWAK,KUCHING,LADANG/KEBUN SIBURAN,Ladang,,Ternakan,11,001,TELUR AYAM,B,Biji,0.51,0.49166667,
30862986,2026-08-19,2026-08-19 08:44:38.650381,PULAU PINANG,SEBERANG PERAI TENGAH,PASAR AWAM SEBERANG JAYA,Runcit,26,Sayur-Sayuran,03,001,BAYAM,F.A.Q,Kilogram,5,5.2727275,
30862987,2026-08-19,2026-08-19 08:44:38.650381,PULAU PINANG,SEBERANG PERAI TENGAH,PASAR AWAM SEBERANG JAYA,Runcit,26,Sayur-Sayuran,02,002,CILI MERAH KULAI / KULAI HIBRID,F.A.Q,Kilogram,22,19.11111,
30862988,2026-08-19,2026-08-19 08:44:38.650381,PULAU PINANG,SEBERANG PERAI TENGAH,PASAR AWAM SEBERANG JAYA,Runcit,26,Sayur-Sayuran,02,002,CILI MERAH MINYAK,F.A.Q,Kilogram,15,15,
30862989,2026-08-19,2026-08-19 08:44:38.650381,PULAU PINANG,SEBERANG PERAI TENGAH,PASAR AWAM SEBERANG JAYA,Runcit,26,Sayur-Sayuran,04,002,KACANG BENDI,F.A.Q,Kilogram,12,10,
30862990,2026-08-19,2026-08-19 08:44:38.650381,PULAU PINANG,SEBERANG PERAI TENGAH,PASAR AWAM SEBERANG JAYA,Runcit,26,Sayur-Sayuran,04,007,KACANG PANJANG HIJAU,F.A.Q,Kilogram,10,8.066667,
30862991,2026-08-19,2026-08-19 08:44:38.650381,PULAU PINANG,SEBERANG PERAI TENGAH,PASAR AWAM SEBERANG JAYA,Runcit,26,Sayur-Sayuran,03,006,KUBIS BULAT (TANAH TINGGI),F.A.Q,Kilogram,7,6.4772725,
30862992,2026-08-19,2026-08-19 08:44:38.650381,PULAU PINANG,SEBERANG PERAI TENGAH,PASAR AWAM SEBERANG JAYA,Runcit,26,Sayur-Sayuran,03,007,SAWI HIJAU,F.A.Q,Kilogram,5,5,
30862993,2026-08-19,2026-08-19 08:44:38.650381,PULAU PINANG,SEBERANG PERAI TENGAH,PASAR AWAM SEBERANG JAYA,Runcit,26,Sayur-Sayuran,03,007,SAWI HIJAU TANAH TINGGI,F.A.Q,Kilogram,7,7.7826085,
30862994,2026-08-19,2026-08-19 08:44:38.650381,PULAU PINANG,SEBERANG PERAI TENGAH,PASAR AWAM SEBERANG JAYA,Runcit,26,Sayur-Sayuran,02,010,TERUNG PANJANG / PEPARU (TANAH RENDAH),F.A.Q,Kilogram,12,11.44,
30862995,2026-08-19,2026-08-19 08:44:38.650381,PULAU PINANG,SEBERANG PERAI TENGAH,PASAR AWAM SEBERANG JAYA,Runcit,26,Sayur-Sayuran,02,011,TIMUN HIJAU,F.A.Q,Kilogram,5,4.892857,
30862996,2026-08-19,2026-08-19 08:44:38.650381,PULAU PINANG,SEBERANG PERAI TENGAH,PASAR AWAM SEBERANG JAYA,Runcit,26,Sayur-Sayuran,02,012,TOMATO (TANAH TINGGI),F.A.Q,Kilogram,10,5.71,
30862997,2026-08-19,2026-08-19 08:46:22.025745,SELANGOR,KLANG,PASAR BESAR KLANG - BAHAGIAN BORONG,Borong,,Ternakan,03,002,AYAM PROSES STANDARD,F.A.Q,Kilogram,8,8.75,
30862998,2026-08-19,2026-08-19 08:46:41.089892,SELANGOR,KLANG,PASAR BESAR KLANG - BAHAGIAN BORONG,Borong,,Ternakan,03,002,AYAM PROSES STANDARD,F.A.Q,Kilogram,8.2,8.75,
30862999,2026-08-19,2026-08-19 08:49:22.672657,SELANGOR,KLANG,PASAR BESAR KLANG - BAHAGIAN BORONG,Borong,,Sayur-Sayuran,05,001,BAWANG BESAR MERAH (INDIA),F.A.Q,Kilogram,2,2.73,
30863000,2026-08-19,2026-08-19 08:49:22.725734,SELANGOR,KLANG,PASAR BESAR KLANG - BAHAGIAN BORONG,Borong,,Sayur-Sayuran,05,001,BAWANG PUTIH (CHINA),F.A.Q,Kilogram,8.5,5.98,
30863001,2026-08-19,2026-08-19 08:49:22.779893,SELANGOR,KLANG,PASAR BESAR KLANG - BAHAGIAN BORONG,Borong,,Sayur-Sayuran,05,009,UBI KENTANG HOLLAND,F.A.Q,Kilogram,2.5,2.62,
30863002,2026-08-19,2026-08-19 08:50:56.570789,SELANGOR,KLANG,PASAR BESAR KLANG - BAHAGIAN BORONG,Borong,,Sayur-Sayuran,03,001,BAYAM,F.A.Q,Kilogram,2.5,4.11,
30863003,2026-08-19,2026-08-19 08:50:56.617947,SELANGOR,KLANG,PASAR BESAR KLANG - BAHAGIAN BORONG,Borong,,Sayur-Sayuran,02,002,CILI MERAH KULAI / KULAI HIBRID,F.A.Q,Kilogram,10,13.69,
30863004,2026-08-19,2026-08-19 08:50:56.662799,SELANGOR,KLANG,PASAR BESAR KLANG - BAHAGIAN BORONG,Borong,,Sayur-Sayuran,02,002,CILI MERAH MINYAK,F.A.Q,Kilogram,7,11.76,
30863005,2026-08-19,2026-08-19 08:50:56.707988,SELANGOR,KLANG,PASAR BESAR KLANG - BAHAGIAN BORONG,Borong,,Sayur-Sayuran,04,002,KACANG BENDI,F.A.Q,Kilogram,5,8.23,
30863006,2026-08-19,2026-08-19 08:50:56.75158,SELANGOR,KLANG,PASAR BESAR KLANG - BAHAGIAN BORONG,Borong,,Sayur-Sayuran,04,007,KACANG PANJANG HIJAU,F.A.Q,Kilogram,6,5.88,
30863007,2026-08-19,2026-08-19 08:50:56.795873,SELANGOR,KLANG,PASAR BESAR KLANG - BAHAGIAN BORONG,Borong,,Sayur-Sayuran,03,006,KUBIS BULAT (TANAH TINGGI),F.A.Q,Kilogram,2.5,3.18,
30863008,2026-08-19,2026-08-19 08:50:56.842131,SELANGOR,KLANG,PASAR BESAR KLANG - BAHAGIAN BORONG,Borong,,Sayur-Sayuran,03,007,SAWI HIJAU,F.A.Q,Kilogram,4,4.43,
30863009,2026-08-19,2026-08-19 08:50:56.886748,SELANGOR,KLANG,PASAR BESAR KLANG - BAHAGIAN BORONG,Borong,,Sayur-Sayuran,02,010,TERUNG PANJANG / PEPARU (TANAH RENDAH),F.A.Q,Kilogram,6,7.33,
30863010,2026-08-19,2026-08-19 08:50:56.935775,SELANGOR,KLANG,PASAR BESAR KLANG - BAHAGIAN BORONG,Borong,,Sayur-Sayuran,02,011,TIMUN HIJAU,F.A.Q,Kilogram,2.5,2.57,
30863011,2026-08-19,2026-08-19 08:50:56.980944,SELANGOR,KLANG,PASAR BESAR KLANG - BAHAGIAN BORONG,Borong,,Sayur-Sayuran,02,012,TOMATO (TANAH TINGGI),F.A.Q,Kilogram,6,7,
30863012,2026-08-19,2026-08-19 08:51:30.838158,SABAH,KENINGAU,,Ladang,06,Sayur-Sayuran,03,001,BAYAM,F.A.Q,Kilogram,2.6,2.5,
30863013,2026-08-19,2026-08-19 08:51:30.838158,SABAH,KENINGAU,,Ladang,06,Sayur-Sayuran,02,002,CILI MERAH KULAI / KULAI HIBRID,F.A.Q,Kilogram,10,11.35,
30863014,2026-08-19,2026-08-19 08:51:30.838158,SABAH,KENINGAU,,Ladang,06,Sayur-Sayuran,02,002,CILI MERAH MINYAK,F.A.Q,Kilogram,9,10.2,
30863015,2026-08-19,2026-08-19 08:51:30.838158,SABAH,KENINGAU,,Ladang,06,Sayur-Sayuran,04,002,KACANG BENDI,F.A.Q,Kilogram,3.6,4.27,
30863016,2026-08-19,2026-08-19 08:51:30.838158,SABAH,KENINGAU,,Ladang,06,Sayur-Sayuran,04,007,KACANG PANJANG HIJAU,F.A.Q,Kilogram,2.6,3,
30863017,2026-08-19,2026-08-19 08:51:30.838158,SABAH,KENINGAU,,Ladang,06,Sayur-Sayuran,03,006,KUBIS BULAT (TANAH TINGGI),F.A.Q,Kilogram,2,1.8,
30863018,2026-08-19,2026-08-19 08:51:30.838158,SABAH,KENINGAU,,Ladang,06,Sayur-Sayuran,03,007,SAWI HIJAU,F.A.Q,Kilogram,2.5,2.6,
30863019,2026-08-19,2026-08-19 08:51:30.838158,SABAH,KENINGAU,,Ladang,06,Sayur-Sayuran,02,010,TERUNG PANJANG / PEPARU (TANAH RENDAH),F.A.Q,Kilogram,3,3.99,
30863020,2026-08-19,2026-08-19 08:51:30.838158,SABAH,KENINGAU,,Ladang,06,Sayur-Sayuran,02,011,TIMUN HIJAU,F.A.Q,Kilogram,1.6,1.3,
30863021,2026-08-19,2026-08-19 08:51:30.838158,SABAH,KENINGAU,,Ladang,06,Sayur-Sayuran,02,012,TOMATO (TANAH TINGGI),F.A.Q,Kilogram,4,4,
30863022,2026-08-19,2026-08-19 08:53:22.768897,SELANGOR,KLANG,PASAR BESAR KLANG - BAHAGIAN BORONG,Borong,,Buah-Buahan,02,023,NANAS JOSAPINE (AC5),F.A.Q,Kilogram,3,3.5,
30863023,2026-08-19,2026-08-19 08:53:22.824051,SELANGOR,KLANG,PASAR BESAR KLANG - BAHAGIAN BORONG,Borong,,Buah-Buahan,02,028,PISANG BERANGAN,F.A.Q,Kilogram,3,3.93,
30863024,2026-08-19,2026-08-19 08:53:22.867198,SELANGOR,KLANG,PASAR BESAR KLANG - BAHAGIAN BORONG,Borong,,Buah-Buahan,02,034,TEMBIKAI MERAH TANPA BIJI,F.A.Q,Kilogram,3,3.55,
30863025,2026-08-19,2026-08-19 08:54:08.14375,SELANGOR,KLANG,PASAR BESAR KLANG - BAHAGIAN RUNCIT,Runcit,,Ternakan,03,002,AYAM PROSES STANDARD,F.A.Q,Kilogram,10.5,9.99,
30863026,2026-08-19,2026-08-19 08:55:36.284869,SELANGOR,PETALING,"KOMPLEKS PASAR BORONG SELANGOR, SERI KEMBANGAN",Runcit,26,Buah-Buahan,02,023,NANAS JOSAPINE (AC5),F.A.Q,Kilogram,4,4.52,
30863027,2026-08-19,2026-08-19 08:55:36.284869,SELANGOR,PETALING,"KOMPLEKS PASAR BORONG SELANGOR, SERI KEMBANGAN",Runcit,26,Buah-Buahan,02,028,PISANG BERANGAN,F.A.Q,Kilogram,5.5,5.88,
30863028,2026-08-19,2026-08-19 08:55:36.284869,SELANGOR,PETALING,"KOMPLEKS PASAR BORONG SELANGOR, SERI KEMBANGAN",Runcit,26,Buah-Buahan,02,034,TEMBIKAI MERAH TANPA BIJI,F.A.Q,Kilogram,3.5,3.49,
30863029,2026-08-19,2026-08-19 08:56:13.181703,SELANGOR,PETALING,"KOMPLEKS PASAR BORONG SELANGOR, SERI KEMBANGAN",Borong,20,Buah-Buahan,02,023,NANAS JOSAPINE (AC5),F.A.Q,Kilogram,3,3.5,
30863030,2026-08-19,2026-08-19 08:56:13.181703,SELANGOR,PETALING,"KOMPLEKS PASAR BORONG SELANGOR, SERI KEMBANGAN",Borong,20,Buah-Buahan,02,028,PISANG BERANGAN,F.A.Q,Kilogram,4.5,3.93,
30863031,2026-08-19,2026-08-19 08:56:13.181703,SELANGOR,PETALING,"KOMPLEKS PASAR BORONG SELANGOR, SERI KEMBANGAN",Borong,20,Buah-Buahan,02,034,TEMBIKAI MERAH TANPA BIJI,F.A.Q,Kilogram,2.5,3.55,
30863032,2026-08-19,2026-08-19 08:56:32.805824,SELANGOR,KLANG,PASAR BESAR KLANG - BAHAGIAN RUNCIT,Runcit,,Sayur-Sayuran,03,001,BAYAM,F.A.Q,Kilogram,3,5.81,
30863033,2026-08-19,2026-08-19 08:56:32.865858,SELANGOR,KLANG,PASAR BESAR KLANG - BAHAGIAN RUNCIT,Runcit,,Sayur-Sayuran,02,002,CILI MERAH KULAI / KULAI HIBRID,F.A.Q,Kilogram,13,16.31,
30863034,2026-08-19,2026-08-19 08:56:32.910648,SELANGOR,KLANG,PASAR BESAR KLANG - BAHAGIAN RUNCIT,Runcit,,Sayur-Sayuran,02,002,CILI MERAH MINYAK,F.A.Q,Kilogram,9,14.1,
30863035,2026-08-19,2026-08-19 08:56:32.959954,SELANGOR,KLANG,PASAR BESAR KLANG - BAHAGIAN RUNCIT,Runcit,,Sayur-Sayuran,04,002,KACANG BENDI,F.A.Q,Kilogram,7,10.44,
30863036,2026-08-19,2026-08-19 08:56:33.006689,SELANGOR,KLANG,PASAR BESAR KLANG - BAHAGIAN RUNCIT,Runcit,,Sayur-Sayuran,04,007,KACANG PANJANG HIJAU,F.A.Q,Kilogram,8,7.99,
30863037,2026-08-19,2026-08-19 08:56:33.051959,SELANGOR,KLANG,PASAR BESAR KLANG - BAHAGIAN RUNCIT,Runcit,,Sayur-Sayuran,03,006,KUBIS BULAT (TANAH TINGGI),F.A.Q,Kilogram,3.3,4.58,
30863038,2026-08-19,2026-08-19 08:56:33.126543,SELANGOR,KLANG,PASAR BESAR KLANG - BAHAGIAN RUNCIT,Runcit,,Sayur-Sayuran,03,007,SAWI HIJAU,F.A.Q,Kilogram,5,6.22,
30863039,2026-08-19,2026-08-19 08:56:33.172077,SELANGOR,KLANG,PASAR BESAR KLANG - BAHAGIAN RUNCIT,Runcit,,Sayur-Sayuran,02,010,TERUNG PANJANG / PEPARU (TANAH RENDAH),F.A.Q,Kilogram,8,9.47,
30863040,2026-08-19,2026-08-19 08:56:33.214214,SELANGOR,KLANG,PASAR BESAR KLANG - BAHAGIAN RUNCIT,Runcit,,Sayur-Sayuran,02,011,TIMUN HIJAU,F.A.Q,Kilogram,3,4.08,
30863041,2026-08-19,2026-08-19 08:56:33.255643,SELANGOR,KLANG,PASAR BESAR KLANG - BAHAGIAN RUNCIT,Runcit,,Sayur-Sayuran,02,012,TOMATO (TANAH TINGGI),F.A.Q,Kilogram,6.5,8.71,
30863042,2026-08-19,2026-08-19 08:56:44.167468,SABAH,KENINGAU,PASAR TANI KEKAL (PTK) KENINGAU,Borong,20,Sayur-Sayuran,05,001,BAWANG BESAR MERAH (INDIA),F.A.Q,Kilogram,5,6,
30863043,2026-08-19,2026-08-19 08:56:44.167468,SABAH,KENINGAU,PASAR TANI KEKAL (PTK) KENINGAU,Borong,20,Sayur-Sayuran,05,001,BAWANG PUTIH (CHINA),F.A.Q,Kilogram,8,8,
30863044,2026-08-19,2026-08-19 08:56:44.167468,SABAH,KENINGAU,PASAR TANI KEKAL (PTK) KENINGAU,Borong,20,Sayur-Sayuran,03,001,BAYAM,F.A.Q,Kilogram,4,4.7,
30863045,2026-08-19,2026-08-19 08:56:44.167468,SABAH,KENINGAU,PASAR TANI KEKAL (PTK) KENINGAU,Borong,20,Sayur-Sayuran,02,002,CILI MERAH KULAI / KULAI HIBRID,F.A.Q,Kilogram,13,14.7,
30863046,2026-08-19,2026-08-19 08:56:44.167468,SABAH,KENINGAU,PASAR TANI KEKAL (PTK) KENINGAU,Borong,20,Sayur-Sayuran,02,002,CILI MERAH MINYAK,F.A.Q,Kilogram,14,15,
30863047,2026-08-19,2026-08-19 08:56:44.167468,SABAH,KENINGAU,PASAR TANI KEKAL (PTK) KENINGAU,Borong,20,Sayur-Sayuran,04,002,KACANG BENDI,F.A.Q,Kilogram,5,5.8,
30863048,2026-08-19,2026-08-19 08:56:44.167468,SABAH,KENINGAU,PASAR TANI KEKAL (PTK) KENINGAU,Borong,20,Sayur-Sayuran,04,007,KACANG PANJANG HIJAU,F.A.Q,Kilogram,4,4,
30863049,2026-08-19,2026-08-19 08:56:44.167468,SABAH,KENINGAU,PASAR TANI KEKAL (PTK) KENINGAU,Borong,20,Sayur-Sayuran,03,006,KUBIS BULAT (CHINA),F.A.Q,Kilogram,2.6,2.09,
30863050,2026-08-19,2026-08-19 08:56:44.167468,SABAH,KENINGAU,PASAR TANI KEKAL (PTK) KENINGAU,Borong,20,Sayur-Sayuran,03,006,KUBIS BULAT (TANAH TINGGI),F.A.Q,Kilogram,3,2.6,
30863051,2026-08-19,2026-08-19 08:56:44.167468,SABAH,KENINGAU,PASAR TANI KEKAL (PTK) KENINGAU,Borong,20,Sayur-Sayuran,02,010,TERUNG PANJANG / PEPARU (TANAH RENDAH),F.A.Q,Kilogram,5,7.33,
30863052,2026-08-19,2026-08-19 08:56:44.167468,SABAH,KENINGAU,PASAR TANI KEKAL (PTK) KENINGAU,Borong,20,Sayur-Sayuran,02,011,TIMUN HIJAU,F.A.Q,Kilogram,2,2.45,
30863053,2026-08-19,2026-08-19 08:56:44.167468,SABAH,KENINGAU,PASAR TANI KEKAL (PTK) KENINGAU,Borong,20,Sayur-Sayuran,02,012,TOMATO (TANAH TINGGI),F.A.Q,Kilogram,6,6,
30863054,2026-08-19,2026-08-19 08:56:56.872391,SELANGOR,PETALING,"KOMPLEKS PASAR BORONG SELANGOR, SERI KEMBANGAN",Runcit,26,Buah-Buahan,02,023,NANAS JOSAPINE (AC5),F.A.Q,Kilogram,4,4.52,
30863055,2026-08-19,2026-08-19 08:56:56.872391,SELANGOR,PETALING,"KOMPLEKS PASAR BORONG SELANGOR, SERI KEMBANGAN",Runcit,26,Buah-Buahan,02,028,PISANG BERANGAN,F.A.Q,Kilogram,5.5,5.88,
30863056,2026-08-19,2026-08-19 08:56:56.872391,SELANGOR,PETALING,"KOMPLEKS PASAR BORONG SELANGOR, SERI KEMBANGAN",Runcit,26,Buah-Buahan,02,034,TEMBIKAI MERAH TANPA BIJI,F.A.Q,Kilogram,3.5,3.49,
30863057,2026-08-19,2026-08-19 08:57:04.669682,SELANGOR,KLANG,PASAR BESAR KLANG - BAHAGIAN RUNCIT,Runcit,,Buah-Buahan,02,023,NANAS JOSAPINE (AC5),F.A.Q,Kilogram,4,4,
30863058,2026-08-19,2026-08-19 08:57:04.723945,SELANGOR,KLANG,PASAR BESAR KLANG - BAHAGIAN RUNCIT,Runcit,,Buah-Buahan,02,028,PISANG BERANGAN,F.A.Q,Kilogram,5,5.62,
30863059,2026-08-19,2026-08-19 08:57:04.772276,SELANGOR,KLANG,PASAR BESAR KLANG - BAHAGIAN RUNCIT,Runcit,,Buah-Buahan,02,034,TEMBIKAI MERAH TANPA BIJI,F.A.Q,Kilogram,4,4.75,
30863060,2026-08-19,2026-08-19 08:57:25.807965,SELANGOR,PETALING,"KOMPLEKS PASAR BORONG SELANGOR, SERI KEMBANGAN",Borong,20,Buah-Buahan,02,023,NANAS JOSAPINE (AC5),F.A.Q,Kilogram,3,3.5,
30863061,2026-08-19,2026-08-19 08:57:25.807965,SELANGOR,PETALING,"KOMPLEKS PASAR BORONG SELANGOR, SERI KEMBANGAN",Borong,20,Buah-Buahan,02,028,PISANG BERANGAN,F.A.Q,Kilogram,4.5,3.93,
30863062,2026-08-19,2026-08-19 08:57:25.807965,SELANGOR,PETALING,"KOMPLEKS PASAR BORONG SELANGOR, SERI KEMBANGAN",Borong,20,Buah-Buahan,02,034,TEMBIKAI MERAH TANPA BIJI,F.A.Q,Kilogram,2.5,3.55,
30863063,2026-08-19,2026-08-19 08:58:04.068972,SELANGOR,KLANG,PASAR BESAR KLANG - BAHAGIAN RUNCIT,Runcit,,Sayur-Sayuran,05,001,BAWANG BESAR MERAH (INDIA),F.A.Q,Kilogram,3.5,4.44,
30863064,2026-08-19,2026-08-19 08:58:04.112661,SELANGOR,KLANG,PASAR BESAR KLANG - BAHAGIAN RUNCIT,Runcit,,Sayur-Sayuran,05,001,BAWANG PUTIH (CHINA),F.A.Q,Kilogram,9.9,8.52,
30863065,2026-08-19,2026-08-19 08:58:04.154509,SELANGOR,KLANG,PASAR BESAR KLANG - BAHAGIAN RUNCIT,Runcit,,Sayur-Sayuran,05,009,UBI KENTANG HOLLAND,F.A.Q,Kilogram,3.5,4.09,
30863066,2026-08-19,2026-08-19 08:58:04.197345,SELANGOR,KLANG,PASAR BESAR KLANG - BAHAGIAN RUNCIT,Runcit,,Ternakan,11,001,TELUR AYAM,B,Biji,0.48,0.45,
30863067,2026-08-19,2026-08-19 08:58:09.193217,SELANGOR,PETALING,"KOMPLEKS PASAR BORONG SELANGOR, SERI KEMBANGAN",Runcit,26,Ternakan,03,002,AYAM PROSES STANDARD,F.A.Q,Kilogram,10.5,10.09,
30863068,2026-08-19,2026-08-19 08:58:23.846012,SELANGOR,KLANG,PASAR BESAR KLANG - BAHAGIAN RUNCIT,Runcit,,Ternakan,02,003,DAGING LEMBU PEJAL,F.A.Q,Kilogram,42,39.05,
30863069,2026-08-19,2026-08-19 08:58:30.559143,SELANGOR,PETALING,"KOMPLEKS PASAR BORONG SELANGOR, SERI KEMBANGAN",Borong,20,Ternakan,03,002,AYAM PROSES STANDARD,F.A.Q,Kilogram,9.1,8.75,
30863070,2026-08-19,2026-08-19 08:59:04.035278,SELANGOR,PETALING,"KOMPLEKS PASAR BORONG SELANGOR, SERI KEMBANGAN",Runcit,26,Ternakan,11,001,TELUR AYAM,B,Biji,0.42,0.45,
30863071,2026-08-19,2026-08-19 08:59:21.670471,SELANGOR,PETALING,"KOMPLEKS PASAR BORONG SELANGOR, SERI KEMBANGAN",Borong,20,Ternakan,11,001,TELUR AYAM,B,Biji,0.4,0.43,
30863072,2026-08-19,2026-08-19 08:59:41.684917,SELANGOR,KLANG,PASAR BESAR KLANG - BAHAGIAN RUNCIT,Runcit,,Lain-Lain Makanan Proses,15,001,SANTAN PEKAT,F.A.Q,Kilogram,12,11.7,
30863073,2026-08-19,2026-08-19 08:59:41.743937,SELANGOR,KLANG,PASAR BESAR KLANG - BAHAGIAN RUNCIT,Runcit,,Tanaman Kontan,05,001,KELAPA DIKUPAS,SEDANG,Biji,3,2.33,
30863074,2026-08-19,2026-08-19 09:00:10.815238,SELANGOR,PETALING,"KOMPLEKS PASAR BORONG SELANGOR, SERI KEMBANGAN",Runcit,26,Tanaman Kontan,05,001,KELAPA DIKUPAS,SEDANG,Biji,3,3.43,
30863075,2026-08-19,2026-08-19 09:00:10.815238,SELANGOR,PETALING,"KOMPLEKS PASAR BORONG SELANGOR, SERI KEMBANGAN",Runcit,26,Lain-Lain Makanan Proses,15,001,SANTAN PEKAT,F.A.Q,Kilogram,12,15.22,
30863076,2026-08-19,2026-08-19 09:00:26.677395,SELANGOR,PETALING,"KOMPLEKS PASAR BORONG SELANGOR, SERI KEMBANGAN",Borong,20,Tanaman Kontan,05,001,KELAPA DIKUPAS,SEDANG,Biji,2.5,2.34,
30863077,2026-08-19,2026-08-19 09:01:10.067954,SELANGOR,PETALING,"KOMPLEKS PASAR BORONG SELANGOR, SERI KEMBANGAN",Runcit,26,Tanaman Kontan,05,001,KELAPA DIKUPAS,SEDANG,Biji,3,3.43,
30863078,2026-08-19,2026-08-19 09:01:10.067954,SELANGOR,PETALING,"KOMPLEKS PASAR BORONG SELANGOR, SERI KEMBANGAN",Runcit,26,Lain-Lain Makanan Proses,15,001,SANTAN PEKAT,F.A.Q,Kilogram,12,15.22,
30863079,2026-08-19,2026-08-19 09:01:31.558618,SELANGOR,PETALING,"KOMPLEKS PASAR BORONG SELANGOR, SERI KEMBANGAN",Borong,20,Tanaman Kontan,05,001,KELAPA DIKUPAS,SEDANG,Biji,2.5,2.34,
30863080,2026-08-19,2026-08-19 09:01:48.266806,SELANGOR,PETALING,"KOMPLEKS PASAR BORONG SELANGOR, SERI KEMBANGAN",Runcit,26,Ternakan,02,003,DAGING LEMBU PEJAL,F.A.Q,Kilogram,39,35.01,
30863081,2026-08-19,2026-08-19 09:02:02.008806,SELANGOR,PETALING,"KOMPLEKS PASAR BORONG SELANGOR, SERI KEMBANGAN",Runcit,26,Ternakan,03,002,AYAM PROSES STANDARD,F.A.Q,Kilogram,10.5,10.09,
30863082,2026-08-19,2026-08-19 09:02:13.647582,SABAH,KENINGAU,[PASAR AWAM] KENINGAU,Runcit,26,Sayur-Sayuran,05,001,BAWANG MERAH / KECIL (INDIA),F.A.Q,Kilogram,9,9.54,
30863083,2026-08-19,2026-08-19 09:02:13.647582,SABAH,KENINGAU,[PASAR AWAM] KENINGAU,Runcit,26,Sayur-Sayuran,05,001,BAWANG PUTIH (CHINA),F.A.Q,Kilogram,9.6,8.52,
30863084,2026-08-19,2026-08-19 09:02:13.647582,SABAH,KENINGAU,[PASAR AWAM] KENINGAU,Runcit,26,Sayur-Sayuran,03,001,BAYAM,F.A.Q,Kilogram,6,6.02,
30863085,2026-08-19,2026-08-19 09:02:13.647582,SABAH,KENINGAU,[PASAR AWAM] KENINGAU,Runcit,26,Sayur-Sayuran,02,002,CILI MERAH KULAI / KULAI HIBRID,F.A.Q,Kilogram,18,20.26,
30863086,2026-08-19,2026-08-19 09:02:13.647582,SABAH,KENINGAU,[PASAR AWAM] KENINGAU,Runcit,26,Sayur-Sayuran,02,002,CILI MERAH MINYAK,F.A.Q,Kilogram,20,19.23,
30863087,2026-08-19,2026-08-19 09:02:13.647582,SABAH,KENINGAU,[PASAR AWAM] KENINGAU,Runcit,26,Sayur-Sayuran,04,002,KACANG BENDI,F.A.Q,Kilogram,8,9.12,
30863088,2026-08-19,2026-08-19 09:02:13.647582,SABAH,KENINGAU,[PASAR AWAM] KENINGAU,Runcit,26,Sayur-Sayuran,04,007,KACANG PANJANG HIJAU,F.A.Q,Kilogram,7.3,8.57,
30863089,2026-08-19,2026-08-19 09:02:13.647582,SABAH,KENINGAU,[PASAR AWAM] KENINGAU,Runcit,26,Sayur-Sayuran,03,006,KUBIS BULAT (TANAH TINGGI),F.A.Q,Kilogram,5,5.33,
30863090,2026-08-19,2026-08-19 09:02:13.647582,SABAH,KENINGAU,[PASAR AWAM] KENINGAU,Runcit,26,Sayur-Sayuran,03,007,SAWI HIJAU,F.A.Q,Kilogram,5,5.99,
30863091,2026-08-19,2026-08-19 09:02:13.647582,SABAH,KENINGAU,[PASAR AWAM] KENINGAU,Runcit,26,Sayur-Sayuran,02,010,TERUNG PANJANG / PEPARU (TANAH RENDAH),F.A.Q,Kilogram,7,6.95,
30863092,2026-08-19,2026-08-19 09:02:13.647582,SABAH,KENINGAU,[PASAR AWAM] KENINGAU,Runcit,26,Sayur-Sayuran,02,011,TIMUN HIJAU,F.A.Q,Kilogram,3,4.27,
30863093,2026-08-19,2026-08-19 09:02:13.647582,SABAH,KENINGAU,[PASAR AWAM] KENINGAU,Runcit,26,Sayur-Sayuran,02,012,TOMATO (TANAH TINGGI),F.A.Q,Kilogram,8,8.63,
30863094,2026-08-19,2026-08-19 09:02:17.162386,SELANGOR,PETALING,"KOMPLEKS PASAR BORONG SELANGOR, SERI KEMBANGAN",Borong,20,Ternakan,03,002,AYAM PROSES STANDARD,F.A.Q,Kilogram,9.1,8.42,
30863095,2026-08-19,2026-08-19 09:05:05.615114,W.P. KUALA LUMPUR,BATU,PASAR HARIAN SELAYANG,Runcit,26,Ternakan,03,002,AYAM PROSES STANDARD,F.A.Q,Kilogram,10,10.038889,
30863096,2026-08-19,2026-08-19 09:05:05.615114,W.P. KUALA LUMPUR,BATU,PASAR HARIAN SELAYANG,Runcit,26,Ternakan,03,002,AYAM PROSES STANDARD,F.A.Q,Kilogram,10,10.038889,
30863097,2026-08-19,2026-08-19 09:05:05.615114,W.P. KUALA LUMPUR,BATU,PASAR HARIAN SELAYANG,Runcit,26,Sayur-Sayuran,05,001,BAWANG BESAR MERAH (INDIA),F.A.Q,Kilogram,3.5,3.3578947,
30863098,2026-08-19,2026-08-19 09:05:05.615114,W.P. KUALA LUMPUR,BATU,PASAR HARIAN SELAYANG,Runcit,26,Sayur-Sayuran,05,001,BAWANG BESAR MERAH (INDIA),F.A.Q,Kilogram,3.2,3.3578947,
30863099,2026-08-19,2026-08-19 09:05:05.615114,W.P. KUALA LUMPUR,BATU,PASAR HARIAN SELAYANG,Runcit,26,Sayur-Sayuran,05,001,BAWANG PUTIH (CHINA),F.A.Q,Kilogram,11,11.421053,
30863100,2026-08-19,2026-08-19 09:05:05.615114,W.P. KUALA LUMPUR,BATU,PASAR HARIAN SELAYANG,Runcit,26,Sayur-Sayuran,05,001,BAWANG PUTIH (CHINA),F.A.Q,Kilogram,12,11.421053,
30863101,2026-08-19,2026-08-19 09:05:05.615114,W.P. KUALA LUMPUR,BATU,PASAR HARIAN SELAYANG,Runcit,26,Sayur-Sayuran,03,001,BAYAM,F.A.Q,Kilogram,3.5,3.6136363,
30863102,2026-08-19,2026-08-19 09:05:05.615114,W.P. KUALA LUMPUR,BATU,PASAR HARIAN SELAYANG,Runcit,26,Sayur-Sayuran,03,001,BAYAM,F.A.Q,Kilogram,4,3.6136363,
30863103,2026-08-19,2026-08-19 09:05:05.615114,W.P. KUALA LUMPUR,BATU,PASAR HARIAN SELAYANG,Runcit,26,Sayur-Sayuran,02,002,CILI MERAH KULAI / KULAI HIBRID,F.A.Q,Kilogram,18,17.444445,
30863104,2026-08-19,2026-08-19 09:05:05.615114,W.P. KUALA LUMPUR,BATU,PASAR HARIAN SELAYANG,Runcit,26,Sayur-Sayuran,02,002,CILI MERAH KULAI / KULAI HIBRID,F.A.Q,Kilogram,15,17.444445,
30863105,2026-08-19,2026-08-19 09:05:05.615114,W.P. KUALA LUMPUR,BATU,PASAR HARIAN SELAYANG,Runcit,26,Sayur-Sayuran,02,002,CILI MERAH MINYAK,F.A.Q,Kilogram,12,12,
30863106,2026-08-19,2026-08-19 09:05:05.615114,W.P. KUALA LUMPUR,BATU,PASAR HARIAN SELAYANG,Runcit,26,Sayur-Sayuran,02,002,CILI MERAH MINYAK,F.A.Q,Kilogram,10,12,
30863107,2026-08-19,2026-08-19 09:05:05.615114,W.P. KUALA LUMPUR,BATU,PASAR HARIAN SELAYANG,Runcit,26,Sayur-Sayuran,04,002,KACANG BENDI,F.A.Q,Kilogram,6.5,7.7272725,
30863108,2026-08-19,2026-08-19 09:05:05.615114,W.P. KUALA LUMPUR,BATU,PASAR HARIAN SELAYANG,Runcit,26,Sayur-Sayuran,04,002,KACANG BENDI,F.A.Q,Kilogram,7.5,7.7272725,
30863109,2026-08-19,2026-08-19 09:05:05.615114,W.P. KUALA LUMPUR,BATU,PASAR HARIAN SELAYANG,Runcit,26,Sayur-Sayuran,04,007,KACANG PANJANG HIJAU,F.A.Q,Kilogram,6.5,6.159091,
30863110,2026-08-19,2026-08-19 09:05:05.615114,W.P. KUALA LUMPUR,BATU,PASAR HARIAN SELAYANG,Runcit,26,Sayur-Sayuran,04,007,KACANG PANJANG HIJAU,F.A.Q,Kilogram,7,6.159091,
30863111,2026-08-19,2026-08-19 09:05:05.615114,W.P. KUALA LUMPUR,BATU,PASAR HARIAN SELAYANG,Runcit,26,Tanaman Kontan,05,001,KELAPA DIKUPAS,SEDANG,Biji,3.5,3.5,
30863112,2026-08-19,2026-08-19 09:05:05.615114,W.P. KUALA LUMPUR,BATU,PASAR HARIAN SELAYANG,Runcit,26,Sayur-Sayuran,03,006,KUBIS BULAT (TANAH TINGGI),F.A.Q,Kilogram,4.5,4.5833335,
30863113,2026-08-19,2026-08-19 09:05:05.615114,W.P. KUALA LUMPUR,BATU,PASAR HARIAN SELAYANG,Runcit,26,Buah-Buahan,02,023,NANAS JOSAPINE (AC5),F.A.Q,Kilogram,4,3.9375,
30863114,2026-08-19,2026-08-19 09:05:05.615114,W.P. KUALA LUMPUR,BATU,PASAR HARIAN SELAYANG,Runcit,26,Buah-Buahan,02,028,PISANG BERANGAN,F.A.Q,Kilogram,6.5,6.5,
30863115,2026-08-19,2026-08-19 09:05:05.615114,W.P. KUALA LUMPUR,BATU,PASAR HARIAN SELAYANG,Runcit,26,Lain-Lain Makanan Proses,15,001,SANTAN PEKAT,F.A.Q,Kilogram,14,14,
30863116,2026-08-19,2026-08-19 09:05:05.615114,W.P. KUALA LUMPUR,BATU,PASAR HARIAN SELAYANG,Runcit,26,Sayur-Sayuran,03,007,SAWI HIJAU,F.A.Q,Kilogram,4.5,4.8,
30863117,2026-08-19,2026-08-19 09:05:05.615114,W.P. KUALA LUMPUR,BATU,PASAR HARIAN SELAYANG,Runcit,26,Sayur-Sayuran,03,007,SAWI HIJAU,F.A.Q,Kilogram,5,4.8,
30863118,2026-08-19,2026-08-19 09:05:05.615114,W.P. KUALA LUMPUR,BATU,PASAR HARIAN SELAYANG,Runcit,26,Ternakan,11,001,TELUR AYAM,B,Biji,0.51,0.4588889,
30863119,2026-08-19,2026-08-19 09:05:05.615114,W.P. KUALA LUMPUR,BATU,PASAR HARIAN SELAYANG,Runcit,26,Buah-Buahan,02,034,TEMBIKAI MERAH TANPA BIJI,F.A.Q,Kilogram,5,4.8125,
30863120,2026-08-19,2026-08-19 09:05:05.615114,W.P. KUALA LUMPUR,BATU,PASAR HARIAN SELAYANG,Runcit,26,Sayur-Sayuran,02,010,TERUNG PANJANG / PEPARU (TANAH RENDAH),F.A.Q,Kilogram,9,8.818182,
30863121,2026-08-19,2026-08-19 09:05:05.615114,W.P. KUALA LUMPUR,BATU,PASAR HARIAN SELAYANG,Runcit,26,Sayur-Sayuran,02,010,TERUNG PANJANG / PEPARU (TANAH RENDAH),F.A.Q,Kilogram,9,8.818182,
30863122,2026-08-19,2026-08-19 09:05:05.615114,W.P. KUALA LUMPUR,BATU,PASAR HARIAN SELAYANG,Runcit,26,Sayur-Sayuran,02,011,TIMUN HIJAU,F.A.Q,Kilogram,2,2.6272728,
30863123,2026-08-19,2026-08-19 09:05:05.615114,W.P. KUALA LUMPUR,BATU,PASAR HARIAN SELAYANG,Runcit,26,Sayur-Sayuran,02,011,TIMUN HIJAU,F.A.Q,Kilogram,2,2.6272728,
30863124,2026-08-19,2026-08-19 09:05:05.615114,W.P. KUALA LUMPUR,BATU,PASAR HARIAN SELAYANG,Runcit,26,Sayur-Sayuran,02,012,TOMATO (TANAH TINGGI),F.A.Q,Kilogram,7,8.454545,
30863125,2026-08-19,2026-08-19 09:05:05.615114,W.P. KUALA LUMPUR,BATU,PASAR HARIAN SELAYANG,Runcit,26,Sayur-Sayuran,02,012,TOMATO (TANAH TINGGI),F.A.Q,Kilogram,7,8.454545,
30863126,2026-08-19,2026-08-19 09:06:14.719203,SELANGOR,PETALING,"KOMPLEKS PASAR BORONG SELANGOR, SERI KEMBANGAN",Runcit,26,Sayur-Sayuran,03,001,BAYAM,F.A.Q,Kilogram,3.6,6.02,
30863127,2026-08-19,2026-08-19 09:06:14.719203,SELANGOR,PETALING,"KOMPLEKS PASAR BORONG SELANGOR, SERI KEMBANGAN",Runcit,26,Sayur-Sayuran,02,002,CILI MERAH KULAI / KULAI HIBRID,F.A.Q,Kilogram,15,16.01,
30863128,2026-08-19,2026-08-19 09:06:14.719203,SELANGOR,PETALING,"KOMPLEKS PASAR BORONG SELANGOR, SERI KEMBANGAN",Runcit,26,Sayur-Sayuran,02,002,CILI MERAH MINYAK,F.A.Q,Kilogram,13,13.59,
30863129,2026-08-19,2026-08-19 09:06:14.719203,SELANGOR,PETALING,"KOMPLEKS PASAR BORONG SELANGOR, SERI KEMBANGAN",Runcit,26,Sayur-Sayuran,04,002,KACANG BENDI,F.A.Q,Kilogram,7.5,9.12,
30863130,2026-08-19,2026-08-19 09:06:14.719203,SELANGOR,PETALING,"KOMPLEKS PASAR BORONG SELANGOR, SERI KEMBANGAN",Runcit,26,Sayur-Sayuran,04,007,KACANG PANJANG HIJAU,F.A.Q,Kilogram,7,8.57,
30863131,2026-08-19,2026-08-19 09:06:14.719203,SELANGOR,PETALING,"KOMPLEKS PASAR BORONG SELANGOR, SERI KEMBANGAN",Runcit,26,Sayur-Sayuran,03,006,KUBIS BULAT (TANAH TINGGI),F.A.Q,Kilogram,3.5,4.94,
30863132,2026-08-19,2026-08-19 09:06:14.719203,SELANGOR,PETALING,"KOMPLEKS PASAR BORONG SELANGOR, SERI KEMBANGAN",Runcit,26,Sayur-Sayuran,03,007,SAWI HIJAU,F.A.Q,Kilogram,5,5.99,
30863133,2026-08-19,2026-08-19 09:06:14.719203,SELANGOR,PETALING,"KOMPLEKS PASAR BORONG SELANGOR, SERI KEMBANGAN",Runcit,26,Sayur-Sayuran,02,010,TERUNG PANJANG / PEPARU (TANAH RENDAH),F.A.Q,Kilogram,9,8.08,
30863134,2026-08-19,2026-08-19 09:06:14.719203,SELANGOR,PETALING,"KOMPLEKS PASAR BORONG SELANGOR, SERI KEMBANGAN",Runcit,26,Sayur-Sayuran,02,011,TIMUN HIJAU,F.A.Q,Kilogram,2.4,4.27,
30863135,2026-08-19,2026-08-19 09:06:14.719203,SELANGOR,PETALING,"KOMPLEKS PASAR BORONG SELANGOR, SERI KEMBANGAN",Runcit,26,Sayur-Sayuran,02,012,TOMATO (TANAH TINGGI),F.A.Q,Kilogram,7.4,5.71,
30863136,2026-08-19,2026-08-19 09:06:16.950703,PAHANG,ROMPIN,LADANG/KEBUN KAMPUNG JAWA,Ladang,,Tanaman Kontan,05,001,KELAPA DIKUPAS,SEDANG,Biji,1.1,1.1,
30863137,2026-08-19,2026-08-19 09:06:16.950703,PAHANG,ROMPIN,LADANG/KEBUN KAMPUNG JAWA,Ladang,,Tanaman Kontan,05,001,KELAPA DIKUPAS,SEDANG,Biji,1.1,1.1,
30863138,2026-08-19,2026-08-19 09:08:36.937286,SELANGOR,PETALING,"KOMPLEKS PASAR BORONG SELANGOR, SERI KEMBANGAN",Borong,20,Sayur-Sayuran,03,001,BAYAM,F.A.Q,Kilogram,2.6,4.11,
30863139,2026-08-19,2026-08-19 09:08:36.937286,SELANGOR,PETALING,"KOMPLEKS PASAR BORONG SELANGOR, SERI KEMBANGAN",Borong,20,Sayur-Sayuran,02,002,CILI MERAH KULAI / KULAI HIBRID,F.A.Q,Kilogram,14,13.69,
30863140,2026-08-19,2026-08-19 09:08:36.937286,SELANGOR,PETALING,"KOMPLEKS PASAR BORONG SELANGOR, SERI KEMBANGAN",Borong,20,Sayur-Sayuran,02,002,CILI MERAH MINYAK,F.A.Q,Kilogram,12,11.76,
30863141,2026-08-19,2026-08-19 09:08:36.937286,SELANGOR,PETALING,"KOMPLEKS PASAR BORONG SELANGOR, SERI KEMBANGAN",Borong,20,Sayur-Sayuran,04,002,KACANG BENDI,F.A.Q,Kilogram,6.5,8.23,
30863142,2026-08-19,2026-08-19 09:08:36.937286,SELANGOR,PETALING,"KOMPLEKS PASAR BORONG SELANGOR, SERI KEMBANGAN",Borong,20,Sayur-Sayuran,04,007,KACANG PANJANG HIJAU,F.A.Q,Kilogram,6,5.88,
30863143,2026-08-19,2026-08-19 09:08:36.937286,SELANGOR,PETALING,"KOMPLEKS PASAR BORONG SELANGOR, SERI KEMBANGAN",Borong,20,Sayur-Sayuran,03,006,KUBIS BULAT (TANAH TINGGI),F.A.Q,Kilogram,2.5,3.18,
30863144,2026-08-19,2026-08-19 09:08:36.937286,SELANGOR,PETALING,"KOMPLEKS PASAR BORONG SELANGOR, SERI KEMBANGAN",Borong,20,Sayur-Sayuran,03,007,SAWI HIJAU,F.A.Q,Kilogram,4,4.43,
30863145,2026-08-19,2026-08-19 09:08:36.937286,SELANGOR,PETALING,"KOMPLEKS PASAR BORONG SELANGOR, SERI KEMBANGAN",Borong,20,Sayur-Sayuran,02,010,TERUNG PANJANG / PEPARU (TANAH RENDAH),F.A.Q,Kilogram,8,7.33,
30863146,2026-08-19,2026-08-19 09:08:36.937286,SELANGOR,PETALING,"KOMPLEKS PASAR BORONG SELANGOR, SERI KEMBANGAN",Borong,20,Sayur-Sayuran,02,011,TIMUN HIJAU,F.A.Q,Kilogram,1.4,2.57,
30863147,2026-08-19,2026-08-19 09:08:36.937286,SELANGOR,PETALING,"KOMPLEKS PASAR BORONG SELANGOR, SERI KEMBANGAN",Borong,20,Sayur-Sayuran,02,012,TOMATO (TANAH TINGGI),F.A.Q,Kilogram,6.4,7,
30863148,2026-08-19,2026-08-19 09:10:39.895689,SELANGOR,PETALING,"KOMPLEKS PASAR BORONG SELANGOR, SERI KEMBANGAN",Runcit,26,Sayur-Sayuran,03,001,BAYAM,F.A.Q,Kilogram,3.5,6.02,
30863149,2026-08-19,2026-08-19 09:10:39.895689,SELANGOR,PETALING,"KOMPLEKS PASAR BORONG SELANGOR, SERI KEMBANGAN",Runcit,26,Sayur-Sayuran,02,002,CILI MERAH KULAI / KULAI HIBRID,F.A.Q,Kilogram,15,16.01,
30863150,2026-08-19,2026-08-19 09:10:39.895689,SELANGOR,PETALING,"KOMPLEKS PASAR BORONG SELANGOR, SERI KEMBANGAN",Runcit,26,Sayur-Sayuran,02,002,CILI MERAH MINYAK,F.A.Q,Kilogram,14,13.59,
30863151,2026-08-19,2026-08-19 09:10:39.895689,SELANGOR,PETALING,"KOMPLEKS PASAR BORONG SELANGOR, SERI KEMBANGAN",Runcit,26,Sayur-Sayuran,04,002,KACANG BENDI,F.A.Q,Kilogram,7.5,9.12,
30863152,2026-08-19,2026-08-19 09:10:39.895689,SELANGOR,PETALING,"KOMPLEKS PASAR BORONG SELANGOR, SERI KEMBANGAN",Runcit,26,Sayur-Sayuran,04,007,KACANG PANJANG HIJAU,F.A.Q,Kilogram,7,8.57,
30863153,2026-08-19,2026-08-19 09:10:39.895689,SELANGOR,PETALING,"KOMPLEKS PASAR BORONG SELANGOR, SERI KEMBANGAN",Runcit,26,Sayur-Sayuran,03,006,KUBIS BULAT (TANAH TINGGI),F.A.Q,Kilogram,3.5,4.94,
30863154,2026-08-19,2026-08-19 09:10:39.895689,SELANGOR,PETALING,"KOMPLEKS PASAR BORONG SELANGOR, SERI KEMBANGAN",Runcit,26,Sayur-Sayuran,03,007,SAWI HIJAU,F.A.Q,Kilogram,5,5.99,
30863155,2026-08-19,2026-08-19 09:10:39.895689,SELANGOR,PETALING,"KOMPLEKS PASAR BORONG SELANGOR, SERI KEMBANGAN",Runcit,26,Sayur-Sayuran,02,010,TERUNG PANJANG / PEPARU (TANAH RENDAH),F.A.Q,Kilogram,9,8.08,
30863156,2026-08-19,2026-08-19 09:10:39.895689,SELANGOR,PETALING,"KOMPLEKS PASAR BORONG SELANGOR, SERI KEMBANGAN",Runcit,26,Sayur-Sayuran,02,011,TIMUN HIJAU,F.A.Q,Kilogram,2.5,4.27,
30863157,2026-08-19,2026-08-19 09:10:39.895689,SELANGOR,PETALING,"KOMPLEKS PASAR BORONG SELANGOR, SERI KEMBANGAN",Runcit,26,Sayur-Sayuran,02,012,TOMATO (TANAH TINGGI),F.A.Q,Kilogram,7.5,5.71,
30863158,2026-08-19,2026-08-19 09:12:29.216962,SELANGOR,PETALING,"KOMPLEKS PASAR BORONG SELANGOR, SERI KEMBANGAN",Borong,20,Sayur-Sayuran,03,001,BAYAM,F.A.Q,Kilogram,2.5,4.08,
30863159,2026-08-19,2026-08-19 09:12:29.216962,SELANGOR,PETALING,"KOMPLEKS PASAR BORONG SELANGOR, SERI KEMBANGAN",Borong,20,Sayur-Sayuran,02,002,CILI MERAH KULAI / KULAI HIBRID,F.A.Q,Kilogram,14,12.47,
30863160,2026-08-19,2026-08-19 09:12:29.216962,SELANGOR,PETALING,"KOMPLEKS PASAR BORONG SELANGOR, SERI KEMBANGAN",Borong,20,Sayur-Sayuran,02,002,CILI MERAH MINYAK,F.A.Q,Kilogram,13,10.47,
30863161,2026-08-19,2026-08-19 09:12:29.216962,SELANGOR,PETALING,"KOMPLEKS PASAR BORONG SELANGOR, SERI KEMBANGAN",Borong,20,Sayur-Sayuran,04,002,KACANG BENDI,F.A.Q,Kilogram,6.5,6.56,
30863162,2026-08-19,2026-08-19 09:12:29.216962,SELANGOR,PETALING,"KOMPLEKS PASAR BORONG SELANGOR, SERI KEMBANGAN",Borong,20,Sayur-Sayuran,04,007,KACANG PANJANG HIJAU,F.A.Q,Kilogram,6,6.13,
30863163,2026-08-19,2026-08-19 09:12:29.216962,SELANGOR,PETALING,"KOMPLEKS PASAR BORONG SELANGOR, SERI KEMBANGAN",Borong,20,Sayur-Sayuran,03,006,KUBIS BULAT (TANAH TINGGI),F.A.Q,Kilogram,2.5,3.08,
30863164,2026-08-19,2026-08-19 09:12:29.216962,SELANGOR,PETALING,"KOMPLEKS PASAR BORONG SELANGOR, SERI KEMBANGAN",Borong,20,Sayur-Sayuran,03,007,SAWI HIJAU,F.A.Q,Kilogram,4,4.21,
30863165,2026-08-19,2026-08-19 09:12:29.216962,SELANGOR,PETALING,"KOMPLEKS PASAR BORONG SELANGOR, SERI KEMBANGAN",Borong,20,Sayur-Sayuran,02,010,TERUNG PANJANG / PEPARU (TANAH RENDAH),F.A.Q,Kilogram,8,7.33,
30863166,2026-08-19,2026-08-19 09:12:29.216962,SELANGOR,PETALING,"KOMPLEKS PASAR BORONG SELANGOR, SERI KEMBANGAN",Borong,20,Sayur-Sayuran,02,011,TIMUN HIJAU,F.A.Q,Kilogram,1.5,2.74,
30863167,2026-08-19,2026-08-19 09:12:29.216962,SELANGOR,PETALING,"KOMPLEKS PASAR BORONG SELANGOR, SERI KEMBANGAN",Borong,20,Sayur-Sayuran,02,012,TOMATO (TANAH TINGGI),F.A.Q,Kilogram,6.5,3.76,
30863168,2026-08-19,2026-08-19 09:12:57.608897,SELANGOR,PETALING,"KOMPLEKS PASAR BORONG SELANGOR, SERI KEMBANGAN",Runcit,26,Sayur-Sayuran,05,001,BAWANG BESAR MERAH (INDIA),F.A.Q,Kilogram,4,4.23,
30863169,2026-08-19,2026-08-19 09:12:57.608897,SELANGOR,PETALING,"KOMPLEKS PASAR BORONG SELANGOR, SERI KEMBANGAN",Runcit,26,Sayur-Sayuran,05,001,BAWANG PUTIH (CHINA),F.A.Q,Kilogram,8,8.52,
30863170,2026-08-19,2026-08-19 09:13:30.867587,SELANGOR,PETALING,"KOMPLEKS PASAR BORONG SELANGOR, SERI KEMBANGAN",Borong,20,Sayur-Sayuran,05,001,BAWANG BESAR MERAH (INDIA),F.A.Q,Kilogram,1.9,2.37,
30863171,2026-08-19,2026-08-19 09:13:30.867587,SELANGOR,PETALING,"KOMPLEKS PASAR BORONG SELANGOR, SERI KEMBANGAN",Borong,20,Sayur-Sayuran,05,001,BAWANG PUTIH (CHINA),F.A.Q,Kilogram,6.9,7.62,
30863172,2026-08-19,2026-08-19 09:14:02.933612,PULAU PINANG,SEBERANG PERAI TENGAH,PASAR BORONG BUKIT MERTAJAM,Borong,20,Sayur-Sayuran,02,012,TOMATO (TANAH TINGGI),F.A.Q,Kilogram,6,7.247619,
30863173,2026-08-19,2026-08-19 09:14:02.933612,PULAU PINANG,SEBERANG PERAI TENGAH,PASAR BORONG BUKIT MERTAJAM,Borong,20,Sayur-Sayuran,02,012,TOMATO (TANAH TINGGI),F.A.Q,Kilogram,4.5,7.247619,
30863174,2026-08-19,2026-08-19 09:14:39.545201,PULAU PINANG,SEBERANG PERAI TENGAH,PASAR BORONG BUKIT MERTAJAM,Borong,20,Sayur-Sayuran,02,012,TOMATO (TANAH TINGGI),F.A.Q,Kilogram,6.5,7.247619,
30863175,2026-08-19,2026-08-19 09:14:39.545201,PULAU PINANG,SEBERANG PERAI TENGAH,PASAR BORONG BUKIT MERTAJAM,Borong,20,Sayur-Sayuran,02,012,TOMATO (TANAH TINGGI),F.A.Q,Kilogram,4.5,7.247619,
30863176,2026-08-19,2026-08-19 09:15:57.655878,PULAU PINANG,SEBERANG PERAI TENGAH,PASAR AWAM SEBERANG JAYA,Runcit,26,Buah-Buahan,02,023,NANAS JOSAPINE (AC5),F.A.Q,Kilogram,6,5,
30863177,2026-08-19,2026-08-19 09:15:57.655878,PULAU PINANG,SEBERANG PERAI TENGAH,PASAR AWAM SEBERANG JAYA,Runcit,26,Buah-Buahan,02,023,NANAS JOSAPINE (AC5),F.A.Q,Kilogram,5,5,
30863178,2026-08-19,2026-08-19 09:15:57.655878,PULAU PINANG,SEBERANG PERAI TENGAH,PASAR AWAM SEBERANG JAYA,Runcit,26,Buah-Buahan,02,028,PISANG BERANGAN,F.A.Q,Kilogram,7.5,7.2619047,
30863179,2026-08-19,2026-08-19 09:15:57.655878,PULAU PINANG,SEBERANG PERAI TENGAH,PASAR AWAM SEBERANG JAYA,Runcit,26,Buah-Buahan,02,034,TEMBIKAI MERAH TANPA BIJI,F.A.Q,Kilogram,5,4.1477275,
30863180,2026-08-19,2026-08-19 09:15:57.655878,PULAU PINANG,SEBERANG PERAI TENGAH,PASAR AWAM SEBERANG JAYA,Runcit,26,Buah-Buahan,02,034,TEMBIKAI MERAH TANPA BIJI,F.A.Q,Kilogram,4,4.1477275,
30863181,2026-08-19,2026-08-19 09:16:18.737171,W.P. KUALA LUMPUR,KUALA LUMPUR,PASAR AWAM CHOW KIT,Runcit,26,Ternakan,03,002,AYAM PROSES STANDARD,F.A.Q,Kilogram,10,10.138889,
30863182,2026-08-19,2026-08-19 09:16:18.737171,W.P. KUALA LUMPUR,KUALA LUMPUR,PASAR AWAM CHOW KIT,Runcit,26,Ternakan,03,002,AYAM PROSES STANDARD,F.A.Q,Kilogram,10,10.138889,
30863183,2026-08-19,2026-08-19 09:16:18.737171,W.P. KUALA LUMPUR,KUALA LUMPUR,PASAR AWAM CHOW KIT,Runcit,26,Ternakan,03,002,AYAM PROSES STANDARD,F.A.Q,Kilogram,10.5,10.138889,
30863184,2026-08-19,2026-08-19 09:16:18.737171,W.P. KUALA LUMPUR,KUALA LUMPUR,PASAR AWAM CHOW KIT,Runcit,26,Ternakan,02,003,DAGING LEMBU PEJAL,F.A.Q,Kilogram,40,41.153847,
30863185,2026-08-19,2026-08-19 09:16:18.737171,W.P. KUALA LUMPUR,KUALA LUMPUR,PASAR AWAM CHOW KIT,Runcit,26,Tanaman Kontan,05,001,KELAPA DIKUPAS,SEDANG,Biji,3.5,3.5,
30863186,2026-08-19,2026-08-19 09:16:18.737171,W.P. KUALA LUMPUR,KUALA LUMPUR,PASAR AWAM CHOW KIT,Runcit,26,Lain-Lain Makanan Proses,15,001,SANTAN PEKAT,F.A.Q,Kilogram,18,18,
30863187,2026-08-19,2026-08-19 09:16:18.737171,W.P. KUALA LUMPUR,KUALA LUMPUR,PASAR AWAM CHOW KIT,Runcit,26,Ternakan,11,001,TELUR AYAM,B,Biji,0.49,0.453,
30863188,2026-08-19,2026-08-19 09:19:20.405624,PAHANG,JERANTUT,TKPM ULU CHEKA,Ladang,,Buah-Buahan,02,023,NANAS JOSAPINE (AC5),F.A.Q,Kilogram,3,3,
30863189,2026-08-19,2026-08-19 09:19:20.405624,PAHANG,JERANTUT,TKPM ULU CHEKA,Ladang,,Buah-Buahan,02,023,NANAS JOSAPINE (AC5),F.A.Q,Kilogram,3,3,
30863190,2026-08-19,2026-08-19 09:19:20.405624,PAHANG,JERANTUT,TKPM ULU CHEKA,Ladang,,Buah-Buahan,02,028,PISANG BERANGAN,F.A.Q,Kilogram,2.5,2.5666666,
30863191,2026-08-19,2026-08-19 09:19:20.405624,PAHANG,JERANTUT,TKPM ULU CHEKA,Ladang,,Buah-Buahan,02,028,PISANG BERANGAN,F.A.Q,Kilogram,2.5,2.5666666,
30863192,2026-08-19,2026-08-19 09:19:26.535121,TERENGGANU,KUALA TERENGGANU,KELOMPOK PERTANIAN KAMPUNG CHE LONG,Ladang,,Sayur-Sayuran,02,002,CILI MERAH KULAI / KULAI HIBRID,F.A.Q,Kilogram,6.2,10.44,
30863193,2026-08-19,2026-08-19 09:19:26.58115,TERENGGANU,KUALA TERENGGANU,KELOMPOK PERTANIAN KAMPUNG CHE LONG,Ladang,,Sayur-Sayuran,04,002,KACANG BENDI,F.A.Q,Kilogram,3,5.34,
30863194,2026-08-19,2026-08-19 09:19:26.633429,TERENGGANU,KUALA TERENGGANU,KELOMPOK PERTANIAN KAMPUNG CHE LONG,Ladang,,Sayur-Sayuran,04,007,KACANG PANJANG HIJAU,F.A.Q,Kilogram,3,4.02,
30863195,2026-08-19,2026-08-19 09:19:26.694779,TERENGGANU,KUALA TERENGGANU,KELOMPOK PERTANIAN KAMPUNG CHE LONG,Ladang,,Sayur-Sayuran,03,019,KANGKUNG,F.A.Q,Kilogram,2,2.32,
30863196,2026-08-19,2026-08-19 09:19:26.754047,TERENGGANU,KUALA TERENGGANU,KELOMPOK PERTANIAN KAMPUNG CHE LONG,Ladang,,Sayur-Sayuran,02,010,TERUNG PANJANG / PEPARU (TANAH RENDAH),F.A.Q,Kilogram,3,5.38,
30863197,2026-08-19,2026-08-19 09:19:26.817355,TERENGGANU,KUALA TERENGGANU,KELOMPOK PERTANIAN KAMPUNG CHE LONG,Ladang,,Sayur-Sayuran,02,011,TIMUN HIJAU,F.A.Q,Kilogram,1,1.67,
30863198,2026-08-19,2026-08-19 09:19:57.975453,PAHANG,KUANTAN,LADANG/KEBUN GAMBANG,Ladang,,Buah-Buahan,02,034,TEMBIKAI MERAH TANPA BIJI,F.A.Q,Kilogram,1.8,1.6333333,
30863199,2026-08-19,2026-08-19 09:19:57.975453,PAHANG,KUANTAN,LADANG/KEBUN GAMBANG,Ladang,,Buah-Buahan,02,034,TEMBIKAI MERAH TANPA BIJI,F.A.Q,Kilogram,1.8,1.6333333,
30863200,2026-08-19,2026-08-19 09:20:02.940048,SARAWAK,KUCHING,MEDAN NIAGA SATOK,Runcit,26,Sayur-Sayuran,02,014,BELIMBING BULUH,F.A.Q,Kilogram,8,8,
30863201,2026-08-19,2026-08-19 09:20:02.940048,SARAWAK,KUCHING,MEDAN NIAGA SATOK,Runcit,26,Sayur-Sayuran,03,003,BROKOLI (IMPORT),F.A.Q,Kilogram,13,13,
30863202,2026-08-19,2026-08-19 09:20:02.940048,SARAWAK,KUCHING,MEDAN NIAGA SATOK,Runcit,26,Sayur-Sayuran,03,035,BUNGA KANTAN,F.A.Q,Tangkai,2,2,
30863203,2026-08-19,2026-08-19 09:20:02.940048,SARAWAK,KUCHING,MEDAN NIAGA SATOK,Runcit,26,Sayur-Sayuran,06,001,CENDAWAN TIRAM KELABU,F.A.Q,Kilogram,27,27,
30863204,2026-08-19,2026-08-19 09:20:02.940048,SARAWAK,KUCHING,MEDAN NIAGA SATOK,Runcit,26,Sayur-Sayuran,02,002,CILI PADI,F.A.Q,Kilogram,32,31,
30863205,2026-08-19,2026-08-19 09:20:02.940048,SARAWAK,KUCHING,MEDAN NIAGA SATOK,Runcit,26,Sayur-Sayuran,03,011,DAUN KESUM,F.A.Q,Kilogram,10,10,
30863206,2026-08-19,2026-08-19 09:20:02.940048,SARAWAK,KUCHING,MEDAN NIAGA SATOK,Runcit,26,Sayur-Sayuran,03,021,DAUN KETUMBAR (IMPORT),F.A.Q,Kilogram,45,50,
30863207,2026-08-19,2026-08-19 09:20:02.940048,SARAWAK,KUCHING,MEDAN NIAGA SATOK,Runcit,26,Sayur-Sayuran,07,002,DAUN SELOM,F.A.Q,Kilogram,8,8,
30863208,2026-08-19,2026-08-19 09:20:02.940048,SARAWAK,KUCHING,MEDAN NIAGA SATOK,Runcit,26,Sayur-Sayuran,05,002,HALIA MUDA,F.A.Q,Kilogram,18,18,
30863209,2026-08-19,2026-08-19 09:20:02.940048,SARAWAK,KUCHING,MEDAN NIAGA SATOK,Runcit,26,Sayur-Sayuran,05,002,HALIA TUA,F.A.Q,Kilogram,15,15,
30863210,2026-08-19,2026-08-19 09:20:02.940048,SARAWAK,KUCHING,MEDAN NIAGA SATOK,Runcit,26,Sayur-Sayuran,05,002,HALIA TUA (IMPORT),F.A.Q,Kilogram,10,10,
30863211,2026-08-19,2026-08-19 09:20:02.940048,SARAWAK,KUCHING,MEDAN NIAGA SATOK,Runcit,26,Sayur-Sayuran,02,001,JAGUNG SAYUR / BABY CORN,F.A.Q,Kilogram,15,15,
30863212,2026-08-19,2026-08-19 09:20:02.940048,SARAWAK,KUCHING,MEDAN NIAGA SATOK,Runcit,26,Sayur-Sayuran,07,003,JERING,F.A.Q,Kilogram,13,13,
30863213,2026-08-19,2026-08-19 09:20:02.940048,SARAWAK,KUCHING,MEDAN NIAGA SATOK,Runcit,26,Sayur-Sayuran,04,005,KACANG BOTOR,F.A.Q,Kilogram,18,18,
30863214,2026-08-19,2026-08-19 09:20:02.940048,SARAWAK,KUCHING,MEDAN NIAGA SATOK,Runcit,26,Sayur-Sayuran,03,018,KAILAN,F.A.Q,Kilogram,15,15,
30863215,2026-08-19,2026-08-19 09:20:02.940048,SARAWAK,KUCHING,MEDAN NIAGA SATOK,Runcit,26,Sayur-Sayuran,05,003,KELADI,F.A.Q,Kilogram,7,7,
30863216,2026-08-19,2026-08-19 09:20:02.940048,SARAWAK,KUCHING,MEDAN NIAGA SATOK,Runcit,26,Sayur-Sayuran,02,004,KETOLA / PETOLA SEGI,F.A.Q,Kilogram,10,9,
30863217,2026-08-19,2026-08-19 09:20:02.940048,SARAWAK,KUCHING,MEDAN NIAGA SATOK,Runcit,26,Sayur-Sayuran,03,006,KUBIS BULAT BEIJING (IMPORT),F.A.Q,Kilogram,5.5,5.5,
30863218,2026-08-19,2026-08-19 09:20:02.940048,SARAWAK,KUCHING,MEDAN NIAGA SATOK,Runcit,26,Sayur-Sayuran,03,004,KUBIS BUNGA (IMPORT),F.A.Q,Kilogram,11,11,
30863219,2026-08-19,2026-08-19 09:20:02.940048,SARAWAK,KUCHING,MEDAN NIAGA SATOK,Runcit,26,Sayur-Sayuran,03,005,KUBIS PANJANG / CINA (IMPORT),F.A.Q,Kilogram,6,5,
30863220,2026-08-19,2026-08-19 09:20:02.940048,SARAWAK,KUCHING,MEDAN NIAGA SATOK,Runcit,26,Sayur-Sayuran,02,005,KUNDUR BULAT,F.A.Q,Kilogram,5,5,
30863221,2026-08-19,2026-08-19 09:20:02.940048,SARAWAK,KUCHING,MEDAN NIAGA SATOK,Runcit,26,Sayur-Sayuran,05,004,KUNYIT,F.A.Q,Kilogram,12,12,
30863222,2026-08-19,2026-08-19 09:27:04.532008,TERENGGANU,KUALA TERENGGANU,PASAR BORONG GONG PAUH,Borong,,Ternakan,03,002,AYAM PROSES STANDARD,F.A.Q,Kilogram,9.3,8.75,
30863223,2026-08-19,2026-08-19 09:28:46.742715,TERENGGANU,KEMAMAN,LADANG/KEBUN KEMASIK,Ladang,,Ternakan,01,003,AYAM HIDUP,F.A.Q,Kilogram,6.5,6.51,
30863224,2026-08-19,2026-08-19 09:28:55.412419,TERENGGANU,MARANG,[LOKASI KUTIPAN HARGA LADANG] PULAU KERENGGA,Ladang,,Buah-Buahan,02,034,TEMBIKAI MERAH TANPA BIJI,F.A.Q,Kilogram,2,2.46,
30863225,2026-08-19,2026-08-19 09:30:58.667707,TERENGGANU,KUALA TERENGGANU,PASAR BORONG GONG PAUH,Borong,,Ternakan,03,002,AYAM PROSES STANDARD,F.A.Q,Kilogram,10,8.75,
30863226,2026-08-19,2026-08-19 09:31:14.814609,TERENGGANU,KUALA TERENGGANU,PASAR BORONG GONG PAUH,Borong,,Tanaman Kontan,05,001,KELAPA DIKUPAS,SEDANG,Biji,2.8,1.79,
30863227,2026-08-19,2026-08-19 09:32:16.42935,TERENGGANU,KUALA TERENGGANU,PASAR BORONG GONG PAUH,Borong,,Buah-Buahan,02,023,NANAS JOSAPINE (AC5),F.A.Q,Kilogram,3.5,3.5,
30863228,2026-08-19,2026-08-19 09:32:16.491164,TERENGGANU,KUALA TERENGGANU,PASAR BORONG GONG PAUH,Borong,,Buah-Buahan,02,028,PISANG BERANGAN,F.A.Q,Kilogram,6,3.93,
30863229,2026-08-19,2026-08-19 09:32:16.544023,TERENGGANU,KUALA TERENGGANU,PASAR BORONG GONG PAUH,Borong,,Buah-Buahan,02,034,TEMBIKAI MERAH TANPA BIJI,F.A.Q,Kilogram,2.8,3.55,
30863230,2026-08-19,2026-08-19 09:32:16.603366,TERENGGANU,KUALA TERENGGANU,PASAR BORONG GONG PAUH,Borong,,Sayur-Sayuran,05,001,BAWANG BESAR MERAH (INDIA),F.A.Q,Kilogram,2.2,2.73,
30863231,2026-08-19,2026-08-19 09:32:16.663126,TERENGGANU,KUALA TERENGGANU,PASAR BORONG GONG PAUH,Borong,,Sayur-Sayuran,05,001,BAWANG MERAH / KECIL (INDIA),F.A.Q,Kilogram,2.5,4.61,
30863232,2026-08-19,2026-08-19 09:32:16.723982,TERENGGANU,KUALA TERENGGANU,PASAR BORONG GONG PAUH,Borong,,Sayur-Sayuran,05,001,BAWANG PUTIH (CHINA),F.A.Q,Kilogram,6,5.98,
30863233,2026-08-19,2026-08-19 09:32:16.783202,TERENGGANU,KUALA TERENGGANU,PASAR BORONG GONG PAUH,Borong,,Ternakan,11,001,TELUR AYAM,B,Biji,0.36,0.43,
30863234,2026-08-19,2026-08-19 09:32:54.760834,MELAKA,MELAKA TENGAH,PASAR BESAR MBMB,Runcit,26,Ternakan,03,002,AYAM PROSES STANDARD,F.A.Q,Kilogram,10,10,
30863235,2026-08-19,2026-08-19 09:32:54.760834,MELAKA,MELAKA TENGAH,PASAR BESAR MBMB,Runcit,26,Ternakan,03,002,AYAM PROSES STANDARD,F.A.Q,Kilogram,10,10,
30863236,2026-08-19,2026-08-19 09:32:54.760834,MELAKA,MELAKA TENGAH,PASAR BESAR MBMB,Runcit,26,Ternakan,03,002,AYAM PROSES STANDARD,F.A.Q,Kilogram,10,10,
30863237,2026-08-19,2026-08-19 09:32:54.760834,MELAKA,MELAKA TENGAH,PASAR BESAR MBMB,Runcit,26,Ternakan,03,002,AYAM PROSES STANDARD,F.A.Q,Kilogram,10,10,
30863238,2026-08-19,2026-08-19 09:32:54.760834,MELAKA,MELAKA TENGAH,PASAR BESAR MBMB,Runcit,26,Ternakan,02,003,DAGING LEMBU PEJAL,F.A.Q,Kilogram,40,39.347828,
30863239,2026-08-19,2026-08-19 09:32:54.760834,MELAKA,MELAKA TENGAH,PASAR BESAR MBMB,Runcit,26,Ternakan,02,003,DAGING LEMBU PEJAL,F.A.Q,Kilogram,40,39.347828,
30863240,2026-08-19,2026-08-19 09:32:54.760834,MELAKA,MELAKA TENGAH,PASAR BESAR MBMB,Runcit,26,Ternakan,11,001,TELUR AYAM,B,Biji,0.51,0.47227272,
30863241,2026-08-19,2026-08-19 09:32:54.760834,MELAKA,MELAKA TENGAH,PASAR BESAR MBMB,Runcit,26,Ternakan,11,001,TELUR AYAM,B,Biji,0.51,0.47227272,
30863242,2026-08-19,2026-08-19 09:33:40.535241,PULAU PINANG,SEBERANG PERAI TENGAH,PASAR AWAM SEBERANG JAYA,Runcit,26,Sayur-Sayuran,05,001,BAWANG BESAR MERAH (INDIA),F.A.Q,Kilogram,3,4,
30863243,2026-08-19,2026-08-19 09:33:40.535241,PULAU PINANG,SEBERANG PERAI TENGAH,PASAR AWAM SEBERANG JAYA,Runcit,26,Sayur-Sayuran,05,001,BAWANG PUTIH (CHINA),F.A.Q,Kilogram,10,9,
30863244,2026-08-19,2026-08-19 09:33:40.535241,PULAU PINANG,SEBERANG PERAI TENGAH,PASAR AWAM SEBERANG JAYA,Runcit,26,Sayur-Sayuran,05,001,BAWANG PUTIH (CHINA),F.A.Q,Kilogram,8,9,
30863245,2026-08-19,2026-08-19 09:33:50.163964,TERENGGANU,KUALA TERENGGANU,PASAR BORONG GONG PAUH,Borong,,Sayur-Sayuran,03,001,BAYAM,F.A.Q,Kilogram,4.5,4.11,
30863246,2026-08-19,2026-08-19 09:33:50.234896,TERENGGANU,KUALA TERENGGANU,PASAR BORONG GONG PAUH,Borong,,Sayur-Sayuran,02,002,CILI MERAH KULAI / KULAI HIBRID,F.A.Q,Kilogram,12,13.69,
30863247,2026-08-19,2026-08-19 09:33:50.283144,TERENGGANU,KUALA TERENGGANU,PASAR BORONG GONG PAUH,Borong,,Sayur-Sayuran,02,002,CILI MERAH MINYAK,F.A.Q,Kilogram,9,11.76,
30863248,2026-08-19,2026-08-19 09:33:50.338008,TERENGGANU,KUALA TERENGGANU,PASAR BORONG GONG PAUH,Borong,,Sayur-Sayuran,04,002,KACANG BENDI,F.A.Q,Kilogram,6,8.23,
30863249,2026-08-19,2026-08-19 09:33:50.389508,TERENGGANU,KUALA TERENGGANU,PASAR BORONG GONG PAUH,Borong,,Sayur-Sayuran,04,007,KACANG PANJANG HIJAU,F.A.Q,Kilogram,7,5.88,
30863250,2026-08-19,2026-08-19 09:33:50.429691,TERENGGANU,KUALA TERENGGANU,PASAR BORONG GONG PAUH,Borong,,Sayur-Sayuran,03,006,KUBIS BULAT (TANAH TINGGI),F.A.Q,Kilogram,3.5,3.18,
30863251,2026-08-19,2026-08-19 09:33:50.469758,TERENGGANU,KUALA TERENGGANU,PASAR BORONG GONG PAUH,Borong,,Sayur-Sayuran,03,007,SAWI HIJAU,F.A.Q,Kilogram,5,4.43,
30863252,2026-08-19,2026-08-19 09:33:50.509764,TERENGGANU,KUALA TERENGGANU,PASAR BORONG GONG PAUH,Borong,,Sayur-Sayuran,02,010,TERUNG PANJANG / PEPARU (TANAH RENDAH),F.A.Q,Kilogram,5,7.33,
30863253,2026-08-19,2026-08-19 09:33:50.569774,TERENGGANU,KUALA TERENGGANU,PASAR BORONG GONG PAUH,Borong,,Sayur-Sayuran,02,011,TIMUN HIJAU,F.A.Q,Kilogram,2,2.57,
30863254,2026-08-19,2026-08-19 09:33:50.611253,TERENGGANU,KUALA TERENGGANU,PASAR BORONG GONG PAUH,Borong,,Sayur-Sayuran,02,012,TOMATO (TANAH TINGGI),F.A.Q,Kilogram,8,7,
30863255,2026-08-19,2026-08-19 09:34:04.719578,TERENGGANU,KUALA TERENGGANU,PASAR BORONG GONG PAUH,Borong,,Ternakan,02,003,DAGING LEMBU PEJAL,F.A.Q,Kilogram,26,40,
30863256,2026-08-19,2026-08-19 09:34:17.670956,TERENGGANU,KUALA TERENGGANU,PASAR BORONG GONG PAUH,Borong,,Ternakan,02,003,DAGING LEMBU PEJAL,F.A.Q,Kilogram,26,40,
30863257,2026-08-19,2026-08-19 09:34:56.994924,TERENGGANU,KUALA TERENGGANU,PASAR BORONG GONG PAUH,Borong,,Buah-Buahan,02,023,NANAS JOSAPINE (AC5),F.A.Q,Kilogram,3.5,3.5,
30863258,2026-08-19,2026-08-19 09:34:57.049902,TERENGGANU,KUALA TERENGGANU,PASAR BORONG GONG PAUH,Borong,,Buah-Buahan,02,028,PISANG BERANGAN,F.A.Q,Kilogram,5,3.93,
30863259,2026-08-19,2026-08-19 09:34:57.102713,TERENGGANU,KUALA TERENGGANU,PASAR BORONG GONG PAUH,Borong,,Buah-Buahan,02,034,TEMBIKAI MERAH TANPA BIJI,F.A.Q,Kilogram,2.5,3.55,
30863260,2026-08-19,2026-08-19 09:39:01.474694,TERENGGANU,KUALA TERENGGANU,PASAR BORONG GONG PAUH,Borong,,Sayur-Sayuran,03,003,BROKOLI (IMPORT),F.A.Q,Kilogram,9,9.9,
30863261,2026-08-19,2026-08-19 09:39:01.536303,TERENGGANU,KUALA TERENGGANU,PASAR BORONG GONG PAUH,Borong,,Sayur-Sayuran,03,035,BUNGA KANTAN,F.A.Q,Tangkai,2.5,1,
30863262,2026-08-19,2026-08-19 09:39:01.592359,TERENGGANU,KUALA TERENGGANU,PASAR BORONG GONG PAUH,Borong,,Sayur-Sayuran,06,001,CENDAWAN TIRAM KELABU,F.A.Q,Kilogram,12,11.36,
30863263,2026-08-19,2026-08-19 09:39:01.641733,TERENGGANU,KUALA TERENGGANU,PASAR BORONG GONG PAUH,Borong,,Sayur-Sayuran,02,002,CILI PADI,F.A.Q,Kilogram,14,21.97,
30863264,2026-08-19,2026-08-19 09:39:01.691852,TERENGGANU,KUALA TERENGGANU,PASAR BORONG GONG PAUH,Borong,,Sayur-Sayuran,02,002,CILI PADI AKAR (THAILAND),F.A.Q,Kilogram,12,10.96,
30863265,2026-08-19,2026-08-19 09:39:01.742087,TERENGGANU,KUALA TERENGGANU,PASAR BORONG GONG PAUH,Borong,,Sayur-Sayuran,02,002,CILI PADI KAMPUNG (THAILAND),F.A.Q,Kilogram,12,15.62,
30863266,2026-08-19,2026-08-19 09:39:01.792077,TERENGGANU,KUALA TERENGGANU,PASAR BORONG GONG PAUH,Borong,,Sayur-Sayuran,02,002,CILI PADI MERAH (IMPORT),F.A.Q,Kilogram,11,20,
30863267,2026-08-19,2026-08-19 09:39:01.845872,TERENGGANU,KUALA TERENGGANU,PASAR BORONG GONG PAUH,Borong,,Sayur-Sayuran,03,011,DAUN KESUM,F.A.Q,Kilogram,7,5.98,
30863268,2026-08-19,2026-08-19 09:39:01.895914,TERENGGANU,KUALA TERENGGANU,PASAR BORONG GONG PAUH,Borong,,Sayur-Sayuran,03,021,DAUN KETUMBAR (IMPORT),F.A.Q,Kilogram,18,14.55,
30863269,2026-08-19,2026-08-19 09:39:01.945446,TERENGGANU,KUALA TERENGGANU,PASAR BORONG GONG PAUH,Borong,,Sayur-Sayuran,07,002,DAUN SELOM,F.A.Q,Kilogram,12,6.99,
30863270,2026-08-19,2026-08-19 09:39:02.001382,TERENGGANU,KUALA TERENGGANU,PASAR BORONG GONG PAUH,Borong,,Sayur-Sayuran,05,002,HALIA MUDA,F.A.Q,Kilogram,7,8.69,
30863271,2026-08-19,2026-08-19 09:39:02.051667,TERENGGANU,KUALA TERENGGANU,PASAR BORONG GONG PAUH,Borong,,Sayur-Sayuran,05,002,HALIA TUA,F.A.Q,Kilogram,7,6.41,
30863272,2026-08-19,2026-08-19 09:39:02.101759,TERENGGANU,KUALA TERENGGANU,PASAR BORONG GONG PAUH,Borong,,Sayur-Sayuran,05,002,HALIA TUA (IMPORT),F.A.Q,Kilogram,7,6.09,
30863273,2026-08-19,2026-08-19 09:39:02.15207,TERENGGANU,KUALA TERENGGANU,PASAR BORONG GONG PAUH,Borong,,Sayur-Sayuran,02,001,JAGUNG SAYUR / BABY CORN,F.A.Q,Kilogram,6,6.94,
30863274,2026-08-19,2026-08-19 09:39:02.202624,TERENGGANU,KUALA TERENGGANU,PASAR BORONG GONG PAUH,Borong,,Sayur-Sayuran,07,003,JERING,F.A.Q,Kilogram,6,6.74,
30863275,2026-08-19,2026-08-19 09:39:02.249979,TERENGGANU,KUALA TERENGGANU,PASAR BORONG GONG PAUH,Borong,,Sayur-Sayuran,04,005,KACANG BOTOR,F.A.Q,Kilogram,12,11.39,
30863276,2026-08-19,2026-08-19 09:39:02.297505,TERENGGANU,KUALA TERENGGANU,PASAR BORONG GONG PAUH,Borong,,Sayur-Sayuran,03,018,KAILAN,F.A.Q,Kilogram,8,6.82,
30863277,2026-08-19,2026-08-19 09:39:02.356153,TERENGGANU,KUALA TERENGGANU,PASAR BORONG GONG PAUH,Borong,,Sayur-Sayuran,05,003,KELADI,F.A.Q,Kilogram,10,8.4,
30863278,2026-08-19,2026-08-19 09:39:02.399615,TERENGGANU,KUALA TERENGGANU,PASAR BORONG GONG PAUH,Borong,,Sayur-Sayuran,02,004,KETOLA / PETOLA SEGI,F.A.Q,Kilogram,5,3,
30863279,2026-08-19,2026-08-19 09:39:02.439678,TERENGGANU,KUALA TERENGGANU,PASAR BORONG GONG PAUH,Borong,,Sayur-Sayuran,03,006,KUBIS BULAT BEIJING (IMPORT),F.A.Q,Kilogram,4,3.21,
30863280,2026-08-19,2026-08-19 09:39:02.489981,TERENGGANU,KUALA TERENGGANU,PASAR BORONG GONG PAUH,Borong,,Sayur-Sayuran,03,004,KUBIS BUNGA (IMPORT),F.A.Q,Kilogram,5,6.69,
30863281,2026-08-19,2026-08-19 09:39:02.542927,TERENGGANU,KUALA TERENGGANU,PASAR BORONG GONG PAUH,Borong,,Sayur-Sayuran,03,005,KUBIS PANJANG / CINA,F.A.Q,Kilogram,4.5,4.03,
30863282,2026-08-19,2026-08-19 09:39:02.5908,TERENGGANU,KUALA TERENGGANU,PASAR BORONG GONG PAUH,Borong,,Sayur-Sayuran,03,005,KUBIS PANJANG / CINA (IMPORT),F.A.Q,Kilogram,4.5,4,
30863283,2026-08-19,2026-08-19 09:39:02.642435,TERENGGANU,KUALA TERENGGANU,PASAR BORONG GONG PAUH,Borong,,Sayur-Sayuran,02,005,KUNDUR BULAT,F.A.Q,Kilogram,4,2.87,
30863284,2026-08-19,2026-08-19 09:39:02.695139,TERENGGANU,KUALA TERENGGANU,PASAR BORONG GONG PAUH,Borong,,Sayur-Sayuran,05,004,KUNYIT,F.A.Q,Kilogram,10,6.87,
30863285,2026-08-19,2026-08-19 09:39:02.750031,TERENGGANU,KUALA TERENGGANU,PASAR BORONG GONG PAUH,Borong,,Sayur-Sayuran,02,006,LABU AIR,F.A.Q,Kilogram,3.5,2.72,
30863286,2026-08-19,2026-08-19 09:39:02.802135,TERENGGANU,KUALA TERENGGANU,PASAR BORONG GONG PAUH,Borong,,Sayur-Sayuran,02,006,LABU MANIS,F.A.Q,Kilogram,3,3.32,
30863287,2026-08-19,2026-08-19 09:39:02.849547,TERENGGANU,KUALA TERENGGANU,PASAR BORONG GONG PAUH,Borong,,Sayur-Sayuran,02,003,LADA BENGGALA / CAPSICUM HIJAU,F.A.Q,Kilogram,9.5,9.67,
30863288,2026-08-19,2026-08-19 09:39:02.901946,TERENGGANU,KUALA TERENGGANU,PASAR BORONG GONG PAUH,Borong,,Sayur-Sayuran,02,003,LADA BENGGALA / CAPSICUM KUNING,F.A.Q,Kilogram,10,11.24,
30863289,2026-08-19,2026-08-19 09:39:02.955646,TERENGGANU,KUALA TERENGGANU,PASAR BORONG GONG PAUH,Borong,,Sayur-Sayuran,02,003,LADA BENGGALA / CAPSICUM MERAH,F.A.Q,Kilogram,10,11.4,
30863290,2026-08-19,2026-08-19 09:39:03.010382,TERENGGANU,KUALA TERENGGANU,PASAR BORONG GONG PAUH,Borong,,Sayur-Sayuran,05,005,LENGKUAS,F.A.Q,Kilogram,10,5.41,
30863291,2026-08-19,2026-08-19 09:39:03.060187,TERENGGANU,KUALA TERENGGANU,PASAR BORONG GONG PAUH,Borong,,Sayur-Sayuran,02,007,LIMAU KASTURI,F.A.Q,Kilogram,6,8.43,
30863292,2026-08-19,2026-08-19 09:39:03.111834,TERENGGANU,KUALA TERENGGANU,PASAR BORONG GONG PAUH,Borong,,Sayur-Sayuran,02,007,LIMAU NIPIS,F.A.Q,Kilogram,7,7.71,
30863293,2026-08-19,2026-08-19 09:39:03.159124,TERENGGANU,KUALA TERENGGANU,PASAR BORONG GONG PAUH,Borong,,Sayur-Sayuran,05,006,LOBAK MERAH (CHINA),F.A.Q,Kilogram,3,2.83,
30863294,2026-08-19,2026-08-19 09:39:03.219201,TERENGGANU,KUALA TERENGGANU,PASAR BORONG GONG PAUH,Borong,,Sayur-Sayuran,05,006,LOBAK PUTIH TANAH TINGGI,F.A.Q,Kilogram,5,4.92,
30863295,2026-08-19,2026-08-19 09:39:03.268817,TERENGGANU,KUALA TERENGGANU,PASAR BORONG GONG PAUH,Borong,,Sayur-Sayuran,07,002,PEGAGA,F.A.Q,Kilogram,14,9.56,
30863296,2026-08-19,2026-08-19 09:39:03.318863,TERENGGANU,KUALA TERENGGANU,PASAR BORONG GONG PAUH,Borong,,Sayur-Sayuran,02,009,PERIA,F.A.Q,Kilogram,6,5.8,
30863297,2026-08-19,2026-08-19 09:39:03.368423,TERENGGANU,KUALA TERENGGANU,PASAR BORONG GONG PAUH,Borong,,Sayur-Sayuran,02,009,PERIA KATAK,F.A.Q,Kilogram,6,5.62,
30863298,2026-08-19,2026-08-19 09:39:03.420685,TERENGGANU,KUALA TERENGGANU,PASAR BORONG GONG PAUH,Borong,,Sayur-Sayuran,07,003,PETAI,F.A.Q,RM/5 Keping,6,6.28,
30863299,2026-08-19,2026-08-19 09:39:03.472913,TERENGGANU,KUALA TERENGGANU,PASAR BORONG GONG PAUH,Borong,,Sayur-Sayuran,01,002,REBUNG,F.A.Q,Kilogram,7,5.48,
30863300,2026-08-19,2026-08-19 09:39:03.528366,TERENGGANU,KUALA TERENGGANU,PASAR BORONG GONG PAUH,Borong,,Sayur-Sayuran,03,027,SALAD,F.A.Q,Kilogram,10,6.15,
30863301,2026-08-19,2026-08-19 09:39:03.578701,TERENGGANU,KUALA TERENGGANU,PASAR BORONG GONG PAUH,Borong,,Sayur-Sayuran,03,027,SALAD BULAT TANAH TINGGI,F.A.Q,Kilogram,6,6.49,
30863302,2026-08-19,2026-08-19 09:39:03.62824,TERENGGANU,KUALA TERENGGANU,PASAR BORONG GONG PAUH,Borong,,Sayur-Sayuran,03,007,SAWI BUNGA,F.A.Q,Kilogram,6,8.39,
30863303,2026-08-19,2026-08-19 09:39:03.682488,TERENGGANU,KUALA TERENGGANU,PASAR BORONG GONG PAUH,Borong,,Sayur-Sayuran,03,007,SAWI JEPUN,F.A.Q,Kilogram,5,6.26,
30863304,2026-08-19,2026-08-19 09:39:03.732383,TERENGGANU,KUALA TERENGGANU,PASAR BORONG GONG PAUH,Borong,,Sayur-Sayuran,03,007,SAWI PAHIT,F.A.Q,Kilogram,5,5,
30863305,2026-08-19,2026-08-19 09:39:03.778421,TERENGGANU,KUALA TERENGGANU,PASAR BORONG GONG PAUH,Borong,,Sayur-Sayuran,03,007,SAWI PUTIH PAK CHOY,F.A.Q,Kilogram,6,5.49,
30863306,2026-08-19,2026-08-19 09:39:03.828436,TERENGGANU,KUALA TERENGGANU,PASAR BORONG GONG PAUH,Borong,,Sayur-Sayuran,05,007,SENGKUANG,F.A.Q,Kilogram,5,3.57,
30863307,2026-08-19,2026-08-19 09:39:03.878327,TERENGGANU,KUALA TERENGGANU,PASAR BORONG GONG PAUH,Borong,,Sayur-Sayuran,05,008,SERAI,F.A.Q,Kilogram,5,4.72,
30863308,2026-08-19,2026-08-19 09:39:03.928811,TERENGGANU,KUALA TERENGGANU,PASAR BORONG GONG PAUH,Borong,,Sayur-Sayuran,03,002,TAUGE,F.A.Q,Kilogram,3,2.49,
30863309,2026-08-19,2026-08-19 09:39:03.978487,TERENGGANU,KUALA TERENGGANU,PASAR BORONG GONG PAUH,Borong,,Sayur-Sayuran,02,010,TERUNG BULAT,F.A.Q,Kilogram,5,6.52,
30863310,2026-08-19,2026-08-19 09:39:04.042411,TERENGGANU,KUALA TERENGGANU,PASAR BORONG GONG PAUH,Borong,,Sayur-Sayuran,02,010,TERUNG PEPARU MINI,F.A.Q,Kilogram,5,7.07,
30863311,2026-08-19,2026-08-19 09:39:04.088641,TERENGGANU,KUALA TERENGGANU,PASAR BORONG GONG PAUH,Borong,,Sayur-Sayuran,02,011,TIMUN JEPUN,F.A.Q,Kilogram,5,4.61,
30863312,2026-08-19,2026-08-19 09:39:33.963266,PULAU PINANG,SEBERANG PERAI TENGAH,PASAR AWAM SEBERANG JAYA,Runcit,26,Buah-Buahan,02,023,NANAS JOSAPINE (AC5),F.A.Q,Kilogram,5,5,
30863313,2026-08-19,2026-08-19 09:39:33.963266,PULAU PINANG,SEBERANG PERAI TENGAH,PASAR AWAM SEBERANG JAYA,Runcit,26,Buah-Buahan,02,023,NANAS JOSAPINE (AC5),F.A.Q,Kilogram,4,5,
30863314,2026-08-19,2026-08-19 09:39:33.963266,PULAU PINANG,SEBERANG PERAI TENGAH,PASAR AWAM SEBERANG JAYA,Runcit,26,Buah-Buahan,02,028,PISANG BERANGAN,F.A.Q,Kilogram,7,7.2619047,
30863315,2026-08-19,2026-08-19 09:39:33.963266,PULAU PINANG,SEBERANG PERAI TENGAH,PASAR AWAM SEBERANG JAYA,Runcit,26,Buah-Buahan,02,034,TEMBIKAI MERAH TANPA BIJI,F.A.Q,Kilogram,4,4.1477275,
30863316,2026-08-19,2026-08-19 09:39:33.963266,PULAU PINANG,SEBERANG PERAI TENGAH,PASAR AWAM SEBERANG JAYA,Runcit,26,Buah-Buahan,02,034,TEMBIKAI MERAH TANPA BIJI,F.A.Q,Kilogram,3.5,4.1477275,
30863317,2026-08-19,2026-08-19 09:39:36.314521,TERENGGANU,KUALA TERENGGANU,PASAR BESAR KEDAI PAYANG,Runcit,,Sayur-Sayuran,05,001,BAWANG BESAR MERAH (INDIA),F.A.Q,Kilogram,5,4.44,
30863318,2026-08-19,2026-08-19 09:39:36.377808,TERENGGANU,KUALA TERENGGANU,PASAR BESAR KEDAI PAYANG,Runcit,,Sayur-Sayuran,05,001,BAWANG PUTIH (CHINA),F.A.Q,Kilogram,10,8.52,
30863319,2026-08-19,2026-08-19 09:40:03.009657,PULAU PINANG,SEBERANG PERAI TENGAH,PASAR AWAM SEBERANG JAYA,Runcit,26,Ternakan,03,002,AYAM PROSES STANDARD,F.A.Q,Kilogram,11.2,11.2,
30863320,2026-08-19,2026-08-19 09:40:03.009657,PULAU PINANG,SEBERANG PERAI TENGAH,PASAR AWAM SEBERANG JAYA,Runcit,26,Ternakan,02,003,DAGING LEMBU PEJAL,F.A.Q,Kilogram,39,38,
30863321,2026-08-19,2026-08-19 09:40:03.009657,PULAU PINANG,SEBERANG PERAI TENGAH,PASAR AWAM SEBERANG JAYA,Runcit,26,Ternakan,02,003,DAGING LEMBU PEJAL,F.A.Q,Kilogram,37,38,
30863322,2026-08-19,2026-08-19 09:40:03.009657,PULAU PINANG,SEBERANG PERAI TENGAH,PASAR AWAM SEBERANG JAYA,Runcit,26,Ternakan,11,001,TELUR AYAM,B,Biji,0.52,0.47692308,
30863323,2026-08-19,2026-08-19 09:40:21.363329,PULAU PINANG,SEBERANG PERAI TENGAH,PASAR AWAM SEBERANG JAYA,Runcit,26,Ternakan,03,002,AYAM PROSES STANDARD,F.A.Q,Kilogram,11.2,11.2,
30863324,2026-08-19,2026-08-19 09:41:24.474159,JOHOR,KLUANG,LADANG/KEBUN JALAN BATU PAHAT,Ladang,,Ternakan,11,001,TELUR AYAM,B,Biji,0.48,0.38,
30863325,2026-08-19,2026-08-19 09:41:42.25763,TERENGGANU,KUALA TERENGGANU,PASAR BESAR KEDAI PAYANG,Runcit,,Lain-Lain Makanan Proses,15,001,SANTAN PEKAT,F.A.Q,Kilogram,16,11.7,
30863326,2026-08-19,2026-08-19 09:41:42.324851,TERENGGANU,KUALA TERENGGANU,PASAR BESAR KEDAI PAYANG,Runcit,,Tanaman Kontan,05,001,KELAPA DIKUPAS,SEDANG,Biji,3,2.33,
30863327,2026-08-19,2026-08-19 09:42:10.967298,MELAKA,MELAKA TENGAH,PASAR BESAR MBMB,Runcit,26,Sayur-Sayuran,05,001,BAWANG BESAR MERAH (INDIA),F.A.Q,Kilogram,3.5,3.1454546,
30863328,2026-08-19,2026-08-19 09:42:10.967298,MELAKA,MELAKA TENGAH,PASAR BESAR MBMB,Runcit,26,Sayur-Sayuran,05,001,BAWANG BESAR MERAH (INDIA),F.A.Q,Kilogram,2.8,3.1454546,
30863329,2026-08-19,2026-08-19 09:42:10.967298,MELAKA,MELAKA TENGAH,PASAR BESAR MBMB,Runcit,26,Sayur-Sayuran,05,001,BAWANG PUTIH (CHINA),F.A.Q,Kilogram,10,10.304348,
30863330,2026-08-19,2026-08-19 09:42:10.967298,MELAKA,MELAKA TENGAH,PASAR BESAR MBMB,Runcit,26,Sayur-Sayuran,05,001,BAWANG PUTIH (CHINA),F.A.Q,Kilogram,11,10.304348,
30863331,2026-08-19,2026-08-19 09:42:10.967298,MELAKA,MELAKA TENGAH,PASAR BESAR MBMB,Runcit,26,Sayur-Sayuran,03,001,BAYAM,F.A.Q,Kilogram,4.5,3.9318182,
30863332,2026-08-19,2026-08-19 09:42:10.967298,MELAKA,MELAKA TENGAH,PASAR BESAR MBMB,Runcit,26,Sayur-Sayuran,03,001,BAYAM,F.A.Q,Kilogram,4,3.9318182,
30863333,2026-08-19,2026-08-19 09:42:10.967298,MELAKA,MELAKA TENGAH,PASAR BESAR MBMB,Runcit,26,Sayur-Sayuran,02,002,CILI MERAH KULAI / KULAI HIBRID,F.A.Q,Kilogram,16,15.428572,
30863334,2026-08-19,2026-08-19 09:42:10.967298,MELAKA,MELAKA TENGAH,PASAR BESAR MBMB,Runcit,26,Sayur-Sayuran,02,002,CILI MERAH KULAI / KULAI HIBRID,F.A.Q,Kilogram,15,15.428572,
30863335,2026-08-19,2026-08-19 09:42:10.967298,MELAKA,MELAKA TENGAH,PASAR BESAR MBMB,Runcit,26,Sayur-Sayuran,02,002,CILI MERAH MINYAK,F.A.Q,Kilogram,14,14.411765,
30863336,2026-08-19,2026-08-19 09:42:10.967298,MELAKA,MELAKA TENGAH,PASAR BESAR MBMB,Runcit,26,Sayur-Sayuran,02,002,CILI MERAH MINYAK,F.A.Q,Kilogram,15,14.411765,
30863337,2026-08-19,2026-08-19 09:42:10.967298,MELAKA,MELAKA TENGAH,PASAR BESAR MBMB,Runcit,26,Sayur-Sayuran,04,002,KACANG BENDI,F.A.Q,Kilogram,8,7.568182,
30863338,2026-08-19,2026-08-19 09:42:10.967298,MELAKA,MELAKA TENGAH,PASAR BESAR MBMB,Runcit,26,Sayur-Sayuran,04,002,KACANG BENDI,F.A.Q,Kilogram,7,7.568182,
30863339,2026-08-19,2026-08-19 09:42:10.967298,MELAKA,MELAKA TENGAH,PASAR BESAR MBMB,Runcit,26,Sayur-Sayuran,04,007,KACANG PANJANG HIJAU,F.A.Q,Kilogram,6,5.7045455,
30863340,2026-08-19,2026-08-19 09:42:10.967298,MELAKA,MELAKA TENGAH,PASAR BESAR MBMB,Runcit,26,Sayur-Sayuran,04,007,KACANG PANJANG HIJAU,F.A.Q,Kilogram,6,5.7045455,
30863341,2026-08-19,2026-08-19 09:42:10.967298,MELAKA,MELAKA TENGAH,PASAR BESAR MBMB,Runcit,26,Sayur-Sayuran,03,006,KUBIS BULAT (TANAH TINGGI),F.A.Q,Kilogram,3.5,3.694737,
30863342,2026-08-19,2026-08-19 09:42:10.967298,MELAKA,MELAKA TENGAH,PASAR BESAR MBMB,Runcit,26,Sayur-Sayuran,03,006,KUBIS BULAT (TANAH TINGGI),F.A.Q,Kilogram,3.5,3.694737,
30863343,2026-08-19,2026-08-19 09:42:10.967298,MELAKA,MELAKA TENGAH,PASAR BESAR MBMB,Runcit,26,Sayur-Sayuran,03,007,SAWI HIJAU,F.A.Q,Kilogram,3.5,3.9761906,
30863344,2026-08-19,2026-08-19 09:42:10.967298,MELAKA,MELAKA TENGAH,PASAR BESAR MBMB,Runcit,26,Sayur-Sayuran,03,007,SAWI HIJAU,F.A.Q,Kilogram,4,3.9761906,
30863345,2026-08-19,2026-08-19 09:42:10.967298,MELAKA,MELAKA TENGAH,PASAR BESAR MBMB,Runcit,26,Sayur-Sayuran,02,010,TERUNG PANJANG / PEPARU (TANAH RENDAH),F.A.Q,Kilogram,8,8.340909,
30863346,2026-08-19,2026-08-19 09:42:10.967298,MELAKA,MELAKA TENGAH,PASAR BESAR MBMB,Runcit,26,Sayur-Sayuran,02,010,TERUNG PANJANG / PEPARU (TANAH RENDAH),F.A.Q,Kilogram,10,8.340909,
30863347,2026-08-19,2026-08-19 09:42:10.967298,MELAKA,MELAKA TENGAH,PASAR BESAR MBMB,Runcit,26,Sayur-Sayuran,02,011,TIMUN HIJAU,F.A.Q,Kilogram,3,3.25,
30863348,2026-08-19,2026-08-19 09:42:10.967298,MELAKA,MELAKA TENGAH,PASAR BESAR MBMB,Runcit,26,Sayur-Sayuran,02,011,TIMUN HIJAU,F.A.Q,Kilogram,3.5,3.25,
30863349,2026-08-19,2026-08-19 09:42:10.967298,MELAKA,MELAKA TENGAH,PASAR BESAR MBMB,Runcit,26,Sayur-Sayuran,02,012,TOMATO (TANAH TINGGI),F.A.Q,Kilogram,7,8.075,
30863350,2026-08-19,2026-08-19 09:42:10.967298,MELAKA,MELAKA TENGAH,PASAR BESAR MBMB,Runcit,26,Sayur-Sayuran,02,012,TOMATO (TANAH TINGGI),F.A.Q,Kilogram,7,8.075,
30863351,2026-08-19,2026-08-19 09:43:07.734526,MELAKA,MELAKA TENGAH,PASAR BESAR MBMB,Runcit,26,Buah-Buahan,02,023,NANAS JOSAPINE (AC5),F.A.Q,Kilogram,5,5,
30863352,2026-08-19,2026-08-19 09:43:07.734526,MELAKA,MELAKA TENGAH,PASAR BESAR MBMB,Runcit,26,Buah-Buahan,02,023,NANAS JOSAPINE (AC5),F.A.Q,Kilogram,5,5,
30863353,2026-08-19,2026-08-19 09:43:07.734526,MELAKA,MELAKA TENGAH,PASAR BESAR MBMB,Runcit,26,Buah-Buahan,02,028,PISANG BERANGAN,F.A.Q,Kilogram,5.5,5.4761906,
30863354,2026-08-19,2026-08-19 09:43:07.734526,MELAKA,MELAKA TENGAH,PASAR BESAR MBMB,Runcit,26,Buah-Buahan,02,028,PISANG BERANGAN,F.A.Q,Kilogram,6,5.4761906,
30863355,2026-08-19,2026-08-19 09:43:07.734526,MELAKA,MELAKA TENGAH,PASAR BESAR MBMB,Runcit,26,Buah-Buahan,02,034,TEMBIKAI MERAH TANPA BIJI,F.A.Q,Kilogram,4,4.25,
30863356,2026-08-19,2026-08-19 09:43:07.734526,MELAKA,MELAKA TENGAH,PASAR BESAR MBMB,Runcit,26,Buah-Buahan,02,034,TEMBIKAI MERAH TANPA BIJI,F.A.Q,Kilogram,5,4.25,
30863357,2026-08-19,2026-08-19 09:43:19.706082,MELAKA,MELAKA TENGAH,PASAR BESAR MBMB,Runcit,26,Tanaman Kontan,05,001,KELAPA DIKUPAS,SEDANG,Biji,2.5,2.5,
30863358,2026-08-19,2026-08-19 09:43:19.706082,MELAKA,MELAKA TENGAH,PASAR BESAR MBMB,Runcit,26,Tanaman Kontan,05,001,KELAPA DIKUPAS,SEDANG,Biji,2.5,2.5,
30863359,2026-08-19,2026-08-19 09:43:38.624432,MELAKA,MELAKA TENGAH,PASAR BESAR MBMB,Runcit,26,Lain-Lain Makanan Proses,15,001,SANTAN PEKAT,F.A.Q,Kilogram,15,14.590909,
30863360,2026-08-19,2026-08-19 09:43:38.624432,MELAKA,MELAKA TENGAH,PASAR BESAR MBMB,Runcit,26,Lain-Lain Makanan Proses,15,001,SANTAN PEKAT,F.A.Q,Kilogram,14,14.590909,
30863361,2026-08-19,2026-08-19 09:44:41.637363,MELAKA,MELAKA TENGAH,PASAR BORONG MPHTJ BATU BERENDAM - BAHAGIAN BORONG,Borong,20,Ternakan,03,002,AYAM PROSES STANDARD,F.A.Q,Kilogram,8.5,8.476923,
30863362,2026-08-19,2026-08-19 09:44:41.637363,MELAKA,MELAKA TENGAH,PASAR BORONG MPHTJ BATU BERENDAM - BAHAGIAN BORONG,Borong,20,Ternakan,02,003,DAGING LEMBU PEJAL,F.A.Q,Kilogram,35,34.23077,
30863363,2026-08-19,2026-08-19 09:44:41.637363,MELAKA,MELAKA TENGAH,PASAR BORONG MPHTJ BATU BERENDAM - BAHAGIAN BORONG,Borong,20,Ternakan,11,001,TELUR AYAM,B,Biji,0.48,0.43916667,
30863364,2026-08-19,2026-08-19 09:46:31.490556,JOHOR,JOHOR BAHRU,,Ladang,,Sayur-Sayuran,03,001,BAYAM,F.A.Q,Kilogram,3,3,
30863365,2026-08-19,2026-08-19 09:46:31.490556,JOHOR,JOHOR BAHRU,,Ladang,,Sayur-Sayuran,02,002,CILI MERAH KULAI / KULAI HIBRID,F.A.Q,Kilogram,14,11,
30863366,2026-08-19,2026-08-19 09:46:31.490556,JOHOR,JOHOR BAHRU,,Ladang,,Sayur-Sayuran,04,002,KACANG BENDI,F.A.Q,Kilogram,5,5,
30863367,2026-08-19,2026-08-19 09:46:31.490556,JOHOR,JOHOR BAHRU,,Ladang,,Sayur-Sayuran,04,007,KACANG PANJANG HIJAU,F.A.Q,Kilogram,6,4.06,
30863368,2026-08-19,2026-08-19 09:46:31.490556,JOHOR,JOHOR BAHRU,,Ladang,,Sayur-Sayuran,03,007,SAWI HIJAU,F.A.Q,Kilogram,3,3,
30863369,2026-08-19,2026-08-19 09:46:35.578577,W.P. KUALA LUMPUR,KUALA LUMPUR,PASAR AWAM CHOW KIT,Runcit,26,Sayur-Sayuran,05,001,BAWANG BESAR MERAH (INDIA),F.A.Q,Kilogram,4,4,
30863370,2026-08-19,2026-08-19 09:46:35.578577,W.P. KUALA LUMPUR,KUALA LUMPUR,PASAR AWAM CHOW KIT,Runcit,26,Sayur-Sayuran,05,001,BAWANG PUTIH (CHINA),F.A.Q,Kilogram,10,10,
30863371,2026-08-19,2026-08-19 09:46:35.578577,W.P. KUALA LUMPUR,KUALA LUMPUR,PASAR AWAM CHOW KIT,Runcit,26,Sayur-Sayuran,03,001,BAYAM,F.A.Q,Kilogram,5,4.6538463,
30863372,2026-08-19,2026-08-19 09:46:35.578577,W.P. KUALA LUMPUR,KUALA LUMPUR,PASAR AWAM CHOW KIT,Runcit,26,Sayur-Sayuran,03,001,BAYAM,F.A.Q,Kilogram,4,4.6538463,
30863373,2026-08-19,2026-08-19 09:46:35.578577,W.P. KUALA LUMPUR,KUALA LUMPUR,PASAR AWAM CHOW KIT,Runcit,26,Sayur-Sayuran,03,001,BAYAM,F.A.Q,Kilogram,4,4.6538463,
30863374,2026-08-19,2026-08-19 09:46:35.578577,W.P. KUALA LUMPUR,KUALA LUMPUR,PASAR AWAM CHOW KIT,Runcit,26,Sayur-Sayuran,02,002,CILI MERAH KULAI / KULAI HIBRID,F.A.Q,Kilogram,13,14.789474,
30863375,2026-08-19,2026-08-19 09:46:35.578577,W.P. KUALA LUMPUR,KUALA LUMPUR,PASAR AWAM CHOW KIT,Runcit,26,Sayur-Sayuran,02,002,CILI MERAH KULAI / KULAI HIBRID,F.A.Q,Kilogram,15,14.789474,
30863376,2026-08-19,2026-08-19 09:46:35.578577,W.P. KUALA LUMPUR,KUALA LUMPUR,PASAR AWAM CHOW KIT,Runcit,26,Sayur-Sayuran,02,002,CILI MERAH MINYAK,F.A.Q,Kilogram,10,11.444445,
30863377,2026-08-19,2026-08-19 09:46:35.578577,W.P. KUALA LUMPUR,KUALA LUMPUR,PASAR AWAM CHOW KIT,Runcit,26,Sayur-Sayuran,02,002,CILI MERAH MINYAK,F.A.Q,Kilogram,12,11.444445,
30863378,2026-08-19,2026-08-19 09:46:35.578577,W.P. KUALA LUMPUR,KUALA LUMPUR,PASAR AWAM CHOW KIT,Runcit,26,Sayur-Sayuran,04,002,KACANG BENDI,F.A.Q,Kilogram,10,9.884615,
30863379,2026-08-19,2026-08-19 09:46:35.578577,W.P. KUALA LUMPUR,KUALA LUMPUR,PASAR AWAM CHOW KIT,Runcit,26,Sayur-Sayuran,04,002,KACANG BENDI,F.A.Q,Kilogram,9,9.884615,
30863380,2026-08-19,2026-08-19 09:46:35.578577,W.P. KUALA LUMPUR,KUALA LUMPUR,PASAR AWAM CHOW KIT,Runcit,26,Sayur-Sayuran,04,002,KACANG BENDI,F.A.Q,Kilogram,9,9.884615,
30863381,2026-08-19,2026-08-19 09:46:35.578577,W.P. KUALA LUMPUR,KUALA LUMPUR,PASAR AWAM CHOW KIT,Runcit,26,Sayur-Sayuran,04,007,KACANG PANJANG HIJAU,F.A.Q,Kilogram,8,6.923077,
30863382,2026-08-19,2026-08-19 09:46:35.578577,W.P. KUALA LUMPUR,KUALA LUMPUR,PASAR AWAM CHOW KIT,Runcit,26,Sayur-Sayuran,04,007,KACANG PANJANG HIJAU,F.A.Q,Kilogram,8,6.923077,
30863383,2026-08-19,2026-08-19 09:46:35.578577,W.P. KUALA LUMPUR,KUALA LUMPUR,PASAR AWAM CHOW KIT,Runcit,26,Sayur-Sayuran,04,007,KACANG PANJANG HIJAU,F.A.Q,Kilogram,9,6.923077,
30863384,2026-08-19,2026-08-19 09:46:35.578577,W.P. KUALA LUMPUR,KUALA LUMPUR,PASAR AWAM CHOW KIT,Runcit,26,Sayur-Sayuran,03,006,KUBIS BULAT (TANAH TINGGI),F.A.Q,Kilogram,5,5.2083335,
30863385,2026-08-19,2026-08-19 09:46:35.578577,W.P. KUALA LUMPUR,KUALA LUMPUR,PASAR AWAM CHOW KIT,Runcit,26,Buah-Buahan,02,023,NANAS JOSAPINE (AC5),F.A.Q,Kilogram,4,4.1875,
30863386,2026-08-19,2026-08-19 09:46:35.578577,W.P. KUALA LUMPUR,KUALA LUMPUR,PASAR AWAM CHOW KIT,Runcit,26,Buah-Buahan,02,023,NANAS JOSAPINE (AC5),F.A.Q,Kilogram,4.5,4.1875,
30863387,2026-08-19,2026-08-19 09:46:35.578577,W.P. KUALA LUMPUR,KUALA LUMPUR,PASAR AWAM CHOW KIT,Runcit,26,Buah-Buahan,02,028,PISANG BERANGAN,F.A.Q,Kilogram,6,6.53125,
30863388,2026-08-19,2026-08-19 09:46:35.578577,W.P. KUALA LUMPUR,KUALA LUMPUR,PASAR AWAM CHOW KIT,Runcit,26,Buah-Buahan,02,028,PISANG BERANGAN,F.A.Q,Kilogram,7,6.53125,
30863389,2026-08-19,2026-08-19 09:46:35.578577,W.P. KUALA LUMPUR,KUALA LUMPUR,PASAR AWAM CHOW KIT,Runcit,26,Sayur-Sayuran,03,007,SAWI HIJAU,F.A.Q,Kilogram,5,5.4545455,
30863390,2026-08-19,2026-08-19 09:46:35.578577,W.P. KUALA LUMPUR,KUALA LUMPUR,PASAR AWAM CHOW KIT,Runcit,26,Sayur-Sayuran,03,007,SAWI HIJAU,F.A.Q,Kilogram,5,5.4545455,
30863391,2026-08-19,2026-08-19 09:46:35.578577,W.P. KUALA LUMPUR,KUALA LUMPUR,PASAR AWAM CHOW KIT,Runcit,26,Buah-Buahan,02,034,TEMBIKAI MERAH TANPA BIJI,F.A.Q,Kilogram,5,5.03125,
30863392,2026-08-19,2026-08-19 09:46:35.578577,W.P. KUALA LUMPUR,KUALA LUMPUR,PASAR AWAM CHOW KIT,Runcit,26,Buah-Buahan,02,034,TEMBIKAI MERAH TANPA BIJI,F.A.Q,Kilogram,4.5,5.03125,
30863393,2026-08-19,2026-08-19 09:46:35.578577,W.P. KUALA LUMPUR,KUALA LUMPUR,PASAR AWAM CHOW KIT,Runcit,26,Sayur-Sayuran,02,010,TERUNG PANJANG / PEPARU (TANAH RENDAH),F.A.Q,Kilogram,8,9,
30863394,2026-08-19,2026-08-19 09:46:35.578577,W.P. KUALA LUMPUR,KUALA LUMPUR,PASAR AWAM CHOW KIT,Runcit,26,Sayur-Sayuran,02,010,TERUNG PANJANG / PEPARU (TANAH RENDAH),F.A.Q,Kilogram,8,9,
30863395,2026-08-19,2026-08-19 09:46:35.578577,W.P. KUALA LUMPUR,KUALA LUMPUR,PASAR AWAM CHOW KIT,Runcit,26,Sayur-Sayuran,02,010,TERUNG PANJANG / PEPARU (TANAH RENDAH),F.A.Q,Kilogram,8,9,
30863396,2026-08-19,2026-08-19 09:46:35.578577,W.P. KUALA LUMPUR,KUALA LUMPUR,PASAR AWAM CHOW KIT,Runcit,26,Sayur-Sayuran,02,011,TIMUN HIJAU,F.A.Q,Kilogram,5,4.1538463,
30863397,2026-08-19,2026-08-19 09:46:35.578577,W.P. KUALA LUMPUR,KUALA LUMPUR,PASAR AWAM CHOW KIT,Runcit,26,Sayur-Sayuran,02,011,TIMUN HIJAU,F.A.Q,Kilogram,2.5,4.1538463,
30863398,2026-08-19,2026-08-19 09:46:35.578577,W.P. KUALA LUMPUR,KUALA LUMPUR,PASAR AWAM CHOW KIT,Runcit,26,Sayur-Sayuran,02,011,TIMUN HIJAU,F.A.Q,Kilogram,4,4.1538463,
30863399,2026-08-19,2026-08-19 09:46:35.578577,W.P. KUALA LUMPUR,KUALA LUMPUR,PASAR AWAM CHOW KIT,Runcit,26,Sayur-Sayuran,02,012,TOMATO (TANAH TINGGI),F.A.Q,Kilogram,7,9.115385,
30863400,2026-08-19,2026-08-19 09:46:35.578577,W.P. KUALA LUMPUR,KUALA LUMPUR,PASAR AWAM CHOW KIT,Runcit,26,Sayur-Sayuran,02,012,TOMATO (TANAH TINGGI),F.A.Q,Kilogram,7,9.115385,
30863401,2026-08-19,2026-08-19 09:46:35.578577,W.P. KUALA LUMPUR,KUALA LUMPUR,PASAR AWAM CHOW KIT,Runcit,26,Sayur-Sayuran,02,012,TOMATO (TANAH TINGGI),F.A.Q,Kilogram,8,9.115385,
30863402,2026-08-19,2026-08-19 09:47:29.425544,MELAKA,MELAKA TENGAH,PASAR BORONG MPHTJ BATU BERENDAM - BAHAGIAN BORONG,Borong,20,Sayur-Sayuran,05,001,BAWANG BESAR MERAH (INDIA),F.A.Q,Kilogram,1.8,1.9916667,
30863403,2026-08-19,2026-08-19 09:47:29.425544,MELAKA,MELAKA TENGAH,PASAR BORONG MPHTJ BATU BERENDAM - BAHAGIAN BORONG,Borong,20,Sayur-Sayuran,05,001,BAWANG PUTIH (CHINA),F.A.Q,Kilogram,7,7,
30863404,2026-08-19,2026-08-19 09:47:29.425544,MELAKA,MELAKA TENGAH,PASAR BORONG MPHTJ BATU BERENDAM - BAHAGIAN BORONG,Borong,20,Sayur-Sayuran,03,001,BAYAM,F.A.Q,Kilogram,2.2,2.463158,
30863405,2026-08-19,2026-08-19 09:47:29.425544,MELAKA,MELAKA TENGAH,PASAR BORONG MPHTJ BATU BERENDAM - BAHAGIAN BORONG,Borong,20,Sayur-Sayuran,03,001,BAYAM,F.A.Q,Kilogram,2.5,2.463158,
30863406,2026-08-19,2026-08-19 09:47:29.425544,MELAKA,MELAKA TENGAH,PASAR BORONG MPHTJ BATU BERENDAM - BAHAGIAN BORONG,Borong,20,Sayur-Sayuran,02,002,CILI MERAH KULAI / KULAI HIBRID,F.A.Q,Kilogram,12.5,12.350476,
30863407,2026-08-19,2026-08-19 09:47:29.425544,MELAKA,MELAKA TENGAH,PASAR BORONG MPHTJ BATU BERENDAM - BAHAGIAN BORONG,Borong,20,Sayur-Sayuran,02,002,CILI MERAH KULAI / KULAI HIBRID,F.A.Q,Kilogram,13,12.350476,
30863408,2026-08-19,2026-08-19 09:47:29.425544,MELAKA,MELAKA TENGAH,PASAR BORONG MPHTJ BATU BERENDAM - BAHAGIAN BORONG,Borong,20,Sayur-Sayuran,02,002,CILI MERAH MINYAK,F.A.Q,Kilogram,12,11.2421055,
30863409,2026-08-19,2026-08-19 09:47:29.425544,MELAKA,MELAKA TENGAH,PASAR BORONG MPHTJ BATU BERENDAM - BAHAGIAN BORONG,Borong,20,Sayur-Sayuran,02,002,CILI MERAH MINYAK,F.A.Q,Kilogram,11.5,11.2421055,
30863410,2026-08-19,2026-08-19 09:47:29.425544,MELAKA,MELAKA TENGAH,PASAR BORONG MPHTJ BATU BERENDAM - BAHAGIAN BORONG,Borong,20,Sayur-Sayuran,04,002,KACANG BENDI,F.A.Q,Kilogram,5.5,5.309091,
30863411,2026-08-19,2026-08-19 09:47:29.425544,MELAKA,MELAKA TENGAH,PASAR BORONG MPHTJ BATU BERENDAM - BAHAGIAN BORONG,Borong,20,Sayur-Sayuran,04,002,KACANG BENDI,F.A.Q,Kilogram,5.8,5.309091,
30863412,2026-08-19,2026-08-19 09:47:29.425544,MELAKA,MELAKA TENGAH,PASAR BORONG MPHTJ BATU BERENDAM - BAHAGIAN BORONG,Borong,20,Sayur-Sayuran,04,007,KACANG PANJANG HIJAU,F.A.Q,Kilogram,3.8,4.0047617,
30863413,2026-08-19,2026-08-19 09:47:29.425544,MELAKA,MELAKA TENGAH,PASAR BORONG MPHTJ BATU BERENDAM - BAHAGIAN BORONG,Borong,20,Sayur-Sayuran,04,007,KACANG PANJANG HIJAU,F.A.Q,Kilogram,3.6,4.0047617,
30863414,2026-08-19,2026-08-19 09:47:29.425544,MELAKA,MELAKA TENGAH,PASAR BORONG MPHTJ BATU BERENDAM - BAHAGIAN BORONG,Borong,20,Sayur-Sayuran,03,006,KUBIS BULAT (TANAH TINGGI),F.A.Q,Kilogram,2.5,2.4294116,
30863415,2026-08-19,2026-08-19 09:47:29.425544,MELAKA,MELAKA TENGAH,PASAR BORONG MPHTJ BATU BERENDAM - BAHAGIAN BORONG,Borong,20,Sayur-Sayuran,03,006,KUBIS BULAT (TANAH TINGGI),F.A.Q,Kilogram,2.5,2.4294116,
30863416,2026-08-19,2026-08-19 09:47:29.425544,MELAKA,MELAKA TENGAH,PASAR BORONG MPHTJ BATU BERENDAM - BAHAGIAN BORONG,Borong,20,Sayur-Sayuran,03,007,SAWI HIJAU,F.A.Q,Kilogram,2.5,2.8714285,
30863417,2026-08-19,2026-08-19 09:47:29.425544,MELAKA,MELAKA TENGAH,PASAR BORONG MPHTJ BATU BERENDAM - BAHAGIAN BORONG,Borong,20,Sayur-Sayuran,03,007,SAWI HIJAU,F.A.Q,Kilogram,2.5,2.8714285,
30863418,2026-08-19,2026-08-19 09:47:29.425544,MELAKA,MELAKA TENGAH,PASAR BORONG MPHTJ BATU BERENDAM - BAHAGIAN BORONG,Borong,20,Sayur-Sayuran,02,010,TERUNG PANJANG / PEPARU (TANAH RENDAH),F.A.Q,Kilogram,6,5.8714285,
30863419,2026-08-19,2026-08-19 09:47:29.425544,MELAKA,MELAKA TENGAH,PASAR BORONG MPHTJ BATU BERENDAM - BAHAGIAN BORONG,Borong,20,Sayur-Sayuran,02,010,TERUNG PANJANG / PEPARU (TANAH RENDAH),F.A.Q,Kilogram,6.5,5.8714285,
30863420,2026-08-19,2026-08-19 09:47:29.425544,MELAKA,MELAKA TENGAH,PASAR BORONG MPHTJ BATU BERENDAM - BAHAGIAN BORONG,Borong,20,Sayur-Sayuran,02,011,TIMUN HIJAU,F.A.Q,Kilogram,2,2.3142858,
30863421,2026-08-19,2026-08-19 09:47:29.425544,MELAKA,MELAKA TENGAH,PASAR BORONG MPHTJ BATU BERENDAM - BAHAGIAN BORONG,Borong,20,Sayur-Sayuran,02,011,TIMUN HIJAU,F.A.Q,Kilogram,2.2,2.3142858,
30863422,2026-08-19,2026-08-19 09:47:29.425544,MELAKA,MELAKA TENGAH,PASAR BORONG MPHTJ BATU BERENDAM - BAHAGIAN BORONG,Borong,20,Sayur-Sayuran,02,012,TOMATO (TANAH TINGGI),F.A.Q,Kilogram,5.5,6.385714,
30863423,2026-08-19,2026-08-19 09:47:29.425544,MELAKA,MELAKA TENGAH,PASAR BORONG MPHTJ BATU BERENDAM - BAHAGIAN BORONG,Borong,20,Sayur-Sayuran,02,012,TOMATO (TANAH TINGGI),F.A.Q,Kilogram,5.8,6.385714,
30863424,2026-08-19,2026-08-19 09:47:42.269813,JOHOR,BATU PAHAT,LADANG/KEBUN TANJUNG LABOH,Ladang,,Buah-Buahan,02,005,BETIK SEKAKI,F.A.Q,Kilogram,1.5,2.34,
30863425,2026-08-19,2026-08-19 09:47:42.269813,JOHOR,BATU PAHAT,LADANG/KEBUN TANJUNG LABOH,Ladang,,Buah-Buahan,02,023,NANAS JOSAPINE (AC5),F.A.Q,Kilogram,2.5,2.5,
30863426,2026-08-19,2026-08-19 09:47:42.269813,JOHOR,BATU PAHAT,LADANG/KEBUN TANJUNG LABOH,Ladang,,Buah-Buahan,02,028,PISANG BERANGAN,F.A.Q,Kilogram,2.5,2.5,
30863427,2026-08-19,2026-08-19 09:47:58.486463,JOHOR,BATU PAHAT,LADANG/KEBUN YONG PENG,Ladang,,Buah-Buahan,02,034,TEMBIKAI MERAH TANPA BIJI,F.A.Q,Kilogram,1.5,1.5,
30863428,2026-08-19,2026-08-19 09:48:02.865792,TERENGGANU,KUALA TERENGGANU,PASAR BORONG GONG PAUH,Borong,,Sayur-Sayuran,03,003,BROKOLI (IMPORT),F.A.Q,Kilogram,11,9.9,
30863429,2026-08-19,2026-08-19 09:48:02.91765,TERENGGANU,KUALA TERENGGANU,PASAR BORONG GONG PAUH,Borong,,Sayur-Sayuran,03,035,BUNGA KANTAN,F.A.Q,Tangkai,2,1,
30863430,2026-08-19,2026-08-19 09:48:02.964361,TERENGGANU,KUALA TERENGGANU,PASAR BORONG GONG PAUH,Borong,,Sayur-Sayuran,06,001,CENDAWAN TIRAM KELABU,F.A.Q,Kilogram,12,11.36,
30863431,2026-08-19,2026-08-19 09:48:03.016284,TERENGGANU,KUALA TERENGGANU,PASAR BORONG GONG PAUH,Borong,,Sayur-Sayuran,02,002,CILI PADI,F.A.Q,Kilogram,6,21.97,
30863432,2026-08-19,2026-08-19 09:48:03.064113,TERENGGANU,KUALA TERENGGANU,PASAR BORONG GONG PAUH,Borong,,Sayur-Sayuran,02,002,CILI PADI AKAR (THAILAND),F.A.Q,Kilogram,12,10.96,
30863433,2026-08-19,2026-08-19 09:48:03.113185,TERENGGANU,KUALA TERENGGANU,PASAR BORONG GONG PAUH,Borong,,Sayur-Sayuran,02,002,CILI PADI MERAH (IMPORT),F.A.Q,Kilogram,9,20,
30863434,2026-08-19,2026-08-19 09:48:03.152096,TERENGGANU,KUALA TERENGGANU,PASAR BORONG GONG PAUH,Borong,,Sayur-Sayuran,03,011,DAUN KESUM,F.A.Q,Kilogram,8,5.98,
30863435,2026-08-19,2026-08-19 09:48:03.192885,TERENGGANU,KUALA TERENGGANU,PASAR BORONG GONG PAUH,Borong,,Sayur-Sayuran,03,021,DAUN KETUMBAR (IMPORT),F.A.Q,Kilogram,30,14.55,
30863436,2026-08-19,2026-08-19 09:48:03.252918,TERENGGANU,KUALA TERENGGANU,PASAR BORONG GONG PAUH,Borong,,Sayur-Sayuran,07,002,DAUN SELOM,F.A.Q,Kilogram,6,6.99,
30863437,2026-08-19,2026-08-19 09:48:03.31279,TERENGGANU,KUALA TERENGGANU,PASAR BORONG GONG PAUH,Borong,,Sayur-Sayuran,05,002,HALIA MUDA,F.A.Q,Kilogram,5,8.69,
30863438,2026-08-19,2026-08-19 09:48:03.357282,TERENGGANU,KUALA TERENGGANU,PASAR BORONG GONG PAUH,Borong,,Sayur-Sayuran,05,002,HALIA TUA,F.A.Q,Kilogram,6,6.41,
30863439,2026-08-19,2026-08-19 09:48:03.415005,TERENGGANU,KUALA TERENGGANU,PASAR BORONG GONG PAUH,Borong,,Sayur-Sayuran,05,002,HALIA TUA (IMPORT),F.A.Q,Kilogram,2,6.09,
30863440,2026-08-19,2026-08-19 09:48:03.46512,TERENGGANU,KUALA TERENGGANU,PASAR BORONG GONG PAUH,Borong,,Sayur-Sayuran,02,001,JAGUNG SAYUR / BABY CORN,F.A.Q,Kilogram,7,6.94,
30863441,2026-08-19,2026-08-19 09:48:03.513113,TERENGGANU,KUALA TERENGGANU,PASAR BORONG GONG PAUH,Borong,,Sayur-Sayuran,07,003,JERING,F.A.Q,Kilogram,5,6.74,
30863442,2026-08-19,2026-08-19 09:48:03.565102,TERENGGANU,KUALA TERENGGANU,PASAR BORONG GONG PAUH,Borong,,Sayur-Sayuran,04,005,KACANG BOTOR,F.A.Q,Kilogram,13,11.39,
30863443,2026-08-19,2026-08-19 09:48:03.624253,TERENGGANU,KUALA TERENGGANU,PASAR BORONG GONG PAUH,Borong,,Sayur-Sayuran,03,018,KAILAN,F.A.Q,Kilogram,3,6.82,
30863444,2026-08-19,2026-08-19 09:48:03.672997,TERENGGANU,KUALA TERENGGANU,PASAR BORONG GONG PAUH,Borong,,Sayur-Sayuran,02,004,KETOLA / PETOLA SEGI,F.A.Q,Kilogram,3,3,
30863445,2026-08-19,2026-08-19 09:48:03.712142,TERENGGANU,KUALA TERENGGANU,PASAR BORONG GONG PAUH,Borong,,Sayur-Sayuran,03,006,KUBIS BULAT BEIJING (IMPORT),F.A.Q,Kilogram,3,3.21,
30863446,2026-08-19,2026-08-19 09:48:03.764357,TERENGGANU,KUALA TERENGGANU,PASAR BORONG GONG PAUH,Borong,,Sayur-Sayuran,03,004,KUBIS BUNGA (IMPORT),F.A.Q,Kilogram,7,6.69,
30863447,2026-08-19,2026-08-19 09:48:03.812928,TERENGGANU,KUALA TERENGGANU,PASAR BORONG GONG PAUH,Borong,,Sayur-Sayuran,03,005,KUBIS PANJANG / CINA,F.A.Q,Kilogram,4,4.03,
30863448,2026-08-19,2026-08-19 09:48:03.87406,TERENGGANU,KUALA TERENGGANU,PASAR BORONG GONG PAUH,Borong,,Sayur-Sayuran,05,004,KUNYIT,F.A.Q,Kilogram,8,6.87,
30863449,2026-08-19,2026-08-19 09:48:03.912884,TERENGGANU,KUALA TERENGGANU,PASAR BORONG GONG PAUH,Borong,,Sayur-Sayuran,02,006,LABU AIR,F.A.Q,Kilogram,4,2.72,
30863450,2026-08-19,2026-08-19 09:48:03.966247,TERENGGANU,KUALA TERENGGANU,PASAR BORONG GONG PAUH,Borong,,Sayur-Sayuran,02,006,LABU MANIS,F.A.Q,Kilogram,2.5,3.32,
30863451,2026-08-19,2026-08-19 09:48:04.025756,TERENGGANU,KUALA TERENGGANU,PASAR BORONG GONG PAUH,Borong,,Sayur-Sayuran,02,003,LADA BENGGALA / CAPSICUM HIJAU,F.A.Q,Kilogram,10,9.67,
30863452,2026-08-19,2026-08-19 09:48:04.072757,TERENGGANU,KUALA TERENGGANU,PASAR BORONG GONG PAUH,Borong,,Sayur-Sayuran,02,003,LADA BENGGALA / CAPSICUM KUNING,F.A.Q,Kilogram,11,11.24,
30863453,2026-08-19,2026-08-19 09:48:04.124797,TERENGGANU,KUALA TERENGGANU,PASAR BORONG GONG PAUH,Borong,,Sayur-Sayuran,02,003,LADA BENGGALA / CAPSICUM MERAH,F.A.Q,Kilogram,9,11.4,
30863454,2026-08-19,2026-08-19 09:48:04.173248,TERENGGANU,KUALA TERENGGANU,PASAR BORONG GONG PAUH,Borong,,Sayur-Sayuran,05,005,LENGKUAS,F.A.Q,Kilogram,5,5.41,
30863455,2026-08-19,2026-08-19 09:48:04.224279,TERENGGANU,KUALA TERENGGANU,PASAR BORONG GONG PAUH,Borong,,Sayur-Sayuran,02,007,LIMAU KASTURI,F.A.Q,Kilogram,5,8.43,
30863456,2026-08-19,2026-08-19 09:48:04.284022,TERENGGANU,KUALA TERENGGANU,PASAR BORONG GONG PAUH,Borong,,Sayur-Sayuran,02,007,LIMAU NIPIS,F.A.Q,Kilogram,4,7.71,
30863457,2026-08-19,2026-08-19 09:48:04.332211,TERENGGANU,KUALA TERENGGANU,PASAR BORONG GONG PAUH,Borong,,Sayur-Sayuran,05,006,LOBAK MERAH (CHINA),F.A.Q,Kilogram,3,2.83,
30863458,2026-08-19,2026-08-19 09:48:04.379907,TERENGGANU,KUALA TERENGGANU,PASAR BORONG GONG PAUH,Borong,,Sayur-Sayuran,05,006,LOBAK PUTIH TANAH TINGGI,F.A.Q,Kilogram,3,4.92,
30863459,2026-08-19,2026-08-19 09:48:04.423971,TERENGGANU,KUALA TERENGGANU,PASAR BORONG GONG PAUH,Borong,,Sayur-Sayuran,07,002,PEGAGA,F.A.Q,Kilogram,10,9.56,
30863460,2026-08-19,2026-08-19 09:48:04.47217,TERENGGANU,KUALA TERENGGANU,PASAR BORONG GONG PAUH,Borong,,Sayur-Sayuran,02,009,PERIA,F.A.Q,Kilogram,5,5.8,
30863461,2026-08-19,2026-08-19 09:48:04.523472,TERENGGANU,KUALA TERENGGANU,PASAR BORONG GONG PAUH,Borong,,Sayur-Sayuran,02,009,PERIA KATAK,F.A.Q,Kilogram,5,5.62,
30863462,2026-08-19,2026-08-19 09:48:04.5631,TERENGGANU,KUALA TERENGGANU,PASAR BORONG GONG PAUH,Borong,,Sayur-Sayuran,07,003,PETAI,F.A.Q,RM/5 Keping,4,6.28,
30863463,2026-08-19,2026-08-19 09:48:04.610962,TERENGGANU,KUALA TERENGGANU,PASAR BORONG GONG PAUH,Borong,,Sayur-Sayuran,03,027,SALAD,F.A.Q,Kilogram,17,6.15,
30863464,2026-08-19,2026-08-19 09:48:04.663291,TERENGGANU,KUALA TERENGGANU,PASAR BORONG GONG PAUH,Borong,,Sayur-Sayuran,03,027,SALAD BULAT TANAH TINGGI,F.A.Q,Kilogram,17,6.49,
30863465,2026-08-19,2026-08-19 09:48:04.710938,TERENGGANU,KUALA TERENGGANU,PASAR BORONG GONG PAUH,Borong,,Sayur-Sayuran,03,007,SAWI BUNGA,F.A.Q,Kilogram,3,8.39,
30863466,2026-08-19,2026-08-19 09:48:04.751783,TERENGGANU,KUALA TERENGGANU,PASAR BORONG GONG PAUH,Borong,,Sayur-Sayuran,03,007,SAWI JEPUN,F.A.Q,Kilogram,3,6.26,
30863467,2026-08-19,2026-08-19 09:48:04.791058,TERENGGANU,KUALA TERENGGANU,PASAR BORONG GONG PAUH,Borong,,Sayur-Sayuran,03,007,SAWI PAHIT,F.A.Q,Kilogram,3,5,
30863468,2026-08-19,2026-08-19 09:48:04.843281,TERENGGANU,KUALA TERENGGANU,PASAR BORONG GONG PAUH,Borong,,Sayur-Sayuran,03,007,SAWI PUTIH PAK CHOY,F.A.Q,Kilogram,3,5.49,
30863469,2026-08-19,2026-08-19 09:48:04.903013,TERENGGANU,KUALA TERENGGANU,PASAR BORONG GONG PAUH,Borong,,Sayur-Sayuran,05,007,SENGKUANG,F.A.Q,Kilogram,2,3.57,
30863470,2026-08-19,2026-08-19 09:48:04.962977,TERENGGANU,KUALA TERENGGANU,PASAR BORONG GONG PAUH,Borong,,Sayur-Sayuran,05,008,SERAI,F.A.Q,Kilogram,4,4.72,
30863471,2026-08-19,2026-08-19 09:48:05.010992,TERENGGANU,KUALA TERENGGANU,PASAR BORONG GONG PAUH,Borong,,Sayur-Sayuran,03,002,TAUGE,F.A.Q,Kilogram,1,2.49,
30863472,2026-08-19,2026-08-19 09:48:05.078862,TERENGGANU,KUALA TERENGGANU,PASAR BORONG GONG PAUH,Borong,,Sayur-Sayuran,02,010,TERUNG BULAT,F.A.Q,Kilogram,5,6.52,
30863473,2026-08-19,2026-08-19 09:48:05.131533,TERENGGANU,KUALA TERENGGANU,PASAR BORONG GONG PAUH,Borong,,Sayur-Sayuran,02,010,TERUNG PEPARU MINI,F.A.Q,Kilogram,6,7.07,
30863474,2026-08-19,2026-08-19 09:48:05.183402,TERENGGANU,KUALA TERENGGANU,PASAR BORONG GONG PAUH,Borong,,Sayur-Sayuran,02,011,TIMUN JEPUN,F.A.Q,Kilogram,4,4.61,
30863475,2026-08-19,2026-08-19 09:48:17.697802,MELAKA,MELAKA TENGAH,PASAR BORONG MPHTJ BATU BERENDAM - BAHAGIAN BORONG,Borong,20,Buah-Buahan,02,023,NANAS JOSAPINE (AC5),F.A.Q,Kilogram,3.5,3.5,
30863476,2026-08-19,2026-08-19 09:48:17.697802,MELAKA,MELAKA TENGAH,PASAR BORONG MPHTJ BATU BERENDAM - BAHAGIAN BORONG,Borong,20,Buah-Buahan,02,028,PISANG BERANGAN,F.A.Q,Kilogram,4.5,3.9923077,
30863477,2026-08-19,2026-08-19 09:48:17.697802,MELAKA,MELAKA TENGAH,PASAR BORONG MPHTJ BATU BERENDAM - BAHAGIAN BORONG,Borong,20,Buah-Buahan,02,034,TEMBIKAI MERAH TANPA BIJI,F.A.Q,Kilogram,3.5,3.1615384,
30863478,2026-08-19,2026-08-19 09:48:37.293938,MELAKA,MELAKA TENGAH,PASAR BORONG MPHTJ BATU BERENDAM - BAHAGIAN BORONG,Borong,20,Tanaman Kontan,05,001,KELAPA DIKUPAS,SEDANG,Biji,1.75,1.7133334,
30863479,2026-08-19,2026-08-19 09:49:01.777005,JOHOR,JOHOR BAHRU,,Ladang,,Tanaman Kontan,05,001,KELAPA DIKUPAS,SEDANG,Biji,1.9,1.65,
30863480,2026-08-19,2026-08-19 09:49:46.069454,MELAKA,MELAKA TENGAH,,Ladang,27,Sayur-Sayuran,03,001,BAYAM,F.A.Q,Kilogram,1.5,1.65,
30863481,2026-08-19,2026-08-19 09:49:46.069454,MELAKA,MELAKA TENGAH,,Ladang,27,Sayur-Sayuran,02,002,CILI MERAH KULAI / KULAI HIBRID,F.A.Q,Kilogram,11,10.5,
30863482,2026-08-19,2026-08-19 09:49:46.069454,MELAKA,MELAKA TENGAH,,Ladang,27,Sayur-Sayuran,02,002,CILI MERAH MINYAK,F.A.Q,Kilogram,10,9.05,
30863483,2026-08-19,2026-08-19 09:49:46.069454,MELAKA,MELAKA TENGAH,,Ladang,27,Sayur-Sayuran,04,002,KACANG BENDI,F.A.Q,Kilogram,3.8,3.71,
30863484,2026-08-19,2026-08-19 09:49:46.069454,MELAKA,MELAKA TENGAH,,Ladang,27,Sayur-Sayuran,04,007,KACANG PANJANG HIJAU,F.A.Q,Kilogram,3,2.9,
30863485,2026-08-19,2026-08-19 09:49:46.069454,MELAKA,MELAKA TENGAH,,Ladang,27,Sayur-Sayuran,03,007,SAWI HIJAU,F.A.Q,Kilogram,1.8,1.91,
30863486,2026-08-19,2026-08-19 09:49:46.069454,MELAKA,MELAKA TENGAH,,Ladang,27,Sayur-Sayuran,02,010,TERUNG PANJANG / PEPARU (TANAH RENDAH),F.A.Q,Kilogram,4.6,4.18,
30863487,2026-08-19,2026-08-19 09:49:46.069454,MELAKA,MELAKA TENGAH,,Ladang,27,Sayur-Sayuran,02,011,TIMUN HIJAU,F.A.Q,Kilogram,1.2,1.48,
30863488,2026-08-19,2026-08-19 09:49:59.344672,MELAKA,JASIN,LADANG/KEBUN MERLIMAU,Ladang,,Tanaman Kontan,05,001,KELAPA DIKUPAS,SEDANG,Biji,1.5,1.4666667,
30863489,2026-08-19,2026-08-19 09:50:26.453497,MELAKA,JASIN,LADANG/KEBUN SERKAM,Ladang,,Ternakan,01,003,AYAM HIDUP,F.A.Q,Kilogram,6.9,6.9,
30863490,2026-08-19,2026-08-19 09:50:26.453497,MELAKA,JASIN,LADANG/KEBUN SERKAM,Ladang,,Ternakan,11,001,TELUR AYAM,B,Biji,0.45,0.41333333,
30863491,2026-08-19,2026-08-19 09:50:29.411998,TERENGGANU,KUALA TERENGGANU,PASAR BESAR KEDAI PAYANG,Runcit,,Buah-Buahan,02,023,NANAS JOSAPINE (AC5),F.A.Q,Kilogram,5,4,
30863492,2026-08-19,2026-08-19 09:50:29.477986,TERENGGANU,KUALA TERENGGANU,PASAR BESAR KEDAI PAYANG,Runcit,,Buah-Buahan,02,028,PISANG BERANGAN,F.A.Q,Kilogram,7,5.62,
30863493,2026-08-19,2026-08-19 09:50:29.550449,TERENGGANU,KUALA TERENGGANU,PASAR BESAR KEDAI PAYANG,Runcit,,Buah-Buahan,02,034,TEMBIKAI MERAH TANPA BIJI,F.A.Q,Kilogram,4,4.75,
30863494,2026-08-19,2026-08-19 09:51:03.998647,MELAKA,MELAKA TENGAH,LADANG/KEBUN BUKIT KATIL,Ladang,27,Buah-Buahan,02,028,PISANG BERANGAN,F.A.Q,Kilogram,2.8,2.78,
30863495,2026-08-19,2026-08-19 09:51:03.998647,MELAKA,MELAKA TENGAH,LADANG/KEBUN BUKIT KATIL,Ladang,27,Buah-Buahan,02,034,TEMBIKAI MERAH TANPA BIJI,F.A.Q,Kilogram,2.5,2.44,
30863496,2026-08-19,2026-08-19 09:52:08.482102,PAHANG,KUANTAN,LADANG TUNAS AGRO,Ladang,,Ternakan,11,001,TELUR AYAM,B,Biji,0.47,0.39666668,
30863497,2026-08-19,2026-08-19 09:52:33.287584,PAHANG,KUANTAN,PASAR BORONG KEMUNTING,Borong,20,Ternakan,02,003,DAGING LEMBU PEJAL,F.A.Q,Kilogram,35,35,
30863498,2026-08-19,2026-08-19 09:52:33.287584,PAHANG,KUANTAN,PASAR BORONG KEMUNTING,Borong,20,Ternakan,02,003,DAGING LEMBU PEJAL,F.A.Q,Kilogram,35,35,
30863499,2026-08-19,2026-08-19 09:52:33.287584,PAHANG,KUANTAN,PASAR BORONG KEMUNTING,Borong,20,Ternakan,02,003,DAGING LEMBU PEJAL,F.A.Q,Kilogram,35,35,
30863504,2026-08-19,2026-08-19 09:53:04.678794,PAHANG,KUANTAN,PASAR BORONG KEMUNTING,Borong,20,Tanaman Kontan,05,001,KELAPA DIKUPAS,SEDANG,Biji,2,2,
30863505,2026-08-19,2026-08-19 09:53:04.678794,PAHANG,KUANTAN,PASAR BORONG KEMUNTING,Borong,20,Tanaman Kontan,05,001,KELAPA DIKUPAS,SEDANG,Biji,2,2,
30863506,2026-08-19,2026-08-19 09:53:38.894868,PAHANG,KUANTAN,PASAR BORONG KEMUNTING,Borong,20,Buah-Buahan,02,023,NANAS JOSAPINE (AC5),F.A.Q,Kilogram,4.5,4.5,
30863507,2026-08-19,2026-08-19 09:53:38.894868,PAHANG,KUANTAN,PASAR BORONG KEMUNTING,Borong,20,Buah-Buahan,02,023,NANAS JOSAPINE (AC5),F.A.Q,Kilogram,4.5,4.5,
30863508,2026-08-19,2026-08-19 09:53:38.894868,PAHANG,KUANTAN,PASAR BORONG KEMUNTING,Borong,20,Buah-Buahan,02,028,PISANG BERANGAN,F.A.Q,Kilogram,4.2,4.175,
30863509,2026-08-19,2026-08-19 09:53:38.894868,PAHANG,KUANTAN,PASAR BORONG KEMUNTING,Borong,20,Buah-Buahan,02,028,PISANG BERANGAN,F.A.Q,Kilogram,4.2,4.175,
30863510,2026-08-19,2026-08-19 09:53:38.894868,PAHANG,KUANTAN,PASAR BORONG KEMUNTING,Borong,20,Buah-Buahan,02,034,TEMBIKAI MERAH TANPA BIJI,F.A.Q,Kilogram,3,2.6333334,
30863511,2026-08-19,2026-08-19 09:53:38.894868,PAHANG,KUANTAN,PASAR BORONG KEMUNTING,Borong,20,Buah-Buahan,02,034,TEMBIKAI MERAH TANPA BIJI,F.A.Q,Kilogram,3,2.6333334,
30863512,2026-08-19,2026-08-19 09:54:01.542636,PAHANG,KUANTAN,PASAR BORONG KEMUNTING,Borong,20,Ternakan,11,001,TELUR AYAM,B,Biji,0.49,0.41916665,
30863521,2026-08-19,2026-08-19 09:54:28.934062,PAHANG,KUANTAN,PASAR BORONG KEMUNTING,Borong,20,Ternakan,03,002,AYAM PROSES STANDARD,F.A.Q,Kilogram,9.7,9.7,
30863522,2026-08-19,2026-08-19 09:54:28.934062,PAHANG,KUANTAN,PASAR BORONG KEMUNTING,Borong,20,Ternakan,03,002,AYAM PROSES STANDARD,F.A.Q,Kilogram,9.7,9.7,
30863523,2026-08-19,2026-08-19 09:54:28.934062,PAHANG,KUANTAN,PASAR BORONG KEMUNTING,Borong,20,Ternakan,03,002,AYAM PROSES STANDARD,F.A.Q,Kilogram,9.7,9.7,
30863524,2026-08-19,2026-08-19 09:54:43.499299,JOHOR,JOHOR BAHRU,[PUSAT KUTIPAN HARGA BORONG] SKUDAI,Borong,20,Ternakan,03,002,AYAM PROSES STANDARD,F.A.Q,Kilogram,7.5,8.42,
30863525,2026-08-19,2026-08-19 09:54:55.486612,PAHANG,KUANTAN,PASAR BORONG KEMUNTING,Borong,20,Sayur-Sayuran,05,001,BAWANG BESAR MERAH (INDIA),F.A.Q,Kilogram,2,2,
30863526,2026-08-19,2026-08-19 09:54:55.486612,PAHANG,KUANTAN,PASAR BORONG KEMUNTING,Borong,20,Sayur-Sayuran,05,001,BAWANG BESAR MERAH (INDIA),F.A.Q,Kilogram,2,2,
30863527,2026-08-19,2026-08-19 09:54:55.486612,PAHANG,KUANTAN,PASAR BORONG KEMUNTING,Borong,20,Sayur-Sayuran,05,001,BAWANG PUTIH (CHINA),F.A.Q,Kilogram,7,7,
30863528,2026-08-19,2026-08-19 09:54:55.486612,PAHANG,KUANTAN,PASAR BORONG KEMUNTING,Borong,20,Sayur-Sayuran,05,001,BAWANG PUTIH (CHINA),F.A.Q,Kilogram,7,7,
30863529,2026-08-19,2026-08-19 09:55:17.141213,PAHANG,KUANTAN,PASAR BESAR KUANTAN,Runcit,26,Ternakan,11,001,TELUR AYAM,B,Biji,0.51,0.43916667,
30863530,2026-08-19,2026-08-19 09:55:27.105362,SARAWAK,KUCHING,MEDAN NIAGA SATOK,Runcit,26,Sayur-Sayuran,02,006,LABU AIR,F.A.Q,Kilogram,7,6.5,
30863531,2026-08-19,2026-08-19 09:55:27.105362,SARAWAK,KUCHING,MEDAN NIAGA SATOK,Runcit,26,Sayur-Sayuran,02,006,LABU MANIS,F.A.Q,Kilogram,5,5,
30863532,2026-08-19,2026-08-19 09:55:27.105362,SARAWAK,KUCHING,MEDAN NIAGA SATOK,Runcit,26,Sayur-Sayuran,02,003,LADA BENGGALA / CAPSICUM HIJAU (IMPORT),F.A.Q,Kilogram,28,28,
30863533,2026-08-19,2026-08-19 09:55:27.105362,SARAWAK,KUCHING,MEDAN NIAGA SATOK,Runcit,26,Sayur-Sayuran,02,003,LADA BENGGALA / CAPSICUM KUNING (IMPORT),F.A.Q,Kilogram,28,28,
30863534,2026-08-19,2026-08-19 09:55:27.105362,SARAWAK,KUCHING,MEDAN NIAGA SATOK,Runcit,26,Sayur-Sayuran,02,003,LADA BENGGALA / CAPSICUM MERAH (IMPORT),F.A.Q,Kilogram,28,28,
30863535,2026-08-19,2026-08-19 09:55:27.105362,SARAWAK,KUCHING,MEDAN NIAGA SATOK,Runcit,26,Sayur-Sayuran,05,005,LENGKUAS,F.A.Q,Kilogram,10,10,
30863536,2026-08-19,2026-08-19 09:55:27.105362,SARAWAK,KUCHING,MEDAN NIAGA SATOK,Runcit,26,Sayur-Sayuran,01,003,LIK (IMPORT),F.A.Q,Kilogram,24,24,
30863537,2026-08-19,2026-08-19 09:55:27.105362,SARAWAK,KUCHING,MEDAN NIAGA SATOK,Runcit,26,Sayur-Sayuran,02,007,LIMAU KASTURI,F.A.Q,Kilogram,6,6,
30863538,2026-08-19,2026-08-19 09:55:27.105362,SARAWAK,KUCHING,MEDAN NIAGA SATOK,Runcit,26,Sayur-Sayuran,02,007,LIMAU NIPIS,F.A.Q,Kilogram,12,13,
30863539,2026-08-19,2026-08-19 09:55:27.105362,SARAWAK,KUCHING,MEDAN NIAGA SATOK,Runcit,26,Sayur-Sayuran,05,006,LOBAK MERAH (CHINA),F.A.Q,Kilogram,5,5,
30863540,2026-08-19,2026-08-19 09:55:27.105362,SARAWAK,KUCHING,MEDAN NIAGA SATOK,Runcit,26,Sayur-Sayuran,05,006,LOBAK PUTIH TANAH TINGGI,F.A.Q,Kilogram,7,7,
30863541,2026-08-19,2026-08-19 09:55:27.105362,SARAWAK,KUCHING,MEDAN NIAGA SATOK,Runcit,26,Sayur-Sayuran,07,002,PEGAGA,F.A.Q,Kilogram,18,18,
30863542,2026-08-19,2026-08-19 09:55:27.105362,SARAWAK,KUCHING,MEDAN NIAGA SATOK,Runcit,26,Sayur-Sayuran,02,009,PERIA,F.A.Q,Kilogram,12,11,
30863543,2026-08-19,2026-08-19 09:55:27.105362,SARAWAK,KUCHING,MEDAN NIAGA SATOK,Runcit,26,Sayur-Sayuran,02,009,PERIA KATAK,F.A.Q,Kilogram,14,13,
30863544,2026-08-19,2026-08-19 09:55:27.105362,SARAWAK,KUCHING,MEDAN NIAGA SATOK,Runcit,26,Sayur-Sayuran,07,003,PETAI,F.A.Q,RM/5 Keping,10,10,
30863545,2026-08-19,2026-08-19 09:55:27.105362,SARAWAK,KUCHING,MEDAN NIAGA SATOK,Runcit,26,Sayur-Sayuran,07,002,PUCUK GAJUS,F.A.Q,Kilogram,18,18,
30863546,2026-08-19,2026-08-19 09:55:27.105362,SARAWAK,KUCHING,MEDAN NIAGA SATOK,Runcit,26,Sayur-Sayuran,03,026,PUCUK PAKU,F.A.Q,Kilogram,5,5,
30863547,2026-08-19,2026-08-19 09:55:27.105362,SARAWAK,KUCHING,MEDAN NIAGA SATOK,Runcit,26,Sayur-Sayuran,01,002,REBUNG,F.A.Q,Kilogram,7,7,
30863548,2026-08-19,2026-08-19 09:55:27.105362,SARAWAK,KUCHING,MEDAN NIAGA SATOK,Runcit,26,Sayur-Sayuran,03,027,SALAD BULAT TANAH TINGGI,F.A.Q,Kilogram,20,20,
30863549,2026-08-19,2026-08-19 09:55:27.105362,SARAWAK,KUCHING,MEDAN NIAGA SATOK,Runcit,26,Sayur-Sayuran,03,007,SAWI BUNGA,F.A.Q,Kilogram,12,9.5,
30863550,2026-08-19,2026-08-19 09:55:27.105362,SARAWAK,KUCHING,MEDAN NIAGA SATOK,Runcit,26,Sayur-Sayuran,03,007,SAWI JEPUN,F.A.Q,Kilogram,12,9.5,
30863551,2026-08-19,2026-08-19 09:55:27.105362,SARAWAK,KUCHING,MEDAN NIAGA SATOK,Runcit,26,Sayur-Sayuran,03,007,SAWI PAHIT,F.A.Q,Kilogram,12,9.5,
30863552,2026-08-19,2026-08-19 09:55:27.105362,SARAWAK,KUCHING,MEDAN NIAGA SATOK,Runcit,26,Sayur-Sayuran,03,007,SAWI PUTIH PAK CHOY,F.A.Q,Kilogram,12,9.5,
30863553,2026-08-19,2026-08-19 09:55:27.105362,SARAWAK,KUCHING,MEDAN NIAGA SATOK,Runcit,26,Sayur-Sayuran,07,004,SELASIH,F.A.Q,Kilogram,20,20,
30863554,2026-08-19,2026-08-19 09:55:27.105362,SARAWAK,KUCHING,MEDAN NIAGA SATOK,Runcit,26,Sayur-Sayuran,05,007,SENGKUANG,F.A.Q,Kilogram,7,7,
30863555,2026-08-19,2026-08-19 09:55:27.105362,SARAWAK,KUCHING,MEDAN NIAGA SATOK,Runcit,26,Sayur-Sayuran,05,008,SERAI,F.A.Q,Kilogram,6,6,
30863556,2026-08-19,2026-08-19 09:55:27.105362,SARAWAK,KUCHING,MEDAN NIAGA SATOK,Runcit,26,Sayur-Sayuran,03,002,TAUGE,F.A.Q,Kilogram,3,3,
30863557,2026-08-19,2026-08-19 09:55:27.105362,SARAWAK,KUCHING,MEDAN NIAGA SATOK,Runcit,26,Sayur-Sayuran,02,010,TERUNG ASAM,F.A.Q,Kilogram,14,14,
30863558,2026-08-19,2026-08-19 09:55:27.105362,SARAWAK,KUCHING,MEDAN NIAGA SATOK,Runcit,26,Sayur-Sayuran,07,002,ULAM RAJA,F.A.Q,Kilogram,10,10,
30863559,2026-08-19,2026-08-19 09:55:33.077678,PAHANG,KUANTAN,PASAR BESAR KUANTAN,Runcit,26,Lain-Lain Makanan Proses,15,001,SANTAN PEKAT,F.A.Q,Kilogram,20,20,
30863560,2026-08-19,2026-08-19 09:55:48.576001,PAHANG,KUANTAN,PASAR BESAR KUANTAN,Runcit,26,Ternakan,02,003,DAGING LEMBU PEJAL,F.A.Q,Kilogram,38,38,
30863561,2026-08-19,2026-08-19 09:55:48.576001,PAHANG,KUANTAN,PASAR BESAR KUANTAN,Runcit,26,Ternakan,02,003,DAGING LEMBU PEJAL,F.A.Q,Kilogram,38,38,
30863562,2026-08-19,2026-08-19 09:55:48.576001,PAHANG,KUANTAN,PASAR BESAR KUANTAN,Runcit,26,Ternakan,02,003,DAGING LEMBU PEJAL,F.A.Q,Kilogram,38,38,
30863563,2026-08-19,2026-08-19 09:56:05.484497,PAHANG,KUANTAN,PASAR BESAR KUANTAN,Runcit,26,Tanaman Kontan,05,001,KELAPA DIKUPAS,SEDANG,Biji,2.9,2.9166667,
30863564,2026-08-19,2026-08-19 09:56:05.484497,PAHANG,KUANTAN,PASAR BESAR KUANTAN,Runcit,26,Tanaman Kontan,05,001,KELAPA DIKUPAS,SEDANG,Biji,2.9,2.9166667,
30863565,2026-08-19,2026-08-19 09:56:45.259427,PAHANG,KUANTAN,PASAR BESAR KUANTAN,Runcit,26,Buah-Buahan,02,023,NANAS JOSAPINE (AC5),F.A.Q,Kilogram,6,6,
30863566,2026-08-19,2026-08-19 09:56:45.259427,PAHANG,KUANTAN,PASAR BESAR KUANTAN,Runcit,26,Buah-Buahan,02,023,NANAS JOSAPINE (AC5),F.A.Q,Kilogram,6,6,
30863567,2026-08-19,2026-08-19 09:56:45.259427,PAHANG,KUANTAN,PASAR BESAR KUANTAN,Runcit,26,Buah-Buahan,02,028,PISANG BERANGAN,F.A.Q,Kilogram,5.2,5.3,
30863568,2026-08-19,2026-08-19 09:56:45.259427,PAHANG,KUANTAN,PASAR BESAR KUANTAN,Runcit,26,Buah-Buahan,02,028,PISANG BERANGAN,F.A.Q,Kilogram,5.2,5.3,
30863569,2026-08-19,2026-08-19 09:56:45.259427,PAHANG,KUANTAN,PASAR BESAR KUANTAN,Runcit,26,Buah-Buahan,02,034,TEMBIKAI MERAH TANPA BIJI,F.A.Q,Kilogram,4,3.6333334,
30863570,2026-08-19,2026-08-19 09:56:45.259427,PAHANG,KUANTAN,PASAR BESAR KUANTAN,Runcit,26,Buah-Buahan,02,034,TEMBIKAI MERAH TANPA BIJI,F.A.Q,Kilogram,4,3.6333334,
30863587,2026-08-19,2026-08-19 09:56:54.633912,TERENGGANU,KUALA TERENGGANU,PASAR BESAR KEDAI PAYANG,Runcit,,Ternakan,11,001,TELUR AYAM,B,Biji,0.42,0.45,
30863588,2026-08-19,2026-08-19 09:57:24.644029,PAHANG,KUANTAN,PASAR BESAR KUANTAN,Runcit,26,Ternakan,03,002,AYAM PROSES STANDARD,F.A.Q,Kilogram,11.7,11.7,
30863589,2026-08-19,2026-08-19 09:57:24.644029,PAHANG,KUANTAN,PASAR BESAR KUANTAN,Runcit,26,Ternakan,03,002,AYAM PROSES STANDARD,F.A.Q,Kilogram,11.7,11.7,
30863590,2026-08-19,2026-08-19 09:57:24.644029,PAHANG,KUANTAN,PASAR BESAR KUANTAN,Runcit,26,Ternakan,03,002,AYAM PROSES STANDARD,F.A.Q,Kilogram,11.7,11.7,
30863591,2026-08-19,2026-08-19 09:57:50.900989,JOHOR,JOHOR BAHRU,[PUSAT KUTIPAN HARGA BORONG] SKUDAI,Borong,20,Sayur-Sayuran,03,001,BAYAM,F.A.Q,Kilogram,4,4,
30863592,2026-08-19,2026-08-19 09:57:50.900989,JOHOR,JOHOR BAHRU,[PUSAT KUTIPAN HARGA BORONG] SKUDAI,Borong,20,Sayur-Sayuran,02,002,CILI MERAH KULAI / KULAI HIBRID,F.A.Q,Kilogram,16,15.5,
30863593,2026-08-19,2026-08-19 09:57:50.900989,JOHOR,JOHOR BAHRU,[PUSAT KUTIPAN HARGA BORONG] SKUDAI,Borong,20,Sayur-Sayuran,04,002,KACANG BENDI,F.A.Q,Kilogram,6.8,7.0555553,
30863594,2026-08-19,2026-08-19 09:57:50.900989,JOHOR,JOHOR BAHRU,[PUSAT KUTIPAN HARGA BORONG] SKUDAI,Borong,20,Sayur-Sayuran,04,007,KACANG PANJANG HIJAU,F.A.Q,Kilogram,6,6.4444447,
30863595,2026-08-19,2026-08-19 09:57:50.900989,JOHOR,JOHOR BAHRU,[PUSAT KUTIPAN HARGA BORONG] SKUDAI,Borong,20,Sayur-Sayuran,03,007,SAWI HIJAU,F.A.Q,Kilogram,4,4,
30863596,2026-08-19,2026-08-19 09:57:50.900989,JOHOR,JOHOR BAHRU,[PUSAT KUTIPAN HARGA BORONG] SKUDAI,Borong,20,Sayur-Sayuran,02,011,TIMUN HIJAU,F.A.Q,Kilogram,2.6,2.5666666,
30863597,2026-08-19,2026-08-19 09:57:50.900989,JOHOR,JOHOR BAHRU,[PUSAT KUTIPAN HARGA BORONG] SKUDAI,Borong,20,Sayur-Sayuran,02,012,TOMATO (TANAH TINGGI),F.A.Q,Kilogram,7,3.76,
30863598,2026-08-19,2026-08-19 09:57:52.764411,PAHANG,KUANTAN,PASAR BESAR KUANTAN,Runcit,26,Sayur-Sayuran,05,001,BAWANG BESAR MERAH (INDIA),F.A.Q,Kilogram,3,3,
30863599,2026-08-19,2026-08-19 09:57:52.764411,PAHANG,KUANTAN,PASAR BESAR KUANTAN,Runcit,26,Sayur-Sayuran,05,001,BAWANG BESAR MERAH (INDIA),F.A.Q,Kilogram,3,3,
30863600,2026-08-19,2026-08-19 09:57:52.764411,PAHANG,KUANTAN,PASAR BESAR KUANTAN,Runcit,26,Sayur-Sayuran,05,001,BAWANG BESAR MERAH (INDIA),F.A.Q,Kilogram,3,3,
30863601,2026-08-19,2026-08-19 09:57:52.764411,PAHANG,KUANTAN,PASAR BESAR KUANTAN,Runcit,26,Sayur-Sayuran,05,001,BAWANG PUTIH (CHINA),F.A.Q,Kilogram,8,8,
30863602,2026-08-19,2026-08-19 09:57:52.764411,PAHANG,KUANTAN,PASAR BESAR KUANTAN,Runcit,26,Sayur-Sayuran,05,001,BAWANG PUTIH (CHINA),F.A.Q,Kilogram,8,8,
30863603,2026-08-19,2026-08-19 09:57:52.764411,PAHANG,KUANTAN,PASAR BESAR KUANTAN,Runcit,26,Sayur-Sayuran,05,001,BAWANG PUTIH (CHINA),F.A.Q,Kilogram,8,8,
30863633,2026-08-19,2026-08-19 09:59:06.872379,JOHOR,JOHOR BAHRU,[PUSAT KUTIPAN HARGA BORONG] SKUDAI,Borong,20,Buah-Buahan,02,023,NANAS JOSAPINE (AC5),F.A.Q,Kilogram,4,3.19,
30863634,2026-08-19,2026-08-19 09:59:06.872379,JOHOR,JOHOR BAHRU,[PUSAT KUTIPAN HARGA BORONG] SKUDAI,Borong,20,Buah-Buahan,02,023,NANAS JOSAPINE (AC5),F.A.Q,Kilogram,4,3.19,
30863635,2026-08-19,2026-08-19 09:59:06.872379,JOHOR,JOHOR BAHRU,[PUSAT KUTIPAN HARGA BORONG] SKUDAI,Borong,20,Buah-Buahan,02,028,PISANG BERANGAN,F.A.Q,Kilogram,4,4.1875,
30863636,2026-08-19,2026-08-19 09:59:06.872379,JOHOR,JOHOR BAHRU,[PUSAT KUTIPAN HARGA BORONG] SKUDAI,Borong,20,Buah-Buahan,02,028,PISANG BERANGAN,F.A.Q,Kilogram,4,4.1875,
30863637,2026-08-19,2026-08-19 09:59:06.872379,JOHOR,JOHOR BAHRU,[PUSAT KUTIPAN HARGA BORONG] SKUDAI,Borong,20,Buah-Buahan,02,034,TEMBIKAI MERAH TANPA BIJI,F.A.Q,Kilogram,2.5,2.5,
30863638,2026-08-19,2026-08-19 09:59:06.872379,JOHOR,JOHOR BAHRU,[PUSAT KUTIPAN HARGA BORONG] SKUDAI,Borong,20,Buah-Buahan,02,034,TEMBIKAI MERAH TANPA BIJI,F.A.Q,Kilogram,2.5,2.5,
30863639,2026-08-19,2026-08-19 09:59:55.89602,JOHOR,JOHOR BAHRU,[PUSAT KUTIPAN HARGA BORONG] KEMPAS BARU,Borong,20,Ternakan,11,001,TELUR AYAM,B,Biji,0.5,0.43,
30863640,2026-08-19,2026-08-19 10:01:16.771924,TERENGGANU,KUALA TERENGGANU,PASAR BESAR KEDAI PAYANG,Runcit,,Sayur-Sayuran,03,001,BAYAM,F.A.Q,Kilogram,9,5.81,
30863641,2026-08-19,2026-08-19 10:01:16.826451,TERENGGANU,KUALA TERENGGANU,PASAR BESAR KEDAI PAYANG,Runcit,,Sayur-Sayuran,02,002,CILI HIJAU,F.A.Q,Kilogram,13,13.18,
30863642,2026-08-19,2026-08-19 10:01:16.892133,TERENGGANU,KUALA TERENGGANU,PASAR BESAR KEDAI PAYANG,Runcit,,Sayur-Sayuran,02,002,CILI MERAH KULAI / KULAI HIBRID,F.A.Q,Kilogram,17,16.31,
30863643,2026-08-19,2026-08-19 10:01:16.938633,TERENGGANU,KUALA TERENGGANU,PASAR BESAR KEDAI PAYANG,Runcit,,Sayur-Sayuran,02,002,CILI MERAH MINYAK,F.A.Q,Kilogram,12,14.1,
30863644,2026-08-19,2026-08-19 10:01:16.985369,TERENGGANU,KUALA TERENGGANU,PASAR BESAR KEDAI PAYANG,Runcit,,Sayur-Sayuran,04,002,KACANG BENDI,F.A.Q,Kilogram,10,10.44,
30863645,2026-08-19,2026-08-19 10:01:17.036659,TERENGGANU,KUALA TERENGGANU,PASAR BESAR KEDAI PAYANG,Runcit,,Sayur-Sayuran,04,007,KACANG PANJANG HIJAU,F.A.Q,Kilogram,8,7.99,
30863646,2026-08-19,2026-08-19 10:01:17.093021,TERENGGANU,KUALA TERENGGANU,PASAR BESAR KEDAI PAYANG,Runcit,,Sayur-Sayuran,03,006,KUBIS BULAT (TANAH TINGGI),F.A.Q,Kilogram,4.5,4.58,
30863647,2026-08-19,2026-08-19 10:01:17.145296,TERENGGANU,KUALA TERENGGANU,PASAR BESAR KEDAI PAYANG,Runcit,,Sayur-Sayuran,03,007,SAWI HIJAU,F.A.Q,Kilogram,6,6.22,
30863648,2026-08-19,2026-08-19 10:01:17.206902,TERENGGANU,KUALA TERENGGANU,PASAR BESAR KEDAI PAYANG,Runcit,,Sayur-Sayuran,02,010,TERUNG PANJANG / PEPARU (TANAH RENDAH),F.A.Q,Kilogram,8,9.47,
30863649,2026-08-19,2026-08-19 10:01:17.269774,TERENGGANU,KUALA TERENGGANU,PASAR BESAR KEDAI PAYANG,Runcit,,Sayur-Sayuran,02,011,TIMUN HIJAU,F.A.Q,Kilogram,3,4.08,
30863650,2026-08-19,2026-08-19 10:01:17.329074,TERENGGANU,KUALA TERENGGANU,PASAR BESAR KEDAI PAYANG,Runcit,,Sayur-Sayuran,02,012,TOMATO (TANAH TINGGI),F.A.Q,Kilogram,9,8.71,
30863651,2026-08-19,2026-08-19 10:02:52.77499,TERENGGANU,KUALA TERENGGANU,PASAR BESAR KEDAI PAYANG,Runcit,,Ternakan,03,002,AYAM PROSES STANDARD,F.A.Q,Kilogram,10.5,9.99,
30863652,2026-08-19,2026-08-19 10:02:52.836002,TERENGGANU,KUALA TERENGGANU,PASAR BESAR KEDAI PAYANG,Runcit,,Ternakan,02,003,DAGING LEMBU PEJAL,F.A.Q,Kilogram,29,39.05,
30863653,2026-08-19,2026-08-19 10:02:52.896741,TERENGGANU,KUALA TERENGGANU,PASAR BESAR KEDAI PAYANG,Runcit,,Ternakan,11,001,TELUR AYAM,B,Biji,0.41,0.45,
30863654,2026-08-19,2026-08-19 10:04:26.674771,PAHANG,KUANTAN,PASAR BESAR KUANTAN,Runcit,26,Sayur-Sayuran,03,001,BAYAM,F.A.Q,Kilogram,5.5,5.7933335,
30863655,2026-08-19,2026-08-19 10:04:26.674771,PAHANG,KUANTAN,PASAR BESAR KUANTAN,Runcit,26,Sayur-Sayuran,03,001,BAYAM,F.A.Q,Kilogram,5.5,5.7933335,
30863656,2026-08-19,2026-08-19 10:04:26.674771,PAHANG,KUANTAN,PASAR BESAR KUANTAN,Runcit,26,Sayur-Sayuran,03,001,BAYAM,F.A.Q,Kilogram,5.8,5.7933335,
30863657,2026-08-19,2026-08-19 10:04:26.674771,PAHANG,KUANTAN,PASAR BESAR KUANTAN,Runcit,26,Sayur-Sayuran,03,001,BAYAM,F.A.Q,Kilogram,5.5,5.7933335,
30863658,2026-08-19,2026-08-19 10:04:26.674771,PAHANG,KUANTAN,PASAR BESAR KUANTAN,Runcit,26,Sayur-Sayuran,03,001,BAYAM,F.A.Q,Kilogram,5.8,5.7933335,
30863659,2026-08-19,2026-08-19 10:04:26.674771,PAHANG,KUANTAN,PASAR BESAR KUANTAN,Runcit,26,Sayur-Sayuran,02,002,CILI MERAH KULAI / KULAI HIBRID,F.A.Q,Kilogram,18,17.523333,
30863660,2026-08-19,2026-08-19 10:04:26.674771,PAHANG,KUANTAN,PASAR BESAR KUANTAN,Runcit,26,Sayur-Sayuran,02,002,CILI MERAH KULAI / KULAI HIBRID,F.A.Q,Kilogram,18,17.523333,
30863661,2026-08-19,2026-08-19 10:04:26.674771,PAHANG,KUANTAN,PASAR BESAR KUANTAN,Runcit,26,Sayur-Sayuran,02,002,CILI MERAH KULAI / KULAI HIBRID,F.A.Q,Kilogram,18,17.523333,
30863662,2026-08-19,2026-08-19 10:04:26.674771,PAHANG,KUANTAN,PASAR BESAR KUANTAN,Runcit,26,Sayur-Sayuran,02,002,CILI MERAH KULAI / KULAI HIBRID,F.A.Q,Kilogram,17.5,17.523333,
30863663,2026-08-19,2026-08-19 10:04:26.674771,PAHANG,KUANTAN,PASAR BESAR KUANTAN,Runcit,26,Sayur-Sayuran,02,002,CILI MERAH KULAI / KULAI HIBRID,F.A.Q,Kilogram,17.5,17.523333,
30863664,2026-08-19,2026-08-19 10:04:26.674771,PAHANG,KUANTAN,PASAR BESAR KUANTAN,Runcit,26,Sayur-Sayuran,02,002,CILI MERAH MINYAK,F.A.Q,Kilogram,14,13.261666,
30863665,2026-08-19,2026-08-19 10:04:26.674771,PAHANG,KUANTAN,PASAR BESAR KUANTAN,Runcit,26,Sayur-Sayuran,02,002,CILI MERAH MINYAK,F.A.Q,Kilogram,14,13.261666,
30863666,2026-08-19,2026-08-19 10:04:26.674771,PAHANG,KUANTAN,PASAR BESAR KUANTAN,Runcit,26,Sayur-Sayuran,02,002,CILI MERAH MINYAK,F.A.Q,Kilogram,14,13.261666,
30863667,2026-08-19,2026-08-19 10:04:26.674771,PAHANG,KUANTAN,PASAR BESAR KUANTAN,Runcit,26,Sayur-Sayuran,02,002,CILI MERAH MINYAK,F.A.Q,Kilogram,14.5,13.261666,
30863668,2026-08-19,2026-08-19 10:04:26.674771,PAHANG,KUANTAN,PASAR BESAR KUANTAN,Runcit,26,Sayur-Sayuran,02,002,CILI MERAH MINYAK,F.A.Q,Kilogram,14.5,13.261666,
30863669,2026-08-19,2026-08-19 10:04:26.674771,PAHANG,KUANTAN,PASAR BESAR KUANTAN,Runcit,26,Sayur-Sayuran,04,002,KACANG BENDI,F.A.Q,Kilogram,7,7.505,
30863670,2026-08-19,2026-08-19 10:04:26.674771,PAHANG,KUANTAN,PASAR BESAR KUANTAN,Runcit,26,Sayur-Sayuran,04,002,KACANG BENDI,F.A.Q,Kilogram,7.5,7.505,
30863671,2026-08-19,2026-08-19 10:04:26.674771,PAHANG,KUANTAN,PASAR BESAR KUANTAN,Runcit,26,Sayur-Sayuran,04,002,KACANG BENDI,F.A.Q,Kilogram,7,7.505,
30863672,2026-08-19,2026-08-19 10:04:26.674771,PAHANG,KUANTAN,PASAR BESAR KUANTAN,Runcit,26,Sayur-Sayuran,04,002,KACANG BENDI,F.A.Q,Kilogram,7.5,7.505,
30863673,2026-08-19,2026-08-19 10:04:26.674771,PAHANG,KUANTAN,PASAR BESAR KUANTAN,Runcit,26,Sayur-Sayuran,04,002,KACANG BENDI,F.A.Q,Kilogram,7,7.505,
30863674,2026-08-19,2026-08-19 10:04:26.674771,PAHANG,KUANTAN,PASAR BESAR KUANTAN,Runcit,26,Sayur-Sayuran,04,003,KACANG BUNCIS,F.A.Q,Kilogram,10,14.36,
30863675,2026-08-19,2026-08-19 10:04:26.674771,PAHANG,KUANTAN,PASAR BESAR KUANTAN,Runcit,26,Sayur-Sayuran,04,003,KACANG BUNCIS,F.A.Q,Kilogram,10,14.36,
30863676,2026-08-19,2026-08-19 10:04:26.674771,PAHANG,KUANTAN,PASAR BESAR KUANTAN,Runcit,26,Sayur-Sayuran,04,003,KACANG BUNCIS,F.A.Q,Kilogram,11,14.36,
30863677,2026-08-19,2026-08-19 10:04:26.674771,PAHANG,KUANTAN,PASAR BESAR KUANTAN,Runcit,26,Sayur-Sayuran,04,003,KACANG BUNCIS,F.A.Q,Kilogram,11,14.36,
30863678,2026-08-19,2026-08-19 10:04:26.674771,PAHANG,KUANTAN,PASAR BESAR KUANTAN,Runcit,26,Sayur-Sayuran,04,003,KACANG BUNCIS,F.A.Q,Kilogram,10.5,14.36,
30863679,2026-08-19,2026-08-19 10:04:26.674771,PAHANG,KUANTAN,PASAR BESAR KUANTAN,Runcit,26,Sayur-Sayuran,04,007,KACANG PANJANG HIJAU,F.A.Q,Kilogram,7.5,7.451667,
30863680,2026-08-19,2026-08-19 10:04:26.674771,PAHANG,KUANTAN,PASAR BESAR KUANTAN,Runcit,26,Sayur-Sayuran,04,007,KACANG PANJANG HIJAU,F.A.Q,Kilogram,7.5,7.451667,
30863681,2026-08-19,2026-08-19 10:04:26.674771,PAHANG,KUANTAN,PASAR BESAR KUANTAN,Runcit,26,Sayur-Sayuran,04,007,KACANG PANJANG HIJAU,F.A.Q,Kilogram,7.5,7.451667,
30863682,2026-08-19,2026-08-19 10:04:26.674771,PAHANG,KUANTAN,PASAR BESAR KUANTAN,Runcit,26,Sayur-Sayuran,04,007,KACANG PANJANG HIJAU,F.A.Q,Kilogram,7.3,7.451667,
30863683,2026-08-19,2026-08-19 10:04:26.674771,PAHANG,KUANTAN,PASAR BESAR KUANTAN,Runcit,26,Sayur-Sayuran,04,007,KACANG PANJANG HIJAU,F.A.Q,Kilogram,7.3,7.451667,
30863684,2026-08-19,2026-08-19 10:04:26.674771,PAHANG,KUANTAN,PASAR BESAR KUANTAN,Runcit,26,Sayur-Sayuran,03,006,KUBIS BULAT (TANAH TINGGI),F.A.Q,Kilogram,5.5,5.5416665,
30863685,2026-08-19,2026-08-19 10:04:26.674771,PAHANG,KUANTAN,PASAR BESAR KUANTAN,Runcit,26,Sayur-Sayuran,03,007,SAWI HIJAU,F.A.Q,Kilogram,6,5.8983335,
30863686,2026-08-19,2026-08-19 10:04:26.674771,PAHANG,KUANTAN,PASAR BESAR KUANTAN,Runcit,26,Sayur-Sayuran,03,007,SAWI HIJAU,F.A.Q,Kilogram,6,5.8983335,
30863687,2026-08-19,2026-08-19 10:04:26.674771,PAHANG,KUANTAN,PASAR BESAR KUANTAN,Runcit,26,Sayur-Sayuran,03,007,SAWI HIJAU,F.A.Q,Kilogram,6,5.8983335,
30863688,2026-08-19,2026-08-19 10:04:26.674771,PAHANG,KUANTAN,PASAR BESAR KUANTAN,Runcit,26,Sayur-Sayuran,03,007,SAWI HIJAU,F.A.Q,Kilogram,6,5.8983335,
30863689,2026-08-19,2026-08-19 10:04:26.674771,PAHANG,KUANTAN,PASAR BESAR KUANTAN,Runcit,26,Sayur-Sayuran,03,007,SAWI HIJAU,F.A.Q,Kilogram,6,5.8983335,
30863690,2026-08-19,2026-08-19 10:04:26.674771,PAHANG,KUANTAN,PASAR BESAR KUANTAN,Runcit,26,Sayur-Sayuran,02,010,TERUNG PANJANG / PEPARU (TANAH RENDAH),F.A.Q,Kilogram,12,9.393333,
30863691,2026-08-19,2026-08-19 10:04:26.674771,PAHANG,KUANTAN,PASAR BESAR KUANTAN,Runcit,26,Sayur-Sayuran,02,010,TERUNG PANJANG / PEPARU (TANAH RENDAH),F.A.Q,Kilogram,11.5,9.393333,
30863692,2026-08-19,2026-08-19 10:04:26.674771,PAHANG,KUANTAN,PASAR BESAR KUANTAN,Runcit,26,Sayur-Sayuran,02,010,TERUNG PANJANG / PEPARU (TANAH RENDAH),F.A.Q,Kilogram,11.5,9.393333,
30863693,2026-08-19,2026-08-19 10:04:26.674771,PAHANG,KUANTAN,PASAR BESAR KUANTAN,Runcit,26,Sayur-Sayuran,02,010,TERUNG PANJANG / PEPARU (TANAH RENDAH),F.A.Q,Kilogram,12,9.393333,
30863694,2026-08-19,2026-08-19 10:04:26.674771,PAHANG,KUANTAN,PASAR BESAR KUANTAN,Runcit,26,Sayur-Sayuran,02,010,TERUNG PANJANG / PEPARU (TANAH RENDAH),F.A.Q,Kilogram,12,9.393333,
30863695,2026-08-19,2026-08-19 10:04:26.674771,PAHANG,KUANTAN,PASAR BESAR KUANTAN,Runcit,26,Sayur-Sayuran,02,011,TIMUN HIJAU,F.A.Q,Kilogram,2.5,3.565,
30863696,2026-08-19,2026-08-19 10:04:26.674771,PAHANG,KUANTAN,PASAR BESAR KUANTAN,Runcit,26,Sayur-Sayuran,02,011,TIMUN HIJAU,F.A.Q,Kilogram,2.6,3.565,
30863697,2026-08-19,2026-08-19 10:04:26.674771,PAHANG,KUANTAN,PASAR BESAR KUANTAN,Runcit,26,Sayur-Sayuran,02,011,TIMUN HIJAU,F.A.Q,Kilogram,2.5,3.565,
30863698,2026-08-19,2026-08-19 10:04:26.674771,PAHANG,KUANTAN,PASAR BESAR KUANTAN,Runcit,26,Sayur-Sayuran,02,011,TIMUN HIJAU,F.A.Q,Kilogram,2.7,3.565,
30863699,2026-08-19,2026-08-19 10:04:26.674771,PAHANG,KUANTAN,PASAR BESAR KUANTAN,Runcit,26,Sayur-Sayuran,02,011,TIMUN HIJAU,F.A.Q,Kilogram,2.5,3.565,
30863700,2026-08-19,2026-08-19 10:04:26.674771,PAHANG,KUANTAN,PASAR BESAR KUANTAN,Runcit,26,Sayur-Sayuran,02,012,TOMATO (TANAH TINGGI),F.A.Q,Kilogram,8.5,10.265,
30863701,2026-08-19,2026-08-19 10:04:26.674771,PAHANG,KUANTAN,PASAR BESAR KUANTAN,Runcit,26,Sayur-Sayuran,02,012,TOMATO (TANAH TINGGI),F.A.Q,Kilogram,8,10.265,
30863702,2026-08-19,2026-08-19 10:04:26.674771,PAHANG,KUANTAN,PASAR BESAR KUANTAN,Runcit,26,Sayur-Sayuran,02,012,TOMATO (TANAH TINGGI),F.A.Q,Kilogram,8.3,10.265,
30863703,2026-08-19,2026-08-19 10:04:26.674771,PAHANG,KUANTAN,PASAR BESAR KUANTAN,Runcit,26,Sayur-Sayuran,02,012,TOMATO (TANAH TINGGI),F.A.Q,Kilogram,8.5,10.265,
30863704,2026-08-19,2026-08-19 10:04:26.674771,PAHANG,KUANTAN,PASAR BESAR KUANTAN,Runcit,26,Sayur-Sayuran,02,012,TOMATO (TANAH TINGGI),F.A.Q,Kilogram,8.3,10.265,
30863705,2026-08-19,2026-08-19 10:05:39.279833,PERAK,KINTA,PASAR BORONG KUALA PARI,Borong,20,Sayur-Sayuran,01,001,ASPARAGUS (IMPORT),F.A.Q,Kilogram,14,14,
30863706,2026-08-19,2026-08-19 10:05:39.279833,PERAK,KINTA,PASAR BORONG KUALA PARI,Borong,20,Sayur-Sayuran,01,001,ASPARAGUS (IMPORT),F.A.Q,Kilogram,14,14,
30863707,2026-08-19,2026-08-19 10:05:39.279833,PERAK,KINTA,PASAR BORONG KUALA PARI,Borong,20,Sayur-Sayuran,02,014,BELIMBING BULUH,F.A.Q,Kilogram,5.2,5,
30863708,2026-08-19,2026-08-19 10:05:39.279833,PERAK,KINTA,PASAR BORONG KUALA PARI,Borong,20,Sayur-Sayuran,02,014,BELIMBING BULUH,F.A.Q,Kilogram,5.2,5,
30863709,2026-08-19,2026-08-19 10:05:39.279833,PERAK,KINTA,PASAR BORONG KUALA PARI,Borong,20,Sayur-Sayuran,03,003,BROKOLI,F.A.Q,Kilogram,5.6,5.55,
30863710,2026-08-19,2026-08-19 10:05:39.279833,PERAK,KINTA,PASAR BORONG KUALA PARI,Borong,20,Sayur-Sayuran,03,003,BROKOLI,F.A.Q,Kilogram,5.6,5.55,
30863711,2026-08-19,2026-08-19 10:05:39.279833,PERAK,KINTA,PASAR BORONG KUALA PARI,Borong,20,Sayur-Sayuran,03,035,BUNGA KANTAN,F.A.Q,Tangkai,1,3.3,
30863712,2026-08-19,2026-08-19 10:05:39.279833,PERAK,KINTA,PASAR BORONG KUALA PARI,Borong,20,Sayur-Sayuran,03,035,BUNGA KANTAN,F.A.Q,Tangkai,1,3.3,
30863713,2026-08-19,2026-08-19 10:05:39.279833,PERAK,KINTA,PASAR BORONG KUALA PARI,Borong,20,Sayur-Sayuran,03,035,BUNGA KANTAN,F.A.Q,Tangkai,1,3.3,
30863714,2026-08-19,2026-08-19 10:05:39.279833,PERAK,KINTA,PASAR BORONG KUALA PARI,Borong,20,Sayur-Sayuran,06,001,CENDAWAN TIRAM KELABU,F.A.Q,Kilogram,11,11,
30863715,2026-08-19,2026-08-19 10:05:39.279833,PERAK,KINTA,PASAR BORONG KUALA PARI,Borong,20,Sayur-Sayuran,06,001,CENDAWAN TIRAM KELABU,F.A.Q,Kilogram,11,11,
30863716,2026-08-19,2026-08-19 10:05:39.279833,PERAK,KINTA,PASAR BORONG KUALA PARI,Borong,20,Sayur-Sayuran,02,002,CILI PADI,F.A.Q,Kilogram,27,26.5,
30863717,2026-08-19,2026-08-19 10:05:39.279833,PERAK,KINTA,PASAR BORONG KUALA PARI,Borong,20,Sayur-Sayuran,02,002,CILI PADI,F.A.Q,Kilogram,27,26.5,
30863718,2026-08-19,2026-08-19 10:05:39.279833,PERAK,KINTA,PASAR BORONG KUALA PARI,Borong,20,Sayur-Sayuran,02,002,CILI PADI,F.A.Q,Kilogram,27,26.5,
30863719,2026-08-19,2026-08-19 10:05:39.279833,PERAK,KINTA,PASAR BORONG KUALA PARI,Borong,20,Sayur-Sayuran,02,002,CILI PADI AKAR (THAILAND),F.A.Q,Kilogram,8,8,
30863720,2026-08-19,2026-08-19 10:05:39.279833,PERAK,KINTA,PASAR BORONG KUALA PARI,Borong,20,Sayur-Sayuran,02,002,CILI PADI AKAR (THAILAND),F.A.Q,Kilogram,8,8,
30863721,2026-08-19,2026-08-19 10:05:39.279833,PERAK,KINTA,PASAR BORONG KUALA PARI,Borong,20,Sayur-Sayuran,02,002,CILI PADI AKAR (THAILAND),F.A.Q,Kilogram,8,8,
30863722,2026-08-19,2026-08-19 10:05:39.279833,PERAK,KINTA,PASAR BORONG KUALA PARI,Borong,20,Sayur-Sayuran,02,002,CILI PADI KAMPUNG (THAILAND),F.A.Q,Kilogram,8,8,
30863723,2026-08-19,2026-08-19 10:05:39.279833,PERAK,KINTA,PASAR BORONG KUALA PARI,Borong,20,Sayur-Sayuran,02,002,CILI PADI KAMPUNG (THAILAND),F.A.Q,Kilogram,8,8,
30863724,2026-08-19,2026-08-19 10:05:39.279833,PERAK,KINTA,PASAR BORONG KUALA PARI,Borong,20,Sayur-Sayuran,02,002,CILI PADI KAMPUNG (THAILAND),F.A.Q,Kilogram,8,8,
30863725,2026-08-19,2026-08-19 10:05:39.279833,PERAK,KINTA,PASAR BORONG KUALA PARI,Borong,20,Sayur-Sayuran,02,002,CILI PADI MERAH (IMPORT),F.A.Q,Kilogram,11.1,11,
30863726,2026-08-19,2026-08-19 10:05:39.279833,PERAK,KINTA,PASAR BORONG KUALA PARI,Borong,20,Sayur-Sayuran,02,002,CILI PADI MERAH (IMPORT),F.A.Q,Kilogram,11.1,11,
30863727,2026-08-19,2026-08-19 10:05:39.279833,PERAK,KINTA,PASAR BORONG KUALA PARI,Borong,20,Sayur-Sayuran,02,002,CILI PADI MERAH (IMPORT),F.A.Q,Kilogram,11.1,11,
30863728,2026-08-19,2026-08-19 10:05:39.279833,PERAK,KINTA,PASAR BORONG KUALA PARI,Borong,20,Sayur-Sayuran,03,011,DAUN KESUM,F.A.Q,Kilogram,6.5,6.35,
30863729,2026-08-19,2026-08-19 10:05:39.279833,PERAK,KINTA,PASAR BORONG KUALA PARI,Borong,20,Sayur-Sayuran,03,011,DAUN KESUM,F.A.Q,Kilogram,6.5,6.35,
30863730,2026-08-19,2026-08-19 10:05:39.279833,PERAK,KINTA,PASAR BORONG KUALA PARI,Borong,20,Sayur-Sayuran,03,011,DAUN KESUM,F.A.Q,Kilogram,6.5,6.35,
30863731,2026-08-19,2026-08-19 10:05:39.279833,PERAK,KINTA,PASAR BORONG KUALA PARI,Borong,20,Sayur-Sayuran,03,021,DAUN KETUMBAR (IMPORT),F.A.Q,Kilogram,14.2,14,
30863732,2026-08-19,2026-08-19 10:05:39.279833,PERAK,KINTA,PASAR BORONG KUALA PARI,Borong,20,Sayur-Sayuran,03,021,DAUN KETUMBAR (IMPORT),F.A.Q,Kilogram,14.2,14,
30863733,2026-08-19,2026-08-19 10:05:39.279833,PERAK,KINTA,PASAR BORONG KUALA PARI,Borong,20,Sayur-Sayuran,03,021,DAUN KETUMBAR (IMPORT),F.A.Q,Kilogram,14.2,14,
30863734,2026-08-19,2026-08-19 10:05:39.279833,PERAK,KINTA,PASAR BORONG KUALA PARI,Borong,20,Sayur-Sayuran,07,002,DAUN SELOM,F.A.Q,Kilogram,6.7,6.65,
30863735,2026-08-19,2026-08-19 10:05:39.279833,PERAK,KINTA,PASAR BORONG KUALA PARI,Borong,20,Sayur-Sayuran,07,002,DAUN SELOM,F.A.Q,Kilogram,6.7,6.65,
30863736,2026-08-19,2026-08-19 10:05:39.279833,PERAK,KINTA,PASAR BORONG KUALA PARI,Borong,20,Sayur-Sayuran,07,002,DAUN SELOM,F.A.Q,Kilogram,6.7,6.65,
30863737,2026-08-19,2026-08-19 10:05:39.279833,PERAK,KINTA,PASAR BORONG KUALA PARI,Borong,20,Sayur-Sayuran,05,002,HALIA MUDA,F.A.Q,Kilogram,9.7,9.8,
30863738,2026-08-19,2026-08-19 10:05:39.279833,PERAK,KINTA,PASAR BORONG KUALA PARI,Borong,20,Sayur-Sayuran,05,002,HALIA MUDA,F.A.Q,Kilogram,9.7,9.8,
30863739,2026-08-19,2026-08-19 10:05:39.279833,PERAK,KINTA,PASAR BORONG KUALA PARI,Borong,20,Sayur-Sayuran,05,002,HALIA MUDA,F.A.Q,Kilogram,9.7,9.8,
30863740,2026-08-19,2026-08-19 10:05:39.279833,PERAK,KINTA,PASAR BORONG KUALA PARI,Borong,20,Sayur-Sayuran,05,002,HALIA MUDA (IMPORT),F.A.Q,Kilogram,8.5,8.5,
30863741,2026-08-19,2026-08-19 10:05:39.279833,PERAK,KINTA,PASAR BORONG KUALA PARI,Borong,20,Sayur-Sayuran,05,002,HALIA MUDA (IMPORT),F.A.Q,Kilogram,8.5,8.5,
30863742,2026-08-19,2026-08-19 10:05:39.279833,PERAK,KINTA,PASAR BORONG KUALA PARI,Borong,20,Sayur-Sayuran,05,002,HALIA MUDA (IMPORT),F.A.Q,Kilogram,8.5,8.5,
30863743,2026-08-19,2026-08-19 10:05:39.279833,PERAK,KINTA,PASAR BORONG KUALA PARI,Borong,20,Sayur-Sayuran,05,002,HALIA TUA,F.A.Q,Kilogram,7,7,
30863744,2026-08-19,2026-08-19 10:05:39.279833,PERAK,KINTA,PASAR BORONG KUALA PARI,Borong,20,Sayur-Sayuran,05,002,HALIA TUA,F.A.Q,Kilogram,7,7,
30863745,2026-08-19,2026-08-19 10:05:39.279833,PERAK,KINTA,PASAR BORONG KUALA PARI,Borong,20,Sayur-Sayuran,05,002,HALIA TUA,F.A.Q,Kilogram,7,7,
30863746,2026-08-19,2026-08-19 10:05:39.279833,PERAK,KINTA,PASAR BORONG KUALA PARI,Borong,20,Sayur-Sayuran,05,002,HALIA TUA (IMPORT),F.A.Q,Kilogram,6.3,6,
30863747,2026-08-19,2026-08-19 10:05:39.279833,PERAK,KINTA,PASAR BORONG KUALA PARI,Borong,20,Sayur-Sayuran,05,002,HALIA TUA (IMPORT),F.A.Q,Kilogram,6.3,6,
30863748,2026-08-19,2026-08-19 10:05:39.279833,PERAK,KINTA,PASAR BORONG KUALA PARI,Borong,20,Sayur-Sayuran,05,002,HALIA TUA (IMPORT),F.A.Q,Kilogram,6.3,6,
30863749,2026-08-19,2026-08-19 10:05:39.279833,PERAK,KINTA,PASAR BORONG KUALA PARI,Borong,20,Sayur-Sayuran,02,001,JAGUNG SAYUR / BABY CORN,F.A.Q,Kilogram,11.5,11.5,
30863750,2026-08-19,2026-08-19 10:05:39.279833,PERAK,KINTA,PASAR BORONG KUALA PARI,Borong,20,Sayur-Sayuran,02,001,JAGUNG SAYUR / BABY CORN,F.A.Q,Kilogram,11.5,11.5,
30863751,2026-08-19,2026-08-19 10:05:39.279833,PERAK,KINTA,PASAR BORONG KUALA PARI,Borong,20,Sayur-Sayuran,02,001,JAGUNG SAYUR / BABY CORN,F.A.Q,Kilogram,11.5,11.5,
30863752,2026-08-19,2026-08-19 10:05:39.279833,PERAK,KINTA,PASAR BORONG KUALA PARI,Borong,20,Sayur-Sayuran,04,005,KACANG BOTOR,F.A.Q,Kilogram,4.7,4.15,
30863753,2026-08-19,2026-08-19 10:05:39.279833,PERAK,KINTA,PASAR BORONG KUALA PARI,Borong,20,Sayur-Sayuran,04,005,KACANG BOTOR,F.A.Q,Kilogram,4.7,4.15,
30863754,2026-08-19,2026-08-19 10:05:39.279833,PERAK,KINTA,PASAR BORONG KUALA PARI,Borong,20,Sayur-Sayuran,03,018,KAILAN,F.A.Q,Kilogram,5,5,
30863755,2026-08-19,2026-08-19 10:05:39.279833,PERAK,KINTA,PASAR BORONG KUALA PARI,Borong,20,Sayur-Sayuran,03,018,KAILAN,F.A.Q,Kilogram,5,5,
30863756,2026-08-19,2026-08-19 10:05:39.279833,PERAK,KINTA,PASAR BORONG KUALA PARI,Borong,20,Sayur-Sayuran,03,018,KAILAN (IMPORT),F.A.Q,Kilogram,9.5,10,
30863757,2026-08-19,2026-08-19 10:05:39.279833,PERAK,KINTA,PASAR BORONG KUALA PARI,Borong,20,Sayur-Sayuran,03,018,KAILAN (IMPORT),F.A.Q,Kilogram,9.5,10,
30863758,2026-08-19,2026-08-19 10:05:39.279833,PERAK,KINTA,PASAR BORONG KUALA PARI,Borong,20,Sayur-Sayuran,05,003,KELADI,F.A.Q,Kilogram,5.2,5.2,
30863759,2026-08-19,2026-08-19 10:05:39.279833,PERAK,KINTA,PASAR BORONG KUALA PARI,Borong,20,Sayur-Sayuran,05,003,KELADI,F.A.Q,Kilogram,5.2,5.2,
30863760,2026-08-19,2026-08-19 10:05:39.279833,PERAK,KINTA,PASAR BORONG KUALA PARI,Borong,20,Sayur-Sayuran,05,003,KELADI,F.A.Q,Kilogram,5.2,5.2,
30863761,2026-08-19,2026-08-19 10:05:39.279833,PERAK,KINTA,PASAR BORONG KUALA PARI,Borong,20,Sayur-Sayuran,02,004,KETOLA / PETOLA SEGI,F.A.Q,Kilogram,6,6,
30863762,2026-08-19,2026-08-19 10:05:39.279833,PERAK,KINTA,PASAR BORONG KUALA PARI,Borong,20,Sayur-Sayuran,02,004,KETOLA / PETOLA SEGI,F.A.Q,Kilogram,6,6,
30863763,2026-08-19,2026-08-19 10:05:39.279833,PERAK,KINTA,PASAR BORONG KUALA PARI,Borong,20,Sayur-Sayuran,03,006,KUBIS BULAT BEIJING (IMPORT),F.A.Q,Kilogram,2.6,2.6,
30863764,2026-08-19,2026-08-19 10:05:39.279833,PERAK,KINTA,PASAR BORONG KUALA PARI,Borong,20,Sayur-Sayuran,03,006,KUBIS BULAT BEIJING (IMPORT),F.A.Q,Kilogram,2.6,2.6,
30863765,2026-08-19,2026-08-19 10:05:39.279833,PERAK,KINTA,PASAR BORONG KUALA PARI,Borong,20,Sayur-Sayuran,03,004,KUBIS BUNGA (IMPORT),F.A.Q,Kilogram,6,6.3,
30863766,2026-08-19,2026-08-19 10:05:39.279833,PERAK,KINTA,PASAR BORONG KUALA PARI,Borong,20,Sayur-Sayuran,03,004,KUBIS BUNGA (IMPORT),F.A.Q,Kilogram,6,6.3,
30863767,2026-08-19,2026-08-19 10:05:39.279833,PERAK,KINTA,PASAR BORONG KUALA PARI,Borong,20,Sayur-Sayuran,03,005,KUBIS PANJANG / CINA,F.A.Q,Kilogram,3,3,
30863768,2026-08-19,2026-08-19 10:05:39.279833,PERAK,KINTA,PASAR BORONG KUALA PARI,Borong,20,Sayur-Sayuran,03,005,KUBIS PANJANG / CINA,F.A.Q,Kilogram,3,3,
30863769,2026-08-19,2026-08-19 10:05:39.279833,PERAK,KINTA,PASAR BORONG KUALA PARI,Borong,20,Sayur-Sayuran,03,005,KUBIS PANJANG / CINA (IMPORT),F.A.Q,Kilogram,2.9,2.8,
30863770,2026-08-19,2026-08-19 10:05:39.279833,PERAK,KINTA,PASAR BORONG KUALA PARI,Borong,20,Sayur-Sayuran,03,005,KUBIS PANJANG / CINA (IMPORT),F.A.Q,Kilogram,2.9,2.8,
30863771,2026-08-19,2026-08-19 10:05:39.279833,PERAK,KINTA,PASAR BORONG KUALA PARI,Borong,20,Sayur-Sayuran,02,005,KUNDUR BULAT,F.A.Q,Kilogram,3,3,
30863772,2026-08-19,2026-08-19 10:05:39.279833,PERAK,KINTA,PASAR BORONG KUALA PARI,Borong,20,Sayur-Sayuran,02,005,KUNDUR BULAT,F.A.Q,Kilogram,3,3,
30863773,2026-08-19,2026-08-19 10:05:39.279833,PERAK,KINTA,PASAR BORONG KUALA PARI,Borong,20,Sayur-Sayuran,05,004,KUNYIT,F.A.Q,Kilogram,8,8,
30863774,2026-08-19,2026-08-19 10:05:39.279833,PERAK,KINTA,PASAR BORONG KUALA PARI,Borong,20,Sayur-Sayuran,05,004,KUNYIT,F.A.Q,Kilogram,8,8,
30863775,2026-08-19,2026-08-19 10:05:39.494689,PERAK,KINTA,PASAR BORONG KUALA PARI,Borong,20,Sayur-Sayuran,02,006,LABU AIR,F.A.Q,Kilogram,2.3,2.1,
30863776,2026-08-19,2026-08-19 10:05:39.494689,PERAK,KINTA,PASAR BORONG KUALA PARI,Borong,20,Sayur-Sayuran,02,006,LABU AIR,F.A.Q,Kilogram,2.3,2.1,
30863777,2026-08-19,2026-08-19 10:05:39.494689,PERAK,KINTA,PASAR BORONG KUALA PARI,Borong,20,Sayur-Sayuran,02,006,LABU AIR,F.A.Q,Kilogram,2.3,2.1,
30863778,2026-08-19,2026-08-19 10:05:39.494689,PERAK,KINTA,PASAR BORONG KUALA PARI,Borong,20,Sayur-Sayuran,02,006,LABU MANIS,F.A.Q,Kilogram,3,3,
30863779,2026-08-19,2026-08-19 10:05:39.494689,PERAK,KINTA,PASAR BORONG KUALA PARI,Borong,20,Sayur-Sayuran,02,006,LABU MANIS,F.A.Q,Kilogram,3,3,
30863780,2026-08-19,2026-08-19 10:05:39.494689,PERAK,KINTA,PASAR BORONG KUALA PARI,Borong,20,Sayur-Sayuran,02,006,LABU MANIS,F.A.Q,Kilogram,3,3,
30863781,2026-08-19,2026-08-19 10:05:39.494689,PERAK,KINTA,PASAR BORONG KUALA PARI,Borong,20,Sayur-Sayuran,02,003,LADA BENGGALA / CAPSICUM HIJAU,F.A.Q,Kilogram,2.7,2.5,
30863782,2026-08-19,2026-08-19 10:05:39.494689,PERAK,KINTA,PASAR BORONG KUALA PARI,Borong,20,Sayur-Sayuran,02,003,LADA BENGGALA / CAPSICUM HIJAU,F.A.Q,Kilogram,2.7,2.5,
30863783,2026-08-19,2026-08-19 10:05:39.494689,PERAK,KINTA,PASAR BORONG KUALA PARI,Borong,20,Sayur-Sayuran,02,003,LADA BENGGALA / CAPSICUM KUNING,F.A.Q,Kilogram,3,2.8,
30863784,2026-08-19,2026-08-19 10:05:39.494689,PERAK,KINTA,PASAR BORONG KUALA PARI,Borong,20,Sayur-Sayuran,02,003,LADA BENGGALA / CAPSICUM KUNING,F.A.Q,Kilogram,3,2.8,
30863785,2026-08-19,2026-08-19 10:05:39.494689,PERAK,KINTA,PASAR BORONG KUALA PARI,Borong,20,Sayur-Sayuran,02,003,LADA BENGGALA / CAPSICUM MERAH,F.A.Q,Kilogram,3,2.8,
30863786,2026-08-19,2026-08-19 10:05:39.494689,PERAK,KINTA,PASAR BORONG KUALA PARI,Borong,20,Sayur-Sayuran,02,003,LADA BENGGALA / CAPSICUM MERAH,F.A.Q,Kilogram,3,2.8,
30863787,2026-08-19,2026-08-19 10:05:39.494689,PERAK,KINTA,PASAR BORONG KUALA PARI,Borong,20,Sayur-Sayuran,05,005,LENGKUAS,F.A.Q,Kilogram,8.4,8.5,
30863788,2026-08-19,2026-08-19 10:05:39.494689,PERAK,KINTA,PASAR BORONG KUALA PARI,Borong,20,Sayur-Sayuran,05,005,LENGKUAS,F.A.Q,Kilogram,8.4,8.5,
30863789,2026-08-19,2026-08-19 10:05:39.494689,PERAK,KINTA,PASAR BORONG KUALA PARI,Borong,20,Sayur-Sayuran,01,003,LIK,F.A.Q,Kilogram,6,6,
30863790,2026-08-19,2026-08-19 10:05:39.494689,PERAK,KINTA,PASAR BORONG KUALA PARI,Borong,20,Sayur-Sayuran,01,003,LIK,F.A.Q,Kilogram,6,6,
30863791,2026-08-19,2026-08-19 10:05:39.494689,PERAK,KINTA,PASAR BORONG KUALA PARI,Borong,20,Sayur-Sayuran,01,003,LIK (IMPORT),F.A.Q,Kilogram,5.2,5.2,
30863792,2026-08-19,2026-08-19 10:05:39.494689,PERAK,KINTA,PASAR BORONG KUALA PARI,Borong,20,Sayur-Sayuran,01,003,LIK (IMPORT),F.A.Q,Kilogram,5.2,5.2,
30863793,2026-08-19,2026-08-19 10:05:39.494689,PERAK,KINTA,PASAR BORONG KUALA PARI,Borong,20,Sayur-Sayuran,02,007,LIMAU KASTURI,F.A.Q,Kilogram,2,2,
30863794,2026-08-19,2026-08-19 10:05:39.494689,PERAK,KINTA,PASAR BORONG KUALA PARI,Borong,20,Sayur-Sayuran,02,007,LIMAU KASTURI,F.A.Q,Kilogram,2,2,
30863795,2026-08-19,2026-08-19 10:05:39.494689,PERAK,KINTA,PASAR BORONG KUALA PARI,Borong,20,Sayur-Sayuran,02,007,LIMAU KASTURI,F.A.Q,Kilogram,2,2,
30863796,2026-08-19,2026-08-19 10:05:39.494689,PERAK,KINTA,PASAR BORONG KUALA PARI,Borong,20,Sayur-Sayuran,02,007,LIMAU NIPIS,F.A.Q,Kilogram,3,3,
30863797,2026-08-19,2026-08-19 10:05:39.494689,PERAK,KINTA,PASAR BORONG KUALA PARI,Borong,20,Sayur-Sayuran,02,007,LIMAU NIPIS,F.A.Q,Kilogram,3,3,
30863798,2026-08-19,2026-08-19 10:05:39.494689,PERAK,KINTA,PASAR BORONG KUALA PARI,Borong,20,Sayur-Sayuran,02,007,LIMAU NIPIS,F.A.Q,Kilogram,3,3,
30863799,2026-08-19,2026-08-19 10:05:39.494689,PERAK,KINTA,PASAR BORONG KUALA PARI,Borong,20,Sayur-Sayuran,05,006,LOBAK MERAH (CHINA),F.A.Q,Kilogram,3.1,3,
30863800,2026-08-19,2026-08-19 10:05:39.494689,PERAK,KINTA,PASAR BORONG KUALA PARI,Borong,20,Sayur-Sayuran,05,006,LOBAK MERAH (CHINA),F.A.Q,Kilogram,3.1,3,
30863801,2026-08-19,2026-08-19 10:05:39.494689,PERAK,KINTA,PASAR BORONG KUALA PARI,Borong,20,Sayur-Sayuran,05,006,LOBAK MERAH (CHINA),F.A.Q,Kilogram,3.1,3,
30863802,2026-08-19,2026-08-19 10:05:39.494689,PERAK,KINTA,PASAR BORONG KUALA PARI,Borong,20,Sayur-Sayuran,05,006,LOBAK PUTIH TANAH TINGGI,F.A.Q,Kilogram,2.1,2,
30863803,2026-08-19,2026-08-19 10:05:39.494689,PERAK,KINTA,PASAR BORONG KUALA PARI,Borong,20,Sayur-Sayuran,05,006,LOBAK PUTIH TANAH TINGGI,F.A.Q,Kilogram,2.1,2,
30863804,2026-08-19,2026-08-19 10:05:39.494689,PERAK,KINTA,PASAR BORONG KUALA PARI,Borong,20,Sayur-Sayuran,07,002,PEGAGA,F.A.Q,Kilogram,8,8,
30863805,2026-08-19,2026-08-19 10:05:39.494689,PERAK,KINTA,PASAR BORONG KUALA PARI,Borong,20,Sayur-Sayuran,07,002,PEGAGA,F.A.Q,Kilogram,8,8,
30863806,2026-08-19,2026-08-19 10:05:39.494689,PERAK,KINTA,PASAR BORONG KUALA PARI,Borong,20,Sayur-Sayuran,07,002,PEGAGA,F.A.Q,Kilogram,8,8,
30863807,2026-08-19,2026-08-19 10:05:39.494689,PERAK,KINTA,PASAR BORONG KUALA PARI,Borong,20,Sayur-Sayuran,02,009,PERIA,F.A.Q,Kilogram,6.2,6.125,
30863808,2026-08-19,2026-08-19 10:05:39.494689,PERAK,KINTA,PASAR BORONG KUALA PARI,Borong,20,Sayur-Sayuran,02,009,PERIA,F.A.Q,Kilogram,6.2,6.125,
30863809,2026-08-19,2026-08-19 10:05:39.494689,PERAK,KINTA,PASAR BORONG KUALA PARI,Borong,20,Sayur-Sayuran,02,009,PERIA KATAK,F.A.Q,Kilogram,3,3,
30863810,2026-08-19,2026-08-19 10:05:39.494689,PERAK,KINTA,PASAR BORONG KUALA PARI,Borong,20,Sayur-Sayuran,02,009,PERIA KATAK,F.A.Q,Kilogram,3,3,
30863811,2026-08-19,2026-08-19 10:05:39.494689,PERAK,KINTA,PASAR BORONG KUALA PARI,Borong,20,Sayur-Sayuran,07,002,PUCUK GAJUS,F.A.Q,Kilogram,8.7,8.7,
30863812,2026-08-19,2026-08-19 10:05:39.494689,PERAK,KINTA,PASAR BORONG KUALA PARI,Borong,20,Sayur-Sayuran,07,002,PUCUK GAJUS,F.A.Q,Kilogram,8.7,8.7,
30863813,2026-08-19,2026-08-19 10:05:39.494689,PERAK,KINTA,PASAR BORONG KUALA PARI,Borong,20,Sayur-Sayuran,07,002,PUCUK GAJUS,F.A.Q,Kilogram,8.7,8.7,
30863814,2026-08-19,2026-08-19 10:05:39.494689,PERAK,KINTA,PASAR BORONG KUALA PARI,Borong,20,Sayur-Sayuran,03,026,PUCUK PAKU,F.A.Q,Kilogram,6.8,6.8,
30863815,2026-08-19,2026-08-19 10:05:39.494689,PERAK,KINTA,PASAR BORONG KUALA PARI,Borong,20,Sayur-Sayuran,03,026,PUCUK PAKU,F.A.Q,Kilogram,6.8,6.8,
30863816,2026-08-19,2026-08-19 10:05:39.494689,PERAK,KINTA,PASAR BORONG KUALA PARI,Borong,20,Sayur-Sayuran,03,026,PUCUK PAKU,F.A.Q,Kilogram,6.8,6.8,
30863817,2026-08-19,2026-08-19 10:05:39.494689,PERAK,KINTA,PASAR BORONG KUALA PARI,Borong,20,Sayur-Sayuran,03,027,SALAD,F.A.Q,Kilogram,6,6,
30863818,2026-08-19,2026-08-19 10:05:39.494689,PERAK,KINTA,PASAR BORONG KUALA PARI,Borong,20,Sayur-Sayuran,03,027,SALAD,F.A.Q,Kilogram,6,6,
30863819,2026-08-19,2026-08-19 10:05:39.494689,PERAK,KINTA,PASAR BORONG KUALA PARI,Borong,20,Sayur-Sayuran,03,027,SALAD (IMPORT),F.A.Q,Kilogram,4,4.05,
30863820,2026-08-19,2026-08-19 10:05:39.494689,PERAK,KINTA,PASAR BORONG KUALA PARI,Borong,20,Sayur-Sayuran,03,027,SALAD (IMPORT),F.A.Q,Kilogram,4.1,4.05,
30863821,2026-08-19,2026-08-19 10:05:39.494689,PERAK,KINTA,PASAR BORONG KUALA PARI,Borong,20,Sayur-Sayuran,03,027,SALAD BULAT TANAH TINGGI,F.A.Q,Kilogram,6.8,7,
30863822,2026-08-19,2026-08-19 10:05:39.494689,PERAK,KINTA,PASAR BORONG KUALA PARI,Borong,20,Sayur-Sayuran,03,027,SALAD BULAT TANAH TINGGI,F.A.Q,Kilogram,6.8,7,
30863823,2026-08-19,2026-08-19 10:05:39.494689,PERAK,KINTA,PASAR BORONG KUALA PARI,Borong,20,Sayur-Sayuran,03,007,SAWI BUNGA,F.A.Q,Kilogram,4,4,
30863824,2026-08-19,2026-08-19 10:05:39.494689,PERAK,KINTA,PASAR BORONG KUALA PARI,Borong,20,Sayur-Sayuran,03,007,SAWI BUNGA,F.A.Q,Kilogram,4,4,
30863825,2026-08-19,2026-08-19 10:05:39.494689,PERAK,KINTA,PASAR BORONG KUALA PARI,Borong,20,Sayur-Sayuran,03,007,SAWI JEPUN,F.A.Q,Kilogram,4,4,
30863826,2026-08-19,2026-08-19 10:05:39.494689,PERAK,KINTA,PASAR BORONG KUALA PARI,Borong,20,Sayur-Sayuran,03,007,SAWI JEPUN,F.A.Q,Kilogram,4,4,
30863827,2026-08-19,2026-08-19 10:05:39.494689,PERAK,KINTA,PASAR BORONG KUALA PARI,Borong,20,Sayur-Sayuran,03,007,SAWI PAHIT,F.A.Q,Kilogram,2,2,
30863828,2026-08-19,2026-08-19 10:05:39.494689,PERAK,KINTA,PASAR BORONG KUALA PARI,Borong,20,Sayur-Sayuran,03,007,SAWI PAHIT,F.A.Q,Kilogram,2,2,
30863829,2026-08-19,2026-08-19 10:05:39.494689,PERAK,KINTA,PASAR BORONG KUALA PARI,Borong,20,Sayur-Sayuran,03,007,SAWI PUTIH PAK CHOY,F.A.Q,Kilogram,3,3,
30863830,2026-08-19,2026-08-19 10:05:39.494689,PERAK,KINTA,PASAR BORONG KUALA PARI,Borong,20,Sayur-Sayuran,03,007,SAWI PUTIH PAK CHOY,F.A.Q,Kilogram,3,3,
30863831,2026-08-19,2026-08-19 10:05:39.494689,PERAK,KINTA,PASAR BORONG KUALA PARI,Borong,20,Sayur-Sayuran,05,007,SENGKUANG,F.A.Q,Kilogram,2.6,2.5,
30863832,2026-08-19,2026-08-19 10:05:39.494689,PERAK,KINTA,PASAR BORONG KUALA PARI,Borong,20,Sayur-Sayuran,05,007,SENGKUANG,F.A.Q,Kilogram,2.6,2.5,
30863833,2026-08-19,2026-08-19 10:05:39.494689,PERAK,KINTA,PASAR BORONG KUALA PARI,Borong,20,Sayur-Sayuran,05,007,SENGKUANG,F.A.Q,Kilogram,2.6,2.5,
30863834,2026-08-19,2026-08-19 10:05:39.494689,PERAK,KINTA,PASAR BORONG KUALA PARI,Borong,20,Sayur-Sayuran,05,008,SERAI,F.A.Q,Kilogram,2.6,2.5,
30863835,2026-08-19,2026-08-19 10:05:39.494689,PERAK,KINTA,PASAR BORONG KUALA PARI,Borong,20,Sayur-Sayuran,05,008,SERAI,F.A.Q,Kilogram,2.6,2.5,
30863836,2026-08-19,2026-08-19 10:05:39.494689,PERAK,KINTA,PASAR BORONG KUALA PARI,Borong,20,Sayur-Sayuran,05,008,SERAI,F.A.Q,Kilogram,2.5,2.5,
30863837,2026-08-19,2026-08-19 10:05:39.494689,PERAK,KINTA,PASAR BORONG KUALA PARI,Borong,20,Sayur-Sayuran,03,002,TAUGE,F.A.Q,Kilogram,2.5,2.5,
30863838,2026-08-19,2026-08-19 10:05:39.494689,PERAK,KINTA,PASAR BORONG KUALA PARI,Borong,20,Sayur-Sayuran,03,002,TAUGE,F.A.Q,Kilogram,2.5,2.5,
30863839,2026-08-19,2026-08-19 10:05:39.494689,PERAK,KINTA,PASAR BORONG KUALA PARI,Borong,20,Sayur-Sayuran,03,002,TAUGE,F.A.Q,Kilogram,2.5,2.5,
30863840,2026-08-19,2026-08-19 10:05:39.494689,PERAK,KINTA,PASAR BORONG KUALA PARI,Borong,20,Sayur-Sayuran,07,002,TENGGEK BURUNG,F.A.Q,Kilogram,7.8,7.65,
30863841,2026-08-19,2026-08-19 10:05:39.494689,PERAK,KINTA,PASAR BORONG KUALA PARI,Borong,20,Sayur-Sayuran,07,002,TENGGEK BURUNG,F.A.Q,Kilogram,7.8,7.65,
30863842,2026-08-19,2026-08-19 10:05:39.494689,PERAK,KINTA,PASAR BORONG KUALA PARI,Borong,20,Sayur-Sayuran,07,002,TENGGEK BURUNG,F.A.Q,Kilogram,7.8,7.65,
30863843,2026-08-19,2026-08-19 10:05:39.494689,PERAK,KINTA,PASAR BORONG KUALA PARI,Borong,20,Sayur-Sayuran,02,010,TERUNG BULAT,F.A.Q,Kilogram,6.3,6.4166665,
30863844,2026-08-19,2026-08-19 10:05:39.494689,PERAK,KINTA,PASAR BORONG KUALA PARI,Borong,20,Sayur-Sayuran,02,010,TERUNG BULAT,F.A.Q,Kilogram,6.4,6.4166665,
30863845,2026-08-19,2026-08-19 10:05:39.686649,PERAK,KINTA,PASAR BORONG KUALA PARI,Borong,20,Sayur-Sayuran,02,010,TERUNG BULAT,F.A.Q,Kilogram,6.4,6.4166665,
30863846,2026-08-19,2026-08-19 10:05:39.686649,PERAK,KINTA,PASAR BORONG KUALA PARI,Borong,20,Sayur-Sayuran,02,010,TERUNG PEPARU MINI,F.A.Q,Kilogram,5.5,5.5,
30863847,2026-08-19,2026-08-19 10:05:39.686649,PERAK,KINTA,PASAR BORONG KUALA PARI,Borong,20,Sayur-Sayuran,02,010,TERUNG PEPARU MINI,F.A.Q,Kilogram,5.5,5.5,
30863848,2026-08-19,2026-08-19 10:05:39.686649,PERAK,KINTA,PASAR BORONG KUALA PARI,Borong,20,Sayur-Sayuran,02,010,TERUNG PEPARU MINI,F.A.Q,Kilogram,5.5,5.5,
30863849,2026-08-19,2026-08-19 10:05:39.686649,PERAK,KINTA,PASAR BORONG KUALA PARI,Borong,20,Sayur-Sayuran,02,010,TERUNG PIPIT,F.A.Q,Kilogram,6.5,6.5,
30863850,2026-08-19,2026-08-19 10:05:39.686649,PERAK,KINTA,PASAR BORONG KUALA PARI,Borong,20,Sayur-Sayuran,02,010,TERUNG PIPIT,F.A.Q,Kilogram,6.5,6.5,
30863851,2026-08-19,2026-08-19 10:05:39.686649,PERAK,KINTA,PASAR BORONG KUALA PARI,Borong,20,Sayur-Sayuran,02,010,TERUNG PIPIT,F.A.Q,Kilogram,6.5,6.5,
30863852,2026-08-19,2026-08-19 10:05:39.686649,PERAK,KINTA,PASAR BORONG KUALA PARI,Borong,20,Sayur-Sayuran,02,010,TERUNG TELUNJUK,F.A.Q,Kilogram,4,4,
30863853,2026-08-19,2026-08-19 10:05:39.686649,PERAK,KINTA,PASAR BORONG KUALA PARI,Borong,20,Sayur-Sayuran,02,010,TERUNG TELUNJUK,F.A.Q,Kilogram,4,4,
30863854,2026-08-19,2026-08-19 10:05:39.686649,PERAK,KINTA,PASAR BORONG KUALA PARI,Borong,20,Sayur-Sayuran,02,010,TERUNG TELUNJUK,F.A.Q,Kilogram,4,4,
30863855,2026-08-19,2026-08-19 10:05:39.686649,PERAK,KINTA,PASAR BORONG KUALA PARI,Borong,20,Sayur-Sayuran,02,011,TIMUN JEPUN,F.A.Q,Kilogram,2,2,
30863856,2026-08-19,2026-08-19 10:05:39.686649,PERAK,KINTA,PASAR BORONG KUALA PARI,Borong,20,Sayur-Sayuran,02,011,TIMUN JEPUN,F.A.Q,Kilogram,2,2,
30863857,2026-08-19,2026-08-19 10:05:39.686649,PERAK,KINTA,PASAR BORONG KUALA PARI,Borong,20,Sayur-Sayuran,02,011,TIMUN JEPUN,F.A.Q,Kilogram,2,2,
30863858,2026-08-19,2026-08-19 10:05:39.686649,PERAK,KINTA,PASAR BORONG KUALA PARI,Borong,20,Sayur-Sayuran,07,002,ULAM RAJA,F.A.Q,Kilogram,7.5,7.5,
30863859,2026-08-19,2026-08-19 10:05:39.686649,PERAK,KINTA,PASAR BORONG KUALA PARI,Borong,20,Sayur-Sayuran,07,002,ULAM RAJA,F.A.Q,Kilogram,7.5,7.5,
30863860,2026-08-19,2026-08-19 10:05:39.686649,PERAK,KINTA,PASAR BORONG KUALA PARI,Borong,20,Sayur-Sayuran,07,002,ULAM RAJA,F.A.Q,Kilogram,7.5,7.5,
30863861,2026-08-19,2026-08-19 10:06:22.18845,KEDAH,PENDANG,LADANG/KEBUN KAMPUNG PAYA LIPAI,Ladang,,Sayur-Sayuran,03,001,BAYAM,F.A.Q,Kilogram,2,2,
30863862,2026-08-19,2026-08-19 10:06:22.18845,KEDAH,PENDANG,LADANG/KEBUN KAMPUNG PAYA LIPAI,Ladang,,Sayur-Sayuran,02,002,CILI MERAH KULAI / KULAI HIBRID,F.A.Q,Kilogram,12,11.6,
30863863,2026-08-19,2026-08-19 10:06:22.18845,KEDAH,PENDANG,LADANG/KEBUN KAMPUNG PAYA LIPAI,Ladang,,Sayur-Sayuran,04,002,KACANG BENDI,F.A.Q,Kilogram,2.5,2.5666666,
30863864,2026-08-19,2026-08-19 10:06:22.18845,KEDAH,PENDANG,LADANG/KEBUN KAMPUNG PAYA LIPAI,Ladang,,Sayur-Sayuran,04,007,KACANG PANJANG HIJAU,F.A.Q,Kilogram,2,2.3933334,
30863865,2026-08-19,2026-08-19 10:06:22.18845,KEDAH,PENDANG,LADANG/KEBUN KAMPUNG PAYA LIPAI,Ladang,,Sayur-Sayuran,03,007,SAWI HIJAU,F.A.Q,Kilogram,2,2.15625,
30863866,2026-08-19,2026-08-19 10:06:22.18845,KEDAH,PENDANG,LADANG/KEBUN KAMPUNG PAYA LIPAI,Ladang,,Sayur-Sayuran,02,010,TERUNG PANJANG / PEPARU (TANAH RENDAH),F.A.Q,Kilogram,3.5,3.16,
30863867,2026-08-19,2026-08-19 10:06:22.18845,KEDAH,PENDANG,LADANG/KEBUN KAMPUNG PAYA LIPAI,Ladang,,Sayur-Sayuran,02,011,TIMUN HIJAU,F.A.Q,Kilogram,0.8,1.14,
30863868,2026-08-19,2026-08-19 10:06:29.141116,JOHOR,JOHOR BAHRU,[PUSAT KUTIPAN HARGA BORONG] SKUDAI,Borong,20,Sayur-Sayuran,05,001,BAWANG BESAR MERAH (INDIA),F.A.Q,Kilogram,4,4,
30863869,2026-08-19,2026-08-19 10:06:29.141116,JOHOR,JOHOR BAHRU,[PUSAT KUTIPAN HARGA BORONG] SKUDAI,Borong,20,Sayur-Sayuran,05,001,BAWANG PUTIH (CHINA),F.A.Q,Kilogram,12.5,7.62,
30863870,2026-08-19,2026-08-19 10:06:29.141116,JOHOR,JOHOR BAHRU,[PUSAT KUTIPAN HARGA BORONG] SKUDAI,Borong,20,Sayur-Sayuran,05,009,UBI KENTANG HOLLAND,F.A.Q,Kilogram,2.5,2.62,
30863871,2026-08-19,2026-08-19 10:06:40.041549,KEDAH,POKOK SENA,LADANG/KEBUN KAMPUNG PANCUR,Ladang,,Buah-Buahan,02,028,PISANG BERANGAN,F.A.Q,Kilogram,2.5,2.5,
30863872,2026-08-19,2026-08-19 10:06:50.983785,KEDAH,POKOK SENA,LADANG/KEBUN KAMPUNG JABI,Ladang,,Buah-Buahan,02,034,TEMBIKAI MERAH TANPA BIJI,F.A.Q,Kilogram,1.2,1.2,
30863873,2026-08-19,2026-08-19 10:07:01.777348,KEDAH,KOTA SETAR,[LOKASI KUTIPAN HARGA LADANG] BUKIT PINANG,Ladang,,Ternakan,01,003,AYAM HIDUP,F.A.Q,Kilogram,6,6,
30863874,2026-08-19,2026-08-19 10:07:17.017409,KEDAH,KOTA SETAR,PASAR BORONG ALOR SETAR,Borong,20,Ternakan,01,003,AYAM HIDUP,F.A.Q,Kilogram,6.8,6.8,
30863875,2026-08-19,2026-08-19 10:07:17.017409,KEDAH,KOTA SETAR,PASAR BORONG ALOR SETAR,Borong,20,Ternakan,03,002,AYAM PROSES STANDARD,F.A.Q,Kilogram,8.2,8.2,
30863876,2026-08-19,2026-08-19 10:07:32.585265,KEDAH,KOTA SETAR,PASAR BORONG ALOR SETAR,Borong,20,Buah-Buahan,02,028,PISANG BERANGAN,F.A.Q,Kilogram,3.5,3.93,
30863877,2026-08-19,2026-08-19 10:07:32.585265,KEDAH,KOTA SETAR,PASAR BORONG ALOR SETAR,Borong,20,Buah-Buahan,02,034,TEMBIKAI MERAH TANPA BIJI,F.A.Q,Kilogram,2.5,3.55,
30863878,2026-08-19,2026-08-19 10:07:38.296278,JOHOR,JOHOR BAHRU,[PUSAT KUTIPAN HARGA BORONG] BANDAR BARU PERMAS JAYA,Borong,20,Ternakan,02,003,DAGING LEMBU PEJAL,F.A.Q,Kilogram,38,30.46,
30863879,2026-08-19,2026-08-19 10:08:11.911205,KEDAH,KOTA SETAR,PASAR BORONG ALOR SETAR,Borong,20,Ternakan,11,001,TELUR AYAM,B,Biji,0.41,0.40583333,
30863880,2026-08-19,2026-08-19 10:08:36.788078,JOHOR,JOHOR BAHRU,PASAR AWAM LARKIN,Runcit,26,Ternakan,11,001,TELUR AYAM,B,Biji,0.52,0.45,
30863881,2026-08-19,2026-08-19 10:09:27.224215,KEDAH,KOTA SETAR,PASAR BORONG ALOR SETAR,Borong,20,Sayur-Sayuran,05,001,BAWANG BESAR MERAH (INDIA),F.A.Q,Kilogram,3.5,2.73,
30863882,2026-08-19,2026-08-19 10:09:27.224215,KEDAH,KOTA SETAR,PASAR BORONG ALOR SETAR,Borong,20,Sayur-Sayuran,05,001,BAWANG PUTIH (CHINA),F.A.Q,Kilogram,8,5.98,
30863883,2026-08-19,2026-08-19 10:09:27.224215,KEDAH,KOTA SETAR,PASAR BORONG ALOR SETAR,Borong,20,Sayur-Sayuran,03,001,BAYAM,F.A.Q,Kilogram,3.5,4.11,
30863884,2026-08-19,2026-08-19 10:09:27.224215,KEDAH,KOTA SETAR,PASAR BORONG ALOR SETAR,Borong,20,Sayur-Sayuran,02,002,CILI MERAH KULAI / KULAI HIBRID,F.A.Q,Kilogram,15,13.69,
30863885,2026-08-19,2026-08-19 10:09:27.224215,KEDAH,KOTA SETAR,PASAR BORONG ALOR SETAR,Borong,20,Sayur-Sayuran,04,002,KACANG BENDI,F.A.Q,Kilogram,5,8.23,
30863886,2026-08-19,2026-08-19 10:09:27.224215,KEDAH,KOTA SETAR,PASAR BORONG ALOR SETAR,Borong,20,Sayur-Sayuran,04,007,KACANG PANJANG HIJAU,F.A.Q,Kilogram,4.5,5.88,
30863887,2026-08-19,2026-08-19 10:09:27.224215,KEDAH,KOTA SETAR,PASAR BORONG ALOR SETAR,Borong,20,Sayur-Sayuran,03,006,KUBIS BULAT (TANAH TINGGI),F.A.Q,Kilogram,2.5,3.18,
30863888,2026-08-19,2026-08-19 10:09:27.224215,KEDAH,KOTA SETAR,PASAR BORONG ALOR SETAR,Borong,20,Sayur-Sayuran,03,007,SAWI HIJAU,F.A.Q,Kilogram,4,4.43,
30863889,2026-08-19,2026-08-19 10:09:27.224215,KEDAH,KOTA SETAR,PASAR BORONG ALOR SETAR,Borong,20,Sayur-Sayuran,02,010,TERUNG PANJANG / PEPARU (TANAH RENDAH),F.A.Q,Kilogram,6,7.33,
30863890,2026-08-19,2026-08-19 10:09:27.224215,KEDAH,KOTA SETAR,PASAR BORONG ALOR SETAR,Borong,20,Sayur-Sayuran,02,011,TIMUN HIJAU,F.A.Q,Kilogram,2,2.57,
30863891,2026-08-19,2026-08-19 10:09:27.224215,KEDAH,KOTA SETAR,PASAR BORONG ALOR SETAR,Borong,20,Sayur-Sayuran,02,012,TOMATO (TANAH TINGGI),F.A.Q,Kilogram,6,7,
30863892,2026-08-19,2026-08-19 10:09:44.957205,KEDAH,KOTA SETAR,PASAR BORONG ALOR SETAR,Borong,20,Ternakan,02,003,DAGING LEMBU PEJAL,F.A.Q,Kilogram,28,29.5,
30863893,2026-08-19,2026-08-19 10:09:54.628716,KEDAH,KOTA SETAR,PASAR BORONG ALOR SETAR,Borong,20,Tanaman Kontan,05,001,KELAPA DIKUPAS,SEDANG,Biji,2.1,2.1,
30863894,2026-08-19,2026-08-19 10:10:01.89939,MELAKA,MELAKA TENGAH,PASAR BESAR MBMB,Runcit,26,Sayur-Sayuran,03,003,BROKOLI (IMPORT),F.A.Q,Kilogram,8,12.31,
30863895,2026-08-19,2026-08-19 10:10:01.89939,MELAKA,MELAKA TENGAH,PASAR BESAR MBMB,Runcit,26,Sayur-Sayuran,03,003,BROKOLI (IMPORT),F.A.Q,Kilogram,9,12.31,
30863896,2026-08-19,2026-08-19 10:10:01.89939,MELAKA,MELAKA TENGAH,PASAR BESAR MBMB,Runcit,26,Sayur-Sayuran,03,035,BUNGA KANTAN,F.A.Q,Tangkai,2.5,1,
30863897,2026-08-19,2026-08-19 10:10:01.89939,MELAKA,MELAKA TENGAH,PASAR BESAR MBMB,Runcit,26,Sayur-Sayuran,03,035,BUNGA KANTAN,F.A.Q,Tangkai,2,1,
30863898,2026-08-19,2026-08-19 10:10:01.89939,MELAKA,MELAKA TENGAH,PASAR BESAR MBMB,Runcit,26,Sayur-Sayuran,06,001,CENDAWAN TIRAM KELABU,F.A.Q,Kilogram,13,14.58,
30863899,2026-08-19,2026-08-19 10:10:01.89939,MELAKA,MELAKA TENGAH,PASAR BESAR MBMB,Runcit,26,Sayur-Sayuran,06,001,CENDAWAN TIRAM KELABU,F.A.Q,Kilogram,13,14.58,
30863900,2026-08-19,2026-08-19 10:10:01.89939,MELAKA,MELAKA TENGAH,PASAR BESAR MBMB,Runcit,26,Sayur-Sayuran,02,002,CILI PADI,F.A.Q,Kilogram,23,24.42,
30863901,2026-08-19,2026-08-19 10:10:01.89939,MELAKA,MELAKA TENGAH,PASAR BESAR MBMB,Runcit,26,Sayur-Sayuran,02,002,CILI PADI,F.A.Q,Kilogram,25,24.42,
30863902,2026-08-19,2026-08-19 10:10:01.89939,MELAKA,MELAKA TENGAH,PASAR BESAR MBMB,Runcit,26,Sayur-Sayuran,02,002,CILI PADI AKAR (THAILAND),F.A.Q,Kilogram,10,15.04,
30863903,2026-08-19,2026-08-19 10:10:01.89939,MELAKA,MELAKA TENGAH,PASAR BESAR MBMB,Runcit,26,Sayur-Sayuran,02,002,CILI PADI AKAR (THAILAND),F.A.Q,Kilogram,12,15.04,
30863904,2026-08-19,2026-08-19 10:10:01.89939,MELAKA,MELAKA TENGAH,PASAR BESAR MBMB,Runcit,26,Sayur-Sayuran,02,002,CILI PADI MERAH (IMPORT),F.A.Q,Kilogram,15,20,
30863905,2026-08-19,2026-08-19 10:10:01.89939,MELAKA,MELAKA TENGAH,PASAR BESAR MBMB,Runcit,26,Sayur-Sayuran,02,002,CILI PADI MERAH (IMPORT),F.A.Q,Kilogram,15,20,
30863906,2026-08-19,2026-08-19 10:10:01.89939,MELAKA,MELAKA TENGAH,PASAR BESAR MBMB,Runcit,26,Sayur-Sayuran,03,011,DAUN KESUM,F.A.Q,Kilogram,10,8.09,
30863907,2026-08-19,2026-08-19 10:10:01.89939,MELAKA,MELAKA TENGAH,PASAR BESAR MBMB,Runcit,26,Sayur-Sayuran,03,021,DAUN KETUMBAR (IMPORT),F.A.Q,Kilogram,15,18,
30863908,2026-08-19,2026-08-19 10:10:01.89939,MELAKA,MELAKA TENGAH,PASAR BESAR MBMB,Runcit,26,Sayur-Sayuran,03,021,DAUN KETUMBAR (IMPORT),F.A.Q,Kilogram,15,18,
30863909,2026-08-19,2026-08-19 10:10:01.89939,MELAKA,MELAKA TENGAH,PASAR BESAR MBMB,Runcit,26,Sayur-Sayuran,07,002,DAUN SELOM,F.A.Q,Kilogram,12,9.44,
30863910,2026-08-19,2026-08-19 10:10:01.89939,MELAKA,MELAKA TENGAH,PASAR BESAR MBMB,Runcit,26,Sayur-Sayuran,05,002,HALIA MUDA (IMPORT),F.A.Q,Kilogram,10,9.9,
30863911,2026-08-19,2026-08-19 10:10:01.89939,MELAKA,MELAKA TENGAH,PASAR BESAR MBMB,Runcit,26,Sayur-Sayuran,05,002,HALIA MUDA (IMPORT),F.A.Q,Kilogram,10,9.9,
30863912,2026-08-19,2026-08-19 10:10:01.89939,MELAKA,MELAKA TENGAH,PASAR BESAR MBMB,Runcit,26,Sayur-Sayuran,05,002,HALIA TUA (IMPORT),F.A.Q,Kilogram,8,8.57,
30863913,2026-08-19,2026-08-19 10:10:01.89939,MELAKA,MELAKA TENGAH,PASAR BESAR MBMB,Runcit,26,Sayur-Sayuran,05,002,HALIA TUA (IMPORT),F.A.Q,Kilogram,8,8.57,
30863914,2026-08-19,2026-08-19 10:10:01.89939,MELAKA,MELAKA TENGAH,PASAR BESAR MBMB,Runcit,26,Sayur-Sayuran,05,002,HALIA TUA BENTONG,F.A.Q,Kilogram,30,25.14,
30863915,2026-08-19,2026-08-19 10:10:01.89939,MELAKA,MELAKA TENGAH,PASAR BESAR MBMB,Runcit,26,Sayur-Sayuran,02,001,JAGUNG SAYUR / BABY CORN,F.A.Q,Kilogram,18,8.84,
30863916,2026-08-19,2026-08-19 10:10:01.89939,MELAKA,MELAKA TENGAH,PASAR BESAR MBMB,Runcit,26,Sayur-Sayuran,02,001,JAGUNG SAYUR / BABY CORN,F.A.Q,Kilogram,15,8.84,
30863917,2026-08-19,2026-08-19 10:10:01.89939,MELAKA,MELAKA TENGAH,PASAR BESAR MBMB,Runcit,26,Sayur-Sayuran,04,005,KACANG BOTOR,F.A.Q,Kilogram,12,14.49,
30863918,2026-08-19,2026-08-19 10:10:01.89939,MELAKA,MELAKA TENGAH,PASAR BESAR MBMB,Runcit,26,Sayur-Sayuran,04,005,KACANG BOTOR,F.A.Q,Kilogram,12,14.49,
30863919,2026-08-19,2026-08-19 10:10:01.89939,MELAKA,MELAKA TENGAH,PASAR BESAR MBMB,Runcit,26,Sayur-Sayuran,03,018,KAILAN,F.A.Q,Kilogram,8,8.75,
30863920,2026-08-19,2026-08-19 10:10:01.89939,MELAKA,MELAKA TENGAH,PASAR BESAR MBMB,Runcit,26,Sayur-Sayuran,03,018,KAILAN,F.A.Q,Kilogram,8,8.75,
30863921,2026-08-19,2026-08-19 10:10:01.89939,MELAKA,MELAKA TENGAH,PASAR BESAR MBMB,Runcit,26,Sayur-Sayuran,05,003,KELADI,F.A.Q,Kilogram,10,9.65,
30863922,2026-08-19,2026-08-19 10:10:01.89939,MELAKA,MELAKA TENGAH,PASAR BESAR MBMB,Runcit,26,Sayur-Sayuran,05,003,KELADI,F.A.Q,Kilogram,10,9.65,
30863923,2026-08-19,2026-08-19 10:10:01.89939,MELAKA,MELAKA TENGAH,PASAR BESAR MBMB,Runcit,26,Sayur-Sayuran,02,004,KETOLA / PETOLA SEGI,F.A.Q,Kilogram,6,6,
30863924,2026-08-19,2026-08-19 10:10:01.89939,MELAKA,MELAKA TENGAH,PASAR BESAR MBMB,Runcit,26,Sayur-Sayuran,02,004,KETOLA / PETOLA SEGI,F.A.Q,Kilogram,6,6,
30863925,2026-08-19,2026-08-19 10:10:01.89939,MELAKA,MELAKA TENGAH,PASAR BESAR MBMB,Runcit,26,Sayur-Sayuran,03,006,KUBIS BULAT BEIJING (IMPORT),F.A.Q,Kilogram,4,5.61,
30863926,2026-08-19,2026-08-19 10:10:01.89939,MELAKA,MELAKA TENGAH,PASAR BESAR MBMB,Runcit,26,Sayur-Sayuran,03,006,KUBIS BULAT BEIJING (IMPORT),F.A.Q,Kilogram,4.5,5.61,
30863927,2026-08-19,2026-08-19 10:10:01.89939,MELAKA,MELAKA TENGAH,PASAR BESAR MBMB,Runcit,26,Sayur-Sayuran,03,004,KUBIS BUNGA (IMPORT),F.A.Q,Kilogram,7,8.93,
30863928,2026-08-19,2026-08-19 10:10:01.89939,MELAKA,MELAKA TENGAH,PASAR BESAR MBMB,Runcit,26,Sayur-Sayuran,03,004,KUBIS BUNGA (IMPORT),F.A.Q,Kilogram,8,8.93,
30863929,2026-08-19,2026-08-19 10:10:01.89939,MELAKA,MELAKA TENGAH,PASAR BESAR MBMB,Runcit,26,Sayur-Sayuran,03,005,KUBIS PANJANG / CINA,F.A.Q,Kilogram,5,5.94,
30863930,2026-08-19,2026-08-19 10:10:01.89939,MELAKA,MELAKA TENGAH,PASAR BESAR MBMB,Runcit,26,Sayur-Sayuran,03,005,KUBIS PANJANG / CINA,F.A.Q,Kilogram,5,5.94,
30863931,2026-08-19,2026-08-19 10:10:01.89939,MELAKA,MELAKA TENGAH,PASAR BESAR MBMB,Runcit,26,Sayur-Sayuran,03,005,KUBIS PANJANG / CINA (IMPORT),F.A.Q,Kilogram,4,6.09,
30863932,2026-08-19,2026-08-19 10:10:01.89939,MELAKA,MELAKA TENGAH,PASAR BESAR MBMB,Runcit,26,Sayur-Sayuran,03,005,KUBIS PANJANG / CINA (IMPORT),F.A.Q,Kilogram,4,6.09,
30863933,2026-08-19,2026-08-19 10:10:01.89939,MELAKA,MELAKA TENGAH,PASAR BESAR MBMB,Runcit,26,Sayur-Sayuran,02,005,KUNDUR BULAT,F.A.Q,Kilogram,6,4.78,
30863934,2026-08-19,2026-08-19 10:10:01.89939,MELAKA,MELAKA TENGAH,PASAR BESAR MBMB,Runcit,26,Sayur-Sayuran,05,004,KUNYIT,F.A.Q,Kilogram,8,8.45,
30863935,2026-08-19,2026-08-19 10:10:01.89939,MELAKA,MELAKA TENGAH,PASAR BESAR MBMB,Runcit,26,Sayur-Sayuran,05,004,KUNYIT,F.A.Q,Kilogram,8,8.45,
30863936,2026-08-19,2026-08-19 10:10:01.89939,MELAKA,MELAKA TENGAH,PASAR BESAR MBMB,Runcit,26,Sayur-Sayuran,02,006,LABU AIR,F.A.Q,Kilogram,5,4.9,
30863937,2026-08-19,2026-08-19 10:10:01.89939,MELAKA,MELAKA TENGAH,PASAR BESAR MBMB,Runcit,26,Sayur-Sayuran,02,006,LABU MANIS,F.A.Q,Kilogram,4,5.17,
30863938,2026-08-19,2026-08-19 10:10:01.89939,MELAKA,MELAKA TENGAH,PASAR BESAR MBMB,Runcit,26,Sayur-Sayuran,02,006,LABU MANIS,F.A.Q,Kilogram,5,5.17,
30863939,2026-08-19,2026-08-19 10:10:01.89939,MELAKA,MELAKA TENGAH,PASAR BESAR MBMB,Runcit,26,Sayur-Sayuran,02,003,LADA BENGGALA / CAPSICUM HIJAU,F.A.Q,Kilogram,10,12.6,
30863940,2026-08-19,2026-08-19 10:10:01.89939,MELAKA,MELAKA TENGAH,PASAR BESAR MBMB,Runcit,26,Sayur-Sayuran,02,003,LADA BENGGALA / CAPSICUM HIJAU,F.A.Q,Kilogram,11,12.6,
30863941,2026-08-19,2026-08-19 10:10:01.89939,MELAKA,MELAKA TENGAH,PASAR BESAR MBMB,Runcit,26,Sayur-Sayuran,02,003,LADA BENGGALA / CAPSICUM KUNING,F.A.Q,Kilogram,15,13.72,
30863942,2026-08-19,2026-08-19 10:10:01.89939,MELAKA,MELAKA TENGAH,PASAR BESAR MBMB,Runcit,26,Sayur-Sayuran,02,003,LADA BENGGALA / CAPSICUM MERAH,F.A.Q,Kilogram,15,13.94,
30863943,2026-08-19,2026-08-19 10:10:01.89939,MELAKA,MELAKA TENGAH,PASAR BESAR MBMB,Runcit,26,Sayur-Sayuran,02,003,LADA BENGGALA / CAPSICUM MERAH,F.A.Q,Kilogram,15,13.94,
30863944,2026-08-19,2026-08-19 10:10:01.89939,MELAKA,MELAKA TENGAH,PASAR BESAR MBMB,Runcit,26,Sayur-Sayuran,05,005,LENGKUAS,F.A.Q,Kilogram,8,7.19,
30863945,2026-08-19,2026-08-19 10:10:01.89939,MELAKA,MELAKA TENGAH,PASAR BESAR MBMB,Runcit,26,Sayur-Sayuran,05,005,LENGKUAS,F.A.Q,Kilogram,8,7.19,
30863946,2026-08-19,2026-08-19 10:10:01.89939,MELAKA,MELAKA TENGAH,PASAR BESAR MBMB,Runcit,26,Sayur-Sayuran,02,007,LIMAU KASTURI,F.A.Q,Kilogram,5,11.02,
30863947,2026-08-19,2026-08-19 10:10:01.89939,MELAKA,MELAKA TENGAH,PASAR BESAR MBMB,Runcit,26,Sayur-Sayuran,02,007,LIMAU KASTURI,F.A.Q,Kilogram,5,11.02,
30863948,2026-08-19,2026-08-19 10:10:01.89939,MELAKA,MELAKA TENGAH,PASAR BESAR MBMB,Runcit,26,Sayur-Sayuran,02,007,LIMAU NIPIS,F.A.Q,Kilogram,6,10.08,
30863949,2026-08-19,2026-08-19 10:10:01.89939,MELAKA,MELAKA TENGAH,PASAR BESAR MBMB,Runcit,26,Sayur-Sayuran,02,007,LIMAU NIPIS,F.A.Q,Kilogram,6,10.08,
30863950,2026-08-19,2026-08-19 10:10:01.89939,MELAKA,MELAKA TENGAH,PASAR BESAR MBMB,Runcit,26,Sayur-Sayuran,05,006,LOBAK MERAH (CHINA),F.A.Q,Kilogram,3.5,4.79,
30863951,2026-08-19,2026-08-19 10:10:01.89939,MELAKA,MELAKA TENGAH,PASAR BESAR MBMB,Runcit,26,Sayur-Sayuran,05,006,LOBAK MERAH (CHINA),F.A.Q,Kilogram,3.5,4.79,
30863952,2026-08-19,2026-08-19 10:10:01.89939,MELAKA,MELAKA TENGAH,PASAR BESAR MBMB,Runcit,26,Sayur-Sayuran,05,006,LOBAK PUTIH TANAH TINGGI,F.A.Q,Kilogram,6,6.71,
30863953,2026-08-19,2026-08-19 10:10:01.89939,MELAKA,MELAKA TENGAH,PASAR BESAR MBMB,Runcit,26,Sayur-Sayuran,07,002,PEGAGA,F.A.Q,Kilogram,20,13.63,
30863954,2026-08-19,2026-08-19 10:10:01.89939,MELAKA,MELAKA TENGAH,PASAR BESAR MBMB,Runcit,26,Sayur-Sayuran,02,009,PERIA,F.A.Q,Kilogram,8,8.63,
30863955,2026-08-19,2026-08-19 10:10:01.89939,MELAKA,MELAKA TENGAH,PASAR BESAR MBMB,Runcit,26,Sayur-Sayuran,02,009,PERIA,F.A.Q,Kilogram,9,8.63,
30863956,2026-08-19,2026-08-19 10:10:01.89939,MELAKA,MELAKA TENGAH,PASAR BESAR MBMB,Runcit,26,Sayur-Sayuran,02,009,PERIA KATAK,F.A.Q,Kilogram,8,7.12,
30863957,2026-08-19,2026-08-19 10:10:01.89939,MELAKA,MELAKA TENGAH,PASAR BESAR MBMB,Runcit,26,Sayur-Sayuran,02,009,PERIA KATAK,F.A.Q,Kilogram,9,7.12,
30863958,2026-08-19,2026-08-19 10:10:01.89939,MELAKA,MELAKA TENGAH,PASAR BESAR MBMB,Runcit,26,Sayur-Sayuran,07,003,PETAI,F.A.Q,RM/5 Keping,8,8.05,
30863959,2026-08-19,2026-08-19 10:10:01.89939,MELAKA,MELAKA TENGAH,PASAR BESAR MBMB,Runcit,26,Sayur-Sayuran,07,003,PETAI,F.A.Q,RM/5 Keping,10,8.05,
30863960,2026-08-19,2026-08-19 10:10:01.89939,MELAKA,MELAKA TENGAH,PASAR BESAR MBMB,Runcit,26,Sayur-Sayuran,03,026,PUCUK PAKU,F.A.Q,Kilogram,10,10.25,
30863961,2026-08-19,2026-08-19 10:10:01.89939,MELAKA,MELAKA TENGAH,PASAR BESAR MBMB,Runcit,26,Sayur-Sayuran,01,002,REBUNG,F.A.Q,Kilogram,10,7.6,
30863962,2026-08-19,2026-08-19 10:10:01.89939,MELAKA,MELAKA TENGAH,PASAR BESAR MBMB,Runcit,26,Sayur-Sayuran,03,027,SALAD,F.A.Q,Kilogram,8,10.07,
30863963,2026-08-19,2026-08-19 10:10:01.89939,MELAKA,MELAKA TENGAH,PASAR BESAR MBMB,Runcit,26,Sayur-Sayuran,03,027,SALAD,F.A.Q,Kilogram,8,10.07,
30863964,2026-08-19,2026-08-19 10:10:02.163256,MELAKA,MELAKA TENGAH,PASAR BESAR MBMB,Runcit,26,Sayur-Sayuran,03,027,SALAD BULAT TANAH TINGGI,F.A.Q,Kilogram,9,8.8,
30863965,2026-08-19,2026-08-19 10:10:02.163256,MELAKA,MELAKA TENGAH,PASAR BESAR MBMB,Runcit,26,Sayur-Sayuran,03,027,SALAD BULAT TANAH TINGGI,F.A.Q,Kilogram,8,8.8,
30863966,2026-08-19,2026-08-19 10:10:02.163256,MELAKA,MELAKA TENGAH,PASAR BESAR MBMB,Runcit,26,Sayur-Sayuran,03,007,SAWI BUNGA,F.A.Q,Kilogram,8,10.1,
30863967,2026-08-19,2026-08-19 10:10:02.163256,MELAKA,MELAKA TENGAH,PASAR BESAR MBMB,Runcit,26,Sayur-Sayuran,03,007,SAWI BUNGA,F.A.Q,Kilogram,8,10.1,
30863968,2026-08-19,2026-08-19 10:10:02.163256,MELAKA,MELAKA TENGAH,PASAR BESAR MBMB,Runcit,26,Sayur-Sayuran,03,007,SAWI JEPUN,F.A.Q,Kilogram,6,8.01,
30863969,2026-08-19,2026-08-19 10:10:02.163256,MELAKA,MELAKA TENGAH,PASAR BESAR MBMB,Runcit,26,Sayur-Sayuran,03,007,SAWI JEPUN,F.A.Q,Kilogram,6,8.01,
30863970,2026-08-19,2026-08-19 10:10:02.163256,MELAKA,MELAKA TENGAH,PASAR BESAR MBMB,Runcit,26,Sayur-Sayuran,03,007,SAWI PUTIH PAK CHOY,F.A.Q,Kilogram,5,7.21,
30863971,2026-08-19,2026-08-19 10:10:02.163256,MELAKA,MELAKA TENGAH,PASAR BESAR MBMB,Runcit,26,Sayur-Sayuran,03,007,SAWI PUTIH PAK CHOY,F.A.Q,Kilogram,5,7.21,
30863972,2026-08-19,2026-08-19 10:10:02.163256,MELAKA,MELAKA TENGAH,PASAR BESAR MBMB,Runcit,26,Sayur-Sayuran,07,004,SELASIH,F.A.Q,Kilogram,15,15,
30863973,2026-08-19,2026-08-19 10:10:02.163256,MELAKA,MELAKA TENGAH,PASAR BESAR MBMB,Runcit,26,Sayur-Sayuran,07,004,SELASIH,F.A.Q,Kilogram,15,15,
30863974,2026-08-19,2026-08-19 10:10:02.163256,MELAKA,MELAKA TENGAH,PASAR BESAR MBMB,Runcit,26,Sayur-Sayuran,05,007,SENGKUANG,F.A.Q,Kilogram,5,5.37,
30863975,2026-08-19,2026-08-19 10:10:02.163256,MELAKA,MELAKA TENGAH,PASAR BESAR MBMB,Runcit,26,Sayur-Sayuran,05,007,SENGKUANG,F.A.Q,Kilogram,5,5.37,
30863976,2026-08-19,2026-08-19 10:10:02.163256,MELAKA,MELAKA TENGAH,PASAR BESAR MBMB,Runcit,26,Sayur-Sayuran,05,008,SERAI,F.A.Q,Kilogram,5,6.63,
30863977,2026-08-19,2026-08-19 10:10:02.163256,MELAKA,MELAKA TENGAH,PASAR BESAR MBMB,Runcit,26,Sayur-Sayuran,05,008,SERAI,F.A.Q,Kilogram,5,6.63,
30863978,2026-08-19,2026-08-19 10:10:02.163256,MELAKA,MELAKA TENGAH,PASAR BESAR MBMB,Runcit,26,Sayur-Sayuran,03,002,TAUGE,F.A.Q,Kilogram,3,3.58,
30863979,2026-08-19,2026-08-19 10:10:02.163256,MELAKA,MELAKA TENGAH,PASAR BESAR MBMB,Runcit,26,Sayur-Sayuran,03,002,TAUGE,F.A.Q,Kilogram,3,3.58,
30863980,2026-08-19,2026-08-19 10:10:02.163256,MELAKA,MELAKA TENGAH,PASAR BESAR MBMB,Runcit,26,Sayur-Sayuran,02,010,TERUNG BULAT,F.A.Q,Kilogram,8,9.82,
30863981,2026-08-19,2026-08-19 10:10:02.163256,MELAKA,MELAKA TENGAH,PASAR BESAR MBMB,Runcit,26,Sayur-Sayuran,02,010,TERUNG BULAT,F.A.Q,Kilogram,8,9.82,
30863982,2026-08-19,2026-08-19 10:10:02.163256,MELAKA,MELAKA TENGAH,PASAR BESAR MBMB,Runcit,26,Sayur-Sayuran,02,010,TERUNG PEPARU MINI,F.A.Q,Kilogram,9,9.48,
30863983,2026-08-19,2026-08-19 10:10:02.163256,MELAKA,MELAKA TENGAH,PASAR BESAR MBMB,Runcit,26,Sayur-Sayuran,02,010,TERUNG PEPARU MINI,F.A.Q,Kilogram,8,9.48,
30863984,2026-08-19,2026-08-19 10:10:02.163256,MELAKA,MELAKA TENGAH,PASAR BESAR MBMB,Runcit,26,Sayur-Sayuran,02,011,TIMUN JEPUN,F.A.Q,Kilogram,4,6.43,
30863985,2026-08-19,2026-08-19 10:10:02.163256,MELAKA,MELAKA TENGAH,PASAR BESAR MBMB,Runcit,26,Sayur-Sayuran,02,011,TIMUN JEPUN,F.A.Q,Kilogram,4,6.43,
30863986,2026-08-19,2026-08-19 10:10:11.360803,KEDAH,KOTA SETAR,PASAR BESAR ALOR SETAR,Runcit,26,Buah-Buahan,02,028,PISANG BERANGAN,F.A.Q,Kilogram,6,6,
30863987,2026-08-19,2026-08-19 10:10:11.360803,KEDAH,KOTA SETAR,PASAR BESAR ALOR SETAR,Runcit,26,Buah-Buahan,02,034,TEMBIKAI MERAH TANPA BIJI,F.A.Q,Kilogram,3.5,3.5,
30863988,2026-08-19,2026-08-19 10:10:20.594733,KEDAH,KOTA SETAR,PASAR BESAR ALOR SETAR,Runcit,26,Sayur-Sayuran,05,001,BAWANG BESAR MERAH (INDIA),F.A.Q,Kilogram,6,6,
30863989,2026-08-19,2026-08-19 10:10:45.746856,KEDAH,KOTA SETAR,PASAR BESAR ALOR SETAR,Runcit,26,Sayur-Sayuran,05,001,BAWANG PUTIH (CHINA),F.A.Q,Kilogram,10,8.52,
30863990,2026-08-19,2026-08-19 10:10:57.96369,KEDAH,KOTA SETAR,PASAR BESAR ALOR SETAR,Runcit,26,Ternakan,11,001,TELUR AYAM,B,Biji,0.43,0.43,
30863991,2026-08-19,2026-08-19 10:11:12.249559,KEDAH,KOTA SETAR,PASAR BESAR ALOR SETAR,Runcit,26,Ternakan,03,002,AYAM PROSES STANDARD,F.A.Q,Kilogram,9.5,9.5,
30863992,2026-08-19,2026-08-19 10:11:12.249559,KEDAH,KOTA SETAR,PASAR BESAR ALOR SETAR,Runcit,26,Ternakan,03,002,AYAM PROSES SUPER,F.A.Q,Kilogram,11,11,
30863993,2026-08-19,2026-08-19 10:12:06.57204,KEDAH,KOTA SETAR,PASAR BESAR ALOR SETAR,Runcit,26,Sayur-Sayuran,03,001,BAYAM,F.A.Q,Kilogram,5,5,
30863994,2026-08-19,2026-08-19 10:12:06.57204,KEDAH,KOTA SETAR,PASAR BESAR ALOR SETAR,Runcit,26,Sayur-Sayuran,02,002,CILI MERAH KULAI / KULAI HIBRID,F.A.Q,Kilogram,17,17,
30863995,2026-08-19,2026-08-19 10:12:06.57204,KEDAH,KOTA SETAR,PASAR BESAR ALOR SETAR,Runcit,26,Sayur-Sayuran,04,002,KACANG BENDI,F.A.Q,Kilogram,7,7.9166665,
30863996,2026-08-19,2026-08-19 10:12:06.57204,KEDAH,KOTA SETAR,PASAR BESAR ALOR SETAR,Runcit,26,Sayur-Sayuran,04,007,KACANG PANJANG HIJAU,F.A.Q,Kilogram,6.5,6.9583335,
30863997,2026-08-19,2026-08-19 10:12:06.57204,KEDAH,KOTA SETAR,PASAR BESAR ALOR SETAR,Runcit,26,Sayur-Sayuran,03,006,KUBIS BULAT (TANAH TINGGI),F.A.Q,Kilogram,5,5,
30863998,2026-08-19,2026-08-19 10:12:06.57204,KEDAH,KOTA SETAR,PASAR BESAR ALOR SETAR,Runcit,26,Sayur-Sayuran,03,007,SAWI HIJAU,F.A.Q,Kilogram,6,6,
30863999,2026-08-19,2026-08-19 10:12:06.57204,KEDAH,KOTA SETAR,PASAR BESAR ALOR SETAR,Runcit,26,Sayur-Sayuran,02,010,TERUNG PANJANG / PEPARU (TANAH RENDAH),F.A.Q,Kilogram,8,8,
30864000,2026-08-19,2026-08-19 10:12:06.57204,KEDAH,KOTA SETAR,PASAR BESAR ALOR SETAR,Runcit,26,Sayur-Sayuran,02,011,TIMUN HIJAU,F.A.Q,Kilogram,2.5,3.4166667,
30864001,2026-08-19,2026-08-19 10:12:06.57204,KEDAH,KOTA SETAR,PASAR BESAR ALOR SETAR,Runcit,26,Sayur-Sayuran,02,012,TOMATO (TANAH TINGGI),F.A.Q,Kilogram,8,8,
30864002,2026-08-19,2026-08-19 10:12:16.480579,KEDAH,KOTA SETAR,PASAR BESAR ALOR SETAR,Runcit,26,Tanaman Kontan,05,001,KELAPA DIKUPAS,SEDANG,Biji,3,3,
30864003,2026-08-19,2026-08-19 10:12:18.308473,PAHANG,KUANTAN,PASAR BORONG KEMUNTING,Borong,20,Sayur-Sayuran,03,001,BAYAM,F.A.Q,Kilogram,4,3.6583333,
30864004,2026-08-19,2026-08-19 10:12:18.308473,PAHANG,KUANTAN,PASAR BORONG KEMUNTING,Borong,20,Sayur-Sayuran,03,001,BAYAM,F.A.Q,Kilogram,3.8,3.6583333,
30864005,2026-08-19,2026-08-19 10:12:18.308473,PAHANG,KUANTAN,PASAR BORONG KEMUNTING,Borong,20,Sayur-Sayuran,03,001,BAYAM,F.A.Q,Kilogram,3.8,3.6583333,
30864006,2026-08-19,2026-08-19 10:12:18.308473,PAHANG,KUANTAN,PASAR BORONG KEMUNTING,Borong,20,Sayur-Sayuran,03,001,BAYAM,F.A.Q,Kilogram,4,3.6583333,
30864007,2026-08-19,2026-08-19 10:12:18.308473,PAHANG,KUANTAN,PASAR BORONG KEMUNTING,Borong,20,Sayur-Sayuran,03,001,BAYAM,F.A.Q,Kilogram,4,3.6583333,
30864008,2026-08-19,2026-08-19 10:12:18.308473,PAHANG,KUANTAN,PASAR BORONG KEMUNTING,Borong,20,Sayur-Sayuran,02,002,CILI MERAH KULAI / KULAI HIBRID,F.A.Q,Kilogram,14,14.135,
30864009,2026-08-19,2026-08-19 10:12:18.308473,PAHANG,KUANTAN,PASAR BORONG KEMUNTING,Borong,20,Sayur-Sayuran,02,002,CILI MERAH KULAI / KULAI HIBRID,F.A.Q,Kilogram,14,14.135,
30864010,2026-08-19,2026-08-19 10:12:18.308473,PAHANG,KUANTAN,PASAR BORONG KEMUNTING,Borong,20,Sayur-Sayuran,02,002,CILI MERAH KULAI / KULAI HIBRID,F.A.Q,Kilogram,13.8,14.135,
30864011,2026-08-19,2026-08-19 10:12:18.308473,PAHANG,KUANTAN,PASAR BORONG KEMUNTING,Borong,20,Sayur-Sayuran,02,002,CILI MERAH KULAI / KULAI HIBRID,F.A.Q,Kilogram,13.8,14.135,
30864012,2026-08-19,2026-08-19 10:12:18.308473,PAHANG,KUANTAN,PASAR BORONG KEMUNTING,Borong,20,Sayur-Sayuran,02,002,CILI MERAH KULAI / KULAI HIBRID,F.A.Q,Kilogram,14,14.135,
30864013,2026-08-19,2026-08-19 10:12:18.308473,PAHANG,KUANTAN,PASAR BORONG KEMUNTING,Borong,20,Sayur-Sayuran,02,002,CILI MERAH MINYAK,F.A.Q,Kilogram,12.5,11.076667,
30864014,2026-08-19,2026-08-19 10:12:18.308473,PAHANG,KUANTAN,PASAR BORONG KEMUNTING,Borong,20,Sayur-Sayuran,02,002,CILI MERAH MINYAK,F.A.Q,Kilogram,12.5,11.076667,
30864015,2026-08-19,2026-08-19 10:12:18.308473,PAHANG,KUANTAN,PASAR BORONG KEMUNTING,Borong,20,Sayur-Sayuran,02,002,CILI MERAH MINYAK,F.A.Q,Kilogram,12.6,11.076667,
30864016,2026-08-19,2026-08-19 10:12:18.308473,PAHANG,KUANTAN,PASAR BORONG KEMUNTING,Borong,20,Sayur-Sayuran,02,002,CILI MERAH MINYAK,F.A.Q,Kilogram,12.6,11.076667,
30864017,2026-08-19,2026-08-19 10:12:18.308473,PAHANG,KUANTAN,PASAR BORONG KEMUNTING,Borong,20,Sayur-Sayuran,02,002,CILI MERAH MINYAK,F.A.Q,Kilogram,12.5,11.076667,
30864018,2026-08-19,2026-08-19 10:12:18.308473,PAHANG,KUANTAN,PASAR BORONG KEMUNTING,Borong,20,Sayur-Sayuran,04,002,KACANG BENDI,F.A.Q,Kilogram,5.5,5.4083333,
30864019,2026-08-19,2026-08-19 10:12:18.308473,PAHANG,KUANTAN,PASAR BORONG KEMUNTING,Borong,20,Sayur-Sayuran,04,002,KACANG BENDI,F.A.Q,Kilogram,5.6,5.4083333,
30864020,2026-08-19,2026-08-19 10:12:18.308473,PAHANG,KUANTAN,PASAR BORONG KEMUNTING,Borong,20,Sayur-Sayuran,04,002,KACANG BENDI,F.A.Q,Kilogram,5.6,5.4083333,
30864021,2026-08-19,2026-08-19 10:12:18.308473,PAHANG,KUANTAN,PASAR BORONG KEMUNTING,Borong,20,Sayur-Sayuran,04,002,KACANG BENDI,F.A.Q,Kilogram,5.5,5.4083333,
30864022,2026-08-19,2026-08-19 10:12:18.308473,PAHANG,KUANTAN,PASAR BORONG KEMUNTING,Borong,20,Sayur-Sayuran,04,002,KACANG BENDI,F.A.Q,Kilogram,5.7,5.4083333,
30864023,2026-08-19,2026-08-19 10:12:18.308473,PAHANG,KUANTAN,PASAR BORONG KEMUNTING,Borong,20,Sayur-Sayuran,04,003,KACANG BUNCIS,F.A.Q,Kilogram,7,10.851429,
30864024,2026-08-19,2026-08-19 10:12:18.308473,PAHANG,KUANTAN,PASAR BORONG KEMUNTING,Borong,20,Sayur-Sayuran,04,003,KACANG BUNCIS,F.A.Q,Kilogram,7.5,10.851429,
30864025,2026-08-19,2026-08-19 10:12:18.308473,PAHANG,KUANTAN,PASAR BORONG KEMUNTING,Borong,20,Sayur-Sayuran,04,003,KACANG BUNCIS,F.A.Q,Kilogram,8,10.851429,
30864026,2026-08-19,2026-08-19 10:12:18.308473,PAHANG,KUANTAN,PASAR BORONG KEMUNTING,Borong,20,Sayur-Sayuran,04,003,KACANG BUNCIS,F.A.Q,Kilogram,7.5,10.851429,
30864027,2026-08-19,2026-08-19 10:12:18.308473,PAHANG,KUANTAN,PASAR BORONG KEMUNTING,Borong,20,Sayur-Sayuran,04,003,KACANG BUNCIS,F.A.Q,Kilogram,7.3,10.851429,
30864028,2026-08-19,2026-08-19 10:12:18.308473,PAHANG,KUANTAN,PASAR BORONG KEMUNTING,Borong,20,Sayur-Sayuran,04,007,KACANG PANJANG HIJAU,F.A.Q,Kilogram,5.8,5.0066667,
30864029,2026-08-19,2026-08-19 10:12:18.308473,PAHANG,KUANTAN,PASAR BORONG KEMUNTING,Borong,20,Sayur-Sayuran,04,007,KACANG PANJANG HIJAU,F.A.Q,Kilogram,5.8,5.0066667,
30864030,2026-08-19,2026-08-19 10:12:18.308473,PAHANG,KUANTAN,PASAR BORONG KEMUNTING,Borong,20,Sayur-Sayuran,04,007,KACANG PANJANG HIJAU,F.A.Q,Kilogram,5.7,5.0066667,
30864031,2026-08-19,2026-08-19 10:12:18.308473,PAHANG,KUANTAN,PASAR BORONG KEMUNTING,Borong,20,Sayur-Sayuran,04,007,KACANG PANJANG HIJAU,F.A.Q,Kilogram,5.7,5.0066667,
30864032,2026-08-19,2026-08-19 10:12:18.308473,PAHANG,KUANTAN,PASAR BORONG KEMUNTING,Borong,20,Sayur-Sayuran,04,007,KACANG PANJANG HIJAU,F.A.Q,Kilogram,5.8,5.0066667,
30864033,2026-08-19,2026-08-19 10:12:18.308473,PAHANG,KUANTAN,PASAR BORONG KEMUNTING,Borong,20,Sayur-Sayuran,03,006,KUBIS BULAT (TANAH TINGGI),F.A.Q,Kilogram,4,4.0416665,
30864034,2026-08-19,2026-08-19 10:12:18.308473,PAHANG,KUANTAN,PASAR BORONG KEMUNTING,Borong,20,Sayur-Sayuran,03,007,SAWI HIJAU,F.A.Q,Kilogram,4,3.865,
30864035,2026-08-19,2026-08-19 10:12:18.308473,PAHANG,KUANTAN,PASAR BORONG KEMUNTING,Borong,20,Sayur-Sayuran,03,007,SAWI HIJAU,F.A.Q,Kilogram,4,3.865,
30864036,2026-08-19,2026-08-19 10:12:18.308473,PAHANG,KUANTAN,PASAR BORONG KEMUNTING,Borong,20,Sayur-Sayuran,03,007,SAWI HIJAU,F.A.Q,Kilogram,4,3.865,
30864037,2026-08-19,2026-08-19 10:12:18.308473,PAHANG,KUANTAN,PASAR BORONG KEMUNTING,Borong,20,Sayur-Sayuran,03,007,SAWI HIJAU,F.A.Q,Kilogram,4,3.865,
30864038,2026-08-19,2026-08-19 10:12:18.308473,PAHANG,KUANTAN,PASAR BORONG KEMUNTING,Borong,20,Sayur-Sayuran,03,007,SAWI HIJAU,F.A.Q,Kilogram,4,3.865,
30864039,2026-08-19,2026-08-19 10:12:18.308473,PAHANG,KUANTAN,PASAR BORONG KEMUNTING,Borong,20,Sayur-Sayuran,02,010,TERUNG PANJANG / PEPARU (TANAH RENDAH),F.A.Q,Kilogram,9,7.358333,
30864040,2026-08-19,2026-08-19 10:12:18.308473,PAHANG,KUANTAN,PASAR BORONG KEMUNTING,Borong,20,Sayur-Sayuran,02,010,TERUNG PANJANG / PEPARU (TANAH RENDAH),F.A.Q,Kilogram,9.5,7.358333,
30864041,2026-08-19,2026-08-19 10:12:18.308473,PAHANG,KUANTAN,PASAR BORONG KEMUNTING,Borong,20,Sayur-Sayuran,02,010,TERUNG PANJANG / PEPARU (TANAH RENDAH),F.A.Q,Kilogram,9.3,7.358333,
30864042,2026-08-19,2026-08-19 10:12:18.308473,PAHANG,KUANTAN,PASAR BORONG KEMUNTING,Borong,20,Sayur-Sayuran,02,010,TERUNG PANJANG / PEPARU (TANAH RENDAH),F.A.Q,Kilogram,9.8,7.358333,
30864043,2026-08-19,2026-08-19 10:12:18.308473,PAHANG,KUANTAN,PASAR BORONG KEMUNTING,Borong,20,Sayur-Sayuran,02,010,TERUNG PANJANG / PEPARU (TANAH RENDAH),F.A.Q,Kilogram,9.5,7.358333,
30864044,2026-08-19,2026-08-19 10:12:18.308473,PAHANG,KUANTAN,PASAR BORONG KEMUNTING,Borong,20,Sayur-Sayuran,02,011,TIMUN HIJAU,F.A.Q,Kilogram,1.8,2.4283333,
30864045,2026-08-19,2026-08-19 10:12:18.308473,PAHANG,KUANTAN,PASAR BORONG KEMUNTING,Borong,20,Sayur-Sayuran,02,011,TIMUN HIJAU,F.A.Q,Kilogram,1.7,2.4283333,
30864046,2026-08-19,2026-08-19 10:12:18.308473,PAHANG,KUANTAN,PASAR BORONG KEMUNTING,Borong,20,Sayur-Sayuran,02,011,TIMUN HIJAU,F.A.Q,Kilogram,1.8,2.4283333,
30864047,2026-08-19,2026-08-19 10:12:18.308473,PAHANG,KUANTAN,PASAR BORONG KEMUNTING,Borong,20,Sayur-Sayuran,02,011,TIMUN HIJAU,F.A.Q,Kilogram,1.6,2.4283333,
30864048,2026-08-19,2026-08-19 10:12:18.308473,PAHANG,KUANTAN,PASAR BORONG KEMUNTING,Borong,20,Sayur-Sayuran,02,011,TIMUN HIJAU,F.A.Q,Kilogram,1.7,2.4283333,
30864049,2026-08-19,2026-08-19 10:12:18.308473,PAHANG,KUANTAN,PASAR BORONG KEMUNTING,Borong,20,Sayur-Sayuran,02,012,TOMATO (TANAH TINGGI),F.A.Q,Kilogram,7.5,9.033334,
30864050,2026-08-19,2026-08-19 10:12:18.308473,PAHANG,KUANTAN,PASAR BORONG KEMUNTING,Borong,20,Sayur-Sayuran,02,012,TOMATO (TANAH TINGGI),F.A.Q,Kilogram,7.3,9.033334,
30864051,2026-08-19,2026-08-19 10:12:18.308473,PAHANG,KUANTAN,PASAR BORONG KEMUNTING,Borong,20,Sayur-Sayuran,02,012,TOMATO (TANAH TINGGI),F.A.Q,Kilogram,7.5,9.033334,
30864052,2026-08-19,2026-08-19 10:12:18.308473,PAHANG,KUANTAN,PASAR BORONG KEMUNTING,Borong,20,Sayur-Sayuran,02,012,TOMATO (TANAH TINGGI),F.A.Q,Kilogram,7.5,9.033334,
30864053,2026-08-19,2026-08-19 10:12:18.308473,PAHANG,KUANTAN,PASAR BORONG KEMUNTING,Borong,20,Sayur-Sayuran,02,012,TOMATO (TANAH TINGGI),F.A.Q,Kilogram,7.3,9.033334,
30864054,2026-08-19,2026-08-19 10:12:33.785079,KEDAH,KOTA SETAR,PASAR BESAR ALOR SETAR,Runcit,26,Ternakan,02,003,DAGING LEMBU PEJAL,F.A.Q,Kilogram,32,35.583332,
30864055,2026-08-19,2026-08-19 10:12:45.369716,KEDAH,KOTA SETAR,PASAR BESAR ALOR SETAR,Runcit,26,Lain-Lain Makanan Proses,15,001,SANTAN PEKAT,F.A.Q,Kilogram,15,15,
30864056,2026-08-19,2026-08-19 10:13:03.607882,KEDAH,KOTA SETAR,PASAR BESAR ALOR SETAR,Runcit,26,Sayur-Sayuran,02,002,CILI MERAH MINYAK,F.A.Q,Kilogram,15,15,
30864057,2026-08-19,2026-08-19 10:14:09.269332,KEDAH,KOTA SETAR,PASAR BORONG ALOR SETAR,Borong,20,Sayur-Sayuran,02,002,CILI MERAH MINYAK,F.A.Q,Kilogram,13,13,
30864058,2026-08-19,2026-08-19 10:14:40.82954,PAHANG,KUANTAN,LADANG/KEBUN KAMPUNG SUNGAI SOI,Ladang,,Sayur-Sayuran,04,002,KACANG BENDI,F.A.Q,Kilogram,4,3.6416667,
30864059,2026-08-19,2026-08-19 10:14:40.82954,PAHANG,KUANTAN,LADANG/KEBUN KAMPUNG SUNGAI SOI,Ladang,,Sayur-Sayuran,04,007,KACANG PANJANG HIJAU,F.A.Q,Kilogram,3.8,3.5533333,
30864060,2026-08-19,2026-08-19 10:14:40.82954,PAHANG,KUANTAN,LADANG/KEBUN KAMPUNG SUNGAI SOI,Ladang,,Sayur-Sayuran,02,010,TERUNG PANJANG / PEPARU (TANAH RENDAH),F.A.Q,Kilogram,7,4.9983335,
30864061,2026-08-19,2026-08-19 10:14:44.054423,TERENGGANU,KUALA TERENGGANU,PASAR BORONG GONG PAUH,Borong,,Sayur-Sayuran,03,003,BROKOLI (IMPORT),F.A.Q,Kilogram,12,9.9,
30864062,2026-08-19,2026-08-19 10:14:44.110765,TERENGGANU,KUALA TERENGGANU,PASAR BORONG GONG PAUH,Borong,,Sayur-Sayuran,03,035,BUNGA KANTAN,F.A.Q,Tangkai,3,1,
30864063,2026-08-19,2026-08-19 10:14:44.149763,TERENGGANU,KUALA TERENGGANU,PASAR BORONG GONG PAUH,Borong,,Sayur-Sayuran,06,001,CENDAWAN TIRAM KELABU,F.A.Q,Kilogram,12,11.36,
30864064,2026-08-19,2026-08-19 10:14:44.191152,TERENGGANU,KUALA TERENGGANU,PASAR BORONG GONG PAUH,Borong,,Sayur-Sayuran,02,002,CILI PADI,F.A.Q,Kilogram,12,21.97,
30864065,2026-08-19,2026-08-19 10:14:44.250416,TERENGGANU,KUALA TERENGGANU,PASAR BORONG GONG PAUH,Borong,,Sayur-Sayuran,02,002,CILI PADI AKAR (THAILAND),F.A.Q,Kilogram,11,10.96,
30864066,2026-08-19,2026-08-19 10:14:44.291322,TERENGGANU,KUALA TERENGGANU,PASAR BORONG GONG PAUH,Borong,,Sayur-Sayuran,02,002,CILI PADI KAMPUNG (THAILAND),F.A.Q,Kilogram,11,15.62,
30864067,2026-08-19,2026-08-19 10:14:44.338269,TERENGGANU,KUALA TERENGGANU,PASAR BORONG GONG PAUH,Borong,,Sayur-Sayuran,02,002,CILI PADI MERAH (IMPORT),F.A.Q,Kilogram,11,20,
30864068,2026-08-19,2026-08-19 10:14:44.382196,TERENGGANU,KUALA TERENGGANU,PASAR BORONG GONG PAUH,Borong,,Sayur-Sayuran,03,011,DAUN KESUM,F.A.Q,Kilogram,17,5.98,
30864069,2026-08-19,2026-08-19 10:14:44.430195,TERENGGANU,KUALA TERENGGANU,PASAR BORONG GONG PAUH,Borong,,Sayur-Sayuran,03,021,DAUN KETUMBAR (IMPORT),F.A.Q,Kilogram,22,14.55,
30864070,2026-08-19,2026-08-19 10:14:44.479513,TERENGGANU,KUALA TERENGGANU,PASAR BORONG GONG PAUH,Borong,,Sayur-Sayuran,07,002,DAUN SELOM,F.A.Q,Kilogram,14,6.99,
30864071,2026-08-19,2026-08-19 10:14:44.523326,TERENGGANU,KUALA TERENGGANU,PASAR BORONG GONG PAUH,Borong,,Sayur-Sayuran,05,002,HALIA MUDA,F.A.Q,Kilogram,7,8.69,
30864072,2026-08-19,2026-08-19 10:14:44.56361,TERENGGANU,KUALA TERENGGANU,PASAR BORONG GONG PAUH,Borong,,Sayur-Sayuran,05,002,HALIA TUA,F.A.Q,Kilogram,8,6.41,
30864073,2026-08-19,2026-08-19 10:14:44.625794,TERENGGANU,KUALA TERENGGANU,PASAR BORONG GONG PAUH,Borong,,Sayur-Sayuran,05,002,HALIA TUA (IMPORT),F.A.Q,Kilogram,7,6.09,
30864074,2026-08-19,2026-08-19 10:14:44.670555,TERENGGANU,KUALA TERENGGANU,PASAR BORONG GONG PAUH,Borong,,Sayur-Sayuran,02,001,JAGUNG SAYUR / BABY CORN,F.A.Q,Kilogram,6,6.94,
30864075,2026-08-19,2026-08-19 10:14:44.711995,TERENGGANU,KUALA TERENGGANU,PASAR BORONG GONG PAUH,Borong,,Sayur-Sayuran,07,003,JERING,F.A.Q,Kilogram,6,6.74,
30864076,2026-08-19,2026-08-19 10:14:44.7495,TERENGGANU,KUALA TERENGGANU,PASAR BORONG GONG PAUH,Borong,,Sayur-Sayuran,04,005,KACANG BOTOR,F.A.Q,Kilogram,12,11.39,
30864077,2026-08-19,2026-08-19 10:14:44.810484,TERENGGANU,KUALA TERENGGANU,PASAR BORONG GONG PAUH,Borong,,Sayur-Sayuran,03,018,KAILAN,F.A.Q,Kilogram,6,6.82,
30864078,2026-08-19,2026-08-19 10:14:44.862999,TERENGGANU,KUALA TERENGGANU,PASAR BORONG GONG PAUH,Borong,,Sayur-Sayuran,05,003,KELADI,F.A.Q,Kilogram,10,8.4,
30864079,2026-08-19,2026-08-19 10:14:44.911344,TERENGGANU,KUALA TERENGGANU,PASAR BORONG GONG PAUH,Borong,,Sayur-Sayuran,02,004,KETOLA / PETOLA SEGI,F.A.Q,Kilogram,4,3,
30864080,2026-08-19,2026-08-19 10:14:44.970757,TERENGGANU,KUALA TERENGGANU,PASAR BORONG GONG PAUH,Borong,,Sayur-Sayuran,03,006,KUBIS BULAT BEIJING (IMPORT),F.A.Q,Kilogram,2,3.21,
30864081,2026-08-19,2026-08-19 10:14:45.02292,TERENGGANU,KUALA TERENGGANU,PASAR BORONG GONG PAUH,Borong,,Sayur-Sayuran,03,004,KUBIS BUNGA (IMPORT),F.A.Q,Kilogram,7,6.69,
30864082,2026-08-19,2026-08-19 10:14:45.070889,TERENGGANU,KUALA TERENGGANU,PASAR BORONG GONG PAUH,Borong,,Sayur-Sayuran,03,005,KUBIS PANJANG / CINA,F.A.Q,Kilogram,3,4.03,
30864083,2026-08-19,2026-08-19 10:14:45.111118,TERENGGANU,KUALA TERENGGANU,PASAR BORONG GONG PAUH,Borong,,Sayur-Sayuran,03,005,KUBIS PANJANG / CINA (IMPORT),F.A.Q,Kilogram,4.5,4,
30864084,2026-08-19,2026-08-19 10:14:45.162393,TERENGGANU,KUALA TERENGGANU,PASAR BORONG GONG PAUH,Borong,,Sayur-Sayuran,05,004,KUNYIT,F.A.Q,Kilogram,7,6.87,
30864085,2026-08-19,2026-08-19 10:14:45.210824,TERENGGANU,KUALA TERENGGANU,PASAR BORONG GONG PAUH,Borong,,Sayur-Sayuran,02,006,LABU AIR,F.A.Q,Kilogram,3.2,2.72,
30864086,2026-08-19,2026-08-19 10:14:45.263191,TERENGGANU,KUALA TERENGGANU,PASAR BORONG GONG PAUH,Borong,,Sayur-Sayuran,02,006,LABU MANIS,F.A.Q,Kilogram,2.5,3.32,
30864087,2026-08-19,2026-08-19 10:14:45.311196,TERENGGANU,KUALA TERENGGANU,PASAR BORONG GONG PAUH,Borong,,Sayur-Sayuran,02,003,LADA BENGGALA / CAPSICUM HIJAU,F.A.Q,Kilogram,9,9.67,
30864088,2026-08-19,2026-08-19 10:14:45.363533,TERENGGANU,KUALA TERENGGANU,PASAR BORONG GONG PAUH,Borong,,Sayur-Sayuran,02,003,LADA BENGGALA / CAPSICUM KUNING,F.A.Q,Kilogram,9,11.24,
30864089,2026-08-19,2026-08-19 10:14:45.411296,TERENGGANU,KUALA TERENGGANU,PASAR BORONG GONG PAUH,Borong,,Sayur-Sayuran,02,003,LADA BENGGALA / CAPSICUM MERAH,F.A.Q,Kilogram,9,11.4,
30864090,2026-08-19,2026-08-19 10:14:45.470933,TERENGGANU,KUALA TERENGGANU,PASAR BORONG GONG PAUH,Borong,,Sayur-Sayuran,05,005,LENGKUAS,F.A.Q,Kilogram,7.5,5.41,
30864091,2026-08-19,2026-08-19 10:14:45.511028,TERENGGANU,KUALA TERENGGANU,PASAR BORONG GONG PAUH,Borong,,Sayur-Sayuran,02,007,LIMAU KASTURI,F.A.Q,Kilogram,7,8.43,
30864092,2026-08-19,2026-08-19 10:14:45.563669,TERENGGANU,KUALA TERENGGANU,PASAR BORONG GONG PAUH,Borong,,Sayur-Sayuran,02,007,LIMAU NIPIS,F.A.Q,Kilogram,7,7.71,
30864093,2026-08-19,2026-08-19 10:14:45.61069,TERENGGANU,KUALA TERENGGANU,PASAR BORONG GONG PAUH,Borong,,Sayur-Sayuran,05,006,LOBAK MERAH (CHINA),F.A.Q,Kilogram,4,2.83,
30864094,2026-08-19,2026-08-19 10:14:45.661679,TERENGGANU,KUALA TERENGGANU,PASAR BORONG GONG PAUH,Borong,,Sayur-Sayuran,05,006,LOBAK PUTIH TANAH TINGGI,F.A.Q,Kilogram,5,4.92,
30864095,2026-08-19,2026-08-19 10:14:45.709092,TERENGGANU,KUALA TERENGGANU,PASAR BORONG GONG PAUH,Borong,,Sayur-Sayuran,07,002,PEGAGA,F.A.Q,Kilogram,15,9.56,
30864096,2026-08-19,2026-08-19 10:14:45.757425,TERENGGANU,KUALA TERENGGANU,PASAR BORONG GONG PAUH,Borong,,Sayur-Sayuran,02,009,PERIA,F.A.Q,Kilogram,6,5.8,
30864097,2026-08-19,2026-08-19 10:14:45.802456,TERENGGANU,KUALA TERENGGANU,PASAR BORONG GONG PAUH,Borong,,Sayur-Sayuran,02,009,PERIA KATAK,F.A.Q,Kilogram,6,5.62,
30864098,2026-08-19,2026-08-19 10:14:45.849714,TERENGGANU,KUALA TERENGGANU,PASAR BORONG GONG PAUH,Borong,,Sayur-Sayuran,07,003,PETAI,F.A.Q,RM/5 Keping,5,6.28,
30864099,2026-08-19,2026-08-19 10:14:45.914982,TERENGGANU,KUALA TERENGGANU,PASAR BORONG GONG PAUH,Borong,,Sayur-Sayuran,01,002,REBUNG,F.A.Q,Kilogram,8,5.48,
30864100,2026-08-19,2026-08-19 10:14:45.961832,TERENGGANU,KUALA TERENGGANU,PASAR BORONG GONG PAUH,Borong,,Sayur-Sayuran,03,027,SALAD,F.A.Q,Kilogram,6,6.15,
30864101,2026-08-19,2026-08-19 10:14:46.002124,TERENGGANU,KUALA TERENGGANU,PASAR BORONG GONG PAUH,Borong,,Sayur-Sayuran,03,027,SALAD (IMPORT),F.A.Q,Kilogram,3,7.5,
30864102,2026-08-19,2026-08-19 10:14:46.042153,TERENGGANU,KUALA TERENGGANU,PASAR BORONG GONG PAUH,Borong,,Sayur-Sayuran,03,027,SALAD BULAT TANAH TINGGI,F.A.Q,Kilogram,5,6.49,
30864103,2026-08-19,2026-08-19 10:14:46.082222,TERENGGANU,KUALA TERENGGANU,PASAR BORONG GONG PAUH,Borong,,Sayur-Sayuran,03,007,SAWI BUNGA,F.A.Q,Kilogram,6,8.39,
30864104,2026-08-19,2026-08-19 10:14:46.129674,TERENGGANU,KUALA TERENGGANU,PASAR BORONG GONG PAUH,Borong,,Sayur-Sayuran,03,007,SAWI JEPUN,F.A.Q,Kilogram,5,6.26,
30864105,2026-08-19,2026-08-19 10:14:46.169497,TERENGGANU,KUALA TERENGGANU,PASAR BORONG GONG PAUH,Borong,,Sayur-Sayuran,03,007,SAWI PAHIT,F.A.Q,Kilogram,4,5,
30864106,2026-08-19,2026-08-19 10:14:46.221222,TERENGGANU,KUALA TERENGGANU,PASAR BORONG GONG PAUH,Borong,,Sayur-Sayuran,03,007,SAWI PUTIH PAK CHOY,F.A.Q,Kilogram,5,5.49,
30864107,2026-08-19,2026-08-19 10:14:46.273863,TERENGGANU,KUALA TERENGGANU,PASAR BORONG GONG PAUH,Borong,,Sayur-Sayuran,05,007,SENGKUANG,F.A.Q,Kilogram,2,3.57,
30864108,2026-08-19,2026-08-19 10:14:46.32243,TERENGGANU,KUALA TERENGGANU,PASAR BORONG GONG PAUH,Borong,,Sayur-Sayuran,05,008,SERAI,F.A.Q,Kilogram,5,4.72,
30864109,2026-08-19,2026-08-19 10:14:46.370673,TERENGGANU,KUALA TERENGGANU,PASAR BORONG GONG PAUH,Borong,,Sayur-Sayuran,03,002,TAUGE,F.A.Q,Kilogram,3,2.49,
30864110,2026-08-19,2026-08-19 10:14:46.410322,TERENGGANU,KUALA TERENGGANU,PASAR BORONG GONG PAUH,Borong,,Sayur-Sayuran,02,010,TERUNG BULAT,F.A.Q,Kilogram,4,6.52,
30864111,2026-08-19,2026-08-19 10:14:46.463693,TERENGGANU,KUALA TERENGGANU,PASAR BORONG GONG PAUH,Borong,,Sayur-Sayuran,02,010,TERUNG PEPARU MINI,F.A.Q,Kilogram,3,7.07,
30864112,2026-08-19,2026-08-19 10:14:46.51387,TERENGGANU,KUALA TERENGGANU,PASAR BORONG GONG PAUH,Borong,,Sayur-Sayuran,02,011,TIMUN JEPUN,F.A.Q,Kilogram,3.5,4.61,
30864113,2026-08-19,2026-08-19 10:14:53.526354,PAHANG,KUANTAN,LADANG/KEBUN KAMPUNG SUNGAI SOI,Ladang,,Sayur-Sayuran,02,011,TIMUN HIJAU,F.A.Q,Kilogram,1,1.355,
30864114,2026-08-19,2026-08-19 10:16:03.473256,JOHOR,JOHOR BAHRU,PASAR AWAM LARKIN,Runcit,26,Sayur-Sayuran,03,001,BAYAM,F.A.Q,Kilogram,6,6,
30864115,2026-08-19,2026-08-19 10:16:03.473256,JOHOR,JOHOR BAHRU,PASAR AWAM LARKIN,Runcit,26,Sayur-Sayuran,03,001,BAYAM,F.A.Q,Kilogram,6,6,
30864116,2026-08-19,2026-08-19 10:16:03.473256,JOHOR,JOHOR BAHRU,PASAR AWAM LARKIN,Runcit,26,Sayur-Sayuran,03,001,BAYAM,F.A.Q,Kilogram,6,6,
30864117,2026-08-19,2026-08-19 10:16:03.473256,JOHOR,JOHOR BAHRU,PASAR AWAM LARKIN,Runcit,26,Sayur-Sayuran,02,002,CILI MERAH KULAI / KULAI HIBRID,F.A.Q,Kilogram,20,18.5,
30864118,2026-08-19,2026-08-19 10:16:03.473256,JOHOR,JOHOR BAHRU,PASAR AWAM LARKIN,Runcit,26,Sayur-Sayuran,02,002,CILI MERAH KULAI / KULAI HIBRID,F.A.Q,Kilogram,20,18.5,
30864119,2026-08-19,2026-08-19 10:16:03.473256,JOHOR,JOHOR BAHRU,PASAR AWAM LARKIN,Runcit,26,Sayur-Sayuran,02,002,CILI MERAH KULAI / KULAI HIBRID,F.A.Q,Kilogram,18,18.5,
30864120,2026-08-19,2026-08-19 10:16:03.473256,JOHOR,JOHOR BAHRU,PASAR AWAM LARKIN,Runcit,26,Sayur-Sayuran,04,002,KACANG BENDI,F.A.Q,Kilogram,9,8.8,
30864121,2026-08-19,2026-08-19 10:16:03.473256,JOHOR,JOHOR BAHRU,PASAR AWAM LARKIN,Runcit,26,Sayur-Sayuran,04,002,KACANG BENDI,F.A.Q,Kilogram,9,8.8,
30864122,2026-08-19,2026-08-19 10:16:03.473256,JOHOR,JOHOR BAHRU,PASAR AWAM LARKIN,Runcit,26,Sayur-Sayuran,04,002,KACANG BENDI,F.A.Q,Kilogram,9,8.8,
30864123,2026-08-19,2026-08-19 10:16:03.473256,JOHOR,JOHOR BAHRU,PASAR AWAM LARKIN,Runcit,26,Sayur-Sayuran,04,007,KACANG PANJANG HIJAU,F.A.Q,Kilogram,8,8.214286,
30864124,2026-08-19,2026-08-19 10:16:03.473256,JOHOR,JOHOR BAHRU,PASAR AWAM LARKIN,Runcit,26,Sayur-Sayuran,04,007,KACANG PANJANG HIJAU,F.A.Q,Kilogram,8,8.214286,
30864125,2026-08-19,2026-08-19 10:16:03.473256,JOHOR,JOHOR BAHRU,PASAR AWAM LARKIN,Runcit,26,Sayur-Sayuran,04,007,KACANG PANJANG HIJAU,F.A.Q,Kilogram,8,8.214286,
30864126,2026-08-19,2026-08-19 10:16:03.473256,JOHOR,JOHOR BAHRU,PASAR AWAM LARKIN,Runcit,26,Sayur-Sayuran,03,007,SAWI HIJAU,F.A.Q,Kilogram,6,6.3333335,
30864127,2026-08-19,2026-08-19 10:16:03.473256,JOHOR,JOHOR BAHRU,PASAR AWAM LARKIN,Runcit,26,Sayur-Sayuran,03,007,SAWI HIJAU,F.A.Q,Kilogram,6,6.3333335,
30864128,2026-08-19,2026-08-19 10:16:03.473256,JOHOR,JOHOR BAHRU,PASAR AWAM LARKIN,Runcit,26,Sayur-Sayuran,03,007,SAWI HIJAU,F.A.Q,Kilogram,6,6.3333335,
30864129,2026-08-19,2026-08-19 10:16:03.473256,JOHOR,JOHOR BAHRU,PASAR AWAM LARKIN,Runcit,26,Sayur-Sayuran,03,007,SAWI HIJAU TANAH TINGGI,F.A.Q,Kilogram,5,4,
30864130,2026-08-19,2026-08-19 10:16:03.473256,JOHOR,JOHOR BAHRU,PASAR AWAM LARKIN,Runcit,26,Sayur-Sayuran,03,007,SAWI HIJAU TANAH TINGGI,F.A.Q,Kilogram,5,4,
30864131,2026-08-19,2026-08-19 10:16:03.473256,JOHOR,JOHOR BAHRU,PASAR AWAM LARKIN,Runcit,26,Sayur-Sayuran,03,007,SAWI HIJAU TANAH TINGGI,F.A.Q,Kilogram,5,4,
30864132,2026-08-19,2026-08-19 10:16:03.473256,JOHOR,JOHOR BAHRU,PASAR AWAM LARKIN,Runcit,26,Sayur-Sayuran,02,011,TIMUN HIJAU,F.A.Q,Kilogram,4,4.111111,
30864133,2026-08-19,2026-08-19 10:16:03.473256,JOHOR,JOHOR BAHRU,PASAR AWAM LARKIN,Runcit,26,Sayur-Sayuran,02,011,TIMUN HIJAU,F.A.Q,Kilogram,4,4.111111,
30864134,2026-08-19,2026-08-19 10:16:03.473256,JOHOR,JOHOR BAHRU,PASAR AWAM LARKIN,Runcit,26,Sayur-Sayuran,02,011,TIMUN HIJAU,F.A.Q,Kilogram,4,4.111111,
30864135,2026-08-19,2026-08-19 10:16:03.473256,JOHOR,JOHOR BAHRU,PASAR AWAM LARKIN,Runcit,26,Sayur-Sayuran,02,012,TOMATO (TANAH TINGGI),F.A.Q,Kilogram,8,5.71,
30864136,2026-08-19,2026-08-19 10:16:03.473256,JOHOR,JOHOR BAHRU,PASAR AWAM LARKIN,Runcit,26,Sayur-Sayuran,02,012,TOMATO (TANAH TINGGI),F.A.Q,Kilogram,8,5.71,
30864137,2026-08-19,2026-08-19 10:16:03.473256,JOHOR,JOHOR BAHRU,PASAR AWAM LARKIN,Runcit,26,Sayur-Sayuran,02,012,TOMATO (TANAH TINGGI),F.A.Q,Kilogram,8,5.71,
30864138,2026-08-19,2026-08-19 10:16:07.541147,NEGERI SEMBILAN,PORT DICKSON,[LOKASI KUTIPAN HARGA LADANG] LUKUT,Ladang,,Ternakan,11,001,TELUR AYAM,B,Biji,0.46,0.40571427,
30864139,2026-08-19,2026-08-19 10:16:38.076341,NEGERI SEMBILAN,TAMPIN,[LOKASI KUTIPAN HARGA LADANG] GEMENCHEH,Ladang,,Ternakan,11,001,TELUR AYAM,B,Biji,0.46,0.40571427,
30864140,2026-08-19,2026-08-19 10:16:48.110806,PAHANG,KUANTAN,LADANG/KEBUN KAMPUNG SUNGAI SOI,Ladang,,Sayur-Sayuran,03,001,BAYAM,F.A.Q,Kilogram,2.5,2.1479166,
30864141,2026-08-19,2026-08-19 10:16:48.110806,PAHANG,KUANTAN,LADANG/KEBUN KAMPUNG SUNGAI SOI,Ladang,,Sayur-Sayuran,02,002,CILI MERAH MINYAK,F.A.Q,Kilogram,10,8.397917,
30864142,2026-08-19,2026-08-19 10:16:48.110806,PAHANG,KUANTAN,LADANG/KEBUN KAMPUNG SUNGAI SOI,Ladang,,Sayur-Sayuran,04,007,KACANG PANJANG HIJAU,F.A.Q,Kilogram,3.6,3.5533333,
30864143,2026-08-19,2026-08-19 10:16:48.110806,PAHANG,KUANTAN,LADANG/KEBUN KAMPUNG SUNGAI SOI,Ladang,,Sayur-Sayuran,03,007,SAWI HIJAU,F.A.Q,Kilogram,2.5,2.2770834,
30864144,2026-08-19,2026-08-19 10:16:48.110806,PAHANG,KUANTAN,LADANG/KEBUN KAMPUNG SUNGAI SOI,Ladang,,Sayur-Sayuran,02,010,TERUNG PANJANG / PEPARU (TANAH RENDAH),F.A.Q,Kilogram,7,4.9983335,
30864145,2026-08-19,2026-08-19 10:16:48.110806,PAHANG,KUANTAN,LADANG/KEBUN KAMPUNG SUNGAI SOI,Ladang,,Sayur-Sayuran,02,011,TIMUN HIJAU,F.A.Q,Kilogram,1.1,1.355,
30864146,2026-08-19,2026-08-19 10:18:10.829254,PAHANG,KUANTAN,LADANG/KEBUN JABOR,Ladang,,Sayur-Sayuran,03,001,BAYAM,F.A.Q,Kilogram,2.4,2.1479166,
30864147,2026-08-19,2026-08-19 10:18:10.829254,PAHANG,KUANTAN,LADANG/KEBUN JABOR,Ladang,,Sayur-Sayuran,02,002,CILI MERAH KULAI / KULAI HIBRID,F.A.Q,Kilogram,11,10.666667,
30864148,2026-08-19,2026-08-19 10:18:10.829254,PAHANG,KUANTAN,LADANG/KEBUN JABOR,Ladang,,Sayur-Sayuran,02,002,CILI MERAH MINYAK,F.A.Q,Kilogram,10.5,8.397917,
30864149,2026-08-19,2026-08-19 10:18:10.829254,PAHANG,KUANTAN,LADANG/KEBUN JABOR,Ladang,,Sayur-Sayuran,04,002,KACANG BENDI,F.A.Q,Kilogram,3.5,3.6416667,
30864150,2026-08-19,2026-08-19 10:18:10.829254,PAHANG,KUANTAN,LADANG/KEBUN JABOR,Ladang,,Sayur-Sayuran,04,007,KACANG PANJANG HIJAU,F.A.Q,Kilogram,3.6,3.5533333,
30864151,2026-08-19,2026-08-19 10:18:10.829254,PAHANG,KUANTAN,LADANG/KEBUN JABOR,Ladang,,Sayur-Sayuran,03,007,SAWI HIJAU,F.A.Q,Kilogram,2.4,2.2770834,
30864152,2026-08-19,2026-08-19 10:18:10.829254,PAHANG,KUANTAN,LADANG/KEBUN JABOR,Ladang,,Sayur-Sayuran,02,010,TERUNG PANJANG / PEPARU (TANAH RENDAH),F.A.Q,Kilogram,7,4.9983335,
30864153,2026-08-19,2026-08-19 10:18:10.829254,PAHANG,KUANTAN,LADANG/KEBUN JABOR,Ladang,,Sayur-Sayuran,02,011,TIMUN HIJAU,F.A.Q,Kilogram,1,1.355,
30864154,2026-08-19,2026-08-19 10:18:11.365738,NEGERI SEMBILAN,SEREMBAN,LADANG/KEBUN RANTAU,Ladang,,Ternakan,01,003,AYAM HIDUP,F.A.Q,Kilogram,7,6.74375,
30864155,2026-08-19,2026-08-19 10:18:11.365738,NEGERI SEMBILAN,SEREMBAN,LADANG/KEBUN RANTAU,Ladang,,Ternakan,01,003,AYAM HIDUP,F.A.Q,Kilogram,6.9,6.74375,
30864156,2026-08-19,2026-08-19 10:18:19.036099,JOHOR,JOHOR BAHRU,PASAR AWAM LARKIN,Runcit,26,Sayur-Sayuran,05,001,BAWANG BESAR MERAH (INDIA),F.A.Q,Kilogram,6,6,
30864157,2026-08-19,2026-08-19 10:18:19.036099,JOHOR,JOHOR BAHRU,PASAR AWAM LARKIN,Runcit,26,Sayur-Sayuran,05,001,BAWANG PUTIH (CHINA),F.A.Q,Kilogram,15,15,
30864158,2026-08-19,2026-08-19 10:18:19.036099,JOHOR,JOHOR BAHRU,PASAR AWAM LARKIN,Runcit,26,Sayur-Sayuran,05,009,UBI KENTANG HOLLAND,F.A.Q,Kilogram,5,5,
30864159,2026-08-19,2026-08-19 10:18:40.013254,SARAWAK,KUCHING,MEDAN NIAGA SATOK,Borong,20,Sayur-Sayuran,02,014,BELIMBING BULUH,F.A.Q,Kilogram,7,7,
30864160,2026-08-19,2026-08-19 10:18:40.013254,SARAWAK,KUCHING,MEDAN NIAGA SATOK,Borong,20,Sayur-Sayuran,03,003,BROKOLI (IMPORT),F.A.Q,Kilogram,9,9,
30864161,2026-08-19,2026-08-19 10:18:40.013254,SARAWAK,KUCHING,MEDAN NIAGA SATOK,Borong,20,Sayur-Sayuran,03,035,BUNGA KANTAN,F.A.Q,Tangkai,1.5,1.5,
30864162,2026-08-19,2026-08-19 10:18:40.013254,SARAWAK,KUCHING,MEDAN NIAGA SATOK,Borong,20,Sayur-Sayuran,06,001,CENDAWAN TIRAM KELABU,F.A.Q,Kilogram,22,22,
30864163,2026-08-19,2026-08-19 10:18:40.013254,SARAWAK,KUCHING,MEDAN NIAGA SATOK,Borong,20,Sayur-Sayuran,02,002,CILI PADI,F.A.Q,Kilogram,32,23,
30864164,2026-08-19,2026-08-19 10:18:40.013254,SARAWAK,KUCHING,MEDAN NIAGA SATOK,Borong,20,Sayur-Sayuran,03,011,DAUN KESUM,F.A.Q,Kilogram,8,8,
30864165,2026-08-19,2026-08-19 10:18:40.013254,SARAWAK,KUCHING,MEDAN NIAGA SATOK,Borong,20,Sayur-Sayuran,07,002,DAUN SELOM,F.A.Q,Kilogram,6,6,
30864166,2026-08-19,2026-08-19 10:18:40.013254,SARAWAK,KUCHING,MEDAN NIAGA SATOK,Borong,20,Sayur-Sayuran,05,002,HALIA MUDA,F.A.Q,Kilogram,13,13,
30864167,2026-08-19,2026-08-19 10:18:40.013254,SARAWAK,KUCHING,MEDAN NIAGA SATOK,Borong,20,Sayur-Sayuran,05,002,HALIA TUA,F.A.Q,Kilogram,12,12,
30864168,2026-08-19,2026-08-19 10:18:40.013254,SARAWAK,KUCHING,MEDAN NIAGA SATOK,Borong,20,Sayur-Sayuran,05,002,HALIA TUA (IMPORT),F.A.Q,Kilogram,9,9,
30864169,2026-08-19,2026-08-19 10:18:40.013254,SARAWAK,KUCHING,MEDAN NIAGA SATOK,Borong,20,Sayur-Sayuran,02,001,JAGUNG SAYUR / BABY CORN,F.A.Q,Kilogram,10,10,
30864170,2026-08-19,2026-08-19 10:18:40.013254,SARAWAK,KUCHING,MEDAN NIAGA SATOK,Borong,20,Sayur-Sayuran,07,003,JERING,F.A.Q,Kilogram,8,8,
30864171,2026-08-19,2026-08-19 10:18:40.013254,SARAWAK,KUCHING,MEDAN NIAGA SATOK,Borong,20,Sayur-Sayuran,04,005,KACANG BOTOR,F.A.Q,Kilogram,13,13,
30864172,2026-08-19,2026-08-19 10:18:40.013254,SARAWAK,KUCHING,MEDAN NIAGA SATOK,Borong,20,Sayur-Sayuran,03,018,KAILAN,F.A.Q,Kilogram,11,11,
30864173,2026-08-19,2026-08-19 10:18:40.013254,SARAWAK,KUCHING,MEDAN NIAGA SATOK,Borong,20,Sayur-Sayuran,05,003,KELADI,F.A.Q,Kilogram,5,5,
30864174,2026-08-19,2026-08-19 10:18:40.013254,SARAWAK,KUCHING,MEDAN NIAGA SATOK,Borong,20,Sayur-Sayuran,02,004,KETOLA / PETOLA SEGI,F.A.Q,Kilogram,6,5.75,
30864175,2026-08-19,2026-08-19 10:18:40.013254,SARAWAK,KUCHING,MEDAN NIAGA SATOK,Borong,20,Sayur-Sayuran,03,006,KUBIS BULAT BEIJING (IMPORT),F.A.Q,Kilogram,4.5,4.5,
30864176,2026-08-19,2026-08-19 10:18:40.013254,SARAWAK,KUCHING,MEDAN NIAGA SATOK,Borong,20,Sayur-Sayuran,03,004,KUBIS BUNGA (IMPORT),F.A.Q,Kilogram,7,7,
30864177,2026-08-19,2026-08-19 10:18:40.013254,SARAWAK,KUCHING,MEDAN NIAGA SATOK,Borong,20,Sayur-Sayuran,03,005,KUBIS PANJANG / CINA (IMPORT),F.A.Q,Kilogram,5,4,
30864178,2026-08-19,2026-08-19 10:18:40.013254,SARAWAK,KUCHING,MEDAN NIAGA SATOK,Borong,20,Sayur-Sayuran,02,005,KUNDUR BULAT,F.A.Q,Kilogram,3,3,
30864179,2026-08-19,2026-08-19 10:18:40.013254,SARAWAK,KUCHING,MEDAN NIAGA SATOK,Borong,20,Sayur-Sayuran,05,004,KUNYIT,F.A.Q,Kilogram,7,7,
30864180,2026-08-19,2026-08-19 10:18:40.013254,SARAWAK,KUCHING,MEDAN NIAGA SATOK,Borong,20,Sayur-Sayuran,02,006,LABU AIR,F.A.Q,Kilogram,4,3.5,
30864181,2026-08-19,2026-08-19 10:18:40.013254,SARAWAK,KUCHING,MEDAN NIAGA SATOK,Borong,20,Sayur-Sayuran,02,006,LABU MANIS,F.A.Q,Kilogram,3,3,
30864182,2026-08-19,2026-08-19 10:18:40.013254,SARAWAK,KUCHING,MEDAN NIAGA SATOK,Borong,20,Sayur-Sayuran,02,003,LADA BENGGALA / CAPSICUM HIJAU (IMPORT),F.A.Q,Kilogram,25,25,
30864183,2026-08-19,2026-08-19 10:18:40.013254,SARAWAK,KUCHING,MEDAN NIAGA SATOK,Borong,20,Sayur-Sayuran,02,003,LADA BENGGALA / CAPSICUM KUNING (IMPORT),F.A.Q,Kilogram,25,25,
30864184,2026-08-19,2026-08-19 10:18:40.013254,SARAWAK,KUCHING,MEDAN NIAGA SATOK,Borong,20,Sayur-Sayuran,02,003,LADA BENGGALA / CAPSICUM MERAH (IMPORT),F.A.Q,Kilogram,25,25,
30864185,2026-08-19,2026-08-19 10:18:40.013254,SARAWAK,KUCHING,MEDAN NIAGA SATOK,Borong,20,Sayur-Sayuran,05,005,LENGKUAS,F.A.Q,Kilogram,8,8,
30864186,2026-08-19,2026-08-19 10:18:40.013254,SARAWAK,KUCHING,MEDAN NIAGA SATOK,Borong,20,Sayur-Sayuran,01,003,LIK (IMPORT),F.A.Q,Kilogram,19,19,
30864187,2026-08-19,2026-08-19 10:18:40.013254,SARAWAK,KUCHING,MEDAN NIAGA SATOK,Borong,20,Sayur-Sayuran,02,007,LIMAU KASTURI,F.A.Q,Kilogram,4,4,
30864188,2026-08-19,2026-08-19 10:18:40.013254,SARAWAK,KUCHING,MEDAN NIAGA SATOK,Borong,20,Sayur-Sayuran,02,007,LIMAU NIPIS,F.A.Q,Kilogram,8,9,
30864189,2026-08-19,2026-08-19 10:18:40.013254,SARAWAK,KUCHING,MEDAN NIAGA SATOK,Borong,20,Sayur-Sayuran,05,006,LOBAK MERAH (CHINA),F.A.Q,Kilogram,4,4,
30864190,2026-08-19,2026-08-19 10:18:40.013254,SARAWAK,KUCHING,MEDAN NIAGA SATOK,Borong,20,Sayur-Sayuran,05,006,LOBAK PUTIH TANAH TINGGI,F.A.Q,Kilogram,4,4,
30864191,2026-08-19,2026-08-19 10:18:40.013254,SARAWAK,KUCHING,MEDAN NIAGA SATOK,Borong,20,Sayur-Sayuran,07,002,PEGAGA,F.A.Q,Kilogram,15,15,
30864192,2026-08-19,2026-08-19 10:18:40.013254,SARAWAK,KUCHING,MEDAN NIAGA SATOK,Borong,20,Sayur-Sayuran,02,009,PERIA,F.A.Q,Kilogram,7,6.5,
30864193,2026-08-19,2026-08-19 10:18:40.013254,SARAWAK,KUCHING,MEDAN NIAGA SATOK,Borong,20,Sayur-Sayuran,02,009,PERIA KATAK,F.A.Q,Kilogram,10,9,
30864194,2026-08-19,2026-08-19 10:18:40.013254,SARAWAK,KUCHING,MEDAN NIAGA SATOK,Borong,20,Sayur-Sayuran,07,003,PETAI,F.A.Q,RM/5 Keping,6,8,
30864195,2026-08-19,2026-08-19 10:18:40.013254,SARAWAK,KUCHING,MEDAN NIAGA SATOK,Borong,20,Sayur-Sayuran,07,002,PUCUK GAJUS,F.A.Q,Kilogram,14,14,
30864196,2026-08-19,2026-08-19 10:18:40.013254,SARAWAK,KUCHING,MEDAN NIAGA SATOK,Borong,20,Sayur-Sayuran,03,026,PUCUK PAKU,F.A.Q,Kilogram,4,4,
30864197,2026-08-19,2026-08-19 10:18:40.013254,SARAWAK,KUCHING,MEDAN NIAGA SATOK,Borong,20,Sayur-Sayuran,01,002,REBUNG,F.A.Q,Kilogram,5,5,
30864198,2026-08-19,2026-08-19 10:18:40.013254,SARAWAK,KUCHING,MEDAN NIAGA SATOK,Borong,20,Sayur-Sayuran,03,027,SALAD BULAT TANAH TINGGI,F.A.Q,Kilogram,16,16,
30864199,2026-08-19,2026-08-19 10:18:40.013254,SARAWAK,KUCHING,MEDAN NIAGA SATOK,Borong,20,Sayur-Sayuran,03,007,SAWI BUNGA,F.A.Q,Kilogram,9,6.5,
30864200,2026-08-19,2026-08-19 10:18:40.013254,SARAWAK,KUCHING,MEDAN NIAGA SATOK,Borong,20,Sayur-Sayuran,03,007,SAWI JEPUN,F.A.Q,Kilogram,9,6.5,
30864201,2026-08-19,2026-08-19 10:18:40.013254,SARAWAK,KUCHING,MEDAN NIAGA SATOK,Borong,20,Sayur-Sayuran,03,007,SAWI PAHIT,F.A.Q,Kilogram,9,6.5,
30864202,2026-08-19,2026-08-19 10:18:40.013254,SARAWAK,KUCHING,MEDAN NIAGA SATOK,Borong,20,Sayur-Sayuran,03,007,SAWI PUTIH PAK CHOY,F.A.Q,Kilogram,9,6.5,
30864203,2026-08-19,2026-08-19 10:18:40.013254,SARAWAK,KUCHING,MEDAN NIAGA SATOK,Borong,20,Sayur-Sayuran,07,004,SELASIH,F.A.Q,Kilogram,18,18,
30864204,2026-08-19,2026-08-19 10:18:40.013254,SARAWAK,KUCHING,MEDAN NIAGA SATOK,Borong,20,Sayur-Sayuran,05,007,SENGKUANG,F.A.Q,Kilogram,6,6,
30864205,2026-08-19,2026-08-19 10:18:40.013254,SARAWAK,KUCHING,MEDAN NIAGA SATOK,Borong,20,Sayur-Sayuran,05,008,SERAI,F.A.Q,Kilogram,4,4,
30864206,2026-08-19,2026-08-19 10:18:40.013254,SARAWAK,KUCHING,MEDAN NIAGA SATOK,Borong,20,Sayur-Sayuran,03,002,TAUGE,F.A.Q,Kilogram,2.5,2.4,
30864207,2026-08-19,2026-08-19 10:18:40.013254,SARAWAK,KUCHING,MEDAN NIAGA SATOK,Borong,20,Sayur-Sayuran,02,010,TERUNG ASAM,F.A.Q,Kilogram,12,12,
30864208,2026-08-19,2026-08-19 10:18:40.013254,SARAWAK,KUCHING,MEDAN NIAGA SATOK,Borong,20,Sayur-Sayuran,07,002,ULAM RAJA,F.A.Q,Kilogram,7,7,
30864209,2026-08-19,2026-08-19 10:19:15.444151,PAHANG,KUANTAN,LADANG/KEBUN GAMBANG,Ladang,,Sayur-Sayuran,03,001,BAYAM,F.A.Q,Kilogram,2.5,2.1479166,
30864210,2026-08-19,2026-08-19 10:19:15.444151,PAHANG,KUANTAN,LADANG/KEBUN GAMBANG,Ladang,,Sayur-Sayuran,02,002,CILI MERAH MINYAK,F.A.Q,Kilogram,10.3,8.397917,
30864211,2026-08-19,2026-08-19 10:19:15.444151,PAHANG,KUANTAN,LADANG/KEBUN GAMBANG,Ladang,,Sayur-Sayuran,04,002,KACANG BENDI,F.A.Q,Kilogram,3.8,3.6416667,
30864212,2026-08-19,2026-08-19 10:19:15.444151,PAHANG,KUANTAN,LADANG/KEBUN GAMBANG,Ladang,,Sayur-Sayuran,04,007,KACANG PANJANG HIJAU,F.A.Q,Kilogram,3.5,3.5533333,
30864213,2026-08-19,2026-08-19 10:19:15.444151,PAHANG,KUANTAN,LADANG/KEBUN GAMBANG,Ladang,,Sayur-Sayuran,03,007,SAWI HIJAU,F.A.Q,Kilogram,2.4,2.2770834,
30864214,2026-08-19,2026-08-19 10:19:15.444151,PAHANG,KUANTAN,LADANG/KEBUN GAMBANG,Ladang,,Sayur-Sayuran,02,010,TERUNG PANJANG / PEPARU (TANAH RENDAH),F.A.Q,Kilogram,6.8,4.9983335,
30864215,2026-08-19,2026-08-19 10:19:15.444151,PAHANG,KUANTAN,LADANG/KEBUN GAMBANG,Ladang,,Sayur-Sayuran,02,011,TIMUN HIJAU,F.A.Q,Kilogram,0.9,1.355,
30864216,2026-08-19,2026-08-19 10:19:21.666733,JOHOR,JOHOR BAHRU,PASAR AWAM LARKIN,Runcit,26,Ternakan,03,002,AYAM PROSES STANDARD,F.A.Q,Kilogram,10,10.111111,
30864217,2026-08-19,2026-08-19 10:19:21.666733,JOHOR,JOHOR BAHRU,PASAR AWAM LARKIN,Runcit,26,Ternakan,03,002,AYAM PROSES STANDARD,F.A.Q,Kilogram,11,10.111111,
30864218,2026-08-19,2026-08-19 10:19:21.666733,JOHOR,JOHOR BAHRU,PASAR AWAM LARKIN,Runcit,26,Ternakan,03,002,AYAM PROSES STANDARD,F.A.Q,Kilogram,10,10.111111,
30864219,2026-08-19,2026-08-19 10:20:25.20524,PAHANG,KUANTAN,[PROJEK] TKPM PULAU MANIS,Ladang,,Sayur-Sayuran,03,001,BAYAM,F.A.Q,Kilogram,2.4,2.1479166,
30864220,2026-08-19,2026-08-19 10:20:25.20524,PAHANG,KUANTAN,[PROJEK] TKPM PULAU MANIS,Ladang,,Sayur-Sayuran,02,002,CILI MERAH MINYAK,F.A.Q,Kilogram,10.2,8.397917,
30864221,2026-08-19,2026-08-19 10:20:25.20524,PAHANG,KUANTAN,[PROJEK] TKPM PULAU MANIS,Ladang,,Sayur-Sayuran,04,002,KACANG BENDI,F.A.Q,Kilogram,3.7,3.6416667,
30864222,2026-08-19,2026-08-19 10:20:25.20524,PAHANG,KUANTAN,[PROJEK] TKPM PULAU MANIS,Ladang,,Sayur-Sayuran,04,007,KACANG PANJANG HIJAU,F.A.Q,Kilogram,3.6,3.5533333,
30864223,2026-08-19,2026-08-19 10:20:25.20524,PAHANG,KUANTAN,[PROJEK] TKPM PULAU MANIS,Ladang,,Sayur-Sayuran,03,007,SAWI HIJAU,F.A.Q,Kilogram,2.4,2.2770834,
30864224,2026-08-19,2026-08-19 10:20:25.20524,PAHANG,KUANTAN,[PROJEK] TKPM PULAU MANIS,Ladang,,Sayur-Sayuran,02,010,TERUNG PANJANG / PEPARU (TANAH RENDAH),F.A.Q,Kilogram,7,4.9983335,
30864225,2026-08-19,2026-08-19 10:20:25.20524,PAHANG,KUANTAN,[PROJEK] TKPM PULAU MANIS,Ladang,,Sayur-Sayuran,02,011,TIMUN HIJAU,F.A.Q,Kilogram,1,1.355,
30864226,2026-08-19,2026-08-19 10:20:44.568844,JOHOR,JOHOR BAHRU,PASAR AWAM LARKIN,Runcit,26,Buah-Buahan,02,023,NANAS JOSAPINE (AC5),F.A.Q,Kilogram,6.5,4.52,
30864227,2026-08-19,2026-08-19 10:20:44.568844,JOHOR,JOHOR BAHRU,PASAR AWAM LARKIN,Runcit,26,Buah-Buahan,02,023,NANAS JOSAPINE (AC5),F.A.Q,Kilogram,6.5,4.52,
30864228,2026-08-19,2026-08-19 10:20:44.568844,JOHOR,JOHOR BAHRU,PASAR AWAM LARKIN,Runcit,26,Buah-Buahan,02,028,PISANG BERANGAN,F.A.Q,Kilogram,6.5,6.5,
30864229,2026-08-19,2026-08-19 10:20:44.568844,JOHOR,JOHOR BAHRU,PASAR AWAM LARKIN,Runcit,26,Buah-Buahan,02,028,PISANG BERANGAN,F.A.Q,Kilogram,6.5,6.5,
30864230,2026-08-19,2026-08-19 10:20:44.568844,JOHOR,JOHOR BAHRU,PASAR AWAM LARKIN,Runcit,26,Buah-Buahan,02,034,TEMBIKAI MERAH TANPA BIJI,F.A.Q,Kilogram,3,3.49,
30864231,2026-08-19,2026-08-19 10:20:44.568844,JOHOR,JOHOR BAHRU,PASAR AWAM LARKIN,Runcit,26,Buah-Buahan,02,034,TEMBIKAI MERAH TANPA BIJI,F.A.Q,Kilogram,3,3.49,
30864232,2026-08-19,2026-08-19 10:21:20.380446,JOHOR,JOHOR BAHRU,PASAR AWAM LARKIN,Runcit,26,Ternakan,02,003,DAGING LEMBU PEJAL,F.A.Q,Kilogram,46,35.01,
30864241,2026-08-19,2026-08-19 10:28:27.642977,W.P. KUALA LUMPUR,TITIWANGSA,PASAR AWAM KERAMAT,Runcit,26,Ternakan,03,002,AYAM PROSES STANDARD,F.A.Q,Kilogram,10.5,10.5,
30864242,2026-08-19,2026-08-19 10:28:27.642977,W.P. KUALA LUMPUR,TITIWANGSA,PASAR AWAM KERAMAT,Runcit,26,Sayur-Sayuran,05,001,BAWANG BESAR KUNING / HOLLAND,F.A.Q,Kilogram,5,6,
30864243,2026-08-19,2026-08-19 10:28:27.642977,W.P. KUALA LUMPUR,TITIWANGSA,PASAR AWAM KERAMAT,Runcit,26,Sayur-Sayuran,05,001,BAWANG BESAR KUNING / HOLLAND,F.A.Q,Kilogram,6,6,
30864244,2026-08-19,2026-08-19 10:28:27.642977,W.P. KUALA LUMPUR,TITIWANGSA,PASAR AWAM KERAMAT,Runcit,26,Sayur-Sayuran,05,001,BAWANG BESAR MERAH (INDIA),F.A.Q,Kilogram,4,5,
30864245,2026-08-19,2026-08-19 10:28:27.642977,W.P. KUALA LUMPUR,TITIWANGSA,PASAR AWAM KERAMAT,Runcit,26,Sayur-Sayuran,05,001,BAWANG BESAR MERAH (INDIA),F.A.Q,Kilogram,5,5,
30864246,2026-08-19,2026-08-19 10:28:27.642977,W.P. KUALA LUMPUR,TITIWANGSA,PASAR AWAM KERAMAT,Runcit,26,Sayur-Sayuran,05,001,BAWANG MERAH / KECIL (INDIA),F.A.Q,Kilogram,5,5,
30864247,2026-08-19,2026-08-19 10:28:27.642977,W.P. KUALA LUMPUR,TITIWANGSA,PASAR AWAM KERAMAT,Runcit,26,Sayur-Sayuran,05,001,BAWANG MERAH / KECIL (INDIA),F.A.Q,Kilogram,5,5,
30864248,2026-08-19,2026-08-19 10:28:27.642977,W.P. KUALA LUMPUR,TITIWANGSA,PASAR AWAM KERAMAT,Runcit,26,Sayur-Sayuran,05,001,BAWANG MERAH / KECIL (THAI),F.A.Q,Kilogram,13,12.5,
30864249,2026-08-19,2026-08-19 10:28:27.642977,W.P. KUALA LUMPUR,TITIWANGSA,PASAR AWAM KERAMAT,Runcit,26,Sayur-Sayuran,05,001,BAWANG MERAH ROSE,F.A.Q,Kilogram,7,6.75,
30864250,2026-08-19,2026-08-19 10:28:27.642977,W.P. KUALA LUMPUR,TITIWANGSA,PASAR AWAM KERAMAT,Runcit,26,Sayur-Sayuran,05,001,BAWANG MERAH ROSE,F.A.Q,Kilogram,7,6.75,
30864251,2026-08-19,2026-08-19 10:28:27.642977,W.P. KUALA LUMPUR,TITIWANGSA,PASAR AWAM KERAMAT,Runcit,26,Sayur-Sayuran,05,001,BAWANG PUTIH (CHINA),F.A.Q,Kilogram,12,12.25,
30864252,2026-08-19,2026-08-19 10:28:27.642977,W.P. KUALA LUMPUR,TITIWANGSA,PASAR AWAM KERAMAT,Runcit,26,Sayur-Sayuran,03,001,BAYAM,F.A.Q,Kilogram,5,5.5,
30864253,2026-08-19,2026-08-19 10:28:27.642977,W.P. KUALA LUMPUR,TITIWANGSA,PASAR AWAM KERAMAT,Runcit,26,Sayur-Sayuran,03,001,BAYAM,F.A.Q,Kilogram,5,5.5,
30864254,2026-08-19,2026-08-19 10:28:27.642977,W.P. KUALA LUMPUR,TITIWANGSA,PASAR AWAM KERAMAT,Runcit,26,Buah-Buahan,02,005,BETIK SEKAKI,F.A.Q,Kilogram,7,6,
30864255,2026-08-19,2026-08-19 10:28:27.642977,W.P. KUALA LUMPUR,TITIWANGSA,PASAR AWAM KERAMAT,Runcit,26,Buah-Buahan,02,005,BETIK SEKAKI,F.A.Q,Kilogram,6,6,
30864256,2026-08-19,2026-08-19 10:28:27.642977,W.P. KUALA LUMPUR,TITIWANGSA,PASAR AWAM KERAMAT,Runcit,26,Sayur-Sayuran,02,002,CILI HIJAU,F.A.Q,Kilogram,13,13,
30864257,2026-08-19,2026-08-19 10:28:27.642977,W.P. KUALA LUMPUR,TITIWANGSA,PASAR AWAM KERAMAT,Runcit,26,Sayur-Sayuran,02,002,CILI HIJAU,F.A.Q,Kilogram,12,13,
30864258,2026-08-19,2026-08-19 10:28:27.642977,W.P. KUALA LUMPUR,TITIWANGSA,PASAR AWAM KERAMAT,Runcit,26,Sayur-Sayuran,02,002,CILI MERAH KULAI / KULAI HIBRID,F.A.Q,Kilogram,18,17.5,
30864259,2026-08-19,2026-08-19 10:28:27.642977,W.P. KUALA LUMPUR,TITIWANGSA,PASAR AWAM KERAMAT,Runcit,26,Sayur-Sayuran,02,002,CILI MERAH MINYAK,F.A.Q,Kilogram,12,11.5,
30864260,2026-08-19,2026-08-19 10:28:27.642977,W.P. KUALA LUMPUR,TITIWANGSA,PASAR AWAM KERAMAT,Runcit,26,Sayur-Sayuran,03,009,DAUN BAWANG,F.A.Q,Kilogram,8,9,
30864261,2026-08-19,2026-08-19 10:28:27.642977,W.P. KUALA LUMPUR,TITIWANGSA,PASAR AWAM KERAMAT,Runcit,26,Sayur-Sayuran,03,009,DAUN BAWANG,F.A.Q,Kilogram,8,9,
30864262,2026-08-19,2026-08-19 10:28:27.642977,W.P. KUALA LUMPUR,TITIWANGSA,PASAR AWAM KERAMAT,Runcit,26,Sayur-Sayuran,03,015,DAUN SUP (TANAH TINGGI),F.A.Q,Kilogram,18,20.666666,
30864263,2026-08-19,2026-08-19 10:28:27.642977,W.P. KUALA LUMPUR,TITIWANGSA,PASAR AWAM KERAMAT,Runcit,26,Sayur-Sayuran,03,015,DAUN SUP (TANAH TINGGI),F.A.Q,Kilogram,20,20.666666,
30864264,2026-08-19,2026-08-19 10:28:27.642977,W.P. KUALA LUMPUR,TITIWANGSA,PASAR AWAM KERAMAT,Runcit,26,Sayur-Sayuran,04,002,KACANG BENDI,F.A.Q,Kilogram,10,10.666667,
30864265,2026-08-19,2026-08-19 10:28:27.642977,W.P. KUALA LUMPUR,TITIWANGSA,PASAR AWAM KERAMAT,Runcit,26,Sayur-Sayuran,04,002,KACANG BENDI,F.A.Q,Kilogram,8,10.666667,
30864266,2026-08-19,2026-08-19 10:28:27.642977,W.P. KUALA LUMPUR,TITIWANGSA,PASAR AWAM KERAMAT,Runcit,26,Sayur-Sayuran,04,003,KACANG BUNCIS,F.A.Q,Kilogram,10,12.5,
30864267,2026-08-19,2026-08-19 10:28:27.642977,W.P. KUALA LUMPUR,TITIWANGSA,PASAR AWAM KERAMAT,Runcit,26,Sayur-Sayuran,04,003,KACANG BUNCIS,F.A.Q,Kilogram,12,12.5,
30864268,2026-08-19,2026-08-19 10:28:27.642977,W.P. KUALA LUMPUR,TITIWANGSA,PASAR AWAM KERAMAT,Runcit,26,Sayur-Sayuran,04,007,KACANG PANJANG HIJAU,F.A.Q,Kilogram,10,8,
30864269,2026-08-19,2026-08-19 10:28:27.642977,W.P. KUALA LUMPUR,TITIWANGSA,PASAR AWAM KERAMAT,Runcit,26,Sayur-Sayuran,04,007,KACANG PANJANG HIJAU,F.A.Q,Kilogram,8,8,
30864270,2026-08-19,2026-08-19 10:28:27.642977,W.P. KUALA LUMPUR,TITIWANGSA,PASAR AWAM KERAMAT,Runcit,26,Sayur-Sayuran,03,019,KANGKUNG,F.A.Q,Kilogram,5,5.5,
30864271,2026-08-19,2026-08-19 10:28:27.642977,W.P. KUALA LUMPUR,TITIWANGSA,PASAR AWAM KERAMAT,Runcit,26,Sayur-Sayuran,03,019,KANGKUNG,F.A.Q,Kilogram,5,5.5,
30864272,2026-08-19,2026-08-19 10:28:27.642977,W.P. KUALA LUMPUR,TITIWANGSA,PASAR AWAM KERAMAT,Runcit,26,Sayur-Sayuran,03,006,KUBIS BULAT (CHINA),F.A.Q,Kilogram,3,3.5,
30864273,2026-08-19,2026-08-19 10:28:27.642977,W.P. KUALA LUMPUR,TITIWANGSA,PASAR AWAM KERAMAT,Runcit,26,Sayur-Sayuran,03,006,KUBIS BULAT (CHINA),F.A.Q,Kilogram,3,3.5,
30864274,2026-08-19,2026-08-19 10:28:27.642977,W.P. KUALA LUMPUR,TITIWANGSA,PASAR AWAM KERAMAT,Runcit,26,Buah-Buahan,02,028,PISANG BERANGAN,F.A.Q,Kilogram,6,6.5,
30864275,2026-08-19,2026-08-19 10:28:27.642977,W.P. KUALA LUMPUR,TITIWANGSA,PASAR AWAM KERAMAT,Runcit,26,Buah-Buahan,02,028,PISANG BERANGAN,F.A.Q,Kilogram,7,6.5,
30864276,2026-08-19,2026-08-19 10:28:27.642977,W.P. KUALA LUMPUR,TITIWANGSA,PASAR AWAM KERAMAT,Runcit,26,Buah-Buahan,02,028,PISANG MAS,F.A.Q,Kilogram,6,6,
30864277,2026-08-19,2026-08-19 10:28:27.642977,W.P. KUALA LUMPUR,TITIWANGSA,PASAR AWAM KERAMAT,Runcit,26,Buah-Buahan,02,028,PISANG MAS,F.A.Q,Kilogram,7,6,
30864278,2026-08-19,2026-08-19 10:28:27.642977,W.P. KUALA LUMPUR,TITIWANGSA,PASAR AWAM KERAMAT,Runcit,26,Sayur-Sayuran,03,007,SAWI HIJAU,F.A.Q,Kilogram,6,6.5,
30864279,2026-08-19,2026-08-19 10:28:27.642977,W.P. KUALA LUMPUR,TITIWANGSA,PASAR AWAM KERAMAT,Runcit,26,Sayur-Sayuran,03,007,SAWI HIJAU,F.A.Q,Kilogram,5,6.5,
30864280,2026-08-19,2026-08-19 10:28:27.642977,W.P. KUALA LUMPUR,TITIWANGSA,PASAR AWAM KERAMAT,Runcit,26,Ternakan,11,001,TELUR AYAM,A,Biji,0.57,0.47,
30864281,2026-08-19,2026-08-19 10:28:27.642977,W.P. KUALA LUMPUR,TITIWANGSA,PASAR AWAM KERAMAT,Runcit,26,Ternakan,11,001,TELUR AYAM,A,Biji,0.57,0.47,
30864282,2026-08-19,2026-08-19 10:28:27.642977,W.P. KUALA LUMPUR,TITIWANGSA,PASAR AWAM KERAMAT,Runcit,26,Ternakan,11,001,TELUR AYAM,B,Biji,0.55,0.49,
30864283,2026-08-19,2026-08-19 10:28:27.642977,W.P. KUALA LUMPUR,TITIWANGSA,PASAR AWAM KERAMAT,Runcit,26,Buah-Buahan,02,034,TEMBIKAI MERAH TANPA BIJI,F.A.Q,Kilogram,5.5,5.25,
30864284,2026-08-19,2026-08-19 10:28:27.642977,W.P. KUALA LUMPUR,TITIWANGSA,PASAR AWAM KERAMAT,Runcit,26,Sayur-Sayuran,02,010,TERUNG PANJANG / PEPARU (TANAH RENDAH),F.A.Q,Kilogram,10,10.833333,
30864285,2026-08-19,2026-08-19 10:28:27.642977,W.P. KUALA LUMPUR,TITIWANGSA,PASAR AWAM KERAMAT,Runcit,26,Sayur-Sayuran,02,010,TERUNG PANJANG / PEPARU (TANAH RENDAH),F.A.Q,Kilogram,10,10.833333,
30864286,2026-08-19,2026-08-19 10:28:27.642977,W.P. KUALA LUMPUR,TITIWANGSA,PASAR AWAM KERAMAT,Runcit,26,Sayur-Sayuran,02,011,TIMUN HIJAU,F.A.Q,Kilogram,3,4.1666665,
30864287,2026-08-19,2026-08-19 10:28:27.642977,W.P. KUALA LUMPUR,TITIWANGSA,PASAR AWAM KERAMAT,Runcit,26,Sayur-Sayuran,02,011,TIMUN HIJAU,F.A.Q,Kilogram,3,4.1666665,
30864288,2026-08-19,2026-08-19 10:28:27.642977,W.P. KUALA LUMPUR,TITIWANGSA,PASAR AWAM KERAMAT,Runcit,26,Sayur-Sayuran,02,012,TOMATO (TANAH TINGGI),F.A.Q,Kilogram,8,10,
30864289,2026-08-19,2026-08-19 10:28:27.642977,W.P. KUALA LUMPUR,TITIWANGSA,PASAR AWAM KERAMAT,Runcit,26,Sayur-Sayuran,02,012,TOMATO (TANAH TINGGI),F.A.Q,Kilogram,10,10,
30864290,2026-08-19,2026-08-19 10:28:27.642977,W.P. KUALA LUMPUR,TITIWANGSA,PASAR AWAM KERAMAT,Runcit,26,Sayur-Sayuran,05,009,UBI KENTANG HOLLAND,F.A.Q,Kilogram,5,4.75,
30864291,2026-08-19,2026-08-19 10:28:27.642977,W.P. KUALA LUMPUR,TITIWANGSA,PASAR AWAM KERAMAT,Runcit,26,Sayur-Sayuran,05,009,UBI KENTANG HOLLAND,F.A.Q,Kilogram,5,4.75,
30864292,2026-08-19,2026-08-19 10:29:47.903558,SELANGOR,HULU LANGAT,PASAR AWAM KAJANG,Runcit,26,Ternakan,03,002,AYAM PROSES STANDARD,F.A.Q,Kilogram,10.8,10.09,
30864293,2026-08-19,2026-08-19 10:29:47.903558,SELANGOR,HULU LANGAT,PASAR AWAM KAJANG,Runcit,26,Ternakan,11,001,TELUR AYAM,A,Biji,0.42,0.47,
30864294,2026-08-19,2026-08-19 10:29:47.903558,SELANGOR,HULU LANGAT,PASAR AWAM KAJANG,Runcit,26,Ternakan,11,001,TELUR AYAM,B,Biji,0.41,0.45,
30864295,2026-08-19,2026-08-19 10:29:47.903558,SELANGOR,HULU LANGAT,PASAR AWAM KAJANG,Runcit,26,Ternakan,11,001,TELUR AYAM,C,Biji,0.4,0.43,
30864296,2026-08-19,2026-08-19 10:30:44.094351,SELANGOR,HULU LANGAT,PASAR AWAM KAJANG,Runcit,26,Buah-Buahan,02,005,BETIK SEKAKI,F.A.Q,Kilogram,4.5,4.98,
30864297,2026-08-19,2026-08-19 10:30:44.094351,SELANGOR,HULU LANGAT,PASAR AWAM KAJANG,Runcit,26,Buah-Buahan,02,028,PISANG BERANGAN,F.A.Q,Kilogram,5.5,5.88,
30864298,2026-08-19,2026-08-19 10:30:44.094351,SELANGOR,HULU LANGAT,PASAR AWAM KAJANG,Runcit,26,Buah-Buahan,02,028,PISANG MAS,F.A.Q,Kilogram,5.5,5.43,
30864299,2026-08-19,2026-08-19 10:30:44.094351,SELANGOR,HULU LANGAT,PASAR AWAM KAJANG,Runcit,26,Buah-Buahan,02,034,TEMBIKAI MERAH TANPA BIJI,F.A.Q,Kilogram,4,3.49,
30864300,2026-08-19,2026-08-19 10:33:43.274025,SARAWAK,KUCHING,LADANG/KEBUN SIBURAN,Ladang,,Sayur-Sayuran,02,014,BELIMBING BULUH,F.A.Q,Kilogram,5,5,
30864301,2026-08-19,2026-08-19 10:33:43.274025,SARAWAK,KUCHING,LADANG/KEBUN SIBURAN,Ladang,,Sayur-Sayuran,03,035,BUNGA KANTAN,F.A.Q,Tangkai,1,1,
30864302,2026-08-19,2026-08-19 10:33:43.274025,SARAWAK,KUCHING,LADANG/KEBUN SIBURAN,Ladang,,Sayur-Sayuran,06,001,CENDAWAN TIRAM KELABU,F.A.Q,Kilogram,17,17,
30864303,2026-08-19,2026-08-19 10:33:43.274025,SARAWAK,KUCHING,LADANG/KEBUN SIBURAN,Ladang,,Sayur-Sayuran,02,002,CILI PADI,F.A.Q,Kilogram,18,17,
30864304,2026-08-19,2026-08-19 10:33:43.274025,SARAWAK,KUCHING,LADANG/KEBUN SIBURAN,Ladang,,Sayur-Sayuran,03,011,DAUN KESUM,F.A.Q,Kilogram,6,6,
30864305,2026-08-19,2026-08-19 10:33:43.274025,SARAWAK,KUCHING,LADANG/KEBUN SIBURAN,Ladang,,Sayur-Sayuran,07,002,DAUN SELOM,F.A.Q,Kilogram,4,4,
30864306,2026-08-19,2026-08-19 10:33:43.274025,SARAWAK,KUCHING,LADANG/KEBUN SIBURAN,Ladang,,Sayur-Sayuran,05,002,HALIA TUA,F.A.Q,Kilogram,9,9,
30864307,2026-08-19,2026-08-19 10:33:43.274025,SARAWAK,KUCHING,LADANG/KEBUN SIBURAN,Ladang,,Sayur-Sayuran,02,001,JAGUNG SAYUR / BABY CORN,F.A.Q,Kilogram,7,7,
30864308,2026-08-19,2026-08-19 10:33:43.274025,SARAWAK,KUCHING,LADANG/KEBUN SIBURAN,Ladang,,Sayur-Sayuran,07,003,JERING,F.A.Q,Kilogram,5,5,
30864309,2026-08-19,2026-08-19 10:33:43.274025,SARAWAK,KUCHING,LADANG/KEBUN SIBURAN,Ladang,,Sayur-Sayuran,04,005,KACANG BOTOR,F.A.Q,Kilogram,7,7,
30864310,2026-08-19,2026-08-19 10:33:43.274025,SARAWAK,KUCHING,LADANG/KEBUN SIBURAN,Ladang,,Sayur-Sayuran,03,018,KAILAN,F.A.Q,Kilogram,8,8,
30864311,2026-08-19,2026-08-19 10:33:43.274025,SARAWAK,KUCHING,LADANG/KEBUN SIBURAN,Ladang,,Sayur-Sayuran,05,003,KELADI,F.A.Q,Kilogram,3.8,3.8,
30864312,2026-08-19,2026-08-19 10:33:43.274025,SARAWAK,KUCHING,LADANG/KEBUN SIBURAN,Ladang,,Sayur-Sayuran,02,004,KETOLA / PETOLA SEGI,F.A.Q,Kilogram,5,4.5,
30864313,2026-08-19,2026-08-19 10:33:43.274025,SARAWAK,KUCHING,LADANG/KEBUN SIBURAN,Ladang,,Sayur-Sayuran,02,005,KUNDUR BULAT,F.A.Q,Kilogram,2,2,
30864314,2026-08-19,2026-08-19 10:33:43.274025,SARAWAK,KUCHING,LADANG/KEBUN SIBURAN,Ladang,,Sayur-Sayuran,05,004,KUNYIT,F.A.Q,Kilogram,5,5,
30864315,2026-08-19,2026-08-19 10:33:43.274025,SARAWAK,KUCHING,LADANG/KEBUN SIBURAN,Ladang,,Sayur-Sayuran,02,006,LABU AIR,F.A.Q,Kilogram,2,2,
30864316,2026-08-19,2026-08-19 10:33:43.274025,SARAWAK,KUCHING,LADANG/KEBUN SIBURAN,Ladang,,Sayur-Sayuran,02,006,LABU MANIS,F.A.Q,Kilogram,2,2,
30864317,2026-08-19,2026-08-19 10:33:43.274025,SARAWAK,KUCHING,LADANG/KEBUN SIBURAN,Ladang,,Sayur-Sayuran,05,005,LENGKUAS,F.A.Q,Kilogram,5,5,
30864318,2026-08-19,2026-08-19 10:33:43.274025,SARAWAK,KUCHING,LADANG/KEBUN SIBURAN,Ladang,,Sayur-Sayuran,02,007,LIMAU KASTURI,F.A.Q,Kilogram,2,2,
30864319,2026-08-19,2026-08-19 10:33:43.274025,SARAWAK,KUCHING,LADANG/KEBUN SIBURAN,Ladang,,Sayur-Sayuran,02,007,LIMAU NIPIS,F.A.Q,Kilogram,4,5,
30864320,2026-08-19,2026-08-19 10:33:43.274025,SARAWAK,KUCHING,LADANG/KEBUN SIBURAN,Ladang,,Sayur-Sayuran,07,002,PEGAGA,F.A.Q,Kilogram,12,12,
30864321,2026-08-19,2026-08-19 10:33:43.274025,SARAWAK,KUCHING,LADANG/KEBUN SIBURAN,Ladang,,Sayur-Sayuran,02,009,PERIA,F.A.Q,Kilogram,4,3.5,
30864322,2026-08-19,2026-08-19 10:33:43.274025,SARAWAK,KUCHING,LADANG/KEBUN SIBURAN,Ladang,,Sayur-Sayuran,02,009,PERIA KATAK,F.A.Q,Kilogram,6,5.25,
30864323,2026-08-19,2026-08-19 10:33:43.274025,SARAWAK,KUCHING,LADANG/KEBUN SIBURAN,Ladang,,Sayur-Sayuran,07,003,PETAI,F.A.Q,RM/5 Keping,4,4,
30864324,2026-08-19,2026-08-19 10:33:43.274025,SARAWAK,KUCHING,LADANG/KEBUN SIBURAN,Ladang,,Sayur-Sayuran,07,002,PUCUK GAJUS,F.A.Q,Kilogram,10,10,
30864325,2026-08-19,2026-08-19 10:33:43.274025,SARAWAK,KUCHING,LADANG/KEBUN SIBURAN,Ladang,,Sayur-Sayuran,03,026,PUCUK PAKU,F.A.Q,Kilogram,3,3,
30864326,2026-08-19,2026-08-19 10:33:43.274025,SARAWAK,KUCHING,LADANG/KEBUN SIBURAN,Ladang,,Sayur-Sayuran,01,002,REBUNG,F.A.Q,Kilogram,3,3,
30864327,2026-08-19,2026-08-19 10:33:43.274025,SARAWAK,KUCHING,LADANG/KEBUN SIBURAN,Ladang,,Sayur-Sayuran,03,007,SAWI BUNGA,F.A.Q,Kilogram,6,3.5,
30864328,2026-08-19,2026-08-19 10:33:43.274025,SARAWAK,KUCHING,LADANG/KEBUN SIBURAN,Ladang,,Sayur-Sayuran,03,007,SAWI JEPUN,F.A.Q,Kilogram,6,3.5,
30864329,2026-08-19,2026-08-19 10:33:43.274025,SARAWAK,KUCHING,LADANG/KEBUN SIBURAN,Ladang,,Sayur-Sayuran,03,007,SAWI PAHIT,F.A.Q,Kilogram,6,3.5,
30864330,2026-08-19,2026-08-19 10:33:43.274025,SARAWAK,KUCHING,LADANG/KEBUN SIBURAN,Ladang,,Sayur-Sayuran,03,007,SAWI PUTIH PAK CHOY,F.A.Q,Kilogram,6,3.5,
30864331,2026-08-19,2026-08-19 10:33:43.274025,SARAWAK,KUCHING,LADANG/KEBUN SIBURAN,Ladang,,Sayur-Sayuran,07,004,SELASIH,F.A.Q,Kilogram,10,10,
30864332,2026-08-19,2026-08-19 10:33:43.274025,SARAWAK,KUCHING,LADANG/KEBUN SIBURAN,Ladang,,Sayur-Sayuran,05,007,SENGKUANG,F.A.Q,Kilogram,5,5,
30864333,2026-08-19,2026-08-19 10:33:43.274025,SARAWAK,KUCHING,LADANG/KEBUN SIBURAN,Ladang,,Sayur-Sayuran,05,008,SERAI,F.A.Q,Kilogram,2.5,2.5,
30864334,2026-08-19,2026-08-19 10:33:43.274025,SARAWAK,KUCHING,LADANG/KEBUN SIBURAN,Ladang,,Sayur-Sayuran,02,010,TERUNG ASAM,F.A.Q,Kilogram,8,8,
30864335,2026-08-19,2026-08-19 10:33:43.274025,SARAWAK,KUCHING,LADANG/KEBUN SIBURAN,Ladang,,Sayur-Sayuran,07,002,ULAM RAJA,F.A.Q,Kilogram,2,2,
30864336,2026-08-19,2026-08-19 10:34:00.028046,SELANGOR,HULU LANGAT,PASAR AWAM KAJANG,Runcit,26,Sayur-Sayuran,05,001,BAWANG BESAR KUNING / HOLLAND,F.A.Q,Kilogram,4,5.07,
30864337,2026-08-19,2026-08-19 10:34:00.028046,SELANGOR,HULU LANGAT,PASAR AWAM KAJANG,Runcit,26,Sayur-Sayuran,05,001,BAWANG BESAR MERAH (INDIA),F.A.Q,Kilogram,5,4.23,
30864338,2026-08-19,2026-08-19 10:34:00.028046,SELANGOR,HULU LANGAT,PASAR AWAM KAJANG,Runcit,26,Sayur-Sayuran,05,001,BAWANG MERAH ROSE,F.A.Q,Kilogram,12,12.98,
30864339,2026-08-19,2026-08-19 10:34:00.028046,SELANGOR,HULU LANGAT,PASAR AWAM KAJANG,Runcit,26,Sayur-Sayuran,05,001,BAWANG PUTIH (CHINA),F.A.Q,Kilogram,9,8.52,
30864340,2026-08-19,2026-08-19 10:34:00.028046,SELANGOR,HULU LANGAT,PASAR AWAM KAJANG,Runcit,26,Sayur-Sayuran,03,001,BAYAM,F.A.Q,Kilogram,5,6.02,
30864341,2026-08-19,2026-08-19 10:34:00.028046,SELANGOR,HULU LANGAT,PASAR AWAM KAJANG,Runcit,26,Sayur-Sayuran,02,002,CILI HIJAU,F.A.Q,Kilogram,15,13.18,
30864342,2026-08-19,2026-08-19 10:34:00.028046,SELANGOR,HULU LANGAT,PASAR AWAM KAJANG,Runcit,26,Sayur-Sayuran,02,002,CILI MERAH KULAI / KULAI HIBRID,F.A.Q,Kilogram,18,16.01,
30864343,2026-08-19,2026-08-19 10:34:00.028046,SELANGOR,HULU LANGAT,PASAR AWAM KAJANG,Runcit,26,Sayur-Sayuran,03,015,DAUN SUP (TANAH TINGGI),F.A.Q,Kilogram,12,13.35,
30864344,2026-08-19,2026-08-19 10:34:00.028046,SELANGOR,HULU LANGAT,PASAR AWAM KAJANG,Runcit,26,Sayur-Sayuran,04,002,KACANG BENDI,F.A.Q,Kilogram,8.5,9.12,
30864345,2026-08-19,2026-08-19 10:34:00.028046,SELANGOR,HULU LANGAT,PASAR AWAM KAJANG,Runcit,26,Sayur-Sayuran,04,003,KACANG BUNCIS,F.A.Q,Kilogram,12,13.06,
30864346,2026-08-19,2026-08-19 10:34:00.028046,SELANGOR,HULU LANGAT,PASAR AWAM KAJANG,Runcit,26,Sayur-Sayuran,04,007,KACANG PANJANG HIJAU,F.A.Q,Kilogram,8,8.57,
30864347,2026-08-19,2026-08-19 10:34:00.028046,SELANGOR,HULU LANGAT,PASAR AWAM KAJANG,Runcit,26,Sayur-Sayuran,03,019,KANGKUNG,F.A.Q,Kilogram,4,5.03,
30864348,2026-08-19,2026-08-19 10:34:00.028046,SELANGOR,HULU LANGAT,PASAR AWAM KAJANG,Runcit,26,Sayur-Sayuran,03,006,KUBIS BULAT (CHINA),F.A.Q,Kilogram,3.5,3.29,
30864349,2026-08-19,2026-08-19 10:34:00.028046,SELANGOR,HULU LANGAT,PASAR AWAM KAJANG,Runcit,26,Sayur-Sayuran,03,006,KUBIS BULAT (TANAH TINGGI),F.A.Q,Kilogram,4.5,4.94,
30864350,2026-08-19,2026-08-19 10:34:00.028046,SELANGOR,HULU LANGAT,PASAR AWAM KAJANG,Runcit,26,Sayur-Sayuran,03,007,SAWI HIJAU TANAH TINGGI,F.A.Q,Kilogram,7,4,
30864351,2026-08-19,2026-08-19 10:34:00.028046,SELANGOR,HULU LANGAT,PASAR AWAM KAJANG,Runcit,26,Sayur-Sayuran,02,010,TERUNG PANJANG / PEPARU (TANAH RENDAH),F.A.Q,Kilogram,7,8.08,
30864352,2026-08-19,2026-08-19 10:34:00.028046,SELANGOR,HULU LANGAT,PASAR AWAM KAJANG,Runcit,26,Sayur-Sayuran,02,011,TIMUN HIJAU,F.A.Q,Kilogram,4.5,4.27,
30864353,2026-08-19,2026-08-19 10:34:00.028046,SELANGOR,HULU LANGAT,PASAR AWAM KAJANG,Runcit,26,Sayur-Sayuran,02,012,TOMATO (TANAH TINGGI),F.A.Q,Kilogram,6.5,5.71,
30864354,2026-08-19,2026-08-19 10:34:00.028046,SELANGOR,HULU LANGAT,PASAR AWAM KAJANG,Runcit,26,Sayur-Sayuran,05,009,UBI KENTANG HOLLAND,F.A.Q,Kilogram,5,4.09,
30864355,2026-08-19,2026-08-19 10:34:31.121218,SELANGOR,HULU LANGAT,PASAR AWAM KAJANG,Runcit,26,Lain-Lain Makanan Proses,15,001,SANTAN PEKAT,F.A.Q,Kilogram,14,15.22,
30864401,2026-08-19,2026-08-19 10:40:34.605137,SELANGOR,HULU LANGAT,[LOKASI KUTIPAN HARGA LADANG] BATU 21,Ladang,,Buah-Buahan,02,028,PISANG BERANGAN,F.A.Q,Kilogram,2.7,2.72,
30864402,2026-08-19,2026-08-19 10:41:53.055515,SELANGOR,HULU LANGAT,[LOKASI KUTIPAN HARGA LADANG] DUSUN TUA,Ladang,27,Sayur-Sayuran,04,002,KACANG BENDI,F.A.Q,Kilogram,3.5,4.27,
30864403,2026-08-19,2026-08-19 10:41:53.055515,SELANGOR,HULU LANGAT,[LOKASI KUTIPAN HARGA LADANG] DUSUN TUA,Ladang,27,Sayur-Sayuran,02,010,TERUNG PANJANG / PEPARU (TANAH RENDAH),F.A.Q,Kilogram,3.5,3.99,
30864453,2026-08-19,2026-08-19 10:44:35.721195,NEGERI SEMBILAN,SEREMBAN,,Ladang,,Tanaman Kontan,05,001,KELAPA DIKUPAS,SEDANG,Biji,1.8,1.65,
30864460,2026-08-19,2026-08-19 10:46:42.62925,NEGERI SEMBILAN,SEREMBAN,PASAR BESAR SEREMBAN - BAHAGIAN RUNCIT,Runcit,26,Ternakan,03,002,AYAM PROSES STANDARD,F.A.Q,Kilogram,11,11.7,
30864461,2026-08-19,2026-08-19 10:46:42.62925,NEGERI SEMBILAN,SEREMBAN,PASAR BESAR SEREMBAN - BAHAGIAN RUNCIT,Runcit,26,Ternakan,03,002,AYAM PROSES STANDARD,F.A.Q,Kilogram,12,11.7,
30864462,2026-08-19,2026-08-19 10:46:42.62925,NEGERI SEMBILAN,SEREMBAN,PASAR BESAR SEREMBAN - BAHAGIAN RUNCIT,Runcit,26,Ternakan,03,002,AYAM PROSES STANDARD,F.A.Q,Kilogram,12.5,11.7,
30864463,2026-08-19,2026-08-19 10:46:42.62925,NEGERI SEMBILAN,SEREMBAN,PASAR BESAR SEREMBAN - BAHAGIAN RUNCIT,Runcit,26,Ternakan,02,003,DAGING LEMBU PEJAL,F.A.Q,Kilogram,40,39.5,
30864464,2026-08-19,2026-08-19 10:46:42.62925,NEGERI SEMBILAN,SEREMBAN,PASAR BESAR SEREMBAN - BAHAGIAN RUNCIT,Runcit,26,Ternakan,02,003,DAGING LEMBU PEJAL,F.A.Q,Kilogram,39,39.5,
30864465,2026-08-19,2026-08-19 10:46:42.62925,NEGERI SEMBILAN,SEREMBAN,PASAR BESAR SEREMBAN - BAHAGIAN RUNCIT,Runcit,26,Ternakan,11,001,TELUR AYAM,B,Biji,0.5,0.46571428,
30864466,2026-08-19,2026-08-19 10:46:42.62925,NEGERI SEMBILAN,SEREMBAN,PASAR BESAR SEREMBAN - BAHAGIAN RUNCIT,Runcit,26,Ternakan,11,001,TELUR AYAM,B,Biji,0.5,0.46571428,
30864467,2026-08-19,2026-08-19 10:46:42.62925,NEGERI SEMBILAN,SEREMBAN,PASAR BESAR SEREMBAN - BAHAGIAN RUNCIT,Runcit,26,Ternakan,11,001,TELUR AYAM,B,Biji,0.5,0.46571428,
30864475,2026-08-19,2026-08-19 10:48:44.313156,NEGERI SEMBILAN,SEREMBAN,PASAR BESAR SEREMBAN - BAHAGIAN BORONG,Borong,20,Ternakan,03,002,AYAM PROSES STANDARD,F.A.Q,Kilogram,8.6,8.75,
30864476,2026-08-19,2026-08-19 10:48:44.313156,NEGERI SEMBILAN,SEREMBAN,PASAR BESAR SEREMBAN - BAHAGIAN BORONG,Borong,20,Ternakan,03,002,AYAM PROSES STANDARD,F.A.Q,Kilogram,9.4,8.75,
30864477,2026-08-19,2026-08-19 10:48:44.313156,NEGERI SEMBILAN,SEREMBAN,PASAR BESAR SEREMBAN - BAHAGIAN BORONG,Borong,20,Ternakan,02,003,DAGING LEMBU PEJAL,F.A.Q,Kilogram,35,35,
30864478,2026-08-19,2026-08-19 10:48:44.313156,NEGERI SEMBILAN,SEREMBAN,PASAR BESAR SEREMBAN - BAHAGIAN BORONG,Borong,20,Ternakan,02,003,DAGING LEMBU PEJAL,F.A.Q,Kilogram,35,35,
30864479,2026-08-19,2026-08-19 10:48:44.313156,NEGERI SEMBILAN,SEREMBAN,PASAR BESAR SEREMBAN - BAHAGIAN BORONG,Borong,20,Ternakan,11,001,TELUR AYAM,B,Biji,0.48,0.42571428,
30864480,2026-08-19,2026-08-19 10:48:44.313156,NEGERI SEMBILAN,SEREMBAN,PASAR BESAR SEREMBAN - BAHAGIAN BORONG,Borong,20,Ternakan,11,001,TELUR AYAM,B,Biji,0.48,0.42571428,
30864481,2026-08-19,2026-08-19 10:48:44.313156,NEGERI SEMBILAN,SEREMBAN,PASAR BESAR SEREMBAN - BAHAGIAN BORONG,Borong,20,Ternakan,11,001,TELUR AYAM,B,Biji,0.48,0.42571428,
30864494,2026-08-19,2026-08-19 10:49:47.791022,NEGERI SEMBILAN,SEREMBAN,PASAR BESAR SEREMBAN - BAHAGIAN RUNCIT,Runcit,26,Tanaman Kontan,05,001,KELAPA DIKUPAS,SEDANG,Biji,2.9,2.95,
30864495,2026-08-19,2026-08-19 10:49:47.791022,NEGERI SEMBILAN,SEREMBAN,PASAR BESAR SEREMBAN - BAHAGIAN RUNCIT,Runcit,26,Tanaman Kontan,05,001,KELAPA DIKUPAS,SEDANG,Biji,3,2.95,
30864496,2026-08-19,2026-08-19 10:49:47.791022,NEGERI SEMBILAN,SEREMBAN,PASAR BESAR SEREMBAN - BAHAGIAN RUNCIT,Runcit,26,Buah-Buahan,02,023,NANAS JOSAPINE (AC5),F.A.Q,Kilogram,4,4.221212,
30864497,2026-08-19,2026-08-19 10:49:47.791022,NEGERI SEMBILAN,SEREMBAN,PASAR BESAR SEREMBAN - BAHAGIAN RUNCIT,Runcit,26,Buah-Buahan,02,023,NANAS JOSAPINE (AC5),F.A.Q,Kilogram,4.5,4.221212,
30864498,2026-08-19,2026-08-19 10:49:47.791022,NEGERI SEMBILAN,SEREMBAN,PASAR BESAR SEREMBAN - BAHAGIAN RUNCIT,Runcit,26,Buah-Buahan,02,023,NANAS JOSAPINE (AC5),F.A.Q,Kilogram,4.2,4.221212,
30864499,2026-08-19,2026-08-19 10:49:47.791022,NEGERI SEMBILAN,SEREMBAN,PASAR BESAR SEREMBAN - BAHAGIAN RUNCIT,Runcit,26,Buah-Buahan,02,028,PISANG BERANGAN,F.A.Q,Kilogram,5.9,5.9615383,
30864500,2026-08-19,2026-08-19 10:49:47.791022,NEGERI SEMBILAN,SEREMBAN,PASAR BESAR SEREMBAN - BAHAGIAN RUNCIT,Runcit,26,Buah-Buahan,02,028,PISANG BERANGAN,F.A.Q,Kilogram,6,5.9615383,
30864501,2026-08-19,2026-08-19 10:49:47.791022,NEGERI SEMBILAN,SEREMBAN,PASAR BESAR SEREMBAN - BAHAGIAN RUNCIT,Runcit,26,Buah-Buahan,02,028,PISANG BERANGAN,F.A.Q,Kilogram,5.7,5.9615383,
30864502,2026-08-19,2026-08-19 10:49:47.791022,NEGERI SEMBILAN,SEREMBAN,PASAR BESAR SEREMBAN - BAHAGIAN RUNCIT,Runcit,26,Buah-Buahan,02,034,TEMBIKAI MERAH TANPA BIJI,F.A.Q,Kilogram,4.2,3.9413793,
30864503,2026-08-19,2026-08-19 10:49:47.791022,NEGERI SEMBILAN,SEREMBAN,PASAR BESAR SEREMBAN - BAHAGIAN RUNCIT,Runcit,26,Buah-Buahan,02,034,TEMBIKAI MERAH TANPA BIJI,F.A.Q,Kilogram,4.4,3.9413793,
30864504,2026-08-19,2026-08-19 10:49:47.791022,NEGERI SEMBILAN,SEREMBAN,PASAR BESAR SEREMBAN - BAHAGIAN RUNCIT,Runcit,26,Buah-Buahan,02,034,TEMBIKAI MERAH TANPA BIJI,F.A.Q,Kilogram,4,3.9413793,
30864505,2026-08-19,2026-08-19 10:51:00.466775,PERAK,KINTA,PASAR BESAR IPOH,Runcit,26,Sayur-Sayuran,01,001,ASPARAGUS (IMPORT),F.A.Q,Kilogram,19,19,
30864506,2026-08-19,2026-08-19 10:51:00.466775,PERAK,KINTA,PASAR BESAR IPOH,Runcit,26,Sayur-Sayuran,01,001,ASPARAGUS (IMPORT),F.A.Q,Kilogram,19,19,
30864507,2026-08-19,2026-08-19 10:51:00.466775,PERAK,KINTA,PASAR BESAR IPOH,Runcit,26,Sayur-Sayuran,02,014,BELIMBING BULUH,F.A.Q,Kilogram,12,12,
30864508,2026-08-19,2026-08-19 10:51:00.466775,PERAK,KINTA,PASAR BESAR IPOH,Runcit,26,Sayur-Sayuran,02,014,BELIMBING BULUH,F.A.Q,Kilogram,12,12,
30864509,2026-08-19,2026-08-19 10:51:00.466775,PERAK,KINTA,PASAR BESAR IPOH,Runcit,26,Sayur-Sayuran,02,014,BELIMBING BULUH,F.A.Q,Kilogram,12,12,
30864510,2026-08-19,2026-08-19 10:51:00.466775,PERAK,KINTA,PASAR BESAR IPOH,Runcit,26,Sayur-Sayuran,02,014,BELIMBING BULUH,F.A.Q,Kilogram,12,12,
30864511,2026-08-19,2026-08-19 10:51:00.466775,PERAK,KINTA,PASAR BESAR IPOH,Runcit,26,Sayur-Sayuran,03,003,BROKOLI,F.A.Q,Kilogram,10,10,
30864512,2026-08-19,2026-08-19 10:51:00.466775,PERAK,KINTA,PASAR BESAR IPOH,Runcit,26,Sayur-Sayuran,03,003,BROKOLI,F.A.Q,Kilogram,10,10,
30864513,2026-08-19,2026-08-19 10:51:00.466775,PERAK,KINTA,PASAR BESAR IPOH,Runcit,26,Sayur-Sayuran,03,003,BROKOLI,F.A.Q,Kilogram,10,10,
30864514,2026-08-19,2026-08-19 10:51:00.466775,PERAK,KINTA,PASAR BESAR IPOH,Runcit,26,Sayur-Sayuran,03,003,BROKOLI,F.A.Q,Kilogram,10,10,
30864515,2026-08-19,2026-08-19 10:51:00.466775,PERAK,KINTA,PASAR BESAR IPOH,Runcit,26,Sayur-Sayuran,03,003,BROKOLI,F.A.Q,Kilogram,10,10,
30864516,2026-08-19,2026-08-19 10:51:00.466775,PERAK,KINTA,PASAR BESAR IPOH,Runcit,26,Sayur-Sayuran,03,003,BROKOLI (IMPORT),F.A.Q,Kilogram,11,11,
30864517,2026-08-19,2026-08-19 10:51:00.466775,PERAK,KINTA,PASAR BESAR IPOH,Runcit,26,Sayur-Sayuran,03,003,BROKOLI (IMPORT),F.A.Q,Kilogram,11,11,
30864518,2026-08-19,2026-08-19 10:51:00.466775,PERAK,KINTA,PASAR BESAR IPOH,Runcit,26,Sayur-Sayuran,03,003,BROKOLI (IMPORT),F.A.Q,Kilogram,11,11,
30864519,2026-08-19,2026-08-19 10:51:00.466775,PERAK,KINTA,PASAR BESAR IPOH,Runcit,26,Sayur-Sayuran,03,003,BROKOLI (IMPORT),F.A.Q,Kilogram,11,11,
30864520,2026-08-19,2026-08-19 10:51:00.466775,PERAK,KINTA,PASAR BESAR IPOH,Runcit,26,Sayur-Sayuran,03,035,BUNGA KANTAN,F.A.Q,Tangkai,1.5,1.5,
30864521,2026-08-19,2026-08-19 10:51:00.466775,PERAK,KINTA,PASAR BESAR IPOH,Runcit,26,Sayur-Sayuran,03,035,BUNGA KANTAN,F.A.Q,Tangkai,1.5,1.5,
30864522,2026-08-19,2026-08-19 10:51:00.466775,PERAK,KINTA,PASAR BESAR IPOH,Runcit,26,Sayur-Sayuran,03,035,BUNGA KANTAN,F.A.Q,Tangkai,1.5,1.5,
30864523,2026-08-19,2026-08-19 10:51:00.466775,PERAK,KINTA,PASAR BESAR IPOH,Runcit,26,Sayur-Sayuran,03,035,BUNGA KANTAN,F.A.Q,Tangkai,1.5,1.5,
30864524,2026-08-19,2026-08-19 10:51:00.466775,PERAK,KINTA,PASAR BESAR IPOH,Runcit,26,Sayur-Sayuran,06,001,CENDAWAN TIRAM KELABU,F.A.Q,Kilogram,15,15,
30864525,2026-08-19,2026-08-19 10:51:00.466775,PERAK,KINTA,PASAR BESAR IPOH,Runcit,26,Sayur-Sayuran,06,001,CENDAWAN TIRAM KELABU,F.A.Q,Kilogram,15,15,
30864526,2026-08-19,2026-08-19 10:51:00.466775,PERAK,KINTA,PASAR BESAR IPOH,Runcit,26,Sayur-Sayuran,06,001,CENDAWAN TIRAM KELABU,F.A.Q,Kilogram,15,15,
30864527,2026-08-19,2026-08-19 10:51:00.466775,PERAK,KINTA,PASAR BESAR IPOH,Runcit,26,Sayur-Sayuran,06,001,CENDAWAN TIRAM KELABU,F.A.Q,Kilogram,15,15,
30864528,2026-08-19,2026-08-19 10:51:00.466775,PERAK,KINTA,PASAR BESAR IPOH,Runcit,26,Sayur-Sayuran,06,001,CENDAWAN TIRAM KELABU,F.A.Q,Kilogram,15,15,
30864529,2026-08-19,2026-08-19 10:51:00.466775,PERAK,KINTA,PASAR BESAR IPOH,Runcit,26,Sayur-Sayuran,02,002,CILI PADI,F.A.Q,Kilogram,38,38,
30864530,2026-08-19,2026-08-19 10:51:00.466775,PERAK,KINTA,PASAR BESAR IPOH,Runcit,26,Sayur-Sayuran,02,002,CILI PADI,F.A.Q,Kilogram,38,38,
30864531,2026-08-19,2026-08-19 10:51:00.466775,PERAK,KINTA,PASAR BESAR IPOH,Runcit,26,Sayur-Sayuran,02,002,CILI PADI,F.A.Q,Kilogram,38,38,
30864532,2026-08-19,2026-08-19 10:51:00.466775,PERAK,KINTA,PASAR BESAR IPOH,Runcit,26,Sayur-Sayuran,02,002,CILI PADI,F.A.Q,Kilogram,38,38,
30864533,2026-08-19,2026-08-19 10:51:00.466775,PERAK,KINTA,PASAR BESAR IPOH,Runcit,26,Sayur-Sayuran,02,002,CILI PADI AKAR (THAILAND),F.A.Q,Kilogram,11,11,
30864534,2026-08-19,2026-08-19 10:51:00.466775,PERAK,KINTA,PASAR BESAR IPOH,Runcit,26,Sayur-Sayuran,02,002,CILI PADI AKAR (THAILAND),F.A.Q,Kilogram,11,11,
30864535,2026-08-19,2026-08-19 10:51:00.466775,PERAK,KINTA,PASAR BESAR IPOH,Runcit,26,Sayur-Sayuran,02,002,CILI PADI AKAR (THAILAND),F.A.Q,Kilogram,11,11,
30864536,2026-08-19,2026-08-19 10:51:00.466775,PERAK,KINTA,PASAR BESAR IPOH,Runcit,26,Sayur-Sayuran,02,002,CILI PADI AKAR (THAILAND),F.A.Q,Kilogram,11,11,
30864537,2026-08-19,2026-08-19 10:51:00.466775,PERAK,KINTA,PASAR BESAR IPOH,Runcit,26,Sayur-Sayuran,02,002,CILI PADI AKAR (THAILAND),F.A.Q,Kilogram,11,11,
30864538,2026-08-19,2026-08-19 10:51:00.466775,PERAK,KINTA,PASAR BESAR IPOH,Runcit,26,Sayur-Sayuran,02,002,CILI PADI KAMPUNG (THAILAND),F.A.Q,Kilogram,11,11,
30864539,2026-08-19,2026-08-19 10:51:00.466775,PERAK,KINTA,PASAR BESAR IPOH,Runcit,26,Sayur-Sayuran,02,002,CILI PADI KAMPUNG (THAILAND),F.A.Q,Kilogram,11,11,
30864540,2026-08-19,2026-08-19 10:51:00.466775,PERAK,KINTA,PASAR BESAR IPOH,Runcit,26,Sayur-Sayuran,02,002,CILI PADI KAMPUNG (THAILAND),F.A.Q,Kilogram,11,11,
30864541,2026-08-19,2026-08-19 10:51:00.466775,PERAK,KINTA,PASAR BESAR IPOH,Runcit,26,Sayur-Sayuran,02,002,CILI PADI KAMPUNG (THAILAND),F.A.Q,Kilogram,11,11,
30864542,2026-08-19,2026-08-19 10:51:00.466775,PERAK,KINTA,PASAR BESAR IPOH,Runcit,26,Sayur-Sayuran,02,002,CILI PADI KAMPUNG (THAILAND),F.A.Q,Kilogram,11,11,
30864543,2026-08-19,2026-08-19 10:51:00.466775,PERAK,KINTA,PASAR BESAR IPOH,Runcit,26,Sayur-Sayuran,02,002,CILI PADI MERAH (IMPORT),F.A.Q,Kilogram,15,15,
30864544,2026-08-19,2026-08-19 10:51:00.466775,PERAK,KINTA,PASAR BESAR IPOH,Runcit,26,Sayur-Sayuran,02,002,CILI PADI MERAH (IMPORT),F.A.Q,Kilogram,15,15,
30864545,2026-08-19,2026-08-19 10:51:00.466775,PERAK,KINTA,PASAR BESAR IPOH,Runcit,26,Sayur-Sayuran,02,002,CILI PADI MERAH (IMPORT),F.A.Q,Kilogram,15,15,
30864546,2026-08-19,2026-08-19 10:51:00.466775,PERAK,KINTA,PASAR BESAR IPOH,Runcit,26,Sayur-Sayuran,02,002,CILI PADI MERAH (IMPORT),F.A.Q,Kilogram,15,15,
30864547,2026-08-19,2026-08-19 10:51:00.466775,PERAK,KINTA,PASAR BESAR IPOH,Runcit,26,Sayur-Sayuran,02,002,CILI PADI MERAH (IMPORT),F.A.Q,Kilogram,15,15,
30864548,2026-08-19,2026-08-19 10:51:00.466775,PERAK,KINTA,PASAR BESAR IPOH,Runcit,26,Sayur-Sayuran,03,011,DAUN KESUM,F.A.Q,Kilogram,10,10.125,
30864549,2026-08-19,2026-08-19 10:51:00.466775,PERAK,KINTA,PASAR BESAR IPOH,Runcit,26,Sayur-Sayuran,03,011,DAUN KESUM,F.A.Q,Kilogram,10,10.125,
30864550,2026-08-19,2026-08-19 10:51:00.466775,PERAK,KINTA,PASAR BESAR IPOH,Runcit,26,Sayur-Sayuran,03,011,DAUN KESUM,F.A.Q,Kilogram,10,10.125,
30864551,2026-08-19,2026-08-19 10:51:00.466775,PERAK,KINTA,PASAR BESAR IPOH,Runcit,26,Sayur-Sayuran,03,011,DAUN KESUM,F.A.Q,Kilogram,10,10.125,
30864552,2026-08-19,2026-08-19 10:51:00.466775,PERAK,KINTA,PASAR BESAR IPOH,Runcit,26,Sayur-Sayuran,03,021,DAUN KETUMBAR (IMPORT),F.A.Q,Kilogram,19,19,
30864553,2026-08-19,2026-08-19 10:51:00.466775,PERAK,KINTA,PASAR BESAR IPOH,Runcit,26,Sayur-Sayuran,03,021,DAUN KETUMBAR (IMPORT),F.A.Q,Kilogram,19,19,
30864554,2026-08-19,2026-08-19 10:51:00.466775,PERAK,KINTA,PASAR BESAR IPOH,Runcit,26,Sayur-Sayuran,03,021,DAUN KETUMBAR (IMPORT),F.A.Q,Kilogram,19,19,
30864555,2026-08-19,2026-08-19 10:51:00.466775,PERAK,KINTA,PASAR BESAR IPOH,Runcit,26,Sayur-Sayuran,03,021,DAUN KETUMBAR (IMPORT),F.A.Q,Kilogram,19,19,
30864556,2026-08-19,2026-08-19 10:51:00.466775,PERAK,KINTA,PASAR BESAR IPOH,Runcit,26,Sayur-Sayuran,07,002,DAUN SELOM,F.A.Q,Kilogram,12,12,
30864557,2026-08-19,2026-08-19 10:51:00.466775,PERAK,KINTA,PASAR BESAR IPOH,Runcit,26,Sayur-Sayuran,07,002,DAUN SELOM,F.A.Q,Kilogram,12,12,
30864558,2026-08-19,2026-08-19 10:51:00.466775,PERAK,KINTA,PASAR BESAR IPOH,Runcit,26,Sayur-Sayuran,07,002,DAUN SELOM,F.A.Q,Kilogram,12,12,
30864559,2026-08-19,2026-08-19 10:51:00.466775,PERAK,KINTA,PASAR BESAR IPOH,Runcit,26,Sayur-Sayuran,07,002,DAUN SELOM,F.A.Q,Kilogram,12,12,
30864560,2026-08-19,2026-08-19 10:51:00.466775,PERAK,KINTA,PASAR BESAR IPOH,Runcit,26,Sayur-Sayuran,05,002,HALIA MUDA,F.A.Q,Kilogram,14,14,
30864561,2026-08-19,2026-08-19 10:51:00.466775,PERAK,KINTA,PASAR BESAR IPOH,Runcit,26,Sayur-Sayuran,05,002,HALIA MUDA,F.A.Q,Kilogram,14,14,
30864562,2026-08-19,2026-08-19 10:51:00.466775,PERAK,KINTA,PASAR BESAR IPOH,Runcit,26,Sayur-Sayuran,05,002,HALIA MUDA,F.A.Q,Kilogram,14,14,
30864563,2026-08-19,2026-08-19 10:51:00.466775,PERAK,KINTA,PASAR BESAR IPOH,Runcit,26,Sayur-Sayuran,05,002,HALIA MUDA,F.A.Q,Kilogram,14,14,
30864564,2026-08-19,2026-08-19 10:51:00.466775,PERAK,KINTA,PASAR BESAR IPOH,Runcit,26,Sayur-Sayuran,05,002,HALIA MUDA,F.A.Q,Kilogram,14,14,
30864565,2026-08-19,2026-08-19 10:51:00.466775,PERAK,KINTA,PASAR BESAR IPOH,Runcit,26,Sayur-Sayuran,05,002,HALIA MUDA (IMPORT),F.A.Q,Kilogram,15.5,16,
30864566,2026-08-19,2026-08-19 10:51:00.466775,PERAK,KINTA,PASAR BESAR IPOH,Runcit,26,Sayur-Sayuran,05,002,HALIA MUDA (IMPORT),F.A.Q,Kilogram,15.5,16,
30864567,2026-08-19,2026-08-19 10:51:00.466775,PERAK,KINTA,PASAR BESAR IPOH,Runcit,26,Sayur-Sayuran,05,002,HALIA MUDA (IMPORT),F.A.Q,Kilogram,15.5,16,
30864568,2026-08-19,2026-08-19 10:51:00.466775,PERAK,KINTA,PASAR BESAR IPOH,Runcit,26,Sayur-Sayuran,05,002,HALIA MUDA (IMPORT),F.A.Q,Kilogram,15.5,16,
30864569,2026-08-19,2026-08-19 10:51:00.466775,PERAK,KINTA,PASAR BESAR IPOH,Runcit,26,Sayur-Sayuran,05,002,HALIA MUDA (IMPORT),F.A.Q,Kilogram,15.5,16,
30864570,2026-08-19,2026-08-19 10:51:00.466775,PERAK,KINTA,PASAR BESAR IPOH,Runcit,26,Sayur-Sayuran,05,002,HALIA TUA,F.A.Q,Kilogram,12,12,
30864571,2026-08-19,2026-08-19 10:51:00.466775,PERAK,KINTA,PASAR BESAR IPOH,Runcit,26,Sayur-Sayuran,05,002,HALIA TUA,F.A.Q,Kilogram,12,12,
30864572,2026-08-19,2026-08-19 10:51:00.466775,PERAK,KINTA,PASAR BESAR IPOH,Runcit,26,Sayur-Sayuran,05,002,HALIA TUA,F.A.Q,Kilogram,12,12,
30864573,2026-08-19,2026-08-19 10:51:00.466775,PERAK,KINTA,PASAR BESAR IPOH,Runcit,26,Sayur-Sayuran,05,002,HALIA TUA,F.A.Q,Kilogram,12,12,
30864574,2026-08-19,2026-08-19 10:51:00.466775,PERAK,KINTA,PASAR BESAR IPOH,Runcit,26,Sayur-Sayuran,05,002,HALIA TUA,F.A.Q,Kilogram,12,12,
30864575,2026-08-19,2026-08-19 10:51:00.653657,PERAK,KINTA,PASAR BESAR IPOH,Runcit,26,Sayur-Sayuran,05,002,HALIA TUA (IMPORT),F.A.Q,Kilogram,10.5,10.5,
30864576,2026-08-19,2026-08-19 10:51:00.653657,PERAK,KINTA,PASAR BESAR IPOH,Runcit,26,Sayur-Sayuran,05,002,HALIA TUA (IMPORT),F.A.Q,Kilogram,10.5,10.5,
30864577,2026-08-19,2026-08-19 10:51:00.653657,PERAK,KINTA,PASAR BESAR IPOH,Runcit,26,Sayur-Sayuran,05,002,HALIA TUA (IMPORT),F.A.Q,Kilogram,10.5,10.5,
30864578,2026-08-19,2026-08-19 10:51:00.653657,PERAK,KINTA,PASAR BESAR IPOH,Runcit,26,Sayur-Sayuran,05,002,HALIA TUA (IMPORT),F.A.Q,Kilogram,10.5,10.5,
30864579,2026-08-19,2026-08-19 10:51:00.653657,PERAK,KINTA,PASAR BESAR IPOH,Runcit,26,Sayur-Sayuran,05,002,HALIA TUA (IMPORT),F.A.Q,Kilogram,10.5,10.5,
30864580,2026-08-19,2026-08-19 10:51:00.653657,PERAK,KINTA,PASAR BESAR IPOH,Runcit,26,Sayur-Sayuran,02,001,JAGUNG SAYUR / BABY CORN,F.A.Q,Kilogram,16,15.6,
30864581,2026-08-19,2026-08-19 10:51:00.653657,PERAK,KINTA,PASAR BESAR IPOH,Runcit,26,Sayur-Sayuran,02,001,JAGUNG SAYUR / BABY CORN,F.A.Q,Kilogram,15.6,15.6,
30864582,2026-08-19,2026-08-19 10:51:00.653657,PERAK,KINTA,PASAR BESAR IPOH,Runcit,26,Sayur-Sayuran,02,001,JAGUNG SAYUR / BABY CORN,F.A.Q,Kilogram,15.6,15.6,
30864583,2026-08-19,2026-08-19 10:51:00.653657,PERAK,KINTA,PASAR BESAR IPOH,Runcit,26,Sayur-Sayuran,02,001,JAGUNG SAYUR / BABY CORN,F.A.Q,Kilogram,16,15.6,
30864584,2026-08-19,2026-08-19 10:51:00.653657,PERAK,KINTA,PASAR BESAR IPOH,Runcit,26,Sayur-Sayuran,02,001,JAGUNG SAYUR / BABY CORN,F.A.Q,Kilogram,15.6,15.6,
30864585,2026-08-19,2026-08-19 10:51:00.653657,PERAK,KINTA,PASAR BESAR IPOH,Runcit,26,Sayur-Sayuran,04,005,KACANG BOTOR,F.A.Q,Kilogram,8,8,
30864586,2026-08-19,2026-08-19 10:51:00.653657,PERAK,KINTA,PASAR BESAR IPOH,Runcit,26,Sayur-Sayuran,04,005,KACANG BOTOR,F.A.Q,Kilogram,8,8,
30864587,2026-08-19,2026-08-19 10:51:00.653657,PERAK,KINTA,PASAR BESAR IPOH,Runcit,26,Sayur-Sayuran,04,005,KACANG BOTOR,F.A.Q,Kilogram,8,8,
30864588,2026-08-19,2026-08-19 10:51:00.653657,PERAK,KINTA,PASAR BESAR IPOH,Runcit,26,Sayur-Sayuran,04,005,KACANG BOTOR,F.A.Q,Kilogram,8,8,
30864589,2026-08-19,2026-08-19 10:51:00.653657,PERAK,KINTA,PASAR BESAR IPOH,Runcit,26,Sayur-Sayuran,03,018,KAILAN,F.A.Q,Kilogram,8,8,
30864590,2026-08-19,2026-08-19 10:51:00.653657,PERAK,KINTA,PASAR BESAR IPOH,Runcit,26,Sayur-Sayuran,03,018,KAILAN,F.A.Q,Kilogram,8,8,
30864591,2026-08-19,2026-08-19 10:51:00.653657,PERAK,KINTA,PASAR BESAR IPOH,Runcit,26,Sayur-Sayuran,03,018,KAILAN,F.A.Q,Kilogram,8,8,
30864592,2026-08-19,2026-08-19 10:51:00.653657,PERAK,KINTA,PASAR BESAR IPOH,Runcit,26,Sayur-Sayuran,05,003,KELADI,F.A.Q,Kilogram,8,8,
30864593,2026-08-19,2026-08-19 10:51:00.653657,PERAK,KINTA,PASAR BESAR IPOH,Runcit,26,Sayur-Sayuran,05,003,KELADI,F.A.Q,Kilogram,8,8,
30864594,2026-08-19,2026-08-19 10:51:00.653657,PERAK,KINTA,PASAR BESAR IPOH,Runcit,26,Sayur-Sayuran,05,003,KELADI,F.A.Q,Kilogram,8,8,
30864595,2026-08-19,2026-08-19 10:51:00.653657,PERAK,KINTA,PASAR BESAR IPOH,Runcit,26,Sayur-Sayuran,05,003,KELADI,F.A.Q,Kilogram,8,8,
30864596,2026-08-19,2026-08-19 10:51:00.653657,PERAK,KINTA,PASAR BESAR IPOH,Runcit,26,Sayur-Sayuran,02,004,KETOLA / PETOLA SEGI,F.A.Q,Kilogram,8,8,
30864597,2026-08-19,2026-08-19 10:51:00.653657,PERAK,KINTA,PASAR BESAR IPOH,Runcit,26,Sayur-Sayuran,02,004,KETOLA / PETOLA SEGI,F.A.Q,Kilogram,8,8,
30864598,2026-08-19,2026-08-19 10:51:00.653657,PERAK,KINTA,PASAR BESAR IPOH,Runcit,26,Sayur-Sayuran,03,006,KUBIS BULAT BEIJING (IMPORT),F.A.Q,Kilogram,4.5,4.5,
30864599,2026-08-19,2026-08-19 10:51:00.653657,PERAK,KINTA,PASAR BESAR IPOH,Runcit,26,Sayur-Sayuran,03,006,KUBIS BULAT BEIJING (IMPORT),F.A.Q,Kilogram,4.5,4.5,
30864600,2026-08-19,2026-08-19 10:51:00.653657,PERAK,KINTA,PASAR BESAR IPOH,Runcit,26,Sayur-Sayuran,03,006,KUBIS BULAT BEIJING (IMPORT),F.A.Q,Kilogram,4.5,4.5,
30864601,2026-08-19,2026-08-19 10:51:00.653657,PERAK,KINTA,PASAR BESAR IPOH,Runcit,26,Sayur-Sayuran,03,006,KUBIS BULAT BEIJING (IMPORT),F.A.Q,Kilogram,4.5,4.5,
30864602,2026-08-19,2026-08-19 10:51:00.653657,PERAK,KINTA,PASAR BESAR IPOH,Runcit,26,Sayur-Sayuran,03,004,KUBIS BUNGA (IMPORT),F.A.Q,Kilogram,8,8,
30864603,2026-08-19,2026-08-19 10:51:00.653657,PERAK,KINTA,PASAR BESAR IPOH,Runcit,26,Sayur-Sayuran,03,004,KUBIS BUNGA (IMPORT),F.A.Q,Kilogram,8,8,
30864604,2026-08-19,2026-08-19 10:51:00.653657,PERAK,KINTA,PASAR BESAR IPOH,Runcit,26,Sayur-Sayuran,03,004,KUBIS BUNGA (IMPORT),F.A.Q,Kilogram,8,8,
30864605,2026-08-19,2026-08-19 10:51:00.653657,PERAK,KINTA,PASAR BESAR IPOH,Runcit,26,Sayur-Sayuran,03,005,KUBIS PANJANG / CINA,F.A.Q,Kilogram,6,6,
30864606,2026-08-19,2026-08-19 10:51:00.653657,PERAK,KINTA,PASAR BESAR IPOH,Runcit,26,Sayur-Sayuran,03,005,KUBIS PANJANG / CINA,F.A.Q,Kilogram,6,6,
30864607,2026-08-19,2026-08-19 10:51:00.653657,PERAK,KINTA,PASAR BESAR IPOH,Runcit,26,Sayur-Sayuran,03,005,KUBIS PANJANG / CINA,F.A.Q,Kilogram,6,6,
30864608,2026-08-19,2026-08-19 10:51:00.653657,PERAK,KINTA,PASAR BESAR IPOH,Runcit,26,Sayur-Sayuran,03,005,KUBIS PANJANG / CINA (IMPORT),F.A.Q,Kilogram,6,6,
30864609,2026-08-19,2026-08-19 10:51:00.653657,PERAK,KINTA,PASAR BESAR IPOH,Runcit,26,Sayur-Sayuran,03,005,KUBIS PANJANG / CINA (IMPORT),F.A.Q,Kilogram,6,6,
30864610,2026-08-19,2026-08-19 10:51:00.653657,PERAK,KINTA,PASAR BESAR IPOH,Runcit,26,Sayur-Sayuran,03,005,KUBIS PANJANG / CINA (IMPORT),F.A.Q,Kilogram,6,6,
30864611,2026-08-19,2026-08-19 10:51:00.653657,PERAK,KINTA,PASAR BESAR IPOH,Runcit,26,Sayur-Sayuran,02,005,KUNDUR BULAT,F.A.Q,Kilogram,5,5,
30864612,2026-08-19,2026-08-19 10:51:00.653657,PERAK,KINTA,PASAR BESAR IPOH,Runcit,26,Sayur-Sayuran,02,005,KUNDUR BULAT,F.A.Q,Kilogram,5,5,
30864613,2026-08-19,2026-08-19 10:51:00.653657,PERAK,KINTA,PASAR BESAR IPOH,Runcit,26,Sayur-Sayuran,02,005,KUNDUR BULAT,F.A.Q,Kilogram,5,5,
30864614,2026-08-19,2026-08-19 10:51:00.653657,PERAK,KINTA,PASAR BESAR IPOH,Runcit,26,Sayur-Sayuran,05,004,KUNYIT,F.A.Q,Kilogram,12,12,
30864615,2026-08-19,2026-08-19 10:51:00.653657,PERAK,KINTA,PASAR BESAR IPOH,Runcit,26,Sayur-Sayuran,05,004,KUNYIT,F.A.Q,Kilogram,12,12,
30864616,2026-08-19,2026-08-19 10:51:00.653657,PERAK,KINTA,PASAR BESAR IPOH,Runcit,26,Sayur-Sayuran,05,004,KUNYIT,F.A.Q,Kilogram,12,12,
30864617,2026-08-19,2026-08-19 10:51:00.653657,PERAK,KINTA,PASAR BESAR IPOH,Runcit,26,Sayur-Sayuran,05,004,KUNYIT,F.A.Q,Kilogram,12,12,
30864618,2026-08-19,2026-08-19 10:51:00.653657,PERAK,KINTA,PASAR BESAR IPOH,Runcit,26,Sayur-Sayuran,05,004,KUNYIT,F.A.Q,Kilogram,12,12,
30864619,2026-08-19,2026-08-19 10:51:00.653657,PERAK,KINTA,PASAR BESAR IPOH,Runcit,26,Sayur-Sayuran,02,006,LABU AIR,F.A.Q,Kilogram,5,5,
30864620,2026-08-19,2026-08-19 10:51:00.653657,PERAK,KINTA,PASAR BESAR IPOH,Runcit,26,Sayur-Sayuran,02,006,LABU AIR,F.A.Q,Kilogram,5,5,
30864621,2026-08-19,2026-08-19 10:51:00.653657,PERAK,KINTA,PASAR BESAR IPOH,Runcit,26,Sayur-Sayuran,02,006,LABU AIR,F.A.Q,Kilogram,5,5,
30864622,2026-08-19,2026-08-19 10:51:00.653657,PERAK,KINTA,PASAR BESAR IPOH,Runcit,26,Sayur-Sayuran,02,006,LABU MANIS,F.A.Q,Kilogram,5,5,
30864623,2026-08-19,2026-08-19 10:51:00.653657,PERAK,KINTA,PASAR BESAR IPOH,Runcit,26,Sayur-Sayuran,02,006,LABU MANIS,F.A.Q,Kilogram,5,5,
30864624,2026-08-19,2026-08-19 10:51:00.653657,PERAK,KINTA,PASAR BESAR IPOH,Runcit,26,Sayur-Sayuran,02,006,LABU MANIS,F.A.Q,Kilogram,5,5,
30864625,2026-08-19,2026-08-19 10:51:00.653657,PERAK,KINTA,PASAR BESAR IPOH,Runcit,26,Sayur-Sayuran,02,006,LABU MANIS,F.A.Q,Kilogram,5,5,
30864626,2026-08-19,2026-08-19 10:51:00.653657,PERAK,KINTA,PASAR BESAR IPOH,Runcit,26,Sayur-Sayuran,02,006,LABU MANIS,F.A.Q,Kilogram,5,5,
30864627,2026-08-19,2026-08-19 10:51:00.653657,PERAK,KINTA,PASAR BESAR IPOH,Runcit,26,Sayur-Sayuran,02,003,LADA BENGGALA / CAPSICUM HIJAU,F.A.Q,Kilogram,7,7,
30864628,2026-08-19,2026-08-19 10:51:00.653657,PERAK,KINTA,PASAR BESAR IPOH,Runcit,26,Sayur-Sayuran,02,003,LADA BENGGALA / CAPSICUM HIJAU,F.A.Q,Kilogram,7,7,
30864629,2026-08-19,2026-08-19 10:51:00.653657,PERAK,KINTA,PASAR BESAR IPOH,Runcit,26,Sayur-Sayuran,02,003,LADA BENGGALA / CAPSICUM HIJAU,F.A.Q,Kilogram,7,7,
30864630,2026-08-19,2026-08-19 10:51:00.653657,PERAK,KINTA,PASAR BESAR IPOH,Runcit,26,Sayur-Sayuran,02,003,LADA BENGGALA / CAPSICUM KUNING,F.A.Q,Kilogram,7,7,
30864631,2026-08-19,2026-08-19 10:51:00.653657,PERAK,KINTA,PASAR BESAR IPOH,Runcit,26,Sayur-Sayuran,02,003,LADA BENGGALA / CAPSICUM KUNING,F.A.Q,Kilogram,7,7,
30864632,2026-08-19,2026-08-19 10:51:00.653657,PERAK,KINTA,PASAR BESAR IPOH,Runcit,26,Sayur-Sayuran,02,003,LADA BENGGALA / CAPSICUM KUNING,F.A.Q,Kilogram,7,7,
30864633,2026-08-19,2026-08-19 10:51:00.653657,PERAK,KINTA,PASAR BESAR IPOH,Runcit,26,Sayur-Sayuran,02,003,LADA BENGGALA / CAPSICUM MERAH,F.A.Q,Kilogram,7,7,
30864634,2026-08-19,2026-08-19 10:51:00.653657,PERAK,KINTA,PASAR BESAR IPOH,Runcit,26,Sayur-Sayuran,02,003,LADA BENGGALA / CAPSICUM MERAH,F.A.Q,Kilogram,7,7,
30864635,2026-08-19,2026-08-19 10:51:00.653657,PERAK,KINTA,PASAR BESAR IPOH,Runcit,26,Sayur-Sayuran,02,003,LADA BENGGALA / CAPSICUM MERAH,F.A.Q,Kilogram,7,7,
30864636,2026-08-19,2026-08-19 10:51:00.653657,PERAK,KINTA,PASAR BESAR IPOH,Runcit,26,Sayur-Sayuran,05,005,LENGKUAS,F.A.Q,Kilogram,13,13,
30864637,2026-08-19,2026-08-19 10:51:00.653657,PERAK,KINTA,PASAR BESAR IPOH,Runcit,26,Sayur-Sayuran,05,005,LENGKUAS,F.A.Q,Kilogram,13,13,
30864638,2026-08-19,2026-08-19 10:51:00.653657,PERAK,KINTA,PASAR BESAR IPOH,Runcit,26,Sayur-Sayuran,05,005,LENGKUAS,F.A.Q,Kilogram,13,13,
30864639,2026-08-19,2026-08-19 10:51:00.653657,PERAK,KINTA,PASAR BESAR IPOH,Runcit,26,Sayur-Sayuran,05,005,LENGKUAS,F.A.Q,Kilogram,13,13,
30864640,2026-08-19,2026-08-19 10:51:00.653657,PERAK,KINTA,PASAR BESAR IPOH,Runcit,26,Sayur-Sayuran,05,005,LENGKUAS,F.A.Q,Kilogram,13,13,
30864641,2026-08-19,2026-08-19 10:51:00.653657,PERAK,KINTA,PASAR BESAR IPOH,Runcit,26,Sayur-Sayuran,01,003,LIK,F.A.Q,Kilogram,9,9,
30864642,2026-08-19,2026-08-19 10:51:00.653657,PERAK,KINTA,PASAR BESAR IPOH,Runcit,26,Sayur-Sayuran,01,003,LIK,F.A.Q,Kilogram,9,9,
30864643,2026-08-19,2026-08-19 10:51:00.653657,PERAK,KINTA,PASAR BESAR IPOH,Runcit,26,Sayur-Sayuran,02,007,LIMAU KASTURI,F.A.Q,Kilogram,4,4,
30864644,2026-08-19,2026-08-19 10:51:00.653657,PERAK,KINTA,PASAR BESAR IPOH,Runcit,26,Sayur-Sayuran,02,007,LIMAU KASTURI,F.A.Q,Kilogram,4,4,
30864645,2026-08-19,2026-08-19 10:51:00.85421,PERAK,KINTA,PASAR BESAR IPOH,Runcit,26,Sayur-Sayuran,02,007,LIMAU KASTURI,F.A.Q,Kilogram,4,4,
30864646,2026-08-19,2026-08-19 10:51:00.85421,PERAK,KINTA,PASAR BESAR IPOH,Runcit,26,Sayur-Sayuran,02,007,LIMAU KASTURI,F.A.Q,Kilogram,4,4,
30864647,2026-08-19,2026-08-19 10:51:00.85421,PERAK,KINTA,PASAR BESAR IPOH,Runcit,26,Sayur-Sayuran,02,007,LIMAU KASTURI,F.A.Q,Kilogram,4,4,
30864648,2026-08-19,2026-08-19 10:51:00.85421,PERAK,KINTA,PASAR BESAR IPOH,Runcit,26,Sayur-Sayuran,02,007,LIMAU NIPIS,F.A.Q,Kilogram,5.5,5.75,
30864649,2026-08-19,2026-08-19 10:51:00.85421,PERAK,KINTA,PASAR BESAR IPOH,Runcit,26,Sayur-Sayuran,02,007,LIMAU NIPIS,F.A.Q,Kilogram,5.5,5.75,
30864650,2026-08-19,2026-08-19 10:51:00.85421,PERAK,KINTA,PASAR BESAR IPOH,Runcit,26,Sayur-Sayuran,02,007,LIMAU NIPIS,F.A.Q,Kilogram,5.5,5.75,
30864651,2026-08-19,2026-08-19 10:51:00.85421,PERAK,KINTA,PASAR BESAR IPOH,Runcit,26,Sayur-Sayuran,02,007,LIMAU NIPIS,F.A.Q,Kilogram,5.5,5.75,
30864652,2026-08-19,2026-08-19 10:51:00.85421,PERAK,KINTA,PASAR BESAR IPOH,Runcit,26,Sayur-Sayuran,02,007,LIMAU NIPIS,F.A.Q,Kilogram,5.5,5.75,
30864653,2026-08-19,2026-08-19 10:51:00.85421,PERAK,KINTA,PASAR BESAR IPOH,Runcit,26,Sayur-Sayuran,05,006,LOBAK MERAH (CHINA),F.A.Q,Kilogram,6,6,
30864654,2026-08-19,2026-08-19 10:51:00.85421,PERAK,KINTA,PASAR BESAR IPOH,Runcit,26,Sayur-Sayuran,05,006,LOBAK MERAH (CHINA),F.A.Q,Kilogram,6,6,
30864655,2026-08-19,2026-08-19 10:51:00.85421,PERAK,KINTA,PASAR BESAR IPOH,Runcit,26,Sayur-Sayuran,05,006,LOBAK MERAH (CHINA),F.A.Q,Kilogram,6,6,
30864656,2026-08-19,2026-08-19 10:51:00.85421,PERAK,KINTA,PASAR BESAR IPOH,Runcit,26,Sayur-Sayuran,05,006,LOBAK MERAH (CHINA),F.A.Q,Kilogram,6,6,
30864657,2026-08-19,2026-08-19 10:51:00.85421,PERAK,KINTA,PASAR BESAR IPOH,Runcit,26,Sayur-Sayuran,05,006,LOBAK PUTIH TANAH TINGGI,F.A.Q,Kilogram,5,5,
30864658,2026-08-19,2026-08-19 10:51:00.85421,PERAK,KINTA,PASAR BESAR IPOH,Runcit,26,Sayur-Sayuran,05,006,LOBAK PUTIH TANAH TINGGI,F.A.Q,Kilogram,5,5,
30864659,2026-08-19,2026-08-19 10:51:00.85421,PERAK,KINTA,PASAR BESAR IPOH,Runcit,26,Sayur-Sayuran,05,006,LOBAK PUTIH TANAH TINGGI,F.A.Q,Kilogram,5,5,
30864660,2026-08-19,2026-08-19 10:51:00.85421,PERAK,KINTA,PASAR BESAR IPOH,Runcit,26,Sayur-Sayuran,07,002,PEGAGA,F.A.Q,Kilogram,15.5,15.5,
30864661,2026-08-19,2026-08-19 10:51:00.85421,PERAK,KINTA,PASAR BESAR IPOH,Runcit,26,Sayur-Sayuran,07,002,PEGAGA,F.A.Q,Kilogram,15.5,15.5,
30864662,2026-08-19,2026-08-19 10:51:00.85421,PERAK,KINTA,PASAR BESAR IPOH,Runcit,26,Sayur-Sayuran,07,002,PEGAGA,F.A.Q,Kilogram,15.5,15.5,
30864663,2026-08-19,2026-08-19 10:51:00.85421,PERAK,KINTA,PASAR BESAR IPOH,Runcit,26,Sayur-Sayuran,07,002,PEGAGA,F.A.Q,Kilogram,15.5,15.5,
30864664,2026-08-19,2026-08-19 10:51:00.85421,PERAK,KINTA,PASAR BESAR IPOH,Runcit,26,Sayur-Sayuran,02,009,PERIA,F.A.Q,Kilogram,8.5,10,
30864665,2026-08-19,2026-08-19 10:51:00.85421,PERAK,KINTA,PASAR BESAR IPOH,Runcit,26,Sayur-Sayuran,02,009,PERIA,F.A.Q,Kilogram,8.5,10,
30864666,2026-08-19,2026-08-19 10:51:00.85421,PERAK,KINTA,PASAR BESAR IPOH,Runcit,26,Sayur-Sayuran,02,009,PERIA KATAK,F.A.Q,Kilogram,5.5,5.8,
30864667,2026-08-19,2026-08-19 10:51:00.85421,PERAK,KINTA,PASAR BESAR IPOH,Runcit,26,Sayur-Sayuran,02,009,PERIA KATAK,F.A.Q,Kilogram,6,5.8,
30864668,2026-08-19,2026-08-19 10:51:00.85421,PERAK,KINTA,PASAR BESAR IPOH,Runcit,26,Sayur-Sayuran,02,009,PERIA KATAK,F.A.Q,Kilogram,6,5.8,
30864669,2026-08-19,2026-08-19 10:51:00.85421,PERAK,KINTA,PASAR BESAR IPOH,Runcit,26,Sayur-Sayuran,07,002,PUCUK GAJUS,F.A.Q,Kilogram,13.5,13.25,
30864670,2026-08-19,2026-08-19 10:51:00.85421,PERAK,KINTA,PASAR BESAR IPOH,Runcit,26,Sayur-Sayuran,07,002,PUCUK GAJUS,F.A.Q,Kilogram,13.5,13.25,
30864671,2026-08-19,2026-08-19 10:51:00.85421,PERAK,KINTA,PASAR BESAR IPOH,Runcit,26,Sayur-Sayuran,07,002,PUCUK GAJUS,F.A.Q,Kilogram,13.5,13.25,
30864672,2026-08-19,2026-08-19 10:51:00.85421,PERAK,KINTA,PASAR BESAR IPOH,Runcit,26,Sayur-Sayuran,03,026,PUCUK PAKU,F.A.Q,Kilogram,12,12,
30864673,2026-08-19,2026-08-19 10:51:00.85421,PERAK,KINTA,PASAR BESAR IPOH,Runcit,26,Sayur-Sayuran,03,026,PUCUK PAKU,F.A.Q,Kilogram,12,12,
30864674,2026-08-19,2026-08-19 10:51:00.85421,PERAK,KINTA,PASAR BESAR IPOH,Runcit,26,Sayur-Sayuran,03,026,PUCUK PAKU,F.A.Q,Kilogram,12,12,
30864675,2026-08-19,2026-08-19 10:51:00.85421,PERAK,KINTA,PASAR BESAR IPOH,Runcit,26,Sayur-Sayuran,03,027,SALAD,F.A.Q,Kilogram,8,8,
30864676,2026-08-19,2026-08-19 10:51:00.85421,PERAK,KINTA,PASAR BESAR IPOH,Runcit,26,Sayur-Sayuran,03,027,SALAD,F.A.Q,Kilogram,8,8,
30864677,2026-08-19,2026-08-19 10:51:00.85421,PERAK,KINTA,PASAR BESAR IPOH,Runcit,26,Sayur-Sayuran,03,027,SALAD,F.A.Q,Kilogram,8,8,
30864678,2026-08-19,2026-08-19 10:51:00.85421,PERAK,KINTA,PASAR BESAR IPOH,Runcit,26,Sayur-Sayuran,03,027,SALAD (IMPORT),F.A.Q,Kilogram,7,7,
30864679,2026-08-19,2026-08-19 10:51:00.85421,PERAK,KINTA,PASAR BESAR IPOH,Runcit,26,Sayur-Sayuran,03,027,SALAD (IMPORT),F.A.Q,Kilogram,7,7,
30864680,2026-08-19,2026-08-19 10:51:00.85421,PERAK,KINTA,PASAR BESAR IPOH,Runcit,26,Sayur-Sayuran,03,027,SALAD (IMPORT),F.A.Q,Kilogram,7,7,
30864681,2026-08-19,2026-08-19 10:51:00.85421,PERAK,KINTA,PASAR BESAR IPOH,Runcit,26,Sayur-Sayuran,03,027,SALAD BULAT TANAH TINGGI,F.A.Q,Kilogram,9,9,
30864682,2026-08-19,2026-08-19 10:51:00.85421,PERAK,KINTA,PASAR BESAR IPOH,Runcit,26,Sayur-Sayuran,03,027,SALAD BULAT TANAH TINGGI,F.A.Q,Kilogram,9,9,
30864683,2026-08-19,2026-08-19 10:51:00.85421,PERAK,KINTA,PASAR BESAR IPOH,Runcit,26,Sayur-Sayuran,03,027,SALAD BULAT TANAH TINGGI,F.A.Q,Kilogram,9,9,
30864684,2026-08-19,2026-08-19 10:51:00.85421,PERAK,KINTA,PASAR BESAR IPOH,Runcit,26,Sayur-Sayuran,03,007,SAWI BUNGA,F.A.Q,Kilogram,6,6,
30864685,2026-08-19,2026-08-19 10:51:00.85421,PERAK,KINTA,PASAR BESAR IPOH,Runcit,26,Sayur-Sayuran,03,007,SAWI BUNGA,F.A.Q,Kilogram,6,6,
30864686,2026-08-19,2026-08-19 10:51:00.85421,PERAK,KINTA,PASAR BESAR IPOH,Runcit,26,Sayur-Sayuran,03,007,SAWI BUNGA,F.A.Q,Kilogram,6,6,
30864687,2026-08-19,2026-08-19 10:51:00.85421,PERAK,KINTA,PASAR BESAR IPOH,Runcit,26,Sayur-Sayuran,03,007,SAWI JEPUN,F.A.Q,Kilogram,6,6,
30864688,2026-08-19,2026-08-19 10:51:00.85421,PERAK,KINTA,PASAR BESAR IPOH,Runcit,26,Sayur-Sayuran,03,007,SAWI JEPUN,F.A.Q,Kilogram,6,6,
30864689,2026-08-19,2026-08-19 10:51:00.85421,PERAK,KINTA,PASAR BESAR IPOH,Runcit,26,Sayur-Sayuran,03,007,SAWI JEPUN,F.A.Q,Kilogram,6,6,
30864690,2026-08-19,2026-08-19 10:51:00.85421,PERAK,KINTA,PASAR BESAR IPOH,Runcit,26,Sayur-Sayuran,03,007,SAWI PAHIT,F.A.Q,Kilogram,4,4,
30864691,2026-08-19,2026-08-19 10:51:00.85421,PERAK,KINTA,PASAR BESAR IPOH,Runcit,26,Sayur-Sayuran,03,007,SAWI PAHIT,F.A.Q,Kilogram,4,4,
30864692,2026-08-19,2026-08-19 10:51:00.85421,PERAK,KINTA,PASAR BESAR IPOH,Runcit,26,Sayur-Sayuran,03,007,SAWI PAHIT,F.A.Q,Kilogram,4,4,
30864693,2026-08-19,2026-08-19 10:51:00.85421,PERAK,KINTA,PASAR BESAR IPOH,Runcit,26,Sayur-Sayuran,03,007,SAWI PUTIH PAK CHOY,F.A.Q,Kilogram,5,5,
30864694,2026-08-19,2026-08-19 10:51:00.85421,PERAK,KINTA,PASAR BESAR IPOH,Runcit,26,Sayur-Sayuran,03,007,SAWI PUTIH PAK CHOY,F.A.Q,Kilogram,5,5,
30864695,2026-08-19,2026-08-19 10:51:00.85421,PERAK,KINTA,PASAR BESAR IPOH,Runcit,26,Sayur-Sayuran,03,007,SAWI PUTIH PAK CHOY,F.A.Q,Kilogram,5,5,
30864696,2026-08-19,2026-08-19 10:51:00.85421,PERAK,KINTA,PASAR BESAR IPOH,Runcit,26,Sayur-Sayuran,05,007,SENGKUANG,F.A.Q,Kilogram,5,5,
30864697,2026-08-19,2026-08-19 10:51:00.85421,PERAK,KINTA,PASAR BESAR IPOH,Runcit,26,Sayur-Sayuran,05,007,SENGKUANG,F.A.Q,Kilogram,5,5,
30864698,2026-08-19,2026-08-19 10:51:00.85421,PERAK,KINTA,PASAR BESAR IPOH,Runcit,26,Sayur-Sayuran,05,007,SENGKUANG,F.A.Q,Kilogram,5,5,
30864699,2026-08-19,2026-08-19 10:51:00.85421,PERAK,KINTA,PASAR BESAR IPOH,Runcit,26,Sayur-Sayuran,05,007,SENGKUANG,F.A.Q,Kilogram,5,5,
30864700,2026-08-19,2026-08-19 10:51:00.85421,PERAK,KINTA,PASAR BESAR IPOH,Runcit,26,Sayur-Sayuran,05,007,SENGKUANG,F.A.Q,Kilogram,5,5,
30864701,2026-08-19,2026-08-19 10:51:00.85421,PERAK,KINTA,PASAR BESAR IPOH,Runcit,26,Sayur-Sayuran,05,008,SERAI,F.A.Q,Kilogram,6,6,
30864702,2026-08-19,2026-08-19 10:51:00.85421,PERAK,KINTA,PASAR BESAR IPOH,Runcit,26,Sayur-Sayuran,05,008,SERAI,F.A.Q,Kilogram,6,6,
30864703,2026-08-19,2026-08-19 10:51:00.85421,PERAK,KINTA,PASAR BESAR IPOH,Runcit,26,Sayur-Sayuran,05,008,SERAI,F.A.Q,Kilogram,6,6,
30864704,2026-08-19,2026-08-19 10:51:00.85421,PERAK,KINTA,PASAR BESAR IPOH,Runcit,26,Sayur-Sayuran,05,008,SERAI,F.A.Q,Kilogram,6,6,
30864705,2026-08-19,2026-08-19 10:51:00.85421,PERAK,KINTA,PASAR BESAR IPOH,Runcit,26,Sayur-Sayuran,05,008,SERAI,F.A.Q,Kilogram,6,6,
30864706,2026-08-19,2026-08-19 10:51:00.85421,PERAK,KINTA,PASAR BESAR IPOH,Runcit,26,Sayur-Sayuran,03,002,TAUGE,F.A.Q,Kilogram,4,4,
30864707,2026-08-19,2026-08-19 10:51:00.85421,PERAK,KINTA,PASAR BESAR IPOH,Runcit,26,Sayur-Sayuran,03,002,TAUGE,F.A.Q,Kilogram,4,4,
30864708,2026-08-19,2026-08-19 10:51:00.85421,PERAK,KINTA,PASAR BESAR IPOH,Runcit,26,Sayur-Sayuran,03,002,TAUGE,F.A.Q,Kilogram,4,4,
30864709,2026-08-19,2026-08-19 10:51:00.85421,PERAK,KINTA,PASAR BESAR IPOH,Runcit,26,Sayur-Sayuran,03,002,TAUGE,F.A.Q,Kilogram,4,4,
30864710,2026-08-19,2026-08-19 10:51:00.85421,PERAK,KINTA,PASAR BESAR IPOH,Runcit,26,Sayur-Sayuran,03,002,TAUGE,F.A.Q,Kilogram,4,4,
30864711,2026-08-19,2026-08-19 10:51:00.85421,PERAK,KINTA,PASAR BESAR IPOH,Runcit,26,Sayur-Sayuran,07,002,TENGGEK BURUNG,F.A.Q,Kilogram,14,14,
30864712,2026-08-19,2026-08-19 10:51:00.85421,PERAK,KINTA,PASAR BESAR IPOH,Runcit,26,Sayur-Sayuran,07,002,TENGGEK BURUNG,F.A.Q,Kilogram,14,14,
30864713,2026-08-19,2026-08-19 10:51:00.85421,PERAK,KINTA,PASAR BESAR IPOH,Runcit,26,Sayur-Sayuran,07,002,TENGGEK BURUNG,F.A.Q,Kilogram,14,14,
30864714,2026-08-19,2026-08-19 10:51:00.85421,PERAK,KINTA,PASAR BESAR IPOH,Runcit,26,Sayur-Sayuran,02,010,TERUNG BULAT,F.A.Q,Kilogram,9,9,
30864715,2026-08-19,2026-08-19 10:51:01.006477,PERAK,KINTA,PASAR BESAR IPOH,Runcit,26,Sayur-Sayuran,02,010,TERUNG BULAT,F.A.Q,Kilogram,9,9,
30864716,2026-08-19,2026-08-19 10:51:01.006477,PERAK,KINTA,PASAR BESAR IPOH,Runcit,26,Sayur-Sayuran,02,010,TERUNG BULAT,F.A.Q,Kilogram,9,9,
30864717,2026-08-19,2026-08-19 10:51:01.006477,PERAK,KINTA,PASAR BESAR IPOH,Runcit,26,Sayur-Sayuran,02,010,TERUNG BULAT,F.A.Q,Kilogram,9,9,
30864718,2026-08-19,2026-08-19 10:51:01.006477,PERAK,KINTA,PASAR BESAR IPOH,Runcit,26,Sayur-Sayuran,02,010,TERUNG PEPARU MINI,F.A.Q,Kilogram,8,8,
30864719,2026-08-19,2026-08-19 10:51:01.006477,PERAK,KINTA,PASAR BESAR IPOH,Runcit,26,Sayur-Sayuran,02,010,TERUNG PEPARU MINI,F.A.Q,Kilogram,8,8,
30864720,2026-08-19,2026-08-19 10:51:01.006477,PERAK,KINTA,PASAR BESAR IPOH,Runcit,26,Sayur-Sayuran,02,010,TERUNG PEPARU MINI,F.A.Q,Kilogram,8,8,
30864721,2026-08-19,2026-08-19 10:51:01.006477,PERAK,KINTA,PASAR BESAR IPOH,Runcit,26,Sayur-Sayuran,02,010,TERUNG PEPARU MINI,F.A.Q,Kilogram,8,8,
30864722,2026-08-19,2026-08-19 10:51:01.006477,PERAK,KINTA,PASAR BESAR IPOH,Runcit,26,Sayur-Sayuran,02,010,TERUNG PEPARU MINI,F.A.Q,Kilogram,8,8,
30864723,2026-08-19,2026-08-19 10:51:01.006477,PERAK,KINTA,PASAR BESAR IPOH,Runcit,26,Sayur-Sayuran,02,010,TERUNG PIPIT,F.A.Q,Kilogram,12,12,
30864724,2026-08-19,2026-08-19 10:51:01.006477,PERAK,KINTA,PASAR BESAR IPOH,Runcit,26,Sayur-Sayuran,02,010,TERUNG PIPIT,F.A.Q,Kilogram,12,12,
30864725,2026-08-19,2026-08-19 10:51:01.006477,PERAK,KINTA,PASAR BESAR IPOH,Runcit,26,Sayur-Sayuran,02,010,TERUNG PIPIT,F.A.Q,Kilogram,12,12,
30864726,2026-08-19,2026-08-19 10:51:01.006477,PERAK,KINTA,PASAR BESAR IPOH,Runcit,26,Sayur-Sayuran,02,010,TERUNG TELUNJUK,F.A.Q,Kilogram,10,10,
30864727,2026-08-19,2026-08-19 10:51:01.006477,PERAK,KINTA,PASAR BESAR IPOH,Runcit,26,Sayur-Sayuran,02,010,TERUNG TELUNJUK,F.A.Q,Kilogram,10,10,
30864728,2026-08-19,2026-08-19 10:51:01.006477,PERAK,KINTA,PASAR BESAR IPOH,Runcit,26,Sayur-Sayuran,02,010,TERUNG TELUNJUK,F.A.Q,Kilogram,10,10,
30864729,2026-08-19,2026-08-19 10:51:01.006477,PERAK,KINTA,PASAR BESAR IPOH,Runcit,26,Sayur-Sayuran,02,011,TIMUN JEPUN,F.A.Q,Kilogram,3.5,3.5,
30864730,2026-08-19,2026-08-19 10:51:01.006477,PERAK,KINTA,PASAR BESAR IPOH,Runcit,26,Sayur-Sayuran,02,011,TIMUN JEPUN,F.A.Q,Kilogram,3.5,3.5,
30864731,2026-08-19,2026-08-19 10:51:01.006477,PERAK,KINTA,PASAR BESAR IPOH,Runcit,26,Sayur-Sayuran,02,011,TIMUN JEPUN,F.A.Q,Kilogram,3.5,3.5,
30864732,2026-08-19,2026-08-19 10:51:01.006477,PERAK,KINTA,PASAR BESAR IPOH,Runcit,26,Sayur-Sayuran,02,011,TIMUN JEPUN,F.A.Q,Kilogram,3.5,3.5,
30864733,2026-08-19,2026-08-19 10:51:01.006477,PERAK,KINTA,PASAR BESAR IPOH,Runcit,26,Sayur-Sayuran,07,002,ULAM RAJA,F.A.Q,Kilogram,14,14,
30864734,2026-08-19,2026-08-19 10:51:01.006477,PERAK,KINTA,PASAR BESAR IPOH,Runcit,26,Sayur-Sayuran,07,002,ULAM RAJA,F.A.Q,Kilogram,14,14,
30864735,2026-08-19,2026-08-19 10:51:01.006477,PERAK,KINTA,PASAR BESAR IPOH,Runcit,26,Sayur-Sayuran,07,002,ULAM RAJA,F.A.Q,Kilogram,14,14,
30864736,2026-08-19,2026-08-19 10:51:13.556343,NEGERI SEMBILAN,SEREMBAN,PASAR BESAR SEREMBAN - BAHAGIAN RUNCIT,Runcit,26,Tanaman Kontan,05,001,KELAPA DIKUPAS,SEDANG,Biji,2.8,2.95,
30864737,2026-08-19,2026-08-19 10:51:13.556343,NEGERI SEMBILAN,SEREMBAN,PASAR BESAR SEREMBAN - BAHAGIAN RUNCIT,Runcit,26,Tanaman Kontan,05,001,KELAPA DIKUPAS,SEDANG,Biji,2.9,2.95,
30864738,2026-08-19,2026-08-19 10:51:13.556343,NEGERI SEMBILAN,SEREMBAN,PASAR BESAR SEREMBAN - BAHAGIAN RUNCIT,Runcit,26,Buah-Buahan,02,023,NANAS JOSAPINE (AC5),F.A.Q,Kilogram,4,4.221212,
30864739,2026-08-19,2026-08-19 10:51:13.556343,NEGERI SEMBILAN,SEREMBAN,PASAR BESAR SEREMBAN - BAHAGIAN RUNCIT,Runcit,26,Buah-Buahan,02,023,NANAS JOSAPINE (AC5),F.A.Q,Kilogram,4.5,4.221212,
30864740,2026-08-19,2026-08-19 10:51:13.556343,NEGERI SEMBILAN,SEREMBAN,PASAR BESAR SEREMBAN - BAHAGIAN RUNCIT,Runcit,26,Buah-Buahan,02,023,NANAS JOSAPINE (AC5),F.A.Q,Kilogram,4.2,4.221212,
30864741,2026-08-19,2026-08-19 10:51:13.556343,NEGERI SEMBILAN,SEREMBAN,PASAR BESAR SEREMBAN - BAHAGIAN RUNCIT,Runcit,26,Buah-Buahan,02,028,PISANG MAS,F.A.Q,Kilogram,5,5.153333,
30864742,2026-08-19,2026-08-19 10:51:13.556343,NEGERI SEMBILAN,SEREMBAN,PASAR BESAR SEREMBAN - BAHAGIAN RUNCIT,Runcit,26,Buah-Buahan,02,028,PISANG MAS,F.A.Q,Kilogram,5.3,5.153333,
30864743,2026-08-19,2026-08-19 10:51:13.556343,NEGERI SEMBILAN,SEREMBAN,PASAR BESAR SEREMBAN - BAHAGIAN RUNCIT,Runcit,26,Buah-Buahan,02,028,PISANG MAS,F.A.Q,Kilogram,4.8,5.153333,
30864744,2026-08-19,2026-08-19 10:51:13.556343,NEGERI SEMBILAN,SEREMBAN,PASAR BESAR SEREMBAN - BAHAGIAN RUNCIT,Runcit,26,Buah-Buahan,02,034,TEMBIKAI MERAH TANPA BIJI,F.A.Q,Kilogram,4.2,3.9413793,
30864745,2026-08-19,2026-08-19 10:51:13.556343,NEGERI SEMBILAN,SEREMBAN,PASAR BESAR SEREMBAN - BAHAGIAN RUNCIT,Runcit,26,Buah-Buahan,02,034,TEMBIKAI MERAH TANPA BIJI,F.A.Q,Kilogram,4.4,3.9413793,
30864746,2026-08-19,2026-08-19 10:51:13.556343,NEGERI SEMBILAN,SEREMBAN,PASAR BESAR SEREMBAN - BAHAGIAN RUNCIT,Runcit,26,Buah-Buahan,02,034,TEMBIKAI MERAH TANPA BIJI,F.A.Q,Kilogram,4.1,3.9413793,
30864747,2026-08-19,2026-08-19 10:51:37.789485,KELANTAN,KOTA BHARU,[PROJEK] PROJEK SAYUR KG. WAKAF STAN,Ladang,,Sayur-Sayuran,02,002,CILI MERAH KULAI / KULAI HIBRID,F.A.Q,Kilogram,10,8.727273,
30864748,2026-08-19,2026-08-19 10:51:37.789485,KELANTAN,KOTA BHARU,[PROJEK] PROJEK SAYUR KG. WAKAF STAN,Ladang,,Sayur-Sayuran,02,002,CILI MERAH KULAI / KULAI HIBRID,F.A.Q,Kilogram,10,8.727273,
30864749,2026-08-19,2026-08-19 10:51:37.789485,KELANTAN,KOTA BHARU,[PROJEK] PROJEK SAYUR KG. WAKAF STAN,Ladang,,Sayur-Sayuran,02,002,CILI MERAH KULAI / KULAI HIBRID,F.A.Q,Kilogram,10,8.727273,
30864750,2026-08-19,2026-08-19 10:51:37.789485,KELANTAN,KOTA BHARU,[PROJEK] PROJEK SAYUR KG. WAKAF STAN,Ladang,,Sayur-Sayuran,04,002,KACANG BENDI,F.A.Q,Kilogram,4,4,
30864751,2026-08-19,2026-08-19 10:51:37.789485,KELANTAN,KOTA BHARU,[PROJEK] PROJEK SAYUR KG. WAKAF STAN,Ladang,,Sayur-Sayuran,04,002,KACANG BENDI,F.A.Q,Kilogram,4,4,
30864752,2026-08-19,2026-08-19 10:51:37.789485,KELANTAN,KOTA BHARU,[PROJEK] PROJEK SAYUR KG. WAKAF STAN,Ladang,,Sayur-Sayuran,04,002,KACANG BENDI,F.A.Q,Kilogram,4,4,
30864753,2026-08-19,2026-08-19 10:51:37.789485,KELANTAN,KOTA BHARU,[PROJEK] PROJEK SAYUR KG. WAKAF STAN,Ladang,,Sayur-Sayuran,04,007,KACANG PANJANG HIJAU,F.A.Q,Kilogram,5,5,
30864754,2026-08-19,2026-08-19 10:51:37.789485,KELANTAN,KOTA BHARU,[PROJEK] PROJEK SAYUR KG. WAKAF STAN,Ladang,,Sayur-Sayuran,04,007,KACANG PANJANG HIJAU,F.A.Q,Kilogram,5,5,
30864755,2026-08-19,2026-08-19 10:51:37.789485,KELANTAN,KOTA BHARU,[PROJEK] PROJEK SAYUR KG. WAKAF STAN,Ladang,,Sayur-Sayuran,04,007,KACANG PANJANG HIJAU,F.A.Q,Kilogram,5,5,
30864756,2026-08-19,2026-08-19 10:51:37.789485,KELANTAN,KOTA BHARU,[PROJEK] PROJEK SAYUR KG. WAKAF STAN,Ladang,,Sayur-Sayuran,02,010,TERUNG PANJANG / PEPARU (TANAH RENDAH),F.A.Q,Kilogram,3,3,
30864757,2026-08-19,2026-08-19 10:51:37.789485,KELANTAN,KOTA BHARU,[PROJEK] PROJEK SAYUR KG. WAKAF STAN,Ladang,,Sayur-Sayuran,02,010,TERUNG PANJANG / PEPARU (TANAH RENDAH),F.A.Q,Kilogram,3,3,
30864758,2026-08-19,2026-08-19 10:51:37.789485,KELANTAN,KOTA BHARU,[PROJEK] PROJEK SAYUR KG. WAKAF STAN,Ladang,,Sayur-Sayuran,02,010,TERUNG PANJANG / PEPARU (TANAH RENDAH),F.A.Q,Kilogram,3,3,
30864759,2026-08-19,2026-08-19 10:51:37.789485,KELANTAN,KOTA BHARU,[PROJEK] PROJEK SAYUR KG. WAKAF STAN,Ladang,,Sayur-Sayuran,02,011,TIMUN HIJAU,F.A.Q,Kilogram,1.5,1.8181819,
30864760,2026-08-19,2026-08-19 10:51:37.789485,KELANTAN,KOTA BHARU,[PROJEK] PROJEK SAYUR KG. WAKAF STAN,Ladang,,Sayur-Sayuran,02,011,TIMUN HIJAU,F.A.Q,Kilogram,1.5,1.8181819,
30864761,2026-08-19,2026-08-19 10:51:37.789485,KELANTAN,KOTA BHARU,[PROJEK] PROJEK SAYUR KG. WAKAF STAN,Ladang,,Sayur-Sayuran,02,011,TIMUN HIJAU,F.A.Q,Kilogram,1.5,1.8181819,
30864762,2026-08-19,2026-08-19 10:51:47.4921,KELANTAN,BACHOK,"LADANG/KEBUN TEPUS, GUNONG",Ladang,,Ternakan,01,003,AYAM HIDUP,F.A.Q,Kilogram,7,7,
30864763,2026-08-19,2026-08-19 10:52:01.231426,PULAU PINANG,SEBERANG PERAI UTARA,[PROJEK] TKPM ARA KUDA,Ladang,,Buah-Buahan,02,028,PISANG BERANGAN,F.A.Q,Kilogram,3.8,2.48,
30864764,2026-08-19,2026-08-19 10:52:01.231426,PULAU PINANG,SEBERANG PERAI UTARA,[PROJEK] TKPM ARA KUDA,Ladang,,Buah-Buahan,02,028,PISANG BERANGAN,F.A.Q,Kilogram,2.7,2.48,
30864765,2026-08-19,2026-08-19 10:52:34.131654,KELANTAN,TUMPAT,"[PROJEK] PROJEK PERTANIAN BERKELOMPOK KG KELABORAN, TUMPAT",Ladang,,Sayur-Sayuran,03,001,BAYAM,F.A.Q,Kilogram,3.5,3.5,
30864766,2026-08-19,2026-08-19 10:52:34.131654,KELANTAN,TUMPAT,"[PROJEK] PROJEK PERTANIAN BERKELOMPOK KG KELABORAN, TUMPAT",Ladang,,Sayur-Sayuran,03,001,BAYAM,F.A.Q,Kilogram,3.5,3.5,
30864767,2026-08-19,2026-08-19 10:52:34.131654,KELANTAN,TUMPAT,"[PROJEK] PROJEK PERTANIAN BERKELOMPOK KG KELABORAN, TUMPAT",Ladang,,Sayur-Sayuran,03,001,BAYAM,F.A.Q,Kilogram,3.5,3.5,
30864768,2026-08-19,2026-08-19 10:52:34.131654,KELANTAN,TUMPAT,"[PROJEK] PROJEK PERTANIAN BERKELOMPOK KG KELABORAN, TUMPAT",Ladang,,Sayur-Sayuran,03,007,SAWI HIJAU,F.A.Q,Kilogram,3.5,3.5,
30864769,2026-08-19,2026-08-19 10:52:34.131654,KELANTAN,TUMPAT,"[PROJEK] PROJEK PERTANIAN BERKELOMPOK KG KELABORAN, TUMPAT",Ladang,,Sayur-Sayuran,03,007,SAWI HIJAU,F.A.Q,Kilogram,3.5,3.5,
30864770,2026-08-19,2026-08-19 10:52:34.131654,KELANTAN,TUMPAT,"[PROJEK] PROJEK PERTANIAN BERKELOMPOK KG KELABORAN, TUMPAT",Ladang,,Sayur-Sayuran,03,007,SAWI HIJAU,F.A.Q,Kilogram,3.5,3.5,
30864771,2026-08-19,2026-08-19 10:52:36.247135,NEGERI SEMBILAN,SEREMBAN,PASAR BESAR SEREMBAN - BAHAGIAN BORONG,Borong,20,Sayur-Sayuran,05,001,BAWANG BESAR MERAH (INDIA),F.A.Q,Kilogram,2.7,2.8636363,
30864772,2026-08-19,2026-08-19 10:52:36.247135,NEGERI SEMBILAN,SEREMBAN,PASAR BESAR SEREMBAN - BAHAGIAN BORONG,Borong,20,Sayur-Sayuran,05,001,BAWANG BESAR MERAH (INDIA),F.A.Q,Kilogram,3.4,2.8636363,
30864773,2026-08-19,2026-08-19 10:52:36.247135,NEGERI SEMBILAN,SEREMBAN,PASAR BESAR SEREMBAN - BAHAGIAN BORONG,Borong,20,Sayur-Sayuran,05,001,BAWANG BESAR MERAH (INDIA),F.A.Q,Kilogram,2.9,2.8636363,
30864774,2026-08-19,2026-08-19 10:52:36.247135,NEGERI SEMBILAN,SEREMBAN,PASAR BESAR SEREMBAN - BAHAGIAN BORONG,Borong,20,Sayur-Sayuran,05,001,BAWANG PUTIH (CHINA),F.A.Q,Kilogram,8.7,8.89697,
30864775,2026-08-19,2026-08-19 10:52:36.247135,NEGERI SEMBILAN,SEREMBAN,PASAR BESAR SEREMBAN - BAHAGIAN BORONG,Borong,20,Sayur-Sayuran,05,001,BAWANG PUTIH (CHINA),F.A.Q,Kilogram,9.5,8.89697,
30864776,2026-08-19,2026-08-19 10:52:36.247135,NEGERI SEMBILAN,SEREMBAN,PASAR BESAR SEREMBAN - BAHAGIAN BORONG,Borong,20,Sayur-Sayuran,05,001,BAWANG PUTIH (CHINA),F.A.Q,Kilogram,8.9,8.89697,
30864777,2026-08-19,2026-08-19 10:53:40.552142,NEGERI SEMBILAN,SEREMBAN,PASAR BESAR SEREMBAN - BAHAGIAN RUNCIT,Runcit,26,Sayur-Sayuran,05,001,BAWANG BESAR MERAH (INDIA),F.A.Q,Kilogram,4.3,4.069697,
30864778,2026-08-19,2026-08-19 10:53:40.552142,NEGERI SEMBILAN,SEREMBAN,PASAR BESAR SEREMBAN - BAHAGIAN RUNCIT,Runcit,26,Sayur-Sayuran,05,001,BAWANG BESAR MERAH (INDIA),F.A.Q,Kilogram,3.9,4.069697,
30864779,2026-08-19,2026-08-19 10:53:40.552142,NEGERI SEMBILAN,SEREMBAN,PASAR BESAR SEREMBAN - BAHAGIAN RUNCIT,Runcit,26,Sayur-Sayuran,05,001,BAWANG BESAR MERAH (INDIA),F.A.Q,Kilogram,4.5,4.069697,
30864780,2026-08-19,2026-08-19 10:53:40.552142,NEGERI SEMBILAN,SEREMBAN,PASAR BESAR SEREMBAN - BAHAGIAN RUNCIT,Runcit,26,Sayur-Sayuran,05,001,BAWANG PUTIH (CHINA),F.A.Q,Kilogram,10.5,10.072727,
30864781,2026-08-19,2026-08-19 10:53:40.552142,NEGERI SEMBILAN,SEREMBAN,PASAR BESAR SEREMBAN - BAHAGIAN RUNCIT,Runcit,26,Sayur-Sayuran,05,001,BAWANG PUTIH (CHINA),F.A.Q,Kilogram,9.9,10.072727,
30864782,2026-08-19,2026-08-19 10:53:40.552142,NEGERI SEMBILAN,SEREMBAN,PASAR BESAR SEREMBAN - BAHAGIAN RUNCIT,Runcit,26,Sayur-Sayuran,05,001,BAWANG PUTIH (CHINA),F.A.Q,Kilogram,10.8,10.072727,
30864783,2026-08-19,2026-08-19 10:55:41.056953,PERAK,KINTA,[PASAR BORONG] JALAN LAXAMANA,Borong,20,Tanaman Kontan,05,001,KELAPA DIKUPAS,SEDANG,Biji,2.2,2.2,
30864784,2026-08-19,2026-08-19 10:55:56.31839,PERAK,KINTA,PASAR BESAR IPOH,Runcit,26,Lain-Lain Makanan Proses,15,001,SANTAN PEKAT,F.A.Q,Kilogram,15,15,
30864785,2026-08-19,2026-08-19 10:56:05.276397,PERAK,KINTA,PASAR BESAR IPOH,Runcit,26,Tanaman Kontan,05,001,KELAPA DIKUPAS,SEDANG,Biji,3,3,
30864786,2026-08-19,2026-08-19 10:56:18.061368,PERAK,KINTA,LADANG/KEBUN IPOH,Ladang,,Tanaman Kontan,05,001,KELAPA DIKUPAS,SEDANG,Biji,1.5,1.5,
30864787,2026-08-19,2026-08-19 10:57:08.399129,KELANTAN,KOTA BHARU,PASAR BORONG RTC KOTA BHARU,Borong,20,Sayur-Sayuran,05,001,BAWANG BESAR MERAH (INDIA),F.A.Q,Kilogram,2.5,2.5,
30864788,2026-08-19,2026-08-19 10:57:08.399129,KELANTAN,KOTA BHARU,PASAR BORONG RTC KOTA BHARU,Borong,20,Sayur-Sayuran,05,001,BAWANG BESAR MERAH (INDIA),F.A.Q,Kilogram,2.5,2.5,
30864789,2026-08-19,2026-08-19 10:57:08.399129,KELANTAN,KOTA BHARU,PASAR BORONG RTC KOTA BHARU,Borong,20,Sayur-Sayuran,05,001,BAWANG BESAR MERAH (INDIA),F.A.Q,Kilogram,2.5,2.5,
30864790,2026-08-19,2026-08-19 10:57:08.399129,KELANTAN,KOTA BHARU,PASAR BORONG RTC KOTA BHARU,Borong,20,Sayur-Sayuran,05,001,BAWANG PUTIH (CHINA),F.A.Q,Kilogram,7,7,
30864791,2026-08-19,2026-08-19 10:57:08.399129,KELANTAN,KOTA BHARU,PASAR BORONG RTC KOTA BHARU,Borong,20,Sayur-Sayuran,05,001,BAWANG PUTIH (CHINA),F.A.Q,Kilogram,7,7,
30864792,2026-08-19,2026-08-19 10:57:08.399129,KELANTAN,KOTA BHARU,PASAR BORONG RTC KOTA BHARU,Borong,20,Sayur-Sayuran,05,001,BAWANG PUTIH (CHINA),F.A.Q,Kilogram,7,7,
30864793,2026-08-19,2026-08-19 10:57:42.599029,KELANTAN,KOTA BHARU,PASAR BORONG RTC KOTA BHARU,Borong,20,Ternakan,03,002,AYAM PROSES STANDARD,F.A.Q,Kilogram,8.5,8.5,
30864794,2026-08-19,2026-08-19 10:57:42.599029,KELANTAN,KOTA BHARU,PASAR BORONG RTC KOTA BHARU,Borong,20,Ternakan,03,002,AYAM PROSES STANDARD,F.A.Q,Kilogram,8.5,8.5,
30864795,2026-08-19,2026-08-19 10:57:42.599029,KELANTAN,KOTA BHARU,PASAR BORONG RTC KOTA BHARU,Borong,20,Ternakan,03,002,AYAM PROSES STANDARD,F.A.Q,Kilogram,8.5,8.5,
30864796,2026-08-19,2026-08-19 11:01:49.484812,PERAK,KINTA,[PASAR BORONG] JALAN LAXAMANA,Borong,20,Buah-Buahan,02,023,NANAS JOSAPINE (AC5),F.A.Q,Kilogram,3,2.75,
30864797,2026-08-19,2026-08-19 11:01:49.484812,PERAK,KINTA,[PASAR BORONG] JALAN LAXAMANA,Borong,20,Buah-Buahan,02,023,NANAS JOSAPINE (AC5),F.A.Q,Kilogram,2.5,2.75,
30864798,2026-08-19,2026-08-19 11:01:49.484812,PERAK,KINTA,[PASAR BORONG] JALAN LAXAMANA,Borong,20,Buah-Buahan,02,028,PISANG BERANGAN,F.A.Q,Kilogram,4.5,4.25,
30864799,2026-08-19,2026-08-19 11:01:49.484812,PERAK,KINTA,[PASAR BORONG] JALAN LAXAMANA,Borong,20,Buah-Buahan,02,028,PISANG BERANGAN,F.A.Q,Kilogram,4,4.25,
30864800,2026-08-19,2026-08-19 11:01:49.484812,PERAK,KINTA,[PASAR BORONG] JALAN LAXAMANA,Borong,20,Buah-Buahan,02,034,TEMBIKAI MERAH TANPA BIJI,F.A.Q,Kilogram,2.5,2.3083334,
30864801,2026-08-19,2026-08-19 11:01:49.484812,PERAK,KINTA,[PASAR BORONG] JALAN LAXAMANA,Borong,20,Buah-Buahan,02,034,TEMBIKAI MERAH TANPA BIJI,F.A.Q,Kilogram,2.35,2.3083334,
30864802,2026-08-19,2026-08-19 11:02:51.286763,NEGERI SEMBILAN,SEREMBAN,PASAR BESAR SEREMBAN - BAHAGIAN RUNCIT,Runcit,26,Sayur-Sayuran,02,011,TIMUN HIJAU,F.A.Q,Kilogram,2.8,3.7151515,
30864803,2026-08-19,2026-08-19 11:02:51.286763,NEGERI SEMBILAN,SEREMBAN,PASAR BESAR SEREMBAN - BAHAGIAN RUNCIT,Runcit,26,Sayur-Sayuran,02,011,TIMUN HIJAU,F.A.Q,Kilogram,3,3.7151515,
30864804,2026-08-19,2026-08-19 11:02:51.286763,NEGERI SEMBILAN,SEREMBAN,PASAR BESAR SEREMBAN - BAHAGIAN RUNCIT,Runcit,26,Sayur-Sayuran,02,011,TIMUN HIJAU,F.A.Q,Kilogram,3.2,3.7151515,
30864805,2026-08-19,2026-08-19 11:02:51.286763,NEGERI SEMBILAN,SEREMBAN,PASAR BESAR SEREMBAN - BAHAGIAN RUNCIT,Runcit,26,Sayur-Sayuran,02,012,TOMATO (TANAH TINGGI),F.A.Q,Kilogram,8,10.509523,
30864806,2026-08-19,2026-08-19 11:02:51.286763,NEGERI SEMBILAN,SEREMBAN,PASAR BESAR SEREMBAN - BAHAGIAN RUNCIT,Runcit,26,Sayur-Sayuran,02,012,TOMATO (TANAH TINGGI),F.A.Q,Kilogram,7.5,10.509523,
30864807,2026-08-19,2026-08-19 11:02:51.286763,NEGERI SEMBILAN,SEREMBAN,PASAR BESAR SEREMBAN - BAHAGIAN RUNCIT,Runcit,26,Sayur-Sayuran,02,012,TOMATO (TANAH TINGGI),F.A.Q,Kilogram,9,10.509523,
30864808,2026-08-19,2026-08-19 11:03:00.31223,NEGERI SEMBILAN,SEREMBAN,PASAR BESAR SEREMBAN - BAHAGIAN BORONG,Borong,20,Sayur-Sayuran,02,011,TIMUN HIJAU,F.A.Q,Kilogram,2.2,2.8181818,
30864809,2026-08-19,2026-08-19 11:03:00.31223,NEGERI SEMBILAN,SEREMBAN,PASAR BESAR SEREMBAN - BAHAGIAN BORONG,Borong,20,Sayur-Sayuran,02,011,TIMUN HIJAU,F.A.Q,Kilogram,2.5,2.8181818,
30864810,2026-08-19,2026-08-19 11:03:00.31223,NEGERI SEMBILAN,SEREMBAN,PASAR BESAR SEREMBAN - BAHAGIAN BORONG,Borong,20,Sayur-Sayuran,02,011,TIMUN HIJAU,F.A.Q,Kilogram,2.4,2.8181818,
30864811,2026-08-19,2026-08-19 11:03:00.31223,NEGERI SEMBILAN,SEREMBAN,PASAR BESAR SEREMBAN - BAHAGIAN BORONG,Borong,20,Sayur-Sayuran,02,012,TOMATO (TANAH TINGGI),F.A.Q,Kilogram,6.8,8.547619,
30864812,2026-08-19,2026-08-19 11:03:00.31223,NEGERI SEMBILAN,SEREMBAN,PASAR BESAR SEREMBAN - BAHAGIAN BORONG,Borong,20,Sayur-Sayuran,02,012,TOMATO (TANAH TINGGI),F.A.Q,Kilogram,8.5,8.547619,
30864813,2026-08-19,2026-08-19 11:03:00.31223,NEGERI SEMBILAN,SEREMBAN,PASAR BESAR SEREMBAN - BAHAGIAN BORONG,Borong,20,Sayur-Sayuran,02,012,TOMATO (TANAH TINGGI),F.A.Q,Kilogram,7.7,8.547619,
30864814,2026-08-19,2026-08-19 11:03:54.607999,PERAK,KINTA,PASAR BESAR IPOH,Runcit,26,Buah-Buahan,02,023,NANAS JOSAPINE (AC5),F.A.Q,Kilogram,3.8,3.65,
30864815,2026-08-19,2026-08-19 11:03:54.607999,PERAK,KINTA,PASAR BESAR IPOH,Runcit,26,Buah-Buahan,02,023,NANAS JOSAPINE (AC5),F.A.Q,Kilogram,3.5,3.65,
30864816,2026-08-19,2026-08-19 11:03:54.607999,PERAK,KINTA,PASAR BESAR IPOH,Runcit,26,Buah-Buahan,02,034,TEMBIKAI MERAH TANPA BIJI,F.A.Q,Kilogram,4,3.7770834,
30864817,2026-08-19,2026-08-19 11:03:54.607999,PERAK,KINTA,PASAR BESAR IPOH,Runcit,26,Buah-Buahan,02,034,TEMBIKAI MERAH TANPA BIJI,F.A.Q,Kilogram,3.6,3.7770834,
30864818,2026-08-19,2026-08-19 11:04:22.026199,PERAK,KINTA,PASAR BESAR IPOH,Runcit,26,Buah-Buahan,02,028,PISANG BERANGAN,F.A.Q,Kilogram,7.5,7.25,
30864819,2026-08-19,2026-08-19 11:04:22.026199,PERAK,KINTA,PASAR BESAR IPOH,Runcit,26,Buah-Buahan,02,028,PISANG BERANGAN,F.A.Q,Kilogram,7,7.25,
30864820,2026-08-19,2026-08-19 11:04:41.304047,KELANTAN,KOTA BHARU,PASAR BORONG RTC KOTA BHARU,Borong,20,Sayur-Sayuran,03,001,BAYAM,F.A.Q,Kilogram,4.5,4.7,
30864821,2026-08-19,2026-08-19 11:04:41.304047,KELANTAN,KOTA BHARU,PASAR BORONG RTC KOTA BHARU,Borong,20,Sayur-Sayuran,03,001,BAYAM,F.A.Q,Kilogram,4.5,4.7,
30864822,2026-08-19,2026-08-19 11:04:41.304047,KELANTAN,KOTA BHARU,PASAR BORONG RTC KOTA BHARU,Borong,20,Sayur-Sayuran,03,001,BAYAM,F.A.Q,Kilogram,4.5,4.7,
30864823,2026-08-19,2026-08-19 11:04:41.304047,KELANTAN,KOTA BHARU,PASAR BORONG RTC KOTA BHARU,Borong,20,Sayur-Sayuran,03,001,BAYAM,F.A.Q,Kilogram,5,4.7,
30864824,2026-08-19,2026-08-19 11:04:41.304047,KELANTAN,KOTA BHARU,PASAR BORONG RTC KOTA BHARU,Borong,20,Sayur-Sayuran,03,001,BAYAM,F.A.Q,Kilogram,5,4.7,
30864825,2026-08-19,2026-08-19 11:04:41.304047,KELANTAN,KOTA BHARU,PASAR BORONG RTC KOTA BHARU,Borong,20,Sayur-Sayuran,02,002,CILI MERAH (VIETNAM),F.A.Q,Kilogram,8,7.6,
30864826,2026-08-19,2026-08-19 11:04:41.304047,KELANTAN,KOTA BHARU,PASAR BORONG RTC KOTA BHARU,Borong,20,Sayur-Sayuran,02,002,CILI MERAH (VIETNAM),F.A.Q,Kilogram,8,7.6,
30864827,2026-08-19,2026-08-19 11:04:41.304047,KELANTAN,KOTA BHARU,PASAR BORONG RTC KOTA BHARU,Borong,20,Sayur-Sayuran,02,002,CILI MERAH (VIETNAM),F.A.Q,Kilogram,8,7.6,
30864828,2026-08-19,2026-08-19 11:04:41.304047,KELANTAN,KOTA BHARU,PASAR BORONG RTC KOTA BHARU,Borong,20,Sayur-Sayuran,02,002,CILI MERAH (VIETNAM),F.A.Q,Kilogram,7,7.6,
30864829,2026-08-19,2026-08-19 11:04:41.304047,KELANTAN,KOTA BHARU,PASAR BORONG RTC KOTA BHARU,Borong,20,Sayur-Sayuran,02,002,CILI MERAH (VIETNAM),F.A.Q,Kilogram,7,7.6,
30864830,2026-08-19,2026-08-19 11:04:41.304047,KELANTAN,KOTA BHARU,PASAR BORONG RTC KOTA BHARU,Borong,20,Sayur-Sayuran,02,002,CILI MERAH KULAI / KULAI HIBRID,F.A.Q,Kilogram,12,10.836364,
30864831,2026-08-19,2026-08-19 11:04:41.304047,KELANTAN,KOTA BHARU,PASAR BORONG RTC KOTA BHARU,Borong,20,Sayur-Sayuran,02,002,CILI MERAH KULAI / KULAI HIBRID,F.A.Q,Kilogram,12,10.836364,
30864832,2026-08-19,2026-08-19 11:04:41.304047,KELANTAN,KOTA BHARU,PASAR BORONG RTC KOTA BHARU,Borong,20,Sayur-Sayuran,02,002,CILI MERAH KULAI / KULAI HIBRID,F.A.Q,Kilogram,12,10.836364,
30864833,2026-08-19,2026-08-19 11:04:41.304047,KELANTAN,KOTA BHARU,PASAR BORONG RTC KOTA BHARU,Borong,20,Sayur-Sayuran,02,002,CILI MERAH KULAI / KULAI HIBRID,F.A.Q,Kilogram,11,10.836364,
30864834,2026-08-19,2026-08-19 11:04:41.304047,KELANTAN,KOTA BHARU,PASAR BORONG RTC KOTA BHARU,Borong,20,Sayur-Sayuran,02,002,CILI MERAH KULAI / KULAI HIBRID,F.A.Q,Kilogram,11,10.836364,
30864835,2026-08-19,2026-08-19 11:04:41.304047,KELANTAN,KOTA BHARU,PASAR BORONG RTC KOTA BHARU,Borong,20,Sayur-Sayuran,02,002,CILI MERAH MINYAK,F.A.Q,Kilogram,10,9.127273,
30864836,2026-08-19,2026-08-19 11:04:41.304047,KELANTAN,KOTA BHARU,PASAR BORONG RTC KOTA BHARU,Borong,20,Sayur-Sayuran,02,002,CILI MERAH MINYAK,F.A.Q,Kilogram,10,9.127273,
30864837,2026-08-19,2026-08-19 11:04:41.304047,KELANTAN,KOTA BHARU,PASAR BORONG RTC KOTA BHARU,Borong,20,Sayur-Sayuran,02,002,CILI MERAH MINYAK,F.A.Q,Kilogram,10,9.127273,
30864838,2026-08-19,2026-08-19 11:04:41.304047,KELANTAN,KOTA BHARU,PASAR BORONG RTC KOTA BHARU,Borong,20,Sayur-Sayuran,02,002,CILI MERAH MINYAK,F.A.Q,Kilogram,11,9.127273,
30864839,2026-08-19,2026-08-19 11:04:41.304047,KELANTAN,KOTA BHARU,PASAR BORONG RTC KOTA BHARU,Borong,20,Sayur-Sayuran,02,002,CILI MERAH MINYAK,F.A.Q,Kilogram,11,9.127273,
30864840,2026-08-19,2026-08-19 11:04:41.304047,KELANTAN,KOTA BHARU,PASAR BORONG RTC KOTA BHARU,Borong,20,Sayur-Sayuran,04,002,KACANG BENDI,F.A.Q,Kilogram,5,4.8,
30864841,2026-08-19,2026-08-19 11:04:41.304047,KELANTAN,KOTA BHARU,PASAR BORONG RTC KOTA BHARU,Borong,20,Sayur-Sayuran,04,002,KACANG BENDI,F.A.Q,Kilogram,5,4.8,
30864842,2026-08-19,2026-08-19 11:04:41.304047,KELANTAN,KOTA BHARU,PASAR BORONG RTC KOTA BHARU,Borong,20,Sayur-Sayuran,04,002,KACANG BENDI,F.A.Q,Kilogram,5,4.8,
30864843,2026-08-19,2026-08-19 11:04:41.304047,KELANTAN,KOTA BHARU,PASAR BORONG RTC KOTA BHARU,Borong,20,Sayur-Sayuran,04,002,KACANG BENDI,F.A.Q,Kilogram,4.5,4.8,
30864844,2026-08-19,2026-08-19 11:04:41.304047,KELANTAN,KOTA BHARU,PASAR BORONG RTC KOTA BHARU,Borong,20,Sayur-Sayuran,04,002,KACANG BENDI,F.A.Q,Kilogram,4.5,4.8,
30864845,2026-08-19,2026-08-19 11:04:41.304047,KELANTAN,KOTA BHARU,PASAR BORONG RTC KOTA BHARU,Borong,20,Sayur-Sayuran,04,007,KACANG PANJANG HIJAU,F.A.Q,Kilogram,6,5.6,
30864846,2026-08-19,2026-08-19 11:04:41.304047,KELANTAN,KOTA BHARU,PASAR BORONG RTC KOTA BHARU,Borong,20,Sayur-Sayuran,04,007,KACANG PANJANG HIJAU,F.A.Q,Kilogram,6,5.6,
30864847,2026-08-19,2026-08-19 11:04:41.304047,KELANTAN,KOTA BHARU,PASAR BORONG RTC KOTA BHARU,Borong,20,Sayur-Sayuran,04,007,KACANG PANJANG HIJAU,F.A.Q,Kilogram,6,5.6,
30864848,2026-08-19,2026-08-19 11:04:41.304047,KELANTAN,KOTA BHARU,PASAR BORONG RTC KOTA BHARU,Borong,20,Sayur-Sayuran,04,007,KACANG PANJANG HIJAU,F.A.Q,Kilogram,5,5.6,
30864849,2026-08-19,2026-08-19 11:04:41.304047,KELANTAN,KOTA BHARU,PASAR BORONG RTC KOTA BHARU,Borong,20,Sayur-Sayuran,04,007,KACANG PANJANG HIJAU,F.A.Q,Kilogram,5,5.6,
30864850,2026-08-19,2026-08-19 11:04:41.304047,KELANTAN,KOTA BHARU,PASAR BORONG RTC KOTA BHARU,Borong,20,Sayur-Sayuran,03,006,KUBIS BULAT (TANAH TINGGI),F.A.Q,Kilogram,3,2.8,
30864851,2026-08-19,2026-08-19 11:04:41.304047,KELANTAN,KOTA BHARU,PASAR BORONG RTC KOTA BHARU,Borong,20,Sayur-Sayuran,03,006,KUBIS BULAT (TANAH TINGGI),F.A.Q,Kilogram,3,2.8,
30864852,2026-08-19,2026-08-19 11:04:41.304047,KELANTAN,KOTA BHARU,PASAR BORONG RTC KOTA BHARU,Borong,20,Sayur-Sayuran,03,006,KUBIS BULAT (TANAH TINGGI),F.A.Q,Kilogram,3,2.8,
30864853,2026-08-19,2026-08-19 11:04:41.304047,KELANTAN,KOTA BHARU,PASAR BORONG RTC KOTA BHARU,Borong,20,Sayur-Sayuran,03,006,KUBIS BULAT (TANAH TINGGI),F.A.Q,Kilogram,2.5,2.8,
30864854,2026-08-19,2026-08-19 11:04:41.304047,KELANTAN,KOTA BHARU,PASAR BORONG RTC KOTA BHARU,Borong,20,Sayur-Sayuran,03,006,KUBIS BULAT (TANAH TINGGI),F.A.Q,Kilogram,2.5,2.8,
30864855,2026-08-19,2026-08-19 11:04:41.304047,KELANTAN,KOTA BHARU,PASAR BORONG RTC KOTA BHARU,Borong,20,Sayur-Sayuran,03,007,SAWI HIJAU,F.A.Q,Kilogram,4.5,4.3,
30864856,2026-08-19,2026-08-19 11:04:41.304047,KELANTAN,KOTA BHARU,PASAR BORONG RTC KOTA BHARU,Borong,20,Sayur-Sayuran,03,007,SAWI HIJAU,F.A.Q,Kilogram,4.5,4.3,
30864857,2026-08-19,2026-08-19 11:04:41.304047,KELANTAN,KOTA BHARU,PASAR BORONG RTC KOTA BHARU,Borong,20,Sayur-Sayuran,03,007,SAWI HIJAU,F.A.Q,Kilogram,4.5,4.3,
30864858,2026-08-19,2026-08-19 11:04:41.304047,KELANTAN,KOTA BHARU,PASAR BORONG RTC KOTA BHARU,Borong,20,Sayur-Sayuran,03,007,SAWI HIJAU,F.A.Q,Kilogram,4,4.3,
30864859,2026-08-19,2026-08-19 11:04:41.304047,KELANTAN,KOTA BHARU,PASAR BORONG RTC KOTA BHARU,Borong,20,Sayur-Sayuran,03,007,SAWI HIJAU,F.A.Q,Kilogram,4,4.3,
30864860,2026-08-19,2026-08-19 11:04:41.304047,KELANTAN,KOTA BHARU,PASAR BORONG RTC KOTA BHARU,Borong,20,Sayur-Sayuran,02,010,TERUNG PANJANG / PEPARU (TANAH RENDAH),F.A.Q,Kilogram,4,3.8,
30864861,2026-08-19,2026-08-19 11:04:41.304047,KELANTAN,KOTA BHARU,PASAR BORONG RTC KOTA BHARU,Borong,20,Sayur-Sayuran,02,010,TERUNG PANJANG / PEPARU (TANAH RENDAH),F.A.Q,Kilogram,4,3.8,
30864862,2026-08-19,2026-08-19 11:04:41.304047,KELANTAN,KOTA BHARU,PASAR BORONG RTC KOTA BHARU,Borong,20,Sayur-Sayuran,02,010,TERUNG PANJANG / PEPARU (TANAH RENDAH),F.A.Q,Kilogram,4,3.8,
30864863,2026-08-19,2026-08-19 11:04:41.304047,KELANTAN,KOTA BHARU,PASAR BORONG RTC KOTA BHARU,Borong,20,Sayur-Sayuran,02,010,TERUNG PANJANG / PEPARU (TANAH RENDAH),F.A.Q,Kilogram,3.5,3.8,
30864864,2026-08-19,2026-08-19 11:04:41.304047,KELANTAN,KOTA BHARU,PASAR BORONG RTC KOTA BHARU,Borong,20,Sayur-Sayuran,02,010,TERUNG PANJANG / PEPARU (TANAH RENDAH),F.A.Q,Kilogram,3.5,3.8,
30864865,2026-08-19,2026-08-19 11:04:41.304047,KELANTAN,KOTA BHARU,PASAR BORONG RTC KOTA BHARU,Borong,20,Sayur-Sayuran,02,011,TIMUN HIJAU,F.A.Q,Kilogram,2,2.4654546,
30864866,2026-08-19,2026-08-19 11:04:41.304047,KELANTAN,KOTA BHARU,PASAR BORONG RTC KOTA BHARU,Borong,20,Sayur-Sayuran,02,011,TIMUN HIJAU,F.A.Q,Kilogram,2,2.4654546,
30864867,2026-08-19,2026-08-19 11:04:41.304047,KELANTAN,KOTA BHARU,PASAR BORONG RTC KOTA BHARU,Borong,20,Sayur-Sayuran,02,011,TIMUN HIJAU,F.A.Q,Kilogram,2,2.4654546,
30864868,2026-08-19,2026-08-19 11:04:41.304047,KELANTAN,KOTA BHARU,PASAR BORONG RTC KOTA BHARU,Borong,20,Sayur-Sayuran,02,011,TIMUN HIJAU,F.A.Q,Kilogram,1.7,2.4654546,
30864869,2026-08-19,2026-08-19 11:04:41.304047,KELANTAN,KOTA BHARU,PASAR BORONG RTC KOTA BHARU,Borong,20,Sayur-Sayuran,02,011,TIMUN HIJAU,F.A.Q,Kilogram,1.7,2.4654546,
30864870,2026-08-19,2026-08-19 11:04:41.304047,KELANTAN,KOTA BHARU,PASAR BORONG RTC KOTA BHARU,Borong,20,Sayur-Sayuran,02,012,TOMATO (TANAH TINGGI),F.A.Q,Kilogram,7,6.6,
30864871,2026-08-19,2026-08-19 11:04:41.304047,KELANTAN,KOTA BHARU,PASAR BORONG RTC KOTA BHARU,Borong,20,Sayur-Sayuran,02,012,TOMATO (TANAH TINGGI),F.A.Q,Kilogram,7,6.6,
30864872,2026-08-19,2026-08-19 11:04:41.304047,KELANTAN,KOTA BHARU,PASAR BORONG RTC KOTA BHARU,Borong,20,Sayur-Sayuran,02,012,TOMATO (TANAH TINGGI),F.A.Q,Kilogram,7,6.6,
30864873,2026-08-19,2026-08-19 11:04:41.304047,KELANTAN,KOTA BHARU,PASAR BORONG RTC KOTA BHARU,Borong,20,Sayur-Sayuran,02,012,TOMATO (TANAH TINGGI),F.A.Q,Kilogram,6,6.6,
30864874,2026-08-19,2026-08-19 11:04:41.304047,KELANTAN,KOTA BHARU,PASAR BORONG RTC KOTA BHARU,Borong,20,Sayur-Sayuran,02,012,TOMATO (TANAH TINGGI),F.A.Q,Kilogram,6,6.6,
30864875,2026-08-19,2026-08-19 11:05:13.76848,KELANTAN,KOTA BHARU,PASAR BORONG RTC KOTA BHARU,Borong,20,Ternakan,11,001,TELUR AYAM,B,Biji,0.48,0.42545456,
30864876,2026-08-19,2026-08-19 11:05:13.76848,KELANTAN,KOTA BHARU,PASAR BORONG RTC KOTA BHARU,Borong,20,Ternakan,11,001,TELUR AYAM,B,Biji,0.48,0.42545456,
30864877,2026-08-19,2026-08-19 11:05:13.76848,KELANTAN,KOTA BHARU,PASAR BORONG RTC KOTA BHARU,Borong,20,Ternakan,11,001,TELUR AYAM,B,Biji,0.48,0.42545456,
30864878,2026-08-19,2026-08-19 11:05:44.648276,PERAK,KINTA,LADANG/KEBUN IPOH,Ladang,,Buah-Buahan,02,028,PISANG BERANGAN,F.A.Q,Kilogram,2.5,2.4,
30864879,2026-08-19,2026-08-19 11:05:44.648276,PERAK,KINTA,LADANG/KEBUN IPOH,Ladang,,Buah-Buahan,02,028,PISANG BERANGAN,F.A.Q,Kilogram,2.3,2.4,
30864880,2026-08-19,2026-08-19 11:05:59.675978,NEGERI SEMBILAN,SEREMBAN,PASAR BESAR SEREMBAN - BAHAGIAN RUNCIT,Runcit,26,Sayur-Sayuran,03,001,BAYAM,F.A.Q,Kilogram,4.1,4.721212,
30864881,2026-08-19,2026-08-19 11:05:59.675978,NEGERI SEMBILAN,SEREMBAN,PASAR BESAR SEREMBAN - BAHAGIAN RUNCIT,Runcit,26,Sayur-Sayuran,03,001,BAYAM,F.A.Q,Kilogram,4.4,4.721212,
30864882,2026-08-19,2026-08-19 11:05:59.675978,NEGERI SEMBILAN,SEREMBAN,PASAR BESAR SEREMBAN - BAHAGIAN RUNCIT,Runcit,26,Sayur-Sayuran,03,001,BAYAM,F.A.Q,Kilogram,4.6,4.721212,
30864883,2026-08-19,2026-08-19 11:05:59.675978,NEGERI SEMBILAN,SEREMBAN,PASAR BESAR SEREMBAN - BAHAGIAN RUNCIT,Runcit,26,Sayur-Sayuran,02,002,CILI MERAH KULAI / KULAI HIBRID,F.A.Q,Kilogram,16.8,18.663637,
30864884,2026-08-19,2026-08-19 11:05:59.675978,NEGERI SEMBILAN,SEREMBAN,PASAR BESAR SEREMBAN - BAHAGIAN RUNCIT,Runcit,26,Sayur-Sayuran,02,002,CILI MERAH KULAI / KULAI HIBRID,F.A.Q,Kilogram,17.9,18.663637,
30864885,2026-08-19,2026-08-19 11:05:59.675978,NEGERI SEMBILAN,SEREMBAN,PASAR BESAR SEREMBAN - BAHAGIAN RUNCIT,Runcit,26,Sayur-Sayuran,02,002,CILI MERAH KULAI / KULAI HIBRID,F.A.Q,Kilogram,20.7,18.663637,
30864886,2026-08-19,2026-08-19 11:05:59.675978,NEGERI SEMBILAN,SEREMBAN,PASAR BESAR SEREMBAN - BAHAGIAN RUNCIT,Runcit,26,Sayur-Sayuran,02,010,TERUNG PANJANG / PEPARU (TANAH RENDAH),F.A.Q,Kilogram,9.5,10.2375,
30864887,2026-08-19,2026-08-19 11:05:59.675978,NEGERI SEMBILAN,SEREMBAN,PASAR BESAR SEREMBAN - BAHAGIAN RUNCIT,Runcit,26,Sayur-Sayuran,02,010,TERUNG PANJANG / PEPARU (TANAH RENDAH),F.A.Q,Kilogram,9.7,10.2375,
30864888,2026-08-19,2026-08-19 11:05:59.675978,NEGERI SEMBILAN,SEREMBAN,PASAR BESAR SEREMBAN - BAHAGIAN RUNCIT,Runcit,26,Sayur-Sayuran,02,010,TERUNG PANJANG / PEPARU (TANAH RENDAH),F.A.Q,Kilogram,10.3,10.2375,
30864889,2026-08-19,2026-08-19 11:06:24.505778,KELANTAN,KOTA BHARU,PASAR BORONG RTC KOTA BHARU,Borong,20,Buah-Buahan,02,028,PISANG BERANGAN,F.A.Q,Kilogram,3.5,3.58,
30864890,2026-08-19,2026-08-19 11:06:24.505778,KELANTAN,KOTA BHARU,PASAR BORONG RTC KOTA BHARU,Borong,20,Buah-Buahan,02,028,PISANG BERANGAN,F.A.Q,Kilogram,3.5,3.58,
30864891,2026-08-19,2026-08-19 11:06:24.505778,KELANTAN,KOTA BHARU,PASAR BORONG RTC KOTA BHARU,Borong,20,Buah-Buahan,02,028,PISANG BERANGAN,F.A.Q,Kilogram,3.5,3.58,
30864892,2026-08-19,2026-08-19 11:06:24.505778,KELANTAN,KOTA BHARU,PASAR BORONG RTC KOTA BHARU,Borong,20,Buah-Buahan,02,028,PISANG BERANGAN,F.A.Q,Kilogram,3.7,3.58,
30864893,2026-08-19,2026-08-19 11:06:24.505778,KELANTAN,KOTA BHARU,PASAR BORONG RTC KOTA BHARU,Borong,20,Buah-Buahan,02,028,PISANG BERANGAN,F.A.Q,Kilogram,3.7,3.58,
30864894,2026-08-19,2026-08-19 11:06:24.505778,KELANTAN,KOTA BHARU,PASAR BORONG RTC KOTA BHARU,Borong,20,Buah-Buahan,02,034,TEMBIKAI MERAH TANPA BIJI,F.A.Q,Kilogram,3,2.58,
30864895,2026-08-19,2026-08-19 11:06:24.505778,KELANTAN,KOTA BHARU,PASAR BORONG RTC KOTA BHARU,Borong,20,Buah-Buahan,02,034,TEMBIKAI MERAH TANPA BIJI,F.A.Q,Kilogram,3,2.58,
30864896,2026-08-19,2026-08-19 11:06:24.505778,KELANTAN,KOTA BHARU,PASAR BORONG RTC KOTA BHARU,Borong,20,Buah-Buahan,02,034,TEMBIKAI MERAH TANPA BIJI,F.A.Q,Kilogram,3,2.58,
30864897,2026-08-19,2026-08-19 11:06:24.505778,KELANTAN,KOTA BHARU,PASAR BORONG RTC KOTA BHARU,Borong,20,Buah-Buahan,02,034,TEMBIKAI MERAH TANPA BIJI,F.A.Q,Kilogram,3.3,2.58,
30864898,2026-08-19,2026-08-19 11:06:24.505778,KELANTAN,KOTA BHARU,PASAR BORONG RTC KOTA BHARU,Borong,20,Buah-Buahan,02,034,TEMBIKAI MERAH TANPA BIJI,F.A.Q,Kilogram,3.3,2.58,
30864899,2026-08-19,2026-08-19 11:07:32.911937,KELANTAN,KOTA BHARU,PASAR BORONG RTC KOTA BHARU,Borong,20,Ternakan,02,003,DAGING LEMBU PEJAL,F.A.Q,Kilogram,25,25,
30864900,2026-08-19,2026-08-19 11:07:32.911937,KELANTAN,KOTA BHARU,PASAR BORONG RTC KOTA BHARU,Borong,20,Ternakan,02,003,DAGING LEMBU PEJAL,F.A.Q,Kilogram,25,25,
30864901,2026-08-19,2026-08-19 11:08:58.918277,PULAU PINANG,SEBERANG PERAI UTARA,[PROJEK] TKPM ARA KUDA,Ladang,,Sayur-Sayuran,03,001,BAYAM,F.A.Q,Kilogram,1.3,1.9,
30864902,2026-08-19,2026-08-19 11:08:58.918277,PULAU PINANG,SEBERANG PERAI UTARA,[PROJEK] TKPM ARA KUDA,Ladang,,Sayur-Sayuran,02,002,CILI MERAH KULAI / KULAI HIBRID,F.A.Q,Kilogram,8,9.25,
30864903,2026-08-19,2026-08-19 11:08:58.918277,PULAU PINANG,SEBERANG PERAI UTARA,[PROJEK] TKPM ARA KUDA,Ladang,,Sayur-Sayuran,02,002,CILI MERAH KULAI / KULAI HIBRID,F.A.Q,Kilogram,4,9.25,
30864904,2026-08-19,2026-08-19 11:08:58.918277,PULAU PINANG,SEBERANG PERAI UTARA,[PROJEK] TKPM ARA KUDA,Ladang,,Sayur-Sayuran,04,002,KACANG BENDI,F.A.Q,Kilogram,5,3.990909,
30864905,2026-08-19,2026-08-19 11:08:58.918277,PULAU PINANG,SEBERANG PERAI UTARA,[PROJEK] TKPM ARA KUDA,Ladang,,Sayur-Sayuran,04,007,KACANG PANJANG HIJAU,F.A.Q,Kilogram,4,4.06,
30864906,2026-08-19,2026-08-19 11:08:58.918277,PULAU PINANG,SEBERANG PERAI UTARA,[PROJEK] TKPM ARA KUDA,Ladang,,Sayur-Sayuran,03,007,SAWI HIJAU,F.A.Q,Kilogram,1.3,2.78,
30864907,2026-08-19,2026-08-19 11:08:58.918277,PULAU PINANG,SEBERANG PERAI UTARA,[PROJEK] TKPM ARA KUDA,Ladang,,Sayur-Sayuran,02,010,TERUNG PANJANG / PEPARU (TANAH RENDAH),F.A.Q,Kilogram,5,4.9,
30864908,2026-08-19,2026-08-19 11:08:58.918277,PULAU PINANG,SEBERANG PERAI UTARA,[PROJEK] TKPM ARA KUDA,Ladang,,Sayur-Sayuran,02,011,TIMUN HIJAU,F.A.Q,Kilogram,0.6,1.46,
30864909,2026-08-19,2026-08-19 11:09:52.083408,PERAK,KINTA,PASAR BORONG KUALA PARI,Borong,20,Ternakan,03,002,AYAM PROSES STANDARD,F.A.Q,Kilogram,9,9,
30864910,2026-08-19,2026-08-19 11:09:56.736369,NEGERI SEMBILAN,SEREMBAN,PASAR BESAR SEREMBAN - BAHAGIAN BORONG,Borong,20,Sayur-Sayuran,03,001,BAYAM,F.A.Q,Kilogram,3.1,3.621212,
30864911,2026-08-19,2026-08-19 11:09:56.736369,NEGERI SEMBILAN,SEREMBAN,PASAR BESAR SEREMBAN - BAHAGIAN BORONG,Borong,20,Sayur-Sayuran,03,001,BAYAM,F.A.Q,Kilogram,3.7,3.621212,
30864912,2026-08-19,2026-08-19 11:09:56.736369,NEGERI SEMBILAN,SEREMBAN,PASAR BESAR SEREMBAN - BAHAGIAN BORONG,Borong,20,Sayur-Sayuran,03,001,BAYAM,F.A.Q,Kilogram,3.4,3.621212,
30864913,2026-08-19,2026-08-19 11:09:56.736369,NEGERI SEMBILAN,SEREMBAN,PASAR BESAR SEREMBAN - BAHAGIAN BORONG,Borong,20,Sayur-Sayuran,02,002,CILI MERAH KULAI / KULAI HIBRID,F.A.Q,Kilogram,14,14.772727,
30864914,2026-08-19,2026-08-19 11:09:56.736369,NEGERI SEMBILAN,SEREMBAN,PASAR BESAR SEREMBAN - BAHAGIAN BORONG,Borong,20,Sayur-Sayuran,02,002,CILI MERAH KULAI / KULAI HIBRID,F.A.Q,Kilogram,14.8,14.772727,
30864915,2026-08-19,2026-08-19 11:09:56.736369,NEGERI SEMBILAN,SEREMBAN,PASAR BESAR SEREMBAN - BAHAGIAN BORONG,Borong,20,Sayur-Sayuran,02,002,CILI MERAH KULAI / KULAI HIBRID,F.A.Q,Kilogram,14.5,14.772727,
30864916,2026-08-19,2026-08-19 11:09:56.736369,NEGERI SEMBILAN,SEREMBAN,PASAR BESAR SEREMBAN - BAHAGIAN BORONG,Borong,20,Sayur-Sayuran,04,002,KACANG BENDI,F.A.Q,Kilogram,6,6.015625,
30864917,2026-08-19,2026-08-19 11:09:56.736369,NEGERI SEMBILAN,SEREMBAN,PASAR BESAR SEREMBAN - BAHAGIAN BORONG,Borong,20,Sayur-Sayuran,04,002,KACANG BENDI,F.A.Q,Kilogram,6.5,6.015625,
30864918,2026-08-19,2026-08-19 11:09:56.736369,NEGERI SEMBILAN,SEREMBAN,PASAR BESAR SEREMBAN - BAHAGIAN BORONG,Borong,20,Sayur-Sayuran,04,002,KACANG BENDI,F.A.Q,Kilogram,6.2,6.015625,
30864919,2026-08-19,2026-08-19 11:09:56.736369,NEGERI SEMBILAN,SEREMBAN,PASAR BESAR SEREMBAN - BAHAGIAN BORONG,Borong,20,Sayur-Sayuran,04,007,KACANG PANJANG HIJAU,F.A.Q,Kilogram,5.5,5.978788,
30864920,2026-08-19,2026-08-19 11:09:56.736369,NEGERI SEMBILAN,SEREMBAN,PASAR BESAR SEREMBAN - BAHAGIAN BORONG,Borong,20,Sayur-Sayuran,04,007,KACANG PANJANG HIJAU,F.A.Q,Kilogram,6.3,5.978788,
30864921,2026-08-19,2026-08-19 11:09:56.736369,NEGERI SEMBILAN,SEREMBAN,PASAR BESAR SEREMBAN - BAHAGIAN BORONG,Borong,20,Sayur-Sayuran,04,007,KACANG PANJANG HIJAU,F.A.Q,Kilogram,6,5.978788,
30864922,2026-08-19,2026-08-19 11:09:56.736369,NEGERI SEMBILAN,SEREMBAN,PASAR BESAR SEREMBAN - BAHAGIAN BORONG,Borong,20,Sayur-Sayuran,03,006,KUBIS BULAT (TANAH TINGGI),F.A.Q,Kilogram,3.6,3.8666666,
30864923,2026-08-19,2026-08-19 11:09:56.736369,NEGERI SEMBILAN,SEREMBAN,PASAR BESAR SEREMBAN - BAHAGIAN BORONG,Borong,20,Sayur-Sayuran,03,006,KUBIS BULAT (TANAH TINGGI),F.A.Q,Kilogram,4.2,3.8666666,
30864924,2026-08-19,2026-08-19 11:09:56.736369,NEGERI SEMBILAN,SEREMBAN,PASAR BESAR SEREMBAN - BAHAGIAN BORONG,Borong,20,Sayur-Sayuran,03,006,KUBIS BULAT (TANAH TINGGI),F.A.Q,Kilogram,3.8,3.8666666,
30864925,2026-08-19,2026-08-19 11:09:56.736369,NEGERI SEMBILAN,SEREMBAN,PASAR BESAR SEREMBAN - BAHAGIAN BORONG,Borong,20,Sayur-Sayuran,03,007,SAWI HIJAU,F.A.Q,Kilogram,5.8,5.847619,
30864926,2026-08-19,2026-08-19 11:09:56.736369,NEGERI SEMBILAN,SEREMBAN,PASAR BESAR SEREMBAN - BAHAGIAN BORONG,Borong,20,Sayur-Sayuran,03,007,SAWI HIJAU,F.A.Q,Kilogram,6.1,5.847619,
30864927,2026-08-19,2026-08-19 11:09:56.736369,NEGERI SEMBILAN,SEREMBAN,PASAR BESAR SEREMBAN - BAHAGIAN BORONG,Borong,20,Sayur-Sayuran,03,007,SAWI HIJAU,F.A.Q,Kilogram,5.6,5.847619,
30864928,2026-08-19,2026-08-19 11:09:56.736369,NEGERI SEMBILAN,SEREMBAN,PASAR BESAR SEREMBAN - BAHAGIAN BORONG,Borong,20,Sayur-Sayuran,02,010,TERUNG PANJANG / PEPARU (TANAH RENDAH),F.A.Q,Kilogram,8.6,8.33,
30864929,2026-08-19,2026-08-19 11:09:56.736369,NEGERI SEMBILAN,SEREMBAN,PASAR BESAR SEREMBAN - BAHAGIAN BORONG,Borong,20,Sayur-Sayuran,02,010,TERUNG PANJANG / PEPARU (TANAH RENDAH),F.A.Q,Kilogram,9,8.33,
30864930,2026-08-19,2026-08-19 11:09:56.736369,NEGERI SEMBILAN,SEREMBAN,PASAR BESAR SEREMBAN - BAHAGIAN BORONG,Borong,20,Sayur-Sayuran,02,010,TERUNG PANJANG / PEPARU (TANAH RENDAH),F.A.Q,Kilogram,8.8,8.33,
30864931,2026-08-19,2026-08-19 11:10:21.623073,PERAK,KINTA,[PASAR BORONG] JALAN LAXAMANA,Borong,20,Ternakan,02,003,DAGING LEMBU PEJAL,F.A.Q,Kilogram,30,29,
30864932,2026-08-19,2026-08-19 11:10:21.623073,PERAK,KINTA,[PASAR BORONG] JALAN LAXAMANA,Borong,20,Ternakan,02,003,DAGING LEMBU PEJAL,F.A.Q,Kilogram,28,29,
30864933,2026-08-19,2026-08-19 11:10:35.582678,KELANTAN,KOTA BHARU,PASAR BESAR SITI KHADIJAH,Runcit,26,Ternakan,11,001,TELUR AYAM,B,Biji,0.52,0.47454545,
30864934,2026-08-19,2026-08-19 11:10:35.582678,KELANTAN,KOTA BHARU,PASAR BESAR SITI KHADIJAH,Runcit,26,Ternakan,11,001,TELUR AYAM,B,Biji,0.52,0.47454545,
30864935,2026-08-19,2026-08-19 11:10:35.582678,KELANTAN,KOTA BHARU,PASAR BESAR SITI KHADIJAH,Runcit,26,Ternakan,11,001,TELUR AYAM,B,Biji,0.52,0.47454545,
30864936,2026-08-19,2026-08-19 11:10:37.550943,PERAK,KINTA,LADANG/KEBUN IPOH,Ladang,,Ternakan,01,003,AYAM HIDUP,F.A.Q,Kilogram,6.2,6.2,
30864937,2026-08-19,2026-08-19 11:11:03.81694,PERAK,KINTA,PASAR BESAR IPOH,Runcit,26,Ternakan,03,002,AYAM PROSES STANDARD,F.A.Q,Kilogram,11,11,
30864938,2026-08-19,2026-08-19 11:11:03.81694,PERAK,KINTA,PASAR BESAR IPOH,Runcit,26,Ternakan,02,003,DAGING LEMBU PEJAL,F.A.Q,Kilogram,38,38,
30864939,2026-08-19,2026-08-19 11:11:32.128952,NEGERI SEMBILAN,SEREMBAN,,Ladang,,Sayur-Sayuran,04,002,KACANG BENDI,F.A.Q,Kilogram,5,3.4727273,
30864940,2026-08-19,2026-08-19 11:11:32.128952,NEGERI SEMBILAN,SEREMBAN,,Ladang,,Sayur-Sayuran,04,007,KACANG PANJANG HIJAU,F.A.Q,Kilogram,5.5,4.133333,
30864941,2026-08-19,2026-08-19 11:11:32.128952,NEGERI SEMBILAN,SEREMBAN,,Ladang,,Sayur-Sayuran,02,011,TIMUN HIJAU,F.A.Q,Kilogram,1,2.0411766,
30864942,2026-08-19,2026-08-19 11:13:08.059228,NEGERI SEMBILAN,SEREMBAN,PASAR BESAR SEREMBAN - BAHAGIAN RUNCIT,Runcit,26,Sayur-Sayuran,02,002,CILI MERAH MINYAK,F.A.Q,Kilogram,13.6,13.254545,
30864943,2026-08-19,2026-08-19 11:13:08.059228,NEGERI SEMBILAN,SEREMBAN,PASAR BESAR SEREMBAN - BAHAGIAN RUNCIT,Runcit,26,Sayur-Sayuran,02,002,CILI MERAH MINYAK,F.A.Q,Kilogram,14,13.254545,
30864944,2026-08-19,2026-08-19 11:13:08.059228,NEGERI SEMBILAN,SEREMBAN,PASAR BESAR SEREMBAN - BAHAGIAN RUNCIT,Runcit,26,Sayur-Sayuran,02,002,CILI MERAH MINYAK,F.A.Q,Kilogram,14.5,13.254545,
30864945,2026-08-19,2026-08-19 11:13:08.059228,NEGERI SEMBILAN,SEREMBAN,PASAR BESAR SEREMBAN - BAHAGIAN RUNCIT,Runcit,26,Sayur-Sayuran,04,002,KACANG BENDI,F.A.Q,Kilogram,7.5,7.677419,
30864946,2026-08-19,2026-08-19 11:13:08.059228,NEGERI SEMBILAN,SEREMBAN,PASAR BESAR SEREMBAN - BAHAGIAN RUNCIT,Runcit,26,Sayur-Sayuran,04,002,KACANG BENDI,F.A.Q,Kilogram,8,7.677419,
30864947,2026-08-19,2026-08-19 11:13:08.059228,NEGERI SEMBILAN,SEREMBAN,PASAR BESAR SEREMBAN - BAHAGIAN RUNCIT,Runcit,26,Sayur-Sayuran,04,002,KACANG BENDI,F.A.Q,Kilogram,8.5,7.677419,
30864948,2026-08-19,2026-08-19 11:13:08.059228,NEGERI SEMBILAN,SEREMBAN,PASAR BESAR SEREMBAN - BAHAGIAN RUNCIT,Runcit,26,Sayur-Sayuran,04,007,KACANG PANJANG HIJAU,F.A.Q,Kilogram,7.5,7.712121,
30864949,2026-08-19,2026-08-19 11:13:08.059228,NEGERI SEMBILAN,SEREMBAN,PASAR BESAR SEREMBAN - BAHAGIAN RUNCIT,Runcit,26,Sayur-Sayuran,04,007,KACANG PANJANG HIJAU,F.A.Q,Kilogram,7,7.712121,
30864950,2026-08-19,2026-08-19 11:13:08.059228,NEGERI SEMBILAN,SEREMBAN,PASAR BESAR SEREMBAN - BAHAGIAN RUNCIT,Runcit,26,Sayur-Sayuran,04,007,KACANG PANJANG HIJAU,F.A.Q,Kilogram,8,7.712121,
30864951,2026-08-19,2026-08-19 11:13:08.059228,NEGERI SEMBILAN,SEREMBAN,PASAR BESAR SEREMBAN - BAHAGIAN RUNCIT,Runcit,26,Sayur-Sayuran,03,006,KUBIS BULAT (TANAH TINGGI),F.A.Q,Kilogram,5.5,5.439394,
30864952,2026-08-19,2026-08-19 11:13:08.059228,NEGERI SEMBILAN,SEREMBAN,PASAR BESAR SEREMBAN - BAHAGIAN RUNCIT,Runcit,26,Sayur-Sayuran,03,006,KUBIS BULAT (TANAH TINGGI),F.A.Q,Kilogram,5.2,5.439394,
30864953,2026-08-19,2026-08-19 11:13:08.059228,NEGERI SEMBILAN,SEREMBAN,PASAR BESAR SEREMBAN - BAHAGIAN RUNCIT,Runcit,26,Sayur-Sayuran,03,006,KUBIS BULAT (TANAH TINGGI),F.A.Q,Kilogram,5.8,5.439394,
30864954,2026-08-19,2026-08-19 11:13:08.059228,NEGERI SEMBILAN,SEREMBAN,PASAR BESAR SEREMBAN - BAHAGIAN RUNCIT,Runcit,26,Sayur-Sayuran,03,007,SAWI HIJAU,F.A.Q,Kilogram,7.7,7.704762,
30864955,2026-08-19,2026-08-19 11:13:08.059228,NEGERI SEMBILAN,SEREMBAN,PASAR BESAR SEREMBAN - BAHAGIAN RUNCIT,Runcit,26,Sayur-Sayuran,03,007,SAWI HIJAU,F.A.Q,Kilogram,7.4,7.704762,
30864956,2026-08-19,2026-08-19 11:13:08.059228,NEGERI SEMBILAN,SEREMBAN,PASAR BESAR SEREMBAN - BAHAGIAN RUNCIT,Runcit,26,Sayur-Sayuran,03,007,SAWI HIJAU,F.A.Q,Kilogram,8,7.704762,
30864957,2026-08-19,2026-08-19 11:13:19.713009,NEGERI SEMBILAN,SEREMBAN,[LOKASI KUTIPAN HARGA LADANG] GADONG,Ladang,,Sayur-Sayuran,03,001,BAYAM,F.A.Q,Kilogram,1.8,2,
30864958,2026-08-19,2026-08-19 11:13:19.713009,NEGERI SEMBILAN,SEREMBAN,[LOKASI KUTIPAN HARGA LADANG] GADONG,Ladang,,Sayur-Sayuran,02,002,CILI MERAH KULAI / KULAI HIBRID,F.A.Q,Kilogram,8,8.5,
30864959,2026-08-19,2026-08-19 11:13:19.713009,NEGERI SEMBILAN,SEREMBAN,[LOKASI KUTIPAN HARGA LADANG] GADONG,Ladang,,Sayur-Sayuran,02,002,CILI MERAH KULAI / KULAI HIBRID,F.A.Q,Kilogram,9,8.5,
30864960,2026-08-19,2026-08-19 11:13:19.713009,NEGERI SEMBILAN,SEREMBAN,[LOKASI KUTIPAN HARGA LADANG] GADONG,Ladang,,Sayur-Sayuran,04,002,KACANG BENDI,F.A.Q,Kilogram,3.8,3.4727273,
30864961,2026-08-19,2026-08-19 11:13:19.713009,NEGERI SEMBILAN,SEREMBAN,[LOKASI KUTIPAN HARGA LADANG] GADONG,Ladang,,Sayur-Sayuran,04,007,KACANG PANJANG HIJAU,F.A.Q,Kilogram,4,4.133333,
30864962,2026-08-19,2026-08-19 11:13:19.713009,NEGERI SEMBILAN,SEREMBAN,[LOKASI KUTIPAN HARGA LADANG] GADONG,Ladang,,Sayur-Sayuran,03,007,SAWI HIJAU,F.A.Q,Kilogram,3.5,3.5,
30864963,2026-08-19,2026-08-19 11:13:19.713009,NEGERI SEMBILAN,SEREMBAN,[LOKASI KUTIPAN HARGA LADANG] GADONG,Ladang,,Sayur-Sayuran,02,011,TIMUN HIJAU,F.A.Q,Kilogram,1.3,2.0411766,
30864964,2026-08-19,2026-08-19 11:13:19.713009,NEGERI SEMBILAN,SEREMBAN,[LOKASI KUTIPAN HARGA LADANG] GADONG,Ladang,,Sayur-Sayuran,02,011,TIMUN HIJAU,F.A.Q,Kilogram,1.2,2.0411766,
30864965,2026-08-19,2026-08-19 11:13:42.818057,KELANTAN,KOTA BHARU,PASAR BESAR SITI KHADIJAH,Runcit,26,Sayur-Sayuran,05,001,BAWANG BESAR MERAH (INDIA),F.A.Q,Kilogram,4,4,
30864966,2026-08-19,2026-08-19 11:13:42.818057,KELANTAN,KOTA BHARU,PASAR BESAR SITI KHADIJAH,Runcit,26,Sayur-Sayuran,05,001,BAWANG BESAR MERAH (INDIA),F.A.Q,Kilogram,4,4,
30864967,2026-08-19,2026-08-19 11:13:42.818057,KELANTAN,KOTA BHARU,PASAR BESAR SITI KHADIJAH,Runcit,26,Sayur-Sayuran,05,001,BAWANG BESAR MERAH (INDIA),F.A.Q,Kilogram,4,4,
30864968,2026-08-19,2026-08-19 11:13:42.818057,KELANTAN,KOTA BHARU,PASAR BESAR SITI KHADIJAH,Runcit,26,Sayur-Sayuran,05,001,BAWANG PUTIH (CHINA),F.A.Q,Kilogram,8,8,
30864969,2026-08-19,2026-08-19 11:13:42.818057,KELANTAN,KOTA BHARU,PASAR BESAR SITI KHADIJAH,Runcit,26,Sayur-Sayuran,05,001,BAWANG PUTIH (CHINA),F.A.Q,Kilogram,8,8,
30864970,2026-08-19,2026-08-19 11:13:42.818057,KELANTAN,KOTA BHARU,PASAR BESAR SITI KHADIJAH,Runcit,26,Sayur-Sayuran,05,001,BAWANG PUTIH (CHINA),F.A.Q,Kilogram,8,8,
30864971,2026-08-19,2026-08-19 11:14:13.321873,TERENGGANU,KUALA TERENGGANU,PASAR BESAR KEDAI PAYANG,Runcit,,Sayur-Sayuran,02,014,BELIMBING BULUH,F.A.Q,Kilogram,8,8.3,
30864972,2026-08-19,2026-08-19 11:14:13.388387,TERENGGANU,KUALA TERENGGANU,PASAR BESAR KEDAI PAYANG,Runcit,,Sayur-Sayuran,03,003,BROKOLI (IMPORT),F.A.Q,Kilogram,14,12.31,
30864973,2026-08-19,2026-08-19 11:14:13.440774,TERENGGANU,KUALA TERENGGANU,PASAR BESAR KEDAI PAYANG,Runcit,,Sayur-Sayuran,06,001,CENDAWAN TIRAM KELABU,F.A.Q,Kilogram,16,14.58,
30864974,2026-08-19,2026-08-19 11:14:13.489891,TERENGGANU,KUALA TERENGGANU,PASAR BESAR KEDAI PAYANG,Runcit,,Sayur-Sayuran,02,002,CILI PADI,F.A.Q,Kilogram,14,24.42,
30864975,2026-08-19,2026-08-19 11:14:13.536345,TERENGGANU,KUALA TERENGGANU,PASAR BESAR KEDAI PAYANG,Runcit,,Sayur-Sayuran,02,002,CILI PADI AKAR (THAILAND),F.A.Q,Kilogram,15,15.04,
30864976,2026-08-19,2026-08-19 11:14:13.608387,TERENGGANU,KUALA TERENGGANU,PASAR BESAR KEDAI PAYANG,Runcit,,Sayur-Sayuran,02,002,CILI PADI KAMPUNG (THAILAND),F.A.Q,Kilogram,15,18.79,
30864977,2026-08-19,2026-08-19 11:14:13.66263,TERENGGANU,KUALA TERENGGANU,PASAR BESAR KEDAI PAYANG,Runcit,,Sayur-Sayuran,03,011,DAUN KESUM,F.A.Q,Kilogram,8,8.09,
30864978,2026-08-19,2026-08-19 11:14:13.728971,TERENGGANU,KUALA TERENGGANU,PASAR BESAR KEDAI PAYANG,Runcit,,Sayur-Sayuran,03,021,DAUN KETUMBAR (IMPORT),F.A.Q,Kilogram,25,18,
30864979,2026-08-19,2026-08-19 11:14:13.795334,TERENGGANU,KUALA TERENGGANU,PASAR BESAR KEDAI PAYANG,Runcit,,Sayur-Sayuran,07,002,DAUN SELOM,F.A.Q,Kilogram,30,9.44,
30864980,2026-08-19,2026-08-19 11:14:13.851784,TERENGGANU,KUALA TERENGGANU,PASAR BESAR KEDAI PAYANG,Runcit,,Sayur-Sayuran,05,002,HALIA MUDA,F.A.Q,Kilogram,14,10.97,
30864981,2026-08-19,2026-08-19 11:14:13.912376,TERENGGANU,KUALA TERENGGANU,PASAR BESAR KEDAI PAYANG,Runcit,,Sayur-Sayuran,05,002,HALIA MUDA (IMPORT),F.A.Q,Kilogram,13,9.9,
30864982,2026-08-19,2026-08-19 11:14:13.968727,TERENGGANU,KUALA TERENGGANU,PASAR BESAR KEDAI PAYANG,Runcit,,Sayur-Sayuran,05,002,HALIA TUA,F.A.Q,Kilogram,10,8.11,
30864983,2026-08-19,2026-08-19 11:14:14.154074,TERENGGANU,KUALA TERENGGANU,PASAR BESAR KEDAI PAYANG,Runcit,,Sayur-Sayuran,05,002,HALIA TUA (IMPORT),F.A.Q,Kilogram,10,8.57,
30864984,2026-08-19,2026-08-19 11:14:14.243919,TERENGGANU,KUALA TERENGGANU,PASAR BESAR KEDAI PAYANG,Runcit,,Sayur-Sayuran,02,001,JAGUNG SAYUR / BABY CORN,F.A.Q,Kilogram,10,8.84,
30864985,2026-08-19,2026-08-19 11:14:14.315847,TERENGGANU,KUALA TERENGGANU,PASAR BESAR KEDAI PAYANG,Runcit,,Sayur-Sayuran,07,003,JERING,F.A.Q,Kilogram,12,8.59,
30864986,2026-08-19,2026-08-19 11:14:14.391108,TERENGGANU,KUALA TERENGGANU,PASAR BESAR KEDAI PAYANG,Runcit,,Sayur-Sayuran,04,005,KACANG BOTOR,F.A.Q,Kilogram,22,14.49,
30864987,2026-08-19,2026-08-19 11:14:14.464101,TERENGGANU,KUALA TERENGGANU,PASAR BESAR KEDAI PAYANG,Runcit,,Sayur-Sayuran,03,018,KAILAN,F.A.Q,Kilogram,10,8.75,
30864988,2026-08-19,2026-08-19 11:14:14.530883,TERENGGANU,KUALA TERENGGANU,PASAR BESAR KEDAI PAYANG,Runcit,,Sayur-Sayuran,03,006,KUBIS BULAT BEIJING (IMPORT),F.A.Q,Kilogram,5,5.61,
30864989,2026-08-19,2026-08-19 11:14:14.608436,TERENGGANU,KUALA TERENGGANU,PASAR BESAR KEDAI PAYANG,Runcit,,Sayur-Sayuran,03,004,KUBIS BUNGA (IMPORT),F.A.Q,Kilogram,9,8.93,
30864990,2026-08-19,2026-08-19 11:14:14.679183,TERENGGANU,KUALA TERENGGANU,PASAR BESAR KEDAI PAYANG,Runcit,,Sayur-Sayuran,03,005,KUBIS PANJANG / CINA,F.A.Q,Kilogram,6,5.94,
30864991,2026-08-19,2026-08-19 11:14:14.740655,TERENGGANU,KUALA TERENGGANU,PASAR BESAR KEDAI PAYANG,Runcit,,Sayur-Sayuran,03,005,KUBIS PANJANG / CINA (IMPORT),F.A.Q,Kilogram,6,6.09,
30864992,2026-08-19,2026-08-19 11:14:14.815345,TERENGGANU,KUALA TERENGGANU,PASAR BESAR KEDAI PAYANG,Runcit,,Sayur-Sayuran,02,005,KUNDUR BULAT,F.A.Q,Kilogram,6,4.78,
30864993,2026-08-19,2026-08-19 11:14:14.886247,TERENGGANU,KUALA TERENGGANU,PASAR BESAR KEDAI PAYANG,Runcit,,Sayur-Sayuran,05,004,KUNYIT,F.A.Q,Kilogram,10,8.45,
30864994,2026-08-19,2026-08-19 11:14:14.964387,TERENGGANU,KUALA TERENGGANU,PASAR BESAR KEDAI PAYANG,Runcit,,Sayur-Sayuran,02,006,LABU AIR,F.A.Q,Kilogram,4,4.9,
30864995,2026-08-19,2026-08-19 11:14:15.033337,TERENGGANU,KUALA TERENGGANU,PASAR BESAR KEDAI PAYANG,Runcit,,Sayur-Sayuran,02,006,LABU MANIS,F.A.Q,Kilogram,5,5.17,
30864996,2026-08-19,2026-08-19 11:14:15.118332,TERENGGANU,KUALA TERENGGANU,PASAR BESAR KEDAI PAYANG,Runcit,,Sayur-Sayuran,02,003,LADA BENGGALA / CAPSICUM HIJAU,F.A.Q,Kilogram,16,12.6,
30864997,2026-08-19,2026-08-19 11:14:15.193257,TERENGGANU,KUALA TERENGGANU,PASAR BESAR KEDAI PAYANG,Runcit,,Sayur-Sayuran,02,003,LADA BENGGALA / CAPSICUM KUNING,F.A.Q,Kilogram,18,13.72,
30864998,2026-08-19,2026-08-19 11:14:15.281335,TERENGGANU,KUALA TERENGGANU,PASAR BESAR KEDAI PAYANG,Runcit,,Sayur-Sayuran,02,003,LADA BENGGALA / CAPSICUM MERAH,F.A.Q,Kilogram,18,13.94,
30864999,2026-08-19,2026-08-19 11:14:15.330624,TERENGGANU,KUALA TERENGGANU,PASAR BESAR KEDAI PAYANG,Runcit,,Sayur-Sayuran,05,005,LENGKUAS,F.A.Q,Kilogram,12,7.19,
30865000,2026-08-19,2026-08-19 11:14:15.383325,TERENGGANU,KUALA TERENGGANU,PASAR BESAR KEDAI PAYANG,Runcit,,Sayur-Sayuran,02,007,LIMAU KASTURI,F.A.Q,Kilogram,8,11.02,
30865001,2026-08-19,2026-08-19 11:14:15.446325,TERENGGANU,KUALA TERENGGANU,PASAR BESAR KEDAI PAYANG,Runcit,,Sayur-Sayuran,02,007,LIMAU NIPIS,F.A.Q,Kilogram,10,10.08,
30865002,2026-08-19,2026-08-19 11:14:15.511633,TERENGGANU,KUALA TERENGGANU,PASAR BESAR KEDAI PAYANG,Runcit,,Sayur-Sayuran,05,006,LOBAK MERAH (CHINA),F.A.Q,Kilogram,4,4.79,
30865003,2026-08-19,2026-08-19 11:14:15.591326,TERENGGANU,KUALA TERENGGANU,PASAR BESAR KEDAI PAYANG,Runcit,,Sayur-Sayuran,05,006,LOBAK PUTIH TANAH TINGGI,F.A.Q,Kilogram,6,6.71,
30865004,2026-08-19,2026-08-19 11:14:15.660941,TERENGGANU,KUALA TERENGGANU,PASAR BESAR KEDAI PAYANG,Runcit,,Sayur-Sayuran,07,002,PEGAGA,F.A.Q,Kilogram,25,13.63,
30865005,2026-08-19,2026-08-19 11:14:15.738324,TERENGGANU,KUALA TERENGGANU,PASAR BESAR KEDAI PAYANG,Runcit,,Sayur-Sayuran,02,009,PERIA,F.A.Q,Kilogram,8,8.63,
30865006,2026-08-19,2026-08-19 11:14:15.817323,TERENGGANU,KUALA TERENGGANU,PASAR BESAR KEDAI PAYANG,Runcit,,Sayur-Sayuran,02,009,PERIA KATAK,F.A.Q,Kilogram,8,7.12,
30865007,2026-08-19,2026-08-19 11:14:15.8798,TERENGGANU,KUALA TERENGGANU,PASAR BESAR KEDAI PAYANG,Runcit,,Sayur-Sayuran,07,003,PETAI,F.A.Q,RM/5 Keping,10,8.05,
30865008,2026-08-19,2026-08-19 11:14:15.950326,TERENGGANU,KUALA TERENGGANU,PASAR BESAR KEDAI PAYANG,Runcit,,Sayur-Sayuran,01,002,REBUNG,F.A.Q,Kilogram,12,7.6,
30865009,2026-08-19,2026-08-19 11:14:16.017352,TERENGGANU,KUALA TERENGGANU,PASAR BESAR KEDAI PAYANG,Runcit,,Sayur-Sayuran,03,027,SALAD,F.A.Q,Kilogram,8,10.07,
30865010,2026-08-19,2026-08-19 11:14:16.092326,TERENGGANU,KUALA TERENGGANU,PASAR BESAR KEDAI PAYANG,Runcit,,Sayur-Sayuran,03,027,SALAD BULAT TANAH TINGGI,F.A.Q,Kilogram,8,8.8,
30865011,2026-08-19,2026-08-19 11:14:16.162324,TERENGGANU,KUALA TERENGGANU,PASAR BESAR KEDAI PAYANG,Runcit,,Sayur-Sayuran,03,007,SAWI BUNGA,F.A.Q,Kilogram,6,10.1,
30865012,2026-08-19,2026-08-19 11:14:16.22833,TERENGGANU,KUALA TERENGGANU,PASAR BESAR KEDAI PAYANG,Runcit,,Sayur-Sayuran,03,007,SAWI JEPUN,F.A.Q,Kilogram,8,8.01,
30865013,2026-08-19,2026-08-19 11:14:16.30192,TERENGGANU,KUALA TERENGGANU,PASAR BESAR KEDAI PAYANG,Runcit,,Sayur-Sayuran,03,007,SAWI PAHIT,F.A.Q,Kilogram,7,6.89,
30865014,2026-08-19,2026-08-19 11:14:16.38833,TERENGGANU,KUALA TERENGGANU,PASAR BESAR KEDAI PAYANG,Runcit,,Sayur-Sayuran,03,007,SAWI PUTIH PAK CHOY,F.A.Q,Kilogram,8,7.21,
30865015,2026-08-19,2026-08-19 11:14:16.459324,TERENGGANU,KUALA TERENGGANU,PASAR BESAR KEDAI PAYANG,Runcit,,Sayur-Sayuran,05,007,SENGKUANG,F.A.Q,Kilogram,8,5.37,
30865016,2026-08-19,2026-08-19 11:14:16.532333,TERENGGANU,KUALA TERENGGANU,PASAR BESAR KEDAI PAYANG,Runcit,,Sayur-Sayuran,05,008,SERAI,F.A.Q,Kilogram,12,6.63,
30865017,2026-08-19,2026-08-19 11:14:16.605327,TERENGGANU,KUALA TERENGGANU,PASAR BESAR KEDAI PAYANG,Runcit,,Sayur-Sayuran,03,002,TAUGE,F.A.Q,Kilogram,4,3.58,
30865018,2026-08-19,2026-08-19 11:14:16.678327,TERENGGANU,KUALA TERENGGANU,PASAR BESAR KEDAI PAYANG,Runcit,,Sayur-Sayuran,02,010,TERUNG BULAT,F.A.Q,Kilogram,8,9.82,
30865019,2026-08-19,2026-08-19 11:14:16.744776,TERENGGANU,KUALA TERENGGANU,PASAR BESAR KEDAI PAYANG,Runcit,,Sayur-Sayuran,02,010,TERUNG PEPARU MINI,F.A.Q,Kilogram,10,9.48,
30865020,2026-08-19,2026-08-19 11:14:16.799573,TERENGGANU,KUALA TERENGGANU,PASAR BESAR KEDAI PAYANG,Runcit,,Sayur-Sayuran,02,011,TIMUN JEPUN,F.A.Q,Kilogram,6,6.43,
30865021,2026-08-19,2026-08-19 11:15:00.126192,NEGERI SEMBILAN,KUALA PILAH,[LOKASI KUTIPAN HARGA LADANG] JOHOL,Ladang,,Sayur-Sayuran,03,001,BAYAM,F.A.Q,Kilogram,1.9,2.2136364,
30865022,2026-08-19,2026-08-19 11:15:00.126192,NEGERI SEMBILAN,KUALA PILAH,[LOKASI KUTIPAN HARGA LADANG] JOHOL,Ladang,,Sayur-Sayuran,03,001,BAYAM,F.A.Q,Kilogram,1.8,2.2136364,
30865023,2026-08-19,2026-08-19 11:15:00.126192,NEGERI SEMBILAN,KUALA PILAH,[LOKASI KUTIPAN HARGA LADANG] JOHOL,Ladang,,Sayur-Sayuran,02,002,CILI MERAH KULAI / KULAI HIBRID,F.A.Q,Kilogram,10.5,10.5,
30865024,2026-08-19,2026-08-19 11:15:00.126192,NEGERI SEMBILAN,KUALA PILAH,[LOKASI KUTIPAN HARGA LADANG] JOHOL,Ladang,,Sayur-Sayuran,04,002,KACANG BENDI,F.A.Q,Kilogram,4.6,4.173333,
30865025,2026-08-19,2026-08-19 11:15:00.126192,NEGERI SEMBILAN,KUALA PILAH,[LOKASI KUTIPAN HARGA LADANG] JOHOL,Ladang,,Sayur-Sayuran,04,007,KACANG PANJANG HIJAU,F.A.Q,Kilogram,4.5,4.34,
30865026,2026-08-19,2026-08-19 11:15:00.126192,NEGERI SEMBILAN,KUALA PILAH,[LOKASI KUTIPAN HARGA LADANG] JOHOL,Ladang,,Sayur-Sayuran,03,007,SAWI HIJAU,F.A.Q,Kilogram,3.5,3.6066666,
30865027,2026-08-19,2026-08-19 11:15:06.679648,PERAK,KINTA,,Borong,20,Ternakan,11,001,TELUR AYAM,B,Biji,0.48,0.42833334,
30865028,2026-08-19,2026-08-19 11:15:44.093174,PERAK,KINTA,PASAR BESAR IPOH,Runcit,26,Ternakan,11,001,TELUR AYAM,B,Biji,0.5,0.44833332,
30865029,2026-08-19,2026-08-19 11:16:07.749346,PERAK,KINTA,LADANG/KEBUN IPOH,Ladang,,Ternakan,11,001,TELUR AYAM,B,Biji,0.46,0.40833333,
30865030,2026-08-19,2026-08-19 11:16:55.95702,PERAK,KINTA,PASAR BORONG KUALA PARI,Borong,20,Sayur-Sayuran,05,001,BAWANG BESAR MERAH (INDIA),F.A.Q,Kilogram,1.8,1.7625,
30865031,2026-08-19,2026-08-19 11:16:55.95702,PERAK,KINTA,PASAR BORONG KUALA PARI,Borong,20,Sayur-Sayuran,05,001,BAWANG BESAR MERAH (INDIA),F.A.Q,Kilogram,1.8,1.7625,
30865032,2026-08-19,2026-08-19 11:16:55.95702,PERAK,KINTA,PASAR BORONG KUALA PARI,Borong,20,Sayur-Sayuran,05,001,BAWANG PUTIH (CHINA),F.A.Q,Kilogram,6.2,5.9958334,
30865033,2026-08-19,2026-08-19 11:16:55.95702,PERAK,KINTA,PASAR BORONG KUALA PARI,Borong,20,Sayur-Sayuran,05,001,BAWANG PUTIH (CHINA),F.A.Q,Kilogram,6.2,5.9958334,
30865034,2026-08-19,2026-08-19 11:17:54.04809,PERAK,KINTA,PASAR BESAR IPOH,Runcit,26,Sayur-Sayuran,05,001,BAWANG BESAR MERAH (INDIA),F.A.Q,Kilogram,4,3.6875,
30865035,2026-08-19,2026-08-19 11:17:54.04809,PERAK,KINTA,PASAR BESAR IPOH,Runcit,26,Sayur-Sayuran,05,001,BAWANG BESAR MERAH (INDIA),F.A.Q,Kilogram,3.5,3.6875,
30865036,2026-08-19,2026-08-19 11:17:54.04809,PERAK,KINTA,PASAR BESAR IPOH,Runcit,26,Sayur-Sayuran,05,001,BAWANG PUTIH (CHINA),F.A.Q,Kilogram,10,10,
30865037,2026-08-19,2026-08-19 11:17:54.04809,PERAK,KINTA,PASAR BESAR IPOH,Runcit,26,Sayur-Sayuran,05,001,BAWANG PUTIH (CHINA),F.A.Q,Kilogram,10,10,
30865038,2026-08-19,2026-08-19 11:20:14.159182,PERLIS,PERLIS,LADANG/KEBUN KAMPUNG BATU BERTANGKUP,Ladang,,Buah-Buahan,02,028,PISANG BERANGAN,F.A.Q,Kilogram,2.5,2.5,
30865039,2026-08-19,2026-08-19 11:20:14.159182,PERLIS,PERLIS,LADANG/KEBUN KAMPUNG BATU BERTANGKUP,Ladang,,Buah-Buahan,02,028,PISANG BERANGAN,F.A.Q,Kilogram,2.5,2.5,
30865043,2026-08-19,2026-08-19 11:21:25.788903,PERLIS,PERLIS,LADANG/KEBUN KAMPUNG BATU BERTANGKUP,Ladang,,Sayur-Sayuran,03,001,BAYAM,F.A.Q,Kilogram,2.2,2.1958334,
30865044,2026-08-19,2026-08-19 11:21:25.788903,PERLIS,PERLIS,LADANG/KEBUN KAMPUNG BATU BERTANGKUP,Ladang,,Sayur-Sayuran,02,002,CILI MERAH KULAI / KULAI HIBRID,F.A.Q,Kilogram,10,9.25,
30865045,2026-08-19,2026-08-19 11:21:25.788903,PERLIS,PERLIS,LADANG/KEBUN KAMPUNG BATU BERTANGKUP,Ladang,,Sayur-Sayuran,04,002,KACANG BENDI,F.A.Q,Kilogram,3.5,3.5392857,
30865046,2026-08-19,2026-08-19 11:21:25.788903,PERLIS,PERLIS,LADANG/KEBUN KAMPUNG BATU BERTANGKUP,Ladang,,Sayur-Sayuran,04,007,KACANG PANJANG HIJAU,F.A.Q,Kilogram,3,3.0541666,
30865047,2026-08-19,2026-08-19 11:21:25.788903,PERLIS,PERLIS,LADANG/KEBUN KAMPUNG BATU BERTANGKUP,Ladang,,Sayur-Sayuran,03,007,SAWI HIJAU,F.A.Q,Kilogram,2.2,2.0416667,
30865048,2026-08-19,2026-08-19 11:21:25.788903,PERLIS,PERLIS,LADANG/KEBUN KAMPUNG BATU BERTANGKUP,Ladang,,Sayur-Sayuran,02,010,TERUNG PANJANG / PEPARU (TANAH RENDAH),F.A.Q,Kilogram,3,3.1041667,
30865049,2026-08-19,2026-08-19 11:21:25.788903,PERLIS,PERLIS,LADANG/KEBUN KAMPUNG BATU BERTANGKUP,Ladang,,Sayur-Sayuran,02,011,TIMUN HIJAU,F.A.Q,Kilogram,1.6,1.4875,
30865051,2026-08-19,2026-08-19 11:22:37.521967,PERAK,KINTA,PASAR BORONG KUALA PARI,Borong,20,Sayur-Sayuran,03,001,BAYAM,F.A.Q,Kilogram,1.5,2.1695652,
30865052,2026-08-19,2026-08-19 11:22:37.521967,PERAK,KINTA,PASAR BORONG KUALA PARI,Borong,20,Sayur-Sayuran,03,001,BAYAM,F.A.Q,Kilogram,1,2.1695652,
30865053,2026-08-19,2026-08-19 11:22:37.521967,PERAK,KINTA,PASAR BORONG KUALA PARI,Borong,20,Sayur-Sayuran,02,002,CILI MERAH KULAI / KULAI HIBRID,F.A.Q,Kilogram,12,13.125,
30865054,2026-08-19,2026-08-19 11:22:37.521967,PERAK,KINTA,PASAR BORONG KUALA PARI,Borong,20,Sayur-Sayuran,02,002,CILI MERAH KULAI / KULAI HIBRID,F.A.Q,Kilogram,11,13.125,
30865055,2026-08-19,2026-08-19 11:22:37.521967,PERAK,KINTA,PASAR BORONG KUALA PARI,Borong,20,Sayur-Sayuran,02,002,CILI MERAH MINYAK,F.A.Q,Kilogram,9,8.916667,
30865056,2026-08-19,2026-08-19 11:22:37.521967,PERAK,KINTA,PASAR BORONG KUALA PARI,Borong,20,Sayur-Sayuran,02,002,CILI MERAH MINYAK,F.A.Q,Kilogram,9,8.916667,
30865057,2026-08-19,2026-08-19 11:22:37.521967,PERAK,KINTA,PASAR BORONG KUALA PARI,Borong,20,Sayur-Sayuran,04,002,KACANG BENDI,F.A.Q,Kilogram,5.5,5.0833335,
30865058,2026-08-19,2026-08-19 11:22:37.521967,PERAK,KINTA,PASAR BORONG KUALA PARI,Borong,20,Sayur-Sayuran,04,002,KACANG BENDI,F.A.Q,Kilogram,5,5.0833335,
30865059,2026-08-19,2026-08-19 11:22:37.521967,PERAK,KINTA,PASAR BORONG KUALA PARI,Borong,20,Sayur-Sayuran,04,007,KACANG PANJANG HIJAU,F.A.Q,Kilogram,3.5,3.7708333,
30865060,2026-08-19,2026-08-19 11:22:37.521967,PERAK,KINTA,PASAR BORONG KUALA PARI,Borong,20,Sayur-Sayuran,04,007,KACANG PANJANG HIJAU,F.A.Q,Kilogram,3,3.7708333,
30865061,2026-08-19,2026-08-19 11:22:37.521967,PERAK,KINTA,PASAR BORONG KUALA PARI,Borong,20,Sayur-Sayuran,03,006,KUBIS BULAT (TANAH TINGGI),F.A.Q,Kilogram,2.5,2.2979167,
30865062,2026-08-19,2026-08-19 11:22:37.521967,PERAK,KINTA,PASAR BORONG KUALA PARI,Borong,20,Sayur-Sayuran,03,006,KUBIS BULAT (TANAH TINGGI),F.A.Q,Kilogram,2.4,2.2979167,
30865063,2026-08-19,2026-08-19 11:22:37.521967,PERAK,KINTA,PASAR BORONG KUALA PARI,Borong,20,Sayur-Sayuran,02,010,TERUNG PANJANG / PEPARU (TANAH RENDAH),F.A.Q,Kilogram,6.5,5.9791665,
30865064,2026-08-19,2026-08-19 11:22:37.521967,PERAK,KINTA,PASAR BORONG KUALA PARI,Borong,20,Sayur-Sayuran,02,010,TERUNG PANJANG / PEPARU (TANAH RENDAH),F.A.Q,Kilogram,5.5,5.9791665,
30865065,2026-08-19,2026-08-19 11:22:37.521967,PERAK,KINTA,PASAR BORONG KUALA PARI,Borong,20,Sayur-Sayuran,02,011,TIMUN HIJAU,F.A.Q,Kilogram,1.8,1.975,
30865066,2026-08-19,2026-08-19 11:22:37.521967,PERAK,KINTA,PASAR BORONG KUALA PARI,Borong,20,Sayur-Sayuran,02,011,TIMUN HIJAU,F.A.Q,Kilogram,1.4,1.975,
30865067,2026-08-19,2026-08-19 11:22:37.521967,PERAK,KINTA,PASAR BORONG KUALA PARI,Borong,20,Sayur-Sayuran,02,012,TOMATO (TANAH TINGGI),F.A.Q,Kilogram,7,7.0208335,
30865068,2026-08-19,2026-08-19 11:22:37.521967,PERAK,KINTA,PASAR BORONG KUALA PARI,Borong,20,Sayur-Sayuran,02,012,TOMATO (TANAH TINGGI),F.A.Q,Kilogram,6,7.0208335,
30865069,2026-08-19,2026-08-19 11:24:24.897859,KELANTAN,KOTA BHARU,PASAR BESAR SITI KHADIJAH,Runcit,26,Sayur-Sayuran,03,001,BAYAM,F.A.Q,Kilogram,5.5,5.590909,
30865070,2026-08-19,2026-08-19 11:24:24.897859,KELANTAN,KOTA BHARU,PASAR BESAR SITI KHADIJAH,Runcit,26,Sayur-Sayuran,03,001,BAYAM,F.A.Q,Kilogram,5.5,5.590909,
30865071,2026-08-19,2026-08-19 11:24:24.897859,KELANTAN,KOTA BHARU,PASAR BESAR SITI KHADIJAH,Runcit,26,Sayur-Sayuran,03,001,BAYAM,F.A.Q,Kilogram,5.5,5.590909,
30865072,2026-08-19,2026-08-19 11:24:24.897859,KELANTAN,KOTA BHARU,PASAR BESAR SITI KHADIJAH,Runcit,26,Sayur-Sayuran,03,001,BAYAM,F.A.Q,Kilogram,6,5.590909,
30865073,2026-08-19,2026-08-19 11:24:24.897859,KELANTAN,KOTA BHARU,PASAR BESAR SITI KHADIJAH,Runcit,26,Sayur-Sayuran,03,001,BAYAM,F.A.Q,Kilogram,6,5.590909,
30865074,2026-08-19,2026-08-19 11:24:24.897859,KELANTAN,KOTA BHARU,PASAR BESAR SITI KHADIJAH,Runcit,26,Sayur-Sayuran,02,002,CILI MERAH KULAI / KULAI HIBRID,F.A.Q,Kilogram,14,12.327272,
30865075,2026-08-19,2026-08-19 11:24:24.897859,KELANTAN,KOTA BHARU,PASAR BESAR SITI KHADIJAH,Runcit,26,Sayur-Sayuran,02,002,CILI MERAH KULAI / KULAI HIBRID,F.A.Q,Kilogram,14,12.327272,
30865076,2026-08-19,2026-08-19 11:24:24.897859,KELANTAN,KOTA BHARU,PASAR BESAR SITI KHADIJAH,Runcit,26,Sayur-Sayuran,02,002,CILI MERAH KULAI / KULAI HIBRID,F.A.Q,Kilogram,14,12.327272,
30865077,2026-08-19,2026-08-19 11:24:24.897859,KELANTAN,KOTA BHARU,PASAR BESAR SITI KHADIJAH,Runcit,26,Sayur-Sayuran,02,002,CILI MERAH KULAI / KULAI HIBRID,F.A.Q,Kilogram,13,12.327272,
30865078,2026-08-19,2026-08-19 11:24:24.897859,KELANTAN,KOTA BHARU,PASAR BESAR SITI KHADIJAH,Runcit,26,Sayur-Sayuran,02,002,CILI MERAH KULAI / KULAI HIBRID,F.A.Q,Kilogram,13,12.327272,
30865079,2026-08-19,2026-08-19 11:24:24.897859,KELANTAN,KOTA BHARU,PASAR BESAR SITI KHADIJAH,Runcit,26,Sayur-Sayuran,02,002,CILI MERAH MINYAK,F.A.Q,Kilogram,12,10.327272,
30865080,2026-08-19,2026-08-19 11:24:24.897859,KELANTAN,KOTA BHARU,PASAR BESAR SITI KHADIJAH,Runcit,26,Sayur-Sayuran,02,002,CILI MERAH MINYAK,F.A.Q,Kilogram,12,10.327272,
30865081,2026-08-19,2026-08-19 11:24:24.897859,KELANTAN,KOTA BHARU,PASAR BESAR SITI KHADIJAH,Runcit,26,Sayur-Sayuran,02,002,CILI MERAH MINYAK,F.A.Q,Kilogram,12,10.327272,
30865082,2026-08-19,2026-08-19 11:24:24.897859,KELANTAN,KOTA BHARU,PASAR BESAR SITI KHADIJAH,Runcit,26,Sayur-Sayuran,02,002,CILI MERAH MINYAK,F.A.Q,Kilogram,11,10.327272,
30865083,2026-08-19,2026-08-19 11:24:24.897859,KELANTAN,KOTA BHARU,PASAR BESAR SITI KHADIJAH,Runcit,26,Sayur-Sayuran,02,002,CILI MERAH MINYAK,F.A.Q,Kilogram,11,10.327272,
30865084,2026-08-19,2026-08-19 11:24:24.897859,KELANTAN,KOTA BHARU,PASAR BESAR SITI KHADIJAH,Runcit,26,Sayur-Sayuran,04,002,KACANG BENDI,F.A.Q,Kilogram,6,5.8,
30865085,2026-08-19,2026-08-19 11:24:24.897859,KELANTAN,KOTA BHARU,PASAR BESAR SITI KHADIJAH,Runcit,26,Sayur-Sayuran,04,002,KACANG BENDI,F.A.Q,Kilogram,6,5.8,
30865086,2026-08-19,2026-08-19 11:24:24.897859,KELANTAN,KOTA BHARU,PASAR BESAR SITI KHADIJAH,Runcit,26,Sayur-Sayuran,04,002,KACANG BENDI,F.A.Q,Kilogram,6,5.8,
30865087,2026-08-19,2026-08-19 11:24:24.897859,KELANTAN,KOTA BHARU,PASAR BESAR SITI KHADIJAH,Runcit,26,Sayur-Sayuran,04,002,KACANG BENDI,F.A.Q,Kilogram,5.5,5.8,
30865088,2026-08-19,2026-08-19 11:24:24.897859,KELANTAN,KOTA BHARU,PASAR BESAR SITI KHADIJAH,Runcit,26,Sayur-Sayuran,04,002,KACANG BENDI,F.A.Q,Kilogram,5.5,5.8,
30865089,2026-08-19,2026-08-19 11:24:24.897859,KELANTAN,KOTA BHARU,PASAR BESAR SITI KHADIJAH,Runcit,26,Sayur-Sayuran,04,007,KACANG PANJANG HIJAU,F.A.Q,Kilogram,7,6.6,
30865090,2026-08-19,2026-08-19 11:24:24.897859,KELANTAN,KOTA BHARU,PASAR BESAR SITI KHADIJAH,Runcit,26,Sayur-Sayuran,04,007,KACANG PANJANG HIJAU,F.A.Q,Kilogram,7,6.6,
30865091,2026-08-19,2026-08-19 11:24:24.897859,KELANTAN,KOTA BHARU,PASAR BESAR SITI KHADIJAH,Runcit,26,Sayur-Sayuran,04,007,KACANG PANJANG HIJAU,F.A.Q,Kilogram,7,6.6,
30865092,2026-08-19,2026-08-19 11:24:24.897859,KELANTAN,KOTA BHARU,PASAR BESAR SITI KHADIJAH,Runcit,26,Sayur-Sayuran,04,007,KACANG PANJANG HIJAU,F.A.Q,Kilogram,6,6.6,
30865093,2026-08-19,2026-08-19 11:24:24.897859,KELANTAN,KOTA BHARU,PASAR BESAR SITI KHADIJAH,Runcit,26,Sayur-Sayuran,04,007,KACANG PANJANG HIJAU,F.A.Q,Kilogram,6,6.6,
30865094,2026-08-19,2026-08-19 11:24:24.897859,KELANTAN,KOTA BHARU,PASAR BESAR SITI KHADIJAH,Runcit,26,Sayur-Sayuran,03,006,KUBIS BULAT (TANAH TINGGI),F.A.Q,Kilogram,4,3.8,
30865095,2026-08-19,2026-08-19 11:24:24.897859,KELANTAN,KOTA BHARU,PASAR BESAR SITI KHADIJAH,Runcit,26,Sayur-Sayuran,03,006,KUBIS BULAT (TANAH TINGGI),F.A.Q,Kilogram,4,3.8,
30865096,2026-08-19,2026-08-19 11:24:24.897859,KELANTAN,KOTA BHARU,PASAR BESAR SITI KHADIJAH,Runcit,26,Sayur-Sayuran,03,006,KUBIS BULAT (TANAH TINGGI),F.A.Q,Kilogram,4,3.8,
30865097,2026-08-19,2026-08-19 11:24:24.897859,KELANTAN,KOTA BHARU,PASAR BESAR SITI KHADIJAH,Runcit,26,Sayur-Sayuran,03,006,KUBIS BULAT (TANAH TINGGI),F.A.Q,Kilogram,3.5,3.8,
30865098,2026-08-19,2026-08-19 11:24:24.897859,KELANTAN,KOTA BHARU,PASAR BESAR SITI KHADIJAH,Runcit,26,Sayur-Sayuran,03,006,KUBIS BULAT (TANAH TINGGI),F.A.Q,Kilogram,3.5,3.8,
30865099,2026-08-19,2026-08-19 11:24:24.897859,KELANTAN,KOTA BHARU,PASAR BESAR SITI KHADIJAH,Runcit,26,Sayur-Sayuran,03,007,SAWI HIJAU,F.A.Q,Kilogram,5.5,5.3,
30865100,2026-08-19,2026-08-19 11:24:24.897859,KELANTAN,KOTA BHARU,PASAR BESAR SITI KHADIJAH,Runcit,26,Sayur-Sayuran,03,007,SAWI HIJAU,F.A.Q,Kilogram,5.5,5.3,
30865101,2026-08-19,2026-08-19 11:24:24.897859,KELANTAN,KOTA BHARU,PASAR BESAR SITI KHADIJAH,Runcit,26,Sayur-Sayuran,03,007,SAWI HIJAU,F.A.Q,Kilogram,5.5,5.3,
30865102,2026-08-19,2026-08-19 11:24:24.897859,KELANTAN,KOTA BHARU,PASAR BESAR SITI KHADIJAH,Runcit,26,Sayur-Sayuran,03,007,SAWI HIJAU,F.A.Q,Kilogram,5,5.3,
30865103,2026-08-19,2026-08-19 11:24:24.897859,KELANTAN,KOTA BHARU,PASAR BESAR SITI KHADIJAH,Runcit,26,Sayur-Sayuran,03,007,SAWI HIJAU,F.A.Q,Kilogram,5,5.3,
30865104,2026-08-19,2026-08-19 11:24:24.897859,KELANTAN,KOTA BHARU,PASAR BESAR SITI KHADIJAH,Runcit,26,Sayur-Sayuran,02,010,TERUNG PANJANG / PEPARU (TANAH RENDAH),F.A.Q,Kilogram,5,4.8,
30865105,2026-08-19,2026-08-19 11:24:24.897859,KELANTAN,KOTA BHARU,PASAR BESAR SITI KHADIJAH,Runcit,26,Sayur-Sayuran,02,010,TERUNG PANJANG / PEPARU (TANAH RENDAH),F.A.Q,Kilogram,5,4.8,
30865106,2026-08-19,2026-08-19 11:24:24.897859,KELANTAN,KOTA BHARU,PASAR BESAR SITI KHADIJAH,Runcit,26,Sayur-Sayuran,02,010,TERUNG PANJANG / PEPARU (TANAH RENDAH),F.A.Q,Kilogram,5,4.8,
30865107,2026-08-19,2026-08-19 11:24:24.897859,KELANTAN,KOTA BHARU,PASAR BESAR SITI KHADIJAH,Runcit,26,Sayur-Sayuran,02,010,TERUNG PANJANG / PEPARU (TANAH RENDAH),F.A.Q,Kilogram,4.5,4.8,
30865108,2026-08-19,2026-08-19 11:24:24.897859,KELANTAN,KOTA BHARU,PASAR BESAR SITI KHADIJAH,Runcit,26,Sayur-Sayuran,02,010,TERUNG PANJANG / PEPARU (TANAH RENDAH),F.A.Q,Kilogram,4.5,4.8,
30865109,2026-08-19,2026-08-19 11:24:24.897859,KELANTAN,KOTA BHARU,PASAR BESAR SITI KHADIJAH,Runcit,26,Sayur-Sayuran,02,011,TIMUN HIJAU,F.A.Q,Kilogram,2.5,3.4,
30865110,2026-08-19,2026-08-19 11:24:24.897859,KELANTAN,KOTA BHARU,PASAR BESAR SITI KHADIJAH,Runcit,26,Sayur-Sayuran,02,011,TIMUN HIJAU,F.A.Q,Kilogram,2.5,3.4,
30865111,2026-08-19,2026-08-19 11:24:24.897859,KELANTAN,KOTA BHARU,PASAR BESAR SITI KHADIJAH,Runcit,26,Sayur-Sayuran,02,011,TIMUN HIJAU,F.A.Q,Kilogram,2.5,3.4,
30865112,2026-08-19,2026-08-19 11:24:24.897859,KELANTAN,KOTA BHARU,PASAR BESAR SITI KHADIJAH,Runcit,26,Sayur-Sayuran,02,011,TIMUN HIJAU,F.A.Q,Kilogram,3,3.4,
30865113,2026-08-19,2026-08-19 11:24:24.897859,KELANTAN,KOTA BHARU,PASAR BESAR SITI KHADIJAH,Runcit,26,Sayur-Sayuran,02,011,TIMUN HIJAU,F.A.Q,Kilogram,3,3.4,
30865114,2026-08-19,2026-08-19 11:24:24.897859,KELANTAN,KOTA BHARU,PASAR BESAR SITI KHADIJAH,Runcit,26,Sayur-Sayuran,02,012,TOMATO (TANAH TINGGI),F.A.Q,Kilogram,9,8.6,
30865115,2026-08-19,2026-08-19 11:24:24.897859,KELANTAN,KOTA BHARU,PASAR BESAR SITI KHADIJAH,Runcit,26,Sayur-Sayuran,02,012,TOMATO (TANAH TINGGI),F.A.Q,Kilogram,9,8.6,
30865116,2026-08-19,2026-08-19 11:24:24.897859,KELANTAN,KOTA BHARU,PASAR BESAR SITI KHADIJAH,Runcit,26,Sayur-Sayuran,02,012,TOMATO (TANAH TINGGI),F.A.Q,Kilogram,9,8.6,
30865117,2026-08-19,2026-08-19 11:24:24.897859,KELANTAN,KOTA BHARU,PASAR BESAR SITI KHADIJAH,Runcit,26,Sayur-Sayuran,02,012,TOMATO (TANAH TINGGI),F.A.Q,Kilogram,8,8.6,
30865118,2026-08-19,2026-08-19 11:24:24.897859,KELANTAN,KOTA BHARU,PASAR BESAR SITI KHADIJAH,Runcit,26,Sayur-Sayuran,02,012,TOMATO (TANAH TINGGI),F.A.Q,Kilogram,8,8.6,
30865130,2026-08-19,2026-08-19 11:24:56.606229,KELANTAN,KOTA BHARU,PASAR BESAR SITI KHADIJAH,Runcit,26,Ternakan,03,002,AYAM PROSES STANDARD,F.A.Q,Kilogram,9.5,9.5,
30865131,2026-08-19,2026-08-19 11:24:56.606229,KELANTAN,KOTA BHARU,PASAR BESAR SITI KHADIJAH,Runcit,26,Ternakan,03,002,AYAM PROSES STANDARD,F.A.Q,Kilogram,9.5,9.5,
30865132,2026-08-19,2026-08-19 11:26:09.342196,KELANTAN,KOTA BHARU,PASAR BESAR SITI KHADIJAH,Runcit,26,Buah-Buahan,02,028,PISANG BERANGAN,F.A.Q,Kilogram,5,5.2,
30865133,2026-08-19,2026-08-19 11:26:09.342196,KELANTAN,KOTA BHARU,PASAR BESAR SITI KHADIJAH,Runcit,26,Buah-Buahan,02,028,PISANG BERANGAN,F.A.Q,Kilogram,5,5.2,
30865134,2026-08-19,2026-08-19 11:26:09.342196,KELANTAN,KOTA BHARU,PASAR BESAR SITI KHADIJAH,Runcit,26,Buah-Buahan,02,028,PISANG BERANGAN,F.A.Q,Kilogram,5,5.2,
30865135,2026-08-19,2026-08-19 11:26:09.342196,KELANTAN,KOTA BHARU,PASAR BESAR SITI KHADIJAH,Runcit,26,Buah-Buahan,02,028,PISANG BERANGAN,F.A.Q,Kilogram,5.5,5.2,
30865136,2026-08-19,2026-08-19 11:26:09.342196,KELANTAN,KOTA BHARU,PASAR BESAR SITI KHADIJAH,Runcit,26,Buah-Buahan,02,028,PISANG BERANGAN,F.A.Q,Kilogram,5.5,5.2,
30865137,2026-08-19,2026-08-19 11:26:09.342196,KELANTAN,KOTA BHARU,PASAR BESAR SITI KHADIJAH,Runcit,26,Buah-Buahan,02,034,TEMBIKAI MERAH TANPA BIJI,F.A.Q,Kilogram,3.8,3.08,
30865138,2026-08-19,2026-08-19 11:26:09.342196,KELANTAN,KOTA BHARU,PASAR BESAR SITI KHADIJAH,Runcit,26,Buah-Buahan,02,034,TEMBIKAI MERAH TANPA BIJI,F.A.Q,Kilogram,3.8,3.08,
30865139,2026-08-19,2026-08-19 11:26:09.342196,KELANTAN,KOTA BHARU,PASAR BESAR SITI KHADIJAH,Runcit,26,Buah-Buahan,02,034,TEMBIKAI MERAH TANPA BIJI,F.A.Q,Kilogram,3.8,3.08,
30865140,2026-08-19,2026-08-19 11:26:09.342196,KELANTAN,KOTA BHARU,PASAR BESAR SITI KHADIJAH,Runcit,26,Buah-Buahan,02,034,TEMBIKAI MERAH TANPA BIJI,F.A.Q,Kilogram,3.5,3.08,
30865141,2026-08-19,2026-08-19 11:26:09.342196,KELANTAN,KOTA BHARU,PASAR BESAR SITI KHADIJAH,Runcit,26,Buah-Buahan,02,034,TEMBIKAI MERAH TANPA BIJI,F.A.Q,Kilogram,3.5,3.08,
30865142,2026-08-19,2026-08-19 11:26:14.889668,PERLIS,PERLIS,[LOKASI KUTIPAN HARGA LADANG] LADANG/KEBUN KUALA PERLIS,Ladang,,Sayur-Sayuran,03,001,BAYAM,F.A.Q,Kilogram,2.2,2.1958334,
30865143,2026-08-19,2026-08-19 11:26:14.889668,PERLIS,PERLIS,[LOKASI KUTIPAN HARGA LADANG] LADANG/KEBUN KUALA PERLIS,Ladang,,Sayur-Sayuran,02,002,CILI MERAH KULAI / KULAI HIBRID,F.A.Q,Kilogram,10,9.25,
30865144,2026-08-19,2026-08-19 11:26:14.889668,PERLIS,PERLIS,[LOKASI KUTIPAN HARGA LADANG] LADANG/KEBUN KUALA PERLIS,Ladang,,Sayur-Sayuran,04,002,KACANG BENDI,F.A.Q,Kilogram,3.5,3.5392857,
30865145,2026-08-19,2026-08-19 11:26:14.889668,PERLIS,PERLIS,[LOKASI KUTIPAN HARGA LADANG] LADANG/KEBUN KUALA PERLIS,Ladang,,Sayur-Sayuran,04,007,KACANG PANJANG HIJAU,F.A.Q,Kilogram,3,3.0541666,
30865146,2026-08-19,2026-08-19 11:26:14.889668,PERLIS,PERLIS,[LOKASI KUTIPAN HARGA LADANG] LADANG/KEBUN KUALA PERLIS,Ladang,,Sayur-Sayuran,03,007,SAWI HIJAU,F.A.Q,Kilogram,2.2,2.0416667,
30865147,2026-08-19,2026-08-19 11:26:14.889668,PERLIS,PERLIS,[LOKASI KUTIPAN HARGA LADANG] LADANG/KEBUN KUALA PERLIS,Ladang,,Sayur-Sayuran,02,010,TERUNG PANJANG / PEPARU (TANAH RENDAH),F.A.Q,Kilogram,3,3.1041667,
30865148,2026-08-19,2026-08-19 11:26:14.889668,PERLIS,PERLIS,[LOKASI KUTIPAN HARGA LADANG] LADANG/KEBUN KUALA PERLIS,Ladang,,Sayur-Sayuran,02,011,TIMUN HIJAU,F.A.Q,Kilogram,1.6,1.4875,
30865149,2026-08-19,2026-08-19 11:26:48.123011,PERAK,KINTA,PASAR BESAR IPOH,Runcit,26,Sayur-Sayuran,03,001,BAYAM,F.A.Q,Kilogram,5,5.25,
30865150,2026-08-19,2026-08-19 11:26:48.123011,PERAK,KINTA,PASAR BESAR IPOH,Runcit,26,Sayur-Sayuran,03,001,BAYAM,F.A.Q,Kilogram,5,5.25,
30865151,2026-08-19,2026-08-19 11:26:48.123011,PERAK,KINTA,PASAR BESAR IPOH,Runcit,26,Sayur-Sayuran,02,002,CILI MERAH KULAI / KULAI HIBRID,F.A.Q,Kilogram,18,17.125,
30865152,2026-08-19,2026-08-19 11:26:48.123011,PERAK,KINTA,PASAR BESAR IPOH,Runcit,26,Sayur-Sayuran,02,002,CILI MERAH KULAI / KULAI HIBRID,F.A.Q,Kilogram,16,17.125,
30865153,2026-08-19,2026-08-19 11:26:48.123011,PERAK,KINTA,PASAR BESAR IPOH,Runcit,26,Sayur-Sayuran,02,002,CILI MERAH MINYAK,F.A.Q,Kilogram,15,14.833333,
30865154,2026-08-19,2026-08-19 11:26:48.123011,PERAK,KINTA,PASAR BESAR IPOH,Runcit,26,Sayur-Sayuran,02,002,CILI MERAH MINYAK,F.A.Q,Kilogram,14,14.833333,
30865155,2026-08-19,2026-08-19 11:26:48.123011,PERAK,KINTA,PASAR BESAR IPOH,Runcit,26,Sayur-Sayuran,04,002,KACANG BENDI,F.A.Q,Kilogram,8.5,8.270833,
30865156,2026-08-19,2026-08-19 11:26:48.123011,PERAK,KINTA,PASAR BESAR IPOH,Runcit,26,Sayur-Sayuran,04,002,KACANG BENDI,F.A.Q,Kilogram,8,8.270833,
30865157,2026-08-19,2026-08-19 11:26:48.123011,PERAK,KINTA,PASAR BESAR IPOH,Runcit,26,Sayur-Sayuran,04,007,KACANG PANJANG HIJAU,F.A.Q,Kilogram,7,7.1458335,
30865158,2026-08-19,2026-08-19 11:26:48.123011,PERAK,KINTA,PASAR BESAR IPOH,Runcit,26,Sayur-Sayuran,04,007,KACANG PANJANG HIJAU,F.A.Q,Kilogram,6,7.1458335,
30865159,2026-08-19,2026-08-19 11:26:48.123011,PERAK,KINTA,PASAR BESAR IPOH,Runcit,26,Sayur-Sayuran,03,006,KUBIS BULAT (TANAH TINGGI),F.A.Q,Kilogram,4,3.8826087,
30865160,2026-08-19,2026-08-19 11:26:48.123011,PERAK,KINTA,PASAR BESAR IPOH,Runcit,26,Sayur-Sayuran,03,006,KUBIS BULAT (TANAH TINGGI),F.A.Q,Kilogram,4,3.8826087,
30865161,2026-08-19,2026-08-19 11:26:48.123011,PERAK,KINTA,PASAR BESAR IPOH,Runcit,26,Sayur-Sayuran,02,010,TERUNG PANJANG / PEPARU (TANAH RENDAH),F.A.Q,Kilogram,10,9.1875,
30865162,2026-08-19,2026-08-19 11:26:48.123011,PERAK,KINTA,PASAR BESAR IPOH,Runcit,26,Sayur-Sayuran,02,010,TERUNG PANJANG / PEPARU (TANAH RENDAH),F.A.Q,Kilogram,8.5,9.1875,
30865163,2026-08-19,2026-08-19 11:26:48.123011,PERAK,KINTA,PASAR BESAR IPOH,Runcit,26,Sayur-Sayuran,02,011,TIMUN HIJAU,F.A.Q,Kilogram,4,3.9916666,
30865164,2026-08-19,2026-08-19 11:26:48.123011,PERAK,KINTA,PASAR BESAR IPOH,Runcit,26,Sayur-Sayuran,02,011,TIMUN HIJAU,F.A.Q,Kilogram,3.5,3.9916666,
30865165,2026-08-19,2026-08-19 11:26:48.123011,PERAK,KINTA,PASAR BESAR IPOH,Runcit,26,Sayur-Sayuran,02,012,TOMATO (TANAH TINGGI),F.A.Q,Kilogram,9.5,9.395833,
30865166,2026-08-19,2026-08-19 11:26:48.123011,PERAK,KINTA,PASAR BESAR IPOH,Runcit,26,Sayur-Sayuran,02,012,TOMATO (TANAH TINGGI),F.A.Q,Kilogram,8.5,9.395833,
30865167,2026-08-19,2026-08-19 11:27:03.844092,PERLIS,PERLIS,PASAR BORONG KAMPUNG BAKAU,Borong,20,Ternakan,03,002,AYAM PROSES STANDARD,F.A.Q,Kilogram,8.2,8.204166,
30865168,2026-08-19,2026-08-19 11:27:03.844092,PERLIS,PERLIS,PASAR BORONG KAMPUNG BAKAU,Borong,20,Ternakan,03,002,AYAM PROSES STANDARD,F.A.Q,Kilogram,8.2,8.204166,
30865169,2026-08-19,2026-08-19 11:27:09.40486,KELANTAN,KOTA BHARU,PASAR BESAR SITI KHADIJAH,Runcit,26,Ternakan,02,003,DAGING LEMBU PEJAL,F.A.Q,Kilogram,26,26,
30865170,2026-08-19,2026-08-19 11:27:09.40486,KELANTAN,KOTA BHARU,PASAR BESAR SITI KHADIJAH,Runcit,26,Ternakan,02,003,DAGING LEMBU PEJAL,F.A.Q,Kilogram,26,26,
30865171,2026-08-19,2026-08-19 11:27:09.40486,KELANTAN,KOTA BHARU,PASAR BESAR SITI KHADIJAH,Runcit,26,Ternakan,02,003,DAGING LEMBU PEJAL,F.A.Q,Kilogram,26,26,
30865172,2026-08-19,2026-08-19 11:27:09.40486,KELANTAN,KOTA BHARU,PASAR BESAR SITI KHADIJAH,Runcit,26,Ternakan,02,003,DAGING LEMBU PEJAL,F.A.Q,Kilogram,26,26,
30865173,2026-08-19,2026-08-19 11:28:12.620258,KELANTAN,KOTA BHARU,PASAR BESAR SITI KHADIJAH,Runcit,26,Lain-Lain Makanan Proses,15,001,SANTAN PEKAT,F.A.Q,Kilogram,17,17,
30865174,2026-08-19,2026-08-19 11:28:23.212457,JOHOR,JOHOR BAHRU,PASAR AWAM LARKIN,Runcit,26,Tanaman Kontan,05,001,KELAPA DIKUPAS,SEDANG,Biji,4,3.43,
30865175,2026-08-19,2026-08-19 11:28:23.212457,JOHOR,JOHOR BAHRU,PASAR AWAM LARKIN,Runcit,26,Tanaman Kontan,05,001,KELAPA DIKUPAS,SEDANG,Biji,4,3.43,
30865176,2026-08-19,2026-08-19 11:28:36.79993,JOHOR,JOHOR BAHRU,PASAR AWAM LARKIN,Runcit,26,Lain-Lain Makanan Proses,15,001,SANTAN PEKAT,F.A.Q,Kilogram,15,15,
30865177,2026-08-19,2026-08-19 11:28:36.79993,JOHOR,JOHOR BAHRU,PASAR AWAM LARKIN,Runcit,26,Lain-Lain Makanan Proses,15,001,SANTAN PEKAT,F.A.Q,Kilogram,15,15,
30865178,2026-08-19,2026-08-19 11:28:57.514192,PERLIS,PERLIS,PASAR BORONG KAMPUNG BAKAU,Borong,20,Ternakan,11,001,TELUR AYAM,B,Biji,0.41,0.395,
30865179,2026-08-19,2026-08-19 11:29:21.076258,PERAK,KINTA,LADANG/KEBUN KANTHAN,Ladang,,Sayur-Sayuran,03,001,BAYAM,F.A.Q,Kilogram,0.7,1.4791666,
30865180,2026-08-19,2026-08-19 11:29:21.076258,PERAK,KINTA,LADANG/KEBUN KANTHAN,Ladang,,Sayur-Sayuran,03,001,BAYAM,F.A.Q,Kilogram,0.6,1.4791666,
30865181,2026-08-19,2026-08-19 11:29:21.076258,PERAK,KINTA,LADANG/KEBUN KANTHAN,Ladang,,Sayur-Sayuran,02,002,CILI MERAH KULAI / KULAI HIBRID,F.A.Q,Kilogram,9,8.458333,
30865182,2026-08-19,2026-08-19 11:29:21.076258,PERAK,KINTA,LADANG/KEBUN KANTHAN,Ladang,,Sayur-Sayuran,02,002,CILI MERAH KULAI / KULAI HIBRID,F.A.Q,Kilogram,8,8.458333,
30865183,2026-08-19,2026-08-19 11:29:21.076258,PERAK,KINTA,LADANG/KEBUN KANTHAN,Ladang,,Sayur-Sayuran,04,002,KACANG BENDI,F.A.Q,Kilogram,3,2.9913044,
30865184,2026-08-19,2026-08-19 11:29:21.076258,PERAK,KINTA,LADANG/KEBUN KANTHAN,Ladang,,Sayur-Sayuran,04,002,KACANG BENDI,F.A.Q,Kilogram,3,2.9913044,
30865185,2026-08-19,2026-08-19 11:29:21.076258,PERAK,KINTA,LADANG/KEBUN KANTHAN,Ladang,,Sayur-Sayuran,04,007,KACANG PANJANG HIJAU,F.A.Q,Kilogram,2,2.3666666,
30865186,2026-08-19,2026-08-19 11:29:21.076258,PERAK,KINTA,LADANG/KEBUN KANTHAN,Ladang,,Sayur-Sayuran,04,007,KACANG PANJANG HIJAU,F.A.Q,Kilogram,2,2.3666666,
30865187,2026-08-19,2026-08-19 11:29:21.076258,PERAK,KINTA,LADANG/KEBUN KANTHAN,Ladang,,Sayur-Sayuran,02,011,TIMUN HIJAU,F.A.Q,Kilogram,1.25,1.2395834,
30865188,2026-08-19,2026-08-19 11:29:21.076258,PERAK,KINTA,LADANG/KEBUN KANTHAN,Ladang,,Sayur-Sayuran,02,011,TIMUN HIJAU,F.A.Q,Kilogram,1,1.2395834,
30865189,2026-08-19,2026-08-19 11:29:24.423084,PERLIS,PERLIS,PASAR BORONG KAMPUNG BAKAU,Borong,20,Sayur-Sayuran,05,001,BAWANG BESAR MERAH (INDIA),F.A.Q,Kilogram,3,2.825,
30865190,2026-08-19,2026-08-19 11:29:24.423084,PERLIS,PERLIS,PASAR BORONG KAMPUNG BAKAU,Borong,20,Sayur-Sayuran,05,001,BAWANG PUTIH (CHINA),F.A.Q,Kilogram,6.5,6.5333333,
30865191,2026-08-19,2026-08-19 11:30:25.826263,PERLIS,PERLIS,PASAR BORONG KAMPUNG BAKAU,Borong,20,Buah-Buahan,02,028,PISANG BERANGAN,F.A.Q,Kilogram,4,4,
30865192,2026-08-19,2026-08-19 11:30:25.826263,PERLIS,PERLIS,PASAR BORONG KAMPUNG BAKAU,Borong,20,Buah-Buahan,02,028,PISANG BERANGAN,F.A.Q,Kilogram,4,4,
30865193,2026-08-19,2026-08-19 11:30:25.826263,PERLIS,PERLIS,PASAR BORONG KAMPUNG BAKAU,Borong,20,Buah-Buahan,02,028,PISANG BERANGAN,F.A.Q,Kilogram,4,4,
30865194,2026-08-19,2026-08-19 11:30:25.826263,PERLIS,PERLIS,PASAR BORONG KAMPUNG BAKAU,Borong,20,Buah-Buahan,02,034,TEMBIKAI MERAH TANPA BIJI,F.A.Q,Kilogram,3,3,
30865195,2026-08-19,2026-08-19 11:30:25.826263,PERLIS,PERLIS,PASAR BORONG KAMPUNG BAKAU,Borong,20,Buah-Buahan,02,034,TEMBIKAI MERAH TANPA BIJI,F.A.Q,Kilogram,3,3,
30865196,2026-08-19,2026-08-19 11:30:25.826263,PERLIS,PERLIS,PASAR BORONG KAMPUNG BAKAU,Borong,20,Buah-Buahan,02,034,TEMBIKAI MERAH TANPA BIJI,F.A.Q,Kilogram,3,3,
30865197,2026-08-19,2026-08-19 11:31:26.848164,PERLIS,PERLIS,PASAR BORONG KAMPUNG BAKAU,Borong,20,Ternakan,02,003,DAGING LEMBU PEJAL,F.A.Q,Kilogram,25,25,
30865198,2026-08-19,2026-08-19 11:31:26.848164,PERLIS,PERLIS,PASAR BORONG KAMPUNG BAKAU,Borong,20,Ternakan,02,003,DAGING LEMBU PEJAL,F.A.Q,Kilogram,25,25,
30865206,2026-08-19,2026-08-19 11:35:03.333595,PERLIS,PERLIS,PASAR BORONG KAMPUNG BAKAU,Borong,20,Sayur-Sayuran,03,001,BAYAM,F.A.Q,Kilogram,4.5,4.2083335,
30865207,2026-08-19,2026-08-19 11:35:03.333595,PERLIS,PERLIS,PASAR BORONG KAMPUNG BAKAU,Borong,20,Sayur-Sayuran,03,001,BAYAM,F.A.Q,Kilogram,4.5,4.2083335,
30865208,2026-08-19,2026-08-19 11:35:03.333595,PERLIS,PERLIS,PASAR BORONG KAMPUNG BAKAU,Borong,20,Sayur-Sayuran,03,001,BAYAM,F.A.Q,Kilogram,4.5,4.2083335,
30865209,2026-08-19,2026-08-19 11:35:03.333595,PERLIS,PERLIS,PASAR BORONG KAMPUNG BAKAU,Borong,20,Sayur-Sayuran,03,001,BAYAM,F.A.Q,Kilogram,4.5,4.2083335,
30865210,2026-08-19,2026-08-19 11:35:03.333595,PERLIS,PERLIS,PASAR BORONG KAMPUNG BAKAU,Borong,20,Sayur-Sayuran,02,002,CILI MERAH KULAI / KULAI HIBRID,F.A.Q,Kilogram,14,13.333333,
30865211,2026-08-19,2026-08-19 11:35:03.333595,PERLIS,PERLIS,PASAR BORONG KAMPUNG BAKAU,Borong,20,Sayur-Sayuran,02,002,CILI MERAH KULAI / KULAI HIBRID,F.A.Q,Kilogram,14,13.333333,
30865212,2026-08-19,2026-08-19 11:35:03.333595,PERLIS,PERLIS,PASAR BORONG KAMPUNG BAKAU,Borong,20,Sayur-Sayuran,02,002,CILI MERAH KULAI / KULAI HIBRID,F.A.Q,Kilogram,14,13.333333,
30865213,2026-08-19,2026-08-19 11:35:03.333595,PERLIS,PERLIS,PASAR BORONG KAMPUNG BAKAU,Borong,20,Sayur-Sayuran,02,002,CILI MERAH KULAI / KULAI HIBRID,F.A.Q,Kilogram,14,13.333333,
30865214,2026-08-19,2026-08-19 11:35:03.333595,PERLIS,PERLIS,PASAR BORONG KAMPUNG BAKAU,Borong,20,Sayur-Sayuran,02,002,CILI MERAH MINYAK,F.A.Q,Kilogram,9,9,
30865215,2026-08-19,2026-08-19 11:35:03.333595,PERLIS,PERLIS,PASAR BORONG KAMPUNG BAKAU,Borong,20,Sayur-Sayuran,02,002,CILI MERAH MINYAK,F.A.Q,Kilogram,9,9,
30865216,2026-08-19,2026-08-19 11:35:03.333595,PERLIS,PERLIS,PASAR BORONG KAMPUNG BAKAU,Borong,20,Sayur-Sayuran,02,002,CILI MERAH MINYAK,F.A.Q,Kilogram,9,9,
30865217,2026-08-19,2026-08-19 11:35:03.333595,PERLIS,PERLIS,PASAR BORONG KAMPUNG BAKAU,Borong,20,Sayur-Sayuran,02,002,CILI MERAH MINYAK,F.A.Q,Kilogram,9,9,
30865218,2026-08-19,2026-08-19 11:35:03.333595,PERLIS,PERLIS,PASAR BORONG KAMPUNG BAKAU,Borong,20,Sayur-Sayuran,04,002,KACANG BENDI,F.A.Q,Kilogram,6,5.125,
30865219,2026-08-19,2026-08-19 11:35:03.333595,PERLIS,PERLIS,PASAR BORONG KAMPUNG BAKAU,Borong,20,Sayur-Sayuran,04,002,KACANG BENDI,F.A.Q,Kilogram,6,5.125,
30865220,2026-08-19,2026-08-19 11:35:03.333595,PERLIS,PERLIS,PASAR BORONG KAMPUNG BAKAU,Borong,20,Sayur-Sayuran,04,002,KACANG BENDI,F.A.Q,Kilogram,6,5.125,
30865221,2026-08-19,2026-08-19 11:35:03.333595,PERLIS,PERLIS,PASAR BORONG KAMPUNG BAKAU,Borong,20,Sayur-Sayuran,04,002,KACANG BENDI,F.A.Q,Kilogram,6,5.125,
30865222,2026-08-19,2026-08-19 11:35:03.333595,PERLIS,PERLIS,PASAR BORONG KAMPUNG BAKAU,Borong,20,Sayur-Sayuran,04,007,KACANG PANJANG HIJAU,F.A.Q,Kilogram,5,5,
30865223,2026-08-19,2026-08-19 11:35:03.333595,PERLIS,PERLIS,PASAR BORONG KAMPUNG BAKAU,Borong,20,Sayur-Sayuran,04,007,KACANG PANJANG HIJAU,F.A.Q,Kilogram,5,5,
30865224,2026-08-19,2026-08-19 11:35:03.333595,PERLIS,PERLIS,PASAR BORONG KAMPUNG BAKAU,Borong,20,Sayur-Sayuran,04,007,KACANG PANJANG HIJAU,F.A.Q,Kilogram,5,5,
30865225,2026-08-19,2026-08-19 11:35:03.333595,PERLIS,PERLIS,PASAR BORONG KAMPUNG BAKAU,Borong,20,Sayur-Sayuran,04,007,KACANG PANJANG HIJAU,F.A.Q,Kilogram,5,5,
30865226,2026-08-19,2026-08-19 11:35:03.333595,PERLIS,PERLIS,PASAR BORONG KAMPUNG BAKAU,Borong,20,Sayur-Sayuran,03,007,SAWI HIJAU,F.A.Q,Kilogram,4,4,
30865227,2026-08-19,2026-08-19 11:35:03.333595,PERLIS,PERLIS,PASAR BORONG KAMPUNG BAKAU,Borong,20,Sayur-Sayuran,03,007,SAWI HIJAU,F.A.Q,Kilogram,4,4,
30865228,2026-08-19,2026-08-19 11:35:03.333595,PERLIS,PERLIS,PASAR BORONG KAMPUNG BAKAU,Borong,20,Sayur-Sayuran,03,007,SAWI HIJAU,F.A.Q,Kilogram,4,4,
30865229,2026-08-19,2026-08-19 11:35:03.333595,PERLIS,PERLIS,PASAR BORONG KAMPUNG BAKAU,Borong,20,Sayur-Sayuran,03,007,SAWI HIJAU,F.A.Q,Kilogram,4,4,
30865230,2026-08-19,2026-08-19 11:35:03.333595,PERLIS,PERLIS,PASAR BORONG KAMPUNG BAKAU,Borong,20,Sayur-Sayuran,02,010,TERUNG PANJANG / PEPARU (TANAH RENDAH),F.A.Q,Kilogram,5,5,
30865231,2026-08-19,2026-08-19 11:35:03.333595,PERLIS,PERLIS,PASAR BORONG KAMPUNG BAKAU,Borong,20,Sayur-Sayuran,02,010,TERUNG PANJANG / PEPARU (TANAH RENDAH),F.A.Q,Kilogram,5,5,
30865232,2026-08-19,2026-08-19 11:35:03.333595,PERLIS,PERLIS,PASAR BORONG KAMPUNG BAKAU,Borong,20,Sayur-Sayuran,02,010,TERUNG PANJANG / PEPARU (TANAH RENDAH),F.A.Q,Kilogram,5,5,
30865233,2026-08-19,2026-08-19 11:35:03.333595,PERLIS,PERLIS,PASAR BORONG KAMPUNG BAKAU,Borong,20,Sayur-Sayuran,02,010,TERUNG PANJANG / PEPARU (TANAH RENDAH),F.A.Q,Kilogram,5,5,
30865234,2026-08-19,2026-08-19 11:35:03.333595,PERLIS,PERLIS,PASAR BORONG KAMPUNG BAKAU,Borong,20,Sayur-Sayuran,02,011,TIMUN HIJAU,F.A.Q,Kilogram,2.8,2.5208333,
30865235,2026-08-19,2026-08-19 11:35:03.333595,PERLIS,PERLIS,PASAR BORONG KAMPUNG BAKAU,Borong,20,Sayur-Sayuran,02,011,TIMUN HIJAU,F.A.Q,Kilogram,2.8,2.5208333,
30865236,2026-08-19,2026-08-19 11:35:03.333595,PERLIS,PERLIS,PASAR BORONG KAMPUNG BAKAU,Borong,20,Sayur-Sayuran,02,011,TIMUN HIJAU,F.A.Q,Kilogram,2.8,2.5208333,
30865237,2026-08-19,2026-08-19 11:35:03.333595,PERLIS,PERLIS,PASAR BORONG KAMPUNG BAKAU,Borong,20,Sayur-Sayuran,02,011,TIMUN HIJAU,F.A.Q,Kilogram,2.8,2.5208333,
30865238,2026-08-19,2026-08-19 11:35:03.333595,PERLIS,PERLIS,PASAR BORONG KAMPUNG BAKAU,Borong,20,Sayur-Sayuran,02,012,TOMATO (TANAH TINGGI),F.A.Q,Kilogram,5,5.1770835,
30865239,2026-08-19,2026-08-19 11:35:03.333595,PERLIS,PERLIS,PASAR BORONG KAMPUNG BAKAU,Borong,20,Sayur-Sayuran,02,012,TOMATO (TANAH TINGGI),F.A.Q,Kilogram,5,5.1770835,
30865240,2026-08-19,2026-08-19 11:35:03.333595,PERLIS,PERLIS,PASAR BORONG KAMPUNG BAKAU,Borong,20,Sayur-Sayuran,02,012,TOMATO (TANAH TINGGI),F.A.Q,Kilogram,5,5.1770835,
30865241,2026-08-19,2026-08-19 11:35:03.333595,PERLIS,PERLIS,PASAR BORONG KAMPUNG BAKAU,Borong,20,Sayur-Sayuran,02,012,TOMATO (TANAH TINGGI),F.A.Q,Kilogram,5,5.1770835,
30865254,2026-08-19,2026-08-19 11:35:31.11342,PERLIS,PERLIS,,Borong,20,Tanaman Kontan,05,001,KELAPA DIKUPAS,SEDANG,Biji,1.8,1.8,
30865255,2026-08-19,2026-08-19 11:35:31.11342,PERLIS,PERLIS,,Borong,20,Tanaman Kontan,05,001,KELAPA DIKUPAS,SEDANG,Biji,1.8,1.8,
30865256,2026-08-19,2026-08-19 11:35:31.11342,PERLIS,PERLIS,,Borong,20,Tanaman Kontan,05,001,KELAPA DIKUPAS,SEDANG,Biji,1.8,1.8,
30865257,2026-08-19,2026-08-19 11:35:31.11342,PERLIS,PERLIS,,Borong,20,Tanaman Kontan,05,001,KELAPA DIKUPAS,SEDANG,Biji,1.8,1.8,
30865280,2026-08-19,2026-08-19 11:40:45.779221,PERLIS,PERLIS,PASAR AWAM SENA,Runcit,26,Lain-Lain Makanan Proses,15,001,SANTAN PEKAT,F.A.Q,Kilogram,15,15.260417,
30865281,2026-08-19,2026-08-19 11:40:45.779221,PERLIS,PERLIS,PASAR AWAM SENA,Runcit,26,Lain-Lain Makanan Proses,15,001,SANTAN PEKAT,F.A.Q,Kilogram,15.5,15.260417,
30865282,2026-08-19,2026-08-19 11:40:45.779221,PERLIS,PERLIS,PASAR AWAM SENA,Runcit,26,Lain-Lain Makanan Proses,15,001,SANTAN PEKAT,F.A.Q,Kilogram,15,15.260417,
30865283,2026-08-19,2026-08-19 11:40:45.779221,PERLIS,PERLIS,PASAR AWAM SENA,Runcit,26,Lain-Lain Makanan Proses,15,001,SANTAN PEKAT,F.A.Q,Kilogram,15,15.260417,
30865284,2026-08-19,2026-08-19 11:41:30.300389,PERLIS,PERLIS,PASAR AWAM SENA,Runcit,26,Tanaman Kontan,05,001,KELAPA DIKUPAS,SEDANG,Biji,2.5,2.5,
30865285,2026-08-19,2026-08-19 11:41:30.300389,PERLIS,PERLIS,PASAR AWAM SENA,Runcit,26,Tanaman Kontan,05,001,KELAPA DIKUPAS,SEDANG,Biji,2.5,2.5,
30865286,2026-08-19,2026-08-19 11:41:30.300389,PERLIS,PERLIS,PASAR AWAM SENA,Runcit,26,Tanaman Kontan,05,001,KELAPA DIKUPAS,SEDANG,Biji,2.5,2.5,
30865287,2026-08-19,2026-08-19 11:41:30.300389,PERLIS,PERLIS,PASAR AWAM SENA,Runcit,26,Tanaman Kontan,05,001,KELAPA DIKUPAS,SEDANG,Biji,2.5,2.5,
30865288,2026-08-19,2026-08-19 11:43:18.157474,PERLIS,PERLIS,PASAR AWAM SENA,Runcit,26,Ternakan,11,001,TELUR AYAM,B,Biji,0.44,0.425,
30865289,2026-08-19,2026-08-19 11:43:18.157474,PERLIS,PERLIS,PASAR AWAM SENA,Runcit,26,Ternakan,11,001,TELUR AYAM,B,Biji,0.44,0.425,
30865290,2026-08-19,2026-08-19 11:43:18.157474,PERLIS,PERLIS,PASAR AWAM SENA,Runcit,26,Ternakan,11,001,TELUR AYAM,B,Biji,0.44,0.425,
30865291,2026-08-19,2026-08-19 11:43:52.934094,PERLIS,PERLIS,PASAR AWAM SENA,Runcit,26,Sayur-Sayuran,05,001,BAWANG BESAR MERAH (INDIA),F.A.Q,Kilogram,4,4.625,
30865292,2026-08-19,2026-08-19 11:43:52.934094,PERLIS,PERLIS,PASAR AWAM SENA,Runcit,26,Sayur-Sayuran,05,001,BAWANG BESAR MERAH (INDIA),F.A.Q,Kilogram,4,4.625,
30865293,2026-08-19,2026-08-19 11:43:52.934094,PERLIS,PERLIS,PASAR AWAM SENA,Runcit,26,Sayur-Sayuran,05,001,BAWANG BESAR MERAH (INDIA),F.A.Q,Kilogram,4,4.625,
30865294,2026-08-19,2026-08-19 11:43:52.934094,PERLIS,PERLIS,PASAR AWAM SENA,Runcit,26,Sayur-Sayuran,05,001,BAWANG PUTIH (CHINA),F.A.Q,Kilogram,9,9.230769,
30865295,2026-08-19,2026-08-19 11:43:52.934094,PERLIS,PERLIS,PASAR AWAM SENA,Runcit,26,Sayur-Sayuran,05,001,BAWANG PUTIH (CHINA),F.A.Q,Kilogram,9,9.230769,
30865296,2026-08-19,2026-08-19 11:43:52.934094,PERLIS,PERLIS,PASAR AWAM SENA,Runcit,26,Sayur-Sayuran,05,001,BAWANG PUTIH (CHINA),F.A.Q,Kilogram,9,9.230769,
30865302,2026-08-19,2026-08-19 11:47:33.934151,PERLIS,PERLIS,PASAR AWAM SENA,Runcit,26,Ternakan,02,003,DAGING LEMBU PEJAL,F.A.Q,Kilogram,30,30,
30865303,2026-08-19,2026-08-19 11:47:33.934151,PERLIS,PERLIS,PASAR AWAM SENA,Runcit,26,Ternakan,02,003,DAGING LEMBU PEJAL,F.A.Q,Kilogram,30,30,
30865304,2026-08-19,2026-08-19 11:52:54.543068,PERLIS,PERLIS,PASAR AWAM SENA,Runcit,26,Sayur-Sayuran,03,001,BAYAM,F.A.Q,Kilogram,6,6.1375,
30865305,2026-08-19,2026-08-19 11:52:54.543068,PERLIS,PERLIS,PASAR AWAM SENA,Runcit,26,Sayur-Sayuran,03,001,BAYAM,F.A.Q,Kilogram,6,6.1375,
30865306,2026-08-19,2026-08-19 11:52:54.543068,PERLIS,PERLIS,PASAR AWAM SENA,Runcit,26,Sayur-Sayuran,03,001,BAYAM,F.A.Q,Kilogram,6,6.1375,
30865307,2026-08-19,2026-08-19 11:52:54.543068,PERLIS,PERLIS,PASAR AWAM SENA,Runcit,26,Sayur-Sayuran,03,001,BAYAM,F.A.Q,Kilogram,6,6.1375,
30865308,2026-08-19,2026-08-19 11:52:54.543068,PERLIS,PERLIS,PASAR AWAM SENA,Runcit,26,Sayur-Sayuran,03,001,BAYAM,F.A.Q,Kilogram,6,6.1375,
30865309,2026-08-19,2026-08-19 11:52:54.543068,PERLIS,PERLIS,PASAR AWAM SENA,Runcit,26,Sayur-Sayuran,02,002,CILI MERAH KULAI / KULAI HIBRID,F.A.Q,Kilogram,18,17.552631,
30865310,2026-08-19,2026-08-19 11:52:54.543068,PERLIS,PERLIS,PASAR AWAM SENA,Runcit,26,Sayur-Sayuran,02,002,CILI MERAH KULAI / KULAI HIBRID,F.A.Q,Kilogram,18,17.552631,
30865311,2026-08-19,2026-08-19 11:52:54.543068,PERLIS,PERLIS,PASAR AWAM SENA,Runcit,26,Sayur-Sayuran,02,002,CILI MERAH KULAI / KULAI HIBRID,F.A.Q,Kilogram,18,17.552631,
30865312,2026-08-19,2026-08-19 11:52:54.543068,PERLIS,PERLIS,PASAR AWAM SENA,Runcit,26,Sayur-Sayuran,02,002,CILI MERAH KULAI / KULAI HIBRID,F.A.Q,Kilogram,18,17.552631,
30865313,2026-08-19,2026-08-19 11:52:54.543068,PERLIS,PERLIS,PASAR AWAM SENA,Runcit,26,Sayur-Sayuran,02,002,CILI MERAH KULAI / KULAI HIBRID,F.A.Q,Kilogram,18,17.552631,
30865314,2026-08-19,2026-08-19 11:52:54.543068,PERLIS,PERLIS,PASAR AWAM SENA,Runcit,26,Sayur-Sayuran,02,002,CILI MERAH MINYAK,F.A.Q,Kilogram,15,14.073529,
30865315,2026-08-19,2026-08-19 11:52:54.543068,PERLIS,PERLIS,PASAR AWAM SENA,Runcit,26,Sayur-Sayuran,02,002,CILI MERAH MINYAK,F.A.Q,Kilogram,15,14.073529,
30865316,2026-08-19,2026-08-19 11:52:54.543068,PERLIS,PERLIS,PASAR AWAM SENA,Runcit,26,Sayur-Sayuran,02,002,CILI MERAH MINYAK,F.A.Q,Kilogram,15,14.073529,
30865317,2026-08-19,2026-08-19 11:52:54.543068,PERLIS,PERLIS,PASAR AWAM SENA,Runcit,26,Sayur-Sayuran,02,002,CILI MERAH MINYAK,F.A.Q,Kilogram,15,14.073529,
30865318,2026-08-19,2026-08-19 11:52:54.543068,PERLIS,PERLIS,PASAR AWAM SENA,Runcit,26,Sayur-Sayuran,02,002,CILI MERAH MINYAK,F.A.Q,Kilogram,15,14.073529,
30865319,2026-08-19,2026-08-19 11:52:54.543068,PERLIS,PERLIS,PASAR AWAM SENA,Runcit,26,Sayur-Sayuran,04,002,KACANG BENDI,F.A.Q,Kilogram,9,8.8,
30865320,2026-08-19,2026-08-19 11:52:54.543068,PERLIS,PERLIS,PASAR AWAM SENA,Runcit,26,Sayur-Sayuran,04,002,KACANG BENDI,F.A.Q,Kilogram,9,8.8,
30865321,2026-08-19,2026-08-19 11:52:54.543068,PERLIS,PERLIS,PASAR AWAM SENA,Runcit,26,Sayur-Sayuran,04,002,KACANG BENDI,F.A.Q,Kilogram,9,8.8,
30865322,2026-08-19,2026-08-19 11:52:54.543068,PERLIS,PERLIS,PASAR AWAM SENA,Runcit,26,Sayur-Sayuran,04,002,KACANG BENDI,F.A.Q,Kilogram,9,8.8,
30865323,2026-08-19,2026-08-19 11:52:54.543068,PERLIS,PERLIS,PASAR AWAM SENA,Runcit,26,Sayur-Sayuran,04,002,KACANG BENDI,F.A.Q,Kilogram,9,8.8,
30865324,2026-08-19,2026-08-19 11:52:54.543068,PERLIS,PERLIS,PASAR AWAM SENA,Runcit,26,Sayur-Sayuran,04,007,KACANG PANJANG HIJAU,F.A.Q,Kilogram,8,7.5875,
30865325,2026-08-19,2026-08-19 11:52:54.543068,PERLIS,PERLIS,PASAR AWAM SENA,Runcit,26,Sayur-Sayuran,04,007,KACANG PANJANG HIJAU,F.A.Q,Kilogram,8,7.5875,
30865326,2026-08-19,2026-08-19 11:52:54.543068,PERLIS,PERLIS,PASAR AWAM SENA,Runcit,26,Sayur-Sayuran,04,007,KACANG PANJANG HIJAU,F.A.Q,Kilogram,8,7.5875,
30865327,2026-08-19,2026-08-19 11:52:54.543068,PERLIS,PERLIS,PASAR AWAM SENA,Runcit,26,Sayur-Sayuran,04,007,KACANG PANJANG HIJAU,F.A.Q,Kilogram,8,7.5875,
30865328,2026-08-19,2026-08-19 11:52:54.543068,PERLIS,PERLIS,PASAR AWAM SENA,Runcit,26,Sayur-Sayuran,04,007,KACANG PANJANG HIJAU,F.A.Q,Kilogram,8,7.5875,
30865329,2026-08-19,2026-08-19 11:52:54.543068,PERLIS,PERLIS,PASAR AWAM SENA,Runcit,26,Sayur-Sayuran,03,007,SAWI HIJAU,F.A.Q,Kilogram,7,6.720588,
30865330,2026-08-19,2026-08-19 11:52:54.543068,PERLIS,PERLIS,PASAR AWAM SENA,Runcit,26,Sayur-Sayuran,03,007,SAWI HIJAU,F.A.Q,Kilogram,7,6.720588,
30865331,2026-08-19,2026-08-19 11:52:54.543068,PERLIS,PERLIS,PASAR AWAM SENA,Runcit,26,Sayur-Sayuran,03,007,SAWI HIJAU,F.A.Q,Kilogram,7,6.720588,
30865332,2026-08-19,2026-08-19 11:52:54.543068,PERLIS,PERLIS,PASAR AWAM SENA,Runcit,26,Sayur-Sayuran,03,007,SAWI HIJAU,F.A.Q,Kilogram,7,6.720588,
30865333,2026-08-19,2026-08-19 11:52:54.543068,PERLIS,PERLIS,PASAR AWAM SENA,Runcit,26,Sayur-Sayuran,03,007,SAWI HIJAU,F.A.Q,Kilogram,7,6.720588,
30865334,2026-08-19,2026-08-19 11:52:54.543068,PERLIS,PERLIS,PASAR AWAM SENA,Runcit,26,Sayur-Sayuran,02,010,TERUNG PANJANG / PEPARU (TANAH RENDAH),F.A.Q,Kilogram,8,7.1578946,
30865335,2026-08-19,2026-08-19 11:52:54.543068,PERLIS,PERLIS,PASAR AWAM SENA,Runcit,26,Sayur-Sayuran,02,010,TERUNG PANJANG / PEPARU (TANAH RENDAH),F.A.Q,Kilogram,8,7.1578946,
30865336,2026-08-19,2026-08-19 11:52:54.543068,PERLIS,PERLIS,PASAR AWAM SENA,Runcit,26,Sayur-Sayuran,02,010,TERUNG PANJANG / PEPARU (TANAH RENDAH),F.A.Q,Kilogram,8,7.1578946,
30865337,2026-08-19,2026-08-19 11:52:54.543068,PERLIS,PERLIS,PASAR AWAM SENA,Runcit,26,Sayur-Sayuran,02,010,TERUNG PANJANG / PEPARU (TANAH RENDAH),F.A.Q,Kilogram,8,7.1578946,
30865338,2026-08-19,2026-08-19 11:52:54.543068,PERLIS,PERLIS,PASAR AWAM SENA,Runcit,26,Sayur-Sayuran,02,010,TERUNG PANJANG / PEPARU (TANAH RENDAH),F.A.Q,Kilogram,8,7.1578946,
30865339,2026-08-19,2026-08-19 11:52:54.543068,PERLIS,PERLIS,PASAR AWAM SENA,Runcit,26,Sayur-Sayuran,02,011,TIMUN HIJAU,F.A.Q,Kilogram,4,4,
30865340,2026-08-19,2026-08-19 11:52:54.543068,PERLIS,PERLIS,PASAR AWAM SENA,Runcit,26,Sayur-Sayuran,02,011,TIMUN HIJAU,F.A.Q,Kilogram,4,4,
30865341,2026-08-19,2026-08-19 11:52:54.543068,PERLIS,PERLIS,PASAR AWAM SENA,Runcit,26,Sayur-Sayuran,02,011,TIMUN HIJAU,F.A.Q,Kilogram,4,4,
30865342,2026-08-19,2026-08-19 11:52:54.543068,PERLIS,PERLIS,PASAR AWAM SENA,Runcit,26,Sayur-Sayuran,02,011,TIMUN HIJAU,F.A.Q,Kilogram,4,4,
30865343,2026-08-19,2026-08-19 11:52:54.543068,PERLIS,PERLIS,PASAR AWAM SENA,Runcit,26,Sayur-Sayuran,02,011,TIMUN HIJAU,F.A.Q,Kilogram,4,4,
30865344,2026-08-19,2026-08-19 11:52:54.543068,PERLIS,PERLIS,PASAR AWAM SENA,Runcit,26,Sayur-Sayuran,02,012,TOMATO (TANAH TINGGI),F.A.Q,Kilogram,10,9.5375,
30865345,2026-08-19,2026-08-19 11:52:54.543068,PERLIS,PERLIS,PASAR AWAM SENA,Runcit,26,Sayur-Sayuran,02,012,TOMATO (TANAH TINGGI),F.A.Q,Kilogram,10,9.5375,
30865346,2026-08-19,2026-08-19 11:52:54.543068,PERLIS,PERLIS,PASAR AWAM SENA,Runcit,26,Sayur-Sayuran,02,012,TOMATO (TANAH TINGGI),F.A.Q,Kilogram,10,9.5375,
30865347,2026-08-19,2026-08-19 11:52:54.543068,PERLIS,PERLIS,PASAR AWAM SENA,Runcit,26,Sayur-Sayuran,02,012,TOMATO (TANAH TINGGI),F.A.Q,Kilogram,10,9.5375,
30865348,2026-08-19,2026-08-19 11:52:54.543068,PERLIS,PERLIS,PASAR AWAM SENA,Runcit,26,Sayur-Sayuran,02,012,TOMATO (TANAH TINGGI),F.A.Q,Kilogram,10,9.5375,
30865349,2026-08-19,2026-08-19 11:57:54.887672,PERLIS,PERLIS,PASAR AWAM SENA,Runcit,26,Buah-Buahan,02,028,PISANG BERANGAN,F.A.Q,Kilogram,6,6.0833335,
30865350,2026-08-19,2026-08-19 11:57:54.887672,PERLIS,PERLIS,PASAR AWAM SENA,Runcit,26,Buah-Buahan,02,028,PISANG BERANGAN,F.A.Q,Kilogram,6,6.0833335,
30865351,2026-08-19,2026-08-19 11:57:54.887672,PERLIS,PERLIS,PASAR AWAM SENA,Runcit,26,Buah-Buahan,02,028,PISANG BERANGAN,F.A.Q,Kilogram,6,6.0833335,
30865352,2026-08-19,2026-08-19 11:57:54.887672,PERLIS,PERLIS,PASAR AWAM SENA,Runcit,26,Buah-Buahan,02,034,TEMBIKAI MERAH TANPA BIJI,F.A.Q,Kilogram,4,4,
30865353,2026-08-19,2026-08-19 11:57:54.887672,PERLIS,PERLIS,PASAR AWAM SENA,Runcit,26,Buah-Buahan,02,034,TEMBIKAI MERAH TANPA BIJI,F.A.Q,Kilogram,4,4,
30865354,2026-08-19,2026-08-19 11:57:54.887672,PERLIS,PERLIS,PASAR AWAM SENA,Runcit,26,Buah-Buahan,02,034,TEMBIKAI MERAH TANPA BIJI,F.A.Q,Kilogram,4,4,
30865355,2026-08-19,2026-08-19 12:01:06.732394,PERLIS,PERLIS,PASAR AWAM SENA,Runcit,26,Ternakan,03,002,AYAM PROSES STANDARD,F.A.Q,Kilogram,10.5,10.571698,
30865356,2026-08-19,2026-08-19 12:01:06.732394,PERLIS,PERLIS,PASAR AWAM SENA,Runcit,26,Ternakan,03,002,AYAM PROSES STANDARD,F.A.Q,Kilogram,10.5,10.571698,
30865357,2026-08-19,2026-08-19 12:01:06.732394,PERLIS,PERLIS,PASAR AWAM SENA,Runcit,26,Ternakan,03,002,AYAM PROSES STANDARD,F.A.Q,Kilogram,10.5,10.571698,
30865364,2026-08-19,2026-08-19 12:47:46.082173,TERENGGANU,KUALA TERENGGANU,PASAR AWAM CHABANG TIGA,Runcit,,Sayur-Sayuran,03,003,BROKOLI,F.A.Q,Kilogram,14,11.5,
30865365,2026-08-19,2026-08-19 12:47:46.146837,TERENGGANU,KUALA TERENGGANU,PASAR AWAM CHABANG TIGA,Runcit,,Sayur-Sayuran,03,003,BROKOLI (IMPORT),F.A.Q,Kilogram,14,12.31,
30865366,2026-08-19,2026-08-19 12:47:46.207201,TERENGGANU,KUALA TERENGGANU,PASAR AWAM CHABANG TIGA,Runcit,,Sayur-Sayuran,03,035,BUNGA KANTAN,F.A.Q,Tangkai,3,1,
30865367,2026-08-19,2026-08-19 12:47:46.274652,TERENGGANU,KUALA TERENGGANU,PASAR AWAM CHABANG TIGA,Runcit,,Sayur-Sayuran,03,035,BUNGA KANTAN (IMPORT),F.A.Q,Tangkai,2.5,1,
30865368,2026-08-19,2026-08-19 12:47:46.331565,TERENGGANU,KUALA TERENGGANU,PASAR AWAM CHABANG TIGA,Runcit,,Sayur-Sayuran,06,001,CENDAWAN TIRAM KELABU,F.A.Q,Kilogram,15,14.58,
30865369,2026-08-19,2026-08-19 12:47:46.38972,TERENGGANU,KUALA TERENGGANU,PASAR AWAM CHABANG TIGA,Runcit,,Sayur-Sayuran,02,002,CILI PADI,F.A.Q,Kilogram,16,24.42,
30865370,2026-08-19,2026-08-19 12:47:46.457421,TERENGGANU,KUALA TERENGGANU,PASAR AWAM CHABANG TIGA,Runcit,,Sayur-Sayuran,02,002,CILI PADI AKAR (THAILAND),F.A.Q,Kilogram,14,15.04,
30865371,2026-08-19,2026-08-19 12:47:46.526374,TERENGGANU,KUALA TERENGGANU,PASAR AWAM CHABANG TIGA,Runcit,,Sayur-Sayuran,02,002,CILI PADI KAMPUNG (THAILAND),F.A.Q,Kilogram,15,18.79,
30865372,2026-08-19,2026-08-19 12:47:46.591172,TERENGGANU,KUALA TERENGGANU,PASAR AWAM CHABANG TIGA,Runcit,,Sayur-Sayuran,02,002,CILI PADI MERAH (IMPORT),F.A.Q,Kilogram,15,20,
30865373,2026-08-19,2026-08-19 12:47:46.653889,TERENGGANU,KUALA TERENGGANU,PASAR AWAM CHABANG TIGA,Runcit,,Sayur-Sayuran,03,011,DAUN KESUM,F.A.Q,Kilogram,12,8.09,
30865374,2026-08-19,2026-08-19 12:47:46.71348,TERENGGANU,KUALA TERENGGANU,PASAR AWAM CHABANG TIGA,Runcit,,Sayur-Sayuran,03,021,DAUN KETUMBAR (IMPORT),F.A.Q,Kilogram,25,18,
30865375,2026-08-19,2026-08-19 12:47:46.776765,TERENGGANU,KUALA TERENGGANU,PASAR AWAM CHABANG TIGA,Runcit,,Sayur-Sayuran,07,002,DAUN SELOM,F.A.Q,Kilogram,28,9.44,
30865376,2026-08-19,2026-08-19 12:47:46.838817,TERENGGANU,KUALA TERENGGANU,PASAR AWAM CHABANG TIGA,Runcit,,Sayur-Sayuran,05,002,HALIA MUDA,F.A.Q,Kilogram,14,10.97,
30865377,2026-08-19,2026-08-19 12:47:46.901803,TERENGGANU,KUALA TERENGGANU,PASAR AWAM CHABANG TIGA,Runcit,,Sayur-Sayuran,05,002,HALIA TUA,F.A.Q,Kilogram,10,8.11,
30865378,2026-08-19,2026-08-19 12:47:46.964371,TERENGGANU,KUALA TERENGGANU,PASAR AWAM CHABANG TIGA,Runcit,,Sayur-Sayuran,02,001,JAGUNG SAYUR / BABY CORN,F.A.Q,Kilogram,10,8.84,
30865379,2026-08-19,2026-08-19 12:47:47.028924,TERENGGANU,KUALA TERENGGANU,PASAR AWAM CHABANG TIGA,Runcit,,Sayur-Sayuran,07,003,JERING,F.A.Q,Kilogram,11,8.59,
30865380,2026-08-19,2026-08-19 12:47:47.140767,TERENGGANU,KUALA TERENGGANU,PASAR AWAM CHABANG TIGA,Runcit,,Sayur-Sayuran,04,005,KACANG BOTOR,F.A.Q,Kilogram,20,14.49,
30865381,2026-08-19,2026-08-19 12:47:47.20396,TERENGGANU,KUALA TERENGGANU,PASAR AWAM CHABANG TIGA,Runcit,,Sayur-Sayuran,03,018,KAILAN,F.A.Q,Kilogram,10,8.75,
30865382,2026-08-19,2026-08-19 12:47:47.274361,TERENGGANU,KUALA TERENGGANU,PASAR AWAM CHABANG TIGA,Runcit,,Sayur-Sayuran,05,003,KELADI,F.A.Q,Kilogram,16,9.65,
30865383,2026-08-19,2026-08-19 12:47:47.339971,TERENGGANU,KUALA TERENGGANU,PASAR AWAM CHABANG TIGA,Runcit,,Sayur-Sayuran,02,004,KETOLA / PETOLA SEGI,F.A.Q,Kilogram,10,6,
30865384,2026-08-19,2026-08-19 12:47:47.403709,TERENGGANU,KUALA TERENGGANU,PASAR AWAM CHABANG TIGA,Runcit,,Sayur-Sayuran,03,006,KUBIS BULAT BEIJING (IMPORT),F.A.Q,Kilogram,5,5.61,
30865385,2026-08-19,2026-08-19 12:47:47.473954,TERENGGANU,KUALA TERENGGANU,PASAR AWAM CHABANG TIGA,Runcit,,Sayur-Sayuran,03,004,KUBIS BUNGA (IMPORT),F.A.Q,Kilogram,9,8.93,
30865386,2026-08-19,2026-08-19 12:47:47.548812,TERENGGANU,KUALA TERENGGANU,PASAR AWAM CHABANG TIGA,Runcit,,Sayur-Sayuran,03,005,KUBIS PANJANG / CINA,F.A.Q,Kilogram,7,5.94,
30865387,2026-08-19,2026-08-19 12:47:47.608258,TERENGGANU,KUALA TERENGGANU,PASAR AWAM CHABANG TIGA,Runcit,,Sayur-Sayuran,03,005,KUBIS PANJANG / CINA (IMPORT),F.A.Q,Kilogram,7,6.09,
30865388,2026-08-19,2026-08-19 12:47:47.690739,TERENGGANU,KUALA TERENGGANU,PASAR AWAM CHABANG TIGA,Runcit,,Sayur-Sayuran,02,005,KUNDUR BULAT,F.A.Q,Kilogram,6,4.78,
30865389,2026-08-19,2026-08-19 12:47:47.749995,TERENGGANU,KUALA TERENGGANU,PASAR AWAM CHABANG TIGA,Runcit,,Sayur-Sayuran,05,004,KUNYIT,F.A.Q,Kilogram,12,8.45,
30865390,2026-08-19,2026-08-19 12:47:47.806263,TERENGGANU,KUALA TERENGGANU,PASAR AWAM CHABANG TIGA,Runcit,,Sayur-Sayuran,02,006,LABU AIR,F.A.Q,Kilogram,5,4.9,
30865391,2026-08-19,2026-08-19 12:47:47.868165,TERENGGANU,KUALA TERENGGANU,PASAR AWAM CHABANG TIGA,Runcit,,Sayur-Sayuran,02,006,LABU MANIS,F.A.Q,Kilogram,5,5.17,
30865392,2026-08-19,2026-08-19 12:47:47.92904,TERENGGANU,KUALA TERENGGANU,PASAR AWAM CHABANG TIGA,Runcit,,Sayur-Sayuran,02,003,LADA BENGGALA / CAPSICUM HIJAU,F.A.Q,Kilogram,15,12.6,
30865393,2026-08-19,2026-08-19 12:47:47.990935,TERENGGANU,KUALA TERENGGANU,PASAR AWAM CHABANG TIGA,Runcit,,Sayur-Sayuran,02,003,LADA BENGGALA / CAPSICUM KUNING,F.A.Q,Kilogram,16,13.72,
30865394,2026-08-19,2026-08-19 12:47:48.051043,TERENGGANU,KUALA TERENGGANU,PASAR AWAM CHABANG TIGA,Runcit,,Sayur-Sayuran,02,003,LADA BENGGALA / CAPSICUM MERAH,F.A.Q,Kilogram,16,13.94,
30865395,2026-08-19,2026-08-19 12:47:48.108644,TERENGGANU,KUALA TERENGGANU,PASAR AWAM CHABANG TIGA,Runcit,,Sayur-Sayuran,05,005,LENGKUAS,F.A.Q,Kilogram,10,7.19,
30865396,2026-08-19,2026-08-19 12:47:48.166569,TERENGGANU,KUALA TERENGGANU,PASAR AWAM CHABANG TIGA,Runcit,,Sayur-Sayuran,02,007,LIMAU KASTURI,F.A.Q,Kilogram,10,11.02,
30865397,2026-08-19,2026-08-19 12:47:48.226269,TERENGGANU,KUALA TERENGGANU,PASAR AWAM CHABANG TIGA,Runcit,,Sayur-Sayuran,02,007,LIMAU NIPIS,F.A.Q,Kilogram,10,10.08,
30865398,2026-08-19,2026-08-19 12:47:48.288642,TERENGGANU,KUALA TERENGGANU,PASAR AWAM CHABANG TIGA,Runcit,,Sayur-Sayuran,05,006,LOBAK MERAH (CHINA),F.A.Q,Kilogram,4.5,4.79,
30865399,2026-08-19,2026-08-19 12:47:48.392929,TERENGGANU,KUALA TERENGGANU,PASAR AWAM CHABANG TIGA,Runcit,,Sayur-Sayuran,05,006,LOBAK PUTIH TANAH TINGGI,F.A.Q,Kilogram,5,6.71,
30865400,2026-08-19,2026-08-19 12:47:48.473325,TERENGGANU,KUALA TERENGGANU,PASAR AWAM CHABANG TIGA,Runcit,,Sayur-Sayuran,07,002,PEGAGA,F.A.Q,Kilogram,20,13.63,
30865401,2026-08-19,2026-08-19 12:47:48.537176,TERENGGANU,KUALA TERENGGANU,PASAR AWAM CHABANG TIGA,Runcit,,Sayur-Sayuran,02,009,PERIA,F.A.Q,Kilogram,8,8.63,
30865402,2026-08-19,2026-08-19 12:47:48.58761,TERENGGANU,KUALA TERENGGANU,PASAR AWAM CHABANG TIGA,Runcit,,Sayur-Sayuran,02,009,PERIA KATAK,F.A.Q,Kilogram,8,7.12,
30865403,2026-08-19,2026-08-19 12:47:48.649541,TERENGGANU,KUALA TERENGGANU,PASAR AWAM CHABANG TIGA,Runcit,,Sayur-Sayuran,07,003,PETAI,F.A.Q,RM/5 Keping,12,8.05,
30865404,2026-08-19,2026-08-19 12:47:48.705187,TERENGGANU,KUALA TERENGGANU,PASAR AWAM CHABANG TIGA,Runcit,,Sayur-Sayuran,01,002,REBUNG,F.A.Q,Kilogram,10,7.6,
30865405,2026-08-19,2026-08-19 12:47:48.769842,TERENGGANU,KUALA TERENGGANU,PASAR AWAM CHABANG TIGA,Runcit,,Sayur-Sayuran,03,027,SALAD,F.A.Q,Kilogram,10,10.07,
30865406,2026-08-19,2026-08-19 12:47:48.825077,TERENGGANU,KUALA TERENGGANU,PASAR AWAM CHABANG TIGA,Runcit,,Sayur-Sayuran,03,027,SALAD BULAT TANAH TINGGI,F.A.Q,Kilogram,9,8.8,
30865407,2026-08-19,2026-08-19 12:47:48.880863,TERENGGANU,KUALA TERENGGANU,PASAR AWAM CHABANG TIGA,Runcit,,Sayur-Sayuran,03,007,SAWI BUNGA,F.A.Q,Kilogram,6,10.1,
30865408,2026-08-19,2026-08-19 12:47:48.929964,TERENGGANU,KUALA TERENGGANU,PASAR AWAM CHABANG TIGA,Runcit,,Sayur-Sayuran,03,007,SAWI JEPUN,F.A.Q,Kilogram,7,8.01,
30865409,2026-08-19,2026-08-19 12:47:48.98516,TERENGGANU,KUALA TERENGGANU,PASAR AWAM CHABANG TIGA,Runcit,,Sayur-Sayuran,03,007,SAWI PAHIT,F.A.Q,Kilogram,7,6.89,
30865410,2026-08-19,2026-08-19 12:47:49.044643,TERENGGANU,KUALA TERENGGANU,PASAR AWAM CHABANG TIGA,Runcit,,Sayur-Sayuran,03,007,SAWI PUTIH PAK CHOY,F.A.Q,Kilogram,7,7.21,
30865411,2026-08-19,2026-08-19 12:47:49.10504,TERENGGANU,KUALA TERENGGANU,PASAR AWAM CHABANG TIGA,Runcit,,Sayur-Sayuran,05,007,SENGKUANG,F.A.Q,Kilogram,8,5.37,
30865412,2026-08-19,2026-08-19 12:47:49.173544,TERENGGANU,KUALA TERENGGANU,PASAR AWAM CHABANG TIGA,Runcit,,Sayur-Sayuran,05,008,SERAI,F.A.Q,Kilogram,12,6.63,
30865413,2026-08-19,2026-08-19 12:47:49.238006,TERENGGANU,KUALA TERENGGANU,PASAR AWAM CHABANG TIGA,Runcit,,Sayur-Sayuran,03,002,TAUGE,F.A.Q,Kilogram,3.5,3.58,
30865414,2026-08-19,2026-08-19 12:47:49.297368,TERENGGANU,KUALA TERENGGANU,PASAR AWAM CHABANG TIGA,Runcit,,Sayur-Sayuran,02,010,TERUNG BULAT,F.A.Q,Kilogram,7,9.82,
30865415,2026-08-19,2026-08-19 12:47:49.360619,TERENGGANU,KUALA TERENGGANU,PASAR AWAM CHABANG TIGA,Runcit,,Sayur-Sayuran,02,010,TERUNG PEPARU MINI,F.A.Q,Kilogram,8,9.48,
30865416,2026-08-19,2026-08-19 12:47:49.424643,TERENGGANU,KUALA TERENGGANU,PASAR AWAM CHABANG TIGA,Runcit,,Sayur-Sayuran,02,011,TIMUN JEPUN,F.A.Q,Kilogram,5,6.43,
30865418,2026-08-19,2026-08-19 12:50:34.521372,NEGERI SEMBILAN,REMBAU,[LOKASI KUTIPAN HARGA LADANG] KAMPUNG RELUNG,Ladang,,Sayur-Sayuran,02,009,PERIA,F.A.Q,Kilogram,5,5.06,
30865420,2026-08-19,2026-08-19 13:19:12.203167,KELANTAN,BACHOK,[LOKASI KUTIPAN HARGA LADANG] KAMPUNG CHANGGONG,Ladang,,Tanaman Kontan,05,001,KELAPA DIKUPAS,SEDANG,Biji,1.2,1.3,
30865421,2026-08-19,2026-08-19 13:20:03.993493,KELANTAN,KOTA BHARU,PASAR BORONG RTC KOTA BHARU,Borong,20,Tanaman Kontan,05,001,KELAPA DIKUPAS,SEDANG,Biji,1.5,1.7,
30865422,2026-08-19,2026-08-19 13:20:37.786694,KELANTAN,KOTA BHARU,PASAR BESAR SITI KHADIJAH,Runcit,26,Tanaman Kontan,05,001,KELAPA DIKUPAS,SEDANG,Biji,2,2.2,
30865423,2026-08-19,2026-08-19 13:20:37.786694,KELANTAN,KOTA BHARU,PASAR BESAR SITI KHADIJAH,Runcit,26,Tanaman Kontan,05,001,KELAPA DIKUPAS,SEDANG,Biji,2,2.2,
30865424,2026-08-19,2026-08-19 13:21:13.42477,KELANTAN,KOTA BHARU,PASAR BORONG RTC KOTA BHARU,Borong,20,Buah-Buahan,02,023,NANAS JOSAPINE (AC5),F.A.Q,Kilogram,3,3,
30865425,2026-08-19,2026-08-19 13:21:13.42477,KELANTAN,KOTA BHARU,PASAR BORONG RTC KOTA BHARU,Borong,20,Buah-Buahan,02,023,NANAS JOSAPINE (AC5),F.A.Q,Kilogram,3,3,
30865426,2026-08-19,2026-08-19 13:21:13.42477,KELANTAN,KOTA BHARU,PASAR BORONG RTC KOTA BHARU,Borong,20,Buah-Buahan,02,023,NANAS JOSAPINE (AC5),F.A.Q,Kilogram,3,3,
30865427,2026-08-19,2026-08-19 13:21:48.297929,KELANTAN,KOTA BHARU,PASAR BESAR SITI KHADIJAH,Runcit,26,Buah-Buahan,02,023,NANAS JOSAPINE (AC5),F.A.Q,Kilogram,4,4,
30865428,2026-08-19,2026-08-19 13:21:48.297929,KELANTAN,KOTA BHARU,PASAR BESAR SITI KHADIJAH,Runcit,26,Buah-Buahan,02,023,NANAS JOSAPINE (AC5),F.A.Q,Kilogram,4,4,
30865429,2026-08-19,2026-08-19 13:21:48.297929,KELANTAN,KOTA BHARU,PASAR BESAR SITI KHADIJAH,Runcit,26,Buah-Buahan,02,023,NANAS JOSAPINE (AC5),F.A.Q,Kilogram,4,4,
30865430,2026-08-19,2026-08-19 14:33:28.654608,SABAH,KOTA MARUDU,PASAR AWAM KOTA MARUDU,Runcit,26,Sayur-Sayuran,02,002,CILI PADI,F.A.Q,Kilogram,30,24.42,
30865431,2026-08-19,2026-08-19 14:33:28.654608,SABAH,KOTA MARUDU,PASAR AWAM KOTA MARUDU,Runcit,26,Sayur-Sayuran,05,002,HALIA TUA,F.A.Q,Kilogram,14,8.11,
30865432,2026-08-19,2026-08-19 14:33:28.654608,SABAH,KOTA MARUDU,PASAR AWAM KOTA MARUDU,Runcit,26,Sayur-Sayuran,02,006,LABU MANIS,F.A.Q,Kilogram,4,5.17,
30865433,2026-08-19,2026-08-19 14:34:19.294425,SABAH,KOTA MARUDU,[LOKASI KUTIPAN HARGA LADANG] ONGKILAN,Ladang,,Sayur-Sayuran,02,002,CILI PADI,F.A.Q,Kilogram,20,18.47,
30865434,2026-08-19,2026-08-19 14:34:19.294425,SABAH,KOTA MARUDU,[LOKASI KUTIPAN HARGA LADANG] ONGKILAN,Ladang,,Sayur-Sayuran,05,002,HALIA TUA,F.A.Q,Kilogram,9,5.64,
30865435,2026-08-19,2026-08-19 14:34:19.294425,SABAH,KOTA MARUDU,[LOKASI KUTIPAN HARGA LADANG] ONGKILAN,Ladang,,Sayur-Sayuran,02,006,LABU MANIS,F.A.Q,Kilogram,2,1.84,
30865436,2026-08-19,2026-08-19 14:56:07.485089,NEGERI SEMBILAN,SEREMBAN,PASAR BESAR SEREMBAN - BAHAGIAN BORONG,Borong,20,Buah-Buahan,02,023,NANAS JOSAPINE (AC5),F.A.Q,Kilogram,3.4,3.1909091,
30865437,2026-08-19,2026-08-19 14:56:07.485089,NEGERI SEMBILAN,SEREMBAN,PASAR BESAR SEREMBAN - BAHAGIAN BORONG,Borong,20,Buah-Buahan,02,023,NANAS JOSAPINE (AC5),F.A.Q,Kilogram,3,3.1909091,
30865438,2026-08-19,2026-08-19 14:56:07.485089,NEGERI SEMBILAN,SEREMBAN,PASAR BESAR SEREMBAN - BAHAGIAN BORONG,Borong,20,Buah-Buahan,02,023,NANAS JOSAPINE (AC5),F.A.Q,Kilogram,3.2,3.1909091,
30865439,2026-08-19,2026-08-19 14:56:07.485089,NEGERI SEMBILAN,SEREMBAN,PASAR BESAR SEREMBAN - BAHAGIAN BORONG,Borong,20,Buah-Buahan,02,028,PISANG BERANGAN,F.A.Q,Kilogram,4,3.9424243,
30865440,2026-08-19,2026-08-19 14:56:07.485089,NEGERI SEMBILAN,SEREMBAN,PASAR BESAR SEREMBAN - BAHAGIAN BORONG,Borong,20,Buah-Buahan,02,028,PISANG BERANGAN,F.A.Q,Kilogram,3.9,3.9424243,
30865441,2026-08-19,2026-08-19 14:56:07.485089,NEGERI SEMBILAN,SEREMBAN,PASAR BESAR SEREMBAN - BAHAGIAN BORONG,Borong,20,Buah-Buahan,02,028,PISANG BERANGAN,F.A.Q,Kilogram,3.6,3.9424243,
30865442,2026-08-19,2026-08-19 14:56:07.485089,NEGERI SEMBILAN,SEREMBAN,PASAR BESAR SEREMBAN - BAHAGIAN BORONG,Borong,20,Buah-Buahan,02,034,TEMBIKAI MERAH TANPA BIJI,F.A.Q,Kilogram,2.8,2.530303,
30865443,2026-08-19,2026-08-19 14:56:07.485089,NEGERI SEMBILAN,SEREMBAN,PASAR BESAR SEREMBAN - BAHAGIAN BORONG,Borong,20,Buah-Buahan,02,034,TEMBIKAI MERAH TANPA BIJI,F.A.Q,Kilogram,2.3,2.530303,
30865444,2026-08-19,2026-08-19 14:56:07.485089,NEGERI SEMBILAN,SEREMBAN,PASAR BESAR SEREMBAN - BAHAGIAN BORONG,Borong,20,Buah-Buahan,02,034,TEMBIKAI MERAH TANPA BIJI,F.A.Q,Kilogram,2.5,2.530303,
30865475,2026-08-19,2026-08-19 15:13:50.579628,PERLIS,PERLIS,PASAR BORONG KAMPUNG BAKAU,Borong,20,Sayur-Sayuran,01,001,ASPARAGUS (IMPORT),F.A.Q,Kilogram,40,39.5,
30865476,2026-08-19,2026-08-19 15:13:50.579628,PERLIS,PERLIS,PASAR BORONG KAMPUNG BAKAU,Borong,20,Sayur-Sayuran,01,001,ASPARAGUS (IMPORT),F.A.Q,Kilogram,40,39.5,
30865477,2026-08-19,2026-08-19 15:13:50.579628,PERLIS,PERLIS,PASAR BORONG KAMPUNG BAKAU,Borong,20,Sayur-Sayuran,01,001,ASPARAGUS (IMPORT),F.A.Q,Kilogram,40,39.5,
30865478,2026-08-19,2026-08-19 15:13:50.579628,PERLIS,PERLIS,PASAR BORONG KAMPUNG BAKAU,Borong,20,Sayur-Sayuran,01,001,ASPARAGUS (IMPORT),F.A.Q,Kilogram,40,39.5,
30865479,2026-08-19,2026-08-19 15:13:50.579628,PERLIS,PERLIS,PASAR BORONG KAMPUNG BAKAU,Borong,20,Sayur-Sayuran,02,014,BELIMBING BULUH,F.A.Q,Kilogram,7,7,
30865480,2026-08-19,2026-08-19 15:13:50.579628,PERLIS,PERLIS,PASAR BORONG KAMPUNG BAKAU,Borong,20,Sayur-Sayuran,02,014,BELIMBING BULUH,F.A.Q,Kilogram,7,7,
30865481,2026-08-19,2026-08-19 15:13:50.579628,PERLIS,PERLIS,PASAR BORONG KAMPUNG BAKAU,Borong,20,Sayur-Sayuran,02,014,BELIMBING BULUH,F.A.Q,Kilogram,7,7,
30865482,2026-08-19,2026-08-19 15:13:50.579628,PERLIS,PERLIS,PASAR BORONG KAMPUNG BAKAU,Borong,20,Sayur-Sayuran,02,014,BELIMBING BULUH,F.A.Q,Kilogram,7,7,
30865483,2026-08-19,2026-08-19 15:13:50.579628,PERLIS,PERLIS,PASAR BORONG KAMPUNG BAKAU,Borong,20,Sayur-Sayuran,03,003,BROKOLI (IMPORT),F.A.Q,Kilogram,8,8,
30865484,2026-08-19,2026-08-19 15:13:50.579628,PERLIS,PERLIS,PASAR BORONG KAMPUNG BAKAU,Borong,20,Sayur-Sayuran,03,003,BROKOLI (IMPORT),F.A.Q,Kilogram,8,8,
30865485,2026-08-19,2026-08-19 15:13:50.579628,PERLIS,PERLIS,PASAR BORONG KAMPUNG BAKAU,Borong,20,Sayur-Sayuran,03,003,BROKOLI (IMPORT),F.A.Q,Kilogram,8,8,
30865486,2026-08-19,2026-08-19 15:13:50.579628,PERLIS,PERLIS,PASAR BORONG KAMPUNG BAKAU,Borong,20,Sayur-Sayuran,03,003,BROKOLI (IMPORT),F.A.Q,Kilogram,8,8,
30865487,2026-08-19,2026-08-19 15:13:50.579628,PERLIS,PERLIS,PASAR BORONG KAMPUNG BAKAU,Borong,20,Sayur-Sayuran,03,035,BUNGA KANTAN,F.A.Q,Tangkai,1,1,
30865488,2026-08-19,2026-08-19 15:13:50.579628,PERLIS,PERLIS,PASAR BORONG KAMPUNG BAKAU,Borong,20,Sayur-Sayuran,03,035,BUNGA KANTAN,F.A.Q,Tangkai,1,1,
30865489,2026-08-19,2026-08-19 15:13:50.579628,PERLIS,PERLIS,PASAR BORONG KAMPUNG BAKAU,Borong,20,Sayur-Sayuran,03,035,BUNGA KANTAN,F.A.Q,Tangkai,1,1,
30865490,2026-08-19,2026-08-19 15:13:50.579628,PERLIS,PERLIS,PASAR BORONG KAMPUNG BAKAU,Borong,20,Sayur-Sayuran,03,035,BUNGA KANTAN,F.A.Q,Tangkai,1,1,
30865491,2026-08-19,2026-08-19 15:13:50.579628,PERLIS,PERLIS,PASAR BORONG KAMPUNG BAKAU,Borong,20,Sayur-Sayuran,06,001,CENDAWAN TIRAM KELABU,F.A.Q,Kilogram,9,10,
30865492,2026-08-19,2026-08-19 15:13:50.579628,PERLIS,PERLIS,PASAR BORONG KAMPUNG BAKAU,Borong,20,Sayur-Sayuran,06,001,CENDAWAN TIRAM KELABU,F.A.Q,Kilogram,9,10,
30865493,2026-08-19,2026-08-19 15:13:50.579628,PERLIS,PERLIS,PASAR BORONG KAMPUNG BAKAU,Borong,20,Sayur-Sayuran,06,001,CENDAWAN TIRAM KELABU,F.A.Q,Kilogram,9,10,
30865494,2026-08-19,2026-08-19 15:13:50.579628,PERLIS,PERLIS,PASAR BORONG KAMPUNG BAKAU,Borong,20,Sayur-Sayuran,06,001,CENDAWAN TIRAM KELABU,F.A.Q,Kilogram,9,10,
30865495,2026-08-19,2026-08-19 15:13:50.579628,PERLIS,PERLIS,PASAR BORONG KAMPUNG BAKAU,Borong,20,Sayur-Sayuran,02,002,CILI PADI AKAR (THAILAND),F.A.Q,Kilogram,10,10,
30865496,2026-08-19,2026-08-19 15:13:50.579628,PERLIS,PERLIS,PASAR BORONG KAMPUNG BAKAU,Borong,20,Sayur-Sayuran,02,002,CILI PADI AKAR (THAILAND),F.A.Q,Kilogram,10,10,
30865497,2026-08-19,2026-08-19 15:13:50.579628,PERLIS,PERLIS,PASAR BORONG KAMPUNG BAKAU,Borong,20,Sayur-Sayuran,02,002,CILI PADI AKAR (THAILAND),F.A.Q,Kilogram,10,10,
30865498,2026-08-19,2026-08-19 15:13:50.579628,PERLIS,PERLIS,PASAR BORONG KAMPUNG BAKAU,Borong,20,Sayur-Sayuran,02,002,CILI PADI AKAR (THAILAND),F.A.Q,Kilogram,9,10,
30865499,2026-08-19,2026-08-19 15:13:50.579628,PERLIS,PERLIS,PASAR BORONG KAMPUNG BAKAU,Borong,20,Sayur-Sayuran,02,002,CILI PADI KAMPUNG (THAILAND),F.A.Q,Kilogram,21,21,
30865500,2026-08-19,2026-08-19 15:13:50.579628,PERLIS,PERLIS,PASAR BORONG KAMPUNG BAKAU,Borong,20,Sayur-Sayuran,03,011,DAUN KESUM,F.A.Q,Kilogram,6,6,
30865501,2026-08-19,2026-08-19 15:13:50.579628,PERLIS,PERLIS,PASAR BORONG KAMPUNG BAKAU,Borong,20,Sayur-Sayuran,03,011,DAUN KESUM,F.A.Q,Kilogram,6,6,
30865502,2026-08-19,2026-08-19 15:13:50.579628,PERLIS,PERLIS,PASAR BORONG KAMPUNG BAKAU,Borong,20,Sayur-Sayuran,03,011,DAUN KESUM,F.A.Q,Kilogram,6,6,
30865503,2026-08-19,2026-08-19 15:13:50.579628,PERLIS,PERLIS,PASAR BORONG KAMPUNG BAKAU,Borong,20,Sayur-Sayuran,03,011,DAUN KESUM,F.A.Q,Kilogram,6,6,
30865504,2026-08-19,2026-08-19 15:13:50.579628,PERLIS,PERLIS,PASAR BORONG KAMPUNG BAKAU,Borong,20,Sayur-Sayuran,03,021,DAUN KETUMBAR (IMPORT),F.A.Q,Kilogram,13,13,
30865505,2026-08-19,2026-08-19 15:13:50.579628,PERLIS,PERLIS,PASAR BORONG KAMPUNG BAKAU,Borong,20,Sayur-Sayuran,03,021,DAUN KETUMBAR (IMPORT),F.A.Q,Kilogram,13,13,
30865506,2026-08-19,2026-08-19 15:13:50.579628,PERLIS,PERLIS,PASAR BORONG KAMPUNG BAKAU,Borong,20,Sayur-Sayuran,03,021,DAUN KETUMBAR (IMPORT),F.A.Q,Kilogram,13,13,
30865507,2026-08-19,2026-08-19 15:13:50.579628,PERLIS,PERLIS,PASAR BORONG KAMPUNG BAKAU,Borong,20,Sayur-Sayuran,03,021,DAUN KETUMBAR (IMPORT),F.A.Q,Kilogram,13,13,
30865508,2026-08-19,2026-08-19 15:13:50.579628,PERLIS,PERLIS,PASAR BORONG KAMPUNG BAKAU,Borong,20,Sayur-Sayuran,07,002,DAUN SELOM,F.A.Q,Kilogram,7,7,
30865509,2026-08-19,2026-08-19 15:13:50.579628,PERLIS,PERLIS,PASAR BORONG KAMPUNG BAKAU,Borong,20,Sayur-Sayuran,07,002,DAUN SELOM,F.A.Q,Kilogram,7,7,
30865510,2026-08-19,2026-08-19 15:13:50.579628,PERLIS,PERLIS,PASAR BORONG KAMPUNG BAKAU,Borong,20,Sayur-Sayuran,07,002,DAUN SELOM,F.A.Q,Kilogram,7,7,
30865511,2026-08-19,2026-08-19 15:13:50.579628,PERLIS,PERLIS,PASAR BORONG KAMPUNG BAKAU,Borong,20,Sayur-Sayuran,07,002,DAUN SELOM,F.A.Q,Kilogram,7,7,
30865512,2026-08-19,2026-08-19 15:13:50.579628,PERLIS,PERLIS,PASAR BORONG KAMPUNG BAKAU,Borong,20,Sayur-Sayuran,05,002,HALIA MUDA (IMPORT),F.A.Q,Kilogram,5,5,
30865513,2026-08-19,2026-08-19 15:13:50.579628,PERLIS,PERLIS,PASAR BORONG KAMPUNG BAKAU,Borong,20,Sayur-Sayuran,05,002,HALIA MUDA (IMPORT),F.A.Q,Kilogram,5,5,
30865514,2026-08-19,2026-08-19 15:13:50.579628,PERLIS,PERLIS,PASAR BORONG KAMPUNG BAKAU,Borong,20,Sayur-Sayuran,05,002,HALIA MUDA (IMPORT),F.A.Q,Kilogram,5,5,
30865515,2026-08-19,2026-08-19 15:13:50.579628,PERLIS,PERLIS,PASAR BORONG KAMPUNG BAKAU,Borong,20,Sayur-Sayuran,05,002,HALIA MUDA (IMPORT),F.A.Q,Kilogram,5,5,
30865516,2026-08-19,2026-08-19 15:13:50.579628,PERLIS,PERLIS,PASAR BORONG KAMPUNG BAKAU,Borong,20,Sayur-Sayuran,05,002,HALIA TUA,F.A.Q,Kilogram,7,7,
30865517,2026-08-19,2026-08-19 15:13:50.579628,PERLIS,PERLIS,PASAR BORONG KAMPUNG BAKAU,Borong,20,Sayur-Sayuran,05,002,HALIA TUA,F.A.Q,Kilogram,7,7,
30865518,2026-08-19,2026-08-19 15:13:50.579628,PERLIS,PERLIS,PASAR BORONG KAMPUNG BAKAU,Borong,20,Sayur-Sayuran,05,002,HALIA TUA,F.A.Q,Kilogram,7,7,
30865519,2026-08-19,2026-08-19 15:13:50.579628,PERLIS,PERLIS,PASAR BORONG KAMPUNG BAKAU,Borong,20,Sayur-Sayuran,05,002,HALIA TUA,F.A.Q,Kilogram,7,7,
30865520,2026-08-19,2026-08-19 15:13:50.579628,PERLIS,PERLIS,PASAR BORONG KAMPUNG BAKAU,Borong,20,Sayur-Sayuran,05,002,HALIA TUA (IMPORT),F.A.Q,Kilogram,7,7,
30865521,2026-08-19,2026-08-19 15:13:50.579628,PERLIS,PERLIS,PASAR BORONG KAMPUNG BAKAU,Borong,20,Sayur-Sayuran,05,002,HALIA TUA (IMPORT),F.A.Q,Kilogram,7,7,
30865522,2026-08-19,2026-08-19 15:13:50.579628,PERLIS,PERLIS,PASAR BORONG KAMPUNG BAKAU,Borong,20,Sayur-Sayuran,05,002,HALIA TUA (IMPORT),F.A.Q,Kilogram,7,7,
30865523,2026-08-19,2026-08-19 15:13:50.579628,PERLIS,PERLIS,PASAR BORONG KAMPUNG BAKAU,Borong,20,Sayur-Sayuran,05,002,HALIA TUA (IMPORT),F.A.Q,Kilogram,7,7,
30865524,2026-08-19,2026-08-19 15:13:50.579628,PERLIS,PERLIS,PASAR BORONG KAMPUNG BAKAU,Borong,20,Sayur-Sayuran,02,001,JAGUNG SAYUR / BABY CORN,F.A.Q,Kilogram,8,8,
30865525,2026-08-19,2026-08-19 15:13:50.579628,PERLIS,PERLIS,PASAR BORONG KAMPUNG BAKAU,Borong,20,Sayur-Sayuran,02,001,JAGUNG SAYUR / BABY CORN,F.A.Q,Kilogram,8,8,
30865526,2026-08-19,2026-08-19 15:13:50.579628,PERLIS,PERLIS,PASAR BORONG KAMPUNG BAKAU,Borong,20,Sayur-Sayuran,02,001,JAGUNG SAYUR / BABY CORN,F.A.Q,Kilogram,8,8,
30865527,2026-08-19,2026-08-19 15:13:50.579628,PERLIS,PERLIS,PASAR BORONG KAMPUNG BAKAU,Borong,20,Sayur-Sayuran,02,001,JAGUNG SAYUR / BABY CORN,F.A.Q,Kilogram,8,8,
30865528,2026-08-19,2026-08-19 15:13:50.579628,PERLIS,PERLIS,PASAR BORONG KAMPUNG BAKAU,Borong,20,Sayur-Sayuran,04,005,KACANG BOTOR,F.A.Q,Kilogram,9,10,
30865529,2026-08-19,2026-08-19 15:13:50.579628,PERLIS,PERLIS,PASAR BORONG KAMPUNG BAKAU,Borong,20,Sayur-Sayuran,04,005,KACANG BOTOR,F.A.Q,Kilogram,9,10,
30865530,2026-08-19,2026-08-19 15:13:50.579628,PERLIS,PERLIS,PASAR BORONG KAMPUNG BAKAU,Borong,20,Sayur-Sayuran,04,005,KACANG BOTOR,F.A.Q,Kilogram,9,10,
30865531,2026-08-19,2026-08-19 15:13:50.579628,PERLIS,PERLIS,PASAR BORONG KAMPUNG BAKAU,Borong,20,Sayur-Sayuran,04,005,KACANG BOTOR,F.A.Q,Kilogram,9,10,
30865532,2026-08-19,2026-08-19 15:13:50.579628,PERLIS,PERLIS,PASAR BORONG KAMPUNG BAKAU,Borong,20,Sayur-Sayuran,03,018,KAILAN,F.A.Q,Kilogram,5,5,
30865533,2026-08-19,2026-08-19 15:13:50.579628,PERLIS,PERLIS,PASAR BORONG KAMPUNG BAKAU,Borong,20,Sayur-Sayuran,03,018,KAILAN,F.A.Q,Kilogram,5,5,
30865534,2026-08-19,2026-08-19 15:13:50.579628,PERLIS,PERLIS,PASAR BORONG KAMPUNG BAKAU,Borong,20,Sayur-Sayuran,03,018,KAILAN,F.A.Q,Kilogram,5,5,
30865535,2026-08-19,2026-08-19 15:13:50.579628,PERLIS,PERLIS,PASAR BORONG KAMPUNG BAKAU,Borong,20,Sayur-Sayuran,03,018,KAILAN,F.A.Q,Kilogram,5,5,
30865536,2026-08-19,2026-08-19 15:13:50.579628,PERLIS,PERLIS,PASAR BORONG KAMPUNG BAKAU,Borong,20,Sayur-Sayuran,03,018,KAILAN (IMPORT),F.A.Q,Kilogram,5,5,
30865537,2026-08-19,2026-08-19 15:13:50.579628,PERLIS,PERLIS,PASAR BORONG KAMPUNG BAKAU,Borong,20,Sayur-Sayuran,03,018,KAILAN (IMPORT),F.A.Q,Kilogram,5,5,
30865538,2026-08-19,2026-08-19 15:13:50.579628,PERLIS,PERLIS,PASAR BORONG KAMPUNG BAKAU,Borong,20,Sayur-Sayuran,03,018,KAILAN (IMPORT),F.A.Q,Kilogram,5,5,
30865539,2026-08-19,2026-08-19 15:13:50.579628,PERLIS,PERLIS,PASAR BORONG KAMPUNG BAKAU,Borong,20,Sayur-Sayuran,03,018,KAILAN (IMPORT),F.A.Q,Kilogram,5,5,
30865540,2026-08-19,2026-08-19 15:13:50.579628,PERLIS,PERLIS,PASAR BORONG KAMPUNG BAKAU,Borong,20,Sayur-Sayuran,05,003,KELADI,F.A.Q,Kilogram,5.5,5.75,
30865541,2026-08-19,2026-08-19 15:13:50.579628,PERLIS,PERLIS,PASAR BORONG KAMPUNG BAKAU,Borong,20,Sayur-Sayuran,05,003,KELADI,F.A.Q,Kilogram,5.5,5.75,
30865542,2026-08-19,2026-08-19 15:13:50.579628,PERLIS,PERLIS,PASAR BORONG KAMPUNG BAKAU,Borong,20,Sayur-Sayuran,05,003,KELADI,F.A.Q,Kilogram,5.5,5.75,
30865543,2026-08-19,2026-08-19 15:13:50.579628,PERLIS,PERLIS,PASAR BORONG KAMPUNG BAKAU,Borong,20,Sayur-Sayuran,05,003,KELADI,F.A.Q,Kilogram,5.5,5.75,
30865544,2026-08-19,2026-08-19 15:13:50.579628,PERLIS,PERLIS,PASAR BORONG KAMPUNG BAKAU,Borong,20,Sayur-Sayuran,02,004,KETOLA / PETOLA SEGI,F.A.Q,Kilogram,3.5,3.5,
30865545,2026-08-19,2026-08-19 15:13:50.746021,PERLIS,PERLIS,PASAR BORONG KAMPUNG BAKAU,Borong,20,Sayur-Sayuran,02,004,KETOLA / PETOLA SEGI,F.A.Q,Kilogram,3.5,3.5,
30865546,2026-08-19,2026-08-19 15:13:50.746021,PERLIS,PERLIS,PASAR BORONG KAMPUNG BAKAU,Borong,20,Sayur-Sayuran,02,004,KETOLA / PETOLA SEGI,F.A.Q,Kilogram,3.5,3.5,
30865547,2026-08-19,2026-08-19 15:13:50.746021,PERLIS,PERLIS,PASAR BORONG KAMPUNG BAKAU,Borong,20,Sayur-Sayuran,02,004,KETOLA / PETOLA SEGI,F.A.Q,Kilogram,3.5,3.5,
30865548,2026-08-19,2026-08-19 15:13:50.746021,PERLIS,PERLIS,PASAR BORONG KAMPUNG BAKAU,Borong,20,Sayur-Sayuran,03,006,KUBIS BULAT BEIJING (IMPORT),F.A.Q,Kilogram,4,4,
30865549,2026-08-19,2026-08-19 15:13:50.746021,PERLIS,PERLIS,PASAR BORONG KAMPUNG BAKAU,Borong,20,Sayur-Sayuran,03,006,KUBIS BULAT BEIJING (IMPORT),F.A.Q,Kilogram,4,4,
30865550,2026-08-19,2026-08-19 15:13:50.746021,PERLIS,PERLIS,PASAR BORONG KAMPUNG BAKAU,Borong,20,Sayur-Sayuran,03,006,KUBIS BULAT BEIJING (IMPORT),F.A.Q,Kilogram,4,4,
30865551,2026-08-19,2026-08-19 15:13:50.746021,PERLIS,PERLIS,PASAR BORONG KAMPUNG BAKAU,Borong,20,Sayur-Sayuran,03,006,KUBIS BULAT BEIJING (IMPORT),F.A.Q,Kilogram,4,4,
30865552,2026-08-19,2026-08-19 15:13:50.746021,PERLIS,PERLIS,PASAR BORONG KAMPUNG BAKAU,Borong,20,Sayur-Sayuran,03,004,KUBIS BUNGA (IMPORT),F.A.Q,Kilogram,8,7,
30865553,2026-08-19,2026-08-19 15:13:50.746021,PERLIS,PERLIS,PASAR BORONG KAMPUNG BAKAU,Borong,20,Sayur-Sayuran,03,004,KUBIS BUNGA (IMPORT),F.A.Q,Kilogram,8,7,
30865554,2026-08-19,2026-08-19 15:13:50.746021,PERLIS,PERLIS,PASAR BORONG KAMPUNG BAKAU,Borong,20,Sayur-Sayuran,03,004,KUBIS BUNGA (IMPORT),F.A.Q,Kilogram,8,7,
30865555,2026-08-19,2026-08-19 15:13:50.746021,PERLIS,PERLIS,PASAR BORONG KAMPUNG BAKAU,Borong,20,Sayur-Sayuran,03,004,KUBIS BUNGA (IMPORT),F.A.Q,Kilogram,8,7,
30865556,2026-08-19,2026-08-19 15:13:50.746021,PERLIS,PERLIS,PASAR BORONG KAMPUNG BAKAU,Borong,20,Sayur-Sayuran,03,005,KUBIS PANJANG / CINA (IMPORT),F.A.Q,Kilogram,4.5,4.5,
30865557,2026-08-19,2026-08-19 15:13:50.746021,PERLIS,PERLIS,PASAR BORONG KAMPUNG BAKAU,Borong,20,Sayur-Sayuran,03,005,KUBIS PANJANG / CINA (IMPORT),F.A.Q,Kilogram,4.5,4.5,
30865558,2026-08-19,2026-08-19 15:13:50.746021,PERLIS,PERLIS,PASAR BORONG KAMPUNG BAKAU,Borong,20,Sayur-Sayuran,03,005,KUBIS PANJANG / CINA (IMPORT),F.A.Q,Kilogram,4.5,4.5,
30865559,2026-08-19,2026-08-19 15:13:50.746021,PERLIS,PERLIS,PASAR BORONG KAMPUNG BAKAU,Borong,20,Sayur-Sayuran,03,005,KUBIS PANJANG / CINA (IMPORT),F.A.Q,Kilogram,4.5,4.5,
30865560,2026-08-19,2026-08-19 15:13:50.746021,PERLIS,PERLIS,PASAR BORONG KAMPUNG BAKAU,Borong,20,Sayur-Sayuran,02,005,KUNDUR BULAT,F.A.Q,Kilogram,3,3,
30865561,2026-08-19,2026-08-19 15:13:50.746021,PERLIS,PERLIS,PASAR BORONG KAMPUNG BAKAU,Borong,20,Sayur-Sayuran,02,005,KUNDUR BULAT,F.A.Q,Kilogram,3,3,
30865562,2026-08-19,2026-08-19 15:13:50.746021,PERLIS,PERLIS,PASAR BORONG KAMPUNG BAKAU,Borong,20,Sayur-Sayuran,02,005,KUNDUR BULAT,F.A.Q,Kilogram,3,3,
30865563,2026-08-19,2026-08-19 15:13:50.746021,PERLIS,PERLIS,PASAR BORONG KAMPUNG BAKAU,Borong,20,Sayur-Sayuran,02,005,KUNDUR BULAT,F.A.Q,Kilogram,3,3,
30865564,2026-08-19,2026-08-19 15:13:50.746021,PERLIS,PERLIS,PASAR BORONG KAMPUNG BAKAU,Borong,20,Sayur-Sayuran,05,004,KUNYIT,F.A.Q,Kilogram,5,5,
30865565,2026-08-19,2026-08-19 15:13:50.746021,PERLIS,PERLIS,PASAR BORONG KAMPUNG BAKAU,Borong,20,Sayur-Sayuran,05,004,KUNYIT,F.A.Q,Kilogram,5,5,
30865566,2026-08-19,2026-08-19 15:13:50.746021,PERLIS,PERLIS,PASAR BORONG KAMPUNG BAKAU,Borong,20,Sayur-Sayuran,05,004,KUNYIT,F.A.Q,Kilogram,5,5,
30865567,2026-08-19,2026-08-19 15:13:50.746021,PERLIS,PERLIS,PASAR BORONG KAMPUNG BAKAU,Borong,20,Sayur-Sayuran,05,004,KUNYIT,F.A.Q,Kilogram,5,5,
30865568,2026-08-19,2026-08-19 15:13:50.746021,PERLIS,PERLIS,PASAR BORONG KAMPUNG BAKAU,Borong,20,Sayur-Sayuran,02,006,LABU AIR,F.A.Q,Kilogram,2.5,2.5,
30865569,2026-08-19,2026-08-19 15:13:50.746021,PERLIS,PERLIS,PASAR BORONG KAMPUNG BAKAU,Borong,20,Sayur-Sayuran,02,006,LABU AIR,F.A.Q,Kilogram,2.5,2.5,
30865570,2026-08-19,2026-08-19 15:13:50.746021,PERLIS,PERLIS,PASAR BORONG KAMPUNG BAKAU,Borong,20,Sayur-Sayuran,02,006,LABU AIR,F.A.Q,Kilogram,2.5,2.5,
30865571,2026-08-19,2026-08-19 15:13:50.746021,PERLIS,PERLIS,PASAR BORONG KAMPUNG BAKAU,Borong,20,Sayur-Sayuran,02,006,LABU AIR,F.A.Q,Kilogram,2.5,2.5,
30865572,2026-08-19,2026-08-19 15:13:50.746021,PERLIS,PERLIS,PASAR BORONG KAMPUNG BAKAU,Borong,20,Sayur-Sayuran,02,006,LABU MANIS,F.A.Q,Kilogram,3.5,3.5,
30865573,2026-08-19,2026-08-19 15:13:50.746021,PERLIS,PERLIS,PASAR BORONG KAMPUNG BAKAU,Borong,20,Sayur-Sayuran,02,006,LABU MANIS,F.A.Q,Kilogram,3.5,3.5,
30865574,2026-08-19,2026-08-19 15:13:50.746021,PERLIS,PERLIS,PASAR BORONG KAMPUNG BAKAU,Borong,20,Sayur-Sayuran,02,006,LABU MANIS,F.A.Q,Kilogram,3.5,3.5,
30865575,2026-08-19,2026-08-19 15:13:50.746021,PERLIS,PERLIS,PASAR BORONG KAMPUNG BAKAU,Borong,20,Sayur-Sayuran,02,006,LABU MANIS,F.A.Q,Kilogram,3.5,3.5,
30865576,2026-08-19,2026-08-19 15:13:50.746021,PERLIS,PERLIS,PASAR BORONG KAMPUNG BAKAU,Borong,20,Sayur-Sayuran,02,003,LADA BENGGALA / CAPSICUM HIJAU,F.A.Q,Kilogram,12,11.5,
30865577,2026-08-19,2026-08-19 15:13:50.746021,PERLIS,PERLIS,PASAR BORONG KAMPUNG BAKAU,Borong,20,Sayur-Sayuran,02,003,LADA BENGGALA / CAPSICUM HIJAU,F.A.Q,Kilogram,12,11.5,
30865578,2026-08-19,2026-08-19 15:13:50.746021,PERLIS,PERLIS,PASAR BORONG KAMPUNG BAKAU,Borong,20,Sayur-Sayuran,02,003,LADA BENGGALA / CAPSICUM HIJAU,F.A.Q,Kilogram,12,11.5,
30865579,2026-08-19,2026-08-19 15:13:50.746021,PERLIS,PERLIS,PASAR BORONG KAMPUNG BAKAU,Borong,20,Sayur-Sayuran,02,003,LADA BENGGALA / CAPSICUM HIJAU,F.A.Q,Kilogram,12,11.5,
30865580,2026-08-19,2026-08-19 15:13:50.746021,PERLIS,PERLIS,PASAR BORONG KAMPUNG BAKAU,Borong,20,Sayur-Sayuran,02,003,LADA BENGGALA / CAPSICUM HIJAU (IMPORT),F.A.Q,Kilogram,11,11,
30865581,2026-08-19,2026-08-19 15:13:50.746021,PERLIS,PERLIS,PASAR BORONG KAMPUNG BAKAU,Borong,20,Sayur-Sayuran,02,003,LADA BENGGALA / CAPSICUM HIJAU (IMPORT),F.A.Q,Kilogram,11,11,
30865582,2026-08-19,2026-08-19 15:13:50.746021,PERLIS,PERLIS,PASAR BORONG KAMPUNG BAKAU,Borong,20,Sayur-Sayuran,02,003,LADA BENGGALA / CAPSICUM HIJAU (IMPORT),F.A.Q,Kilogram,11,11,
30865583,2026-08-19,2026-08-19 15:13:50.746021,PERLIS,PERLIS,PASAR BORONG KAMPUNG BAKAU,Borong,20,Sayur-Sayuran,02,003,LADA BENGGALA / CAPSICUM HIJAU (IMPORT),F.A.Q,Kilogram,11,11,
30865584,2026-08-19,2026-08-19 15:13:50.746021,PERLIS,PERLIS,PASAR BORONG KAMPUNG BAKAU,Borong,20,Sayur-Sayuran,02,003,LADA BENGGALA / CAPSICUM KUNING (IMPORT),F.A.Q,Kilogram,17,16,
30865585,2026-08-19,2026-08-19 15:13:50.746021,PERLIS,PERLIS,PASAR BORONG KAMPUNG BAKAU,Borong,20,Sayur-Sayuran,02,003,LADA BENGGALA / CAPSICUM KUNING (IMPORT),F.A.Q,Kilogram,17,16,
30865586,2026-08-19,2026-08-19 15:13:50.746021,PERLIS,PERLIS,PASAR BORONG KAMPUNG BAKAU,Borong,20,Sayur-Sayuran,02,003,LADA BENGGALA / CAPSICUM KUNING (IMPORT),F.A.Q,Kilogram,17,16,
30865587,2026-08-19,2026-08-19 15:13:50.746021,PERLIS,PERLIS,PASAR BORONG KAMPUNG BAKAU,Borong,20,Sayur-Sayuran,02,003,LADA BENGGALA / CAPSICUM KUNING (IMPORT),F.A.Q,Kilogram,17,16,
30865588,2026-08-19,2026-08-19 15:13:50.746021,PERLIS,PERLIS,PASAR BORONG KAMPUNG BAKAU,Borong,20,Sayur-Sayuran,02,003,LADA BENGGALA / CAPSICUM MERAH (IMPORT),F.A.Q,Kilogram,15,14,
30865589,2026-08-19,2026-08-19 15:13:50.746021,PERLIS,PERLIS,PASAR BORONG KAMPUNG BAKAU,Borong,20,Sayur-Sayuran,02,003,LADA BENGGALA / CAPSICUM MERAH (IMPORT),F.A.Q,Kilogram,15,14,
30865590,2026-08-19,2026-08-19 15:13:50.746021,PERLIS,PERLIS,PASAR BORONG KAMPUNG BAKAU,Borong,20,Sayur-Sayuran,02,003,LADA BENGGALA / CAPSICUM MERAH (IMPORT),F.A.Q,Kilogram,15,14,
30865591,2026-08-19,2026-08-19 15:13:50.746021,PERLIS,PERLIS,PASAR BORONG KAMPUNG BAKAU,Borong,20,Sayur-Sayuran,02,003,LADA BENGGALA / CAPSICUM MERAH (IMPORT),F.A.Q,Kilogram,15,14,
30865592,2026-08-19,2026-08-19 15:13:50.746021,PERLIS,PERLIS,PASAR BORONG KAMPUNG BAKAU,Borong,20,Sayur-Sayuran,05,005,LENGKUAS,F.A.Q,Kilogram,8,8,
30865593,2026-08-19,2026-08-19 15:13:50.746021,PERLIS,PERLIS,PASAR BORONG KAMPUNG BAKAU,Borong,20,Sayur-Sayuran,05,005,LENGKUAS,F.A.Q,Kilogram,8,8,
30865594,2026-08-19,2026-08-19 15:13:50.746021,PERLIS,PERLIS,PASAR BORONG KAMPUNG BAKAU,Borong,20,Sayur-Sayuran,05,005,LENGKUAS,F.A.Q,Kilogram,8,8,
30865595,2026-08-19,2026-08-19 15:13:50.746021,PERLIS,PERLIS,PASAR BORONG KAMPUNG BAKAU,Borong,20,Sayur-Sayuran,05,005,LENGKUAS,F.A.Q,Kilogram,8,8,
30865596,2026-08-19,2026-08-19 15:13:50.746021,PERLIS,PERLIS,PASAR BORONG KAMPUNG BAKAU,Borong,20,Sayur-Sayuran,01,003,LIK (IMPORT),F.A.Q,Kilogram,13,13,
30865597,2026-08-19,2026-08-19 15:13:50.746021,PERLIS,PERLIS,PASAR BORONG KAMPUNG BAKAU,Borong,20,Sayur-Sayuran,01,003,LIK (IMPORT),F.A.Q,Kilogram,13,13,
30865598,2026-08-19,2026-08-19 15:13:50.746021,PERLIS,PERLIS,PASAR BORONG KAMPUNG BAKAU,Borong,20,Sayur-Sayuran,01,003,LIK (IMPORT),F.A.Q,Kilogram,13,13,
30865599,2026-08-19,2026-08-19 15:13:50.746021,PERLIS,PERLIS,PASAR BORONG KAMPUNG BAKAU,Borong,20,Sayur-Sayuran,01,003,LIK (IMPORT),F.A.Q,Kilogram,13,13,
30865600,2026-08-19,2026-08-19 15:13:50.746021,PERLIS,PERLIS,PASAR BORONG KAMPUNG BAKAU,Borong,20,Sayur-Sayuran,02,007,LIMAU KASTURI,F.A.Q,Kilogram,6,6,
30865601,2026-08-19,2026-08-19 15:13:50.746021,PERLIS,PERLIS,PASAR BORONG KAMPUNG BAKAU,Borong,20,Sayur-Sayuran,02,007,LIMAU KASTURI,F.A.Q,Kilogram,6,6,
30865602,2026-08-19,2026-08-19 15:13:50.746021,PERLIS,PERLIS,PASAR BORONG KAMPUNG BAKAU,Borong,20,Sayur-Sayuran,02,007,LIMAU KASTURI,F.A.Q,Kilogram,6,6,
30865603,2026-08-19,2026-08-19 15:13:50.746021,PERLIS,PERLIS,PASAR BORONG KAMPUNG BAKAU,Borong,20,Sayur-Sayuran,02,007,LIMAU KASTURI,F.A.Q,Kilogram,6,6,
30865604,2026-08-19,2026-08-19 15:13:50.746021,PERLIS,PERLIS,PASAR BORONG KAMPUNG BAKAU,Borong,20,Sayur-Sayuran,02,007,LIMAU NIPIS,F.A.Q,Kilogram,7,7,
30865605,2026-08-19,2026-08-19 15:13:50.746021,PERLIS,PERLIS,PASAR BORONG KAMPUNG BAKAU,Borong,20,Sayur-Sayuran,02,007,LIMAU NIPIS,F.A.Q,Kilogram,7,7,
30865606,2026-08-19,2026-08-19 15:13:50.746021,PERLIS,PERLIS,PASAR BORONG KAMPUNG BAKAU,Borong,20,Sayur-Sayuran,02,007,LIMAU NIPIS,F.A.Q,Kilogram,7,7,
30865607,2026-08-19,2026-08-19 15:13:50.746021,PERLIS,PERLIS,PASAR BORONG KAMPUNG BAKAU,Borong,20,Sayur-Sayuran,02,007,LIMAU NIPIS,F.A.Q,Kilogram,7,7,
30865608,2026-08-19,2026-08-19 15:13:50.746021,PERLIS,PERLIS,PASAR BORONG KAMPUNG BAKAU,Borong,20,Sayur-Sayuran,05,006,LOBAK MERAH (CHINA),F.A.Q,Kilogram,3,3,
30865609,2026-08-19,2026-08-19 15:13:50.746021,PERLIS,PERLIS,PASAR BORONG KAMPUNG BAKAU,Borong,20,Sayur-Sayuran,05,006,LOBAK MERAH (CHINA),F.A.Q,Kilogram,3,3,
30865610,2026-08-19,2026-08-19 15:13:50.746021,PERLIS,PERLIS,PASAR BORONG KAMPUNG BAKAU,Borong,20,Sayur-Sayuran,05,006,LOBAK MERAH (CHINA),F.A.Q,Kilogram,3,3,
30865611,2026-08-19,2026-08-19 15:13:50.746021,PERLIS,PERLIS,PASAR BORONG KAMPUNG BAKAU,Borong,20,Sayur-Sayuran,05,006,LOBAK MERAH (CHINA),F.A.Q,Kilogram,3,3,
30865612,2026-08-19,2026-08-19 15:13:50.746021,PERLIS,PERLIS,PASAR BORONG KAMPUNG BAKAU,Borong,20,Sayur-Sayuran,05,006,LOBAK PUTIH TANAH TINGGI,F.A.Q,Kilogram,5,5,
30865613,2026-08-19,2026-08-19 15:13:50.746021,PERLIS,PERLIS,PASAR BORONG KAMPUNG BAKAU,Borong,20,Sayur-Sayuran,05,006,LOBAK PUTIH TANAH TINGGI,F.A.Q,Kilogram,5,5,
30865614,2026-08-19,2026-08-19 15:13:50.746021,PERLIS,PERLIS,PASAR BORONG KAMPUNG BAKAU,Borong,20,Sayur-Sayuran,05,006,LOBAK PUTIH TANAH TINGGI,F.A.Q,Kilogram,5,5,
30865615,2026-08-19,2026-08-19 15:13:50.908746,PERLIS,PERLIS,PASAR BORONG KAMPUNG BAKAU,Borong,20,Sayur-Sayuran,05,006,LOBAK PUTIH TANAH TINGGI,F.A.Q,Kilogram,5,5,
30865616,2026-08-19,2026-08-19 15:13:50.908746,PERLIS,PERLIS,PASAR BORONG KAMPUNG BAKAU,Borong,20,Sayur-Sayuran,07,002,PEGAGA,F.A.Q,Kilogram,15,13.5,
30865617,2026-08-19,2026-08-19 15:13:50.908746,PERLIS,PERLIS,PASAR BORONG KAMPUNG BAKAU,Borong,20,Sayur-Sayuran,07,002,PEGAGA,F.A.Q,Kilogram,15,13.5,
30865618,2026-08-19,2026-08-19 15:13:50.908746,PERLIS,PERLIS,PASAR BORONG KAMPUNG BAKAU,Borong,20,Sayur-Sayuran,07,002,PEGAGA,F.A.Q,Kilogram,15,13.5,
30865619,2026-08-19,2026-08-19 15:13:50.908746,PERLIS,PERLIS,PASAR BORONG KAMPUNG BAKAU,Borong,20,Sayur-Sayuran,07,002,PEGAGA,F.A.Q,Kilogram,15,13.5,
30865620,2026-08-19,2026-08-19 15:13:50.908746,PERLIS,PERLIS,PASAR BORONG KAMPUNG BAKAU,Borong,20,Sayur-Sayuran,02,009,PERIA,F.A.Q,Kilogram,6,6,
30865621,2026-08-19,2026-08-19 15:13:50.908746,PERLIS,PERLIS,PASAR BORONG KAMPUNG BAKAU,Borong,20,Sayur-Sayuran,02,009,PERIA,F.A.Q,Kilogram,6,6,
30865622,2026-08-19,2026-08-19 15:13:50.908746,PERLIS,PERLIS,PASAR BORONG KAMPUNG BAKAU,Borong,20,Sayur-Sayuran,02,009,PERIA,F.A.Q,Kilogram,6,6,
30865623,2026-08-19,2026-08-19 15:13:50.908746,PERLIS,PERLIS,PASAR BORONG KAMPUNG BAKAU,Borong,20,Sayur-Sayuran,02,009,PERIA,F.A.Q,Kilogram,6,6,
30865624,2026-08-19,2026-08-19 15:13:50.908746,PERLIS,PERLIS,PASAR BORONG KAMPUNG BAKAU,Borong,20,Sayur-Sayuran,02,009,PERIA KATAK,F.A.Q,Kilogram,6,6,
30865625,2026-08-19,2026-08-19 15:13:50.908746,PERLIS,PERLIS,PASAR BORONG KAMPUNG BAKAU,Borong,20,Sayur-Sayuran,02,009,PERIA KATAK,F.A.Q,Kilogram,6,6,
30865626,2026-08-19,2026-08-19 15:13:50.908746,PERLIS,PERLIS,PASAR BORONG KAMPUNG BAKAU,Borong,20,Sayur-Sayuran,02,009,PERIA KATAK,F.A.Q,Kilogram,6,6,
30865627,2026-08-19,2026-08-19 15:13:50.908746,PERLIS,PERLIS,PASAR BORONG KAMPUNG BAKAU,Borong,20,Sayur-Sayuran,02,009,PERIA KATAK,F.A.Q,Kilogram,6,6,
30865628,2026-08-19,2026-08-19 15:13:50.908746,PERLIS,PERLIS,PASAR BORONG KAMPUNG BAKAU,Borong,20,Sayur-Sayuran,07,003,PETAI,F.A.Q,RM/5 Keping,4,4,
30865629,2026-08-19,2026-08-19 15:13:50.908746,PERLIS,PERLIS,PASAR BORONG KAMPUNG BAKAU,Borong,20,Sayur-Sayuran,07,003,PETAI,F.A.Q,RM/5 Keping,4,4,
30865630,2026-08-19,2026-08-19 15:13:50.908746,PERLIS,PERLIS,PASAR BORONG KAMPUNG BAKAU,Borong,20,Sayur-Sayuran,07,003,PETAI,F.A.Q,RM/5 Keping,4,4,
30865631,2026-08-19,2026-08-19 15:13:50.908746,PERLIS,PERLIS,PASAR BORONG KAMPUNG BAKAU,Borong,20,Sayur-Sayuran,07,003,PETAI,F.A.Q,RM/5 Keping,4,4,
30865632,2026-08-19,2026-08-19 15:13:50.908746,PERLIS,PERLIS,PASAR BORONG KAMPUNG BAKAU,Borong,20,Sayur-Sayuran,07,002,PUCUK GAJUS,F.A.Q,Kilogram,11,11,
30865633,2026-08-19,2026-08-19 15:13:50.908746,PERLIS,PERLIS,PASAR BORONG KAMPUNG BAKAU,Borong,20,Sayur-Sayuran,07,002,PUCUK GAJUS,F.A.Q,Kilogram,11,11,
30865634,2026-08-19,2026-08-19 15:13:50.908746,PERLIS,PERLIS,PASAR BORONG KAMPUNG BAKAU,Borong,20,Sayur-Sayuran,07,002,PUCUK GAJUS,F.A.Q,Kilogram,11,11,
30865635,2026-08-19,2026-08-19 15:13:50.908746,PERLIS,PERLIS,PASAR BORONG KAMPUNG BAKAU,Borong,20,Sayur-Sayuran,07,002,PUCUK GAJUS,F.A.Q,Kilogram,11,11,
30865636,2026-08-19,2026-08-19 15:13:50.908746,PERLIS,PERLIS,PASAR BORONG KAMPUNG BAKAU,Borong,20,Sayur-Sayuran,03,026,PUCUK PAKU,F.A.Q,Kilogram,8,8,
30865637,2026-08-19,2026-08-19 15:13:50.908746,PERLIS,PERLIS,PASAR BORONG KAMPUNG BAKAU,Borong,20,Sayur-Sayuran,03,026,PUCUK PAKU,F.A.Q,Kilogram,8,8,
30865638,2026-08-19,2026-08-19 15:13:50.908746,PERLIS,PERLIS,PASAR BORONG KAMPUNG BAKAU,Borong,20,Sayur-Sayuran,03,026,PUCUK PAKU,F.A.Q,Kilogram,8,8,
30865639,2026-08-19,2026-08-19 15:13:50.908746,PERLIS,PERLIS,PASAR BORONG KAMPUNG BAKAU,Borong,20,Sayur-Sayuran,03,026,PUCUK PAKU,F.A.Q,Kilogram,8,8,
30865640,2026-08-19,2026-08-19 15:13:50.908746,PERLIS,PERLIS,PASAR BORONG KAMPUNG BAKAU,Borong,20,Sayur-Sayuran,01,002,REBUNG,F.A.Q,Kilogram,6,6,
30865641,2026-08-19,2026-08-19 15:13:50.908746,PERLIS,PERLIS,PASAR BORONG KAMPUNG BAKAU,Borong,20,Sayur-Sayuran,01,002,REBUNG,F.A.Q,Kilogram,6,6,
30865642,2026-08-19,2026-08-19 15:13:50.908746,PERLIS,PERLIS,PASAR BORONG KAMPUNG BAKAU,Borong,20,Sayur-Sayuran,01,002,REBUNG,F.A.Q,Kilogram,6,6,
30865643,2026-08-19,2026-08-19 15:13:50.908746,PERLIS,PERLIS,PASAR BORONG KAMPUNG BAKAU,Borong,20,Sayur-Sayuran,01,002,REBUNG,F.A.Q,Kilogram,6,6,
30865644,2026-08-19,2026-08-19 15:13:50.908746,PERLIS,PERLIS,PASAR BORONG KAMPUNG BAKAU,Borong,20,Sayur-Sayuran,03,027,SALAD,F.A.Q,Kilogram,8,8,
30865645,2026-08-19,2026-08-19 15:13:50.908746,PERLIS,PERLIS,PASAR BORONG KAMPUNG BAKAU,Borong,20,Sayur-Sayuran,03,027,SALAD,F.A.Q,Kilogram,8,8,
30865646,2026-08-19,2026-08-19 15:13:50.908746,PERLIS,PERLIS,PASAR BORONG KAMPUNG BAKAU,Borong,20,Sayur-Sayuran,03,027,SALAD,F.A.Q,Kilogram,8,8,
30865647,2026-08-19,2026-08-19 15:13:50.908746,PERLIS,PERLIS,PASAR BORONG KAMPUNG BAKAU,Borong,20,Sayur-Sayuran,03,027,SALAD,F.A.Q,Kilogram,8,8,
30865648,2026-08-19,2026-08-19 15:13:50.908746,PERLIS,PERLIS,PASAR BORONG KAMPUNG BAKAU,Borong,20,Sayur-Sayuran,03,027,SALAD BULAT TANAH TINGGI,F.A.Q,Kilogram,11,11,
30865649,2026-08-19,2026-08-19 15:13:50.908746,PERLIS,PERLIS,PASAR BORONG KAMPUNG BAKAU,Borong,20,Sayur-Sayuran,03,027,SALAD BULAT TANAH TINGGI,F.A.Q,Kilogram,11,11,
30865650,2026-08-19,2026-08-19 15:13:50.908746,PERLIS,PERLIS,PASAR BORONG KAMPUNG BAKAU,Borong,20,Sayur-Sayuran,03,027,SALAD BULAT TANAH TINGGI,F.A.Q,Kilogram,11,11,
30865651,2026-08-19,2026-08-19 15:13:50.908746,PERLIS,PERLIS,PASAR BORONG KAMPUNG BAKAU,Borong,20,Sayur-Sayuran,03,027,SALAD BULAT TANAH TINGGI,F.A.Q,Kilogram,11,11,
30865652,2026-08-19,2026-08-19 15:13:50.908746,PERLIS,PERLIS,PASAR BORONG KAMPUNG BAKAU,Borong,20,Sayur-Sayuran,03,007,SAWI BUNGA,F.A.Q,Kilogram,12,12,
30865653,2026-08-19,2026-08-19 15:13:50.908746,PERLIS,PERLIS,PASAR BORONG KAMPUNG BAKAU,Borong,20,Sayur-Sayuran,03,007,SAWI BUNGA,F.A.Q,Kilogram,12,12,
30865654,2026-08-19,2026-08-19 15:13:50.908746,PERLIS,PERLIS,PASAR BORONG KAMPUNG BAKAU,Borong,20,Sayur-Sayuran,03,007,SAWI BUNGA,F.A.Q,Kilogram,12,12,
30865655,2026-08-19,2026-08-19 15:13:50.908746,PERLIS,PERLIS,PASAR BORONG KAMPUNG BAKAU,Borong,20,Sayur-Sayuran,03,007,SAWI BUNGA,F.A.Q,Kilogram,12,12,
30865656,2026-08-19,2026-08-19 15:13:50.908746,PERLIS,PERLIS,PASAR BORONG KAMPUNG BAKAU,Borong,20,Sayur-Sayuran,03,007,SAWI PAHIT,F.A.Q,Kilogram,4,4,
30865657,2026-08-19,2026-08-19 15:13:50.908746,PERLIS,PERLIS,PASAR BORONG KAMPUNG BAKAU,Borong,20,Sayur-Sayuran,03,007,SAWI PAHIT,F.A.Q,Kilogram,4,4,
30865658,2026-08-19,2026-08-19 15:13:50.908746,PERLIS,PERLIS,PASAR BORONG KAMPUNG BAKAU,Borong,20,Sayur-Sayuran,03,007,SAWI PAHIT,F.A.Q,Kilogram,4,4,
30865659,2026-08-19,2026-08-19 15:13:50.908746,PERLIS,PERLIS,PASAR BORONG KAMPUNG BAKAU,Borong,20,Sayur-Sayuran,03,007,SAWI PAHIT,F.A.Q,Kilogram,4,4,
30865660,2026-08-19,2026-08-19 15:13:50.908746,PERLIS,PERLIS,PASAR BORONG KAMPUNG BAKAU,Borong,20,Sayur-Sayuran,03,007,SAWI PUTIH PAK CHOY,F.A.Q,Kilogram,5,4.5,
30865661,2026-08-19,2026-08-19 15:13:50.908746,PERLIS,PERLIS,PASAR BORONG KAMPUNG BAKAU,Borong,20,Sayur-Sayuran,03,007,SAWI PUTIH PAK CHOY,F.A.Q,Kilogram,5,4.5,
30865662,2026-08-19,2026-08-19 15:13:50.908746,PERLIS,PERLIS,PASAR BORONG KAMPUNG BAKAU,Borong,20,Sayur-Sayuran,03,007,SAWI PUTIH PAK CHOY,F.A.Q,Kilogram,5,4.5,
30865663,2026-08-19,2026-08-19 15:13:50.908746,PERLIS,PERLIS,PASAR BORONG KAMPUNG BAKAU,Borong,20,Sayur-Sayuran,03,007,SAWI PUTIH PAK CHOY,F.A.Q,Kilogram,5,4.5,
30865664,2026-08-19,2026-08-19 15:13:50.908746,PERLIS,PERLIS,PASAR BORONG KAMPUNG BAKAU,Borong,20,Sayur-Sayuran,05,007,SENGKUANG,F.A.Q,Kilogram,3,3,
30865665,2026-08-19,2026-08-19 15:13:50.908746,PERLIS,PERLIS,PASAR BORONG KAMPUNG BAKAU,Borong,20,Sayur-Sayuran,05,007,SENGKUANG,F.A.Q,Kilogram,3,3,
30865666,2026-08-19,2026-08-19 15:13:50.908746,PERLIS,PERLIS,PASAR BORONG KAMPUNG BAKAU,Borong,20,Sayur-Sayuran,05,007,SENGKUANG,F.A.Q,Kilogram,3,3,
30865667,2026-08-19,2026-08-19 15:13:50.908746,PERLIS,PERLIS,PASAR BORONG KAMPUNG BAKAU,Borong,20,Sayur-Sayuran,05,007,SENGKUANG,F.A.Q,Kilogram,3,3,
30865668,2026-08-19,2026-08-19 15:13:50.908746,PERLIS,PERLIS,PASAR BORONG KAMPUNG BAKAU,Borong,20,Sayur-Sayuran,05,008,SERAI,F.A.Q,Kilogram,4,4,
30865669,2026-08-19,2026-08-19 15:13:50.908746,PERLIS,PERLIS,PASAR BORONG KAMPUNG BAKAU,Borong,20,Sayur-Sayuran,05,008,SERAI,F.A.Q,Kilogram,4,4,
30865670,2026-08-19,2026-08-19 15:13:50.908746,PERLIS,PERLIS,PASAR BORONG KAMPUNG BAKAU,Borong,20,Sayur-Sayuran,05,008,SERAI,F.A.Q,Kilogram,4,4,
30865671,2026-08-19,2026-08-19 15:13:50.908746,PERLIS,PERLIS,PASAR BORONG KAMPUNG BAKAU,Borong,20,Sayur-Sayuran,05,008,SERAI,F.A.Q,Kilogram,4,4,
30865672,2026-08-19,2026-08-19 15:13:50.908746,PERLIS,PERLIS,PASAR BORONG KAMPUNG BAKAU,Borong,20,Sayur-Sayuran,03,002,TAUGE,F.A.Q,Kilogram,3,3,
30865673,2026-08-19,2026-08-19 15:13:50.908746,PERLIS,PERLIS,PASAR BORONG KAMPUNG BAKAU,Borong,20,Sayur-Sayuran,03,002,TAUGE,F.A.Q,Kilogram,3,3,
30865674,2026-08-19,2026-08-19 15:13:50.908746,PERLIS,PERLIS,PASAR BORONG KAMPUNG BAKAU,Borong,20,Sayur-Sayuran,03,002,TAUGE,F.A.Q,Kilogram,3,3,
30865675,2026-08-19,2026-08-19 15:13:50.908746,PERLIS,PERLIS,PASAR BORONG KAMPUNG BAKAU,Borong,20,Sayur-Sayuran,03,002,TAUGE,F.A.Q,Kilogram,3,3,
30865676,2026-08-19,2026-08-19 15:13:50.908746,PERLIS,PERLIS,PASAR BORONG KAMPUNG BAKAU,Borong,20,Sayur-Sayuran,02,010,TERUNG BULAT,F.A.Q,Kilogram,4,4,
30865677,2026-08-19,2026-08-19 15:13:50.908746,PERLIS,PERLIS,PASAR BORONG KAMPUNG BAKAU,Borong,20,Sayur-Sayuran,02,010,TERUNG BULAT,F.A.Q,Kilogram,4,4,
30865678,2026-08-19,2026-08-19 15:13:50.908746,PERLIS,PERLIS,PASAR BORONG KAMPUNG BAKAU,Borong,20,Sayur-Sayuran,02,010,TERUNG BULAT,F.A.Q,Kilogram,4,4,
30865679,2026-08-19,2026-08-19 15:13:50.908746,PERLIS,PERLIS,PASAR BORONG KAMPUNG BAKAU,Borong,20,Sayur-Sayuran,02,010,TERUNG BULAT,F.A.Q,Kilogram,4,4,
30865680,2026-08-19,2026-08-19 15:13:50.908746,PERLIS,PERLIS,PASAR BORONG KAMPUNG BAKAU,Borong,20,Sayur-Sayuran,02,010,TERUNG PEPARU MINI,F.A.Q,Kilogram,4,4,
30865681,2026-08-19,2026-08-19 15:13:50.908746,PERLIS,PERLIS,PASAR BORONG KAMPUNG BAKAU,Borong,20,Sayur-Sayuran,02,010,TERUNG PEPARU MINI,F.A.Q,Kilogram,4,4,
30865682,2026-08-19,2026-08-19 15:13:50.908746,PERLIS,PERLIS,PASAR BORONG KAMPUNG BAKAU,Borong,20,Sayur-Sayuran,02,010,TERUNG PEPARU MINI,F.A.Q,Kilogram,4,4,
30865683,2026-08-19,2026-08-19 15:13:50.908746,PERLIS,PERLIS,PASAR BORONG KAMPUNG BAKAU,Borong,20,Sayur-Sayuran,02,010,TERUNG PEPARU MINI,F.A.Q,Kilogram,4,4,
30865684,2026-08-19,2026-08-19 15:13:50.908746,PERLIS,PERLIS,PASAR BORONG KAMPUNG BAKAU,Borong,20,Sayur-Sayuran,02,011,TIMUN JEPUN,F.A.Q,Kilogram,5,5,
30865685,2026-08-19,2026-08-19 15:13:51.06007,PERLIS,PERLIS,PASAR BORONG KAMPUNG BAKAU,Borong,20,Sayur-Sayuran,02,011,TIMUN JEPUN,F.A.Q,Kilogram,5,5,
30865686,2026-08-19,2026-08-19 15:13:51.06007,PERLIS,PERLIS,PASAR BORONG KAMPUNG BAKAU,Borong,20,Sayur-Sayuran,02,011,TIMUN JEPUN,F.A.Q,Kilogram,5,5,
30865687,2026-08-19,2026-08-19 15:13:51.06007,PERLIS,PERLIS,PASAR BORONG KAMPUNG BAKAU,Borong,20,Sayur-Sayuran,02,011,TIMUN JEPUN,F.A.Q,Kilogram,5,5,
30865688,2026-08-19,2026-08-19 15:13:51.06007,PERLIS,PERLIS,PASAR BORONG KAMPUNG BAKAU,Borong,20,Sayur-Sayuran,07,002,ULAM RAJA,F.A.Q,Kilogram,11,11,
30865689,2026-08-19,2026-08-19 15:13:51.06007,PERLIS,PERLIS,PASAR BORONG KAMPUNG BAKAU,Borong,20,Sayur-Sayuran,07,002,ULAM RAJA,F.A.Q,Kilogram,11,11,
30865690,2026-08-19,2026-08-19 15:13:51.06007,PERLIS,PERLIS,PASAR BORONG KAMPUNG BAKAU,Borong,20,Sayur-Sayuran,07,002,ULAM RAJA,F.A.Q,Kilogram,11,11,
30865691,2026-08-19,2026-08-19 15:13:51.06007,PERLIS,PERLIS,PASAR BORONG KAMPUNG BAKAU,Borong,20,Sayur-Sayuran,07,002,ULAM RAJA,F.A.Q,Kilogram,11,11,
30865706,2026-08-19,2026-08-19 15:39:32.158623,NEGERI SEMBILAN,SEREMBAN,PASAR BESAR SEREMBAN - BAHAGIAN BORONG,Borong,20,Tanaman Kontan,05,001,KELAPA DIKUPAS,SEDANG,Biji,2.6,2.6,
30865710,2026-08-19,2026-08-19 15:45:42.721186,NEGERI SEMBILAN,SEREMBAN,PASAR BESAR SEREMBAN - BAHAGIAN BORONG,Borong,20,Sayur-Sayuran,02,002,CILI MERAH MINYAK,F.A.Q,Kilogram,11.7,11.40303,
30865711,2026-08-19,2026-08-19 15:45:42.721186,NEGERI SEMBILAN,SEREMBAN,PASAR BESAR SEREMBAN - BAHAGIAN BORONG,Borong,20,Sayur-Sayuran,02,002,CILI MERAH MINYAK,F.A.Q,Kilogram,12.5,11.40303,
30865712,2026-08-19,2026-08-19 15:45:42.721186,NEGERI SEMBILAN,SEREMBAN,PASAR BESAR SEREMBAN - BAHAGIAN BORONG,Borong,20,Sayur-Sayuran,02,002,CILI MERAH MINYAK,F.A.Q,Kilogram,12.3,11.40303,
30865721,2026-08-19,2026-08-19 16:04:52.816014,PERLIS,PERLIS,PASAR AWAM SENA,Runcit,26,Sayur-Sayuran,01,001,ASPARAGUS (IMPORT),F.A.Q,Kilogram,44,44,
30865722,2026-08-19,2026-08-19 16:04:52.816014,PERLIS,PERLIS,PASAR AWAM SENA,Runcit,26,Sayur-Sayuran,01,001,ASPARAGUS (IMPORT),F.A.Q,Kilogram,44,44,
30865723,2026-08-19,2026-08-19 16:04:52.816014,PERLIS,PERLIS,PASAR AWAM SENA,Runcit,26,Sayur-Sayuran,01,001,ASPARAGUS (IMPORT),F.A.Q,Kilogram,44,44,
30865724,2026-08-19,2026-08-19 16:04:52.816014,PERLIS,PERLIS,PASAR AWAM SENA,Runcit,26,Sayur-Sayuran,01,001,ASPARAGUS (IMPORT),F.A.Q,Kilogram,44,44,
30865725,2026-08-19,2026-08-19 16:04:52.816014,PERLIS,PERLIS,PASAR AWAM SENA,Runcit,26,Sayur-Sayuran,01,001,ASPARAGUS (IMPORT),F.A.Q,Kilogram,44,44,
30865726,2026-08-19,2026-08-19 16:04:52.816014,PERLIS,PERLIS,PASAR AWAM SENA,Runcit,26,Sayur-Sayuran,02,014,BELIMBING BULUH,F.A.Q,Kilogram,12,11,
30865727,2026-08-19,2026-08-19 16:04:52.816014,PERLIS,PERLIS,PASAR AWAM SENA,Runcit,26,Sayur-Sayuran,02,014,BELIMBING BULUH,F.A.Q,Kilogram,12,11,
30865728,2026-08-19,2026-08-19 16:04:52.816014,PERLIS,PERLIS,PASAR AWAM SENA,Runcit,26,Sayur-Sayuran,02,014,BELIMBING BULUH,F.A.Q,Kilogram,12,11,
30865729,2026-08-19,2026-08-19 16:04:52.816014,PERLIS,PERLIS,PASAR AWAM SENA,Runcit,26,Sayur-Sayuran,02,014,BELIMBING BULUH,F.A.Q,Kilogram,12,11,
30865730,2026-08-19,2026-08-19 16:04:52.816014,PERLIS,PERLIS,PASAR AWAM SENA,Runcit,26,Sayur-Sayuran,02,014,BELIMBING BULUH,F.A.Q,Kilogram,12,11,
30865731,2026-08-19,2026-08-19 16:04:52.816014,PERLIS,PERLIS,PASAR AWAM SENA,Runcit,26,Sayur-Sayuran,03,003,BROKOLI (IMPORT),F.A.Q,Kilogram,13,12,
30865732,2026-08-19,2026-08-19 16:04:52.816014,PERLIS,PERLIS,PASAR AWAM SENA,Runcit,26,Sayur-Sayuran,03,003,BROKOLI (IMPORT),F.A.Q,Kilogram,13,12,
30865733,2026-08-19,2026-08-19 16:04:52.816014,PERLIS,PERLIS,PASAR AWAM SENA,Runcit,26,Sayur-Sayuran,03,003,BROKOLI (IMPORT),F.A.Q,Kilogram,13,12,
30865734,2026-08-19,2026-08-19 16:04:52.816014,PERLIS,PERLIS,PASAR AWAM SENA,Runcit,26,Sayur-Sayuran,03,003,BROKOLI (IMPORT),F.A.Q,Kilogram,13,12,
30865735,2026-08-19,2026-08-19 16:04:52.816014,PERLIS,PERLIS,PASAR AWAM SENA,Runcit,26,Sayur-Sayuran,03,003,BROKOLI (IMPORT),F.A.Q,Kilogram,13,12,
30865738,2026-08-19,2026-08-19 16:20:51.757194,NEGERI SEMBILAN,SEREMBAN,PASAR BESAR SEREMBAN - BAHAGIAN RUNCIT,Runcit,26,Sayur-Sayuran,02,014,BELIMBING BULUH,F.A.Q,Kilogram,7,6.6666665,
30865739,2026-08-19,2026-08-19 16:20:51.757194,NEGERI SEMBILAN,SEREMBAN,PASAR BESAR SEREMBAN - BAHAGIAN RUNCIT,Runcit,26,Sayur-Sayuran,02,014,BELIMBING BULUH,F.A.Q,Kilogram,6.7,6.6666665,
30865740,2026-08-19,2026-08-19 16:20:51.757194,NEGERI SEMBILAN,SEREMBAN,PASAR BESAR SEREMBAN - BAHAGIAN RUNCIT,Runcit,26,Sayur-Sayuran,02,014,BELIMBING BULUH,F.A.Q,Kilogram,6.3,6.6666665,
30865741,2026-08-19,2026-08-19 16:20:51.757194,NEGERI SEMBILAN,SEREMBAN,PASAR BESAR SEREMBAN - BAHAGIAN RUNCIT,Runcit,26,Sayur-Sayuran,03,003,BROKOLI,F.A.Q,Kilogram,11,11.066667,
30865742,2026-08-19,2026-08-19 16:20:51.757194,NEGERI SEMBILAN,SEREMBAN,PASAR BESAR SEREMBAN - BAHAGIAN RUNCIT,Runcit,26,Sayur-Sayuran,03,003,BROKOLI,F.A.Q,Kilogram,11.4,11.066667,
30865743,2026-08-19,2026-08-19 16:20:51.757194,NEGERI SEMBILAN,SEREMBAN,PASAR BESAR SEREMBAN - BAHAGIAN RUNCIT,Runcit,26,Sayur-Sayuran,03,003,BROKOLI,F.A.Q,Kilogram,12,11.066667,
30865744,2026-08-19,2026-08-19 16:20:51.757194,NEGERI SEMBILAN,SEREMBAN,PASAR BESAR SEREMBAN - BAHAGIAN RUNCIT,Runcit,26,Sayur-Sayuran,03,035,BUNGA KANTAN,F.A.Q,Tangkai,1.7,1.8,
30865745,2026-08-19,2026-08-19 16:20:51.757194,NEGERI SEMBILAN,SEREMBAN,PASAR BESAR SEREMBAN - BAHAGIAN RUNCIT,Runcit,26,Sayur-Sayuran,03,035,BUNGA KANTAN,F.A.Q,Tangkai,1.6,1.8,
30865746,2026-08-19,2026-08-19 16:20:51.757194,NEGERI SEMBILAN,SEREMBAN,PASAR BESAR SEREMBAN - BAHAGIAN RUNCIT,Runcit,26,Sayur-Sayuran,03,035,BUNGA KANTAN,F.A.Q,Tangkai,1.8,1.8,
30865747,2026-08-19,2026-08-19 16:20:51.757194,NEGERI SEMBILAN,SEREMBAN,PASAR BESAR SEREMBAN - BAHAGIAN RUNCIT,Runcit,26,Sayur-Sayuran,06,001,CENDAWAN TIRAM KELABU,F.A.Q,Kilogram,15,15.333333,
30865748,2026-08-19,2026-08-19 16:20:51.757194,NEGERI SEMBILAN,SEREMBAN,PASAR BESAR SEREMBAN - BAHAGIAN RUNCIT,Runcit,26,Sayur-Sayuran,06,001,CENDAWAN TIRAM KELABU,F.A.Q,Kilogram,15.2,15.333333,
30865749,2026-08-19,2026-08-19 16:20:51.757194,NEGERI SEMBILAN,SEREMBAN,PASAR BESAR SEREMBAN - BAHAGIAN RUNCIT,Runcit,26,Sayur-Sayuran,06,001,CENDAWAN TIRAM KELABU,F.A.Q,Kilogram,15.8,15.333333,
30865750,2026-08-19,2026-08-19 16:20:51.757194,NEGERI SEMBILAN,SEREMBAN,PASAR BESAR SEREMBAN - BAHAGIAN RUNCIT,Runcit,26,Sayur-Sayuran,02,002,CILI PADI,F.A.Q,Kilogram,24,24,
30865751,2026-08-19,2026-08-19 16:20:51.757194,NEGERI SEMBILAN,SEREMBAN,PASAR BESAR SEREMBAN - BAHAGIAN RUNCIT,Runcit,26,Sayur-Sayuran,02,002,CILI PADI,F.A.Q,Kilogram,25,24,
30865752,2026-08-19,2026-08-19 16:20:51.757194,NEGERI SEMBILAN,SEREMBAN,PASAR BESAR SEREMBAN - BAHAGIAN RUNCIT,Runcit,26,Sayur-Sayuran,02,002,CILI PADI,F.A.Q,Kilogram,26,24,
30865753,2026-08-19,2026-08-19 16:20:51.757194,NEGERI SEMBILAN,SEREMBAN,PASAR BESAR SEREMBAN - BAHAGIAN RUNCIT,Runcit,26,Sayur-Sayuran,02,002,CILI PADI AKAR (THAILAND),F.A.Q,Kilogram,12.5,13,
30865754,2026-08-19,2026-08-19 16:20:51.757194,NEGERI SEMBILAN,SEREMBAN,PASAR BESAR SEREMBAN - BAHAGIAN RUNCIT,Runcit,26,Sayur-Sayuran,02,002,CILI PADI AKAR (THAILAND),F.A.Q,Kilogram,13,13,
30865755,2026-08-19,2026-08-19 16:20:51.757194,NEGERI SEMBILAN,SEREMBAN,PASAR BESAR SEREMBAN - BAHAGIAN RUNCIT,Runcit,26,Sayur-Sayuran,02,002,CILI PADI AKAR (THAILAND),F.A.Q,Kilogram,13.5,13,
30865756,2026-08-19,2026-08-19 16:20:51.757194,NEGERI SEMBILAN,SEREMBAN,PASAR BESAR SEREMBAN - BAHAGIAN RUNCIT,Runcit,26,Sayur-Sayuran,02,002,CILI PADI KAMPUNG (THAILAND),F.A.Q,Kilogram,21.5,20.9,
30865757,2026-08-19,2026-08-19 16:20:51.757194,NEGERI SEMBILAN,SEREMBAN,PASAR BESAR SEREMBAN - BAHAGIAN RUNCIT,Runcit,26,Sayur-Sayuran,02,002,CILI PADI KAMPUNG (THAILAND),F.A.Q,Kilogram,21,20.9,
30865758,2026-08-19,2026-08-19 16:20:51.757194,NEGERI SEMBILAN,SEREMBAN,PASAR BESAR SEREMBAN - BAHAGIAN RUNCIT,Runcit,26,Sayur-Sayuran,02,002,CILI PADI KAMPUNG (THAILAND),F.A.Q,Kilogram,22,20.9,
30865759,2026-08-19,2026-08-19 16:20:51.757194,NEGERI SEMBILAN,SEREMBAN,PASAR BESAR SEREMBAN - BAHAGIAN RUNCIT,Runcit,26,Sayur-Sayuran,02,002,CILI PADI MERAH (IMPORT),F.A.Q,Kilogram,15,14.5,
30865760,2026-08-19,2026-08-19 16:20:51.757194,NEGERI SEMBILAN,SEREMBAN,PASAR BESAR SEREMBAN - BAHAGIAN RUNCIT,Runcit,26,Sayur-Sayuran,02,002,CILI PADI MERAH (IMPORT),F.A.Q,Kilogram,14,14.5,
30865761,2026-08-19,2026-08-19 16:20:51.757194,NEGERI SEMBILAN,SEREMBAN,PASAR BESAR SEREMBAN - BAHAGIAN RUNCIT,Runcit,26,Sayur-Sayuran,02,002,CILI PADI MERAH (IMPORT),F.A.Q,Kilogram,14.5,14.5,
30865762,2026-08-19,2026-08-19 16:20:51.757194,NEGERI SEMBILAN,SEREMBAN,PASAR BESAR SEREMBAN - BAHAGIAN RUNCIT,Runcit,26,Sayur-Sayuran,03,011,DAUN KESUM,F.A.Q,Kilogram,11.2,10.9,
30865763,2026-08-19,2026-08-19 16:20:51.757194,NEGERI SEMBILAN,SEREMBAN,PASAR BESAR SEREMBAN - BAHAGIAN RUNCIT,Runcit,26,Sayur-Sayuran,03,011,DAUN KESUM,F.A.Q,Kilogram,10,10.9,
30865764,2026-08-19,2026-08-19 16:20:51.757194,NEGERI SEMBILAN,SEREMBAN,PASAR BESAR SEREMBAN - BAHAGIAN RUNCIT,Runcit,26,Sayur-Sayuran,03,011,DAUN KESUM,F.A.Q,Kilogram,11.5,10.9,
30865765,2026-08-19,2026-08-19 16:20:51.757194,NEGERI SEMBILAN,SEREMBAN,PASAR BESAR SEREMBAN - BAHAGIAN RUNCIT,Runcit,26,Sayur-Sayuran,03,021,DAUN KETUMBAR (IMPORT),F.A.Q,Kilogram,22,21.833334,
30865766,2026-08-19,2026-08-19 16:20:51.757194,NEGERI SEMBILAN,SEREMBAN,PASAR BESAR SEREMBAN - BAHAGIAN RUNCIT,Runcit,26,Sayur-Sayuran,03,021,DAUN KETUMBAR (IMPORT),F.A.Q,Kilogram,21,21.833334,
30865767,2026-08-19,2026-08-19 16:20:51.757194,NEGERI SEMBILAN,SEREMBAN,PASAR BESAR SEREMBAN - BAHAGIAN RUNCIT,Runcit,26,Sayur-Sayuran,03,021,DAUN KETUMBAR (IMPORT),F.A.Q,Kilogram,22.5,21.833334,
30865768,2026-08-19,2026-08-19 16:20:51.757194,NEGERI SEMBILAN,SEREMBAN,PASAR BESAR SEREMBAN - BAHAGIAN RUNCIT,Runcit,26,Sayur-Sayuran,07,002,DAUN SELOM,F.A.Q,Kilogram,11,10.933333,
30865769,2026-08-19,2026-08-19 16:20:51.757194,NEGERI SEMBILAN,SEREMBAN,PASAR BESAR SEREMBAN - BAHAGIAN RUNCIT,Runcit,26,Sayur-Sayuran,07,002,DAUN SELOM,F.A.Q,Kilogram,10,10.933333,
30865770,2026-08-19,2026-08-19 16:20:51.757194,NEGERI SEMBILAN,SEREMBAN,PASAR BESAR SEREMBAN - BAHAGIAN RUNCIT,Runcit,26,Sayur-Sayuran,07,002,DAUN SELOM,F.A.Q,Kilogram,10.8,10.933333,
30865771,2026-08-19,2026-08-19 16:20:51.757194,NEGERI SEMBILAN,SEREMBAN,PASAR BESAR SEREMBAN - BAHAGIAN RUNCIT,Runcit,26,Sayur-Sayuran,05,002,HALIA MUDA (IMPORT),F.A.Q,Kilogram,13.7,14.433333,
30865772,2026-08-19,2026-08-19 16:20:51.757194,NEGERI SEMBILAN,SEREMBAN,PASAR BESAR SEREMBAN - BAHAGIAN RUNCIT,Runcit,26,Sayur-Sayuran,05,002,HALIA MUDA (IMPORT),F.A.Q,Kilogram,14,14.433333,
30865773,2026-08-19,2026-08-19 16:20:51.757194,NEGERI SEMBILAN,SEREMBAN,PASAR BESAR SEREMBAN - BAHAGIAN RUNCIT,Runcit,26,Sayur-Sayuran,05,002,HALIA MUDA (IMPORT),F.A.Q,Kilogram,14.5,14.433333,
30865774,2026-08-19,2026-08-19 16:20:51.757194,NEGERI SEMBILAN,SEREMBAN,PASAR BESAR SEREMBAN - BAHAGIAN RUNCIT,Runcit,26,Sayur-Sayuran,05,002,HALIA TUA (IMPORT),F.A.Q,Kilogram,11.3,11.433333,
30865775,2026-08-19,2026-08-19 16:20:51.757194,NEGERI SEMBILAN,SEREMBAN,PASAR BESAR SEREMBAN - BAHAGIAN RUNCIT,Runcit,26,Sayur-Sayuran,05,002,HALIA TUA (IMPORT),F.A.Q,Kilogram,10.8,11.433333,
30865776,2026-08-19,2026-08-19 16:20:51.757194,NEGERI SEMBILAN,SEREMBAN,PASAR BESAR SEREMBAN - BAHAGIAN RUNCIT,Runcit,26,Sayur-Sayuran,05,002,HALIA TUA (IMPORT),F.A.Q,Kilogram,11.8,11.433333,
30865777,2026-08-19,2026-08-19 16:20:51.757194,NEGERI SEMBILAN,SEREMBAN,PASAR BESAR SEREMBAN - BAHAGIAN RUNCIT,Runcit,26,Sayur-Sayuran,02,001,JAGUNG SAYUR / BABY CORN,F.A.Q,Kilogram,23,22,
30865778,2026-08-19,2026-08-19 16:20:51.757194,NEGERI SEMBILAN,SEREMBAN,PASAR BESAR SEREMBAN - BAHAGIAN RUNCIT,Runcit,26,Sayur-Sayuran,02,001,JAGUNG SAYUR / BABY CORN,F.A.Q,Kilogram,22,22,
30865779,2026-08-19,2026-08-19 16:20:51.757194,NEGERI SEMBILAN,SEREMBAN,PASAR BESAR SEREMBAN - BAHAGIAN RUNCIT,Runcit,26,Sayur-Sayuran,02,001,JAGUNG SAYUR / BABY CORN,F.A.Q,Kilogram,21,22,
30865780,2026-08-19,2026-08-19 16:20:51.757194,NEGERI SEMBILAN,SEREMBAN,PASAR BESAR SEREMBAN - BAHAGIAN RUNCIT,Runcit,26,Sayur-Sayuran,07,003,JERING,F.A.Q,Kilogram,8,7.266667,
30865781,2026-08-19,2026-08-19 16:20:51.757194,NEGERI SEMBILAN,SEREMBAN,PASAR BESAR SEREMBAN - BAHAGIAN RUNCIT,Runcit,26,Sayur-Sayuran,07,003,JERING,F.A.Q,Kilogram,6.8,7.266667,
30865782,2026-08-19,2026-08-19 16:20:51.757194,NEGERI SEMBILAN,SEREMBAN,PASAR BESAR SEREMBAN - BAHAGIAN RUNCIT,Runcit,26,Sayur-Sayuran,07,003,JERING,F.A.Q,Kilogram,7,7.266667,
30865783,2026-08-19,2026-08-19 16:20:51.757194,NEGERI SEMBILAN,SEREMBAN,PASAR BESAR SEREMBAN - BAHAGIAN RUNCIT,Runcit,26,Sayur-Sayuran,04,005,KACANG BOTOR,F.A.Q,Kilogram,13.5,13.466666,
30865784,2026-08-19,2026-08-19 16:20:51.757194,NEGERI SEMBILAN,SEREMBAN,PASAR BESAR SEREMBAN - BAHAGIAN RUNCIT,Runcit,26,Sayur-Sayuran,04,005,KACANG BOTOR,F.A.Q,Kilogram,12,13.466666,
30865785,2026-08-19,2026-08-19 16:20:51.757194,NEGERI SEMBILAN,SEREMBAN,PASAR BESAR SEREMBAN - BAHAGIAN RUNCIT,Runcit,26,Sayur-Sayuran,04,005,KACANG BOTOR,F.A.Q,Kilogram,13,13.466666,
30865853,2026-08-19,2026-08-19 17:32:30.585495,W.P. KUALA LUMPUR,KUALA LUMPUR,PASAR BORONG KUALA LUMPUR,Borong,20,Ternakan,03,002,AYAM PROSES STANDARD,F.A.Q,Kilogram,8.5,8.788889,
30865854,2026-08-19,2026-08-19 17:32:30.585495,W.P. KUALA LUMPUR,KUALA LUMPUR,PASAR BORONG KUALA LUMPUR,Borong,20,Sayur-Sayuran,05,001,BAWANG BESAR MERAH (INDIA),F.A.Q,Kilogram,1.65,1.5641667,
30865855,2026-08-19,2026-08-19 17:32:30.585495,W.P. KUALA LUMPUR,KUALA LUMPUR,PASAR BORONG KUALA LUMPUR,Borong,20,Sayur-Sayuran,05,001,BAWANG PUTIH (CHINA),F.A.Q,Kilogram,6.1,5.8083334,
30865856,2026-08-19,2026-08-19 17:32:30.585495,W.P. KUALA LUMPUR,KUALA LUMPUR,PASAR BORONG KUALA LUMPUR,Borong,20,Ternakan,02,003,DAGING LEMBU PEJAL,F.A.Q,Kilogram,30,30,
30865857,2026-08-19,2026-08-19 17:32:30.585495,W.P. KUALA LUMPUR,KUALA LUMPUR,PASAR BORONG KUALA LUMPUR,Borong,20,Tanaman Kontan,05,001,KELAPA DIKUPAS,SEDANG,Biji,2.3,2.42,
30865858,2026-08-19,2026-08-19 17:32:30.585495,W.P. KUALA LUMPUR,KUALA LUMPUR,PASAR BORONG KUALA LUMPUR,Borong,20,Buah-Buahan,02,023,NANAS JOSAPINE (AC5),F.A.Q,Kilogram,3.3,3.4076922,
30865859,2026-08-19,2026-08-19 17:32:30.585495,W.P. KUALA LUMPUR,KUALA LUMPUR,PASAR BORONG KUALA LUMPUR,Borong,20,Buah-Buahan,02,028,PISANG BERANGAN,F.A.Q,Kilogram,4.5,4.5125,
30865860,2026-08-19,2026-08-19 17:32:30.585495,W.P. KUALA LUMPUR,KUALA LUMPUR,PASAR BORONG KUALA LUMPUR,Borong,20,Ternakan,11,001,TELUR AYAM,B,Biji,0.46,0.42583334,
30865861,2026-08-19,2026-08-19 17:32:30.585495,W.P. KUALA LUMPUR,KUALA LUMPUR,PASAR BORONG KUALA LUMPUR,Borong,20,Buah-Buahan,02,034,TEMBIKAI MERAH TANPA BIJI,F.A.Q,Kilogram,3.8,3.8166666,
30865862,2026-08-19,2026-08-19 18:12:08.364472,W.P. KUALA LUMPUR,KUALA LUMPUR,PASAR BORONG KUALA LUMPUR,Borong,20,Sayur-Sayuran,03,001,BAYAM,F.A.Q,Kilogram,2.5,2.1894736,
30865863,2026-08-19,2026-08-19 18:12:08.364472,W.P. KUALA LUMPUR,KUALA LUMPUR,PASAR BORONG KUALA LUMPUR,Borong,20,Sayur-Sayuran,03,001,BAYAM,F.A.Q,Kilogram,2,2.1894736,
30865864,2026-08-19,2026-08-19 18:12:08.364472,W.P. KUALA LUMPUR,KUALA LUMPUR,PASAR BORONG KUALA LUMPUR,Borong,20,Sayur-Sayuran,02,002,CILI MERAH KULAI / KULAI HIBRID,F.A.Q,Kilogram,15,14.235294,
30865865,2026-08-19,2026-08-19 18:12:08.364472,W.P. KUALA LUMPUR,KUALA LUMPUR,PASAR BORONG KUALA LUMPUR,Borong,20,Sayur-Sayuran,02,002,CILI MERAH KULAI / KULAI HIBRID,F.A.Q,Kilogram,14,14.235294,
30865866,2026-08-19,2026-08-19 18:12:08.364472,W.P. KUALA LUMPUR,KUALA LUMPUR,PASAR BORONG KUALA LUMPUR,Borong,20,Sayur-Sayuran,02,002,CILI MERAH MINYAK,F.A.Q,Kilogram,9,9.285714,
30865867,2026-08-19,2026-08-19 18:12:08.364472,W.P. KUALA LUMPUR,KUALA LUMPUR,PASAR BORONG KUALA LUMPUR,Borong,20,Sayur-Sayuran,04,002,KACANG BENDI,F.A.Q,Kilogram,6,5.5882354,
30865868,2026-08-19,2026-08-19 18:12:08.364472,W.P. KUALA LUMPUR,KUALA LUMPUR,PASAR BORONG KUALA LUMPUR,Borong,20,Sayur-Sayuran,04,002,KACANG BENDI,F.A.Q,Kilogram,5.5,5.5882354,
30865869,2026-08-19,2026-08-19 18:12:08.364472,W.P. KUALA LUMPUR,KUALA LUMPUR,PASAR BORONG KUALA LUMPUR,Borong,20,Sayur-Sayuran,04,007,KACANG PANJANG HIJAU,F.A.Q,Kilogram,5.5,3.4375,
30865870,2026-08-19,2026-08-19 18:12:08.364472,W.P. KUALA LUMPUR,KUALA LUMPUR,PASAR BORONG KUALA LUMPUR,Borong,20,Sayur-Sayuran,03,006,KUBIS BULAT (TANAH TINGGI),F.A.Q,Kilogram,2.5,2.1105263,
30865871,2026-08-19,2026-08-19 18:12:08.364472,W.P. KUALA LUMPUR,KUALA LUMPUR,PASAR BORONG KUALA LUMPUR,Borong,20,Sayur-Sayuran,03,007,SAWI HIJAU,F.A.Q,Kilogram,3.5,3.58,
30865872,2026-08-19,2026-08-19 18:12:08.364472,W.P. KUALA LUMPUR,KUALA LUMPUR,PASAR BORONG KUALA LUMPUR,Borong,20,Sayur-Sayuran,03,007,SAWI HIJAU,F.A.Q,Kilogram,3,3.58,
30865873,2026-08-19,2026-08-19 18:12:08.364472,W.P. KUALA LUMPUR,KUALA LUMPUR,PASAR BORONG KUALA LUMPUR,Borong,20,Sayur-Sayuran,02,010,TERUNG PANJANG / PEPARU (TANAH RENDAH),F.A.Q,Kilogram,7,7.8125,
30865874,2026-08-19,2026-08-19 18:12:08.364472,W.P. KUALA LUMPUR,KUALA LUMPUR,PASAR BORONG KUALA LUMPUR,Borong,20,Sayur-Sayuran,02,010,TERUNG PANJANG / PEPARU (TANAH RENDAH),F.A.Q,Kilogram,6,7.8125,
30865875,2026-08-19,2026-08-19 18:12:08.364472,W.P. KUALA LUMPUR,KUALA LUMPUR,PASAR BORONG KUALA LUMPUR,Borong,20,Sayur-Sayuran,02,011,TIMUN HIJAU,F.A.Q,Kilogram,1.8,1.617647,
30865876,2026-08-19,2026-08-19 18:12:08.364472,W.P. KUALA LUMPUR,KUALA LUMPUR,PASAR BORONG KUALA LUMPUR,Borong,20,Sayur-Sayuran,02,011,TIMUN HIJAU,F.A.Q,Kilogram,1.7,1.617647,
30865877,2026-08-19,2026-08-19 18:12:08.364472,W.P. KUALA LUMPUR,KUALA LUMPUR,PASAR BORONG KUALA LUMPUR,Borong,20,Sayur-Sayuran,02,012,TOMATO (TANAH TINGGI),F.A.Q,Kilogram,4.7,7.7095237,
30865878,2026-08-19,2026-08-19 18:12:08.364472,W.P. KUALA LUMPUR,KUALA LUMPUR,PASAR BORONG KUALA LUMPUR,Borong,20,Sayur-Sayuran,02,012,TOMATO (TANAH TINGGI),F.A.Q,Kilogram,4.5,7.7095237,
30866019,2026-08-19,2026-08-20 06:05:26.482955,PULAU PINANG,SEBERANG PERAI UTARA,[PROJEK] TKPM ARA KUDA,Ladang,,Sayur-Sayuran,03,035,BUNGA KANTAN,F.A.Q,Tangkai,1.5,1.25,
30866020,2026-08-19,2026-08-20 06:05:26.482955,PULAU PINANG,SEBERANG PERAI UTARA,[PROJEK] TKPM ARA KUDA,Ladang,,Sayur-Sayuran,03,035,BUNGA KANTAN,F.A.Q,Tangkai,1,1.25,
30866021,2026-08-19,2026-08-20 06:05:26.482955,PULAU PINANG,SEBERANG PERAI UTARA,[PROJEK] TKPM ARA KUDA,Ladang,,Sayur-Sayuran,06,001,CENDAWAN TIRAM KELABU,F.A.Q,Kilogram,8,8,
30866022,2026-08-19,2026-08-20 06:05:26.482955,PULAU PINANG,SEBERANG PERAI UTARA,[PROJEK] TKPM ARA KUDA,Ladang,,Sayur-Sayuran,03,011,DAUN KESUM,F.A.Q,Kilogram,3,3,
30866023,2026-08-19,2026-08-20 06:05:26.482955,PULAU PINANG,SEBERANG PERAI UTARA,[PROJEK] TKPM ARA KUDA,Ladang,,Sayur-Sayuran,07,002,DAUN SELOM,F.A.Q,Kilogram,3,3,
30866024,2026-08-19,2026-08-20 06:05:26.482955,PULAU PINANG,SEBERANG PERAI UTARA,[PROJEK] TKPM ARA KUDA,Ladang,,Sayur-Sayuran,04,005,KACANG BOTOR,F.A.Q,Kilogram,8,7.25,
30866025,2026-08-19,2026-08-20 06:05:26.482955,PULAU PINANG,SEBERANG PERAI UTARA,[PROJEK] TKPM ARA KUDA,Ladang,,Sayur-Sayuran,02,004,KETOLA / PETOLA SEGI,F.A.Q,Kilogram,1.8,2.7,
30866026,2026-08-19,2026-08-20 06:05:26.482955,PULAU PINANG,SEBERANG PERAI UTARA,[PROJEK] TKPM ARA KUDA,Ladang,,Sayur-Sayuran,02,005,KUNDUR BULAT,F.A.Q,Kilogram,1,1,
30866027,2026-08-19,2026-08-20 06:05:26.482955,PULAU PINANG,SEBERANG PERAI UTARA,[PROJEK] TKPM ARA KUDA,Ladang,,Sayur-Sayuran,02,006,LABU AIR,F.A.Q,Kilogram,1.1,1.5,
30866028,2026-08-19,2026-08-20 06:05:26.482955,PULAU PINANG,SEBERANG PERAI UTARA,[PROJEK] TKPM ARA KUDA,Ladang,,Sayur-Sayuran,02,006,LABU MANIS,F.A.Q,Kilogram,1.9,2,
30866029,2026-08-19,2026-08-20 06:05:26.482955,PULAU PINANG,SEBERANG PERAI UTARA,[PROJEK] TKPM ARA KUDA,Ladang,,Sayur-Sayuran,02,007,LIMAU KASTURI,F.A.Q,Kilogram,1.7,5.22,
30866030,2026-08-19,2026-08-20 06:05:26.482955,PULAU PINANG,SEBERANG PERAI UTARA,[PROJEK] TKPM ARA KUDA,Ladang,,Sayur-Sayuran,02,007,LIMAU NIPIS,F.A.Q,Kilogram,2,5.58,
30866031,2026-08-19,2026-08-20 06:05:26.482955,PULAU PINANG,SEBERANG PERAI UTARA,[PROJEK] TKPM ARA KUDA,Ladang,,Sayur-Sayuran,02,009,PERIA,F.A.Q,Kilogram,2.6,5.06,
30866032,2026-08-19,2026-08-20 06:05:26.482955,PULAU PINANG,SEBERANG PERAI UTARA,[PROJEK] TKPM ARA KUDA,Ladang,,Sayur-Sayuran,02,009,PERIA KATAK,F.A.Q,Kilogram,2.6,2.55,
30866033,2026-08-19,2026-08-20 06:05:26.482955,PULAU PINANG,SEBERANG PERAI UTARA,[PROJEK] TKPM ARA KUDA,Ladang,,Sayur-Sayuran,05,008,SERAI,F.A.Q,Kilogram,2,2,
30866034,2026-08-19,2026-08-20 06:05:26.482955,PULAU PINANG,SEBERANG PERAI UTARA,[PROJEK] TKPM ARA KUDA,Ladang,,Sayur-Sayuran,02,010,TERUNG BULAT,F.A.Q,Kilogram,4.2,4.1,
30867467,2026-08-19,2026-08-20 09:07:39.315484,PULAU PINANG,SEBERANG PERAI TENGAH,PASAR AWAM SEBERANG JAYA,Runcit,26,Sayur-Sayuran,02,014,BELIMBING BULUH,F.A.Q,Kilogram,5,5,
30867468,2026-08-19,2026-08-20 09:07:39.315484,PULAU PINANG,SEBERANG PERAI TENGAH,PASAR AWAM SEBERANG JAYA,Runcit,26,Sayur-Sayuran,03,003,BROKOLI (IMPORT),F.A.Q,Kilogram,12,12.31,
30867469,2026-08-19,2026-08-20 09:07:39.315484,PULAU PINANG,SEBERANG PERAI TENGAH,PASAR AWAM SEBERANG JAYA,Runcit,26,Sayur-Sayuran,03,035,BUNGA KANTAN,F.A.Q,Tangkai,4,2.75,
30867470,2026-08-19,2026-08-20 09:07:39.315484,PULAU PINANG,SEBERANG PERAI TENGAH,PASAR AWAM SEBERANG JAYA,Runcit,26,Sayur-Sayuran,03,035,BUNGA KANTAN,F.A.Q,Tangkai,2,2.75,
30867471,2026-08-19,2026-08-20 09:07:39.315484,PULAU PINANG,SEBERANG PERAI TENGAH,PASAR AWAM SEBERANG JAYA,Runcit,26,Sayur-Sayuran,06,001,CENDAWAN TIRAM KELABU,F.A.Q,Kilogram,18,18,
30867472,2026-08-19,2026-08-20 09:07:39.315484,PULAU PINANG,SEBERANG PERAI TENGAH,PASAR AWAM SEBERANG JAYA,Runcit,26,Sayur-Sayuran,02,002,CILI PADI AKAR (THAILAND),F.A.Q,Kilogram,12,13,
30867473,2026-08-19,2026-08-20 09:07:39.315484,PULAU PINANG,SEBERANG PERAI TENGAH,PASAR AWAM SEBERANG JAYA,Runcit,26,Sayur-Sayuran,02,002,CILI PADI AKAR (THAILAND),F.A.Q,Kilogram,10,13,
30867474,2026-08-19,2026-08-20 09:07:39.315484,PULAU PINANG,SEBERANG PERAI TENGAH,PASAR AWAM SEBERANG JAYA,Runcit,26,Sayur-Sayuran,03,011,DAUN KESUM,F.A.Q,Kilogram,9,9,
30867475,2026-08-19,2026-08-20 09:07:39.315484,PULAU PINANG,SEBERANG PERAI TENGAH,PASAR AWAM SEBERANG JAYA,Runcit,26,Sayur-Sayuran,03,021,DAUN KETUMBAR (IMPORT),F.A.Q,Kilogram,25,25,
30867476,2026-08-19,2026-08-20 09:07:39.315484,PULAU PINANG,SEBERANG PERAI TENGAH,PASAR AWAM SEBERANG JAYA,Runcit,26,Sayur-Sayuran,07,002,DAUN SELOM,F.A.Q,Kilogram,9,9,
30867477,2026-08-19,2026-08-20 09:07:39.315484,PULAU PINANG,SEBERANG PERAI TENGAH,PASAR AWAM SEBERANG JAYA,Runcit,26,Sayur-Sayuran,05,002,HALIA MUDA,F.A.Q,Kilogram,15,14,
30867478,2026-08-19,2026-08-20 09:07:39.315484,PULAU PINANG,SEBERANG PERAI TENGAH,PASAR AWAM SEBERANG JAYA,Runcit,26,Sayur-Sayuran,05,002,HALIA TUA (IMPORT),F.A.Q,Kilogram,10,10,
30867479,2026-08-19,2026-08-20 09:07:39.315484,PULAU PINANG,SEBERANG PERAI TENGAH,PASAR AWAM SEBERANG JAYA,Runcit,26,Sayur-Sayuran,07,003,JERING,F.A.Q,Kilogram,8,8.59,
30867480,2026-08-19,2026-08-20 09:07:39.315484,PULAU PINANG,SEBERANG PERAI TENGAH,PASAR AWAM SEBERANG JAYA,Runcit,26,Sayur-Sayuran,04,005,KACANG BOTOR,F.A.Q,Kilogram,15,15,
30867481,2026-08-19,2026-08-20 09:07:39.315484,PULAU PINANG,SEBERANG PERAI TENGAH,PASAR AWAM SEBERANG JAYA,Runcit,26,Sayur-Sayuran,03,018,KAILAN,F.A.Q,Kilogram,10,12,
30867482,2026-08-19,2026-08-20 09:07:39.315484,PULAU PINANG,SEBERANG PERAI TENGAH,PASAR AWAM SEBERANG JAYA,Runcit,26,Sayur-Sayuran,05,003,KELADI,F.A.Q,Kilogram,8,8,
30867483,2026-08-19,2026-08-20 09:07:39.315484,PULAU PINANG,SEBERANG PERAI TENGAH,PASAR AWAM SEBERANG JAYA,Runcit,26,Sayur-Sayuran,02,004,KETOLA / PETOLA SEGI,F.A.Q,Kilogram,8,8,
30867484,2026-08-19,2026-08-20 09:07:39.315484,PULAU PINANG,SEBERANG PERAI TENGAH,PASAR AWAM SEBERANG JAYA,Runcit,26,Sayur-Sayuran,03,006,KUBIS BULAT BEIJING (IMPORT),F.A.Q,Kilogram,6,6,
30867485,2026-08-19,2026-08-20 09:07:39.315484,PULAU PINANG,SEBERANG PERAI TENGAH,PASAR AWAM SEBERANG JAYA,Runcit,26,Sayur-Sayuran,03,004,KUBIS BUNGA (IMPORT),F.A.Q,Kilogram,8,10,
30867486,2026-08-19,2026-08-20 09:07:39.315484,PULAU PINANG,SEBERANG PERAI TENGAH,PASAR AWAM SEBERANG JAYA,Runcit,26,Sayur-Sayuran,03,005,KUBIS PANJANG / CINA,F.A.Q,Kilogram,6,5.94,
30867487,2026-08-19,2026-08-20 09:07:39.315484,PULAU PINANG,SEBERANG PERAI TENGAH,PASAR AWAM SEBERANG JAYA,Runcit,26,Sayur-Sayuran,02,005,KUNDUR BULAT,F.A.Q,Kilogram,5,5,
30867488,2026-08-19,2026-08-20 09:07:39.315484,PULAU PINANG,SEBERANG PERAI TENGAH,PASAR AWAM SEBERANG JAYA,Runcit,26,Sayur-Sayuran,05,004,KUNYIT,F.A.Q,Kilogram,12,12,
30867489,2026-08-19,2026-08-20 09:07:39.315484,PULAU PINANG,SEBERANG PERAI TENGAH,PASAR AWAM SEBERANG JAYA,Runcit,26,Sayur-Sayuran,02,006,LABU AIR,F.A.Q,Kilogram,6,6,
30867490,2026-08-19,2026-08-20 09:07:39.315484,PULAU PINANG,SEBERANG PERAI TENGAH,PASAR AWAM SEBERANG JAYA,Runcit,26,Sayur-Sayuran,02,006,LABU MANIS,F.A.Q,Kilogram,6,6,
30867491,2026-08-19,2026-08-20 09:07:39.315484,PULAU PINANG,SEBERANG PERAI TENGAH,PASAR AWAM SEBERANG JAYA,Runcit,26,Sayur-Sayuran,02,003,LADA BENGGALA / CAPSICUM HIJAU,F.A.Q,Kilogram,15,12.5,
30867492,2026-08-19,2026-08-20 09:07:39.315484,PULAU PINANG,SEBERANG PERAI TENGAH,PASAR AWAM SEBERANG JAYA,Runcit,26,Sayur-Sayuran,02,003,LADA BENGGALA / CAPSICUM HIJAU,F.A.Q,Kilogram,10,12.5,
30867493,2026-08-19,2026-08-20 09:07:39.315484,PULAU PINANG,SEBERANG PERAI TENGAH,PASAR AWAM SEBERANG JAYA,Runcit,26,Sayur-Sayuran,02,003,LADA BENGGALA / CAPSICUM KUNING,F.A.Q,Kilogram,15,13.72,
30867494,2026-08-19,2026-08-20 09:07:39.315484,PULAU PINANG,SEBERANG PERAI TENGAH,PASAR AWAM SEBERANG JAYA,Runcit,26,Sayur-Sayuran,02,003,LADA BENGGALA / CAPSICUM KUNING,F.A.Q,Kilogram,10,13.72,
30867495,2026-08-19,2026-08-20 09:07:39.315484,PULAU PINANG,SEBERANG PERAI TENGAH,PASAR AWAM SEBERANG JAYA,Runcit,26,Sayur-Sayuran,02,003,LADA BENGGALA / CAPSICUM MERAH,F.A.Q,Kilogram,15,13.94,
30867496,2026-08-19,2026-08-20 09:07:39.315484,PULAU PINANG,SEBERANG PERAI TENGAH,PASAR AWAM SEBERANG JAYA,Runcit,26,Sayur-Sayuran,02,003,LADA BENGGALA / CAPSICUM MERAH,F.A.Q,Kilogram,10,13.94,
30867497,2026-08-19,2026-08-20 09:07:39.315484,PULAU PINANG,SEBERANG PERAI TENGAH,PASAR AWAM SEBERANG JAYA,Runcit,26,Sayur-Sayuran,05,005,LENGKUAS,F.A.Q,Kilogram,12,7.19,
30867498,2026-08-19,2026-08-20 09:07:39.315484,PULAU PINANG,SEBERANG PERAI TENGAH,PASAR AWAM SEBERANG JAYA,Runcit,26,Sayur-Sayuran,02,007,LIMAU KASTURI,F.A.Q,Kilogram,10,11.02,
30867499,2026-08-19,2026-08-20 09:07:39.315484,PULAU PINANG,SEBERANG PERAI TENGAH,PASAR AWAM SEBERANG JAYA,Runcit,26,Sayur-Sayuran,02,007,LIMAU KASTURI,F.A.Q,Kilogram,6,11.02,
30867500,2026-08-19,2026-08-20 09:07:39.315484,PULAU PINANG,SEBERANG PERAI TENGAH,PASAR AWAM SEBERANG JAYA,Runcit,26,Sayur-Sayuran,02,007,LIMAU NIPIS,F.A.Q,Kilogram,10,9.333333,
30867501,2026-08-19,2026-08-20 09:07:39.315484,PULAU PINANG,SEBERANG PERAI TENGAH,PASAR AWAM SEBERANG JAYA,Runcit,26,Sayur-Sayuran,02,007,LIMAU NIPIS,F.A.Q,Kilogram,8,9.333333,
30867502,2026-08-19,2026-08-20 09:07:39.315484,PULAU PINANG,SEBERANG PERAI TENGAH,PASAR AWAM SEBERANG JAYA,Runcit,26,Sayur-Sayuran,05,006,LOBAK MERAH (CHINA),F.A.Q,Kilogram,5,5,
30867503,2026-08-19,2026-08-20 09:07:39.315484,PULAU PINANG,SEBERANG PERAI TENGAH,PASAR AWAM SEBERANG JAYA,Runcit,26,Sayur-Sayuran,05,006,LOBAK PUTIH TANAH TINGGI,F.A.Q,Kilogram,6,6,
30867504,2026-08-19,2026-08-20 09:07:39.315484,PULAU PINANG,SEBERANG PERAI TENGAH,PASAR AWAM SEBERANG JAYA,Runcit,26,Sayur-Sayuran,05,006,LOBAK PUTIH TANAH TINGGI,F.A.Q,Kilogram,4,6,
30867505,2026-08-19,2026-08-20 09:07:39.315484,PULAU PINANG,SEBERANG PERAI TENGAH,PASAR AWAM SEBERANG JAYA,Runcit,26,Sayur-Sayuran,07,002,PEGAGA,F.A.Q,Kilogram,20,20,
30867506,2026-08-19,2026-08-20 09:07:39.315484,PULAU PINANG,SEBERANG PERAI TENGAH,PASAR AWAM SEBERANG JAYA,Runcit,26,Sayur-Sayuran,02,009,PERIA,F.A.Q,Kilogram,10,10,
30867507,2026-08-19,2026-08-20 09:07:39.315484,PULAU PINANG,SEBERANG PERAI TENGAH,PASAR AWAM SEBERANG JAYA,Runcit,26,Sayur-Sayuran,02,009,PERIA KATAK,F.A.Q,Kilogram,10,9,
30867508,2026-08-19,2026-08-20 09:07:39.315484,PULAU PINANG,SEBERANG PERAI TENGAH,PASAR AWAM SEBERANG JAYA,Runcit,26,Sayur-Sayuran,07,003,PETAI,F.A.Q,RM/5 Keping,7,7,
30867509,2026-08-19,2026-08-20 09:07:39.315484,PULAU PINANG,SEBERANG PERAI TENGAH,PASAR AWAM SEBERANG JAYA,Runcit,26,Sayur-Sayuran,07,002,PUCUK GAJUS,F.A.Q,Kilogram,7,20,
30867510,2026-08-19,2026-08-20 09:07:39.315484,PULAU PINANG,SEBERANG PERAI TENGAH,PASAR AWAM SEBERANG JAYA,Runcit,26,Sayur-Sayuran,03,026,PUCUK PAKU,F.A.Q,Kilogram,8,10.25,
30867511,2026-08-19,2026-08-20 09:07:39.315484,PULAU PINANG,SEBERANG PERAI TENGAH,PASAR AWAM SEBERANG JAYA,Runcit,26,Sayur-Sayuran,03,027,SALAD,F.A.Q,Kilogram,12,12,
30867512,2026-08-19,2026-08-20 09:07:39.315484,PULAU PINANG,SEBERANG PERAI TENGAH,PASAR AWAM SEBERANG JAYA,Runcit,26,Sayur-Sayuran,03,027,SALAD BULAT TANAH TINGGI,F.A.Q,Kilogram,10,10,
30867513,2026-08-19,2026-08-20 09:07:39.315484,PULAU PINANG,SEBERANG PERAI TENGAH,PASAR AWAM SEBERANG JAYA,Runcit,26,Sayur-Sayuran,03,007,SAWI BUNGA,F.A.Q,Kilogram,12,12,
30867514,2026-08-19,2026-08-20 09:07:39.315484,PULAU PINANG,SEBERANG PERAI TENGAH,PASAR AWAM SEBERANG JAYA,Runcit,26,Sayur-Sayuran,03,007,SAWI JEPUN,F.A.Q,Kilogram,8,9,
30867515,2026-08-19,2026-08-20 09:07:39.315484,PULAU PINANG,SEBERANG PERAI TENGAH,PASAR AWAM SEBERANG JAYA,Runcit,26,Sayur-Sayuran,03,007,SAWI PAHIT,F.A.Q,Kilogram,8,9,
30867516,2026-08-19,2026-08-20 09:07:39.315484,PULAU PINANG,SEBERANG PERAI TENGAH,PASAR AWAM SEBERANG JAYA,Runcit,26,Sayur-Sayuran,03,007,SAWI PUTIH PAK CHOY,F.A.Q,Kilogram,8,9,
30867517,2026-08-19,2026-08-20 09:07:39.315484,PULAU PINANG,SEBERANG PERAI TENGAH,PASAR AWAM SEBERANG JAYA,Runcit,26,Sayur-Sayuran,07,004,SELASIH,F.A.Q,Kilogram,13,15,
30867518,2026-08-19,2026-08-20 09:07:39.315484,PULAU PINANG,SEBERANG PERAI TENGAH,PASAR AWAM SEBERANG JAYA,Runcit,26,Sayur-Sayuran,05,007,SENGKUANG,F.A.Q,Kilogram,6,6,
30867519,2026-08-19,2026-08-20 09:07:39.315484,PULAU PINANG,SEBERANG PERAI TENGAH,PASAR AWAM SEBERANG JAYA,Runcit,26,Sayur-Sayuran,05,008,SERAI,F.A.Q,Kilogram,7,7,
30867520,2026-08-19,2026-08-20 09:07:39.315484,PULAU PINANG,SEBERANG PERAI TENGAH,PASAR AWAM SEBERANG JAYA,Runcit,26,Sayur-Sayuran,03,002,TAUGE,F.A.Q,Kilogram,4.5,4.5,
30867521,2026-08-19,2026-08-20 09:07:39.315484,PULAU PINANG,SEBERANG PERAI TENGAH,PASAR AWAM SEBERANG JAYA,Runcit,26,Sayur-Sayuran,07,002,TENGGEK BURUNG,F.A.Q,Kilogram,20,20,
30867522,2026-08-19,2026-08-20 09:07:39.315484,PULAU PINANG,SEBERANG PERAI TENGAH,PASAR AWAM SEBERANG JAYA,Runcit,26,Sayur-Sayuran,02,010,TERUNG BULAT,F.A.Q,Kilogram,12,12,
30867523,2026-08-19,2026-08-20 09:07:39.315484,PULAU PINANG,SEBERANG PERAI TENGAH,PASAR AWAM SEBERANG JAYA,Runcit,26,Sayur-Sayuran,02,010,TERUNG PIPIT,F.A.Q,Kilogram,8,20,
30867524,2026-08-19,2026-08-20 09:07:39.315484,PULAU PINANG,SEBERANG PERAI TENGAH,PASAR AWAM SEBERANG JAYA,Runcit,26,Sayur-Sayuran,02,011,TIMUN JEPUN,F.A.Q,Kilogram,8,8,
30867525,2026-08-19,2026-08-20 09:07:39.315484,PULAU PINANG,SEBERANG PERAI TENGAH,PASAR AWAM SEBERANG JAYA,Runcit,26,Sayur-Sayuran,02,011,TIMUN JEPUN,F.A.Q,Kilogram,5,8,
30867526,2026-08-19,2026-08-20 09:07:39.315484,PULAU PINANG,SEBERANG PERAI TENGAH,PASAR AWAM SEBERANG JAYA,Runcit,26,Sayur-Sayuran,07,002,ULAM RAJA,F.A.Q,Kilogram,15,15,
30868856,2026-08-19,2026-08-20 10:09:29.620708,MELAKA,MELAKA TENGAH,PASAR BORONG MPHTJ BATU BERENDAM - BAHAGIAN BORONG,Borong,20,Sayur-Sayuran,03,003,BROKOLI (IMPORT),F.A.Q,Kilogram,6.6,9.9,
30868857,2026-08-19,2026-08-20 10:09:29.620708,MELAKA,MELAKA TENGAH,PASAR BORONG MPHTJ BATU BERENDAM - BAHAGIAN BORONG,Borong,20,Sayur-Sayuran,03,003,BROKOLI (IMPORT),F.A.Q,Kilogram,6.8,9.9,
30868858,2026-08-19,2026-08-20 10:09:29.620708,MELAKA,MELAKA TENGAH,PASAR BORONG MPHTJ BATU BERENDAM - BAHAGIAN BORONG,Borong,20,Sayur-Sayuran,03,035,BUNGA KANTAN,F.A.Q,Tangkai,2,1,
30868859,2026-08-19,2026-08-20 10:09:29.620708,MELAKA,MELAKA TENGAH,PASAR BORONG MPHTJ BATU BERENDAM - BAHAGIAN BORONG,Borong,20,Sayur-Sayuran,03,035,BUNGA KANTAN,F.A.Q,Tangkai,1.8,1,
30868860,2026-08-19,2026-08-20 10:09:29.620708,MELAKA,MELAKA TENGAH,PASAR BORONG MPHTJ BATU BERENDAM - BAHAGIAN BORONG,Borong,20,Sayur-Sayuran,06,001,CENDAWAN TIRAM KELABU,F.A.Q,Kilogram,11,11.36,
30868861,2026-08-19,2026-08-20 10:09:29.620708,MELAKA,MELAKA TENGAH,PASAR BORONG MPHTJ BATU BERENDAM - BAHAGIAN BORONG,Borong,20,Sayur-Sayuran,06,001,CENDAWAN TIRAM KELABU,F.A.Q,Kilogram,11.5,11.36,
30868862,2026-08-19,2026-08-20 10:09:29.620708,MELAKA,MELAKA TENGAH,PASAR BORONG MPHTJ BATU BERENDAM - BAHAGIAN BORONG,Borong,20,Sayur-Sayuran,02,002,CILI PADI,F.A.Q,Kilogram,18,21.97,
30868863,2026-08-19,2026-08-20 10:09:29.620708,MELAKA,MELAKA TENGAH,PASAR BORONG MPHTJ BATU BERENDAM - BAHAGIAN BORONG,Borong,20,Sayur-Sayuran,02,002,CILI PADI,F.A.Q,Kilogram,17,21.97,
30868864,2026-08-19,2026-08-20 10:09:29.620708,MELAKA,MELAKA TENGAH,PASAR BORONG MPHTJ BATU BERENDAM - BAHAGIAN BORONG,Borong,20,Sayur-Sayuran,02,002,CILI PADI AKAR (THAILAND),F.A.Q,Kilogram,8,10.96,
30868865,2026-08-19,2026-08-20 10:09:29.620708,MELAKA,MELAKA TENGAH,PASAR BORONG MPHTJ BATU BERENDAM - BAHAGIAN BORONG,Borong,20,Sayur-Sayuran,02,002,CILI PADI AKAR (THAILAND),F.A.Q,Kilogram,9,10.96,
30868866,2026-08-19,2026-08-20 10:09:29.620708,MELAKA,MELAKA TENGAH,PASAR BORONG MPHTJ BATU BERENDAM - BAHAGIAN BORONG,Borong,20,Sayur-Sayuran,02,002,CILI PADI MERAH (IMPORT),F.A.Q,Kilogram,12,20,
30868867,2026-08-19,2026-08-20 10:09:29.620708,MELAKA,MELAKA TENGAH,PASAR BORONG MPHTJ BATU BERENDAM - BAHAGIAN BORONG,Borong,20,Sayur-Sayuran,02,002,CILI PADI MERAH (IMPORT),F.A.Q,Kilogram,13,20,
30868868,2026-08-19,2026-08-20 10:09:29.620708,MELAKA,MELAKA TENGAH,PASAR BORONG MPHTJ BATU BERENDAM - BAHAGIAN BORONG,Borong,20,Sayur-Sayuran,03,011,DAUN KESUM,F.A.Q,Kilogram,7,5.98,
30868869,2026-08-19,2026-08-20 10:09:29.620708,MELAKA,MELAKA TENGAH,PASAR BORONG MPHTJ BATU BERENDAM - BAHAGIAN BORONG,Borong,20,Sayur-Sayuran,03,021,DAUN KETUMBAR (IMPORT),F.A.Q,Kilogram,11,14.55,
30868870,2026-08-19,2026-08-20 10:09:29.620708,MELAKA,MELAKA TENGAH,PASAR BORONG MPHTJ BATU BERENDAM - BAHAGIAN BORONG,Borong,20,Sayur-Sayuran,03,021,DAUN KETUMBAR (IMPORT),F.A.Q,Kilogram,10,14.55,
30868871,2026-08-19,2026-08-20 10:09:29.620708,MELAKA,MELAKA TENGAH,PASAR BORONG MPHTJ BATU BERENDAM - BAHAGIAN BORONG,Borong,20,Sayur-Sayuran,07,002,DAUN SELOM,F.A.Q,Kilogram,10,6.99,
30868872,2026-08-19,2026-08-20 10:09:29.620708,MELAKA,MELAKA TENGAH,PASAR BORONG MPHTJ BATU BERENDAM - BAHAGIAN BORONG,Borong,20,Sayur-Sayuran,05,002,HALIA MUDA (IMPORT),F.A.Q,Kilogram,6.5,7.86,
30868873,2026-08-19,2026-08-20 10:09:29.620708,MELAKA,MELAKA TENGAH,PASAR BORONG MPHTJ BATU BERENDAM - BAHAGIAN BORONG,Borong,20,Sayur-Sayuran,05,002,HALIA MUDA (IMPORT),F.A.Q,Kilogram,7,7.86,
30868874,2026-08-19,2026-08-20 10:09:29.620708,MELAKA,MELAKA TENGAH,PASAR BORONG MPHTJ BATU BERENDAM - BAHAGIAN BORONG,Borong,20,Sayur-Sayuran,05,002,HALIA TUA (IMPORT),F.A.Q,Kilogram,7.2,6.09,
30868875,2026-08-19,2026-08-20 10:09:29.620708,MELAKA,MELAKA TENGAH,PASAR BORONG MPHTJ BATU BERENDAM - BAHAGIAN BORONG,Borong,20,Sayur-Sayuran,05,002,HALIA TUA (IMPORT),F.A.Q,Kilogram,7,6.09,
30868876,2026-08-19,2026-08-20 10:09:29.620708,MELAKA,MELAKA TENGAH,PASAR BORONG MPHTJ BATU BERENDAM - BAHAGIAN BORONG,Borong,20,Sayur-Sayuran,05,002,HALIA TUA BENTONG,F.A.Q,Kilogram,18,22.29,
30868877,2026-08-19,2026-08-20 10:09:29.620708,MELAKA,MELAKA TENGAH,PASAR BORONG MPHTJ BATU BERENDAM - BAHAGIAN BORONG,Borong,20,Sayur-Sayuran,02,001,JAGUNG SAYUR / BABY CORN,F.A.Q,Kilogram,9,6.94,
30868878,2026-08-19,2026-08-20 10:09:29.620708,MELAKA,MELAKA TENGAH,PASAR BORONG MPHTJ BATU BERENDAM - BAHAGIAN BORONG,Borong,20,Sayur-Sayuran,02,001,JAGUNG SAYUR / BABY CORN,F.A.Q,Kilogram,11,6.94,
30868879,2026-08-19,2026-08-20 10:09:29.620708,MELAKA,MELAKA TENGAH,PASAR BORONG MPHTJ BATU BERENDAM - BAHAGIAN BORONG,Borong,20,Sayur-Sayuran,04,005,KACANG BOTOR,F.A.Q,Kilogram,10,11.39,
30868880,2026-08-19,2026-08-20 10:09:29.620708,MELAKA,MELAKA TENGAH,PASAR BORONG MPHTJ BATU BERENDAM - BAHAGIAN BORONG,Borong,20,Sayur-Sayuran,04,005,KACANG BOTOR,F.A.Q,Kilogram,10,11.39,
30868881,2026-08-19,2026-08-20 10:09:29.620708,MELAKA,MELAKA TENGAH,PASAR BORONG MPHTJ BATU BERENDAM - BAHAGIAN BORONG,Borong,20,Sayur-Sayuran,03,018,KAILAN,F.A.Q,Kilogram,6,6.82,
30868882,2026-08-19,2026-08-20 10:09:29.620708,MELAKA,MELAKA TENGAH,PASAR BORONG MPHTJ BATU BERENDAM - BAHAGIAN BORONG,Borong,20,Sayur-Sayuran,03,018,KAILAN,F.A.Q,Kilogram,6,6.82,
30868883,2026-08-19,2026-08-20 10:09:29.620708,MELAKA,MELAKA TENGAH,PASAR BORONG MPHTJ BATU BERENDAM - BAHAGIAN BORONG,Borong,20,Sayur-Sayuran,05,003,KELADI,F.A.Q,Kilogram,7,8.4,
30868884,2026-08-19,2026-08-20 10:09:29.620708,MELAKA,MELAKA TENGAH,PASAR BORONG MPHTJ BATU BERENDAM - BAHAGIAN BORONG,Borong,20,Sayur-Sayuran,05,003,KELADI,F.A.Q,Kilogram,7,8.4,
30868885,2026-08-19,2026-08-20 10:09:29.620708,MELAKA,MELAKA TENGAH,PASAR BORONG MPHTJ BATU BERENDAM - BAHAGIAN BORONG,Borong,20,Sayur-Sayuran,02,004,KETOLA / PETOLA SEGI,F.A.Q,Kilogram,4.5,3,
30868886,2026-08-19,2026-08-20 10:09:29.620708,MELAKA,MELAKA TENGAH,PASAR BORONG MPHTJ BATU BERENDAM - BAHAGIAN BORONG,Borong,20,Sayur-Sayuran,02,004,KETOLA / PETOLA SEGI,F.A.Q,Kilogram,4.2,3,
30868887,2026-08-19,2026-08-20 10:09:29.620708,MELAKA,MELAKA TENGAH,PASAR BORONG MPHTJ BATU BERENDAM - BAHAGIAN BORONG,Borong,20,Sayur-Sayuran,03,006,KUBIS BULAT BEIJING (IMPORT),F.A.Q,Kilogram,3,3.21,
30868888,2026-08-19,2026-08-20 10:09:29.620708,MELAKA,MELAKA TENGAH,PASAR BORONG MPHTJ BATU BERENDAM - BAHAGIAN BORONG,Borong,20,Sayur-Sayuran,03,006,KUBIS BULAT BEIJING (IMPORT),F.A.Q,Kilogram,3,3.21,
30868889,2026-08-19,2026-08-20 10:09:29.620708,MELAKA,MELAKA TENGAH,PASAR BORONG MPHTJ BATU BERENDAM - BAHAGIAN BORONG,Borong,20,Sayur-Sayuran,03,004,KUBIS BUNGA (IMPORT),F.A.Q,Kilogram,5.5,6.69,
30868890,2026-08-19,2026-08-20 10:09:29.620708,MELAKA,MELAKA TENGAH,PASAR BORONG MPHTJ BATU BERENDAM - BAHAGIAN BORONG,Borong,20,Sayur-Sayuran,03,004,KUBIS BUNGA (IMPORT),F.A.Q,Kilogram,5.5,6.69,
30868891,2026-08-19,2026-08-20 10:09:29.620708,MELAKA,MELAKA TENGAH,PASAR BORONG MPHTJ BATU BERENDAM - BAHAGIAN BORONG,Borong,20,Sayur-Sayuran,03,005,KUBIS PANJANG / CINA,F.A.Q,Kilogram,3.5,4.03,
30868892,2026-08-19,2026-08-20 10:09:29.620708,MELAKA,MELAKA TENGAH,PASAR BORONG MPHTJ BATU BERENDAM - BAHAGIAN BORONG,Borong,20,Sayur-Sayuran,03,005,KUBIS PANJANG / CINA,F.A.Q,Kilogram,3.5,4.03,
30868893,2026-08-19,2026-08-20 10:09:29.620708,MELAKA,MELAKA TENGAH,PASAR BORONG MPHTJ BATU BERENDAM - BAHAGIAN BORONG,Borong,20,Sayur-Sayuran,03,005,KUBIS PANJANG / CINA (IMPORT),F.A.Q,Kilogram,3,4,
30868894,2026-08-19,2026-08-20 10:09:29.620708,MELAKA,MELAKA TENGAH,PASAR BORONG MPHTJ BATU BERENDAM - BAHAGIAN BORONG,Borong,20,Sayur-Sayuran,03,005,KUBIS PANJANG / CINA (IMPORT),F.A.Q,Kilogram,2.8,4,
30870488,2026-08-19,2026-08-20 11:22:56.169593,PAHANG,CAMERON HIGHLANDS,LADANG/KEBUN BLUE VALLEY,Ladang,,Sayur-Sayuran,02,002,CILI MERAH MINYAK,F.A.Q,Kilogram,11,8.576923,
30870489,2026-08-19,2026-08-20 11:22:56.169593,PAHANG,CAMERON HIGHLANDS,LADANG/KEBUN BLUE VALLEY,Ladang,,Sayur-Sayuran,03,006,KUBIS BULAT (TANAH TINGGI),F.A.Q,Kilogram,1.5,1.4,
30870490,2026-08-19,2026-08-20 11:22:56.169593,PAHANG,CAMERON HIGHLANDS,LADANG/KEBUN BLUE VALLEY,Ladang,,Sayur-Sayuran,02,012,TOMATO (TANAH TINGGI),F.A.Q,Kilogram,4.6,7.084615,
30870590,2026-08-19,2026-08-20 11:36:41.418691,NEGERI SEMBILAN,REMBAU,,Ladang,,Sayur-Sayuran,03,007,SAWI BUNGA,F.A.Q,Kilogram,5,5.78,
30870948,2026-08-19,2026-08-20 12:22:12.136442,PERLIS,PERLIS,PASAR AWAM SENA,Runcit,26,Sayur-Sayuran,03,011,DAUN KESUM,F.A.Q,Kilogram,9,9,
30870949,2026-08-19,2026-08-20 12:22:12.136442,PERLIS,PERLIS,PASAR AWAM SENA,Runcit,26,Sayur-Sayuran,03,011,DAUN KESUM,F.A.Q,Kilogram,9,9,
30870950,2026-08-19,2026-08-20 12:22:12.136442,PERLIS,PERLIS,PASAR AWAM SENA,Runcit,26,Sayur-Sayuran,03,011,DAUN KESUM,F.A.Q,Kilogram,9,9,
30870951,2026-08-19,2026-08-20 12:22:12.136442,PERLIS,PERLIS,PASAR AWAM SENA,Runcit,26,Sayur-Sayuran,03,011,DAUN KESUM,F.A.Q,Kilogram,9,9,
30870952,2026-08-19,2026-08-20 12:22:12.136442,PERLIS,PERLIS,PASAR AWAM SENA,Runcit,26,Sayur-Sayuran,03,011,DAUN KESUM,F.A.Q,Kilogram,9,9,
30870953,2026-08-19,2026-08-20 12:22:12.136442,PERLIS,PERLIS,PASAR AWAM SENA,Runcit,26,Sayur-Sayuran,03,021,DAUN KETUMBAR (IMPORT),F.A.Q,Kilogram,21,20,
30870954,2026-08-19,2026-08-20 12:22:12.136442,PERLIS,PERLIS,PASAR AWAM SENA,Runcit,26,Sayur-Sayuran,03,021,DAUN KETUMBAR (IMPORT),F.A.Q,Kilogram,21,20,
30870955,2026-08-19,2026-08-20 12:22:12.136442,PERLIS,PERLIS,PASAR AWAM SENA,Runcit,26,Sayur-Sayuran,03,021,DAUN KETUMBAR (IMPORT),F.A.Q,Kilogram,21,20,
30870956,2026-08-19,2026-08-20 12:22:12.136442,PERLIS,PERLIS,PASAR AWAM SENA,Runcit,26,Sayur-Sayuran,03,021,DAUN KETUMBAR (IMPORT),F.A.Q,Kilogram,21,20,
30870957,2026-08-19,2026-08-20 12:22:12.136442,PERLIS,PERLIS,PASAR AWAM SENA,Runcit,26,Sayur-Sayuran,03,021,DAUN KETUMBAR (IMPORT),F.A.Q,Kilogram,21,20,
30870958,2026-08-19,2026-08-20 12:22:12.136442,PERLIS,PERLIS,PASAR AWAM SENA,Runcit,26,Sayur-Sayuran,07,002,DAUN SELOM,F.A.Q,Kilogram,10,10,
30870959,2026-08-19,2026-08-20 12:22:12.136442,PERLIS,PERLIS,PASAR AWAM SENA,Runcit,26,Sayur-Sayuran,07,002,DAUN SELOM,F.A.Q,Kilogram,10,10,
30870960,2026-08-19,2026-08-20 12:22:12.136442,PERLIS,PERLIS,PASAR AWAM SENA,Runcit,26,Sayur-Sayuran,07,002,DAUN SELOM,F.A.Q,Kilogram,10,10,
30870961,2026-08-19,2026-08-20 12:22:12.136442,PERLIS,PERLIS,PASAR AWAM SENA,Runcit,26,Sayur-Sayuran,07,002,DAUN SELOM,F.A.Q,Kilogram,10,10,
30870962,2026-08-19,2026-08-20 12:22:12.136442,PERLIS,PERLIS,PASAR AWAM SENA,Runcit,26,Sayur-Sayuran,07,002,DAUN SELOM,F.A.Q,Kilogram,10,10,
30870963,2026-08-19,2026-08-20 12:22:12.136442,PERLIS,PERLIS,PASAR AWAM SENA,Runcit,26,Sayur-Sayuran,05,002,HALIA MUDA (IMPORT),F.A.Q,Kilogram,11,11,
30870964,2026-08-19,2026-08-20 12:22:12.136442,PERLIS,PERLIS,PASAR AWAM SENA,Runcit,26,Sayur-Sayuran,05,002,HALIA MUDA (IMPORT),F.A.Q,Kilogram,11,11,
30870965,2026-08-19,2026-08-20 12:22:12.136442,PERLIS,PERLIS,PASAR AWAM SENA,Runcit,26,Sayur-Sayuran,05,002,HALIA MUDA (IMPORT),F.A.Q,Kilogram,11,11,
30870966,2026-08-19,2026-08-20 12:22:12.136442,PERLIS,PERLIS,PASAR AWAM SENA,Runcit,26,Sayur-Sayuran,05,002,HALIA MUDA (IMPORT),F.A.Q,Kilogram,11,11,
30870967,2026-08-19,2026-08-20 12:22:12.136442,PERLIS,PERLIS,PASAR AWAM SENA,Runcit,26,Sayur-Sayuran,05,002,HALIA MUDA (IMPORT),F.A.Q,Kilogram,11,11,
30870968,2026-08-19,2026-08-20 12:22:12.136442,PERLIS,PERLIS,PASAR AWAM SENA,Runcit,26,Sayur-Sayuran,05,002,HALIA TUA (IMPORT),F.A.Q,Kilogram,9,9.4,
30870969,2026-08-19,2026-08-20 12:22:12.136442,PERLIS,PERLIS,PASAR AWAM SENA,Runcit,26,Sayur-Sayuran,05,002,HALIA TUA (IMPORT),F.A.Q,Kilogram,9,9.4,
30870970,2026-08-19,2026-08-20 12:22:12.136442,PERLIS,PERLIS,PASAR AWAM SENA,Runcit,26,Sayur-Sayuran,05,002,HALIA TUA (IMPORT),F.A.Q,Kilogram,9,9.4,
30870971,2026-08-19,2026-08-20 12:22:12.136442,PERLIS,PERLIS,PASAR AWAM SENA,Runcit,26,Sayur-Sayuran,05,002,HALIA TUA (IMPORT),F.A.Q,Kilogram,9,9.4,
30870972,2026-08-19,2026-08-20 12:22:12.136442,PERLIS,PERLIS,PASAR AWAM SENA,Runcit,26,Sayur-Sayuran,05,002,HALIA TUA (IMPORT),F.A.Q,Kilogram,9,9.4,
30870973,2026-08-19,2026-08-20 12:22:12.136442,PERLIS,PERLIS,PASAR AWAM SENA,Runcit,26,Sayur-Sayuran,02,001,JAGUNG SAYUR / BABY CORN,F.A.Q,Kilogram,20,15,
30870974,2026-08-19,2026-08-20 12:22:12.136442,PERLIS,PERLIS,PASAR AWAM SENA,Runcit,26,Sayur-Sayuran,02,001,JAGUNG SAYUR / BABY CORN,F.A.Q,Kilogram,20,15,
30870975,2026-08-19,2026-08-20 12:22:12.136442,PERLIS,PERLIS,PASAR AWAM SENA,Runcit,26,Sayur-Sayuran,02,001,JAGUNG SAYUR / BABY CORN,F.A.Q,Kilogram,20,15,
30870976,2026-08-19,2026-08-20 12:22:12.136442,PERLIS,PERLIS,PASAR AWAM SENA,Runcit,26,Sayur-Sayuran,02,001,JAGUNG SAYUR / BABY CORN,F.A.Q,Kilogram,20,15,
30870977,2026-08-19,2026-08-20 12:22:12.136442,PERLIS,PERLIS,PASAR AWAM SENA,Runcit,26,Sayur-Sayuran,02,001,JAGUNG SAYUR / BABY CORN,F.A.Q,Kilogram,20,15,
30870978,2026-08-19,2026-08-20 12:22:12.136442,PERLIS,PERLIS,PASAR AWAM SENA,Runcit,26,Sayur-Sayuran,04,005,KACANG BOTOR,F.A.Q,Kilogram,14,14,
30870979,2026-08-19,2026-08-20 12:22:12.136442,PERLIS,PERLIS,PASAR AWAM SENA,Runcit,26,Sayur-Sayuran,04,005,KACANG BOTOR,F.A.Q,Kilogram,14,14,
30870980,2026-08-19,2026-08-20 12:22:12.136442,PERLIS,PERLIS,PASAR AWAM SENA,Runcit,26,Sayur-Sayuran,04,005,KACANG BOTOR,F.A.Q,Kilogram,14,14,
30870981,2026-08-19,2026-08-20 12:22:12.136442,PERLIS,PERLIS,PASAR AWAM SENA,Runcit,26,Sayur-Sayuran,04,005,KACANG BOTOR,F.A.Q,Kilogram,14,14,
30870982,2026-08-19,2026-08-20 12:22:12.136442,PERLIS,PERLIS,PASAR AWAM SENA,Runcit,26,Sayur-Sayuran,04,005,KACANG BOTOR,F.A.Q,Kilogram,14,14,
30870983,2026-08-19,2026-08-20 12:22:12.136442,PERLIS,PERLIS,PASAR AWAM SENA,Runcit,26,Sayur-Sayuran,03,018,KAILAN,F.A.Q,Kilogram,8,7,
30870984,2026-08-19,2026-08-20 12:22:12.136442,PERLIS,PERLIS,PASAR AWAM SENA,Runcit,26,Sayur-Sayuran,03,018,KAILAN,F.A.Q,Kilogram,8,7,
30870985,2026-08-19,2026-08-20 12:22:12.136442,PERLIS,PERLIS,PASAR AWAM SENA,Runcit,26,Sayur-Sayuran,03,018,KAILAN,F.A.Q,Kilogram,8,7,
30870986,2026-08-19,2026-08-20 12:22:12.136442,PERLIS,PERLIS,PASAR AWAM SENA,Runcit,26,Sayur-Sayuran,03,018,KAILAN,F.A.Q,Kilogram,8,7,
30870987,2026-08-19,2026-08-20 12:22:12.136442,PERLIS,PERLIS,PASAR AWAM SENA,Runcit,26,Sayur-Sayuran,03,018,KAILAN,F.A.Q,Kilogram,8,7,
30870988,2026-08-19,2026-08-20 12:22:12.136442,PERLIS,PERLIS,PASAR AWAM SENA,Runcit,26,Sayur-Sayuran,03,018,KAILAN (IMPORT),F.A.Q,Kilogram,7,7,
30870989,2026-08-19,2026-08-20 12:22:12.136442,PERLIS,PERLIS,PASAR AWAM SENA,Runcit,26,Sayur-Sayuran,03,018,KAILAN (IMPORT),F.A.Q,Kilogram,7,7,
30870990,2026-08-19,2026-08-20 12:22:12.136442,PERLIS,PERLIS,PASAR AWAM SENA,Runcit,26,Sayur-Sayuran,03,018,KAILAN (IMPORT),F.A.Q,Kilogram,7,7,
30870991,2026-08-19,2026-08-20 12:22:12.136442,PERLIS,PERLIS,PASAR AWAM SENA,Runcit,26,Sayur-Sayuran,03,018,KAILAN (IMPORT),F.A.Q,Kilogram,7,7,
30870992,2026-08-19,2026-08-20 12:22:12.136442,PERLIS,PERLIS,PASAR AWAM SENA,Runcit,26,Sayur-Sayuran,03,018,KAILAN (IMPORT),F.A.Q,Kilogram,7,7,
30870993,2026-08-19,2026-08-20 12:22:12.136442,PERLIS,PERLIS,PASAR AWAM SENA,Runcit,26,Sayur-Sayuran,05,003,KELADI,F.A.Q,Kilogram,12,12,
30870994,2026-08-19,2026-08-20 12:22:12.136442,PERLIS,PERLIS,PASAR AWAM SENA,Runcit,26,Sayur-Sayuran,05,003,KELADI,F.A.Q,Kilogram,12,12,
30870995,2026-08-19,2026-08-20 12:22:12.136442,PERLIS,PERLIS,PASAR AWAM SENA,Runcit,26,Sayur-Sayuran,05,003,KELADI,F.A.Q,Kilogram,12,12,
30870996,2026-08-19,2026-08-20 12:22:12.136442,PERLIS,PERLIS,PASAR AWAM SENA,Runcit,26,Sayur-Sayuran,05,003,KELADI,F.A.Q,Kilogram,12,12,
30870997,2026-08-19,2026-08-20 12:22:12.136442,PERLIS,PERLIS,PASAR AWAM SENA,Runcit,26,Sayur-Sayuran,05,003,KELADI,F.A.Q,Kilogram,12,12,
30870998,2026-08-19,2026-08-20 12:22:12.136442,PERLIS,PERLIS,PASAR AWAM SENA,Runcit,26,Sayur-Sayuran,02,004,KETOLA / PETOLA SEGI,F.A.Q,Kilogram,7,6,
30870999,2026-08-19,2026-08-20 12:22:12.136442,PERLIS,PERLIS,PASAR AWAM SENA,Runcit,26,Sayur-Sayuran,02,004,KETOLA / PETOLA SEGI,F.A.Q,Kilogram,7,6,
30871000,2026-08-19,2026-08-20 12:22:12.136442,PERLIS,PERLIS,PASAR AWAM SENA,Runcit,26,Sayur-Sayuran,02,004,KETOLA / PETOLA SEGI,F.A.Q,Kilogram,7,6,
30871001,2026-08-19,2026-08-20 12:22:12.136442,PERLIS,PERLIS,PASAR AWAM SENA,Runcit,26,Sayur-Sayuran,02,004,KETOLA / PETOLA SEGI,F.A.Q,Kilogram,7,6,
30871002,2026-08-19,2026-08-20 12:22:12.136442,PERLIS,PERLIS,PASAR AWAM SENA,Runcit,26,Sayur-Sayuran,02,004,KETOLA / PETOLA SEGI,F.A.Q,Kilogram,6,6,
30871003,2026-08-19,2026-08-20 12:22:12.286916,PERLIS,PERLIS,PASAR AWAM SENA,Runcit,26,Sayur-Sayuran,03,006,KUBIS BULAT BEIJING (IMPORT),F.A.Q,Kilogram,6,5,
30871004,2026-08-19,2026-08-20 12:22:12.286916,PERLIS,PERLIS,PASAR AWAM SENA,Runcit,26,Sayur-Sayuran,03,006,KUBIS BULAT BEIJING (IMPORT),F.A.Q,Kilogram,6,5,
30871005,2026-08-19,2026-08-20 12:22:12.286916,PERLIS,PERLIS,PASAR AWAM SENA,Runcit,26,Sayur-Sayuran,03,006,KUBIS BULAT BEIJING (IMPORT),F.A.Q,Kilogram,6,5,
30871006,2026-08-19,2026-08-20 12:22:12.286916,PERLIS,PERLIS,PASAR AWAM SENA,Runcit,26,Sayur-Sayuran,03,006,KUBIS BULAT BEIJING (IMPORT),F.A.Q,Kilogram,6,5,
30871007,2026-08-19,2026-08-20 12:22:12.286916,PERLIS,PERLIS,PASAR AWAM SENA,Runcit,26,Sayur-Sayuran,03,006,KUBIS BULAT BEIJING (IMPORT),F.A.Q,Kilogram,6,5,
30871008,2026-08-19,2026-08-20 12:22:12.286916,PERLIS,PERLIS,PASAR AWAM SENA,Runcit,26,Sayur-Sayuran,03,004,KUBIS BUNGA (IMPORT),F.A.Q,Kilogram,11,12,
30871009,2026-08-19,2026-08-20 12:22:12.286916,PERLIS,PERLIS,PASAR AWAM SENA,Runcit,26,Sayur-Sayuran,03,004,KUBIS BUNGA (IMPORT),F.A.Q,Kilogram,11,12,
30871010,2026-08-19,2026-08-20 12:22:12.286916,PERLIS,PERLIS,PASAR AWAM SENA,Runcit,26,Sayur-Sayuran,03,004,KUBIS BUNGA (IMPORT),F.A.Q,Kilogram,11,12,
30871011,2026-08-19,2026-08-20 12:22:12.286916,PERLIS,PERLIS,PASAR AWAM SENA,Runcit,26,Sayur-Sayuran,03,004,KUBIS BUNGA (IMPORT),F.A.Q,Kilogram,11,12,
30871012,2026-08-19,2026-08-20 12:22:12.286916,PERLIS,PERLIS,PASAR AWAM SENA,Runcit,26,Sayur-Sayuran,03,004,KUBIS BUNGA (IMPORT),F.A.Q,Kilogram,11,12,
30871013,2026-08-19,2026-08-20 12:22:12.286916,PERLIS,PERLIS,PASAR AWAM SENA,Runcit,26,Sayur-Sayuran,03,005,KUBIS PANJANG / CINA (IMPORT),F.A.Q,Kilogram,6,6,
30871014,2026-08-19,2026-08-20 12:22:12.286916,PERLIS,PERLIS,PASAR AWAM SENA,Runcit,26,Sayur-Sayuran,03,005,KUBIS PANJANG / CINA (IMPORT),F.A.Q,Kilogram,6,6,
30871015,2026-08-19,2026-08-20 12:22:12.286916,PERLIS,PERLIS,PASAR AWAM SENA,Runcit,26,Sayur-Sayuran,03,005,KUBIS PANJANG / CINA (IMPORT),F.A.Q,Kilogram,6,6,
30871016,2026-08-19,2026-08-20 12:22:12.286916,PERLIS,PERLIS,PASAR AWAM SENA,Runcit,26,Sayur-Sayuran,03,005,KUBIS PANJANG / CINA (IMPORT),F.A.Q,Kilogram,6,6,
30871017,2026-08-19,2026-08-20 12:22:12.286916,PERLIS,PERLIS,PASAR AWAM SENA,Runcit,26,Sayur-Sayuran,03,005,KUBIS PANJANG / CINA (IMPORT),F.A.Q,Kilogram,6,6,
30871018,2026-08-19,2026-08-20 12:22:12.286916,PERLIS,PERLIS,PASAR AWAM SENA,Runcit,26,Sayur-Sayuran,02,005,KUNDUR BULAT,F.A.Q,Kilogram,5,5,
30871019,2026-08-19,2026-08-20 12:22:12.286916,PERLIS,PERLIS,PASAR AWAM SENA,Runcit,26,Sayur-Sayuran,02,005,KUNDUR BULAT,F.A.Q,Kilogram,5,5,
30871020,2026-08-19,2026-08-20 12:22:12.286916,PERLIS,PERLIS,PASAR AWAM SENA,Runcit,26,Sayur-Sayuran,02,005,KUNDUR BULAT,F.A.Q,Kilogram,5,5,
30871021,2026-08-19,2026-08-20 12:22:12.286916,PERLIS,PERLIS,PASAR AWAM SENA,Runcit,26,Sayur-Sayuran,02,005,KUNDUR BULAT,F.A.Q,Kilogram,5,5,
30871022,2026-08-19,2026-08-20 12:22:12.286916,PERLIS,PERLIS,PASAR AWAM SENA,Runcit,26,Sayur-Sayuran,02,005,KUNDUR BULAT,F.A.Q,Kilogram,5,5,
30871023,2026-08-19,2026-08-20 12:22:12.286916,PERLIS,PERLIS,PASAR AWAM SENA,Runcit,26,Sayur-Sayuran,05,004,KUNYIT,F.A.Q,Kilogram,8,8,
30871024,2026-08-19,2026-08-20 12:22:12.286916,PERLIS,PERLIS,PASAR AWAM SENA,Runcit,26,Sayur-Sayuran,05,004,KUNYIT,F.A.Q,Kilogram,8,8,
30871025,2026-08-19,2026-08-20 12:22:12.286916,PERLIS,PERLIS,PASAR AWAM SENA,Runcit,26,Sayur-Sayuran,05,004,KUNYIT,F.A.Q,Kilogram,8,8,
30871026,2026-08-19,2026-08-20 12:22:12.286916,PERLIS,PERLIS,PASAR AWAM SENA,Runcit,26,Sayur-Sayuran,05,004,KUNYIT,F.A.Q,Kilogram,8,8,
30871027,2026-08-19,2026-08-20 12:22:12.286916,PERLIS,PERLIS,PASAR AWAM SENA,Runcit,26,Sayur-Sayuran,05,004,KUNYIT,F.A.Q,Kilogram,8,8,
30871028,2026-08-19,2026-08-20 12:22:12.286916,PERLIS,PERLIS,PASAR AWAM SENA,Runcit,26,Sayur-Sayuran,02,006,LABU AIR,F.A.Q,Kilogram,4,4,
30871029,2026-08-19,2026-08-20 12:22:12.286916,PERLIS,PERLIS,PASAR AWAM SENA,Runcit,26,Sayur-Sayuran,02,006,LABU AIR,F.A.Q,Kilogram,4,4,
30871030,2026-08-19,2026-08-20 12:22:12.286916,PERLIS,PERLIS,PASAR AWAM SENA,Runcit,26,Sayur-Sayuran,02,006,LABU AIR,F.A.Q,Kilogram,4,4,
30871031,2026-08-19,2026-08-20 12:22:12.286916,PERLIS,PERLIS,PASAR AWAM SENA,Runcit,26,Sayur-Sayuran,02,006,LABU AIR,F.A.Q,Kilogram,4,4,
30871032,2026-08-19,2026-08-20 12:22:12.286916,PERLIS,PERLIS,PASAR AWAM SENA,Runcit,26,Sayur-Sayuran,02,006,LABU AIR,F.A.Q,Kilogram,4,4,
30871033,2026-08-19,2026-08-20 12:22:12.286916,PERLIS,PERLIS,PASAR AWAM SENA,Runcit,26,Sayur-Sayuran,02,006,LABU MANIS,F.A.Q,Kilogram,5,5,
30871034,2026-08-19,2026-08-20 12:22:12.286916,PERLIS,PERLIS,PASAR AWAM SENA,Runcit,26,Sayur-Sayuran,02,006,LABU MANIS,F.A.Q,Kilogram,5,5,
30871035,2026-08-19,2026-08-20 12:22:12.286916,PERLIS,PERLIS,PASAR AWAM SENA,Runcit,26,Sayur-Sayuran,02,006,LABU MANIS,F.A.Q,Kilogram,5,5,
30871036,2026-08-19,2026-08-20 12:22:12.286916,PERLIS,PERLIS,PASAR AWAM SENA,Runcit,26,Sayur-Sayuran,02,006,LABU MANIS,F.A.Q,Kilogram,5,5,
30871037,2026-08-19,2026-08-20 12:22:12.286916,PERLIS,PERLIS,PASAR AWAM SENA,Runcit,26,Sayur-Sayuran,02,006,LABU MANIS,F.A.Q,Kilogram,5,5,
30871038,2026-08-19,2026-08-20 12:22:12.286916,PERLIS,PERLIS,PASAR AWAM SENA,Runcit,26,Sayur-Sayuran,02,003,LADA BENGGALA / CAPSICUM HIJAU,F.A.Q,Kilogram,15,15,
30871039,2026-08-19,2026-08-20 12:22:12.286916,PERLIS,PERLIS,PASAR AWAM SENA,Runcit,26,Sayur-Sayuran,02,003,LADA BENGGALA / CAPSICUM HIJAU,F.A.Q,Kilogram,15,15,
30871040,2026-08-19,2026-08-20 12:22:12.286916,PERLIS,PERLIS,PASAR AWAM SENA,Runcit,26,Sayur-Sayuran,02,003,LADA BENGGALA / CAPSICUM HIJAU,F.A.Q,Kilogram,15,15,
30871041,2026-08-19,2026-08-20 12:22:12.286916,PERLIS,PERLIS,PASAR AWAM SENA,Runcit,26,Sayur-Sayuran,02,003,LADA BENGGALA / CAPSICUM HIJAU,F.A.Q,Kilogram,15,15,
30871042,2026-08-19,2026-08-20 12:22:12.286916,PERLIS,PERLIS,PASAR AWAM SENA,Runcit,26,Sayur-Sayuran,02,003,LADA BENGGALA / CAPSICUM HIJAU,F.A.Q,Kilogram,15,15,
30871043,2026-08-19,2026-08-20 12:22:12.286916,PERLIS,PERLIS,PASAR AWAM SENA,Runcit,26,Sayur-Sayuran,02,003,LADA BENGGALA / CAPSICUM HIJAU (IMPORT),F.A.Q,Kilogram,16,16,
30871044,2026-08-19,2026-08-20 12:22:12.286916,PERLIS,PERLIS,PASAR AWAM SENA,Runcit,26,Sayur-Sayuran,02,003,LADA BENGGALA / CAPSICUM HIJAU (IMPORT),F.A.Q,Kilogram,16,16,
30871045,2026-08-19,2026-08-20 12:22:12.286916,PERLIS,PERLIS,PASAR AWAM SENA,Runcit,26,Sayur-Sayuran,02,003,LADA BENGGALA / CAPSICUM HIJAU (IMPORT),F.A.Q,Kilogram,16,16,
30871046,2026-08-19,2026-08-20 12:22:12.286916,PERLIS,PERLIS,PASAR AWAM SENA,Runcit,26,Sayur-Sayuran,02,003,LADA BENGGALA / CAPSICUM HIJAU (IMPORT),F.A.Q,Kilogram,16,16,
30871047,2026-08-19,2026-08-20 12:22:12.286916,PERLIS,PERLIS,PASAR AWAM SENA,Runcit,26,Sayur-Sayuran,02,003,LADA BENGGALA / CAPSICUM HIJAU (IMPORT),F.A.Q,Kilogram,16,16,
30871048,2026-08-19,2026-08-20 12:22:12.286916,PERLIS,PERLIS,PASAR AWAM SENA,Runcit,26,Sayur-Sayuran,02,003,LADA BENGGALA / CAPSICUM KUNING (IMPORT),F.A.Q,Kilogram,24,24,
30871049,2026-08-19,2026-08-20 12:22:12.286916,PERLIS,PERLIS,PASAR AWAM SENA,Runcit,26,Sayur-Sayuran,02,003,LADA BENGGALA / CAPSICUM KUNING (IMPORT),F.A.Q,Kilogram,24,24,
30871050,2026-08-19,2026-08-20 12:22:12.286916,PERLIS,PERLIS,PASAR AWAM SENA,Runcit,26,Sayur-Sayuran,02,003,LADA BENGGALA / CAPSICUM KUNING (IMPORT),F.A.Q,Kilogram,24,24,
30871051,2026-08-19,2026-08-20 12:22:12.286916,PERLIS,PERLIS,PASAR AWAM SENA,Runcit,26,Sayur-Sayuran,02,003,LADA BENGGALA / CAPSICUM KUNING (IMPORT),F.A.Q,Kilogram,24,24,
30871052,2026-08-19,2026-08-20 12:22:12.286916,PERLIS,PERLIS,PASAR AWAM SENA,Runcit,26,Sayur-Sayuran,02,003,LADA BENGGALA / CAPSICUM KUNING (IMPORT),F.A.Q,Kilogram,24,24,
30871053,2026-08-19,2026-08-20 12:22:12.286916,PERLIS,PERLIS,PASAR AWAM SENA,Runcit,26,Sayur-Sayuran,02,003,LADA BENGGALA / CAPSICUM MERAH (IMPORT),F.A.Q,Kilogram,22,23,
30871054,2026-08-19,2026-08-20 12:22:12.286916,PERLIS,PERLIS,PASAR AWAM SENA,Runcit,26,Sayur-Sayuran,02,003,LADA BENGGALA / CAPSICUM MERAH (IMPORT),F.A.Q,Kilogram,22,23,
30871055,2026-08-19,2026-08-20 12:22:12.286916,PERLIS,PERLIS,PASAR AWAM SENA,Runcit,26,Sayur-Sayuran,02,003,LADA BENGGALA / CAPSICUM MERAH (IMPORT),F.A.Q,Kilogram,22,23,
30871056,2026-08-19,2026-08-20 12:22:12.286916,PERLIS,PERLIS,PASAR AWAM SENA,Runcit,26,Sayur-Sayuran,02,003,LADA BENGGALA / CAPSICUM MERAH (IMPORT),F.A.Q,Kilogram,22,23,
30871057,2026-08-19,2026-08-20 12:22:12.286916,PERLIS,PERLIS,PASAR AWAM SENA,Runcit,26,Sayur-Sayuran,02,003,LADA BENGGALA / CAPSICUM MERAH (IMPORT),F.A.Q,Kilogram,22,23,
30871058,2026-08-19,2026-08-20 12:22:12.286916,PERLIS,PERLIS,PASAR AWAM SENA,Runcit,26,Sayur-Sayuran,05,005,LENGKUAS,F.A.Q,Kilogram,9,9,
30871059,2026-08-19,2026-08-20 12:22:12.286916,PERLIS,PERLIS,PASAR AWAM SENA,Runcit,26,Sayur-Sayuran,05,005,LENGKUAS,F.A.Q,Kilogram,9,9,
30871060,2026-08-19,2026-08-20 12:22:12.286916,PERLIS,PERLIS,PASAR AWAM SENA,Runcit,26,Sayur-Sayuran,05,005,LENGKUAS,F.A.Q,Kilogram,9,9,
30871061,2026-08-19,2026-08-20 12:22:12.286916,PERLIS,PERLIS,PASAR AWAM SENA,Runcit,26,Sayur-Sayuran,05,005,LENGKUAS,F.A.Q,Kilogram,9,9,
30871062,2026-08-19,2026-08-20 12:22:12.286916,PERLIS,PERLIS,PASAR AWAM SENA,Runcit,26,Sayur-Sayuran,05,005,LENGKUAS,F.A.Q,Kilogram,9,9,
30871063,2026-08-19,2026-08-20 12:22:12.286916,PERLIS,PERLIS,PASAR AWAM SENA,Runcit,26,Sayur-Sayuran,01,003,LIK (IMPORT),F.A.Q,Kilogram,16,16,
30871064,2026-08-19,2026-08-20 12:22:12.286916,PERLIS,PERLIS,PASAR AWAM SENA,Runcit,26,Sayur-Sayuran,01,003,LIK (IMPORT),F.A.Q,Kilogram,16,16,
30871065,2026-08-19,2026-08-20 12:22:12.286916,PERLIS,PERLIS,PASAR AWAM SENA,Runcit,26,Sayur-Sayuran,01,003,LIK (IMPORT),F.A.Q,Kilogram,16,16,
30871066,2026-08-19,2026-08-20 12:22:12.286916,PERLIS,PERLIS,PASAR AWAM SENA,Runcit,26,Sayur-Sayuran,01,003,LIK (IMPORT),F.A.Q,Kilogram,16,16,
30871067,2026-08-19,2026-08-20 12:22:12.286916,PERLIS,PERLIS,PASAR AWAM SENA,Runcit,26,Sayur-Sayuran,01,003,LIK (IMPORT),F.A.Q,Kilogram,16,16,
30871068,2026-08-19,2026-08-20 12:22:12.286916,PERLIS,PERLIS,PASAR AWAM SENA,Runcit,26,Sayur-Sayuran,02,007,LIMAU KASTURI,F.A.Q,Kilogram,9,10,
30871069,2026-08-19,2026-08-20 12:22:12.286916,PERLIS,PERLIS,PASAR AWAM SENA,Runcit,26,Sayur-Sayuran,02,007,LIMAU KASTURI,F.A.Q,Kilogram,9,10,
30871070,2026-08-19,2026-08-20 12:22:12.286916,PERLIS,PERLIS,PASAR AWAM SENA,Runcit,26,Sayur-Sayuran,02,007,LIMAU KASTURI,F.A.Q,Kilogram,9,10,
30871071,2026-08-19,2026-08-20 12:22:12.286916,PERLIS,PERLIS,PASAR AWAM SENA,Runcit,26,Sayur-Sayuran,02,007,LIMAU KASTURI,F.A.Q,Kilogram,9,10,
30871072,2026-08-19,2026-08-20 12:22:12.286916,PERLIS,PERLIS,PASAR AWAM SENA,Runcit,26,Sayur-Sayuran,02,007,LIMAU KASTURI,F.A.Q,Kilogram,9,10,
30871073,2026-08-19,2026-08-20 12:22:12.445185,PERLIS,PERLIS,PASAR AWAM SENA,Runcit,26,Sayur-Sayuran,02,007,LIMAU NIPIS,F.A.Q,Kilogram,10,10,
30871074,2026-08-19,2026-08-20 12:22:12.445185,PERLIS,PERLIS,PASAR AWAM SENA,Runcit,26,Sayur-Sayuran,02,007,LIMAU NIPIS,F.A.Q,Kilogram,10,10,
30871075,2026-08-19,2026-08-20 12:22:12.445185,PERLIS,PERLIS,PASAR AWAM SENA,Runcit,26,Sayur-Sayuran,02,007,LIMAU NIPIS,F.A.Q,Kilogram,10,10,
30871076,2026-08-19,2026-08-20 12:22:12.445185,PERLIS,PERLIS,PASAR AWAM SENA,Runcit,26,Sayur-Sayuran,02,007,LIMAU NIPIS,F.A.Q,Kilogram,10,10,
30871077,2026-08-19,2026-08-20 12:22:12.445185,PERLIS,PERLIS,PASAR AWAM SENA,Runcit,26,Sayur-Sayuran,02,007,LIMAU NIPIS,F.A.Q,Kilogram,10,10,
30871078,2026-08-19,2026-08-20 12:22:12.445185,PERLIS,PERLIS,PASAR AWAM SENA,Runcit,26,Sayur-Sayuran,05,006,LOBAK MERAH (CHINA),F.A.Q,Kilogram,5,5,
30871079,2026-08-19,2026-08-20 12:22:12.445185,PERLIS,PERLIS,PASAR AWAM SENA,Runcit,26,Sayur-Sayuran,05,006,LOBAK MERAH (CHINA),F.A.Q,Kilogram,5,5,
30871080,2026-08-19,2026-08-20 12:22:12.445185,PERLIS,PERLIS,PASAR AWAM SENA,Runcit,26,Sayur-Sayuran,05,006,LOBAK MERAH (CHINA),F.A.Q,Kilogram,5,5,
30871081,2026-08-19,2026-08-20 12:22:12.445185,PERLIS,PERLIS,PASAR AWAM SENA,Runcit,26,Sayur-Sayuran,05,006,LOBAK MERAH (CHINA),F.A.Q,Kilogram,5,5,
30871082,2026-08-19,2026-08-20 12:22:12.445185,PERLIS,PERLIS,PASAR AWAM SENA,Runcit,26,Sayur-Sayuran,05,006,LOBAK MERAH (CHINA),F.A.Q,Kilogram,5,5,
30871083,2026-08-19,2026-08-20 12:22:12.445185,PERLIS,PERLIS,PASAR AWAM SENA,Runcit,26,Sayur-Sayuran,05,006,LOBAK PUTIH TANAH TINGGI,F.A.Q,Kilogram,7,7,
30871084,2026-08-19,2026-08-20 12:22:12.445185,PERLIS,PERLIS,PASAR AWAM SENA,Runcit,26,Sayur-Sayuran,05,006,LOBAK PUTIH TANAH TINGGI,F.A.Q,Kilogram,7,7,
30871085,2026-08-19,2026-08-20 12:22:12.445185,PERLIS,PERLIS,PASAR AWAM SENA,Runcit,26,Sayur-Sayuran,05,006,LOBAK PUTIH TANAH TINGGI,F.A.Q,Kilogram,7,7,
30871086,2026-08-19,2026-08-20 12:22:12.445185,PERLIS,PERLIS,PASAR AWAM SENA,Runcit,26,Sayur-Sayuran,05,006,LOBAK PUTIH TANAH TINGGI,F.A.Q,Kilogram,7,7,
30871087,2026-08-19,2026-08-20 12:22:12.445185,PERLIS,PERLIS,PASAR AWAM SENA,Runcit,26,Sayur-Sayuran,05,006,LOBAK PUTIH TANAH TINGGI,F.A.Q,Kilogram,7,7,
30871088,2026-08-19,2026-08-20 12:22:12.445185,PERLIS,PERLIS,PASAR AWAM SENA,Runcit,26,Sayur-Sayuran,07,002,PEGAGA,F.A.Q,Kilogram,15,15,
30871089,2026-08-19,2026-08-20 12:22:12.445185,PERLIS,PERLIS,PASAR AWAM SENA,Runcit,26,Sayur-Sayuran,07,002,PEGAGA,F.A.Q,Kilogram,15,15,
30871090,2026-08-19,2026-08-20 12:22:12.445185,PERLIS,PERLIS,PASAR AWAM SENA,Runcit,26,Sayur-Sayuran,07,002,PEGAGA,F.A.Q,Kilogram,15,15,
30871091,2026-08-19,2026-08-20 12:22:12.445185,PERLIS,PERLIS,PASAR AWAM SENA,Runcit,26,Sayur-Sayuran,07,002,PEGAGA,F.A.Q,Kilogram,15,15,
30871092,2026-08-19,2026-08-20 12:22:12.445185,PERLIS,PERLIS,PASAR AWAM SENA,Runcit,26,Sayur-Sayuran,07,002,PEGAGA,F.A.Q,Kilogram,15,15,
30871093,2026-08-19,2026-08-20 12:22:12.445185,PERLIS,PERLIS,PASAR AWAM SENA,Runcit,26,Sayur-Sayuran,02,009,PERIA,F.A.Q,Kilogram,8,8,
30871094,2026-08-19,2026-08-20 12:22:12.445185,PERLIS,PERLIS,PASAR AWAM SENA,Runcit,26,Sayur-Sayuran,02,009,PERIA,F.A.Q,Kilogram,8,8,
30871095,2026-08-19,2026-08-20 12:22:12.445185,PERLIS,PERLIS,PASAR AWAM SENA,Runcit,26,Sayur-Sayuran,02,009,PERIA,F.A.Q,Kilogram,8,8,
30871096,2026-08-19,2026-08-20 12:22:12.445185,PERLIS,PERLIS,PASAR AWAM SENA,Runcit,26,Sayur-Sayuran,02,009,PERIA,F.A.Q,Kilogram,8,8,
30871097,2026-08-19,2026-08-20 12:22:12.445185,PERLIS,PERLIS,PASAR AWAM SENA,Runcit,26,Sayur-Sayuran,02,009,PERIA,F.A.Q,Kilogram,8,8,
30871098,2026-08-19,2026-08-20 12:22:12.445185,PERLIS,PERLIS,PASAR AWAM SENA,Runcit,26,Sayur-Sayuran,02,009,PERIA KATAK,F.A.Q,Kilogram,8,9,
30871099,2026-08-19,2026-08-20 12:22:12.445185,PERLIS,PERLIS,PASAR AWAM SENA,Runcit,26,Sayur-Sayuran,02,009,PERIA KATAK,F.A.Q,Kilogram,8,9,
30871100,2026-08-19,2026-08-20 12:22:12.445185,PERLIS,PERLIS,PASAR AWAM SENA,Runcit,26,Sayur-Sayuran,02,009,PERIA KATAK,F.A.Q,Kilogram,8,9,
30871101,2026-08-19,2026-08-20 12:22:12.445185,PERLIS,PERLIS,PASAR AWAM SENA,Runcit,26,Sayur-Sayuran,02,009,PERIA KATAK,F.A.Q,Kilogram,8,9,
30871102,2026-08-19,2026-08-20 12:22:12.445185,PERLIS,PERLIS,PASAR AWAM SENA,Runcit,26,Sayur-Sayuran,02,009,PERIA KATAK,F.A.Q,Kilogram,8,9,
30871103,2026-08-19,2026-08-20 12:22:12.445185,PERLIS,PERLIS,PASAR AWAM SENA,Runcit,26,Sayur-Sayuran,07,003,PETAI,F.A.Q,RM/5 Keping,7,7,
30871104,2026-08-19,2026-08-20 12:22:12.445185,PERLIS,PERLIS,PASAR AWAM SENA,Runcit,26,Sayur-Sayuran,07,003,PETAI,F.A.Q,RM/5 Keping,7,7,
30871105,2026-08-19,2026-08-20 12:22:12.445185,PERLIS,PERLIS,PASAR AWAM SENA,Runcit,26,Sayur-Sayuran,07,003,PETAI,F.A.Q,RM/5 Keping,7,7,
30871106,2026-08-19,2026-08-20 12:22:12.445185,PERLIS,PERLIS,PASAR AWAM SENA,Runcit,26,Sayur-Sayuran,07,003,PETAI,F.A.Q,RM/5 Keping,7,7,
30871107,2026-08-19,2026-08-20 12:22:12.445185,PERLIS,PERLIS,PASAR AWAM SENA,Runcit,26,Sayur-Sayuran,07,003,PETAI,F.A.Q,RM/5 Keping,7,7,
30871108,2026-08-19,2026-08-20 12:22:12.445185,PERLIS,PERLIS,PASAR AWAM SENA,Runcit,26,Sayur-Sayuran,07,002,PUCUK GAJUS,F.A.Q,Kilogram,22,22,
30871109,2026-08-19,2026-08-20 12:22:12.445185,PERLIS,PERLIS,PASAR AWAM SENA,Runcit,26,Sayur-Sayuran,07,002,PUCUK GAJUS,F.A.Q,Kilogram,22,22,
30871110,2026-08-19,2026-08-20 12:22:12.445185,PERLIS,PERLIS,PASAR AWAM SENA,Runcit,26,Sayur-Sayuran,07,002,PUCUK GAJUS,F.A.Q,Kilogram,22,22,
30871111,2026-08-19,2026-08-20 12:22:12.445185,PERLIS,PERLIS,PASAR AWAM SENA,Runcit,26,Sayur-Sayuran,07,002,PUCUK GAJUS,F.A.Q,Kilogram,22,22,
30871112,2026-08-19,2026-08-20 12:22:12.445185,PERLIS,PERLIS,PASAR AWAM SENA,Runcit,26,Sayur-Sayuran,07,002,PUCUK GAJUS,F.A.Q,Kilogram,22,22,
30871113,2026-08-19,2026-08-20 12:22:12.445185,PERLIS,PERLIS,PASAR AWAM SENA,Runcit,26,Sayur-Sayuran,03,026,PUCUK PAKU,F.A.Q,Kilogram,16,15,
30871114,2026-08-19,2026-08-20 12:22:12.445185,PERLIS,PERLIS,PASAR AWAM SENA,Runcit,26,Sayur-Sayuran,03,026,PUCUK PAKU,F.A.Q,Kilogram,16,15,
30871115,2026-08-19,2026-08-20 12:22:12.445185,PERLIS,PERLIS,PASAR AWAM SENA,Runcit,26,Sayur-Sayuran,03,026,PUCUK PAKU,F.A.Q,Kilogram,16,15,
30871116,2026-08-19,2026-08-20 12:22:12.445185,PERLIS,PERLIS,PASAR AWAM SENA,Runcit,26,Sayur-Sayuran,03,026,PUCUK PAKU,F.A.Q,Kilogram,16,15,
30871117,2026-08-19,2026-08-20 12:22:12.445185,PERLIS,PERLIS,PASAR AWAM SENA,Runcit,26,Sayur-Sayuran,03,026,PUCUK PAKU,F.A.Q,Kilogram,16,15,
30871118,2026-08-19,2026-08-20 12:22:12.445185,PERLIS,PERLIS,PASAR AWAM SENA,Runcit,26,Sayur-Sayuran,01,002,REBUNG,F.A.Q,Kilogram,10,10,
30871119,2026-08-19,2026-08-20 12:22:12.445185,PERLIS,PERLIS,PASAR AWAM SENA,Runcit,26,Sayur-Sayuran,01,002,REBUNG,F.A.Q,Kilogram,10,10,
30871120,2026-08-19,2026-08-20 12:22:12.445185,PERLIS,PERLIS,PASAR AWAM SENA,Runcit,26,Sayur-Sayuran,01,002,REBUNG,F.A.Q,Kilogram,10,10,
30871121,2026-08-19,2026-08-20 12:22:12.445185,PERLIS,PERLIS,PASAR AWAM SENA,Runcit,26,Sayur-Sayuran,01,002,REBUNG,F.A.Q,Kilogram,10,10,
30871122,2026-08-19,2026-08-20 12:22:12.445185,PERLIS,PERLIS,PASAR AWAM SENA,Runcit,26,Sayur-Sayuran,01,002,REBUNG,F.A.Q,Kilogram,10,10,
30871123,2026-08-19,2026-08-20 12:22:12.445185,PERLIS,PERLIS,PASAR AWAM SENA,Runcit,26,Sayur-Sayuran,03,027,SALAD,F.A.Q,Kilogram,20,18,
30871124,2026-08-19,2026-08-20 12:22:12.445185,PERLIS,PERLIS,PASAR AWAM SENA,Runcit,26,Sayur-Sayuran,03,027,SALAD,F.A.Q,Kilogram,20,18,
30871125,2026-08-19,2026-08-20 12:22:12.445185,PERLIS,PERLIS,PASAR AWAM SENA,Runcit,26,Sayur-Sayuran,03,027,SALAD,F.A.Q,Kilogram,20,18,
30871126,2026-08-19,2026-08-20 12:22:12.445185,PERLIS,PERLIS,PASAR AWAM SENA,Runcit,26,Sayur-Sayuran,03,027,SALAD,F.A.Q,Kilogram,20,18,
30871127,2026-08-19,2026-08-20 12:22:12.445185,PERLIS,PERLIS,PASAR AWAM SENA,Runcit,26,Sayur-Sayuran,03,027,SALAD,F.A.Q,Kilogram,20,18,
30871128,2026-08-19,2026-08-20 12:22:12.445185,PERLIS,PERLIS,PASAR AWAM SENA,Runcit,26,Sayur-Sayuran,03,027,SALAD BULAT TANAH TINGGI,F.A.Q,Kilogram,12,12,
30871129,2026-08-19,2026-08-20 12:22:12.445185,PERLIS,PERLIS,PASAR AWAM SENA,Runcit,26,Sayur-Sayuran,03,027,SALAD BULAT TANAH TINGGI,F.A.Q,Kilogram,12,12,
30871130,2026-08-19,2026-08-20 12:22:12.445185,PERLIS,PERLIS,PASAR AWAM SENA,Runcit,26,Sayur-Sayuran,03,027,SALAD BULAT TANAH TINGGI,F.A.Q,Kilogram,12,12,
30871131,2026-08-19,2026-08-20 12:22:12.445185,PERLIS,PERLIS,PASAR AWAM SENA,Runcit,26,Sayur-Sayuran,03,027,SALAD BULAT TANAH TINGGI,F.A.Q,Kilogram,12,12,
30871132,2026-08-19,2026-08-20 12:22:12.445185,PERLIS,PERLIS,PASAR AWAM SENA,Runcit,26,Sayur-Sayuran,03,027,SALAD BULAT TANAH TINGGI,F.A.Q,Kilogram,12,12,
30871133,2026-08-19,2026-08-20 12:22:12.445185,PERLIS,PERLIS,PASAR AWAM SENA,Runcit,26,Sayur-Sayuran,03,007,SAWI BUNGA,F.A.Q,Kilogram,15,15,
30871134,2026-08-19,2026-08-20 12:22:12.445185,PERLIS,PERLIS,PASAR AWAM SENA,Runcit,26,Sayur-Sayuran,03,007,SAWI BUNGA,F.A.Q,Kilogram,15,15,
30871135,2026-08-19,2026-08-20 12:22:12.445185,PERLIS,PERLIS,PASAR AWAM SENA,Runcit,26,Sayur-Sayuran,03,007,SAWI BUNGA,F.A.Q,Kilogram,15,15,
30871136,2026-08-19,2026-08-20 12:22:12.445185,PERLIS,PERLIS,PASAR AWAM SENA,Runcit,26,Sayur-Sayuran,03,007,SAWI BUNGA,F.A.Q,Kilogram,15,15,
30871137,2026-08-19,2026-08-20 12:22:12.445185,PERLIS,PERLIS,PASAR AWAM SENA,Runcit,26,Sayur-Sayuran,03,007,SAWI BUNGA,F.A.Q,Kilogram,15,15,
30871138,2026-08-19,2026-08-20 12:22:12.445185,PERLIS,PERLIS,PASAR AWAM SENA,Runcit,26,Sayur-Sayuran,03,007,SAWI PAHIT,F.A.Q,Kilogram,9,9,
30871139,2026-08-19,2026-08-20 12:22:12.445185,PERLIS,PERLIS,PASAR AWAM SENA,Runcit,26,Sayur-Sayuran,03,007,SAWI PAHIT,F.A.Q,Kilogram,9,9,
30871140,2026-08-19,2026-08-20 12:22:12.445185,PERLIS,PERLIS,PASAR AWAM SENA,Runcit,26,Sayur-Sayuran,03,007,SAWI PAHIT,F.A.Q,Kilogram,9,9,
30871141,2026-08-19,2026-08-20 12:22:12.445185,PERLIS,PERLIS,PASAR AWAM SENA,Runcit,26,Sayur-Sayuran,03,007,SAWI PAHIT,F.A.Q,Kilogram,9,9,
30871142,2026-08-19,2026-08-20 12:22:12.445185,PERLIS,PERLIS,PASAR AWAM SENA,Runcit,26,Sayur-Sayuran,03,007,SAWI PAHIT,F.A.Q,Kilogram,9,9,
30871143,2026-08-19,2026-08-20 12:22:12.591372,PERLIS,PERLIS,PASAR AWAM SENA,Runcit,26,Sayur-Sayuran,03,007,SAWI PUTIH PAK CHOY,F.A.Q,Kilogram,8,8,
30871144,2026-08-19,2026-08-20 12:22:12.591372,PERLIS,PERLIS,PASAR AWAM SENA,Runcit,26,Sayur-Sayuran,03,007,SAWI PUTIH PAK CHOY,F.A.Q,Kilogram,8,8,
30871145,2026-08-19,2026-08-20 12:22:12.591372,PERLIS,PERLIS,PASAR AWAM SENA,Runcit,26,Sayur-Sayuran,03,007,SAWI PUTIH PAK CHOY,F.A.Q,Kilogram,8,8,
30871146,2026-08-19,2026-08-20 12:22:12.591372,PERLIS,PERLIS,PASAR AWAM SENA,Runcit,26,Sayur-Sayuran,03,007,SAWI PUTIH PAK CHOY,F.A.Q,Kilogram,8,8,
30871147,2026-08-19,2026-08-20 12:22:12.591372,PERLIS,PERLIS,PASAR AWAM SENA,Runcit,26,Sayur-Sayuran,03,007,SAWI PUTIH PAK CHOY,F.A.Q,Kilogram,8,8,
30871148,2026-08-19,2026-08-20 12:22:12.591372,PERLIS,PERLIS,PASAR AWAM SENA,Runcit,26,Sayur-Sayuran,05,007,SENGKUANG,F.A.Q,Kilogram,5,5,
30871149,2026-08-19,2026-08-20 12:22:12.591372,PERLIS,PERLIS,PASAR AWAM SENA,Runcit,26,Sayur-Sayuran,05,007,SENGKUANG,F.A.Q,Kilogram,5,5,
30871150,2026-08-19,2026-08-20 12:22:12.591372,PERLIS,PERLIS,PASAR AWAM SENA,Runcit,26,Sayur-Sayuran,05,007,SENGKUANG,F.A.Q,Kilogram,5,5,
30871151,2026-08-19,2026-08-20 12:22:12.591372,PERLIS,PERLIS,PASAR AWAM SENA,Runcit,26,Sayur-Sayuran,05,007,SENGKUANG,F.A.Q,Kilogram,5,5,
30871152,2026-08-19,2026-08-20 12:22:12.591372,PERLIS,PERLIS,PASAR AWAM SENA,Runcit,26,Sayur-Sayuran,05,007,SENGKUANG,F.A.Q,Kilogram,5,5,
30871153,2026-08-19,2026-08-20 12:22:12.591372,PERLIS,PERLIS,PASAR AWAM SENA,Runcit,26,Sayur-Sayuran,05,008,SERAI,F.A.Q,Kilogram,5,5,
30871154,2026-08-19,2026-08-20 12:22:12.591372,PERLIS,PERLIS,PASAR AWAM SENA,Runcit,26,Sayur-Sayuran,05,008,SERAI,F.A.Q,Kilogram,5,5,
30871155,2026-08-19,2026-08-20 12:22:12.591372,PERLIS,PERLIS,PASAR AWAM SENA,Runcit,26,Sayur-Sayuran,05,008,SERAI,F.A.Q,Kilogram,5,5,
30871156,2026-08-19,2026-08-20 12:22:12.591372,PERLIS,PERLIS,PASAR AWAM SENA,Runcit,26,Sayur-Sayuran,05,008,SERAI,F.A.Q,Kilogram,5,5,
30871157,2026-08-19,2026-08-20 12:22:12.591372,PERLIS,PERLIS,PASAR AWAM SENA,Runcit,26,Sayur-Sayuran,05,008,SERAI,F.A.Q,Kilogram,5,5,
30871158,2026-08-19,2026-08-20 12:22:12.591372,PERLIS,PERLIS,PASAR AWAM SENA,Runcit,26,Sayur-Sayuran,03,002,TAUGE,F.A.Q,Kilogram,4,4,
30871159,2026-08-19,2026-08-20 12:22:12.591372,PERLIS,PERLIS,PASAR AWAM SENA,Runcit,26,Sayur-Sayuran,03,002,TAUGE,F.A.Q,Kilogram,4,4,
30871160,2026-08-19,2026-08-20 12:22:12.591372,PERLIS,PERLIS,PASAR AWAM SENA,Runcit,26,Sayur-Sayuran,03,002,TAUGE,F.A.Q,Kilogram,4,4,
30871161,2026-08-19,2026-08-20 12:22:12.591372,PERLIS,PERLIS,PASAR AWAM SENA,Runcit,26,Sayur-Sayuran,03,002,TAUGE,F.A.Q,Kilogram,4,4,
30871162,2026-08-19,2026-08-20 12:22:12.591372,PERLIS,PERLIS,PASAR AWAM SENA,Runcit,26,Sayur-Sayuran,03,002,TAUGE,F.A.Q,Kilogram,4,4,
30871163,2026-08-19,2026-08-20 12:22:12.591372,PERLIS,PERLIS,PASAR AWAM SENA,Runcit,26,Sayur-Sayuran,02,010,TERUNG BULAT,F.A.Q,Kilogram,6,6.5,
30871164,2026-08-19,2026-08-20 12:22:12.591372,PERLIS,PERLIS,PASAR AWAM SENA,Runcit,26,Sayur-Sayuran,02,010,TERUNG BULAT,F.A.Q,Kilogram,6,6.5,
30871165,2026-08-19,2026-08-20 12:22:12.591372,PERLIS,PERLIS,PASAR AWAM SENA,Runcit,26,Sayur-Sayuran,02,010,TERUNG BULAT,F.A.Q,Kilogram,6,6.5,
30871166,2026-08-19,2026-08-20 12:22:12.591372,PERLIS,PERLIS,PASAR AWAM SENA,Runcit,26,Sayur-Sayuran,02,010,TERUNG BULAT,F.A.Q,Kilogram,6,6.5,
30871167,2026-08-19,2026-08-20 12:22:12.591372,PERLIS,PERLIS,PASAR AWAM SENA,Runcit,26,Sayur-Sayuran,02,010,TERUNG BULAT,F.A.Q,Kilogram,6,6.5,
30871168,2026-08-19,2026-08-20 12:22:12.591372,PERLIS,PERLIS,PASAR AWAM SENA,Runcit,26,Sayur-Sayuran,02,010,TERUNG PEPARU MINI,F.A.Q,Kilogram,6,6.5,
30871169,2026-08-19,2026-08-20 12:22:12.591372,PERLIS,PERLIS,PASAR AWAM SENA,Runcit,26,Sayur-Sayuran,02,010,TERUNG PEPARU MINI,F.A.Q,Kilogram,6,6.5,
30871170,2026-08-19,2026-08-20 12:22:12.591372,PERLIS,PERLIS,PASAR AWAM SENA,Runcit,26,Sayur-Sayuran,02,010,TERUNG PEPARU MINI,F.A.Q,Kilogram,6,6.5,
30871171,2026-08-19,2026-08-20 12:22:12.591372,PERLIS,PERLIS,PASAR AWAM SENA,Runcit,26,Sayur-Sayuran,02,010,TERUNG PEPARU MINI,F.A.Q,Kilogram,6,6.5,
30871172,2026-08-19,2026-08-20 12:22:12.591372,PERLIS,PERLIS,PASAR AWAM SENA,Runcit,26,Sayur-Sayuran,02,010,TERUNG PEPARU MINI,F.A.Q,Kilogram,6,6.5,
30871173,2026-08-19,2026-08-20 12:22:12.591372,PERLIS,PERLIS,PASAR AWAM SENA,Runcit,26,Sayur-Sayuran,02,011,TIMUN JEPUN,F.A.Q,Kilogram,7,7,
30871174,2026-08-19,2026-08-20 12:22:12.591372,PERLIS,PERLIS,PASAR AWAM SENA,Runcit,26,Sayur-Sayuran,02,011,TIMUN JEPUN,F.A.Q,Kilogram,7,7,
30871175,2026-08-19,2026-08-20 12:22:12.591372,PERLIS,PERLIS,PASAR AWAM SENA,Runcit,26,Sayur-Sayuran,02,011,TIMUN JEPUN,F.A.Q,Kilogram,7,7,
30871176,2026-08-19,2026-08-20 12:22:12.591372,PERLIS,PERLIS,PASAR AWAM SENA,Runcit,26,Sayur-Sayuran,02,011,TIMUN JEPUN,F.A.Q,Kilogram,7,7,
30871177,2026-08-19,2026-08-20 12:22:12.591372,PERLIS,PERLIS,PASAR AWAM SENA,Runcit,26,Sayur-Sayuran,02,011,TIMUN JEPUN,F.A.Q,Kilogram,7,7,
30871178,2026-08-19,2026-08-20 12:22:12.591372,PERLIS,PERLIS,PASAR AWAM SENA,Runcit,26,Sayur-Sayuran,07,002,ULAM RAJA,F.A.Q,Kilogram,20,20,
30871179,2026-08-19,2026-08-20 12:22:12.591372,PERLIS,PERLIS,PASAR AWAM SENA,Runcit,26,Sayur-Sayuran,07,002,ULAM RAJA,F.A.Q,Kilogram,20,20,
30871180,2026-08-19,2026-08-20 12:22:12.591372,PERLIS,PERLIS,PASAR AWAM SENA,Runcit,26,Sayur-Sayuran,07,002,ULAM RAJA,F.A.Q,Kilogram,20,20,
30871181,2026-08-19,2026-08-20 12:22:12.591372,PERLIS,PERLIS,PASAR AWAM SENA,Runcit,26,Sayur-Sayuran,07,002,ULAM RAJA,F.A.Q,Kilogram,20,20,
30871182,2026-08-19,2026-08-20 12:22:12.591372,PERLIS,PERLIS,PASAR AWAM SENA,Runcit,26,Sayur-Sayuran,07,002,ULAM RAJA,F.A.Q,Kilogram,20,20,
30871183,2026-08-19,2026-08-20 12:24:29.241718,PERLIS,PERLIS,PASAR AWAM SENA,Runcit,26,Sayur-Sayuran,03,035,BUNGA KANTAN,F.A.Q,Tangkai,2,2,
30871184,2026-08-19,2026-08-20 12:24:29.241718,PERLIS,PERLIS,PASAR AWAM SENA,Runcit,26,Sayur-Sayuran,03,035,BUNGA KANTAN,F.A.Q,Tangkai,2,2,
30871185,2026-08-19,2026-08-20 12:24:29.241718,PERLIS,PERLIS,PASAR AWAM SENA,Runcit,26,Sayur-Sayuran,03,035,BUNGA KANTAN,F.A.Q,Tangkai,2,2,
30871186,2026-08-19,2026-08-20 12:24:29.241718,PERLIS,PERLIS,PASAR AWAM SENA,Runcit,26,Sayur-Sayuran,03,035,BUNGA KANTAN,F.A.Q,Tangkai,2,2,
30871187,2026-08-19,2026-08-20 12:24:29.241718,PERLIS,PERLIS,PASAR AWAM SENA,Runcit,26,Sayur-Sayuran,03,035,BUNGA KANTAN,F.A.Q,Tangkai,2,2,
30871188,2026-08-19,2026-08-20 12:24:29.241718,PERLIS,PERLIS,PASAR AWAM SENA,Runcit,26,Sayur-Sayuran,06,001,CENDAWAN TIRAM KELABU,F.A.Q,Kilogram,14,15,
30871189,2026-08-19,2026-08-20 12:24:29.241718,PERLIS,PERLIS,PASAR AWAM SENA,Runcit,26,Sayur-Sayuran,06,001,CENDAWAN TIRAM KELABU,F.A.Q,Kilogram,14,15,
30871190,2026-08-19,2026-08-20 12:24:29.241718,PERLIS,PERLIS,PASAR AWAM SENA,Runcit,26,Sayur-Sayuran,06,001,CENDAWAN TIRAM KELABU,F.A.Q,Kilogram,14,15,
30871191,2026-08-19,2026-08-20 12:24:29.241718,PERLIS,PERLIS,PASAR AWAM SENA,Runcit,26,Sayur-Sayuran,06,001,CENDAWAN TIRAM KELABU,F.A.Q,Kilogram,14,15,
30871192,2026-08-19,2026-08-20 12:24:29.241718,PERLIS,PERLIS,PASAR AWAM SENA,Runcit,26,Sayur-Sayuran,06,001,CENDAWAN TIRAM KELABU,F.A.Q,Kilogram,14,15,
30871193,2026-08-19,2026-08-20 12:24:29.241718,PERLIS,PERLIS,PASAR AWAM SENA,Runcit,26,Sayur-Sayuran,02,002,CILI PADI AKAR (THAILAND),F.A.Q,Kilogram,15,15,
30871194,2026-08-19,2026-08-20 12:24:29.241718,PERLIS,PERLIS,PASAR AWAM SENA,Runcit,26,Sayur-Sayuran,02,002,CILI PADI AKAR (THAILAND),F.A.Q,Kilogram,15,15,
30871195,2026-08-19,2026-08-20 12:24:29.241718,PERLIS,PERLIS,PASAR AWAM SENA,Runcit,26,Sayur-Sayuran,02,002,CILI PADI AKAR (THAILAND),F.A.Q,Kilogram,15,15,
30871196,2026-08-19,2026-08-20 12:24:29.241718,PERLIS,PERLIS,PASAR AWAM SENA,Runcit,26,Sayur-Sayuran,02,002,CILI PADI AKAR (THAILAND),F.A.Q,Kilogram,15,15,
30871197,2026-08-19,2026-08-20 12:24:29.241718,PERLIS,PERLIS,PASAR AWAM SENA,Runcit,26,Sayur-Sayuran,02,002,CILI PADI AKAR (THAILAND),F.A.Q,Kilogram,15,15,
30871198,2026-08-19,2026-08-20 12:24:29.241718,PERLIS,PERLIS,PASAR AWAM SENA,Runcit,26,Sayur-Sayuran,02,002,CILI PADI KAMPUNG (THAILAND),F.A.Q,Kilogram,24,24,
30871199,2026-08-19,2026-08-20 12:24:29.241718,PERLIS,PERLIS,PASAR AWAM SENA,Runcit,26,Sayur-Sayuran,02,002,CILI PADI KAMPUNG (THAILAND),F.A.Q,Kilogram,24,24,
30871599,2026-08-19,2026-08-20 14:56:08.635355,SELANGOR,PETALING,"KOMPLEKS PASAR BORONG SELANGOR, SERI KEMBANGAN",Runcit,26,Sayur-Sayuran,01,001,ASPARAGUS (IMPORT),F.A.Q,Kilogram,38,38.67,
30871600,2026-08-19,2026-08-20 14:56:08.635355,SELANGOR,PETALING,"KOMPLEKS PASAR BORONG SELANGOR, SERI KEMBANGAN",Runcit,26,Sayur-Sayuran,02,014,BELIMBING BULUH,F.A.Q,Kilogram,10,8.3,
30871601,2026-08-19,2026-08-20 14:56:08.635355,SELANGOR,PETALING,"KOMPLEKS PASAR BORONG SELANGOR, SERI KEMBANGAN",Runcit,26,Sayur-Sayuran,03,003,BROKOLI,F.A.Q,Kilogram,9,11.5,
30871602,2026-08-19,2026-08-20 14:56:08.635355,SELANGOR,PETALING,"KOMPLEKS PASAR BORONG SELANGOR, SERI KEMBANGAN",Runcit,26,Sayur-Sayuran,03,003,BROKOLI (IMPORT),F.A.Q,Kilogram,12,12.31,
30871603,2026-08-19,2026-08-20 14:56:08.635355,SELANGOR,PETALING,"KOMPLEKS PASAR BORONG SELANGOR, SERI KEMBANGAN",Runcit,26,Sayur-Sayuran,03,035,BUNGA KANTAN,F.A.Q,Tangkai,2.5,1,
30871604,2026-08-19,2026-08-20 14:56:08.635355,SELANGOR,PETALING,"KOMPLEKS PASAR BORONG SELANGOR, SERI KEMBANGAN",Runcit,26,Sayur-Sayuran,06,001,CENDAWAN TIRAM KELABU,F.A.Q,Kilogram,16,14.58,
30871605,2026-08-19,2026-08-20 14:56:08.635355,SELANGOR,PETALING,"KOMPLEKS PASAR BORONG SELANGOR, SERI KEMBANGAN",Runcit,26,Sayur-Sayuran,02,002,CILI PADI,F.A.Q,Kilogram,25,24.42,
30871606,2026-08-19,2026-08-20 14:56:08.635355,SELANGOR,PETALING,"KOMPLEKS PASAR BORONG SELANGOR, SERI KEMBANGAN",Runcit,26,Sayur-Sayuran,02,002,CILI PADI AKAR (THAILAND),F.A.Q,Kilogram,12,15.04,
30871607,2026-08-19,2026-08-20 14:56:08.635355,SELANGOR,PETALING,"KOMPLEKS PASAR BORONG SELANGOR, SERI KEMBANGAN",Runcit,26,Sayur-Sayuran,02,002,CILI PADI KAMPUNG (THAILAND),F.A.Q,Kilogram,18,18.79,
30871608,2026-08-19,2026-08-20 14:56:08.635355,SELANGOR,PETALING,"KOMPLEKS PASAR BORONG SELANGOR, SERI KEMBANGAN",Runcit,26,Sayur-Sayuran,03,011,DAUN KESUM,F.A.Q,Kilogram,8.5,8.09,
30871609,2026-08-19,2026-08-20 14:56:08.635355,SELANGOR,PETALING,"KOMPLEKS PASAR BORONG SELANGOR, SERI KEMBANGAN",Runcit,26,Sayur-Sayuran,03,021,DAUN KETUMBAR (IMPORT),F.A.Q,Kilogram,23,18,
30871610,2026-08-19,2026-08-20 14:56:08.635355,SELANGOR,PETALING,"KOMPLEKS PASAR BORONG SELANGOR, SERI KEMBANGAN",Runcit,26,Sayur-Sayuran,07,002,DAUN SELOM,F.A.Q,Kilogram,8,9.44,
30871611,2026-08-19,2026-08-20 14:56:08.635355,SELANGOR,PETALING,"KOMPLEKS PASAR BORONG SELANGOR, SERI KEMBANGAN",Runcit,26,Sayur-Sayuran,05,002,HALIA MUDA,F.A.Q,Kilogram,12,10.97,
30871612,2026-08-19,2026-08-20 14:56:08.635355,SELANGOR,PETALING,"KOMPLEKS PASAR BORONG SELANGOR, SERI KEMBANGAN",Runcit,26,Sayur-Sayuran,05,002,HALIA TUA (IMPORT),F.A.Q,Kilogram,7,8.57,
30871613,2026-08-19,2026-08-20 14:56:08.635355,SELANGOR,PETALING,"KOMPLEKS PASAR BORONG SELANGOR, SERI KEMBANGAN",Runcit,26,Sayur-Sayuran,05,002,HALIA TUA BENTONG,F.A.Q,Kilogram,25,25.14,
30871614,2026-08-19,2026-08-20 14:56:08.635355,SELANGOR,PETALING,"KOMPLEKS PASAR BORONG SELANGOR, SERI KEMBANGAN",Runcit,26,Sayur-Sayuran,02,001,JAGUNG SAYUR / BABY CORN,F.A.Q,Kilogram,8,8.84,
30871615,2026-08-19,2026-08-20 14:56:08.635355,SELANGOR,PETALING,"KOMPLEKS PASAR BORONG SELANGOR, SERI KEMBANGAN",Runcit,26,Sayur-Sayuran,07,003,JERING,F.A.Q,Kilogram,6,8.59,
30871616,2026-08-19,2026-08-20 14:56:08.635355,SELANGOR,PETALING,"KOMPLEKS PASAR BORONG SELANGOR, SERI KEMBANGAN",Runcit,26,Sayur-Sayuran,04,005,KACANG BOTOR,F.A.Q,Kilogram,10,14.49,
30871617,2026-08-19,2026-08-20 14:56:08.635355,SELANGOR,PETALING,"KOMPLEKS PASAR BORONG SELANGOR, SERI KEMBANGAN",Runcit,26,Sayur-Sayuran,03,018,KAILAN,F.A.Q,Kilogram,8,8.75,
30871618,2026-08-19,2026-08-20 14:56:08.635355,SELANGOR,PETALING,"KOMPLEKS PASAR BORONG SELANGOR, SERI KEMBANGAN",Runcit,26,Sayur-Sayuran,05,003,KELADI,F.A.Q,Kilogram,8,9.65,
30871619,2026-08-19,2026-08-20 14:56:08.635355,SELANGOR,PETALING,"KOMPLEKS PASAR BORONG SELANGOR, SERI KEMBANGAN",Runcit,26,Sayur-Sayuran,02,004,KETOLA / PETOLA SEGI,F.A.Q,Kilogram,6,6,
30871620,2026-08-19,2026-08-20 14:56:08.635355,SELANGOR,PETALING,"KOMPLEKS PASAR BORONG SELANGOR, SERI KEMBANGAN",Runcit,26,Sayur-Sayuran,03,006,KUBIS BULAT BEIJING (IMPORT),F.A.Q,Kilogram,4,5.61,
30871621,2026-08-19,2026-08-20 14:56:08.635355,SELANGOR,PETALING,"KOMPLEKS PASAR BORONG SELANGOR, SERI KEMBANGAN",Runcit,26,Sayur-Sayuran,03,004,KUBIS BUNGA (IMPORT),F.A.Q,Kilogram,8,8.93,
30871622,2026-08-19,2026-08-20 14:56:08.635355,SELANGOR,PETALING,"KOMPLEKS PASAR BORONG SELANGOR, SERI KEMBANGAN",Runcit,26,Sayur-Sayuran,03,005,KUBIS PANJANG / CINA,F.A.Q,Kilogram,4.2,5.94,
30871623,2026-08-19,2026-08-20 14:56:08.635355,SELANGOR,PETALING,"KOMPLEKS PASAR BORONG SELANGOR, SERI KEMBANGAN",Runcit,26,Sayur-Sayuran,02,005,KUNDUR BULAT,F.A.Q,Kilogram,5,4.78,
30871624,2026-08-19,2026-08-20 14:56:08.635355,SELANGOR,PETALING,"KOMPLEKS PASAR BORONG SELANGOR, SERI KEMBANGAN",Runcit,26,Sayur-Sayuran,05,004,KUNYIT,F.A.Q,Kilogram,9,8.45,
30871625,2026-08-19,2026-08-20 14:56:08.635355,SELANGOR,PETALING,"KOMPLEKS PASAR BORONG SELANGOR, SERI KEMBANGAN",Runcit,26,Sayur-Sayuran,02,006,LABU AIR,F.A.Q,Kilogram,3.6,4.9,
30871626,2026-08-19,2026-08-20 14:56:08.635355,SELANGOR,PETALING,"KOMPLEKS PASAR BORONG SELANGOR, SERI KEMBANGAN",Runcit,26,Sayur-Sayuran,02,006,LABU MANIS,F.A.Q,Kilogram,4.5,5.17,
30871627,2026-08-19,2026-08-20 14:56:08.635355,SELANGOR,PETALING,"KOMPLEKS PASAR BORONG SELANGOR, SERI KEMBANGAN",Runcit,26,Sayur-Sayuran,02,003,LADA BENGGALA / CAPSICUM HIJAU,F.A.Q,Kilogram,12,12.6,
30871628,2026-08-19,2026-08-20 14:56:08.635355,SELANGOR,PETALING,"KOMPLEKS PASAR BORONG SELANGOR, SERI KEMBANGAN",Runcit,26,Sayur-Sayuran,02,003,LADA BENGGALA / CAPSICUM KUNING,F.A.Q,Kilogram,12,13.72,
30871629,2026-08-19,2026-08-20 14:56:08.635355,SELANGOR,PETALING,"KOMPLEKS PASAR BORONG SELANGOR, SERI KEMBANGAN",Runcit,26,Sayur-Sayuran,02,003,LADA BENGGALA / CAPSICUM MERAH,F.A.Q,Kilogram,12,13.94,
30871630,2026-08-19,2026-08-20 14:56:08.635355,SELANGOR,PETALING,"KOMPLEKS PASAR BORONG SELANGOR, SERI KEMBANGAN",Runcit,26,Sayur-Sayuran,05,005,LENGKUAS,F.A.Q,Kilogram,7,7.19,
30871631,2026-08-19,2026-08-20 14:56:08.635355,SELANGOR,PETALING,"KOMPLEKS PASAR BORONG SELANGOR, SERI KEMBANGAN",Runcit,26,Sayur-Sayuran,01,003,LIK,F.A.Q,Kilogram,6.5,9.75,
30871632,2026-08-19,2026-08-20 14:56:08.635355,SELANGOR,PETALING,"KOMPLEKS PASAR BORONG SELANGOR, SERI KEMBANGAN",Runcit,26,Sayur-Sayuran,02,007,LIMAU KASTURI,F.A.Q,Kilogram,5,11.02,
30871633,2026-08-19,2026-08-20 14:56:08.635355,SELANGOR,PETALING,"KOMPLEKS PASAR BORONG SELANGOR, SERI KEMBANGAN",Runcit,26,Sayur-Sayuran,02,007,LIMAU NIPIS,F.A.Q,Kilogram,6,10.08,
30871634,2026-08-19,2026-08-20 14:56:08.635355,SELANGOR,PETALING,"KOMPLEKS PASAR BORONG SELANGOR, SERI KEMBANGAN",Runcit,26,Sayur-Sayuran,05,006,LOBAK MERAH (CHINA),F.A.Q,Kilogram,3,4.79,
30871635,2026-08-19,2026-08-20 14:56:08.635355,SELANGOR,PETALING,"KOMPLEKS PASAR BORONG SELANGOR, SERI KEMBANGAN",Runcit,26,Sayur-Sayuran,05,006,LOBAK PUTIH TANAH TINGGI,F.A.Q,Kilogram,6.5,6.71,
30871636,2026-08-19,2026-08-20 14:56:08.635355,SELANGOR,PETALING,"KOMPLEKS PASAR BORONG SELANGOR, SERI KEMBANGAN",Runcit,26,Sayur-Sayuran,07,002,PEGAGA,F.A.Q,Kilogram,16,13.63,
30871637,2026-08-19,2026-08-20 14:56:08.635355,SELANGOR,PETALING,"KOMPLEKS PASAR BORONG SELANGOR, SERI KEMBANGAN",Runcit,26,Sayur-Sayuran,02,009,PERIA,F.A.Q,Kilogram,7,8.63,
30871638,2026-08-19,2026-08-20 14:56:08.635355,SELANGOR,PETALING,"KOMPLEKS PASAR BORONG SELANGOR, SERI KEMBANGAN",Runcit,26,Sayur-Sayuran,02,009,PERIA KATAK,F.A.Q,Kilogram,6,7.12,
30871639,2026-08-19,2026-08-20 14:56:08.635355,SELANGOR,PETALING,"KOMPLEKS PASAR BORONG SELANGOR, SERI KEMBANGAN",Runcit,26,Sayur-Sayuran,07,003,PETAI,F.A.Q,RM/5 Keping,8,8.05,
30871640,2026-08-19,2026-08-20 14:56:08.635355,SELANGOR,PETALING,"KOMPLEKS PASAR BORONG SELANGOR, SERI KEMBANGAN",Runcit,26,Sayur-Sayuran,07,002,PUCUK GAJUS,F.A.Q,Kilogram,13.5,20,
30871641,2026-08-19,2026-08-20 14:56:08.635355,SELANGOR,PETALING,"KOMPLEKS PASAR BORONG SELANGOR, SERI KEMBANGAN",Runcit,26,Sayur-Sayuran,03,026,PUCUK PAKU,F.A.Q,Kilogram,8,10.25,
30871642,2026-08-19,2026-08-20 14:56:08.635355,SELANGOR,PETALING,"KOMPLEKS PASAR BORONG SELANGOR, SERI KEMBANGAN",Runcit,26,Sayur-Sayuran,01,002,REBUNG,F.A.Q,Kilogram,8,7.6,
30871643,2026-08-19,2026-08-20 14:56:08.635355,SELANGOR,PETALING,"KOMPLEKS PASAR BORONG SELANGOR, SERI KEMBANGAN",Runcit,26,Sayur-Sayuran,03,027,SALAD,F.A.Q,Kilogram,10,10.07,
30871644,2026-08-19,2026-08-20 14:56:08.635355,SELANGOR,PETALING,"KOMPLEKS PASAR BORONG SELANGOR, SERI KEMBANGAN",Runcit,26,Sayur-Sayuran,03,027,SALAD BULAT TANAH TINGGI,F.A.Q,Kilogram,9,8.8,
30871645,2026-08-19,2026-08-20 14:56:08.635355,SELANGOR,PETALING,"KOMPLEKS PASAR BORONG SELANGOR, SERI KEMBANGAN",Runcit,26,Sayur-Sayuran,03,007,SAWI BUNGA,F.A.Q,Kilogram,8,10.1,
30871646,2026-08-19,2026-08-20 14:56:08.635355,SELANGOR,PETALING,"KOMPLEKS PASAR BORONG SELANGOR, SERI KEMBANGAN",Runcit,26,Sayur-Sayuran,03,007,SAWI PAHIT,F.A.Q,Kilogram,4.5,6.89,
30871647,2026-08-19,2026-08-20 14:56:08.635355,SELANGOR,PETALING,"KOMPLEKS PASAR BORONG SELANGOR, SERI KEMBANGAN",Runcit,26,Sayur-Sayuran,03,007,SAWI PUTIH PAK CHOY,F.A.Q,Kilogram,5,7.21,
30871648,2026-08-19,2026-08-20 14:56:08.635355,SELANGOR,PETALING,"KOMPLEKS PASAR BORONG SELANGOR, SERI KEMBANGAN",Runcit,26,Sayur-Sayuran,07,004,SELASIH,F.A.Q,Kilogram,10,15,
30871649,2026-08-19,2026-08-20 14:56:08.635355,SELANGOR,PETALING,"KOMPLEKS PASAR BORONG SELANGOR, SERI KEMBANGAN",Runcit,26,Sayur-Sayuran,05,007,SENGKUANG,F.A.Q,Kilogram,4,5.37,
30871650,2026-08-19,2026-08-20 14:56:08.635355,SELANGOR,PETALING,"KOMPLEKS PASAR BORONG SELANGOR, SERI KEMBANGAN",Runcit,26,Sayur-Sayuran,05,008,SERAI,F.A.Q,Kilogram,8,6.63,
30871651,2026-08-19,2026-08-20 14:56:08.635355,SELANGOR,PETALING,"KOMPLEKS PASAR BORONG SELANGOR, SERI KEMBANGAN",Runcit,26,Sayur-Sayuran,03,002,TAUGE,F.A.Q,Kilogram,3,3.58,
30871652,2026-08-19,2026-08-20 14:56:08.635355,SELANGOR,PETALING,"KOMPLEKS PASAR BORONG SELANGOR, SERI KEMBANGAN",Runcit,26,Sayur-Sayuran,07,002,TENGGEK BURUNG,F.A.Q,Kilogram,12,20,
30871653,2026-08-19,2026-08-20 14:56:08.635355,SELANGOR,PETALING,"KOMPLEKS PASAR BORONG SELANGOR, SERI KEMBANGAN",Runcit,26,Sayur-Sayuran,02,010,TERUNG BULAT,F.A.Q,Kilogram,11,9.82,
30871654,2026-08-19,2026-08-20 14:56:08.635355,SELANGOR,PETALING,"KOMPLEKS PASAR BORONG SELANGOR, SERI KEMBANGAN",Runcit,26,Sayur-Sayuran,02,010,TERUNG PEPARU MINI,F.A.Q,Kilogram,10,9.48,
30871655,2026-08-19,2026-08-20 14:56:08.635355,SELANGOR,PETALING,"KOMPLEKS PASAR BORONG SELANGOR, SERI KEMBANGAN",Runcit,26,Sayur-Sayuran,02,010,TERUNG PIPIT,F.A.Q,Kilogram,12,20,
30871656,2026-08-19,2026-08-20 14:56:08.635355,SELANGOR,PETALING,"KOMPLEKS PASAR BORONG SELANGOR, SERI KEMBANGAN",Runcit,26,Sayur-Sayuran,02,010,TERUNG TELUNJUK,F.A.Q,Kilogram,12,10,
30871657,2026-08-19,2026-08-20 14:56:08.635355,SELANGOR,PETALING,"KOMPLEKS PASAR BORONG SELANGOR, SERI KEMBANGAN",Runcit,26,Sayur-Sayuran,02,011,TIMUN JEPUN,F.A.Q,Kilogram,4,6.43,
30871658,2026-08-19,2026-08-20 14:56:08.635355,SELANGOR,PETALING,"KOMPLEKS PASAR BORONG SELANGOR, SERI KEMBANGAN",Runcit,26,Sayur-Sayuran,07,002,ULAM RAJA,F.A.Q,Kilogram,10,15,
30871757,2026-08-19,2026-08-20 15:12:11.276221,SELANGOR,PETALING,"KOMPLEKS PASAR BORONG SELANGOR, SERI KEMBANGAN",Borong,20,Sayur-Sayuran,01,001,ASPARAGUS (IMPORT),F.A.Q,Kilogram,36,31.56,
30871758,2026-08-19,2026-08-20 15:12:11.276221,SELANGOR,PETALING,"KOMPLEKS PASAR BORONG SELANGOR, SERI KEMBANGAN",Borong,20,Sayur-Sayuran,02,014,BELIMBING BULUH,F.A.Q,Kilogram,9,4.85,
30871759,2026-08-19,2026-08-20 15:12:11.276221,SELANGOR,PETALING,"KOMPLEKS PASAR BORONG SELANGOR, SERI KEMBANGAN",Borong,20,Sayur-Sayuran,03,003,BROKOLI,F.A.Q,Kilogram,8,900,
30871760,2026-08-19,2026-08-20 15:12:11.276221,SELANGOR,PETALING,"KOMPLEKS PASAR BORONG SELANGOR, SERI KEMBANGAN",Borong,20,Sayur-Sayuran,03,003,BROKOLI (IMPORT),F.A.Q,Kilogram,11,9.9,
30871761,2026-08-19,2026-08-20 15:12:11.276221,SELANGOR,PETALING,"KOMPLEKS PASAR BORONG SELANGOR, SERI KEMBANGAN",Borong,20,Sayur-Sayuran,03,035,BUNGA KANTAN,F.A.Q,Tangkai,1.5,1,
30871762,2026-08-19,2026-08-20 15:12:11.276221,SELANGOR,PETALING,"KOMPLEKS PASAR BORONG SELANGOR, SERI KEMBANGAN",Borong,20,Sayur-Sayuran,06,001,CENDAWAN TIRAM KELABU,F.A.Q,Kilogram,15,11.36,
30871763,2026-08-19,2026-08-20 15:12:11.276221,SELANGOR,PETALING,"KOMPLEKS PASAR BORONG SELANGOR, SERI KEMBANGAN",Borong,20,Sayur-Sayuran,02,002,CILI PADI,F.A.Q,Kilogram,23,21.97,
30871764,2026-08-19,2026-08-20 15:12:11.276221,SELANGOR,PETALING,"KOMPLEKS PASAR BORONG SELANGOR, SERI KEMBANGAN",Borong,20,Sayur-Sayuran,02,002,CILI PADI AKAR (THAILAND),F.A.Q,Kilogram,11,10.96,
30871765,2026-08-19,2026-08-20 15:12:11.276221,SELANGOR,PETALING,"KOMPLEKS PASAR BORONG SELANGOR, SERI KEMBANGAN",Borong,20,Sayur-Sayuran,02,002,CILI PADI KAMPUNG (THAILAND),F.A.Q,Kilogram,16,15.62,
30871766,2026-08-19,2026-08-20 15:12:11.276221,SELANGOR,PETALING,"KOMPLEKS PASAR BORONG SELANGOR, SERI KEMBANGAN",Borong,20,Sayur-Sayuran,03,011,DAUN KESUM,F.A.Q,Kilogram,7.5,5.98,
30871767,2026-08-19,2026-08-20 15:12:11.276221,SELANGOR,PETALING,"KOMPLEKS PASAR BORONG SELANGOR, SERI KEMBANGAN",Borong,20,Sayur-Sayuran,03,021,DAUN KETUMBAR (IMPORT),F.A.Q,Kilogram,21,14.55,
30871768,2026-08-19,2026-08-20 15:12:11.276221,SELANGOR,PETALING,"KOMPLEKS PASAR BORONG SELANGOR, SERI KEMBANGAN",Borong,20,Sayur-Sayuran,07,002,DAUN SELOM,F.A.Q,Kilogram,7,6.99,
30871769,2026-08-19,2026-08-20 15:12:11.276221,SELANGOR,PETALING,"KOMPLEKS PASAR BORONG SELANGOR, SERI KEMBANGAN",Borong,20,Sayur-Sayuran,05,002,HALIA MUDA,F.A.Q,Kilogram,11,8.69,
30871770,2026-08-19,2026-08-20 15:12:11.276221,SELANGOR,PETALING,"KOMPLEKS PASAR BORONG SELANGOR, SERI KEMBANGAN",Borong,20,Sayur-Sayuran,05,002,HALIA TUA (IMPORT),F.A.Q,Kilogram,6,6.09,
30871771,2026-08-19,2026-08-20 15:12:11.276221,SELANGOR,PETALING,"KOMPLEKS PASAR BORONG SELANGOR, SERI KEMBANGAN",Borong,20,Sayur-Sayuran,05,002,HALIA TUA BENTONG,F.A.Q,Kilogram,23,22.29,
30871772,2026-08-19,2026-08-20 15:12:11.276221,SELANGOR,PETALING,"KOMPLEKS PASAR BORONG SELANGOR, SERI KEMBANGAN",Borong,20,Sayur-Sayuran,02,001,JAGUNG SAYUR / BABY CORN,F.A.Q,Kilogram,7,6.94,
30871773,2026-08-19,2026-08-20 15:12:11.276221,SELANGOR,PETALING,"KOMPLEKS PASAR BORONG SELANGOR, SERI KEMBANGAN",Borong,20,Sayur-Sayuran,07,003,JERING,F.A.Q,Kilogram,5,6.74,
30871774,2026-08-19,2026-08-20 15:12:11.276221,SELANGOR,PETALING,"KOMPLEKS PASAR BORONG SELANGOR, SERI KEMBANGAN",Borong,20,Sayur-Sayuran,04,005,KACANG BOTOR,F.A.Q,Kilogram,9,11.39,
30871775,2026-08-19,2026-08-20 15:12:11.276221,SELANGOR,PETALING,"KOMPLEKS PASAR BORONG SELANGOR, SERI KEMBANGAN",Borong,20,Sayur-Sayuran,03,018,KAILAN,F.A.Q,Kilogram,7,6.82,
30871776,2026-08-19,2026-08-20 15:12:11.276221,SELANGOR,PETALING,"KOMPLEKS PASAR BORONG SELANGOR, SERI KEMBANGAN",Borong,20,Sayur-Sayuran,05,003,KELADI,F.A.Q,Kilogram,7,8.4,
30871777,2026-08-19,2026-08-20 15:12:11.276221,SELANGOR,PETALING,"KOMPLEKS PASAR BORONG SELANGOR, SERI KEMBANGAN",Borong,20,Sayur-Sayuran,02,004,KETOLA / PETOLA SEGI,F.A.Q,Kilogram,4,3,
30871778,2026-08-19,2026-08-20 15:12:11.276221,SELANGOR,PETALING,"KOMPLEKS PASAR BORONG SELANGOR, SERI KEMBANGAN",Borong,20,Sayur-Sayuran,03,006,KUBIS BULAT BEIJING (IMPORT),F.A.Q,Kilogram,3,3.21,
30871779,2026-08-19,2026-08-20 15:12:11.276221,SELANGOR,PETALING,"KOMPLEKS PASAR BORONG SELANGOR, SERI KEMBANGAN",Borong,20,Sayur-Sayuran,03,004,KUBIS BUNGA (IMPORT),F.A.Q,Kilogram,7,6.69,
30871780,2026-08-19,2026-08-20 15:12:11.276221,SELANGOR,PETALING,"KOMPLEKS PASAR BORONG SELANGOR, SERI KEMBANGAN",Borong,20,Sayur-Sayuran,03,005,KUBIS PANJANG / CINA,F.A.Q,Kilogram,3.2,4.03,
30871781,2026-08-19,2026-08-20 15:12:11.276221,SELANGOR,PETALING,"KOMPLEKS PASAR BORONG SELANGOR, SERI KEMBANGAN",Borong,20,Sayur-Sayuran,02,005,KUNDUR BULAT,F.A.Q,Kilogram,4,2.87,
30871782,2026-08-19,2026-08-20 15:12:11.276221,SELANGOR,PETALING,"KOMPLEKS PASAR BORONG SELANGOR, SERI KEMBANGAN",Borong,20,Sayur-Sayuran,05,004,KUNYIT,F.A.Q,Kilogram,7,6.87,
30871783,2026-08-19,2026-08-20 15:12:11.276221,SELANGOR,PETALING,"KOMPLEKS PASAR BORONG SELANGOR, SERI KEMBANGAN",Borong,20,Sayur-Sayuran,02,006,LABU AIR,F.A.Q,Kilogram,2.6,2.72,
30871784,2026-08-19,2026-08-20 15:12:11.276221,SELANGOR,PETALING,"KOMPLEKS PASAR BORONG SELANGOR, SERI KEMBANGAN",Borong,20,Sayur-Sayuran,02,006,LABU MANIS,F.A.Q,Kilogram,3.5,3.32,
30871785,2026-08-19,2026-08-20 15:12:11.276221,SELANGOR,PETALING,"KOMPLEKS PASAR BORONG SELANGOR, SERI KEMBANGAN",Borong,20,Sayur-Sayuran,02,003,LADA BENGGALA / CAPSICUM HIJAU,F.A.Q,Kilogram,11,9.67,
30871786,2026-08-19,2026-08-20 15:12:11.276221,SELANGOR,PETALING,"KOMPLEKS PASAR BORONG SELANGOR, SERI KEMBANGAN",Borong,20,Sayur-Sayuran,02,003,LADA BENGGALA / CAPSICUM KUNING,F.A.Q,Kilogram,11,11.24,
30871787,2026-08-19,2026-08-20 15:12:11.276221,SELANGOR,PETALING,"KOMPLEKS PASAR BORONG SELANGOR, SERI KEMBANGAN",Borong,20,Sayur-Sayuran,02,003,LADA BENGGALA / CAPSICUM MERAH,F.A.Q,Kilogram,11,11.4,
30871788,2026-08-19,2026-08-20 15:12:11.276221,SELANGOR,PETALING,"KOMPLEKS PASAR BORONG SELANGOR, SERI KEMBANGAN",Borong,20,Sayur-Sayuran,05,005,LENGKUAS,F.A.Q,Kilogram,6,5.41,
30871789,2026-08-19,2026-08-20 15:12:11.276221,SELANGOR,PETALING,"KOMPLEKS PASAR BORONG SELANGOR, SERI KEMBANGAN",Borong,20,Sayur-Sayuran,01,003,LIK,F.A.Q,Kilogram,5.5,6.78,
30871790,2026-08-19,2026-08-20 15:12:11.276221,SELANGOR,PETALING,"KOMPLEKS PASAR BORONG SELANGOR, SERI KEMBANGAN",Borong,20,Sayur-Sayuran,02,007,LIMAU KASTURI,F.A.Q,Kilogram,4,8.43,
30871791,2026-08-19,2026-08-20 15:12:11.276221,SELANGOR,PETALING,"KOMPLEKS PASAR BORONG SELANGOR, SERI KEMBANGAN",Borong,20,Sayur-Sayuran,02,007,LIMAU NIPIS,F.A.Q,Kilogram,5,7.71,
30871792,2026-08-19,2026-08-20 15:12:11.276221,SELANGOR,PETALING,"KOMPLEKS PASAR BORONG SELANGOR, SERI KEMBANGAN",Borong,20,Sayur-Sayuran,05,006,LOBAK MERAH (CHINA),F.A.Q,Kilogram,2,2.83,
30871793,2026-08-19,2026-08-20 15:12:11.276221,SELANGOR,PETALING,"KOMPLEKS PASAR BORONG SELANGOR, SERI KEMBANGAN",Borong,20,Sayur-Sayuran,05,006,LOBAK PUTIH TANAH TINGGI,F.A.Q,Kilogram,5.5,4.92,
30871794,2026-08-19,2026-08-20 15:12:11.276221,SELANGOR,PETALING,"KOMPLEKS PASAR BORONG SELANGOR, SERI KEMBANGAN",Borong,20,Sayur-Sayuran,07,002,PEGAGA,F.A.Q,Kilogram,14,9.56,
30871795,2026-08-19,2026-08-20 15:12:11.276221,SELANGOR,PETALING,"KOMPLEKS PASAR BORONG SELANGOR, SERI KEMBANGAN",Borong,20,Sayur-Sayuran,02,009,PERIA,F.A.Q,Kilogram,6,5.8,
30871796,2026-08-19,2026-08-20 15:12:11.276221,SELANGOR,PETALING,"KOMPLEKS PASAR BORONG SELANGOR, SERI KEMBANGAN",Borong,20,Sayur-Sayuran,02,009,PERIA KATAK,F.A.Q,Kilogram,5,5.62,
30871797,2026-08-19,2026-08-20 15:12:11.276221,SELANGOR,PETALING,"KOMPLEKS PASAR BORONG SELANGOR, SERI KEMBANGAN",Borong,20,Sayur-Sayuran,07,003,PETAI,F.A.Q,RM/5 Keping,6,6.28,
30871798,2026-08-19,2026-08-20 15:12:11.276221,SELANGOR,PETALING,"KOMPLEKS PASAR BORONG SELANGOR, SERI KEMBANGAN",Borong,20,Sayur-Sayuran,07,002,PUCUK GAJUS,F.A.Q,Kilogram,12.5,15,
30871799,2026-08-19,2026-08-20 15:12:11.276221,SELANGOR,PETALING,"KOMPLEKS PASAR BORONG SELANGOR, SERI KEMBANGAN",Borong,20,Sayur-Sayuran,03,026,PUCUK PAKU,F.A.Q,Kilogram,7,1025,
30871800,2026-08-19,2026-08-20 15:12:11.276221,SELANGOR,PETALING,"KOMPLEKS PASAR BORONG SELANGOR, SERI KEMBANGAN",Borong,20,Sayur-Sayuran,01,002,REBUNG,F.A.Q,Kilogram,7,5.48,
30871801,2026-08-19,2026-08-20 15:12:11.276221,SELANGOR,PETALING,"KOMPLEKS PASAR BORONG SELANGOR, SERI KEMBANGAN",Borong,20,Sayur-Sayuran,03,027,SALAD,F.A.Q,Kilogram,9,6.15,
30871802,2026-08-19,2026-08-20 15:12:11.276221,SELANGOR,PETALING,"KOMPLEKS PASAR BORONG SELANGOR, SERI KEMBANGAN",Borong,20,Sayur-Sayuran,03,027,SALAD BULAT TANAH TINGGI,F.A.Q,Kilogram,8,6.49,
30871803,2026-08-19,2026-08-20 15:12:11.276221,SELANGOR,PETALING,"KOMPLEKS PASAR BORONG SELANGOR, SERI KEMBANGAN",Borong,20,Sayur-Sayuran,03,007,SAWI BUNGA,F.A.Q,Kilogram,7,8.39,
30871804,2026-08-19,2026-08-20 15:12:11.276221,SELANGOR,PETALING,"KOMPLEKS PASAR BORONG SELANGOR, SERI KEMBANGAN",Borong,20,Sayur-Sayuran,03,007,SAWI PAHIT,F.A.Q,Kilogram,3.5,5,
30871805,2026-08-19,2026-08-20 15:12:11.276221,SELANGOR,PETALING,"KOMPLEKS PASAR BORONG SELANGOR, SERI KEMBANGAN",Borong,20,Sayur-Sayuran,03,007,SAWI PUTIH PAK CHOY,F.A.Q,Kilogram,4,5.49,
30871806,2026-08-19,2026-08-20 15:12:11.276221,SELANGOR,PETALING,"KOMPLEKS PASAR BORONG SELANGOR, SERI KEMBANGAN",Borong,20,Sayur-Sayuran,07,004,SELASIH,F.A.Q,Kilogram,9,10,
30871807,2026-08-19,2026-08-20 15:12:11.276221,SELANGOR,PETALING,"KOMPLEKS PASAR BORONG SELANGOR, SERI KEMBANGAN",Borong,20,Sayur-Sayuran,05,007,SENGKUANG,F.A.Q,Kilogram,3,3.57,
30871808,2026-08-19,2026-08-20 15:12:11.276221,SELANGOR,PETALING,"KOMPLEKS PASAR BORONG SELANGOR, SERI KEMBANGAN",Borong,20,Sayur-Sayuran,05,008,SERAI,F.A.Q,Kilogram,5,4.72,
30871809,2026-08-19,2026-08-20 15:12:11.276221,SELANGOR,PETALING,"KOMPLEKS PASAR BORONG SELANGOR, SERI KEMBANGAN",Borong,20,Sayur-Sayuran,03,002,TAUGE,F.A.Q,Kilogram,2,2.49,
30871810,2026-08-19,2026-08-20 15:12:11.276221,SELANGOR,PETALING,"KOMPLEKS PASAR BORONG SELANGOR, SERI KEMBANGAN",Borong,20,Sayur-Sayuran,07,002,TENGGEK BURUNG,F.A.Q,Kilogram,11,10,
30871811,2026-08-19,2026-08-20 15:12:11.276221,SELANGOR,PETALING,"KOMPLEKS PASAR BORONG SELANGOR, SERI KEMBANGAN",Borong,20,Sayur-Sayuran,02,010,TERUNG BULAT,F.A.Q,Kilogram,10,6.52,
30871812,2026-08-19,2026-08-20 15:12:11.276221,SELANGOR,PETALING,"KOMPLEKS PASAR BORONG SELANGOR, SERI KEMBANGAN",Borong,20,Sayur-Sayuran,02,010,TERUNG PEPARU MINI,F.A.Q,Kilogram,9,7.07,
30871813,2026-08-19,2026-08-20 15:12:11.276221,SELANGOR,PETALING,"KOMPLEKS PASAR BORONG SELANGOR, SERI KEMBANGAN",Borong,20,Sayur-Sayuran,02,010,TERUNG PIPIT,F.A.Q,Kilogram,11,10,
30871814,2026-08-19,2026-08-20 15:12:11.276221,SELANGOR,PETALING,"KOMPLEKS PASAR BORONG SELANGOR, SERI KEMBANGAN",Borong,20,Sayur-Sayuran,02,010,TERUNG TELUNJUK,F.A.Q,Kilogram,11,8,
30871815,2026-08-19,2026-08-20 15:12:11.276221,SELANGOR,PETALING,"KOMPLEKS PASAR BORONG SELANGOR, SERI KEMBANGAN",Borong,20,Sayur-Sayuran,02,011,TIMUN JEPUN,F.A.Q,Kilogram,3,4.61,
30871816,2026-08-19,2026-08-20 15:12:11.276221,SELANGOR,PETALING,"KOMPLEKS PASAR BORONG SELANGOR, SERI KEMBANGAN",Borong,20,Sayur-Sayuran,07,002,ULAM RAJA,F.A.Q,Kilogram,9,10,
30871886,2026-08-19,2026-08-20 15:33:07.886741,SELANGOR,PETALING,"KOMPLEKS PASAR BORONG SELANGOR, SERI KEMBANGAN",Runcit,26,Sayur-Sayuran,01,001,ASPARAGUS (IMPORT),F.A.Q,Kilogram,38,38.67,
30871887,2026-08-19,2026-08-20 15:33:07.886741,SELANGOR,PETALING,"KOMPLEKS PASAR BORONG SELANGOR, SERI KEMBANGAN",Runcit,26,Sayur-Sayuran,02,014,BELIMBING BULUH,F.A.Q,Kilogram,8,8.3,
30871888,2026-08-19,2026-08-20 15:33:07.886741,SELANGOR,PETALING,"KOMPLEKS PASAR BORONG SELANGOR, SERI KEMBANGAN",Runcit,26,Sayur-Sayuran,03,003,BROKOLI,F.A.Q,Kilogram,10,11.5,
30871889,2026-08-19,2026-08-20 15:33:07.886741,SELANGOR,PETALING,"KOMPLEKS PASAR BORONG SELANGOR, SERI KEMBANGAN",Runcit,26,Sayur-Sayuran,03,003,BROKOLI (IMPORT),F.A.Q,Kilogram,13,12.31,
30871890,2026-08-19,2026-08-20 15:33:07.886741,SELANGOR,PETALING,"KOMPLEKS PASAR BORONG SELANGOR, SERI KEMBANGAN",Runcit,26,Sayur-Sayuran,03,035,BUNGA KANTAN,F.A.Q,Tangkai,2.5,1,
30871891,2026-08-19,2026-08-20 15:33:07.886741,SELANGOR,PETALING,"KOMPLEKS PASAR BORONG SELANGOR, SERI KEMBANGAN",Runcit,26,Sayur-Sayuran,06,001,CENDAWAN TIRAM KELABU,F.A.Q,Kilogram,15,14.58,
30871892,2026-08-19,2026-08-20 15:33:07.886741,SELANGOR,PETALING,"KOMPLEKS PASAR BORONG SELANGOR, SERI KEMBANGAN",Runcit,26,Sayur-Sayuran,02,002,CILI PADI,F.A.Q,Kilogram,26,24.42,
30871893,2026-08-19,2026-08-20 15:33:07.886741,SELANGOR,PETALING,"KOMPLEKS PASAR BORONG SELANGOR, SERI KEMBANGAN",Runcit,26,Sayur-Sayuran,02,002,CILI PADI AKAR (THAILAND),F.A.Q,Kilogram,12,15.04,
30871894,2026-08-19,2026-08-20 15:33:07.886741,SELANGOR,PETALING,"KOMPLEKS PASAR BORONG SELANGOR, SERI KEMBANGAN",Runcit,26,Sayur-Sayuran,02,002,CILI PADI KAMPUNG (THAILAND),F.A.Q,Kilogram,18,18.79,
30871895,2026-08-19,2026-08-20 15:33:07.886741,SELANGOR,PETALING,"KOMPLEKS PASAR BORONG SELANGOR, SERI KEMBANGAN",Runcit,26,Sayur-Sayuran,03,011,DAUN KESUM,F.A.Q,Kilogram,8,8.09,
30871896,2026-08-19,2026-08-20 15:33:07.886741,SELANGOR,PETALING,"KOMPLEKS PASAR BORONG SELANGOR, SERI KEMBANGAN",Runcit,26,Sayur-Sayuran,03,021,DAUN KETUMBAR (IMPORT),F.A.Q,Kilogram,22,18,
30871897,2026-08-19,2026-08-20 15:33:07.886741,SELANGOR,PETALING,"KOMPLEKS PASAR BORONG SELANGOR, SERI KEMBANGAN",Runcit,26,Sayur-Sayuran,07,002,DAUN SELOM,F.A.Q,Kilogram,8,9.44,
30871898,2026-08-19,2026-08-20 15:33:07.886741,SELANGOR,PETALING,"KOMPLEKS PASAR BORONG SELANGOR, SERI KEMBANGAN",Runcit,26,Sayur-Sayuran,05,002,HALIA MUDA,F.A.Q,Kilogram,12,10.97,
30871899,2026-08-19,2026-08-20 15:33:07.886741,SELANGOR,PETALING,"KOMPLEKS PASAR BORONG SELANGOR, SERI KEMBANGAN",Runcit,26,Sayur-Sayuran,05,002,HALIA TUA (IMPORT),F.A.Q,Kilogram,7,8.57,
30871900,2026-08-19,2026-08-20 15:33:07.886741,SELANGOR,PETALING,"KOMPLEKS PASAR BORONG SELANGOR, SERI KEMBANGAN",Runcit,26,Sayur-Sayuran,05,002,HALIA TUA BENTONG,F.A.Q,Kilogram,25,25.14,
30871901,2026-08-19,2026-08-20 15:33:07.886741,SELANGOR,PETALING,"KOMPLEKS PASAR BORONG SELANGOR, SERI KEMBANGAN",Runcit,26,Sayur-Sayuran,02,001,JAGUNG SAYUR / BABY CORN,F.A.Q,Kilogram,9,8.84,
30871902,2026-08-19,2026-08-20 15:33:07.886741,SELANGOR,PETALING,"KOMPLEKS PASAR BORONG SELANGOR, SERI KEMBANGAN",Runcit,26,Sayur-Sayuran,07,003,JERING,F.A.Q,Kilogram,7,8.59,
30871903,2026-08-19,2026-08-20 15:33:07.886741,SELANGOR,PETALING,"KOMPLEKS PASAR BORONG SELANGOR, SERI KEMBANGAN",Runcit,26,Sayur-Sayuran,04,005,KACANG BOTOR,F.A.Q,Kilogram,10,14.49,
30871904,2026-08-19,2026-08-20 15:33:07.886741,SELANGOR,PETALING,"KOMPLEKS PASAR BORONG SELANGOR, SERI KEMBANGAN",Runcit,26,Sayur-Sayuran,03,018,KAILAN,F.A.Q,Kilogram,7,8.75,
30871905,2026-08-19,2026-08-20 15:33:07.886741,SELANGOR,PETALING,"KOMPLEKS PASAR BORONG SELANGOR, SERI KEMBANGAN",Runcit,26,Sayur-Sayuran,05,003,KELADI,F.A.Q,Kilogram,8,9.65,
30871906,2026-08-19,2026-08-20 15:33:07.886741,SELANGOR,PETALING,"KOMPLEKS PASAR BORONG SELANGOR, SERI KEMBANGAN",Runcit,26,Sayur-Sayuran,02,004,KETOLA / PETOLA SEGI,F.A.Q,Kilogram,6,6,
30871907,2026-08-19,2026-08-20 15:33:07.886741,SELANGOR,PETALING,"KOMPLEKS PASAR BORONG SELANGOR, SERI KEMBANGAN",Runcit,26,Sayur-Sayuran,03,006,KUBIS BULAT BEIJING (IMPORT),F.A.Q,Kilogram,4,5.61,
30871908,2026-08-19,2026-08-20 15:33:07.886741,SELANGOR,PETALING,"KOMPLEKS PASAR BORONG SELANGOR, SERI KEMBANGAN",Runcit,26,Sayur-Sayuran,03,004,KUBIS BUNGA (IMPORT),F.A.Q,Kilogram,10,8.93,
30871909,2026-08-19,2026-08-20 15:33:07.886741,SELANGOR,PETALING,"KOMPLEKS PASAR BORONG SELANGOR, SERI KEMBANGAN",Runcit,26,Sayur-Sayuran,03,005,KUBIS PANJANG / CINA,F.A.Q,Kilogram,4.5,5.94,
30871910,2026-08-19,2026-08-20 15:33:07.886741,SELANGOR,PETALING,"KOMPLEKS PASAR BORONG SELANGOR, SERI KEMBANGAN",Runcit,26,Sayur-Sayuran,02,005,KUNDUR BULAT,F.A.Q,Kilogram,5,4.78,
30871911,2026-08-19,2026-08-20 15:33:07.886741,SELANGOR,PETALING,"KOMPLEKS PASAR BORONG SELANGOR, SERI KEMBANGAN",Runcit,26,Sayur-Sayuran,05,004,KUNYIT,F.A.Q,Kilogram,9,8.45,
30871912,2026-08-19,2026-08-20 15:33:07.886741,SELANGOR,PETALING,"KOMPLEKS PASAR BORONG SELANGOR, SERI KEMBANGAN",Runcit,26,Sayur-Sayuran,02,006,LABU AIR,F.A.Q,Kilogram,4,4.9,
30871913,2026-08-19,2026-08-20 15:33:07.886741,SELANGOR,PETALING,"KOMPLEKS PASAR BORONG SELANGOR, SERI KEMBANGAN",Runcit,26,Sayur-Sayuran,02,006,LABU MANIS,F.A.Q,Kilogram,4.5,5.17,
30871914,2026-08-19,2026-08-20 15:33:07.886741,SELANGOR,PETALING,"KOMPLEKS PASAR BORONG SELANGOR, SERI KEMBANGAN",Runcit,26,Sayur-Sayuran,02,003,LADA BENGGALA / CAPSICUM HIJAU,F.A.Q,Kilogram,12,12.6,
30871915,2026-08-19,2026-08-20 15:33:07.886741,SELANGOR,PETALING,"KOMPLEKS PASAR BORONG SELANGOR, SERI KEMBANGAN",Runcit,26,Sayur-Sayuran,02,003,LADA BENGGALA / CAPSICUM KUNING,F.A.Q,Kilogram,12,13.72,
30871916,2026-08-19,2026-08-20 15:33:07.886741,SELANGOR,PETALING,"KOMPLEKS PASAR BORONG SELANGOR, SERI KEMBANGAN",Runcit,26,Sayur-Sayuran,02,003,LADA BENGGALA / CAPSICUM MERAH,F.A.Q,Kilogram,12,13.94,
30871917,2026-08-19,2026-08-20 15:33:07.886741,SELANGOR,PETALING,"KOMPLEKS PASAR BORONG SELANGOR, SERI KEMBANGAN",Runcit,26,Sayur-Sayuran,05,005,LENGKUAS,F.A.Q,Kilogram,7,7.19,
30871918,2026-08-19,2026-08-20 15:33:07.886741,SELANGOR,PETALING,"KOMPLEKS PASAR BORONG SELANGOR, SERI KEMBANGAN",Runcit,26,Sayur-Sayuran,01,003,LIK,F.A.Q,Kilogram,7,9.75,
30871919,2026-08-19,2026-08-20 15:33:07.886741,SELANGOR,PETALING,"KOMPLEKS PASAR BORONG SELANGOR, SERI KEMBANGAN",Runcit,26,Sayur-Sayuran,02,007,LIMAU KASTURI,F.A.Q,Kilogram,5,11.02,
30871920,2026-08-19,2026-08-20 15:33:07.886741,SELANGOR,PETALING,"KOMPLEKS PASAR BORONG SELANGOR, SERI KEMBANGAN",Runcit,26,Sayur-Sayuran,02,007,LIMAU NIPIS,F.A.Q,Kilogram,6,10.08,
30871921,2026-08-19,2026-08-20 15:33:07.886741,SELANGOR,PETALING,"KOMPLEKS PASAR BORONG SELANGOR, SERI KEMBANGAN",Runcit,26,Sayur-Sayuran,05,006,LOBAK MERAH (CHINA),F.A.Q,Kilogram,3,4.79,
30871922,2026-08-19,2026-08-20 15:33:07.886741,SELANGOR,PETALING,"KOMPLEKS PASAR BORONG SELANGOR, SERI KEMBANGAN",Runcit,26,Sayur-Sayuran,05,006,LOBAK PUTIH TANAH TINGGI,F.A.Q,Kilogram,6.5,6.71,
30871923,2026-08-19,2026-08-20 15:33:07.886741,SELANGOR,PETALING,"KOMPLEKS PASAR BORONG SELANGOR, SERI KEMBANGAN",Runcit,26,Sayur-Sayuran,07,002,PEGAGA,F.A.Q,Kilogram,15,13.63,
30871924,2026-08-19,2026-08-20 15:33:07.886741,SELANGOR,PETALING,"KOMPLEKS PASAR BORONG SELANGOR, SERI KEMBANGAN",Runcit,26,Sayur-Sayuran,02,009,PERIA,F.A.Q,Kilogram,8,8.63,
30871925,2026-08-19,2026-08-20 15:33:07.886741,SELANGOR,PETALING,"KOMPLEKS PASAR BORONG SELANGOR, SERI KEMBANGAN",Runcit,26,Sayur-Sayuran,02,009,PERIA KATAK,F.A.Q,Kilogram,7,7.12,
30871926,2026-08-19,2026-08-20 15:33:07.886741,SELANGOR,PETALING,"KOMPLEKS PASAR BORONG SELANGOR, SERI KEMBANGAN",Runcit,26,Sayur-Sayuran,07,003,PETAI,F.A.Q,RM/5 Keping,8,8.05,
30871927,2026-08-19,2026-08-20 15:33:07.886741,SELANGOR,PETALING,"KOMPLEKS PASAR BORONG SELANGOR, SERI KEMBANGAN",Runcit,26,Sayur-Sayuran,07,002,PUCUK GAJUS,F.A.Q,Kilogram,14,20,
30871928,2026-08-19,2026-08-20 15:33:07.886741,SELANGOR,PETALING,"KOMPLEKS PASAR BORONG SELANGOR, SERI KEMBANGAN",Runcit,26,Sayur-Sayuran,03,026,PUCUK PAKU,F.A.Q,Kilogram,9,10.25,
30871929,2026-08-19,2026-08-20 15:33:07.886741,SELANGOR,PETALING,"KOMPLEKS PASAR BORONG SELANGOR, SERI KEMBANGAN",Runcit,26,Sayur-Sayuran,01,002,REBUNG,F.A.Q,Kilogram,8,7.6,
30871930,2026-08-19,2026-08-20 15:33:07.886741,SELANGOR,PETALING,"KOMPLEKS PASAR BORONG SELANGOR, SERI KEMBANGAN",Runcit,26,Sayur-Sayuran,03,027,SALAD,F.A.Q,Kilogram,10,10.07,
30871931,2026-08-19,2026-08-20 15:33:07.886741,SELANGOR,PETALING,"KOMPLEKS PASAR BORONG SELANGOR, SERI KEMBANGAN",Runcit,26,Sayur-Sayuran,03,027,SALAD BULAT TANAH TINGGI,F.A.Q,Kilogram,10,8.8,
30871932,2026-08-19,2026-08-20 15:33:07.886741,SELANGOR,PETALING,"KOMPLEKS PASAR BORONG SELANGOR, SERI KEMBANGAN",Runcit,26,Sayur-Sayuran,03,007,SAWI BUNGA,F.A.Q,Kilogram,8,10.1,
30871933,2026-08-19,2026-08-20 15:33:07.886741,SELANGOR,PETALING,"KOMPLEKS PASAR BORONG SELANGOR, SERI KEMBANGAN",Runcit,26,Sayur-Sayuran,03,007,SAWI PAHIT,F.A.Q,Kilogram,5,6.89,
30871934,2026-08-19,2026-08-20 15:33:07.886741,SELANGOR,PETALING,"KOMPLEKS PASAR BORONG SELANGOR, SERI KEMBANGAN",Runcit,26,Sayur-Sayuran,03,007,SAWI PUTIH PAK CHOY,F.A.Q,Kilogram,5,7.21,
30871935,2026-08-19,2026-08-20 15:33:07.886741,SELANGOR,PETALING,"KOMPLEKS PASAR BORONG SELANGOR, SERI KEMBANGAN",Runcit,26,Sayur-Sayuran,07,004,SELASIH,F.A.Q,Kilogram,10,15,
30871936,2026-08-19,2026-08-20 15:33:07.886741,SELANGOR,PETALING,"KOMPLEKS PASAR BORONG SELANGOR, SERI KEMBANGAN",Runcit,26,Sayur-Sayuran,05,007,SENGKUANG,F.A.Q,Kilogram,4,5.37,
30871937,2026-08-19,2026-08-20 15:33:07.886741,SELANGOR,PETALING,"KOMPLEKS PASAR BORONG SELANGOR, SERI KEMBANGAN",Runcit,26,Sayur-Sayuran,05,008,SERAI,F.A.Q,Kilogram,8,6.63,
30871938,2026-08-19,2026-08-20 15:33:07.886741,SELANGOR,PETALING,"KOMPLEKS PASAR BORONG SELANGOR, SERI KEMBANGAN",Runcit,26,Sayur-Sayuran,03,002,TAUGE,F.A.Q,Kilogram,3,3.58,
30871939,2026-08-19,2026-08-20 15:33:07.886741,SELANGOR,PETALING,"KOMPLEKS PASAR BORONG SELANGOR, SERI KEMBANGAN",Runcit,26,Sayur-Sayuran,07,002,TENGGEK BURUNG,F.A.Q,Kilogram,12,20,
30871940,2026-08-19,2026-08-20 15:33:07.886741,SELANGOR,PETALING,"KOMPLEKS PASAR BORONG SELANGOR, SERI KEMBANGAN",Runcit,26,Sayur-Sayuran,02,010,TERUNG BULAT,F.A.Q,Kilogram,11,9.82,
30871941,2026-08-19,2026-08-20 15:33:07.886741,SELANGOR,PETALING,"KOMPLEKS PASAR BORONG SELANGOR, SERI KEMBANGAN",Runcit,26,Sayur-Sayuran,02,010,TERUNG PEPARU MINI,F.A.Q,Kilogram,10,9.48,
30871942,2026-08-19,2026-08-20 15:33:07.886741,SELANGOR,PETALING,"KOMPLEKS PASAR BORONG SELANGOR, SERI KEMBANGAN",Runcit,26,Sayur-Sayuran,02,010,TERUNG PIPIT,F.A.Q,Kilogram,12,20,
30871943,2026-08-19,2026-08-20 15:33:07.886741,SELANGOR,PETALING,"KOMPLEKS PASAR BORONG SELANGOR, SERI KEMBANGAN",Runcit,26,Sayur-Sayuran,02,010,TERUNG TELUNJUK,F.A.Q,Kilogram,12,10,
30871944,2026-08-19,2026-08-20 15:33:07.886741,SELANGOR,PETALING,"KOMPLEKS PASAR BORONG SELANGOR, SERI KEMBANGAN",Runcit,26,Sayur-Sayuran,02,011,TIMUN JEPUN,F.A.Q,Kilogram,5,6.43,
30871945,2026-08-19,2026-08-20 15:33:07.886741,SELANGOR,PETALING,"KOMPLEKS PASAR BORONG SELANGOR, SERI KEMBANGAN",Runcit,26,Sayur-Sayuran,07,002,ULAM RAJA,F.A.Q,Kilogram,10,15,
30871983,2026-08-19,2026-08-20 15:45:44.079136,SELANGOR,PETALING,"KOMPLEKS PASAR BORONG SELANGOR, SERI KEMBANGAN",Borong,20,Sayur-Sayuran,01,001,ASPARAGUS (IMPORT),F.A.Q,Kilogram,36,31.56,
30871984,2026-08-19,2026-08-20 15:45:44.079136,SELANGOR,PETALING,"KOMPLEKS PASAR BORONG SELANGOR, SERI KEMBANGAN",Borong,20,Sayur-Sayuran,02,014,BELIMBING BULUH,F.A.Q,Kilogram,7,4.85,
30871985,2026-08-19,2026-08-20 15:45:44.079136,SELANGOR,PETALING,"KOMPLEKS PASAR BORONG SELANGOR, SERI KEMBANGAN",Borong,20,Sayur-Sayuran,03,003,BROKOLI,F.A.Q,Kilogram,9,900,
30871986,2026-08-19,2026-08-20 15:45:44.079136,SELANGOR,PETALING,"KOMPLEKS PASAR BORONG SELANGOR, SERI KEMBANGAN",Borong,20,Sayur-Sayuran,03,003,BROKOLI (IMPORT),F.A.Q,Kilogram,12,9.9,
30871987,2026-08-19,2026-08-20 15:45:44.079136,SELANGOR,PETALING,"KOMPLEKS PASAR BORONG SELANGOR, SERI KEMBANGAN",Borong,20,Sayur-Sayuran,03,035,BUNGA KANTAN,F.A.Q,Tangkai,1.5,1,
30871988,2026-08-19,2026-08-20 15:45:44.079136,SELANGOR,PETALING,"KOMPLEKS PASAR BORONG SELANGOR, SERI KEMBANGAN",Borong,20,Sayur-Sayuran,06,001,CENDAWAN TIRAM KELABU,F.A.Q,Kilogram,14,11.36,
30871989,2026-08-19,2026-08-20 15:45:44.079136,SELANGOR,PETALING,"KOMPLEKS PASAR BORONG SELANGOR, SERI KEMBANGAN",Borong,20,Sayur-Sayuran,02,002,CILI PADI,F.A.Q,Kilogram,24,21.97,
30871990,2026-08-19,2026-08-20 15:45:44.079136,SELANGOR,PETALING,"KOMPLEKS PASAR BORONG SELANGOR, SERI KEMBANGAN",Borong,20,Sayur-Sayuran,02,002,CILI PADI AKAR (THAILAND),F.A.Q,Kilogram,11,10.96,
30871991,2026-08-19,2026-08-20 15:45:44.079136,SELANGOR,PETALING,"KOMPLEKS PASAR BORONG SELANGOR, SERI KEMBANGAN",Borong,20,Sayur-Sayuran,02,002,CILI PADI KAMPUNG (THAILAND),F.A.Q,Kilogram,16,15.62,
30871992,2026-08-19,2026-08-20 15:45:44.079136,SELANGOR,PETALING,"KOMPLEKS PASAR BORONG SELANGOR, SERI KEMBANGAN",Borong,20,Sayur-Sayuran,03,011,DAUN KESUM,F.A.Q,Kilogram,7,5.98,
30871993,2026-08-19,2026-08-20 15:45:44.079136,SELANGOR,PETALING,"KOMPLEKS PASAR BORONG SELANGOR, SERI KEMBANGAN",Borong,20,Sayur-Sayuran,03,021,DAUN KETUMBAR (IMPORT),F.A.Q,Kilogram,20,14.55,
30871994,2026-08-19,2026-08-20 15:45:44.079136,SELANGOR,PETALING,"KOMPLEKS PASAR BORONG SELANGOR, SERI KEMBANGAN",Borong,20,Sayur-Sayuran,07,002,DAUN SELOM,F.A.Q,Kilogram,7,6.99,
30871995,2026-08-19,2026-08-20 15:45:44.079136,SELANGOR,PETALING,"KOMPLEKS PASAR BORONG SELANGOR, SERI KEMBANGAN",Borong,20,Sayur-Sayuran,05,002,HALIA MUDA,F.A.Q,Kilogram,11,8.69,
30871996,2026-08-19,2026-08-20 15:45:44.079136,SELANGOR,PETALING,"KOMPLEKS PASAR BORONG SELANGOR, SERI KEMBANGAN",Borong,20,Sayur-Sayuran,05,002,HALIA TUA (IMPORT),F.A.Q,Kilogram,6,6.09,
30871997,2026-08-19,2026-08-20 15:45:44.079136,SELANGOR,PETALING,"KOMPLEKS PASAR BORONG SELANGOR, SERI KEMBANGAN",Borong,20,Sayur-Sayuran,05,002,HALIA TUA BENTONG,F.A.Q,Kilogram,23,22.29,
30871998,2026-08-19,2026-08-20 15:45:44.079136,SELANGOR,PETALING,"KOMPLEKS PASAR BORONG SELANGOR, SERI KEMBANGAN",Borong,20,Sayur-Sayuran,02,001,JAGUNG SAYUR / BABY CORN,F.A.Q,Kilogram,8,6.94,
30871999,2026-08-19,2026-08-20 15:45:44.079136,SELANGOR,PETALING,"KOMPLEKS PASAR BORONG SELANGOR, SERI KEMBANGAN",Borong,20,Sayur-Sayuran,07,003,JERING,F.A.Q,Kilogram,6,6.74,
30872000,2026-08-19,2026-08-20 15:45:44.079136,SELANGOR,PETALING,"KOMPLEKS PASAR BORONG SELANGOR, SERI KEMBANGAN",Borong,20,Sayur-Sayuran,04,005,KACANG BOTOR,F.A.Q,Kilogram,9,11.39,
30872001,2026-08-19,2026-08-20 15:45:44.079136,SELANGOR,PETALING,"KOMPLEKS PASAR BORONG SELANGOR, SERI KEMBANGAN",Borong,20,Sayur-Sayuran,03,018,KAILAN,F.A.Q,Kilogram,6,6.82,
30872002,2026-08-19,2026-08-20 15:45:44.079136,SELANGOR,PETALING,"KOMPLEKS PASAR BORONG SELANGOR, SERI KEMBANGAN",Borong,20,Sayur-Sayuran,05,003,KELADI,F.A.Q,Kilogram,7,8.4,
30872003,2026-08-19,2026-08-20 15:45:44.079136,SELANGOR,PETALING,"KOMPLEKS PASAR BORONG SELANGOR, SERI KEMBANGAN",Borong,20,Sayur-Sayuran,02,004,KETOLA / PETOLA SEGI,F.A.Q,Kilogram,5,3,
30872004,2026-08-19,2026-08-20 15:45:44.079136,SELANGOR,PETALING,"KOMPLEKS PASAR BORONG SELANGOR, SERI KEMBANGAN",Borong,20,Sayur-Sayuran,03,006,KUBIS BULAT BEIJING (IMPORT),F.A.Q,Kilogram,3,3.21,
30872005,2026-08-19,2026-08-20 15:45:44.079136,SELANGOR,PETALING,"KOMPLEKS PASAR BORONG SELANGOR, SERI KEMBANGAN",Borong,20,Sayur-Sayuran,03,004,KUBIS BUNGA (IMPORT),F.A.Q,Kilogram,9,6.69,
30872006,2026-08-19,2026-08-20 15:45:44.079136,SELANGOR,PETALING,"KOMPLEKS PASAR BORONG SELANGOR, SERI KEMBANGAN",Borong,20,Sayur-Sayuran,03,005,KUBIS PANJANG / CINA,F.A.Q,Kilogram,3.5,4.03,
30872007,2026-08-19,2026-08-20 15:45:44.079136,SELANGOR,PETALING,"KOMPLEKS PASAR BORONG SELANGOR, SERI KEMBANGAN",Borong,20,Sayur-Sayuran,02,005,KUNDUR BULAT,F.A.Q,Kilogram,4,2.87,
30872008,2026-08-19,2026-08-20 15:45:44.079136,SELANGOR,PETALING,"KOMPLEKS PASAR BORONG SELANGOR, SERI KEMBANGAN",Borong,20,Sayur-Sayuran,05,004,KUNYIT,F.A.Q,Kilogram,8,6.87,
30872009,2026-08-19,2026-08-20 15:45:44.079136,SELANGOR,PETALING,"KOMPLEKS PASAR BORONG SELANGOR, SERI KEMBANGAN",Borong,20,Sayur-Sayuran,02,006,LABU AIR,F.A.Q,Kilogram,3,2.72,
30872010,2026-08-19,2026-08-20 15:45:44.079136,SELANGOR,PETALING,"KOMPLEKS PASAR BORONG SELANGOR, SERI KEMBANGAN",Borong,20,Sayur-Sayuran,02,006,LABU MANIS,F.A.Q,Kilogram,3.5,3.32,
30872011,2026-08-19,2026-08-20 15:45:44.079136,SELANGOR,PETALING,"KOMPLEKS PASAR BORONG SELANGOR, SERI KEMBANGAN",Borong,20,Sayur-Sayuran,02,003,LADA BENGGALA / CAPSICUM HIJAU,F.A.Q,Kilogram,11,9.67,
30872012,2026-08-19,2026-08-20 15:45:44.079136,SELANGOR,PETALING,"KOMPLEKS PASAR BORONG SELANGOR, SERI KEMBANGAN",Borong,20,Sayur-Sayuran,02,003,LADA BENGGALA / CAPSICUM KUNING,F.A.Q,Kilogram,11,11.24,
30872013,2026-08-19,2026-08-20 15:45:44.079136,SELANGOR,PETALING,"KOMPLEKS PASAR BORONG SELANGOR, SERI KEMBANGAN",Borong,20,Sayur-Sayuran,02,003,LADA BENGGALA / CAPSICUM MERAH,F.A.Q,Kilogram,11,11.4,
30872014,2026-08-19,2026-08-20 15:45:44.079136,SELANGOR,PETALING,"KOMPLEKS PASAR BORONG SELANGOR, SERI KEMBANGAN",Borong,20,Sayur-Sayuran,05,005,LENGKUAS,F.A.Q,Kilogram,6,5.41,
30872015,2026-08-19,2026-08-20 15:45:44.079136,SELANGOR,PETALING,"KOMPLEKS PASAR BORONG SELANGOR, SERI KEMBANGAN",Borong,20,Sayur-Sayuran,01,003,LIK,F.A.Q,Kilogram,6,6.78,
30872016,2026-08-19,2026-08-20 15:45:44.079136,SELANGOR,PETALING,"KOMPLEKS PASAR BORONG SELANGOR, SERI KEMBANGAN",Borong,20,Sayur-Sayuran,02,007,LIMAU KASTURI,F.A.Q,Kilogram,4,8.43,
30872017,2026-08-19,2026-08-20 15:45:44.079136,SELANGOR,PETALING,"KOMPLEKS PASAR BORONG SELANGOR, SERI KEMBANGAN",Borong,20,Sayur-Sayuran,02,007,LIMAU NIPIS,F.A.Q,Kilogram,5,7.71,
30872018,2026-08-19,2026-08-20 15:45:44.079136,SELANGOR,PETALING,"KOMPLEKS PASAR BORONG SELANGOR, SERI KEMBANGAN",Borong,20,Sayur-Sayuran,05,006,LOBAK MERAH (CHINA),F.A.Q,Kilogram,2,2.83,
30872019,2026-08-19,2026-08-20 15:45:44.079136,SELANGOR,PETALING,"KOMPLEKS PASAR BORONG SELANGOR, SERI KEMBANGAN",Borong,20,Sayur-Sayuran,05,006,LOBAK PUTIH TANAH TINGGI,F.A.Q,Kilogram,5.5,4.92,
30872020,2026-08-19,2026-08-20 15:45:44.079136,SELANGOR,PETALING,"KOMPLEKS PASAR BORONG SELANGOR, SERI KEMBANGAN",Borong,20,Sayur-Sayuran,07,002,PEGAGA,F.A.Q,Kilogram,14,9.56,
30872021,2026-08-19,2026-08-20 15:45:44.079136,SELANGOR,PETALING,"KOMPLEKS PASAR BORONG SELANGOR, SERI KEMBANGAN",Borong,20,Sayur-Sayuran,02,009,PERIA,F.A.Q,Kilogram,7,5.8,
30872022,2026-08-19,2026-08-20 15:45:44.079136,SELANGOR,PETALING,"KOMPLEKS PASAR BORONG SELANGOR, SERI KEMBANGAN",Borong,20,Sayur-Sayuran,02,009,PERIA KATAK,F.A.Q,Kilogram,6,5.62,
30872023,2026-08-19,2026-08-20 15:45:44.079136,SELANGOR,PETALING,"KOMPLEKS PASAR BORONG SELANGOR, SERI KEMBANGAN",Borong,20,Sayur-Sayuran,07,003,PETAI,F.A.Q,RM/5 Keping,6,6.28,
30872024,2026-08-19,2026-08-20 15:45:44.079136,SELANGOR,PETALING,"KOMPLEKS PASAR BORONG SELANGOR, SERI KEMBANGAN",Borong,20,Sayur-Sayuran,07,002,PUCUK GAJUS,F.A.Q,Kilogram,13,15,
30872025,2026-08-19,2026-08-20 15:45:44.079136,SELANGOR,PETALING,"KOMPLEKS PASAR BORONG SELANGOR, SERI KEMBANGAN",Borong,20,Sayur-Sayuran,03,026,PUCUK PAKU,F.A.Q,Kilogram,8,1025,
30872026,2026-08-19,2026-08-20 15:45:44.079136,SELANGOR,PETALING,"KOMPLEKS PASAR BORONG SELANGOR, SERI KEMBANGAN",Borong,20,Sayur-Sayuran,01,002,REBUNG,F.A.Q,Kilogram,7,5.48,
30872027,2026-08-19,2026-08-20 15:45:44.079136,SELANGOR,PETALING,"KOMPLEKS PASAR BORONG SELANGOR, SERI KEMBANGAN",Borong,20,Sayur-Sayuran,03,027,SALAD,F.A.Q,Kilogram,9,6.15,
30872028,2026-08-19,2026-08-20 15:45:44.079136,SELANGOR,PETALING,"KOMPLEKS PASAR BORONG SELANGOR, SERI KEMBANGAN",Borong,20,Sayur-Sayuran,03,027,SALAD BULAT TANAH TINGGI,F.A.Q,Kilogram,8,6.49,
30872029,2026-08-19,2026-08-20 15:45:44.079136,SELANGOR,PETALING,"KOMPLEKS PASAR BORONG SELANGOR, SERI KEMBANGAN",Borong,20,Sayur-Sayuran,03,007,SAWI BUNGA,F.A.Q,Kilogram,7,8.39,
30872030,2026-08-19,2026-08-20 15:45:44.079136,SELANGOR,PETALING,"KOMPLEKS PASAR BORONG SELANGOR, SERI KEMBANGAN",Borong,20,Sayur-Sayuran,03,007,SAWI PAHIT,F.A.Q,Kilogram,4,5,
30872031,2026-08-19,2026-08-20 15:45:44.079136,SELANGOR,PETALING,"KOMPLEKS PASAR BORONG SELANGOR, SERI KEMBANGAN",Borong,20,Sayur-Sayuran,03,007,SAWI PUTIH PAK CHOY,F.A.Q,Kilogram,4,5.49,
30872032,2026-08-19,2026-08-20 15:45:44.079136,SELANGOR,PETALING,"KOMPLEKS PASAR BORONG SELANGOR, SERI KEMBANGAN",Borong,20,Sayur-Sayuran,07,004,SELASIH,F.A.Q,Kilogram,9,10,
30872033,2026-08-19,2026-08-20 15:45:44.079136,SELANGOR,PETALING,"KOMPLEKS PASAR BORONG SELANGOR, SERI KEMBANGAN",Borong,20,Sayur-Sayuran,05,007,SENGKUANG,F.A.Q,Kilogram,3,3.57,
30872034,2026-08-19,2026-08-20 15:45:44.079136,SELANGOR,PETALING,"KOMPLEKS PASAR BORONG SELANGOR, SERI KEMBANGAN",Borong,20,Sayur-Sayuran,05,008,SERAI,F.A.Q,Kilogram,5,4.72,
30872035,2026-08-19,2026-08-20 15:45:44.079136,SELANGOR,PETALING,"KOMPLEKS PASAR BORONG SELANGOR, SERI KEMBANGAN",Borong,20,Sayur-Sayuran,03,002,TAUGE,F.A.Q,Kilogram,2,2.49,
30872036,2026-08-19,2026-08-20 15:45:44.079136,SELANGOR,PETALING,"KOMPLEKS PASAR BORONG SELANGOR, SERI KEMBANGAN",Borong,20,Sayur-Sayuran,07,002,TENGGEK BURUNG,F.A.Q,Kilogram,11,10,
30872037,2026-08-19,2026-08-20 15:45:44.079136,SELANGOR,PETALING,"KOMPLEKS PASAR BORONG SELANGOR, SERI KEMBANGAN",Borong,20,Sayur-Sayuran,02,010,TERUNG BULAT,F.A.Q,Kilogram,10,6.52,
30872038,2026-08-19,2026-08-20 15:45:44.079136,SELANGOR,PETALING,"KOMPLEKS PASAR BORONG SELANGOR, SERI KEMBANGAN",Borong,20,Sayur-Sayuran,02,010,TERUNG PEPARU MINI,F.A.Q,Kilogram,9,7.07,
30872039,2026-08-19,2026-08-20 15:45:44.079136,SELANGOR,PETALING,"KOMPLEKS PASAR BORONG SELANGOR, SERI KEMBANGAN",Borong,20,Sayur-Sayuran,02,010,TERUNG PIPIT,F.A.Q,Kilogram,11,10,
30872040,2026-08-19,2026-08-20 15:45:44.079136,SELANGOR,PETALING,"KOMPLEKS PASAR BORONG SELANGOR, SERI KEMBANGAN",Borong,20,Sayur-Sayuran,02,010,TERUNG TELUNJUK,F.A.Q,Kilogram,11,8,
30872041,2026-08-19,2026-08-20 15:45:44.079136,SELANGOR,PETALING,"KOMPLEKS PASAR BORONG SELANGOR, SERI KEMBANGAN",Borong,20,Sayur-Sayuran,02,011,TIMUN JEPUN,F.A.Q,Kilogram,4,4.61,
30872042,2026-08-19,2026-08-20 15:45:44.079136,SELANGOR,PETALING,"KOMPLEKS PASAR BORONG SELANGOR, SERI KEMBANGAN",Borong,20,Sayur-Sayuran,07,002,ULAM RAJA,F.A.Q,Kilogram,9,10,
30872188,2026-08-19,2026-08-20 16:09:48.227227,NEGERI SEMBILAN,SEREMBAN,PASAR BESAR SEREMBAN - BAHAGIAN RUNCIT,Runcit,26,Sayur-Sayuran,03,018,KAILAN,F.A.Q,Kilogram,11.5,12,
30872189,2026-08-19,2026-08-20 16:09:48.227227,NEGERI SEMBILAN,SEREMBAN,PASAR BESAR SEREMBAN - BAHAGIAN RUNCIT,Runcit,26,Sayur-Sayuran,03,018,KAILAN,F.A.Q,Kilogram,10.5,12,
30872190,2026-08-19,2026-08-20 16:09:48.227227,NEGERI SEMBILAN,SEREMBAN,PASAR BESAR SEREMBAN - BAHAGIAN RUNCIT,Runcit,26,Sayur-Sayuran,03,018,KAILAN,F.A.Q,Kilogram,11,12,
30872191,2026-08-19,2026-08-20 16:09:48.227227,NEGERI SEMBILAN,SEREMBAN,PASAR BESAR SEREMBAN - BAHAGIAN RUNCIT,Runcit,26,Sayur-Sayuran,05,003,KELADI,F.A.Q,Kilogram,4.7,4.4666667,
30872192,2026-08-19,2026-08-20 16:09:48.227227,NEGERI SEMBILAN,SEREMBAN,PASAR BESAR SEREMBAN - BAHAGIAN RUNCIT,Runcit,26,Sayur-Sayuran,05,003,KELADI,F.A.Q,Kilogram,4.2,4.4666667,
30872193,2026-08-19,2026-08-20 16:09:48.227227,NEGERI SEMBILAN,SEREMBAN,PASAR BESAR SEREMBAN - BAHAGIAN RUNCIT,Runcit,26,Sayur-Sayuran,05,003,KELADI,F.A.Q,Kilogram,4.5,4.4666667,
30872194,2026-08-19,2026-08-20 16:09:48.227227,NEGERI SEMBILAN,SEREMBAN,PASAR BESAR SEREMBAN - BAHAGIAN RUNCIT,Runcit,26,Sayur-Sayuran,02,004,KETOLA / PETOLA SEGI,F.A.Q,Kilogram,10.5,9,
30872195,2026-08-19,2026-08-20 16:09:48.227227,NEGERI SEMBILAN,SEREMBAN,PASAR BESAR SEREMBAN - BAHAGIAN RUNCIT,Runcit,26,Sayur-Sayuran,02,004,KETOLA / PETOLA SEGI,F.A.Q,Kilogram,10,9,
30872196,2026-08-19,2026-08-20 16:09:48.227227,NEGERI SEMBILAN,SEREMBAN,PASAR BESAR SEREMBAN - BAHAGIAN RUNCIT,Runcit,26,Sayur-Sayuran,02,004,KETOLA / PETOLA SEGI,F.A.Q,Kilogram,10.8,9,
30872197,2026-08-19,2026-08-20 16:09:48.227227,NEGERI SEMBILAN,SEREMBAN,PASAR BESAR SEREMBAN - BAHAGIAN RUNCIT,Runcit,26,Sayur-Sayuran,03,006,KUBIS BULAT BEIJING (IMPORT),F.A.Q,Kilogram,5.5,5.5,
30872198,2026-08-19,2026-08-20 16:09:48.227227,NEGERI SEMBILAN,SEREMBAN,PASAR BESAR SEREMBAN - BAHAGIAN RUNCIT,Runcit,26,Sayur-Sayuran,03,006,KUBIS BULAT BEIJING (IMPORT),F.A.Q,Kilogram,5,5.5,
30872199,2026-08-19,2026-08-20 16:09:48.227227,NEGERI SEMBILAN,SEREMBAN,PASAR BESAR SEREMBAN - BAHAGIAN RUNCIT,Runcit,26,Sayur-Sayuran,03,006,KUBIS BULAT BEIJING (IMPORT),F.A.Q,Kilogram,6,5.5,
30872200,2026-08-19,2026-08-20 16:09:48.227227,NEGERI SEMBILAN,SEREMBAN,PASAR BESAR SEREMBAN - BAHAGIAN RUNCIT,Runcit,26,Sayur-Sayuran,03,004,KUBIS BUNGA (IMPORT),F.A.Q,Kilogram,10.3,9.5,
30872201,2026-08-19,2026-08-20 16:09:48.227227,NEGERI SEMBILAN,SEREMBAN,PASAR BESAR SEREMBAN - BAHAGIAN RUNCIT,Runcit,26,Sayur-Sayuran,03,004,KUBIS BUNGA (IMPORT),F.A.Q,Kilogram,9.5,9.5,
30872202,2026-08-19,2026-08-20 16:09:48.227227,NEGERI SEMBILAN,SEREMBAN,PASAR BESAR SEREMBAN - BAHAGIAN RUNCIT,Runcit,26,Sayur-Sayuran,03,004,KUBIS BUNGA (IMPORT),F.A.Q,Kilogram,10.7,9.5,
30872203,2026-08-19,2026-08-20 16:09:48.227227,NEGERI SEMBILAN,SEREMBAN,PASAR BESAR SEREMBAN - BAHAGIAN RUNCIT,Runcit,26,Sayur-Sayuran,03,005,KUBIS PANJANG / CINA,F.A.Q,Kilogram,5.7,5.3333335,
30872204,2026-08-19,2026-08-20 16:09:48.227227,NEGERI SEMBILAN,SEREMBAN,PASAR BESAR SEREMBAN - BAHAGIAN RUNCIT,Runcit,26,Sayur-Sayuran,03,005,KUBIS PANJANG / CINA,F.A.Q,Kilogram,5,5.3333335,
30872205,2026-08-19,2026-08-20 16:09:48.227227,NEGERI SEMBILAN,SEREMBAN,PASAR BESAR SEREMBAN - BAHAGIAN RUNCIT,Runcit,26,Sayur-Sayuran,03,005,KUBIS PANJANG / CINA,F.A.Q,Kilogram,5.3,5.3333335,
30872206,2026-08-19,2026-08-20 16:09:48.227227,NEGERI SEMBILAN,SEREMBAN,PASAR BESAR SEREMBAN - BAHAGIAN RUNCIT,Runcit,26,Sayur-Sayuran,02,005,KUNDUR BULAT,F.A.Q,Kilogram,5,5.266667,
30872207,2026-08-19,2026-08-20 16:09:48.227227,NEGERI SEMBILAN,SEREMBAN,PASAR BESAR SEREMBAN - BAHAGIAN RUNCIT,Runcit,26,Sayur-Sayuran,02,005,KUNDUR BULAT,F.A.Q,Kilogram,5.1,5.266667,
30872208,2026-08-19,2026-08-20 16:09:48.227227,NEGERI SEMBILAN,SEREMBAN,PASAR BESAR SEREMBAN - BAHAGIAN RUNCIT,Runcit,26,Sayur-Sayuran,02,005,KUNDUR BULAT,F.A.Q,Kilogram,5.4,5.266667,
30872209,2026-08-19,2026-08-20 16:09:48.227227,NEGERI SEMBILAN,SEREMBAN,PASAR BESAR SEREMBAN - BAHAGIAN RUNCIT,Runcit,26,Sayur-Sayuran,05,004,KUNYIT,F.A.Q,Kilogram,10.7,11.5,
30872210,2026-08-19,2026-08-20 16:09:48.311052,NEGERI SEMBILAN,SEREMBAN,PASAR BESAR SEREMBAN - BAHAGIAN RUNCIT,Runcit,26,Sayur-Sayuran,05,004,KUNYIT,F.A.Q,Kilogram,10.4,11.5,
30872211,2026-08-19,2026-08-20 16:09:48.311052,NEGERI SEMBILAN,SEREMBAN,PASAR BESAR SEREMBAN - BAHAGIAN RUNCIT,Runcit,26,Sayur-Sayuran,05,004,KUNYIT,F.A.Q,Kilogram,11,11.5,
30872212,2026-08-19,2026-08-20 16:09:48.311052,NEGERI SEMBILAN,SEREMBAN,PASAR BESAR SEREMBAN - BAHAGIAN RUNCIT,Runcit,26,Sayur-Sayuran,02,006,LABU AIR,F.A.Q,Kilogram,4.8,5.266667,
30872213,2026-08-19,2026-08-20 16:09:48.311052,NEGERI SEMBILAN,SEREMBAN,PASAR BESAR SEREMBAN - BAHAGIAN RUNCIT,Runcit,26,Sayur-Sayuran,02,006,LABU AIR,F.A.Q,Kilogram,4.3,5.266667,
30872214,2026-08-19,2026-08-20 16:09:48.311052,NEGERI SEMBILAN,SEREMBAN,PASAR BESAR SEREMBAN - BAHAGIAN RUNCIT,Runcit,26,Sayur-Sayuran,02,006,LABU AIR,F.A.Q,Kilogram,5,5.266667,
30872215,2026-08-19,2026-08-20 16:09:48.311052,NEGERI SEMBILAN,SEREMBAN,PASAR BESAR SEREMBAN - BAHAGIAN RUNCIT,Runcit,26,Sayur-Sayuran,02,006,LABU MANIS,F.A.Q,Kilogram,4.5,4.5,
30872216,2026-08-19,2026-08-20 16:09:48.311052,NEGERI SEMBILAN,SEREMBAN,PASAR BESAR SEREMBAN - BAHAGIAN RUNCIT,Runcit,26,Sayur-Sayuran,02,006,LABU MANIS,F.A.Q,Kilogram,4.2,4.5,
30872217,2026-08-19,2026-08-20 16:09:48.311052,NEGERI SEMBILAN,SEREMBAN,PASAR BESAR SEREMBAN - BAHAGIAN RUNCIT,Runcit,26,Sayur-Sayuran,02,006,LABU MANIS,F.A.Q,Kilogram,4.8,4.5,
30872218,2026-08-19,2026-08-20 16:09:48.311052,NEGERI SEMBILAN,SEREMBAN,PASAR BESAR SEREMBAN - BAHAGIAN RUNCIT,Runcit,26,Sayur-Sayuran,02,003,LADA BENGGALA / CAPSICUM HIJAU,F.A.Q,Kilogram,12,12.266666,
30872219,2026-08-19,2026-08-20 16:09:48.311052,NEGERI SEMBILAN,SEREMBAN,PASAR BESAR SEREMBAN - BAHAGIAN RUNCIT,Runcit,26,Sayur-Sayuran,02,003,LADA BENGGALA / CAPSICUM HIJAU,F.A.Q,Kilogram,11.8,12.266666,
30872220,2026-08-19,2026-08-20 16:09:48.311052,NEGERI SEMBILAN,SEREMBAN,PASAR BESAR SEREMBAN - BAHAGIAN RUNCIT,Runcit,26,Sayur-Sayuran,02,003,LADA BENGGALA / CAPSICUM HIJAU,F.A.Q,Kilogram,12.4,12.266666,
30872221,2026-08-19,2026-08-20 16:09:48.311052,NEGERI SEMBILAN,SEREMBAN,PASAR BESAR SEREMBAN - BAHAGIAN RUNCIT,Runcit,26,Sayur-Sayuran,02,003,LADA BENGGALA / CAPSICUM KUNING,F.A.Q,Kilogram,13.5,13.566667,
30872222,2026-08-19,2026-08-20 16:09:48.311052,NEGERI SEMBILAN,SEREMBAN,PASAR BESAR SEREMBAN - BAHAGIAN RUNCIT,Runcit,26,Sayur-Sayuran,02,003,LADA BENGGALA / CAPSICUM KUNING,F.A.Q,Kilogram,13,13.566667,
30872223,2026-08-19,2026-08-20 16:09:48.311052,NEGERI SEMBILAN,SEREMBAN,PASAR BESAR SEREMBAN - BAHAGIAN RUNCIT,Runcit,26,Sayur-Sayuran,02,003,LADA BENGGALA / CAPSICUM KUNING,F.A.Q,Kilogram,14,13.566667,
30872224,2026-08-19,2026-08-20 16:09:48.311052,NEGERI SEMBILAN,SEREMBAN,PASAR BESAR SEREMBAN - BAHAGIAN RUNCIT,Runcit,26,Sayur-Sayuran,02,003,LADA BENGGALA / CAPSICUM MERAH,F.A.Q,Kilogram,13.8,13.766666,
30872225,2026-08-19,2026-08-20 16:09:48.311052,NEGERI SEMBILAN,SEREMBAN,PASAR BESAR SEREMBAN - BAHAGIAN RUNCIT,Runcit,26,Sayur-Sayuran,02,003,LADA BENGGALA / CAPSICUM MERAH,F.A.Q,Kilogram,13.2,13.766666,
30872226,2026-08-19,2026-08-20 16:09:48.311052,NEGERI SEMBILAN,SEREMBAN,PASAR BESAR SEREMBAN - BAHAGIAN RUNCIT,Runcit,26,Sayur-Sayuran,02,003,LADA BENGGALA / CAPSICUM MERAH,F.A.Q,Kilogram,14.3,13.766666,
30872227,2026-08-19,2026-08-20 16:09:48.311052,NEGERI SEMBILAN,SEREMBAN,PASAR BESAR SEREMBAN - BAHAGIAN RUNCIT,Runcit,26,Sayur-Sayuran,05,005,LENGKUAS,F.A.Q,Kilogram,11.5,11.5,
30872228,2026-08-19,2026-08-20 16:09:48.311052,NEGERI SEMBILAN,SEREMBAN,PASAR BESAR SEREMBAN - BAHAGIAN RUNCIT,Runcit,26,Sayur-Sayuran,05,005,LENGKUAS,F.A.Q,Kilogram,11,11.5,
30872229,2026-08-19,2026-08-20 16:09:48.311052,NEGERI SEMBILAN,SEREMBAN,PASAR BESAR SEREMBAN - BAHAGIAN RUNCIT,Runcit,26,Sayur-Sayuran,05,005,LENGKUAS,F.A.Q,Kilogram,12,11.5,
30872230,2026-08-19,2026-08-20 16:09:48.311052,NEGERI SEMBILAN,SEREMBAN,PASAR BESAR SEREMBAN - BAHAGIAN RUNCIT,Runcit,26,Sayur-Sayuran,02,007,LIMAU KASTURI,F.A.Q,Kilogram,6.5,6.266667,
30872231,2026-08-19,2026-08-20 16:09:48.311052,NEGERI SEMBILAN,SEREMBAN,PASAR BESAR SEREMBAN - BAHAGIAN RUNCIT,Runcit,26,Sayur-Sayuran,02,007,LIMAU KASTURI,F.A.Q,Kilogram,6.3,6.266667,
30872232,2026-08-19,2026-08-20 16:09:48.311052,NEGERI SEMBILAN,SEREMBAN,PASAR BESAR SEREMBAN - BAHAGIAN RUNCIT,Runcit,26,Sayur-Sayuran,02,007,LIMAU KASTURI,F.A.Q,Kilogram,6,6.266667,
30872233,2026-08-19,2026-08-20 16:09:48.311052,NEGERI SEMBILAN,SEREMBAN,PASAR BESAR SEREMBAN - BAHAGIAN RUNCIT,Runcit,26,Sayur-Sayuran,02,007,LIMAU NIPIS,F.A.Q,Kilogram,7.8,7.4333334,
30872234,2026-08-19,2026-08-20 16:09:48.311052,NEGERI SEMBILAN,SEREMBAN,PASAR BESAR SEREMBAN - BAHAGIAN RUNCIT,Runcit,26,Sayur-Sayuran,02,007,LIMAU NIPIS,F.A.Q,Kilogram,7,7.4333334,
30872235,2026-08-19,2026-08-20 16:09:48.311052,NEGERI SEMBILAN,SEREMBAN,PASAR BESAR SEREMBAN - BAHAGIAN RUNCIT,Runcit,26,Sayur-Sayuran,02,007,LIMAU NIPIS,F.A.Q,Kilogram,7.5,7.4333334,
30872236,2026-08-19,2026-08-20 16:09:54.601155,NEGERI SEMBILAN,SEREMBAN,PASAR BESAR SEREMBAN - BAHAGIAN BORONG,Borong,20,Sayur-Sayuran,03,018,KAILAN,F.A.Q,Kilogram,8.6,9.033334,
30872237,2026-08-19,2026-08-20 16:09:54.601155,NEGERI SEMBILAN,SEREMBAN,PASAR BESAR SEREMBAN - BAHAGIAN BORONG,Borong,20,Sayur-Sayuran,03,018,KAILAN,F.A.Q,Kilogram,9.3,9.033334,
30872238,2026-08-19,2026-08-20 16:09:54.601155,NEGERI SEMBILAN,SEREMBAN,PASAR BESAR SEREMBAN - BAHAGIAN BORONG,Borong,20,Sayur-Sayuran,03,018,KAILAN,F.A.Q,Kilogram,9,9.033334,
30872239,2026-08-19,2026-08-20 16:09:54.601155,NEGERI SEMBILAN,SEREMBAN,PASAR BESAR SEREMBAN - BAHAGIAN BORONG,Borong,20,Sayur-Sayuran,05,003,KELADI,F.A.Q,Kilogram,3,3.2333333,
30872240,2026-08-19,2026-08-20 16:09:54.601155,NEGERI SEMBILAN,SEREMBAN,PASAR BESAR SEREMBAN - BAHAGIAN BORONG,Borong,20,Sayur-Sayuran,05,003,KELADI,F.A.Q,Kilogram,3.4,3.2333333,
30872241,2026-08-19,2026-08-20 16:09:54.601155,NEGERI SEMBILAN,SEREMBAN,PASAR BESAR SEREMBAN - BAHAGIAN BORONG,Borong,20,Sayur-Sayuran,05,003,KELADI,F.A.Q,Kilogram,3.3,3.2333333,
30872242,2026-08-19,2026-08-20 16:09:54.601155,NEGERI SEMBILAN,SEREMBAN,PASAR BESAR SEREMBAN - BAHAGIAN BORONG,Borong,20,Sayur-Sayuran,02,004,KETOLA / PETOLA SEGI,F.A.Q,Kilogram,7.2,7.5666666,
30872243,2026-08-19,2026-08-20 16:09:54.601155,NEGERI SEMBILAN,SEREMBAN,PASAR BESAR SEREMBAN - BAHAGIAN BORONG,Borong,20,Sayur-Sayuran,02,004,KETOLA / PETOLA SEGI,F.A.Q,Kilogram,8.2,7.5666666,
30872244,2026-08-19,2026-08-20 16:09:54.601155,NEGERI SEMBILAN,SEREMBAN,PASAR BESAR SEREMBAN - BAHAGIAN BORONG,Borong,20,Sayur-Sayuran,02,004,KETOLA / PETOLA SEGI,F.A.Q,Kilogram,7.7,7.5666666,
30872245,2026-08-19,2026-08-20 16:09:54.601155,NEGERI SEMBILAN,SEREMBAN,PASAR BESAR SEREMBAN - BAHAGIAN BORONG,Borong,20,Sayur-Sayuran,03,006,KUBIS BULAT BEIJING (IMPORT),F.A.Q,Kilogram,4,4.3,
30872246,2026-08-19,2026-08-20 16:09:54.601155,NEGERI SEMBILAN,SEREMBAN,PASAR BESAR SEREMBAN - BAHAGIAN BORONG,Borong,20,Sayur-Sayuran,03,006,KUBIS BULAT BEIJING (IMPORT),F.A.Q,Kilogram,4.6,4.3,
30872247,2026-08-19,2026-08-20 16:09:54.601155,NEGERI SEMBILAN,SEREMBAN,PASAR BESAR SEREMBAN - BAHAGIAN BORONG,Borong,20,Sayur-Sayuran,03,006,KUBIS BULAT BEIJING (IMPORT),F.A.Q,Kilogram,4.3,4.3,
30872248,2026-08-19,2026-08-20 16:09:54.601155,NEGERI SEMBILAN,SEREMBAN,PASAR BESAR SEREMBAN - BAHAGIAN BORONG,Borong,20,Sayur-Sayuran,03,004,KUBIS BUNGA (IMPORT),F.A.Q,Kilogram,8.2,8.133333,
30872249,2026-08-19,2026-08-20 16:09:54.601155,NEGERI SEMBILAN,SEREMBAN,PASAR BESAR SEREMBAN - BAHAGIAN BORONG,Borong,20,Sayur-Sayuran,03,004,KUBIS BUNGA (IMPORT),F.A.Q,Kilogram,8.7,8.133333,
30872250,2026-08-19,2026-08-20 16:09:54.601155,NEGERI SEMBILAN,SEREMBAN,PASAR BESAR SEREMBAN - BAHAGIAN BORONG,Borong,20,Sayur-Sayuran,03,004,KUBIS BUNGA (IMPORT),F.A.Q,Kilogram,7.9,8.133333,
30872251,2026-08-19,2026-08-20 16:09:54.601155,NEGERI SEMBILAN,SEREMBAN,PASAR BESAR SEREMBAN - BAHAGIAN BORONG,Borong,20,Sayur-Sayuran,03,005,KUBIS PANJANG / CINA,F.A.Q,Kilogram,3.8,4.1,
30872252,2026-08-19,2026-08-20 16:09:54.601155,NEGERI SEMBILAN,SEREMBAN,PASAR BESAR SEREMBAN - BAHAGIAN BORONG,Borong,20,Sayur-Sayuran,03,005,KUBIS PANJANG / CINA,F.A.Q,Kilogram,4.4,4.1,
30872253,2026-08-19,2026-08-20 16:09:54.601155,NEGERI SEMBILAN,SEREMBAN,PASAR BESAR SEREMBAN - BAHAGIAN BORONG,Borong,20,Sayur-Sayuran,03,005,KUBIS PANJANG / CINA,F.A.Q,Kilogram,4.1,4.1,
30872254,2026-08-19,2026-08-20 16:09:54.601155,NEGERI SEMBILAN,SEREMBAN,PASAR BESAR SEREMBAN - BAHAGIAN BORONG,Borong,20,Sayur-Sayuran,02,005,KUNDUR BULAT,F.A.Q,Kilogram,3.5,3.6,
30872255,2026-08-19,2026-08-20 16:09:54.601155,NEGERI SEMBILAN,SEREMBAN,PASAR BESAR SEREMBAN - BAHAGIAN BORONG,Borong,20,Sayur-Sayuran,02,005,KUNDUR BULAT,F.A.Q,Kilogram,3.9,3.6,
30872256,2026-08-19,2026-08-20 16:09:54.601155,NEGERI SEMBILAN,SEREMBAN,PASAR BESAR SEREMBAN - BAHAGIAN BORONG,Borong,20,Sayur-Sayuran,02,005,KUNDUR BULAT,F.A.Q,Kilogram,3.3,3.6,
30872257,2026-08-19,2026-08-20 16:09:54.601155,NEGERI SEMBILAN,SEREMBAN,PASAR BESAR SEREMBAN - BAHAGIAN BORONG,Borong,20,Sayur-Sayuran,05,004,KUNYIT,F.A.Q,Kilogram,8.7,10,
30872258,2026-08-19,2026-08-20 16:09:54.601155,NEGERI SEMBILAN,SEREMBAN,PASAR BESAR SEREMBAN - BAHAGIAN BORONG,Borong,20,Sayur-Sayuran,05,004,KUNYIT,F.A.Q,Kilogram,8.9,10,
30872259,2026-08-19,2026-08-20 16:09:54.601155,NEGERI SEMBILAN,SEREMBAN,PASAR BESAR SEREMBAN - BAHAGIAN BORONG,Borong,20,Sayur-Sayuran,05,004,KUNYIT,F.A.Q,Kilogram,8.2,10,
30872260,2026-08-19,2026-08-20 16:09:54.601155,NEGERI SEMBILAN,SEREMBAN,PASAR BESAR SEREMBAN - BAHAGIAN BORONG,Borong,20,Sayur-Sayuran,02,006,LABU AIR,F.A.Q,Kilogram,2.9,3.3,
30872261,2026-08-19,2026-08-20 16:09:54.601155,NEGERI SEMBILAN,SEREMBAN,PASAR BESAR SEREMBAN - BAHAGIAN BORONG,Borong,20,Sayur-Sayuran,02,006,LABU AIR,F.A.Q,Kilogram,3.5,3.3,
30872262,2026-08-19,2026-08-20 16:09:54.601155,NEGERI SEMBILAN,SEREMBAN,PASAR BESAR SEREMBAN - BAHAGIAN BORONG,Borong,20,Sayur-Sayuran,02,006,LABU AIR,F.A.Q,Kilogram,3.3,3.3,
30872263,2026-08-19,2026-08-20 16:09:54.601155,NEGERI SEMBILAN,SEREMBAN,PASAR BESAR SEREMBAN - BAHAGIAN BORONG,Borong,20,Sayur-Sayuran,02,006,LABU MANIS,F.A.Q,Kilogram,3,3.1666667,
30872264,2026-08-19,2026-08-20 16:09:54.601155,NEGERI SEMBILAN,SEREMBAN,PASAR BESAR SEREMBAN - BAHAGIAN BORONG,Borong,20,Sayur-Sayuran,02,006,LABU MANIS,F.A.Q,Kilogram,3.2,3.1666667,
30872265,2026-08-19,2026-08-20 16:09:54.601155,NEGERI SEMBILAN,SEREMBAN,PASAR BESAR SEREMBAN - BAHAGIAN BORONG,Borong,20,Sayur-Sayuran,02,006,LABU MANIS,F.A.Q,Kilogram,3.3,3.1666667,
30872266,2026-08-19,2026-08-20 16:09:54.601155,NEGERI SEMBILAN,SEREMBAN,PASAR BESAR SEREMBAN - BAHAGIAN BORONG,Borong,20,Sayur-Sayuran,02,003,LADA BENGGALA / CAPSICUM HIJAU,F.A.Q,Kilogram,9.7,10.066667,
30872267,2026-08-19,2026-08-20 16:09:54.601155,NEGERI SEMBILAN,SEREMBAN,PASAR BESAR SEREMBAN - BAHAGIAN BORONG,Borong,20,Sayur-Sayuran,02,003,LADA BENGGALA / CAPSICUM HIJAU,F.A.Q,Kilogram,10.2,10.066667,
30872268,2026-08-19,2026-08-20 16:09:54.601155,NEGERI SEMBILAN,SEREMBAN,PASAR BESAR SEREMBAN - BAHAGIAN BORONG,Borong,20,Sayur-Sayuran,02,003,LADA BENGGALA / CAPSICUM HIJAU,F.A.Q,Kilogram,10,10.066667,
30872269,2026-08-19,2026-08-20 16:09:54.601155,NEGERI SEMBILAN,SEREMBAN,PASAR BESAR SEREMBAN - BAHAGIAN BORONG,Borong,20,Sayur-Sayuran,02,003,LADA BENGGALA / CAPSICUM KUNING,F.A.Q,Kilogram,11.6,12.066667,
30872270,2026-08-19,2026-08-20 16:09:54.601155,NEGERI SEMBILAN,SEREMBAN,PASAR BESAR SEREMBAN - BAHAGIAN BORONG,Borong,20,Sayur-Sayuran,02,003,LADA BENGGALA / CAPSICUM KUNING,F.A.Q,Kilogram,12.3,12.066667,
30872271,2026-08-19,2026-08-20 16:09:54.601155,NEGERI SEMBILAN,SEREMBAN,PASAR BESAR SEREMBAN - BAHAGIAN BORONG,Borong,20,Sayur-Sayuran,02,003,LADA BENGGALA / CAPSICUM KUNING,F.A.Q,Kilogram,12,12.066667,
30872272,2026-08-19,2026-08-20 16:09:54.601155,NEGERI SEMBILAN,SEREMBAN,PASAR BESAR SEREMBAN - BAHAGIAN BORONG,Borong,20,Sayur-Sayuran,02,003,LADA BENGGALA / CAPSICUM MERAH,F.A.Q,Kilogram,11.6,12.2,
30872273,2026-08-19,2026-08-20 16:09:54.601155,NEGERI SEMBILAN,SEREMBAN,PASAR BESAR SEREMBAN - BAHAGIAN BORONG,Borong,20,Sayur-Sayuran,02,003,LADA BENGGALA / CAPSICUM MERAH,F.A.Q,Kilogram,12.4,12.2,
30872274,2026-08-19,2026-08-20 16:09:54.601155,NEGERI SEMBILAN,SEREMBAN,PASAR BESAR SEREMBAN - BAHAGIAN BORONG,Borong,20,Sayur-Sayuran,02,003,LADA BENGGALA / CAPSICUM MERAH,F.A.Q,Kilogram,12,12.2,
30872275,2026-08-19,2026-08-20 16:09:54.601155,NEGERI SEMBILAN,SEREMBAN,PASAR BESAR SEREMBAN - BAHAGIAN BORONG,Borong,20,Sayur-Sayuran,05,005,LENGKUAS,F.A.Q,Kilogram,9.5,9.833333,
30872276,2026-08-19,2026-08-20 16:09:54.601155,NEGERI SEMBILAN,SEREMBAN,PASAR BESAR SEREMBAN - BAHAGIAN BORONG,Borong,20,Sayur-Sayuran,05,005,LENGKUAS,F.A.Q,Kilogram,10.2,9.833333,
30872277,2026-08-19,2026-08-20 16:09:54.601155,NEGERI SEMBILAN,SEREMBAN,PASAR BESAR SEREMBAN - BAHAGIAN BORONG,Borong,20,Sayur-Sayuran,05,005,LENGKUAS,F.A.Q,Kilogram,9.8,9.833333,
30872278,2026-08-19,2026-08-20 16:09:54.601155,NEGERI SEMBILAN,SEREMBAN,PASAR BESAR SEREMBAN - BAHAGIAN BORONG,Borong,20,Sayur-Sayuran,02,007,LIMAU KASTURI,F.A.Q,Kilogram,5.1,5.3,
30872279,2026-08-19,2026-08-20 16:09:54.601155,NEGERI SEMBILAN,SEREMBAN,PASAR BESAR SEREMBAN - BAHAGIAN BORONG,Borong,20,Sayur-Sayuran,02,007,LIMAU KASTURI,F.A.Q,Kilogram,5.5,5.3,
30872280,2026-08-19,2026-08-20 16:09:54.601155,NEGERI SEMBILAN,SEREMBAN,PASAR BESAR SEREMBAN - BAHAGIAN BORONG,Borong,20,Sayur-Sayuran,02,007,LIMAU KASTURI,F.A.Q,Kilogram,5.3,5.3,
30872281,2026-08-19,2026-08-20 16:09:54.601155,NEGERI SEMBILAN,SEREMBAN,PASAR BESAR SEREMBAN - BAHAGIAN BORONG,Borong,20,Sayur-Sayuran,02,007,LIMAU NIPIS,F.A.Q,Kilogram,5,5.5666666,
30872282,2026-08-19,2026-08-20 16:09:54.601155,NEGERI SEMBILAN,SEREMBAN,PASAR BESAR SEREMBAN - BAHAGIAN BORONG,Borong,20,Sayur-Sayuran,02,007,LIMAU NIPIS,F.A.Q,Kilogram,6,5.5666666,
30872283,2026-08-19,2026-08-20 16:09:54.601155,NEGERI SEMBILAN,SEREMBAN,PASAR BESAR SEREMBAN - BAHAGIAN BORONG,Borong,20,Sayur-Sayuran,02,007,LIMAU NIPIS,F.A.Q,Kilogram,5.7,5.5666666,
30872475,2026-08-19,2026-08-20 16:46:45.612215,NEGERI SEMBILAN,SEREMBAN,PASAR BESAR SEREMBAN - BAHAGIAN RUNCIT,Runcit,26,Sayur-Sayuran,05,006,LOBAK MERAH (CHINA),F.A.Q,Kilogram,5,4.6,
30872476,2026-08-19,2026-08-20 16:46:45.612215,NEGERI SEMBILAN,SEREMBAN,PASAR BESAR SEREMBAN - BAHAGIAN RUNCIT,Runcit,26,Sayur-Sayuran,05,006,LOBAK MERAH (CHINA),F.A.Q,Kilogram,4.5,4.6,
30872477,2026-08-19,2026-08-20 16:46:45.612215,NEGERI SEMBILAN,SEREMBAN,PASAR BESAR SEREMBAN - BAHAGIAN RUNCIT,Runcit,26,Sayur-Sayuran,05,006,LOBAK MERAH (CHINA),F.A.Q,Kilogram,4.3,4.6,
30872478,2026-08-19,2026-08-20 16:46:45.612215,NEGERI SEMBILAN,SEREMBAN,PASAR BESAR SEREMBAN - BAHAGIAN RUNCIT,Runcit,26,Sayur-Sayuran,05,006,LOBAK PUTIH TANAH TINGGI,F.A.Q,Kilogram,7,7.5,
30872479,2026-08-19,2026-08-20 16:46:45.612215,NEGERI SEMBILAN,SEREMBAN,PASAR BESAR SEREMBAN - BAHAGIAN RUNCIT,Runcit,26,Sayur-Sayuran,05,006,LOBAK PUTIH TANAH TINGGI,F.A.Q,Kilogram,6.5,7.5,
30872480,2026-08-19,2026-08-20 16:46:45.612215,NEGERI SEMBILAN,SEREMBAN,PASAR BESAR SEREMBAN - BAHAGIAN RUNCIT,Runcit,26,Sayur-Sayuran,05,006,LOBAK PUTIH TANAH TINGGI,F.A.Q,Kilogram,6,7.5,
30872481,2026-08-19,2026-08-20 16:46:45.612215,NEGERI SEMBILAN,SEREMBAN,PASAR BESAR SEREMBAN - BAHAGIAN RUNCIT,Runcit,26,Sayur-Sayuran,07,002,PEGAGA,F.A.Q,Kilogram,14.5,14.5,
30872482,2026-08-19,2026-08-20 16:46:45.612215,NEGERI SEMBILAN,SEREMBAN,PASAR BESAR SEREMBAN - BAHAGIAN RUNCIT,Runcit,26,Sayur-Sayuran,07,002,PEGAGA,F.A.Q,Kilogram,14,14.5,
30872483,2026-08-19,2026-08-20 16:46:45.612215,NEGERI SEMBILAN,SEREMBAN,PASAR BESAR SEREMBAN - BAHAGIAN RUNCIT,Runcit,26,Sayur-Sayuran,07,002,PEGAGA,F.A.Q,Kilogram,15,14.5,
30872484,2026-08-19,2026-08-20 16:46:45.612215,NEGERI SEMBILAN,SEREMBAN,PASAR BESAR SEREMBAN - BAHAGIAN RUNCIT,Runcit,26,Sayur-Sayuran,02,009,PERIA,F.A.Q,Kilogram,11,10.5,
30872485,2026-08-19,2026-08-20 16:46:45.612215,NEGERI SEMBILAN,SEREMBAN,PASAR BESAR SEREMBAN - BAHAGIAN RUNCIT,Runcit,26,Sayur-Sayuran,02,009,PERIA,F.A.Q,Kilogram,11.5,10.5,
30872486,2026-08-19,2026-08-20 16:46:45.612215,NEGERI SEMBILAN,SEREMBAN,PASAR BESAR SEREMBAN - BAHAGIAN RUNCIT,Runcit,26,Sayur-Sayuran,02,009,PERIA,F.A.Q,Kilogram,12,10.5,
30872487,2026-08-19,2026-08-20 16:46:45.612215,NEGERI SEMBILAN,SEREMBAN,PASAR BESAR SEREMBAN - BAHAGIAN RUNCIT,Runcit,26,Sayur-Sayuran,02,009,PERIA KATAK,F.A.Q,Kilogram,11,7.5,
30872488,2026-08-19,2026-08-20 16:46:45.612215,NEGERI SEMBILAN,SEREMBAN,PASAR BESAR SEREMBAN - BAHAGIAN RUNCIT,Runcit,26,Sayur-Sayuran,02,009,PERIA KATAK,F.A.Q,Kilogram,11.5,7.5,
30872489,2026-08-19,2026-08-20 16:46:45.612215,NEGERI SEMBILAN,SEREMBAN,PASAR BESAR SEREMBAN - BAHAGIAN RUNCIT,Runcit,26,Sayur-Sayuran,02,009,PERIA KATAK,F.A.Q,Kilogram,12,7.5,
30872490,2026-08-19,2026-08-20 16:46:45.612215,NEGERI SEMBILAN,SEREMBAN,PASAR BESAR SEREMBAN - BAHAGIAN RUNCIT,Runcit,26,Sayur-Sayuran,07,003,PETAI,F.A.Q,RM/5 Keping,10,10,
30872491,2026-08-19,2026-08-20 16:46:45.612215,NEGERI SEMBILAN,SEREMBAN,PASAR BESAR SEREMBAN - BAHAGIAN RUNCIT,Runcit,26,Sayur-Sayuran,07,003,PETAI,F.A.Q,RM/5 Keping,10,10,
30872492,2026-08-19,2026-08-20 16:46:45.612215,NEGERI SEMBILAN,SEREMBAN,PASAR BESAR SEREMBAN - BAHAGIAN RUNCIT,Runcit,26,Sayur-Sayuran,07,003,PETAI,F.A.Q,RM/5 Keping,10,10,
30872493,2026-08-19,2026-08-20 16:46:45.612215,NEGERI SEMBILAN,SEREMBAN,PASAR BESAR SEREMBAN - BAHAGIAN RUNCIT,Runcit,26,Sayur-Sayuran,01,002,REBUNG,F.A.Q,Kilogram,7.8,6.5666666,
30872494,2026-08-19,2026-08-20 16:46:45.612215,NEGERI SEMBILAN,SEREMBAN,PASAR BESAR SEREMBAN - BAHAGIAN RUNCIT,Runcit,26,Sayur-Sayuran,01,002,REBUNG,F.A.Q,Kilogram,7.2,6.5666666,
30872495,2026-08-19,2026-08-20 16:46:45.612215,NEGERI SEMBILAN,SEREMBAN,PASAR BESAR SEREMBAN - BAHAGIAN RUNCIT,Runcit,26,Sayur-Sayuran,01,002,REBUNG,F.A.Q,Kilogram,7.5,6.5666666,
30872496,2026-08-19,2026-08-20 16:46:45.612215,NEGERI SEMBILAN,SEREMBAN,PASAR BESAR SEREMBAN - BAHAGIAN RUNCIT,Runcit,26,Sayur-Sayuran,03,027,SALAD,F.A.Q,Kilogram,8.3,8.633333,
30872497,2026-08-19,2026-08-20 16:46:45.612215,NEGERI SEMBILAN,SEREMBAN,PASAR BESAR SEREMBAN - BAHAGIAN RUNCIT,Runcit,26,Sayur-Sayuran,03,027,SALAD,F.A.Q,Kilogram,8,8.633333,
30872498,2026-08-19,2026-08-20 16:46:45.612215,NEGERI SEMBILAN,SEREMBAN,PASAR BESAR SEREMBAN - BAHAGIAN RUNCIT,Runcit,26,Sayur-Sayuran,03,027,SALAD,F.A.Q,Kilogram,8.6,8.633333,
30872499,2026-08-19,2026-08-20 16:46:45.612215,NEGERI SEMBILAN,SEREMBAN,PASAR BESAR SEREMBAN - BAHAGIAN RUNCIT,Runcit,26,Sayur-Sayuran,03,027,SALAD BULAT TANAH TINGGI,F.A.Q,Kilogram,9.5,9.5,
30872500,2026-08-19,2026-08-20 16:46:45.612215,NEGERI SEMBILAN,SEREMBAN,PASAR BESAR SEREMBAN - BAHAGIAN RUNCIT,Runcit,26,Sayur-Sayuran,03,027,SALAD BULAT TANAH TINGGI,F.A.Q,Kilogram,9,9.5,
30872501,2026-08-19,2026-08-20 16:46:45.612215,NEGERI SEMBILAN,SEREMBAN,PASAR BESAR SEREMBAN - BAHAGIAN RUNCIT,Runcit,26,Sayur-Sayuran,03,027,SALAD BULAT TANAH TINGGI,F.A.Q,Kilogram,10,9.5,
30872502,2026-08-19,2026-08-20 16:46:45.612215,NEGERI SEMBILAN,SEREMBAN,PASAR BESAR SEREMBAN - BAHAGIAN RUNCIT,Runcit,26,Sayur-Sayuran,03,007,SAWI BUNGA,F.A.Q,Kilogram,11,10.5,
30872503,2026-08-19,2026-08-20 16:46:45.612215,NEGERI SEMBILAN,SEREMBAN,PASAR BESAR SEREMBAN - BAHAGIAN RUNCIT,Runcit,26,Sayur-Sayuran,03,007,SAWI BUNGA,F.A.Q,Kilogram,10,10.5,
30872504,2026-08-19,2026-08-20 16:46:45.612215,NEGERI SEMBILAN,SEREMBAN,PASAR BESAR SEREMBAN - BAHAGIAN RUNCIT,Runcit,26,Sayur-Sayuran,03,007,SAWI BUNGA,F.A.Q,Kilogram,10.5,10.5,
30872505,2026-08-19,2026-08-20 16:46:45.612215,NEGERI SEMBILAN,SEREMBAN,PASAR BESAR SEREMBAN - BAHAGIAN RUNCIT,Runcit,26,Sayur-Sayuran,03,007,SAWI JEPUN,F.A.Q,Kilogram,8.6,8.5,
30872506,2026-08-19,2026-08-20 16:46:45.612215,NEGERI SEMBILAN,SEREMBAN,PASAR BESAR SEREMBAN - BAHAGIAN RUNCIT,Runcit,26,Sayur-Sayuran,03,007,SAWI JEPUN,F.A.Q,Kilogram,8.3,8.5,
30872507,2026-08-19,2026-08-20 16:46:45.612215,NEGERI SEMBILAN,SEREMBAN,PASAR BESAR SEREMBAN - BAHAGIAN RUNCIT,Runcit,26,Sayur-Sayuran,03,007,SAWI JEPUN,F.A.Q,Kilogram,9,8.5,
30872508,2026-08-19,2026-08-20 16:46:45.612215,NEGERI SEMBILAN,SEREMBAN,PASAR BESAR SEREMBAN - BAHAGIAN RUNCIT,Runcit,26,Sayur-Sayuran,03,007,SAWI PUTIH PAK CHOY,F.A.Q,Kilogram,8.8,8.433333,
30872509,2026-08-19,2026-08-20 16:46:45.612215,NEGERI SEMBILAN,SEREMBAN,PASAR BESAR SEREMBAN - BAHAGIAN RUNCIT,Runcit,26,Sayur-Sayuran,03,007,SAWI PUTIH PAK CHOY,F.A.Q,Kilogram,8.5,8.433333,
30872510,2026-08-19,2026-08-20 16:46:45.612215,NEGERI SEMBILAN,SEREMBAN,PASAR BESAR SEREMBAN - BAHAGIAN RUNCIT,Runcit,26,Sayur-Sayuran,03,007,SAWI PUTIH PAK CHOY,F.A.Q,Kilogram,8,8.433333,
30872511,2026-08-19,2026-08-20 16:46:45.612215,NEGERI SEMBILAN,SEREMBAN,PASAR BESAR SEREMBAN - BAHAGIAN RUNCIT,Runcit,26,Sayur-Sayuran,05,007,SENGKUANG,F.A.Q,Kilogram,5.1,4.8,
30872512,2026-08-19,2026-08-20 16:46:45.612215,NEGERI SEMBILAN,SEREMBAN,PASAR BESAR SEREMBAN - BAHAGIAN RUNCIT,Runcit,26,Sayur-Sayuran,05,007,SENGKUANG,F.A.Q,Kilogram,4.8,4.8,
30872513,2026-08-19,2026-08-20 16:46:45.612215,NEGERI SEMBILAN,SEREMBAN,PASAR BESAR SEREMBAN - BAHAGIAN RUNCIT,Runcit,26,Sayur-Sayuran,05,007,SENGKUANG,F.A.Q,Kilogram,4.5,4.8,
30872514,2026-08-19,2026-08-20 16:46:45.612215,NEGERI SEMBILAN,SEREMBAN,PASAR BESAR SEREMBAN - BAHAGIAN RUNCIT,Runcit,26,Sayur-Sayuran,05,008,SERAI,F.A.Q,Kilogram,3.7,3.6333334,
30872515,2026-08-19,2026-08-20 16:46:45.612215,NEGERI SEMBILAN,SEREMBAN,PASAR BESAR SEREMBAN - BAHAGIAN RUNCIT,Runcit,26,Sayur-Sayuran,05,008,SERAI,F.A.Q,Kilogram,3.6,3.6333334,
30872516,2026-08-19,2026-08-20 16:46:45.612215,NEGERI SEMBILAN,SEREMBAN,PASAR BESAR SEREMBAN - BAHAGIAN RUNCIT,Runcit,26,Sayur-Sayuran,05,008,SERAI,F.A.Q,Kilogram,3.4,3.6333334,
30872517,2026-08-19,2026-08-20 16:46:45.612215,NEGERI SEMBILAN,SEREMBAN,PASAR BESAR SEREMBAN - BAHAGIAN RUNCIT,Runcit,26,Sayur-Sayuran,03,002,TAUGE,F.A.Q,Kilogram,3.7,3.6,
30872518,2026-08-19,2026-08-20 16:46:45.612215,NEGERI SEMBILAN,SEREMBAN,PASAR BESAR SEREMBAN - BAHAGIAN RUNCIT,Runcit,26,Sayur-Sayuran,03,002,TAUGE,F.A.Q,Kilogram,3.5,3.6,
30872519,2026-08-19,2026-08-20 16:46:45.758419,NEGERI SEMBILAN,SEREMBAN,PASAR BESAR SEREMBAN - BAHAGIAN RUNCIT,Runcit,26,Sayur-Sayuran,03,002,TAUGE,F.A.Q,Kilogram,3.5,3.6,
30872520,2026-08-19,2026-08-20 16:46:56.721435,NEGERI SEMBILAN,SEREMBAN,PASAR BESAR SEREMBAN - BAHAGIAN BORONG,Borong,20,Sayur-Sayuran,05,006,LOBAK MERAH (CHINA),F.A.Q,Kilogram,3,3.2666667,
30872521,2026-08-19,2026-08-20 16:46:56.721435,NEGERI SEMBILAN,SEREMBAN,PASAR BESAR SEREMBAN - BAHAGIAN BORONG,Borong,20,Sayur-Sayuran,05,006,LOBAK MERAH (CHINA),F.A.Q,Kilogram,3.5,3.2666667,
30872522,2026-08-19,2026-08-20 16:46:56.721435,NEGERI SEMBILAN,SEREMBAN,PASAR BESAR SEREMBAN - BAHAGIAN BORONG,Borong,20,Sayur-Sayuran,05,006,LOBAK MERAH (CHINA),F.A.Q,Kilogram,3.3,3.2666667,
30872523,2026-08-19,2026-08-20 16:46:56.721435,NEGERI SEMBILAN,SEREMBAN,PASAR BESAR SEREMBAN - BAHAGIAN BORONG,Borong,20,Sayur-Sayuran,05,006,LOBAK PUTIH TANAH TINGGI,F.A.Q,Kilogram,5.2,5.6666665,
30872524,2026-08-19,2026-08-20 16:46:56.721435,NEGERI SEMBILAN,SEREMBAN,PASAR BESAR SEREMBAN - BAHAGIAN BORONG,Borong,20,Sayur-Sayuran,05,006,LOBAK PUTIH TANAH TINGGI,F.A.Q,Kilogram,5.7,5.6666665,
30872525,2026-08-19,2026-08-20 16:46:56.721435,NEGERI SEMBILAN,SEREMBAN,PASAR BESAR SEREMBAN - BAHAGIAN BORONG,Borong,20,Sayur-Sayuran,05,006,LOBAK PUTIH TANAH TINGGI,F.A.Q,Kilogram,5,5.6666665,
30872526,2026-08-19,2026-08-20 16:46:56.721435,NEGERI SEMBILAN,SEREMBAN,PASAR BESAR SEREMBAN - BAHAGIAN BORONG,Borong,20,Sayur-Sayuran,07,002,PEGAGA,F.A.Q,Kilogram,10.5,10.966666,
30872527,2026-08-19,2026-08-20 16:46:56.721435,NEGERI SEMBILAN,SEREMBAN,PASAR BESAR SEREMBAN - BAHAGIAN BORONG,Borong,20,Sayur-Sayuran,07,002,PEGAGA,F.A.Q,Kilogram,11.4,10.966666,
30872528,2026-08-19,2026-08-20 16:46:56.721435,NEGERI SEMBILAN,SEREMBAN,PASAR BESAR SEREMBAN - BAHAGIAN BORONG,Borong,20,Sayur-Sayuran,07,002,PEGAGA,F.A.Q,Kilogram,11,10.966666,
30872529,2026-08-19,2026-08-20 16:46:56.721435,NEGERI SEMBILAN,SEREMBAN,PASAR BESAR SEREMBAN - BAHAGIAN BORONG,Borong,20,Sayur-Sayuran,02,009,PERIA,F.A.Q,Kilogram,9,8.6,
30872530,2026-08-19,2026-08-20 16:46:56.721435,NEGERI SEMBILAN,SEREMBAN,PASAR BESAR SEREMBAN - BAHAGIAN BORONG,Borong,20,Sayur-Sayuran,02,009,PERIA,F.A.Q,Kilogram,9.7,8.6,
30872531,2026-08-19,2026-08-20 16:46:56.721435,NEGERI SEMBILAN,SEREMBAN,PASAR BESAR SEREMBAN - BAHAGIAN BORONG,Borong,20,Sayur-Sayuran,02,009,PERIA,F.A.Q,Kilogram,9.3,8.6,
30872532,2026-08-19,2026-08-20 16:46:56.721435,NEGERI SEMBILAN,SEREMBAN,PASAR BESAR SEREMBAN - BAHAGIAN BORONG,Borong,20,Sayur-Sayuran,02,009,PERIA KATAK,F.A.Q,Kilogram,9,6.5666666,
30872533,2026-08-19,2026-08-20 16:46:56.721435,NEGERI SEMBILAN,SEREMBAN,PASAR BESAR SEREMBAN - BAHAGIAN BORONG,Borong,20,Sayur-Sayuran,02,009,PERIA KATAK,F.A.Q,Kilogram,9.7,6.5666666,
30872534,2026-08-19,2026-08-20 16:46:56.721435,NEGERI SEMBILAN,SEREMBAN,PASAR BESAR SEREMBAN - BAHAGIAN BORONG,Borong,20,Sayur-Sayuran,02,009,PERIA KATAK,F.A.Q,Kilogram,9.3,6.5666666,
30872535,2026-08-19,2026-08-20 16:46:56.721435,NEGERI SEMBILAN,SEREMBAN,PASAR BESAR SEREMBAN - BAHAGIAN BORONG,Borong,20,Sayur-Sayuran,07,003,PETAI,F.A.Q,RM/5 Keping,7,7,
30872536,2026-08-19,2026-08-20 16:46:56.721435,NEGERI SEMBILAN,SEREMBAN,PASAR BESAR SEREMBAN - BAHAGIAN BORONG,Borong,20,Sayur-Sayuran,07,003,PETAI,F.A.Q,RM/5 Keping,7,7,
30872537,2026-08-19,2026-08-20 16:46:56.721435,NEGERI SEMBILAN,SEREMBAN,PASAR BESAR SEREMBAN - BAHAGIAN BORONG,Borong,20,Sayur-Sayuran,07,003,PETAI,F.A.Q,RM/5 Keping,7,7,
30872538,2026-08-19,2026-08-20 16:46:56.721435,NEGERI SEMBILAN,SEREMBAN,PASAR BESAR SEREMBAN - BAHAGIAN BORONG,Borong,20,Sayur-Sayuran,01,002,REBUNG,F.A.Q,Kilogram,5.6,5.1,
30872539,2026-08-19,2026-08-20 16:46:56.721435,NEGERI SEMBILAN,SEREMBAN,PASAR BESAR SEREMBAN - BAHAGIAN BORONG,Borong,20,Sayur-Sayuran,01,002,REBUNG,F.A.Q,Kilogram,6,5.1,
30872540,2026-08-19,2026-08-20 16:46:56.721435,NEGERI SEMBILAN,SEREMBAN,PASAR BESAR SEREMBAN - BAHAGIAN BORONG,Borong,20,Sayur-Sayuran,01,002,REBUNG,F.A.Q,Kilogram,5.3,5.1,
30872541,2026-08-19,2026-08-20 16:46:56.721435,NEGERI SEMBILAN,SEREMBAN,PASAR BESAR SEREMBAN - BAHAGIAN BORONG,Borong,20,Sayur-Sayuran,03,027,SALAD,F.A.Q,Kilogram,5.9,7.266667,
30872542,2026-08-19,2026-08-20 16:46:56.815258,NEGERI SEMBILAN,SEREMBAN,PASAR BESAR SEREMBAN - BAHAGIAN BORONG,Borong,20,Sayur-Sayuran,03,027,SALAD,F.A.Q,Kilogram,6.5,7.266667,
30872543,2026-08-19,2026-08-20 16:46:56.815258,NEGERI SEMBILAN,SEREMBAN,PASAR BESAR SEREMBAN - BAHAGIAN BORONG,Borong,20,Sayur-Sayuran,03,027,SALAD,F.A.Q,Kilogram,6.2,7.266667,
30872544,2026-08-19,2026-08-20 16:46:56.815258,NEGERI SEMBILAN,SEREMBAN,PASAR BESAR SEREMBAN - BAHAGIAN BORONG,Borong,20,Sayur-Sayuran,03,027,SALAD BULAT TANAH TINGGI,F.A.Q,Kilogram,7.2,7.733333,
30872545,2026-08-19,2026-08-20 16:46:56.815258,NEGERI SEMBILAN,SEREMBAN,PASAR BESAR SEREMBAN - BAHAGIAN BORONG,Borong,20,Sayur-Sayuran,03,027,SALAD BULAT TANAH TINGGI,F.A.Q,Kilogram,7.8,7.733333,
30872546,2026-08-19,2026-08-20 16:46:56.815258,NEGERI SEMBILAN,SEREMBAN,PASAR BESAR SEREMBAN - BAHAGIAN BORONG,Borong,20,Sayur-Sayuran,03,027,SALAD BULAT TANAH TINGGI,F.A.Q,Kilogram,7.5,7.733333,
30872547,2026-08-19,2026-08-20 16:46:56.815258,NEGERI SEMBILAN,SEREMBAN,PASAR BESAR SEREMBAN - BAHAGIAN BORONG,Borong,20,Sayur-Sayuran,03,007,SAWI BUNGA,F.A.Q,Kilogram,8.8,9.1,
30872548,2026-08-19,2026-08-20 16:46:56.815258,NEGERI SEMBILAN,SEREMBAN,PASAR BESAR SEREMBAN - BAHAGIAN BORONG,Borong,20,Sayur-Sayuran,03,007,SAWI BUNGA,F.A.Q,Kilogram,9.5,9.1,
30872549,2026-08-19,2026-08-20 16:46:56.815258,NEGERI SEMBILAN,SEREMBAN,PASAR BESAR SEREMBAN - BAHAGIAN BORONG,Borong,20,Sayur-Sayuran,03,007,SAWI BUNGA,F.A.Q,Kilogram,9,9.1,
30872550,2026-08-19,2026-08-20 16:46:56.815258,NEGERI SEMBILAN,SEREMBAN,PASAR BESAR SEREMBAN - BAHAGIAN BORONG,Borong,20,Sayur-Sayuran,03,007,SAWI JEPUN,F.A.Q,Kilogram,6.2,6.633333,
30872551,2026-08-19,2026-08-20 16:46:56.815258,NEGERI SEMBILAN,SEREMBAN,PASAR BESAR SEREMBAN - BAHAGIAN BORONG,Borong,20,Sayur-Sayuran,03,007,SAWI JEPUN,F.A.Q,Kilogram,7,6.633333,
30872552,2026-08-19,2026-08-20 16:46:56.815258,NEGERI SEMBILAN,SEREMBAN,PASAR BESAR SEREMBAN - BAHAGIAN BORONG,Borong,20,Sayur-Sayuran,03,007,SAWI JEPUN,F.A.Q,Kilogram,6.7,6.633333,
30872553,2026-08-19,2026-08-20 16:46:56.815258,NEGERI SEMBILAN,SEREMBAN,PASAR BESAR SEREMBAN - BAHAGIAN BORONG,Borong,20,Sayur-Sayuran,03,007,SAWI PUTIH PAK CHOY,F.A.Q,Kilogram,6.1,6.5,
30872554,2026-08-19,2026-08-20 16:46:56.815258,NEGERI SEMBILAN,SEREMBAN,PASAR BESAR SEREMBAN - BAHAGIAN BORONG,Borong,20,Sayur-Sayuran,03,007,SAWI PUTIH PAK CHOY,F.A.Q,Kilogram,6.8,6.5,
30872555,2026-08-19,2026-08-20 16:46:56.815258,NEGERI SEMBILAN,SEREMBAN,PASAR BESAR SEREMBAN - BAHAGIAN BORONG,Borong,20,Sayur-Sayuran,03,007,SAWI PUTIH PAK CHOY,F.A.Q,Kilogram,6.5,6.5,
30872556,2026-08-19,2026-08-20 16:46:56.815258,NEGERI SEMBILAN,SEREMBAN,PASAR BESAR SEREMBAN - BAHAGIAN BORONG,Borong,20,Sayur-Sayuran,05,007,SENGKUANG,F.A.Q,Kilogram,3,3.4,
30872557,2026-08-19,2026-08-20 16:46:56.815258,NEGERI SEMBILAN,SEREMBAN,PASAR BESAR SEREMBAN - BAHAGIAN BORONG,Borong,20,Sayur-Sayuran,05,007,SENGKUANG,F.A.Q,Kilogram,3.7,3.4,
30872558,2026-08-19,2026-08-20 16:46:56.815258,NEGERI SEMBILAN,SEREMBAN,PASAR BESAR SEREMBAN - BAHAGIAN BORONG,Borong,20,Sayur-Sayuran,05,007,SENGKUANG,F.A.Q,Kilogram,3.5,3.4,
30872559,2026-08-19,2026-08-20 16:46:56.815258,NEGERI SEMBILAN,SEREMBAN,PASAR BESAR SEREMBAN - BAHAGIAN BORONG,Borong,20,Sayur-Sayuran,05,008,SERAI,F.A.Q,Kilogram,2.6,2.6333334,
30872560,2026-08-19,2026-08-20 16:46:56.815258,NEGERI SEMBILAN,SEREMBAN,PASAR BESAR SEREMBAN - BAHAGIAN BORONG,Borong,20,Sayur-Sayuran,05,008,SERAI,F.A.Q,Kilogram,2.7,2.6333334,
30872561,2026-08-19,2026-08-20 16:46:56.815258,NEGERI SEMBILAN,SEREMBAN,PASAR BESAR SEREMBAN - BAHAGIAN BORONG,Borong,20,Sayur-Sayuran,05,008,SERAI,F.A.Q,Kilogram,2.4,2.6333334,
30872562,2026-08-19,2026-08-20 16:46:56.815258,NEGERI SEMBILAN,SEREMBAN,PASAR BESAR SEREMBAN - BAHAGIAN BORONG,Borong,20,Sayur-Sayuran,03,002,TAUGE,F.A.Q,Kilogram,2.3,2.4666667,
30872563,2026-08-19,2026-08-20 16:46:56.815258,NEGERI SEMBILAN,SEREMBAN,PASAR BESAR SEREMBAN - BAHAGIAN BORONG,Borong,20,Sayur-Sayuran,03,002,TAUGE,F.A.Q,Kilogram,2.6,2.4666667,
30872564,2026-08-19,2026-08-20 16:46:56.815258,NEGERI SEMBILAN,SEREMBAN,PASAR BESAR SEREMBAN - BAHAGIAN BORONG,Borong,20,Sayur-Sayuran,03,002,TAUGE,F.A.Q,Kilogram,2.5,2.4666667,
30872620,2026-08-19,2026-08-20 17:22:59.970869,NEGERI SEMBILAN,SEREMBAN,PASAR BESAR SEREMBAN - BAHAGIAN RUNCIT,Runcit,26,Sayur-Sayuran,02,010,TERUNG BULAT,F.A.Q,Kilogram,10.3,8.5,
30872621,2026-08-19,2026-08-20 17:22:59.970869,NEGERI SEMBILAN,SEREMBAN,PASAR BESAR SEREMBAN - BAHAGIAN RUNCIT,Runcit,26,Sayur-Sayuran,02,010,TERUNG BULAT,F.A.Q,Kilogram,10.8,8.5,
30872622,2026-08-19,2026-08-20 17:22:59.970869,NEGERI SEMBILAN,SEREMBAN,PASAR BESAR SEREMBAN - BAHAGIAN RUNCIT,Runcit,26,Sayur-Sayuran,02,010,TERUNG BULAT,F.A.Q,Kilogram,11,8.5,
30872623,2026-08-19,2026-08-20 17:22:59.970869,NEGERI SEMBILAN,SEREMBAN,PASAR BESAR SEREMBAN - BAHAGIAN RUNCIT,Runcit,26,Sayur-Sayuran,02,010,TERUNG PEPARU MINI,F.A.Q,Kilogram,10.5,9.5,
30872624,2026-08-19,2026-08-20 17:22:59.970869,NEGERI SEMBILAN,SEREMBAN,PASAR BESAR SEREMBAN - BAHAGIAN RUNCIT,Runcit,26,Sayur-Sayuran,02,010,TERUNG PEPARU MINI,F.A.Q,Kilogram,10.8,9.5,
30872625,2026-08-19,2026-08-20 17:22:59.970869,NEGERI SEMBILAN,SEREMBAN,PASAR BESAR SEREMBAN - BAHAGIAN RUNCIT,Runcit,26,Sayur-Sayuran,02,010,TERUNG PEPARU MINI,F.A.Q,Kilogram,11.2,9.5,
30872626,2026-08-19,2026-08-20 17:22:59.970869,NEGERI SEMBILAN,SEREMBAN,PASAR BESAR SEREMBAN - BAHAGIAN RUNCIT,Runcit,26,Sayur-Sayuran,02,010,TERUNG PIPIT,F.A.Q,Kilogram,13.5,13.833333,
30872627,2026-08-19,2026-08-20 17:22:59.970869,NEGERI SEMBILAN,SEREMBAN,PASAR BESAR SEREMBAN - BAHAGIAN RUNCIT,Runcit,26,Sayur-Sayuran,02,010,TERUNG PIPIT,F.A.Q,Kilogram,12,13.833333,
30872628,2026-08-19,2026-08-20 17:22:59.970869,NEGERI SEMBILAN,SEREMBAN,PASAR BESAR SEREMBAN - BAHAGIAN RUNCIT,Runcit,26,Sayur-Sayuran,02,010,TERUNG PIPIT,F.A.Q,Kilogram,13,13.833333,
30872629,2026-08-19,2026-08-20 17:22:59.970869,NEGERI SEMBILAN,SEREMBAN,PASAR BESAR SEREMBAN - BAHAGIAN RUNCIT,Runcit,26,Sayur-Sayuran,02,010,TERUNG TELUNJUK,F.A.Q,Kilogram,11.5,10.833333,
30872630,2026-08-19,2026-08-20 17:22:59.970869,NEGERI SEMBILAN,SEREMBAN,PASAR BESAR SEREMBAN - BAHAGIAN RUNCIT,Runcit,26,Sayur-Sayuran,02,010,TERUNG TELUNJUK,F.A.Q,Kilogram,10,10.833333,
30872631,2026-08-19,2026-08-20 17:22:59.970869,NEGERI SEMBILAN,SEREMBAN,PASAR BESAR SEREMBAN - BAHAGIAN RUNCIT,Runcit,26,Sayur-Sayuran,02,010,TERUNG TELUNJUK,F.A.Q,Kilogram,11,10.833333,
30872632,2026-08-19,2026-08-20 17:22:59.970869,NEGERI SEMBILAN,SEREMBAN,PASAR BESAR SEREMBAN - BAHAGIAN RUNCIT,Runcit,26,Sayur-Sayuran,02,011,TIMUN JEPUN,F.A.Q,Kilogram,6.8,8.1,
30872633,2026-08-19,2026-08-20 17:22:59.970869,NEGERI SEMBILAN,SEREMBAN,PASAR BESAR SEREMBAN - BAHAGIAN RUNCIT,Runcit,26,Sayur-Sayuran,02,011,TIMUN JEPUN,F.A.Q,Kilogram,7.2,8.1,
30872634,2026-08-19,2026-08-20 17:22:59.970869,NEGERI SEMBILAN,SEREMBAN,PASAR BESAR SEREMBAN - BAHAGIAN RUNCIT,Runcit,26,Sayur-Sayuran,02,011,TIMUN JEPUN,F.A.Q,Kilogram,7.5,8.1,
30872635,2026-08-19,2026-08-20 17:22:59.970869,NEGERI SEMBILAN,SEREMBAN,PASAR BESAR SEREMBAN - BAHAGIAN RUNCIT,Runcit,26,Sayur-Sayuran,07,002,ULAM RAJA,F.A.Q,Kilogram,12,11.166667,
30872636,2026-08-19,2026-08-20 17:22:59.970869,NEGERI SEMBILAN,SEREMBAN,PASAR BESAR SEREMBAN - BAHAGIAN RUNCIT,Runcit,26,Sayur-Sayuran,07,002,ULAM RAJA,F.A.Q,Kilogram,11,11.166667,
30872637,2026-08-19,2026-08-20 17:22:59.970869,NEGERI SEMBILAN,SEREMBAN,PASAR BESAR SEREMBAN - BAHAGIAN RUNCIT,Runcit,26,Sayur-Sayuran,07,002,ULAM RAJA,F.A.Q,Kilogram,10.5,11.166667,
30872638,2026-08-19,2026-08-20 17:23:02.809753,NEGERI SEMBILAN,SEREMBAN,PASAR BESAR SEREMBAN - BAHAGIAN BORONG,Borong,20,Sayur-Sayuran,02,010,TERUNG BULAT,F.A.Q,Kilogram,8.7,7.3333335,
30872639,2026-08-19,2026-08-20 17:23:02.809753,NEGERI SEMBILAN,SEREMBAN,PASAR BESAR SEREMBAN - BAHAGIAN BORONG,Borong,20,Sayur-Sayuran,02,010,TERUNG BULAT,F.A.Q,Kilogram,9.4,7.3333335,
30872640,2026-08-19,2026-08-20 17:23:02.809753,NEGERI SEMBILAN,SEREMBAN,PASAR BESAR SEREMBAN - BAHAGIAN BORONG,Borong,20,Sayur-Sayuran,02,010,TERUNG BULAT,F.A.Q,Kilogram,9,7.3333335,
30872641,2026-08-19,2026-08-20 17:23:02.809753,NEGERI SEMBILAN,SEREMBAN,PASAR BESAR SEREMBAN - BAHAGIAN BORONG,Borong,20,Sayur-Sayuran,02,010,TERUNG PEPARU MINI,F.A.Q,Kilogram,8.8,8.2,
30872642,2026-08-19,2026-08-20 17:23:02.809753,NEGERI SEMBILAN,SEREMBAN,PASAR BESAR SEREMBAN - BAHAGIAN BORONG,Borong,20,Sayur-Sayuran,02,010,TERUNG PEPARU MINI,F.A.Q,Kilogram,9.6,8.2,
30872643,2026-08-19,2026-08-20 17:23:02.809753,NEGERI SEMBILAN,SEREMBAN,PASAR BESAR SEREMBAN - BAHAGIAN BORONG,Borong,20,Sayur-Sayuran,02,010,TERUNG PEPARU MINI,F.A.Q,Kilogram,9.2,8.2,
30872644,2026-08-19,2026-08-20 17:23:02.809753,NEGERI SEMBILAN,SEREMBAN,PASAR BESAR SEREMBAN - BAHAGIAN BORONG,Borong,20,Sayur-Sayuran,02,010,TERUNG PIPIT,F.A.Q,Kilogram,9.2,10.966666,
30872645,2026-08-19,2026-08-20 17:23:02.809753,NEGERI SEMBILAN,SEREMBAN,PASAR BESAR SEREMBAN - BAHAGIAN BORONG,Borong,20,Sayur-Sayuran,02,010,TERUNG PIPIT,F.A.Q,Kilogram,9.5,10.966666,
30872646,2026-08-19,2026-08-20 17:23:02.809753,NEGERI SEMBILAN,SEREMBAN,PASAR BESAR SEREMBAN - BAHAGIAN BORONG,Borong,20,Sayur-Sayuran,02,010,TERUNG PIPIT,F.A.Q,Kilogram,8.9,10.966666,
30872647,2026-08-19,2026-08-20 17:23:02.809753,NEGERI SEMBILAN,SEREMBAN,PASAR BESAR SEREMBAN - BAHAGIAN BORONG,Borong,20,Sayur-Sayuran,02,010,TERUNG TELUNJUK,F.A.Q,Kilogram,9,9.1,
30872648,2026-08-19,2026-08-20 17:23:02.809753,NEGERI SEMBILAN,SEREMBAN,PASAR BESAR SEREMBAN - BAHAGIAN BORONG,Borong,20,Sayur-Sayuran,02,010,TERUNG TELUNJUK,F.A.Q,Kilogram,9.5,9.1,
30872649,2026-08-19,2026-08-20 17:23:02.809753,NEGERI SEMBILAN,SEREMBAN,PASAR BESAR SEREMBAN - BAHAGIAN BORONG,Borong,20,Sayur-Sayuran,02,010,TERUNG TELUNJUK,F.A.Q,Kilogram,8.8,9.1,
30872650,2026-08-19,2026-08-20 17:23:02.809753,NEGERI SEMBILAN,SEREMBAN,PASAR BESAR SEREMBAN - BAHAGIAN BORONG,Borong,20,Sayur-Sayuran,02,011,TIMUN JEPUN,F.A.Q,Kilogram,5,6.6666665,
30872651,2026-08-19,2026-08-20 17:23:02.809753,NEGERI SEMBILAN,SEREMBAN,PASAR BESAR SEREMBAN - BAHAGIAN BORONG,Borong,20,Sayur-Sayuran,02,011,TIMUN JEPUN,F.A.Q,Kilogram,5.7,6.6666665,
30872652,2026-08-19,2026-08-20 17:23:02.809753,NEGERI SEMBILAN,SEREMBAN,PASAR BESAR SEREMBAN - BAHAGIAN BORONG,Borong,20,Sayur-Sayuran,02,011,TIMUN JEPUN,F.A.Q,Kilogram,5.2,6.6666665,
30872653,2026-08-19,2026-08-20 17:23:02.809753,NEGERI SEMBILAN,SEREMBAN,PASAR BESAR SEREMBAN - BAHAGIAN BORONG,Borong,20,Sayur-Sayuran,07,002,ULAM RAJA,F.A.Q,Kilogram,8.6,8.966666,
30872654,2026-08-19,2026-08-20 17:23:02.809753,NEGERI SEMBILAN,SEREMBAN,PASAR BESAR SEREMBAN - BAHAGIAN BORONG,Borong,20,Sayur-Sayuran,07,002,ULAM RAJA,F.A.Q,Kilogram,9.4,8.966666,
30872655,2026-08-19,2026-08-20 17:23:02.809753,NEGERI SEMBILAN,SEREMBAN,PASAR BESAR SEREMBAN - BAHAGIAN BORONG,Borong,20,Sayur-Sayuran,07,002,ULAM RAJA,F.A.Q,Kilogram,9,8.966666,
