priceid,tarikh_harga,systemdate,negeri,daerah,lokasi,peringkat,sublevel,kategori,kumpulan,jenis,varieti,gred,unit,harga,average14,supply
30895535,2026-08-28,2026-08-28 00:12:45.83295,PAHANG,ROMPIN,LADANG/KEBUN KAMPUNG JAWA,Ladang,,Tanaman Kontan,05,001,KELAPA DIKUPAS,SEDANG,Biji,1.1,1.1,
30895536,2026-08-28,2026-08-28 00:12:45.83295,PAHANG,ROMPIN,LADANG/KEBUN KAMPUNG JAWA,Ladang,,Tanaman Kontan,05,001,KELAPA DIKUPAS,SEDANG,Biji,1.1,1.1,
30895537,2026-08-28,2026-08-28 00:13:17.864127,PAHANG,JERANTUT,TKPM ULU CHEKA,Ladang,,Buah-Buahan,02,023,NANAS JOSAPINE (AC5),F.A.Q,Kilogram,3,3,
30895538,2026-08-28,2026-08-28 00:13:17.864127,PAHANG,JERANTUT,TKPM ULU CHEKA,Ladang,,Buah-Buahan,02,023,NANAS JOSAPINE (AC5),F.A.Q,Kilogram,3,3,
30895539,2026-08-28,2026-08-28 00:13:17.864127,PAHANG,JERANTUT,TKPM ULU CHEKA,Ladang,,Buah-Buahan,02,028,PISANG BERANGAN,F.A.Q,Kilogram,2.5,2.5363636,
30895540,2026-08-28,2026-08-28 00:13:17.864127,PAHANG,JERANTUT,TKPM ULU CHEKA,Ladang,,Buah-Buahan,02,028,PISANG BERANGAN,F.A.Q,Kilogram,2.5,2.5363636,
30895541,2026-08-28,2026-08-28 00:13:54.129502,PAHANG,KUANTAN,LADANG/KEBUN GAMBANG,Ladang,,Buah-Buahan,02,034,TEMBIKAI MERAH TANPA BIJI,F.A.Q,Kilogram,1.8,1.7636364,
30895542,2026-08-28,2026-08-28 00:13:54.129502,PAHANG,KUANTAN,LADANG/KEBUN GAMBANG,Ladang,,Buah-Buahan,02,034,TEMBIKAI MERAH TANPA BIJI,F.A.Q,Kilogram,1.8,1.7636364,
30895543,2026-08-28,2026-08-28 00:14:47.872725,PAHANG,KUANTAN,LADANG TUNAS AGRO,Ladang,,Ternakan,11,001,TELUR AYAM,B,Biji,0.47,0.44545454,
30895544,2026-08-28,2026-08-28 00:15:40.805256,PAHANG,KUANTAN,PASAR BORONG KEMUNTING,Borong,20,Ternakan,02,003,DAGING LEMBU PEJAL,F.A.Q,Kilogram,35,35,
30895545,2026-08-28,2026-08-28 00:15:40.805256,PAHANG,KUANTAN,PASAR BORONG KEMUNTING,Borong,20,Ternakan,02,003,DAGING LEMBU PEJAL,F.A.Q,Kilogram,35,35,
30895546,2026-08-28,2026-08-28 00:15:40.805256,PAHANG,KUANTAN,PASAR BORONG KEMUNTING,Borong,20,Ternakan,02,003,DAGING LEMBU PEJAL,F.A.Q,Kilogram,35,35,
30895547,2026-08-28,2026-08-28 00:16:08.720435,PAHANG,KUANTAN,PASAR BORONG KEMUNTING,Borong,20,Tanaman Kontan,05,001,KELAPA DIKUPAS,SEDANG,Biji,2,2,
30895548,2026-08-28,2026-08-28 00:16:08.720435,PAHANG,KUANTAN,PASAR BORONG KEMUNTING,Borong,20,Tanaman Kontan,05,001,KELAPA DIKUPAS,SEDANG,Biji,2,2,
30895549,2026-08-28,2026-08-28 00:17:07.016334,PAHANG,KUANTAN,PASAR BORONG KEMUNTING,Borong,20,Buah-Buahan,02,023,NANAS JOSAPINE (AC5),F.A.Q,Kilogram,4.5,4.5,
30895550,2026-08-28,2026-08-28 00:17:07.016334,PAHANG,KUANTAN,PASAR BORONG KEMUNTING,Borong,20,Buah-Buahan,02,023,NANAS JOSAPINE (AC5),F.A.Q,Kilogram,4.5,4.5,
30895551,2026-08-28,2026-08-28 00:17:07.016334,PAHANG,KUANTAN,PASAR BORONG KEMUNTING,Borong,20,Buah-Buahan,02,028,PISANG BERANGAN,F.A.Q,Kilogram,4.2,4.2363634,
30895552,2026-08-28,2026-08-28 00:17:07.016334,PAHANG,KUANTAN,PASAR BORONG KEMUNTING,Borong,20,Buah-Buahan,02,028,PISANG BERANGAN,F.A.Q,Kilogram,4.2,4.2363634,
30895553,2026-08-28,2026-08-28 00:17:07.016334,PAHANG,KUANTAN,PASAR BORONG KEMUNTING,Borong,20,Buah-Buahan,02,034,TEMBIKAI MERAH TANPA BIJI,F.A.Q,Kilogram,2.8,2.8363636,
30895554,2026-08-28,2026-08-28 00:17:07.016334,PAHANG,KUANTAN,PASAR BORONG KEMUNTING,Borong,20,Buah-Buahan,02,034,TEMBIKAI MERAH TANPA BIJI,F.A.Q,Kilogram,2.8,2.8363636,
30895555,2026-08-28,2026-08-28 00:17:32.660499,PAHANG,KUANTAN,PASAR BORONG KEMUNTING,Borong,20,Ternakan,11,001,TELUR AYAM,B,Biji,0.49,0.46545455,
30895556,2026-08-28,2026-08-28 00:18:09.31717,PAHANG,KUANTAN,PASAR BORONG KEMUNTING,Borong,20,Ternakan,03,002,AYAM PROSES STANDARD,F.A.Q,Kilogram,9.7,9.7,
30895557,2026-08-28,2026-08-28 00:18:09.31717,PAHANG,KUANTAN,PASAR BORONG KEMUNTING,Borong,20,Ternakan,03,002,AYAM PROSES STANDARD,F.A.Q,Kilogram,9.7,9.7,
30895558,2026-08-28,2026-08-28 00:18:09.31717,PAHANG,KUANTAN,PASAR BORONG KEMUNTING,Borong,20,Ternakan,03,002,AYAM PROSES STANDARD,F.A.Q,Kilogram,9.7,9.7,
30895559,2026-08-28,2026-08-28 00:19:05.187967,PAHANG,KUANTAN,PASAR BORONG KEMUNTING,Borong,20,Sayur-Sayuran,05,001,BAWANG BESAR MERAH (INDIA),F.A.Q,Kilogram,2,2,
30895560,2026-08-28,2026-08-28 00:19:05.187967,PAHANG,KUANTAN,PASAR BORONG KEMUNTING,Borong,20,Sayur-Sayuran,05,001,BAWANG BESAR MERAH (INDIA),F.A.Q,Kilogram,2,2,
30895561,2026-08-28,2026-08-28 00:19:05.187967,PAHANG,KUANTAN,PASAR BORONG KEMUNTING,Borong,20,Sayur-Sayuran,05,001,BAWANG PUTIH (CHINA),F.A.Q,Kilogram,7,7,
30895562,2026-08-28,2026-08-28 00:19:05.187967,PAHANG,KUANTAN,PASAR BORONG KEMUNTING,Borong,20,Sayur-Sayuran,05,001,BAWANG PUTIH (CHINA),F.A.Q,Kilogram,7,7,
30895563,2026-08-28,2026-08-28 00:19:39.121202,PAHANG,KUANTAN,PASAR BESAR KUANTAN,Runcit,26,Ternakan,11,001,TELUR AYAM,B,Biji,0.51,0.48545456,
30895564,2026-08-28,2026-08-28 00:20:26.663013,PAHANG,KUANTAN,PASAR BESAR KUANTAN,Runcit,26,Ternakan,02,003,DAGING LEMBU PEJAL,F.A.Q,Kilogram,38,38,
30895565,2026-08-28,2026-08-28 00:20:26.663013,PAHANG,KUANTAN,PASAR BESAR KUANTAN,Runcit,26,Ternakan,02,003,DAGING LEMBU PEJAL,F.A.Q,Kilogram,38,38,
30895566,2026-08-28,2026-08-28 00:20:26.663013,PAHANG,KUANTAN,PASAR BESAR KUANTAN,Runcit,26,Ternakan,02,003,DAGING LEMBU PEJAL,F.A.Q,Kilogram,38,38,
30895567,2026-08-28,2026-08-28 00:20:40.698271,PAHANG,KUANTAN,PASAR BESAR KUANTAN,Runcit,26,Lain-Lain Makanan Proses,15,001,SANTAN PEKAT,F.A.Q,Kilogram,24,20,
30895568,2026-08-28,2026-08-28 00:21:06.909538,PAHANG,KUANTAN,PASAR BESAR KUANTAN,Runcit,26,Tanaman Kontan,05,001,KELAPA DIKUPAS,SEDANG,Biji,2.9,2.9,
30895569,2026-08-28,2026-08-28 00:21:06.909538,PAHANG,KUANTAN,PASAR BESAR KUANTAN,Runcit,26,Tanaman Kontan,05,001,KELAPA DIKUPAS,SEDANG,Biji,2.9,2.9,
30895570,2026-08-28,2026-08-28 00:21:50.230238,PAHANG,KUANTAN,PASAR BESAR KUANTAN,Runcit,26,Buah-Buahan,02,023,NANAS JOSAPINE (AC5),F.A.Q,Kilogram,6,6,
30895571,2026-08-28,2026-08-28 00:21:50.230238,PAHANG,KUANTAN,PASAR BESAR KUANTAN,Runcit,26,Buah-Buahan,02,023,NANAS JOSAPINE (AC5),F.A.Q,Kilogram,6,6,
30895572,2026-08-28,2026-08-28 00:21:50.230238,PAHANG,KUANTAN,PASAR BESAR KUANTAN,Runcit,26,Buah-Buahan,02,028,PISANG BERANGAN,F.A.Q,Kilogram,5.2,5.2545457,
30895573,2026-08-28,2026-08-28 00:21:50.230238,PAHANG,KUANTAN,PASAR BESAR KUANTAN,Runcit,26,Buah-Buahan,02,028,PISANG BERANGAN,F.A.Q,Kilogram,5.2,5.2545457,
30895574,2026-08-28,2026-08-28 00:21:50.230238,PAHANG,KUANTAN,PASAR BESAR KUANTAN,Runcit,26,Buah-Buahan,02,034,TEMBIKAI MERAH TANPA BIJI,F.A.Q,Kilogram,3.7,3.8181818,
30895575,2026-08-28,2026-08-28 00:21:50.230238,PAHANG,KUANTAN,PASAR BESAR KUANTAN,Runcit,26,Buah-Buahan,02,034,TEMBIKAI MERAH TANPA BIJI,F.A.Q,Kilogram,3.7,3.8181818,
30895576,2026-08-28,2026-08-28 00:22:35.322044,PAHANG,KUANTAN,PASAR BESAR KUANTAN,Runcit,26,Ternakan,03,002,AYAM PROSES STANDARD,F.A.Q,Kilogram,11.7,11.7,
30895577,2026-08-28,2026-08-28 00:22:35.322044,PAHANG,KUANTAN,PASAR BESAR KUANTAN,Runcit,26,Ternakan,03,002,AYAM PROSES STANDARD,F.A.Q,Kilogram,11.7,11.7,
30895578,2026-08-28,2026-08-28 00:22:35.322044,PAHANG,KUANTAN,PASAR BESAR KUANTAN,Runcit,26,Ternakan,03,002,AYAM PROSES STANDARD,F.A.Q,Kilogram,11.7,11.7,
30895579,2026-08-28,2026-08-28 00:24:56.041137,PAHANG,KUANTAN,PASAR BESAR KUANTAN,Runcit,26,Sayur-Sayuran,05,001,BAWANG BESAR MERAH (INDIA),F.A.Q,Kilogram,3,3,
30895580,2026-08-28,2026-08-28 00:24:56.041137,PAHANG,KUANTAN,PASAR BESAR KUANTAN,Runcit,26,Sayur-Sayuran,05,001,BAWANG BESAR MERAH (INDIA),F.A.Q,Kilogram,3,3,
30895581,2026-08-28,2026-08-28 00:24:56.041137,PAHANG,KUANTAN,PASAR BESAR KUANTAN,Runcit,26,Sayur-Sayuran,05,001,BAWANG BESAR MERAH (INDIA),F.A.Q,Kilogram,3,3,
30895582,2026-08-28,2026-08-28 00:24:56.041137,PAHANG,KUANTAN,PASAR BESAR KUANTAN,Runcit,26,Sayur-Sayuran,05,001,BAWANG PUTIH (CHINA),F.A.Q,Kilogram,8,8,
30895583,2026-08-28,2026-08-28 00:24:56.041137,PAHANG,KUANTAN,PASAR BESAR KUANTAN,Runcit,26,Sayur-Sayuran,05,001,BAWANG PUTIH (CHINA),F.A.Q,Kilogram,8,8,
30895584,2026-08-28,2026-08-28 00:24:56.041137,PAHANG,KUANTAN,PASAR BESAR KUANTAN,Runcit,26,Sayur-Sayuran,05,001,BAWANG PUTIH (CHINA),F.A.Q,Kilogram,8,8,
30895585,2026-08-28,2026-08-28 00:35:53.643057,PAHANG,KUANTAN,PASAR BESAR KUANTAN,Runcit,26,Sayur-Sayuran,03,001,BAYAM,F.A.Q,Kilogram,5.5,5.6581817,
30895586,2026-08-28,2026-08-28 00:35:53.643057,PAHANG,KUANTAN,PASAR BESAR KUANTAN,Runcit,26,Sayur-Sayuran,03,001,BAYAM,F.A.Q,Kilogram,5.5,5.6581817,
30895587,2026-08-28,2026-08-28 00:35:53.643057,PAHANG,KUANTAN,PASAR BESAR KUANTAN,Runcit,26,Sayur-Sayuran,03,001,BAYAM,F.A.Q,Kilogram,5.3,5.6581817,
30895588,2026-08-28,2026-08-28 00:35:53.643057,PAHANG,KUANTAN,PASAR BESAR KUANTAN,Runcit,26,Sayur-Sayuran,03,001,BAYAM,F.A.Q,Kilogram,5.2,5.6581817,
30895589,2026-08-28,2026-08-28 00:35:53.643057,PAHANG,KUANTAN,PASAR BESAR KUANTAN,Runcit,26,Sayur-Sayuran,03,001,BAYAM,F.A.Q,Kilogram,5.5,5.6581817,
30895590,2026-08-28,2026-08-28 00:35:53.643057,PAHANG,KUANTAN,PASAR BESAR KUANTAN,Runcit,26,Sayur-Sayuran,02,002,CILI MERAH KULAI / KULAI HIBRID,F.A.Q,Kilogram,18,17.82909,
30895591,2026-08-28,2026-08-28 00:35:53.643057,PAHANG,KUANTAN,PASAR BESAR KUANTAN,Runcit,26,Sayur-Sayuran,02,002,CILI MERAH KULAI / KULAI HIBRID,F.A.Q,Kilogram,17.5,17.82909,
30895592,2026-08-28,2026-08-28 00:35:53.643057,PAHANG,KUANTAN,PASAR BESAR KUANTAN,Runcit,26,Sayur-Sayuran,02,002,CILI MERAH KULAI / KULAI HIBRID,F.A.Q,Kilogram,18,17.82909,
30895593,2026-08-28,2026-08-28 00:35:53.643057,PAHANG,KUANTAN,PASAR BESAR KUANTAN,Runcit,26,Sayur-Sayuran,02,002,CILI MERAH KULAI / KULAI HIBRID,F.A.Q,Kilogram,17.5,17.82909,
30895594,2026-08-28,2026-08-28 00:35:53.643057,PAHANG,KUANTAN,PASAR BESAR KUANTAN,Runcit,26,Sayur-Sayuran,02,002,CILI MERAH KULAI / KULAI HIBRID,F.A.Q,Kilogram,17.5,17.82909,
30895595,2026-08-28,2026-08-28 00:35:53.643057,PAHANG,KUANTAN,PASAR BESAR KUANTAN,Runcit,26,Sayur-Sayuran,02,002,CILI MERAH MINYAK,F.A.Q,Kilogram,14.5,14.03091,
30895596,2026-08-28,2026-08-28 00:35:53.643057,PAHANG,KUANTAN,PASAR BESAR KUANTAN,Runcit,26,Sayur-Sayuran,02,002,CILI MERAH MINYAK,F.A.Q,Kilogram,14.5,14.03091,
30895597,2026-08-28,2026-08-28 00:35:53.643057,PAHANG,KUANTAN,PASAR BESAR KUANTAN,Runcit,26,Sayur-Sayuran,02,002,CILI MERAH MINYAK,F.A.Q,Kilogram,14.5,14.03091,
30895598,2026-08-28,2026-08-28 00:35:53.643057,PAHANG,KUANTAN,PASAR BESAR KUANTAN,Runcit,26,Sayur-Sayuran,02,002,CILI MERAH MINYAK,F.A.Q,Kilogram,14,14.03091,
30895599,2026-08-28,2026-08-28 00:35:53.643057,PAHANG,KUANTAN,PASAR BESAR KUANTAN,Runcit,26,Sayur-Sayuran,02,002,CILI MERAH MINYAK,F.A.Q,Kilogram,14,14.03091,
30895600,2026-08-28,2026-08-28 00:35:53.643057,PAHANG,KUANTAN,PASAR BESAR KUANTAN,Runcit,26,Sayur-Sayuran,04,002,KACANG BENDI,F.A.Q,Kilogram,7.5,7.4654546,
30895601,2026-08-28,2026-08-28 00:35:53.643057,PAHANG,KUANTAN,PASAR BESAR KUANTAN,Runcit,26,Sayur-Sayuran,04,002,KACANG BENDI,F.A.Q,Kilogram,7.3,7.4654546,
30895602,2026-08-28,2026-08-28 00:35:53.643057,PAHANG,KUANTAN,PASAR BESAR KUANTAN,Runcit,26,Sayur-Sayuran,04,002,KACANG BENDI,F.A.Q,Kilogram,7.5,7.4654546,
30895603,2026-08-28,2026-08-28 00:35:53.643057,PAHANG,KUANTAN,PASAR BESAR KUANTAN,Runcit,26,Sayur-Sayuran,04,002,KACANG BENDI,F.A.Q,Kilogram,7.2,7.4654546,
30895604,2026-08-28,2026-08-28 00:35:53.643057,PAHANG,KUANTAN,PASAR BESAR KUANTAN,Runcit,26,Sayur-Sayuran,04,002,KACANG BENDI,F.A.Q,Kilogram,7.3,7.4654546,
30895605,2026-08-28,2026-08-28 00:35:53.643057,PAHANG,KUANTAN,PASAR BESAR KUANTAN,Runcit,26,Sayur-Sayuran,04,007,KACANG PANJANG HIJAU,F.A.Q,Kilogram,7.4,7.796364,
30895606,2026-08-28,2026-08-28 00:35:53.643057,PAHANG,KUANTAN,PASAR BESAR KUANTAN,Runcit,26,Sayur-Sayuran,04,007,KACANG PANJANG HIJAU,F.A.Q,Kilogram,7.5,7.796364,
30895607,2026-08-28,2026-08-28 00:35:53.643057,PAHANG,KUANTAN,PASAR BESAR KUANTAN,Runcit,26,Sayur-Sayuran,04,007,KACANG PANJANG HIJAU,F.A.Q,Kilogram,7.3,7.796364,
30895608,2026-08-28,2026-08-28 00:35:53.643057,PAHANG,KUANTAN,PASAR BESAR KUANTAN,Runcit,26,Sayur-Sayuran,04,007,KACANG PANJANG HIJAU,F.A.Q,Kilogram,7.5,7.796364,
30895609,2026-08-28,2026-08-28 00:35:53.643057,PAHANG,KUANTAN,PASAR BESAR KUANTAN,Runcit,26,Sayur-Sayuran,04,007,KACANG PANJANG HIJAU,F.A.Q,Kilogram,7.4,7.796364,
30895610,2026-08-28,2026-08-28 00:35:53.643057,PAHANG,KUANTAN,PASAR BESAR KUANTAN,Runcit,26,Sayur-Sayuran,03,006,KUBIS BULAT (TANAH TINGGI),F.A.Q,Kilogram,5.5,5.5,
30895611,2026-08-28,2026-08-28 00:35:53.643057,PAHANG,KUANTAN,PASAR BESAR KUANTAN,Runcit,26,Sayur-Sayuran,03,007,SAWI HIJAU,F.A.Q,Kilogram,5.8,5.981818,
30895612,2026-08-28,2026-08-28 00:35:53.643057,PAHANG,KUANTAN,PASAR BESAR KUANTAN,Runcit,26,Sayur-Sayuran,03,007,SAWI HIJAU,F.A.Q,Kilogram,6,5.981818,
30895613,2026-08-28,2026-08-28 00:35:53.643057,PAHANG,KUANTAN,PASAR BESAR KUANTAN,Runcit,26,Sayur-Sayuran,03,007,SAWI HIJAU,F.A.Q,Kilogram,5.8,5.981818,
30895614,2026-08-28,2026-08-28 00:35:53.643057,PAHANG,KUANTAN,PASAR BESAR KUANTAN,Runcit,26,Sayur-Sayuran,03,007,SAWI HIJAU,F.A.Q,Kilogram,6,5.981818,
30895615,2026-08-28,2026-08-28 00:35:53.643057,PAHANG,KUANTAN,PASAR BESAR KUANTAN,Runcit,26,Sayur-Sayuran,03,007,SAWI HIJAU,F.A.Q,Kilogram,6,5.981818,
30895616,2026-08-28,2026-08-28 00:35:53.643057,PAHANG,KUANTAN,PASAR BESAR KUANTAN,Runcit,26,Sayur-Sayuran,02,010,TERUNG PANJANG / PEPARU (TANAH RENDAH),F.A.Q,Kilogram,10.5,10.578182,
30895617,2026-08-28,2026-08-28 00:35:53.643057,PAHANG,KUANTAN,PASAR BESAR KUANTAN,Runcit,26,Sayur-Sayuran,02,010,TERUNG PANJANG / PEPARU (TANAH RENDAH),F.A.Q,Kilogram,10.8,10.578182,
30895618,2026-08-28,2026-08-28 00:35:53.643057,PAHANG,KUANTAN,PASAR BESAR KUANTAN,Runcit,26,Sayur-Sayuran,02,010,TERUNG PANJANG / PEPARU (TANAH RENDAH),F.A.Q,Kilogram,10.5,10.578182,
30895619,2026-08-28,2026-08-28 00:35:53.643057,PAHANG,KUANTAN,PASAR BESAR KUANTAN,Runcit,26,Sayur-Sayuran,02,010,TERUNG PANJANG / PEPARU (TANAH RENDAH),F.A.Q,Kilogram,10.5,10.578182,
30895620,2026-08-28,2026-08-28 00:35:53.643057,PAHANG,KUANTAN,PASAR BESAR KUANTAN,Runcit,26,Sayur-Sayuran,02,010,TERUNG PANJANG / PEPARU (TANAH RENDAH),F.A.Q,Kilogram,10.8,10.578182,
30895621,2026-08-28,2026-08-28 00:35:53.643057,PAHANG,KUANTAN,PASAR BESAR KUANTAN,Runcit,26,Sayur-Sayuran,02,011,TIMUN HIJAU,F.A.Q,Kilogram,3,3.1327274,
30895622,2026-08-28,2026-08-28 00:35:53.643057,PAHANG,KUANTAN,PASAR BESAR KUANTAN,Runcit,26,Sayur-Sayuran,02,011,TIMUN HIJAU,F.A.Q,Kilogram,3.2,3.1327274,
30895623,2026-08-28,2026-08-28 00:35:53.643057,PAHANG,KUANTAN,PASAR BESAR KUANTAN,Runcit,26,Sayur-Sayuran,02,011,TIMUN HIJAU,F.A.Q,Kilogram,3,3.1327274,
30895624,2026-08-28,2026-08-28 00:35:53.643057,PAHANG,KUANTAN,PASAR BESAR KUANTAN,Runcit,26,Sayur-Sayuran,02,011,TIMUN HIJAU,F.A.Q,Kilogram,3.1,3.1327274,
30895625,2026-08-28,2026-08-28 00:35:53.643057,PAHANG,KUANTAN,PASAR BESAR KUANTAN,Runcit,26,Sayur-Sayuran,02,011,TIMUN HIJAU,F.A.Q,Kilogram,3.2,3.1327274,
30895626,2026-08-28,2026-08-28 00:35:53.643057,PAHANG,KUANTAN,PASAR BESAR KUANTAN,Runcit,26,Sayur-Sayuran,02,012,TOMATO (TANAH TINGGI),F.A.Q,Kilogram,8.5,8.612727,
30895627,2026-08-28,2026-08-28 00:35:53.643057,PAHANG,KUANTAN,PASAR BESAR KUANTAN,Runcit,26,Sayur-Sayuran,02,012,TOMATO (TANAH TINGGI),F.A.Q,Kilogram,8.3,8.612727,
30895628,2026-08-28,2026-08-28 00:35:53.643057,PAHANG,KUANTAN,PASAR BESAR KUANTAN,Runcit,26,Sayur-Sayuran,02,012,TOMATO (TANAH TINGGI),F.A.Q,Kilogram,8.5,8.612727,
30895629,2026-08-28,2026-08-28 00:35:53.643057,PAHANG,KUANTAN,PASAR BESAR KUANTAN,Runcit,26,Sayur-Sayuran,02,012,TOMATO (TANAH TINGGI),F.A.Q,Kilogram,8.2,8.612727,
30895630,2026-08-28,2026-08-28 00:35:53.643057,PAHANG,KUANTAN,PASAR BESAR KUANTAN,Runcit,26,Sayur-Sayuran,02,012,TOMATO (TANAH TINGGI),F.A.Q,Kilogram,8.2,8.612727,
30895631,2026-08-28,2026-08-28 00:50:38.287915,PAHANG,KUANTAN,PASAR BORONG KEMUNTING,Borong,20,Sayur-Sayuran,03,001,BAYAM,F.A.Q,Kilogram,3.5,3.7254546,
30895632,2026-08-28,2026-08-28 00:50:38.287915,PAHANG,KUANTAN,PASAR BORONG KEMUNTING,Borong,20,Sayur-Sayuran,03,001,BAYAM,F.A.Q,Kilogram,3.5,3.7254546,
30895633,2026-08-28,2026-08-28 00:50:38.287915,PAHANG,KUANTAN,PASAR BORONG KEMUNTING,Borong,20,Sayur-Sayuran,03,001,BAYAM,F.A.Q,Kilogram,3.5,3.7254546,
30895634,2026-08-28,2026-08-28 00:50:38.287915,PAHANG,KUANTAN,PASAR BORONG KEMUNTING,Borong,20,Sayur-Sayuran,03,001,BAYAM,F.A.Q,Kilogram,3.3,3.7254546,
30895635,2026-08-28,2026-08-28 00:50:38.287915,PAHANG,KUANTAN,PASAR BORONG KEMUNTING,Borong,20,Sayur-Sayuran,03,001,BAYAM,F.A.Q,Kilogram,3.3,3.7254546,
30895636,2026-08-28,2026-08-28 00:50:38.287915,PAHANG,KUANTAN,PASAR BORONG KEMUNTING,Borong,20,Sayur-Sayuran,02,002,CILI MERAH KULAI / KULAI HIBRID,F.A.Q,Kilogram,14,14.130909,
30895637,2026-08-28,2026-08-28 00:50:38.287915,PAHANG,KUANTAN,PASAR BORONG KEMUNTING,Borong,20,Sayur-Sayuran,02,002,CILI MERAH KULAI / KULAI HIBRID,F.A.Q,Kilogram,14,14.130909,
30895638,2026-08-28,2026-08-28 00:50:38.287915,PAHANG,KUANTAN,PASAR BORONG KEMUNTING,Borong,20,Sayur-Sayuran,02,002,CILI MERAH KULAI / KULAI HIBRID,F.A.Q,Kilogram,14.5,14.130909,
30895639,2026-08-28,2026-08-28 00:50:38.287915,PAHANG,KUANTAN,PASAR BORONG KEMUNTING,Borong,20,Sayur-Sayuran,02,002,CILI MERAH KULAI / KULAI HIBRID,F.A.Q,Kilogram,14.4,14.130909,
30895640,2026-08-28,2026-08-28 00:50:38.287915,PAHANG,KUANTAN,PASAR BORONG KEMUNTING,Borong,20,Sayur-Sayuran,02,002,CILI MERAH KULAI / KULAI HIBRID,F.A.Q,Kilogram,14.5,14.130909,
30895641,2026-08-28,2026-08-28 00:50:38.287915,PAHANG,KUANTAN,PASAR BORONG KEMUNTING,Borong,20,Sayur-Sayuran,02,002,CILI MERAH MINYAK,F.A.Q,Kilogram,12,11.938182,
30895642,2026-08-28,2026-08-28 00:50:38.287915,PAHANG,KUANTAN,PASAR BORONG KEMUNTING,Borong,20,Sayur-Sayuran,02,002,CILI MERAH MINYAK,F.A.Q,Kilogram,12.5,11.938182,
30895643,2026-08-28,2026-08-28 00:50:38.287915,PAHANG,KUANTAN,PASAR BORONG KEMUNTING,Borong,20,Sayur-Sayuran,02,002,CILI MERAH MINYAK,F.A.Q,Kilogram,12,11.938182,
30895644,2026-08-28,2026-08-28 00:50:38.287915,PAHANG,KUANTAN,PASAR BORONG KEMUNTING,Borong,20,Sayur-Sayuran,02,002,CILI MERAH MINYAK,F.A.Q,Kilogram,12.3,11.938182,
30895645,2026-08-28,2026-08-28 00:50:38.287915,PAHANG,KUANTAN,PASAR BORONG KEMUNTING,Borong,20,Sayur-Sayuran,02,002,CILI MERAH MINYAK,F.A.Q,Kilogram,12,11.938182,
30895646,2026-08-28,2026-08-28 00:50:38.287915,PAHANG,KUANTAN,PASAR BORONG KEMUNTING,Borong,20,Sayur-Sayuran,04,002,KACANG BENDI,F.A.Q,Kilogram,5.5,5.570909,
30895647,2026-08-28,2026-08-28 00:50:38.287915,PAHANG,KUANTAN,PASAR BORONG KEMUNTING,Borong,20,Sayur-Sayuran,04,002,KACANG BENDI,F.A.Q,Kilogram,5.5,5.570909,
30895648,2026-08-28,2026-08-28 00:50:38.287915,PAHANG,KUANTAN,PASAR BORONG KEMUNTING,Borong,20,Sayur-Sayuran,04,002,KACANG BENDI,F.A.Q,Kilogram,5.8,5.570909,
30895649,2026-08-28,2026-08-28 00:50:38.287915,PAHANG,KUANTAN,PASAR BORONG KEMUNTING,Borong,20,Sayur-Sayuran,04,002,KACANG BENDI,F.A.Q,Kilogram,5.6,5.570909,
30895650,2026-08-28,2026-08-28 00:50:38.287915,PAHANG,KUANTAN,PASAR BORONG KEMUNTING,Borong,20,Sayur-Sayuran,04,002,KACANG BENDI,F.A.Q,Kilogram,5.5,5.570909,
30895656,2026-08-28,2026-08-28 00:50:38.287915,PAHANG,KUANTAN,PASAR BORONG KEMUNTING,Borong,20,Sayur-Sayuran,04,007,KACANG PANJANG HIJAU,F.A.Q,Kilogram,5,5.518182,
30895657,2026-08-28,2026-08-28 00:50:38.287915,PAHANG,KUANTAN,PASAR BORONG KEMUNTING,Borong,20,Sayur-Sayuran,04,007,KACANG PANJANG HIJAU,F.A.Q,Kilogram,5.3,5.518182,
30895658,2026-08-28,2026-08-28 00:50:38.287915,PAHANG,KUANTAN,PASAR BORONG KEMUNTING,Borong,20,Sayur-Sayuran,04,007,KACANG PANJANG HIJAU,F.A.Q,Kilogram,5.5,5.518182,
30895659,2026-08-28,2026-08-28 00:50:38.287915,PAHANG,KUANTAN,PASAR BORONG KEMUNTING,Borong,20,Sayur-Sayuran,04,007,KACANG PANJANG HIJAU,F.A.Q,Kilogram,5.5,5.518182,
30895660,2026-08-28,2026-08-28 00:50:38.287915,PAHANG,KUANTAN,PASAR BORONG KEMUNTING,Borong,20,Sayur-Sayuran,04,007,KACANG PANJANG HIJAU,F.A.Q,Kilogram,5,5.518182,
30895661,2026-08-28,2026-08-28 00:50:38.287915,PAHANG,KUANTAN,PASAR BORONG KEMUNTING,Borong,20,Sayur-Sayuran,03,006,KUBIS BULAT (TANAH TINGGI),F.A.Q,Kilogram,4,4,
30895662,2026-08-28,2026-08-28 00:50:38.287915,PAHANG,KUANTAN,PASAR BORONG KEMUNTING,Borong,20,Sayur-Sayuran,03,007,SAWI HIJAU,F.A.Q,Kilogram,3.8,3.9872727,
30895663,2026-08-28,2026-08-28 00:50:38.287915,PAHANG,KUANTAN,PASAR BORONG KEMUNTING,Borong,20,Sayur-Sayuran,03,007,SAWI HIJAU,F.A.Q,Kilogram,3.8,3.9872727,
30895664,2026-08-28,2026-08-28 00:50:38.287915,PAHANG,KUANTAN,PASAR BORONG KEMUNTING,Borong,20,Sayur-Sayuran,03,007,SAWI HIJAU,F.A.Q,Kilogram,3.7,3.9872727,
30895665,2026-08-28,2026-08-28 00:50:38.287915,PAHANG,KUANTAN,PASAR BORONG KEMUNTING,Borong,20,Sayur-Sayuran,03,007,SAWI HIJAU,F.A.Q,Kilogram,3.8,3.9872727,
30895666,2026-08-28,2026-08-28 00:50:38.287915,PAHANG,KUANTAN,PASAR BORONG KEMUNTING,Borong,20,Sayur-Sayuran,03,007,SAWI HIJAU,F.A.Q,Kilogram,3.8,3.9872727,
30895667,2026-08-28,2026-08-28 00:50:38.287915,PAHANG,KUANTAN,PASAR BORONG KEMUNTING,Borong,20,Sayur-Sayuran,02,010,TERUNG PANJANG / PEPARU (TANAH RENDAH),F.A.Q,Kilogram,8,8.312727,
30895668,2026-08-28,2026-08-28 00:50:38.287915,PAHANG,KUANTAN,PASAR BORONG KEMUNTING,Borong,20,Sayur-Sayuran,02,010,TERUNG PANJANG / PEPARU (TANAH RENDAH),F.A.Q,Kilogram,8.3,8.312727,
30895669,2026-08-28,2026-08-28 00:50:38.287915,PAHANG,KUANTAN,PASAR BORONG KEMUNTING,Borong,20,Sayur-Sayuran,02,010,TERUNG PANJANG / PEPARU (TANAH RENDAH),F.A.Q,Kilogram,8.2,8.312727,
30895670,2026-08-28,2026-08-28 00:50:38.287915,PAHANG,KUANTAN,PASAR BORONG KEMUNTING,Borong,20,Sayur-Sayuran,02,010,TERUNG PANJANG / PEPARU (TANAH RENDAH),F.A.Q,Kilogram,8.5,8.312727,
30895671,2026-08-28,2026-08-28 00:50:38.287915,PAHANG,KUANTAN,PASAR BORONG KEMUNTING,Borong,20,Sayur-Sayuran,02,010,TERUNG PANJANG / PEPARU (TANAH RENDAH),F.A.Q,Kilogram,8.3,8.312727,
30895672,2026-08-28,2026-08-28 00:50:38.287915,PAHANG,KUANTAN,PASAR BORONG KEMUNTING,Borong,20,Sayur-Sayuran,02,011,TIMUN HIJAU,F.A.Q,Kilogram,2.2,2.1181817,
30895673,2026-08-28,2026-08-28 00:50:38.287915,PAHANG,KUANTAN,PASAR BORONG KEMUNTING,Borong,20,Sayur-Sayuran,02,011,TIMUN HIJAU,F.A.Q,Kilogram,2.2,2.1181817,
30895674,2026-08-28,2026-08-28 00:50:38.287915,PAHANG,KUANTAN,PASAR BORONG KEMUNTING,Borong,20,Sayur-Sayuran,02,011,TIMUN HIJAU,F.A.Q,Kilogram,2,2.1181817,
30895675,2026-08-28,2026-08-28 00:50:38.287915,PAHANG,KUANTAN,PASAR BORONG KEMUNTING,Borong,20,Sayur-Sayuran,02,011,TIMUN HIJAU,F.A.Q,Kilogram,2.1,2.1181817,
30895676,2026-08-28,2026-08-28 00:50:38.287915,PAHANG,KUANTAN,PASAR BORONG KEMUNTING,Borong,20,Sayur-Sayuran,02,011,TIMUN HIJAU,F.A.Q,Kilogram,2.1,2.1181817,
30895677,2026-08-28,2026-08-28 00:50:38.287915,PAHANG,KUANTAN,PASAR BORONG KEMUNTING,Borong,20,Sayur-Sayuran,02,012,TOMATO (TANAH TINGGI),F.A.Q,Kilogram,7.5,7.458182,
30895678,2026-08-28,2026-08-28 00:50:38.287915,PAHANG,KUANTAN,PASAR BORONG KEMUNTING,Borong,20,Sayur-Sayuran,02,012,TOMATO (TANAH TINGGI),F.A.Q,Kilogram,7.8,7.458182,
30895679,2026-08-28,2026-08-28 00:50:38.287915,PAHANG,KUANTAN,PASAR BORONG KEMUNTING,Borong,20,Sayur-Sayuran,02,012,TOMATO (TANAH TINGGI),F.A.Q,Kilogram,7.6,7.458182,
30895680,2026-08-28,2026-08-28 00:50:38.287915,PAHANG,KUANTAN,PASAR BORONG KEMUNTING,Borong,20,Sayur-Sayuran,02,012,TOMATO (TANAH TINGGI),F.A.Q,Kilogram,7.5,7.458182,
30895681,2026-08-28,2026-08-28 00:50:38.287915,PAHANG,KUANTAN,PASAR BORONG KEMUNTING,Borong,20,Sayur-Sayuran,02,012,TOMATO (TANAH TINGGI),F.A.Q,Kilogram,7.6,7.458182,
30895687,2026-08-28,2026-08-28 00:52:14.422068,PAHANG,KUANTAN,LADANG/KEBUN KAMPUNG SUNGAI SOI,Ladang,,Sayur-Sayuran,04,002,KACANG BENDI,F.A.Q,Kilogram,3.6,3.7704546,
30895688,2026-08-28,2026-08-28 00:52:14.422068,PAHANG,KUANTAN,LADANG/KEBUN KAMPUNG SUNGAI SOI,Ladang,,Sayur-Sayuran,04,007,KACANG PANJANG HIJAU,F.A.Q,Kilogram,3.7,3.770909,
30895689,2026-08-28,2026-08-28 00:52:14.422068,PAHANG,KUANTAN,LADANG/KEBUN KAMPUNG SUNGAI SOI,Ladang,,Sayur-Sayuran,02,010,TERUNG PANJANG / PEPARU (TANAH RENDAH),F.A.Q,Kilogram,6,6.181818,
30895690,2026-08-28,2026-08-28 00:52:14.422068,PAHANG,KUANTAN,LADANG/KEBUN KAMPUNG SUNGAI SOI,Ladang,,Sayur-Sayuran,02,011,TIMUN HIJAU,F.A.Q,Kilogram,1,1.2945454,
30895691,2026-08-28,2026-08-28 00:52:56.787397,PAHANG,KUANTAN,LADANG/KEBUN KAMPUNG SUNGAI SOI,Ladang,,Sayur-Sayuran,03,001,BAYAM,F.A.Q,Kilogram,2,2.2772727,
30895692,2026-08-28,2026-08-28 00:52:56.787397,PAHANG,KUANTAN,LADANG/KEBUN KAMPUNG SUNGAI SOI,Ladang,,Sayur-Sayuran,02,002,CILI MERAH MINYAK,F.A.Q,Kilogram,10,9.379545,
30895693,2026-08-28,2026-08-28 00:52:56.787397,PAHANG,KUANTAN,LADANG/KEBUN KAMPUNG SUNGAI SOI,Ladang,,Sayur-Sayuran,04,007,KACANG PANJANG HIJAU,F.A.Q,Kilogram,3.8,3.770909,
30895694,2026-08-28,2026-08-28 00:52:56.787397,PAHANG,KUANTAN,LADANG/KEBUN KAMPUNG SUNGAI SOI,Ladang,,Sayur-Sayuran,03,007,SAWI HIJAU,F.A.Q,Kilogram,2.3,2.4022727,
30895695,2026-08-28,2026-08-28 00:52:56.787397,PAHANG,KUANTAN,LADANG/KEBUN KAMPUNG SUNGAI SOI,Ladang,,Sayur-Sayuran,02,010,TERUNG PANJANG / PEPARU (TANAH RENDAH),F.A.Q,Kilogram,6,6.181818,
30895696,2026-08-28,2026-08-28 00:52:56.787397,PAHANG,KUANTAN,LADANG/KEBUN KAMPUNG SUNGAI SOI,Ladang,,Sayur-Sayuran,02,011,TIMUN HIJAU,F.A.Q,Kilogram,1.1,1.2945454,
30895697,2026-08-28,2026-08-28 00:53:46.917462,PAHANG,KUANTAN,LADANG/KEBUN JABOR,Ladang,,Sayur-Sayuran,03,001,BAYAM,F.A.Q,Kilogram,2.1,2.2772727,
30895698,2026-08-28,2026-08-28 00:53:46.917462,PAHANG,KUANTAN,LADANG/KEBUN JABOR,Ladang,,Sayur-Sayuran,02,002,CILI MERAH KULAI / KULAI HIBRID,F.A.Q,Kilogram,11,10.890909,
30895699,2026-08-28,2026-08-28 00:53:46.917462,PAHANG,KUANTAN,LADANG/KEBUN JABOR,Ladang,,Sayur-Sayuran,02,002,CILI MERAH MINYAK,F.A.Q,Kilogram,10,9.379545,
30895700,2026-08-28,2026-08-28 00:53:46.917462,PAHANG,KUANTAN,LADANG/KEBUN JABOR,Ladang,,Sayur-Sayuran,04,002,KACANG BENDI,F.A.Q,Kilogram,3.6,3.7704546,
30895701,2026-08-28,2026-08-28 00:53:46.917462,PAHANG,KUANTAN,LADANG/KEBUN JABOR,Ladang,,Sayur-Sayuran,04,007,KACANG PANJANG HIJAU,F.A.Q,Kilogram,3.7,3.770909,
30895702,2026-08-28,2026-08-28 00:53:46.917462,PAHANG,KUANTAN,LADANG/KEBUN JABOR,Ladang,,Sayur-Sayuran,03,007,SAWI HIJAU,F.A.Q,Kilogram,2.2,2.4022727,
30895703,2026-08-28,2026-08-28 00:53:46.917462,PAHANG,KUANTAN,LADANG/KEBUN JABOR,Ladang,,Sayur-Sayuran,02,010,TERUNG PANJANG / PEPARU (TANAH RENDAH),F.A.Q,Kilogram,5.8,6.181818,
30895704,2026-08-28,2026-08-28 00:53:46.917462,PAHANG,KUANTAN,LADANG/KEBUN JABOR,Ladang,,Sayur-Sayuran,02,011,TIMUN HIJAU,F.A.Q,Kilogram,1,1.2945454,
30895705,2026-08-28,2026-08-28 00:54:50.644792,PAHANG,KUANTAN,LADANG/KEBUN GAMBANG,Ladang,,Sayur-Sayuran,03,001,BAYAM,F.A.Q,Kilogram,2,2.2772727,
30895706,2026-08-28,2026-08-28 00:54:50.644792,PAHANG,KUANTAN,LADANG/KEBUN GAMBANG,Ladang,,Sayur-Sayuran,02,002,CILI MERAH MINYAK,F.A.Q,Kilogram,10,9.379545,
30895707,2026-08-28,2026-08-28 00:54:50.644792,PAHANG,KUANTAN,LADANG/KEBUN GAMBANG,Ladang,,Sayur-Sayuran,04,002,KACANG BENDI,F.A.Q,Kilogram,3.6,3.7704546,
30895708,2026-08-28,2026-08-28 00:54:50.644792,PAHANG,KUANTAN,LADANG/KEBUN GAMBANG,Ladang,,Sayur-Sayuran,04,007,KACANG PANJANG HIJAU,F.A.Q,Kilogram,3.8,3.770909,
30895709,2026-08-28,2026-08-28 00:54:50.644792,PAHANG,KUANTAN,LADANG/KEBUN GAMBANG,Ladang,,Sayur-Sayuran,03,007,SAWI HIJAU,F.A.Q,Kilogram,2.3,2.4022727,
30895710,2026-08-28,2026-08-28 00:54:50.644792,PAHANG,KUANTAN,LADANG/KEBUN GAMBANG,Ladang,,Sayur-Sayuran,02,010,TERUNG PANJANG / PEPARU (TANAH RENDAH),F.A.Q,Kilogram,6,6.181818,
30895711,2026-08-28,2026-08-28 00:54:50.644792,PAHANG,KUANTAN,LADANG/KEBUN GAMBANG,Ladang,,Sayur-Sayuran,02,011,TIMUN HIJAU,F.A.Q,Kilogram,1.1,1.2945454,
30895712,2026-08-28,2026-08-28 00:55:38.141009,PAHANG,KUANTAN,[PROJEK] TKPM PULAU MANIS,Ladang,,Sayur-Sayuran,03,001,BAYAM,F.A.Q,Kilogram,2,2.2772727,
30895713,2026-08-28,2026-08-28 00:55:38.141009,PAHANG,KUANTAN,[PROJEK] TKPM PULAU MANIS,Ladang,,Sayur-Sayuran,02,002,CILI MERAH MINYAK,F.A.Q,Kilogram,9.8,9.379545,
30895714,2026-08-28,2026-08-28 00:55:38.141009,PAHANG,KUANTAN,[PROJEK] TKPM PULAU MANIS,Ladang,,Sayur-Sayuran,04,002,KACANG BENDI,F.A.Q,Kilogram,3.7,3.7704546,
30895715,2026-08-28,2026-08-28 00:55:38.141009,PAHANG,KUANTAN,[PROJEK] TKPM PULAU MANIS,Ladang,,Sayur-Sayuran,04,007,KACANG PANJANG HIJAU,F.A.Q,Kilogram,3.7,3.770909,
30895716,2026-08-28,2026-08-28 00:55:38.141009,PAHANG,KUANTAN,[PROJEK] TKPM PULAU MANIS,Ladang,,Sayur-Sayuran,03,007,SAWI HIJAU,F.A.Q,Kilogram,2.3,2.4022727,
30895717,2026-08-28,2026-08-28 00:55:38.141009,PAHANG,KUANTAN,[PROJEK] TKPM PULAU MANIS,Ladang,,Sayur-Sayuran,02,010,TERUNG PANJANG / PEPARU (TANAH RENDAH),F.A.Q,Kilogram,6,6.181818,
30895718,2026-08-28,2026-08-28 00:55:38.141009,PAHANG,KUANTAN,[PROJEK] TKPM PULAU MANIS,Ladang,,Sayur-Sayuran,02,011,TIMUN HIJAU,F.A.Q,Kilogram,1.1,1.2945454,
30895719,2026-08-28,2026-08-28 05:31:17.579088,PULAU PINANG,SEBERANG PERAI TENGAH,PASAR BORONG BUKIT MERTAJAM,Borong,20,Ternakan,02,003,DAGING LEMBU PEJAL,F.A.Q,Kilogram,30,30.46,
30895720,2026-08-28,2026-08-28 05:31:17.579088,PULAU PINANG,SEBERANG PERAI TENGAH,PASAR BORONG BUKIT MERTAJAM,Borong,20,Ternakan,02,003,DAGING LEMBU PEJAL,F.A.Q,Kilogram,27,30.46,
30895721,2026-08-28,2026-08-28 05:33:22.786202,PULAU PINANG,SEBERANG PERAI TENGAH,PASAR BORONG BUKIT MERTAJAM,Borong,20,Sayur-Sayuran,03,001,BAYAM,F.A.Q,Kilogram,3.4,2.6,
30895722,2026-08-28,2026-08-28 05:33:22.786202,PULAU PINANG,SEBERANG PERAI TENGAH,PASAR BORONG BUKIT MERTAJAM,Borong,20,Sayur-Sayuran,02,002,CILI MERAH KULAI / KULAI HIBRID,F.A.Q,Kilogram,12.5,11.5,
30895723,2026-08-28,2026-08-28 05:33:22.786202,PULAU PINANG,SEBERANG PERAI TENGAH,PASAR BORONG BUKIT MERTAJAM,Borong,20,Sayur-Sayuran,02,002,CILI MERAH KULAI / KULAI HIBRID,F.A.Q,Kilogram,8,11.5,
30895724,2026-08-28,2026-08-28 05:33:22.786202,PULAU PINANG,SEBERANG PERAI TENGAH,PASAR BORONG BUKIT MERTAJAM,Borong,20,Sayur-Sayuran,04,002,KACANG BENDI,F.A.Q,Kilogram,6.5,6.26875,
30895725,2026-08-28,2026-08-28 05:33:22.786202,PULAU PINANG,SEBERANG PERAI TENGAH,PASAR BORONG BUKIT MERTAJAM,Borong,20,Sayur-Sayuran,04,007,KACANG PANJANG HIJAU,F.A.Q,Kilogram,2.8,6.141667,
30895726,2026-08-28,2026-08-28 05:33:22.786202,PULAU PINANG,SEBERANG PERAI TENGAH,PASAR BORONG BUKIT MERTAJAM,Borong,20,Sayur-Sayuran,03,006,KUBIS BULAT (TANAH TINGGI),F.A.Q,Kilogram,2.6,2.825,
30895727,2026-08-28,2026-08-28 05:33:22.786202,PULAU PINANG,SEBERANG PERAI TENGAH,PASAR BORONG BUKIT MERTAJAM,Borong,20,Sayur-Sayuran,03,007,SAWI HIJAU,F.A.Q,Kilogram,3,2.4230769,
30895728,2026-08-28,2026-08-28 05:33:22.786202,PULAU PINANG,SEBERANG PERAI TENGAH,PASAR BORONG BUKIT MERTAJAM,Borong,20,Sayur-Sayuran,03,007,SAWI HIJAU TANAH TINGGI,F.A.Q,Kilogram,2,3.2545455,
30895729,2026-08-28,2026-08-28 05:33:22.786202,PULAU PINANG,SEBERANG PERAI TENGAH,PASAR BORONG BUKIT MERTAJAM,Borong,20,Sayur-Sayuran,02,010,TERUNG PANJANG / PEPARU (TANAH RENDAH),F.A.Q,Kilogram,6.8,5.935294,
30895730,2026-08-28,2026-08-28 05:33:22.786202,PULAU PINANG,SEBERANG PERAI TENGAH,PASAR BORONG BUKIT MERTAJAM,Borong,20,Sayur-Sayuran,02,010,TERUNG PANJANG / PEPARU (TANAH RENDAH),F.A.Q,Kilogram,4.8,5.935294,
30895731,2026-08-28,2026-08-28 05:33:22.786202,PULAU PINANG,SEBERANG PERAI TENGAH,PASAR BORONG BUKIT MERTAJAM,Borong,20,Sayur-Sayuran,02,011,TIMUN HIJAU,F.A.Q,Kilogram,2,2.74,
30895732,2026-08-28,2026-08-28 05:33:22.786202,PULAU PINANG,SEBERANG PERAI TENGAH,PASAR BORONG BUKIT MERTAJAM,Borong,20,Sayur-Sayuran,02,011,TIMUN HIJAU,F.A.Q,Kilogram,1.2,2.74,
30895733,2026-08-28,2026-08-28 05:33:22.786202,PULAU PINANG,SEBERANG PERAI TENGAH,PASAR BORONG BUKIT MERTAJAM,Borong,20,Sayur-Sayuran,02,012,TOMATO (TANAH TINGGI),F.A.Q,Kilogram,7.4,6.2642856,
30895734,2026-08-28,2026-08-28 05:33:22.786202,PULAU PINANG,SEBERANG PERAI TENGAH,PASAR BORONG BUKIT MERTAJAM,Borong,20,Sayur-Sayuran,02,012,TOMATO (TANAH TINGGI),F.A.Q,Kilogram,5.5,6.2642856,
30895735,2026-08-28,2026-08-28 05:34:05.115246,PULAU PINANG,SEBERANG PERAI TENGAH,PASAR BORONG BUKIT MERTAJAM,Borong,20,Ternakan,03,002,AYAM PROSES STANDARD,F.A.Q,Kilogram,9.5,9.55625,
30895736,2026-08-28,2026-08-28 05:34:05.115246,PULAU PINANG,SEBERANG PERAI TENGAH,PASAR BORONG BUKIT MERTAJAM,Borong,20,Ternakan,11,001,TELUR AYAM,B,Biji,0.48,0.4722222,
30895737,2026-08-28,2026-08-28 05:34:32.606234,PULAU PINANG,SEBERANG PERAI TENGAH,PASAR BORONG BUKIT MERTAJAM,Borong,20,Buah-Buahan,02,023,NANAS JOSAPINE (AC5),F.A.Q,Kilogram,3,2.5,
30895738,2026-08-28,2026-08-28 05:34:32.606234,PULAU PINANG,SEBERANG PERAI TENGAH,PASAR BORONG BUKIT MERTAJAM,Borong,20,Buah-Buahan,02,023,NANAS JOSAPINE (AC5),F.A.Q,Kilogram,2,2.5,
30895739,2026-08-28,2026-08-28 05:34:32.606234,PULAU PINANG,SEBERANG PERAI TENGAH,PASAR BORONG BUKIT MERTAJAM,Borong,20,Buah-Buahan,02,028,PISANG BERANGAN,F.A.Q,Kilogram,5.5,5,
30895740,2026-08-28,2026-08-28 05:34:32.606234,PULAU PINANG,SEBERANG PERAI TENGAH,PASAR BORONG BUKIT MERTAJAM,Borong,20,Buah-Buahan,02,028,PISANG BERANGAN,F.A.Q,Kilogram,4.5,5,
30895741,2026-08-28,2026-08-28 05:34:32.606234,PULAU PINANG,SEBERANG PERAI TENGAH,PASAR BORONG BUKIT MERTAJAM,Borong,20,Buah-Buahan,02,034,TEMBIKAI MERAH TANPA BIJI,F.A.Q,Kilogram,2.5,2,
30895742,2026-08-28,2026-08-28 05:34:32.606234,PULAU PINANG,SEBERANG PERAI TENGAH,PASAR BORONG BUKIT MERTAJAM,Borong,20,Buah-Buahan,02,034,TEMBIKAI MERAH TANPA BIJI,F.A.Q,Kilogram,1.5,2,
30895743,2026-08-28,2026-08-28 05:34:44.194147,PULAU PINANG,SEBERANG PERAI TENGAH,PASAR BORONG BUKIT MERTAJAM,Borong,20,Ternakan,03,002,AYAM PROSES STANDARD,F.A.Q,Kilogram,9.2,9.55625,
30895744,2026-08-28,2026-08-28 05:35:21.618935,PULAU PINANG,SEBERANG PERAI TENGAH,PASAR BORONG BUKIT MERTAJAM,Borong,20,Sayur-Sayuran,05,001,BAWANG BESAR MERAH (INDIA),F.A.Q,Kilogram,2.22,2.73,
30895745,2026-08-28,2026-08-28 05:35:21.618935,PULAU PINANG,SEBERANG PERAI TENGAH,PASAR BORONG BUKIT MERTAJAM,Borong,20,Sayur-Sayuran,05,001,BAWANG PUTIH (CHINA),F.A.Q,Kilogram,6.5,5.98,
30895746,2026-08-28,2026-08-28 05:35:21.618935,PULAU PINANG,SEBERANG PERAI TENGAH,PASAR BORONG BUKIT MERTAJAM,Borong,20,Sayur-Sayuran,05,001,BAWANG PUTIH (CHINA),F.A.Q,Kilogram,5,5.98,
30895747,2026-08-28,2026-08-28 05:35:35.503159,PULAU PINANG,SEBERANG PERAI TENGAH,PASAR BORONG BUKIT MERTAJAM,Borong,20,Tanaman Kontan,05,001,KELAPA DIKUPAS,SEDANG,Biji,1.6,2.34,
30895748,2026-08-28,2026-08-28 05:35:49.544354,PULAU PINANG,SEBERANG PERAI TENGAH,PASAR AWAM SEBERANG JAYA,Runcit,26,Lain-Lain Makanan Proses,15,001,SANTAN PEKAT,F.A.Q,Kilogram,15,11.7,
30895749,2026-08-28,2026-08-28 05:36:00.144479,PULAU PINANG,SEBERANG PERAI TENGAH,PASAR AWAM SEBERANG JAYA,Runcit,26,Tanaman Kontan,05,001,KELAPA DIKUPAS,SEDANG,Biji,2.2,3.43,
30895750,2026-08-28,2026-08-28 05:38:06.440984,PULAU PINANG,SEBERANG PERAI TENGAH,PASAR BORONG BUKIT MERTAJAM,Borong,20,Sayur-Sayuran,03,001,BAYAM,F.A.Q,Kilogram,3.6,2.6,
30895751,2026-08-28,2026-08-28 05:38:06.440984,PULAU PINANG,SEBERANG PERAI TENGAH,PASAR BORONG BUKIT MERTAJAM,Borong,20,Sayur-Sayuran,02,002,CILI MERAH KULAI / KULAI HIBRID,F.A.Q,Kilogram,13.5,11.5,
30895752,2026-08-28,2026-08-28 05:38:06.440984,PULAU PINANG,SEBERANG PERAI TENGAH,PASAR BORONG BUKIT MERTAJAM,Borong,20,Sayur-Sayuran,02,002,CILI MERAH KULAI / KULAI HIBRID,F.A.Q,Kilogram,8.5,11.5,
30895753,2026-08-28,2026-08-28 05:38:06.440984,PULAU PINANG,SEBERANG PERAI TENGAH,PASAR BORONG BUKIT MERTAJAM,Borong,20,Sayur-Sayuran,02,002,CILI MERAH MINYAK,F.A.Q,Kilogram,9,10.47,
30895754,2026-08-28,2026-08-28 05:38:06.440984,PULAU PINANG,SEBERANG PERAI TENGAH,PASAR BORONG BUKIT MERTAJAM,Borong,20,Sayur-Sayuran,02,002,CILI MERAH MINYAK,F.A.Q,Kilogram,6,10.47,
30895755,2026-08-28,2026-08-28 05:38:06.440984,PULAU PINANG,SEBERANG PERAI TENGAH,PASAR BORONG BUKIT MERTAJAM,Borong,20,Sayur-Sayuran,04,002,KACANG BENDI,F.A.Q,Kilogram,7,6.26875,
30895756,2026-08-28,2026-08-28 05:38:06.440984,PULAU PINANG,SEBERANG PERAI TENGAH,PASAR BORONG BUKIT MERTAJAM,Borong,20,Sayur-Sayuran,04,007,KACANG PANJANG HIJAU,F.A.Q,Kilogram,3.3,6.141667,
30895757,2026-08-28,2026-08-28 05:38:06.440984,PULAU PINANG,SEBERANG PERAI TENGAH,PASAR BORONG BUKIT MERTAJAM,Borong,20,Sayur-Sayuran,03,006,KUBIS BULAT (TANAH TINGGI),F.A.Q,Kilogram,3,2.825,
30895758,2026-08-28,2026-08-28 05:38:06.440984,PULAU PINANG,SEBERANG PERAI TENGAH,PASAR BORONG BUKIT MERTAJAM,Borong,20,Sayur-Sayuran,03,007,SAWI HIJAU,F.A.Q,Kilogram,3,2.4230769,
30895759,2026-08-28,2026-08-28 05:38:06.440984,PULAU PINANG,SEBERANG PERAI TENGAH,PASAR BORONG BUKIT MERTAJAM,Borong,20,Sayur-Sayuran,03,007,SAWI HIJAU TANAH TINGGI,F.A.Q,Kilogram,2.5,3.2545455,
30895760,2026-08-28,2026-08-28 05:38:06.440984,PULAU PINANG,SEBERANG PERAI TENGAH,PASAR BORONG BUKIT MERTAJAM,Borong,20,Sayur-Sayuran,02,010,TERUNG PANJANG / PEPARU (TANAH RENDAH),F.A.Q,Kilogram,7.2,5.935294,
30895761,2026-08-28,2026-08-28 05:38:06.440984,PULAU PINANG,SEBERANG PERAI TENGAH,PASAR BORONG BUKIT MERTAJAM,Borong,20,Sayur-Sayuran,02,010,TERUNG PANJANG / PEPARU (TANAH RENDAH),F.A.Q,Kilogram,5.2,5.935294,
30895762,2026-08-28,2026-08-28 05:38:06.440984,PULAU PINANG,SEBERANG PERAI TENGAH,PASAR BORONG BUKIT MERTAJAM,Borong,20,Sayur-Sayuran,02,011,TIMUN HIJAU,F.A.Q,Kilogram,2.4,2.74,
30895763,2026-08-28,2026-08-28 05:38:06.440984,PULAU PINANG,SEBERANG PERAI TENGAH,PASAR BORONG BUKIT MERTAJAM,Borong,20,Sayur-Sayuran,02,011,TIMUN HIJAU,F.A.Q,Kilogram,1.4,2.74,
30895764,2026-08-28,2026-08-28 05:38:06.440984,PULAU PINANG,SEBERANG PERAI TENGAH,PASAR BORONG BUKIT MERTAJAM,Borong,20,Sayur-Sayuran,02,012,TOMATO (TANAH TINGGI),F.A.Q,Kilogram,7.5,6.2642856,
30895765,2026-08-28,2026-08-28 05:38:06.440984,PULAU PINANG,SEBERANG PERAI TENGAH,PASAR BORONG BUKIT MERTAJAM,Borong,20,Sayur-Sayuran,02,012,TOMATO (TANAH TINGGI),F.A.Q,Kilogram,5.5,6.2642856,
30895766,2026-08-28,2026-08-28 05:38:33.942998,PULAU PINANG,SEBERANG PERAI TENGAH,PASAR AWAM SEBERANG JAYA,Runcit,26,Buah-Buahan,02,023,NANAS JOSAPINE (AC5),F.A.Q,Kilogram,6,5,
30895767,2026-08-28,2026-08-28 05:38:33.942998,PULAU PINANG,SEBERANG PERAI TENGAH,PASAR AWAM SEBERANG JAYA,Runcit,26,Buah-Buahan,02,023,NANAS JOSAPINE (AC5),F.A.Q,Kilogram,5,5,
30895768,2026-08-28,2026-08-28 05:38:33.942998,PULAU PINANG,SEBERANG PERAI TENGAH,PASAR AWAM SEBERANG JAYA,Runcit,26,Buah-Buahan,02,028,PISANG BERANGAN,F.A.Q,Kilogram,7.5,7.25,
30895769,2026-08-28,2026-08-28 05:38:33.942998,PULAU PINANG,SEBERANG PERAI TENGAH,PASAR AWAM SEBERANG JAYA,Runcit,26,Buah-Buahan,02,034,TEMBIKAI MERAH TANPA BIJI,F.A.Q,Kilogram,5,4.1805553,
30895770,2026-08-28,2026-08-28 05:38:33.942998,PULAU PINANG,SEBERANG PERAI TENGAH,PASAR AWAM SEBERANG JAYA,Runcit,26,Buah-Buahan,02,034,TEMBIKAI MERAH TANPA BIJI,F.A.Q,Kilogram,4,4.1805553,
30895771,2026-08-28,2026-08-28 05:39:05.232486,PULAU PINANG,SEBERANG PERAI TENGAH,PASAR AWAM SEBERANG JAYA,Runcit,26,Sayur-Sayuran,05,001,BAWANG BESAR MERAH (INDIA),F.A.Q,Kilogram,3.5,3.5714285,
30895772,2026-08-28,2026-08-28 05:39:05.232486,PULAU PINANG,SEBERANG PERAI TENGAH,PASAR AWAM SEBERANG JAYA,Runcit,26,Sayur-Sayuran,05,001,BAWANG PUTIH (CHINA),F.A.Q,Kilogram,10,9,
30895773,2026-08-28,2026-08-28 05:39:05.232486,PULAU PINANG,SEBERANG PERAI TENGAH,PASAR AWAM SEBERANG JAYA,Runcit,26,Sayur-Sayuran,05,001,BAWANG PUTIH (CHINA),F.A.Q,Kilogram,8,9,
30895774,2026-08-28,2026-08-28 05:39:35.09125,PULAU PINANG,SEBERANG PERAI TENGAH,PASAR AWAM SEBERANG JAYA,Runcit,26,Buah-Buahan,02,023,NANAS JOSAPINE (AC5),F.A.Q,Kilogram,5,5,
30895775,2026-08-28,2026-08-28 05:39:35.09125,PULAU PINANG,SEBERANG PERAI TENGAH,PASAR AWAM SEBERANG JAYA,Runcit,26,Buah-Buahan,02,023,NANAS JOSAPINE (AC5),F.A.Q,Kilogram,4,5,
30895776,2026-08-28,2026-08-28 05:39:35.09125,PULAU PINANG,SEBERANG PERAI TENGAH,PASAR AWAM SEBERANG JAYA,Runcit,26,Buah-Buahan,02,028,PISANG BERANGAN,F.A.Q,Kilogram,7,7.25,
30895777,2026-08-28,2026-08-28 05:39:35.09125,PULAU PINANG,SEBERANG PERAI TENGAH,PASAR AWAM SEBERANG JAYA,Runcit,26,Buah-Buahan,02,034,TEMBIKAI MERAH TANPA BIJI,F.A.Q,Kilogram,4,4.1805553,
30895778,2026-08-28,2026-08-28 05:39:35.09125,PULAU PINANG,SEBERANG PERAI TENGAH,PASAR AWAM SEBERANG JAYA,Runcit,26,Buah-Buahan,02,034,TEMBIKAI MERAH TANPA BIJI,F.A.Q,Kilogram,3.5,4.1805553,
30895779,2026-08-28,2026-08-28 05:41:16.794118,PULAU PINANG,SEBERANG PERAI TENGAH,PASAR AWAM SEBERANG JAYA,Runcit,26,Sayur-Sayuran,03,001,BAYAM,F.A.Q,Kilogram,5,5,
30895780,2026-08-28,2026-08-28 05:41:16.794118,PULAU PINANG,SEBERANG PERAI TENGAH,PASAR AWAM SEBERANG JAYA,Runcit,26,Sayur-Sayuran,02,002,CILI MERAH KULAI / KULAI HIBRID,F.A.Q,Kilogram,18,18.88889,
30895781,2026-08-28,2026-08-28 05:41:16.794118,PULAU PINANG,SEBERANG PERAI TENGAH,PASAR AWAM SEBERANG JAYA,Runcit,26,Sayur-Sayuran,02,002,CILI MERAH MINYAK,F.A.Q,Kilogram,15,15,
30895782,2026-08-28,2026-08-28 05:41:16.794118,PULAU PINANG,SEBERANG PERAI TENGAH,PASAR AWAM SEBERANG JAYA,Runcit,26,Sayur-Sayuran,04,002,KACANG BENDI,F.A.Q,Kilogram,12,10,
30895783,2026-08-28,2026-08-28 05:41:16.794118,PULAU PINANG,SEBERANG PERAI TENGAH,PASAR AWAM SEBERANG JAYA,Runcit,26,Sayur-Sayuran,04,007,KACANG PANJANG HIJAU,F.A.Q,Kilogram,8,9.272727,
30895784,2026-08-28,2026-08-28 05:41:16.794118,PULAU PINANG,SEBERANG PERAI TENGAH,PASAR AWAM SEBERANG JAYA,Runcit,26,Sayur-Sayuran,03,006,KUBIS BULAT (TANAH TINGGI),F.A.Q,Kilogram,6,6.318182,
30895785,2026-08-28,2026-08-28 05:41:16.794118,PULAU PINANG,SEBERANG PERAI TENGAH,PASAR AWAM SEBERANG JAYA,Runcit,26,Sayur-Sayuran,03,007,SAWI HIJAU,F.A.Q,Kilogram,5,5,
30895786,2026-08-28,2026-08-28 05:41:16.794118,PULAU PINANG,SEBERANG PERAI TENGAH,PASAR AWAM SEBERANG JAYA,Runcit,26,Sayur-Sayuran,03,007,SAWI HIJAU TANAH TINGGI,F.A.Q,Kilogram,6,6.909091,
30895787,2026-08-28,2026-08-28 05:41:16.794118,PULAU PINANG,SEBERANG PERAI TENGAH,PASAR AWAM SEBERANG JAYA,Runcit,26,Sayur-Sayuran,02,010,TERUNG PANJANG / PEPARU (TANAH RENDAH),F.A.Q,Kilogram,12,11.818182,
30895788,2026-08-28,2026-08-28 05:41:16.794118,PULAU PINANG,SEBERANG PERAI TENGAH,PASAR AWAM SEBERANG JAYA,Runcit,26,Sayur-Sayuran,02,011,TIMUN HIJAU,F.A.Q,Kilogram,4.5,4.75,
30895789,2026-08-28,2026-08-28 05:41:16.794118,PULAU PINANG,SEBERANG PERAI TENGAH,PASAR AWAM SEBERANG JAYA,Runcit,26,Sayur-Sayuran,02,012,TOMATO (TANAH TINGGI),F.A.Q,Kilogram,10,8,
30895790,2026-08-28,2026-08-28 05:42:38.37924,PULAU PINANG,SEBERANG PERAI TENGAH,PASAR AWAM SEBERANG JAYA,Runcit,26,Sayur-Sayuran,03,001,BAYAM,F.A.Q,Kilogram,6,5,
30895791,2026-08-28,2026-08-28 05:42:38.37924,PULAU PINANG,SEBERANG PERAI TENGAH,PASAR AWAM SEBERANG JAYA,Runcit,26,Sayur-Sayuran,02,002,CILI MERAH KULAI / KULAI HIBRID,F.A.Q,Kilogram,20,18.88889,
30895792,2026-08-28,2026-08-28 05:42:38.37924,PULAU PINANG,SEBERANG PERAI TENGAH,PASAR AWAM SEBERANG JAYA,Runcit,26,Sayur-Sayuran,02,002,CILI MERAH MINYAK,F.A.Q,Kilogram,15,15,
30895793,2026-08-28,2026-08-28 05:42:38.37924,PULAU PINANG,SEBERANG PERAI TENGAH,PASAR AWAM SEBERANG JAYA,Runcit,26,Sayur-Sayuran,04,002,KACANG BENDI,F.A.Q,Kilogram,12,10,
30895794,2026-08-28,2026-08-28 05:42:38.37924,PULAU PINANG,SEBERANG PERAI TENGAH,PASAR AWAM SEBERANG JAYA,Runcit,26,Sayur-Sayuran,04,007,KACANG PANJANG HIJAU,F.A.Q,Kilogram,8,9.272727,
30895795,2026-08-28,2026-08-28 05:42:38.37924,PULAU PINANG,SEBERANG PERAI TENGAH,PASAR AWAM SEBERANG JAYA,Runcit,26,Sayur-Sayuran,03,006,KUBIS BULAT (TANAH TINGGI),F.A.Q,Kilogram,6,6.318182,
30895796,2026-08-28,2026-08-28 05:42:38.37924,PULAU PINANG,SEBERANG PERAI TENGAH,PASAR AWAM SEBERANG JAYA,Runcit,26,Sayur-Sayuran,03,007,SAWI HIJAU,F.A.Q,Kilogram,5,5,
30895797,2026-08-28,2026-08-28 05:42:38.37924,PULAU PINANG,SEBERANG PERAI TENGAH,PASAR AWAM SEBERANG JAYA,Runcit,26,Sayur-Sayuran,03,007,SAWI HIJAU TANAH TINGGI,F.A.Q,Kilogram,6,6.909091,
30895798,2026-08-28,2026-08-28 05:42:38.37924,PULAU PINANG,SEBERANG PERAI TENGAH,PASAR AWAM SEBERANG JAYA,Runcit,26,Sayur-Sayuran,02,010,TERUNG PANJANG / PEPARU (TANAH RENDAH),F.A.Q,Kilogram,12,11.818182,
30895799,2026-08-28,2026-08-28 05:42:38.37924,PULAU PINANG,SEBERANG PERAI TENGAH,PASAR AWAM SEBERANG JAYA,Runcit,26,Sayur-Sayuran,02,011,TIMUN HIJAU,F.A.Q,Kilogram,5,4.75,
30895800,2026-08-28,2026-08-28 05:42:38.37924,PULAU PINANG,SEBERANG PERAI TENGAH,PASAR AWAM SEBERANG JAYA,Runcit,26,Sayur-Sayuran,02,012,TOMATO (TANAH TINGGI),F.A.Q,Kilogram,10,8,
30895801,2026-08-28,2026-08-28 05:43:08.219794,PULAU PINANG,SEBERANG PERAI TENGAH,PASAR AWAM SEBERANG JAYA,Runcit,26,Ternakan,03,002,AYAM PROSES STANDARD,F.A.Q,Kilogram,11.2,11.2,
30895802,2026-08-28,2026-08-28 05:43:08.219794,PULAU PINANG,SEBERANG PERAI TENGAH,PASAR AWAM SEBERANG JAYA,Runcit,26,Ternakan,02,003,DAGING LEMBU PEJAL,F.A.Q,Kilogram,39,38,
30895803,2026-08-28,2026-08-28 05:43:08.219794,PULAU PINANG,SEBERANG PERAI TENGAH,PASAR AWAM SEBERANG JAYA,Runcit,26,Ternakan,02,003,DAGING LEMBU PEJAL,F.A.Q,Kilogram,37,38,
30895804,2026-08-28,2026-08-28 05:43:08.219794,PULAU PINANG,SEBERANG PERAI TENGAH,PASAR AWAM SEBERANG JAYA,Runcit,26,Ternakan,11,001,TELUR AYAM,B,Biji,0.54,0.5088889,
30895805,2026-08-28,2026-08-28 05:43:20.974643,PULAU PINANG,SEBERANG PERAI TENGAH,PASAR AWAM SEBERANG JAYA,Runcit,26,Ternakan,03,002,AYAM PROSES STANDARD,F.A.Q,Kilogram,11.2,11.2,
30895806,2026-08-28,2026-08-28 06:58:01.538132,PULAU PINANG,SEBERANG PERAI SELATAN,LADANG/KEBUN KAMPUNG VALDOR,Ladang,,Ternakan,11,001,TELUR AYAM,C,Biji,0.45,0.37,
30895807,2026-08-28,2026-08-28 06:58:13.340066,PULAU PINANG,SEBERANG PERAI SELATAN,LADANG/KEBUN KAMPUNG VALDOR,Ladang,,Ternakan,11,001,TELUR AYAM,B,Biji,0.46,0.4511111,
30895808,2026-08-28,2026-08-28 07:37:23.554235,SARAWAK,KUCHING,MEDAN NIAGA SATOK,Runcit,26,Sayur-Sayuran,05,001,BAWANG BESAR MERAH (INDIA),F.A.Q,Kilogram,4.5,4.6666665,
30895809,2026-08-28,2026-08-28 07:37:23.554235,SARAWAK,KUCHING,MEDAN NIAGA SATOK,Runcit,26,Sayur-Sayuran,05,001,BAWANG PUTIH (CHINA),F.A.Q,Kilogram,8,8,
30895810,2026-08-28,2026-08-28 07:37:23.554235,SARAWAK,KUCHING,MEDAN NIAGA SATOK,Runcit,26,Sayur-Sayuran,03,001,BAYAM,F.A.Q,Kilogram,8,8.1,
30895811,2026-08-28,2026-08-28 07:37:23.554235,SARAWAK,KUCHING,MEDAN NIAGA SATOK,Runcit,26,Sayur-Sayuran,02,002,CILI MERAH KULAI / KULAI HIBRID,F.A.Q,Kilogram,18,18.5,
30895812,2026-08-28,2026-08-28 07:37:23.554235,SARAWAK,KUCHING,MEDAN NIAGA SATOK,Runcit,26,Sayur-Sayuran,02,002,CILI MERAH MINYAK,F.A.Q,Kilogram,18,18.5,
30895813,2026-08-28,2026-08-28 07:37:23.554235,SARAWAK,KUCHING,MEDAN NIAGA SATOK,Runcit,26,Sayur-Sayuran,02,011,TIMUN HIJAU,F.A.Q,Kilogram,5,5.8,
30895814,2026-08-28,2026-08-28 07:37:23.554235,SARAWAK,KUCHING,MEDAN NIAGA SATOK,Runcit,26,Sayur-Sayuran,02,012,TOMATO (TANAH TINGGI),F.A.Q,Kilogram,13,12.4,
30895815,2026-08-28,2026-08-28 07:44:23.441581,SARAWAK,SIBU,LADANG/KEBUN SUNGAI BIDUT,Ladang,,Buah-Buahan,02,028,PISANG BERANGAN,F.A.Q,Kilogram,3,3,
30895816,2026-08-28,2026-08-28 07:44:23.441581,SARAWAK,SIBU,LADANG/KEBUN SUNGAI BIDUT,Ladang,,Buah-Buahan,02,034,TEMBIKAI MERAH TANPA BIJI,F.A.Q,Kilogram,2.9,2.9,
30895817,2026-08-28,2026-08-28 07:45:24.078234,SARAWAK,SIBU,LADANG/KEBUN EMPAWAH,Ladang,,Sayur-Sayuran,03,001,BAYAM,F.A.Q,Kilogram,2.1,2.1,
30895818,2026-08-28,2026-08-28 07:45:24.078234,SARAWAK,SIBU,LADANG/KEBUN EMPAWAH,Ladang,,Sayur-Sayuran,02,002,CILI MERAH MINYAK,F.A.Q,Kilogram,4.5,4.5,
30895819,2026-08-28,2026-08-28 07:45:24.078234,SARAWAK,SIBU,LADANG/KEBUN EMPAWAH,Ladang,,Sayur-Sayuran,04,002,KACANG BENDI,F.A.Q,Kilogram,3.9,3.9,
30895820,2026-08-28,2026-08-28 07:45:24.078234,SARAWAK,SIBU,LADANG/KEBUN EMPAWAH,Ladang,,Sayur-Sayuran,04,007,KACANG PANJANG HIJAU,F.A.Q,Kilogram,3,3,
30895821,2026-08-28,2026-08-28 07:45:24.078234,SARAWAK,SIBU,LADANG/KEBUN EMPAWAH,Ladang,,Sayur-Sayuran,03,007,SAWI HIJAU,F.A.Q,Kilogram,4.9,4.9,
30895822,2026-08-28,2026-08-28 07:45:24.078234,SARAWAK,SIBU,LADANG/KEBUN EMPAWAH,Ladang,,Sayur-Sayuran,02,010,TERUNG PANJANG / PEPARU (TANAH RENDAH),F.A.Q,Kilogram,4.5,4.5,
30895823,2026-08-28,2026-08-28 07:45:39.196096,SARAWAK,SIBU,LADANG/KEBUN SUNGAI BIDUT,Ladang,,Tanaman Kontan,05,001,KELAPA DIKUPAS,SEDANG,Biji,1,1,
30895824,2026-08-28,2026-08-28 07:45:46.653302,SARAWAK,KUCHING,MEDAN NIAGA SATOK,Runcit,26,Sayur-Sayuran,04,002,KACANG BENDI,F.A.Q,Kilogram,10,12,
30895825,2026-08-28,2026-08-28 07:45:46.653302,SARAWAK,KUCHING,MEDAN NIAGA SATOK,Runcit,26,Sayur-Sayuran,04,007,KACANG PANJANG HIJAU,F.A.Q,Kilogram,8,9.2,
30895826,2026-08-28,2026-08-28 07:45:46.653302,SARAWAK,KUCHING,MEDAN NIAGA SATOK,Runcit,26,Sayur-Sayuran,03,007,SAWI HIJAU,F.A.Q,Kilogram,10,11.4,
30895827,2026-08-28,2026-08-28 07:45:46.653302,SARAWAK,KUCHING,MEDAN NIAGA SATOK,Runcit,26,Sayur-Sayuran,02,010,TERUNG PANJANG / PEPARU (TANAH RENDAH),F.A.Q,Kilogram,8,8.222222,
30895828,2026-08-28,2026-08-28 07:46:16.420116,SARAWAK,SIBU,LADANG/KEBUN EMPAWAH,Ladang,,Ternakan,11,001,TELUR AYAM,B,Biji,0.48,0.48,
30895829,2026-08-28,2026-08-28 07:46:48.2996,SARAWAK,SIBU,PASAR CENTRAL SIBU,Borong,20,Buah-Buahan,02,028,PISANG BERANGAN,F.A.Q,Kilogram,5,5,
30895830,2026-08-28,2026-08-28 07:46:48.2996,SARAWAK,SIBU,PASAR CENTRAL SIBU,Borong,20,Buah-Buahan,02,034,TEMBIKAI MERAH TANPA BIJI,F.A.Q,Kilogram,3.9,3.9,
30895831,2026-08-28,2026-08-28 07:47:03.565261,SARAWAK,SIBU,PASAR CENTRAL SIBU,Borong,20,Tanaman Kontan,05,001,KELAPA DIKUPAS,SEDANG,Biji,2,2,
30895832,2026-08-28,2026-08-28 07:47:05.230771,SARAWAK,KUCHING,MEDAN NIAGA SATOK,Runcit,26,Buah-Buahan,02,028,PISANG BERANGAN,F.A.Q,Kilogram,8,6.6,
30895833,2026-08-28,2026-08-28 07:47:05.230771,SARAWAK,KUCHING,MEDAN NIAGA SATOK,Runcit,26,Buah-Buahan,02,034,TEMBIKAI MERAH TANPA BIJI,F.A.Q,Kilogram,3.9,3.9,
30895834,2026-08-28,2026-08-28 07:48:52.934781,SARAWAK,SIBU,PASAR CENTRAL SIBU,Borong,20,Sayur-Sayuran,05,001,BAWANG BESAR MERAH (INDIA),F.A.Q,Kilogram,4,4,
30895835,2026-08-28,2026-08-28 07:48:52.934781,SARAWAK,SIBU,PASAR CENTRAL SIBU,Borong,20,Sayur-Sayuran,05,001,BAWANG PUTIH (CHINA),F.A.Q,Kilogram,7,7,
30895836,2026-08-28,2026-08-28 07:48:52.934781,SARAWAK,SIBU,PASAR CENTRAL SIBU,Borong,20,Sayur-Sayuran,03,001,BAYAM,F.A.Q,Kilogram,2.9,2.9,
30895837,2026-08-28,2026-08-28 07:48:52.934781,SARAWAK,SIBU,PASAR CENTRAL SIBU,Borong,20,Sayur-Sayuran,02,002,CILI MERAH MINYAK,F.A.Q,Kilogram,6.5,6.5,
30895838,2026-08-28,2026-08-28 07:48:52.934781,SARAWAK,SIBU,PASAR CENTRAL SIBU,Borong,20,Sayur-Sayuran,04,002,KACANG BENDI,F.A.Q,Kilogram,4.5,4.5,
30895839,2026-08-28,2026-08-28 07:48:52.934781,SARAWAK,SIBU,PASAR CENTRAL SIBU,Borong,20,Sayur-Sayuran,04,007,KACANG PANJANG HIJAU,F.A.Q,Kilogram,4,4,
30895840,2026-08-28,2026-08-28 07:48:52.934781,SARAWAK,SIBU,PASAR CENTRAL SIBU,Borong,20,Sayur-Sayuran,03,007,SAWI HIJAU,F.A.Q,Kilogram,6.9,6.9,
30895841,2026-08-28,2026-08-28 07:48:52.934781,SARAWAK,SIBU,PASAR CENTRAL SIBU,Borong,20,Sayur-Sayuran,02,010,TERUNG PANJANG / PEPARU (TANAH RENDAH),F.A.Q,Kilogram,6.5,6.5,
30895842,2026-08-28,2026-08-28 07:48:52.934781,SARAWAK,SIBU,PASAR CENTRAL SIBU,Borong,20,Sayur-Sayuran,02,011,TIMUN HIJAU,F.A.Q,Kilogram,3.5,3.5,
30895843,2026-08-28,2026-08-28 07:48:52.934781,SARAWAK,SIBU,PASAR CENTRAL SIBU,Borong,20,Sayur-Sayuran,02,012,TOMATO (TANAH TINGGI),F.A.Q,Kilogram,7,7,
30895844,2026-08-28,2026-08-28 07:49:30.344739,SARAWAK,SIBU,PASAR CENTRAL SIBU,Borong,20,Ternakan,03,002,AYAM PROSES STANDARD,F.A.Q,Kilogram,9.5,9.5,
30895845,2026-08-28,2026-08-28 07:49:30.344739,SARAWAK,SIBU,PASAR CENTRAL SIBU,Borong,20,Ternakan,02,003,DAGING LEMBU PEJAL,F.A.Q,Kilogram,45,45,
30895846,2026-08-28,2026-08-28 07:49:30.344739,SARAWAK,SIBU,PASAR CENTRAL SIBU,Borong,20,Ternakan,11,001,TELUR AYAM,B,Biji,0.5,0.5,
30895847,2026-08-28,2026-08-28 07:50:01.521984,SARAWAK,SIBU,PASAR CENTRAL SIBU,Runcit,,Buah-Buahan,02,028,PISANG BERANGAN,F.A.Q,Kilogram,6,6,
30895848,2026-08-28,2026-08-28 07:50:01.521984,SARAWAK,SIBU,PASAR CENTRAL SIBU,Runcit,,Buah-Buahan,02,034,TEMBIKAI MERAH TANPA BIJI,F.A.Q,Kilogram,4.9,4.9,
30895849,2026-08-28,2026-08-28 07:50:15.570728,SARAWAK,SIBU,PASAR CENTRAL SIBU,Runcit,,Lain-Lain Makanan Proses,15,001,SANTAN PEKAT,F.A.Q,Kilogram,12.5,12.5,
30895850,2026-08-28,2026-08-28 07:50:26.608265,SARAWAK,SIBU,PASAR CENTRAL SIBU,Runcit,,Tanaman Kontan,05,001,KELAPA DIKUPAS,SEDANG,Biji,3,3,
30895851,2026-08-28,2026-08-28 07:52:00.371495,SARAWAK,SIBU,PASAR CENTRAL SIBU,Runcit,,Sayur-Sayuran,05,001,BAWANG BESAR MERAH (INDIA),F.A.Q,Kilogram,5,5,
30895852,2026-08-28,2026-08-28 07:52:00.371495,SARAWAK,SIBU,PASAR CENTRAL SIBU,Runcit,,Sayur-Sayuran,05,001,BAWANG PUTIH (CHINA),F.A.Q,Kilogram,8,8,
30895853,2026-08-28,2026-08-28 07:52:00.371495,SARAWAK,SIBU,PASAR CENTRAL SIBU,Runcit,,Sayur-Sayuran,03,001,BAYAM,F.A.Q,Kilogram,6.9,6.9,
30895854,2026-08-28,2026-08-28 07:52:00.371495,SARAWAK,SIBU,PASAR CENTRAL SIBU,Runcit,,Sayur-Sayuran,02,002,CILI MERAH MINYAK,F.A.Q,Kilogram,19,19,
30895855,2026-08-28,2026-08-28 07:52:00.371495,SARAWAK,SIBU,PASAR CENTRAL SIBU,Runcit,,Sayur-Sayuran,04,002,KACANG BENDI,F.A.Q,Kilogram,7.5,7.5,
30895856,2026-08-28,2026-08-28 07:52:00.371495,SARAWAK,SIBU,PASAR CENTRAL SIBU,Runcit,,Sayur-Sayuran,04,007,KACANG PANJANG HIJAU,F.A.Q,Kilogram,7,7,
30895857,2026-08-28,2026-08-28 07:52:00.371495,SARAWAK,SIBU,PASAR CENTRAL SIBU,Runcit,,Sayur-Sayuran,03,007,SAWI HIJAU,F.A.Q,Kilogram,9.9,9.9,
30895858,2026-08-28,2026-08-28 07:52:00.371495,SARAWAK,SIBU,PASAR CENTRAL SIBU,Runcit,,Sayur-Sayuran,02,010,TERUNG PANJANG / PEPARU (TANAH RENDAH),F.A.Q,Kilogram,8.5,8.5,
30895859,2026-08-28,2026-08-28 07:52:00.371495,SARAWAK,SIBU,PASAR CENTRAL SIBU,Runcit,,Sayur-Sayuran,02,011,TIMUN HIJAU,F.A.Q,Kilogram,4.5,4.5,
30895860,2026-08-28,2026-08-28 07:52:00.371495,SARAWAK,SIBU,PASAR CENTRAL SIBU,Runcit,,Sayur-Sayuran,02,012,TOMATO (TANAH TINGGI),F.A.Q,Kilogram,8,8,
30895861,2026-08-28,2026-08-28 07:52:36.342669,SARAWAK,SIBU,PASAR CENTRAL SIBU,Runcit,26,Ternakan,03,002,AYAM PROSES SUPER,F.A.Q,Kilogram,10.8,10.8,
30895862,2026-08-28,2026-08-28 07:52:36.342669,SARAWAK,SIBU,PASAR CENTRAL SIBU,Runcit,26,Ternakan,02,003,DAGING LEMBU PEJAL,F.A.Q,Kilogram,48,48,
30895863,2026-08-28,2026-08-28 07:52:36.342669,SARAWAK,SIBU,PASAR CENTRAL SIBU,Runcit,26,Ternakan,11,001,TELUR AYAM,B,Biji,0.52,0.52,
30895864,2026-08-28,2026-08-28 07:54:34.719768,SARAWAK,KUCHING,MEDAN NIAGA SATOK,Runcit,26,Tanaman Kontan,05,001,KELAPA DIKUPAS,SEDANG,Biji,2,2,
30895865,2026-08-28,2026-08-28 07:54:34.719768,SARAWAK,KUCHING,MEDAN NIAGA SATOK,Runcit,26,Lain-Lain Makanan Proses,15,001,SANTAN PEKAT,F.A.Q,Kilogram,12,12,
30895866,2026-08-28,2026-08-28 07:56:19.199049,PULAU PINANG,SEBERANG PERAI TENGAH,PASAR AWAM SEBERANG JAYA,Runcit,26,Sayur-Sayuran,03,001,BAYAM,F.A.Q,Kilogram,5,5,
30895867,2026-08-28,2026-08-28 07:56:19.199049,PULAU PINANG,SEBERANG PERAI TENGAH,PASAR AWAM SEBERANG JAYA,Runcit,26,Sayur-Sayuran,02,002,CILI MERAH KULAI / KULAI HIBRID,F.A.Q,Kilogram,18,18.88889,
30895868,2026-08-28,2026-08-28 07:56:19.199049,PULAU PINANG,SEBERANG PERAI TENGAH,PASAR AWAM SEBERANG JAYA,Runcit,26,Sayur-Sayuran,02,002,CILI MERAH MINYAK,F.A.Q,Kilogram,15,15,
30895869,2026-08-28,2026-08-28 07:56:19.199049,PULAU PINANG,SEBERANG PERAI TENGAH,PASAR AWAM SEBERANG JAYA,Runcit,26,Sayur-Sayuran,04,002,KACANG BENDI,F.A.Q,Kilogram,10,10,
30895870,2026-08-28,2026-08-28 07:56:19.199049,PULAU PINANG,SEBERANG PERAI TENGAH,PASAR AWAM SEBERANG JAYA,Runcit,26,Sayur-Sayuran,04,007,KACANG PANJANG HIJAU,F.A.Q,Kilogram,8,9.272727,
30895871,2026-08-28,2026-08-28 07:56:19.199049,PULAU PINANG,SEBERANG PERAI TENGAH,PASAR AWAM SEBERANG JAYA,Runcit,26,Sayur-Sayuran,03,006,KUBIS BULAT (TANAH TINGGI),F.A.Q,Kilogram,5,6.318182,
30895872,2026-08-28,2026-08-28 07:56:19.199049,PULAU PINANG,SEBERANG PERAI TENGAH,PASAR AWAM SEBERANG JAYA,Runcit,26,Sayur-Sayuran,03,007,SAWI HIJAU TANAH TINGGI,F.A.Q,Kilogram,5,6.909091,
30895873,2026-08-28,2026-08-28 07:56:19.199049,PULAU PINANG,SEBERANG PERAI TENGAH,PASAR AWAM SEBERANG JAYA,Runcit,26,Sayur-Sayuran,02,010,TERUNG PANJANG / PEPARU (TANAH RENDAH),F.A.Q,Kilogram,12,11.818182,
30895874,2026-08-28,2026-08-28 07:56:19.199049,PULAU PINANG,SEBERANG PERAI TENGAH,PASAR AWAM SEBERANG JAYA,Runcit,26,Sayur-Sayuran,02,011,TIMUN HIJAU,F.A.Q,Kilogram,4.5,4.75,
30895875,2026-08-28,2026-08-28 07:56:19.199049,PULAU PINANG,SEBERANG PERAI TENGAH,PASAR AWAM SEBERANG JAYA,Runcit,26,Sayur-Sayuran,02,012,TOMATO (TANAH TINGGI),F.A.Q,Kilogram,10,8,
30895876,2026-08-28,2026-08-28 07:56:19.199049,PULAU PINANG,SEBERANG PERAI TENGAH,PASAR AWAM SEBERANG JAYA,Runcit,26,Sayur-Sayuran,02,012,TOMATO (TANAH TINGGI),F.A.Q,Kilogram,8,8,
30895877,2026-08-28,2026-08-28 07:56:36.873731,PULAU PINANG,SEBERANG PERAI UTARA,[PROJEK] TKPM ARA KUDA,Ladang,,Buah-Buahan,02,028,PISANG BERANGAN,F.A.Q,Kilogram,3.8,2.48,
30895878,2026-08-28,2026-08-28 07:56:36.873731,PULAU PINANG,SEBERANG PERAI UTARA,[PROJEK] TKPM ARA KUDA,Ladang,,Buah-Buahan,02,028,PISANG BERANGAN,F.A.Q,Kilogram,2.7,2.48,
30895879,2026-08-28,2026-08-28 07:56:40.612021,SARAWAK,KUCHING,MEDAN NIAGA SATOK,Runcit,26,Ternakan,03,002,AYAM PROSES STANDARD,F.A.Q,Kilogram,12,12,
30895880,2026-08-28,2026-08-28 07:56:40.612021,SARAWAK,KUCHING,MEDAN NIAGA SATOK,Runcit,26,Ternakan,02,003,DAGING LEMBU PEJAL,F.A.Q,Kilogram,70,70,
30895881,2026-08-28,2026-08-28 07:56:40.612021,SARAWAK,KUCHING,MEDAN NIAGA SATOK,Runcit,26,Ternakan,11,001,TELUR AYAM,B,Biji,0.55,0.544,
30895882,2026-08-28,2026-08-28 07:58:11.832373,PULAU PINANG,SEBERANG PERAI UTARA,[PROJEK] TKPM ARA KUDA,Ladang,,Sayur-Sayuran,03,001,BAYAM,F.A.Q,Kilogram,2,1.6,
30895883,2026-08-28,2026-08-28 07:58:11.832373,PULAU PINANG,SEBERANG PERAI UTARA,[PROJEK] TKPM ARA KUDA,Ladang,,Sayur-Sayuran,02,002,CILI MERAH KULAI / KULAI HIBRID,F.A.Q,Kilogram,9.5,9.51,
30895884,2026-08-28,2026-08-28 07:58:11.832373,PULAU PINANG,SEBERANG PERAI UTARA,[PROJEK] TKPM ARA KUDA,Ladang,,Sayur-Sayuran,02,002,CILI MERAH KULAI / KULAI HIBRID,F.A.Q,Kilogram,5.5,9.51,
30895885,2026-08-28,2026-08-28 07:58:11.832373,PULAU PINANG,SEBERANG PERAI UTARA,[PROJEK] TKPM ARA KUDA,Ladang,,Sayur-Sayuran,04,002,KACANG BENDI,F.A.Q,Kilogram,4.2,4.233333,
30895886,2026-08-28,2026-08-28 07:58:11.832373,PULAU PINANG,SEBERANG PERAI UTARA,[PROJEK] TKPM ARA KUDA,Ladang,,Sayur-Sayuran,04,007,KACANG PANJANG HIJAU,F.A.Q,Kilogram,1.7,3.9833333,
30895887,2026-08-28,2026-08-28 07:58:11.832373,PULAU PINANG,SEBERANG PERAI UTARA,[PROJEK] TKPM ARA KUDA,Ladang,,Sayur-Sayuran,03,007,SAWI HIJAU,F.A.Q,Kilogram,1.8,2.78,
30895888,2026-08-28,2026-08-28 07:58:11.832373,PULAU PINANG,SEBERANG PERAI UTARA,[PROJEK] TKPM ARA KUDA,Ladang,,Sayur-Sayuran,02,010,TERUNG PANJANG / PEPARU (TANAH RENDAH),F.A.Q,Kilogram,4.6,4.9333334,
30895889,2026-08-28,2026-08-28 07:58:11.832373,PULAU PINANG,SEBERANG PERAI UTARA,[PROJEK] TKPM ARA KUDA,Ladang,,Sayur-Sayuran,02,011,TIMUN HIJAU,F.A.Q,Kilogram,1.2,1.86,
30895965,2026-08-28,2026-08-28 08:20:48.014789,SELANGOR,PETALING,"KOMPLEKS PASAR BORONG SELANGOR, SERI KEMBANGAN",Runcit,26,Buah-Buahan,02,023,NANAS JOSAPINE (AC5),F.A.Q,Kilogram,4.5,4.52,
30895966,2026-08-28,2026-08-28 08:20:48.014789,SELANGOR,PETALING,"KOMPLEKS PASAR BORONG SELANGOR, SERI KEMBANGAN",Runcit,26,Buah-Buahan,02,028,PISANG BERANGAN,F.A.Q,Kilogram,5.5,5.88,
30895967,2026-08-28,2026-08-28 08:20:48.014789,SELANGOR,PETALING,"KOMPLEKS PASAR BORONG SELANGOR, SERI KEMBANGAN",Runcit,26,Buah-Buahan,02,034,TEMBIKAI MERAH TANPA BIJI,F.A.Q,Kilogram,3.5,3.49,
30895968,2026-08-28,2026-08-28 08:22:12.352468,SELANGOR,PETALING,"KOMPLEKS PASAR BORONG SELANGOR, SERI KEMBANGAN",Borong,20,Buah-Buahan,02,023,NANAS JOSAPINE (AC5),F.A.Q,Kilogram,3.5,3.5,
30895969,2026-08-28,2026-08-28 08:22:12.352468,SELANGOR,PETALING,"KOMPLEKS PASAR BORONG SELANGOR, SERI KEMBANGAN",Borong,20,Buah-Buahan,02,028,PISANG BERANGAN,F.A.Q,Kilogram,4,3.93,
30895970,2026-08-28,2026-08-28 08:22:12.352468,SELANGOR,PETALING,"KOMPLEKS PASAR BORONG SELANGOR, SERI KEMBANGAN",Borong,20,Buah-Buahan,02,034,TEMBIKAI MERAH TANPA BIJI,F.A.Q,Kilogram,2.5,3.55,
30895977,2026-08-28,2026-08-28 08:23:18.981682,SARAWAK,MIRI,PASAR TAMU MUHIBBAH MIRI,Borong,20,Buah-Buahan,02,023,NANAS JOSAPINE (AC5),F.A.Q,Kilogram,4,4,
30895978,2026-08-28,2026-08-28 08:23:18.981682,SARAWAK,MIRI,PASAR TAMU MUHIBBAH MIRI,Borong,20,Buah-Buahan,02,028,PISANG BERANGAN,F.A.Q,Kilogram,6,6,
30895979,2026-08-28,2026-08-28 08:23:18.981682,SARAWAK,MIRI,PASAR TAMU MUHIBBAH MIRI,Borong,20,Buah-Buahan,02,028,PISANG MAS,F.A.Q,Kilogram,6,6,
30895986,2026-08-28,2026-08-28 08:31:59.448102,SARAWAK,MIRI,PASAR TAMU MUHIBBAH MIRI,Runcit,26,Ternakan,03,002,AYAM PROSES STANDARD,F.A.Q,Kilogram,10.9,10.45,
30895987,2026-08-28,2026-08-28 08:31:59.448102,SARAWAK,MIRI,PASAR TAMU MUHIBBAH MIRI,Runcit,26,Ternakan,02,003,DAGING LEMBU PEJAL,F.A.Q,Kilogram,42.5,42.5,
30895988,2026-08-28,2026-08-28 08:31:59.448102,SARAWAK,MIRI,PASAR TAMU MUHIBBAH MIRI,Runcit,26,Ternakan,11,001,TELUR AYAM,B,Biji,0.48,0.48,
30895989,2026-08-28,2026-08-28 08:32:33.829923,SARAWAK,KUCHING,MEDAN NIAGA SATOK,Borong,20,Sayur-Sayuran,05,001,BAWANG BESAR MERAH (INDIA),F.A.Q,Kilogram,3.5,3.65,
30895990,2026-08-28,2026-08-28 08:32:33.829923,SARAWAK,KUCHING,MEDAN NIAGA SATOK,Borong,20,Sayur-Sayuran,05,001,BAWANG PUTIH (CHINA),F.A.Q,Kilogram,7,7,
30895991,2026-08-28,2026-08-28 08:32:33.829923,SARAWAK,KUCHING,MEDAN NIAGA SATOK,Borong,20,Sayur-Sayuran,03,001,BAYAM,F.A.Q,Kilogram,4,4.1,
30895992,2026-08-28,2026-08-28 08:32:33.829923,SARAWAK,KUCHING,MEDAN NIAGA SATOK,Borong,20,Sayur-Sayuran,02,002,CILI MERAH KULAI / KULAI HIBRID,F.A.Q,Kilogram,14,14.5,
30895993,2026-08-28,2026-08-28 08:32:33.829923,SARAWAK,KUCHING,MEDAN NIAGA SATOK,Borong,20,Sayur-Sayuran,02,002,CILI MERAH MINYAK,F.A.Q,Kilogram,14,14.5,
30895994,2026-08-28,2026-08-28 08:32:33.829923,SARAWAK,KUCHING,MEDAN NIAGA SATOK,Borong,20,Sayur-Sayuran,04,002,KACANG BENDI,F.A.Q,Kilogram,4,6,
30895995,2026-08-28,2026-08-28 08:32:33.829923,SARAWAK,KUCHING,MEDAN NIAGA SATOK,Borong,20,Sayur-Sayuran,04,007,KACANG PANJANG HIJAU,F.A.Q,Kilogram,4,5.2,
30895996,2026-08-28,2026-08-28 08:32:33.829923,SARAWAK,KUCHING,MEDAN NIAGA SATOK,Borong,20,Sayur-Sayuran,03,007,SAWI HIJAU,F.A.Q,Kilogram,7,8.3,
30895997,2026-08-28,2026-08-28 08:32:33.829923,SARAWAK,KUCHING,MEDAN NIAGA SATOK,Borong,20,Sayur-Sayuran,02,010,TERUNG PANJANG / PEPARU (TANAH RENDAH),F.A.Q,Kilogram,4,4.2,
30895998,2026-08-28,2026-08-28 08:32:33.829923,SARAWAK,KUCHING,MEDAN NIAGA SATOK,Borong,20,Sayur-Sayuran,02,011,TIMUN HIJAU,F.A.Q,Kilogram,3.5,4.3,
30895999,2026-08-28,2026-08-28 08:32:33.829923,SARAWAK,KUCHING,MEDAN NIAGA SATOK,Borong,20,Sayur-Sayuran,02,012,TOMATO (TANAH TINGGI),F.A.Q,Kilogram,11,10.4,
30896000,2026-08-28,2026-08-28 08:33:06.934144,SELANGOR,PETALING,"KOMPLEKS PASAR BORONG SELANGOR, SERI KEMBANGAN",Runcit,26,Buah-Buahan,02,023,NANAS JOSAPINE (AC5),F.A.Q,Kilogram,4.5,4,
30896001,2026-08-28,2026-08-28 08:33:06.934144,SELANGOR,PETALING,"KOMPLEKS PASAR BORONG SELANGOR, SERI KEMBANGAN",Runcit,26,Buah-Buahan,02,028,PISANG BERANGAN,F.A.Q,Kilogram,5.5,5.62,
30896002,2026-08-28,2026-08-28 08:33:06.934144,SELANGOR,PETALING,"KOMPLEKS PASAR BORONG SELANGOR, SERI KEMBANGAN",Runcit,26,Buah-Buahan,02,034,TEMBIKAI MERAH TANPA BIJI,F.A.Q,Kilogram,3.5,4.75,
30896003,2026-08-28,2026-08-28 08:34:23.066184,SARAWAK,KUCHING,MEDAN NIAGA SATOK,Borong,20,Buah-Buahan,02,028,PISANG BERANGAN,F.A.Q,Kilogram,5.5,4.1,
30896004,2026-08-28,2026-08-28 08:34:23.066184,SARAWAK,KUCHING,MEDAN NIAGA SATOK,Borong,20,Buah-Buahan,02,034,TEMBIKAI MERAH TANPA BIJI,F.A.Q,Kilogram,2.3,2.3,
30896005,2026-08-28,2026-08-28 08:34:25.843445,SARAWAK,MIRI,PASAR TAMU MUHIBBAH MIRI,Runcit,26,Sayur-Sayuran,05,001,BAWANG BESAR MERAH (INDIA),F.A.Q,Kilogram,4,4,
30896006,2026-08-28,2026-08-28 08:34:25.843445,SARAWAK,MIRI,PASAR TAMU MUHIBBAH MIRI,Runcit,26,Sayur-Sayuran,05,001,BAWANG PUTIH (CHINA),F.A.Q,Kilogram,7,7,
30896007,2026-08-28,2026-08-28 08:34:25.843445,SARAWAK,MIRI,PASAR TAMU MUHIBBAH MIRI,Runcit,26,Sayur-Sayuran,03,001,BAYAM,F.A.Q,Kilogram,6,6.4,
30896008,2026-08-28,2026-08-28 08:34:25.843445,SARAWAK,MIRI,PASAR TAMU MUHIBBAH MIRI,Runcit,26,Sayur-Sayuran,02,002,CILI MERAH KULAI / KULAI HIBRID,F.A.Q,Kilogram,18,18,
30896009,2026-08-28,2026-08-28 08:34:25.843445,SARAWAK,MIRI,PASAR TAMU MUHIBBAH MIRI,Runcit,26,Sayur-Sayuran,02,002,CILI MERAH MINYAK,F.A.Q,Kilogram,16,16,
30896010,2026-08-28,2026-08-28 08:34:25.843445,SARAWAK,MIRI,PASAR TAMU MUHIBBAH MIRI,Runcit,26,Sayur-Sayuran,04,002,KACANG BENDI,F.A.Q,Kilogram,7,7.7,
30896011,2026-08-28,2026-08-28 08:34:25.843445,SARAWAK,MIRI,PASAR TAMU MUHIBBAH MIRI,Runcit,26,Sayur-Sayuran,04,007,KACANG PANJANG HIJAU,F.A.Q,Kilogram,7,7.6666665,
30896012,2026-08-28,2026-08-28 08:34:25.843445,SARAWAK,MIRI,PASAR TAMU MUHIBBAH MIRI,Runcit,26,Sayur-Sayuran,03,006,KUBIS BULAT (TANAH TINGGI),F.A.Q,Kilogram,6,6,
30896013,2026-08-28,2026-08-28 08:34:25.843445,SARAWAK,MIRI,PASAR TAMU MUHIBBAH MIRI,Runcit,26,Sayur-Sayuran,03,007,SAWI HIJAU,F.A.Q,Kilogram,10,10.444445,
30896014,2026-08-28,2026-08-28 08:34:25.843445,SARAWAK,MIRI,PASAR TAMU MUHIBBAH MIRI,Runcit,26,Sayur-Sayuran,02,010,TERUNG PANJANG / PEPARU (TANAH RENDAH),F.A.Q,Kilogram,7,7.6666665,
30896015,2026-08-28,2026-08-28 08:34:25.843445,SARAWAK,MIRI,PASAR TAMU MUHIBBAH MIRI,Runcit,26,Sayur-Sayuran,02,011,TIMUN HIJAU,F.A.Q,Kilogram,6,6,
30896016,2026-08-28,2026-08-28 08:34:25.843445,SARAWAK,MIRI,PASAR TAMU MUHIBBAH MIRI,Runcit,26,Sayur-Sayuran,02,012,TOMATO (TANAH TINGGI),F.A.Q,Kilogram,9,9,
30896017,2026-08-28,2026-08-28 08:34:35.463351,SELANGOR,PETALING,"KOMPLEKS PASAR BORONG SELANGOR, SERI KEMBANGAN",Borong,20,Buah-Buahan,02,023,NANAS JOSAPINE (AC5),F.A.Q,Kilogram,3.5,3.19,
30896018,2026-08-28,2026-08-28 08:34:35.463351,SELANGOR,PETALING,"KOMPLEKS PASAR BORONG SELANGOR, SERI KEMBANGAN",Borong,20,Buah-Buahan,02,028,PISANG BERANGAN,F.A.Q,Kilogram,4.5,3.99,
30896019,2026-08-28,2026-08-28 08:34:35.463351,SELANGOR,PETALING,"KOMPLEKS PASAR BORONG SELANGOR, SERI KEMBANGAN",Borong,20,Buah-Buahan,02,034,TEMBIKAI MERAH TANPA BIJI,F.A.Q,Kilogram,2.5,2.23,
30896020,2026-08-28,2026-08-28 08:34:56.054747,SELANGOR,PETALING,"KOMPLEKS PASAR BORONG SELANGOR, SERI KEMBANGAN",Runcit,26,Ternakan,03,002,AYAM PROSES STANDARD,F.A.Q,Kilogram,10.5,10.09,
30896021,2026-08-28,2026-08-28 08:34:59.613264,SARAWAK,KUCHING,MEDAN NIAGA SATOK,Borong,20,Tanaman Kontan,05,001,KELAPA DIKUPAS,SEDANG,Biji,1.6,1.6,
30896022,2026-08-28,2026-08-28 08:34:59.683556,SARAWAK,MIRI,PASAR TAMU MUHIBBAH MIRI,Runcit,26,Tanaman Kontan,05,001,KELAPA DIKUPAS,SEDANG,Biji,3,3,
30896023,2026-08-28,2026-08-28 08:35:28.563872,SELANGOR,PETALING,"KOMPLEKS PASAR BORONG SELANGOR, SERI KEMBANGAN",Borong,20,Ternakan,03,002,AYAM PROSES STANDARD,F.A.Q,Kilogram,9.1,8.42,
30896024,2026-08-28,2026-08-28 08:35:56.994574,SELANGOR,PETALING,"KOMPLEKS PASAR BORONG SELANGOR, SERI KEMBANGAN",Runcit,26,Ternakan,11,001,TELUR AYAM,B,Biji,0.49,0.45,
30896025,2026-08-28,2026-08-28 08:36:12.715542,SARAWAK,MIRI,PASAR TAMU MUHIBBAH MIRI,Borong,20,Ternakan,03,002,AYAM PROSES STANDARD,F.A.Q,Kilogram,9.9,9.45,
30896026,2026-08-28,2026-08-28 08:36:12.715542,SARAWAK,MIRI,PASAR TAMU MUHIBBAH MIRI,Borong,20,Ternakan,02,003,DAGING LEMBU PEJAL,F.A.Q,Kilogram,40,40,
30896027,2026-08-28,2026-08-28 08:36:12.715542,SARAWAK,MIRI,PASAR TAMU MUHIBBAH MIRI,Borong,20,Ternakan,11,001,TELUR AYAM,B,Biji,0.46,0.46,
30896028,2026-08-28,2026-08-28 08:36:24.865949,SARAWAK,KUCHING,MEDAN NIAGA SATOK,Borong,20,Ternakan,03,002,AYAM PROSES STANDARD,F.A.Q,Kilogram,11.5,11.5,
30896029,2026-08-28,2026-08-28 08:36:24.865949,SARAWAK,KUCHING,MEDAN NIAGA SATOK,Borong,20,Ternakan,02,003,DAGING LEMBU PEJAL,F.A.Q,Kilogram,65,65,
30896030,2026-08-28,2026-08-28 08:36:24.865949,SARAWAK,KUCHING,MEDAN NIAGA SATOK,Borong,20,Ternakan,11,001,TELUR AYAM,B,Biji,0.53,0.527,
30896031,2026-08-28,2026-08-28 08:37:01.971188,SELANGOR,PETALING,"KOMPLEKS PASAR BORONG SELANGOR, SERI KEMBANGAN",Borong,20,Ternakan,11,001,TELUR AYAM,B,Biji,0.46,0.43,
30896032,2026-08-28,2026-08-28 08:37:50.37507,SELANGOR,PETALING,"KOMPLEKS PASAR BORONG SELANGOR, SERI KEMBANGAN",Runcit,26,Tanaman Kontan,05,001,KELAPA DIKUPAS,SEDANG,Biji,3,3.43,
30896033,2026-08-28,2026-08-28 08:37:50.37507,SELANGOR,PETALING,"KOMPLEKS PASAR BORONG SELANGOR, SERI KEMBANGAN",Runcit,26,Lain-Lain Makanan Proses,15,001,SANTAN PEKAT,F.A.Q,Kilogram,12,15.22,
30896034,2026-08-28,2026-08-28 08:38:04.459379,SELANGOR,PETALING,"KOMPLEKS PASAR BORONG SELANGOR, SERI KEMBANGAN",Borong,20,Tanaman Kontan,05,001,KELAPA DIKUPAS,SEDANG,Biji,2.5,2.34,
30896035,2026-08-28,2026-08-28 08:38:52.711387,SELANGOR,PETALING,"KOMPLEKS PASAR BORONG SELANGOR, SERI KEMBANGAN",Runcit,26,Tanaman Kontan,05,001,KELAPA DIKUPAS,SEDANG,Biji,3,3.43,
30896036,2026-08-28,2026-08-28 08:38:52.711387,SELANGOR,PETALING,"KOMPLEKS PASAR BORONG SELANGOR, SERI KEMBANGAN",Runcit,26,Lain-Lain Makanan Proses,15,001,SANTAN PEKAT,F.A.Q,Kilogram,12,15.22,
30896037,2026-08-28,2026-08-28 08:39:08.164591,SARAWAK,MIRI,PASAR TAMU MUHIBBAH MIRI,Borong,20,Sayur-Sayuran,05,001,BAWANG BESAR MERAH (INDIA),F.A.Q,Kilogram,3,3,
30896038,2026-08-28,2026-08-28 08:39:08.164591,SARAWAK,MIRI,PASAR TAMU MUHIBBAH MIRI,Borong,20,Sayur-Sayuran,05,001,BAWANG PUTIH (CHINA),F.A.Q,Kilogram,6,6,
30896039,2026-08-28,2026-08-28 08:39:08.164591,SARAWAK,MIRI,PASAR TAMU MUHIBBAH MIRI,Borong,20,Sayur-Sayuran,03,001,BAYAM,F.A.Q,Kilogram,5,5.4,
30896040,2026-08-28,2026-08-28 08:39:08.164591,SARAWAK,MIRI,PASAR TAMU MUHIBBAH MIRI,Borong,20,Sayur-Sayuran,02,002,CILI MERAH KULAI / KULAI HIBRID,F.A.Q,Kilogram,16,16,
30896041,2026-08-28,2026-08-28 08:39:08.164591,SARAWAK,MIRI,PASAR TAMU MUHIBBAH MIRI,Borong,20,Sayur-Sayuran,02,002,CILI MERAH MINYAK,F.A.Q,Kilogram,14,14,
30896042,2026-08-28,2026-08-28 08:39:08.164591,SARAWAK,MIRI,PASAR TAMU MUHIBBAH MIRI,Borong,20,Sayur-Sayuran,04,002,KACANG BENDI,F.A.Q,Kilogram,6,6.7,
30896043,2026-08-28,2026-08-28 08:39:08.164591,SARAWAK,MIRI,PASAR TAMU MUHIBBAH MIRI,Borong,20,Sayur-Sayuran,04,007,KACANG PANJANG HIJAU,F.A.Q,Kilogram,6,6.8,
30896044,2026-08-28,2026-08-28 08:39:08.164591,SARAWAK,MIRI,PASAR TAMU MUHIBBAH MIRI,Borong,20,Sayur-Sayuran,03,006,KUBIS BULAT (TANAH TINGGI),F.A.Q,Kilogram,5,5,
30896045,2026-08-28,2026-08-28 08:39:08.164591,SARAWAK,MIRI,PASAR TAMU MUHIBBAH MIRI,Borong,20,Sayur-Sayuran,03,007,SAWI HIJAU,F.A.Q,Kilogram,9,9.2,
30896046,2026-08-28,2026-08-28 08:39:08.164591,SARAWAK,MIRI,PASAR TAMU MUHIBBAH MIRI,Borong,20,Sayur-Sayuran,02,010,TERUNG PANJANG / PEPARU (TANAH RENDAH),F.A.Q,Kilogram,6,6.7,
30896047,2026-08-28,2026-08-28 08:39:08.164591,SARAWAK,MIRI,PASAR TAMU MUHIBBAH MIRI,Borong,20,Sayur-Sayuran,02,011,TIMUN HIJAU,F.A.Q,Kilogram,5,5,
30896048,2026-08-28,2026-08-28 08:39:08.164591,SARAWAK,MIRI,PASAR TAMU MUHIBBAH MIRI,Borong,20,Sayur-Sayuran,02,012,TOMATO (TANAH TINGGI),F.A.Q,Kilogram,8,8,
30896049,2026-08-28,2026-08-28 08:39:14.034849,SELANGOR,PETALING,"KOMPLEKS PASAR BORONG SELANGOR, SERI KEMBANGAN",Borong,20,Tanaman Kontan,05,001,KELAPA DIKUPAS,SEDANG,Biji,2.5,2.34,
30896050,2026-08-28,2026-08-28 08:39:34.524134,SARAWAK,MIRI,PASAR TAMU MUHIBBAH MIRI,Borong,20,Tanaman Kontan,05,001,KELAPA DIKUPAS,SEDANG,Biji,2.5,2.5,
30896051,2026-08-28,2026-08-28 08:39:43.659078,SELANGOR,PETALING,"KOMPLEKS PASAR BORONG SELANGOR, SERI KEMBANGAN",Runcit,26,Ternakan,02,003,DAGING LEMBU PEJAL,F.A.Q,Kilogram,39,35.01,
30896052,2026-08-28,2026-08-28 08:40:09.108026,SARAWAK,MIRI,[LOKASI KUTIPAN HARGA LADANG] BEKENU,Ladang,,Ternakan,11,001,TELUR AYAM,B,Biji,0.44,0.44,
30896053,2026-08-28,2026-08-28 08:40:13.527167,SELANGOR,PETALING,"KOMPLEKS PASAR BORONG SELANGOR, SERI KEMBANGAN",Runcit,26,Ternakan,03,002,AYAM PROSES STANDARD,F.A.Q,Kilogram,10.5,10.09,
30896054,2026-08-28,2026-08-28 08:40:34.291031,SELANGOR,PETALING,"KOMPLEKS PASAR BORONG SELANGOR, SERI KEMBANGAN",Borong,20,Ternakan,03,002,AYAM PROSES STANDARD,F.A.Q,Kilogram,9.1,8.42,
30896055,2026-08-28,2026-08-28 08:40:59.78676,SARAWAK,MIRI,[LOKASI KUTIPAN HARGA LADANG] BEKENU,Ladang,,Sayur-Sayuran,03,001,BAYAM,F.A.Q,Kilogram,4,4.3,
30896056,2026-08-28,2026-08-28 08:40:59.78676,SARAWAK,MIRI,[LOKASI KUTIPAN HARGA LADANG] BEKENU,Ladang,,Sayur-Sayuran,02,002,CILI MERAH KULAI / KULAI HIBRID,F.A.Q,Kilogram,14,14,
30896057,2026-08-28,2026-08-28 08:40:59.78676,SARAWAK,MIRI,[LOKASI KUTIPAN HARGA LADANG] BEKENU,Ladang,,Sayur-Sayuran,02,002,CILI MERAH MINYAK,F.A.Q,Kilogram,12,12,
30896058,2026-08-28,2026-08-28 08:40:59.78676,SARAWAK,MIRI,[LOKASI KUTIPAN HARGA LADANG] BEKENU,Ladang,,Sayur-Sayuran,04,002,KACANG BENDI,F.A.Q,Kilogram,5,5.7,
30896059,2026-08-28,2026-08-28 08:40:59.78676,SARAWAK,MIRI,[LOKASI KUTIPAN HARGA LADANG] BEKENU,Ladang,,Sayur-Sayuran,04,007,KACANG PANJANG HIJAU,F.A.Q,Kilogram,5,5.7,
30896060,2026-08-28,2026-08-28 08:40:59.78676,SARAWAK,MIRI,[LOKASI KUTIPAN HARGA LADANG] BEKENU,Ladang,,Sayur-Sayuran,03,007,SAWI HIJAU,F.A.Q,Kilogram,7,7.8,
30896061,2026-08-28,2026-08-28 08:40:59.78676,SARAWAK,MIRI,[LOKASI KUTIPAN HARGA LADANG] BEKENU,Ladang,,Sayur-Sayuran,02,010,TERUNG PANJANG / PEPARU (TANAH RENDAH),F.A.Q,Kilogram,5,5.7,
30896062,2026-08-28,2026-08-28 08:40:59.78676,SARAWAK,MIRI,[LOKASI KUTIPAN HARGA LADANG] BEKENU,Ladang,,Sayur-Sayuran,02,011,TIMUN HIJAU,F.A.Q,Kilogram,4,4,
30896063,2026-08-28,2026-08-28 08:41:17.018814,SELANGOR,PETALING,"KOMPLEKS PASAR BORONG SELANGOR, SERI KEMBANGAN",Runcit,26,Sayur-Sayuran,05,001,BAWANG BESAR MERAH (INDIA),F.A.Q,Kilogram,4,4.23,
30896064,2026-08-28,2026-08-28 08:41:17.018814,SELANGOR,PETALING,"KOMPLEKS PASAR BORONG SELANGOR, SERI KEMBANGAN",Runcit,26,Sayur-Sayuran,05,001,BAWANG MERAH / KECIL (THAI),F.A.Q,Kilogram,10,13.54,
30896065,2026-08-28,2026-08-28 08:41:27.617131,SARAWAK,MIRI,[LOKASI KUTIPAN HARGA LADANG] BEKENU,Ladang,,Buah-Buahan,02,023,NANAS JOSAPINE (AC5),F.A.Q,Kilogram,3,3,
30896066,2026-08-28,2026-08-28 08:41:27.617131,SARAWAK,MIRI,[LOKASI KUTIPAN HARGA LADANG] BEKENU,Ladang,,Buah-Buahan,02,028,PISANG BERANGAN,F.A.Q,Kilogram,5,5,
30896067,2026-08-28,2026-08-28 08:41:27.617131,SARAWAK,MIRI,[LOKASI KUTIPAN HARGA LADANG] BEKENU,Ladang,,Buah-Buahan,02,034,TEMBIKAI MERAH TANPA BIJI,F.A.Q,Kilogram,3,3,
30896068,2026-08-28,2026-08-28 08:41:37.626094,SARAWAK,MIRI,[LOKASI KUTIPAN HARGA LADANG] BEKENU,Ladang,,Tanaman Kontan,05,001,KELAPA DIKUPAS,SEDANG,Biji,2,2,
30896069,2026-08-28,2026-08-28 08:42:07.643186,SELANGOR,PETALING,"KOMPLEKS PASAR BORONG SELANGOR, SERI KEMBANGAN",Borong,20,Sayur-Sayuran,05,001,BAWANG BESAR MERAH (INDIA),F.A.Q,Kilogram,1.9,2.37,
30896070,2026-08-28,2026-08-28 08:42:07.643186,SELANGOR,PETALING,"KOMPLEKS PASAR BORONG SELANGOR, SERI KEMBANGAN",Borong,20,Sayur-Sayuran,05,001,BAWANG MERAH / KECIL (THAI),F.A.Q,Kilogram,5.9,9.62,
30896071,2026-08-28,2026-08-28 08:42:45.12156,SARAWAK,MIRI,PASAR TAMU MUHIBBAH MIRI,Runcit,26,Buah-Buahan,02,023,NANAS JOSAPINE (AC5),F.A.Q,Kilogram,5,5,
30896072,2026-08-28,2026-08-28 08:42:45.12156,SARAWAK,MIRI,PASAR TAMU MUHIBBAH MIRI,Runcit,26,Buah-Buahan,02,028,PISANG BERANGAN,F.A.Q,Kilogram,7,7,
30896073,2026-08-28,2026-08-28 08:42:45.12156,SARAWAK,MIRI,PASAR TAMU MUHIBBAH MIRI,Runcit,26,Buah-Buahan,02,034,TEMBIKAI MERAH TANPA BIJI,F.A.Q,Kilogram,5,5,
30896074,2026-08-28,2026-08-28 08:43:14.121512,SARAWAK,MIRI,PASAR TAMU MUHIBBAH MIRI,Borong,20,Buah-Buahan,02,023,NANAS JOSAPINE (AC5),F.A.Q,Kilogram,4,4,
30896075,2026-08-28,2026-08-28 08:43:14.121512,SARAWAK,MIRI,PASAR TAMU MUHIBBAH MIRI,Borong,20,Buah-Buahan,02,028,PISANG BERANGAN,F.A.Q,Kilogram,6,6,
30896076,2026-08-28,2026-08-28 08:43:14.121512,SARAWAK,MIRI,PASAR TAMU MUHIBBAH MIRI,Borong,20,Buah-Buahan,02,034,TEMBIKAI MERAH TANPA BIJI,F.A.Q,Kilogram,4,4,
30896077,2026-08-28,2026-08-28 08:49:39.504365,SELANGOR,PETALING,"KOMPLEKS PASAR BORONG SELANGOR, SERI KEMBANGAN",Runcit,26,Sayur-Sayuran,03,001,BAYAM,F.A.Q,Kilogram,3.6,6.02,
30896078,2026-08-28,2026-08-28 08:49:39.504365,SELANGOR,PETALING,"KOMPLEKS PASAR BORONG SELANGOR, SERI KEMBANGAN",Runcit,26,Sayur-Sayuran,02,002,CILI MERAH KULAI / KULAI HIBRID,F.A.Q,Kilogram,15,16.01,
30896079,2026-08-28,2026-08-28 08:49:39.504365,SELANGOR,PETALING,"KOMPLEKS PASAR BORONG SELANGOR, SERI KEMBANGAN",Runcit,26,Sayur-Sayuran,02,002,CILI MERAH MINYAK,F.A.Q,Kilogram,12,13.59,
30896080,2026-08-28,2026-08-28 08:49:39.504365,SELANGOR,PETALING,"KOMPLEKS PASAR BORONG SELANGOR, SERI KEMBANGAN",Runcit,26,Sayur-Sayuran,04,002,KACANG BENDI,F.A.Q,Kilogram,7,9.12,
30896081,2026-08-28,2026-08-28 08:49:39.504365,SELANGOR,PETALING,"KOMPLEKS PASAR BORONG SELANGOR, SERI KEMBANGAN",Runcit,26,Sayur-Sayuran,04,007,KACANG PANJANG HIJAU,F.A.Q,Kilogram,5.5,8.57,
30896082,2026-08-28,2026-08-28 08:49:39.504365,SELANGOR,PETALING,"KOMPLEKS PASAR BORONG SELANGOR, SERI KEMBANGAN",Runcit,26,Sayur-Sayuran,03,006,KUBIS BULAT (TANAH TINGGI),F.A.Q,Kilogram,3,4.94,
30896083,2026-08-28,2026-08-28 08:49:39.504365,SELANGOR,PETALING,"KOMPLEKS PASAR BORONG SELANGOR, SERI KEMBANGAN",Runcit,26,Sayur-Sayuran,03,007,SAWI HIJAU,F.A.Q,Kilogram,4.5,5.99,
30896084,2026-08-28,2026-08-28 08:49:39.504365,SELANGOR,PETALING,"KOMPLEKS PASAR BORONG SELANGOR, SERI KEMBANGAN",Runcit,26,Sayur-Sayuran,02,010,TERUNG PANJANG / PEPARU (TANAH RENDAH),F.A.Q,Kilogram,8.5,8.08,
30896085,2026-08-28,2026-08-28 08:49:39.504365,SELANGOR,PETALING,"KOMPLEKS PASAR BORONG SELANGOR, SERI KEMBANGAN",Runcit,26,Sayur-Sayuran,02,011,TIMUN HIJAU,F.A.Q,Kilogram,3.4,4.27,
30896086,2026-08-28,2026-08-28 08:49:39.504365,SELANGOR,PETALING,"KOMPLEKS PASAR BORONG SELANGOR, SERI KEMBANGAN",Runcit,26,Sayur-Sayuran,02,012,TOMATO (TANAH TINGGI),F.A.Q,Kilogram,9,5.71,
30896087,2026-08-28,2026-08-28 08:52:24.468352,SELANGOR,PETALING,"KOMPLEKS PASAR BORONG SELANGOR, SERI KEMBANGAN",Borong,20,Sayur-Sayuran,03,001,BAYAM,F.A.Q,Kilogram,2.6,4.08,
30896088,2026-08-28,2026-08-28 08:52:24.468352,SELANGOR,PETALING,"KOMPLEKS PASAR BORONG SELANGOR, SERI KEMBANGAN",Borong,20,Sayur-Sayuran,02,002,CILI MERAH KULAI / KULAI HIBRID,F.A.Q,Kilogram,14,12.47,
30896089,2026-08-28,2026-08-28 08:52:24.468352,SELANGOR,PETALING,"KOMPLEKS PASAR BORONG SELANGOR, SERI KEMBANGAN",Borong,20,Sayur-Sayuran,02,002,CILI MERAH MINYAK,F.A.Q,Kilogram,11,10.47,
30896090,2026-08-28,2026-08-28 08:52:24.468352,SELANGOR,PETALING,"KOMPLEKS PASAR BORONG SELANGOR, SERI KEMBANGAN",Borong,20,Sayur-Sayuran,04,002,KACANG BENDI,F.A.Q,Kilogram,6,6.56,
30896091,2026-08-28,2026-08-28 08:52:24.468352,SELANGOR,PETALING,"KOMPLEKS PASAR BORONG SELANGOR, SERI KEMBANGAN",Borong,20,Sayur-Sayuran,04,007,KACANG PANJANG HIJAU,F.A.Q,Kilogram,4.5,6.13,
30896092,2026-08-28,2026-08-28 08:52:24.468352,SELANGOR,PETALING,"KOMPLEKS PASAR BORONG SELANGOR, SERI KEMBANGAN",Borong,20,Sayur-Sayuran,03,006,KUBIS BULAT (TANAH TINGGI),F.A.Q,Kilogram,2,3.08,
30896093,2026-08-28,2026-08-28 08:52:24.468352,SELANGOR,PETALING,"KOMPLEKS PASAR BORONG SELANGOR, SERI KEMBANGAN",Borong,20,Sayur-Sayuran,03,007,SAWI HIJAU,F.A.Q,Kilogram,3.5,4.21,
30896094,2026-08-28,2026-08-28 08:52:24.468352,SELANGOR,PETALING,"KOMPLEKS PASAR BORONG SELANGOR, SERI KEMBANGAN",Borong,20,Sayur-Sayuran,02,010,TERUNG PANJANG / PEPARU (TANAH RENDAH),F.A.Q,Kilogram,7.5,7.33,
30896095,2026-08-28,2026-08-28 08:52:24.468352,SELANGOR,PETALING,"KOMPLEKS PASAR BORONG SELANGOR, SERI KEMBANGAN",Borong,20,Sayur-Sayuran,02,011,TIMUN HIJAU,F.A.Q,Kilogram,2.4,2.74,
30896096,2026-08-28,2026-08-28 08:52:24.468352,SELANGOR,PETALING,"KOMPLEKS PASAR BORONG SELANGOR, SERI KEMBANGAN",Borong,20,Sayur-Sayuran,02,012,TOMATO (TANAH TINGGI),F.A.Q,Kilogram,8,3.76,
30896097,2026-08-28,2026-08-28 08:53:32.953026,TERENGGANU,KUALA TERENGGANU,PASAR BESAR KEDAI PAYANG,Runcit,,Sayur-Sayuran,05,001,BAWANG BESAR MERAH (INDIA),F.A.Q,Kilogram,5,4.44,
30896098,2026-08-28,2026-08-28 08:53:33.020629,TERENGGANU,KUALA TERENGGANU,PASAR BESAR KEDAI PAYANG,Runcit,,Sayur-Sayuran,05,001,BAWANG PUTIH (CHINA),F.A.Q,Kilogram,10,8.52,
30896099,2026-08-28,2026-08-28 08:56:25.077511,SELANGOR,PETALING,"KOMPLEKS PASAR BORONG SELANGOR, SERI KEMBANGAN",Runcit,26,Sayur-Sayuran,03,001,BAYAM,F.A.Q,Kilogram,3.5,6.02,
30896100,2026-08-28,2026-08-28 08:56:25.077511,SELANGOR,PETALING,"KOMPLEKS PASAR BORONG SELANGOR, SERI KEMBANGAN",Runcit,26,Sayur-Sayuran,02,002,CILI MERAH KULAI / KULAI HIBRID,F.A.Q,Kilogram,15,16.01,
30896101,2026-08-28,2026-08-28 08:56:25.077511,SELANGOR,PETALING,"KOMPLEKS PASAR BORONG SELANGOR, SERI KEMBANGAN",Runcit,26,Sayur-Sayuran,02,002,CILI MERAH MINYAK,F.A.Q,Kilogram,12,13.59,
30896102,2026-08-28,2026-08-28 08:56:25.077511,SELANGOR,PETALING,"KOMPLEKS PASAR BORONG SELANGOR, SERI KEMBANGAN",Runcit,26,Sayur-Sayuran,04,002,KACANG BENDI,F.A.Q,Kilogram,7,9.12,
30896103,2026-08-28,2026-08-28 08:56:25.077511,SELANGOR,PETALING,"KOMPLEKS PASAR BORONG SELANGOR, SERI KEMBANGAN",Runcit,26,Sayur-Sayuran,04,007,KACANG PANJANG HIJAU,F.A.Q,Kilogram,6,8.57,
30896104,2026-08-28,2026-08-28 08:56:25.077511,SELANGOR,PETALING,"KOMPLEKS PASAR BORONG SELANGOR, SERI KEMBANGAN",Runcit,26,Sayur-Sayuran,03,006,KUBIS BULAT (TANAH TINGGI),F.A.Q,Kilogram,3,4.94,
30896105,2026-08-28,2026-08-28 08:56:25.077511,SELANGOR,PETALING,"KOMPLEKS PASAR BORONG SELANGOR, SERI KEMBANGAN",Runcit,26,Sayur-Sayuran,03,007,SAWI HIJAU,F.A.Q,Kilogram,4.5,5.99,
30896106,2026-08-28,2026-08-28 08:56:25.077511,SELANGOR,PETALING,"KOMPLEKS PASAR BORONG SELANGOR, SERI KEMBANGAN",Runcit,26,Sayur-Sayuran,02,010,TERUNG PANJANG / PEPARU (TANAH RENDAH),F.A.Q,Kilogram,9,8.08,
30896107,2026-08-28,2026-08-28 08:56:25.077511,SELANGOR,PETALING,"KOMPLEKS PASAR BORONG SELANGOR, SERI KEMBANGAN",Runcit,26,Sayur-Sayuran,02,011,TIMUN HIJAU,F.A.Q,Kilogram,3,4.27,
30896108,2026-08-28,2026-08-28 08:56:25.077511,SELANGOR,PETALING,"KOMPLEKS PASAR BORONG SELANGOR, SERI KEMBANGAN",Runcit,26,Sayur-Sayuran,02,012,TOMATO (TANAH TINGGI),F.A.Q,Kilogram,9,5.71,
30896109,2026-08-28,2026-08-28 08:56:31.167783,SABAH,PENAMPANG,PASAR BORONG PENAMPANG,Borong,20,Sayur-Sayuran,05,001,BAWANG BESAR MERAH (INDIA),F.A.Q,Kilogram,4,5.07,
30896110,2026-08-28,2026-08-28 08:56:31.167783,SABAH,PENAMPANG,PASAR BORONG PENAMPANG,Borong,20,Sayur-Sayuran,05,001,BAWANG PUTIH (CHINA),F.A.Q,Kilogram,7.5,8.29,
30896111,2026-08-28,2026-08-28 08:56:31.167783,SABAH,PENAMPANG,PASAR BORONG PENAMPANG,Borong,20,Sayur-Sayuran,03,001,BAYAM,F.A.Q,Kilogram,3.2,4.08,
30896112,2026-08-28,2026-08-28 08:56:31.167783,SABAH,PENAMPANG,PASAR BORONG PENAMPANG,Borong,20,Sayur-Sayuran,02,002,CILI MERAH KULAI / KULAI HIBRID,F.A.Q,Kilogram,14,15.29,
30896113,2026-08-28,2026-08-28 08:56:31.167783,SABAH,PENAMPANG,PASAR BORONG PENAMPANG,Borong,20,Sayur-Sayuran,02,002,CILI MERAH MINYAK,F.A.Q,Kilogram,13,13.6,
30896114,2026-08-28,2026-08-28 08:56:31.167783,SABAH,PENAMPANG,PASAR BORONG PENAMPANG,Borong,20,Sayur-Sayuran,04,002,KACANG BENDI,F.A.Q,Kilogram,4.5,6.56,
30896115,2026-08-28,2026-08-28 08:56:31.167783,SABAH,PENAMPANG,PASAR BORONG PENAMPANG,Borong,20,Sayur-Sayuran,04,007,KACANG PANJANG HIJAU,F.A.Q,Kilogram,4,3.69,
30896116,2026-08-28,2026-08-28 08:56:31.167783,SABAH,PENAMPANG,PASAR BORONG PENAMPANG,Borong,20,Sayur-Sayuran,03,006,KUBIS BULAT (TANAH TINGGI),F.A.Q,Kilogram,4,3.08,
30896117,2026-08-28,2026-08-28 08:56:31.167783,SABAH,PENAMPANG,PASAR BORONG PENAMPANG,Borong,20,Sayur-Sayuran,03,007,SAWI HIJAU,F.A.Q,Kilogram,3,4.21,
30896118,2026-08-28,2026-08-28 08:56:31.167783,SABAH,PENAMPANG,PASAR BORONG PENAMPANG,Borong,20,Sayur-Sayuran,02,010,TERUNG PANJANG / PEPARU (TANAH RENDAH),F.A.Q,Kilogram,4.5,7.33,
30896119,2026-08-28,2026-08-28 08:56:31.167783,SABAH,PENAMPANG,PASAR BORONG PENAMPANG,Borong,20,Sayur-Sayuran,02,011,TIMUN HIJAU,F.A.Q,Kilogram,2,2.74,
30896120,2026-08-28,2026-08-28 08:56:31.167783,SABAH,PENAMPANG,PASAR BORONG PENAMPANG,Borong,20,Sayur-Sayuran,02,012,TOMATO (TANAH TINGGI),F.A.Q,Kilogram,8,6.94,
30896121,2026-08-28,2026-08-28 08:57:09.863765,SABAH,PENAMPANG,PASAR BORONG PENAMPANG,Borong,20,Tanaman Kontan,05,001,KELAPA DIKUPAS,SEDANG,Biji,2.6,2.34,
30896122,2026-08-28,2026-08-28 09:00:28.470107,SELANGOR,PETALING,"KOMPLEKS PASAR BORONG SELANGOR, SERI KEMBANGAN",Borong,20,Sayur-Sayuran,03,001,BAYAM,F.A.Q,Kilogram,2.5,4.08,
30896123,2026-08-28,2026-08-28 09:00:28.470107,SELANGOR,PETALING,"KOMPLEKS PASAR BORONG SELANGOR, SERI KEMBANGAN",Borong,20,Sayur-Sayuran,02,002,CILI MERAH KULAI / KULAI HIBRID,F.A.Q,Kilogram,14,12.47,
30896124,2026-08-28,2026-08-28 09:00:28.470107,SELANGOR,PETALING,"KOMPLEKS PASAR BORONG SELANGOR, SERI KEMBANGAN",Borong,20,Sayur-Sayuran,02,002,CILI MERAH MINYAK,F.A.Q,Kilogram,11,10.47,
30896125,2026-08-28,2026-08-28 09:00:28.470107,SELANGOR,PETALING,"KOMPLEKS PASAR BORONG SELANGOR, SERI KEMBANGAN",Borong,20,Sayur-Sayuran,04,002,KACANG BENDI,F.A.Q,Kilogram,6,6.56,
30896126,2026-08-28,2026-08-28 09:00:28.470107,SELANGOR,PETALING,"KOMPLEKS PASAR BORONG SELANGOR, SERI KEMBANGAN",Borong,20,Sayur-Sayuran,04,007,KACANG PANJANG HIJAU,F.A.Q,Kilogram,5,6.13,
30896127,2026-08-28,2026-08-28 09:00:28.470107,SELANGOR,PETALING,"KOMPLEKS PASAR BORONG SELANGOR, SERI KEMBANGAN",Borong,20,Sayur-Sayuran,03,006,KUBIS BULAT (TANAH TINGGI),F.A.Q,Kilogram,2,3.08,
30896128,2026-08-28,2026-08-28 09:00:28.470107,SELANGOR,PETALING,"KOMPLEKS PASAR BORONG SELANGOR, SERI KEMBANGAN",Borong,20,Sayur-Sayuran,03,007,SAWI HIJAU,F.A.Q,Kilogram,3.5,4.21,
30896129,2026-08-28,2026-08-28 09:00:28.470107,SELANGOR,PETALING,"KOMPLEKS PASAR BORONG SELANGOR, SERI KEMBANGAN",Borong,20,Sayur-Sayuran,02,010,TERUNG PANJANG / PEPARU (TANAH RENDAH),F.A.Q,Kilogram,8,7.33,
30896130,2026-08-28,2026-08-28 09:00:28.470107,SELANGOR,PETALING,"KOMPLEKS PASAR BORONG SELANGOR, SERI KEMBANGAN",Borong,20,Sayur-Sayuran,02,011,TIMUN HIJAU,F.A.Q,Kilogram,2,2.74,
30896131,2026-08-28,2026-08-28 09:00:28.470107,SELANGOR,PETALING,"KOMPLEKS PASAR BORONG SELANGOR, SERI KEMBANGAN",Borong,20,Sayur-Sayuran,02,012,TOMATO (TANAH TINGGI),F.A.Q,Kilogram,8,3.76,
30896132,2026-08-28,2026-08-28 09:03:17.097233,SABAH,KOTA KINABALU,PASAR AWAM KOTA KINABALU - BAHAGIAN RUNCIT,Runcit,26,Sayur-Sayuran,05,001,BAWANG BESAR MERAH (INDIA),F.A.Q,Kilogram,5.5,6.82,
30896133,2026-08-28,2026-08-28 09:03:17.097233,SABAH,KOTA KINABALU,PASAR AWAM KOTA KINABALU - BAHAGIAN RUNCIT,Runcit,26,Sayur-Sayuran,05,001,BAWANG PUTIH (CHINA),F.A.Q,Kilogram,9.5,8.52,
30896134,2026-08-28,2026-08-28 09:03:17.097233,SABAH,KOTA KINABALU,PASAR AWAM KOTA KINABALU - BAHAGIAN RUNCIT,Runcit,26,Sayur-Sayuran,03,001,BAYAM,F.A.Q,Kilogram,4.8,6.02,
30896135,2026-08-28,2026-08-28 09:03:17.097233,SABAH,KOTA KINABALU,PASAR AWAM KOTA KINABALU - BAHAGIAN RUNCIT,Runcit,26,Sayur-Sayuran,02,002,CILI MERAH KULAI / KULAI HIBRID,F.A.Q,Kilogram,17.5,20.26,
30896136,2026-08-28,2026-08-28 09:03:17.097233,SABAH,KOTA KINABALU,PASAR AWAM KOTA KINABALU - BAHAGIAN RUNCIT,Runcit,26,Sayur-Sayuran,02,002,CILI MERAH MINYAK,F.A.Q,Kilogram,16.5,19.23,
30896137,2026-08-28,2026-08-28 09:03:17.097233,SABAH,KOTA KINABALU,PASAR AWAM KOTA KINABALU - BAHAGIAN RUNCIT,Runcit,26,Sayur-Sayuran,04,002,KACANG BENDI,F.A.Q,Kilogram,6,9.12,
30896138,2026-08-28,2026-08-28 09:03:17.097233,SABAH,KOTA KINABALU,PASAR AWAM KOTA KINABALU - BAHAGIAN RUNCIT,Runcit,26,Sayur-Sayuran,04,007,KACANG PANJANG HIJAU,F.A.Q,Kilogram,5.5,8.57,
30896139,2026-08-28,2026-08-28 09:03:17.097233,SABAH,KOTA KINABALU,PASAR AWAM KOTA KINABALU - BAHAGIAN RUNCIT,Runcit,26,Sayur-Sayuran,03,006,KUBIS BULAT (TANAH TINGGI),F.A.Q,Kilogram,5,5.33,
30896140,2026-08-28,2026-08-28 09:03:17.097233,SABAH,KOTA KINABALU,PASAR AWAM KOTA KINABALU - BAHAGIAN RUNCIT,Runcit,26,Sayur-Sayuran,03,007,SAWI HIJAU,F.A.Q,Kilogram,4.5,5.99,
30896141,2026-08-28,2026-08-28 09:03:17.097233,SABAH,KOTA KINABALU,PASAR AWAM KOTA KINABALU - BAHAGIAN RUNCIT,Runcit,26,Sayur-Sayuran,02,010,TERUNG PANJANG / PEPARU (TANAH RENDAH),F.A.Q,Kilogram,5.5,6.95,
30896142,2026-08-28,2026-08-28 09:03:17.097233,SABAH,KOTA KINABALU,PASAR AWAM KOTA KINABALU - BAHAGIAN RUNCIT,Runcit,26,Sayur-Sayuran,02,011,TIMUN HIJAU,F.A.Q,Kilogram,3.5,4.27,
30896143,2026-08-28,2026-08-28 09:03:17.097233,SABAH,KOTA KINABALU,PASAR AWAM KOTA KINABALU - BAHAGIAN RUNCIT,Runcit,26,Sayur-Sayuran,02,012,TOMATO (TANAH TINGGI),F.A.Q,Kilogram,12,8.63,
30896144,2026-08-28,2026-08-28 09:04:09.920191,TERENGGANU,KUALA TERENGGANU,PASAR BESAR KEDAI PAYANG,Runcit,,Lain-Lain Makanan Proses,15,001,SANTAN PEKAT,F.A.Q,Kilogram,16,11.7,
30896145,2026-08-28,2026-08-28 09:04:09.982477,TERENGGANU,KUALA TERENGGANU,PASAR BESAR KEDAI PAYANG,Runcit,,Tanaman Kontan,05,001,KELAPA DIKUPAS,SEDANG,Biji,3,2.33,
30896146,2026-08-28,2026-08-28 09:04:48.961019,TERENGGANU,KUALA TERENGGANU,PASAR BESAR KEDAI PAYANG,Runcit,,Buah-Buahan,02,023,NANAS JOSAPINE (AC5),F.A.Q,Kilogram,5,4,
30896147,2026-08-28,2026-08-28 09:04:49.030452,TERENGGANU,KUALA TERENGGANU,PASAR BESAR KEDAI PAYANG,Runcit,,Buah-Buahan,02,028,PISANG BERANGAN,F.A.Q,Kilogram,7,5.62,
30896148,2026-08-28,2026-08-28 09:04:49.083394,TERENGGANU,KUALA TERENGGANU,PASAR BESAR KEDAI PAYANG,Runcit,,Buah-Buahan,02,034,TEMBIKAI MERAH TANPA BIJI,F.A.Q,Kilogram,4,4.75,
30896149,2026-08-28,2026-08-28 09:05:26.703583,TERENGGANU,KUALA TERENGGANU,PASAR BESAR KEDAI PAYANG,Runcit,,Ternakan,11,001,TELUR AYAM,B,Biji,0.42,0.45,
30896150,2026-08-28,2026-08-28 09:06:14.773284,W.P. KUALA LUMPUR,KUALA LUMPUR,PASAR AWAM CHOW KIT,Runcit,26,Ternakan,03,002,AYAM PROSES STANDARD,F.A.Q,Kilogram,10,10.166667,
30896151,2026-08-28,2026-08-28 09:06:14.773284,W.P. KUALA LUMPUR,KUALA LUMPUR,PASAR AWAM CHOW KIT,Runcit,26,Ternakan,03,002,AYAM PROSES STANDARD,F.A.Q,Kilogram,10,10.166667,
30896152,2026-08-28,2026-08-28 09:06:14.773284,W.P. KUALA LUMPUR,KUALA LUMPUR,PASAR AWAM CHOW KIT,Runcit,26,Ternakan,03,002,AYAM PROSES STANDARD,F.A.Q,Kilogram,10.5,10.166667,
30896153,2026-08-28,2026-08-28 09:06:14.773284,W.P. KUALA LUMPUR,KUALA LUMPUR,PASAR AWAM CHOW KIT,Runcit,26,Ternakan,02,003,DAGING LEMBU PEJAL,F.A.Q,Kilogram,40,41,
30896154,2026-08-28,2026-08-28 09:06:14.773284,W.P. KUALA LUMPUR,KUALA LUMPUR,PASAR AWAM CHOW KIT,Runcit,26,Tanaman Kontan,05,001,KELAPA DIKUPAS,SEDANG,Biji,3.5,3.5,
30896155,2026-08-28,2026-08-28 09:06:14.773284,W.P. KUALA LUMPUR,KUALA LUMPUR,PASAR AWAM CHOW KIT,Runcit,26,Lain-Lain Makanan Proses,15,001,SANTAN PEKAT,F.A.Q,Kilogram,18,18,
30896156,2026-08-28,2026-08-28 09:06:14.773284,W.P. KUALA LUMPUR,KUALA LUMPUR,PASAR AWAM CHOW KIT,Runcit,26,Ternakan,11,001,TELUR AYAM,A,Biji,0.5,0.49666667,
30896157,2026-08-28,2026-08-28 09:06:14.773284,W.P. KUALA LUMPUR,KUALA LUMPUR,PASAR AWAM CHOW KIT,Runcit,26,Ternakan,11,001,TELUR AYAM,B,Biji,0.49,0.4857143,
30896158,2026-08-28,2026-08-28 09:06:14.773284,W.P. KUALA LUMPUR,KUALA LUMPUR,PASAR AWAM CHOW KIT,Runcit,26,Ternakan,11,001,TELUR AYAM,C,Biji,0.48,0.47285715,
30896159,2026-08-28,2026-08-28 09:08:07.67801,TERENGGANU,KUALA TERENGGANU,PASAR BESAR KEDAI PAYANG,Runcit,,Sayur-Sayuran,03,001,BAYAM,F.A.Q,Kilogram,8,5.81,
30896160,2026-08-28,2026-08-28 09:08:07.74553,TERENGGANU,KUALA TERENGGANU,PASAR BESAR KEDAI PAYANG,Runcit,,Sayur-Sayuran,02,002,CILI MERAH KULAI / KULAI HIBRID,F.A.Q,Kilogram,17,16.31,
30896161,2026-08-28,2026-08-28 09:08:07.81083,TERENGGANU,KUALA TERENGGANU,PASAR BESAR KEDAI PAYANG,Runcit,,Sayur-Sayuran,02,002,CILI MERAH MINYAK,F.A.Q,Kilogram,12,14.1,
30896162,2026-08-28,2026-08-28 09:08:07.868203,TERENGGANU,KUALA TERENGGANU,PASAR BESAR KEDAI PAYANG,Runcit,,Sayur-Sayuran,04,002,KACANG BENDI,F.A.Q,Kilogram,10,10.44,
30896163,2026-08-28,2026-08-28 09:08:07.938151,TERENGGANU,KUALA TERENGGANU,PASAR BESAR KEDAI PAYANG,Runcit,,Sayur-Sayuran,04,007,KACANG PANJANG HIJAU,F.A.Q,Kilogram,8,7.99,
30896164,2026-08-28,2026-08-28 09:08:08.007632,TERENGGANU,KUALA TERENGGANU,PASAR BESAR KEDAI PAYANG,Runcit,,Sayur-Sayuran,03,006,KUBIS BULAT (TANAH TINGGI),F.A.Q,Kilogram,4.5,4.58,
30896165,2026-08-28,2026-08-28 09:08:08.068328,TERENGGANU,KUALA TERENGGANU,PASAR BESAR KEDAI PAYANG,Runcit,,Sayur-Sayuran,03,007,SAWI HIJAU,F.A.Q,Kilogram,6,6.22,
30896166,2026-08-28,2026-08-28 09:08:08.126444,TERENGGANU,KUALA TERENGGANU,PASAR BESAR KEDAI PAYANG,Runcit,,Sayur-Sayuran,02,010,TERUNG PANJANG / PEPARU (TANAH RENDAH),F.A.Q,Kilogram,8,9.47,
30896167,2026-08-28,2026-08-28 09:08:08.185291,TERENGGANU,KUALA TERENGGANU,PASAR BESAR KEDAI PAYANG,Runcit,,Sayur-Sayuran,02,011,TIMUN HIJAU,F.A.Q,Kilogram,3,4.08,
30896168,2026-08-28,2026-08-28 09:08:08.253123,TERENGGANU,KUALA TERENGGANU,PASAR BESAR KEDAI PAYANG,Runcit,,Sayur-Sayuran,02,012,TOMATO (TANAH TINGGI),F.A.Q,Kilogram,9,8.71,
30896169,2026-08-28,2026-08-28 09:08:51.610084,TERENGGANU,KUALA TERENGGANU,PASAR BESAR KEDAI PAYANG,Runcit,,Ternakan,03,002,AYAM PROSES STANDARD,F.A.Q,Kilogram,10.5,9.99,
30896170,2026-08-28,2026-08-28 09:08:51.669796,TERENGGANU,KUALA TERENGGANU,PASAR BESAR KEDAI PAYANG,Runcit,,Ternakan,02,003,DAGING LEMBU PEJAL,F.A.Q,Kilogram,29,39.05,
30896171,2026-08-28,2026-08-28 09:08:51.732852,TERENGGANU,KUALA TERENGGANU,PASAR BESAR KEDAI PAYANG,Runcit,,Ternakan,11,001,TELUR AYAM,B,Biji,0.42,0.45,
30896172,2026-08-28,2026-08-28 09:10:32.502012,SABAH,RANAU,[LOKASI KUTIPAN HARGA LADANG] KUNDASANG,Ladang,,Sayur-Sayuran,02,002,CILI MERAH KULAI / KULAI HIBRID,F.A.Q,Kilogram,6,10.49,
30896173,2026-08-28,2026-08-28 09:10:32.502012,SABAH,RANAU,[LOKASI KUTIPAN HARGA LADANG] KUNDASANG,Ladang,,Sayur-Sayuran,02,002,CILI MERAH MINYAK,F.A.Q,Kilogram,6,9.03,
30896174,2026-08-28,2026-08-28 09:10:32.502012,SABAH,RANAU,[LOKASI KUTIPAN HARGA LADANG] KUNDASANG,Ladang,,Sayur-Sayuran,03,006,KUBIS BULAT (TANAH TINGGI),F.A.Q,Kilogram,2.2,1.81,
30896175,2026-08-28,2026-08-28 09:10:32.502012,SABAH,RANAU,[LOKASI KUTIPAN HARGA LADANG] KUNDASANG,Ladang,,Sayur-Sayuran,02,012,TOMATO (TANAH TINGGI),F.A.Q,Kilogram,4,4.62,
30896176,2026-08-28,2026-08-28 09:14:59.942974,SABAH,PENAMPANG,LADANG/KEBUN DONGGONGON,Ladang,,Sayur-Sayuran,03,001,BAYAM,F.A.Q,Kilogram,1.5,3.05,
30896177,2026-08-28,2026-08-28 09:14:59.942974,SABAH,PENAMPANG,LADANG/KEBUN DONGGONGON,Ladang,,Sayur-Sayuran,04,002,KACANG BENDI,F.A.Q,Kilogram,2.2,4.27,
30896178,2026-08-28,2026-08-28 09:14:59.942974,SABAH,PENAMPANG,LADANG/KEBUN DONGGONGON,Ladang,,Sayur-Sayuran,03,007,SAWI HIJAU,F.A.Q,Kilogram,1.7,2.78,
30896179,2026-08-28,2026-08-28 09:14:59.942974,SABAH,PENAMPANG,LADANG/KEBUN DONGGONGON,Ladang,,Sayur-Sayuran,02,010,TERUNG PANJANG / PEPARU (TANAH RENDAH),F.A.Q,Kilogram,2.3,3.99,
30896180,2026-08-28,2026-08-28 09:14:59.942974,SABAH,PENAMPANG,LADANG/KEBUN DONGGONGON,Ladang,,Sayur-Sayuran,02,011,TIMUN HIJAU,F.A.Q,Kilogram,1.2,1.86,
30896181,2026-08-28,2026-08-28 09:15:47.250227,W.P. KUALA LUMPUR,KUALA LUMPUR,PASAR AWAM CHOW KIT,Runcit,26,Sayur-Sayuran,05,001,BAWANG BESAR KUNING / HOLLAND,F.A.Q,Kilogram,5,4.4166665,
30896182,2026-08-28,2026-08-28 09:15:47.250227,W.P. KUALA LUMPUR,KUALA LUMPUR,PASAR AWAM CHOW KIT,Runcit,26,Sayur-Sayuran,05,001,BAWANG BESAR KUNING / HOLLAND,F.A.Q,Kilogram,4,4.4166665,
30896183,2026-08-28,2026-08-28 09:15:47.250227,W.P. KUALA LUMPUR,KUALA LUMPUR,PASAR AWAM CHOW KIT,Runcit,26,Sayur-Sayuran,05,001,BAWANG BESAR MERAH (INDIA),F.A.Q,Kilogram,5,4.125,
30896184,2026-08-28,2026-08-28 09:15:47.250227,W.P. KUALA LUMPUR,KUALA LUMPUR,PASAR AWAM CHOW KIT,Runcit,26,Sayur-Sayuran,05,001,BAWANG BESAR MERAH (INDIA),F.A.Q,Kilogram,4,4.125,
30896185,2026-08-28,2026-08-28 09:15:47.250227,W.P. KUALA LUMPUR,KUALA LUMPUR,PASAR AWAM CHOW KIT,Runcit,26,Sayur-Sayuran,05,001,BAWANG BESAR MERAH (PAKISTAN),F.A.Q,Kilogram,4,3.5,
30896186,2026-08-28,2026-08-28 09:15:47.250227,W.P. KUALA LUMPUR,KUALA LUMPUR,PASAR AWAM CHOW KIT,Runcit,26,Sayur-Sayuran,05,001,BAWANG MERAH / KECIL (INDIA),F.A.Q,Kilogram,5,5,
30896187,2026-08-28,2026-08-28 09:15:47.250227,W.P. KUALA LUMPUR,KUALA LUMPUR,PASAR AWAM CHOW KIT,Runcit,26,Sayur-Sayuran,05,001,BAWANG MERAH / KECIL (THAI),F.A.Q,Kilogram,12,10.916667,
30896188,2026-08-28,2026-08-28 09:15:47.250227,W.P. KUALA LUMPUR,KUALA LUMPUR,PASAR AWAM CHOW KIT,Runcit,26,Sayur-Sayuran,05,001,BAWANG MERAH / KECIL (THAI),F.A.Q,Kilogram,10,10.916667,
30896189,2026-08-28,2026-08-28 09:15:47.250227,W.P. KUALA LUMPUR,KUALA LUMPUR,PASAR AWAM CHOW KIT,Runcit,26,Sayur-Sayuran,05,001,BAWANG MERAH ROSE,F.A.Q,Kilogram,6,5,
30896190,2026-08-28,2026-08-28 09:15:47.250227,W.P. KUALA LUMPUR,KUALA LUMPUR,PASAR AWAM CHOW KIT,Runcit,26,Sayur-Sayuran,05,001,BAWANG MERAH ROSE,F.A.Q,Kilogram,5,5,
30896191,2026-08-28,2026-08-28 09:15:47.250227,W.P. KUALA LUMPUR,KUALA LUMPUR,PASAR AWAM CHOW KIT,Runcit,26,Sayur-Sayuran,05,001,BAWANG PUTIH (CHINA),F.A.Q,Kilogram,10,10,
30896192,2026-08-28,2026-08-28 09:15:47.250227,W.P. KUALA LUMPUR,KUALA LUMPUR,PASAR AWAM CHOW KIT,Runcit,26,Sayur-Sayuran,03,001,BAYAM,F.A.Q,Kilogram,5,4.409091,
30896193,2026-08-28,2026-08-28 09:15:47.250227,W.P. KUALA LUMPUR,KUALA LUMPUR,PASAR AWAM CHOW KIT,Runcit,26,Sayur-Sayuran,03,001,BAYAM,F.A.Q,Kilogram,4,4.409091,
30896194,2026-08-28,2026-08-28 09:15:47.250227,W.P. KUALA LUMPUR,KUALA LUMPUR,PASAR AWAM CHOW KIT,Runcit,26,Sayur-Sayuran,03,001,BAYAM,F.A.Q,Kilogram,4,4.409091,
30896195,2026-08-28,2026-08-28 09:15:47.250227,W.P. KUALA LUMPUR,KUALA LUMPUR,PASAR AWAM CHOW KIT,Runcit,26,Buah-Buahan,02,005,BETIK SEKAKI,F.A.Q,Kilogram,10,8.818182,
30896196,2026-08-28,2026-08-28 09:15:47.250227,W.P. KUALA LUMPUR,KUALA LUMPUR,PASAR AWAM CHOW KIT,Runcit,26,Buah-Buahan,02,005,BETIK SEKAKI,F.A.Q,Kilogram,8,8.818182,
30896197,2026-08-28,2026-08-28 09:15:47.250227,W.P. KUALA LUMPUR,KUALA LUMPUR,PASAR AWAM CHOW KIT,Runcit,26,Sayur-Sayuran,02,002,CILI HIJAU,F.A.Q,Kilogram,12,10.142858,
30896198,2026-08-28,2026-08-28 09:15:47.250227,W.P. KUALA LUMPUR,KUALA LUMPUR,PASAR AWAM CHOW KIT,Runcit,26,Sayur-Sayuran,02,002,CILI HIJAU,F.A.Q,Kilogram,13,10.142858,
30896199,2026-08-28,2026-08-28 09:15:47.250227,W.P. KUALA LUMPUR,KUALA LUMPUR,PASAR AWAM CHOW KIT,Runcit,26,Sayur-Sayuran,02,002,CILI MERAH KULAI / KULAI HIBRID,F.A.Q,Kilogram,12,13.75,
30896200,2026-08-28,2026-08-28 09:15:47.250227,W.P. KUALA LUMPUR,KUALA LUMPUR,PASAR AWAM CHOW KIT,Runcit,26,Sayur-Sayuran,02,002,CILI MERAH KULAI / KULAI HIBRID,F.A.Q,Kilogram,14,13.75,
30896201,2026-08-28,2026-08-28 09:15:47.250227,W.P. KUALA LUMPUR,KUALA LUMPUR,PASAR AWAM CHOW KIT,Runcit,26,Sayur-Sayuran,02,002,CILI MERAH MINYAK,F.A.Q,Kilogram,10,11,
30896202,2026-08-28,2026-08-28 09:15:47.250227,W.P. KUALA LUMPUR,KUALA LUMPUR,PASAR AWAM CHOW KIT,Runcit,26,Sayur-Sayuran,02,002,CILI MERAH MINYAK,F.A.Q,Kilogram,12,11,
30896203,2026-08-28,2026-08-28 09:15:47.250227,W.P. KUALA LUMPUR,KUALA LUMPUR,PASAR AWAM CHOW KIT,Runcit,26,Sayur-Sayuran,03,009,DAUN BAWANG,F.A.Q,Kilogram,7,8.052631,
30896204,2026-08-28,2026-08-28 09:15:47.250227,W.P. KUALA LUMPUR,KUALA LUMPUR,PASAR AWAM CHOW KIT,Runcit,26,Sayur-Sayuran,03,009,DAUN BAWANG,F.A.Q,Kilogram,6,8.052631,
30896205,2026-08-28,2026-08-28 09:15:47.250227,W.P. KUALA LUMPUR,KUALA LUMPUR,PASAR AWAM CHOW KIT,Runcit,26,Sayur-Sayuran,03,009,DAUN BAWANG,F.A.Q,Kilogram,6,8.052631,
30896206,2026-08-28,2026-08-28 09:15:47.250227,W.P. KUALA LUMPUR,KUALA LUMPUR,PASAR AWAM CHOW KIT,Runcit,26,Sayur-Sayuran,03,015,DAUN SUP (TANAH TINGGI),F.A.Q,Kilogram,13,19.473684,
30896207,2026-08-28,2026-08-28 09:15:47.250227,W.P. KUALA LUMPUR,KUALA LUMPUR,PASAR AWAM CHOW KIT,Runcit,26,Sayur-Sayuran,03,015,DAUN SUP (TANAH TINGGI),F.A.Q,Kilogram,16,19.473684,
30896208,2026-08-28,2026-08-28 09:15:47.250227,W.P. KUALA LUMPUR,KUALA LUMPUR,PASAR AWAM CHOW KIT,Runcit,26,Sayur-Sayuran,03,015,DAUN SUP (TANAH TINGGI),F.A.Q,Kilogram,15,19.473684,
30896209,2026-08-28,2026-08-28 09:15:47.250227,W.P. KUALA LUMPUR,KUALA LUMPUR,PASAR AWAM CHOW KIT,Runcit,26,Sayur-Sayuran,04,002,KACANG BENDI,F.A.Q,Kilogram,10,9.347826,
30896210,2026-08-28,2026-08-28 09:15:47.250227,W.P. KUALA LUMPUR,KUALA LUMPUR,PASAR AWAM CHOW KIT,Runcit,26,Sayur-Sayuran,04,002,KACANG BENDI,F.A.Q,Kilogram,8,9.347826,
30896211,2026-08-28,2026-08-28 09:15:47.250227,W.P. KUALA LUMPUR,KUALA LUMPUR,PASAR AWAM CHOW KIT,Runcit,26,Sayur-Sayuran,04,002,KACANG BENDI,F.A.Q,Kilogram,9,9.347826,
30896212,2026-08-28,2026-08-28 09:15:47.250227,W.P. KUALA LUMPUR,KUALA LUMPUR,PASAR AWAM CHOW KIT,Runcit,26,Sayur-Sayuran,04,003,KACANG BUNCIS,F.A.Q,Kilogram,15,11.809524,
30896213,2026-08-28,2026-08-28 09:15:47.250227,W.P. KUALA LUMPUR,KUALA LUMPUR,PASAR AWAM CHOW KIT,Runcit,26,Sayur-Sayuran,04,003,KACANG BUNCIS,F.A.Q,Kilogram,12,11.809524,
30896214,2026-08-28,2026-08-28 09:15:47.250227,W.P. KUALA LUMPUR,KUALA LUMPUR,PASAR AWAM CHOW KIT,Runcit,26,Sayur-Sayuran,04,007,KACANG PANJANG HIJAU,F.A.Q,Kilogram,7,8.05,
30896215,2026-08-28,2026-08-28 09:15:47.250227,W.P. KUALA LUMPUR,KUALA LUMPUR,PASAR AWAM CHOW KIT,Runcit,26,Sayur-Sayuran,04,007,KACANG PANJANG HIJAU,F.A.Q,Kilogram,7,8.05,
30896216,2026-08-28,2026-08-28 09:15:47.250227,W.P. KUALA LUMPUR,KUALA LUMPUR,PASAR AWAM CHOW KIT,Runcit,26,Sayur-Sayuran,04,007,KACANG PANJANG HIJAU,F.A.Q,Kilogram,8,8.05,
30896217,2026-08-28,2026-08-28 09:15:47.250227,W.P. KUALA LUMPUR,KUALA LUMPUR,PASAR AWAM CHOW KIT,Runcit,26,Sayur-Sayuran,03,019,KANGKUNG,F.A.Q,Kilogram,5,4.4210525,
30896218,2026-08-28,2026-08-28 09:15:47.250227,W.P. KUALA LUMPUR,KUALA LUMPUR,PASAR AWAM CHOW KIT,Runcit,26,Sayur-Sayuran,03,019,KANGKUNG,F.A.Q,Kilogram,4,4.4210525,
30896219,2026-08-28,2026-08-28 09:15:47.250227,W.P. KUALA LUMPUR,KUALA LUMPUR,PASAR AWAM CHOW KIT,Runcit,26,Sayur-Sayuran,03,019,KANGKUNG,F.A.Q,Kilogram,4,4.4210525,
30896220,2026-08-28,2026-08-28 09:15:47.250227,W.P. KUALA LUMPUR,KUALA LUMPUR,PASAR AWAM CHOW KIT,Runcit,26,Sayur-Sayuran,03,006,KUBIS BULAT (CHINA),F.A.Q,Kilogram,3.5,3.5,
30896221,2026-08-28,2026-08-28 09:15:47.250227,W.P. KUALA LUMPUR,KUALA LUMPUR,PASAR AWAM CHOW KIT,Runcit,26,Sayur-Sayuran,03,006,KUBIS BULAT (TANAH TINGGI),F.A.Q,Kilogram,5,5.0263157,
30896222,2026-08-28,2026-08-28 09:15:47.250227,W.P. KUALA LUMPUR,KUALA LUMPUR,PASAR AWAM CHOW KIT,Runcit,26,Sayur-Sayuran,03,006,KUBIS BULAT (TANAH TINGGI),F.A.Q,Kilogram,4,5.0263157,
30896223,2026-08-28,2026-08-28 09:15:47.250227,W.P. KUALA LUMPUR,KUALA LUMPUR,PASAR AWAM CHOW KIT,Runcit,26,Sayur-Sayuran,03,006,KUBIS BULAT (TANAH TINGGI),F.A.Q,Kilogram,4,5.0263157,
30896224,2026-08-28,2026-08-28 09:15:47.250227,W.P. KUALA LUMPUR,KUALA LUMPUR,PASAR AWAM CHOW KIT,Runcit,26,Buah-Buahan,02,023,NANAS JOSAPINE (AC5),F.A.Q,Kilogram,4,4.2083335,
30896225,2026-08-28,2026-08-28 09:15:47.250227,W.P. KUALA LUMPUR,KUALA LUMPUR,PASAR AWAM CHOW KIT,Runcit,26,Buah-Buahan,02,023,NANAS JOSAPINE (AC5),F.A.Q,Kilogram,4.5,4.2083335,
30896226,2026-08-28,2026-08-28 09:15:47.250227,W.P. KUALA LUMPUR,KUALA LUMPUR,PASAR AWAM CHOW KIT,Runcit,26,Buah-Buahan,02,028,PISANG BERANGAN,F.A.Q,Kilogram,6,6.6666665,
30896227,2026-08-28,2026-08-28 09:15:47.250227,W.P. KUALA LUMPUR,KUALA LUMPUR,PASAR AWAM CHOW KIT,Runcit,26,Buah-Buahan,02,028,PISANG BERANGAN,F.A.Q,Kilogram,7,6.6666665,
30896228,2026-08-28,2026-08-28 09:15:47.250227,W.P. KUALA LUMPUR,KUALA LUMPUR,PASAR AWAM CHOW KIT,Runcit,26,Buah-Buahan,02,028,PISANG MAS,F.A.Q,Kilogram,6,6.7,
30896229,2026-08-28,2026-08-28 09:15:47.250227,W.P. KUALA LUMPUR,KUALA LUMPUR,PASAR AWAM CHOW KIT,Runcit,26,Buah-Buahan,02,028,PISANG MAS,F.A.Q,Kilogram,7,6.7,
30896230,2026-08-28,2026-08-28 09:15:47.250227,W.P. KUALA LUMPUR,KUALA LUMPUR,PASAR AWAM CHOW KIT,Runcit,26,Sayur-Sayuran,03,007,SAWI HIJAU,F.A.Q,Kilogram,4,4.8235292,
30896231,2026-08-28,2026-08-28 09:15:47.250227,W.P. KUALA LUMPUR,KUALA LUMPUR,PASAR AWAM CHOW KIT,Runcit,26,Sayur-Sayuran,03,007,SAWI HIJAU,F.A.Q,Kilogram,4,4.8235292,
30896232,2026-08-28,2026-08-28 09:15:47.250227,W.P. KUALA LUMPUR,KUALA LUMPUR,PASAR AWAM CHOW KIT,Runcit,26,Sayur-Sayuran,03,007,SAWI HIJAU TANAH TINGGI,F.A.Q,Kilogram,5,5.4545455,
30896233,2026-08-28,2026-08-28 09:15:47.250227,W.P. KUALA LUMPUR,KUALA LUMPUR,PASAR AWAM CHOW KIT,Runcit,26,Buah-Buahan,02,034,TEMBIKAI MERAH TANPA BIJI,F.A.Q,Kilogram,4,4.6538463,
30896234,2026-08-28,2026-08-28 09:15:47.250227,W.P. KUALA LUMPUR,KUALA LUMPUR,PASAR AWAM CHOW KIT,Runcit,26,Buah-Buahan,02,034,TEMBIKAI MERAH TANPA BIJI,F.A.Q,Kilogram,4.5,4.6538463,
30896235,2026-08-28,2026-08-28 09:15:47.250227,W.P. KUALA LUMPUR,KUALA LUMPUR,PASAR AWAM CHOW KIT,Runcit,26,Sayur-Sayuran,02,010,TERUNG PANJANG / PEPARU (TANAH RENDAH),F.A.Q,Kilogram,10,8.434783,
30896236,2026-08-28,2026-08-28 09:15:47.250227,W.P. KUALA LUMPUR,KUALA LUMPUR,PASAR AWAM CHOW KIT,Runcit,26,Sayur-Sayuran,02,010,TERUNG PANJANG / PEPARU (TANAH RENDAH),F.A.Q,Kilogram,8,8.434783,
30896237,2026-08-28,2026-08-28 09:15:47.250227,W.P. KUALA LUMPUR,KUALA LUMPUR,PASAR AWAM CHOW KIT,Runcit,26,Sayur-Sayuran,02,010,TERUNG PANJANG / PEPARU (TANAH RENDAH),F.A.Q,Kilogram,8,8.434783,
30896238,2026-08-28,2026-08-28 09:15:47.250227,W.P. KUALA LUMPUR,KUALA LUMPUR,PASAR AWAM CHOW KIT,Runcit,26,Sayur-Sayuran,02,011,TIMUN HIJAU,F.A.Q,Kilogram,5,3.8809524,
30896239,2026-08-28,2026-08-28 09:15:47.250227,W.P. KUALA LUMPUR,KUALA LUMPUR,PASAR AWAM CHOW KIT,Runcit,26,Sayur-Sayuran,02,011,TIMUN HIJAU,F.A.Q,Kilogram,4,3.8809524,
30896240,2026-08-28,2026-08-28 09:15:47.250227,W.P. KUALA LUMPUR,KUALA LUMPUR,PASAR AWAM CHOW KIT,Runcit,26,Sayur-Sayuran,02,011,TIMUN HIJAU,F.A.Q,Kilogram,5,3.8809524,
30896241,2026-08-28,2026-08-28 09:15:47.250227,W.P. KUALA LUMPUR,KUALA LUMPUR,PASAR AWAM CHOW KIT,Runcit,26,Sayur-Sayuran,02,012,TOMATO (TANAH TINGGI),F.A.Q,Kilogram,8,7.4761906,
30896242,2026-08-28,2026-08-28 09:15:47.250227,W.P. KUALA LUMPUR,KUALA LUMPUR,PASAR AWAM CHOW KIT,Runcit,26,Sayur-Sayuran,02,012,TOMATO (TANAH TINGGI),F.A.Q,Kilogram,8,7.4761906,
30896243,2026-08-28,2026-08-28 09:15:47.58133,W.P. KUALA LUMPUR,KUALA LUMPUR,PASAR AWAM CHOW KIT,Runcit,26,Sayur-Sayuran,02,012,TOMATO (TANAH TINGGI),F.A.Q,Kilogram,9,7.4761906,
30896244,2026-08-28,2026-08-28 09:15:47.58133,W.P. KUALA LUMPUR,KUALA LUMPUR,PASAR AWAM CHOW KIT,Runcit,26,Sayur-Sayuran,05,009,UBI KENTANG HOLLAND,F.A.Q,Kilogram,4,4,
30896245,2026-08-28,2026-08-28 09:16:21.349805,SABAH,KOTA KINABALU,PASAR AWAM KOTA KINABALU - BAHAGIAN RUNCIT,Runcit,26,Tanaman Kontan,05,001,KELAPA DIKUPAS,SEDANG,Biji,3.5,3.43,
30896246,2026-08-28,2026-08-28 09:17:21.292422,SABAH,KOTA KINABALU,PASAR AWAM KOTA KINABALU - BAHAGIAN RUNCIT,Runcit,26,Lain-Lain Makanan Proses,15,001,SANTAN PEKAT,F.A.Q,Kilogram,14,13.77,
30896251,2026-08-28,2026-08-28 09:19:01.372057,SABAH,PENAMPANG,PASAR BORONG PENAMPANG,Borong,20,Buah-Buahan,02,023,NANAS JOSAPINE (AC5),F.A.Q,Kilogram,3.5,4.28,
30896252,2026-08-28,2026-08-28 09:19:01.372057,SABAH,PENAMPANG,PASAR BORONG PENAMPANG,Borong,20,Buah-Buahan,02,028,PISANG BERANGAN,F.A.Q,Kilogram,4,3.99,
30896253,2026-08-28,2026-08-28 09:19:01.372057,SABAH,PENAMPANG,PASAR BORONG PENAMPANG,Borong,20,Buah-Buahan,02,034,TEMBIKAI MERAH TANPA BIJI,F.A.Q,Kilogram,3.5,3.57,
30896257,2026-08-28,2026-08-28 09:21:03.458173,SABAH,KOTA KINABALU,PASAR AWAM KOTA KINABALU - BAHAGIAN RUNCIT,Runcit,26,Buah-Buahan,02,023,NANAS JOSAPINE (AC5),F.A.Q,Kilogram,4.5,6.06,
30896258,2026-08-28,2026-08-28 09:21:03.458173,SABAH,KOTA KINABALU,PASAR AWAM KOTA KINABALU - BAHAGIAN RUNCIT,Runcit,26,Buah-Buahan,02,028,PISANG BERANGAN,F.A.Q,Kilogram,5.5,5.88,
30896259,2026-08-28,2026-08-28 09:21:03.458173,SABAH,KOTA KINABALU,PASAR AWAM KOTA KINABALU - BAHAGIAN RUNCIT,Runcit,26,Buah-Buahan,02,034,TEMBIKAI MERAH TANPA BIJI,F.A.Q,Kilogram,4.5,4.85,
30896260,2026-08-28,2026-08-28 09:22:07.08505,SABAH,PENAMPANG,LADANG/KEBUN DONGGONGON,Ladang,,Buah-Buahan,02,023,NANAS JOSAPINE (AC5),F.A.Q,Kilogram,2.3,2.41,
30896261,2026-08-28,2026-08-28 09:22:07.08505,SABAH,PENAMPANG,LADANG/KEBUN DONGGONGON,Ladang,,Buah-Buahan,02,028,PISANG BERANGAN,F.A.Q,Kilogram,2.5,2.72,
30896262,2026-08-28,2026-08-28 09:22:07.08505,SABAH,PENAMPANG,LADANG/KEBUN DONGGONGON,Ladang,,Buah-Buahan,02,034,TEMBIKAI MERAH TANPA BIJI,F.A.Q,Kilogram,1.7,2.37,
30896276,2026-08-28,2026-08-28 09:23:38.64919,SABAH,PENAMPANG,PASAR BORONG PENAMPANG,Borong,20,Ternakan,11,001,TELUR AYAM,B,Biji,0.52,0.43,
30896279,2026-08-28,2026-08-28 09:24:08.739272,JOHOR,JOHOR BAHRU,PASAR AWAM LARKIN,Runcit,26,Buah-Buahan,02,023,NANAS JOSAPINE (AC5),F.A.Q,Kilogram,6.5,6.5,
30896280,2026-08-28,2026-08-28 09:24:08.739272,JOHOR,JOHOR BAHRU,PASAR AWAM LARKIN,Runcit,26,Buah-Buahan,02,028,PISANG BERANGAN,F.A.Q,Kilogram,6.5,6.5,
30896281,2026-08-28,2026-08-28 09:24:08.739272,JOHOR,JOHOR BAHRU,PASAR AWAM LARKIN,Runcit,26,Buah-Buahan,02,034,TEMBIKAI MERAH TANPA BIJI,F.A.Q,Kilogram,3,3,
30896285,2026-08-28,2026-08-28 09:25:19.988109,SARAWAK,KUCHING,LADANG/KEBUN SIBURAN,Ladang,,Sayur-Sayuran,03,001,BAYAM,F.A.Q,Kilogram,2.5,2.55,
30896286,2026-08-28,2026-08-28 09:25:19.988109,SARAWAK,KUCHING,LADANG/KEBUN SIBURAN,Ladang,,Sayur-Sayuran,02,002,CILI MERAH KULAI / KULAI HIBRID,F.A.Q,Kilogram,8,8.5,
30896287,2026-08-28,2026-08-28 09:25:19.988109,SARAWAK,KUCHING,LADANG/KEBUN SIBURAN,Ladang,,Sayur-Sayuran,02,002,CILI MERAH MINYAK,F.A.Q,Kilogram,8,8.5,
30896288,2026-08-28,2026-08-28 09:25:19.988109,SARAWAK,KUCHING,LADANG/KEBUN SIBURAN,Ladang,,Sayur-Sayuran,04,002,KACANG BENDI,F.A.Q,Kilogram,2,3,
30896289,2026-08-28,2026-08-28 09:25:19.988109,SARAWAK,KUCHING,LADANG/KEBUN SIBURAN,Ladang,,Sayur-Sayuran,04,007,KACANG PANJANG HIJAU,F.A.Q,Kilogram,2,3.2,
30896290,2026-08-28,2026-08-28 09:25:19.988109,SARAWAK,KUCHING,LADANG/KEBUN SIBURAN,Ladang,,Sayur-Sayuran,03,007,SAWI HIJAU,F.A.Q,Kilogram,4,5.3,
30896291,2026-08-28,2026-08-28 09:25:19.988109,SARAWAK,KUCHING,LADANG/KEBUN SIBURAN,Ladang,,Sayur-Sayuran,02,010,TERUNG PANJANG / PEPARU (TANAH RENDAH),F.A.Q,Kilogram,2.5,2.7,
30896292,2026-08-28,2026-08-28 09:25:19.988109,SARAWAK,KUCHING,LADANG/KEBUN SIBURAN,Ladang,,Sayur-Sayuran,02,011,TIMUN HIJAU,F.A.Q,Kilogram,1.5,2.3,
30896293,2026-08-28,2026-08-28 09:25:40.311497,SABAH,KOTA KINABALU,PASAR AWAM KOTA KINABALU - BAHAGIAN RUNCIT,Runcit,26,Ternakan,02,003,DAGING LEMBU PEJAL,F.A.Q,Kilogram,30,35.01,
30896294,2026-08-28,2026-08-28 09:25:40.311497,SABAH,KOTA KINABALU,PASAR AWAM KOTA KINABALU - BAHAGIAN RUNCIT,Runcit,26,Ternakan,11,001,TELUR AYAM,B,Biji,0.54,0.45,
30896304,2026-08-28,2026-08-28 09:26:26.170571,SABAH,PENAMPANG,LADANG/KEBUN DONGGONGON,Ladang,,Ternakan,11,001,TELUR AYAM,B,Biji,0.48,0.39,
30896305,2026-08-28,2026-08-28 09:26:28.150422,NEGERI SEMBILAN,SEREMBAN,PASAR BESAR SEREMBAN - BAHAGIAN RUNCIT,Runcit,26,Ternakan,03,002,AYAM PROSES STANDARD,F.A.Q,Kilogram,11,11.833333,
30896306,2026-08-28,2026-08-28 09:26:28.150422,NEGERI SEMBILAN,SEREMBAN,PASAR BESAR SEREMBAN - BAHAGIAN RUNCIT,Runcit,26,Ternakan,03,002,AYAM PROSES STANDARD,F.A.Q,Kilogram,12,11.833333,
30896307,2026-08-28,2026-08-28 09:26:28.150422,NEGERI SEMBILAN,SEREMBAN,PASAR BESAR SEREMBAN - BAHAGIAN RUNCIT,Runcit,26,Ternakan,03,002,AYAM PROSES STANDARD,F.A.Q,Kilogram,12.5,11.833333,
30896308,2026-08-28,2026-08-28 09:26:28.150422,NEGERI SEMBILAN,SEREMBAN,PASAR BESAR SEREMBAN - BAHAGIAN RUNCIT,Runcit,26,Ternakan,02,003,DAGING LEMBU PEJAL,F.A.Q,Kilogram,40,39.6,
30896309,2026-08-28,2026-08-28 09:26:28.150422,NEGERI SEMBILAN,SEREMBAN,PASAR BESAR SEREMBAN - BAHAGIAN RUNCIT,Runcit,26,Ternakan,02,003,DAGING LEMBU PEJAL,F.A.Q,Kilogram,40,39.6,
30896310,2026-08-28,2026-08-28 09:26:28.150422,NEGERI SEMBILAN,SEREMBAN,PASAR BESAR SEREMBAN - BAHAGIAN RUNCIT,Runcit,26,Ternakan,11,001,TELUR AYAM,B,Biji,0.5,0.494,
30896311,2026-08-28,2026-08-28 09:26:28.150422,NEGERI SEMBILAN,SEREMBAN,PASAR BESAR SEREMBAN - BAHAGIAN RUNCIT,Runcit,26,Ternakan,11,001,TELUR AYAM,B,Biji,0.5,0.494,
30896312,2026-08-28,2026-08-28 09:26:28.150422,NEGERI SEMBILAN,SEREMBAN,PASAR BESAR SEREMBAN - BAHAGIAN RUNCIT,Runcit,26,Ternakan,11,001,TELUR AYAM,B,Biji,0.5,0.494,
30896313,2026-08-28,2026-08-28 09:27:55.710688,SARAWAK,KUCHING,LADANG/KEBUN SIBURAN,Ladang,,Buah-Buahan,02,028,PISANG BERANGAN,F.A.Q,Kilogram,4.5,2.9444444,
30896314,2026-08-28,2026-08-28 09:27:55.710688,SARAWAK,KUCHING,LADANG/KEBUN SIBURAN,Ladang,,Buah-Buahan,02,034,TEMBIKAI MERAH TANPA BIJI,F.A.Q,Kilogram,1.8,1.8,
30896326,2026-08-28,2026-08-28 09:28:21.383179,SARAWAK,KUCHING,LADANG/KEBUN SIBURAN,Ladang,,Tanaman Kontan,05,001,KELAPA DIKUPAS,SEDANG,Biji,1.2,1.2,
30896327,2026-08-28,2026-08-28 09:29:06.417218,SARAWAK,KUCHING,LADANG/KEBUN SIBURAN,Ladang,,Ternakan,11,001,TELUR AYAM,B,Biji,0.51,0.504,
30896328,2026-08-28,2026-08-28 09:29:57.445386,JOHOR,JOHOR BAHRU,PASAR AWAM LARKIN,Runcit,26,Sayur-Sayuran,05,001,BAWANG BESAR MERAH (INDIA),F.A.Q,Kilogram,6,6,
30896329,2026-08-28,2026-08-28 09:29:57.445386,JOHOR,JOHOR BAHRU,PASAR AWAM LARKIN,Runcit,26,Sayur-Sayuran,05,001,BAWANG PUTIH (CHINA),F.A.Q,Kilogram,15,15,
30896330,2026-08-28,2026-08-28 09:29:57.445386,JOHOR,JOHOR BAHRU,PASAR AWAM LARKIN,Runcit,26,Sayur-Sayuran,03,001,BAYAM,F.A.Q,Kilogram,5.5,6,
30896331,2026-08-28,2026-08-28 09:29:57.445386,JOHOR,JOHOR BAHRU,PASAR AWAM LARKIN,Runcit,26,Sayur-Sayuran,02,002,CILI MERAH KULAI / KULAI HIBRID,F.A.Q,Kilogram,18,18.75,
30896332,2026-08-28,2026-08-28 09:29:57.445386,JOHOR,JOHOR BAHRU,PASAR AWAM LARKIN,Runcit,26,Sayur-Sayuran,02,002,CILI MERAH MINYAK,F.A.Q,Kilogram,15,13.59,
30896333,2026-08-28,2026-08-28 09:29:57.445386,JOHOR,JOHOR BAHRU,PASAR AWAM LARKIN,Runcit,26,Sayur-Sayuran,04,002,KACANG BENDI,F.A.Q,Kilogram,9.25,9,
30896334,2026-08-28,2026-08-28 09:29:57.445386,JOHOR,JOHOR BAHRU,PASAR AWAM LARKIN,Runcit,26,Sayur-Sayuran,04,007,KACANG PANJANG HIJAU,F.A.Q,Kilogram,8,7.8333335,
30896335,2026-08-28,2026-08-28 09:29:57.445386,JOHOR,JOHOR BAHRU,PASAR AWAM LARKIN,Runcit,26,Sayur-Sayuran,03,006,KUBIS BULAT (TANAH TINGGI),F.A.Q,Kilogram,6,6,
30896336,2026-08-28,2026-08-28 09:29:57.445386,JOHOR,JOHOR BAHRU,PASAR AWAM LARKIN,Runcit,26,Sayur-Sayuran,03,007,SAWI HIJAU,F.A.Q,Kilogram,6,6,
30896337,2026-08-28,2026-08-28 09:29:57.445386,JOHOR,JOHOR BAHRU,PASAR AWAM LARKIN,Runcit,26,Sayur-Sayuran,02,010,TERUNG PANJANG / PEPARU (TANAH RENDAH),F.A.Q,Kilogram,10,12,
30896338,2026-08-28,2026-08-28 09:29:57.445386,JOHOR,JOHOR BAHRU,PASAR AWAM LARKIN,Runcit,26,Sayur-Sayuran,02,011,TIMUN HIJAU,F.A.Q,Kilogram,3.5,4,
30896339,2026-08-28,2026-08-28 09:29:57.445386,JOHOR,JOHOR BAHRU,PASAR AWAM LARKIN,Runcit,26,Sayur-Sayuran,02,012,TOMATO (TANAH TINGGI),F.A.Q,Kilogram,8,8,
30896340,2026-08-28,2026-08-28 09:32:46.516563,JOHOR,JOHOR BAHRU,PASAR AWAM LARKIN,Runcit,26,Ternakan,03,002,AYAM PROSES STANDARD,F.A.Q,Kilogram,10.5,10.272727,
30896341,2026-08-28,2026-08-28 09:32:46.516563,JOHOR,JOHOR BAHRU,PASAR AWAM LARKIN,Runcit,26,Ternakan,11,001,TELUR AYAM,B,Biji,0.52,0.52,
30896342,2026-08-28,2026-08-28 09:33:20.691272,JOHOR,JOHOR BAHRU,PASAR AWAM LARKIN,Runcit,26,Ternakan,03,002,AYAM PROSES STANDARD,F.A.Q,Kilogram,10.5,10.272727,
30896343,2026-08-28,2026-08-28 09:33:20.691272,JOHOR,JOHOR BAHRU,PASAR AWAM LARKIN,Runcit,26,Ternakan,11,001,TELUR AYAM,B,Biji,0.52,0.52,
30896344,2026-08-28,2026-08-28 09:34:05.877112,NEGERI SEMBILAN,SEREMBAN,PASAR BESAR SEREMBAN - BAHAGIAN RUNCIT,Runcit,26,Tanaman Kontan,05,001,KELAPA DIKUPAS,SEDANG,Biji,2.8,2.89,
30896345,2026-08-28,2026-08-28 09:34:05.877112,NEGERI SEMBILAN,SEREMBAN,PASAR BESAR SEREMBAN - BAHAGIAN RUNCIT,Runcit,26,Tanaman Kontan,05,001,KELAPA DIKUPAS,SEDANG,Biji,2.9,2.89,
30896346,2026-08-28,2026-08-28 09:34:05.877112,NEGERI SEMBILAN,SEREMBAN,PASAR BESAR SEREMBAN - BAHAGIAN RUNCIT,Runcit,26,Buah-Buahan,02,023,NANAS JOSAPINE (AC5),F.A.Q,Kilogram,4.1,4.3533335,
30896347,2026-08-28,2026-08-28 09:34:05.877112,NEGERI SEMBILAN,SEREMBAN,PASAR BESAR SEREMBAN - BAHAGIAN RUNCIT,Runcit,26,Buah-Buahan,02,023,NANAS JOSAPINE (AC5),F.A.Q,Kilogram,4.8,4.3533335,
30896348,2026-08-28,2026-08-28 09:34:05.877112,NEGERI SEMBILAN,SEREMBAN,PASAR BESAR SEREMBAN - BAHAGIAN RUNCIT,Runcit,26,Buah-Buahan,02,023,NANAS JOSAPINE (AC5),F.A.Q,Kilogram,4.5,4.3533335,
30896349,2026-08-28,2026-08-28 09:34:05.877112,NEGERI SEMBILAN,SEREMBAN,PASAR BESAR SEREMBAN - BAHAGIAN RUNCIT,Runcit,26,Buah-Buahan,02,028,PISANG BERANGAN,F.A.Q,Kilogram,5.7,5.826667,
30896350,2026-08-28,2026-08-28 09:34:05.877112,NEGERI SEMBILAN,SEREMBAN,PASAR BESAR SEREMBAN - BAHAGIAN RUNCIT,Runcit,26,Buah-Buahan,02,028,PISANG BERANGAN,F.A.Q,Kilogram,6,5.826667,
30896351,2026-08-28,2026-08-28 09:34:05.877112,NEGERI SEMBILAN,SEREMBAN,PASAR BESAR SEREMBAN - BAHAGIAN RUNCIT,Runcit,26,Buah-Buahan,02,028,PISANG BERANGAN,F.A.Q,Kilogram,5.5,5.826667,
30896352,2026-08-28,2026-08-28 09:34:05.877112,NEGERI SEMBILAN,SEREMBAN,PASAR BESAR SEREMBAN - BAHAGIAN RUNCIT,Runcit,26,Buah-Buahan,02,034,TEMBIKAI MERAH TANPA BIJI,F.A.Q,Kilogram,4.1,4.2633333,
30896353,2026-08-28,2026-08-28 09:34:05.877112,NEGERI SEMBILAN,SEREMBAN,PASAR BESAR SEREMBAN - BAHAGIAN RUNCIT,Runcit,26,Buah-Buahan,02,034,TEMBIKAI MERAH TANPA BIJI,F.A.Q,Kilogram,4.5,4.2633333,
30896354,2026-08-28,2026-08-28 09:34:05.877112,NEGERI SEMBILAN,SEREMBAN,PASAR BESAR SEREMBAN - BAHAGIAN RUNCIT,Runcit,26,Buah-Buahan,02,034,TEMBIKAI MERAH TANPA BIJI,F.A.Q,Kilogram,4.3,4.2633333,
30896355,2026-08-28,2026-08-28 09:34:42.270659,JOHOR,JOHOR BAHRU,PASAR AWAM LARKIN,Runcit,26,Lain-Lain Makanan Proses,15,001,SANTAN PEKAT,F.A.Q,Kilogram,14,15,
30896356,2026-08-28,2026-08-28 09:35:20.035531,JOHOR,JOHOR BAHRU,PASAR AWAM LARKIN,Runcit,26,Tanaman Kontan,05,001,KELAPA DIKUPAS,SEDANG,Biji,4.5,4,
30896357,2026-08-28,2026-08-28 09:35:22.518173,PERLIS,PERLIS,LADANG/KEBUN KAMPUNG BATU BERTANGKUP,Ladang,,Buah-Buahan,02,028,PISANG BERANGAN,F.A.Q,Kilogram,2.5,2.5,
30896358,2026-08-28,2026-08-28 09:35:22.518173,PERLIS,PERLIS,LADANG/KEBUN KAMPUNG BATU BERTANGKUP,Ladang,,Buah-Buahan,02,028,PISANG BERANGAN,F.A.Q,Kilogram,2.5,2.5,
30896359,2026-08-28,2026-08-28 09:36:40.999406,NEGERI SEMBILAN,SEREMBAN,PASAR BESAR SEREMBAN - BAHAGIAN RUNCIT,Runcit,26,Sayur-Sayuran,05,001,BAWANG BESAR MERAH (INDIA),F.A.Q,Kilogram,4.3,4.22,
30896360,2026-08-28,2026-08-28 09:36:40.999406,NEGERI SEMBILAN,SEREMBAN,PASAR BESAR SEREMBAN - BAHAGIAN RUNCIT,Runcit,26,Sayur-Sayuran,05,001,BAWANG BESAR MERAH (INDIA),F.A.Q,Kilogram,3.9,4.22,
30896361,2026-08-28,2026-08-28 09:36:40.999406,NEGERI SEMBILAN,SEREMBAN,PASAR BESAR SEREMBAN - BAHAGIAN RUNCIT,Runcit,26,Sayur-Sayuran,05,001,BAWANG BESAR MERAH (INDIA),F.A.Q,Kilogram,4.6,4.22,
30896362,2026-08-28,2026-08-28 09:36:40.999406,NEGERI SEMBILAN,SEREMBAN,PASAR BESAR SEREMBAN - BAHAGIAN RUNCIT,Runcit,26,Sayur-Sayuran,05,001,BAWANG PUTIH (CHINA),F.A.Q,Kilogram,10.5,10.366667,
30896363,2026-08-28,2026-08-28 09:36:40.999406,NEGERI SEMBILAN,SEREMBAN,PASAR BESAR SEREMBAN - BAHAGIAN RUNCIT,Runcit,26,Sayur-Sayuran,05,001,BAWANG PUTIH (CHINA),F.A.Q,Kilogram,10,10.366667,
30896364,2026-08-28,2026-08-28 09:36:40.999406,NEGERI SEMBILAN,SEREMBAN,PASAR BESAR SEREMBAN - BAHAGIAN RUNCIT,Runcit,26,Sayur-Sayuran,05,001,BAWANG PUTIH (CHINA),F.A.Q,Kilogram,10.8,10.366667,
30896365,2026-08-28,2026-08-28 09:38:56.827746,JOHOR,JOHOR BAHRU,PASAR BORONG PANDAN,Borong,20,Sayur-Sayuran,05,001,BAWANG BESAR MERAH (INDIA),F.A.Q,Kilogram,4,4,
30896366,2026-08-28,2026-08-28 09:38:56.827746,JOHOR,JOHOR BAHRU,PASAR BORONG PANDAN,Borong,20,Sayur-Sayuran,05,001,BAWANG PUTIH (CHINA),F.A.Q,Kilogram,12.5,12.5,
30896367,2026-08-28,2026-08-28 09:38:56.827746,JOHOR,JOHOR BAHRU,PASAR BORONG PANDAN,Borong,20,Sayur-Sayuran,03,001,BAYAM,F.A.Q,Kilogram,4,4,
30896368,2026-08-28,2026-08-28 09:38:56.827746,JOHOR,JOHOR BAHRU,PASAR BORONG PANDAN,Borong,20,Sayur-Sayuran,02,002,CILI MERAH KULAI / KULAI HIBRID,F.A.Q,Kilogram,15,15.625,
30896369,2026-08-28,2026-08-28 09:38:56.827746,JOHOR,JOHOR BAHRU,PASAR BORONG PANDAN,Borong,20,Sayur-Sayuran,02,002,CILI MERAH MINYAK,F.A.Q,Kilogram,10.47,10.47,
30896370,2026-08-28,2026-08-28 09:38:56.827746,JOHOR,JOHOR BAHRU,PASAR BORONG PANDAN,Borong,20,Sayur-Sayuran,04,002,KACANG BENDI,F.A.Q,Kilogram,6,6.9,
30896371,2026-08-28,2026-08-28 09:38:56.827746,JOHOR,JOHOR BAHRU,PASAR BORONG PANDAN,Borong,20,Sayur-Sayuran,04,007,KACANG PANJANG HIJAU,F.A.Q,Kilogram,6,6.125,
30896372,2026-08-28,2026-08-28 09:38:56.827746,JOHOR,JOHOR BAHRU,PASAR BORONG PANDAN,Borong,20,Sayur-Sayuran,03,006,KUBIS BULAT (TANAH TINGGI),F.A.Q,Kilogram,5,4.5,
30896373,2026-08-28,2026-08-28 09:38:56.827746,JOHOR,JOHOR BAHRU,PASAR BORONG PANDAN,Borong,20,Sayur-Sayuran,03,007,SAWI HIJAU,F.A.Q,Kilogram,4,4,
30896374,2026-08-28,2026-08-28 09:38:56.827746,JOHOR,JOHOR BAHRU,PASAR BORONG PANDAN,Borong,20,Sayur-Sayuran,02,010,TERUNG PANJANG / PEPARU (TANAH RENDAH),F.A.Q,Kilogram,6,6.3333335,
30896375,2026-08-28,2026-08-28 09:38:56.827746,JOHOR,JOHOR BAHRU,PASAR BORONG PANDAN,Borong,20,Sayur-Sayuran,02,011,TIMUN HIJAU,F.A.Q,Kilogram,2.3,2.6,
30896376,2026-08-28,2026-08-28 09:38:56.827746,JOHOR,JOHOR BAHRU,PASAR BORONG PANDAN,Borong,20,Sayur-Sayuran,02,012,TOMATO (TANAH TINGGI),F.A.Q,Kilogram,7,7,
30896377,2026-08-28,2026-08-28 09:39:43.428566,JOHOR,JOHOR BAHRU,PASAR BORONG PANDAN,Borong,20,Buah-Buahan,02,023,NANAS JOSAPINE (AC5),F.A.Q,Kilogram,4,4,
30896378,2026-08-28,2026-08-28 09:39:43.428566,JOHOR,JOHOR BAHRU,PASAR BORONG PANDAN,Borong,20,Buah-Buahan,02,028,PISANG BERANGAN,F.A.Q,Kilogram,4,4,
30896379,2026-08-28,2026-08-28 09:39:43.428566,JOHOR,JOHOR BAHRU,PASAR BORONG PANDAN,Borong,20,Buah-Buahan,02,034,TEMBIKAI MERAH TANPA BIJI,F.A.Q,Kilogram,2.5,2.5,
30896380,2026-08-28,2026-08-28 09:40:12.628251,JOHOR,JOHOR BAHRU,PASAR BORONG PANDAN,Borong,20,Buah-Buahan,02,023,NANAS JOSAPINE (AC5),F.A.Q,Kilogram,4,4,
30896381,2026-08-28,2026-08-28 09:40:12.628251,JOHOR,JOHOR BAHRU,PASAR BORONG PANDAN,Borong,20,Buah-Buahan,02,028,PISANG BERANGAN,F.A.Q,Kilogram,4,4,
30896382,2026-08-28,2026-08-28 09:40:12.628251,JOHOR,JOHOR BAHRU,PASAR BORONG PANDAN,Borong,20,Buah-Buahan,02,034,TEMBIKAI MERAH TANPA BIJI,F.A.Q,Kilogram,2.5,2.5,
30896383,2026-08-28,2026-08-28 09:41:44.108062,JOHOR,JOHOR BAHRU,,Ladang,27,Sayur-Sayuran,03,001,BAYAM,F.A.Q,Kilogram,3,3,
30896384,2026-08-28,2026-08-28 09:41:44.108062,JOHOR,JOHOR BAHRU,,Ladang,27,Sayur-Sayuran,02,002,CILI MERAH KULAI / KULAI HIBRID,F.A.Q,Kilogram,14,14,
30896385,2026-08-28,2026-08-28 09:41:44.108062,JOHOR,JOHOR BAHRU,,Ladang,27,Sayur-Sayuran,02,002,CILI MERAH MINYAK,F.A.Q,Kilogram,8.75,8.75,
30896386,2026-08-28,2026-08-28 09:41:44.108062,JOHOR,JOHOR BAHRU,,Ladang,27,Sayur-Sayuran,04,002,KACANG BENDI,F.A.Q,Kilogram,5,5,
30896387,2026-08-28,2026-08-28 09:41:44.108062,JOHOR,JOHOR BAHRU,,Ladang,27,Sayur-Sayuran,04,007,KACANG PANJANG HIJAU,F.A.Q,Kilogram,6,6,
30896388,2026-08-28,2026-08-28 09:41:44.108062,JOHOR,JOHOR BAHRU,,Ladang,27,Sayur-Sayuran,03,006,KUBIS BULAT (TANAH TINGGI),F.A.Q,Kilogram,2.35,2.35,
30896389,2026-08-28,2026-08-28 09:41:44.108062,JOHOR,JOHOR BAHRU,,Ladang,27,Sayur-Sayuran,03,007,SAWI HIJAU,F.A.Q,Kilogram,3,3,
30896390,2026-08-28,2026-08-28 09:41:44.108062,JOHOR,JOHOR BAHRU,,Ladang,27,Sayur-Sayuran,02,010,TERUNG PANJANG / PEPARU (TANAH RENDAH),F.A.Q,Kilogram,5,5,
30896391,2026-08-28,2026-08-28 09:41:44.108062,JOHOR,JOHOR BAHRU,,Ladang,27,Sayur-Sayuran,02,011,TIMUN HIJAU,F.A.Q,Kilogram,1.8,1.8,
30896392,2026-08-28,2026-08-28 09:41:44.108062,JOHOR,JOHOR BAHRU,,Ladang,27,Sayur-Sayuran,02,012,TOMATO (TANAH TINGGI),F.A.Q,Kilogram,2.65,2.65,
30896393,2026-08-28,2026-08-28 09:42:58.582945,W.P. KUALA LUMPUR,KUALA LUMPUR,PASAR BORONG KUALA LUMPUR,Borong,20,Ternakan,03,002,AYAM PROSES STANDARD,F.A.Q,Kilogram,8.8,8.716666,
30896394,2026-08-28,2026-08-28 09:42:58.582945,W.P. KUALA LUMPUR,KUALA LUMPUR,PASAR BORONG KUALA LUMPUR,Borong,20,Ternakan,02,003,DAGING LEMBU PEJAL,F.A.Q,Kilogram,30,29.777779,
30896395,2026-08-28,2026-08-28 09:42:58.582945,W.P. KUALA LUMPUR,KUALA LUMPUR,PASAR BORONG KUALA LUMPUR,Borong,20,Ternakan,11,001,TELUR AYAM,B,Biji,0.48,0.45222223,
30896396,2026-08-28,2026-08-28 09:43:13.975772,PERLIS,PERLIS,LADANG/KEBUN KAMPUNG BATU BERTANGKUP,Ladang,,Sayur-Sayuran,03,001,BAYAM,F.A.Q,Kilogram,2.2,2.1958334,
30896397,2026-08-28,2026-08-28 09:43:13.975772,PERLIS,PERLIS,LADANG/KEBUN KAMPUNG BATU BERTANGKUP,Ladang,,Sayur-Sayuran,02,002,CILI MERAH KULAI / KULAI HIBRID,F.A.Q,Kilogram,11,10.166667,
30896398,2026-08-28,2026-08-28 09:43:13.975772,PERLIS,PERLIS,LADANG/KEBUN KAMPUNG BATU BERTANGKUP,Ladang,,Sayur-Sayuran,04,002,KACANG BENDI,F.A.Q,Kilogram,3.3,3.4535713,
30896399,2026-08-28,2026-08-28 09:43:13.975772,PERLIS,PERLIS,LADANG/KEBUN KAMPUNG BATU BERTANGKUP,Ladang,,Sayur-Sayuran,04,007,KACANG PANJANG HIJAU,F.A.Q,Kilogram,2.7,2.9833333,
30896400,2026-08-28,2026-08-28 09:43:13.975772,PERLIS,PERLIS,LADANG/KEBUN KAMPUNG BATU BERTANGKUP,Ladang,,Sayur-Sayuran,03,007,SAWI HIJAU,F.A.Q,Kilogram,2.2,2.1416667,
30896401,2026-08-28,2026-08-28 09:43:13.975772,PERLIS,PERLIS,LADANG/KEBUN KAMPUNG BATU BERTANGKUP,Ladang,,Sayur-Sayuran,02,010,TERUNG PANJANG / PEPARU (TANAH RENDAH),F.A.Q,Kilogram,2.8,2.9541667,
30896402,2026-08-28,2026-08-28 09:43:13.975772,PERLIS,PERLIS,LADANG/KEBUN KAMPUNG BATU BERTANGKUP,Ladang,,Sayur-Sayuran,02,011,TIMUN HIJAU,F.A.Q,Kilogram,1.2,1.5166667,
30896403,2026-08-28,2026-08-28 09:43:50.753727,W.P. KUALA LUMPUR,KUALA LUMPUR,PASAR BORONG KUALA LUMPUR,Borong,20,Tanaman Kontan,05,001,KELAPA DIKUPAS,SEDANG,Biji,2.3,2.375,
30896404,2026-08-28,2026-08-28 09:44:46.655107,W.P. KUALA LUMPUR,KUALA LUMPUR,PASAR BORONG KUALA LUMPUR,Borong,20,Buah-Buahan,02,023,NANAS JOSAPINE (AC5),F.A.Q,Kilogram,3.5,3.3888888,
30896405,2026-08-28,2026-08-28 09:44:46.655107,W.P. KUALA LUMPUR,KUALA LUMPUR,PASAR BORONG KUALA LUMPUR,Borong,20,Buah-Buahan,02,028,PISANG BERANGAN,F.A.Q,Kilogram,4.5,4.5111113,
30896406,2026-08-28,2026-08-28 09:44:46.655107,W.P. KUALA LUMPUR,KUALA LUMPUR,PASAR BORONG KUALA LUMPUR,Borong,20,Buah-Buahan,02,034,TEMBIKAI MERAH TANPA BIJI,F.A.Q,Kilogram,2.8,3.8333333,
30896407,2026-08-28,2026-08-28 09:46:44.050551,W.P. KUALA LUMPUR,KUALA LUMPUR,PASAR BORONG KUALA LUMPUR,Borong,20,Sayur-Sayuran,05,001,BAWANG BESAR MERAH (INDIA),F.A.Q,Kilogram,2.22,1.7422222,
30896408,2026-08-28,2026-08-28 09:46:44.050551,W.P. KUALA LUMPUR,KUALA LUMPUR,PASAR BORONG KUALA LUMPUR,Borong,20,Sayur-Sayuran,05,001,BAWANG PUTIH (CHINA),F.A.Q,Kilogram,6,6.0275,
30896409,2026-08-28,2026-08-28 09:47:03.050592,NEGERI SEMBILAN,SEREMBAN,PASAR BESAR SEREMBAN - BAHAGIAN RUNCIT,Runcit,26,Sayur-Sayuran,03,001,BAYAM,F.A.Q,Kilogram,4.3,4.386667,
30896410,2026-08-28,2026-08-28 09:47:03.050592,NEGERI SEMBILAN,SEREMBAN,PASAR BESAR SEREMBAN - BAHAGIAN RUNCIT,Runcit,26,Sayur-Sayuran,03,001,BAYAM,F.A.Q,Kilogram,4.8,4.386667,
30896411,2026-08-28,2026-08-28 09:47:03.050592,NEGERI SEMBILAN,SEREMBAN,PASAR BESAR SEREMBAN - BAHAGIAN RUNCIT,Runcit,26,Sayur-Sayuran,03,001,BAYAM,F.A.Q,Kilogram,5,4.386667,
30896412,2026-08-28,2026-08-28 09:47:03.050592,NEGERI SEMBILAN,SEREMBAN,PASAR BESAR SEREMBAN - BAHAGIAN RUNCIT,Runcit,26,Sayur-Sayuran,02,002,CILI MERAH KULAI / KULAI HIBRID,F.A.Q,Kilogram,16.9,18.53,
30896413,2026-08-28,2026-08-28 09:47:03.050592,NEGERI SEMBILAN,SEREMBAN,PASAR BESAR SEREMBAN - BAHAGIAN RUNCIT,Runcit,26,Sayur-Sayuran,02,002,CILI MERAH KULAI / KULAI HIBRID,F.A.Q,Kilogram,18,18.53,
30896414,2026-08-28,2026-08-28 09:47:03.050592,NEGERI SEMBILAN,SEREMBAN,PASAR BESAR SEREMBAN - BAHAGIAN RUNCIT,Runcit,26,Sayur-Sayuran,02,002,CILI MERAH KULAI / KULAI HIBRID,F.A.Q,Kilogram,20.7,18.53,
30896415,2026-08-28,2026-08-28 09:47:03.050592,NEGERI SEMBILAN,SEREMBAN,PASAR BESAR SEREMBAN - BAHAGIAN RUNCIT,Runcit,26,Sayur-Sayuran,02,002,CILI MERAH MINYAK,F.A.Q,Kilogram,13.5,14.016666,
30896416,2026-08-28,2026-08-28 09:47:03.050592,NEGERI SEMBILAN,SEREMBAN,PASAR BESAR SEREMBAN - BAHAGIAN RUNCIT,Runcit,26,Sayur-Sayuran,02,002,CILI MERAH MINYAK,F.A.Q,Kilogram,14,14.016666,
30896417,2026-08-28,2026-08-28 09:47:03.050592,NEGERI SEMBILAN,SEREMBAN,PASAR BESAR SEREMBAN - BAHAGIAN RUNCIT,Runcit,26,Sayur-Sayuran,02,002,CILI MERAH MINYAK,F.A.Q,Kilogram,14.5,14.016666,
30896418,2026-08-28,2026-08-28 09:47:03.050592,NEGERI SEMBILAN,SEREMBAN,PASAR BESAR SEREMBAN - BAHAGIAN RUNCIT,Runcit,26,Sayur-Sayuran,04,002,KACANG BENDI,F.A.Q,Kilogram,7.2,7.8333335,
30896419,2026-08-28,2026-08-28 09:47:03.050592,NEGERI SEMBILAN,SEREMBAN,PASAR BESAR SEREMBAN - BAHAGIAN RUNCIT,Runcit,26,Sayur-Sayuran,04,002,KACANG BENDI,F.A.Q,Kilogram,7.6,7.8333335,
30896420,2026-08-28,2026-08-28 09:47:03.050592,NEGERI SEMBILAN,SEREMBAN,PASAR BESAR SEREMBAN - BAHAGIAN RUNCIT,Runcit,26,Sayur-Sayuran,04,002,KACANG BENDI,F.A.Q,Kilogram,8.2,7.8333335,
30896424,2026-08-28,2026-08-28 09:47:03.050592,NEGERI SEMBILAN,SEREMBAN,PASAR BESAR SEREMBAN - BAHAGIAN RUNCIT,Runcit,26,Sayur-Sayuran,04,007,KACANG PANJANG HIJAU,F.A.Q,Kilogram,7.6,7.536667,
30896425,2026-08-28,2026-08-28 09:47:03.050592,NEGERI SEMBILAN,SEREMBAN,PASAR BESAR SEREMBAN - BAHAGIAN RUNCIT,Runcit,26,Sayur-Sayuran,04,007,KACANG PANJANG HIJAU,F.A.Q,Kilogram,7,7.536667,
30896426,2026-08-28,2026-08-28 09:47:03.050592,NEGERI SEMBILAN,SEREMBAN,PASAR BESAR SEREMBAN - BAHAGIAN RUNCIT,Runcit,26,Sayur-Sayuran,04,007,KACANG PANJANG HIJAU,F.A.Q,Kilogram,8,7.536667,
30896427,2026-08-28,2026-08-28 09:47:03.050592,NEGERI SEMBILAN,SEREMBAN,PASAR BESAR SEREMBAN - BAHAGIAN RUNCIT,Runcit,26,Sayur-Sayuran,03,006,KUBIS BULAT (TANAH TINGGI),F.A.Q,Kilogram,5.5,5.4766665,
30896428,2026-08-28,2026-08-28 09:47:03.050592,NEGERI SEMBILAN,SEREMBAN,PASAR BESAR SEREMBAN - BAHAGIAN RUNCIT,Runcit,26,Sayur-Sayuran,03,006,KUBIS BULAT (TANAH TINGGI),F.A.Q,Kilogram,5.2,5.4766665,
30896429,2026-08-28,2026-08-28 09:47:03.050592,NEGERI SEMBILAN,SEREMBAN,PASAR BESAR SEREMBAN - BAHAGIAN RUNCIT,Runcit,26,Sayur-Sayuran,03,006,KUBIS BULAT (TANAH TINGGI),F.A.Q,Kilogram,5.7,5.4766665,
30896430,2026-08-28,2026-08-28 09:47:03.050592,NEGERI SEMBILAN,SEREMBAN,PASAR BESAR SEREMBAN - BAHAGIAN RUNCIT,Runcit,26,Sayur-Sayuran,03,007,SAWI HIJAU,F.A.Q,Kilogram,7.6,7.6833334,
30896431,2026-08-28,2026-08-28 09:47:03.050592,NEGERI SEMBILAN,SEREMBAN,PASAR BESAR SEREMBAN - BAHAGIAN RUNCIT,Runcit,26,Sayur-Sayuran,03,007,SAWI HIJAU,F.A.Q,Kilogram,7.4,7.6833334,
30896432,2026-08-28,2026-08-28 09:47:03.050592,NEGERI SEMBILAN,SEREMBAN,PASAR BESAR SEREMBAN - BAHAGIAN RUNCIT,Runcit,26,Sayur-Sayuran,03,007,SAWI HIJAU,F.A.Q,Kilogram,8,7.6833334,
30896433,2026-08-28,2026-08-28 09:47:03.050592,NEGERI SEMBILAN,SEREMBAN,PASAR BESAR SEREMBAN - BAHAGIAN RUNCIT,Runcit,26,Sayur-Sayuran,02,010,TERUNG PANJANG / PEPARU (TANAH RENDAH),F.A.Q,Kilogram,9.3,10.143333,
30896434,2026-08-28,2026-08-28 09:47:03.050592,NEGERI SEMBILAN,SEREMBAN,PASAR BESAR SEREMBAN - BAHAGIAN RUNCIT,Runcit,26,Sayur-Sayuran,02,010,TERUNG PANJANG / PEPARU (TANAH RENDAH),F.A.Q,Kilogram,9.5,10.143333,
30896435,2026-08-28,2026-08-28 09:47:03.050592,NEGERI SEMBILAN,SEREMBAN,PASAR BESAR SEREMBAN - BAHAGIAN RUNCIT,Runcit,26,Sayur-Sayuran,02,010,TERUNG PANJANG / PEPARU (TANAH RENDAH),F.A.Q,Kilogram,10.5,10.143333,
30896436,2026-08-28,2026-08-28 09:47:03.050592,NEGERI SEMBILAN,SEREMBAN,PASAR BESAR SEREMBAN - BAHAGIAN RUNCIT,Runcit,26,Sayur-Sayuran,02,011,TIMUN HIJAU,F.A.Q,Kilogram,3.3,3.4322581,
30896437,2026-08-28,2026-08-28 09:47:03.050592,NEGERI SEMBILAN,SEREMBAN,PASAR BESAR SEREMBAN - BAHAGIAN RUNCIT,Runcit,26,Sayur-Sayuran,02,011,TIMUN HIJAU,F.A.Q,Kilogram,3.7,3.4322581,
30896438,2026-08-28,2026-08-28 09:47:03.050592,NEGERI SEMBILAN,SEREMBAN,PASAR BESAR SEREMBAN - BAHAGIAN RUNCIT,Runcit,26,Sayur-Sayuran,02,011,TIMUN HIJAU,F.A.Q,Kilogram,4.3,3.4322581,
30896439,2026-08-28,2026-08-28 09:48:19.750185,SELANGOR,KLANG,[LOKASI KUTIPAN HARGA LADANG] JOHAN SETIA,Ladang,,Sayur-Sayuran,03,001,BAYAM,F.A.Q,Kilogram,2,2.26,
30896440,2026-08-28,2026-08-28 09:48:19.750185,SELANGOR,KLANG,[LOKASI KUTIPAN HARGA LADANG] JOHAN SETIA,Ladang,,Sayur-Sayuran,04,002,KACANG BENDI,F.A.Q,Kilogram,4,4.27,
30896441,2026-08-28,2026-08-28 09:48:19.750185,SELANGOR,KLANG,[LOKASI KUTIPAN HARGA LADANG] JOHAN SETIA,Ladang,,Sayur-Sayuran,04,007,KACANG PANJANG HIJAU,F.A.Q,Kilogram,4,4.06,
30896442,2026-08-28,2026-08-28 09:48:19.750185,SELANGOR,KLANG,[LOKASI KUTIPAN HARGA LADANG] JOHAN SETIA,Ladang,,Sayur-Sayuran,03,007,SAWI HIJAU,F.A.Q,Kilogram,3,2.78,
30896443,2026-08-28,2026-08-28 09:48:19.750185,SELANGOR,KLANG,[LOKASI KUTIPAN HARGA LADANG] JOHAN SETIA,Ladang,,Sayur-Sayuran,02,011,TIMUN HIJAU,F.A.Q,Kilogram,2,1.86,
30896444,2026-08-28,2026-08-28 09:49:24.460187,SELANGOR,KLANG,[LOKASI KUTIPAN HARGA LADANG] JOHAN SETIA,Ladang,,Sayur-Sayuran,03,001,BAYAM,F.A.Q,Kilogram,2,2.26,
30896445,2026-08-28,2026-08-28 09:49:24.460187,SELANGOR,KLANG,[LOKASI KUTIPAN HARGA LADANG] JOHAN SETIA,Ladang,,Sayur-Sayuran,04,002,KACANG BENDI,F.A.Q,Kilogram,3,4.27,
30896446,2026-08-28,2026-08-28 09:49:24.460187,SELANGOR,KLANG,[LOKASI KUTIPAN HARGA LADANG] JOHAN SETIA,Ladang,,Sayur-Sayuran,04,007,KACANG PANJANG HIJAU,F.A.Q,Kilogram,3,4.06,
30896447,2026-08-28,2026-08-28 09:49:24.460187,SELANGOR,KLANG,[LOKASI KUTIPAN HARGA LADANG] JOHAN SETIA,Ladang,,Sayur-Sayuran,03,007,SAWI HIJAU,F.A.Q,Kilogram,3,2.78,
30896448,2026-08-28,2026-08-28 09:49:24.460187,SELANGOR,KLANG,[LOKASI KUTIPAN HARGA LADANG] JOHAN SETIA,Ladang,,Sayur-Sayuran,02,011,TIMUN HIJAU,F.A.Q,Kilogram,2,1.86,
30896449,2026-08-28,2026-08-28 09:49:44.647376,PERLIS,PERLIS,[LOKASI KUTIPAN HARGA LADANG] LADANG/KEBUN KUALA PERLIS,Ladang,,Sayur-Sayuran,03,001,BAYAM,F.A.Q,Kilogram,2.2,2.1958334,
30896450,2026-08-28,2026-08-28 09:49:44.647376,PERLIS,PERLIS,[LOKASI KUTIPAN HARGA LADANG] LADANG/KEBUN KUALA PERLIS,Ladang,,Sayur-Sayuran,02,002,CILI MERAH KULAI / KULAI HIBRID,F.A.Q,Kilogram,11,10.166667,
30896451,2026-08-28,2026-08-28 09:49:44.647376,PERLIS,PERLIS,[LOKASI KUTIPAN HARGA LADANG] LADANG/KEBUN KUALA PERLIS,Ladang,,Sayur-Sayuran,04,002,KACANG BENDI,F.A.Q,Kilogram,3.3,3.4535713,
30896452,2026-08-28,2026-08-28 09:49:44.647376,PERLIS,PERLIS,[LOKASI KUTIPAN HARGA LADANG] LADANG/KEBUN KUALA PERLIS,Ladang,,Sayur-Sayuran,04,007,KACANG PANJANG HIJAU,F.A.Q,Kilogram,2.7,2.9833333,
30896453,2026-08-28,2026-08-28 09:49:44.647376,PERLIS,PERLIS,[LOKASI KUTIPAN HARGA LADANG] LADANG/KEBUN KUALA PERLIS,Ladang,,Sayur-Sayuran,03,007,SAWI HIJAU,F.A.Q,Kilogram,2.2,2.1416667,
30896454,2026-08-28,2026-08-28 09:49:44.647376,PERLIS,PERLIS,[LOKASI KUTIPAN HARGA LADANG] LADANG/KEBUN KUALA PERLIS,Ladang,,Sayur-Sayuran,02,010,TERUNG PANJANG / PEPARU (TANAH RENDAH),F.A.Q,Kilogram,3,2.9541667,
30896455,2026-08-28,2026-08-28 09:49:44.647376,PERLIS,PERLIS,[LOKASI KUTIPAN HARGA LADANG] LADANG/KEBUN KUALA PERLIS,Ladang,,Sayur-Sayuran,02,011,TIMUN HIJAU,F.A.Q,Kilogram,1.2,1.5166667,
30896456,2026-08-28,2026-08-28 09:49:54.969069,SELANGOR,KLANG,"[LOKASI KUTIPAN HARGA LADANG] KLANG, JALAN NENAS",Ladang,,Sayur-Sayuran,02,002,CILI MERAH KULAI / KULAI HIBRID,F.A.Q,Kilogram,8,9.51,
30896457,2026-08-28,2026-08-28 09:53:17.273302,W.P. KUALA LUMPUR,KUALA LUMPUR,PASAR BORONG KUALA LUMPUR,Borong,20,Sayur-Sayuran,03,001,BAYAM,F.A.Q,Kilogram,2,2.1222222,
30896458,2026-08-28,2026-08-28 09:53:17.273302,W.P. KUALA LUMPUR,KUALA LUMPUR,PASAR BORONG KUALA LUMPUR,Borong,20,Sayur-Sayuran,02,002,CILI MERAH KULAI / KULAI HIBRID,F.A.Q,Kilogram,13,14.083333,
30896459,2026-08-28,2026-08-28 09:53:17.273302,W.P. KUALA LUMPUR,KUALA LUMPUR,PASAR BORONG KUALA LUMPUR,Borong,20,Sayur-Sayuran,02,002,CILI MERAH MINYAK,F.A.Q,Kilogram,10,9,
30896460,2026-08-28,2026-08-28 09:53:17.273302,W.P. KUALA LUMPUR,KUALA LUMPUR,PASAR BORONG KUALA LUMPUR,Borong,20,Sayur-Sayuran,04,002,KACANG BENDI,F.A.Q,Kilogram,4.5,5.7,
30896461,2026-08-28,2026-08-28 09:53:17.273302,W.P. KUALA LUMPUR,KUALA LUMPUR,PASAR BORONG KUALA LUMPUR,Borong,20,Sayur-Sayuran,04,007,KACANG PANJANG HIJAU,F.A.Q,Kilogram,4,5.4,
30896462,2026-08-28,2026-08-28 09:53:17.273302,W.P. KUALA LUMPUR,KUALA LUMPUR,PASAR BORONG KUALA LUMPUR,Borong,20,Sayur-Sayuran,03,006,KUBIS BULAT (TANAH TINGGI),F.A.Q,Kilogram,2,2.0333333,
30896463,2026-08-28,2026-08-28 09:53:17.273302,W.P. KUALA LUMPUR,KUALA LUMPUR,PASAR BORONG KUALA LUMPUR,Borong,20,Sayur-Sayuran,03,007,SAWI HIJAU,F.A.Q,Kilogram,3,3.45,
30896464,2026-08-28,2026-08-28 09:53:17.273302,W.P. KUALA LUMPUR,KUALA LUMPUR,PASAR BORONG KUALA LUMPUR,Borong,20,Sayur-Sayuran,02,010,TERUNG PANJANG / PEPARU (TANAH RENDAH),F.A.Q,Kilogram,8,7.3333335,
30896465,2026-08-28,2026-08-28 09:53:17.273302,W.P. KUALA LUMPUR,KUALA LUMPUR,PASAR BORONG KUALA LUMPUR,Borong,20,Sayur-Sayuran,02,011,TIMUN HIJAU,F.A.Q,Kilogram,2,1.4,
30896466,2026-08-28,2026-08-28 09:53:17.273302,W.P. KUALA LUMPUR,KUALA LUMPUR,PASAR BORONG KUALA LUMPUR,Borong,20,Sayur-Sayuran,02,012,TOMATO (TANAH TINGGI),F.A.Q,Kilogram,6,5.572727,
30896467,2026-08-28,2026-08-28 09:56:45.624039,W.P. KUALA LUMPUR,KUALA LUMPUR,PASAR BORONG KUALA LUMPUR,Borong,20,Sayur-Sayuran,03,001,BAYAM,F.A.Q,Kilogram,1.5,2.1222222,
30896468,2026-08-28,2026-08-28 09:56:45.624039,W.P. KUALA LUMPUR,KUALA LUMPUR,PASAR BORONG KUALA LUMPUR,Borong,20,Sayur-Sayuran,02,002,CILI MERAH KULAI / KULAI HIBRID,F.A.Q,Kilogram,12,14.083333,
30896469,2026-08-28,2026-08-28 09:56:45.624039,W.P. KUALA LUMPUR,KUALA LUMPUR,PASAR BORONG KUALA LUMPUR,Borong,20,Sayur-Sayuran,02,002,CILI MERAH MINYAK,F.A.Q,Kilogram,9,9,
30896470,2026-08-28,2026-08-28 09:56:45.624039,W.P. KUALA LUMPUR,KUALA LUMPUR,PASAR BORONG KUALA LUMPUR,Borong,20,Sayur-Sayuran,04,002,KACANG BENDI,F.A.Q,Kilogram,4,5.7,
30896471,2026-08-28,2026-08-28 09:56:45.624039,W.P. KUALA LUMPUR,KUALA LUMPUR,PASAR BORONG KUALA LUMPUR,Borong,20,Sayur-Sayuran,04,007,KACANG PANJANG HIJAU,F.A.Q,Kilogram,4.5,5.4,
30896472,2026-08-28,2026-08-28 09:56:45.624039,W.P. KUALA LUMPUR,KUALA LUMPUR,PASAR BORONG KUALA LUMPUR,Borong,20,Sayur-Sayuran,03,006,KUBIS BULAT (TANAH TINGGI),F.A.Q,Kilogram,1.5,2.0333333,
30896473,2026-08-28,2026-08-28 09:56:45.624039,W.P. KUALA LUMPUR,KUALA LUMPUR,PASAR BORONG KUALA LUMPUR,Borong,20,Sayur-Sayuran,03,007,SAWI HIJAU,F.A.Q,Kilogram,2,3.45,
30896474,2026-08-28,2026-08-28 09:56:45.624039,W.P. KUALA LUMPUR,KUALA LUMPUR,PASAR BORONG KUALA LUMPUR,Borong,20,Sayur-Sayuran,02,010,TERUNG PANJANG / PEPARU (TANAH RENDAH),F.A.Q,Kilogram,7,7.3333335,
30896475,2026-08-28,2026-08-28 09:56:45.624039,W.P. KUALA LUMPUR,KUALA LUMPUR,PASAR BORONG KUALA LUMPUR,Borong,20,Sayur-Sayuran,02,011,TIMUN HIJAU,F.A.Q,Kilogram,1.5,1.4,
30896476,2026-08-28,2026-08-28 09:56:45.624039,W.P. KUALA LUMPUR,KUALA LUMPUR,PASAR BORONG KUALA LUMPUR,Borong,20,Sayur-Sayuran,02,012,TOMATO (TANAH TINGGI),F.A.Q,Kilogram,6.5,5.572727,
30896477,2026-08-28,2026-08-28 09:56:53.161619,SELANGOR,KLANG,PASAR BESAR KLANG - BAHAGIAN BORONG,Borong,20,Ternakan,03,002,AYAM PROSES STANDARD,F.A.Q,Kilogram,8.2,8.42,
30896478,2026-08-28,2026-08-28 09:58:08.918992,SELANGOR,KLANG,PASAR BESAR KLANG - BAHAGIAN BORONG,Borong,20,Sayur-Sayuran,05,001,BAWANG BESAR MERAH (INDIA),F.A.Q,Kilogram,2,2.37,
30896479,2026-08-28,2026-08-28 09:58:08.918992,SELANGOR,KLANG,PASAR BESAR KLANG - BAHAGIAN BORONG,Borong,20,Sayur-Sayuran,05,001,BAWANG PUTIH (CHINA),F.A.Q,Kilogram,8.5,7.62,
30896480,2026-08-28,2026-08-28 10:03:05.612321,PERLIS,PERLIS,,Borong,20,Tanaman Kontan,05,001,KELAPA DIKUPAS,SEDANG,Biji,1.8,1.8,
30896481,2026-08-28,2026-08-28 10:03:05.612321,PERLIS,PERLIS,,Borong,20,Tanaman Kontan,05,001,KELAPA DIKUPAS,SEDANG,Biji,1.8,1.8,
30896482,2026-08-28,2026-08-28 10:03:05.612321,PERLIS,PERLIS,,Borong,20,Tanaman Kontan,05,001,KELAPA DIKUPAS,SEDANG,Biji,1.8,1.8,
30896483,2026-08-28,2026-08-28 10:03:05.612321,PERLIS,PERLIS,,Borong,20,Tanaman Kontan,05,001,KELAPA DIKUPAS,SEDANG,Biji,1.8,1.8,
30896484,2026-08-28,2026-08-28 10:12:57.771073,MELAKA,MELAKA TENGAH,PASAR BESAR MBMB,Runcit,26,Ternakan,03,002,AYAM PROSES STANDARD,F.A.Q,Kilogram,10,10,
30896485,2026-08-28,2026-08-28 10:12:57.771073,MELAKA,MELAKA TENGAH,PASAR BESAR MBMB,Runcit,26,Ternakan,03,002,AYAM PROSES STANDARD,F.A.Q,Kilogram,10,10,
30896486,2026-08-28,2026-08-28 10:12:57.771073,MELAKA,MELAKA TENGAH,PASAR BESAR MBMB,Runcit,26,Ternakan,03,002,AYAM PROSES STANDARD,F.A.Q,Kilogram,10,10,
30896487,2026-08-28,2026-08-28 10:12:57.771073,MELAKA,MELAKA TENGAH,PASAR BESAR MBMB,Runcit,26,Ternakan,03,002,AYAM PROSES STANDARD,F.A.Q,Kilogram,10,10,
30896488,2026-08-28,2026-08-28 10:12:57.771073,MELAKA,MELAKA TENGAH,PASAR BESAR MBMB,Runcit,26,Ternakan,02,003,DAGING LEMBU PEJAL,F.A.Q,Kilogram,40,40,
30896489,2026-08-28,2026-08-28 10:12:57.771073,MELAKA,MELAKA TENGAH,PASAR BESAR MBMB,Runcit,26,Ternakan,02,003,DAGING LEMBU PEJAL,F.A.Q,Kilogram,40,40,
30896490,2026-08-28,2026-08-28 10:12:57.771073,MELAKA,MELAKA TENGAH,PASAR BESAR MBMB,Runcit,26,Ternakan,11,001,TELUR AYAM,B,Biji,0.52,0.49625,
30896491,2026-08-28,2026-08-28 10:12:57.771073,MELAKA,MELAKA TENGAH,PASAR BESAR MBMB,Runcit,26,Ternakan,11,001,TELUR AYAM,B,Biji,0.51,0.49625,
30896492,2026-08-28,2026-08-28 10:15:17.419866,MELAKA,MELAKA TENGAH,PASAR BESAR MBMB,Runcit,26,Sayur-Sayuran,05,001,BAWANG BESAR MERAH (INDIA),F.A.Q,Kilogram,3.8,3.075,
30896493,2026-08-28,2026-08-28 10:15:17.419866,MELAKA,MELAKA TENGAH,PASAR BESAR MBMB,Runcit,26,Sayur-Sayuran,05,001,BAWANG BESAR MERAH (INDIA),F.A.Q,Kilogram,3.5,3.075,
30896494,2026-08-28,2026-08-28 10:15:17.419866,MELAKA,MELAKA TENGAH,PASAR BESAR MBMB,Runcit,26,Sayur-Sayuran,05,001,BAWANG PUTIH (CHINA),F.A.Q,Kilogram,10,10.555555,
30896495,2026-08-28,2026-08-28 10:15:17.419866,MELAKA,MELAKA TENGAH,PASAR BESAR MBMB,Runcit,26,Sayur-Sayuran,05,001,BAWANG PUTIH (CHINA),F.A.Q,Kilogram,11,10.555555,
30896496,2026-08-28,2026-08-28 10:15:17.419866,MELAKA,MELAKA TENGAH,PASAR BESAR MBMB,Runcit,26,Sayur-Sayuran,03,001,BAYAM,F.A.Q,Kilogram,3,3.8125,
30896497,2026-08-28,2026-08-28 10:15:17.419866,MELAKA,MELAKA TENGAH,PASAR BESAR MBMB,Runcit,26,Sayur-Sayuran,03,001,BAYAM,F.A.Q,Kilogram,3,3.8125,
30896498,2026-08-28,2026-08-28 10:15:17.419866,MELAKA,MELAKA TENGAH,PASAR BESAR MBMB,Runcit,26,Sayur-Sayuran,02,002,CILI MERAH KULAI / KULAI HIBRID,F.A.Q,Kilogram,16,15.714286,
30896499,2026-08-28,2026-08-28 10:15:17.419866,MELAKA,MELAKA TENGAH,PASAR BESAR MBMB,Runcit,26,Sayur-Sayuran,02,002,CILI MERAH MINYAK,F.A.Q,Kilogram,15,14.333333,
30896500,2026-08-28,2026-08-28 10:15:17.419866,MELAKA,MELAKA TENGAH,PASAR BESAR MBMB,Runcit,26,Sayur-Sayuran,04,002,KACANG BENDI,F.A.Q,Kilogram,7,7.6875,
30896501,2026-08-28,2026-08-28 10:15:17.419866,MELAKA,MELAKA TENGAH,PASAR BESAR MBMB,Runcit,26,Sayur-Sayuran,04,002,KACANG BENDI,F.A.Q,Kilogram,7,7.6875,
30896502,2026-08-28,2026-08-28 10:15:17.419866,MELAKA,MELAKA TENGAH,PASAR BESAR MBMB,Runcit,26,Sayur-Sayuran,04,007,KACANG PANJANG HIJAU,F.A.Q,Kilogram,6,5.9375,
30896503,2026-08-28,2026-08-28 10:15:17.419866,MELAKA,MELAKA TENGAH,PASAR BESAR MBMB,Runcit,26,Sayur-Sayuran,04,007,KACANG PANJANG HIJAU,F.A.Q,Kilogram,6,5.9375,
30896504,2026-08-28,2026-08-28 10:15:17.419866,MELAKA,MELAKA TENGAH,PASAR BESAR MBMB,Runcit,26,Sayur-Sayuran,03,006,KUBIS BULAT (TANAH TINGGI),F.A.Q,Kilogram,3.5,3.6666667,
30896505,2026-08-28,2026-08-28 10:15:17.419866,MELAKA,MELAKA TENGAH,PASAR BESAR MBMB,Runcit,26,Sayur-Sayuran,03,006,KUBIS BULAT (TANAH TINGGI),F.A.Q,Kilogram,3.5,3.6666667,
30896506,2026-08-28,2026-08-28 10:15:17.419866,MELAKA,MELAKA TENGAH,PASAR BESAR MBMB,Runcit,26,Sayur-Sayuran,03,007,SAWI HIJAU,F.A.Q,Kilogram,3.5,4.0625,
30896507,2026-08-28,2026-08-28 10:15:17.419866,MELAKA,MELAKA TENGAH,PASAR BESAR MBMB,Runcit,26,Sayur-Sayuran,03,007,SAWI HIJAU,F.A.Q,Kilogram,3.5,4.0625,
30896508,2026-08-28,2026-08-28 10:15:17.419866,MELAKA,MELAKA TENGAH,PASAR BESAR MBMB,Runcit,26,Sayur-Sayuran,02,010,TERUNG PANJANG / PEPARU (TANAH RENDAH),F.A.Q,Kilogram,8,9.25,
30896509,2026-08-28,2026-08-28 10:15:17.419866,MELAKA,MELAKA TENGAH,PASAR BESAR MBMB,Runcit,26,Sayur-Sayuran,02,010,TERUNG PANJANG / PEPARU (TANAH RENDAH),F.A.Q,Kilogram,8,9.25,
30896510,2026-08-28,2026-08-28 10:15:17.419866,MELAKA,MELAKA TENGAH,PASAR BESAR MBMB,Runcit,26,Sayur-Sayuran,02,011,TIMUN HIJAU,F.A.Q,Kilogram,3,3.0625,
30896511,2026-08-28,2026-08-28 10:15:17.419866,MELAKA,MELAKA TENGAH,PASAR BESAR MBMB,Runcit,26,Sayur-Sayuran,02,011,TIMUN HIJAU,F.A.Q,Kilogram,2.5,3.0625,
30896512,2026-08-28,2026-08-28 10:15:17.419866,MELAKA,MELAKA TENGAH,PASAR BESAR MBMB,Runcit,26,Sayur-Sayuran,02,012,TOMATO (TANAH TINGGI),F.A.Q,Kilogram,7,7.48,
30896513,2026-08-28,2026-08-28 10:15:17.419866,MELAKA,MELAKA TENGAH,PASAR BESAR MBMB,Runcit,26,Sayur-Sayuran,02,012,TOMATO (TANAH TINGGI),F.A.Q,Kilogram,7,7.48,
30896514,2026-08-28,2026-08-28 10:15:52.631177,MELAKA,MELAKA TENGAH,PASAR BESAR MBMB,Runcit,26,Buah-Buahan,02,023,NANAS JOSAPINE (AC5),F.A.Q,Kilogram,5,5,
30896515,2026-08-28,2026-08-28 10:15:52.631177,MELAKA,MELAKA TENGAH,PASAR BESAR MBMB,Runcit,26,Buah-Buahan,02,028,PISANG BERANGAN,F.A.Q,Kilogram,5.5,5.75,
30896516,2026-08-28,2026-08-28 10:15:52.631177,MELAKA,MELAKA TENGAH,PASAR BESAR MBMB,Runcit,26,Buah-Buahan,02,028,PISANG BERANGAN,F.A.Q,Kilogram,6,5.75,
30896517,2026-08-28,2026-08-28 10:15:52.631177,MELAKA,MELAKA TENGAH,PASAR BESAR MBMB,Runcit,26,Buah-Buahan,02,034,TEMBIKAI MERAH TANPA BIJI,F.A.Q,Kilogram,4,4.5,
30896518,2026-08-28,2026-08-28 10:15:52.631177,MELAKA,MELAKA TENGAH,PASAR BESAR MBMB,Runcit,26,Buah-Buahan,02,034,TEMBIKAI MERAH TANPA BIJI,F.A.Q,Kilogram,4.5,4.5,
30896519,2026-08-28,2026-08-28 10:16:17.008455,MELAKA,MELAKA TENGAH,PASAR BESAR MBMB,Runcit,26,Lain-Lain Makanan Proses,15,001,SANTAN PEKAT,F.A.Q,Kilogram,15,14.5,
30896520,2026-08-28,2026-08-28 10:16:17.008455,MELAKA,MELAKA TENGAH,PASAR BESAR MBMB,Runcit,26,Lain-Lain Makanan Proses,15,001,SANTAN PEKAT,F.A.Q,Kilogram,14,14.5,
30896521,2026-08-28,2026-08-28 10:16:59.079146,MELAKA,MELAKA TENGAH,PASAR BORONG MPHTJ BATU BERENDAM - BAHAGIAN BORONG,Borong,20,Ternakan,03,002,AYAM PROSES STANDARD,F.A.Q,Kilogram,8.5,8.5,
30896522,2026-08-28,2026-08-28 10:16:59.079146,MELAKA,MELAKA TENGAH,PASAR BORONG MPHTJ BATU BERENDAM - BAHAGIAN BORONG,Borong,20,Ternakan,02,003,DAGING LEMBU PEJAL,F.A.Q,Kilogram,35,35,
30896523,2026-08-28,2026-08-28 10:16:59.079146,MELAKA,MELAKA TENGAH,PASAR BORONG MPHTJ BATU BERENDAM - BAHAGIAN BORONG,Borong,20,Ternakan,11,001,TELUR AYAM,B,Biji,0.48,0.465,
30896524,2026-08-28,2026-08-28 10:19:23.485417,MELAKA,MELAKA TENGAH,PASAR BORONG MPHTJ BATU BERENDAM - BAHAGIAN BORONG,Borong,20,Sayur-Sayuran,05,001,BAWANG BESAR MERAH (INDIA),F.A.Q,Kilogram,2.2,1.825,
30896525,2026-08-28,2026-08-28 10:19:23.485417,MELAKA,MELAKA TENGAH,PASAR BORONG MPHTJ BATU BERENDAM - BAHAGIAN BORONG,Borong,20,Sayur-Sayuran,05,001,BAWANG PUTIH (CHINA),F.A.Q,Kilogram,7,7,
30896526,2026-08-28,2026-08-28 10:19:23.485417,MELAKA,MELAKA TENGAH,PASAR BORONG MPHTJ BATU BERENDAM - BAHAGIAN BORONG,Borong,20,Sayur-Sayuran,03,001,BAYAM,F.A.Q,Kilogram,1.7,2.2375,
30896527,2026-08-28,2026-08-28 10:19:23.485417,MELAKA,MELAKA TENGAH,PASAR BORONG MPHTJ BATU BERENDAM - BAHAGIAN BORONG,Borong,20,Sayur-Sayuran,03,001,BAYAM,F.A.Q,Kilogram,1.6,2.2375,
30896528,2026-08-28,2026-08-28 10:19:23.485417,MELAKA,MELAKA TENGAH,PASAR BORONG MPHTJ BATU BERENDAM - BAHAGIAN BORONG,Borong,20,Sayur-Sayuran,02,002,CILI MERAH KULAI / KULAI HIBRID,F.A.Q,Kilogram,14,12.645,
30896529,2026-08-28,2026-08-28 10:19:23.485417,MELAKA,MELAKA TENGAH,PASAR BORONG MPHTJ BATU BERENDAM - BAHAGIAN BORONG,Borong,20,Sayur-Sayuran,02,002,CILI MERAH MINYAK,F.A.Q,Kilogram,12,11.428572,
30896530,2026-08-28,2026-08-28 10:19:23.485417,MELAKA,MELAKA TENGAH,PASAR BORONG MPHTJ BATU BERENDAM - BAHAGIAN BORONG,Borong,20,Sayur-Sayuran,04,002,KACANG BENDI,F.A.Q,Kilogram,5.5,5.4125,
30896531,2026-08-28,2026-08-28 10:19:23.485417,MELAKA,MELAKA TENGAH,PASAR BORONG MPHTJ BATU BERENDAM - BAHAGIAN BORONG,Borong,20,Sayur-Sayuran,04,007,KACANG PANJANG HIJAU,F.A.Q,Kilogram,4,3.85,
30896532,2026-08-28,2026-08-28 10:19:23.485417,MELAKA,MELAKA TENGAH,PASAR BORONG MPHTJ BATU BERENDAM - BAHAGIAN BORONG,Borong,20,Sayur-Sayuran,04,007,KACANG PANJANG HIJAU,F.A.Q,Kilogram,4.2,3.85,
30896533,2026-08-28,2026-08-28 10:19:23.485417,MELAKA,MELAKA TENGAH,PASAR BORONG MPHTJ BATU BERENDAM - BAHAGIAN BORONG,Borong,20,Sayur-Sayuran,03,006,KUBIS BULAT (TANAH TINGGI),F.A.Q,Kilogram,2.2,2.3,
30896534,2026-08-28,2026-08-28 10:19:23.485417,MELAKA,MELAKA TENGAH,PASAR BORONG MPHTJ BATU BERENDAM - BAHAGIAN BORONG,Borong,20,Sayur-Sayuran,03,007,SAWI HIJAU,F.A.Q,Kilogram,2.5,2.7125,
30896535,2026-08-28,2026-08-28 10:19:23.485417,MELAKA,MELAKA TENGAH,PASAR BORONG MPHTJ BATU BERENDAM - BAHAGIAN BORONG,Borong,20,Sayur-Sayuran,02,010,TERUNG PANJANG / PEPARU (TANAH RENDAH),F.A.Q,Kilogram,6,6.1875,
30896536,2026-08-28,2026-08-28 10:19:23.485417,MELAKA,MELAKA TENGAH,PASAR BORONG MPHTJ BATU BERENDAM - BAHAGIAN BORONG,Borong,20,Sayur-Sayuran,02,010,TERUNG PANJANG / PEPARU (TANAH RENDAH),F.A.Q,Kilogram,6,6.1875,
30896537,2026-08-28,2026-08-28 10:19:23.485417,MELAKA,MELAKA TENGAH,PASAR BORONG MPHTJ BATU BERENDAM - BAHAGIAN BORONG,Borong,20,Sayur-Sayuran,02,011,TIMUN HIJAU,F.A.Q,Kilogram,1.8,2.15,
30896538,2026-08-28,2026-08-28 10:19:23.485417,MELAKA,MELAKA TENGAH,PASAR BORONG MPHTJ BATU BERENDAM - BAHAGIAN BORONG,Borong,20,Sayur-Sayuran,02,011,TIMUN HIJAU,F.A.Q,Kilogram,1.8,2.15,
30896539,2026-08-28,2026-08-28 10:19:23.485417,MELAKA,MELAKA TENGAH,PASAR BORONG MPHTJ BATU BERENDAM - BAHAGIAN BORONG,Borong,20,Sayur-Sayuran,02,012,TOMATO (TANAH TINGGI),F.A.Q,Kilogram,5.5,5.975,
30896540,2026-08-28,2026-08-28 10:19:23.485417,MELAKA,MELAKA TENGAH,PASAR BORONG MPHTJ BATU BERENDAM - BAHAGIAN BORONG,Borong,20,Sayur-Sayuran,02,012,TOMATO (TANAH TINGGI),F.A.Q,Kilogram,5.8,5.975,
30896541,2026-08-28,2026-08-28 10:19:57.133557,MELAKA,MELAKA TENGAH,PASAR BORONG MPHTJ BATU BERENDAM - BAHAGIAN BORONG,Borong,20,Buah-Buahan,02,023,NANAS JOSAPINE (AC5),F.A.Q,Kilogram,3.5,3.5,
30896542,2026-08-28,2026-08-28 10:19:57.133557,MELAKA,MELAKA TENGAH,PASAR BORONG MPHTJ BATU BERENDAM - BAHAGIAN BORONG,Borong,20,Buah-Buahan,02,028,PISANG BERANGAN,F.A.Q,Kilogram,4,4.34,
30896543,2026-08-28,2026-08-28 10:19:57.133557,MELAKA,MELAKA TENGAH,PASAR BORONG MPHTJ BATU BERENDAM - BAHAGIAN BORONG,Borong,20,Buah-Buahan,02,034,TEMBIKAI MERAH TANPA BIJI,F.A.Q,Kilogram,3.2,3.5,
30896544,2026-08-28,2026-08-28 10:20:07.745615,MELAKA,MELAKA TENGAH,PASAR BORONG MPHTJ BATU BERENDAM - BAHAGIAN BORONG,Borong,20,Tanaman Kontan,05,001,KELAPA DIKUPAS,SEDANG,Biji,1.75,1.75,
30896545,2026-08-28,2026-08-28 10:21:34.8063,MELAKA,MELAKA TENGAH,,Ladang,27,Sayur-Sayuran,03,001,BAYAM,F.A.Q,Kilogram,1.4,1.55,
30896546,2026-08-28,2026-08-28 10:21:34.8063,MELAKA,MELAKA TENGAH,,Ladang,27,Sayur-Sayuran,02,002,CILI MERAH KULAI / KULAI HIBRID,F.A.Q,Kilogram,12.5,11.125,
30896547,2026-08-28,2026-08-28 10:21:34.8063,MELAKA,MELAKA TENGAH,,Ladang,27,Sayur-Sayuran,02,002,CILI MERAH MINYAK,F.A.Q,Kilogram,10.5,9.125,
30896548,2026-08-28,2026-08-28 10:21:34.8063,MELAKA,MELAKA TENGAH,,Ladang,27,Sayur-Sayuran,04,002,KACANG BENDI,F.A.Q,Kilogram,3.8,3.8,
30896549,2026-08-28,2026-08-28 10:21:34.8063,MELAKA,MELAKA TENGAH,,Ladang,27,Sayur-Sayuran,04,007,KACANG PANJANG HIJAU,F.A.Q,Kilogram,3.5,2.9,
30896550,2026-08-28,2026-08-28 10:21:34.8063,MELAKA,MELAKA TENGAH,,Ladang,27,Sayur-Sayuran,03,007,SAWI HIJAU,F.A.Q,Kilogram,1.8,1.725,
30896551,2026-08-28,2026-08-28 10:21:34.8063,MELAKA,MELAKA TENGAH,,Ladang,27,Sayur-Sayuran,02,010,TERUNG PANJANG / PEPARU (TANAH RENDAH),F.A.Q,Kilogram,4.5,4.7,
30896552,2026-08-28,2026-08-28 10:21:34.8063,MELAKA,MELAKA TENGAH,,Ladang,27,Sayur-Sayuran,02,011,TIMUN HIJAU,F.A.Q,Kilogram,1,1.4,
30896553,2026-08-28,2026-08-28 10:21:58.251196,MELAKA,JASIN,LADANG/KEBUN SERKAM,Ladang,,Ternakan,01,003,AYAM HIDUP,F.A.Q,Kilogram,6.9,6.9,
30896554,2026-08-28,2026-08-28 10:21:58.251196,MELAKA,JASIN,LADANG/KEBUN SERKAM,Ladang,,Ternakan,11,001,TELUR AYAM,B,Biji,0.45,0.4325,
30896555,2026-08-28,2026-08-28 10:22:14.844006,MELAKA,JASIN,LADANG/KEBUN MERLIMAU,Ladang,,Tanaman Kontan,05,001,KELAPA DIKUPAS,SEDANG,Biji,1.5,1.5,
30896556,2026-08-28,2026-08-28 10:22:15.01405,PERLIS,PERLIS,PASAR BORONG KAMPUNG BAKAU,Borong,20,Buah-Buahan,02,028,PISANG BERANGAN,F.A.Q,Kilogram,4,4,
30896557,2026-08-28,2026-08-28 10:22:15.01405,PERLIS,PERLIS,PASAR BORONG KAMPUNG BAKAU,Borong,20,Buah-Buahan,02,028,PISANG BERANGAN,F.A.Q,Kilogram,4,4,
30896558,2026-08-28,2026-08-28 10:22:15.01405,PERLIS,PERLIS,PASAR BORONG KAMPUNG BAKAU,Borong,20,Buah-Buahan,02,028,PISANG BERANGAN,F.A.Q,Kilogram,4,4,
30896559,2026-08-28,2026-08-28 10:22:15.01405,PERLIS,PERLIS,PASAR BORONG KAMPUNG BAKAU,Borong,20,Buah-Buahan,02,034,TEMBIKAI MERAH TANPA BIJI,F.A.Q,Kilogram,3,3,
30896560,2026-08-28,2026-08-28 10:22:15.01405,PERLIS,PERLIS,PASAR BORONG KAMPUNG BAKAU,Borong,20,Buah-Buahan,02,034,TEMBIKAI MERAH TANPA BIJI,F.A.Q,Kilogram,3,3,
30896561,2026-08-28,2026-08-28 10:22:15.01405,PERLIS,PERLIS,PASAR BORONG KAMPUNG BAKAU,Borong,20,Buah-Buahan,02,034,TEMBIKAI MERAH TANPA BIJI,F.A.Q,Kilogram,3,3,
30896562,2026-08-28,2026-08-28 10:22:57.128171,MELAKA,MELAKA TENGAH,LADANG/KEBUN BUKIT KATIL,Ladang,27,Buah-Buahan,02,028,PISANG BERANGAN,F.A.Q,Kilogram,3.5,2.9,
30896563,2026-08-28,2026-08-28 10:22:57.128171,MELAKA,MELAKA TENGAH,LADANG/KEBUN BUKIT KATIL,Ladang,27,Buah-Buahan,02,034,TEMBIKAI MERAH TANPA BIJI,F.A.Q,Kilogram,2.5,2.55,
30896564,2026-08-28,2026-08-28 10:24:57.098456,KELANTAN,KOTA BHARU,[PROJEK] PROJEK SAYUR KG. WAKAF STAN,Ladang,,Sayur-Sayuran,02,002,CILI MERAH KULAI / KULAI HIBRID,F.A.Q,Kilogram,10,10,
30896565,2026-08-28,2026-08-28 10:24:57.098456,KELANTAN,KOTA BHARU,[PROJEK] PROJEK SAYUR KG. WAKAF STAN,Ladang,,Sayur-Sayuran,02,002,CILI MERAH KULAI / KULAI HIBRID,F.A.Q,Kilogram,10,10,
30896566,2026-08-28,2026-08-28 10:24:57.098456,KELANTAN,KOTA BHARU,[PROJEK] PROJEK SAYUR KG. WAKAF STAN,Ladang,,Sayur-Sayuran,02,002,CILI MERAH KULAI / KULAI HIBRID,F.A.Q,Kilogram,10,10,
30896567,2026-08-28,2026-08-28 10:24:57.098456,KELANTAN,KOTA BHARU,[PROJEK] PROJEK SAYUR KG. WAKAF STAN,Ladang,,Sayur-Sayuran,04,002,KACANG BENDI,F.A.Q,Kilogram,5,4,
30896568,2026-08-28,2026-08-28 10:24:57.098456,KELANTAN,KOTA BHARU,[PROJEK] PROJEK SAYUR KG. WAKAF STAN,Ladang,,Sayur-Sayuran,04,002,KACANG BENDI,F.A.Q,Kilogram,5,4,
30896569,2026-08-28,2026-08-28 10:24:57.098456,KELANTAN,KOTA BHARU,[PROJEK] PROJEK SAYUR KG. WAKAF STAN,Ladang,,Sayur-Sayuran,04,002,KACANG BENDI,F.A.Q,Kilogram,5,4,
30896570,2026-08-28,2026-08-28 10:24:57.098456,KELANTAN,KOTA BHARU,[PROJEK] PROJEK SAYUR KG. WAKAF STAN,Ladang,,Sayur-Sayuran,04,007,KACANG PANJANG HIJAU,F.A.Q,Kilogram,5,5,
30896571,2026-08-28,2026-08-28 10:24:57.098456,KELANTAN,KOTA BHARU,[PROJEK] PROJEK SAYUR KG. WAKAF STAN,Ladang,,Sayur-Sayuran,04,007,KACANG PANJANG HIJAU,F.A.Q,Kilogram,5,5,
30896572,2026-08-28,2026-08-28 10:24:57.098456,KELANTAN,KOTA BHARU,[PROJEK] PROJEK SAYUR KG. WAKAF STAN,Ladang,,Sayur-Sayuran,04,007,KACANG PANJANG HIJAU,F.A.Q,Kilogram,5,5,
30896573,2026-08-28,2026-08-28 10:24:57.098456,KELANTAN,KOTA BHARU,[PROJEK] PROJEK SAYUR KG. WAKAF STAN,Ladang,,Sayur-Sayuran,02,010,TERUNG PANJANG / PEPARU (TANAH RENDAH),F.A.Q,Kilogram,3,3,
30896574,2026-08-28,2026-08-28 10:24:57.098456,KELANTAN,KOTA BHARU,[PROJEK] PROJEK SAYUR KG. WAKAF STAN,Ladang,,Sayur-Sayuran,02,010,TERUNG PANJANG / PEPARU (TANAH RENDAH),F.A.Q,Kilogram,3,3,
30896575,2026-08-28,2026-08-28 10:24:57.098456,KELANTAN,KOTA BHARU,[PROJEK] PROJEK SAYUR KG. WAKAF STAN,Ladang,,Sayur-Sayuran,02,010,TERUNG PANJANG / PEPARU (TANAH RENDAH),F.A.Q,Kilogram,3,3,
30896576,2026-08-28,2026-08-28 10:24:57.098456,KELANTAN,KOTA BHARU,[PROJEK] PROJEK SAYUR KG. WAKAF STAN,Ladang,,Sayur-Sayuran,02,011,TIMUN HIJAU,F.A.Q,Kilogram,1.5,1.5,
30896577,2026-08-28,2026-08-28 10:24:57.098456,KELANTAN,KOTA BHARU,[PROJEK] PROJEK SAYUR KG. WAKAF STAN,Ladang,,Sayur-Sayuran,02,011,TIMUN HIJAU,F.A.Q,Kilogram,1.5,1.5,
30896578,2026-08-28,2026-08-28 10:24:57.098456,KELANTAN,KOTA BHARU,[PROJEK] PROJEK SAYUR KG. WAKAF STAN,Ladang,,Sayur-Sayuran,02,011,TIMUN HIJAU,F.A.Q,Kilogram,1.5,1.5,
30896579,2026-08-28,2026-08-28 10:25:14.882572,KELANTAN,BACHOK,"LADANG/KEBUN TEPUS, GUNONG",Ladang,,Ternakan,01,003,AYAM HIDUP,F.A.Q,Kilogram,7,7,
30896580,2026-08-28,2026-08-28 10:25:18.55205,PERLIS,PERLIS,PASAR BORONG KAMPUNG BAKAU,Borong,20,Ternakan,11,001,TELUR AYAM,B,Biji,0.46,0.41,
30896581,2026-08-28,2026-08-28 10:25:38.247657,PERLIS,PERLIS,PASAR BORONG KAMPUNG BAKAU,Borong,20,Sayur-Sayuran,05,001,BAWANG BESAR MERAH (INDIA),F.A.Q,Kilogram,2.8,2.8916667,
30896582,2026-08-28,2026-08-28 10:25:38.247657,PERLIS,PERLIS,PASAR BORONG KAMPUNG BAKAU,Borong,20,Sayur-Sayuran,05,001,BAWANG PUTIH (CHINA),F.A.Q,Kilogram,7,6.491667,
30896583,2026-08-28,2026-08-28 10:25:56.607932,KELANTAN,TUMPAT,"[PROJEK] PROJEK PERTANIAN BERKELOMPOK KG KELABORAN, TUMPAT",Ladang,,Sayur-Sayuran,03,001,BAYAM,F.A.Q,Kilogram,3.5,3.5,
30896584,2026-08-28,2026-08-28 10:25:56.607932,KELANTAN,TUMPAT,"[PROJEK] PROJEK PERTANIAN BERKELOMPOK KG KELABORAN, TUMPAT",Ladang,,Sayur-Sayuran,03,001,BAYAM,F.A.Q,Kilogram,3.5,3.5,
30896585,2026-08-28,2026-08-28 10:25:56.607932,KELANTAN,TUMPAT,"[PROJEK] PROJEK PERTANIAN BERKELOMPOK KG KELABORAN, TUMPAT",Ladang,,Sayur-Sayuran,03,001,BAYAM,F.A.Q,Kilogram,3.5,3.5,
30896586,2026-08-28,2026-08-28 10:25:56.607932,KELANTAN,TUMPAT,"[PROJEK] PROJEK PERTANIAN BERKELOMPOK KG KELABORAN, TUMPAT",Ladang,,Sayur-Sayuran,03,007,SAWI HIJAU,F.A.Q,Kilogram,3.5,3.5,
30896587,2026-08-28,2026-08-28 10:25:56.607932,KELANTAN,TUMPAT,"[PROJEK] PROJEK PERTANIAN BERKELOMPOK KG KELABORAN, TUMPAT",Ladang,,Sayur-Sayuran,03,007,SAWI HIJAU,F.A.Q,Kilogram,3.5,3.5,
30896588,2026-08-28,2026-08-28 10:25:56.607932,KELANTAN,TUMPAT,"[PROJEK] PROJEK PERTANIAN BERKELOMPOK KG KELABORAN, TUMPAT",Ladang,,Sayur-Sayuran,03,007,SAWI HIJAU,F.A.Q,Kilogram,3.5,3.5,
30896589,2026-08-28,2026-08-28 10:27:17.268411,KELANTAN,KOTA BHARU,PASAR BORONG RTC KOTA BHARU,Borong,20,Sayur-Sayuran,05,001,BAWANG BESAR MERAH (INDIA),F.A.Q,Kilogram,2.5,2.5,
30896590,2026-08-28,2026-08-28 10:27:17.268411,KELANTAN,KOTA BHARU,PASAR BORONG RTC KOTA BHARU,Borong,20,Sayur-Sayuran,05,001,BAWANG BESAR MERAH (INDIA),F.A.Q,Kilogram,2.5,2.5,
30896591,2026-08-28,2026-08-28 10:27:17.268411,KELANTAN,KOTA BHARU,PASAR BORONG RTC KOTA BHARU,Borong,20,Sayur-Sayuran,05,001,BAWANG BESAR MERAH (INDIA),F.A.Q,Kilogram,2.5,2.5,
30896592,2026-08-28,2026-08-28 10:27:17.268411,KELANTAN,KOTA BHARU,PASAR BORONG RTC KOTA BHARU,Borong,20,Sayur-Sayuran,05,001,BAWANG PUTIH (CHINA),F.A.Q,Kilogram,7,7,
30896593,2026-08-28,2026-08-28 10:27:17.268411,KELANTAN,KOTA BHARU,PASAR BORONG RTC KOTA BHARU,Borong,20,Sayur-Sayuran,05,001,BAWANG PUTIH (CHINA),F.A.Q,Kilogram,7,7,
30896594,2026-08-28,2026-08-28 10:27:17.268411,KELANTAN,KOTA BHARU,PASAR BORONG RTC KOTA BHARU,Borong,20,Sayur-Sayuran,05,001,BAWANG PUTIH (CHINA),F.A.Q,Kilogram,7,7,
30896595,2026-08-28,2026-08-28 10:27:51.598713,KELANTAN,KOTA BHARU,PASAR BORONG RTC KOTA BHARU,Borong,20,Ternakan,03,002,AYAM PROSES STANDARD,F.A.Q,Kilogram,8.5,8.5,
30896596,2026-08-28,2026-08-28 10:27:51.598713,KELANTAN,KOTA BHARU,PASAR BORONG RTC KOTA BHARU,Borong,20,Ternakan,03,002,AYAM PROSES STANDARD,F.A.Q,Kilogram,8.5,8.5,
30896597,2026-08-28,2026-08-28 10:27:51.598713,KELANTAN,KOTA BHARU,PASAR BORONG RTC KOTA BHARU,Borong,20,Ternakan,03,002,AYAM PROSES STANDARD,F.A.Q,Kilogram,8.5,8.5,
30896598,2026-08-28,2026-08-28 10:28:59.524221,PERLIS,PERLIS,PASAR BORONG KAMPUNG BAKAU,Borong,20,Ternakan,02,003,DAGING LEMBU PEJAL,F.A.Q,Kilogram,25,25,
30896599,2026-08-28,2026-08-28 10:28:59.524221,PERLIS,PERLIS,PASAR BORONG KAMPUNG BAKAU,Borong,20,Ternakan,02,003,DAGING LEMBU PEJAL,F.A.Q,Kilogram,25,25,
30896600,2026-08-28,2026-08-28 10:31:31.383364,KELANTAN,KOTA BHARU,PASAR BORONG RTC KOTA BHARU,Borong,20,Sayur-Sayuran,03,001,BAYAM,F.A.Q,Kilogram,4.5,4.7,
30896601,2026-08-28,2026-08-28 10:31:31.383364,KELANTAN,KOTA BHARU,PASAR BORONG RTC KOTA BHARU,Borong,20,Sayur-Sayuran,03,001,BAYAM,F.A.Q,Kilogram,4.5,4.7,
30896602,2026-08-28,2026-08-28 10:31:31.383364,KELANTAN,KOTA BHARU,PASAR BORONG RTC KOTA BHARU,Borong,20,Sayur-Sayuran,03,001,BAYAM,F.A.Q,Kilogram,4.5,4.7,
30896603,2026-08-28,2026-08-28 10:31:31.383364,KELANTAN,KOTA BHARU,PASAR BORONG RTC KOTA BHARU,Borong,20,Sayur-Sayuran,03,001,BAYAM,F.A.Q,Kilogram,5,4.7,
30896604,2026-08-28,2026-08-28 10:31:31.383364,KELANTAN,KOTA BHARU,PASAR BORONG RTC KOTA BHARU,Borong,20,Sayur-Sayuran,03,001,BAYAM,F.A.Q,Kilogram,5,4.7,
30896605,2026-08-28,2026-08-28 10:31:31.383364,KELANTAN,KOTA BHARU,PASAR BORONG RTC KOTA BHARU,Borong,20,Sayur-Sayuran,02,002,CILI MERAH KULAI / KULAI HIBRID,F.A.Q,Kilogram,12,11.6,
30896606,2026-08-28,2026-08-28 10:31:31.383364,KELANTAN,KOTA BHARU,PASAR BORONG RTC KOTA BHARU,Borong,20,Sayur-Sayuran,02,002,CILI MERAH KULAI / KULAI HIBRID,F.A.Q,Kilogram,12,11.6,
30896607,2026-08-28,2026-08-28 10:31:31.383364,KELANTAN,KOTA BHARU,PASAR BORONG RTC KOTA BHARU,Borong,20,Sayur-Sayuran,02,002,CILI MERAH KULAI / KULAI HIBRID,F.A.Q,Kilogram,12,11.6,
30896608,2026-08-28,2026-08-28 10:31:31.383364,KELANTAN,KOTA BHARU,PASAR BORONG RTC KOTA BHARU,Borong,20,Sayur-Sayuran,02,002,CILI MERAH KULAI / KULAI HIBRID,F.A.Q,Kilogram,11,11.6,
30896609,2026-08-28,2026-08-28 10:31:31.383364,KELANTAN,KOTA BHARU,PASAR BORONG RTC KOTA BHARU,Borong,20,Sayur-Sayuran,02,002,CILI MERAH KULAI / KULAI HIBRID,F.A.Q,Kilogram,11,11.6,
30896610,2026-08-28,2026-08-28 10:31:31.383364,KELANTAN,KOTA BHARU,PASAR BORONG RTC KOTA BHARU,Borong,20,Sayur-Sayuran,02,002,CILI MERAH MINYAK,F.A.Q,Kilogram,10,10.4,
30896611,2026-08-28,2026-08-28 10:31:31.383364,KELANTAN,KOTA BHARU,PASAR BORONG RTC KOTA BHARU,Borong,20,Sayur-Sayuran,02,002,CILI MERAH MINYAK,F.A.Q,Kilogram,10,10.4,
30896612,2026-08-28,2026-08-28 10:31:31.383364,KELANTAN,KOTA BHARU,PASAR BORONG RTC KOTA BHARU,Borong,20,Sayur-Sayuran,02,002,CILI MERAH MINYAK,F.A.Q,Kilogram,10,10.4,
30896613,2026-08-28,2026-08-28 10:31:31.383364,KELANTAN,KOTA BHARU,PASAR BORONG RTC KOTA BHARU,Borong,20,Sayur-Sayuran,02,002,CILI MERAH MINYAK,F.A.Q,Kilogram,11,10.4,
30896614,2026-08-28,2026-08-28 10:31:31.383364,KELANTAN,KOTA BHARU,PASAR BORONG RTC KOTA BHARU,Borong,20,Sayur-Sayuran,02,002,CILI MERAH MINYAK,F.A.Q,Kilogram,11,10.4,
30896615,2026-08-28,2026-08-28 10:31:31.383364,KELANTAN,KOTA BHARU,PASAR BORONG RTC KOTA BHARU,Borong,20,Sayur-Sayuran,04,002,KACANG BENDI,F.A.Q,Kilogram,7,4.8139534,
30896616,2026-08-28,2026-08-28 10:31:31.383364,KELANTAN,KOTA BHARU,PASAR BORONG RTC KOTA BHARU,Borong,20,Sayur-Sayuran,04,002,KACANG BENDI,F.A.Q,Kilogram,7,4.8139534,
30896617,2026-08-28,2026-08-28 10:31:31.383364,KELANTAN,KOTA BHARU,PASAR BORONG RTC KOTA BHARU,Borong,20,Sayur-Sayuran,04,002,KACANG BENDI,F.A.Q,Kilogram,7,4.8139534,
30896618,2026-08-28,2026-08-28 10:31:31.383364,KELANTAN,KOTA BHARU,PASAR BORONG RTC KOTA BHARU,Borong,20,Sayur-Sayuran,04,002,KACANG BENDI,F.A.Q,Kilogram,6,4.8139534,
30896619,2026-08-28,2026-08-28 10:31:31.383364,KELANTAN,KOTA BHARU,PASAR BORONG RTC KOTA BHARU,Borong,20,Sayur-Sayuran,04,002,KACANG BENDI,F.A.Q,Kilogram,6,4.8139534,
30896620,2026-08-28,2026-08-28 10:31:31.383364,KELANTAN,KOTA BHARU,PASAR BORONG RTC KOTA BHARU,Borong,20,Sayur-Sayuran,04,007,KACANG PANJANG HIJAU,F.A.Q,Kilogram,6,5.6,
30896621,2026-08-28,2026-08-28 10:31:31.383364,KELANTAN,KOTA BHARU,PASAR BORONG RTC KOTA BHARU,Borong,20,Sayur-Sayuran,04,007,KACANG PANJANG HIJAU,F.A.Q,Kilogram,6,5.6,
30896622,2026-08-28,2026-08-28 10:31:31.383364,KELANTAN,KOTA BHARU,PASAR BORONG RTC KOTA BHARU,Borong,20,Sayur-Sayuran,04,007,KACANG PANJANG HIJAU,F.A.Q,Kilogram,6,5.6,
30896623,2026-08-28,2026-08-28 10:31:31.383364,KELANTAN,KOTA BHARU,PASAR BORONG RTC KOTA BHARU,Borong,20,Sayur-Sayuran,04,007,KACANG PANJANG HIJAU,F.A.Q,Kilogram,5,5.6,
30896624,2026-08-28,2026-08-28 10:31:31.383364,KELANTAN,KOTA BHARU,PASAR BORONG RTC KOTA BHARU,Borong,20,Sayur-Sayuran,04,007,KACANG PANJANG HIJAU,F.A.Q,Kilogram,5,5.6,
30896625,2026-08-28,2026-08-28 10:31:31.383364,KELANTAN,KOTA BHARU,PASAR BORONG RTC KOTA BHARU,Borong,20,Sayur-Sayuran,03,006,KUBIS BULAT (TANAH TINGGI),F.A.Q,Kilogram,3,2.8139534,
30896626,2026-08-28,2026-08-28 10:31:31.383364,KELANTAN,KOTA BHARU,PASAR BORONG RTC KOTA BHARU,Borong,20,Sayur-Sayuran,03,006,KUBIS BULAT (TANAH TINGGI),F.A.Q,Kilogram,3,2.8139534,
30896627,2026-08-28,2026-08-28 10:31:31.383364,KELANTAN,KOTA BHARU,PASAR BORONG RTC KOTA BHARU,Borong,20,Sayur-Sayuran,03,006,KUBIS BULAT (TANAH TINGGI),F.A.Q,Kilogram,3,2.8139534,
30896628,2026-08-28,2026-08-28 10:31:31.383364,KELANTAN,KOTA BHARU,PASAR BORONG RTC KOTA BHARU,Borong,20,Sayur-Sayuran,03,006,KUBIS BULAT (TANAH TINGGI),F.A.Q,Kilogram,2.5,2.8139534,
30896629,2026-08-28,2026-08-28 10:31:31.383364,KELANTAN,KOTA BHARU,PASAR BORONG RTC KOTA BHARU,Borong,20,Sayur-Sayuran,03,006,KUBIS BULAT (TANAH TINGGI),F.A.Q,Kilogram,2.5,2.8139534,
30896630,2026-08-28,2026-08-28 10:31:31.383364,KELANTAN,KOTA BHARU,PASAR BORONG RTC KOTA BHARU,Borong,20,Sayur-Sayuran,03,007,SAWI HIJAU,F.A.Q,Kilogram,4.5,4.3,
30896631,2026-08-28,2026-08-28 10:31:31.383364,KELANTAN,KOTA BHARU,PASAR BORONG RTC KOTA BHARU,Borong,20,Sayur-Sayuran,03,007,SAWI HIJAU,F.A.Q,Kilogram,4.5,4.3,
30896632,2026-08-28,2026-08-28 10:31:31.383364,KELANTAN,KOTA BHARU,PASAR BORONG RTC KOTA BHARU,Borong,20,Sayur-Sayuran,03,007,SAWI HIJAU,F.A.Q,Kilogram,4.5,4.3,
30896633,2026-08-28,2026-08-28 10:31:31.383364,KELANTAN,KOTA BHARU,PASAR BORONG RTC KOTA BHARU,Borong,20,Sayur-Sayuran,03,007,SAWI HIJAU,F.A.Q,Kilogram,4,4.3,
30896634,2026-08-28,2026-08-28 10:31:31.383364,KELANTAN,KOTA BHARU,PASAR BORONG RTC KOTA BHARU,Borong,20,Sayur-Sayuran,03,007,SAWI HIJAU,F.A.Q,Kilogram,4,4.3,
30896635,2026-08-28,2026-08-28 10:31:31.383364,KELANTAN,KOTA BHARU,PASAR BORONG RTC KOTA BHARU,Borong,20,Sayur-Sayuran,02,010,TERUNG PANJANG / PEPARU (TANAH RENDAH),F.A.Q,Kilogram,4,3.8,
30896636,2026-08-28,2026-08-28 10:31:31.383364,KELANTAN,KOTA BHARU,PASAR BORONG RTC KOTA BHARU,Borong,20,Sayur-Sayuran,02,010,TERUNG PANJANG / PEPARU (TANAH RENDAH),F.A.Q,Kilogram,4,3.8,
30896637,2026-08-28,2026-08-28 10:31:31.383364,KELANTAN,KOTA BHARU,PASAR BORONG RTC KOTA BHARU,Borong,20,Sayur-Sayuran,02,010,TERUNG PANJANG / PEPARU (TANAH RENDAH),F.A.Q,Kilogram,4,3.8,
30896638,2026-08-28,2026-08-28 10:31:31.383364,KELANTAN,KOTA BHARU,PASAR BORONG RTC KOTA BHARU,Borong,20,Sayur-Sayuran,02,010,TERUNG PANJANG / PEPARU (TANAH RENDAH),F.A.Q,Kilogram,3.5,3.8,
30896639,2026-08-28,2026-08-28 10:31:31.383364,KELANTAN,KOTA BHARU,PASAR BORONG RTC KOTA BHARU,Borong,20,Sayur-Sayuran,02,010,TERUNG PANJANG / PEPARU (TANAH RENDAH),F.A.Q,Kilogram,3.5,3.8,
30896640,2026-08-28,2026-08-28 10:31:31.383364,KELANTAN,KOTA BHARU,PASAR BORONG RTC KOTA BHARU,Borong,20,Sayur-Sayuran,02,011,TIMUN HIJAU,F.A.Q,Kilogram,2,1.8883721,
30896641,2026-08-28,2026-08-28 10:31:31.383364,KELANTAN,KOTA BHARU,PASAR BORONG RTC KOTA BHARU,Borong,20,Sayur-Sayuran,02,011,TIMUN HIJAU,F.A.Q,Kilogram,2,1.8883721,
30896642,2026-08-28,2026-08-28 10:31:31.383364,KELANTAN,KOTA BHARU,PASAR BORONG RTC KOTA BHARU,Borong,20,Sayur-Sayuran,02,011,TIMUN HIJAU,F.A.Q,Kilogram,2,1.8883721,
30896643,2026-08-28,2026-08-28 10:31:31.383364,KELANTAN,KOTA BHARU,PASAR BORONG RTC KOTA BHARU,Borong,20,Sayur-Sayuran,02,011,TIMUN HIJAU,F.A.Q,Kilogram,1.7,1.8883721,
30896644,2026-08-28,2026-08-28 10:31:31.383364,KELANTAN,KOTA BHARU,PASAR BORONG RTC KOTA BHARU,Borong,20,Sayur-Sayuran,02,011,TIMUN HIJAU,F.A.Q,Kilogram,1.7,1.8883721,
30896645,2026-08-28,2026-08-28 10:31:31.383364,KELANTAN,KOTA BHARU,PASAR BORONG RTC KOTA BHARU,Borong,20,Sayur-Sayuran,02,012,TOMATO (TANAH TINGGI),F.A.Q,Kilogram,5,6.4883723,
30896646,2026-08-28,2026-08-28 10:31:31.383364,KELANTAN,KOTA BHARU,PASAR BORONG RTC KOTA BHARU,Borong,20,Sayur-Sayuran,02,012,TOMATO (TANAH TINGGI),F.A.Q,Kilogram,5,6.4883723,
30896647,2026-08-28,2026-08-28 10:31:31.383364,KELANTAN,KOTA BHARU,PASAR BORONG RTC KOTA BHARU,Borong,20,Sayur-Sayuran,02,012,TOMATO (TANAH TINGGI),F.A.Q,Kilogram,5,6.4883723,
30896648,2026-08-28,2026-08-28 10:31:31.383364,KELANTAN,KOTA BHARU,PASAR BORONG RTC KOTA BHARU,Borong,20,Sayur-Sayuran,02,012,TOMATO (TANAH TINGGI),F.A.Q,Kilogram,6,6.4883723,
30896649,2026-08-28,2026-08-28 10:31:31.383364,KELANTAN,KOTA BHARU,PASAR BORONG RTC KOTA BHARU,Borong,20,Sayur-Sayuran,02,012,TOMATO (TANAH TINGGI),F.A.Q,Kilogram,6,6.4883723,
30896650,2026-08-28,2026-08-28 10:32:11.910353,KELANTAN,KOTA BHARU,PASAR BORONG RTC KOTA BHARU,Borong,20,Ternakan,11,001,TELUR AYAM,B,Biji,0.48,0.465,
30896651,2026-08-28,2026-08-28 10:32:11.910353,KELANTAN,KOTA BHARU,PASAR BORONG RTC KOTA BHARU,Borong,20,Ternakan,11,001,TELUR AYAM,B,Biji,0.48,0.465,
30896652,2026-08-28,2026-08-28 10:32:11.910353,KELANTAN,KOTA BHARU,PASAR BORONG RTC KOTA BHARU,Borong,20,Ternakan,11,001,TELUR AYAM,B,Biji,0.48,0.465,
30896713,2026-08-28,2026-08-28 10:33:28.060333,KELANTAN,KOTA BHARU,PASAR BORONG RTC KOTA BHARU,Borong,20,Buah-Buahan,02,028,PISANG BERANGAN,F.A.Q,Kilogram,3.5,3.58,
30896714,2026-08-28,2026-08-28 10:33:28.060333,KELANTAN,KOTA BHARU,PASAR BORONG RTC KOTA BHARU,Borong,20,Buah-Buahan,02,028,PISANG BERANGAN,F.A.Q,Kilogram,3.5,3.58,
30896715,2026-08-28,2026-08-28 10:33:28.060333,KELANTAN,KOTA BHARU,PASAR BORONG RTC KOTA BHARU,Borong,20,Buah-Buahan,02,028,PISANG BERANGAN,F.A.Q,Kilogram,3.5,3.58,
30896716,2026-08-28,2026-08-28 10:33:28.060333,KELANTAN,KOTA BHARU,PASAR BORONG RTC KOTA BHARU,Borong,20,Buah-Buahan,02,028,PISANG BERANGAN,F.A.Q,Kilogram,3.7,3.58,
30896717,2026-08-28,2026-08-28 10:33:28.060333,KELANTAN,KOTA BHARU,PASAR BORONG RTC KOTA BHARU,Borong,20,Buah-Buahan,02,028,PISANG BERANGAN,F.A.Q,Kilogram,3.7,3.58,
30896718,2026-08-28,2026-08-28 10:33:28.060333,KELANTAN,KOTA BHARU,PASAR BORONG RTC KOTA BHARU,Borong,20,Buah-Buahan,02,034,TEMBIKAI MERAH TANPA BIJI,F.A.Q,Kilogram,3,2.85,
30896719,2026-08-28,2026-08-28 10:33:28.060333,KELANTAN,KOTA BHARU,PASAR BORONG RTC KOTA BHARU,Borong,20,Buah-Buahan,02,034,TEMBIKAI MERAH TANPA BIJI,F.A.Q,Kilogram,3,2.85,
30896720,2026-08-28,2026-08-28 10:33:28.060333,KELANTAN,KOTA BHARU,PASAR BORONG RTC KOTA BHARU,Borong,20,Buah-Buahan,02,034,TEMBIKAI MERAH TANPA BIJI,F.A.Q,Kilogram,3,2.85,
30896721,2026-08-28,2026-08-28 10:33:28.060333,KELANTAN,KOTA BHARU,PASAR BORONG RTC KOTA BHARU,Borong,20,Buah-Buahan,02,034,TEMBIKAI MERAH TANPA BIJI,F.A.Q,Kilogram,3.3,2.85,
30896722,2026-08-28,2026-08-28 10:33:28.060333,KELANTAN,KOTA BHARU,PASAR BORONG RTC KOTA BHARU,Borong,20,Buah-Buahan,02,034,TEMBIKAI MERAH TANPA BIJI,F.A.Q,Kilogram,3.3,2.85,
30896723,2026-08-28,2026-08-28 10:34:17.100356,KELANTAN,KOTA BHARU,PASAR BORONG RTC KOTA BHARU,Borong,20,Ternakan,02,003,DAGING LEMBU PEJAL,F.A.Q,Kilogram,25,25,
30896724,2026-08-28,2026-08-28 10:34:17.100356,KELANTAN,KOTA BHARU,PASAR BORONG RTC KOTA BHARU,Borong,20,Ternakan,02,003,DAGING LEMBU PEJAL,F.A.Q,Kilogram,25,25,
30896725,2026-08-28,2026-08-28 10:35:22.847325,PERLIS,PERLIS,PASAR BORONG KAMPUNG BAKAU,Borong,20,Ternakan,03,002,AYAM PROSES STANDARD,F.A.Q,Kilogram,8.2,8.2,
30896726,2026-08-28,2026-08-28 10:35:22.847325,PERLIS,PERLIS,PASAR BORONG KAMPUNG BAKAU,Borong,20,Ternakan,03,002,AYAM PROSES STANDARD,F.A.Q,Kilogram,8.2,8.2,
30896727,2026-08-28,2026-08-28 10:35:23.220105,KELANTAN,KOTA BHARU,PASAR BESAR SITI KHADIJAH,Runcit,26,Sayur-Sayuran,05,001,BAWANG BESAR MERAH (INDIA),F.A.Q,Kilogram,4,4,
30896728,2026-08-28,2026-08-28 10:35:23.220105,KELANTAN,KOTA BHARU,PASAR BESAR SITI KHADIJAH,Runcit,26,Sayur-Sayuran,05,001,BAWANG BESAR MERAH (INDIA),F.A.Q,Kilogram,4,4,
30896729,2026-08-28,2026-08-28 10:35:23.220105,KELANTAN,KOTA BHARU,PASAR BESAR SITI KHADIJAH,Runcit,26,Sayur-Sayuran,05,001,BAWANG BESAR MERAH (INDIA),F.A.Q,Kilogram,4,4,
30896730,2026-08-28,2026-08-28 10:35:23.220105,KELANTAN,KOTA BHARU,PASAR BESAR SITI KHADIJAH,Runcit,26,Sayur-Sayuran,05,001,BAWANG PUTIH (CHINA),F.A.Q,Kilogram,8,8,
30896731,2026-08-28,2026-08-28 10:35:23.220105,KELANTAN,KOTA BHARU,PASAR BESAR SITI KHADIJAH,Runcit,26,Sayur-Sayuran,05,001,BAWANG PUTIH (CHINA),F.A.Q,Kilogram,8,8,
30896732,2026-08-28,2026-08-28 10:35:23.220105,KELANTAN,KOTA BHARU,PASAR BESAR SITI KHADIJAH,Runcit,26,Sayur-Sayuran,05,001,BAWANG PUTIH (CHINA),F.A.Q,Kilogram,8,8,
30896733,2026-08-28,2026-08-28 10:36:07.688235,KELANTAN,KOTA BHARU,PASAR BESAR SITI KHADIJAH,Runcit,26,Ternakan,11,001,TELUR AYAM,B,Biji,0.52,0.5088889,
30896734,2026-08-28,2026-08-28 10:36:07.688235,KELANTAN,KOTA BHARU,PASAR BESAR SITI KHADIJAH,Runcit,26,Ternakan,11,001,TELUR AYAM,B,Biji,0.52,0.5088889,
30896735,2026-08-28,2026-08-28 10:36:07.688235,KELANTAN,KOTA BHARU,PASAR BESAR SITI KHADIJAH,Runcit,26,Ternakan,11,001,TELUR AYAM,B,Biji,0.52,0.5088889,
30896736,2026-08-28,2026-08-28 10:40:58.105689,KELANTAN,KOTA BHARU,PASAR BESAR SITI KHADIJAH,Runcit,26,Sayur-Sayuran,03,001,BAYAM,F.A.Q,Kilogram,5.5,5.7,
30896737,2026-08-28,2026-08-28 10:40:58.105689,KELANTAN,KOTA BHARU,PASAR BESAR SITI KHADIJAH,Runcit,26,Sayur-Sayuran,03,001,BAYAM,F.A.Q,Kilogram,5.5,5.7,
30896738,2026-08-28,2026-08-28 10:40:58.105689,KELANTAN,KOTA BHARU,PASAR BESAR SITI KHADIJAH,Runcit,26,Sayur-Sayuran,03,001,BAYAM,F.A.Q,Kilogram,5.5,5.7,
30896739,2026-08-28,2026-08-28 10:40:58.105689,KELANTAN,KOTA BHARU,PASAR BESAR SITI KHADIJAH,Runcit,26,Sayur-Sayuran,03,001,BAYAM,F.A.Q,Kilogram,6,5.7,
30896740,2026-08-28,2026-08-28 10:40:58.105689,KELANTAN,KOTA BHARU,PASAR BESAR SITI KHADIJAH,Runcit,26,Sayur-Sayuran,03,001,BAYAM,F.A.Q,Kilogram,6,5.7,
30896741,2026-08-28,2026-08-28 10:40:58.105689,KELANTAN,KOTA BHARU,PASAR BESAR SITI KHADIJAH,Runcit,26,Sayur-Sayuran,02,002,CILI MERAH KULAI / KULAI HIBRID,F.A.Q,Kilogram,14,13.6,
30896742,2026-08-28,2026-08-28 10:40:58.105689,KELANTAN,KOTA BHARU,PASAR BESAR SITI KHADIJAH,Runcit,26,Sayur-Sayuran,02,002,CILI MERAH KULAI / KULAI HIBRID,F.A.Q,Kilogram,14,13.6,
30896743,2026-08-28,2026-08-28 10:40:58.105689,KELANTAN,KOTA BHARU,PASAR BESAR SITI KHADIJAH,Runcit,26,Sayur-Sayuran,02,002,CILI MERAH KULAI / KULAI HIBRID,F.A.Q,Kilogram,14,13.6,
30896744,2026-08-28,2026-08-28 10:40:58.105689,KELANTAN,KOTA BHARU,PASAR BESAR SITI KHADIJAH,Runcit,26,Sayur-Sayuran,02,002,CILI MERAH KULAI / KULAI HIBRID,F.A.Q,Kilogram,13,13.6,
30896745,2026-08-28,2026-08-28 10:40:58.105689,KELANTAN,KOTA BHARU,PASAR BESAR SITI KHADIJAH,Runcit,26,Sayur-Sayuran,02,002,CILI MERAH KULAI / KULAI HIBRID,F.A.Q,Kilogram,13,13.6,
30896746,2026-08-28,2026-08-28 10:40:58.105689,KELANTAN,KOTA BHARU,PASAR BESAR SITI KHADIJAH,Runcit,26,Sayur-Sayuran,02,002,CILI MERAH MINYAK,F.A.Q,Kilogram,12,11.6,
30896747,2026-08-28,2026-08-28 10:40:58.105689,KELANTAN,KOTA BHARU,PASAR BESAR SITI KHADIJAH,Runcit,26,Sayur-Sayuran,02,002,CILI MERAH MINYAK,F.A.Q,Kilogram,12,11.6,
30896748,2026-08-28,2026-08-28 10:40:58.105689,KELANTAN,KOTA BHARU,PASAR BESAR SITI KHADIJAH,Runcit,26,Sayur-Sayuran,02,002,CILI MERAH MINYAK,F.A.Q,Kilogram,12,11.6,
30896749,2026-08-28,2026-08-28 10:40:58.105689,KELANTAN,KOTA BHARU,PASAR BESAR SITI KHADIJAH,Runcit,26,Sayur-Sayuran,02,002,CILI MERAH MINYAK,F.A.Q,Kilogram,11,11.6,
30896750,2026-08-28,2026-08-28 10:40:58.105689,KELANTAN,KOTA BHARU,PASAR BESAR SITI KHADIJAH,Runcit,26,Sayur-Sayuran,02,002,CILI MERAH MINYAK,F.A.Q,Kilogram,11,11.6,
30896751,2026-08-28,2026-08-28 10:40:58.105689,KELANTAN,KOTA BHARU,PASAR BESAR SITI KHADIJAH,Runcit,26,Sayur-Sayuran,04,002,KACANG BENDI,F.A.Q,Kilogram,9,5.8139534,
30896752,2026-08-28,2026-08-28 10:40:58.105689,KELANTAN,KOTA BHARU,PASAR BESAR SITI KHADIJAH,Runcit,26,Sayur-Sayuran,04,002,KACANG BENDI,F.A.Q,Kilogram,9,5.8139534,
30896753,2026-08-28,2026-08-28 10:40:58.105689,KELANTAN,KOTA BHARU,PASAR BESAR SITI KHADIJAH,Runcit,26,Sayur-Sayuran,04,002,KACANG BENDI,F.A.Q,Kilogram,9,5.8139534,
30896754,2026-08-28,2026-08-28 10:40:58.105689,KELANTAN,KOTA BHARU,PASAR BESAR SITI KHADIJAH,Runcit,26,Sayur-Sayuran,04,002,KACANG BENDI,F.A.Q,Kilogram,8,5.8139534,
30896755,2026-08-28,2026-08-28 10:40:58.105689,KELANTAN,KOTA BHARU,PASAR BESAR SITI KHADIJAH,Runcit,26,Sayur-Sayuran,04,002,KACANG BENDI,F.A.Q,Kilogram,8,5.8139534,
30896756,2026-08-28,2026-08-28 10:40:58.105689,KELANTAN,KOTA BHARU,PASAR BESAR SITI KHADIJAH,Runcit,26,Sayur-Sayuran,04,007,KACANG PANJANG HIJAU,F.A.Q,Kilogram,7,6.6,
30896757,2026-08-28,2026-08-28 10:40:58.105689,KELANTAN,KOTA BHARU,PASAR BESAR SITI KHADIJAH,Runcit,26,Sayur-Sayuran,04,007,KACANG PANJANG HIJAU,F.A.Q,Kilogram,7,6.6,
30896758,2026-08-28,2026-08-28 10:40:58.105689,KELANTAN,KOTA BHARU,PASAR BESAR SITI KHADIJAH,Runcit,26,Sayur-Sayuran,04,007,KACANG PANJANG HIJAU,F.A.Q,Kilogram,7,6.6,
30896759,2026-08-28,2026-08-28 10:40:58.105689,KELANTAN,KOTA BHARU,PASAR BESAR SITI KHADIJAH,Runcit,26,Sayur-Sayuran,04,007,KACANG PANJANG HIJAU,F.A.Q,Kilogram,6,6.6,
30896760,2026-08-28,2026-08-28 10:40:58.105689,KELANTAN,KOTA BHARU,PASAR BESAR SITI KHADIJAH,Runcit,26,Sayur-Sayuran,04,007,KACANG PANJANG HIJAU,F.A.Q,Kilogram,6,6.6,
30896761,2026-08-28,2026-08-28 10:40:58.105689,KELANTAN,KOTA BHARU,PASAR BESAR SITI KHADIJAH,Runcit,26,Sayur-Sayuran,03,006,KUBIS BULAT (TANAH TINGGI),F.A.Q,Kilogram,4,3.8139534,
30896762,2026-08-28,2026-08-28 10:40:58.105689,KELANTAN,KOTA BHARU,PASAR BESAR SITI KHADIJAH,Runcit,26,Sayur-Sayuran,03,006,KUBIS BULAT (TANAH TINGGI),F.A.Q,Kilogram,4,3.8139534,
30896763,2026-08-28,2026-08-28 10:40:58.105689,KELANTAN,KOTA BHARU,PASAR BESAR SITI KHADIJAH,Runcit,26,Sayur-Sayuran,03,006,KUBIS BULAT (TANAH TINGGI),F.A.Q,Kilogram,4,3.8139534,
30896764,2026-08-28,2026-08-28 10:40:58.105689,KELANTAN,KOTA BHARU,PASAR BESAR SITI KHADIJAH,Runcit,26,Sayur-Sayuran,03,006,KUBIS BULAT (TANAH TINGGI),F.A.Q,Kilogram,3.5,3.8139534,
30896765,2026-08-28,2026-08-28 10:40:58.105689,KELANTAN,KOTA BHARU,PASAR BESAR SITI KHADIJAH,Runcit,26,Sayur-Sayuran,03,006,KUBIS BULAT (TANAH TINGGI),F.A.Q,Kilogram,3.5,3.8139534,
30896766,2026-08-28,2026-08-28 10:40:58.105689,KELANTAN,KOTA BHARU,PASAR BESAR SITI KHADIJAH,Runcit,26,Sayur-Sayuran,03,007,SAWI HIJAU,F.A.Q,Kilogram,5.5,5.3,
30896767,2026-08-28,2026-08-28 10:40:58.105689,KELANTAN,KOTA BHARU,PASAR BESAR SITI KHADIJAH,Runcit,26,Sayur-Sayuran,03,007,SAWI HIJAU,F.A.Q,Kilogram,5.5,5.3,
30896768,2026-08-28,2026-08-28 10:40:58.105689,KELANTAN,KOTA BHARU,PASAR BESAR SITI KHADIJAH,Runcit,26,Sayur-Sayuran,03,007,SAWI HIJAU,F.A.Q,Kilogram,5.5,5.3,
30896769,2026-08-28,2026-08-28 10:40:58.105689,KELANTAN,KOTA BHARU,PASAR BESAR SITI KHADIJAH,Runcit,26,Sayur-Sayuran,03,007,SAWI HIJAU,F.A.Q,Kilogram,5,5.3,
30896770,2026-08-28,2026-08-28 10:40:58.105689,KELANTAN,KOTA BHARU,PASAR BESAR SITI KHADIJAH,Runcit,26,Sayur-Sayuran,03,007,SAWI HIJAU,F.A.Q,Kilogram,5,5.3,
30896771,2026-08-28,2026-08-28 10:40:58.105689,KELANTAN,KOTA BHARU,PASAR BESAR SITI KHADIJAH,Runcit,26,Sayur-Sayuran,02,010,TERUNG PANJANG / PEPARU (TANAH RENDAH),F.A.Q,Kilogram,5,4.8139534,
30896772,2026-08-28,2026-08-28 10:40:58.105689,KELANTAN,KOTA BHARU,PASAR BESAR SITI KHADIJAH,Runcit,26,Sayur-Sayuran,02,010,TERUNG PANJANG / PEPARU (TANAH RENDAH),F.A.Q,Kilogram,5,4.8139534,
30896773,2026-08-28,2026-08-28 10:40:58.105689,KELANTAN,KOTA BHARU,PASAR BESAR SITI KHADIJAH,Runcit,26,Sayur-Sayuran,02,010,TERUNG PANJANG / PEPARU (TANAH RENDAH),F.A.Q,Kilogram,5,4.8139534,
30896774,2026-08-28,2026-08-28 10:40:58.105689,KELANTAN,KOTA BHARU,PASAR BESAR SITI KHADIJAH,Runcit,26,Sayur-Sayuran,02,010,TERUNG PANJANG / PEPARU (TANAH RENDAH),F.A.Q,Kilogram,4.5,4.8139534,
30896775,2026-08-28,2026-08-28 10:40:58.105689,KELANTAN,KOTA BHARU,PASAR BESAR SITI KHADIJAH,Runcit,26,Sayur-Sayuran,02,010,TERUNG PANJANG / PEPARU (TANAH RENDAH),F.A.Q,Kilogram,4.5,4.8139534,
30896776,2026-08-28,2026-08-28 10:40:58.105689,KELANTAN,KOTA BHARU,PASAR BESAR SITI KHADIJAH,Runcit,26,Sayur-Sayuran,02,011,TIMUN HIJAU,F.A.Q,Kilogram,2.5,2.7142856,
30896777,2026-08-28,2026-08-28 10:40:58.105689,KELANTAN,KOTA BHARU,PASAR BESAR SITI KHADIJAH,Runcit,26,Sayur-Sayuran,02,011,TIMUN HIJAU,F.A.Q,Kilogram,2.5,2.7142856,
30896778,2026-08-28,2026-08-28 10:40:58.105689,KELANTAN,KOTA BHARU,PASAR BESAR SITI KHADIJAH,Runcit,26,Sayur-Sayuran,02,011,TIMUN HIJAU,F.A.Q,Kilogram,2.5,2.7142856,
30896779,2026-08-28,2026-08-28 10:40:58.105689,KELANTAN,KOTA BHARU,PASAR BESAR SITI KHADIJAH,Runcit,26,Sayur-Sayuran,02,011,TIMUN HIJAU,F.A.Q,Kilogram,3,2.7142856,
30896780,2026-08-28,2026-08-28 10:40:58.105689,KELANTAN,KOTA BHARU,PASAR BESAR SITI KHADIJAH,Runcit,26,Sayur-Sayuran,02,011,TIMUN HIJAU,F.A.Q,Kilogram,3,2.7142856,
30896781,2026-08-28,2026-08-28 10:40:58.105689,KELANTAN,KOTA BHARU,PASAR BESAR SITI KHADIJAH,Runcit,26,Sayur-Sayuran,02,012,TOMATO (TANAH TINGGI),F.A.Q,Kilogram,7,8.6,
30896782,2026-08-28,2026-08-28 10:40:58.105689,KELANTAN,KOTA BHARU,PASAR BESAR SITI KHADIJAH,Runcit,26,Sayur-Sayuran,02,012,TOMATO (TANAH TINGGI),F.A.Q,Kilogram,7,8.6,
30896783,2026-08-28,2026-08-28 10:40:58.105689,KELANTAN,KOTA BHARU,PASAR BESAR SITI KHADIJAH,Runcit,26,Sayur-Sayuran,02,012,TOMATO (TANAH TINGGI),F.A.Q,Kilogram,7,8.6,
30896784,2026-08-28,2026-08-28 10:40:58.105689,KELANTAN,KOTA BHARU,PASAR BESAR SITI KHADIJAH,Runcit,26,Sayur-Sayuran,02,012,TOMATO (TANAH TINGGI),F.A.Q,Kilogram,6,8.6,
30896785,2026-08-28,2026-08-28 10:40:58.105689,KELANTAN,KOTA BHARU,PASAR BESAR SITI KHADIJAH,Runcit,26,Sayur-Sayuran,02,012,TOMATO (TANAH TINGGI),F.A.Q,Kilogram,6,8.6,
30896786,2026-08-28,2026-08-28 10:42:05.880721,KELANTAN,KOTA BHARU,PASAR BESAR SITI KHADIJAH,Runcit,26,Buah-Buahan,02,028,PISANG BERANGAN,F.A.Q,Kilogram,5,5.2,
30896787,2026-08-28,2026-08-28 10:42:05.880721,KELANTAN,KOTA BHARU,PASAR BESAR SITI KHADIJAH,Runcit,26,Buah-Buahan,02,028,PISANG BERANGAN,F.A.Q,Kilogram,5,5.2,
30896788,2026-08-28,2026-08-28 10:42:05.880721,KELANTAN,KOTA BHARU,PASAR BESAR SITI KHADIJAH,Runcit,26,Buah-Buahan,02,028,PISANG BERANGAN,F.A.Q,Kilogram,5,5.2,
30896789,2026-08-28,2026-08-28 10:42:05.880721,KELANTAN,KOTA BHARU,PASAR BESAR SITI KHADIJAH,Runcit,26,Buah-Buahan,02,028,PISANG BERANGAN,F.A.Q,Kilogram,5.5,5.2,
30896790,2026-08-28,2026-08-28 10:42:05.880721,KELANTAN,KOTA BHARU,PASAR BESAR SITI KHADIJAH,Runcit,26,Buah-Buahan,02,028,PISANG BERANGAN,F.A.Q,Kilogram,5.5,5.2,
30896791,2026-08-28,2026-08-28 10:42:05.880721,KELANTAN,KOTA BHARU,PASAR BESAR SITI KHADIJAH,Runcit,26,Buah-Buahan,02,034,TEMBIKAI MERAH TANPA BIJI,F.A.Q,Kilogram,3.8,3.3953488,
30896792,2026-08-28,2026-08-28 10:42:05.880721,KELANTAN,KOTA BHARU,PASAR BESAR SITI KHADIJAH,Runcit,26,Buah-Buahan,02,034,TEMBIKAI MERAH TANPA BIJI,F.A.Q,Kilogram,3.8,3.3953488,
30896793,2026-08-28,2026-08-28 10:42:05.880721,KELANTAN,KOTA BHARU,PASAR BESAR SITI KHADIJAH,Runcit,26,Buah-Buahan,02,034,TEMBIKAI MERAH TANPA BIJI,F.A.Q,Kilogram,3.8,3.3953488,
30896794,2026-08-28,2026-08-28 10:42:05.880721,KELANTAN,KOTA BHARU,PASAR BESAR SITI KHADIJAH,Runcit,26,Buah-Buahan,02,034,TEMBIKAI MERAH TANPA BIJI,F.A.Q,Kilogram,3.5,3.3953488,
30896795,2026-08-28,2026-08-28 10:42:05.880721,KELANTAN,KOTA BHARU,PASAR BESAR SITI KHADIJAH,Runcit,26,Buah-Buahan,02,034,TEMBIKAI MERAH TANPA BIJI,F.A.Q,Kilogram,3.5,3.3953488,
30896848,2026-08-28,2026-08-28 10:42:34.913175,PERAK,KINTA,PASAR BORONG KUALA PARI,Borong,20,Ternakan,03,002,AYAM PROSES STANDARD,F.A.Q,Kilogram,8.9,9,
30896849,2026-08-28,2026-08-28 10:42:41.445039,KELANTAN,KOTA BHARU,PASAR BESAR SITI KHADIJAH,Runcit,26,Ternakan,03,002,AYAM PROSES STANDARD,F.A.Q,Kilogram,9.5,9.5,
30896850,2026-08-28,2026-08-28 10:42:41.445039,KELANTAN,KOTA BHARU,PASAR BESAR SITI KHADIJAH,Runcit,26,Ternakan,03,002,AYAM PROSES STANDARD,F.A.Q,Kilogram,9.5,9.5,
30896851,2026-08-28,2026-08-28 10:43:07.167186,PERAK,KINTA,[PASAR BORONG] JALAN LAXAMANA,Borong,20,Ternakan,02,003,DAGING LEMBU PEJAL,F.A.Q,Kilogram,30,29,
30896852,2026-08-28,2026-08-28 10:43:07.167186,PERAK,KINTA,[PASAR BORONG] JALAN LAXAMANA,Borong,20,Ternakan,02,003,DAGING LEMBU PEJAL,F.A.Q,Kilogram,28,29,
30896853,2026-08-28,2026-08-28 10:43:29.300173,KELANTAN,KOTA BHARU,PASAR BESAR SITI KHADIJAH,Runcit,26,Ternakan,02,003,DAGING LEMBU PEJAL,F.A.Q,Kilogram,26,26.025,
30896854,2026-08-28,2026-08-28 10:43:29.300173,KELANTAN,KOTA BHARU,PASAR BESAR SITI KHADIJAH,Runcit,26,Ternakan,02,003,DAGING LEMBU PEJAL,F.A.Q,Kilogram,26,26.025,
30896855,2026-08-28,2026-08-28 10:43:29.300173,KELANTAN,KOTA BHARU,PASAR BESAR SITI KHADIJAH,Runcit,26,Ternakan,02,003,DAGING LEMBU PEJAL,F.A.Q,Kilogram,26,26.025,
30896856,2026-08-28,2026-08-28 10:43:29.300173,KELANTAN,KOTA BHARU,PASAR BESAR SITI KHADIJAH,Runcit,26,Ternakan,02,003,DAGING LEMBU PEJAL,F.A.Q,Kilogram,27,26.025,
30896857,2026-08-28,2026-08-28 10:43:33.861954,PERAK,KINTA,PASAR BESAR IPOH,Runcit,26,Ternakan,03,002,AYAM PROSES STANDARD,F.A.Q,Kilogram,11,11,
30896858,2026-08-28,2026-08-28 10:43:33.861954,PERAK,KINTA,PASAR BESAR IPOH,Runcit,26,Ternakan,02,003,DAGING LEMBU PEJAL,F.A.Q,Kilogram,38,38,
30896859,2026-08-28,2026-08-28 10:43:48.907474,PERAK,KINTA,LADANG/KEBUN IPOH,Ladang,,Ternakan,01,003,AYAM HIDUP,F.A.Q,Kilogram,6.2,6.2,
30896860,2026-08-28,2026-08-28 10:44:04.634587,KELANTAN,KOTA BHARU,PASAR BESAR SITI KHADIJAH,Runcit,26,Lain-Lain Makanan Proses,15,001,SANTAN PEKAT,F.A.Q,Kilogram,17,17,
30896861,2026-08-28,2026-08-28 10:45:32.367343,PERAK,KINTA,[PASAR BORONG] JALAN LAXAMANA,Borong,20,Tanaman Kontan,05,001,KELAPA DIKUPAS,SEDANG,Biji,2,2.2,
30896878,2026-08-28,2026-08-28 10:47:35.015754,PERLIS,PERLIS,PASAR BORONG KAMPUNG BAKAU,Borong,20,Sayur-Sayuran,03,001,BAYAM,F.A.Q,Kilogram,4,4.0833335,
30896879,2026-08-28,2026-08-28 10:47:35.015754,PERLIS,PERLIS,PASAR BORONG KAMPUNG BAKAU,Borong,20,Sayur-Sayuran,03,001,BAYAM,F.A.Q,Kilogram,4,4.0833335,
30896880,2026-08-28,2026-08-28 10:47:35.015754,PERLIS,PERLIS,PASAR BORONG KAMPUNG BAKAU,Borong,20,Sayur-Sayuran,03,001,BAYAM,F.A.Q,Kilogram,4,4.0833335,
30896881,2026-08-28,2026-08-28 10:47:35.015754,PERLIS,PERLIS,PASAR BORONG KAMPUNG BAKAU,Borong,20,Sayur-Sayuran,03,001,BAYAM,F.A.Q,Kilogram,4,4.0833335,
30896882,2026-08-28,2026-08-28 10:47:35.015754,PERLIS,PERLIS,PASAR BORONG KAMPUNG BAKAU,Borong,20,Sayur-Sayuran,02,002,CILI MERAH KULAI / KULAI HIBRID,F.A.Q,Kilogram,15,13.833333,
30896883,2026-08-28,2026-08-28 10:47:35.015754,PERLIS,PERLIS,PASAR BORONG KAMPUNG BAKAU,Borong,20,Sayur-Sayuran,02,002,CILI MERAH KULAI / KULAI HIBRID,F.A.Q,Kilogram,15,13.833333,
30896884,2026-08-28,2026-08-28 10:47:35.015754,PERLIS,PERLIS,PASAR BORONG KAMPUNG BAKAU,Borong,20,Sayur-Sayuran,02,002,CILI MERAH KULAI / KULAI HIBRID,F.A.Q,Kilogram,15,13.833333,
30896885,2026-08-28,2026-08-28 10:47:35.015754,PERLIS,PERLIS,PASAR BORONG KAMPUNG BAKAU,Borong,20,Sayur-Sayuran,02,002,CILI MERAH KULAI / KULAI HIBRID,F.A.Q,Kilogram,15,13.833333,
30896886,2026-08-28,2026-08-28 10:47:35.015754,PERLIS,PERLIS,PASAR BORONG KAMPUNG BAKAU,Borong,20,Sayur-Sayuran,02,002,CILI MERAH MINYAK,F.A.Q,Kilogram,9,9,
30896887,2026-08-28,2026-08-28 10:47:35.015754,PERLIS,PERLIS,PASAR BORONG KAMPUNG BAKAU,Borong,20,Sayur-Sayuran,02,002,CILI MERAH MINYAK,F.A.Q,Kilogram,9,9,
30896888,2026-08-28,2026-08-28 10:47:35.015754,PERLIS,PERLIS,PASAR BORONG KAMPUNG BAKAU,Borong,20,Sayur-Sayuran,02,002,CILI MERAH MINYAK,F.A.Q,Kilogram,9,9,
30896889,2026-08-28,2026-08-28 10:47:35.015754,PERLIS,PERLIS,PASAR BORONG KAMPUNG BAKAU,Borong,20,Sayur-Sayuran,02,002,CILI MERAH MINYAK,F.A.Q,Kilogram,9,9,
30896890,2026-08-28,2026-08-28 10:47:35.015754,PERLIS,PERLIS,PASAR BORONG KAMPUNG BAKAU,Borong,20,Sayur-Sayuran,04,002,KACANG BENDI,F.A.Q,Kilogram,6,5.7916665,
30896891,2026-08-28,2026-08-28 10:47:35.015754,PERLIS,PERLIS,PASAR BORONG KAMPUNG BAKAU,Borong,20,Sayur-Sayuran,04,002,KACANG BENDI,F.A.Q,Kilogram,6,5.7916665,
30896892,2026-08-28,2026-08-28 10:47:35.015754,PERLIS,PERLIS,PASAR BORONG KAMPUNG BAKAU,Borong,20,Sayur-Sayuran,04,002,KACANG BENDI,F.A.Q,Kilogram,6,5.7916665,
30896893,2026-08-28,2026-08-28 10:47:35.015754,PERLIS,PERLIS,PASAR BORONG KAMPUNG BAKAU,Borong,20,Sayur-Sayuran,04,002,KACANG BENDI,F.A.Q,Kilogram,6,5.7916665,
30896894,2026-08-28,2026-08-28 10:47:35.015754,PERLIS,PERLIS,PASAR BORONG KAMPUNG BAKAU,Borong,20,Sayur-Sayuran,04,007,KACANG PANJANG HIJAU,F.A.Q,Kilogram,5,5,
30896895,2026-08-28,2026-08-28 10:47:35.015754,PERLIS,PERLIS,PASAR BORONG KAMPUNG BAKAU,Borong,20,Sayur-Sayuran,04,007,KACANG PANJANG HIJAU,F.A.Q,Kilogram,5,5,
30896896,2026-08-28,2026-08-28 10:47:35.015754,PERLIS,PERLIS,PASAR BORONG KAMPUNG BAKAU,Borong,20,Sayur-Sayuran,04,007,KACANG PANJANG HIJAU,F.A.Q,Kilogram,5,5,
30896897,2026-08-28,2026-08-28 10:47:35.015754,PERLIS,PERLIS,PASAR BORONG KAMPUNG BAKAU,Borong,20,Sayur-Sayuran,04,007,KACANG PANJANG HIJAU,F.A.Q,Kilogram,5,5,
30896898,2026-08-28,2026-08-28 10:47:35.015754,PERLIS,PERLIS,PASAR BORONG KAMPUNG BAKAU,Borong,20,Sayur-Sayuran,03,007,SAWI HIJAU,F.A.Q,Kilogram,4,4,
30896899,2026-08-28,2026-08-28 10:47:35.015754,PERLIS,PERLIS,PASAR BORONG KAMPUNG BAKAU,Borong,20,Sayur-Sayuran,03,007,SAWI HIJAU,F.A.Q,Kilogram,4,4,
30896900,2026-08-28,2026-08-28 10:47:35.015754,PERLIS,PERLIS,PASAR BORONG KAMPUNG BAKAU,Borong,20,Sayur-Sayuran,03,007,SAWI HIJAU,F.A.Q,Kilogram,4,4,
30896901,2026-08-28,2026-08-28 10:47:35.015754,PERLIS,PERLIS,PASAR BORONG KAMPUNG BAKAU,Borong,20,Sayur-Sayuran,03,007,SAWI HIJAU,F.A.Q,Kilogram,4,4,
30896902,2026-08-28,2026-08-28 10:47:35.015754,PERLIS,PERLIS,PASAR BORONG KAMPUNG BAKAU,Borong,20,Sayur-Sayuran,02,010,TERUNG PANJANG / PEPARU (TANAH RENDAH),F.A.Q,Kilogram,5,5,
30896903,2026-08-28,2026-08-28 10:47:35.015754,PERLIS,PERLIS,PASAR BORONG KAMPUNG BAKAU,Borong,20,Sayur-Sayuran,02,010,TERUNG PANJANG / PEPARU (TANAH RENDAH),F.A.Q,Kilogram,5,5,
30896904,2026-08-28,2026-08-28 10:47:35.015754,PERLIS,PERLIS,PASAR BORONG KAMPUNG BAKAU,Borong,20,Sayur-Sayuran,02,010,TERUNG PANJANG / PEPARU (TANAH RENDAH),F.A.Q,Kilogram,5,5,
30896905,2026-08-28,2026-08-28 10:47:35.015754,PERLIS,PERLIS,PASAR BORONG KAMPUNG BAKAU,Borong,20,Sayur-Sayuran,02,010,TERUNG PANJANG / PEPARU (TANAH RENDAH),F.A.Q,Kilogram,5,5,
30896906,2026-08-28,2026-08-28 10:47:35.015754,PERLIS,PERLIS,PASAR BORONG KAMPUNG BAKAU,Borong,20,Sayur-Sayuran,02,011,TIMUN HIJAU,F.A.Q,Kilogram,2.5,2.5708334,
30896907,2026-08-28,2026-08-28 10:47:35.015754,PERLIS,PERLIS,PASAR BORONG KAMPUNG BAKAU,Borong,20,Sayur-Sayuran,02,011,TIMUN HIJAU,F.A.Q,Kilogram,2.5,2.5708334,
30896908,2026-08-28,2026-08-28 10:47:35.015754,PERLIS,PERLIS,PASAR BORONG KAMPUNG BAKAU,Borong,20,Sayur-Sayuran,02,011,TIMUN HIJAU,F.A.Q,Kilogram,2.5,2.5708334,
30896909,2026-08-28,2026-08-28 10:47:35.015754,PERLIS,PERLIS,PASAR BORONG KAMPUNG BAKAU,Borong,20,Sayur-Sayuran,02,011,TIMUN HIJAU,F.A.Q,Kilogram,2.5,2.5708334,
30896910,2026-08-28,2026-08-28 10:47:35.015754,PERLIS,PERLIS,PASAR BORONG KAMPUNG BAKAU,Borong,20,Sayur-Sayuran,02,012,TOMATO (TANAH TINGGI),F.A.Q,Kilogram,5.5,5.25,
30896911,2026-08-28,2026-08-28 10:47:35.015754,PERLIS,PERLIS,PASAR BORONG KAMPUNG BAKAU,Borong,20,Sayur-Sayuran,02,012,TOMATO (TANAH TINGGI),F.A.Q,Kilogram,5.5,5.25,
30896912,2026-08-28,2026-08-28 10:47:35.015754,PERLIS,PERLIS,PASAR BORONG KAMPUNG BAKAU,Borong,20,Sayur-Sayuran,02,012,TOMATO (TANAH TINGGI),F.A.Q,Kilogram,5.5,5.25,
30896913,2026-08-28,2026-08-28 10:47:35.015754,PERLIS,PERLIS,PASAR BORONG KAMPUNG BAKAU,Borong,20,Sayur-Sayuran,02,012,TOMATO (TANAH TINGGI),F.A.Q,Kilogram,5.5,5.25,
30896914,2026-08-28,2026-08-28 10:49:12.928839,PERAK,KINTA,PASAR BESAR IPOH,Runcit,26,Lain-Lain Makanan Proses,15,001,SANTAN PEKAT,F.A.Q,Kilogram,15,15,
30896927,2026-08-28,2026-08-28 10:50:01.614645,PERAK,KINTA,PASAR BESAR IPOH,Runcit,26,Tanaman Kontan,05,001,KELAPA DIKUPAS,SEDANG,Biji,3,3,
30896928,2026-08-28,2026-08-28 10:51:40.893496,PERLIS,PERLIS,PASAR AWAM SENA,Runcit,26,Tanaman Kontan,05,001,KELAPA DIKUPAS,SEDANG,Biji,2.5,2.5,
30896929,2026-08-28,2026-08-28 10:51:40.893496,PERLIS,PERLIS,PASAR AWAM SENA,Runcit,26,Tanaman Kontan,05,001,KELAPA DIKUPAS,SEDANG,Biji,2.5,2.5,
30896930,2026-08-28,2026-08-28 10:51:40.893496,PERLIS,PERLIS,PASAR AWAM SENA,Runcit,26,Tanaman Kontan,05,001,KELAPA DIKUPAS,SEDANG,Biji,2.5,2.5,
30896931,2026-08-28,2026-08-28 10:51:40.893496,PERLIS,PERLIS,PASAR AWAM SENA,Runcit,26,Tanaman Kontan,05,001,KELAPA DIKUPAS,SEDANG,Biji,2.5,2.5,
30896932,2026-08-28,2026-08-28 10:51:40.893496,PERLIS,PERLIS,PASAR AWAM SENA,Runcit,26,Lain-Lain Makanan Proses,15,001,SANTAN PEKAT,F.A.Q,Kilogram,15,15.114583,
30896933,2026-08-28,2026-08-28 10:51:40.893496,PERLIS,PERLIS,PASAR AWAM SENA,Runcit,26,Lain-Lain Makanan Proses,15,001,SANTAN PEKAT,F.A.Q,Kilogram,15.5,15.114583,
30896934,2026-08-28,2026-08-28 10:51:40.893496,PERLIS,PERLIS,PASAR AWAM SENA,Runcit,26,Lain-Lain Makanan Proses,15,001,SANTAN PEKAT,F.A.Q,Kilogram,15,15.114583,
30896935,2026-08-28,2026-08-28 10:51:40.893496,PERLIS,PERLIS,PASAR AWAM SENA,Runcit,26,Lain-Lain Makanan Proses,15,001,SANTAN PEKAT,F.A.Q,Kilogram,15,15.114583,
30896936,2026-08-28,2026-08-28 10:53:12.803263,PERAK,KINTA,LADANG/KEBUN IPOH,Ladang,,Tanaman Kontan,05,001,KELAPA DIKUPAS,SEDANG,Biji,1.5,1.5,
30896937,2026-08-28,2026-08-28 10:53:26.830195,NEGERI SEMBILAN,SEREMBAN,PASAR BESAR SEREMBAN - BAHAGIAN BORONG,Borong,20,Ternakan,03,002,AYAM PROSES STANDARD,F.A.Q,Kilogram,8.6,8.92,
30896938,2026-08-28,2026-08-28 10:53:26.830195,NEGERI SEMBILAN,SEREMBAN,PASAR BESAR SEREMBAN - BAHAGIAN BORONG,Borong,20,Ternakan,03,002,AYAM PROSES STANDARD,F.A.Q,Kilogram,9.4,8.92,
30896939,2026-08-28,2026-08-28 10:53:26.830195,NEGERI SEMBILAN,SEREMBAN,PASAR BESAR SEREMBAN - BAHAGIAN BORONG,Borong,20,Ternakan,02,003,DAGING LEMBU PEJAL,F.A.Q,Kilogram,35,35,
30896940,2026-08-28,2026-08-28 10:53:26.830195,NEGERI SEMBILAN,SEREMBAN,PASAR BESAR SEREMBAN - BAHAGIAN BORONG,Borong,20,Ternakan,02,003,DAGING LEMBU PEJAL,F.A.Q,Kilogram,35,35,
30896941,2026-08-28,2026-08-28 10:53:26.830195,NEGERI SEMBILAN,SEREMBAN,PASAR BESAR SEREMBAN - BAHAGIAN BORONG,Borong,20,Ternakan,11,001,TELUR AYAM,B,Biji,0.48,0.468,
30896942,2026-08-28,2026-08-28 10:53:26.830195,NEGERI SEMBILAN,SEREMBAN,PASAR BESAR SEREMBAN - BAHAGIAN BORONG,Borong,20,Ternakan,11,001,TELUR AYAM,B,Biji,0.48,0.468,
30896943,2026-08-28,2026-08-28 10:53:26.830195,NEGERI SEMBILAN,SEREMBAN,PASAR BESAR SEREMBAN - BAHAGIAN BORONG,Borong,20,Ternakan,11,001,TELUR AYAM,B,Biji,0.48,0.468,
30896944,2026-08-28,2026-08-28 10:55:24.214048,PERAK,KINTA,PASAR BORONG KUALA PARI,Borong,20,Sayur-Sayuran,05,001,BAWANG BESAR MERAH (INDIA),F.A.Q,Kilogram,2.3,1.8833333,
30896945,2026-08-28,2026-08-28 10:55:24.214048,PERAK,KINTA,PASAR BORONG KUALA PARI,Borong,20,Sayur-Sayuran,05,001,BAWANG BESAR MERAH (INDIA),F.A.Q,Kilogram,2.3,1.8833333,
30896946,2026-08-28,2026-08-28 10:55:24.214048,PERAK,KINTA,PASAR BORONG KUALA PARI,Borong,20,Sayur-Sayuran,05,001,BAWANG PUTIH (CHINA),F.A.Q,Kilogram,6.5,6.15,
30896947,2026-08-28,2026-08-28 10:55:24.214048,PERAK,KINTA,PASAR BORONG KUALA PARI,Borong,20,Sayur-Sayuran,05,001,BAWANG PUTIH (CHINA),F.A.Q,Kilogram,6,6.15,
30896948,2026-08-28,2026-08-28 10:56:39.002213,PERAK,KINTA,PASAR BESAR IPOH,Runcit,26,Sayur-Sayuran,05,001,BAWANG BESAR MERAH (INDIA),F.A.Q,Kilogram,4,3.75,
30896949,2026-08-28,2026-08-28 10:56:39.002213,PERAK,KINTA,PASAR BESAR IPOH,Runcit,26,Sayur-Sayuran,05,001,BAWANG BESAR MERAH (INDIA),F.A.Q,Kilogram,3.5,3.75,
30896950,2026-08-28,2026-08-28 10:56:39.002213,PERAK,KINTA,PASAR BESAR IPOH,Runcit,26,Sayur-Sayuran,05,001,BAWANG PUTIH (CHINA),F.A.Q,Kilogram,10,10,
30896951,2026-08-28,2026-08-28 10:56:39.002213,PERAK,KINTA,PASAR BESAR IPOH,Runcit,26,Sayur-Sayuran,05,001,BAWANG PUTIH (CHINA),F.A.Q,Kilogram,10,10,
30896952,2026-08-28,2026-08-28 10:57:17.789328,NEGERI SEMBILAN,SEREMBAN,PASAR BESAR SEREMBAN - BAHAGIAN BORONG,Borong,20,Tanaman Kontan,05,001,KELAPA DIKUPAS,SEDANG,Biji,2.6,2.6,
30896953,2026-08-28,2026-08-28 10:57:17.789328,NEGERI SEMBILAN,SEREMBAN,PASAR BESAR SEREMBAN - BAHAGIAN BORONG,Borong,20,Buah-Buahan,02,023,NANAS JOSAPINE (AC5),F.A.Q,Kilogram,3.6,3.3,
30896954,2026-08-28,2026-08-28 10:57:17.789328,NEGERI SEMBILAN,SEREMBAN,PASAR BESAR SEREMBAN - BAHAGIAN BORONG,Borong,20,Buah-Buahan,02,023,NANAS JOSAPINE (AC5),F.A.Q,Kilogram,3.2,3.3,
30896955,2026-08-28,2026-08-28 10:57:17.789328,NEGERI SEMBILAN,SEREMBAN,PASAR BESAR SEREMBAN - BAHAGIAN BORONG,Borong,20,Buah-Buahan,02,023,NANAS JOSAPINE (AC5),F.A.Q,Kilogram,3.5,3.3,
30896956,2026-08-28,2026-08-28 10:57:17.789328,NEGERI SEMBILAN,SEREMBAN,PASAR BESAR SEREMBAN - BAHAGIAN BORONG,Borong,20,Buah-Buahan,02,028,PISANG BERANGAN,F.A.Q,Kilogram,4,3.8333333,
30896957,2026-08-28,2026-08-28 10:57:17.789328,NEGERI SEMBILAN,SEREMBAN,PASAR BESAR SEREMBAN - BAHAGIAN BORONG,Borong,20,Buah-Buahan,02,028,PISANG BERANGAN,F.A.Q,Kilogram,3.9,3.8333333,
30896958,2026-08-28,2026-08-28 10:57:17.789328,NEGERI SEMBILAN,SEREMBAN,PASAR BESAR SEREMBAN - BAHAGIAN BORONG,Borong,20,Buah-Buahan,02,028,PISANG BERANGAN,F.A.Q,Kilogram,3.4,3.8333333,
30896959,2026-08-28,2026-08-28 10:57:17.789328,NEGERI SEMBILAN,SEREMBAN,PASAR BESAR SEREMBAN - BAHAGIAN BORONG,Borong,20,Buah-Buahan,02,034,TEMBIKAI MERAH TANPA BIJI,F.A.Q,Kilogram,2.8,2.5433333,
30896960,2026-08-28,2026-08-28 10:57:17.789328,NEGERI SEMBILAN,SEREMBAN,PASAR BESAR SEREMBAN - BAHAGIAN BORONG,Borong,20,Buah-Buahan,02,034,TEMBIKAI MERAH TANPA BIJI,F.A.Q,Kilogram,2.3,2.5433333,
30896961,2026-08-28,2026-08-28 10:57:17.789328,NEGERI SEMBILAN,SEREMBAN,PASAR BESAR SEREMBAN - BAHAGIAN BORONG,Borong,20,Buah-Buahan,02,034,TEMBIKAI MERAH TANPA BIJI,F.A.Q,Kilogram,2.5,2.5433333,
30896962,2026-08-28,2026-08-28 10:57:34.638558,PERAK,KINTA,,Borong,20,Ternakan,11,001,TELUR AYAM,B,Biji,0.48,0.46222222,
30896963,2026-08-28,2026-08-28 10:58:01.432818,PERAK,KINTA,PASAR BESAR IPOH,Runcit,26,Ternakan,11,001,TELUR AYAM,B,Biji,0.5,0.48222223,
30896964,2026-08-28,2026-08-28 10:59:24.175868,PERAK,KINTA,LADANG/KEBUN IPOH,Ladang,,Ternakan,11,001,TELUR AYAM,B,Biji,0.46,0.4422222,
30896965,2026-08-28,2026-08-28 10:59:46.519702,NEGERI SEMBILAN,SEREMBAN,PASAR BESAR SEREMBAN - BAHAGIAN BORONG,Borong,20,Sayur-Sayuran,05,001,BAWANG BESAR MERAH (INDIA),F.A.Q,Kilogram,2.8,2.9966667,
30896966,2026-08-28,2026-08-28 10:59:46.519702,NEGERI SEMBILAN,SEREMBAN,PASAR BESAR SEREMBAN - BAHAGIAN BORONG,Borong,20,Sayur-Sayuran,05,001,BAWANG BESAR MERAH (INDIA),F.A.Q,Kilogram,3.4,2.9966667,
30896967,2026-08-28,2026-08-28 10:59:46.519702,NEGERI SEMBILAN,SEREMBAN,PASAR BESAR SEREMBAN - BAHAGIAN BORONG,Borong,20,Sayur-Sayuran,05,001,BAWANG BESAR MERAH (INDIA),F.A.Q,Kilogram,3,2.9966667,
30896968,2026-08-28,2026-08-28 10:59:46.519702,NEGERI SEMBILAN,SEREMBAN,PASAR BESAR SEREMBAN - BAHAGIAN BORONG,Borong,20,Sayur-Sayuran,05,001,BAWANG PUTIH (CHINA),F.A.Q,Kilogram,8.7,9.016666,
30896969,2026-08-28,2026-08-28 10:59:46.519702,NEGERI SEMBILAN,SEREMBAN,PASAR BESAR SEREMBAN - BAHAGIAN BORONG,Borong,20,Sayur-Sayuran,05,001,BAWANG PUTIH (CHINA),F.A.Q,Kilogram,9.5,9.016666,
30896970,2026-08-28,2026-08-28 10:59:46.519702,NEGERI SEMBILAN,SEREMBAN,PASAR BESAR SEREMBAN - BAHAGIAN BORONG,Borong,20,Sayur-Sayuran,05,001,BAWANG PUTIH (CHINA),F.A.Q,Kilogram,8.9,9.016666,
30896971,2026-08-28,2026-08-28 11:00:51.753564,PERLIS,PERLIS,PASAR AWAM SENA,Runcit,26,Sayur-Sayuran,05,001,BAWANG BESAR MERAH (INDIA),F.A.Q,Kilogram,4,4.230769,
30896972,2026-08-28,2026-08-28 11:00:51.753564,PERLIS,PERLIS,PASAR AWAM SENA,Runcit,26,Sayur-Sayuran,05,001,BAWANG BESAR MERAH (INDIA),F.A.Q,Kilogram,4,4.230769,
30896973,2026-08-28,2026-08-28 11:00:51.753564,PERLIS,PERLIS,PASAR AWAM SENA,Runcit,26,Sayur-Sayuran,05,001,BAWANG BESAR MERAH (INDIA),F.A.Q,Kilogram,4,4.230769,
30896974,2026-08-28,2026-08-28 11:00:51.753564,PERLIS,PERLIS,PASAR AWAM SENA,Runcit,26,Sayur-Sayuran,05,001,BAWANG PUTIH (CHINA),F.A.Q,Kilogram,10,8.960784,
30896975,2026-08-28,2026-08-28 11:00:51.753564,PERLIS,PERLIS,PASAR AWAM SENA,Runcit,26,Sayur-Sayuran,05,001,BAWANG PUTIH (CHINA),F.A.Q,Kilogram,10,8.960784,
30896976,2026-08-28,2026-08-28 11:00:51.753564,PERLIS,PERLIS,PASAR AWAM SENA,Runcit,26,Sayur-Sayuran,05,001,BAWANG PUTIH (CHINA),F.A.Q,Kilogram,10,8.960784,
30896977,2026-08-28,2026-08-28 11:00:51.753564,PERLIS,PERLIS,PASAR AWAM SENA,Runcit,26,Ternakan,11,001,TELUR AYAM,B,Biji,0.5,0.4427027,
30896978,2026-08-28,2026-08-28 11:00:51.753564,PERLIS,PERLIS,PASAR AWAM SENA,Runcit,26,Ternakan,11,001,TELUR AYAM,B,Biji,0.5,0.4427027,
30896979,2026-08-28,2026-08-28 11:00:51.753564,PERLIS,PERLIS,PASAR AWAM SENA,Runcit,26,Ternakan,11,001,TELUR AYAM,B,Biji,0.5,0.4427027,
30896980,2026-08-28,2026-08-28 11:01:30.047651,PERLIS,PERLIS,PASAR AWAM SENA,Runcit,26,Ternakan,02,003,DAGING LEMBU PEJAL,F.A.Q,Kilogram,30,30,
30896981,2026-08-28,2026-08-28 11:01:30.047651,PERLIS,PERLIS,PASAR AWAM SENA,Runcit,26,Ternakan,02,003,DAGING LEMBU PEJAL,F.A.Q,Kilogram,30,30,
30896982,2026-08-28,2026-08-28 11:02:10.028096,PERLIS,PERLIS,PASAR AWAM SENA,Runcit,26,Buah-Buahan,02,028,PISANG BERANGAN,F.A.Q,Kilogram,6,6.0833335,
30896983,2026-08-28,2026-08-28 11:02:10.028096,PERLIS,PERLIS,PASAR AWAM SENA,Runcit,26,Buah-Buahan,02,028,PISANG BERANGAN,F.A.Q,Kilogram,6,6.0833335,
30896984,2026-08-28,2026-08-28 11:02:10.028096,PERLIS,PERLIS,PASAR AWAM SENA,Runcit,26,Buah-Buahan,02,028,PISANG BERANGAN,F.A.Q,Kilogram,6,6.0833335,
30896985,2026-08-28,2026-08-28 11:02:10.028096,PERLIS,PERLIS,PASAR AWAM SENA,Runcit,26,Buah-Buahan,02,034,TEMBIKAI MERAH TANPA BIJI,F.A.Q,Kilogram,4,4,
30896986,2026-08-28,2026-08-28 11:02:10.028096,PERLIS,PERLIS,PASAR AWAM SENA,Runcit,26,Buah-Buahan,02,034,TEMBIKAI MERAH TANPA BIJI,F.A.Q,Kilogram,4,4,
30896987,2026-08-28,2026-08-28 11:02:10.028096,PERLIS,PERLIS,PASAR AWAM SENA,Runcit,26,Buah-Buahan,02,034,TEMBIKAI MERAH TANPA BIJI,F.A.Q,Kilogram,4,4,
30896988,2026-08-28,2026-08-28 11:02:33.23823,PERAK,KINTA,[PASAR BORONG] JALAN LAXAMANA,Borong,20,Buah-Buahan,02,023,NANAS JOSAPINE (AC5),F.A.Q,Kilogram,3,2.75,
30896989,2026-08-28,2026-08-28 11:02:33.23823,PERAK,KINTA,[PASAR BORONG] JALAN LAXAMANA,Borong,20,Buah-Buahan,02,023,NANAS JOSAPINE (AC5),F.A.Q,Kilogram,2.5,2.75,
30896990,2026-08-28,2026-08-28 11:02:33.23823,PERAK,KINTA,[PASAR BORONG] JALAN LAXAMANA,Borong,20,Buah-Buahan,02,028,PISANG BERANGAN,F.A.Q,Kilogram,4.5,4.25,
30896991,2026-08-28,2026-08-28 11:02:33.23823,PERAK,KINTA,[PASAR BORONG] JALAN LAXAMANA,Borong,20,Buah-Buahan,02,028,PISANG BERANGAN,F.A.Q,Kilogram,4,4.25,
30896992,2026-08-28,2026-08-28 11:02:33.23823,PERAK,KINTA,[PASAR BORONG] JALAN LAXAMANA,Borong,20,Buah-Buahan,02,034,TEMBIKAI MERAH TANPA BIJI,F.A.Q,Kilogram,2.55,2.3944445,
30896993,2026-08-28,2026-08-28 11:02:33.23823,PERAK,KINTA,[PASAR BORONG] JALAN LAXAMANA,Borong,20,Buah-Buahan,02,034,TEMBIKAI MERAH TANPA BIJI,F.A.Q,Kilogram,2.35,2.3944445,
30896994,2026-08-28,2026-08-28 11:03:25.967056,PERAK,KINTA,LADANG/KEBUN IPOH,Ladang,,Buah-Buahan,02,028,PISANG BERANGAN,F.A.Q,Kilogram,2.5,2.4027777,
30896995,2026-08-28,2026-08-28 11:03:25.967056,PERAK,KINTA,LADANG/KEBUN IPOH,Ladang,,Buah-Buahan,02,028,PISANG BERANGAN,F.A.Q,Kilogram,2.35,2.4027777,
30896996,2026-08-28,2026-08-28 11:04:09.725382,PERAK,KINTA,PASAR BESAR IPOH,Runcit,26,Buah-Buahan,02,023,NANAS JOSAPINE (AC5),F.A.Q,Kilogram,3.8,3.65,
30896997,2026-08-28,2026-08-28 11:04:09.725382,PERAK,KINTA,PASAR BESAR IPOH,Runcit,26,Buah-Buahan,02,023,NANAS JOSAPINE (AC5),F.A.Q,Kilogram,3.5,3.65,
30896998,2026-08-28,2026-08-28 11:04:09.725382,PERAK,KINTA,PASAR BESAR IPOH,Runcit,26,Buah-Buahan,02,034,TEMBIKAI MERAH TANPA BIJI,F.A.Q,Kilogram,4,3.8,
30896999,2026-08-28,2026-08-28 11:04:09.725382,PERAK,KINTA,PASAR BESAR IPOH,Runcit,26,Buah-Buahan,02,034,TEMBIKAI MERAH TANPA BIJI,F.A.Q,Kilogram,3.6,3.8,
30897000,2026-08-28,2026-08-28 11:04:15.249194,PERLIS,PERLIS,PASAR AWAM SENA,Runcit,26,Ternakan,03,002,AYAM PROSES STANDARD,F.A.Q,Kilogram,10.5,10.564285,
30897001,2026-08-28,2026-08-28 11:04:15.249194,PERLIS,PERLIS,PASAR AWAM SENA,Runcit,26,Ternakan,03,002,AYAM PROSES STANDARD,F.A.Q,Kilogram,10.5,10.564285,
30897002,2026-08-28,2026-08-28 11:04:15.249194,PERLIS,PERLIS,PASAR AWAM SENA,Runcit,26,Ternakan,03,002,AYAM PROSES STANDARD,F.A.Q,Kilogram,10.5,10.564285,
30897003,2026-08-28,2026-08-28 11:04:37.807756,PERAK,KINTA,PASAR BESAR IPOH,Runcit,26,Buah-Buahan,02,028,PISANG BERANGAN,F.A.Q,Kilogram,7.5,7.25,
30897004,2026-08-28,2026-08-28 11:04:37.807756,PERAK,KINTA,PASAR BESAR IPOH,Runcit,26,Buah-Buahan,02,028,PISANG BERANGAN,F.A.Q,Kilogram,7,7.25,
30897039,2026-08-28,2026-08-28 11:11:00.787217,NEGERI SEMBILAN,SEREMBAN,PASAR BESAR SEREMBAN - BAHAGIAN BORONG,Borong,20,Sayur-Sayuran,03,001,BAYAM,F.A.Q,Kilogram,3.2,3.37,
30897040,2026-08-28,2026-08-28 11:11:00.787217,NEGERI SEMBILAN,SEREMBAN,PASAR BESAR SEREMBAN - BAHAGIAN BORONG,Borong,20,Sayur-Sayuran,03,001,BAYAM,F.A.Q,Kilogram,3.8,3.37,
30897041,2026-08-28,2026-08-28 11:11:00.787217,NEGERI SEMBILAN,SEREMBAN,PASAR BESAR SEREMBAN - BAHAGIAN BORONG,Borong,20,Sayur-Sayuran,03,001,BAYAM,F.A.Q,Kilogram,3.5,3.37,
30897042,2026-08-28,2026-08-28 11:11:00.787217,NEGERI SEMBILAN,SEREMBAN,PASAR BESAR SEREMBAN - BAHAGIAN BORONG,Borong,20,Sayur-Sayuran,02,002,CILI MERAH KULAI / KULAI HIBRID,F.A.Q,Kilogram,14,14.5,
30897043,2026-08-28,2026-08-28 11:11:00.787217,NEGERI SEMBILAN,SEREMBAN,PASAR BESAR SEREMBAN - BAHAGIAN BORONG,Borong,20,Sayur-Sayuran,02,002,CILI MERAH KULAI / KULAI HIBRID,F.A.Q,Kilogram,15,14.5,
30897044,2026-08-28,2026-08-28 11:11:00.787217,NEGERI SEMBILAN,SEREMBAN,PASAR BESAR SEREMBAN - BAHAGIAN BORONG,Borong,20,Sayur-Sayuran,02,002,CILI MERAH KULAI / KULAI HIBRID,F.A.Q,Kilogram,14.5,14.5,
30897045,2026-08-28,2026-08-28 11:11:00.787217,NEGERI SEMBILAN,SEREMBAN,PASAR BESAR SEREMBAN - BAHAGIAN BORONG,Borong,20,Sayur-Sayuran,02,002,CILI MERAH MINYAK,F.A.Q,Kilogram,11.5,12.15,
30897046,2026-08-28,2026-08-28 11:11:00.787217,NEGERI SEMBILAN,SEREMBAN,PASAR BESAR SEREMBAN - BAHAGIAN BORONG,Borong,20,Sayur-Sayuran,02,002,CILI MERAH MINYAK,F.A.Q,Kilogram,12.5,12.15,
30897047,2026-08-28,2026-08-28 11:11:00.787217,NEGERI SEMBILAN,SEREMBAN,PASAR BESAR SEREMBAN - BAHAGIAN BORONG,Borong,20,Sayur-Sayuran,02,002,CILI MERAH MINYAK,F.A.Q,Kilogram,12.2,12.15,
30897048,2026-08-28,2026-08-28 11:11:00.787217,NEGERI SEMBILAN,SEREMBAN,PASAR BESAR SEREMBAN - BAHAGIAN BORONG,Borong,20,Sayur-Sayuran,04,002,KACANG BENDI,F.A.Q,Kilogram,6,6.306667,
30897049,2026-08-28,2026-08-28 11:11:00.787217,NEGERI SEMBILAN,SEREMBAN,PASAR BESAR SEREMBAN - BAHAGIAN BORONG,Borong,20,Sayur-Sayuran,04,002,KACANG BENDI,F.A.Q,Kilogram,6.8,6.306667,
30897050,2026-08-28,2026-08-28 11:11:00.787217,NEGERI SEMBILAN,SEREMBAN,PASAR BESAR SEREMBAN - BAHAGIAN BORONG,Borong,20,Sayur-Sayuran,04,002,KACANG BENDI,F.A.Q,Kilogram,6.3,6.306667,
30897051,2026-08-28,2026-08-28 11:11:00.787217,NEGERI SEMBILAN,SEREMBAN,PASAR BESAR SEREMBAN - BAHAGIAN BORONG,Borong,20,Sayur-Sayuran,04,007,KACANG PANJANG HIJAU,F.A.Q,Kilogram,6,6.0733333,
30897052,2026-08-28,2026-08-28 11:11:00.787217,NEGERI SEMBILAN,SEREMBAN,PASAR BESAR SEREMBAN - BAHAGIAN BORONG,Borong,20,Sayur-Sayuran,04,007,KACANG PANJANG HIJAU,F.A.Q,Kilogram,6.7,6.0733333,
30897053,2026-08-28,2026-08-28 11:11:00.787217,NEGERI SEMBILAN,SEREMBAN,PASAR BESAR SEREMBAN - BAHAGIAN BORONG,Borong,20,Sayur-Sayuran,04,007,KACANG PANJANG HIJAU,F.A.Q,Kilogram,6.2,6.0733333,
30897054,2026-08-28,2026-08-28 11:11:00.787217,NEGERI SEMBILAN,SEREMBAN,PASAR BESAR SEREMBAN - BAHAGIAN BORONG,Borong,20,Sayur-Sayuran,03,006,KUBIS BULAT (TANAH TINGGI),F.A.Q,Kilogram,3.6,3.8566666,
30897055,2026-08-28,2026-08-28 11:11:00.787217,NEGERI SEMBILAN,SEREMBAN,PASAR BESAR SEREMBAN - BAHAGIAN BORONG,Borong,20,Sayur-Sayuran,03,006,KUBIS BULAT (TANAH TINGGI),F.A.Q,Kilogram,4.1,3.8566666,
30897056,2026-08-28,2026-08-28 11:11:00.787217,NEGERI SEMBILAN,SEREMBAN,PASAR BESAR SEREMBAN - BAHAGIAN BORONG,Borong,20,Sayur-Sayuran,03,006,KUBIS BULAT (TANAH TINGGI),F.A.Q,Kilogram,3.8,3.8566666,
30897057,2026-08-28,2026-08-28 11:11:00.787217,NEGERI SEMBILAN,SEREMBAN,PASAR BESAR SEREMBAN - BAHAGIAN BORONG,Borong,20,Sayur-Sayuran,03,007,SAWI HIJAU,F.A.Q,Kilogram,5.6,5.7466664,
30897058,2026-08-28,2026-08-28 11:11:00.787217,NEGERI SEMBILAN,SEREMBAN,PASAR BESAR SEREMBAN - BAHAGIAN BORONG,Borong,20,Sayur-Sayuran,03,007,SAWI HIJAU,F.A.Q,Kilogram,6,5.7466664,
30897059,2026-08-28,2026-08-28 11:11:00.787217,NEGERI SEMBILAN,SEREMBAN,PASAR BESAR SEREMBAN - BAHAGIAN BORONG,Borong,20,Sayur-Sayuran,03,007,SAWI HIJAU,F.A.Q,Kilogram,5.8,5.7466664,
30897060,2026-08-28,2026-08-28 11:11:00.787217,NEGERI SEMBILAN,SEREMBAN,PASAR BESAR SEREMBAN - BAHAGIAN BORONG,Borong,20,Sayur-Sayuran,02,010,TERUNG PANJANG / PEPARU (TANAH RENDAH),F.A.Q,Kilogram,7.9,8.626667,
30897061,2026-08-28,2026-08-28 11:11:00.787217,NEGERI SEMBILAN,SEREMBAN,PASAR BESAR SEREMBAN - BAHAGIAN BORONG,Borong,20,Sayur-Sayuran,02,010,TERUNG PANJANG / PEPARU (TANAH RENDAH),F.A.Q,Kilogram,8.9,8.626667,
30897062,2026-08-28,2026-08-28 11:11:00.787217,NEGERI SEMBILAN,SEREMBAN,PASAR BESAR SEREMBAN - BAHAGIAN BORONG,Borong,20,Sayur-Sayuran,02,010,TERUNG PANJANG / PEPARU (TANAH RENDAH),F.A.Q,Kilogram,8.6,8.626667,
30897063,2026-08-28,2026-08-28 11:11:00.787217,NEGERI SEMBILAN,SEREMBAN,PASAR BESAR SEREMBAN - BAHAGIAN BORONG,Borong,20,Sayur-Sayuran,02,011,TIMUN HIJAU,F.A.Q,Kilogram,2.3,2.4466667,
30897064,2026-08-28,2026-08-28 11:11:00.787217,NEGERI SEMBILAN,SEREMBAN,PASAR BESAR SEREMBAN - BAHAGIAN BORONG,Borong,20,Sayur-Sayuran,02,011,TIMUN HIJAU,F.A.Q,Kilogram,2.8,2.4466667,
30897065,2026-08-28,2026-08-28 11:11:00.787217,NEGERI SEMBILAN,SEREMBAN,PASAR BESAR SEREMBAN - BAHAGIAN BORONG,Borong,20,Sayur-Sayuran,02,011,TIMUN HIJAU,F.A.Q,Kilogram,2.5,2.4466667,
30897092,2026-08-28,2026-08-28 11:12:53.917768,PERAK,KINTA,PASAR BORONG KUALA PARI,Borong,20,Sayur-Sayuran,03,001,BAYAM,F.A.Q,Kilogram,2,1.6625,
30897093,2026-08-28,2026-08-28 11:12:53.917768,PERAK,KINTA,PASAR BORONG KUALA PARI,Borong,20,Sayur-Sayuran,03,001,BAYAM,F.A.Q,Kilogram,1.5,1.6625,
30897094,2026-08-28,2026-08-28 11:12:53.917768,PERAK,KINTA,PASAR BORONG KUALA PARI,Borong,20,Sayur-Sayuran,02,002,CILI MERAH KULAI / KULAI HIBRID,F.A.Q,Kilogram,13,12.277778,
30897095,2026-08-28,2026-08-28 11:12:53.917768,PERAK,KINTA,PASAR BORONG KUALA PARI,Borong,20,Sayur-Sayuran,02,002,CILI MERAH KULAI / KULAI HIBRID,F.A.Q,Kilogram,12,12.277778,
30897096,2026-08-28,2026-08-28 11:12:53.917768,PERAK,KINTA,PASAR BORONG KUALA PARI,Borong,20,Sayur-Sayuran,02,002,CILI MERAH MINYAK,F.A.Q,Kilogram,10,9.055555,
30897097,2026-08-28,2026-08-28 11:12:53.917768,PERAK,KINTA,PASAR BORONG KUALA PARI,Borong,20,Sayur-Sayuran,02,002,CILI MERAH MINYAK,F.A.Q,Kilogram,9,9.055555,
30897098,2026-08-28,2026-08-28 11:12:53.917768,PERAK,KINTA,PASAR BORONG KUALA PARI,Borong,20,Sayur-Sayuran,04,002,KACANG BENDI,F.A.Q,Kilogram,5,5.1944447,
30897099,2026-08-28,2026-08-28 11:12:53.917768,PERAK,KINTA,PASAR BORONG KUALA PARI,Borong,20,Sayur-Sayuran,04,002,KACANG BENDI,F.A.Q,Kilogram,4,5.1944447,
30897100,2026-08-28,2026-08-28 11:12:53.917768,PERAK,KINTA,PASAR BORONG KUALA PARI,Borong,20,Sayur-Sayuran,04,007,KACANG PANJANG HIJAU,F.A.Q,Kilogram,3.5,3.9444444,
30897101,2026-08-28,2026-08-28 11:12:53.917768,PERAK,KINTA,PASAR BORONG KUALA PARI,Borong,20,Sayur-Sayuran,04,007,KACANG PANJANG HIJAU,F.A.Q,Kilogram,3.5,3.9444444,
30897102,2026-08-28,2026-08-28 11:12:53.917768,PERAK,KINTA,PASAR BORONG KUALA PARI,Borong,20,Sayur-Sayuran,03,006,KUBIS BULAT (TANAH TINGGI),F.A.Q,Kilogram,2.3,2.3444445,
30897103,2026-08-28,2026-08-28 11:12:53.917768,PERAK,KINTA,PASAR BORONG KUALA PARI,Borong,20,Sayur-Sayuran,03,006,KUBIS BULAT (TANAH TINGGI),F.A.Q,Kilogram,2,2.3444445,
30897104,2026-08-28,2026-08-28 11:12:53.917768,PERAK,KINTA,PASAR BORONG KUALA PARI,Borong,20,Sayur-Sayuran,02,010,TERUNG PANJANG / PEPARU (TANAH RENDAH),F.A.Q,Kilogram,6.5,6,
30897105,2026-08-28,2026-08-28 11:12:53.917768,PERAK,KINTA,PASAR BORONG KUALA PARI,Borong,20,Sayur-Sayuran,02,010,TERUNG PANJANG / PEPARU (TANAH RENDAH),F.A.Q,Kilogram,5.5,6,
30897106,2026-08-28,2026-08-28 11:12:53.917768,PERAK,KINTA,PASAR BORONG KUALA PARI,Borong,20,Sayur-Sayuran,02,011,TIMUN HIJAU,F.A.Q,Kilogram,2,1.5722222,
30897107,2026-08-28,2026-08-28 11:12:53.917768,PERAK,KINTA,PASAR BORONG KUALA PARI,Borong,20,Sayur-Sayuran,02,011,TIMUN HIJAU,F.A.Q,Kilogram,1.6,1.5722222,
30897108,2026-08-28,2026-08-28 11:12:53.917768,PERAK,KINTA,PASAR BORONG KUALA PARI,Borong,20,Sayur-Sayuran,02,012,TOMATO (TANAH TINGGI),F.A.Q,Kilogram,6,5.6666665,
30897109,2026-08-28,2026-08-28 11:12:53.917768,PERAK,KINTA,PASAR BORONG KUALA PARI,Borong,20,Sayur-Sayuran,02,012,TOMATO (TANAH TINGGI),F.A.Q,Kilogram,5.5,5.6666665,
30897110,2026-08-28,2026-08-28 11:16:29.516404,PERAK,KINTA,PASAR BESAR IPOH,Runcit,26,Sayur-Sayuran,03,001,BAYAM,F.A.Q,Kilogram,5,5,
30897111,2026-08-28,2026-08-28 11:16:29.516404,PERAK,KINTA,PASAR BESAR IPOH,Runcit,26,Sayur-Sayuran,02,002,CILI MERAH KULAI / KULAI HIBRID,F.A.Q,Kilogram,18,17,
30897112,2026-08-28,2026-08-28 11:16:29.516404,PERAK,KINTA,PASAR BESAR IPOH,Runcit,26,Sayur-Sayuran,02,002,CILI MERAH KULAI / KULAI HIBRID,F.A.Q,Kilogram,16,17,
30897113,2026-08-28,2026-08-28 11:16:29.516404,PERAK,KINTA,PASAR BESAR IPOH,Runcit,26,Sayur-Sayuran,02,002,CILI MERAH MINYAK,F.A.Q,Kilogram,15,14.722222,
30897114,2026-08-28,2026-08-28 11:16:29.516404,PERAK,KINTA,PASAR BESAR IPOH,Runcit,26,Sayur-Sayuran,02,002,CILI MERAH MINYAK,F.A.Q,Kilogram,14,14.722222,
30897115,2026-08-28,2026-08-28 11:16:29.516404,PERAK,KINTA,PASAR BESAR IPOH,Runcit,26,Sayur-Sayuran,04,002,KACANG BENDI,F.A.Q,Kilogram,8,8.361111,
30897116,2026-08-28,2026-08-28 11:16:29.516404,PERAK,KINTA,PASAR BESAR IPOH,Runcit,26,Sayur-Sayuran,04,002,KACANG BENDI,F.A.Q,Kilogram,7,8.361111,
30897117,2026-08-28,2026-08-28 11:16:29.516404,PERAK,KINTA,PASAR BESAR IPOH,Runcit,26,Sayur-Sayuran,04,007,KACANG PANJANG HIJAU,F.A.Q,Kilogram,8,7.0555553,
30897118,2026-08-28,2026-08-28 11:16:29.516404,PERAK,KINTA,PASAR BESAR IPOH,Runcit,26,Sayur-Sayuran,04,007,KACANG PANJANG HIJAU,F.A.Q,Kilogram,7,7.0555553,
30897119,2026-08-28,2026-08-28 11:16:29.516404,PERAK,KINTA,PASAR BESAR IPOH,Runcit,26,Sayur-Sayuran,03,006,KUBIS BULAT (TANAH TINGGI),F.A.Q,Kilogram,4,4,
30897120,2026-08-28,2026-08-28 11:16:29.516404,PERAK,KINTA,PASAR BESAR IPOH,Runcit,26,Sayur-Sayuran,03,006,KUBIS BULAT (TANAH TINGGI),F.A.Q,Kilogram,4,4,
30897121,2026-08-28,2026-08-28 11:16:29.516404,PERAK,KINTA,PASAR BESAR IPOH,Runcit,26,Sayur-Sayuran,02,010,TERUNG PANJANG / PEPARU (TANAH RENDAH),F.A.Q,Kilogram,10,9.222222,
30897122,2026-08-28,2026-08-28 11:16:29.516404,PERAK,KINTA,PASAR BESAR IPOH,Runcit,26,Sayur-Sayuran,02,010,TERUNG PANJANG / PEPARU (TANAH RENDAH),F.A.Q,Kilogram,8,9.222222,
30897123,2026-08-28,2026-08-28 11:16:29.516404,PERAK,KINTA,PASAR BESAR IPOH,Runcit,26,Sayur-Sayuran,02,011,TIMUN HIJAU,F.A.Q,Kilogram,4,3.75,
30897124,2026-08-28,2026-08-28 11:16:29.516404,PERAK,KINTA,PASAR BESAR IPOH,Runcit,26,Sayur-Sayuran,02,011,TIMUN HIJAU,F.A.Q,Kilogram,3.5,3.75,
30897125,2026-08-28,2026-08-28 11:16:29.516404,PERAK,KINTA,PASAR BESAR IPOH,Runcit,26,Sayur-Sayuran,02,012,TOMATO (TANAH TINGGI),F.A.Q,Kilogram,9,8.555555,
30897126,2026-08-28,2026-08-28 11:16:29.516404,PERAK,KINTA,PASAR BESAR IPOH,Runcit,26,Sayur-Sayuran,02,012,TOMATO (TANAH TINGGI),F.A.Q,Kilogram,7.5,8.555555,
30897127,2026-08-28,2026-08-28 11:18:37.694578,PERAK,KINTA,LADANG/KEBUN KANTHAN,Ladang,,Sayur-Sayuran,03,001,BAYAM,F.A.Q,Kilogram,1.3,0.9529412,
30897128,2026-08-28,2026-08-28 11:18:37.694578,PERAK,KINTA,LADANG/KEBUN KANTHAN,Ladang,,Sayur-Sayuran,03,001,BAYAM,F.A.Q,Kilogram,1,0.9529412,
30897129,2026-08-28,2026-08-28 11:18:37.694578,PERAK,KINTA,LADANG/KEBUN KANTHAN,Ladang,,Sayur-Sayuran,02,002,CILI MERAH KULAI / KULAI HIBRID,F.A.Q,Kilogram,8.5,8.333333,
30897130,2026-08-28,2026-08-28 11:18:37.694578,PERAK,KINTA,LADANG/KEBUN KANTHAN,Ladang,,Sayur-Sayuran,02,002,CILI MERAH KULAI / KULAI HIBRID,F.A.Q,Kilogram,7.5,8.333333,
30897131,2026-08-28,2026-08-28 11:18:37.694578,PERAK,KINTA,LADANG/KEBUN KANTHAN,Ladang,,Sayur-Sayuran,04,002,KACANG BENDI,F.A.Q,Kilogram,2.8,3.0705884,
30897132,2026-08-28,2026-08-28 11:18:37.694578,PERAK,KINTA,LADANG/KEBUN KANTHAN,Ladang,,Sayur-Sayuran,04,002,KACANG BENDI,F.A.Q,Kilogram,2.5,3.0705884,
30897133,2026-08-28,2026-08-28 11:18:37.694578,PERAK,KINTA,LADANG/KEBUN KANTHAN,Ladang,,Sayur-Sayuran,04,007,KACANG PANJANG HIJAU,F.A.Q,Kilogram,2.5,2.3055556,
30897134,2026-08-28,2026-08-28 11:18:37.694578,PERAK,KINTA,LADANG/KEBUN KANTHAN,Ladang,,Sayur-Sayuran,04,007,KACANG PANJANG HIJAU,F.A.Q,Kilogram,2,2.3055556,
30897135,2026-08-28,2026-08-28 11:18:37.694578,PERAK,KINTA,LADANG/KEBUN KANTHAN,Ladang,,Sayur-Sayuran,02,011,TIMUN HIJAU,F.A.Q,Kilogram,1.25,1.1305555,
30897136,2026-08-28,2026-08-28 11:18:37.694578,PERAK,KINTA,LADANG/KEBUN KANTHAN,Ladang,,Sayur-Sayuran,02,011,TIMUN HIJAU,F.A.Q,Kilogram,1,1.1305555,
30897137,2026-08-28,2026-08-28 11:20:32.82309,NEGERI SEMBILAN,SEREMBAN,PASAR BESAR SEREMBAN - BAHAGIAN RUNCIT,Runcit,26,Sayur-Sayuran,02,012,TOMATO (TANAH TINGGI),F.A.Q,Kilogram,8,8.923333,
30897138,2026-08-28,2026-08-28 11:20:32.82309,NEGERI SEMBILAN,SEREMBAN,PASAR BESAR SEREMBAN - BAHAGIAN RUNCIT,Runcit,26,Sayur-Sayuran,02,012,TOMATO (TANAH TINGGI),F.A.Q,Kilogram,7.5,8.923333,
30897139,2026-08-28,2026-08-28 11:20:32.82309,NEGERI SEMBILAN,SEREMBAN,PASAR BESAR SEREMBAN - BAHAGIAN RUNCIT,Runcit,26,Sayur-Sayuran,02,012,TOMATO (TANAH TINGGI),F.A.Q,Kilogram,9,8.923333,
30897140,2026-08-28,2026-08-28 11:21:12.874166,SELANGOR,KLANG,PASAR BESAR KLANG - BAHAGIAN BORONG,Borong,20,Buah-Buahan,02,023,NANAS JOSAPINE (AC5),F.A.Q,Kilogram,3,3.19,
30897141,2026-08-28,2026-08-28 11:21:12.874166,SELANGOR,KLANG,PASAR BESAR KLANG - BAHAGIAN BORONG,Borong,20,Buah-Buahan,02,028,PISANG BERANGAN,F.A.Q,Kilogram,3,3.99,
30897142,2026-08-28,2026-08-28 11:21:12.874166,SELANGOR,KLANG,PASAR BESAR KLANG - BAHAGIAN BORONG,Borong,20,Buah-Buahan,02,034,TEMBIKAI MERAH TANPA BIJI,F.A.Q,Kilogram,3,2.23,
30897143,2026-08-28,2026-08-28 11:22:27.262826,SELANGOR,KLANG,PASAR BESAR KLANG - BAHAGIAN BORONG,Borong,20,Sayur-Sayuran,03,001,BAYAM,F.A.Q,Kilogram,2.5,4.08,
30897144,2026-08-28,2026-08-28 11:22:27.262826,SELANGOR,KLANG,PASAR BESAR KLANG - BAHAGIAN BORONG,Borong,20,Sayur-Sayuran,02,002,CILI MERAH KULAI / KULAI HIBRID,F.A.Q,Kilogram,10,12.47,
30897145,2026-08-28,2026-08-28 11:22:27.262826,SELANGOR,KLANG,PASAR BESAR KLANG - BAHAGIAN BORONG,Borong,20,Sayur-Sayuran,02,002,CILI MERAH MINYAK,F.A.Q,Kilogram,8,10.47,
30897146,2026-08-28,2026-08-28 11:22:27.262826,SELANGOR,KLANG,PASAR BESAR KLANG - BAHAGIAN BORONG,Borong,20,Sayur-Sayuran,04,002,KACANG BENDI,F.A.Q,Kilogram,5,6.56,
30897147,2026-08-28,2026-08-28 11:22:27.262826,SELANGOR,KLANG,PASAR BESAR KLANG - BAHAGIAN BORONG,Borong,20,Sayur-Sayuran,04,007,KACANG PANJANG HIJAU,F.A.Q,Kilogram,5,6.13,
30897148,2026-08-28,2026-08-28 11:22:27.262826,SELANGOR,KLANG,PASAR BESAR KLANG - BAHAGIAN BORONG,Borong,20,Sayur-Sayuran,03,006,KUBIS BULAT (TANAH TINGGI),F.A.Q,Kilogram,2.5,3.08,
30897149,2026-08-28,2026-08-28 11:22:27.262826,SELANGOR,KLANG,PASAR BESAR KLANG - BAHAGIAN BORONG,Borong,20,Sayur-Sayuran,03,007,SAWI HIJAU,F.A.Q,Kilogram,4,4.21,
30897150,2026-08-28,2026-08-28 11:22:27.262826,SELANGOR,KLANG,PASAR BESAR KLANG - BAHAGIAN BORONG,Borong,20,Sayur-Sayuran,02,010,TERUNG PANJANG / PEPARU (TANAH RENDAH),F.A.Q,Kilogram,6,7.33,
30897151,2026-08-28,2026-08-28 11:22:27.262826,SELANGOR,KLANG,PASAR BESAR KLANG - BAHAGIAN BORONG,Borong,20,Sayur-Sayuran,02,011,TIMUN HIJAU,F.A.Q,Kilogram,2.5,2.74,
30897152,2026-08-28,2026-08-28 11:22:27.262826,SELANGOR,KLANG,PASAR BESAR KLANG - BAHAGIAN BORONG,Borong,20,Sayur-Sayuran,02,012,TOMATO (TANAH TINGGI),F.A.Q,Kilogram,6,3.76,
30897153,2026-08-28,2026-08-28 11:22:37.077782,SELANGOR,KLANG,PASAR BESAR KLANG - BAHAGIAN RUNCIT,Runcit,26,Ternakan,03,002,AYAM PROSES STANDARD,F.A.Q,Kilogram,10.5,10.09,
30897154,2026-08-28,2026-08-28 11:22:52.208264,NEGERI SEMBILAN,SEREMBAN,PASAR BESAR SEREMBAN - BAHAGIAN BORONG,Borong,20,Sayur-Sayuran,02,012,TOMATO (TANAH TINGGI),F.A.Q,Kilogram,6.8,7.79,
30897155,2026-08-28,2026-08-28 11:22:52.208264,NEGERI SEMBILAN,SEREMBAN,PASAR BESAR SEREMBAN - BAHAGIAN BORONG,Borong,20,Sayur-Sayuran,02,012,TOMATO (TANAH TINGGI),F.A.Q,Kilogram,8,7.79,
30897156,2026-08-28,2026-08-28 11:22:52.208264,NEGERI SEMBILAN,SEREMBAN,PASAR BESAR SEREMBAN - BAHAGIAN BORONG,Borong,20,Sayur-Sayuran,02,012,TOMATO (TANAH TINGGI),F.A.Q,Kilogram,7.6,7.79,
30897157,2026-08-28,2026-08-28 11:22:58.660887,SELANGOR,KLANG,PASAR BESAR KLANG - BAHAGIAN RUNCIT,Runcit,26,Buah-Buahan,02,023,NANAS JOSAPINE (AC5),F.A.Q,Kilogram,4,4.52,
30897158,2026-08-28,2026-08-28 11:22:58.660887,SELANGOR,KLANG,PASAR BESAR KLANG - BAHAGIAN RUNCIT,Runcit,26,Buah-Buahan,02,028,PISANG BERANGAN,F.A.Q,Kilogram,5,5.88,
30897159,2026-08-28,2026-08-28 11:22:58.660887,SELANGOR,KLANG,PASAR BESAR KLANG - BAHAGIAN RUNCIT,Runcit,26,Buah-Buahan,02,034,TEMBIKAI MERAH TANPA BIJI,F.A.Q,Kilogram,4,3.49,
30897160,2026-08-28,2026-08-28 11:23:15.867236,SELANGOR,KLANG,PASAR BESAR KLANG - BAHAGIAN RUNCIT,Runcit,26,Ternakan,02,003,DAGING LEMBU PEJAL,F.A.Q,Kilogram,42,35.01,
30897161,2026-08-28,2026-08-28 11:23:58.732338,SELANGOR,KLANG,PASAR BESAR KLANG - BAHAGIAN RUNCIT,Runcit,26,Sayur-Sayuran,05,001,BAWANG BESAR MERAH (INDIA),F.A.Q,Kilogram,3.5,4.23,
30897162,2026-08-28,2026-08-28 11:23:58.732338,SELANGOR,KLANG,PASAR BESAR KLANG - BAHAGIAN RUNCIT,Runcit,26,Sayur-Sayuran,05,001,BAWANG PUTIH (CHINA),F.A.Q,Kilogram,9.9,8.52,
30897163,2026-08-28,2026-08-28 11:23:58.732338,SELANGOR,KLANG,PASAR BESAR KLANG - BAHAGIAN RUNCIT,Runcit,26,Ternakan,11,001,TELUR AYAM,B,Biji,0.48,0.45,
30897164,2026-08-28,2026-08-28 11:24:19.774493,NEGERI SEMBILAN,SEREMBAN,LADANG/KEBUN RANTAU,Ladang,,Ternakan,01,003,AYAM HIDUP,F.A.Q,Kilogram,7,6.927778,
30897165,2026-08-28,2026-08-28 11:24:19.774493,NEGERI SEMBILAN,SEREMBAN,LADANG/KEBUN RANTAU,Ladang,,Ternakan,01,003,AYAM HIDUP,F.A.Q,Kilogram,6.9,6.927778,
30897166,2026-08-28,2026-08-28 11:25:35.485837,NEGERI SEMBILAN,TAMPIN,[LOKASI KUTIPAN HARGA LADANG] GEMENCHEH,Ladang,,Ternakan,11,001,TELUR AYAM,B,Biji,0.46,0.45555556,
30897167,2026-08-28,2026-08-28 11:25:41.609978,SELANGOR,KLANG,PASAR BESAR KLANG - BAHAGIAN RUNCIT,Runcit,26,Sayur-Sayuran,03,001,BAYAM,F.A.Q,Kilogram,3.5,6.02,
30897168,2026-08-28,2026-08-28 11:25:41.609978,SELANGOR,KLANG,PASAR BESAR KLANG - BAHAGIAN RUNCIT,Runcit,26,Sayur-Sayuran,02,002,CILI MERAH KULAI / KULAI HIBRID,F.A.Q,Kilogram,14,16.01,
30897169,2026-08-28,2026-08-28 11:25:41.609978,SELANGOR,KLANG,PASAR BESAR KLANG - BAHAGIAN RUNCIT,Runcit,26,Sayur-Sayuran,02,002,CILI MERAH MINYAK,F.A.Q,Kilogram,10,13.59,
30897170,2026-08-28,2026-08-28 11:25:41.609978,SELANGOR,KLANG,PASAR BESAR KLANG - BAHAGIAN RUNCIT,Runcit,26,Sayur-Sayuran,04,002,KACANG BENDI,F.A.Q,Kilogram,7,9.12,
30897171,2026-08-28,2026-08-28 11:25:41.609978,SELANGOR,KLANG,PASAR BESAR KLANG - BAHAGIAN RUNCIT,Runcit,26,Sayur-Sayuran,04,007,KACANG PANJANG HIJAU,F.A.Q,Kilogram,7,8.57,
30897172,2026-08-28,2026-08-28 11:25:41.609978,SELANGOR,KLANG,PASAR BESAR KLANG - BAHAGIAN RUNCIT,Runcit,26,Sayur-Sayuran,03,006,KUBIS BULAT (TANAH TINGGI),F.A.Q,Kilogram,3.2,4.94,
30897173,2026-08-28,2026-08-28 11:25:41.609978,SELANGOR,KLANG,PASAR BESAR KLANG - BAHAGIAN RUNCIT,Runcit,26,Sayur-Sayuran,03,007,SAWI HIJAU,F.A.Q,Kilogram,5,5.99,
30897174,2026-08-28,2026-08-28 11:25:41.609978,SELANGOR,KLANG,PASAR BESAR KLANG - BAHAGIAN RUNCIT,Runcit,26,Sayur-Sayuran,02,010,TERUNG PANJANG / PEPARU (TANAH RENDAH),F.A.Q,Kilogram,8,8.08,
30897175,2026-08-28,2026-08-28 11:25:41.609978,SELANGOR,KLANG,PASAR BESAR KLANG - BAHAGIAN RUNCIT,Runcit,26,Sayur-Sayuran,02,011,TIMUN HIJAU,F.A.Q,Kilogram,3,4.27,
30897176,2026-08-28,2026-08-28 11:25:41.609978,SELANGOR,KLANG,PASAR BESAR KLANG - BAHAGIAN RUNCIT,Runcit,26,Sayur-Sayuran,02,012,TOMATO (TANAH TINGGI),F.A.Q,Kilogram,7,5.71,
30897177,2026-08-28,2026-08-28 11:26:07.455097,SELANGOR,KLANG,PASAR BESAR KLANG - BAHAGIAN RUNCIT,Runcit,26,Lain-Lain Makanan Proses,15,001,SANTAN PEKAT,F.A.Q,Kilogram,12,11.7,
30897178,2026-08-28,2026-08-28 11:26:17.702166,SELANGOR,KLANG,PASAR BESAR KLANG - BAHAGIAN RUNCIT,Runcit,26,Tanaman Kontan,05,001,KELAPA DIKUPAS,SEDANG,Biji,3,3.43,
30897179,2026-08-28,2026-08-28 11:26:49.18616,NEGERI SEMBILAN,PORT DICKSON,[LOKASI KUTIPAN HARGA LADANG] LUKUT,Ladang,,Ternakan,11,001,TELUR AYAM,B,Biji,0.46,0.45555556,
30897180,2026-08-28,2026-08-28 11:30:00.806631,NEGERI SEMBILAN,SEREMBAN,[LOKASI KUTIPAN HARGA LADANG] LABU,Ladang,,Sayur-Sayuran,03,001,BAYAM,F.A.Q,Kilogram,2.6,2.0733333,
30897181,2026-08-28,2026-08-28 11:30:00.806631,NEGERI SEMBILAN,SEREMBAN,[LOKASI KUTIPAN HARGA LADANG] LABU,Ladang,,Sayur-Sayuran,04,002,KACANG BENDI,F.A.Q,Kilogram,5,4.2588234,
30897182,2026-08-28,2026-08-28 11:30:00.806631,NEGERI SEMBILAN,SEREMBAN,[LOKASI KUTIPAN HARGA LADANG] LABU,Ladang,,Sayur-Sayuran,04,007,KACANG PANJANG HIJAU,F.A.Q,Kilogram,5.5,4.617647,
30897183,2026-08-28,2026-08-28 11:30:00.806631,NEGERI SEMBILAN,SEREMBAN,[LOKASI KUTIPAN HARGA LADANG] LABU,Ladang,,Sayur-Sayuran,02,011,TIMUN HIJAU,F.A.Q,Kilogram,1,1.1777778,
30897187,2026-08-28,2026-08-28 11:32:25.536043,NEGERI SEMBILAN,KUALA PILAH,[LOKASI KUTIPAN HARGA LADANG] JOHOL,Ladang,,Sayur-Sayuran,03,001,BAYAM,F.A.Q,Kilogram,2,1.95625,
30897188,2026-08-28,2026-08-28 11:32:25.536043,NEGERI SEMBILAN,KUALA PILAH,[LOKASI KUTIPAN HARGA LADANG] JOHOL,Ladang,,Sayur-Sayuran,02,002,CILI MERAH KULAI / KULAI HIBRID,F.A.Q,Kilogram,10.3,10.46,
30897189,2026-08-28,2026-08-28 11:32:25.536043,NEGERI SEMBILAN,KUALA PILAH,[LOKASI KUTIPAN HARGA LADANG] JOHOL,Ladang,,Sayur-Sayuran,04,002,KACANG BENDI,F.A.Q,Kilogram,4.6,4.415385,
30897190,2026-08-28,2026-08-28 11:32:25.536043,NEGERI SEMBILAN,KUALA PILAH,[LOKASI KUTIPAN HARGA LADANG] JOHOL,Ladang,,Sayur-Sayuran,04,007,KACANG PANJANG HIJAU,F.A.Q,Kilogram,4.5,4.44,
30897191,2026-08-28,2026-08-28 11:32:25.536043,NEGERI SEMBILAN,KUALA PILAH,[LOKASI KUTIPAN HARGA LADANG] JOHOL,Ladang,,Sayur-Sayuran,03,007,SAWI HIJAU,F.A.Q,Kilogram,3.5,3.5,
30897223,2026-08-28,2026-08-28 11:36:06.960851,NEGERI SEMBILAN,SEREMBAN,[LOKASI KUTIPAN HARGA LADANG] GADONG,Ladang,,Sayur-Sayuran,03,001,BAYAM,F.A.Q,Kilogram,1.8,2.0733333,
30897224,2026-08-28,2026-08-28 11:36:06.960851,NEGERI SEMBILAN,SEREMBAN,[LOKASI KUTIPAN HARGA LADANG] GADONG,Ladang,,Sayur-Sayuran,02,002,CILI MERAH KULAI / KULAI HIBRID,F.A.Q,Kilogram,8,8.5,
30897225,2026-08-28,2026-08-28 11:36:06.960851,NEGERI SEMBILAN,SEREMBAN,[LOKASI KUTIPAN HARGA LADANG] GADONG,Ladang,,Sayur-Sayuran,02,002,CILI MERAH KULAI / KULAI HIBRID,F.A.Q,Kilogram,9,8.5,
30897226,2026-08-28,2026-08-28 11:36:06.960851,NEGERI SEMBILAN,SEREMBAN,[LOKASI KUTIPAN HARGA LADANG] GADONG,Ladang,,Sayur-Sayuran,04,002,KACANG BENDI,F.A.Q,Kilogram,3.8,4.2588234,
30897227,2026-08-28,2026-08-28 11:36:06.960851,NEGERI SEMBILAN,SEREMBAN,[LOKASI KUTIPAN HARGA LADANG] GADONG,Ladang,,Sayur-Sayuran,04,007,KACANG PANJANG HIJAU,F.A.Q,Kilogram,4,4.617647,
30897228,2026-08-28,2026-08-28 11:36:06.960851,NEGERI SEMBILAN,SEREMBAN,[LOKASI KUTIPAN HARGA LADANG] GADONG,Ladang,,Sayur-Sayuran,03,007,SAWI HIJAU,F.A.Q,Kilogram,3.5,3.5,
30897229,2026-08-28,2026-08-28 11:36:06.960851,NEGERI SEMBILAN,SEREMBAN,[LOKASI KUTIPAN HARGA LADANG] GADONG,Ladang,,Sayur-Sayuran,02,011,TIMUN HIJAU,F.A.Q,Kilogram,1.1,1.1777778,
30897332,2026-08-28,2026-08-28 12:38:44.913722,KEDAH,PENDANG,LADANG/KEBUN KAMPUNG PAYA LIPAI,Ladang,,Sayur-Sayuran,03,001,BAYAM,F.A.Q,Kilogram,2,2,
30897333,2026-08-28,2026-08-28 12:38:44.913722,KEDAH,PENDANG,LADANG/KEBUN KAMPUNG PAYA LIPAI,Ladang,,Sayur-Sayuran,02,002,CILI MERAH KULAI / KULAI HIBRID,F.A.Q,Kilogram,10,11.066667,
30897334,2026-08-28,2026-08-28 12:38:44.913722,KEDAH,PENDANG,LADANG/KEBUN KAMPUNG PAYA LIPAI,Ladang,,Sayur-Sayuran,04,002,KACANG BENDI,F.A.Q,Kilogram,2.5,2.6,
30897335,2026-08-28,2026-08-28 12:38:44.913722,KEDAH,PENDANG,LADANG/KEBUN KAMPUNG PAYA LIPAI,Ladang,,Sayur-Sayuran,04,007,KACANG PANJANG HIJAU,F.A.Q,Kilogram,2,2.18,
30897336,2026-08-28,2026-08-28 12:38:44.913722,KEDAH,PENDANG,LADANG/KEBUN KAMPUNG PAYA LIPAI,Ladang,,Sayur-Sayuran,03,007,SAWI HIJAU,F.A.Q,Kilogram,2,2.1533334,
30897337,2026-08-28,2026-08-28 12:38:44.913722,KEDAH,PENDANG,LADANG/KEBUN KAMPUNG PAYA LIPAI,Ladang,,Sayur-Sayuran,02,010,TERUNG PANJANG / PEPARU (TANAH RENDAH),F.A.Q,Kilogram,3.5,3.4142857,
30897338,2026-08-28,2026-08-28 12:38:44.913722,KEDAH,PENDANG,LADANG/KEBUN KAMPUNG PAYA LIPAI,Ladang,,Sayur-Sayuran,02,011,TIMUN HIJAU,F.A.Q,Kilogram,0.8,0.98,
30897339,2026-08-28,2026-08-28 12:39:01.199453,KEDAH,POKOK SENA,LADANG/KEBUN KAMPUNG PANCUR,Ladang,,Buah-Buahan,02,028,PISANG BERANGAN,F.A.Q,Kilogram,2.5,2.5,
30897340,2026-08-28,2026-08-28 12:39:10.797542,KEDAH,POKOK SENA,LADANG/KEBUN KAMPUNG JABI,Ladang,,Buah-Buahan,02,034,TEMBIKAI MERAH TANPA BIJI,F.A.Q,Kilogram,1.2,1.2,
30897341,2026-08-28,2026-08-28 12:39:20.506808,KEDAH,KOTA SETAR,[LOKASI KUTIPAN HARGA LADANG] BUKIT PINANG,Ladang,,Ternakan,01,003,AYAM HIDUP,F.A.Q,Kilogram,6,6,
30897342,2026-08-28,2026-08-28 12:39:38.195832,KEDAH,KOTA SETAR,PASAR BORONG ALOR SETAR,Borong,20,Ternakan,01,003,AYAM HIDUP,F.A.Q,Kilogram,6.8,6.8,
30897343,2026-08-28,2026-08-28 12:39:38.195832,KEDAH,KOTA SETAR,PASAR BORONG ALOR SETAR,Borong,20,Ternakan,03,002,AYAM PROSES STANDARD,F.A.Q,Kilogram,8.2,8.2,
30897344,2026-08-28,2026-08-28 12:39:58.267488,KEDAH,KOTA SETAR,PASAR BORONG ALOR SETAR,Borong,20,Buah-Buahan,02,028,PISANG BERANGAN,F.A.Q,Kilogram,3.5,3.5,
30897345,2026-08-28,2026-08-28 12:39:58.267488,KEDAH,KOTA SETAR,PASAR BORONG ALOR SETAR,Borong,20,Buah-Buahan,02,034,TEMBIKAI MERAH TANPA BIJI,F.A.Q,Kilogram,2.5,2.5,
30897346,2026-08-28,2026-08-28 12:40:09.888948,KEDAH,KOTA SETAR,PASAR BORONG ALOR SETAR,Borong,20,Ternakan,11,001,TELUR AYAM,B,Biji,0.46,0.43,
30897347,2026-08-28,2026-08-28 12:41:33.554728,KEDAH,KOTA SETAR,PASAR BORONG ALOR SETAR,Borong,20,Sayur-Sayuran,05,001,BAWANG BESAR MERAH (INDIA),F.A.Q,Kilogram,3.5,3.5,
30897348,2026-08-28,2026-08-28 12:41:33.554728,KEDAH,KOTA SETAR,PASAR BORONG ALOR SETAR,Borong,20,Sayur-Sayuran,05,001,BAWANG PUTIH (CHINA),F.A.Q,Kilogram,8,8,
30897349,2026-08-28,2026-08-28 12:41:33.554728,KEDAH,KOTA SETAR,PASAR BORONG ALOR SETAR,Borong,20,Sayur-Sayuran,03,001,BAYAM,F.A.Q,Kilogram,3.5,3.5,
30897350,2026-08-28,2026-08-28 12:41:33.554728,KEDAH,KOTA SETAR,PASAR BORONG ALOR SETAR,Borong,20,Sayur-Sayuran,02,002,CILI MERAH KULAI / KULAI HIBRID,F.A.Q,Kilogram,13,14.166667,
30897351,2026-08-28,2026-08-28 12:41:33.554728,KEDAH,KOTA SETAR,PASAR BORONG ALOR SETAR,Borong,20,Sayur-Sayuran,02,002,CILI MERAH MINYAK,F.A.Q,Kilogram,12,12.583333,
30897352,2026-08-28,2026-08-28 12:41:33.554728,KEDAH,KOTA SETAR,PASAR BORONG ALOR SETAR,Borong,20,Sayur-Sayuran,04,002,KACANG BENDI,F.A.Q,Kilogram,5,5.25,
30897353,2026-08-28,2026-08-28 12:41:33.554728,KEDAH,KOTA SETAR,PASAR BORONG ALOR SETAR,Borong,20,Sayur-Sayuran,04,007,KACANG PANJANG HIJAU,F.A.Q,Kilogram,4,4.5833335,
30897354,2026-08-28,2026-08-28 12:41:33.554728,KEDAH,KOTA SETAR,PASAR BORONG ALOR SETAR,Borong,20,Sayur-Sayuran,03,006,KUBIS BULAT (TANAH TINGGI),F.A.Q,Kilogram,2.5,2.5,
30897355,2026-08-28,2026-08-28 12:41:33.554728,KEDAH,KOTA SETAR,PASAR BORONG ALOR SETAR,Borong,20,Sayur-Sayuran,03,007,SAWI HIJAU,F.A.Q,Kilogram,4,4,
30897356,2026-08-28,2026-08-28 12:41:33.554728,KEDAH,KOTA SETAR,PASAR BORONG ALOR SETAR,Borong,20,Sayur-Sayuran,02,010,TERUNG PANJANG / PEPARU (TANAH RENDAH),F.A.Q,Kilogram,6,6,
30897357,2026-08-28,2026-08-28 12:41:33.554728,KEDAH,KOTA SETAR,PASAR BORONG ALOR SETAR,Borong,20,Sayur-Sayuran,02,011,TIMUN HIJAU,F.A.Q,Kilogram,1.8,1.9416667,
30897358,2026-08-28,2026-08-28 12:41:33.554728,KEDAH,KOTA SETAR,PASAR BORONG ALOR SETAR,Borong,20,Sayur-Sayuran,02,012,TOMATO (TANAH TINGGI),F.A.Q,Kilogram,5,5.75,
30897359,2026-08-28,2026-08-28 12:41:55.321866,KEDAH,KOTA SETAR,PASAR BORONG ALOR SETAR,Borong,20,Ternakan,02,003,DAGING LEMBU PEJAL,F.A.Q,Kilogram,28,28.166666,
30897360,2026-08-28,2026-08-28 12:42:07.283761,KEDAH,KOTA SETAR,PASAR BORONG ALOR SETAR,Borong,20,Tanaman Kontan,05,001,KELAPA DIKUPAS,SEDANG,Biji,2.1,2.1,
30897361,2026-08-28,2026-08-28 12:42:23.57056,KEDAH,KOTA SETAR,PASAR BESAR ALOR SETAR,Runcit,26,Buah-Buahan,02,028,PISANG BERANGAN,F.A.Q,Kilogram,6,6,
30897362,2026-08-28,2026-08-28 12:42:23.57056,KEDAH,KOTA SETAR,PASAR BESAR ALOR SETAR,Runcit,26,Buah-Buahan,02,034,TEMBIKAI MERAH TANPA BIJI,F.A.Q,Kilogram,3.5,3.5,
30897363,2026-08-28,2026-08-28 12:42:35.458004,KEDAH,KOTA SETAR,PASAR BESAR ALOR SETAR,Runcit,26,Sayur-Sayuran,05,001,BAWANG BESAR MERAH (INDIA),F.A.Q,Kilogram,6,6,
30897364,2026-08-28,2026-08-28 12:42:56.085029,KEDAH,KOTA SETAR,PASAR BESAR ALOR SETAR,Runcit,26,Sayur-Sayuran,05,001,BAWANG PUTIH (CHINA),F.A.Q,Kilogram,10,8.52,
30897365,2026-08-28,2026-08-28 12:43:05.488625,KEDAH,KOTA SETAR,PASAR BESAR ALOR SETAR,Runcit,26,Ternakan,11,001,TELUR AYAM,B,Biji,0.48,0.45,
30897366,2026-08-28,2026-08-28 12:43:18.866902,KEDAH,KOTA SETAR,PASAR BESAR ALOR SETAR,Runcit,26,Ternakan,03,002,AYAM PROSES STANDARD,F.A.Q,Kilogram,9.5,9.5,
30897367,2026-08-28,2026-08-28 12:43:18.866902,KEDAH,KOTA SETAR,PASAR BESAR ALOR SETAR,Runcit,26,Ternakan,03,002,AYAM PROSES SUPER,F.A.Q,Kilogram,11,11,
30897368,2026-08-28,2026-08-28 12:44:29.962209,KEDAH,KOTA SETAR,PASAR BESAR ALOR SETAR,Runcit,26,Sayur-Sayuran,03,001,BAYAM,F.A.Q,Kilogram,5,5,
30897369,2026-08-28,2026-08-28 12:44:29.962209,KEDAH,KOTA SETAR,PASAR BESAR ALOR SETAR,Runcit,26,Sayur-Sayuran,02,002,CILI MERAH KULAI / KULAI HIBRID,F.A.Q,Kilogram,15,16.166666,
30897370,2026-08-28,2026-08-28 12:44:29.962209,KEDAH,KOTA SETAR,PASAR BESAR ALOR SETAR,Runcit,26,Sayur-Sayuran,04,002,KACANG BENDI,F.A.Q,Kilogram,8,7.4166665,
30897371,2026-08-28,2026-08-28 12:44:29.962209,KEDAH,KOTA SETAR,PASAR BESAR ALOR SETAR,Runcit,26,Sayur-Sayuran,04,007,KACANG PANJANG HIJAU,F.A.Q,Kilogram,6,6.3333335,
30897372,2026-08-28,2026-08-28 12:44:29.962209,KEDAH,KOTA SETAR,PASAR BESAR ALOR SETAR,Runcit,26,Sayur-Sayuran,03,006,KUBIS BULAT (TANAH TINGGI),F.A.Q,Kilogram,5,5,
30897373,2026-08-28,2026-08-28 12:44:29.962209,KEDAH,KOTA SETAR,PASAR BESAR ALOR SETAR,Runcit,26,Sayur-Sayuran,03,007,SAWI HIJAU,F.A.Q,Kilogram,6,6,
30897374,2026-08-28,2026-08-28 12:44:29.962209,KEDAH,KOTA SETAR,PASAR BESAR ALOR SETAR,Runcit,26,Sayur-Sayuran,02,010,TERUNG PANJANG / PEPARU (TANAH RENDAH),F.A.Q,Kilogram,8,7.5833335,
30897375,2026-08-28,2026-08-28 12:44:29.962209,KEDAH,KOTA SETAR,PASAR BESAR ALOR SETAR,Runcit,26,Sayur-Sayuran,02,011,TIMUN HIJAU,F.A.Q,Kilogram,2.5,2.5833333,
30897376,2026-08-28,2026-08-28 12:44:29.962209,KEDAH,KOTA SETAR,PASAR BESAR ALOR SETAR,Runcit,26,Sayur-Sayuran,02,012,TOMATO (TANAH TINGGI),F.A.Q,Kilogram,7,8.25,
30897377,2026-08-28,2026-08-28 12:44:40.147078,KEDAH,KOTA SETAR,PASAR BESAR ALOR SETAR,Runcit,26,Tanaman Kontan,05,001,KELAPA DIKUPAS,SEDANG,Biji,3,3,
30897378,2026-08-28,2026-08-28 12:44:51.714067,KEDAH,KOTA SETAR,PASAR BESAR ALOR SETAR,Runcit,26,Ternakan,02,003,DAGING LEMBU PEJAL,F.A.Q,Kilogram,32,32.25,
30897379,2026-08-28,2026-08-28 12:45:02.435486,KEDAH,KOTA SETAR,PASAR BESAR ALOR SETAR,Runcit,26,Lain-Lain Makanan Proses,15,001,SANTAN PEKAT,F.A.Q,Kilogram,15,15,
30897380,2026-08-28,2026-08-28 12:45:23.645401,KEDAH,KOTA SETAR,PASAR BESAR ALOR SETAR,Runcit,26,Sayur-Sayuran,02,002,CILI MERAH MINYAK,F.A.Q,Kilogram,14,14.583333,
30897381,2026-08-28,2026-08-28 14:58:01.946451,PERLIS,PERLIS,PASAR AWAM SENA,Runcit,26,Sayur-Sayuran,03,001,BAYAM,F.A.Q,Kilogram,6,6.032051,
30897382,2026-08-28,2026-08-28 14:58:01.946451,PERLIS,PERLIS,PASAR AWAM SENA,Runcit,26,Sayur-Sayuran,03,001,BAYAM,F.A.Q,Kilogram,6,6.032051,
30897383,2026-08-28,2026-08-28 14:58:01.946451,PERLIS,PERLIS,PASAR AWAM SENA,Runcit,26,Sayur-Sayuran,03,001,BAYAM,F.A.Q,Kilogram,6,6.032051,
30897384,2026-08-28,2026-08-28 14:58:01.946451,PERLIS,PERLIS,PASAR AWAM SENA,Runcit,26,Sayur-Sayuran,03,001,BAYAM,F.A.Q,Kilogram,6,6.032051,
30897385,2026-08-28,2026-08-28 14:58:01.946451,PERLIS,PERLIS,PASAR AWAM SENA,Runcit,26,Sayur-Sayuran,03,001,BAYAM,F.A.Q,Kilogram,6,6.032051,
30897386,2026-08-28,2026-08-28 14:58:01.946451,PERLIS,PERLIS,PASAR AWAM SENA,Runcit,26,Sayur-Sayuran,02,002,CILI MERAH KULAI / KULAI HIBRID,F.A.Q,Kilogram,18,17.837837,
30897387,2026-08-28,2026-08-28 14:58:01.946451,PERLIS,PERLIS,PASAR AWAM SENA,Runcit,26,Sayur-Sayuran,02,002,CILI MERAH KULAI / KULAI HIBRID,F.A.Q,Kilogram,18,17.837837,
30897388,2026-08-28,2026-08-28 14:58:01.946451,PERLIS,PERLIS,PASAR AWAM SENA,Runcit,26,Sayur-Sayuran,02,002,CILI MERAH KULAI / KULAI HIBRID,F.A.Q,Kilogram,18,17.837837,
30897389,2026-08-28,2026-08-28 14:58:01.946451,PERLIS,PERLIS,PASAR AWAM SENA,Runcit,26,Sayur-Sayuran,02,002,CILI MERAH KULAI / KULAI HIBRID,F.A.Q,Kilogram,18,17.837837,
30897390,2026-08-28,2026-08-28 14:58:01.946451,PERLIS,PERLIS,PASAR AWAM SENA,Runcit,26,Sayur-Sayuran,02,002,CILI MERAH KULAI / KULAI HIBRID,F.A.Q,Kilogram,18,17.837837,
30897391,2026-08-28,2026-08-28 14:58:01.946451,PERLIS,PERLIS,PASAR AWAM SENA,Runcit,26,Sayur-Sayuran,02,002,CILI MERAH MINYAK,F.A.Q,Kilogram,14,14.30303,
30897392,2026-08-28,2026-08-28 14:58:01.946451,PERLIS,PERLIS,PASAR AWAM SENA,Runcit,26,Sayur-Sayuran,02,002,CILI MERAH MINYAK,F.A.Q,Kilogram,14,14.30303,
30897393,2026-08-28,2026-08-28 14:58:01.946451,PERLIS,PERLIS,PASAR AWAM SENA,Runcit,26,Sayur-Sayuran,02,002,CILI MERAH MINYAK,F.A.Q,Kilogram,14,14.30303,
30897394,2026-08-28,2026-08-28 14:58:01.946451,PERLIS,PERLIS,PASAR AWAM SENA,Runcit,26,Sayur-Sayuran,02,002,CILI MERAH MINYAK,F.A.Q,Kilogram,14,14.30303,
30897395,2026-08-28,2026-08-28 14:58:01.946451,PERLIS,PERLIS,PASAR AWAM SENA,Runcit,26,Sayur-Sayuran,02,002,CILI MERAH MINYAK,F.A.Q,Kilogram,14,14.30303,
30897396,2026-08-28,2026-08-28 14:58:01.946451,PERLIS,PERLIS,PASAR AWAM SENA,Runcit,26,Sayur-Sayuran,04,002,KACANG BENDI,F.A.Q,Kilogram,9,8.948718,
30897397,2026-08-28,2026-08-28 14:58:01.946451,PERLIS,PERLIS,PASAR AWAM SENA,Runcit,26,Sayur-Sayuran,04,002,KACANG BENDI,F.A.Q,Kilogram,9,8.948718,
30897398,2026-08-28,2026-08-28 14:58:01.946451,PERLIS,PERLIS,PASAR AWAM SENA,Runcit,26,Sayur-Sayuran,04,002,KACANG BENDI,F.A.Q,Kilogram,9,8.948718,
30897399,2026-08-28,2026-08-28 14:58:01.946451,PERLIS,PERLIS,PASAR AWAM SENA,Runcit,26,Sayur-Sayuran,04,002,KACANG BENDI,F.A.Q,Kilogram,9,8.948718,
30897400,2026-08-28,2026-08-28 14:58:01.946451,PERLIS,PERLIS,PASAR AWAM SENA,Runcit,26,Sayur-Sayuran,04,002,KACANG BENDI,F.A.Q,Kilogram,9,8.948718,
30897401,2026-08-28,2026-08-28 14:58:01.946451,PERLIS,PERLIS,PASAR AWAM SENA,Runcit,26,Sayur-Sayuran,04,007,KACANG PANJANG HIJAU,F.A.Q,Kilogram,8,7.896104,
30897402,2026-08-28,2026-08-28 14:58:01.946451,PERLIS,PERLIS,PASAR AWAM SENA,Runcit,26,Sayur-Sayuran,04,007,KACANG PANJANG HIJAU,F.A.Q,Kilogram,8,7.896104,
30897403,2026-08-28,2026-08-28 14:58:01.946451,PERLIS,PERLIS,PASAR AWAM SENA,Runcit,26,Sayur-Sayuran,04,007,KACANG PANJANG HIJAU,F.A.Q,Kilogram,8,7.896104,
30897404,2026-08-28,2026-08-28 14:58:01.946451,PERLIS,PERLIS,PASAR AWAM SENA,Runcit,26,Sayur-Sayuran,04,007,KACANG PANJANG HIJAU,F.A.Q,Kilogram,8,7.896104,
30897405,2026-08-28,2026-08-28 14:58:01.946451,PERLIS,PERLIS,PASAR AWAM SENA,Runcit,26,Sayur-Sayuran,04,007,KACANG PANJANG HIJAU,F.A.Q,Kilogram,8,7.896104,
30897406,2026-08-28,2026-08-28 14:58:01.946451,PERLIS,PERLIS,PASAR AWAM SENA,Runcit,26,Sayur-Sayuran,03,007,SAWI HIJAU,F.A.Q,Kilogram,7,6.757576,
30897407,2026-08-28,2026-08-28 14:58:01.946451,PERLIS,PERLIS,PASAR AWAM SENA,Runcit,26,Sayur-Sayuran,03,007,SAWI HIJAU,F.A.Q,Kilogram,7,6.757576,
30897408,2026-08-28,2026-08-28 14:58:01.946451,PERLIS,PERLIS,PASAR AWAM SENA,Runcit,26,Sayur-Sayuran,03,007,SAWI HIJAU,F.A.Q,Kilogram,7,6.757576,
30897409,2026-08-28,2026-08-28 14:58:01.946451,PERLIS,PERLIS,PASAR AWAM SENA,Runcit,26,Sayur-Sayuran,03,007,SAWI HIJAU,F.A.Q,Kilogram,7,6.757576,
30897410,2026-08-28,2026-08-28 14:58:01.946451,PERLIS,PERLIS,PASAR AWAM SENA,Runcit,26,Sayur-Sayuran,03,007,SAWI HIJAU,F.A.Q,Kilogram,7,6.757576,
30897411,2026-08-28,2026-08-28 14:58:01.946451,PERLIS,PERLIS,PASAR AWAM SENA,Runcit,26,Sayur-Sayuran,02,010,TERUNG PANJANG / PEPARU (TANAH RENDAH),F.A.Q,Kilogram,7,7.2027025,
30897412,2026-08-28,2026-08-28 14:58:01.946451,PERLIS,PERLIS,PASAR AWAM SENA,Runcit,26,Sayur-Sayuran,02,010,TERUNG PANJANG / PEPARU (TANAH RENDAH),F.A.Q,Kilogram,7,7.2027025,
30897413,2026-08-28,2026-08-28 14:58:01.946451,PERLIS,PERLIS,PASAR AWAM SENA,Runcit,26,Sayur-Sayuran,02,010,TERUNG PANJANG / PEPARU (TANAH RENDAH),F.A.Q,Kilogram,7,7.2027025,
30897414,2026-08-28,2026-08-28 14:58:01.946451,PERLIS,PERLIS,PASAR AWAM SENA,Runcit,26,Sayur-Sayuran,02,010,TERUNG PANJANG / PEPARU (TANAH RENDAH),F.A.Q,Kilogram,7,7.2027025,
30897415,2026-08-28,2026-08-28 14:58:01.946451,PERLIS,PERLIS,PASAR AWAM SENA,Runcit,26,Sayur-Sayuran,02,010,TERUNG PANJANG / PEPARU (TANAH RENDAH),F.A.Q,Kilogram,7,7.2027025,
30897416,2026-08-28,2026-08-28 14:58:01.946451,PERLIS,PERLIS,PASAR AWAM SENA,Runcit,26,Sayur-Sayuran,02,011,TIMUN HIJAU,F.A.Q,Kilogram,4,4,
30897417,2026-08-28,2026-08-28 14:58:01.946451,PERLIS,PERLIS,PASAR AWAM SENA,Runcit,26,Sayur-Sayuran,02,011,TIMUN HIJAU,F.A.Q,Kilogram,4,4,
30897418,2026-08-28,2026-08-28 14:58:01.946451,PERLIS,PERLIS,PASAR AWAM SENA,Runcit,26,Sayur-Sayuran,02,011,TIMUN HIJAU,F.A.Q,Kilogram,4,4,
30897419,2026-08-28,2026-08-28 14:58:01.946451,PERLIS,PERLIS,PASAR AWAM SENA,Runcit,26,Sayur-Sayuran,02,011,TIMUN HIJAU,F.A.Q,Kilogram,4,4,
30897420,2026-08-28,2026-08-28 14:58:01.946451,PERLIS,PERLIS,PASAR AWAM SENA,Runcit,26,Sayur-Sayuran,02,011,TIMUN HIJAU,F.A.Q,Kilogram,4,4,
30897421,2026-08-28,2026-08-28 14:58:01.946451,PERLIS,PERLIS,PASAR AWAM SENA,Runcit,26,Sayur-Sayuran,02,012,TOMATO (TANAH TINGGI),F.A.Q,Kilogram,9,9.705129,
30897422,2026-08-28,2026-08-28 14:58:01.946451,PERLIS,PERLIS,PASAR AWAM SENA,Runcit,26,Sayur-Sayuran,02,012,TOMATO (TANAH TINGGI),F.A.Q,Kilogram,9,9.705129,
30897423,2026-08-28,2026-08-28 14:58:01.946451,PERLIS,PERLIS,PASAR AWAM SENA,Runcit,26,Sayur-Sayuran,02,012,TOMATO (TANAH TINGGI),F.A.Q,Kilogram,9,9.705129,
30897424,2026-08-28,2026-08-28 14:58:01.946451,PERLIS,PERLIS,PASAR AWAM SENA,Runcit,26,Sayur-Sayuran,02,012,TOMATO (TANAH TINGGI),F.A.Q,Kilogram,9,9.705129,
30897425,2026-08-28,2026-08-28 14:58:01.946451,PERLIS,PERLIS,PASAR AWAM SENA,Runcit,26,Sayur-Sayuran,02,012,TOMATO (TANAH TINGGI),F.A.Q,Kilogram,9,9.705129,
30897426,2026-08-28,2026-08-28 15:21:52.346821,JOHOR,TANGKAK,PASAR AWAM TANGKAK,Ladang,,Buah-Buahan,01,003,CEMPEDAK KAMPUNG,F.A.Q,Kilogram,2.5,5.17,
30897427,2026-08-28,2026-08-28 15:21:52.346821,JOHOR,TANGKAK,PASAR AWAM TANGKAK,Ladang,,Buah-Buahan,01,003,CEMPEDAK KAMPUNG,F.A.Q,Kilogram,2.5,5.17,
30897428,2026-08-28,2026-08-28 15:21:52.346821,JOHOR,TANGKAK,PASAR AWAM TANGKAK,Ladang,,Buah-Buahan,01,003,CEMPEDAK KING,F.A.Q,Kilogram,3.5,6,
30897429,2026-08-28,2026-08-28 15:21:52.346821,JOHOR,TANGKAK,PASAR AWAM TANGKAK,Ladang,,Buah-Buahan,01,004,DOKONG,F.A.Q,Kilogram,2,3.5,
30897430,2026-08-28,2026-08-28 15:21:52.346821,JOHOR,TANGKAK,PASAR AWAM TANGKAK,Ladang,,Buah-Buahan,01,004,DUKU,F.A.Q,Kilogram,2,3,
30897431,2026-08-28,2026-08-28 15:21:52.346821,JOHOR,TANGKAK,PASAR AWAM TANGKAK,Ladang,,Buah-Buahan,01,005,DURIAN DURI HITAM / OCHII (D200),F.A.Q,Kilogram,32,74.45,
30897432,2026-08-28,2026-08-28 15:21:52.346821,JOHOR,TANGKAK,PASAR AWAM TANGKAK,Ladang,,Buah-Buahan,01,005,DURIAN KAMPUNG,F.A.Q,Kilogram,4,5.7,
30897433,2026-08-28,2026-08-28 15:21:52.346821,JOHOR,TANGKAK,PASAR AWAM TANGKAK,Ladang,,Buah-Buahan,01,005,DURIAN KAMPUNG,F.A.Q,Kilogram,4,5.7,
30897434,2026-08-28,2026-08-28 15:21:52.346821,JOHOR,TANGKAK,PASAR AWAM TANGKAK,Ladang,,Buah-Buahan,01,005,DURIAN MUSANG KING / RAJA KUNYIT (D197),F.A.Q,Kilogram,35,41.1,
30897435,2026-08-28,2026-08-28 15:21:52.346821,JOHOR,TANGKAK,PASAR AWAM TANGKAK,Ladang,,Buah-Buahan,01,005,DURIAN MUSANG KING / RAJA KUNYIT (D197),F.A.Q,Kilogram,37,41.1,
30897436,2026-08-28,2026-08-28 15:21:52.346821,JOHOR,TANGKAK,PASAR AWAM TANGKAK,Ladang,,Buah-Buahan,01,010,LANGSAT,F.A.Q,Kilogram,2,3,
30897501,2026-08-28,2026-08-28 15:26:59.335738,JOHOR,TANGKAK,PASAR AWAM TANGKAK,Borong,20,Buah-Buahan,01,003,CEMPEDAK KAMPUNG,F.A.Q,Kilogram,5,5,
30897502,2026-08-28,2026-08-28 15:26:59.335738,JOHOR,TANGKAK,PASAR AWAM TANGKAK,Borong,20,Buah-Buahan,01,003,CEMPEDAK KAMPUNG,F.A.Q,Kilogram,5,5,
30897503,2026-08-28,2026-08-28 15:26:59.335738,JOHOR,TANGKAK,PASAR AWAM TANGKAK,Borong,20,Buah-Buahan,01,003,CEMPEDAK KING,F.A.Q,Kilogram,6,6,
30897504,2026-08-28,2026-08-28 15:26:59.335738,JOHOR,TANGKAK,PASAR AWAM TANGKAK,Borong,20,Buah-Buahan,01,004,DOKONG,F.A.Q,Kilogram,4,4,
30897505,2026-08-28,2026-08-28 15:26:59.335738,JOHOR,TANGKAK,PASAR AWAM TANGKAK,Borong,20,Buah-Buahan,01,004,DUKU,F.A.Q,Kilogram,4,6.75,
30897506,2026-08-28,2026-08-28 15:26:59.335738,JOHOR,TANGKAK,PASAR AWAM TANGKAK,Borong,20,Buah-Buahan,01,005,DURIAN DURI HITAM / OCHII (D200),F.A.Q,Kilogram,35,60,
30897507,2026-08-28,2026-08-28 15:26:59.335738,JOHOR,TANGKAK,PASAR AWAM TANGKAK,Borong,20,Buah-Buahan,01,005,DURIAN KAMPUNG,F.A.Q,Kilogram,7,7,
30897508,2026-08-28,2026-08-28 15:26:59.335738,JOHOR,TANGKAK,PASAR AWAM TANGKAK,Borong,20,Buah-Buahan,01,005,DURIAN KAMPUNG,F.A.Q,Kilogram,7,7,
30897509,2026-08-28,2026-08-28 15:26:59.335738,JOHOR,TANGKAK,PASAR AWAM TANGKAK,Borong,20,Buah-Buahan,01,005,DURIAN MUSANG KING / RAJA KUNYIT (D197),F.A.Q,Kilogram,38,35,
30897510,2026-08-28,2026-08-28 15:26:59.335738,JOHOR,TANGKAK,PASAR AWAM TANGKAK,Borong,20,Buah-Buahan,01,005,DURIAN MUSANG KING / RAJA KUNYIT (D197),F.A.Q,Kilogram,40,35,
30897511,2026-08-28,2026-08-28 15:26:59.335738,JOHOR,TANGKAK,PASAR AWAM TANGKAK,Borong,20,Buah-Buahan,01,010,LANGSAT,F.A.Q,Kilogram,4,8,
30897650,2026-08-28,2026-08-28 15:46:16.725267,TERENGGANU,KUALA TERENGGANU,KELOMPOK PERTANIAN KAMPUNG CHE LONG,Ladang,,Sayur-Sayuran,02,002,CILI MERAH KULAI / KULAI HIBRID,F.A.Q,Kilogram,6,10.44,
30897651,2026-08-28,2026-08-28 15:46:16.806568,TERENGGANU,KUALA TERENGGANU,KELOMPOK PERTANIAN KAMPUNG CHE LONG,Ladang,,Sayur-Sayuran,04,002,KACANG BENDI,F.A.Q,Kilogram,3,5.34,
30897652,2026-08-28,2026-08-28 15:46:16.866966,TERENGGANU,KUALA TERENGGANU,KELOMPOK PERTANIAN KAMPUNG CHE LONG,Ladang,,Sayur-Sayuran,04,007,KACANG PANJANG HIJAU,F.A.Q,Kilogram,3,4.02,
30897653,2026-08-28,2026-08-28 15:46:16.955041,TERENGGANU,KUALA TERENGGANU,KELOMPOK PERTANIAN KAMPUNG CHE LONG,Ladang,,Sayur-Sayuran,03,019,KANGKUNG,F.A.Q,Kilogram,2,2.32,
30897654,2026-08-28,2026-08-28 15:46:17.018979,TERENGGANU,KUALA TERENGGANU,KELOMPOK PERTANIAN KAMPUNG CHE LONG,Ladang,,Sayur-Sayuran,03,007,SAWI HIJAU,F.A.Q,Kilogram,2.5,3.39,
30897655,2026-08-28,2026-08-28 15:46:17.100162,TERENGGANU,KUALA TERENGGANU,KELOMPOK PERTANIAN KAMPUNG CHE LONG,Ladang,,Sayur-Sayuran,02,010,TERUNG PANJANG / PEPARU (TANAH RENDAH),F.A.Q,Kilogram,3,5.38,
30897656,2026-08-28,2026-08-28 15:46:17.175072,TERENGGANU,KUALA TERENGGANU,KELOMPOK PERTANIAN KAMPUNG CHE LONG,Ladang,,Sayur-Sayuran,02,011,TIMUN HIJAU,F.A.Q,Kilogram,1.2,1.67,
30897657,2026-08-28,2026-08-28 15:46:28.020795,TERENGGANU,KEMAMAN,LADANG/KEBUN KEMASIK,Ladang,,Ternakan,01,003,AYAM HIDUP,F.A.Q,Kilogram,6.5,6.51,
30897658,2026-08-28,2026-08-28 15:46:36.04952,TERENGGANU,MARANG,[LOKASI KUTIPAN HARGA LADANG] PULAU KERENGGA,Ladang,,Buah-Buahan,02,034,TEMBIKAI MERAH TANPA BIJI,F.A.Q,Kilogram,2,2.46,
30897659,2026-08-28,2026-08-28 15:46:47.917277,TERENGGANU,KUALA TERENGGANU,PASAR BORONG GONG PAUH,Borong,,Ternakan,03,002,AYAM PROSES STANDARD,F.A.Q,Kilogram,9.3,8.75,
30897660,2026-08-28,2026-08-28 15:47:03.643701,TERENGGANU,KUALA TERENGGANU,PASAR BORONG GONG PAUH,Borong,,Ternakan,03,002,AYAM PROSES STANDARD,F.A.Q,Kilogram,10,8.75,
30897661,2026-08-28,2026-08-28 15:47:17.07077,TERENGGANU,KUALA TERENGGANU,PASAR BORONG GONG PAUH,Borong,,Tanaman Kontan,05,001,KELAPA DIKUPAS,SEDANG,Biji,2.8,1.79,
30897662,2026-08-28,2026-08-28 15:50:13.311568,TERENGGANU,KUALA TERENGGANU,PASAR BORONG GONG PAUH,Borong,,Buah-Buahan,02,023,NANAS JOSAPINE (AC5),F.A.Q,Kilogram,3.5,3.5,
30897663,2026-08-28,2026-08-28 15:50:13.927515,JOHOR,TANGKAK,PASAR AWAM TANGKAK,Runcit,41,Buah-Buahan,01,003,CEMPEDAK KAMPUNG,F.A.Q,Kilogram,8,8,
30897664,2026-08-28,2026-08-28 15:50:13.927515,JOHOR,TANGKAK,PASAR AWAM TANGKAK,Runcit,41,Buah-Buahan,01,003,CEMPEDAK KAMPUNG,F.A.Q,Kilogram,8,8,
30897665,2026-08-28,2026-08-28 15:50:13.927515,JOHOR,TANGKAK,PASAR AWAM TANGKAK,Runcit,41,Buah-Buahan,01,003,CEMPEDAK KING,F.A.Q,Kilogram,9,9,
30897666,2026-08-28,2026-08-28 15:50:13.927515,JOHOR,TANGKAK,PASAR AWAM TANGKAK,Runcit,41,Buah-Buahan,01,004,DOKONG,F.A.Q,Kilogram,7,14.17,
30897667,2026-08-28,2026-08-28 15:50:13.927515,JOHOR,TANGKAK,PASAR AWAM TANGKAK,Runcit,41,Buah-Buahan,01,004,DUKU,F.A.Q,Kilogram,7,15,
30897668,2026-08-28,2026-08-28 15:50:13.927515,JOHOR,TANGKAK,PASAR AWAM TANGKAK,Runcit,41,Buah-Buahan,01,005,DURIAN DURI HITAM / OCHII (D200),F.A.Q,Kilogram,38,80,
30897669,2026-08-28,2026-08-28 15:50:13.927515,JOHOR,TANGKAK,PASAR AWAM TANGKAK,Runcit,41,Buah-Buahan,01,005,DURIAN KAMPUNG,F.A.Q,Kilogram,10,11.13,
30897670,2026-08-28,2026-08-28 15:50:13.927515,JOHOR,TANGKAK,PASAR AWAM TANGKAK,Runcit,41,Buah-Buahan,01,005,DURIAN KAMPUNG,F.A.Q,Kilogram,10,11.13,
30897671,2026-08-28,2026-08-28 15:50:13.927515,JOHOR,TANGKAK,PASAR AWAM TANGKAK,Runcit,41,Buah-Buahan,01,005,DURIAN MUSANG KING / RAJA KUNYIT (D197),F.A.Q,Kilogram,41,41.67,
30897672,2026-08-28,2026-08-28 15:50:13.927515,JOHOR,TANGKAK,PASAR AWAM TANGKAK,Runcit,41,Buah-Buahan,01,005,DURIAN MUSANG KING / RAJA KUNYIT (D197),F.A.Q,Kilogram,43,41.67,
30897673,2026-08-28,2026-08-28 15:50:13.927515,JOHOR,TANGKAK,PASAR AWAM TANGKAK,Runcit,41,Buah-Buahan,01,010,LANGSAT,F.A.Q,Kilogram,7,14.17,
30897674,2026-08-28,2026-08-28 15:50:14.461136,TERENGGANU,KUALA TERENGGANU,PASAR BORONG GONG PAUH,Borong,,Buah-Buahan,02,028,PISANG BERANGAN,F.A.Q,Kilogram,6,3.93,
30897675,2026-08-28,2026-08-28 15:50:16.388377,TERENGGANU,KUALA TERENGGANU,PASAR BORONG GONG PAUH,Borong,,Buah-Buahan,02,034,TEMBIKAI MERAH TANPA BIJI,F.A.Q,Kilogram,2.8,3.55,
30897676,2026-08-28,2026-08-28 15:50:16.695673,TERENGGANU,KUALA TERENGGANU,PASAR BORONG GONG PAUH,Borong,,Sayur-Sayuran,05,001,BAWANG BESAR MERAH (INDIA),F.A.Q,Kilogram,2.2,2.73,
30897677,2026-08-28,2026-08-28 15:50:16.81696,TERENGGANU,KUALA TERENGGANU,PASAR BORONG GONG PAUH,Borong,,Sayur-Sayuran,05,001,BAWANG MERAH / KECIL (INDIA),F.A.Q,Kilogram,2.5,4.61,
30897678,2026-08-28,2026-08-28 15:50:17.974175,TERENGGANU,KUALA TERENGGANU,PASAR BORONG GONG PAUH,Borong,,Sayur-Sayuran,05,001,BAWANG PUTIH (CHINA),F.A.Q,Kilogram,6,5.98,
30897679,2026-08-28,2026-08-28 15:50:18.720348,TERENGGANU,KUALA TERENGGANU,PASAR BORONG GONG PAUH,Borong,,Ternakan,11,001,TELUR AYAM,B,Biji,0.4,0.43,
30897680,2026-08-28,2026-08-28 15:53:05.629642,TERENGGANU,KUALA TERENGGANU,PASAR BORONG GONG PAUH,Borong,,Sayur-Sayuran,03,001,BAYAM,F.A.Q,Kilogram,4.5,4.11,
30897681,2026-08-28,2026-08-28 15:53:05.704768,TERENGGANU,KUALA TERENGGANU,PASAR BORONG GONG PAUH,Borong,,Sayur-Sayuran,02,002,CILI MERAH KULAI / KULAI HIBRID,F.A.Q,Kilogram,12,13.69,
30897682,2026-08-28,2026-08-28 15:53:05.790539,TERENGGANU,KUALA TERENGGANU,PASAR BORONG GONG PAUH,Borong,,Sayur-Sayuran,02,002,CILI MERAH MINYAK,F.A.Q,Kilogram,9,11.76,
30897683,2026-08-28,2026-08-28 15:53:05.865282,TERENGGANU,KUALA TERENGGANU,PASAR BORONG GONG PAUH,Borong,,Sayur-Sayuran,04,002,KACANG BENDI,F.A.Q,Kilogram,6,8.23,
30897684,2026-08-28,2026-08-28 15:53:05.923117,TERENGGANU,KUALA TERENGGANU,PASAR BORONG GONG PAUH,Borong,,Sayur-Sayuran,04,007,KACANG PANJANG HIJAU,F.A.Q,Kilogram,7,5.88,
30897685,2026-08-28,2026-08-28 15:53:05.995895,TERENGGANU,KUALA TERENGGANU,PASAR BORONG GONG PAUH,Borong,,Sayur-Sayuran,03,006,KUBIS BULAT (TANAH TINGGI),F.A.Q,Kilogram,3.5,3.18,
30897686,2026-08-28,2026-08-28 15:53:06.057082,TERENGGANU,KUALA TERENGGANU,PASAR BORONG GONG PAUH,Borong,,Sayur-Sayuran,03,007,SAWI HIJAU,F.A.Q,Kilogram,5,4.43,
30897687,2026-08-28,2026-08-28 15:53:06.119735,TERENGGANU,KUALA TERENGGANU,PASAR BORONG GONG PAUH,Borong,,Sayur-Sayuran,02,010,TERUNG PANJANG / PEPARU (TANAH RENDAH),F.A.Q,Kilogram,5,7.33,
30897688,2026-08-28,2026-08-28 15:53:06.206553,TERENGGANU,KUALA TERENGGANU,PASAR BORONG GONG PAUH,Borong,,Sayur-Sayuran,02,011,TIMUN HIJAU,F.A.Q,Kilogram,2,2.57,
30897689,2026-08-28,2026-08-28 15:53:06.279213,TERENGGANU,KUALA TERENGGANU,PASAR BORONG GONG PAUH,Borong,,Sayur-Sayuran,02,012,TOMATO (TANAH TINGGI),F.A.Q,Kilogram,8,7,
30897690,2026-08-28,2026-08-28 15:53:20.699223,TERENGGANU,KUALA TERENGGANU,PASAR BORONG GONG PAUH,Borong,,Ternakan,02,003,DAGING LEMBU PEJAL,F.A.Q,Kilogram,26,40,
30897691,2026-08-28,2026-08-28 15:53:39.589729,TERENGGANU,KUALA TERENGGANU,PASAR BORONG GONG PAUH,Borong,,Ternakan,02,003,DAGING LEMBU PEJAL,F.A.Q,Kilogram,26,40,
30897692,2026-08-28,2026-08-28 15:54:05.557649,TERENGGANU,KUALA TERENGGANU,PASAR BORONG GONG PAUH,Borong,,Buah-Buahan,02,023,NANAS JOSAPINE (AC5),F.A.Q,Kilogram,3.5,3.5,
30897693,2026-08-28,2026-08-28 15:54:05.626928,TERENGGANU,KUALA TERENGGANU,PASAR BORONG GONG PAUH,Borong,,Buah-Buahan,02,028,PISANG BERANGAN,F.A.Q,Kilogram,5,3.93,
30897694,2026-08-28,2026-08-28 15:54:05.679658,TERENGGANU,KUALA TERENGGANU,PASAR BORONG GONG PAUH,Borong,,Buah-Buahan,02,034,TEMBIKAI MERAH TANPA BIJI,F.A.Q,Kilogram,2.5,3.55,
30898175,2026-08-28,2026-08-28 20:41:30.165093,KELANTAN,BACHOK,[LOKASI KUTIPAN HARGA LADANG] KAMPUNG CHANGGONG,Ladang,,Tanaman Kontan,05,001,KELAPA DIKUPAS,SEDANG,Biji,1.2,1.25,
30898176,2026-08-28,2026-08-28 20:42:08.291728,KELANTAN,KOTA BHARU,PASAR BORONG RTC KOTA BHARU,Borong,20,Tanaman Kontan,05,001,KELAPA DIKUPAS,SEDANG,Biji,1.5,1.6,
30898177,2026-08-28,2026-08-28 20:42:46.559987,KELANTAN,KOTA BHARU,PASAR BESAR SITI KHADIJAH,Runcit,26,Tanaman Kontan,05,001,KELAPA DIKUPAS,SEDANG,Biji,2,2.1,
30898178,2026-08-28,2026-08-28 20:42:46.559987,KELANTAN,KOTA BHARU,PASAR BESAR SITI KHADIJAH,Runcit,26,Tanaman Kontan,05,001,KELAPA DIKUPAS,SEDANG,Biji,2,2.1,
30898179,2026-08-28,2026-08-28 20:43:29.437197,KELANTAN,KOTA BHARU,PASAR BORONG RTC KOTA BHARU,Borong,20,Buah-Buahan,02,023,NANAS JOSAPINE (AC5),F.A.Q,Kilogram,3,3,
30898180,2026-08-28,2026-08-28 20:43:29.437197,KELANTAN,KOTA BHARU,PASAR BORONG RTC KOTA BHARU,Borong,20,Buah-Buahan,02,023,NANAS JOSAPINE (AC5),F.A.Q,Kilogram,3,3,
30898181,2026-08-28,2026-08-28 20:43:29.437197,KELANTAN,KOTA BHARU,PASAR BORONG RTC KOTA BHARU,Borong,20,Buah-Buahan,02,023,NANAS JOSAPINE (AC5),F.A.Q,Kilogram,3,3,
30898182,2026-08-28,2026-08-28 20:44:06.831226,KELANTAN,KOTA BHARU,PASAR BESAR SITI KHADIJAH,Runcit,26,Buah-Buahan,02,023,NANAS JOSAPINE (AC5),F.A.Q,Kilogram,4,4,
30898183,2026-08-28,2026-08-28 20:44:06.831226,KELANTAN,KOTA BHARU,PASAR BESAR SITI KHADIJAH,Runcit,26,Buah-Buahan,02,023,NANAS JOSAPINE (AC5),F.A.Q,Kilogram,4,4,
30898184,2026-08-28,2026-08-28 20:44:06.831226,KELANTAN,KOTA BHARU,PASAR BESAR SITI KHADIJAH,Runcit,26,Buah-Buahan,02,023,NANAS JOSAPINE (AC5),F.A.Q,Kilogram,4,4,
30898185,2026-08-28,2026-08-28 21:39:12.634202,W.P. KUALA LUMPUR,BATU,PASAR HARIAN SELAYANG,Runcit,26,Ternakan,03,002,AYAM PROSES STANDARD,F.A.Q,Kilogram,10,10.028571,
30898186,2026-08-28,2026-08-28 21:39:12.634202,W.P. KUALA LUMPUR,BATU,PASAR HARIAN SELAYANG,Runcit,26,Ternakan,03,002,AYAM PROSES STANDARD,F.A.Q,Kilogram,10,10.028571,
30898187,2026-08-28,2026-08-28 21:39:12.634202,W.P. KUALA LUMPUR,BATU,PASAR HARIAN SELAYANG,Runcit,26,Sayur-Sayuran,05,001,BAWANG BESAR MERAH (INDIA),F.A.Q,Kilogram,3.5,3.425,
30898188,2026-08-28,2026-08-28 21:39:12.634202,W.P. KUALA LUMPUR,BATU,PASAR HARIAN SELAYANG,Runcit,26,Sayur-Sayuran,05,001,BAWANG BESAR MERAH (INDIA),F.A.Q,Kilogram,3.4,3.425,
30898189,2026-08-28,2026-08-28 21:39:12.634202,W.P. KUALA LUMPUR,BATU,PASAR HARIAN SELAYANG,Runcit,26,Sayur-Sayuran,05,001,BAWANG PUTIH (CHINA),F.A.Q,Kilogram,11,11.3125,
30898190,2026-08-28,2026-08-28 21:39:12.634202,W.P. KUALA LUMPUR,BATU,PASAR HARIAN SELAYANG,Runcit,26,Sayur-Sayuran,05,001,BAWANG PUTIH (CHINA),F.A.Q,Kilogram,12,11.3125,
30898191,2026-08-28,2026-08-28 21:39:12.634202,W.P. KUALA LUMPUR,BATU,PASAR HARIAN SELAYANG,Runcit,26,Sayur-Sayuran,03,001,BAYAM,F.A.Q,Kilogram,3.5,3.6388888,
30898192,2026-08-28,2026-08-28 21:39:12.634202,W.P. KUALA LUMPUR,BATU,PASAR HARIAN SELAYANG,Runcit,26,Sayur-Sayuran,03,001,BAYAM,F.A.Q,Kilogram,4,3.6388888,
30898193,2026-08-28,2026-08-28 21:39:12.634202,W.P. KUALA LUMPUR,BATU,PASAR HARIAN SELAYANG,Runcit,26,Sayur-Sayuran,02,002,CILI MERAH KULAI / KULAI HIBRID,F.A.Q,Kilogram,18,16.75,
30898194,2026-08-28,2026-08-28 21:39:12.634202,W.P. KUALA LUMPUR,BATU,PASAR HARIAN SELAYANG,Runcit,26,Sayur-Sayuran,02,002,CILI MERAH KULAI / KULAI HIBRID,F.A.Q,Kilogram,16,16.75,
30898195,2026-08-28,2026-08-28 21:39:12.634202,W.P. KUALA LUMPUR,BATU,PASAR HARIAN SELAYANG,Runcit,26,Sayur-Sayuran,02,002,CILI MERAH MINYAK,F.A.Q,Kilogram,12,12.0625,
30898196,2026-08-28,2026-08-28 21:39:12.634202,W.P. KUALA LUMPUR,BATU,PASAR HARIAN SELAYANG,Runcit,26,Sayur-Sayuran,02,002,CILI MERAH MINYAK,F.A.Q,Kilogram,12,12.0625,
30898197,2026-08-28,2026-08-28 21:39:12.634202,W.P. KUALA LUMPUR,BATU,PASAR HARIAN SELAYANG,Runcit,26,Sayur-Sayuran,04,002,KACANG BENDI,F.A.Q,Kilogram,6,7.4444447,
30898198,2026-08-28,2026-08-28 21:39:12.634202,W.P. KUALA LUMPUR,BATU,PASAR HARIAN SELAYANG,Runcit,26,Sayur-Sayuran,04,002,KACANG BENDI,F.A.Q,Kilogram,7,7.4444447,
30898199,2026-08-28,2026-08-28 21:39:12.634202,W.P. KUALA LUMPUR,BATU,PASAR HARIAN SELAYANG,Runcit,26,Sayur-Sayuran,04,007,KACANG PANJANG HIJAU,F.A.Q,Kilogram,6,7.4166665,
30898200,2026-08-28,2026-08-28 21:39:12.634202,W.P. KUALA LUMPUR,BATU,PASAR HARIAN SELAYANG,Runcit,26,Sayur-Sayuran,04,007,KACANG PANJANG HIJAU,F.A.Q,Kilogram,6.5,7.4166665,
30898201,2026-08-28,2026-08-28 21:39:12.634202,W.P. KUALA LUMPUR,BATU,PASAR HARIAN SELAYANG,Runcit,26,Tanaman Kontan,05,001,KELAPA DIKUPAS,SEDANG,Biji,3.5,3.4714286,
30898202,2026-08-28,2026-08-28 21:39:12.634202,W.P. KUALA LUMPUR,BATU,PASAR HARIAN SELAYANG,Runcit,26,Sayur-Sayuran,03,006,KUBIS BULAT (TANAH TINGGI),F.A.Q,Kilogram,4.5,4.65,
30898203,2026-08-28,2026-08-28 21:39:12.634202,W.P. KUALA LUMPUR,BATU,PASAR HARIAN SELAYANG,Runcit,26,Buah-Buahan,02,023,NANAS JOSAPINE (AC5),F.A.Q,Kilogram,4,3.857143,
30898204,2026-08-28,2026-08-28 21:39:12.634202,W.P. KUALA LUMPUR,BATU,PASAR HARIAN SELAYANG,Runcit,26,Buah-Buahan,02,028,PISANG BERANGAN,F.A.Q,Kilogram,6.5,6.5,
30898205,2026-08-28,2026-08-28 21:39:12.634202,W.P. KUALA LUMPUR,BATU,PASAR HARIAN SELAYANG,Runcit,26,Lain-Lain Makanan Proses,15,001,SANTAN PEKAT,F.A.Q,Kilogram,14,14,
30898206,2026-08-28,2026-08-28 21:39:12.634202,W.P. KUALA LUMPUR,BATU,PASAR HARIAN SELAYANG,Runcit,26,Sayur-Sayuran,03,007,SAWI HIJAU,F.A.Q,Kilogram,4.5,4.71875,
30898207,2026-08-28,2026-08-28 21:39:12.634202,W.P. KUALA LUMPUR,BATU,PASAR HARIAN SELAYANG,Runcit,26,Sayur-Sayuran,03,007,SAWI HIJAU,F.A.Q,Kilogram,5,4.71875,
30898208,2026-08-28,2026-08-28 21:39:12.634202,W.P. KUALA LUMPUR,BATU,PASAR HARIAN SELAYANG,Runcit,26,Ternakan,11,001,TELUR AYAM,B,Biji,0.5,0.5,
30898209,2026-08-28,2026-08-28 21:39:12.634202,W.P. KUALA LUMPUR,BATU,PASAR HARIAN SELAYANG,Runcit,26,Buah-Buahan,02,034,TEMBIKAI MERAH TANPA BIJI,F.A.Q,Kilogram,4.5,4.9714284,
30898210,2026-08-28,2026-08-28 21:39:12.634202,W.P. KUALA LUMPUR,BATU,PASAR HARIAN SELAYANG,Runcit,26,Sayur-Sayuran,02,010,TERUNG PANJANG / PEPARU (TANAH RENDAH),F.A.Q,Kilogram,7,9.166667,
30898211,2026-08-28,2026-08-28 21:39:12.634202,W.P. KUALA LUMPUR,BATU,PASAR HARIAN SELAYANG,Runcit,26,Sayur-Sayuran,02,010,TERUNG PANJANG / PEPARU (TANAH RENDAH),F.A.Q,Kilogram,8,9.166667,
30898212,2026-08-28,2026-08-28 21:39:12.634202,W.P. KUALA LUMPUR,BATU,PASAR HARIAN SELAYANG,Runcit,26,Sayur-Sayuran,02,011,TIMUN HIJAU,F.A.Q,Kilogram,3,2.2444444,
30898213,2026-08-28,2026-08-28 21:39:12.634202,W.P. KUALA LUMPUR,BATU,PASAR HARIAN SELAYANG,Runcit,26,Sayur-Sayuran,02,011,TIMUN HIJAU,F.A.Q,Kilogram,3,2.2444444,
30898214,2026-08-28,2026-08-28 21:39:12.634202,W.P. KUALA LUMPUR,BATU,PASAR HARIAN SELAYANG,Runcit,26,Sayur-Sayuran,02,012,TOMATO (TANAH TINGGI),F.A.Q,Kilogram,8,6.9722223,
30898215,2026-08-28,2026-08-28 21:39:12.634202,W.P. KUALA LUMPUR,BATU,PASAR HARIAN SELAYANG,Runcit,26,Sayur-Sayuran,02,012,TOMATO (TANAH TINGGI),F.A.Q,Kilogram,7.5,6.9722223,
30908715,2026-08-28,2026-09-01 11:39:10.30301,PAHANG,CAMERON HIGHLANDS,LADANG/KEBUN BLUE VALLEY,Ladang,,Sayur-Sayuran,02,002,CILI MERAH MINYAK,F.A.Q,Kilogram,11,10.709091,
30908716,2026-08-28,2026-09-01 11:39:10.30301,PAHANG,CAMERON HIGHLANDS,LADANG/KEBUN BLUE VALLEY,Ladang,,Sayur-Sayuran,03,006,KUBIS BULAT (TANAH TINGGI),F.A.Q,Kilogram,1.1,1.5272727,
30908717,2026-08-28,2026-09-01 11:39:10.30301,PAHANG,CAMERON HIGHLANDS,LADANG/KEBUN BLUE VALLEY,Ladang,,Sayur-Sayuran,02,012,TOMATO (TANAH TINGGI),F.A.Q,Kilogram,7,5.1545453,
