priceid,tarikh_harga,systemdate,negeri,daerah,lokasi,peringkat,sublevel,kategori,kumpulan,jenis,varieti,gred,unit,harga,average14,supply
30875370,2026-08-22,2026-08-22 06:05:34.230706,PULAU PINANG,SEBERANG PERAI TENGAH,PASAR BORONG BUKIT MERTAJAM,Borong,20,Ternakan,02,003,DAGING LEMBU PEJAL,F.A.Q,Kilogram,30,30.46,
30875371,2026-08-22,2026-08-22 06:05:34.230706,PULAU PINANG,SEBERANG PERAI TENGAH,PASAR BORONG BUKIT MERTAJAM,Borong,20,Ternakan,02,003,DAGING LEMBU PEJAL,F.A.Q,Kilogram,27,30.46,
30875372,2026-08-22,2026-08-22 06:06:03.644863,PULAU PINANG,SEBERANG PERAI TENGAH,PASAR BORONG BUKIT MERTAJAM,Borong,20,Ternakan,03,002,AYAM PROSES STANDARD,F.A.Q,Kilogram,9.6,9.552381,
30875373,2026-08-22,2026-08-22 06:06:03.644863,PULAU PINANG,SEBERANG PERAI TENGAH,PASAR BORONG BUKIT MERTAJAM,Borong,20,Ternakan,11,001,TELUR AYAM,A,Biji,0.5,0.48833334,
30875374,2026-08-22,2026-08-22 06:06:03.644863,PULAU PINANG,SEBERANG PERAI TENGAH,PASAR BORONG BUKIT MERTAJAM,Borong,20,Ternakan,11,001,TELUR AYAM,B,Biji,0.48,0.46,
30875375,2026-08-22,2026-08-22 06:06:03.644863,PULAU PINANG,SEBERANG PERAI TENGAH,PASAR BORONG BUKIT MERTAJAM,Borong,20,Ternakan,11,001,TELUR AYAM,C,Biji,0.46,0.44833332,
30875376,2026-08-22,2026-08-22 06:07:06.225874,PULAU PINANG,SEBERANG PERAI TENGAH,PASAR BORONG BUKIT MERTAJAM,Borong,20,Buah-Buahan,02,005,BETIK SEKAKI,F.A.Q,Kilogram,5,4.5,
30875377,2026-08-22,2026-08-22 06:07:06.225874,PULAU PINANG,SEBERANG PERAI TENGAH,PASAR BORONG BUKIT MERTAJAM,Borong,20,Buah-Buahan,02,005,BETIK SEKAKI,F.A.Q,Kilogram,4,4.5,
30875378,2026-08-22,2026-08-22 06:07:06.225874,PULAU PINANG,SEBERANG PERAI TENGAH,PASAR BORONG BUKIT MERTAJAM,Borong,20,Buah-Buahan,02,023,NANAS JOSAPINE (AC5),F.A.Q,Kilogram,3,2.5,
30875379,2026-08-22,2026-08-22 06:07:06.225874,PULAU PINANG,SEBERANG PERAI TENGAH,PASAR BORONG BUKIT MERTAJAM,Borong,20,Buah-Buahan,02,023,NANAS JOSAPINE (AC5),F.A.Q,Kilogram,2,2.5,
30875380,2026-08-22,2026-08-22 06:07:06.225874,PULAU PINANG,SEBERANG PERAI TENGAH,PASAR BORONG BUKIT MERTAJAM,Borong,20,Buah-Buahan,02,028,PISANG BERANGAN,F.A.Q,Kilogram,5.5,5,
30875381,2026-08-22,2026-08-22 06:07:06.225874,PULAU PINANG,SEBERANG PERAI TENGAH,PASAR BORONG BUKIT MERTAJAM,Borong,20,Buah-Buahan,02,028,PISANG BERANGAN,F.A.Q,Kilogram,4.5,5,
30875382,2026-08-22,2026-08-22 06:07:06.225874,PULAU PINANG,SEBERANG PERAI TENGAH,PASAR BORONG BUKIT MERTAJAM,Borong,20,Buah-Buahan,02,028,PISANG MAS,F.A.Q,Kilogram,4.5,4.5,
30875383,2026-08-22,2026-08-22 06:07:06.225874,PULAU PINANG,SEBERANG PERAI TENGAH,PASAR BORONG BUKIT MERTAJAM,Borong,20,Buah-Buahan,02,034,TEMBIKAI MERAH TANPA BIJI,F.A.Q,Kilogram,2.5,2.23,
30875384,2026-08-22,2026-08-22 06:07:06.225874,PULAU PINANG,SEBERANG PERAI TENGAH,PASAR BORONG BUKIT MERTAJAM,Borong,20,Buah-Buahan,02,034,TEMBIKAI MERAH TANPA BIJI,F.A.Q,Kilogram,1.5,2.23,
30875385,2026-08-22,2026-08-22 06:07:29.023329,PULAU PINANG,SEBERANG PERAI TENGAH,PASAR BORONG BUKIT MERTAJAM,Borong,20,Tanaman Kontan,05,001,KELAPA DIKUPAS,SEDANG,Biji,1.6,1.79,
30875386,2026-08-22,2026-08-22 06:09:04.213096,PULAU PINANG,SEBERANG PERAI TENGAH,PASAR BORONG BUKIT MERTAJAM,Borong,20,Sayur-Sayuran,05,001,BAWANG BESAR KUNING / HOLLAND,F.A.Q,Kilogram,2.85,2.425,
30875387,2026-08-22,2026-08-22 06:09:04.213096,PULAU PINANG,SEBERANG PERAI TENGAH,PASAR BORONG BUKIT MERTAJAM,Borong,20,Sayur-Sayuran,05,001,BAWANG BESAR KUNING / HOLLAND,F.A.Q,Kilogram,2,2.425,
30875388,2026-08-22,2026-08-22 06:09:04.213096,PULAU PINANG,SEBERANG PERAI TENGAH,PASAR BORONG BUKIT MERTAJAM,Borong,20,Sayur-Sayuran,05,001,BAWANG BESAR MERAH (INDIA),F.A.Q,Kilogram,2.22,1.92,
30875389,2026-08-22,2026-08-22 06:09:04.213096,PULAU PINANG,SEBERANG PERAI TENGAH,PASAR BORONG BUKIT MERTAJAM,Borong,20,Sayur-Sayuran,05,001,BAWANG BESAR MERAH (PAKISTAN),F.A.Q,Kilogram,1.65,1.65,
30875390,2026-08-22,2026-08-22 06:09:04.213096,PULAU PINANG,SEBERANG PERAI TENGAH,PASAR BORONG BUKIT MERTAJAM,Borong,20,Sayur-Sayuran,05,001,BAWANG MERAH / KECIL (INDIA),F.A.Q,Kilogram,3,4.61,
30875391,2026-08-22,2026-08-22 06:09:04.213096,PULAU PINANG,SEBERANG PERAI TENGAH,PASAR BORONG BUKIT MERTAJAM,Borong,20,Sayur-Sayuran,05,001,BAWANG MERAH / KECIL (THAI),F.A.Q,Kilogram,5.55,9.62,
30875392,2026-08-22,2026-08-22 06:09:04.213096,PULAU PINANG,SEBERANG PERAI TENGAH,PASAR BORONG BUKIT MERTAJAM,Borong,20,Sayur-Sayuran,05,001,BAWANG MERAH ROSE,F.A.Q,Kilogram,2.25,9.14,
30875393,2026-08-22,2026-08-22 06:09:04.213096,PULAU PINANG,SEBERANG PERAI TENGAH,PASAR BORONG BUKIT MERTAJAM,Borong,20,Sayur-Sayuran,05,001,BAWANG PUTIH (CHINA),F.A.Q,Kilogram,6.5,5.75,
30875394,2026-08-22,2026-08-22 06:09:04.213096,PULAU PINANG,SEBERANG PERAI TENGAH,PASAR BORONG BUKIT MERTAJAM,Borong,20,Sayur-Sayuran,05,001,BAWANG PUTIH (CHINA),F.A.Q,Kilogram,5,5.75,
30875395,2026-08-22,2026-08-22 06:09:04.213096,PULAU PINANG,SEBERANG PERAI TENGAH,PASAR BORONG BUKIT MERTAJAM,Borong,20,Sayur-Sayuran,05,009,UBI KENTANG (IMPORT),F.A.Q,Kilogram,1.8,1.5,
30875396,2026-08-22,2026-08-22 06:09:04.213096,PULAU PINANG,SEBERANG PERAI TENGAH,PASAR BORONG BUKIT MERTAJAM,Borong,20,Sayur-Sayuran,05,009,UBI KENTANG HOLLAND,F.A.Q,Kilogram,1.85,2.62,
30875397,2026-08-22,2026-08-22 06:20:40.883168,PULAU PINANG,SEBERANG PERAI TENGAH,PASAR BORONG BUKIT MERTAJAM,Borong,20,Sayur-Sayuran,03,001,BAYAM,F.A.Q,Kilogram,2.7,2.976923,
30875398,2026-08-22,2026-08-22 06:20:40.883168,PULAU PINANG,SEBERANG PERAI TENGAH,PASAR BORONG BUKIT MERTAJAM,Borong,20,Sayur-Sayuran,02,002,CILI HIJAU,F.A.Q,Kilogram,9,8,
30875399,2026-08-22,2026-08-22 06:20:40.883168,PULAU PINANG,SEBERANG PERAI TENGAH,PASAR BORONG BUKIT MERTAJAM,Borong,20,Sayur-Sayuran,02,002,CILI MERAH KULAI / KULAI HIBRID,F.A.Q,Kilogram,11,12.111111,
30875400,2026-08-22,2026-08-22 06:20:40.883168,PULAU PINANG,SEBERANG PERAI TENGAH,PASAR BORONG BUKIT MERTAJAM,Borong,20,Sayur-Sayuran,02,002,CILI MERAH KULAI / KULAI HIBRID,F.A.Q,Kilogram,6,12.111111,
30875401,2026-08-22,2026-08-22 06:20:40.883168,PULAU PINANG,SEBERANG PERAI TENGAH,PASAR BORONG BUKIT MERTAJAM,Borong,20,Sayur-Sayuran,02,002,CILI MERAH MINYAK,F.A.Q,Kilogram,9,10.47,
30875402,2026-08-22,2026-08-22 06:20:40.883168,PULAU PINANG,SEBERANG PERAI TENGAH,PASAR BORONG BUKIT MERTAJAM,Borong,20,Sayur-Sayuran,02,002,CILI MERAH MINYAK,F.A.Q,Kilogram,6,10.47,
30875403,2026-08-22,2026-08-22 06:20:40.883168,PULAU PINANG,SEBERANG PERAI TENGAH,PASAR BORONG BUKIT MERTAJAM,Borong,20,Sayur-Sayuran,03,009,DAUN BAWANG,F.A.Q,Kilogram,3,9.7,
30875404,2026-08-22,2026-08-22 06:20:40.883168,PULAU PINANG,SEBERANG PERAI TENGAH,PASAR BORONG BUKIT MERTAJAM,Borong,20,Sayur-Sayuran,03,015,DAUN SUP (TANAH TINGGI),F.A.Q,Kilogram,10.5,14.877778,
30875405,2026-08-22,2026-08-22 06:20:40.883168,PULAU PINANG,SEBERANG PERAI TENGAH,PASAR BORONG BUKIT MERTAJAM,Borong,20,Sayur-Sayuran,04,002,KACANG BENDI,F.A.Q,Kilogram,5.2,6.4941177,
30875406,2026-08-22,2026-08-22 06:20:40.883168,PULAU PINANG,SEBERANG PERAI TENGAH,PASAR BORONG BUKIT MERTAJAM,Borong,20,Sayur-Sayuran,04,003,KACANG BUNCIS,F.A.Q,Kilogram,6,8.072727,
30875407,2026-08-22,2026-08-22 06:20:40.883168,PULAU PINANG,SEBERANG PERAI TENGAH,PASAR BORONG BUKIT MERTAJAM,Borong,20,Sayur-Sayuran,04,003,KACANG BUNCIS,F.A.Q,Kilogram,3.5,8.072727,
30875408,2026-08-22,2026-08-22 06:20:40.883168,PULAU PINANG,SEBERANG PERAI TENGAH,PASAR BORONG BUKIT MERTAJAM,Borong,20,Sayur-Sayuran,04,007,KACANG PANJANG HIJAU,F.A.Q,Kilogram,6,6.05,
30875409,2026-08-22,2026-08-22 06:20:40.883168,PULAU PINANG,SEBERANG PERAI TENGAH,PASAR BORONG BUKIT MERTAJAM,Borong,20,Sayur-Sayuran,03,019,KANGKUNG,F.A.Q,Kilogram,2.7,2.7,
30875410,2026-08-22,2026-08-22 06:20:40.883168,PULAU PINANG,SEBERANG PERAI TENGAH,PASAR BORONG BUKIT MERTAJAM,Borong,20,Sayur-Sayuran,03,006,KUBIS BULAT (CHINA),F.A.Q,Kilogram,1.55,1.8333334,
30875411,2026-08-22,2026-08-22 06:20:40.883168,PULAU PINANG,SEBERANG PERAI TENGAH,PASAR BORONG BUKIT MERTAJAM,Borong,20,Sayur-Sayuran,03,006,KUBIS BULAT (INDONESIA),F.A.Q,Kilogram,1.75,1.55,
30875412,2026-08-22,2026-08-22 06:20:40.883168,PULAU PINANG,SEBERANG PERAI TENGAH,PASAR BORONG BUKIT MERTAJAM,Borong,20,Sayur-Sayuran,03,006,KUBIS BULAT (TANAH TINGGI),F.A.Q,Kilogram,2.6,2.82,
30875413,2026-08-22,2026-08-22 06:20:40.883168,PULAU PINANG,SEBERANG PERAI TENGAH,PASAR BORONG BUKIT MERTAJAM,Borong,20,Sayur-Sayuran,03,007,SAWI HIJAU,F.A.Q,Kilogram,2.6,2.6529412,
30875414,2026-08-22,2026-08-22 06:20:40.883168,PULAU PINANG,SEBERANG PERAI TENGAH,PASAR BORONG BUKIT MERTAJAM,Borong,20,Sayur-Sayuran,03,007,SAWI HIJAU TANAH TINGGI,F.A.Q,Kilogram,2.5,3.88125,
30875415,2026-08-22,2026-08-22 06:20:40.883168,PULAU PINANG,SEBERANG PERAI TENGAH,PASAR BORONG BUKIT MERTAJAM,Borong,20,Sayur-Sayuran,02,010,TERUNG PANJANG / PEPARU (TANAH RENDAH),F.A.Q,Kilogram,6.7,6.185,
30875416,2026-08-22,2026-08-22 06:20:40.883168,PULAU PINANG,SEBERANG PERAI TENGAH,PASAR BORONG BUKIT MERTAJAM,Borong,20,Sayur-Sayuran,02,010,TERUNG PANJANG / PEPARU (TANAH RENDAH),F.A.Q,Kilogram,4.7,6.185,
30875417,2026-08-22,2026-08-22 06:20:40.883168,PULAU PINANG,SEBERANG PERAI TENGAH,PASAR BORONG BUKIT MERTAJAM,Borong,20,Sayur-Sayuran,02,011,TIMUN HIJAU,F.A.Q,Kilogram,1.2,1.775,
30875418,2026-08-22,2026-08-22 06:20:40.883168,PULAU PINANG,SEBERANG PERAI TENGAH,PASAR BORONG BUKIT MERTAJAM,Borong,20,Sayur-Sayuran,02,011,TIMUN HIJAU,F.A.Q,Kilogram,0.6,1.775,
30875419,2026-08-22,2026-08-22 06:20:40.883168,PULAU PINANG,SEBERANG PERAI TENGAH,PASAR BORONG BUKIT MERTAJAM,Borong,20,Sayur-Sayuran,02,012,TOMATO (TANAH TINGGI),F.A.Q,Kilogram,4.5,6.885294,
30875420,2026-08-22,2026-08-22 06:20:40.883168,PULAU PINANG,SEBERANG PERAI TENGAH,PASAR BORONG BUKIT MERTAJAM,Borong,20,Sayur-Sayuran,02,012,TOMATO (TANAH TINGGI),F.A.Q,Kilogram,3,6.885294,
30875421,2026-08-22,2026-08-22 06:24:41.541277,PULAU PINANG,SEBERANG PERAI TENGAH,PASAR BORONG BUKIT MERTAJAM,Borong,20,Sayur-Sayuran,03,001,BAYAM,F.A.Q,Kilogram,3,2.976923,
30875422,2026-08-22,2026-08-22 06:24:41.541277,PULAU PINANG,SEBERANG PERAI TENGAH,PASAR BORONG BUKIT MERTAJAM,Borong,20,Sayur-Sayuran,02,002,CILI HIJAU,F.A.Q,Kilogram,8,8,
30875423,2026-08-22,2026-08-22 06:24:41.541277,PULAU PINANG,SEBERANG PERAI TENGAH,PASAR BORONG BUKIT MERTAJAM,Borong,20,Sayur-Sayuran,02,002,CILI HIJAU,F.A.Q,Kilogram,6,8,
30875424,2026-08-22,2026-08-22 06:24:41.541277,PULAU PINANG,SEBERANG PERAI TENGAH,PASAR BORONG BUKIT MERTAJAM,Borong,20,Sayur-Sayuran,02,002,CILI MERAH KULAI / KULAI HIBRID,F.A.Q,Kilogram,12,12.111111,
30875425,2026-08-22,2026-08-22 06:24:41.541277,PULAU PINANG,SEBERANG PERAI TENGAH,PASAR BORONG BUKIT MERTAJAM,Borong,20,Sayur-Sayuran,02,002,CILI MERAH KULAI / KULAI HIBRID,F.A.Q,Kilogram,7,12.111111,
30875426,2026-08-22,2026-08-22 06:24:41.541277,PULAU PINANG,SEBERANG PERAI TENGAH,PASAR BORONG BUKIT MERTAJAM,Borong,20,Sayur-Sayuran,02,002,CILI MERAH MINYAK,F.A.Q,Kilogram,9,10.47,
30875427,2026-08-22,2026-08-22 06:24:41.541277,PULAU PINANG,SEBERANG PERAI TENGAH,PASAR BORONG BUKIT MERTAJAM,Borong,20,Sayur-Sayuran,02,002,CILI MERAH MINYAK,F.A.Q,Kilogram,6,10.47,
30875428,2026-08-22,2026-08-22 06:24:41.541277,PULAU PINANG,SEBERANG PERAI TENGAH,PASAR BORONG BUKIT MERTAJAM,Borong,20,Sayur-Sayuran,03,009,DAUN BAWANG,F.A.Q,Kilogram,3.5,9.7,
30875429,2026-08-22,2026-08-22 06:24:41.541277,PULAU PINANG,SEBERANG PERAI TENGAH,PASAR BORONG BUKIT MERTAJAM,Borong,20,Sayur-Sayuran,03,015,DAUN SUP (TANAH TINGGI),F.A.Q,Kilogram,11,14.877778,
30875430,2026-08-22,2026-08-22 06:24:41.541277,PULAU PINANG,SEBERANG PERAI TENGAH,PASAR BORONG BUKIT MERTAJAM,Borong,20,Sayur-Sayuran,04,002,KACANG BENDI,F.A.Q,Kilogram,5.7,6.4941177,
30875431,2026-08-22,2026-08-22 06:24:41.541277,PULAU PINANG,SEBERANG PERAI TENGAH,PASAR BORONG BUKIT MERTAJAM,Borong,20,Sayur-Sayuran,04,003,KACANG BUNCIS,F.A.Q,Kilogram,6,8.072727,
30875432,2026-08-22,2026-08-22 06:24:41.541277,PULAU PINANG,SEBERANG PERAI TENGAH,PASAR BORONG BUKIT MERTAJAM,Borong,20,Sayur-Sayuran,04,003,KACANG BUNCIS,F.A.Q,Kilogram,4,8.072727,
30875433,2026-08-22,2026-08-22 06:24:41.541277,PULAU PINANG,SEBERANG PERAI TENGAH,PASAR BORONG BUKIT MERTAJAM,Borong,20,Sayur-Sayuran,04,007,KACANG PANJANG HIJAU,F.A.Q,Kilogram,6.5,6.05,
30875434,2026-08-22,2026-08-22 06:24:41.541277,PULAU PINANG,SEBERANG PERAI TENGAH,PASAR BORONG BUKIT MERTAJAM,Borong,20,Sayur-Sayuran,03,019,KANGKUNG,F.A.Q,Kilogram,3,2.7,
30875435,2026-08-22,2026-08-22 06:24:41.541277,PULAU PINANG,SEBERANG PERAI TENGAH,PASAR BORONG BUKIT MERTAJAM,Borong,20,Sayur-Sayuran,03,006,KUBIS BULAT (CHINA),F.A.Q,Kilogram,1.65,1.8333334,
30875436,2026-08-22,2026-08-22 06:24:41.541277,PULAU PINANG,SEBERANG PERAI TENGAH,PASAR BORONG BUKIT MERTAJAM,Borong,20,Sayur-Sayuran,03,006,KUBIS BULAT (INDONESIA),F.A.Q,Kilogram,1.8,1.55,
30875437,2026-08-22,2026-08-22 06:24:41.541277,PULAU PINANG,SEBERANG PERAI TENGAH,PASAR BORONG BUKIT MERTAJAM,Borong,20,Sayur-Sayuran,03,006,KUBIS BULAT (TANAH TINGGI),F.A.Q,Kilogram,3,2.82,
30875438,2026-08-22,2026-08-22 06:24:41.541277,PULAU PINANG,SEBERANG PERAI TENGAH,PASAR BORONG BUKIT MERTAJAM,Borong,20,Sayur-Sayuran,03,007,SAWI HIJAU,F.A.Q,Kilogram,2.7,2.6529412,
30875439,2026-08-22,2026-08-22 06:24:41.541277,PULAU PINANG,SEBERANG PERAI TENGAH,PASAR BORONG BUKIT MERTAJAM,Borong,20,Sayur-Sayuran,03,007,SAWI HIJAU TANAH TINGGI,F.A.Q,Kilogram,3,3.88125,
30875440,2026-08-22,2026-08-22 06:24:41.541277,PULAU PINANG,SEBERANG PERAI TENGAH,PASAR BORONG BUKIT MERTAJAM,Borong,20,Sayur-Sayuran,02,010,TERUNG PANJANG / PEPARU (TANAH RENDAH),F.A.Q,Kilogram,6.2,6.185,
30875441,2026-08-22,2026-08-22 06:24:41.541277,PULAU PINANG,SEBERANG PERAI TENGAH,PASAR BORONG BUKIT MERTAJAM,Borong,20,Sayur-Sayuran,02,010,TERUNG PANJANG / PEPARU (TANAH RENDAH),F.A.Q,Kilogram,5.2,6.185,
30875442,2026-08-22,2026-08-22 06:24:41.541277,PULAU PINANG,SEBERANG PERAI TENGAH,PASAR BORONG BUKIT MERTAJAM,Borong,20,Sayur-Sayuran,02,011,TIMUN HIJAU,F.A.Q,Kilogram,1.7,1.775,
30875443,2026-08-22,2026-08-22 06:24:41.541277,PULAU PINANG,SEBERANG PERAI TENGAH,PASAR BORONG BUKIT MERTAJAM,Borong,20,Sayur-Sayuran,02,011,TIMUN HIJAU,F.A.Q,Kilogram,0.7,1.775,
30875444,2026-08-22,2026-08-22 06:24:41.541277,PULAU PINANG,SEBERANG PERAI TENGAH,PASAR BORONG BUKIT MERTAJAM,Borong,20,Sayur-Sayuran,02,012,TOMATO (TANAH TINGGI),F.A.Q,Kilogram,5,6.885294,
30875445,2026-08-22,2026-08-22 06:24:41.541277,PULAU PINANG,SEBERANG PERAI TENGAH,PASAR BORONG BUKIT MERTAJAM,Borong,20,Sayur-Sayuran,02,012,TOMATO (TANAH TINGGI),F.A.Q,Kilogram,3,6.885294,
30875446,2026-08-22,2026-08-22 07:12:27.541054,PAHANG,ROMPIN,LADANG/KEBUN KAMPUNG JAWA,Ladang,,Tanaman Kontan,05,001,KELAPA DIKUPAS,SEDANG,Biji,1.1,1.1,
30875447,2026-08-22,2026-08-22 07:12:27.541054,PAHANG,ROMPIN,LADANG/KEBUN KAMPUNG JAWA,Ladang,,Tanaman Kontan,05,001,KELAPA DIKUPAS,SEDANG,Biji,1.1,1.1,
30875448,2026-08-22,2026-08-22 07:13:13.228976,PAHANG,JERANTUT,TKPM ULU CHEKA,Ladang,,Buah-Buahan,02,023,NANAS JOSAPINE (AC5),F.A.Q,Kilogram,3,3,
30875449,2026-08-22,2026-08-22 07:13:13.228976,PAHANG,JERANTUT,TKPM ULU CHEKA,Ladang,,Buah-Buahan,02,023,NANAS JOSAPINE (AC5),F.A.Q,Kilogram,3,3,
30875450,2026-08-22,2026-08-22 07:13:13.228976,PAHANG,JERANTUT,TKPM ULU CHEKA,Ladang,,Buah-Buahan,02,028,PISANG BERANGAN,F.A.Q,Kilogram,2.5,2.5666666,
30875451,2026-08-22,2026-08-22 07:13:13.228976,PAHANG,JERANTUT,TKPM ULU CHEKA,Ladang,,Buah-Buahan,02,028,PISANG BERANGAN,F.A.Q,Kilogram,2.5,2.5666666,
30875452,2026-08-22,2026-08-22 07:13:13.228976,PAHANG,JERANTUT,TKPM ULU CHEKA,Ladang,,Buah-Buahan,02,028,PISANG MAS,F.A.Q,Kilogram,2.7,2.75,
30875453,2026-08-22,2026-08-22 07:13:13.228976,PAHANG,JERANTUT,TKPM ULU CHEKA,Ladang,,Buah-Buahan,02,028,PISANG MAS,F.A.Q,Kilogram,2.7,2.75,
30875454,2026-08-22,2026-08-22 07:14:06.315757,PAHANG,KUANTAN,LADANG/KEBUN GAMBANG,Ladang,,Buah-Buahan,02,005,BETIK SEKAKI,F.A.Q,Kilogram,1.5,1.5,
30875455,2026-08-22,2026-08-22 07:14:06.315757,PAHANG,KUANTAN,LADANG/KEBUN GAMBANG,Ladang,,Buah-Buahan,02,005,BETIK SEKAKI,F.A.Q,Kilogram,1.5,1.5,
30875456,2026-08-22,2026-08-22 07:14:06.315757,PAHANG,KUANTAN,LADANG/KEBUN GAMBANG,Ladang,,Buah-Buahan,02,034,TEMBIKAI MERAH TANPA BIJI,F.A.Q,Kilogram,1.8,1.6833333,
30875457,2026-08-22,2026-08-22 07:14:06.315757,PAHANG,KUANTAN,LADANG/KEBUN GAMBANG,Ladang,,Buah-Buahan,02,034,TEMBIKAI MERAH TANPA BIJI,F.A.Q,Kilogram,1.8,1.6833333,
30875458,2026-08-22,2026-08-22 07:15:37.15526,PAHANG,KUANTAN,LADANG TUNAS AGRO,Ladang,,Ternakan,11,001,TELUR AYAM,A,Biji,0.48,0.44,
30875459,2026-08-22,2026-08-22 07:15:37.15526,PAHANG,KUANTAN,LADANG TUNAS AGRO,Ladang,,Ternakan,11,001,TELUR AYAM,C,Biji,0.44,0.395,
30875460,2026-08-22,2026-08-22 07:15:37.15526,PAHANG,KUANTAN,LADANG TUNAS AGRO,Ladang,,Ternakan,11,001,TELUR AYAM,B,Biji,0.47,0.42083332,
30875461,2026-08-22,2026-08-22 07:15:55.547849,PAHANG,KUANTAN,LADANG/KEBUN JABOR,Ladang,,Ternakan,01,003,AYAM HIDUP,F.A.Q,Kilogram,5.7,5.7,
30875462,2026-08-22,2026-08-22 07:16:21.70922,PAHANG,KUANTAN,PASAR BORONG KEMUNTING,Borong,20,Ternakan,02,003,DAGING LEMBU PEJAL,F.A.Q,Kilogram,35,35,
30875463,2026-08-22,2026-08-22 07:16:21.70922,PAHANG,KUANTAN,PASAR BORONG KEMUNTING,Borong,20,Ternakan,02,003,DAGING LEMBU PEJAL,F.A.Q,Kilogram,35,35,
30875464,2026-08-22,2026-08-22 07:16:21.70922,PAHANG,KUANTAN,PASAR BORONG KEMUNTING,Borong,20,Ternakan,02,003,DAGING LEMBU PEJAL,F.A.Q,Kilogram,35,35,
30875465,2026-08-22,2026-08-22 07:16:45.961027,PAHANG,KUANTAN,PASAR BORONG KEMUNTING,Borong,20,Tanaman Kontan,05,001,KELAPA DIKUPAS,SEDANG,Biji,2,2,
30875466,2026-08-22,2026-08-22 07:16:45.961027,PAHANG,KUANTAN,PASAR BORONG KEMUNTING,Borong,20,Tanaman Kontan,05,001,KELAPA DIKUPAS,SEDANG,Biji,2,2,
30875467,2026-08-22,2026-08-22 07:16:53.580353,SARAWAK,SIBU,LADANG/KEBUN SUNGAI BIDUT,Ladang,,Buah-Buahan,02,005,BETIK SEKAKI,F.A.Q,Kilogram,2.9,2.9,
30875468,2026-08-22,2026-08-22 07:16:53.580353,SARAWAK,SIBU,LADANG/KEBUN SUNGAI BIDUT,Ladang,,Buah-Buahan,02,028,PISANG BERANGAN,F.A.Q,Kilogram,3,3,
30875469,2026-08-22,2026-08-22 07:16:53.580353,SARAWAK,SIBU,LADANG/KEBUN SUNGAI BIDUT,Ladang,,Buah-Buahan,02,028,PISANG MAS,F.A.Q,Kilogram,3,3,
30875470,2026-08-22,2026-08-22 07:16:53.580353,SARAWAK,SIBU,LADANG/KEBUN SUNGAI BIDUT,Ladang,,Buah-Buahan,02,034,TEMBIKAI MERAH TANPA BIJI,F.A.Q,Kilogram,2.9,2.9,
30875471,2026-08-22,2026-08-22 07:17:36.779845,PAHANG,KUANTAN,PASAR BORONG KEMUNTING,Borong,20,Buah-Buahan,02,005,BETIK SEKAKI,F.A.Q,Kilogram,3,3,
30875472,2026-08-22,2026-08-22 07:17:36.779845,PAHANG,KUANTAN,PASAR BORONG KEMUNTING,Borong,20,Buah-Buahan,02,005,BETIK SEKAKI,F.A.Q,Kilogram,3,3,
30875473,2026-08-22,2026-08-22 07:17:36.779845,PAHANG,KUANTAN,PASAR BORONG KEMUNTING,Borong,20,Buah-Buahan,02,023,NANAS JOSAPINE (AC5),F.A.Q,Kilogram,4.5,4.5,
30875474,2026-08-22,2026-08-22 07:17:36.779845,PAHANG,KUANTAN,PASAR BORONG KEMUNTING,Borong,20,Buah-Buahan,02,023,NANAS JOSAPINE (AC5),F.A.Q,Kilogram,4.5,4.5,
30875475,2026-08-22,2026-08-22 07:17:36.779845,PAHANG,KUANTAN,PASAR BORONG KEMUNTING,Borong,20,Buah-Buahan,02,028,PISANG BERANGAN,F.A.Q,Kilogram,4.2,4.225,
30875476,2026-08-22,2026-08-22 07:17:36.779845,PAHANG,KUANTAN,PASAR BORONG KEMUNTING,Borong,20,Buah-Buahan,02,028,PISANG BERANGAN,F.A.Q,Kilogram,4.2,4.225,
30875477,2026-08-22,2026-08-22 07:17:36.779845,PAHANG,KUANTAN,PASAR BORONG KEMUNTING,Borong,20,Buah-Buahan,02,028,PISANG MAS,F.A.Q,Kilogram,4.4,4.4,
30875478,2026-08-22,2026-08-22 07:17:36.779845,PAHANG,KUANTAN,PASAR BORONG KEMUNTING,Borong,20,Buah-Buahan,02,028,PISANG MAS,F.A.Q,Kilogram,4.4,4.4,
30875479,2026-08-22,2026-08-22 07:17:36.779845,PAHANG,KUANTAN,PASAR BORONG KEMUNTING,Borong,20,Buah-Buahan,02,034,TEMBIKAI MERAH TANPA BIJI,F.A.Q,Kilogram,3,2.7333333,
30875480,2026-08-22,2026-08-22 07:17:36.779845,PAHANG,KUANTAN,PASAR BORONG KEMUNTING,Borong,20,Buah-Buahan,02,034,TEMBIKAI MERAH TANPA BIJI,F.A.Q,Kilogram,3,2.7333333,
30875481,2026-08-22,2026-08-22 07:18:04.30005,PAHANG,KUANTAN,PASAR BORONG KEMUNTING,Borong,20,Ternakan,11,001,TELUR AYAM,A,Biji,0.5,0.46166667,
30875482,2026-08-22,2026-08-22 07:18:04.30005,PAHANG,KUANTAN,PASAR BORONG KEMUNTING,Borong,20,Ternakan,11,001,TELUR AYAM,B,Biji,0.49,0.4425,
30875483,2026-08-22,2026-08-22 07:18:04.30005,PAHANG,KUANTAN,PASAR BORONG KEMUNTING,Borong,20,Ternakan,11,001,TELUR AYAM,C,Biji,0.46,0.41666666,
30875484,2026-08-22,2026-08-22 07:18:28.144857,SARAWAK,SIBU,LADANG/KEBUN SUNGAI BIDUT,Ladang,,Sayur-Sayuran,03,001,BAYAM,F.A.Q,Kilogram,2.1,2.1,
30875485,2026-08-22,2026-08-22 07:18:28.144857,SARAWAK,SIBU,LADANG/KEBUN SUNGAI BIDUT,Ladang,,Sayur-Sayuran,02,002,CILI HIJAU,F.A.Q,Kilogram,3.5,3.5,
30875486,2026-08-22,2026-08-22 07:18:28.144857,SARAWAK,SIBU,LADANG/KEBUN SUNGAI BIDUT,Ladang,,Sayur-Sayuran,02,002,CILI MERAH MINYAK,F.A.Q,Kilogram,4.5,4.5,
30875487,2026-08-22,2026-08-22 07:18:28.144857,SARAWAK,SIBU,LADANG/KEBUN SUNGAI BIDUT,Ladang,,Sayur-Sayuran,04,002,KACANG BENDI,F.A.Q,Kilogram,3.9,3.9,
30875488,2026-08-22,2026-08-22 07:18:28.144857,SARAWAK,SIBU,LADANG/KEBUN SUNGAI BIDUT,Ladang,,Sayur-Sayuran,04,003,KACANG BUNCIS,F.A.Q,Kilogram,4.5,4.5,
30875489,2026-08-22,2026-08-22 07:18:28.144857,SARAWAK,SIBU,LADANG/KEBUN SUNGAI BIDUT,Ladang,,Sayur-Sayuran,04,007,KACANG PANJANG HIJAU,F.A.Q,Kilogram,3,3,
30875490,2026-08-22,2026-08-22 07:18:28.144857,SARAWAK,SIBU,LADANG/KEBUN SUNGAI BIDUT,Ladang,,Sayur-Sayuran,03,019,KANGKUNG,F.A.Q,Kilogram,3,3,
30875491,2026-08-22,2026-08-22 07:18:28.144857,SARAWAK,SIBU,LADANG/KEBUN SUNGAI BIDUT,Ladang,,Sayur-Sayuran,03,007,SAWI HIJAU,F.A.Q,Kilogram,4.9,4.9,
30875492,2026-08-22,2026-08-22 07:18:28.144857,SARAWAK,SIBU,LADANG/KEBUN SUNGAI BIDUT,Ladang,,Sayur-Sayuran,02,010,TERUNG PANJANG / PEPARU (TANAH RENDAH),F.A.Q,Kilogram,4.5,4.5,
30875493,2026-08-22,2026-08-22 07:18:28.144857,SARAWAK,SIBU,LADANG/KEBUN SUNGAI BIDUT,Ladang,,Sayur-Sayuran,02,011,TIMUN HIJAU,F.A.Q,Kilogram,2.1,2.1,
30875494,2026-08-22,2026-08-22 07:18:42.107795,PAHANG,KUANTAN,PASAR BORONG KEMUNTING,Borong,20,Ternakan,03,002,AYAM PROSES STANDARD,F.A.Q,Kilogram,9.7,9.7,
30875495,2026-08-22,2026-08-22 07:18:42.107795,PAHANG,KUANTAN,PASAR BORONG KEMUNTING,Borong,20,Ternakan,03,002,AYAM PROSES STANDARD,F.A.Q,Kilogram,9.7,9.7,
30875496,2026-08-22,2026-08-22 07:18:42.107795,PAHANG,KUANTAN,PASAR BORONG KEMUNTING,Borong,20,Ternakan,03,002,AYAM PROSES STANDARD,F.A.Q,Kilogram,9.7,9.7,
30875497,2026-08-22,2026-08-22 07:19:19.848053,SARAWAK,SIBU,LADANG/KEBUN SUNGAI BIDUT,Ladang,,Ternakan,01,003,AYAM HIDUP,F.A.Q,Kilogram,8,8,
30875498,2026-08-22,2026-08-22 07:19:19.848053,SARAWAK,SIBU,LADANG/KEBUN SUNGAI BIDUT,Ladang,,Ternakan,11,001,TELUR AYAM,A,Biji,0.51,0.51,
30875499,2026-08-22,2026-08-22 07:19:19.848053,SARAWAK,SIBU,LADANG/KEBUN SUNGAI BIDUT,Ladang,,Ternakan,11,001,TELUR AYAM,C,Biji,0.46,0.46,
30875500,2026-08-22,2026-08-22 07:19:19.848053,SARAWAK,SIBU,LADANG/KEBUN SUNGAI BIDUT,Ladang,,Ternakan,11,001,TELUR AYAM,B,Biji,0.48,0.48,
30875501,2026-08-22,2026-08-22 07:19:34.596244,PAHANG,KUANTAN,PASAR BORONG KEMUNTING,Borong,20,Sayur-Sayuran,05,001,BAWANG BESAR KUNING / HOLLAND,F.A.Q,Kilogram,2,2,
30875502,2026-08-22,2026-08-22 07:19:34.596244,PAHANG,KUANTAN,PASAR BORONG KEMUNTING,Borong,20,Sayur-Sayuran,05,001,BAWANG BESAR KUNING / HOLLAND,F.A.Q,Kilogram,2,2,
30875503,2026-08-22,2026-08-22 07:19:34.596244,PAHANG,KUANTAN,PASAR BORONG KEMUNTING,Borong,20,Sayur-Sayuran,05,001,BAWANG BESAR MERAH (INDIA),F.A.Q,Kilogram,2,2,
30875504,2026-08-22,2026-08-22 07:19:34.596244,PAHANG,KUANTAN,PASAR BORONG KEMUNTING,Borong,20,Sayur-Sayuran,05,001,BAWANG BESAR MERAH (INDIA),F.A.Q,Kilogram,2,2,
30875505,2026-08-22,2026-08-22 07:19:34.596244,PAHANG,KUANTAN,PASAR BORONG KEMUNTING,Borong,20,Sayur-Sayuran,05,001,BAWANG MERAH / KECIL (INDIA),F.A.Q,Kilogram,2,2,
30875506,2026-08-22,2026-08-22 07:19:34.596244,PAHANG,KUANTAN,PASAR BORONG KEMUNTING,Borong,20,Sayur-Sayuran,05,001,BAWANG MERAH / KECIL (INDIA),F.A.Q,Kilogram,2,2,
30875507,2026-08-22,2026-08-22 07:19:34.596244,PAHANG,KUANTAN,PASAR BORONG KEMUNTING,Borong,20,Sayur-Sayuran,05,001,BAWANG MERAH ROSE,F.A.Q,Kilogram,4,4,
30875508,2026-08-22,2026-08-22 07:19:34.596244,PAHANG,KUANTAN,PASAR BORONG KEMUNTING,Borong,20,Sayur-Sayuran,05,001,BAWANG MERAH ROSE,F.A.Q,Kilogram,4,4,
30875509,2026-08-22,2026-08-22 07:19:34.596244,PAHANG,KUANTAN,PASAR BORONG KEMUNTING,Borong,20,Sayur-Sayuran,05,001,BAWANG PUTIH (CHINA),F.A.Q,Kilogram,7,7,
30875510,2026-08-22,2026-08-22 07:19:34.596244,PAHANG,KUANTAN,PASAR BORONG KEMUNTING,Borong,20,Sayur-Sayuran,05,001,BAWANG PUTIH (CHINA),F.A.Q,Kilogram,7,7,
30875511,2026-08-22,2026-08-22 07:19:34.596244,PAHANG,KUANTAN,PASAR BORONG KEMUNTING,Borong,20,Sayur-Sayuran,05,009,UBI KENTANG HOLLAND,F.A.Q,Kilogram,2,2,
30875512,2026-08-22,2026-08-22 07:19:34.596244,PAHANG,KUANTAN,PASAR BORONG KEMUNTING,Borong,20,Sayur-Sayuran,05,009,UBI KENTANG HOLLAND,F.A.Q,Kilogram,2,2,
30875513,2026-08-22,2026-08-22 07:20:01.049997,SARAWAK,SIBU,PASAR CENTRAL SIBU,Borong,20,Buah-Buahan,02,005,BETIK SEKAKI,F.A.Q,Kilogram,3.5,3.5,
30875514,2026-08-22,2026-08-22 07:20:01.049997,SARAWAK,SIBU,PASAR CENTRAL SIBU,Borong,20,Buah-Buahan,02,028,PISANG BERANGAN,F.A.Q,Kilogram,5,5,
30875515,2026-08-22,2026-08-22 07:20:01.049997,SARAWAK,SIBU,PASAR CENTRAL SIBU,Borong,20,Buah-Buahan,02,028,PISANG MAS,F.A.Q,Kilogram,4.5,4.5,
30875516,2026-08-22,2026-08-22 07:20:01.049997,SARAWAK,SIBU,PASAR CENTRAL SIBU,Borong,20,Buah-Buahan,02,034,TEMBIKAI MERAH TANPA BIJI,F.A.Q,Kilogram,3.9,3.9,
30875517,2026-08-22,2026-08-22 07:20:09.011893,PAHANG,KUANTAN,PASAR BESAR KUANTAN,Runcit,26,Ternakan,11,001,TELUR AYAM,A,Biji,0.52,0.48333332,
30875518,2026-08-22,2026-08-22 07:20:09.011893,PAHANG,KUANTAN,PASAR BESAR KUANTAN,Runcit,26,Ternakan,11,001,TELUR AYAM,B,Biji,0.51,0.4625,
30875519,2026-08-22,2026-08-22 07:20:09.011893,PAHANG,KUANTAN,PASAR BESAR KUANTAN,Runcit,26,Ternakan,11,001,TELUR AYAM,C,Biji,0.48,0.43833333,
30875520,2026-08-22,2026-08-22 07:20:17.152605,SARAWAK,SIBU,PASAR CENTRAL SIBU,Borong,20,Tanaman Kontan,05,001,KELAPA DIKUPAS,SEDANG,Biji,2,2,
30875521,2026-08-22,2026-08-22 07:20:35.088822,SARAWAK,SIBU,LADANG/KEBUN SUNGAI BIDUT,Ladang,,Tanaman Kontan,05,001,KELAPA DIKUPAS,SEDANG,Biji,1,1,
30875522,2026-08-22,2026-08-22 07:21:21.2997,PAHANG,KUANTAN,PASAR BESAR KUANTAN,Runcit,26,Ternakan,02,003,DAGING LEMBU PEJAL,F.A.Q,Kilogram,38,38,
30875523,2026-08-22,2026-08-22 07:21:21.2997,PAHANG,KUANTAN,PASAR BESAR KUANTAN,Runcit,26,Ternakan,02,003,DAGING LEMBU PEJAL,F.A.Q,Kilogram,38,38,
30875524,2026-08-22,2026-08-22 07:21:21.2997,PAHANG,KUANTAN,PASAR BESAR KUANTAN,Runcit,26,Ternakan,02,003,DAGING LEMBU PEJAL,F.A.Q,Kilogram,38,38,
30875525,2026-08-22,2026-08-22 07:21:33.27527,PAHANG,KUANTAN,PASAR BESAR KUANTAN,Runcit,26,Lain-Lain Makanan Proses,15,001,SANTAN PEKAT,F.A.Q,Kilogram,20,20,
30875526,2026-08-22,2026-08-22 07:22:06.042859,PAHANG,KUANTAN,PASAR BESAR KUANTAN,Runcit,26,Tanaman Kontan,05,001,KELAPA DIKUPAS,SEDANG,Biji,2.9,2.9,
30875527,2026-08-22,2026-08-22 07:22:06.042859,PAHANG,KUANTAN,PASAR BESAR KUANTAN,Runcit,26,Tanaman Kontan,05,001,KELAPA DIKUPAS,SEDANG,Biji,2.9,2.9,
30875528,2026-08-22,2026-08-22 07:22:36.98868,PAHANG,KUANTAN,PASAR BESAR KUANTAN,Runcit,26,Buah-Buahan,02,005,BETIK SEKAKI,F.A.Q,Kilogram,5,5,
30875529,2026-08-22,2026-08-22 07:22:36.98868,PAHANG,KUANTAN,PASAR BESAR KUANTAN,Runcit,26,Buah-Buahan,02,005,BETIK SEKAKI,F.A.Q,Kilogram,5,5,
30875530,2026-08-22,2026-08-22 07:22:36.98868,PAHANG,KUANTAN,PASAR BESAR KUANTAN,Runcit,26,Buah-Buahan,02,023,NANAS JOSAPINE (AC5),F.A.Q,Kilogram,6,6,
30875531,2026-08-22,2026-08-22 07:22:36.98868,PAHANG,KUANTAN,PASAR BESAR KUANTAN,Runcit,26,Buah-Buahan,02,023,NANAS JOSAPINE (AC5),F.A.Q,Kilogram,6,6,
30875532,2026-08-22,2026-08-22 07:22:36.98868,PAHANG,KUANTAN,PASAR BESAR KUANTAN,Runcit,26,Buah-Buahan,02,028,PISANG BERANGAN,F.A.Q,Kilogram,5.2,5.2916665,
30875533,2026-08-22,2026-08-22 07:22:36.98868,PAHANG,KUANTAN,PASAR BESAR KUANTAN,Runcit,26,Buah-Buahan,02,028,PISANG BERANGAN,F.A.Q,Kilogram,5.2,5.2916665,
30875534,2026-08-22,2026-08-22 07:22:36.98868,PAHANG,KUANTAN,PASAR BESAR KUANTAN,Runcit,26,Buah-Buahan,02,028,PISANG MAS,F.A.Q,Kilogram,5.4,5.4,
30875535,2026-08-22,2026-08-22 07:22:36.98868,PAHANG,KUANTAN,PASAR BESAR KUANTAN,Runcit,26,Buah-Buahan,02,028,PISANG MAS,F.A.Q,Kilogram,5.4,5.4,
30875536,2026-08-22,2026-08-22 07:22:36.98868,PAHANG,KUANTAN,PASAR BESAR KUANTAN,Runcit,26,Buah-Buahan,02,034,TEMBIKAI MERAH TANPA BIJI,F.A.Q,Kilogram,4,3.7333333,
30875537,2026-08-22,2026-08-22 07:22:36.98868,PAHANG,KUANTAN,PASAR BESAR KUANTAN,Runcit,26,Buah-Buahan,02,034,TEMBIKAI MERAH TANPA BIJI,F.A.Q,Kilogram,4,3.7333333,
30875538,2026-08-22,2026-08-22 07:23:10.388993,PAHANG,KUANTAN,PASAR BESAR KUANTAN,Runcit,26,Ternakan,03,002,AYAM PROSES STANDARD,F.A.Q,Kilogram,11.7,11.7,
30875539,2026-08-22,2026-08-22 07:23:10.388993,PAHANG,KUANTAN,PASAR BESAR KUANTAN,Runcit,26,Ternakan,03,002,AYAM PROSES STANDARD,F.A.Q,Kilogram,11.7,11.7,
30875540,2026-08-22,2026-08-22 07:23:10.388993,PAHANG,KUANTAN,PASAR BESAR KUANTAN,Runcit,26,Ternakan,03,002,AYAM PROSES STANDARD,F.A.Q,Kilogram,11.7,11.7,
30875541,2026-08-22,2026-08-22 07:23:26.748673,SARAWAK,SIBU,PASAR CENTRAL SIBU,Borong,20,Sayur-Sayuran,05,001,BAWANG BESAR KUNING / HOLLAND,F.A.Q,Kilogram,3,3,
30875542,2026-08-22,2026-08-22 07:23:26.748673,SARAWAK,SIBU,PASAR CENTRAL SIBU,Borong,20,Sayur-Sayuran,05,001,BAWANG BESAR MERAH (INDIA),F.A.Q,Kilogram,4,4,
30875543,2026-08-22,2026-08-22 07:23:26.748673,SARAWAK,SIBU,PASAR CENTRAL SIBU,Borong,20,Sayur-Sayuran,05,001,BAWANG MERAH / KECIL (INDIA),F.A.Q,Kilogram,5,5,
30875544,2026-08-22,2026-08-22 07:23:26.748673,SARAWAK,SIBU,PASAR CENTRAL SIBU,Borong,20,Sayur-Sayuran,05,001,BAWANG PUTIH (CHINA),F.A.Q,Kilogram,7,7,
30875545,2026-08-22,2026-08-22 07:23:26.748673,SARAWAK,SIBU,PASAR CENTRAL SIBU,Borong,20,Sayur-Sayuran,03,001,BAYAM,F.A.Q,Kilogram,2.9,2.9,
30875546,2026-08-22,2026-08-22 07:23:26.748673,SARAWAK,SIBU,PASAR CENTRAL SIBU,Borong,20,Sayur-Sayuran,02,002,CILI HIJAU,F.A.Q,Kilogram,4.5,4.5,
30875547,2026-08-22,2026-08-22 07:23:26.748673,SARAWAK,SIBU,PASAR CENTRAL SIBU,Borong,20,Sayur-Sayuran,02,002,CILI MERAH MINYAK,F.A.Q,Kilogram,6.5,6.5,
30875548,2026-08-22,2026-08-22 07:23:26.748673,SARAWAK,SIBU,PASAR CENTRAL SIBU,Borong,20,Sayur-Sayuran,03,009,DAUN BAWANG,F.A.Q,Kilogram,27.9,27.9,
30875549,2026-08-22,2026-08-22 07:23:26.748673,SARAWAK,SIBU,PASAR CENTRAL SIBU,Borong,20,Sayur-Sayuran,03,015,DAUN SUP (TANAH TINGGI),F.A.Q,Kilogram,28.5,28.5,
30875550,2026-08-22,2026-08-22 07:23:26.748673,SARAWAK,SIBU,PASAR CENTRAL SIBU,Borong,20,Sayur-Sayuran,04,002,KACANG BENDI,F.A.Q,Kilogram,4.5,4.5,
30875551,2026-08-22,2026-08-22 07:23:26.748673,SARAWAK,SIBU,PASAR CENTRAL SIBU,Borong,20,Sayur-Sayuran,04,003,KACANG BUNCIS,F.A.Q,Kilogram,9,9,
30875552,2026-08-22,2026-08-22 07:23:26.748673,SARAWAK,SIBU,PASAR CENTRAL SIBU,Borong,20,Sayur-Sayuran,04,007,KACANG PANJANG HIJAU,F.A.Q,Kilogram,4,4,
30875553,2026-08-22,2026-08-22 07:23:26.748673,SARAWAK,SIBU,PASAR CENTRAL SIBU,Borong,20,Sayur-Sayuran,03,019,KANGKUNG,F.A.Q,Kilogram,4,4,
30875554,2026-08-22,2026-08-22 07:23:26.748673,SARAWAK,SIBU,PASAR CENTRAL SIBU,Borong,20,Sayur-Sayuran,03,006,KUBIS BULAT (CHINA),F.A.Q,Kilogram,3,3,
30875555,2026-08-22,2026-08-22 07:23:26.748673,SARAWAK,SIBU,PASAR CENTRAL SIBU,Borong,20,Sayur-Sayuran,03,007,SAWI HIJAU,F.A.Q,Kilogram,6.9,6.9,
30875556,2026-08-22,2026-08-22 07:23:26.748673,SARAWAK,SIBU,PASAR CENTRAL SIBU,Borong,20,Sayur-Sayuran,02,010,TERUNG PANJANG / PEPARU (TANAH RENDAH),F.A.Q,Kilogram,6.5,6.5,
30875557,2026-08-22,2026-08-22 07:23:26.748673,SARAWAK,SIBU,PASAR CENTRAL SIBU,Borong,20,Sayur-Sayuran,02,011,TIMUN HIJAU,F.A.Q,Kilogram,3.5,3.5,
30875558,2026-08-22,2026-08-22 07:23:26.748673,SARAWAK,SIBU,PASAR CENTRAL SIBU,Borong,20,Sayur-Sayuran,02,012,TOMATO (TANAH TINGGI),F.A.Q,Kilogram,7,7,
30875559,2026-08-22,2026-08-22 07:23:26.748673,SARAWAK,SIBU,PASAR CENTRAL SIBU,Borong,20,Sayur-Sayuran,05,009,UBI KENTANG HOLLAND,F.A.Q,Kilogram,2,2,
30875560,2026-08-22,2026-08-22 07:24:18.978041,PAHANG,KUANTAN,PASAR BESAR KUANTAN,Runcit,26,Sayur-Sayuran,05,001,BAWANG BESAR KUNING / HOLLAND,F.A.Q,Kilogram,3.5,3.4166667,
30875561,2026-08-22,2026-08-22 07:24:18.978041,PAHANG,KUANTAN,PASAR BESAR KUANTAN,Runcit,26,Sayur-Sayuran,05,001,BAWANG BESAR KUNING / HOLLAND,F.A.Q,Kilogram,3.5,3.4166667,
30875562,2026-08-22,2026-08-22 07:24:18.978041,PAHANG,KUANTAN,PASAR BESAR KUANTAN,Runcit,26,Sayur-Sayuran,05,001,BAWANG BESAR KUNING / HOLLAND,F.A.Q,Kilogram,3.5,3.4166667,
30875563,2026-08-22,2026-08-22 07:24:18.978041,PAHANG,KUANTAN,PASAR BESAR KUANTAN,Runcit,26,Sayur-Sayuran,05,001,BAWANG BESAR MERAH (INDIA),F.A.Q,Kilogram,3,3,
30875564,2026-08-22,2026-08-22 07:24:18.978041,PAHANG,KUANTAN,PASAR BESAR KUANTAN,Runcit,26,Sayur-Sayuran,05,001,BAWANG BESAR MERAH (INDIA),F.A.Q,Kilogram,3,3,
30875565,2026-08-22,2026-08-22 07:24:18.978041,PAHANG,KUANTAN,PASAR BESAR KUANTAN,Runcit,26,Sayur-Sayuran,05,001,BAWANG BESAR MERAH (INDIA),F.A.Q,Kilogram,3,3,
30875566,2026-08-22,2026-08-22 07:24:18.978041,PAHANG,KUANTAN,PASAR BESAR KUANTAN,Runcit,26,Sayur-Sayuran,05,001,BAWANG MERAH / KECIL (INDIA),F.A.Q,Kilogram,3,3.05,
30875567,2026-08-22,2026-08-22 07:24:18.978041,PAHANG,KUANTAN,PASAR BESAR KUANTAN,Runcit,26,Sayur-Sayuran,05,001,BAWANG MERAH / KECIL (INDIA),F.A.Q,Kilogram,3,3.05,
30875568,2026-08-22,2026-08-22 07:24:18.978041,PAHANG,KUANTAN,PASAR BESAR KUANTAN,Runcit,26,Sayur-Sayuran,05,001,BAWANG MERAH / KECIL (INDIA),F.A.Q,Kilogram,3,3.05,
30875569,2026-08-22,2026-08-22 07:24:18.978041,PAHANG,KUANTAN,PASAR BESAR KUANTAN,Runcit,26,Sayur-Sayuran,05,001,BAWANG MERAH ROSE,F.A.Q,Kilogram,5,5.1666665,
30875570,2026-08-22,2026-08-22 07:24:18.978041,PAHANG,KUANTAN,PASAR BESAR KUANTAN,Runcit,26,Sayur-Sayuran,05,001,BAWANG MERAH ROSE,F.A.Q,Kilogram,5,5.1666665,
30875571,2026-08-22,2026-08-22 07:24:18.978041,PAHANG,KUANTAN,PASAR BESAR KUANTAN,Runcit,26,Sayur-Sayuran,05,001,BAWANG MERAH ROSE,F.A.Q,Kilogram,5,5.1666665,
30875572,2026-08-22,2026-08-22 07:24:18.978041,PAHANG,KUANTAN,PASAR BESAR KUANTAN,Runcit,26,Sayur-Sayuran,05,001,BAWANG PUTIH (CHINA),F.A.Q,Kilogram,8,8,
30875573,2026-08-22,2026-08-22 07:24:18.978041,PAHANG,KUANTAN,PASAR BESAR KUANTAN,Runcit,26,Sayur-Sayuran,05,001,BAWANG PUTIH (CHINA),F.A.Q,Kilogram,8,8,
30875574,2026-08-22,2026-08-22 07:24:18.978041,PAHANG,KUANTAN,PASAR BESAR KUANTAN,Runcit,26,Sayur-Sayuran,05,001,BAWANG PUTIH (CHINA),F.A.Q,Kilogram,8,8,
30875575,2026-08-22,2026-08-22 07:24:18.978041,PAHANG,KUANTAN,PASAR BESAR KUANTAN,Runcit,26,Sayur-Sayuran,05,009,UBI KENTANG HOLLAND,F.A.Q,Kilogram,3,3,
30875576,2026-08-22,2026-08-22 07:24:18.978041,PAHANG,KUANTAN,PASAR BESAR KUANTAN,Runcit,26,Sayur-Sayuran,05,009,UBI KENTANG HOLLAND,F.A.Q,Kilogram,3,3,
30875577,2026-08-22,2026-08-22 07:24:18.978041,PAHANG,KUANTAN,PASAR BESAR KUANTAN,Runcit,26,Sayur-Sayuran,05,009,UBI KENTANG HOLLAND,F.A.Q,Kilogram,3,3,
30875578,2026-08-22,2026-08-22 07:24:39.543093,SARAWAK,SIBU,PASAR CENTRAL SIBU,Borong,20,Ternakan,01,003,AYAM HIDUP,F.A.Q,Kilogram,9,9,
30875579,2026-08-22,2026-08-22 07:24:39.543093,SARAWAK,SIBU,PASAR CENTRAL SIBU,Borong,20,Ternakan,03,002,AYAM PROSES STANDARD,F.A.Q,Kilogram,9.5,9.5,
30875580,2026-08-22,2026-08-22 07:24:39.543093,SARAWAK,SIBU,PASAR CENTRAL SIBU,Borong,20,Ternakan,02,003,DAGING LEMBU PEJAL,F.A.Q,Kilogram,45,45,
30875581,2026-08-22,2026-08-22 07:24:39.543093,SARAWAK,SIBU,PASAR CENTRAL SIBU,Borong,20,Ternakan,11,001,TELUR AYAM,A,Biji,0.53,0.53,
30875582,2026-08-22,2026-08-22 07:24:39.543093,SARAWAK,SIBU,PASAR CENTRAL SIBU,Borong,20,Ternakan,11,001,TELUR AYAM,B,Biji,0.5,0.5,
30875583,2026-08-22,2026-08-22 07:24:39.543093,SARAWAK,SIBU,PASAR CENTRAL SIBU,Borong,20,Ternakan,11,001,TELUR AYAM,C,Biji,0.48,0.48,
30875584,2026-08-22,2026-08-22 07:25:24.687564,SARAWAK,SIBU,PASAR CENTRAL SIBU,Runcit,,Buah-Buahan,02,005,BETIK SEKAKI,F.A.Q,Kilogram,5.5,5.5,
30875585,2026-08-22,2026-08-22 07:25:24.687564,SARAWAK,SIBU,PASAR CENTRAL SIBU,Runcit,,Buah-Buahan,02,028,PISANG BERANGAN,F.A.Q,Kilogram,6,6,
30875586,2026-08-22,2026-08-22 07:25:24.687564,SARAWAK,SIBU,PASAR CENTRAL SIBU,Runcit,,Buah-Buahan,02,028,PISANG MAS,F.A.Q,Kilogram,6.5,6.5,
30875587,2026-08-22,2026-08-22 07:25:24.687564,SARAWAK,SIBU,PASAR CENTRAL SIBU,Runcit,,Buah-Buahan,02,034,TEMBIKAI MERAH TANPA BIJI,F.A.Q,Kilogram,4.9,4.9,
30875588,2026-08-22,2026-08-22 07:25:40.44896,SARAWAK,SIBU,PASAR CENTRAL SIBU,Runcit,,Lain-Lain Makanan Proses,15,001,SANTAN PEKAT,F.A.Q,Kilogram,12.5,12.5,
30875589,2026-08-22,2026-08-22 07:25:54.41357,SARAWAK,SIBU,PASAR CENTRAL SIBU,Runcit,,Tanaman Kontan,05,001,KELAPA DIKUPAS,SEDANG,Biji,3,3,
30875590,2026-08-22,2026-08-22 07:29:37.765139,SARAWAK,SIBU,PASAR CENTRAL SIBU,Runcit,,Sayur-Sayuran,05,001,BAWANG BESAR KUNING / HOLLAND,F.A.Q,Kilogram,4,4,
30875591,2026-08-22,2026-08-22 07:29:37.765139,SARAWAK,SIBU,PASAR CENTRAL SIBU,Runcit,,Sayur-Sayuran,05,001,BAWANG BESAR MERAH (INDIA),F.A.Q,Kilogram,5,5,
30875592,2026-08-22,2026-08-22 07:29:37.765139,SARAWAK,SIBU,PASAR CENTRAL SIBU,Runcit,,Sayur-Sayuran,05,001,BAWANG MERAH / KECIL (INDIA),F.A.Q,Kilogram,6,6,
30875593,2026-08-22,2026-08-22 07:29:37.765139,SARAWAK,SIBU,PASAR CENTRAL SIBU,Runcit,,Sayur-Sayuran,05,001,BAWANG PUTIH (CHINA),F.A.Q,Kilogram,8,8,
30875594,2026-08-22,2026-08-22 07:29:37.765139,SARAWAK,SIBU,PASAR CENTRAL SIBU,Runcit,,Sayur-Sayuran,03,001,BAYAM,F.A.Q,Kilogram,6.9,6.9,
30875595,2026-08-22,2026-08-22 07:29:37.765139,SARAWAK,SIBU,PASAR CENTRAL SIBU,Runcit,,Sayur-Sayuran,02,002,CILI HIJAU,F.A.Q,Kilogram,15,15,
30875596,2026-08-22,2026-08-22 07:29:37.765139,SARAWAK,SIBU,PASAR CENTRAL SIBU,Runcit,,Sayur-Sayuran,02,002,CILI MERAH MINYAK,F.A.Q,Kilogram,19,19,
30875597,2026-08-22,2026-08-22 07:29:37.765139,SARAWAK,SIBU,PASAR CENTRAL SIBU,Runcit,,Sayur-Sayuran,03,009,DAUN BAWANG,F.A.Q,Kilogram,29.9,29.9,
30875598,2026-08-22,2026-08-22 07:29:37.765139,SARAWAK,SIBU,PASAR CENTRAL SIBU,Runcit,,Sayur-Sayuran,03,015,DAUN SUP (TANAH TINGGI),F.A.Q,Kilogram,30.5,30.5,
30875599,2026-08-22,2026-08-22 07:29:37.765139,SARAWAK,SIBU,PASAR CENTRAL SIBU,Runcit,,Sayur-Sayuran,04,002,KACANG BENDI,F.A.Q,Kilogram,7.5,7.5,
30875600,2026-08-22,2026-08-22 07:29:37.765139,SARAWAK,SIBU,PASAR CENTRAL SIBU,Runcit,,Sayur-Sayuran,04,003,KACANG BUNCIS,F.A.Q,Kilogram,14.6,14.516666,
30875601,2026-08-22,2026-08-22 07:29:37.765139,SARAWAK,SIBU,PASAR CENTRAL SIBU,Runcit,,Sayur-Sayuran,04,007,KACANG PANJANG HIJAU,F.A.Q,Kilogram,7,7,
30875602,2026-08-22,2026-08-22 07:29:37.765139,SARAWAK,SIBU,PASAR CENTRAL SIBU,Runcit,,Sayur-Sayuran,03,019,KANGKUNG,F.A.Q,Kilogram,6,6,
30875603,2026-08-22,2026-08-22 07:29:37.765139,SARAWAK,SIBU,PASAR CENTRAL SIBU,Runcit,,Sayur-Sayuran,03,006,KUBIS BULAT (CHINA),F.A.Q,Kilogram,4,4,
30875604,2026-08-22,2026-08-22 07:29:37.765139,SARAWAK,SIBU,PASAR CENTRAL SIBU,Runcit,,Sayur-Sayuran,03,007,SAWI HIJAU,F.A.Q,Kilogram,9.9,9.9,
30875605,2026-08-22,2026-08-22 07:29:37.765139,SARAWAK,SIBU,PASAR CENTRAL SIBU,Runcit,,Sayur-Sayuran,02,010,TERUNG PANJANG / PEPARU (TANAH RENDAH),F.A.Q,Kilogram,8.5,8.5,
30875606,2026-08-22,2026-08-22 07:29:37.765139,SARAWAK,SIBU,PASAR CENTRAL SIBU,Runcit,,Sayur-Sayuran,02,011,TIMUN HIJAU,F.A.Q,Kilogram,4.5,4.5,
30875607,2026-08-22,2026-08-22 07:29:37.765139,SARAWAK,SIBU,PASAR CENTRAL SIBU,Runcit,,Sayur-Sayuran,02,012,TOMATO (TANAH TINGGI),F.A.Q,Kilogram,8,8,
30875608,2026-08-22,2026-08-22 07:29:37.765139,SARAWAK,SIBU,PASAR CENTRAL SIBU,Runcit,,Sayur-Sayuran,05,009,UBI KENTANG HOLLAND,F.A.Q,Kilogram,3,3,
30875609,2026-08-22,2026-08-22 07:30:55.34077,SARAWAK,SIBU,PASAR CENTRAL SIBU,Runcit,,Ternakan,01,003,AYAM HIDUP,F.A.Q,Kilogram,10,10,
30875610,2026-08-22,2026-08-22 07:30:55.34077,SARAWAK,SIBU,PASAR CENTRAL SIBU,Runcit,,Ternakan,03,002,AYAM PROSES STANDARD,F.A.Q,Kilogram,10.5,10.5,
30875611,2026-08-22,2026-08-22 07:30:55.34077,SARAWAK,SIBU,PASAR CENTRAL SIBU,Runcit,,Ternakan,03,002,AYAM PROSES SUPER,F.A.Q,Kilogram,11.5,11.181818,
30875612,2026-08-22,2026-08-22 07:30:55.34077,SARAWAK,SIBU,PASAR CENTRAL SIBU,Runcit,,Ternakan,02,003,DAGING LEMBU PEJAL,F.A.Q,Kilogram,48,48,
30875613,2026-08-22,2026-08-22 07:30:55.34077,SARAWAK,SIBU,PASAR CENTRAL SIBU,Runcit,,Ternakan,11,001,TELUR AYAM,A,Biji,0.55,0.55,
30875614,2026-08-22,2026-08-22 07:30:55.34077,SARAWAK,SIBU,PASAR CENTRAL SIBU,Runcit,,Ternakan,11,001,TELUR AYAM,B,Biji,0.52,0.52,
30875615,2026-08-22,2026-08-22 07:30:55.34077,SARAWAK,SIBU,PASAR CENTRAL SIBU,Runcit,,Ternakan,11,001,TELUR AYAM,C,Biji,0.5,0.5,
30875617,2026-08-22,2026-08-22 07:36:26.382593,MELAKA,MELAKA TENGAH,PASAR BESAR MBMB,Runcit,26,Sayur-Sayuran,03,001,BAYAM,F.A.Q,Kilogram,4,3.9117646,
30875618,2026-08-22,2026-08-22 07:36:26.382593,MELAKA,MELAKA TENGAH,PASAR BESAR MBMB,Runcit,26,Sayur-Sayuran,03,001,BAYAM,F.A.Q,Kilogram,4,3.9117646,
30875619,2026-08-22,2026-08-22 07:36:26.382593,MELAKA,MELAKA TENGAH,PASAR BESAR MBMB,Runcit,26,Sayur-Sayuran,02,002,CILI HIJAU,F.A.Q,Kilogram,10,10.444445,
30875620,2026-08-22,2026-08-22 07:36:26.382593,MELAKA,MELAKA TENGAH,PASAR BESAR MBMB,Runcit,26,Sayur-Sayuran,02,002,CILI HIJAU,F.A.Q,Kilogram,10,10.444445,
30875621,2026-08-22,2026-08-22 07:36:26.382593,MELAKA,MELAKA TENGAH,PASAR BESAR MBMB,Runcit,26,Sayur-Sayuran,02,002,CILI MERAH (CHINA),F.A.Q,Kilogram,12,10,
30875622,2026-08-22,2026-08-22 07:36:26.382593,MELAKA,MELAKA TENGAH,PASAR BESAR MBMB,Runcit,26,Sayur-Sayuran,02,002,CILI MERAH (VIETNAM),F.A.Q,Kilogram,10,10.666667,
30875623,2026-08-22,2026-08-22 07:36:26.382593,MELAKA,MELAKA TENGAH,PASAR BESAR MBMB,Runcit,26,Sayur-Sayuran,02,002,CILI MERAH KULAI / KULAI HIBRID,F.A.Q,Kilogram,16,15.5,
30875624,2026-08-22,2026-08-22 07:36:26.382593,MELAKA,MELAKA TENGAH,PASAR BESAR MBMB,Runcit,26,Sayur-Sayuran,02,002,CILI MERAH MINYAK,F.A.Q,Kilogram,15,14.461538,
30875625,2026-08-22,2026-08-22 07:36:26.382593,MELAKA,MELAKA TENGAH,PASAR BESAR MBMB,Runcit,26,Sayur-Sayuran,03,009,DAUN BAWANG,F.A.Q,Kilogram,5,5.1666665,
30875626,2026-08-22,2026-08-22 07:36:26.382593,MELAKA,MELAKA TENGAH,PASAR BESAR MBMB,Runcit,26,Sayur-Sayuran,03,009,DAUN BAWANG,F.A.Q,Kilogram,5,5.1666665,
30875627,2026-08-22,2026-08-22 07:36:26.382593,MELAKA,MELAKA TENGAH,PASAR BESAR MBMB,Runcit,26,Sayur-Sayuran,03,015,DAUN SUP (TANAH TINGGI),F.A.Q,Kilogram,8,13.666667,
30875628,2026-08-22,2026-08-22 07:36:26.382593,MELAKA,MELAKA TENGAH,PASAR BESAR MBMB,Runcit,26,Sayur-Sayuran,03,015,DAUN SUP (TANAH TINGGI),F.A.Q,Kilogram,9,13.666667,
30875629,2026-08-22,2026-08-22 07:36:26.382593,MELAKA,MELAKA TENGAH,PASAR BESAR MBMB,Runcit,26,Sayur-Sayuran,04,002,KACANG BENDI,F.A.Q,Kilogram,7,7.7352943,
30875630,2026-08-22,2026-08-22 07:36:26.382593,MELAKA,MELAKA TENGAH,PASAR BESAR MBMB,Runcit,26,Sayur-Sayuran,04,002,KACANG BENDI,F.A.Q,Kilogram,7,7.7352943,
30875631,2026-08-22,2026-08-22 07:36:26.382593,MELAKA,MELAKA TENGAH,PASAR BESAR MBMB,Runcit,26,Sayur-Sayuran,04,003,KACANG BUNCIS,F.A.Q,Kilogram,7,10.555555,
30875632,2026-08-22,2026-08-22 07:36:26.382593,MELAKA,MELAKA TENGAH,PASAR BESAR MBMB,Runcit,26,Sayur-Sayuran,04,003,KACANG BUNCIS,F.A.Q,Kilogram,8,10.555555,
30875633,2026-08-22,2026-08-22 07:36:26.382593,MELAKA,MELAKA TENGAH,PASAR BESAR MBMB,Runcit,26,Sayur-Sayuran,04,007,KACANG PANJANG HIJAU,F.A.Q,Kilogram,5.5,5.617647,
30875634,2026-08-22,2026-08-22 07:36:26.382593,MELAKA,MELAKA TENGAH,PASAR BESAR MBMB,Runcit,26,Sayur-Sayuran,04,007,KACANG PANJANG HIJAU,F.A.Q,Kilogram,7,5.617647,
30875635,2026-08-22,2026-08-22 07:36:26.382593,MELAKA,MELAKA TENGAH,PASAR BESAR MBMB,Runcit,26,Sayur-Sayuran,03,019,KANGKUNG,F.A.Q,Kilogram,3,3.1111112,
30875636,2026-08-22,2026-08-22 07:36:26.382593,MELAKA,MELAKA TENGAH,PASAR BESAR MBMB,Runcit,26,Sayur-Sayuran,03,019,KANGKUNG,F.A.Q,Kilogram,3.5,3.1111112,
30875637,2026-08-22,2026-08-22 07:36:26.382593,MELAKA,MELAKA TENGAH,PASAR BESAR MBMB,Runcit,26,Sayur-Sayuran,03,006,KUBIS BULAT (CHINA),F.A.Q,Kilogram,3.5,3.0625,
30875638,2026-08-22,2026-08-22 07:36:26.382593,MELAKA,MELAKA TENGAH,PASAR BESAR MBMB,Runcit,26,Sayur-Sayuran,03,006,KUBIS BULAT (CHINA),F.A.Q,Kilogram,3,3.0625,
30875639,2026-08-22,2026-08-22 07:36:26.382593,MELAKA,MELAKA TENGAH,PASAR BESAR MBMB,Runcit,26,Sayur-Sayuran,03,006,KUBIS BULAT (TANAH TINGGI),F.A.Q,Kilogram,3.5,3.64,
30875640,2026-08-22,2026-08-22 07:36:26.382593,MELAKA,MELAKA TENGAH,PASAR BESAR MBMB,Runcit,26,Sayur-Sayuran,03,006,KUBIS BULAT (TANAH TINGGI),F.A.Q,Kilogram,4,3.64,
30875641,2026-08-22,2026-08-22 07:36:26.382593,MELAKA,MELAKA TENGAH,PASAR BESAR MBMB,Runcit,26,Sayur-Sayuran,03,007,SAWI HIJAU,F.A.Q,Kilogram,3,3.9411764,
30875642,2026-08-22,2026-08-22 07:36:26.382593,MELAKA,MELAKA TENGAH,PASAR BESAR MBMB,Runcit,26,Sayur-Sayuran,03,007,SAWI HIJAU,F.A.Q,Kilogram,4,3.9411764,
30875643,2026-08-22,2026-08-22 07:36:26.382593,MELAKA,MELAKA TENGAH,PASAR BESAR MBMB,Runcit,26,Sayur-Sayuran,03,007,SAWI HIJAU TANAH TINGGI,F.A.Q,Kilogram,4,4.1875,
30875644,2026-08-22,2026-08-22 07:36:26.382593,MELAKA,MELAKA TENGAH,PASAR BESAR MBMB,Runcit,26,Sayur-Sayuran,03,007,SAWI HIJAU TANAH TINGGI,F.A.Q,Kilogram,4,4.1875,
30875645,2026-08-22,2026-08-22 07:36:26.382593,MELAKA,MELAKA TENGAH,PASAR BESAR MBMB,Runcit,26,Sayur-Sayuran,02,010,TERUNG PANJANG / PEPARU (TANAH RENDAH),F.A.Q,Kilogram,8,8.705882,
30875646,2026-08-22,2026-08-22 07:36:26.382593,MELAKA,MELAKA TENGAH,PASAR BESAR MBMB,Runcit,26,Sayur-Sayuran,02,010,TERUNG PANJANG / PEPARU (TANAH RENDAH),F.A.Q,Kilogram,8,8.705882,
30875647,2026-08-22,2026-08-22 07:36:26.382593,MELAKA,MELAKA TENGAH,PASAR BESAR MBMB,Runcit,26,Sayur-Sayuran,02,011,TIMUN HIJAU,F.A.Q,Kilogram,2.5,3.235294,
30875648,2026-08-22,2026-08-22 07:36:26.382593,MELAKA,MELAKA TENGAH,PASAR BESAR MBMB,Runcit,26,Sayur-Sayuran,02,011,TIMUN HIJAU,F.A.Q,Kilogram,3,3.235294,
30875649,2026-08-22,2026-08-22 07:36:26.382593,MELAKA,MELAKA TENGAH,PASAR BESAR MBMB,Runcit,26,Sayur-Sayuran,02,012,TOMATO (TANAH TINGGI),F.A.Q,Kilogram,5.5,8.015789,
30875650,2026-08-22,2026-08-22 07:36:26.382593,MELAKA,MELAKA TENGAH,PASAR BESAR MBMB,Runcit,26,Sayur-Sayuran,02,012,TOMATO (TANAH TINGGI),F.A.Q,Kilogram,5,8.015789,
30875651,2026-08-22,2026-08-22 07:48:06.745418,PAHANG,KUANTAN,PASAR BESAR KUANTAN,Runcit,26,Sayur-Sayuran,03,001,BAYAM,F.A.Q,Kilogram,5.5,5.7266665,
30875652,2026-08-22,2026-08-22 07:48:06.745418,PAHANG,KUANTAN,PASAR BESAR KUANTAN,Runcit,26,Sayur-Sayuran,03,001,BAYAM,F.A.Q,Kilogram,5.5,5.7266665,
30875653,2026-08-22,2026-08-22 07:48:06.745418,PAHANG,KUANTAN,PASAR BESAR KUANTAN,Runcit,26,Sayur-Sayuran,03,001,BAYAM,F.A.Q,Kilogram,5.3,5.7266665,
30875654,2026-08-22,2026-08-22 07:48:06.745418,PAHANG,KUANTAN,PASAR BESAR KUANTAN,Runcit,26,Sayur-Sayuran,03,001,BAYAM,F.A.Q,Kilogram,5.5,5.7266665,
30875655,2026-08-22,2026-08-22 07:48:06.745418,PAHANG,KUANTAN,PASAR BESAR KUANTAN,Runcit,26,Sayur-Sayuran,03,001,BAYAM,F.A.Q,Kilogram,5.2,5.7266665,
30875656,2026-08-22,2026-08-22 07:48:06.745418,PAHANG,KUANTAN,PASAR BESAR KUANTAN,Runcit,26,Sayur-Sayuran,02,002,CILI HIJAU,F.A.Q,Kilogram,12,13.773334,
30875657,2026-08-22,2026-08-22 07:48:06.745418,PAHANG,KUANTAN,PASAR BESAR KUANTAN,Runcit,26,Sayur-Sayuran,02,002,CILI HIJAU,F.A.Q,Kilogram,12.5,13.773334,
30875658,2026-08-22,2026-08-22 07:48:06.745418,PAHANG,KUANTAN,PASAR BESAR KUANTAN,Runcit,26,Sayur-Sayuran,02,002,CILI HIJAU,F.A.Q,Kilogram,12.3,13.773334,
30875659,2026-08-22,2026-08-22 07:48:06.745418,PAHANG,KUANTAN,PASAR BESAR KUANTAN,Runcit,26,Sayur-Sayuran,02,002,CILI HIJAU,F.A.Q,Kilogram,12.2,13.773334,
30875660,2026-08-22,2026-08-22 07:48:06.745418,PAHANG,KUANTAN,PASAR BESAR KUANTAN,Runcit,26,Sayur-Sayuran,02,002,CILI HIJAU,F.A.Q,Kilogram,12,13.773334,
30875661,2026-08-22,2026-08-22 07:48:06.745418,PAHANG,KUANTAN,PASAR BESAR KUANTAN,Runcit,26,Sayur-Sayuran,02,002,CILI MERAH KULAI / KULAI HIBRID,F.A.Q,Kilogram,18,17.871666,
30875662,2026-08-22,2026-08-22 07:48:06.745418,PAHANG,KUANTAN,PASAR BESAR KUANTAN,Runcit,26,Sayur-Sayuran,02,002,CILI MERAH KULAI / KULAI HIBRID,F.A.Q,Kilogram,18,17.871666,
30875663,2026-08-22,2026-08-22 07:48:06.745418,PAHANG,KUANTAN,PASAR BESAR KUANTAN,Runcit,26,Sayur-Sayuran,02,002,CILI MERAH KULAI / KULAI HIBRID,F.A.Q,Kilogram,18,17.871666,
30875664,2026-08-22,2026-08-22 07:48:06.745418,PAHANG,KUANTAN,PASAR BESAR KUANTAN,Runcit,26,Sayur-Sayuran,02,002,CILI MERAH KULAI / KULAI HIBRID,F.A.Q,Kilogram,17.5,17.871666,
30875665,2026-08-22,2026-08-22 07:48:06.745418,PAHANG,KUANTAN,PASAR BESAR KUANTAN,Runcit,26,Sayur-Sayuran,02,002,CILI MERAH KULAI / KULAI HIBRID,F.A.Q,Kilogram,17.5,17.871666,
30875666,2026-08-22,2026-08-22 07:48:06.745418,PAHANG,KUANTAN,PASAR BESAR KUANTAN,Runcit,26,Sayur-Sayuran,02,002,CILI MERAH MINYAK,F.A.Q,Kilogram,14,13.695,
30875667,2026-08-22,2026-08-22 07:48:06.745418,PAHANG,KUANTAN,PASAR BESAR KUANTAN,Runcit,26,Sayur-Sayuran,02,002,CILI MERAH MINYAK,F.A.Q,Kilogram,14,13.695,
30875668,2026-08-22,2026-08-22 07:48:06.745418,PAHANG,KUANTAN,PASAR BESAR KUANTAN,Runcit,26,Sayur-Sayuran,02,002,CILI MERAH MINYAK,F.A.Q,Kilogram,14,13.695,
30875669,2026-08-22,2026-08-22 07:48:06.745418,PAHANG,KUANTAN,PASAR BESAR KUANTAN,Runcit,26,Sayur-Sayuran,02,002,CILI MERAH MINYAK,F.A.Q,Kilogram,14.5,13.695,
30875670,2026-08-22,2026-08-22 07:48:06.745418,PAHANG,KUANTAN,PASAR BESAR KUANTAN,Runcit,26,Sayur-Sayuran,02,002,CILI MERAH MINYAK,F.A.Q,Kilogram,14.5,13.695,
30875671,2026-08-22,2026-08-22 07:48:06.745418,PAHANG,KUANTAN,PASAR BESAR KUANTAN,Runcit,26,Sayur-Sayuran,03,009,DAUN BAWANG,F.A.Q,Kilogram,9.5,10.96,
30875672,2026-08-22,2026-08-22 07:48:06.745418,PAHANG,KUANTAN,PASAR BESAR KUANTAN,Runcit,26,Sayur-Sayuran,03,009,DAUN BAWANG,F.A.Q,Kilogram,9.5,10.96,
30875673,2026-08-22,2026-08-22 07:48:06.745418,PAHANG,KUANTAN,PASAR BESAR KUANTAN,Runcit,26,Sayur-Sayuran,03,009,DAUN BAWANG,F.A.Q,Kilogram,10,10.96,
30875674,2026-08-22,2026-08-22 07:48:06.745418,PAHANG,KUANTAN,PASAR BESAR KUANTAN,Runcit,26,Sayur-Sayuran,03,009,DAUN BAWANG,F.A.Q,Kilogram,10,10.96,
30875675,2026-08-22,2026-08-22 07:48:06.745418,PAHANG,KUANTAN,PASAR BESAR KUANTAN,Runcit,26,Sayur-Sayuran,03,009,DAUN BAWANG,F.A.Q,Kilogram,9.8,10.96,
30875676,2026-08-22,2026-08-22 07:48:06.745418,PAHANG,KUANTAN,PASAR BESAR KUANTAN,Runcit,26,Sayur-Sayuran,03,015,DAUN SUP (TANAH TINGGI),F.A.Q,Kilogram,18,20.883333,
30875677,2026-08-22,2026-08-22 07:48:06.745418,PAHANG,KUANTAN,PASAR BESAR KUANTAN,Runcit,26,Sayur-Sayuran,03,015,DAUN SUP (TANAH TINGGI),F.A.Q,Kilogram,18,20.883333,
30875678,2026-08-22,2026-08-22 07:48:06.745418,PAHANG,KUANTAN,PASAR BESAR KUANTAN,Runcit,26,Sayur-Sayuran,03,015,DAUN SUP (TANAH TINGGI),F.A.Q,Kilogram,19,20.883333,
30875679,2026-08-22,2026-08-22 07:48:06.745418,PAHANG,KUANTAN,PASAR BESAR KUANTAN,Runcit,26,Sayur-Sayuran,03,015,DAUN SUP (TANAH TINGGI),F.A.Q,Kilogram,19,20.883333,
30875680,2026-08-22,2026-08-22 07:48:06.745418,PAHANG,KUANTAN,PASAR BESAR KUANTAN,Runcit,26,Sayur-Sayuran,03,015,DAUN SUP (TANAH TINGGI),F.A.Q,Kilogram,18.5,20.883333,
30875681,2026-08-22,2026-08-22 07:48:06.745418,PAHANG,KUANTAN,PASAR BESAR KUANTAN,Runcit,26,Sayur-Sayuran,04,002,KACANG BENDI,F.A.Q,Kilogram,6.8,7.425,
30875682,2026-08-22,2026-08-22 07:48:06.745418,PAHANG,KUANTAN,PASAR BESAR KUANTAN,Runcit,26,Sayur-Sayuran,04,002,KACANG BENDI,F.A.Q,Kilogram,7,7.425,
30875683,2026-08-22,2026-08-22 07:48:06.745418,PAHANG,KUANTAN,PASAR BESAR KUANTAN,Runcit,26,Sayur-Sayuran,04,002,KACANG BENDI,F.A.Q,Kilogram,6.8,7.425,
30875684,2026-08-22,2026-08-22 07:48:06.745418,PAHANG,KUANTAN,PASAR BESAR KUANTAN,Runcit,26,Sayur-Sayuran,04,002,KACANG BENDI,F.A.Q,Kilogram,7.2,7.425,
30875685,2026-08-22,2026-08-22 07:48:06.745418,PAHANG,KUANTAN,PASAR BESAR KUANTAN,Runcit,26,Sayur-Sayuran,04,002,KACANG BENDI,F.A.Q,Kilogram,7.2,7.425,
30875686,2026-08-22,2026-08-22 07:48:06.745418,PAHANG,KUANTAN,PASAR BESAR KUANTAN,Runcit,26,Sayur-Sayuran,04,003,KACANG BUNCIS,F.A.Q,Kilogram,10,13.284445,
30875687,2026-08-22,2026-08-22 07:48:06.745418,PAHANG,KUANTAN,PASAR BESAR KUANTAN,Runcit,26,Sayur-Sayuran,04,003,KACANG BUNCIS,F.A.Q,Kilogram,10,13.284445,
30875688,2026-08-22,2026-08-22 07:48:06.745418,PAHANG,KUANTAN,PASAR BESAR KUANTAN,Runcit,26,Sayur-Sayuran,04,003,KACANG BUNCIS,F.A.Q,Kilogram,10.5,13.284445,
30875689,2026-08-22,2026-08-22 07:48:06.745418,PAHANG,KUANTAN,PASAR BESAR KUANTAN,Runcit,26,Sayur-Sayuran,04,003,KACANG BUNCIS,F.A.Q,Kilogram,10.3,13.284445,
30875690,2026-08-22,2026-08-22 07:48:06.745418,PAHANG,KUANTAN,PASAR BESAR KUANTAN,Runcit,26,Sayur-Sayuran,04,003,KACANG BUNCIS,F.A.Q,Kilogram,10.3,13.284445,
30875691,2026-08-22,2026-08-22 07:48:06.745418,PAHANG,KUANTAN,PASAR BESAR KUANTAN,Runcit,26,Sayur-Sayuran,04,007,KACANG PANJANG HIJAU,F.A.Q,Kilogram,8,7.4583335,
30875692,2026-08-22,2026-08-22 07:48:06.745418,PAHANG,KUANTAN,PASAR BESAR KUANTAN,Runcit,26,Sayur-Sayuran,04,007,KACANG PANJANG HIJAU,F.A.Q,Kilogram,8,7.4583335,
30875693,2026-08-22,2026-08-22 07:48:06.745418,PAHANG,KUANTAN,PASAR BESAR KUANTAN,Runcit,26,Sayur-Sayuran,04,007,KACANG PANJANG HIJAU,F.A.Q,Kilogram,8,7.4583335,
30875694,2026-08-22,2026-08-22 07:48:06.745418,PAHANG,KUANTAN,PASAR BESAR KUANTAN,Runcit,26,Sayur-Sayuran,04,007,KACANG PANJANG HIJAU,F.A.Q,Kilogram,8,7.4583335,
30875695,2026-08-22,2026-08-22 07:48:06.745418,PAHANG,KUANTAN,PASAR BESAR KUANTAN,Runcit,26,Sayur-Sayuran,04,007,KACANG PANJANG HIJAU,F.A.Q,Kilogram,8,7.4583335,
30875696,2026-08-22,2026-08-22 07:48:06.745418,PAHANG,KUANTAN,PASAR BESAR KUANTAN,Runcit,26,Sayur-Sayuran,03,019,KANGKUNG,F.A.Q,Kilogram,5.5,5.6266665,
30875697,2026-08-22,2026-08-22 07:48:06.745418,PAHANG,KUANTAN,PASAR BESAR KUANTAN,Runcit,26,Sayur-Sayuran,03,019,KANGKUNG,F.A.Q,Kilogram,5.5,5.6266665,
30875698,2026-08-22,2026-08-22 07:48:06.745418,PAHANG,KUANTAN,PASAR BESAR KUANTAN,Runcit,26,Sayur-Sayuran,03,019,KANGKUNG,F.A.Q,Kilogram,5.6,5.6266665,
30875699,2026-08-22,2026-08-22 07:48:06.745418,PAHANG,KUANTAN,PASAR BESAR KUANTAN,Runcit,26,Sayur-Sayuran,03,019,KANGKUNG,F.A.Q,Kilogram,5.5,5.6266665,
30875700,2026-08-22,2026-08-22 07:48:06.745418,PAHANG,KUANTAN,PASAR BESAR KUANTAN,Runcit,26,Sayur-Sayuran,03,019,KANGKUNG,F.A.Q,Kilogram,5.7,5.6266665,
30875701,2026-08-22,2026-08-22 07:48:06.745418,PAHANG,KUANTAN,PASAR BESAR KUANTAN,Runcit,26,Sayur-Sayuran,03,006,KUBIS BULAT (CHINA),F.A.Q,Kilogram,4,3.7333333,
30875702,2026-08-22,2026-08-22 07:48:06.745418,PAHANG,KUANTAN,PASAR BESAR KUANTAN,Runcit,26,Sayur-Sayuran,03,006,KUBIS BULAT (CHINA),F.A.Q,Kilogram,4,3.7333333,
30875703,2026-08-22,2026-08-22 07:48:07.153701,PAHANG,KUANTAN,PASAR BESAR KUANTAN,Runcit,26,Sayur-Sayuran,03,006,KUBIS BULAT (CHINA),F.A.Q,Kilogram,3.8,3.7333333,
30875704,2026-08-22,2026-08-22 07:48:07.153701,PAHANG,KUANTAN,PASAR BESAR KUANTAN,Runcit,26,Sayur-Sayuran,03,006,KUBIS BULAT (CHINA),F.A.Q,Kilogram,3.8,3.7333333,
30875705,2026-08-22,2026-08-22 07:48:07.153701,PAHANG,KUANTAN,PASAR BESAR KUANTAN,Runcit,26,Sayur-Sayuran,03,006,KUBIS BULAT (CHINA),F.A.Q,Kilogram,4,3.7333333,
30875706,2026-08-22,2026-08-22 07:48:07.153701,PAHANG,KUANTAN,PASAR BESAR KUANTAN,Runcit,26,Sayur-Sayuran,03,006,KUBIS BULAT (TANAH TINGGI),F.A.Q,Kilogram,5.5,5.5416665,
30875707,2026-08-22,2026-08-22 07:48:07.153701,PAHANG,KUANTAN,PASAR BESAR KUANTAN,Runcit,26,Sayur-Sayuran,03,007,SAWI HIJAU,F.A.Q,Kilogram,6,5.9216666,
30875708,2026-08-22,2026-08-22 07:48:07.153701,PAHANG,KUANTAN,PASAR BESAR KUANTAN,Runcit,26,Sayur-Sayuran,03,007,SAWI HIJAU,F.A.Q,Kilogram,6,5.9216666,
30875709,2026-08-22,2026-08-22 07:48:07.153701,PAHANG,KUANTAN,PASAR BESAR KUANTAN,Runcit,26,Sayur-Sayuran,03,007,SAWI HIJAU,F.A.Q,Kilogram,6,5.9216666,
30875710,2026-08-22,2026-08-22 07:48:07.153701,PAHANG,KUANTAN,PASAR BESAR KUANTAN,Runcit,26,Sayur-Sayuran,03,007,SAWI HIJAU,F.A.Q,Kilogram,6,5.9216666,
30875711,2026-08-22,2026-08-22 07:48:07.153701,PAHANG,KUANTAN,PASAR BESAR KUANTAN,Runcit,26,Sayur-Sayuran,03,007,SAWI HIJAU,F.A.Q,Kilogram,6,5.9216666,
30875712,2026-08-22,2026-08-22 07:48:07.153701,PAHANG,KUANTAN,PASAR BESAR KUANTAN,Runcit,26,Sayur-Sayuran,02,010,TERUNG PANJANG / PEPARU (TANAH RENDAH),F.A.Q,Kilogram,11,9.961667,
30875713,2026-08-22,2026-08-22 07:48:07.153701,PAHANG,KUANTAN,PASAR BESAR KUANTAN,Runcit,26,Sayur-Sayuran,02,010,TERUNG PANJANG / PEPARU (TANAH RENDAH),F.A.Q,Kilogram,11.5,9.961667,
30875714,2026-08-22,2026-08-22 07:48:07.153701,PAHANG,KUANTAN,PASAR BESAR KUANTAN,Runcit,26,Sayur-Sayuran,02,010,TERUNG PANJANG / PEPARU (TANAH RENDAH),F.A.Q,Kilogram,11.2,9.961667,
30875715,2026-08-22,2026-08-22 07:48:07.153701,PAHANG,KUANTAN,PASAR BESAR KUANTAN,Runcit,26,Sayur-Sayuran,02,010,TERUNG PANJANG / PEPARU (TANAH RENDAH),F.A.Q,Kilogram,11.3,9.961667,
30875716,2026-08-22,2026-08-22 07:48:07.153701,PAHANG,KUANTAN,PASAR BESAR KUANTAN,Runcit,26,Sayur-Sayuran,02,010,TERUNG PANJANG / PEPARU (TANAH RENDAH),F.A.Q,Kilogram,11.5,9.961667,
30875717,2026-08-22,2026-08-22 07:48:07.153701,PAHANG,KUANTAN,PASAR BESAR KUANTAN,Runcit,26,Sayur-Sayuran,02,011,TIMUN HIJAU,F.A.Q,Kilogram,2.5,3.205,
30875718,2026-08-22,2026-08-22 07:48:07.153701,PAHANG,KUANTAN,PASAR BESAR KUANTAN,Runcit,26,Sayur-Sayuran,02,011,TIMUN HIJAU,F.A.Q,Kilogram,2.6,3.205,
30875719,2026-08-22,2026-08-22 07:48:07.153701,PAHANG,KUANTAN,PASAR BESAR KUANTAN,Runcit,26,Sayur-Sayuran,02,011,TIMUN HIJAU,F.A.Q,Kilogram,2.5,3.205,
30875720,2026-08-22,2026-08-22 07:48:07.153701,PAHANG,KUANTAN,PASAR BESAR KUANTAN,Runcit,26,Sayur-Sayuran,02,011,TIMUN HIJAU,F.A.Q,Kilogram,2.7,3.205,
30875721,2026-08-22,2026-08-22 07:48:07.153701,PAHANG,KUANTAN,PASAR BESAR KUANTAN,Runcit,26,Sayur-Sayuran,02,011,TIMUN HIJAU,F.A.Q,Kilogram,2.5,3.205,
30875722,2026-08-22,2026-08-22 07:48:07.153701,PAHANG,KUANTAN,PASAR BESAR KUANTAN,Runcit,26,Sayur-Sayuran,02,012,TOMATO (TANAH TINGGI),F.A.Q,Kilogram,8,9.795,
30875723,2026-08-22,2026-08-22 07:48:07.153701,PAHANG,KUANTAN,PASAR BESAR KUANTAN,Runcit,26,Sayur-Sayuran,02,012,TOMATO (TANAH TINGGI),F.A.Q,Kilogram,7.8,9.795,
30875724,2026-08-22,2026-08-22 07:48:07.153701,PAHANG,KUANTAN,PASAR BESAR KUANTAN,Runcit,26,Sayur-Sayuran,02,012,TOMATO (TANAH TINGGI),F.A.Q,Kilogram,7.5,9.795,
30875725,2026-08-22,2026-08-22 07:48:07.153701,PAHANG,KUANTAN,PASAR BESAR KUANTAN,Runcit,26,Sayur-Sayuran,02,012,TOMATO (TANAH TINGGI),F.A.Q,Kilogram,7.7,9.795,
30875726,2026-08-22,2026-08-22 07:48:07.153701,PAHANG,KUANTAN,PASAR BESAR KUANTAN,Runcit,26,Sayur-Sayuran,02,012,TOMATO (TANAH TINGGI),F.A.Q,Kilogram,7.8,9.795,
30875727,2026-08-22,2026-08-22 07:57:02.8636,PAHANG,KUANTAN,PASAR BORONG KEMUNTING,Borong,20,Sayur-Sayuran,03,001,BAYAM,F.A.Q,Kilogram,3.5,3.715,
30875728,2026-08-22,2026-08-22 07:57:02.8636,PAHANG,KUANTAN,PASAR BORONG KEMUNTING,Borong,20,Sayur-Sayuran,03,001,BAYAM,F.A.Q,Kilogram,3.6,3.715,
30875729,2026-08-22,2026-08-22 07:57:02.8636,PAHANG,KUANTAN,PASAR BORONG KEMUNTING,Borong,20,Sayur-Sayuran,03,001,BAYAM,F.A.Q,Kilogram,3.5,3.715,
30875730,2026-08-22,2026-08-22 07:57:02.8636,PAHANG,KUANTAN,PASAR BORONG KEMUNTING,Borong,20,Sayur-Sayuran,03,001,BAYAM,F.A.Q,Kilogram,3.6,3.715,
30875731,2026-08-22,2026-08-22 07:57:02.8636,PAHANG,KUANTAN,PASAR BORONG KEMUNTING,Borong,20,Sayur-Sayuran,03,001,BAYAM,F.A.Q,Kilogram,3.5,3.715,
30875732,2026-08-22,2026-08-22 07:57:02.8636,PAHANG,KUANTAN,PASAR BORONG KEMUNTING,Borong,20,Sayur-Sayuran,02,002,CILI HIJAU,F.A.Q,Kilogram,10,11.6,
30875733,2026-08-22,2026-08-22 07:57:02.8636,PAHANG,KUANTAN,PASAR BORONG KEMUNTING,Borong,20,Sayur-Sayuran,02,002,CILI HIJAU,F.A.Q,Kilogram,10.3,11.6,
30875734,2026-08-22,2026-08-22 07:57:02.8636,PAHANG,KUANTAN,PASAR BORONG KEMUNTING,Borong,20,Sayur-Sayuran,02,002,CILI HIJAU,F.A.Q,Kilogram,10.2,11.6,
30875735,2026-08-22,2026-08-22 07:57:02.8636,PAHANG,KUANTAN,PASAR BORONG KEMUNTING,Borong,20,Sayur-Sayuran,02,002,CILI HIJAU,F.A.Q,Kilogram,10,11.6,
30875736,2026-08-22,2026-08-22 07:57:02.8636,PAHANG,KUANTAN,PASAR BORONG KEMUNTING,Borong,20,Sayur-Sayuran,02,002,CILI HIJAU,F.A.Q,Kilogram,10.2,11.6,
30875737,2026-08-22,2026-08-22 07:57:02.8636,PAHANG,KUANTAN,PASAR BORONG KEMUNTING,Borong,20,Sayur-Sayuran,02,002,CILI MERAH KULAI / KULAI HIBRID,F.A.Q,Kilogram,14,14.266666,
30875738,2026-08-22,2026-08-22 07:57:02.8636,PAHANG,KUANTAN,PASAR BORONG KEMUNTING,Borong,20,Sayur-Sayuran,02,002,CILI MERAH KULAI / KULAI HIBRID,F.A.Q,Kilogram,14,14.266666,
30875739,2026-08-22,2026-08-22 07:57:02.8636,PAHANG,KUANTAN,PASAR BORONG KEMUNTING,Borong,20,Sayur-Sayuran,02,002,CILI MERAH KULAI / KULAI HIBRID,F.A.Q,Kilogram,13.8,14.266666,
30875740,2026-08-22,2026-08-22 07:57:02.8636,PAHANG,KUANTAN,PASAR BORONG KEMUNTING,Borong,20,Sayur-Sayuran,02,002,CILI MERAH KULAI / KULAI HIBRID,F.A.Q,Kilogram,13.8,14.266666,
30875741,2026-08-22,2026-08-22 07:57:02.8636,PAHANG,KUANTAN,PASAR BORONG KEMUNTING,Borong,20,Sayur-Sayuran,02,002,CILI MERAH KULAI / KULAI HIBRID,F.A.Q,Kilogram,14,14.266666,
30875742,2026-08-22,2026-08-22 07:57:02.8636,PAHANG,KUANTAN,PASAR BORONG KEMUNTING,Borong,20,Sayur-Sayuran,02,002,CILI MERAH MINYAK,F.A.Q,Kilogram,12,11.628333,
30875743,2026-08-22,2026-08-22 07:57:02.8636,PAHANG,KUANTAN,PASAR BORONG KEMUNTING,Borong,20,Sayur-Sayuran,02,002,CILI MERAH MINYAK,F.A.Q,Kilogram,12.3,11.628333,
30875744,2026-08-22,2026-08-22 07:57:02.8636,PAHANG,KUANTAN,PASAR BORONG KEMUNTING,Borong,20,Sayur-Sayuran,02,002,CILI MERAH MINYAK,F.A.Q,Kilogram,12.2,11.628333,
30875745,2026-08-22,2026-08-22 07:57:02.8636,PAHANG,KUANTAN,PASAR BORONG KEMUNTING,Borong,20,Sayur-Sayuran,02,002,CILI MERAH MINYAK,F.A.Q,Kilogram,12,11.628333,
30875746,2026-08-22,2026-08-22 07:57:02.8636,PAHANG,KUANTAN,PASAR BORONG KEMUNTING,Borong,20,Sayur-Sayuran,02,002,CILI MERAH MINYAK,F.A.Q,Kilogram,12,11.628333,
30875747,2026-08-22,2026-08-22 07:57:02.8636,PAHANG,KUANTAN,PASAR BORONG KEMUNTING,Borong,20,Sayur-Sayuran,03,009,DAUN BAWANG,F.A.Q,Kilogram,4.5,6.1866665,
30875748,2026-08-22,2026-08-22 07:57:02.8636,PAHANG,KUANTAN,PASAR BORONG KEMUNTING,Borong,20,Sayur-Sayuran,03,009,DAUN BAWANG,F.A.Q,Kilogram,5,6.1866665,
30875749,2026-08-22,2026-08-22 07:57:02.8636,PAHANG,KUANTAN,PASAR BORONG KEMUNTING,Borong,20,Sayur-Sayuran,03,009,DAUN BAWANG,F.A.Q,Kilogram,5,6.1866665,
30875750,2026-08-22,2026-08-22 07:57:02.8636,PAHANG,KUANTAN,PASAR BORONG KEMUNTING,Borong,20,Sayur-Sayuran,03,009,DAUN BAWANG,F.A.Q,Kilogram,4.8,6.1866665,
30875751,2026-08-22,2026-08-22 07:57:02.8636,PAHANG,KUANTAN,PASAR BORONG KEMUNTING,Borong,20,Sayur-Sayuran,03,009,DAUN BAWANG,F.A.Q,Kilogram,4.5,6.1866665,
30875752,2026-08-22,2026-08-22 07:57:02.8636,PAHANG,KUANTAN,PASAR BORONG KEMUNTING,Borong,20,Sayur-Sayuran,03,015,DAUN SUP (TANAH TINGGI),F.A.Q,Kilogram,15,17.943333,
30875753,2026-08-22,2026-08-22 07:57:02.8636,PAHANG,KUANTAN,PASAR BORONG KEMUNTING,Borong,20,Sayur-Sayuran,03,015,DAUN SUP (TANAH TINGGI),F.A.Q,Kilogram,14.5,17.943333,
30875754,2026-08-22,2026-08-22 07:57:02.8636,PAHANG,KUANTAN,PASAR BORONG KEMUNTING,Borong,20,Sayur-Sayuran,03,015,DAUN SUP (TANAH TINGGI),F.A.Q,Kilogram,14.8,17.943333,
30875755,2026-08-22,2026-08-22 07:57:02.8636,PAHANG,KUANTAN,PASAR BORONG KEMUNTING,Borong,20,Sayur-Sayuran,03,015,DAUN SUP (TANAH TINGGI),F.A.Q,Kilogram,14.5,17.943333,
30875756,2026-08-22,2026-08-22 07:57:02.8636,PAHANG,KUANTAN,PASAR BORONG KEMUNTING,Borong,20,Sayur-Sayuran,03,015,DAUN SUP (TANAH TINGGI),F.A.Q,Kilogram,14.8,17.943333,
30875757,2026-08-22,2026-08-22 07:57:02.8636,PAHANG,KUANTAN,PASAR BORONG KEMUNTING,Borong,20,Sayur-Sayuran,04,002,KACANG BENDI,F.A.Q,Kilogram,5,5.4666667,
30875758,2026-08-22,2026-08-22 07:57:02.8636,PAHANG,KUANTAN,PASAR BORONG KEMUNTING,Borong,20,Sayur-Sayuran,04,002,KACANG BENDI,F.A.Q,Kilogram,5.2,5.4666667,
30875759,2026-08-22,2026-08-22 07:57:02.8636,PAHANG,KUANTAN,PASAR BORONG KEMUNTING,Borong,20,Sayur-Sayuran,04,002,KACANG BENDI,F.A.Q,Kilogram,5,5.4666667,
30875760,2026-08-22,2026-08-22 07:57:02.8636,PAHANG,KUANTAN,PASAR BORONG KEMUNTING,Borong,20,Sayur-Sayuran,04,002,KACANG BENDI,F.A.Q,Kilogram,5.3,5.4666667,
30875761,2026-08-22,2026-08-22 07:57:02.8636,PAHANG,KUANTAN,PASAR BORONG KEMUNTING,Borong,20,Sayur-Sayuran,04,002,KACANG BENDI,F.A.Q,Kilogram,5.2,5.4666667,
30875762,2026-08-22,2026-08-22 07:57:02.8636,PAHANG,KUANTAN,PASAR BORONG KEMUNTING,Borong,20,Sayur-Sayuran,04,003,KACANG BUNCIS,F.A.Q,Kilogram,7,9.902223,
30875763,2026-08-22,2026-08-22 07:57:02.8636,PAHANG,KUANTAN,PASAR BORONG KEMUNTING,Borong,20,Sayur-Sayuran,04,003,KACANG BUNCIS,F.A.Q,Kilogram,7.5,9.902223,
30875764,2026-08-22,2026-08-22 07:57:02.8636,PAHANG,KUANTAN,PASAR BORONG KEMUNTING,Borong,20,Sayur-Sayuran,04,003,KACANG BUNCIS,F.A.Q,Kilogram,7.3,9.902223,
30875765,2026-08-22,2026-08-22 07:57:02.8636,PAHANG,KUANTAN,PASAR BORONG KEMUNTING,Borong,20,Sayur-Sayuran,04,003,KACANG BUNCIS,F.A.Q,Kilogram,7.3,9.902223,
30875766,2026-08-22,2026-08-22 07:57:02.8636,PAHANG,KUANTAN,PASAR BORONG KEMUNTING,Borong,20,Sayur-Sayuran,04,003,KACANG BUNCIS,F.A.Q,Kilogram,7,9.902223,
30875767,2026-08-22,2026-08-22 07:57:02.8636,PAHANG,KUANTAN,PASAR BORONG KEMUNTING,Borong,20,Sayur-Sayuran,04,007,KACANG PANJANG HIJAU,F.A.Q,Kilogram,5.7,5.1266665,
30875768,2026-08-22,2026-08-22 07:57:02.8636,PAHANG,KUANTAN,PASAR BORONG KEMUNTING,Borong,20,Sayur-Sayuran,04,007,KACANG PANJANG HIJAU,F.A.Q,Kilogram,5.7,5.1266665,
30875769,2026-08-22,2026-08-22 07:57:02.8636,PAHANG,KUANTAN,PASAR BORONG KEMUNTING,Borong,20,Sayur-Sayuran,04,007,KACANG PANJANG HIJAU,F.A.Q,Kilogram,5.5,5.1266665,
30875770,2026-08-22,2026-08-22 07:57:02.8636,PAHANG,KUANTAN,PASAR BORONG KEMUNTING,Borong,20,Sayur-Sayuran,04,007,KACANG PANJANG HIJAU,F.A.Q,Kilogram,5.6,5.1266665,
30875771,2026-08-22,2026-08-22 07:57:02.8636,PAHANG,KUANTAN,PASAR BORONG KEMUNTING,Borong,20,Sayur-Sayuran,04,007,KACANG PANJANG HIJAU,F.A.Q,Kilogram,5.7,5.1266665,
30875772,2026-08-22,2026-08-22 07:57:02.8636,PAHANG,KUANTAN,PASAR BORONG KEMUNTING,Borong,20,Sayur-Sayuran,03,019,KANGKUNG,F.A.Q,Kilogram,3.5,3.53,
30875773,2026-08-22,2026-08-22 07:57:02.8636,PAHANG,KUANTAN,PASAR BORONG KEMUNTING,Borong,20,Sayur-Sayuran,03,019,KANGKUNG,F.A.Q,Kilogram,3.5,3.53,
30875774,2026-08-22,2026-08-22 07:57:02.8636,PAHANG,KUANTAN,PASAR BORONG KEMUNTING,Borong,20,Sayur-Sayuran,03,019,KANGKUNG,F.A.Q,Kilogram,3.6,3.53,
30875775,2026-08-22,2026-08-22 07:57:02.8636,PAHANG,KUANTAN,PASAR BORONG KEMUNTING,Borong,20,Sayur-Sayuran,03,019,KANGKUNG,F.A.Q,Kilogram,3.5,3.53,
30875776,2026-08-22,2026-08-22 07:57:02.8636,PAHANG,KUANTAN,PASAR BORONG KEMUNTING,Borong,20,Sayur-Sayuran,03,019,KANGKUNG,F.A.Q,Kilogram,3.5,3.53,
30875777,2026-08-22,2026-08-22 07:57:02.8636,PAHANG,KUANTAN,PASAR BORONG KEMUNTING,Borong,20,Sayur-Sayuran,03,006,KUBIS BULAT (CHINA),F.A.Q,Kilogram,2.8,2.7033334,
30875778,2026-08-22,2026-08-22 07:57:02.8636,PAHANG,KUANTAN,PASAR BORONG KEMUNTING,Borong,20,Sayur-Sayuran,03,006,KUBIS BULAT (CHINA),F.A.Q,Kilogram,2.8,2.7033334,
30875779,2026-08-22,2026-08-22 07:57:02.8636,PAHANG,KUANTAN,PASAR BORONG KEMUNTING,Borong,20,Sayur-Sayuran,03,006,KUBIS BULAT (CHINA),F.A.Q,Kilogram,2.8,2.7033334,
30875780,2026-08-22,2026-08-22 07:57:02.8636,PAHANG,KUANTAN,PASAR BORONG KEMUNTING,Borong,20,Sayur-Sayuran,03,006,KUBIS BULAT (CHINA),F.A.Q,Kilogram,2.7,2.7033334,
30875781,2026-08-22,2026-08-22 07:57:02.8636,PAHANG,KUANTAN,PASAR BORONG KEMUNTING,Borong,20,Sayur-Sayuran,03,006,KUBIS BULAT (CHINA),F.A.Q,Kilogram,2.8,2.7033334,
30875782,2026-08-22,2026-08-22 07:57:02.8636,PAHANG,KUANTAN,PASAR BORONG KEMUNTING,Borong,20,Sayur-Sayuran,03,006,KUBIS BULAT (TANAH TINGGI),F.A.Q,Kilogram,4,4.0416665,
30875783,2026-08-22,2026-08-22 07:57:02.8636,PAHANG,KUANTAN,PASAR BORONG KEMUNTING,Borong,20,Sayur-Sayuran,03,007,SAWI HIJAU,F.A.Q,Kilogram,4,3.9066668,
30875784,2026-08-22,2026-08-22 07:57:03.879006,PAHANG,KUANTAN,PASAR BORONG KEMUNTING,Borong,20,Sayur-Sayuran,03,007,SAWI HIJAU,F.A.Q,Kilogram,4,3.9066668,
30875785,2026-08-22,2026-08-22 07:57:03.879006,PAHANG,KUANTAN,PASAR BORONG KEMUNTING,Borong,20,Sayur-Sayuran,03,007,SAWI HIJAU,F.A.Q,Kilogram,4,3.9066668,
30875786,2026-08-22,2026-08-22 07:57:03.879006,PAHANG,KUANTAN,PASAR BORONG KEMUNTING,Borong,20,Sayur-Sayuran,03,007,SAWI HIJAU,F.A.Q,Kilogram,4,3.9066668,
30875787,2026-08-22,2026-08-22 07:57:03.879006,PAHANG,KUANTAN,PASAR BORONG KEMUNTING,Borong,20,Sayur-Sayuran,03,007,SAWI HIJAU,F.A.Q,Kilogram,4,3.9066668,
30875788,2026-08-22,2026-08-22 07:57:03.879006,PAHANG,KUANTAN,PASAR BORONG KEMUNTING,Borong,20,Sayur-Sayuran,02,010,TERUNG PANJANG / PEPARU (TANAH RENDAH),F.A.Q,Kilogram,8.5,7.83,
30875789,2026-08-22,2026-08-22 07:57:03.879006,PAHANG,KUANTAN,PASAR BORONG KEMUNTING,Borong,20,Sayur-Sayuran,02,010,TERUNG PANJANG / PEPARU (TANAH RENDAH),F.A.Q,Kilogram,8.8,7.83,
30875790,2026-08-22,2026-08-22 07:57:03.879006,PAHANG,KUANTAN,PASAR BORONG KEMUNTING,Borong,20,Sayur-Sayuran,02,010,TERUNG PANJANG / PEPARU (TANAH RENDAH),F.A.Q,Kilogram,8.9,7.83,
30875791,2026-08-22,2026-08-22 07:57:03.879006,PAHANG,KUANTAN,PASAR BORONG KEMUNTING,Borong,20,Sayur-Sayuran,02,010,TERUNG PANJANG / PEPARU (TANAH RENDAH),F.A.Q,Kilogram,8.7,7.83,
30875792,2026-08-22,2026-08-22 07:57:03.879006,PAHANG,KUANTAN,PASAR BORONG KEMUNTING,Borong,20,Sayur-Sayuran,02,010,TERUNG PANJANG / PEPARU (TANAH RENDAH),F.A.Q,Kilogram,8.9,7.83,
30875793,2026-08-22,2026-08-22 07:57:03.879006,PAHANG,KUANTAN,PASAR BORONG KEMUNTING,Borong,20,Sayur-Sayuran,02,011,TIMUN HIJAU,F.A.Q,Kilogram,1.8,2.1733334,
30875794,2026-08-22,2026-08-22 07:57:03.879006,PAHANG,KUANTAN,PASAR BORONG KEMUNTING,Borong,20,Sayur-Sayuran,02,011,TIMUN HIJAU,F.A.Q,Kilogram,1.7,2.1733334,
30875795,2026-08-22,2026-08-22 07:57:03.879006,PAHANG,KUANTAN,PASAR BORONG KEMUNTING,Borong,20,Sayur-Sayuran,02,011,TIMUN HIJAU,F.A.Q,Kilogram,1.8,2.1733334,
30875796,2026-08-22,2026-08-22 07:57:03.879006,PAHANG,KUANTAN,PASAR BORONG KEMUNTING,Borong,20,Sayur-Sayuran,02,011,TIMUN HIJAU,F.A.Q,Kilogram,1.7,2.1733334,
30875797,2026-08-22,2026-08-22 07:57:03.879006,PAHANG,KUANTAN,PASAR BORONG KEMUNTING,Borong,20,Sayur-Sayuran,02,011,TIMUN HIJAU,F.A.Q,Kilogram,1.8,2.1733334,
30875798,2026-08-22,2026-08-22 07:57:03.879006,PAHANG,KUANTAN,PASAR BORONG KEMUNTING,Borong,20,Sayur-Sayuran,02,012,TOMATO (TANAH TINGGI),F.A.Q,Kilogram,6.5,8.621667,
30875799,2026-08-22,2026-08-22 07:57:03.879006,PAHANG,KUANTAN,PASAR BORONG KEMUNTING,Borong,20,Sayur-Sayuran,02,012,TOMATO (TANAH TINGGI),F.A.Q,Kilogram,6.7,8.621667,
30875800,2026-08-22,2026-08-22 07:57:03.879006,PAHANG,KUANTAN,PASAR BORONG KEMUNTING,Borong,20,Sayur-Sayuran,02,012,TOMATO (TANAH TINGGI),F.A.Q,Kilogram,6.8,8.621667,
30875801,2026-08-22,2026-08-22 07:57:03.879006,PAHANG,KUANTAN,PASAR BORONG KEMUNTING,Borong,20,Sayur-Sayuran,02,012,TOMATO (TANAH TINGGI),F.A.Q,Kilogram,6.6,8.621667,
30875802,2026-08-22,2026-08-22 07:57:03.879006,PAHANG,KUANTAN,PASAR BORONG KEMUNTING,Borong,20,Sayur-Sayuran,02,012,TOMATO (TANAH TINGGI),F.A.Q,Kilogram,6.6,8.621667,
30875803,2026-08-22,2026-08-22 07:57:40.988563,PAHANG,KUANTAN,LADANG/KEBUN KAMPUNG SUNGAI SOI,Ladang,,Sayur-Sayuran,04,002,KACANG BENDI,F.A.Q,Kilogram,3.5,3.6604166,
30875804,2026-08-22,2026-08-22 07:57:40.988563,PAHANG,KUANTAN,LADANG/KEBUN KAMPUNG SUNGAI SOI,Ladang,,Sayur-Sayuran,04,007,KACANG PANJANG HIJAU,F.A.Q,Kilogram,3.8,3.57,
30875805,2026-08-22,2026-08-22 07:57:40.988563,PAHANG,KUANTAN,LADANG/KEBUN KAMPUNG SUNGAI SOI,Ladang,,Sayur-Sayuran,02,010,TERUNG PANJANG / PEPARU (TANAH RENDAH),F.A.Q,Kilogram,6.8,5.5033336,
30875806,2026-08-22,2026-08-22 07:57:40.988563,PAHANG,KUANTAN,LADANG/KEBUN KAMPUNG SUNGAI SOI,Ladang,,Sayur-Sayuran,02,011,TIMUN HIJAU,F.A.Q,Kilogram,1,1.245,
30875807,2026-08-22,2026-08-22 07:58:45.598972,PAHANG,KUANTAN,LADANG/KEBUN KAMPUNG SUNGAI SOI,Ladang,,Sayur-Sayuran,03,001,BAYAM,F.A.Q,Kilogram,2.1,2.225,
30875808,2026-08-22,2026-08-22 07:58:45.598972,PAHANG,KUANTAN,LADANG/KEBUN KAMPUNG SUNGAI SOI,Ladang,,Sayur-Sayuran,02,002,CILI HIJAU,F.A.Q,Kilogram,8,8.245833,
30875809,2026-08-22,2026-08-22 07:58:45.598972,PAHANG,KUANTAN,LADANG/KEBUN KAMPUNG SUNGAI SOI,Ladang,,Sayur-Sayuran,02,002,CILI MERAH MINYAK,F.A.Q,Kilogram,10,8.916667,
30875810,2026-08-22,2026-08-22 07:58:45.598972,PAHANG,KUANTAN,LADANG/KEBUN KAMPUNG SUNGAI SOI,Ladang,,Sayur-Sayuran,04,007,KACANG PANJANG HIJAU,F.A.Q,Kilogram,3.7,3.57,
30875811,2026-08-22,2026-08-22 07:58:45.598972,PAHANG,KUANTAN,LADANG/KEBUN KAMPUNG SUNGAI SOI,Ladang,,Sayur-Sayuran,03,019,KANGKUNG,F.A.Q,Kilogram,2.2,2.0666666,
30875812,2026-08-22,2026-08-22 07:58:45.598972,PAHANG,KUANTAN,LADANG/KEBUN KAMPUNG SUNGAI SOI,Ladang,,Sayur-Sayuran,03,007,SAWI HIJAU,F.A.Q,Kilogram,2.5,2.3270833,
30875813,2026-08-22,2026-08-22 07:58:45.598972,PAHANG,KUANTAN,LADANG/KEBUN KAMPUNG SUNGAI SOI,Ladang,,Sayur-Sayuran,02,010,TERUNG PANJANG / PEPARU (TANAH RENDAH),F.A.Q,Kilogram,6.7,5.5033336,
30875814,2026-08-22,2026-08-22 07:58:45.598972,PAHANG,KUANTAN,LADANG/KEBUN KAMPUNG SUNGAI SOI,Ladang,,Sayur-Sayuran,02,011,TIMUN HIJAU,F.A.Q,Kilogram,1.1,1.245,
30875815,2026-08-22,2026-08-22 08:00:20.242598,PAHANG,KUANTAN,LADANG/KEBUN JABOR,Ladang,,Sayur-Sayuran,03,001,BAYAM,F.A.Q,Kilogram,2.2,2.225,
30875816,2026-08-22,2026-08-22 08:00:20.242598,PAHANG,KUANTAN,LADANG/KEBUN JABOR,Ladang,,Sayur-Sayuran,02,002,CILI HIJAU,F.A.Q,Kilogram,7.8,8.245833,
30875817,2026-08-22,2026-08-22 08:00:20.242598,PAHANG,KUANTAN,LADANG/KEBUN JABOR,Ladang,,Sayur-Sayuran,02,002,CILI MERAH KULAI / KULAI HIBRID,F.A.Q,Kilogram,11,10.783334,
30875818,2026-08-22,2026-08-22 08:00:20.242598,PAHANG,KUANTAN,LADANG/KEBUN JABOR,Ladang,,Sayur-Sayuran,02,002,CILI MERAH MINYAK,F.A.Q,Kilogram,9.8,8.916667,
30875819,2026-08-22,2026-08-22 08:00:20.242598,PAHANG,KUANTAN,LADANG/KEBUN JABOR,Ladang,,Sayur-Sayuran,04,002,KACANG BENDI,F.A.Q,Kilogram,3.5,3.6604166,
30875820,2026-08-22,2026-08-22 08:00:20.242598,PAHANG,KUANTAN,LADANG/KEBUN JABOR,Ladang,,Sayur-Sayuran,04,007,KACANG PANJANG HIJAU,F.A.Q,Kilogram,3.7,3.57,
30875821,2026-08-22,2026-08-22 08:00:20.242598,PAHANG,KUANTAN,LADANG/KEBUN JABOR,Ladang,,Sayur-Sayuran,03,019,KANGKUNG,F.A.Q,Kilogram,2.2,2.0666666,
30875822,2026-08-22,2026-08-22 08:00:20.242598,PAHANG,KUANTAN,LADANG/KEBUN JABOR,Ladang,,Sayur-Sayuran,03,007,SAWI HIJAU,F.A.Q,Kilogram,2.4,2.3270833,
30875823,2026-08-22,2026-08-22 08:00:20.242598,PAHANG,KUANTAN,LADANG/KEBUN JABOR,Ladang,,Sayur-Sayuran,02,010,TERUNG PANJANG / PEPARU (TANAH RENDAH),F.A.Q,Kilogram,6.7,5.5033336,
30875824,2026-08-22,2026-08-22 08:00:20.242598,PAHANG,KUANTAN,LADANG/KEBUN JABOR,Ladang,,Sayur-Sayuran,02,011,TIMUN HIJAU,F.A.Q,Kilogram,1.1,1.245,
30875825,2026-08-22,2026-08-22 08:01:09.773158,PAHANG,KUANTAN,LADANG/KEBUN GAMBANG,Ladang,,Sayur-Sayuran,03,001,BAYAM,F.A.Q,Kilogram,2.1,2.225,
30875826,2026-08-22,2026-08-22 08:01:09.773158,PAHANG,KUANTAN,LADANG/KEBUN GAMBANG,Ladang,,Sayur-Sayuran,02,002,CILI HIJAU,F.A.Q,Kilogram,8,8.245833,
30875827,2026-08-22,2026-08-22 08:01:09.773158,PAHANG,KUANTAN,LADANG/KEBUN GAMBANG,Ladang,,Sayur-Sayuran,02,002,CILI MERAH MINYAK,F.A.Q,Kilogram,10,8.916667,
30875828,2026-08-22,2026-08-22 08:01:09.773158,PAHANG,KUANTAN,LADANG/KEBUN GAMBANG,Ladang,,Sayur-Sayuran,04,002,KACANG BENDI,F.A.Q,Kilogram,3.4,3.6604166,
30875829,2026-08-22,2026-08-22 08:01:09.773158,PAHANG,KUANTAN,LADANG/KEBUN GAMBANG,Ladang,,Sayur-Sayuran,04,007,KACANG PANJANG HIJAU,F.A.Q,Kilogram,3.6,3.57,
30875830,2026-08-22,2026-08-22 08:01:09.773158,PAHANG,KUANTAN,LADANG/KEBUN GAMBANG,Ladang,,Sayur-Sayuran,03,019,KANGKUNG,F.A.Q,Kilogram,2.1,2.0666666,
30875831,2026-08-22,2026-08-22 08:01:09.773158,PAHANG,KUANTAN,LADANG/KEBUN GAMBANG,Ladang,,Sayur-Sayuran,03,007,SAWI HIJAU,F.A.Q,Kilogram,2.4,2.3270833,
30875832,2026-08-22,2026-08-22 08:01:09.773158,PAHANG,KUANTAN,LADANG/KEBUN GAMBANG,Ladang,,Sayur-Sayuran,02,010,TERUNG PANJANG / PEPARU (TANAH RENDAH),F.A.Q,Kilogram,6.8,5.5033336,
30875833,2026-08-22,2026-08-22 08:01:09.773158,PAHANG,KUANTAN,LADANG/KEBUN GAMBANG,Ladang,,Sayur-Sayuran,02,011,TIMUN HIJAU,F.A.Q,Kilogram,1.1,1.245,
30875834,2026-08-22,2026-08-22 08:01:54.131334,PAHANG,KUANTAN,[PROJEK] TKPM PULAU MANIS,Ladang,,Sayur-Sayuran,03,001,BAYAM,F.A.Q,Kilogram,2.1,2.225,
30875835,2026-08-22,2026-08-22 08:01:54.131334,PAHANG,KUANTAN,[PROJEK] TKPM PULAU MANIS,Ladang,,Sayur-Sayuran,02,002,CILI HIJAU,F.A.Q,Kilogram,8,8.245833,
30875836,2026-08-22,2026-08-22 08:01:54.131334,PAHANG,KUANTAN,[PROJEK] TKPM PULAU MANIS,Ladang,,Sayur-Sayuran,02,002,CILI MERAH MINYAK,F.A.Q,Kilogram,10,8.916667,
30875837,2026-08-22,2026-08-22 08:01:54.131334,PAHANG,KUANTAN,[PROJEK] TKPM PULAU MANIS,Ladang,,Sayur-Sayuran,04,002,KACANG BENDI,F.A.Q,Kilogram,3.5,3.6604166,
30875838,2026-08-22,2026-08-22 08:01:54.131334,PAHANG,KUANTAN,[PROJEK] TKPM PULAU MANIS,Ladang,,Sayur-Sayuran,04,007,KACANG PANJANG HIJAU,F.A.Q,Kilogram,3.7,3.57,
30875839,2026-08-22,2026-08-22 08:01:54.131334,PAHANG,KUANTAN,[PROJEK] TKPM PULAU MANIS,Ladang,,Sayur-Sayuran,03,007,SAWI HIJAU,F.A.Q,Kilogram,2.4,2.3270833,
30875840,2026-08-22,2026-08-22 08:01:54.131334,PAHANG,KUANTAN,[PROJEK] TKPM PULAU MANIS,Ladang,,Sayur-Sayuran,02,010,TERUNG PANJANG / PEPARU (TANAH RENDAH),F.A.Q,Kilogram,6.8,5.5033336,
30875841,2026-08-22,2026-08-22 08:01:54.131334,PAHANG,KUANTAN,[PROJEK] TKPM PULAU MANIS,Ladang,,Sayur-Sayuran,02,011,TIMUN HIJAU,F.A.Q,Kilogram,1.1,1.245,
30875842,2026-08-22,2026-08-22 08:04:14.898756,PULAU PINANG,SEBERANG PERAI TENGAH,PASAR AWAM SEBERANG JAYA,Runcit,26,Buah-Buahan,02,005,BETIK SEKAKI,F.A.Q,Kilogram,7.5,6.25,
30875843,2026-08-22,2026-08-22 08:04:14.898756,PULAU PINANG,SEBERANG PERAI TENGAH,PASAR AWAM SEBERANG JAYA,Runcit,26,Buah-Buahan,02,005,BETIK SEKAKI,F.A.Q,Kilogram,5.5,6.25,
30875844,2026-08-22,2026-08-22 08:04:14.898756,PULAU PINANG,SEBERANG PERAI TENGAH,PASAR AWAM SEBERANG JAYA,Runcit,26,Buah-Buahan,02,023,NANAS JOSAPINE (AC5),F.A.Q,Kilogram,6,5,
30875845,2026-08-22,2026-08-22 08:04:14.898756,PULAU PINANG,SEBERANG PERAI TENGAH,PASAR AWAM SEBERANG JAYA,Runcit,26,Buah-Buahan,02,023,NANAS JOSAPINE (AC5),F.A.Q,Kilogram,5,5,
30875846,2026-08-22,2026-08-22 08:04:14.898756,PULAU PINANG,SEBERANG PERAI TENGAH,PASAR AWAM SEBERANG JAYA,Runcit,26,Buah-Buahan,02,028,PISANG BERANGAN,F.A.Q,Kilogram,7.5,7.2619047,
30875847,2026-08-22,2026-08-22 08:04:14.898756,PULAU PINANG,SEBERANG PERAI TENGAH,PASAR AWAM SEBERANG JAYA,Runcit,26,Buah-Buahan,02,028,PISANG MAS,F.A.Q,Kilogram,7.5,7.269231,
30875848,2026-08-22,2026-08-22 08:04:14.898756,PULAU PINANG,SEBERANG PERAI TENGAH,PASAR AWAM SEBERANG JAYA,Runcit,26,Buah-Buahan,02,034,TEMBIKAI MERAH TANPA BIJI,F.A.Q,Kilogram,5,4.1477275,
30875849,2026-08-22,2026-08-22 08:04:14.898756,PULAU PINANG,SEBERANG PERAI TENGAH,PASAR AWAM SEBERANG JAYA,Runcit,26,Buah-Buahan,02,034,TEMBIKAI MERAH TANPA BIJI,F.A.Q,Kilogram,4,4.1477275,
30875850,2026-08-22,2026-08-22 08:05:01.626967,PULAU PINANG,SEBERANG PERAI TENGAH,PASAR AWAM SEBERANG JAYA,Runcit,26,Tanaman Kontan,05,001,KELAPA DIKUPAS,SEDANG,Biji,2.5,2.33,
30875851,2026-08-22,2026-08-22 08:32:12.49888,JOHOR,KLUANG,LADANG/KEBUN JALAN BATU PAHAT,Ladang,,Ternakan,11,001,TELUR AYAM,A,Biji,0.49,0.49,
30875852,2026-08-22,2026-08-22 08:32:12.49888,JOHOR,KLUANG,LADANG/KEBUN JALAN BATU PAHAT,Ladang,,Ternakan,11,001,TELUR AYAM,C,Biji,0.46,0.388,
30875853,2026-08-22,2026-08-22 08:32:12.49888,JOHOR,KLUANG,LADANG/KEBUN JALAN BATU PAHAT,Ladang,,Ternakan,11,001,TELUR AYAM,B,Biji,0.48,0.48,
30875854,2026-08-22,2026-08-22 08:33:35.002169,JOHOR,JOHOR BAHRU,,Ladang,,Sayur-Sayuran,03,001,BAYAM,F.A.Q,Kilogram,3,3,
30875855,2026-08-22,2026-08-22 08:33:35.002169,JOHOR,JOHOR BAHRU,,Ladang,,Sayur-Sayuran,02,002,CILI HIJAU,F.A.Q,Kilogram,7,7,
30875856,2026-08-22,2026-08-22 08:33:35.002169,JOHOR,JOHOR BAHRU,,Ladang,,Sayur-Sayuran,02,002,CILI MERAH KULAI / KULAI HIBRID,F.A.Q,Kilogram,14,14,
30875857,2026-08-22,2026-08-22 08:33:35.002169,JOHOR,JOHOR BAHRU,,Ladang,,Sayur-Sayuran,04,002,KACANG BENDI,F.A.Q,Kilogram,5,5,
30875858,2026-08-22,2026-08-22 08:33:35.002169,JOHOR,JOHOR BAHRU,,Ladang,,Sayur-Sayuran,04,003,KACANG BUNCIS,F.A.Q,Kilogram,6,6,
30875859,2026-08-22,2026-08-22 08:33:35.002169,JOHOR,JOHOR BAHRU,,Ladang,,Sayur-Sayuran,04,007,KACANG PANJANG HIJAU,F.A.Q,Kilogram,6,6,
30875860,2026-08-22,2026-08-22 08:33:35.002169,JOHOR,JOHOR BAHRU,,Ladang,,Sayur-Sayuran,03,019,KANGKUNG,F.A.Q,Kilogram,3,3,
30875861,2026-08-22,2026-08-22 08:33:35.002169,JOHOR,JOHOR BAHRU,,Ladang,,Sayur-Sayuran,03,007,SAWI HIJAU,F.A.Q,Kilogram,3,3,
30875862,2026-08-22,2026-08-22 08:33:35.002169,JOHOR,JOHOR BAHRU,,Ladang,,Sayur-Sayuran,02,010,TERUNG PANJANG / PEPARU (TANAH RENDAH),F.A.Q,Kilogram,5,5,
30875863,2026-08-22,2026-08-22 08:33:35.002169,JOHOR,JOHOR BAHRU,,Ladang,,Sayur-Sayuran,02,011,TIMUN HIJAU,F.A.Q,Kilogram,1.8,1.8,
30875864,2026-08-22,2026-08-22 08:33:50.135143,JOHOR,BATU PAHAT,LADANG/KEBUN YONG PENG,Ladang,,Buah-Buahan,02,034,TEMBIKAI MERAH TANPA BIJI,F.A.Q,Kilogram,1.5,1.5,
30875865,2026-08-22,2026-08-22 08:34:21.178708,JOHOR,BATU PAHAT,LADANG/KEBUN TANJUNG LABOH,Ladang,,Buah-Buahan,02,005,BETIK SEKAKI,F.A.Q,Kilogram,1.5,1.5,
30875866,2026-08-22,2026-08-22 08:34:21.178708,JOHOR,BATU PAHAT,LADANG/KEBUN TANJUNG LABOH,Ladang,,Buah-Buahan,02,023,NANAS JOSAPINE (AC5),F.A.Q,Kilogram,2.5,2.5,
30875867,2026-08-22,2026-08-22 08:34:21.178708,JOHOR,BATU PAHAT,LADANG/KEBUN TANJUNG LABOH,Ladang,,Buah-Buahan,02,028,PISANG BERANGAN,F.A.Q,Kilogram,2.5,2.5,
30875868,2026-08-22,2026-08-22 08:34:21.178708,JOHOR,BATU PAHAT,LADANG/KEBUN TANJUNG LABOH,Ladang,,Buah-Buahan,02,028,PISANG MAS,F.A.Q,Kilogram,3,3,
30875869,2026-08-22,2026-08-22 08:34:49.871019,JOHOR,BATU PAHAT,LADANG/KEBUN SENGGARANG,Ladang,,Buah-Buahan,02,005,BETIK SEKAKI,F.A.Q,Kilogram,1.5,1.5,
30875870,2026-08-22,2026-08-22 08:34:49.871019,JOHOR,BATU PAHAT,LADANG/KEBUN SENGGARANG,Ladang,,Buah-Buahan,02,023,NANAS JOSAPINE (AC5),F.A.Q,Kilogram,2.5,2.5,
30875871,2026-08-22,2026-08-22 08:34:49.871019,JOHOR,BATU PAHAT,LADANG/KEBUN SENGGARANG,Ladang,,Buah-Buahan,02,028,PISANG BERANGAN,F.A.Q,Kilogram,2.5,2.5,
30875872,2026-08-22,2026-08-22 08:34:49.871019,JOHOR,BATU PAHAT,LADANG/KEBUN SENGGARANG,Ladang,,Buah-Buahan,02,028,PISANG MAS,F.A.Q,Kilogram,3,3,
30875873,2026-08-22,2026-08-22 08:35:04.270337,JOHOR,KLUANG,LADANG/KEBUN JALAN AYER HITAM,Ladang,,Ternakan,01,003,AYAM HIDUP,F.A.Q,Kilogram,6,6,
30875874,2026-08-22,2026-08-22 08:35:25.630562,JOHOR,JOHOR BAHRU,,Ladang,,Tanaman Kontan,05,001,KELAPA DIKUPAS,SEDANG,Biji,1.9,1.9,
30875875,2026-08-22,2026-08-22 08:35:46.500786,JOHOR,JOHOR BAHRU,[PUSAT KUTIPAN HARGA BORONG] SKUDAI,Borong,20,Ternakan,03,002,AYAM PROSES STANDARD,F.A.Q,Kilogram,7.5,7.5,
30875876,2026-08-22,2026-08-22 08:37:43.673656,JOHOR,JOHOR BAHRU,[PUSAT KUTIPAN HARGA BORONG] SKUDAI,Borong,20,Sayur-Sayuran,03,001,BAYAM,F.A.Q,Kilogram,4,4,
30875877,2026-08-22,2026-08-22 08:37:43.673656,JOHOR,JOHOR BAHRU,[PUSAT KUTIPAN HARGA BORONG] SKUDAI,Borong,20,Sayur-Sayuran,02,002,CILI HIJAU,F.A.Q,Kilogram,10,10,
30875878,2026-08-22,2026-08-22 08:37:43.673656,JOHOR,JOHOR BAHRU,[PUSAT KUTIPAN HARGA BORONG] SKUDAI,Borong,20,Sayur-Sayuran,02,002,CILI MERAH KULAI / KULAI HIBRID,F.A.Q,Kilogram,16,15.8125,
30875879,2026-08-22,2026-08-22 08:37:43.673656,JOHOR,JOHOR BAHRU,[PUSAT KUTIPAN HARGA BORONG] SKUDAI,Borong,20,Sayur-Sayuran,03,009,DAUN BAWANG,F.A.Q,Kilogram,5,5,
30875880,2026-08-22,2026-08-22 08:37:43.673656,JOHOR,JOHOR BAHRU,[PUSAT KUTIPAN HARGA BORONG] SKUDAI,Borong,20,Sayur-Sayuran,03,015,DAUN SUP (TANAH TINGGI),F.A.Q,Kilogram,15,15,
30875881,2026-08-22,2026-08-22 08:37:43.673656,JOHOR,JOHOR BAHRU,[PUSAT KUTIPAN HARGA BORONG] SKUDAI,Borong,20,Sayur-Sayuran,04,002,KACANG BENDI,F.A.Q,Kilogram,6.8,6.825,
30875882,2026-08-22,2026-08-22 08:37:43.673656,JOHOR,JOHOR BAHRU,[PUSAT KUTIPAN HARGA BORONG] SKUDAI,Borong,20,Sayur-Sayuran,04,003,KACANG BUNCIS,F.A.Q,Kilogram,8,8,
30875883,2026-08-22,2026-08-22 08:37:43.673656,JOHOR,JOHOR BAHRU,[PUSAT KUTIPAN HARGA BORONG] SKUDAI,Borong,20,Sayur-Sayuran,04,007,KACANG PANJANG HIJAU,F.A.Q,Kilogram,6,6.3125,
30875884,2026-08-22,2026-08-22 08:37:43.673656,JOHOR,JOHOR BAHRU,[PUSAT KUTIPAN HARGA BORONG] SKUDAI,Borong,20,Sayur-Sayuran,03,019,KANGKUNG,F.A.Q,Kilogram,4,4,
30875885,2026-08-22,2026-08-22 08:37:43.673656,JOHOR,JOHOR BAHRU,[PUSAT KUTIPAN HARGA BORONG] SKUDAI,Borong,20,Sayur-Sayuran,03,006,KUBIS BULAT (CHINA),F.A.Q,Kilogram,2.5,2.5,
30875886,2026-08-22,2026-08-22 08:37:43.673656,JOHOR,JOHOR BAHRU,[PUSAT KUTIPAN HARGA BORONG] SKUDAI,Borong,20,Sayur-Sayuran,03,006,KUBIS BULAT (INDONESIA),F.A.Q,Kilogram,3,3,
30875887,2026-08-22,2026-08-22 08:37:43.673656,JOHOR,JOHOR BAHRU,[PUSAT KUTIPAN HARGA BORONG] SKUDAI,Borong,20,Sayur-Sayuran,03,006,KUBIS BULAT (TANAH TINGGI),F.A.Q,Kilogram,4.5,4.5,
30875888,2026-08-22,2026-08-22 08:37:43.673656,JOHOR,JOHOR BAHRU,[PUSAT KUTIPAN HARGA BORONG] SKUDAI,Borong,20,Sayur-Sayuran,03,007,SAWI HIJAU,F.A.Q,Kilogram,4,4,
30875889,2026-08-22,2026-08-22 08:37:43.673656,JOHOR,JOHOR BAHRU,[PUSAT KUTIPAN HARGA BORONG] SKUDAI,Borong,20,Sayur-Sayuran,03,007,SAWI HIJAU TANAH TINGGI,F.A.Q,Kilogram,5,5,
30875890,2026-08-22,2026-08-22 08:37:43.673656,JOHOR,JOHOR BAHRU,[PUSAT KUTIPAN HARGA BORONG] SKUDAI,Borong,20,Sayur-Sayuran,02,010,TERUNG PANJANG / PEPARU (TANAH RENDAH),F.A.Q,Kilogram,7,6.142857,
30875891,2026-08-22,2026-08-22 08:37:43.673656,JOHOR,JOHOR BAHRU,[PUSAT KUTIPAN HARGA BORONG] SKUDAI,Borong,20,Sayur-Sayuran,02,011,TIMUN HIJAU,F.A.Q,Kilogram,2.6,2.5625,
30875892,2026-08-22,2026-08-22 08:37:43.673656,JOHOR,JOHOR BAHRU,[PUSAT KUTIPAN HARGA BORONG] SKUDAI,Borong,20,Sayur-Sayuran,02,012,TOMATO (TANAH TINGGI),F.A.Q,Kilogram,7,7,
30875893,2026-08-22,2026-08-22 08:38:38.545604,JOHOR,JOHOR BAHRU,[PUSAT KUTIPAN HARGA BORONG] SKUDAI,Borong,20,Buah-Buahan,02,005,BETIK SEKAKI,F.A.Q,Kilogram,3,3,
30875894,2026-08-22,2026-08-22 08:38:38.545604,JOHOR,JOHOR BAHRU,[PUSAT KUTIPAN HARGA BORONG] SKUDAI,Borong,20,Buah-Buahan,02,005,BETIK SEKAKI,F.A.Q,Kilogram,3,3,
30875895,2026-08-22,2026-08-22 08:38:38.545604,JOHOR,JOHOR BAHRU,[PUSAT KUTIPAN HARGA BORONG] SKUDAI,Borong,20,Buah-Buahan,02,023,NANAS JOSAPINE (AC5),F.A.Q,Kilogram,4,4,
30875896,2026-08-22,2026-08-22 08:38:38.545604,JOHOR,JOHOR BAHRU,[PUSAT KUTIPAN HARGA BORONG] SKUDAI,Borong,20,Buah-Buahan,02,023,NANAS JOSAPINE (AC5),F.A.Q,Kilogram,4,4,
30875897,2026-08-22,2026-08-22 08:38:38.545604,JOHOR,JOHOR BAHRU,[PUSAT KUTIPAN HARGA BORONG] SKUDAI,Borong,20,Buah-Buahan,02,028,PISANG BERANGAN,F.A.Q,Kilogram,4,4.125,
30875898,2026-08-22,2026-08-22 08:38:38.545604,JOHOR,JOHOR BAHRU,[PUSAT KUTIPAN HARGA BORONG] SKUDAI,Borong,20,Buah-Buahan,02,028,PISANG BERANGAN,F.A.Q,Kilogram,4,4.125,
30875899,2026-08-22,2026-08-22 08:38:38.545604,JOHOR,JOHOR BAHRU,[PUSAT KUTIPAN HARGA BORONG] SKUDAI,Borong,20,Buah-Buahan,02,028,PISANG MAS,F.A.Q,Kilogram,4.5,4.25,
30875900,2026-08-22,2026-08-22 08:38:38.545604,JOHOR,JOHOR BAHRU,[PUSAT KUTIPAN HARGA BORONG] SKUDAI,Borong,20,Buah-Buahan,02,028,PISANG MAS,F.A.Q,Kilogram,4,4.25,
30875901,2026-08-22,2026-08-22 08:38:38.545604,JOHOR,JOHOR BAHRU,[PUSAT KUTIPAN HARGA BORONG] SKUDAI,Borong,20,Buah-Buahan,02,034,TEMBIKAI MERAH TANPA BIJI,F.A.Q,Kilogram,2.5,2.5,
30875902,2026-08-22,2026-08-22 08:38:38.545604,JOHOR,JOHOR BAHRU,[PUSAT KUTIPAN HARGA BORONG] SKUDAI,Borong,20,Buah-Buahan,02,034,TEMBIKAI MERAH TANPA BIJI,F.A.Q,Kilogram,2.5,2.5,
30875903,2026-08-22,2026-08-22 08:39:23.509527,JOHOR,JOHOR BAHRU,[PUSAT KUTIPAN HARGA BORONG] KEMPAS BARU,Borong,20,Ternakan,11,001,TELUR AYAM,A,Biji,0.51,0.51,
30875904,2026-08-22,2026-08-22 08:39:23.509527,JOHOR,JOHOR BAHRU,[PUSAT KUTIPAN HARGA BORONG] KEMPAS BARU,Borong,20,Ternakan,11,001,TELUR AYAM,B,Biji,0.5,0.5,
30875905,2026-08-22,2026-08-22 08:39:23.509527,JOHOR,JOHOR BAHRU,[PUSAT KUTIPAN HARGA BORONG] KEMPAS BARU,Borong,20,Ternakan,11,001,TELUR AYAM,C,Biji,0.48,0.424,
30875906,2026-08-22,2026-08-22 08:40:55.608956,JOHOR,JOHOR BAHRU,[PUSAT KUTIPAN HARGA BORONG] SKUDAI,Borong,20,Sayur-Sayuran,05,001,BAWANG BESAR KUNING / HOLLAND,F.A.Q,Kilogram,5,5,
30875907,2026-08-22,2026-08-22 08:40:55.608956,JOHOR,JOHOR BAHRU,[PUSAT KUTIPAN HARGA BORONG] SKUDAI,Borong,20,Sayur-Sayuran,05,001,BAWANG BESAR MERAH (INDIA),F.A.Q,Kilogram,4,4,
30875908,2026-08-22,2026-08-22 08:40:55.608956,JOHOR,JOHOR BAHRU,[PUSAT KUTIPAN HARGA BORONG] SKUDAI,Borong,20,Sayur-Sayuran,05,001,BAWANG MERAH / KECIL (THAI),F.A.Q,Kilogram,15.2,15.2,
30875909,2026-08-22,2026-08-22 08:40:55.608956,JOHOR,JOHOR BAHRU,[PUSAT KUTIPAN HARGA BORONG] SKUDAI,Borong,20,Sayur-Sayuran,05,001,BAWANG MERAH ROSE,F.A.Q,Kilogram,11.5,11.5,
30875910,2026-08-22,2026-08-22 08:40:55.608956,JOHOR,JOHOR BAHRU,[PUSAT KUTIPAN HARGA BORONG] SKUDAI,Borong,20,Sayur-Sayuran,05,001,BAWANG PUTIH (CHINA),F.A.Q,Kilogram,12.5,12.5,
30875911,2026-08-22,2026-08-22 08:40:55.608956,JOHOR,JOHOR BAHRU,[PUSAT KUTIPAN HARGA BORONG] SKUDAI,Borong,20,Sayur-Sayuran,05,009,UBI KENTANG HOLLAND,F.A.Q,Kilogram,2.5,2.5,
30875912,2026-08-22,2026-08-22 08:41:39.06748,PULAU PINANG,SEBERANG PERAI TENGAH,PASAR AWAM SEBERANG JAYA,Runcit,26,Lain-Lain Makanan Proses,15,001,SANTAN PEKAT,F.A.Q,Kilogram,15,15,
30875913,2026-08-22,2026-08-22 08:41:52.613659,JOHOR,JOHOR BAHRU,[PUSAT KUTIPAN HARGA BORONG] BANDAR BARU PERMAS JAYA,Borong,20,Ternakan,02,003,DAGING LEMBU PEJAL,F.A.Q,Kilogram,38,38,
30875914,2026-08-22,2026-08-22 08:42:05.06002,PULAU PINANG,SEBERANG PERAI TENGAH,PASAR AWAM SEBERANG JAYA,Runcit,26,Tanaman Kontan,05,001,KELAPA DIKUPAS,SEDANG,Biji,2.2,3.43,
30875915,2026-08-22,2026-08-22 08:43:28.119082,JOHOR,JOHOR BAHRU,PASAR AWAM LARKIN,Runcit,26,Ternakan,11,001,TELUR AYAM,A,Biji,0.52,0.52,
30875916,2026-08-22,2026-08-22 08:43:28.119082,JOHOR,JOHOR BAHRU,PASAR AWAM LARKIN,Runcit,26,Ternakan,11,001,TELUR AYAM,B,Biji,0.52,0.52,
30875917,2026-08-22,2026-08-22 08:43:28.119082,JOHOR,JOHOR BAHRU,PASAR AWAM LARKIN,Runcit,26,Ternakan,11,001,TELUR AYAM,C,Biji,0.51,0.446,
30875918,2026-08-22,2026-08-22 08:51:40.29261,JOHOR,JOHOR BAHRU,PASAR AWAM LARKIN,Runcit,26,Sayur-Sayuran,03,001,BAYAM,F.A.Q,Kilogram,6,6,
30875919,2026-08-22,2026-08-22 08:51:40.29261,JOHOR,JOHOR BAHRU,PASAR AWAM LARKIN,Runcit,26,Sayur-Sayuran,03,001,BAYAM,F.A.Q,Kilogram,6,6,
30875920,2026-08-22,2026-08-22 08:51:40.29261,JOHOR,JOHOR BAHRU,PASAR AWAM LARKIN,Runcit,26,Sayur-Sayuran,03,001,BAYAM,F.A.Q,Kilogram,6,6,
30875921,2026-08-22,2026-08-22 08:51:40.29261,JOHOR,JOHOR BAHRU,PASAR AWAM LARKIN,Runcit,26,Sayur-Sayuran,02,002,CILI HIJAU,F.A.Q,Kilogram,15,13.18,
30875922,2026-08-22,2026-08-22 08:51:40.29261,JOHOR,JOHOR BAHRU,PASAR AWAM LARKIN,Runcit,26,Sayur-Sayuran,02,002,CILI HIJAU,F.A.Q,Kilogram,15,13.18,
30875923,2026-08-22,2026-08-22 08:51:40.29261,JOHOR,JOHOR BAHRU,PASAR AWAM LARKIN,Runcit,26,Sayur-Sayuran,02,002,CILI HIJAU,F.A.Q,Kilogram,15,13.18,
30875924,2026-08-22,2026-08-22 08:51:40.29261,JOHOR,JOHOR BAHRU,PASAR AWAM LARKIN,Runcit,26,Sayur-Sayuran,02,002,CILI MERAH KULAI / KULAI HIBRID,F.A.Q,Kilogram,18,18.791666,
30875925,2026-08-22,2026-08-22 08:51:40.29261,JOHOR,JOHOR BAHRU,PASAR AWAM LARKIN,Runcit,26,Sayur-Sayuran,02,002,CILI MERAH KULAI / KULAI HIBRID,F.A.Q,Kilogram,18,18.791666,
30875926,2026-08-22,2026-08-22 08:51:40.29261,JOHOR,JOHOR BAHRU,PASAR AWAM LARKIN,Runcit,26,Sayur-Sayuran,02,002,CILI MERAH KULAI / KULAI HIBRID,F.A.Q,Kilogram,18,18.791666,
30875927,2026-08-22,2026-08-22 08:51:40.29261,JOHOR,JOHOR BAHRU,PASAR AWAM LARKIN,Runcit,26,Sayur-Sayuran,03,009,DAUN BAWANG,F.A.Q,Kilogram,9,7,
30875928,2026-08-22,2026-08-22 08:51:40.29261,JOHOR,JOHOR BAHRU,PASAR AWAM LARKIN,Runcit,26,Sayur-Sayuran,03,009,DAUN BAWANG,F.A.Q,Kilogram,9,7,
30875929,2026-08-22,2026-08-22 08:51:40.29261,JOHOR,JOHOR BAHRU,PASAR AWAM LARKIN,Runcit,26,Sayur-Sayuran,03,009,DAUN BAWANG,F.A.Q,Kilogram,9,7,
30875930,2026-08-22,2026-08-22 08:51:40.29261,JOHOR,JOHOR BAHRU,PASAR AWAM LARKIN,Runcit,26,Sayur-Sayuran,03,015,DAUN SUP (TANAH TINGGI),F.A.Q,Kilogram,18,18.333334,
30875931,2026-08-22,2026-08-22 08:51:40.29261,JOHOR,JOHOR BAHRU,PASAR AWAM LARKIN,Runcit,26,Sayur-Sayuran,03,015,DAUN SUP (TANAH TINGGI),F.A.Q,Kilogram,19,18.333334,
30875932,2026-08-22,2026-08-22 08:51:40.29261,JOHOR,JOHOR BAHRU,PASAR AWAM LARKIN,Runcit,26,Sayur-Sayuran,03,015,DAUN SUP (TANAH TINGGI),F.A.Q,Kilogram,18,18.333334,
30875933,2026-08-22,2026-08-22 08:51:40.29261,JOHOR,JOHOR BAHRU,PASAR AWAM LARKIN,Runcit,26,Sayur-Sayuran,04,002,KACANG BENDI,F.A.Q,Kilogram,9,9,
30875934,2026-08-22,2026-08-22 08:51:40.29261,JOHOR,JOHOR BAHRU,PASAR AWAM LARKIN,Runcit,26,Sayur-Sayuran,04,002,KACANG BENDI,F.A.Q,Kilogram,9,9,
30875935,2026-08-22,2026-08-22 08:51:40.29261,JOHOR,JOHOR BAHRU,PASAR AWAM LARKIN,Runcit,26,Sayur-Sayuran,04,002,KACANG BENDI,F.A.Q,Kilogram,9,9,
30875936,2026-08-22,2026-08-22 08:51:40.29261,JOHOR,JOHOR BAHRU,PASAR AWAM LARKIN,Runcit,26,Sayur-Sayuran,04,003,KACANG BUNCIS,F.A.Q,Kilogram,12,12.166667,
30875937,2026-08-22,2026-08-22 08:51:40.29261,JOHOR,JOHOR BAHRU,PASAR AWAM LARKIN,Runcit,26,Sayur-Sayuran,04,003,KACANG BUNCIS,F.A.Q,Kilogram,12,12.166667,
30875938,2026-08-22,2026-08-22 08:51:40.29261,JOHOR,JOHOR BAHRU,PASAR AWAM LARKIN,Runcit,26,Sayur-Sayuran,04,003,KACANG BUNCIS,F.A.Q,Kilogram,12,12.166667,
30875939,2026-08-22,2026-08-22 08:51:40.29261,JOHOR,JOHOR BAHRU,PASAR AWAM LARKIN,Runcit,26,Sayur-Sayuran,04,007,KACANG PANJANG HIJAU,F.A.Q,Kilogram,8,7.9166665,
30875940,2026-08-22,2026-08-22 08:51:40.29261,JOHOR,JOHOR BAHRU,PASAR AWAM LARKIN,Runcit,26,Sayur-Sayuran,04,007,KACANG PANJANG HIJAU,F.A.Q,Kilogram,8,7.9166665,
30875941,2026-08-22,2026-08-22 08:51:40.29261,JOHOR,JOHOR BAHRU,PASAR AWAM LARKIN,Runcit,26,Sayur-Sayuran,04,007,KACANG PANJANG HIJAU,F.A.Q,Kilogram,8,7.9166665,
30875942,2026-08-22,2026-08-22 08:51:40.29261,JOHOR,JOHOR BAHRU,PASAR AWAM LARKIN,Runcit,26,Sayur-Sayuran,03,019,KANGKUNG,F.A.Q,Kilogram,6,6,
30875943,2026-08-22,2026-08-22 08:51:40.29261,JOHOR,JOHOR BAHRU,PASAR AWAM LARKIN,Runcit,26,Sayur-Sayuran,03,019,KANGKUNG,F.A.Q,Kilogram,6,6,
30875944,2026-08-22,2026-08-22 08:51:40.29261,JOHOR,JOHOR BAHRU,PASAR AWAM LARKIN,Runcit,26,Sayur-Sayuran,03,019,KANGKUNG,F.A.Q,Kilogram,6,6,
30875945,2026-08-22,2026-08-22 08:51:40.29261,JOHOR,JOHOR BAHRU,PASAR AWAM LARKIN,Runcit,26,Sayur-Sayuran,03,006,KUBIS BULAT (CHINA),F.A.Q,Kilogram,4,4,
30875946,2026-08-22,2026-08-22 08:51:40.29261,JOHOR,JOHOR BAHRU,PASAR AWAM LARKIN,Runcit,26,Sayur-Sayuran,03,006,KUBIS BULAT (CHINA),F.A.Q,Kilogram,4,4,
30875947,2026-08-22,2026-08-22 08:51:40.29261,JOHOR,JOHOR BAHRU,PASAR AWAM LARKIN,Runcit,26,Sayur-Sayuran,03,006,KUBIS BULAT (CHINA),F.A.Q,Kilogram,4,4,
30875948,2026-08-22,2026-08-22 08:51:40.29261,JOHOR,JOHOR BAHRU,PASAR AWAM LARKIN,Runcit,26,Sayur-Sayuran,03,006,KUBIS BULAT (INDONESIA),F.A.Q,Kilogram,4,4,
30875949,2026-08-22,2026-08-22 08:51:40.29261,JOHOR,JOHOR BAHRU,PASAR AWAM LARKIN,Runcit,26,Sayur-Sayuran,03,006,KUBIS BULAT (INDONESIA),F.A.Q,Kilogram,4,4,
30875950,2026-08-22,2026-08-22 08:51:40.29261,JOHOR,JOHOR BAHRU,PASAR AWAM LARKIN,Runcit,26,Sayur-Sayuran,03,006,KUBIS BULAT (INDONESIA),F.A.Q,Kilogram,4,4,
30875951,2026-08-22,2026-08-22 08:51:40.29261,JOHOR,JOHOR BAHRU,PASAR AWAM LARKIN,Runcit,26,Sayur-Sayuran,03,006,KUBIS BULAT (TANAH TINGGI),F.A.Q,Kilogram,6,6,
30875952,2026-08-22,2026-08-22 08:51:40.29261,JOHOR,JOHOR BAHRU,PASAR AWAM LARKIN,Runcit,26,Sayur-Sayuran,03,006,KUBIS BULAT (TANAH TINGGI),F.A.Q,Kilogram,6,6,
30875953,2026-08-22,2026-08-22 08:51:40.29261,JOHOR,JOHOR BAHRU,PASAR AWAM LARKIN,Runcit,26,Sayur-Sayuran,03,006,KUBIS BULAT (TANAH TINGGI),F.A.Q,Kilogram,6,6,
30875954,2026-08-22,2026-08-22 08:51:40.29261,JOHOR,JOHOR BAHRU,PASAR AWAM LARKIN,Runcit,26,Sayur-Sayuran,03,007,SAWI HIJAU,F.A.Q,Kilogram,6,6,
30875955,2026-08-22,2026-08-22 08:51:40.29261,JOHOR,JOHOR BAHRU,PASAR AWAM LARKIN,Runcit,26,Sayur-Sayuran,03,007,SAWI HIJAU,F.A.Q,Kilogram,6,6,
30875956,2026-08-22,2026-08-22 08:51:40.29261,JOHOR,JOHOR BAHRU,PASAR AWAM LARKIN,Runcit,26,Sayur-Sayuran,03,007,SAWI HIJAU,F.A.Q,Kilogram,6,6,
30875957,2026-08-22,2026-08-22 08:51:40.29261,JOHOR,JOHOR BAHRU,PASAR AWAM LARKIN,Runcit,26,Sayur-Sayuran,03,007,SAWI HIJAU TANAH TINGGI,F.A.Q,Kilogram,5,5,
30875958,2026-08-22,2026-08-22 08:51:40.29261,JOHOR,JOHOR BAHRU,PASAR AWAM LARKIN,Runcit,26,Sayur-Sayuran,03,007,SAWI HIJAU TANAH TINGGI,F.A.Q,Kilogram,5,5,
30875959,2026-08-22,2026-08-22 08:51:40.29261,JOHOR,JOHOR BAHRU,PASAR AWAM LARKIN,Runcit,26,Sayur-Sayuran,03,007,SAWI HIJAU TANAH TINGGI,F.A.Q,Kilogram,5,5,
30875960,2026-08-22,2026-08-22 08:51:40.29261,JOHOR,JOHOR BAHRU,PASAR AWAM LARKIN,Runcit,26,Sayur-Sayuran,02,010,TERUNG PANJANG / PEPARU (TANAH RENDAH),F.A.Q,Kilogram,11,10.4,
30875961,2026-08-22,2026-08-22 08:51:40.29261,JOHOR,JOHOR BAHRU,PASAR AWAM LARKIN,Runcit,26,Sayur-Sayuran,02,010,TERUNG PANJANG / PEPARU (TANAH RENDAH),F.A.Q,Kilogram,11,10.4,
30875962,2026-08-22,2026-08-22 08:51:40.29261,JOHOR,JOHOR BAHRU,PASAR AWAM LARKIN,Runcit,26,Sayur-Sayuran,02,010,TERUNG PANJANG / PEPARU (TANAH RENDAH),F.A.Q,Kilogram,11,10.4,
30875963,2026-08-22,2026-08-22 08:51:40.29261,JOHOR,JOHOR BAHRU,PASAR AWAM LARKIN,Runcit,26,Sayur-Sayuran,02,011,TIMUN HIJAU,F.A.Q,Kilogram,3.5,4,
30875964,2026-08-22,2026-08-22 08:51:40.29261,JOHOR,JOHOR BAHRU,PASAR AWAM LARKIN,Runcit,26,Sayur-Sayuran,02,011,TIMUN HIJAU,F.A.Q,Kilogram,4,4,
30875965,2026-08-22,2026-08-22 08:51:40.29261,JOHOR,JOHOR BAHRU,PASAR AWAM LARKIN,Runcit,26,Sayur-Sayuran,02,011,TIMUN HIJAU,F.A.Q,Kilogram,4,4,
30875966,2026-08-22,2026-08-22 08:51:40.29261,JOHOR,JOHOR BAHRU,PASAR AWAM LARKIN,Runcit,26,Sayur-Sayuran,02,012,TOMATO (TANAH TINGGI),F.A.Q,Kilogram,8,8,
30875967,2026-08-22,2026-08-22 08:51:40.29261,JOHOR,JOHOR BAHRU,PASAR AWAM LARKIN,Runcit,26,Sayur-Sayuran,02,012,TOMATO (TANAH TINGGI),F.A.Q,Kilogram,8,8,
30875968,2026-08-22,2026-08-22 08:51:40.29261,JOHOR,JOHOR BAHRU,PASAR AWAM LARKIN,Runcit,26,Sayur-Sayuran,02,012,TOMATO (TANAH TINGGI),F.A.Q,Kilogram,8,8,
30875969,2026-08-22,2026-08-22 08:52:38.371948,SELANGOR,PETALING,"KOMPLEKS PASAR BORONG SELANGOR, SERI KEMBANGAN",Runcit,26,Buah-Buahan,02,005,BETIK SEKAKI,F.A.Q,Kilogram,5.5,4.98,
30875970,2026-08-22,2026-08-22 08:52:38.371948,SELANGOR,PETALING,"KOMPLEKS PASAR BORONG SELANGOR, SERI KEMBANGAN",Runcit,26,Buah-Buahan,02,023,NANAS JOSAPINE (AC5),F.A.Q,Kilogram,4,4.52,
30875971,2026-08-22,2026-08-22 08:52:38.371948,SELANGOR,PETALING,"KOMPLEKS PASAR BORONG SELANGOR, SERI KEMBANGAN",Runcit,26,Buah-Buahan,02,028,PISANG BERANGAN,F.A.Q,Kilogram,5.5,5.88,
30875972,2026-08-22,2026-08-22 08:52:38.371948,SELANGOR,PETALING,"KOMPLEKS PASAR BORONG SELANGOR, SERI KEMBANGAN",Runcit,26,Buah-Buahan,02,028,PISANG MAS,F.A.Q,Kilogram,5,5.43,
30875973,2026-08-22,2026-08-22 08:52:38.371948,SELANGOR,PETALING,"KOMPLEKS PASAR BORONG SELANGOR, SERI KEMBANGAN",Runcit,26,Buah-Buahan,02,034,TEMBIKAI MERAH TANPA BIJI,F.A.Q,Kilogram,3.5,3.49,
30875974,2026-08-22,2026-08-22 08:53:09.699828,PULAU PINANG,SEBERANG PERAI TENGAH,PASAR AWAM SEBERANG JAYA,Runcit,26,Buah-Buahan,02,005,BETIK SEKAKI,F.A.Q,Kilogram,7,6.25,
30875975,2026-08-22,2026-08-22 08:53:09.699828,PULAU PINANG,SEBERANG PERAI TENGAH,PASAR AWAM SEBERANG JAYA,Runcit,26,Buah-Buahan,02,005,BETIK SEKAKI,F.A.Q,Kilogram,5,6.25,
30875976,2026-08-22,2026-08-22 08:53:09.699828,PULAU PINANG,SEBERANG PERAI TENGAH,PASAR AWAM SEBERANG JAYA,Runcit,26,Buah-Buahan,02,023,NANAS JOSAPINE (AC5),F.A.Q,Kilogram,5,5,
30875977,2026-08-22,2026-08-22 08:53:09.699828,PULAU PINANG,SEBERANG PERAI TENGAH,PASAR AWAM SEBERANG JAYA,Runcit,26,Buah-Buahan,02,023,NANAS JOSAPINE (AC5),F.A.Q,Kilogram,4,5,
30875978,2026-08-22,2026-08-22 08:53:09.699828,PULAU PINANG,SEBERANG PERAI TENGAH,PASAR AWAM SEBERANG JAYA,Runcit,26,Buah-Buahan,02,028,PISANG BERANGAN,F.A.Q,Kilogram,7,7.2619047,
30875979,2026-08-22,2026-08-22 08:53:09.699828,PULAU PINANG,SEBERANG PERAI TENGAH,PASAR AWAM SEBERANG JAYA,Runcit,26,Buah-Buahan,02,028,PISANG MAS,F.A.Q,Kilogram,7,7.269231,
30875980,2026-08-22,2026-08-22 08:53:09.699828,PULAU PINANG,SEBERANG PERAI TENGAH,PASAR AWAM SEBERANG JAYA,Runcit,26,Buah-Buahan,02,034,TEMBIKAI MERAH TANPA BIJI,F.A.Q,Kilogram,4,4.1477275,
30875981,2026-08-22,2026-08-22 08:53:09.699828,PULAU PINANG,SEBERANG PERAI TENGAH,PASAR AWAM SEBERANG JAYA,Runcit,26,Buah-Buahan,02,034,TEMBIKAI MERAH TANPA BIJI,F.A.Q,Kilogram,3.5,4.1477275,
30875982,2026-08-22,2026-08-22 08:53:27.1729,SELANGOR,PETALING,"KOMPLEKS PASAR BORONG SELANGOR, SERI KEMBANGAN",Borong,20,Buah-Buahan,02,005,BETIK SEKAKI,F.A.Q,Kilogram,4.5,3.33,
30875983,2026-08-22,2026-08-22 08:53:27.1729,SELANGOR,PETALING,"KOMPLEKS PASAR BORONG SELANGOR, SERI KEMBANGAN",Borong,20,Buah-Buahan,02,023,NANAS JOSAPINE (AC5),F.A.Q,Kilogram,3,3.5,
30875984,2026-08-22,2026-08-22 08:53:27.1729,SELANGOR,PETALING,"KOMPLEKS PASAR BORONG SELANGOR, SERI KEMBANGAN",Borong,20,Buah-Buahan,02,028,PISANG BERANGAN,F.A.Q,Kilogram,4.5,3.93,
30875985,2026-08-22,2026-08-22 08:53:27.1729,SELANGOR,PETALING,"KOMPLEKS PASAR BORONG SELANGOR, SERI KEMBANGAN",Borong,20,Buah-Buahan,02,028,PISANG MAS,F.A.Q,Kilogram,4,3.81,
30875986,2026-08-22,2026-08-22 08:53:27.1729,SELANGOR,PETALING,"KOMPLEKS PASAR BORONG SELANGOR, SERI KEMBANGAN",Borong,20,Buah-Buahan,02,034,TEMBIKAI MERAH TANPA BIJI,F.A.Q,Kilogram,2.5,3.55,
30875987,2026-08-22,2026-08-22 08:53:37.151621,JOHOR,JOHOR BAHRU,PASAR AWAM LARKIN,Runcit,26,Buah-Buahan,02,005,BETIK SEKAKI,F.A.Q,Kilogram,6.5,6.25,
30875988,2026-08-22,2026-08-22 08:53:37.151621,JOHOR,JOHOR BAHRU,PASAR AWAM LARKIN,Runcit,26,Buah-Buahan,02,005,BETIK SEKAKI,F.A.Q,Kilogram,6,6.25,
30875989,2026-08-22,2026-08-22 08:53:37.151621,JOHOR,JOHOR BAHRU,PASAR AWAM LARKIN,Runcit,26,Buah-Buahan,02,023,NANAS JOSAPINE (AC5),F.A.Q,Kilogram,6.5,6.5,
30875990,2026-08-22,2026-08-22 08:53:37.151621,JOHOR,JOHOR BAHRU,PASAR AWAM LARKIN,Runcit,26,Buah-Buahan,02,023,NANAS JOSAPINE (AC5),F.A.Q,Kilogram,6.5,6.5,
30875991,2026-08-22,2026-08-22 08:53:37.151621,JOHOR,JOHOR BAHRU,PASAR AWAM LARKIN,Runcit,26,Buah-Buahan,02,028,PISANG BERANGAN,F.A.Q,Kilogram,6.5,6.5,
30875992,2026-08-22,2026-08-22 08:53:37.151621,JOHOR,JOHOR BAHRU,PASAR AWAM LARKIN,Runcit,26,Buah-Buahan,02,028,PISANG BERANGAN,F.A.Q,Kilogram,6.5,6.5,
30875993,2026-08-22,2026-08-22 08:53:37.151621,JOHOR,JOHOR BAHRU,PASAR AWAM LARKIN,Runcit,26,Buah-Buahan,02,028,PISANG MAS,F.A.Q,Kilogram,7,7,
30875994,2026-08-22,2026-08-22 08:53:37.151621,JOHOR,JOHOR BAHRU,PASAR AWAM LARKIN,Runcit,26,Buah-Buahan,02,028,PISANG MAS,F.A.Q,Kilogram,7,7,
30875995,2026-08-22,2026-08-22 08:53:37.151621,JOHOR,JOHOR BAHRU,PASAR AWAM LARKIN,Runcit,26,Buah-Buahan,02,034,TEMBIKAI MERAH TANPA BIJI,F.A.Q,Kilogram,3,3,
30875996,2026-08-22,2026-08-22 08:53:37.151621,JOHOR,JOHOR BAHRU,PASAR AWAM LARKIN,Runcit,26,Buah-Buahan,02,034,TEMBIKAI MERAH TANPA BIJI,F.A.Q,Kilogram,3,3,
30875997,2026-08-22,2026-08-22 08:54:26.894355,SELANGOR,PETALING,"KOMPLEKS PASAR BORONG SELANGOR, SERI KEMBANGAN",Runcit,26,Buah-Buahan,02,005,BETIK SEKAKI,F.A.Q,Kilogram,5.5,4.98,
30875998,2026-08-22,2026-08-22 08:54:26.894355,SELANGOR,PETALING,"KOMPLEKS PASAR BORONG SELANGOR, SERI KEMBANGAN",Runcit,26,Buah-Buahan,02,023,NANAS JOSAPINE (AC5),F.A.Q,Kilogram,4,4.52,
30875999,2026-08-22,2026-08-22 08:54:26.894355,SELANGOR,PETALING,"KOMPLEKS PASAR BORONG SELANGOR, SERI KEMBANGAN",Runcit,26,Buah-Buahan,02,028,PISANG BERANGAN,F.A.Q,Kilogram,5.5,5.88,
30876000,2026-08-22,2026-08-22 08:54:26.894355,SELANGOR,PETALING,"KOMPLEKS PASAR BORONG SELANGOR, SERI KEMBANGAN",Runcit,26,Buah-Buahan,02,028,PISANG MAS,F.A.Q,Kilogram,5,5.43,
30876001,2026-08-22,2026-08-22 08:54:26.894355,SELANGOR,PETALING,"KOMPLEKS PASAR BORONG SELANGOR, SERI KEMBANGAN",Runcit,26,Buah-Buahan,02,034,TEMBIKAI MERAH TANPA BIJI,F.A.Q,Kilogram,3.5,3.49,
30876002,2026-08-22,2026-08-22 08:54:31.843994,JOHOR,JOHOR BAHRU,PASAR AWAM LARKIN,Runcit,26,Sayur-Sayuran,05,001,BAWANG BESAR KUNING / HOLLAND,F.A.Q,Kilogram,7,7,
30876003,2026-08-22,2026-08-22 08:54:31.843994,JOHOR,JOHOR BAHRU,PASAR AWAM LARKIN,Runcit,26,Sayur-Sayuran,05,001,BAWANG BESAR MERAH (INDIA),F.A.Q,Kilogram,6,6,
30876004,2026-08-22,2026-08-22 08:54:31.843994,JOHOR,JOHOR BAHRU,PASAR AWAM LARKIN,Runcit,26,Sayur-Sayuran,05,001,BAWANG MERAH / KECIL (THAI),F.A.Q,Kilogram,18,18,
30876005,2026-08-22,2026-08-22 08:54:31.843994,JOHOR,JOHOR BAHRU,PASAR AWAM LARKIN,Runcit,26,Sayur-Sayuran,05,001,BAWANG MERAH ROSE,F.A.Q,Kilogram,14,14,
30876006,2026-08-22,2026-08-22 08:54:31.843994,JOHOR,JOHOR BAHRU,PASAR AWAM LARKIN,Runcit,26,Sayur-Sayuran,05,001,BAWANG PUTIH (CHINA),F.A.Q,Kilogram,15,15,
30876007,2026-08-22,2026-08-22 08:54:31.843994,JOHOR,JOHOR BAHRU,PASAR AWAM LARKIN,Runcit,26,Sayur-Sayuran,05,009,UBI KENTANG HOLLAND,F.A.Q,Kilogram,5,5,
30876008,2026-08-22,2026-08-22 08:55:10.484194,SELANGOR,PETALING,"KOMPLEKS PASAR BORONG SELANGOR, SERI KEMBANGAN",Borong,20,Buah-Buahan,02,005,BETIK SEKAKI,F.A.Q,Kilogram,4.5,3.33,
30876009,2026-08-22,2026-08-22 08:55:10.484194,SELANGOR,PETALING,"KOMPLEKS PASAR BORONG SELANGOR, SERI KEMBANGAN",Borong,20,Buah-Buahan,02,023,NANAS JOSAPINE (AC5),F.A.Q,Kilogram,3,3.19,
30876010,2026-08-22,2026-08-22 08:55:10.484194,SELANGOR,PETALING,"KOMPLEKS PASAR BORONG SELANGOR, SERI KEMBANGAN",Borong,20,Buah-Buahan,02,028,PISANG BERANGAN,F.A.Q,Kilogram,4.5,3.99,
30876011,2026-08-22,2026-08-22 08:55:10.484194,SELANGOR,PETALING,"KOMPLEKS PASAR BORONG SELANGOR, SERI KEMBANGAN",Borong,20,Buah-Buahan,02,028,PISANG MAS,F.A.Q,Kilogram,4,3.81,
30876012,2026-08-22,2026-08-22 08:55:10.484194,SELANGOR,PETALING,"KOMPLEKS PASAR BORONG SELANGOR, SERI KEMBANGAN",Borong,20,Buah-Buahan,02,034,TEMBIKAI MERAH TANPA BIJI,F.A.Q,Kilogram,2.5,2.23,
30876013,2026-08-22,2026-08-22 08:55:16.930498,JOHOR,JOHOR BAHRU,PASAR AWAM LARKIN,Runcit,26,Ternakan,03,002,AYAM PROSES STANDARD,F.A.Q,Kilogram,10,10.176471,
30876014,2026-08-22,2026-08-22 08:55:16.930498,JOHOR,JOHOR BAHRU,PASAR AWAM LARKIN,Runcit,26,Ternakan,03,002,AYAM PROSES STANDARD,F.A.Q,Kilogram,11,10.176471,
30876015,2026-08-22,2026-08-22 08:55:16.930498,JOHOR,JOHOR BAHRU,PASAR AWAM LARKIN,Runcit,26,Ternakan,03,002,AYAM PROSES STANDARD,F.A.Q,Kilogram,10,10.176471,
30876016,2026-08-22,2026-08-22 08:55:18.278528,PULAU PINANG,SEBERANG PERAI TENGAH,PASAR AWAM SEBERANG JAYA,Runcit,26,Sayur-Sayuran,03,001,BAYAM,F.A.Q,Kilogram,5,5.16,
30876017,2026-08-22,2026-08-22 08:55:18.278528,PULAU PINANG,SEBERANG PERAI TENGAH,PASAR AWAM SEBERANG JAYA,Runcit,26,Sayur-Sayuran,02,002,CILI HIJAU,F.A.Q,Kilogram,15,14.142858,
30876018,2026-08-22,2026-08-22 08:55:18.278528,PULAU PINANG,SEBERANG PERAI TENGAH,PASAR AWAM SEBERANG JAYA,Runcit,26,Sayur-Sayuran,02,002,CILI MERAH KULAI / KULAI HIBRID,F.A.Q,Kilogram,20,19.095238,
30876019,2026-08-22,2026-08-22 08:55:18.278528,PULAU PINANG,SEBERANG PERAI TENGAH,PASAR AWAM SEBERANG JAYA,Runcit,26,Sayur-Sayuran,02,002,CILI MERAH KULAI / KULAI HIBRID,F.A.Q,Kilogram,16,19.095238,
30876020,2026-08-22,2026-08-22 08:55:18.278528,PULAU PINANG,SEBERANG PERAI TENGAH,PASAR AWAM SEBERANG JAYA,Runcit,26,Sayur-Sayuran,02,002,CILI MERAH MINYAK,F.A.Q,Kilogram,14,15,
30876021,2026-08-22,2026-08-22 08:55:18.278528,PULAU PINANG,SEBERANG PERAI TENGAH,PASAR AWAM SEBERANG JAYA,Runcit,26,Sayur-Sayuran,03,009,DAUN BAWANG,F.A.Q,Kilogram,8,9.428572,
30876022,2026-08-22,2026-08-22 08:55:18.278528,PULAU PINANG,SEBERANG PERAI TENGAH,PASAR AWAM SEBERANG JAYA,Runcit,26,Sayur-Sayuran,03,015,DAUN SUP (TANAH TINGGI),F.A.Q,Kilogram,16,19.714285,
30876023,2026-08-22,2026-08-22 08:55:18.278528,PULAU PINANG,SEBERANG PERAI TENGAH,PASAR AWAM SEBERANG JAYA,Runcit,26,Sayur-Sayuran,04,002,KACANG BENDI,F.A.Q,Kilogram,12,10,
30876024,2026-08-22,2026-08-22 08:55:18.278528,PULAU PINANG,SEBERANG PERAI TENGAH,PASAR AWAM SEBERANG JAYA,Runcit,26,Sayur-Sayuran,04,003,KACANG BUNCIS,F.A.Q,Kilogram,10,14.5,
30876025,2026-08-22,2026-08-22 08:55:18.278528,PULAU PINANG,SEBERANG PERAI TENGAH,PASAR AWAM SEBERANG JAYA,Runcit,26,Sayur-Sayuran,04,007,KACANG PANJANG HIJAU,F.A.Q,Kilogram,10,8.708333,
30876026,2026-08-22,2026-08-22 08:55:18.278528,PULAU PINANG,SEBERANG PERAI TENGAH,PASAR AWAM SEBERANG JAYA,Runcit,26,Sayur-Sayuran,03,019,KANGKUNG,F.A.Q,Kilogram,5,5.214286,
30876027,2026-08-22,2026-08-22 08:55:18.278528,PULAU PINANG,SEBERANG PERAI TENGAH,PASAR AWAM SEBERANG JAYA,Runcit,26,Sayur-Sayuran,03,006,KUBIS BULAT (CHINA),F.A.Q,Kilogram,4.5,4.571429,
30876028,2026-08-22,2026-08-22 08:55:18.278528,PULAU PINANG,SEBERANG PERAI TENGAH,PASAR AWAM SEBERANG JAYA,Runcit,26,Sayur-Sayuran,03,006,KUBIS BULAT (INDONESIA),F.A.Q,Kilogram,4.5,4.6538463,
30876029,2026-08-22,2026-08-22 08:55:18.278528,PULAU PINANG,SEBERANG PERAI TENGAH,PASAR AWAM SEBERANG JAYA,Runcit,26,Sayur-Sayuran,03,006,KUBIS BULAT (TANAH TINGGI),F.A.Q,Kilogram,6,6.4,
30876030,2026-08-22,2026-08-22 08:55:18.278528,PULAU PINANG,SEBERANG PERAI TENGAH,PASAR AWAM SEBERANG JAYA,Runcit,26,Sayur-Sayuran,03,007,SAWI HIJAU,F.A.Q,Kilogram,5,5,
30876031,2026-08-22,2026-08-22 08:55:18.278528,PULAU PINANG,SEBERANG PERAI TENGAH,PASAR AWAM SEBERANG JAYA,Runcit,26,Sayur-Sayuran,03,007,SAWI HIJAU TANAH TINGGI,F.A.Q,Kilogram,6,7.4615383,
30876032,2026-08-22,2026-08-22 08:55:18.278528,PULAU PINANG,SEBERANG PERAI TENGAH,PASAR AWAM SEBERANG JAYA,Runcit,26,Sayur-Sayuran,02,010,TERUNG PANJANG / PEPARU (TANAH RENDAH),F.A.Q,Kilogram,12,11.5,
30876033,2026-08-22,2026-08-22 08:55:18.278528,PULAU PINANG,SEBERANG PERAI TENGAH,PASAR AWAM SEBERANG JAYA,Runcit,26,Sayur-Sayuran,02,011,TIMUN HIJAU,F.A.Q,Kilogram,5,4.75,
30876034,2026-08-22,2026-08-22 08:55:18.278528,PULAU PINANG,SEBERANG PERAI TENGAH,PASAR AWAM SEBERANG JAYA,Runcit,26,Sayur-Sayuran,02,011,TIMUN HIJAU (IMPORT),F.A.Q,Kilogram,5,5.25,
30876035,2026-08-22,2026-08-22 08:55:18.278528,PULAU PINANG,SEBERANG PERAI TENGAH,PASAR AWAM SEBERANG JAYA,Runcit,26,Sayur-Sayuran,02,012,TOMATO (TANAH TINGGI),F.A.Q,Kilogram,9,5.71,
30876036,2026-08-22,2026-08-22 08:55:18.278528,PULAU PINANG,SEBERANG PERAI TENGAH,PASAR AWAM SEBERANG JAYA,Runcit,26,Sayur-Sayuran,02,012,TOMATO IMPORT,F.A.Q,Kilogram,8,6.17,
30876037,2026-08-22,2026-08-22 08:55:18.278528,PULAU PINANG,SEBERANG PERAI TENGAH,PASAR AWAM SEBERANG JAYA,Runcit,26,Sayur-Sayuran,05,009,UBI KENTANG (IMPORT),F.A.Q,Kilogram,4,4,
30876038,2026-08-22,2026-08-22 08:55:27.378323,SELANGOR,PETALING,"KOMPLEKS PASAR BORONG SELANGOR, SERI KEMBANGAN",Runcit,26,Ternakan,03,002,AYAM PROSES STANDARD,F.A.Q,Kilogram,10.5,10.09,
30876039,2026-08-22,2026-08-22 08:55:40.752117,JOHOR,JOHOR BAHRU,PASAR AWAM LARKIN,Runcit,26,Ternakan,01,003,AYAM HIDUP,F.A.Q,Kilogram,6.5,6.5,
30876040,2026-08-22,2026-08-22 08:55:46.917989,SELANGOR,PETALING,"KOMPLEKS PASAR BORONG SELANGOR, SERI KEMBANGAN",Borong,20,Ternakan,03,002,AYAM PROSES STANDARD,F.A.Q,Kilogram,9.1,8.42,
30876041,2026-08-22,2026-08-22 08:55:58.22885,PULAU PINANG,SEBERANG PERAI TENGAH,PASAR AWAM SEBERANG JAYA,Runcit,26,Ternakan,03,002,AYAM PROSES STANDARD,F.A.Q,Kilogram,11.2,11.2,
30876042,2026-08-22,2026-08-22 08:55:58.22885,PULAU PINANG,SEBERANG PERAI TENGAH,PASAR AWAM SEBERANG JAYA,Runcit,26,Ternakan,02,003,DAGING LEMBU PEJAL,F.A.Q,Kilogram,39,38,
30876043,2026-08-22,2026-08-22 08:55:58.22885,PULAU PINANG,SEBERANG PERAI TENGAH,PASAR AWAM SEBERANG JAYA,Runcit,26,Ternakan,02,003,DAGING LEMBU PEJAL,F.A.Q,Kilogram,37,38,
30876044,2026-08-22,2026-08-22 08:55:58.22885,PULAU PINANG,SEBERANG PERAI TENGAH,PASAR AWAM SEBERANG JAYA,Runcit,26,Ternakan,11,001,TELUR AYAM,A,Biji,0.55,0.52666664,
30876045,2026-08-22,2026-08-22 08:55:58.22885,PULAU PINANG,SEBERANG PERAI TENGAH,PASAR AWAM SEBERANG JAYA,Runcit,26,Ternakan,11,001,TELUR AYAM,B,Biji,0.52,0.48833334,
30876046,2026-08-22,2026-08-22 08:55:58.22885,PULAU PINANG,SEBERANG PERAI TENGAH,PASAR AWAM SEBERANG JAYA,Runcit,26,Ternakan,11,001,TELUR AYAM,C,Biji,0.5,0.4525,
30876047,2026-08-22,2026-08-22 08:56:14.375263,JOHOR,JOHOR BAHRU,PASAR AWAM LARKIN,Runcit,26,Tanaman Kontan,05,001,KELAPA DIKUPAS,SEDANG,Biji,4,4,
30876048,2026-08-22,2026-08-22 08:56:14.375263,JOHOR,JOHOR BAHRU,PASAR AWAM LARKIN,Runcit,26,Tanaman Kontan,05,001,KELAPA DIKUPAS,SEDANG,Biji,4,4,
30876049,2026-08-22,2026-08-22 08:56:32.661747,JOHOR,JOHOR BAHRU,PASAR AWAM LARKIN,Runcit,26,Lain-Lain Makanan Proses,15,001,SANTAN PEKAT,F.A.Q,Kilogram,15,15,
30876050,2026-08-22,2026-08-22 08:56:32.661747,JOHOR,JOHOR BAHRU,PASAR AWAM LARKIN,Runcit,26,Lain-Lain Makanan Proses,15,001,SANTAN PEKAT,F.A.Q,Kilogram,15,15,
30876051,2026-08-22,2026-08-22 08:56:46.744093,SELANGOR,PETALING,"KOMPLEKS PASAR BORONG SELANGOR, SERI KEMBANGAN",Runcit,26,Ternakan,11,001,TELUR AYAM,A,Biji,0.44,0.47,
30876052,2026-08-22,2026-08-22 08:56:46.744093,SELANGOR,PETALING,"KOMPLEKS PASAR BORONG SELANGOR, SERI KEMBANGAN",Runcit,26,Ternakan,11,001,TELUR AYAM,B,Biji,0.42,0.45,
30876053,2026-08-22,2026-08-22 08:56:46.744093,SELANGOR,PETALING,"KOMPLEKS PASAR BORONG SELANGOR, SERI KEMBANGAN",Runcit,26,Ternakan,11,001,TELUR AYAM,C,Biji,0.4,0.43,
30876054,2026-08-22,2026-08-22 08:56:54.398886,JOHOR,JOHOR BAHRU,PASAR AWAM LARKIN,Runcit,26,Ternakan,02,003,DAGING LEMBU PEJAL,F.A.Q,Kilogram,46,46,
30876055,2026-08-22,2026-08-22 08:57:16.508229,SELANGOR,PETALING,"KOMPLEKS PASAR BORONG SELANGOR, SERI KEMBANGAN",Borong,20,Ternakan,11,001,TELUR AYAM,A,Biji,0.42,0.45,
30876056,2026-08-22,2026-08-22 08:57:16.508229,SELANGOR,PETALING,"KOMPLEKS PASAR BORONG SELANGOR, SERI KEMBANGAN",Borong,20,Ternakan,11,001,TELUR AYAM,B,Biji,0.4,0.43,
30876057,2026-08-22,2026-08-22 08:57:16.508229,SELANGOR,PETALING,"KOMPLEKS PASAR BORONG SELANGOR, SERI KEMBANGAN",Borong,20,Ternakan,11,001,TELUR AYAM,C,Biji,0.38,0.41,
30876058,2026-08-22,2026-08-22 08:58:02.223178,SELANGOR,PETALING,"KOMPLEKS PASAR BORONG SELANGOR, SERI KEMBANGAN",Runcit,26,Tanaman Kontan,05,001,KELAPA DIKUPAS,SEDANG,Biji,3,3.43,
30876059,2026-08-22,2026-08-22 08:58:02.223178,SELANGOR,PETALING,"KOMPLEKS PASAR BORONG SELANGOR, SERI KEMBANGAN",Runcit,26,Lain-Lain Makanan Proses,15,001,SANTAN PEKAT,F.A.Q,Kilogram,12,15.22,
30876060,2026-08-22,2026-08-22 08:58:36.158185,SELANGOR,PETALING,"KOMPLEKS PASAR BORONG SELANGOR, SERI KEMBANGAN",Runcit,26,Tanaman Kontan,05,001,KELAPA PARUT,F.A.Q,Kilogram,12,10,
30876061,2026-08-22,2026-08-22 08:58:36.158185,SELANGOR,PETALING,"KOMPLEKS PASAR BORONG SELANGOR, SERI KEMBANGAN",Runcit,26,Lain-Lain Makanan Proses,15,001,SANTAN BIASA,F.A.Q,Kilogram,4,7,
30876062,2026-08-22,2026-08-22 08:58:57.940134,SELANGOR,PETALING,"KOMPLEKS PASAR BORONG SELANGOR, SERI KEMBANGAN",Borong,20,Tanaman Kontan,05,001,KELAPA DIKUPAS,SEDANG,Biji,2.5,2.34,
30876063,2026-08-22,2026-08-22 08:59:33.944941,SELANGOR,PETALING,"KOMPLEKS PASAR BORONG SELANGOR, SERI KEMBANGAN",Runcit,26,Tanaman Kontan,05,001,KELAPA DIKUPAS,SEDANG,Biji,3,3.43,
30876064,2026-08-22,2026-08-22 08:59:33.944941,SELANGOR,PETALING,"KOMPLEKS PASAR BORONG SELANGOR, SERI KEMBANGAN",Runcit,26,Lain-Lain Makanan Proses,15,001,SANTAN PEKAT,F.A.Q,Kilogram,12,15.22,
30876065,2026-08-22,2026-08-22 09:00:04.721871,SELANGOR,PETALING,"KOMPLEKS PASAR BORONG SELANGOR, SERI KEMBANGAN",Runcit,26,Tanaman Kontan,05,001,KELAPA PARUT,F.A.Q,Kilogram,10,10,
30876066,2026-08-22,2026-08-22 09:00:04.721871,SELANGOR,PETALING,"KOMPLEKS PASAR BORONG SELANGOR, SERI KEMBANGAN",Runcit,26,Lain-Lain Makanan Proses,15,001,SANTAN BIASA,F.A.Q,Kilogram,4,7,
30876067,2026-08-22,2026-08-22 09:00:21.559937,SELANGOR,PETALING,"KOMPLEKS PASAR BORONG SELANGOR, SERI KEMBANGAN",Runcit,26,Ternakan,02,003,DAGING LEMBU PEJAL,F.A.Q,Kilogram,39,35.01,
30876068,2026-08-22,2026-08-22 09:00:34.139994,SELANGOR,PETALING,"KOMPLEKS PASAR BORONG SELANGOR, SERI KEMBANGAN",Runcit,26,Ternakan,03,002,AYAM PROSES STANDARD,F.A.Q,Kilogram,10.5,10.09,
30876069,2026-08-22,2026-08-22 09:00:46.009171,SELANGOR,PETALING,"KOMPLEKS PASAR BORONG SELANGOR, SERI KEMBANGAN",Borong,20,Ternakan,03,002,AYAM PROSES STANDARD,F.A.Q,Kilogram,9.1,8.42,
30876070,2026-08-22,2026-08-22 09:01:08.622238,MELAKA,MELAKA TENGAH,PASAR BESAR MBMB,Runcit,26,Ternakan,03,002,AYAM PROSES STANDARD,F.A.Q,Kilogram,10,10,
30876071,2026-08-22,2026-08-22 09:01:08.622238,MELAKA,MELAKA TENGAH,PASAR BESAR MBMB,Runcit,26,Ternakan,03,002,AYAM PROSES STANDARD,F.A.Q,Kilogram,10,10,
30876072,2026-08-22,2026-08-22 09:01:08.622238,MELAKA,MELAKA TENGAH,PASAR BESAR MBMB,Runcit,26,Ternakan,03,002,AYAM PROSES STANDARD,F.A.Q,Kilogram,10,10,
30876073,2026-08-22,2026-08-22 09:01:08.622238,MELAKA,MELAKA TENGAH,PASAR BESAR MBMB,Runcit,26,Ternakan,03,002,AYAM PROSES STANDARD,F.A.Q,Kilogram,10,10,
30876074,2026-08-22,2026-08-22 09:01:08.622238,MELAKA,MELAKA TENGAH,PASAR BESAR MBMB,Runcit,26,Ternakan,02,003,DAGING LEMBU PEJAL,F.A.Q,Kilogram,40,39.705883,
30876075,2026-08-22,2026-08-22 09:01:08.622238,MELAKA,MELAKA TENGAH,PASAR BESAR MBMB,Runcit,26,Ternakan,02,003,DAGING LEMBU PEJAL,F.A.Q,Kilogram,40,39.705883,
30876076,2026-08-22,2026-08-22 09:01:08.622238,MELAKA,MELAKA TENGAH,PASAR BESAR MBMB,Runcit,26,Ternakan,11,001,TELUR AYAM,A,Biji,0.53,0.50555557,
30876077,2026-08-22,2026-08-22 09:01:08.622238,MELAKA,MELAKA TENGAH,PASAR BESAR MBMB,Runcit,26,Ternakan,11,001,TELUR AYAM,A,Biji,0.52,0.50555557,
30876078,2026-08-22,2026-08-22 09:01:08.622238,MELAKA,MELAKA TENGAH,PASAR BESAR MBMB,Runcit,26,Ternakan,11,001,TELUR AYAM,B,Biji,0.51,0.4817647,
30876079,2026-08-22,2026-08-22 09:01:08.622238,MELAKA,MELAKA TENGAH,PASAR BESAR MBMB,Runcit,26,Ternakan,11,001,TELUR AYAM,B,Biji,0.51,0.4817647,
30876080,2026-08-22,2026-08-22 09:01:08.622238,MELAKA,MELAKA TENGAH,PASAR BESAR MBMB,Runcit,26,Ternakan,11,001,TELUR AYAM,C,Biji,0.5,0.4675,
30876081,2026-08-22,2026-08-22 09:01:08.622238,MELAKA,MELAKA TENGAH,PASAR BESAR MBMB,Runcit,26,Ternakan,11,001,TELUR AYAM,C,Biji,0.5,0.4675,
30876082,2026-08-22,2026-08-22 09:02:12.532372,SELANGOR,PETALING,"KOMPLEKS PASAR BORONG SELANGOR, SERI KEMBANGAN",Runcit,26,Sayur-Sayuran,05,001,BAWANG BESAR KUNING / HOLLAND,F.A.Q,Kilogram,4,5.07,
30876083,2026-08-22,2026-08-22 09:02:12.532372,SELANGOR,PETALING,"KOMPLEKS PASAR BORONG SELANGOR, SERI KEMBANGAN",Runcit,26,Sayur-Sayuran,05,001,BAWANG BESAR MERAH (INDIA),F.A.Q,Kilogram,4,4.23,
30876084,2026-08-22,2026-08-22 09:02:12.532372,SELANGOR,PETALING,"KOMPLEKS PASAR BORONG SELANGOR, SERI KEMBANGAN",Runcit,26,Sayur-Sayuran,05,001,BAWANG MERAH / KECIL (INDIA),F.A.Q,Kilogram,4,7.04,
30876085,2026-08-22,2026-08-22 09:02:12.532372,SELANGOR,PETALING,"KOMPLEKS PASAR BORONG SELANGOR, SERI KEMBANGAN",Runcit,26,Sayur-Sayuran,05,001,BAWANG MERAH / KECIL (THAI),F.A.Q,Kilogram,10,13.54,
30876086,2026-08-22,2026-08-22 09:02:12.532372,SELANGOR,PETALING,"KOMPLEKS PASAR BORONG SELANGOR, SERI KEMBANGAN",Runcit,26,Sayur-Sayuran,05,001,BAWANG MERAH ROSE,F.A.Q,Kilogram,6,12.98,
30876087,2026-08-22,2026-08-22 09:02:12.532372,SELANGOR,PETALING,"KOMPLEKS PASAR BORONG SELANGOR, SERI KEMBANGAN",Runcit,26,Sayur-Sayuran,05,001,BAWANG PUTIH (CHINA),F.A.Q,Kilogram,8,8.52,
30876088,2026-08-22,2026-08-22 09:02:12.532372,SELANGOR,PETALING,"KOMPLEKS PASAR BORONG SELANGOR, SERI KEMBANGAN",Runcit,26,Sayur-Sayuran,05,009,UBI KENTANG (IMPORT),F.A.Q,Kilogram,3,3.84,
30876089,2026-08-22,2026-08-22 09:02:12.532372,SELANGOR,PETALING,"KOMPLEKS PASAR BORONG SELANGOR, SERI KEMBANGAN",Runcit,26,Sayur-Sayuran,05,009,UBI KENTANG HOLLAND,F.A.Q,Kilogram,4,4.09,
30876090,2026-08-22,2026-08-22 09:02:49.688407,W.P. KUALA LUMPUR,BATU,PASAR HARIAN SELAYANG,Runcit,26,Ternakan,03,002,AYAM PROSES STANDARD,F.A.Q,Kilogram,10,10.05625,
30876091,2026-08-22,2026-08-22 09:02:49.688407,W.P. KUALA LUMPUR,BATU,PASAR HARIAN SELAYANG,Runcit,26,Ternakan,03,002,AYAM PROSES STANDARD,F.A.Q,Kilogram,10,10.05625,
30876092,2026-08-22,2026-08-22 09:02:49.688407,W.P. KUALA LUMPUR,BATU,PASAR HARIAN SELAYANG,Runcit,26,Buah-Buahan,02,005,BETIK SEKAKI,F.A.Q,Kilogram,7.5,7.3,
30876093,2026-08-22,2026-08-22 09:02:49.688407,W.P. KUALA LUMPUR,BATU,PASAR HARIAN SELAYANG,Runcit,26,Tanaman Kontan,05,001,KELAPA DIKUPAS,SEDANG,Biji,3.5,3.475,
30876094,2026-08-22,2026-08-22 09:02:49.688407,W.P. KUALA LUMPUR,BATU,PASAR HARIAN SELAYANG,Runcit,26,Buah-Buahan,02,023,NANAS JOSAPINE (AC5),F.A.Q,Kilogram,4,3.875,
30876095,2026-08-22,2026-08-22 09:02:49.688407,W.P. KUALA LUMPUR,BATU,PASAR HARIAN SELAYANG,Runcit,26,Buah-Buahan,02,028,PISANG BERANGAN,F.A.Q,Kilogram,6.5,6.5,
30876096,2026-08-22,2026-08-22 09:02:49.688407,W.P. KUALA LUMPUR,BATU,PASAR HARIAN SELAYANG,Runcit,26,Buah-Buahan,02,028,PISANG MAS,F.A.Q,Kilogram,6.5,6.5,
30876097,2026-08-22,2026-08-22 09:02:49.688407,W.P. KUALA LUMPUR,BATU,PASAR HARIAN SELAYANG,Runcit,26,Lain-Lain Makanan Proses,15,001,SANTAN PEKAT,F.A.Q,Kilogram,14,14,
30876098,2026-08-22,2026-08-22 09:02:49.688407,W.P. KUALA LUMPUR,BATU,PASAR HARIAN SELAYANG,Runcit,26,Ternakan,11,001,TELUR AYAM,A,Biji,0.52,0.502,
30876099,2026-08-22,2026-08-22 09:02:49.688407,W.P. KUALA LUMPUR,BATU,PASAR HARIAN SELAYANG,Runcit,26,Ternakan,11,001,TELUR AYAM,B,Biji,0.5,0.4825,
30876100,2026-08-22,2026-08-22 09:02:49.688407,W.P. KUALA LUMPUR,BATU,PASAR HARIAN SELAYANG,Runcit,26,Ternakan,11,001,TELUR AYAM,C,Biji,0.48,0.466,
30876101,2026-08-22,2026-08-22 09:02:49.688407,W.P. KUALA LUMPUR,BATU,PASAR HARIAN SELAYANG,Runcit,26,Buah-Buahan,02,034,TEMBIKAI MERAH TANPA BIJI,F.A.Q,Kilogram,5,4.9375,
30876102,2026-08-22,2026-08-22 09:03:36.32826,SELANGOR,PETALING,"KOMPLEKS PASAR BORONG SELANGOR, SERI KEMBANGAN",Borong,20,Sayur-Sayuran,05,001,BAWANG BESAR KUNING / HOLLAND,F.A.Q,Kilogram,2.6,3.5,
30876103,2026-08-22,2026-08-22 09:03:36.32826,SELANGOR,PETALING,"KOMPLEKS PASAR BORONG SELANGOR, SERI KEMBANGAN",Borong,20,Sayur-Sayuran,05,001,BAWANG BESAR MERAH (INDIA),F.A.Q,Kilogram,1.9,2.73,
30876104,2026-08-22,2026-08-22 09:03:36.32826,SELANGOR,PETALING,"KOMPLEKS PASAR BORONG SELANGOR, SERI KEMBANGAN",Borong,20,Sayur-Sayuran,05,001,BAWANG MERAH / KECIL (INDIA),F.A.Q,Kilogram,1.8,4.61,
30876105,2026-08-22,2026-08-22 09:03:36.32826,SELANGOR,PETALING,"KOMPLEKS PASAR BORONG SELANGOR, SERI KEMBANGAN",Borong,20,Sayur-Sayuran,05,001,BAWANG MERAH / KECIL (THAI),F.A.Q,Kilogram,5.9,9.62,
30876106,2026-08-22,2026-08-22 09:03:36.32826,SELANGOR,PETALING,"KOMPLEKS PASAR BORONG SELANGOR, SERI KEMBANGAN",Borong,20,Sayur-Sayuran,05,001,BAWANG MERAH ROSE,F.A.Q,Kilogram,3.7,9.14,
30876107,2026-08-22,2026-08-22 09:03:36.32826,SELANGOR,PETALING,"KOMPLEKS PASAR BORONG SELANGOR, SERI KEMBANGAN",Borong,20,Sayur-Sayuran,05,001,BAWANG PUTIH (CHINA),F.A.Q,Kilogram,6.9,5.98,
30876108,2026-08-22,2026-08-22 09:03:36.32826,SELANGOR,PETALING,"KOMPLEKS PASAR BORONG SELANGOR, SERI KEMBANGAN",Borong,20,Sayur-Sayuran,05,009,UBI KENTANG (IMPORT),F.A.Q,Kilogram,2,1.5,
30876109,2026-08-22,2026-08-22 09:03:36.32826,SELANGOR,PETALING,"KOMPLEKS PASAR BORONG SELANGOR, SERI KEMBANGAN",Borong,20,Sayur-Sayuran,05,009,UBI KENTANG HOLLAND,F.A.Q,Kilogram,2.3,2.62,
30876110,2026-08-22,2026-08-22 09:07:28.021143,SARAWAK,KUCHING,MEDAN NIAGA SATOK,Runcit,26,Sayur-Sayuran,05,001,BAWANG BESAR KUNING / HOLLAND,F.A.Q,Kilogram,4,3.9285715,
30876111,2026-08-22,2026-08-22 09:07:28.021143,SARAWAK,KUCHING,MEDAN NIAGA SATOK,Runcit,26,Sayur-Sayuran,05,001,BAWANG BESAR MERAH (CHINA),F.A.Q,Kilogram,4,4,
30876112,2026-08-22,2026-08-22 09:07:28.021143,SARAWAK,KUCHING,MEDAN NIAGA SATOK,Runcit,26,Sayur-Sayuran,05,001,BAWANG BESAR MERAH (INDIA),F.A.Q,Kilogram,4.5,4.9,
30876113,2026-08-22,2026-08-22 09:07:28.021143,SARAWAK,KUCHING,MEDAN NIAGA SATOK,Runcit,26,Sayur-Sayuran,05,001,BAWANG MERAH / KECIL (INDIA),F.A.Q,Kilogram,4,4,
30876114,2026-08-22,2026-08-22 09:07:28.021143,SARAWAK,KUCHING,MEDAN NIAGA SATOK,Runcit,26,Sayur-Sayuran,05,001,BAWANG MERAH ROSE,F.A.Q,Kilogram,4,4,
30876115,2026-08-22,2026-08-22 09:07:28.021143,SARAWAK,KUCHING,MEDAN NIAGA SATOK,Runcit,26,Sayur-Sayuran,05,001,BAWANG PUTIH (CHINA),F.A.Q,Kilogram,8,8,
30876116,2026-08-22,2026-08-22 09:07:28.021143,SARAWAK,KUCHING,MEDAN NIAGA SATOK,Runcit,26,Sayur-Sayuran,03,001,BAYAM,F.A.Q,Kilogram,8,8,
30876117,2026-08-22,2026-08-22 09:07:28.021143,SARAWAK,KUCHING,MEDAN NIAGA SATOK,Runcit,26,Sayur-Sayuran,02,002,CILI HIJAU,F.A.Q,Kilogram,15,15.833333,
30876118,2026-08-22,2026-08-22 09:07:28.021143,SARAWAK,KUCHING,MEDAN NIAGA SATOK,Runcit,26,Sayur-Sayuran,02,002,CILI MERAH KULAI / KULAI HIBRID,F.A.Q,Kilogram,18,19,
30876119,2026-08-22,2026-08-22 09:07:28.021143,SARAWAK,KUCHING,MEDAN NIAGA SATOK,Runcit,26,Sayur-Sayuran,02,002,CILI MERAH MINYAK,F.A.Q,Kilogram,18,19,
30876120,2026-08-22,2026-08-22 09:07:28.021143,SARAWAK,KUCHING,MEDAN NIAGA SATOK,Runcit,26,Sayur-Sayuran,03,009,DAUN BAWANG,F.A.Q,Kilogram,35,38.333332,
30876121,2026-08-22,2026-08-22 09:07:28.021143,SARAWAK,KUCHING,MEDAN NIAGA SATOK,Runcit,26,Sayur-Sayuran,03,015,DAUN SUP (TANAH TINGGI),F.A.Q,Kilogram,40,41.333332,
30876122,2026-08-22,2026-08-22 09:07:28.021143,SARAWAK,KUCHING,MEDAN NIAGA SATOK,Runcit,26,Sayur-Sayuran,04,002,KACANG BENDI,F.A.Q,Kilogram,12,11.454545,
30876123,2026-08-22,2026-08-22 09:07:28.021143,SARAWAK,KUCHING,MEDAN NIAGA SATOK,Runcit,26,Sayur-Sayuran,04,003,KACANG BUNCIS,F.A.Q,Kilogram,14,14.166667,
30876124,2026-08-22,2026-08-22 09:07:28.021143,SARAWAK,KUCHING,MEDAN NIAGA SATOK,Runcit,26,Sayur-Sayuran,04,007,KACANG PANJANG HIJAU,F.A.Q,Kilogram,8,10,
30876125,2026-08-22,2026-08-22 09:07:28.021143,SARAWAK,KUCHING,MEDAN NIAGA SATOK,Runcit,26,Sayur-Sayuran,03,019,KANGKUNG,F.A.Q,Kilogram,7,7.1666665,
30876126,2026-08-22,2026-08-22 09:07:28.021143,SARAWAK,KUCHING,MEDAN NIAGA SATOK,Runcit,26,Sayur-Sayuran,03,006,KUBIS BULAT (CHINA),F.A.Q,Kilogram,4,4,
30876127,2026-08-22,2026-08-22 09:07:28.021143,SARAWAK,KUCHING,MEDAN NIAGA SATOK,Runcit,26,Sayur-Sayuran,03,007,SAWI HIJAU,F.A.Q,Kilogram,12,10.727273,
30876128,2026-08-22,2026-08-22 09:07:28.021143,SARAWAK,KUCHING,MEDAN NIAGA SATOK,Runcit,26,Sayur-Sayuran,02,010,TERUNG PANJANG / PEPARU (TANAH RENDAH),F.A.Q,Kilogram,8,8.272727,
30876129,2026-08-22,2026-08-22 09:07:28.021143,SARAWAK,KUCHING,MEDAN NIAGA SATOK,Runcit,26,Sayur-Sayuran,02,011,TIMUN HIJAU,F.A.Q,Kilogram,5.5,6.090909,
30876130,2026-08-22,2026-08-22 09:07:28.021143,SARAWAK,KUCHING,MEDAN NIAGA SATOK,Runcit,26,Sayur-Sayuran,02,012,TOMATO (TANAH TINGGI),F.A.Q,Kilogram,12,12.272727,
30876131,2026-08-22,2026-08-22 09:07:28.021143,SARAWAK,KUCHING,MEDAN NIAGA SATOK,Runcit,26,Sayur-Sayuran,02,012,TOMATO IMPORT,F.A.Q,Kilogram,10,10,
30876132,2026-08-22,2026-08-22 09:07:28.021143,SARAWAK,KUCHING,MEDAN NIAGA SATOK,Runcit,26,Sayur-Sayuran,05,009,UBI KENTANG HOLLAND,F.A.Q,Kilogram,3,3,
30876133,2026-08-22,2026-08-22 09:08:09.780971,MELAKA,MELAKA TENGAH,PASAR BESAR MBMB,Runcit,26,Sayur-Sayuran,05,001,BAWANG BESAR KUNING / HOLLAND,F.A.Q,Kilogram,3.8,3.9666667,
30876134,2026-08-22,2026-08-22 09:08:09.780971,MELAKA,MELAKA TENGAH,PASAR BESAR MBMB,Runcit,26,Sayur-Sayuran,05,001,BAWANG BESAR KUNING / HOLLAND,F.A.Q,Kilogram,4,3.9666667,
30876135,2026-08-22,2026-08-22 09:08:09.780971,MELAKA,MELAKA TENGAH,PASAR BESAR MBMB,Runcit,26,Sayur-Sayuran,05,001,BAWANG BESAR MERAH (INDIA),F.A.Q,Kilogram,3.5,3.1470587,
30876136,2026-08-22,2026-08-22 09:08:09.780971,MELAKA,MELAKA TENGAH,PASAR BESAR MBMB,Runcit,26,Sayur-Sayuran,05,001,BAWANG BESAR MERAH (INDIA),F.A.Q,Kilogram,3,3.1470587,
30876137,2026-08-22,2026-08-22 09:08:09.780971,MELAKA,MELAKA TENGAH,PASAR BESAR MBMB,Runcit,26,Sayur-Sayuran,05,001,BAWANG MERAH / KECIL (INDIA),F.A.Q,Kilogram,4.5,4.4,
30876138,2026-08-22,2026-08-22 09:08:09.780971,MELAKA,MELAKA TENGAH,PASAR BESAR MBMB,Runcit,26,Sayur-Sayuran,05,001,BAWANG MERAH / KECIL (THAI),F.A.Q,Kilogram,12,12.666667,
30876139,2026-08-22,2026-08-22 09:08:09.780971,MELAKA,MELAKA TENGAH,PASAR BESAR MBMB,Runcit,26,Sayur-Sayuran,05,001,BAWANG MERAH / KECIL (THAI),F.A.Q,Kilogram,14,12.666667,
30876140,2026-08-22,2026-08-22 09:08:09.780971,MELAKA,MELAKA TENGAH,PASAR BESAR MBMB,Runcit,26,Sayur-Sayuran,05,001,BAWANG MERAH ROSE,F.A.Q,Kilogram,6,6.6,
30876141,2026-08-22,2026-08-22 09:08:09.780971,MELAKA,MELAKA TENGAH,PASAR BESAR MBMB,Runcit,26,Sayur-Sayuran,05,001,BAWANG PUTIH (CHINA),F.A.Q,Kilogram,10,10.388889,
30876142,2026-08-22,2026-08-22 09:08:09.780971,MELAKA,MELAKA TENGAH,PASAR BESAR MBMB,Runcit,26,Sayur-Sayuran,05,001,BAWANG PUTIH (CHINA),F.A.Q,Kilogram,11,10.388889,
30876143,2026-08-22,2026-08-22 09:08:09.780971,MELAKA,MELAKA TENGAH,PASAR BESAR MBMB,Runcit,26,Sayur-Sayuran,05,009,UBI KENTANG (IMPORT),F.A.Q,Kilogram,3,3.1875,
30876144,2026-08-22,2026-08-22 09:08:09.780971,MELAKA,MELAKA TENGAH,PASAR BESAR MBMB,Runcit,26,Sayur-Sayuran,05,009,UBI KENTANG (IMPORT),F.A.Q,Kilogram,3,3.1875,
30876145,2026-08-22,2026-08-22 09:08:09.780971,MELAKA,MELAKA TENGAH,PASAR BESAR MBMB,Runcit,26,Sayur-Sayuran,05,009,UBI KENTANG HOLLAND,F.A.Q,Kilogram,4,3.725,
30876146,2026-08-22,2026-08-22 09:08:09.780971,MELAKA,MELAKA TENGAH,PASAR BESAR MBMB,Runcit,26,Sayur-Sayuran,05,009,UBI KENTANG HOLLAND,F.A.Q,Kilogram,3.5,3.725,
30876147,2026-08-22,2026-08-22 09:08:50.811005,SELANGOR,PETALING,"KOMPLEKS PASAR BORONG SELANGOR, SERI KEMBANGAN",Runcit,26,Sayur-Sayuran,03,001,BAYAM,F.A.Q,Kilogram,3.6,6.02,
30876148,2026-08-22,2026-08-22 09:08:50.811005,SELANGOR,PETALING,"KOMPLEKS PASAR BORONG SELANGOR, SERI KEMBANGAN",Runcit,26,Sayur-Sayuran,02,002,CILI HIJAU,F.A.Q,Kilogram,12,13.18,
30876149,2026-08-22,2026-08-22 09:08:50.811005,SELANGOR,PETALING,"KOMPLEKS PASAR BORONG SELANGOR, SERI KEMBANGAN",Runcit,26,Sayur-Sayuran,02,002,CILI MERAH KULAI / KULAI HIBRID,F.A.Q,Kilogram,15,16.01,
30876150,2026-08-22,2026-08-22 09:08:50.811005,SELANGOR,PETALING,"KOMPLEKS PASAR BORONG SELANGOR, SERI KEMBANGAN",Runcit,26,Sayur-Sayuran,02,002,CILI MERAH MINYAK,F.A.Q,Kilogram,13,13.59,
30876151,2026-08-22,2026-08-22 09:08:50.811005,SELANGOR,PETALING,"KOMPLEKS PASAR BORONG SELANGOR, SERI KEMBANGAN",Runcit,26,Sayur-Sayuran,03,009,DAUN BAWANG,F.A.Q,Kilogram,6,12.95,
30876152,2026-08-22,2026-08-22 09:08:50.811005,SELANGOR,PETALING,"KOMPLEKS PASAR BORONG SELANGOR, SERI KEMBANGAN",Runcit,26,Sayur-Sayuran,03,015,DAUN SUP (TANAH TINGGI),F.A.Q,Kilogram,15,13.35,
30876153,2026-08-22,2026-08-22 09:08:50.811005,SELANGOR,PETALING,"KOMPLEKS PASAR BORONG SELANGOR, SERI KEMBANGAN",Runcit,26,Sayur-Sayuran,04,002,KACANG BENDI,F.A.Q,Kilogram,7.5,9.12,
30876154,2026-08-22,2026-08-22 09:08:50.811005,SELANGOR,PETALING,"KOMPLEKS PASAR BORONG SELANGOR, SERI KEMBANGAN",Runcit,26,Sayur-Sayuran,04,003,KACANG BUNCIS,F.A.Q,Kilogram,8,13.06,
30876155,2026-08-22,2026-08-22 09:08:50.811005,SELANGOR,PETALING,"KOMPLEKS PASAR BORONG SELANGOR, SERI KEMBANGAN",Runcit,26,Sayur-Sayuran,04,007,KACANG PANJANG HIJAU,F.A.Q,Kilogram,8,8.57,
30876156,2026-08-22,2026-08-22 09:08:50.811005,SELANGOR,PETALING,"KOMPLEKS PASAR BORONG SELANGOR, SERI KEMBANGAN",Runcit,26,Sayur-Sayuran,03,019,KANGKUNG,F.A.Q,Kilogram,3.6,5.03,
30876157,2026-08-22,2026-08-22 09:08:50.811005,SELANGOR,PETALING,"KOMPLEKS PASAR BORONG SELANGOR, SERI KEMBANGAN",Runcit,26,Sayur-Sayuran,03,006,KUBIS BULAT (CHINA),F.A.Q,Kilogram,2,3.29,
30876158,2026-08-22,2026-08-22 09:08:50.811005,SELANGOR,PETALING,"KOMPLEKS PASAR BORONG SELANGOR, SERI KEMBANGAN",Runcit,26,Sayur-Sayuran,03,006,KUBIS BULAT (TANAH TINGGI),F.A.Q,Kilogram,3,4.94,
30876159,2026-08-22,2026-08-22 09:08:50.811005,SELANGOR,PETALING,"KOMPLEKS PASAR BORONG SELANGOR, SERI KEMBANGAN",Runcit,26,Sayur-Sayuran,03,007,SAWI HIJAU,F.A.Q,Kilogram,4.3,5.99,
30876160,2026-08-22,2026-08-22 09:08:50.811005,SELANGOR,PETALING,"KOMPLEKS PASAR BORONG SELANGOR, SERI KEMBANGAN",Runcit,26,Sayur-Sayuran,03,007,SAWI HIJAU TANAH TINGGI,F.A.Q,Kilogram,3.5,4,
30876161,2026-08-22,2026-08-22 09:08:50.811005,SELANGOR,PETALING,"KOMPLEKS PASAR BORONG SELANGOR, SERI KEMBANGAN",Runcit,26,Sayur-Sayuran,02,010,TERUNG PANJANG / PEPARU (TANAH RENDAH),F.A.Q,Kilogram,7.5,8.08,
30876162,2026-08-22,2026-08-22 09:08:50.811005,SELANGOR,PETALING,"KOMPLEKS PASAR BORONG SELANGOR, SERI KEMBANGAN",Runcit,26,Sayur-Sayuran,02,011,TIMUN HIJAU,F.A.Q,Kilogram,2.4,4.27,
30876163,2026-08-22,2026-08-22 09:08:50.811005,SELANGOR,PETALING,"KOMPLEKS PASAR BORONG SELANGOR, SERI KEMBANGAN",Runcit,26,Sayur-Sayuran,02,012,TOMATO (TANAH TINGGI),F.A.Q,Kilogram,6,5.71,
30876164,2026-08-22,2026-08-22 09:09:55.384057,SARAWAK,KUCHING,MEDAN NIAGA SATOK,Runcit,26,Buah-Buahan,02,005,BETIK SEKAKI,F.A.Q,Kilogram,5,5,
30876165,2026-08-22,2026-08-22 09:09:55.384057,SARAWAK,KUCHING,MEDAN NIAGA SATOK,Runcit,26,Buah-Buahan,02,028,PISANG BERANGAN,F.A.Q,Kilogram,8,6.090909,
30876166,2026-08-22,2026-08-22 09:09:55.384057,SARAWAK,KUCHING,MEDAN NIAGA SATOK,Runcit,26,Buah-Buahan,02,028,PISANG MAS,F.A.Q,Kilogram,4,4,
30876167,2026-08-22,2026-08-22 09:09:55.384057,SARAWAK,KUCHING,MEDAN NIAGA SATOK,Runcit,26,Buah-Buahan,02,034,TEMBIKAI MERAH TANPA BIJI,F.A.Q,Kilogram,3.9,3.9,
30876168,2026-08-22,2026-08-22 09:09:56.503077,MELAKA,MELAKA TENGAH,PASAR BESAR MBMB,Runcit,26,Buah-Buahan,02,005,BETIK SEKAKI,F.A.Q,Kilogram,8,6,
30876169,2026-08-22,2026-08-22 09:09:56.503077,MELAKA,MELAKA TENGAH,PASAR BESAR MBMB,Runcit,26,Buah-Buahan,02,023,NANAS JOSAPINE (AC5),F.A.Q,Kilogram,5,5,
30876170,2026-08-22,2026-08-22 09:09:56.503077,MELAKA,MELAKA TENGAH,PASAR BESAR MBMB,Runcit,26,Buah-Buahan,02,028,PISANG BERANGAN,F.A.Q,Kilogram,5.5,5.53125,
30876171,2026-08-22,2026-08-22 09:09:56.503077,MELAKA,MELAKA TENGAH,PASAR BESAR MBMB,Runcit,26,Buah-Buahan,02,028,PISANG BERANGAN,F.A.Q,Kilogram,6,5.53125,
30876172,2026-08-22,2026-08-22 09:09:56.503077,MELAKA,MELAKA TENGAH,PASAR BESAR MBMB,Runcit,26,Buah-Buahan,02,028,PISANG MAS,F.A.Q,Kilogram,4,4.1875,
30876173,2026-08-22,2026-08-22 09:09:56.503077,MELAKA,MELAKA TENGAH,PASAR BESAR MBMB,Runcit,26,Buah-Buahan,02,028,PISANG MAS,F.A.Q,Kilogram,4.5,4.1875,
30876174,2026-08-22,2026-08-22 09:09:56.503077,MELAKA,MELAKA TENGAH,PASAR BESAR MBMB,Runcit,26,Buah-Buahan,02,034,TEMBIKAI MERAH TANPA BIJI,F.A.Q,Kilogram,4,4.382353,
30876175,2026-08-22,2026-08-22 09:09:56.503077,MELAKA,MELAKA TENGAH,PASAR BESAR MBMB,Runcit,26,Buah-Buahan,02,034,TEMBIKAI MERAH TANPA BIJI,F.A.Q,Kilogram,4.5,4.382353,
30876176,2026-08-22,2026-08-22 09:10:18.724271,MELAKA,MELAKA TENGAH,PASAR BESAR MBMB,Runcit,26,Lain-Lain Makanan Proses,15,001,SANTAN PEKAT,F.A.Q,Kilogram,15,14.588235,
30876177,2026-08-22,2026-08-22 09:10:18.724271,MELAKA,MELAKA TENGAH,PASAR BESAR MBMB,Runcit,26,Lain-Lain Makanan Proses,15,001,SANTAN PEKAT,F.A.Q,Kilogram,14,14.588235,
30876178,2026-08-22,2026-08-22 09:11:04.618643,SARAWAK,KUCHING,MEDAN NIAGA SATOK,Runcit,26,Tanaman Kontan,05,001,KELAPA DIKUPAS,SEDANG,Biji,2,2,
30876179,2026-08-22,2026-08-22 09:11:04.618643,SARAWAK,KUCHING,MEDAN NIAGA SATOK,Runcit,26,Lain-Lain Makanan Proses,15,001,SANTAN PEKAT,F.A.Q,Kilogram,12,12,
30876180,2026-08-22,2026-08-22 09:12:06.828449,MELAKA,MELAKA TENGAH,PASAR BORONG MPHTJ BATU BERENDAM - BAHAGIAN BORONG,Borong,20,Ternakan,03,002,AYAM PROSES STANDARD,F.A.Q,Kilogram,8.5,8.5,
30876181,2026-08-22,2026-08-22 09:12:06.828449,MELAKA,MELAKA TENGAH,PASAR BORONG MPHTJ BATU BERENDAM - BAHAGIAN BORONG,Borong,20,Ternakan,02,003,DAGING LEMBU PEJAL,F.A.Q,Kilogram,35,34.5,
30876182,2026-08-22,2026-08-22 09:12:06.828449,MELAKA,MELAKA TENGAH,PASAR BORONG MPHTJ BATU BERENDAM - BAHAGIAN BORONG,Borong,20,Ternakan,11,001,TELUR AYAM,A,Biji,0.49,0.466,
30876183,2026-08-22,2026-08-22 09:12:06.828449,MELAKA,MELAKA TENGAH,PASAR BORONG MPHTJ BATU BERENDAM - BAHAGIAN BORONG,Borong,20,Ternakan,11,001,TELUR AYAM,B,Biji,0.48,0.4488889,
30876184,2026-08-22,2026-08-22 09:12:06.828449,MELAKA,MELAKA TENGAH,PASAR BORONG MPHTJ BATU BERENDAM - BAHAGIAN BORONG,Borong,20,Ternakan,11,001,TELUR AYAM,C,Biji,0.47,0.434,
30876185,2026-08-22,2026-08-22 09:12:22.583833,SELANGOR,PETALING,"KOMPLEKS PASAR BORONG SELANGOR, SERI KEMBANGAN",Borong,20,Sayur-Sayuran,03,001,BAYAM,F.A.Q,Kilogram,2.6,4.08,
30876186,2026-08-22,2026-08-22 09:12:22.583833,SELANGOR,PETALING,"KOMPLEKS PASAR BORONG SELANGOR, SERI KEMBANGAN",Borong,20,Sayur-Sayuran,02,002,CILI HIJAU,F.A.Q,Kilogram,11,10.63,
30876187,2026-08-22,2026-08-22 09:12:22.583833,SELANGOR,PETALING,"KOMPLEKS PASAR BORONG SELANGOR, SERI KEMBANGAN",Borong,20,Sayur-Sayuran,02,002,CILI MERAH KULAI / KULAI HIBRID,F.A.Q,Kilogram,14,12.47,
30876188,2026-08-22,2026-08-22 09:12:22.583833,SELANGOR,PETALING,"KOMPLEKS PASAR BORONG SELANGOR, SERI KEMBANGAN",Borong,20,Sayur-Sayuran,02,002,CILI MERAH MINYAK,F.A.Q,Kilogram,12,10.47,
30876189,2026-08-22,2026-08-22 09:12:22.583833,SELANGOR,PETALING,"KOMPLEKS PASAR BORONG SELANGOR, SERI KEMBANGAN",Borong,20,Sayur-Sayuran,03,009,DAUN BAWANG,F.A.Q,Kilogram,5,9.7,
30876190,2026-08-22,2026-08-22 09:12:22.583833,SELANGOR,PETALING,"KOMPLEKS PASAR BORONG SELANGOR, SERI KEMBANGAN",Borong,20,Sayur-Sayuran,03,015,DAUN SUP (TANAH TINGGI),F.A.Q,Kilogram,14,10.25,
30876191,2026-08-22,2026-08-22 09:12:22.583833,SELANGOR,PETALING,"KOMPLEKS PASAR BORONG SELANGOR, SERI KEMBANGAN",Borong,20,Sayur-Sayuran,04,002,KACANG BENDI,F.A.Q,Kilogram,6.5,6.56,
30876192,2026-08-22,2026-08-22 09:12:22.583833,SELANGOR,PETALING,"KOMPLEKS PASAR BORONG SELANGOR, SERI KEMBANGAN",Borong,20,Sayur-Sayuran,04,003,KACANG BUNCIS,F.A.Q,Kilogram,7,10.25,
30876193,2026-08-22,2026-08-22 09:12:22.583833,SELANGOR,PETALING,"KOMPLEKS PASAR BORONG SELANGOR, SERI KEMBANGAN",Borong,20,Sayur-Sayuran,04,007,KACANG PANJANG HIJAU,F.A.Q,Kilogram,7,6.13,
30876194,2026-08-22,2026-08-22 09:12:22.583833,SELANGOR,PETALING,"KOMPLEKS PASAR BORONG SELANGOR, SERI KEMBANGAN",Borong,20,Sayur-Sayuran,03,019,KANGKUNG,F.A.Q,Kilogram,2.6,3.5,
30876195,2026-08-22,2026-08-22 09:12:22.583833,SELANGOR,PETALING,"KOMPLEKS PASAR BORONG SELANGOR, SERI KEMBANGAN",Borong,20,Sayur-Sayuran,03,006,KUBIS BULAT (CHINA),F.A.Q,Kilogram,1.5,2.09,
30876196,2026-08-22,2026-08-22 09:12:22.583833,SELANGOR,PETALING,"KOMPLEKS PASAR BORONG SELANGOR, SERI KEMBANGAN",Borong,20,Sayur-Sayuran,03,006,KUBIS BULAT (TANAH TINGGI),F.A.Q,Kilogram,2,3.08,
30876197,2026-08-22,2026-08-22 09:12:22.583833,SELANGOR,PETALING,"KOMPLEKS PASAR BORONG SELANGOR, SERI KEMBANGAN",Borong,20,Sayur-Sayuran,03,007,SAWI HIJAU,F.A.Q,Kilogram,3.3,4.21,
30876198,2026-08-22,2026-08-22 09:12:22.583833,SELANGOR,PETALING,"KOMPLEKS PASAR BORONG SELANGOR, SERI KEMBANGAN",Borong,20,Sayur-Sayuran,03,007,SAWI HIJAU TANAH TINGGI,F.A.Q,Kilogram,2.5,25,
30876199,2026-08-22,2026-08-22 09:12:22.583833,SELANGOR,PETALING,"KOMPLEKS PASAR BORONG SELANGOR, SERI KEMBANGAN",Borong,20,Sayur-Sayuran,02,010,TERUNG PANJANG / PEPARU (TANAH RENDAH),F.A.Q,Kilogram,6.5,7.33,
30876200,2026-08-22,2026-08-22 09:12:22.583833,SELANGOR,PETALING,"KOMPLEKS PASAR BORONG SELANGOR, SERI KEMBANGAN",Borong,20,Sayur-Sayuran,02,011,TIMUN HIJAU,F.A.Q,Kilogram,1.7,2.74,
30876201,2026-08-22,2026-08-22 09:12:22.583833,SELANGOR,PETALING,"KOMPLEKS PASAR BORONG SELANGOR, SERI KEMBANGAN",Borong,20,Sayur-Sayuran,02,012,TOMATO (TANAH TINGGI),F.A.Q,Kilogram,5,3.76,
30876202,2026-08-22,2026-08-22 09:14:16.767436,SARAWAK,KUCHING,MEDAN NIAGA SATOK,Runcit,26,Ternakan,03,002,AYAM PROSES STANDARD,F.A.Q,Kilogram,12,12,
30876203,2026-08-22,2026-08-22 09:14:16.767436,SARAWAK,KUCHING,MEDAN NIAGA SATOK,Runcit,26,Ternakan,02,003,DAGING LEMBU PEJAL,F.A.Q,Kilogram,70,70,
30876204,2026-08-22,2026-08-22 09:14:16.767436,SARAWAK,KUCHING,MEDAN NIAGA SATOK,Runcit,26,Ternakan,11,001,TELUR AYAM,A,Biji,0.58,0.56666666,
30876205,2026-08-22,2026-08-22 09:14:16.767436,SARAWAK,KUCHING,MEDAN NIAGA SATOK,Runcit,26,Ternakan,11,001,TELUR AYAM,B,Biji,0.55,0.5354546,
30876206,2026-08-22,2026-08-22 09:14:16.767436,SARAWAK,KUCHING,MEDAN NIAGA SATOK,Runcit,26,Ternakan,11,001,TELUR AYAM,C,Biji,0.52,0.50666666,
30876207,2026-08-22,2026-08-22 09:15:13.4169,SELANGOR,PETALING,"KOMPLEKS PASAR BORONG SELANGOR, SERI KEMBANGAN",Runcit,26,Sayur-Sayuran,03,001,BAYAM,F.A.Q,Kilogram,3.5,6.02,
30876208,2026-08-22,2026-08-22 09:15:13.4169,SELANGOR,PETALING,"KOMPLEKS PASAR BORONG SELANGOR, SERI KEMBANGAN",Runcit,26,Sayur-Sayuran,02,002,CILI HIJAU,F.A.Q,Kilogram,12,13.18,
30876209,2026-08-22,2026-08-22 09:15:13.4169,SELANGOR,PETALING,"KOMPLEKS PASAR BORONG SELANGOR, SERI KEMBANGAN",Runcit,26,Sayur-Sayuran,02,002,CILI MERAH KULAI / KULAI HIBRID,F.A.Q,Kilogram,15,16.01,
30876210,2026-08-22,2026-08-22 09:15:13.4169,SELANGOR,PETALING,"KOMPLEKS PASAR BORONG SELANGOR, SERI KEMBANGAN",Runcit,26,Sayur-Sayuran,02,002,CILI MERAH MINYAK,F.A.Q,Kilogram,13,13.59,
30876211,2026-08-22,2026-08-22 09:15:13.4169,SELANGOR,PETALING,"KOMPLEKS PASAR BORONG SELANGOR, SERI KEMBANGAN",Runcit,26,Sayur-Sayuran,03,009,DAUN BAWANG,F.A.Q,Kilogram,6,12.95,
30876212,2026-08-22,2026-08-22 09:15:13.4169,SELANGOR,PETALING,"KOMPLEKS PASAR BORONG SELANGOR, SERI KEMBANGAN",Runcit,26,Sayur-Sayuran,03,015,DAUN SUP (TANAH TINGGI),F.A.Q,Kilogram,16,13.35,
30876213,2026-08-22,2026-08-22 09:15:13.4169,SELANGOR,PETALING,"KOMPLEKS PASAR BORONG SELANGOR, SERI KEMBANGAN",Runcit,26,Sayur-Sayuran,04,002,KACANG BENDI,F.A.Q,Kilogram,7.5,9.12,
30876214,2026-08-22,2026-08-22 09:15:13.4169,SELANGOR,PETALING,"KOMPLEKS PASAR BORONG SELANGOR, SERI KEMBANGAN",Runcit,26,Sayur-Sayuran,04,003,KACANG BUNCIS,F.A.Q,Kilogram,8,13.06,
30876215,2026-08-22,2026-08-22 09:15:13.4169,SELANGOR,PETALING,"KOMPLEKS PASAR BORONG SELANGOR, SERI KEMBANGAN",Runcit,26,Sayur-Sayuran,04,007,KACANG PANJANG HIJAU,F.A.Q,Kilogram,8,8.57,
30876216,2026-08-22,2026-08-22 09:15:13.4169,SELANGOR,PETALING,"KOMPLEKS PASAR BORONG SELANGOR, SERI KEMBANGAN",Runcit,26,Sayur-Sayuran,03,019,KANGKUNG,F.A.Q,Kilogram,3.5,5.03,
30876217,2026-08-22,2026-08-22 09:15:13.4169,SELANGOR,PETALING,"KOMPLEKS PASAR BORONG SELANGOR, SERI KEMBANGAN",Runcit,26,Sayur-Sayuran,03,006,KUBIS BULAT (CHINA),F.A.Q,Kilogram,2.5,3.29,
30876218,2026-08-22,2026-08-22 09:15:13.4169,SELANGOR,PETALING,"KOMPLEKS PASAR BORONG SELANGOR, SERI KEMBANGAN",Runcit,26,Sayur-Sayuran,03,006,KUBIS BULAT (TANAH TINGGI),F.A.Q,Kilogram,3,4.94,
30876219,2026-08-22,2026-08-22 09:15:13.4169,SELANGOR,PETALING,"KOMPLEKS PASAR BORONG SELANGOR, SERI KEMBANGAN",Runcit,26,Sayur-Sayuran,03,007,SAWI HIJAU,F.A.Q,Kilogram,4.5,5.99,
30876220,2026-08-22,2026-08-22 09:15:13.4169,SELANGOR,PETALING,"KOMPLEKS PASAR BORONG SELANGOR, SERI KEMBANGAN",Runcit,26,Sayur-Sayuran,03,007,SAWI HIJAU TANAH TINGGI,F.A.Q,Kilogram,4,4,
30876221,2026-08-22,2026-08-22 09:15:13.4169,SELANGOR,PETALING,"KOMPLEKS PASAR BORONG SELANGOR, SERI KEMBANGAN",Runcit,26,Sayur-Sayuran,02,010,TERUNG PANJANG / PEPARU (TANAH RENDAH),F.A.Q,Kilogram,8,8.08,
30876222,2026-08-22,2026-08-22 09:15:13.4169,SELANGOR,PETALING,"KOMPLEKS PASAR BORONG SELANGOR, SERI KEMBANGAN",Runcit,26,Sayur-Sayuran,02,011,TIMUN HIJAU,F.A.Q,Kilogram,2,4.27,
30876223,2026-08-22,2026-08-22 09:15:13.4169,SELANGOR,PETALING,"KOMPLEKS PASAR BORONG SELANGOR, SERI KEMBANGAN",Runcit,26,Sayur-Sayuran,02,012,TOMATO (TANAH TINGGI),F.A.Q,Kilogram,6,5.71,
30876224,2026-08-22,2026-08-22 09:16:13.684549,W.P. KUALA LUMPUR,BATU,PASAR HARIAN SELAYANG,Runcit,26,Sayur-Sayuran,05,001,BAWANG BESAR KUNING / HOLLAND,F.A.Q,Kilogram,4,4.2272725,
30876225,2026-08-22,2026-08-22 09:16:13.684549,W.P. KUALA LUMPUR,BATU,PASAR HARIAN SELAYANG,Runcit,26,Sayur-Sayuran,05,001,BAWANG BESAR KUNING / HOLLAND,F.A.Q,Kilogram,4.5,4.2272725,
30876226,2026-08-22,2026-08-22 09:16:13.684549,W.P. KUALA LUMPUR,BATU,PASAR HARIAN SELAYANG,Runcit,26,Sayur-Sayuran,05,001,BAWANG BESAR MERAH (INDIA),F.A.Q,Kilogram,3.5,3.3588235,
30876227,2026-08-22,2026-08-22 09:16:13.684549,W.P. KUALA LUMPUR,BATU,PASAR HARIAN SELAYANG,Runcit,26,Sayur-Sayuran,05,001,BAWANG BESAR MERAH (INDIA),F.A.Q,Kilogram,3.4,3.3588235,
30876228,2026-08-22,2026-08-22 09:16:13.684549,W.P. KUALA LUMPUR,BATU,PASAR HARIAN SELAYANG,Runcit,26,Sayur-Sayuran,05,001,BAWANG BESAR MERAH (PAKISTAN),F.A.Q,Kilogram,3.5,3.5,
30876229,2026-08-22,2026-08-22 09:16:13.684549,W.P. KUALA LUMPUR,BATU,PASAR HARIAN SELAYANG,Runcit,26,Sayur-Sayuran,05,001,BAWANG MERAH / KECIL (IMPORT),F.A.Q,Kilogram,5,5,
30876230,2026-08-22,2026-08-22 09:16:13.684549,W.P. KUALA LUMPUR,BATU,PASAR HARIAN SELAYANG,Runcit,26,Sayur-Sayuran,05,001,BAWANG MERAH / KECIL (INDIA),F.A.Q,Kilogram,5,5,
30876231,2026-08-22,2026-08-22 09:16:13.684549,W.P. KUALA LUMPUR,BATU,PASAR HARIAN SELAYANG,Runcit,26,Sayur-Sayuran,05,001,BAWANG MERAH / KECIL (INDIA),F.A.Q,Kilogram,5,5,
30876232,2026-08-22,2026-08-22 09:16:13.684549,W.P. KUALA LUMPUR,BATU,PASAR HARIAN SELAYANG,Runcit,26,Sayur-Sayuran,05,001,BAWANG MERAH / KECIL (THAI),F.A.Q,Kilogram,13,11.727273,
30876233,2026-08-22,2026-08-22 09:16:13.684549,W.P. KUALA LUMPUR,BATU,PASAR HARIAN SELAYANG,Runcit,26,Sayur-Sayuran,05,001,BAWANG MERAH / KECIL (THAI),F.A.Q,Kilogram,10,11.727273,
30876234,2026-08-22,2026-08-22 09:16:13.684549,W.P. KUALA LUMPUR,BATU,PASAR HARIAN SELAYANG,Runcit,26,Sayur-Sayuran,05,001,BAWANG MERAH ROSE,F.A.Q,Kilogram,8.8,6.909091,
30876235,2026-08-22,2026-08-22 09:16:13.684549,W.P. KUALA LUMPUR,BATU,PASAR HARIAN SELAYANG,Runcit,26,Sayur-Sayuran,05,001,BAWANG MERAH ROSE,F.A.Q,Kilogram,5,6.909091,
30876236,2026-08-22,2026-08-22 09:16:13.684549,W.P. KUALA LUMPUR,BATU,PASAR HARIAN SELAYANG,Runcit,26,Sayur-Sayuran,05,001,BAWANG PUTIH (CHINA),F.A.Q,Kilogram,11,11.411765,
30876237,2026-08-22,2026-08-22 09:16:13.684549,W.P. KUALA LUMPUR,BATU,PASAR HARIAN SELAYANG,Runcit,26,Sayur-Sayuran,05,001,BAWANG PUTIH (CHINA),F.A.Q,Kilogram,12,11.411765,
30876238,2026-08-22,2026-08-22 09:16:13.684549,W.P. KUALA LUMPUR,BATU,PASAR HARIAN SELAYANG,Runcit,26,Sayur-Sayuran,05,009,UBI KENTANG (IMPORT),F.A.Q,Kilogram,3.5,3.6666667,
30876239,2026-08-22,2026-08-22 09:16:13.684549,W.P. KUALA LUMPUR,BATU,PASAR HARIAN SELAYANG,Runcit,26,Sayur-Sayuran,05,009,UBI KENTANG (IMPORT),F.A.Q,Kilogram,4,3.6666667,
30876240,2026-08-22,2026-08-22 09:16:13.684549,W.P. KUALA LUMPUR,BATU,PASAR HARIAN SELAYANG,Runcit,26,Sayur-Sayuran,05,009,UBI KENTANG HOLLAND,F.A.Q,Kilogram,3.5,3.7727273,
30876241,2026-08-22,2026-08-22 09:16:13.684549,W.P. KUALA LUMPUR,BATU,PASAR HARIAN SELAYANG,Runcit,26,Sayur-Sayuran,05,009,UBI KENTANG HOLLAND,F.A.Q,Kilogram,4,3.7727273,
30876242,2026-08-22,2026-08-22 09:17:57.645027,SELANGOR,PETALING,"KOMPLEKS PASAR BORONG SELANGOR, SERI KEMBANGAN",Borong,20,Sayur-Sayuran,03,001,BAYAM,F.A.Q,Kilogram,2.5,4.08,
30876243,2026-08-22,2026-08-22 09:17:57.645027,SELANGOR,PETALING,"KOMPLEKS PASAR BORONG SELANGOR, SERI KEMBANGAN",Borong,20,Sayur-Sayuran,02,002,CILI HIJAU,F.A.Q,Kilogram,11,10.63,
30876244,2026-08-22,2026-08-22 09:17:57.645027,SELANGOR,PETALING,"KOMPLEKS PASAR BORONG SELANGOR, SERI KEMBANGAN",Borong,20,Sayur-Sayuran,02,002,CILI MERAH KULAI / KULAI HIBRID,F.A.Q,Kilogram,14,12.47,
30876245,2026-08-22,2026-08-22 09:17:57.645027,SELANGOR,PETALING,"KOMPLEKS PASAR BORONG SELANGOR, SERI KEMBANGAN",Borong,20,Sayur-Sayuran,02,002,CILI MERAH MINYAK,F.A.Q,Kilogram,12,10.47,
30876246,2026-08-22,2026-08-22 09:17:57.645027,SELANGOR,PETALING,"KOMPLEKS PASAR BORONG SELANGOR, SERI KEMBANGAN",Borong,20,Sayur-Sayuran,03,009,DAUN BAWANG,F.A.Q,Kilogram,5,9.7,
30876247,2026-08-22,2026-08-22 09:17:57.645027,SELANGOR,PETALING,"KOMPLEKS PASAR BORONG SELANGOR, SERI KEMBANGAN",Borong,20,Sayur-Sayuran,03,015,DAUN SUP (TANAH TINGGI),F.A.Q,Kilogram,15,10.25,
30876248,2026-08-22,2026-08-22 09:17:57.645027,SELANGOR,PETALING,"KOMPLEKS PASAR BORONG SELANGOR, SERI KEMBANGAN",Borong,20,Sayur-Sayuran,04,002,KACANG BENDI,F.A.Q,Kilogram,6.5,6.56,
30876249,2026-08-22,2026-08-22 09:17:57.645027,SELANGOR,PETALING,"KOMPLEKS PASAR BORONG SELANGOR, SERI KEMBANGAN",Borong,20,Sayur-Sayuran,04,003,KACANG BUNCIS,F.A.Q,Kilogram,7,10.25,
30876250,2026-08-22,2026-08-22 09:17:57.645027,SELANGOR,PETALING,"KOMPLEKS PASAR BORONG SELANGOR, SERI KEMBANGAN",Borong,20,Sayur-Sayuran,04,007,KACANG PANJANG HIJAU,F.A.Q,Kilogram,7,6.13,
30876251,2026-08-22,2026-08-22 09:17:57.645027,SELANGOR,PETALING,"KOMPLEKS PASAR BORONG SELANGOR, SERI KEMBANGAN",Borong,20,Sayur-Sayuran,03,019,KANGKUNG,F.A.Q,Kilogram,2.5,3.5,
30876252,2026-08-22,2026-08-22 09:17:57.645027,SELANGOR,PETALING,"KOMPLEKS PASAR BORONG SELANGOR, SERI KEMBANGAN",Borong,20,Sayur-Sayuran,03,006,KUBIS BULAT (CHINA),F.A.Q,Kilogram,2,2.09,
30876253,2026-08-22,2026-08-22 09:17:57.645027,SELANGOR,PETALING,"KOMPLEKS PASAR BORONG SELANGOR, SERI KEMBANGAN",Borong,20,Sayur-Sayuran,03,006,KUBIS BULAT (TANAH TINGGI),F.A.Q,Kilogram,2.5,3.08,
30876254,2026-08-22,2026-08-22 09:17:57.645027,SELANGOR,PETALING,"KOMPLEKS PASAR BORONG SELANGOR, SERI KEMBANGAN",Borong,20,Sayur-Sayuran,03,007,SAWI HIJAU,F.A.Q,Kilogram,3.5,4.21,
30876255,2026-08-22,2026-08-22 09:17:57.645027,SELANGOR,PETALING,"KOMPLEKS PASAR BORONG SELANGOR, SERI KEMBANGAN",Borong,20,Sayur-Sayuran,03,007,SAWI HIJAU TANAH TINGGI,F.A.Q,Kilogram,3,25,
30876256,2026-08-22,2026-08-22 09:17:57.645027,SELANGOR,PETALING,"KOMPLEKS PASAR BORONG SELANGOR, SERI KEMBANGAN",Borong,20,Sayur-Sayuran,02,010,TERUNG PANJANG / PEPARU (TANAH RENDAH),F.A.Q,Kilogram,7,7.33,
30876257,2026-08-22,2026-08-22 09:17:57.645027,SELANGOR,PETALING,"KOMPLEKS PASAR BORONG SELANGOR, SERI KEMBANGAN",Borong,20,Sayur-Sayuran,02,011,TIMUN HIJAU,F.A.Q,Kilogram,1.5,2.74,
30876258,2026-08-22,2026-08-22 09:17:57.645027,SELANGOR,PETALING,"KOMPLEKS PASAR BORONG SELANGOR, SERI KEMBANGAN",Borong,20,Sayur-Sayuran,02,012,TOMATO (TANAH TINGGI),F.A.Q,Kilogram,5,3.76,
30876259,2026-08-22,2026-08-22 09:20:17.960049,TERENGGANU,KUALA TERENGGANU,PASAR BESAR KEDAI PAYANG,Runcit,,Sayur-Sayuran,05,001,BAWANG BESAR KUNING / HOLLAND,F.A.Q,Kilogram,5,5.07,
30876260,2026-08-22,2026-08-22 09:20:18.024346,TERENGGANU,KUALA TERENGGANU,PASAR BESAR KEDAI PAYANG,Runcit,,Sayur-Sayuran,05,001,BAWANG BESAR MERAH (IMPORT),F.A.Q,Kilogram,5,4.28,
30876261,2026-08-22,2026-08-22 09:20:18.093104,TERENGGANU,KUALA TERENGGANU,PASAR BESAR KEDAI PAYANG,Runcit,,Sayur-Sayuran,05,001,BAWANG BESAR MERAH (INDIA),F.A.Q,Kilogram,5,4.44,
30876262,2026-08-22,2026-08-22 09:20:18.179928,TERENGGANU,KUALA TERENGGANU,PASAR BESAR KEDAI PAYANG,Runcit,,Sayur-Sayuran,05,001,BAWANG MERAH / KECIL (IMPORT),F.A.Q,Kilogram,5,6.56,
30876263,2026-08-22,2026-08-22 09:20:18.262609,TERENGGANU,KUALA TERENGGANU,PASAR BESAR KEDAI PAYANG,Runcit,,Sayur-Sayuran,05,001,BAWANG MERAH / KECIL (INDIA),F.A.Q,Kilogram,5,7.04,
30876264,2026-08-22,2026-08-22 09:20:18.332025,TERENGGANU,KUALA TERENGGANU,PASAR BESAR KEDAI PAYANG,Runcit,,Sayur-Sayuran,05,001,BAWANG MERAH ROSE,F.A.Q,Kilogram,7,12.98,
30876265,2026-08-22,2026-08-22 09:20:18.395879,TERENGGANU,KUALA TERENGGANU,PASAR BESAR KEDAI PAYANG,Runcit,,Sayur-Sayuran,05,001,BAWANG PUTIH (CHINA),F.A.Q,Kilogram,10,8.52,
30876266,2026-08-22,2026-08-22 09:20:18.457404,TERENGGANU,KUALA TERENGGANU,PASAR BESAR KEDAI PAYANG,Runcit,,Sayur-Sayuran,05,009,UBI KENTANG HOLLAND,F.A.Q,Kilogram,3.5,4.09,
30876267,2026-08-22,2026-08-22 09:20:45.701521,TERENGGANU,KUALA TERENGGANU,PASAR BESAR KEDAI PAYANG,Runcit,,Lain-Lain Makanan Proses,15,001,SANTAN PEKAT,F.A.Q,Kilogram,16,11.7,
30876268,2026-08-22,2026-08-22 09:20:45.769748,TERENGGANU,KUALA TERENGGANU,PASAR BESAR KEDAI PAYANG,Runcit,,Tanaman Kontan,05,001,KELAPA DIKUPAS,SEDANG,Biji,3,2.33,
30876269,2026-08-22,2026-08-22 09:20:52.1114,SELANGOR,PETALING,"KOMPLEKS PASAR BORONG SELANGOR, SERI KEMBANGAN",Borong,20,Tanaman Kontan,05,001,KELAPA DIKUPAS,SEDANG,Biji,2.5,2.34,
30876270,2026-08-22,2026-08-22 09:21:30.481024,TERENGGANU,KUALA TERENGGANU,PASAR BESAR KEDAI PAYANG,Runcit,,Buah-Buahan,02,005,BETIK SEKAKI,F.A.Q,Kilogram,7,4.98,
30876271,2026-08-22,2026-08-22 09:21:30.545265,TERENGGANU,KUALA TERENGGANU,PASAR BESAR KEDAI PAYANG,Runcit,,Buah-Buahan,02,023,NANAS JOSAPINE (AC5),F.A.Q,Kilogram,5,4,
30876272,2026-08-22,2026-08-22 09:21:30.617111,TERENGGANU,KUALA TERENGGANU,PASAR BESAR KEDAI PAYANG,Runcit,,Buah-Buahan,02,028,PISANG BERANGAN,F.A.Q,Kilogram,7,5.62,
30876273,2026-08-22,2026-08-22 09:21:30.708095,TERENGGANU,KUALA TERENGGANU,PASAR BESAR KEDAI PAYANG,Runcit,,Buah-Buahan,02,028,PISANG MAS,F.A.Q,Kilogram,7,5.43,
30876274,2026-08-22,2026-08-22 09:21:30.791036,TERENGGANU,KUALA TERENGGANU,PASAR BESAR KEDAI PAYANG,Runcit,,Buah-Buahan,02,034,TEMBIKAI MERAH TANPA BIJI,F.A.Q,Kilogram,4,4.75,
30876275,2026-08-22,2026-08-22 09:22:52.889144,SARAWAK,KUCHING,MEDAN NIAGA SATOK,Borong,20,Sayur-Sayuran,05,001,BAWANG BESAR KUNING / HOLLAND,F.A.Q,Kilogram,3,3,
30876276,2026-08-22,2026-08-22 09:22:52.889144,SARAWAK,KUCHING,MEDAN NIAGA SATOK,Borong,20,Sayur-Sayuran,05,001,BAWANG BESAR MERAH (CHINA),F.A.Q,Kilogram,3,3,
30876277,2026-08-22,2026-08-22 09:22:52.889144,SARAWAK,KUCHING,MEDAN NIAGA SATOK,Borong,20,Sayur-Sayuran,05,001,BAWANG BESAR MERAH (INDIA),F.A.Q,Kilogram,3.5,3.8636363,
30876278,2026-08-22,2026-08-22 09:22:52.889144,SARAWAK,KUCHING,MEDAN NIAGA SATOK,Borong,20,Sayur-Sayuran,05,001,BAWANG MERAH / KECIL (INDIA),F.A.Q,Kilogram,2.5,2.5,
30876279,2026-08-22,2026-08-22 09:22:52.889144,SARAWAK,KUCHING,MEDAN NIAGA SATOK,Borong,20,Sayur-Sayuran,05,001,BAWANG PUTIH (CHINA),F.A.Q,Kilogram,7,7,
30876280,2026-08-22,2026-08-22 09:22:52.889144,SARAWAK,KUCHING,MEDAN NIAGA SATOK,Borong,20,Sayur-Sayuran,03,001,BAYAM,F.A.Q,Kilogram,4,4,
30876281,2026-08-22,2026-08-22 09:22:52.889144,SARAWAK,KUCHING,MEDAN NIAGA SATOK,Borong,20,Sayur-Sayuran,02,002,CILI HIJAU,F.A.Q,Kilogram,10,10.833333,
30876282,2026-08-22,2026-08-22 09:22:52.889144,SARAWAK,KUCHING,MEDAN NIAGA SATOK,Borong,20,Sayur-Sayuran,02,002,CILI MERAH KULAI / KULAI HIBRID,F.A.Q,Kilogram,14,15,
30876283,2026-08-22,2026-08-22 09:22:52.889144,SARAWAK,KUCHING,MEDAN NIAGA SATOK,Borong,20,Sayur-Sayuran,02,002,CILI MERAH MINYAK,F.A.Q,Kilogram,14,15,
30876284,2026-08-22,2026-08-22 09:22:52.889144,SARAWAK,KUCHING,MEDAN NIAGA SATOK,Borong,20,Sayur-Sayuran,03,009,DAUN BAWANG,F.A.Q,Kilogram,25,28.333334,
30876285,2026-08-22,2026-08-22 09:22:52.889144,SARAWAK,KUCHING,MEDAN NIAGA SATOK,Borong,20,Sayur-Sayuran,03,015,DAUN SUP (TANAH TINGGI),F.A.Q,Kilogram,30,30.833334,
30876286,2026-08-22,2026-08-22 09:22:52.889144,SARAWAK,KUCHING,MEDAN NIAGA SATOK,Borong,20,Sayur-Sayuran,04,002,KACANG BENDI,F.A.Q,Kilogram,6,5.7272725,
30876287,2026-08-22,2026-08-22 09:22:52.889144,SARAWAK,KUCHING,MEDAN NIAGA SATOK,Borong,20,Sayur-Sayuran,04,003,KACANG BUNCIS,F.A.Q,Kilogram,11,11.166667,
30876288,2026-08-22,2026-08-22 09:22:52.889144,SARAWAK,KUCHING,MEDAN NIAGA SATOK,Borong,20,Sayur-Sayuran,04,007,KACANG PANJANG HIJAU,F.A.Q,Kilogram,4,6,
30876289,2026-08-22,2026-08-22 09:22:52.889144,SARAWAK,KUCHING,MEDAN NIAGA SATOK,Borong,20,Sayur-Sayuran,03,019,KANGKUNG,F.A.Q,Kilogram,4,4.2,
30876290,2026-08-22,2026-08-22 09:22:52.889144,SARAWAK,KUCHING,MEDAN NIAGA SATOK,Borong,20,Sayur-Sayuran,03,006,KUBIS BULAT (CHINA),F.A.Q,Kilogram,3,3,
30876291,2026-08-22,2026-08-22 09:22:52.889144,SARAWAK,KUCHING,MEDAN NIAGA SATOK,Borong,20,Sayur-Sayuran,03,007,SAWI HIJAU,F.A.Q,Kilogram,9,8,
30876292,2026-08-22,2026-08-22 09:22:52.889144,SARAWAK,KUCHING,MEDAN NIAGA SATOK,Borong,20,Sayur-Sayuran,02,010,TERUNG PANJANG / PEPARU (TANAH RENDAH),F.A.Q,Kilogram,4,4.2727275,
30876293,2026-08-22,2026-08-22 09:22:52.889144,SARAWAK,KUCHING,MEDAN NIAGA SATOK,Borong,20,Sayur-Sayuran,02,011,TIMUN HIJAU,F.A.Q,Kilogram,4,4.590909,
30876294,2026-08-22,2026-08-22 09:22:52.889144,SARAWAK,KUCHING,MEDAN NIAGA SATOK,Borong,20,Sayur-Sayuran,02,012,TOMATO (TANAH TINGGI),F.A.Q,Kilogram,10,10.272727,
30876295,2026-08-22,2026-08-22 09:22:52.889144,SARAWAK,KUCHING,MEDAN NIAGA SATOK,Borong,20,Sayur-Sayuran,02,012,TOMATO IMPORT,F.A.Q,Kilogram,8,8,
30876296,2026-08-22,2026-08-22 09:22:52.889144,SARAWAK,KUCHING,MEDAN NIAGA SATOK,Borong,20,Sayur-Sayuran,05,009,UBI KENTANG HOLLAND,F.A.Q,Kilogram,2,2,
30876297,2026-08-22,2026-08-22 09:23:03.808107,W.P. KUALA LUMPUR,BATU,PASAR HARIAN SELAYANG,Runcit,26,Sayur-Sayuran,03,001,BAYAM,F.A.Q,Kilogram,3.5,3.625,
30876298,2026-08-22,2026-08-22 09:23:03.808107,W.P. KUALA LUMPUR,BATU,PASAR HARIAN SELAYANG,Runcit,26,Sayur-Sayuran,03,001,BAYAM,F.A.Q,Kilogram,4,3.625,
30876299,2026-08-22,2026-08-22 09:23:03.808107,W.P. KUALA LUMPUR,BATU,PASAR HARIAN SELAYANG,Runcit,26,Sayur-Sayuran,02,002,CILI HIJAU,F.A.Q,Kilogram,10,11,
30876300,2026-08-22,2026-08-22 09:23:03.808107,W.P. KUALA LUMPUR,BATU,PASAR HARIAN SELAYANG,Runcit,26,Sayur-Sayuran,02,002,CILI HIJAU,F.A.Q,Kilogram,10,11,
30876301,2026-08-22,2026-08-22 09:23:03.808107,W.P. KUALA LUMPUR,BATU,PASAR HARIAN SELAYANG,Runcit,26,Sayur-Sayuran,02,002,CILI HIJAU (IMPORT),F.A.Q,Kilogram,9,10,
30876302,2026-08-22,2026-08-22 09:23:03.808107,W.P. KUALA LUMPUR,BATU,PASAR HARIAN SELAYANG,Runcit,26,Sayur-Sayuran,02,002,CILI MERAH (CHINA),F.A.Q,Kilogram,10,10.5,
30876303,2026-08-22,2026-08-22 09:23:03.808107,W.P. KUALA LUMPUR,BATU,PASAR HARIAN SELAYANG,Runcit,26,Sayur-Sayuran,02,002,CILI MERAH (THAILAND),F.A.Q,Kilogram,10,10.6,
30876304,2026-08-22,2026-08-22 09:23:03.808107,W.P. KUALA LUMPUR,BATU,PASAR HARIAN SELAYANG,Runcit,26,Sayur-Sayuran,02,002,CILI MERAH (VIETNAM),F.A.Q,Kilogram,10,10.6,
30876305,2026-08-22,2026-08-22 09:23:03.808107,W.P. KUALA LUMPUR,BATU,PASAR HARIAN SELAYANG,Runcit,26,Sayur-Sayuran,02,002,CILI MERAH KULAI / KULAI HIBRID,F.A.Q,Kilogram,18,17.352942,
30876306,2026-08-22,2026-08-22 09:23:03.808107,W.P. KUALA LUMPUR,BATU,PASAR HARIAN SELAYANG,Runcit,26,Sayur-Sayuran,02,002,CILI MERAH KULAI / KULAI HIBRID,F.A.Q,Kilogram,16,17.352942,
30876307,2026-08-22,2026-08-22 09:23:03.808107,W.P. KUALA LUMPUR,BATU,PASAR HARIAN SELAYANG,Runcit,26,Sayur-Sayuran,02,002,CILI MERAH MINYAK,F.A.Q,Kilogram,12,11.947369,
30876308,2026-08-22,2026-08-22 09:23:03.808107,W.P. KUALA LUMPUR,BATU,PASAR HARIAN SELAYANG,Runcit,26,Sayur-Sayuran,02,002,CILI MERAH MINYAK,F.A.Q,Kilogram,13,11.947369,
30876309,2026-08-22,2026-08-22 09:23:03.808107,W.P. KUALA LUMPUR,BATU,PASAR HARIAN SELAYANG,Runcit,26,Sayur-Sayuran,03,009,DAUN BAWANG,F.A.Q,Kilogram,7,7.142857,
30876310,2026-08-22,2026-08-22 09:23:03.808107,W.P. KUALA LUMPUR,BATU,PASAR HARIAN SELAYANG,Runcit,26,Sayur-Sayuran,03,009,DAUN BAWANG,F.A.Q,Kilogram,5,7.142857,
30876311,2026-08-22,2026-08-22 09:23:03.808107,W.P. KUALA LUMPUR,BATU,PASAR HARIAN SELAYANG,Runcit,26,Sayur-Sayuran,03,015,DAUN SUP (TANAH TINGGI),F.A.Q,Kilogram,15,17.642857,
30876312,2026-08-22,2026-08-22 09:23:03.808107,W.P. KUALA LUMPUR,BATU,PASAR HARIAN SELAYANG,Runcit,26,Sayur-Sayuran,03,015,DAUN SUP (TANAH TINGGI),F.A.Q,Kilogram,16,17.642857,
30876313,2026-08-22,2026-08-22 09:23:03.808107,W.P. KUALA LUMPUR,BATU,PASAR HARIAN SELAYANG,Runcit,26,Sayur-Sayuran,04,002,KACANG BENDI,F.A.Q,Kilogram,6,7.7,
30876314,2026-08-22,2026-08-22 09:23:03.808107,W.P. KUALA LUMPUR,BATU,PASAR HARIAN SELAYANG,Runcit,26,Sayur-Sayuran,04,002,KACANG BENDI,F.A.Q,Kilogram,8,7.7,
30876315,2026-08-22,2026-08-22 09:23:03.808107,W.P. KUALA LUMPUR,BATU,PASAR HARIAN SELAYANG,Runcit,26,Sayur-Sayuran,04,003,KACANG BUNCIS,F.A.Q,Kilogram,10,11.785714,
30876316,2026-08-22,2026-08-22 09:23:03.808107,W.P. KUALA LUMPUR,BATU,PASAR HARIAN SELAYANG,Runcit,26,Sayur-Sayuran,04,003,KACANG BUNCIS,F.A.Q,Kilogram,10,11.785714,
30876317,2026-08-22,2026-08-22 09:23:03.808107,W.P. KUALA LUMPUR,BATU,PASAR HARIAN SELAYANG,Runcit,26,Sayur-Sayuran,04,007,KACANG PANJANG HIJAU,F.A.Q,Kilogram,8,6.25,
30876318,2026-08-22,2026-08-22 09:23:03.808107,W.P. KUALA LUMPUR,BATU,PASAR HARIAN SELAYANG,Runcit,26,Sayur-Sayuran,04,007,KACANG PANJANG HIJAU,F.A.Q,Kilogram,9,6.25,
30876319,2026-08-22,2026-08-22 09:23:03.808107,W.P. KUALA LUMPUR,BATU,PASAR HARIAN SELAYANG,Runcit,26,Sayur-Sayuran,03,019,KANGKUNG,F.A.Q,Kilogram,3,3.392857,
30876320,2026-08-22,2026-08-22 09:23:03.808107,W.P. KUALA LUMPUR,BATU,PASAR HARIAN SELAYANG,Runcit,26,Sayur-Sayuran,03,019,KANGKUNG,F.A.Q,Kilogram,4,3.392857,
30876321,2026-08-22,2026-08-22 09:23:03.808107,W.P. KUALA LUMPUR,BATU,PASAR HARIAN SELAYANG,Runcit,26,Sayur-Sayuran,03,006,KUBIS BULAT (CHINA),F.A.Q,Kilogram,2.5,2.7785714,
30876322,2026-08-22,2026-08-22 09:23:03.808107,W.P. KUALA LUMPUR,BATU,PASAR HARIAN SELAYANG,Runcit,26,Sayur-Sayuran,03,006,KUBIS BULAT (CHINA),F.A.Q,Kilogram,2.5,2.7785714,
30876323,2026-08-22,2026-08-22 09:23:03.808107,W.P. KUALA LUMPUR,BATU,PASAR HARIAN SELAYANG,Runcit,26,Sayur-Sayuran,03,006,KUBIS BULAT (TANAH TINGGI),F.A.Q,Kilogram,4.5,4.6363635,
30876324,2026-08-22,2026-08-22 09:23:03.808107,W.P. KUALA LUMPUR,BATU,PASAR HARIAN SELAYANG,Runcit,26,Sayur-Sayuran,03,007,SAWI HIJAU,F.A.Q,Kilogram,4.5,4.8055553,
30876325,2026-08-22,2026-08-22 09:23:03.808107,W.P. KUALA LUMPUR,BATU,PASAR HARIAN SELAYANG,Runcit,26,Sayur-Sayuran,03,007,SAWI HIJAU,F.A.Q,Kilogram,5,4.8055553,
30876326,2026-08-22,2026-08-22 09:23:03.808107,W.P. KUALA LUMPUR,BATU,PASAR HARIAN SELAYANG,Runcit,26,Sayur-Sayuran,02,010,TERUNG PANJANG / PEPARU (TANAH RENDAH),F.A.Q,Kilogram,10,8.95,
30876327,2026-08-22,2026-08-22 09:23:03.808107,W.P. KUALA LUMPUR,BATU,PASAR HARIAN SELAYANG,Runcit,26,Sayur-Sayuran,02,010,TERUNG PANJANG / PEPARU (TANAH RENDAH),F.A.Q,Kilogram,9,8.95,
30876328,2026-08-22,2026-08-22 09:23:03.808107,W.P. KUALA LUMPUR,BATU,PASAR HARIAN SELAYANG,Runcit,26,Sayur-Sayuran,02,011,TIMUN HIJAU,F.A.Q,Kilogram,2.5,2.36,
30876329,2026-08-22,2026-08-22 09:23:03.808107,W.P. KUALA LUMPUR,BATU,PASAR HARIAN SELAYANG,Runcit,26,Sayur-Sayuran,02,011,TIMUN HIJAU,F.A.Q,Kilogram,2,2.36,
30876330,2026-08-22,2026-08-22 09:23:03.808107,W.P. KUALA LUMPUR,BATU,PASAR HARIAN SELAYANG,Runcit,26,Sayur-Sayuran,02,012,TOMATO (TANAH TINGGI),F.A.Q,Kilogram,6.5,8,
30876331,2026-08-22,2026-08-22 09:23:03.808107,W.P. KUALA LUMPUR,BATU,PASAR HARIAN SELAYANG,Runcit,26,Sayur-Sayuran,02,012,TOMATO (TANAH TINGGI),F.A.Q,Kilogram,6.5,8,
30876332,2026-08-22,2026-08-22 09:24:12.54429,MELAKA,MELAKA TENGAH,PASAR BORONG MPHTJ BATU BERENDAM - BAHAGIAN BORONG,Borong,20,Sayur-Sayuran,05,001,BAWANG BESAR KUNING / HOLLAND,F.A.Q,Kilogram,3,3,
30876333,2026-08-22,2026-08-22 09:24:12.54429,MELAKA,MELAKA TENGAH,PASAR BORONG MPHTJ BATU BERENDAM - BAHAGIAN BORONG,Borong,20,Sayur-Sayuran,05,001,BAWANG BESAR MERAH (INDIA),F.A.Q,Kilogram,1.8,1.9444444,
30876334,2026-08-22,2026-08-22 09:24:12.54429,MELAKA,MELAKA TENGAH,PASAR BORONG MPHTJ BATU BERENDAM - BAHAGIAN BORONG,Borong,20,Sayur-Sayuran,05,001,BAWANG MERAH / KECIL (INDIA),F.A.Q,Kilogram,3,3.2,
30876335,2026-08-22,2026-08-22 09:24:12.54429,MELAKA,MELAKA TENGAH,PASAR BORONG MPHTJ BATU BERENDAM - BAHAGIAN BORONG,Borong,20,Sayur-Sayuran,05,001,BAWANG MERAH / KECIL (THAI),F.A.Q,Kilogram,8,6.58,
30876336,2026-08-22,2026-08-22 09:24:12.54429,MELAKA,MELAKA TENGAH,PASAR BORONG MPHTJ BATU BERENDAM - BAHAGIAN BORONG,Borong,20,Sayur-Sayuran,05,001,BAWANG MERAH ROSE,F.A.Q,Kilogram,4,4.68,
30876337,2026-08-22,2026-08-22 09:24:12.54429,MELAKA,MELAKA TENGAH,PASAR BORONG MPHTJ BATU BERENDAM - BAHAGIAN BORONG,Borong,20,Sayur-Sayuran,05,001,BAWANG PUTIH (CHINA),F.A.Q,Kilogram,7,7,
30876338,2026-08-22,2026-08-22 09:24:12.54429,MELAKA,MELAKA TENGAH,PASAR BORONG MPHTJ BATU BERENDAM - BAHAGIAN BORONG,Borong,20,Sayur-Sayuran,03,001,BAYAM,F.A.Q,Kilogram,1.8,2.4375,
30876339,2026-08-22,2026-08-22 09:24:12.54429,MELAKA,MELAKA TENGAH,PASAR BORONG MPHTJ BATU BERENDAM - BAHAGIAN BORONG,Borong,20,Sayur-Sayuran,03,001,BAYAM,F.A.Q,Kilogram,2,2.4375,
30876340,2026-08-22,2026-08-22 09:24:12.54429,MELAKA,MELAKA TENGAH,PASAR BORONG MPHTJ BATU BERENDAM - BAHAGIAN BORONG,Borong,20,Sayur-Sayuran,02,002,CILI HIJAU,F.A.Q,Kilogram,8,8.166667,
30876341,2026-08-22,2026-08-22 09:24:12.54429,MELAKA,MELAKA TENGAH,PASAR BORONG MPHTJ BATU BERENDAM - BAHAGIAN BORONG,Borong,20,Sayur-Sayuran,02,002,CILI HIJAU,F.A.Q,Kilogram,9,8.166667,
30876342,2026-08-22,2026-08-22 09:24:12.54429,MELAKA,MELAKA TENGAH,PASAR BORONG MPHTJ BATU BERENDAM - BAHAGIAN BORONG,Borong,20,Sayur-Sayuran,02,002,CILI MERAH (CHINA),F.A.Q,Kilogram,10,8.5,
30876343,2026-08-22,2026-08-22 09:24:12.54429,MELAKA,MELAKA TENGAH,PASAR BORONG MPHTJ BATU BERENDAM - BAHAGIAN BORONG,Borong,20,Sayur-Sayuran,02,002,CILI MERAH (VIETNAM),F.A.Q,Kilogram,9,8.3,
30876344,2026-08-22,2026-08-22 09:24:12.54429,MELAKA,MELAKA TENGAH,PASAR BORONG MPHTJ BATU BERENDAM - BAHAGIAN BORONG,Borong,20,Sayur-Sayuran,02,002,CILI MERAH KULAI / KULAI HIBRID,F.A.Q,Kilogram,13,12.421177,
30876345,2026-08-22,2026-08-22 09:24:12.54429,MELAKA,MELAKA TENGAH,PASAR BORONG MPHTJ BATU BERENDAM - BAHAGIAN BORONG,Borong,20,Sayur-Sayuran,02,002,CILI MERAH MINYAK,F.A.Q,Kilogram,12,11.273334,
30876346,2026-08-22,2026-08-22 09:24:12.54429,MELAKA,MELAKA TENGAH,PASAR BORONG MPHTJ BATU BERENDAM - BAHAGIAN BORONG,Borong,20,Sayur-Sayuran,03,009,DAUN BAWANG,F.A.Q,Kilogram,3.5,3.6,
30876347,2026-08-22,2026-08-22 09:24:12.54429,MELAKA,MELAKA TENGAH,PASAR BORONG MPHTJ BATU BERENDAM - BAHAGIAN BORONG,Borong,20,Sayur-Sayuran,03,009,DAUN BAWANG,F.A.Q,Kilogram,3.5,3.6,
30876348,2026-08-22,2026-08-22 09:24:12.54429,MELAKA,MELAKA TENGAH,PASAR BORONG MPHTJ BATU BERENDAM - BAHAGIAN BORONG,Borong,20,Sayur-Sayuran,03,015,DAUN SUP (TANAH TINGGI),F.A.Q,Kilogram,6,11.666667,
30876349,2026-08-22,2026-08-22 09:24:12.54429,MELAKA,MELAKA TENGAH,PASAR BORONG MPHTJ BATU BERENDAM - BAHAGIAN BORONG,Borong,20,Sayur-Sayuran,03,015,DAUN SUP (TANAH TINGGI),F.A.Q,Kilogram,6,11.666667,
30876350,2026-08-22,2026-08-22 09:24:12.54429,MELAKA,MELAKA TENGAH,PASAR BORONG MPHTJ BATU BERENDAM - BAHAGIAN BORONG,Borong,20,Sayur-Sayuran,04,002,KACANG BENDI,F.A.Q,Kilogram,4.8,5.6941175,
30876351,2026-08-22,2026-08-22 09:24:12.54429,MELAKA,MELAKA TENGAH,PASAR BORONG MPHTJ BATU BERENDAM - BAHAGIAN BORONG,Borong,20,Sayur-Sayuran,04,002,KACANG BENDI,F.A.Q,Kilogram,5,5.6941175,
30876352,2026-08-22,2026-08-22 09:24:12.54429,MELAKA,MELAKA TENGAH,PASAR BORONG MPHTJ BATU BERENDAM - BAHAGIAN BORONG,Borong,20,Sayur-Sayuran,04,003,KACANG BUNCIS,F.A.Q,Kilogram,5,8.055555,
30876353,2026-08-22,2026-08-22 09:24:12.54429,MELAKA,MELAKA TENGAH,PASAR BORONG MPHTJ BATU BERENDAM - BAHAGIAN BORONG,Borong,20,Sayur-Sayuran,04,003,KACANG BUNCIS,F.A.Q,Kilogram,5,8.055555,
30876354,2026-08-22,2026-08-22 09:24:12.54429,MELAKA,MELAKA TENGAH,PASAR BORONG MPHTJ BATU BERENDAM - BAHAGIAN BORONG,Borong,20,Sayur-Sayuran,04,007,KACANG PANJANG HIJAU,F.A.Q,Kilogram,3.8,3.947059,
30876355,2026-08-22,2026-08-22 09:24:12.54429,MELAKA,MELAKA TENGAH,PASAR BORONG MPHTJ BATU BERENDAM - BAHAGIAN BORONG,Borong,20,Sayur-Sayuran,04,007,KACANG PANJANG HIJAU,F.A.Q,Kilogram,3.7,3.947059,
30876356,2026-08-22,2026-08-22 09:24:12.54429,MELAKA,MELAKA TENGAH,PASAR BORONG MPHTJ BATU BERENDAM - BAHAGIAN BORONG,Borong,20,Sayur-Sayuran,03,019,KANGKUNG,F.A.Q,Kilogram,1.8,2.0666666,
30876357,2026-08-22,2026-08-22 09:24:12.54429,MELAKA,MELAKA TENGAH,PASAR BORONG MPHTJ BATU BERENDAM - BAHAGIAN BORONG,Borong,20,Sayur-Sayuran,03,019,KANGKUNG,F.A.Q,Kilogram,1.8,2.0666666,
30876358,2026-08-22,2026-08-22 09:24:12.54429,MELAKA,MELAKA TENGAH,PASAR BORONG MPHTJ BATU BERENDAM - BAHAGIAN BORONG,Borong,20,Sayur-Sayuran,03,006,KUBIS BULAT (CHINA),F.A.Q,Kilogram,1.8,2.0555556,
30876359,2026-08-22,2026-08-22 09:24:12.54429,MELAKA,MELAKA TENGAH,PASAR BORONG MPHTJ BATU BERENDAM - BAHAGIAN BORONG,Borong,20,Sayur-Sayuran,03,006,KUBIS BULAT (CHINA),F.A.Q,Kilogram,1.9,2.0555556,
30876360,2026-08-22,2026-08-22 09:24:12.54429,MELAKA,MELAKA TENGAH,PASAR BORONG MPHTJ BATU BERENDAM - BAHAGIAN BORONG,Borong,20,Sayur-Sayuran,03,006,KUBIS BULAT (TANAH TINGGI),F.A.Q,Kilogram,2.2,2.3785715,
30876361,2026-08-22,2026-08-22 09:24:12.54429,MELAKA,MELAKA TENGAH,PASAR BORONG MPHTJ BATU BERENDAM - BAHAGIAN BORONG,Borong,20,Sayur-Sayuran,03,007,SAWI HIJAU,F.A.Q,Kilogram,2.5,2.8294117,
30876362,2026-08-22,2026-08-22 09:24:12.54429,MELAKA,MELAKA TENGAH,PASAR BORONG MPHTJ BATU BERENDAM - BAHAGIAN BORONG,Borong,20,Sayur-Sayuran,03,007,SAWI HIJAU,F.A.Q,Kilogram,2.5,2.8294117,
30876363,2026-08-22,2026-08-22 09:24:12.54429,MELAKA,MELAKA TENGAH,PASAR BORONG MPHTJ BATU BERENDAM - BAHAGIAN BORONG,Borong,20,Sayur-Sayuran,03,007,SAWI HIJAU TANAH TINGGI,F.A.Q,Kilogram,2.5,2.9285715,
30876364,2026-08-22,2026-08-22 09:24:12.54429,MELAKA,MELAKA TENGAH,PASAR BORONG MPHTJ BATU BERENDAM - BAHAGIAN BORONG,Borong,20,Sayur-Sayuran,03,007,SAWI HIJAU TANAH TINGGI,F.A.Q,Kilogram,2.5,2.9285715,
30876365,2026-08-22,2026-08-22 09:24:12.54429,MELAKA,MELAKA TENGAH,PASAR BORONG MPHTJ BATU BERENDAM - BAHAGIAN BORONG,Borong,20,Sayur-Sayuran,02,010,TERUNG PANJANG / PEPARU (TANAH RENDAH),F.A.Q,Kilogram,5.8,5.9588237,
30876366,2026-08-22,2026-08-22 09:24:12.54429,MELAKA,MELAKA TENGAH,PASAR BORONG MPHTJ BATU BERENDAM - BAHAGIAN BORONG,Borong,20,Sayur-Sayuran,02,010,TERUNG PANJANG / PEPARU (TANAH RENDAH),F.A.Q,Kilogram,6,5.9588237,
30876367,2026-08-22,2026-08-22 09:24:12.54429,MELAKA,MELAKA TENGAH,PASAR BORONG MPHTJ BATU BERENDAM - BAHAGIAN BORONG,Borong,20,Sayur-Sayuran,02,011,TIMUN HIJAU,F.A.Q,Kilogram,1.5,2.2941177,
30876368,2026-08-22,2026-08-22 09:24:12.54429,MELAKA,MELAKA TENGAH,PASAR BORONG MPHTJ BATU BERENDAM - BAHAGIAN BORONG,Borong,20,Sayur-Sayuran,02,011,TIMUN HIJAU,F.A.Q,Kilogram,1.6,2.2941177,
30876369,2026-08-22,2026-08-22 09:24:12.54429,MELAKA,MELAKA TENGAH,PASAR BORONG MPHTJ BATU BERENDAM - BAHAGIAN BORONG,Borong,20,Sayur-Sayuran,02,012,TOMATO (TANAH TINGGI),F.A.Q,Kilogram,6,6.2764707,
30876370,2026-08-22,2026-08-22 09:24:12.54429,MELAKA,MELAKA TENGAH,PASAR BORONG MPHTJ BATU BERENDAM - BAHAGIAN BORONG,Borong,20,Sayur-Sayuran,02,012,TOMATO (TANAH TINGGI),F.A.Q,Kilogram,6,6.2764707,
30876371,2026-08-22,2026-08-22 09:24:12.54429,MELAKA,MELAKA TENGAH,PASAR BORONG MPHTJ BATU BERENDAM - BAHAGIAN BORONG,Borong,20,Sayur-Sayuran,05,009,UBI KENTANG (IMPORT),F.A.Q,Kilogram,2,2.05,
30876372,2026-08-22,2026-08-22 09:24:12.54429,MELAKA,MELAKA TENGAH,PASAR BORONG MPHTJ BATU BERENDAM - BAHAGIAN BORONG,Borong,20,Sayur-Sayuran,05,009,UBI KENTANG HOLLAND,F.A.Q,Kilogram,2.3,2.3,
30876373,2026-08-22,2026-08-22 09:25:17.613691,MELAKA,MELAKA TENGAH,PASAR BORONG MPHTJ BATU BERENDAM - BAHAGIAN BORONG,Borong,20,Buah-Buahan,02,005,BETIK SEKAKI,F.A.Q,Kilogram,5,4.5,
30876374,2026-08-22,2026-08-22 09:25:17.613691,MELAKA,MELAKA TENGAH,PASAR BORONG MPHTJ BATU BERENDAM - BAHAGIAN BORONG,Borong,20,Buah-Buahan,02,023,NANAS JOSAPINE (AC5),F.A.Q,Kilogram,3.5,3.5,
30876375,2026-08-22,2026-08-22 09:25:17.613691,MELAKA,MELAKA TENGAH,PASAR BORONG MPHTJ BATU BERENDAM - BAHAGIAN BORONG,Borong,20,Buah-Buahan,02,028,PISANG BERANGAN,F.A.Q,Kilogram,4.5,4.05,
30876376,2026-08-22,2026-08-22 09:25:17.613691,MELAKA,MELAKA TENGAH,PASAR BORONG MPHTJ BATU BERENDAM - BAHAGIAN BORONG,Borong,20,Buah-Buahan,02,028,PISANG MAS,F.A.Q,Kilogram,2.8,3,
30876377,2026-08-22,2026-08-22 09:25:17.613691,MELAKA,MELAKA TENGAH,PASAR BORONG MPHTJ BATU BERENDAM - BAHAGIAN BORONG,Borong,20,Buah-Buahan,02,034,TEMBIKAI MERAH TANPA BIJI,F.A.Q,Kilogram,3,3.2777777,
30876378,2026-08-22,2026-08-22 09:25:33.38374,MELAKA,MELAKA TENGAH,PASAR BORONG MPHTJ BATU BERENDAM - BAHAGIAN BORONG,Borong,20,Tanaman Kontan,05,001,KELAPA DIKUPAS,SEDANG,Biji,1.75,1.735,
30876379,2026-08-22,2026-08-22 09:26:13.848858,JOHOR,MERSING,PASAR AWAM MERSING,Runcit,26,Sayur-Sayuran,05,001,BAWANG BESAR KUNING / HOLLAND,F.A.Q,Kilogram,5,5,
30876380,2026-08-22,2026-08-22 09:26:13.848858,JOHOR,MERSING,PASAR AWAM MERSING,Runcit,26,Sayur-Sayuran,05,001,BAWANG BESAR MERAH (IMPORT),F.A.Q,Kilogram,5,4.571429,
30876381,2026-08-22,2026-08-22 09:26:13.848858,JOHOR,MERSING,PASAR AWAM MERSING,Runcit,26,Sayur-Sayuran,05,001,BAWANG MERAH ROSE,F.A.Q,Kilogram,10,10,
30876382,2026-08-22,2026-08-22 09:26:13.848858,JOHOR,MERSING,PASAR AWAM MERSING,Runcit,26,Sayur-Sayuran,05,001,BAWANG PUTIH (CHINA),F.A.Q,Kilogram,12,12,
30876383,2026-08-22,2026-08-22 09:26:13.848858,JOHOR,MERSING,PASAR AWAM MERSING,Runcit,26,Sayur-Sayuran,02,002,CILI HIJAU,F.A.Q,Kilogram,15,14.272727,
30876384,2026-08-22,2026-08-22 09:26:13.848858,JOHOR,MERSING,PASAR AWAM MERSING,Runcit,26,Sayur-Sayuran,02,002,CILI MERAH KULAI / KULAI HIBRID,F.A.Q,Kilogram,20,16.25,
30876385,2026-08-22,2026-08-22 09:26:13.848858,JOHOR,MERSING,PASAR AWAM MERSING,Runcit,26,Sayur-Sayuran,03,009,DAUN BAWANG,F.A.Q,Kilogram,12,12.222222,
30876386,2026-08-22,2026-08-22 09:26:13.848858,JOHOR,MERSING,PASAR AWAM MERSING,Runcit,26,Sayur-Sayuran,03,015,DAUN SUP (TANAH TINGGI),F.A.Q,Kilogram,23,22.5,
30876387,2026-08-22,2026-08-22 09:26:13.848858,JOHOR,MERSING,PASAR AWAM MERSING,Runcit,26,Sayur-Sayuran,04,002,KACANG BENDI,F.A.Q,Kilogram,10,9.818182,
30876388,2026-08-22,2026-08-22 09:26:13.848858,JOHOR,MERSING,PASAR AWAM MERSING,Runcit,26,Sayur-Sayuran,04,003,KACANG BUNCIS,F.A.Q,Kilogram,15,15.181818,
30876389,2026-08-22,2026-08-22 09:26:13.848858,JOHOR,MERSING,PASAR AWAM MERSING,Runcit,26,Sayur-Sayuran,04,007,KACANG PANJANG HIJAU,F.A.Q,Kilogram,10,9.818182,
30876390,2026-08-22,2026-08-22 09:26:13.848858,JOHOR,MERSING,PASAR AWAM MERSING,Runcit,26,Sayur-Sayuran,03,006,KUBIS BULAT (CHINA),F.A.Q,Kilogram,6,6,
30876391,2026-08-22,2026-08-22 09:26:13.848858,JOHOR,MERSING,PASAR AWAM MERSING,Runcit,26,Sayur-Sayuran,02,011,TIMUN HIJAU,F.A.Q,Kilogram,6,5.6363635,
30876392,2026-08-22,2026-08-22 09:26:13.848858,JOHOR,MERSING,PASAR AWAM MERSING,Runcit,26,Sayur-Sayuran,02,012,TOMATO (TANAH TINGGI),F.A.Q,Kilogram,12,12,
30876393,2026-08-22,2026-08-22 09:26:13.848858,JOHOR,MERSING,PASAR AWAM MERSING,Runcit,26,Sayur-Sayuran,05,009,UBI KENTANG HOLLAND,F.A.Q,Kilogram,5,5,
30876394,2026-08-22,2026-08-22 09:27:51.079362,SARAWAK,KUCHING,MEDAN NIAGA SATOK,Borong,20,Buah-Buahan,02,005,BETIK SEKAKI,F.A.Q,Kilogram,3,2.8333333,
30876395,2026-08-22,2026-08-22 09:27:51.079362,SARAWAK,KUCHING,MEDAN NIAGA SATOK,Borong,20,Buah-Buahan,02,028,PISANG BERANGAN,F.A.Q,Kilogram,5.5,3.590909,
30876396,2026-08-22,2026-08-22 09:27:51.079362,SARAWAK,KUCHING,MEDAN NIAGA SATOK,Borong,20,Buah-Buahan,02,028,PISANG MAS,F.A.Q,Kilogram,3,3,
30876397,2026-08-22,2026-08-22 09:27:51.079362,SARAWAK,KUCHING,MEDAN NIAGA SATOK,Borong,20,Buah-Buahan,02,034,TEMBIKAI MERAH TANPA BIJI,F.A.Q,Kilogram,2.3,2.3,
30876398,2026-08-22,2026-08-22 09:28:25.144604,SARAWAK,KUCHING,MEDAN NIAGA SATOK,Borong,20,Tanaman Kontan,05,001,KELAPA DIKUPAS,SEDANG,Biji,1.6,1.6,
30876399,2026-08-22,2026-08-22 09:28:32.325424,SELANGOR,KLANG,[LOKASI KUTIPAN HARGA LADANG] JOHAN SETIA,Ladang,,Sayur-Sayuran,03,001,BAYAM,F.A.Q,Kilogram,2,2.26,
30876400,2026-08-22,2026-08-22 09:28:32.325424,SELANGOR,KLANG,[LOKASI KUTIPAN HARGA LADANG] JOHAN SETIA,Ladang,,Sayur-Sayuran,04,002,KACANG BENDI,F.A.Q,Kilogram,4,4.27,
30876401,2026-08-22,2026-08-22 09:28:32.325424,SELANGOR,KLANG,[LOKASI KUTIPAN HARGA LADANG] JOHAN SETIA,Ladang,,Sayur-Sayuran,04,007,KACANG PANJANG HIJAU,F.A.Q,Kilogram,4,4.06,
30876402,2026-08-22,2026-08-22 09:28:32.325424,SELANGOR,KLANG,[LOKASI KUTIPAN HARGA LADANG] JOHAN SETIA,Ladang,,Sayur-Sayuran,03,019,KANGKUNG,F.A.Q,Kilogram,2,2.32,
30876403,2026-08-22,2026-08-22 09:28:32.325424,SELANGOR,KLANG,[LOKASI KUTIPAN HARGA LADANG] JOHAN SETIA,Ladang,,Sayur-Sayuran,03,007,SAWI HIJAU,F.A.Q,Kilogram,3,2.78,
30876404,2026-08-22,2026-08-22 09:28:32.325424,SELANGOR,KLANG,[LOKASI KUTIPAN HARGA LADANG] JOHAN SETIA,Ladang,,Sayur-Sayuran,02,011,TIMUN HIJAU,F.A.Q,Kilogram,2,1.86,
30876405,2026-08-22,2026-08-22 09:30:43.998705,SELANGOR,KLANG,"[LOKASI KUTIPAN HARGA LADANG] KLANG, JALAN NENAS",Ladang,,Sayur-Sayuran,02,002,CILI MERAH KULAI / KULAI HIBRID,F.A.Q,Kilogram,8,9.51,
30876406,2026-08-22,2026-08-22 09:30:55.900024,MELAKA,MELAKA TENGAH,,Ladang,27,Sayur-Sayuran,03,001,BAYAM,F.A.Q,Kilogram,1.5,1.6125,
30876407,2026-08-22,2026-08-22 09:30:55.900024,MELAKA,MELAKA TENGAH,,Ladang,27,Sayur-Sayuran,02,002,CILI HIJAU,F.A.Q,Kilogram,7,6.5,
30876408,2026-08-22,2026-08-22 09:30:55.900024,MELAKA,MELAKA TENGAH,,Ladang,27,Sayur-Sayuran,02,002,CILI MERAH KULAI / KULAI HIBRID,F.A.Q,Kilogram,11,10.5625,
30876409,2026-08-22,2026-08-22 09:30:55.900024,MELAKA,MELAKA TENGAH,,Ladang,27,Sayur-Sayuran,02,002,CILI MERAH MINYAK,F.A.Q,Kilogram,10,9.0625,
30876410,2026-08-22,2026-08-22 09:30:55.900024,MELAKA,MELAKA TENGAH,,Ladang,27,Sayur-Sayuran,04,002,KACANG BENDI,F.A.Q,Kilogram,3.5,3.7625,
30876411,2026-08-22,2026-08-22 09:30:55.900024,MELAKA,MELAKA TENGAH,,Ladang,27,Sayur-Sayuran,04,007,KACANG PANJANG HIJAU,F.A.Q,Kilogram,3,2.875,
30876412,2026-08-22,2026-08-22 09:30:55.900024,MELAKA,MELAKA TENGAH,,Ladang,27,Sayur-Sayuran,03,019,KANGKUNG,F.A.Q,Kilogram,1.3,1.425,
30876413,2026-08-22,2026-08-22 09:30:55.900024,MELAKA,MELAKA TENGAH,,Ladang,27,Sayur-Sayuran,03,007,SAWI HIJAU,F.A.Q,Kilogram,1.8,1.8625,
30876414,2026-08-22,2026-08-22 09:30:55.900024,MELAKA,MELAKA TENGAH,,Ladang,27,Sayur-Sayuran,02,010,TERUNG PANJANG / PEPARU (TANAH RENDAH),F.A.Q,Kilogram,4.5,4.275,
30876415,2026-08-22,2026-08-22 09:30:55.900024,MELAKA,MELAKA TENGAH,,Ladang,27,Sayur-Sayuran,02,011,TIMUN HIJAU,F.A.Q,Kilogram,1.1,1.45,
30876416,2026-08-22,2026-08-22 09:31:05.514582,SELANGOR,KLANG,PASAR BESAR KLANG - BAHAGIAN BORONG,Borong,20,Ternakan,03,002,AYAM PROSES STANDARD,F.A.Q,Kilogram,8.2,8.42,
30876417,2026-08-22,2026-08-22 09:31:56.857369,TERENGGANU,KUALA TERENGGANU,PASAR BESAR KEDAI PAYANG,Runcit,,Ternakan,11,001,TELUR AYAM,A,Biji,0.44,0.47,
30876418,2026-08-22,2026-08-22 09:31:56.922161,TERENGGANU,KUALA TERENGGANU,PASAR BESAR KEDAI PAYANG,Runcit,,Ternakan,11,001,TELUR AYAM,B,Biji,0.42,0.45,
30876419,2026-08-22,2026-08-22 09:31:56.985893,TERENGGANU,KUALA TERENGGANU,PASAR BESAR KEDAI PAYANG,Runcit,,Ternakan,11,001,TELUR AYAM,C,Biji,0.36,0.43,
30876420,2026-08-22,2026-08-22 09:31:57.384942,SELANGOR,KLANG,PASAR BESAR KLANG - BAHAGIAN BORONG,Borong,20,Sayur-Sayuran,05,001,BAWANG BESAR KUNING / HOLLAND,F.A.Q,Kilogram,2,3.5,
30876421,2026-08-22,2026-08-22 09:31:57.384942,SELANGOR,KLANG,PASAR BESAR KLANG - BAHAGIAN BORONG,Borong,20,Sayur-Sayuran,05,001,BAWANG BESAR MERAH (INDIA),F.A.Q,Kilogram,2,2.37,
30876422,2026-08-22,2026-08-22 09:31:57.384942,SELANGOR,KLANG,PASAR BESAR KLANG - BAHAGIAN BORONG,Borong,20,Sayur-Sayuran,05,001,BAWANG MERAH / KECIL (INDIA),F.A.Q,Kilogram,2.5,4.61,
30876423,2026-08-22,2026-08-22 09:31:57.384942,SELANGOR,KLANG,PASAR BESAR KLANG - BAHAGIAN BORONG,Borong,20,Sayur-Sayuran,05,001,BAWANG MERAH / KECIL (THAI),F.A.Q,Kilogram,9.5,9.62,
30876424,2026-08-22,2026-08-22 09:31:57.384942,SELANGOR,KLANG,PASAR BESAR KLANG - BAHAGIAN BORONG,Borong,20,Sayur-Sayuran,05,001,BAWANG MERAH ROSE,F.A.Q,Kilogram,2.6,9.14,
30876425,2026-08-22,2026-08-22 09:31:57.384942,SELANGOR,KLANG,PASAR BESAR KLANG - BAHAGIAN BORONG,Borong,20,Sayur-Sayuran,05,001,BAWANG PUTIH (CHINA),F.A.Q,Kilogram,8.5,7.62,
30876426,2026-08-22,2026-08-22 09:31:57.384942,SELANGOR,KLANG,PASAR BESAR KLANG - BAHAGIAN BORONG,Borong,20,Sayur-Sayuran,05,009,UBI KENTANG HOLLAND,F.A.Q,Kilogram,2.5,2.62,
30876427,2026-08-22,2026-08-22 09:32:09.867455,MELAKA,JASIN,LADANG/KEBUN SERKAM,Ladang,,Ternakan,01,003,AYAM HIDUP,F.A.Q,Kilogram,6.9,6.9,
30876428,2026-08-22,2026-08-22 09:32:09.867455,MELAKA,JASIN,LADANG/KEBUN SERKAM,Ladang,,Ternakan,11,001,TELUR AYAM,A,Biji,0.46,0.44,
30876429,2026-08-22,2026-08-22 09:32:09.867455,MELAKA,JASIN,LADANG/KEBUN SERKAM,Ladang,,Ternakan,11,001,TELUR AYAM,C,Biji,0.44,0.406,
30876430,2026-08-22,2026-08-22 09:32:09.867455,MELAKA,JASIN,LADANG/KEBUN SERKAM,Ladang,,Ternakan,11,001,TELUR AYAM,B,Biji,0.45,0.42222223,
30876431,2026-08-22,2026-08-22 09:32:34.238998,MELAKA,JASIN,LADANG/KEBUN MERLIMAU,Ladang,,Tanaman Kontan,05,001,KELAPA DIKUPAS,SEDANG,Biji,1.5,1.4777777,
30876432,2026-08-22,2026-08-22 09:32:45.184918,W.P. KUALA LUMPUR,BATU,PASAR HARIAN SELAYANG,Runcit,26,Sayur-Sayuran,05,001,BAWANG BESAR KUNING / HOLLAND,F.A.Q,Kilogram,4,4.2272725,
30876433,2026-08-22,2026-08-22 09:32:45.184918,W.P. KUALA LUMPUR,BATU,PASAR HARIAN SELAYANG,Runcit,26,Sayur-Sayuran,05,001,BAWANG BESAR MERAH (INDIA),F.A.Q,Kilogram,4,3.3588235,
30876434,2026-08-22,2026-08-22 09:32:45.184918,W.P. KUALA LUMPUR,BATU,PASAR HARIAN SELAYANG,Runcit,26,Sayur-Sayuran,05,001,BAWANG MERAH / KECIL (INDIA),F.A.Q,Kilogram,6,5,
30876435,2026-08-22,2026-08-22 09:32:45.184918,W.P. KUALA LUMPUR,BATU,PASAR HARIAN SELAYANG,Runcit,26,Sayur-Sayuran,05,001,BAWANG MERAH / KECIL (THAI),F.A.Q,Kilogram,12,11.727273,
30876436,2026-08-22,2026-08-22 09:32:45.184918,W.P. KUALA LUMPUR,BATU,PASAR HARIAN SELAYANG,Runcit,26,Sayur-Sayuran,05,001,BAWANG MERAH ROSE,F.A.Q,Kilogram,7,6.909091,
30876437,2026-08-22,2026-08-22 09:32:45.184918,W.P. KUALA LUMPUR,BATU,PASAR HARIAN SELAYANG,Runcit,26,Sayur-Sayuran,05,001,BAWANG PUTIH (CHINA),F.A.Q,Kilogram,10,11.411765,
30876438,2026-08-22,2026-08-22 09:32:45.184918,W.P. KUALA LUMPUR,BATU,PASAR HARIAN SELAYANG,Runcit,26,Sayur-Sayuran,03,001,BAYAM,F.A.Q,Kilogram,3.5,3.625,
30876439,2026-08-22,2026-08-22 09:32:45.184918,W.P. KUALA LUMPUR,BATU,PASAR HARIAN SELAYANG,Runcit,26,Sayur-Sayuran,03,001,BAYAM,F.A.Q,Kilogram,4,3.625,
30876440,2026-08-22,2026-08-22 09:32:45.184918,W.P. KUALA LUMPUR,BATU,PASAR HARIAN SELAYANG,Runcit,26,Sayur-Sayuran,02,002,CILI HIJAU,F.A.Q,Kilogram,10,11,
30876441,2026-08-22,2026-08-22 09:32:45.184918,W.P. KUALA LUMPUR,BATU,PASAR HARIAN SELAYANG,Runcit,26,Sayur-Sayuran,02,002,CILI HIJAU,F.A.Q,Kilogram,14,11,
30876442,2026-08-22,2026-08-22 09:32:45.184918,W.P. KUALA LUMPUR,BATU,PASAR HARIAN SELAYANG,Runcit,26,Sayur-Sayuran,02,002,CILI MERAH (CHINA),F.A.Q,Kilogram,12,10.5,
30876443,2026-08-22,2026-08-22 09:32:45.184918,W.P. KUALA LUMPUR,BATU,PASAR HARIAN SELAYANG,Runcit,26,Sayur-Sayuran,02,002,CILI MERAH (THAILAND),F.A.Q,Kilogram,12,10.6,
30876444,2026-08-22,2026-08-22 09:32:45.184918,W.P. KUALA LUMPUR,BATU,PASAR HARIAN SELAYANG,Runcit,26,Sayur-Sayuran,02,002,CILI MERAH (VIETNAM),F.A.Q,Kilogram,12,10.6,
30876445,2026-08-22,2026-08-22 09:32:45.184918,W.P. KUALA LUMPUR,BATU,PASAR HARIAN SELAYANG,Runcit,26,Sayur-Sayuran,02,002,CILI MERAH KULAI / KULAI HIBRID,F.A.Q,Kilogram,16,17.352942,
30876446,2026-08-22,2026-08-22 09:32:45.184918,W.P. KUALA LUMPUR,BATU,PASAR HARIAN SELAYANG,Runcit,26,Sayur-Sayuran,02,002,CILI MERAH KULAI / KULAI HIBRID,F.A.Q,Kilogram,15,17.352942,
30876447,2026-08-22,2026-08-22 09:32:45.184918,W.P. KUALA LUMPUR,BATU,PASAR HARIAN SELAYANG,Runcit,26,Sayur-Sayuran,02,002,CILI MERAH MINYAK,F.A.Q,Kilogram,12,11.947369,
30876448,2026-08-22,2026-08-22 09:32:45.184918,W.P. KUALA LUMPUR,BATU,PASAR HARIAN SELAYANG,Runcit,26,Sayur-Sayuran,03,009,DAUN BAWANG,F.A.Q,Kilogram,5,7.142857,
30876449,2026-08-22,2026-08-22 09:32:45.184918,W.P. KUALA LUMPUR,BATU,PASAR HARIAN SELAYANG,Runcit,26,Sayur-Sayuran,03,009,DAUN BAWANG,F.A.Q,Kilogram,8,7.142857,
30876450,2026-08-22,2026-08-22 09:32:45.184918,W.P. KUALA LUMPUR,BATU,PASAR HARIAN SELAYANG,Runcit,26,Sayur-Sayuran,03,015,DAUN SUP (TANAH TINGGI),F.A.Q,Kilogram,18,17.642857,
30876451,2026-08-22,2026-08-22 09:32:45.184918,W.P. KUALA LUMPUR,BATU,PASAR HARIAN SELAYANG,Runcit,26,Sayur-Sayuran,03,015,DAUN SUP (TANAH TINGGI),F.A.Q,Kilogram,17,17.642857,
30876452,2026-08-22,2026-08-22 09:32:45.184918,W.P. KUALA LUMPUR,BATU,PASAR HARIAN SELAYANG,Runcit,26,Sayur-Sayuran,04,002,KACANG BENDI,F.A.Q,Kilogram,8,7.7,
30876453,2026-08-22,2026-08-22 09:32:45.184918,W.P. KUALA LUMPUR,BATU,PASAR HARIAN SELAYANG,Runcit,26,Sayur-Sayuran,04,002,KACANG BENDI,F.A.Q,Kilogram,8,7.7,
30876454,2026-08-22,2026-08-22 09:32:45.184918,W.P. KUALA LUMPUR,BATU,PASAR HARIAN SELAYANG,Runcit,26,Sayur-Sayuran,04,003,KACANG BUNCIS,F.A.Q,Kilogram,10,11.785714,
30876455,2026-08-22,2026-08-22 09:32:45.184918,W.P. KUALA LUMPUR,BATU,PASAR HARIAN SELAYANG,Runcit,26,Sayur-Sayuran,04,003,KACANG BUNCIS,F.A.Q,Kilogram,10,11.785714,
30876456,2026-08-22,2026-08-22 09:32:45.184918,W.P. KUALA LUMPUR,BATU,PASAR HARIAN SELAYANG,Runcit,26,Sayur-Sayuran,04,007,KACANG PANJANG HIJAU,F.A.Q,Kilogram,8.5,6.25,
30876457,2026-08-22,2026-08-22 09:32:45.184918,W.P. KUALA LUMPUR,BATU,PASAR HARIAN SELAYANG,Runcit,26,Sayur-Sayuran,04,007,KACANG PANJANG HIJAU,F.A.Q,Kilogram,8,6.25,
30876458,2026-08-22,2026-08-22 09:32:45.184918,W.P. KUALA LUMPUR,BATU,PASAR HARIAN SELAYANG,Runcit,26,Sayur-Sayuran,03,019,KANGKUNG,F.A.Q,Kilogram,3.5,3.392857,
30876459,2026-08-22,2026-08-22 09:32:45.184918,W.P. KUALA LUMPUR,BATU,PASAR HARIAN SELAYANG,Runcit,26,Sayur-Sayuran,03,019,KANGKUNG,F.A.Q,Kilogram,3,3.392857,
30876460,2026-08-22,2026-08-22 09:32:45.278184,W.P. KUALA LUMPUR,BATU,PASAR HARIAN SELAYANG,Runcit,26,Sayur-Sayuran,03,006,KUBIS BULAT (CHINA),F.A.Q,Kilogram,3,2.7785714,
30876461,2026-08-22,2026-08-22 09:32:45.278184,W.P. KUALA LUMPUR,BATU,PASAR HARIAN SELAYANG,Runcit,26,Sayur-Sayuran,03,006,KUBIS BULAT (CHINA),F.A.Q,Kilogram,3,2.7785714,
30876462,2026-08-22,2026-08-22 09:32:45.278184,W.P. KUALA LUMPUR,BATU,PASAR HARIAN SELAYANG,Runcit,26,Sayur-Sayuran,03,006,KUBIS BULAT (TANAH TINGGI),F.A.Q,Kilogram,5,4.6363635,
30876463,2026-08-22,2026-08-22 09:32:45.278184,W.P. KUALA LUMPUR,BATU,PASAR HARIAN SELAYANG,Runcit,26,Sayur-Sayuran,03,006,KUBIS BULAT (TANAH TINGGI),F.A.Q,Kilogram,4.5,4.6363635,
30876464,2026-08-22,2026-08-22 09:32:45.278184,W.P. KUALA LUMPUR,BATU,PASAR HARIAN SELAYANG,Runcit,26,Sayur-Sayuran,03,007,SAWI HIJAU,F.A.Q,Kilogram,5,4.8055553,
30876465,2026-08-22,2026-08-22 09:32:45.278184,W.P. KUALA LUMPUR,BATU,PASAR HARIAN SELAYANG,Runcit,26,Sayur-Sayuran,03,007,SAWI HIJAU TANAH TINGGI,F.A.Q,Kilogram,5,6,
30876466,2026-08-22,2026-08-22 09:32:45.278184,W.P. KUALA LUMPUR,BATU,PASAR HARIAN SELAYANG,Runcit,26,Sayur-Sayuran,02,010,TERUNG PANJANG / PEPARU (TANAH RENDAH),F.A.Q,Kilogram,10,8.95,
30876467,2026-08-22,2026-08-22 09:32:45.278184,W.P. KUALA LUMPUR,BATU,PASAR HARIAN SELAYANG,Runcit,26,Sayur-Sayuran,02,010,TERUNG PANJANG / PEPARU (TANAH RENDAH),F.A.Q,Kilogram,10,8.95,
30876468,2026-08-22,2026-08-22 09:32:45.278184,W.P. KUALA LUMPUR,BATU,PASAR HARIAN SELAYANG,Runcit,26,Sayur-Sayuran,02,011,TIMUN HIJAU,F.A.Q,Kilogram,2.5,2.36,
30876469,2026-08-22,2026-08-22 09:32:45.278184,W.P. KUALA LUMPUR,BATU,PASAR HARIAN SELAYANG,Runcit,26,Sayur-Sayuran,02,011,TIMUN HIJAU,F.A.Q,Kilogram,2.5,2.36,
30876470,2026-08-22,2026-08-22 09:32:45.278184,W.P. KUALA LUMPUR,BATU,PASAR HARIAN SELAYANG,Runcit,26,Sayur-Sayuran,02,012,TOMATO (TANAH TINGGI),F.A.Q,Kilogram,6,8,
30876471,2026-08-22,2026-08-22 09:32:45.278184,W.P. KUALA LUMPUR,BATU,PASAR HARIAN SELAYANG,Runcit,26,Sayur-Sayuran,02,012,TOMATO (TANAH TINGGI),F.A.Q,Kilogram,6,8,
30876472,2026-08-22,2026-08-22 09:32:45.278184,W.P. KUALA LUMPUR,BATU,PASAR HARIAN SELAYANG,Runcit,26,Sayur-Sayuran,05,009,UBI KENTANG (IMPORT),F.A.Q,Kilogram,3.5,3.6666667,
30876473,2026-08-22,2026-08-22 09:32:45.278184,W.P. KUALA LUMPUR,BATU,PASAR HARIAN SELAYANG,Runcit,26,Sayur-Sayuran,05,009,UBI KENTANG HOLLAND,F.A.Q,Kilogram,4,3.7727273,
30876474,2026-08-22,2026-08-22 09:33:35.009019,TERENGGANU,KUALA TERENGGANU,PASAR BESAR KEDAI PAYANG,Runcit,,Ternakan,03,002,AYAM PROSES STANDARD,F.A.Q,Kilogram,10.5,9.99,
30876475,2026-08-22,2026-08-22 09:33:35.076338,TERENGGANU,KUALA TERENGGANU,PASAR BESAR KEDAI PAYANG,Runcit,,Ternakan,03,002,AYAM PROSES SUPER,F.A.Q,Kilogram,11,11.14,
30876476,2026-08-22,2026-08-22 09:34:14.28046,MELAKA,MELAKA TENGAH,LADANG/KEBUN BUKIT KATIL,Ladang,27,Buah-Buahan,02,005,BETIK SEKAKI,F.A.Q,Kilogram,4,3,
30876477,2026-08-22,2026-08-22 09:34:14.28046,MELAKA,MELAKA TENGAH,LADANG/KEBUN BUKIT KATIL,Ladang,27,Buah-Buahan,02,028,PISANG BERANGAN,F.A.Q,Kilogram,3.5,2.825,
30876478,2026-08-22,2026-08-22 09:34:14.28046,MELAKA,MELAKA TENGAH,LADANG/KEBUN BUKIT KATIL,Ladang,27,Buah-Buahan,02,028,PISANG MAS,F.A.Q,Kilogram,2,2,
30876479,2026-08-22,2026-08-22 09:34:14.28046,MELAKA,MELAKA TENGAH,LADANG/KEBUN BUKIT KATIL,Ladang,27,Buah-Buahan,02,034,TEMBIKAI MERAH TANPA BIJI,F.A.Q,Kilogram,2.5,2.5,
30876480,2026-08-22,2026-08-22 09:34:21.370657,NEGERI SEMBILAN,SEREMBAN,PASAR BESAR SEREMBAN - BAHAGIAN RUNCIT,Runcit,26,Ternakan,03,002,AYAM PROSES STANDARD,F.A.Q,Kilogram,11,11.833333,
30876481,2026-08-22,2026-08-22 09:34:21.370657,NEGERI SEMBILAN,SEREMBAN,PASAR BESAR SEREMBAN - BAHAGIAN RUNCIT,Runcit,26,Ternakan,03,002,AYAM PROSES STANDARD,F.A.Q,Kilogram,12,11.833333,
30876482,2026-08-22,2026-08-22 09:34:21.370657,NEGERI SEMBILAN,SEREMBAN,PASAR BESAR SEREMBAN - BAHAGIAN RUNCIT,Runcit,26,Ternakan,03,002,AYAM PROSES STANDARD,F.A.Q,Kilogram,12.5,11.833333,
30876483,2026-08-22,2026-08-22 09:34:21.370657,NEGERI SEMBILAN,SEREMBAN,PASAR BESAR SEREMBAN - BAHAGIAN RUNCIT,Runcit,26,Ternakan,02,003,DAGING LEMBU PEJAL,F.A.Q,Kilogram,40,39.5,
30876484,2026-08-22,2026-08-22 09:34:21.370657,NEGERI SEMBILAN,SEREMBAN,PASAR BESAR SEREMBAN - BAHAGIAN RUNCIT,Runcit,26,Ternakan,02,003,DAGING LEMBU PEJAL,F.A.Q,Kilogram,39,39.5,
30876485,2026-08-22,2026-08-22 09:34:21.370657,NEGERI SEMBILAN,SEREMBAN,PASAR BESAR SEREMBAN - BAHAGIAN RUNCIT,Runcit,26,Ternakan,11,001,TELUR AYAM,A,Biji,0.52,0.5,
30876486,2026-08-22,2026-08-22 09:34:21.370657,NEGERI SEMBILAN,SEREMBAN,PASAR BESAR SEREMBAN - BAHAGIAN RUNCIT,Runcit,26,Ternakan,11,001,TELUR AYAM,A,Biji,0.52,0.5,
30876487,2026-08-22,2026-08-22 09:34:21.370657,NEGERI SEMBILAN,SEREMBAN,PASAR BESAR SEREMBAN - BAHAGIAN RUNCIT,Runcit,26,Ternakan,11,001,TELUR AYAM,A,Biji,0.52,0.5,
30876488,2026-08-22,2026-08-22 09:34:21.370657,NEGERI SEMBILAN,SEREMBAN,PASAR BESAR SEREMBAN - BAHAGIAN RUNCIT,Runcit,26,Ternakan,11,001,TELUR AYAM,B,Biji,0.5,0.48,
30876489,2026-08-22,2026-08-22 09:34:21.370657,NEGERI SEMBILAN,SEREMBAN,PASAR BESAR SEREMBAN - BAHAGIAN RUNCIT,Runcit,26,Ternakan,11,001,TELUR AYAM,B,Biji,0.5,0.48,
30876490,2026-08-22,2026-08-22 09:34:21.370657,NEGERI SEMBILAN,SEREMBAN,PASAR BESAR SEREMBAN - BAHAGIAN RUNCIT,Runcit,26,Ternakan,11,001,TELUR AYAM,B,Biji,0.5,0.48,
30876491,2026-08-22,2026-08-22 09:34:21.370657,NEGERI SEMBILAN,SEREMBAN,PASAR BESAR SEREMBAN - BAHAGIAN RUNCIT,Runcit,26,Ternakan,11,001,TELUR AYAM,C,Biji,0.49,0.454,
30876492,2026-08-22,2026-08-22 09:34:21.370657,NEGERI SEMBILAN,SEREMBAN,PASAR BESAR SEREMBAN - BAHAGIAN RUNCIT,Runcit,26,Ternakan,11,001,TELUR AYAM,C,Biji,0.49,0.454,
30876493,2026-08-22,2026-08-22 09:34:21.370657,NEGERI SEMBILAN,SEREMBAN,PASAR BESAR SEREMBAN - BAHAGIAN RUNCIT,Runcit,26,Ternakan,11,001,TELUR AYAM,C,Biji,0.49,0.454,
30876494,2026-08-22,2026-08-22 09:34:24.923887,NEGERI SEMBILAN,SEREMBAN,PASAR BESAR SEREMBAN - BAHAGIAN BORONG,Borong,20,Ternakan,03,002,AYAM PROSES STANDARD,F.A.Q,Kilogram,8.6,8.795,
30876495,2026-08-22,2026-08-22 09:34:24.923887,NEGERI SEMBILAN,SEREMBAN,PASAR BESAR SEREMBAN - BAHAGIAN BORONG,Borong,20,Ternakan,03,002,AYAM PROSES STANDARD,F.A.Q,Kilogram,9.4,8.795,
30876496,2026-08-22,2026-08-22 09:34:24.923887,NEGERI SEMBILAN,SEREMBAN,PASAR BESAR SEREMBAN - BAHAGIAN BORONG,Borong,20,Ternakan,02,003,DAGING LEMBU PEJAL,F.A.Q,Kilogram,35,35,
30876497,2026-08-22,2026-08-22 09:34:24.923887,NEGERI SEMBILAN,SEREMBAN,PASAR BESAR SEREMBAN - BAHAGIAN BORONG,Borong,20,Ternakan,02,003,DAGING LEMBU PEJAL,F.A.Q,Kilogram,35,35,
30876498,2026-08-22,2026-08-22 09:34:24.923887,NEGERI SEMBILAN,SEREMBAN,PASAR BESAR SEREMBAN - BAHAGIAN BORONG,Borong,20,Ternakan,11,001,TELUR AYAM,A,Biji,0.49,0.462,
30876499,2026-08-22,2026-08-22 09:34:24.923887,NEGERI SEMBILAN,SEREMBAN,PASAR BESAR SEREMBAN - BAHAGIAN BORONG,Borong,20,Ternakan,11,001,TELUR AYAM,A,Biji,0.49,0.462,
30876500,2026-08-22,2026-08-22 09:34:24.923887,NEGERI SEMBILAN,SEREMBAN,PASAR BESAR SEREMBAN - BAHAGIAN BORONG,Borong,20,Ternakan,11,001,TELUR AYAM,A,Biji,0.49,0.462,
30876501,2026-08-22,2026-08-22 09:34:24.923887,NEGERI SEMBILAN,SEREMBAN,PASAR BESAR SEREMBAN - BAHAGIAN BORONG,Borong,20,Ternakan,11,001,TELUR AYAM,B,Biji,0.48,0.444,
30876502,2026-08-22,2026-08-22 09:34:24.923887,NEGERI SEMBILAN,SEREMBAN,PASAR BESAR SEREMBAN - BAHAGIAN BORONG,Borong,20,Ternakan,11,001,TELUR AYAM,B,Biji,0.48,0.444,
30876503,2026-08-22,2026-08-22 09:34:24.923887,NEGERI SEMBILAN,SEREMBAN,PASAR BESAR SEREMBAN - BAHAGIAN BORONG,Borong,20,Ternakan,11,001,TELUR AYAM,B,Biji,0.48,0.444,
30876504,2026-08-22,2026-08-22 09:34:24.923887,NEGERI SEMBILAN,SEREMBAN,PASAR BESAR SEREMBAN - BAHAGIAN BORONG,Borong,20,Ternakan,11,001,TELUR AYAM,C,Biji,0.47,0.426,
30876505,2026-08-22,2026-08-22 09:34:24.923887,NEGERI SEMBILAN,SEREMBAN,PASAR BESAR SEREMBAN - BAHAGIAN BORONG,Borong,20,Ternakan,11,001,TELUR AYAM,C,Biji,0.47,0.426,
30876506,2026-08-22,2026-08-22 09:34:24.923887,NEGERI SEMBILAN,SEREMBAN,PASAR BESAR SEREMBAN - BAHAGIAN BORONG,Borong,20,Ternakan,11,001,TELUR AYAM,C,Biji,0.47,0.426,
30876507,2026-08-22,2026-08-22 09:35:21.989342,TERENGGANU,KUALA TERENGGANU,PASAR BESAR KEDAI PAYANG,Runcit,,Ternakan,03,002,AYAM PROSES STANDARD,F.A.Q,Kilogram,10.5,9.99,
30876508,2026-08-22,2026-08-22 09:35:22.040332,TERENGGANU,KUALA TERENGGANU,PASAR BESAR KEDAI PAYANG,Runcit,,Ternakan,03,002,AYAM PROSES SUPER,F.A.Q,Kilogram,11,11.14,
30876509,2026-08-22,2026-08-22 09:35:22.08855,TERENGGANU,KUALA TERENGGANU,PASAR BESAR KEDAI PAYANG,Runcit,,Ternakan,02,003,DAGING LEMBU PEJAL,F.A.Q,Kilogram,29,39.05,
30876510,2026-08-22,2026-08-22 09:35:22.140095,TERENGGANU,KUALA TERENGGANU,PASAR BESAR KEDAI PAYANG,Runcit,,Ternakan,11,001,TELUR AYAM,B,Biji,0.42,0.45,
30876511,2026-08-22,2026-08-22 09:39:28.663853,SELANGOR,KLANG,PASAR BESAR KLANG - BAHAGIAN BORONG,Borong,20,Sayur-Sayuran,03,001,BAYAM,F.A.Q,Kilogram,2.5,4.08,
30876512,2026-08-22,2026-08-22 09:39:28.663853,SELANGOR,KLANG,PASAR BESAR KLANG - BAHAGIAN BORONG,Borong,20,Sayur-Sayuran,02,002,CILI HIJAU,F.A.Q,Kilogram,7,10.63,
30876513,2026-08-22,2026-08-22 09:39:28.663853,SELANGOR,KLANG,PASAR BESAR KLANG - BAHAGIAN BORONG,Borong,20,Sayur-Sayuran,02,002,CILI MERAH KULAI / KULAI HIBRID,F.A.Q,Kilogram,10,12.47,
30876514,2026-08-22,2026-08-22 09:39:28.663853,SELANGOR,KLANG,PASAR BESAR KLANG - BAHAGIAN BORONG,Borong,20,Sayur-Sayuran,02,002,CILI MERAH MINYAK,F.A.Q,Kilogram,7,10.47,
30876515,2026-08-22,2026-08-22 09:39:28.663853,SELANGOR,KLANG,PASAR BESAR KLANG - BAHAGIAN BORONG,Borong,20,Sayur-Sayuran,03,009,DAUN BAWANG,F.A.Q,Kilogram,4,9.7,
30876516,2026-08-22,2026-08-22 09:39:28.663853,SELANGOR,KLANG,PASAR BESAR KLANG - BAHAGIAN BORONG,Borong,20,Sayur-Sayuran,03,015,DAUN SUP (TANAH TINGGI),F.A.Q,Kilogram,14,10.25,
30876517,2026-08-22,2026-08-22 09:39:28.663853,SELANGOR,KLANG,PASAR BESAR KLANG - BAHAGIAN BORONG,Borong,20,Sayur-Sayuran,04,002,KACANG BENDI,F.A.Q,Kilogram,6,6.56,
30876518,2026-08-22,2026-08-22 09:39:28.663853,SELANGOR,KLANG,PASAR BESAR KLANG - BAHAGIAN BORONG,Borong,20,Sayur-Sayuran,04,003,KACANG BUNCIS,F.A.Q,Kilogram,8,10.25,
30876519,2026-08-22,2026-08-22 09:39:28.663853,SELANGOR,KLANG,PASAR BESAR KLANG - BAHAGIAN BORONG,Borong,20,Sayur-Sayuran,04,007,KACANG PANJANG HIJAU,F.A.Q,Kilogram,7,6.13,
30876520,2026-08-22,2026-08-22 09:39:28.663853,SELANGOR,KLANG,PASAR BESAR KLANG - BAHAGIAN BORONG,Borong,20,Sayur-Sayuran,03,019,KANGKUNG,F.A.Q,Kilogram,2.5,3.5,
30876521,2026-08-22,2026-08-22 09:39:28.663853,SELANGOR,KLANG,PASAR BESAR KLANG - BAHAGIAN BORONG,Borong,20,Sayur-Sayuran,03,006,KUBIS BULAT (CHINA),F.A.Q,Kilogram,2,2.09,
30876522,2026-08-22,2026-08-22 09:39:28.663853,SELANGOR,KLANG,PASAR BESAR KLANG - BAHAGIAN BORONG,Borong,20,Sayur-Sayuran,03,006,KUBIS BULAT (TANAH TINGGI),F.A.Q,Kilogram,2.5,3.08,
30876523,2026-08-22,2026-08-22 09:39:28.663853,SELANGOR,KLANG,PASAR BESAR KLANG - BAHAGIAN BORONG,Borong,20,Sayur-Sayuran,03,007,SAWI HIJAU,F.A.Q,Kilogram,4,4.21,
30876524,2026-08-22,2026-08-22 09:39:28.663853,SELANGOR,KLANG,PASAR BESAR KLANG - BAHAGIAN BORONG,Borong,20,Sayur-Sayuran,02,010,TERUNG PANJANG / PEPARU (TANAH RENDAH),F.A.Q,Kilogram,6,7.33,
30876525,2026-08-22,2026-08-22 09:39:28.663853,SELANGOR,KLANG,PASAR BESAR KLANG - BAHAGIAN BORONG,Borong,20,Sayur-Sayuran,02,011,TIMUN HIJAU,F.A.Q,Kilogram,2.5,2.74,
30876526,2026-08-22,2026-08-22 09:39:28.663853,SELANGOR,KLANG,PASAR BESAR KLANG - BAHAGIAN BORONG,Borong,20,Sayur-Sayuran,02,012,TOMATO (TANAH TINGGI),F.A.Q,Kilogram,5,3.76,
30876527,2026-08-22,2026-08-22 09:40:13.101074,SELANGOR,KLANG,PASAR BESAR KLANG - BAHAGIAN BORONG,Borong,20,Buah-Buahan,02,005,BETIK SEKAKI,F.A.Q,Kilogram,3.5,3.33,
30876528,2026-08-22,2026-08-22 09:40:13.101074,SELANGOR,KLANG,PASAR BESAR KLANG - BAHAGIAN BORONG,Borong,20,Buah-Buahan,02,023,NANAS JOSAPINE (AC5),F.A.Q,Kilogram,3,3.19,
30876529,2026-08-22,2026-08-22 09:40:13.101074,SELANGOR,KLANG,PASAR BESAR KLANG - BAHAGIAN BORONG,Borong,20,Buah-Buahan,02,028,PISANG BERANGAN,F.A.Q,Kilogram,3,3.99,
30876530,2026-08-22,2026-08-22 09:40:13.101074,SELANGOR,KLANG,PASAR BESAR KLANG - BAHAGIAN BORONG,Borong,20,Buah-Buahan,02,028,PISANG MAS,F.A.Q,Kilogram,3,3.81,
30876531,2026-08-22,2026-08-22 09:40:13.101074,SELANGOR,KLANG,PASAR BESAR KLANG - BAHAGIAN BORONG,Borong,20,Buah-Buahan,02,034,TEMBIKAI MERAH TANPA BIJI,F.A.Q,Kilogram,3,2.23,
30876532,2026-08-22,2026-08-22 09:44:43.616882,NEGERI SEMBILAN,SEREMBAN,PASAR BESAR SEREMBAN - BAHAGIAN RUNCIT,Runcit,26,Buah-Buahan,02,005,BETIK SEKAKI,F.A.Q,Kilogram,5,5.2,
30876533,2026-08-22,2026-08-22 09:44:43.616882,NEGERI SEMBILAN,SEREMBAN,PASAR BESAR SEREMBAN - BAHAGIAN RUNCIT,Runcit,26,Buah-Buahan,02,005,BETIK SEKAKI,F.A.Q,Kilogram,5.4,5.2,
30876534,2026-08-22,2026-08-22 09:44:43.616882,NEGERI SEMBILAN,SEREMBAN,PASAR BESAR SEREMBAN - BAHAGIAN RUNCIT,Runcit,26,Buah-Buahan,02,005,BETIK SEKAKI,F.A.Q,Kilogram,5.2,5.2,
30876535,2026-08-22,2026-08-22 09:44:43.616882,NEGERI SEMBILAN,SEREMBAN,PASAR BESAR SEREMBAN - BAHAGIAN RUNCIT,Runcit,26,Tanaman Kontan,05,001,KELAPA DIKUPAS,SEDANG,Biji,2.8,2.94,
30876536,2026-08-22,2026-08-22 09:44:43.616882,NEGERI SEMBILAN,SEREMBAN,PASAR BESAR SEREMBAN - BAHAGIAN RUNCIT,Runcit,26,Tanaman Kontan,05,001,KELAPA DIKUPAS,SEDANG,Biji,2.9,2.94,
30876537,2026-08-22,2026-08-22 09:44:43.616882,NEGERI SEMBILAN,SEREMBAN,PASAR BESAR SEREMBAN - BAHAGIAN RUNCIT,Runcit,26,Buah-Buahan,02,023,NANAS JOSAPINE (AC5),F.A.Q,Kilogram,4.2,4.23,
30876538,2026-08-22,2026-08-22 09:44:43.616882,NEGERI SEMBILAN,SEREMBAN,PASAR BESAR SEREMBAN - BAHAGIAN RUNCIT,Runcit,26,Buah-Buahan,02,023,NANAS JOSAPINE (AC5),F.A.Q,Kilogram,4.8,4.23,
30876539,2026-08-22,2026-08-22 09:44:43.616882,NEGERI SEMBILAN,SEREMBAN,PASAR BESAR SEREMBAN - BAHAGIAN RUNCIT,Runcit,26,Buah-Buahan,02,023,NANAS JOSAPINE (AC5),F.A.Q,Kilogram,4.4,4.23,
30876540,2026-08-22,2026-08-22 09:44:43.616882,NEGERI SEMBILAN,SEREMBAN,PASAR BESAR SEREMBAN - BAHAGIAN RUNCIT,Runcit,26,Buah-Buahan,02,028,PISANG BERANGAN,F.A.Q,Kilogram,5.8,5.9466667,
30876541,2026-08-22,2026-08-22 09:44:43.616882,NEGERI SEMBILAN,SEREMBAN,PASAR BESAR SEREMBAN - BAHAGIAN RUNCIT,Runcit,26,Buah-Buahan,02,028,PISANG BERANGAN,F.A.Q,Kilogram,6,5.9466667,
30876542,2026-08-22,2026-08-22 09:44:43.616882,NEGERI SEMBILAN,SEREMBAN,PASAR BESAR SEREMBAN - BAHAGIAN RUNCIT,Runcit,26,Buah-Buahan,02,028,PISANG BERANGAN,F.A.Q,Kilogram,5.5,5.9466667,
30876543,2026-08-22,2026-08-22 09:44:43.616882,NEGERI SEMBILAN,SEREMBAN,PASAR BESAR SEREMBAN - BAHAGIAN RUNCIT,Runcit,26,Buah-Buahan,02,028,PISANG MAS,F.A.Q,Kilogram,4.9,5.12,
30876544,2026-08-22,2026-08-22 09:44:43.616882,NEGERI SEMBILAN,SEREMBAN,PASAR BESAR SEREMBAN - BAHAGIAN RUNCIT,Runcit,26,Buah-Buahan,02,028,PISANG MAS,F.A.Q,Kilogram,5.3,5.12,
30876545,2026-08-22,2026-08-22 09:44:43.616882,NEGERI SEMBILAN,SEREMBAN,PASAR BESAR SEREMBAN - BAHAGIAN RUNCIT,Runcit,26,Buah-Buahan,02,028,PISANG MAS,F.A.Q,Kilogram,4.8,5.12,
30876546,2026-08-22,2026-08-22 09:44:43.616882,NEGERI SEMBILAN,SEREMBAN,PASAR BESAR SEREMBAN - BAHAGIAN RUNCIT,Runcit,26,Buah-Buahan,02,034,TEMBIKAI MERAH TANPA BIJI,F.A.Q,Kilogram,4.2,4.12,
30876547,2026-08-22,2026-08-22 09:44:43.616882,NEGERI SEMBILAN,SEREMBAN,PASAR BESAR SEREMBAN - BAHAGIAN RUNCIT,Runcit,26,Buah-Buahan,02,034,TEMBIKAI MERAH TANPA BIJI,F.A.Q,Kilogram,4.5,4.12,
30876548,2026-08-22,2026-08-22 09:44:43.616882,NEGERI SEMBILAN,SEREMBAN,PASAR BESAR SEREMBAN - BAHAGIAN RUNCIT,Runcit,26,Buah-Buahan,02,034,TEMBIKAI MERAH TANPA BIJI,F.A.Q,Kilogram,4.3,4.12,
30876549,2026-08-22,2026-08-22 09:44:48.382061,NEGERI SEMBILAN,SEREMBAN,PASAR BESAR SEREMBAN - BAHAGIAN BORONG,Borong,20,Buah-Buahan,02,005,BETIK SEKAKI,F.A.Q,Kilogram,3.7,3.2666667,
30876550,2026-08-22,2026-08-22 09:44:48.382061,NEGERI SEMBILAN,SEREMBAN,PASAR BESAR SEREMBAN - BAHAGIAN BORONG,Borong,20,Buah-Buahan,02,005,BETIK SEKAKI,F.A.Q,Kilogram,3.1,3.2666667,
30876551,2026-08-22,2026-08-22 09:44:48.382061,NEGERI SEMBILAN,SEREMBAN,PASAR BESAR SEREMBAN - BAHAGIAN BORONG,Borong,20,Buah-Buahan,02,005,BETIK SEKAKI,F.A.Q,Kilogram,3.2,3.2666667,
30876552,2026-08-22,2026-08-22 09:44:48.382061,NEGERI SEMBILAN,SEREMBAN,PASAR BESAR SEREMBAN - BAHAGIAN BORONG,Borong,20,Tanaman Kontan,05,001,KELAPA DIKUPAS,SEDANG,Biji,2.6,2.6,
30876553,2026-08-22,2026-08-22 09:44:48.382061,NEGERI SEMBILAN,SEREMBAN,PASAR BESAR SEREMBAN - BAHAGIAN BORONG,Borong,20,Buah-Buahan,02,023,NANAS JOSAPINE (AC5),F.A.Q,Kilogram,3.6,3.19,
30876554,2026-08-22,2026-08-22 09:44:48.382061,NEGERI SEMBILAN,SEREMBAN,PASAR BESAR SEREMBAN - BAHAGIAN BORONG,Borong,20,Buah-Buahan,02,023,NANAS JOSAPINE (AC5),F.A.Q,Kilogram,3.1,3.19,
30876555,2026-08-22,2026-08-22 09:44:48.382061,NEGERI SEMBILAN,SEREMBAN,PASAR BESAR SEREMBAN - BAHAGIAN BORONG,Borong,20,Buah-Buahan,02,023,NANAS JOSAPINE (AC5),F.A.Q,Kilogram,3.4,3.19,
30876556,2026-08-22,2026-08-22 09:44:48.382061,NEGERI SEMBILAN,SEREMBAN,PASAR BESAR SEREMBAN - BAHAGIAN BORONG,Borong,20,Buah-Buahan,02,028,PISANG BERANGAN,F.A.Q,Kilogram,4,3.9033334,
30876557,2026-08-22,2026-08-22 09:44:48.382061,NEGERI SEMBILAN,SEREMBAN,PASAR BESAR SEREMBAN - BAHAGIAN BORONG,Borong,20,Buah-Buahan,02,028,PISANG BERANGAN,F.A.Q,Kilogram,3.9,3.9033334,
30876558,2026-08-22,2026-08-22 09:44:48.382061,NEGERI SEMBILAN,SEREMBAN,PASAR BESAR SEREMBAN - BAHAGIAN BORONG,Borong,20,Buah-Buahan,02,028,PISANG BERANGAN,F.A.Q,Kilogram,3.4,3.9033334,
30876559,2026-08-22,2026-08-22 09:44:48.382061,NEGERI SEMBILAN,SEREMBAN,PASAR BESAR SEREMBAN - BAHAGIAN BORONG,Borong,20,Buah-Buahan,02,028,PISANG MAS,F.A.Q,Kilogram,3.5,3.2333333,
30876560,2026-08-22,2026-08-22 09:44:48.382061,NEGERI SEMBILAN,SEREMBAN,PASAR BESAR SEREMBAN - BAHAGIAN BORONG,Borong,20,Buah-Buahan,02,028,PISANG MAS,F.A.Q,Kilogram,3.1,3.2333333,
30876561,2026-08-22,2026-08-22 09:44:48.382061,NEGERI SEMBILAN,SEREMBAN,PASAR BESAR SEREMBAN - BAHAGIAN BORONG,Borong,20,Buah-Buahan,02,028,PISANG MAS,F.A.Q,Kilogram,3.3,3.2333333,
30876562,2026-08-22,2026-08-22 09:44:48.382061,NEGERI SEMBILAN,SEREMBAN,PASAR BESAR SEREMBAN - BAHAGIAN BORONG,Borong,20,Buah-Buahan,02,034,TEMBIKAI MERAH TANPA BIJI,F.A.Q,Kilogram,2.8,2.54,
30876563,2026-08-22,2026-08-22 09:44:48.382061,NEGERI SEMBILAN,SEREMBAN,PASAR BESAR SEREMBAN - BAHAGIAN BORONG,Borong,20,Buah-Buahan,02,034,TEMBIKAI MERAH TANPA BIJI,F.A.Q,Kilogram,2.3,2.54,
30876564,2026-08-22,2026-08-22 09:44:48.382061,NEGERI SEMBILAN,SEREMBAN,PASAR BESAR SEREMBAN - BAHAGIAN BORONG,Borong,20,Buah-Buahan,02,034,TEMBIKAI MERAH TANPA BIJI,F.A.Q,Kilogram,2.5,2.54,
30876597,2026-08-22,2026-08-22 09:47:17.428536,SARAWAK,KUCHING,MEDAN NIAGA SATOK,Borong,20,Ternakan,03,002,AYAM PROSES STANDARD,F.A.Q,Kilogram,11.5,11.5,
30876598,2026-08-22,2026-08-22 09:47:17.428536,SARAWAK,KUCHING,MEDAN NIAGA SATOK,Borong,20,Ternakan,02,003,DAGING LEMBU PEJAL,F.A.Q,Kilogram,65,65,
30876599,2026-08-22,2026-08-22 09:47:17.428536,SARAWAK,KUCHING,MEDAN NIAGA SATOK,Borong,20,Ternakan,11,001,TELUR AYAM,A,Biji,0.56,0.5466667,
30876600,2026-08-22,2026-08-22 09:47:17.428536,SARAWAK,KUCHING,MEDAN NIAGA SATOK,Borong,20,Ternakan,11,001,TELUR AYAM,B,Biji,0.53,0.52272725,
30876601,2026-08-22,2026-08-22 09:47:17.428536,SARAWAK,KUCHING,MEDAN NIAGA SATOK,Borong,20,Ternakan,11,001,TELUR AYAM,C,Biji,0.5,0.48666668,
30876602,2026-08-22,2026-08-22 09:47:21.732861,TERENGGANU,KUALA TERENGGANU,PASAR BESAR KEDAI PAYANG,Runcit,,Sayur-Sayuran,03,001,BAYAM,F.A.Q,Kilogram,8,5.81,
30876603,2026-08-22,2026-08-22 09:47:21.795743,TERENGGANU,KUALA TERENGGANU,PASAR BESAR KEDAI PAYANG,Runcit,,Sayur-Sayuran,02,002,CILI HIJAU,F.A.Q,Kilogram,12,13.18,
30876604,2026-08-22,2026-08-22 09:47:21.857998,TERENGGANU,KUALA TERENGGANU,PASAR BESAR KEDAI PAYANG,Runcit,,Sayur-Sayuran,02,002,CILI MERAH (VIETNAM),F.A.Q,Kilogram,12,8.1,
30876605,2026-08-22,2026-08-22 09:47:21.920864,TERENGGANU,KUALA TERENGGANU,PASAR BESAR KEDAI PAYANG,Runcit,,Sayur-Sayuran,02,002,CILI MERAH KULAI / KULAI HIBRID,F.A.Q,Kilogram,17,16.31,
30876606,2026-08-22,2026-08-22 09:47:21.98039,TERENGGANU,KUALA TERENGGANU,PASAR BESAR KEDAI PAYANG,Runcit,,Sayur-Sayuran,02,002,CILI MERAH MINYAK,F.A.Q,Kilogram,12,14.1,
30876607,2026-08-22,2026-08-22 09:47:22.037066,TERENGGANU,KUALA TERENGGANU,PASAR BESAR KEDAI PAYANG,Runcit,,Sayur-Sayuran,03,009,DAUN BAWANG,F.A.Q,Kilogram,10,12.95,
30876608,2026-08-22,2026-08-22 09:47:22.1004,TERENGGANU,KUALA TERENGGANU,PASAR BESAR KEDAI PAYANG,Runcit,,Sayur-Sayuran,03,015,DAUN SUP (TANAH TINGGI),F.A.Q,Kilogram,16,13.35,
30876609,2026-08-22,2026-08-22 09:47:22.163629,TERENGGANU,KUALA TERENGGANU,PASAR BESAR KEDAI PAYANG,Runcit,,Sayur-Sayuran,04,002,KACANG BENDI,F.A.Q,Kilogram,10,10.44,
30876610,2026-08-22,2026-08-22 09:47:22.23573,TERENGGANU,KUALA TERENGGANU,PASAR BESAR KEDAI PAYANG,Runcit,,Sayur-Sayuran,04,003,KACANG BUNCIS,F.A.Q,Kilogram,13,13.06,
30876611,2026-08-22,2026-08-22 09:47:22.292951,TERENGGANU,KUALA TERENGGANU,PASAR BESAR KEDAI PAYANG,Runcit,,Sayur-Sayuran,04,007,KACANG PANJANG HIJAU,F.A.Q,Kilogram,8,7.99,
30876612,2026-08-22,2026-08-22 09:47:22.351453,TERENGGANU,KUALA TERENGGANU,PASAR BESAR KEDAI PAYANG,Runcit,,Sayur-Sayuran,03,019,KANGKUNG,F.A.Q,Kilogram,6,5.03,
30876613,2026-08-22,2026-08-22 09:47:22.417952,TERENGGANU,KUALA TERENGGANU,PASAR BESAR KEDAI PAYANG,Runcit,,Sayur-Sayuran,03,006,KUBIS BULAT (CHINA),F.A.Q,Kilogram,4,3.29,
30876614,2026-08-22,2026-08-22 09:47:22.488701,TERENGGANU,KUALA TERENGGANU,PASAR BESAR KEDAI PAYANG,Runcit,,Sayur-Sayuran,03,006,KUBIS BULAT (TANAH TINGGI),F.A.Q,Kilogram,5,4.58,
30876615,2026-08-22,2026-08-22 09:47:22.555855,TERENGGANU,KUALA TERENGGANU,PASAR BESAR KEDAI PAYANG,Runcit,,Sayur-Sayuran,03,007,SAWI HIJAU,F.A.Q,Kilogram,6,6.22,
30876616,2026-08-22,2026-08-22 09:47:22.628425,TERENGGANU,KUALA TERENGGANU,PASAR BESAR KEDAI PAYANG,Runcit,,Sayur-Sayuran,02,010,TERUNG PANJANG / PEPARU (TANAH RENDAH),F.A.Q,Kilogram,7,9.47,
30876617,2026-08-22,2026-08-22 09:47:22.690924,TERENGGANU,KUALA TERENGGANU,PASAR BESAR KEDAI PAYANG,Runcit,,Sayur-Sayuran,02,011,TIMUN HIJAU,F.A.Q,Kilogram,3,4.08,
30876618,2026-08-22,2026-08-22 09:47:22.753184,TERENGGANU,KUALA TERENGGANU,PASAR BESAR KEDAI PAYANG,Runcit,,Sayur-Sayuran,02,012,TOMATO (TANAH TINGGI),F.A.Q,Kilogram,8,8.71,
30876619,2026-08-22,2026-08-22 09:47:26.111446,PULAU PINANG,SEBERANG PERAI TENGAH,PASAR AWAM SEBERANG JAYA,Runcit,26,Sayur-Sayuran,03,001,BAYAM,F.A.Q,Kilogram,5,5.16,
30876620,2026-08-22,2026-08-22 09:47:26.111446,PULAU PINANG,SEBERANG PERAI TENGAH,PASAR AWAM SEBERANG JAYA,Runcit,26,Sayur-Sayuran,02,002,CILI HIJAU,F.A.Q,Kilogram,14,14.142858,
30876621,2026-08-22,2026-08-22 09:47:26.111446,PULAU PINANG,SEBERANG PERAI TENGAH,PASAR AWAM SEBERANG JAYA,Runcit,26,Sayur-Sayuran,02,002,CILI MERAH KULAI / KULAI HIBRID,F.A.Q,Kilogram,18,19.095238,
30876622,2026-08-22,2026-08-22 09:47:26.111446,PULAU PINANG,SEBERANG PERAI TENGAH,PASAR AWAM SEBERANG JAYA,Runcit,26,Sayur-Sayuran,02,002,CILI MERAH MINYAK,F.A.Q,Kilogram,15,15,
30876623,2026-08-22,2026-08-22 09:47:26.111446,PULAU PINANG,SEBERANG PERAI TENGAH,PASAR AWAM SEBERANG JAYA,Runcit,26,Sayur-Sayuran,03,009,DAUN BAWANG,F.A.Q,Kilogram,8,9.428572,
30876624,2026-08-22,2026-08-22 09:47:26.111446,PULAU PINANG,SEBERANG PERAI TENGAH,PASAR AWAM SEBERANG JAYA,Runcit,26,Sayur-Sayuran,03,015,DAUN SUP (TANAH TINGGI),F.A.Q,Kilogram,20,19.714285,
30876625,2026-08-22,2026-08-22 09:47:26.111446,PULAU PINANG,SEBERANG PERAI TENGAH,PASAR AWAM SEBERANG JAYA,Runcit,26,Sayur-Sayuran,04,002,KACANG BENDI,F.A.Q,Kilogram,12,10,
30876626,2026-08-22,2026-08-22 09:47:26.111446,PULAU PINANG,SEBERANG PERAI TENGAH,PASAR AWAM SEBERANG JAYA,Runcit,26,Sayur-Sayuran,04,003,KACANG BUNCIS,F.A.Q,Kilogram,12,14.5,
30876627,2026-08-22,2026-08-22 09:47:26.111446,PULAU PINANG,SEBERANG PERAI TENGAH,PASAR AWAM SEBERANG JAYA,Runcit,26,Sayur-Sayuran,04,007,KACANG PANJANG HIJAU,F.A.Q,Kilogram,10,8.708333,
30876628,2026-08-22,2026-08-22 09:47:26.111446,PULAU PINANG,SEBERANG PERAI TENGAH,PASAR AWAM SEBERANG JAYA,Runcit,26,Sayur-Sayuran,03,019,KANGKUNG,F.A.Q,Kilogram,5,5.214286,
30876629,2026-08-22,2026-08-22 09:47:26.111446,PULAU PINANG,SEBERANG PERAI TENGAH,PASAR AWAM SEBERANG JAYA,Runcit,26,Sayur-Sayuran,03,006,KUBIS BULAT (CHINA),F.A.Q,Kilogram,4,4.571429,
30876630,2026-08-22,2026-08-22 09:47:26.111446,PULAU PINANG,SEBERANG PERAI TENGAH,PASAR AWAM SEBERANG JAYA,Runcit,26,Sayur-Sayuran,03,006,KUBIS BULAT (INDONESIA),F.A.Q,Kilogram,4,4.6538463,
30876631,2026-08-22,2026-08-22 09:47:26.111446,PULAU PINANG,SEBERANG PERAI TENGAH,PASAR AWAM SEBERANG JAYA,Runcit,26,Sayur-Sayuran,03,006,KUBIS BULAT (TANAH TINGGI),F.A.Q,Kilogram,6,6.4,
30876632,2026-08-22,2026-08-22 09:47:26.111446,PULAU PINANG,SEBERANG PERAI TENGAH,PASAR AWAM SEBERANG JAYA,Runcit,26,Sayur-Sayuran,03,007,SAWI HIJAU,F.A.Q,Kilogram,5,5,
30876633,2026-08-22,2026-08-22 09:47:26.111446,PULAU PINANG,SEBERANG PERAI TENGAH,PASAR AWAM SEBERANG JAYA,Runcit,26,Sayur-Sayuran,03,007,SAWI HIJAU TANAH TINGGI,F.A.Q,Kilogram,6,7.4615383,
30876634,2026-08-22,2026-08-22 09:47:26.111446,PULAU PINANG,SEBERANG PERAI TENGAH,PASAR AWAM SEBERANG JAYA,Runcit,26,Sayur-Sayuran,02,010,TERUNG PANJANG / PEPARU (TANAH RENDAH),F.A.Q,Kilogram,12,11.5,
30876635,2026-08-22,2026-08-22 09:47:26.111446,PULAU PINANG,SEBERANG PERAI TENGAH,PASAR AWAM SEBERANG JAYA,Runcit,26,Sayur-Sayuran,02,011,TIMUN HIJAU,F.A.Q,Kilogram,4,4.75,
30876636,2026-08-22,2026-08-22 09:47:26.111446,PULAU PINANG,SEBERANG PERAI TENGAH,PASAR AWAM SEBERANG JAYA,Runcit,26,Sayur-Sayuran,02,012,TOMATO (TANAH TINGGI),F.A.Q,Kilogram,10,5.71,
30876637,2026-08-22,2026-08-22 09:47:26.111446,PULAU PINANG,SEBERANG PERAI TENGAH,PASAR AWAM SEBERANG JAYA,Runcit,26,Sayur-Sayuran,05,009,UBI KENTANG (IMPORT),F.A.Q,Kilogram,5,4,
30876638,2026-08-22,2026-08-22 09:47:55.88554,PULAU PINANG,SEBERANG PERAI SELATAN,LADANG/KEBUN KAMPUNG VALDOR,Ladang,,Ternakan,01,003,AYAM HIDUP,F.A.Q,Kilogram,7.3,7.3,
30876639,2026-08-22,2026-08-22 09:47:55.88554,PULAU PINANG,SEBERANG PERAI SELATAN,LADANG/KEBUN KAMPUNG VALDOR,Ladang,,Ternakan,11,001,TELUR AYAM,A,Biji,0.47,0.45,
30876640,2026-08-22,2026-08-22 09:47:55.88554,PULAU PINANG,SEBERANG PERAI SELATAN,LADANG/KEBUN KAMPUNG VALDOR,Ladang,,Ternakan,11,001,TELUR AYAM,C,Biji,0.45,0.41666666,
30876641,2026-08-22,2026-08-22 09:47:55.88554,PULAU PINANG,SEBERANG PERAI SELATAN,LADANG/KEBUN KAMPUNG VALDOR,Ladang,,Ternakan,11,001,TELUR AYAM,B,Biji,0.46,0.436,
30876642,2026-08-22,2026-08-22 09:49:32.998171,W.P. KUALA LUMPUR,KUALA LUMPUR,PASAR BORONG KUALA LUMPUR,Borong,,Sayur-Sayuran,02,002,CILI HIJAU (IMPORT),F.A.Q,Kilogram,6.5,8.13,
30876643,2026-08-22,2026-08-22 09:49:33.023584,W.P. KUALA LUMPUR,KUALA LUMPUR,PASAR BORONG KUALA LUMPUR,Borong,,Sayur-Sayuran,02,002,CILI MERAH (CHINA),F.A.Q,Kilogram,7,7.3,
30876644,2026-08-22,2026-08-22 09:49:33.045734,W.P. KUALA LUMPUR,KUALA LUMPUR,PASAR BORONG KUALA LUMPUR,Borong,,Sayur-Sayuran,03,006,KUBIS BULAT (CHINA),F.A.Q,Kilogram,2.3,2.09,
30876645,2026-08-22,2026-08-22 09:49:33.06651,W.P. KUALA LUMPUR,KUALA LUMPUR,PASAR BORONG KUALA LUMPUR,Borong,,Sayur-Sayuran,05,009,UBI KENTANG (IMPORT),F.A.Q,Kilogram,2.5,1.5,
30876646,2026-08-22,2026-08-22 09:49:33.09084,W.P. KUALA LUMPUR,KUALA LUMPUR,PASAR BORONG KUALA LUMPUR,Borong,,Sayur-Sayuran,05,009,UBI KENTANG HOLLAND,F.A.Q,Kilogram,1.5,2.62,
30876647,2026-08-22,2026-08-22 09:51:08.442505,W.P. KUALA LUMPUR,KUALA LUMPUR,PASAR BORONG KUALA LUMPUR,Borong,,Sayur-Sayuran,03,001,BAYAM,F.A.Q,Kilogram,2.3,4.11,
30876648,2026-08-22,2026-08-22 09:51:08.473902,W.P. KUALA LUMPUR,KUALA LUMPUR,PASAR BORONG KUALA LUMPUR,Borong,,Sayur-Sayuran,02,002,CILI HIJAU,F.A.Q,Kilogram,9,10.63,
30876649,2026-08-22,2026-08-22 09:51:08.498199,W.P. KUALA LUMPUR,KUALA LUMPUR,PASAR BORONG KUALA LUMPUR,Borong,,Sayur-Sayuran,02,002,CILI MERAH KULAI / KULAI HIBRID,F.A.Q,Kilogram,12,13.69,
30876650,2026-08-22,2026-08-22 09:51:08.520137,W.P. KUALA LUMPUR,KUALA LUMPUR,PASAR BORONG KUALA LUMPUR,Borong,,Sayur-Sayuran,02,002,CILI MERAH MINYAK,F.A.Q,Kilogram,8,11.76,
30876651,2026-08-22,2026-08-22 09:51:08.543338,W.P. KUALA LUMPUR,KUALA LUMPUR,PASAR BORONG KUALA LUMPUR,Borong,,Sayur-Sayuran,03,009,DAUN BAWANG,F.A.Q,Kilogram,4,9.7,
30876652,2026-08-22,2026-08-22 09:51:08.565599,W.P. KUALA LUMPUR,KUALA LUMPUR,PASAR BORONG KUALA LUMPUR,Borong,,Sayur-Sayuran,03,015,DAUN SUP (TANAH TINGGI),F.A.Q,Kilogram,12,10.25,
30876653,2026-08-22,2026-08-22 09:51:08.58857,W.P. KUALA LUMPUR,KUALA LUMPUR,PASAR BORONG KUALA LUMPUR,Borong,,Sayur-Sayuran,04,002,KACANG BENDI,F.A.Q,Kilogram,4.5,8.23,
30876654,2026-08-22,2026-08-22 09:51:08.610868,W.P. KUALA LUMPUR,KUALA LUMPUR,PASAR BORONG KUALA LUMPUR,Borong,,Sayur-Sayuran,04,003,KACANG BUNCIS,F.A.Q,Kilogram,8,10.25,
30876655,2026-08-22,2026-08-22 09:51:08.635088,W.P. KUALA LUMPUR,KUALA LUMPUR,PASAR BORONG KUALA LUMPUR,Borong,,Sayur-Sayuran,04,007,KACANG PANJANG HIJAU,F.A.Q,Kilogram,4,5.88,
30876656,2026-08-22,2026-08-22 09:51:08.656926,W.P. KUALA LUMPUR,KUALA LUMPUR,PASAR BORONG KUALA LUMPUR,Borong,,Sayur-Sayuran,03,019,KANGKUNG,F.A.Q,Kilogram,3,3.5,
30876657,2026-08-22,2026-08-22 09:51:08.682838,W.P. KUALA LUMPUR,KUALA LUMPUR,PASAR BORONG KUALA LUMPUR,Borong,,Sayur-Sayuran,03,006,KUBIS BULAT (TANAH TINGGI),F.A.Q,Kilogram,3,3.18,
30876658,2026-08-22,2026-08-22 09:51:08.704577,W.P. KUALA LUMPUR,KUALA LUMPUR,PASAR BORONG KUALA LUMPUR,Borong,,Sayur-Sayuran,03,007,SAWI HIJAU,F.A.Q,Kilogram,3,4.43,
30876659,2026-08-22,2026-08-22 09:51:08.727458,W.P. KUALA LUMPUR,KUALA LUMPUR,PASAR BORONG KUALA LUMPUR,Borong,,Sayur-Sayuran,03,007,SAWI HIJAU TANAH TINGGI,F.A.Q,Kilogram,2.5,25,
30876660,2026-08-22,2026-08-22 09:51:08.750537,W.P. KUALA LUMPUR,KUALA LUMPUR,PASAR BORONG KUALA LUMPUR,Borong,,Sayur-Sayuran,02,010,TERUNG PANJANG / PEPARU (TANAH RENDAH),F.A.Q,Kilogram,7.5,7.33,
30876661,2026-08-22,2026-08-22 09:51:08.777425,W.P. KUALA LUMPUR,KUALA LUMPUR,PASAR BORONG KUALA LUMPUR,Borong,,Sayur-Sayuran,02,011,TIMUN HIJAU,F.A.Q,Kilogram,2.3,2.57,
30876662,2026-08-22,2026-08-22 09:51:08.800087,W.P. KUALA LUMPUR,KUALA LUMPUR,PASAR BORONG KUALA LUMPUR,Borong,,Sayur-Sayuran,02,012,TOMATO (TANAH TINGGI),F.A.Q,Kilogram,5.5,7,
30876663,2026-08-22,2026-08-22 09:52:16.089249,W.P. KUALA LUMPUR,KUALA LUMPUR,PASAR BORONG KUALA LUMPUR,Borong,,Sayur-Sayuran,03,001,BAYAM,F.A.Q,Kilogram,2,4.11,
30876664,2026-08-22,2026-08-22 09:52:16.130819,W.P. KUALA LUMPUR,KUALA LUMPUR,PASAR BORONG KUALA LUMPUR,Borong,,Sayur-Sayuran,02,002,CILI HIJAU,F.A.Q,Kilogram,8,10.63,
30876665,2026-08-22,2026-08-22 09:52:16.163325,W.P. KUALA LUMPUR,KUALA LUMPUR,PASAR BORONG KUALA LUMPUR,Borong,,Sayur-Sayuran,02,002,CILI MERAH KULAI / KULAI HIBRID,F.A.Q,Kilogram,15,13.69,
30876666,2026-08-22,2026-08-22 09:52:16.185543,W.P. KUALA LUMPUR,KUALA LUMPUR,PASAR BORONG KUALA LUMPUR,Borong,,Sayur-Sayuran,02,002,CILI MERAH MINYAK,F.A.Q,Kilogram,9,11.76,
30876667,2026-08-22,2026-08-22 09:52:16.215323,W.P. KUALA LUMPUR,KUALA LUMPUR,PASAR BORONG KUALA LUMPUR,Borong,,Sayur-Sayuran,03,009,DAUN BAWANG,F.A.Q,Kilogram,3.5,9.7,
30876668,2026-08-22,2026-08-22 09:52:16.24044,W.P. KUALA LUMPUR,KUALA LUMPUR,PASAR BORONG KUALA LUMPUR,Borong,,Sayur-Sayuran,03,015,DAUN SUP (TANAH TINGGI),F.A.Q,Kilogram,15,10.25,
30876669,2026-08-22,2026-08-22 09:52:16.270717,W.P. KUALA LUMPUR,KUALA LUMPUR,PASAR BORONG KUALA LUMPUR,Borong,,Sayur-Sayuran,04,002,KACANG BENDI,F.A.Q,Kilogram,6,8.23,
30876670,2026-08-22,2026-08-22 09:52:16.300325,W.P. KUALA LUMPUR,KUALA LUMPUR,PASAR BORONG KUALA LUMPUR,Borong,,Sayur-Sayuran,04,003,KACANG BUNCIS,F.A.Q,Kilogram,9,10.25,
30876671,2026-08-22,2026-08-22 09:52:16.328324,W.P. KUALA LUMPUR,KUALA LUMPUR,PASAR BORONG KUALA LUMPUR,Borong,,Sayur-Sayuran,04,007,KACANG PANJANG HIJAU,F.A.Q,Kilogram,6,5.88,
30876672,2026-08-22,2026-08-22 09:52:16.35533,W.P. KUALA LUMPUR,KUALA LUMPUR,PASAR BORONG KUALA LUMPUR,Borong,,Sayur-Sayuran,03,019,KANGKUNG,F.A.Q,Kilogram,2,3.5,
30876673,2026-08-22,2026-08-22 09:52:16.365205,SELANGOR,KLANG,PASAR BESAR KLANG - BAHAGIAN RUNCIT,Runcit,26,Ternakan,03,002,AYAM PROSES STANDARD,F.A.Q,Kilogram,10.5,10.09,
30876674,2026-08-22,2026-08-22 09:52:16.383803,W.P. KUALA LUMPUR,KUALA LUMPUR,PASAR BORONG KUALA LUMPUR,Borong,,Sayur-Sayuran,03,006,KUBIS BULAT (TANAH TINGGI),F.A.Q,Kilogram,1.5,3.18,
30876675,2026-08-22,2026-08-22 09:52:16.408402,W.P. KUALA LUMPUR,KUALA LUMPUR,PASAR BORONG KUALA LUMPUR,Borong,,Sayur-Sayuran,03,007,SAWI HIJAU,F.A.Q,Kilogram,4,4.43,
30876676,2026-08-22,2026-08-22 09:52:16.435325,W.P. KUALA LUMPUR,KUALA LUMPUR,PASAR BORONG KUALA LUMPUR,Borong,,Sayur-Sayuran,03,007,SAWI HIJAU TANAH TINGGI,F.A.Q,Kilogram,2,25,
30876677,2026-08-22,2026-08-22 09:52:16.464326,W.P. KUALA LUMPUR,KUALA LUMPUR,PASAR BORONG KUALA LUMPUR,Borong,,Sayur-Sayuran,02,010,TERUNG PANJANG / PEPARU (TANAH RENDAH),F.A.Q,Kilogram,7,7.33,
30876678,2026-08-22,2026-08-22 09:52:16.487702,W.P. KUALA LUMPUR,KUALA LUMPUR,PASAR BORONG KUALA LUMPUR,Borong,,Sayur-Sayuran,02,011,TIMUN HIJAU,F.A.Q,Kilogram,1.8,2.57,
30876679,2026-08-22,2026-08-22 09:52:16.515323,W.P. KUALA LUMPUR,KUALA LUMPUR,PASAR BORONG KUALA LUMPUR,Borong,,Sayur-Sayuran,02,012,TOMATO (TANAH TINGGI),F.A.Q,Kilogram,5,7,
30876680,2026-08-22,2026-08-22 09:52:42.219819,W.P. KUALA LUMPUR,KUALA LUMPUR,PASAR BORONG KUALA LUMPUR,Borong,,Sayur-Sayuran,03,009,DAUN BAWANG,F.A.Q,Kilogram,2,9.7,
30876681,2026-08-22,2026-08-22 09:52:43.197153,W.P. KUALA LUMPUR,KUALA LUMPUR,PASAR BORONG KUALA LUMPUR,Borong,,Sayur-Sayuran,03,015,DAUN SUP (TANAH TINGGI),F.A.Q,Kilogram,14,10.25,
30876682,2026-08-22,2026-08-22 09:52:43.237128,W.P. KUALA LUMPUR,KUALA LUMPUR,PASAR BORONG KUALA LUMPUR,Borong,,Sayur-Sayuran,04,003,KACANG BUNCIS,F.A.Q,Kilogram,7,10.25,
30876683,2026-08-22,2026-08-22 09:52:43.269507,W.P. KUALA LUMPUR,KUALA LUMPUR,PASAR BORONG KUALA LUMPUR,Borong,,Sayur-Sayuran,03,019,KANGKUNG,F.A.Q,Kilogram,2.5,3.5,
30876684,2026-08-22,2026-08-22 09:52:43.306647,W.P. KUALA LUMPUR,KUALA LUMPUR,PASAR BORONG KUALA LUMPUR,Borong,,Sayur-Sayuran,03,006,KUBIS BULAT (TANAH TINGGI),F.A.Q,Kilogram,2,3.18,
30876685,2026-08-22,2026-08-22 09:52:43.336254,W.P. KUALA LUMPUR,KUALA LUMPUR,PASAR BORONG KUALA LUMPUR,Borong,,Sayur-Sayuran,03,007,SAWI HIJAU,F.A.Q,Kilogram,3.5,4.43,
30876686,2026-08-22,2026-08-22 09:52:43.365181,W.P. KUALA LUMPUR,KUALA LUMPUR,PASAR BORONG KUALA LUMPUR,Borong,,Sayur-Sayuran,03,007,SAWI HIJAU TANAH TINGGI,F.A.Q,Kilogram,2,25,
30876687,2026-08-22,2026-08-22 09:52:43.395347,W.P. KUALA LUMPUR,KUALA LUMPUR,PASAR BORONG KUALA LUMPUR,Borong,,Sayur-Sayuran,02,012,TOMATO (TANAH TINGGI),F.A.Q,Kilogram,4.8,7,
30876688,2026-08-22,2026-08-22 09:53:33.634378,W.P. KUALA LUMPUR,KUALA LUMPUR,PASAR BORONG KUALA LUMPUR,Borong,,Sayur-Sayuran,05,001,BAWANG BESAR KUNING / HOLLAND,F.A.Q,Kilogram,2,3.5,
30876689,2026-08-22,2026-08-22 09:53:33.664154,W.P. KUALA LUMPUR,KUALA LUMPUR,PASAR BORONG KUALA LUMPUR,Borong,,Sayur-Sayuran,05,001,BAWANG BESAR MERAH (CHINA),F.A.Q,Kilogram,1.3,2,
30876690,2026-08-22,2026-08-22 09:53:33.691195,W.P. KUALA LUMPUR,KUALA LUMPUR,PASAR BORONG KUALA LUMPUR,Borong,,Sayur-Sayuran,05,001,BAWANG BESAR MERAH (IMPORT),F.A.Q,Kilogram,2.2,2.96,
30876691,2026-08-22,2026-08-22 09:53:33.716348,W.P. KUALA LUMPUR,KUALA LUMPUR,PASAR BORONG KUALA LUMPUR,Borong,,Sayur-Sayuran,05,001,BAWANG BESAR MERAH (INDIA),F.A.Q,Kilogram,1.9,2.73,
30876692,2026-08-22,2026-08-22 09:53:33.74164,W.P. KUALA LUMPUR,KUALA LUMPUR,PASAR BORONG KUALA LUMPUR,Borong,,Sayur-Sayuran,05,001,BAWANG BESAR MERAH (PAKISTAN),F.A.Q,Kilogram,1.44,2,
30876693,2026-08-22,2026-08-22 09:53:33.769178,W.P. KUALA LUMPUR,KUALA LUMPUR,PASAR BORONG KUALA LUMPUR,Borong,,Sayur-Sayuran,05,001,BAWANG MERAH / KECIL (IMPORT),F.A.Q,Kilogram,5.25,3.88,
30876694,2026-08-22,2026-08-22 09:53:33.796188,W.P. KUALA LUMPUR,KUALA LUMPUR,PASAR BORONG KUALA LUMPUR,Borong,,Sayur-Sayuran,05,001,BAWANG MERAH / KECIL (INDIA),F.A.Q,Kilogram,1.61,4.61,
30876695,2026-08-22,2026-08-22 09:53:33.821852,W.P. KUALA LUMPUR,KUALA LUMPUR,PASAR BORONG KUALA LUMPUR,Borong,,Sayur-Sayuran,05,001,BAWANG MERAH / KECIL (THAI),F.A.Q,Kilogram,8.89,9.62,
30876696,2026-08-22,2026-08-22 09:53:33.848218,W.P. KUALA LUMPUR,KUALA LUMPUR,PASAR BORONG KUALA LUMPUR,Borong,,Sayur-Sayuran,05,001,BAWANG MERAH ROSE,F.A.Q,Kilogram,2,9.14,
30876697,2026-08-22,2026-08-22 09:53:33.881422,W.P. KUALA LUMPUR,KUALA LUMPUR,PASAR BORONG KUALA LUMPUR,Borong,,Sayur-Sayuran,05,001,BAWANG PUTIH (CHINA),F.A.Q,Kilogram,5.6,5.98,
30876698,2026-08-22,2026-08-22 09:53:33.910236,W.P. KUALA LUMPUR,KUALA LUMPUR,PASAR BORONG KUALA LUMPUR,Borong,,Sayur-Sayuran,05,009,UBI KENTANG (IMPORT),F.A.Q,Kilogram,1.5,1.5,
30876699,2026-08-22,2026-08-22 09:53:33.939783,W.P. KUALA LUMPUR,KUALA LUMPUR,PASAR BORONG KUALA LUMPUR,Borong,,Sayur-Sayuran,05,009,UBI KENTANG HOLLAND,F.A.Q,Kilogram,1.5,2.62,
30876700,2026-08-22,2026-08-22 09:54:13.608676,W.P. KUALA LUMPUR,KUALA LUMPUR,PASAR BORONG KUALA LUMPUR,Borong,,Ternakan,01,003,AYAM HIDUP,F.A.Q,Kilogram,8,6.93,
30876701,2026-08-22,2026-08-22 09:54:13.634552,W.P. KUALA LUMPUR,KUALA LUMPUR,PASAR BORONG KUALA LUMPUR,Borong,,Ternakan,03,002,AYAM PROSES STANDARD,F.A.Q,Kilogram,8.5,8.75,
30876702,2026-08-22,2026-08-22 09:54:13.657087,W.P. KUALA LUMPUR,KUALA LUMPUR,PASAR BORONG KUALA LUMPUR,Borong,,Ternakan,11,001,TELUR AYAM,A,Biji,0.48,0.45,
30876703,2026-08-22,2026-08-22 09:54:13.680958,W.P. KUALA LUMPUR,KUALA LUMPUR,PASAR BORONG KUALA LUMPUR,Borong,,Ternakan,11,001,TELUR AYAM,B,Biji,0.46,0.43,
30876704,2026-08-22,2026-08-22 09:54:13.704981,W.P. KUALA LUMPUR,KUALA LUMPUR,PASAR BORONG KUALA LUMPUR,Borong,,Ternakan,11,001,TELUR AYAM,C,Biji,0.43,0.41,
30876705,2026-08-22,2026-08-22 09:54:36.345325,W.P. KUALA LUMPUR,KUALA LUMPUR,PASAR BORONG KUALA LUMPUR,Borong,,Buah-Buahan,02,005,BETIK SEKAKI,F.A.Q,Kilogram,5,3.33,
30876706,2026-08-22,2026-08-22 09:54:37.345667,W.P. KUALA LUMPUR,KUALA LUMPUR,PASAR BORONG KUALA LUMPUR,Borong,,Buah-Buahan,02,023,NANAS JOSAPINE (AC5),F.A.Q,Kilogram,3.5,3.5,
30876707,2026-08-22,2026-08-22 09:54:37.385386,W.P. KUALA LUMPUR,KUALA LUMPUR,PASAR BORONG KUALA LUMPUR,Borong,,Buah-Buahan,02,028,PISANG BERANGAN,F.A.Q,Kilogram,4.8,3.93,
30876708,2026-08-22,2026-08-22 09:54:37.416154,W.P. KUALA LUMPUR,KUALA LUMPUR,PASAR BORONG KUALA LUMPUR,Borong,,Buah-Buahan,02,028,PISANG MAS,F.A.Q,Kilogram,4.8,3.81,
30876709,2026-08-22,2026-08-22 09:54:37.451788,W.P. KUALA LUMPUR,KUALA LUMPUR,PASAR BORONG KUALA LUMPUR,Borong,,Buah-Buahan,02,034,TEMBIKAI MERAH TANPA BIJI,F.A.Q,Kilogram,3.4,3.55,
30876710,2026-08-22,2026-08-22 09:54:41.526768,SELANGOR,KLANG,PASAR BESAR KLANG - BAHAGIAN RUNCIT,Runcit,26,Buah-Buahan,02,005,BETIK SEKAKI,F.A.Q,Kilogram,6,4.98,
30876711,2026-08-22,2026-08-22 09:54:41.526768,SELANGOR,KLANG,PASAR BESAR KLANG - BAHAGIAN RUNCIT,Runcit,26,Buah-Buahan,02,023,NANAS JOSAPINE (AC5),F.A.Q,Kilogram,4,4.52,
30876712,2026-08-22,2026-08-22 09:54:41.526768,SELANGOR,KLANG,PASAR BESAR KLANG - BAHAGIAN RUNCIT,Runcit,26,Buah-Buahan,02,028,PISANG BERANGAN,F.A.Q,Kilogram,5,5.88,
30876713,2026-08-22,2026-08-22 09:54:41.526768,SELANGOR,KLANG,PASAR BESAR KLANG - BAHAGIAN RUNCIT,Runcit,26,Buah-Buahan,02,028,PISANG MAS,F.A.Q,Kilogram,5,5.43,
30876714,2026-08-22,2026-08-22 09:54:41.526768,SELANGOR,KLANG,PASAR BESAR KLANG - BAHAGIAN RUNCIT,Runcit,26,Buah-Buahan,02,034,TEMBIKAI MERAH TANPA BIJI,F.A.Q,Kilogram,4,3.49,
30876715,2026-08-22,2026-08-22 09:55:11.854026,SELANGOR,KLANG,PASAR BESAR KLANG - BAHAGIAN RUNCIT,Runcit,26,Ternakan,11,001,TELUR AYAM,A,Biji,0.51,0.47,
30876716,2026-08-22,2026-08-22 09:55:11.854026,SELANGOR,KLANG,PASAR BESAR KLANG - BAHAGIAN RUNCIT,Runcit,26,Ternakan,11,001,TELUR AYAM,B,Biji,0.48,0.45,
30876717,2026-08-22,2026-08-22 09:55:11.854026,SELANGOR,KLANG,PASAR BESAR KLANG - BAHAGIAN RUNCIT,Runcit,26,Ternakan,11,001,TELUR AYAM,C,Biji,0.46,0.43,
30876718,2026-08-22,2026-08-22 09:56:14.969011,SELANGOR,KLANG,PASAR BESAR KLANG - BAHAGIAN RUNCIT,Runcit,26,Sayur-Sayuran,05,001,BAWANG BESAR KUNING / HOLLAND,F.A.Q,Kilogram,3.5,5.07,
30876719,2026-08-22,2026-08-22 09:56:14.969011,SELANGOR,KLANG,PASAR BESAR KLANG - BAHAGIAN RUNCIT,Runcit,26,Sayur-Sayuran,05,001,BAWANG BESAR MERAH (INDIA),F.A.Q,Kilogram,3.5,4.23,
30876720,2026-08-22,2026-08-22 09:56:14.969011,SELANGOR,KLANG,PASAR BESAR KLANG - BAHAGIAN RUNCIT,Runcit,26,Sayur-Sayuran,05,001,BAWANG MERAH / KECIL (INDIA),F.A.Q,Kilogram,4.5,7.04,
30876721,2026-08-22,2026-08-22 09:56:14.969011,SELANGOR,KLANG,PASAR BESAR KLANG - BAHAGIAN RUNCIT,Runcit,26,Sayur-Sayuran,05,001,BAWANG MERAH / KECIL (THAI),F.A.Q,Kilogram,11.5,13.54,
30876722,2026-08-22,2026-08-22 09:56:14.969011,SELANGOR,KLANG,PASAR BESAR KLANG - BAHAGIAN RUNCIT,Runcit,26,Sayur-Sayuran,05,001,BAWANG MERAH ROSE,F.A.Q,Kilogram,4.8,12.98,
30876723,2026-08-22,2026-08-22 09:56:14.969011,SELANGOR,KLANG,PASAR BESAR KLANG - BAHAGIAN RUNCIT,Runcit,26,Sayur-Sayuran,05,001,BAWANG PUTIH (CHINA),F.A.Q,Kilogram,9.9,8.52,
30876724,2026-08-22,2026-08-22 09:56:14.969011,SELANGOR,KLANG,PASAR BESAR KLANG - BAHAGIAN RUNCIT,Runcit,26,Sayur-Sayuran,05,009,UBI KENTANG HOLLAND,F.A.Q,Kilogram,3.5,4.09,
30876725,2026-08-22,2026-08-22 09:56:47.670993,SELANGOR,KLANG,PASAR BESAR KLANG - BAHAGIAN RUNCIT,Runcit,26,Ternakan,02,003,DAGING LEMBU PEJAL,F.A.Q,Kilogram,42,35.01,
30876726,2026-08-22,2026-08-22 09:57:30.217302,KELANTAN,BACHOK,[LOKASI KUTIPAN HARGA LADANG] KAMPUNG CHANGGONG,Ladang,,Tanaman Kontan,05,001,KELAPA DIKUPAS,SEDANG,Biji,1.2,1.3,
30876727,2026-08-22,2026-08-22 09:57:30.819921,SARAWAK,KUCHING,LADANG/KEBUN SIBURAN,Ladang,,Sayur-Sayuran,03,001,BAYAM,F.A.Q,Kilogram,2.5,2.5,
30876728,2026-08-22,2026-08-22 09:57:30.819921,SARAWAK,KUCHING,LADANG/KEBUN SIBURAN,Ladang,,Sayur-Sayuran,02,002,CILI HIJAU,F.A.Q,Kilogram,5,5.8333335,
30876729,2026-08-22,2026-08-22 09:57:30.819921,SARAWAK,KUCHING,LADANG/KEBUN SIBURAN,Ladang,,Sayur-Sayuran,02,002,CILI MERAH KULAI / KULAI HIBRID,F.A.Q,Kilogram,8,9,
30876730,2026-08-22,2026-08-22 09:57:30.819921,SARAWAK,KUCHING,LADANG/KEBUN SIBURAN,Ladang,,Sayur-Sayuran,02,002,CILI MERAH MINYAK,F.A.Q,Kilogram,8,9,
30876731,2026-08-22,2026-08-22 09:57:30.819921,SARAWAK,KUCHING,LADANG/KEBUN SIBURAN,Ladang,,Sayur-Sayuran,03,009,DAUN BAWANG,F.A.Q,Kilogram,15,18.333334,
30876732,2026-08-22,2026-08-22 09:57:30.819921,SARAWAK,KUCHING,LADANG/KEBUN SIBURAN,Ladang,,Sayur-Sayuran,04,002,KACANG BENDI,F.A.Q,Kilogram,3,2.8090909,
30876733,2026-08-22,2026-08-22 09:57:30.819921,SARAWAK,KUCHING,LADANG/KEBUN SIBURAN,Ladang,,Sayur-Sayuran,04,003,KACANG BUNCIS,F.A.Q,Kilogram,7,7.1666665,
30876734,2026-08-22,2026-08-22 09:57:30.819921,SARAWAK,KUCHING,LADANG/KEBUN SIBURAN,Ladang,,Sayur-Sayuran,04,007,KACANG PANJANG HIJAU,F.A.Q,Kilogram,2,4,
30876735,2026-08-22,2026-08-22 09:57:30.819921,SARAWAK,KUCHING,LADANG/KEBUN SIBURAN,Ladang,,Sayur-Sayuran,03,019,KANGKUNG,F.A.Q,Kilogram,3,3.1666667,
30876736,2026-08-22,2026-08-22 09:57:30.819921,SARAWAK,KUCHING,LADANG/KEBUN SIBURAN,Ladang,,Sayur-Sayuran,03,007,SAWI HIJAU,F.A.Q,Kilogram,6,5,
30876737,2026-08-22,2026-08-22 09:57:30.819921,SARAWAK,KUCHING,LADANG/KEBUN SIBURAN,Ladang,,Sayur-Sayuran,02,010,TERUNG PANJANG / PEPARU (TANAH RENDAH),F.A.Q,Kilogram,2.5,2.8363636,
30876738,2026-08-22,2026-08-22 09:57:30.819921,SARAWAK,KUCHING,LADANG/KEBUN SIBURAN,Ladang,,Sayur-Sayuran,02,011,TIMUN HIJAU,F.A.Q,Kilogram,2,2.590909,
30876739,2026-08-22,2026-08-22 09:58:37.492182,KELANTAN,KOTA BHARU,PASAR BORONG RTC KOTA BHARU,Borong,20,Tanaman Kontan,05,001,KELAPA DIKUPAS,SEDANG,Biji,1.5,1.7,
30876740,2026-08-22,2026-08-22 09:58:46.712616,KELANTAN,PASIR PUTEH,[LOKASI KUTIPAN HARGA LADANG] KAMPUNG BERANGAN,Ladang,,Buah-Buahan,02,005,BETIK SEKAKI,F.A.Q,Kilogram,2.2,2.2,
30876741,2026-08-22,2026-08-22 09:59:27.182588,KELANTAN,KOTA BHARU,PASAR BESAR SITI KHADIJAH,Runcit,26,Tanaman Kontan,05,001,KELAPA DIKUPAS,SEDANG,Biji,2,2.2,
30876742,2026-08-22,2026-08-22 09:59:27.182588,KELANTAN,KOTA BHARU,PASAR BESAR SITI KHADIJAH,Runcit,26,Tanaman Kontan,05,001,KELAPA DIKUPAS,SEDANG,Biji,2,2.2,
30876743,2026-08-22,2026-08-22 10:00:12.682476,KELANTAN,KOTA BHARU,[PROJEK] PROJEK SAYUR KG. WAKAF STAN,Ladang,,Sayur-Sayuran,02,002,CILI / LADA SOLOK,F.A.Q,Kilogram,14,14,
30876744,2026-08-22,2026-08-22 10:00:12.682476,KELANTAN,KOTA BHARU,[PROJEK] PROJEK SAYUR KG. WAKAF STAN,Ladang,,Sayur-Sayuran,02,002,CILI / LADA SOLOK,F.A.Q,Kilogram,14,14,
30876745,2026-08-22,2026-08-22 10:00:12.682476,KELANTAN,KOTA BHARU,[PROJEK] PROJEK SAYUR KG. WAKAF STAN,Ladang,,Sayur-Sayuran,02,002,CILI / LADA SOLOK,F.A.Q,Kilogram,14,14,
30876746,2026-08-22,2026-08-22 10:00:12.682476,KELANTAN,KOTA BHARU,[PROJEK] PROJEK SAYUR KG. WAKAF STAN,Ladang,,Sayur-Sayuran,02,002,CILI MERAH KULAI / KULAI HIBRID,F.A.Q,Kilogram,10,9,
30876747,2026-08-22,2026-08-22 10:00:12.682476,KELANTAN,KOTA BHARU,[PROJEK] PROJEK SAYUR KG. WAKAF STAN,Ladang,,Sayur-Sayuran,02,002,CILI MERAH KULAI / KULAI HIBRID,F.A.Q,Kilogram,10,9,
30876748,2026-08-22,2026-08-22 10:00:12.682476,KELANTAN,KOTA BHARU,[PROJEK] PROJEK SAYUR KG. WAKAF STAN,Ladang,,Sayur-Sayuran,02,002,CILI MERAH KULAI / KULAI HIBRID,F.A.Q,Kilogram,10,9,
30876749,2026-08-22,2026-08-22 10:00:12.682476,KELANTAN,KOTA BHARU,[PROJEK] PROJEK SAYUR KG. WAKAF STAN,Ladang,,Sayur-Sayuran,04,002,KACANG BENDI,F.A.Q,Kilogram,4,4,
30876750,2026-08-22,2026-08-22 10:00:12.682476,KELANTAN,KOTA BHARU,[PROJEK] PROJEK SAYUR KG. WAKAF STAN,Ladang,,Sayur-Sayuran,04,002,KACANG BENDI,F.A.Q,Kilogram,4,4,
30876751,2026-08-22,2026-08-22 10:00:12.682476,KELANTAN,KOTA BHARU,[PROJEK] PROJEK SAYUR KG. WAKAF STAN,Ladang,,Sayur-Sayuran,04,002,KACANG BENDI,F.A.Q,Kilogram,4,4,
30876752,2026-08-22,2026-08-22 10:00:12.682476,KELANTAN,KOTA BHARU,[PROJEK] PROJEK SAYUR KG. WAKAF STAN,Ladang,,Sayur-Sayuran,04,007,KACANG PANJANG HIJAU,F.A.Q,Kilogram,5,5,
30876753,2026-08-22,2026-08-22 10:00:12.682476,KELANTAN,KOTA BHARU,[PROJEK] PROJEK SAYUR KG. WAKAF STAN,Ladang,,Sayur-Sayuran,04,007,KACANG PANJANG HIJAU,F.A.Q,Kilogram,5,5,
30876754,2026-08-22,2026-08-22 10:00:12.682476,KELANTAN,KOTA BHARU,[PROJEK] PROJEK SAYUR KG. WAKAF STAN,Ladang,,Sayur-Sayuran,04,007,KACANG PANJANG HIJAU,F.A.Q,Kilogram,5,5,
30876755,2026-08-22,2026-08-22 10:00:12.682476,KELANTAN,KOTA BHARU,[PROJEK] PROJEK SAYUR KG. WAKAF STAN,Ladang,,Sayur-Sayuran,03,007,SAWI HIJAU,F.A.Q,Kilogram,3,2.78,
30876756,2026-08-22,2026-08-22 10:00:12.682476,KELANTAN,KOTA BHARU,[PROJEK] PROJEK SAYUR KG. WAKAF STAN,Ladang,,Sayur-Sayuran,03,007,SAWI HIJAU,F.A.Q,Kilogram,3,2.78,
30876757,2026-08-22,2026-08-22 10:00:12.682476,KELANTAN,KOTA BHARU,[PROJEK] PROJEK SAYUR KG. WAKAF STAN,Ladang,,Sayur-Sayuran,03,007,SAWI HIJAU,F.A.Q,Kilogram,3,2.78,
30876758,2026-08-22,2026-08-22 10:00:12.682476,KELANTAN,KOTA BHARU,[PROJEK] PROJEK SAYUR KG. WAKAF STAN,Ladang,,Sayur-Sayuran,02,010,TERUNG PANJANG / PEPARU (TANAH RENDAH),F.A.Q,Kilogram,3,3,
30876759,2026-08-22,2026-08-22 10:00:12.682476,KELANTAN,KOTA BHARU,[PROJEK] PROJEK SAYUR KG. WAKAF STAN,Ladang,,Sayur-Sayuran,02,010,TERUNG PANJANG / PEPARU (TANAH RENDAH),F.A.Q,Kilogram,3,3,
30876760,2026-08-22,2026-08-22 10:00:12.682476,KELANTAN,KOTA BHARU,[PROJEK] PROJEK SAYUR KG. WAKAF STAN,Ladang,,Sayur-Sayuran,02,010,TERUNG PANJANG / PEPARU (TANAH RENDAH),F.A.Q,Kilogram,3,3,
30876761,2026-08-22,2026-08-22 10:00:12.682476,KELANTAN,KOTA BHARU,[PROJEK] PROJEK SAYUR KG. WAKAF STAN,Ladang,,Sayur-Sayuran,02,011,TIMUN HIJAU,F.A.Q,Kilogram,1.5,1.75,
30876762,2026-08-22,2026-08-22 10:00:12.682476,KELANTAN,KOTA BHARU,[PROJEK] PROJEK SAYUR KG. WAKAF STAN,Ladang,,Sayur-Sayuran,02,011,TIMUN HIJAU,F.A.Q,Kilogram,1.5,1.75,
30876763,2026-08-22,2026-08-22 10:00:12.682476,KELANTAN,KOTA BHARU,[PROJEK] PROJEK SAYUR KG. WAKAF STAN,Ladang,,Sayur-Sayuran,02,011,TIMUN HIJAU,F.A.Q,Kilogram,1.5,1.75,
30876764,2026-08-22,2026-08-22 10:00:15.806916,KELANTAN,KOTA BHARU,PASAR BORONG RTC KOTA BHARU,Borong,20,Buah-Buahan,02,023,NANAS JOSAPINE (AC5),F.A.Q,Kilogram,3,3,
30876765,2026-08-22,2026-08-22 10:00:15.806916,KELANTAN,KOTA BHARU,PASAR BORONG RTC KOTA BHARU,Borong,20,Buah-Buahan,02,023,NANAS JOSAPINE (AC5),F.A.Q,Kilogram,3,3,
30876766,2026-08-22,2026-08-22 10:00:15.806916,KELANTAN,KOTA BHARU,PASAR BORONG RTC KOTA BHARU,Borong,20,Buah-Buahan,02,023,NANAS JOSAPINE (AC5),F.A.Q,Kilogram,3,3,
30876767,2026-08-22,2026-08-22 10:00:25.965911,KELANTAN,BACHOK,"LADANG/KEBUN TEPUS, GUNONG",Ladang,,Ternakan,01,003,AYAM HIDUP,F.A.Q,Kilogram,7,7,
30876768,2026-08-22,2026-08-22 10:00:53.337792,TERENGGANU,KUALA TERENGGANU,PASAR BESAR KEDAI PAYANG,Runcit,,Sayur-Sayuran,03,001,BAYAM,F.A.Q,Kilogram,8,5.81,
30876769,2026-08-22,2026-08-22 10:00:53.403921,TERENGGANU,KUALA TERENGGANU,PASAR BESAR KEDAI PAYANG,Runcit,,Sayur-Sayuran,02,002,CILI HIJAU,F.A.Q,Kilogram,12,13.18,
30876770,2026-08-22,2026-08-22 10:00:53.462084,TERENGGANU,KUALA TERENGGANU,PASAR BESAR KEDAI PAYANG,Runcit,,Sayur-Sayuran,02,002,CILI MERAH (VIETNAM),F.A.Q,Kilogram,12,8.1,
30876771,2026-08-22,2026-08-22 10:00:53.519518,TERENGGANU,KUALA TERENGGANU,PASAR BESAR KEDAI PAYANG,Runcit,,Sayur-Sayuran,02,002,CILI MERAH KULAI / KULAI HIBRID,F.A.Q,Kilogram,17,16.31,
30876772,2026-08-22,2026-08-22 10:00:53.58307,TERENGGANU,KUALA TERENGGANU,PASAR BESAR KEDAI PAYANG,Runcit,,Sayur-Sayuran,02,002,CILI MERAH MINYAK,F.A.Q,Kilogram,12,14.1,
30876773,2026-08-22,2026-08-22 10:00:53.648345,TERENGGANU,KUALA TERENGGANU,PASAR BESAR KEDAI PAYANG,Runcit,,Sayur-Sayuran,03,009,DAUN BAWANG,F.A.Q,Kilogram,10,12.95,
30876774,2026-08-22,2026-08-22 10:00:53.717049,TERENGGANU,KUALA TERENGGANU,PASAR BESAR KEDAI PAYANG,Runcit,,Sayur-Sayuran,03,015,DAUN SUP (TANAH TINGGI),F.A.Q,Kilogram,16,13.35,
30876775,2026-08-22,2026-08-22 10:00:53.781859,TERENGGANU,KUALA TERENGGANU,PASAR BESAR KEDAI PAYANG,Runcit,,Sayur-Sayuran,04,002,KACANG BENDI,F.A.Q,Kilogram,11,10.44,
30876776,2026-08-22,2026-08-22 10:00:53.855026,TERENGGANU,KUALA TERENGGANU,PASAR BESAR KEDAI PAYANG,Runcit,,Sayur-Sayuran,04,003,KACANG BUNCIS,F.A.Q,Kilogram,13,13.06,
30876777,2026-08-22,2026-08-22 10:00:53.930995,TERENGGANU,KUALA TERENGGANU,PASAR BESAR KEDAI PAYANG,Runcit,,Sayur-Sayuran,04,007,KACANG PANJANG HIJAU,F.A.Q,Kilogram,8,7.99,
30876778,2026-08-22,2026-08-22 10:00:53.993836,TERENGGANU,KUALA TERENGGANU,PASAR BESAR KEDAI PAYANG,Runcit,,Sayur-Sayuran,03,019,KANGKUNG,F.A.Q,Kilogram,6,5.03,
30876779,2026-08-22,2026-08-22 10:00:54.056265,TERENGGANU,KUALA TERENGGANU,PASAR BESAR KEDAI PAYANG,Runcit,,Sayur-Sayuran,03,006,KUBIS BULAT (CHINA),F.A.Q,Kilogram,4,3.29,
30876780,2026-08-22,2026-08-22 10:00:54.123332,TERENGGANU,KUALA TERENGGANU,PASAR BESAR KEDAI PAYANG,Runcit,,Sayur-Sayuran,03,006,KUBIS BULAT (TANAH TINGGI),F.A.Q,Kilogram,4.5,4.58,
30876781,2026-08-22,2026-08-22 10:00:54.18679,TERENGGANU,KUALA TERENGGANU,PASAR BESAR KEDAI PAYANG,Runcit,,Sayur-Sayuran,03,007,SAWI HIJAU,F.A.Q,Kilogram,6,6.22,
30876782,2026-08-22,2026-08-22 10:00:54.251857,TERENGGANU,KUALA TERENGGANU,PASAR BESAR KEDAI PAYANG,Runcit,,Sayur-Sayuran,02,010,TERUNG PANJANG / PEPARU (TANAH RENDAH),F.A.Q,Kilogram,8,9.47,
30876783,2026-08-22,2026-08-22 10:00:54.327685,TERENGGANU,KUALA TERENGGANU,PASAR BESAR KEDAI PAYANG,Runcit,,Sayur-Sayuran,02,011,TIMUN HIJAU,F.A.Q,Kilogram,3,4.08,
30876784,2026-08-22,2026-08-22 10:00:54.388881,TERENGGANU,KUALA TERENGGANU,PASAR BESAR KEDAI PAYANG,Runcit,,Sayur-Sayuran,02,012,TOMATO (TANAH TINGGI),F.A.Q,Kilogram,9,8.71,
30876785,2026-08-22,2026-08-22 10:01:06.379946,KELANTAN,KOTA BHARU,PASAR BESAR SITI KHADIJAH,Runcit,26,Buah-Buahan,02,023,NANAS JOSAPINE (AC5),F.A.Q,Kilogram,4,4,
30876786,2026-08-22,2026-08-22 10:01:06.379946,KELANTAN,KOTA BHARU,PASAR BESAR SITI KHADIJAH,Runcit,26,Buah-Buahan,02,023,NANAS JOSAPINE (AC5),F.A.Q,Kilogram,4,4,
30876787,2026-08-22,2026-08-22 10:01:06.379946,KELANTAN,KOTA BHARU,PASAR BESAR SITI KHADIJAH,Runcit,26,Buah-Buahan,02,023,NANAS JOSAPINE (AC5),F.A.Q,Kilogram,4,4,
30876788,2026-08-22,2026-08-22 10:01:07.812957,SELANGOR,KLANG,PASAR BESAR KLANG - BAHAGIAN RUNCIT,Runcit,26,Sayur-Sayuran,03,001,BAYAM,F.A.Q,Kilogram,3,6.02,
30876789,2026-08-22,2026-08-22 10:01:07.812957,SELANGOR,KLANG,PASAR BESAR KLANG - BAHAGIAN RUNCIT,Runcit,26,Sayur-Sayuran,02,002,CILI HIJAU,F.A.Q,Kilogram,9,13.18,
30876790,2026-08-22,2026-08-22 10:01:07.812957,SELANGOR,KLANG,PASAR BESAR KLANG - BAHAGIAN RUNCIT,Runcit,26,Sayur-Sayuran,02,002,CILI MERAH MINYAK,F.A.Q,Kilogram,9,13.59,
30876791,2026-08-22,2026-08-22 10:01:07.812957,SELANGOR,KLANG,PASAR BESAR KLANG - BAHAGIAN RUNCIT,Runcit,26,Sayur-Sayuran,03,009,DAUN BAWANG,F.A.Q,Kilogram,6,12.95,
30876792,2026-08-22,2026-08-22 10:01:07.812957,SELANGOR,KLANG,PASAR BESAR KLANG - BAHAGIAN RUNCIT,Runcit,26,Sayur-Sayuran,03,015,DAUN SUP (TANAH TINGGI),F.A.Q,Kilogram,18,13.35,
30876793,2026-08-22,2026-08-22 10:01:07.812957,SELANGOR,KLANG,PASAR BESAR KLANG - BAHAGIAN RUNCIT,Runcit,26,Sayur-Sayuran,04,002,KACANG BENDI,F.A.Q,Kilogram,8,9.12,
30876794,2026-08-22,2026-08-22 10:01:07.812957,SELANGOR,KLANG,PASAR BESAR KLANG - BAHAGIAN RUNCIT,Runcit,26,Sayur-Sayuran,04,003,KACANG BUNCIS,F.A.Q,Kilogram,10,13.06,
30876795,2026-08-22,2026-08-22 10:01:07.812957,SELANGOR,KLANG,PASAR BESAR KLANG - BAHAGIAN RUNCIT,Runcit,26,Sayur-Sayuran,04,007,KACANG PANJANG HIJAU,F.A.Q,Kilogram,7,8.57,
30876796,2026-08-22,2026-08-22 10:01:07.812957,SELANGOR,KLANG,PASAR BESAR KLANG - BAHAGIAN RUNCIT,Runcit,26,Sayur-Sayuran,03,019,KANGKUNG,F.A.Q,Kilogram,3,5.03,
30876797,2026-08-22,2026-08-22 10:01:07.812957,SELANGOR,KLANG,PASAR BESAR KLANG - BAHAGIAN RUNCIT,Runcit,26,Sayur-Sayuran,03,006,KUBIS BULAT (CHINA),F.A.Q,Kilogram,2.6,3.29,
30876798,2026-08-22,2026-08-22 10:01:07.812957,SELANGOR,KLANG,PASAR BESAR KLANG - BAHAGIAN RUNCIT,Runcit,26,Sayur-Sayuran,03,006,KUBIS BULAT (TANAH TINGGI),F.A.Q,Kilogram,3.5,4.94,
30876799,2026-08-22,2026-08-22 10:01:07.812957,SELANGOR,KLANG,PASAR BESAR KLANG - BAHAGIAN RUNCIT,Runcit,26,Sayur-Sayuran,03,007,SAWI HIJAU,F.A.Q,Kilogram,5,5.99,
30876800,2026-08-22,2026-08-22 10:01:07.812957,SELANGOR,KLANG,PASAR BESAR KLANG - BAHAGIAN RUNCIT,Runcit,26,Sayur-Sayuran,03,007,SAWI HIJAU TANAH TINGGI,F.A.Q,Kilogram,5,4,
30876801,2026-08-22,2026-08-22 10:01:07.812957,SELANGOR,KLANG,PASAR BESAR KLANG - BAHAGIAN RUNCIT,Runcit,26,Sayur-Sayuran,02,010,TERUNG PANJANG / PEPARU (TANAH RENDAH),F.A.Q,Kilogram,8,8.08,
30876802,2026-08-22,2026-08-22 10:01:07.812957,SELANGOR,KLANG,PASAR BESAR KLANG - BAHAGIAN RUNCIT,Runcit,26,Sayur-Sayuran,02,011,TIMUN HIJAU,F.A.Q,Kilogram,2.8,4.27,
30876803,2026-08-22,2026-08-22 10:01:07.812957,SELANGOR,KLANG,PASAR BESAR KLANG - BAHAGIAN RUNCIT,Runcit,26,Sayur-Sayuran,02,012,TOMATO (TANAH TINGGI),F.A.Q,Kilogram,6,5.71,
30876804,2026-08-22,2026-08-22 10:01:18.900147,KELANTAN,TUMPAT,"[PROJEK] PROJEK PERTANIAN BERKELOMPOK KG KELABORAN, TUMPAT",Ladang,,Sayur-Sayuran,03,001,BAYAM,F.A.Q,Kilogram,3.5,3.5,
30876805,2026-08-22,2026-08-22 10:01:18.900147,KELANTAN,TUMPAT,"[PROJEK] PROJEK PERTANIAN BERKELOMPOK KG KELABORAN, TUMPAT",Ladang,,Sayur-Sayuran,03,001,BAYAM,F.A.Q,Kilogram,3.5,3.5,
30876806,2026-08-22,2026-08-22 10:01:18.900147,KELANTAN,TUMPAT,"[PROJEK] PROJEK PERTANIAN BERKELOMPOK KG KELABORAN, TUMPAT",Ladang,,Sayur-Sayuran,03,001,BAYAM,F.A.Q,Kilogram,3.5,3.5,
30876807,2026-08-22,2026-08-22 10:01:18.900147,KELANTAN,TUMPAT,"[PROJEK] PROJEK PERTANIAN BERKELOMPOK KG KELABORAN, TUMPAT",Ladang,,Sayur-Sayuran,03,019,KANGKUNG,F.A.Q,Kilogram,2,2,
30876808,2026-08-22,2026-08-22 10:01:18.900147,KELANTAN,TUMPAT,"[PROJEK] PROJEK PERTANIAN BERKELOMPOK KG KELABORAN, TUMPAT",Ladang,,Sayur-Sayuran,03,019,KANGKUNG,F.A.Q,Kilogram,2,2,
30876809,2026-08-22,2026-08-22 10:01:18.900147,KELANTAN,TUMPAT,"[PROJEK] PROJEK PERTANIAN BERKELOMPOK KG KELABORAN, TUMPAT",Ladang,,Sayur-Sayuran,03,019,KANGKUNG,F.A.Q,Kilogram,2,2,
30876810,2026-08-22,2026-08-22 10:01:18.900147,KELANTAN,TUMPAT,"[PROJEK] PROJEK PERTANIAN BERKELOMPOK KG KELABORAN, TUMPAT",Ladang,,Sayur-Sayuran,03,007,SAWI HIJAU,F.A.Q,Kilogram,3.5,3.5,
30876811,2026-08-22,2026-08-22 10:01:18.900147,KELANTAN,TUMPAT,"[PROJEK] PROJEK PERTANIAN BERKELOMPOK KG KELABORAN, TUMPAT",Ladang,,Sayur-Sayuran,03,007,SAWI HIJAU,F.A.Q,Kilogram,3.5,3.5,
30876812,2026-08-22,2026-08-22 10:01:18.900147,KELANTAN,TUMPAT,"[PROJEK] PROJEK PERTANIAN BERKELOMPOK KG KELABORAN, TUMPAT",Ladang,,Sayur-Sayuran,03,007,SAWI HIJAU,F.A.Q,Kilogram,3.5,3.5,
30876813,2026-08-22,2026-08-22 10:01:39.863396,SELANGOR,KLANG,PASAR BESAR KLANG - BAHAGIAN RUNCIT,Runcit,26,Tanaman Kontan,05,001,KELAPA DIKUPAS,SEDANG,Biji,3,3.43,
30876814,2026-08-22,2026-08-22 10:01:39.863396,SELANGOR,KLANG,PASAR BESAR KLANG - BAHAGIAN RUNCIT,Runcit,26,Lain-Lain Makanan Proses,15,001,SANTAN PEKAT,F.A.Q,Kilogram,12,15.22,
30876815,2026-08-22,2026-08-22 10:03:41.652694,KELANTAN,KOTA BHARU,PASAR BORONG RTC KOTA BHARU,Borong,20,Sayur-Sayuran,05,001,BAWANG BESAR KUNING / HOLLAND,F.A.Q,Kilogram,2.5,2.5,
30876816,2026-08-22,2026-08-22 10:03:41.652694,KELANTAN,KOTA BHARU,PASAR BORONG RTC KOTA BHARU,Borong,20,Sayur-Sayuran,05,001,BAWANG BESAR KUNING / HOLLAND,F.A.Q,Kilogram,2.5,2.5,
30876817,2026-08-22,2026-08-22 10:03:41.652694,KELANTAN,KOTA BHARU,PASAR BORONG RTC KOTA BHARU,Borong,20,Sayur-Sayuran,05,001,BAWANG BESAR KUNING / HOLLAND,F.A.Q,Kilogram,2.5,2.5,
30876818,2026-08-22,2026-08-22 10:03:41.652694,KELANTAN,KOTA BHARU,PASAR BORONG RTC KOTA BHARU,Borong,20,Sayur-Sayuran,05,001,BAWANG BESAR MERAH (INDIA),F.A.Q,Kilogram,2.5,2.5,
30876819,2026-08-22,2026-08-22 10:03:41.652694,KELANTAN,KOTA BHARU,PASAR BORONG RTC KOTA BHARU,Borong,20,Sayur-Sayuran,05,001,BAWANG BESAR MERAH (INDIA),F.A.Q,Kilogram,2.5,2.5,
30876820,2026-08-22,2026-08-22 10:03:41.652694,KELANTAN,KOTA BHARU,PASAR BORONG RTC KOTA BHARU,Borong,20,Sayur-Sayuran,05,001,BAWANG BESAR MERAH (INDIA),F.A.Q,Kilogram,2.5,2.5,
30876821,2026-08-22,2026-08-22 10:03:41.652694,KELANTAN,KOTA BHARU,PASAR BORONG RTC KOTA BHARU,Borong,20,Sayur-Sayuran,05,001,BAWANG MERAH / KECIL (INDIA),F.A.Q,Kilogram,1.4,1.4,
30876822,2026-08-22,2026-08-22 10:03:41.652694,KELANTAN,KOTA BHARU,PASAR BORONG RTC KOTA BHARU,Borong,20,Sayur-Sayuran,05,001,BAWANG MERAH / KECIL (INDIA),F.A.Q,Kilogram,1.4,1.4,
30876823,2026-08-22,2026-08-22 10:03:41.652694,KELANTAN,KOTA BHARU,PASAR BORONG RTC KOTA BHARU,Borong,20,Sayur-Sayuran,05,001,BAWANG MERAH / KECIL (INDIA),F.A.Q,Kilogram,1.4,1.4,
30876824,2026-08-22,2026-08-22 10:03:41.652694,KELANTAN,KOTA BHARU,PASAR BORONG RTC KOTA BHARU,Borong,20,Sayur-Sayuran,05,001,BAWANG MERAH / KECIL (THAI),F.A.Q,Kilogram,9,9,
30876825,2026-08-22,2026-08-22 10:03:41.652694,KELANTAN,KOTA BHARU,PASAR BORONG RTC KOTA BHARU,Borong,20,Sayur-Sayuran,05,001,BAWANG MERAH / KECIL (THAI),F.A.Q,Kilogram,9,9,
30876826,2026-08-22,2026-08-22 10:03:41.652694,KELANTAN,KOTA BHARU,PASAR BORONG RTC KOTA BHARU,Borong,20,Sayur-Sayuran,05,001,BAWANG MERAH / KECIL (THAI),F.A.Q,Kilogram,9,9,
30876827,2026-08-22,2026-08-22 10:03:41.652694,KELANTAN,KOTA BHARU,PASAR BORONG RTC KOTA BHARU,Borong,20,Sayur-Sayuran,05,001,BAWANG PUTIH (CHINA),F.A.Q,Kilogram,7,7,
30876828,2026-08-22,2026-08-22 10:03:41.652694,KELANTAN,KOTA BHARU,PASAR BORONG RTC KOTA BHARU,Borong,20,Sayur-Sayuran,05,001,BAWANG PUTIH (CHINA),F.A.Q,Kilogram,7,7,
30876829,2026-08-22,2026-08-22 10:03:41.652694,KELANTAN,KOTA BHARU,PASAR BORONG RTC KOTA BHARU,Borong,20,Sayur-Sayuran,05,001,BAWANG PUTIH (CHINA),F.A.Q,Kilogram,7,7,
30876830,2026-08-22,2026-08-22 10:04:17.566091,KELANTAN,KOTA BHARU,PASAR BORONG RTC KOTA BHARU,Borong,20,Ternakan,03,002,AYAM PROSES STANDARD,F.A.Q,Kilogram,8.5,8.5,
30876831,2026-08-22,2026-08-22 10:04:17.566091,KELANTAN,KOTA BHARU,PASAR BORONG RTC KOTA BHARU,Borong,20,Ternakan,03,002,AYAM PROSES STANDARD,F.A.Q,Kilogram,8.5,8.5,
30876832,2026-08-22,2026-08-22 10:04:17.566091,KELANTAN,KOTA BHARU,PASAR BORONG RTC KOTA BHARU,Borong,20,Ternakan,03,002,AYAM PROSES STANDARD,F.A.Q,Kilogram,8.5,8.5,
30876833,2026-08-22,2026-08-22 10:04:56.301855,TERENGGANU,KUALA TERENGGANU,PASAR BESAR KEDAI PAYANG,Runcit,,Sayur-Sayuran,03,001,BAYAM,F.A.Q,Kilogram,9,5.81,
30876834,2026-08-22,2026-08-22 10:04:56.348094,TERENGGANU,KUALA TERENGGANU,PASAR BESAR KEDAI PAYANG,Runcit,,Sayur-Sayuran,02,002,CILI HIJAU,F.A.Q,Kilogram,13,13.18,
30876835,2026-08-22,2026-08-22 10:04:56.392781,TERENGGANU,KUALA TERENGGANU,PASAR BESAR KEDAI PAYANG,Runcit,,Sayur-Sayuran,02,002,CILI MERAH (VIETNAM),F.A.Q,Kilogram,12,8.1,
30876836,2026-08-22,2026-08-22 10:04:56.442465,TERENGGANU,KUALA TERENGGANU,PASAR BESAR KEDAI PAYANG,Runcit,,Sayur-Sayuran,02,002,CILI MERAH KULAI / KULAI HIBRID,F.A.Q,Kilogram,17,16.31,
30876837,2026-08-22,2026-08-22 10:04:56.492139,TERENGGANU,KUALA TERENGGANU,PASAR BESAR KEDAI PAYANG,Runcit,,Sayur-Sayuran,02,002,CILI MERAH MINYAK,F.A.Q,Kilogram,12,14.1,
30876838,2026-08-22,2026-08-22 10:04:56.546504,TERENGGANU,KUALA TERENGGANU,PASAR BESAR KEDAI PAYANG,Runcit,,Sayur-Sayuran,03,009,DAUN BAWANG,F.A.Q,Kilogram,11,12.95,
30876839,2026-08-22,2026-08-22 10:04:56.608826,TERENGGANU,KUALA TERENGGANU,PASAR BESAR KEDAI PAYANG,Runcit,,Sayur-Sayuran,03,015,DAUN SUP (TANAH TINGGI),F.A.Q,Kilogram,17,13.35,
30876840,2026-08-22,2026-08-22 10:04:56.661224,TERENGGANU,KUALA TERENGGANU,PASAR BESAR KEDAI PAYANG,Runcit,,Sayur-Sayuran,04,002,KACANG BENDI,F.A.Q,Kilogram,10,10.44,
30876841,2026-08-22,2026-08-22 10:04:56.718455,TERENGGANU,KUALA TERENGGANU,PASAR BESAR KEDAI PAYANG,Runcit,,Sayur-Sayuran,04,003,KACANG BUNCIS,F.A.Q,Kilogram,14,13.06,
30876842,2026-08-22,2026-08-22 10:04:56.776484,TERENGGANU,KUALA TERENGGANU,PASAR BESAR KEDAI PAYANG,Runcit,,Sayur-Sayuran,04,007,KACANG PANJANG HIJAU,F.A.Q,Kilogram,8,7.99,
30876843,2026-08-22,2026-08-22 10:04:56.836092,TERENGGANU,KUALA TERENGGANU,PASAR BESAR KEDAI PAYANG,Runcit,,Sayur-Sayuran,03,019,KANGKUNG,F.A.Q,Kilogram,6,5.03,
30876844,2026-08-22,2026-08-22 10:04:56.901198,TERENGGANU,KUALA TERENGGANU,PASAR BESAR KEDAI PAYANG,Runcit,,Sayur-Sayuran,03,006,KUBIS BULAT (CHINA),F.A.Q,Kilogram,4,3.29,
30876845,2026-08-22,2026-08-22 10:04:56.962147,TERENGGANU,KUALA TERENGGANU,PASAR BESAR KEDAI PAYANG,Runcit,,Sayur-Sayuran,03,006,KUBIS BULAT (TANAH TINGGI),F.A.Q,Kilogram,4.5,4.58,
30876846,2026-08-22,2026-08-22 10:04:57.034106,TERENGGANU,KUALA TERENGGANU,PASAR BESAR KEDAI PAYANG,Runcit,,Sayur-Sayuran,03,007,SAWI HIJAU,F.A.Q,Kilogram,6,6.22,
30876847,2026-08-22,2026-08-22 10:04:57.083162,TERENGGANU,KUALA TERENGGANU,PASAR BESAR KEDAI PAYANG,Runcit,,Sayur-Sayuran,02,010,TERUNG PANJANG / PEPARU (TANAH RENDAH),F.A.Q,Kilogram,8,9.47,
30876848,2026-08-22,2026-08-22 10:04:57.133976,TERENGGANU,KUALA TERENGGANU,PASAR BESAR KEDAI PAYANG,Runcit,,Sayur-Sayuran,02,011,TIMUN HIJAU,F.A.Q,Kilogram,3,4.08,
30876849,2026-08-22,2026-08-22 10:04:57.178038,TERENGGANU,KUALA TERENGGANU,PASAR BESAR KEDAI PAYANG,Runcit,,Sayur-Sayuran,02,012,TOMATO (TANAH TINGGI),F.A.Q,Kilogram,9,8.71,
30876850,2026-08-22,2026-08-22 10:06:34.753134,PULAU PINANG,SEBERANG PERAI UTARA,[PROJEK] TKPM ARA KUDA,Ladang,,Buah-Buahan,02,005,BETIK SEKAKI,F.A.Q,Kilogram,3.5,2.34,
30876851,2026-08-22,2026-08-22 10:06:34.753134,PULAU PINANG,SEBERANG PERAI UTARA,[PROJEK] TKPM ARA KUDA,Ladang,,Buah-Buahan,02,005,BETIK SEKAKI,F.A.Q,Kilogram,2.5,2.34,
30876852,2026-08-22,2026-08-22 10:06:34.753134,PULAU PINANG,SEBERANG PERAI UTARA,[PROJEK] TKPM ARA KUDA,Ladang,,Buah-Buahan,02,028,PISANG BERANGAN,F.A.Q,Kilogram,3.8,2.48,
30876853,2026-08-22,2026-08-22 10:06:34.753134,PULAU PINANG,SEBERANG PERAI UTARA,[PROJEK] TKPM ARA KUDA,Ladang,,Buah-Buahan,02,028,PISANG BERANGAN,F.A.Q,Kilogram,2.7,2.48,
30876854,2026-08-22,2026-08-22 10:06:34.753134,PULAU PINANG,SEBERANG PERAI UTARA,[PROJEK] TKPM ARA KUDA,Ladang,,Buah-Buahan,02,028,PISANG MAS,F.A.Q,Kilogram,3.5,2.27,
30876855,2026-08-22,2026-08-22 10:07:55.888942,PULAU PINANG,SEBERANG PERAI UTARA,[PROJEK] TKPM ARA KUDA,Ladang,,Sayur-Sayuran,03,001,BAYAM,F.A.Q,Kilogram,1.6,1.9,
30876856,2026-08-22,2026-08-22 10:07:55.888942,PULAU PINANG,SEBERANG PERAI UTARA,[PROJEK] TKPM ARA KUDA,Ladang,,Sayur-Sayuran,02,002,CILI MERAH KULAI / KULAI HIBRID,F.A.Q,Kilogram,8,9.25,
30876857,2026-08-22,2026-08-22 10:07:55.888942,PULAU PINANG,SEBERANG PERAI UTARA,[PROJEK] TKPM ARA KUDA,Ladang,,Sayur-Sayuran,02,002,CILI MERAH KULAI / KULAI HIBRID,F.A.Q,Kilogram,4,9.25,
30876858,2026-08-22,2026-08-22 10:07:55.888942,PULAU PINANG,SEBERANG PERAI UTARA,[PROJEK] TKPM ARA KUDA,Ladang,,Sayur-Sayuran,04,002,KACANG BENDI,F.A.Q,Kilogram,4,4.0363636,
30876859,2026-08-22,2026-08-22 10:07:55.888942,PULAU PINANG,SEBERANG PERAI UTARA,[PROJEK] TKPM ARA KUDA,Ladang,,Sayur-Sayuran,04,007,KACANG PANJANG HIJAU,F.A.Q,Kilogram,4.2,3.8333333,
30876860,2026-08-22,2026-08-22 10:07:55.888942,PULAU PINANG,SEBERANG PERAI UTARA,[PROJEK] TKPM ARA KUDA,Ladang,,Sayur-Sayuran,03,019,KANGKUNG,F.A.Q,Kilogram,1.6,1.46,
30876861,2026-08-22,2026-08-22 10:07:55.888942,PULAU PINANG,SEBERANG PERAI UTARA,[PROJEK] TKPM ARA KUDA,Ladang,,Sayur-Sayuran,03,007,SAWI HIJAU,F.A.Q,Kilogram,1.5,2.78,
30876862,2026-08-22,2026-08-22 10:07:55.888942,PULAU PINANG,SEBERANG PERAI UTARA,[PROJEK] TKPM ARA KUDA,Ladang,,Sayur-Sayuran,02,010,TERUNG PANJANG / PEPARU (TANAH RENDAH),F.A.Q,Kilogram,5,4.9,
30876863,2026-08-22,2026-08-22 10:07:55.888942,PULAU PINANG,SEBERANG PERAI UTARA,[PROJEK] TKPM ARA KUDA,Ladang,,Sayur-Sayuran,02,011,TIMUN HIJAU,F.A.Q,Kilogram,0.6,1.45,
30876864,2026-08-22,2026-08-22 10:11:09.528489,NEGERI SEMBILAN,SEREMBAN,PASAR BESAR SEREMBAN - BAHAGIAN RUNCIT,Runcit,26,Sayur-Sayuran,05,001,BAWANG BESAR KUNING / HOLLAND,F.A.Q,Kilogram,4.2,4.233333,
30876865,2026-08-22,2026-08-22 10:11:09.528489,NEGERI SEMBILAN,SEREMBAN,PASAR BESAR SEREMBAN - BAHAGIAN RUNCIT,Runcit,26,Sayur-Sayuran,05,001,BAWANG BESAR KUNING / HOLLAND,F.A.Q,Kilogram,4,4.233333,
30876866,2026-08-22,2026-08-22 10:11:09.528489,NEGERI SEMBILAN,SEREMBAN,PASAR BESAR SEREMBAN - BAHAGIAN RUNCIT,Runcit,26,Sayur-Sayuran,05,001,BAWANG BESAR KUNING / HOLLAND,F.A.Q,Kilogram,4.5,4.233333,
30876867,2026-08-22,2026-08-22 10:11:09.528489,NEGERI SEMBILAN,SEREMBAN,PASAR BESAR SEREMBAN - BAHAGIAN RUNCIT,Runcit,26,Sayur-Sayuran,05,001,BAWANG BESAR MERAH (INDIA),F.A.Q,Kilogram,4.3,4.113333,
30876868,2026-08-22,2026-08-22 10:11:09.528489,NEGERI SEMBILAN,SEREMBAN,PASAR BESAR SEREMBAN - BAHAGIAN RUNCIT,Runcit,26,Sayur-Sayuran,05,001,BAWANG BESAR MERAH (INDIA),F.A.Q,Kilogram,3.9,4.113333,
30876869,2026-08-22,2026-08-22 10:11:09.528489,NEGERI SEMBILAN,SEREMBAN,PASAR BESAR SEREMBAN - BAHAGIAN RUNCIT,Runcit,26,Sayur-Sayuran,05,001,BAWANG BESAR MERAH (INDIA),F.A.Q,Kilogram,4.5,4.113333,
30876870,2026-08-22,2026-08-22 10:11:09.528489,NEGERI SEMBILAN,SEREMBAN,PASAR BESAR SEREMBAN - BAHAGIAN RUNCIT,Runcit,26,Sayur-Sayuran,05,001,BAWANG MERAH / KECIL (INDIA),F.A.Q,Kilogram,7,7,
30876871,2026-08-22,2026-08-22 10:11:09.528489,NEGERI SEMBILAN,SEREMBAN,PASAR BESAR SEREMBAN - BAHAGIAN RUNCIT,Runcit,26,Sayur-Sayuran,05,001,BAWANG MERAH / KECIL (INDIA),F.A.Q,Kilogram,6,7,
30876872,2026-08-22,2026-08-22 10:11:09.528489,NEGERI SEMBILAN,SEREMBAN,PASAR BESAR SEREMBAN - BAHAGIAN RUNCIT,Runcit,26,Sayur-Sayuran,05,001,BAWANG MERAH / KECIL (INDIA),F.A.Q,Kilogram,8,7,
30876873,2026-08-22,2026-08-22 10:11:09.528489,NEGERI SEMBILAN,SEREMBAN,PASAR BESAR SEREMBAN - BAHAGIAN RUNCIT,Runcit,26,Sayur-Sayuran,05,001,BAWANG MERAH / KECIL (THAI),F.A.Q,Kilogram,13,13.166667,
30876874,2026-08-22,2026-08-22 10:11:09.528489,NEGERI SEMBILAN,SEREMBAN,PASAR BESAR SEREMBAN - BAHAGIAN RUNCIT,Runcit,26,Sayur-Sayuran,05,001,BAWANG MERAH / KECIL (THAI),F.A.Q,Kilogram,12.5,13.166667,
30876875,2026-08-22,2026-08-22 10:11:09.528489,NEGERI SEMBILAN,SEREMBAN,PASAR BESAR SEREMBAN - BAHAGIAN RUNCIT,Runcit,26,Sayur-Sayuran,05,001,BAWANG MERAH / KECIL (THAI),F.A.Q,Kilogram,14,13.166667,
30876876,2026-08-22,2026-08-22 10:11:09.528489,NEGERI SEMBILAN,SEREMBAN,PASAR BESAR SEREMBAN - BAHAGIAN RUNCIT,Runcit,26,Sayur-Sayuran,05,001,BAWANG MERAH ROSE,F.A.Q,Kilogram,7.7,7.6666665,
30876877,2026-08-22,2026-08-22 10:11:09.528489,NEGERI SEMBILAN,SEREMBAN,PASAR BESAR SEREMBAN - BAHAGIAN RUNCIT,Runcit,26,Sayur-Sayuran,05,001,BAWANG MERAH ROSE,F.A.Q,Kilogram,7.3,7.6666665,
30876878,2026-08-22,2026-08-22 10:11:09.528489,NEGERI SEMBILAN,SEREMBAN,PASAR BESAR SEREMBAN - BAHAGIAN RUNCIT,Runcit,26,Sayur-Sayuran,05,001,BAWANG MERAH ROSE,F.A.Q,Kilogram,8,7.6666665,
30876879,2026-08-22,2026-08-22 10:11:09.528489,NEGERI SEMBILAN,SEREMBAN,PASAR BESAR SEREMBAN - BAHAGIAN RUNCIT,Runcit,26,Sayur-Sayuran,05,001,BAWANG PUTIH (CHINA),F.A.Q,Kilogram,10.5,10.16,
30876880,2026-08-22,2026-08-22 10:11:09.528489,NEGERI SEMBILAN,SEREMBAN,PASAR BESAR SEREMBAN - BAHAGIAN RUNCIT,Runcit,26,Sayur-Sayuran,05,001,BAWANG PUTIH (CHINA),F.A.Q,Kilogram,9.9,10.16,
30876881,2026-08-22,2026-08-22 10:11:09.528489,NEGERI SEMBILAN,SEREMBAN,PASAR BESAR SEREMBAN - BAHAGIAN RUNCIT,Runcit,26,Sayur-Sayuran,05,001,BAWANG PUTIH (CHINA),F.A.Q,Kilogram,10.8,10.16,
30876882,2026-08-22,2026-08-22 10:11:09.528489,NEGERI SEMBILAN,SEREMBAN,PASAR BESAR SEREMBAN - BAHAGIAN RUNCIT,Runcit,26,Sayur-Sayuran,05,009,UBI KENTANG (IMPORT),F.A.Q,Kilogram,3.5,3.4866667,
30876883,2026-08-22,2026-08-22 10:11:09.528489,NEGERI SEMBILAN,SEREMBAN,PASAR BESAR SEREMBAN - BAHAGIAN RUNCIT,Runcit,26,Sayur-Sayuran,05,009,UBI KENTANG (IMPORT),F.A.Q,Kilogram,3.3,3.4866667,
30876884,2026-08-22,2026-08-22 10:11:09.528489,NEGERI SEMBILAN,SEREMBAN,PASAR BESAR SEREMBAN - BAHAGIAN RUNCIT,Runcit,26,Sayur-Sayuran,05,009,UBI KENTANG (IMPORT),F.A.Q,Kilogram,3.6,3.4866667,
30876885,2026-08-22,2026-08-22 10:11:09.528489,NEGERI SEMBILAN,SEREMBAN,PASAR BESAR SEREMBAN - BAHAGIAN RUNCIT,Runcit,26,Sayur-Sayuran,05,009,UBI KENTANG HOLLAND,F.A.Q,Kilogram,4.4,4.3533335,
30876886,2026-08-22,2026-08-22 10:11:09.528489,NEGERI SEMBILAN,SEREMBAN,PASAR BESAR SEREMBAN - BAHAGIAN RUNCIT,Runcit,26,Sayur-Sayuran,05,009,UBI KENTANG HOLLAND,F.A.Q,Kilogram,4,4.3533335,
30876887,2026-08-22,2026-08-22 10:11:09.528489,NEGERI SEMBILAN,SEREMBAN,PASAR BESAR SEREMBAN - BAHAGIAN RUNCIT,Runcit,26,Sayur-Sayuran,05,009,UBI KENTANG HOLLAND,F.A.Q,Kilogram,4.6,4.3533335,
30876888,2026-08-22,2026-08-22 10:11:12.821835,NEGERI SEMBILAN,SEREMBAN,PASAR BESAR SEREMBAN - BAHAGIAN BORONG,Borong,20,Sayur-Sayuran,05,001,BAWANG BESAR KUNING / HOLLAND,F.A.Q,Kilogram,3.3,3.3,
30876889,2026-08-22,2026-08-22 10:11:12.821835,NEGERI SEMBILAN,SEREMBAN,PASAR BESAR SEREMBAN - BAHAGIAN BORONG,Borong,20,Sayur-Sayuran,05,001,BAWANG BESAR KUNING / HOLLAND,F.A.Q,Kilogram,3.5,3.3,
30876890,2026-08-22,2026-08-22 10:11:12.821835,NEGERI SEMBILAN,SEREMBAN,PASAR BESAR SEREMBAN - BAHAGIAN BORONG,Borong,20,Sayur-Sayuran,05,001,BAWANG BESAR KUNING / HOLLAND,F.A.Q,Kilogram,3.1,3.3,
30876891,2026-08-22,2026-08-22 10:11:12.821835,NEGERI SEMBILAN,SEREMBAN,PASAR BESAR SEREMBAN - BAHAGIAN BORONG,Borong,20,Sayur-Sayuran,05,001,BAWANG BESAR MERAH (INDIA),F.A.Q,Kilogram,2.7,2.9,
30876892,2026-08-22,2026-08-22 10:11:12.821835,NEGERI SEMBILAN,SEREMBAN,PASAR BESAR SEREMBAN - BAHAGIAN BORONG,Borong,20,Sayur-Sayuran,05,001,BAWANG BESAR MERAH (INDIA),F.A.Q,Kilogram,3.4,2.9,
30876893,2026-08-22,2026-08-22 10:11:12.821835,NEGERI SEMBILAN,SEREMBAN,PASAR BESAR SEREMBAN - BAHAGIAN BORONG,Borong,20,Sayur-Sayuran,05,001,BAWANG BESAR MERAH (INDIA),F.A.Q,Kilogram,2.9,2.9,
30876894,2026-08-22,2026-08-22 10:11:12.821835,NEGERI SEMBILAN,SEREMBAN,PASAR BESAR SEREMBAN - BAHAGIAN BORONG,Borong,20,Sayur-Sayuran,05,001,BAWANG MERAH / KECIL (INDIA),F.A.Q,Kilogram,4,4.4133334,
30876895,2026-08-22,2026-08-22 10:11:12.821835,NEGERI SEMBILAN,SEREMBAN,PASAR BESAR SEREMBAN - BAHAGIAN BORONG,Borong,20,Sayur-Sayuran,05,001,BAWANG MERAH / KECIL (INDIA),F.A.Q,Kilogram,4.7,4.4133334,
30876896,2026-08-22,2026-08-22 10:11:12.821835,NEGERI SEMBILAN,SEREMBAN,PASAR BESAR SEREMBAN - BAHAGIAN BORONG,Borong,20,Sayur-Sayuran,05,001,BAWANG MERAH / KECIL (INDIA),F.A.Q,Kilogram,4.5,4.4133334,
30876897,2026-08-22,2026-08-22 10:11:12.821835,NEGERI SEMBILAN,SEREMBAN,PASAR BESAR SEREMBAN - BAHAGIAN BORONG,Borong,20,Sayur-Sayuran,05,001,BAWANG MERAH / KECIL (THAI),F.A.Q,Kilogram,9.1,9.666667,
30876898,2026-08-22,2026-08-22 10:11:12.821835,NEGERI SEMBILAN,SEREMBAN,PASAR BESAR SEREMBAN - BAHAGIAN BORONG,Borong,20,Sayur-Sayuran,05,001,BAWANG MERAH / KECIL (THAI),F.A.Q,Kilogram,10.4,9.666667,
30876899,2026-08-22,2026-08-22 10:11:12.821835,NEGERI SEMBILAN,SEREMBAN,PASAR BESAR SEREMBAN - BAHAGIAN BORONG,Borong,20,Sayur-Sayuran,05,001,BAWANG MERAH / KECIL (THAI),F.A.Q,Kilogram,9.5,9.666667,
30876900,2026-08-22,2026-08-22 10:11:12.821835,NEGERI SEMBILAN,SEREMBAN,PASAR BESAR SEREMBAN - BAHAGIAN BORONG,Borong,20,Sayur-Sayuran,05,001,BAWANG MERAH ROSE,F.A.Q,Kilogram,5.6,5.9466667,
30876901,2026-08-22,2026-08-22 10:11:12.821835,NEGERI SEMBILAN,SEREMBAN,PASAR BESAR SEREMBAN - BAHAGIAN BORONG,Borong,20,Sayur-Sayuran,05,001,BAWANG MERAH ROSE,F.A.Q,Kilogram,6.5,5.9466667,
30876902,2026-08-22,2026-08-22 10:11:12.821835,NEGERI SEMBILAN,SEREMBAN,PASAR BESAR SEREMBAN - BAHAGIAN BORONG,Borong,20,Sayur-Sayuran,05,001,BAWANG MERAH ROSE,F.A.Q,Kilogram,5.8,5.9466667,
30876903,2026-08-22,2026-08-22 10:11:12.821835,NEGERI SEMBILAN,SEREMBAN,PASAR BESAR SEREMBAN - BAHAGIAN BORONG,Borong,20,Sayur-Sayuran,05,001,BAWANG PUTIH (CHINA),F.A.Q,Kilogram,8.7,8.933333,
30876904,2026-08-22,2026-08-22 10:11:12.821835,NEGERI SEMBILAN,SEREMBAN,PASAR BESAR SEREMBAN - BAHAGIAN BORONG,Borong,20,Sayur-Sayuran,05,001,BAWANG PUTIH (CHINA),F.A.Q,Kilogram,9.5,8.933333,
30876905,2026-08-22,2026-08-22 10:11:12.821835,NEGERI SEMBILAN,SEREMBAN,PASAR BESAR SEREMBAN - BAHAGIAN BORONG,Borong,20,Sayur-Sayuran,05,001,BAWANG PUTIH (CHINA),F.A.Q,Kilogram,8.9,8.933333,
30876906,2026-08-22,2026-08-22 10:11:12.821835,NEGERI SEMBILAN,SEREMBAN,PASAR BESAR SEREMBAN - BAHAGIAN BORONG,Borong,20,Sayur-Sayuran,05,009,UBI KENTANG (IMPORT),F.A.Q,Kilogram,2.4,2.4333334,
30876907,2026-08-22,2026-08-22 10:11:12.821835,NEGERI SEMBILAN,SEREMBAN,PASAR BESAR SEREMBAN - BAHAGIAN BORONG,Borong,20,Sayur-Sayuran,05,009,UBI KENTANG (IMPORT),F.A.Q,Kilogram,2.6,2.4333334,
30876908,2026-08-22,2026-08-22 10:11:12.821835,NEGERI SEMBILAN,SEREMBAN,PASAR BESAR SEREMBAN - BAHAGIAN BORONG,Borong,20,Sayur-Sayuran,05,009,UBI KENTANG (IMPORT),F.A.Q,Kilogram,2.3,2.4333334,
30876909,2026-08-22,2026-08-22 10:11:12.821835,NEGERI SEMBILAN,SEREMBAN,PASAR BESAR SEREMBAN - BAHAGIAN BORONG,Borong,20,Sayur-Sayuran,05,009,UBI KENTANG HOLLAND,F.A.Q,Kilogram,2.8,3.0333333,
30876910,2026-08-22,2026-08-22 10:11:12.821835,NEGERI SEMBILAN,SEREMBAN,PASAR BESAR SEREMBAN - BAHAGIAN BORONG,Borong,20,Sayur-Sayuran,05,009,UBI KENTANG HOLLAND,F.A.Q,Kilogram,3.3,3.0333333,
30876911,2026-08-22,2026-08-22 10:11:12.821835,NEGERI SEMBILAN,SEREMBAN,PASAR BESAR SEREMBAN - BAHAGIAN BORONG,Borong,20,Sayur-Sayuran,05,009,UBI KENTANG HOLLAND,F.A.Q,Kilogram,3,3.0333333,
30876931,2026-08-22,2026-08-22 10:14:00.697856,KELANTAN,KOTA BHARU,PASAR BORONG RTC KOTA BHARU,Borong,20,Sayur-Sayuran,03,001,BAYAM,F.A.Q,Kilogram,4.5,4.7,
30876932,2026-08-22,2026-08-22 10:14:00.697856,KELANTAN,KOTA BHARU,PASAR BORONG RTC KOTA BHARU,Borong,20,Sayur-Sayuran,03,001,BAYAM,F.A.Q,Kilogram,4.5,4.7,
30876933,2026-08-22,2026-08-22 10:14:00.697856,KELANTAN,KOTA BHARU,PASAR BORONG RTC KOTA BHARU,Borong,20,Sayur-Sayuran,03,001,BAYAM,F.A.Q,Kilogram,4.5,4.7,
30876934,2026-08-22,2026-08-22 10:14:00.697856,KELANTAN,KOTA BHARU,PASAR BORONG RTC KOTA BHARU,Borong,20,Sayur-Sayuran,03,001,BAYAM,F.A.Q,Kilogram,5,4.7,
30876935,2026-08-22,2026-08-22 10:14:00.697856,KELANTAN,KOTA BHARU,PASAR BORONG RTC KOTA BHARU,Borong,20,Sayur-Sayuran,03,001,BAYAM,F.A.Q,Kilogram,5,4.7,
30876936,2026-08-22,2026-08-22 10:14:00.697856,KELANTAN,KOTA BHARU,PASAR BORONG RTC KOTA BHARU,Borong,20,Sayur-Sayuran,02,002,CILI / LADA SOLOK,F.A.Q,Kilogram,16,15.6,
30876937,2026-08-22,2026-08-22 10:14:00.697856,KELANTAN,KOTA BHARU,PASAR BORONG RTC KOTA BHARU,Borong,20,Sayur-Sayuran,02,002,CILI / LADA SOLOK,F.A.Q,Kilogram,16,15.6,
30876938,2026-08-22,2026-08-22 10:14:00.697856,KELANTAN,KOTA BHARU,PASAR BORONG RTC KOTA BHARU,Borong,20,Sayur-Sayuran,02,002,CILI / LADA SOLOK,F.A.Q,Kilogram,16,15.6,
30876939,2026-08-22,2026-08-22 10:14:00.697856,KELANTAN,KOTA BHARU,PASAR BORONG RTC KOTA BHARU,Borong,20,Sayur-Sayuran,02,002,CILI / LADA SOLOK,F.A.Q,Kilogram,15,15.6,
30876940,2026-08-22,2026-08-22 10:14:00.697856,KELANTAN,KOTA BHARU,PASAR BORONG RTC KOTA BHARU,Borong,20,Sayur-Sayuran,02,002,CILI / LADA SOLOK,F.A.Q,Kilogram,15,15.6,
30876941,2026-08-22,2026-08-22 10:14:00.697856,KELANTAN,KOTA BHARU,PASAR BORONG RTC KOTA BHARU,Borong,20,Sayur-Sayuran,02,002,CILI MERAH (THAILAND),F.A.Q,Kilogram,7,7.6,
30876942,2026-08-22,2026-08-22 10:14:00.697856,KELANTAN,KOTA BHARU,PASAR BORONG RTC KOTA BHARU,Borong,20,Sayur-Sayuran,02,002,CILI MERAH (THAILAND),F.A.Q,Kilogram,7,7.6,
30876943,2026-08-22,2026-08-22 10:14:00.697856,KELANTAN,KOTA BHARU,PASAR BORONG RTC KOTA BHARU,Borong,20,Sayur-Sayuran,02,002,CILI MERAH (THAILAND),F.A.Q,Kilogram,7,7.6,
30876944,2026-08-22,2026-08-22 10:14:00.697856,KELANTAN,KOTA BHARU,PASAR BORONG RTC KOTA BHARU,Borong,20,Sayur-Sayuran,02,002,CILI MERAH (THAILAND),F.A.Q,Kilogram,6,7.6,
30876945,2026-08-22,2026-08-22 10:14:00.697856,KELANTAN,KOTA BHARU,PASAR BORONG RTC KOTA BHARU,Borong,20,Sayur-Sayuran,02,002,CILI MERAH (THAILAND),F.A.Q,Kilogram,6,7.6,
30876946,2026-08-22,2026-08-22 10:14:00.697856,KELANTAN,KOTA BHARU,PASAR BORONG RTC KOTA BHARU,Borong,20,Sayur-Sayuran,02,002,CILI MERAH (VIETNAM),F.A.Q,Kilogram,7,7.6,
30876947,2026-08-22,2026-08-22 10:14:00.697856,KELANTAN,KOTA BHARU,PASAR BORONG RTC KOTA BHARU,Borong,20,Sayur-Sayuran,02,002,CILI MERAH (VIETNAM),F.A.Q,Kilogram,7,7.6,
30876948,2026-08-22,2026-08-22 10:14:00.697856,KELANTAN,KOTA BHARU,PASAR BORONG RTC KOTA BHARU,Borong,20,Sayur-Sayuran,02,002,CILI MERAH (VIETNAM),F.A.Q,Kilogram,7,7.6,
30876949,2026-08-22,2026-08-22 10:14:00.697856,KELANTAN,KOTA BHARU,PASAR BORONG RTC KOTA BHARU,Borong,20,Sayur-Sayuran,02,002,CILI MERAH (VIETNAM),F.A.Q,Kilogram,6,7.6,
30876950,2026-08-22,2026-08-22 10:14:00.697856,KELANTAN,KOTA BHARU,PASAR BORONG RTC KOTA BHARU,Borong,20,Sayur-Sayuran,02,002,CILI MERAH (VIETNAM),F.A.Q,Kilogram,6,7.6,
30876951,2026-08-22,2026-08-22 10:14:00.697856,KELANTAN,KOTA BHARU,PASAR BORONG RTC KOTA BHARU,Borong,20,Sayur-Sayuran,02,002,CILI MERAH KULAI / KULAI HIBRID,F.A.Q,Kilogram,12,11,
30876952,2026-08-22,2026-08-22 10:14:00.697856,KELANTAN,KOTA BHARU,PASAR BORONG RTC KOTA BHARU,Borong,20,Sayur-Sayuran,02,002,CILI MERAH KULAI / KULAI HIBRID,F.A.Q,Kilogram,12,11,
30876953,2026-08-22,2026-08-22 10:14:00.697856,KELANTAN,KOTA BHARU,PASAR BORONG RTC KOTA BHARU,Borong,20,Sayur-Sayuran,02,002,CILI MERAH KULAI / KULAI HIBRID,F.A.Q,Kilogram,12,11,
30876954,2026-08-22,2026-08-22 10:14:00.697856,KELANTAN,KOTA BHARU,PASAR BORONG RTC KOTA BHARU,Borong,20,Sayur-Sayuran,02,002,CILI MERAH KULAI / KULAI HIBRID,F.A.Q,Kilogram,11,11,
30876955,2026-08-22,2026-08-22 10:14:00.697856,KELANTAN,KOTA BHARU,PASAR BORONG RTC KOTA BHARU,Borong,20,Sayur-Sayuran,02,002,CILI MERAH KULAI / KULAI HIBRID,F.A.Q,Kilogram,11,11,
30876956,2026-08-22,2026-08-22 10:14:00.697856,KELANTAN,KOTA BHARU,PASAR BORONG RTC KOTA BHARU,Borong,20,Sayur-Sayuran,02,002,CILI MERAH MINYAK,F.A.Q,Kilogram,10,9.4,
30876957,2026-08-22,2026-08-22 10:14:00.697856,KELANTAN,KOTA BHARU,PASAR BORONG RTC KOTA BHARU,Borong,20,Sayur-Sayuran,02,002,CILI MERAH MINYAK,F.A.Q,Kilogram,10,9.4,
30876958,2026-08-22,2026-08-22 10:14:00.697856,KELANTAN,KOTA BHARU,PASAR BORONG RTC KOTA BHARU,Borong,20,Sayur-Sayuran,02,002,CILI MERAH MINYAK,F.A.Q,Kilogram,10,9.4,
30876959,2026-08-22,2026-08-22 10:14:00.697856,KELANTAN,KOTA BHARU,PASAR BORONG RTC KOTA BHARU,Borong,20,Sayur-Sayuran,02,002,CILI MERAH MINYAK,F.A.Q,Kilogram,11,9.4,
30876960,2026-08-22,2026-08-22 10:14:00.697856,KELANTAN,KOTA BHARU,PASAR BORONG RTC KOTA BHARU,Borong,20,Sayur-Sayuran,02,002,CILI MERAH MINYAK,F.A.Q,Kilogram,11,9.4,
30876961,2026-08-22,2026-08-22 10:14:00.697856,KELANTAN,KOTA BHARU,PASAR BORONG RTC KOTA BHARU,Borong,20,Sayur-Sayuran,03,009,DAUN BAWANG,F.A.Q,Kilogram,7,6.6,
30876962,2026-08-22,2026-08-22 10:14:00.697856,KELANTAN,KOTA BHARU,PASAR BORONG RTC KOTA BHARU,Borong,20,Sayur-Sayuran,03,009,DAUN BAWANG,F.A.Q,Kilogram,7,6.6,
30876963,2026-08-22,2026-08-22 10:14:00.697856,KELANTAN,KOTA BHARU,PASAR BORONG RTC KOTA BHARU,Borong,20,Sayur-Sayuran,03,009,DAUN BAWANG,F.A.Q,Kilogram,7,6.6,
30876964,2026-08-22,2026-08-22 10:14:00.697856,KELANTAN,KOTA BHARU,PASAR BORONG RTC KOTA BHARU,Borong,20,Sayur-Sayuran,03,009,DAUN BAWANG,F.A.Q,Kilogram,6,6.6,
30876965,2026-08-22,2026-08-22 10:14:00.697856,KELANTAN,KOTA BHARU,PASAR BORONG RTC KOTA BHARU,Borong,20,Sayur-Sayuran,03,009,DAUN BAWANG,F.A.Q,Kilogram,6,6.6,
30876966,2026-08-22,2026-08-22 10:14:00.697856,KELANTAN,KOTA BHARU,PASAR BORONG RTC KOTA BHARU,Borong,20,Sayur-Sayuran,03,009,DAUN BAWANG (IMPORT),F.A.Q,Kilogram,7,6.6,
30876967,2026-08-22,2026-08-22 10:14:00.697856,KELANTAN,KOTA BHARU,PASAR BORONG RTC KOTA BHARU,Borong,20,Sayur-Sayuran,03,009,DAUN BAWANG (IMPORT),F.A.Q,Kilogram,7,6.6,
30876968,2026-08-22,2026-08-22 10:14:00.697856,KELANTAN,KOTA BHARU,PASAR BORONG RTC KOTA BHARU,Borong,20,Sayur-Sayuran,03,009,DAUN BAWANG (IMPORT),F.A.Q,Kilogram,7,6.6,
30876969,2026-08-22,2026-08-22 10:14:00.697856,KELANTAN,KOTA BHARU,PASAR BORONG RTC KOTA BHARU,Borong,20,Sayur-Sayuran,03,009,DAUN BAWANG (IMPORT),F.A.Q,Kilogram,6,6.6,
30876970,2026-08-22,2026-08-22 10:14:00.697856,KELANTAN,KOTA BHARU,PASAR BORONG RTC KOTA BHARU,Borong,20,Sayur-Sayuran,03,009,DAUN BAWANG (IMPORT),F.A.Q,Kilogram,6,6.6,
30876971,2026-08-22,2026-08-22 10:14:00.697856,KELANTAN,KOTA BHARU,PASAR BORONG RTC KOTA BHARU,Borong,20,Sayur-Sayuran,03,015,DAUN SUP (TANAH TINGGI),F.A.Q,Kilogram,17,16.6,
30876972,2026-08-22,2026-08-22 10:14:00.697856,KELANTAN,KOTA BHARU,PASAR BORONG RTC KOTA BHARU,Borong,20,Sayur-Sayuran,03,015,DAUN SUP (TANAH TINGGI),F.A.Q,Kilogram,17,16.6,
30876973,2026-08-22,2026-08-22 10:14:00.697856,KELANTAN,KOTA BHARU,PASAR BORONG RTC KOTA BHARU,Borong,20,Sayur-Sayuran,03,015,DAUN SUP (TANAH TINGGI),F.A.Q,Kilogram,17,16.6,
30876974,2026-08-22,2026-08-22 10:14:00.697856,KELANTAN,KOTA BHARU,PASAR BORONG RTC KOTA BHARU,Borong,20,Sayur-Sayuran,03,015,DAUN SUP (TANAH TINGGI),F.A.Q,Kilogram,16,16.6,
30876975,2026-08-22,2026-08-22 10:14:00.697856,KELANTAN,KOTA BHARU,PASAR BORONG RTC KOTA BHARU,Borong,20,Sayur-Sayuran,03,015,DAUN SUP (TANAH TINGGI),F.A.Q,Kilogram,16,16.6,
30876976,2026-08-22,2026-08-22 10:14:00.697856,KELANTAN,KOTA BHARU,PASAR BORONG RTC KOTA BHARU,Borong,20,Sayur-Sayuran,04,002,KACANG BENDI,F.A.Q,Kilogram,5,4.8,
30876977,2026-08-22,2026-08-22 10:14:00.697856,KELANTAN,KOTA BHARU,PASAR BORONG RTC KOTA BHARU,Borong,20,Sayur-Sayuran,04,002,KACANG BENDI,F.A.Q,Kilogram,5,4.8,
30876978,2026-08-22,2026-08-22 10:14:00.697856,KELANTAN,KOTA BHARU,PASAR BORONG RTC KOTA BHARU,Borong,20,Sayur-Sayuran,04,002,KACANG BENDI,F.A.Q,Kilogram,5,4.8,
30876979,2026-08-22,2026-08-22 10:14:00.697856,KELANTAN,KOTA BHARU,PASAR BORONG RTC KOTA BHARU,Borong,20,Sayur-Sayuran,04,002,KACANG BENDI,F.A.Q,Kilogram,4.5,4.8,
30876980,2026-08-22,2026-08-22 10:14:00.697856,KELANTAN,KOTA BHARU,PASAR BORONG RTC KOTA BHARU,Borong,20,Sayur-Sayuran,04,002,KACANG BENDI,F.A.Q,Kilogram,4.5,4.8,
30876981,2026-08-22,2026-08-22 10:14:00.697856,KELANTAN,KOTA BHARU,PASAR BORONG RTC KOTA BHARU,Borong,20,Sayur-Sayuran,04,003,KACANG BUNCIS,F.A.Q,Kilogram,9,8.6,
30876982,2026-08-22,2026-08-22 10:14:00.697856,KELANTAN,KOTA BHARU,PASAR BORONG RTC KOTA BHARU,Borong,20,Sayur-Sayuran,04,003,KACANG BUNCIS,F.A.Q,Kilogram,9,8.6,
30876983,2026-08-22,2026-08-22 10:14:00.697856,KELANTAN,KOTA BHARU,PASAR BORONG RTC KOTA BHARU,Borong,20,Sayur-Sayuran,04,003,KACANG BUNCIS,F.A.Q,Kilogram,9,8.6,
30876984,2026-08-22,2026-08-22 10:14:00.697856,KELANTAN,KOTA BHARU,PASAR BORONG RTC KOTA BHARU,Borong,20,Sayur-Sayuran,04,003,KACANG BUNCIS,F.A.Q,Kilogram,8,8.6,
30876985,2026-08-22,2026-08-22 10:14:00.697856,KELANTAN,KOTA BHARU,PASAR BORONG RTC KOTA BHARU,Borong,20,Sayur-Sayuran,04,003,KACANG BUNCIS,F.A.Q,Kilogram,8,8.6,
30876986,2026-08-22,2026-08-22 10:14:00.697856,KELANTAN,KOTA BHARU,PASAR BORONG RTC KOTA BHARU,Borong,20,Sayur-Sayuran,04,007,KACANG PANJANG HIJAU,F.A.Q,Kilogram,6,5.6,
30876987,2026-08-22,2026-08-22 10:14:00.697856,KELANTAN,KOTA BHARU,PASAR BORONG RTC KOTA BHARU,Borong,20,Sayur-Sayuran,04,007,KACANG PANJANG HIJAU,F.A.Q,Kilogram,6,5.6,
30876988,2026-08-22,2026-08-22 10:14:00.697856,KELANTAN,KOTA BHARU,PASAR BORONG RTC KOTA BHARU,Borong,20,Sayur-Sayuran,04,007,KACANG PANJANG HIJAU,F.A.Q,Kilogram,6,5.6,
30876989,2026-08-22,2026-08-22 10:14:00.697856,KELANTAN,KOTA BHARU,PASAR BORONG RTC KOTA BHARU,Borong,20,Sayur-Sayuran,04,007,KACANG PANJANG HIJAU,F.A.Q,Kilogram,5,5.6,
30876990,2026-08-22,2026-08-22 10:14:00.697856,KELANTAN,KOTA BHARU,PASAR BORONG RTC KOTA BHARU,Borong,20,Sayur-Sayuran,04,007,KACANG PANJANG HIJAU,F.A.Q,Kilogram,5,5.6,
30876991,2026-08-22,2026-08-22 10:14:00.697856,KELANTAN,KOTA BHARU,PASAR BORONG RTC KOTA BHARU,Borong,20,Sayur-Sayuran,03,019,KANGKUNG,F.A.Q,Kilogram,3,2.8,
30876992,2026-08-22,2026-08-22 10:14:00.697856,KELANTAN,KOTA BHARU,PASAR BORONG RTC KOTA BHARU,Borong,20,Sayur-Sayuran,03,019,KANGKUNG,F.A.Q,Kilogram,3,2.8,
30876993,2026-08-22,2026-08-22 10:14:00.697856,KELANTAN,KOTA BHARU,PASAR BORONG RTC KOTA BHARU,Borong,20,Sayur-Sayuran,03,019,KANGKUNG,F.A.Q,Kilogram,3,2.8,
30876994,2026-08-22,2026-08-22 10:14:00.697856,KELANTAN,KOTA BHARU,PASAR BORONG RTC KOTA BHARU,Borong,20,Sayur-Sayuran,03,019,KANGKUNG,F.A.Q,Kilogram,2.5,2.8,
30876995,2026-08-22,2026-08-22 10:14:00.697856,KELANTAN,KOTA BHARU,PASAR BORONG RTC KOTA BHARU,Borong,20,Sayur-Sayuran,03,019,KANGKUNG,F.A.Q,Kilogram,2.5,2.8,
30876996,2026-08-22,2026-08-22 10:14:00.697856,KELANTAN,KOTA BHARU,PASAR BORONG RTC KOTA BHARU,Borong,20,Sayur-Sayuran,03,019,KANGKUNG (IMPORT),F.A.Q,Kilogram,4,4.2,
30876997,2026-08-22,2026-08-22 10:14:00.697856,KELANTAN,KOTA BHARU,PASAR BORONG RTC KOTA BHARU,Borong,20,Sayur-Sayuran,03,019,KANGKUNG (IMPORT),F.A.Q,Kilogram,4,4.2,
30876998,2026-08-22,2026-08-22 10:14:00.697856,KELANTAN,KOTA BHARU,PASAR BORONG RTC KOTA BHARU,Borong,20,Sayur-Sayuran,03,019,KANGKUNG (IMPORT),F.A.Q,Kilogram,4,4.2,
30876999,2026-08-22,2026-08-22 10:14:00.697856,KELANTAN,KOTA BHARU,PASAR BORONG RTC KOTA BHARU,Borong,20,Sayur-Sayuran,03,019,KANGKUNG (IMPORT),F.A.Q,Kilogram,4.5,4.2,
30877000,2026-08-22,2026-08-22 10:14:00.697856,KELANTAN,KOTA BHARU,PASAR BORONG RTC KOTA BHARU,Borong,20,Sayur-Sayuran,03,019,KANGKUNG (IMPORT),F.A.Q,Kilogram,4.5,4.2,
30877001,2026-08-22,2026-08-22 10:14:00.893398,KELANTAN,KOTA BHARU,PASAR BORONG RTC KOTA BHARU,Borong,20,Sayur-Sayuran,03,006,KUBIS BULAT (CHINA),F.A.Q,Kilogram,2,1.92,
30877002,2026-08-22,2026-08-22 10:14:00.893398,KELANTAN,KOTA BHARU,PASAR BORONG RTC KOTA BHARU,Borong,20,Sayur-Sayuran,03,006,KUBIS BULAT (CHINA),F.A.Q,Kilogram,2,1.92,
30877003,2026-08-22,2026-08-22 10:14:00.893398,KELANTAN,KOTA BHARU,PASAR BORONG RTC KOTA BHARU,Borong,20,Sayur-Sayuran,03,006,KUBIS BULAT (CHINA),F.A.Q,Kilogram,2,1.92,
30877004,2026-08-22,2026-08-22 10:14:00.893398,KELANTAN,KOTA BHARU,PASAR BORONG RTC KOTA BHARU,Borong,20,Sayur-Sayuran,03,006,KUBIS BULAT (CHINA),F.A.Q,Kilogram,1,1.92,
30877005,2026-08-22,2026-08-22 10:14:00.893398,KELANTAN,KOTA BHARU,PASAR BORONG RTC KOTA BHARU,Borong,20,Sayur-Sayuran,03,006,KUBIS BULAT (CHINA),F.A.Q,Kilogram,1,1.92,
30877006,2026-08-22,2026-08-22 10:14:00.893398,KELANTAN,KOTA BHARU,PASAR BORONG RTC KOTA BHARU,Borong,20,Sayur-Sayuran,03,006,KUBIS BULAT (TANAH TINGGI),F.A.Q,Kilogram,3,2.8,
30877007,2026-08-22,2026-08-22 10:14:00.893398,KELANTAN,KOTA BHARU,PASAR BORONG RTC KOTA BHARU,Borong,20,Sayur-Sayuran,03,006,KUBIS BULAT (TANAH TINGGI),F.A.Q,Kilogram,3,2.8,
30877008,2026-08-22,2026-08-22 10:14:00.893398,KELANTAN,KOTA BHARU,PASAR BORONG RTC KOTA BHARU,Borong,20,Sayur-Sayuran,03,006,KUBIS BULAT (TANAH TINGGI),F.A.Q,Kilogram,3,2.8,
30877009,2026-08-22,2026-08-22 10:14:00.893398,KELANTAN,KOTA BHARU,PASAR BORONG RTC KOTA BHARU,Borong,20,Sayur-Sayuran,03,006,KUBIS BULAT (TANAH TINGGI),F.A.Q,Kilogram,2.5,2.8,
30877010,2026-08-22,2026-08-22 10:14:00.893398,KELANTAN,KOTA BHARU,PASAR BORONG RTC KOTA BHARU,Borong,20,Sayur-Sayuran,03,006,KUBIS BULAT (TANAH TINGGI),F.A.Q,Kilogram,2.5,2.8,
30877011,2026-08-22,2026-08-22 10:14:00.893398,KELANTAN,KOTA BHARU,PASAR BORONG RTC KOTA BHARU,Borong,20,Sayur-Sayuran,03,007,SAWI HIJAU,F.A.Q,Kilogram,4.5,4.3,
30877012,2026-08-22,2026-08-22 10:14:00.893398,KELANTAN,KOTA BHARU,PASAR BORONG RTC KOTA BHARU,Borong,20,Sayur-Sayuran,03,007,SAWI HIJAU,F.A.Q,Kilogram,4.5,4.3,
30877013,2026-08-22,2026-08-22 10:14:00.893398,KELANTAN,KOTA BHARU,PASAR BORONG RTC KOTA BHARU,Borong,20,Sayur-Sayuran,03,007,SAWI HIJAU,F.A.Q,Kilogram,4.5,4.3,
30877014,2026-08-22,2026-08-22 10:14:00.893398,KELANTAN,KOTA BHARU,PASAR BORONG RTC KOTA BHARU,Borong,20,Sayur-Sayuran,03,007,SAWI HIJAU,F.A.Q,Kilogram,4,4.3,
30877015,2026-08-22,2026-08-22 10:14:00.893398,KELANTAN,KOTA BHARU,PASAR BORONG RTC KOTA BHARU,Borong,20,Sayur-Sayuran,03,007,SAWI HIJAU,F.A.Q,Kilogram,4,4.3,
30877016,2026-08-22,2026-08-22 10:14:00.893398,KELANTAN,KOTA BHARU,PASAR BORONG RTC KOTA BHARU,Borong,20,Sayur-Sayuran,03,007,SAWI HIJAU (IMPORT),F.A.Q,Kilogram,4.5,4.3,
30877017,2026-08-22,2026-08-22 10:14:00.893398,KELANTAN,KOTA BHARU,PASAR BORONG RTC KOTA BHARU,Borong,20,Sayur-Sayuran,03,007,SAWI HIJAU (IMPORT),F.A.Q,Kilogram,4.5,4.3,
30877018,2026-08-22,2026-08-22 10:14:00.893398,KELANTAN,KOTA BHARU,PASAR BORONG RTC KOTA BHARU,Borong,20,Sayur-Sayuran,03,007,SAWI HIJAU (IMPORT),F.A.Q,Kilogram,4.5,4.3,
30877019,2026-08-22,2026-08-22 10:14:00.893398,KELANTAN,KOTA BHARU,PASAR BORONG RTC KOTA BHARU,Borong,20,Sayur-Sayuran,03,007,SAWI HIJAU (IMPORT),F.A.Q,Kilogram,4,4.3,
30877020,2026-08-22,2026-08-22 10:14:00.893398,KELANTAN,KOTA BHARU,PASAR BORONG RTC KOTA BHARU,Borong,20,Sayur-Sayuran,03,007,SAWI HIJAU (IMPORT),F.A.Q,Kilogram,4,4.3,
30877021,2026-08-22,2026-08-22 10:14:00.893398,KELANTAN,KOTA BHARU,PASAR BORONG RTC KOTA BHARU,Borong,20,Sayur-Sayuran,02,010,TERUNG PANJANG / PEPARU (TANAH RENDAH),F.A.Q,Kilogram,4,3.8,
30877022,2026-08-22,2026-08-22 10:14:00.893398,KELANTAN,KOTA BHARU,PASAR BORONG RTC KOTA BHARU,Borong,20,Sayur-Sayuran,02,010,TERUNG PANJANG / PEPARU (TANAH RENDAH),F.A.Q,Kilogram,4,3.8,
30877023,2026-08-22,2026-08-22 10:14:00.893398,KELANTAN,KOTA BHARU,PASAR BORONG RTC KOTA BHARU,Borong,20,Sayur-Sayuran,02,010,TERUNG PANJANG / PEPARU (TANAH RENDAH),F.A.Q,Kilogram,4,3.8,
30877024,2026-08-22,2026-08-22 10:14:00.893398,KELANTAN,KOTA BHARU,PASAR BORONG RTC KOTA BHARU,Borong,20,Sayur-Sayuran,02,010,TERUNG PANJANG / PEPARU (TANAH RENDAH),F.A.Q,Kilogram,3.5,3.8,
30877025,2026-08-22,2026-08-22 10:14:00.893398,KELANTAN,KOTA BHARU,PASAR BORONG RTC KOTA BHARU,Borong,20,Sayur-Sayuran,02,010,TERUNG PANJANG / PEPARU (TANAH RENDAH),F.A.Q,Kilogram,3.5,3.8,
30877026,2026-08-22,2026-08-22 10:14:00.893398,KELANTAN,KOTA BHARU,PASAR BORONG RTC KOTA BHARU,Borong,20,Sayur-Sayuran,02,011,TIMUN HIJAU,F.A.Q,Kilogram,2,2.34,
30877027,2026-08-22,2026-08-22 10:14:00.893398,KELANTAN,KOTA BHARU,PASAR BORONG RTC KOTA BHARU,Borong,20,Sayur-Sayuran,02,011,TIMUN HIJAU,F.A.Q,Kilogram,2,2.34,
30877028,2026-08-22,2026-08-22 10:14:00.893398,KELANTAN,KOTA BHARU,PASAR BORONG RTC KOTA BHARU,Borong,20,Sayur-Sayuran,02,011,TIMUN HIJAU,F.A.Q,Kilogram,2,2.34,
30877029,2026-08-22,2026-08-22 10:14:00.893398,KELANTAN,KOTA BHARU,PASAR BORONG RTC KOTA BHARU,Borong,20,Sayur-Sayuran,02,011,TIMUN HIJAU,F.A.Q,Kilogram,1.7,2.34,
30877030,2026-08-22,2026-08-22 10:14:00.893398,KELANTAN,KOTA BHARU,PASAR BORONG RTC KOTA BHARU,Borong,20,Sayur-Sayuran,02,011,TIMUN HIJAU,F.A.Q,Kilogram,1.7,2.34,
30877031,2026-08-22,2026-08-22 10:14:00.893398,KELANTAN,KOTA BHARU,PASAR BORONG RTC KOTA BHARU,Borong,20,Sayur-Sayuran,02,012,TOMATO (TANAH TINGGI),F.A.Q,Kilogram,7,6.6,
30877032,2026-08-22,2026-08-22 10:14:00.893398,KELANTAN,KOTA BHARU,PASAR BORONG RTC KOTA BHARU,Borong,20,Sayur-Sayuran,02,012,TOMATO (TANAH TINGGI),F.A.Q,Kilogram,7,6.6,
30877033,2026-08-22,2026-08-22 10:14:00.893398,KELANTAN,KOTA BHARU,PASAR BORONG RTC KOTA BHARU,Borong,20,Sayur-Sayuran,02,012,TOMATO (TANAH TINGGI),F.A.Q,Kilogram,7,6.6,
30877034,2026-08-22,2026-08-22 10:14:00.893398,KELANTAN,KOTA BHARU,PASAR BORONG RTC KOTA BHARU,Borong,20,Sayur-Sayuran,02,012,TOMATO (TANAH TINGGI),F.A.Q,Kilogram,6,6.6,
30877035,2026-08-22,2026-08-22 10:14:00.893398,KELANTAN,KOTA BHARU,PASAR BORONG RTC KOTA BHARU,Borong,20,Sayur-Sayuran,02,012,TOMATO (TANAH TINGGI),F.A.Q,Kilogram,6,6.6,
30877036,2026-08-22,2026-08-22 10:14:00.893398,KELANTAN,KOTA BHARU,PASAR BORONG RTC KOTA BHARU,Borong,20,Sayur-Sayuran,02,012,TOMATO IMPORT,F.A.Q,Kilogram,5,4.8,
30877037,2026-08-22,2026-08-22 10:14:00.893398,KELANTAN,KOTA BHARU,PASAR BORONG RTC KOTA BHARU,Borong,20,Sayur-Sayuran,02,012,TOMATO IMPORT,F.A.Q,Kilogram,5,4.8,
30877038,2026-08-22,2026-08-22 10:14:00.893398,KELANTAN,KOTA BHARU,PASAR BORONG RTC KOTA BHARU,Borong,20,Sayur-Sayuran,02,012,TOMATO IMPORT,F.A.Q,Kilogram,5,4.8,
30877039,2026-08-22,2026-08-22 10:14:00.893398,KELANTAN,KOTA BHARU,PASAR BORONG RTC KOTA BHARU,Borong,20,Sayur-Sayuran,02,012,TOMATO IMPORT,F.A.Q,Kilogram,4.5,4.8,
30877040,2026-08-22,2026-08-22 10:14:00.893398,KELANTAN,KOTA BHARU,PASAR BORONG RTC KOTA BHARU,Borong,20,Sayur-Sayuran,02,012,TOMATO IMPORT,F.A.Q,Kilogram,4.5,4.8,
30877041,2026-08-22,2026-08-22 10:14:00.893398,KELANTAN,KOTA BHARU,PASAR BORONG RTC KOTA BHARU,Borong,20,Sayur-Sayuran,05,009,UBI KENTANG (IMPORT),F.A.Q,Kilogram,2,2.2,
30877042,2026-08-22,2026-08-22 10:14:00.893398,KELANTAN,KOTA BHARU,PASAR BORONG RTC KOTA BHARU,Borong,20,Sayur-Sayuran,05,009,UBI KENTANG (IMPORT),F.A.Q,Kilogram,2,2.2,
30877043,2026-08-22,2026-08-22 10:14:00.893398,KELANTAN,KOTA BHARU,PASAR BORONG RTC KOTA BHARU,Borong,20,Sayur-Sayuran,05,009,UBI KENTANG (IMPORT),F.A.Q,Kilogram,2,2.2,
30877044,2026-08-22,2026-08-22 10:14:00.893398,KELANTAN,KOTA BHARU,PASAR BORONG RTC KOTA BHARU,Borong,20,Sayur-Sayuran,05,009,UBI KENTANG (IMPORT),F.A.Q,Kilogram,2.5,2.2,
30877045,2026-08-22,2026-08-22 10:14:00.893398,KELANTAN,KOTA BHARU,PASAR BORONG RTC KOTA BHARU,Borong,20,Sayur-Sayuran,05,009,UBI KENTANG (IMPORT),F.A.Q,Kilogram,2.5,2.2,
30877046,2026-08-22,2026-08-22 10:17:06.945634,KELANTAN,KOTA BHARU,PASAR BORONG RTC KOTA BHARU,Borong,20,Ternakan,11,001,TELUR AYAM,A,Biji,0.49,0.44,
30877047,2026-08-22,2026-08-22 10:17:06.945634,KELANTAN,KOTA BHARU,PASAR BORONG RTC KOTA BHARU,Borong,20,Ternakan,11,001,TELUR AYAM,A,Biji,0.49,0.44,
30877048,2026-08-22,2026-08-22 10:17:06.945634,KELANTAN,KOTA BHARU,PASAR BORONG RTC KOTA BHARU,Borong,20,Ternakan,11,001,TELUR AYAM,A,Biji,0.49,0.44,
30877049,2026-08-22,2026-08-22 10:17:06.945634,KELANTAN,KOTA BHARU,PASAR BORONG RTC KOTA BHARU,Borong,20,Ternakan,11,001,TELUR AYAM,B,Biji,0.48,0.4275,
30877050,2026-08-22,2026-08-22 10:17:06.945634,KELANTAN,KOTA BHARU,PASAR BORONG RTC KOTA BHARU,Borong,20,Ternakan,11,001,TELUR AYAM,B,Biji,0.48,0.4275,
30877051,2026-08-22,2026-08-22 10:17:06.945634,KELANTAN,KOTA BHARU,PASAR BORONG RTC KOTA BHARU,Borong,20,Ternakan,11,001,TELUR AYAM,B,Biji,0.48,0.4275,
30877052,2026-08-22,2026-08-22 10:17:06.945634,KELANTAN,KOTA BHARU,PASAR BORONG RTC KOTA BHARU,Borong,20,Ternakan,11,001,TELUR AYAM,C,Biji,0.47,0.38,
30877053,2026-08-22,2026-08-22 10:17:06.945634,KELANTAN,KOTA BHARU,PASAR BORONG RTC KOTA BHARU,Borong,20,Ternakan,11,001,TELUR AYAM,C,Biji,0.47,0.38,
30877054,2026-08-22,2026-08-22 10:17:06.945634,KELANTAN,KOTA BHARU,PASAR BORONG RTC KOTA BHARU,Borong,20,Ternakan,11,001,TELUR AYAM,C,Biji,0.47,0.38,
30877055,2026-08-22,2026-08-22 10:18:38.229474,SARAWAK,KUCHING,LADANG/KEBUN SIBURAN,Ladang,,Buah-Buahan,02,005,BETIK SEKAKI,F.A.Q,Kilogram,2,2,
30877056,2026-08-22,2026-08-22 10:18:38.229474,SARAWAK,KUCHING,LADANG/KEBUN SIBURAN,Ladang,,Buah-Buahan,02,028,PISANG MAS,F.A.Q,Kilogram,1.5,1.5,
30877057,2026-08-22,2026-08-22 10:18:38.229474,SARAWAK,KUCHING,LADANG/KEBUN SIBURAN,Ladang,,Buah-Buahan,02,034,TEMBIKAI MERAH TANPA BIJI,F.A.Q,Kilogram,1.8,1.7727273,
30877058,2026-08-22,2026-08-22 10:19:11.338481,SARAWAK,KUCHING,LADANG/KEBUN SIBURAN,Ladang,,Tanaman Kontan,05,001,KELAPA DIKUPAS,SEDANG,Biji,1.2,1.2,
30877059,2026-08-22,2026-08-22 10:19:29.27392,KELANTAN,KOTA BHARU,PASAR BORONG RTC KOTA BHARU,Borong,20,Buah-Buahan,02,005,BETIK SEKAKI,F.A.Q,Kilogram,3.5,3.58,
30877060,2026-08-22,2026-08-22 10:19:29.27392,KELANTAN,KOTA BHARU,PASAR BORONG RTC KOTA BHARU,Borong,20,Buah-Buahan,02,005,BETIK SEKAKI,F.A.Q,Kilogram,3.5,3.58,
30877061,2026-08-22,2026-08-22 10:19:29.27392,KELANTAN,KOTA BHARU,PASAR BORONG RTC KOTA BHARU,Borong,20,Buah-Buahan,02,005,BETIK SEKAKI,F.A.Q,Kilogram,3.5,3.58,
30877062,2026-08-22,2026-08-22 10:19:29.27392,KELANTAN,KOTA BHARU,PASAR BORONG RTC KOTA BHARU,Borong,20,Buah-Buahan,02,005,BETIK SEKAKI,F.A.Q,Kilogram,3.7,3.58,
30877063,2026-08-22,2026-08-22 10:19:29.27392,KELANTAN,KOTA BHARU,PASAR BORONG RTC KOTA BHARU,Borong,20,Buah-Buahan,02,005,BETIK SEKAKI,F.A.Q,Kilogram,3.7,3.58,
30877064,2026-08-22,2026-08-22 10:19:29.27392,KELANTAN,KOTA BHARU,PASAR BORONG RTC KOTA BHARU,Borong,20,Buah-Buahan,02,028,PISANG BERANGAN,F.A.Q,Kilogram,3.5,3.58,
30877065,2026-08-22,2026-08-22 10:19:29.27392,KELANTAN,KOTA BHARU,PASAR BORONG RTC KOTA BHARU,Borong,20,Buah-Buahan,02,028,PISANG BERANGAN,F.A.Q,Kilogram,3.5,3.58,
30877066,2026-08-22,2026-08-22 10:19:29.27392,KELANTAN,KOTA BHARU,PASAR BORONG RTC KOTA BHARU,Borong,20,Buah-Buahan,02,028,PISANG BERANGAN,F.A.Q,Kilogram,3.5,3.58,
30877067,2026-08-22,2026-08-22 10:19:29.27392,KELANTAN,KOTA BHARU,PASAR BORONG RTC KOTA BHARU,Borong,20,Buah-Buahan,02,028,PISANG BERANGAN,F.A.Q,Kilogram,3.7,3.58,
30877068,2026-08-22,2026-08-22 10:19:29.27392,KELANTAN,KOTA BHARU,PASAR BORONG RTC KOTA BHARU,Borong,20,Buah-Buahan,02,028,PISANG BERANGAN,F.A.Q,Kilogram,3.7,3.58,
30877069,2026-08-22,2026-08-22 10:19:29.27392,KELANTAN,KOTA BHARU,PASAR BORONG RTC KOTA BHARU,Borong,20,Buah-Buahan,02,028,PISANG MAS,F.A.Q,Kilogram,2.5,2.42,
30877070,2026-08-22,2026-08-22 10:19:29.27392,KELANTAN,KOTA BHARU,PASAR BORONG RTC KOTA BHARU,Borong,20,Buah-Buahan,02,028,PISANG MAS,F.A.Q,Kilogram,2.5,2.42,
30877071,2026-08-22,2026-08-22 10:19:29.27392,KELANTAN,KOTA BHARU,PASAR BORONG RTC KOTA BHARU,Borong,20,Buah-Buahan,02,028,PISANG MAS,F.A.Q,Kilogram,2.5,2.42,
30877072,2026-08-22,2026-08-22 10:19:29.27392,KELANTAN,KOTA BHARU,PASAR BORONG RTC KOTA BHARU,Borong,20,Buah-Buahan,02,028,PISANG MAS,F.A.Q,Kilogram,2.3,2.42,
30877073,2026-08-22,2026-08-22 10:19:29.27392,KELANTAN,KOTA BHARU,PASAR BORONG RTC KOTA BHARU,Borong,20,Buah-Buahan,02,028,PISANG MAS,F.A.Q,Kilogram,2.3,2.42,
30877074,2026-08-22,2026-08-22 10:19:29.27392,KELANTAN,KOTA BHARU,PASAR BORONG RTC KOTA BHARU,Borong,20,Buah-Buahan,02,034,TEMBIKAI MERAH TANPA BIJI,F.A.Q,Kilogram,3,2.58,
30877075,2026-08-22,2026-08-22 10:19:29.27392,KELANTAN,KOTA BHARU,PASAR BORONG RTC KOTA BHARU,Borong,20,Buah-Buahan,02,034,TEMBIKAI MERAH TANPA BIJI,F.A.Q,Kilogram,3,2.58,
30877076,2026-08-22,2026-08-22 10:19:29.27392,KELANTAN,KOTA BHARU,PASAR BORONG RTC KOTA BHARU,Borong,20,Buah-Buahan,02,034,TEMBIKAI MERAH TANPA BIJI,F.A.Q,Kilogram,3,2.58,
30877077,2026-08-22,2026-08-22 10:19:29.27392,KELANTAN,KOTA BHARU,PASAR BORONG RTC KOTA BHARU,Borong,20,Buah-Buahan,02,034,TEMBIKAI MERAH TANPA BIJI,F.A.Q,Kilogram,3.3,2.58,
30877078,2026-08-22,2026-08-22 10:19:29.27392,KELANTAN,KOTA BHARU,PASAR BORONG RTC KOTA BHARU,Borong,20,Buah-Buahan,02,034,TEMBIKAI MERAH TANPA BIJI,F.A.Q,Kilogram,3.3,2.58,
30877079,2026-08-22,2026-08-22 10:20:04.354202,KELANTAN,KOTA BHARU,PASAR BORONG RTC KOTA BHARU,Borong,20,Ternakan,02,003,DAGING LEMBU PEJAL,F.A.Q,Kilogram,25,25,
30877080,2026-08-22,2026-08-22 10:20:04.354202,KELANTAN,KOTA BHARU,PASAR BORONG RTC KOTA BHARU,Borong,20,Ternakan,02,003,DAGING LEMBU PEJAL,F.A.Q,Kilogram,25,25,
30877081,2026-08-22,2026-08-22 10:21:37.132944,KELANTAN,KOTA BHARU,PASAR BESAR SITI KHADIJAH,Runcit,26,Sayur-Sayuran,05,001,BAWANG BESAR KUNING / HOLLAND,F.A.Q,Kilogram,4,4,
30877082,2026-08-22,2026-08-22 10:21:37.132944,KELANTAN,KOTA BHARU,PASAR BESAR SITI KHADIJAH,Runcit,26,Sayur-Sayuran,05,001,BAWANG BESAR KUNING / HOLLAND,F.A.Q,Kilogram,4,4,
30877083,2026-08-22,2026-08-22 10:21:37.132944,KELANTAN,KOTA BHARU,PASAR BESAR SITI KHADIJAH,Runcit,26,Sayur-Sayuran,05,001,BAWANG BESAR KUNING / HOLLAND,F.A.Q,Kilogram,4,4,
30877084,2026-08-22,2026-08-22 10:21:37.132944,KELANTAN,KOTA BHARU,PASAR BESAR SITI KHADIJAH,Runcit,26,Sayur-Sayuran,05,001,BAWANG BESAR MERAH (INDIA),F.A.Q,Kilogram,4,4,
30877085,2026-08-22,2026-08-22 10:21:37.132944,KELANTAN,KOTA BHARU,PASAR BESAR SITI KHADIJAH,Runcit,26,Sayur-Sayuran,05,001,BAWANG BESAR MERAH (INDIA),F.A.Q,Kilogram,4,4,
30877086,2026-08-22,2026-08-22 10:21:37.132944,KELANTAN,KOTA BHARU,PASAR BESAR SITI KHADIJAH,Runcit,26,Sayur-Sayuran,05,001,BAWANG BESAR MERAH (INDIA),F.A.Q,Kilogram,4,4,
30877087,2026-08-22,2026-08-22 10:21:37.132944,KELANTAN,KOTA BHARU,PASAR BESAR SITI KHADIJAH,Runcit,26,Sayur-Sayuran,05,001,BAWANG MERAH / KECIL (INDIA),F.A.Q,Kilogram,3,3,
30877088,2026-08-22,2026-08-22 10:21:37.132944,KELANTAN,KOTA BHARU,PASAR BESAR SITI KHADIJAH,Runcit,26,Sayur-Sayuran,05,001,BAWANG MERAH / KECIL (INDIA),F.A.Q,Kilogram,3,3,
30877089,2026-08-22,2026-08-22 10:21:37.132944,KELANTAN,KOTA BHARU,PASAR BESAR SITI KHADIJAH,Runcit,26,Sayur-Sayuran,05,001,BAWANG MERAH / KECIL (INDIA),F.A.Q,Kilogram,3,3,
30877090,2026-08-22,2026-08-22 10:21:37.132944,KELANTAN,KOTA BHARU,PASAR BESAR SITI KHADIJAH,Runcit,26,Sayur-Sayuran,05,001,BAWANG MERAH / KECIL (THAI),F.A.Q,Kilogram,11,11,
30877091,2026-08-22,2026-08-22 10:21:37.132944,KELANTAN,KOTA BHARU,PASAR BESAR SITI KHADIJAH,Runcit,26,Sayur-Sayuran,05,001,BAWANG MERAH / KECIL (THAI),F.A.Q,Kilogram,11,11,
30877092,2026-08-22,2026-08-22 10:21:37.132944,KELANTAN,KOTA BHARU,PASAR BESAR SITI KHADIJAH,Runcit,26,Sayur-Sayuran,05,001,BAWANG MERAH / KECIL (THAI),F.A.Q,Kilogram,11,11,
30877093,2026-08-22,2026-08-22 10:21:37.132944,KELANTAN,KOTA BHARU,PASAR BESAR SITI KHADIJAH,Runcit,26,Sayur-Sayuran,05,001,BAWANG PUTIH (CHINA),F.A.Q,Kilogram,8,8,
30877094,2026-08-22,2026-08-22 10:21:37.132944,KELANTAN,KOTA BHARU,PASAR BESAR SITI KHADIJAH,Runcit,26,Sayur-Sayuran,05,001,BAWANG PUTIH (CHINA),F.A.Q,Kilogram,8,8,
30877095,2026-08-22,2026-08-22 10:21:37.132944,KELANTAN,KOTA BHARU,PASAR BESAR SITI KHADIJAH,Runcit,26,Sayur-Sayuran,05,001,BAWANG PUTIH (CHINA),F.A.Q,Kilogram,8,8,
30877096,2026-08-22,2026-08-22 10:23:01.200412,KELANTAN,KOTA BHARU,PASAR BESAR SITI KHADIJAH,Runcit,26,Ternakan,11,001,TELUR AYAM,A,Biji,0.53,0.49,
30877097,2026-08-22,2026-08-22 10:23:01.200412,KELANTAN,KOTA BHARU,PASAR BESAR SITI KHADIJAH,Runcit,26,Ternakan,11,001,TELUR AYAM,A,Biji,0.53,0.49,
30877098,2026-08-22,2026-08-22 10:23:01.200412,KELANTAN,KOTA BHARU,PASAR BESAR SITI KHADIJAH,Runcit,26,Ternakan,11,001,TELUR AYAM,A,Biji,0.53,0.49,
30877099,2026-08-22,2026-08-22 10:23:01.200412,KELANTAN,KOTA BHARU,PASAR BESAR SITI KHADIJAH,Runcit,26,Ternakan,11,001,TELUR AYAM,B,Biji,0.52,0.47625,
30877100,2026-08-22,2026-08-22 10:23:01.200412,KELANTAN,KOTA BHARU,PASAR BESAR SITI KHADIJAH,Runcit,26,Ternakan,11,001,TELUR AYAM,B,Biji,0.52,0.47625,
30877101,2026-08-22,2026-08-22 10:23:01.200412,KELANTAN,KOTA BHARU,PASAR BESAR SITI KHADIJAH,Runcit,26,Ternakan,11,001,TELUR AYAM,B,Biji,0.52,0.47625,
30877102,2026-08-22,2026-08-22 10:23:01.200412,KELANTAN,KOTA BHARU,PASAR BESAR SITI KHADIJAH,Runcit,26,Ternakan,11,001,TELUR AYAM,C,Biji,0.51,0.42,
30877103,2026-08-22,2026-08-22 10:23:01.200412,KELANTAN,KOTA BHARU,PASAR BESAR SITI KHADIJAH,Runcit,26,Ternakan,11,001,TELUR AYAM,C,Biji,0.51,0.42,
30877104,2026-08-22,2026-08-22 10:23:01.200412,KELANTAN,KOTA BHARU,PASAR BESAR SITI KHADIJAH,Runcit,26,Ternakan,11,001,TELUR AYAM,C,Biji,0.51,0.42,
30877105,2026-08-22,2026-08-22 10:24:06.92375,SARAWAK,KUCHING,LADANG/KEBUN SIBURAN,Ladang,,Ternakan,11,001,TELUR AYAM,A,Biji,0.54,0.52666664,
30877106,2026-08-22,2026-08-22 10:24:06.92375,SARAWAK,KUCHING,LADANG/KEBUN SIBURAN,Ladang,,Ternakan,11,001,TELUR AYAM,C,Biji,0.48,0.46666667,
30877107,2026-08-22,2026-08-22 10:24:06.92375,SARAWAK,KUCHING,LADANG/KEBUN SIBURAN,Ladang,,Ternakan,11,001,TELUR AYAM,B,Biji,0.51,0.49545455,
30877108,2026-08-22,2026-08-22 10:31:00.294668,NEGERI SEMBILAN,SEREMBAN,PASAR BESAR SEREMBAN - BAHAGIAN RUNCIT,Runcit,26,Sayur-Sayuran,03,001,BAYAM,F.A.Q,Kilogram,4,4.556667,
30877109,2026-08-22,2026-08-22 10:31:00.294668,NEGERI SEMBILAN,SEREMBAN,PASAR BESAR SEREMBAN - BAHAGIAN RUNCIT,Runcit,26,Sayur-Sayuran,03,001,BAYAM,F.A.Q,Kilogram,4.2,4.556667,
30877110,2026-08-22,2026-08-22 10:31:00.294668,NEGERI SEMBILAN,SEREMBAN,PASAR BESAR SEREMBAN - BAHAGIAN RUNCIT,Runcit,26,Sayur-Sayuran,03,001,BAYAM,F.A.Q,Kilogram,4.6,4.556667,
30877111,2026-08-22,2026-08-22 10:31:00.294668,NEGERI SEMBILAN,SEREMBAN,PASAR BESAR SEREMBAN - BAHAGIAN RUNCIT,Runcit,26,Sayur-Sayuran,02,002,CILI HIJAU,F.A.Q,Kilogram,13.9,13.84,
30877112,2026-08-22,2026-08-22 10:31:00.294668,NEGERI SEMBILAN,SEREMBAN,PASAR BESAR SEREMBAN - BAHAGIAN RUNCIT,Runcit,26,Sayur-Sayuran,02,002,CILI HIJAU,F.A.Q,Kilogram,14.2,13.84,
30877113,2026-08-22,2026-08-22 10:31:00.294668,NEGERI SEMBILAN,SEREMBAN,PASAR BESAR SEREMBAN - BAHAGIAN RUNCIT,Runcit,26,Sayur-Sayuran,02,002,CILI HIJAU,F.A.Q,Kilogram,14.5,13.84,
30877114,2026-08-22,2026-08-22 10:31:00.294668,NEGERI SEMBILAN,SEREMBAN,PASAR BESAR SEREMBAN - BAHAGIAN RUNCIT,Runcit,26,Sayur-Sayuran,02,002,CILI MERAH (THAILAND),F.A.Q,Kilogram,12,12.406667,
30877115,2026-08-22,2026-08-22 10:31:00.294668,NEGERI SEMBILAN,SEREMBAN,PASAR BESAR SEREMBAN - BAHAGIAN RUNCIT,Runcit,26,Sayur-Sayuran,02,002,CILI MERAH (THAILAND),F.A.Q,Kilogram,12.5,12.406667,
30877116,2026-08-22,2026-08-22 10:31:00.294668,NEGERI SEMBILAN,SEREMBAN,PASAR BESAR SEREMBAN - BAHAGIAN RUNCIT,Runcit,26,Sayur-Sayuran,02,002,CILI MERAH (THAILAND),F.A.Q,Kilogram,13,12.406667,
30877117,2026-08-22,2026-08-22 10:31:00.294668,NEGERI SEMBILAN,SEREMBAN,PASAR BESAR SEREMBAN - BAHAGIAN RUNCIT,Runcit,26,Sayur-Sayuran,02,002,CILI MERAH KULAI / KULAI HIBRID,F.A.Q,Kilogram,16.8,18.64,
30877118,2026-08-22,2026-08-22 10:31:00.294668,NEGERI SEMBILAN,SEREMBAN,PASAR BESAR SEREMBAN - BAHAGIAN RUNCIT,Runcit,26,Sayur-Sayuran,02,002,CILI MERAH KULAI / KULAI HIBRID,F.A.Q,Kilogram,17.9,18.64,
30877119,2026-08-22,2026-08-22 10:31:00.294668,NEGERI SEMBILAN,SEREMBAN,PASAR BESAR SEREMBAN - BAHAGIAN RUNCIT,Runcit,26,Sayur-Sayuran,02,002,CILI MERAH KULAI / KULAI HIBRID,F.A.Q,Kilogram,20.7,18.64,
30877120,2026-08-22,2026-08-22 10:31:00.294668,NEGERI SEMBILAN,SEREMBAN,PASAR BESAR SEREMBAN - BAHAGIAN RUNCIT,Runcit,26,Sayur-Sayuran,02,002,CILI MERAH MINYAK,F.A.Q,Kilogram,13.6,13.636666,
30877121,2026-08-22,2026-08-22 10:31:00.294668,NEGERI SEMBILAN,SEREMBAN,PASAR BESAR SEREMBAN - BAHAGIAN RUNCIT,Runcit,26,Sayur-Sayuran,02,002,CILI MERAH MINYAK,F.A.Q,Kilogram,14,13.636666,
30877122,2026-08-22,2026-08-22 10:31:00.294668,NEGERI SEMBILAN,SEREMBAN,PASAR BESAR SEREMBAN - BAHAGIAN RUNCIT,Runcit,26,Sayur-Sayuran,02,002,CILI MERAH MINYAK,F.A.Q,Kilogram,14.5,13.636666,
30877123,2026-08-22,2026-08-22 10:31:00.294668,NEGERI SEMBILAN,SEREMBAN,PASAR BESAR SEREMBAN - BAHAGIAN RUNCIT,Runcit,26,Sayur-Sayuran,03,009,DAUN BAWANG,F.A.Q,Kilogram,8.6,8.6,
30877124,2026-08-22,2026-08-22 10:31:00.294668,NEGERI SEMBILAN,SEREMBAN,PASAR BESAR SEREMBAN - BAHAGIAN RUNCIT,Runcit,26,Sayur-Sayuran,03,009,DAUN BAWANG,F.A.Q,Kilogram,8.3,8.6,
30877125,2026-08-22,2026-08-22 10:31:00.294668,NEGERI SEMBILAN,SEREMBAN,PASAR BESAR SEREMBAN - BAHAGIAN RUNCIT,Runcit,26,Sayur-Sayuran,03,009,DAUN BAWANG,F.A.Q,Kilogram,9,8.6,
30877126,2026-08-22,2026-08-22 10:31:00.294668,NEGERI SEMBILAN,SEREMBAN,PASAR BESAR SEREMBAN - BAHAGIAN RUNCIT,Runcit,26,Sayur-Sayuran,03,015,DAUN SUP (TANAH TINGGI),F.A.Q,Kilogram,19,18.866667,
30877127,2026-08-22,2026-08-22 10:31:00.294668,NEGERI SEMBILAN,SEREMBAN,PASAR BESAR SEREMBAN - BAHAGIAN RUNCIT,Runcit,26,Sayur-Sayuran,03,015,DAUN SUP (TANAH TINGGI),F.A.Q,Kilogram,18,18.866667,
30877128,2026-08-22,2026-08-22 10:31:00.294668,NEGERI SEMBILAN,SEREMBAN,PASAR BESAR SEREMBAN - BAHAGIAN RUNCIT,Runcit,26,Sayur-Sayuran,03,015,DAUN SUP (TANAH TINGGI),F.A.Q,Kilogram,20,18.866667,
30877129,2026-08-22,2026-08-22 10:31:00.294668,NEGERI SEMBILAN,SEREMBAN,PASAR BESAR SEREMBAN - BAHAGIAN RUNCIT,Runcit,26,Sayur-Sayuran,04,002,KACANG BENDI,F.A.Q,Kilogram,7.2,7.9333334,
30877130,2026-08-22,2026-08-22 10:31:00.294668,NEGERI SEMBILAN,SEREMBAN,PASAR BESAR SEREMBAN - BAHAGIAN RUNCIT,Runcit,26,Sayur-Sayuran,04,002,KACANG BENDI,F.A.Q,Kilogram,7.6,7.9333334,
30877131,2026-08-22,2026-08-22 10:31:00.294668,NEGERI SEMBILAN,SEREMBAN,PASAR BESAR SEREMBAN - BAHAGIAN RUNCIT,Runcit,26,Sayur-Sayuran,04,002,KACANG BENDI,F.A.Q,Kilogram,8.2,7.9333334,
30877132,2026-08-22,2026-08-22 10:31:00.294668,NEGERI SEMBILAN,SEREMBAN,PASAR BESAR SEREMBAN - BAHAGIAN RUNCIT,Runcit,26,Sayur-Sayuran,04,003,KACANG BUNCIS,F.A.Q,Kilogram,14.7,15.64,
30877133,2026-08-22,2026-08-22 10:31:00.294668,NEGERI SEMBILAN,SEREMBAN,PASAR BESAR SEREMBAN - BAHAGIAN RUNCIT,Runcit,26,Sayur-Sayuran,04,003,KACANG BUNCIS,F.A.Q,Kilogram,14,15.64,
30877134,2026-08-22,2026-08-22 10:31:00.294668,NEGERI SEMBILAN,SEREMBAN,PASAR BESAR SEREMBAN - BAHAGIAN RUNCIT,Runcit,26,Sayur-Sayuran,04,003,KACANG BUNCIS,F.A.Q,Kilogram,15,15.64,
30877135,2026-08-22,2026-08-22 10:31:04.147222,NEGERI SEMBILAN,SEREMBAN,PASAR BESAR SEREMBAN - BAHAGIAN BORONG,Borong,20,Sayur-Sayuran,03,001,BAYAM,F.A.Q,Kilogram,3,3.5133333,
30877136,2026-08-22,2026-08-22 10:31:04.147222,NEGERI SEMBILAN,SEREMBAN,PASAR BESAR SEREMBAN - BAHAGIAN BORONG,Borong,20,Sayur-Sayuran,03,001,BAYAM,F.A.Q,Kilogram,3.5,3.5133333,
30877137,2026-08-22,2026-08-22 10:31:04.147222,NEGERI SEMBILAN,SEREMBAN,PASAR BESAR SEREMBAN - BAHAGIAN BORONG,Borong,20,Sayur-Sayuran,03,001,BAYAM,F.A.Q,Kilogram,3.3,3.5133333,
30877138,2026-08-22,2026-08-22 10:31:04.147222,NEGERI SEMBILAN,SEREMBAN,PASAR BESAR SEREMBAN - BAHAGIAN BORONG,Borong,20,Sayur-Sayuran,02,002,CILI HIJAU,F.A.Q,Kilogram,11.2,11.486667,
30877139,2026-08-22,2026-08-22 10:31:04.147222,NEGERI SEMBILAN,SEREMBAN,PASAR BESAR SEREMBAN - BAHAGIAN BORONG,Borong,20,Sayur-Sayuran,02,002,CILI HIJAU,F.A.Q,Kilogram,11.9,11.486667,
30877140,2026-08-22,2026-08-22 10:31:04.147222,NEGERI SEMBILAN,SEREMBAN,PASAR BESAR SEREMBAN - BAHAGIAN BORONG,Borong,20,Sayur-Sayuran,02,002,CILI HIJAU,F.A.Q,Kilogram,11.7,11.486667,
30877141,2026-08-22,2026-08-22 10:31:04.147222,NEGERI SEMBILAN,SEREMBAN,PASAR BESAR SEREMBAN - BAHAGIAN BORONG,Borong,20,Sayur-Sayuran,02,002,CILI MERAH (THAILAND),F.A.Q,Kilogram,10.3,10.606667,
30877142,2026-08-22,2026-08-22 10:31:04.147222,NEGERI SEMBILAN,SEREMBAN,PASAR BESAR SEREMBAN - BAHAGIAN BORONG,Borong,20,Sayur-Sayuran,02,002,CILI MERAH (THAILAND),F.A.Q,Kilogram,11.2,10.606667,
30877143,2026-08-22,2026-08-22 10:31:04.147222,NEGERI SEMBILAN,SEREMBAN,PASAR BESAR SEREMBAN - BAHAGIAN BORONG,Borong,20,Sayur-Sayuran,02,002,CILI MERAH (THAILAND),F.A.Q,Kilogram,10.6,10.606667,
30877144,2026-08-22,2026-08-22 10:31:04.147222,NEGERI SEMBILAN,SEREMBAN,PASAR BESAR SEREMBAN - BAHAGIAN BORONG,Borong,20,Sayur-Sayuran,02,002,CILI MERAH KULAI / KULAI HIBRID,F.A.Q,Kilogram,14,14.67,
30877145,2026-08-22,2026-08-22 10:31:04.147222,NEGERI SEMBILAN,SEREMBAN,PASAR BESAR SEREMBAN - BAHAGIAN BORONG,Borong,20,Sayur-Sayuran,02,002,CILI MERAH KULAI / KULAI HIBRID,F.A.Q,Kilogram,14.8,14.67,
30877146,2026-08-22,2026-08-22 10:31:04.147222,NEGERI SEMBILAN,SEREMBAN,PASAR BESAR SEREMBAN - BAHAGIAN BORONG,Borong,20,Sayur-Sayuran,02,002,CILI MERAH KULAI / KULAI HIBRID,F.A.Q,Kilogram,14.5,14.67,
30877147,2026-08-22,2026-08-22 10:31:04.147222,NEGERI SEMBILAN,SEREMBAN,PASAR BESAR SEREMBAN - BAHAGIAN BORONG,Borong,20,Sayur-Sayuran,02,002,CILI MERAH MINYAK,F.A.Q,Kilogram,11.7,11.76,
30877148,2026-08-22,2026-08-22 10:31:04.147222,NEGERI SEMBILAN,SEREMBAN,PASAR BESAR SEREMBAN - BAHAGIAN BORONG,Borong,20,Sayur-Sayuran,02,002,CILI MERAH MINYAK,F.A.Q,Kilogram,12.5,11.76,
30877149,2026-08-22,2026-08-22 10:31:04.147222,NEGERI SEMBILAN,SEREMBAN,PASAR BESAR SEREMBAN - BAHAGIAN BORONG,Borong,20,Sayur-Sayuran,02,002,CILI MERAH MINYAK,F.A.Q,Kilogram,12.2,11.76,
30877150,2026-08-22,2026-08-22 10:31:04.147222,NEGERI SEMBILAN,SEREMBAN,PASAR BESAR SEREMBAN - BAHAGIAN BORONG,Borong,20,Sayur-Sayuran,03,009,DAUN BAWANG,F.A.Q,Kilogram,6.8,7.2533336,
30877151,2026-08-22,2026-08-22 10:31:04.147222,NEGERI SEMBILAN,SEREMBAN,PASAR BESAR SEREMBAN - BAHAGIAN BORONG,Borong,20,Sayur-Sayuran,03,009,DAUN BAWANG,F.A.Q,Kilogram,7.8,7.2533336,
30877152,2026-08-22,2026-08-22 10:31:04.147222,NEGERI SEMBILAN,SEREMBAN,PASAR BESAR SEREMBAN - BAHAGIAN BORONG,Borong,20,Sayur-Sayuran,03,009,DAUN BAWANG,F.A.Q,Kilogram,7.4,7.2533336,
30877153,2026-08-22,2026-08-22 10:31:04.147222,NEGERI SEMBILAN,SEREMBAN,PASAR BESAR SEREMBAN - BAHAGIAN BORONG,Borong,20,Sayur-Sayuran,03,015,DAUN SUP (TANAH TINGGI),F.A.Q,Kilogram,16,17.026667,
30877154,2026-08-22,2026-08-22 10:31:04.147222,NEGERI SEMBILAN,SEREMBAN,PASAR BESAR SEREMBAN - BAHAGIAN BORONG,Borong,20,Sayur-Sayuran,03,015,DAUN SUP (TANAH TINGGI),F.A.Q,Kilogram,17.5,17.026667,
30877155,2026-08-22,2026-08-22 10:31:04.147222,NEGERI SEMBILAN,SEREMBAN,PASAR BESAR SEREMBAN - BAHAGIAN BORONG,Borong,20,Sayur-Sayuran,03,015,DAUN SUP (TANAH TINGGI),F.A.Q,Kilogram,16.6,17.026667,
30877156,2026-08-22,2026-08-22 10:31:04.147222,NEGERI SEMBILAN,SEREMBAN,PASAR BESAR SEREMBAN - BAHAGIAN BORONG,Borong,20,Sayur-Sayuran,04,002,KACANG BENDI,F.A.Q,Kilogram,6,6.1833334,
30877157,2026-08-22,2026-08-22 10:31:04.147222,NEGERI SEMBILAN,SEREMBAN,PASAR BESAR SEREMBAN - BAHAGIAN BORONG,Borong,20,Sayur-Sayuran,04,002,KACANG BENDI,F.A.Q,Kilogram,6.8,6.1833334,
30877158,2026-08-22,2026-08-22 10:31:04.147222,NEGERI SEMBILAN,SEREMBAN,PASAR BESAR SEREMBAN - BAHAGIAN BORONG,Borong,20,Sayur-Sayuran,04,002,KACANG BENDI,F.A.Q,Kilogram,6.3,6.1833334,
30877159,2026-08-22,2026-08-22 10:31:04.147222,NEGERI SEMBILAN,SEREMBAN,PASAR BESAR SEREMBAN - BAHAGIAN BORONG,Borong,20,Sayur-Sayuran,04,003,KACANG BUNCIS,F.A.Q,Kilogram,11.7,13.213333,
30877160,2026-08-22,2026-08-22 10:31:04.147222,NEGERI SEMBILAN,SEREMBAN,PASAR BESAR SEREMBAN - BAHAGIAN BORONG,Borong,20,Sayur-Sayuran,04,003,KACANG BUNCIS,F.A.Q,Kilogram,13,13.213333,
30877161,2026-08-22,2026-08-22 10:31:04.147222,NEGERI SEMBILAN,SEREMBAN,PASAR BESAR SEREMBAN - BAHAGIAN BORONG,Borong,20,Sayur-Sayuran,04,003,KACANG BUNCIS,F.A.Q,Kilogram,12.2,13.213333,
30877162,2026-08-22,2026-08-22 10:36:03.123012,SARAWAK,MIRI,PASAR TAMU MUHIBBAH MIRI,Runcit,26,Ternakan,03,002,AYAM PROSES STANDARD,F.A.Q,Kilogram,10,10.390909,
30877163,2026-08-22,2026-08-22 10:36:03.123012,SARAWAK,MIRI,PASAR TAMU MUHIBBAH MIRI,Runcit,26,Ternakan,03,002,AYAM PROSES SUPER,F.A.Q,Kilogram,11.9,11.9,
30877164,2026-08-22,2026-08-22 10:36:03.123012,SARAWAK,MIRI,PASAR TAMU MUHIBBAH MIRI,Runcit,26,Ternakan,02,003,DAGING LEMBU PEJAL,F.A.Q,Kilogram,42.5,42.5,
30877165,2026-08-22,2026-08-22 10:36:03.123012,SARAWAK,MIRI,PASAR TAMU MUHIBBAH MIRI,Runcit,26,Ternakan,11,001,TELUR AYAM,A,Biji,0.5,0.5,
30877166,2026-08-22,2026-08-22 10:36:03.123012,SARAWAK,MIRI,PASAR TAMU MUHIBBAH MIRI,Runcit,26,Ternakan,11,001,TELUR AYAM,B,Biji,0.48,0.48,
30877167,2026-08-22,2026-08-22 10:36:03.123012,SARAWAK,MIRI,PASAR TAMU MUHIBBAH MIRI,Runcit,26,Ternakan,11,001,TELUR AYAM,C,Biji,0.46,0.46,
30877168,2026-08-22,2026-08-22 10:38:09.521887,KELANTAN,KOTA BHARU,PASAR BESAR SITI KHADIJAH,Runcit,26,Sayur-Sayuran,03,001,BAYAM,F.A.Q,Kilogram,5.5,5.6625,
30877169,2026-08-22,2026-08-22 10:38:09.521887,KELANTAN,KOTA BHARU,PASAR BESAR SITI KHADIJAH,Runcit,26,Sayur-Sayuran,03,001,BAYAM,F.A.Q,Kilogram,5.5,5.6625,
30877170,2026-08-22,2026-08-22 10:38:09.521887,KELANTAN,KOTA BHARU,PASAR BESAR SITI KHADIJAH,Runcit,26,Sayur-Sayuran,03,001,BAYAM,F.A.Q,Kilogram,5.5,5.6625,
30877171,2026-08-22,2026-08-22 10:38:09.521887,KELANTAN,KOTA BHARU,PASAR BESAR SITI KHADIJAH,Runcit,26,Sayur-Sayuran,03,001,BAYAM,F.A.Q,Kilogram,6,5.6625,
30877172,2026-08-22,2026-08-22 10:38:09.521887,KELANTAN,KOTA BHARU,PASAR BESAR SITI KHADIJAH,Runcit,26,Sayur-Sayuran,03,001,BAYAM,F.A.Q,Kilogram,6,5.6625,
30877173,2026-08-22,2026-08-22 10:38:09.521887,KELANTAN,KOTA BHARU,PASAR BESAR SITI KHADIJAH,Runcit,26,Sayur-Sayuran,02,002,CILI / LADA SOLOK,F.A.Q,Kilogram,18,17.6,
30877174,2026-08-22,2026-08-22 10:38:09.521887,KELANTAN,KOTA BHARU,PASAR BESAR SITI KHADIJAH,Runcit,26,Sayur-Sayuran,02,002,CILI / LADA SOLOK,F.A.Q,Kilogram,18,17.6,
30877175,2026-08-22,2026-08-22 10:38:09.521887,KELANTAN,KOTA BHARU,PASAR BESAR SITI KHADIJAH,Runcit,26,Sayur-Sayuran,02,002,CILI / LADA SOLOK,F.A.Q,Kilogram,18,17.6,
30877176,2026-08-22,2026-08-22 10:38:09.521887,KELANTAN,KOTA BHARU,PASAR BESAR SITI KHADIJAH,Runcit,26,Sayur-Sayuran,02,002,CILI / LADA SOLOK,F.A.Q,Kilogram,17,17.6,
30877177,2026-08-22,2026-08-22 10:38:09.521887,KELANTAN,KOTA BHARU,PASAR BESAR SITI KHADIJAH,Runcit,26,Sayur-Sayuran,02,002,CILI / LADA SOLOK,F.A.Q,Kilogram,17,17.6,
30877178,2026-08-22,2026-08-22 10:38:09.521887,KELANTAN,KOTA BHARU,PASAR BESAR SITI KHADIJAH,Runcit,26,Sayur-Sayuran,02,002,CILI MERAH (THAILAND),F.A.Q,Kilogram,9,10.4,
30877179,2026-08-22,2026-08-22 10:38:09.521887,KELANTAN,KOTA BHARU,PASAR BESAR SITI KHADIJAH,Runcit,26,Sayur-Sayuran,02,002,CILI MERAH (THAILAND),F.A.Q,Kilogram,9,10.4,
30877180,2026-08-22,2026-08-22 10:38:09.521887,KELANTAN,KOTA BHARU,PASAR BESAR SITI KHADIJAH,Runcit,26,Sayur-Sayuran,02,002,CILI MERAH (THAILAND),F.A.Q,Kilogram,9,10.4,
30877181,2026-08-22,2026-08-22 10:38:09.521887,KELANTAN,KOTA BHARU,PASAR BESAR SITI KHADIJAH,Runcit,26,Sayur-Sayuran,02,002,CILI MERAH (THAILAND),F.A.Q,Kilogram,8,10.4,
30877182,2026-08-22,2026-08-22 10:38:09.521887,KELANTAN,KOTA BHARU,PASAR BESAR SITI KHADIJAH,Runcit,26,Sayur-Sayuran,02,002,CILI MERAH (THAILAND),F.A.Q,Kilogram,8,10.4,
30877183,2026-08-22,2026-08-22 10:38:09.521887,KELANTAN,KOTA BHARU,PASAR BESAR SITI KHADIJAH,Runcit,26,Sayur-Sayuran,02,002,CILI MERAH (VIETNAM),F.A.Q,Kilogram,9,10.4,
30877184,2026-08-22,2026-08-22 10:38:09.521887,KELANTAN,KOTA BHARU,PASAR BESAR SITI KHADIJAH,Runcit,26,Sayur-Sayuran,02,002,CILI MERAH (VIETNAM),F.A.Q,Kilogram,9,10.4,
30877185,2026-08-22,2026-08-22 10:38:09.521887,KELANTAN,KOTA BHARU,PASAR BESAR SITI KHADIJAH,Runcit,26,Sayur-Sayuran,02,002,CILI MERAH (VIETNAM),F.A.Q,Kilogram,9,10.4,
30877186,2026-08-22,2026-08-22 10:38:09.521887,KELANTAN,KOTA BHARU,PASAR BESAR SITI KHADIJAH,Runcit,26,Sayur-Sayuran,02,002,CILI MERAH (VIETNAM),F.A.Q,Kilogram,8,10.4,
30877187,2026-08-22,2026-08-22 10:38:09.521887,KELANTAN,KOTA BHARU,PASAR BESAR SITI KHADIJAH,Runcit,26,Sayur-Sayuran,02,002,CILI MERAH (VIETNAM),F.A.Q,Kilogram,8,10.4,
30877188,2026-08-22,2026-08-22 10:38:09.521887,KELANTAN,KOTA BHARU,PASAR BESAR SITI KHADIJAH,Runcit,26,Sayur-Sayuran,02,002,CILI MERAH KULAI / KULAI HIBRID,F.A.Q,Kilogram,14,12.6,
30877189,2026-08-22,2026-08-22 10:38:09.521887,KELANTAN,KOTA BHARU,PASAR BESAR SITI KHADIJAH,Runcit,26,Sayur-Sayuran,02,002,CILI MERAH KULAI / KULAI HIBRID,F.A.Q,Kilogram,14,12.6,
30877190,2026-08-22,2026-08-22 10:38:09.521887,KELANTAN,KOTA BHARU,PASAR BESAR SITI KHADIJAH,Runcit,26,Sayur-Sayuran,02,002,CILI MERAH KULAI / KULAI HIBRID,F.A.Q,Kilogram,14,12.6,
30877191,2026-08-22,2026-08-22 10:38:09.521887,KELANTAN,KOTA BHARU,PASAR BESAR SITI KHADIJAH,Runcit,26,Sayur-Sayuran,02,002,CILI MERAH KULAI / KULAI HIBRID,F.A.Q,Kilogram,13,12.6,
30877192,2026-08-22,2026-08-22 10:38:09.521887,KELANTAN,KOTA BHARU,PASAR BESAR SITI KHADIJAH,Runcit,26,Sayur-Sayuran,02,002,CILI MERAH KULAI / KULAI HIBRID,F.A.Q,Kilogram,13,12.6,
30877193,2026-08-22,2026-08-22 10:38:09.521887,KELANTAN,KOTA BHARU,PASAR BESAR SITI KHADIJAH,Runcit,26,Sayur-Sayuran,02,002,CILI MERAH MINYAK,F.A.Q,Kilogram,12,10.6,
30877194,2026-08-22,2026-08-22 10:38:09.521887,KELANTAN,KOTA BHARU,PASAR BESAR SITI KHADIJAH,Runcit,26,Sayur-Sayuran,02,002,CILI MERAH MINYAK,F.A.Q,Kilogram,12,10.6,
30877195,2026-08-22,2026-08-22 10:38:09.521887,KELANTAN,KOTA BHARU,PASAR BESAR SITI KHADIJAH,Runcit,26,Sayur-Sayuran,02,002,CILI MERAH MINYAK,F.A.Q,Kilogram,12,10.6,
30877196,2026-08-22,2026-08-22 10:38:09.521887,KELANTAN,KOTA BHARU,PASAR BESAR SITI KHADIJAH,Runcit,26,Sayur-Sayuran,02,002,CILI MERAH MINYAK,F.A.Q,Kilogram,11,10.6,
30877197,2026-08-22,2026-08-22 10:38:09.521887,KELANTAN,KOTA BHARU,PASAR BESAR SITI KHADIJAH,Runcit,26,Sayur-Sayuran,02,002,CILI MERAH MINYAK,F.A.Q,Kilogram,11,10.6,
30877198,2026-08-22,2026-08-22 10:38:09.521887,KELANTAN,KOTA BHARU,PASAR BESAR SITI KHADIJAH,Runcit,26,Sayur-Sayuran,03,009,DAUN BAWANG,F.A.Q,Kilogram,9,8.6,
30877199,2026-08-22,2026-08-22 10:38:09.521887,KELANTAN,KOTA BHARU,PASAR BESAR SITI KHADIJAH,Runcit,26,Sayur-Sayuran,03,009,DAUN BAWANG,F.A.Q,Kilogram,9,8.6,
30877200,2026-08-22,2026-08-22 10:38:09.521887,KELANTAN,KOTA BHARU,PASAR BESAR SITI KHADIJAH,Runcit,26,Sayur-Sayuran,03,009,DAUN BAWANG,F.A.Q,Kilogram,9,8.6,
30877201,2026-08-22,2026-08-22 10:38:09.521887,KELANTAN,KOTA BHARU,PASAR BESAR SITI KHADIJAH,Runcit,26,Sayur-Sayuran,03,009,DAUN BAWANG,F.A.Q,Kilogram,8,8.6,
30877202,2026-08-22,2026-08-22 10:38:09.521887,KELANTAN,KOTA BHARU,PASAR BESAR SITI KHADIJAH,Runcit,26,Sayur-Sayuran,03,009,DAUN BAWANG,F.A.Q,Kilogram,8,8.6,
30877203,2026-08-22,2026-08-22 10:38:09.521887,KELANTAN,KOTA BHARU,PASAR BESAR SITI KHADIJAH,Runcit,26,Sayur-Sayuran,03,009,DAUN BAWANG (IMPORT),F.A.Q,Kilogram,9,8.6,
30877204,2026-08-22,2026-08-22 10:38:09.521887,KELANTAN,KOTA BHARU,PASAR BESAR SITI KHADIJAH,Runcit,26,Sayur-Sayuran,03,009,DAUN BAWANG (IMPORT),F.A.Q,Kilogram,9,8.6,
30877205,2026-08-22,2026-08-22 10:38:09.521887,KELANTAN,KOTA BHARU,PASAR BESAR SITI KHADIJAH,Runcit,26,Sayur-Sayuran,03,009,DAUN BAWANG (IMPORT),F.A.Q,Kilogram,9,8.6,
30877206,2026-08-22,2026-08-22 10:38:09.521887,KELANTAN,KOTA BHARU,PASAR BESAR SITI KHADIJAH,Runcit,26,Sayur-Sayuran,03,009,DAUN BAWANG (IMPORT),F.A.Q,Kilogram,8,8.6,
30877207,2026-08-22,2026-08-22 10:38:09.521887,KELANTAN,KOTA BHARU,PASAR BESAR SITI KHADIJAH,Runcit,26,Sayur-Sayuran,03,009,DAUN BAWANG (IMPORT),F.A.Q,Kilogram,8,8.6,
30877208,2026-08-22,2026-08-22 10:38:09.521887,KELANTAN,KOTA BHARU,PASAR BESAR SITI KHADIJAH,Runcit,26,Sayur-Sayuran,03,015,DAUN SUP (TANAH TINGGI),F.A.Q,Kilogram,19,18.6,
30877209,2026-08-22,2026-08-22 10:38:09.521887,KELANTAN,KOTA BHARU,PASAR BESAR SITI KHADIJAH,Runcit,26,Sayur-Sayuran,03,015,DAUN SUP (TANAH TINGGI),F.A.Q,Kilogram,19,18.6,
30877210,2026-08-22,2026-08-22 10:38:09.521887,KELANTAN,KOTA BHARU,PASAR BESAR SITI KHADIJAH,Runcit,26,Sayur-Sayuran,03,015,DAUN SUP (TANAH TINGGI),F.A.Q,Kilogram,19,18.6,
30877211,2026-08-22,2026-08-22 10:38:09.521887,KELANTAN,KOTA BHARU,PASAR BESAR SITI KHADIJAH,Runcit,26,Sayur-Sayuran,03,015,DAUN SUP (TANAH TINGGI),F.A.Q,Kilogram,18,18.6,
30877212,2026-08-22,2026-08-22 10:38:09.521887,KELANTAN,KOTA BHARU,PASAR BESAR SITI KHADIJAH,Runcit,26,Sayur-Sayuran,03,015,DAUN SUP (TANAH TINGGI),F.A.Q,Kilogram,18,18.6,
30877213,2026-08-22,2026-08-22 10:38:09.521887,KELANTAN,KOTA BHARU,PASAR BESAR SITI KHADIJAH,Runcit,26,Sayur-Sayuran,04,002,KACANG BENDI,F.A.Q,Kilogram,6,5.8,
30877214,2026-08-22,2026-08-22 10:38:09.521887,KELANTAN,KOTA BHARU,PASAR BESAR SITI KHADIJAH,Runcit,26,Sayur-Sayuran,04,002,KACANG BENDI,F.A.Q,Kilogram,6,5.8,
30877215,2026-08-22,2026-08-22 10:38:09.521887,KELANTAN,KOTA BHARU,PASAR BESAR SITI KHADIJAH,Runcit,26,Sayur-Sayuran,04,002,KACANG BENDI,F.A.Q,Kilogram,6,5.8,
30877216,2026-08-22,2026-08-22 10:38:09.521887,KELANTAN,KOTA BHARU,PASAR BESAR SITI KHADIJAH,Runcit,26,Sayur-Sayuran,04,002,KACANG BENDI,F.A.Q,Kilogram,5.5,5.8,
30877217,2026-08-22,2026-08-22 10:38:09.521887,KELANTAN,KOTA BHARU,PASAR BESAR SITI KHADIJAH,Runcit,26,Sayur-Sayuran,04,002,KACANG BENDI,F.A.Q,Kilogram,5.5,5.8,
30877218,2026-08-22,2026-08-22 10:38:09.521887,KELANTAN,KOTA BHARU,PASAR BESAR SITI KHADIJAH,Runcit,26,Sayur-Sayuran,04,003,KACANG BUNCIS,F.A.Q,Kilogram,11,10.6,
30877219,2026-08-22,2026-08-22 10:38:09.521887,KELANTAN,KOTA BHARU,PASAR BESAR SITI KHADIJAH,Runcit,26,Sayur-Sayuran,04,003,KACANG BUNCIS,F.A.Q,Kilogram,11,10.6,
30877220,2026-08-22,2026-08-22 10:38:09.521887,KELANTAN,KOTA BHARU,PASAR BESAR SITI KHADIJAH,Runcit,26,Sayur-Sayuran,04,003,KACANG BUNCIS,F.A.Q,Kilogram,11,10.6,
30877221,2026-08-22,2026-08-22 10:38:09.521887,KELANTAN,KOTA BHARU,PASAR BESAR SITI KHADIJAH,Runcit,26,Sayur-Sayuran,04,003,KACANG BUNCIS,F.A.Q,Kilogram,10,10.6,
30877222,2026-08-22,2026-08-22 10:38:09.521887,KELANTAN,KOTA BHARU,PASAR BESAR SITI KHADIJAH,Runcit,26,Sayur-Sayuran,04,003,KACANG BUNCIS,F.A.Q,Kilogram,10,10.6,
30877223,2026-08-22,2026-08-22 10:38:09.521887,KELANTAN,KOTA BHARU,PASAR BESAR SITI KHADIJAH,Runcit,26,Sayur-Sayuran,04,007,KACANG PANJANG HIJAU,F.A.Q,Kilogram,7,6.6,
30877224,2026-08-22,2026-08-22 10:38:09.521887,KELANTAN,KOTA BHARU,PASAR BESAR SITI KHADIJAH,Runcit,26,Sayur-Sayuran,04,007,KACANG PANJANG HIJAU,F.A.Q,Kilogram,7,6.6,
30877225,2026-08-22,2026-08-22 10:38:09.521887,KELANTAN,KOTA BHARU,PASAR BESAR SITI KHADIJAH,Runcit,26,Sayur-Sayuran,04,007,KACANG PANJANG HIJAU,F.A.Q,Kilogram,7,6.6,
30877226,2026-08-22,2026-08-22 10:38:09.521887,KELANTAN,KOTA BHARU,PASAR BESAR SITI KHADIJAH,Runcit,26,Sayur-Sayuran,04,007,KACANG PANJANG HIJAU,F.A.Q,Kilogram,6,6.6,
30877227,2026-08-22,2026-08-22 10:38:09.521887,KELANTAN,KOTA BHARU,PASAR BESAR SITI KHADIJAH,Runcit,26,Sayur-Sayuran,04,007,KACANG PANJANG HIJAU,F.A.Q,Kilogram,6,6.6,
30877228,2026-08-22,2026-08-22 10:38:09.521887,KELANTAN,KOTA BHARU,PASAR BESAR SITI KHADIJAH,Runcit,26,Sayur-Sayuran,03,019,KANGKUNG,F.A.Q,Kilogram,4,3.8,
30877229,2026-08-22,2026-08-22 10:38:09.521887,KELANTAN,KOTA BHARU,PASAR BESAR SITI KHADIJAH,Runcit,26,Sayur-Sayuran,03,019,KANGKUNG,F.A.Q,Kilogram,4,3.8,
30877230,2026-08-22,2026-08-22 10:38:09.521887,KELANTAN,KOTA BHARU,PASAR BESAR SITI KHADIJAH,Runcit,26,Sayur-Sayuran,03,019,KANGKUNG,F.A.Q,Kilogram,4,3.8,
30877231,2026-08-22,2026-08-22 10:38:09.521887,KELANTAN,KOTA BHARU,PASAR BESAR SITI KHADIJAH,Runcit,26,Sayur-Sayuran,03,019,KANGKUNG,F.A.Q,Kilogram,3.5,3.8,
30877232,2026-08-22,2026-08-22 10:38:09.521887,KELANTAN,KOTA BHARU,PASAR BESAR SITI KHADIJAH,Runcit,26,Sayur-Sayuran,03,019,KANGKUNG,F.A.Q,Kilogram,3.5,3.8,
30877233,2026-08-22,2026-08-22 10:38:09.521887,KELANTAN,KOTA BHARU,PASAR BESAR SITI KHADIJAH,Runcit,26,Sayur-Sayuran,03,019,KANGKUNG (IMPORT),F.A.Q,Kilogram,5,4.8,
30877234,2026-08-22,2026-08-22 10:38:09.521887,KELANTAN,KOTA BHARU,PASAR BESAR SITI KHADIJAH,Runcit,26,Sayur-Sayuran,03,019,KANGKUNG (IMPORT),F.A.Q,Kilogram,5,4.8,
30877235,2026-08-22,2026-08-22 10:38:09.521887,KELANTAN,KOTA BHARU,PASAR BESAR SITI KHADIJAH,Runcit,26,Sayur-Sayuran,03,019,KANGKUNG (IMPORT),F.A.Q,Kilogram,5,4.8,
30877236,2026-08-22,2026-08-22 10:38:09.521887,KELANTAN,KOTA BHARU,PASAR BESAR SITI KHADIJAH,Runcit,26,Sayur-Sayuran,03,019,KANGKUNG (IMPORT),F.A.Q,Kilogram,4.5,4.8,
30877237,2026-08-22,2026-08-22 10:38:09.521887,KELANTAN,KOTA BHARU,PASAR BESAR SITI KHADIJAH,Runcit,26,Sayur-Sayuran,03,019,KANGKUNG (IMPORT),F.A.Q,Kilogram,4.5,4.8,
30877238,2026-08-22,2026-08-22 10:38:09.604336,KELANTAN,KOTA BHARU,PASAR BESAR SITI KHADIJAH,Runcit,26,Sayur-Sayuran,03,006,KUBIS BULAT (CHINA),F.A.Q,Kilogram,3,3.2,
30877239,2026-08-22,2026-08-22 10:38:09.604336,KELANTAN,KOTA BHARU,PASAR BESAR SITI KHADIJAH,Runcit,26,Sayur-Sayuran,03,006,KUBIS BULAT (CHINA),F.A.Q,Kilogram,3,3.2,
30877240,2026-08-22,2026-08-22 10:38:09.604336,KELANTAN,KOTA BHARU,PASAR BESAR SITI KHADIJAH,Runcit,26,Sayur-Sayuran,03,006,KUBIS BULAT (CHINA),F.A.Q,Kilogram,3,3.2,
30877241,2026-08-22,2026-08-22 10:38:09.604336,KELANTAN,KOTA BHARU,PASAR BESAR SITI KHADIJAH,Runcit,26,Sayur-Sayuran,03,006,KUBIS BULAT (CHINA),F.A.Q,Kilogram,3.5,3.2,
30877242,2026-08-22,2026-08-22 10:38:09.604336,KELANTAN,KOTA BHARU,PASAR BESAR SITI KHADIJAH,Runcit,26,Sayur-Sayuran,03,006,KUBIS BULAT (CHINA),F.A.Q,Kilogram,3.5,3.2,
30877243,2026-08-22,2026-08-22 10:38:09.604336,KELANTAN,KOTA BHARU,PASAR BESAR SITI KHADIJAH,Runcit,26,Sayur-Sayuran,03,006,KUBIS BULAT (TANAH TINGGI),F.A.Q,Kilogram,4,3.8,
30877244,2026-08-22,2026-08-22 10:38:09.604336,KELANTAN,KOTA BHARU,PASAR BESAR SITI KHADIJAH,Runcit,26,Sayur-Sayuran,03,006,KUBIS BULAT (TANAH TINGGI),F.A.Q,Kilogram,4,3.8,
30877245,2026-08-22,2026-08-22 10:38:09.604336,KELANTAN,KOTA BHARU,PASAR BESAR SITI KHADIJAH,Runcit,26,Sayur-Sayuran,03,006,KUBIS BULAT (TANAH TINGGI),F.A.Q,Kilogram,4,3.8,
30877246,2026-08-22,2026-08-22 10:38:09.604336,KELANTAN,KOTA BHARU,PASAR BESAR SITI KHADIJAH,Runcit,26,Sayur-Sayuran,03,006,KUBIS BULAT (TANAH TINGGI),F.A.Q,Kilogram,3.5,3.8,
30877247,2026-08-22,2026-08-22 10:38:09.604336,KELANTAN,KOTA BHARU,PASAR BESAR SITI KHADIJAH,Runcit,26,Sayur-Sayuran,03,006,KUBIS BULAT (TANAH TINGGI),F.A.Q,Kilogram,3.5,3.8,
30877248,2026-08-22,2026-08-22 10:38:09.604336,KELANTAN,KOTA BHARU,PASAR BESAR SITI KHADIJAH,Runcit,26,Sayur-Sayuran,03,007,SAWI HIJAU,F.A.Q,Kilogram,5.5,5.3,
30877249,2026-08-22,2026-08-22 10:38:09.604336,KELANTAN,KOTA BHARU,PASAR BESAR SITI KHADIJAH,Runcit,26,Sayur-Sayuran,03,007,SAWI HIJAU,F.A.Q,Kilogram,5.5,5.3,
30877250,2026-08-22,2026-08-22 10:38:09.604336,KELANTAN,KOTA BHARU,PASAR BESAR SITI KHADIJAH,Runcit,26,Sayur-Sayuran,03,007,SAWI HIJAU,F.A.Q,Kilogram,5.5,5.3,
30877251,2026-08-22,2026-08-22 10:38:09.604336,KELANTAN,KOTA BHARU,PASAR BESAR SITI KHADIJAH,Runcit,26,Sayur-Sayuran,03,007,SAWI HIJAU,F.A.Q,Kilogram,5,5.3,
30877252,2026-08-22,2026-08-22 10:38:09.604336,KELANTAN,KOTA BHARU,PASAR BESAR SITI KHADIJAH,Runcit,26,Sayur-Sayuran,03,007,SAWI HIJAU,F.A.Q,Kilogram,5,5.3,
30877253,2026-08-22,2026-08-22 10:38:09.604336,KELANTAN,KOTA BHARU,PASAR BESAR SITI KHADIJAH,Runcit,26,Sayur-Sayuran,03,007,SAWI HIJAU (IMPORT),F.A.Q,Kilogram,5.5,5.3,
30877254,2026-08-22,2026-08-22 10:38:09.604336,KELANTAN,KOTA BHARU,PASAR BESAR SITI KHADIJAH,Runcit,26,Sayur-Sayuran,03,007,SAWI HIJAU (IMPORT),F.A.Q,Kilogram,5.5,5.3,
30877255,2026-08-22,2026-08-22 10:38:09.604336,KELANTAN,KOTA BHARU,PASAR BESAR SITI KHADIJAH,Runcit,26,Sayur-Sayuran,03,007,SAWI HIJAU (IMPORT),F.A.Q,Kilogram,5.5,5.3,
30877256,2026-08-22,2026-08-22 10:38:09.604336,KELANTAN,KOTA BHARU,PASAR BESAR SITI KHADIJAH,Runcit,26,Sayur-Sayuran,03,007,SAWI HIJAU (IMPORT),F.A.Q,Kilogram,5,5.3,
30877257,2026-08-22,2026-08-22 10:38:09.604336,KELANTAN,KOTA BHARU,PASAR BESAR SITI KHADIJAH,Runcit,26,Sayur-Sayuran,03,007,SAWI HIJAU (IMPORT),F.A.Q,Kilogram,5,5.3,
30877258,2026-08-22,2026-08-22 10:38:09.604336,KELANTAN,KOTA BHARU,PASAR BESAR SITI KHADIJAH,Runcit,26,Sayur-Sayuran,02,010,TERUNG PANJANG / PEPARU (TANAH RENDAH),F.A.Q,Kilogram,5,4.8,
30877259,2026-08-22,2026-08-22 10:38:09.604336,KELANTAN,KOTA BHARU,PASAR BESAR SITI KHADIJAH,Runcit,26,Sayur-Sayuran,02,010,TERUNG PANJANG / PEPARU (TANAH RENDAH),F.A.Q,Kilogram,5,4.8,
30877260,2026-08-22,2026-08-22 10:38:09.604336,KELANTAN,KOTA BHARU,PASAR BESAR SITI KHADIJAH,Runcit,26,Sayur-Sayuran,02,010,TERUNG PANJANG / PEPARU (TANAH RENDAH),F.A.Q,Kilogram,5,4.8,
30877261,2026-08-22,2026-08-22 10:38:09.604336,KELANTAN,KOTA BHARU,PASAR BESAR SITI KHADIJAH,Runcit,26,Sayur-Sayuran,02,010,TERUNG PANJANG / PEPARU (TANAH RENDAH),F.A.Q,Kilogram,4.5,4.8,
30877262,2026-08-22,2026-08-22 10:38:09.604336,KELANTAN,KOTA BHARU,PASAR BESAR SITI KHADIJAH,Runcit,26,Sayur-Sayuran,02,010,TERUNG PANJANG / PEPARU (TANAH RENDAH),F.A.Q,Kilogram,4.5,4.8,
30877263,2026-08-22,2026-08-22 10:38:09.604336,KELANTAN,KOTA BHARU,PASAR BESAR SITI KHADIJAH,Runcit,26,Sayur-Sayuran,02,011,TIMUN HIJAU,F.A.Q,Kilogram,2.5,3.25,
30877264,2026-08-22,2026-08-22 10:38:09.604336,KELANTAN,KOTA BHARU,PASAR BESAR SITI KHADIJAH,Runcit,26,Sayur-Sayuran,02,011,TIMUN HIJAU,F.A.Q,Kilogram,2.5,3.25,
30877265,2026-08-22,2026-08-22 10:38:09.604336,KELANTAN,KOTA BHARU,PASAR BESAR SITI KHADIJAH,Runcit,26,Sayur-Sayuran,02,011,TIMUN HIJAU,F.A.Q,Kilogram,2.5,3.25,
30877266,2026-08-22,2026-08-22 10:38:09.604336,KELANTAN,KOTA BHARU,PASAR BESAR SITI KHADIJAH,Runcit,26,Sayur-Sayuran,02,011,TIMUN HIJAU,F.A.Q,Kilogram,3,3.25,
30877267,2026-08-22,2026-08-22 10:38:09.604336,KELANTAN,KOTA BHARU,PASAR BESAR SITI KHADIJAH,Runcit,26,Sayur-Sayuran,02,011,TIMUN HIJAU,F.A.Q,Kilogram,3,3.25,
30877268,2026-08-22,2026-08-22 10:38:09.604336,KELANTAN,KOTA BHARU,PASAR BESAR SITI KHADIJAH,Runcit,26,Sayur-Sayuran,02,012,TOMATO (TANAH TINGGI),F.A.Q,Kilogram,9,8.6,
30877269,2026-08-22,2026-08-22 10:38:09.604336,KELANTAN,KOTA BHARU,PASAR BESAR SITI KHADIJAH,Runcit,26,Sayur-Sayuran,02,012,TOMATO (TANAH TINGGI),F.A.Q,Kilogram,9,8.6,
30877270,2026-08-22,2026-08-22 10:38:09.604336,KELANTAN,KOTA BHARU,PASAR BESAR SITI KHADIJAH,Runcit,26,Sayur-Sayuran,02,012,TOMATO (TANAH TINGGI),F.A.Q,Kilogram,9,8.6,
30877271,2026-08-22,2026-08-22 10:38:09.604336,KELANTAN,KOTA BHARU,PASAR BESAR SITI KHADIJAH,Runcit,26,Sayur-Sayuran,02,012,TOMATO (TANAH TINGGI),F.A.Q,Kilogram,8,8.6,
30877272,2026-08-22,2026-08-22 10:38:09.604336,KELANTAN,KOTA BHARU,PASAR BESAR SITI KHADIJAH,Runcit,26,Sayur-Sayuran,02,012,TOMATO (TANAH TINGGI),F.A.Q,Kilogram,8,8.6,
30877273,2026-08-22,2026-08-22 10:38:09.604336,KELANTAN,KOTA BHARU,PASAR BESAR SITI KHADIJAH,Runcit,26,Sayur-Sayuran,02,012,TOMATO IMPORT,F.A.Q,Kilogram,7,6.6,
30877274,2026-08-22,2026-08-22 10:38:09.604336,KELANTAN,KOTA BHARU,PASAR BESAR SITI KHADIJAH,Runcit,26,Sayur-Sayuran,02,012,TOMATO IMPORT,F.A.Q,Kilogram,7,6.6,
30877275,2026-08-22,2026-08-22 10:38:09.604336,KELANTAN,KOTA BHARU,PASAR BESAR SITI KHADIJAH,Runcit,26,Sayur-Sayuran,02,012,TOMATO IMPORT,F.A.Q,Kilogram,7,6.6,
30877276,2026-08-22,2026-08-22 10:38:09.604336,KELANTAN,KOTA BHARU,PASAR BESAR SITI KHADIJAH,Runcit,26,Sayur-Sayuran,02,012,TOMATO IMPORT,F.A.Q,Kilogram,6,6.6,
30877277,2026-08-22,2026-08-22 10:38:09.604336,KELANTAN,KOTA BHARU,PASAR BESAR SITI KHADIJAH,Runcit,26,Sayur-Sayuran,02,012,TOMATO IMPORT,F.A.Q,Kilogram,6,6.6,
30877278,2026-08-22,2026-08-22 10:38:09.604336,KELANTAN,KOTA BHARU,PASAR BESAR SITI KHADIJAH,Runcit,26,Sayur-Sayuran,05,009,UBI KENTANG (IMPORT),F.A.Q,Kilogram,3,3,
30877279,2026-08-22,2026-08-22 10:38:09.604336,KELANTAN,KOTA BHARU,PASAR BESAR SITI KHADIJAH,Runcit,26,Sayur-Sayuran,05,009,UBI KENTANG (IMPORT),F.A.Q,Kilogram,3,3,
30877280,2026-08-22,2026-08-22 10:38:09.604336,KELANTAN,KOTA BHARU,PASAR BESAR SITI KHADIJAH,Runcit,26,Sayur-Sayuran,05,009,UBI KENTANG (IMPORT),F.A.Q,Kilogram,3,3,
30877281,2026-08-22,2026-08-22 10:38:09.604336,KELANTAN,KOTA BHARU,PASAR BESAR SITI KHADIJAH,Runcit,26,Sayur-Sayuran,05,009,UBI KENTANG (IMPORT),F.A.Q,Kilogram,3,3,
30877282,2026-08-22,2026-08-22 10:38:09.604336,KELANTAN,KOTA BHARU,PASAR BESAR SITI KHADIJAH,Runcit,26,Sayur-Sayuran,05,009,UBI KENTANG (IMPORT),F.A.Q,Kilogram,3,3,
30877283,2026-08-22,2026-08-22 10:40:50.383217,KELANTAN,KOTA BHARU,PASAR BESAR SITI KHADIJAH,Runcit,26,Buah-Buahan,02,005,BETIK SEKAKI,F.A.Q,Kilogram,4,4.2,
30877284,2026-08-22,2026-08-22 10:40:50.383217,KELANTAN,KOTA BHARU,PASAR BESAR SITI KHADIJAH,Runcit,26,Buah-Buahan,02,005,BETIK SEKAKI,F.A.Q,Kilogram,4,4.2,
30877285,2026-08-22,2026-08-22 10:40:50.383217,KELANTAN,KOTA BHARU,PASAR BESAR SITI KHADIJAH,Runcit,26,Buah-Buahan,02,005,BETIK SEKAKI,F.A.Q,Kilogram,4,4.2,
30877286,2026-08-22,2026-08-22 10:40:50.383217,KELANTAN,KOTA BHARU,PASAR BESAR SITI KHADIJAH,Runcit,26,Buah-Buahan,02,005,BETIK SEKAKI,F.A.Q,Kilogram,4.5,4.2,
30877287,2026-08-22,2026-08-22 10:40:50.383217,KELANTAN,KOTA BHARU,PASAR BESAR SITI KHADIJAH,Runcit,26,Buah-Buahan,02,005,BETIK SEKAKI,F.A.Q,Kilogram,4.5,4.2,
30877288,2026-08-22,2026-08-22 10:40:50.383217,KELANTAN,KOTA BHARU,PASAR BESAR SITI KHADIJAH,Runcit,26,Buah-Buahan,02,028,PISANG BERANGAN,F.A.Q,Kilogram,5,5.2,
30877289,2026-08-22,2026-08-22 10:40:50.383217,KELANTAN,KOTA BHARU,PASAR BESAR SITI KHADIJAH,Runcit,26,Buah-Buahan,02,028,PISANG BERANGAN,F.A.Q,Kilogram,5,5.2,
30877290,2026-08-22,2026-08-22 10:40:50.383217,KELANTAN,KOTA BHARU,PASAR BESAR SITI KHADIJAH,Runcit,26,Buah-Buahan,02,028,PISANG BERANGAN,F.A.Q,Kilogram,5,5.2,
30877291,2026-08-22,2026-08-22 10:40:50.383217,KELANTAN,KOTA BHARU,PASAR BESAR SITI KHADIJAH,Runcit,26,Buah-Buahan,02,028,PISANG BERANGAN,F.A.Q,Kilogram,5.5,5.2,
30877292,2026-08-22,2026-08-22 10:40:50.383217,KELANTAN,KOTA BHARU,PASAR BESAR SITI KHADIJAH,Runcit,26,Buah-Buahan,02,028,PISANG BERANGAN,F.A.Q,Kilogram,5.5,5.2,
30877293,2026-08-22,2026-08-22 10:40:50.383217,KELANTAN,KOTA BHARU,PASAR BESAR SITI KHADIJAH,Runcit,26,Buah-Buahan,02,028,PISANG MAS,F.A.Q,Kilogram,4,3.92,
30877294,2026-08-22,2026-08-22 10:40:50.383217,KELANTAN,KOTA BHARU,PASAR BESAR SITI KHADIJAH,Runcit,26,Buah-Buahan,02,028,PISANG MAS,F.A.Q,Kilogram,4,3.92,
30877295,2026-08-22,2026-08-22 10:40:50.383217,KELANTAN,KOTA BHARU,PASAR BESAR SITI KHADIJAH,Runcit,26,Buah-Buahan,02,028,PISANG MAS,F.A.Q,Kilogram,4,3.92,
30877296,2026-08-22,2026-08-22 10:40:50.383217,KELANTAN,KOTA BHARU,PASAR BESAR SITI KHADIJAH,Runcit,26,Buah-Buahan,02,028,PISANG MAS,F.A.Q,Kilogram,3.8,3.92,
30877297,2026-08-22,2026-08-22 10:40:50.383217,KELANTAN,KOTA BHARU,PASAR BESAR SITI KHADIJAH,Runcit,26,Buah-Buahan,02,028,PISANG MAS,F.A.Q,Kilogram,3.8,3.92,
30877298,2026-08-22,2026-08-22 10:40:50.383217,KELANTAN,KOTA BHARU,PASAR BESAR SITI KHADIJAH,Runcit,26,Buah-Buahan,02,034,TEMBIKAI MERAH TANPA BIJI,F.A.Q,Kilogram,3.8,3.08,
30877299,2026-08-22,2026-08-22 10:40:50.383217,KELANTAN,KOTA BHARU,PASAR BESAR SITI KHADIJAH,Runcit,26,Buah-Buahan,02,034,TEMBIKAI MERAH TANPA BIJI,F.A.Q,Kilogram,3.8,3.08,
30877300,2026-08-22,2026-08-22 10:40:50.383217,KELANTAN,KOTA BHARU,PASAR BESAR SITI KHADIJAH,Runcit,26,Buah-Buahan,02,034,TEMBIKAI MERAH TANPA BIJI,F.A.Q,Kilogram,3.8,3.08,
30877301,2026-08-22,2026-08-22 10:40:50.383217,KELANTAN,KOTA BHARU,PASAR BESAR SITI KHADIJAH,Runcit,26,Buah-Buahan,02,034,TEMBIKAI MERAH TANPA BIJI,F.A.Q,Kilogram,3.5,3.08,
30877302,2026-08-22,2026-08-22 10:40:50.383217,KELANTAN,KOTA BHARU,PASAR BESAR SITI KHADIJAH,Runcit,26,Buah-Buahan,02,034,TEMBIKAI MERAH TANPA BIJI,F.A.Q,Kilogram,3.5,3.08,
30877303,2026-08-22,2026-08-22 10:41:57.121221,SARAWAK,MIRI,PASAR TAMU MUHIBBAH MIRI,Runcit,26,Sayur-Sayuran,05,001,BAWANG BESAR KUNING / HOLLAND,F.A.Q,Kilogram,5,5,
30877304,2026-08-22,2026-08-22 10:41:57.121221,SARAWAK,MIRI,PASAR TAMU MUHIBBAH MIRI,Runcit,26,Sayur-Sayuran,05,001,BAWANG BESAR MERAH (INDIA),F.A.Q,Kilogram,4,4,
30877305,2026-08-22,2026-08-22 10:41:57.121221,SARAWAK,MIRI,PASAR TAMU MUHIBBAH MIRI,Runcit,26,Sayur-Sayuran,05,001,BAWANG MERAH / KECIL (INDIA),F.A.Q,Kilogram,8,8,
30877306,2026-08-22,2026-08-22 10:41:57.121221,SARAWAK,MIRI,PASAR TAMU MUHIBBAH MIRI,Runcit,26,Sayur-Sayuran,05,001,BAWANG PUTIH (CHINA),F.A.Q,Kilogram,7,7,
30877307,2026-08-22,2026-08-22 10:41:57.121221,SARAWAK,MIRI,PASAR TAMU MUHIBBAH MIRI,Runcit,26,Sayur-Sayuran,03,001,BAYAM,F.A.Q,Kilogram,6,6.818182,
30877308,2026-08-22,2026-08-22 10:41:57.121221,SARAWAK,MIRI,PASAR TAMU MUHIBBAH MIRI,Runcit,26,Sayur-Sayuran,02,002,CILI HIJAU,F.A.Q,Kilogram,13,12,
30877309,2026-08-22,2026-08-22 10:41:57.121221,SARAWAK,MIRI,PASAR TAMU MUHIBBAH MIRI,Runcit,26,Sayur-Sayuran,02,002,CILI MERAH KULAI / KULAI HIBRID,F.A.Q,Kilogram,18,18,
30877310,2026-08-22,2026-08-22 10:41:57.121221,SARAWAK,MIRI,PASAR TAMU MUHIBBAH MIRI,Runcit,26,Sayur-Sayuran,02,002,CILI MERAH MINYAK,F.A.Q,Kilogram,16,16,
30877311,2026-08-22,2026-08-22 10:41:57.121221,SARAWAK,MIRI,PASAR TAMU MUHIBBAH MIRI,Runcit,26,Sayur-Sayuran,03,009,DAUN BAWANG,F.A.Q,Kilogram,18,18,
30877312,2026-08-22,2026-08-22 10:41:57.121221,SARAWAK,MIRI,PASAR TAMU MUHIBBAH MIRI,Runcit,26,Sayur-Sayuran,03,015,DAUN SUP (TANAH TINGGI),F.A.Q,Kilogram,13,13,
30877313,2026-08-22,2026-08-22 10:41:57.121221,SARAWAK,MIRI,PASAR TAMU MUHIBBAH MIRI,Runcit,26,Sayur-Sayuran,04,002,KACANG BENDI,F.A.Q,Kilogram,7,8,
30877314,2026-08-22,2026-08-22 10:41:57.121221,SARAWAK,MIRI,PASAR TAMU MUHIBBAH MIRI,Runcit,26,Sayur-Sayuran,04,003,KACANG BUNCIS,F.A.Q,Kilogram,9,10,
30877315,2026-08-22,2026-08-22 10:41:57.121221,SARAWAK,MIRI,PASAR TAMU MUHIBBAH MIRI,Runcit,26,Sayur-Sayuran,04,007,KACANG PANJANG HIJAU,F.A.Q,Kilogram,7,8,
30877316,2026-08-22,2026-08-22 10:41:57.121221,SARAWAK,MIRI,PASAR TAMU MUHIBBAH MIRI,Runcit,26,Sayur-Sayuran,03,019,KANGKUNG,F.A.Q,Kilogram,5,5,
30877317,2026-08-22,2026-08-22 10:41:57.121221,SARAWAK,MIRI,PASAR TAMU MUHIBBAH MIRI,Runcit,26,Sayur-Sayuran,03,006,KUBIS BULAT (CHINA),F.A.Q,Kilogram,6,6,
30877318,2026-08-22,2026-08-22 10:41:57.121221,SARAWAK,MIRI,PASAR TAMU MUHIBBAH MIRI,Runcit,26,Sayur-Sayuran,03,006,KUBIS BULAT (TANAH TINGGI),F.A.Q,Kilogram,6,6,
30877319,2026-08-22,2026-08-22 10:41:57.121221,SARAWAK,MIRI,PASAR TAMU MUHIBBAH MIRI,Runcit,26,Sayur-Sayuran,03,007,SAWI HIJAU,F.A.Q,Kilogram,10,11,
30877320,2026-08-22,2026-08-22 10:41:57.121221,SARAWAK,MIRI,PASAR TAMU MUHIBBAH MIRI,Runcit,26,Sayur-Sayuran,02,010,TERUNG PANJANG / PEPARU (TANAH RENDAH),F.A.Q,Kilogram,7,8,
30877321,2026-08-22,2026-08-22 10:41:57.121221,SARAWAK,MIRI,PASAR TAMU MUHIBBAH MIRI,Runcit,26,Sayur-Sayuran,02,011,TIMUN HIJAU,F.A.Q,Kilogram,6,6,
30877322,2026-08-22,2026-08-22 10:41:57.121221,SARAWAK,MIRI,PASAR TAMU MUHIBBAH MIRI,Runcit,26,Sayur-Sayuran,02,012,TOMATO (TANAH TINGGI),F.A.Q,Kilogram,9,9,
30877323,2026-08-22,2026-08-22 10:41:57.121221,SARAWAK,MIRI,PASAR TAMU MUHIBBAH MIRI,Runcit,26,Sayur-Sayuran,05,009,UBI KENTANG HOLLAND,F.A.Q,Kilogram,3.99,3.99,
30877324,2026-08-22,2026-08-22 10:42:32.641943,SARAWAK,MIRI,PASAR TAMU MUHIBBAH MIRI,Runcit,26,Tanaman Kontan,05,001,KELAPA DIKUPAS,SEDANG,Biji,3,3,
30877325,2026-08-22,2026-08-22 10:43:08.984257,KELANTAN,KOTA BHARU,PASAR BESAR SITI KHADIJAH,Runcit,26,Ternakan,02,003,DAGING LEMBU PEJAL,F.A.Q,Kilogram,26,26,
30877326,2026-08-22,2026-08-22 10:43:08.984257,KELANTAN,KOTA BHARU,PASAR BESAR SITI KHADIJAH,Runcit,26,Ternakan,02,003,DAGING LEMBU PEJAL,F.A.Q,Kilogram,26,26,
30877327,2026-08-22,2026-08-22 10:43:08.984257,KELANTAN,KOTA BHARU,PASAR BESAR SITI KHADIJAH,Runcit,26,Ternakan,02,003,DAGING LEMBU PEJAL,F.A.Q,Kilogram,26,26,
30877328,2026-08-22,2026-08-22 10:43:08.984257,KELANTAN,KOTA BHARU,PASAR BESAR SITI KHADIJAH,Runcit,26,Ternakan,02,003,DAGING LEMBU PEJAL,F.A.Q,Kilogram,26,26,
30877329,2026-08-22,2026-08-22 10:44:02.462176,KELANTAN,KOTA BHARU,PASAR BESAR SITI KHADIJAH,Runcit,26,Lain-Lain Makanan Proses,15,001,SANTAN PEKAT,F.A.Q,Kilogram,17,17,
30877330,2026-08-22,2026-08-22 10:44:11.884673,SARAWAK,MIRI,PASAR TAMU MUHIBBAH MIRI,Borong,20,Ternakan,03,002,AYAM PROSES STANDARD,F.A.Q,Kilogram,9,9.409091,
30877331,2026-08-22,2026-08-22 10:44:11.884673,SARAWAK,MIRI,PASAR TAMU MUHIBBAH MIRI,Borong,20,Ternakan,02,003,DAGING LEMBU PEJAL,F.A.Q,Kilogram,40,40,
30877332,2026-08-22,2026-08-22 10:44:11.884673,SARAWAK,MIRI,PASAR TAMU MUHIBBAH MIRI,Borong,20,Ternakan,11,001,TELUR AYAM,A,Biji,0.48,0.48,
30877333,2026-08-22,2026-08-22 10:44:11.884673,SARAWAK,MIRI,PASAR TAMU MUHIBBAH MIRI,Borong,20,Ternakan,11,001,TELUR AYAM,B,Biji,0.46,0.46,
30877334,2026-08-22,2026-08-22 10:44:11.884673,SARAWAK,MIRI,PASAR TAMU MUHIBBAH MIRI,Borong,20,Ternakan,11,001,TELUR AYAM,C,Biji,0.44,0.43333334,
30877335,2026-08-22,2026-08-22 10:49:53.962484,SARAWAK,MIRI,PASAR TAMU MUHIBBAH MIRI,Borong,20,Sayur-Sayuran,05,001,BAWANG BESAR KUNING / HOLLAND,F.A.Q,Kilogram,4,4,
30877336,2026-08-22,2026-08-22 10:49:53.962484,SARAWAK,MIRI,PASAR TAMU MUHIBBAH MIRI,Borong,20,Sayur-Sayuran,05,001,BAWANG BESAR MERAH (INDIA),F.A.Q,Kilogram,3,3,
30877337,2026-08-22,2026-08-22 10:49:53.962484,SARAWAK,MIRI,PASAR TAMU MUHIBBAH MIRI,Borong,20,Sayur-Sayuran,05,001,BAWANG MERAH / KECIL (INDIA),F.A.Q,Kilogram,7,7,
30877338,2026-08-22,2026-08-22 10:49:53.962484,SARAWAK,MIRI,PASAR TAMU MUHIBBAH MIRI,Borong,20,Sayur-Sayuran,05,001,BAWANG PUTIH (CHINA),F.A.Q,Kilogram,6,6,
30877339,2026-08-22,2026-08-22 10:49:53.962484,SARAWAK,MIRI,PASAR TAMU MUHIBBAH MIRI,Borong,20,Sayur-Sayuran,03,001,BAYAM,F.A.Q,Kilogram,5,5.818182,
30877340,2026-08-22,2026-08-22 10:49:53.962484,SARAWAK,MIRI,PASAR TAMU MUHIBBAH MIRI,Borong,20,Sayur-Sayuran,02,002,CILI HIJAU,F.A.Q,Kilogram,11,10.833333,
30877341,2026-08-22,2026-08-22 10:49:53.962484,SARAWAK,MIRI,PASAR TAMU MUHIBBAH MIRI,Borong,20,Sayur-Sayuran,02,002,CILI MERAH KULAI / KULAI HIBRID,F.A.Q,Kilogram,16,16,
30877342,2026-08-22,2026-08-22 10:49:53.962484,SARAWAK,MIRI,PASAR TAMU MUHIBBAH MIRI,Borong,20,Sayur-Sayuran,02,002,CILI MERAH MINYAK,F.A.Q,Kilogram,14,14,
30877343,2026-08-22,2026-08-22 10:49:53.962484,SARAWAK,MIRI,PASAR TAMU MUHIBBAH MIRI,Borong,20,Sayur-Sayuran,03,009,DAUN BAWANG,F.A.Q,Kilogram,17,17,
30877344,2026-08-22,2026-08-22 10:49:53.962484,SARAWAK,MIRI,PASAR TAMU MUHIBBAH MIRI,Borong,20,Sayur-Sayuran,03,015,DAUN SUP (TANAH TINGGI),F.A.Q,Kilogram,11,11,
30877345,2026-08-22,2026-08-22 10:49:53.962484,SARAWAK,MIRI,PASAR TAMU MUHIBBAH MIRI,Borong,20,Sayur-Sayuran,04,002,KACANG BENDI,F.A.Q,Kilogram,6,7,
30877346,2026-08-22,2026-08-22 10:49:53.962484,SARAWAK,MIRI,PASAR TAMU MUHIBBAH MIRI,Borong,20,Sayur-Sayuran,04,003,KACANG BUNCIS,F.A.Q,Kilogram,8,9,
30877347,2026-08-22,2026-08-22 10:49:53.962484,SARAWAK,MIRI,PASAR TAMU MUHIBBAH MIRI,Borong,20,Sayur-Sayuran,04,007,KACANG PANJANG HIJAU,F.A.Q,Kilogram,6,7,
30877348,2026-08-22,2026-08-22 10:49:53.962484,SARAWAK,MIRI,PASAR TAMU MUHIBBAH MIRI,Borong,20,Sayur-Sayuran,03,019,KANGKUNG,F.A.Q,Kilogram,4,4,
30877349,2026-08-22,2026-08-22 10:49:53.962484,SARAWAK,MIRI,PASAR TAMU MUHIBBAH MIRI,Borong,20,Sayur-Sayuran,03,006,KUBIS BULAT (CHINA),F.A.Q,Kilogram,5,5,
30877350,2026-08-22,2026-08-22 10:49:53.962484,SARAWAK,MIRI,PASAR TAMU MUHIBBAH MIRI,Borong,20,Sayur-Sayuran,03,006,KUBIS BULAT (TANAH TINGGI),F.A.Q,Kilogram,5,5,
30877351,2026-08-22,2026-08-22 10:49:53.962484,SARAWAK,MIRI,PASAR TAMU MUHIBBAH MIRI,Borong,20,Sayur-Sayuran,03,007,SAWI HIJAU,F.A.Q,Kilogram,8,9.545455,
30877352,2026-08-22,2026-08-22 10:49:53.962484,SARAWAK,MIRI,PASAR TAMU MUHIBBAH MIRI,Borong,20,Sayur-Sayuran,02,010,TERUNG PANJANG / PEPARU (TANAH RENDAH),F.A.Q,Kilogram,6,7,
30877353,2026-08-22,2026-08-22 10:49:53.962484,SARAWAK,MIRI,PASAR TAMU MUHIBBAH MIRI,Borong,20,Sayur-Sayuran,02,011,TIMUN HIJAU,F.A.Q,Kilogram,5,5.090909,
30877354,2026-08-22,2026-08-22 10:49:53.962484,SARAWAK,MIRI,PASAR TAMU MUHIBBAH MIRI,Borong,20,Sayur-Sayuran,02,012,TOMATO (TANAH TINGGI),F.A.Q,Kilogram,8,8,
30877355,2026-08-22,2026-08-22 10:49:53.962484,SARAWAK,MIRI,PASAR TAMU MUHIBBAH MIRI,Borong,20,Sayur-Sayuran,05,009,UBI KENTANG HOLLAND,F.A.Q,Kilogram,2.99,2.99,
30877356,2026-08-22,2026-08-22 10:51:27.104636,SARAWAK,MIRI,PASAR TAMU MUHIBBAH MIRI,Borong,20,Tanaman Kontan,05,001,KELAPA DIKUPAS,SEDANG,Biji,2.5,2.5,
30877417,2026-08-22,2026-08-22 10:52:29.569485,SARAWAK,MIRI,[LOKASI KUTIPAN HARGA LADANG] BEKENU,Ladang,,Ternakan,11,001,TELUR AYAM,A,Biji,0.46,0.46,
30877418,2026-08-22,2026-08-22 10:52:29.569485,SARAWAK,MIRI,[LOKASI KUTIPAN HARGA LADANG] BEKENU,Ladang,,Ternakan,11,001,TELUR AYAM,C,Biji,0.4,0.4,
30877419,2026-08-22,2026-08-22 10:52:29.569485,SARAWAK,MIRI,[LOKASI KUTIPAN HARGA LADANG] BEKENU,Ladang,,Ternakan,11,001,TELUR AYAM,B,Biji,0.44,0.44,
30877420,2026-08-22,2026-08-22 10:53:04.266832,NEGERI SEMBILAN,SEREMBAN,PASAR BESAR SEREMBAN - BAHAGIAN RUNCIT,Runcit,26,Sayur-Sayuran,04,007,KACANG PANJANG HIJAU,F.A.Q,Kilogram,7.6,7.5666666,
30877421,2026-08-22,2026-08-22 10:53:04.266832,NEGERI SEMBILAN,SEREMBAN,PASAR BESAR SEREMBAN - BAHAGIAN RUNCIT,Runcit,26,Sayur-Sayuran,04,007,KACANG PANJANG HIJAU,F.A.Q,Kilogram,7.2,7.5666666,
30877422,2026-08-22,2026-08-22 10:53:04.266832,NEGERI SEMBILAN,SEREMBAN,PASAR BESAR SEREMBAN - BAHAGIAN RUNCIT,Runcit,26,Sayur-Sayuran,04,007,KACANG PANJANG HIJAU,F.A.Q,Kilogram,8,7.5666666,
30877423,2026-08-22,2026-08-22 10:53:04.266832,NEGERI SEMBILAN,SEREMBAN,PASAR BESAR SEREMBAN - BAHAGIAN RUNCIT,Runcit,26,Sayur-Sayuran,03,019,KANGKUNG,F.A.Q,Kilogram,3.5,4.0266666,
30877424,2026-08-22,2026-08-22 10:53:04.266832,NEGERI SEMBILAN,SEREMBAN,PASAR BESAR SEREMBAN - BAHAGIAN RUNCIT,Runcit,26,Sayur-Sayuran,03,019,KANGKUNG,F.A.Q,Kilogram,3.8,4.0266666,
30877425,2026-08-22,2026-08-22 10:53:04.266832,NEGERI SEMBILAN,SEREMBAN,PASAR BESAR SEREMBAN - BAHAGIAN RUNCIT,Runcit,26,Sayur-Sayuran,03,019,KANGKUNG,F.A.Q,Kilogram,4.2,4.0266666,
30877426,2026-08-22,2026-08-22 10:53:04.266832,NEGERI SEMBILAN,SEREMBAN,PASAR BESAR SEREMBAN - BAHAGIAN RUNCIT,Runcit,26,Sayur-Sayuran,03,006,KUBIS BULAT (CHINA),F.A.Q,Kilogram,3.4,3.4533334,
30877427,2026-08-22,2026-08-22 10:53:04.266832,NEGERI SEMBILAN,SEREMBAN,PASAR BESAR SEREMBAN - BAHAGIAN RUNCIT,Runcit,26,Sayur-Sayuran,03,006,KUBIS BULAT (CHINA),F.A.Q,Kilogram,3.3,3.4533334,
30877428,2026-08-22,2026-08-22 10:53:04.266832,NEGERI SEMBILAN,SEREMBAN,PASAR BESAR SEREMBAN - BAHAGIAN RUNCIT,Runcit,26,Sayur-Sayuran,03,006,KUBIS BULAT (CHINA),F.A.Q,Kilogram,3.6,3.4533334,
30877429,2026-08-22,2026-08-22 10:53:04.266832,NEGERI SEMBILAN,SEREMBAN,PASAR BESAR SEREMBAN - BAHAGIAN RUNCIT,Runcit,26,Sayur-Sayuran,03,006,KUBIS BULAT (INDONESIA),F.A.Q,Kilogram,3.5,3.4,
30877430,2026-08-22,2026-08-22 10:53:04.266832,NEGERI SEMBILAN,SEREMBAN,PASAR BESAR SEREMBAN - BAHAGIAN RUNCIT,Runcit,26,Sayur-Sayuran,03,006,KUBIS BULAT (INDONESIA),F.A.Q,Kilogram,3.3,3.4,
30877431,2026-08-22,2026-08-22 10:53:04.266832,NEGERI SEMBILAN,SEREMBAN,PASAR BESAR SEREMBAN - BAHAGIAN RUNCIT,Runcit,26,Sayur-Sayuran,03,006,KUBIS BULAT (INDONESIA),F.A.Q,Kilogram,3.4,3.4,
30877432,2026-08-22,2026-08-22 10:53:04.266832,NEGERI SEMBILAN,SEREMBAN,PASAR BESAR SEREMBAN - BAHAGIAN RUNCIT,Runcit,26,Sayur-Sayuran,03,006,KUBIS BULAT (TANAH TINGGI),F.A.Q,Kilogram,5.5,5.4533334,
30877433,2026-08-22,2026-08-22 10:53:04.266832,NEGERI SEMBILAN,SEREMBAN,PASAR BESAR SEREMBAN - BAHAGIAN RUNCIT,Runcit,26,Sayur-Sayuran,03,006,KUBIS BULAT (TANAH TINGGI),F.A.Q,Kilogram,5.2,5.4533334,
30877434,2026-08-22,2026-08-22 10:53:04.266832,NEGERI SEMBILAN,SEREMBAN,PASAR BESAR SEREMBAN - BAHAGIAN RUNCIT,Runcit,26,Sayur-Sayuran,03,006,KUBIS BULAT (TANAH TINGGI),F.A.Q,Kilogram,5.8,5.4533334,
30877435,2026-08-22,2026-08-22 10:53:04.266832,NEGERI SEMBILAN,SEREMBAN,PASAR BESAR SEREMBAN - BAHAGIAN RUNCIT,Runcit,26,Sayur-Sayuran,03,007,SAWI HIJAU,F.A.Q,Kilogram,7.6,7.72,
30877436,2026-08-22,2026-08-22 10:53:04.266832,NEGERI SEMBILAN,SEREMBAN,PASAR BESAR SEREMBAN - BAHAGIAN RUNCIT,Runcit,26,Sayur-Sayuran,03,007,SAWI HIJAU,F.A.Q,Kilogram,7.3,7.72,
30877437,2026-08-22,2026-08-22 10:53:04.266832,NEGERI SEMBILAN,SEREMBAN,PASAR BESAR SEREMBAN - BAHAGIAN RUNCIT,Runcit,26,Sayur-Sayuran,03,007,SAWI HIJAU,F.A.Q,Kilogram,8,7.72,
30877438,2026-08-22,2026-08-22 10:53:04.266832,NEGERI SEMBILAN,SEREMBAN,PASAR BESAR SEREMBAN - BAHAGIAN RUNCIT,Runcit,26,Sayur-Sayuran,03,007,SAWI HIJAU TANAH TINGGI,F.A.Q,Kilogram,7.2,7.6866665,
30877439,2026-08-22,2026-08-22 10:53:04.266832,NEGERI SEMBILAN,SEREMBAN,PASAR BESAR SEREMBAN - BAHAGIAN RUNCIT,Runcit,26,Sayur-Sayuran,03,007,SAWI HIJAU TANAH TINGGI,F.A.Q,Kilogram,7.6,7.6866665,
30877440,2026-08-22,2026-08-22 10:53:04.266832,NEGERI SEMBILAN,SEREMBAN,PASAR BESAR SEREMBAN - BAHAGIAN RUNCIT,Runcit,26,Sayur-Sayuran,03,007,SAWI HIJAU TANAH TINGGI,F.A.Q,Kilogram,8,7.6866665,
30877441,2026-08-22,2026-08-22 10:53:04.266832,NEGERI SEMBILAN,SEREMBAN,PASAR BESAR SEREMBAN - BAHAGIAN RUNCIT,Runcit,26,Sayur-Sayuran,02,010,TERUNG PANJANG / PEPARU (TANAH RENDAH),F.A.Q,Kilogram,9.2,10.453333,
30877442,2026-08-22,2026-08-22 10:53:04.266832,NEGERI SEMBILAN,SEREMBAN,PASAR BESAR SEREMBAN - BAHAGIAN RUNCIT,Runcit,26,Sayur-Sayuran,02,010,TERUNG PANJANG / PEPARU (TANAH RENDAH),F.A.Q,Kilogram,9.5,10.453333,
30877443,2026-08-22,2026-08-22 10:53:04.266832,NEGERI SEMBILAN,SEREMBAN,PASAR BESAR SEREMBAN - BAHAGIAN RUNCIT,Runcit,26,Sayur-Sayuran,02,010,TERUNG PANJANG / PEPARU (TANAH RENDAH),F.A.Q,Kilogram,10.3,10.453333,
30877444,2026-08-22,2026-08-22 10:53:04.266832,NEGERI SEMBILAN,SEREMBAN,PASAR BESAR SEREMBAN - BAHAGIAN RUNCIT,Runcit,26,Sayur-Sayuran,02,011,TIMUN HIJAU,F.A.Q,Kilogram,2.8,3.54,
30877445,2026-08-22,2026-08-22 10:53:04.266832,NEGERI SEMBILAN,SEREMBAN,PASAR BESAR SEREMBAN - BAHAGIAN RUNCIT,Runcit,26,Sayur-Sayuran,02,011,TIMUN HIJAU,F.A.Q,Kilogram,3,3.54,
30877446,2026-08-22,2026-08-22 10:53:04.266832,NEGERI SEMBILAN,SEREMBAN,PASAR BESAR SEREMBAN - BAHAGIAN RUNCIT,Runcit,26,Sayur-Sayuran,02,011,TIMUN HIJAU,F.A.Q,Kilogram,3.2,3.54,
30877447,2026-08-22,2026-08-22 10:53:04.266832,NEGERI SEMBILAN,SEREMBAN,PASAR BESAR SEREMBAN - BAHAGIAN RUNCIT,Runcit,26,Sayur-Sayuran,02,012,TOMATO (TANAH TINGGI),F.A.Q,Kilogram,8,10.266666,
30877448,2026-08-22,2026-08-22 10:53:04.266832,NEGERI SEMBILAN,SEREMBAN,PASAR BESAR SEREMBAN - BAHAGIAN RUNCIT,Runcit,26,Sayur-Sayuran,02,012,TOMATO (TANAH TINGGI),F.A.Q,Kilogram,7.5,10.266666,
30877449,2026-08-22,2026-08-22 10:53:04.266832,NEGERI SEMBILAN,SEREMBAN,PASAR BESAR SEREMBAN - BAHAGIAN RUNCIT,Runcit,26,Sayur-Sayuran,02,012,TOMATO (TANAH TINGGI),F.A.Q,Kilogram,9,10.266666,
30877450,2026-08-22,2026-08-22 10:53:09.900111,NEGERI SEMBILAN,SEREMBAN,PASAR BESAR SEREMBAN - BAHAGIAN BORONG,Borong,20,Sayur-Sayuran,04,007,KACANG PANJANG HIJAU,F.A.Q,Kilogram,5.8,5.923333,
30877451,2026-08-22,2026-08-22 10:53:09.900111,NEGERI SEMBILAN,SEREMBAN,PASAR BESAR SEREMBAN - BAHAGIAN BORONG,Borong,20,Sayur-Sayuran,04,007,KACANG PANJANG HIJAU,F.A.Q,Kilogram,6.6,5.923333,
30877452,2026-08-22,2026-08-22 10:53:09.900111,NEGERI SEMBILAN,SEREMBAN,PASAR BESAR SEREMBAN - BAHAGIAN BORONG,Borong,20,Sayur-Sayuran,04,007,KACANG PANJANG HIJAU,F.A.Q,Kilogram,6.2,5.923333,
30877453,2026-08-22,2026-08-22 10:53:09.900111,NEGERI SEMBILAN,SEREMBAN,PASAR BESAR SEREMBAN - BAHAGIAN BORONG,Borong,20,Sayur-Sayuran,03,019,KANGKUNG,F.A.Q,Kilogram,2.5,2.9133334,
30877454,2026-08-22,2026-08-22 10:53:09.900111,NEGERI SEMBILAN,SEREMBAN,PASAR BESAR SEREMBAN - BAHAGIAN BORONG,Borong,20,Sayur-Sayuran,03,019,KANGKUNG,F.A.Q,Kilogram,3,2.9133334,
30877455,2026-08-22,2026-08-22 10:53:09.900111,NEGERI SEMBILAN,SEREMBAN,PASAR BESAR SEREMBAN - BAHAGIAN BORONG,Borong,20,Sayur-Sayuran,03,019,KANGKUNG,F.A.Q,Kilogram,2.8,2.9133334,
30877456,2026-08-22,2026-08-22 10:53:09.900111,NEGERI SEMBILAN,SEREMBAN,PASAR BESAR SEREMBAN - BAHAGIAN BORONG,Borong,20,Sayur-Sayuran,03,006,KUBIS BULAT (CHINA),F.A.Q,Kilogram,2.6,2.8533332,
30877457,2026-08-22,2026-08-22 10:53:09.900111,NEGERI SEMBILAN,SEREMBAN,PASAR BESAR SEREMBAN - BAHAGIAN BORONG,Borong,20,Sayur-Sayuran,03,006,KUBIS BULAT (CHINA),F.A.Q,Kilogram,3.2,2.8533332,
30877458,2026-08-22,2026-08-22 10:53:09.900111,NEGERI SEMBILAN,SEREMBAN,PASAR BESAR SEREMBAN - BAHAGIAN BORONG,Borong,20,Sayur-Sayuran,03,006,KUBIS BULAT (CHINA),F.A.Q,Kilogram,2.8,2.8533332,
30877459,2026-08-22,2026-08-22 10:53:09.900111,NEGERI SEMBILAN,SEREMBAN,PASAR BESAR SEREMBAN - BAHAGIAN BORONG,Borong,20,Sayur-Sayuran,03,006,KUBIS BULAT (INDONESIA),F.A.Q,Kilogram,2.4,2.5,
30877460,2026-08-22,2026-08-22 10:53:09.900111,NEGERI SEMBILAN,SEREMBAN,PASAR BESAR SEREMBAN - BAHAGIAN BORONG,Borong,20,Sayur-Sayuran,03,006,KUBIS BULAT (INDONESIA),F.A.Q,Kilogram,2.6,2.5,
30877461,2026-08-22,2026-08-22 10:53:09.900111,NEGERI SEMBILAN,SEREMBAN,PASAR BESAR SEREMBAN - BAHAGIAN BORONG,Borong,20,Sayur-Sayuran,03,006,KUBIS BULAT (INDONESIA),F.A.Q,Kilogram,2.5,2.5,
30877462,2026-08-22,2026-08-22 10:53:09.900111,NEGERI SEMBILAN,SEREMBAN,PASAR BESAR SEREMBAN - BAHAGIAN BORONG,Borong,20,Sayur-Sayuran,03,006,KUBIS BULAT (TANAH TINGGI),F.A.Q,Kilogram,3.6,3.8666666,
30877463,2026-08-22,2026-08-22 10:53:09.900111,NEGERI SEMBILAN,SEREMBAN,PASAR BESAR SEREMBAN - BAHAGIAN BORONG,Borong,20,Sayur-Sayuran,03,006,KUBIS BULAT (TANAH TINGGI),F.A.Q,Kilogram,4.2,3.8666666,
30877464,2026-08-22,2026-08-22 10:53:09.900111,NEGERI SEMBILAN,SEREMBAN,PASAR BESAR SEREMBAN - BAHAGIAN BORONG,Borong,20,Sayur-Sayuran,03,006,KUBIS BULAT (TANAH TINGGI),F.A.Q,Kilogram,3.8,3.8666666,
30877465,2026-08-22,2026-08-22 10:53:09.900111,NEGERI SEMBILAN,SEREMBAN,PASAR BESAR SEREMBAN - BAHAGIAN BORONG,Borong,20,Sayur-Sayuran,03,007,SAWI HIJAU,F.A.Q,Kilogram,5.5,5.8533335,
30877466,2026-08-22,2026-08-22 10:53:09.900111,NEGERI SEMBILAN,SEREMBAN,PASAR BESAR SEREMBAN - BAHAGIAN BORONG,Borong,20,Sayur-Sayuran,03,007,SAWI HIJAU,F.A.Q,Kilogram,6,5.8533335,
30877467,2026-08-22,2026-08-22 10:53:09.900111,NEGERI SEMBILAN,SEREMBAN,PASAR BESAR SEREMBAN - BAHAGIAN BORONG,Borong,20,Sayur-Sayuran,03,007,SAWI HIJAU,F.A.Q,Kilogram,5.3,5.8533335,
30877468,2026-08-22,2026-08-22 10:53:09.900111,NEGERI SEMBILAN,SEREMBAN,PASAR BESAR SEREMBAN - BAHAGIAN BORONG,Borong,20,Sayur-Sayuran,03,007,SAWI HIJAU TANAH TINGGI,F.A.Q,Kilogram,5.2,5.9266667,
30877469,2026-08-22,2026-08-22 10:53:09.900111,NEGERI SEMBILAN,SEREMBAN,PASAR BESAR SEREMBAN - BAHAGIAN BORONG,Borong,20,Sayur-Sayuran,03,007,SAWI HIJAU TANAH TINGGI,F.A.Q,Kilogram,5.5,5.9266667,
30877470,2026-08-22,2026-08-22 10:53:09.900111,NEGERI SEMBILAN,SEREMBAN,PASAR BESAR SEREMBAN - BAHAGIAN BORONG,Borong,20,Sayur-Sayuran,03,007,SAWI HIJAU TANAH TINGGI,F.A.Q,Kilogram,5.9,5.9266667,
30877471,2026-08-22,2026-08-22 10:53:09.900111,NEGERI SEMBILAN,SEREMBAN,PASAR BESAR SEREMBAN - BAHAGIAN BORONG,Borong,20,Sayur-Sayuran,02,010,TERUNG PANJANG / PEPARU (TANAH RENDAH),F.A.Q,Kilogram,7.9,8.57,
30877472,2026-08-22,2026-08-22 10:53:09.900111,NEGERI SEMBILAN,SEREMBAN,PASAR BESAR SEREMBAN - BAHAGIAN BORONG,Borong,20,Sayur-Sayuran,02,010,TERUNG PANJANG / PEPARU (TANAH RENDAH),F.A.Q,Kilogram,8.9,8.57,
30877473,2026-08-22,2026-08-22 10:53:09.900111,NEGERI SEMBILAN,SEREMBAN,PASAR BESAR SEREMBAN - BAHAGIAN BORONG,Borong,20,Sayur-Sayuran,02,010,TERUNG PANJANG / PEPARU (TANAH RENDAH),F.A.Q,Kilogram,8.6,8.57,
30877474,2026-08-22,2026-08-22 10:53:09.900111,NEGERI SEMBILAN,SEREMBAN,PASAR BESAR SEREMBAN - BAHAGIAN BORONG,Borong,20,Sayur-Sayuran,02,011,TIMUN HIJAU,F.A.Q,Kilogram,2.1,2.6766667,
30877475,2026-08-22,2026-08-22 10:53:09.900111,NEGERI SEMBILAN,SEREMBAN,PASAR BESAR SEREMBAN - BAHAGIAN BORONG,Borong,20,Sayur-Sayuran,02,011,TIMUN HIJAU,F.A.Q,Kilogram,2.5,2.6766667,
30877476,2026-08-22,2026-08-22 10:53:09.900111,NEGERI SEMBILAN,SEREMBAN,PASAR BESAR SEREMBAN - BAHAGIAN BORONG,Borong,20,Sayur-Sayuran,02,011,TIMUN HIJAU,F.A.Q,Kilogram,2.2,2.6766667,
30877477,2026-08-22,2026-08-22 10:53:09.900111,NEGERI SEMBILAN,SEREMBAN,PASAR BESAR SEREMBAN - BAHAGIAN BORONG,Borong,20,Sayur-Sayuran,02,012,TOMATO (TANAH TINGGI),F.A.Q,Kilogram,6.8,8.413333,
30877478,2026-08-22,2026-08-22 10:53:09.900111,NEGERI SEMBILAN,SEREMBAN,PASAR BESAR SEREMBAN - BAHAGIAN BORONG,Borong,20,Sayur-Sayuran,02,012,TOMATO (TANAH TINGGI),F.A.Q,Kilogram,8.3,8.413333,
30877479,2026-08-22,2026-08-22 10:53:09.900111,NEGERI SEMBILAN,SEREMBAN,PASAR BESAR SEREMBAN - BAHAGIAN BORONG,Borong,20,Sayur-Sayuran,02,012,TOMATO (TANAH TINGGI),F.A.Q,Kilogram,7.6,8.413333,
30877480,2026-08-22,2026-08-22 10:55:09.261768,SARAWAK,MIRI,[LOKASI KUTIPAN HARGA LADANG] BEKENU,Ladang,,Sayur-Sayuran,03,001,BAYAM,F.A.Q,Kilogram,4,4.7272725,
30877481,2026-08-22,2026-08-22 10:55:09.261768,SARAWAK,MIRI,[LOKASI KUTIPAN HARGA LADANG] BEKENU,Ladang,,Sayur-Sayuran,02,002,CILI HIJAU,F.A.Q,Kilogram,8,9.4,
30877482,2026-08-22,2026-08-22 10:55:09.261768,SARAWAK,MIRI,[LOKASI KUTIPAN HARGA LADANG] BEKENU,Ladang,,Sayur-Sayuran,02,002,CILI MERAH KULAI / KULAI HIBRID,F.A.Q,Kilogram,14,14,
30877483,2026-08-22,2026-08-22 10:55:09.261768,SARAWAK,MIRI,[LOKASI KUTIPAN HARGA LADANG] BEKENU,Ladang,,Sayur-Sayuran,02,002,CILI MERAH MINYAK,F.A.Q,Kilogram,12,12,
30877484,2026-08-22,2026-08-22 10:55:09.261768,SARAWAK,MIRI,[LOKASI KUTIPAN HARGA LADANG] BEKENU,Ladang,,Sayur-Sayuran,04,002,KACANG BENDI,F.A.Q,Kilogram,5,6,
30877485,2026-08-22,2026-08-22 10:55:09.261768,SARAWAK,MIRI,[LOKASI KUTIPAN HARGA LADANG] BEKENU,Ladang,,Sayur-Sayuran,04,003,KACANG BUNCIS,F.A.Q,Kilogram,7,8,
30877486,2026-08-22,2026-08-22 10:55:09.261768,SARAWAK,MIRI,[LOKASI KUTIPAN HARGA LADANG] BEKENU,Ladang,,Sayur-Sayuran,04,007,KACANG PANJANG HIJAU,F.A.Q,Kilogram,5,6,
30877487,2026-08-22,2026-08-22 10:55:09.261768,SARAWAK,MIRI,[LOKASI KUTIPAN HARGA LADANG] BEKENU,Ladang,,Sayur-Sayuran,03,019,KANGKUNG,F.A.Q,Kilogram,3,3,
30877488,2026-08-22,2026-08-22 10:55:09.261768,SARAWAK,MIRI,[LOKASI KUTIPAN HARGA LADANG] BEKENU,Ladang,,Sayur-Sayuran,03,007,SAWI HIJAU,F.A.Q,Kilogram,7,8.181818,
30877489,2026-08-22,2026-08-22 10:55:09.261768,SARAWAK,MIRI,[LOKASI KUTIPAN HARGA LADANG] BEKENU,Ladang,,Sayur-Sayuran,02,010,TERUNG PANJANG / PEPARU (TANAH RENDAH),F.A.Q,Kilogram,5,6,
30877490,2026-08-22,2026-08-22 10:55:09.261768,SARAWAK,MIRI,[LOKASI KUTIPAN HARGA LADANG] BEKENU,Ladang,,Sayur-Sayuran,02,011,TIMUN HIJAU,F.A.Q,Kilogram,4,4.090909,
30877491,2026-08-22,2026-08-22 10:55:27.871518,NEGERI SEMBILAN,SEREMBAN,[LOKASI KUTIPAN HARGA LADANG] LABU,Ladang,,Tanaman Kontan,05,001,KELAPA DIKUPAS,SEDANG,Biji,1.8,1.8,
30877492,2026-08-22,2026-08-22 10:56:06.867879,SARAWAK,MIRI,[LOKASI KUTIPAN HARGA LADANG] BEKENU,Ladang,,Buah-Buahan,02,005,BETIK SEKAKI,F.A.Q,Kilogram,3,3,
30877493,2026-08-22,2026-08-22 10:56:06.867879,SARAWAK,MIRI,[LOKASI KUTIPAN HARGA LADANG] BEKENU,Ladang,,Buah-Buahan,02,023,NANAS JOSAPINE (AC5),F.A.Q,Kilogram,3,3,
30877494,2026-08-22,2026-08-22 10:56:06.867879,SARAWAK,MIRI,[LOKASI KUTIPAN HARGA LADANG] BEKENU,Ladang,,Buah-Buahan,02,028,PISANG BERANGAN,F.A.Q,Kilogram,5,5,
30877495,2026-08-22,2026-08-22 10:56:06.867879,SARAWAK,MIRI,[LOKASI KUTIPAN HARGA LADANG] BEKENU,Ladang,,Buah-Buahan,02,028,PISANG MAS,F.A.Q,Kilogram,5,5,
30877496,2026-08-22,2026-08-22 10:56:06.867879,SARAWAK,MIRI,[LOKASI KUTIPAN HARGA LADANG] BEKENU,Ladang,,Buah-Buahan,02,034,TEMBIKAI MERAH TANPA BIJI,F.A.Q,Kilogram,3,3,
30877497,2026-08-22,2026-08-22 10:56:25.607157,PERAK,KINTA,PASAR BORONG KUALA PARI,Borong,20,Ternakan,03,002,AYAM PROSES STANDARD,F.A.Q,Kilogram,9,9,
30877498,2026-08-22,2026-08-22 10:56:30.403684,SARAWAK,MIRI,[LOKASI KUTIPAN HARGA LADANG] BEKENU,Ladang,,Tanaman Kontan,05,001,KELAPA DIKUPAS,SEDANG,Biji,2,2,
30877499,2026-08-22,2026-08-22 10:56:57.182882,NEGERI SEMBILAN,SEREMBAN,LADANG/KEBUN RANTAU,Ladang,,Ternakan,01,003,AYAM HIDUP,F.A.Q,Kilogram,7,6.8166666,
30877500,2026-08-22,2026-08-22 10:56:57.182882,NEGERI SEMBILAN,SEREMBAN,LADANG/KEBUN RANTAU,Ladang,,Ternakan,01,003,AYAM HIDUP,F.A.Q,Kilogram,6.9,6.8166666,
30877502,2026-08-22,2026-08-22 10:57:49.772137,PERAK,KINTA,[PASAR BORONG] JALAN LAXAMANA,Borong,20,Ternakan,02,003,DAGING LEMBU PEJAL,F.A.Q,Kilogram,30,29,
30877503,2026-08-22,2026-08-22 10:57:49.772137,PERAK,KINTA,[PASAR BORONG] JALAN LAXAMANA,Borong,20,Ternakan,02,003,DAGING LEMBU PEJAL,F.A.Q,Kilogram,28,29,
30877504,2026-08-22,2026-08-22 10:58:17.315656,NEGERI SEMBILAN,TAMPIN,[LOKASI KUTIPAN HARGA LADANG] GEMENCHEH,Ladang,,Ternakan,11,001,TELUR AYAM,A,Biji,0.47,0.442,
30877505,2026-08-22,2026-08-22 10:58:17.315656,NEGERI SEMBILAN,TAMPIN,[LOKASI KUTIPAN HARGA LADANG] GEMENCHEH,Ladang,,Ternakan,11,001,TELUR AYAM,C,Biji,0.45,0.406,
30877506,2026-08-22,2026-08-22 10:58:17.315656,NEGERI SEMBILAN,TAMPIN,[LOKASI KUTIPAN HARGA LADANG] GEMENCHEH,Ladang,,Ternakan,11,001,TELUR AYAM,B,Biji,0.46,0.4288889,
30877507,2026-08-22,2026-08-22 10:58:33.54772,PERAK,KINTA,PASAR BESAR IPOH,Runcit,26,Ternakan,03,002,AYAM PROSES STANDARD,F.A.Q,Kilogram,11,11,
30877508,2026-08-22,2026-08-22 10:58:33.54772,PERAK,KINTA,PASAR BESAR IPOH,Runcit,26,Ternakan,02,003,DAGING LEMBU PEJAL,F.A.Q,Kilogram,38,38,
30877509,2026-08-22,2026-08-22 10:59:03.394422,NEGERI SEMBILAN,PORT DICKSON,[LOKASI KUTIPAN HARGA LADANG] LUKUT,Ladang,,Ternakan,11,001,TELUR AYAM,A,Biji,0.47,0.442,
30877510,2026-08-22,2026-08-22 10:59:03.394422,NEGERI SEMBILAN,PORT DICKSON,[LOKASI KUTIPAN HARGA LADANG] LUKUT,Ladang,,Ternakan,11,001,TELUR AYAM,C,Biji,0.45,0.406,
30877511,2026-08-22,2026-08-22 10:59:03.394422,NEGERI SEMBILAN,PORT DICKSON,[LOKASI KUTIPAN HARGA LADANG] LUKUT,Ladang,,Ternakan,11,001,TELUR AYAM,B,Biji,0.46,0.4288889,
30877512,2026-08-22,2026-08-22 10:59:15.301099,SARAWAK,MIRI,PASAR TAMU MUHIBBAH MIRI,Runcit,26,Buah-Buahan,02,005,BETIK SEKAKI,F.A.Q,Kilogram,5,5,
30877513,2026-08-22,2026-08-22 10:59:15.301099,SARAWAK,MIRI,PASAR TAMU MUHIBBAH MIRI,Runcit,26,Buah-Buahan,02,023,NANAS JOSAPINE (AC5),F.A.Q,Kilogram,5,5,
30877514,2026-08-22,2026-08-22 10:59:15.301099,SARAWAK,MIRI,PASAR TAMU MUHIBBAH MIRI,Runcit,26,Buah-Buahan,02,028,PISANG BERANGAN,F.A.Q,Kilogram,7,7,
30877515,2026-08-22,2026-08-22 10:59:15.301099,SARAWAK,MIRI,PASAR TAMU MUHIBBAH MIRI,Runcit,26,Buah-Buahan,02,028,PISANG MAS,F.A.Q,Kilogram,7,7,
30877516,2026-08-22,2026-08-22 10:59:15.301099,SARAWAK,MIRI,PASAR TAMU MUHIBBAH MIRI,Runcit,26,Buah-Buahan,02,034,TEMBIKAI MERAH TANPA BIJI,F.A.Q,Kilogram,5,5,
30877517,2026-08-22,2026-08-22 11:00:14.168856,SARAWAK,MIRI,PASAR TAMU MUHIBBAH MIRI,Borong,20,Buah-Buahan,02,005,BETIK SEKAKI,F.A.Q,Kilogram,4,4,
30877518,2026-08-22,2026-08-22 11:00:14.168856,SARAWAK,MIRI,PASAR TAMU MUHIBBAH MIRI,Borong,20,Buah-Buahan,02,023,NANAS JOSAPINE (AC5),F.A.Q,Kilogram,4,4,
30877519,2026-08-22,2026-08-22 11:00:14.168856,SARAWAK,MIRI,PASAR TAMU MUHIBBAH MIRI,Borong,20,Buah-Buahan,02,028,PISANG BERANGAN,F.A.Q,Kilogram,6,6,
30877520,2026-08-22,2026-08-22 11:00:14.168856,SARAWAK,MIRI,PASAR TAMU MUHIBBAH MIRI,Borong,20,Buah-Buahan,02,028,PISANG MAS,F.A.Q,Kilogram,6,6,
30877521,2026-08-22,2026-08-22 11:00:14.168856,SARAWAK,MIRI,PASAR TAMU MUHIBBAH MIRI,Borong,20,Buah-Buahan,02,034,TEMBIKAI MERAH TANPA BIJI,F.A.Q,Kilogram,4,4,
30877522,2026-08-22,2026-08-22 11:00:39.752076,PERAK,KINTA,LADANG/KEBUN IPOH,Ladang,,Ternakan,01,003,AYAM HIDUP,F.A.Q,Kilogram,6.2,6.2,
30877523,2026-08-22,2026-08-22 11:01:28.630096,PERAK,KINTA,[PASAR BORONG] JALAN LAXAMANA,Borong,20,Tanaman Kontan,05,001,KELAPA DIKUPAS,SEDANG,Biji,2.2,2.2,
30877524,2026-08-22,2026-08-22 11:01:55.930811,PERAK,KINTA,PASAR BESAR IPOH,Runcit,26,Lain-Lain Makanan Proses,15,001,SANTAN PEKAT,F.A.Q,Kilogram,15,15,
30877525,2026-08-22,2026-08-22 11:02:16.602997,PERAK,KINTA,PASAR BESAR IPOH,Runcit,26,Tanaman Kontan,05,001,KELAPA DIKUPAS,SEDANG,Biji,3,3,
30877526,2026-08-22,2026-08-22 11:02:38.923716,PERAK,KINTA,LADANG/KEBUN IPOH,Ladang,,Tanaman Kontan,05,001,KELAPA DIKUPAS,SEDANG,Biji,1.5,1.5,
30877527,2026-08-22,2026-08-22 11:03:14.488962,NEGERI SEMBILAN,KUALA PILAH,[LOKASI KUTIPAN HARGA LADANG] JOHOL,Ladang,,Sayur-Sayuran,03,001,BAYAM,F.A.Q,Kilogram,1.9,2.095,
30877528,2026-08-22,2026-08-22 11:03:14.488962,NEGERI SEMBILAN,KUALA PILAH,[LOKASI KUTIPAN HARGA LADANG] JOHOL,Ladang,,Sayur-Sayuran,02,002,CILI HIJAU,F.A.Q,Kilogram,5.6,5.76,
30877529,2026-08-22,2026-08-22 11:03:14.488962,NEGERI SEMBILAN,KUALA PILAH,[LOKASI KUTIPAN HARGA LADANG] JOHOL,Ladang,,Sayur-Sayuran,02,002,CILI HIJAU,F.A.Q,Kilogram,6,5.76,
30877530,2026-08-22,2026-08-22 11:03:14.488962,NEGERI SEMBILAN,KUALA PILAH,[LOKASI KUTIPAN HARGA LADANG] JOHOL,Ladang,,Sayur-Sayuran,02,002,CILI MERAH KULAI / KULAI HIBRID,F.A.Q,Kilogram,10.5,10.5,
30877531,2026-08-22,2026-08-22 11:03:14.488962,NEGERI SEMBILAN,KUALA PILAH,[LOKASI KUTIPAN HARGA LADANG] JOHOL,Ladang,,Sayur-Sayuran,04,002,KACANG BENDI,F.A.Q,Kilogram,4.6,4.2642856,
30877532,2026-08-22,2026-08-22 11:03:14.488962,NEGERI SEMBILAN,KUALA PILAH,[LOKASI KUTIPAN HARGA LADANG] JOHOL,Ladang,,Sayur-Sayuran,04,007,KACANG PANJANG HIJAU,F.A.Q,Kilogram,4.5,4.3636365,
30877533,2026-08-22,2026-08-22 11:03:14.488962,NEGERI SEMBILAN,KUALA PILAH,[LOKASI KUTIPAN HARGA LADANG] JOHOL,Ladang,,Sayur-Sayuran,03,019,KANGKUNG,F.A.Q,Kilogram,1.9,2.1125,
30877534,2026-08-22,2026-08-22 11:03:14.488962,NEGERI SEMBILAN,KUALA PILAH,[LOKASI KUTIPAN HARGA LADANG] JOHOL,Ladang,,Sayur-Sayuran,03,019,KANGKUNG,F.A.Q,Kilogram,1.8,2.1125,
30877535,2026-08-22,2026-08-22 11:03:14.488962,NEGERI SEMBILAN,KUALA PILAH,[LOKASI KUTIPAN HARGA LADANG] JOHOL,Ladang,,Sayur-Sayuran,03,007,SAWI HIJAU,F.A.Q,Kilogram,3.5,3.6083333,
30877536,2026-08-22,2026-08-22 11:05:02.357032,PERAK,KINTA,,Borong,20,Ternakan,11,001,TELUR AYAM,A,Biji,0.5,0.45666668,
30877537,2026-08-22,2026-08-22 11:05:02.357032,PERAK,KINTA,,Borong,20,Ternakan,11,001,TELUR AYAM,B,Biji,0.48,0.44333333,
30877538,2026-08-22,2026-08-22 11:05:02.357032,PERAK,KINTA,,Borong,20,Ternakan,11,001,TELUR AYAM,C,Biji,0.47,0.42166665,
30877539,2026-08-22,2026-08-22 11:06:59.149395,PERAK,KINTA,PASAR BESAR IPOH,Runcit,26,Ternakan,11,001,TELUR AYAM,A,Biji,0.52,0.47666666,
30877540,2026-08-22,2026-08-22 11:06:59.149395,PERAK,KINTA,PASAR BESAR IPOH,Runcit,26,Ternakan,11,001,TELUR AYAM,B,Biji,0.5,0.46333334,
30877541,2026-08-22,2026-08-22 11:06:59.149395,PERAK,KINTA,PASAR BESAR IPOH,Runcit,26,Ternakan,11,001,TELUR AYAM,C,Biji,0.49,0.44166666,
30877542,2026-08-22,2026-08-22 11:08:24.360148,NEGERI SEMBILAN,SEREMBAN,[LOKASI KUTIPAN HARGA LADANG] GADONG,Ladang,,Sayur-Sayuran,03,001,BAYAM,F.A.Q,Kilogram,1.8,1.88,
30877543,2026-08-22,2026-08-22 11:08:24.360148,NEGERI SEMBILAN,SEREMBAN,[LOKASI KUTIPAN HARGA LADANG] GADONG,Ladang,,Sayur-Sayuran,02,002,CILI MERAH KULAI / KULAI HIBRID,F.A.Q,Kilogram,8,8.5,
30877544,2026-08-22,2026-08-22 11:08:24.360148,NEGERI SEMBILAN,SEREMBAN,[LOKASI KUTIPAN HARGA LADANG] GADONG,Ladang,,Sayur-Sayuran,02,002,CILI MERAH KULAI / KULAI HIBRID,F.A.Q,Kilogram,9,8.5,
30877545,2026-08-22,2026-08-22 11:08:24.360148,NEGERI SEMBILAN,SEREMBAN,[LOKASI KUTIPAN HARGA LADANG] GADONG,Ladang,,Sayur-Sayuran,04,002,KACANG BENDI,F.A.Q,Kilogram,3.8,3.8333333,
30877546,2026-08-22,2026-08-22 11:08:24.360148,NEGERI SEMBILAN,SEREMBAN,[LOKASI KUTIPAN HARGA LADANG] GADONG,Ladang,,Sayur-Sayuran,04,007,KACANG PANJANG HIJAU,F.A.Q,Kilogram,4,4.3166666,
30877547,2026-08-22,2026-08-22 11:08:24.360148,NEGERI SEMBILAN,SEREMBAN,[LOKASI KUTIPAN HARGA LADANG] GADONG,Ladang,,Sayur-Sayuran,03,019,KANGKUNG,F.A.Q,Kilogram,1.6,1.7,
30877548,2026-08-22,2026-08-22 11:08:24.360148,NEGERI SEMBILAN,SEREMBAN,[LOKASI KUTIPAN HARGA LADANG] GADONG,Ladang,,Sayur-Sayuran,03,007,SAWI HIJAU,F.A.Q,Kilogram,3.5,3.5,
30877549,2026-08-22,2026-08-22 11:08:24.360148,NEGERI SEMBILAN,SEREMBAN,[LOKASI KUTIPAN HARGA LADANG] GADONG,Ladang,,Sayur-Sayuran,02,011,TIMUN HIJAU,F.A.Q,Kilogram,1.2,1.5708333,
30877550,2026-08-22,2026-08-22 11:08:24.360148,NEGERI SEMBILAN,SEREMBAN,[LOKASI KUTIPAN HARGA LADANG] GADONG,Ladang,,Sayur-Sayuran,02,011,TIMUN HIJAU,F.A.Q,Kilogram,1.2,1.5708333,
30877551,2026-08-22,2026-08-22 11:09:38.337938,PERAK,KINTA,LADANG/KEBUN IPOH,Ladang,,Ternakan,11,001,TELUR AYAM,A,Biji,0.48,0.43666667,
30877552,2026-08-22,2026-08-22 11:09:38.337938,PERAK,KINTA,LADANG/KEBUN IPOH,Ladang,,Ternakan,11,001,TELUR AYAM,C,Biji,0.45,0.40166667,
30877553,2026-08-22,2026-08-22 11:09:38.337938,PERAK,KINTA,LADANG/KEBUN IPOH,Ladang,,Ternakan,11,001,TELUR AYAM,B,Biji,0.46,0.42333335,
30877554,2026-08-22,2026-08-22 11:10:05.089924,TERENGGANU,KUALA TERENGGANU,KELOMPOK PERTANIAN KAMPUNG CHE LONG,Ladang,,Sayur-Sayuran,02,002,CILI MERAH KULAI / KULAI HIBRID,F.A.Q,Kilogram,6,10.44,
30877555,2026-08-22,2026-08-22 11:10:05.148323,TERENGGANU,KUALA TERENGGANU,KELOMPOK PERTANIAN KAMPUNG CHE LONG,Ladang,,Sayur-Sayuran,04,002,KACANG BENDI,F.A.Q,Kilogram,3,5.34,
30877556,2026-08-22,2026-08-22 11:10:05.300963,TERENGGANU,KUALA TERENGGANU,KELOMPOK PERTANIAN KAMPUNG CHE LONG,Ladang,,Sayur-Sayuran,04,007,KACANG PANJANG HIJAU,F.A.Q,Kilogram,3,4.02,
30877557,2026-08-22,2026-08-22 11:10:05.363684,TERENGGANU,KUALA TERENGGANU,KELOMPOK PERTANIAN KAMPUNG CHE LONG,Ladang,,Sayur-Sayuran,03,019,KANGKUNG,F.A.Q,Kilogram,2,2.32,
30877558,2026-08-22,2026-08-22 11:10:05.436336,TERENGGANU,KUALA TERENGGANU,KELOMPOK PERTANIAN KAMPUNG CHE LONG,Ladang,,Sayur-Sayuran,03,007,SAWI HIJAU,F.A.Q,Kilogram,2.5,3.39,
30877559,2026-08-22,2026-08-22 11:10:05.50802,TERENGGANU,KUALA TERENGGANU,KELOMPOK PERTANIAN KAMPUNG CHE LONG,Ladang,,Sayur-Sayuran,02,010,TERUNG PANJANG / PEPARU (TANAH RENDAH),F.A.Q,Kilogram,3,5.38,
30877560,2026-08-22,2026-08-22 11:10:05.572566,TERENGGANU,KUALA TERENGGANU,KELOMPOK PERTANIAN KAMPUNG CHE LONG,Ladang,,Sayur-Sayuran,02,011,TIMUN HIJAU,F.A.Q,Kilogram,1,1.67,
30877561,2026-08-22,2026-08-22 11:10:17.83869,TERENGGANU,KEMAMAN,LADANG/KEBUN KEMASIK,Ladang,,Ternakan,01,003,AYAM HIDUP,F.A.Q,Kilogram,6.5,6.51,
30877562,2026-08-22,2026-08-22 11:10:25.854946,TERENGGANU,MARANG,[LOKASI KUTIPAN HARGA LADANG] PULAU KERENGGA,Ladang,,Buah-Buahan,02,034,TEMBIKAI MERAH TANPA BIJI,F.A.Q,Kilogram,2,2.46,
30877563,2026-08-22,2026-08-22 11:10:47.359004,TERENGGANU,KUALA TERENGGANU,PASAR BORONG GONG PAUH,Borong,,Ternakan,03,002,AYAM PROSES STANDARD,F.A.Q,Kilogram,9.3,8.75,
30877564,2026-08-22,2026-08-22 11:12:25.848721,NEGERI SEMBILAN,SEREMBAN,[LOKASI KUTIPAN HARGA LADANG] LABU,Ladang,,Sayur-Sayuran,03,001,BAYAM,F.A.Q,Kilogram,2.6,1.88,
30877565,2026-08-22,2026-08-22 11:12:25.848721,NEGERI SEMBILAN,SEREMBAN,[LOKASI KUTIPAN HARGA LADANG] LABU,Ladang,,Sayur-Sayuran,04,002,KACANG BENDI,F.A.Q,Kilogram,5,3.8333333,
30877566,2026-08-22,2026-08-22 11:12:25.848721,NEGERI SEMBILAN,SEREMBAN,[LOKASI KUTIPAN HARGA LADANG] LABU,Ladang,,Sayur-Sayuran,02,011,TIMUN HIJAU,F.A.Q,Kilogram,1,1.5708333,
30877567,2026-08-22,2026-08-22 11:12:31.945881,TERENGGANU,KUALA TERENGGANU,PASAR BORONG GONG PAUH,Borong,,Sayur-Sayuran,03,001,BAYAM,F.A.Q,Kilogram,4,4.11,
30877568,2026-08-22,2026-08-22 11:12:32.012917,TERENGGANU,KUALA TERENGGANU,PASAR BORONG GONG PAUH,Borong,,Sayur-Sayuran,02,002,CILI HIJAU,F.A.Q,Kilogram,12,10.63,
30877569,2026-08-22,2026-08-22 11:12:32.083952,TERENGGANU,KUALA TERENGGANU,PASAR BORONG GONG PAUH,Borong,,Sayur-Sayuran,02,002,CILI MERAH (VIETNAM),F.A.Q,Kilogram,13,6.98,
30877570,2026-08-22,2026-08-22 11:12:32.172455,TERENGGANU,KUALA TERENGGANU,PASAR BORONG GONG PAUH,Borong,,Sayur-Sayuran,02,002,CILI MERAH KULAI / KULAI HIBRID,F.A.Q,Kilogram,13,13.69,
30877571,2026-08-22,2026-08-22 11:12:32.231878,TERENGGANU,KUALA TERENGGANU,PASAR BORONG GONG PAUH,Borong,,Sayur-Sayuran,02,002,CILI MERAH MINYAK,F.A.Q,Kilogram,10,11.76,
30877572,2026-08-22,2026-08-22 11:12:32.284451,TERENGGANU,KUALA TERENGGANU,PASAR BORONG GONG PAUH,Borong,,Sayur-Sayuran,03,009,DAUN BAWANG,F.A.Q,Kilogram,6,9.7,
30877573,2026-08-22,2026-08-22 11:12:32.352484,TERENGGANU,KUALA TERENGGANU,PASAR BORONG GONG PAUH,Borong,,Sayur-Sayuran,03,015,DAUN SUP (TANAH TINGGI),F.A.Q,Kilogram,14,10.25,
30877574,2026-08-22,2026-08-22 11:12:32.411078,TERENGGANU,KUALA TERENGGANU,PASAR BORONG GONG PAUH,Borong,,Sayur-Sayuran,04,002,KACANG BENDI,F.A.Q,Kilogram,7,8.23,
30877575,2026-08-22,2026-08-22 11:12:32.473154,TERENGGANU,KUALA TERENGGANU,PASAR BORONG GONG PAUH,Borong,,Sayur-Sayuran,04,003,KACANG BUNCIS,F.A.Q,Kilogram,8,10.25,
30877576,2026-08-22,2026-08-22 11:12:32.531889,TERENGGANU,KUALA TERENGGANU,PASAR BORONG GONG PAUH,Borong,,Sayur-Sayuran,04,007,KACANG PANJANG HIJAU,F.A.Q,Kilogram,7,5.88,
30877577,2026-08-22,2026-08-22 11:12:32.599618,TERENGGANU,KUALA TERENGGANU,PASAR BORONG GONG PAUH,Borong,,Sayur-Sayuran,03,019,KANGKUNG,F.A.Q,Kilogram,4,3.5,
30877578,2026-08-22,2026-08-22 11:12:32.652673,TERENGGANU,KUALA TERENGGANU,PASAR BORONG GONG PAUH,Borong,,Sayur-Sayuran,03,006,KUBIS BULAT (CHINA),F.A.Q,Kilogram,3,2.09,
30877579,2026-08-22,2026-08-22 11:12:32.711333,TERENGGANU,KUALA TERENGGANU,PASAR BORONG GONG PAUH,Borong,,Sayur-Sayuran,03,006,KUBIS BULAT (TANAH TINGGI),F.A.Q,Kilogram,3.5,3.18,
30877580,2026-08-22,2026-08-22 11:12:32.780838,TERENGGANU,KUALA TERENGGANU,PASAR BORONG GONG PAUH,Borong,,Sayur-Sayuran,03,007,SAWI HIJAU,F.A.Q,Kilogram,5,4.43,
30877581,2026-08-22,2026-08-22 11:12:32.839978,TERENGGANU,KUALA TERENGGANU,PASAR BORONG GONG PAUH,Borong,,Sayur-Sayuran,03,007,SAWI HIJAU TANAH TINGGI,F.A.Q,Kilogram,5,25,
30877582,2026-08-22,2026-08-22 11:12:32.883813,TERENGGANU,KUALA TERENGGANU,PASAR BORONG GONG PAUH,Borong,,Sayur-Sayuran,02,010,TERUNG PANJANG / PEPARU (TANAH RENDAH),F.A.Q,Kilogram,5,7.33,
30877583,2026-08-22,2026-08-22 11:12:32.951395,TERENGGANU,KUALA TERENGGANU,PASAR BORONG GONG PAUH,Borong,,Sayur-Sayuran,02,011,TIMUN HIJAU,F.A.Q,Kilogram,2.5,2.57,
30877584,2026-08-22,2026-08-22 11:12:33.011669,TERENGGANU,KUALA TERENGGANU,PASAR BORONG GONG PAUH,Borong,,Sayur-Sayuran,02,012,TOMATO (TANAH TINGGI),F.A.Q,Kilogram,7,7,
30877585,2026-08-22,2026-08-22 11:12:35.172035,PERAK,KINTA,PASAR BORONG KUALA PARI,Borong,20,Sayur-Sayuran,05,001,BAWANG BESAR KUNING / HOLLAND,F.A.Q,Kilogram,2.4,2.1166666,
30877586,2026-08-22,2026-08-22 11:12:35.172035,PERAK,KINTA,PASAR BORONG KUALA PARI,Borong,20,Sayur-Sayuran,05,001,BAWANG BESAR KUNING / HOLLAND,F.A.Q,Kilogram,2,2.1166666,
30877587,2026-08-22,2026-08-22 11:12:35.172035,PERAK,KINTA,PASAR BORONG KUALA PARI,Borong,20,Sayur-Sayuran,05,001,BAWANG BESAR MERAH (INDIA),F.A.Q,Kilogram,2.1,1.8020834,
30877588,2026-08-22,2026-08-22 11:12:35.172035,PERAK,KINTA,PASAR BORONG KUALA PARI,Borong,20,Sayur-Sayuran,05,001,BAWANG BESAR MERAH (INDIA),F.A.Q,Kilogram,2,1.8020834,
30877589,2026-08-22,2026-08-22 11:12:35.172035,PERAK,KINTA,PASAR BORONG KUALA PARI,Borong,20,Sayur-Sayuran,05,001,BAWANG MERAH / KECIL (THAI),F.A.Q,Kilogram,7,6.1916666,
30877590,2026-08-22,2026-08-22 11:12:35.172035,PERAK,KINTA,PASAR BORONG KUALA PARI,Borong,20,Sayur-Sayuran,05,001,BAWANG MERAH / KECIL (THAI),F.A.Q,Kilogram,6.5,6.1916666,
30877591,2026-08-22,2026-08-22 11:12:35.172035,PERAK,KINTA,PASAR BORONG KUALA PARI,Borong,20,Sayur-Sayuran,05,001,BAWANG PUTIH (CHINA),F.A.Q,Kilogram,6.2,5.983333,
30877592,2026-08-22,2026-08-22 11:12:35.172035,PERAK,KINTA,PASAR BORONG KUALA PARI,Borong,20,Sayur-Sayuran,05,001,BAWANG PUTIH (CHINA),F.A.Q,Kilogram,6,5.983333,
30877593,2026-08-22,2026-08-22 11:12:35.172035,PERAK,KINTA,PASAR BORONG KUALA PARI,Borong,20,Sayur-Sayuran,05,009,UBI KENTANG HOLLAND,F.A.Q,Kilogram,1.9,1.81,
30877594,2026-08-22,2026-08-22 11:12:35.172035,PERAK,KINTA,PASAR BORONG KUALA PARI,Borong,20,Sayur-Sayuran,05,009,UBI KENTANG HOLLAND,F.A.Q,Kilogram,1.8,1.81,
30877595,2026-08-22,2026-08-22 11:12:45.221084,TERENGGANU,KUALA TERENGGANU,PASAR BORONG GONG PAUH,Borong,,Ternakan,03,002,AYAM PROSES STANDARD,F.A.Q,Kilogram,10,8.75,
30877596,2026-08-22,2026-08-22 11:14:42.775709,TERENGGANU,KUALA TERENGGANU,PASAR BORONG GONG PAUH,Borong,,Sayur-Sayuran,03,001,BAYAM,F.A.Q,Kilogram,4.5,4.11,
30877597,2026-08-22,2026-08-22 11:14:42.832362,TERENGGANU,KUALA TERENGGANU,PASAR BORONG GONG PAUH,Borong,,Sayur-Sayuran,02,002,CILI HIJAU,F.A.Q,Kilogram,11,10.63,
30877598,2026-08-22,2026-08-22 11:14:42.893165,TERENGGANU,KUALA TERENGGANU,PASAR BORONG GONG PAUH,Borong,,Sayur-Sayuran,02,002,CILI MERAH (VIETNAM),F.A.Q,Kilogram,13,6.98,
30877599,2026-08-22,2026-08-22 11:14:42.953264,TERENGGANU,KUALA TERENGGANU,PASAR BORONG GONG PAUH,Borong,,Sayur-Sayuran,02,002,CILI MERAH KULAI / KULAI HIBRID,F.A.Q,Kilogram,13,13.69,
30877600,2026-08-22,2026-08-22 11:14:43.003789,TERENGGANU,KUALA TERENGGANU,PASAR BORONG GONG PAUH,Borong,,Sayur-Sayuran,02,002,CILI MERAH MINYAK,F.A.Q,Kilogram,9,11.76,
30877601,2026-08-22,2026-08-22 11:14:43.052247,TERENGGANU,KUALA TERENGGANU,PASAR BORONG GONG PAUH,Borong,,Sayur-Sayuran,03,009,DAUN BAWANG,F.A.Q,Kilogram,6,9.7,
30877602,2026-08-22,2026-08-22 11:14:43.119714,TERENGGANU,KUALA TERENGGANU,PASAR BORONG GONG PAUH,Borong,,Sayur-Sayuran,03,015,DAUN SUP (TANAH TINGGI),F.A.Q,Kilogram,13.5,10.25,
30877603,2026-08-22,2026-08-22 11:14:43.17364,TERENGGANU,KUALA TERENGGANU,PASAR BORONG GONG PAUH,Borong,,Sayur-Sayuran,04,002,KACANG BENDI,F.A.Q,Kilogram,6,8.23,
30877604,2026-08-22,2026-08-22 11:14:43.232206,TERENGGANU,KUALA TERENGGANU,PASAR BORONG GONG PAUH,Borong,,Sayur-Sayuran,04,003,KACANG BUNCIS,F.A.Q,Kilogram,9,10.25,
30877605,2026-08-22,2026-08-22 11:14:43.284469,TERENGGANU,KUALA TERENGGANU,PASAR BORONG GONG PAUH,Borong,,Sayur-Sayuran,04,007,KACANG PANJANG HIJAU,F.A.Q,Kilogram,6,5.88,
30877606,2026-08-22,2026-08-22 11:14:43.331152,TERENGGANU,KUALA TERENGGANU,PASAR BORONG GONG PAUH,Borong,,Sayur-Sayuran,03,019,KANGKUNG,F.A.Q,Kilogram,4,3.5,
30877607,2026-08-22,2026-08-22 11:14:43.392747,TERENGGANU,KUALA TERENGGANU,PASAR BORONG GONG PAUH,Borong,,Sayur-Sayuran,03,006,KUBIS BULAT (CHINA),F.A.Q,Kilogram,3.5,2.09,
30877608,2026-08-22,2026-08-22 11:14:43.453961,TERENGGANU,KUALA TERENGGANU,PASAR BORONG GONG PAUH,Borong,,Sayur-Sayuran,03,006,KUBIS BULAT (TANAH TINGGI),F.A.Q,Kilogram,3.5,3.18,
30877609,2026-08-22,2026-08-22 11:14:43.512483,TERENGGANU,KUALA TERENGGANU,PASAR BORONG GONG PAUH,Borong,,Sayur-Sayuran,03,007,SAWI HIJAU,F.A.Q,Kilogram,5,4.43,
30877610,2026-08-22,2026-08-22 11:14:43.572512,TERENGGANU,KUALA TERENGGANU,PASAR BORONG GONG PAUH,Borong,,Sayur-Sayuran,03,007,SAWI HIJAU TANAH TINGGI,F.A.Q,Kilogram,5,25,
30877611,2026-08-22,2026-08-22 11:14:43.632589,TERENGGANU,KUALA TERENGGANU,PASAR BORONG GONG PAUH,Borong,,Sayur-Sayuran,02,010,TERUNG PANJANG / PEPARU (TANAH RENDAH),F.A.Q,Kilogram,5,7.33,
30877612,2026-08-22,2026-08-22 11:14:43.694142,TERENGGANU,KUALA TERENGGANU,PASAR BORONG GONG PAUH,Borong,,Sayur-Sayuran,02,011,TIMUN HIJAU,F.A.Q,Kilogram,2.5,2.57,
30877613,2026-08-22,2026-08-22 11:14:43.753873,TERENGGANU,KUALA TERENGGANU,PASAR BORONG GONG PAUH,Borong,,Sayur-Sayuran,02,012,TOMATO (TANAH TINGGI),F.A.Q,Kilogram,8,7,
30877614,2026-08-22,2026-08-22 11:14:43.807336,TERENGGANU,KUALA TERENGGANU,PASAR BORONG GONG PAUH,Borong,,Sayur-Sayuran,05,009,UBI KENTANG HOLLAND,F.A.Q,Kilogram,5,2.62,
30877615,2026-08-22,2026-08-22 11:14:58.347455,SABAH,PENAMPANG,PASAR BORONG PENAMPANG,Borong,20,Sayur-Sayuran,05,001,BAWANG BESAR KUNING / HOLLAND,F.A.Q,Kilogram,4.2,3.5,
30877616,2026-08-22,2026-08-22 11:14:58.347455,SABAH,PENAMPANG,PASAR BORONG PENAMPANG,Borong,20,Sayur-Sayuran,05,001,BAWANG BESAR MERAH (CHINA),F.A.Q,Kilogram,4,2,
30877617,2026-08-22,2026-08-22 11:14:58.347455,SABAH,PENAMPANG,PASAR BORONG PENAMPANG,Borong,20,Sayur-Sayuran,05,001,BAWANG BESAR MERAH (INDIA),F.A.Q,Kilogram,4.5,4.5,
30877618,2026-08-22,2026-08-22 11:14:58.347455,SABAH,PENAMPANG,PASAR BORONG PENAMPANG,Borong,20,Sayur-Sayuran,05,001,BAWANG MERAH / KECIL (INDIA),F.A.Q,Kilogram,8,4.61,
30877619,2026-08-22,2026-08-22 11:14:58.347455,SABAH,PENAMPANG,PASAR BORONG PENAMPANG,Borong,20,Sayur-Sayuran,05,001,BAWANG MERAH ROSE,F.A.Q,Kilogram,9,9.14,
30877620,2026-08-22,2026-08-22 11:14:58.347455,SABAH,PENAMPANG,PASAR BORONG PENAMPANG,Borong,20,Sayur-Sayuran,05,001,BAWANG PUTIH (CHINA),F.A.Q,Kilogram,7.5,8,
30877621,2026-08-22,2026-08-22 11:14:58.347455,SABAH,PENAMPANG,PASAR BORONG PENAMPANG,Borong,20,Sayur-Sayuran,03,001,BAYAM,F.A.Q,Kilogram,3.5,3.5,
30877622,2026-08-22,2026-08-22 11:14:58.347455,SABAH,PENAMPANG,PASAR BORONG PENAMPANG,Borong,20,Sayur-Sayuran,02,002,CILI HIJAU,F.A.Q,Kilogram,12,10.63,
30877623,2026-08-22,2026-08-22 11:14:58.347455,SABAH,PENAMPANG,PASAR BORONG PENAMPANG,Borong,20,Sayur-Sayuran,02,002,CILI MERAH KULAI / KULAI HIBRID,F.A.Q,Kilogram,14,15.29,
30877624,2026-08-22,2026-08-22 11:14:58.347455,SABAH,PENAMPANG,PASAR BORONG PENAMPANG,Borong,20,Sayur-Sayuran,02,002,CILI MERAH MINYAK,F.A.Q,Kilogram,13,12,
30877625,2026-08-22,2026-08-22 11:14:58.347455,SABAH,PENAMPANG,PASAR BORONG PENAMPANG,Borong,20,Sayur-Sayuran,03,015,DAUN SUP (TANAH TINGGI),F.A.Q,Kilogram,11.5,10.25,
30877626,2026-08-22,2026-08-22 11:14:58.347455,SABAH,PENAMPANG,PASAR BORONG PENAMPANG,Borong,20,Sayur-Sayuran,04,002,KACANG BENDI,F.A.Q,Kilogram,6,6.56,
30877627,2026-08-22,2026-08-22 11:14:58.347455,SABAH,PENAMPANG,PASAR BORONG PENAMPANG,Borong,20,Sayur-Sayuran,04,003,KACANG BUNCIS,F.A.Q,Kilogram,7,10.25,
30877628,2026-08-22,2026-08-22 11:14:58.347455,SABAH,PENAMPANG,PASAR BORONG PENAMPANG,Borong,20,Sayur-Sayuran,04,007,KACANG PANJANG HIJAU,F.A.Q,Kilogram,4,3.75,
30877629,2026-08-22,2026-08-22 11:14:58.347455,SABAH,PENAMPANG,PASAR BORONG PENAMPANG,Borong,20,Sayur-Sayuran,03,019,KANGKUNG,F.A.Q,Kilogram,3,3.5,
30877630,2026-08-22,2026-08-22 11:14:58.347455,SABAH,PENAMPANG,PASAR BORONG PENAMPANG,Borong,20,Sayur-Sayuran,03,006,KUBIS BULAT (TANAH TINGGI),F.A.Q,Kilogram,4,3.5,
30877631,2026-08-22,2026-08-22 11:14:58.347455,SABAH,PENAMPANG,PASAR BORONG PENAMPANG,Borong,20,Sayur-Sayuran,03,007,SAWI HIJAU,F.A.Q,Kilogram,4,4,
30877632,2026-08-22,2026-08-22 11:14:58.347455,SABAH,PENAMPANG,PASAR BORONG PENAMPANG,Borong,20,Sayur-Sayuran,03,007,SAWI HIJAU TANAH TINGGI,F.A.Q,Kilogram,4.5,25,
30877633,2026-08-22,2026-08-22 11:14:58.347455,SABAH,PENAMPANG,PASAR BORONG PENAMPANG,Borong,20,Sayur-Sayuran,02,010,TERUNG PANJANG / PEPARU (TANAH RENDAH),F.A.Q,Kilogram,5,7.33,
30877634,2026-08-22,2026-08-22 11:14:58.347455,SABAH,PENAMPANG,PASAR BORONG PENAMPANG,Borong,20,Sayur-Sayuran,02,011,TIMUN HIJAU,F.A.Q,Kilogram,2,2.5,
30877635,2026-08-22,2026-08-22 11:14:58.347455,SABAH,PENAMPANG,PASAR BORONG PENAMPANG,Borong,20,Sayur-Sayuran,02,012,TOMATO (TANAH TINGGI),F.A.Q,Kilogram,8,6.94,
30877636,2026-08-22,2026-08-22 11:14:58.347455,SABAH,PENAMPANG,PASAR BORONG PENAMPANG,Borong,20,Sayur-Sayuran,02,012,TOMATO PLUM (TANAH TINGGI),F.A.Q,Kilogram,5.5,4,
30877637,2026-08-22,2026-08-22 11:14:58.347455,SABAH,PENAMPANG,PASAR BORONG PENAMPANG,Borong,20,Sayur-Sayuran,05,009,UBI KENTANG HOLLAND,F.A.Q,Kilogram,3.2,2.62,
30877638,2026-08-22,2026-08-22 11:15:00.208447,TERENGGANU,KUALA TERENGGANU,PASAR BORONG GONG PAUH,Borong,,Tanaman Kontan,05,001,KELAPA DIKUPAS,SEDANG,Biji,2.8,1.79,
30877639,2026-08-22,2026-08-22 11:16:04.406786,TERENGGANU,KUALA TERENGGANU,PASAR BORONG GONG PAUH,Borong,,Buah-Buahan,02,005,BETIK SEKAKI,F.A.Q,Kilogram,5.5,3.33,
30877640,2026-08-22,2026-08-22 11:16:04.47345,TERENGGANU,KUALA TERENGGANU,PASAR BORONG GONG PAUH,Borong,,Buah-Buahan,02,023,NANAS JOSAPINE (AC5),F.A.Q,Kilogram,3.5,3.5,
30877641,2026-08-22,2026-08-22 11:16:04.531838,TERENGGANU,KUALA TERENGGANU,PASAR BORONG GONG PAUH,Borong,,Buah-Buahan,02,028,PISANG BERANGAN,F.A.Q,Kilogram,6,3.93,
30877642,2026-08-22,2026-08-22 11:16:04.599997,TERENGGANU,KUALA TERENGGANU,PASAR BORONG GONG PAUH,Borong,,Buah-Buahan,02,028,PISANG MAS,F.A.Q,Kilogram,5,3.81,
30877643,2026-08-22,2026-08-22 11:16:04.676666,TERENGGANU,KUALA TERENGGANU,PASAR BORONG GONG PAUH,Borong,,Buah-Buahan,02,034,TEMBIKAI MERAH TANPA BIJI,F.A.Q,Kilogram,2.8,3.55,
30877644,2026-08-22,2026-08-22 11:16:04.730574,TERENGGANU,KUALA TERENGGANU,PASAR BORONG GONG PAUH,Borong,,Sayur-Sayuran,05,001,BAWANG BESAR KUNING / HOLLAND,F.A.Q,Kilogram,2.5,3.5,
30877645,2026-08-22,2026-08-22 11:16:04.791647,TERENGGANU,KUALA TERENGGANU,PASAR BORONG GONG PAUH,Borong,,Sayur-Sayuran,05,001,BAWANG BESAR MERAH (CHINA),F.A.Q,Kilogram,2.4,2,
30877646,2026-08-22,2026-08-22 11:16:04.851764,TERENGGANU,KUALA TERENGGANU,PASAR BORONG GONG PAUH,Borong,,Sayur-Sayuran,05,001,BAWANG BESAR MERAH (IMPORT),F.A.Q,Kilogram,2.5,2.96,
30877647,2026-08-22,2026-08-22 11:16:04.919281,TERENGGANU,KUALA TERENGGANU,PASAR BORONG GONG PAUH,Borong,,Sayur-Sayuran,05,001,BAWANG BESAR MERAH (INDIA),F.A.Q,Kilogram,2.2,2.73,
30877648,2026-08-22,2026-08-22 11:16:04.979583,TERENGGANU,KUALA TERENGGANU,PASAR BORONG GONG PAUH,Borong,,Sayur-Sayuran,05,001,BAWANG BESAR MERAH (PAKISTAN),F.A.Q,Kilogram,3,2,
30877649,2026-08-22,2026-08-22 11:16:05.036251,TERENGGANU,KUALA TERENGGANU,PASAR BORONG GONG PAUH,Borong,,Sayur-Sayuran,05,001,BAWANG MERAH / KECIL (IMPORT),F.A.Q,Kilogram,2.2,3.88,
30877650,2026-08-22,2026-08-22 11:16:05.092265,TERENGGANU,KUALA TERENGGANU,PASAR BORONG GONG PAUH,Borong,,Sayur-Sayuran,05,001,BAWANG MERAH / KECIL (INDIA),F.A.Q,Kilogram,2.5,4.61,
30877651,2026-08-22,2026-08-22 11:16:05.151085,TERENGGANU,KUALA TERENGGANU,PASAR BORONG GONG PAUH,Borong,,Sayur-Sayuran,05,001,BAWANG MERAH ROSE,F.A.Q,Kilogram,5,9.14,
30877652,2026-08-22,2026-08-22 11:16:05.211678,TERENGGANU,KUALA TERENGGANU,PASAR BORONG GONG PAUH,Borong,,Sayur-Sayuran,05,001,BAWANG PUTIH (CHINA),F.A.Q,Kilogram,6,5.98,
30877653,2026-08-22,2026-08-22 11:16:05.282599,TERENGGANU,KUALA TERENGGANU,PASAR BORONG GONG PAUH,Borong,,Sayur-Sayuran,05,009,UBI KENTANG HOLLAND,F.A.Q,Kilogram,2.5,2.62,
30877654,2026-08-22,2026-08-22 11:16:05.339464,TERENGGANU,KUALA TERENGGANU,PASAR BORONG GONG PAUH,Borong,,Ternakan,11,001,TELUR AYAM,A,Biji,0.42,0.45,
30877655,2026-08-22,2026-08-22 11:16:05.393151,TERENGGANU,KUALA TERENGGANU,PASAR BORONG GONG PAUH,Borong,,Ternakan,11,001,TELUR AYAM,B,Biji,0.36,0.43,
30877656,2026-08-22,2026-08-22 11:16:05.472274,TERENGGANU,KUALA TERENGGANU,PASAR BORONG GONG PAUH,Borong,,Ternakan,11,001,TELUR AYAM,C,Biji,0.32,0.41,
30877657,2026-08-22,2026-08-22 11:16:14.475936,PERAK,KINTA,PASAR BESAR IPOH,Runcit,26,Sayur-Sayuran,05,001,BAWANG BESAR KUNING / HOLLAND,F.A.Q,Kilogram,4.5,4.25,
30877658,2026-08-22,2026-08-22 11:16:14.475936,PERAK,KINTA,PASAR BESAR IPOH,Runcit,26,Sayur-Sayuran,05,001,BAWANG BESAR KUNING / HOLLAND,F.A.Q,Kilogram,4,4.25,
30877659,2026-08-22,2026-08-22 11:16:14.475936,PERAK,KINTA,PASAR BESAR IPOH,Runcit,26,Sayur-Sayuran,05,001,BAWANG BESAR MERAH (INDIA),F.A.Q,Kilogram,4,3.75,
30877660,2026-08-22,2026-08-22 11:16:14.475936,PERAK,KINTA,PASAR BESAR IPOH,Runcit,26,Sayur-Sayuran,05,001,BAWANG BESAR MERAH (INDIA),F.A.Q,Kilogram,3.5,3.75,
30877661,2026-08-22,2026-08-22 11:16:14.475936,PERAK,KINTA,PASAR BESAR IPOH,Runcit,26,Sayur-Sayuran,05,001,BAWANG MERAH / KECIL (THAI),F.A.Q,Kilogram,10,10,
30877662,2026-08-22,2026-08-22 11:16:14.475936,PERAK,KINTA,PASAR BESAR IPOH,Runcit,26,Sayur-Sayuran,05,001,BAWANG MERAH / KECIL (THAI),F.A.Q,Kilogram,10,10,
30877663,2026-08-22,2026-08-22 11:16:14.475936,PERAK,KINTA,PASAR BESAR IPOH,Runcit,26,Sayur-Sayuran,05,001,BAWANG PUTIH (CHINA),F.A.Q,Kilogram,10,10,
30877664,2026-08-22,2026-08-22 11:16:14.475936,PERAK,KINTA,PASAR BESAR IPOH,Runcit,26,Sayur-Sayuran,05,001,BAWANG PUTIH (CHINA),F.A.Q,Kilogram,10,10,
30877665,2026-08-22,2026-08-22 11:16:14.475936,PERAK,KINTA,PASAR BESAR IPOH,Runcit,26,Sayur-Sayuran,05,009,UBI KENTANG HOLLAND,F.A.Q,Kilogram,3.5,3.5,
30877666,2026-08-22,2026-08-22 11:16:14.475936,PERAK,KINTA,PASAR BESAR IPOH,Runcit,26,Sayur-Sayuran,05,009,UBI KENTANG HOLLAND,F.A.Q,Kilogram,3.5,3.5,
30877667,2026-08-22,2026-08-22 11:17:20.492091,TERENGGANU,KUALA TERENGGANU,PASAR BORONG GONG PAUH,Borong,,Sayur-Sayuran,03,001,BAYAM,F.A.Q,Kilogram,4.5,4.11,
30877668,2026-08-22,2026-08-22 11:17:20.550557,TERENGGANU,KUALA TERENGGANU,PASAR BORONG GONG PAUH,Borong,,Sayur-Sayuran,02,002,CILI HIJAU,F.A.Q,Kilogram,10,10.63,
30877669,2026-08-22,2026-08-22 11:17:20.608813,TERENGGANU,KUALA TERENGGANU,PASAR BORONG GONG PAUH,Borong,,Sayur-Sayuran,02,002,CILI MERAH (THAILAND),F.A.Q,Kilogram,10,8.73,
30877670,2026-08-22,2026-08-22 11:17:20.6724,TERENGGANU,KUALA TERENGGANU,PASAR BORONG GONG PAUH,Borong,,Sayur-Sayuran,02,002,CILI MERAH (VIETNAM),F.A.Q,Kilogram,12,6.98,
30877671,2026-08-22,2026-08-22 11:17:20.728715,TERENGGANU,KUALA TERENGGANU,PASAR BORONG GONG PAUH,Borong,,Sayur-Sayuran,02,002,CILI MERAH KULAI / KULAI HIBRID,F.A.Q,Kilogram,12,13.69,
30877672,2026-08-22,2026-08-22 11:17:20.789599,TERENGGANU,KUALA TERENGGANU,PASAR BORONG GONG PAUH,Borong,,Sayur-Sayuran,02,002,CILI MERAH MINYAK,F.A.Q,Kilogram,9,11.76,
30877673,2026-08-22,2026-08-22 11:17:20.85902,TERENGGANU,KUALA TERENGGANU,PASAR BORONG GONG PAUH,Borong,,Sayur-Sayuran,03,009,DAUN BAWANG,F.A.Q,Kilogram,6,9.7,
30877674,2026-08-22,2026-08-22 11:17:20.908762,TERENGGANU,KUALA TERENGGANU,PASAR BORONG GONG PAUH,Borong,,Sayur-Sayuran,03,015,DAUN SUP (TANAH TINGGI),F.A.Q,Kilogram,15,10.25,
30877675,2026-08-22,2026-08-22 11:17:20.958479,TERENGGANU,KUALA TERENGGANU,PASAR BORONG GONG PAUH,Borong,,Sayur-Sayuran,04,002,KACANG BENDI,F.A.Q,Kilogram,6,8.23,
30877676,2026-08-22,2026-08-22 11:17:21.009002,TERENGGANU,KUALA TERENGGANU,PASAR BORONG GONG PAUH,Borong,,Sayur-Sayuran,04,003,KACANG BUNCIS,F.A.Q,Kilogram,10,10.25,
30877677,2026-08-22,2026-08-22 11:17:21.068335,TERENGGANU,KUALA TERENGGANU,PASAR BORONG GONG PAUH,Borong,,Sayur-Sayuran,04,007,KACANG PANJANG HIJAU,F.A.Q,Kilogram,7,5.88,
30877678,2026-08-22,2026-08-22 11:17:21.118819,TERENGGANU,KUALA TERENGGANU,PASAR BORONG GONG PAUH,Borong,,Sayur-Sayuran,03,019,KANGKUNG,F.A.Q,Kilogram,4,3.5,
30877679,2026-08-22,2026-08-22 11:17:21.177657,TERENGGANU,KUALA TERENGGANU,PASAR BORONG GONG PAUH,Borong,,Sayur-Sayuran,03,006,KUBIS BULAT (CHINA),F.A.Q,Kilogram,3.5,2.09,
30877680,2026-08-22,2026-08-22 11:17:21.255472,TERENGGANU,KUALA TERENGGANU,PASAR BORONG GONG PAUH,Borong,,Sayur-Sayuran,03,006,KUBIS BULAT (TANAH TINGGI),F.A.Q,Kilogram,3.5,3.18,
30877681,2026-08-22,2026-08-22 11:17:21.308486,TERENGGANU,KUALA TERENGGANU,PASAR BORONG GONG PAUH,Borong,,Sayur-Sayuran,03,007,SAWI HIJAU,F.A.Q,Kilogram,5,4.43,
30877682,2026-08-22,2026-08-22 11:17:21.365856,TERENGGANU,KUALA TERENGGANU,PASAR BORONG GONG PAUH,Borong,,Sayur-Sayuran,03,007,SAWI HIJAU TANAH TINGGI,F.A.Q,Kilogram,5,25,
30877683,2026-08-22,2026-08-22 11:17:21.418138,TERENGGANU,KUALA TERENGGANU,PASAR BORONG GONG PAUH,Borong,,Sayur-Sayuran,02,010,TERUNG PANJANG / PEPARU (TANAH RENDAH),F.A.Q,Kilogram,5,7.33,
30877684,2026-08-22,2026-08-22 11:17:21.47815,TERENGGANU,KUALA TERENGGANU,PASAR BORONG GONG PAUH,Borong,,Sayur-Sayuran,02,011,TIMUN HIJAU,F.A.Q,Kilogram,2,2.57,
30877685,2026-08-22,2026-08-22 11:17:21.538494,TERENGGANU,KUALA TERENGGANU,PASAR BORONG GONG PAUH,Borong,,Sayur-Sayuran,02,012,TOMATO (TANAH TINGGI),F.A.Q,Kilogram,8,7,
30877686,2026-08-22,2026-08-22 11:17:34.986718,TERENGGANU,KUALA TERENGGANU,PASAR BORONG GONG PAUH,Borong,,Ternakan,02,003,DAGING LEMBU PEJAL,F.A.Q,Kilogram,26,40,
30877687,2026-08-22,2026-08-22 11:17:47.158524,TERENGGANU,KUALA TERENGGANU,PASAR BORONG GONG PAUH,Borong,,Ternakan,02,003,DAGING LEMBU PEJAL,F.A.Q,Kilogram,26,40,
30877688,2026-08-22,2026-08-22 11:18:08.715491,TERENGGANU,KUALA TERENGGANU,PASAR BORONG GONG PAUH,Borong,,Buah-Buahan,02,005,BETIK SEKAKI,F.A.Q,Kilogram,5.5,3.33,
30877689,2026-08-22,2026-08-22 11:18:08.780718,TERENGGANU,KUALA TERENGGANU,PASAR BORONG GONG PAUH,Borong,,Buah-Buahan,02,023,NANAS JOSAPINE (AC5),F.A.Q,Kilogram,3.5,3.5,
30877690,2026-08-22,2026-08-22 11:18:08.836461,TERENGGANU,KUALA TERENGGANU,PASAR BORONG GONG PAUH,Borong,,Buah-Buahan,02,028,PISANG BERANGAN,F.A.Q,Kilogram,5,3.93,
30877691,2026-08-22,2026-08-22 11:18:08.891436,TERENGGANU,KUALA TERENGGANU,PASAR BORONG GONG PAUH,Borong,,Buah-Buahan,02,028,PISANG MAS,F.A.Q,Kilogram,5.5,3.81,
30877692,2026-08-22,2026-08-22 11:18:08.949263,TERENGGANU,KUALA TERENGGANU,PASAR BORONG GONG PAUH,Borong,,Buah-Buahan,02,034,TEMBIKAI MERAH TANPA BIJI,F.A.Q,Kilogram,2.5,3.55,
30877693,2026-08-22,2026-08-22 11:18:45.304667,PERAK,KINTA,[PASAR BORONG] JALAN LAXAMANA,Borong,20,Buah-Buahan,02,005,BETIK SEKAKI,F.A.Q,Kilogram,4.5,4.125,
30877694,2026-08-22,2026-08-22 11:18:45.304667,PERAK,KINTA,[PASAR BORONG] JALAN LAXAMANA,Borong,20,Buah-Buahan,02,005,BETIK SEKAKI,F.A.Q,Kilogram,3.9,4.125,
30877695,2026-08-22,2026-08-22 11:18:45.304667,PERAK,KINTA,[PASAR BORONG] JALAN LAXAMANA,Borong,20,Buah-Buahan,02,023,NANAS JOSAPINE (AC5),F.A.Q,Kilogram,3,2.75,
30877696,2026-08-22,2026-08-22 11:18:45.304667,PERAK,KINTA,[PASAR BORONG] JALAN LAXAMANA,Borong,20,Buah-Buahan,02,023,NANAS JOSAPINE (AC5),F.A.Q,Kilogram,2.5,2.75,
30877697,2026-08-22,2026-08-22 11:18:45.304667,PERAK,KINTA,[PASAR BORONG] JALAN LAXAMANA,Borong,20,Buah-Buahan,02,028,PISANG BERANGAN,F.A.Q,Kilogram,4.5,4.25,
30877698,2026-08-22,2026-08-22 11:18:45.304667,PERAK,KINTA,[PASAR BORONG] JALAN LAXAMANA,Borong,20,Buah-Buahan,02,028,PISANG BERANGAN,F.A.Q,Kilogram,4,4.25,
30877699,2026-08-22,2026-08-22 11:18:45.304667,PERAK,KINTA,[PASAR BORONG] JALAN LAXAMANA,Borong,20,Buah-Buahan,02,028,PISANG MAS,F.A.Q,Kilogram,4.5,4.25,
30877700,2026-08-22,2026-08-22 11:18:45.304667,PERAK,KINTA,[PASAR BORONG] JALAN LAXAMANA,Borong,20,Buah-Buahan,02,028,PISANG MAS,F.A.Q,Kilogram,4,4.25,
30877701,2026-08-22,2026-08-22 11:18:45.304667,PERAK,KINTA,[PASAR BORONG] JALAN LAXAMANA,Borong,20,Buah-Buahan,02,034,TEMBIKAI MERAH TANPA BIJI,F.A.Q,Kilogram,2.55,2.35,
30877702,2026-08-22,2026-08-22 11:18:45.304667,PERAK,KINTA,[PASAR BORONG] JALAN LAXAMANA,Borong,20,Buah-Buahan,02,034,TEMBIKAI MERAH TANPA BIJI,F.A.Q,Kilogram,2.35,2.35,
30877703,2026-08-22,2026-08-22 11:20:09.522954,PERAK,KINTA,PASAR BESAR IPOH,Runcit,26,Buah-Buahan,02,005,BETIK SEKAKI,F.A.Q,Kilogram,6.5,6.25,
30877704,2026-08-22,2026-08-22 11:20:09.522954,PERAK,KINTA,PASAR BESAR IPOH,Runcit,26,Buah-Buahan,02,005,BETIK SEKAKI,F.A.Q,Kilogram,6,6.25,
30877705,2026-08-22,2026-08-22 11:20:09.522954,PERAK,KINTA,PASAR BESAR IPOH,Runcit,26,Buah-Buahan,02,023,NANAS JOSAPINE (AC5),F.A.Q,Kilogram,3.8,3.65,
30877706,2026-08-22,2026-08-22 11:20:09.522954,PERAK,KINTA,PASAR BESAR IPOH,Runcit,26,Buah-Buahan,02,023,NANAS JOSAPINE (AC5),F.A.Q,Kilogram,3.5,3.65,
30877707,2026-08-22,2026-08-22 11:20:09.522954,PERAK,KINTA,PASAR BESAR IPOH,Runcit,26,Buah-Buahan,02,034,TEMBIKAI MERAH TANPA BIJI,F.A.Q,Kilogram,4,3.7833333,
30877708,2026-08-22,2026-08-22 11:20:09.522954,PERAK,KINTA,PASAR BESAR IPOH,Runcit,26,Buah-Buahan,02,034,TEMBIKAI MERAH TANPA BIJI,F.A.Q,Kilogram,3.6,3.7833333,
30877709,2026-08-22,2026-08-22 11:21:21.043202,PERAK,KINTA,PASAR BESAR IPOH,Runcit,26,Buah-Buahan,02,028,PISANG BERANGAN,F.A.Q,Kilogram,7.5,7.25,
30877710,2026-08-22,2026-08-22 11:21:21.043202,PERAK,KINTA,PASAR BESAR IPOH,Runcit,26,Buah-Buahan,02,028,PISANG BERANGAN,F.A.Q,Kilogram,7,7.25,
30877711,2026-08-22,2026-08-22 11:21:21.043202,PERAK,KINTA,PASAR BESAR IPOH,Runcit,26,Buah-Buahan,02,028,PISANG MAS,F.A.Q,Kilogram,7.5,7.25,
30877712,2026-08-22,2026-08-22 11:21:21.043202,PERAK,KINTA,PASAR BESAR IPOH,Runcit,26,Buah-Buahan,02,028,PISANG MAS,F.A.Q,Kilogram,7,7.25,
30877713,2026-08-22,2026-08-22 11:22:46.770243,PERAK,KINTA,LADANG/KEBUN IPOH,Ladang,,Buah-Buahan,02,005,BETIK SEKAKI,F.A.Q,Kilogram,2.35,2.175,
30877714,2026-08-22,2026-08-22 11:22:46.770243,PERAK,KINTA,LADANG/KEBUN IPOH,Ladang,,Buah-Buahan,02,005,BETIK SEKAKI,F.A.Q,Kilogram,2,2.175,
30877715,2026-08-22,2026-08-22 11:22:46.770243,PERAK,KINTA,LADANG/KEBUN IPOH,Ladang,,Buah-Buahan,02,028,PISANG BERANGAN,F.A.Q,Kilogram,2.5,2.4,
30877716,2026-08-22,2026-08-22 11:22:46.770243,PERAK,KINTA,LADANG/KEBUN IPOH,Ladang,,Buah-Buahan,02,028,PISANG BERANGAN,F.A.Q,Kilogram,2.3,2.4,
30877717,2026-08-22,2026-08-22 11:22:46.770243,PERAK,KINTA,LADANG/KEBUN IPOH,Ladang,,Buah-Buahan,02,028,PISANG MAS,F.A.Q,Kilogram,2.5,2.35,
30877718,2026-08-22,2026-08-22 11:22:46.770243,PERAK,KINTA,LADANG/KEBUN IPOH,Ladang,,Buah-Buahan,02,028,PISANG MAS,F.A.Q,Kilogram,2.2,2.35,
30877719,2026-08-22,2026-08-22 11:24:42.00274,W.P. KUALA LUMPUR,KUALA LUMPUR,PASAR AWAM CHOW KIT,Runcit,26,Sayur-Sayuran,05,001,BAWANG BESAR KUNING / HOLLAND,F.A.Q,Kilogram,4,4.4166665,
30877720,2026-08-22,2026-08-22 11:24:42.00274,W.P. KUALA LUMPUR,KUALA LUMPUR,PASAR AWAM CHOW KIT,Runcit,26,Sayur-Sayuran,05,001,BAWANG BESAR MERAH (INDIA),F.A.Q,Kilogram,4,4,
30877721,2026-08-22,2026-08-22 11:24:42.00274,W.P. KUALA LUMPUR,KUALA LUMPUR,PASAR AWAM CHOW KIT,Runcit,26,Sayur-Sayuran,05,001,BAWANG MERAH / KECIL (INDIA),F.A.Q,Kilogram,5,5.125,
30877722,2026-08-22,2026-08-22 11:24:42.00274,W.P. KUALA LUMPUR,KUALA LUMPUR,PASAR AWAM CHOW KIT,Runcit,26,Sayur-Sayuran,05,001,BAWANG MERAH / KECIL (THAI),F.A.Q,Kilogram,10,10.916667,
30877723,2026-08-22,2026-08-22 11:24:42.00274,W.P. KUALA LUMPUR,KUALA LUMPUR,PASAR AWAM CHOW KIT,Runcit,26,Sayur-Sayuran,05,001,BAWANG MERAH ROSE,F.A.Q,Kilogram,5,5.125,
30877724,2026-08-22,2026-08-22 11:24:42.00274,W.P. KUALA LUMPUR,KUALA LUMPUR,PASAR AWAM CHOW KIT,Runcit,26,Sayur-Sayuran,05,001,BAWANG PUTIH (CHINA),F.A.Q,Kilogram,10,10,
30877725,2026-08-22,2026-08-22 11:24:42.00274,W.P. KUALA LUMPUR,KUALA LUMPUR,PASAR AWAM CHOW KIT,Runcit,26,Sayur-Sayuran,05,009,UBI KENTANG HOLLAND,F.A.Q,Kilogram,4,4,
30877726,2026-08-22,2026-08-22 11:26:48.533196,W.P. KUALA LUMPUR,KUALA LUMPUR,PASAR AWAM CHOW KIT,Runcit,26,Tanaman Kontan,05,001,KELAPA DIKUPAS,SEDANG,Biji,3.5,3.5,
30877727,2026-08-22,2026-08-22 11:26:48.533196,W.P. KUALA LUMPUR,KUALA LUMPUR,PASAR AWAM CHOW KIT,Runcit,26,Lain-Lain Makanan Proses,15,001,SANTAN PEKAT,F.A.Q,Kilogram,18,17.6,
30877728,2026-08-22,2026-08-22 11:27:04.999132,W.P. KUALA LUMPUR,KUALA LUMPUR,PASAR AWAM CHOW KIT,Runcit,26,Ternakan,01,003,AYAM HIDUP,F.A.Q,Kilogram,9,9,
30877729,2026-08-22,2026-08-22 11:27:04.999132,W.P. KUALA LUMPUR,KUALA LUMPUR,PASAR AWAM CHOW KIT,Runcit,26,Ternakan,03,002,AYAM PROSES STANDARD,F.A.Q,Kilogram,10,10.157895,
30877730,2026-08-22,2026-08-22 11:27:38.853975,W.P. KUALA LUMPUR,KUALA LUMPUR,PASAR AWAM CHOW KIT,Runcit,26,Ternakan,02,003,DAGING LEMBU PEJAL,F.A.Q,Kilogram,45,40.909092,
30877731,2026-08-22,2026-08-22 11:27:38.853975,W.P. KUALA LUMPUR,KUALA LUMPUR,PASAR AWAM CHOW KIT,Runcit,26,Ternakan,02,003,DAGING LEMBU PEJAL,F.A.Q,Kilogram,40,40.909092,
30877732,2026-08-22,2026-08-22 11:28:13.491282,W.P. KUALA LUMPUR,KUALA LUMPUR,PASAR AWAM CHOW KIT,Runcit,26,Buah-Buahan,02,005,BETIK SEKAKI,F.A.Q,Kilogram,10,4.98,
30877733,2026-08-22,2026-08-22 11:28:13.491282,W.P. KUALA LUMPUR,KUALA LUMPUR,PASAR AWAM CHOW KIT,Runcit,26,Buah-Buahan,02,023,NANAS JOSAPINE (AC5),F.A.Q,Kilogram,4,4,
30877734,2026-08-22,2026-08-22 11:28:13.491282,W.P. KUALA LUMPUR,KUALA LUMPUR,PASAR AWAM CHOW KIT,Runcit,26,Buah-Buahan,02,028,PISANG BERANGAN,F.A.Q,Kilogram,7,5.62,
30877735,2026-08-22,2026-08-22 11:28:13.491282,W.P. KUALA LUMPUR,KUALA LUMPUR,PASAR AWAM CHOW KIT,Runcit,26,Buah-Buahan,02,028,PISANG MAS,F.A.Q,Kilogram,7,5.43,
30877736,2026-08-22,2026-08-22 11:28:13.491282,W.P. KUALA LUMPUR,KUALA LUMPUR,PASAR AWAM CHOW KIT,Runcit,26,Buah-Buahan,02,034,TEMBIKAI MERAH TANPA BIJI,F.A.Q,Kilogram,4,4.9,
30877737,2026-08-22,2026-08-22 11:30:13.276906,PERAK,KINTA,PASAR BORONG KUALA PARI,Borong,20,Sayur-Sayuran,03,001,BAYAM,F.A.Q,Kilogram,2,1.9739131,
30877738,2026-08-22,2026-08-22 11:30:13.276906,PERAK,KINTA,PASAR BORONG KUALA PARI,Borong,20,Sayur-Sayuran,03,001,BAYAM,F.A.Q,Kilogram,2,1.9739131,
30877739,2026-08-22,2026-08-22 11:30:13.276906,PERAK,KINTA,PASAR BORONG KUALA PARI,Borong,20,Sayur-Sayuran,02,002,CILI HIJAU,F.A.Q,Kilogram,9,8.333333,
30877740,2026-08-22,2026-08-22 11:30:13.276906,PERAK,KINTA,PASAR BORONG KUALA PARI,Borong,20,Sayur-Sayuran,02,002,CILI HIJAU,F.A.Q,Kilogram,8,8.333333,
30877741,2026-08-22,2026-08-22 11:30:13.276906,PERAK,KINTA,PASAR BORONG KUALA PARI,Borong,20,Sayur-Sayuran,02,002,CILI MERAH KULAI / KULAI HIBRID,F.A.Q,Kilogram,13,12.833333,
30877742,2026-08-22,2026-08-22 11:30:13.276906,PERAK,KINTA,PASAR BORONG KUALA PARI,Borong,20,Sayur-Sayuran,02,002,CILI MERAH KULAI / KULAI HIBRID,F.A.Q,Kilogram,11,12.833333,
30877743,2026-08-22,2026-08-22 11:30:13.276906,PERAK,KINTA,PASAR BORONG KUALA PARI,Borong,20,Sayur-Sayuran,02,002,CILI MERAH MINYAK,F.A.Q,Kilogram,10,8.916667,
30877744,2026-08-22,2026-08-22 11:30:13.276906,PERAK,KINTA,PASAR BORONG KUALA PARI,Borong,20,Sayur-Sayuran,02,002,CILI MERAH MINYAK,F.A.Q,Kilogram,9,8.916667,
30877745,2026-08-22,2026-08-22 11:30:13.276906,PERAK,KINTA,PASAR BORONG KUALA PARI,Borong,20,Sayur-Sayuran,03,009,DAUN BAWANG,F.A.Q,Kilogram,4,3.8181818,
30877746,2026-08-22,2026-08-22 11:30:13.276906,PERAK,KINTA,PASAR BORONG KUALA PARI,Borong,20,Sayur-Sayuran,03,009,DAUN BAWANG,F.A.Q,Kilogram,3,3.8181818,
30877747,2026-08-22,2026-08-22 11:30:13.276906,PERAK,KINTA,PASAR BORONG KUALA PARI,Borong,20,Sayur-Sayuran,03,015,DAUN SUP (TANAH TINGGI),F.A.Q,Kilogram,12,13,
30877748,2026-08-22,2026-08-22 11:30:13.276906,PERAK,KINTA,PASAR BORONG KUALA PARI,Borong,20,Sayur-Sayuran,03,015,DAUN SUP (TANAH TINGGI),F.A.Q,Kilogram,11,13,
30877749,2026-08-22,2026-08-22 11:30:13.276906,PERAK,KINTA,PASAR BORONG KUALA PARI,Borong,20,Sayur-Sayuran,04,002,KACANG BENDI,F.A.Q,Kilogram,5.5,5.1041665,
30877750,2026-08-22,2026-08-22 11:30:13.276906,PERAK,KINTA,PASAR BORONG KUALA PARI,Borong,20,Sayur-Sayuran,04,002,KACANG BENDI,F.A.Q,Kilogram,5,5.1041665,
30877751,2026-08-22,2026-08-22 11:30:13.276906,PERAK,KINTA,PASAR BORONG KUALA PARI,Borong,20,Sayur-Sayuran,04,003,KACANG BUNCIS,F.A.Q,Kilogram,7,8.416667,
30877752,2026-08-22,2026-08-22 11:30:13.276906,PERAK,KINTA,PASAR BORONG KUALA PARI,Borong,20,Sayur-Sayuran,04,003,KACANG BUNCIS,F.A.Q,Kilogram,7,8.416667,
30877753,2026-08-22,2026-08-22 11:30:13.276906,PERAK,KINTA,PASAR BORONG KUALA PARI,Borong,20,Sayur-Sayuran,04,007,KACANG PANJANG HIJAU,F.A.Q,Kilogram,4.5,3.75,
30877754,2026-08-22,2026-08-22 11:30:13.276906,PERAK,KINTA,PASAR BORONG KUALA PARI,Borong,20,Sayur-Sayuran,04,007,KACANG PANJANG HIJAU,F.A.Q,Kilogram,4.5,3.75,
30877755,2026-08-22,2026-08-22 11:30:13.276906,PERAK,KINTA,PASAR BORONG KUALA PARI,Borong,20,Sayur-Sayuran,03,019,KANGKUNG,F.A.Q,Kilogram,2,1.9666667,
30877756,2026-08-22,2026-08-22 11:30:13.276906,PERAK,KINTA,PASAR BORONG KUALA PARI,Borong,20,Sayur-Sayuran,03,019,KANGKUNG,F.A.Q,Kilogram,2,1.9666667,
30877757,2026-08-22,2026-08-22 11:30:13.276906,PERAK,KINTA,PASAR BORONG KUALA PARI,Borong,20,Sayur-Sayuran,03,006,KUBIS BULAT (CHINA),F.A.Q,Kilogram,2,1.5545454,
30877758,2026-08-22,2026-08-22 11:30:13.276906,PERAK,KINTA,PASAR BORONG KUALA PARI,Borong,20,Sayur-Sayuran,03,006,KUBIS BULAT (CHINA),F.A.Q,Kilogram,1.7,1.5545454,
30877759,2026-08-22,2026-08-22 11:30:13.276906,PERAK,KINTA,PASAR BORONG KUALA PARI,Borong,20,Sayur-Sayuran,03,006,KUBIS BULAT (TANAH TINGGI),F.A.Q,Kilogram,2.5,2.2625,
30877760,2026-08-22,2026-08-22 11:30:13.276906,PERAK,KINTA,PASAR BORONG KUALA PARI,Borong,20,Sayur-Sayuran,03,006,KUBIS BULAT (TANAH TINGGI),F.A.Q,Kilogram,2.2,2.2625,
30877761,2026-08-22,2026-08-22 11:30:13.276906,PERAK,KINTA,PASAR BORONG KUALA PARI,Borong,20,Sayur-Sayuran,03,007,SAWI HIJAU TANAH TINGGI,F.A.Q,Kilogram,2.5,3.1727273,
30877762,2026-08-22,2026-08-22 11:30:13.276906,PERAK,KINTA,PASAR BORONG KUALA PARI,Borong,20,Sayur-Sayuran,03,007,SAWI HIJAU TANAH TINGGI,F.A.Q,Kilogram,2.5,3.1727273,
30877763,2026-08-22,2026-08-22 11:30:13.276906,PERAK,KINTA,PASAR BORONG KUALA PARI,Borong,20,Sayur-Sayuran,02,010,TERUNG PANJANG / PEPARU (TANAH RENDAH),F.A.Q,Kilogram,6.5,6,
30877764,2026-08-22,2026-08-22 11:30:13.276906,PERAK,KINTA,PASAR BORONG KUALA PARI,Borong,20,Sayur-Sayuran,02,010,TERUNG PANJANG / PEPARU (TANAH RENDAH),F.A.Q,Kilogram,5.5,6,
30877765,2026-08-22,2026-08-22 11:30:13.276906,PERAK,KINTA,PASAR BORONG KUALA PARI,Borong,20,Sayur-Sayuran,02,011,TIMUN HIJAU,F.A.Q,Kilogram,1.8,1.7208333,
30877766,2026-08-22,2026-08-22 11:30:13.276906,PERAK,KINTA,PASAR BORONG KUALA PARI,Borong,20,Sayur-Sayuran,02,011,TIMUN HIJAU,F.A.Q,Kilogram,1.5,1.7208333,
30877767,2026-08-22,2026-08-22 11:30:13.276906,PERAK,KINTA,PASAR BORONG KUALA PARI,Borong,20,Sayur-Sayuran,02,012,TOMATO (TANAH TINGGI),F.A.Q,Kilogram,5,6.5,
30877768,2026-08-22,2026-08-22 11:30:13.276906,PERAK,KINTA,PASAR BORONG KUALA PARI,Borong,20,Sayur-Sayuran,02,012,TOMATO (TANAH TINGGI),F.A.Q,Kilogram,4,6.5,
30877769,2026-08-22,2026-08-22 11:33:59.077092,PERAK,KINTA,PASAR BESAR IPOH,Runcit,26,Sayur-Sayuran,03,001,BAYAM,F.A.Q,Kilogram,5,5.181818,
30877770,2026-08-22,2026-08-22 11:33:59.077092,PERAK,KINTA,PASAR BESAR IPOH,Runcit,26,Sayur-Sayuran,02,002,CILI HIJAU,F.A.Q,Kilogram,13,12.333333,
30877771,2026-08-22,2026-08-22 11:33:59.077092,PERAK,KINTA,PASAR BESAR IPOH,Runcit,26,Sayur-Sayuran,02,002,CILI HIJAU,F.A.Q,Kilogram,12,12.333333,
30877772,2026-08-22,2026-08-22 11:33:59.077092,PERAK,KINTA,PASAR BESAR IPOH,Runcit,26,Sayur-Sayuran,02,002,CILI MERAH KULAI / KULAI HIBRID,F.A.Q,Kilogram,18,17.166666,
30877773,2026-08-22,2026-08-22 11:33:59.077092,PERAK,KINTA,PASAR BESAR IPOH,Runcit,26,Sayur-Sayuran,02,002,CILI MERAH KULAI / KULAI HIBRID,F.A.Q,Kilogram,16,17.166666,
30877774,2026-08-22,2026-08-22 11:33:59.077092,PERAK,KINTA,PASAR BESAR IPOH,Runcit,26,Sayur-Sayuran,02,002,CILI MERAH MINYAK,F.A.Q,Kilogram,15,14.875,
30877775,2026-08-22,2026-08-22 11:33:59.077092,PERAK,KINTA,PASAR BESAR IPOH,Runcit,26,Sayur-Sayuran,02,002,CILI MERAH MINYAK,F.A.Q,Kilogram,14,14.875,
30877776,2026-08-22,2026-08-22 11:33:59.077092,PERAK,KINTA,PASAR BESAR IPOH,Runcit,26,Sayur-Sayuran,03,009,DAUN BAWANG,F.A.Q,Kilogram,7,7.1,
30877777,2026-08-22,2026-08-22 11:33:59.077092,PERAK,KINTA,PASAR BESAR IPOH,Runcit,26,Sayur-Sayuran,03,009,DAUN BAWANG,F.A.Q,Kilogram,7,7.1,
30877778,2026-08-22,2026-08-22 11:33:59.077092,PERAK,KINTA,PASAR BESAR IPOH,Runcit,26,Sayur-Sayuran,03,015,DAUN SUP (TANAH TINGGI),F.A.Q,Kilogram,18,17.75,
30877779,2026-08-22,2026-08-22 11:33:59.077092,PERAK,KINTA,PASAR BESAR IPOH,Runcit,26,Sayur-Sayuran,03,015,DAUN SUP (TANAH TINGGI),F.A.Q,Kilogram,16,17.75,
30877780,2026-08-22,2026-08-22 11:33:59.077092,PERAK,KINTA,PASAR BESAR IPOH,Runcit,26,Sayur-Sayuran,04,002,KACANG BENDI,F.A.Q,Kilogram,9,8.291667,
30877781,2026-08-22,2026-08-22 11:33:59.077092,PERAK,KINTA,PASAR BESAR IPOH,Runcit,26,Sayur-Sayuran,04,002,KACANG BENDI,F.A.Q,Kilogram,8,8.291667,
30877782,2026-08-22,2026-08-22 11:33:59.077092,PERAK,KINTA,PASAR BESAR IPOH,Runcit,26,Sayur-Sayuran,04,003,KACANG BUNCIS,F.A.Q,Kilogram,13,13.083333,
30877783,2026-08-22,2026-08-22 11:33:59.077092,PERAK,KINTA,PASAR BESAR IPOH,Runcit,26,Sayur-Sayuran,04,003,KACANG BUNCIS,F.A.Q,Kilogram,12,13.083333,
30877784,2026-08-22,2026-08-22 11:33:59.077092,PERAK,KINTA,PASAR BESAR IPOH,Runcit,26,Sayur-Sayuran,04,007,KACANG PANJANG HIJAU,F.A.Q,Kilogram,8,7.0416665,
30877785,2026-08-22,2026-08-22 11:33:59.077092,PERAK,KINTA,PASAR BESAR IPOH,Runcit,26,Sayur-Sayuran,04,007,KACANG PANJANG HIJAU,F.A.Q,Kilogram,7,7.0416665,
30877786,2026-08-22,2026-08-22 11:33:59.077092,PERAK,KINTA,PASAR BESAR IPOH,Runcit,26,Sayur-Sayuran,03,019,KANGKUNG,F.A.Q,Kilogram,5,5.1,
30877787,2026-08-22,2026-08-22 11:33:59.077092,PERAK,KINTA,PASAR BESAR IPOH,Runcit,26,Sayur-Sayuran,03,006,KUBIS BULAT (CHINA),F.A.Q,Kilogram,3.7,3.490909,
30877788,2026-08-22,2026-08-22 11:33:59.077092,PERAK,KINTA,PASAR BESAR IPOH,Runcit,26,Sayur-Sayuran,03,006,KUBIS BULAT (CHINA),F.A.Q,Kilogram,3.5,3.490909,
30877789,2026-08-22,2026-08-22 11:33:59.077092,PERAK,KINTA,PASAR BESAR IPOH,Runcit,26,Sayur-Sayuran,03,006,KUBIS BULAT (TANAH TINGGI),F.A.Q,Kilogram,4,3.9565217,
30877790,2026-08-22,2026-08-22 11:33:59.077092,PERAK,KINTA,PASAR BESAR IPOH,Runcit,26,Sayur-Sayuran,03,006,KUBIS BULAT (TANAH TINGGI),F.A.Q,Kilogram,4,3.9565217,
30877791,2026-08-22,2026-08-22 11:33:59.077092,PERAK,KINTA,PASAR BESAR IPOH,Runcit,26,Sayur-Sayuran,03,007,SAWI HIJAU TANAH TINGGI,F.A.Q,Kilogram,6,6.0833335,
30877792,2026-08-22,2026-08-22 11:33:59.077092,PERAK,KINTA,PASAR BESAR IPOH,Runcit,26,Sayur-Sayuran,03,007,SAWI HIJAU TANAH TINGGI,F.A.Q,Kilogram,5,6.0833335,
30877793,2026-08-22,2026-08-22 11:33:59.077092,PERAK,KINTA,PASAR BESAR IPOH,Runcit,26,Sayur-Sayuran,02,010,TERUNG PANJANG / PEPARU (TANAH RENDAH),F.A.Q,Kilogram,10,9.25,
30877794,2026-08-22,2026-08-22 11:33:59.077092,PERAK,KINTA,PASAR BESAR IPOH,Runcit,26,Sayur-Sayuran,02,010,TERUNG PANJANG / PEPARU (TANAH RENDAH),F.A.Q,Kilogram,8.5,9.25,
30877795,2026-08-22,2026-08-22 11:33:59.077092,PERAK,KINTA,PASAR BESAR IPOH,Runcit,26,Sayur-Sayuran,02,011,TIMUN HIJAU,F.A.Q,Kilogram,4,3.8666666,
30877796,2026-08-22,2026-08-22 11:33:59.077092,PERAK,KINTA,PASAR BESAR IPOH,Runcit,26,Sayur-Sayuran,02,011,TIMUN HIJAU,F.A.Q,Kilogram,3.5,3.8666666,
30877797,2026-08-22,2026-08-22 11:33:59.077092,PERAK,KINTA,PASAR BESAR IPOH,Runcit,26,Sayur-Sayuran,02,012,TOMATO (TANAH TINGGI),F.A.Q,Kilogram,8,9.104167,
30877798,2026-08-22,2026-08-22 11:33:59.077092,PERAK,KINTA,PASAR BESAR IPOH,Runcit,26,Sayur-Sayuran,02,012,TOMATO (TANAH TINGGI),F.A.Q,Kilogram,7,9.104167,
30877799,2026-08-22,2026-08-22 11:35:26.452416,NEGERI SEMBILAN,SEREMBAN,[LOKASI KUTIPAN HARGA LADANG] LABU,Ladang,,Sayur-Sayuran,04,007,KACANG PANJANG HIJAU,F.A.Q,Kilogram,5.5,4.3166666,
30877800,2026-08-22,2026-08-22 11:35:54.0921,PERAK,KINTA,LADANG/KEBUN KANTHAN,Ladang,,Sayur-Sayuran,03,001,BAYAM,F.A.Q,Kilogram,1,1.2391304,
30877801,2026-08-22,2026-08-22 11:35:54.0921,PERAK,KINTA,LADANG/KEBUN KANTHAN,Ladang,,Sayur-Sayuran,03,001,BAYAM,F.A.Q,Kilogram,1,1.2391304,
30877802,2026-08-22,2026-08-22 11:35:54.0921,PERAK,KINTA,LADANG/KEBUN KANTHAN,Ladang,,Sayur-Sayuran,02,002,CILI HIJAU,F.A.Q,Kilogram,6,5.8333335,
30877803,2026-08-22,2026-08-22 11:35:54.0921,PERAK,KINTA,LADANG/KEBUN KANTHAN,Ladang,,Sayur-Sayuran,02,002,CILI HIJAU,F.A.Q,Kilogram,5.5,5.8333335,
30877804,2026-08-22,2026-08-22 11:35:54.0921,PERAK,KINTA,LADANG/KEBUN KANTHAN,Ladang,,Sayur-Sayuran,02,002,CILI MERAH KULAI / KULAI HIBRID,F.A.Q,Kilogram,8.5,8.458333,
30877805,2026-08-22,2026-08-22 11:35:54.0921,PERAK,KINTA,LADANG/KEBUN KANTHAN,Ladang,,Sayur-Sayuran,02,002,CILI MERAH KULAI / KULAI HIBRID,F.A.Q,Kilogram,7.5,8.458333,
30877806,2026-08-22,2026-08-22 11:35:54.0921,PERAK,KINTA,LADANG/KEBUN KANTHAN,Ladang,,Sayur-Sayuran,04,002,KACANG BENDI,F.A.Q,Kilogram,3.3,3.026087,
30877807,2026-08-22,2026-08-22 11:35:54.0921,PERAK,KINTA,LADANG/KEBUN KANTHAN,Ladang,,Sayur-Sayuran,04,002,KACANG BENDI,F.A.Q,Kilogram,3,3.026087,
30877808,2026-08-22,2026-08-22 11:35:54.0921,PERAK,KINTA,LADANG/KEBUN KANTHAN,Ladang,,Sayur-Sayuran,04,007,KACANG PANJANG HIJAU,F.A.Q,Kilogram,2.5,2.2916667,
30877809,2026-08-22,2026-08-22 11:35:54.0921,PERAK,KINTA,LADANG/KEBUN KANTHAN,Ladang,,Sayur-Sayuran,04,007,KACANG PANJANG HIJAU,F.A.Q,Kilogram,2.5,2.2916667,
30877810,2026-08-22,2026-08-22 11:35:54.0921,PERAK,KINTA,LADANG/KEBUN KANTHAN,Ladang,,Sayur-Sayuran,03,019,KANGKUNG,F.A.Q,Kilogram,1,1.290909,
30877811,2026-08-22,2026-08-22 11:35:54.0921,PERAK,KINTA,LADANG/KEBUN KANTHAN,Ladang,,Sayur-Sayuran,03,019,KANGKUNG,F.A.Q,Kilogram,1,1.290909,
30877812,2026-08-22,2026-08-22 11:35:54.0921,PERAK,KINTA,LADANG/KEBUN KANTHAN,Ladang,,Sayur-Sayuran,02,011,TIMUN HIJAU,F.A.Q,Kilogram,1.15,1.1916667,
30877813,2026-08-22,2026-08-22 11:35:54.0921,PERAK,KINTA,LADANG/KEBUN KANTHAN,Ladang,,Sayur-Sayuran,02,011,TIMUN HIJAU,F.A.Q,Kilogram,0.9,1.1916667,
30877814,2026-08-22,2026-08-22 11:38:01.397135,W.P. KUALA LUMPUR,KUALA LUMPUR,PASAR AWAM CHOW KIT,Runcit,26,Ternakan,11,001,TELUR AYAM,A,Biji,0.5,0.4842857,
30877815,2026-08-22,2026-08-22 11:38:01.397135,W.P. KUALA LUMPUR,KUALA LUMPUR,PASAR AWAM CHOW KIT,Runcit,26,Ternakan,11,001,TELUR AYAM,B,Biji,0.49,0.46888888,
30877816,2026-08-22,2026-08-22 11:38:01.397135,W.P. KUALA LUMPUR,KUALA LUMPUR,PASAR AWAM CHOW KIT,Runcit,26,Ternakan,11,001,TELUR AYAM,C,Biji,0.48,0.45142856,
30877817,2026-08-22,2026-08-22 11:49:23.813414,W.P. KUALA LUMPUR,KUALA LUMPUR,PASAR AWAM CHOW KIT,Runcit,26,Sayur-Sayuran,03,001,BAYAM,F.A.Q,Kilogram,4,4.52,
30877818,2026-08-22,2026-08-22 11:49:23.813414,W.P. KUALA LUMPUR,KUALA LUMPUR,PASAR AWAM CHOW KIT,Runcit,26,Sayur-Sayuran,02,002,CILI HIJAU,F.A.Q,Kilogram,10,10.357142,
30877819,2026-08-22,2026-08-22 11:49:23.813414,W.P. KUALA LUMPUR,KUALA LUMPUR,PASAR AWAM CHOW KIT,Runcit,26,Sayur-Sayuran,02,002,CILI MERAH KULAI / KULAI HIBRID,F.A.Q,Kilogram,13,14.388889,
30877820,2026-08-22,2026-08-22 11:49:23.813414,W.P. KUALA LUMPUR,KUALA LUMPUR,PASAR AWAM CHOW KIT,Runcit,26,Sayur-Sayuran,02,002,CILI MERAH MINYAK,F.A.Q,Kilogram,10,11.3529415,
30877821,2026-08-22,2026-08-22 11:49:23.813414,W.P. KUALA LUMPUR,KUALA LUMPUR,PASAR AWAM CHOW KIT,Runcit,26,Sayur-Sayuran,03,009,DAUN BAWANG,F.A.Q,Kilogram,6,8.8,
30877822,2026-08-22,2026-08-22 11:49:23.813414,W.P. KUALA LUMPUR,KUALA LUMPUR,PASAR AWAM CHOW KIT,Runcit,26,Sayur-Sayuran,03,015,DAUN SUP (TANAH TINGGI),F.A.Q,Kilogram,20,20.05,
30877823,2026-08-22,2026-08-22 11:49:23.813414,W.P. KUALA LUMPUR,KUALA LUMPUR,PASAR AWAM CHOW KIT,Runcit,26,Sayur-Sayuran,04,002,KACANG BENDI,F.A.Q,Kilogram,9,9.56,
30877824,2026-08-22,2026-08-22 11:49:23.813414,W.P. KUALA LUMPUR,KUALA LUMPUR,PASAR AWAM CHOW KIT,Runcit,26,Sayur-Sayuran,04,003,KACANG BUNCIS,F.A.Q,Kilogram,10,12.666667,
30877825,2026-08-22,2026-08-22 11:49:23.813414,W.P. KUALA LUMPUR,KUALA LUMPUR,PASAR AWAM CHOW KIT,Runcit,26,Sayur-Sayuran,04,007,KACANG PANJANG HIJAU,F.A.Q,Kilogram,8,7.28,
30877826,2026-08-22,2026-08-22 11:49:23.813414,W.P. KUALA LUMPUR,KUALA LUMPUR,PASAR AWAM CHOW KIT,Runcit,26,Sayur-Sayuran,03,019,KANGKUNG,F.A.Q,Kilogram,4,4.5,
30877827,2026-08-22,2026-08-22 11:49:23.813414,W.P. KUALA LUMPUR,KUALA LUMPUR,PASAR AWAM CHOW KIT,Runcit,26,Sayur-Sayuran,03,006,KUBIS BULAT (CHINA),F.A.Q,Kilogram,3.5,3.5,
30877828,2026-08-22,2026-08-22 11:49:23.813414,W.P. KUALA LUMPUR,KUALA LUMPUR,PASAR AWAM CHOW KIT,Runcit,26,Sayur-Sayuran,03,006,KUBIS BULAT (TANAH TINGGI),F.A.Q,Kilogram,5,5.1666665,
30877829,2026-08-22,2026-08-22 11:49:23.813414,W.P. KUALA LUMPUR,KUALA LUMPUR,PASAR AWAM CHOW KIT,Runcit,26,Sayur-Sayuran,03,007,SAWI HIJAU,F.A.Q,Kilogram,5,5.3,
30877830,2026-08-22,2026-08-22 11:49:23.813414,W.P. KUALA LUMPUR,KUALA LUMPUR,PASAR AWAM CHOW KIT,Runcit,26,Sayur-Sayuran,03,007,SAWI HIJAU TANAH TINGGI,F.A.Q,Kilogram,5,5.818182,
30877831,2026-08-22,2026-08-22 11:49:23.813414,W.P. KUALA LUMPUR,KUALA LUMPUR,PASAR AWAM CHOW KIT,Runcit,26,Sayur-Sayuran,02,010,TERUNG PANJANG / PEPARU (TANAH RENDAH),F.A.Q,Kilogram,8,8.75,
30877832,2026-08-22,2026-08-22 11:49:23.813414,W.P. KUALA LUMPUR,KUALA LUMPUR,PASAR AWAM CHOW KIT,Runcit,26,Sayur-Sayuran,02,011,TIMUN HIJAU,F.A.Q,Kilogram,3,3.9,
30877833,2026-08-22,2026-08-22 11:49:23.813414,W.P. KUALA LUMPUR,KUALA LUMPUR,PASAR AWAM CHOW KIT,Runcit,26,Sayur-Sayuran,02,012,TOMATO (TANAH TINGGI),F.A.Q,Kilogram,6,8.52,
30877834,2026-08-22,2026-08-22 11:51:16.508271,W.P. KUALA LUMPUR,KUALA LUMPUR,PASAR AWAM CHOW KIT,Runcit,26,Sayur-Sayuran,03,001,BAYAM,F.A.Q,Kilogram,4,4.52,
30877835,2026-08-22,2026-08-22 11:51:16.508271,W.P. KUALA LUMPUR,KUALA LUMPUR,PASAR AWAM CHOW KIT,Runcit,26,Sayur-Sayuran,02,002,CILI HIJAU,F.A.Q,Kilogram,8,10.357142,
30877836,2026-08-22,2026-08-22 11:51:16.508271,W.P. KUALA LUMPUR,KUALA LUMPUR,PASAR AWAM CHOW KIT,Runcit,26,Sayur-Sayuran,02,002,CILI MERAH (THAILAND),F.A.Q,Kilogram,10,10.8,
30877837,2026-08-22,2026-08-22 11:51:16.508271,W.P. KUALA LUMPUR,KUALA LUMPUR,PASAR AWAM CHOW KIT,Runcit,26,Sayur-Sayuran,02,002,CILI MERAH KULAI / KULAI HIBRID,F.A.Q,Kilogram,12,14.388889,
30877838,2026-08-22,2026-08-22 11:51:16.508271,W.P. KUALA LUMPUR,KUALA LUMPUR,PASAR AWAM CHOW KIT,Runcit,26,Sayur-Sayuran,02,002,CILI MERAH MINYAK,F.A.Q,Kilogram,10,11.3529415,
30877839,2026-08-22,2026-08-22 11:51:16.508271,W.P. KUALA LUMPUR,KUALA LUMPUR,PASAR AWAM CHOW KIT,Runcit,26,Sayur-Sayuran,03,009,DAUN BAWANG,F.A.Q,Kilogram,6,8.8,
30877840,2026-08-22,2026-08-22 11:51:16.508271,W.P. KUALA LUMPUR,KUALA LUMPUR,PASAR AWAM CHOW KIT,Runcit,26,Sayur-Sayuran,03,015,DAUN SUP (TANAH TINGGI),F.A.Q,Kilogram,17,20.05,
30877841,2026-08-22,2026-08-22 11:51:16.508271,W.P. KUALA LUMPUR,KUALA LUMPUR,PASAR AWAM CHOW KIT,Runcit,26,Sayur-Sayuran,04,002,KACANG BENDI,F.A.Q,Kilogram,8,9.56,
30877842,2026-08-22,2026-08-22 11:51:16.508271,W.P. KUALA LUMPUR,KUALA LUMPUR,PASAR AWAM CHOW KIT,Runcit,26,Sayur-Sayuran,04,003,KACANG BUNCIS,F.A.Q,Kilogram,8,12.666667,
30877843,2026-08-22,2026-08-22 11:51:16.508271,W.P. KUALA LUMPUR,KUALA LUMPUR,PASAR AWAM CHOW KIT,Runcit,26,Sayur-Sayuran,04,007,KACANG PANJANG HIJAU,F.A.Q,Kilogram,9,7.28,
30877844,2026-08-22,2026-08-22 11:51:16.508271,W.P. KUALA LUMPUR,KUALA LUMPUR,PASAR AWAM CHOW KIT,Runcit,26,Sayur-Sayuran,03,019,KANGKUNG,F.A.Q,Kilogram,4,4.5,
30877845,2026-08-22,2026-08-22 11:51:16.508271,W.P. KUALA LUMPUR,KUALA LUMPUR,PASAR AWAM CHOW KIT,Runcit,26,Sayur-Sayuran,03,006,KUBIS BULAT (CHINA),F.A.Q,Kilogram,3.5,3.5,
30877846,2026-08-22,2026-08-22 11:51:16.508271,W.P. KUALA LUMPUR,KUALA LUMPUR,PASAR AWAM CHOW KIT,Runcit,26,Sayur-Sayuran,03,006,KUBIS BULAT (TANAH TINGGI),F.A.Q,Kilogram,5,5.1666665,
30877847,2026-08-22,2026-08-22 11:51:16.508271,W.P. KUALA LUMPUR,KUALA LUMPUR,PASAR AWAM CHOW KIT,Runcit,26,Sayur-Sayuran,03,007,SAWI HIJAU,F.A.Q,Kilogram,4,5.3,
30877848,2026-08-22,2026-08-22 11:51:16.508271,W.P. KUALA LUMPUR,KUALA LUMPUR,PASAR AWAM CHOW KIT,Runcit,26,Sayur-Sayuran,03,007,SAWI HIJAU TANAH TINGGI,F.A.Q,Kilogram,5,5.818182,
30877849,2026-08-22,2026-08-22 11:51:16.508271,W.P. KUALA LUMPUR,KUALA LUMPUR,PASAR AWAM CHOW KIT,Runcit,26,Sayur-Sayuran,02,010,TERUNG PANJANG / PEPARU (TANAH RENDAH),F.A.Q,Kilogram,8,8.75,
30877850,2026-08-22,2026-08-22 11:51:16.508271,W.P. KUALA LUMPUR,KUALA LUMPUR,PASAR AWAM CHOW KIT,Runcit,26,Sayur-Sayuran,02,011,TIMUN HIJAU,F.A.Q,Kilogram,3,3.9,
30877851,2026-08-22,2026-08-22 11:51:16.508271,W.P. KUALA LUMPUR,KUALA LUMPUR,PASAR AWAM CHOW KIT,Runcit,26,Sayur-Sayuran,02,012,TOMATO (TANAH TINGGI),F.A.Q,Kilogram,6,8.52,
30877865,2026-08-22,2026-08-22 11:52:34.951673,W.P. KUALA LUMPUR,KUALA LUMPUR,PASAR AWAM CHOW KIT,Runcit,26,Sayur-Sayuran,03,001,BAYAM,F.A.Q,Kilogram,5,4.52,
30877866,2026-08-22,2026-08-22 11:52:34.951673,W.P. KUALA LUMPUR,KUALA LUMPUR,PASAR AWAM CHOW KIT,Runcit,26,Sayur-Sayuran,03,009,DAUN BAWANG,F.A.Q,Kilogram,10,8.8,
30877867,2026-08-22,2026-08-22 11:52:34.951673,W.P. KUALA LUMPUR,KUALA LUMPUR,PASAR AWAM CHOW KIT,Runcit,26,Sayur-Sayuran,03,015,DAUN SUP (TANAH TINGGI),F.A.Q,Kilogram,20,20.05,
30877868,2026-08-22,2026-08-22 11:52:34.951673,W.P. KUALA LUMPUR,KUALA LUMPUR,PASAR AWAM CHOW KIT,Runcit,26,Sayur-Sayuran,04,002,KACANG BENDI,F.A.Q,Kilogram,9,9.56,
30877869,2026-08-22,2026-08-22 11:52:34.951673,W.P. KUALA LUMPUR,KUALA LUMPUR,PASAR AWAM CHOW KIT,Runcit,26,Sayur-Sayuran,04,003,KACANG BUNCIS,F.A.Q,Kilogram,15,12.666667,
30877870,2026-08-22,2026-08-22 11:52:34.951673,W.P. KUALA LUMPUR,KUALA LUMPUR,PASAR AWAM CHOW KIT,Runcit,26,Sayur-Sayuran,04,007,KACANG PANJANG HIJAU,F.A.Q,Kilogram,9,7.28,
30877871,2026-08-22,2026-08-22 11:52:34.951673,W.P. KUALA LUMPUR,KUALA LUMPUR,PASAR AWAM CHOW KIT,Runcit,26,Sayur-Sayuran,03,019,KANGKUNG,F.A.Q,Kilogram,5,4.5,
30877872,2026-08-22,2026-08-22 11:52:34.951673,W.P. KUALA LUMPUR,KUALA LUMPUR,PASAR AWAM CHOW KIT,Runcit,26,Sayur-Sayuran,03,006,KUBIS BULAT (CHINA),F.A.Q,Kilogram,3.5,3.5,
30877873,2026-08-22,2026-08-22 11:52:34.951673,W.P. KUALA LUMPUR,KUALA LUMPUR,PASAR AWAM CHOW KIT,Runcit,26,Sayur-Sayuran,03,006,KUBIS BULAT (TANAH TINGGI),F.A.Q,Kilogram,5,5.1666665,
30877874,2026-08-22,2026-08-22 11:52:34.951673,W.P. KUALA LUMPUR,KUALA LUMPUR,PASAR AWAM CHOW KIT,Runcit,26,Sayur-Sayuran,03,007,SAWI HIJAU,F.A.Q,Kilogram,5,5.3,
30877875,2026-08-22,2026-08-22 11:52:34.951673,W.P. KUALA LUMPUR,KUALA LUMPUR,PASAR AWAM CHOW KIT,Runcit,26,Sayur-Sayuran,03,007,SAWI HIJAU TANAH TINGGI,F.A.Q,Kilogram,5,5.818182,
30877876,2026-08-22,2026-08-22 11:52:34.951673,W.P. KUALA LUMPUR,KUALA LUMPUR,PASAR AWAM CHOW KIT,Runcit,26,Sayur-Sayuran,02,010,TERUNG PANJANG / PEPARU (TANAH RENDAH),F.A.Q,Kilogram,8,8.75,
30877877,2026-08-22,2026-08-22 11:52:34.951673,W.P. KUALA LUMPUR,KUALA LUMPUR,PASAR AWAM CHOW KIT,Runcit,26,Sayur-Sayuran,02,011,TIMUN HIJAU,F.A.Q,Kilogram,3,3.9,
30877878,2026-08-22,2026-08-22 11:52:34.951673,W.P. KUALA LUMPUR,KUALA LUMPUR,PASAR AWAM CHOW KIT,Runcit,26,Sayur-Sayuran,02,012,TOMATO (TANAH TINGGI),F.A.Q,Kilogram,6,8.52,
30877928,2026-08-22,2026-08-22 13:03:54.029676,PULAU PINANG,SEBERANG PERAI TENGAH,PASAR AWAM SEBERANG JAYA,Runcit,26,Sayur-Sayuran,05,001,BAWANG BESAR KUNING / HOLLAND,F.A.Q,Kilogram,5,4.25,
30877929,2026-08-22,2026-08-22 13:03:54.029676,PULAU PINANG,SEBERANG PERAI TENGAH,PASAR AWAM SEBERANG JAYA,Runcit,26,Sayur-Sayuran,05,001,BAWANG BESAR KUNING / HOLLAND,F.A.Q,Kilogram,3,4.25,
30877930,2026-08-22,2026-08-22 13:03:54.029676,PULAU PINANG,SEBERANG PERAI TENGAH,PASAR AWAM SEBERANG JAYA,Runcit,26,Sayur-Sayuran,05,001,BAWANG BESAR MERAH (INDIA),F.A.Q,Kilogram,3.5,3.9,
30877931,2026-08-22,2026-08-22 13:03:54.029676,PULAU PINANG,SEBERANG PERAI TENGAH,PASAR AWAM SEBERANG JAYA,Runcit,26,Sayur-Sayuran,05,001,BAWANG BESAR MERAH (PAKISTAN),F.A.Q,Kilogram,3,3,
30877932,2026-08-22,2026-08-22 13:03:54.029676,PULAU PINANG,SEBERANG PERAI TENGAH,PASAR AWAM SEBERANG JAYA,Runcit,26,Sayur-Sayuran,05,001,BAWANG MERAH / KECIL (INDIA),F.A.Q,Kilogram,5,5,
30877933,2026-08-22,2026-08-22 13:03:54.029676,PULAU PINANG,SEBERANG PERAI TENGAH,PASAR AWAM SEBERANG JAYA,Runcit,26,Sayur-Sayuran,05,001,BAWANG MERAH / KECIL (THAI),F.A.Q,Kilogram,9,13.54,
30877934,2026-08-22,2026-08-22 13:03:54.029676,PULAU PINANG,SEBERANG PERAI TENGAH,PASAR AWAM SEBERANG JAYA,Runcit,26,Sayur-Sayuran,05,001,BAWANG MERAH ROSE,F.A.Q,Kilogram,6,8,
30877935,2026-08-22,2026-08-22 13:03:54.029676,PULAU PINANG,SEBERANG PERAI TENGAH,PASAR AWAM SEBERANG JAYA,Runcit,26,Sayur-Sayuran,05,001,BAWANG PUTIH (CHINA),F.A.Q,Kilogram,10,9,
30877936,2026-08-22,2026-08-22 13:03:54.029676,PULAU PINANG,SEBERANG PERAI TENGAH,PASAR AWAM SEBERANG JAYA,Runcit,26,Sayur-Sayuran,05,001,BAWANG PUTIH (CHINA),F.A.Q,Kilogram,8,9,
30877937,2026-08-22,2026-08-22 13:03:54.029676,PULAU PINANG,SEBERANG PERAI TENGAH,PASAR AWAM SEBERANG JAYA,Runcit,26,Sayur-Sayuran,05,009,UBI KENTANG (IMPORT),F.A.Q,Kilogram,4.5,4,
30877938,2026-08-22,2026-08-22 13:03:54.029676,PULAU PINANG,SEBERANG PERAI TENGAH,PASAR AWAM SEBERANG JAYA,Runcit,26,Sayur-Sayuran,05,009,UBI KENTANG HOLLAND,F.A.Q,Kilogram,3.5,3.5454545,
30877939,2026-08-22,2026-08-22 13:04:19.379366,PERLIS,PERLIS,LADANG AYAM KUBANG PERUN,Ladang,,Ternakan,01,003,AYAM HIDUP,F.A.Q,Kilogram,6.3,6.2166667,
30877940,2026-08-22,2026-08-22 13:04:37.281372,PERLIS,PERLIS,[LOKASI KUTIPAN HARGA LADANG] LADANG/KEBUN KUALA PERLIS,Ladang,,Ternakan,01,003,AYAM HIDUP,F.A.Q,Kilogram,6.3,6.2166667,
30877941,2026-08-22,2026-08-22 13:07:07.568964,SABAH,KOTA KINABALU,PASAR AWAM KOTA KINABALU - BAHAGIAN RUNCIT,Runcit,26,Sayur-Sayuran,05,001,BAWANG BESAR KUNING / HOLLAND,F.A.Q,Kilogram,6,7.33,
30877942,2026-08-22,2026-08-22 13:07:07.568964,SABAH,KOTA KINABALU,PASAR AWAM KOTA KINABALU - BAHAGIAN RUNCIT,Runcit,26,Sayur-Sayuran,05,001,BAWANG BESAR MERAH (CHINA),F.A.Q,Kilogram,5.5,6.6,
30877943,2026-08-22,2026-08-22 13:07:07.568964,SABAH,KOTA KINABALU,PASAR AWAM KOTA KINABALU - BAHAGIAN RUNCIT,Runcit,26,Sayur-Sayuran,05,001,BAWANG BESAR MERAH (INDIA),F.A.Q,Kilogram,6,5.5,
30877944,2026-08-22,2026-08-22 13:07:07.568964,SABAH,KOTA KINABALU,PASAR AWAM KOTA KINABALU - BAHAGIAN RUNCIT,Runcit,26,Sayur-Sayuran,05,001,BAWANG MERAH / KECIL (INDIA),F.A.Q,Kilogram,9.5,9.54,
30877945,2026-08-22,2026-08-22 13:07:07.568964,SABAH,KOTA KINABALU,PASAR AWAM KOTA KINABALU - BAHAGIAN RUNCIT,Runcit,26,Sayur-Sayuran,05,001,BAWANG MERAH ROSE,F.A.Q,Kilogram,11.5,12.98,
30877946,2026-08-22,2026-08-22 13:07:07.568964,SABAH,KOTA KINABALU,PASAR AWAM KOTA KINABALU - BAHAGIAN RUNCIT,Runcit,26,Sayur-Sayuran,05,001,BAWANG PUTIH (CHINA),F.A.Q,Kilogram,10,9.5,
30877947,2026-08-22,2026-08-22 13:07:07.568964,SABAH,KOTA KINABALU,PASAR AWAM KOTA KINABALU - BAHAGIAN RUNCIT,Runcit,26,Sayur-Sayuran,03,001,BAYAM,F.A.Q,Kilogram,5,5,
30877948,2026-08-22,2026-08-22 13:07:07.568964,SABAH,KOTA KINABALU,PASAR AWAM KOTA KINABALU - BAHAGIAN RUNCIT,Runcit,26,Sayur-Sayuran,02,002,CILI HIJAU,F.A.Q,Kilogram,15,13.18,
30877949,2026-08-22,2026-08-22 13:07:07.568964,SABAH,KOTA KINABALU,PASAR AWAM KOTA KINABALU - BAHAGIAN RUNCIT,Runcit,26,Sayur-Sayuran,02,002,CILI MERAH KULAI / KULAI HIBRID,F.A.Q,Kilogram,17.5,20.26,
30877950,2026-08-22,2026-08-22 13:07:07.568964,SABAH,KOTA KINABALU,PASAR AWAM KOTA KINABALU - BAHAGIAN RUNCIT,Runcit,26,Sayur-Sayuran,02,002,CILI MERAH MINYAK,F.A.Q,Kilogram,16.5,19.23,
30877951,2026-08-22,2026-08-22 13:07:07.568964,SABAH,KOTA KINABALU,PASAR AWAM KOTA KINABALU - BAHAGIAN RUNCIT,Runcit,26,Sayur-Sayuran,03,015,DAUN SUP (TANAH TINGGI),F.A.Q,Kilogram,13,13.35,
30877952,2026-08-22,2026-08-22 13:07:07.568964,SABAH,KOTA KINABALU,PASAR AWAM KOTA KINABALU - BAHAGIAN RUNCIT,Runcit,26,Sayur-Sayuran,04,002,KACANG BENDI,F.A.Q,Kilogram,7.5,9.12,
30877953,2026-08-22,2026-08-22 13:07:07.568964,SABAH,KOTA KINABALU,PASAR AWAM KOTA KINABALU - BAHAGIAN RUNCIT,Runcit,26,Sayur-Sayuran,04,003,KACANG BUNCIS,F.A.Q,Kilogram,8.5,13.06,
30877954,2026-08-22,2026-08-22 13:07:07.568964,SABAH,KOTA KINABALU,PASAR AWAM KOTA KINABALU - BAHAGIAN RUNCIT,Runcit,26,Sayur-Sayuran,04,007,KACANG PANJANG HIJAU,F.A.Q,Kilogram,5.5,8.57,
30877955,2026-08-22,2026-08-22 13:07:07.568964,SABAH,KOTA KINABALU,PASAR AWAM KOTA KINABALU - BAHAGIAN RUNCIT,Runcit,26,Sayur-Sayuran,03,019,KANGKUNG,F.A.Q,Kilogram,4.5,5.03,
30877956,2026-08-22,2026-08-22 13:07:07.568964,SABAH,KOTA KINABALU,PASAR AWAM KOTA KINABALU - BAHAGIAN RUNCIT,Runcit,26,Sayur-Sayuran,03,006,KUBIS BULAT (TANAH TINGGI),F.A.Q,Kilogram,5,5,
30877957,2026-08-22,2026-08-22 13:07:07.568964,SABAH,KOTA KINABALU,PASAR AWAM KOTA KINABALU - BAHAGIAN RUNCIT,Runcit,26,Sayur-Sayuran,03,007,SAWI HIJAU,F.A.Q,Kilogram,5,5.5,
30877958,2026-08-22,2026-08-22 13:07:07.568964,SABAH,KOTA KINABALU,PASAR AWAM KOTA KINABALU - BAHAGIAN RUNCIT,Runcit,26,Sayur-Sayuran,03,007,SAWI HIJAU TANAH TINGGI,F.A.Q,Kilogram,5.5,4,
30877959,2026-08-22,2026-08-22 13:07:07.568964,SABAH,KOTA KINABALU,PASAR AWAM KOTA KINABALU - BAHAGIAN RUNCIT,Runcit,26,Sayur-Sayuran,02,010,TERUNG PANJANG / PEPARU (IMPORT),F.A.Q,Kilogram,6.5,9,
30877960,2026-08-22,2026-08-22 13:07:07.568964,SABAH,KOTA KINABALU,PASAR AWAM KOTA KINABALU - BAHAGIAN RUNCIT,Runcit,26,Sayur-Sayuran,02,010,TERUNG PANJANG / PEPARU (TANAH RENDAH),F.A.Q,Kilogram,6.5,6,
30877961,2026-08-22,2026-08-22 13:07:07.568964,SABAH,KOTA KINABALU,PASAR AWAM KOTA KINABALU - BAHAGIAN RUNCIT,Runcit,26,Sayur-Sayuran,02,011,TIMUN HIJAU,F.A.Q,Kilogram,3.5,3.5,
30877962,2026-08-22,2026-08-22 13:07:07.568964,SABAH,KOTA KINABALU,PASAR AWAM KOTA KINABALU - BAHAGIAN RUNCIT,Runcit,26,Sayur-Sayuran,02,012,TOMATO (TANAH TINGGI),F.A.Q,Kilogram,10,8.63,
30877963,2026-08-22,2026-08-22 13:07:07.568964,SABAH,KOTA KINABALU,PASAR AWAM KOTA KINABALU - BAHAGIAN RUNCIT,Runcit,26,Sayur-Sayuran,02,012,TOMATO PLUM (TANAH TINGGI),F.A.Q,Kilogram,7,6,
30877964,2026-08-22,2026-08-22 13:07:07.568964,SABAH,KOTA KINABALU,PASAR AWAM KOTA KINABALU - BAHAGIAN RUNCIT,Runcit,26,Sayur-Sayuran,05,009,UBI KENTANG HOLLAND,F.A.Q,Kilogram,4.5,5.81,
30877965,2026-08-22,2026-08-22 13:18:47.232939,PERLIS,PERLIS,LADANG/KEBUN KAMPUNG BATU BERTANGKUP,Ladang,,Buah-Buahan,02,028,PISANG BERANGAN,F.A.Q,Kilogram,2.5,2.5,
30877966,2026-08-22,2026-08-22 13:18:47.232939,PERLIS,PERLIS,LADANG/KEBUN KAMPUNG BATU BERTANGKUP,Ladang,,Buah-Buahan,02,028,PISANG BERANGAN,F.A.Q,Kilogram,2.5,2.5,
30877967,2026-08-22,2026-08-22 13:20:41.014777,PERLIS,PERLIS,LADANG/KEBUN KAMPUNG BATU BERTANGKUP,Ladang,,Sayur-Sayuran,03,001,BAYAM,F.A.Q,Kilogram,2.2,2.1958334,
30877968,2026-08-22,2026-08-22 13:20:41.014777,PERLIS,PERLIS,LADANG/KEBUN KAMPUNG BATU BERTANGKUP,Ladang,,Sayur-Sayuran,02,002,CILI MERAH KULAI / KULAI HIBRID,F.A.Q,Kilogram,10,9.5,
30877969,2026-08-22,2026-08-22 13:20:41.014777,PERLIS,PERLIS,LADANG/KEBUN KAMPUNG BATU BERTANGKUP,Ladang,,Sayur-Sayuran,04,002,KACANG BENDI,F.A.Q,Kilogram,3.4,3.5392857,
30877970,2026-08-22,2026-08-22 13:20:41.014777,PERLIS,PERLIS,LADANG/KEBUN KAMPUNG BATU BERTANGKUP,Ladang,,Sayur-Sayuran,04,007,KACANG PANJANG HIJAU,F.A.Q,Kilogram,3,3.0375,
30877971,2026-08-22,2026-08-22 13:20:41.014777,PERLIS,PERLIS,LADANG/KEBUN KAMPUNG BATU BERTANGKUP,Ladang,,Sayur-Sayuran,03,019,KANGKUNG,F.A.Q,Kilogram,2.2,2.2,
30877972,2026-08-22,2026-08-22 13:20:41.014777,PERLIS,PERLIS,LADANG/KEBUN KAMPUNG BATU BERTANGKUP,Ladang,,Sayur-Sayuran,03,007,SAWI HIJAU,F.A.Q,Kilogram,2.2,2.0583334,
30877973,2026-08-22,2026-08-22 13:20:41.014777,PERLIS,PERLIS,LADANG/KEBUN KAMPUNG BATU BERTANGKUP,Ladang,,Sayur-Sayuran,02,010,TERUNG PANJANG / PEPARU (TANAH RENDAH),F.A.Q,Kilogram,2.7,3.0083334,
30877974,2026-08-22,2026-08-22 13:20:41.014777,PERLIS,PERLIS,LADANG/KEBUN KAMPUNG BATU BERTANGKUP,Ladang,,Sayur-Sayuran,02,011,TIMUN HIJAU,F.A.Q,Kilogram,1.5,1.5166667,
30877975,2026-08-22,2026-08-22 13:21:53.254061,PERLIS,PERLIS,[LOKASI KUTIPAN HARGA LADANG] LADANG/KEBUN KUALA PERLIS,Ladang,,Sayur-Sayuran,03,001,BAYAM,F.A.Q,Kilogram,2.2,2.1958334,
30877976,2026-08-22,2026-08-22 13:21:53.254061,PERLIS,PERLIS,[LOKASI KUTIPAN HARGA LADANG] LADANG/KEBUN KUALA PERLIS,Ladang,,Sayur-Sayuran,02,002,CILI MERAH KULAI / KULAI HIBRID,F.A.Q,Kilogram,10,9.5,
30877977,2026-08-22,2026-08-22 13:21:53.254061,PERLIS,PERLIS,[LOKASI KUTIPAN HARGA LADANG] LADANG/KEBUN KUALA PERLIS,Ladang,,Sayur-Sayuran,04,002,KACANG BENDI,F.A.Q,Kilogram,3.4,3.5392857,
30877978,2026-08-22,2026-08-22 13:21:53.254061,PERLIS,PERLIS,[LOKASI KUTIPAN HARGA LADANG] LADANG/KEBUN KUALA PERLIS,Ladang,,Sayur-Sayuran,04,007,KACANG PANJANG HIJAU,F.A.Q,Kilogram,3,3.0375,
30877979,2026-08-22,2026-08-22 13:21:53.254061,PERLIS,PERLIS,[LOKASI KUTIPAN HARGA LADANG] LADANG/KEBUN KUALA PERLIS,Ladang,,Sayur-Sayuran,03,019,KANGKUNG,F.A.Q,Kilogram,2.2,2.2,
30877980,2026-08-22,2026-08-22 13:21:53.254061,PERLIS,PERLIS,[LOKASI KUTIPAN HARGA LADANG] LADANG/KEBUN KUALA PERLIS,Ladang,,Sayur-Sayuran,03,007,SAWI HIJAU,F.A.Q,Kilogram,2.2,2.0583334,
30877981,2026-08-22,2026-08-22 13:21:53.254061,PERLIS,PERLIS,[LOKASI KUTIPAN HARGA LADANG] LADANG/KEBUN KUALA PERLIS,Ladang,,Sayur-Sayuran,02,010,TERUNG PANJANG / PEPARU (TANAH RENDAH),F.A.Q,Kilogram,3,3.0083334,
30877982,2026-08-22,2026-08-22 13:21:53.254061,PERLIS,PERLIS,[LOKASI KUTIPAN HARGA LADANG] LADANG/KEBUN KUALA PERLIS,Ladang,,Sayur-Sayuran,02,011,TIMUN HIJAU,F.A.Q,Kilogram,1.6,1.5166667,
30877983,2026-08-22,2026-08-22 13:22:50.084153,PERLIS,PERLIS,PASAR BORONG KAMPUNG BAKAU,Borong,20,Ternakan,02,003,DAGING LEMBU PEJAL,F.A.Q,Kilogram,25,25,
30877984,2026-08-22,2026-08-22 13:22:50.084153,PERLIS,PERLIS,PASAR BORONG KAMPUNG BAKAU,Borong,20,Ternakan,02,003,DAGING LEMBU PEJAL,F.A.Q,Kilogram,25,25,
30877985,2026-08-22,2026-08-22 13:23:49.061196,PERLIS,PERLIS,PASAR BORONG KAMPUNG BAKAU,Borong,20,Ternakan,01,003,AYAM HIDUP,F.A.Q,Kilogram,6.9,6.9,
30877986,2026-08-22,2026-08-22 13:23:49.061196,PERLIS,PERLIS,PASAR BORONG KAMPUNG BAKAU,Borong,20,Ternakan,01,003,AYAM HIDUP,F.A.Q,Kilogram,6.9,6.9,
30877987,2026-08-22,2026-08-22 13:23:49.061196,PERLIS,PERLIS,PASAR BORONG KAMPUNG BAKAU,Borong,20,Ternakan,03,002,AYAM PROSES STANDARD,F.A.Q,Kilogram,8.2,8.204166,
30877988,2026-08-22,2026-08-22 13:23:49.061196,PERLIS,PERLIS,PASAR BORONG KAMPUNG BAKAU,Borong,20,Ternakan,03,002,AYAM PROSES STANDARD,F.A.Q,Kilogram,8.2,8.204166,
30877989,2026-08-22,2026-08-22 13:24:26.375336,PERLIS,PERLIS,PASAR BORONG KAMPUNG BAKAU,Borong,20,Ternakan,11,001,TELUR AYAM,A,Biji,0.43,0.42,
30877990,2026-08-22,2026-08-22 13:24:26.375336,PERLIS,PERLIS,PASAR BORONG KAMPUNG BAKAU,Borong,20,Ternakan,11,001,TELUR AYAM,B,Biji,0.41,0.4025,
30877991,2026-08-22,2026-08-22 13:24:26.375336,PERLIS,PERLIS,PASAR BORONG KAMPUNG BAKAU,Borong,20,Ternakan,11,001,TELUR AYAM,C,Biji,0.39,0.37666667,
30877992,2026-08-22,2026-08-22 13:26:01.609963,PERLIS,PERLIS,PASAR BORONG KAMPUNG BAKAU,Borong,20,Sayur-Sayuran,05,001,BAWANG BESAR KUNING / HOLLAND,F.A.Q,Kilogram,2.8,2.7833333,
30877993,2026-08-22,2026-08-22 13:26:01.609963,PERLIS,PERLIS,PASAR BORONG KAMPUNG BAKAU,Borong,20,Sayur-Sayuran,05,001,BAWANG BESAR MERAH (CHINA),F.A.Q,Kilogram,3.5,3.5,
30877994,2026-08-22,2026-08-22 13:26:01.609963,PERLIS,PERLIS,PASAR BORONG KAMPUNG BAKAU,Borong,20,Sayur-Sayuran,05,001,BAWANG BESAR MERAH (IMPORT),F.A.Q,Kilogram,3,2.9666667,
30877995,2026-08-22,2026-08-22 13:26:01.609963,PERLIS,PERLIS,PASAR BORONG KAMPUNG BAKAU,Borong,20,Sayur-Sayuran,05,001,BAWANG BESAR MERAH (INDIA),F.A.Q,Kilogram,3,2.875,
30877996,2026-08-22,2026-08-22 13:26:01.609963,PERLIS,PERLIS,PASAR BORONG KAMPUNG BAKAU,Borong,20,Sayur-Sayuran,05,001,BAWANG BESAR MERAH (PAKISTAN),F.A.Q,Kilogram,4,3.8833334,
30877997,2026-08-22,2026-08-22 13:26:01.609963,PERLIS,PERLIS,PASAR BORONG KAMPUNG BAKAU,Borong,20,Sayur-Sayuran,05,001,BAWANG MERAH / KECIL (IMPORT),F.A.Q,Kilogram,4.5,4.5,
30877998,2026-08-22,2026-08-22 13:26:01.609963,PERLIS,PERLIS,PASAR BORONG KAMPUNG BAKAU,Borong,20,Sayur-Sayuran,05,001,BAWANG MERAH / KECIL (INDIA),F.A.Q,Kilogram,5,5,
30877999,2026-08-22,2026-08-22 13:26:01.609963,PERLIS,PERLIS,PASAR BORONG KAMPUNG BAKAU,Borong,20,Sayur-Sayuran,05,001,BAWANG MERAH / KECIL (PAKISTAN),F.A.Q,Kilogram,8,8,
30878000,2026-08-22,2026-08-22 13:26:01.609963,PERLIS,PERLIS,PASAR BORONG KAMPUNG BAKAU,Borong,20,Sayur-Sayuran,05,001,BAWANG MERAH / KECIL (THAI),F.A.Q,Kilogram,7,7,
30878001,2026-08-22,2026-08-22 13:26:01.609963,PERLIS,PERLIS,PASAR BORONG KAMPUNG BAKAU,Borong,20,Sayur-Sayuran,05,001,BAWANG MERAH ROSE,F.A.Q,Kilogram,7,7.1666665,
30878002,2026-08-22,2026-08-22 13:26:01.609963,PERLIS,PERLIS,PASAR BORONG KAMPUNG BAKAU,Borong,20,Sayur-Sayuran,05,001,BAWANG PUTIH (CHINA),F.A.Q,Kilogram,6.5,6.6583333,
30878003,2026-08-22,2026-08-22 13:26:01.609963,PERLIS,PERLIS,PASAR BORONG KAMPUNG BAKAU,Borong,20,Sayur-Sayuran,05,009,UBI KENTANG (IMPORT),F.A.Q,Kilogram,2.2,2.0666666,
30878004,2026-08-22,2026-08-22 13:26:01.609963,PERLIS,PERLIS,PASAR BORONG KAMPUNG BAKAU,Borong,20,Sayur-Sayuran,05,009,UBI KENTANG HOLLAND,F.A.Q,Kilogram,2.2,2.1,
30878005,2026-08-22,2026-08-22 13:27:30.088046,PERLIS,PERLIS,PASAR BORONG KAMPUNG BAKAU,Borong,20,Buah-Buahan,02,005,BETIK SEKAKI,F.A.Q,Kilogram,3.3,3.5333333,
30878006,2026-08-22,2026-08-22 13:27:30.088046,PERLIS,PERLIS,PASAR BORONG KAMPUNG BAKAU,Borong,20,Buah-Buahan,02,005,BETIK SEKAKI,F.A.Q,Kilogram,3.3,3.5333333,
30878007,2026-08-22,2026-08-22 13:27:30.088046,PERLIS,PERLIS,PASAR BORONG KAMPUNG BAKAU,Borong,20,Buah-Buahan,02,005,BETIK SEKAKI,F.A.Q,Kilogram,3.3,3.5333333,
30878008,2026-08-22,2026-08-22 13:27:30.088046,PERLIS,PERLIS,PASAR BORONG KAMPUNG BAKAU,Borong,20,Buah-Buahan,02,028,PISANG BERANGAN,F.A.Q,Kilogram,4,4,
30878009,2026-08-22,2026-08-22 13:27:30.088046,PERLIS,PERLIS,PASAR BORONG KAMPUNG BAKAU,Borong,20,Buah-Buahan,02,028,PISANG BERANGAN,F.A.Q,Kilogram,4,4,
30878010,2026-08-22,2026-08-22 13:27:30.088046,PERLIS,PERLIS,PASAR BORONG KAMPUNG BAKAU,Borong,20,Buah-Buahan,02,028,PISANG BERANGAN,F.A.Q,Kilogram,4,4,
30878011,2026-08-22,2026-08-22 13:27:30.088046,PERLIS,PERLIS,PASAR BORONG KAMPUNG BAKAU,Borong,20,Buah-Buahan,02,028,PISANG MAS,F.A.Q,Kilogram,4,4,
30878012,2026-08-22,2026-08-22 13:27:30.088046,PERLIS,PERLIS,PASAR BORONG KAMPUNG BAKAU,Borong,20,Buah-Buahan,02,028,PISANG MAS,F.A.Q,Kilogram,4,4,
30878013,2026-08-22,2026-08-22 13:27:30.088046,PERLIS,PERLIS,PASAR BORONG KAMPUNG BAKAU,Borong,20,Buah-Buahan,02,028,PISANG MAS,F.A.Q,Kilogram,4,4,
30878014,2026-08-22,2026-08-22 13:27:30.088046,PERLIS,PERLIS,PASAR BORONG KAMPUNG BAKAU,Borong,20,Buah-Buahan,02,034,TEMBIKAI MERAH TANPA BIJI,F.A.Q,Kilogram,3,3,
30878015,2026-08-22,2026-08-22 13:27:30.088046,PERLIS,PERLIS,PASAR BORONG KAMPUNG BAKAU,Borong,20,Buah-Buahan,02,034,TEMBIKAI MERAH TANPA BIJI,F.A.Q,Kilogram,3,3,
30878016,2026-08-22,2026-08-22 13:27:30.088046,PERLIS,PERLIS,PASAR BORONG KAMPUNG BAKAU,Borong,20,Buah-Buahan,02,034,TEMBIKAI MERAH TANPA BIJI,F.A.Q,Kilogram,3,3,
30878017,2026-08-22,2026-08-22 13:28:09.716538,PERLIS,PERLIS,,Borong,20,Tanaman Kontan,05,001,KELAPA DIKUPAS,SEDANG,Biji,1.8,1.8,
30878018,2026-08-22,2026-08-22 13:28:09.716538,PERLIS,PERLIS,,Borong,20,Tanaman Kontan,05,001,KELAPA DIKUPAS,SEDANG,Biji,1.8,1.8,
30878019,2026-08-22,2026-08-22 13:28:09.716538,PERLIS,PERLIS,,Borong,20,Tanaman Kontan,05,001,KELAPA DIKUPAS,SEDANG,Biji,1.8,1.8,
30878020,2026-08-22,2026-08-22 13:28:09.716538,PERLIS,PERLIS,,Borong,20,Tanaman Kontan,05,001,KELAPA DIKUPAS,SEDANG,Biji,1.8,1.8,
30878021,2026-08-22,2026-08-22 13:37:05.16935,PERLIS,PERLIS,PASAR BORONG KAMPUNG BAKAU,Borong,20,Sayur-Sayuran,03,001,BAYAM,F.A.Q,Kilogram,4,4.0833335,
30878022,2026-08-22,2026-08-22 13:37:05.16935,PERLIS,PERLIS,PASAR BORONG KAMPUNG BAKAU,Borong,20,Sayur-Sayuran,03,001,BAYAM,F.A.Q,Kilogram,4,4.0833335,
30878023,2026-08-22,2026-08-22 13:37:05.16935,PERLIS,PERLIS,PASAR BORONG KAMPUNG BAKAU,Borong,20,Sayur-Sayuran,03,001,BAYAM,F.A.Q,Kilogram,4,4.0833335,
30878024,2026-08-22,2026-08-22 13:37:05.16935,PERLIS,PERLIS,PASAR BORONG KAMPUNG BAKAU,Borong,20,Sayur-Sayuran,03,001,BAYAM,F.A.Q,Kilogram,4,4.0833335,
30878025,2026-08-22,2026-08-22 13:37:05.16935,PERLIS,PERLIS,PASAR BORONG KAMPUNG BAKAU,Borong,20,Sayur-Sayuran,02,002,CILI MERAH (THAILAND),F.A.Q,Kilogram,8,8.333333,
30878026,2026-08-22,2026-08-22 13:37:05.16935,PERLIS,PERLIS,PASAR BORONG KAMPUNG BAKAU,Borong,20,Sayur-Sayuran,02,002,CILI MERAH (THAILAND),F.A.Q,Kilogram,8,8.333333,
30878027,2026-08-22,2026-08-22 13:37:05.16935,PERLIS,PERLIS,PASAR BORONG KAMPUNG BAKAU,Borong,20,Sayur-Sayuran,02,002,CILI MERAH (THAILAND),F.A.Q,Kilogram,8,8.333333,
30878028,2026-08-22,2026-08-22 13:37:05.16935,PERLIS,PERLIS,PASAR BORONG KAMPUNG BAKAU,Borong,20,Sayur-Sayuran,02,002,CILI MERAH (THAILAND),F.A.Q,Kilogram,8,8.333333,
30878029,2026-08-22,2026-08-22 13:37:05.16935,PERLIS,PERLIS,PASAR BORONG KAMPUNG BAKAU,Borong,20,Sayur-Sayuran,02,002,CILI MERAH (VIETNAM),F.A.Q,Kilogram,7,7.1666665,
30878030,2026-08-22,2026-08-22 13:37:05.16935,PERLIS,PERLIS,PASAR BORONG KAMPUNG BAKAU,Borong,20,Sayur-Sayuran,02,002,CILI MERAH (VIETNAM),F.A.Q,Kilogram,7,7.1666665,
30878031,2026-08-22,2026-08-22 13:37:05.16935,PERLIS,PERLIS,PASAR BORONG KAMPUNG BAKAU,Borong,20,Sayur-Sayuran,02,002,CILI MERAH (VIETNAM),F.A.Q,Kilogram,7,7.1666665,
30878032,2026-08-22,2026-08-22 13:37:05.16935,PERLIS,PERLIS,PASAR BORONG KAMPUNG BAKAU,Borong,20,Sayur-Sayuran,02,002,CILI MERAH (VIETNAM),F.A.Q,Kilogram,7,7.1666665,
30878033,2026-08-22,2026-08-22 13:37:05.16935,PERLIS,PERLIS,PASAR BORONG KAMPUNG BAKAU,Borong,20,Sayur-Sayuran,02,002,CILI MERAH KULAI / KULAI HIBRID,F.A.Q,Kilogram,13,13.583333,
30878034,2026-08-22,2026-08-22 13:37:05.16935,PERLIS,PERLIS,PASAR BORONG KAMPUNG BAKAU,Borong,20,Sayur-Sayuran,02,002,CILI MERAH KULAI / KULAI HIBRID,F.A.Q,Kilogram,13,13.583333,
30878035,2026-08-22,2026-08-22 13:37:05.16935,PERLIS,PERLIS,PASAR BORONG KAMPUNG BAKAU,Borong,20,Sayur-Sayuran,02,002,CILI MERAH KULAI / KULAI HIBRID,F.A.Q,Kilogram,13,13.583333,
30878036,2026-08-22,2026-08-22 13:37:05.16935,PERLIS,PERLIS,PASAR BORONG KAMPUNG BAKAU,Borong,20,Sayur-Sayuran,02,002,CILI MERAH KULAI / KULAI HIBRID,F.A.Q,Kilogram,13,13.583333,
30878037,2026-08-22,2026-08-22 13:37:05.16935,PERLIS,PERLIS,PASAR BORONG KAMPUNG BAKAU,Borong,20,Sayur-Sayuran,02,002,CILI MERAH MINYAK,F.A.Q,Kilogram,9,9,
30878038,2026-08-22,2026-08-22 13:37:05.16935,PERLIS,PERLIS,PASAR BORONG KAMPUNG BAKAU,Borong,20,Sayur-Sayuran,02,002,CILI MERAH MINYAK,F.A.Q,Kilogram,9,9,
30878039,2026-08-22,2026-08-22 13:37:05.16935,PERLIS,PERLIS,PASAR BORONG KAMPUNG BAKAU,Borong,20,Sayur-Sayuran,02,002,CILI MERAH MINYAK,F.A.Q,Kilogram,9,9,
30878040,2026-08-22,2026-08-22 13:37:05.16935,PERLIS,PERLIS,PASAR BORONG KAMPUNG BAKAU,Borong,20,Sayur-Sayuran,02,002,CILI MERAH MINYAK,F.A.Q,Kilogram,9,9,
30878041,2026-08-22,2026-08-22 13:37:05.16935,PERLIS,PERLIS,PASAR BORONG KAMPUNG BAKAU,Borong,20,Sayur-Sayuran,03,009,DAUN BAWANG,F.A.Q,Kilogram,6,6,
30878042,2026-08-22,2026-08-22 13:37:05.16935,PERLIS,PERLIS,PASAR BORONG KAMPUNG BAKAU,Borong,20,Sayur-Sayuran,03,009,DAUN BAWANG,F.A.Q,Kilogram,6,6,
30878043,2026-08-22,2026-08-22 13:37:05.16935,PERLIS,PERLIS,PASAR BORONG KAMPUNG BAKAU,Borong,20,Sayur-Sayuran,03,009,DAUN BAWANG,F.A.Q,Kilogram,6,6,
30878044,2026-08-22,2026-08-22 13:37:05.16935,PERLIS,PERLIS,PASAR BORONG KAMPUNG BAKAU,Borong,20,Sayur-Sayuran,03,009,DAUN BAWANG,F.A.Q,Kilogram,6,6,
30878045,2026-08-22,2026-08-22 13:37:05.16935,PERLIS,PERLIS,PASAR BORONG KAMPUNG BAKAU,Borong,20,Sayur-Sayuran,03,009,DAUN BAWANG (IMPORT),F.A.Q,Kilogram,8,7.6666665,
30878046,2026-08-22,2026-08-22 13:37:05.16935,PERLIS,PERLIS,PASAR BORONG KAMPUNG BAKAU,Borong,20,Sayur-Sayuran,03,009,DAUN BAWANG (IMPORT),F.A.Q,Kilogram,8,7.6666665,
30878047,2026-08-22,2026-08-22 13:37:05.16935,PERLIS,PERLIS,PASAR BORONG KAMPUNG BAKAU,Borong,20,Sayur-Sayuran,03,009,DAUN BAWANG (IMPORT),F.A.Q,Kilogram,8,7.6666665,
30878048,2026-08-22,2026-08-22 13:37:05.16935,PERLIS,PERLIS,PASAR BORONG KAMPUNG BAKAU,Borong,20,Sayur-Sayuran,03,009,DAUN BAWANG (IMPORT),F.A.Q,Kilogram,8,7.6666665,
30878049,2026-08-22,2026-08-22 13:37:05.16935,PERLIS,PERLIS,PASAR BORONG KAMPUNG BAKAU,Borong,20,Sayur-Sayuran,03,015,DAUN SUP (IMPORT),F.A.Q,Kilogram,9,10,
30878050,2026-08-22,2026-08-22 13:37:05.16935,PERLIS,PERLIS,PASAR BORONG KAMPUNG BAKAU,Borong,20,Sayur-Sayuran,03,015,DAUN SUP (IMPORT),F.A.Q,Kilogram,9,10,
30878051,2026-08-22,2026-08-22 13:37:05.16935,PERLIS,PERLIS,PASAR BORONG KAMPUNG BAKAU,Borong,20,Sayur-Sayuran,03,015,DAUN SUP (IMPORT),F.A.Q,Kilogram,9,10,
30878052,2026-08-22,2026-08-22 13:37:05.16935,PERLIS,PERLIS,PASAR BORONG KAMPUNG BAKAU,Borong,20,Sayur-Sayuran,03,015,DAUN SUP (IMPORT),F.A.Q,Kilogram,9,10,
30878053,2026-08-22,2026-08-22 13:37:05.16935,PERLIS,PERLIS,PASAR BORONG KAMPUNG BAKAU,Borong,20,Sayur-Sayuran,03,015,DAUN SUP (TANAH TINGGI),F.A.Q,Kilogram,13,12.333333,
30878054,2026-08-22,2026-08-22 13:37:05.16935,PERLIS,PERLIS,PASAR BORONG KAMPUNG BAKAU,Borong,20,Sayur-Sayuran,03,015,DAUN SUP (TANAH TINGGI),F.A.Q,Kilogram,13,12.333333,
30878055,2026-08-22,2026-08-22 13:37:05.16935,PERLIS,PERLIS,PASAR BORONG KAMPUNG BAKAU,Borong,20,Sayur-Sayuran,03,015,DAUN SUP (TANAH TINGGI),F.A.Q,Kilogram,13,12.333333,
30878056,2026-08-22,2026-08-22 13:37:05.16935,PERLIS,PERLIS,PASAR BORONG KAMPUNG BAKAU,Borong,20,Sayur-Sayuran,03,015,DAUN SUP (TANAH TINGGI),F.A.Q,Kilogram,13,12.333333,
30878057,2026-08-22,2026-08-22 13:37:05.16935,PERLIS,PERLIS,PASAR BORONG KAMPUNG BAKAU,Borong,20,Sayur-Sayuran,04,002,KACANG BENDI,F.A.Q,Kilogram,6,5.375,
30878058,2026-08-22,2026-08-22 13:37:05.16935,PERLIS,PERLIS,PASAR BORONG KAMPUNG BAKAU,Borong,20,Sayur-Sayuran,04,002,KACANG BENDI,F.A.Q,Kilogram,6,5.375,
30878059,2026-08-22,2026-08-22 13:37:05.16935,PERLIS,PERLIS,PASAR BORONG KAMPUNG BAKAU,Borong,20,Sayur-Sayuran,04,002,KACANG BENDI,F.A.Q,Kilogram,6,5.375,
30878060,2026-08-22,2026-08-22 13:37:05.16935,PERLIS,PERLIS,PASAR BORONG KAMPUNG BAKAU,Borong,20,Sayur-Sayuran,04,002,KACANG BENDI,F.A.Q,Kilogram,6,5.375,
30878061,2026-08-22,2026-08-22 13:37:05.16935,PERLIS,PERLIS,PASAR BORONG KAMPUNG BAKAU,Borong,20,Sayur-Sayuran,04,003,KACANG BUNCIS,F.A.Q,Kilogram,11,11.5,
30878062,2026-08-22,2026-08-22 13:37:05.16935,PERLIS,PERLIS,PASAR BORONG KAMPUNG BAKAU,Borong,20,Sayur-Sayuran,04,003,KACANG BUNCIS,F.A.Q,Kilogram,11,11.5,
30878063,2026-08-22,2026-08-22 13:37:05.16935,PERLIS,PERLIS,PASAR BORONG KAMPUNG BAKAU,Borong,20,Sayur-Sayuran,04,003,KACANG BUNCIS,F.A.Q,Kilogram,11,11.5,
30878064,2026-08-22,2026-08-22 13:37:05.16935,PERLIS,PERLIS,PASAR BORONG KAMPUNG BAKAU,Borong,20,Sayur-Sayuran,04,003,KACANG BUNCIS,F.A.Q,Kilogram,11,11.5,
30878065,2026-08-22,2026-08-22 13:37:05.16935,PERLIS,PERLIS,PASAR BORONG KAMPUNG BAKAU,Borong,20,Sayur-Sayuran,04,003,KACANG BUNCIS (IMPORT),F.A.Q,Kilogram,9,9,
30878066,2026-08-22,2026-08-22 13:37:05.16935,PERLIS,PERLIS,PASAR BORONG KAMPUNG BAKAU,Borong,20,Sayur-Sayuran,04,003,KACANG BUNCIS (IMPORT),F.A.Q,Kilogram,9,9,
30878067,2026-08-22,2026-08-22 13:37:05.16935,PERLIS,PERLIS,PASAR BORONG KAMPUNG BAKAU,Borong,20,Sayur-Sayuran,04,003,KACANG BUNCIS (IMPORT),F.A.Q,Kilogram,9,9,
30878068,2026-08-22,2026-08-22 13:37:05.16935,PERLIS,PERLIS,PASAR BORONG KAMPUNG BAKAU,Borong,20,Sayur-Sayuran,04,003,KACANG BUNCIS (IMPORT),F.A.Q,Kilogram,9,9,
30878069,2026-08-22,2026-08-22 13:37:05.16935,PERLIS,PERLIS,PASAR BORONG KAMPUNG BAKAU,Borong,20,Sayur-Sayuran,04,007,KACANG PANJANG (IMPORT),F.A.Q,Kilogram,6,6,
30878070,2026-08-22,2026-08-22 13:37:05.16935,PERLIS,PERLIS,PASAR BORONG KAMPUNG BAKAU,Borong,20,Sayur-Sayuran,04,007,KACANG PANJANG (IMPORT),F.A.Q,Kilogram,6,6,
30878071,2026-08-22,2026-08-22 13:37:05.16935,PERLIS,PERLIS,PASAR BORONG KAMPUNG BAKAU,Borong,20,Sayur-Sayuran,04,007,KACANG PANJANG (IMPORT),F.A.Q,Kilogram,6,6,
30878072,2026-08-22,2026-08-22 13:37:05.16935,PERLIS,PERLIS,PASAR BORONG KAMPUNG BAKAU,Borong,20,Sayur-Sayuran,04,007,KACANG PANJANG (IMPORT),F.A.Q,Kilogram,6,6,
30878073,2026-08-22,2026-08-22 13:37:05.16935,PERLIS,PERLIS,PASAR BORONG KAMPUNG BAKAU,Borong,20,Sayur-Sayuran,04,007,KACANG PANJANG HIJAU,F.A.Q,Kilogram,5,5,
30878074,2026-08-22,2026-08-22 13:37:05.16935,PERLIS,PERLIS,PASAR BORONG KAMPUNG BAKAU,Borong,20,Sayur-Sayuran,04,007,KACANG PANJANG HIJAU,F.A.Q,Kilogram,5,5,
30878075,2026-08-22,2026-08-22 13:37:05.16935,PERLIS,PERLIS,PASAR BORONG KAMPUNG BAKAU,Borong,20,Sayur-Sayuran,04,007,KACANG PANJANG HIJAU,F.A.Q,Kilogram,5,5,
30878076,2026-08-22,2026-08-22 13:37:05.16935,PERLIS,PERLIS,PASAR BORONG KAMPUNG BAKAU,Borong,20,Sayur-Sayuran,04,007,KACANG PANJANG HIJAU,F.A.Q,Kilogram,5,5,
30878077,2026-08-22,2026-08-22 13:37:05.16935,PERLIS,PERLIS,PASAR BORONG KAMPUNG BAKAU,Borong,20,Sayur-Sayuran,03,019,KANGKUNG,F.A.Q,Kilogram,4,4.25,
30878078,2026-08-22,2026-08-22 13:37:05.16935,PERLIS,PERLIS,PASAR BORONG KAMPUNG BAKAU,Borong,20,Sayur-Sayuran,03,019,KANGKUNG,F.A.Q,Kilogram,4,4.25,
30878079,2026-08-22,2026-08-22 13:37:05.16935,PERLIS,PERLIS,PASAR BORONG KAMPUNG BAKAU,Borong,20,Sayur-Sayuran,03,019,KANGKUNG,F.A.Q,Kilogram,4,4.25,
30878080,2026-08-22,2026-08-22 13:37:05.16935,PERLIS,PERLIS,PASAR BORONG KAMPUNG BAKAU,Borong,20,Sayur-Sayuran,03,019,KANGKUNG,F.A.Q,Kilogram,4,4.25,
30878081,2026-08-22,2026-08-22 13:37:05.16935,PERLIS,PERLIS,PASAR BORONG KAMPUNG BAKAU,Borong,20,Sayur-Sayuran,03,006,KUBIS BULAT (CHINA),F.A.Q,Kilogram,2.5,2.3333333,
30878082,2026-08-22,2026-08-22 13:37:05.16935,PERLIS,PERLIS,PASAR BORONG KAMPUNG BAKAU,Borong,20,Sayur-Sayuran,03,006,KUBIS BULAT (CHINA),F.A.Q,Kilogram,2.5,2.3333333,
30878083,2026-08-22,2026-08-22 13:37:05.16935,PERLIS,PERLIS,PASAR BORONG KAMPUNG BAKAU,Borong,20,Sayur-Sayuran,03,006,KUBIS BULAT (CHINA),F.A.Q,Kilogram,2.5,2.3333333,
30878084,2026-08-22,2026-08-22 13:37:05.16935,PERLIS,PERLIS,PASAR BORONG KAMPUNG BAKAU,Borong,20,Sayur-Sayuran,03,006,KUBIS BULAT (CHINA),F.A.Q,Kilogram,2.5,2.3333333,
30878085,2026-08-22,2026-08-22 13:37:05.16935,PERLIS,PERLIS,PASAR BORONG KAMPUNG BAKAU,Borong,20,Sayur-Sayuran,03,007,SAWI HIJAU,F.A.Q,Kilogram,4,4,
30878086,2026-08-22,2026-08-22 13:37:05.16935,PERLIS,PERLIS,PASAR BORONG KAMPUNG BAKAU,Borong,20,Sayur-Sayuran,03,007,SAWI HIJAU,F.A.Q,Kilogram,4,4,
30878087,2026-08-22,2026-08-22 13:37:05.16935,PERLIS,PERLIS,PASAR BORONG KAMPUNG BAKAU,Borong,20,Sayur-Sayuran,03,007,SAWI HIJAU,F.A.Q,Kilogram,4,4,
30878088,2026-08-22,2026-08-22 13:37:05.16935,PERLIS,PERLIS,PASAR BORONG KAMPUNG BAKAU,Borong,20,Sayur-Sayuran,03,007,SAWI HIJAU,F.A.Q,Kilogram,4,4,
30878089,2026-08-22,2026-08-22 13:37:05.16935,PERLIS,PERLIS,PASAR BORONG KAMPUNG BAKAU,Borong,20,Sayur-Sayuran,03,007,SAWI HIJAU (IMPORT),F.A.Q,Kilogram,4,3.75,
30878090,2026-08-22,2026-08-22 13:37:05.16935,PERLIS,PERLIS,PASAR BORONG KAMPUNG BAKAU,Borong,20,Sayur-Sayuran,03,007,SAWI HIJAU (IMPORT),F.A.Q,Kilogram,4,3.75,
30878091,2026-08-22,2026-08-22 13:37:05.337061,PERLIS,PERLIS,PASAR BORONG KAMPUNG BAKAU,Borong,20,Sayur-Sayuran,03,007,SAWI HIJAU (IMPORT),F.A.Q,Kilogram,4,3.75,
30878092,2026-08-22,2026-08-22 13:37:05.337061,PERLIS,PERLIS,PASAR BORONG KAMPUNG BAKAU,Borong,20,Sayur-Sayuran,03,007,SAWI HIJAU (IMPORT),F.A.Q,Kilogram,4,3.75,
30878093,2026-08-22,2026-08-22 13:37:05.337061,PERLIS,PERLIS,PASAR BORONG KAMPUNG BAKAU,Borong,20,Sayur-Sayuran,03,007,SAWI HIJAU TANAH TINGGI,F.A.Q,Kilogram,3,3.0833333,
30878094,2026-08-22,2026-08-22 13:37:05.337061,PERLIS,PERLIS,PASAR BORONG KAMPUNG BAKAU,Borong,20,Sayur-Sayuran,03,007,SAWI HIJAU TANAH TINGGI,F.A.Q,Kilogram,3,3.0833333,
30878095,2026-08-22,2026-08-22 13:37:05.337061,PERLIS,PERLIS,PASAR BORONG KAMPUNG BAKAU,Borong,20,Sayur-Sayuran,03,007,SAWI HIJAU TANAH TINGGI,F.A.Q,Kilogram,3,3.0833333,
30878096,2026-08-22,2026-08-22 13:37:05.337061,PERLIS,PERLIS,PASAR BORONG KAMPUNG BAKAU,Borong,20,Sayur-Sayuran,03,007,SAWI HIJAU TANAH TINGGI,F.A.Q,Kilogram,3,3.0833333,
30878097,2026-08-22,2026-08-22 13:37:05.337061,PERLIS,PERLIS,PASAR BORONG KAMPUNG BAKAU,Borong,20,Sayur-Sayuran,02,010,TERUNG PANJANG / PEPARU (IMPORT),F.A.Q,Kilogram,5,5,
30878098,2026-08-22,2026-08-22 13:37:05.337061,PERLIS,PERLIS,PASAR BORONG KAMPUNG BAKAU,Borong,20,Sayur-Sayuran,02,010,TERUNG PANJANG / PEPARU (IMPORT),F.A.Q,Kilogram,5,5,
30878099,2026-08-22,2026-08-22 13:37:05.337061,PERLIS,PERLIS,PASAR BORONG KAMPUNG BAKAU,Borong,20,Sayur-Sayuran,02,010,TERUNG PANJANG / PEPARU (IMPORT),F.A.Q,Kilogram,5,5,
30878100,2026-08-22,2026-08-22 13:37:05.337061,PERLIS,PERLIS,PASAR BORONG KAMPUNG BAKAU,Borong,20,Sayur-Sayuran,02,010,TERUNG PANJANG / PEPARU (IMPORT),F.A.Q,Kilogram,5,5,
30878101,2026-08-22,2026-08-22 13:37:05.337061,PERLIS,PERLIS,PASAR BORONG KAMPUNG BAKAU,Borong,20,Sayur-Sayuran,02,010,TERUNG PANJANG / PEPARU (TANAH RENDAH),F.A.Q,Kilogram,5,5,
30878102,2026-08-22,2026-08-22 13:37:05.337061,PERLIS,PERLIS,PASAR BORONG KAMPUNG BAKAU,Borong,20,Sayur-Sayuran,02,010,TERUNG PANJANG / PEPARU (TANAH RENDAH),F.A.Q,Kilogram,5,5,
30878103,2026-08-22,2026-08-22 13:37:05.337061,PERLIS,PERLIS,PASAR BORONG KAMPUNG BAKAU,Borong,20,Sayur-Sayuran,02,010,TERUNG PANJANG / PEPARU (TANAH RENDAH),F.A.Q,Kilogram,5,5,
30878104,2026-08-22,2026-08-22 13:37:05.337061,PERLIS,PERLIS,PASAR BORONG KAMPUNG BAKAU,Borong,20,Sayur-Sayuran,02,010,TERUNG PANJANG / PEPARU (TANAH RENDAH),F.A.Q,Kilogram,5,5,
30878105,2026-08-22,2026-08-22 13:37:05.337061,PERLIS,PERLIS,PASAR BORONG KAMPUNG BAKAU,Borong,20,Sayur-Sayuran,02,011,TIMUN HIJAU,F.A.Q,Kilogram,2.5,2.5541666,
30878106,2026-08-22,2026-08-22 13:37:05.337061,PERLIS,PERLIS,PASAR BORONG KAMPUNG BAKAU,Borong,20,Sayur-Sayuran,02,011,TIMUN HIJAU,F.A.Q,Kilogram,2.5,2.5541666,
30878107,2026-08-22,2026-08-22 13:37:05.337061,PERLIS,PERLIS,PASAR BORONG KAMPUNG BAKAU,Borong,20,Sayur-Sayuran,02,011,TIMUN HIJAU,F.A.Q,Kilogram,2.5,2.5541666,
30878108,2026-08-22,2026-08-22 13:37:05.337061,PERLIS,PERLIS,PASAR BORONG KAMPUNG BAKAU,Borong,20,Sayur-Sayuran,02,011,TIMUN HIJAU,F.A.Q,Kilogram,2.5,2.5541666,
30878109,2026-08-22,2026-08-22 13:37:05.337061,PERLIS,PERLIS,PASAR BORONG KAMPUNG BAKAU,Borong,20,Sayur-Sayuran,02,011,TIMUN HIJAU (IMPORT),F.A.Q,Kilogram,3,3,
30878110,2026-08-22,2026-08-22 13:37:05.337061,PERLIS,PERLIS,PASAR BORONG KAMPUNG BAKAU,Borong,20,Sayur-Sayuran,02,011,TIMUN HIJAU (IMPORT),F.A.Q,Kilogram,3,3,
30878111,2026-08-22,2026-08-22 13:37:05.337061,PERLIS,PERLIS,PASAR BORONG KAMPUNG BAKAU,Borong,20,Sayur-Sayuran,02,011,TIMUN HIJAU (IMPORT),F.A.Q,Kilogram,3,3,
30878112,2026-08-22,2026-08-22 13:37:05.337061,PERLIS,PERLIS,PASAR BORONG KAMPUNG BAKAU,Borong,20,Sayur-Sayuran,02,011,TIMUN HIJAU (IMPORT),F.A.Q,Kilogram,3,3,
30878113,2026-08-22,2026-08-22 13:37:05.337061,PERLIS,PERLIS,PASAR BORONG KAMPUNG BAKAU,Borong,20,Sayur-Sayuran,02,012,TOMATO (TANAH TINGGI),F.A.Q,Kilogram,5,5.2604165,
30878114,2026-08-22,2026-08-22 13:37:05.337061,PERLIS,PERLIS,PASAR BORONG KAMPUNG BAKAU,Borong,20,Sayur-Sayuran,02,012,TOMATO (TANAH TINGGI),F.A.Q,Kilogram,5,5.2604165,
30878115,2026-08-22,2026-08-22 13:37:05.337061,PERLIS,PERLIS,PASAR BORONG KAMPUNG BAKAU,Borong,20,Sayur-Sayuran,02,012,TOMATO (TANAH TINGGI),F.A.Q,Kilogram,5,5.2604165,
30878116,2026-08-22,2026-08-22 13:37:05.337061,PERLIS,PERLIS,PASAR BORONG KAMPUNG BAKAU,Borong,20,Sayur-Sayuran,02,012,TOMATO (TANAH TINGGI),F.A.Q,Kilogram,5,5.2604165,
30878117,2026-08-22,2026-08-22 13:37:05.337061,PERLIS,PERLIS,PASAR BORONG KAMPUNG BAKAU,Borong,20,Sayur-Sayuran,02,012,TOMATO IMPORT,F.A.Q,Kilogram,5,5,
30878118,2026-08-22,2026-08-22 13:37:05.337061,PERLIS,PERLIS,PASAR BORONG KAMPUNG BAKAU,Borong,20,Sayur-Sayuran,02,012,TOMATO IMPORT,F.A.Q,Kilogram,5,5,
30878119,2026-08-22,2026-08-22 13:37:05.337061,PERLIS,PERLIS,PASAR BORONG KAMPUNG BAKAU,Borong,20,Sayur-Sayuran,02,012,TOMATO IMPORT,F.A.Q,Kilogram,5,5,
30878120,2026-08-22,2026-08-22 13:37:05.337061,PERLIS,PERLIS,PASAR BORONG KAMPUNG BAKAU,Borong,20,Sayur-Sayuran,02,012,TOMATO IMPORT,F.A.Q,Kilogram,5,5,
30878121,2026-08-22,2026-08-22 13:38:02.733985,PERLIS,PERLIS,PASAR AWAM SENA,Runcit,26,Ternakan,02,003,DAGING LEMBU PEJAL,F.A.Q,Kilogram,30,30,
30878122,2026-08-22,2026-08-22 13:38:02.733985,PERLIS,PERLIS,PASAR AWAM SENA,Runcit,26,Ternakan,02,003,DAGING LEMBU PEJAL,F.A.Q,Kilogram,30,30,
30878123,2026-08-22,2026-08-22 13:39:33.467908,PERLIS,PERLIS,PASAR AWAM SENA,Runcit,26,Ternakan,03,002,AYAM PROSES STANDARD,F.A.Q,Kilogram,10.5,10.567857,
30878124,2026-08-22,2026-08-22 13:39:33.467908,PERLIS,PERLIS,PASAR AWAM SENA,Runcit,26,Ternakan,03,002,AYAM PROSES STANDARD,F.A.Q,Kilogram,10.5,10.567857,
30878125,2026-08-22,2026-08-22 13:39:33.467908,PERLIS,PERLIS,PASAR AWAM SENA,Runcit,26,Ternakan,03,002,AYAM PROSES STANDARD,F.A.Q,Kilogram,10.5,10.567857,
30878126,2026-08-22,2026-08-22 13:39:33.467908,PERLIS,PERLIS,PASAR AWAM SENA,Runcit,26,Ternakan,03,002,AYAM PROSES SUPER,F.A.Q,Kilogram,13,13,
30878127,2026-08-22,2026-08-22 13:39:33.467908,PERLIS,PERLIS,PASAR AWAM SENA,Runcit,26,Ternakan,03,002,AYAM PROSES SUPER,F.A.Q,Kilogram,13,13,
30878128,2026-08-22,2026-08-22 13:39:33.467908,PERLIS,PERLIS,PASAR AWAM SENA,Runcit,26,Ternakan,03,002,AYAM PROSES SUPER,F.A.Q,Kilogram,13,13,
30878129,2026-08-22,2026-08-22 13:40:38.040777,PERLIS,PERLIS,PASAR AWAM SENA,Runcit,26,Buah-Buahan,02,005,BETIK SEKAKI,F.A.Q,Kilogram,5,5,
30878130,2026-08-22,2026-08-22 13:40:38.040777,PERLIS,PERLIS,PASAR AWAM SENA,Runcit,26,Buah-Buahan,02,005,BETIK SEKAKI,F.A.Q,Kilogram,5,5,
30878131,2026-08-22,2026-08-22 13:40:38.040777,PERLIS,PERLIS,PASAR AWAM SENA,Runcit,26,Buah-Buahan,02,005,BETIK SEKAKI,F.A.Q,Kilogram,5,5,
30878132,2026-08-22,2026-08-22 13:40:38.040777,PERLIS,PERLIS,PASAR AWAM SENA,Runcit,26,Buah-Buahan,02,028,PISANG BERANGAN,F.A.Q,Kilogram,6,6.0833335,
30878133,2026-08-22,2026-08-22 13:40:38.040777,PERLIS,PERLIS,PASAR AWAM SENA,Runcit,26,Buah-Buahan,02,028,PISANG BERANGAN,F.A.Q,Kilogram,6,6.0833335,
30878134,2026-08-22,2026-08-22 13:40:38.040777,PERLIS,PERLIS,PASAR AWAM SENA,Runcit,26,Buah-Buahan,02,028,PISANG BERANGAN,F.A.Q,Kilogram,6,6.0833335,
30878135,2026-08-22,2026-08-22 13:40:38.040777,PERLIS,PERLIS,PASAR AWAM SENA,Runcit,26,Buah-Buahan,02,028,PISANG MAS,F.A.Q,Kilogram,6,6,
30878136,2026-08-22,2026-08-22 13:40:38.040777,PERLIS,PERLIS,PASAR AWAM SENA,Runcit,26,Buah-Buahan,02,028,PISANG MAS,F.A.Q,Kilogram,6,6,
30878137,2026-08-22,2026-08-22 13:40:38.040777,PERLIS,PERLIS,PASAR AWAM SENA,Runcit,26,Buah-Buahan,02,028,PISANG MAS,F.A.Q,Kilogram,6,6,
30878138,2026-08-22,2026-08-22 13:40:38.040777,PERLIS,PERLIS,PASAR AWAM SENA,Runcit,26,Buah-Buahan,02,034,TEMBIKAI MERAH TANPA BIJI,F.A.Q,Kilogram,4,4,
30878139,2026-08-22,2026-08-22 13:40:38.040777,PERLIS,PERLIS,PASAR AWAM SENA,Runcit,26,Buah-Buahan,02,034,TEMBIKAI MERAH TANPA BIJI,F.A.Q,Kilogram,4,4,
30878140,2026-08-22,2026-08-22 13:40:38.040777,PERLIS,PERLIS,PASAR AWAM SENA,Runcit,26,Buah-Buahan,02,034,TEMBIKAI MERAH TANPA BIJI,F.A.Q,Kilogram,4,4,
30878141,2026-08-22,2026-08-22 13:42:37.121794,PERLIS,PERLIS,PASAR AWAM SENA,Runcit,26,Tanaman Kontan,05,001,KELAPA DIKUPAS,SEDANG,Biji,2.5,2.5,
30878142,2026-08-22,2026-08-22 13:42:37.121794,PERLIS,PERLIS,PASAR AWAM SENA,Runcit,26,Tanaman Kontan,05,001,KELAPA DIKUPAS,SEDANG,Biji,2.5,2.5,
30878143,2026-08-22,2026-08-22 13:42:37.121794,PERLIS,PERLIS,PASAR AWAM SENA,Runcit,26,Tanaman Kontan,05,001,KELAPA DIKUPAS,SEDANG,Biji,2.5,2.5,
30878144,2026-08-22,2026-08-22 13:42:37.121794,PERLIS,PERLIS,PASAR AWAM SENA,Runcit,26,Tanaman Kontan,05,001,KELAPA DIKUPAS,SEDANG,Biji,2.5,2.5,
30878145,2026-08-22,2026-08-22 13:42:37.121794,PERLIS,PERLIS,PASAR AWAM SENA,Runcit,26,Lain-Lain Makanan Proses,15,001,SANTAN PEKAT,F.A.Q,Kilogram,15,15.114583,
30878146,2026-08-22,2026-08-22 13:42:37.121794,PERLIS,PERLIS,PASAR AWAM SENA,Runcit,26,Lain-Lain Makanan Proses,15,001,SANTAN PEKAT,F.A.Q,Kilogram,15.5,15.114583,
30878147,2026-08-22,2026-08-22 13:42:37.121794,PERLIS,PERLIS,PASAR AWAM SENA,Runcit,26,Lain-Lain Makanan Proses,15,001,SANTAN PEKAT,F.A.Q,Kilogram,15,15.114583,
30878148,2026-08-22,2026-08-22 13:42:37.121794,PERLIS,PERLIS,PASAR AWAM SENA,Runcit,26,Lain-Lain Makanan Proses,15,001,SANTAN PEKAT,F.A.Q,Kilogram,15,15.114583,
30878149,2026-08-22,2026-08-22 13:45:12.191214,PERLIS,PERLIS,PASAR AWAM SENA,Runcit,26,Ternakan,11,001,TELUR AYAM,A,Biji,0.47,0.454,
30878150,2026-08-22,2026-08-22 13:45:12.191214,PERLIS,PERLIS,PASAR AWAM SENA,Runcit,26,Ternakan,11,001,TELUR AYAM,A,Biji,0.47,0.454,
30878151,2026-08-22,2026-08-22 13:45:12.191214,PERLIS,PERLIS,PASAR AWAM SENA,Runcit,26,Ternakan,11,001,TELUR AYAM,A,Biji,0.47,0.454,
30878152,2026-08-22,2026-08-22 13:45:12.191214,PERLIS,PERLIS,PASAR AWAM SENA,Runcit,26,Ternakan,11,001,TELUR AYAM,B,Biji,0.45,0.43333334,
30878153,2026-08-22,2026-08-22 13:45:12.191214,PERLIS,PERLIS,PASAR AWAM SENA,Runcit,26,Ternakan,11,001,TELUR AYAM,B,Biji,0.45,0.43333334,
30878154,2026-08-22,2026-08-22 13:45:12.191214,PERLIS,PERLIS,PASAR AWAM SENA,Runcit,26,Ternakan,11,001,TELUR AYAM,B,Biji,0.45,0.43333334,
30878155,2026-08-22,2026-08-22 13:45:12.191214,PERLIS,PERLIS,PASAR AWAM SENA,Runcit,26,Ternakan,11,001,TELUR AYAM,C,Biji,0.42,0.40944445,
30878156,2026-08-22,2026-08-22 13:45:12.191214,PERLIS,PERLIS,PASAR AWAM SENA,Runcit,26,Ternakan,11,001,TELUR AYAM,C,Biji,0.42,0.40944445,
30878157,2026-08-22,2026-08-22 13:45:12.191214,PERLIS,PERLIS,PASAR AWAM SENA,Runcit,26,Ternakan,11,001,TELUR AYAM,C,Biji,0.42,0.40944445,
30878158,2026-08-22,2026-08-22 13:49:53.321506,PERLIS,PERLIS,PASAR AWAM SENA,Runcit,26,Sayur-Sayuran,05,001,BAWANG BESAR KUNING / HOLLAND,F.A.Q,Kilogram,4,4,
30878159,2026-08-22,2026-08-22 13:49:53.321506,PERLIS,PERLIS,PASAR AWAM SENA,Runcit,26,Sayur-Sayuran,05,001,BAWANG BESAR KUNING / HOLLAND,F.A.Q,Kilogram,4,4,
30878160,2026-08-22,2026-08-22 13:49:53.321506,PERLIS,PERLIS,PASAR AWAM SENA,Runcit,26,Sayur-Sayuran,05,001,BAWANG BESAR KUNING / HOLLAND,F.A.Q,Kilogram,4,4,
30878161,2026-08-22,2026-08-22 13:49:53.321506,PERLIS,PERLIS,PASAR AWAM SENA,Runcit,26,Sayur-Sayuran,05,001,BAWANG BESAR MERAH (CHINA),F.A.Q,Kilogram,6,6,
30878162,2026-08-22,2026-08-22 13:49:53.321506,PERLIS,PERLIS,PASAR AWAM SENA,Runcit,26,Sayur-Sayuran,05,001,BAWANG BESAR MERAH (CHINA),F.A.Q,Kilogram,6,6,
30878163,2026-08-22,2026-08-22 13:49:53.321506,PERLIS,PERLIS,PASAR AWAM SENA,Runcit,26,Sayur-Sayuran,05,001,BAWANG BESAR MERAH (CHINA),F.A.Q,Kilogram,6,6,
30878164,2026-08-22,2026-08-22 13:49:53.321506,PERLIS,PERLIS,PASAR AWAM SENA,Runcit,26,Sayur-Sayuran,05,001,BAWANG BESAR MERAH (IMPORT),F.A.Q,Kilogram,5,5,
30878165,2026-08-22,2026-08-22 13:49:53.321506,PERLIS,PERLIS,PASAR AWAM SENA,Runcit,26,Sayur-Sayuran,05,001,BAWANG BESAR MERAH (IMPORT),F.A.Q,Kilogram,5,5,
30878166,2026-08-22,2026-08-22 13:49:53.321506,PERLIS,PERLIS,PASAR AWAM SENA,Runcit,26,Sayur-Sayuran,05,001,BAWANG BESAR MERAH (IMPORT),F.A.Q,Kilogram,5,5,
30878167,2026-08-22,2026-08-22 13:49:53.321506,PERLIS,PERLIS,PASAR AWAM SENA,Runcit,26,Sayur-Sayuran,05,001,BAWANG BESAR MERAH (INDIA),F.A.Q,Kilogram,4,4.625,
30878168,2026-08-22,2026-08-22 13:49:53.321506,PERLIS,PERLIS,PASAR AWAM SENA,Runcit,26,Sayur-Sayuran,05,001,BAWANG BESAR MERAH (INDIA),F.A.Q,Kilogram,4,4.625,
30878169,2026-08-22,2026-08-22 13:49:53.321506,PERLIS,PERLIS,PASAR AWAM SENA,Runcit,26,Sayur-Sayuran,05,001,BAWANG BESAR MERAH (INDIA),F.A.Q,Kilogram,4,4.625,
30878170,2026-08-22,2026-08-22 13:49:53.321506,PERLIS,PERLIS,PASAR AWAM SENA,Runcit,26,Sayur-Sayuran,05,001,BAWANG BESAR MERAH (PAKISTAN),F.A.Q,Kilogram,7,5.882353,
30878171,2026-08-22,2026-08-22 13:49:53.321506,PERLIS,PERLIS,PASAR AWAM SENA,Runcit,26,Sayur-Sayuran,05,001,BAWANG BESAR MERAH (PAKISTAN),F.A.Q,Kilogram,7,5.882353,
30878172,2026-08-22,2026-08-22 13:49:53.321506,PERLIS,PERLIS,PASAR AWAM SENA,Runcit,26,Sayur-Sayuran,05,001,BAWANG BESAR MERAH (PAKISTAN),F.A.Q,Kilogram,7,5.882353,
30878173,2026-08-22,2026-08-22 13:49:53.321506,PERLIS,PERLIS,PASAR AWAM SENA,Runcit,26,Sayur-Sayuran,05,001,BAWANG MERAH / KECIL (IMPORT),F.A.Q,Kilogram,11,10.636364,
30878174,2026-08-22,2026-08-22 13:49:53.321506,PERLIS,PERLIS,PASAR AWAM SENA,Runcit,26,Sayur-Sayuran,05,001,BAWANG MERAH / KECIL (IMPORT),F.A.Q,Kilogram,11,10.636364,
30878175,2026-08-22,2026-08-22 13:49:53.321506,PERLIS,PERLIS,PASAR AWAM SENA,Runcit,26,Sayur-Sayuran,05,001,BAWANG MERAH / KECIL (IMPORT),F.A.Q,Kilogram,11,10.636364,
30878176,2026-08-22,2026-08-22 13:49:53.321506,PERLIS,PERLIS,PASAR AWAM SENA,Runcit,26,Sayur-Sayuran,05,001,BAWANG MERAH / KECIL (INDIA),F.A.Q,Kilogram,8,8.076923,
30878177,2026-08-22,2026-08-22 13:49:53.321506,PERLIS,PERLIS,PASAR AWAM SENA,Runcit,26,Sayur-Sayuran,05,001,BAWANG MERAH / KECIL (INDIA),F.A.Q,Kilogram,8,8.076923,
30878178,2026-08-22,2026-08-22 13:49:53.321506,PERLIS,PERLIS,PASAR AWAM SENA,Runcit,26,Sayur-Sayuran,05,001,BAWANG MERAH / KECIL (INDIA),F.A.Q,Kilogram,8,8.076923,
30878179,2026-08-22,2026-08-22 13:49:53.321506,PERLIS,PERLIS,PASAR AWAM SENA,Runcit,26,Sayur-Sayuran,05,001,BAWANG MERAH / KECIL (PAKISTAN),F.A.Q,Kilogram,9,9.2,
30878180,2026-08-22,2026-08-22 13:49:53.321506,PERLIS,PERLIS,PASAR AWAM SENA,Runcit,26,Sayur-Sayuran,05,001,BAWANG MERAH / KECIL (PAKISTAN),F.A.Q,Kilogram,9,9.2,
30878181,2026-08-22,2026-08-22 13:49:53.321506,PERLIS,PERLIS,PASAR AWAM SENA,Runcit,26,Sayur-Sayuran,05,001,BAWANG MERAH / KECIL (PAKISTAN),F.A.Q,Kilogram,9,9.2,
30878182,2026-08-22,2026-08-22 13:49:53.321506,PERLIS,PERLIS,PASAR AWAM SENA,Runcit,26,Sayur-Sayuran,05,001,BAWANG MERAH / KECIL (THAI),F.A.Q,Kilogram,16,15.333333,
30878183,2026-08-22,2026-08-22 13:49:53.321506,PERLIS,PERLIS,PASAR AWAM SENA,Runcit,26,Sayur-Sayuran,05,001,BAWANG MERAH / KECIL (THAI),F.A.Q,Kilogram,16,15.333333,
30878184,2026-08-22,2026-08-22 13:49:53.321506,PERLIS,PERLIS,PASAR AWAM SENA,Runcit,26,Sayur-Sayuran,05,001,BAWANG MERAH / KECIL (THAI),F.A.Q,Kilogram,16,15.333333,
30878185,2026-08-22,2026-08-22 13:49:53.321506,PERLIS,PERLIS,PASAR AWAM SENA,Runcit,26,Sayur-Sayuran,05,001,BAWANG MERAH ROSE,F.A.Q,Kilogram,11,11.538462,
30878186,2026-08-22,2026-08-22 13:49:53.321506,PERLIS,PERLIS,PASAR AWAM SENA,Runcit,26,Sayur-Sayuran,05,001,BAWANG MERAH ROSE,F.A.Q,Kilogram,11,11.538462,
30878187,2026-08-22,2026-08-22 13:49:53.321506,PERLIS,PERLIS,PASAR AWAM SENA,Runcit,26,Sayur-Sayuran,05,001,BAWANG MERAH ROSE,F.A.Q,Kilogram,11,11.538462,
30878188,2026-08-22,2026-08-22 13:49:53.321506,PERLIS,PERLIS,PASAR AWAM SENA,Runcit,26,Sayur-Sayuran,05,001,BAWANG PUTIH (CHINA),F.A.Q,Kilogram,8,9.326923,
30878189,2026-08-22,2026-08-22 13:49:53.321506,PERLIS,PERLIS,PASAR AWAM SENA,Runcit,26,Sayur-Sayuran,05,001,BAWANG PUTIH (CHINA),F.A.Q,Kilogram,8,9.326923,
30878190,2026-08-22,2026-08-22 13:49:53.321506,PERLIS,PERLIS,PASAR AWAM SENA,Runcit,26,Sayur-Sayuran,05,001,BAWANG PUTIH (CHINA),F.A.Q,Kilogram,8,9.326923,
30878191,2026-08-22,2026-08-22 13:49:53.321506,PERLIS,PERLIS,PASAR AWAM SENA,Runcit,26,Sayur-Sayuran,05,009,UBI KENTANG (IMPORT),F.A.Q,Kilogram,4,4,
30878192,2026-08-22,2026-08-22 13:49:53.321506,PERLIS,PERLIS,PASAR AWAM SENA,Runcit,26,Sayur-Sayuran,05,009,UBI KENTANG (IMPORT),F.A.Q,Kilogram,4,4,
30878193,2026-08-22,2026-08-22 13:49:53.321506,PERLIS,PERLIS,PASAR AWAM SENA,Runcit,26,Sayur-Sayuran,05,009,UBI KENTANG (IMPORT),F.A.Q,Kilogram,4,4,
30878194,2026-08-22,2026-08-22 13:49:53.321506,PERLIS,PERLIS,PASAR AWAM SENA,Runcit,26,Sayur-Sayuran,05,009,UBI KENTANG HOLLAND,F.A.Q,Kilogram,3,3.0227273,
30878195,2026-08-22,2026-08-22 13:49:53.321506,PERLIS,PERLIS,PASAR AWAM SENA,Runcit,26,Sayur-Sayuran,05,009,UBI KENTANG HOLLAND,F.A.Q,Kilogram,3,3.0227273,
30878196,2026-08-22,2026-08-22 13:49:53.321506,PERLIS,PERLIS,PASAR AWAM SENA,Runcit,26,Sayur-Sayuran,05,009,UBI KENTANG HOLLAND,F.A.Q,Kilogram,3,3.0227273,
30878197,2026-08-22,2026-08-22 14:09:20.976842,SABAH,PENAMPANG,LADANG/KEBUN DONGGONGON,Ladang,,Sayur-Sayuran,03,001,BAYAM,F.A.Q,Kilogram,1.7,3.05,
30878198,2026-08-22,2026-08-22 14:09:20.976842,SABAH,PENAMPANG,LADANG/KEBUN DONGGONGON,Ladang,,Sayur-Sayuran,02,002,CILI HIJAU,F.A.Q,Kilogram,6,7.89,
30878199,2026-08-22,2026-08-22 14:09:20.976842,SABAH,PENAMPANG,LADANG/KEBUN DONGGONGON,Ladang,,Sayur-Sayuran,02,002,CILI MERAH KULAI / KULAI HIBRID,F.A.Q,Kilogram,7,10.49,
30878200,2026-08-22,2026-08-22 14:09:20.976842,SABAH,PENAMPANG,LADANG/KEBUN DONGGONGON,Ladang,,Sayur-Sayuran,02,002,CILI MERAH MINYAK,F.A.Q,Kilogram,6,9.03,
30878201,2026-08-22,2026-08-22 14:09:20.976842,SABAH,PENAMPANG,LADANG/KEBUN DONGGONGON,Ladang,,Sayur-Sayuran,04,002,KACANG BENDI,F.A.Q,Kilogram,2.8,4.27,
30878202,2026-08-22,2026-08-22 14:09:20.976842,SABAH,PENAMPANG,LADANG/KEBUN DONGGONGON,Ladang,,Sayur-Sayuran,04,003,KACANG BUNCIS,F.A.Q,Kilogram,3.5,7.54,
30878203,2026-08-22,2026-08-22 14:09:20.976842,SABAH,PENAMPANG,LADANG/KEBUN DONGGONGON,Ladang,,Sayur-Sayuran,04,007,KACANG PANJANG HIJAU,F.A.Q,Kilogram,2,3.12,
30878204,2026-08-22,2026-08-22 14:09:20.976842,SABAH,PENAMPANG,LADANG/KEBUN DONGGONGON,Ladang,,Sayur-Sayuran,03,019,KANGKUNG,F.A.Q,Kilogram,1.5,2.32,
30878205,2026-08-22,2026-08-22 14:09:20.976842,SABAH,PENAMPANG,LADANG/KEBUN DONGGONGON,Ladang,,Sayur-Sayuran,03,007,SAWI HIJAU,F.A.Q,Kilogram,2,2.2,
30878206,2026-08-22,2026-08-22 14:09:20.976842,SABAH,PENAMPANG,LADANG/KEBUN DONGGONGON,Ladang,,Sayur-Sayuran,02,010,TERUNG PANJANG / PEPARU (TANAH RENDAH),F.A.Q,Kilogram,2.5,3.99,
30878207,2026-08-22,2026-08-22 14:09:20.976842,SABAH,PENAMPANG,LADANG/KEBUN DONGGONGON,Ladang,,Sayur-Sayuran,02,011,TIMUN HIJAU,F.A.Q,Kilogram,1.2,1.5,
30878208,2026-08-22,2026-08-22 14:14:10.115646,SABAH,RANAU,LADANG/KEBUN KUNDASANG,Ladang,,Sayur-Sayuran,03,015,DAUN SUP (TANAH TINGGI),F.A.Q,Kilogram,6,5.87,
30878209,2026-08-22,2026-08-22 14:14:10.115646,SABAH,RANAU,LADANG/KEBUN KUNDASANG,Ladang,,Sayur-Sayuran,03,006,KUBIS BULAT (TANAH TINGGI),F.A.Q,Kilogram,2,1.9,
30878210,2026-08-22,2026-08-22 14:14:10.115646,SABAH,RANAU,LADANG/KEBUN KUNDASANG,Ladang,,Sayur-Sayuran,03,007,SAWI HIJAU TANAH TINGGI,F.A.Q,Kilogram,2,2.86,
30878211,2026-08-22,2026-08-22 14:14:10.115646,SABAH,RANAU,LADANG/KEBUN KUNDASANG,Ladang,,Sayur-Sayuran,02,012,TOMATO (TANAH TINGGI),F.A.Q,Kilogram,4,4.5,
30878212,2026-08-22,2026-08-22 14:14:10.115646,SABAH,RANAU,LADANG/KEBUN KUNDASANG,Ladang,,Sayur-Sayuran,02,012,TOMATO PLUM (TANAH TINGGI),F.A.Q,Kilogram,2.2,2,
30878213,2026-08-22,2026-08-22 16:14:06.612923,KEDAH,PENDANG,LADANG/KEBUN KAMPUNG PAYA LIPAI,Ladang,,Sayur-Sayuran,03,001,BAYAM,F.A.Q,Kilogram,2,2,
30878214,2026-08-22,2026-08-22 16:14:06.612923,KEDAH,PENDANG,LADANG/KEBUN KAMPUNG PAYA LIPAI,Ladang,,Sayur-Sayuran,02,002,CILI MERAH KULAI / KULAI HIBRID,F.A.Q,Kilogram,10,11.538462,
30878215,2026-08-22,2026-08-22 16:14:06.612923,KEDAH,PENDANG,LADANG/KEBUN KAMPUNG PAYA LIPAI,Ladang,,Sayur-Sayuran,04,002,KACANG BENDI,F.A.Q,Kilogram,2.5,2.6153846,
30878216,2026-08-22,2026-08-22 16:14:06.612923,KEDAH,PENDANG,LADANG/KEBUN KAMPUNG PAYA LIPAI,Ladang,,Sayur-Sayuran,04,003,KACANG BUNCIS,F.A.Q,Kilogram,6,6,
30878217,2026-08-22,2026-08-22 16:14:06.612923,KEDAH,PENDANG,LADANG/KEBUN KAMPUNG PAYA LIPAI,Ladang,,Sayur-Sayuran,04,007,KACANG PANJANG HIJAU,F.A.Q,Kilogram,2,2.1846154,
30878218,2026-08-22,2026-08-22 16:14:06.612923,KEDAH,PENDANG,LADANG/KEBUN KAMPUNG PAYA LIPAI,Ladang,,Sayur-Sayuran,03,019,KANGKUNG,F.A.Q,Kilogram,2,2,
30878219,2026-08-22,2026-08-22 16:14:06.612923,KEDAH,PENDANG,LADANG/KEBUN KAMPUNG PAYA LIPAI,Ladang,,Sayur-Sayuran,03,007,SAWI HIJAU,F.A.Q,Kilogram,2,2.1538463,
30878220,2026-08-22,2026-08-22 16:14:06.612923,KEDAH,PENDANG,LADANG/KEBUN KAMPUNG PAYA LIPAI,Ladang,,Sayur-Sayuran,02,010,TERUNG PANJANG / PEPARU (TANAH RENDAH),F.A.Q,Kilogram,3.5,3.2230768,
30878221,2026-08-22,2026-08-22 16:14:06.612923,KEDAH,PENDANG,LADANG/KEBUN KAMPUNG PAYA LIPAI,Ladang,,Sayur-Sayuran,02,011,TIMUN HIJAU,F.A.Q,Kilogram,0.6,1.1307693,
30878222,2026-08-22,2026-08-22 16:14:24.974411,KEDAH,POKOK SENA,LADANG/KEBUN KAMPUNG PANCUR,Ladang,,Buah-Buahan,02,005,BETIK SEKAKI,F.A.Q,Kilogram,2,2,
30878223,2026-08-22,2026-08-22 16:14:24.974411,KEDAH,POKOK SENA,LADANG/KEBUN KAMPUNG PANCUR,Ladang,,Buah-Buahan,02,028,PISANG BERANGAN,F.A.Q,Kilogram,2.5,2.5,
30878224,2026-08-22,2026-08-22 16:14:24.974411,KEDAH,POKOK SENA,LADANG/KEBUN KAMPUNG PANCUR,Ladang,,Buah-Buahan,02,028,PISANG MAS,F.A.Q,Kilogram,2.5,2.5,
30878225,2026-08-22,2026-08-22 23:29:31.167752,PERLIS,PERLIS,PASAR AWAM SENA,Runcit,26,Sayur-Sayuran,03,001,BAYAM,F.A.Q,Kilogram,6,6.0875,
30878226,2026-08-22,2026-08-22 23:29:31.167752,PERLIS,PERLIS,PASAR AWAM SENA,Runcit,26,Sayur-Sayuran,03,001,BAYAM,F.A.Q,Kilogram,6,6.0875,
30878227,2026-08-22,2026-08-22 23:29:31.167752,PERLIS,PERLIS,PASAR AWAM SENA,Runcit,26,Sayur-Sayuran,03,001,BAYAM,F.A.Q,Kilogram,6,6.0875,
30878228,2026-08-22,2026-08-22 23:29:31.167752,PERLIS,PERLIS,PASAR AWAM SENA,Runcit,26,Sayur-Sayuran,03,001,BAYAM,F.A.Q,Kilogram,6,6.0875,
30878229,2026-08-22,2026-08-22 23:29:31.167752,PERLIS,PERLIS,PASAR AWAM SENA,Runcit,26,Sayur-Sayuran,03,001,BAYAM,F.A.Q,Kilogram,6,6.0875,
30878230,2026-08-22,2026-08-22 23:29:31.167752,PERLIS,PERLIS,PASAR AWAM SENA,Runcit,26,Sayur-Sayuran,02,002,CILI MERAH (THAILAND),F.A.Q,Kilogram,13,13,
30878231,2026-08-22,2026-08-22 23:29:31.167752,PERLIS,PERLIS,PASAR AWAM SENA,Runcit,26,Sayur-Sayuran,02,002,CILI MERAH (THAILAND),F.A.Q,Kilogram,13,13,
30878232,2026-08-22,2026-08-22 23:29:31.167752,PERLIS,PERLIS,PASAR AWAM SENA,Runcit,26,Sayur-Sayuran,02,002,CILI MERAH (THAILAND),F.A.Q,Kilogram,13,13,
30878233,2026-08-22,2026-08-22 23:29:31.167752,PERLIS,PERLIS,PASAR AWAM SENA,Runcit,26,Sayur-Sayuran,02,002,CILI MERAH (THAILAND),F.A.Q,Kilogram,13,13,
30878234,2026-08-22,2026-08-22 23:29:31.167752,PERLIS,PERLIS,PASAR AWAM SENA,Runcit,26,Sayur-Sayuran,02,002,CILI MERAH (THAILAND),F.A.Q,Kilogram,13,13,
30878235,2026-08-22,2026-08-22 23:29:31.167752,PERLIS,PERLIS,PASAR AWAM SENA,Runcit,26,Sayur-Sayuran,02,002,CILI MERAH (VIETNAM),F.A.Q,Kilogram,13,12.095238,
30878236,2026-08-22,2026-08-22 23:29:31.167752,PERLIS,PERLIS,PASAR AWAM SENA,Runcit,26,Sayur-Sayuran,02,002,CILI MERAH (VIETNAM),F.A.Q,Kilogram,13,12.095238,
30878237,2026-08-22,2026-08-22 23:29:31.167752,PERLIS,PERLIS,PASAR AWAM SENA,Runcit,26,Sayur-Sayuran,02,002,CILI MERAH (VIETNAM),F.A.Q,Kilogram,13,12.095238,
30878238,2026-08-22,2026-08-22 23:29:31.167752,PERLIS,PERLIS,PASAR AWAM SENA,Runcit,26,Sayur-Sayuran,02,002,CILI MERAH (VIETNAM),F.A.Q,Kilogram,13,12.095238,
30878239,2026-08-22,2026-08-22 23:29:31.167752,PERLIS,PERLIS,PASAR AWAM SENA,Runcit,26,Sayur-Sayuran,02,002,CILI MERAH (VIETNAM),F.A.Q,Kilogram,13,12.095238,
30878240,2026-08-22,2026-08-22 23:29:31.167752,PERLIS,PERLIS,PASAR AWAM SENA,Runcit,26,Sayur-Sayuran,02,002,CILI MERAH KULAI / KULAI HIBRID,F.A.Q,Kilogram,18,17.75,
30878241,2026-08-22,2026-08-22 23:29:31.167752,PERLIS,PERLIS,PASAR AWAM SENA,Runcit,26,Sayur-Sayuran,02,002,CILI MERAH KULAI / KULAI HIBRID,F.A.Q,Kilogram,18,17.75,
30878242,2026-08-22,2026-08-22 23:29:31.167752,PERLIS,PERLIS,PASAR AWAM SENA,Runcit,26,Sayur-Sayuran,02,002,CILI MERAH KULAI / KULAI HIBRID,F.A.Q,Kilogram,18,17.75,
30878243,2026-08-22,2026-08-22 23:29:31.167752,PERLIS,PERLIS,PASAR AWAM SENA,Runcit,26,Sayur-Sayuran,02,002,CILI MERAH KULAI / KULAI HIBRID,F.A.Q,Kilogram,18,17.75,
30878244,2026-08-22,2026-08-22 23:29:31.167752,PERLIS,PERLIS,PASAR AWAM SENA,Runcit,26,Sayur-Sayuran,02,002,CILI MERAH KULAI / KULAI HIBRID,F.A.Q,Kilogram,18,17.75,
30878245,2026-08-22,2026-08-22 23:29:31.167752,PERLIS,PERLIS,PASAR AWAM SENA,Runcit,26,Sayur-Sayuran,02,002,CILI MERAH MINYAK,F.A.Q,Kilogram,15,14.294118,
30878246,2026-08-22,2026-08-22 23:29:31.167752,PERLIS,PERLIS,PASAR AWAM SENA,Runcit,26,Sayur-Sayuran,02,002,CILI MERAH MINYAK,F.A.Q,Kilogram,15,14.294118,
30878247,2026-08-22,2026-08-22 23:29:31.167752,PERLIS,PERLIS,PASAR AWAM SENA,Runcit,26,Sayur-Sayuran,02,002,CILI MERAH MINYAK,F.A.Q,Kilogram,15,14.294118,
30878248,2026-08-22,2026-08-22 23:29:31.167752,PERLIS,PERLIS,PASAR AWAM SENA,Runcit,26,Sayur-Sayuran,02,002,CILI MERAH MINYAK,F.A.Q,Kilogram,15,14.294118,
30878249,2026-08-22,2026-08-22 23:29:31.167752,PERLIS,PERLIS,PASAR AWAM SENA,Runcit,26,Sayur-Sayuran,02,002,CILI MERAH MINYAK,F.A.Q,Kilogram,15,14.294118,
30878250,2026-08-22,2026-08-22 23:29:31.167752,PERLIS,PERLIS,PASAR AWAM SENA,Runcit,26,Sayur-Sayuran,03,009,DAUN BAWANG,F.A.Q,Kilogram,9,8.6,
30878251,2026-08-22,2026-08-22 23:29:31.167752,PERLIS,PERLIS,PASAR AWAM SENA,Runcit,26,Sayur-Sayuran,03,009,DAUN BAWANG,F.A.Q,Kilogram,9,8.6,
30878252,2026-08-22,2026-08-22 23:29:31.167752,PERLIS,PERLIS,PASAR AWAM SENA,Runcit,26,Sayur-Sayuran,03,009,DAUN BAWANG,F.A.Q,Kilogram,9,8.6,
30878253,2026-08-22,2026-08-22 23:29:31.167752,PERLIS,PERLIS,PASAR AWAM SENA,Runcit,26,Sayur-Sayuran,03,009,DAUN BAWANG,F.A.Q,Kilogram,9,8.6,
30878254,2026-08-22,2026-08-22 23:29:31.167752,PERLIS,PERLIS,PASAR AWAM SENA,Runcit,26,Sayur-Sayuran,03,009,DAUN BAWANG,F.A.Q,Kilogram,9,8.6,
30878255,2026-08-22,2026-08-22 23:29:31.167752,PERLIS,PERLIS,PASAR AWAM SENA,Runcit,26,Sayur-Sayuran,03,009,DAUN BAWANG (IMPORT),F.A.Q,Kilogram,11,11.666667,
30878256,2026-08-22,2026-08-22 23:29:31.167752,PERLIS,PERLIS,PASAR AWAM SENA,Runcit,26,Sayur-Sayuran,03,009,DAUN BAWANG (IMPORT),F.A.Q,Kilogram,11,11.666667,
30878257,2026-08-22,2026-08-22 23:29:31.167752,PERLIS,PERLIS,PASAR AWAM SENA,Runcit,26,Sayur-Sayuran,03,009,DAUN BAWANG (IMPORT),F.A.Q,Kilogram,11,11.666667,
30878258,2026-08-22,2026-08-22 23:29:31.167752,PERLIS,PERLIS,PASAR AWAM SENA,Runcit,26,Sayur-Sayuran,03,009,DAUN BAWANG (IMPORT),F.A.Q,Kilogram,11,11.666667,
30878259,2026-08-22,2026-08-22 23:29:31.167752,PERLIS,PERLIS,PASAR AWAM SENA,Runcit,26,Sayur-Sayuran,03,009,DAUN BAWANG (IMPORT),F.A.Q,Kilogram,11,11.666667,
30878260,2026-08-22,2026-08-22 23:29:31.167752,PERLIS,PERLIS,PASAR AWAM SENA,Runcit,26,Sayur-Sayuran,03,015,DAUN SUP (IMPORT),F.A.Q,Kilogram,17,16.333334,
30878261,2026-08-22,2026-08-22 23:29:31.167752,PERLIS,PERLIS,PASAR AWAM SENA,Runcit,26,Sayur-Sayuran,03,015,DAUN SUP (IMPORT),F.A.Q,Kilogram,17,16.333334,
30878262,2026-08-22,2026-08-22 23:29:31.167752,PERLIS,PERLIS,PASAR AWAM SENA,Runcit,26,Sayur-Sayuran,03,015,DAUN SUP (IMPORT),F.A.Q,Kilogram,17,16.333334,
30878263,2026-08-22,2026-08-22 23:29:31.167752,PERLIS,PERLIS,PASAR AWAM SENA,Runcit,26,Sayur-Sayuran,03,015,DAUN SUP (IMPORT),F.A.Q,Kilogram,17,16.333334,
30878264,2026-08-22,2026-08-22 23:29:31.167752,PERLIS,PERLIS,PASAR AWAM SENA,Runcit,26,Sayur-Sayuran,03,015,DAUN SUP (IMPORT),F.A.Q,Kilogram,17,16.333334,
30878265,2026-08-22,2026-08-22 23:29:31.167752,PERLIS,PERLIS,PASAR AWAM SENA,Runcit,26,Sayur-Sayuran,03,015,DAUN SUP (TANAH TINGGI),F.A.Q,Kilogram,18,18.42,
30878266,2026-08-22,2026-08-22 23:29:31.167752,PERLIS,PERLIS,PASAR AWAM SENA,Runcit,26,Sayur-Sayuran,03,015,DAUN SUP (TANAH TINGGI),F.A.Q,Kilogram,18,18.42,
30878267,2026-08-22,2026-08-22 23:29:31.167752,PERLIS,PERLIS,PASAR AWAM SENA,Runcit,26,Sayur-Sayuran,03,015,DAUN SUP (TANAH TINGGI),F.A.Q,Kilogram,18,18.42,
30878268,2026-08-22,2026-08-22 23:29:31.167752,PERLIS,PERLIS,PASAR AWAM SENA,Runcit,26,Sayur-Sayuran,03,015,DAUN SUP (TANAH TINGGI),F.A.Q,Kilogram,18,18.42,
30878269,2026-08-22,2026-08-22 23:29:31.167752,PERLIS,PERLIS,PASAR AWAM SENA,Runcit,26,Sayur-Sayuran,03,015,DAUN SUP (TANAH TINGGI),F.A.Q,Kilogram,18,18.42,
30878270,2026-08-22,2026-08-22 23:29:31.167752,PERLIS,PERLIS,PASAR AWAM SENA,Runcit,26,Sayur-Sayuran,04,002,KACANG BENDI,F.A.Q,Kilogram,9,8.825,
30878271,2026-08-22,2026-08-22 23:29:31.167752,PERLIS,PERLIS,PASAR AWAM SENA,Runcit,26,Sayur-Sayuran,04,002,KACANG BENDI,F.A.Q,Kilogram,9,8.825,
30878272,2026-08-22,2026-08-22 23:29:31.167752,PERLIS,PERLIS,PASAR AWAM SENA,Runcit,26,Sayur-Sayuran,04,002,KACANG BENDI,F.A.Q,Kilogram,9,8.825,
30878273,2026-08-22,2026-08-22 23:29:31.167752,PERLIS,PERLIS,PASAR AWAM SENA,Runcit,26,Sayur-Sayuran,04,002,KACANG BENDI,F.A.Q,Kilogram,9,8.825,
30878274,2026-08-22,2026-08-22 23:29:31.167752,PERLIS,PERLIS,PASAR AWAM SENA,Runcit,26,Sayur-Sayuran,04,002,KACANG BENDI,F.A.Q,Kilogram,9,8.825,
30878275,2026-08-22,2026-08-22 23:29:31.167752,PERLIS,PERLIS,PASAR AWAM SENA,Runcit,26,Sayur-Sayuran,04,003,KACANG BUNCIS,F.A.Q,Kilogram,15,14.22,
30878276,2026-08-22,2026-08-22 23:29:31.167752,PERLIS,PERLIS,PASAR AWAM SENA,Runcit,26,Sayur-Sayuran,04,003,KACANG BUNCIS,F.A.Q,Kilogram,15,14.22,
30878277,2026-08-22,2026-08-22 23:29:31.167752,PERLIS,PERLIS,PASAR AWAM SENA,Runcit,26,Sayur-Sayuran,04,003,KACANG BUNCIS,F.A.Q,Kilogram,15,14.22,
30878278,2026-08-22,2026-08-22 23:29:31.167752,PERLIS,PERLIS,PASAR AWAM SENA,Runcit,26,Sayur-Sayuran,04,003,KACANG BUNCIS,F.A.Q,Kilogram,15,14.22,
30878279,2026-08-22,2026-08-22 23:29:31.167752,PERLIS,PERLIS,PASAR AWAM SENA,Runcit,26,Sayur-Sayuran,04,003,KACANG BUNCIS,F.A.Q,Kilogram,15,14.22,
30878280,2026-08-22,2026-08-22 23:29:31.167752,PERLIS,PERLIS,PASAR AWAM SENA,Runcit,26,Sayur-Sayuran,04,003,KACANG BUNCIS (IMPORT),F.A.Q,Kilogram,13,12.894737,
30878281,2026-08-22,2026-08-22 23:29:31.167752,PERLIS,PERLIS,PASAR AWAM SENA,Runcit,26,Sayur-Sayuran,04,003,KACANG BUNCIS (IMPORT),F.A.Q,Kilogram,13,12.894737,
30878282,2026-08-22,2026-08-22 23:29:31.167752,PERLIS,PERLIS,PASAR AWAM SENA,Runcit,26,Sayur-Sayuran,04,003,KACANG BUNCIS (IMPORT),F.A.Q,Kilogram,13,12.894737,
30878283,2026-08-22,2026-08-22 23:29:31.167752,PERLIS,PERLIS,PASAR AWAM SENA,Runcit,26,Sayur-Sayuran,04,003,KACANG BUNCIS (IMPORT),F.A.Q,Kilogram,13,12.894737,
30878284,2026-08-22,2026-08-22 23:29:31.167752,PERLIS,PERLIS,PASAR AWAM SENA,Runcit,26,Sayur-Sayuran,04,003,KACANG BUNCIS (IMPORT),F.A.Q,Kilogram,13,12.894737,
30878285,2026-08-22,2026-08-22 23:29:31.167752,PERLIS,PERLIS,PASAR AWAM SENA,Runcit,26,Sayur-Sayuran,04,007,KACANG PANJANG (IMPORT),F.A.Q,Kilogram,9,9,
30878286,2026-08-22,2026-08-22 23:29:31.167752,PERLIS,PERLIS,PASAR AWAM SENA,Runcit,26,Sayur-Sayuran,04,007,KACANG PANJANG (IMPORT),F.A.Q,Kilogram,9,9,
30878287,2026-08-22,2026-08-22 23:29:31.167752,PERLIS,PERLIS,PASAR AWAM SENA,Runcit,26,Sayur-Sayuran,04,007,KACANG PANJANG (IMPORT),F.A.Q,Kilogram,9,9,
30878288,2026-08-22,2026-08-22 23:29:31.167752,PERLIS,PERLIS,PASAR AWAM SENA,Runcit,26,Sayur-Sayuran,04,007,KACANG PANJANG (IMPORT),F.A.Q,Kilogram,9,9,
30878289,2026-08-22,2026-08-22 23:29:31.167752,PERLIS,PERLIS,PASAR AWAM SENA,Runcit,26,Sayur-Sayuran,04,007,KACANG PANJANG (IMPORT),F.A.Q,Kilogram,9,9,
30878290,2026-08-22,2026-08-22 23:29:31.167752,PERLIS,PERLIS,PASAR AWAM SENA,Runcit,26,Sayur-Sayuran,04,007,KACANG PANJANG HIJAU,F.A.Q,Kilogram,8,7.775,
30878291,2026-08-22,2026-08-22 23:29:31.167752,PERLIS,PERLIS,PASAR AWAM SENA,Runcit,26,Sayur-Sayuran,04,007,KACANG PANJANG HIJAU,F.A.Q,Kilogram,8,7.775,
30878292,2026-08-22,2026-08-22 23:29:31.167752,PERLIS,PERLIS,PASAR AWAM SENA,Runcit,26,Sayur-Sayuran,04,007,KACANG PANJANG HIJAU,F.A.Q,Kilogram,8,7.775,
30878293,2026-08-22,2026-08-22 23:29:31.167752,PERLIS,PERLIS,PASAR AWAM SENA,Runcit,26,Sayur-Sayuran,04,007,KACANG PANJANG HIJAU,F.A.Q,Kilogram,8,7.775,
30878294,2026-08-22,2026-08-22 23:29:31.167752,PERLIS,PERLIS,PASAR AWAM SENA,Runcit,26,Sayur-Sayuran,03,019,KANGKUNG,F.A.Q,Kilogram,6,6,
30878295,2026-08-22,2026-08-22 23:29:31.431906,PERLIS,PERLIS,PASAR AWAM SENA,Runcit,26,Sayur-Sayuran,03,019,KANGKUNG,F.A.Q,Kilogram,6,6,
30878296,2026-08-22,2026-08-22 23:29:31.431906,PERLIS,PERLIS,PASAR AWAM SENA,Runcit,26,Sayur-Sayuran,03,019,KANGKUNG,F.A.Q,Kilogram,6,6,
30878297,2026-08-22,2026-08-22 23:29:31.431906,PERLIS,PERLIS,PASAR AWAM SENA,Runcit,26,Sayur-Sayuran,03,019,KANGKUNG,F.A.Q,Kilogram,6,6,
30878298,2026-08-22,2026-08-22 23:29:31.431906,PERLIS,PERLIS,PASAR AWAM SENA,Runcit,26,Sayur-Sayuran,03,019,KANGKUNG,F.A.Q,Kilogram,6,6,
30878299,2026-08-22,2026-08-22 23:29:31.431906,PERLIS,PERLIS,PASAR AWAM SENA,Runcit,26,Sayur-Sayuran,03,006,KUBIS BULAT (CHINA),F.A.Q,Kilogram,4,3.9636364,
30878300,2026-08-22,2026-08-22 23:29:31.431906,PERLIS,PERLIS,PASAR AWAM SENA,Runcit,26,Sayur-Sayuran,03,006,KUBIS BULAT (CHINA),F.A.Q,Kilogram,4,3.9636364,
30878301,2026-08-22,2026-08-22 23:29:31.431906,PERLIS,PERLIS,PASAR AWAM SENA,Runcit,26,Sayur-Sayuran,03,006,KUBIS BULAT (CHINA),F.A.Q,Kilogram,4,3.9636364,
30878302,2026-08-22,2026-08-22 23:29:31.431906,PERLIS,PERLIS,PASAR AWAM SENA,Runcit,26,Sayur-Sayuran,03,006,KUBIS BULAT (CHINA),F.A.Q,Kilogram,4,3.9636364,
30878303,2026-08-22,2026-08-22 23:29:31.431906,PERLIS,PERLIS,PASAR AWAM SENA,Runcit,26,Sayur-Sayuran,03,006,KUBIS BULAT (CHINA),F.A.Q,Kilogram,4,3.9636364,
30878304,2026-08-22,2026-08-22 23:29:31.431906,PERLIS,PERLIS,PASAR AWAM SENA,Runcit,26,Sayur-Sayuran,03,007,SAWI HIJAU,F.A.Q,Kilogram,7,6.7352943,
30878305,2026-08-22,2026-08-22 23:29:31.431906,PERLIS,PERLIS,PASAR AWAM SENA,Runcit,26,Sayur-Sayuran,03,007,SAWI HIJAU,F.A.Q,Kilogram,7,6.7352943,
30878306,2026-08-22,2026-08-22 23:29:31.431906,PERLIS,PERLIS,PASAR AWAM SENA,Runcit,26,Sayur-Sayuran,03,007,SAWI HIJAU,F.A.Q,Kilogram,7,6.7352943,
30878307,2026-08-22,2026-08-22 23:29:31.431906,PERLIS,PERLIS,PASAR AWAM SENA,Runcit,26,Sayur-Sayuran,03,007,SAWI HIJAU,F.A.Q,Kilogram,7,6.7352943,
30878308,2026-08-22,2026-08-22 23:29:31.431906,PERLIS,PERLIS,PASAR AWAM SENA,Runcit,26,Sayur-Sayuran,03,007,SAWI HIJAU,F.A.Q,Kilogram,7,6.7352943,
30878309,2026-08-22,2026-08-22 23:29:31.431906,PERLIS,PERLIS,PASAR AWAM SENA,Runcit,26,Sayur-Sayuran,03,007,SAWI HIJAU (IMPORT),F.A.Q,Kilogram,6,5.952381,
30878310,2026-08-22,2026-08-22 23:29:31.431906,PERLIS,PERLIS,PASAR AWAM SENA,Runcit,26,Sayur-Sayuran,03,007,SAWI HIJAU (IMPORT),F.A.Q,Kilogram,6,5.952381,
30878311,2026-08-22,2026-08-22 23:29:31.431906,PERLIS,PERLIS,PASAR AWAM SENA,Runcit,26,Sayur-Sayuran,03,007,SAWI HIJAU (IMPORT),F.A.Q,Kilogram,6,5.952381,
30878312,2026-08-22,2026-08-22 23:29:31.431906,PERLIS,PERLIS,PASAR AWAM SENA,Runcit,26,Sayur-Sayuran,03,007,SAWI HIJAU (IMPORT),F.A.Q,Kilogram,6,5.952381,
30878313,2026-08-22,2026-08-22 23:29:31.431906,PERLIS,PERLIS,PASAR AWAM SENA,Runcit,26,Sayur-Sayuran,03,007,SAWI HIJAU (IMPORT),F.A.Q,Kilogram,6,5.952381,
30878314,2026-08-22,2026-08-22 23:29:31.431906,PERLIS,PERLIS,PASAR AWAM SENA,Runcit,26,Sayur-Sayuran,03,007,SAWI HIJAU TANAH TINGGI,F.A.Q,Kilogram,4,5.130435,
30878315,2026-08-22,2026-08-22 23:29:31.431906,PERLIS,PERLIS,PASAR AWAM SENA,Runcit,26,Sayur-Sayuran,03,007,SAWI HIJAU TANAH TINGGI,F.A.Q,Kilogram,4,5.130435,
30878316,2026-08-22,2026-08-22 23:29:31.431906,PERLIS,PERLIS,PASAR AWAM SENA,Runcit,26,Sayur-Sayuran,03,007,SAWI HIJAU TANAH TINGGI,F.A.Q,Kilogram,4,5.130435,
30878317,2026-08-22,2026-08-22 23:29:31.431906,PERLIS,PERLIS,PASAR AWAM SENA,Runcit,26,Sayur-Sayuran,03,007,SAWI HIJAU TANAH TINGGI,F.A.Q,Kilogram,4,5.130435,
30878318,2026-08-22,2026-08-22 23:29:31.431906,PERLIS,PERLIS,PASAR AWAM SENA,Runcit,26,Sayur-Sayuran,03,007,SAWI HIJAU TANAH TINGGI,F.A.Q,Kilogram,4,5.130435,
30878319,2026-08-22,2026-08-22 23:29:31.431906,PERLIS,PERLIS,PASAR AWAM SENA,Runcit,26,Sayur-Sayuran,02,010,TERUNG PANJANG / PEPARU (IMPORT),F.A.Q,Kilogram,7,7,
30878320,2026-08-22,2026-08-22 23:29:31.431906,PERLIS,PERLIS,PASAR AWAM SENA,Runcit,26,Sayur-Sayuran,02,010,TERUNG PANJANG / PEPARU (IMPORT),F.A.Q,Kilogram,7,7,
30878321,2026-08-22,2026-08-22 23:29:31.431906,PERLIS,PERLIS,PASAR AWAM SENA,Runcit,26,Sayur-Sayuran,02,010,TERUNG PANJANG / PEPARU (IMPORT),F.A.Q,Kilogram,7,7,
30878322,2026-08-22,2026-08-22 23:29:31.431906,PERLIS,PERLIS,PASAR AWAM SENA,Runcit,26,Sayur-Sayuran,02,010,TERUNG PANJANG / PEPARU (IMPORT),F.A.Q,Kilogram,7,7,
30878323,2026-08-22,2026-08-22 23:29:31.431906,PERLIS,PERLIS,PASAR AWAM SENA,Runcit,26,Sayur-Sayuran,02,010,TERUNG PANJANG / PEPARU (IMPORT),F.A.Q,Kilogram,7,7,
30878324,2026-08-22,2026-08-22 23:29:31.431906,PERLIS,PERLIS,PASAR AWAM SENA,Runcit,26,Sayur-Sayuran,02,010,TERUNG PANJANG / PEPARU (TANAH RENDAH),F.A.Q,Kilogram,7,7.1973686,
30878325,2026-08-22,2026-08-22 23:29:31.431906,PERLIS,PERLIS,PASAR AWAM SENA,Runcit,26,Sayur-Sayuran,02,010,TERUNG PANJANG / PEPARU (TANAH RENDAH),F.A.Q,Kilogram,7,7.1973686,
30878326,2026-08-22,2026-08-22 23:29:31.431906,PERLIS,PERLIS,PASAR AWAM SENA,Runcit,26,Sayur-Sayuran,02,010,TERUNG PANJANG / PEPARU (TANAH RENDAH),F.A.Q,Kilogram,7,7.1973686,
30878327,2026-08-22,2026-08-22 23:29:31.431906,PERLIS,PERLIS,PASAR AWAM SENA,Runcit,26,Sayur-Sayuran,02,010,TERUNG PANJANG / PEPARU (TANAH RENDAH),F.A.Q,Kilogram,7,7.1973686,
30878328,2026-08-22,2026-08-22 23:29:31.431906,PERLIS,PERLIS,PASAR AWAM SENA,Runcit,26,Sayur-Sayuran,02,010,TERUNG PANJANG / PEPARU (TANAH RENDAH),F.A.Q,Kilogram,7,7.1973686,
30878329,2026-08-22,2026-08-22 23:29:31.431906,PERLIS,PERLIS,PASAR AWAM SENA,Runcit,26,Sayur-Sayuran,02,011,TIMUN HIJAU,F.A.Q,Kilogram,4,4,
30878330,2026-08-22,2026-08-22 23:29:31.431906,PERLIS,PERLIS,PASAR AWAM SENA,Runcit,26,Sayur-Sayuran,02,011,TIMUN HIJAU,F.A.Q,Kilogram,4,4,
30878331,2026-08-22,2026-08-22 23:29:31.431906,PERLIS,PERLIS,PASAR AWAM SENA,Runcit,26,Sayur-Sayuran,02,011,TIMUN HIJAU,F.A.Q,Kilogram,4,4,
30878332,2026-08-22,2026-08-22 23:29:31.431906,PERLIS,PERLIS,PASAR AWAM SENA,Runcit,26,Sayur-Sayuran,02,011,TIMUN HIJAU,F.A.Q,Kilogram,4,4,
30878333,2026-08-22,2026-08-22 23:29:31.431906,PERLIS,PERLIS,PASAR AWAM SENA,Runcit,26,Sayur-Sayuran,02,011,TIMUN HIJAU,F.A.Q,Kilogram,4,4,
30878334,2026-08-22,2026-08-22 23:29:31.431906,PERLIS,PERLIS,PASAR AWAM SENA,Runcit,26,Sayur-Sayuran,02,011,TIMUN HIJAU (IMPORT),F.A.Q,Kilogram,4,4.785714,
30878335,2026-08-22,2026-08-22 23:29:31.431906,PERLIS,PERLIS,PASAR AWAM SENA,Runcit,26,Sayur-Sayuran,02,011,TIMUN HIJAU (IMPORT),F.A.Q,Kilogram,4,4.785714,
30878336,2026-08-22,2026-08-22 23:29:31.431906,PERLIS,PERLIS,PASAR AWAM SENA,Runcit,26,Sayur-Sayuran,02,011,TIMUN HIJAU (IMPORT),F.A.Q,Kilogram,4,4.785714,
30878337,2026-08-22,2026-08-22 23:29:31.431906,PERLIS,PERLIS,PASAR AWAM SENA,Runcit,26,Sayur-Sayuran,02,011,TIMUN HIJAU (IMPORT),F.A.Q,Kilogram,4,4.785714,
30878338,2026-08-22,2026-08-22 23:29:31.431906,PERLIS,PERLIS,PASAR AWAM SENA,Runcit,26,Sayur-Sayuran,02,011,TIMUN HIJAU (IMPORT),F.A.Q,Kilogram,4,4.785714,
30878339,2026-08-22,2026-08-22 23:29:31.431906,PERLIS,PERLIS,PASAR AWAM SENA,Runcit,26,Sayur-Sayuran,02,012,TOMATO (TANAH TINGGI),F.A.Q,Kilogram,10,9.75,
30878340,2026-08-22,2026-08-22 23:29:31.431906,PERLIS,PERLIS,PASAR AWAM SENA,Runcit,26,Sayur-Sayuran,02,012,TOMATO (TANAH TINGGI),F.A.Q,Kilogram,10,9.75,
30878341,2026-08-22,2026-08-22 23:29:31.431906,PERLIS,PERLIS,PASAR AWAM SENA,Runcit,26,Sayur-Sayuran,02,012,TOMATO (TANAH TINGGI),F.A.Q,Kilogram,10,9.75,
30878342,2026-08-22,2026-08-22 23:29:31.431906,PERLIS,PERLIS,PASAR AWAM SENA,Runcit,26,Sayur-Sayuran,02,012,TOMATO (TANAH TINGGI),F.A.Q,Kilogram,10,9.75,
30878343,2026-08-22,2026-08-22 23:29:31.431906,PERLIS,PERLIS,PASAR AWAM SENA,Runcit,26,Sayur-Sayuran,02,012,TOMATO (TANAH TINGGI),F.A.Q,Kilogram,10,9.75,
30878344,2026-08-22,2026-08-22 23:29:31.431906,PERLIS,PERLIS,PASAR AWAM SENA,Runcit,26,Sayur-Sayuran,02,012,TOMATO IMPORT,F.A.Q,Kilogram,7,7.105263,
30878345,2026-08-22,2026-08-22 23:29:31.431906,PERLIS,PERLIS,PASAR AWAM SENA,Runcit,26,Sayur-Sayuran,02,012,TOMATO IMPORT,F.A.Q,Kilogram,7,7.105263,
30878346,2026-08-22,2026-08-22 23:29:31.431906,PERLIS,PERLIS,PASAR AWAM SENA,Runcit,26,Sayur-Sayuran,02,012,TOMATO IMPORT,F.A.Q,Kilogram,7,7.105263,
30878347,2026-08-22,2026-08-22 23:29:31.431906,PERLIS,PERLIS,PASAR AWAM SENA,Runcit,26,Sayur-Sayuran,02,012,TOMATO IMPORT,F.A.Q,Kilogram,7,7.105263,
30878348,2026-08-22,2026-08-22 23:29:31.431906,PERLIS,PERLIS,PASAR AWAM SENA,Runcit,26,Sayur-Sayuran,02,012,TOMATO IMPORT,F.A.Q,Kilogram,7,7.105263,
30878541,2026-08-22,2026-08-23 10:40:50.979367,KEDAH,POKOK SENA,LADANG/KEBUN KAMPUNG JABI,Ladang,,Buah-Buahan,02,034,TEMBIKAI MERAH TANPA BIJI,F.A.Q,Kilogram,1.2,1.2,
30878542,2026-08-22,2026-08-23 10:41:28.500669,KEDAH,KOTA SETAR,[LOKASI KUTIPAN HARGA LADANG] BUKIT PINANG,Ladang,,Ternakan,01,003,AYAM HIDUP,F.A.Q,Kilogram,6,6,
30878543,2026-08-22,2026-08-23 10:41:54.380168,KEDAH,KOTA SETAR,PASAR BORONG ALOR SETAR,Borong,20,Ternakan,01,003,AYAM HIDUP,F.A.Q,Kilogram,6.8,6.8,
30878544,2026-08-22,2026-08-23 10:41:54.380168,KEDAH,KOTA SETAR,PASAR BORONG ALOR SETAR,Borong,20,Ternakan,03,002,AYAM PROSES STANDARD,F.A.Q,Kilogram,8.2,8.2,
30878545,2026-08-22,2026-08-23 10:42:19.464953,KEDAH,KOTA SETAR,PASAR BORONG ALOR SETAR,Borong,20,Buah-Buahan,02,005,BETIK SEKAKI,F.A.Q,Kilogram,3,3,
30878546,2026-08-22,2026-08-23 10:42:19.464953,KEDAH,KOTA SETAR,PASAR BORONG ALOR SETAR,Borong,20,Buah-Buahan,02,028,PISANG BERANGAN,F.A.Q,Kilogram,3.5,3.5,
30878547,2026-08-22,2026-08-23 10:42:19.464953,KEDAH,KOTA SETAR,PASAR BORONG ALOR SETAR,Borong,20,Buah-Buahan,02,028,PISANG MAS,F.A.Q,Kilogram,3.5,3.5,
30878548,2026-08-22,2026-08-23 10:42:19.464953,KEDAH,KOTA SETAR,PASAR BORONG ALOR SETAR,Borong,20,Buah-Buahan,02,034,TEMBIKAI MERAH TANPA BIJI,F.A.Q,Kilogram,2.5,2.5,
30878549,2026-08-22,2026-08-23 10:42:52.291102,KEDAH,KOTA SETAR,PASAR BORONG ALOR SETAR,Borong,20,Ternakan,11,001,TELUR AYAM,A,Biji,0.45,0.43,
30878550,2026-08-22,2026-08-23 10:42:52.291102,KEDAH,KOTA SETAR,PASAR BORONG ALOR SETAR,Borong,20,Ternakan,11,001,TELUR AYAM,B,Biji,0.43,0.408,
30878551,2026-08-22,2026-08-23 10:42:52.291102,KEDAH,KOTA SETAR,PASAR BORONG ALOR SETAR,Borong,20,Ternakan,11,001,TELUR AYAM,C,Biji,0.41,0.39,
30878552,2026-08-22,2026-08-23 10:45:12.8159,KEDAH,KOTA SETAR,PASAR BORONG ALOR SETAR,Borong,20,Sayur-Sayuran,05,001,BAWANG BESAR KUNING / HOLLAND,F.A.Q,Kilogram,3.5,3.5,
30878553,2026-08-22,2026-08-23 10:45:12.8159,KEDAH,KOTA SETAR,PASAR BORONG ALOR SETAR,Borong,20,Sayur-Sayuran,05,001,BAWANG BESAR MERAH (IMPORT),F.A.Q,Kilogram,2.2,2.2,
30878554,2026-08-22,2026-08-23 10:45:12.8159,KEDAH,KOTA SETAR,PASAR BORONG ALOR SETAR,Borong,20,Sayur-Sayuran,05,001,BAWANG BESAR MERAH (INDIA),F.A.Q,Kilogram,3.5,3.5,
30878555,2026-08-22,2026-08-23 10:45:12.8159,KEDAH,KOTA SETAR,PASAR BORONG ALOR SETAR,Borong,20,Sayur-Sayuran,05,001,BAWANG MERAH / KECIL (IMPORT),F.A.Q,Kilogram,3,3,
30878556,2026-08-22,2026-08-23 10:45:12.8159,KEDAH,KOTA SETAR,PASAR BORONG ALOR SETAR,Borong,20,Sayur-Sayuran,05,001,BAWANG MERAH / KECIL (INDIA),F.A.Q,Kilogram,5,4.8,
30878557,2026-08-22,2026-08-23 10:45:12.8159,KEDAH,KOTA SETAR,PASAR BORONG ALOR SETAR,Borong,20,Sayur-Sayuran,05,001,BAWANG MERAH / KECIL (THAI),F.A.Q,Kilogram,10,10,
30878558,2026-08-22,2026-08-23 10:45:12.8159,KEDAH,KOTA SETAR,PASAR BORONG ALOR SETAR,Borong,20,Sayur-Sayuran,05,001,BAWANG MERAH ROSE,F.A.Q,Kilogram,6,6,
30878559,2026-08-22,2026-08-23 10:45:12.8159,KEDAH,KOTA SETAR,PASAR BORONG ALOR SETAR,Borong,20,Sayur-Sayuran,05,001,BAWANG PUTIH (CHINA),F.A.Q,Kilogram,8,7.8,
30878560,2026-08-22,2026-08-23 10:45:12.8159,KEDAH,KOTA SETAR,PASAR BORONG ALOR SETAR,Borong,20,Sayur-Sayuran,03,001,BAYAM,F.A.Q,Kilogram,3.5,3.5,
30878561,2026-08-22,2026-08-23 10:45:12.8159,KEDAH,KOTA SETAR,PASAR BORONG ALOR SETAR,Borong,20,Sayur-Sayuran,02,002,CILI HIJAU (IMPORT),F.A.Q,Kilogram,11,11,
30878562,2026-08-22,2026-08-23 10:45:12.8159,KEDAH,KOTA SETAR,PASAR BORONG ALOR SETAR,Borong,20,Sayur-Sayuran,02,002,CILI MERAH KULAI / KULAI HIBRID,F.A.Q,Kilogram,13,15,
30878563,2026-08-22,2026-08-23 10:45:12.8159,KEDAH,KOTA SETAR,PASAR BORONG ALOR SETAR,Borong,20,Sayur-Sayuran,02,002,CILI MERAH MINYAK,F.A.Q,Kilogram,12,13,
30878564,2026-08-22,2026-08-23 10:45:12.8159,KEDAH,KOTA SETAR,PASAR BORONG ALOR SETAR,Borong,20,Sayur-Sayuran,03,009,DAUN BAWANG,F.A.Q,Kilogram,6,6,
30878565,2026-08-22,2026-08-23 10:45:12.8159,KEDAH,KOTA SETAR,PASAR BORONG ALOR SETAR,Borong,20,Sayur-Sayuran,03,015,DAUN SUP (TANAH TINGGI),F.A.Q,Kilogram,15,14.2,
30878566,2026-08-22,2026-08-23 10:45:12.8159,KEDAH,KOTA SETAR,PASAR BORONG ALOR SETAR,Borong,20,Sayur-Sayuran,04,002,KACANG BENDI,F.A.Q,Kilogram,5,5.8,
30878567,2026-08-22,2026-08-23 10:45:12.8159,KEDAH,KOTA SETAR,PASAR BORONG ALOR SETAR,Borong,20,Sayur-Sayuran,04,003,KACANG BUNCIS,F.A.Q,Kilogram,10,9.6,
30878568,2026-08-22,2026-08-23 10:45:12.8159,KEDAH,KOTA SETAR,PASAR BORONG ALOR SETAR,Borong,20,Sayur-Sayuran,04,007,KACANG PANJANG HIJAU,F.A.Q,Kilogram,4.5,4.9,
30878569,2026-08-22,2026-08-23 10:45:12.8159,KEDAH,KOTA SETAR,PASAR BORONG ALOR SETAR,Borong,20,Sayur-Sayuran,03,019,KANGKUNG,F.A.Q,Kilogram,3,3,
30878570,2026-08-22,2026-08-23 10:45:12.8159,KEDAH,KOTA SETAR,PASAR BORONG ALOR SETAR,Borong,20,Sayur-Sayuran,03,006,KUBIS BULAT (CHINA),F.A.Q,Kilogram,2,2,
30878571,2026-08-22,2026-08-23 10:45:12.8159,KEDAH,KOTA SETAR,PASAR BORONG ALOR SETAR,Borong,20,Sayur-Sayuran,03,006,KUBIS BULAT (INDONESIA),F.A.Q,Kilogram,2,2,
30878572,2026-08-22,2026-08-23 10:45:12.8159,KEDAH,KOTA SETAR,PASAR BORONG ALOR SETAR,Borong,20,Sayur-Sayuran,03,006,KUBIS BULAT (TANAH TINGGI),F.A.Q,Kilogram,2.5,2.5,
30878573,2026-08-22,2026-08-23 10:45:12.8159,KEDAH,KOTA SETAR,PASAR BORONG ALOR SETAR,Borong,20,Sayur-Sayuran,03,007,SAWI HIJAU,F.A.Q,Kilogram,4,3.9,
30878574,2026-08-22,2026-08-23 10:45:12.8159,KEDAH,KOTA SETAR,PASAR BORONG ALOR SETAR,Borong,20,Sayur-Sayuran,02,010,TERUNG PANJANG / PEPARU (TANAH RENDAH),F.A.Q,Kilogram,6,6,
30878575,2026-08-22,2026-08-23 10:45:12.8159,KEDAH,KOTA SETAR,PASAR BORONG ALOR SETAR,Borong,20,Sayur-Sayuran,02,011,TIMUN HIJAU,F.A.Q,Kilogram,1.5,2.4,
30878576,2026-08-22,2026-08-23 10:45:12.8159,KEDAH,KOTA SETAR,PASAR BORONG ALOR SETAR,Borong,20,Sayur-Sayuran,02,012,TOMATO (TANAH TINGGI),F.A.Q,Kilogram,6,6,
30878577,2026-08-22,2026-08-23 10:45:12.8159,KEDAH,KOTA SETAR,PASAR BORONG ALOR SETAR,Borong,20,Sayur-Sayuran,05,009,UBI KENTANG HOLLAND,F.A.Q,Kilogram,2.5,2.5,
30878579,2026-08-22,2026-08-23 10:45:55.180887,KEDAH,KOTA SETAR,PASAR BORONG ALOR SETAR,Borong,20,Tanaman Kontan,05,001,KELAPA DIKUPAS,SEDANG,Biji,2.1,2.1,
30878580,2026-08-22,2026-08-23 10:46:25.85538,KEDAH,KOTA SETAR,PASAR BORONG ALOR SETAR,Borong,20,Ternakan,02,003,DAGING LEMBU PEJAL,F.A.Q,Kilogram,28,29.2,
30878581,2026-08-22,2026-08-23 10:46:53.437602,KEDAH,KOTA SETAR,PASAR BESAR ALOR SETAR,Runcit,26,Buah-Buahan,02,005,BETIK SEKAKI,F.A.Q,Kilogram,5,5,
30878582,2026-08-22,2026-08-23 10:46:53.437602,KEDAH,KOTA SETAR,PASAR BESAR ALOR SETAR,Runcit,26,Buah-Buahan,02,028,PISANG BERANGAN,F.A.Q,Kilogram,6,6,
30878583,2026-08-22,2026-08-23 10:46:53.437602,KEDAH,KOTA SETAR,PASAR BESAR ALOR SETAR,Runcit,26,Buah-Buahan,02,028,PISANG MAS,F.A.Q,Kilogram,5.5,5.5,
30878584,2026-08-22,2026-08-23 10:46:53.437602,KEDAH,KOTA SETAR,PASAR BESAR ALOR SETAR,Runcit,26,Buah-Buahan,02,034,TEMBIKAI MERAH TANPA BIJI,F.A.Q,Kilogram,3.5,3.5,
30878585,2026-08-22,2026-08-23 10:47:09.748415,KEDAH,KOTA SETAR,PASAR BESAR ALOR SETAR,Runcit,26,Sayur-Sayuran,05,001,BAWANG BESAR MERAH (INDIA),F.A.Q,Kilogram,6,6,
30878586,2026-08-22,2026-08-23 10:47:09.748415,KEDAH,KOTA SETAR,PASAR BESAR ALOR SETAR,Runcit,26,Sayur-Sayuran,05,001,BAWANG MERAH / KECIL (INDIA),F.A.Q,Kilogram,8,8,
30878587,2026-08-22,2026-08-23 10:47:34.088601,KEDAH,KOTA SETAR,PASAR BESAR ALOR SETAR,Runcit,26,Sayur-Sayuran,05,001,BAWANG BESAR KUNING / HOLLAND,F.A.Q,Kilogram,4.5,5.07,
30878588,2026-08-22,2026-08-23 10:47:34.088601,KEDAH,KOTA SETAR,PASAR BESAR ALOR SETAR,Runcit,26,Sayur-Sayuran,05,001,BAWANG BESAR MERAH (IMPORT),F.A.Q,Kilogram,4,4.28,
30878589,2026-08-22,2026-08-23 10:47:34.088601,KEDAH,KOTA SETAR,PASAR BESAR ALOR SETAR,Runcit,26,Sayur-Sayuran,05,001,BAWANG MERAH / KECIL (IMPORT),F.A.Q,Kilogram,5,6.56,
30878590,2026-08-22,2026-08-23 10:47:34.088601,KEDAH,KOTA SETAR,PASAR BESAR ALOR SETAR,Runcit,26,Sayur-Sayuran,05,001,BAWANG MERAH / KECIL (THAI),F.A.Q,Kilogram,13,13.54,
30878591,2026-08-22,2026-08-23 10:47:34.088601,KEDAH,KOTA SETAR,PASAR BESAR ALOR SETAR,Runcit,26,Sayur-Sayuran,05,001,BAWANG PUTIH (CHINA),F.A.Q,Kilogram,10,8.52,
30878592,2026-08-22,2026-08-23 10:47:50.724159,KEDAH,KOTA SETAR,PASAR BESAR ALOR SETAR,Runcit,26,Ternakan,11,001,TELUR AYAM,A,Biji,0.48,0.45,
30878593,2026-08-22,2026-08-23 10:47:50.724159,KEDAH,KOTA SETAR,PASAR BESAR ALOR SETAR,Runcit,26,Ternakan,11,001,TELUR AYAM,B,Biji,0.45,0.43,
30878594,2026-08-22,2026-08-23 10:47:50.724159,KEDAH,KOTA SETAR,PASAR BESAR ALOR SETAR,Runcit,26,Ternakan,11,001,TELUR AYAM,C,Biji,0.43,0.41,
30878595,2026-08-22,2026-08-23 10:48:10.187112,KEDAH,KOTA SETAR,PASAR BESAR ALOR SETAR,Runcit,26,Ternakan,03,002,AYAM PROSES STANDARD,F.A.Q,Kilogram,9.5,9.5,
30878596,2026-08-22,2026-08-23 10:48:10.187112,KEDAH,KOTA SETAR,PASAR BESAR ALOR SETAR,Runcit,26,Ternakan,03,002,AYAM PROSES SUPER,F.A.Q,Kilogram,11,11,
30878597,2026-08-22,2026-08-23 10:49:31.356334,KEDAH,KOTA SETAR,PASAR BESAR ALOR SETAR,Runcit,26,Sayur-Sayuran,03,001,BAYAM,F.A.Q,Kilogram,5,5,
30878598,2026-08-22,2026-08-23 10:49:31.356334,KEDAH,KOTA SETAR,PASAR BESAR ALOR SETAR,Runcit,26,Sayur-Sayuran,02,002,CILI HIJAU (IMPORT),F.A.Q,Kilogram,13,13,
30878599,2026-08-22,2026-08-23 10:49:31.356334,KEDAH,KOTA SETAR,PASAR BESAR ALOR SETAR,Runcit,26,Sayur-Sayuran,02,002,CILI MERAH KULAI / KULAI HIBRID,F.A.Q,Kilogram,15,17,
30878600,2026-08-22,2026-08-23 10:49:31.356334,KEDAH,KOTA SETAR,PASAR BESAR ALOR SETAR,Runcit,26,Sayur-Sayuran,03,009,DAUN BAWANG,F.A.Q,Kilogram,8,8,
30878601,2026-08-22,2026-08-23 10:49:31.356334,KEDAH,KOTA SETAR,PASAR BESAR ALOR SETAR,Runcit,26,Sayur-Sayuran,03,015,DAUN SUP (TANAH TINGGI),F.A.Q,Kilogram,18,17.2,
30878602,2026-08-22,2026-08-23 10:49:31.356334,KEDAH,KOTA SETAR,PASAR BESAR ALOR SETAR,Runcit,26,Sayur-Sayuran,04,002,KACANG BENDI,F.A.Q,Kilogram,7,7.8,
30878603,2026-08-22,2026-08-23 10:49:31.356334,KEDAH,KOTA SETAR,PASAR BESAR ALOR SETAR,Runcit,26,Sayur-Sayuran,04,003,KACANG BUNCIS,F.A.Q,Kilogram,12,11.6,
30878604,2026-08-22,2026-08-23 10:49:31.356334,KEDAH,KOTA SETAR,PASAR BESAR ALOR SETAR,Runcit,26,Sayur-Sayuran,04,007,KACANG PANJANG HIJAU,F.A.Q,Kilogram,6,6.9,
30878605,2026-08-22,2026-08-23 10:49:31.356334,KEDAH,KOTA SETAR,PASAR BESAR ALOR SETAR,Runcit,26,Sayur-Sayuran,03,019,KANGKUNG,F.A.Q,Kilogram,4.5,4.5,
30878606,2026-08-22,2026-08-23 10:49:31.356334,KEDAH,KOTA SETAR,PASAR BESAR ALOR SETAR,Runcit,26,Sayur-Sayuran,03,006,KUBIS BULAT (CHINA),F.A.Q,Kilogram,3.5,3.5,
30878607,2026-08-22,2026-08-23 10:49:31.356334,KEDAH,KOTA SETAR,PASAR BESAR ALOR SETAR,Runcit,26,Sayur-Sayuran,03,006,KUBIS BULAT (TANAH TINGGI),F.A.Q,Kilogram,5,5,
30878608,2026-08-22,2026-08-23 10:49:31.356334,KEDAH,KOTA SETAR,PASAR BESAR ALOR SETAR,Runcit,26,Sayur-Sayuran,03,007,SAWI HIJAU,F.A.Q,Kilogram,6,6,
30878609,2026-08-22,2026-08-23 10:49:31.356334,KEDAH,KOTA SETAR,PASAR BESAR ALOR SETAR,Runcit,26,Sayur-Sayuran,02,010,TERUNG PANJANG / PEPARU (TANAH RENDAH),F.A.Q,Kilogram,7,8,
30878610,2026-08-22,2026-08-23 10:49:31.356334,KEDAH,KOTA SETAR,PASAR BESAR ALOR SETAR,Runcit,26,Sayur-Sayuran,02,011,TIMUN HIJAU,F.A.Q,Kilogram,2,3.3,
30878611,2026-08-22,2026-08-23 10:49:31.356334,KEDAH,KOTA SETAR,PASAR BESAR ALOR SETAR,Runcit,26,Sayur-Sayuran,02,012,TOMATO (TANAH TINGGI),F.A.Q,Kilogram,9,8,
30878612,2026-08-22,2026-08-23 10:49:31.356334,KEDAH,KOTA SETAR,PASAR BESAR ALOR SETAR,Runcit,26,Sayur-Sayuran,05,009,UBI KENTANG HOLLAND,F.A.Q,Kilogram,3.5,3.5,
30878613,2026-08-22,2026-08-23 10:49:49.436779,KEDAH,KOTA SETAR,PASAR BESAR ALOR SETAR,Runcit,26,Tanaman Kontan,05,001,KELAPA DIKUPAS,SEDANG,Biji,3,3,
30878614,2026-08-22,2026-08-23 10:50:08.986739,KEDAH,KOTA SETAR,PASAR BESAR ALOR SETAR,Runcit,26,Ternakan,02,003,DAGING LEMBU PEJAL,F.A.Q,Kilogram,32,34.8,
30878615,2026-08-22,2026-08-23 10:50:24.023801,KEDAH,KOTA SETAR,PASAR BESAR ALOR SETAR,Runcit,26,Lain-Lain Makanan Proses,15,001,SANTAN PEKAT,F.A.Q,Kilogram,15,15,
30878616,2026-08-22,2026-08-23 10:50:36.62389,KEDAH,KOTA SETAR,PASAR BESAR ALOR SETAR,Runcit,26,Sayur-Sayuran,05,001,BAWANG MERAH ROSE,F.A.Q,Kilogram,9,9,
30878617,2026-08-22,2026-08-23 10:50:57.455781,KEDAH,KOTA SETAR,PASAR BESAR ALOR SETAR,Runcit,26,Sayur-Sayuran,02,002,CILI MERAH MINYAK,F.A.Q,Kilogram,14,15,
30878618,2026-08-22,2026-08-23 10:50:57.455781,KEDAH,KOTA SETAR,PASAR BESAR ALOR SETAR,Runcit,26,Sayur-Sayuran,03,006,KUBIS BULAT (INDONESIA),F.A.Q,Kilogram,3.5,3.5,
